SI百分位点,A2A分,A1分,可测性,Top50排名,smiles
70.0,-11.47,-8.63,yellow,0,CC(C)=C(C)c1cc(C(C)O)cc2c3c(cnc12)CN(CC(=O)O)CCC3
62.7,-10.89,-8.63,yellow,0,CCC1CCOc2c1cc(CC(=O)O)c1c(=O)n(C3CCCCC3)c(=O)[nH]c21
61.3,-11.26,-8.8,yellow,0,Cc1ccc2c3c(c(CCO)cc2c1N1CCCC1)OC(C)(C)CC3
61.3,-11.01,-8.71,yellow,0,COc1cc(Cl)cc2c(C(N)=O)cc3c([nH]c(=O)n3C3CCCCC3)c12
57.1,-10.82,-8.73,green,0,Cc1cn2c(C(=O)O)cc(CC(=O)N3CCCC3)c2cc1C1=NCCC(=O)N1
57.0,-10.24,-8.2,green,0,CCc1c(CC)c(CC(N)=O)c2c(=O)n(C3CCCCC3)c(=O)[nH]c2c1C
56.4,-10.13,-8.06,yellow,0,CCc1c2n(c(-c3ccccc3)cc1=O)C(=O)N(CC(C)(C)C)C2
56.1,-11.23,-8.93,green,0,O=C(Cc1cc2ccsc2n(-c2ccc(O)cc2)c1=O)N1CCCNCC1
55.4,-10.05,-7.91,green,0,CCOc1c(CO)cc(C(=O)N2CCN(C)C(=O)C2)cc1-c1ccccc1
54.9,-11.19,-8.94,green,0,CNC(=O)C1(C)CCCC(n2cc3c4c(ccc(O)c4c2=O)N(C)C(=O)C3O)C1
53.1,-11.13,-8.97,green,0,CN1C(=O)N2C(=CC3CC(N4CCCCC4=O)CCC32)c2c1ncc(C(=O)O)c2O
52.8,-10.32,-8.46,yellow,0,CCN(CC(C)C)c1c(O)cc2cc(OC)c3c4c2c1CCC4=CC(=O)C3O
52.4,-11.01,-8.95,green,0,O=C(O)CC1CCc2c3c4c(n2C1=O)CCOC1CCC(CC=C3)C41
51.8,-10.74,-8.82,yellow,0,CCC1CC2CCCn3c(=O)n(C4CCCCC4)c4c(O)c(C(=O)O)c(c2c43)N1
51.8,-10.24,-8.41,yellow,0,CCCN1C=C(C)c2c(c(C(=O)O)cc3c(N4CCCC4)ccnc23)C1
51.5,-10.56,-8.71,green,0,O=C(O)c1cc2c3c(c1)n(C1CCCCC1)c(=O)n3CCCC2=O
51.3,-10.59,-8.74,green,0,COC1=CCc2c(C(=O)O)nc3c(C)c(OCCO)cc4c3c2C1=CC4
51.2,-10.64,-8.78,green,0,CN1Cc2cccc3c2-c2c(cn(CCCN4CCNCC4=O)c2CO3)C1=O
50.9,-10.17,-8.35,green,0,CC1CC(=O)C(c2cc(CCN3CCCCC3=O)cc(C(=O)O)c2O)C1
50.7,-10.22,-8.42,green,0,COc1cc(CC(N)=O)c2c(=O)n(C3CCCCC3)c(=O)n3c2c1CC3
49.9,-10.92,-8.98,green,0,Cn1c(=O)n(C2CCCCC2)c(=O)c2cc(N3C(=O)COC3=O)ccc21
49.4,-9.87,-7.88,green,0,CCOC(=O)C1Cc2c(ccc(CC(=O)O)c2O)-c2ccccc21
49.4,-10.19,-8.44,yellow,0,COc1cc2c(cc1N1CCCC1)C(C)=C1NC(C(=O)O)=CN=C1N2C
49.1,-10.48,-8.72,green,0,O=C(O)c1cccc(N2COc3cccc4c(C(=O)O)cnc2c34)c1
48.6,-9.84,-7.85,yellow,0,CC1=NC2=C(C(=O)CCO)CC=CN2C(=O)N1c1cc(C(=O)O)ccc1F
48.6,-11.3,-9.13,green,0,O=C(O)c1cnc2c(c1)c(N1C=CCCC1)nc(=O)n2C1CCCCC1
48.1,-11.37,-9.15,yellow,0,CC(C)=C(C)c1cc(OC(F)(F)F)cc2c3c(cnc12)CN(CC(=O)O)CCC3
47.7,-11.04,-9.08,yellow,0,O=c1[nH]c2c(-c3ccccc3)cc(CO)cc2n1C1CCCCC1
47.6,-10.54,-8.8,green,0,O=C(O)CN1Cc2cc3c(=O)n4c(cc3c(CCCO)c2C1)CCCC4
47.4,-10.4,-8.69,green,0,C=c1c(CCCC(=O)O)c2cc3c(cc2c(=O)n1C)=NCC=C3CC
47.2,-10.87,-9.03,yellow,0,COc1cc(C2CCCC(=O)N2)c2cc(Cc3ccns3)ccc2n1
47.2,-10.14,-8.45,green,0,Cc1cc2ccc(N3CCCC3)c3ccc(=O)n(c1=O)c23
46.6,-10.4,-8.71,green,0,COc1cc2c(cc1N1CCCC1)C(C)=C1NC(CC(=O)O)=CN=C1N2C
46.3,-11.13,-9.13,green,0,COC1=CCc2c(C(=O)O)nc3c(C)c(CN(C)C)cc4c3c2C1=CC4
46.2,-10.54,-8.83,green,0,CC(C)(C)Nc1cc2c3c4c(ccc(=O)n14)CCC3C(=O)CC2N
46.1,-11.22,-9.16,yellow,0,CCCc1cc2c(cc1OC)-n1ccc3c1C(=CC1CCC(C(=O)O)N1C3=O)C2C
45.9,-10.45,-8.77,yellow,0,CCc1cc2c(O)c(C)nc(-c3ccccc3)c2cc1C(=O)OC
45.8,-10.54,-8.84,green,0,CC1CCN(C(=O)NCc2cccc(C(=O)N3CCOCC3)c2)CC1
45.3,-10.86,-9.06,green,0,CN1CCC2CC(C(=O)O)C(O)=CC3=C2C1C=Cc1ccc(C(=O)O)cc13
45.3,-10.24,-8.61,green,0,Cc1ccc2c3c(c(CCO)cc2c1N1CCCC1)OC(=CCO)CO3
45.1,-11.23,-9.19,yellow,0,C=C(C)c1cc2c(O)c(C)nc(-c3ccc(O)cc3)c2cc1C(=O)OC
45.0,-10.86,-9.07,yellow,0,Cc1cc(O)cc(-n2cc(CN3CCCC3=O)c3ccc(CC(=O)O)cc32)c1
45.0,-10.37,-8.73,green,0,CCc1c(=O)n(C2CCCC(C)(C(=O)NC)C2)cc2c(O)cc(OC)cc12
44.9,-11.01,-9.13,yellow,0,COc1cc(C)c2c3c1C(=O)NCC3C=C(C(=O)N1CCCCC1)N2
44.9,-10.7,-8.99,yellow,0,CCC1C2=CCOc3ccc4c(c32)C(CCC(CN2CCCCC2=O)O4)C1O
44.8,-11.5,-9.26,green,0,COC1=CCc2c(C(=O)O)nc3c(C)c(C(=O)NCC(=O)O)cc4c3c2C1=CC4
44.8,-11.16,-9.17,green,0,CN1C2=NCC=C3C2=C(CCC3O)c2cc(N3CCCC3)c(O)cc21
44.7,-10.97,-9.12,green,0,Cn1c(=O)c2c3n(c1=O)C1CCC(N4CCCCC4=O)CC1CC3CC(O)C2
44.5,-11.1,-9.16,yellow,0,COc1cc2c(NC(=O)N3CCN4C(=O)CCCCC4C3)cccc2cc1C(C)=O
44.2,-10.89,-9.11,yellow,0,CCN(CC(C)C)c1c(O)cc2cc3c4c5c2c1CCC5CC(O)C4=CCO3
43.9,-10.47,-8.84,yellow,0,O=C(O)Cc1ccc2c(c1O)c(=O)c1c3n2C(=O)CC=C3C(=O)C(O)=C1
43.8,-10.16,-8.58,yellow,0,Cc1c(C(C)C)cc(CC(C)O)c2c(=O)n(C3CCCCC3)c(=O)[nH]c12
43.7,-9.97,-8.36,green,0,O=C(O)c1cc2c(C(=O)O)ccc3c2c2c1OCCC2C(=O)N3
43.5,-10.28,-8.69,yellow,0,Cc1c(C2C=CC=C2)nc2c3c(ccnc13)N(C(=O)C(C)(C)C)C=C2CO
43.2,-11.03,-9.17,green,0,CC=C1Cn2c(cn(CC(=O)O)c2=O)-c2cc(O)c(N3CCCCC3)cc21
42.9,-9.86,-8.21,green,0,CCOc1c2c3c(n(C4CCCC4)c(=O)[nH]c-3c(C)c1=O)CCC2
42.9,-10.83,-9.11,green,0,CNC(=O)CN1Cc2ccc(C(=O)N3CC4CC(O)CC4C3)cc2C2(CCCC2)C1
42.8,-10.07,-8.5,green,0,COc1cc2c3c(c1)c1cc(OC)c(O)cc1n3CCN(CC(=O)O)C2=O
42.7,-9.86,-8.22,green,0,COc1ccc(-n2c(=O)n(CCNC(C)=O)c(=O)c3ccccc32)c(C)n1
42.7,-10.09,-8.53,green,0,CNC(=O)C(C)(C)CCN1CC2=CC(O)C3C=CN=C3c3ccnc1c32
42.7,-11.22,-9.24,yellow,0,COC1=CC2=C3C(=Nc4c(CN5CC=CC6=C(CCN6C)C5=O)cccc4N3CC=C2)C1O
42.6,-11.4,-9.28,yellow,0,CCN(CC(C)C)c1c(O)cc2cc3c4c5c2c1CCC5CC(=O)C4=CCO3
42.6,-10.59,-8.97,yellow,0,COc1ccc(-c2cccc3c2CC(=O)C=C3)c(CN2CCCC2=O)c1
42.4,-10.29,-8.73,green,0,CN1CCn2c(=O)n(C3CCCCC3)c3cc(CO)c4nccc1c4c32
42.4,-11.26,-9.26,green,0,CC=C1Cn2c(cn(CC(=O)O)c2=O)-c2cc(O)c(N3COCCC3=O)cc21
42.4,-9.82,-8.17,yellow,0,CC(C)Oc1c2c(c3nccc(N4CCCCC4)c3c1O)CCCC2
42.2,-10.9,-9.15,yellow,0,CCc1cc(O)cc(-n2cc(CN3CCCC3=O)c3ccc(CC(=O)O)cc32)c1
42.1,-11.03,-9.2,green,0,CNC(=O)CN1Cc2ccc(C)c3c2C(C1)CC1(CCCC1)C3
42.1,-10.45,-8.87,green,0,CCC(=O)NCCN1C(=O)Cc2c1nc(C)c1cc(C(=O)O)cc(C(C)C)c21
42.0,-10.95,-9.17,green,0,CC1CCNc2c(c(=O)n(C)c3[nH]c(=O)n(C4CCCCC4)c(=O)c23)C1
42.0,-9.76,-8.06,green,0,CCc1cc2c3c(c1C(=O)O)CC(C(=O)O)C=C3CN(CCO)C2=O
41.9,-9.9,-8.32,yellow,0,CC(C)=C(C)c1nc(CC(C)CC(=O)O)c(C)c2cc(O)ccc12
41.8,-9.57,-7.59,yellow,0,CCCCn1c(CCC)c2c(c(C)c1=O)NC(=O)N(C1CCCCC1)C2
41.8,-10.22,-8.68,yellow,0,CC(C)(C)c1cccc2c1cc(CCO)n2C(=O)CCN1CCCCC1=O
41.7,-10.36,-8.81,green,0,COc1cnc2c(c1)c(N1CCOCC1)nc(=O)n2C1CCCCC1
41.6,-10.22,-8.69,yellow,0,CC1(C)CC(CO)Oc2cc3cc(N4CCCC4)c(O)cc3cc21
41.5,-9.92,-8.37,green,0,CCc1cc2cc(CCN3CCNCC3=O)ccc2cc1OC
41.4,-9.55,-7.52,green,0,CC1CCC(=O)NCCCCCN(CCO)CCCCC1C(=O)O
41.1,-11.13,-9.25,yellow,0,Cc1c(C(C)C)cc(CC(C)C)c2c(=O)n(C3CCCCC3)c(=O)[nH]c12
40.9,-9.71,-8.04,green,0,Cc1c2[nH]c(=O)n(C3CCCC3)c3c-2c(c(OCCO)c1=O)CCC3
40.6,-10.27,-8.76,green,0,CCc1ccc(C(=O)O)c2c1Nc1ccc3c(c1CC2)C(=O)N(CC(=O)O)C3
40.6,-9.57,-7.71,green,0,Cc1c(CC(C)CC(=O)O)nc(C(N)=O)c2ccc(O)cc12
40.4,-10.21,-8.71,yellow,0,CCC(O)c1cc(C(C)NC(=O)CC2CCCN(C)C2=O)cc(C(C)(C)C)c1
40.4,-9.68,-7.99,green,0,COc1ccc(-c2ccccc2F)c(CN2CCCC2=O)c1
40.4,-9.85,-8.29,yellow,0,CC1CCN2C=C(C(=O)N3CCCCC3)Nc3c(C(=O)O)cnc1c32
40.3,-10.95,-9.21,green,0,Cc1c2c(=O)n3c(c4c2c(c(=O)n1C(=O)CC(C)C(=O)O)CCC4)CCCC3
40.3,-9.88,-8.34,green,0,CCc1nc(OC)ccc1-n1c(=O)n(CCNC(C)=O)c(=O)c2ccccc21
40.2,-10.06,-8.57,green,0,COc1cc2c3c(ccc4c3c1CN(CC(=O)O)C4)C(O)C1CCCC21
40.2,-10.61,-9.04,green,0,CCc1c(CC(=O)O)c(O)c(C)c2ccc3c(c12)CC1CCC(C(=O)O)N1C3=O
40.1,-10.44,-8.91,green,0,COc1ccc2c3c1C(=O)CN3C(=O)CC2c1cccc(C(=O)O)c1
40.1,-9.87,-8.33,green,0,COc1cccc2c1c(CN(C)C(=O)CCO)cn2C(=O)c1ccccc1
40.1,-10.41,-8.89,yellow,0,Cc1oc2c(CC(=O)N(C)C)cc(Cc3ccccc3F)cc2c1C(=O)O
40.1,-11.1,-9.26,yellow,0,C=C(C)c1cc2c(O)c(C)nc(-c3ccccc3O)c2cc1C(=O)OC
40.0,-10.01,-8.53,green,0,CCC(=O)NCCN1C(=O)Cc2c1nc(C)c1cc(C(=O)O)cc(C(=O)OC)c21
40.0,-11.26,-9.31,yellow,0,COC1=CC2=C3CC(C(=O)O)CCC3C=C3C(=O)C(C(C)(C)C)=CC(=C1O)C32
39.8,-10.27,-8.79,yellow,0,CC=CC1=CN=C2C(=C(CC)c3cc(N4CCCC4)c(OC)cc3N2C)N1
39.6,-10.61,-9.05,green,0,Oc1c2c3c(c4nccc(N5CCCCC5)c14)CCN1CCOC(CCO2)C31
39.6,-9.99,-8.52,yellow,0,CCC1=C2NC(C(=O)O)=CN=C2N(C)c2cc(OC)c(N3CCCC3)cc21
39.6,-10.32,-8.83,green,0,COC1=Cc2c3n(c(=O)n(C)c2=O)C2CCC(N4CCCCC4=O)CC2=NC3C1
39.4,-10.14,-8.67,green,0,CCCc1ccc(OC)c2[nH]c(N3CCC(N4CCCCC4=O)C3)cc(=O)c12
39.4,-11.97,-9.43,yellow,29,CCc1c(O)c2c3c(ncc4c3c1CC(C)C4=O)N(C1CCCCC1)C(=O)C2
39.3,-10.78,-9.16,yellow,0,CCC1CCCn2c(=O)n(C3CCCCC3)c3cc(C(=O)O)cc1c32
39.3,-11.15,-9.29,yellow,0,CCOc1ccc2nc(CC(=O)N3CCCCC3)cc(NC3=C(C)C=CC3)c2c1
39.2,-10.33,-8.85,yellow,0,CCN(C(=O)CO)C1=CCn2c(c3c4c(cccc42)-c2ccccc2C(O)C3)C1
38.8,-10.48,-8.99,green,0,O=C(O)CN1Cc2ccc3c4c(c(C(=O)O)cc(c24)C1)OCC1CCOC31
38.7,-11.11,-9.29,yellow,0,CCN(C(C)=O)c1ccc2cc(OC(F)(F)F)c3c(c2c1)CCN(C)C3=O
38.7,-10.89,-9.23,yellow,0,CCC1=C2c3ccnc4c3C(=C(C)C(=O)C2CC1)CN4CCC(C)(C)C(=O)NC
38.6,-10.57,-9.05,yellow,0,CC1CCc2c(c(CN)cc3c(CCCC(=O)N4CCCCC4)cn(C)c23)O1
38.5,-10.58,-9.06,yellow,0,CCCc1cc(C)c(OC)c2[nH]c(N3CCC(N4CCCCC4=O)C3)cc(=O)c12
38.4,-10.56,-9.05,green,0,COC1Nc2c(cc(C)c3[nH]c(=O)n(C4CCCCC4)c(=O)c23)CC1=O
38.2,-9.91,-8.47,green,0,O=C1CCCN1Cc1cn(Cc2cncc(F)c2)c2ccccc12
38.2,-10.24,-8.8,yellow,0,CCOc1cc(OC)c2c(ccc3c2[nH]c(=O)n3C2CCCCC2)c1
38.2,-10.62,-9.1,yellow,0,O=C(O)c1cccc2c1ccc1c2[nH]c(=O)n1C1CCCCC1
38.2,-9.9,-8.46,green,0,COC1=CC2=C(OC)N(C)c3[nH]c(=O)n(C4CCCCC4)c(=O)c3C2C=C1
38.1,-10.44,-8.97,yellow,0,CCOC1=Cc2c(CO)cc3c4c2N(CCCn4c(=O)n3C2CCCCC2)C1
38.1,-10.47,-9.0,yellow,0,CCC1=CCC(Cc2ccc(CO)cc2Cc2ccn(C)c(=O)c2)C=C1
38.1,-11.36,-9.37,green,0,O=C(CCO)N1CCC2Cc3c4cc(O)cc5c4c(c(=O)n3CCC21)CCCC5
38.1,-10.11,-8.67,green,0,CCCc1cc(CC(=O)O)c2c(=O)n(C3CCCCC3)c(=O)[nH]c2c1C
38.0,-10.97,-9.27,yellow,0,CCc1cc2c3c(ccc2cc1Oc1ccccc1)CCCN(C(=O)CCN)C3
37.9,-11.16,-9.33,yellow,0,O=C(O)Cc1ccc(Oc2ccccc2)cc1C(=O)N1C=C(C2=CC=CCO2)CC1
37.9,-10.86,-9.23,yellow,0,Cc1nc2cc(CCN3CCCCC3=O)ccc2n(-c2ccccc2)c1=O
37.9,-10.17,-8.75,yellow,0,CC(O)C1=C2CC(C(=O)O)=Cc3c2n(c(=O)n3C2CCCCC2)CC1
37.9,-10.53,-9.04,green,0,NC(=O)C1CCN(Cc2cccc3cc(O)ccc23)CC1
37.6,-10.29,-8.86,green,0,COCC(=O)c1ccc2c(c1)c1ncnn1c(=O)n2C1CCCCC1
37.6,-9.8,-8.31,green,0,CC(O)c1cccc2c1cc(CN)n2C(=O)CCN1CCCCC1=O
37.4,-10.93,-9.27,yellow,0,O=C(O)C1CCOc2c1ccc1c2CC=C2N3C=CC=CC3=CC(=O)N21
37.4,-9.96,-8.56,yellow,0,CCCNC(=O)CN(C)c1ccc2c(c1)C1COC(=O)N1c1ccccc1-2
37.4,-10.12,-8.71,yellow,0,CCCOC(C)C1=C2CC(C(=O)O)=Cc3c2n(c(=O)n3C2CCCCC2)CC1
37.3,-10.18,-8.77,green,0,CC1COCc2cc3[nH]c(=O)n(C4CCCCC4)c(=O)c3cc2OC1
37.3,-10.66,-9.14,yellow,0,Cc1ccc2c3c1C=NCC3C(O)C=C2CC1CCC(C(=O)O)CC1
37.2,-9.45,-7.56,green,0,CCc1c(CCO)c(O)c(C)c2[nH]c(=O)n(C3CCCCC3)c(=O)c12
37.2,-9.94,-8.55,green,0,CCC1=COc2cc(O)cc3nc(CN(C)C(C)=O)cc1c23
37.2,-10.62,-9.12,green,0,COC1=NC2C=CN=CN2c2cc3cnc(CC(=O)N4CCCCCC4)c(=O)n3cc21
37.1,-10.21,-8.8,yellow,0,COC1=Cc2c(OC(F)(F)F)cc3c(c2CC1=O)CN(C(=O)CN(C)C)CC3
37.1,-9.85,-8.42,yellow,0,CCC(C)c1c(O)ccc2c1CC(=O)N1CC(C(=O)OC)=CC=C21
36.9,-10.24,-8.83,yellow,0,CCCNC(=O)c1cccc2c(C)cc(CCC(=O)NC(C)(C)C)cc12
36.8,-10.84,-9.25,green,0,CCNC(=O)CN1Cc2c(c(C(=O)O)c3ccc(OC)c4c3c2CCN4)CC1=O
36.8,-10.36,-8.94,yellow,0,CC=C(C)C1=C(CC)CC(O)c2cc(C(=O)N3CCCCC3C(=O)N(C)C)ccc21
36.6,-10.19,-8.8,yellow,0,Cc1c(C(C)C)cc(CCCO)c2c(=O)n(C3CCCCC3)c(=O)[nH]c12
36.6,-10.83,-9.25,green,0,CC1OC(=O)c2cccc3c2C1Cc1c(ccc2c1C(=O)N(CC(=O)O)C2)N3
36.5,-9.94,-8.57,green,0,Cc1cnc(-c2ccccc2NC(=O)CCN2CCCCC2=O)cc1O
36.5,-9.94,-8.57,green,0,CCNC1=CCN2CC3CC(N4CCCCC4=O)CCC3n3c2c1c(=O)n(C)c3=O
36.5,-12.01,-9.49,green,0,Nc1nc(=O)[nH]c2c1-c1ccc(CC(=O)N3CCCCCC3)c(=O)n1C1C=NC=C21
36.3,-11.37,-9.41,green,0,COC1=CC2=C(CN1)CN(C(=O)C1(C)CCCC1)c1ccccc12
36.3,-10.45,-9.03,yellow,0,CCc1cc2c(cc1O)C1CCC(CC(=O)N(C)C)CC1C=C2C(=O)O
36.2,-10.07,-8.68,green,0,O=C(O)c1cc2c3c(c1O)n(C1CCCCC1)c(=O)n3CCCC2O
36.2,-10.64,-9.15,green,0,CC(=O)Nc1nc(=O)n(C2CCCCC2)c2ccc(CC(=O)O)cc12
36.1,-10.32,-8.93,green,0,Cc1c(CC(C)CC(=O)O)nc2cccc3c2c1CC(O)=C3
36.1,-10.55,-9.1,yellow,0,CNC(=O)C(C)(C)CCN1c2nccc3c2C(=CC(C)=C2CCC(=O)C=C23)C1C
36.0,-9.92,-8.56,green,0,COc1cc2c3c(c(CN)n(-c4cccc(O)c4)c3c1)CCN(CC(=O)O)C2=O
36.0,-10.33,-8.94,green,0,CNC1=C(N2CCC(N3CCCCC3=O)C2)Nc2c(C)ccc(C(=O)O)c2C1
35.9,-10.07,-8.7,yellow,0,CCCc1ccc2c(c1)C(C(=O)O)=CC1CCC(C)(C)C(=O)N21
35.8,-10.66,-9.17,yellow,0,O=C(O)CCCn1c(=O)c2c3c4c(cccc41)C(=O)C1=C3C(C=C1)CCN2
35.8,-10.64,-9.16,green,0,CCc1c(=O)n(C2CCCC(C)(C(=O)NC)C2)cc2c(O)cc(C(=O)O)cc12
35.7,-9.55,-7.98,green,0,COc1ccc(-c2ccccc2CN)c(CN2CCCC2=O)c1
35.7,-9.84,-8.45,green,0,COc1cc(CO)c2c3c(ccc2c1)C(C)(C)C(C(=O)O)C3
35.7,-9.76,-8.32,yellow,0,CCCCc1c(O)c(C)c2[nH]c(=O)n(C3CCCCC3)c(=O)c2c1CC
35.7,-10.26,-8.88,green,0,COc1c(C)cc(C)c2c(=O)cc(N3CCC(N4CCCCC4=O)C3)[nH]c12
35.7,-10.26,-8.88,yellow,0,CCC1=C(C)N2C(=C(CO)c3nc(C(=O)N(CC)CC(=O)O)cc4cccc2c34)C1
35.7,-11.02,-9.34,yellow,0,CN(C)C(=O)CC1CCc2c(-c3ccccc3)c3cnccc3n2C1=O
35.7,-10.37,-8.98,green,0,CC(=O)N1C=C(C)c2c(c(C(=O)O)cc3c(N4CCCC4)ccnc23)C1
35.6,-9.77,-8.34,yellow,0,COc1c(C)cc2c3c1C(=O)C(O)=CC3CN(C(=O)CCC(=O)O)C2
35.6,-9.74,-8.3,green,0,CCCOc1c(C)cc2c3c1CC(O)=CC3CN(C(=O)CCC(=O)O)C2
35.6,-10.86,-9.28,yellow,0,CC=C(C)c1cc2c(O)c(C)nc(-c3cccnc3)c2cc1C(=O)OC
35.6,-11.06,-9.35,green,0,Cc1cc2c3c4c(c(=O)n(C(=O)C(C)(C)CO)cc14)CCC1CCC(C2=O)N31
35.4,-9.68,-8.24,green,0,CCc1cc2cc(O)ccc2n(C(=O)CC(C)C(=O)O)c1=O
35.4,-9.84,-8.46,green,0,COc1c2c(c3cc(O)ccc3c1C(=O)O)CCC1CN(CC(=O)O)CCN21
35.2,-10.61,-9.15,green,0,CC(CC(=O)N1CC23CC2C=Cc2cccc(c23)C1=O)C(=O)O
35.2,-9.62,-8.16,yellow,0,CCC1CC(C)c2c3c(cc(C(=O)O)c2O1)CCC(C)(CC(=O)O)C3
35.2,-10.1,-8.75,green,0,COc1c(OC)c2c(cc3n2CCN(CC(=O)O)C3)c2c(O)cc(C)cc12
35.1,-9.86,-8.5,green,0,CCn1c(=O)n(C2CCCCC2)c2ncc(C(=O)NC(C)=O)cc21
35.0,-9.82,-8.45,green,0,O=C(O)c1ccc(F)c(N2C(=O)N3CNC4=CCC=CC4=C3N=C2CCCO)c1
35.0,-11.4,-9.44,yellow,0,O=C(O)c1cc(-c2ccccc2)c2[nH]c(=O)n(C3CCCCC3)c2c1
34.8,-9.84,-8.48,green,0,CC1CCC2CCC(N3C=CCCC3=O)C3CC(N)C(CC1)C23
34.7,-10.66,-9.2,green,0,NCc1cc(O)cc(-n2cc(CN3CCCC3=O)c3ccc(CC(=O)O)cc32)c1
34.6,-10.42,-9.04,green,0,NC(=O)c1cc2c(c(-c3cccc(=O)o3)c1)CCCC2
34.6,-11.27,-9.43,yellow,0,CC=C(C)c1cc(O)c2cn(C3CCCC(C)(C(=O)NC)C3)c(=O)c(CC)c2c1
34.5,-9.98,-8.65,yellow,0,CC(C)(C)c1cc(O)cc2c1ccn2C(=O)CCN1CCCCC1=O
34.5,-10.47,-9.09,green,0,Cc1ccc(C(=O)O)c2c1NC(N1CCC(N3CCCCC3=O)C1)=C1NCCC12
34.5,-9.56,-8.09,green,0,COc1ccc2c(C(=O)O)ccc(CC(C)C(=O)O)c2c1
34.4,-12.12,-9.55,yellow,0,Cc1cc2c3c(c(CO)cc4c3n(c(=O)n4C3CCCCC3)CCC2)c1O
34.4,-10.99,-9.36,yellow,0,CC12CCCc3c(C(N)=O)c(O)c4c(c31)n(c(=O)n4C1CCCCC1)CCC2
34.3,-10.61,-9.17,yellow,0,CN(C)C(=O)CC1CCC(c2cc(O)c3cccc(C(=O)O)c3c2)CC1
34.2,-10.32,-8.98,yellow,0,COc1ccc2c(c1)c(=NC(=O)C1=CC=CC1)[nH]c(=O)n2C1CCCC1
34.2,-10.28,-8.94,yellow,0,COc1c(C)c2c(c3cc4n(c13)CCN(CC(=O)O)C4)C(=O)C(O)=C(C)C2
34.1,-12.12,-9.56,yellow,14,CC1CC2(C)CCc3c2c2c(cccc2c(=O)n3C(=O)CC(C)(C)C(=O)O)O1
34.1,-10.1,-8.78,green,0,Cc1ccc2c(CCCO)c3n(c(=O)c2c1O)CCC(CC(=O)O)C3
34.1,-11.11,-9.39,yellow,0,Cc1ccc2c3c(c(CCO)cc2c1N1CCCC1)OC1(CCCC1)CC3
34.1,-9.91,-8.6,green,0,CC1CCC2Cc3c(CN4CCCCC4=O)ccc(O)c3C(=O)N12
34.0,-11.45,-9.48,green,0,O=C1CCC2C=C(c3cccc(O)c3)Oc3ccccc3CN12
33.9,-10.46,-9.09,yellow,0,CCN(C(C)=O)c1ccc2cc(OC)c(-c3ccccc3O)cc2c1
33.9,-9.8,-8.45,green,0,CCN(C(=O)CO)C1=CCn2c(c3c4c(c(OC)ccc42)CC(=O)CC3)C1
33.9,-10.46,-9.09,yellow,0,CC1CCCCN1c1nc(C(=O)O)cc2c(N3CCCCC3)cccc12
33.9,-10.61,-9.18,green,0,CC(O)c1ccc2c(=O)[nH]c(=O)n(-c3cccc(C(=O)O)c3)c2c1
33.7,-10.47,-9.11,green,0,COc1cc2c3c(c1)c1cc(OC4CCOC4C)c(O)cc1n3CCN(CC(=O)O)C2=O
33.6,-9.92,-8.63,yellow,0,CN1CCCC(CC(=O)NC(C)(C)c2cc(CC(=O)O)cc(C(C)(C)C)c2)C1=O
33.5,-10.72,-9.26,green,0,O=C(O)c1cccc2c1Cc1cc(O)cc3c(CN4CCCC4=O)cn(c13)C2=O
33.5,-10.58,-9.17,yellow,0,CC(C)c1cc2c(C(=O)O)cnc3c2c(c1O)CC(=O)N3C1CCCCC1
33.5,-10.07,-8.76,green,0,CCC1CC(C)(C)Oc2c3c4c(ccc(O)c4c(=O)n21)OCC3
33.4,-10.94,-9.36,yellow,0,COc1c2c3c(c(C)cc(O)c3c3cc4n(c13)CCN(CC(=O)O)C4)CCC2
33.4,-11.23,-9.44,yellow,0,CCCc1cc(OC)c2c(c1)c(C(N)=O)cc1c2[nH]c(=O)n1C1CCCCC1
33.3,-10.38,-9.04,yellow,0,CCCc1ccc2c(c1)C(C(=O)O)=CC1=CCC(C)(C)C(=O)N12
33.2,-10.83,-9.32,yellow,0,CN1CC2(C)CCCn3c(=O)n(C4CCCCC4)c4c(O)cc(c2c43)C1=O
33.2,-9.71,-8.37,yellow,0,CCOc1cc2c(=O)n(C3CCCCC3)c(=O)[nH]c2cc1C(C)C
33.1,-9.6,-8.21,green,0,CC(C)NC(=O)c1cn(CC2CCCC(O)C2)c2c1CC(=O)N=C2
33.1,-10.63,-9.21,green,0,COc1cccc2c1CCc1c-2ccc2c1CCN(CC(=O)O)C2
33.1,-10.19,-8.89,yellow,0,COc1c(Oc2ccccc2)cc2c(=O)n(C3CCCCC3)c(=O)[nH]c2c1O
32.9,-10.67,-9.25,green,0,Cc1c(N2CCC(N3CCCCC3=O)C2)[nH]c2c(C(=O)O)ccc(C)c2c1=O
32.9,-9.41,-7.81,green,0,CCCc1c2c(c(C)c(=O)n1CCC(=O)O)NC(=O)N(C1CCCCC1)C2
32.8,-9.84,-8.55,green,0,CCCNc1nc(=O)n(C2CCCCC2)c2ccc(CC(=O)O)cc12
32.7,-10.37,-9.05,green,0,Cn1c2c3c4c1N(Cc1ccn(CCCO)c(=O)c1)CCC4C(=O)CCC3CCC2
32.7,-9.58,-8.2,green,0,COc1cc2c(C(=O)O)cc(CC(=O)N3CCCCC3)nc2cc1O
32.6,-10.76,-9.3,yellow,0,O=C(O)C1=CCC2=CC(=O)N3C(=CCc4c3ccc3c4OCCC3C(=O)O)N2C1
32.5,-9.69,-8.37,green,0,CCNCc1c(-c2cccc(C3CCC(NC(C)=O)CC3)c2)cnn1C
32.5,-9.41,-7.84,green,0,CCCC(=O)n1cc(CC(=O)O)c(=O)c2cc(CC(=O)O)ccc21
32.4,-11.67,-9.55,green,0,CC1OC(=O)c2cc3c4c(c2O1)C(=O)N(C)CCn4c(=O)n3C1CCCCC1
32.4,-9.87,-8.6,green,0,CC=C1CC(C)C(=O)n2c1cc(=O)c1c(O)c(CC(=O)O)ccc12
32.3,-10.2,-8.91,green,0,NC(=O)c1cc2c3c(c1)C(C1CCNC1)OC=C3CCC2
32.2,-10.3,-9.02,yellow,0,NC(=O)C1=Cc2c3n(c(=O)n2C2CCCCC2)CCC(C(=O)O)=C3C1
32.2,-9.65,-8.31,green,0,O=C(O)c1cccc(N2CC(C(=O)O)c3ccccc3C2=O)c1
32.1,-9.88,-8.62,green,0,CCNC(=O)CCc1nc2cccc3c2c(c1O)C(=O)N(C(C)=O)C3
32.0,-10.76,-9.31,green,0,CNC(=O)c1cc(C)c2cccc(NC(=O)CCN3CCCCC3=O)c2c1
31.9,-9.92,-8.66,green,0,CCC(=O)NCCN1C(=O)Cc2c1nc(C)c1cc(C(=O)O)cc(C(=O)O)c21
31.9,-10.1,-8.83,green,0,O=C(O)c1c(O)cc2c3c(cccc13)C(=O)N1CC(C(=O)O)CCC21
31.8,-10.25,-8.98,green,0,CC1=C(C)n2nc(CCN3CCCCCC3=O)c(C(N)=O)c2N2CCCCC12
31.8,-9.35,-7.69,green,0,CNC(=O)c1ccc(OC)c(Oc2ccc(C(=O)O)cc2)c1
31.8,-11.08,-9.43,yellow,0,CCCOC1=Cc2c3c(c(C)c4ccc(C)c(c24)C1)C(C(=O)O)CN3
31.8,-10.15,-8.89,green,0,COc1cc(C2CCCC(=O)N2)c2cc(CCC(=O)O)ccc2n1
31.8,-10.11,-8.84,green,0,CN(C)C(=O)CCC1=Cn2c(nc3c4c(ccc32)N(O)CC=C4)CC1
31.7,-10.39,-9.09,yellow,0,CN(C)C(=O)CC1CCC(c2cc(O)c3c(c2)C(C(=O)O)CCC3)CC1
31.7,-11.18,-9.46,yellow,0,CC1(C)CCCC2=C1Cc1cc(O)cc3c(CN4CCCC4=O)cn(c13)C2=O
31.7,-10.37,-9.08,yellow,0,COc1cc2cccc(NC(=O)CCN3CCCCC3=O)c2cc1C(C)=O
31.6,-9.79,-8.52,yellow,0,CCc1cc(CCN2CCCCCC2=O)c(CO)c2c1CCC=C(O)C2
31.5,-9.78,-8.51,green,0,CC(C)(O)c1cccc2c1cc(CCO)n2C(=O)CCN1CCCCC1=O
31.4,-9.99,-8.75,green,0,CCC(C)n1c(=O)ccc2c3c4c(cc21)C(O)NC(=O)N4CC(=O)N3
31.3,-10.87,-9.38,yellow,0,COc1cc2c3c(c1)=C1CC(C(=O)O)CCC1CC=3C(=O)C(C(C)(C)C)=C2
31.3,-9.73,-8.46,green,0,COC1N=C(N)c2c(CCN3CCCCCC3=O)nn(C(=O)C(C)C)c2N1
31.2,-10.47,-9.16,yellow,0,O=C(O)CCCn1c(=O)c2c3c4c(cccc41)C(=O)C=C3C(=O)CCN2
31.2,-10.47,-9.16,yellow,0,COc1ccc(-c2cccc3c2CCCC3)c(CN2CCCC2=O)c1
31.2,-10.75,-9.33,yellow,0,CCN(C(C)=O)c1ccc2cc(OC)c(-c3cc(C)c(O)cc3O)cc2c1
31.1,-9.95,-8.72,green,0,CCCc1cccc2c(CN3CCCC3=O)cc(CC(=O)O)cc12
31.1,-9.89,-8.65,green,0,CCCn1c2c(c(=O)c3c(O)cccc31)CN(C(=O)CC(C)(C)C(=O)O)C=C2
31.0,-10.13,-8.89,green,0,Cn1ccc(Cc2cc(CO)ccc2Cc2ccccc2)cc1=O
31.0,-9.25,-7.41,green,0,CC(=O)NCc1cc(C)ncc1-c1ccc(C(C)C(=O)O)cn1
31.0,-10.88,-9.39,green,0,Cc1cc2c3c4c1OCC(C)C=C4C(O)=CC3CN(C(=O)CCC(=O)O)C2
30.9,-10.41,-9.12,yellow,0,CC1C(=O)C(C)n2c(-c3cccc(C(=O)O)c3)cc3c2C1CCC3
30.9,-9.69,-8.43,yellow,0,Cc1c2c3c(cccc3c(=O)n1CCCC(=O)O)C=C(O)C2=O
30.7,-10.13,-8.9,yellow,0,Cc1ccc(C(=O)O)c2c1NC(C(=O)N1CCCCC1)=CC2
30.7,-9.67,-8.4,green,0,Cc1ccc(C(=O)O)cc1NC(=O)c1ccccc1C
30.6,-11.39,-9.53,yellow,0,O=C(O)C1=CCC2C(=O)c3ccccc3-c3cc(C(=O)O)cc1c32
30.6,-10.27,-9.03,green,0,CC1(C)CCC2c3nnccc3-c3cc(CC(=O)O)cnc3N2C1=O
30.5,-10.77,-9.35,yellow,0,CN(C)C(=O)CC1CCC2c3cc(O)c4c(c3CCC2C1)NCCC4
30.5,-10.23,-8.99,green,0,CC(C)(C)C(=O)N1CCc2cc3cccc4cc(=O)c(c2n34)C1=O
30.5,-10.14,-8.92,yellow,0,CC(=O)Nc1c(C)c(C(=O)N2CCCCC2)nc2ccc(OC(F)(F)F)cc12
30.4,-10.37,-9.11,yellow,0,Cc1cn(C)c(=O)c2ccc(C(=O)N(C)Cc3ccc(O)c(F)c3F)cc12
30.4,-11.55,-9.58,green,0,Cc1c2[nH]c(=O)n3c4c-2c(cc1=O)C(O)CC4CCC31CCCC1
30.4,-9.38,-7.88,yellow,0,CCc1sc2c(c1C(=O)O)C(=O)C=C(C1=C(CC(=O)O)CN=C1C)C2
30.3,-10.53,-9.21,green,0,Cn1c(=O)c(C2CCCC2)cc2c(=O)n(C3CCCCC3)c(=O)[nH]c21
30.3,-10.81,-9.37,yellow,0,COc1ccc(-c2cccc3ccccc23)c(CN2CCCC2=O)c1
30.3,-9.78,-8.55,green,0,CCCn1ccc2c(C)c(=O)n(C(=O)CC(C)C(=O)O)c(C)c2c1=O
30.3,-10.55,-9.23,green,0,CCCc1c(O)ccc2c(CN3CCCC3=O)c3c(cc12)CC(=O)N=C3
30.1,-9.99,-8.79,yellow,0,CCCC1COc2c(c(CCO)cc3c(N4CCCC4)c(C)ccc23)O1
30.1,-10.15,-8.94,green,0,CCC(=O)c1nc(=O)n2c3c1Nc1ccc(C(=O)N4CCCC4)cc1C3NCC2
30.0,-9.41,-7.99,green,0,CCOc1ccc(C(=O)NC)cc1Oc1ccc(C(=O)O)cc1
30.0,-10.43,-9.15,green,0,CC1CN(C)C(=O)c2cn(CC3CCCC(O)C3)c3c2C1CCC3
29.9,-9.67,-8.43,green,0,O=C(c1cccc(CN2C=CC(CO)C2)c1)N1CCCCC1CO
29.9,-10.99,-9.45,yellow,0,Cc1cc(OC2CCN(C(=O)N3CCOCC3C)C2)cc2c1CCC(C)(C)O2
29.8,-10.55,-9.24,yellow,0,CCCc1ccc2nc3c(c(CCO)c2c1)CN(C1CCCCC1)C(=O)N3
29.8,-9.6,-8.33,green,0,CC(C)(C)CC(=O)CNC(=O)c1cccc2c1OC1CC(O)CC1C2=O
29.8,-10.37,-9.12,green,0,NC(=O)C1CCN(Cc2cccc3ccc(O)cc23)CC1
29.5,-11.64,-9.62,yellow,0,O=C1OCCc2c1c1ccccc1c1ncn(CC3CCCC(C(=O)O)C3)c21
29.4,-10.62,-9.29,green,0,O=c1c2cc(OC(F)(F)F)cc3c2n(c(=O)n1C1CCCCC1)CC3
29.3,-11.02,-9.47,green,0,Cc1c2[nH]c(=O)n3c4c-2c(cc1=O)C(O)C=C4CCC31CCCC1
29.3,-10.67,-9.33,green,0,CNC(=O)CN1Cc2ccc(OC)c3c2C(Cc2c-3cc(C)c(O)c2OC)C1
29.2,-9.63,-8.4,yellow,0,Cc1cc2c(cc1C(=O)N(C)CCC(=O)N1CCCCC1)C(CCO)CC(C)O2
29.1,-10.98,-9.46,green,0,COc1c2c(c3c(=O)n(C4CCCCC4)c(=O)[nH]c3c1C)CCC(O)C2
29.1,-9.69,-8.49,green,0,CCCNC(=O)CN(C)c1ccc2c(c1)C1COC(OC)N1c1ccccc1-2
29.1,-10.3,-9.09,green,0,Cn1c(=O)n(C2CCCCC2)c(=O)c2cc(N3C=CSC3)ccc21
29.1,-10.01,-8.82,green,0,COc1ccc2c3c(cc(CO)c2c1)CN(C(C)=O)CC3
29.0,-10.24,-9.04,green,0,COc1c(C)cc2c3c(cc4c2c1OC(CO)C4)CCN(C(=O)CN(C)C)C3
29.0,-10.52,-9.24,yellow,0,COc1cc2c3c(c(CO)n4c3c1NC1=C(CC=C1)C4=O)CCN(CC(=O)O)C2=O
29.0,-10.64,-9.31,green,0,COc1ccc2c3c1NCc1c-3c(c(=O)n(F)c1C)CCN(C)C2=O
28.9,-9.7,-8.51,green,0,COc1cc(CCC(=O)O)cc2c(=O)n(C3CCCCC3)c(=O)[nH]c12
28.7,-10.1,-8.92,green,0,Cc1cccc(-c2cc(CC(=O)O)c3c(c2)OCC(C)O3)c1
28.6,-11.2,-9.53,yellow,0,CCc1cccc2c(O)cn(CC3CCN4C(=O)CCCCC4C3)c(=O)c12
28.5,-10.77,-9.39,yellow,0,Cc1ccc(-n2ccn3c(=O)n(C4CCCC(C(=O)O)C4)c4cc(F)cc-4c23)o1
28.5,-9.79,-8.61,green,0,COCc1cc(=O)c(C)c2[nH]c(=O)n3c(c1-2)CCCC31CCCC1
28.4,-9.76,-8.58,green,0,CC1Cc2ncnc3c2C(=CC2CC4CN(CC(=O)N(C)C)CCC4CN32)O1
28.4,-9.89,-8.73,green,0,CC1=C(C)n2nc(CCN3CCCCCC3=O)c(C(=O)O)c2N2CCCCC12
28.3,-9.4,-8.07,green,0,CCc1c(OCCO)cc2c3c1CN(C1CCCCC1)C(=O)N3CC2
28.2,-11.05,-9.5,yellow,0,CCCNC(=O)c1cccc2ccc(C3CCC(CC(=O)NC)CC3)cc12
28.2,-10.25,-9.07,yellow,0,CCN(CCC(=O)N1CC=C2OC=Cc3cc(OC)cc1c32)C(=O)c1ccc(O)cc1
28.2,-9.55,-8.32,green,0,CCCC(=O)N1CCN(c2cc(O)c(C(=O)N3CCC(C)C3)cc2CC)CC1
28.1,-10.7,-9.37,yellow,0,CC(=O)NCCc1ncc(C(=O)O)c2ccc(C=C3CCCC(C(=O)O)C3)cc12
28.0,-9.78,-8.61,green,0,COC(=O)C1c2c(C3=CCC=C3)ccc3c2N(CCN(CC(=O)O)C3=O)C1C
28.0,-10.93,-9.47,green,0,CNC(=O)CN1Cc2ccc3cc(O)c4c5c3c2C(CC5CC(O)C(=O)C4)C1
28.0,-11.43,-9.61,yellow,0,CCOc1cc2c3c4c(cccc14)N(CC1CCC(=O)N1)C(=O)N3CCC2(C)C
27.9,-9.8,-8.64,yellow,0,CCCc1cc(CC(C)O)c2c(=O)n(C3CCCCC3)c(=O)[nH]c2c1C
27.9,-9.66,-8.48,green,0,COc1cc2c(O)c(CC(=O)O)ccc2c2c1CCN(C)C2=O
27.9,-10.66,-9.35,yellow,0,CC(C)c1ccc2c(=O)n(C(=O)CC(C)(C)C(=O)O)c3c(c2n1)CCCC3
27.8,-9.59,-8.4,yellow,0,CCn1c(=O)n(C2CCCCC2)c(=O)c2c(OC)cc(C(C)(C)C)cc21
27.8,-10.15,-9.0,yellow,0,CCOc1cc2c3c(c1)N(C(=O)CCN(CC)C(=O)c1ccc(O)cc1)CC=C3OCC2
27.7,-10.05,-8.89,green,0,CCC(=O)NCCN1C(=O)Cc2c1nc(C)c1cc(C(=O)O)cc(CC)c21
27.7,-9.43,-8.16,green,0,CCc1cc2ccccc2c(=O)n1C(=O)CCC(=O)O
27.6,-11.16,-9.54,green,0,CC(C)(CC(=O)n1c2c(c3cccc(O)c3c1=O)C(C)(C)CC2)C(=O)O
27.6,-10.1,-8.95,green,0,CC(=O)N1c2cc(C3CCN(CC(=O)O)C3)ccc2Oc2c(O)cccc21
27.6,-11.29,-9.59,yellow,0,COC1=CCc2c(C(=O)O)nc3c4c(cc5c3c2C1CC5)C(C(=O)O)CCCC4
27.6,-9.82,-8.66,green,0,CCN1C(=O)C2CCCC2c2cc(C(=O)N3CCCC3)c(O)cc21
27.6,-9.86,-8.71,green,0,COc1cc2c(CO)cc3c(c2cc1OC)CCN(C(C)=O)C3
27.5,-11.61,-9.66,green,0,CC(=O)NC1CCc2c3c(cc(=O)n2C1)-c1ccccc1C(=O)C3
27.5,-10.81,-9.43,green,0,CN1C(=O)Cc2ccc(CCCC(=O)N3CCCCC3)c3cc(CN)cc1c23
27.5,-12.03,-9.72,yellow,19,CC1=CC2(C)CCc3c2c2c(cccc2c(=O)n3C(=O)CC(C)(C)C(=O)O)O1
27.4,-10.19,-9.04,yellow,0,COc1ccc2c3c1C(=O)C=CC3CN(C(=O)CC(C)(C)C(=O)O)C2
27.4,-10.51,-9.27,green,0,O=C(Cc1c(F)ccc2ccccc12)N1CCCCC1
27.3,-11.01,-9.51,yellow,0,O=C1N=Cc2c(C(=O)O)ccc3c2C1=CC1CC2CC(C(=O)NCCO)CCC2C31
27.3,-10.45,-9.23,green,0,Cc1ncc2c(=O)n(-c3c(F)cc(F)cc3F)c(=O)n3c2c1CC(C)(C)C3
27.3,-9.4,-8.12,yellow,0,CC(C)(C)c1ccc(NC(=O)C2=CCCNCC(O)C2)c(C(=O)O)c1
27.2,-10.84,-9.45,yellow,0,CC(CC(=O)n1c(=O)c(C(C)C)cc2c3c(ccc21)OCC(C(=O)O)=C3)C(=O)O
27.2,-9.54,-8.34,green,0,COc1ccc2c(c1)CN(CC(=O)O)c1ccccc1-2
27.2,-11.25,-9.59,yellow,0,Cc1cc2c3c(cc4c(cc5n4CCN(CC(=O)O)C5)c3c1)OCCC2
27.1,-10.33,-9.15,green,0,CNC(=O)CN1Cc2ccc(C(=O)N3CC4C=C(O)CC4C3)cc2C2(CCCC2)C1
27.1,-10.39,-9.19,green,0,CN(C)C(=O)CC1CCC2CC3CCC4CCC(C(C(=O)O)CC2C1O)C43
27.1,-9.97,-8.84,green,0,COc1cc(O)c2cc(C(=O)N3CCCCC3C(=O)N(C)C)ccc2c1
27.1,-9.74,-8.6,green,0,COC1=CCc2c(C(=O)O)nc3c(CC(=O)O)cccc3c2C1
27.1,-9.59,-8.43,green,0,CC(C)c1nc(NC(=O)C(C)(C)C)c2c(=O)[nH]c(N)nc2n1
27.0,-10.36,-9.17,green,0,Cc1c2c(c(CC(N)=O)c3c(=O)n(C4CCCCC4)c(=O)[nH]c13)CCCC2
27.0,-9.82,-8.68,yellow,0,CCCC(=O)Nc1nc(=O)n(C2CCCCC2)c2ccc(C(=O)O)cc12
26.9,-9.3,-7.92,green,0,CC1Oc2c(C(=O)NCC(=O)CC(C)(C)C)cccc2C(C)C1=O
26.9,-9.86,-8.73,green,0,O=C(O)c1cc(CCN2CCCCCC2=O)c2c(O)ccc(C(=O)O)c2c1
26.8,-9.58,-8.43,green,0,Cc1c2c3c(cccc3c(=O)n1CCCC(=O)O)C(C)C(O)C2
26.7,-9.22,-7.78,green,0,COC(=O)c1cccc(Cc2ccc(OC)cc2)c1
26.6,-10.7,-9.4,yellow,0,CC1=CC2=CC(=O)N(C3CCCN4C(=O)CCC4C3)CC2C=C1O
26.6,-10.08,-8.96,yellow,0,Cc1cc2cc3ncn(C(=O)NC4CCCCC4)c3cc2c(CCN)c1O
26.4,-10.23,-9.09,green,0,Cn1c(=O)n(C2CCCCC2)c(=O)c2cc(-n3ccnc3)ccc21
26.2,-9.52,-8.35,green,0,Cn1nc(C(=O)O)cc1-c1cccc(Oc2ccccc2C(=O)O)c1
26.2,-9.97,-8.87,green,0,COc1ccc(CC(=O)N2CCCC2)c2oc3ccc(CO)c-3cc12
26.2,-10.8,-9.45,green,0,CNC(=O)CC1CCC(c2ccc3cccc(C(=O)NCCO)c3c2)CC1
26.2,-10.12,-9.01,yellow,0,Cc1cc(CCC(=O)NC(C)(C)C)cc2c(C(=O)N(C)C)cccc12
26.1,-9.91,-8.81,green,0,Cc1ccncc1Cc1cnc2c(c1)CC(=O)N2Cc1[nH]ccc1C
26.1,-11.08,-9.55,yellow,0,O=C(O)Cc1cc2c(c3ccc(O)cc13)CN(C1CCCCC1)C(=O)N2
26.1,-9.93,-8.83,green,0,CCCOc1cc(C(N)=O)cc2cc(CCN3CCNCC3=O)ccc12
26.1,-9.58,-8.45,yellow,0,CC=CC1=C=C(C(=O)N(C)CCC)NC2=C1CCC=C2C(=O)O
26.0,-11.44,-9.66,yellow,0,CC(C)(C)C(=O)N1C=C(CO)c2nc3c(c4nccc1c24)CCc1ccc(O)cc1-3
25.9,-9.51,-8.34,yellow,0,CC1=CC(CC(=O)O)=CC2=C(C(=O)O)C(CCN3CCCCCC3=O)=NC12
25.9,-9.53,-8.38,green,0,COc1c2ccc(C)cc2c(C(=O)O)c2cc3n(c12)CCN(CC(=O)O)C3
25.9,-9.77,-8.65,green,0,COC1c2c(CN3CCC(C(N)=O)CC3)cccc2C(C)=CC1O
25.9,-9.97,-8.88,yellow,0,CCOC1CCCn2c(=O)n(C3CCCCC3)c3cc(C(=O)O)cc1c32
25.9,-10.87,-9.49,yellow,0,CCC1C=C2C(=Nc3c(CN(C)C(=O)C4=CN(C)C(=O)C4)cccc3N2C(C)=O)C(C)=C1O
25.8,-10.16,-9.05,green,0,CC1CN(C)c2cc(CC(=O)N3CCCCC3)nc3c2C1C=C(O)C3
25.8,-10.33,-9.18,green,0,CNC(=O)CC1CC2=COC(C)=C3c4nc5cc(C)cnc5n4CC(C1)C23
25.8,-10.33,-9.18,yellow,0,CCOC1=C2N=CC3=C2C2C(=C1O)C=Cc1c(C(C)CC)c(O)cc(c12)OC3
25.8,-9.82,-8.72,green,0,CC1(C)CCC2c3ncncc3-c3cc(CCO)cnc3N2C1=O
25.8,-10.62,-9.37,yellow,0,CCc1c2c(nc3ccc(C(=O)O)cc13)NC(=O)N(C1CCCCC1)C2
25.8,-10.38,-9.21,yellow,0,CCC1CCc2cn(C(=O)CC(C)(C)C(=O)O)c(=O)c3cccc1c23
25.7,-9.31,-8.03,green,0,Cc1c(CC(=O)O)c(=O)n(C(=O)C(C)C)c2ccc(CC(=O)O)cc12
25.7,-9.31,-8.03,green,0,COc1cc2[nH]c(=O)n(C3CCCCC3)c(=O)c2cc1NC(=O)CO
25.7,-9.57,-8.45,yellow,0,CCCc1c(OCC)nc2c(c1C)C=CCN2C(=O)CCN(CC)C(=O)c1ccc(O)cc1
25.7,-10.9,-9.51,green,0,O=C(c1cccc(CN2CCc3ccc(O)cc3C2)c1)N1CCCCC1CO
25.7,-10.5,-9.3,yellow,0,CCC=C1c2nc(-c3ccccc3)c(N)n2CC2CC(CC(=O)NC)CCC12
25.7,-10.41,-9.24,green,0,CNC(=O)c1nc(OC)cc2ccc(N(C)c3cccc(C(=O)O)c3)cc12
25.6,-10.75,-9.44,green,0,COc1ccc2c3c4c(c5c2c1CNC5)CC(CC(=O)O)C(=O)N4CCC3
25.6,-9.69,-8.6,green,0,Cc1cc2c3c(c(N)c(CCN4CCCCC4=O)n3CCCC2O)c1O
25.5,-10.11,-9.02,yellow,0,CCCc1c2ccccc2n2c(=O)n(CCCN3CCCCC3=O)ccc12
25.5,-11.61,-9.72,yellow,0,CC1CC2OCCC(c3ccc4cc(C(=O)N5CCOCC5)c(O)cc4c3)C2C1
25.4,-9.68,-8.59,yellow,0,CCc1cccn(CC(C)N2C(=O)C(C3CCCC3)c3ccccc32)c1=O
25.4,-9.4,-8.2,green,0,CCc1c(O)c(C(=O)N2CCCC2)cc2cc(OC)ncc12
25.4,-10.51,-9.31,yellow,0,CCCC(=O)N(C)C1CCC(NC(=O)c2cccc(Cc3cccc(O)c3)c2)CC1
25.4,-10.74,-9.44,green,0,COc1cc2c(NC(=O)N3CCN4C(=O)CC(O)CCC4C3)cccc2cc1C(=O)O
25.4,-11.22,-9.62,yellow,0,CNCCc1cc(C)ccc1-c1cccc(C(=O)NC2CCCCC2)c1
25.3,-9.5,-8.35,yellow,0,C=C(C)c1cc(CCO)c2c(n1)C=CN(C1(C)CCCCC1)C2
25.3,-10.64,-9.39,yellow,0,Cc1ccc2ccc3c(CN4CCCC4=O)cc(C(F)(F)F)cc3n12
25.3,-11.39,-9.66,green,0,CNC(=O)c1cc(OC)cc2ccc(N3CC(=O)N4CCCCC4C3)cc12
25.3,-11.77,-9.74,yellow,0,CC1=C2Nc3nc(N)ncc3C(=O)C2c2cc(C)c(C(=O)O)c3c2C1CCC3
25.3,-9.65,-8.56,yellow,0,CC(CO)c1c2cn(C3CCCC3)c(=O)[nH]c-2nc1-c1ccccc1
25.3,-11.26,-9.64,yellow,0,CC(O)c1cc(-c2ccccc2)c2[nH]c(=O)n(C3CCCCC3)c2c1
25.2,-9.52,-8.39,yellow,0,CCc1c(C)ccc2c1nc(CC)n2CCCN1CCCC(C)C1=O
25.2,-10.58,-9.36,green,0,O=C(O)CC1CCn2c(cc3c4c(ccc3c2=O)CCC(O)C4)C1
25.1,-10.21,-9.11,green,0,COc1cc2c3c(c1)c1cc(OC(C)C)c(O)cc1n3CCN(CC(=O)O)C2=O
25.1,-9.38,-8.18,green,0,CCn1c(=O)n(C2CCCCC2)c(=O)c2cc(C(=O)O)c(OC)cc21
25.1,-10.03,-8.95,yellow,0,CN1Cc2c(OC(F)F)ccc3c(CN4CCCC4=O)cn(c23)-c2ccccc21
25.0,-9.85,-8.77,green,0,COC(=O)c1ccc2cc(CN3CCCCC3=O)cc(CO)c2c1
25.0,-10.19,-9.1,green,0,COc1ccc(CCC(=O)O)c2c(=O)cc(N3CCC(N4CCCCC4=O)C3)[nH]c12
24.9,-10.47,-9.3,yellow,0,O=C1CCCN1Cc1cc(C(F)(F)F)cc2c1ccc1cccn12
24.9,-10.35,-9.21,green,0,Cc1ncc2c(=O)n(-c3c(F)cccc3F)c(=O)n3c2c1CC(C)(C)C3
24.9,-9.51,-8.38,yellow,0,CCC(CC1CCC(N2CCC(C)CC2=O)CC1)N1C=CC=C(O)C1
24.8,-10.0,-8.93,green,0,CCNC(=O)c1ccc2c3c(cc(C(=O)O)cc13)CN(CC(=O)O)C2
24.7,-9.98,-8.92,green,0,CN(C)C(=O)CN1Cc2cc(C(=O)O)cc3c(C(=O)O)ccc(c23)C1=O
24.7,-9.73,-8.65,green,0,CC1C(=O)N2C=C(CCN3CCCC3=O)C(O)=CC2N2CCCCC12
24.7,-10.24,-9.14,green,0,Cc1c(N2CCC(N3CCCCC3=O)C2)[nH]c2c(C(=O)O)ccc(O)c2c1=O
24.7,-10.31,-9.19,green,0,COc1cc2c3c(c1)c1cc(OC4C=NCC4)c(O)cc1n3CCN(CC(=O)O)C2=O
24.7,-10.26,-9.15,yellow,0,CCC1c2c(ccc3c2CC2CCC(C(=O)O)N2C3=O)-n2cccc2C1C#N
24.7,-10.49,-9.32,yellow,0,CC(C)CNC(=O)CN1CCc2cc3c(C(=O)O)cccc3c3c2C1CCC3
24.6,-9.46,-8.32,green,0,O=C(CC1CCC(N2CCCCC2=O)CC1)NC1CC2=CSC=CN2C1
24.6,-9.41,-8.26,green,0,Cc1c(NC(=O)C(C)O)cc(O)c2c(N3CCCCC3)ccnc12
24.5,-9.63,-8.56,yellow,0,Cc1c(C(=O)O)ccc2c1Oc1c(ccc(O)c1CC(C)C)C2O
24.5,-11.98,-9.79,yellow,0,CC(C)(C)C(=O)N1C=C(CO)c2nc3c(c4nccc1c24)CCCc1ccccc1-3
24.4,-9.24,-7.95,green,0,O=C(O)CN1CCc2c(cnc3c4c(nc(CO)c23)C(C(=O)O)CCC4)C1
24.4,-10.4,-9.26,green,0,COc1c(O)c2c3c(ncc4c3c1CC(O)C4)N(C1CCCCC1)C(=O)C2
24.4,-10.64,-9.41,yellow,0,CC1CCOc2ccc3c(CN4CCCC4=O)cc(CC(=O)O)cc3c21
24.3,-9.57,-8.5,green,0,CCc1cc(C(=O)O)cc2c1C(=O)Cc1cccc(OC)c1-2
24.3,-9.91,-8.86,green,0,Cc1cc(-c2cccc(C(=O)O)c2)n2cc(O)c(=O)n(C)c(=O)c12
24.2,-10.14,-9.08,green,0,Cc1c2c3c(c(=O)n(CCCN4CCCCC4=O)c(=O)n3c1C)=CCCCC2
24.2,-10.3,-9.2,green,0,CC(=O)NCc1c2c(nc3c(C)cccc13)CCN(C1CCOCCO1)C2
24.2,-10.35,-9.23,green,0,CCc1cnc(N2Cc3cccc4c3C(C2)C(C(=O)O)CC4=O)cc1C(=O)O
24.1,-10.64,-9.42,green,0,O=C(O)CCc1cccc(-n2c(=O)c(CC(=O)N3CCCNCC3)cc3ccsc32)c1
24.1,-10.21,-9.13,green,0,CC1Cc2cc(O)c(=O)c3cc(CC4CCCC(=O)N4)cn(c2-3)C1
24.1,-9.31,-8.12,yellow,0,CCOc1c2c(c3nccc(N4CCCCC4)c3c1O)CCN(CC)C2=O
24.0,-9.11,-7.69,green,0,CCc1cc(O)c2c(=O)n(C(=O)CC(C)(C)C(=O)O)cc(C(=O)O)c2n1
24.0,-9.44,-8.31,green,0,CN(c1ccccc1)c1ccc2c(c1)c(CO)c(O)c(=O)n2C
24.0,-10.19,-9.12,green,0,Cc1cc(=O)n(C)c2cc(CC3CCC(C(=O)O)CC3)cc(O)c12
24.0,-9.38,-8.23,green,0,CCCN1C2=C(CN(C(=O)CC(C)(C)C(=O)O)C=C2)C(O)c2c(O)cccc21
23.8,-9.73,-8.67,green,0,CCc1cc(C(=O)O)cc2c1C(=O)Cc1cc(O)cc(OC)c1-2
23.7,-10.35,-9.24,green,0,CC1=NC2CC=Cc3ncnc4c(CCN5CCCCC5=O)nc1c2c34
23.7,-9.53,-8.46,green,0,COc1ccc2cc3c(c(OCC(=O)O)c2c1)CCN(CC(=O)O)C3=O
23.7,-9.7,-8.65,green,0,COc1cc2c3c(c1)c(=O)n(C)c(=O)n3C1(CCCC1)CC2
23.7,-9.8,-8.75,green,0,CCNC(=O)Cc1cccc(C(=O)NCc2ccccc2C(N)=O)c1
23.6,-10.72,-9.47,yellow,0,CCC(C(=O)O)c1ccc2c(c1)C(=O)C1CCC(C)c3ccc(=O)n-2c31
23.6,-9.17,-7.87,green,0,CCOC1CCc2nc(CC(=O)N3CCCCC3)cc(C(=O)O)c2N1
23.6,-9.9,-8.87,yellow,0,CC(C)CN1CCc2cc3c(c(O)c2C1=O)OCc1cc2c(cc1O3)C(=O)CC(C)O2
23.6,-9.81,-8.76,green,0,CCCc1cc2c(cc1O)CN(C(=O)C1(C)CCCC1)C=C2CN
23.5,-10.21,-9.14,green,0,O=C(O)CC1CCc2c3c4c(n2C1=O)CCCC1C(=O)N=CC(CC=C3)C41
23.5,-9.31,-8.15,green,0,Cc1nc(N)c(CNc2ccccc2C(=O)O)cc1CC(C)C
23.5,-10.82,-9.52,yellow,0,CC1(C)CCc2ccc3c4c2C1CC(CN)=C4CC(CC(=O)O)C3
23.5,-9.94,-8.91,green,0,COc1c(C)c2cc(C)c(O)cc2c2nc3n(c12)CCN(CC(=O)O)C3
23.5,-9.76,-8.71,green,0,Cc1cc(OCc2c[nH]c3c2CCCNC3=O)ccc1CCCC(=O)O
23.5,-9.6,-8.56,green,0,CC1CC(=O)N(Cc2cccc(NC(=O)CCN3CCCCC3=O)c2)C1
23.4,-10.32,-9.23,green,0,Cc1cc(C(=O)O)c2[nH]c(N3CCC(N4CCCCC4=O)C3)c(C)c(=O)c2c1
23.4,-9.82,-8.79,green,0,Cn1c(=O)ccc2c(C(=O)O)cc(CC3CCC(C(=O)O)CC3)cc21
23.4,-8.99,-7.27,green,0,CCCn1c(CC)c2c(=O)nc(CC(C)(C)CC(=O)O)n3c2c1CCC3
23.4,-11.28,-9.69,yellow,0,CN1CCC2=C1CCCN(Cc1cccc3c1N=C1C4=C(C=CCN43)C=C(O)C1N)C2=O
23.4,-11.23,-9.67,yellow,0,CC(C)=Cc1cccc2c(CN3CCCC3=O)c3c(cc12)CC(=O)N=C3
23.4,-10.35,-9.25,green,0,COc1nc(-c2cccc(C(=O)NC3CCCCC3)c2)cc(O)c1O
23.4,-9.1,-7.74,yellow,0,CCCCN(C)Cc1ccn2c(=O)n(C3CCCCC3)c(CCC(N)=O)c2c1
23.3,-9.69,-8.65,green,0,COc1cc2c3c(c(CO)n(-c4cc(C)cc(C)c4)c3c1)CCN(CC(=O)O)C2=O
23.2,-9.28,-8.11,green,0,NC(=O)c1cc2c3c(c1)C(CCO)OC=C3CCC2
23.2,-10.93,-9.58,yellow,0,CCc1cc(O)cc2c1-c1cc(N3CCCC3)c(O)cc1C(=O)C2C
23.2,-9.12,-7.8,green,0,Cc1nc(N)c(CNc2ccccc2)cc1CC(C)C
23.1,-9.01,-7.46,green,0,O=C(O)CNC(=O)c1ccc(-c2ccsc2)cc1OCC(F)(F)F
23.1,-10.95,-9.59,yellow,0,CC=Cc1ccc(C)c2[nH]c(N3CCC(N4CCCCC4=O)C3)c(C)c(=O)c12
23.1,-9.27,-8.11,green,0,CNC(=O)c1cc(OC)cc2c(O)c(CC(=O)O)ccc12
23.1,-9.35,-8.22,green,0,CCCC(=O)N1CCCC(c2cc(CCN(CC)C(C)=O)ccc2O)C1
23.0,-10.26,-9.19,yellow,0,COc1cc2c(cc1N1CCCC1)C1=C3C(=NC=C4CCC(CC1)N43)N2C
22.9,-9.85,-8.82,green,0,CC1=NN(C)C(=O)C1COc1ccccc1-c1ccc(C(N)=O)c(O)c1
22.9,-9.16,-7.89,green,0,CCn1c(=O)n(C2CCCCC2)c(=O)c2c(OC)cc(C(C)(C)O)cc21
22.8,-9.28,-8.13,green,0,CCCc1c(C(=O)O)c(O)cn(CC2CCN3C(=O)CCCCC3C2)c1=O
22.8,-9.33,-8.19,green,0,CCC1CCCC1c1nc(CC(=O)O)c2cc(C)nc(C)c2n1
22.8,-9.55,-8.52,green,0,NC(=O)N=c1[nH]c(=O)n(C2CCCCC2)c2ccc(CC(=O)O)cc12
22.8,-9.21,-8.01,green,0,CCCCc1nc(CO)c2c3c(cnc2c1C)CN(CC(=O)O)CC3
22.8,-10.51,-9.37,green,0,COC1=NC2C=CC=CN2c2cc3cnc(CC(=O)N4CCCCCC4)c(=O)n3cc21
22.7,-10.43,-9.31,green,0,CCc1c(OCCO)cc(C)c2ccc3c(c12)CC1CCC(C(=O)O)N1C3=O
22.7,-9.89,-8.88,green,0,CNC(=O)CC1CCC2Cc3nc(-c4ccccc4)c(O)n3CC2C1
22.7,-9.5,-8.45,green,0,CC(CC(=O)n1c(=O)c(C(C)C)cc2c(C(=O)O)cccc21)C(=O)O
22.7,-9.99,-8.98,yellow,0,CC1CCCn2c(=O)n(C3CCCCC3)c3c(O)c(C(=O)O)cc1c32
22.6,-9.8,-8.78,green,0,O=C(O)CCC(=O)N1C(=O)c2cccc3c2C2C(CC3)CCC21
22.6,-11.15,-9.66,yellow,0,O=C(O)CC1Cc2cc3c4c5c2N(CCC5=CC(=O)C4CC(O)C3=O)C1=O
22.6,-9.21,-8.02,green,0,CN(C)C(=O)c1cc2c(n(C)c1=O)CC1CCC(C(=O)O)CC1(C)C2
22.5,-9.88,-8.87,green,0,NC(=O)c1cc2c(c(C3=CC=CCO3)c1)CCCC2
22.5,-10.52,-9.38,yellow,0,NCc1cc2c3c(ccc(CCCC(=O)N4CCCCC4)c3c1)CCC2CO
22.4,-9.22,-8.04,green,0,CN1CCc2cc(C(=O)O)cc(CN3CCCCC3=O)c2C1
22.4,-9.9,-8.9,green,0,CC1(CO)CCCC2Cc3cc4c(c5cc(CO)nc(c35)N21)OCCO4
22.4,-11.5,-9.78,green,0,O=C(O)c1cccc(N2CCC3=NC(=O)C4CCC5C(=O)c6ccc2c3c6N45)c1
22.4,-9.35,-8.25,green,0,CCOc1cc2c3c(nc(CO)cc3c1)N1C(CCCC1(C)CO)C2
22.3,-9.29,-8.17,green,0,CCNC(=O)Cc1cccc(C(=O)NCc2ccccc2CO)c1
22.2,-10.02,-9.02,green,0,O=C(O)CC1CCc2c3c4c(n2C1=O)CCOC1=NC(=O)CC(O)(CC=C3)C14
22.2,-9.38,-8.29,green,0,CCc1cc(CC(=O)O)cc2c(N)c(CCN3CCCCC3=O)n(C)c12
22.1,-9.85,-8.84,yellow,0,Cc1cc(CCC(=O)NC(C)(C)C)cc2c(C(=O)N(C)C)c(O)ccc12
22.1,-10.78,-9.53,yellow,0,CCC1N=C(C)N=C1c1ccc2c(N3CCCCC3)c(O)ccc2c1
21.9,-10.49,-9.38,green,0,CN1CC2CC(O)Oc3cc4c(O)c(CC(=O)O)ccc4c(c32)C1=O
21.9,-10.23,-9.19,green,0,COC(=O)c1cc(CCN2CCCCCC2=O)cc2cc(C)c(=O)[nH]c12
21.9,-10.35,-9.28,yellow,0,NCCC(=O)N1CCCc2ccc3cc(Oc4ccccc4O)c(CN)cc3c2C1
21.9,-9.05,-7.75,green,0,COc1c(O)ccc2c1cc(CN)n2C(=O)CCN1CCCCC1=O
21.9,-10.35,-9.28,green,0,CCC1CCc2cn(C(=O)CC(C)(C)C(=O)O)c(=O)c3c(O)ccc1c23
21.7,-9.56,-8.57,green,0,CN(Cc1cn(C(=O)c2ccccc2)c2ccc(F)cc12)C(=O)CCO
21.7,-10.47,-9.37,green,0,CNC(=O)CN1Cc2ccc(C(=O)N3CCC(CCO)C3)cc2C2(CCCC2)C1
21.7,-10.91,-9.61,yellow,0,O=C(O)CCCn1c(=O)c2c3c4c(cccc41)C(=O)C1=C3C(=C=C1)CCN2
21.6,-10.69,-9.5,yellow,0,COc1c(C(=O)O)cc2cccc3c2c1C=C1OC(N2CCCCC2=O)CC(=O)N13
21.6,-10.69,-9.5,yellow,0,CC1CC(C)(C)c2cc3cc(O)c(N4CCCC4)cc3cc2O1
21.6,-9.77,-8.77,green,0,O=C(O)c1ccc2ccccc2c1CCN1CCC(C(=O)O)CC1
21.6,-9.24,-8.12,green,0,CC1C=Cc2c(cc(Cc3ccn(CC(=O)O)c3)cc2C(=O)O)O1
21.6,-10.09,-9.09,green,0,CC1=Cc2cccc3nc(CC(C)CC(=O)O)c(CO)c(c23)C1
21.5,-10.61,-9.45,yellow,0,Cc1cc2c(CCCC(=O)N3CCCCC3)ccnc2c2c1ON=CC2
21.4,-10.12,-9.12,yellow,0,Cc1c(O)cc2c3c1Nc1cccc(OC(F)(F)F)c1N=C3C=CN2
21.4,-9.37,-8.3,green,0,O=C(O)c1cn(C(=O)C2CCCC2)nc1CCN1CCCCCC1=O
21.4,-9.82,-8.83,yellow,0,Nc1nc2c3c(n1)C(=O)C=CC3CC(C(=O)N1CCCCC1)N2
21.4,-10.14,-9.14,yellow,0,CCc1cc(OC)c2c3c(c(=O)n(CCC4CCCN4C(=O)CCO)cc13)CCCC2
21.4,-10.45,-9.36,yellow,0,CCCC(C)NC(=O)n1cnc2c(C)c3cc(CC)cc(C(=O)O)c3cc21
21.4,-10.14,-9.14,green,0,CCC1CCC(O)c2c(O)cn(CC3CCN4C(=O)CCCCC4C3)c(=O)c21
21.4,-9.79,-8.8,yellow,0,CCCCc1ccc2c(=O)n3c(c(CC)c2c1)CC(CC(=O)O)CC3
21.3,-9.49,-8.48,green,0,CCOc1cc2c(cc1C(C)C)C(=O)N1CC(C(=O)O)CCC1C2
21.3,-9.89,-8.92,green,0,CC1CCN(C(=O)N2Cc3c(cc4c(c3CN)CCCO4)C(C)C2)CC1
21.3,-11.1,-9.68,yellow,0,Cc1c(CCN2CCCCCC2=O)cc2c3c1c(=O)c(O)c(C)n3C(C)CC2
21.3,-11.44,-9.79,yellow,0,O=C(O)C1=CCC2Cc3ccccc3-c3cc(C(=O)O)cc1c32
21.3,-9.42,-8.39,yellow,0,CCOc1c(C)ccc2c1C=CN(C(=O)c1ccccc1)C2
21.3,-10.08,-9.09,green,0,COc1c(C)c2c(c3cc4n(c13)CCN(CC(=O)O)C4)CC(O)=CC2
21.3,-10.08,-9.09,yellow,0,CCC(=O)N1CCC(Cn2c(=O)n(-c3ccccc3)c3ccccc32)CC1
21.2,-8.95,-7.49,green,0,Cc1cc2c(CC(=O)O)nc(C3CCCC3CO)nc2c(C)n1
21.2,-8.99,-7.65,green,0,CC(C)(C)c1nc(CCO)c2c(n1)NC(=O)N(C1CCCCC1)C2
21.1,-9.93,-8.97,yellow,0,CCC(C)c1c(O)ccc2c1CCn1c-2ccc(C2=CC=CCO2)c1=O
21.0,-10.39,-9.33,green,0,CC1C=C2NCCn3c(=O)n(C4CCCCC4)c4cc(C(=O)O)c(c2c43)O1
21.0,-9.08,-7.85,yellow,0,CCC1CC(CCO)Oc2c(C(=O)NCC(=O)CC(C)(C)C)cccc21
20.9,-9.46,-8.46,green,0,CC1CC(=O)N(c2cccc(C3CCN(CC(=O)O)C3)c2)C1
20.9,-10.11,-9.12,yellow,0,COc1ccc2cc(CCN3CCCCCC3=O)cc(C(=O)O)c2c1
20.9,-10.29,-9.26,yellow,0,CCc1c2c3c(cccc3n(C(=O)CC(C)C(=O)O)c1=O)C(=O)C=C2
20.9,-10.17,-9.17,green,0,CNC(=O)c1cc2c(NC(=O)CCN3CCCCC3=O)cccc2c(O)c1C
20.9,-10.77,-9.55,yellow,0,CCc1cn(C)c(=O)c2ccc(C(=O)N(C)Cc3ccc(O)cc3F)cc12
20.9,-9.04,-7.8,green,0,CCCN1C(=O)C(C)n2c1c(CN)c(CCN1CCCCCC1=O)c(C)c2=O
20.9,-10.89,-9.62,green,0,CCCC1=CCN=c2c(C)cc3c4c(ccc3c2=C1)CCN(C(=O)CN(C)C)C4
20.9,-11.59,-9.84,yellow,0,CC1=Cc2c(C(=O)O)c(O)c3c4c2C(CCCn4c(=O)n3C2CCCCC2)C1
20.8,-9.29,-8.23,green,0,O=C1CCCN1Cc1cc(N2CCOCC2)cc(C(F)(F)F)c1
20.8,-9.67,-8.7,green,0,Cc1ccccc1C(=O)n1cc(CN(C)C(=O)CCO)c2cc(F)ccc21
20.8,-9.73,-8.76,green,0,CCc1ccc2c(=O)n(C(=O)CC(C)(C)C(=O)O)c3c(c2n1)CCC(N)=C3
20.8,-9.76,-8.79,green,0,Cc1ccccc1-c1nc(CC(=O)O)c2cc(C(=O)O)nc(C)c2n1
20.8,-10.4,-9.34,yellow,0,CCc1cc(O)cc2c1Cc1cc(O)cc3c(CN4CCCC4=O)cn(c13)C2=O
20.8,-9.65,-8.67,yellow,0,CC=Cc1cc(CNC(C)=O)c(-c2cc3ccccc3s2)cn1
20.8,-9.46,-8.47,green,0,CCn1c(=O)n(C2CCCCC2)c(=O)c2cc3c(cc21)CCN(C)C3
20.8,-10.85,-9.6,green,0,CC(=O)NCc1coc2c1c(=O)n1c3c(c(C)ccc23)CC(C(=O)O)C1
20.7,-9.48,-8.49,green,0,COc1ccc(O)c2c(=O)cc(N3CCC(N4CCCCC4=O)C3)[nH]c12
20.7,-10.22,-9.21,green,0,COc1c2c3c(ccc(O)c3c3cc4n(c13)CCN(CC(=O)O)C4)CCO2
20.7,-10.36,-9.31,green,0,Cn1c2c(c3c(c1=O)CC(O)C(O)C3)CN(C1(C)CCCCC1)C=C2
20.7,-9.43,-8.43,yellow,0,CCc1cc2c(cc1C(=O)O)CCN2C(=O)c1ccc(OC)c(C(=O)O)c1C
20.6,-11.71,-9.87,yellow,0,O=C1C=Cc2c3c(cc4c(O)ccc1c24)N1CC(C(=O)O)CCC1CC3
20.6,-9.4,-8.38,green,0,CCc1ccc(-c2cccc(N(C)CCC(=O)O)c2)cc1C(=O)O
20.6,-12.08,-9.92,yellow,0,CC1Cc2cccc(c2)C(=O)Nc2ccccc2CCCCNC1=O
20.6,-9.37,-8.33,yellow,0,CCCc1nc(CC)c2c3c(cnc2c1CCC)CN(CC(=O)O)CC3
20.6,-10.67,-9.51,yellow,0,CC(C)c1cc(OC(F)(F)F)cc2c3c(cnc12)CN(CC(=O)O)CCC3
20.5,-10.71,-9.53,green,0,CCC=Cc1c(=O)n2c(c3cc(O)c(OC)cc13)CCC(NC(C)=O)C2
20.5,-10.8,-9.58,yellow,0,CCc1cnc(N2Cc3cccc4c3C(C2)C(C(=O)O)CC4(C)C)cc1C(=O)O
20.5,-11.22,-9.74,yellow,0,COC1=CCc2c(C(=O)O)nc3c4c(cc5c3c2C1CC5)C(C(=O)O)=CCCC4
20.5,-10.16,-9.17,green,0,O=C(CCCc1ccnc2c3c(ccc12)OC(O)CC3)N1CCCCC1
20.4,-10.13,-9.15,green,0,COc1ccc(C(=O)O)c2c1Nc1ccc3c(c1CC2)C(=O)N(CC(=O)O)C3
20.4,-10.64,-9.49,yellow,0,CCCNC(=O)CN(C)c1ccc2c(c1)C1COC(C)C1c1ccccc1-2
20.4,-10.01,-9.05,green,0,COC(=O)Cc1cc(OC)c2c3c1c(=O)n(C1CCCCC1)c(=O)n3CC2
20.4,-9.25,-8.2,green,0,CCOC(=O)N1Cc2c(C)c(CN3CCCC3=O)cn2C(=O)C2CCCC21
20.3,-10.9,-9.64,yellow,0,Cc1nc(N)c(CCc2ccccc2)c2c1CC1(C)C=CC=C1O2
20.2,-10.02,-9.06,green,0,Cc1c2ccccc2n2c(=O)n(CCCN3CCCCC3=O)cc(C(=O)O)c12
20.2,-9.93,-8.99,green,0,CNC(=O)C1(C)CCCC(n2c(C)c3ccc(OC)cc3c(C(=O)O)c2=O)C1
20.2,-11.2,-9.74,yellow,0,Nc1nc2c(cc1Cc1cccc(C(=O)O)c1)N(c1ccccc1)CCC2=O
20.2,-10.66,-9.51,yellow,0,COc1c(C)c2c(c3cc4n(c13)CCN(CC(=O)O)C4)C(=O)C1=C(CCO1)C2
20.2,-10.72,-9.54,green,0,O=C(O)CCc1cc2c(=O)n(C3CCCCC3)c(=O)[nH]c2c2c1CCCO2
20.2,-9.4,-8.41,green,0,O=C(CCN1CCCCC1=O)Nc1cccc(CN2CC(CO)CC2=O)c1
20.1,-10.69,-9.53,yellow,0,C=C(C)c1cc2c(O)c(C)nc(-c3ccccc3)c2cc1C(=O)OC
20.1,-10.8,-9.59,yellow,0,CNC(=O)c1cc2c(NC(=O)CCN3CCCCC3=O)cccc2cc1CC(C)C
20.1,-9.5,-8.54,green,0,CCC1CC(C)Oc2c(CO)cc(C(=O)N3CCN(C)C(=O)C3)cc21
20.1,-10.54,-9.44,green,0,COc1cc(-n2ccc(O)cc2=O)cc2c1CN(CC(=O)Nc1ccccc1)CC2
20.1,-9.68,-8.73,green,0,O=C(O)CC1CCn2c(c(CCCO)c3cccc(O)c3c2=O)C1
20.1,-9.68,-8.73,green,0,COC(=O)c1cc2c(O)ccc(OCCN3CCCCC3=O)c2cc1OC
20.0,-10.29,-9.28,yellow,0,COC1=CC2=CC(=O)N(C3CCCN4C(=O)CCC4C3)CC2C=C1
20.0,-9.82,-8.87,green,0,CN(C)CCc1c(CCC2CCC(C(=O)O)CC2)cnc2oc(=O)ccc12
20.0,-9.87,-8.93,green,0,CC(=O)NCc1c2c(nc3cccc(C)c13)CCn1ccc(=O)cc1-2
20.0,-9.01,-7.8,green,0,O=C(O)c1ccc(F)c(CC(=O)N2CCCCC2)c1
20.0,-9.06,-7.88,yellow,0,COC1=CC2=C(C=C(C)C(=O)C2)N(C(=O)CCC(=O)O)C1
19.9,-10.51,-9.43,green,0,O=C(O)CN1CCc2c(cnc3c4c(nc(CO)c23)-c2cc(CO)ccc2CC4)C1
19.9,-11.13,-9.73,yellow,0,O=C(O)c1ccc2cccc(NC(=O)N3CCN4C(=O)CCCCC4C3)c2c1
19.9,-9.78,-8.82,green,0,CN1CCCN(c2ccc3c4c(c(O)ccc24)CC(C(=O)O)N3)CC1=O
19.9,-10.62,-9.49,yellow,0,COc1c2c(cc3c1CC=C1C=C(O)C=CN13)CCN(CC(=O)Nc1ccccc1)C2
19.9,-10.08,-9.12,green,0,O=C(O)c1cccc(C2CC(=O)N3CCC(CO)c4cc(O)cc2c43)c1
19.9,-10.0,-9.05,yellow,0,CCCC1=CC2=C(C(=O)O)C(CCN3CCCCCC3=O)=NC2C(C)=C1
19.9,-10.72,-9.55,yellow,0,CC(=O)N1C=C2C=CN(C)C=C2c2cc(O)c3c(N4CCCCC4)cccc3c21
19.8,-9.09,-7.94,green,0,CC1(C)C(O)Cc2ccc(C3CCCO3)c3c2N1CC3
19.8,-10.68,-9.53,green,0,CCCNC(=O)CN(C)c1ccc2c(c1)C1COC(=O)C1c1ccccc1-2
19.8,-9.76,-8.81,yellow,0,CC(C)(C)C1=Nc2nccc3c2C(NC(=O)N3C2CCCCC2)N1
19.7,-9.23,-8.19,green,0,COC(=O)CN1Cc2c(nc3ccccc3c2CNC(C)=O)C(C)C1
19.7,-9.8,-8.85,yellow,0,CCC1COc2cc(-c3cccc(C)c3)cc(CC(=O)O)c2O1
19.7,-9.35,-8.34,yellow,0,CCN(CC(C)C)c1cc2c(CCN)c3c(cc2cc1O)CCC(=O)N3
19.7,-9.56,-8.63,green,0,CCOc1cc(CC2CCC(C(=O)O)CC2)cc2c1CCC(=O)N2C
19.7,-9.01,-7.82,green,0,CC(C)C(=O)NCCn1cc(C(=O)O)c2c3n(c(=O)nc21)CCCC3
19.5,-9.45,-8.5,green,0,CC1=C2CC(C)n3nc(CCN4CCCCCC4=O)c(CN)c3N2CC(O)=C1
19.4,-9.02,-7.85,green,0,COc1cc2[nH]c(=O)n(C3CCCCC3)c(=O)c2cc1OCC(=O)O
19.4,-11.01,-9.7,yellow,0,COc1c2c3c(cc(C)cc3c3cc4n(c13)CCN(CC(=O)O)C4)CCC2
19.4,-10.08,-9.13,green,0,CN1CCC(c2cccc(C(=O)NC3CCCCC3)c2)CC1
19.4,-9.59,-8.65,yellow,0,CCC(CC(=O)O)c1cccc(CC(=O)NC2CCC(C)(C)C2C)c1
19.4,-9.18,-8.14,green,0,CC(=O)N(C)c1cc(CN2CCCC2=O)cc(C(F)(F)F)c1
19.3,-10.07,-9.12,green,0,CC(C)C(=O)n1cc(C(=O)O)c(=O)c2cc(C3(C(=O)O)CCCC3)ccc21
19.3,-8.94,-7.68,green,0,OCCOc1c2c(c3nccc(N4CCCCC4)c3c1O)CCCC2
19.3,-9.29,-8.28,yellow,0,Cc1c(O)ccc(C(C)O)c1Oc1cc(O)c2c(c1)CCN(CC(C)C)C2=O
19.3,-9.24,-8.22,yellow,0,CN(Cc1cn(Cc2ccccc2)c2ccc(Cl)cc12)C(=O)CCO
19.3,-10.78,-9.6,green,0,O=C(O)CCc1cc2c(=O)n(C3CCCCC3)c(=O)[nH]c2c2c1C=CCO2
19.3,-11.14,-9.74,yellow,0,CC1(C)CCc2ccc3c4c(c(CN)cc1c24)CC(CC(=O)O)C3
19.3,-9.61,-8.67,green,0,CC(C)C(=O)n1cc(C(=O)O)c(=O)c2cc(C(C)C(=O)O)ccc21
19.2,-10.25,-9.27,green,0,CNC(=O)CN1Cc2ccc3cc4c(cc3c2C(CO)C1)C(CC(=O)O)CCO4
19.2,-9.54,-8.61,yellow,0,CC(C)(C)c1cc(CCO)c2c(n1)C=CN(C1(C)CCCCC1)C2
19.2,-10.48,-9.43,green,0,CC1=Cc2nc(CCCC(=O)N(C)C)nc3c2C(=C2C=C(C)OC2C3)C1
19.2,-11.08,-9.73,yellow,0,CCc1cn2cc(N3CCCCC3=O)cc2c2c(C)cc(C(=O)O)cc12
19.2,-9.58,-8.65,yellow,0,Cc1ccc(C)c(NCc2cc(CC(C)C)c(C)nc2N)c1
19.2,-8.96,-7.77,yellow,0,CCc1cc(CC(=O)N(C)CCC2CCCC2)c(C)cc1C(=O)O
19.1,-10.62,-9.51,yellow,0,CC(C)(C)CC(=O)CNC(=O)c1cccc2c1Oc1cccc3c1C2CCO3
19.1,-9.92,-9.01,yellow,0,CC(=O)NCc1c2c(nc3c(C)cccc13)C(C)CC(C)(C)C2
19.1,-9.76,-8.82,green,0,Cc1c2c3c(n(CCCN4CCCC(C)C4=O)c1=O)CCOC3CCC2
19.1,-9.69,-8.77,yellow,0,CC=CC1=C2C=CC(C)C(=O)C2C(=CCC)C=C1NC(=O)CN1CCCCC1=O
19.1,-9.27,-8.27,green,0,COc1cc2[nH]c(=O)n(C3CCCCC3)c(=O)c2cc1OCC(C)O
19.0,-9.25,-8.26,green,0,CCn1c(C(=O)O)cc2c3c(ccc2c1=O)CN(CC(=O)O)CC3
19.0,-9.33,-8.33,green,0,CCCC1CC=Cc2c(c(CCO)n3c2CCC(CC(=O)O)C3=O)C1
19.0,-8.87,-7.46,yellow,0,CCC(C)n1c(=O)cc(OC)c2cc(OC(F)(F)F)ccc21
19.0,-10.37,-9.36,green,0,O=C(O)CCCn1c(=O)c2c3c4c(cccc41)C(=O)c1occ(c1-3)CCN2
18.9,-10.39,-9.37,green,0,CC1(C)CCCc2[nH]c3[nH]c(=O)n(C4CCCCC4)c(=O)c3c(=O)c21
18.9,-11.35,-9.83,green,0,O=C(O)Cc1ccc2c(c1)C(O)=C1C=C(O)C=C3C4CCCC4C(=O)N2C31
18.9,-10.78,-9.61,yellow,0,Cc1cccc(-n2c(=O)c(C)nc3cc(CCN4CCCCC4=O)ccc32)c1
18.9,-11.04,-9.73,yellow,0,Cc1c(CCN2CCCCCC2=O)cc2c3c1c(=O)c1occc1n3CCC2
18.9,-9.53,-8.61,green,0,CC(=O)CCCN(C)C(=O)c1ccc2c(n1)-c1ccc(F)cc1CCO2
18.9,-9.78,-8.85,green,0,CCNC(=O)CN1Cc2c(c(C(=O)O)c3cc(OC)cc4c3c2CCO4)CC1=O
18.9,-9.87,-8.96,yellow,0,CCC(C)NC(=O)CCc1cccc(-c2cccc(O)c2)c1
18.9,-10.76,-9.6,green,0,CC1CN(C)c2cc(CC(=O)N3CCCCC3)nc3ccc(O)c1c23
18.9,-9.82,-8.9,green,0,Cc1oc(=O)c(C)c2c1CC(CC(=O)N(C)C(=O)NCC1CCCC1)C2
18.9,-9.19,-8.17,green,0,COc1c(CN)cc2c(CCCC(=O)N3CCCCC3)cn(C)c2c1C
18.8,-11.19,-9.78,green,0,CC(=O)NC1CCc2c3c4c(cccc4c(=O)n2C1)N(C(C)=O)C=C3
18.8,-9.16,-8.14,green,0,CCOC1=CCc2nc(CC(=O)N3CCCCC3)cc(C(=O)OC)c2N1
18.8,-10.33,-9.34,green,0,CC1c2ccc3c(c2CN2C(=O)CCCC12)CCCN(CC(=O)O)C3
18.7,-9.5,-8.58,green,0,CN(C)CCc1c(CCC2CCC(C(=O)O)CC2)cnc2c1CCC(=O)O2
18.7,-9.06,-7.96,green,0,CC(C)(C)CN1Cc2c(CN)c(=O)c3c(n2C1=O)CCCC3
18.7,-10.73,-9.59,yellow,0,O=c1n2c3c4c(c(CO)cc3n1C1CCCCC1)C=CC1=COC(CC2)N14
18.7,-10.71,-9.58,green,0,CC(CC(=O)N1CC2(C)CC=Cc3cccc(c32)C1=O)C(=O)O
18.7,-9.77,-8.84,green,0,COc1cc(-n2cc(C)c(=O)[nH]c2=O)cc2c1CN(CC(=O)Nc1ccsc1)CC2
18.7,-9.42,-8.48,yellow,0,CC(C)Oc1ccc2c(NC(=O)C(C)(C)C)cccc2c1
18.6,-9.34,-8.37,green,0,CCCc1ccc2c(=O)n(CCNC(C)=O)c(=O)n(CC(C)C)c2c1
18.6,-10.41,-9.39,green,0,Cc1cc2c3c(c4n(c(=O)c3c1)CC(N(C)C(=O)CCN)CC4)CCC2C(=O)O
18.6,-9.16,-8.15,green,0,O=C(O)CNc1cccc2c(CCCc3ccccc3)nc(=O)[nH]c12
18.6,-10.31,-9.33,yellow,0,Cc1ccc(C(=O)O)c2cc(CCC3CCC(C(=O)O)CC3)ccc12
18.6,-9.83,-8.91,yellow,0,COc1cc(OC)c2c3c1CN(C(=O)CC(C)(C)C(=O)O)CC3C=CC2=O
18.5,-9.87,-8.97,green,0,O=C(O)Cn1cc2ccc(-c3ccccc3)cc2cc1=O
18.5,-10.32,-9.34,green,0,NCc1ccn(C2CCC3CN=C(c4ccc(O)cc4)CC3C2)c(=O)c1
18.4,-9.41,-8.48,yellow,0,COC(=O)c1cccc(Cc2cccc(OC(F)(F)F)c2)c1
18.4,-9.6,-8.7,green,0,CN1CC(CNC(=O)CCc2cnccc2Cc2cccc(CO)c2)CC1=O
18.4,-9.2,-8.2,yellow,0,CCCCC1CCc2c(cc(C(=O)O)cc2CN2CCCCC2=O)C1
18.4,-9.57,-8.66,green,0,Cc1cc(CC(=O)N2CCCC2)c2c(c1O)CCCO2
18.3,-9.71,-8.81,green,0,COC(=O)C1Cc2ccc(NCC(=O)O)cc2-c2ccccc21
18.3,-10.54,-9.48,yellow,0,CCc1ccc(O)c2c(O)cn(CC3CCN4C(=O)CCCCC4C3)c(=O)c12
18.2,-9.89,-9.0,green,0,CCc1c2ccccc2n2c(=O)n(CCCN3CCCCC3=O)ccc12
18.2,-9.34,-8.38,green,0,CCc1cc(C)c2ncn(CCCN3CCCCC3=O)c(=O)c2c1
18.2,-9.01,-7.91,green,0,CC(Oc1ccc2c(c1)C(CO)C(=O)N1CC(C)(C)CC21)C(=O)O
18.1,-10.43,-9.41,yellow,0,CCCC1=CC=C2Cn3c(ccc(CC(=O)N4CCCCCC4)c3=O)C(C(=O)O)=C2N1
18.1,-9.02,-7.93,green,0,Cn1cc(Cn2cc(CN3CCCC3=O)c3ccccc32)cn1
18.1,-9.02,-7.93,green,0,CC(C)(C)CN1Cc2c(CO)c(=O)c3c(n2C1=O)CCCC3
18.1,-10.87,-9.68,yellow,0,CCCNC(=O)CN(C)c1ccc2c(c1)C1CN=C3C=Cc4cc(C)cc-2c4N31
18.0,-9.53,-8.64,green,0,CC(C)Nc1nc(=O)n2c3c(cc(CC(=O)O)cc13)OC1CCCCC12
17.9,-10.69,-9.59,yellow,0,COC1=Cc2c(OC)c(C)c3[nH]c(=O)n(C4CCCCC4)c(=O)c3c2CC1
17.9,-10.24,-9.29,yellow,0,Cc1cc2c(cc1C(=O)N(C)CCC(=O)N1CCCCC1)C(C)CC(C)O2
17.9,-9.21,-8.24,green,0,CN(c1ccc(O)cc1)c1ccc2c(c1)c(CN)c(O)c(=O)n2C
17.8,-10.83,-9.66,green,0,Cc1c2c3c(c4c(=O)n(C5CCCCC5)c(=O)[nH]c14)CCC(O)C3=CCO2
17.8,-9.17,-8.19,green,0,CCCNC(=O)CN(C)c1ccc2c3c1ccc(=O)n3CN(C(C)OC)C(=O)C2
17.8,-9.13,-8.14,green,0,CCCN(C)C(=O)c1cccc2c(NC3CCCN(C)C3=O)ccnc12
17.8,-9.6,-8.71,green,0,CCCC(=O)N1CCCC(n2cc3cc(CC(C)C)c(=O)nc-3[nH]c2=O)C1
17.7,-9.51,-8.62,green,0,CC1CC(O)c2c(CN3CCC(C(N)=O)CC3)cccc2O1
17.7,-9.71,-8.82,yellow,0,CC(C)C1CCC(O)c2ccn(CC3CCN4C(=O)CCCCC4C3)c(=O)c21
17.6,-9.23,-8.27,green,0,CCCc1cc(C(C)=O)n2nc(CCN3CCCCC3=O)c(CO)c2c1
17.6,-9.32,-8.38,green,0,Cc1cc(CC(=O)N2CCCC2)c2c(c1O)C=CC(C(=O)O)O2
17.5,-11.25,-9.84,yellow,0,CCC1Cc2c(C)ccc3c4occ(CNC(C)=O)c4c(=O)n(c23)C1C
17.5,-10.39,-9.4,green,0,O=C(O)CC=C1Cc2ccc(NCC(=O)O)cc2-c2ccccc21
17.5,-10.39,-9.4,yellow,0,CC(C)CNC(=O)c1cc2n(c1)-c1cccc3c1C(C2)CN(C(C)C)C3=O
17.5,-9.0,-7.93,green,0,CNC(=O)c1cc(CC(=O)N(C)CCC2CCCC2)c(C)cc1C(=O)O
17.5,-10.01,-9.12,green,0,CC(C)n1ccc(=O)c2nc(N)c(Cc3cccc(C(=O)O)c3)cc21
17.5,-10.11,-9.2,green,0,CCn1c(=O)n(C2CCCCC2)c(=O)c2c3c(c(OC)cc21)CCC3
17.5,-11.47,-9.91,yellow,0,O=C(O)c1cccc(N2CCC3=NC(=O)C4CCc5c(O)c6ccc2c3c6n54)c1
17.5,-11.98,-10.02,yellow,0,CCNC(=O)CC1(O)CCC2CCc3c(cc4c5c3C=C(C)CC5CCCC4)N2C1=O
17.4,-9.88,-9.01,yellow,0,CC=CC1=CN=C2C(=C(C)c3cc(N4CCCC4)c(OC)cc3N2C)N1
17.3,-9.56,-8.68,green,0,O=C(c1cccc(CCO)c1)N1CCN2C(=O)CCCC2C1
17.3,-11.23,-9.84,green,0,O=C1CNc2c1cnc1ccc3c(c21)CN(C1CCCCC1)C3=O
17.3,-10.46,-9.45,yellow,0,CC=C(C)c1ccc(O)c2c(CCN3CCCCCC3=O)cc(C(=O)O)cc12
17.3,-9.1,-8.12,green,0,CCc1cc2cc(OC)ccc2c(=O)n1C(=O)CCC(=O)O
17.3,-10.48,-9.47,yellow,0,CC1CN(Cc2cccc(C(=O)N3CCCCC3CO)c2)C(=O)N2CCCCC12
17.3,-8.84,-7.6,green,0,CC(C)C(=O)n1cc(CC(=O)O)c(=O)c2cc(CC(=O)O)ccc21
17.3,-9.39,-8.49,green,0,CC(C)(CC(=O)N1Cc2c(O)ccnc2C2=C1CCC2)C(=O)O
17.3,-9.92,-9.05,yellow,0,C=C(C)C1=C2CC(C(=O)O)=Cc3c2n(c(=O)n3C2CCCCC2)CC1
17.2,-9.18,-8.23,green,0,CC(C(=O)O)N(C)c1cc2c3c(cccc3c1)OCC2O
17.2,-10.5,-9.48,green,0,COC1=CC2=C(CN1CCO)CN(C(=O)C1(C)CCCC1)c1ccccc12
17.2,-8.99,-7.94,green,0,Cc1ccc2c(O)c(O)c(CCN3CCCC3=O)cn2c1=O
17.1,-9.36,-8.45,yellow,0,O=C1CCCN1Cc1cc(N2CCCCC2)cc(C(F)(F)F)c1
17.1,-9.44,-8.56,green,0,O=C(O)CN1Cc2cc(CO)ccc2-c2ccccc21
17.1,-9.44,-8.56,green,0,CCCC1CC(C)(C)Oc2cc3cc(C(=O)O)cc(CO)c3c(=O)n21
17.1,-9.43,-8.55,green,0,CCNC(=O)Cc1cccc(C(=O)NCc2ccccc2C(=O)O)c1
17.1,-10.91,-9.73,yellow,0,O=C(O)c1cccc(N2CCc3cc(O)c4c5c(ccc2c35)OCC4)c1
17.1,-10.13,-9.23,green,0,CNC(=O)CN1Cc2ccc(CN3C=CC=CC3)cc2C2(CCCC2)C1
17.0,-10.15,-9.25,yellow,0,CC(O)C1=Cc2c(OC(F)(F)F)cc3c(c2CC1=O)CN(C(=O)CN(C)C)CC3
17.0,-11.56,-9.95,green,0,CC(=O)NC1CCc2cc3c(Nc4cccc(O)c4)cccc3c(=O)n2C1
17.0,-10.44,-9.44,yellow,0,CCC1CCc2c(OC)cc(C)c3c2C1C=C(C(=O)N1CCCCC1)N3
17.0,-10.28,-9.34,green,0,COc1cc2c3c(cc(O)cc3c1-c1ccccc1)N(CCNC(=O)CO)CC2=O
17.0,-9.72,-8.84,yellow,0,CC=Cc1cc2c(CC(=O)O)nc(-c3cc(C)ccc3OC)nc2c(C)n1
16.9,-9.14,-8.19,green,0,CCCc1c(CC(=O)O)nc(CC)c2c3c(cnc12)CN(CC(=O)O)CC3
16.9,-10.3,-9.36,yellow,0,O=C(O)CCc1cccc2oc(C(O)CC3CCCC(N4CCCCC4=O)C3)cc12
16.9,-11.43,-9.91,yellow,0,CC1CC2=C3C(=CCc4c3n1c(=O)c1ccc(C(C)(C)NCC(=O)O)cc41)OC=C2
16.9,-10.04,-9.15,green,0,CN1CCCN(CCC(=O)Nc2cccc(-c3cccc(=O)[nH]3)c2)C1=O
16.9,-10.04,-9.15,yellow,0,CCc1cc2c3c(n1)C(=O)NCC3C=C(C(=O)N1CCCCC1)N2
16.8,-10.6,-9.54,green,0,O=C1NCC2CCCCc3cc(C(=O)N4CCCC4)cc1c32
16.8,-11.75,-10.01,green,0,Cc1c2c3c(c4c(=O)n(C5CCCCC5)c(=O)[nH]c14)CCC(O)C3CCO2
16.8,-10.64,-9.58,yellow,0,CC1(C)CC(CC(=O)O)n2c(c3c4c(ccc(O)c4c2=O)C(=O)C=C3)O1
16.7,-9.84,-8.98,yellow,0,O=C1C=C(c2cn(C(=O)N3CCCC3)c3ccccc23)C(O)CC1
16.7,-9.04,-8.06,green,0,COc1cc(C(C)C)n2nc(CCN3CCCCC3=O)c(CO)c2c1
16.7,-9.22,-8.29,green,0,CCOc1c(C)ccc2c1CCN(C(=O)c1ccccc1)C2
16.7,-9.23,-8.3,green,0,O=C(O)CC1CCC2=Cc3ncc4c(c3CN2C1=O)OCCC4=O
16.6,-9.83,-8.97,green,0,O=C(O)Cc1ccn(Cc2cccc(C(=O)N3CCCCC3CO)c2)c1
16.5,-8.78,-7.6,yellow,0,Cc1oc(C2=CC=CC(C(C)(C)C)C2)c(C(=O)O)c1C(=O)O
16.5,-9.7,-8.84,green,0,CC(C)(C)C(=O)NCCC1CC(=O)N2c3cccc(C(=O)O)c3CC(O)C2C1
16.5,-10.31,-9.37,yellow,0,CCc1c(O)c(C(=O)N2CCC(C)CC2)c2c(c1CNC(=O)C1=CCC=C1)CCCO2
16.4,-10.49,-9.49,yellow,0,O=C(O)CN1CCc2cc3cc(OCc4ccccc4)ccc3cc2C1=O
16.4,-11.34,-9.9,yellow,0,COC(=O)c1cc2c3c(c4c(cc3c1)C1(C)CCC(C(=O)O)C1C4)OCC2(C)C
16.4,-8.8,-7.65,green,0,Cc1cc2c(CC(=O)O)nc(C3CCCC3)nc2c(C)n1
16.4,-9.06,-8.11,green,0,COc1c(OC)c2c(nc3n2CCN(CC(=O)O)C3)c2cc(O)ccc12
16.4,-10.34,-9.39,yellow,0,CC=C(C)c1cc(OC(F)(F)F)cc2c3c(cnc12)CN(CC(=O)O)CCC3
16.3,-10.83,-9.7,green,0,CCC1Cc2c(c3c(=O)n(C4CCCCC4)c(=O)[nH]c3n(C)c2=O)NC1=O
16.3,-9.65,-8.8,green,0,Cc1cccc(-c2cc(CC(=O)O)c3c(c2)OCC(CO)O3)c1
16.3,-8.99,-7.99,green,0,CCC1CCOc2c(C(=O)NCC(=O)CC(C)(C)C)cccc21
16.2,-11.45,-9.95,green,0,CC1C(=O)N=C2CCN(c3cccc(C(=O)O)c3)c3ccc4c(c32)N1C(=O)C4
16.1,-9.04,-8.1,green,0,CCc1c2n(c(=O)n(CCCN3CCCCC3=O)c1=O)CC(C)CC2
16.1,-11.3,-9.9,yellow,0,O=C(CN1CCc2cc3c4c(c2C1)OCC=C4CC=C3C(=O)O)Nc1ccccc1
16.1,-10.39,-9.43,green,0,CC1CCCN(CCCN2C(=O)c3cccc4c(O)ccc2c34)C1=O
16.1,-9.3,-8.42,green,0,CCC(C)n1c(=O)ccc2c(N3CC(C)CCC3=O)cc(CO)cc21
16.1,-10.06,-9.18,green,0,CC(O)c1cc2c3c(c1)n(C1CCCCC1)c(=O)n3CCN(C)C2=O
16.1,-9.85,-9.01,green,0,CCc1ccc(-c2cccc(N3CCOCC3)c2)cc1C(=O)O
16.1,-10.09,-9.21,green,0,CCN(CC(=O)O)C(=O)c1cc2cccc3c2c(n1)C(C)=C1OCCCN13
16.0,-8.74,-7.56,green,0,COc1cc(CN(C)C)c2ccc(CC(=O)O)c(O)c2c1
16.0,-9.25,-8.37,green,0,COCCc1cc(OC)c(C)c2[nH]c(=O)n(C3CCCCC3)c(=O)c12
15.9,-9.84,-9.0,yellow,0,Cc1cc(C)cc(-c2nc(C(=O)N(C)CC3CCCC3)ccc2O)c1
15.9,-9.55,-8.71,green,0,CN1CC(CNC(=O)CCc2cccc3c2CCCC3)CC1=O
15.9,-8.91,-7.87,green,0,CCc1c2c(=O)nc(CC(C)(C)CC(=O)O)[nH]c2c2n1CCCOC2=O
15.9,-9.55,-8.71,yellow,0,CCCC(=O)N(C)C1CCC2C(C1)CC1C(C)Oc3ccccc3C(=O)N21
15.9,-9.84,-9.0,yellow,0,CC1=CC2=C(CC(O)CC2)C2=C(C(=O)O)C(CCN3CCCCCC3=O)=NC12
15.9,-10.04,-9.17,yellow,0,Cc1cc2n(c1)C(=O)N(Cc1cccc(C(=O)N3CCCCC3CO)c1)CC2C
15.9,-8.9,-7.85,green,0,CC(=O)c1cc(C(C)O)n2nc(CCN3CCCCC3=O)c(CO)c2c1
15.9,-9.99,-9.14,yellow,0,COC1C=C2C(=Nc3c(CN(C)C(=O)C4=CN(C)C(=O)C4)cccc3N2C(C)=O)C(C)=C1O
15.9,-9.9,-9.07,yellow,0,CNC(=O)CN1Cc2ccc(CN3CCC(CC(C)C)C3=O)cc2C2(CCCC2)C1
15.8,-9.93,-9.1,green,0,CNC(=O)CC1CCC(c2ccc3c(c2)C(C(=O)O)CCC3)CC1
15.8,-9.85,-9.02,green,0,CCCC(=O)Nc1ccc2c(=O)n3c(c(CC)c2c1)CCC(NC(C)=O)C3
15.8,-11.15,-9.85,yellow,0,CNC(=O)CC1CCC(c2ccc3c(c2)C2C(=CN=C2OC)CC3)CC1
15.8,-8.75,-7.6,yellow,0,C=C(C)c1cc(CC(=O)N(C)CCC2CCCC2)c(C)cc1C(=O)O
15.8,-8.9,-7.86,green,0,Cc1nc(CCCC(=O)N(C)C)nc2cccc(OC(F)(F)F)c12
15.8,-9.41,-8.57,green,0,CCC1C=C(O)C2=CC(CC3CCCC(=O)N3)=CN(CC)C2=C1
15.7,-9.77,-8.93,green,0,Cc1nc2ccc3cn(C(=O)C(C)(C)CO)c(=O)c4c3c2n1CCC4
15.7,-9.51,-8.66,green,0,CCC1=NC(OC)c2c(c3cccc(N4CCCC4)c3c(=O)n2C)N1
15.7,-9.51,-8.66,green,0,CC1CCc2c(c(CCN3CCN(C)C(=O)C3)n3c2CCCC3=O)C(O)C1
15.7,-9.02,-8.09,green,0,CC1c2c(CC3CCCC(C(=O)O)C3)csc2N(C)C(=O)C1CO
15.7,-10.88,-9.75,yellow,0,CNC(=O)C(C)(C)CCN1CC2=C(C)C(=O)C3CC(=O)C=C3c3ccnc1c32
15.7,-10.13,-9.26,green,0,CC=C1CCc2c1c(CCC1CCC(C(=O)O)CC1)c[nH]c2=O
15.7,-9.71,-8.88,green,0,O=C(O)Cc1ccc2c(c1)C(O)=C(O)C1CC3CCCC3C(=O)N21
15.7,-9.71,-8.88,green,0,CC12CCC(c3ccc(F)cc3)C1CCC2C(=O)O
15.6,-10.01,-9.16,yellow,0,Cc1cccc2c1Oc1c(CNC(=O)C(F)(F)F)cc(O)cc1C2
15.6,-9.6,-8.77,green,0,O=C(c1cccc(CN2CCC3=NCC=C3C2)c1)N1CCCCC1CO
15.6,-8.76,-7.65,green,0,COc1ccc(CC(=O)N2CCCC2)c2c1CCCO2
15.6,-8.99,-8.04,green,0,CCc1cc2c(cc1C(=O)O)C(=CCC(=O)O)CN(CCO)C2=O
15.6,-8.78,-7.69,yellow,0,CCOC(=O)C1CCC(C)(N(C)Cc2ccc(C(=O)N3CCC(C)C3)c(O)c2C)C1
15.6,-9.22,-8.33,green,0,CN(C)C(=O)CC1CCC2CC3CCC(=O)C3CC(C(=O)O)CC2C1O
15.6,-10.8,-9.7,yellow,0,CC1CCc2cc3ccccc3c(CN3CCCC3=O)c2C1
15.5,-10.97,-9.79,yellow,0,COc1cc2c3c(c1)c1cc(Oc4ccccc4)c(O)cc1n3CCN(CC(=O)O)C2=O
15.5,-9.38,-8.54,green,0,COc1c(C)c2c(c3cc4n(c13)CCN(CC(=O)O)C4)CCC(O)C2
15.5,-9.37,-8.52,green,0,COC1CCCn2c(=O)n(C3CCCCC3)c3c(O)c(C(=O)O)cc1c32
15.4,-8.86,-7.81,green,0,CCCC(=O)N1CCN(c2cc(O)c(C(C)=O)c3c2CCCC(C)O3)CC1
15.4,-8.97,-8.02,green,0,COc1cccc(CN(C)C(=O)c2ccc(OC)c(C=CCO)c2)c1
15.4,-9.64,-8.81,yellow,0,COc1ccc2cc(CCC(=O)NC(C)(C)C)cc(C)c2c1
15.4,-9.24,-8.37,green,0,CC(=O)N(C(=O)CCc1cnn(C)c1)c1cccc(C(=O)N2CCCC2)c1
15.4,-10.62,-9.6,green,0,Cn1c2c(c3c(c1=O)CC(=O)C(O)C3)CN(C1(C)CCCCC1)C=C2
15.3,-10.19,-9.31,green,0,CC=C1Cn2c(cn(CC(=O)O)c2=O)-c2cc(O)c(N3CCCC(C)C3)cc21
15.3,-11.01,-9.82,yellow,0,CCCNC(=O)c1cc(CCN2CCCCCC2=O)c2c(O)ccc(C)c2c1
15.2,-10.74,-9.68,green,0,CNC(=O)CN1Cc2ccc3cc(C)cc4c3c2C(CC4CC(=O)O)C1
15.2,-9.1,-8.21,green,0,CC1=CC(CO)CN1Cc1cccc(NC(=O)CCN2CCCCC2=O)c1
15.1,-10.14,-9.28,green,0,CN1C(=O)CC(CC(=O)O)c2ccc(CC3CCC(C(=O)O)CC3)cc21
15.1,-8.99,-8.07,green,0,CCCN(C)C(=O)c1cccc(NCCC(=O)N2CCC3CCC2C3O)c1
15.1,-9.74,-8.91,green,0,CN1CCN(CCc2c3c(c4n2C(=O)CCC4)CCC(O)CC3)CC1=O
15.1,-9.88,-9.06,yellow,0,CC(C)(C)CC(=O)CNC(=O)c1cccc2c1OC1CCCCC1C2=O
15.1,-9.19,-8.31,green,0,CC1=NN=NC1Cc1cnc2c(c1)CC(=O)N2Cc1[nH]ccc1C
15.0,-8.95,-7.99,green,0,O=C(NCC1CCC(O)c2ccccc21)C(F)(F)F
15.0,-8.91,-7.92,green,0,CC(CC1CCC(N2CCCCC2=O)CC1)n1ccnc(O)c1=O
15.0,-10.84,-9.74,yellow,0,COc1ccc2c3c(cc(CC(=O)O)c2c1)NC(=O)N(C1CCCCC1)C3
15.0,-10.9,-9.78,yellow,0,CC(C)(C)c1ccc(O)c2c(CCN3CCCCCC3=O)cc(C(=O)O)cc12
14.9,-9.12,-8.25,green,0,COc1cc2c(=O)n(C)c(=O)n(C3CCCC(C(=O)O)C3)c2cc1O
14.9,-10.09,-9.24,yellow,0,COc1cc2c3c(c(CO)n4c3c1N1CCC3=C=CC(=C31)C4=O)CCN(CC(=O)O)C2=O
14.9,-11.52,-10.03,yellow,0,CC(C)CNC(=O)c1cc2n(c1)-c1cccc3c1C(C2)C1CCCCN1C3=O
14.8,-10.97,-9.81,yellow,0,Cc1cc2cc(O)cc3c2c2c1NC(=O)N(C1CCCCC1)C2CC3O
14.8,-11.11,-9.86,yellow,0,Cc1cc2c3c4c5c(cc3c1C(=O)O)CCN(CC(=O)NCC(C)C)C5CCC4=CC2
14.8,-9.14,-8.27,green,0,COc1ccc(-c2c(O)c(OC)cc3c2CCN(C)C3=O)cc1
14.8,-9.14,-8.27,yellow,0,CCc1cc2c(cc1C(=O)O)-c1cccc(OC)c1C=C(C(=O)O)O2
14.8,-9.96,-9.14,green,0,O=C(O)c1cc(CCN2CCCCCC2=O)cc2c(O)cccc12
14.8,-9.68,-8.87,yellow,0,Cc1nc(-c2ccco2)cc2c(CC(=O)O)nc(-c3ccccc3)nc12
14.8,-12.58,-10.19,yellow,42,Cc1ccc2n(c1=O)-c1ccc3c([nH]c(=O)n3C3CCCCC3)c1C1CC21
14.8,-9.68,-8.87,green,0,CN1C=C(Cc2cnc3c(c2)C(=O)N(C)CC3)C=C2C1=NC=C(O)C2N
14.8,-10.06,-9.21,green,0,CC1(C(=O)N2CC3=C(NC(=O)NC3)c3ccccc32)CCCC1
14.8,-9.27,-8.44,green,0,CC(C)(C)c1ccc(C(=O)O)c(CCN2CCC(C(=O)O)CC2)c1
14.8,-9.59,-8.79,green,0,CCOC1=CC(O)c2c3n(c(=O)c4cc(O)cc1c24)CC(N(C)C(=O)CCN)CC3
14.7,-10.71,-9.67,green,0,CC(=O)NCCn1c(=O)c2ccc(C)cc2n(CCc2ccccc2)c1=O
14.7,-9.25,-8.42,green,0,CC(C)(O)c1cc(CCO)c2c(n1)C=CN(C1(C)CCCCC1)C2
14.7,-10.54,-9.56,green,0,Cc1ccc2c(c1)-c1nc(CO)c3c4c(cnc3c1CC2)CN(CC(=O)O)CC4
14.6,-10.17,-9.31,green,0,O=C(O)c1cnc2c(c1)c(N1CCCCC1)nc(=O)n2C1CCCCC1
14.6,-11.94,-10.12,yellow,0,CN1C(=O)N2C(=CC3CC(N4CCCCC4=O)CCC32)C2=C1NC1=CCC(=O)C1=C2
14.6,-9.47,-8.65,green,0,CNC(=O)c1cc(C(=O)NC(=O)CCN2CCCCC2=O)ccc1C
14.6,-11.93,-10.12,yellow,0,CCC=C(C)c1cc2c3c(c(N4CC(=O)N5CCCCC5C4)ccc3c1)C=NC2=O
14.6,-12.33,-10.18,yellow,31,CC(=O)N1C=C2CC(=O)NC=C2c2cc(O)c3c(N4CCCCC4)cccc3c21
14.6,-10.36,-9.44,yellow,0,COc1cc(C2CCCC(=O)N2)c2cc(C(C)(C)C)ccc2n1
14.6,-10.06,-9.22,yellow,0,CCCC(C)N1C=C2CC(=O)N3CCCc4c3c2c2c(ncn2C1=O)c4C
14.5,-12.42,-10.19,yellow,11,CN(C)C(=O)CC1CCC2c3cc(O)c4c5c3C(CC(=O)C5=CCC4)CC2C1
14.5,-9.29,-8.46,green,0,O=C(CCN1CCCCC1=O)Nc1cccc(CN2C=CC(CO)C2)c1
14.5,-9.02,-8.15,yellow,0,CC1=CC2N=C(CCN3CCCCCC3=O)C(C(=O)O)=C2C=C1
14.5,-10.03,-9.2,yellow,0,CCc1ccc2c(c1OC)CC1CN(CC(=O)NC)Cc3ccc(OC)c-2c31
14.5,-10.51,-9.54,yellow,0,CCN1C=C(CC2CCCC(=O)N2)C=C2C1=CC1C=CC=CC1=C2O
14.5,-8.94,-8.02,green,0,O=C(O)Cc1ccc2c(c1O)c(=O)cc1n2CCCC1O
14.5,-8.59,-7.09,green,0,CCN1CCC(c2cc(CC(=O)O)c(OC)c(C(=O)O)c2)C1
14.4,-10.68,-9.66,yellow,0,Cc1cc2c(c3c(=O)n(C4CCCCC4)c(=O)[nH]c13)NC(=O)C(F)=CC2
14.4,-9.2,-8.35,yellow,0,Cc1ccccc1NCc1cc(CC(C)C)c(C)nc1N
14.4,-9.2,-8.35,yellow,0,CCCc1cc(OC)c(C)c2c1CN(C1CCCCC1)C(=O)N2
14.4,-9.93,-9.13,green,0,O=C(O)c1cc2c3c(c1)c(=O)n(CCCN1CCCCC1=O)c(=O)n3CCC2
14.4,-10.29,-9.4,green,0,CC(C)(CC(=O)n1cc2c3c(ccc(O)c3c1=O)C(C(=O)O)CC2)C(=O)O
14.4,-9.01,-8.14,green,0,CCCCC(=O)NC(=O)c1cc(O)cc(C2CCN(C)C2)c1
14.3,-8.67,-7.57,green,0,CC(O)CN(C)C(=O)CCC1C(=O)N(C)Cc2ccc(O)cc21
14.3,-12.47,-10.2,yellow,18,CC1=C2OC(N3CCCCC3=O)CC(=O)N2c2cccc3cc(C(=O)O)c(O)c1c23
14.3,-9.3,-8.48,green,0,CCC(C)n1c(=O)[nH]c(=O)c2c3c(ccc21)C=C1OC(C)=C=C1N3CC
14.2,-10.11,-9.27,green,0,CCc1cc2c(cc1C(=O)O)C(Cc1cc(C)ccc1O)CN(CCO)C2=O
14.2,-9.62,-8.82,yellow,0,CCCC1CCC2=C(C=C3CCC4C(=C3C2)CCN4CC(=O)O)C1
14.2,-9.56,-8.77,green,0,COC(=O)c1cc2c(cc1C)CCN2C(=O)c1ccc(OC)c(C(=O)O)c1C
14.2,-11.32,-9.97,yellow,0,COC(=O)C1=C2N(C)c3ccc(-n4ccccc4=O)cc3N2c2ccnc3cc(O)cc1c23
14.2,-9.86,-9.06,green,0,CCc1ccc(O)c2c(=O)c(C)c(N3CCC(N4CCCCC4=O)C3)[nH]c12
14.2,-10.08,-9.25,yellow,0,CCC1=C2CCCCN2c2cccc3cc(C(=O)N(CC)CC(=O)O)nc1c23
14.2,-11.99,-10.15,green,0,O=C1CCCN1Cc1cn2c3c(cc(O)cc13)Cc1ccccc1C2=O
14.2,-9.79,-8.99,green,0,O=C(O)c1cc(CCN2CCCCC2=O)cc(C2CCCC2=O)c1O
14.2,-9.13,-8.28,green,0,CN(c1ccc(O)cc1)c1ccc2c(c1)c(CO)c(O)c(=O)n2C
14.2,-10.71,-9.69,green,0,CCCC1C=c2c(c(C)cc3c4c(ccc23)CCN(C(=O)CN(C)C)C4)=NCC1
14.2,-11.68,-10.1,yellow,0,CC1C=C(c2cccc3c2CN(C(=O)Cc2ccc(F)cc2C(=O)O)C3)C(=O)N1C
14.2,-9.4,-8.6,yellow,0,Cc1c(C(=O)N2CCCCC2)nc2ccc(OC(F)(F)F)cc2c1N(C)C
14.1,-10.73,-9.7,yellow,0,CC(C)Nc1nc(=O)n2c3c(cc(CCCC(=O)O)cc13)OC1CCCCC12
14.1,-8.78,-7.81,green,0,COc1cc2c(ccn2C(=O)CCN2CCCCC2=O)c(OC)c1OC
14.1,-9.08,-8.23,green,0,COc1cccc2c1CCN(C(=O)c1ccccc1)C2
14.1,-8.9,-7.96,green,0,CCC(C)n1c(=O)ccc2c(N3CCCC3=O)cc(CO)cc21
14.1,-10.91,-9.81,green,0,Nc1nc(=O)n2cccc3c2c1-c1ccc(CC(=O)N2CCCCCC2)c(=O)n1C3
14.0,-9.45,-8.65,green,0,O=C1CCCN1Cc1cc(-n2cccc2)cc(C(F)(F)F)c1
14.0,-9.99,-9.18,green,0,COC1=C=C(O)C(O)C(c2cn(C(=O)N3CCCC3)c3ccccc23)=C1
14.0,-11.51,-10.06,green,0,CC(C)n1cc2c3c(ccc(CN4CC(=O)N5CCCC5C4)c3c1=O)OC=C2
14.0,-8.71,-7.7,green,0,O=C1CCCN1Cc1c(CO)cc(O)c2ccccc12
13.9,-9.35,-8.55,green,0,Cc1cc2c(cc1C(=O)N(C)CCC(=O)N1CCCCC1)C(=CCO)CC(O)O2
13.7,-9.04,-8.2,green,0,O=C(O)c1cc2c(c3c(CO)c(CCN4CCCCC4=O)nn13)OCC2
13.7,-10.67,-9.67,yellow,0,COc1c2c3c(cc(C)c(O)c3c3cc4n(c13)CCN(CC(=O)O)C4)CCC2
13.7,-11.12,-9.9,yellow,0,CC1CCN(c2ccccc2)c2cc(Cc3cccc(C(=O)O)c3)c(N)nc21
13.7,-9.4,-8.61,green,0,Cc1cc(CCC(=O)NC(C)(C)C)cc2c(CCN)c(O)ccc12
13.7,-10.56,-9.6,yellow,0,CC1C=C(c2cc(CO)cc(C(=O)O)c2)CC(C2CCC(C(=O)O)CC2)C1
13.6,-8.73,-7.78,green,0,CCC(CC1CCC(N2CCCCC2=O)CC1)N1CCCC1=O
13.6,-10.86,-9.79,yellow,0,Cc1ccccc1Cc1cccc(NC(=O)C2=CC=CC2)c1
13.6,-10.14,-9.31,green,0,Cc1c2[nH]c(=O)n(C3CCCC3)c3c-2c(c(CCC(=O)O)c1=O)CC(O)C3
13.6,-8.67,-7.67,green,0,CCN(CCCN)Cc1cccc(NC(=O)CCN2CCCCC2=O)c1
13.6,-9.2,-8.38,green,0,CC=CC1=C=C(C(=O)N(C)CCC)Nc2ccccc21
13.5,-9.37,-8.58,green,0,CC(C)(CC(=O)O)c1ccc2cc(C(=O)O)cc(C(=O)O)c2c1
13.5,-9.48,-8.7,green,0,COC(=O)N1Cc2cccc(NC(=O)CCN3CCCCC3=O)c2C=C1CCN
13.5,-9.85,-9.07,yellow,0,CCN(CCC(=O)N1CCC(=O)c2c(C(C)C)cc(OC)cc21)C(=O)c1ccc(O)cc1
13.5,-10.34,-9.45,green,0,CC1Cc2ccnc3c2C(=CC2CC4CN(CC(=O)N(C)C)CCC4CN32)O1
13.5,-9.11,-8.28,green,0,COc1cc2c(CC(=O)O)nc(-c3ccccc3)nc2c(C)n1
13.4,-9.25,-8.46,green,0,Nc1ncc(-n2cccc2)cc1Cc1cccc(C(=O)O)c1
13.4,-8.66,-7.64,green,0,CN1CCc2c(c(OCCO)c(O)c3c(N4CCCCC4)ccnc23)C1
13.4,-9.04,-8.22,green,0,CCC(=O)N1CCC(Cn2c(=O)n(C(CC)CO)c3ccccc32)CC1
13.4,-8.98,-8.14,green,0,CCc1cc(C(=O)O)c(CC)cc1NC(=O)CN1CCCCC1=O
13.3,-10.01,-9.21,green,0,Cc1cc(C(C)C)c2[nH]c(=O)n(CCCN3CCCCC3=O)c(=O)c2c1
13.3,-10.81,-9.77,yellow,0,CCc1c(O)c(C)cc2cc3ncn(C(=O)NC4CCCCC4)c3cc12
13.3,-9.16,-8.35,green,0,CCC(CC1CCC(N2CCC(C)CC2=O)CC1)N1CCC(O)C1=O
13.3,-9.79,-9.02,green,0,CC1(C(=O)Nc2cccc3cc(C(=O)O)ccc23)CCC(O)C1
13.2,-10.76,-9.74,yellow,0,CCCc1ccc(O)c2c(O)cn(CC3CCN4C(=O)CCCCC4C3)c(=O)c12
13.2,-11.51,-10.09,yellow,0,CCC1=C2OC(N3CCCCC3=O)CC(=O)N2c2cccc3cc(OC)cc1c23
13.2,-8.78,-7.87,green,0,Cc1cc(CC(=O)N(C)C)c(CCC2CCC(C(=O)O)CC2)cn1
13.2,-9.31,-8.53,green,0,Cc1cc(C)cc(-c2nc(C(=O)N(C)CCCC(=O)O)ccc2O)c1
13.2,-9.36,-8.58,green,0,Nc1ncc(N2C=CCC=C2)cc1Cc1cccc(C(=O)O)c1
13.2,-10.7,-9.71,green,0,Cc1cc2c3c(c4c(cc3c1)CN(CC(=O)O)C4)CCC2=O
13.1,-9.3,-8.52,yellow,0,CCN1C2=CC(OC)C(O)=C(C)C2=Nc2c(CN(C)C(=O)C3=CN(C)C(=O)C3)cccc21
13.1,-10.67,-9.69,green,0,CC1CCc2c(CCC(=O)N(C)C)[nH]c3c2c1nc(=O)c1ccccc13
13.1,-9.57,-8.81,green,0,O=C(O)CC1CCn2c(c(CCCO)c3ccccc3c2=O)C1
13.1,-9.05,-8.24,green,0,O=C1CCCN1Cc1cc(CO)cc(-c2ccco2)c1
13.1,-8.65,-7.62,green,0,CCCCN(C)C(=O)c1cnc(CCN2CCCCCC2=O)c(CO)c1
13.0,-8.64,-7.6,green,0,CCCc1c2c(c(C)c(=O)n1CCCO)NC(=O)N(C1CCCCC1)C2
13.0,-8.65,-7.64,green,0,CC(=O)NC1CCC2C(C1)C(C)C1CCN(C)C(=O)C12
13.0,-9.31,-8.54,green,0,CCCC(=O)N(C)CCc1cc(C(=O)Nc2ccccc2)c[nH]c1=O
13.0,-8.87,-7.98,green,0,O=C(O)CCCn1cc(C(=O)O)c2ccccc2c1=O
12.9,-11.19,-9.96,yellow,0,O=C(O)CN1CCCc2c(cnc3c(-c4ccccc4)cc(OC(F)(F)F)cc23)C1
12.9,-8.64,-7.61,green,0,C=C1C(CCCC(=O)O)=C2C=C(OC)C=CC2C(=O)N1C
12.9,-8.98,-8.16,green,0,COc1cc2c(ccn2C(=O)CCN2CCCCC2=O)c(OC)c1C
12.9,-10.33,-9.46,yellow,0,Cc1ccc2c(C(=O)O)cc(CCN3CCCCCC3=O)cc2c1
12.9,-8.62,-7.58,green,0,CC1CN(C)C(=O)N(c2cc(C(C)c3conc3O)[nH]c2C(=O)O)C1
12.8,-9.4,-8.64,green,0,O=C(CCN1CCCCC1=O)Nc1cccc(CN2CCC(CO)C2)c1
12.8,-8.66,-7.69,green,0,CCN(C(C)=O)c1ccc2cc(OC)c(C(=O)O)cc2c1
12.8,-10.44,-9.53,yellow,0,O=C(O)CN1CCC2=C3CC(C(=O)O)=CC4=C3C(CCCC4)CC21
12.8,-10.62,-9.66,yellow,0,CC1CCN(C(=O)NCc2cccc(C(=O)N3CCCC(C)C3)c2)CC1
12.7,-9.03,-8.23,green,0,CC(=O)NCc1cc(C)ncc1-c1ccc(CC(=O)O)cn1
12.7,-8.75,-7.86,green,0,CC(C)C(=O)NCCn1cc(CO)c2c3n(c(=O)nc21)C(C)CCC3
12.6,-9.55,-8.8,green,0,COc1ccc(-c2ccccc2)c(CN2CCCC2=O)c1
12.6,-9.44,-8.67,green,0,Nc1ncc(N2CCCCC2=O)cc1Cc1cccc(C(=O)O)c1
12.6,-9.96,-9.19,green,0,CCc1c(CCO)cc2c3c1CCCCC3N(C(=O)CC(C)(C)C(=O)O)C2=O
12.6,-8.89,-8.04,green,0,CCCc1cc(C(=O)O)n2nc(CCN3CCCCC3=O)c(CO)c2c1
12.6,-8.56,-7.49,green,0,CN1C(=O)c2cn(C3CCCC(C(=O)O)C3)cc2C(CCO)C1CO
12.5,-10.79,-9.78,yellow,0,CCCc1cccc(NC(=O)c2cccc3c2CN(C)C(=O)C(C)C3)c1
12.5,-8.66,-7.73,green,0,CCCN(CC)Cc1cccc(C(=O)NC2CCC(C(=O)O)C2)c1
12.5,-9.23,-8.46,green,0,O=C1CCCN1Cc1cc(N2CCNCC2)cc(C(F)(F)F)c1
12.5,-9.52,-8.77,green,0,CC1=NN(C)C(=O)C1COc1ccccc1-c1ccc(C(=O)O)c(O)c1
12.5,-8.52,-7.35,green,0,CCc1c(CCC(=O)O)c(CC)c(=O)n2c1CC(CC(=O)O)CC2
12.4,-8.48,-7.16,green,0,COc1c(CC(=O)O)cc(C2CCCN(C)C2)cc1C(=O)O
12.4,-9.5,-8.75,green,0,O=C(O)CC1CCc2c3c4c(n2C1=O)C=COC1C(O)CC(O)(CC=C3)C41
12.4,-9.94,-9.18,yellow,0,Cc1cc2c(C)cc(CCC(=O)NC(C)(C)C)cc2cc1O
12.4,-9.94,-9.18,yellow,0,CCCC1CC(C)c2nc(C(=O)N(CC)CC(=O)O)cc3cccc1c23
12.4,-10.75,-9.76,yellow,0,CCn1c(=O)n(C2CCCCC2)c(=O)c2c3c(c(C(C)C)cc21)CCC3
12.4,-9.71,-8.97,green,0,CCc1oc(=O)c(C)c2c1CC(CC(=O)N(C)C(=O)NCC1CCNC1)C2
12.4,-10.12,-9.32,yellow,0,Cc1c(CCN2CCCCCC2=O)cc2cc(O)ccc2c1C(=O)O
12.4,-10.43,-9.53,yellow,0,COc1cc(C)ccc1-c1cccc(NC(=O)CCN2CCCN(C)C2=O)c1
12.4,-10.12,-9.32,green,0,CCCc1cccc2c1CC(O)C1CC(CCN3CCCCC3=O)CC(=O)N21
12.3,-10.46,-9.56,green,0,COc1cc2cccc(NC(=O)N3CCN4C(=O)CC(O)CCC4C3)c2cc1OC
12.3,-11.99,-10.22,yellow,0,CC1CCCCCCc2ccc3c(N4CCCCC4=O)c(O)cc(c3c2)C(=O)N1
12.3,-8.73,-7.85,green,0,O=C(O)Cn1ccc(Cc2cc3c(c(C(=O)O)c2)CCCO3)c1
12.3,-8.73,-7.85,green,0,CCc1cc(C(=O)O)c(OC)cc1NC(=O)CN1CCCCC1=O
12.3,-10.39,-9.51,yellow,0,CC1=Cc2cccc3nc(CC(C)CC(=O)O)c(C)c(c23)C1
12.3,-10.99,-9.9,yellow,0,CCN(CC(=O)N1Cc2ccccc2C2=C1OCC=C2)C(=O)c1cccc(C)c1
12.2,-10.44,-9.54,yellow,0,CCC1=CN(c2cn(-c3cccc(N4CCCC(N)C4=O)c3)ccc2=O)CCC1
12.2,-10.4,-9.52,yellow,0,CC1=C2N=CCc3c2n(c(=O)c2ccc(C(C)(C)NCC(=O)O)cc32)C(C)C1
12.2,-9.27,-8.52,green,0,NCc1cc2c(C(=O)O)nccc2n1C(=O)C1CC2CCCC(=O)N2C1
12.2,-8.82,-7.96,green,0,Cc1c(CC(C)CC(=O)O)nc2ccccc2c1C(=O)O
12.2,-8.84,-7.98,green,0,COc1cccc2c1c(CN(C)C(=O)CCO)cn2C(=O)c1cn(C)nc1C
12.2,-9.89,-9.14,green,0,COc1c2c(cc3c4c(ccc13)C(=O)N1C(CCC1C(=O)O)C4)OC(OC)CC2
12.2,-11.87,-10.2,yellow,0,Cc1cc2c3c(c1C(=O)O)CCCC3c1ccn3c1C2C(=O)c1cccnc1-3
12.1,-11.28,-10.04,green,0,CNC(=O)CC1CCC(c2ccc3c(c2)C2C(N)=NN=C2CC3)CC1
12.1,-9.73,-8.99,green,0,CCCC(=O)N1CCC(n2c(=O)n3c4c(cc(C(=O)O)cc42)C(O)CCC3)C1
12.1,-9.35,-8.6,green,0,O=C(O)c1cc2c3c(c1)n(C1CCCCC1)c(=O)n3CCCC2CO
12.1,-9.35,-8.6,green,0,CC1C(CC(=O)O)c2cc3cccc(CCC(=O)O)c3nc2C(=O)N1C
12.1,-8.98,-8.19,yellow,0,CCCC(C)NC(=O)n1cnc2c(C)c3ccc(=O)n(CC)c3cc21
12.1,-10.31,-9.46,yellow,0,CC1C=C2C(=O)c3cccc(C(=O)NCC(=O)CC(C)(C)C)c3OC2C1
12.1,-10.95,-9.89,green,0,CN1C(=O)N2C(=CC3CC(N4CCCCC4=O)CCC32)c2cc(C(=O)O)c(=O)[nH]c21
12.1,-9.34,-8.59,yellow,0,Cc1cc(OC2CCN(C(=O)N(C)CCF)C2)cc2c1CCC(C)(C)O2
12.1,-10.22,-9.4,yellow,0,CCc1cc(OC)c(C(C)C)cc1C1CCC(C(=O)N2CCCCC2)CCN1
12.1,-10.09,-9.3,green,0,CC(=O)n1c(=O)cc(O)c2ncc(CC3CCC4CCC(=O)N4C3)cc21
12.1,-9.25,-8.51,yellow,0,C=CC1=CCN(C(CC)CC2CCC(N3CCC(C)CC3=O)CC2)C1=O
12.1,-10.82,-9.81,yellow,0,Cc1cc(O)c2c(c1)C(C)Cc1c(CCCC(=O)N3CCCCC3)cn(C)c1-2
12.1,-10.54,-9.63,yellow,0,Cc1c(CCN2CCCCCC2=O)cc2c3c1c(=O)c(O)c(C)n3CCC2
12.1,-9.69,-8.96,green,0,CCc1cc2c(cc1OC)N(C)CC(=O)N2C1C=C2CCCC(=O)N2C1
12.0,-9.38,-8.64,green,0,Cc1cc(C(=O)O)ccc1C(=O)NC(=O)CCN1CCCCC1=O
12.0,-10.7,-9.74,yellow,0,C=C(C)c1cc2c(c3c1CCC3)c(=O)n(C1CCCCC1)c(=O)n2CC
11.9,-8.47,-7.26,green,0,Cc1ccnc2c(C(=O)O)cc(C(=O)CCC(=O)O)nc12
11.8,-9.1,-8.33,green,0,CCc1cc(CNC(=O)CC2CCCN(C)C2=O)cc(CC(=O)O)c1
11.8,-9.02,-8.26,green,0,CN1CCN(c2cccc(CN3CCCCC3=O)c2)CC1=O
11.8,-8.49,-7.38,green,0,CCOc1cc(OC(C)CO)c2c(=O)n(C3CCCCC3)c(=O)[nH]c2c1
11.8,-9.07,-8.3,green,0,CCCCc1cc(OC)cc2c(O)c(CC(=O)O)ccc12
11.7,-12.34,-10.29,yellow,7,CNC(=O)CN1Cc2ccc3cccc4c3c2C(C1)CC41CCCC1
11.7,-8.85,-8.03,green,0,CCN(C(=O)CCc1cnn(C)c1)c1cccc(C(=O)N2CCCC2)c1
11.6,-9.75,-9.02,yellow,0,CC(C)Cc1c(=O)nc2n3c(cc(O)cc13)CC1(CCCC(C(=O)O)C1)CC2
11.6,-11.77,-10.21,yellow,0,CC(C)(C)C(=O)N1C=C(CO)c2nc3c(c4nccc1c24)C1CC1c1ccccc1-3
11.5,-10.84,-9.84,green,0,Cc1c(CCN2CCCCCC2=O)cc2c3c1c(=O)c(O)c(C)n3C(=O)CC2
11.5,-11.64,-10.19,yellow,47,CNC(=O)CN1Cc2ccc3c4c2C(CC2CCC(C)C(=CC3=O)C42)C1
11.5,-11.25,-10.05,yellow,0,CN1Cc2ccc(O)c3nc4c(C5CCCCC5)ccc(n4c23)C1=O
11.5,-10.76,-9.79,yellow,0,CC(C)c1ccc(O)c2c(CCN3CCCCCC3=O)cc(CC(=O)O)cc12
11.5,-8.94,-8.17,green,0,CC(C)(C)CC(=O)CNC(=O)c1cccc2c1OC1CC(C)(CO)C(O)=C1C2
11.5,-11.18,-10.01,yellow,0,O=C(O)c1cccc(C2CC(=O)N3CC=C4CCOc5ccc2c3c54)c1
11.5,-10.43,-9.55,yellow,0,COc1cc2cccc(NC(=O)N3CCN4C(=O)CCCCC4C3)c2cc1OC
11.5,-8.64,-7.76,green,0,CCCc1cc(OC)cc(NC(=O)C2(C)CCNCC2)c1CC
11.5,-9.73,-9.01,green,0,O=C1CCCCN1CCC1CC(=O)N2c3ccccc3C(O)C(O)C2C1
11.5,-9.84,-9.11,green,0,NC(=O)Cc1ncc(C(=O)O)c2ccc(C(=O)N3CCCC(CC(=O)O)C3)cc12
11.5,-9.71,-8.99,green,0,CCCNC(=O)c1ccc2c3c(cc(C(=O)O)cc13)CN(CC(=O)O)C2
11.5,-9.49,-8.76,yellow,0,CC=C1C=C(CC)c2cccc(C(=O)NCC(=O)CC(C)(C)C)c2O1
11.5,-8.98,-8.22,green,0,CNC(=O)c1c(NC(=O)CCC(C)O)ccc2c1CCCC2
11.4,-8.96,-8.2,green,0,O=C1CCCN1Cc1cc(CO)cc(-c2ccsc2)c1
11.4,-9.27,-8.55,green,0,COC1=CCc2c(C)cc(CCC(=O)NC(C)(C)C)cc2N1C
11.3,-9.04,-8.29,green,0,O=C1CCCCN1CC(=O)N1Cc2ccccc2C1
11.3,-9.85,-9.12,green,0,CC12CC(=O)N3C(=CCc4c(C(=O)O)cc(C(=O)O)cc43)C1CCC2C(=O)O
11.3,-8.91,-8.15,green,0,CCCc1c2c(c3n(c1=O)CCC(CC(=O)O)C3)CC(=O)C(CCC)C2
11.3,-9.05,-8.3,green,0,CCC(C)n1c(=O)ccc2c3c(ccc21)C(C(=O)O)CN3C(=O)OC
11.3,-11.12,-9.98,yellow,0,O=C1N(C2CCCCC2)Cc2c3ccc(=O)c4c-3c(cc3ncn1c23)OC4
11.3,-11.12,-9.98,green,0,COc1cc2c3c(c1)C(c1cccc(C(=O)O)c1)CC(=O)N3CCC2=O
11.2,-10.39,-9.53,yellow,0,CCCc1cccc2c1Cc1cc(O)cc3c(CN4CCCC4=O)cn(c13)C2=O
11.2,-9.45,-8.73,yellow,0,CCN(CCC(=O)N1CC=Cc2c(C(C)C)cc(OC)cc21)C(=O)c1ccc(O)cc1
11.2,-10.18,-9.39,yellow,0,CCc1cccc(C(=O)Cc2cc(CN3CCCOCC3=O)cc(C(=O)O)c2)c1
11.2,-9.69,-8.98,green,0,CCc1c2c(c3n(c1=O)CCC(CC(=O)O)C3)CC(O)C(C)C2
11.2,-10.42,-9.55,yellow,0,CC1=Cc2c(C)c(CC(C)CC(=O)O)nc3cccc(c23)C1
11.2,-8.98,-8.23,yellow,0,CCCC(=O)NCc1c(CC)c(O)c(C(=O)N2CCC(C)CC2)c2c1CCCO2
11.1,-9.82,-9.1,green,0,O=C(O)CNC(=O)Cc1cc2c3c(c1)nc1n3-c3c(cccc3OC2)CC1C(=O)O
11.1,-11.52,-10.17,yellow,0,CC=Cc1cc2c3c4c(cnc3c1)CCCN4C(=O)N2C1CCCC(C(=O)O)C1
11.1,-10.69,-9.76,green,0,CC(C)CNC(=O)c1cc2n(c1)-c1cccc3c1C(C2)C1COCCN1C3=O
11.1,-9.91,-9.18,yellow,0,CC(C)c1cc(C(=O)O)cc2cc(C(C)(C)CC(=O)O)ccc12
11.1,-10.3,-9.48,green,0,CN1CC(C)(C)C2C=C(O)Cc3nc(CC(=O)N4CCCCC4)cc1c32
11.0,-11.45,-10.15,yellow,0,O=C(O)CN1Cc2cncc3c2C(C1)C1=CCc2c4c(c(=O)n-3c21)CC=CC4=O
11.0,-10.41,-9.55,green,0,Cn1ccc(Cc2cc(CO)ccc2CC2C=CC=CC2)cc1=O
11.0,-10.32,-9.49,yellow,0,CCc1cnc(N2Cc3cccc4c3C(C2)C(C(=O)OC)CC4)cc1C(=O)O
11.0,-10.35,-9.51,green,0,CCC1=Cc2c(cccc2C(=O)NC2CCC(C(=O)O)C2)CN1C(C)=O
11.0,-8.71,-7.91,green,0,Cc1c2c(=O)nc(CC(C)(C)CC(=O)O)n(C)c2c2n1CCCOC2
11.0,-8.86,-8.09,green,0,CCC(C)NC(=O)CN1C=C(c2cccc(NC)c2)CCC1=O
11.0,-8.92,-8.17,green,0,O=C(O)Cc1cc(O)c2ccccc2c1CN1CCCC1=O
11.0,-9.14,-8.42,green,0,COc1ccc(C(=O)NC2CC(C(C)=O)C2)cc1CNC(=O)C(F)(F)F
11.0,-9.79,-9.07,green,0,CCC1=CCC(O)c2c(O)cn(CC3CCN4C(=O)CCCCC4C3)c(=O)c21
10.9,-10.15,-9.38,green,0,CC(C)c1ccc2c(c1)C(=O)NCN2C(=O)CCC1CCCN(C)C1=O
10.8,-9.51,-8.8,green,0,Nc1nc2c3c(n1)C(=O)CCC3CC(C(=O)N1CCCCC1)N2
10.8,-8.68,-7.88,green,0,CCC(=O)N1CC(c2nc(CC(=O)O)c3cc(C(=O)O)nc(C)c3n2)C(C)=N1
10.8,-11.16,-10.03,yellow,0,CC=Cc1cc(C)cc2[nH]c(N3CCC(N4CCCCC4=O)C3)c(CC)c(=O)c12
10.8,-9.57,-8.87,yellow,0,Cc1cc2c(C(C)C)cccc2n1C(=O)CCN1CCCCC1=O
10.8,-8.74,-7.97,green,0,COc1cc2c(cc1CCO)N(C1C=C3CCCC(=O)N3C1)C=CN2C
10.8,-10.27,-9.46,green,0,CCCc1cc(CC(=O)N2CCCC2)c2c(c1)CC1C(O)CCC1O2
10.8,-12.19,-10.31,yellow,26,Cc1[nH]c2c3c(nc(=O)n2C2CCCCC2)N2CCCC4CC(=O)C(=C42)Cc13
10.7,-10.01,-9.27,green,0,COc1c2c3c(cc(O)cc3c3cc4n(c13)CCN(CC(=O)O)C4)N=CC2
10.7,-10.01,-9.27,yellow,0,CC(=O)NCc1c2c(nc3c(C)ccc(C)c13)C(C)CC(C)(C)C2
10.7,-9.23,-8.52,green,0,O=C(CCN1CCCCC1=O)NC(=O)c1ccc(C(=O)O)cc1
10.7,-9.0,-8.27,yellow,0,CCc1c(-c2cccc(C(=O)O)c2)nn(C)c1-c1cc(OC)ccn1
10.7,-9.82,-9.11,yellow,0,CCOc1cc(Oc2cc(CC(=O)C3CCCC3)ccc2O)cc(C)c1O
10.7,-9.07,-8.34,green,0,CCCc1ccc(C(N)=O)c2c1CC(=O)C(CCC(=O)O)C2
10.7,-11.45,-10.16,yellow,0,Cc1c(O)cc2c3c(cc(O)cc13)CC1CC(CC(=O)N(C)C)CCC21
10.6,-10.83,-9.86,green,0,CC1Oc2c(CO)cc(C(=O)N3CCN(C)C(=O)C3)cc2-c2ccccc21
10.6,-8.8,-8.05,green,0,CC1=C(O)C2CN3C(=O)CC(C(=O)O)CC3CC2C(CO)=C1
10.6,-8.56,-7.7,green,0,COC(=O)c1c(NC(=O)CCC(C)O)ccc2c1CCCC2
10.6,-10.56,-9.67,yellow,0,COc1cc2c3c(c1)c1cc(OC4CC=NC4C)c(O)cc1n3CCN(CC(=O)O)C2=O
10.6,-9.45,-8.75,green,0,CCCCc1cc2c(CN)cc(CCN3CCNCC3=O)cc2cn1
10.6,-9.16,-8.45,green,0,COC1CC(O)=C(C)c2cccc(CN3CCC(C(N)=O)CC3)c21
10.5,-8.56,-7.72,green,0,CCc1cc(C(=O)N(CC)CC(=O)O)nc2c(CN)c(OC)ccc12
10.5,-10.69,-9.78,yellow,0,COc1cc(-c2cccc(C(=O)NC3CCCCC3)c2)ccc1C
10.5,-10.41,-9.57,green,0,CN1C2=C3C(=C(O)C=CC3c3c1[nH]c(=O)n(C1CCCCC1)c3=O)OC=CO2
10.5,-8.32,-7.06,green,0,CNCc1cc(Cc2cnsc2)cc2c1CN(CC(=O)O)C2
10.5,-9.44,-8.74,green,0,COc1cc2c(cc1CO)n(C1CCCC(C(=O)O)C1)c(=O)n1ccnc21
10.5,-11.39,-10.14,green,0,CNC(=O)CN1Cc2ccc3cc(O)c4c5c3c2C(CC5CC(=O)C(C(=O)O)=N4)C1
10.4,-8.76,-8.02,yellow,0,CCCc1c2c(c(C)c(=O)n1CCC)NC(=O)N(C1CCCCC1)C2
10.4,-9.91,-9.2,yellow,0,CCc1cc(C(F)(F)F)cc2c(=O)n(CCCN3CCCCC3=O)cnc12
10.4,-10.4,-9.56,yellow,0,CCN(CCC(=O)N1CC=Cc2c(C(C)C)cc(C(=O)O)nc21)C(=O)c1ccc(O)cc1
10.4,-11.21,-10.07,yellow,0,CC1=C2c3ccc4c(c3C3CCC(O)C3C2CCC1)CN(CC(=O)O)C4
10.4,-8.34,-7.18,green,0,CCCC(Cc1cccc(C(=O)NCCC(C)C(=O)O)c1)OC
10.4,-10.09,-9.34,green,0,CCOc1ccc2nc(CC(=O)N3CCCCC3)cc(C(=O)NC)c2c1
10.4,-10.34,-9.52,yellow,0,CC(C)COc1c2c3c(c4ccccc14)CC(=O)N(CC(=O)O)C3=CCC2
10.3,-10.36,-9.53,green,0,CNC(=O)c1cc(CCN2CCCCCC2=O)c2c(O)ccc(C(=O)O)c2c1
10.3,-8.89,-8.16,green,0,CCNC(=O)C(C)CNC(=O)CC1CCC(N2CCCCC2=O)CC1
10.3,-9.52,-8.82,yellow,0,CC=Cc1cc2c(CC(=O)O)nc(-c3cc(C)ccc3O)nc2c(C)n1
10.3,-10.21,-9.43,green,0,COC1CCn2c(=O)n(C3CCCCC3)c3cc(C(N)=O)c4c(c32)N1CC4
10.2,-10.25,-9.46,green,0,CCCC1=C2CC(O)Cc3c2c(c(=O)n2c3CC(CC(=O)O)CC2)CC1
10.2,-8.62,-7.81,green,0,CCCc1ccc(C(=O)O)c(CCN2CCC(C(=O)O)CC2)c1
10.2,-8.31,-7.02,green,0,CC(CC(=O)O)Cc1nc2ccccc2c(O)c1CO
10.2,-8.61,-7.8,green,0,COc1ccc(CCCC(=O)N2CCCCC2)cc1CCO
10.2,-10.42,-9.58,green,0,CC(=O)N1CC2Cc3cc(C(=O)NCC(C)C)cn3-c3cccc(c32)C1=O
10.2,-8.57,-7.77,green,0,Cc1c(CN2CCCC2=O)cn2c1CN1C(CO)CCC1CC2=O
10.2,-9.22,-8.53,green,0,CC(C)c1cc(C(=O)O)cc2c(CO)c(CCN3CCCCC3=O)nn12
10.2,-11.1,-10.02,yellow,0,Cc1ccc(CN(C)C(=O)c2ccc3c(=O)n(C)cc(C)c3c2)c(F)c1F
10.1,-9.37,-8.66,green,0,CCCc1cc(C)cc(NC(=O)C2(C)CCNCC2)c1CC
10.1,-8.99,-8.28,green,0,CCCC(=O)N1CCN(c2cc(C)c3c(c2C(N)=O)OC(C(=O)O)CC3)CC1
10.1,-9.79,-9.09,green,0,COC(=O)c1ccc(O)c2c(CCN3CCCCCC3=O)cc(C(=O)O)cc12
10.1,-8.84,-8.11,green,0,CCCC(=O)N1CCN(c2cc(C)c3c(c2C(N)=O)OC(CO)CC3)CC1
10.1,-10.81,-9.86,yellow,0,CCc1ccc2c3c(cc(O)c2c1)C=C(CCC(=O)NC)CC3
10.0,-8.75,-8.03,green,0,CCc1nc(CCCC(=O)N(C)C)nc2ccc3c(c12)OC(C)CO3
10.0,-9.57,-8.89,yellow,0,CCOc1cc2c3c(c1)c(N)c(CCN1CCCCC1=O)n3C=CCC2
10.0,-9.46,-8.78,green,0,Cc1cc(CCC(=O)NC(C)(C)C)cc2cc(O)ccc12
10.0,-8.69,-7.95,green,0,CC(C)c1ccc2nc(CCCC(=O)N(C)C)nc(CO)c2c1
10.0,-11.2,-10.08,red,0,CCN1C=Cc2c(OC)ccc3c4c(cc1c23)CN(CC(=O)Nc1cccc(C)c1)CC4
9.9,-10.69,-9.8,yellow,0,COc1ccc2c(NC(=O)N3CCN4C(=O)CCCCC4C3)cccc2c1O
9.9,-10.49,-9.65,yellow,0,O=C1C=Cc2ncnc3c2C1=CC1CCC(CN2CCCCC2=O)CC31
9.9,-10.49,-9.65,yellow,0,CCN(CC(=O)O)C(=O)c1cc2cccc3c2c(n1)-c1c(O)ccc2c1N3CCC2
9.9,-8.91,-8.2,green,0,CCC(CC1CCC(N2CCC(C)CC2=O)CC1)N1CCCC1=O
9.9,-8.51,-7.68,green,0,Cc1nc(O)c(-c2cnc(CC(N)=O)s2)cc1CC(C)C
9.9,-8.99,-8.29,green,0,CCc1ccc(CO)c(CCN2CCCCCC2=O)c1C
9.9,-11.23,-10.11,green,0,Cc1c2c(=O)n3c(c4c2c(c(=O)n1C(=O)CC(C)C(=O)O)C=CC4)CCCC3
9.9,-10.65,-9.76,yellow,0,CC(C)C1=CCC(O)c2ccn(CC3CCN4C(=O)CCCCC4C3)c(=O)c21
9.8,-10.74,-9.83,yellow,0,CCOc1ncc2c3c(c(CC)ccc13)NC(C(=O)N1CCCCC1)=C2
9.8,-8.68,-7.95,green,0,CCOc1cc(CC)c(C)n2nc(CCN3CCCCC3=O)c(CO)c12
9.8,-8.46,-7.61,green,0,CCCC(=O)N1CCN(c2cc(O)c(C(=O)OC(F)(F)F)cc2CCO)CC1
9.8,-9.59,-8.91,yellow,0,CCCC(=O)N1CCN(c2cc(O)c(Cc3ccccc3C)cc2CC)CC1
9.7,-11.74,-10.28,yellow,0,O=C1CCCc2c1cc1c(c2C(=O)O)COc2c-1ccc1cccc(O)c21
9.7,-9.1,-8.42,green,0,Cc1c(C(=O)O)ccc2c1c(=O)nc(Cc1ccccc1)n2CCO
9.7,-8.64,-7.87,green,0,COc1cc(CCCO)c2ccc(CC(=O)O)c(O)c2c1
9.7,-8.67,-7.93,green,0,CCCCC(=O)NC(=O)c1cc(O)cc2c(NCC)ccnc12
9.7,-10.58,-9.71,yellow,0,O=C(CCCC1=CN2C=NC3C=Cc4c(O)ccc1c4N32)N1CCCCC1
9.6,-9.26,-8.59,green,0,CNC(=O)CN1Cc2ccc(CN3CCC(CC(=O)O)C3=O)cc2C2(CCCC2)C1
9.6,-9.72,-9.04,yellow,0,CCCNC(=O)Cc1ccc2c(c1)c(=O)n1c(O)cc3c1n2CC=C3CCC
9.6,-8.37,-7.46,green,0,COC(=O)c1c(CN2CCC(C(N)=O)CC2)cc(C)cc1C(=O)O
9.6,-9.61,-8.94,yellow,0,COC(=O)C1=CC2=C3C(=C4CCN(CC(=O)O)C4CC3CCC(O)C2)C1
9.6,-10.78,-9.86,green,0,CNCc1cc2c3c(ccc4c3c1N1CCCN1C(=O)CC4)COC2=O
9.5,-8.86,-8.16,green,0,CCCN1C=C(CO)c2nc(C(=O)N(CC)CC(=O)O)cc3cccc1c23
9.5,-9.92,-9.23,green,0,CC1(CN2CCCCC2=O)CCC2c3c(ccc4c3C(=CCO4)C(O)C2O)O1
9.5,-8.74,-8.05,green,0,CCCn1c(=O)n(CCCN2CCCC(C)C2=O)c2ccc(OC)cc21
9.5,-9.81,-9.12,green,0,O=C(O)c1ccc2c(O)ccc(OCCN3CCCCC3=O)c2c1
9.5,-8.33,-7.36,green,0,CCC(=O)c1c(CN2CCC(C(N)=O)CC2)cccc1OC
9.5,-9.35,-8.66,green,0,COC(=O)c1cc(CC(=O)N2CCCCC2)nc2c1NC(OC(F)(F)F)=CC2
9.4,-9.06,-8.38,green,0,CCc1cc2c(cc1C(=O)O)C(Cc1ccccc1)CN(CCO)C2=O
9.4,-8.34,-7.42,green,0,O=C(O)Cc1cc(C2CCCC2CO)cc2c1OCCO2
9.4,-9.5,-8.82,yellow,0,COCC(CO)NC(=O)C1=C(O)C2=C(C)CCN2C(c2ccccc2)=C1
9.4,-9.2,-8.53,green,0,CCOc1cc(C(=O)N(C)C)c2nc(CC3CCCC(=O)N3)[nH]c2c1C
9.4,-9.84,-9.15,yellow,0,CCOC(=O)c1cc2c3c(c1)c(NC(C)C)nc(=O)n3C1CCCCC1O2
9.4,-9.12,-8.45,green,0,COCc1ccc2cc(CN3CCCC3=O)cc(CO)c2c1
9.3,-9.83,-9.14,yellow,0,CN1C(=O)C2=CCCC2c2ccc(CC(=O)N3CCN(CCCO)C(=O)C3)cc21
9.3,-8.77,-8.1,green,0,CCOc1cc(CC)c2c(c1)c(N)c(CCN1CCCCC1=O)n2C
9.3,-9.73,-9.06,yellow,0,CC(=O)NCc1c2c(nc3cccc(C)c13)C(C)CC(C)(C)C2
9.2,-8.54,-7.79,green,0,COCc1cc(Cc2ccn(CC(=O)O)c2)cc2c1CCC(C)O2
9.2,-8.39,-7.57,green,0,CN(C)Cc1cc(CCN(C)C2CCCC2)cc(C(=O)O)c1
9.2,-10.56,-9.71,green,0,CCNC(=O)CN1Cc2cc3c(O)c(OC)cc(C(C)(C)C)c3cc2CC1=O
9.2,-9.18,-8.52,yellow,0,CC1=C(C)C(=O)N2Cc3ccc(OC(C)C(=O)O)cc3C(CN)=C2C1
9.2,-9.3,-8.64,green,0,CCCCc1cc2c(CO)cc(CCN3CCNCC3=O)cc2cn1
9.2,-9.13,-8.47,green,0,CC(=O)N1C=C(C)Oc2ccc(C3CCN(CC(=O)O)C3)cc21
9.2,-8.87,-8.18,yellow,0,CCOc1cc(C(=O)O)cc(N(C)C(=O)CCN(CC)C(=O)c2ccc(O)cc2)c1
9.2,-11.59,-10.27,yellow,45,COc1cc2c3c4c5c(cc3c1)CC(CC(=O)O)C(=O)N5CCC4=CC2=O
9.1,-8.31,-7.35,green,0,CCCN(C(=O)OC)c1cccc(C(=O)N2CCC(=O)C2)c1
9.1,-9.36,-8.68,green,0,O=C(CC1CCC(N2CCCCC2=O)CC1)NCc1ccncc1
9.1,-8.65,-7.92,yellow,0,CCc1cc(C2C=CC(CC(=O)O)=C(CO)C2=O)cc(C)c1C(=O)O
9.1,-9.97,-9.28,green,0,CCN1CCC(C)c2nc(N)c(Cc3cccc(C(=O)O)c3)cc21
9.1,-8.49,-7.74,green,0,COc1ccc2c(c1)n(CC(=O)O)c(=O)n2CCCN1CCCC(C)C1=O
9.1,-8.79,-8.13,green,0,CCc1cc(C(=O)OC)c(CC)cc1NC(=O)CN1CCCCC1=O
9.1,-8.27,-7.23,green,0,CCCOc1c(CO)cc(C2CCN(C)CC2)cc1CC(=O)O
9.0,-9.58,-8.93,yellow,0,CCC1CC(CC2CCC(C(=O)O)CC2)C2CCC(C)C2C1=O
9.0,-9.89,-9.21,green,0,CCOC(=O)c1ccc2c(c1)c(NC(C)=O)nc(=O)n2C1CCCCC1
9.0,-11.51,-10.25,yellow,0,CC1(C)CC2=CC3=CC(CC(=O)N4CCCNCC4)C(=O)N3c3cccc(c32)C1
9.0,-10.99,-10.02,green,0,CNC(=O)C1(C)CCCC(n2cc3c(CO)c(C)cc4c3c(c2=O)CN(C)C4=O)C1
8.9,-11.59,-10.28,yellow,0,CN1CC(c2cccc3c2CN(C(=O)Cc2ccc(F)cc2C(=O)O)C3)=CC1=O
8.9,-9.68,-9.03,green,0,CCOC(=O)C1Cc2ccc(NCC(=O)O)cc2-c2ccccc21
8.9,-8.94,-8.27,green,0,CCCc1ccc(O)c(COc2ccc(C(=O)O)cc2)c1
8.9,-11.57,-10.27,green,0,O=C(O)CN1CCc2c(cc3cccc4c3c2C2CCOCC2C4=O)C1=O
8.9,-11.42,-10.21,yellow,0,CCC(=O)NCCN1C(=O)N2CCC(C)(C)c3cc4c5c(ccc1c5c32)CC(C)O4
8.9,-8.68,-8.02,green,0,Cc1cc(CCCO)c(CCC2CCC(C(=O)O)CC2)cn1
8.9,-9.43,-8.77,green,0,CCN1CCC(=O)c2nc(N)c(Cc3cccc(C(=O)O)c3)cc21
8.9,-9.67,-9.02,green,0,CN1C(=O)c2c(c(CO)cc3c2[nH]c(=O)n3C2CCCCC2)CC1CC(=O)O
8.9,-10.52,-9.69,yellow,0,COC1=CN2C(=CC(=O)N3C2=CCc2c3ccc3c2OCCC3C(=O)O)C=C1
8.8,-9.38,-8.72,yellow,0,CCC1=C2CC(=O)N(c3cc(C(=O)O)c(CC)cn3)CC2CC(C(=O)O)=C1
8.8,-10.59,-9.74,yellow,0,Cc1c(O)cc(O)c2cc3c(nc12)N(c1ccccc1)CN=C3N1CCCC1
8.8,-10.49,-9.67,green,0,CCc1cc(CC(=O)O)nc2c1C=C1C(CCC3CC(C(N)=O)CC13)C2
8.8,-10.49,-9.67,yellow,0,CCC1C=CC(=O)c2ccc3c(c21)CC(CC(=O)N1CCN(CCCO)C(=O)C1)=C3
8.8,-10.63,-9.77,yellow,0,CC(C)c1cccc2c1Cc1cc(O)cc3c(CN4CCCC4=O)cn(c13)C2=O
8.8,-10.45,-9.64,green,0,Cc1ccc2c(N3CC(C(=O)O)C(C)CC3=O)cccc2c1C(=O)NCC(=O)O
8.8,-9.9,-9.23,yellow,0,CC(C)C1=C2CC(C(=O)O)=Cc3c2n(c(=O)n3C2CCCCC2)CC1
8.8,-9.53,-8.88,green,0,COc1cc2c(CO)c(CCN3CCCCC3=O)nn2c2ccccc12
8.8,-10.05,-9.34,yellow,0,CCCC(=O)NCc1cnc2c(c1)CC(C)Cc1cc(C)ccc1-2
8.7,-9.95,-9.27,green,0,O=C(O)Cc1cc(CC(=O)N2CCCC2)c2c(c1)CC1C(O)CCC1O2
8.7,-8.33,-7.51,green,0,CC(C)(CO)C(=O)n1cc(CCN)c2c(c1=O)CCCCC=C2
8.7,-9.8,-9.13,green,0,CN1C(=O)CCc2c(C(=O)O)cc(CC3CCC(C(=O)O)CC3)cc21
8.7,-9.45,-8.8,yellow,0,CCC(C)n1c(=O)cc2c3c4c(ccc31)N(C(=O)O)C=CN4C(C)=CC2
8.6,-9.82,-9.15,green,0,CC(=O)N1CC=C(O)c2ncc(CC3CCC4CCC(=O)N4C3)cc21
8.6,-8.93,-8.27,green,0,Cc1c(C(=O)O)ccc2c1c(=O)nc(Oc1ccccc1)n2CCCO
8.6,-8.55,-7.83,green,0,COCc1cc(Cc2ccn(CC(=O)O)c2)cc2c1CCCO2
8.6,-10.11,-9.39,green,0,O=C(O)C1=NC=C(c2cccc(-c3cccc(C(=O)O)c3)c2)C1
8.6,-9.7,-9.05,yellow,0,COc1ccc2c(C)cc(CCC(=O)NC(C)(C)C)cc2c1
8.6,-8.95,-8.29,yellow,0,CCC1CC(C)Oc2c(C(=O)NCC(=O)CC(C)(C)C)cccc21
8.6,-9.26,-8.62,yellow,0,NC(=O)C1=C2CN(CCC3CCCC(C(=O)O)C3)CC=C2C(=O)C=C1O
8.5,-9.76,-9.1,green,0,O=C1CCCCN1Cc1ccc(O)c2c1CC1CCCN1C2=O
8.5,-8.33,-7.53,green,0,COC(=O)N(CCCO)c1cccc(C(=O)N2CCC(=O)C2)c1
8.5,-10.87,-9.96,green,0,CC(=O)N1CN=C(N2CCCC2)c2cc3c(nc21)-c1c(C)cc(O)cc1OC3O
8.5,-10.15,-9.43,green,0,Cc1c2c3c(c(=O)n1C(=O)CC(C)C(=O)O)CCCC3C1=CC(C)CN1C2=O
8.5,-12.29,-10.45,yellow,35,CC1C=C2c3cc(O)c4c5c3C(C)(CCCn5c(=O)n4C3CCCCC3)CN2C1
8.4,-10.01,-9.32,yellow,0,CCc1cn2c(cc1=O)C(C)C1=C(Cn3c(cccc3=O)C1)C2=O
8.4,-9.84,-9.17,green,0,CCC1C(C(=O)O)c2ccc3c([nH]c(=O)n3C3CCCCC3)c2C(=O)N1C
8.4,-9.1,-8.46,green,0,CCc1nc2c(C)c(O)ccc2n1CCCN1CCCC(C)C1=O
8.4,-9.98,-9.3,green,0,Cc1cccc2ccc3c(CO)c(CCN4CCCCC4=O)nn3c12
8.4,-8.66,-8.0,green,0,CCCCC(=O)NC(=O)c1cc(O)cc(C2CCNC2)c1
8.4,-8.56,-7.87,green,0,CC(C)c1cc(CCCO)c2n(c1=O)CCC(CC(=O)O)C2
8.4,-10.66,-9.81,green,0,CN1Cc2c(cc(C3=CCCC3)cc2CN2CCCC2=O)CC1=O
8.4,-8.32,-7.55,green,0,CCC1CN(C(=O)CCC#N)CC1c1cccc(OC)c1
8.4,-10.81,-9.91,yellow,0,Cc1cc2c3c4c1CCCCC4CCC3CN(C(=O)CCC(=O)O)C2
8.3,-12.29,-10.46,yellow,43,C=C1C=C(C2CCCC2)c2cc(NC(=O)CC3C(=O)N(C)CCC3C)cc(O)c2C1
8.3,-8.15,-6.86,green,0,Cc1ncc(C(=O)NC2CCCC2O)cc1CN(C)C
8.3,-9.68,-9.04,green,0,O=C(O)CCC1CCCN(C(=O)c2ccc3c(C(=O)O)cccc3c2)C1
8.3,-9.56,-8.93,yellow,0,CCC(C)NC(=O)CCc1cccc(-c2cccc(C(=O)O)c2)c1
8.3,-8.77,-8.15,green,0,CCC1C(=O)N(CC)c2c(CN)c(CCN3CCCCCC3=O)c(C)c(=O)n21
8.3,-9.71,-9.07,green,0,CC1CCN(C(=O)NCc2cccc(C(=O)NC(=O)CCCC(=O)O)c2)CC1
8.3,-11.33,-10.2,yellow,0,Cc1c(O)cc2cc(CC3CCC(C(=O)O)CC3)cc3c2c1CC(=O)N3C
8.3,-10.92,-10.0,green,0,CCN1CC2CCc3c(C(=O)NCC(=O)O)ccc4ccc(c2c34)C1=O
8.3,-10.69,-9.84,yellow,0,CC1CCN(C2CCC3CC(=O)NCC4=C(C=CC4)CCC3C2)C(=O)C1
8.3,-8.2,-7.15,green,0,CCOC1=CC=C2C(=C(CN)C=C(NC(C)(C)C)N2C)C1
8.3,-10.31,-9.54,green,0,Cc1nc(N)c(CCc2ccccc2)c2c1CC1(C)CC1O2
8.3,-8.27,-7.45,green,0,CCN(Cc1cc2c3c(ccn3c1)C(=O)CCOC2=O)C(=O)CCO
8.2,-8.23,-7.27,green,0,CCc1c2c(cn(Cn3cccc3)c1=O)CC(=O)C(C)N2
8.2,-10.59,-9.76,green,0,CCOc1cc2c(c3cc(C(=O)O)ccc13)CN(C(=O)CN1CCCC1)CC2
8.2,-10.03,-9.34,green,0,CN1C=CC2=C(O)CCc3nc(CC(=O)N4CCCCC4)cc1c32
8.2,-9.59,-8.96,green,0,CC(=O)Nc1nc(-c2ccc(C)nc2O)cc(N2CCCC2)c1C
8.2,-10.57,-9.74,green,0,CC12CCCn3c(=O)n(C4CCCCC4)c4c(O)c(C(N)=O)c(c1c43)CCC2O
8.1,-10.14,-9.43,green,0,COc1cc(C(=O)O)c2cc(N3CC(=O)N4CCCNC4C3)ccc2c1
8.1,-8.37,-7.67,yellow,0,C=C(C)c1cc(CC(=O)N(C)CCC2CCCC2)c(CO)cc1C(=O)O
8.1,-10.8,-9.91,yellow,0,O=C(O)c1cc(N2C=CC3C=CC=CC3=C2)cc2ccccc12
8.1,-10.83,-9.94,green,0,CN1C(=O)CC2CC(O)Cc3cc(CC4CCC(C(=O)O)CC4)cc1c32
8.1,-8.47,-7.79,green,0,COc1ccc2c(c1)cc(CN)n2C(=O)CCN1CCCCC1=O
8.1,-9.17,-8.55,green,0,CCc1c(C)c(C)n2c(=O)n(CCCN3CCCCC3=O)cc(C)c12
8.1,-9.87,-9.21,green,0,Cc1cccc(-c2cc3ncc4c(c3c(CO)n2)CCN(CC(=O)O)C4)c1
8.1,-9.62,-8.99,green,0,CCCC(=O)N1CCC(n2c(=O)n3c4c(cc(C(=O)O)cc42)CNCC3)C1
7.9,-11.95,-10.41,green,23,CC(C)Nc1nc(=O)n2c3c(cc4c(c13)CCC(=O)C4)OC1CCCCC12
7.9,-9.36,-8.72,green,0,CCCNC(=O)CN1Cc2cc3c(O)c(OC)cc(C(C)=O)c3cc2CC1=O
7.9,-9.58,-8.96,yellow,0,O=C1C=C2C=CC(O)=CC2CN1C1CCCN2C(=O)CCC2C1
7.9,-11.42,-10.25,yellow,0,CC1CCc2ccc(O)c3c(=O)c4c(CC5CCCC(C(=O)O)C5)c[nH]c4n1c23
7.9,-8.39,-7.7,yellow,0,CCCC1=CC(=O)NC2NC(CCCC(=O)N(C)C)=NC(CC)=C12
7.9,-8.11,-6.8,green,0,CC(C#N)c1cc(C2=CC=NC2)c(=O)n(CC(C)(C)CCO)c1
7.9,-9.21,-8.59,green,0,O=C(NCC1=CCC(O)c2ccccc21)C(F)(F)F
7.8,-8.21,-7.33,green,0,CCc1c(CO)cc(C(C)C)cc1CCCC(=O)O
7.8,-10.02,-9.34,green,0,O=C(O)Cc1c(O)ccc2c1OCc1c-2cc2c(c1C(=O)O)CCCC2=O
7.8,-8.12,-6.88,green,0,COC(=O)CCNC(=O)CC1CCC(N2CCCCC2=O)CC1
7.8,-10.15,-9.44,yellow,0,CC(C)(C)Cn1ccc2nc3c(c(N)c2c1=O)CCc1ccccc1-3
7.8,-9.48,-8.84,green,0,Cc1c(O)c(CO)cc2c(CCCC(=O)N3CCCCC3)cn(C)c12
7.8,-10.81,-9.93,green,0,CN(C(=O)CCN)C1CCc2c3c4c5c(ccc4c(=O)n2C1)CC=C(O)C5=CC3O
7.8,-9.79,-9.14,green,0,CC(O)c1cc(-c2cnccc2O)c2ncc3c(c2c1)CCCN(CC(=O)O)C3
7.8,-9.56,-8.94,green,0,CC(C)(C)c1ccc2c(c1)c(C(=O)O)cn2C(=O)N1CCNC(=O)C1
7.8,-9.54,-8.91,green,0,COc1c(C)cc2c3c1CC(O)=CC3CN(C(=O)CCC(=O)O)C2
7.8,-9.54,-8.91,green,0,CCN1CC(C)Cn2c(-c3cccc(C(=O)O)c3)cc(C)c2C1=O
7.7,-9.95,-9.29,green,0,O=C1c2ccccc2N2C(=O)CC(CCN3CCCCC3=O)CC2C1O
7.7,-8.62,-7.97,green,0,COc1ccc(CCC(=O)NCCC(=O)N2CCCCC2)cc1C
7.7,-9.44,-8.81,green,0,CCc1ccc2c3c1C(=O)N(C(=O)CC(C)(C)C(=O)O)C3CCCC2O
7.7,-8.48,-7.81,green,0,CCCC(=O)N1CCCC(c2cc(F)c(O)cc2O)C1
7.7,-8.39,-7.73,green,0,Cc1ccc(CN2CCC(C(N)=O)CC2)c(C(=O)O)c1
7.7,-8.78,-8.18,green,0,CC1C(=O)N2C=C(CCN3CCCC3=O)C(O)=CC2N2CCCC12
7.6,-11.16,-10.15,yellow,0,Cc1ccc2c3c(cc(CC(=O)O)c2c1)NC(=O)N(C1CCCCC1)C3
7.6,-9.61,-8.99,green,0,CN(C)C(=O)CCC1=Cn2c(nc3c4cccnc4ccc32)CC1
7.6,-10.17,-9.46,green,0,COc1ccc(CC(=O)N2CCCC2)c2c1CC1C(=O)CCC1O2
7.6,-8.44,-7.79,green,0,CCCN(C)C(=O)c1cccc(NCCC(=O)N2CCCCC2)c1
7.6,-10.22,-9.49,green,0,CCc1cnc(N2Cc3cccc4c3C(C2)C(C(=O)O)CC4)cc1C(=O)O
7.6,-11.25,-10.2,yellow,0,CCOc1c2c(c3ccc4c(c3c1C)CC1CCC(C(=O)O)N1C4=O)CCCO2
7.6,-8.11,-6.96,green,0,O=C(Cc1cccc(OC(F)(F)F)c1)NCCC(C(=O)O)C(F)(F)F
7.6,-8.21,-7.37,green,0,CCCC(=O)N1CCN(c2cc(O)c(CC(C)C)cc2CCO)CC1
7.6,-8.4,-7.75,green,0,COc1ccc2c(c1)N(C)C(=O)N1CC(NC(C)=O)CCC21
7.6,-8.13,-7.06,green,0,CC(C)(CCN1CSc2ccc(C(=O)O)cc21)CC(=O)O
7.6,-10.64,-9.82,yellow,0,Cc1cc(O)c2c3c(ccc(NC(=O)C4CCOCC(O)C4)c13)C(C)(C)CC2
7.5,-10.95,-10.05,yellow,0,O=C(O)c1cc2c(c3cc(O)ccc13)CCc1ccccc1-2
7.5,-10.46,-9.68,green,0,CN1CCCN(CCC(=O)Nc2cccc3c2COc2cc(O)ccc2-3)C1=O
7.5,-9.34,-8.71,yellow,0,COc1cc(Oc2cccc(C(C)=O)c2)c2oc(C)c(C(=O)O)c2c1
7.5,-8.71,-8.13,green,0,CC(=O)N(C)CCc1cc(C(=O)Nc2sccc2C)c[nH]c1=O
7.4,-10.18,-9.47,yellow,0,CCC(C)c1c(O)ccc2c1CCn1c-2ccc(C2=CC=CC2)c1=O
7.4,-11.06,-10.11,yellow,0,CN1C(=O)c2cc(O)cc3c2N2C1=CC(=O)N1C4CCCCC4OC(=C3O)C21
7.4,-9.09,-8.48,green,0,CC1CCC2C(C)C(=O)N3C=C(CCN4CCCC4=O)C(O)=CC3N2C1
7.4,-8.6,-7.96,green,0,CCc1c(C(=O)O)cc(CCCC(=O)O)c2c1C=CCO2
7.4,-11.59,-10.35,yellow,0,CCC1=CC(=O)C2CCCc3c4c(cc1c32)CN(CC(=O)Nc1ccccc1)CC4
7.4,-8.81,-8.21,green,0,CCCc1c2c(c3n(c1=O)CCC(CC(=O)O)C3)CC(O)C(C)C2
7.4,-8.54,-7.9,green,0,CCc1cc(CCC(=O)NCCC(=O)N2CCCCC2)ccc1OC
7.4,-8.66,-8.06,green,0,COC(=O)c1ccccc1CN1CCC(C(N)=O)CC1
7.4,-9.42,-8.8,green,0,CN(C)C(=O)Cc1c(CCC2CCC(C(=O)O)CC2)cnc2oc(=O)c(O)cc12
7.4,-9.1,-8.5,yellow,0,CCN(CC(C)C)c1cc2c(cc1O)CC(=O)c1cc(O)c(OC)cc1-2
7.4,-9.73,-9.11,green,0,CCc1c2n(c(=O)c3ccc(NC(=O)CCO)cc13)CC(NC(C)=O)CC2
7.3,-8.68,-8.11,green,0,CCn1c(C(=O)OC)c(C)c2c3c(ccc2c1=O)CN(CC(=O)O)CC3
7.3,-8.45,-7.81,green,0,CCC1n2c(c(CO)c3cccc(NC)c3c2=O)CCC1(C)C
7.3,-11.64,-10.37,yellow,0,CNC(=O)C1(C)CCCC(n2c(C)c3cc(C)cc4c3c(c2=O)CN(C)C4=O)C1
7.3,-9.86,-9.22,yellow,0,CCc1nc(=O)c2cc(N(C)C(=O)CCN(CC)C(=O)c3ccc(O)cc3)ccc2n1C
7.3,-10.78,-9.93,yellow,0,O=C(O)c1cccc(-c2cccc(-c3cccc(C(=O)O)c3)c2)c1
7.3,-11.21,-10.19,green,0,CNC(=O)CN1CC2=C3C=CCC4=C3N3C(=CC4O)C=Cc4ccc(c2c43)C1
7.3,-9.38,-8.76,green,0,O=C1CC=C2CN(Cc3cccc(C(=O)N4CCCCC4CO)c3)CCN12
7.2,-12.18,-10.51,yellow,48,Cc1c2c(c3c4c1NC(=O)N(C1CCCCC1)C4CC(O)C3)CCCC2
7.2,-10.6,-9.79,green,0,CNC(=O)CCC1=Cc2cc(O)c3cc(OC)ccc3c2CC1
7.2,-8.58,-7.95,green,0,CCc1nc(CCCC(=O)N(C)C)nc2cc(C)nc(NC(C)=O)c12
7.2,-11.41,-10.27,yellow,0,CC1C=Cc2ccc3c(=O)n(C(=O)CC(C)C(=O)O)cc4c3c2C1=C=C4
7.2,-10.28,-9.54,green,0,COc1cc(C(=O)O)c2cc(O)c(CC3CC4CCCC(=O)N4C3)cc2c1
7.2,-10.73,-9.9,green,0,CC(C(=O)O)c1cc2c3c(ccc(C(=O)O)c3c1)C(=O)N(CC(=O)N(C)C)C2
7.2,-8.07,-6.97,green,0,CN(C)Cc1ccc(O)c(CCN(C)C2CCCC2)c1
7.1,-10.41,-9.65,green,0,CNC1=C(N2CCC(N3CCCCC3=O)C2)Nc2c(C(=O)O)ccc3cccc1c23
7.1,-9.29,-8.67,green,0,CCCCC(=O)NC(=O)c1cc(Cl)cc2cc(C(=O)O)cnc12
7.1,-9.14,-8.55,green,0,CC1CC2C(C)C(=O)N3C=C(CCN4CCCC4=O)C(O)=CC3N2C1
7.1,-8.28,-7.61,green,0,COc1ccc(-n2ccc(C(=O)N3CCCC3C(=O)O)c2)cc1OCCO
7.1,-8.37,-7.75,green,0,CCCCc1cc(C)cn1CC(=O)CCN1CCN2C(=O)CCCCC2C1
7.1,-9.76,-9.13,green,0,O=C(O)CCC(=O)N1CCCCC1C(=O)Nc1cccc2cc(CO)c(CC(=O)O)cc12
7.1,-11.84,-10.43,green,0,CNC(=O)CN1Cc2ccc3c(=O)n4c5c6c3c2C(CC6CC(=O)N=C5CC4)C1
7.1,-10.13,-9.44,yellow,0,CCOC1=CC2=C(CN1)CN(C(=O)C1(C)CCCC1)c1ccccc12
7.1,-9.58,-8.98,green,0,CC(=O)NCC(=O)NC1CCc2c(cc(C(=O)O)cc2Oc2cccc(C)c2)C1
7.1,-10.56,-9.77,green,0,C=C1C(O)=Cc2c3n(c(=O)n(C)c2=O)C2CCC(N4CCCCC4=O)CC2CC13
7.1,-8.22,-7.5,green,0,CCOc1cccc2nc(CCCC(=O)N(C)C)nc(CC)c12
7.1,-8.56,-7.95,green,0,CCOc1cc(C(=O)O)c2c(c1)c(N)c(CCN1CCCCC1=O)n2C
7.1,-12.51,-10.58,yellow,8,CNC(=O)C1=C2C=CC=CC2c2ccc3c4c(ccc1c24)CN(CC(=O)O)C3
7.0,-11.07,-10.13,yellow,0,Cc1c2c(=O)n3c(c4c2c(c(=O)n1C(=O)CC(C)C(=O)O)CCC4)C=CC(=O)C3
7.0,-9.46,-8.85,green,0,COc1cc2cccc(O)c2n2nc(CCN3CCCCC3=O)c(C)c12
7.0,-9.21,-8.61,green,0,CCc1cc2c(cc1OC)N(C)C=CN2C1C=C2CCCC(=O)N2C1
7.0,-9.55,-8.95,green,0,CC1=c2oncc2=NC(C)c2nc3[nH]c(=O)n(C4CCCC4)cc-3c21
7.0,-10.55,-9.76,yellow,0,CC(C)(C)C(=O)N1C=C(CO)c2nc3c(c4nccc1c24)CCOc1ccccc1-3
7.0,-10.67,-9.86,green,0,CN1CCCN(CCC(=O)Nc2cccc(-c3cccc(O)c3)c2)C1=O
7.0,-10.32,-9.59,yellow,0,Cc1nc(N)c2c(c1CC(C)C)OC=C(c1ccccc1)C2
7.0,-10.97,-10.08,yellow,0,COc1cc2c(NC(=O)N3CCN4C(=O)CCCCC4C3)cccc2cc1C(=O)O
7.0,-10.29,-9.56,yellow,0,CCc1c(OC(F)(F)F)cc(C(C)C)c2ncc3c(c12)CCCN(CC(=O)O)C3
7.0,-8.24,-7.56,green,0,O=C(O)c1cc(CCO)cc(CN2CCCCC2=O)c1
6.9,-8.43,-7.82,green,0,COc1cc(CCN(C)C)c(CCC2CCC(C(=O)O)CC2)cn1
6.9,-9.9,-9.27,green,0,CCc1cc(CCC(=O)NCCC(=O)N2CCCCC2)cc2c1OCC=C2
6.9,-8.67,-8.11,green,0,CCC1CCC2CC(=O)n3cc(CN4CCCC4=O)c(C)c3CN12
6.9,-8.95,-8.36,green,0,CC(O)c1cc(CCC(=O)NCCC(=O)N2CCCCC2)cc(C(=O)O)c1
6.9,-8.23,-7.54,green,0,CN1CCC(c2cc(CO)c(OCC(=O)O)c(CC(=O)O)c2)CC1
6.9,-12.44,-10.58,yellow,9,CC1OCC2CC3CN(CC(=O)O)C(=O)c4cc5cccc6c5c(c43)C2C1C6
6.9,-11.57,-10.36,green,0,O=C1Nc2ccc3c(c2=CN1C1CCCCC1)=CC=C1C=CC=CN13
6.9,-10.02,-9.36,green,0,CCN(CC(=O)O)C(=O)c1cc2cccc3c2c(n1)CC1COCCC31
6.9,-8.21,-7.5,green,0,COc1ccc2c(c(N)c(CCN3CCCCC3=O)n2C)c1O
6.9,-8.52,-7.91,green,0,CCc1c(C(=O)O)cc(CCCC(=O)O)c2c1CCCO2
6.9,-9.25,-8.65,green,0,CCCc1nc(=O)c(C)c2n1CCC(CCN1CCCCC1=O)C2
6.9,-8.27,-7.62,green,0,CCc1nc2c(c(N)c(CCN3CCCCC3=O)n2C)c(=O)n1CC
6.9,-8.38,-7.79,green,0,CC=Cc1c2c(n(C)c1C)N(Cc1ccn(CCCO)c(=O)c1)CC(CO)=C2C#N
6.9,-10.54,-9.76,yellow,0,Cc1ccc2c(ccc3c2n(C)c(=O)n3CCCN2CCCC(C)C2=O)c1
6.8,-9.45,-8.84,green,0,Cc1ccc(O)c2c1[nH]c(=O)c1cc(CCN3CCCCC3=O)nn12
6.8,-8.74,-8.18,green,0,COc1cc2c(cc1O)C(O)CCC2C(=O)N(C)C1CCCC1
6.8,-11.42,-10.29,yellow,0,CCCC1=C2CCCc3c2c(c(C)c2nc(=O)n(C4CCCC4)c(=O)n32)OC1
6.8,-11.39,-10.28,yellow,0,CC=Cc1cc2cccc(NC(=O)N3CCN4C(=O)CCCCC4C3)c2cc1OC
6.8,-10.36,-9.62,green,0,CCN(CC(=O)O)C(=O)c1cc2cccc3c2c(n1)CC1CCC(O)CC31
6.8,-11.1,-10.15,yellow,0,CC(=O)NC1CCC(c2cccc(-c3cccc(O)c3)c2)CC1
6.8,-8.88,-8.28,green,0,CCc1cc(Cl)cc2c(=O)n(CCCN3CCCCC3=O)cnc12
6.7,-11.56,-10.36,yellow,0,Cc1cccc(NC(=O)CN2CCc3c(cc4c5c3C(O)CC(=O)C5CC(C)C4)C2)c1
6.7,-9.75,-9.13,yellow,0,CCc1c(NC(=O)C2=CCN=C2C)ccc2c1[nH]c(=O)n2C1CCCCC1
6.7,-10.88,-10.04,yellow,0,CC=Cc1c(NC(=O)CN2CCCCC2=O)cc2c3c1C=C(C)C(=O)C=3COC=2
6.7,-9.17,-8.59,green,0,CCc1cc(C(=O)O)cc2c(=O)n(CCCN3CCCCC3=O)cnc12
6.7,-9.17,-8.59,yellow,0,CCCC1CC(C)(C)Oc2c3c4c(c(=O)n21)C(O)CC(O)C4C(=O)C(C)=C3
6.7,-9.31,-8.71,yellow,0,O=C(O)c1cnc2c3c1NC(C(=O)N1CCCCC1)=CN3C=CC2O
6.6,-11.31,-10.26,yellow,0,CCc1cc2c3c(ccc(CCCC(=O)N4CCCCC4)c3c1)CC(=O)N2C
6.6,-8.62,-8.04,green,0,O=C(O)C1=NN(c2ccc3c(c2)CNCC3)CCC1
6.6,-8.29,-7.68,green,0,CCCc1cc(C(C)C)c(=O)n2c1CC(CC(=O)O)CC2
6.6,-10.06,-9.39,yellow,0,CCC(C)c1c(O)ccc2c1CCn1c-2ccc(C2=CCCC2)c1=O
6.6,-8.32,-7.74,green,0,CCCOc1ccc(CCN2CCCCC2=O)cc1C
6.5,-10.24,-9.53,yellow,0,O=C(O)c1cc2c3c(c1)n(C1CCCCC1)c(=O)n3CCC1N=NC=C21
6.5,-9.12,-8.55,green,0,CCc1c(=O)n(Cn2cccc2)cc2c(=O)cc(C3CCCC3)[nH]c12
6.5,-11.46,-10.33,green,0,CNC(=O)C1(C)CCCC(n2cc3c(O)c(C)cc4c3c(c2=O)CN(C)C4=O)C1
6.5,-10.22,-9.52,green,0,CC(O)C1=CCC(O)C(c2cn(C(=O)N3CCCC3)c3ccccc23)=C1
6.5,-10.68,-9.89,green,0,CC(=O)NCc1c2c(nc3c(C)cccc13)CCN(C1CC(=O)NCCO1)C2
6.4,-11.26,-10.25,yellow,0,Cc1ccc2c3c1Nc1[nH]c(=O)n(C4CCCCC4)c(=O)c1C3CCC2=O
6.4,-11.95,-10.5,yellow,0,Cc1cc(CN2C(=O)CCCC2O)cc2c3c4n(c(=O)c12)C(=O)CCCC4CCC3
6.4,-10.59,-9.81,green,0,CC1c2c(ccc3c2CCN(CC(=O)O)C3)C(=O)N2Cc3ccccc3NC12
6.4,-8.83,-8.26,green,0,CCC(=O)N1CCC2(CC1)CCN(c1ccccc1)C(=O)C2
6.4,-9.25,-8.66,green,0,COc1cc2c(n3nc(CCN4CCCCC4=O)c(CO)c13)CCCC2
6.3,-9.46,-8.87,green,0,O=C(O)c1cc(CN2CCCCC2=O)c2c(c1)C1CCC(O)C1CN2
6.3,-9.63,-9.04,yellow,0,O=C(O)C1=Cc2c3n(c(=O)n2C2CCCCC2)CCC(C(=O)O)=C3C1
6.3,-9.63,-9.04,green,0,COC1CCOc2c1cc(CC(=O)O)c1c(=O)n(C3CCCCC3)c(=O)[nH]c21
6.3,-10.65,-9.86,green,0,COC(=O)c1c2c3c(c4c(CN(C)C(=O)C5=NN=CC5)coc4cc3c3c1=NCC=3)C=CC2
6.3,-9.7,-9.11,green,0,Cc1c(CN2CCCC2=O)cn2c1CN1C(CC2=O)CC2CCCCC21
6.3,-11.16,-10.2,yellow,0,CCCC(=O)N1CCN(c2cc3c(C)cccc3c3c2CCCCC3)CC1
6.3,-12.1,-10.56,yellow,16,CCC1CCC2c3c(ccc4c3CN(CC(=O)O)C4)-c3ccccc3C12
6.3,-8.14,-7.42,green,0,CCC(=O)c1cc(C(=O)N(CC)CCO)nc2cc(O)ccc12
6.3,-8.17,-7.46,green,0,CC(C)(CCO)Cn1cc(C(N)=O)cc(-c2ccsc2)c1=O
6.3,-10.29,-9.58,yellow,0,CCc1cc(C)cc2c(=O)c(C)c(N3CCC(N4CCCCC4=O)C3)[nH]c12
6.2,-8.55,-7.98,green,0,Cc1cc2c(c(CNC(=O)CCCC(=O)OCCO)c1C)CCN(C)C2=O
6.2,-9.92,-9.3,yellow,0,CCc1cc2c3c(n1)C(=O)N=CC3C=C(C(=O)N1CCCCC1)N2
6.2,-9.65,-9.06,green,0,CC(=O)NCc1c2c(nc3ccccc13)C(C)CN1CC(=O)OC=C21
6.2,-9.24,-8.65,green,0,CN1CC(CNC(=O)CCc2cncc3c2CCC(C)(C)C3)CC1=O
6.2,-8.47,-7.9,green,0,Cc1cc(C(=O)O)cn(CCCN2CCCC(C)C2=O)c1=O
6.2,-11.9,-10.5,green,0,CNC(=O)C1CCC2Cc3c(ccc4c3CC(C(=O)NC(C)=O)CC4)CN21
6.2,-10.13,-9.46,green,0,CNC(=O)CC1CCC2c3ccc(C)c4c3C(CC2C1)NC(=O)C4
6.2,-10.14,-9.47,green,0,CC(=O)NC1CCC(c2cccc(-c3cnn(C)c3CN3CCNC3)c2)CC1
6.2,-11.36,-10.29,green,0,Cc1cc(CN2C(=O)CCCC2O)c2ccc3c4c(n(C(C)CO)c(=O)c1c24)CN=3
6.2,-8.28,-7.7,green,0,CCn1c(=O)c2c(N)c(CCN3CCCCC3=O)n(C)c2c2cscc21
6.1,-10.73,-9.93,green,0,CC1C(=O)N=C2CC3CC(CC(=O)N(C)C)CCC3c3cc(O)cc1c32
6.1,-9.32,-8.73,green,0,CC(C)c1cccc2c1cc(CN)n2C(=O)CCN1CCCCC1=O
6.1,-11.2,-10.23,yellow,0,Cc1cc2cccc3c2n(c1=O)Cc1c-3ccc2c1CCCN(CC(=O)O)C2
6.1,-8.92,-8.36,green,0,CCOC1C=Cc2nc(CC(=O)N3CCCCC3)cc(C(=O)OC)c2N1
6.1,-9.35,-8.76,green,0,Cc1c2c3c(n1C)N(Cc1ccn(CCCO)c(=O)c1)CCC3C(=O)C(C)CC2
6.0,-11.58,-10.41,green,0,CC1C=C2C3=NCC4=C3c3c5c(cc(O)c3N2C1)-c1cn(CC(=O)O)c(=O)n1CC5=CC4
6.0,-9.15,-8.59,yellow,0,Cc1cccc(O)c1Oc1cc2ccc3c(c2cc1CN)CN(C(=O)CCN)CCC3
6.0,-9.42,-8.83,green,0,Nc1ncc(N2CCCC2=O)cc1Cc1cccc(C(=O)O)c1
6.0,-8.63,-8.09,green,0,CC(=O)NCc1cc(C)nc(N)c1-c1cc2c(O)cc(O)cc2s1
6.0,-8.25,-7.68,green,0,CC(C)C(=O)NCCn1cc2c3c(ncnc31)NCCCOC2
6.0,-8.31,-7.77,green,0,CNCc1ccc(C(N)=O)c(CC(=O)N(C)C2CCCC2)c1
6.0,-10.19,-9.51,yellow,0,CCOC(=O)c1cc(OC)cc2c3c(ccc12)C(=O)N1C(CCCC1C(=O)N(C)C)C3
6.0,-9.97,-9.35,green,0,CC1(C)c2c(ccc3c2CCN(CC(=O)O)C3)C(=O)N2CCCCC21
6.0,-7.9,-6.82,green,0,CCC(C)CC(=O)CNC(=O)c1c(C)cn(CCC(=O)O)c1C
5.9,-8.79,-8.26,yellow,0,CCCN(C)C(=O)c1nn(CC2=C=CC=C2)c2c1CC(C(=O)O)=CC2=O
5.9,-8.7,-8.18,green,0,CCC1COC(=O)C1c1nc(CC(=O)O)c2cc(C(=O)O)nc(C)c2n1
5.9,-8.7,-8.18,green,0,CC=Cc1nc(C)c2n1CCC(CCN1CCCCC1=O)C2
5.9,-9.6,-9.03,green,0,COC1=Cc2c3n(c(=O)n(C)c2=O)C2CCC(N4CCCCC4=O)CC2CC3C1O
5.9,-9.57,-9.0,yellow,0,CCN(CCC(=O)N1CCC(=O)c2c(C(C)C)cc(C(=O)O)cc21)C(=O)c1ccc(O)cc1
5.9,-9.87,-9.26,yellow,0,CC(=O)NC1CCC(c2cccc(-c3cnn(C)c3CN3CCCC3)c2)CC1
5.9,-10.93,-10.1,yellow,0,O=C(O)C1=Cc2c3n(c(=O)n2C2CCCCC2)CCC(c2ccccc2)=C3C1
5.9,-11.37,-10.31,yellow,0,CC1=Cc2cccc3cc(CCN4CCCCCC4=O)c(CO)c(c23)C1=O
5.9,-9.78,-9.17,green,0,COc1cc2c3c(ccc4c3c1CN(CC(=O)O)C4)C(C)CC2C(=O)O
5.9,-8.65,-8.12,green,0,CCCc1cc(C2CCCN(C(=O)CCO)C2)ccc1C(=O)O
5.8,-7.92,-7.01,green,0,COc1ccc2nc(CCCC(=O)N(C)C)nc(CCO)c2c1
5.8,-12.06,-10.58,yellow,0,CC(C)(C)c1cc2c3c(c(N4CC(=O)N5CCCCC5C4)ccc3c1)C=NC2=O
5.8,-8.37,-7.84,green,0,CCOc1cc(CCN(C)C)c(CCC2CCC(C(=O)O)CC2)cn1
5.8,-11.69,-10.47,yellow,0,CCC1=C=Cc2ccc3c(=O)n(C(=O)CC(C)C(=O)O)cc4c3c2C1=C=C4
5.8,-12.41,-10.66,yellow,40,CC1CCc2c3c(c4ccc(O)cc4c21)CC(N1C(=O)CCCC1C)C(O)=C3
5.8,-8.96,-8.42,green,0,COc1c2ccccc2c(C(=O)O)c2nc3n(c12)CCN(CC(=O)O)C3
5.8,-8.1,-7.42,green,0,CCOc1cc(CC)c(NC(=O)CN2CCCCC2=O)cc1CN
5.8,-8.07,-7.36,green,0,COC(=O)CCc1cccc(CC(=O)NCC(C)C)c1
5.7,-10.1,-9.44,green,0,CN1C(=O)N(C)c2cc(CC(=O)N3CCCCC3)nc3cc(O)cc1c23
5.7,-8.36,-7.83,green,0,CN(C(=O)Cc1cc(CN)cc(C(=O)O)c1)C1CCCC1
5.7,-10.03,-9.39,green,0,O=C(O)CNc1ccc2c(c1)-c1ccccc1C(=O)C2
5.7,-9.33,-8.75,green,0,CCCc1cc(CC)cc(CNC(=O)CC2CCCN(C)C2=O)c1
5.7,-9.49,-8.91,green,0,CCCC(=O)N1CCCC(n2cc(-c3cc(CC)cc(C(=O)O)c3)[nH]c2=O)C1
5.6,-10.56,-9.81,yellow,0,C=C(C)c1cc2c(c3c4c(cnc13)CN(CC(=O)O)CCC4)OCCC2C
5.6,-10.27,-9.58,yellow,0,CCc1c2c(cc3ccc4c(c13)OCc1conc1CC4)CN(CC(=O)O)CC2
5.6,-11.37,-10.32,yellow,0,CC1(C)Cc2c(C(=O)O)cc3c(N4CCCCC4)ccc4c3c2N1C(=O)C4
5.6,-11.02,-10.16,green,0,COc1cc2c3c(c(N4CC(=O)N5CCCCC5C4)ccc3c1)CN(C)C2=O
5.6,-11.15,-10.22,yellow,0,CCOc1ccc2cc(CC(=O)N3CCCNCC3)c(=O)n3c2c1Nc1ccccc1-3
5.5,-11.91,-10.55,yellow,44,CCC1CCc2c3c(c4c(=O)n(C5CCCCC5)c(=O)[nH]c4c2C)NCC31
5.5,-10.25,-9.57,green,0,CC(=O)c1cc2c3c(c1)c(=O)n(CCCN1CCCCC1=O)c(=O)n3CCC2
5.5,-8.56,-8.05,yellow,0,CC(C)Oc1c2c(c3nccc(N4CCCCC4)c3c1O)CCN(C)C2
5.5,-11.44,-10.38,yellow,0,CC(=O)NC1CCC2c3ccc4c(c3N=C(C)N2C1)C1=CC(O)=CCC1CO4
5.5,-10.23,-9.54,green,0,CC1CC(=O)C(O)c2cc3c4c(ccc3c(=O)n21)CN(CC(=O)O)CC4
5.4,-9.99,-9.37,yellow,0,COc1cc(CC(=O)N(C)C2CCCC2)cc(-c2cccc(CCO)c2)c1O
5.4,-8.34,-7.84,yellow,0,COc1ccc2c(c1)Oc1c(cccc1OC(F)(F)F)NC2=O
5.4,-10.29,-9.6,yellow,0,O=C(O)c1cccc(CNC(=O)c2cccc(C(C(F)(F)F)C(F)(F)F)c2)c1
5.4,-10.56,-9.82,green,0,COc1c(O)c2c3c(ncc4c3c1CC(O)C4=O)N(C1CCCCC1)C(=O)C2
5.4,-9.54,-8.98,green,0,N#Cc1c(CO)c(CCN2CCCCCC2=O)cc2ccccc12
5.4,-8.92,-8.38,green,0,Cc1cc2n(c(=O)n1)CCN(Cc1cccc(C(=O)N3CCCCC3CO)c1)C2
5.4,-9.67,-9.1,yellow,0,CCc1c(OC)ccc2c(C)cc(CCC(=O)NC(C)(C)C)cc12
5.4,-11.02,-10.17,yellow,0,CCCC1CC(C)(C)Oc2c3c4c(c(=O)n21)C(O)CC(O)C4C1=CCC=CC1=C3
5.4,-7.95,-7.21,green,0,CN1CCN(c2cccc(OC(F)(F)F)c2)CC1=O
5.4,-8.96,-8.44,green,0,CC(C)(C)CC(=O)CNC(=O)c1cccc2c1OC1CCNCC1C2=O
5.3,-11.74,-10.52,yellow,0,NC1=Cc2c(N3CCCC3)ccc3[nH]c(=O)c4c(c23)C1CC1=C4CCCC1
5.3,-8.95,-8.42,green,0,O=C(O)Cc1cc(C2CCCCC2)cc2c1OCCO2
5.3,-10.05,-9.41,green,0,CC1Cc2cccc3c(=O)n(CCCN4CCCCC4=O)c(=O)n(c23)C1
5.3,-9.3,-8.74,yellow,0,CC1C=C(O)C(C(N)=O)=C2CN(CCC3CCCC(C(=O)O)C3)CC=C21
5.3,-11.42,-10.37,yellow,0,O=C(CN1CCc2cc3c(cc2C1)N1CCCC1c1ccncc1-3)Nc1ccccc1
5.3,-8.3,-7.8,green,0,CCOc1cc(OC)cc2c1c(=O)n(C1CCCCC1)c(=O)n2CC
5.2,-10.33,-9.64,yellow,0,CCC1CCCC(=Cc2ccc3c(C(=O)O)cnc(CCNC(C)=O)c3c2)C1
5.2,-10.78,-10.01,yellow,0,CC1CN2CCC3(CCCC(C(=O)O)C3)CC3CC=C4C(=O)CCC1C4=C32
5.2,-8.32,-7.83,green,0,CCc1cc(C(=O)N(CC)CC(=O)O)nc2cc(OC)c(OC)cc12
5.2,-8.84,-8.3,yellow,0,CC1(CC(=O)O)CCc2cc3c(c(CCCO)c2C1)OC(C)(C)CC3
5.2,-10.95,-10.14,green,0,O=C1CCC2CCOc3cc4[nH]c(=O)n(C5CCCCC5)c(=O)c4c(c32)N1
5.2,-9.75,-9.16,yellow,0,Cc1c(C(=O)N2CCCCC2)nc2ccc(C(=O)O)cc2c1-n1cccc1
5.2,-10.91,-10.12,green,0,Cc1cc2c3c4c1CC1CC1C4CCC3CN(C(=O)CCC(=O)O)C2
5.1,-7.91,-7.2,green,0,CCc1c2n(c(C(C)C)cc1=O)C(=O)N(CC(C)(C)C)C2
5.1,-9.81,-9.22,green,0,CCN(CCO)C1CCN(C(=O)c2cc(C(=O)O)c3c(c2)-c2ccccc2CC3)C1
5.1,-9.61,-9.05,green,0,CC=CC1=C=C(C(=O)N(C)CCC)NC2=C1CC(=O)n1ccc(=O)cc12
5.1,-10.77,-10.0,yellow,0,COc1ccc2c(CCCC(=O)N3CCCCC3)ccc3c2c1CCC3
5.1,-10.65,-9.9,yellow,0,CC=Cc1c(NC(=O)CN2CCCCC2=O)cc2coc(=O)c3c2c1C=C(C)C3
5.0,-9.23,-8.67,green,0,Cn1ccc2c(CN3CCC(C(N)=O)CC3)cccc2c1=O
5.0,-9.85,-9.26,green,0,Cc1ccc2c(CN3CCC(C(N)=O)CC3)cccc2c1
5.0,-8.07,-7.5,yellow,0,CCCOc1cc(O)c(C(=O)N(C)CCC)c2nc(CCC)c(O)c(O)c12
5.0,-11.2,-10.27,green,0,Cc1[nH]c2c3c(nc(=O)n2C2CCCCC2)N2CCOC4OCC5C(c13)C5C42
5.0,-11.16,-10.25,yellow,0,CC(=O)c1ccc2c3c1C=NC(=O)C3=CC1CC3CC(C(=O)NCCO)CCC3C21
5.0,-9.13,-8.6,green,0,Cc1nc2c3c(n1)C1CC1N(C(=O)N1CCCC1)CC3CCC2O
5.0,-8.41,-7.92,green,0,COc1nc2n(c(=O)c1C)C(CO)CC(CCN1CCCCC1=O)C2
5.0,-8.97,-8.45,green,0,COc1cc2c(cc1OC)N(C)C(=O)CC2c1cccc(C(=O)O)c1
5.0,-10.44,-9.73,green,0,O=C(O)CNC(=O)C1CCCN(CC2CCc3cccc4c3C2CC(O)C4=O)C1
5.0,-8.08,-7.52,green,0,CCC1CC(C)(C)Oc2c(CC(=O)O)cc(C(O)C(C)=O)c(=O)n21
4.9,-12.35,-10.74,yellow,41,CC1CCN2C(=O)Cc3cnc4c5c(cc1c2c35)CC(=O)N4C1CCCCC1
4.9,-11.57,-10.47,yellow,0,CC(C)CNC(=O)CN1CCc2cc3c(C(=O)O)ccc4c3c3c2C1CCC3=CC4
4.9,-7.91,-7.22,green,0,NCc1ccc(OCCN2CCCCC2=O)c(CCO)c1
4.9,-11.49,-10.44,yellow,0,CC1=CC2=CCCCc3cc(CCN4CCCCCC4=O)c(CO)c(c32)C1=O
4.9,-8.3,-7.82,green,0,COc1c(C(=O)O)c(NC(C)=O)cc2c1N1CCN(CC(=O)O)CC1CC2C
4.9,-9.94,-9.35,green,0,CCc1ccc2c(=O)n(C(=O)CC(C)(C)C(=O)O)c3c(c2n1)CCCC3
4.9,-12.08,-10.66,green,0,O=C1NCC2=C=C(C(=O)N3CCCCC3)Nc3c2c1nc1ccccc31
4.9,-8.18,-7.68,green,0,COC(=O)c1cc(C)cc(C(=O)NCC(C)(C)C)c1
4.9,-8.18,-7.68,green,0,CCNC(=O)Cc1nc(=O)c2c(C)c(C(=O)O)ccc2n1CC
4.9,-11.87,-10.58,yellow,50,O=C1CCCCN1CC1CCC2c3c(ccc4c3-c3c(cccc3C2O)CO4)O1
4.9,-9.25,-8.71,green,0,O=C(O)CNC(=O)c1ccc2c(c1)ncn2C(=O)NC1CCCCC1
4.9,-9.41,-8.86,green,0,CCN(CC(=O)O)C(=O)c1cc2cccc3c2c(n1)C(CO)=C1CCCCN13
4.8,-9.02,-8.51,green,0,CC(CC1CCC(N2CCCCC2=O)CC1)n1cccc(CO)c1=O
4.8,-9.23,-8.68,green,0,COC(=O)n1cc(Cc2ccc(O)c(C(=O)O)c2)cc(C(=O)O)c1=O
4.8,-8.54,-8.06,green,0,COC(=O)C1C=Cc2c(O)c(C)cc(CC(=O)N3CCCC3)c2O1
4.8,-8.77,-8.28,yellow,0,CCOc1ccc2nc(C(=O)N3CCCCC3)c(C)c(N(C)C)c2c1
4.8,-9.4,-8.84,yellow,0,CNc1cc(-c2cccc(C(=O)NCC(=O)CC(C)(C)C)c2)ccn1
4.7,-8.99,-8.48,green,0,CCCC(=O)N1CCN(c2cc3c(cc2CNC)CC(C)(C)CC3)CC1
4.7,-7.76,-6.9,green,0,CCCCn1cc(CCN2CCCC2=O)c(O)c(O)c1=O
4.7,-7.83,-7.14,green,0,CC(C)(CCN1CSc2c(OCCO)cc(C(=O)O)cc21)CC(=O)O
4.7,-7.79,-7.01,green,0,CCCCc1c(C(=O)NCC(=O)CC(C)CC)c(C)cn1CCC(=O)O
4.7,-9.77,-9.19,green,0,CC1(C)CC(O)Cc2cc3c4c(ccc3c(=O)n21)CN(CC(=O)O)CC4
4.7,-8.75,-8.27,green,0,CN1C(=O)NC(CCCO)c2cc3c(N4CCCCC4)ccnc3nc21
4.6,-9.29,-8.75,green,0,CCc1cc(CCC(=O)NCCC(=O)N2CCCCC2)cc(C)c1O
4.6,-9.25,-8.72,green,0,CCCOc1cc2c(=O)n(C)c(=O)n(C3CCCC(C(=O)O)C3)c2cc1O
4.6,-11.67,-10.54,yellow,0,COc1ccc2c(O)c3c4c(c2c1)C(=O)CCCn4c(=O)n3C1CCCCC1
4.6,-11.62,-10.53,yellow,0,O=c1nc2c3c4c(cnc3n1C1CCCCC1)CC(O)=CC4C1CCCCN21
4.6,-9.04,-8.54,green,0,CCc1c2n(c3c(c1=O)CCCC3)C(=O)N(CC(C)(C)C)C2
4.6,-10.96,-10.16,green,0,O=C(O)CC1Cc2cc3c4c(ccc5c4c2N(CC5)C1=O)CC(=O)C3O
4.5,-12.63,-10.84,yellow,5,O=C(O)CN1Cc2ccc3c4c5c(cc(c24)C1)C=NC(=O)C5=C1C=CC=CC13
4.5,-9.13,-8.61,green,0,COc1ccc2c3c1c(N)c(CCN1CCCCC1=O)n3CCCC2O
4.5,-10.56,-9.84,green,0,CNC(=O)CN1Cc2ccc(OC)c3c2C(Cc2c-3ccc(C(=O)O)c2O)C1
4.5,-11.99,-10.65,yellow,34,CN(C)C(=O)CC1CCC2c3cc(O)c4c5c3C(=CC(=O)C5=CCC4)CC2C1
4.5,-9.0,-8.5,green,0,O=C(O)CCc1cc(O)c2ccccc2c1CN1CCCC1=O
4.5,-7.91,-7.35,green,0,CCCCc1nc(CO)c2c3c(cnc2c1CC)CN(CC(=O)O)CC3
4.5,-11.75,-10.58,yellow,0,O=C1N(C2CCCCC2)Cc2c3c4c(c(=O)oc-4cc4ncn1c24)CC=C3
4.5,-10.72,-9.98,yellow,0,Cn1c(=O)c2c(N3CCC4CCCC4C3)c(O)cc3c2n(c1=O)C1CCCCC1C3
4.5,-10.32,-9.65,yellow,0,CCc1cnc(N2Cc3cccc4c3C(C2)C(CO)C(C)C4C)cc1C(=O)O
4.5,-7.92,-7.39,green,0,CCC(CC1CCC(N2CCC(C)CC2=O)CC1)N1CCCC(O)C1=O
4.5,-10.03,-9.42,yellow,0,CC(C)(C)C(=O)N1C=C(CO)c2nc3c(c4nccc1c24)CCc1sccc1-3
4.5,-9.88,-9.3,green,0,CC(=O)NCc1c2c(nc3c(O)ccc(C)c13)CCn1ccc(=O)cc1-2
4.4,-9.89,-9.31,green,0,NC1CCCN(c2cccc(-n3ccc(=O)c(N4C=C(CO)C=CC4)c3)c2)C1=O
4.4,-8.06,-7.57,green,0,CCC(CC1CCC(N2CCCCC2=O)CC1)N1CCC(O)C1=O
4.4,-9.31,-8.77,green,0,COC(=O)N1CCN(Cc2cccc(C(=O)N3CCCCC3CO)c2)CC1
4.4,-12.81,-10.87,yellow,13,CC1Nc2cccc3c2-c2nc4c(cc21)C(N1CCCC1)=NCN4COCCC3
4.4,-10.73,-9.99,yellow,0,CC1=CC2CC=Cc3ncnc4c(CCN5CCCCC5=O)nc1c2c34
4.4,-9.03,-8.53,yellow,0,CCc1c(O)c(C(=O)N2CCC(C)CC2)c2c(c1CNC(=O)c1ccon1)CCCO2
4.4,-9.18,-8.65,green,0,CC1CCCN(CCCn2c(CCO)cc3ccccc3c2=O)C1=O
4.4,-8.69,-8.24,green,0,COc1ccc2c(NC(=O)C(C)(C)C)cccc2c1
4.4,-12.34,-10.8,yellow,20,O=c1nc2c3c4c(cnc3n1C1CCCCC1)CC(O)=CC4=C1CCCCN12
4.4,-10.85,-10.1,green,0,CN1CC2CCc3c(C(=O)NCC(=O)O)ccc4ccc(c2c34)C1=O
4.3,-10.66,-9.93,green,0,CCNC(=O)CC1(O)CCCN(c2cc3c4c(cc(O)cc4c2)CCC3)C1=O
4.3,-10.91,-10.15,yellow,0,CCC1CCc2c(c(NC)c3c(=O)n(C4CCCCC4)c(=O)[nH]c3c2C)C1
4.3,-8.89,-8.39,green,0,CCOc1cc(C)c2ncc3c(c2c1)CCCN(CC(=O)O)C3
4.3,-11.88,-10.62,yellow,0,CC=CC1=CC(=O)c2cc3c4c(c2=C1)=C(C)CCn4c(=O)n3C1CCCCC1
4.3,-12.09,-10.72,yellow,37,CNC(=O)C1(C)CCCC(n2cc3c(O)c(C)cc4c3c(c2=O)C=C(C)C4=O)C1
4.3,-9.63,-9.09,green,0,COc1cc2c(NC(=O)N3CCN4C(=O)CC(O)CCC4C3)cccc2cc1C#N
4.3,-9.26,-8.73,green,0,COc1ccc2nc(CC(=O)N3CCCCC3)cc(C(=O)O)c2c1
4.3,-7.92,-7.45,green,0,CC=C(CC)c1cc(=O)n(CCCN2CCCCC2=O)cn1
4.2,-8.01,-7.52,green,0,CC(=O)C1CCCC(NC(=O)C2CCCC(C(=O)O)C2)C1
4.2,-11.43,-10.44,yellow,0,CC1=Cc2c(C)ccc3cc(CCN4CCCCCC4=O)c(CO)c(c23)C1=O
4.2,-10.78,-10.05,green,0,CCN(C(=O)CO)C1=CCn2c(c3c4c5c(cccc5ccc42)C(O)CC3)C1
4.2,-8.34,-7.91,green,0,CCc1sc(C(=O)Nc2cccc(C(=O)NC)c2)cc1C(=O)O
4.2,-7.82,-7.25,green,0,CCCc1nc2ccn(CC(C)(C)C)c(=O)c2cc1OC
4.2,-11.57,-10.53,yellow,0,O=C(O)CN1Cc2ccc3c(c2C1)C1CCC(C(=O)O)C1c1ccccc1-3
4.2,-7.84,-7.33,green,0,CCOc1cccc(CN2CCC(C(N)=O)CC2)c1CC
4.2,-11.21,-10.31,yellow,0,CC1CCC2=Cc3cc(C(=O)O)c4cccc5c4c3C2N1C(=O)CC5
4.2,-11.89,-10.64,yellow,0,CC1=CCc2c(c3c4n(c2=O)-c2cncc5c2C(CN(CC(=O)O)C5)C4=CC3)C1=O
4.1,-7.83,-7.32,green,0,COc1ccc2nc(CCCC(=O)N(C)C)nc(CO)c2c1
4.1,-7.74,-7.08,green,0,CCOc1c(OC)ccc2nc(CCCC(=O)N(C)C)nc(CO)c12
4.1,-8.46,-8.03,green,0,COc1cc(C)nc2c1CN1C(=O)C(CC(=O)O)CCC1=C2
4.1,-10.58,-9.87,yellow,0,CCN(C(C)=O)c1ccc2cc(OC)c(-c3ccc(O)c(C)c3)cc2c1
4.1,-12.1,-10.76,yellow,38,Cc1ccc2c3c1Nc1[nH]c(=O)n(C4CCCCC4)c(=O)c1C3C=CC2=O
4.1,-12.22,-10.79,yellow,32,CC(=O)NC1CCC2c3ccc4c5c3C(COc3cc(C)cc(c3-5)OC4)C2C1
4.1,-9.95,-9.37,yellow,0,CCCNC(=O)Cc1ccc2c(c1)c(=O)n1c(O)cc3c1n2CC=C3c1ccoc1
4.1,-11.23,-10.33,green,0,O=C(c1cc2ccc3c(c2cc1O)CC(CO)C1CCCN1C3=O)N1CCCC1
4.1,-9.49,-8.96,green,0,O=C(O)CCC(=O)N1C(=O)c2ccccc2C2CCCC21
4.1,-12.14,-10.78,yellow,0,O=C1OC2CCCc3c(O)c4c5c(ncc1c5c32)N(C1CCCCC1)C(=O)C4
4.1,-9.19,-8.66,green,0,CCn1ccc(=O)n(-c2ccc3c4c(ccc3c2)CCCN(C(=O)CCN)C4)c1=O
4.1,-9.48,-8.95,green,0,COC1=Cc2c(cc3c(OC)cccc3c2CN2CCCC2=O)N(O)C1
4.0,-9.2,-8.67,green,0,COc1ccc2c3c1CCC1CCC(CCC(N)=O)CC1C3N=C2C(=O)O
4.0,-8.19,-7.78,green,0,CN(C)Cc1cc(CCN(C)C2CCCC2)cc(C(N)=O)c1
4.0,-7.67,-7.0,green,0,COc1ccc2c(c1)N(CCC(C)(C)CC(=O)O)CS2
4.0,-7.54,-6.72,green,0,COc1cc(CNC(=O)C(C)(C)C)c(C(=O)O)cc1OC
4.0,-8.03,-7.59,green,0,CC1CCN(C2CCC(CC(=O)NC(C)C(=O)O)CC2)C(=O)C1
4.0,-8.8,-8.33,green,0,CCCCC(=O)NC(=O)c1cc(C(=O)O)cc2c(O)ccnc12
3.9,-9.97,-9.39,yellow,0,O=C1CCCCN1CCC(=O)n1ccc2c(-c3cccnc3)cc(O)cc21
3.9,-12.35,-10.87,yellow,12,CNC(=O)CN1Cc2ccc3c4c2C(CC2CC(=O)N=C5CC=C(C3=O)C5=C42)C1
3.9,-8.69,-8.26,green,0,CCCOc1cc2c(=O)n(C3CCCCC3)c(=O)[nH]c2cc1OC
3.9,-8.61,-8.17,yellow,0,CCC(CC1CCC(N2CCC(C)CC2=O)CC1)n1cccc(O)c1=O
3.9,-9.45,-8.93,green,0,Nc1ncc(N2CCCNC2=O)cc1Cc1cccc(C(=O)O)c1
3.9,-9.42,-8.89,green,0,COc1cc2cccc(NC(=O)CCN3CCCCC3=O)c2cc1CCN
3.8,-12.25,-10.82,green,27,O=C(c1cc2ccc3c(c2cc1O)CC1COC2CCN(C3=O)C12)N1CCCC1
3.8,-10.12,-9.5,yellow,0,Cc1cc2c3c(c1O)CCC1N=CN(C=C2CCCC(=O)N2CCCCC2)N31
3.8,-9.05,-8.57,green,0,CCCC(=O)N1CCN(c2cc(O)c(CC)c3c2CCCC(C(=O)O)O3)CC1
3.8,-7.9,-7.46,green,0,CCCOC(=O)CCC(=O)NCC1C=Nc2nc(CC)c(C)cc21
3.8,-8.03,-7.6,green,0,CCOc1c(CN(C)C)cc2c(cc(CC(=O)O)c(=O)n2C)c1C
3.8,-8.04,-7.62,green,0,CCCOc1cc(O)c(C(=O)N(C)CCC)c2nc(C(=O)O)c(O)c(O)c12
3.8,-11.66,-10.6,yellow,0,Cc1cccc2c1Cc1cc(O)cc3c(CN4CCCC4=O)cn(c13)C2=O
3.8,-9.77,-9.21,yellow,0,CN1CCCN(CC(=O)N2CCC(c3csc(-c4ccccc4)c3)C2)C1=O
3.7,-12.75,-10.93,green,10,CNC(=O)C1CCC2C3Cc4cc(C(=O)O)cc5c4-c4c(ccc(c43)CN12)CC5=O
3.7,-11.25,-10.37,yellow,0,CC1Cc2cccc3cc(CCN4CCCCCC4=O)c(CO)c(c23)C1=O
3.7,-10.06,-9.45,green,0,CCCC(=O)N1CCC(n2c3c(c4c(CC)cccc4c2=O)C=CC(O)C3)C1
3.7,-10.27,-9.63,yellow,0,CC1=CCCCCOc2ccc3c(c2)C(=NC1=O)NC(=O)N3C1CCCC1
3.6,-9.61,-9.09,green,0,Cc1c(CC(C)CC(=O)O)nc2cccc3c2c1CC(=O)C3
3.6,-9.92,-9.36,yellow,0,CCN(CC(C)C)c1cc2c(cc1O)CC(=O)c1cc(C(C)=O)c(O)cc1-2
3.6,-10.65,-9.95,yellow,0,COC1=Cc2c3n(c(=O)c4cccc(c24)C1=O)CCC(CC(=O)O)C3
3.5,-10.21,-9.58,yellow,0,NCCc1cc(Cl)cc2cc3ncn(C(=O)NC4CCCCC4)c3cc12
3.5,-10.22,-9.59,green,0,COC1=CNc2c(c(=O)n(C)c3[nH]c(=O)n(C4CCCCC4)c(=O)c23)C1
3.5,-9.77,-9.22,yellow,0,CNC(=O)CC1CCC2Cc3nc(-c4cccc(C)c4)c(O)n3CC2C1
3.5,-10.48,-9.81,green,0,CN1Cc2cc(O)cc3nc(CC(=O)N4CCCCC4)cc(c23)C1=O
3.5,-10.21,-9.58,yellow,0,CCN(CC(C)C)c1c(O)cc2cc(O)c3c4c2c1CCC4=CC(=O)C3
3.5,-10.13,-9.52,yellow,0,CC(=O)c1cccc2c1Oc1ccc(CN3CCOCCC3=O)cc1CC2
3.5,-8.27,-7.88,green,0,CCCc1nc2c(c(N)c(CCN3CCCCC3=O)n2C)c(=O)n1C
3.5,-7.46,-6.82,green,0,COc1cc(C(N)=O)cc(CCCC(=O)O)c1OC
3.5,-12.82,-10.96,yellow,6,O=C(O)CN1Cc2ccc3c4c5c(cc(c24)C1)COC(=O)C5=C1C=CC=CC13
3.4,-7.66,-7.15,green,0,CCC(C)C1CCC(CC(=O)N(C)CC(C)O)C1
3.4,-8.41,-8.03,green,0,Cc1cc(C(=O)O)cc(CN(C)C)c1Oc1ccc(C(=O)O)cc1
3.4,-10.44,-9.77,green,0,O=C(O)c1ccc2c(OCCO)cc3c(c2c1)CN(C(=O)CN1CCCC1)CC3
3.4,-8.18,-7.8,green,0,COC1=Cc2c(cn(C(=O)C(C)(C)CO)c(=O)c2CC(C)C)CC1O
3.4,-9.43,-8.91,yellow,0,CCc1cc(CN)cc2c(CCCC(=O)N3CCCCC3)cn(C)c12
3.4,-7.86,-7.49,green,0,CCCOc1ccc(CCN2CCCCC2=O)cc1O
3.4,-8.07,-7.69,green,0,CCC=CC1=C2C(=NC1)COc1c(CN(CC)C(=O)CCO)cc(CNC)cc12
3.3,-8.16,-7.79,green,0,CCN(CCCO)Cc1cccc(NC(=O)CCN2CCCCC2=O)c1
3.3,-9.56,-9.05,green,0,Cc1ccn(Cc2ccc3c(C(=O)O)cccc3c2)c(=O)c1
3.3,-9.11,-8.63,green,0,CCc1ccc2nc(CC(C)CC(=O)O)c(C)c(C(=O)O)c2c1
3.3,-10.54,-9.86,yellow,0,CC1Oc2cccc3c2-c2nc4c(cc21)C(N1CCCC1)=NCN4COCCN3
3.3,-8.68,-8.27,green,0,COC1OC(C)Oc2cccc(CN3CCC(C(N)=O)CC3)c21
3.3,-7.77,-7.36,green,0,Cc1c(C(=O)O)cc2nc(Cn3ccnc3)oc2c1F
3.3,-7.43,-6.78,green,0,COc1cc(C(=O)O)cc(CCCC(=O)O)c1OC
3.3,-7.7,-7.25,yellow,0,CCOc1cc(C)cc2c1SCN2CCC(C)(C)CC(=O)O
3.2,-10.14,-9.53,green,0,CC(CC(N)=O)Cc1cccc(C(=O)NC2CCC3CCCC32)c1
3.2,-9.98,-9.41,green,0,O=C(O)c1cc(CCN2CCCCCC2=O)cc2ccccc12
3.2,-9.73,-9.2,yellow,0,CC=CC1=CC(=O)C(O)c2cc(C(=O)N3CCCCC3C(=O)N(C)C)ccc21
3.2,-8.08,-7.72,green,0,COc1cc(C(=O)O)cc(CN(C)C)c1Oc1ccc(C(=O)O)cc1
3.2,-7.49,-7.0,green,0,CCCC(=O)N1CCOC(Cn2cnc3c(N(C)CCC)ncnc32)C1
3.2,-9.03,-8.57,green,0,Cc1c(O)ccc2c1n(C)c(=O)n2CCC1CCCC(C(=O)O)C1
3.2,-9.04,-8.58,green,0,CC1=Cc2c(cccc2C(=O)NC2CCC(C(=O)O)C2)CN1CCO
3.1,-10.88,-10.18,green,0,CNC(=O)CN1CCc2c(ccc3c(=O)n4c(cc23)-c2cc(O)ccc2CC4)C1
3.1,-9.64,-9.12,yellow,0,CCOc1ccc2c3c(cc(CO)cc13)N(C1CCCC(C(=O)O)C1)C(=O)N2C
3.1,-8.72,-8.3,green,0,CC(O)c1cc(C(=O)O)c(O)cc1NC(=O)N1C(=O)CCC1(C)C
3.1,-11.75,-10.69,yellow,0,O=C(CN1CCc2cc3c(cc2C1)N1C(=O)CC=C1c1ccncc1-3)Nc1ccccc1
3.1,-7.64,-7.21,yellow,0,CC(C)n1cc(CC2=CCC(CC(=O)O)N(C)C2=O)cn1
3.1,-7.95,-7.62,green,0,CN(C)Cc1cc(C(=O)O)cc(CN)c1Oc1ccc(C(=O)O)cc1
3.1,-8.74,-8.32,green,0,Cc1cc(CCC(=O)O)c(CCC2CCC(C(=O)O)CC2)cn1
3.1,-11.64,-10.64,yellow,0,Cc1cc2c(CCCC(=O)N3CCCCC3)ccc3c2c(c1O)CCC3
3.0,-8.58,-8.18,green,0,Cc1ncnc2c1C=C(O)CC2CCCN1CCCCC1=O
3.0,-9.25,-8.76,green,0,O=C1CCCCN1CCCC1CC(O)=C2C=C=Cc3ncnc1c32
3.0,-9.42,-8.91,green,0,C=C(C)c1ccc2c(c1)c(=O)n(CCCN1CCCCC1=O)c(=O)n2CC
3.0,-10.1,-9.5,yellow,0,CC1CCC2=CC(=O)N3C(=CCc4c3ccc3c4OCCC3C(=O)O)N2C1
3.0,-10.1,-9.5,green,0,CC(=O)NC1CCC2c3cccc4c5c(c(=O)n(c34)CC2C1)C(O)CC5
3.0,-10.28,-9.65,green,0,CC1(C(=O)N2CC3=C(CC(=O)NC3)c3ccccc32)CCCC1
3.0,-9.08,-8.61,green,0,O=C(O)c1cc(CCN2CCCCC2=O)cc(C2CCCC2)c1O
3.0,-9.97,-9.41,green,0,CCOC(=O)c1cc2c3c(ccc(C(=O)O)c3c1)C(=O)N(CC(=O)N(C)C)C2
3.0,-7.56,-7.17,green,0,CCCC(=O)N1CCN(c2cc(O)c(C(=O)N(C)C)c(OCC(=O)O)c2C)CC1
3.0,-8.46,-8.1,green,0,CN(C)c1cc(CC(=O)O)cc(CC2CCC(C(=O)O)CC2)c1
3.0,-11.34,-10.45,yellow,0,CNC(=O)CN1Cc2ccc3ccc4c5c3c2C(CC5CC(=O)C(OC)=C4)C1
3.0,-13.2,-11.03,yellow,3,CNC(=O)C1CCC2C3Cc4cc(C(C)=O)cc5c4-c4c(ccc(c43)CN12)CC5=O
3.0,-10.24,-9.62,green,0,CC1Cc2cccc(c2)C(=O)Nc2ccccc2CCNC=NC1=O
2.9,-12.02,-10.84,yellow,0,O=C(O)C1CCC2=C3Cc4c(CO)cc(C(F)(F)F)cc4-c4cccc(c43)CN21
2.9,-7.45,-7.02,green,0,CCCC1CCC(CC)CC1NC(=O)NCCO
2.9,-8.65,-8.25,green,0,CC(O)COc1cccc(C(=O)NCC2CCCC2(C)C)c1
2.9,-10.68,-10.01,yellow,0,CCCC1=CC=C2Cn3c(ccc(CC(=O)N4CCCCCC4)c3=O)C(C(N)=O)=C2N1
2.9,-8.27,-7.92,green,0,CC(O)CN(C)C(=O)CCC1c2cc(O)ccc2CCC1O
2.9,-10.6,-9.92,yellow,0,Cc1cc2c(CCCC(=O)N3CCCCC3)ccc3c2c(c1O)N(C)CC3
2.9,-10.95,-10.23,yellow,0,CN(C)C(=O)CC1CCC2c3cc(O)cc4cc(O)cc(c34)CC2C1
2.8,-7.38,-6.75,green,0,O=C1CCCN1CC(CCCO)CC1CCCC1
2.8,-8.23,-7.88,green,0,CCOc1ccc(C(=O)N2CCCCC2)c(CN2CCCC2=O)c1
2.8,-10.3,-9.67,yellow,0,O=C(O)CCC(=O)N1CCCC2CC3c4ccc(CC(=O)O)c5cccc(c45)CN3C(=O)C21
2.8,-11.86,-10.77,yellow,0,O=C(O)C1CCC2=C3Cc4cc5c(cc4-c4cccc(c43)CN21)OCCC5O
2.8,-10.23,-9.61,green,0,CCc1cc(O)cc2c1-c1cc(N3CCN(CC(=O)O)C(=O)C3)ccc1C(=O)C2C
2.8,-9.49,-8.99,yellow,0,CCCC(=C1C=CC2=C(N1)C(C)CN(C)C2=O)c1ccccc1C
2.8,-7.41,-6.88,green,0,COc1cc(CC(C)=O)cc(CCCC(=O)O)c1OC
2.7,-9.64,-9.13,green,0,COCc1ccc2c3c(cc(CO)c2c1)CN(C(C)=O)CC3
2.7,-11.92,-10.8,yellow,36,CC1Cc2ccc3c4c(cc5c(c24)C1=CC(C)C5O)CC(CC(=O)O)C3
2.7,-9.27,-8.79,green,0,CCc1cc(CC)c2ncn(CCCN3CCCCC3=O)c(=O)c2c1
2.7,-8.01,-7.69,green,0,CN(C)C(=O)c1cnc(CCN2CCCCCC2=O)c(CO)c1
2.7,-8.19,-7.85,green,0,CC(C)CNC(=O)CC1CCC(N2C=CC(C)CC2=O)CC1
2.6,-7.36,-6.77,green,0,CN(CCC1CCC(O)CC1)C(=O)CNC(=O)CC(C)(C)C
2.6,-9.17,-8.7,yellow,0,Nc1nc2c3c(n1)NC(C(=O)N1CCCCC1)=CC3CCC2
2.6,-7.52,-7.21,green,0,COc1cc2c(=O)n(CC(C)(C)C)ccc2nc1CCO
2.6,-8.26,-7.92,green,0,COC(=O)CCc1cccc(CC(=O)NC2CCN(C)C2)c1
2.6,-8.32,-7.99,green,0,CCCc1c2c(c3n(c1=O)CCC(CC(=O)O)C3)CC(O)C(CC)C2
2.6,-10.08,-9.49,green,0,CN1C2=C3C(=CC=CC3c3c1[nH]c(=O)n(C1CCCCC1)c3=O)OCCO2
2.6,-10.54,-9.89,green,0,CC1=c2c3c(cc4c2n(c(=O)n4C2CCCCC2)CC1)C(O)N=C(C(=O)O)C=3
2.6,-10.11,-9.52,yellow,0,Cc1nc2cc3c(nc2c(CNC(=O)C2CCCC2)c1C)C=CCC3O
2.6,-9.35,-8.85,green,0,CN1CCCN(CC(=O)N2CCC(c3csc(C4CCNC4=O)c3)C2)C1=O
2.6,-9.69,-9.18,yellow,0,CCn1c(=O)n(C2CCCCC2)c2c(O)cc(-n3cccc(C)c3=O)cc21
2.6,-10.61,-9.94,yellow,0,CC=Cc1ccc(C)c2[nH]c(N3CCC(N4CCCCC4=O)C3)c(CC)c(=O)c12
2.5,-10.97,-10.25,yellow,0,O=C(c1cc2ccc(C3CCCC4CCC(CO)C43)cc2cc1O)N1CCOCC1
2.5,-10.74,-10.08,green,0,O=C(O)c1cccc2c1C1=CC=CNC1=C(N1CCC(N3CCCCC3=O)C1)N2
2.5,-11.5,-10.61,yellow,0,CC(C)CNC(=O)CN1CCc2cc3c(C(=O)O)ccc4c3c3c2C1CCC3=NC4=O
2.5,-9.43,-8.94,green,0,O=C(O)c1cccc2c1CC(O)C1CC(CCN3CCCCC3=O)CC(=O)N21
2.5,-11.55,-10.62,yellow,0,CCN(C(=O)CO)C1=CCn2c(c3c4c5c(cccc5ccc42)C(=O)C(C)C3)C1
2.5,-11.04,-10.29,yellow,0,CCC(=O)NCCN1C(=O)N2CCC(C)(C)c3cc4c5c(ccc1c5c32)CC(O)O4
2.4,-8.99,-8.56,green,0,O=C(O)CCc1ccc2c(n1)N(Cc1ccccc1)C(=O)C2
2.4,-8.57,-8.2,green,0,CCCC(=O)N1CCCC(c2cc(CC(=O)O)ccc2O)C1
2.4,-9.54,-9.05,green,0,COc1ccc2c3c(c(OC)c(C)c2c1)N1CCN(CC(=O)O)CC1C3
2.4,-8.3,-7.98,green,0,CNCc1cccc(CCC(=O)NCCC(=O)N2CCCCC2)c1
2.4,-8.21,-7.9,green,0,COc1ccc(CCC(=O)NCCC(=O)N2CCCCC2)cc1CCO
2.4,-8.48,-8.14,green,0,COC(=O)C1=C=C(OC)C(O)c2c1nc1n2C=C(CCC(=O)N(C)C)CC1
2.4,-8.86,-8.44,yellow,0,CCOc1ccc2c(NC(=O)C(C)(C)C)cccc2c1
2.4,-11.1,-10.32,yellow,0,CC1Cc2ccc(N3CCCCC3)c3cc(C(=O)O)c4c(c23)N1C(C)(C)C4
2.3,-10.45,-9.81,yellow,0,CCc1cccc2c1Cc1cc(O)cc3c(CN4CCCC4=O)cn(c13)C2=O
2.3,-12.05,-10.92,yellow,30,CC=Cc1ccc2c(NC(=O)N3CCN4C(=O)CCCCC4C3)cccc2c1
2.3,-8.88,-8.45,green,0,O=C1CCCCCN1CCc1nc2ccccc2cc1CO
2.3,-9.38,-8.89,green,0,COc1cc(CCN2CCC(C(=O)O)CC2)c2c(O)cccc2c1
2.3,-10.52,-9.88,yellow,0,O=C(O)c1cccc(C2CC(=O)N3CCC4CCOc5ccc2c3c54)c1
2.3,-11.12,-10.34,green,0,O=C(O)CC1Cc2c3c(c4cccc5c4c2N(CC5)C1=O)CCNC3
2.3,-10.43,-9.79,yellow,0,O=C1C=Cc2ccc3c4c(cc(O)c1c24)C1CCC(CCO)N1C(=O)CC3
2.3,-7.55,-7.35,green,0,CCCCc1c(O)c(O)cn(CC2CCN(C(=O)CCO)CC2)c1=O
2.3,-9.01,-8.58,green,0,CC(C)N(C)C(=O)c1cccc2c(NC3CCCN(C)C3=O)ccnc12
2.3,-10.22,-9.62,yellow,0,CC1(C)c2ccc3cc4c(cc3c2CC1C(=O)O)C(O)=C(O)CCO4
2.2,-10.3,-9.69,green,0,Cc1ccc(C)c2c1ccc1c(CO)c(CCN3CCCCC3=O)nn12
2.2,-10.8,-10.14,yellow,0,Cc1cc2c3c(c1O)C=CC1N=CN(C=C2CCCC(=O)N2CCCCC2)N31
2.2,-9.76,-9.24,green,0,CC1Oc2c(C(=O)O)cc3c(c2C(C)C1O)CC(C)(CC(=O)O)CC3
2.2,-7.75,-7.53,green,0,CCC1C=Cc2c(CCN)cn(C(=O)C(C)(C)CO)c(=O)c2CCC1
2.2,-11.27,-10.47,yellow,0,CC1=Cc2cc(CC3CCC(C(=O)O)CC3)cc3c2C(CC(=O)N3C)C1
2.1,-7.33,-6.92,green,0,CC(C)(C)Cc1cc(CCN)cn(C(=O)C(C)(C)CO)c1=O
2.1,-11.25,-10.45,yellow,0,O=C1CCc2c(O)c3c4c5c(ccc1c25)CCCn4c(=O)n3C1CCCCC1
2.1,-12.02,-10.92,yellow,0,Cc1cccc2c3c(c4c(ncn4CC4CCCC(C(=O)O)C4)c12)CCOC3=O
2.1,-8.83,-8.42,green,0,CC(CC1CCC(N2CCCCC2=O)CC1)n1cccc(O)c1=O
2.1,-9.08,-8.64,green,0,CC(C)NC(=O)c1cn(CC2CCCC(O)C2)c2c1CC(=O)NC2
2.1,-11.13,-10.36,yellow,0,CCc1c(=O)n2c(c3cc(OC(F)(F)F)ccc13)CC1CCN(C(=O)CCO)C1CC2
2.0,-9.17,-8.71,green,0,CCCC(=O)N1CCCC(n2cc(-c3cc(CC)c(O)c(CO)c3)[nH]c2=O)C1
2.0,-8.43,-8.12,green,0,CCOc1cc(CC2CCC(C(=O)O)CC2)cc(N(C)C)c1
2.0,-7.42,-7.21,green,0,COc1cc2c(cc1C(=O)O)OC(C)(C)CC(N)C2
2.0,-8.38,-8.09,green,0,CCC1CC(C)(C)Oc2c(C)c3c(c(=O)n21)C(O)CN(C(=O)C(C)(C)CO)C3
1.9,-8.2,-7.91,green,0,CC1CC2c3ccc(OC(C)C(=O)O)cc3C(CO)C(=O)N2C1
1.9,-9.38,-8.9,green,0,CCN(CC(=O)O)C(=O)c1cc2cccc3c2c(n1)C(CN)=C1CCCCN13
1.9,-8.49,-8.17,green,0,CCCN1C(=O)C(CC)c2nc(C(=O)N(CC)CC(=O)O)cc3cccc1c23
1.9,-10.47,-9.85,green,0,O=C(CN1CCc2cc3c(cc2C1)N1CCCC1N=C3C(=O)O)Nc1ccccc1
1.9,-9.55,-9.08,yellow,0,CCC1NC=C2C(=O)NCCOCN3CN=C(N4CCCC4)c4cc1c2nc43
1.9,-9.07,-8.64,green,0,CC(C)NC(=O)c1cc(CN2CCOCCC2=O)cc2c1OCC(=O)CC2
1.9,-10.99,-10.29,yellow,0,CC(=O)NC1CCC(c2cccc(-c3ccc(O)cc3)c2)CC1
1.8,-8.65,-8.28,yellow,0,CCCCc1cc(C)ncc1CCC1CCC(C(=O)O)CC1
1.8,-8.13,-7.86,green,0,CC(O)COc1cccc(C(=O)NCC2CCCC2C)c1
1.8,-10.38,-9.76,yellow,0,CC(C)CNC(=O)CN1CCc2cc3c(C(=O)O)ccc4c3c3c2C1CCC3CC4
1.8,-9.89,-9.37,green,0,CCC1C(=O)c2ccc3c([nH]c(=O)n3C3CCCCC3)c2C(=O)N1C
1.8,-10.18,-9.6,green,0,O=C(O)CCC(=O)N1C(=O)c2cccc3c2C2C(CCC21)CC3=O
1.7,-8.89,-8.48,green,0,CCOc1cc(CC2CCC(C(=O)O)CC2)cc(N(C)C(C)=O)c1
1.7,-8.89,-8.48,green,0,CCCCC(=O)NC(=O)c1cc(C)cc2c(O)ccnc12
1.7,-8.76,-8.39,green,0,CC(C)CC1OC(C)CN1c1cccc(C(=O)N2CCCC2)c1
1.7,-11.42,-10.59,yellow,0,O=C1NCC2C=C(C(=O)N3CCCCC3)Nc3c2c1nc1ccccc31
1.7,-10.75,-10.12,green,0,O=C(O)CN1CCc2c(ccc3c2CC(=O)c2ccccc2-3)C1
1.7,-10.87,-10.22,green,0,Cc1c2c(=O)n3c(c4c2c(c(=O)n1C(=O)CC(C)C(=O)O)CCC4)CCC(=O)C3
1.7,-7.19,-6.88,green,0,CCCC1CCC(CC)CC1NC(=O)NCC(C)CO
1.7,-10.0,-9.45,green,0,COC1=C(C)OC2=C(Cc3ccc4c(c3)CN(C)CCC(=O)NC4)C=NCC2=C1
1.7,-10.59,-9.96,yellow,0,CCc1c2c(cc3ccc(C(=O)OC)cc13)CN(CC(=O)Nc1ccccc1)CC2
1.7,-8.63,-8.27,green,0,CCCCC1Cc2c(OC)ccc3c2C(C1)CN(CC(=O)NC)C3
1.7,-8.66,-8.3,green,0,CCc1cc(CN)cc(CCC(=O)NCCC(=O)N2CCCCC2)c1
1.6,-13.42,-11.33,yellow,1,CC1=CC2Cc3cccc4c3C3=C(CNC(=C32)O1)CN4C(=O)C1(C)CCCC1
1.6,-10.63,-9.99,green,0,CC(C)(CC(=O)n1c2c(c3ccccc3c1=O)C(C)(C)CC2)C(=O)O
1.6,-12.03,-10.97,yellow,0,O=C(CN1CCc2cc3c4c(c2C1)OCCC4Cc1cc(O)ccc1-3)Nc1ccccc1
1.6,-8.49,-8.18,green,0,CCC(=O)N1CCC(Cn2c(=O)n(C(CO)C(C)=O)c3ccccc32)CC1
1.5,-12.29,-11.14,yellow,17,CC(=O)NC1CCC2c3ccc4c5c3C(COc3cccc(c3-5)OC4)C2C1
1.5,-8.64,-8.28,yellow,0,CCN1C2=CC(OC)=C(O)C(CO)C2=Nc2c(CN(C)C(=O)C3=CN(C)C(=O)C3)cccc21
1.5,-7.31,-7.11,green,0,CCCC(=O)N1CCOC(Cn2cnc3c(N(CC)CCC)ncnc32)C1
1.5,-10.62,-9.99,yellow,0,CCc1ccc2c(=O)cc3c4c(nccc4c2c1)N(CCC(C)(C)C(=O)NC)C3
1.5,-10.62,-9.99,green,0,CC(=O)NC1CCc2cc3c4c(ccc3c(=O)n2C1)CCC(=O)N4
1.5,-12.27,-11.13,yellow,0,CN1CCN2CC=C(c3cc4c5c(cc(O)cc5n3)-c3cscc3C4=O)CC2C1=O
1.5,-8.95,-8.55,green,0,CCOC(=O)N1CN(CC2CCN(C(=O)CCO)CC2)C(=O)c2cc(C)ccc21
1.5,-10.57,-9.94,yellow,0,CC1(C)C=CC(=O)c2cc3c4c(ccc3c(=O)n21)CN(CC(=O)O)CC4
1.5,-10.7,-10.09,green,0,CCN(C(=O)CO)C1=CCn2c(c3c4c5c(cccc5ccc42)C(=O)C(O)C3)C1
1.5,-7.29,-7.09,green,0,COc1ccc(NC(=O)C2CCC(O)C2)cc1OC
1.5,-9.56,-9.1,yellow,0,CCCCN(C)C(=O)c1c(O)c2c3c(cc(OC)c4c3c1OCC4)CCC2
1.5,-10.52,-9.9,yellow,0,O=C(O)c1cc2c3c(c1O)n(C1CCCCC1)c(=O)n3CCC1=CCC=C12
1.4,-9.73,-9.24,green,0,O=C(O)Cc1ccc(O)c2c(CCN3CCCCCC3=O)cc(C(=O)O)cc12
1.4,-11.36,-10.57,yellow,0,O=c1n2c3c4c(ccc5c4c(c(O)c3n1C1CCCCC1)CCC5O)CCC2
1.4,-9.12,-8.68,green,0,Cc1cc2c(cc1CCN(C)C1CCCC1)CN(C)CC2
1.4,-8.76,-8.41,green,0,CCc1cc(CC(=O)N(C)C2CCCC2)cc(C(=O)O)c1O
1.4,-9.37,-8.9,yellow,0,CCc1c2c(OC)cccc2c(C)c(=O)n1CCCN1CCCC(C)C1=O
1.4,-8.13,-7.88,yellow,0,CN(C)c1ccc(C(=O)O)c(CCN2C(=O)CCCC2C2=CC(=O)C=C2)c1
1.4,-9.1,-8.66,green,0,CN1CCCN(CC(=O)N2CCC(c3csc(C4CCCNC4=O)c3)C2)C1=O
1.4,-9.55,-9.09,yellow,0,CCC1=Cc2c(cccc2NC(=O)CCN2CCCCC2=O)CN1C(=O)OC
1.3,-10.01,-9.47,yellow,0,CNC(=O)C1=C2CN(CCC3CCCC(C(=O)O)C3)CC=C2C(=O)c2sccc21
1.3,-6.98,-6.64,green,0,CCCCC1CCC(CC(=O)N(C)CC(C)O)C1
1.3,-10.9,-10.26,yellow,0,CCCc1nccc2c1Cc1cc(O)cc3c(CN4CCCC4=O)cn(c13)C2=O
1.3,-9.32,-8.86,green,0,COc1cc2c3c(c1)c(C#N)cc(=O)n3-c1cncc3c1C2CN(CC(=O)O)C3
1.3,-11.17,-10.44,yellow,0,O=C(O)c1cc2c3c(c1)n(C1CCCCC1)c(=O)n3CCc1ccccc1-2
1.3,-10.84,-10.21,yellow,0,O=C(O)c1cc(N2C=CC3CCC=CC3=C2)cc2ccccc12
1.2,-7.81,-7.69,green,0,CCCNC(=O)CC1CCC(N2CCC(C)CC2=O)CC1
1.2,-13.14,-11.46,green,0,O=C(CC1C=c2cc3cc4oc(=O)cc4c4cccc(c34)n2C1=O)N1CCCNCC1
1.2,-11.48,-10.7,yellow,0,O=C1C2=CCOc3ccc4c(c32)C2=C1CCC2CC(CN1CCCCC1=O)O4
1.2,-10.3,-9.72,green,0,CC1CC2=C3C(=CC(CC4CCCC(=O)N4)=CN3C1)C(O)=C=C2
1.2,-8.54,-8.23,green,0,CNC(=O)CC1CCC2Cc3nc4c(C)ccnc4n3CC2C1
1.2,-8.95,-8.56,green,0,CC(O)C1CC2CC(N3CCCCC3=O)CCC2N2C(=O)N(C(C)C)CC12
1.2,-6.92,-6.53,green,0,CCN(CCC(C)C)CC1CN(C(C)C)CCC1=O
1.2,-10.99,-10.32,yellow,0,CC(=O)NC1CCC(c2cccc(-c3ccc(C)cc3)c2)CC1
1.1,-11.1,-10.4,yellow,0,CCc1cc(C(=O)O)c2c3c1C(=O)Cc1ccc(-c4ccccc4O)c(c1-3)OC2
1.1,-8.6,-8.27,green,0,CC(C)(C)CC(=O)CNC(=O)c1cccc2c1OCC(C(N)=O)C2
1.1,-7.19,-7.14,green,0,CCCC1CCC(CC)CC1NC(=O)CC(C)(C)N
1.1,-9.53,-9.08,green,0,CC1(C(=O)N2CC3=C(c4ccccc42)C(C(=O)O)CC3N)CCCC1
1.1,-7.93,-7.8,green,0,CN1CCCN(CC(=O)N2CCC(c3csc(CC(=O)O)c3)C2)C1=O
1.1,-10.58,-9.97,yellow,0,Cc1nc2cc3c(nc2c(CNC(=O)C2CCCC2)c1C)CCCC3(C)C
1.0,-8.22,-7.99,green,0,O=C(O)C1CCCCC1C(=O)NCc1ccccc1
1.0,-11.85,-10.95,yellow,0,Cc1cccc(NC(=O)CN2CCc3c(cc4c5c3C(O)CC(=O)C5CCC4=O)C2)c1
1.0,-9.2,-8.76,green,0,CCC(=O)NC(=O)c1ccccc1NC(=O)CCN1CCCCC1=O
1.0,-10.36,-9.77,yellow,0,COc1cc(CC(=O)N(C)C2CCCC2)cc2c1OCc1ccccc1-2
1.0,-10.13,-9.58,yellow,0,CC=Cc1cc(=O)n(C)c2cc(CC3CCC(C(=O)O)CC3)ccc12
1.0,-8.89,-8.51,green,0,COc1ccc2c(c1)N(C(=O)CCN1CCCN(C)C1=O)CCC2
1.0,-10.64,-10.04,yellow,0,CC1=NC(C)(C)C(c2ccc3c(N4CCCCC4)c(O)ccc3c2)=N1
0.9,-11.9,-10.97,yellow,0,Cc1cc(C)c2c3c1CCC1=C3C(=C(N3CCC(N4CCCCC4=O)C3)N2)NCC1
0.9,-7.42,-7.48,green,0,CCCC(=O)N1CCN(c2cc(O)c(C(=O)OCC)cc2CCO)CC1
0.9,-9.21,-8.78,yellow,0,CCCc1c(C#N)c2ccccc2c(=O)n1CCCN1CCCC(C)C1=O
0.9,-12.03,-11.12,yellow,0,Cn1c(=O)c2c(N3CC4CCCCC(C4)C3)c(O)cc3c2n(c1=O)C1CCCCC1C3
0.9,-10.98,-10.32,green,0,CNC(=O)CN1Cc2ccc3c4c2C(Cc2c(OC)c(C(=O)O)cc(c2-4)CC3)C1
0.9,-12.48,-11.45,yellow,39,CC1=CC2=C3CCCCN3c3nc(=O)n(C4CCCCC4)c4ncc(c2c34)C1
0.8,-11.43,-10.67,yellow,0,O=C1N=CC2C=C(C(=O)N3CCCCC3)Nc3c2c1nc1ccccc31
0.8,-10.32,-9.74,green,0,CC(=O)NC1CCC(c2cccc(C3=CCC(=O)N3C)c2)CC1
0.8,-11.21,-10.5,yellow,0,CCOc1c2c(c3ccc4c(c3c1C)CC1CCC(C(=O)O)N1C4=O)CCCC2
0.8,-10.08,-9.53,green,0,CC(=O)NC1CCC2c3ccc4c(c3N=C(C)N2C1)NC(=O)CC4
0.8,-11.5,-10.78,yellow,0,CC1CCCCCc2ccc3c(N4CCCCC4=O)c(O)cc(c3c2)C(=O)N1
0.7,-12.21,-11.27,yellow,0,O=C1C=Cc2ccc3c4c(ccc1c24)C1C2CCC(C2)N1C(=O)CC3
0.7,-9.47,-9.03,yellow,0,CC(=O)C1=CN(CCCN2CCCCC2=O)C(=O)N2c3ccccc3CC12
0.7,-8.44,-8.18,green,0,CC1Oc2c(C(=O)NCC(=O)CC(C)(C)C)cccc2N(C)C1=O
0.6,-9.33,-8.88,yellow,0,CCCCc1ccc2c(c1)Oc1ccc(N3CCN(C)C(=O)C3)cc1OC2
0.6,-11.47,-10.75,yellow,0,O=C(O)c1ccc(Cc2cccc(C(=O)N3CCc4c(F)cccc43)c2)cc1
0.6,-11.44,-10.71,yellow,0,Cn1c(=O)c2c(N3CC4CCC5CC(C3)C54)c(O)cc3c2n(c1=O)C1CCCCC1C3
0.6,-9.95,-9.44,yellow,0,Cc1cc2c(CCCC(=O)N3CCCCC3)cn(C)c2c2c1OC(O)CC2
0.6,-11.42,-10.68,yellow,0,COc1c(O)c2c3c(ncc4c3c1CC(C)C4=O)N(C1CCCCC1)C(=O)C2
0.6,-8.24,-8.04,green,0,CC(C)(C)c1ccc(N2CCCN(C(=O)CCO)CC2)cc1
0.6,-9.78,-9.29,green,0,CC1CC2C(=O)NC3CCN(CC(=O)O)Cc4ccc(c2c43)C1=O
0.5,-9.43,-8.99,green,0,CC1=CC(C)CN1Cc1cccc(NC(=O)CCN2CCCCC2=O)c1
0.5,-9.97,-9.46,yellow,0,CC(C)Oc1cc2c(cc1O)N(C1CCCC(C(=O)O)C1)C(=O)N1CCCC=C21
0.5,-9.36,-8.91,green,0,CC(CCN(C)C(=O)c1ccc2c(n1)-c1cc(C(=O)O)ccc1CCO2)C(=O)O
0.5,-9.73,-9.26,green,0,CCCNC(=O)C1CCN2C(=O)c3c(c(CO)c(=O)n4ccccc34)CC2C1
0.4,-8.28,-8.09,green,0,CCN(C)C(=O)Cc1nc(=O)c2c(C)c(C(=O)O)ccc2n1CC
0.4,-9.15,-8.74,green,0,CCCc1cc(NC(=O)CN2CCCCC2=O)c(CC)cc1C(=O)O
0.4,-10.15,-9.61,yellow,0,CCC1c2ccccc2C2c3ccc(-n4ccnc(C)c4=O)cc3CC(=O)N12
0.4,-12.6,-11.62,yellow,0,Cc1ccc2c(c1)-c1ccc3c4c(ccc(c14)O2)Cn1c-3cn(CC(=O)O)c1=O
0.4,-10.68,-10.11,green,0,Cc1c(N)ncc2c1C(=O)n1cc(CN3CCCC3=O)c3cc(O)cc(c31)C2
0.4,-8.67,-8.37,yellow,0,CCc1cnc2c3c1NC(C(=O)N1CCCCC1)=CN3CC=C2OC
0.3,-9.41,-8.98,yellow,0,CC(CC1CCN2CC(C)C3CCC(=O)C4=CC(=O)C(C1)C2=C43)C(=O)O
0.3,-12.45,-11.55,yellow,21,O=C1C(O)=CCC2=C1C1=CCc3cc4c(c5ccc(c1c35)C2=O)CCN(CCO)C4=O
0.3,-8.68,-8.38,yellow,0,CCCc1cc2c(cc1OC)-n1ccc3c1C(=CC1CCC(C(=O)O)N1C3=O)C2CO
0.3,-11.23,-10.56,yellow,0,O=C1C2CC=CC3=C2c2c(ccc4c2C1CCC(CN1CCCCC1=O)O4)OC3
0.3,-8.27,-8.09,green,0,CCc1c(C)n(CC)c(=O)c2c(N)c(CCN3CCCCC3=O)n(C)c12
0.3,-12.34,-11.52,yellow,24,CC12C3CCCC(=O)N1CCC(CN1Cc4cccc5cccc(c45)C1=O)C32
0.3,-12.89,-11.79,green,2,CNC(=O)CN1Cc2ccc3c4c5c(cc(c24)C1)C(=O)CC1CCOCC(C3)C51
0.3,-9.58,-9.14,yellow,0,CCCCN(C)C(=O)c1c(O)c2c3c(c(C)c(O)c4c3c1OCC4)CCC2
0.2,-10.44,-9.86,yellow,0,COC1=CC2=C3C(=Nc4c(CN5CCCC6=C(CCN6C)C5=O)cccc4N3CC=C2)C1O
0.2,-10.87,-10.28,yellow,0,Cn1c2c(cc(-c3ccccc3)c1=O)CC1(C)CC(C(=O)O)CCC1C2
0.2,-11.83,-11.02,green,28,CNC(=O)CN1Cc2ccc3ccc4c5c3c2C(CC5CC(=O)N(C)C4)C1
0.2,-10.3,-9.74,yellow,0,CNC(=O)CCC1=Cc2cc(O)c3cc(C(C)C)ncc3c2CC1
0.2,-9.65,-9.2,green,0,CC=C(C)c1ccc2c(c1)c(=O)n(CCCN1CCCCC1=O)c(=O)n2C
0.2,-10.56,-9.98,yellow,0,C=CC=C1c2nc(-c3ccccc3)c(N)n2CC2CC(CC(=O)NC)CCC12
0.2,-12.08,-11.32,yellow,25,CC1(C)CCC(O)N1c1cc2c3c(c1)-c1ccccc1CC3COC2
0.1,-13.51,-11.98,yellow,0,CN1CCN2CC=C(c3cc4c5c(cccc5n3)-c3ccccc3C4=O)CC2C1=O
0.1,-11.03,-10.41,yellow,0,Cc1cc(C(=O)O)cc2c(NC(=O)N3CCN4C(=O)CCCCC4C3)cccc12
0.1,-9.84,-9.36,yellow,0,CCC1C=Cc2c(nc3c4c(ccnc24)N(C(=O)C(C)(C)C)C=C3C(=O)O)C1
0.0,-10.83,-10.25,green,0,O=C(O)C1Cc2c(ccc3cc(C(=O)N4CCCC4)c(O)cc23)C(=O)N2CCCC12
0.0,-9.5,-9.07,green,0,CC(=O)c1cccc2c(NC(=O)CN3CCCCC3=O)cccc12
0.0,-11.84,-11.09,green,0,O=C1c2c(ccc3ccccc23)Cn2c1ccc(CC(=O)N1CCCNCC1)c2=O
0.0,-8.18,-8.02,green,0,COC1CC(O)c2c(CN3CCC(C(N)=O)CC3)cccc2O1
-0.0,-8.68,-8.4,green,0,CCCCc1c(O)c(O)cn(CC2CCN3C(=O)CCCCC3C2)c1=O
-0.1,-10.04,-9.52,yellow,0,COC1=CCc2cc(C)c3[nH]c(=O)n(C4CCCCC4)c(=O)c3c2NC1=O
-0.1,-9.98,-9.48,green,0,CCn1c2c(c3c4c(ccc3c1=O)CN(CC(=O)O)CC4)C=CCC2=O
-0.1,-12.89,-12.24,yellow,4,CNC(=O)CN1Cc2ccc3c4c5c(cc(c24)C1)C(C)C(=O)C1CCOCC(C3)C51
-0.1,-12.34,-11.63,yellow,15,CC1(C)CCN2C(=O)N(CC3CCCC(=O)N3)c3ccc4c5c(cc1c2c35)OCC4
-0.1,-12.26,-11.54,yellow,22,O=C1CCOc2cc3c(cc21)CC1=C2CCC(C(=O)O)N2Cc2cccc-3c21
-0.1,-12.58,-11.84,yellow,33,CN1C(=O)N2C(=CC3CC(N4CCCCC4=O)CCC32)C2=C1NC1=CC=CCC1=C2
-0.2,-9.33,-8.9,yellow,0,CCCN(C)C(=O)N1CCC(Oc2cc(C)c3c(c2)OC(C)(C)CC3)C1
-0.2,-9.87,-9.39,yellow,0,CC=Cc1cccc2c1C(=O)CC1CC(CCNC(=O)C(C)(C)C)CC(=O)N21
-0.2,-11.27,-10.63,green,0,CNC(=O)CN1Cc2ccc3cc(O)c4c5c3c2C(CC5CC(=O)C(C)=N4)C1
-0.2,-9.71,-9.26,yellow,0,CCc1c(O)c(C)cc2c(C)cc(CCC(=O)NC(C)(C)C)cc12
-0.2,-9.82,-9.35,green,0,O=C1CCCCN1Cc1ccc(O)c2c1CC1CCCCCN1C2=O
-0.2,-9.82,-9.35,green,0,COc1ccc(C2CCCN2)c2c(=O)cc(N3CCC(N4CCCCC4=O)C3)[nH]c12
-0.2,-12.59,-11.93,yellow,46,CNC(=O)C1CCCN1C(=O)c1ccc2ccc3c(c2c1)COc1c(F)cccc1-3
-0.2,-10.73,-10.18,yellow,0,CCN1Cc2cccc3c(=O)n(C4C=C(C(=O)O)C(C)(C)C4)cc(c23)C1=O
-0.3,-10.24,-9.7,green,0,Cn1c(=O)c2cc(CCN3CCNCC3=O)ccc2n2c3ccccc3nc12
-0.3,-9.37,-8.95,green,0,CNC(=O)c1cc(OC(C)C)c(C)c2[nH]c(CC3CCCC(=O)N3)nc12
-0.3,-8.96,-8.61,green,0,CC(=O)NCC1=C(C)S(=O)(=O)N=C1c1cccc(-c2cnoc2)c1
-0.3,-8.99,-8.64,green,0,CCc1c(O)c(C(=O)N2CCC(C)CC2)c2c(c1CNC(=O)CO)CCCO2
-0.3,-7.84,-7.84,green,0,CCCC1CCCc2c(c(CCO)cn(C(=O)C(C)(C)CO)c2=O)C1
-0.3,-8.46,-8.24,green,0,CC1(C)CCC(O)c2c1ncn(CCCN1CCCCC1=O)c2=O
-0.4,-8.67,-8.4,green,0,O=C(O)c1ccc2ncn(CCCN3CCCCC3=O)c(=O)c2c1
-0.4,-10.36,-9.81,yellow,0,CC1OC(=O)c2cccc3c2c1cc1c3[nH]c(=O)n1C1CCCCC1
-0.4,-11.17,-10.54,yellow,0,C=CC1=C=Cc2ccc3c(=O)n(C(=O)CC(C)C(=O)O)cc4c3c2C1=C=C4
-0.5,-11.29,-10.67,yellow,0,O=C1NCCc2cccc(c2)COc2ccccc2-c2cccc1c2
-0.5,-11.72,-11.11,green,0,CC(=O)NC1CCc2c3c4c(ccc(O)c4c(=O)n2C1)-c1ccccc1C3
-0.5,-11.44,-10.85,yellow,0,O=C1CCCCN1C1CCN(C2=C3NC=CC=C3c3c(ccc4ccc(O)cc34)N2)C1
-0.5,-9.16,-8.77,yellow,0,CCCN(Cc1cccc(C(=O)NC2C=C(C(=O)O)C(C)(C)C2)c1)C(C)=O
-0.5,-9.42,-9.01,green,0,CC(C)c1cc(C(C)O)cc2c3c(cnc12)CN(CC(=O)O)CCC3
-0.5,-9.45,-9.04,green,0,CN1CCC2C(=O)CCc3c2c(cn3CC2CCCC(O)C2)C1=O
-0.5,-10.73,-10.19,green,0,CC1CC(O)C2CC3CC(N4CCCCC4=O)CCC3n3c2c1c(=O)n(C)c3=O
-0.5,-7.77,-7.81,green,0,COc1cc(CO)c(C)c2c1OCC1CCCC(=O)N1C2
-0.6,-10.07,-9.55,yellow,0,COC(=O)c1cc(OC)cc2c1C(C)C1=CC3CCC(C(=O)O)N3C(=O)c3ccn-2c31
-0.6,-12.27,-11.78,green,0,O=C1NCC2=C3OC(N4CCCCC4=O)CC(=O)N3c3cccc4c(O)cc1c2c34
-0.6,-10.79,-10.24,yellow,0,CC=CC1=CCC(O)C(c2cn(C(=O)N3CCCC3)c3ccccc23)=C1
-0.7,-9.58,-9.16,green,0,COc1cc(C)cc2cccc(CN3CCC(C(N)=O)CC3)c12
-0.7,-8.31,-8.16,green,0,CCn1c(=O)n(C2CCCCC2)c(=O)c2c(OC)cc(OC)cc21
-0.7,-12.23,-11.76,green,0,CN1CC2=CC=CC3CN(C)C4=CC5=NC(=O)CC5c5ccc(n6c2c3c4c56)C1=O
-0.7,-10.7,-10.17,yellow,0,CN1C(=O)CC2CC(O)=Cc3cc(CC4CCC(C(=O)O)CC4)cc1c32
-0.8,-8.72,-8.45,yellow,0,CC(O)COc1cc(C(C)C)c2nccc(N3CCCCC3)c2c1O
-0.8,-10.58,-10.04,green,0,NC1NC(=O)N2C=CC=C3Cn4c(ccc(CC(=O)N5CCCCCC5)c4=O)C1=C32
-0.8,-10.48,-9.94,yellow,0,CCc1cc(C)cc2c1Cc1cc(O)cc3c(CN4CCCC4=O)cn(c13)C2=O
-0.8,-10.46,-9.91,yellow,0,Cc1nc2cc3c(nc2c(CNC(=O)C2CCCC2)c1C)C=CCC3(C)C
-0.8,-7.65,-7.79,yellow,0,COc1cc(Cl)cc(CN(C)C)c1Oc1ccc(C(=O)O)cc1
-0.9,-9.96,-9.48,yellow,0,CC(=O)c1cn(CCCN2CCCCC2=O)c(=O)n2c1c(C)c1ccccc12
-0.9,-12.07,-11.61,yellow,0,CC=C1CCc2cccc3c(=O)n(CC4CCN5C(=O)CCOCC5C4)cc1c23
-0.9,-10.07,-9.56,yellow,0,CCc1cc(C(=O)O)cc2c1CN1C(=O)C(CC(=O)N3CCCNCC3)=CC1C2C
-0.9,-11.48,-10.93,green,0,O=C1CCCCC2CC(Cn3c4c(c5cc(O)ccc5c3=O)=CCC=4)CCN12
-0.9,-10.88,-10.34,yellow,0,NCCc1ncc(C(=O)O)c2ccc(C(=O)N3CCCC(c4ccccc4F)C3)cc12
-0.9,-8.42,-8.24,green,0,CCCn1c(CC(=O)N(C)CC)nc(=O)c2c(C)c(C(=O)O)ccc21
-1.0,-8.45,-8.26,green,0,CCCc1cc(CC)cc(NC(=O)C2(C)CCNCC2)c1CCO
-1.0,-9.97,-9.49,yellow,0,CC=CC1=C2C=C(C)C(=O)C(O)=C2C(C)C=C1NC(=O)CN1CCCCC1=O
-1.0,-8.79,-8.51,green,0,NCc1c(CCN2CCCCC2=O)nn2c1CCC1CCCCCC12
-1.0,-11.96,-11.49,yellow,49,Cc1c(C(=O)O)cc2c3c1CC1CCC4CCC(=O)C5C(CC2)C3C1C45
-1.1,-9.89,-9.43,green,0,Cc1cc2c3c4c1OC=CC=C4C(O)=CC3CN(C(=O)CCC(=O)O)C2
-1.1,-9.89,-9.43,green,0,CCNC(=O)c1cccc(-n2ccc3c2C=CC2CCC(C(=O)O)N2C3=O)c1
-1.1,-9.21,-8.82,green,0,CC1CCc2c(cc(Cc3ccn(CC(=O)O)c3)cc2C(=O)O)O1
-1.1,-10.47,-9.94,yellow,0,COC(=O)c1cccc(Cc2ccc3c(c2)C=C2OC=CC=C2O3)c1
-1.1,-11.03,-10.48,green,0,CC1=C2c3[nH]c(=O)nc(C)c3-c3ccc(CC(=O)N4CCCCCC4)c(=O)n3C2C=N1
-1.1,-10.15,-9.65,green,0,CC(C)(C)CC(=O)CNC(=O)c1cccc(-c2ccnc(NC(N)=O)c2)c1
-1.2,-10.91,-10.39,yellow,0,CCc1cnc(N2Cc3cccc4c3C(C2)C2C(C)CCCC2N4)cc1C(=O)O
-1.2,-9.5,-9.1,green,0,COC(=O)N1C=Cc2c(cccc2NC(=O)CCN2CCCCC2=O)C1
-1.2,-9.65,-9.23,yellow,0,CCCc1c(CO)c(CCN2CCCCCC2=O)cc2ccccc12
-1.2,-9.65,-9.23,green,0,CCCC(=O)N1CCC(n2c(=O)n3c4c(c(C)c(CO)cc42)CCCC3)C1
-1.2,-8.41,-8.25,green,0,CC(C#N)c1cc(-c2ccccc2)c(=O)n(CC(C)(C)CCO)c1
-1.2,-9.76,-9.31,green,0,CCCC(=O)N1CCC(n2c(=O)n3c4c(c(C)c(CO)cc42)C=CCC3)C1
-1.2,-8.99,-8.65,green,0,O=C(O)Cc1cc2c(c(CCN3CCC(C(=O)O)CC3)c1C(=O)O)CCCC2
-1.2,-9.63,-9.21,yellow,0,COc1cc2cccc(CCCC(=O)N3CCCCC3)c2cc1CN
-1.2,-7.96,-7.95,green,0,COc1ccc2c(c1)N=C(C)N1CC(NC(C)=O)CCC21
-1.2,-8.5,-8.29,green,0,CCCc1cc(C)cc(CN2CCC(C(N)=O)CC2)c1C(=O)OC
-1.3,-10.88,-10.36,yellow,0,Cc1ccc2ccc3c(c2c1)CCC1CC(CCNC(=O)C(C)(C)C)CC(=O)N31
-1.3,-10.65,-10.14,yellow,0,Cc1ccc2c(c1)OCc1c(NC(=O)CCN3CCCN(C)C3=O)cccc1-2
-1.3,-10.65,-10.14,green,0,CC(=O)NC1CCc2c3c4c(cccc4c(=O)n2C1)N(C(C)=O)CC3
-1.3,-8.34,-8.21,green,0,CC(C#N)c1cc(C2=CCCC2)c(=O)n(CC(C)(C)CCO)c1
-1.3,-10.67,-10.16,green,0,CN(CCO)C1CCN(C(=O)c2cc(C(=O)O)c3c(c2)-c2ccccc2CC3)C1
-1.4,-8.37,-8.23,yellow,0,COc1cccc2c1c(CN(C)C(=O)CCO)cn2C(=O)C1=CN(C)CC1C
-1.4,-11.18,-10.62,yellow,0,CCc1cc(C(=O)N2CCC(C)CC2)cc(-c2ccccc2)c1
-1.4,-11.71,-11.31,yellow,0,O=C(O)c1cc2cccc3c2c(c1O)C=C1C2CC4CCCC(=O)N4C2CC(=O)N13
-1.4,-9.34,-8.95,green,0,NC(=O)Cc1ncc(C(=O)O)c2ccc(C(=O)N3CCCC(CCO)C3)cc12
-1.4,-9.34,-8.95,yellow,0,COc1cc(CC(=O)N(C)C2CCCC2)cc(-c2ccccc2)c1O
-1.4,-9.34,-8.95,green,0,CCNC(=O)c1ccc2c(c1)ncn2C(=O)NC1CCCCC1
-1.4,-9.0,-8.66,yellow,0,CCC1CCN(C(CC)CC2CCC(N3CCC(C)CC3=O)CC2)C1=O
-1.5,-8.68,-8.45,yellow,0,CCC1n2c(c(C(=O)O)c3cccc(N(C)C)c3c2=O)CCC1(C)C
-1.5,-8.2,-8.12,green,0,CC(C)C(=O)n1cc(C(=O)O)c(=O)c2cc(C(C)(CCO)C(=O)O)ccc21
-1.5,-10.84,-10.32,yellow,0,CCc1ccc2c(OC)ncc3c2c1NC(C(=O)N1CCCCC1)=C3
-1.6,-10.07,-9.58,yellow,0,CCc1ccc2c3c(nc(C(=O)N(CC)c4ccccc4O)cc13)CC(O)=C2
-1.6,-8.15,-8.09,green,0,CCOc1ccc(-n2ccc(C(=O)N3CCCC3C(=O)O)c2)cc1OC
-1.6,-10.64,-10.14,green,0,O=C(O)CN1Cc2ccc3c(c2C1)C1CCC(O)C1c1ccccc1-3
-1.6,-8.17,-8.1,green,0,CCCc1ccc(C(=O)NCc2cccc(C(=O)O)c2)s1
-1.6,-11.88,-11.54,yellow,0,O=C(O)c1ccc2c3c4c(ccc13)CCC1C=c3cccc5c3=C(C41)N2CCO5
-1.6,-9.48,-9.09,yellow,0,CC(C)c1ccc(NC(=O)N2CCN3C(=O)CC4CCC2C3C4)c(CC(=O)O)c1
-1.6,-8.4,-8.26,green,0,COc1ccc2c(c1)n(C)c(=O)n2CCCN1CCCC(C)C1=O
-1.7,-8.74,-8.5,green,0,NC1CC2C3C(CCCC(=O)CC13)CCC2N1C=CCCC1=O
-1.7,-8.7,-8.47,green,0,CCc1cc2c(CO)cccc2cc1NC(=O)N(C)CCCC(=O)O
-1.7,-11.59,-11.21,green,0,O=C1c2c(ccc3ccc(O)cc23)Cn2c1ccc(CC(=O)N1CCCNCC1)c2=O
-1.7,-12.05,-12.25,yellow,0,Cc1cc2c3c(ccc2c2c1OCc1c-2cnc2ccccc12)C(=O)N(CCO)CC3
-1.7,-11.65,-11.31,yellow,0,COC1=NCCC2C1=Cc1cn(C3CCCCC3)c(=O)c3cccc2c13
-1.7,-9.53,-9.14,green,0,CCc1cc(C)cc(-c2cc(CC(=O)O)c3c(c2)OCC(CO)O3)c1
-1.8,-9.45,-9.07,green,0,Cc1c(CCN2CCCCC2=O)nn2c1c(CO)cc1cccc(O)c12
-1.8,-8.0,-7.99,green,0,COc1ccc(CCC(=O)NCCC(=O)N2CCCCC2)cc1
-1.8,-9.08,-8.74,green,0,CCNC(=O)c1ccc2ccc(C(=O)NCC(=O)O)c(CC)c2c1
-1.8,-11.59,-11.24,green,0,Cc1ccc2c(c1)CCNNNC1CCCCC1NC(=O)c1cccc-2c1
-1.8,-11.73,-11.42,yellow,0,CN1C(=O)c2c(ccc3c2[nH]c(=O)n3C2CCCCC2)C2CCCCCC21
-1.8,-9.27,-8.9,green,0,CCCC(=O)N1CCCC(N2C=c3c(ncc4c3=CN(C)C4C)NC2=O)C1
-1.8,-8.71,-8.48,green,0,CCCC1=Nc2nccc3c2C(NC(=O)N3C2CCCCC2)N1
-1.8,-8.93,-8.63,yellow,0,CCCC(=O)NCc1cnc2c(c1)CC1=C(C(=O)NC1)C(CC)C2C
-1.8,-8.93,-8.63,yellow,0,CCCC(=O)N1CCN(c2cc(O)c(CC(C)C)c3c2CCCCO3)CC1
-1.9,-9.15,-8.8,green,0,COc1ccc(C(=O)N2CCc3cc(C(=O)O)ccc32)c(C)c1C(=O)O
-1.9,-11.4,-10.92,yellow,0,CC1c2c(c3c(c4ccccc24)CCCC3)C(=O)N1C(=O)CC(C)(C)C(=O)O
-1.9,-8.94,-8.64,green,0,Cc1cccc(C2C(O)CC(=O)C2(C)CCN2CCCCC2)c1
-1.9,-10.43,-9.91,green,0,Cc1c2c3c(c(=O)n1C(=O)CC(C)C(=O)O)CCC=C3C1CCCN1C2=O
-1.9,-9.25,-8.89,green,0,Cc1ccc(O)c2c1CN(C(=O)CCC(C)C(=O)O)CC2C
-2.0,-10.99,-10.51,yellow,0,CCN(CC(=O)N1Cc2ccccc2C2=C1OCC(O)=C2)C(=O)c1cccc(C)c1
-2.0,-8.71,-8.49,yellow,0,O=C(O)c1cnc2c3c1NC(C(=O)N1CCCCC1)=CN3CCC2O
-2.1,-9.9,-9.46,yellow,0,O=C(CCN1CCCCC1=O)Nc1cccc2cc(OC(F)(F)F)c(CCO)cc12
-2.1,-9.9,-9.46,green,0,Cc1nc2cccnc2c(CNC(=O)CCc2cccc(C(=O)O)c2)c1C
-2.1,-10.62,-10.14,yellow,0,CCCC(=O)N(C)C1CCC2C(CC3=C4C(=NCc5cc(O)ccc54)NC(=O)N32)C1
-2.1,-10.17,-9.69,green,0,CC=CC1=c2cc(C)c(=CC)cc2C(CC)C=C1NC(=O)CN1CCCCC1=O
-2.1,-11.46,-11.05,green,0,CC1(C)CCC2C1Cc1c(O)ccc3cc(CC(=O)N4CCCNCC4)c(=O)n2c13
-2.1,-9.19,-8.83,yellow,0,CCCN(C)C(=O)c1c(O)c2c(c3ccc(C(=O)OC)nc13)OC(C)(C)CC2
-2.1,-11.33,-10.89,green,0,CC1Cc2c3c(c4[nH]c(=O)n(C5CCCCC5)c(=O)c4c2CC1=O)OCCC3
-2.1,-8.04,-8.05,green,0,COC(=O)c1cc(C)nc(N)c1CC1CCCC(NC(=O)C(C)(C)C)C1
-2.1,-11.66,-11.45,yellow,0,O=C1c2cccc3cccc(c23)CN1CC1CCN2C(=O)CCCC3C1C32
-2.2,-11.95,-12.23,yellow,0,O=C1c2ccc(O)cc2C2=CCc3cc4c(c5ccc1c2c35)CCN(CCO)C4=O
-2.2,-11.86,-11.7,yellow,0,Cc1cc2c(C)cc3c(c2c2c1N(C(=O)N1CCNC(=O)C1)CC2)CCCC3
-2.3,-9.88,-9.44,yellow,0,CCCCc1c(O)c(C)c2ccc3c(c2c1CC)CC1CCC(C(=O)O)N1C3=O
-2.3,-11.09,-10.59,green,0,O=C(CC1C=C2C(CO)=C3CC(O)=Cc4cccc(c43)N2C1=O)N1CCCNCC1
-2.4,-10.46,-9.97,yellow,0,CCN(C(=O)CO)C1=CCn2c(c3c4c5c(cccc5c(O)cc42)C(=O)C(C)C3)C1
-2.4,-11.65,-11.49,yellow,0,CNC(=O)CCC1=Cc2cc3c4c5c(cc(O)c4c2CC1)CCCC5=C(C)O3
-2.4,-10.08,-9.61,green,0,O=C(CCN1CCCCC1=O)Nc1cccc2cc(C(=O)O)ccc12
-2.5,-9.55,-9.17,green,0,Cc1c(CCN2CCCCC2=O)nn2c1C(=O)Cc1cccc(O)c1-2
-2.5,-11.41,-10.97,green,0,CC1=c2c(=O)c3ccccc3n3c4c(c(c23)NC1)C(=O)N1C(CCCC1C(=O)N(C)C)C4
-2.5,-8.04,-8.08,yellow,0,CN(CCCC(=O)O)C(=O)NC1CC(=O)C(c2ccccc2)=C1CCCN
-2.5,-11.18,-10.72,yellow,0,O=C(CN1CCc2cc3c(cc2C1)N1CCCCC1=C1C=CN=CC13)Nc1ccccc1
-2.5,-8.82,-8.57,green,0,CCCC(=O)N1CCN(c2cc(O)c(C)c3c2CCCC(OC(C)=O)O3)CC1
-2.5,-8.59,-8.4,green,0,CCCCN1C(=O)CC(C)c2cc(C(=O)N3CCCC3)c(O)cc21
-2.5,-8.19,-8.16,green,0,CCc1cc(C)cc(CN2CCC(C(N)=O)CC2)c1C(=O)O
-2.6,-11.57,-11.35,yellow,0,Cc1cc(-c2ccccc2)c2[nH]c(N3CCC(N4CCCCC4=O)C3)c(C)c(=O)c2c1
-2.6,-10.14,-9.67,green,0,Cc1c2c3c(c(=O)n1C(=O)CC(C)C(=O)O)CCCC3C1=CC(O)CN1C2=O
-2.6,-9.1,-8.78,green,0,CCOc1ccc2c(=O)n(CCN3CCCCCC3=O)c(C(F)F)nc2c1
-2.6,-11.78,-11.8,yellow,0,O=C(Nc1cccc2cc(-c3ccoc3)ccc12)N1CCN2C(=O)CCCCC2C1
-2.7,-8.38,-8.28,green,0,CC(C)CNC(=O)CC1CCC(N2CCC(C)CC2=O)CC1
-2.7,-10.4,-9.91,green,0,CC1(C)CCC(=O)c2cc3c4c(ccc3c(=O)n21)CN(CC(=O)O)CC4
-2.7,-10.3,-9.83,green,0,O=c1[nH]c2nc(=O)n(C3CCCCC3)c3[nH]ccc(c4c1=CCC(O)=C4)-c23
-2.8,-10.86,-10.41,yellow,0,CCc1c(O)c2c3c(ncc4c3c1C=C(O)C4=O)N(C1CCCCC1)C(=O)C2
-2.8,-10.02,-9.57,green,0,CCC(C)c1nc(=O)n2c3c1Nc1ccc(C(=O)N4CCCC4)cc1C3NCC2
-2.8,-7.58,-7.88,green,0,CCC1Cc2c(c3n(c(=O)c2C(C)=O)CCC(CC(=O)O)C3)CC1=O
-2.8,-11.34,-10.96,green,0,O=C1CN(Cc2ccc3c4c(c5n(c(=O)c24)CCCC5)C=CO3)CC2CCCN12
-2.8,-11.44,-11.13,yellow,0,CC(C)(C)C1CCc2cccc3c2Oc2c(cccc2C3=O)C(=O)NCC1=O
-2.8,-10.34,-9.86,green,0,O=C(O)c1cccc(CN2CC3c4c(cccc4C2=O)C=CC3O)c1
-2.8,-10.24,-9.77,yellow,0,O=C(O)C1=CCC(O)C(c2cn(C(=O)N3CCCC3)c3ccccc23)=C1
-2.8,-11.61,-11.54,yellow,0,CNC(=O)CCC1=Cc2cc3c4c(ccc(O)c4c2CC1)-c1ccc(O)cc1O3
-2.8,-8.86,-8.6,yellow,0,CCOc1ccc2c(NC(=O)C(C)(C)C)c(C)ccc2c1
-2.8,-8.74,-8.54,yellow,0,CCCCc1cnc2c(C)c(C(=O)N3CCCCC3)nc(CCO)c2c1
-2.9,-11.45,-11.2,red,0,O=C1CCCCN1C1CCN(C2=C3NC=CC=C3c3c(ccc4ccc(Cl)cc34)N2)C1
-2.9,-8.7,-8.51,yellow,0,O=C(Cc1cccc(OC(F)(F)F)c1)Nc1ccc(Cl)cc1
-2.9,-9.05,-8.75,green,0,CCc1c(C(=O)NCC(=O)O)ccc2ccc(CC(=O)O)cc12
-2.9,-10.17,-9.71,green,0,CCNC(=O)CC1(O)CCC2CCc3c(cc(C(C)=O)c4ccc(O)cc34)N2C1=O
-3.0,-10.33,-9.86,green,0,Cc1c(CO)c2c(c3c1C(=O)NCC3)CCC(CCN1CCCCC1=O)C2
-3.0,-9.89,-9.47,green,0,Cc1cc2c3c4c1OCCC=C4C(O)=CC3CN(C(=O)CCC(=O)O)C2
-3.0,-9.48,-9.12,yellow,0,CCc1c2cc(OC)ccc2c(C)c(=O)n1CCCN1CCCC(C)C1=O
-3.0,-9.18,-8.85,green,0,CCCC(=O)N1CCC(n2c(=O)n3c4c(c(O)c(CO)cc42)CCCC3)C1
-3.0,-11.47,-11.3,yellow,0,O=C(Cc1cc2cccc3c2n(c1=O)-c1cccc2c1N3CCC2)N1CCCNCC1
-3.0,-9.49,-9.13,green,0,Cc1c(N2CCC(N3CCCCC3=O)C2)[nH]c2c(C(=O)O)cccc2c1=O
-3.1,-9.34,-8.99,green,0,CC(C)NC(=O)c1cn(CC2CCCC(O)C2)c2c1CC(=O)CC2
-3.1,-9.03,-8.74,yellow,0,COc1cccc2c1c(CN1CCCC1=O)cn2Cc1ccccc1
-3.1,-7.75,-7.96,green,0,CCC(=O)N1Cc2c(ncc3c2CCCN(CC(=O)O)C3)C(C)C1=O
-3.2,-8.68,-8.51,green,0,CC1=CCN(CC(=O)NC(C)C(=O)O)c2ccc(C(=O)O)cc21
-3.2,-11.67,-11.89,yellow,0,O=C1c2cccc3cccc(c23)CN1CC1CCN2C(=O)CCCCC2C1
-3.2,-11.49,-11.36,green,0,CN1CC2=C3OC(N4CCCCC4=O)CC(=O)N3c3cccc4ccc(c2c34)C1=O
-3.2,-9.12,-8.81,green,0,CCCc1c(=O)nc2n3c(cc(O)cc13)CC1(CCCC(C(=O)O)C1)CC2
-3.2,-9.15,-8.83,green,0,COc1cccc2c1N(CC1CCC3CCC(C)C(=O)N3C1)CCC2=O
-3.2,-9.14,-8.82,yellow,0,CCc1c(O)c(C(=O)N2CCC(C)CC2)c2c(c1CNC(=O)c1ccoc1)CCCO2
-3.2,-9.14,-8.82,green,0,CCCc1cc(C)c2c(c1)c(N)c(CCN1CCCCC1=O)n2C
-3.2,-9.0,-8.72,green,0,CCOCn1c(=O)n(CC2CCN(C(=O)CCO)CC2)c(=O)c2cc(C)ccc21
-3.3,-10.56,-10.12,green,0,Cc1ccc2c3c1ccc(=O)n3-c1cncc3c1C2CN(CC(=O)O)C3
-3.3,-7.65,-7.93,green,0,CCC1n2c(c(CO)c3cccc(N(C)C)c3c2=O)CCC1(C)C
-3.3,-9.29,-8.96,green,0,CCc1c(C)nc2c3c1NC(C(=O)N1CCCCC1)=NC3C=NC2=O
-3.3,-10.25,-9.8,yellow,0,CC1=NC(=O)C2=CC3CC(C(=O)O)C(C)C(=O)N3c3cccc1c32
-3.3,-8.86,-8.61,green,0,COC1=CCc2c(cccc2C(=O)NCCC(C)(C)C)C1
-3.3,-8.96,-8.69,green,0,COc1ccc(C(=O)O)cc1-c1cn(C2CCCCC2)c(=O)[nH]1
-3.3,-11.34,-11.02,yellow,0,CCN1C=Cc2c(O)ccc3c4c(cc1c23)CN(CC(=O)Nc1cccc(C)c1)CC4
-3.3,-7.92,-8.07,green,0,CCCCc1cc2c(c(OC)c1C(=O)O)N1CCN(CC(=O)O)CC1CC2C
-3.3,-7.99,-8.09,green,0,CCCC(=O)N(C)C1CCC2C(C1)CC1C(CC(=O)O)Oc3ccccc3C(=O)N21
-3.4,-8.78,-8.58,green,0,CC(=O)N1CCN(Cc2cccc(C(=O)N3CCCCC3CO)c2)CC1
-3.4,-7.87,-8.04,green,0,CC(C(=O)O)c1cc(C2CCN(C(=O)CN3CCCN(C)C3=O)C2)cs1
-3.4,-11.15,-10.79,yellow,0,CCc1ccc2c3c(c4c(cc13)CN(CC(=O)Nc1ccccc1)CC4)CCC2=O
-3.4,-7.46,-7.9,yellow,0,CN(CCCC(=O)O)C(=O)NC1CC(=O)C(C(C)(C)C)=C1CC1CCNC1
-3.5,-10.04,-9.6,yellow,0,Cc1cccc(CNC(=O)CC2CCC(N3CCC(C)CC3=O)CC2)c1
-3.5,-10.49,-10.06,green,0,CCNC(=O)C1CCc2ccc3c(c2C1)CC1CCC(C(=O)NC)N1C3
-3.5,-8.76,-8.57,yellow,0,COc1cc2c(c(CC(=O)O)c1)Oc1cc3c(c(O)c1OC2)C(=O)N(CC(C)C)CC3
-3.5,-10.08,-9.64,green,0,CCN(CC(=O)O)C(=O)c1cc2cccc3c2c(n1)C1=C2C(CCCN23)CCC1O
-3.5,-10.98,-10.59,yellow,0,CC1OC(=O)Cc2cc3cccc(NC(=O)CCN4CCCCC4=O)c3cc21
-3.5,-10.16,-9.72,yellow,0,O=C(O)C1CCN(CCc2cc(OC(F)(F)F)cc3ccccc23)CC1
-3.5,-10.13,-9.69,yellow,0,CCN1C2=CC3CCCOC3=C(C)C2=Nc2c(CN(C)C(=O)C3=CN(C)C(=O)C3)cccc21
-3.5,-8.58,-8.44,green,0,CCCCN1CC(C)(C)c2c(ccc3c2CCN(CC(=O)O)C3)C1=O
-3.6,-10.68,-10.26,green,0,CC1CC2c3c(cccc3C1=O)CCC2CN1CCCC(C(=O)NCC(=O)O)C1
-3.6,-8.91,-8.65,green,0,CC1=COCC2Cc3c(cccc3C(=O)NC3CCC(C(=O)O)C3)CN12
-3.6,-9.73,-9.35,green,0,CC1CCC2CC(C(=O)N3CCCCC3)Nc3nc(N)nc1c32
-3.6,-9.11,-8.81,yellow,0,COc1cccc2c1c(CN1CCCC1=O)cn2Cc1ccccc1F
-3.6,-8.15,-8.18,green,0,Cc1cc(CC(=O)O)n(CC(=O)CCN2CCN3C(=O)CCCCC3C2)c1
-3.6,-10.59,-10.16,green,0,Cc1c(CCN2CCCCCC2=O)cc2c(=O)ccn3c(C)c(O)c(=O)c1c23
-3.6,-9.53,-9.18,yellow,0,COC(=O)Nc1cc(C(C)C)c(C)c2[nH]c(=O)n(C3CCCCC3)c(=O)c12
-3.6,-11.59,-11.82,yellow,0,CCC1=C2C(=O)CCC3Cc4cc5c(c6ccc(c(c46)C23)C1=O)CCN(CCO)C5=O
-3.7,-10.47,-10.04,yellow,0,CNC(=O)c1cc(C(C)(C)C)cc2ccc(N3CC(=O)N4CCCCC4C3)cc12
-3.7,-9.18,-8.87,green,0,COc1cc2c3c(c(C(=O)O)n4c3c1OCC1=CC(C(=O)O)C=C14)CCN(CC(=O)O)C2=O
-3.7,-11.32,-11.05,yellow,0,Cc1c(N2CCC(N3CCCCC3=O)C2)[nH]c2c(C3=CC=CC3)ccc(C)c2c1=O
-3.7,-9.15,-8.84,green,0,CC=CC1=Cc2c(c3n(c(=O)c2CC)CCC(CC(=O)O)C3)CC1CO
-3.8,-10.45,-10.01,yellow,0,CC1=NC(=O)C2=C(C)C3C=C(C(=O)O)C(C)C(=O)N3c3cccc1c32
-3.8,-9.71,-9.34,yellow,0,CCCCC(=O)NCC1=C(O)C2=C(C)CCN2C(c2ccccc2)=C1
-3.8,-10.03,-9.6,green,0,COc1cc2cccc(CCCC(=O)N3CCCCC3)c2cc1C(N)=O
-3.8,-10.54,-10.12,yellow,0,CCCCc1ccc2c(c1)C(OCC)=CC1CC3C4CCCC(=O)N4CCN3C(=O)N21
-3.9,-9.94,-9.53,yellow,0,O=C(O)c1c(O)c2c3c4c(cccc14)CCCn3c(=O)n2C1CCCCC1
-3.9,-8.68,-8.53,yellow,0,CCc1cnc2c3c1NC(C(=O)N1CCCCC1)=CN3CC=C2O
-3.9,-10.47,-10.05,green,0,COc1cc2c([nH]1)-c1ccccc1N(C(=O)CCN1CCCCC1=O)C2
-3.9,-8.39,-8.33,green,0,Cc1cc(CN(C)C)c(CCC2CCC(C(=O)O)CC2)cn1
-4.0,-8.37,-8.32,yellow,0,CCCN(C)C(=O)c1nn(CC2CCCCCC2)c2c1CC(C(=O)O)=CC2=O
-4.1,-9.86,-9.46,green,0,CC1Cc2cnc(=O)c3cc(CC4CCCC(=O)N4)cn(c2-3)C1
-4.1,-9.89,-9.49,green,0,NCc1cc(O)c2cccc(NC(=O)CCC(=O)N3CCCCC3)c2c1
-4.1,-9.28,-8.97,green,0,CC(=O)c1ccc2c(c1)c(=O)n(CCCN1CCCCC1=O)c(=O)n2C
-4.2,-7.94,-8.12,yellow,0,CCOC(=O)N1Cc2c(C)c(CN3CCCC3=O)cn2C(=O)C2=CCCC21
-4.2,-8.04,-8.16,green,0,CN(CCC1CCCC1)C(=O)Cc1ccc(C(=O)O)cc1CO
-4.3,-8.8,-8.61,yellow,0,CCN(CCC(=O)N(C)c1cc(OC)c(C2CCCC2)c(OC)c1)C(=O)c1ccc(O)cc1
-4.3,-11.27,-11.12,yellow,0,Cc1ccc2ccc3c(c2c1)C1=CC=CNC1=C(N1CCC(N2CCCCC2=O)C1)N3
-4.3,-6.67,-7.75,green,0,CCCN1CCCCCNC(=O)CCC(C)CC(CN)CCC1
-4.4,-9.56,-9.23,green,0,NC1CCCN(c2cccc(-n3ccc(=O)c(N4CCOCC4)c3)c2)C1=O
-4.4,-10.82,-10.45,yellow,0,CC(=O)NC1=Cc2cccc3c(NC4CCCN(C)C4=O)ccc(c23)C1=O
-4.4,-9.89,-9.5,green,0,O=C(O)c1cc(CCN2CCCCCC2=O)cc2cc(O)ccc12
-4.4,-10.27,-9.84,yellow,0,Cc1cc(O)cc2c1CCN(Cc1cccc(C(=O)N3CCCCC3CO)c1)C2
-4.4,-10.27,-9.84,yellow,0,CC1=CCc2c(ccc3c(NC(=O)C(C)(C)C)c(C)ccc23)O1
-4.5,-10.92,-10.6,yellow,0,O=C(O)CN1Cc2cncc3c2C(C1)C1=CC(=O)c2c1n-3c(=O)c1ccc(Cl)cc21
-4.5,-9.01,-8.76,green,0,CCc1cc(CCC(=O)NCCC(=O)N2CCCCC2)c(C)cc1O
-4.5,-10.08,-9.66,green,0,CC1=CC2c3c(cc4c(O)c(CC(=O)O)ccc4c3C(=O)N(C)C2C)O1
-4.6,-8.49,-8.42,yellow,0,CCCn1c(=O)n(Cc2cc(C(=O)O)c(CC)s2)c(=O)c2ccc(C)cc21
-4.6,-10.87,-10.54,yellow,0,COc1ccc2c(C(=O)O)cc3c(c2c1)CC(C)(C)CN(C12CC(=O)N(C)C1C2)C3=O
-4.7,-9.19,-8.9,green,0,CCOc1cc2c(c3c(O)cc(C(=O)O)cc13)CC1CCC(C(=O)O)CN21
-4.7,-9.92,-9.53,yellow,0,NC(=O)C1=C2NC=CC=C2Cn2c1ccc(CC(=O)N1CCCCCC1)c2=O
-4.7,-9.66,-9.31,green,0,COC(=O)C1Cc2c(ccc(CC(=O)O)c2O)-c2ccccc21
-4.7,-9.27,-8.98,yellow,0,CC(=O)N1C=CC(C(=O)O)c2cc(O)c3c(N4CCCCC4)cccc3c21
-4.8,-10.45,-10.05,yellow,0,CCc1cc2c3c4c1CCCC4CCCC3N(C(=O)CC(C)(C)C(=O)O)C2=O
-4.8,-8.87,-8.65,green,0,COC(=O)N(c1ccc(O)c(OC)c1)c1ncc2c(C(=O)O)cccc2n1
-4.8,-6.97,-7.83,green,0,CN(C)Cc1cc(C2CCN(C(=O)CN3CCCN(C)C3=O)C2)cs1
-4.8,-9.0,-8.76,green,0,CCc1ccc(NC(=O)N2CCN3C(=O)CC(C)CC3C2)c(CCCO)c1
-4.8,-10.82,-10.48,yellow,0,O=C1CCCN1Cc1cc(C(F)(F)F)cc2c1Cc1ccccc1N2
-4.8,-10.55,-10.16,yellow,0,CC1CC2=C(C(=O)O)CN3c4c(nc5cccc1c5c42)CC1CCC(C)(C)C13
-4.9,-9.09,-8.82,yellow,0,COc1ccc2c(c1CC(=O)O)OCc1c-2cc2c(c1C(=O)O)CCCC2=O
-4.9,-9.61,-9.28,green,0,CC(=O)c1ccc2c3c1C(=O)N(C(=O)CC(C)(C)C(=O)O)C3CCCC2O
-5.0,-9.51,-9.19,yellow,0,CC(C)CNC(=O)c1ccn(-c2cccc3c2NC2CCCCN2C3=O)c1
-5.0,-9.65,-9.31,green,0,Cc1ccc2c(CCN3CCC(C(=O)O)CC3)c(C(=O)O)ccc2c1
-5.0,-8.28,-8.31,yellow,0,CN1CCCN(CC(=O)N2CCC(c3csc(C4CCCC4)c3)C2)C1=O
-5.0,-10.28,-9.87,green,0,CCN(CC(=O)O)C(=O)c1cc2cccc3c2c(n1)C1=C2C(=CCC1O)CCCN23
-5.1,-10.75,-10.41,yellow,0,Cc1cc2c3c(c1O)CCC1=CCN(C=C2CCCC(=O)N2CCCCC2)N13
-5.2,-7.82,-8.12,green,0,COC1=C2CC(C)(C)Cc3c2c(cn(C(=O)C(C)(C)CO)c3=O)CC1O
-5.2,-8.56,-8.48,green,0,CNC(=O)CC1CCC(CCCc2ccccc2)CC1
-5.2,-10.01,-9.62,yellow,0,CC(=O)c1cccc2oc(C(O)CC3CCCC(N4CCCCC4=O)C3)cc12
-5.2,-10.46,-10.08,yellow,0,Cc1ccc2c3c(c(CCO)cc2c1N1CCCC1)OC1=CC=C=C2CCOC3C21
-5.2,-10.05,-9.65,yellow,0,O=C(O)c1c2c3c4c(c1O)n(C1CCCCC1)c(=O)n4CCCC3CC2
-5.3,-8.61,-8.51,green,0,CN1CCCC(=O)NC2=CC=C=C2Cc2cc(ccc2C(=O)O)C1=O
-5.3,-8.69,-8.58,green,0,O=C(O)CCc1cc(C2CCCN(C(=O)CCO)C2)ccc1C(=O)O
-5.3,-9.21,-8.94,green,0,CC1Cc2c(cc(C(=O)O)c3ccccc23)N2C(=O)C(CC(=O)O)CC12
-5.4,-10.47,-10.11,yellow,0,Cc1cc2c(CCCC(=O)N3CCCCC3)ccnc2c2c1OC(C)CC2
-5.4,-10.03,-9.64,yellow,0,CCN(CCC(=O)N1CC=Cc2c1cc(C(N)=O)c(O)c2C(C)C)C(=O)c1ccc(O)cc1
-5.4,-11.22,-11.18,yellow,0,CC1=CC=C2CN(C)C(=O)c3ccc4c5c6c(c2n35)C1CN(C)C6=CC1=NC(=O)CC14
-5.4,-9.07,-8.82,green,0,CCc1cn2c(=O)c3ccc4c(c3cc(OC)c2n1)CCN(CC(=O)O)C4
-5.4,-9.81,-9.44,green,0,COc1cc2c3c(c1)c(C(=O)O)cc(=O)n3-c1cncc3c1C2CN(CC(=O)O)C3
-5.4,-9.93,-9.56,yellow,0,COC(=O)C1=CC2=C3C(=C4CCN(CC(=O)O)C4CC3CCCC2)C1
-5.4,-9.88,-9.51,yellow,0,CC=C1CC(=O)N(C)c2cc(CC3CCC(C(=O)O)CC3)cc(O)c21
-5.4,-10.41,-10.03,yellow,0,O=C(O)C1CCC2N(C1)C(=O)c1ccc3c4c1N2C1CC1C4C(=O)C=C3
-5.4,-10.89,-10.63,yellow,0,Cc1cccc2c(=O)n(C(=O)c3cccc(Cc4ccc(F)cc4C(=O)O)c3)ccc12
-5.5,-8.67,-8.57,green,0,Cc1ccc2c(c1)-c1c3c(c(CC(C)C(=O)O)n1CCN2C)CNCC3
-5.5,-6.7,-7.83,green,0,CCC1CC(CO)c2cn(C(=O)N3CCCC3)c(C)c2C(=O)N1C
-5.5,-10.99,-10.8,yellow,0,CC(=O)NC1CCC2c3cccc4c3C(=NC2C1)C(C)Oc1ccccc1-4
-5.5,-8.95,-8.74,yellow,0,CNC(=O)CC1CCC(C2CCc3cccc(CCO)c3S2)CC1
-5.5,-9.61,-9.29,green,0,CCN(CC(=O)O)C(=O)c1cc2cccc3c2c(n1)C(C)=C1CC(O)CCN13
-5.5,-10.37,-9.98,green,0,Cc1cc2cc(C(=O)O)cc(CNC(=O)CC3CCCN(C)C3=O)c2c(=O)o1
-5.6,-10.71,-10.4,yellow,0,Cc1cc2c3c(c1C)CN(CCc1cc4ccccc4o1)C(=O)C3CCCO2
-5.6,-7.81,-8.14,green,0,CC1CCCOCc2cn(CCNC(=O)C(C)C)c3ncnc(c23)N1
-5.7,-10.46,-10.1,green,0,Cc1c2c3c(c(=O)n1C(=O)CC(C)C(=O)O)CCC1=C3C3N(CCCN3C2=O)C1
-5.8,-10.8,-10.52,green,0,CC1=Cc2c3cc[nH]c4c-3c(nc(=O)n4C3CCCCC3)[nH]c(=O)c2=CC1
-5.8,-10.17,-9.79,green,0,CC(=O)NC1CCC(c2cccc(-c3cnn(C)c3CN3CCNC3=O)c2)CC1
-5.9,-10.39,-10.02,yellow,0,CC1=C2C=CC(C)C=C2c2cccc(C(=O)NCC(=O)CC(C)(C)C)c2O1
-5.9,-9.34,-9.06,green,0,O=C(O)CCOC(=O)c1ccc2cc(C(=O)N3CCCC3)c(O)cc2c1
-5.9,-9.51,-9.21,yellow,0,Cc1nc2cc3c(nc2c(CNC(=O)C2C=CC=CC2)c1C)CCCC3O
-6.0,-8.22,-8.31,green,0,NCc1cc2c(CCCO)nccc2n1C(=O)C1CC2CCCC(=O)N2C1
-6.0,-9.97,-9.61,yellow,0,CCc1c2c(c(C)c(=O)n1CCCN1CCCC(C)C1=O)CCC(C)C2
-6.0,-11.1,-10.97,green,0,CC1CN(Cc2cccc(C(=O)N3CCCCC3CO)c2)C(=O)n2cccc21
-6.0,-10.99,-10.88,green,0,CC1=Cc2cc3cccc4c3c3c2=C(NCC=3CN4C(=O)C2(C)CCCC2)O1
-6.0,-7.44,-8.05,yellow,0,CCCN(C)C(=O)c1c(O)cc(OCC)c2c(O)cc(-c3ccsc3)nc12
-6.1,-6.87,-7.89,green,0,CCN(C(=O)CCN)c1ccc2c(c1)CCc1cncnc1C(=CCNC)C2
-6.1,-9.51,-9.22,yellow,0,CCC=C1C=C(CCNC(=O)c2cccc(C3CCCC3)c2)C(=O)N(CCC)C1
-6.2,-10.36,-9.99,yellow,0,CN1Cc2cccc3c2N(C1=O)c1cc(C2CCN(CC(=O)O)C2)ccc1O3
-6.2,-10.46,-10.12,yellow,0,CCc1cc2c(cc1NC(=O)CN1CCCCC1=O)C(C)Oc1ccccc1-2
-6.2,-9.18,-8.94,green,0,CC(O)C1=CN(CCCN2CCCCC2=O)C(=O)N2c3ccccc3CC12
-6.3,-10.98,-10.87,yellow,0,O=C1Nc2ccccc2CN1Cc1cccc(C(=O)N2C3CC4CC(C3)C2C4)c1
-6.3,-9.85,-9.5,green,0,Cn1c(=O)c2c3n(c1=O)C1CCC(N4CCCCC4=O)CC1C=C3CC(=O)C2
-6.3,-9.56,-9.27,yellow,0,CCC(C)n1c2c3c(cc1=O)NC(=O)CCC3c1cc(OC)ccc1C2
-6.3,-11.04,-10.96,yellow,0,CC=Cc1cnc2c(c1)C1=CC3CC(N4CCCCC4=O)CCC3N1C(=O)N2C
-6.4,-8.14,-8.28,green,0,Cc1c(O)cc2c(c1C)CN1C(=O)CCCC1CO2
-6.5,-10.67,-10.39,green,0,CCC1C=C(CO)Nc2c1ccc1ccc(C(=O)N3CCCC3C(=O)NC)cc21
-6.5,-8.7,-8.62,green,0,CNC(=O)CC1CCC2Cc3nc4c(C)nc(C)nc4n3CC2C1
-6.6,-9.29,-9.04,green,0,CN1CCn2c(=O)n(C3CCCCC3)c3cc(C(=O)O)cc(c32)C1=O
-6.6,-9.29,-9.04,yellow,0,CCC(C)n1c(=O)cc2c3c4c(ccc31)NC(C1CC=NC1)=CN4C(C)=CC2
-6.6,-8.83,-8.67,green,0,Cc1nc(-c2cnoc2)n2c1CC(CCN1CCCCC1=O)CC2
-6.6,-10.44,-10.11,yellow,0,CCC(C)c1c(O)ccc2c1CCn1c-2ccc(-c2ccccc2)c1=O
-6.6,-9.65,-9.35,yellow,0,CC(C)CNc1cc(O)c2c3c1C(=O)CCCn3c(=O)n2C1CCCCC1
-6.7,-10.09,-9.73,yellow,0,O=C(O)CNc1ccc2c(c1)-c1ccccc1C(C(F)(F)F)C2
-6.7,-8.85,-8.69,green,0,CC1CC2(O)CC=Cc3c4c(n5c3CCC(CC(=O)O)C5=O)CCOC1C42
-6.7,-10.82,-10.61,green,0,CCC1C(=O)N(C)c2c1ccc1ccc(C(=O)N3CCCC3C(=O)NC)cc21
-6.7,-8.9,-8.73,green,0,O=C(O)c1cccc(-c2cn(C3CCCCC3)c(=O)[nH]2)c1
-6.7,-8.9,-8.73,green,0,COc1cc(-c2ccccc2NC(=O)CCN2CCCCC2=O)ncc1O
-6.7,-8.09,-8.27,green,0,CC(C)(CC(=O)N1Cc2cccc3c2C(CCC3)C1)C(=O)O
-6.8,-10.61,-10.3,yellow,0,Cc1cc2c(cc1F)CCN(Cc1cccc(C(=O)N3CCCCC3CO)c1)C2
-6.8,-11.14,-11.24,yellow,0,CCN1c2cccc(CN(C)C(=O)C3=CN(C)C(=O)C3)c2N=c2cc3c(cc21)=CC=CC3
-6.8,-10.42,-10.09,yellow,0,CCc1cccc(-n2cc(C(=O)N3CCCCC3C(=O)N(C)C)c3c2CCCN3)c1
-6.8,-8.29,-8.38,green,0,CCCOC(=O)c1cc(CC(O)C(=O)O)cc(CN2CCCCC2=O)c1
-6.8,-9.98,-9.64,yellow,0,CCc1c(C)c(C)n2c(=O)n(CCCN3CCCCC3=O)c3ccccc3c12
-6.8,-10.18,-9.83,yellow,0,O=C1CCCCN1CCC(=O)n1ccc2c(C3=CCCC3)cc(O)cc21
-6.9,-9.38,-9.12,green,0,CC(C)N1CCC(=O)C(CN2CCC(=C3C=CC=CC3)C2)C1
-6.9,-9.96,-9.62,yellow,0,CNC(=O)Nc1cc(C(C)C)c(C)c2[nH]c(=O)n(C3CCCCC3)c(=O)c12
-6.9,-9.26,-9.03,yellow,0,CCc1nc2cc(C(F)(F)F)ccc2n1CCCN1CCCC(C)C1=O
-6.9,-10.07,-9.71,green,0,COc1ccc(CC(=O)N2CCCC2)c2c1Cc1c(O)cccc1O2
-7.0,-9.52,-9.25,green,0,CC(C)c1c2c(c3n(c1=O)CCC(CC(=O)O)C3)CC(CO)C(=O)C2
-7.0,-8.91,-8.75,green,0,CCc1cnc(N2CC3C(C(=O)O)CCC(O)C3CC2=O)cc1C(=O)O
-7.0,-10.32,-9.98,green,0,CN1CCC(c2cccc(C(=O)NC3CCCCC3)c2)CC1=O
-7.0,-8.89,-8.73,yellow,0,CCCN(C)C(=O)c1c(O)c(C(=O)O)cc2c(OC)cc(-c3ccccc3)nc12
-7.1,-7.67,-8.16,green,0,COc1cc(CC(=O)N(C)CCC2CCCC2)c(C)cc1C(=O)O
-7.1,-9.11,-8.9,yellow,0,CNC(=O)CC1CCC(C2CCc3cccc(CC(=O)O)c3S2)CC1
-7.1,-10.94,-10.89,yellow,0,CCc1ccc2c(c1)C(C(=O)O)=CC1CC3C4CCCC(=O)N4CCN3C(=O)N21
-7.1,-10.51,-10.21,green,0,CCNC(=O)CC1(O)CCC2CCc3c(cc4c5c(cc(O)cc35)CNC4=O)N2C1=O
-7.1,-9.48,-9.21,green,0,CN1CC2C(=O)C(O)Cc3cn(C(=O)C4(C)CCCCC4)c(=O)c(c32)C1=O
-7.1,-9.48,-9.21,green,0,CN1C(=O)CC(C(=O)O)C2=C1C=CC1C2=Cc2ccccc21
-7.2,-9.81,-9.48,yellow,0,CCCC1Cc2cc3c(c4cc(C)c(OC)c(c24)O1)CN(C(=O)CN(C)C)CC3
-7.2,-9.82,-9.49,yellow,0,CCCC1CC2=C(C)Nc3ccc4c(C(=O)NCC(=O)O)c(C)ccc4c3N2C1
-7.2,-10.84,-10.7,green,0,COc1ccc2cc(CC(=O)N3CCCNCC3)c(=O)n3c2c1Nc1ccccc1-3
-7.2,-10.88,-10.8,yellow,0,CN1Cc2c(N3CC(=O)N4CCCCC4C3)ccc3cc(C(C)(C)C)cc(c23)C1=O
-7.3,-10.65,-10.4,yellow,0,CC1Cc2c(c(O)c3c4c2C(=O)CCCn4c(=O)n3C2CCCCC2)C(=O)O1
-7.4,-9.37,-9.12,yellow,0,CCCc1cc(CC)c2c(c1)c(N)c(CCN1CCCCC1=O)n2C
-7.4,-9.69,-9.4,yellow,0,CCN1C2=C(CCCO2)Cc2c(C)cc(CCC(=O)NC(C)(C)C)cc21
-7.4,-9.92,-9.6,yellow,0,CC1=NC(=O)C(c2cc3c(n(C)c2=O)CC2CCC(C(=O)O)CC2(C)C3)=C1
-7.5,-10.07,-9.73,yellow,0,O=C(Nc1ccc2c([nH]c(=O)n2C2CCCCC2)c1C(=O)O)c1ccccc1
-7.6,-10.04,-9.7,green,0,COc1c2c3c(cc(O)cc3c3cc4n(c13)CCN(CC(=O)O)C4)CCC2
-7.6,-10.25,-9.92,yellow,0,CN1CCC2=C1C=CCN(Cc1cccc3c1N=C1C4=C(C=CCN43)C=C(O)C1N)C2=O
-7.6,-10.21,-9.88,green,0,CC1C2=CC3CC(N4CCCCC4=O)CCC3n3c2c(c(=O)n(C)c3=O)C(N)=C1O
-7.6,-10.37,-10.07,green,0,O=C(O)CC1CCn2c(cc3c4c(ccc3c2=O)CCC(=O)C4)C1
-7.7,-9.27,-9.05,yellow,0,C=C(C)c1cc(C(=O)O)nc2c1C=CCN2C(=O)CCN(CC)C(=O)c1ccc(O)cc1
-7.7,-10.83,-10.73,green,0,CNC(=O)CN1Cc2ccc3cc(O)c4c5c3c2C(CC5CC(O)C=C4)C1
-7.7,-10.62,-10.38,yellow,0,O=C(O)CN1Cc2ccc3c4c(ccc(c24)C1)C1C=CC=CC1=C3C(=O)O
-7.7,-10.11,-9.78,green,0,CN(C(=O)CCN)C1CCc2c3c4c(cc(O)cc4c(=O)n2C1)C=C(O)C3
-7.8,-10.5,-10.23,yellow,0,COc1c2ccc(C)c3c2c(c2cc4n(c12)CCN(CC(=O)O)C4)C(=O)C=C3
-7.8,-8.9,-8.76,yellow,0,CCCCC(=O)Nc1nc(=O)n(C2CCCCC2)c2ccc(C(=O)O)cc12
-7.8,-11.08,-11.3,yellow,0,CNC(=O)CCC1=Cc2cc3c4c(ccc(O)c4c2CC1)C1=CC(C)N=C1O3
-7.8,-10.28,-9.96,yellow,0,NCc1cc2c(C3=CC=CC3)cccc2n1C(=O)CCN1CCCCC1=O
-7.8,-9.7,-9.42,green,0,CCc1sc2c(c1C(=O)O)C(=O)N1CC=c3cccc4c3=C1C2C(CCO)C4
-7.8,-10.1,-9.77,yellow,0,O=C(O)CN1CC2=C3C(F)=CCC4=C3N3C(=CCc5ncc(c2c53)C1)C=C4C(=O)O
-7.9,-9.92,-9.61,green,0,O=C(O)c1cc(CN2CCCC2=O)cc(-c2ccccc2)c1
-7.9,-9.86,-9.54,yellow,0,CCC1NC=C2C(=O)OCCOCN3CN=C(N4CCCC4)c4cc1c2nc43
-7.9,-8.73,-8.66,green,0,CC(=O)NCc1cccc(NC(=O)CCN2CCCN(C)C2=O)c1
-7.9,-10.24,-9.92,yellow,0,CCc1cc2c(cc1NC(=O)CN1CCCCC1=O)C(C)Oc1ccc(C)cc1-2
-8.0,-8.5,-8.54,green,0,COc1c2ccccc2c(C(=O)O)c2cc3n(c12)CCN(CC(=O)O)C3
-8.0,-9.52,-9.27,green,0,CCCNC(=O)c1ccc(CCN2CCCCC2=O)n2c(=O)cccc12
-8.1,-10.32,-10.03,yellow,0,O=C(O)c1c2c(c3c(c1CCN1CCC(C(=O)O)CC1)CCCC3)CCCC2
-8.1,-8.72,-8.66,yellow,0,CCc1cnc2c3c1NC(C(=O)N1CCCCC1)=CN3CCC2C
-8.2,-9.18,-8.99,yellow,0,CCOC1CCCn2c(=O)n(C3CCCCC3)c3c(O)c(C(=O)O)cc1c32
-8.2,-10.25,-9.94,yellow,0,CC(C)(CO)C(=O)n1cc2ccc3c4ccc(O)cc4n4c3c2c(c1=O)CCC4
-8.3,-10.16,-9.85,yellow,0,COc1cc(C(=O)O)cc(C2=CC=CC(C3CCC(C(=O)O)CC3)C2)c1
-8.3,-10.54,-10.29,yellow,0,O=C(O)c1cc(F)cc(-c2ccc(O)c(-c3ccc(O)cc3)c2)c1
-8.4,-10.42,-10.15,yellow,0,CC=Cc1c(NC(=O)CN2CCCCC2=O)cc2c3c1C=C(C)C(=O)C=3OCC=2
-8.4,-8.96,-8.82,green,0,CCCN(C)C(=O)c1c(O)c2c(c3ccc(C(=O)OC)nc13)OC(C(=O)O)CC2
-8.4,-8.96,-8.82,green,0,CC(=O)NCc1c2n(c(=O)n(C)c1=O)C1CCC(N3CCCCC3=O)CC1(C)CC2
-8.5,-10.12,-9.81,green,0,CC(=O)n1ccc(=O)c2ncc(CC3CCC4CCC(=O)N4C3)cc21
-8.5,-10.48,-10.24,yellow,0,CCc1c2c3c(c(O)ccc3n(C(=O)CC(C)C(=O)O)c1=O)-c1cc(C)ccc1C2
-8.5,-10.69,-10.54,green,0,O=C(O)CN1CCn2c(cc3c4cc(O)cc5c4c(cc32)OCCC5)C1
-8.5,-9.73,-9.45,yellow,0,CCOc1ccc2c(c1)N1CCCN1C=C2CCCC(=O)N1CCCCC1
-8.6,-8.18,-8.38,green,0,OCCOc1c2c(c3nccc(N4CCCCC4)c3c1O)CCN1CCCC21
-8.7,-9.47,-9.24,green,0,Cc1cc2n(c1)C(C(=O)CCN1CCN3C(=O)CCCCC3C1)CC(C)C2
-8.7,-8.36,-8.49,green,0,CCC(C)C1CCCC(NC(=O)C2CCCC(C(=O)O)C2)C1
-8.7,-9.68,-9.42,yellow,0,Cc1cc(C)c(C)c(NCc2cc(CC(C)C)c(C)nc2N)c1
-8.8,-8.67,-8.65,yellow,0,CCC(CC1CCC(N2CCC(C)CC2=O)CC1)N1CCC(C)C1=O
-8.9,-8.34,-8.49,yellow,0,COc1cc2c(cc1C(C)(C)C)CCCOC(=O)CCCN(C)C(=O)N2
-8.9,-10.61,-10.42,yellow,0,CC(C)(C)C(=O)NCCC1CC(=O)N2c3ccc4ccc(O)cc4c3CCC2C1
-9.0,-9.82,-9.53,yellow,0,COc1cnc(-c2cccc(C(=O)NC3CCCCC3)c2)cc1O
-9.0,-9.52,-9.29,green,0,CCCNC(=O)CN(C)CC1=C2CC=CC=C2c2cc(O)ccc2C1
-9.1,-8.66,-8.65,yellow,0,CCc1ccc(C(=O)O)c(CCN2C(=O)CCCC2C2=CC(=O)C=C2)c1
-9.2,-9.09,-8.94,green,0,O=C1NC(O)Cc2c1cc(C(=O)O)c1ncn(CC3CCCC(C(=O)O)C3)c21
-9.2,-9.09,-8.94,green,0,COc1ccc2c3c1c(N)c(CCN1CCCCC1=O)n3CCC=C2
-9.2,-9.25,-9.08,green,0,CCc1cnc(N2CC3C(=C4CC=CC=C4CC3C(=O)O)CC2=O)cc1C(=O)O
-9.3,-10.25,-9.98,yellow,0,O=C(O)c1cc(F)ccc1CC(=O)N1Cc2cccc3c2C1CCC3C(=O)O
-9.3,-9.68,-9.43,yellow,0,O=C(O)c1c(CC(F)(F)F)ccc2cc(CNC(=O)C(F)(F)F)ccc12
-9.3,-9.68,-9.43,yellow,0,CCC(=O)N1CCC(Cn2c(=O)n(CC3=C(C)C=C(C)C3)c3ccccc32)CC1
-9.3,-10.04,-9.75,green,0,O=C(O)c1cc2c3c(c1)n(C1CCCCC1)c(=O)n3CCC1N=CC=C21
-9.4,-10.44,-10.21,yellow,0,O=C(O)CN1CCc2c(cnc3c4c(nc(CO)c23)-c2cc(Cl)ccc2CC4)C1
-9.4,-10.82,-10.89,yellow,0,Cc1cc2c3n(c1=O)Cc1c(ccc4c1CCCN(CC(=O)O)C4)C31CCC(C2)C1
-9.4,-10.67,-10.56,yellow,0,COc1ccc2ccc3c(c2c1)CN(C(=O)Cc1ccc(F)cc1C(=O)O)C3
-9.4,-10.87,-11.01,yellow,0,CC=Cc1cccc2c1COc1c(C)cc3c4c(ccc3c1-2)C(=O)N(CCO)CC4
-9.4,-10.57,-10.39,yellow,0,CCc1c2c(cc3ccc4c(c13)OCC(C)CCC4)CN(CC(=O)O)CC2
-9.5,-10.11,-9.83,green,0,CN1C(=O)c2nc3c(CCC(=O)O)cccc3cc2C2CCCC21C
-9.5,-9.82,-9.54,yellow,0,Nc1nc(NC(=O)CCc2ccsc2)cc2cc(CCCC(=O)O)ccc12
-9.5,-8.65,-8.65,green,0,Cc1cc(-n2c(Cc3ccccc3)ccc2C(=O)O)ccn1
-9.5,-10.1,-9.82,green,0,CC1=C2OCCc3c2c(c(C)c(=O)n3CCCN2CCCC(C)C2=O)CC1
-9.6,-9.11,-8.97,green,0,CC(=O)Nc1cccc2c(=O)n3c(cc12)CCC(NC(C)=O)C3
-9.6,-10.19,-9.92,green,0,CN(C)C(=O)c1ccc2cccc(NC(=O)CCN3CCCCC3=O)c2c1
-9.6,-9.93,-9.66,green,0,O=C(O)c1cc2c3c(c1O)n(C1CCCCC1)c(=O)n3CCC1=NCC=C12
-9.6,-8.1,-8.38,green,0,CCCC(=O)N1CCN(c2cc(O)c(C(=O)N(C)C)c3c2CCCC(C)O3)CC1
-9.6,-10.41,-10.19,yellow,0,O=C1C=Cc2ccc3c4c2C1=CCCN4C1CCC(C(=O)O)CN1C3=O
-9.6,-9.65,-9.41,yellow,0,CCN1Cc2cccc3c2C(CN(C2C=C(C(=O)O)C(C)(C)C2)C3=O)C1=O
-9.6,-9.65,-9.41,green,0,CC12CCOC3=CC=CN(C(=O)c4ccc5c(c41)CCN(CC(=O)O)C5)C32
-9.7,-8.9,-8.81,green,0,O=C(CCc1cc(C(=O)O)cc(C(=O)O)c1)NCCC(=O)N1CCCCC1
-9.7,-9.64,-9.4,green,0,Cc1cc(CCC(=O)NC(C)(C)C)cc2cc(CO)ccc12
-9.7,-9.43,-9.23,green,0,CCCc1ccc2c(c1)CC(CC(=O)N1CCN(CCCO)C(=O)C1)=C2
-9.7,-9.78,-9.51,green,0,CC(=O)NC1CCC(c2cccc(-c3cnn(C)c3)c2)CC1
-9.8,-10.69,-10.63,yellow,0,O=C1CCCCN1CCC(=O)n1ccc2c(-c3ccccc3)cc(O)cc21
-9.8,-7.79,-8.29,yellow,0,Cc1c(CN2CCCC2=O)cn2c1CN(C(=O)OC(C)(C)C)C1CCC=C1C2=O
-9.8,-7.7,-8.27,yellow,0,CCC1n2c(c(C(=O)O)c3ccc(C(=O)O)c(N(C)C)c3c2=O)CCC1(C)C
-9.8,-10.18,-9.91,green,0,Cc1cc2c3c4c(c(=O)n(C(=O)C(C)(C)CO)cc14)CC(C)(C)C(=O)N3CC2=O
-9.8,-10.49,-10.3,red,0,CC=Cc1cc2c3c4c(c(C)nc3c1)CCCN4C(=O)N2C1CCCC(C(=O)O)C1
-9.8,-10.02,-9.74,yellow,0,COc1c(C)c(C(=O)O)c2c(c1CCc1ccnc3ccccc13)CCCC2
-9.8,-10.05,-9.77,green,0,CCc1cc2c(CO)c(CCN3CCCCC3=O)nn2c2ccccc12
-9.8,-10.1,-9.83,yellow,0,CC(C)(C)C(=O)N1C=C(CN)c2nc(-c3ccccc3)nc3nccc1c23
-9.9,-9.53,-9.32,yellow,0,CC(=O)C1=CC(C)Oc2cc(C)c(C(=O)N(C)CCC(=O)N3CCNCC3)cc21
-9.9,-10.48,-10.29,yellow,0,Cc1cc2c(CCCC(=O)N3CCCCC3)cn3n4c(ccc(c1O)c2-4)=CC3
-9.9,-10.52,-10.33,yellow,0,Cc1c(C(=O)O)ccc2c1CC1(O)CCC3c4ccccc4OC2C31
-9.9,-10.16,-9.9,yellow,0,CCc1cnc(N2Cc3c(C(=O)O)c(O)cc4cccc(c34)C2=O)cc1C(=O)O
-10.0,-8.91,-8.82,green,0,CC1C=C2CC(C)c3c(ccn(C(=O)N4CCCC4)c3=O)N2C1=O
-10.0,-9.52,-9.31,green,0,CN1C(=O)N(C2CCCCC2)Cc2cc(-c3cnn(C)c3)c(=O)[nH]c21
-10.0,-7.96,-8.36,green,0,CC=Cc1c(=O)n2c(c3c(O)cc(CO)c(CC)c13)CCC(NC(C)=O)C2
-10.0,-10.17,-9.91,yellow,0,CCc1ccc2c(c1)-c1ccnc3c1C(=CC2)C(C)N3CCC(C)(C)C(=O)NC
-10.0,-10.11,-9.84,yellow,0,CCN1c2cc(CCC(=O)NC(C)(C)C)cc(C)c2Cc2ccc(=O)oc21
-10.0,-10.24,-9.99,green,0,CC1=C=CN(c2ccc3c(c2)c(=O)n(C2CCCCC2)c(=O)n3C)C=N1
-10.1,-9.87,-9.61,green,0,CC1CCCCOc2cc3c(cc21)C(=O)N1CC(C(=O)O)CCC1C3
-10.1,-9.05,-8.94,yellow,0,CCCC1CC(C)(C)Oc2c3c4c(ccc(O)c4c(=O)n21)OCC3
-10.1,-10.68,-10.63,yellow,0,CCc1ccc2c(c1)-c1nc(CO)c3c4c(cnc3c1CC2)CN(CC(=O)O)CC4
-10.1,-8.87,-8.8,yellow,0,CCCCC1NC(=O)N(C)c2nc3nccc(N4CCCCC4)c3cc21
-10.2,-9.43,-9.24,green,0,O=C(O)CN1CCc2c(cnc3cc(-c4ccccc4)nc(CO)c23)C1
-10.2,-8.78,-8.76,green,0,CC(=O)NCC(=O)NC1CCc2c(cc(C(O)CO)cc2Oc2cccc(C)c2)C1
-10.2,-9.16,-9.03,green,0,CCC1C=c2c(c(C)cc3c4c(ccc23)CCN(C(=O)CN(C)C)C4)=NCC1
-10.2,-8.45,-8.58,yellow,0,COC(=O)c1c(O)cc(O)c2c1Oc1cc3c(c(O)c1OC2)C(=O)N(CC(C)C)CC3
-10.2,-10.76,-10.84,yellow,0,O=C(O)c1cc(F)ccc1CC(=O)N1Cc2cccc(-c3ccncc3)c2C1
-10.2,-10.75,-10.81,yellow,0,CNC(=O)CCC1=Cc2cc3c4c(ccc(O)c4c2CC1)C(C)=C(OC)O3
-10.3,-10.76,-10.86,yellow,0,O=C1C=Cc2ccc3c4c(cc(O)c1c24)C1CCCN1C(=O)CC3
-10.4,-7.45,-8.26,green,0,CCCC(=O)N1CCN(c2ccc(C(=O)N(C)C)c3c2CCCC(O)O3)CC1
-10.4,-10.27,-10.05,green,0,CCc1cc(CNC(=O)CC2CCCN(C)C2=O)c2c(=O)oc(C)cc2c1
-10.4,-9.25,-9.11,green,0,COC(=O)Cc1cc(O)c2c3c1C(=O)CCCn3c(=O)n2C1CCCCC1
-10.5,-9.84,-9.59,yellow,0,Cc1cc2c(cc1C(=O)N(C)CCC(=O)N1CCCC1)-c1ccoc1CCO2
-10.5,-7.41,-8.24,green,0,Cc1cc(CN(C)C)c(Oc2ccc(C(=O)O)cc2)c(C)c1O
-10.5,-8.05,-8.41,green,0,CC(O)CN(C)C(=O)CCC1CCCc2ccc(O)cc21
-10.5,-10.08,-9.83,yellow,0,O=C(O)CNC(=O)C1CCC(Cc2ccc(-c3ccccc3)cc2C(=O)O)CC1
-10.6,-8.66,-8.7,green,0,O=C(CC1CCC(N2CCCCC2=O)CC1)NC1Cc2cccn2C1
-10.6,-9.86,-9.61,green,0,NC(=O)c1cc2c(NC(=O)CCN3CCCCC3=O)cccc2cc1O
-10.6,-10.01,-9.76,yellow,0,Cc1ccc2c(c1O)C(=O)C(CCN1CCCCC1=O)CC2(C)C
-10.6,-9.3,-9.14,green,0,CCCc1cc2c(CCO)nc(C(=O)N3CCCCC3)c3c2n(c1=O)CCC3
-10.6,-9.93,-9.69,yellow,0,CC1Cc2c(CCCC(=O)N3CCCCC3)cn(C)c2-c2c(O)cc(O)cc21
-10.6,-9.53,-9.34,green,0,CC1CCc2c(c(CCN3CCN(C)C(=O)C3)n3c2CCCC3=O)CC1
-10.7,-8.52,-8.63,green,0,CN(C)c1cc(CC2CCC(C(=O)O)CC2)cc(C(=O)O)c1
-10.7,-9.9,-9.66,yellow,0,CNC(=O)c1cccc2oc(C(O)CC3CCCC(N4CCCCC4=O)C3)cc12
-10.7,-9.49,-9.3,yellow,0,CN(CCC1CCCC1)C(=O)Cc1ccc(C(=O)O)c2ccccc12
-10.8,-9.11,-9.0,yellow,0,CC1=CCN(C(C)CC2CCC(N3CCC(C)CC3=O)CC2)C=C1
-10.8,-10.81,-11.01,red,0,Cc1cccc(-c2ccc3cccc(NC(=O)C4CCCCN4C(=O)CCC(=O)O)c3c2)c1
-10.9,-9.76,-9.52,yellow,0,CC1=CCc2c(cn(CCCN3CCCC(C)C3=O)c(=O)c2C)C1=O
-11.0,-10.12,-9.89,green,0,O=C1CC2=Cc3c(cccc3NC(=O)CCN3CCCCC3=O)CN2C(=O)N1
-11.0,-10.75,-10.9,yellow,0,CCC(C)n1c2c3c(cc1=O)NC=C1CN=C4Oc5cc(F)cc(c5C3=C14)C2
-11.0,-9.1,-9.0,green,0,O=c1[nH]c2cc3c(cc2c(=O)n1C1CCCCC1)OC(CO)CCOC3
-11.1,-9.94,-9.71,yellow,0,CCC(O)c1ccc2c3c(cccc13)CN1C(=O)C3C(CCCN3C(=O)CCC(=O)O)CC21
-11.1,-10.53,-10.41,green,0,CC1(C)CCC2Cc3nc4cccc5cnc6c(c3N(CC=6C(=O)O)C21)c54
-11.1,-9.93,-9.7,green,0,CC=CC1=C2C=CC(C)C3=NCC=C(C=C1NC(=O)CN1CCCCC1=O)C32
-11.1,-9.47,-9.29,green,0,CC1(C)CC(CC(=O)O)n2c(c3c4c(ccc(O)c4c2=O)C(O)C=C3)O1
-11.1,-9.13,-9.03,green,0,CCC=C1c2cc3cccc(CCC(=O)O)c3nc2C(=O)NC1C
-11.1,-8.93,-8.87,green,0,CCCC(=O)N1CCC(n2c(=O)n3c4c(cc(C(O)CO)cc42)CCCC3)C1
-11.1,-10.87,-11.38,yellow,0,CN1CC2(C)CCCn3c(=O)n(C4CCCCC4)c4c(O)c5c(c2c43)C1CCC5
-11.2,-9.9,-9.67,green,0,CCOc1ccc2c(c1)-c1c(CCO)c3c(n1C(=O)C2)CN1C(=O)CCCC1C3
-11.3,-8.81,-8.8,green,0,COc1cc(Oc2cccc(C(N)=O)c2)c2oc(C)c(C(=O)O)c2c1
-11.3,-9.46,-9.29,green,0,CCN1Cc2cccc(C(=O)NC3CCC(C(=O)O)C3)c2C=C1C
-11.4,-7.68,-8.32,green,0,O=C(O)c1ccc2c(C(=O)O)cn(C(=O)N3CCCCC3CO)c2c1
-11.5,-10.43,-10.28,yellow,0,CCCC1=C2Cc3ccccc3N=C2c2ccccc2N1C(=O)CC(C)C(=O)O
-11.5,-8.55,-8.65,green,0,CCOc1cc2nnc(CC(=O)N3CCCCCC3)c(=O)n2cc1C(=O)O
-11.6,-10.74,-10.93,green,0,CNC(=O)CN1Cc2ccc(C(=O)N3CC4CCCC4C3)cc2C2(CCCC2)C1
-11.6,-9.05,-8.98,green,0,CC1CCN(C(C)CC2CCC(N3CCCCC3=O)CC2)C(=O)C1
-11.6,-6.77,-8.19,green,0,CN1CCCC(=O)OCCc2cc(C(=O)O)ccc2NC1=O
-11.6,-10.44,-10.3,green,0,NC(=O)c1cc2c3c4c1CC1CCOC(CCn3c(=O)n2C2CCCCC2)N41
-11.6,-10.46,-10.33,green,0,Cc1c2c3c(c(=O)n1C(=O)CC(C)C(=O)O)CCC=C3C1CCCCN1C2=O
-11.7,-10.85,-11.38,yellow,0,O=C(O)CN1CCc2cc3c4c(ccc3cc2C1)CCC(=C1C=CN=C1)S4
-11.7,-8.54,-8.65,yellow,0,O=C1C=CC(C2CCCC(=O)N2CCc2cc(CO)ccc2C(=O)O)=C1
-11.7,-10.01,-9.79,green,0,COc1ccc2cc(O)c(CC3CC4CCCC(=O)N4C3)cc2c1
-11.7,-9.46,-9.3,green,0,CCC1=Cc2c(cccc2C(=O)NC2CCC(C(=O)O)C2)CN1CC
-11.7,-9.64,-9.44,green,0,CNC(=O)c1cccc(C2CCC(NC(C)=O)CC2)c1
-11.7,-10.59,-10.57,yellow,0,CC1(C)CCC2c3cc(O)c4c5c(ccc(c35)CCC(=O)N21)C=CC4=O
-11.8,-9.41,-9.26,yellow,0,CCc1cc(OC)cc2c1-c1cc(N3CCCC3)c(O)cc1C(=O)C2C
-11.8,-9.55,-9.38,yellow,0,CC(C)(C)C(=O)N1C=C(CO)c2nc3c(c4nccc1c24)CCCC1=CC=CC13
-11.9,-8.36,-8.59,green,0,CCC1C(CO)c2ccc3c([nH]c(=O)n3C3CCCCC3)c2C(=O)N1C
-11.9,-8.1,-8.47,green,0,CC1OC2=CC3CC4CN(CC(=O)N(C)C)CCC4CN3c3ncnc(c32)O1
-11.9,-9.49,-9.33,green,0,O=C(CCN1CCCCC1=O)Nc1cccc2cc(C(=O)O)c(CCO)cc12
-12.0,-10.65,-10.72,yellow,0,Cc1ccc2c3cc(c(O)c2c1)CCCCCCCCCNC(=O)C3
-12.0,-9.1,-9.03,green,0,COc1cc2ccccc2n2nc(CCN3CCCCC3=O)c(CO)c12
-12.0,-9.93,-9.73,yellow,0,CN1C(=O)N2CCCCC2c2cc3c(N4CCCCC4)ccnc3nc21
-12.0,-9.43,-9.28,yellow,0,CCC=C1C=C(CCNC(=O)c2cccc(C3CCCC3)c2)C(=O)N(CCCO)C1
-12.1,-9.2,-9.1,green,0,CC1(C)CCC(=O)N1C(=O)Nc1c(CCN)ccc2ccccc12
-12.1,-10.03,-9.82,green,0,CC1Cc2ncnc3c2C(=CC2=CC4CN(CC(=O)N(C)C)CCC4CN23)O1
-12.1,-7.42,-8.3,yellow,0,Cc1c(CN2CCCC2=O)cn2c1CN(C(=O)OC(C)(C)C)C1CCCC1C2=O
-12.1,-10.48,-10.41,yellow,0,Cc1c(CCN2CCCCCC2=O)cc2cccc3c2c1C(=O)C(C)C3
-12.1,-10.24,-10.08,yellow,0,CC(C(=O)O)c1ccc2c(c1)C1=C(C(=O)NCC1)C1C(C)CC(=O)N21
-12.2,-8.92,-8.89,green,0,CN1CCC2=C3CCC(=O)CC3=C(CN3CCCCC3)NC2C1=O
-12.2,-9.44,-9.29,green,0,Oc1c2c3c(c4nccc(N5CCCCC5)c14)CCN1CCC(=C31)C(O)CO2
-12.3,-10.53,-10.48,yellow,0,CCc1cc2c3c4c(ccc3c1)OCN(c1cccc(C(=O)O)c1)C4=NC2NC
-12.3,-10.78,-11.2,yellow,0,Cc1cc2c3cc(cc(C)c3c1)CCC(=O)NC(C)(C)CCCNCC2
-12.3,-9.15,-9.07,green,0,COc1cc(O)cc2cccc(CN3CCC(C(N)=O)CC3)c12
-12.4,-7.76,-8.38,green,0,O=C1CCCCN1CC1CCC2C(C1)c1nccnc1C(CO)C2O
-12.4,-8.8,-8.82,yellow,0,CN1CCCC(=O)OCCCCC2=C(C(C)(C)C)C(=O)CC2NC1=O
-12.4,-7.87,-8.42,green,0,CCOc1c(OC)cc2c3c1CC(C)(C)C(O)C=3NC1CCC(C(=O)O)CC=21
-12.5,-9.92,-9.73,yellow,0,CCC1=CN(c2cn(-c3cccc(N4CCCC(N)C4=O)c3)ccc2=O)CC(F)=C1
-12.5,-8.74,-8.8,yellow,0,CCc1cccn(C(C)CC2CCC(N3CCCCC3=O)CC2)c1=O
-12.6,-10.22,-10.07,yellow,0,C=C(C)c1cc2c(c3c4c(cnc13)CN(CC(=O)O)CCC4)CCCC2C
-12.6,-10.15,-9.98,yellow,0,COc1cc2c3c(c1)C(c1cccc(C(=O)O)c1)CC(=O)N3CCC2C
-12.6,-10.4,-10.29,green,0,O=C(O)c1ccc2c3c1NC(N1CCC(N4CCCCC4=O)C1)=C1NCCC(=C13)CC2
-12.6,-9.66,-9.48,yellow,0,CC1Cc2cccc(C(=O)NC(C)C3CCCCC3)c2CN(C)C1=O
-12.7,-8.78,-8.82,yellow,0,CCC1CCCC2CCC(NC(=O)C3CCCC(C(=O)O)C3)CC12
-12.7,-10.67,-10.89,green,0,CC1Cc2cccc(C(=O)NC3CCc4ccccc43)c2CN(C)C1=O
-12.8,-8.27,-8.58,green,0,COc1cc(C)c2c(c1)c(C(C)C#N)cn2C(=O)N1CCNC(=O)C1
-12.8,-10.35,-10.24,green,0,Cc1cc(O)c(-c2ccccc2)cc1C(=O)N(C)CCC(=O)N1CCNCC1
-12.9,-10.62,-10.74,green,0,CNC(=O)C1CCCN1C(=O)c1ccc2ccc3c(c2c1)N(C)C(=O)C3CC(=O)O
-13.0,-8.82,-8.84,green,0,CCc1sc2c(c1C(=O)O)C(=O)N1CC=c3cccc4c3=C1C2C(CCO)O4
-13.0,-10.08,-9.9,yellow,0,NC(=O)C1=CN(c2cn(-c3cccc(N4CCCC(N)C4=O)c3)ccc2=O)CC=C1
-13.0,-10.08,-9.9,yellow,0,CCN(CCC(=O)N1CC=C2OC=Cc3cc(C(=O)O)cc1c32)C(=O)c1ccc(O)cc1
-13.1,-8.86,-8.87,green,0,O=C(O)CC1CCc2c3c4c(n2C1=O)CCOC1C(O)CC(O)(CC=C3)C41
-13.1,-8.86,-8.87,green,0,Cc1cc(CCC(=O)NCCC(=O)N2CCCCC2)cc(C(=O)O)c1O
-13.1,-9.21,-9.13,yellow,0,CCCC(=O)N1CCCC(n2cc(-c3cc(Cl)cc(CC)c3)[nH]c2=O)C1
-13.1,-10.09,-9.91,green,0,CC=Cc1c(NC(=O)CN2CCCCC2=O)cc2c3c(c(=CO)ccc13)OCC=2
-13.2,-8.87,-8.88,green,0,O=C(CN1CCCC1)Nc1cc(-c2ccc(O)cc2)ncn1
-13.2,-10.3,-10.2,yellow,0,O=C1CCC2CCc3ccc(-c4cccc(C(=O)O)c4)cc3N2C1
-13.3,-9.93,-9.76,yellow,0,CCc1cnc(N2Cc3cccc4c3C(C2)C(C)C(=O)C4(C)C)cc1C(=O)O
-13.3,-9.54,-9.4,green,0,COc1ccc2c(NC(=O)CCN3CCCCC3=O)cccc2c1
-13.4,-10.0,-9.83,yellow,0,Cc1cc2c(cc1C(=O)N(C)CCC(=O)N1CCCCC1)-c1ccoc1CCO2
-13.5,-9.25,-9.17,green,0,O=C(O)c1cccc2nc(NC(=O)C3CCCCC3)ncc12
-13.5,-9.62,-9.47,green,0,O=C(CCN1CCCCC1=O)Nc1cccc2ccc(C(=O)O)cc12
-13.5,-9.62,-9.47,green,0,NC(=O)C1CCN(Cc2cccc3cc(C(=O)O)ccc23)CC1
-13.5,-7.44,-8.37,green,0,CCC(=O)N(C)CC1CCC2C(C1)CC(CC)c1ccnc(=O)n12
-13.5,-9.79,-9.61,yellow,0,CC(C)CCC1CCc2c(cc(C(=O)O)cc2CN2CCCCC2=O)C1
-13.5,-10.54,-10.6,yellow,0,CCCCc1cc(O)cc2cc(C(=O)N3CCCCC3C(=O)N(C)C)ccc12
-13.6,-7.71,-8.42,green,0,CCCC(=O)N1CCN(c2cc3c(cc2CNC)CC(C)(O)CC3)CC1
-13.6,-9.37,-9.26,green,0,CCC1OC(O)Cn2c1c1c(c(C)c2=O)NC(=O)N(C2CCCCC2)C1
-13.6,-5.92,-8.24,green,0,CCCN1CCCCCNC(=O)CCC(C)CC(C(N)=O)CCC1
-13.6,-9.39,-9.28,yellow,0,CCN(CCC(=O)N1CC=C2OCCc3cc(OC)cc1c32)C(=O)c1ccc(O)cc1
-13.7,-10.13,-9.99,yellow,0,CC1C(=O)NC2CCC(C)(C)CC2=NCCCc2ccccc2OC(=O)N1C
-13.8,-9.13,-9.09,yellow,0,CCN(CCC(=O)N1CC=Cc2c(OC)cc(C(=O)O)cc21)C(=O)c1ccc(O)cc1
-13.8,-8.61,-8.75,yellow,0,O=C(O)Cc1ccc(Oc2ccccc2)cc1C(=O)N1C=C(C(=O)O)CC1
-13.8,-9.97,-9.82,yellow,0,Cc1ccc2c(ccc3cocc32)c1C(=O)N1CCC(C(=O)NC2CCCC2)C1
-13.9,-10.12,-9.98,yellow,0,CNC(=O)C(C)(C)CCN1c2nccc3c2C(=CC(O)=C2CCC(=O)C=C23)C1C
-13.9,-10.3,-10.23,yellow,0,CC1Oc2cccc3c2-c2nc4c(cc21)C(N1CCCC1)=NCN4COCCC3
-14.0,-10.22,-10.13,yellow,0,CC1C(c2cccc(C(=O)O)c2)c2ccc3c4c2N1C(O)C=C4OC=C3
-14.0,-9.5,-9.38,yellow,0,CCCc1cc2cccc(NC(=O)CCN3CCCCC3=O)c2cc1C(=O)N(C)C
-14.0,-10.29,-10.21,green,0,CNC(=O)C1CCCN1C(=O)c1ccc2ccc3c(c2c1)NC(N(C)C)=CC3O
-14.1,-7.14,-8.32,yellow,0,CCC1n2c(c(C(=O)O)c3c(O)ccc(N(C)C)c3c2=O)CCC1(C)C
-14.1,-7.12,-8.32,green,0,COc1ccc2c(c1)CN(CC1CN(C(C)C)CCC1=O)CC2
-14.2,-9.68,-9.53,green,0,CCc1cc(C)c2nc3c4c(c2c1)=NCC1CCN(CC(=O)O)CC(=CC3)C=41
-14.3,-8.04,-8.53,green,0,Cc1cc2c(cc1C(=O)N(C)CCC(=O)N1CCNCC1)C(=O)OCCCCO2
-14.3,-9.75,-9.59,yellow,0,CCc1sc(C(=O)Nc2cccc(-c3ccccc3)c2)cc1C(=O)O
-14.3,-10.03,-9.89,green,0,Cc1c2c3c(cn(CCCN4CCCCC4=O)c(=O)n3c1C)CCCC2
-14.4,-9.95,-9.81,green,0,CC1CCN(C(=O)CCC(=O)Nc2cccc3c(O)cc(CN)cc23)CC1
-14.4,-9.32,-9.24,green,0,CN1CCCCC1C1=NCC(Cc2ccc(CCCC(=O)O)cc2)=C1
-14.4,-9.56,-9.44,yellow,0,CCN(CC(=O)N1C(=O)c2cc(CC(=O)O)c(O)c(C)c2C1C)C(=O)c1cccc(C)c1
-14.4,-10.66,-11.02,yellow,0,CC1Nc2ccccc2-c2nc3c(cc21)C(N1CCCC1)=NCN3C1CCCO1
-14.5,-10.69,-11.26,yellow,0,CC1(CN2CCCCC2=O)CC2CC(=O)C3=C2c2c(ccc4c2C(=CCO4)C3)O1
-14.5,-8.19,-8.59,green,0,COc1cc2c(cn1)CN(Cc1ccn(CCO)c(=O)c1)c1c(O)cccc1-2
-14.6,-9.38,-9.29,green,0,CCC1=CC(C)Oc2cc(C)c(C(=O)N(C)CCC(=O)N3CCNCC3)cc21
-14.6,-9.51,-9.4,yellow,0,O=C(c1cccc(CN2CCc3cc(F)c(O)cc3C2)c1)N1CCCCC1CO
-14.6,-9.52,-9.41,green,0,O=C(CN1CCCCC1=O)Nc1cccc2ccccc12
-14.6,-9.98,-9.85,yellow,0,CC1CCN(C(=O)CCC(=O)Nc2cccc3c(O)cccc23)CC1
-14.7,-9.87,-9.73,yellow,0,CC(C)C=CC=C1OC(C(F)(F)F)Oc2c1ccc(C(=O)N1CCCCC1)c2O
-14.7,-7.57,-8.44,green,0,CCCNC(=O)C1CCN2C(=O)c3cn(C(C)C)c(=O)c(CO)c3CC2C1
-14.7,-8.01,-8.53,green,0,CCCC(=O)N1CCN2c3ccc(C4OCCC4=O)cc3CN(C)CC2C1
-14.7,-10.37,-10.35,yellow,0,CC1CCCN(CC2C=Nc3cc(O)cc4c5cccnc5n(c34)C2)C1=O
-14.7,-10.2,-10.12,yellow,0,COc1c2c(cc3c1CC(=O)C1=CCC(O)=CN13)CCN(CC(=O)Nc1ccccc1)C2
-14.7,-8.24,-8.62,yellow,0,CCCN1CCC(C)(C(=O)NC2CN(C)c3c2ccc2c(O)cccc32)CC1=O
-14.7,-9.8,-9.65,green,0,CNC(=O)c1ccc(CCC(=O)NCc2c(C)c(C)nc3cccnc23)cc1
-14.7,-9.8,-9.65,yellow,0,CN1c2nccc3c2C2=C4C(=CC=NC41)C(=O)C1CC(C)(N(C)C3=O)N21
-14.7,-9.75,-9.6,yellow,0,CCOc1ccc2c3c(cccc13)CCC2CN1CCCC(C(=O)NCC(=O)O)C1
-14.8,-9.45,-9.36,green,0,CNC(=O)c1ccc(C)c(C(=O)NC(=O)CCN2CCCCC2=O)c1
-14.8,-9.12,-9.11,yellow,0,Cc1c(CN(C)C2(C)CCC(CC(N)=O)C2)ccc(C(=O)N(C)CC(F)(F)F)c1O
-14.9,-10.01,-9.89,green,0,CCc1cc2c(c(N)c(CCN3CCCCC3=O)n2C)c2c1CC=C2
-14.9,-10.47,-10.56,yellow,0,COc1cc2c3c4c(c(O)c2c(O)c1F)n(C1CCCCC1)c(=O)n4CCCC3
-14.9,-9.97,-9.85,yellow,0,CC1=Cc2c3c(c(=O)n4c2OC(C)(C)CC4CC(=O)O)C(O)CC(O)C3C1=O
-14.9,-9.81,-9.66,yellow,0,NCCc1cc2c(NC(=O)CCN3CCCCC3=O)cccc2cc1OC(F)(F)F
-15.0,-9.61,-9.49,yellow,0,CCN(CCC(=O)N1CC=C2OCCOc3cc(C(=O)O)cc1c32)C(=O)c1ccc(O)cc1
-15.1,-9.21,-9.17,green,0,CCCc1cc(O)c2c3c1C(=O)N(C(=O)CC(C)(C)C(=O)O)C3CCCC2O
-15.2,-9.35,-9.28,yellow,0,CCCC(=O)NCc1cnc2c(c1)CC1CCCCC1c1ccccc1-2
-15.3,-8.96,-9.01,yellow,0,CC1=C2CC=C(O)C(C(N)=O)=C2CN(CCC2CCCC(C(=O)O)C2)C1
-15.4,-10.27,-10.24,yellow,0,Cc1cccc(Cc2cc(C(=O)O)c(F)c(CC3C=C4C(C=NN4C)CC3=O)c2F)c1
-15.4,-9.84,-9.71,yellow,0,CC1(C)CCCn2c(=O)n(C3CCCCC3)c3c(O)c(C(=O)O)cc1c32
-15.4,-10.67,-11.32,yellow,0,O=C1Nc2ccccc2CN1Cc1cccc(C(=O)N2C3CCCC2CC3)c1
-15.4,-10.48,-10.62,green,0,CNC(=O)CN1Cc2ccc3ccc4c5c3c2C(CC5CCC(=O)C4)C1
-15.5,-6.37,-8.31,green,0,Cc1nc(C(=O)O)c2c(n1)C1CC1N(C(=O)N1CCCC1)CC2
-15.5,-8.85,-8.93,green,0,CC1C2CC(CN3CCCCC3=O)CN2C(=O)N2C(=O)CC(C)(C)C12
-15.7,-10.4,-10.45,yellow,0,O=C1CCCc2c1cc1c(c2C(=O)O)COc2c-1ccc1ccccc21
-15.7,-7.82,-8.52,green,0,CCCC(=O)N1CCN2C(=CN(C)Cc3cc(C(=O)N4CCCC4)c(O)cc32)C1
-15.8,-8.99,-9.04,yellow,0,CCCC1CC(C)(C)Oc2c3c4c(c(=O)n21)C(O)CN1C4C(C=C3)CCC1(C)O
-15.9,-9.76,-9.64,yellow,0,CCCC(=O)N1CCC(n2c(=O)n3c4c(cc(C(C)C)cc42)C(C)CCC3)C1
-15.9,-9.03,-9.07,green,0,COc1cc2c3c(c1)n(C)c(=O)n3CC(CN1CCCC(C)C1=O)CC2N
-15.9,-8.6,-8.8,green,0,CCc1cnc(-n2c(CC(C)C#N)cc3ccc(OC)nc3c2=O)cc1C(=O)O
-16.0,-10.59,-10.97,yellow,0,CCc1ccc(C)c2c1C1=CC=CNC1=C(N1CCC(N3CCCCC3=O)C1)N2
-16.0,-10.59,-10.97,yellow,0,CCC1=C(C(=O)O)C2CCc3cc4c(c5ccc(c2c35)C1=O)CCN(CCO)C4=O
-16.0,-8.9,-8.98,yellow,0,CCCCc1ccc2c(c1)N(C)Cc1cc(C(=O)NCC(C)C)cn1C2=O
-16.0,-10.04,-9.95,green,0,O=C(O)CN1CCc2c(cnc3c4c(nc(CO)c23)-c2cc(O)ccc2CC4)C1
-16.1,-10.28,-10.28,yellow,0,CCN(CCC(=O)N1CC=Cc2c1[nH]c(=O)c1cccc(C)c21)C(=O)c1ccc(O)cc1
-16.1,-9.52,-9.44,green,0,O=C(CCN1CCCCC1=O)Nc1cccc2cc(C(=O)O)c(CCCO)cc12
-16.2,-9.47,-9.4,yellow,0,Cc1ccc2c(c1)N1C(=O)N(CCCN3CCCCC3=O)C=C(C(=O)O)C1C2
-16.4,-10.06,-9.98,green,0,C=C(C)c1cc2c3c(c1)c(=O)n(CCCN1CCCCC1=O)c(=O)n3CCC2
-16.4,-9.12,-9.14,yellow,0,CCc1c2c(O)c(C)ccc2c(C)c(=O)n1CCCN1CCCC(C)C1=O
-16.4,-10.58,-10.98,green,0,CNC(=O)C1CCC2Cc3c(ccc4c3-c3ccc(C(=O)O)cc3C(=O)C4)CN21
-16.4,-10.25,-10.26,green,0,O=C(O)CN1Cc2ccc3c(c2C1)C1CCC(=O)C1c1ccccc1-3
-16.6,-9.88,-9.79,green,0,CCNC(=O)CN1Cc2c(c3c4c5c2CCNC5CCOC4=CCC3=O)CC1=O
-16.6,-8.11,-8.62,green,0,CC1=C(O)CCC2CC(N3CCC(C)CC3=O)CCC2CC(=O)NC1
-16.7,-9.63,-9.54,green,0,CCc1cccc(C(O)Cc2cc(CN3CCCOCC3=O)cc(C(=O)O)c2)c1
-16.7,-10.57,-10.97,red,0,CCC1=C(N2CCC(N3CCCCC3=O)C2)Nc2c(C)c(C)c3ccc(O)cc3c2C1
-16.7,-10.47,-10.71,yellow,0,O=C(c1ccccc1)N1CCc2c(ccc3c2Oc2ccccc2O3)C1
-16.8,-10.39,-10.5,yellow,0,CCc1ccc2c3c(nc(C(=O)N4CCCC4C)cc13)CC(O)=C2
-16.9,-8.56,-8.81,green,0,C=C(C)c1cc(N2CCCN(C(=O)CCOC)CC2)c(CN)cc1CCC
-16.9,-9.47,-9.42,yellow,0,CCOc1cccc2c(C)c(CCN3CCCCCC3=O)c(CO)cc12
-17.0,-10.16,-10.16,green,0,O=C(O)C1CCN(Cc2cccc(C(=O)N3C4CC5CC3CC(C4)O5)c2)CC1
-17.1,-9.87,-9.8,yellow,0,Cc1nc2cc3c(nc2c(CNC(=O)C2CCCO2)c1C)C=CCC3(C)C
-17.1,-8.96,-9.05,green,0,CCCc1cc(CNC(=O)CC2CCCN(C)C2=O)cc(C(=O)O)c1
-17.2,-8.67,-8.88,yellow,0,CCCN1CCCCCNC(=O)CCC(C)CC(CC)CCC1
-17.2,-10.19,-10.21,yellow,0,COc1ccc2c(c1)c1ccccc1n2CCCN1CCCC(C)C1=O
-17.2,-10.09,-10.07,yellow,0,CCC(C)c1c(O)cc2c3c1C=CC1=C(O)C(=O)C4=C(C(=CO2)C=CO4)C13
-17.3,-9.44,-9.4,green,0,CCCN(C)C(=O)c1c(O)c2c(c3ccc(C4=CC=NC4)nc13)OC(CO)CC2
-17.3,-9.41,-9.38,yellow,0,Cc1cc2c(cc1C(=O)N(C)CCC(=O)N1CCCC1)-c1c(O)coc1CCO2
-17.4,-10.21,-10.24,yellow,0,CCCC(=O)N1CCC(n2c3c(c4ccccc4c2=O)C=C(C(=O)O)CC3)C1
-17.4,-10.19,-10.22,yellow,0,O=C(NC1CCCCC1)c1cccc(C2CCN=C3OC=CC=C32)c1
-17.4,-9.53,-9.48,green,0,CCNC(=O)CN1Cc2cc3cc4c(cc3cc2CC1=O)OCCO4
-17.5,-9.21,-9.23,green,0,CCN(CCC(=O)N1CCC(=O)c2c1cc(C(=O)O)c(O)c2C)C(=O)c1ccc(O)cc1
-17.6,-9.78,-9.7,yellow,0,CC(C(=O)N1CCCC1)C1(F)CCCc2cc(C3(C)CCC(=O)NC3)ccc2O1
-17.7,-9.7,-9.64,green,0,NCc1cc(O)c2cccc(NC(=O)CCC(=O)N3CCC(O)CC3)c2c1
-17.7,-9.15,-9.19,green,0,CCC(=O)N1CCC(CNc2c(C)c(O)cc3c2CCCC3)C1
-17.8,-9.89,-9.84,green,0,COc1ccc(CC(=O)N2CCCC2)c2c1C=C1C(=CC=CC1CO)O2
-17.9,-8.04,-8.64,green,0,CCCC(=O)N1CCN(c2ccc(C(=O)N(C)C)c3c2CCCC(C)O3)CC1
-17.9,-10.4,-10.61,green,0,CNC(=O)C1CCCN1C(=O)c1ccc2ccc3c(c2c1)NC(C)=C(OC)C3
-17.9,-8.66,-8.89,green,0,COc1ccc2c(c1)N(C)Cc1c-2c(CC(N)=O)cn(C(=O)C(C)(C)CO)c1=O
-17.9,-10.51,-10.96,yellow,0,Cc1cccc2c(NC(=O)N3C(=O)CCC3(C)C)c3c(cc12)CCCC3
-18.0,-9.63,-9.58,green,0,O=C1CCOCC2CC(Cn3cc(O)cc(C4CCCCC4)c3=O)CCN12
-18.0,-8.48,-8.8,green,0,Cc1cc(=O)n2cc(CN(C)C(=O)CCO)c3c2cc(c1=O)CCC1=NCCC13
-18.0,-9.77,-9.7,yellow,0,COc1cc(C)cc2c1Cc1cc(O)cc3c(CN4CCCC4=O)cn(c13)C2=O
-18.0,-9.44,-9.42,yellow,0,CC1C=C2CCN(C(C)C)C(=O)c3nc4cc(O)ccc4c(c32)C1
-18.1,-8.96,-9.08,green,0,CCc1ccc2c(c1)N(C(N)=O)Cc1cc(C(=O)NCC(C)C)cn1C2=O
-18.2,-9.91,-9.88,yellow,0,Cc1nc2c3c4c1CC(C)CC4=C(C(=O)O)CN3C1C(CCC1(C)C)C2
-18.2,-6.92,-8.45,green,0,Cc1c2c(c3n(c1=O)CCCC3CCO)CN(C1CCCCC1)C(=O)N2
-18.2,-9.78,-9.72,green,0,COc1ccc2c(c1)N(CC1CCC3CCC(C)C(=O)N3C1)CCC2=O
-18.2,-10.13,-10.17,green,0,CCNC(=O)CC1(O)CCC2CCc3c(cc(C(C)=O)c4cccc(O)c34)N2C1=O
-18.2,-9.81,-9.75,yellow,0,COc1cc(-n2ccc(C)cc2=O)cc2c1CN(CC(=O)Nc1ccccc1)CC2
-18.3,-6.63,-8.43,green,0,COc1cc2c(cc1C(C)(C)C)CC(O)COC(=O)CCCN(C)C(=O)N2
-18.4,-7.88,-8.61,yellow,0,CCOc1ccc2nc(C(=O)N3CCCCC3)c(C)c(NC(C)=O)c2c1
-18.4,-10.51,-11.01,yellow,0,Cc1cc2c(=O)[nH]c3c4c2c(c1C)CN1C(=O)CC2C=CC(=C2C41)C3C
-18.4,-9.53,-9.5,yellow,0,CCCN1c2cccc(O)c2-c2nc(C(=O)N(CC)CC(=O)O)cc3cccc1c23
-18.4,-9.96,-9.94,yellow,0,CCC(C)n1c(=O)[nH]c(=O)c2c3c(ccc21)C=C1OC(C)=C=C1N3C1=CCC=C1
-18.5,-9.24,-9.27,green,0,O=C(O)c1cccc(-n2ccc3c2C=CC2CCC(C(=O)O)N2C3=O)c1
-18.5,-7.37,-8.52,green,0,CN1CCCC2CCN(C2)C(=O)CN2CCCN(CCC1)C2=O
-18.6,-9.66,-9.62,yellow,0,CC(C)(C)C(=O)N1C=C(CCCO)c2nc(-c3ccccc3)nc3nccc1c23
-18.7,-9.9,-9.89,green,0,Cc1oc(=O)c(C)c2c1CC(CC(=O)N(C)C(=O)N1CCCC1C)C2
-18.7,-8.87,-9.03,green,0,COc1cc(CC(=O)O)c2c(c1)-n1ccc3c1C(=CC1CCC(C(=O)O)N1C3=O)C2O
-18.7,-9.44,-9.43,green,0,COc1c2c3c(cc(O)cc3c3cc4n(c13)CCN(CC(=O)O)C4)C=CC2
-18.7,-8.56,-8.86,green,0,CCc1cc2c(cc1C(=O)O)C(Cc1cc(C)cc(O)c1)CN(CCO)C2=O
-18.7,-10.51,-11.08,yellow,0,O=C1C=C2CCCC3=C2C(C1)c1c([nH]c(=O)n(C2CCCCC2)c1=O)N3
-18.8,-9.34,-9.35,green,0,COc1cc(CCN2CCC(C(=O)O)CC2)c2ccccc2c1
-18.8,-10.06,-10.08,yellow,0,COc1c2ccc(C)c3c2c(c2cc4n(c12)CCN(CC(=O)O)C4)C(O)C=C3
-18.9,-10.07,-10.1,green,0,O=C1CC2CCc3c2c2c1cncc2c(CC1CCC(C(=O)O)CC1)nc3=O
-18.9,-9.66,-9.63,yellow,0,CCc1cc(C(=O)O)cc2c1C(=O)CCN2C(=O)CCN(CC)C(=O)c1ccc(O)cc1
-19.0,-7.44,-8.56,green,0,O=C(O)c1ccc2c3n(c(=O)c4c2c1CCCC4)CCC1C(CCN1C(=O)CCO)C3
-19.1,-8.52,-8.84,green,0,CC1OC(CO)Oc2c1cc1c3c2CN(C)CCn3c(=O)n1C1CCCCC1
-19.1,-10.58,-11.64,yellow,0,CCc1ccc2c3c(nc(C(=O)N4C(CC)CCC5=NC=CC54)cc13)CC(O)=C2
-19.2,-10.3,-10.49,green,0,CCNC(=O)CN1Cc2c(c3c(c4c2CCOC4=O)CC(C)(C)CC3=O)CC1=O
-19.3,-9.39,-9.4,yellow,0,Cc1cc(O)c(C2=CCNO2)c(Oc2cc(O)c3c(c2)CCN(CC(C)C)C3=O)c1C
-19.5,-10.42,-10.81,yellow,0,CCc1ccc2c3c(nc(C(=O)N4C(C)CCOCC4C)cc13)CC(O)=C2
-19.6,-8.86,-9.04,green,0,N#Cc1cc(=O)n2c3c(cccc13)C1CN(CC(=O)O)Cc3cncc-2c31
-19.6,-7.93,-8.65,green,0,CCCN1CCC(C)(C(=O)NC2CN(C)c3c2ccc2c3CCCC2=O)CC1=O
-19.7,-10.39,-10.73,green,0,O=C1CCN2C(=O)c3ccc4cc(C(=O)N5CCCC5)c(O)cc4c3CCC12
-19.7,-7.59,-8.6,green,0,COC(=O)c1c(C)nc2c(c1NC(=O)N1C(=O)CCC1(C)C)CCCC2
-19.7,-10.08,-10.15,green,0,CN(C)C(=O)C1CCCCN1C(=O)c1cn2c3c1NCCC3C(=O)c1ccccc1-2
-19.9,-9.34,-9.37,green,0,CN(C)C1Cc2c(ccc3oc(=O)[nH]c(=O)c23)OC(CN2CCCCC2=O)C1
-20.0,-8.49,-8.86,green,0,CCc1sc(C(=O)Nc2c(C)ccc3c2NCC(O)C3)cc1C(=O)O
-20.0,-7.9,-8.65,green,0,CC(CC1CCC(N2CCCCC2=O)CC1)N1CCC(C(=O)O)C1
-20.0,-8.76,-9.01,yellow,0,Cc1nc(N)c2c3c1CN(C)C(=O)C1=C3CN(CCCCCC1)C2=O
-20.1,-9.06,-9.18,green,0,COc1c(C)cc2c3c(cc4c2c1OC(CCO)C4)CCN(C(=O)CN(C)C)C3
-20.1,-9.94,-9.98,yellow,0,CCc1cnc(N2Cc3cccc4c3C(C2)C(C)C(CC)N4)cc1C(=O)O
-20.1,-9.69,-9.69,green,0,NC(=O)c1cc2c3c(cc(N4CCCC4C(=O)O)cc3c1)C(N)CC2=O
-20.1,-9.65,-9.65,green,0,NC1CCCN(c2cccc(-n3ccc(=O)c(N4C=C(CO)CCC4)c3)c2)C1=O
-20.2,-9.46,-9.48,yellow,0,COc1ccc2c(C(=O)O)cc3c(c2c1)CC(C)(C)CCC3=O
-20.2,-9.15,-9.25,green,0,CC1(C)CC(CC(=O)O)n2c(c3c4c(c2=O)C(O)CC(O)C4CCC3)O1
-20.2,-6.66,-8.5,green,0,CCn1c2c(c3c4c(ccc3c1=O)CN(CC(=O)O)CC4)CC(C(=O)O)CC2=O
-20.3,-9.92,-9.96,green,0,CC(=O)N1CCN(Cc2cccc(C(=O)N3C4CC5CC3CC(C4)O5)c2)CC1
-20.3,-8.32,-8.8,yellow,0,Cc1c(CN(C)C2(C)CCC(C(=O)O)C2)ccc(C(=O)N(C)CC(F)(F)F)c1O
-20.3,-10.37,-10.74,yellow,0,Cc1cc(-c2ccccc2)cc2c3c(cnc12)CN(CC(=O)O)CCC3
-20.5,-10.12,-10.24,yellow,0,Cc1ccc2nc3c(c(NC(=O)N4C(=O)CCC4(C)C)c2c1)CCCC3
-20.5,-10.19,-10.35,green,0,COc1ccc2c3c(cccc13)CCC2CN1CCCC(C(=O)NCC(=O)O)C1
-20.5,-10.0,-10.07,green,0,O=C1CCC(c2cccc(-c3cc4n(c(=O)c3)C(C(=O)NCCO)CC4)c2)N1
-20.5,-10.36,-10.72,green,0,O=C(CCN1CCCCC1=O)Nc1cccc2cc3c(cc12)C(=O)OCC3
-20.6,-10.15,-10.29,green,0,Cc1ccc2c(N3CC4CCCCC4C3=O)cccc2c1C(=O)NCC(=O)O
-20.6,-10.54,-11.89,yellow,0,CC1CCCN(c2cccc(-c3ccccc3)c2)CCCNC(=O)C1
-20.6,-9.98,-10.06,green,0,Cc1cc(O)c2c(C(=O)O)cn(CC3CCN4C(=O)CCOCC4C3)c(=O)c2c1
-20.7,-9.39,-9.43,green,0,Cc1ccc(C(=O)O)c2c1-c1cccc3c(=O)n(CC(=O)O)c(=O)n(c13)C2
-20.7,-9.65,-9.66,green,0,O=C(O)CC1CCCN(C(=O)c2ccc3c(C(=O)O)cccc3c2)C1
-20.7,-9.02,-9.17,green,0,CC(C)CNC(=O)c1cc2n(c1)C(=O)c1ccc(CCC(=O)O)cc1N(C)C2
-20.7,-10.45,-11.09,yellow,0,O=C1c2ccc(O)cc2C2C=CC=C2N1CC1CCN2C(=O)CCCCC2C1
-20.8,-8.52,-8.89,green,0,CC1Cc2cccc(C(=O)Nc3cccc(CCO)c3)c2CN(C)C1=O
-20.8,-10.12,-10.25,green,0,CNC(=O)c1ccc2cccc(NC(=O)CCN3CCCCC3=O)c2c1
-20.8,-9.46,-9.49,yellow,0,CCc1cc(C(=O)O)cc2c1C(=O)Cc1ncc3c(c1-2)OCCCC3
-20.9,-10.24,-10.46,yellow,0,CCc1ccc2c3c(nc(C(=O)N4C(C)CCC4(C)C)cc13)CC(O)=C2
-20.9,-9.57,-9.6,green,0,O=C(CCCC1=CN2CCCN2c2cc(O)c(CO)cc21)N1CCCCC1
-21.0,-9.9,-9.96,green,0,CC1CC2=Cc3c(cccc3NC(=O)CCN3CCCCC3=O)CN2C(=O)N1
-21.2,-9.12,-9.25,green,0,CCCNC(=O)Cc1ccc2c(c1)nc1n2C(=O)C2C=CC=CC2C1CC(=O)O
-21.2,-8.6,-8.94,yellow,0,CC(C)CN1CCc2cc3c(c(O)c2C1=O)OCc1c(O)ccc(CC(=O)O)c1O3
-21.3,-10.26,-10.53,yellow,0,O=C1CC2CC(CN3CCCCC3=O)Oc3ccc4c5c3C2=C1CC5=CCO4
-21.3,-9.45,-9.49,yellow,0,CC(C)(C)CC(=O)CNC(=O)c1cccc(-c2ccccc2)c1
-21.3,-9.88,-9.93,green,0,NC1CCCN(c2cccc(-n3ccc(=O)c(N4C=C(CO)C=C(F)C4)c3)c2)C1=O
-21.3,-9.4,-9.45,yellow,0,CCc1cnc(N2Cc3cccc4c3C(C2)C(CC)C(C)N4C)cc1C(=O)O
-21.3,-9.07,-9.22,yellow,0,O=C1C=C2C=C(O)C(O)=CC2CN1C1CCCN2C(=O)CCC2C1
-21.4,-9.68,-9.71,yellow,0,COc1ccc(CC(=O)N2CCCC2)c2c1C=C1C(=CC=CC1C(F)(F)F)O2
-21.5,-7.7,-8.65,green,0,CCOc1ccc2c(c1)N(C)C(=O)CC2c1cccc(C(=O)O)c1
-21.5,-9.89,-9.96,green,0,CNC(=O)C1CCCN1C(=O)c1ccc2ccc3c(c2c1)NC(CN)=C(OC)C3
-21.5,-8.96,-9.15,green,0,Cc1ccc2c3c1n(C)c(=O)n3CC(CN1CCCC(C)C1=O)CC2N
-21.5,-9.3,-9.38,green,0,O=C(N1CCCC1)n1cc(C2=CC(O)C=C(O)C2O)c2ccccc21
-21.5,-9.94,-10.04,green,0,Cc1oc(=O)c(C)c2c1CC(CC(=O)N(C)C(=O)N1CCC(C)(C)C1)C2
-21.6,-8.52,-8.91,yellow,0,CC1Oc2ncc(CCC3CCC(C(=O)O)CC3)c(CC(=O)N(C)C)c2C=C1O
-21.7,-9.64,-9.67,yellow,0,CC(=O)c1c(O)cc2c3c1OCc1c(C(=O)O)c4c(c(c1-3)CC2)C(=O)CCC4
-21.8,-9.44,-9.49,yellow,0,Cc1cc(O)c2c(O)cc3c4c2c1CCN4CCC1(CCCC(C(=O)O)C1)O3
-21.8,-9.28,-9.37,yellow,0,CCOc1c(OC)cc2c3c1C=C(C(C)C)C(=O)C=3NC1CCC(C(=O)O)CC=21
-21.9,-7.76,-8.67,yellow,0,CCCC(=O)NCc1cnc2c(c1)CC(C)=C(CCC(=O)O)c1ccccc1-2
-22.0,-9.68,-9.73,yellow,0,CN(C)c1cc(CC2CCC(C(=O)O)CC2)cc(Oc2ccccc2)c1
-22.0,-7.31,-8.61,green,0,CC1=Cc2cc3c(c(CN(C)C(=O)CCO)cn3c(=O)cc(C)c2=O)C2CCN=C2C1
-22.0,-7.04,-8.59,green,0,COc1cc2c3c(ccc2c(=O)n2cc(C)nc12)CN(CC(=O)O)CC3
-22.0,-9.57,-9.63,green,0,COC(=O)c1cc(OC)cc2cc(C(=O)N3CCCCC3C(=O)N(C)C)ccc12
-22.0,-9.57,-9.63,green,0,COC(=O)N1Cc2cccc(NC(=O)CCN3CCCCC3=O)c2C=C1C
-22.0,-9.84,-9.9,yellow,0,CC=Cc1cc2ccc3cn(C(=O)C(C)(C)CO)c(=O)c4c3c2n1CCC4
-22.0,-9.85,-9.91,yellow,0,CC1c2cc3c(NC(=O)C4CCCCN4C(=O)CCC(=O)O)cccc3cc2CCC1O
-22.2,-10.44,-11.32,green,0,O=C(CCO)N1CCC2C3CCc4c(O)cc5c6c(c(=O)n(c3c46)CCC21)CCCC5
-22.2,-10.09,-10.26,green,0,O=C(CN1CCc2c3c(c4c(c2C1)OCC=C4)CC(=O)OC3)Nc1ccccc1
-22.2,-8.89,-9.12,green,0,CCC(=O)N1CCc2c(cccc2OCCN2CCC(NC(C)=O)C2)C1
-22.2,-9.79,-9.84,green,0,CCC1CCCC1C(=O)N(C)c1cccc(C(=O)N2CCC(=O)CC2)c1
-22.3,-10.12,-10.31,yellow,0,COC1=CCN2C3=C1CC(O)=C(C)C3=Nc1c(CN(C)C(=O)C3=CN(C)C(=O)C3)cccc12
-22.3,-10.05,-10.2,green,0,CNC(=O)CN1CCc2c(ccc3c(=O)n4c(cc23)-c2cc(C)ccc2CC4)C1
-22.4,-10.13,-10.34,green,0,Cc1cc(O)c2c3c1c(=O)nc(N)n3Cc1c-2cccc1N1CCC(C)C1
-22.4,-7.04,-8.6,green,0,CC1CCC2C(=O)COCCc3cn(C(=O)C(C)(C)CO)c(=O)c(c32)C1
-22.4,-9.96,-10.1,green,0,CCc1cc2c3c(c4c5c(c3c1)CCCN5C(=O)C(CC(=O)O)C4)CNC2
-22.6,-9.6,-9.66,yellow,0,COc1ccc(C(=O)N2CCc3cc4c(=O)occc4cc32)c(C)c1C(=O)O
-22.6,-9.14,-9.29,yellow,0,CC(C)c1cc2c(cc1OC(F)(F)F)CC1CCC(C(=O)O)CN1C2=O
-22.7,-7.44,-8.65,green,0,COc1ccc2c(c1)CC1=C(C)C(CO)=CC(CO)N1C(=O)C(C)C2
-22.7,-9.61,-9.67,green,0,NC1CCCN(c2cccc(-n3ccc(=O)c(N4CCCCC4)c3)c2)C1=O
-22.8,-8.56,-8.97,yellow,0,CCCc1cccc(-c2c(CC(=O)O)cn(C(=O)N3CCCC3)c2C)c1
-22.9,-9.2,-9.34,yellow,0,CCCc1ccc2c3c1C(=O)N(C(=O)CC(C)(C)C(=O)O)C3CCCC2O
-23.0,-10.17,-10.45,yellow,0,CCN(CCC(=O)N1CC=Cc2c1cc1c(c2C)OCCC=C1O)C(=O)c1ccc(O)cc1
-23.4,-8.85,-9.12,green,0,CCC(C)n1c(=O)ccc2c3c4c(cc21)C(C)NC(=O)N4CC(=O)N3
-23.4,-10.32,-10.92,yellow,0,CC1Cc2cccc(C(=O)NC3C=Cc4ccccc43)c2CN(C)C1=O
-23.5,-9.52,-9.61,yellow,0,Cc1cccc(-c2cc(C3CCN(C(=O)CN4CCCN(C)C4=O)C3)cs2)c1
-23.6,-9.02,-9.24,yellow,0,CCOc1ccc2c(=O)n(CCN3CCCCCC3=O)c(C(F)(F)F)nc2c1
-23.7,-9.22,-9.37,yellow,0,Cc1cc(OCc2cnnc3cc(F)ccc23)ccc1CCCC(=O)O
-23.8,-9.69,-9.79,yellow,0,O=C(O)c1cc(-c2ccccc2)ccc1CC1CCC(C(=O)NCCO)CC1
-24.0,-8.94,-9.19,green,0,CCC1=CC2=C(N=C(N)C2C2CCOC2)N(C(=O)N2CCCC2)C1
-24.0,-7.88,-8.76,yellow,0,CCC1n2c(c(C(=O)O)c3ccc(C(C)=O)c(N(C)C)c3c2=O)CCC1(C)C
-24.1,-9.4,-9.51,green,0,COC(=O)c1ccc2c(c1)Cc1ccc3c(c1OC2)C(OC)C(=O)CO3
-24.1,-8.89,-9.16,green,0,CN1C(=O)c2c(c(CN)cc3c2[nH]c(=O)n3C2CCCCC2)CC1CC(=O)O
-24.2,-9.7,-9.81,yellow,0,COc1cc2c(NC(=O)N3CCN4C(=O)CCCCC4C3)cccc2cc1CO
-24.2,-9.22,-9.38,yellow,0,CCCCC1CCC2=C(C=C3CCC4C(=C3C2)CCN4CC(=O)O)C1
-24.3,-9.09,-9.29,yellow,0,CCC=C1c2nc3cc(C)cnc3n2CC2CC(CC(=O)NC)CCC12
-24.3,-9.85,-9.99,green,0,O=C(O)CC1CCC2c3ccc(C(=O)O)c4cccc(c34)CCC(=O)N12
-24.5,-9.43,-9.54,yellow,0,CCc1cc2c(cc1O)C1CCC(CC(=O)N(C)C)CC1C1NC=NC=C21
-24.5,-9.39,-9.51,green,0,O=C(CCN1CCCCC1=O)Nc1cccc2ccc(C(O)CO)cc12
-24.5,-8.92,-9.19,yellow,0,CCCCC(=O)NCc1c(C)c(C)nc2cc3c(nc12)CCCC3(C)C
-24.5,-10.29,-10.92,yellow,0,CCC1CN(CC(=O)NC)Cc2ccc3cc4c(cc3c21)-c1cc(O)ccc1CO4
-24.6,-9.79,-9.91,yellow,0,O=C(CCN1CCCCC1=O)Nc1cccc(Cc2ccccc2)c1
-24.6,-9.34,-9.47,green,0,Cc1cc(=O)n2c3c(cc(O)cc13)C(c1cccc(C(=O)O)c1)C2
-24.6,-6.65,-8.63,yellow,0,CCOc1ccc2c(N(C)C(=O)OC)c(C)c(C(=O)N3CCCCC3)nc2c1
-24.7,-9.66,-9.78,yellow,0,NCCc1ncc(C(=O)O)c2ccc(C(=O)N3CCCC(c4ccccc4)C3)cc12
-24.8,-9.93,-10.15,yellow,0,CCC1=C2C=Cc3ccc4c5c3N2C2C(=N1)CC(O)=CC2=C5CN(CC(=O)NC)C4
-24.8,-10.13,-10.48,green,0,CC(C)c1c(=O)n2c(c3cc4c(cc13)OCCO4)CC1CCN(C(=O)CCO)C1CC2
-24.8,-8.52,-9.0,yellow,0,CCOc1cc(C(C)C)c2c(c1)N(C(=O)CCN(CC)C(=O)c1ccc(O)cc1)CCC2=O
-24.8,-9.29,-9.44,green,0,CC(=O)N1CCc2c(cccc2NC(=O)CCN2CCCCC2=O)C1
-24.8,-9.62,-9.74,yellow,0,CCc1cccc(C2CC(n3cc(C)cc(NC(C)=O)c3=O)CC2C)c1
-24.9,-9.38,-9.51,green,0,O=C1CCCCN1CCCC1CC(=O)N2C=CCc3cccc1c32
-24.9,-9.49,-9.61,green,0,CC1=c2occc2=NC(C)c2nc3[nH]c(=O)n(C4CCCC4)cc-3c21
-24.9,-10.22,-10.71,yellow,0,CCCC(=O)N1CCC2(CCc3c2cc2c(O)ccc4c2c3C=C=C4)C1
-24.9,-10.12,-10.45,yellow,0,O=C(O)c1cc(F)c2c(c1)CCC(=O)N1CCCC3CCC=C(C=C31)CO2
-24.9,-9.3,-9.45,green,0,Nc1nc2c3c(n1)NC(C(=O)N1CCCCC1)CC3CCC2
-25.1,-9.52,-9.65,yellow,0,CCc1cc(CC(=O)N(C)C2CCCC2)c2ccccc2c1O
-25.2,-6.99,-8.66,green,0,CCOc1c(OC)cc2c3c1CC(C)(C)C(=O)C=3NC1CCC(C(=O)O)CC=21
-25.3,-9.17,-9.37,yellow,0,CCCN1CC(C)(C)Cc2c(cc(C(=O)O)c3ccc(OC)cc23)C1=O
-25.3,-9.15,-9.36,green,0,CC(C)N1CCC(=O)C(CN2CCc3ccc(C(=O)O)cc3C2)C1
-25.4,-9.06,-9.3,yellow,0,CCc1cc(OC)cc2c1C(=O)CCN2C(=O)CCN(CC)C(=O)c1ccc(O)cc1
-25.4,-10.27,-10.94,green,0,CC1CC2CC(O)C3=C4c5c(ccc6cc(C(=O)O)cc(c56)N3)CC(=O)N1C42
-25.5,-7.4,-8.72,green,0,Cc1c2c3c(n1C)N(Cc1ccn(CCCO)c(=O)c1)CC(C)C3C(=O)CCC2
-25.5,-10.17,-10.62,green,0,CC1OCCC2c3c4c(cc5cccc(c35)CC12)C(=O)N(CC(=O)O)CC4
-25.5,-9.84,-10.03,yellow,0,Cn1c(=O)c2c(N3CC4CCCCC(C4)C3)c(O)cc3c2n(c1=O)C1CCCC1(C)C3
-25.6,-9.87,-10.08,green,0,Cc1ccn(C(=O)c2cccc(NC(=O)CCN3CCCN(C)C3=O)c2)c1
-25.6,-9.5,-9.64,green,0,CC=Cc1ccc(O)c2c1CC(O)C1CC(CCN3CCCCC3=O)CC(=O)N21
-25.6,-10.05,-10.33,green,0,CCc1cc(=O)n2c3c(c4c(cc13)CN(CC(=O)Nc1ccccc1)CC4)CNC2=O
-25.6,-10.29,-11.07,red,0,O=C(CN1CCc2cc3c(cc2C1)N1CCCCC1c1ccncc1-3)Nc1ccccc1
-25.7,-10.3,-11.18,yellow,0,CN1C=Cc2c3c4c5c(nncc5cc5n4c2C2=CC=CCC2N(C)C5=O)CC=C31
-25.7,-9.52,-9.66,green,0,Cc1c(C(=O)O)ccc2c1CCC1CC(C(C)O)COC21
-25.9,-10.07,-10.4,yellow,0,CC1=CC2=C(C=C(C)C3N=C(CCN4CCCCCC4=O)C(C(=O)O)=C23)CC1
-25.9,-6.63,-8.65,green,0,CC1=C(O)C2CN3C(=O)CC(C(=O)O)CC3C3CC=CC(=C1)C23
-25.9,-10.34,-11.52,yellow,0,O=C(c1cc2ccc3c(c2cc1O)CC1CCC2CCCN(C3=O)C21)N1CCCC1
-25.9,-10.29,-11.12,yellow,0,CC1(C)CC(O)C2CCc3c(ccc4cc(C(=O)N5CCCC5)c(O)cc34)C(=O)N21
-26.0,-9.5,-9.65,green,0,CC(=O)N1C=Cc2c(cccc2C(=O)NC2CCC(C(=O)O)C2)C1
-26.0,-7.39,-8.73,green,0,Cc1ccc2c(c1)N(C)Cc1c-2c(CC(N)=O)cn(C(=O)C(C)(C)CO)c1=O
-26.1,-10.17,-10.67,yellow,0,Cc1c2c(c3c4c1CCCCC4N(C(=O)CC(C)(C)C(=O)O)C3=O)CCOC2
-26.1,-8.55,-9.04,green,0,Cc1nc2c(c(NC(=O)N3C(=O)CCC3(C)C)c1C(=O)O)CCCC2
-26.1,-9.73,-9.9,yellow,0,CCCC1CC(C)(C)Oc2c3c4c(c(=O)n21)C(O)CN1C4C(C=C3)CCC1(C)C
-26.3,-7.15,-8.71,green,0,CCN1CCC(C2CC(C)CN2C(=O)NC(=O)c2cccnc2)CC1=O
-26.3,-9.07,-9.33,yellow,0,Cc1nc2c3c(c1C(=O)O)NC(C(=O)N1CCCCC1)=CC3C=NC2=O
-26.4,-9.65,-9.82,yellow,0,Cc1ccc2c(c1)CC(C)C(=O)NCc1cc(C(=O)N3CCCC3)ccc1O2
-26.4,-9.66,-9.83,yellow,0,CC1=CC2=C(C=C(O)CC2)C2=C(C(=O)O)C(CCN3CCCCCC3=O)=NC12
-26.4,-8.77,-9.16,green,0,COc1cc(CC(=O)N(C)C2CCCC2)c2ccccc2c1O
-26.4,-9.96,-10.25,yellow,0,CCN(CC(=O)O)C(=O)c1cc2cccc3c2c(n1)-c1cccc2c1N3CCC2
-26.5,-8.44,-9.01,green,0,O=C(O)c1ccc2c3c(cccc13)CCC(=O)N1C(CCO)CCC21
-26.7,-8.4,-9.0,yellow,0,CN(C)C(=O)CCC1=Cn2c(nc3c2C(O)C(O)=CC3c2ccccc2)CC1
-26.7,-9.81,-10.02,green,0,Cc1cc2c3c(c1)C(=O)N(C(=O)CCC(=O)O)C1CCC(C(=O)CC2)C31
-26.7,-8.05,-8.87,green,0,CN1CCCC(=O)OCC=Cc2cc(C(=O)O)ccc2NC1=O
-26.8,-9.75,-9.93,green,0,CC(=O)NC1CC2Cc3nc4c(c(=O)n3C2C1)C(O)=CC1=Nc2ccccc2CN14
-26.9,-9.96,-10.27,yellow,0,CCc1cc(C(=O)O)cc2c1C(=O)Cc1ncc3c(c1-2)OCCC(=O)C3C
-27.0,-9.77,-9.97,green,0,Cc1oc(=O)c(C)c2c1CC(CC(=O)N(C)C(=O)N1CCCCC1)C2
-27.0,-8.97,-9.28,yellow,0,Cc1ncc(C(=O)N(C)C2CCCC2)c2cc(CN(C)C)ccc12
-27.1,-9.87,-10.14,yellow,0,CC1C(=O)C=C2CC3(C)CC(N4CCCCC4=O)CCC3n3c2c1c(=O)n(C)c3=O
-27.1,-8.66,-9.12,yellow,0,Cc1cnc2c3c1C(=O)N(C)CCCCC(C)C=CC(=CN2)C3
-27.2,-8.91,-9.25,yellow,0,Cc1c(CC(C)C)cc(CO)c(CCN2CCCCCC2=O)c1C
-27.2,-10.04,-10.41,yellow,0,Cc1cc(C)c2c(c1)C(=O)n1cc(CN3CCCC3=O)c3cc(O)cc(c31)C2
-27.3,-9.9,-10.2,yellow,0,CCCC(=O)N1CCC(n2c3c(c4ccccc4c2=O)C(=O)C=C(OC)C3)C1
-27.3,-9.12,-9.38,green,0,O=C1N=CCc2cc3c(cc21)c(C(=O)O)cn3C(=O)N1CCCCC1CO
-27.3,-9.8,-10.03,green,0,Cc1ccc2c(c1O)=Cc1cc(C3CCCC3)c(O)cc1CN=2
-27.3,-9.41,-9.6,yellow,0,CCCC(=O)N1CCCC(n2cc(-c3cc(CC)c(O)c(CC)c3)[nH]c2=O)C1
-27.4,-8.25,-8.96,green,0,N#Cc1c(O)cc2c3n(c(=O)c4c2c1CCCC4)CCC1C(CCN1C(=O)CCO)C3
-27.4,-10.21,-10.94,yellow,0,CC=Cc1cc2c3c4c(cnc3c1)CC=CN4C(=O)N2C1CCCC(C(=O)O)C1
-27.5,-9.88,-10.17,green,0,O=C(O)CNC(=O)C1CCCN(CC2CCc3cccc4c(C(=O)O)ccc2c34)C1
-27.6,-6.71,-8.71,yellow,0,COc1cc(=C2CCCC(C(=O)O)C2)c2c(c1OC)C=C(C(C)(C)C)C(=O)N=2
-27.6,-9.5,-9.69,yellow,0,CC(C)(C)C1CCC=C2CC(C(=O)O)c3cccc(c3O2)C(=O)NCC1=O
-27.7,-9.97,-10.32,yellow,0,CC1=Cc2cc(CCN3CCCCCC3=O)cc(C(=O)O)c2CC1
-27.8,-8.93,-9.27,yellow,0,Cc1ccc2c3c(c(CCO)cc2c1N1CCCC1)OC1=C(C(=O)O)SCC1C3O
-27.8,-9.66,-9.87,yellow,0,CC1(C)CC2CCC3C=Cc4c(c1c(O)c1c(N5CCCCC5)ccnc41)N32
-27.9,-9.87,-10.17,yellow,0,CCN(CCC(=O)N1CC=Cc2c(C(C)C)cc(C(=O)O)cc21)C(=O)c1ccc(O)cc1
-28.0,-9.66,-9.88,yellow,0,COc1ccc2c(C(=O)O)cc3c(c2c1)CC(C)(C)CCN(C)C3=O
-28.1,-9.5,-9.7,green,0,CC1=Cc2cc(C(=O)O)cc(CNC(=O)CC3CCCN(C)C3=O)c2C(O)O1
-28.2,-9.7,-9.93,green,0,CNC(=O)C1CCCN1C(=O)c1ccc2ccc3c(c2c1)NC=C(OC)C3
-28.4,-8.39,-9.04,yellow,0,CCCC1CCN(C(=O)c2ccc3c(c2)C2(CCCC2)CN(CC(=O)NC)C3)C1
-28.4,-9.78,-10.04,yellow,0,CC1CNc2c(cccc2CC2CCCC3CCCCC32)CNC(=O)C1
-28.5,-9.46,-9.67,green,0,CC1CC(CN2CCN(C)C(=O)C2)c2c3c(c4n2C(=O)CCC4)CCC(=O)C31
-28.5,-9.13,-9.41,green,0,CCc1sc2c(c1C(=O)O)C(=O)N1CC=c3cccc4c3=C1C2C(CN)C4
-28.5,-9.13,-9.41,yellow,0,CCOc1ccc2c3c(cc(C(=O)O)cc13)N(C1CCCC(C(=O)O)C1)C(=O)N2C
-28.5,-9.49,-9.7,green,0,O=C(O)C1CN(CC2CCN3C(=O)CCCCC3C2)C(=O)c2ccccc21
-28.6,-8.42,-9.05,green,0,O=C(O)c1cc2c(cn1)CN(Cc1ccn(CCO)c(=O)c1)c1c(O)cccc1-2
-28.7,-9.82,-10.12,green,0,Cc1c2c(=O)n3c(c4c2c(c(=O)n1C(=O)CC(C)C(=O)O)CCC4)CCC(C)C3
-28.7,-8.77,-9.21,green,0,CC(O)c1ccc2c(C(=O)O)cn(C(=O)N3CCCCC3CO)c2c1
-28.8,-10.18,-10.97,yellow,0,CC(C)c1ccc2c(c1)C(C)C1=C3C4=C(C1)CC(O)CC(=O)N1CCN(C(=O)N32)C4C1
-28.9,-10.25,-11.57,yellow,0,O=C1C=Cc2ccc3c4c5c(cc1c24)CN1CC2CC(C1)N(C(=O)CC3)C52
-28.9,-9.54,-9.77,green,0,CCC1C(=O)N(C)c2ccc(N3CCCN(C)C(=O)C3)c3ccc(O)c1c23
-29.0,-8.92,-9.29,yellow,0,CC(=O)c1ccc2c(C(=O)O)c3n(c(=O)c2c1N(C)C)C1CCCCC1(C)CC3
-29.3,-8.86,-9.26,green,0,COc1cc(C(=O)N2CCCCC2)c2ccc(CC(=O)O)c(O)c2c1
-29.3,-9.48,-9.71,yellow,0,Cc1cccc2c1CC1=C(CCO)N(C(=O)CC(C)C(=O)O)c3ccccc3C1=N2
-29.3,-10.21,-11.27,yellow,0,CC1(C)C=C2C=Cc3cc(C(=O)O)c4cccc5c4c3C2N1C(=O)CC5
-29.5,-9.69,-9.97,green,0,CCc1cc(O)cc2c1-c1cc(N3CCN(CC(N)=O)C(=O)C3)ccc1C(=O)C2C
-29.5,-9.31,-9.56,green,0,CCOc1ccc2c(c1)-c1c(CCO)c3c(n1CC2)CN1C(=O)CCCC1C3
-29.5,-9.04,-9.38,yellow,0,CC=Cc1c2c(n(C)c1C)N(Cc1ccn(CCCO)c(=O)c1)Cc1ccccc1-2
-29.8,-8.31,-9.04,green,0,CCOc1ccc(C(=O)N2CCCC(C)C2)c(CN2CCCC2=O)c1
-29.8,-8.94,-9.32,green,0,CC(C)Cc1cccn2c3c(c(CC(N)=O)c12)CC1CCCC(=O)N1C3
-29.9,-10.07,-10.65,yellow,0,CC(=O)NC1CCC2C(=NN3c4c(cccc42)-c2ccccc2OC3C)C1
-29.9,-8.71,-9.21,yellow,0,Cc1cc(-c2cc(C3CCN(C(=O)CN4CCCN(C)C4=O)C3)cs2)ccn1
-29.9,-8.89,-9.29,yellow,0,COc1ccc2c3c1CCC1CCC(CCC(=O)O)CC1C3N=C2C(=O)O
-30.1,-8.38,-9.08,yellow,0,CC1=CC2=CCN(CCC3CCCC(C(=O)O)C3)CC2=C(C)C1=O
-30.3,-10.06,-10.65,green,0,CC1c2c(ccc3c2CCN(CC(=O)O)C3)C(=O)N2Cc3ccccc3CC12
-30.6,-9.74,-10.07,yellow,0,CC(=O)N1C=C2C(=CNC(=O)C2C)c2cc(O)c3c(N4CCCCC4)cccc3c21
-30.7,-6.37,-8.79,green,0,CN1CCCC2CCN(C2)C(=O)CN2CCCN(CCCCC1=O)C2=O
-30.9,-9.62,-9.92,yellow,0,CCc1cc(C(=O)O)cc(C2=CC=CC(C3CCC(C(=O)O)CC3)C2)c1
-31.1,-8.94,-9.35,green,0,CC1c2c3n(c(=O)n(C)c2=O)C2CCC(N4CCCCC4=O)CC2(C)CC3=CC1O
-31.1,-9.94,-10.45,yellow,0,Oc1cc2c(cc1C1CCCC1)C=c1c(O)c3ccccc3cc1=NC2
-31.1,-9.81,-10.19,green,0,O=C(O)c1cn(CC2CCN3C(=O)CCOCC3C2)c(=O)c2cccc(O)c12
-31.2,-9.79,-10.16,yellow,0,CC1CCC(N2CCc3c(O)nc4cc5ccccc5n(c3-4)C2=O)C1(C)C
-31.3,-6.39,-8.8,green,0,O=C1CN2CCCN(CCCCN3CCC(CC4CCN1C4)C3)C2=O
-31.4,-10.03,-10.67,yellow,0,CC1=CC2=c3c(c(O)ccc3=NCc3cc(O)c(C4CCCC4)cc32)O1
-31.7,-9.23,-9.54,yellow,0,CCc1ccc2c(C(=O)O)c3n(c(=O)c2c1N(C)C)C1CCCCC1(C)CC3
-31.7,-9.54,-9.85,green,0,C=c1cc2c(o1)=Cc1ccc3c(c1N2C1=CCC=C1)c(=O)[nH]c(=O)n3C(C)CC
-31.8,-9.81,-10.21,green,0,CC(=O)NC1CCC2c3cccc4c5nccc-5c(O)n(c34)C(=O)C2C1
-31.8,-9.53,-9.84,green,0,Cc1cc(CN2CCC(C(N)=O)CC2)c2ccccc2c1O
-31.8,-9.53,-9.84,yellow,0,CCC(C)c1c(O)cc2c3c1C=CC1=C(O)C(C(=O)O)=C4N=CC(=C4C13)CO2
-31.8,-6.3,-8.81,yellow,0,CC1C(=O)NC2CC=CC(O)=C2C(=O)CCCC(=O)COC(=O)N1C
-31.9,-8.12,-9.03,green,0,O=C(O)CCNC(=O)c1c2n(c3ccccc13)CCC(C(=O)N1CCCCC1)C2
-32.3,-9.62,-9.97,green,0,Cn1c(=O)c2c(N3CCN4CCCC(C4)C3)c(O)cc3c2n(c1=O)C1CCCCC1C3
-32.3,-7.41,-8.9,yellow,0,COc1ccc2c3c1CCC1CCC(C)(C)CC1C3N=C2C(=O)O
-32.3,-9.62,-9.97,yellow,0,CCc1cc(C(=O)O)cc2c1C(=O)Cc1ccc(-c3ccccc3)c(O)c1-2
-32.3,-9.95,-10.54,green,0,CC(=O)NC(=O)c1cccc(NC(=O)N2CCN3C(=O)CCCCC3C2)c1
-32.3,-8.59,-9.2,green,0,CC1c2c3n(c(=O)n(C)c2=O)C2CCC(N4CCCCC4=O)CC2(C)CC3CC1O
-32.3,-9.82,-10.26,yellow,0,CC1=C2Cc3c(ccc4c3C(=O)N(CC(=O)O)C4)Nc3cccc(c32)C(O)C1
-32.4,-9.56,-9.9,yellow,0,Cc1ccc(C(=O)N(C)C2CCCC2)c2cc(CN(C)C)ccc12
-32.4,-7.33,-8.89,yellow,0,COC1C2=CCOc3ccc4c(c32)C(CCC(CN2CCCCC2=O)O4)C1C
-32.5,-9.32,-9.64,green,0,CCCc1ccc2c(c1)N(C(N)=O)Cc1cc(C(=O)NCC(C)C)cn1C2=O
-32.6,-9.69,-10.09,green,0,O=C1CCCc2cc3c(cc21)c(C(=O)O)cn3C(=O)N1CCCCC1CO
-32.9,-8.13,-9.05,yellow,0,COc1ccc(C=CCc2ccccc2)c(C=C2COCCN2C(=O)CCN)c1
-33.0,-9.9,-10.47,yellow,0,CN1C(=O)N2C(=CC3CC(N4CCCCC4=O)CCC32)C2=C1NC1=NCC(=O)C1=C2
-33.0,-8.45,-9.16,green,0,CC(O)c1c(=O)n2c(c3cc4c(cc13)OCCO4)CC1CCN(C(=O)CCO)C1CC2
-33.0,-8.62,-9.23,green,0,CC(C)(O)c1ccc2c(C(=O)O)cn(C(=O)N3CCCCC3CO)c2c1
-33.1,-9.7,-10.12,yellow,0,Cc1cccc2c(NC(=O)N3C(=O)CCC3(C)C)c3c(nc12)CCCC3
-33.4,-9.88,-10.44,yellow,0,Cc1cc2n(c(=O)c1)-c1cc3c(c4c1C(C=CO4)C2)CN(CC(=O)Nc1ccsc1)CC3
-33.7,-9.25,-9.62,green,0,O=C(O)C1CCC2N(C1)C(=O)c1ccc3c4c1N2CCCC4C(=O)CC3
-33.8,-8.93,-9.4,green,0,COc1ccc2c(NC(=O)CCN3CCCCC3=O)cccc2c1O
-34.2,-9.97,-10.79,yellow,0,Cc1cc(O)c2c(O)cc3c4c2c1C(C)CN4CCC1(CCCC(C(=O)O)C1)O3
-34.2,-9.48,-9.85,green,0,CC1C(=O)N=C2CCN(c3cccc(C(=O)O)c3)c3ccc4c(c32)N1CC4O
-34.2,-8.18,-9.1,green,0,CCCc1ccc(C(N)=O)c2c1CC(=O)C(C1CCCCC1)C2
-34.4,-9.78,-10.27,yellow,0,CCCCc1ccc2c(c1)C(C(=O)O)=CC1=CC3C4CCCC(=O)N4CCN3C(=O)N12
-34.4,-8.77,-9.34,yellow,0,CC1Oc2c(cc3c4c2C(=O)N(C)CCn4c(=O)n3C2CCCCC2)C(C)O1
-34.5,-9.25,-9.64,green,0,Cc1cc2c3c4c(c(=O)n(C(=O)C(C)(C)CO)cc14)CCC1CCC(C2O)N31
-34.5,-9.25,-9.64,green,0,CC=CC1=C2C=CC(C(=O)O)C=C2C(CC)C=C1NC(=O)CN1CCCCC1=O
-34.5,-9.61,-10.04,yellow,0,CC1=CC2=C(C=CC(=O)C2)C2=C(C(=O)O)C(CCN3CCCCCC3=O)=NC12
-34.6,-7.81,-9.03,yellow,0,CCC(C)C1=CCCCCc2c(c(C)cn2CCC(=O)O)C(=O)NCC1=O
-34.6,-9.39,-9.76,green,0,CCC1c2c(ccc3c2CC2CCC(C(=O)O)N2C3=O)-n2cccc2C1C(=O)O
-34.6,-9.69,-10.16,yellow,0,CC12CCCC(O)Cc3ncc(C(=O)O)c4ccc(cc34)C(=O)N(CCC1)C2
-34.7,-9.55,-9.96,green,0,CC1=C(O)c2c3cc[nH]c4c-3c(nc(=O)n4C3CCCCC3)[nH]c(=O)c2=CC1
-34.7,-9.41,-9.79,yellow,0,CCOc1cc(C)c2c(=O)n3c(c(C(=O)O)c2c1)CCC1(C)C=CC(=O)CC31
-34.9,-6.66,-8.9,green,0,Cc1ccc2c(c1)C(=O)N(C)CC1CC(C(N)=O)CCN1C2
-35.2,-9.22,-9.63,green,0,CCc1sc2c(c1C(=O)O)C(=O)N1CC=c3cccc4c3=C1C2C(CCO)=C4
-35.2,-9.67,-10.15,green,0,C=C1C=Cc2c3c(n4c2CCC(CC(=O)O)C4=O)CCOC2C=CC=C1C32
-35.2,-9.59,-10.04,yellow,0,O=C(Nc1ccc2nc(N3CCCCC3)[nH]c(=O)c2c1)C1=CC=CC1
-35.3,-7.26,-8.96,green,0,O=C(O)c1cc(F)c2c(c1)CCC(=O)N1CCCC3C(=O)CC=C(C=C31)CO2
-35.3,-9.81,-10.37,green,0,CCNC(=O)CC1(O)CCCN(c2cc3c4c(cc(O)cc4c2)CNC3C)C1=O
-35.4,-9.41,-9.81,yellow,0,Cc1cc(-c2cccc(C(=O)O)c2)n2c1C(=O)N1CCCCC1C(C)C2
-35.4,-7.19,-8.96,yellow,0,COC1=CC2=C3CC(C(=O)O)CCC3C=C3C(=O)C(C(C)(C)O)=CC(=C1O)C32
-35.6,-9.83,-10.43,yellow,0,CC1=C2CC3CC(CCN4CCCCC4=O)CC(=O)N3c3cccc4nc(n2c34)C1=O
-35.7,-7.93,-9.08,green,0,CN1C(=O)N2C(C(=O)O)CCC2c2cc3c(N4CCCCC4)ccnc3nc21
-35.7,-9.22,-9.64,green,0,CC1Cc2cccc(C(=O)NC3CCCC3C)c2CN(C)C1=O
-35.8,-10.01,-11.14,yellow,0,Oc1cc2c(cc1C1CCCC1)C1=c3c(c4sccc4cc3=NC2)OCC1
-35.8,-6.28,-8.91,yellow,0,CC1CCCCC2CCN(C2)C(=O)c2cccc(c2)N(C(C)C)C(=O)C1
-35.9,-8.88,-9.41,green,0,CC1CNC(=O)CC2CCC(N3CCCCC3=O)C(CCCNC1=O)C2
-36.2,-9.36,-9.77,green,0,Cc1cc2ncn3c2c2c(c(=O)n(C(=O)C(C)(C)CO)cc12)CC(C)C3=O
-36.3,-9.1,-9.56,yellow,0,CCCNC(=O)c1ccc(CCC(=O)NCc2c(C)c(C)nc3cccnc23)cc1
-36.3,-8.2,-9.15,yellow,0,C=C1CN(Cc2ccccc2)C2=CC3CC(C(=O)O)CCN3C(=O)C2=C1O
-36.4,-9.6,-10.1,yellow,0,CCC1CC2=C3C(=C4CC(C(=O)O)CC5c6c(CO)ccc1c6N3C45)C=CC2=O
-36.5,-8.97,-9.48,green,0,Cc1cc2c(cc1C(=O)N(C)CCC(=O)N1CCCCC1)C(=CCO)CC(C)O2
-36.5,-9.93,-10.89,yellow,0,Cc1c(N2CCC(N3CCCCC3=O)C2)[nH]c2c(-c3ccccc3)ccc(C)c2c1=O
-36.8,-9.45,-9.9,green,0,CCCC(=O)N1CCC(n2c3c(c4ccccc4c2=O)CC(O)CC3)C1
-36.9,-9.67,-10.21,yellow,0,CC1=C2Nc3ncccc3C(=O)C2c2cc(C)c(C(=O)O)c3c2C1CCC3
-37.1,-8.63,-9.32,green,0,COC1Cc2ccc3cc2-c2c1ccnc2CNC(=O)N(C)CCCN3C
-37.1,-8.89,-9.44,yellow,0,CC(C)=C1C=Cc2ccccc2-c2nc(ccc2O)C(=O)N(C)CC1
-37.2,-7.64,-9.06,green,0,CNC(=O)CN1Cc2ccc3c4c5c(cc(c24)C1)C(=O)N(C)C1CCOCC(C3)C51
-37.3,-7.43,-9.04,green,0,CCCC(=O)N1CCN2c3ccc(CC(C)C)cc3CN(C)CC2C1
-37.3,-6.69,-8.97,green,0,COc1ccc2cc1CC1CC1C1CCCCN1C(=O)CCNC(=O)CC2
-37.4,-9.07,-9.57,green,0,O=C1CCCCN1CCC1CC(=O)N2C3=CC=CC4C=COC(=C34)C(O)C2C1
-37.6,-9.21,-9.67,yellow,0,CCCNC(=O)C1CCC2=C3C4C5=C(CC(C(=O)O)=C5C2=O)C(=O)CC4CCN31
-37.6,-9.36,-9.81,yellow,0,O=C1COc2c3c(c4nccc(N5CCCCC5)c4c2O)CCn2ccc1c2-3
-37.7,-6.38,-8.97,green,0,O=C1CN2CCCN(CCCCC3CCC(C3)CC3CCN1C3)C2=O
-38.0,-9.87,-10.75,yellow,0,Cc1c(N2CCC(N3CCCCC3=O)C2)[nH]c2c(-c3ccccc3)ccc(O)c2c1=O
-38.2,-9.65,-10.24,green,0,CN1CN2C(=O)NC(=O)c3c4c(cn(C(=O)C5(C)CCCCC5)c3=O)CCC1C42
-38.3,-9.84,-10.65,yellow,0,CCCc1c2c(c3ccccc3c1C)C(C)N(C(=O)CC(C)(C)C(=O)O)C2=O
-38.9,-8.97,-9.53,green,0,O=C1CCCN1Cc1cn2c3c(cc(O)cc13)Cc1cccc(O)c1C2=O
-38.9,-8.56,-9.34,green,0,Cc1cc2c3c(c1C(=O)O)COc1c(O)cc(C(=O)O)c4c1C3=NN(CCO2)CC4
-39.1,-8.67,-9.39,green,0,O=C(O)CCC(=O)N1CCCC2CC3c4ccc(C(O)CO)c5cccc(c45)CN3C(=O)C21
-39.2,-9.83,-10.68,yellow,0,NCCc1ncc(C(=O)O)c2ccc(C(=O)N3CCCC(c4ccc(F)cc4)C3)cc12
-39.3,-9.52,-10.09,yellow,0,CCc1c2c(c(C)c3c4c(ccc13)C(=O)N1C(CCC1C(=O)O)C4)OC(C)C=C2
-39.4,-9.77,-10.52,green,0,CCCNC(=O)Cc1ccc2c(c1)C=C1C(O)C(=O)c3cccc4c3C1N2C(=O)C4
-39.4,-9.41,-9.93,yellow,0,CC=Cc1c(C)c(CCC)c2c(c1C)C(C)N(C(=O)CC(C)(C)C(=O)O)C2=O
-39.4,-7.82,-9.14,green,0,O=C(O)c1c2n(c(=O)c3ccccc13)C1CC(C2)CC(C(=O)O)C1
-39.6,-9.6,-10.22,green,0,Cc1ccc2c(n1)N(CC1CCC3CCC(C)C(=O)N3C1)CCC2=O
-39.6,-9.36,-9.87,green,0,CN1CCc2cc(c[nH]c2=O)C(=O)Nc2ccccc2OCCCCC1=O
-39.7,-7.86,-9.15,yellow,0,CN(C)C(=O)CC1CCC2CC3CCCC3C3CCCCC3CC2C1O
-40.0,-9.22,-9.75,yellow,0,CCc1ccc2c(C(=O)O)c3n(c(=O)c2c1N(C)C)C1CCCCCC1(C)CC3
-40.1,-9.79,-10.62,yellow,0,O=C1C=Cc2ncnc3c2C1=CC12CC1C(CN1CCCCC1=O)CC32
-40.1,-9.56,-10.19,green,0,COC1=CC2=c3c(c(O)ccc3=NCc3cc(O)c(C4CCCC4)cc32)O1
-40.2,-9.73,-10.49,green,0,O=C(O)N1CCN(Cc2cccc(C(=O)N3C4CC5CC3CC(C4)O5)c2)CC1
-40.2,-8.2,-9.24,yellow,0,CCC1n2c(c(C(=O)O)c3ccc(C(C)C)c(N(C)C)c3c2=O)CCC1(C)C
-40.2,-6.99,-9.06,green,0,CC1=Cc2cc3c(c(CN(C)C(=O)CCO)cn3c(=O)cc(C)c2=O)C2=C(C1)NCC2
-40.3,-9.25,-9.79,yellow,0,CCC1CCc2c(nc3c4c(ccnc24)N(C(=O)C(C)(C)C)C=C3C(=O)O)C1
-40.4,-8.6,-9.38,yellow,0,CN(C)c1c(C(=O)O)ccc2c(C(=O)O)c3n(c(=O)c12)C1CCCCC1(C)CC3
-40.5,-9.16,-9.71,yellow,0,CC1=CCOCCCOc2ccc3c(c2)C(=NC1=O)NC(=O)N3C1CCCC1
-40.6,-9.62,-10.29,yellow,0,CCc1ccc2c3c(nc(C(=O)N(C(C)CC)C4C=CN=N4)cc13)CC(O)=C2
-40.8,-9.64,-10.32,yellow,0,Cc1c(O)c2c(c3ccccc13)CN(CC1CN(C(C)C)CCC1=O)CC2
-41.2,-9.61,-10.3,yellow,0,Cc1c2c(cc3c1C(=O)C(C)CO3)C(C)CN(C(=O)N1CCC(C)CC1)C2
-41.3,-9.05,-9.65,yellow,0,CCC1CC2=CC(=O)CC3C(O)c4ccc5c(c4N1C23)c(=O)[nH]c(=O)n5C(C)CC
-41.4,-9.12,-9.7,green,0,CCC=C1N=C2CC(=O)NCN2c2c1ccc1c2CC(C(=O)O)C1(C)C
-41.5,-9.67,-10.43,green,0,Cc1c2c(cc3oc(=O)oc(=O)c13)C(C)CN(C(=O)N1CCC(C)CC1)C2
-41.5,-8.9,-9.54,yellow,0,CCC=Cc1ccc2c3c1C(=O)N(C(=O)CC(C)(C)C(=O)O)C3CCCC2O
-41.6,-9.17,-9.75,green,0,COc1cc2c(cc1O)CN(C(=O)C1CCCCN1C(=O)CCN)c1ccccc1-2
-42.0,-8.51,-9.38,yellow,0,CCCC1CC(C)(C)Oc2c3c4c(c(=O)n21)C(O)CN1C2CCC(CC3)(CC2)C41
-42.2,-8.82,-9.52,green,0,Cc1cnc2n(c1=O)Cc1c(ccc3c1CCCN(CC(=O)O)C3)C2C
-42.4,-9.27,-9.87,yellow,0,CCN(C(=O)c1cccc(C)c1)c1cc2c(cc1O)-n1cc(C)c(=O)c(C(=O)O)c1CC2
-42.9,-9.14,-9.76,yellow,0,COC1=CC=C(C)CNc2ccc(C(=O)N3CCCC3)cc2CNC(=O)CC1
-43.0,-7.35,-9.15,green,0,COc1cc2n3c(c4c(c3c1)CN(C)CC4)C1=CC(CO)=CCC1N(C)C2=O
-43.0,-8.62,-9.44,green,0,Cc1cnc2c3c1C(=O)N(C)CCCCC(C(=O)O)CCC(=CN2)C3
-43.3,-9.58,-10.35,green,0,CC=Cc1cccc2c1CC(O)C1CC(CCN3CCCCC3=O)CC(=O)N21
-43.3,-9.0,-9.66,yellow,0,CN1C(=O)N2C3CCC(N4CCCCC4=O)CC3CC3CC4=C(C=C1C32)CCO4
-43.4,-8.21,-9.31,green,0,CC(C)c1ccc2c(C(=O)O)cn(C(=O)N3CCCCC3CO)c2c1
-43.5,-9.01,-9.67,yellow,0,O=C1C=CC2=C3CC(C(=O)O)CC4c5c(CO)cc(O)c6c5N(C2=C1CC6)C34
-43.7,-8.66,-9.48,yellow,0,CC1Oc2c(F)cc(C(=O)O)cc2CCC(=O)N2CCCCC2=CC1=O
-43.8,-8.19,-9.31,green,0,CNC(=O)CN1Cc2ccc(C(=O)N3CC4CC(O)OC4C3)cc2C2(CCCC2)C1
-43.9,-8.02,-9.27,yellow,0,CN(C)c1cccc2c(C(=O)O)c3n(c(=O)c12)C1CCCCC1(C)CC3
-44.0,-8.24,-9.34,green,0,CCCc1ccc2c(c1)c(C(=O)O)cn2C(=O)N1CCNC(=O)C1
-44.5,-9.39,-10.09,yellow,0,Cc1cccc2c1C(=O)n1cc(CN3CCCC3=O)c3cc(O)cc(c31)C2
-44.5,-8.27,-9.36,yellow,0,O=C(O)C1CCC2N(C1)C(=O)c1ccc3c4c1N2CCCC4C(=O)C=C3
-44.6,-8.49,-9.43,yellow,0,CC12CCCc3c(C(=O)O)c(O)c4c(c31)n(c(=O)n4C1CCCCC1)CCC2
-44.7,-8.92,-9.64,green,0,CC1COc2ccc3c(c2O1)CCN(C(=O)c1ccccc1)C3
-44.8,-8.05,-9.3,yellow,0,CCCC1=C2C=C(C)NC(C)=C2Cc2c(ccc3c2C(=O)N(CC(=O)O)C3)N1
-45.1,-9.62,-10.54,yellow,0,Cc1cc(O)c(-c2ccccc2)cc1C(=O)N(C)CCC(=O)N1CCCCC1
-45.2,-9.35,-10.06,yellow,0,Cn1c(=O)c2c(N3CCC4CCCC4C3)c(O)cc3c2n(c1=O)C1CCCC1(C)C3
-45.4,-9.59,-10.49,yellow,0,CCC1C=C2C=Cc3ccc4c5c3N2C2=C1CC(O)=CC2=C5CN(CC(=O)NC)C4
-45.5,-9.51,-10.31,yellow,0,Cc1cc2c3n(c1=O)Cc1c(ccc4c1CCCN(CC(=O)O)C4)C3(C)CCC2
-45.5,-7.73,-9.26,yellow,0,CC1CCN(C(=O)N2Cc3c(cc4c(c3CN)C=C(O)CO4)C(C)C2)CC1
-45.8,-8.37,-9.42,green,0,CCC1C(=O)C2CC(CN3CCCCC3=O)CC2c2nc(OC)cnc21
-45.9,-8.6,-9.49,yellow,0,Cc1cc(C)c2c(c1)-c1ccc3c(C(=O)O)c(C)oc3c1CCC(=O)N2
-46.0,-9.17,-9.88,yellow,0,CCc1ccc(-c2cnc3c4c2C=C(C(=O)O)CN4C(C(C)(C)C)C(O)C3)cc1
-46.0,-9.67,-10.78,yellow,0,CC1=C2CC3CC(CCN4CCCCC4=O)CC(=O)N3c3cccc4cc(n2c34)C1=O
-46.4,-9.14,-9.86,yellow,0,Cc1c(O)cc2c3c1Nc1cccc(OC(F)(F)F)c1N=C3C=CC2
-46.5,-7.51,-9.26,green,0,CCc1cc2c(cc1C(=O)O)CCC1C(O)CCC(O)C1C(C)O2
-46.5,-8.72,-9.58,yellow,0,C=CC=C1c2nc3ccc(C)nc3n2CC2CC(CC(=O)NC)CCC12
-46.6,-8.43,-9.45,yellow,0,CC1=C2C=C(C(=O)O)NC(C)=C2Cc2c(ccc3c2C(=O)N(CC(=O)O)C3)N1
-47.0,-6.98,-9.21,green,0,Cc1cc(=O)n2cc(CN(C)C(=O)CCO)c3c2cc(c1=O)C=CCC1=NCCC13
-47.5,-9.73,-11.37,yellow,0,CC1Cc2ccc3c4c5c(cc(c24)O1)C(C)(C)CCN5C(=O)N3CC1CCC(=O)N1
-47.5,-9.2,-9.95,green,0,O=C(CCO)NCc1cnc2c(c1)Cc1cc(O)ccc1-c1ccccc1-2
-47.5,-8.66,-9.57,yellow,0,Cc1ccc2c(C(=O)O)c3n(c(=O)c2c1N(C)C)C1CCCCC1(C)CC3
-47.6,-8.0,-9.35,green,0,CN1C(=O)Cc2c(C(=O)O)ccc3c2C(=C2CCCC21)Cc1nn[nH]c1-3
-48.0,-7.61,-9.3,green,0,CC1Nc2oncc2-c2nc3c(cc21)C(N1CCCC1)=NCN3C1CC(O)CO1
-48.2,-8.6,-9.54,green,0,CN1CCCC(=O)OCC=Cc2cc(C(N)=O)ccc2NC1=O
-48.2,-9.02,-9.81,yellow,0,CC1(c2cccc(C3CN4C(=O)CCCC4CN3CCN)c2)CCCCC1
-48.2,-9.4,-10.25,yellow,0,CN1CC2C=CC=C2C=Cc2ccccc2-c2nc(ccc2O)C1=O
-48.3,-9.43,-10.3,yellow,0,Cc1cc2c3c(c1C(=O)O)CCCC3C1=C3C2C(=O)c2cccnc2N3CC1
-48.6,-8.62,-9.57,yellow,0,COc1cc2c3c(ccc(O)c3c1O)CCC2C(=O)N(C)C1CCCC1
-48.7,-9.73,-11.8,yellow,0,O=C(O)C1=CC2C3c4cc(F)cc(C(=O)O)c4CC(=O)N4Cc5cccc1c5C4C23
-48.9,-9.45,-10.38,green,0,O=C1CCC(=O)N2CC3CCc4c(F)cc(cc4C3C2)C=CCCN1
-48.9,-8.15,-9.41,yellow,0,CCCN1CCC(C)(C(=O)NC2CN(C)c3c2ccc2c3CC=CC2=O)CC1=O
-49.0,-9.1,-9.9,yellow,0,CC1C(c2cccc(C(=O)O)c2)c2ccc3c4c2N1CCC4OC=C3
-49.0,-8.91,-9.74,green,0,COC1N=C2C3=C(C=C4N2CCC2CCC(C)(C)N42)CCN2C3=C1CCC2O
-49.1,-9.6,-10.84,yellow,0,C=C1CN(Cc2ccccc2)C2C=C3c4ccc(C=CC)cc4CN3C(=O)C2=C1O
-49.1,-7.92,-9.37,yellow,0,COc1cc2c(c(OC)c1)N1Cc3c(C)cccc3OC3=C1C(=C2)OC=C3
-49.5,-6.82,-9.26,yellow,0,CC1C(O)=C2C=CC3c4c2c2c1cccc2c(=O)n4CCC1C3CCN1C(=O)CCO
-49.6,-9.55,-10.69,green,0,CN(C)c1ccc(O)cc1C1=NCC2CCC(n3ccc(CN)cc3=O)CC2C1
-49.7,-7.59,-9.34,yellow,0,Cc1ccc2c(c1)-c1c3c(c4c(C(=O)NCCO)cc(C)c(n14)CN2C)CN(C)CC3
-49.8,-7.01,-9.28,green,0,CN1CCc2c(c3cc(CO)cc4n3c2-c2cc(CO)ccc2N(C)C4=O)C1
-49.9,-8.42,-9.52,yellow,0,CC1=CC2=C(C(C)C)Nc3ccc4c(c3CC2=C(C)O1)C(=O)N(CC(=O)O)C4
-49.9,-9.67,-11.39,yellow,0,Cc1cnc2c3c1cc1n4c(c5c(c34)C(=CC2)N(C)C=C5)C2=CC=CCC2N(C)C1=O
-50.0,-9.62,-11.02,yellow,0,CC(=O)N1CN=C(N2CCCC2)c2cc3c(nc21)-c1c(C)cc(C)cc1OC3O
-50.2,-9.39,-10.31,yellow,0,CC(C)c1ccc(NC(=O)N2CCN3C(=O)CCCC3C2)c(-c2ccc(O)cc2)c1
-50.3,-8.95,-9.81,yellow,0,COc1ccc2c(C(=O)O)cc3c(c2c1)CC(C)(C)CN(C(C)CC(=O)O)C3=O
-50.4,-8.21,-9.46,green,0,CCOc1ccc2c(CC)c(=O)n3c(c2c1)CC1CCN(C(=O)CCO)C1CC3
-50.6,-7.27,-9.31,green,0,O=C1CC2CCCC(C2)C(O)CCCC(O)COC(=O)CCCN1
-50.6,-7.33,-9.32,green,0,CC(=O)NC1CCC2c3ccc4c(c3N=C(C)N2C1)CCCC4
-50.7,-8.41,-9.53,yellow,0,CC=C1C=C2C(O)=CC3CN(C(=O)CCC(=O)O)Cc4cc(C)c(c2c43)OC1
-51.0,-9.48,-10.56,yellow,0,CCC1Cc2c(ccc3cc(C(=O)N4CCCC4)c(O)cc23)C(=O)N2CCCC12
-51.0,-7.81,-9.39,green,0,Cc1c(O)cc2cc1CCN(C)C(=O)Nc1ccccc1C(=O)N2
-51.0,-9.36,-10.29,yellow,0,CNC(=O)C1CCCN1C(=O)c1ccc2ccc3c(c2c1)NC(N(C)C)=CC3C
-51.1,-9.4,-10.39,yellow,0,Cc1ccc(C)c2c1CC1CCC3C1C2=CC(=O)N3C(=O)CCC(=O)O
-51.1,-9.39,-10.36,yellow,0,CC1=C2CC3CC(CCN4CCCCC4=O)CC(=O)N3c3cccc4nc(n2c34)C1O
-51.2,-8.53,-9.59,green,0,CCC(C)=C1N=C2CC(=O)NCN2c2c1ccc1c2CC(C(=O)O)C1(C)C
-51.3,-8.26,-9.49,yellow,0,Cc1ccc2c(cc(C)c3cocc32)c1C(=O)N1CCC(C(=O)NCC(C)(C)C)C1
-51.3,-7.45,-9.36,green,0,COc1cc2n3c(c4c(c3c1)CN(C)CC4)-c1cc(CO)ccc1N(C)C2=O
-51.3,-8.32,-9.52,yellow,0,CC1(N)CN2CCC3(CCCC(C(=O)O)C3)Oc3cc(O)c4c(O)ccc1c4c32
-51.5,-8.24,-9.49,green,0,CC1CCCCN(C)C(=O)c2cc3c(cc2O1)cc(CC(=O)O)c(=O)n3C
-51.7,-8.12,-9.46,yellow,0,CN1C(=O)C2=COCC(C(C)(C)C)C(=O)CNC(=O)c3cccc1c3O2
-51.8,-7.36,-9.35,green,0,Cc1cnc2cc1C(=O)N(C)CCCCC1CCCC1OCCC(=O)N2
-51.9,-9.29,-10.24,green,0,CC1CCC2=CC3CC(N4CCCCC4=O)CCC3n3c2c1c(=O)n(C)c3=O
-52.0,-9.34,-10.3,yellow,0,CCCCc1cccc(-n2c3c(c4c2CC2CCCC(C(=O)N(C)C)N2C4=O)NCCC3)c1
-52.0,-8.93,-9.84,yellow,0,CC1=CC=C2OCCC2CC(=O)NCc2cc(C(=O)N3CCCC3)ccc2NC1
-52.1,-8.5,-9.6,green,0,CCOc1cc(C)c2c(c1)C(=CCO)C1CC(N3CCCCC3=O)CC(=O)N1C2
-52.4,-9.41,-10.49,yellow,0,CC(C)(CC(=O)N1C(=O)c2cc3ccccc3c3c2C1CCCC3)C(=O)O
-52.6,-7.12,-9.35,green,0,CC1=Cc2cc3c(c(CN(C)C(=O)CCO)cn3c(=O)cc(C)c2=O)C2=C(NCC2)O1
-52.8,-9.46,-10.65,yellow,0,O=C1CCCCN1CC1CCC2c3c(ccc4c3C(=CCO4)C3OCCCC32)O1
-52.8,-9.0,-9.93,green,0,CCCc1cc(C)cc2c1C(=O)CC=C1CC(C(N)=O)CCN1C2
-52.8,-9.18,-10.14,yellow,0,O=C(O)C1CCCC2(CCN3CCc4c(O)cc(O)c5c(O)cc(c3c45)O2)C1
-53.2,-8.12,-9.49,green,0,CN1CCCC(=O)OCCCc2cc(C(N)=O)ccc2NC1=O
-53.2,-5.95,-9.32,yellow,0,CN1CCCC(=O)OCCCCC2=C(c3ccccc3)C(=O)CC2NC1=O
-53.3,-9.31,-10.32,green,0,CC1Cc2c(ccn(C(=O)N3CCCC3)c2=O)-c2cc(O)ccc21
-53.3,-7.05,-9.36,green,0,CC(C)c1ccc2c(c1)C(C)C1=C3C(N=C1)C1CN(C(=O)CCO)CCN1C(=O)N32
-53.7,-9.37,-10.45,yellow,0,CC1CCN(C(=O)c2c3c(c4ccccc4c2O)CC(C)CO3)CC1
-53.8,-8.65,-9.71,yellow,0,O=C1CCOCCN1Cc1ccc2c(c1)CCC(O)C(=Cc1ccccc1)O2
-53.8,-7.06,-9.37,yellow,0,O=C(O)Cc1ccc2cc1C(=O)N1CCC(CCCCCc3ccc(cc3)O2)C1
-53.9,-9.38,-10.5,yellow,0,COC1=CC2=C3CC(C(=O)O)CCC3C=C3C(=O)C(C(C)C)=CC(=C1)C32
-54.7,-9.45,-10.81,yellow,0,CNC(=O)C1CCCN1C(=O)c1ccc2ccc(-c3cnc(C)cc3O)cc2c1
-54.7,-9.07,-10.08,yellow,0,Oc1c2c3c(c4nccc(N5CCCCC5)c14)CCN1CCCC(CCO2)C31
-54.8,-9.52,-11.21,yellow,0,CC1=CCC2C(=C1)c1c3c4c5c(ccc(n15)C(=O)N2C)C1=NN=NC1C=C4N(C)C=C3
-54.9,-7.8,-9.47,yellow,0,Oc1c2c3c(c4nccc(N5CCCCC5)c14)CCN1CCC(=C31)CCCO2
-54.9,-8.8,-9.84,green,0,CCc1ccc(NC(=O)N2CCN3C(=O)CC(C)CC3C2)c(CCC(=O)O)c1
-54.9,-9.32,-10.43,yellow,0,CCC(=O)NCCN1C(=O)N2CCC(C)(C)c3cc4c5c(ccc1c5c32)CCO4
-55.0,-8.65,-9.74,green,0,CC(C)(CO)C(=O)n1cc2c3c(c1=O)CC(C)(C)c1cccc(c1-3)C(O)C2
-55.2,-7.27,-9.41,green,0,COc1ccc2c(c1)CC1=c3ccccc3=NC(CO)N1C(=O)C(C)C2
-55.3,-8.53,-9.69,yellow,0,CC1=CC2=C(C(C)C)Nc3ccc4c(c3CC2=C(C)N1)C(=O)N(CC(=O)O)C4
-55.3,-9.39,-10.62,yellow,0,CC1=C2CC3CC(CCN4CCCCC4=O)CC(=O)N3c3cccc4c3N2C(C4)C1=O
-55.5,-8.63,-9.74,green,0,O=C(NCCO)c1c2n(c3ccccc13)CCC(C(=O)N1CCCCC1)C2
-55.5,-6.9,-9.39,green,0,CC1=NC(=O)CCc2ncc(C(=O)O)c3ccc(cc23)C(=O)N2CCCC1C2
-55.8,-6.72,-9.39,yellow,0,COc1ccc2c(c1)CC1=CC(=O)CC(CO)N1C(=O)C(C)C2
-55.9,-9.49,-11.16,green,0,CC1(C)CCN2C(=O)N(CC3CCC(=O)N3)c3ccc4c5c(cc1c2c35)OC(O)C4
-56.2,-7.26,-9.43,green,0,CC1NC(=O)CCc2ncc(C(=O)O)c3ccc(cc23)C(=O)N2CCCC1C2
-56.4,-9.24,-10.36,yellow,0,Cn1c(=O)c2c3n(c1=O)C1CCC(N4CCCCC4=O)CC1CC3CC(C(=O)O)=C2
-56.5,-9.29,-10.46,green,0,O=C1NCC2CC(C(=O)N3CCCCC3)Nc3c2c1nc1ccccc31
-56.5,-6.89,-9.41,yellow,0,COc1ccc2cc1CCCCC1CCCCN1C(=O)CCNC(=O)CC2
-56.7,-9.08,-10.16,yellow,0,Cc1cccc2c1CCCCCCOc1cccc(c1)CC(=O)N2
-56.9,-9.28,-10.46,yellow,0,CC1(C)CC2=Cc3cc(C(=O)O)c4cccc5c4c3C2N1C(=O)CC5
-56.9,-8.77,-9.89,green,0,CC1(C)CC2(O)CC=Cc3c4c(n5c3CCC(CC(=O)O)C5=O)CCOC1C42
-57.4,-9.03,-10.14,green,0,CN1CC2C(=O)CCc3cn(C(=O)C4(C)CCCCC4)c(=O)c(c32)C1=O
-57.7,-9.08,-10.2,green,0,O=C1CCc2ccc(O)c3c2OC(=C3)CC2CCCCN2C(=O)CCN1
-57.9,-7.37,-9.48,yellow,0,COc1cc2c(c(OC)c1)N1Cc3c(C)cccc3OC=C1C(O)=C2
-58.3,-7.74,-9.53,green,0,CC(C)c1ccc2c(c1)c(C(=O)O)cn2C(=O)N1CCNC(=O)C1
-58.3,-6.14,-9.43,green,0,CC1CCC(=O)NC2CCN(C2)C(=O)c2cccc(c2)N(C(C)C)C(=O)C1
-58.4,-9.38,-10.91,green,0,CC1C(=O)CC2CC3(C)CC(N4CCCCC4=O)CCC3n3c2c1c(=O)n(C)c3=O
-58.8,-8.88,-10.02,yellow,0,COc1cc2c3c(c1C)CCCN3C(=O)CC2c1cccc(C(=O)O)c1
-58.8,-8.73,-9.91,yellow,0,C=C1CN(Cc2ccccc2)C2C=C3c4ccccc4CN3C(=O)C2=C1O
-59.1,-8.71,-9.91,green,0,CN1CCCC(=O)OCCc2cc(O)c3ccc(F)c(c3c2)NC1=O
-59.3,-8.88,-10.04,yellow,0,Cc1c2c(c3n(c1=O)CCC1CCCC31)CN(C1CCCCC1)C(=O)N2
-59.5,-8.26,-9.69,yellow,0,CC=Cc1c(NC(=O)CN2CCCCC2=O)cc(=CCC)c2c1C=CC(C)C=2O
-59.7,-9.24,-10.56,green,0,Cn1cc2c(n1)c1ccc(O)cc1c(=O)n2CC1CCN2C(=O)CCCCC2C1
-60.3,-8.68,-9.93,yellow,0,CC(=O)NC1=Cc2ccc(CC(=O)N3CCCCCC3)c(=O)n2CC1c1ccccc1
-60.3,-6.66,-9.48,green,0,Cc1nc2c3cc(ccc3c1C(=O)O)CCCCOCC(O)CCC(N)C2
-61.0,-9.35,-11.1,yellow,0,Cc1cc2c3c(c1)-c1nc(ccc1O)C(=O)N(C)CC1C=CC=C1C1=C(CC2)C13
-61.2,-8.04,-9.66,yellow,0,CCCc1cnc2c3c1CCC(N)C3C(=O)c1c-2ccc(O)c1N1CCCCC1
-61.5,-8.54,-9.87,yellow,0,O=C(O)Cc1ccc2cc1C(=O)N1CCC(CCOCCc3ccc(cc3)O2)C1
-61.5,-9.39,-11.63,yellow,0,Cc1cc2c3c(c1C(=O)O)CCCC3C=C1C(=O)C3=C(C(=O)C12)C(C)(C)CC3C
-61.8,-9.37,-11.47,yellow,0,CCc1ccc2c(c1)C1CCOC1C1C3CCC4CC(=O)N5CCN(C(=O)N21)C3C5C4
-62.2,-7.42,-9.59,green,0,O=C1Cc2cccc3c(=O)n4c(c(c23)C1)CC1CC(C(=O)O)CC4C1
-62.5,-9.29,-11.01,green,0,CC(=O)N1CN=C(N2CCCC2)c2cc3c(nc21)-c1c(C)cccc1OC3O
-62.9,-8.27,-9.79,green,0,O=C(O)CN1Cc2ccc3c(c2C1=O)CC1c2c(cccc2C(=O)OC1O)N3
-63.1,-8.72,-10.07,yellow,0,COc1cc2c3c(c1)=C1CC(C(=O)O)CCC1NC=3C(=O)C(C(C)C)=C2
-63.1,-6.91,-9.55,green,0,CN1CCC(O)CCC2CCCC2C(=O)N(C)c2cccc(c2)C1=O
-63.4,-9.31,-11.33,yellow,0,CC1CCCN(c2cccc(-c3cccnc3)c2)CCCNC(=O)C1
-64.0,-7.4,-9.63,green,0,CN1CCc2c(c3cc(C(=O)O)cc4n3c2-c2cc(CO)ccc2N(C)C4=O)C1
-64.0,-8.61,-9.99,yellow,0,Cc1cccc2c1CCCCOCOc1cccc(c1)CC(=O)N2
-64.1,-8.98,-10.35,yellow,0,CCCC(=O)NCc1cnc2c(c1)CC1=C3c4c(cccc4-2)C=NC3C(N)=NC1=O
-65.0,-8.32,-9.88,yellow,0,CCOc1cc(C)c2c(=O)n3c(c(C(=O)O)c2c1)CCC1(C)CCOC(=O)CC31
-65.2,-9.24,-11.2,yellow,0,O=C1CCCCCOc2ccc3cc(C(=O)N4CCCC4)cc(c3c2)NCCO1
-65.3,-7.79,-9.72,green,0,Cc1cc2c3c(c1C(=O)O)COc1c(O)cc(C(=O)O)c4c1C3=NN(CCC2)CC4
-65.5,-6.98,-9.62,yellow,0,COc1ccc2cc1CCCC=C1CCCCN1C(=O)CCNC(=O)CC2
-65.5,-7.48,-9.68,yellow,0,CC1NC2CCC3=CC=CC3CCCN(C)C(=O)Nc3c(F)ccc1c3C2
-65.6,-8.14,-9.81,yellow,0,COc1ccc2c3c1C(C)(C)CN3C(=O)CC2c1cccc(C(=O)O)c1
-65.7,-8.52,-10.0,yellow,0,CC=C(C)c1ccc(O)c2c1CN1C(=O)C(CC(=O)N3CCCNCC3)CC=C1C2C
-65.7,-8.25,-9.86,yellow,0,COC(=O)c1ccc2n3c(c4c(c13)CN(C)CC4)-c1cc(C)ccc1N(C)C2
-65.7,-8.63,-10.08,yellow,0,CC1CCC(N2CCC3C(O)N=C4Cc5ccccc5N(C2=O)C43)C1(C)C
-66.6,-7.78,-9.75,yellow,0,CC1(C)CN2CCC3(CCCC(C(=O)O)C3)Oc3cc(O)c4c(O)ccc1c4c32
-66.7,-8.46,-10.0,yellow,0,CC1CCC(c2cc(CCN3CCCCC3=O)cc(C(=O)O)c2O)c2cscc21
-66.8,-8.36,-9.95,yellow,0,CCCC(=O)NCc1cnc2c(c1)CC1=C3c4c(cccc4-2)C=NC3C(O)NC1=O
-67.2,-7.37,-9.7,yellow,0,CC=C1Nc2ccc3c(c2Cc2c(C)cc(OC)cc21)C(=O)N(CC(=O)O)C3
-67.4,-6.96,-9.66,green,0,CN1CCc2cc(c[nH]c2=O)CCCC(=O)OCCCCCNC1=O
-68.1,-7.71,-9.78,yellow,0,CC1=Cc2c3c(c(=O)n4c2OC(C)(C)CC4CC(=O)O)C(O)CCC3C1=O
-68.3,-8.45,-10.06,yellow,0,CC(=O)N1CCCCc2cc(C(=O)NCC(C)C)cn2-c2cccc(c2)C1
-68.4,-8.49,-10.09,green,0,COc1cc2c(c(-c3ccc(CCCC(=O)O)cc3)c1O)CCN(C)C2=O
-68.5,-8.96,-10.6,yellow,0,Cc1cc2cc(c1)COc1ccccc1-c1cccc(c1)C(=O)NCC2
-69.1,-8.74,-10.32,yellow,0,Cc1cc2c3c4c(ccc3c1)C(c1cccc(C(=O)O)c1)CN4CC=N2
-70.9,-6.74,-9.74,yellow,0,CCC1C(=O)C2=Cc3c(cccc31)NC(=O)Cc1cccc(c1)CC(=O)NCC2O
-71.0,-6.71,-9.74,yellow,0,CC(=O)N1CCCC2CCC(Cc3cc(ccc3C)OCCCNC(=O)C1)C2
-71.4,-6.77,-9.76,yellow,0,Cc1ccc2cc1C(=O)N1CCC(C1)C(=O)NC1CCC(CCCc3cocc3-2)C1
-72.2,-8.88,-10.69,yellow,0,O=C1C=CC2=C3CC(C(=O)O)CC4c5c(CO)cc6c7c5N(C2=C1CC7CCO6)C34
-72.6,-9.04,-11.55,yellow,0,CC(=O)c1cc2c3c(c1)c(C)cc(=O)n3C1CN3C(=O)CCCC3CC1=C2
-72.9,-9.04,-11.66,yellow,0,Cc1cc2cc3c1CCOc1ccc(nc1-3)C(=O)N(C)CCc1cc(oc1C)NC2=O
-72.9,-8.64,-10.39,yellow,0,CC1=C=C(O)CCc2ncc(C(=O)O)c3ccc(cc23)C(=O)N2CCCC1C2
-73.3,-7.12,-9.84,green,0,O=C1CCc2ccc(CO)c3c2OC(=C3)CC2CCCCN2C(=O)CCN1
-73.5,-8.38,-10.22,green,0,CC(=O)NC1CC2Cc3nc4c(c(=O)n3C2C1)C(O)=CC1=Nc2sccc2CN14
-73.8,-8.46,-10.28,green,0,Cc1ccc2c(C)c3c4c5c2c1C(=O)N(C)C(CC(=O)N(C)CC4CC(CO)C3)O5
-74.2,-7.29,-9.89,green,0,CC(=O)c1ccc(-c2ccccc2OCC2C(=O)N(C)N=C2C)cc1O
-74.8,-8.85,-10.9,yellow,0,Cc1ccc2c(ccc3c(C)occ32)c1C(=O)N1CCC(C(=O)NC2CCCC2)C1
-75.1,-8.22,-10.19,green,0,CC(O)C1=CC2=NCCCc3ccccc3OC(=O)N(C)C(C)C(=O)NC2C=C1
-75.3,-8.91,-11.27,yellow,0,Cc1cc2c3c(c1)c(=O)c(C)c1n3C(CC2C)CC2C(N3CCCCC3=O)CCN12
-75.6,-8.52,-10.42,yellow,0,CCCC(=O)NCc1cnc2c(c1)Cc1cc(O)ccc1-c1ccccc1-2
-75.6,-7.58,-9.99,green,0,Cc1cc2c3c4c(c(=O)n(C(=O)C(C)(C)CO)cc14)CC(C)(C)C(=O)N3CC2O
-76.3,-8.93,-11.77,yellow,0,C=C1OC(C)=CC2=C1Cc1c(ccc3cc(C(=O)N4CCCC4)c(O)cc13)C(=O)N2
-76.8,-8.56,-10.54,yellow,0,Cc1cc(C)c2c(c1C)C(=O)n1cc(CN3CCCC3=O)c3cc(O)cc(c31)C2
-76.9,-7.43,-10.02,yellow,0,Cc1cc2cc(c1O)OCCCC1CCC(C1)C(=O)Cc1ccc(O)c(c1)O2
-77.2,-7.53,-10.05,yellow,0,Cc1c2cc(cc1C(=O)O)CC1CNC3=NC(=O)C(=CCCCCC2)C3C1
-77.3,-6.91,-9.94,yellow,0,CCc1ccc2c(c1)-c1c3c(c4c(C(C)C(N)=O)ccc(n14)C(=O)N2C)CCOC3
-77.6,-8.12,-10.23,yellow,0,CC(=O)N1C=C2CC(C)=NC=C2c2cc(O)c3c(N4CCCCC4)cccc3c21
-77.6,-7.0,-9.97,green,0,CC1CCC2CN(Cc3cccc(c3)C(=O)N3CCCCC3CO1)C(=O)NC2=O
-78.3,-7.4,-10.06,green,0,NC1CCCC2CCCN(C2)C(=O)c2ccc3c(C(=O)O)cnc(c3c2)C1
-78.5,-8.32,-10.41,yellow,0,C=C1CCCc2ccccc2NC(=O)c2cccc(c2)CC(C)C(=O)N1
-79.3,-7.42,-10.11,yellow,0,CC=C1Nc2ccc3c(c2Cc2c(C)cc(C)cc21)C(=O)N(CC(=O)O)C3
-79.9,-7.5,-10.15,green,0,CC(C(N)=O)c1ccc2n3c(c4c(c13)CCOC4)-c1cc(C(=O)O)ccc1N(C)C2=O
-80.2,-6.95,-10.06,green,0,O=C(O)CC1CCC2=NN3CCCc4cccc5c4CN3C2CC1CNC(=O)C5
-80.8,-8.69,-11.49,yellow,0,CN1C(=O)C2COc3cccc4c(O)c5c(c2c34)C(CCC5)C2CCCC21
-80.9,-7.26,-10.13,green,0,Cc1c2c(cc3c1C(=O)C(O)CO3)C(C)CN(C(=O)N1CCC(C)CC1)C2
-81.1,-8.18,-10.43,yellow,0,Cc1ccc2c(c1C(=O)N1CCC(C(=O)NC3CCC(O)C3)C1)CCc1cocc1-2
-81.7,-7.06,-10.14,yellow,0,Cc1cc2cc(c1O)OCCNC1CCC(C1)C(=O)Cc1ccc(O)c(c1)O2
-82.2,-7.37,-10.2,yellow,0,CC1=C(O)C(O)=CCNC(=O)c2cccc(c2)C(=O)N2CCCCC2CCC1
-82.3,-8.03,-10.4,yellow,0,CC1CCC(N2CCC3C(O)=CC4Cc5ccccc5N(C2=O)C43)C1(C)C
-83.1,-8.41,-10.91,yellow,0,CCCC1CC(C)(C)Oc2c3c4c(c(=O)n21)C(O)CC(O)C4C1=CC=CCC1=C3
-83.6,-8.36,-10.87,yellow,0,O=C(O)c1cc(O)c2c3c1CCN1CCCc4cc5ccccc5c(c4C3=N1)CO2
-83.9,-8.11,-10.54,yellow,0,Cc1cc(CC(=O)N2CCCC2)c2c(c1O)C=CC(c1cc(O)ccc1F)O2
-83.9,-6.78,-10.19,yellow,0,O=C1NC(=O)N2CC1=CCCCOCC1CCCCN1C(=O)c1cccc(c1)C2
-84.2,-7.35,-10.27,yellow,0,CC1CC2CC3=C4C(=C5CC(C(=O)O)CC6c7c(CO)cc(c2c7N4C56)O1)C=CC3=O
-84.5,-7.14,-10.25,yellow,0,CC1=Cc2ccccc2OC(O)c2cccc3c2CC(CCC1)NC3
-84.7,-7.84,-10.45,green,0,CC1C(=O)NC2C=CC=CC2=NCCCc2ccccc2OC(=O)N1C
-85.4,-7.64,-10.42,green,0,CC1C(=O)N2C3C=C(C=CC3=C3CN(C)CCC32)c2ccccc2OC(=O)N1C
-86.4,-7.18,-10.33,green,0,CN1C(=O)c2ccc(C3CCNC3=O)c3c4c(c(n23)-c2cc(CO)ccc21)COCC4
-87.0,-8.09,-10.8,yellow,0,CC1C(=O)N2c3cc(ccc3C3CCCCC32)-c2ccccc2OC(=O)N1C
-87.0,-7.96,-10.69,yellow,0,Cc1cccc2cc3c(cc12)CC(O)CCOC(=O)CCCN(C)C(=O)N3
-87.1,-7.72,-10.54,green,0,Cc1ccc2c3c1C(=O)N(C)CCC(=O)NC(CO)CC(O3)c1ccccc1-2
-87.5,-7.51,-10.51,yellow,0,CCC1Oc2cc(C)c(C(=O)O)c3cccc(c23)OC2=CCC=C3C(=O)C=C1C23
-87.8,-7.3,-10.44,yellow,0,CC1CCC2CN(CCC2C)C(=O)CCC(=O)Nc2cccc3c(O)cc1cc23
-87.8,-8.03,-10.82,yellow,0,CC1C(=O)NC2C=CC(C(=O)O)=CC2=NCCCc2ccccc2OC(=O)N1C
-88.1,-8.22,-11.25,yellow,0,O=C(O)Cn1c(=O)c2cc3c(cccc31)-c1cccc(c1)C(=O)N1CCC(C=CC=CC2)C1
-88.5,-7.55,-10.59,yellow,0,CCc1cc2c3c(c1)CCC(=O)NCCC(=O)N1CCCCC1CC(=C2)O3
-88.8,-7.33,-10.51,green,0,O=C1NC(=O)N2Cc3cccc(c3)C(=O)N3CCCCC3COCCCC1C2
-90.4,-6.99,-10.54,yellow,0,Cc1ccc2cc1C(=O)N1CCC(C1)C(=O)NC1CCC(CC=Cc3cocc3-2)C1
-90.5,-8.2,-12.05,yellow,0,CN1CC2c3c(ccc4cccc(c34)N3C(=O)CC(N4CCCCC4=O)CC23)C1=O
-91.3,-7.88,-11.13,red,0,Cc1cc2cc(c1)C1CCCN(C1)C(=O)c1ccc3c(C(=O)O)cnc(c3c1)CCC2
-91.4,-7.69,-10.94,yellow,0,CC1C(=O)N2c3cc(ccc3C3CC(C)(C)CC32)-c2ccccc2OC(=O)N1C
-92.7,-7.89,-11.52,yellow,0,CCC1c2cccc3c2C2N(CC(=C4C=CC=C(C)C4)CN2C(=O)N1C)C3=O
-93.8,-7.12,-10.9,yellow,0,CCC1CC2CC(=O)OCCC(C)(C)CC(=O)CNC(=O)c3cccc1c3O2
-94.3,-7.75,-11.67,yellow,0,CC1C(=O)N2C3C=C(C=CC3=C3CC(C)(C)CCC32)c2ccccc2OC(=O)N1C
-95.0,-6.72,-10.91,yellow,0,CCC1C(=O)C2=Cc3c(cccc31)NC(=O)Cc1cccc(c1)CC(=O)N=CC2O
-95.4,-6.99,-11.03,green,0,CN1CCC(=O)N2CCC(Cc3cc4c5c(ccc(O)c5c3)CCC4C1=O)C2
-96.8,-7.29,-11.62,yellow,0,O=C(O)CN1CC2=Cc3c(cccc31)-c1cccc(c1)C(=O)N1C=C(CCCC2)C(=O)CC1
-98.6,-6.66,-11.58,yellow,0,CC12CCCN(C1)C(=O)c1ccc3c(C(=O)O)cnc(c3c1)CC(O)c1cccc2c1
