smiles,来源runs,qed,sa,mw,logp,tpsa,hbd,hba,rings,murcko_scaffold,pdbqt_ready
C=C(C)c1c(O)c(C(N)=O)cc(C2CCC(N(CCC)CCc3ccccc3)C2)c1O,batch_18,0.5406,3.51,422.57,4.821,86.79,3,4,3,c1ccc(CCNC2CCC(c3ccccc3)C2)cc1,True
C=C(C)c1cc(C(=O)O)c(O)c2c1Oc1ccccc1CC2,batch_22,0.8782,2.718,296.32,4.014,66.76,2,3,3,c1ccc2c(c1)CCc1ccccc1O2,True
C=C(NC(=O)C1CCC(C)(C(=O)C2CCCCC2)C1)c1ccccc1,batch_23,0.8428,3.461,339.48,4.729,46.17,1,2,3,C=C(NC(=O)C1CCC(C(=O)C2CCCCC2)C1)c1ccccc1,True
C=C(NCCc1cc(OC)c2c(c1)C(O)CCO2)c1ccccc1,batch_23,0.8554,2.948,325.41,3.314,50.72,2,4,3,C=C(NCCc1ccc2c(c1)CCCO2)c1ccccc1,True
C=C(c1cc(C)cc(C(=O)Nc2ccnc3c2CC(C)CN3C)c1)C(F)(F)F,batch_16,0.8166,3.4,389.42,4.846,45.23,1,3,3,O=C(Nc1ccnc2c1CCCN2)c1ccccc1,True
C=C1C(C)OCCN1C(=O)CCC1CCCCC1(C)CCCC,batch_20,0.6951,4.15,321.51,4.914,29.54,0,2,2,C=C1COCCN1C(=O)CCC1CCCCC1,True
C=C1CC(CCO)CN1C(=O)CCC(C)(C)C1(C)CCCC1,batch_14,0.8017,3.966,307.48,4.118,40.54,1,2,2,C=C1CCCN1C(=O)CCCC1CCCC1,True
C=C1CCC(O)C(C(C)O)N1Cc1cc(C(=O)O)cc(C(C)(C)C)c1,batch_1,0.7802,3.864,347.46,2.902,81.0,3,4,2,C=C1CCCCN1Cc1ccccc1,True
C=C1CCN(CC)C(=O)CCOc2cc(C(C)(C)C)cc(OC)c2CCO1,batch_4,0.7812,3.411,375.51,4.087,48.0,0,4,2,C=C1CCNC(=O)CCOc2ccccc2CCO1,True
C=C1CN(Cc2cc(C)c(F)c(C(=O)NC(C)C(C)(C)C)c2)CCN1C,batch_12,0.8906,3.372,361.51,3.56,35.58,1,3,2,C=C1CN(Cc2ccccc2)CCN1,True
C=C1OCc2cc(OC)c(O)c(OC)c2OCCC2NC(C)C(C)N=C12,batch_29,0.8409,4.893,362.43,2.412,81.54,2,7,3,C=C1OCc2ccccc2OCCC2NCCN=C12,True
C=C1Oc2c(c(C)cc(O)c2CCC(C)(C)CCC(=O)O)C=C1CO,batch_27,0.6988,3.453,346.42,3.806,86.99,3,4,2,C=C1C=Cc2ccccc2O1,True
C=CNCc1ccccc1C=C1Cc2ccccc2CN1CCO,batch_6,0.857,2.989,320.44,3.311,35.5,2,3,3,C(=C1Cc2ccccc2CN1)c1ccccc1,True
CC(=O)C1=NC(=O)CN(C(=O)c2cc(C#N)c(O)c(C(C)C)c2)CC1,batch_2,0.9008,3.027,341.37,1.79,110.83,1,5,2,O=C1CN(C(=O)c2ccccc2)CCC=N1,True
CC(=O)N(C)Cc1cnccc1NC(=O)c1cc(C)cc(C(O)C(F)(F)F)c1,batch_16,0.8145,3.081,395.38,3.216,82.53,2,4,2,O=C(Nc1ccncc1)c1ccccc1,True
CC(=O)N(CC(C)C)c1ccc2c(c1)C1CCCCC1CC2CO,batch_7,0.8864,3.655,329.48,4.449,40.54,1,2,3,c1ccc2c(c1)CCC1CCCCC21,True
CC(=O)N1C(=O)c2cc(O)cc(C(C)(C)C)c2Oc2cc(C)c(C)cc21,batch_28,0.7512,2.802,353.42,4.606,66.84,1,4,3,O=C1Nc2ccccc2Oc2ccccc21,True
CC(=O)N1CCC(NC(=O)C2CC=CC=C2c2ccccc2)CC1,batch_16,0.9293,2.953,324.42,2.773,49.41,1,2,3,O=C(NC1CCNCC1)C1CC=CC=C1c1ccccc1,True
CC(=O)N1CCCC2Oc3cc(O)cc(-c4cccc(C)c4)c3C2CC1,batch_17,0.8357,3.24,351.45,4.245,49.77,1,3,4,c1ccc(-c2cccc3c2C2CCNCCCC2O3)cc1,True
CC(=O)N1CCN(C(=O)CCc2cc(C(=O)O)cc(C(F)(F)F)c2)CC1,batch_24,0.8773,2.175,372.34,2.027,77.92,1,3,2,O=C(CCc1ccccc1)N1CCNCC1,True
CC(=O)N1CCN(C(=O)Cc2ccccc2-c2ccccc2)CC1,batch_25,0.8713,1.799,322.41,2.587,40.62,0,2,3,O=C(Cc1ccccc1-c1ccccc1)N1CCNCC1,True
CC(=O)N1CCN(Cc2cc(C(=O)O)cc(C(C)(C)C)c2)C(CO)C1,batch_1,0.8657,2.857,348.44,1.707,81.08,2,4,2,c1ccc(CN2CCNCC2)cc1,True
CC(=O)N1CCN(c2ccc3c(c2)C(C)(C)CCC3CO)C(=O)C1,batch_7,0.9024,3.144,330.43,2.029,60.85,1,3,3,O=C1CNCCN1c1ccc2c(c1)CCCC2,True
CC(=O)N1CCN(c2nccc3c(CO)cc(C(C)C)cc23)C(=O)C1,batch_7,0.9271,2.646,341.41,2.046,73.74,1,4,3,O=C1CNCCN1c1nccc2ccccc12,True
CC(=O)NC(=O)NCc1ccccc1-c1ccccc1,batch_25,0.8988,1.723,268.32,2.699,58.2,2,2,2,c1ccc(-c2ccccc2)cc1,True
CC(=O)NC(=O)c1c2c(cc3c1CCC(C)(C)C3)CCCC2,batch_6,0.8641,2.78,299.41,3.357,46.17,1,2,3,c1c2c(cc3c1CCCC3)CCCC2,True
CC(=O)NC(=O)c1c2c(cc3c1CCC(C)C3)CCCC2,batch_6,0.862,3.045,285.39,2.967,46.17,1,2,3,c1c2c(cc3c1CCCC3)CCCC2,True
CC(=O)NC(=O)c1cc(CC(=O)O)cc(S(=O)(=O)c2ccccc2)c1,batch_6,0.8316,2.138,361.38,1.423,117.61,2,5,2,O=S(=O)(c1ccccc1)c1ccccc1,True
CC(=O)NC(=O)c1cc(CC(=O)O)cc(S(=O)(=O)c2ccsc2)c1,batch_6,0.8265,2.546,367.4,1.484,117.61,2,6,2,O=S(=O)(c1ccccc1)c1ccsc1,True
CC(=O)NC(=O)c1cnccc1NC(=O)c1cc(C)cc(C(C)C(F)(F)F)c1,batch_16,0.8311,3.048,393.37,3.584,88.16,2,4,2,O=C(Nc1ccncc1)c1ccccc1,True
CC(=O)NC1CC=Cc2cc(Oc3ccc(CNC(N)=O)c(F)c3)ccc21,batch_24,0.7541,3.121,369.4,3.38,93.45,3,3,3,C1=Cc2cc(Oc3ccccc3)ccc2CC1,True
CC(=O)NC1CC=Cc2cc(Oc3ccc(Cl)c(F)c3)ccc21,batch_24,0.8714,2.994,331.77,4.866,38.33,1,2,3,C1=Cc2cc(Oc3ccccc3)ccc2CC1,True
CC(=O)NC1CCCC(C)C1CC(=O)NC1CCCc2ccccc21,batch_24,0.8795,3.513,342.48,3.511,58.2,2,2,3,O=C(CC1CCCCC1)NC1CCCc2ccccc21,True
CC(=O)NC1CCN(C(=O)c2cc(C(=O)O)cc(C(C)(C)C)c2)CC1,batch_1,0.8799,2.149,346.43,2.423,86.71,2,3,2,O=C(c1ccccc1)N1CCCCC1,True
CC(=O)NCC(C)C(=O)N1Cc2c(ccc(F)c2-c2ccccc2)C(O)C1,batch_19,0.8693,3.286,370.42,2.641,69.64,2,3,3,c1ccc(-c2cccc3c2CNCC3)cc1,True
CC(=O)NCC1CCC(C)CC2(CCCCC2)C1,batch_8,0.7921,3.664,251.41,3.899,29.1,1,1,2,C1CCCC2(CC1)CCCCC2,True
CC(=O)NCCC(=O)N1Cc2c(ccc(F)c2-c2ccccc2)C(O)C1,batch_19,0.8838,2.862,356.4,2.394,69.64,2,3,3,c1ccc(-c2cccc3c2CNCC3)cc1,True
CC(=O)NCCc1c(Cl)cc(C(C)(C)C)cc1CNC(C)(C)C,batch_11,0.8442,2.518,338.92,4.204,41.13,2,2,1,c1ccccc1,True
CC(=O)NCc1ccccc1C=C1Cc2ccccc2CN1CCO,batch_6,0.8826,2.641,336.44,2.714,52.57,2,3,3,C(=C1Cc2ccccc2CN1)c1ccccc1,True
CC(=O)NCc1cnccc1NC(=O)c1cc(C)cc(C(=O)C(F)(F)F)c1,batch_16,0.782,2.462,379.34,3.023,88.16,2,4,2,O=C(Nc1ccncc1)c1ccccc1,True
CC(=O)NCc1cnccc1NC(=O)c1cc(C)cc(C(O)C(F)(F)F)c1,batch_16,0.7428,2.983,381.35,2.874,91.32,3,4,2,O=C(Nc1ccncc1)c1ccccc1,True
CC(C(=O)N1CCCC1C(=O)Nc1cc(Cl)ccc1F)c1ccccc1,batch_17,0.8709,2.692,374.84,4.212,49.41,1,2,3,O=C(Nc1ccccc1)C1CCCN1C(=O)Cc1ccccc1,True
CC(C(=O)N1CCCC1C(=O)Nc1cc(F)ccc1F)c1ccccc1,batch_17,0.906,2.704,358.39,3.698,49.41,1,2,3,O=C(Nc1ccccc1)C1CCCN1C(=O)Cc1ccccc1,True
CC(C(=O)N1CCCC1C(=O)Nc1cccc(Cl)c1)c1ccccc1,batch_17,0.8971,2.6,356.85,4.073,49.41,1,2,3,O=C(Nc1ccccc1)C1CCCN1C(=O)Cc1ccccc1,True
CC(C)(C)C1(C)CC(c2cc(F)cc(C(=O)O)c2)CC1C(=O)O,batch_9,0.8762,3.808,322.38,4.155,74.6,2,2,2,c1ccc(C2CCCC2)cc1,True
CC(C)(C)C1(C)CCC(c2cc(F)cc(C(=O)O)c2)C1,batch_9,0.8398,3.454,278.37,4.844,37.3,1,1,2,c1ccc(C2CCCC2)cc1,True
CC(C)(C)C1CC(O)CN(C(=O)Cc2ccccc2-c2ccccc2)C1,batch_25,0.9023,2.906,351.49,4.152,40.54,1,2,3,O=C(Cc1ccccc1-c1ccccc1)N1CCCCC1,True
CC(C)(C)C1CC2C(CCC2C2OC(=O)CC2C(=O)O)C1CCO,batch_20,0.7701,4.607,338.44,2.71,83.83,2,4,3,O=C1CCC(C2CCC3CCCC32)O1,True
CC(C)(C)C1OCC(O)CC2CCC1(CCN1CCCC(=O)C1)O2,batch_14,0.8537,5.184,339.48,2.155,59.0,1,5,3,O=C1CCCN(CCC23CCC(CCCOC2)O3)C1,True
CC(C)(C)CC(=O)NC(=O)C1CCCC1C1CCCC(O)C1,batch_2,0.8419,3.736,309.45,3.033,66.4,2,3,2,C1CCC(C2CCCC2)CC1,True
CC(C)(C)CC(=O)NC(=O)C1CCCC1C1CCCC1,batch_2,0.8564,3.226,279.42,3.672,46.17,1,2,2,C1CCC(C2CCCC2)C1,True
CC(C)(C)CC(=O)NC(=O)C1CCCC1C1CCCCC1,batch_2,0.8525,3.205,293.45,4.062,46.17,1,2,2,C1CCC(C2CCCC2)CC1,True
CC(C)(C)CC(=O)NC(=O)C1CCCC1CCCO,batch_2,0.8042,3.241,269.38,2.254,66.4,2,3,1,C1CCCC1,True
CC(C)(C)CC(=O)NC(=O)C1CCCC1c1ccccc1,batch_2,0.922,2.92,287.4,3.649,46.17,1,2,2,c1ccc(C2CCCC2)cc1,True
CC(C)(C)CCOc1cc(C(C)(C)C)ccc1OCCC(=O)O,batch_12,0.7934,2.184,322.45,4.653,55.76,1,3,1,c1ccccc1,True
CC(C)(C)Cc1ccc(F)c(S(=O)(=O)N2CCCC2)c1F,batch_5,0.8573,2.456,317.4,3.338,37.38,0,2,2,O=S(=O)(c1ccccc1)N1CCCC1,True
CC(C)(C)Cc1ccc(F)c(S(=O)(=O)N2CCCCC2)c1F,batch_5,0.8462,2.444,331.43,3.728,37.38,0,2,2,O=S(=O)(c1ccccc1)N1CCCCC1,True
CC(C)(C)Cc1ccc(F)c(S(=O)(=O)N2CCCc3ccccc32)c1F,batch_5,0.7755,2.546,379.47,4.695,37.38,0,2,3,O=S(=O)(c1ccccc1)N1CCCc2ccccc21,True
CC(C)(C)NCc1c(F)c(O)c(Cl)c(C(F)(F)F)c1CCCO,batch_11,0.6977,3.155,357.78,4.017,52.49,3,3,1,c1ccccc1,True
CC(C)(C)NCc1c(F)c(O)c2c3c1CNCC3C=CC2=O,batch_11,0.7848,4.03,304.37,2.359,61.36,3,4,3,O=C1C=CC2CNCc3cccc1c32,True
CC(C)(C)NCc1c(F)c(O)c2c3c1CNCC3CCC2=O,batch_11,0.7858,3.761,306.38,2.583,61.36,3,4,3,O=C1CCC2CNCc3cccc1c32,True
CC(C)(C)c1cc(C(=O)O)c2c(c1)-c1ccccc1CN2,batch_1,0.8201,2.447,281.36,4.275,49.33,2,2,3,c1ccc2c(c1)CNc1ccccc1-2,True
CC(C)(C)c1cc(C(=O)O)cc(-c2ccc(O)cc2)c1,batch_1;batch_24,0.8649,1.88,270.33,4.055,57.53,2,2,2,c1ccc(-c2ccccc2)cc1,True
CC(C)(C)c1cc(C(=O)O)cc(-c2cccc(OC3CCCC3N)c2)c1,batch_1,0.8419,3.03,353.46,4.608,72.55,2,3,3,c1ccc(-c2cccc(OC3CCCC3)c2)cc1,True
CC(C)(C)c1cc(C(=O)O)cc(-c2cccc(OC3CCOC3)c2)c1,batch_1,0.8891,2.696,340.42,4.517,55.76,1,3,3,c1ccc(-c2cccc(OC3CCOC3)c2)cc1,True
CC(C)(C)c1cc(C(=O)O)cc(-c2ccccc2)c1,batch_1;batch_24,0.8647,1.704,254.33,4.349,37.3,1,1,2,c1ccc(-c2ccccc2)cc1,True
CC(C)(C)c1cc(C(=O)O)cc(C(=O)N2CCC(C(=O)O)CC2)c1,batch_1,0.8864,2.073,333.38,2.619,94.91,2,3,2,O=C(c1ccccc1)N1CCCCC1,True
CC(C)(C)c1cc(C(=O)O)cc(C(=O)N2CCC(CO)OC2CO)c1,batch_1,0.7529,3.472,351.4,1.224,107.3,3,5,2,O=C(c1ccccc1)N1CCCOC1,True
CC(C)(C)c1cc(C(=O)O)cc(C(=O)N2CCC3(C)CCCC3C2)c1,batch_1,0.8691,3.248,343.47,4.335,57.61,1,2,3,O=C(c1ccccc1)N1CCC2CCCC2C1,True
CC(C)(C)c1cc(C(=O)O)cc(C(=O)N2CCC3CCC(C)(C)C3C2)c1,batch_1,0.8426,3.243,357.49,4.581,57.61,1,2,3,O=C(c1ccccc1)N1CCC2CCCC2C1,True
CC(C)(C)c1cc(C(=O)O)cc(C(=O)N2CCCC3CCC2CC3)c1,batch_1,0.8613,3.065,343.47,4.477,57.61,1,2,4,O=C(c1ccccc1)N1CCCC2CCC1CC2,True
CC(C)(C)c1cc(C(=O)O)cc(C(=O)N2CCCCC2)c1,batch_1,0.9084,1.933,289.38,3.308,57.61,1,2,2,O=C(c1ccccc1)N1CCCCC1,True
CC(C)(C)c1cc(C(=O)O)cc(C(=O)N2CCOCC2)c1,batch_1,0.9064,2.026,291.35,2.155,66.84,1,3,2,O=C(c1ccccc1)N1CCOCC1,True
CC(C)(C)c1cc(C(=O)O)cc(C(=O)NCC2CCC(C(N)=O)C2)c1,batch_1,0.7597,2.999,346.43,2.314,109.49,3,3,2,O=C(NCC1CCCC1)c1ccccc1,True
CC(C)(C)c1cc(CCC(=O)O)cc(C(=O)O)c1,batch_9,0.8611,1.947,250.29,2.7,74.6,2,2,1,c1ccccc1,True
CC(C)(C)c1cc(CN2CCCC(=O)C(CC(=O)O)C2)cc(C(=O)O)c1,batch_1,0.8372,2.899,361.44,2.938,94.91,2,4,2,O=C1CCCN(Cc2ccccc2)CC1,True
CC(C)(C)c1cc(CN2CCCC(=O)C3CC(O)CC32)cc(C(=O)O)c1,batch_1,0.8674,3.57,359.47,2.987,77.84,2,4,3,O=C1CCCN(Cc2ccccc2)C2CCCC12,True
CC(C)(C)c1cc(Cl)c(OCCO)c(OCc2ccccc2)c1,batch_12,0.8395,1.979,334.84,4.588,38.69,1,3,2,c1ccc(COc2ccccc2)cc1,True
CC(C)(C)c1cc(Cl)c2c(c1)OCCCCNC2=O,batch_4,0.7898,2.952,281.78,3.54,38.33,1,2,2,O=C1NCCCCOc2ccccc21,True
CC(C)(CC(=O)NC1C=CC2=CCC3C=CC=C3C21)c1ccc2ccccn2c1=O,batch_18,0.8437,4.603,398.51,4.081,50.58,1,2,5,O=C(CCc1ccc2ccccn2c1=O)NC1C=CC2=CCC3C=CC=C3C21,True
CC(C)(CC(=O)NC1C=CC2=CCc3ccccc3C21)c1ccc2ccccn2c1=O,batch_18,0.6977,4.019,410.52,4.288,50.58,1,2,5,O=C(CCc1ccc2ccccn2c1=O)NC1C=CC2=CCc3ccccc3C21,True
CC(C)(CC(=O)NC1C=Cc2c(CO)cc(Cl)cc21)c1ccc2ccccn2c1=O,batch_18,0.6525,3.796,422.91,3.997,70.81,2,3,4,O=C(CCc1ccc2ccccn2c1=O)NC1C=Cc2ccccc21,True
CC(C)(CCC(=O)N1CCC(CO)C1)C(C)(C)CC(=O)O,batch_14,0.7547,3.26,299.41,2.134,77.84,2,3,1,C1CCNC1,True
CC(C)(CCC(=O)N1CCC2CC(=O)CCC21)C1(C)CCC2CCCC21,batch_14,0.7098,4.4,359.55,4.979,37.38,0,2,4,O=C1CCC2C(CCN2C(=O)CCCC2CCC3CCCC23)C1,True
CC(C)(CCC(=O)N1CCC2CC(O)CCC21)C1(C)CCC2CCCC21,batch_14,0.7833,4.466,361.57,4.771,40.54,1,2,4,O=C(CCCC1CCC2CCCC12)N1CCC2CCCCC21,True
CC(C)(CCC(=O)N1CCCC2(C=COCC2)C1)C1(C)CCCC1,batch_14,0.7309,4.581,333.52,4.916,29.54,0,2,3,O=C(CCCC1CCCC1)N1CCCC2(C=COCC2)C1,True
CC(C)(CCC(=O)N1CCCC2(CCOC2)C1)C1(C)CCCC1,batch_14,0.7677,4.064,321.51,4.402,29.54,0,2,3,O=C(CCCC1CCCC1)N1CCCC2(CCOC2)C1,True
CC(C)(CCC(=O)N1CCCC2(CCOCC2)C1)C1(C)CCCC1,batch_14,0.7389,3.562,335.53,4.792,29.54,0,2,3,O=C(CCCC1CCCC1)N1CCCC2(CCOCC2)C1,True
CC(C)(CCC(=O)N1CCCC2C(O)CCCC21)C1(C)CCCC1,batch_14,0.82,3.927,335.53,4.525,40.54,1,2,3,O=C(CCCC1CCCC1)N1CCCC2CCCCC21,True
CC(C)(CCC1CCC(O)C2(CCCC2)C1)C(=O)O,batch_23,0.8187,4.106,268.4,3.599,57.53,2,2,2,C1CCC2(CC1)CCCC2,True
CC(C)(O)CCC(C)(C)C1C=Cn2c(cccc2=O)C1,batch_23,0.9173,4.076,275.39,3.069,42.23,1,2,2,O=c1cccc2n1C=CCC2,True
CC(C)=C(c1cc(C)cc(C(N)=O)c1)C(F)(F)F,batch_13,0.8659,2.673,257.25,3.45,43.09,1,1,1,c1ccccc1,True
CC(C)C(C)(C)NC(=O)c1cc(F)cc(C#N)c1F,batch_12,0.9139,2.757,266.29,3.001,52.89,1,2,1,c1ccccc1,True
CC(C)C(C)NC(=O)c1cc(F)cc(C#N)c1F,batch_12,0.8985,2.851,252.26,2.611,52.89,1,2,1,c1ccccc1,True
CC(C)C1CC(O)C(=O)C(CCN2C(=O)N(C)C(O)CC2C(F)(F)F)C1,batch_27,0.7817,4.797,380.41,1.995,81.08,2,4,2,O=C1CCCCC1CCN1CCCNC1=O,True
CC(C)C1CCC(=O)C(CCN2C(=O)CCC3(CCCC3)C2CO)C1,batch_27,0.8255,4.578,349.52,3.562,57.61,1,3,3,O=C1CCCCC1CCN1CC2(CCCC2)CCC1=O,True
CC(C)C1CCC(=O)C(CCN2C(=O)N(C)C(=O)C(C)C2C(=O)O)C1,batch_27,0.8164,4.208,352.43,2.001,94.99,1,4,2,O=C1CCN(CCC2CCCCC2=O)C(=O)N1,True
CC(C)C1CCC(=O)C(CCN2C(=O)N(C)C(=O)C(C)C2CO)C1,batch_27,0.8305,4.196,338.45,1.909,77.92,1,4,2,O=C1CCN(CCC2CCCCC2=O)C(=O)N1,True
CC(C)C1CCC(=O)C(CCN2C(=O)N(C)C(=O)C(N)C2C(F)(F)F)C1,batch_27,0.8139,4.401,377.41,2.17,83.71,1,4,2,O=C1CCN(CCC2CCCCC2=O)C(=O)N1,True
CC(C)C1CCC(=O)C(CCn2c(=O)c(C(=O)O)c3n(c2=O)CCC3)C1,batch_27,0.8593,3.63,362.43,1.686,98.37,1,4,3,O=C1CCCCC1CCn1c(=O)cc2n(c1=O)CCC2,True
CC(C)C1CCC(=O)C(CCn2c(=O)c(CO)c3n(c2=O)CC=C3)C1,batch_27,0.8772,4.0,346.43,1.561,81.3,1,4,3,O=C1CCCCC1CCn1c(=O)cc2n(c1=O)CC=C2,True
CC(C)C1CCC(=O)C(CCn2c(=O)c(CO)c3n(c2=O)CCC3)C1,batch_27,0.8738,3.715,348.44,1.48,81.3,1,4,3,O=C1CCCCC1CCn1c(=O)cc2n(c1=O)CCC2,True
CC(C)C1CCC(NC(=O)C2CC=CC=C2c2ccccc2)C(=O)N1,batch_16,0.8863,3.783,338.45,3.066,58.2,2,2,3,O=C1NCCCC1NC(=O)C1CC=CC=C1c1ccccc1,True
CC(C)C1CN(Cc2cc(C(=O)O)cc(C(C)(C)C)c2)CCCC1=O,batch_1,0.8917,2.894,345.48,4.119,57.61,1,3,2,O=C1CCCN(Cc2ccccc2)CC1,True
CC(C)CC(=O)NC(=O)CC1(C)CC(C)CC2CCCCC21,batch_3,0.841,3.934,307.48,4.308,46.17,1,2,2,C1CCC2CCCCC2C1,True
CC(C)CCC(C)COC(Cc1ccc(C(=O)O)cc1)C(=O)O,batch_18,0.6889,2.919,322.4,3.469,83.83,2,3,1,c1ccccc1,True
CC(C)CCC(CC(=O)O)C1CCCC1C(=O)NC(=O)CC(C)(C)C,batch_2,0.6904,3.771,353.5,4.009,83.47,2,3,1,C1CCCC1,True
CC(C)CCC(CN1CC2=Cc3ccccc3CN2C1=O)C(=O)O,batch_21,0.8702,3.449,328.41,3.416,60.85,1,2,3,O=C1NCC2=Cc3ccccc3CN12,True
CC(C)CCC(CN1CC2Cc3ccccc3CN2C1=O)C(=O)O,batch_21,0.8721,3.41,330.43,2.986,60.85,1,2,3,O=C1NCC2Cc3ccccc3CN12,True
CC(C)CCC(CN1CCC(C)(C)CC1)C(=O)O,batch_21,0.7918,2.903,255.4,3.245,40.54,1,2,1,C1CCNCC1,True
CC(C)CCC(CN1CCC(C)(C)CC1CO)C(=O)O,batch_21,0.7546,3.516,285.43,2.606,60.77,2,3,1,C1CCNCC1,True
CC(C)CCC(CNC(=O)N(C)Cc1ccccc1)C(=O)O,batch_21,0.7755,2.544,306.41,2.965,69.64,2,2,1,c1ccccc1,True
CC(C)CCC(CNC(=O)N(C)Cc1ccccc1F)C(=O)O,batch_21,0.7718,2.686,324.4,3.104,69.64,2,2,1,c1ccccc1,True
CC(C)CCC(CNC(=O)N1CC(=O)c2ccccc2C1)C(=O)O,batch_21,0.8379,2.896,332.4,2.532,86.71,2,3,2,O=C1CNCc2ccccc21,True
CC(C)CCC(CNC(=O)N1Cc2ccccc2C(O)C1)C(=O)O,batch_21,0.7449,3.229,334.42,2.382,89.87,3,3,2,c1ccc2c(c1)CCNC2,True
CC(C)CCCC(=O)N1CCN(CC(CCC(C)C)C(=O)O)CC1,batch_21,0.6637,2.758,340.51,3.094,60.85,1,3,1,C1CNCCN1,True
CC(C)CCNC(=O)CCC1CCCCC1CCO,batch_20,0.7111,2.99,269.43,3.118,49.33,2,2,1,C1CCCCC1,True
CC(C)CN(C(=O)C(F)(F)F)c1ccc2c(c1)-c1ccccc1CC2CO,batch_7,0.8501,3.134,377.41,4.537,40.54,1,2,3,c1ccc2c(c1)CCc1ccccc1-2,True
CC(C)COC(=O)CC(O)c1ccc2c(c1)CCCC2(C)C(=O)O,batch_8,0.7814,3.413,334.41,2.988,83.83,2,4,2,c1ccc2c(c1)CCCC2,True
CC(C)N1CCN(C(=O)CCc2cc(C(=O)O)cc(C(F)(F)F)c2)CC1,batch_24,0.8635,2.223,372.39,2.889,60.85,1,3,2,O=C(CCc1ccccc1)N1CCNCC1,True
CC(C)NC(=O)C(c1ccccc1)c1ccc(CN2CCCC2)cc1,batch_23,0.8665,2.329,336.48,3.939,32.34,1,2,3,c1ccc(Cc2ccc(CN3CCCC3)cc2)cc1,True
CC(C)NC(=O)C(c1ccccc1)c1ccc(Cl)cc1,batch_23,0.9048,2.173,287.79,3.997,29.1,1,1,2,c1ccc(Cc2ccccc2)cc1,True
CC(C)NC(=O)C(c1ccccc1)c1cccc(F)c1,batch_23,0.9059,2.268,271.34,3.482,29.1,1,1,2,c1ccc(Cc2ccccc2)cc1,True
CC(C)NCCC(=O)N1Cc2c(ccc(F)c2-c2ccccc2)C(O)C1,batch_19,0.8646,2.922,356.44,3.256,52.57,2,3,3,c1ccc(-c2cccc3c2CNCC3)cc1,True
CC(C)OC(CCC1CCCC(C(=O)O)C1C)C(O)C(C)(C)C,batch_14,0.738,4.241,328.49,4.104,66.76,2,3,1,C1CCCCC1,True
CC(C)OC(CCC1CCCC2C(=O)NCCC12)C(O)C(C)(C)C,batch_14,0.7783,4.415,339.52,3.52,58.56,2,3,2,O=C1NCCC2CCCCC12,True
CC(C)Oc1ccc2c(c1NC(=O)O)OC=CC2NC(=O)C(F)F,batch_5,0.7644,3.79,342.3,2.892,96.89,3,4,2,C1=COc2ccccc2C1,True
CC(C)c1cc(C(=O)N2CCCCCCC2)cc(C#N)c1O,batch_2,0.9033,2.274,300.4,3.794,64.33,1,3,2,O=C(c1ccccc1)N1CCCCCCC1,True
CC(C)c1cc(C(=O)N2CCN(c3ccccc3)C(=O)C2)cc(C#N)c1O,batch_2,0.9086,2.416,363.42,2.876,84.64,1,4,3,O=C(c1ccccc1)N1CCN(c2ccccc2)C(=O)C1,True
CC(C)c1cc(C(=O)N2CCN(c3ccccc3O)CC2)cc(C#N)c1O,batch_2,0.8728,2.373,365.43,3.055,87.8,2,5,3,O=C(c1ccccc1)N1CCN(c2ccccc2)CC1,True
CC(C)c1cc(C(=O)N2CCN=C(C(=O)O)CC2)cc(C#N)c1O,batch_2,0.8767,2.917,329.36,1.759,113.99,2,5,2,O=C(c1ccccc1)N1CCC=NCC1,True
CC(C)c1cc(C(=O)NCc2ccccc2)cc(C#N)c1O,batch_2,0.9081,2.084,294.35,3.317,73.12,2,3,2,O=C(NCc1ccccc1)c1ccccc1,True
CC(C)c1cc(C(=O)O)c(O)c2c1Oc1ccccc1CC2,batch_22,0.8754,2.552,298.34,4.105,66.76,2,3,3,c1ccc2c(c1)CCc1ccccc1O2,True
CC(C)c1cc(CO)c2ccnc(N3CC4C(=O)CCC(C)(C)C4C3)c2c1,batch_7,0.8802,3.693,366.51,4.292,53.43,1,4,4,O=C1CCCC2CN(c3nccc4ccccc34)CC12,True
CC(C)c1cc(CO)c2ccnc(N3CC4C(=O)CCC(C)C4C3)c2c1,batch_7,0.9101,3.785,352.48,3.902,53.43,1,4,4,O=C1CCCC2CN(c3nccc4ccccc34)CC12,True
CC(C)c1cc(CO)c2ccnc(N3CCC(C)(C)CC3=O)c2c1,batch_7,0.9272,2.786,326.44,4.004,53.43,1,3,3,O=C1CCCCN1c1nccc2ccccc12,True
CC(C)c1cc(CO)c2ccnc(N3CCC(CC(=O)O)CC3)c2c1,batch_7,0.8692,2.492,342.44,3.542,73.66,2,4,3,c1ccc2c(N3CCCCC3)nccc2c1,True
CC(C)c1cc(CO)c2ccnc(N3CCN(C)CC3=O)c2c1,batch_7,0.943,2.667,313.4,2.129,56.67,1,4,3,O=C1CNCCN1c1nccc2ccccc12,True
CC(C)c1ccc(C2C(CCO)C(=O)N3CCCCC23)cc1CC(=O)O,batch_9,0.8186,3.699,359.47,2.914,77.84,2,3,3,O=C1CC(c2ccccc2)C2CCCCN12,True
CC(C)c1ccc(C2C(CO)C(=O)N3CCCCC23)cc1CC(=O)O,batch_9,0.8595,3.664,345.44,2.524,77.84,2,3,3,O=C1CC(c2ccccc2)C2CCCCN12,True
CC(C)c1ccc(Oc2cccc(OCC(=O)O)c2)cc1CC(=O)O,batch_9,0.7584,2.142,344.36,3.693,93.06,2,4,2,c1ccc(Oc2ccccc2)cc1,True
CC(C)c1ccc(Oc2cccc3c2OCCO3)cc1CC(=O)O,batch_9,0.8985,2.357,328.36,4.001,64.99,1,4,3,c1ccc(Oc2cccc3c2OCCO3)cc1,True
CC(C)c1ccc(Oc2ccccc2C(=O)O)cc1CC(=O)O,batch_9,0.8437,2.059,314.34,3.928,83.83,2,3,2,c1ccc(Oc2ccccc2)cc1,True
CC(CC(=O)O)CC1CC2C(=C(O)C=CC2(C)C)C(=O)N(C)C1,batch_8,0.8342,4.373,321.42,2.99,77.84,2,3,2,O=C1NCCCC2CC=CC=C12,True
CC(CCC(=O)N1C=CC(N)=C2CC=CC=C21)CC1CCCCC1,batch_3,0.7896,3.915,326.48,4.786,46.33,1,2,3,O=C(CCCCC1CCCCC1)N1C=CC=C2CC=CC=C21,True
CC(CCC(C)(C)C)COC(Cc1ccc(C(=O)O)cc1)C(=O)O,batch_18,0.7152,3.04,336.43,3.86,83.83,2,3,1,c1ccccc1,True
CC(CCN(C)C(=O)O)CNC(=O)C1CC=CC=C1c1ccccc1,batch_16,0.7978,3.488,342.44,3.398,69.64,2,2,2,C1=CCCC(c2ccccc2)=C1,True
CC(CCN(C)C)CNC(=O)C1CC=CC=C1c1ccccc1,batch_16,0.8372,3.36,312.46,3.35,32.34,1,2,2,C1=CCCC(c2ccccc2)=C1,True
CC(CCNC(=O)O)CNC(=O)C1CC=CC=C1c1ccccc1,batch_16,0.7196,3.385,328.41,3.056,78.43,3,2,2,C1=CCCC(c2ccccc2)=C1,True
CC(CO)CCC(=O)NC(=O)C1CCC(C)(C(=O)C2CCCCC2)C1,batch_23,0.7384,3.786,351.49,2.994,83.47,2,4,2,O=C(C1CCCCC1)C1CCCC1,True
CC(CO)CCC(C)CCCC(=O)NCCc1ccccc1,batch_10,0.6565,2.746,305.46,3.56,49.33,2,2,1,c1ccccc1,True
CC(F)=C(c1cc(C)cc(C(N)=O)c1)C(F)(F)F,batch_13,0.8149,2.815,261.22,3.357,43.09,1,1,1,c1ccccc1,True
CC(NC(=O)c1cc(C(=O)O)cc(C(C)(C)C)c1)=C1C=CC=CC1,batch_1,0.8749,2.881,325.41,4.202,66.4,2,2,2,O=C(NC=C1C=CC=CC1)c1ccccc1,True
CC(O)C1=NC(=O)CN(C(=O)c2cc(C#N)c(O)c(C(C)C)c2)CC1,batch_2,0.8647,3.583,343.38,1.582,113.99,2,5,2,O=C1CN(C(=O)c2ccccc2)CCC=N1,True
CC(O)C1CC(C)(C)CN1C(=O)Cc1ccccc1-c1ccccc1,batch_25,0.9189,3.138,337.46,3.904,40.54,1,2,3,O=C(Cc1ccccc1-c1ccccc1)N1CCCC1,True
CC(O)C1CCCN(C(=O)CC2CC3CCC(C)(C3)C2(C)C)C1,batch_14,0.8575,4.951,321.51,3.848,40.54,1,2,3,O=C(CC1CC2CCC(C2)C1)N1CCCCC1,True
CC(O)CCNC(=O)CCC1CCCCC12CCCC2C,batch_20,0.7856,4.185,295.47,3.65,49.33,2,2,2,C1CCC2(CC1)CCCC2,True
CC1(C(=O)C2CCCCC2)CCC(C(=O)n2cccc2)C1,batch_23,0.8398,3.691,287.4,4.084,39.07,0,2,3,O=C(C1CCCCC1)C1CCC(C(=O)n2cccc2)C1,True
CC1(C(=O)C2CCCCC2)CCC(C(=O)n2ccccc2=O)C1,batch_23,0.8582,3.603,315.41,3.444,56.14,0,3,3,O=C(C1CCCCC1)C1CCC(C(=O)n2ccccc2=O)C1,True
CC1(C(=O)C2CCCCC2)CCC(CC(=O)O)C1,batch_23,0.8337,3.418,252.35,3.417,54.37,1,2,2,O=C(C1CCCCC1)C1CCCC1,True
CC1(C(=O)O)CCCN(C(=O)CCC(C)(C)C2(C)CCCC2)C1,batch_14,0.8289,3.462,323.48,4.086,57.61,1,2,2,O=C(CCCC1CCCC1)N1CCCCC1,True
CC1(C(=O)O)CCN(C(=O)c2cc(C(=O)O)cc(C(C)(C)C)c2)CC1,batch_1,0.8762,2.337,347.41,3.009,94.91,2,3,2,O=C(c1ccccc1)N1CCCCC1,True
CC1(C)C(=O)CC(C(=O)O)N1C(=O)Cc1ccccc1-c1ccccc1,batch_25,0.919,2.91,351.4,2.929,74.68,1,3,3,O=C1CCN(C(=O)Cc2ccccc2-c2ccccc2)C1,True
CC1(C)CC(C(=O)NCC(=O)O)CC2CCCCC21C,batch_3,0.8356,3.681,281.4,2.82,66.4,2,2,2,C1CCC2CCCCC2C1,True
CC1(C)CC(C(=O)O)N(C(=O)Cc2ccccc2-c2ccccc2)C1,batch_25,0.9271,2.668,337.42,3.608,57.61,1,2,3,O=C(Cc1ccccc1-c1ccccc1)N1CCCC1,True
CC1(C)CC(NC(=O)C23CCCC2C(CCO)CC3)c2cc(F)ccc21,batch_2,0.8445,4.116,359.49,4.243,49.33,2,2,4,O=C(NC1CCc2ccccc21)C12CCCC1CCC2,True
CC1(C)CC=COC(=O)NCCc2c(Cl)cc(C(C)(C)C)cc2CN1,batch_11,0.7016,3.882,364.92,4.692,50.36,2,3,2,O=C1NCCc2ccccc2CNCCC=CO1,True
CC1(C)CCC(=O)N(c2ccc3c(c2)C(C)(C)CCC3CO)C1,batch_7,0.8963,3.302,315.46,3.987,40.54,1,2,3,O=C1CCCCN1c1ccc2c(c1)CCCC2,True
CC1(C)CCC(CO)c2ccc(N3CCN(c4ccccc4)CC3=O)cc21,batch_7,0.9034,2.993,364.49,3.687,43.78,1,3,4,O=C1CN(c2ccccc2)CCN1c1ccc2c(c1)CCCC2,True
CC1(C)CCC2CCC3(C(=O)O)CC(=O)CC1C23,batch_18,0.7782,4.285,250.34,2.883,54.37,1,2,3,O=C1CC2CCCC3CCC(C1)C32,True
CC1(C)CCCCC12CC(O)CC2CCN1CCCC(CC(=O)O)C1=O,batch_19,0.7821,4.627,365.51,3.447,77.84,2,3,3,O=C1CCCCN1CCC1CCCC12CCCCC2,True
CC1(C)CCCCC1CCC(=O)N1CC=C2C=CCC=C2C1=O,batch_20,0.7841,3.872,313.44,4.165,37.38,0,2,3,O=C(CCC1CCCCC1)N1CC=C2C=CCC=C2C1=O,True
CC1(C)CCCCC1CCC(=O)NC1CCC2CCCCN2C1=O,batch_3,0.8531,3.501,334.5,3.643,49.41,1,2,3,O=C(CCC1CCCCC1)NC1CCC2CCCCN2C1=O,True
CC1(C)CCCCC1CCC(=O)NC1CCC2CCCN2C1=O,batch_3,0.8642,3.517,320.48,3.253,49.41,1,2,3,O=C(CCC1CCCCC1)NC1CCC2CCCN2C1=O,True
CC1(C)CCCCC1CCC(=O)NC1CCCNC1=O,batch_3,0.8304,3.341,280.41,2.378,58.2,2,2,2,O=C(CCC1CCCCC1)NC1CCCNC1=O,True
CC1(C)CCCN(Cc2cc(C(=O)O)cc(C(C)(C)C)c2)CC1,batch_1,0.8786,2.235,317.47,4.694,40.54,1,2,2,c1ccc(CN2CCCCCC2)cc1,True
CC1(C)CCN(C(=O)CCc2cc(C(=O)O)cc(C(F)(F)F)c2)C1,batch_24,0.9088,2.385,343.35,3.595,57.61,1,2,2,O=C(CCc1ccccc1)N1CCCC1,True
CC1(C)CCN(C(=O)c2cc(C(=O)O)cc(C(C)(C)C)c2)CC1,batch_1,0.8984,2.219,317.43,3.945,57.61,1,2,2,O=C(c1ccccc1)N1CCCCC1,True
CC1(C)CCc2cc(F)c(O)cc2N1C=CCc1ccccc1CC(=O)O,batch_15,0.8176,3.081,369.44,4.446,60.77,2,3,3,C(=CN1CCCc2ccccc21)Cc1ccccc1,True
CC1(C)CN(C(=O)Cc2ccccc2-c2ccccc2)C2CCSC21,batch_25,0.8029,3.42,351.52,4.639,20.31,0,2,4,O=C(Cc1ccccc1-c1ccccc1)N1CCC2SCCC21,True
CC1(C)CN(C=CCc2ccccc2CC(=O)O)c2ccccc2N1,batch_15,0.8637,2.908,336.44,4.081,52.57,2,3,3,C(=CN1CCNc2ccccc21)Cc1ccccc1,True
CC1(C)CNC(=O)C(NC(=O)C2CC=CC=C2c2ccccc2)C1,batch_16,0.8979,3.67,324.42,2.677,58.2,2,2,3,O=C1NCCCC1NC(=O)C1CC=CC=C1c1ccccc1,True
CC1(C)COc2cc(F)c(O)cc2N1C=CCc1ccccc1CC(=O)O,batch_15,0.8344,3.151,371.41,3.892,70.0,2,4,3,C(=CN1CCOc2ccccc21)Cc1ccccc1,True
CC1(C)NC(=O)c2cc(F)c(O)cc2N1C=CCc1ccccc1CC(=O)O,batch_15,0.7366,3.197,384.41,3.201,89.87,3,4,3,O=C1NCN(C=CCc2ccccc2)c2ccccc21,True
CC1(C)OCc2cc(F)c(O)cc2N1C=CCc1ccccc1CC(=O)O,batch_15,0.8317,3.214,371.41,3.988,70.0,2,4,3,C(=CN1COCc2ccccc21)Cc1ccccc1,True
CC1(C2C(O)CCC(C(=O)O)C2CO)CCCC1,batch_1,0.7172,3.955,256.34,1.647,77.76,3,3,2,C1CCC(C2CCCC2)CC1,True
CC1(CCC(=O)O)CCCCC1CCC(=O)N1CCOC(CO)C1,batch_20,0.7399,3.755,341.45,2.048,87.07,2,4,2,O=C(CCC1CCCCC1)N1CCOCC1,True
CC1(CO)CCCN(C(=O)CCC(C)(C)C(C)(C)C(=O)CCO)C1,batch_14,0.7105,3.639,341.49,2.392,77.84,2,4,1,C1CCNCC1,True
CC1(CO)CCN(C(=O)c2cc(C(=O)O)cc(C(C)(C)C)c2)CC1,batch_1,0.8914,2.421,333.43,2.917,77.84,2,3,2,O=C(c1ccccc1)N1CCCCC1,True
CC1(NC(=O)c2cc(F)cc(C#N)c2F)CCCC1,batch_12,0.8925,2.672,264.27,2.899,52.89,1,2,2,O=C(NC1CCCC1)c1ccccc1,True
CC1(NC(=O)c2cc(F)cc(C#N)c2F)CCCCC1,batch_12,0.9021,2.641,278.3,3.289,52.89,1,2,2,O=C(NC1CCCCC1)c1ccccc1,True
CC1(O)CCCN(C(=O)CCC(C)(C)C(C)(C)c2cccc(Cl)c2)C1,batch_14,0.8138,3.284,365.95,4.797,40.54,1,2,2,O=C(CCCCc1ccccc1)N1CCCCC1,True
CC1(O)CCN(C(=O)c2cc(C(=O)O)cc(C(C)(C)C)c2)CC1,batch_1,0.8783,2.346,319.4,2.669,77.84,2,3,2,O=C(c1ccccc1)N1CCCCC1,True
CC1(O)Cc2ccccc2CC1CCc1cccc(F)c1,batch_1,0.9053,3.06,284.37,3.924,20.23,1,1,3,c1ccc(CCC2CCc3ccccc3C2)cc1,True
CC1(O)Cc2ccccc2CC1CCc1cccc2c1CCO2,batch_1,0.9362,3.398,308.42,3.72,29.46,1,2,4,c1ccc2c(c1)CCC(CCc1cccc3c1CCO3)C2,True
CC1(c2cc(C3CCC4CCNCC43)ccc2C(=O)O)CCCC1,batch_1,0.869,3.733,327.47,4.32,49.33,2,2,4,c1cc(C2CCCC2)cc(C2CCC3CCNCC32)c1,True
CC1(c2cc(F)cc(C(=O)O)c2)CC(=O)N2CCOc3cccc1c32,batch_9,0.9119,3.253,341.34,2.959,66.84,1,3,4,O=C1CC(c2ccccc2)c2cccc3c2N1CCO3,True
CC1(c2cc(O)cc(CCC(=O)O)c2)CCCCC1,batch_24,0.8707,2.44,262.35,3.631,57.53,2,2,2,c1ccc(C2CCCCC2)cc1,True
CC1(c2cc(O)cc(CCCC(=O)N3CCCC(N)C3)c2)CCCCC1,batch_24,0.8391,3.083,358.53,3.886,66.56,2,3,3,O=C(CCCc1cccc(C2CCCCC2)c1)N1CCCCC1,True
CC1(c2ccc3c(c2)OCC(=O)N2CCC(COCCO3)C2)CCCC1,batch_29,0.7728,4.432,359.47,3.155,48.0,0,4,4,O=C1COc2cc(C3CCCC3)ccc2OCCOCC2CCN1C2,True
CC1(c2ccc3c(c2)OCC(=O)N2CNC(COCCO3)C2)CCCC1,batch_29,0.8308,4.701,360.45,2.064,60.03,1,5,4,O=C1COc2cc(C3CCCC3)ccc2OCCOCC2CN1CN2,True
CC1(c2ccc3c4c2CCN(C(=O)O)C4CC(=O)NC3)CCCC1,batch_29,0.832,3.514,328.41,3.115,69.64,2,2,4,O=C1CC2NCCc3c(C4CCCC4)ccc(c32)CN1,True
CC12CCC(C1)C(=O)C(CC(=O)N1CCCC(CO)C1)C2(C)C,batch_14,0.8692,4.752,321.46,2.639,57.61,1,3,3,O=C1C2CCC(C2)CC1CC(=O)N1CCCCC1,True
CC12CCC(CC(CC(=O)N3CCCC(CO)C3)C1(C)C)C2,batch_14,0.8672,4.708,307.48,3.46,40.54,1,2,3,O=C(CC1CC2CCC(C2)C1)N1CCCCC1,True
CC12CCC3C(=O)CCC31CC(NC(=O)C13CCCC1C1CCOC1C3)C2,batch_2,0.8064,5.591,371.52,3.626,55.4,1,3,6,O=C1CCC23CC(NC(=O)C45CCCC4C4CCOC4C5)CC2CCC13,True
CC12CCC3C(O)CCC31CC(NC(=O)C13CCCC1C1CCOC1C3)C2,batch_2,0.7797,5.64,373.54,3.418,58.56,2,3,6,O=C(NC1CC2CCC3CCCC32C1)C12CCCC1C1CCOC1C2,True
CC12CCCC1(O)CC(NC(=O)C13CCCC1C(CCC(N)=O)CC3)C2,batch_2,0.7018,4.702,362.51,2.648,92.42,3,3,4,O=C(NC1CC2CCCC2C1)C12CCCC1CCC2,True
CC12CCCC13CCCCC3CC(C(=O)NCC(=O)O)C2,batch_3,0.8404,4.407,293.41,2.964,66.4,2,2,3,C1CCC23CCCC2CCCC3C1,True
CC12CCCCC1CC(C(=O)NCC(=O)O)=C1CC=CC=C12,batch_3,0.8419,3.908,301.39,2.97,66.4,2,2,3,C1=CCC2=CCC3CCCCC3C2=C1,True
CC12CCCCC1CC(C(=O)NCC(CCCO)OCCO)CC2,batch_3,0.6009,3.936,341.49,2.249,78.79,3,4,2,C1CCC2CCCCC2C1,True
CC1=C(C(=O)NCC(=O)NCC(C)(C)C)CC(C)(C)C=C1,batch_28,0.8364,3.046,292.42,2.567,58.2,2,2,1,C1=CCCC=C1,True
CC1=C(C(=O)NCc2cc(CC(C)O)c(C)cc2C)CC(C)(C)C=C1,batch_28,0.8453,3.508,341.5,4.146,49.33,2,2,2,O=C(NCc1ccccc1)C1=CC=CCC1,True
CC1=C(C(=O)O)C2CCCCC2CC(C(=O)Nc2ccccc2)C1,batch_20,0.8723,3.317,327.42,4.243,66.4,2,2,3,O=C(Nc1ccccc1)C1CC=CC2CCCCC2C1,True
CC1=C(C)C(C)C(N(C)C(=O)NCc2cc(O)c(C)cc2C(C)C)=C1,batch_29,0.8228,3.678,342.48,4.835,52.57,2,2,2,O=C(NCc1ccccc1)NC1=CC=CC1,True
CC1=C2CC(N)C(=O)NC2C2CC3CCC(CC3)C2O1,batch_25,0.7076,5.194,276.38,1.701,64.35,2,3,5,O=C1CCC2=COC3C4CCC(CC4)CC3C2N1,True
CC1=CC(CCNC(=O)O)=C2CC=C(F)C=C2O1,batch_12,0.8102,3.746,251.26,3.016,58.56,2,2,2,C1=CCC2=CC=COC2=C1,True
CC1=CC(CCO)C2CCCc3cc(C(O)C(C)(C)C)cc1c32,batch_8,0.8556,4.063,314.47,4.602,40.46,2,2,3,C1=Cc2cccc3c2C(C1)CCC3,True
CC1=CC2C(=CCC2c2cccc(C(=O)O)c2)C(O)=C1,batch_6,0.8569,3.674,268.31,3.817,57.53,2,2,3,C1=CC2=CCC(c3ccccc3)C2C=C1,True
CC1=CC=C(C(=O)O)C(Cc2cccc(C(=O)O)c2)C1=O,batch_6,0.8838,3.11,286.28,2.083,91.67,2,3,2,O=C1C=CC=CC1Cc1ccccc1,True
CC1C(O)C2CCCC2N1C(=O)Cc1ccccc1-c1ccccc1,batch_25,0.9299,3.459,335.45,3.656,40.54,1,2,4,O=C(Cc1ccccc1-c1ccccc1)N1CCC2CCCC21,True
CC1C=C(C2CC(O)CCC2C)c2ccccc2O1,batch_8,0.8329,3.846,258.36,3.648,29.46,1,2,3,C1=C(C2CCCCC2)c2ccccc2OC1,True
CC1CC(=O)N(CCc2cc(F)cc(-c3cc(C(=O)O)cc(C(F)(F)F)c3)c2)C1,batch_9,0.7335,2.941,409.38,4.621,57.61,1,2,3,O=C1CCCN1CCc1cccc(-c2ccccc2)c1,True
CC1CC(=O)NCc2ccc(C3(C)CCCC3)cc21,batch_29,0.8173,3.274,257.38,3.642,29.1,1,1,3,O=C1CCc2cc(C3CCCC3)ccc2CN1,True
CC1CC(C(=O)NCCC2Cc3ccccc3-c3ccccc32)CC1O,batch_17,0.8792,3.483,349.47,3.907,49.33,2,2,4,O=C(NCCC1Cc2ccccc2-c2ccccc21)C1CCCC1,True
CC1CC(C)(C)CN1c1ccc2c(c1)C1CCCC1CC2CO,batch_7,0.8571,4.098,313.49,4.675,23.47,1,2,4,c1cc2c(cc1N1CCCC1)C1CCCC1CC2,True
CC1CC(C)(C)N(C(=O)CCCO)C1C1=CC(C(F)(F)F)C=C1,batch_8,0.8571,4.53,331.38,3.449,40.54,1,2,2,C1=CC(C2CCCN2)=CC1,True
CC1CC(C)(C)N(C(=O)CCCO)C1c1ccsc1,batch_8,0.9203,3.825,281.42,3.209,40.54,1,3,2,c1cc(C2CCCN2)cs1,True
CC1CC(CC(=O)N(C)C)CCCNCc2ccc(C(C)(C)C)cc2O1,batch_4,0.8625,3.808,360.54,4.119,41.57,1,3,2,c1ccc2c(c1)CNCCCCCCO2,True
CC1CC(CCC(=O)NC(=O)OC(C)C)CC(C(C)C)C1,batch_22,0.8295,3.492,297.44,4.136,55.4,1,3,1,C1CCCCC1,True
CC1CC(CCNC(=O)Cc2ccccc2)CC(C(C)(C)C)C1,batch_27,0.8279,3.153,315.5,4.834,29.1,1,1,2,O=C(Cc1ccccc1)NCCC1CCCCC1,True
CC1CC(CCO)C2CNC(CC(C)(C)c3ccc4n(c3=O)CCN(C)C4=O)CC2C1,batch_18,0.7546,4.689,429.61,2.624,74.57,2,4,4,O=C1NCCn2c1ccc(CCC1CC3CCCCC3CN1)c2=O,True
CC1CC(N(C)C)=CCC1NC(=O)C1CC=CC=C1c1ccccc1,batch_16,0.901,4.109,336.48,4.006,32.34,1,2,3,O=C(NC1CC=CCC1)C1CC=CC=C1c1ccccc1,True
CC1CC(N)C(C(=O)O)=CC1NC(=O)C1CC=CC=C1c1ccccc1,batch_16,0.7762,4.318,352.43,2.509,92.42,3,3,3,O=C(NC1C=CCCC1)C1CC=CC=C1c1ccccc1,True
CC1CC(NC(=O)C2(C)CCC(C)(C)CC2)CC1C1CC=NC(=O)CC1,batch_2,0.8041,4.449,360.54,4.521,58.53,1,2,3,O=C1CCC(C2CCC(NC(=O)C3CCCCC3)C2)CC=N1,True
CC1CC(NC(=O)C2(C)CCC(C)(C)CC2)CC1C1CCNC(=O)CC1,batch_2,0.7959,4.086,362.56,4.04,58.2,2,2,3,O=C1CCC(C2CCC(NC(=O)C3CCCCC3)C2)CCN1,True
CC1CC(O)(CC2CCCC2)C(=O)COc2c(F)cccc21,batch_29,0.908,3.669,306.38,3.592,46.53,1,3,3,O=C1COc2ccccc2CCC1CC1CCCC1,True
CC1CC2CC3C(=C(O)C=CC3(C)C)C(=O)N(CCCCC1O)C2,batch_8,0.7138,5.53,333.47,3.43,60.77,2,3,3,O=C1C2=CC=CCC2CC2CCCCCCCN1C2,True
CC1CC2CCCC2(C(=O)NC2CC(C)(C)c3ccc(F)cc32)C1,batch_2,0.8229,4.051,329.46,4.881,29.1,1,1,4,O=C(NC1CCc2ccccc21)C12CCCC1CCC2,True
CC1CCC(C)(CNC(=O)C2Cc3c(F)cccc3CN2)C1,batch_27,0.9014,3.721,304.41,2.783,41.13,2,2,3,O=C(NCC1CCCC1)C1Cc2ccccc2CN1,True
CC1CCC(CNC(=O)CCCC(=O)O)CC(C(C)(C)C)C1,batch_8,0.7323,3.281,311.47,3.846,66.4,2,2,1,C1CCCCCC1,True
CC1CCC(CNC(=O)CCCC(N)=O)CC(C(C)(C)C)C1,batch_8,0.7392,3.348,310.48,3.247,72.19,2,2,1,C1CCCCCC1,True
CC1CCC(F)(C=Cc2ccc3c(c2F)CCCC3(C)CO)C1,batch_8,0.8349,4.493,320.42,4.954,20.23,1,1,3,C(=CC1CCCC1)c1ccc2c(c1)CCCC2,True
CC1CCC(O)=C2C(O)C(C)N3CCC(c4ccccc4)CC3C21,batch_12,0.8231,4.372,327.47,3.856,43.7,2,3,4,C1=C2CCN3CCC(c4ccccc4)CC3C2CCC1,True
CC1CCC2(C)C(NC(=O)CCc3ccccc3)CCC12,batch_27,0.8914,3.25,285.43,3.95,29.1,1,1,3,O=C(CCc1ccccc1)NC1CCC2CCCC21,True
CC1CCC2(C)CC(NC(=O)C34CCCC3C(CCC(N)=O)CC4)CC12O,batch_2,0.6887,4.791,376.54,2.894,92.42,3,3,4,O=C(NC1CC2CCCC2C1)C12CCCC1CCC2,True
CC1CCC2(C)CCN(C(=O)c3cc(C(=O)O)cc(C(C)(C)C)c3)CC12,batch_1,0.8426,3.457,357.49,4.581,57.61,1,2,3,O=C(c1ccccc1)N1CCC2CCCC2C1,True
CC1CCC23CCCCC2CC(C(=O)NCC(=O)O)=CC3C1=O,batch_3,0.8359,4.625,319.4,2.309,83.47,2,3,3,O=C1CCCC23CCCCC2CC=CC13,True
CC1CCC2C(=O)NCc3ccc(C4(C)CCCC4)cc3C2C1,batch_29,0.8022,3.785,311.47,4.668,29.1,1,1,4,O=C1NCc2ccc(C3CCCC3)cc2C2CCCCC12,True
CC1CCC2C1CC1CCC=C1N2C(=O)CCCO,batch_8,0.8502,4.219,263.38,2.7,40.54,1,2,3,C1=C2NC3CCCC3CC2CC1,True
CC1CCCC(C(=O)NC(CC(=O)O)C(=O)O)CCC(C)CC1,batch_28,0.72,3.517,327.42,2.663,103.7,3,3,1,C1CCCCCCCCC1,True
CC1CCCC(C(=O)NC2CCCCC2C)CCC(C)C(O)C1,batch_28,0.7964,4.013,323.52,4.285,49.33,2,2,2,O=C(NC1CCCCC1)C1CCCCCCCCC1,True
CC1CCCC12CCCCC2CCC(=O)NC1CCCCC1O,batch_20,0.8157,4.309,321.51,4.183,49.33,2,2,3,O=C(CCC1CCCCC12CCCC2)NC1CCCCC1,True
CC1CCCC12CCCCC2CCC(=O)NCCC(=O)O,batch_20,0.7894,3.91,295.42,3.354,66.4,2,2,2,C1CCC2(CC1)CCCC2,True
CC1CCCC1NC(=O)c1cc(F)cc(C#N)c1F,batch_12,0.8925,3.095,264.27,2.755,52.89,1,2,2,O=C(NC1CCCC1)c1ccccc1,True
CC1CCN(C(=O)CCc2cc(C(=O)O)cc(C(F)(F)F)c2)CC1,batch_24,0.9088,2.154,343.35,3.595,57.61,1,2,2,O=C(CCc1ccccc1)N1CCCCC1,True
CC1CCN(C(=O)Cc2cc(F)cc(-c3cc(C(=O)O)cc(C(F)(F)F)c3)c2)C1,batch_9,0.7501,2.786,409.38,4.621,57.61,1,2,3,O=C(Cc1cccc(-c2ccccc2)c1)N1CCCC1,True
CC1CCN2CCN(c3nccc4c(CO)cc(C(C)C)cc34)C(=O)C2C1,batch_7,0.9043,3.512,367.49,3.298,56.67,1,4,4,O=C1C2CCCCN2CCN1c1nccc2ccccc12,True
CC1CN(c2ccc3c(c2)C(C)(C)CCC3CO)C(=O)CN1C,batch_7,0.9115,3.595,316.45,2.501,43.78,1,3,3,O=C1CNCCN1c1ccc2c(c1)CCCC2,True
CC1Cc2ncccc2CC1NC(=O)C1CC=CC=C1c1ccccc1,batch_16,0.9156,3.841,344.46,3.961,41.99,1,2,4,O=C(NC1CCc2ncccc2C1)C1CC=CC=C1c1ccccc1,True
CC=C(C)S(=O)(=O)c1cc(CC(=O)O)cc(C(=O)NC(C)=O)c1,batch_6,0.8344,2.787,339.37,1.287,117.61,2,5,1,c1ccccc1,True
CC=C1CCC(CO)c2ccc(N(CC(C)C)C(=O)C(F)(F)F)cc21,batch_7,0.8632,3.524,355.4,4.511,40.54,1,2,2,C=C1CCCc2ccccc21,True
CC=C1NC(=O)C2=C(CCC2)N1c1ccc2c(c1)C1CCCC1CC2CO,batch_7,0.8232,4.343,364.49,4.285,52.57,2,3,5,C=C1NC(=O)C2=C(CCC2)N1c1ccc2c(c1)C1CCCC1CC2,True
CCC(=O)C(C)Cc1ccc(C(C)(C)CC)cc1C(=O)NC(C)=O,batch_6,0.8262,3.045,331.46,3.808,63.24,1,3,1,c1ccccc1,True
CCC(=O)CCNc1nccc2c(CO)cc(C(C)C)cc12,batch_7,0.8194,2.571,300.4,3.632,62.22,2,4,2,c1ccc2cnccc2c1,True
CCC(=O)N(CC(=O)O)c1ccc2c(c1)C1CCCC1CC2CO,batch_7,0.8695,3.684,331.41,2.878,77.84,2,3,3,c1ccc2c(c1)CCC1CCCC21,True
CCC(=O)N(CC(F)(F)F)C(=O)Cc1ccccc1-c1ccccc1,batch_25,0.8103,2.371,349.35,4.224,37.38,0,2,2,c1ccc(-c2ccccc2)cc1,True
CCC(C)(C)C(=O)NC(=O)c1cc(CN2CCN(C)CC2)cc(C)c1F,batch_12,0.8736,2.535,363.48,2.574,52.65,1,4,2,c1ccc(CN2CCNCC2)cc1,True
CCC(C)(C)c1cc(C)cc(CO)c1CC(=O)NC1C(C)CC(C)C1(C)O,batch_26,0.711,4.219,375.55,3.629,69.56,3,3,2,O=C(Cc1ccccc1)NC1CCCC1,True
CCC(C)(C)c1cc(C)cc(CO)c1CC(=O)NC1CCC(C)C1O,batch_26,0.7408,3.738,347.5,2.993,69.56,3,3,2,O=C(Cc1ccccc1)NC1CCCC1,True
CCC(C)(C)c1cc(C)cc(CO)c1CC(=O)NCc1ccccc1,batch_26,0.7999,2.289,339.48,4.034,49.33,2,2,2,O=C(Cc1ccccc1)NCc1ccccc1,True
CCC(C)(C)c1cc(C)cc2c1CC(=O)NC(C(=O)O)=CC=C2O,batch_26,0.7945,3.723,329.4,3.222,86.63,3,3,2,O=C1Cc2ccccc2C=CC=CN1,True
CCC(C)(C)c1ccc(CC(C)C(=O)NC)c(C(=O)NC(C)=O)c1,batch_6,0.8405,3.003,332.44,2.575,75.27,2,3,1,c1ccccc1,True
CCC(C)(C)c1ccc(CC(C)C(=O)O)c(C(=O)NC(C)=O)c1,batch_6,0.8442,2.907,319.4,2.914,83.47,2,3,1,c1ccccc1,True
CCC(C)(C)c1ccc(CCNC(=O)O)c(OC)c1,batch_16,0.8301,2.165,265.35,3.193,58.56,2,2,1,c1ccccc1,True
CCC(C)c1cc(C)cc2c1CN(C(=O)C1CCCC1(O)C(=O)O)C=C2,batch_26,0.8652,4.237,357.45,3.437,77.84,2,3,3,O=C(C1CCCC1)N1C=Cc2ccccc2C1,True
CCC(C)c1cc(C)cc2c1CN(C(=O)C1CCCC1(O)CO)C=C2,batch_26,0.8813,4.269,343.47,3.345,60.77,2,3,3,O=C(C1CCCC1)N1C=Cc2ccccc2C1,True
CCC(C)c1cc(C)cc2c1CN(C(=O)C1CCCC1C(=O)O)C=C2,batch_26,0.887,3.913,341.45,4.322,57.61,1,2,3,O=C(C1CCCC1)N1C=Cc2ccccc2C1,True
CCC(C)c1cc(C)cc2c1CN(C(=O)C1CCCC1COC)C=C2,batch_26,0.7634,4.033,341.5,4.884,29.54,0,2,3,O=C(C1CCCC1)N1C=Cc2ccccc2C1,True
CCC(C)c1cc(C)cc2c1CN1C(=C2)NC(=O)CC1c1ccncc1,batch_26,0.9013,3.892,347.46,4.279,45.23,1,3,4,O=C1CC(c2ccncc2)N2Cc3ccccc3C=C2N1,True
CCC(CC(C)(C)C)C(=O)NCc1c(C)cc(C(=O)O)cc1OC,batch_28,0.7949,2.862,335.44,3.78,75.63,2,3,1,c1ccccc1,True
CCC(CC(C)(C)C)C(=O)NCc1c(C)cc(C(=O)OC)cc1OC,batch_28,0.7591,2.857,349.47,3.869,64.63,1,4,1,c1ccccc1,True
CCC(CC(C)(C)C)C(=O)NCc1c(C)cc(C(N)=O)cc1OC,batch_28,0.8033,2.912,334.46,3.181,81.42,2,3,1,c1ccccc1,True
CCC(CC(C)(C)C)C(=O)NCc1cc2c(cc1C)C(=O)N(C)CC2C,batch_28,0.8547,3.487,358.53,4.263,49.41,1,2,2,O=C1NCCc2ccccc21,True
CCC(CC(C)(C)C)C(=O)NCc1cc2c(cc1C)C(=O)NCC2(C)C,batch_28,0.8326,3.339,358.53,4.095,58.2,2,2,2,O=C1NCCc2ccccc21,True
CCC(CC(C)(C)C)C(=O)NCc1ccc(C(=O)NC)cc1C,batch_28,0.844,2.7,318.46,3.433,58.2,2,2,1,c1ccccc1,True
CCC(CCC(C)C)C(=O)NC1CC(O)NC2=CCC(C)C21,batch_21,0.7069,4.551,308.47,2.785,61.36,3,3,2,C1=C2NCCCC2CC1,True
CCC(CCC(C)C)C(=O)NC1CCNC(C(C)O)C1,batch_21,0.6705,3.812,284.44,2.066,61.36,3,3,1,C1CCNCC1,True
CCC(CCC(C)C)C(=O)NC1CCNC(CCOC)C1,batch_21,0.688,3.557,298.47,2.722,50.36,2,3,1,C1CCNCC1,True
CCC(CCC(C)C)C(=O)NC1CCNC2C(C)OCCC12,batch_21,0.7929,4.214,310.48,2.721,50.36,2,3,2,C1CNC2COCCC2C1,True
CCC(CCC(C)C)C(=O)Nc1cc(F)ccc1CC(=O)O,batch_21,0.7661,2.646,309.38,3.854,66.4,2,2,1,c1ccccc1,True
CCC(CCC(C)C)CNC(=O)C1CC(=O)c2ccccc2C1,batch_21,0.8261,3.062,315.46,4.01,46.17,1,2,2,O=C1CCCc2ccccc21,True
CCC(CCC(C)C)CNC(=O)C1CC(C)C(C)(C)C1,batch_21,0.7236,3.673,281.48,4.637,29.1,1,1,1,C1CCCC1,True
CCC(CCC(C)C)CNC(=O)C1CC(O)C(C)(C)C1,batch_21,0.7524,3.699,283.46,3.362,49.33,2,2,1,C1CCCC1,True
CCC(CCC(C)C)CNC(=O)C1Cc2ccccc2C(O)C1,batch_21,0.802,3.373,317.47,3.861,49.33,2,2,2,c1ccc2c(c1)CCCC2,True
CCC(CCC(C)C)CNC(=O)C1Cc2ccccc2C=N1,batch_21,0.8209,3.555,300.45,3.609,41.46,1,2,2,C1=NCCc2ccccc21,True
CCC(CCC(C)C)CNC(=O)C1Cc2ccccc2S1,batch_21,0.8143,3.179,305.49,4.282,29.1,1,2,2,c1ccc2c(c1)CCS2,True
CCC(CCC(C)C)CNC(=O)CCc1ccc(C)cc1,batch_21,0.7119,2.401,289.46,4.506,29.1,1,1,1,c1ccccc1,True
CCC(CCC(C)C)CNC(=O)CCc1ccccc1,batch_21,0.7188,2.338,275.44,4.198,29.1,1,1,1,c1ccccc1,True
CCC(CCC(C)C)CNC(=O)CCc1ccccc1C,batch_21,0.7119,2.479,289.46,4.506,29.1,1,1,1,c1ccccc1,True
CCC(CCN1CCCCC1)c1cc(O)c(OC)c(OC)c1,batch_13,0.8322,2.723,307.43,3.779,41.93,1,4,2,c1ccc(CCCN2CCCCC2)cc1,True
CCC(CCn1c(=O)c2cc(F)ccc2n(CC)c1=O)c1ccccc1,batch_27,0.6737,2.642,354.43,3.906,44.0,0,2,3,O=c1[nH]c2ccccc2c(=O)n1CCCc1ccccc1,True
CCC(CCn1c(=O)c2ccccc2n(CC)c1=O)c1ccccc1,batch_27,0.6877,2.516,336.44,3.767,44.0,0,2,3,O=c1[nH]c2ccccc2c(=O)n1CCCc1ccccc1,True
CCC(CCn1c(=O)cc2n(c1=O)C(C)CCC2(C)C)c1ccccc1,batch_27,0.8065,3.552,354.49,4.226,44.0,0,2,3,O=c1cc2n(c(=O)n1CCCc1ccccc1)CCCC2,True
CCC(CNC(=O)C1CC(C)CC(C(C)C)C1)CC(C)=O,batch_10,0.7759,3.797,295.47,3.816,46.17,1,2,1,C1CCCCC1,True
CCC(CNC(=O)C1CCC2(C)CCCCC2C1)OC,batch_3,0.837,3.785,281.44,3.524,38.33,1,2,2,C1CCC2CCCCC2C1,True
CCC(O)C(C)(C)c1cc(C)cc(CCCO)c1,batch_16,0.8146,2.994,250.38,2.968,40.46,2,2,1,c1ccccc1,True
CCC1(C)CCCC2CCC(O)c3cc(C)cc1c32,batch_26,0.7699,3.788,258.4,4.757,20.23,1,1,3,c1cc2c3c(c1)CCCC3CCCC2,True
CCC1(C)CCCc2c(C(=O)OCC(F)(F)F)cc(C)cc21,batch_26,0.7548,3.22,314.35,4.718,26.3,0,2,2,c1ccc2c(c1)CCCC2,True
CCC1=C2CNC(CC(C)(C)c3ccc4n(c3=O)CCN(C)C4=O)CC2CC(CC)O1,batch_18,0.7819,4.655,427.59,3.443,63.57,1,4,4,O=C1NCCn2c1ccc(CCC1CC3CCOC=C3CN1)c2=O,True
CCC1=CC(C(NC(=O)CC(C)(C)c2ccc3ccccn3c2=O)C(=O)O)C=C1,batch_18,0.7555,4.108,394.47,3.059,87.88,2,3,3,O=C(CCc1ccc2ccccn2c1=O)NCC1C=CC=C1,True
CCC1=CCN(CCc2cccc(-c3cc(C(=O)O)cc(C(F)(F)F)c3)c2)C1=O,batch_9,0.7545,2.64,403.4,4.792,57.61,1,2,3,O=C1C=CCN1CCc1cccc(-c2ccccc2)c1,True
CCC1C(C(=O)OC)CC(C)CN1C(=O)c1cc(C#N)c(O)c(C(C)C)c1,batch_2,0.8178,3.78,372.47,3.437,90.63,1,5,2,O=C(c1ccccc1)N1CCCCC1,True
CCC1C(c2ccc(C(C)C)c(CC(=O)O)c2)C(C(=O)OC)C2CCCN21,batch_9,0.7724,3.928,373.49,3.567,66.84,1,4,3,c1ccc(C2CC3CCCN3C2)cc1,True
CCC1CC(=O)C2CCC(NC(=O)CC(C)(C)c3ccc4ccccn4c3=O)C2C1,batch_18,0.8167,4.198,408.54,3.867,67.65,1,3,4,O=C(CCc1ccc2ccccn2c1=O)NC1CCC2C(=O)CCCC12,True
CCC1CC(=O)CCN1C(=O)c1cc(C(=O)O)cc(C(C)(C)C)c1,batch_1,0.9222,2.869,331.41,3.266,74.68,1,3,2,O=C1CCN(C(=O)c2ccccc2)CC1,True
CCC1CC(C)(C)CCN1C(=O)c1cc(C(=O)O)cc(C(C)(C)C)c1,batch_1,0.8619,2.951,345.48,4.723,57.61,1,2,2,O=C(c1ccccc1)N1CCCCC1,True
CCC1CC(C)C2CCC(NC(=O)CC(C)(C)c3ccc4ccccn4c3=O)C2C1,batch_18,0.7622,4.28,408.59,4.934,50.58,1,2,4,O=C(CCc1ccc2ccccn2c1=O)NC1CCC2CCCCC21,True
CCC1CC(C)CC(CCC(=O)NC(=O)OC(C)C)C1,batch_22,0.8324,3.45,283.41,3.89,55.4,1,3,1,C1CCCCC1,True
CCC1CC(C)NC(=O)c2c(CNC(C)(C)C)c(F)c(OC)c(F)c21,batch_11,0.8628,3.962,354.44,3.877,50.36,2,3,2,O=C1NCCCc2ccccc21,True
CCC1CC(CCC(C)(C)C2(C)CCC(CO)C2)CCC1O,batch_23,0.741,4.485,310.52,4.779,40.46,2,2,2,C1CCC(CCCC2CCCC2)CC1,True
CCC1CC(N)CCN1C(=O)c1cc(C(=O)O)cc(C(C)(C)C)c1,batch_1,0.891,3.158,332.44,3.024,83.63,2,3,2,O=C(c1ccccc1)N1CCCCC1,True
CCC1CC(O)CCN1C(=O)c1cc(C(=O)O)cc(C(C)(C)C)c1,batch_1,0.891,3.082,333.43,3.058,77.84,2,3,2,O=C(c1ccccc1)N1CCCCC1,True
CCC1CC(OC)CC2CC(=O)NC(C(=O)O)C12,batch_6,0.7894,4.333,255.31,1.027,75.63,2,3,2,O=C1CC2CCCCC2CN1,True
CCC1CC2C(NC(=O)CC(C)(C)c3ccc4ccccn4c3=O)CCCC2C1=O,batch_18,0.8167,4.231,408.54,3.867,67.65,1,3,4,O=C(CCc1ccc2ccccn2c1=O)NC1CCCC2C(=O)CCC12,True
CCC1CC2C3=C4C(CC(CC)CC4(C)CC(=O)N3C(C)=O)C2C1,batch_21,0.7463,4.932,329.48,4.528,37.38,0,2,4,O=C1CC2CCCC3C2=C(N1)C1CCCC13,True
CCC1CC2CCC=C2N(C(=O)CCCO)C1(C)C,batch_8,0.8483,4.082,265.4,3.09,40.54,1,2,2,C1=C2NCCCC2CC1,True
CCC1CC=C(NC(C)=O)C(=O)N1C(=O)Cc1cc(C(C)(C)C)cc(C)c1O,batch_15,0.8324,3.522,386.49,3.098,86.71,2,4,2,O=C1C=CCCN1C(=O)Cc1ccccc1,True
CCC1CCC(C(=O)O)N1C(=O)Cc1ccccc1-c1ccccc1,batch_25,0.9038,2.889,337.42,3.75,57.61,1,2,3,O=C(Cc1ccccc1-c1ccccc1)N1CCCC1,True
CCC1CCC(C)(CC(=O)NCc2ccccc2)O1,batch_21,0.8844,3.043,261.37,3.041,38.33,1,2,2,O=C(CC1CCCO1)NCc1ccccc1,True
CCC1CCCC1CNC(=O)c1cc(C)cc(C(C)(C)C)c1,batch_14,0.8461,2.953,301.47,4.849,29.1,1,1,2,O=C(NCC1CCCC1)c1ccccc1,True
CCC1CCCCN1C(=O)Cc1cc(C(C)(C)C)cc(C)c1O,batch_15,0.901,2.79,317.47,4.332,40.54,1,2,2,O=C(Cc1ccccc1)N1CCCCC1,True
CCC1CCCN(C(=O)CC2CC3CCC(C)(C3)C2(C)C)C1,batch_14,0.7276,4.677,305.51,4.878,20.31,0,1,3,O=C(CC1CC2CCC(C2)C1)N1CCCCC1,True
CCC1CCCN1C(=O)Cc1cc(C2(C)CCCC2)cc(C)c1O,batch_15,0.8848,3.116,329.48,4.476,40.54,1,2,3,O=C(Cc1cccc(C2CCCC2)c1)N1CCCC1,True
CCC1CCCN1S(=O)(=O)c1c(F)ccc(CC(C)(C)C)c1F,batch_5,0.8232,3.078,345.46,4.117,37.38,0,2,2,O=S(=O)(c1ccccc1)N1CCCC1,True
CCC1CCN2C(C(C(=O)O)C(C)O)=CC=C(CCO)C2C1,batch_4,0.6965,4.521,309.41,1.765,81.0,3,4,2,C1=CC2CCCCN2C=C1,True
CCC1CCc2c(CCC3(C)CC(C)CN(C)C3=O)ccc(C)c2C1,batch_25,0.7588,4.021,341.54,4.947,20.31,0,1,3,O=C1NCCCC1CCc1cccc2c1CCCC2,True
CCC1CN(C(=O)OC(C)C)CCC1c1cc(O)c(OC)c(OC)c1,batch_13,0.8744,3.23,351.44,3.77,68.23,1,5,2,c1ccc(C2CCNCC2)cc1,True
CCC1CN(CC2CCOCC2)C(=O)CC1c1cc(O)c(OC)c(OC)c1,batch_13,0.8246,3.456,377.48,3.178,68.23,1,5,3,O=C1CC(c2ccccc2)CCN1CC1CCOCC1,True
CCC1CN(Cc2cccc(Cl)c2)C(=O)CC1c1cc(O)c(OC)c(OC)c1,batch_13,0.765,3.202,403.91,4.605,59.0,1,4,3,O=C1CC(c2ccccc2)CCN1Cc1ccccc1,True
CCC1CNC(=O)c2c(CNC(C)(C)C)c(F)c(OC)c(F)c21,batch_11,0.8938,3.641,326.39,3.099,50.36,2,3,2,O=C1NCCc2ccccc21,True
CCC1CNCc2c(CNC(C)(C)C)c(F)c(OC)c(F)c21,batch_11,0.8931,3.689,312.4,3.458,33.29,2,3,2,c1ccc2c(c1)CCNC2,True
CCC1COc2c(OC)cc(C(=O)NCCc3ccccc3)cc2O1,batch_6,0.8764,2.604,341.41,3.218,56.79,1,4,3,O=C(NCCc1ccccc1)c1ccc2c(c1)OCCO2,True
CCC1Cc2cc(Cl)ccc2C(C)(CCO)C1,batch_8,0.8637,3.51,252.78,3.953,20.23,1,1,2,c1ccc2c(c1)CCCC2,True
CCC1Cc2cccc(F)c2CN1C(=O)c1cc(C#N)c(O)c(C(C)C)c1,batch_2,0.8695,3.194,366.44,4.503,64.33,1,3,3,O=C(c1ccccc1)N1CCc2ccccc2C1,True
CCC1Cc2nc(COC)c(C(=O)O)cc2C1NC(=O)C(F)(F)F,batch_5,0.8535,3.765,346.31,2.228,88.52,2,4,2,c1cnc2c(c1)CCC2,True
CCC1Cc2ncccc2CN1C(=O)c1cc(C#N)c(O)c(C(C)C)c1,batch_2,0.9151,3.313,349.43,3.759,77.22,1,4,3,O=C(c1ccccc1)N1CCc2ncccc2C1,True
CCC1N(CCC2CC(C(C)C)CCC2=O)C(=O)CCC1(C)C,batch_27,0.7502,4.048,321.51,4.445,37.38,0,2,2,O=C1CCCCC1CCN1CCCCC1=O,True
CCC1Oc2c(cc(OC)c(O)c2OC)COc2ccccc2C1O,batch_29,0.8887,3.763,346.38,3.193,77.38,2,6,3,c1ccc2c(c1)CCOc1ccccc1CO2,True
CCC1Oc2c(cc(OC)c(O)c2OC)COc2ccsc2C1O,batch_29,0.8829,4.178,352.41,3.254,77.38,2,7,3,c1ccc2c(c1)COc1ccsc1CCO2,True
CCC=C(c1cc(Cl)c(O)c(C(=O)NC(C)=O)c1)C(C)(C)C,batch_6,0.8773,2.861,323.82,4.161,66.4,2,3,1,c1ccccc1,True
CCC=C(c1cc(Cl)c(O)c(C(=O)NC(C)=O)c1)C(C)(C)O,batch_6,0.7941,2.962,325.79,2.886,86.63,3,4,1,c1ccccc1,True
CCC=C(c1cc(Cl)cc(C(=O)NC(C)=O)c1)C(C)(C)C,batch_6,0.896,2.684,307.82,4.456,46.17,1,2,1,c1ccccc1,True
CCC=C1C=CC(C)=C2C=CC(NC(=O)CC(C)(C)c3ccc4ccccn4c3=O)C12,batch_18,0.7595,4.529,414.55,4.861,50.58,1,2,4,C=C1C=CC=C2C=CC(NC(=O)CCc3ccc4ccccn4c3=O)C12,True
CCC=C1C=CC=C2C=CC(NC(=O)CC(C)(C)c3ccc4ccccn4c3=O)C21,batch_18,0.805,4.398,400.52,4.471,50.58,1,2,4,C=C1C=CC=C2C=CC(NC(=O)CCc3ccc4ccccn4c3=O)C12,True
CCCC(=O)N(CC(F)(F)F)C(=O)Cc1ccccc1-c1ccccc1,batch_25,0.7514,2.376,363.38,4.614,37.38,0,2,2,c1ccc(-c2ccccc2)cc1,True
CCCC(=O)NC(COC)C1CCC(C)CC(CCC)C1,batch_8,0.6832,3.63,297.48,4.16,38.33,1,2,1,C1CCCCCC1,True
CCCC(=O)NC1CC(CC)C(c2ccccc2)C1,batch_23,0.854,3.021,259.39,3.875,29.1,1,1,2,c1ccc(C2CCCC2)cc1,True
CCCC(=O)Nc1ccc(Oc2ccc(C(C)C)c(CC(=O)O)c2)c(CCO)c1,batch_9,0.5465,2.366,399.49,4.503,95.86,3,4,2,c1ccc(Oc2ccccc2)cc1,True
CCCC(C)(C)c1ccc(CCC(=O)O)c(C(=O)NC(C)=O)c1,batch_6,0.8088,2.407,319.4,3.058,83.47,2,3,1,c1ccccc1,True
CCCC(C)(CC)c1ccc(CCC(=O)O)c(C(=O)NC(C)=O)c1,batch_6,0.763,2.991,333.43,3.448,83.47,2,3,1,c1ccccc1,True
CCCC(C)CC(C)CNC(=O)C1c2ccc(C)cc2OCC1C,batch_23,0.7872,3.753,331.5,4.686,38.33,1,2,2,c1ccc2c(c1)CCCO2,True
CCCC(CC(=O)N1CCOCC1)c1ccccc1,batch_16,0.8154,2.42,261.36,2.819,29.54,0,2,2,O=C(CCc1ccccc1)N1CCOCC1,True
CCCC(CC(=O)NC1CC(C)(C)c2ccccc2CC1CO)CC(C)C,batch_16,0.6396,3.702,373.58,4.856,49.33,2,2,2,c1ccc2c(c1)CCCCC2,True
CCCC(CC(=O)NC1CCCCC1O)c1ccccc1,batch_16,0.8432,3.014,289.42,3.38,49.33,2,2,2,O=C(CCc1ccccc1)NC1CCCCC1,True
CCCC(CC(C)(C)C)CC1(O)CC(O)C(O)C1,batch_20,0.7097,4.151,258.4,2.476,60.69,3,3,1,C1CCCC1,True
CCCC(CCC1CCC(CO)(C(=O)C2CCCCC2)C1)C(=O)OC,batch_23,0.629,3.804,352.52,4.284,63.6,1,4,2,O=C(C1CCCCC1)C1CCCC1,True
CCCC(CO)NC(=O)c1cc(CN2CCCC(C)(C)C2)cc(C)c1F,batch_12,0.7765,3.051,364.51,3.647,52.57,2,3,2,c1ccc(CN2CCCCC2)cc1,True
CCCC1(C)C(CC(C)(C)C)CC(C(=O)O)C1O,batch_26,0.811,4.195,256.39,3.311,57.53,2,2,1,C1CCCC1,True
CCCC1(C)CC(c2cc(F)cc(C(=O)O)c2)CC1=O,batch_9,0.9115,3.538,278.32,3.777,54.37,1,2,2,O=C1CCC(c2ccccc2)C1,True
CCCC1(C)CC(c2cc(F)cc(C(=O)O)c2)CC1C,batch_9,0.8549,3.678,278.37,4.844,37.3,1,1,2,c1ccc(C2CCCC2)cc1,True
CCCC1=CC2=CC(C3CCCCC3)OC(C)=C2CC1=O,batch_25,0.7399,3.807,286.41,4.865,26.3,0,2,3,O=C1C=CC2=CC(C3CCCCC3)OC=C2C1,True
CCCC1C(CC)CCC1NC(=O)CC(C)(C)c1ccc2ccccn2c1=O,batch_18,0.7552,3.981,382.55,4.688,50.58,1,2,3,O=C(CCc1ccc2ccccn2c1=O)NC1CCCC1,True
CCCC1CC(C)(C)CCN1CC(CCC(C)C)C(=O)O,batch_21,0.721,3.494,297.48,4.414,40.54,1,2,1,C1CCNCC1,True
CCCC1CC(C)CC(C(=O)NC(C)CC(C)(C)C)C1,batch_10,0.7717,3.636,281.48,4.78,29.1,1,1,1,C1CCCCC1,True
CCCC1CC(C)CC(C(=O)NC(C)CC(C)NC(C)=O)C1,batch_10,0.7581,3.754,310.48,3.258,58.2,2,2,1,C1CCCCC1,True
CCCC1CC(C)CC(C(=O)NC(C)c2ccccc2)C1,batch_10,0.8341,3.145,287.45,4.716,29.1,1,1,2,O=C(NCc1ccccc1)C1CCCCC1,True
CCCC1CC(C)CC(C(=O)NC(CO)CC(C)(C)C)C1,batch_10,0.7841,3.746,297.48,3.752,49.33,2,2,1,C1CCCCC1,True
CCCC1CC(C)CC(C(=O)NC(CO)CC(C)C)C1,batch_10,0.7524,3.561,283.46,3.362,49.33,2,2,1,C1CCCCC1,True
CCCC1CC(C)CC(C(=O)NC2CCC3=NN=CC3=C2CC)C1,batch_10,0.8046,4.388,329.49,4.265,53.82,1,3,3,O=C(NC1C=C2C=NN=C2CC1)C1CCCCC1,True
CCCC1CC(C)CC(C(=O)NC2CNC(=O)c3cccc(C)c32)C1,batch_10,0.8754,3.848,342.48,3.748,58.2,2,2,3,O=C1NCC(NC(=O)C2CCCCC2)c2ccccc21,True
CCCC1CC(C)CC(C(=O)NC2CNCc3c(C)ccc(C)c32)C1,batch_10,0.8504,3.985,342.53,4.416,41.13,2,2,3,O=C(NC1CNCc2ccccc21)C1CCCCC1,True
CCCC1CC(C)CC(C(=O)NCC(CC)CC(C)=O)C1,batch_10,0.7364,3.714,295.47,3.96,46.17,1,2,1,C1CCCCC1,True
CCCC1CC(C)CC(C(=O)Nc2cn(C)c(C)c2C(=O)N(C)C)C1,batch_10,0.88,3.723,347.5,3.826,54.34,1,2,2,O=C(Nc1cc[nH]c1)C1CCCCC1,True
CCCC1CC(C)CC(C(=O)Nc2cnc(C(=O)O)cc2C(C)N)C1,batch_10,0.729,3.801,347.46,3.591,105.31,3,4,2,O=C(Nc1cccnc1)C1CCCCC1,True
CCCC1CC(C)CC(C(=O)Nc2cnc(COC)cc2C(C)N)C1,batch_10,0.7802,3.87,347.5,4.039,77.24,2,4,2,O=C(Nc1cccnc1)C1CCCCC1,True
CCCC1CC(C)CCC(C(COC)NC(=O)C(C)C)C1,batch_8,0.7209,3.683,297.48,4.016,38.33,1,2,1,C1CCCCCC1,True
CCCC1CC(C)CCC(C(COC)NC(=O)C(F)(F)F)C1,batch_8,0.7524,3.849,323.4,3.923,38.33,1,2,1,C1CCCCCC1,True
CCCC1CC(CC(C)(C)c2ccc3n(c2=O)CCN(C)C3=O)Nc2ccc(C)cc21,batch_18,0.7627,3.953,421.59,4.678,54.34,1,3,4,O=C1NCCn2c1ccc(CCC1CCc3ccccc3N1)c2=O,True
CCCC1CC(NC(C)=O)CC(NC(=O)C2CCC(C)(C)CN2)C1,batch_6,0.7211,3.954,337.51,2.354,70.23,3,3,2,O=C(NC1CCCCC1)C1CCCCN1,True
CCCC1CC(NC(C)=O)CC(NC(=O)C2CCCC2)C1,batch_6,0.8189,3.244,294.44,2.766,58.2,2,2,2,O=C(NC1CCCCC1)C1CCCC1,True
CCCC1CC(NC(C)=O)CC(NC(=O)C2CCCCN2)C1,batch_6,0.724,3.627,309.45,1.718,70.23,3,3,2,O=C(NC1CCCCC1)C1CCCCN1,True
CCCC1CC(NC(C)=O)CC(NC(=O)c2ccc(C(N)=O)cc2)C1,batch_6,0.7346,3.125,345.44,1.989,101.29,3,3,2,O=C(NC1CCCCC1)c1ccccc1,True
CCCC1CCC2(C)CC(C(=O)O)CC3C(OC)CC1C32,batch_25,0.8532,4.584,294.44,3.965,46.53,1,2,3,C1CC2CCCC3CCC(C1)C23,True
CCCC1NCCc2c(F)c(OC)c(F)c(CNC(C)(C)C)c21,batch_11,0.8622,3.56,326.43,3.848,33.29,2,3,2,c1ccc2c(c1)CCNC2,True
CCCCC(=O)NC1CCC2Cc3cc(C)ccc3C(=O)C2C1,batch_22,0.9181,3.282,313.44,3.825,46.17,1,2,3,O=C1c2ccccc2CC2CCCCC12,True
CCCCC(=O)n1c(CCc2cc(C)cc(C(C)(C)C)c2)cnc1O,batch_20,0.8194,2.781,342.48,4.81,55.12,1,3,2,c1ccc(CCc2cnc[nH]2)cc1,True
CCCCC(C)(C)C(=O)NC1CC(C)(C)C2=CC(OC)=C3OCC=C3CC21,batch_2,0.7218,4.433,373.54,4.878,47.56,1,3,3,C1=C2CC3CCCC3=CC=C2OC1,True
CCCCC(C)(C)C(=O)NC1CC(C)(C)C2=CC(OC)=C3OCCC3=CC21,batch_2,0.7218,4.411,373.54,4.878,47.56,1,3,3,C1=C2CCOC2=CC=C2CCCC12,True
CCCCC(C)CCOc1c(C(=O)NCC)cc(OC)c(O)c1OCC,batch_29,0.5804,2.882,367.49,4.144,77.02,2,5,1,c1ccccc1,True
CCCCC(O)CNC(=O)CC1COc2c(C)cc(CCC)cc21,batch_20,0.7272,3.362,333.47,3.481,58.56,2,3,2,c1ccc2c(c1)CCO2,True
CCCCC1=NC(=O)Cn2c1cc1c(CCC)cc(OC)cc1c2=O,batch_11,0.8087,2.902,340.42,3.482,60.66,0,3,3,O=C1Cn2c(cc3ccccc3c2=O)C=N1,True
CCCCC1CNC(CC(C)(C)c2ccc3n(c2=O)CCN(C)C3=O)CC1CC,batch_18,0.7561,4.257,401.6,3.796,54.34,1,3,3,O=C1NCCn2c1ccc(CCC1CCCCN1)c2=O,True
CCCCC1COC(CO)C(c2ccccc2)O1,batch_20,0.8729,3.256,250.34,2.694,38.69,1,3,2,c1ccc(C2COCCO2)cc1,True
CCCCC1NCCc2c(F)c(OCC)c(F)c(CNC(C)(C)C)c21,batch_11,0.749,3.508,354.49,4.629,33.29,2,3,2,c1ccc2c(c1)CCNC2,True
CCCCN(CC)S(=O)(=O)c1c(F)ccc(CC(C)(C)C)c1F,batch_5,0.7346,2.633,347.47,4.364,37.38,0,2,1,c1ccccc1,True
CCCCN(CCC)C(=O)C(CC(F)(F)F)c1ccc(C(=O)O)cc1,batch_18,0.7082,2.85,359.39,4.46,57.61,1,2,1,c1ccccc1,True
CCCCN1C(=O)C2=C(O)C=CC(C)(C)C2CC1CC(C)C,batch_8,0.8145,4.065,305.46,4.458,40.54,1,2,2,O=C1NCCC2CC=CC=C12,True
CCCCN1C(=O)C2=C(O)C=CC(C)(C)C2CC1CC(C)C(=O)O,batch_8,0.7783,4.341,335.44,3.523,77.84,2,3,2,O=C1NCCC2CC=CC=C12,True
CCCCN1CC(=O)N(c2ccc(CC)c(C3CCC(C)CC3)c2)C(O)C1,batch_4,0.8091,3.164,372.55,4.31,43.78,1,3,3,O=C1CNCCN1c1cccc(C2CCCCC2)c1,True
CCCCc1c(C(=O)N(C)C)c(NC(=O)C2CC(C)CC(CCC)C2)cn1C,batch_10,0.6901,3.774,389.58,4.861,54.34,1,2,2,O=C(Nc1cc[nH]c1)C1CCCCC1,True
CCCCc1c(CNC(C)(C)C)cc(C(C)(C)O)c2c1CCCCO2,batch_11,0.772,2.922,347.54,4.86,41.49,2,3,2,c1ccc2c(c1)CCCCO2,True
CCCCc1cc(C)c(O)c(CC(=O)N2CCOC2OC)c1,batch_15,0.8764,3.282,307.39,2.375,59.0,1,4,2,O=C(Cc1ccccc1)N1CCOC1,True
CCCCc1cc(C)cc(C(O)CC(C)CC(=O)N(C)C(=O)C(C)CO)c1,batch_7,0.655,3.773,377.53,3.401,77.84,2,4,1,c1ccccc1,True
CCCCc1cc(CCC(F)(F)F)cnc1OC,batch_19,0.7737,2.416,261.29,3.928,22.12,0,2,1,c1ccncc1,True
CCCCc1cc(CCNC(=O)C(C)Cc2ccccc2)ccc1O,batch_28,0.7165,2.447,339.48,4.272,49.33,2,2,2,O=C(CCc1ccccc1)NCCc1ccccc1,True
CCCCc1cc(CO)c2cc(F)ccc2c1CCC(=O)OCCO,batch_7,0.6827,2.476,348.41,3.282,66.76,2,4,2,c1ccc2ccccc2c1,True
CCCCc1cc(CO)c2ccc(OC(F)(F)F)cc2c1CCC(=O)O,batch_7,0.7132,2.503,370.37,4.591,66.76,2,3,2,c1ccc2ccccc2c1,True
CCCCc1cc(OC)cc(CC)c1C(=O)NC(C)CCC,batch_26,0.7282,2.659,305.46,4.519,38.33,1,2,1,c1ccccc1,True
CCCCc1cc(OC)cc2c1C(=O)C1=C(C2)N(C(=O)O)CC(C)(C)C1,batch_5,0.8649,3.116,357.45,4.441,66.84,1,3,3,O=C1C2=C(Cc3ccccc31)NCCC2,True
CCCCc1cc(OC)cc2c1C(=O)C1=C(C2)N(CO)CC(C(=O)O)C1,batch_5,0.8109,3.505,359.42,2.387,87.07,2,5,3,O=C1C2=C(Cc3ccccc31)NCCC2,True
CCCCc1cc(OC)cc2c1C(=O)N=C(NC(=O)CCC(N)=O)C2,batch_5,0.7801,2.805,345.4,1.514,110.85,2,4,2,O=C1N=CCc2ccccc21,True
CCCN(C(=O)Cc1ccccc1-c1ccccc1)C1CCNCC1,batch_25,0.8679,2.131,336.48,3.887,32.34,1,2,3,O=C(Cc1ccccc1-c1ccccc1)NC1CCNCC1,True
CCCN(CC(=O)OC)C(=O)c1ccc(NS(=O)(=O)c2cccc(C)c2)cc1,batch_13,0.6832,2.058,404.49,2.821,92.78,1,5,2,O=S(=O)(Nc1ccccc1)c1ccccc1,True
CCCN(CC)S(=O)(=O)c1c(F)ccc(CC(C)(C)C)c1F,batch_5,0.7897,2.645,333.44,3.974,37.38,0,2,1,c1ccccc1,True
CCCN(CCC(C)C)C(=O)C(CC(F)(F)F)c1ccc(C(=O)O)cc1,batch_18,0.6822,2.926,373.42,4.706,57.61,1,2,1,c1ccccc1,True
CCCN(Cc1ccccc1-c1ccccc1)C(=O)CCC(=O)NC,batch_27,0.7991,1.979,338.45,3.618,49.41,1,2,2,c1ccc(-c2ccccc2)cc1,True
CCCN1C(=O)CC(C)(c2cc(F)cc(C(=O)O)c2)c2ccccc21,batch_9,0.9151,2.911,341.38,3.977,57.61,1,2,3,O=C1CC(c2ccccc2)c2ccccc2N1,True
CCCN1C(CCNC(=O)c2cc(C)cc(C(C)(C)C)c2)NC(=O)C1C,batch_14,0.8208,3.554,359.51,2.969,61.44,2,3,2,O=C1CNC(CCNC(=O)c2ccccc2)N1,True
CCCNC(=O)C1C=C(CC(C)C)C(=O)c2c(OCC)cc(OC)cc21,batch_28,0.7651,3.305,359.47,3.873,64.63,1,4,2,O=C1C=CCc2ccccc21,True
CCCNC(=O)CCC(C)Oc1cc(Cl)c(CC(=O)O)c(OC)c1,batch_4,0.6719,2.805,357.83,3.049,84.86,2,4,1,c1ccccc1,True
CCCNC(=O)c1c(CC)c(F)c(OC)c(F)c1CNC(C)(C)C,batch_11,0.7965,2.755,342.43,3.564,50.36,2,3,1,c1ccccc1,True
CCCNC(=O)c1c(CCC)c(F)c(OC)c(F)c1CNC(C)(C)C,batch_11,0.7414,2.762,356.46,3.954,50.36,2,3,1,c1ccccc1,True
CCCNC(=O)c1c(Cl)cc(C(C)(C)C)cc1OC1CCCN(C(=O)O)C1,batch_4,0.7772,2.918,396.92,4.299,78.87,2,3,2,c1ccc(OC2CCCNC2)cc1,True
CCCNC(=O)c1c(Cl)cc(C(C)(C)C)cc1OC1CCCN(C(C)=O)C1,batch_4,0.8149,2.904,394.94,4.167,58.64,1,3,2,c1ccc(OC2CCCNC2)cc1,True
CCCNC(=O)c1cc(C)cc(C(C)(C)C)c1OCCC(=O)O,batch_17,0.8078,2.231,321.42,3.286,75.63,2,3,1,c1ccccc1,True
CCCNC(=O)c1cc(C)cc(C(C)(C)C)c1OCCC1OCCO1,batch_17,0.8174,2.62,349.47,3.574,56.79,1,4,2,c1ccc(OCCC2OCCO2)cc1,True
CCCNC(=O)c1cccc(C)c1Oc1ccc(CC)c(CC(=O)O)c1,batch_9,0.7469,2.189,355.43,4.117,75.63,2,3,2,c1ccc(Oc2ccccc2)cc1,True
CCCNC(=O)c1cccc(CC(=O)N2C=C(CC)C=C3C2=CC(O)=CC3C)c1,batch_10,0.7535,3.725,392.5,4.407,69.64,2,3,3,O=C(Cc1ccccc1)N1C=CC=C2CC=CC=C21,True
CCCNC(=O)c1cccc(CC(=O)n2cc(CC)cc3c(=O)cc(O)cc2-3)c1,batch_10,0.674,2.766,392.46,3.244,88.4,2,4,3,O=C(Cc1ccccc1)n1cccc2c(=O)cccc1-2,True
CCCNC(C)C(=O)NC(=O)CCC1CCCCC1CCOC,batch_20,0.6475,3.373,326.48,2.64,67.43,2,4,1,C1CCCCC1,True
CCCOc1cc(C(C)(C)C)cc(Cl)c1OCCC(=O)O,batch_12,0.8158,2.144,314.81,4.28,55.76,1,3,1,c1ccccc1,True
CCCOc1cc(C(C)(C)C)cc(OC)c1CCO,batch_4,0.8582,2.247,266.38,3.316,38.69,1,3,1,c1ccccc1,True
CCCOc1ccc(OC)c(C(=O)NCc2cc(C)cc(C(C)C)c2)c1O,batch_16,0.7142,2.272,371.48,4.551,67.79,2,4,2,O=C(NCc1ccccc1)c1ccccc1,True
CCCc1c(CC(=O)NC2CCC(OC)C2)cc(F)c(NC(C)=O)c1C,batch_15,0.7802,3.367,364.46,3.271,67.43,2,3,2,O=C(Cc1ccccc1)NC1CCCC1,True
CCCc1c(CC(=O)NC2CCCCCC2O)cc(F)c(NC(C)=O)c1C,batch_15,0.6641,3.297,378.49,3.397,78.43,3,3,2,O=C(Cc1ccccc1)NC1CCCCCC1,True
CCCc1c(F)c(OC)c(F)c(CNC(C)(C)C)c1C(=O)NC,batch_11,0.8432,2.836,328.4,3.174,50.36,2,3,1,c1ccccc1,True
CCCc1c(F)c(OC)c(F)c(CNC(C)(C)C)c1C(=O)NC(C)=O,batch_11,0.8219,2.9,356.41,3.09,67.43,2,4,1,c1ccccc1,True
CCCc1c(F)c(OC)c(F)c(CNC(C)(C)C)c1C(=O)NCC,batch_11,0.7965,2.807,342.43,3.564,50.36,2,3,1,c1ccccc1,True
CCCc1c(O)c(CC)cn(C(=O)Cc2cccc(Cc3ccccc3)c2)c1=O,batch_10,0.6452,2.486,389.5,4.543,59.3,1,3,3,O=C(Cc1cccc(Cc2ccccc2)c1)n1ccccc1=O,True
CCCc1cc(C(=O)O)c(O)c(C)c1OCCN(CCC)C(C)CO,batch_22,0.5667,3.176,353.46,2.823,90.23,3,5,1,c1ccccc1,True
CCCc1cc(C)c(O)c(CCN2CC(C)(O)c3ccccc3C2=O)c1,batch_19,0.864,3.138,353.46,3.559,60.77,2,3,3,O=C1c2ccccc2CCN1CCc1ccccc1,True
CCCc1cc(C)c(O)c(CCN2CC(O)c3ccccc3C2=O)c1,batch_19,0.8777,2.98,339.44,3.385,60.77,2,3,3,O=C1c2ccccc2CCN1CCc1ccccc1,True
CCCc1cc(C)c(O)c(CCN2CC(OC)C=C(CO)C2=O)c1,batch_19,0.8003,3.471,333.43,1.972,70.0,2,4,2,O=C1C=CCCN1CCc1ccccc1,True
CCCc1cc(C)c(O)c(CCN2CC(OC)c3ccccc3C2=O)c1,batch_19,0.8526,3.027,353.46,4.039,49.77,1,3,3,O=C1c2ccccc2CCN1CCc1ccccc1,True
CCCc1cc(C)c(O)c(CCn2cc(C(=O)O)c(C(C)(C)C)cc2=O)c1,batch_19,0.8026,2.613,371.48,4.053,79.53,2,3,2,O=c1ccccn1CCc1ccccc1,True
CCCc1cc(C)c(O)c(CCn2cc(C(=O)O)c3ccccc3c2=O)c1,batch_19,0.6941,2.348,365.43,3.909,79.53,2,3,3,O=c1c2ccccc2ccn1CCc1ccccc1,True
CCCc1cc(C)c(O)c(CCn2cc(C(=O)O)c3ccncc3c2=O)c1,batch_19,0.6982,2.577,366.42,3.304,92.42,2,4,3,O=c1c2cnccc2ccn1CCc1ccccc1,True
CCCc1cc(C)c(O)c(CCn2ccc(C(C)CC(=O)OC)cc2=O)c1,batch_19,0.7182,3.088,371.48,3.724,68.53,1,4,2,O=c1ccccn1CCc1ccccc1,True
CCCc1cc(C)c(O)c2c1C(=O)NC1CCCC1(C)COCCCC2,batch_29,0.8278,4.235,359.51,4.295,58.56,2,3,3,O=C1NC2CCCC2COCCCCc2ccccc21,True
CCCc1cc(C)c(O)c2c1C(=O)NC1CCCC1(C)COCCCO2,batch_29,0.8419,4.337,361.48,3.741,67.79,2,4,3,O=C1NC2CCCC2COCCCOc2ccccc21,True
CCCc1cc(C)c(O)cc1C(=O)NC1CCC2CC=CC=C21,batch_29,0.8811,3.669,311.43,4.048,49.33,2,2,3,O=C(NC1CCC2CC=CC=C21)c1ccccc1,True
CCCc1cc(C)c(O)cc1C(=O)NC1CCCC1(C)C(=O)O,batch_29,0.7783,3.421,319.4,3.026,86.63,3,3,2,O=C(NC1CCCC1)c1ccccc1,True
CCCc1cc(C)c(O)cc1C(=O)NC1CCCC1(C)COC,batch_29,0.8422,3.565,319.45,3.588,58.56,2,3,2,O=C(NC1CCCC1)c1ccccc1,True
CCCc1cc(C)c(O)cc1C(=O)NC1CCCC1(C)COC(C)=O,batch_29,0.7723,3.544,347.46,3.505,75.63,2,4,2,O=C(NC1CCCC1)c1ccccc1,True
CCCc1cc(C)c(O)cc1C(=O)NC1CCCC1(C)COCC,batch_29,0.7934,3.586,333.47,3.978,58.56,2,3,2,O=C(NC1CCCC1)c1ccccc1,True
CCCc1cc(C)c(O)cc1C(=O)NC1CCN(CC2CCCC2)C1=O,batch_29,0.8205,2.985,358.48,3.174,69.64,2,3,3,O=C(NC1CCN(CC2CCCC2)C1=O)c1ccccc1,True
CCCc1cc(C)c2c(c1)C(CC1CC(C)(C)CN1C(=O)O)CO2,batch_20,0.8775,3.889,331.46,4.592,49.77,1,2,3,c1ccc2c(c1)OCC2CC1CCCN1,True
CCCc1cc(C)c2c(c1)C(CC1CC(O)CN1C(=O)O)CO2,batch_20,0.895,3.889,319.4,2.927,70.0,2,3,3,c1ccc2c(c1)OCC2CC1CCCN1,True
CCCc1cc(C)c2c(c1)C(CCCC(=O)NCC(C)COC)CO2,batch_20,0.696,3.418,347.5,3.993,47.56,1,3,2,c1ccc2c(c1)CCO2,True
CCCc1cc(C)cc(-c2cc(C#N)nc(=O)[nH]2)c1,batch_20,0.9135,2.648,253.3,2.57,69.54,1,3,2,O=c1nccc(-c2ccccc2)[nH]1,True
CCCc1cc(C)cc(C(N)CN(CC(=O)O)C(C)=O)c1,batch_8,0.8034,2.932,292.38,1.88,83.63,2,3,1,c1ccccc1,True
CCCc1cc(C)ccc1C=C1Cc2ccccc2CN1CCO,batch_6,0.8854,2.67,321.46,4.339,23.47,1,2,3,C(=C1Cc2ccccc2CN1)c1ccccc1,True
CCCc1cc(CO)c2c3c1CCC(=O)OCC(C)CCCN(C3)C(=O)C2,batch_7,0.8275,4.653,373.49,2.922,66.84,1,4,3,O=C1CCc2cccc3c2CN(CCCCCO1)C(=O)C3,True
CCCc1cc(CO)c2c3c1CCC(=O)OCC(C)NCCN(C3)C(=O)C2,batch_7,0.7839,4.811,374.48,1.484,78.87,2,5,3,O=C1CCc2cccc3c2CN(CCNCCO1)C(=O)C3,True
CCCc1cc(CO)c2c3c1CCC(=O)OCC(C)OCCN(C3)C(=O)C2,batch_7,0.817,4.775,375.47,1.911,76.07,1,5,3,O=C1CCc2cccc3c2CN(CCOCCO1)C(=O)C3,True
CCCc1cc(CO)c2cc(F)ccc2c1CCC(=O)OCCO,batch_7,0.7286,2.483,334.39,2.892,66.76,2,4,2,c1ccc2ccccc2c1,True
CCCc1cc(CO)c2ccc(F)cc2c1C(=O)N1CCC(C)(C)CC1,batch_7,0.8625,2.569,357.47,4.686,40.54,1,2,3,O=C(c1cccc2ccccc12)N1CCCCC1,True
CCCc1cc(CO)c2ccc(F)cc2c1C(=O)N1CCCC(C)(C)C1,batch_7,0.8625,2.631,357.47,4.686,40.54,1,2,3,O=C(c1cccc2ccccc12)N1CCCCC1,True
CCCc1cc(CO)c2ccc(F)cc2c1C(=O)N1CCCC(CCO)C1,batch_7,0.8124,3.002,373.47,3.658,60.77,2,3,3,O=C(c1cccc2ccccc12)N1CCCCC1,True
CCCc1cc(CO)c2ccc(F)cc2c1C(=O)N1CCCC1,batch_7,0.9352,2.331,315.39,3.66,40.54,1,2,3,O=C(c1cccc2ccccc12)N1CCCC1,True
CCCc1cc(CO)c2ccc(F)cc2c1C(=O)N1CCCCC1,batch_7,0.9191,2.333,329.42,4.05,40.54,1,2,3,O=C(c1cccc2ccccc12)N1CCCCC1,True
CCCc1cc(OC)c2c(c1C(=O)O)C(CCC(F)(F)F)CO2,batch_26,0.8495,3.384,332.32,4.164,55.76,1,3,2,c1ccc2c(c1)CCO2,True
CCCc1cc(OC)cc(C2CC(C(=O)N3CCCC(C)(O)C3)CO2)c1,batch_28,0.8755,3.738,361.48,3.099,59.0,1,4,3,O=C(C1COC(c2ccccc2)C1)N1CCCCC1,True
CCCc1cc(OC)cc(OCC(=O)N(C)Cc2ccccc2)c1C#N,batch_5,0.7287,2.227,352.43,3.557,62.56,0,4,2,O=C(COc1ccccc1)NCc1ccccc1,True
CCCc1cc(OC)cc2c(=O)n(C)c(-c3cnc(C(C)C)cn3)cc12,batch_11,0.6949,2.708,351.45,4.08,57.01,0,4,3,O=c1[nH]c(-c2cnccn2)cc2ccccc12,True
CCCc1cc(OC)cc2c(=O)n(CC(F)(F)F)c(CCC(=O)O)cc12,batch_11,0.8083,2.618,371.36,3.542,68.53,1,3,2,O=c1[nH]ccc2ccccc12,True
CCCc1cc(OC)cc2c(=O)n(CC(F)(F)F)ccc12,batch_11,0.8646,2.397,299.29,3.525,31.23,0,2,2,O=c1[nH]ccc2ccccc12,True
CCCc1cc(OC)cc2c(=O)n(CCC)c(CC(C)C)cc12,batch_11,0.7491,2.451,315.46,4.571,31.23,0,2,2,O=c1[nH]ccc2ccccc12,True
CCCc1cc(OC)cc2c(=O)n3c(cc12)-c1ccsc1C1CC13,batch_11,0.6915,3.689,337.44,4.733,31.23,0,3,5,O=c1c2ccccc2cc2n1C1CC1c1sccc1-2,True
CCCc1cc(OC)cc2c(=O)n3c(cc12)-c1ccsc1SCC3,batch_11,0.6748,2.899,357.5,4.797,31.23,0,4,4,O=c1c2ccccc2cc2n1CCSc1sccc1-2,True
CCCc1cc(OC)cc2c(=O)n3c(cc12)C(CC(C)C)=NC(=O)C3,batch_11,0.8386,2.979,340.42,3.338,60.66,0,3,3,O=C1Cn2c(cc3ccccc3c2=O)C=N1,True
CCCc1cc(OC)cc2c(=O)n3c(cc12)C(c1ccnnc1)=CCC3,batch_11,0.7236,3.007,347.42,3.588,57.01,0,4,4,O=c1c2ccccc2cc2n1CCC=C2c1ccnnc1,True
CCCc1cc(OC)cc2c(=O)n3c(cc12)C(c1ccnnc1)CCC3,batch_11,0.7209,3.348,349.43,3.678,57.01,0,4,4,O=c1c2ccccc2cc2n1CCCC2c1ccnnc1,True
CCCc1cc(OC)cc2c1C(=O)C1CCCCN1C2,batch_5,0.8467,2.932,273.38,3.199,29.54,0,3,3,O=C1c2ccccc2CN2CCCCC12,True
CCCc1cc(OC)cc2c1C(=O)N=C(NC(=O)CC(C)C(=O)O)C2,batch_5,0.8192,3.346,346.38,1.97,105.06,2,4,2,O=C1N=CCc2ccccc21,True
CCCc1cc(OC)cc2c1C=C1CN(C(=O)C(C)C)CCN1C2OC,batch_5,0.8085,3.605,358.48,3.447,42.01,0,4,3,C1=C2CNCCN2Cc2ccccc21,True
CCCc1cc(OC)cc2c1C=C1CN(C(C)=O)CCN1C2OC,batch_5,0.8512,3.594,330.43,2.811,42.01,0,4,3,C1=C2CNCCN2Cc2ccccc21,True
CCCc1cc(OC)cc2c1CC(=O)N(C1CCCC1)C2,batch_5,0.8483,2.545,287.4,3.475,29.54,0,2,3,O=C1Cc2ccccc2CN1C1CCCC1,True
CCCc1cc(OC)cc2c1CCC1=CC=C=C3C1=C2C(=O)N3C,batch_28,0.7932,3.623,319.4,3.799,29.54,0,2,4,O=C1NC2=C=CC=C3CCc4ccccc4C1=C23,True
CCCc1cc(OC)cc2cc3c(c(O)c12)C(=O)N(C)CC3C(=O)O,batch_28,0.8912,3.251,343.38,2.76,87.07,2,4,3,O=C1NCCc2cc3ccccc3cc21,True
CCCc1ccc(C)cc1C(=O)NC1=CC(C(C)(C)O)=CC1=C(F)F,batch_6,0.8281,3.171,347.4,4.423,49.33,2,2,2,C=C1C=CC=C1NC(=O)c1ccccc1,True
CCCc1ccc(C)cc1C(=O)NC1CCCN(C)C1=O,batch_6,0.9239,2.635,288.39,2.298,49.41,1,2,2,O=C(NC1CCCNC1=O)c1ccccc1,True
CCCc1ccc(C)cc1C(=O)NCC(O)C(C)(C)C,batch_6,0.8686,2.669,277.41,3.084,49.33,2,2,1,c1ccccc1,True
CCCc1ccc2c(CO)cc(CCC)c(C(=O)N3CCCC3)c2c1,batch_7,0.8432,2.379,339.48,4.473,40.54,1,2,3,O=C(c1cccc2ccccc12)N1CCCC1,True
CCCc1ccc2c(CO)cc(CCC)c(C(=O)N3CCCCC3)c2c1,batch_7,0.8052,2.384,353.51,4.863,40.54,1,2,3,O=C(c1cccc2ccccc12)N1CCCCC1,True
CCCc1ccc2c(CO)cc(CCC)c(C(=O)N3CCOCC3)c2c1,batch_7,0.8593,2.455,355.48,3.71,49.77,1,3,3,O=C(c1cccc2ccccc12)N1CCOCC1,True
CCCc1ccccc1C=C1Cc2ccccc2CN1CCO,batch_6,0.9012,2.591,307.44,4.031,23.47,1,2,3,C(=C1Cc2ccccc2CN1)c1ccccc1,True
CCCc1cn(C(=O)Cc2cccc(Cc3ccccc3)c2)c(=O)c(C(=O)O)c1O,batch_10,0.6251,2.5,405.45,3.678,96.6,2,4,3,O=C(Cc1cccc(Cc2ccccc2)c1)n1ccccc1=O,True
CCCc1cn(C(=O)Cc2cccc(Cc3ccccc3)c2)c(=O)c(C(C)O)c1O,batch_10,0.6219,3.028,405.49,4.033,79.53,2,4,3,O=C(Cc1cccc(Cc2ccccc2)c1)n1ccccc1=O,True
CCCc1cn(C(=O)Cc2cccc(Cc3ccccc3)c2)c(=O)c(COC)c1O,batch_10,0.6119,2.563,405.49,4.127,68.53,1,4,3,O=C(Cc1cccc(Cc2ccccc2)c1)n1ccccc1=O,True
CCCn1c(C(O)C(C)(C)C)cc2c(C(C)C)cc(OC)cc2c1=O,batch_5,0.8598,3.183,345.48,4.623,51.46,1,3,2,O=c1[nH]ccc2ccccc12,True
CCCn1cc(-c2ccc(C)c(OCC)c2)cc(C(C)(C)C)c1=O,batch_22,0.7795,2.32,327.47,4.93,31.23,0,2,2,O=c1ccc(-c2ccccc2)c[nH]1,True
CCN(c1ccccc1)S(=O)(=O)c1c(F)ccc(CC(C)(C)C)c1F,batch_5,0.7634,2.498,367.46,4.769,37.38,0,2,2,O=S(=O)(Nc1ccccc1)c1ccccc1,True
CCN1C(=O)CC(C)(c2cc(F)cc(C(=O)O)c2)c2ccccc21,batch_9,0.9371,2.907,327.36,3.587,57.61,1,2,3,O=C1CC(c2ccccc2)c2ccccc2N1,True
CCN1C=C(c2ccc3c(c2)C(C(=O)O)=COC3(C)C)N(C)C(=O)CC1,batch_9,0.9018,3.482,356.42,2.86,70.08,1,4,3,O=C1CCNC=C(c2ccc3c(c2)C=COC3)N1,True
CCN1C=C(c2ccc3c(c2)C(C(=O)O)=COC3(C)C)N2CCCC2CC1,batch_9,0.8778,3.835,368.48,3.866,53.01,1,4,4,C1=Cc2cc(C3=CNCCC4CCCN34)ccc2CO1,True
CCN1CCC(=O)OCCc2c(OC)cc(C(C)(C)C)cc2OCCC1=O,batch_4,0.7412,3.211,377.48,3.1,65.07,0,5,2,O=C1CCOc2ccccc2CCOC(=O)CCN1,True
CCN1CCC2CCN(CC(CCC(C)C)C(=O)O)CC2C1=O,batch_21,0.7805,3.646,324.47,2.314,60.85,1,3,2,O=C1NCCC2CCNCC12,True
CCNC(=O)C(NC(=O)CCC1CCCCC1CCOC)C(C)C,batch_20,0.6424,3.254,340.51,2.886,67.43,2,3,1,C1CCCCC1,True
CCNC(=O)COc1cccc(-c2cc(C(=O)O)cc(C(C)(C)C)c2)c1,batch_1,0.8248,2.058,355.43,3.864,75.63,2,3,2,c1ccc(-c2ccccc2)cc1,True
CCNC(=O)c1cc(C)cc2c1C(CCC1(C)CC(=O)N(C)C1)CCC2,batch_17,0.8719,3.781,356.51,3.813,49.41,1,2,3,O=C1CC(CCC2CCCc3ccccc32)CN1,True
CCNC(=O)c1ccc(CO)cc1NC(=O)CC(C)(C)c1ccc2ccccn2c1=O,batch_18,0.5462,2.748,421.5,2.848,99.91,3,4,3,O=C(CCc1ccc2ccccn2c1=O)Nc1ccccc1,True
CCNC(=O)c1cccc2c1Oc1ccc(C(C)C)c(CC(=O)O)c1CNC2,batch_9,0.7356,2.824,382.46,3.582,87.66,3,4,3,c1ccc2c(c1)CNCc1ccccc1O2,True
CCOC(=O)C1CCC2(CC(=O)O)CCCC2C1,batch_15,0.7832,3.587,254.33,2.611,63.6,1,3,2,C1CCC2CCCC2C1,True
CCOC(=O)CC1CC(C)(C)c2cc(C)cc(C(=O)O)c2O1,batch_17,0.8654,3.094,306.36,3.075,72.83,1,4,2,c1ccc2c(c1)CCCO2,True
CCOC(=O)CNC(=O)C1CCC2(C)CCCCC2C1,batch_3,0.806,3.334,281.4,2.662,55.4,1,3,2,C1CCC2CCCCC2C1,True
CCOC(CCCO)CNC(=O)C1CCC2(C)CCCCC2C1,batch_3,0.7199,3.866,325.49,3.277,58.56,2,3,2,C1CCC2CCCCC2C1,True
CCOC1CCOC2CC3(C(=O)NC4CC(C)C(C)(O)C4)CCCC3C12,batch_2,0.8037,5.045,365.51,2.653,67.79,2,4,4,O=C(NC1CCCC1)C12CCCC1C1CCCOC1C2,True
CCOCC1CCCC2C(C(=O)O)CC(C)CC12C,batch_14,0.8474,4.026,268.4,3.576,46.53,1,2,2,C1CCC2CCCCC2C1,True
CCOCc1cc(OC)c2c(c1)C(C)(C)CCO2,batch_23,0.8203,2.491,250.34,3.292,27.69,0,3,2,c1ccc2c(c1)CCCO2,True
CCOCc1cc(OC)c2c(c1)C(C)(O)CCO2,batch_23,0.8923,3.106,252.31,2.222,47.92,1,4,2,c1ccc2c(c1)CCCO2,True
CCOc1c(O)c(OC)cc(CN)c1OCC1CCCCC1,batch_29,0.8087,2.421,309.41,3.217,73.94,2,5,2,c1ccc(OCC2CCCCC2)cc1,True
CCOc1c(O)c(OC)cc2c1OCC1c3c(cncc3OC2)CN1C,batch_29,0.9041,4.049,358.39,2.652,73.28,1,7,4,c1ccc2c(c1)COc1cncc3c1C(CO2)NC3,True
CCOc1c(O)c(OC)cc2c1OCCCc1ncccc1OC2,batch_29,0.9318,3.157,331.37,3.099,70.04,1,6,3,c1ccc2c(c1)COc1cccnc1CCCO2,True
CCOc1cc(-c2cc(C(=O)O)c(=O)n(CC(F)(F)F)c2)ccc1C,batch_22,0.8916,2.395,355.31,3.483,68.53,1,3,2,O=c1ccc(-c2ccccc2)c[nH]1,True
CCOc1cc(-c2cc(C(C)(C)C)c(=O)n(CCO)c2)ccc1C,batch_22,0.9131,2.393,329.44,3.512,51.46,1,3,2,O=c1ccc(-c2ccccc2)c[nH]1,True
CCOc1cc(-c2cc(C(F)(F)F)c(=O)n(CCO)c2C)ccc1C,batch_22,0.8925,2.481,355.36,3.542,51.46,1,3,2,O=c1ccc(-c2ccccc2)c[nH]1,True
CCOc1cc(-c2cc(C(F)(F)F)c(=O)n3c2CCCC3)ccc1C,batch_22,0.8106,2.54,351.37,4.578,31.23,0,2,3,O=c1ccc(-c2ccccc2)c2n1CCCC2,True
CCOc1cc(-c2cc(C)c(=O)n3c2CC2COC3C2)ccc1C,batch_22,0.8652,4.391,325.41,3.622,40.46,0,3,4,O=c1ccc(-c2ccccc2)c2n1C1CC(CO1)C2,True
CCOc1cc(-c2cc(C)c(=O)n3c2CCCC(C)C3)ccc1C,batch_22,0.8316,2.938,325.45,4.503,31.23,0,2,3,O=c1ccc(-c2ccccc2)c2n1CCCCC2,True
CCOc1cc(-c2cc(C)c(=O)n3c2CCCC3)ccc1C,batch_22,0.861,2.362,297.4,3.867,31.23,0,2,3,O=c1ccc(-c2ccccc2)c2n1CCCC2,True
CCOc1cc(-c2cc(CC)c(=O)n(CC(F)(F)F)c2)ccc1C,batch_22,0.811,2.462,339.36,4.347,31.23,0,2,2,O=c1ccc(-c2ccccc2)c[nH]1,True
CCOc1cc(-c2cc(CC)c(=O)n3c2CCC3)ccc1C,batch_22,0.8607,2.421,297.4,3.731,31.23,0,2,3,O=c1ccc(-c2ccccc2)c2n1CCC2,True
CCOc1cc(-c2cn(CCO)c(=O)c3ccccc23)ccc1C,batch_22,0.7831,2.094,323.39,3.368,51.46,1,3,3,O=c1[nH]cc(-c2ccccc2)c2ccccc12,True
CCOc1cc(C2=C3C=CCC(=O)N3CC(C)C2)ccc1C,batch_22,0.8456,3.339,297.4,3.933,29.54,0,2,3,O=C1CC=CC2=C(c3ccccc3)CCCN12,True
CCOc1ccc(C2(C)CCCC2)cc1OCC(=O)N1CCCCC1,batch_29,0.7711,2.279,345.48,4.308,38.77,0,3,3,O=C(COc1cccc(C2CCCC2)c1)N1CCCCC1,True
CCc1c(C(=O)OCC(=O)NCC(C)(C)C)cc(C)cc1C(C)(C)CC,batch_26,0.7242,2.576,361.53,4.564,55.4,1,3,1,c1ccccc1,True
CCc1c(C(=O)OCCO)cc(C)cc1C(C)(C)CC,batch_26,0.8113,2.5,278.39,3.394,46.53,1,3,1,c1ccccc1,True
CCc1c(C)c(F)c(CNC(C)(C)C)c2c1CCNC2,batch_11,0.8868,3.105,278.41,3.23,24.06,2,2,2,c1ccc2c(c1)CCNC2,True
CCc1c(F)c(CNC(C)(C)C)c2c(c1F)C(CC)CNC2,batch_11,0.8778,3.795,310.43,4.012,24.06,2,2,2,c1ccc2c(c1)CCNC2,True
CCc1c(F)c(OC)c(F)c(CNC(C)(C)C)c1C(=O)NC(=O)O,batch_11,0.7644,2.948,344.36,2.832,87.66,3,4,1,c1ccccc1,True
CCc1cc(C(C)(C)C)c(OC)cc1OCc1ncccc1CO,batch_3,0.8694,2.446,329.44,4.021,51.58,1,4,2,c1ccc(OCc2ccccn2)cc1,True
CCc1cc(CC(=O)O)c(F)cc1Oc1cccc(C2CCCNC2=O)c1,batch_13,0.8098,3.013,371.41,3.801,75.63,2,3,3,O=C1NCCCC1c1cccc(Oc2ccccc2)c1,True
CCc1cc(OC)c(CCO)c2c1CCC(CC(=O)O)C2,batch_18,0.8445,3.083,292.38,2.372,66.76,2,3,2,c1ccc2c(c1)CCCC2,True
CCc1cc(OC)c2c(c1)C(NC(=O)CC(C)(C)c1ccc3ccccn3c1=O)C=C2,batch_18,0.647,3.691,416.52,4.423,59.81,1,3,4,O=C(CCc1ccc2ccccn2c1=O)NC1C=Cc2ccccc21,True
CCc1cc(OC)c2c(c1C(=O)O)C(CCC(F)(F)F)CO2,batch_26,0.8976,3.392,318.29,3.774,55.76,1,3,2,c1ccc2c(c1)CCO2,True
CCc1cc(OC)cc(CCC(=O)OC)c1C(=O)NC(C)C(C)(C)C,batch_26,0.765,2.906,349.47,3.528,64.63,1,4,1,c1ccccc1,True
CCc1cc(OC)cc(CCC(=O)OC)c1C(=O)NC(C)CC(C)(C)O,batch_26,0.6573,3.001,365.47,2.643,84.86,2,5,1,c1ccccc1,True
CCc1cc(OC)cc(CCC(=O)OC)c1C(=O)NC1CCCC(C)C1,batch_26,0.7527,3.083,361.48,3.672,64.63,1,4,2,O=C(NC1CCCCC1)c1ccccc1,True
CCc1cc(OC)cc(CCC(C)=O)c1C(=O)NC1CCCC(CC)C1O,batch_26,0.7297,3.556,375.51,3.449,75.63,2,4,2,O=C(NC1CCCCC1)c1ccccc1,True
CCc1cc(OC)cc(CCCC(F)(F)F)c1C(=O)NC(C)(C)C,batch_26,0.8135,2.533,345.41,4.671,38.33,1,2,1,c1ccccc1,True
CCc1cc(OC)cc2c1C(=O)N=C(N(C)c1ccc(C(=O)O)cc1)C2,batch_5,0.9141,2.778,352.39,3.187,79.2,1,4,3,O=C1N=C(Nc2ccccc2)Cc2ccccc21,True
CCc1cc(OC)cc2c1C(=O)NC(C)CC(=O)N(C)CCCCCC2,batch_26,0.8799,3.498,360.5,3.341,58.64,1,3,2,O=C1CCNC(=O)c2ccccc2CCCCCCN1,True
CCc1cc(OC)cc2c1C(=O)NCC(C)CC(=O)COCC(O)CC2,batch_26,0.8384,4.135,363.45,1.906,84.86,2,5,2,O=C1CCCNC(=O)c2ccccc2CCCCOC1,True
CCc1cc(OC)cc2c1C(=O)NCC1(C)CCC(CCC(O)CC2)C1,batch_26,0.8423,4.96,359.51,3.881,58.56,2,3,3,O=C1NCC2CCC(CCCCCc3ccccc31)C2,True
CCc1cc(OC)cc2c1C(=O)NCC1CCC(CCC(O)CC2)C1,batch_26,0.8625,4.743,345.48,3.491,58.56,2,3,3,O=C1NCC2CCC(CCCCCc3ccccc31)C2,True
CCc1cc2c(cc1C1CCC(C)CC1)N1CCCCC1C(=O)N2,batch_4,0.842,3.079,326.48,4.854,32.34,1,2,4,O=C1Nc2ccc(C3CCCCC3)cc2N2CCCCC12,True
CCc1cc2c(cc1OC)NCc1ccccc1C1CCC21,batch_21,0.8548,3.207,293.41,4.844,21.26,1,2,4,c1ccc2c(c1)CNc1ccccc1C1CCC21,True
CCc1ccc(C)cc1NC(=O)C(CC)CCC(C)C,batch_21,0.7485,2.518,275.44,4.958,29.1,1,1,1,c1ccccc1,True
CCc1ccc(C2CCC3CCNC(=O)C32)cc1C1(C)CCCC1,batch_1,0.8565,3.855,325.5,4.71,29.1,1,1,4,O=C1NCCC2CCC(c3cccc(C4CCCC4)c3)C12,True
CCc1ccc(N2C(=O)CN(C)CC2O)cc1C1CCC(C)CC1,batch_4,0.9258,3.197,330.47,3.14,43.78,1,3,3,O=C1CNCCN1c1cccc(C2CCCCC2)c1,True
CCc1ccc(N2C(=O)CN(C)CC2OC)cc1C1CCC(C)CC1,batch_4,0.8329,3.23,344.5,3.794,32.78,0,3,3,O=C1CNCCN1c1cccc(C2CCCCC2)c1,True
CCc1ccc(N2CCC(CC(=O)OC)CC2=O)cc1C1CCC(C)CC1,batch_4,0.6953,2.948,371.52,4.849,46.61,0,3,3,O=C1CCCCN1c1cccc(C2CCCCC2)c1,True
CCc1ccc2c(c1C1CCC(C)CC1)CCC1CN(C)CC(=O)N21,batch_4,0.8078,3.302,340.51,4.136,23.55,0,2,4,O=C1CNCC2CCc3c(C4CCCCC4)cccc3N12,True
CCc1ccccc1Oc1ccc(C(C)C)c(CC(=O)O)c1,batch_9,0.8335,2.066,298.38,4.792,46.53,1,2,2,c1ccc(Oc2ccccc2)cc1,True
CCc1cn(C(=O)Cc2cccc(Cc3ccccc3)c2)c(=O)c(C(C)O)c1O,batch_10,0.6723,3.012,391.47,3.643,79.53,2,4,3,O=C(Cc1cccc(Cc2ccccc2)c1)n1ccccc1=O,True
CCc1cn(C(=O)Cc2cccc(Cc3ccccc3)c2)c(=O)c2c1CCCC2,batch_10,0.6349,2.471,385.51,4.763,39.07,0,2,4,O=C(Cc1cccc(Cc2ccccc2)c1)n1ccc2c(c1=O)CCCC2,True
CCc1cn(C(=O)Cc2cccc(Cc3ccccc3)c2)c(=O)c2c1OCCC2F,batch_10,0.6194,3.272,405.47,4.678,48.3,0,3,4,O=C(Cc1cccc(Cc2ccccc2)c1)n1ccc2c(c1=O)CCCO2,True
CCc1cn(C(=O)Cc2cccc(Cc3ccccc3F)c2)c(=O)c2c1CCCC2,batch_10,0.6077,2.571,403.5,4.902,39.07,0,2,4,O=C(Cc1cccc(Cc2ccccc2)c1)n1ccc2c(c1=O)CCCC2,True
CCc1nc2c(nc1C(O)c1cc(C)cc(C(C)C)c1)C(C)CCN2,batch_17,0.8626,3.866,339.48,4.472,58.04,2,4,3,c1ccc(Cc2cnc3c(n2)CCCN3)cc1,True
CN(C(=O)c1cc(C(=O)O)cc(C(C)(C)C)c1)C1COC(=O)C(O)C1,batch_1,0.8002,3.471,349.38,1.431,104.14,2,5,2,O=C1CCC(NC(=O)c2ccccc2)CO1,True
CN(C)C(=O)CC1CCC(NC(=O)C2CC=CC=C2c2ccccc2)C(=O)N1,batch_16,0.8176,3.837,381.48,1.888,78.51,2,3,3,O=C1NCCCC1NC(=O)C1CC=CC=C1c1ccccc1,True
CN(CCC(C)(C)O)C(=O)c1cc(C(=O)O)cc(C(C)(C)C)c1,batch_1,0.8739,2.392,321.42,2.915,77.84,2,3,1,c1ccccc1,True
CN1C(=O)C=C2c3cccc4c3C(=CN2C2CC(C)(C)CC21)CCO4,batch_24,0.7269,4.26,336.44,3.496,32.78,0,3,5,O=C1C=C2c3cccc4c3C(=CN2C2CCCC2N1)CCO4,True
CN1CC(=O)N(c2ccc3c(c2)C(C)(C)CCC3CO)CC1C(=O)O,batch_7,0.8682,3.639,346.43,1.566,81.08,2,4,3,O=C1CNCCN1c1ccc2c(c1)CCCC2,True
CN1CCC(C(=O)NC(=O)CCC(CC2CCCC2)C(=O)O)C1,batch_6,0.7433,3.185,324.42,1.642,86.71,2,4,2,O=C(CCCCC1CCCC1)NC(=O)C1CCNC1,True
CN1CCC(C2CCC(NC(=O)C3CC=CC=C3c3ccccc3)C(=O)N2)C1,batch_16,0.8443,3.993,379.5,2.361,61.44,2,3,4,O=C1NC(C2CCNC2)CCC1NC(=O)C1CC=CC=C1c1ccccc1,True
CN1CCC(NC(=O)C2CC=CC=C2c2ccccc2)CC1,batch_16,0.93,2.959,296.41,2.857,32.34,1,2,3,O=C(NC1CCNCC1)C1CC=CC=C1c1ccccc1,True
CN1CCC2C(CCC2c2ccc(C(=O)O)c(C3(C)CCCC3)c2)C1,batch_1,0.8689,3.693,341.5,4.662,40.54,1,2,4,c1cc(C2CCCC2)cc(C2CCC3CNCCC32)c1,True
CN1CCCC(NC(=O)CCC2CCCCC2(C)C)C1=O,batch_3,0.8664,3.321,294.44,2.72,49.41,1,2,2,O=C(CCC1CCCCC1)NC1CCCNC1=O,True
CN1CCN(C(=O)CCc2cc(C(=O)O)cc(C(F)(F)F)c2)CC1,batch_24,0.9088,2.139,344.33,2.11,60.85,1,3,2,O=C(CCc1ccccc1)N1CCNCC1,True
CN1CCN(C(=O)Cc2ccccc2-c2ccccc2)CC1=O,batch_25,0.872,1.971,308.38,2.197,40.62,0,2,3,O=C1CN(C(=O)Cc2ccccc2-c2ccccc2)CCN1,True
CNC(=O)C1CCC(CNC(=O)c2cc(C(=O)O)cc(C(C)(C)C)c2)C1,batch_1,0.7519,3.028,360.45,2.574,95.5,3,3,2,O=C(NCC1CCCC1)c1ccccc1,True
CNC(=O)C1CCN(C(=O)c2cc(C(=O)O)cc(C(C)(C)C)c2)CC1,batch_1,0.879,2.135,346.43,2.28,86.71,2,3,2,O=C(c1ccccc1)N1CCCCC1,True
CNC(=O)C1Cc2ccc(C)cc2CC12C=CC(C(F)(F)F)=CC2=O,batch_5,0.847,4.361,349.35,3.07,46.17,1,2,3,O=C1C=CC=CC12CCc1ccccc1C2,True
CNC(=O)C1Cc2ccc(C)cc2CC12CCC(C(=O)O)CC2=O,batch_5,0.8678,4.18,329.4,1.896,83.47,2,3,3,O=C1CCCCC12CCc1ccccc1C2,True
CNC(=O)C1Cc2ccc(C)cc2CC12CCCCC2=O,batch_5,0.8618,3.867,285.39,2.585,46.17,1,2,3,O=C1CCCCC12CCc1ccccc1C2,True
CNC(=O)c1c(Cl)cc(C(C)(C)C)cc1OC1CCCC(COC(C)=O)C1,batch_4,0.7453,3.304,395.93,4.498,64.63,1,4,2,c1ccc(OC2CCCCC2)cc1,True
CNCc1ccccc1Oc1cc2c(c(C(=O)O)c1C)NCCCC2,batch_4,0.7686,2.609,340.42,3.953,70.59,3,4,3,c1ccc(Oc2ccc3c(c2)CCCCN3)cc1,True
COC(=O)C(C)(C)CCc1c(O)cc(OC)c2c1OCC(F)(F)C2,batch_27,0.8317,3.291,344.35,3.103,64.99,1,5,2,c1ccc2c(c1)CCCO2,True
COC(=O)C1=CCn2c(c3c4c(cc(OC)cc4c2=O)C(C)=CC3)C1,batch_11,0.7907,3.366,337.38,2.625,57.53,0,4,4,O=c1c2cccc3c2c(c2n1CC=CC2)CC=C3,True
COC(=O)C1CC(CCCO)Cc2cc(C(=O)O)ccc21,batch_18,0.8107,3.17,292.33,1.976,83.83,2,4,2,c1ccc2c(c1)CCCC2,True
COC(=O)C1CCCC1CNC(=O)c1cc(C)cc(C(C)(C)C)c1,batch_14,0.8576,2.993,331.46,3.612,55.4,1,3,2,O=C(NCC1CCCC1)c1ccccc1,True
COC(=O)CC1CC(C)(C)c2cc(C)cc(C(=O)O)c2O1,batch_17,0.8671,3.12,292.33,2.685,72.83,1,4,2,c1ccc2c(c1)CCCO2,True
COC(=O)CC1CC(NC(=O)C23CCCC2CC(C)C3)CC1(C)C,batch_2,0.7973,4.394,335.49,3.687,55.4,1,3,3,O=C(NC1CCCC1)C12CCCC1CCC2,True
COC(=O)CC1CCN(c2nccc3c(CO)cc(C(C)C)cc23)CC1,batch_7,0.8291,2.52,356.47,3.63,62.66,1,5,3,c1ccc2c(N3CCCCC3)nccc2c1,True
COC(=O)CCC1CCc2cc(C)cc(C(C)(C)O)c2O1,batch_17,0.867,3.137,292.38,2.869,55.76,1,4,2,c1ccc2c(c1)CCCO2,True
COC(=O)CCc1cc(O)cc(C2(C)CCCCC2)c1,batch_24,0.8525,2.449,276.38,3.72,46.53,1,3,2,c1ccc(C2CCCCC2)cc1,True
COC(=O)CN(C(=O)Cc1ccccc1-c1ccccc1)C(=O)OC,batch_25,0.7819,2.23,341.36,2.664,72.91,0,5,2,c1ccc(-c2ccccc2)cc1,True
COC(=O)CNC(=O)C1=NCc2c(OC)cc(C(C)(C)C)c(O)c2C1,batch_12,0.8036,3.068,348.4,1.485,97.22,2,6,2,C1=NCc2ccccc2C1,True
COC(=O)Cc1ccc(C(=O)NC(C)c2cc(C)cc(C(C)(C)C)c2)cc1,batch_16,0.7918,2.501,367.49,4.499,55.4,1,3,2,O=C(NCc1ccccc1)c1ccccc1,True
COC(=O)N1CCc2ncc(F)c(-c3ccccc3)c2CC1,batch_19,0.8127,2.31,300.33,3.055,42.43,0,3,3,c1ccc(-c2ccnc3c2CCNCC3)cc1,True
COC(=O)NCCC1=C2C=C=C(F)C=C2OC(C)=C1,batch_12,0.7964,4.07,263.27,2.869,47.56,1,3,2,C1=CC=C2OC=CC=C2C=1,True
COC1=C(C(=O)NCc2cc(CC(C)O)c(C)cc2C)CC(C)(C)C=C1,batch_28,0.8155,3.546,357.49,3.73,58.56,2,3,2,O=C(NCc1ccccc1)C1=CC=CCC1,True
COC1=CC2=C(CCC2)C(Cc2cccc(C(=O)O)c2)C1,batch_6,0.91,3.321,284.36,3.958,46.53,1,2,3,C1=CC2=C(CCC2)C(Cc2ccccc2)C1,True
COC1=CCC2(CCCCC2CCC(=O)NCCC(=O)O)C1C,batch_20,0.7546,4.32,323.43,3.104,75.63,2,3,2,C1=CCC2(C1)CCCCC2,True
COC1C=NCC2(C)CC(NC(=O)C3(C)CC4(C)OCCC4C3C)CC12,batch_2,0.8398,5.519,362.51,2.828,59.92,1,4,4,O=C(NC1CC2CC=NCC2C1)C1CC2CCOC2C1,True
COC1CC2CCCC2(C(=O)NC2CC3(C)CCC4C(=O)CCC43C2)C1,batch_2,0.8371,5.328,359.51,3.626,55.4,1,3,5,O=C1CCC23CC(NC(=O)C45CCCC4CCC5)CC2CCC13,True
COC1CC2CCCC2(C(=O)NC2CC3CCCC3(C)C2)C1,batch_2,0.8638,4.498,305.46,3.667,38.33,1,2,4,O=C(NC1CC2CCCC2C1)C12CCCC1CCC2,True
COC1CCC(C)(C(=O)NC2CC(C)C(C(C)C(=O)O)C2)C1,batch_2,0.8175,4.412,311.42,2.443,75.63,2,3,2,O=C(NC1CCCC1)C1CCCC1,True
COC1CCC(C)(C(=O)NC2CC(C)C(C(C)C(C)O)C2)C1,batch_2,0.8206,4.586,311.47,2.739,58.56,2,3,2,O=C(NC1CCCC1)C1CCCC1,True
COC1CCC(C)(C(=O)NC2CC3(C)CCC(=O)C3(O)C2)C1,batch_2,0.8296,4.63,309.41,1.57,75.63,2,4,3,O=C(NC1CC2CCC(=O)C2C1)C1CCCC1,True
COC1CCc2c(O)c(C(=O)O)cc(C(C)C)c2OC(CCO)C1,batch_22,0.7637,3.619,338.4,2.695,96.22,3,5,2,c1ccc2c(c1)CCCCCO2,True
COC1CCc2c(O)c(C(=O)O)cc(C(C)C)c2OC2CCCCC12,batch_22,0.8594,3.824,348.44,4.113,75.99,2,4,3,c1ccc2c(c1)CCCC1CCCCC1O2,True
COC1CN(C=CCc2ccccc2CC(=O)O)c2ccccc2N1,batch_15,0.8463,3.441,338.41,3.275,61.8,2,4,3,C(=CN1CCNc2ccccc21)Cc1ccccc1,True
COCC(=O)C(C)(C)C(C)(C)CCC(=O)N1CCCC(C)(C(=O)O)C1,batch_14,0.7236,3.454,355.48,2.748,83.91,1,4,1,C1CCNCC1,True
COCC(=O)C(C)(C)C(C)(C)CCC(=O)N1CCCC(C)(CO)C1,batch_14,0.7369,3.601,341.49,2.656,66.84,1,4,1,C1CCNCC1,True
COCC1CC(C)CC(c2ccc3c(c2)CCCC3O)C1,batch_7,0.9019,3.654,288.43,4.223,29.46,1,2,3,c1cc2c(cc1C1CCCCC1)CCCC2,True
COCC1CCN(C(=O)c2cc(C(=O)O)cc(C(C)(C)C)c2)C1,batch_1,0.9265,2.631,319.4,2.791,66.84,1,3,2,O=C(c1ccccc1)N1CCCC1,True
COCCC(C)N1CCc2cc(NS(=O)(=O)c3cccc(C)c3)ccc2C1=O,batch_13,0.7716,2.785,402.52,3.219,75.71,1,4,3,O=C1NCCc2cc(NS(=O)(=O)c3ccccc3)ccc21,True
COCCC(CCCO)C(=O)NCc1ccc2c(C(=O)O)ccc(C)c2c1,batch_24,0.5951,2.818,373.45,2.888,95.86,3,4,2,c1ccc2ccccc2c1,True
COCCC1=C=C(C(=O)O)C(C(O)c2cc(C)cc(C(C)C)c2)=N1,batch_17,0.7533,3.99,329.4,3.137,79.12,2,4,2,C1=CN=C(Cc2ccccc2)C=1,True
COCCC1CC(C)(C)c2cc(C)cc(C(=O)O)c2O1,batch_17,0.9188,3.155,278.35,3.158,55.76,1,3,2,c1ccc2c(c1)CCCO2,True
COCCC1CCCCC1CCC(=O)NC(=O)C(C)NCCO,batch_20,0.5612,3.466,328.45,1.223,87.66,3,5,1,C1CCCCC1,True
COCCC1CCCCC1CCC(=O)NC(=O)CN(C)C,batch_20,0.7423,3.171,298.43,1.814,58.64,1,4,1,C1CCCCC1,True
COCCC1CCCCC1CCC(=O)NC1CCCNC1=O,batch_3,0.7556,3.414,310.44,2.004,67.43,2,3,2,O=C(CCC1CCCCC1)NC1CCCNC1=O,True
COCCC1CCCCC1CCC(=O)NCC(C)c1ccccc1,batch_20,0.7218,3.097,331.5,4.529,38.33,1,2,2,O=C(CCC1CCCCC1)NCCc1ccccc1,True
COCCC1CCCCC1CCC(=O)NCC(C)c1ccccc1C,batch_20,0.6954,3.243,345.53,4.838,38.33,1,2,2,O=C(CCC1CCCCC1)NCCc1ccccc1,True
COCCC1CCCN(CCC2CC(O)CC23CCCCC3(C)C)C1=O,batch_19,0.7736,4.682,365.56,4.009,49.77,1,3,3,O=C1CCCCN1CCC1CCCC12CCCCC2,True
COCCN(C)C(=O)C(C)NC(=O)Cc1ccccc1-c1ccccc1,batch_25,0.7924,2.468,354.45,2.506,58.64,1,3,2,c1ccc(-c2ccccc2)cc1,True
COCCN1CCCC(NC(=O)CCC2CCCCC2(C)C)C1=O,batch_3,0.7764,3.326,338.49,2.737,58.64,1,3,2,O=C(CCC1CCCCC1)NC1CCCNC1=O,True
COCCN1CCN(C(=O)CCc2cc(C(=O)O)cc(C(F)(F)F)c2)CC1,batch_24,0.775,2.206,388.39,2.127,70.08,1,4,2,O=C(CCc1ccccc1)N1CCNCC1,True
COCN1CCc2ncc(F)c(-c3ccccc3)c2CC1,batch_19,0.8673,2.471,286.35,2.892,25.36,0,3,3,c1ccc(-c2ccnc3c2CCNCC3)cc1,True
COCc1c(O)c(CO)cn(C(=O)Cc2cccc(Cc3ccccc3)c2)c1=O,batch_10,0.6443,2.585,393.44,2.666,88.76,2,5,3,O=C(Cc1cccc(Cc2ccccc2)c1)n1ccccc1=O,True
COCc1cc(C(C)C)cc(-c2cccc(CN(C)C(=O)CCO)c2)c1O,batch_19,0.7428,2.488,371.48,3.67,70.0,2,4,2,c1ccc(-c2ccccc2)cc1,True
COCc1cc(C(C)C)cc(-c2cccc(CNC(C)=O)c2)c1O,batch_19,0.844,2.261,327.42,3.965,58.56,2,3,2,c1ccc(-c2ccccc2)cc1,True
COCc1cc(C(C)C)cc(-c2cccc(CNCC(=O)O)c2)c1O,batch_19,0.6836,2.367,343.42,3.503,78.79,3,4,2,c1ccc(-c2ccccc2)cc1,True
COc1c(C(=O)NCC(F)CCC(N)=O)cc(C)cc1C(C)(C)C,batch_17,0.8017,2.988,338.42,2.635,81.42,2,3,1,c1ccccc1,True
COc1c(Cl)cc(C(C)(C)C)cc1OC1CC(N)CC1C(N)=O,batch_12,0.8815,3.713,340.85,2.616,87.57,2,4,2,c1ccc(OC2CCCC2)cc1,True
COc1c(Cl)cc(C(C)(C)C)cc1OCc1cccc(CO)c1,batch_12,0.8596,2.061,334.84,4.717,38.69,1,3,2,c1ccc(COc2ccccc2)cc1,True
COc1c(F)c(CNC(C)(C)C)c2c(c1Cl)C(F)(F)C=NC2,batch_11,0.9043,3.71,334.77,4.052,33.62,1,3,2,C1=NCc2ccccc2C1,True
COc1c(F)c(CNC(C)(C)C)c2c(c1Cl)C(F)(F)CNC2,batch_11,0.885,3.519,336.79,3.571,33.29,2,3,2,c1ccc2c(c1)CCNC2,True
COc1c(F)c(CNC(C)(C)C)c2c(c1F)C(C)(C)CNC2=O,batch_11,0.8979,3.226,326.39,2.883,50.36,2,3,2,O=C1NCCc2ccccc21,True
COc1c(F)c(CNC(C)(C)C)c2c(c1F)C(C)CNC2=O,batch_11,0.9021,3.577,312.36,2.708,50.36,2,3,2,O=C1NCCc2ccccc21,True
COc1c2c(cc3c(=O)ccoc13)C(O)CCCO2,batch_15,0.8509,3.28,262.26,2.008,68.9,1,5,3,O=c1ccoc2cc3c(cc12)CCCCO3,True
COc1cc(-c2ccc(C(C)(C)C(=O)O)cc2)c(O)c(C(C)(C)C)c1,batch_12,0.8429,2.305,342.44,4.728,66.76,2,3,2,c1ccc(-c2ccccc2)cc1,True
COc1cc(-c2ccc(O)c(C)c2)c2c(c1OC)CCCCC2,batch_22,0.8382,2.224,312.41,4.654,38.69,1,3,3,c1ccc(-c2cccc3c2CCCCC3)cc1,True
COc1cc(-c2ccc(O)cc2)c2c(c1OC)CCCCC2,batch_22,0.8564,2.096,298.38,4.345,38.69,1,3,3,c1ccc(-c2cccc3c2CCCCC3)cc1,True
COc1cc(-c2cccc(C(=O)O)c2)c2c(c1OC)CCC(C)CC2,batch_22,0.8276,2.635,340.42,4.584,55.76,1,3,3,c1ccc(-c2cccc3c2CCCCC3)cc1,True
COc1cc(-c2cccc(C(=O)O)c2)c2c(c1OC)CCCCC2,batch_22,0.8493,2.118,326.39,4.338,55.76,1,3,3,c1ccc(-c2cccc3c2CCCCC3)cc1,True
COc1cc(C(=O)N2CCCC(C(=O)O)C2)cc(C(C)(C)C)c1,batch_15,0.93,2.489,319.4,2.93,66.84,1,3,2,O=C(c1ccccc1)N1CCCCC1,True
COc1cc(C(=O)NC(=O)NCc2cccc(C(=O)O)c2)cc(C(C)(C)C)c1,batch_15,0.7334,2.088,384.43,3.331,104.73,3,4,2,O=C(NCc1ccccc1)NC(=O)c1ccccc1,True
COc1cc(C(=O)NC(=O)NCc2ccccc2)cc(C(C)(C)C)c1,batch_15,0.8929,1.911,340.42,3.632,67.43,2,3,2,O=C(NCc1ccccc1)NC(=O)c1ccccc1,True
COc1cc(C(C)(C)C)c(O)c2c1CN1C(=O)CCC1C2,batch_12,0.8646,3.269,289.38,2.745,49.77,1,3,3,O=C1CCC2Cc3ccccc3CN12,True
COc1cc(C(C)(C)C)c(O)c2c1CN1C(=O)CCCC1C2,batch_12,0.8669,3.217,303.4,3.136,49.77,1,3,3,O=C1CCCC2Cc3ccccc3CN12,True
COc1cc(C(C)(C)C)c(O)c2c1CN=C(C(=O)NC(C)CC(C)=O)C2,batch_12,0.8449,3.632,360.45,2.679,87.99,2,5,2,C1=NCc2ccccc2C1,True
COc1cc(C(C)(C)C)c(O)c2c1CN=C(c1c(C)nn(C)c1C)C2,batch_12,0.9079,3.193,341.46,3.594,59.64,1,4,3,c1ccc2c(c1)CN=C(c1cn[nH]c1)C2,True
COc1cc(C(C)(C)C)c(O)c2c1CN=C(c1cn(C)nc1C=CCO)C2,batch_12,0.8683,3.553,369.47,2.983,79.87,2,5,3,c1ccc2c(c1)CN=C(c1cn[nH]c1)C2,True
COc1cc(C(C)(C)C)c(O)c2c1CN=C1C(=O)N(C)C(CO)C=C12,batch_12,0.858,3.963,344.41,1.869,82.36,2,5,3,O=C1NCC=C2C1=NCc1ccccc12,True
COc1cc(C(C)(C)C)c(O)c2c1CN=C1C(=O)N3CCCCC3(C)C=C12,batch_12,0.8196,3.936,368.48,3.821,62.13,1,4,4,O=C1C2=NCc3ccccc3C2=CC2CCCCN12,True
COc1cc(C(C)(C)C)c(O)c2c1CN=C1C(=O)NC(C)(C(=O)O)C=C12,batch_12,0.7494,3.937,358.39,2.009,108.22,3,5,3,O=C1NCC=C2C1=NCc1ccccc12,True
COc1cc(C(C)(C)C)c(OC)cc1OCCC(=O)N1CCCC1,batch_3,0.7994,2.113,335.44,3.393,48.0,0,4,2,O=C(CCOc1ccccc1)N1CCCC1,True
COc1cc(C(C)(C)C)cc(OCCC(=O)N2CCC(CO)C2)c1C,batch_4,0.8578,2.795,349.47,2.911,59.0,1,4,2,O=C(CCOc1ccccc1)N1CCCC1,True
COc1cc(C(C)(C)C)cc(OCCC(=O)O)c1CCO,batch_4,0.8077,2.325,296.36,2.381,75.99,2,4,1,c1ccccc1,True
COc1cc(C(C)=O)c(Oc2ccc(C(C)C)c(CC(=O)O)c2)c(C)c1F,batch_9,0.6988,2.617,374.41,4.888,72.83,1,4,2,c1ccc(Oc2ccccc2)cc1,True
COc1cc(C(C)C)c2cc(-c3ccc(O)cc3C)n(C)c(=O)c2c1,batch_5,0.7728,2.468,337.42,4.352,51.46,1,3,3,O=c1[nH]c(-c2ccccc2)cc2ccccc12,True
COc1cc(C(C)C)c2cc(C3CC(=O)C(O)C3)n(C)c(=O)c2c1,batch_5,0.9392,3.622,329.4,2.478,68.53,1,4,3,O=C1CCC(c2cc3ccccc3c(=O)[nH]2)C1,True
COc1cc(C(C)C)c2cc(C3CCCCC3C)n(C)c(=O)c2c1,batch_5,0.7972,3.348,327.47,4.964,31.23,0,2,3,O=c1[nH]c(C2CCCCC2)cc2ccccc12,True
COc1cc(C(C)C)c2cc(C3CCN(C)CC3C)n(C)c(=O)c2c1,batch_5,0.8524,3.515,342.48,3.726,34.47,0,3,3,O=c1[nH]c(C2CCNCC2)cc2ccccc12,True
COc1cc(C(C)C)c2cc(CCC(=O)O)n(CC(F)(F)F)c(=O)c2c1,batch_11,0.8405,2.658,371.36,3.713,68.53,1,3,2,O=c1[nH]ccc2ccccc12,True
COc1cc(C(C)C)c2cc3n(c(=O)c2c1)CCCOC3C(C)(C)C,batch_5,0.7973,3.38,343.47,4.641,40.46,0,3,3,O=c1c2ccccc2cc2n1CCCOC2,True
COc1cc(C(C)C)c2cc3n(c(=O)c2c1)CCOc1cccc(C)c1-3,batch_5,0.6838,2.643,349.43,4.501,40.46,0,3,4,O=c1c2ccccc2cc2n1CCOc1ccccc1-2,True
COc1cc(C(C)O)c(Oc2ccc(C(C)C)c(CC(=O)O)c2)c(C)c1F,batch_9,0.73,3.142,376.42,4.739,75.99,2,4,2,c1ccc(Oc2ccccc2)cc1,True
COc1cc(C(F)(F)F)c2cc3n(c(=O)c2c1)CC(F)CC3,batch_11,0.7561,3.394,315.27,3.313,31.23,0,2,3,O=c1c2ccccc2cc2n1CCCC2,True
COc1cc(C(N)=O)c(OCCC(C)(C)C(=O)O)c2c1OCCC2,batch_29,0.7876,2.729,337.37,1.999,108.08,2,5,2,c1ccc2c(c1)CCCO2,True
COc1cc(C(N)=O)c(OCCC(C)(C)C(C)OC)c2c1OCCC2,batch_29,0.7788,3.428,351.44,2.949,80.01,1,5,2,c1ccc2c(c1)CCCO2,True
COc1cc(C(N)=O)c(OCCC(C)C2CCCCC2)c2c1OCCC2,batch_29,0.7934,3.127,361.48,4.104,70.78,1,4,3,c1cc2c(c(OCCCC3CCCCC3)c1)CCCO2,True
COc1cc(C(N)=O)c(OCCC2(C)CCCC2C)c2c1OCCC2,batch_29,0.8513,3.637,347.46,3.714,70.78,1,4,3,c1cc2c(c(OCCC3CCCC3)c1)CCCO2,True
COc1cc(C2CC(CC(=O)NCC(C)C)CO2)cc(C(C)(C)C)c1,batch_28,0.8374,3.285,347.5,4.233,47.56,1,3,2,c1ccc(C2CCCO2)cc1,True
COc1cc(CCC(C)=O)c(C(=O)NC(C)C(=O)O)c(C(C)C)c1,batch_26,0.7614,2.83,335.4,2.543,92.7,2,4,1,c1ccccc1,True
COc1cc(CCNC(=O)CCC(C)(C)C)cc2c1OCCC2O,batch_23,0.8385,3.017,335.44,2.996,67.79,2,4,2,c1ccc2c(c1)CCCO2,True
COc1cc(CCNC(=O)Cc2ccccc2)cc2c1OCCC2O,batch_23,0.8467,2.689,341.41,2.413,67.79,2,4,3,O=C(Cc1ccccc1)NCCc1ccc2c(c1)CCCO2,True
COc1cc(CNC(=O)CCN(C)C)cc(C(C)(C)C)c1,batch_4,0.8759,2.043,292.42,2.561,41.57,1,3,1,c1ccccc1,True
COc1cc(CNC(=O)O)ccc1C1(C)CCCC1,batch_3,0.8759,2.346,263.34,3.295,58.56,2,2,2,c1ccc(C2CCCC2)cc1,True
COc1cc(CO)c(OCCC(C)CC(O)C(=O)O)c2c1OCCC2,batch_29,0.6203,3.541,354.4,1.753,105.45,3,6,2,c1ccc2c(c1)CCCO2,True
COc1cc(CO)c(OCCN(C)Cc2ccccc2)c2c1OCCC2,batch_29,0.787,2.445,357.45,3.023,51.16,1,5,3,c1ccc(CNCCOc2cccc3c2CCCO3)cc1,True
COc1cc(Cl)c2c(c1CC1=C(F)C=C=C1)CC(CC(=O)O)CC2,batch_18,0.8011,4.063,348.8,4.419,46.53,1,2,3,C1=CC=C(Cc2cccc3c2CCCC3)C=1,True
COc1cc(Cl)c2c3c1CCCC(=O)C=CC(C)=CC(C(=O)O)C(CC2)C3,batch_18,0.806,4.935,388.89,4.562,63.6,1,3,3,O=C1C=CC=CCC2CCc3cccc(c3C2)CCC1,True
COc1cc(Cl)cc2c1OC=CC2NC(=O)CC(C)(C)c1ccc2ccccn2c1=O,batch_18,0.6409,3.8,438.91,4.393,69.04,1,4,4,O=C(CCc1ccc2ccccn2c1=O)NC1C=COc2ccccc21,True
COc1cc(F)c(CO)c2c1C(=O)CC(CC(=O)O)C2,batch_18,0.8749,3.203,282.27,1.546,83.83,2,4,2,O=C1CCCc2ccccc21,True
COc1cc(F)c2c(c1Oc1ccccc1)C(=O)N1C(CCCC1(C)C)C2,batch_4,0.7678,3.17,369.44,4.956,38.77,0,3,4,O=C1c2c(cccc2Oc2ccccc2)CC2CCCCN12,True
COc1cc(F)c2c(c1Oc1ccccc1)C(=O)N1CC(C)CCC1C2,batch_4,0.8179,3.202,355.41,4.423,38.77,0,3,4,O=C1c2c(cccc2Oc2ccccc2)CC2CCCCN12,True
COc1cc(F)c2c(c1Oc1ccccc1)C(=O)N1CCC(=O)CC1C2=O,batch_4,0.8317,3.119,369.35,2.997,72.91,0,5,4,O=C1CCN2C(=O)c3c(Oc4ccccc4)cccc3C(=O)C2C1,True
COc1cc(F)c2c(c1Oc1ccccc1)C(=O)N1CCCC(O)C1C2,batch_4,0.9168,3.243,357.38,3.148,59.0,1,4,4,O=C1c2c(cccc2Oc2ccccc2)CC2CCCCN12,True
COc1cc(F)c2c(c1Oc1ccccc1)C(=O)N1CCCCC1C2,batch_4,0.8407,2.822,341.38,4.177,38.77,0,3,4,O=C1c2c(cccc2Oc2ccccc2)CC2CCCCN12,True
COc1cc(F)c2c(c1Oc1ccccc1)C(=O)N1CCCCC1C2=O,batch_4,0.8399,2.906,355.37,3.818,55.84,0,4,4,O=C1c2cccc(Oc3ccccc3)c2C(=O)N2CCCCC12,True
COc1cc(F)c2c(c1Oc1ccccc1)C(=O)N1CCCCC1C2CO,batch_4,0.8901,3.337,371.41,3.711,59.0,1,4,4,O=C1c2c(cccc2Oc2ccccc2)CC2CCCCN12,True
COc1cc(F)cc(C(=O)NC(=O)CCC(C)(C)C)c1Oc1ccccc1,batch_4,0.7964,2.246,373.42,4.709,64.63,1,4,2,c1ccc(Oc2ccccc2)cc1,True
COc1cc(F)cc(C(=O)NC2CCCC2)c1Oc1ccccc1,batch_4,0.8895,1.96,329.37,4.299,47.56,1,3,3,O=C(NC1CCCC1)c1ccccc1Oc1ccccc1,True
COc1cc(F)cc(C(=O)NCc2ccccc2)c1Oc1ccccc1,batch_4,0.7083,1.824,351.38,4.557,47.56,1,3,3,O=C(NCc1ccccc1)c1ccccc1Oc1ccccc1,True
COc1cc(O)c(C2CCCC3(CNC(=O)C3)C2)cc1C(C)(C)C,batch_8,0.8649,4.075,331.46,3.862,58.56,2,3,3,O=C1CC2(CCCC(c3ccccc3)C2)CN1,True
COc1cc(OC)c(C(=O)O)c2c1OCC2CCC(F)(F)F,batch_26,0.9022,3.317,320.26,3.221,64.99,1,4,2,c1ccc2c(c1)CCO2,True
COc1cc2c(CCC3(C)CCCN(C)C3=O)ccc(C)c2cc1CO,batch_25,0.8864,3.248,355.48,3.84,49.77,1,3,3,O=C1NCCCC1CCc1cccc2ccccc12,True
COc1cc2c(c(C(C)C)c1)C(=O)NC(C)(C)CCCC(C)C(=O)CC2,batch_26,0.8361,3.71,359.51,4.649,55.4,1,3,2,O=C1CCCCCNC(=O)c2ccccc2CC1,True
COc1cc2c(c(CC(C)C)c1)C(=O)N=C(NC(=O)CCC(N)=O)C2,batch_5,0.8108,2.888,345.4,1.37,110.85,2,4,2,O=C1N=CCc2ccccc21,True
COc1cc2c(c(O)c1OC)CCc1ccc(CC(=O)N3CCC(C)C3)cc1-2,batch_13,0.8794,2.953,381.47,3.586,59.0,1,4,4,O=C(Cc1ccc2c(c1)-c1ccccc1CC2)N1CCCC1,True
COc1cc2c(c(O)c1OC)CCc1ccc(CC(=O)N3CCCCC3)cc1-2,batch_13,0.8767,2.438,381.47,3.73,59.0,1,4,4,O=C(Cc1ccc2c(c1)-c1ccccc1CC2)N1CCCCC1,True
COc1cc2c(c(O)c1OC)CCc1nc3c(cc1-2)C1(C)CCCCC1CO3,batch_13,0.8349,3.931,381.47,4.41,60.81,1,5,5,c1ccc2c(c1)CCc1nc3c(cc1-2)C1CCCCC1CO3,True
COc1cc2c(c(O)c1OC)CCc1ncc(-c3cccc(F)c3F)cc1-2,batch_13,0.7378,2.664,369.37,4.515,51.58,1,4,4,c1ccc(-c2cnc3c(c2)-c2ccccc2CC3)cc1,True
COc1cc2c(c(O)c1OC)CCc1ncc(C(=O)O)cc1-2,batch_13,0.9037,2.612,301.3,2.268,88.88,2,5,3,c1ccc2c(c1)CCc1ncccc1-2,True
COc1cc2c(c(O)c1OC)CCc1ncc(C3(C)CCN(C)CC3)cc1-2,batch_13,0.8978,3.073,368.48,3.553,54.82,1,5,4,c1ccc2c(c1)CCc1ncc(C3CCNCC3)cc1-2,True
COc1cc2c(c(O)c1OC)CCc1ncc(C3(O)CCN(C)CC3)cc1-2,batch_13,0.8647,2.979,370.45,2.483,75.05,2,6,4,c1ccc2c(c1)CCc1ncc(C3CCNCC3)cc1-2,True
COc1cc2c(c(O)c1OC)CCc1ncc(C3(O)CCOC3)cc1-2,batch_13,0.889,3.529,343.38,2.178,81.04,2,6,4,c1ccc2c(c1)CCc1ncc(C3CCOC3)cc1-2,True
COc1cc2c(c(O)c1OC)CCc1ncc(C3(O)COCC3O)cc1-2,batch_13,0.7556,3.975,359.38,1.149,101.27,3,7,4,c1ccc2c(c1)CCc1ncc(C3CCOC3)cc1-2,True
COc1cc2c(c(O)c1OC)CCc1ncc(C3CCN4CCCC4C3)cc1-2,batch_13,0.8749,3.558,380.49,3.912,54.82,1,5,5,c1ccc2c(c1)CCc1ncc(C3CCN4CCCC4C3)cc1-2,True
COc1cc2c(c(O)c1OC)CCc1ncc(CC(=O)N3CCOCC3)cc1-2,batch_13,0.8681,2.729,384.43,1.971,81.12,1,6,4,O=C(Cc1cnc2c(c1)-c1ccccc1CC2)N1CCOCC1,True
COc1cc2c(c(O)c1OC)CCc1ncc(CCC3CCC=C(C)N3)cc1-2,batch_13,0.8155,3.683,380.49,4.158,63.61,2,5,4,C1=CNC(CCc2cnc3c(c2)-c2ccccc2CC3)CC1,True
COc1cc2c(c(O)c1OC)OCc1ncc(C3(C)CCCCC3)cc1-2,batch_13,0.8727,3.069,355.43,4.586,60.81,1,5,4,c1ccc2c(c1)OCc1ncc(C3CCCCC3)cc1-2,True
COc1cc2c(c(O)c1OC)OCc1ncc(C3CCCCC3)cc1-2,batch_13,0.8958,2.795,341.41,4.412,60.81,1,5,4,c1ccc2c(c1)OCc1ncc(C3CCCCC3)cc1-2,True
COc1cc2c(c(OC)c1O)OCC(C)CCC(C(F)(F)F)OC2,batch_29,0.882,4.12,350.33,3.666,57.15,1,5,2,c1ccc2c(c1)COCCCCCO2,True
COc1cc2c(c(OC)c1O)OCC(C)CN=C(C(F)(F)F)OC2,batch_29,0.8891,4.105,349.31,2.915,69.51,1,6,2,C1=NCCCOc2ccccc2CO1,True
COc1cc2c(c(OC)c1O)OCC1CCCN1C(=O)C=CC(C)OC2,batch_29,0.8685,4.279,363.41,2.254,77.46,1,6,3,O=C1C=CCOCc2ccccc2OCC2CCCN12,True
COc1cc2c(cc1C1(C)CCCC1)C(C(=O)O)CC(C(=O)O)O2,batch_3,0.8792,3.654,334.37,2.931,93.06,2,4,3,c1cc2c(cc1C1CCCC1)CCCO2,True
COc1ccc(-c2cc(OC)c(OC)c3c2CCCCC3)cc1OC,batch_22,0.7409,2.098,342.44,4.657,36.92,0,4,3,c1ccc(-c2cccc3c2CCCCC3)cc1,True
COc1ccc(C(=O)NC2CC3CCCCC3C(NC(C)=O)C2)cc1,batch_6,0.8824,3.248,344.46,2.899,67.43,2,3,3,O=C(NC1CCC2CCCCC2C1)c1ccccc1,True
COc1ccc(C)cc1N(C=CCc1ccccc1CC(=O)O)C(C)=O,batch_15,0.8233,2.655,353.42,3.74,66.84,1,3,2,C(=CNc1ccccc1)Cc1ccccc1,True
COc1ccc(CCC(C)(C)C2CCCC2)c(O)c1C1CCNO1,batch_27,0.8037,3.671,333.47,4.516,50.72,2,4,3,c1cc(CCCC2CCCC2)cc(C2CCNO2)c1,True
COc1ccc(CCC(C)(C)C2CCCC2)c2c1CC(O)CO2,batch_27,0.8865,3.299,318.46,4.14,38.69,1,3,3,c1cc2c(c(CCCC3CCCC3)c1)OCCC2,True
COc1ccc(CCCC(F)(F)F)c2c1C(=O)CC(CC(=O)O)C2,batch_18,0.8525,3.084,344.33,3.8,63.6,1,3,2,O=C1CCCc2ccccc21,True
COc1ccc(OC)c(C(=O)NCc2cc(C)cc(C(C)C)c2)c1O,batch_16,0.8377,2.175,343.42,3.771,67.79,2,4,2,O=C(NCc1ccccc1)c1ccccc1,True
COc1ccc2c(c1)CC(NC(=O)C1CC=CC=C1c1ccccc1)C2=O,batch_16,0.9078,3.393,359.43,3.579,55.4,1,3,4,O=C1c2ccccc2CC1NC(=O)C1CC=CC=C1c1ccccc1,True
COc1ccc2c3c1C(=O)CC(C3)C(C(=O)O)NC(=O)CCCCCC2,batch_18,0.8463,4.567,359.42,2.516,92.7,2,4,3,O=C1CCCCCCc2cccc3c2CC(CN1)CC3=O,True
COc1ccc2c3c1C(=O)CC(C3)C(C(=O)O)NC(C)CCCCCC2,batch_18,0.8466,4.796,359.47,3.378,75.63,2,4,3,O=C1CC2CNCCCCCCCc3cccc1c3C2,True
COc1ccc2ccn(Cc3cc(C)cc(C(C)(O)C(F)(F)F)c3)c(=O)c2c1,batch_16,0.7275,2.914,391.39,4.137,51.46,1,3,3,O=c1c2ccccc2ccn1Cc1ccccc1,True
COc1cccc(-c2ccc3c(c2)CCCC3(C)C(=O)O)c1,batch_8,0.9294,2.705,296.37,4.041,46.53,1,2,3,c1ccc(-c2ccc3c(c2)CCCC3)cc1,True
COc1cccc(-c2cnc3c(c2)-c2cc(OC)c(OC)c(O)c2CC3)c1,batch_13,0.751,2.512,363.41,4.246,60.81,1,5,4,c1ccc(-c2cnc3c(c2)-c2ccccc2CC3)cc1,True
COc1cccc(C(C)(C)C(C)(C)CCC(=O)N2CCCC(C)(O)C2)c1,batch_14,0.8278,3.226,361.53,4.153,49.77,1,3,2,O=C(CCCCc1ccccc1)N1CCCCC1,True
COc1ccccc1C(=O)NC(C)c1cc(C)cc(C(C)(C)C)c1,batch_16,0.8773,2.377,325.45,4.792,38.33,1,2,2,O=C(NCc1ccccc1)c1ccccc1,True
Cc1c(F)c(CNC(C)(C)C)c2c3c1C(=O)C=CC3CNC2,batch_11,0.8823,3.977,302.39,2.962,41.13,2,3,3,O=C1C=CC2CNCc3cccc1c32,True
Cc1c(F)c(CNC(C)(C)C)c2c3c1C(=O)CCC3CNC2,batch_11,0.8815,3.708,304.41,3.186,41.13,2,3,3,O=C1CCC2CNCc3cccc1c32,True
Cc1cc(-c2cc(F)cc(F)c2)cc2c1OCCC2O,batch_20,0.8591,2.939,276.28,3.756,29.46,1,2,3,c1ccc(-c2ccc3c(c2)CCCO3)cc1,True
Cc1cc(-c2cccc(C(N)=O)c2)cc(C(C)(C)C)c1,batch_20,0.8757,1.884,267.37,4.058,43.09,1,1,2,c1ccc(-c2ccccc2)cc1,True
Cc1cc(C(=O)NC(=O)CCC(C)C)cc(C(C)(C)C)c1,batch_14,0.9108,2.088,289.42,3.985,46.17,1,2,1,c1ccccc1,True
Cc1cc(C(=O)NCC2CCCCC2)cc(C(C)(C)C)c1,batch_14,0.8644,1.983,287.45,4.603,29.1,1,1,2,O=C(NCC1CCCCC1)c1ccccc1,True
Cc1cc(C(=O)NCC2CCCCC2)cc(C(C)(C)O)c1,batch_14,0.8905,2.132,289.42,3.533,49.33,2,2,2,O=C(NCC1CCCCC1)c1ccccc1,True
Cc1cc(C(=O)NCCC(=O)N(CC(=O)O)C(C)C)cc(C(C)(C)C)c1,batch_14,0.7807,2.282,362.47,2.734,86.71,2,3,1,c1ccccc1,True
Cc1cc(C(=O)NCCC(=O)N2C(C)CCC2C)cc(C(C)(C)C)c1,batch_14,0.9027,3.008,344.5,3.812,49.41,1,2,2,O=C(NCCC(=O)N1CCCC1)c1ccccc1,True
Cc1cc(C(=O)Nc2ccncc2CN(C)C)cc(C(C)C(F)(F)F)c1,batch_16,0.8558,3.057,365.4,4.37,45.23,1,3,2,O=C(Nc1ccncc1)c1ccccc1,True
Cc1cc(C(=O)O)c2c(c1)C(C)(C)CC(CC1OCCOCC1=O)O2,batch_17,0.9037,3.964,348.4,2.497,82.06,1,5,3,O=C1COCCOC1CC1CCc2ccccc2O1,True
Cc1cc(C(=O)O)c2c(c1)C(C)(C)CC(CC1OCCOCC1O)O2,batch_17,0.8699,4.035,350.41,2.288,85.22,2,5,3,c1ccc2c(c1)CCC(CC1CCOCCO1)O2,True
Cc1cc(C(C)(C)C)cc(CC(=O)N(CCO)c2ccc(F)cc2)c1O,batch_15,0.8556,2.402,359.44,3.705,60.77,2,3,2,O=C(Cc1ccccc1)Nc1ccccc1,True
Cc1cc(C(C)(C)C)cc(CC(=O)N(CCO)c2cccc(C(C)C)c2)c1O,batch_15,0.7607,2.524,383.53,4.69,60.77,2,3,2,O=C(Cc1ccccc1)Nc1ccccc1,True
Cc1cc(C(C)(C)C)cc(CC(=O)N2CCCC2)c1O,batch_15,0.9003,2.176,275.39,3.163,40.54,1,2,2,O=C(Cc1ccccc1)N1CCCC1,True
Cc1cc(C(C)(C)C)cc(CC(=O)N2CCCN(CCC(C)(C)O)C2=O)c1O,batch_15,0.8078,2.872,390.52,3.356,81.08,2,4,2,O=C(Cc1ccccc1)N1CCCNC1=O,True
Cc1cc(C(C)(C)C)cc(CC(=O)N2CCCc3cc(C(=O)O)ccc32)c1O,batch_15,0.8345,2.419,381.47,4.218,77.84,2,3,3,O=C(Cc1ccccc1)N1CCCc2ccccc21,True
Cc1cc(C(C)(C)C)cc(CC(=O)N2CCCc3cc(C(N)=O)ccc32)c1O,batch_15,0.853,2.453,380.49,3.619,83.63,2,3,3,O=C(Cc1ccccc1)N1CCCc2ccccc21,True
Cc1cc(C(C)(C)C)cc(CCCC(F)(F)F)c1O,batch_22,0.8322,2.406,274.33,4.883,20.23,1,1,1,c1ccccc1,True
Cc1cc(C(C)(C)C)cc2c(C(=O)NCc3ccccc3)coc12,batch_22,0.7399,2.181,321.42,4.969,42.24,1,2,3,O=C(NCc1ccccc1)c1coc2ccccc12,True
Cc1cc(C(C)(C)C)cc2c1OCCC2NC(=O)CCC(C)C,batch_5,0.8762,2.909,317.47,4.669,38.33,1,2,2,c1ccc2c(c1)CCCO2,True
Cc1cc(C(C)(C)C)cc2c1OCCC2NC(=O)Cc1ccccc1,batch_5,0.8969,2.683,337.46,4.475,38.33,1,2,3,O=C(Cc1ccccc1)NC1CCOc2ccccc21,True
Cc1cc(C(C)(C)C)cc2c1OCCC2NC(=O)Cc1ccccc1O,batch_5,0.8701,2.874,353.46,4.181,58.56,2,3,3,O=C(Cc1ccccc1)NC1CCOc2ccccc21,True
Cc1cc(C(F)(F)F)cc(CCC(=O)O)c1F,batch_19,0.8364,2.255,250.19,3.17,37.3,1,1,1,c1ccccc1,True
Cc1cc(C(N)=O)c(Oc2ccccc2)c(C(C)C)c1,batch_17,0.9113,2.023,269.34,4.01,52.32,1,2,2,c1ccc(Oc2ccccc2)cc1,True
Cc1cc(C)c(CC(C)O)cc1CNC(=O)C1=C(O)C=CC(C)(C)C1,batch_28,0.7643,3.531,343.47,3.641,69.56,3,3,2,O=C(NCc1ccccc1)C1=CC=CCC1,True
Cc1cc(C)c2c(c1)C(NC(=O)CC(C)(C)c1ccc3ccccn3c1=O)C(=O)C2,batch_18,0.7255,3.636,402.49,3.567,67.65,1,3,4,O=C(CCc1ccc2ccccn2c1=O)NC1C(=O)Cc2ccccc21,True
Cc1cc(C)c2c(c1)C(NC(=O)CC(C)(C)c1ccc3ccccn3c1=O)C=C2,batch_18,0.7193,3.668,386.5,4.468,50.58,1,2,4,O=C(CCc1ccc2ccccn2c1=O)NC1C=Cc2ccccc21,True
Cc1cc(C)c2c(c1)C(NC(=O)CC(C)(C)c1ccc3ccccn3c1=O)CCC2,batch_18,0.6829,3.331,402.54,4.778,50.58,1,2,4,O=C(CCc1ccc2ccccn2c1=O)NC1CCCc2ccccc21,True
Cc1cc(C2(C)CCCC2)cc(CC(=O)N2CCC3=CC=C(O)CC3C2)c1O,batch_15,0.798,3.684,381.52,4.695,60.77,2,3,4,O=C(Cc1cccc(C2CCCC2)c1)N1CCC2=CC=CCC2C1,True
Cc1cc(C2(C)CCCC2)cc(CC(=O)N2CCC3CC=C(O)CC3C2)c1O,batch_15,0.7899,3.805,383.53,4.775,60.77,2,3,4,O=C(Cc1cccc(C2CCCC2)c1)N1CCC2CC=CCC2C1,True
Cc1cc(C2(C)CCCC2)cc(CC(=O)N2CCCC(C(=O)O)C2)c1O,batch_15,0.8636,3.079,359.47,3.398,77.84,2,3,3,O=C(Cc1cccc(C2CCCC2)c1)N1CCCCC1,True
Cc1cc(C2(C)CCCC2)cc(CC(=O)N2CCCC(C(N)=O)C2)c1O,batch_15,0.8679,3.109,358.48,2.799,83.63,2,3,3,O=C(Cc1cccc(C2CCCC2)c1)N1CCCCC1,True
Cc1cc(C2(C)CCCC2)cc(CC(=O)N2CCCC(C(O)C(=O)O)C2)c1O,batch_15,0.7193,3.613,389.49,2.759,98.07,3,4,3,O=C(Cc1cccc(C2CCCC2)c1)N1CCCCC1,True
Cc1cc(C2(C)CCCC2)cc(CC(=O)N2CCCC(CC(=O)O)C2)c1O,batch_15,0.8231,3.143,373.49,3.788,77.84,2,3,3,O=C(Cc1cccc(C2CCCC2)c1)N1CCCCC1,True
Cc1cc(C2(C)CCCC2)cc(CC(=O)N2CCCC2C)c1O,batch_15,0.9126,3.095,315.46,4.086,40.54,1,2,3,O=C(Cc1cccc(C2CCCC2)c1)N1CCCC1,True
Cc1cc(C2CC(C(=O)O)CCO2)cc(C(F)(F)F)c1,batch_16,0.9046,3.196,288.26,3.566,46.53,1,2,2,c1ccc(C2CCCCO2)cc1,True
Cc1cc(C2CCCC(=O)O2)cc(C(F)(F)F)c1,batch_19,0.7164,2.899,258.24,3.782,26.3,0,2,2,O=C1CCCC(c2ccccc2)O1,True
Cc1cc(C2CCCC2)cc(CC(=O)N2CC3CC4C(C2=O)C34)c1O,batch_15,0.9202,4.069,339.44,3.152,57.61,1,3,5,O=C(Cc1cccc(C2CCCC2)c1)N1CC2CC3C(C1=O)C23,True
Cc1cc(C2CCCC2)cc(CC(=O)N2CC3CCC(C2=O)C3O)c1O,batch_15,0.8718,4.485,357.45,2.657,77.84,2,4,4,O=C(Cc1cccc(C2CCCC2)c1)N1CC2CCC(C2)C1=O,True
Cc1cc(C2CCCC2)cc(CC(=O)N2CCCC2)c1O,batch_15,0.9237,2.221,287.4,3.523,40.54,1,2,3,O=C(Cc1cccc(C2CCCC2)c1)N1CCCC1,True
Cc1cc(C2CCCC2)cc(CC(=O)N2CCCCC2)c1O,batch_15,0.9191,2.223,301.43,3.913,40.54,1,2,3,O=C(Cc1cccc(C2CCCC2)c1)N1CCCCC1,True
Cc1cc(C2CCCC2)cc(CC(=O)N2CCCCC2=O)c1O,batch_15,0.9293,2.441,315.41,3.44,57.61,1,3,3,O=C1CCCCN1C(=O)Cc1cccc(C2CCCC2)c1,True
Cc1cc(CC(=O)N2CCC(C)C2)cc(-c2cc(C(=O)O)cc(C(F)(F)F)c2)c1,batch_9,0.7958,2.763,405.42,4.79,57.61,1,2,3,O=C(Cc1cccc(-c2ccccc2)c1)N1CCCC1,True
Cc1cc(CC(=O)N2CCCC2=O)cc(-c2cc(C(=O)O)cc(C(F)(F)F)c2)c1,batch_9,0.8322,2.429,405.37,4.071,74.68,1,3,3,O=C1CCCN1C(=O)Cc1cccc(-c2ccccc2)c1,True
Cc1cc(CC(C)C)cc2c1OCC(NC(=O)C(F)(F)F)C2,batch_20,0.9302,3.106,315.33,3.176,38.33,1,2,2,c1ccc2c(c1)CCCO2,True
Cc1cc(CCC(=O)N2CCCCC2)cc(OC(C)c2ccn(CO)c2)c1,batch_26,0.8058,3.16,370.49,3.831,54.7,1,3,3,O=C(CCc1cccc(OCc2cc[nH]c2)c1)N1CCCCC1,True
Cc1cc(CCC(=O)N2CCN(C)CC2)cc(OC(C)c2ccn(C)c2)c1,batch_26,0.7849,2.998,369.51,3.18,37.71,0,3,3,O=C(CCc1cccc(OCc2cc[nH]c2)c1)N1CCNCC1,True
Cc1cc(CCC(=O)N2CCOCC2)cc(OC(C)c2ccn(C)c2)c1,batch_26,0.7979,3.007,356.47,3.265,43.7,0,3,3,O=C(CCc1cccc(OCc2cc[nH]c2)c1)N1CCOCC1,True
Cc1cc(CCC(=O)NC2CCCCC2)cc(OC(C)c2ccn(C)c2)c1,batch_26,0.7587,2.961,368.52,4.855,43.26,1,2,3,O=C(CCc1cccc(OCc2cc[nH]c2)c1)NC1CCCCC1,True
Cc1cc(CCC(=O)NCCC(C)C)cc(OC(F)(F)F)c1,batch_26,0.8256,2.148,317.35,3.989,38.33,1,2,1,c1ccccc1,True
Cc1cc(CCC(=O)NCCO)cc(-c2cc(C(=O)O)cc(C(F)(F)F)c2)c1,batch_9,0.6706,2.285,395.38,3.42,86.63,3,3,2,c1ccc(-c2ccccc2)cc1,True
Cc1cc(CCC(=O)NCCc2cccc(O)c2)cc(OC(F)(F)F)c1,batch_26,0.7806,2.173,367.37,3.891,58.56,2,3,2,O=C(CCc1ccccc1)NCCc1ccccc1,True
Cc1cc(CCC(=O)NCCc2ccccc2)cc(OC(F)(F)F)c1,batch_26,0.8125,1.976,351.37,4.185,38.33,1,2,2,O=C(CCc1ccccc1)NCCc1ccccc1,True
Cc1cc(CCC(=O)NCc2ccccc2F)cc(C(C)(C)C)c1,batch_24,0.8485,1.967,327.44,4.681,29.1,1,1,2,O=C(CCc1ccccc1)NCc1ccccc1,True
Cc1cc(CCC(=O)Nc2ccccc2)cc(C(F)(F)F)c1,batch_24,0.8795,1.79,307.31,4.585,29.1,1,1,2,O=C(CCc1ccccc1)Nc1ccccc1,True
Cc1cc(CCC(=O)O)cc(C(C)(C)C(=O)O)c1,batch_16,0.8409,2.182,250.29,2.374,74.6,2,2,1,c1ccccc1,True
Cc1cc(CCC(CO)NC(=O)c2ccccc2)cc(C(C)(C)C)c1,batch_20,0.8351,2.506,339.48,4.016,49.33,2,2,2,O=C(NCCCc1ccccc1)c1ccccc1,True
Cc1cc(CCC(F)(F)F)cc2c1OCCC2O,batch_20,0.8836,3.171,260.25,3.306,29.46,1,2,2,c1ccc2c(c1)CCCO2,True
Cc1cc(CCC(NC(=O)CN(C)C)C(F)(F)F)cc(C(C)(C)C)c1,batch_20,0.8381,3.028,358.45,3.834,32.34,1,2,1,c1ccccc1,True
Cc1cc(CCN2CC(C)CC2=O)cc(-c2cc(C(=O)O)cc(C(F)(F)F)c2)c1,batch_9,0.7782,2.917,405.42,4.79,57.61,1,2,3,O=C1CCCN1CCc1cccc(-c2ccccc2)c1,True
Cc1cc(CCN2CCC(C)C2=O)cc(-c2cc(C(=O)O)cc(C(F)(F)F)c2)c1,batch_9,0.7782,2.962,405.42,4.79,57.61,1,2,3,O=C1CCCN1CCc1cccc(-c2ccccc2)c1,True
Cc1cc(CCO)c(CCO)c(C2=CCc3ccccc3N2)c1,batch_6,0.7954,2.828,309.41,3.074,52.49,3,3,3,C1=C(c2ccccc2)Nc2ccccc2C1,True
Cc1cc(CN2CC(C)(C)CC2=O)cc(C(=O)NC(C)C(C)(C)C)c1F,batch_12,0.8781,3.248,362.49,4.057,49.41,1,2,2,O=C1CCCN1Cc1ccccc1,True
Cc1cc(CN2CC(C)CCC2=O)cc(C(=O)NC(C)C(C)(C)C)c1F,batch_12,0.8781,3.306,362.49,4.057,49.41,1,2,2,O=C1CCCCN1Cc1ccccc1,True
Cc1cc(CN2CCC(C)(C)CC2=O)cc(C(=O)NC(C)C(C)(C)C)c1F,batch_12,0.8441,3.204,376.52,4.447,49.41,1,2,2,O=C1CCCCN1Cc1ccccc1,True
Cc1cc(CN2CCCC(C(=O)O)C2)cc(C(=O)NC(C)C(C)(C)C)c1F,batch_12,0.8214,3.197,378.49,3.595,69.64,2,3,2,c1ccc(CN2CCCCC2)cc1,True
Cc1cc(CN2CCCC(C(=O)O)C2)cc(C(=O)NC2CCCC2O)c1F,batch_12,0.7299,3.348,378.44,2.074,89.87,3,4,3,O=C(NC1CCCC1)c1cccc(CN2CCCCC2)c1,True
Cc1cc(CN2CCN(C)C(=O)C2)cc(C(=O)NC(CO)C(C)C)c1F,batch_12,0.7934,3.046,365.45,1.155,72.88,2,4,2,O=C1CN(Cc2ccccc2)CCN1,True
Cc1cc(CN2CCN(C)C(=O)C2)cc(C(=O)NC2(C)CCCCC2)c1F,batch_12,0.8805,2.717,375.49,2.861,52.65,1,3,3,O=C1CN(Cc2cccc(C(=O)NC3CCCCC3)c2)CCN1,True
Cc1cc(CN2CCN(C)C(=O)C2)cc(C(=O)NC2CCCC2(C)C)c1F,batch_12,0.8804,3.233,375.49,2.717,52.65,1,3,3,O=C1CN(Cc2cccc(C(=O)NC3CCCC3)c2)CCN1,True
Cc1cc(CN2CCN(C)C(C)C2)cc(C(=O)NC(=O)C(F)(F)F)c1F,batch_12,0.8225,3.132,375.37,2.089,52.65,1,4,2,c1ccc(CN2CCNCC2)cc1,True
Cc1cc(CN2CCN(C)C(C)C2)cc(C(=O)NC2CCCC2(C)C)c1F,batch_12,0.8737,3.474,375.53,3.579,35.58,1,3,3,O=C(NC1CCCC1)c1cccc(CN2CCNCC2)c1,True
Cc1cc(CN2CCN(C)CC2)cc(C(=O)NC2(C)CCCCCC2)c1F,batch_12,0.8149,2.524,375.53,3.724,35.58,1,3,3,O=C(NC1CCCCCC1)c1cccc(CN2CCNCC2)c1,True
Cc1cc(CN2CCN(C)CC2)cc(C(=O)NC2CCC3CCC2C3)c1F,batch_12,0.8804,4.07,373.52,3.19,35.58,1,3,4,O=C(NC1CCC2CCC1C2)c1cccc(CN2CCNCC2)c1,True
Cc1cc(CN2CCN3CCCC3C2)cc(C(=O)NC(=O)C(C)(C)C)c1F,batch_12,0.8827,2.998,375.49,2.717,52.65,1,4,3,c1ccc(CN2CCN3CCCC3C2)cc1,True
Cc1cc(CN2CCN3CCCC3C2)cc(C(=O)NC(C)C(C)(C)C)c1F,batch_12,0.8737,3.253,375.53,3.579,35.58,1,3,3,c1ccc(CN2CCN3CCCC3C2)cc1,True
Cc1cc(CN2CCN3CCCC3C2)cc(C(=O)NCC(C)(C)C)c1F,batch_12,0.8946,2.921,361.51,3.19,35.58,1,3,3,c1ccc(CN2CCN3CCCC3C2)cc1,True
Cc1cc(CNC(=O)C2=CC=C=C2O)cc(C(C)C(F)(F)F)c1,batch_16,0.8278,3.904,323.31,3.814,49.33,2,2,2,O=C(NCc1ccccc1)C1=CC=C=C1,True
Cc1cc(CNC(=O)c2ccccc2)cc(C(C)(O)C(F)(F)F)c1,batch_16,0.8938,2.544,337.34,3.695,49.33,2,2,2,O=C(NCc1ccccc1)c1ccccc1,True
Cc1cc(CO)c2c(c1)C(NC(=O)CC(C)(C)c1ccc3ccccn3c1=O)C=C2,batch_18,0.6843,3.784,402.49,3.652,70.81,2,3,4,O=C(CCc1ccc2ccccn2c1=O)NC1C=Cc2ccccc21,True
Cc1cc(Cl)cc(Cc2cccc(C(=O)O)c2)c1,batch_6,0.9077,1.81,260.72,3.937,37.3,1,1,2,c1ccc(Cc2ccccc2)cc1,True
Cc1cc(Cl)cc2c1OC=CC2NC(=O)CC(C)(C)c1ccc2ccccn2c1=O,batch_18,0.6629,3.831,422.91,4.693,59.81,1,3,4,O=C(CCc1ccc2ccccn2c1=O)NC1C=COc2ccccc21,True
Cc1cc(Cn2ccc3ccccc3c2=O)cc(C(C)(O)C(F)(F)F)c1,batch_16,0.7623,2.827,361.36,4.128,42.23,1,2,3,O=c1c2ccccc2ccn1Cc1ccccc1,True
Cc1cc(O)c(CCC(C)(C)CCC(=O)O)c2c1CC(=O)CO2,batch_27,0.8415,3.092,320.39,3.028,83.83,2,4,2,O=C1COc2ccccc2C1,True
Cc1cc(O)c2c(c1)C(NC(=O)CC(C)(C)c1ccc3ccccn3c1=O)CCC2,batch_18,0.6854,3.381,404.51,4.175,70.81,2,3,4,O=C(CCc1ccc2ccccn2c1=O)NC1CCCc2ccccc21,True
Cc1cc(O)c2c(c1C)C(NC(=O)CC(C)(C)c1ccc3ccccn3c1=O)CCC2,batch_18,0.6561,3.519,418.54,4.483,70.81,2,3,4,O=C(CCc1ccc2ccccn2c1=O)NC1CCCc2ccccc21,True
Cc1cc2c(c(C(=O)O)c1)C(CCC(=O)O)CC(C)C2,batch_17,0.885,3.272,276.33,3.224,74.6,2,2,2,c1ccc2c(c1)CCCC2,True
Cc1cc2c(c(C(C)(C)C)c1)OCCC(=O)OC(C)CCNC2=O,batch_17,0.741,3.771,333.43,3.127,64.63,1,4,2,O=C1CCOc2ccccc2C(=O)NCCCO1,True
Cc1cc2c(c(C(C)(C)O)c1)OC(CC1CCCN(C)C1=O)CC2,batch_17,0.9253,3.71,331.46,3.175,49.77,1,3,3,O=C1NCCCC1CC1CCc2ccccc2O1,True
Cc1cc2c(c(C(C)(C)O)c1)OC1(CC2)C2C3C(=O)N(C)CCC321,batch_17,0.8616,5.179,327.42,2.394,49.77,1,3,5,O=C1NCCC23C1C2C31CCc2ccccc2O1,True
Cc1cc2c(c(C(N)=O)c1)C(CCC(=O)O)CC(C)(C)C2,batch_17,0.8937,3.199,289.38,3.015,80.39,2,2,2,c1ccc2c(c1)CCCC2,True
Cc1cc2c(c(N)n1)CC(Cc1ccc(O)cc1O)c1ccccc1-2,batch_12,0.6641,3.093,332.4,3.933,79.37,3,4,4,c1ccc(CC2Cc3cnccc3-c3ccccc32)cc1,True
Cc1cc2c(c3c1OCC(NC(=O)C(F)(F)F)C3)CCC(C)C2,batch_20,0.8607,3.611,327.35,3.102,38.33,1,2,3,c1cc2c(c3c1CCCC3)CCCO2,True
Cc1cc2c(cc1C(F)(F)F)CC(O)c1cc(O)cc(C(C)(C)O)c1O2,batch_28,0.7008,3.535,368.35,4.329,69.92,3,4,3,c1ccc2c(c1)CCc1ccccc1O2,True
Cc1cc2c(cc1C)N(C)C(=O)c1cc(O)cc(C(C)(C)C)c1O2,batch_28,0.7643,2.677,325.41,4.689,49.77,1,3,3,O=C1Nc2ccccc2Oc2ccccc21,True
Cc1cc2c(cc1C)Oc1c(cc(O)cc1C(C)(C)C)C(O)C2,batch_28,0.7418,3.203,312.41,4.688,49.69,2,3,3,c1ccc2c(c1)CCc1ccccc1O2,True
Cc1cc2c(cc1OCCC(=O)O)OCCC2(C)C,batch_22,0.9081,2.412,264.32,2.909,55.76,1,3,2,c1ccc2c(c1)CCCO2,True
Cc1cc2cc(c1)OC(C)c1ccc(nc1)CCCCCNC(=O)CC2,batch_26,0.7687,5.158,352.48,4.305,51.22,1,3,4,O=C1CCc2cccc(c2)OCc2ccc(nc2)CCCCCN1,True
Cc1cc2cc(c1)OC(C)c1ccc(nc1)NCCCC(C)NC(=O)CC2,batch_26,0.7334,5.623,367.49,4.173,63.25,2,4,4,O=C1CCc2cccc(c2)OCc2ccc(nc2)NCCCCN1,True
Cc1cc2cc(c1)OC(C)c1ccn(c1)CCC1CCCN(C1)C(=O)CC2,batch_26,0.6874,5.879,366.51,4.511,34.47,0,2,4,O=C1CCc2cccc(c2)OCc2ccn(c2)CCC2CCCN1C2,True
Cc1ccc(C(=O)O)c2ccc(CNC(=O)CC(C)(C)C)cc12,batch_24,0.8994,2.12,313.4,3.899,66.4,2,2,2,c1ccc2ccccc2c1,True
Cc1ccc(C(=O)O)c2ccc(CNC(=O)CCCC(=O)O)cc12,batch_24,0.7244,2.028,329.35,2.718,103.7,3,3,2,c1ccc2ccccc2c1,True
Cc1ccc(C(=O)O)c2ccc(CNC(=O)Cc3ccccc3)cc12,batch_24,0.7479,1.865,333.39,3.705,66.4,2,2,3,O=C(Cc1ccccc1)NCc1ccc2ccccc2c1,True
Cc1ccc(C2CCN(CCC(F)(F)F)C(=O)C2)cc1,batch_17,0.8298,2.656,285.31,3.653,20.31,0,1,2,O=C1CC(c2ccccc2)CCN1,True
Cc1ccc(C=C2C=C(O)C(=O)CC2F)c(OC2CCOC(=O)C2)c1,batch_2,0.851,4.082,346.35,3.216,72.83,1,5,3,O=C1C=CC(=Cc2ccccc2OC2CCOC(=O)C2)CC1,True
Cc1ccc(C=C2C=C(O)C(O)CC2F)c(OC2CCOC(=O)C2)c1,batch_2,0.8215,4.328,348.37,3.007,75.99,2,5,3,O=C1CC(Oc2ccccc2C=C2C=CCCC2)CCO1,True
Cc1ccc(Cc2c(C(=O)O)sc3c2N(CCC(=O)O)CC(C)(C)C3)cc1,batch_7,0.7763,2.859,387.5,4.209,77.84,2,4,3,c1ccc(Cc2csc3c2NCCC3)cc1,True
Cc1ccc(Cc2c(N3CC=NC(CO)C3=O)csc2C(N)=O)cc1,batch_7,0.8491,3.596,357.44,1.525,95.99,2,5,3,O=C1CN=CCN1c1cscc1Cc1ccccc1,True
Cc1ccc(Cc2c(N3CCOCC3=O)csc2C(N)=O)cc1,batch_7,0.933,2.615,330.41,2.109,72.63,1,4,3,O=C1COCCN1c1cscc1Cc1ccccc1,True
Cc1ccc(Cl)cc1NC(=O)C1CCCN1C(=O)C(C)c1ccccc1,batch_17,0.8676,2.651,370.88,4.382,49.41,1,2,3,O=C(Nc1ccccc1)C1CCCN1C(=O)Cc1ccccc1,True
Cc1ccc2c(c1)CC1(CNC(=O)C1)C1C(=O)N(C3CCCC3)CCC21,batch_17,0.8448,4.305,352.48,2.932,49.41,1,2,5,O=C1CC2(CN1)Cc1ccccc1C1CCN(C3CCCC3)C(=O)C12,True
Cc1ccc2c(c1)CC1CCC(NC(=O)OCC(C)C)CC1C2=O,batch_22,0.9148,3.422,329.44,3.901,55.4,1,3,3,O=C1c2ccccc2CC2CCCCC12,True
Cc1ccc2c(c1)CC1CCC(NC(=O)OCCC(=O)O)CC1C2=O,batch_22,0.8751,3.449,345.4,2.72,92.7,2,4,3,O=C1c2ccccc2CC2CCCCC12,True
Cc1ccc2c(c1)OC(CC(=O)O)Cc1nn(C)nc1C=C2,batch_2,0.9183,4.051,299.33,2.072,77.24,1,4,3,C1=Cc2n[nH]nc2CCOc2ccccc21,True
Cc1cccc(C(C)(CCCC2CCCCN2)C(=O)O)c1,batch_18,0.8401,3.216,289.42,3.65,49.33,2,2,2,c1ccc(CCCCC2CCCCN2)cc1,True
Cc1cccc(S(=O)(=O)NCCc2cccc(O)c2)c1,batch_13,0.8874,1.837,291.37,2.222,66.4,2,3,2,O=S(=O)(NCCc1ccccc1)c1ccccc1,True
Cc1cccc(S(=O)(=O)NCCc2ccccc2)c1,batch_13,0.9111,1.585,275.37,2.516,46.17,1,2,2,O=S(=O)(NCCc1ccccc1)c1ccccc1,True
Cc1cccc(S(=O)(=O)Nc2ccc(C(=O)NC3=CCC(C)(C)C3)cc2)c1,batch_13,0.81,2.413,384.5,4.23,75.27,2,3,3,O=C(NC1=CCCC1)c1ccc(NS(=O)(=O)c2ccccc2)cc1,True
Cc1cccc(S(=O)(=O)Nc2ccc(C(=O)NCC(C)C)cc2)c1,batch_13,0.8434,1.78,346.45,3.182,75.27,2,3,2,O=S(=O)(Nc1ccccc1)c1ccccc1,True
Cc1cccc(S(=O)(=O)Nc2ccc(C(=O)Nc3ccccc3)cc2)c1,batch_13,0.7153,1.64,366.44,4.048,75.27,2,3,3,O=C(Nc1ccccc1)c1ccc(NS(=O)(=O)c2ccccc2)cc1,True
Cc1cccc(S(=O)(=O)Nc2ccc(C(F)(F)F)c(F)c2)c1,batch_11,0.8646,1.99,333.31,3.954,46.17,1,2,2,O=S(=O)(Nc1ccccc1)c1ccccc1,True
Cc1cccc(S(=O)(=O)Nc2ccc(F)c(F)c2)c1,batch_11,0.9406,1.731,283.3,3.074,46.17,1,2,2,O=S(=O)(Nc1ccccc1)c1ccccc1,True
Cc1cccc(S(=O)(=O)Nc2ccc3c(=O)n(C(C)(C)O)ccc3c2)c1,batch_13,0.737,2.524,372.45,2.796,88.4,2,4,3,O=c1[nH]ccc2cc(NS(=O)(=O)c3ccccc3)ccc12,True
Cc1cccc(S(=O)(=O)Nc2ccc3c(c2)C(=O)C2CCCCN2C3=O)c1,batch_13,0.8818,2.705,384.46,2.987,83.55,1,4,4,O=C1c2cc(NS(=O)(=O)c3ccccc3)ccc2C(=O)N2CCCCC12,True
Cc1cccc(S(=O)(=O)Nc2ccc3c(c2)C(C)C2CCCCN2C3=O)c1,batch_13,0.8725,3.103,384.5,3.908,66.48,1,3,4,O=C1c2ccc(NS(=O)(=O)c3ccccc3)cc2CC2CCCCN12,True
Cc1cccc(S(=O)(=O)Nc2ccc3c(c2)C(C)CN(C(C)(C)O)C3=O)c1,batch_13,0.8427,3.129,388.49,3.084,86.71,2,4,3,O=C1NCCc2cc(NS(=O)(=O)c3ccccc3)ccc21,True
Cc1cccc(S(=O)(=O)Nc2ccc3c(c2)CC2CCCCN2C3=O)c1,batch_13,0.901,2.652,370.47,3.347,66.48,1,3,4,O=C1c2ccc(NS(=O)(=O)c3ccccc3)cc2CC2CCCCN12,True
Cc1cccc(S(=O)(=O)Nc2ccc3c(c2)CCCN(C(C)(C)O)C3=O)c1,batch_13,0.8431,2.535,388.49,2.913,86.71,2,4,3,O=C1NCCCc2cc(NS(=O)(=O)c3ccccc3)ccc21,True
Cc1ccccc1N(C)C(=O)Cc1cc(C(C)(C)C)cc(C)c1O,batch_15,0.9016,2.32,325.45,4.512,40.54,1,2,2,O=C(Cc1ccccc1)Nc1ccccc1,True
Cc1ccccc1NCc1cc(C)c(C)c(CC(F)(F)F)c1CCO,batch_6,0.7786,2.559,351.41,4.864,32.26,2,2,2,c1ccc(CNc2ccccc2)cc1,True
Cc1cn(C2CC3C(O)CCC3(C)C2)c(=O)cc1C(=O)O,batch_24,0.8727,4.06,291.35,1.967,79.53,2,3,3,O=c1ccccn1C1CC2CCCC2C1,True
Cc1cn(C2CC3CC(=O)CC3(C)C2)c(=O)cc1C(=O)O,batch_24,0.9049,4.029,289.33,2.175,76.37,1,3,3,O=C1CC2CC(n3ccccc3=O)CC2C1,True
Cc1cn(C2CC3CCCC3(C)C2)c(=O)cc1C(=O)O,batch_24,0.9022,3.838,275.35,2.996,59.3,1,2,3,O=c1ccccn1C1CC2CCCC2C1,True
Fc1cc(-c2ccccc2)cc(-c2cc(F)ccn2)c1,batch_19,0.6558,1.945,267.28,4.694,12.89,0,1,3,c1ccc(-c2cccc(-c3ccccn3)c2)cc1,True
N#Cc1cc(F)cc(C(=O)NC2CCCCC2)c1F,batch_12,0.8925,2.249,264.27,2.899,52.89,1,2,2,O=C(NC1CCCCC1)c1ccccc1,True
Nc1nc2c(c(-c3ccccc3)c1F)CCC(=O)C2,batch_19,0.8526,2.601,256.28,2.528,55.98,1,3,3,O=C1CCc2c(-c3ccccc3)ccnc2C1,True
O=C(C(c1ccccc1)c1cccc(F)c1)N1CCCC1,batch_23,0.8428,2.276,283.35,3.58,20.31,0,1,3,O=C(C(c1ccccc1)c1ccccc1)N1CCCC1,True
O=C(C(c1ccccc1)c1cccc(F)c1)N1CCOC1,batch_23,0.8676,2.643,285.32,2.774,29.54,0,2,3,O=C(C(c1ccccc1)c1ccccc1)N1CCOC1,True
O=C(CCC(CC1CCCC1)C(=O)O)NC(=O)c1ccccc1,batch_6,0.8095,2.521,317.38,3.004,83.47,2,3,2,O=C(CCCCC1CCCC1)NC(=O)c1ccccc1,True
O=C(CCCO)N1c2ccccc2CC2CCCC21,batch_8,0.9058,3.033,259.35,2.517,40.54,1,2,3,c1ccc2c(c1)CC1CCCC1N2,True
O=C(CCc1cc(C(=O)O)cc(C(F)(F)F)c1)NCc1ccccc1,batch_24,0.8348,1.914,351.32,3.653,66.4,2,2,2,O=C(CCc1ccccc1)NCc1ccccc1,True
O=C(CCc1cc(C(=O)O)cc(C(F)(F)F)c1)NCc1cccnc1,batch_24,0.8375,2.1,352.31,3.048,79.29,2,3,2,O=C(CCc1ccccc1)NCc1cccnc1,True
O=C(CCc1cc(C(=O)O)cc(C(F)(F)F)c1)NCc1cnsc1,batch_24,0.8316,2.618,358.34,3.109,79.29,2,4,2,O=C(CCc1ccccc1)NCc1cnsc1,True
O=C(CNCC1CCCC(c2ccccc2)C1)N1CC2CCCC1CC2,batch_25,0.8529,4.171,354.54,4.341,32.34,1,2,5,O=C(CNCC1CCCC(c2ccccc2)C1)N1CC2CCCC1CC2,True
O=C(CNCC1CCCC(c2ccccc2)C1)N1CCC2CCC1C2,batch_25,0.8801,4.211,340.51,3.951,32.34,1,2,4,O=C(CNCC1CCCC(c2ccccc2)C1)N1CCC2CCC1C2,True
O=C(Cc1ccccc1-c1ccccc1)N1C(CO)C(O)C2CCCC21,batch_25,0.8902,3.456,351.45,2.629,60.77,2,3,4,O=C(Cc1ccccc1-c1ccccc1)N1CCC2CCCC21,True
O=C(Cc1ccccc1-c1ccccc1)N1C(CO)CC2CCCC21,batch_25,0.9262,3.142,335.45,3.658,40.54,1,2,4,O=C(Cc1ccccc1-c1ccccc1)N1CCC2CCCC21,True
O=C(Cc1ccccc1-c1ccccc1)N1CC2CCCC3CCC1C32,batch_25,0.772,3.419,345.49,4.933,20.31,0,1,5,O=C(Cc1ccccc1-c1ccccc1)N1CC2CCCC3CCC1C32,True
O=C(Cc1ccccc1-c1ccccc1)N1CCC2CC(F)CC21,batch_25,0.8269,3.191,323.41,4.245,20.31,0,1,4,O=C(Cc1ccccc1-c1ccccc1)N1CCC2CCCC21,True
O=C(Cc1ccccc1-c1ccccc1)N1CCC2CCCC21,batch_25,0.8278,2.669,305.42,4.297,20.31,0,1,4,O=C(Cc1ccccc1-c1ccccc1)N1CCC2CCCC21,True
O=C(Cc1ccccc1-c1ccccc1)N1CCC2CNCCC21,batch_25,0.9423,2.863,320.44,3.107,32.34,1,2,4,O=C(Cc1ccccc1-c1ccccc1)N1CCC2CNCCC21,True
O=C(NC1CC=NCC1)C1CC=CC=C1c1ccccc1,batch_16,0.9083,3.827,280.37,2.996,41.46,1,2,3,O=C(NC1CC=NCC1)C1CC=CC=C1c1ccccc1,True
O=C(NCc1ccc(O)cc1-c1ccccc1)N1CCCCC1,batch_10,0.9068,1.922,310.4,3.755,52.57,2,2,3,O=C(NCc1ccccc1-c1ccccc1)N1CCCCC1,True
O=C(NCc1cccc(O)c1)C1CCCC1c1ccccc1,batch_27,0.9053,2.639,295.38,3.592,49.33,2,2,3,O=C(NCc1ccccc1)C1CCCC1c1ccccc1,True
O=C(NCc1ccccc1)C1CCCC1c1ccccc1,batch_27,0.9036,2.426,279.38,3.887,29.1,1,1,3,O=C(NCc1ccccc1)C1CCCC1c1ccccc1,True
O=C(O)C1=CCCCCCCCOc2c(cc(O)cc2C2CCOC2)CC1,batch_24,0.7928,3.71,374.48,4.573,75.99,2,4,3,C1=CCCc2cccc(C3CCOC3)c2OCCCCCCC1,True
O=C(O)C1CC(O)CN1C(=O)Cc1ccccc1-c1ccccc1,batch_25,0.9004,2.721,325.36,1.942,77.84,2,3,3,O=C(Cc1ccccc1-c1ccccc1)N1CCCC1,True
O=C(O)C1CCC2C1CCN2C(=O)Cc1ccccc1-c1ccccc1,batch_25,0.9173,3.15,349.43,3.608,57.61,1,2,4,O=C(Cc1ccccc1-c1ccccc1)N1CCC2CCCC21,True
O=C(O)C1CCCC(N2Cc3c(ccc(F)c3-c3ccccc3)C(O)C2)C1,batch_19,0.859,3.466,369.44,3.985,60.77,2,3,4,c1ccc(-c2cccc3c2CN(C2CCCCC2)CC3)cc1,True
O=C(O)C1CCCC(NC(=O)C2CC=CC=C2c2ccccc2)C1,batch_16,0.8914,3.47,325.41,3.406,66.4,2,2,3,O=C(NC1CCCCC1)C1CC=CC=C1c1ccccc1,True
O=C(O)C1CCCN(C(=O)CCC2CCCCC23CCCC(O)C3)C1,batch_20,0.8152,4.187,351.49,3.201,77.84,2,3,3,O=C(CCC1CCCCC12CCCCC2)N1CCCCC1,True
O=C(O)C1CCN(CC2CCCC(c3ccccc3)C2)C(=O)C1,batch_25,0.9274,3.115,315.41,3.284,57.61,1,2,3,O=C1CCCCN1CC1CCCC(c2ccccc2)C1,True
O=C(O)C1COC(C2CCCCC23CCCCC3)OC2C(CO)CCC2C1,batch_19,0.7745,4.872,380.53,3.978,75.99,2,4,4,C1CCC2(CC1)CCCCC2C1OCCCC2CCCC2O1,True
O=C(O)CC1CC(=O)c2c(O)ccc(CC3CCCC3)c2C1,batch_18,0.8942,3.03,302.37,3.345,74.6,2,3,3,O=C1CCCc2c(CC3CCCC3)cccc21,True
O=C(O)CCC1CC(CO)C(c2ccccc2)O1,batch_20,0.8383,3.308,250.29,1.99,66.76,2,3,2,c1ccc(C2CCCO2)cc1,True
O=C(O)CCN1Cc2c(ccc(F)c2-c2ccccc2)C(O)C1,batch_19,0.9106,2.794,315.34,2.816,60.77,2,3,3,c1ccc(-c2cccc3c2CNCC3)cc1,True
O=C(O)CCOC1CCC2(O)CCC(c3ccccc3)C2C1,batch_8,0.8774,3.601,304.39,2.955,66.76,2,3,3,c1ccc(C2CCC3CCCCC32)cc1,True
O=C(O)CCc1cccc(-c2cc(O)ccc2CO)c1,batch_6,0.7814,2.003,272.3,2.569,77.76,3,3,2,c1ccc(-c2ccccc2)cc1,True
O=C(O)CN1CCN(C(=O)CCc2cc(C(=O)O)cc(C(F)(F)F)c2)CC1,batch_24,0.7677,2.21,388.34,1.565,98.15,2,4,2,O=C(CCc1ccccc1)N1CCNCC1,True
O=C(O)CNC(=O)C1=CC2C(=O)CCCC23CCCCC3C1,batch_3,0.8358,4.369,305.37,2.063,83.47,2,3,3,O=C1CCCC23CCCCC2CC=CC13,True
O=C(O)CNC(=O)C1=CC2CC(=O)C=CC23CCCCC3C1,batch_3,0.833,4.605,303.36,1.839,83.47,2,3,3,O=C1C=CC23CCCCC2CC=CC3C1,True
O=C(O)CNC(=O)C1=CC2CC(=O)CCC23CCCCC3C1,batch_3,0.8358,4.405,305.37,2.063,83.47,2,3,3,O=C1CCC23CCCCC2CC=CC3C1,True
O=C(O)CNC(=O)C1=CC2CCCCC23CCCCC3C1,batch_3,0.8399,4.237,291.39,2.884,66.4,2,2,3,C1=CC2CCCCC23CCCCC3C1,True
O=C(O)CNC(=O)C1CC2CCCCC23CC(O)CC3C1,batch_3,0.737,4.447,295.38,1.545,86.63,3,3,3,C1CCC23CCCC2CCCC3C1,True
O=C(O)CNC(=O)CCC1CCCCC1CCO,batch_20,0.6384,3.002,257.33,1.156,86.63,3,3,1,C1CCCCC1,True
O=C(O)Cc1ccccc1CC=CN1CCn2c(=O)ncc3cc(O)cc1c32,batch_15,0.7084,3.228,377.4,2.306,95.66,2,5,4,O=c1ncc2cccc3c2n1CCN3C=CCc1ccccc1,True
O=C(O)Cc1ccccc1CC=CN1c2ccccc2NC2CCCC21,batch_15,0.8492,3.564,348.45,4.223,52.57,2,3,4,C(=CN1c2ccccc2NC2CCCC21)Cc1ccccc1,True
O=C(O)Nc1c(OCCO)ccc2c1OC=CC2NC(=O)C(F)F,batch_5,0.6209,3.791,344.27,1.476,117.12,4,5,2,C1=COc2ccccc2C1,True
O=C(O)Nc1cccc2c1OC=CC2NC(=O)C(F)F,batch_5,0.7928,3.626,284.22,2.105,87.66,3,3,2,C1=COc2ccccc2C1,True
O=C(O)c1cc(-c2cc(F)cc(F)c2)cc(C(F)(F)F)c1,batch_9,0.8374,2.079,302.2,4.349,37.3,1,1,2,c1ccc(-c2ccccc2)cc1,True
O=C(O)c1cc(-c2cccc(CCN3CCCCC3=O)c2)cc(C(F)(F)F)c1,batch_9,0.8088,2.235,391.39,4.626,57.61,1,2,3,O=C1CCCCN1CCc1cccc(-c2ccccc2)c1,True
O=C(O)c1cc(-c2cccc(CCN3CCOCC3=O)c2)cc(C(F)(F)F)c1,batch_9,0.8449,2.378,393.36,3.472,66.84,1,3,3,O=C1COCCN1CCc1cccc(-c2ccccc2)c1,True
O=C(O)c1cc(CCC(=O)N2CCN3CCCC3C2)cc(C(F)(F)F)c1,batch_24,0.8853,2.733,370.37,2.643,60.85,1,3,3,O=C(CCc1ccccc1)N1CCN2CCCC2C1,True
O=C(O)c1cc(CCC(=O)N2CCN3CCCCC3C2)cc(C(F)(F)F)c1,batch_24,0.867,2.74,384.4,3.033,60.85,1,3,3,O=C(CCc1ccccc1)N1CCN2CCCCC2C1,True
O=C(O)c1cc(CCC(=O)N2CCOCC2)cc(C(F)(F)F)c1,batch_24,0.9184,2.144,331.29,2.195,66.84,1,3,2,O=C(CCc1ccccc1)N1CCOCC1,True
O=C(O)c1cc(CCC(=O)N2CCc3ccccc3C2)cc(C(F)(F)F)c1,batch_24,0.8787,2.185,377.36,3.921,57.61,1,2,3,O=C(CCc1ccccc1)N1CCc2ccccc2C1,True
O=C(O)c1cc(CCC(F)(F)F)cc(C(F)(F)F)c1,batch_24,0.8556,2.235,286.17,3.899,37.3,1,1,1,c1ccccc1,True
O=C(O)c1cc(F)cc(C23CC(c4ccccc42)C(CO)O3)c1,batch_9,0.9138,4.444,314.31,2.646,66.76,2,3,4,c1ccc(C23CC(CO2)c2ccccc23)cc1,True
O=C(O)c1cccc(CC2C3=CC=C(O)OC3=Cc3ccccc32)c1,batch_6,0.8729,3.435,332.36,4.422,66.76,2,3,4,C1=COC2=Cc3ccccc3C(Cc3ccccc3)C2=C1,True
O=C(O)c1cccc(CC2c3ccccc3C=C3OCCCC32)c1,batch_6,0.906,3.362,320.39,4.492,46.53,1,2,4,C1=C2OCCCC2C(Cc2ccccc2)c2ccccc21,True
O=C(OF)N1CCc2ncc(F)c(-c3ccccc3)c2CC1,batch_19,0.8115,2.632,304.3,3.309,42.43,0,3,3,c1ccc(-c2ccnc3c2CCNCC3)cc1,True
O=C1CC(C2CC(CO)CC3(CCCCC3)C2)CCCCCCCN1,batch_14,0.7505,4.534,349.56,4.822,49.33,2,2,3,O=C1CC(C2CCCC3(CCCCC3)C2)CCCCCCCN1,True
O=C1CC2C(=O)N(CC3CCCC(c4ccccc4)C3)CCC2CO1,batch_25,0.792,3.668,341.45,3.372,46.61,0,3,4,O=C1CC2C(=O)N(CC3CCCC(c4ccccc4)C3)CCC2CO1,True
O=C1CN(C(=O)C(c2ccccc2)c2cccc(F)c2)C=N1,batch_23,0.8727,3.055,296.3,2.355,49.74,0,2,3,O=C1CN(C(=O)C(c2ccccc2)c2ccccc2)C=N1,True
O=C1CN(C(=O)C(c2ccccc2)c2cccc(F)c2)CN1,batch_23,0.9403,2.768,298.32,1.874,49.41,1,2,3,O=C1CN(C(=O)C(c2ccccc2)c2ccccc2)CN1,True
OC1CCCc2c(ncc(F)c2-c2ccccc2)C1,batch_19,0.7961,2.848,257.31,3.127,33.12,1,2,3,c1ccc(-c2ccnc3c2CCCCC3)cc1,True
OC1CN(C2CCCCC2)Cc2c1ccc(F)c2-c1ccccc1,batch_19,0.8668,2.841,325.43,4.674,23.47,1,2,4,c1ccc(-c2cccc3c2CN(C2CCCCC2)CC3)cc1,True
OC1CN(CCC(F)(F)F)Cc2c1ccc(F)c2-c1ccccc1,batch_19,0.8433,2.961,339.33,4.294,23.47,1,2,3,c1ccc(-c2cccc3c2CNCC3)cc1,True
OC1COC(COC2CCCC3CCCC4(CCCCC4)C32)C1O,batch_19,0.8303,4.778,338.49,3.043,58.92,2,4,4,C1CCC2(CC1)CCCC1CCCC(OCC3CCCO3)C12,True
OC1N=C2CCCN2C2=C1CCCC2c1ccccc1,batch_23,0.8495,3.813,268.36,3.035,35.83,1,3,4,c1ccc(C2CCCC3=C2N2CCCC2=NC3)cc1,True
OCC1(O)COC(COC2CCCC3CCCC4(CCCCC4)C32)C1O,batch_19,0.7101,5.019,368.51,2.405,79.15,3,5,4,C1CCC2(CC1)CCCC1CCCC(OCC3CCCO3)C12,True
OCCCN1Cc2c(ccc(F)c2-c2ccccc2)C(O)C1,batch_19,0.9124,2.811,301.36,2.724,43.7,2,3,3,c1ccc(-c2cccc3c2CNCC3)cc1,True
