候选编号,所属赛道,候选SMILES,结构文件,关键预测指标_类药性综合分,关键预测指标_QED,关键预测指标_SA,关键预测指标_新颖性最大Tanimoto,关键预测指标_对接分Vina(kcal/mol),关键预测指标_ADMET分级,关键预测指标_选择性SI百分位,关键预测指标_六维综合Tier,MW,LogP,TPSA,LogS,HBD,HBA,可旋转键,环数,Lipinski违反数,ADMET警报,可测性,姿态能量差(kcal/mol),Murcko骨架,同骨架候选数,排序,靶点,模型名称,模型版本,代码版本,随机种子,运行编号,备注
C0001,赛道 3 · 离子通道/GPCR 小分子药物虚拟筛选 · 子任务 2,Cc1cc(Cl)cc(CN(C)CCC(=O)Nc2cc3c(cc2=C(F)F)-c2ccccc2C(=O)C=3)c1,outputs/results_d3_final/structures/cand001_mol_503a8fad_20dabe8b6531.sdf,1.241,0.553,3.12,0.27,-11.56,C,,,480.94,4.758,49.41,-6.37,1.0,3.0,6,4.0,0,4,,,C=c1cc2c(cc1NC(=O)CCNCc1ccccc1)=CC(=O)c1ccccc1-2,1,1,D3,"7-eonmol (Pocket2Mol 等变图神经网络 + 口袋引导束搜索, GPCR 微调版)","7-eonmol_ft_gpcr_v2.pt — 本项目自训, 经两轮 A/B(种子 2024/2025)晋级; 基线为 ICML 2022 官方权重",7-eonmol-competition-submission,2024,D3_20260927_014218,ADMET 分级 C(风险较高)
C0002,赛道 3 · 离子通道/GPCR 小分子药物虚拟筛选 · 子任务 2,CC1OCN2C(c3cccc(Cl)c3)=CCc3c2n1c(=O)n(-c1ccccc1F)c3=O,outputs/results_d3_final/structures/cand002_mol_69f8ab5b_896817f4f437.sdf,1.264,0.628,3.64,0.301,-11.51,A,,,425.85,3.702,56.47,-5.35,0.0,4.0,2,5.0,0,0,,,O=c1c2c3n(c(=O)n1-c1ccccc1)COCN3C(c1ccccc1)=CC2,9,2,D3,"7-eonmol (Pocket2Mol 等变图神经网络 + 口袋引导束搜索, GPCR 微调版)","7-eonmol_ft_gpcr_v2.pt — 本项目自训, 经两轮 A/B(种子 2024/2025)晋级; 基线为 ICML 2022 官方权重",7-eonmol-competition-submission,2024,D3_20260927_014218,
C0003,赛道 3 · 离子通道/GPCR 小分子药物虚拟筛选 · 子任务 2,Cc1cc(Cl)cc(CN(C)CCC(=O)Nc2cc3c(cc2=C(F)F)C2=C=CC=C2C(=O)C=3)c1,outputs/results_d3_final/structures/cand003_mol_89bc8504_6a166c28a5b0.sdf,1.267,0.656,3.888,0.257,-11.36,B,,,466.92,3.955,49.41,-5.63,1.0,3.0,6,4.0,0,2,,,C=c1cc2c(cc1NC(=O)CCNCc1ccccc1)=CC(=O)C1=CC=C=C12,1,3,D3,"7-eonmol (Pocket2Mol 等变图神经网络 + 口袋引导束搜索, GPCR 微调版)","7-eonmol_ft_gpcr_v2.pt — 本项目自训, 经两轮 A/B(种子 2024/2025)晋级; 基线为 ICML 2022 官方权重",7-eonmol-competition-submission,2024,D3_20260927_014218,
C0004,赛道 3 · 离子通道/GPCR 小分子药物虚拟筛选 · 子任务 2,O=C(Cc1cc(F)cc(C(=O)O)c1)NC=CC=c1cc(F)cc2c1=C(C1CCCC1)OC2(F)F,outputs/results_d3_final/structures/cand004_mol_7993bdb0_c52537971a29.sdf,1.261,0.625,3.642,0.237,-11.36,B,,,475.44,3.694,75.63,-5.48,2.0,3.0,6,4.0,0,1,,,O=C(Cc1ccccc1)NC=CC=c1cccc2c1=C(C1CCCC1)OC2,7,4,D3,"7-eonmol (Pocket2Mol 等变图神经网络 + 口袋引导束搜索, GPCR 微调版)","7-eonmol_ft_gpcr_v2.pt — 本项目自训, 经两轮 A/B(种子 2024/2025)晋级; 基线为 ICML 2022 官方权重",7-eonmol-competition-submission,2024,D3_20260927_014218,
C0005,赛道 3 · 离子通道/GPCR 小分子药物虚拟筛选 · 子任务 2,Cc1ccccc1CCC(=O)N1CCCC1(C)C(=O)Nc1cccc2cccc(O)c12,outputs/results_d3_final/structures/cand005_mol_776554fa_a067da8dba12.sdf,1.333,0.627,2.939,0.366,-11.21,C,,,416.52,4.806,69.64,-6.01,2.0,3.0,5,4.0,0,4,,,O=C(Nc1cccc2ccccc12)C1CCCN1C(=O)CCc1ccccc1,3,5,D3,"7-eonmol (Pocket2Mol 等变图神经网络 + 口袋引导束搜索, GPCR 微调版)","7-eonmol_ft_gpcr_v2.pt — 本项目自训, 经两轮 A/B(种子 2024/2025)晋级; 基线为 ICML 2022 官方权重",7-eonmol-competition-submission,2024,D3_20260927_014218,ADMET 分级 C(风险较高)
C0006,赛道 3 · 离子通道/GPCR 小分子药物虚拟筛选 · 子任务 2,Cc1ccccc1CCC(=O)N1CCCC1(C)C(=O)Nc1cc(F)cc2cccc(O)c12,outputs/results_d3_final/structures/cand006_mol_776554fa_d7cf7bce0cf6.sdf,1.29,0.597,3.07,0.308,-11.14,C,,,434.51,4.945,69.64,-6.23,2.0,3.0,5,4.0,0,4,,,O=C(Nc1cccc2ccccc12)C1CCCN1C(=O)CCc1ccccc1,3,6,D3,"7-eonmol (Pocket2Mol 等变图神经网络 + 口袋引导束搜索, GPCR 微调版)","7-eonmol_ft_gpcr_v2.pt — 本项目自训, 经两轮 A/B(种子 2024/2025)晋级; 基线为 ICML 2022 官方权重",7-eonmol-competition-submission,2024,D3_20260927_014218,ADMET 分级 C(风险较高)
C0007,赛道 3 · 离子通道/GPCR 小分子药物虚拟筛选 · 子任务 2,O=C(Cc1ccccc1)NC=CC=c1cc(F)cc2c1=C(C1CCCC1)OC2(F)F,outputs/results_d3_final/structures/cand007_mol_7993bdb0_a4ada15b6044.sdf,1.461,0.809,3.474,0.28,-11.08,A,,,413.44,3.857,38.33,-5.25,1.0,2.0,5,4.0,0,0,,,O=C(Cc1ccccc1)NC=CC=c1cccc2c1=C(C1CCCC1)OC2,7,7,D3,"7-eonmol (Pocket2Mol 等变图神经网络 + 口袋引导束搜索, GPCR 微调版)","7-eonmol_ft_gpcr_v2.pt — 本项目自训, 经两轮 A/B(种子 2024/2025)晋级; 基线为 ICML 2022 官方权重",7-eonmol-competition-submission,2024,D3_20260927_014218,
C0008,赛道 3 · 离子通道/GPCR 小分子药物虚拟筛选 · 子任务 2,O=C(CNC(=O)c1ccccc1)NC=CC=c1cc(F)cc2c1=C(C1CCCC1)OC2(F)F,outputs/results_d3_final/structures/cand008_mol_d3631c54_0f227df9eafc.sdf,1.358,0.702,3.44,0.274,-11.04,A,,,456.46,3.044,67.43,-4.88,2.0,3.0,6,4.0,0,0,,,O=C(CNC(=O)c1ccccc1)NC=CC=c1cccc2c1=C(C1CCCC1)OC2,1,8,D3,"7-eonmol (Pocket2Mol 等变图神经网络 + 口袋引导束搜索, GPCR 微调版)","7-eonmol_ft_gpcr_v2.pt — 本项目自训, 经两轮 A/B(种子 2024/2025)晋级; 基线为 ICML 2022 官方权重",7-eonmol-competition-submission,2024,D3_20260927_014218,
C0009,赛道 3 · 离子通道/GPCR 小分子药物虚拟筛选 · 子任务 2,O=C(Nc1ccc2cc(O)c(C(F)(F)F)cc2c1)C1=NC2=CC3=CCCC(O)C3CC2=N1,outputs/results_d3_final/structures/cand009_mol_262e53ce_9f88cfa4b952.sdf,1.226,0.647,4.216,0.231,-10.95,B,,,441.41,4.341,94.28,-5.82,3.0,5.0,2,5.0,0,1,,,O=C(Nc1ccc2ccccc2c1)C1=NC2=CC3=CCCCC3CC2=N1,1,9,D3,"7-eonmol (Pocket2Mol 等变图神经网络 + 口袋引导束搜索, GPCR 微调版)","7-eonmol_ft_gpcr_v2.pt — 本项目自训, 经两轮 A/B(种子 2024/2025)晋级; 基线为 ICML 2022 官方权重",7-eonmol-competition-submission,2024,D3_20260927_014218,
C0010,赛道 3 · 离子通道/GPCR 小分子药物虚拟筛选 · 子任务 2,O=C(Cc1cccc(-c2cccnc2)c1)NC=CC=c1cc(F)cc2c1=C(C1CCCC1)OC2(F)F,outputs/results_d3_final/structures/cand010_mol_c88db19a_3c013b5d2f27.sdf,1.183,0.534,3.512,0.29,-10.85,C,,,490.53,4.919,51.22,-6.54,1.0,3.0,6,5.0,0,3,,,O=C(Cc1cccc(-c2cccnc2)c1)NC=CC=c1cccc2c1=C(C1CCCC1)OC2,1,10,D3,"7-eonmol (Pocket2Mol 等变图神经网络 + 口袋引导束搜索, GPCR 微调版)","7-eonmol_ft_gpcr_v2.pt — 本项目自训, 经两轮 A/B(种子 2024/2025)晋级; 基线为 ICML 2022 官方权重",7-eonmol-competition-submission,2024,D3_20260927_014218,ADMET 分级 C(风险较高)
C0011,赛道 3 · 离子通道/GPCR 小分子药物虚拟筛选 · 子任务 2,O=C(Cc1cccc(C(=O)O)c1)NC=CC=c1cc(F)cc2c1=C(C1CCCC1)OC2(F)F,outputs/results_d3_final/structures/cand011_mol_7993bdb0_f67db34481f8.sdf,1.343,0.696,3.534,0.246,-10.82,B,,,457.45,3.555,75.63,-5.27,2.0,3.0,6,4.0,0,1,,,O=C(Cc1ccccc1)NC=CC=c1cccc2c1=C(C1CCCC1)OC2,7,11,D3,"7-eonmol (Pocket2Mol 等变图神经网络 + 口袋引导束搜索, GPCR 微调版)","7-eonmol_ft_gpcr_v2.pt — 本项目自训, 经两轮 A/B(种子 2024/2025)晋级; 基线为 ICML 2022 官方权重",7-eonmol-competition-submission,2024,D3_20260927_014218,
C0012,赛道 3 · 离子通道/GPCR 小分子药物虚拟筛选 · 子任务 2,COc1ccccc1CC(=O)NC=CC=c1cc(F)cc2c1=C(C1CCCC1)OC2(F)F,outputs/results_d3_final/structures/cand012_mol_7993bdb0_767c61185540.sdf,1.386,0.738,3.514,0.278,-10.7,A,,,443.47,3.865,47.56,-5.41,1.0,3.0,6,4.0,0,0,,,O=C(Cc1ccccc1)NC=CC=c1cccc2c1=C(C1CCCC1)OC2,7,12,D3,"7-eonmol (Pocket2Mol 等变图神经网络 + 口袋引导束搜索, GPCR 微调版)","7-eonmol_ft_gpcr_v2.pt — 本项目自训, 经两轮 A/B(种子 2024/2025)晋级; 基线为 ICML 2022 官方权重",7-eonmol-competition-submission,2024,D3_20260927_014218,
C0013,赛道 3 · 离子通道/GPCR 小分子药物虚拟筛选 · 子任务 2,Cc1ccccc1CCC(=O)N1CCCC1c1ccc(-c2cccc(=O)o2)cc1,outputs/results_d3_final/structures/cand013_mol_757d427e_ca3bfcbded9a.sdf,1.358,0.625,2.668,0.36,-10.68,C,,,387.48,4.912,50.52,-5.94,0.0,3.0,5,4.0,0,3,,,O=C(CCc1ccccc1)N1CCCC1c1ccc(-c2cccc(=O)o2)cc1,1,13,D3,"7-eonmol (Pocket2Mol 等变图神经网络 + 口袋引导束搜索, GPCR 微调版)","7-eonmol_ft_gpcr_v2.pt — 本项目自训, 经两轮 A/B(种子 2024/2025)晋级; 基线为 ICML 2022 官方权重",7-eonmol-competition-submission,2024,D3_20260927_014218,ADMET 分级 C(风险较高)
C0014,赛道 3 · 离子通道/GPCR 小分子药物虚拟筛选 · 子任务 2,COC1CC=C2N=C(C(=O)Nc3ccc4cc(O)c(C(F)(F)F)cc4c3)N=C2C1,outputs/results_d3_final/structures/cand014_mol_0e8e2c9b_98d4e939f910.sdf,1.433,0.811,3.783,0.237,-10.67,B,,,403.36,4.049,83.28,-5.35,2.0,5.0,3,4.0,0,1,,,O=C(Nc1ccc2ccccc2c1)C1=NC2=CCCCC2=N1,2,14,D3,"7-eonmol (Pocket2Mol 等变图神经网络 + 口袋引导束搜索, GPCR 微调版)","7-eonmol_ft_gpcr_v2.pt — 本项目自训, 经两轮 A/B(种子 2024/2025)晋级; 基线为 ICML 2022 官方权重",7-eonmol-competition-submission,2024,D3_20260927_014218,
C0015,赛道 3 · 离子通道/GPCR 小分子药物虚拟筛选 · 子任务 2,Cc1ccccc1CCC(=O)N1CCCC1(C)C(=O)Nc1cccc2ccc(O)cc12,outputs/results_d3_final/structures/cand015_mol_776554fa_f1ad13b61b34.sdf,1.337,0.627,2.9,0.366,-10.59,C,,,416.52,4.806,69.64,-6.01,2.0,3.0,5,4.0,0,4,,,O=C(Nc1cccc2ccccc12)C1CCCN1C(=O)CCc1ccccc1,3,15,D3,"7-eonmol (Pocket2Mol 等变图神经网络 + 口袋引导束搜索, GPCR 微调版)","7-eonmol_ft_gpcr_v2.pt — 本项目自训, 经两轮 A/B(种子 2024/2025)晋级; 基线为 ICML 2022 官方权重",7-eonmol-competition-submission,2024,D3_20260927_014218,ADMET 分级 C(风险较高)
C0016,赛道 3 · 离子通道/GPCR 小分子药物虚拟筛选 · 子任务 2,COC(C)N1C=C2C=C3N=C(C(=O)Nc4ccc5cc(O)c(C(F)(F)F)cc5c4)N=C3CC2C1C,outputs/results_d3_final/structures/cand016_mol_118886df_ccd904cb58b4.sdf,1.182,0.65,4.683,0.223,-10.54,C,,,484.48,4.84,86.52,-6.41,2.0,6.0,4,5.0,0,5,,,O=C(Nc1ccc2ccccc2c1)C1=NC2=CC3=CNCC3CC2=N1,1,16,D3,"7-eonmol (Pocket2Mol 等变图神经网络 + 口袋引导束搜索, GPCR 微调版)","7-eonmol_ft_gpcr_v2.pt — 本项目自训, 经两轮 A/B(种子 2024/2025)晋级; 基线为 ICML 2022 官方权重",7-eonmol-competition-submission,2024,D3_20260927_014218,ADMET 分级 C(风险较高)
C0017,赛道 3 · 离子通道/GPCR 小分子药物虚拟筛选 · 子任务 2,O=C(Nc1ccc2cc(O)c(C(F)(F)F)cc2c1)C1=NC2=CC3CCOC3CC2=N1,outputs/results_d3_final/structures/cand017_mol_af8fdd67_056d0d53dcd2.sdf,1.358,0.776,4.183,0.231,-10.53,B,,,415.37,4.049,83.28,-5.45,2.0,5.0,2,5.0,0,1,,,O=C(Nc1ccc2ccccc2c1)C1=NC2=CC3CCOC3CC2=N1,1,17,D3,"7-eonmol (Pocket2Mol 等变图神经网络 + 口袋引导束搜索, GPCR 微调版)","7-eonmol_ft_gpcr_v2.pt — 本项目自训, 经两轮 A/B(种子 2024/2025)晋级; 基线为 ICML 2022 官方权重",7-eonmol-competition-submission,2024,D3_20260927_014218,
C0018,赛道 3 · 离子通道/GPCR 小分子药物虚拟筛选 · 子任务 2,O=C(Nc1ccc2cc(O)c(C(F)(F)F)cc2c1)C1=NC2=CCC(C(=O)O)CC2=N1,outputs/results_d3_final/structures/cand018_mol_0e8e2c9b_84981d27a74f.sdf,1.335,0.707,3.72,0.236,-10.53,B,,,417.34,3.734,111.35,-5.2,3.0,5.0,3,4.0,0,2,,,O=C(Nc1ccc2ccccc2c1)C1=NC2=CCCCC2=N1,2,18,D3,"7-eonmol (Pocket2Mol 等变图神经网络 + 口袋引导束搜索, GPCR 微调版)","7-eonmol_ft_gpcr_v2.pt — 本项目自训, 经两轮 A/B(种子 2024/2025)晋级; 基线为 ICML 2022 官方权重",7-eonmol-competition-submission,2024,D3_20260927_014218,
C0019,赛道 3 · 离子通道/GPCR 小分子药物虚拟筛选 · 子任务 2,O=C(CNC(=O)c1ccoc1)NC=CC=c1cc(F)cc2c1=C(C1CCCC1)OC2(F)F,outputs/results_d3_final/structures/cand019_mol_a84bf78c_2c06e15a1cca.sdf,1.34,0.715,3.748,0.214,-10.51,B,,,446.43,2.637,80.57,-4.51,2.0,4.0,6,4.0,0,1,,,O=C(CNC(=O)c1ccoc1)NC=CC=c1cccc2c1=C(C1CCCC1)OC2,1,19,D3,"7-eonmol (Pocket2Mol 等变图神经网络 + 口袋引导束搜索, GPCR 微调版)","7-eonmol_ft_gpcr_v2.pt — 本项目自训, 经两轮 A/B(种子 2024/2025)晋级; 基线为 ICML 2022 官方权重",7-eonmol-competition-submission,2024,D3_20260927_014218,
C0020,赛道 3 · 离子通道/GPCR 小分子药物虚拟筛选 · 子任务 2,Cc1ccccc1CCC(=O)N1CCCC1(C)C(=O)Nc1cccc(F)c1C,outputs/results_d3_final/structures/cand020_mol_646db1d3_561f7a45bf4e.sdf,1.551,0.834,2.825,0.306,-10.48,B,,,382.48,4.395,49.41,-5.46,1.0,2.0,5,3.0,0,2,,,O=C(Nc1ccccc1)C1CCCN1C(=O)CCc1ccccc1,4,20,D3,"7-eonmol (Pocket2Mol 等变图神经网络 + 口袋引导束搜索, GPCR 微调版)","7-eonmol_ft_gpcr_v2.pt — 本项目自训, 经两轮 A/B(种子 2024/2025)晋级; 基线为 ICML 2022 官方权重",7-eonmol-competition-submission,2024,D3_20260927_014218,
C0021,赛道 3 · 离子通道/GPCR 小分子药物虚拟筛选 · 子任务 2,O=C(Nc1ccc2cc(O)c(C(F)(F)F)cc2c1)c1coc(C2CCNC2)n1,outputs/results_d3_final/structures/cand021_mol_b3c3cf7f_51b1bc851073.sdf,1.314,0.631,3.169,0.248,-10.45,C,,,391.35,3.881,87.39,-5.22,3.0,5.0,3,4.0,0,3,,,O=C(Nc1ccc2ccccc2c1)c1coc(C2CCNC2)n1,1,21,D3,"7-eonmol (Pocket2Mol 等变图神经网络 + 口袋引导束搜索, GPCR 微调版)","7-eonmol_ft_gpcr_v2.pt — 本项目自训, 经两轮 A/B(种子 2024/2025)晋级; 基线为 ICML 2022 官方权重",7-eonmol-competition-submission,2024,D3_20260927_014218,ADMET 分级 C(风险较高)
C0022,赛道 3 · 离子通道/GPCR 小分子药物虚拟筛选 · 子任务 2,O=C(Cc1cccc(F)c1)NC=CC=c1cc(F)cc2c1=C(C1CCCC1)OC2(F)F,outputs/results_d3_final/structures/cand022_mol_7993bdb0_4b95f81946b1.sdf,1.372,0.727,3.554,0.248,-10.41,A,,,431.43,3.996,38.33,-5.46,1.0,2.0,5,4.0,0,0,,,O=C(Cc1ccccc1)NC=CC=c1cccc2c1=C(C1CCCC1)OC2,7,22,D3,"7-eonmol (Pocket2Mol 等变图神经网络 + 口袋引导束搜索, GPCR 微调版)","7-eonmol_ft_gpcr_v2.pt — 本项目自训, 经两轮 A/B(种子 2024/2025)晋级; 基线为 ICML 2022 官方权重",7-eonmol-competition-submission,2024,D3_20260927_014218,
C0023,赛道 3 · 离子通道/GPCR 小分子药物虚拟筛选 · 子任务 2,O=C(Nc1ccc2cc(O)c(C(F)(F)F)cc2c1)C1=NC2=CC=CCC2=N1,outputs/results_d3_final/structures/cand023_mol_12b2f2fd_7d494df70a4f.sdf,1.505,0.83,3.257,0.245,-10.39,B,,,371.32,4.2,74.05,-5.29,2.0,4.0,2,4.0,0,1,,,O=C(Nc1ccc2ccccc2c1)C1=NC2=CC=CCC2=N1,1,23,D3,"7-eonmol (Pocket2Mol 等变图神经网络 + 口袋引导束搜索, GPCR 微调版)","7-eonmol_ft_gpcr_v2.pt — 本项目自训, 经两轮 A/B(种子 2024/2025)晋级; 基线为 ICML 2022 官方权重",7-eonmol-competition-submission,2024,D3_20260927_014218,
C0024,赛道 3 · 离子通道/GPCR 小分子药物虚拟筛选 · 子任务 2,CC1COc2cccc(CN3CCOC(CCOc4ccc(C(F)(F)F)c(O)c4)C3)c2O1,outputs/results_d3_final/structures/cand024_mol_c1b1af42_fe371bba2580.sdf,1.352,0.706,3.545,0.272,-10.35,C,,,453.46,4.241,60.39,-5.76,1.0,6.0,6,4.0,0,3,,,c1ccc(OCCC2CN(Cc3cccc4c3OCCO4)CCO2)cc1,2,24,D3,"7-eonmol (Pocket2Mol 等变图神经网络 + 口袋引导束搜索, GPCR 微调版)","7-eonmol_ft_gpcr_v2.pt — 本项目自训, 经两轮 A/B(种子 2024/2025)晋级; 基线为 ICML 2022 官方权重",7-eonmol-competition-submission,2024,D3_20260927_014218,ADMET 分级 C(风险较高)
C0025,赛道 3 · 离子通道/GPCR 小分子药物虚拟筛选 · 子任务 2,CC(C)n1c2c(c(=O)n(-c3ccccc3)c1=O)CC=C(c1cccc(Cl)c1)N2,outputs/results_d3_final/structures/cand025_mol_8538a96a_991c41a86c35.sdf,1.446,0.724,2.774,0.387,-10.28,B,,,393.87,4.243,56.03,-5.54,1.0,3.0,3,4.0,0,1,,,O=c1[nH]c2c(c(=O)n1-c1ccccc1)CC=C(c1ccccc1)N2,3,25,D3,"7-eonmol (Pocket2Mol 等变图神经网络 + 口袋引导束搜索, GPCR 微调版)","7-eonmol_ft_gpcr_v2.pt — 本项目自训, 经两轮 A/B(种子 2024/2025)晋级; 基线为 ICML 2022 官方权重",7-eonmol-competition-submission,2024,D3_20260927_014218,
C0026,赛道 3 · 离子通道/GPCR 小分子药物虚拟筛选 · 子任务 2,O=C(CNCc1cccc2ccccc12)N1CCN(C(=O)OC2CCCCC2)CC1,outputs/results_d3_final/structures/cand026_mol_c0b2b568_c0b2b5681efd.sdf,1.598,0.821,2.225,0.338,-10.27,B,,,409.53,3.543,61.88,-4.97,1.0,4.0,5,4.0,0,2,,,O=C(CNCc1cccc2ccccc12)N1CCN(C(=O)OC2CCCCC2)CC1,1,26,D3,"7-eonmol (Pocket2Mol 等变图神经网络 + 口袋引导束搜索, GPCR 微调版)","7-eonmol_ft_gpcr_v2.pt — 本项目自训, 经两轮 A/B(种子 2024/2025)晋级; 基线为 ICML 2022 官方权重",7-eonmol-competition-submission,2024,D3_20260927_014218,
C0027,赛道 3 · 离子通道/GPCR 小分子药物虚拟筛选 · 子任务 2,CC(CC(F)(F)F)OC(=O)N1CCN(C(=O)CNCc2cccc3ccccc23)CC1,outputs/results_d3_final/structures/cand027_mol_b307e018_4d907d3e61cc.sdf,1.462,0.751,2.888,0.338,-10.27,C,,,437.46,3.551,61.88,-5.12,1.0,4.0,6,3.0,0,3,,,O=C(CNCc1cccc2ccccc12)N1CCNCC1,7,27,D3,"7-eonmol (Pocket2Mol 等变图神经网络 + 口袋引导束搜索, GPCR 微调版)","7-eonmol_ft_gpcr_v2.pt — 本项目自训, 经两轮 A/B(种子 2024/2025)晋级; 基线为 ICML 2022 官方权重",7-eonmol-competition-submission,2024,D3_20260927_014218,ADMET 分级 C(风险较高)
C0028,赛道 3 · 离子通道/GPCR 小分子药物虚拟筛选 · 子任务 2,O=C(O)C(O)n1c2c(c(=O)n(-c3ccccc3F)c1=O)CC=C(c1cccc(Cl)c1)N2,outputs/results_d3_final/structures/cand028_mol_8538a96a_ca11d9bfb36c.sdf,1.222,0.57,3.485,0.298,-10.27,B,,,443.82,2.376,113.56,-4.43,3.0,5.0,4,4.0,0,1,,,O=c1[nH]c2c(c(=O)n1-c1ccccc1)CC=C(c1ccccc1)N2,3,28,D3,"7-eonmol (Pocket2Mol 等变图神经网络 + 口袋引导束搜索, GPCR 微调版)","7-eonmol_ft_gpcr_v2.pt — 本项目自训, 经两轮 A/B(种子 2024/2025)晋级; 基线为 ICML 2022 官方权重",7-eonmol-competition-submission,2024,D3_20260927_014218,
C0029,赛道 3 · 离子通道/GPCR 小分子药物虚拟筛选 · 子任务 2,O=C(CNCc1cccc2ccccc12)N1CCN(C(=O)OC2CCCC2)CC1,outputs/results_d3_final/structures/cand029_mol_24a81bdf_24a81bdfa750.sdf,1.624,0.845,2.205,0.331,-10.23,B,,,395.5,3.153,61.88,-4.59,1.0,4.0,5,4.0,0,2,,,O=C(CNCc1cccc2ccccc12)N1CCN(C(=O)OC2CCCC2)CC1,1,29,D3,"7-eonmol (Pocket2Mol 等变图神经网络 + 口袋引导束搜索, GPCR 微调版)","7-eonmol_ft_gpcr_v2.pt — 本项目自训, 经两轮 A/B(种子 2024/2025)晋级; 基线为 ICML 2022 官方权重",7-eonmol-competition-submission,2024,D3_20260927_014218,
C0030,赛道 3 · 离子通道/GPCR 小分子药物虚拟筛选 · 子任务 2,Cc1ccccc1CCC(=O)N1CCCC1(C)C(=O)Nc1ccccc1C,outputs/results_d3_final/structures/cand030_mol_646db1d3_f24d1b5ba7bb.sdf,1.594,0.862,2.675,0.316,-10.2,B,,,364.49,4.256,49.41,-5.25,1.0,2.0,5,3.0,0,2,,,O=C(Nc1ccccc1)C1CCCN1C(=O)CCc1ccccc1,4,30,D3,"7-eonmol (Pocket2Mol 等变图神经网络 + 口袋引导束搜索, GPCR 微调版)","7-eonmol_ft_gpcr_v2.pt — 本项目自训, 经两轮 A/B(种子 2024/2025)晋级; 基线为 ICML 2022 官方权重",7-eonmol-competition-submission,2024,D3_20260927_014218,
C0031,赛道 3 · 离子通道/GPCR 小分子药物虚拟筛选 · 子任务 2,CCc1ccccc1CNCC(=O)N1CCN2C3=C(C=CC(C(F)(F)F)O3)C(O)CC2C1,outputs/results_d3_final/structures/cand031_mol_fde1a6a4_9e95803795f5.sdf,1.297,0.72,4.23,0.269,-10.2,B,,,451.49,2.345,65.04,-4.29,2.0,5.0,5,4.0,0,2,,,O=C(CNCc1ccccc1)N1CCN2C3=C(C=CCO3)CCC2C1,1,31,D3,"7-eonmol (Pocket2Mol 等变图神经网络 + 口袋引导束搜索, GPCR 微调版)","7-eonmol_ft_gpcr_v2.pt — 本项目自训, 经两轮 A/B(种子 2024/2025)晋级; 基线为 ICML 2022 官方权重",7-eonmol-competition-submission,2024,D3_20260927_014218,
C0032,赛道 3 · 离子通道/GPCR 小分子药物虚拟筛选 · 子任务 2,O=C(Nc1ccccc1C(=O)O)c1cccc(CCOc2ccc(C(F)(F)F)c(O)c2)c1,outputs/results_d3_final/structures/cand032_mol_fbe58f31_bc7f19b2a362.sdf,1.259,0.477,2.181,0.333,-10.2,C,,,445.39,4.983,95.86,-6.3,3.0,4.0,7,3.0,0,3,,,O=C(Nc1ccccc1)c1cccc(CCOc2ccccc2)c1,1,32,D3,"7-eonmol (Pocket2Mol 等变图神经网络 + 口袋引导束搜索, GPCR 微调版)","7-eonmol_ft_gpcr_v2.pt — 本项目自训, 经两轮 A/B(种子 2024/2025)晋级; 基线为 ICML 2022 官方权重",7-eonmol-competition-submission,2024,D3_20260927_014218,ADMET 分级 C(风险较高)
C0033,赛道 3 · 离子通道/GPCR 小分子药物虚拟筛选 · 子任务 2,Cc1cc(Cl)cc(CN(CCC(=O)N2CCC(O)C(C)Cc3ccccc3C2)C(=O)O)c1,outputs/results_d3_final/structures/cand033_mol_d725af3d_491d1b111218.sdf,1.318,0.691,3.73,0.347,-10.19,C,,,458.99,4.491,81.08,-6.0,2.0,3.0,5,3.0,0,3,,,O=C(CCNCc1ccccc1)N1CCCCCc2ccccc2C1,1,33,D3,"7-eonmol (Pocket2Mol 等变图神经网络 + 口袋引导束搜索, GPCR 微调版)","7-eonmol_ft_gpcr_v2.pt — 本项目自训, 经两轮 A/B(种子 2024/2025)晋级; 基线为 ICML 2022 官方权重",7-eonmol-competition-submission,2024,D3_20260927_014218,ADMET 分级 C(风险较高)
C0034,赛道 3 · 离子通道/GPCR 小分子药物虚拟筛选 · 子任务 2,CC12C(=O)CC(COc3ccc(C(F)(F)F)c(O)c3)CC1Oc1ccccc12,outputs/results_d3_final/structures/cand034_mol_13e0de0c_1ae845e4ea65.sdf,1.45,0.837,3.864,0.286,-10.16,B,,,392.37,4.488,55.76,-5.64,1.0,4.0,3,4.0,0,1,,,O=C1CC(COc2ccccc2)CC2Oc3ccccc3C12,1,34,D3,"7-eonmol (Pocket2Mol 等变图神经网络 + 口袋引导束搜索, GPCR 微调版)","7-eonmol_ft_gpcr_v2.pt — 本项目自训, 经两轮 A/B(种子 2024/2025)晋级; 基线为 ICML 2022 官方权重",7-eonmol-competition-submission,2024,D3_20260927_014218,
C0035,赛道 3 · 离子通道/GPCR 小分子药物虚拟筛选 · 子任务 2,NC(=O)c1cccc(CC(=O)NC=CC=c2cc(F)cc3c2=C(C2CCCC2)OC3(F)F)c1,outputs/results_d3_final/structures/cand035_mol_7993bdb0_f59ce57c33f2.sdf,1.345,0.702,3.562,0.233,-10.14,A,,,456.46,2.956,81.42,-4.82,2.0,3.0,6,4.0,0,0,,,O=C(Cc1ccccc1)NC=CC=c1cccc2c1=C(C1CCCC1)OC2,7,35,D3,"7-eonmol (Pocket2Mol 等变图神经网络 + 口袋引导束搜索, GPCR 微调版)","7-eonmol_ft_gpcr_v2.pt — 本项目自训, 经两轮 A/B(种子 2024/2025)晋级; 基线为 ICML 2022 官方权重",7-eonmol-competition-submission,2024,D3_20260927_014218,
C0036,赛道 3 · 离子通道/GPCR 小分子药物虚拟筛选 · 子任务 2,CCc1ccccc1CNCC(=O)N1CCN2C(=CCC3=C2OC(C(F)(F)F)CC3)C1,outputs/results_d3_final/structures/cand036_mol_a70c3b15_f873eba4819a.sdf,1.384,0.766,3.821,0.264,-10.11,B,,,435.49,3.723,44.81,-5.22,1.0,4.0,5,4.0,0,2,,,O=C(CNCc1ccccc1)N1CCN2C(=CCC3=C2OCCC3)C1,1,36,D3,"7-eonmol (Pocket2Mol 等变图神经网络 + 口袋引导束搜索, GPCR 微调版)","7-eonmol_ft_gpcr_v2.pt — 本项目自训, 经两轮 A/B(种子 2024/2025)晋级; 基线为 ICML 2022 官方权重",7-eonmol-competition-submission,2024,D3_20260927_014218,
C0037,赛道 3 · 离子通道/GPCR 小分子药物虚拟筛选 · 子任务 2,CC1Oc2cccc(CN3CCOC(CCOc4ccc(C(F)(F)F)c(O)c4)C3)c2OC1O,outputs/results_d3_final/structures/cand037_mol_c1b1af42_ca4ef8f7b616.sdf,1.28,0.67,3.897,0.26,-10.03,C,,,469.46,3.559,80.62,-5.35,2.0,7.0,6,4.0,0,3,,,c1ccc(OCCC2CN(Cc3cccc4c3OCCO4)CCO2)cc1,2,37,D3,"7-eonmol (Pocket2Mol 等变图神经网络 + 口袋引导束搜索, GPCR 微调版)","7-eonmol_ft_gpcr_v2.pt — 本项目自训, 经两轮 A/B(种子 2024/2025)晋级; 基线为 ICML 2022 官方权重",7-eonmol-competition-submission,2024,D3_20260927_014218,ADMET 分级 C(风险较高)
C0038,赛道 3 · 离子通道/GPCR 小分子药物虚拟筛选 · 子任务 2,CC=C(NC(=O)C1(C)CCCN1C(=O)CCc1ccccc1C)c1ccccc1O,outputs/results_d3_final/structures/cand038_mol_bcf615e1_ca56625cdbe6.sdf,1.431,0.756,3.247,0.312,-9.97,B,,,406.53,4.192,69.64,-5.43,2.0,3.0,6,3.0,0,2,,,C=C(NC(=O)C1CCCN1C(=O)CCc1ccccc1)c1ccccc1,2,38,D3,"7-eonmol (Pocket2Mol 等变图神经网络 + 口袋引导束搜索, GPCR 微调版)","7-eonmol_ft_gpcr_v2.pt — 本项目自训, 经两轮 A/B(种子 2024/2025)晋级; 基线为 ICML 2022 官方权重",7-eonmol-competition-submission,2024,D3_20260927_014218,
C0039,赛道 3 · 离子通道/GPCR 小分子药物虚拟筛选 · 子任务 2,O=C(O)C(O)n1c2c(c(=O)n(-c3cccc(F)c3)c1=O)CC=C(c1cccc(Cl)c1)N2,outputs/results_d3_final/structures/cand039_mol_8538a96a_b2b06e87d66f.sdf,1.221,0.57,3.492,0.298,-9.9,B,,,443.82,2.376,113.56,-4.43,3.0,5.0,4,4.0,0,1,,,O=c1[nH]c2c(c(=O)n1-c1ccccc1)CC=C(c1ccccc1)N2,3,39,D3,"7-eonmol (Pocket2Mol 等变图神经网络 + 口袋引导束搜索, GPCR 微调版)","7-eonmol_ft_gpcr_v2.pt — 本项目自训, 经两轮 A/B(种子 2024/2025)晋级; 基线为 ICML 2022 官方权重",7-eonmol-competition-submission,2024,D3_20260927_014218,
C0040,赛道 3 · 离子通道/GPCR 小分子药物虚拟筛选 · 子任务 2,CCc1ccccc1CNCC(=O)N1CCN2C3=C(COC(C(F)(F)F)O3)C(O)CC2C1,outputs/results_d3_final/structures/cand040_mol_f7d0eea3_7ad6a8377048.sdf,1.282,0.705,4.236,0.252,-9.89,B,,,455.48,1.763,74.27,-3.89,2.0,6.0,5,4.0,0,1,,,O=C(CNCc1ccccc1)N1CCN2C3=C(CCC2C1)COCO3,1,40,D3,"7-eonmol (Pocket2Mol 等变图神经网络 + 口袋引导束搜索, GPCR 微调版)","7-eonmol_ft_gpcr_v2.pt — 本项目自训, 经两轮 A/B(种子 2024/2025)晋级; 基线为 ICML 2022 官方权重",7-eonmol-competition-submission,2024,D3_20260927_014218,
C0041,赛道 3 · 离子通道/GPCR 小分子药物虚拟筛选 · 子任务 2,CCc1ccccc1CNCC(=O)N1CCN(C2=CC=CC(C(F)(F)F)O2)CC1,outputs/results_d3_final/structures/cand041_mol_d4b7519d_8390911598ab.sdf,1.445,0.785,3.402,0.333,-9.87,B,,,409.45,2.842,44.81,-4.38,1.0,4.0,6,3.0,0,2,,,O=C(CNCc1ccccc1)N1CCN(C2=CC=CCO2)CC1,1,41,D3,"7-eonmol (Pocket2Mol 等变图神经网络 + 口袋引导束搜索, GPCR 微调版)","7-eonmol_ft_gpcr_v2.pt — 本项目自训, 经两轮 A/B(种子 2024/2025)晋级; 基线为 ICML 2022 官方权重",7-eonmol-competition-submission,2024,D3_20260927_014218,
C0042,赛道 3 · 离子通道/GPCR 小分子药物虚拟筛选 · 子任务 2,CC(CC=CF)OCc1cc(Cl)c(O)c(C=c2cnc3c(c2)C2NC(=O)CC4=C2C(=CC4)C=3)c1,outputs/results_d3_final/structures/cand042_mol_eda91812_3b0054497b2e.sdf,1.163,0.657,4.939,0.193,-9.83,B,,,478.95,4.03,71.45,-5.75,2.0,4.0,6,5.0,0,1,,,O=C1CC2=C3C(=CC2)C=c2ncc(=Cc4ccccc4)cc2C3N1,1,42,D3,"7-eonmol (Pocket2Mol 等变图神经网络 + 口袋引导束搜索, GPCR 微调版)","7-eonmol_ft_gpcr_v2.pt — 本项目自训, 经两轮 A/B(种子 2024/2025)晋级; 基线为 ICML 2022 官方权重",7-eonmol-competition-submission,2024,D3_20260927_014218,
C0043,赛道 3 · 离子通道/GPCR 小分子药物虚拟筛选 · 子任务 2,Cc1ccccc1CCC(=O)N1CCCC1(C)C(=O)N1NC=CC=C1c1cccc2c1OCCCO2,outputs/results_d3_final/structures/cand043_mol_4478cf48_ff1c1cc2ce50.sdf,1.305,0.678,3.733,0.305,-9.81,C,,,487.6,4.372,71.11,-6.08,1.0,5.0,5,5.0,0,4,,,O=C(C1CCCN1C(=O)CCc1ccccc1)N1NC=CC=C1c1cccc2c1OCCCO2,1,43,D3,"7-eonmol (Pocket2Mol 等变图神经网络 + 口袋引导束搜索, GPCR 微调版)","7-eonmol_ft_gpcr_v2.pt — 本项目自训, 经两轮 A/B(种子 2024/2025)晋级; 基线为 ICML 2022 官方权重",7-eonmol-competition-submission,2024,D3_20260927_014218,ADMET 分级 C(风险较高)
C0044,赛道 3 · 离子通道/GPCR 小分子药物虚拟筛选 · 子任务 2,Cc1ccccc1CCC(=O)N1CCCC2Oc3ccccc3CC21C,outputs/results_d3_final/structures/cand044_mol_caf0a453_1b4ae389bfd5.sdf,1.492,0.826,3.34,0.348,-9.8,B,,,349.47,4.312,29.54,-5.25,0.0,2.0,3,4.0,0,2,,,O=C(CCc1ccccc1)N1CCCC2Oc3ccccc3CC21,1,44,D3,"7-eonmol (Pocket2Mol 等变图神经网络 + 口袋引导束搜索, GPCR 微调版)","7-eonmol_ft_gpcr_v2.pt — 本项目自训, 经两轮 A/B(种子 2024/2025)晋级; 基线为 ICML 2022 官方权重",7-eonmol-competition-submission,2024,D3_20260927_014218,
C0045,赛道 3 · 离子通道/GPCR 小分子药物虚拟筛选 · 子任务 2,CC(C)N1CCCC(=O)NCC2NC(CCC1=O)c1cccc3cccc2c13,outputs/results_d3_final/structures/cand045_mol_d01de8f7_a365d6f5a1bf.sdf,1.323,0.798,4.746,0.261,-9.8,B,,,379.5,3.452,61.44,-4.81,2.0,3.0,1,4.0,0,2,,,O=C1CCC2NC(CNC(=O)CCCN1)c1cccc3cccc2c13,1,45,D3,"7-eonmol (Pocket2Mol 等变图神经网络 + 口袋引导束搜索, GPCR 微调版)","7-eonmol_ft_gpcr_v2.pt — 本项目自训, 经两轮 A/B(种子 2024/2025)晋级; 基线为 ICML 2022 官方权重",7-eonmol-competition-submission,2024,D3_20260927_014218,
C0046,赛道 3 · 离子通道/GPCR 小分子药物虚拟筛选 · 子任务 2,O=c1c2c3n(c(=O)n1-c1cccc(F)c1)C(C(F)(F)F)OCN3C(c1cccc(Cl)c1)=CC2,outputs/results_d3_final/structures/cand046_mol_69f8ab5b_c28e5a37c86b.sdf,1.137,0.516,3.786,0.275,-9.79,B,,,479.82,4.244,56.47,-6.08,0.0,4.0,2,5.0,0,2,,,O=c1c2c3n(c(=O)n1-c1ccccc1)COCN3C(c1ccccc1)=CC2,9,46,D3,"7-eonmol (Pocket2Mol 等变图神经网络 + 口袋引导束搜索, GPCR 微调版)","7-eonmol_ft_gpcr_v2.pt — 本项目自训, 经两轮 A/B(种子 2024/2025)晋级; 基线为 ICML 2022 官方权重",7-eonmol-competition-submission,2024,D3_20260927_014218,
C0047,赛道 3 · 离子通道/GPCR 小分子药物虚拟筛选 · 子任务 2,Cc1ccccc1CCC(=O)N1CCCC1(C)C(=O)Nc1cccc(C)c1C,outputs/results_d3_final/structures/cand047_mol_646db1d3_d2106ba0c753.sdf,1.552,0.829,2.763,0.288,-9.76,C,,,378.52,4.564,49.41,-5.56,1.0,2.0,5,3.0,0,3,,,O=C(Nc1ccccc1)C1CCCN1C(=O)CCc1ccccc1,4,47,D3,"7-eonmol (Pocket2Mol 等变图神经网络 + 口袋引导束搜索, GPCR 微调版)","7-eonmol_ft_gpcr_v2.pt — 本项目自训, 经两轮 A/B(种子 2024/2025)晋级; 基线为 ICML 2022 官方权重",7-eonmol-competition-submission,2024,D3_20260927_014218,ADMET 分级 C(风险较高)
C0048,赛道 3 · 离子通道/GPCR 小分子药物虚拟筛选 · 子任务 2,Cc1ccccc1CCC(=O)N1CCCC2Cc3ccccc3CC21C,outputs/results_d3_final/structures/cand048_mol_1d0bd88e_04570e21981d.sdf,1.461,0.786,3.253,0.406,-9.76,C,,,347.5,4.724,20.31,-5.54,0.0,1.0,3,4.0,0,3,,,O=C(CCc1ccccc1)N1CCCC2Cc3ccccc3CC21,1,48,D3,"7-eonmol (Pocket2Mol 等变图神经网络 + 口袋引导束搜索, GPCR 微调版)","7-eonmol_ft_gpcr_v2.pt — 本项目自训, 经两轮 A/B(种子 2024/2025)晋级; 基线为 ICML 2022 官方权重",7-eonmol-competition-submission,2024,D3_20260927_014218,ADMET 分级 C(风险较高)
C0049,赛道 3 · 离子通道/GPCR 小分子药物虚拟筛选 · 子任务 2,O=C(O)c1cc2ccccc2cc1-c1ccc(C(F)(F)F)[nH]1,outputs/results_d3_final/structures/cand049_mol_d4127a18_4b156340355f.sdf,1.487,0.729,2.422,0.313,-9.72,B,,,305.25,4.552,53.09,-5.25,2.0,1.0,2,3.0,0,2,,,c1c[nH]c(-c2ccc3ccccc3c2)c1,1,49,D3,"7-eonmol (Pocket2Mol 等变图神经网络 + 口袋引导束搜索, GPCR 微调版)","7-eonmol_ft_gpcr_v2.pt — 本项目自训, 经两轮 A/B(种子 2024/2025)晋级; 基线为 ICML 2022 官方权重",7-eonmol-competition-submission,2024,D3_20260927_014218,
C0050,赛道 3 · 离子通道/GPCR 小分子药物虚拟筛选 · 子任务 2,CC(C)OC(=O)N1CCN(C(=O)CNCc2cc(C(C)C)cc3ccccc23)CC1,outputs/results_d3_final/structures/cand050_mol_b307e018_1d30672e5877.sdf,1.552,0.787,2.342,0.289,-9.69,B,,,411.55,3.742,61.88,-5.11,1.0,4.0,6,3.0,0,2,,,O=C(CNCc1cccc2ccccc12)N1CCNCC1,7,50,D3,"7-eonmol (Pocket2Mol 等变图神经网络 + 口袋引导束搜索, GPCR 微调版)","7-eonmol_ft_gpcr_v2.pt — 本项目自训, 经两轮 A/B(种子 2024/2025)晋级; 基线为 ICML 2022 官方权重",7-eonmol-competition-submission,2024,D3_20260927_014218,
C0051,赛道 3 · 离子通道/GPCR 小分子药物虚拟筛选 · 子任务 2,O=C(Cn1c(O)cccc1=O)Nc1ccc2cc(O)c(C(F)(F)F)cc2c1,outputs/results_d3_final/structures/cand051_mol_1592f050_a8db25321d5b.sdf,1.398,0.653,2.557,0.288,-9.68,B,,,378.31,3.07,91.56,-4.56,3.0,4.0,3,3.0,0,2,,,O=C(Cn1ccccc1=O)Nc1ccc2ccccc2c1,1,51,D3,"7-eonmol (Pocket2Mol 等变图神经网络 + 口袋引导束搜索, GPCR 微调版)","7-eonmol_ft_gpcr_v2.pt — 本项目自训, 经两轮 A/B(种子 2024/2025)晋级; 基线为 ICML 2022 官方权重",7-eonmol-competition-submission,2024,D3_20260927_014218,
C0052,赛道 3 · 离子通道/GPCR 小分子药物虚拟筛选 · 子任务 2,O=C(O)NCC1OCN2C(c3cccc(Cl)c3)=CCc3c2n1c(=O)n(C1CCCCC1)c3=O,outputs/results_d3_final/structures/cand052_mol_8e27f8b3_d25ca3ac2f82.sdf,1.326,0.707,3.807,0.282,-9.68,A,,,472.93,3.326,105.8,-5.24,2.0,5.0,4,5.0,0,0,,,O=c1c2c3n(c(=O)n1C1CCCCC1)COCN3C(c1ccccc1)=CC2,1,52,D3,"7-eonmol (Pocket2Mol 等变图神经网络 + 口袋引导束搜索, GPCR 微调版)","7-eonmol_ft_gpcr_v2.pt — 本项目自训, 经两轮 A/B(种子 2024/2025)晋级; 基线为 ICML 2022 官方权重",7-eonmol-competition-submission,2024,D3_20260927_014218,
C0053,赛道 3 · 离子通道/GPCR 小分子药物虚拟筛选 · 子任务 2,CC(C)OC(=O)N1CCN(C(=O)CNCc2cc(C(=O)Nc3ccccc3)cc3ccccc23)CC1,outputs/results_d3_final/structures/cand053_mol_477d9428_8eca5d9d604d.sdf,1.296,0.527,2.312,0.371,-9.68,B,,,488.59,3.871,90.98,-5.71,2.0,5.0,7,4.0,0,2,,,O=C(Nc1ccccc1)c1cc(CNCC(=O)N2CCNCC2)c2ccccc2c1,1,53,D3,"7-eonmol (Pocket2Mol 等变图神经网络 + 口袋引导束搜索, GPCR 微调版)","7-eonmol_ft_gpcr_v2.pt — 本项目自训, 经两轮 A/B(种子 2024/2025)晋级; 基线为 ICML 2022 官方权重",7-eonmol-competition-submission,2024,D3_20260927_014218,
C0054,赛道 3 · 离子通道/GPCR 小分子药物虚拟筛选 · 子任务 2,CC1(N2CCCC(=O)NCC3N=C(CCC2=O)c2cccc4cccc3c24)C=CC=CC1,outputs/results_d3_final/structures/cand054_mol_a9c3d9ac_3f9d3039d212.sdf,1.205,0.73,5.244,0.281,-9.67,B,,,427.55,4.477,61.77,-5.86,1.0,3.0,1,5.0,0,2,,,O=C1CCCN(C2C=CC=CC2)C(=O)CCC2=NC(CN1)c1cccc3cccc2c13,1,54,D3,"7-eonmol (Pocket2Mol 等变图神经网络 + 口袋引导束搜索, GPCR 微调版)","7-eonmol_ft_gpcr_v2.pt — 本项目自训, 经两轮 A/B(种子 2024/2025)晋级; 基线为 ICML 2022 官方权重",7-eonmol-competition-submission,2024,D3_20260927_014218,
C0055,赛道 3 · 离子通道/GPCR 小分子药物虚拟筛选 · 子任务 2,O=C(CNCc1cccc2ccccc12)N1CCN(C(=O)OCCC(F)(F)F)CC1,outputs/results_d3_final/structures/cand055_mol_b307e018_06dfe43b032e.sdf,1.543,0.776,2.328,0.343,-9.66,C,,,423.44,3.163,61.88,-4.75,1.0,4.0,6,3.0,0,3,,,O=C(CNCc1cccc2ccccc12)N1CCNCC1,7,55,D3,"7-eonmol (Pocket2Mol 等变图神经网络 + 口袋引导束搜索, GPCR 微调版)","7-eonmol_ft_gpcr_v2.pt — 本项目自训, 经两轮 A/B(种子 2024/2025)晋级; 基线为 ICML 2022 官方权重",7-eonmol-competition-submission,2024,D3_20260927_014218,ADMET 分级 C(风险较高)
C0056,赛道 3 · 离子通道/GPCR 小分子药物虚拟筛选 · 子任务 2,O=c1c2c3n(c(=O)n1-c1ccccc1)C(C(F)(F)F)OCN3C(c1cccc(Cl)c1)=CC2,outputs/results_d3_final/structures/cand056_mol_69f8ab5b_e299f87cda0a.sdf,1.207,0.576,3.697,0.331,-9.64,B,,,461.83,4.105,56.47,-5.87,0.0,4.0,2,5.0,0,1,,,O=c1c2c3n(c(=O)n1-c1ccccc1)COCN3C(c1ccccc1)=CC2,9,56,D3,"7-eonmol (Pocket2Mol 等变图神经网络 + 口袋引导束搜索, GPCR 微调版)","7-eonmol_ft_gpcr_v2.pt — 本项目自训, 经两轮 A/B(种子 2024/2025)晋级; 基线为 ICML 2022 官方权重",7-eonmol-competition-submission,2024,D3_20260927_014218,
C0057,赛道 3 · 离子通道/GPCR 小分子药物虚拟筛选 · 子任务 2,CC(CC(=O)NCC1C=CC(=O)C=C1C(F)(F)F)c1ccc(C(F)(F)F)[nH]1,outputs/results_d3_final/structures/cand057_mol_20ec5b6e_b29eb7b2322b.sdf,1.32,0.745,4.251,0.205,-9.63,B,,,394.31,3.887,61.96,-5.07,2.0,2.0,5,2.0,0,1,,,O=C1C=CC(CNC(=O)CCc2ccc[nH]2)C=C1,1,57,D3,"7-eonmol (Pocket2Mol 等变图神经网络 + 口袋引导束搜索, GPCR 微调版)","7-eonmol_ft_gpcr_v2.pt — 本项目自训, 经两轮 A/B(种子 2024/2025)晋级; 基线为 ICML 2022 官方权重",7-eonmol-competition-submission,2024,D3_20260927_014218,
C0058,赛道 3 · 离子通道/GPCR 小分子药物虚拟筛选 · 子任务 2,O=C(c1cccc(CCOc2ccc(C(F)(F)F)c(O)c2)c1)N1CCNCC1,outputs/results_d3_final/structures/cand058_mol_655c9c85_8ab2292144b3.sdf,1.586,0.818,2.321,0.31,-9.62,C,,,394.39,3.078,61.8,-4.56,2.0,4.0,5,3.0,0,3,,,O=C(c1cccc(CCOc2ccccc2)c1)N1CCNCC1,1,58,D3,"7-eonmol (Pocket2Mol 等变图神经网络 + 口袋引导束搜索, GPCR 微调版)","7-eonmol_ft_gpcr_v2.pt — 本项目自训, 经两轮 A/B(种子 2024/2025)晋级; 基线为 ICML 2022 官方权重",7-eonmol-competition-submission,2024,D3_20260927_014218,ADMET 分级 C(风险较高)
C0059,赛道 3 · 离子通道/GPCR 小分子药物虚拟筛选 · 子任务 2,CC(C)OC(=O)N1CCN(C(=O)CNCc2cc(-c3ccccc3)cc3ccccc23)CC1,outputs/results_d3_final/structures/cand059_mol_a86b7b49_fd8dcd0fae70.sdf,1.389,0.615,2.265,0.395,-9.62,B,,,445.56,4.286,61.88,-5.78,1.0,4.0,6,4.0,0,2,,,O=C(CNCc1cc(-c2ccccc2)cc2ccccc12)N1CCNCC1,2,59,D3,"7-eonmol (Pocket2Mol 等变图神经网络 + 口袋引导束搜索, GPCR 微调版)","7-eonmol_ft_gpcr_v2.pt — 本项目自训, 经两轮 A/B(种子 2024/2025)晋级; 基线为 ICML 2022 官方权重",7-eonmol-competition-submission,2024,D3_20260927_014218,
C0060,赛道 3 · 离子通道/GPCR 小分子药物虚拟筛选 · 子任务 2,O=C(c1cccc(CCOc2ccc(C(F)(F)F)c(O)c2)c1)N1CCCCC1,outputs/results_d3_final/structures/cand060_mol_3cb406fc_73be12d7e48f.sdf,1.587,0.804,2.167,0.408,-9.61,C,,,393.41,4.659,49.77,-5.73,1.0,3.0,5,3.0,0,4,,,O=C(c1cccc(CCOc2ccccc2)c1)N1CCCCC1,1,60,D3,"7-eonmol (Pocket2Mol 等变图神经网络 + 口袋引导束搜索, GPCR 微调版)","7-eonmol_ft_gpcr_v2.pt — 本项目自训, 经两轮 A/B(种子 2024/2025)晋级; 基线为 ICML 2022 官方权重",7-eonmol-competition-submission,2024,D3_20260927_014218,ADMET 分级 C(风险较高)
C0061,赛道 3 · 离子通道/GPCR 小分子药物虚拟筛选 · 子任务 2,Cc1ccccc1CCC(=O)N1CCCC1c1ccc(C(=O)O)c(F)c1,outputs/results_d3_final/structures/cand061_mol_a7cf97c9_20679c4912e3.sdf,1.624,0.877,2.535,0.325,-9.6,C,,,355.41,4.129,57.61,-5.1,1.0,2.0,5,3.0,0,3,,,O=C(CCc1ccccc1)N1CCCC1c1ccccc1,6,61,D3,"7-eonmol (Pocket2Mol 等变图神经网络 + 口袋引导束搜索, GPCR 微调版)","7-eonmol_ft_gpcr_v2.pt — 本项目自训, 经两轮 A/B(种子 2024/2025)晋级; 基线为 ICML 2022 官方权重",7-eonmol-competition-submission,2024,D3_20260927_014218,ADMET 分级 C(风险较高)
C0062,赛道 3 · 离子通道/GPCR 小分子药物虚拟筛选 · 子任务 2,CC12CCC(=O)CC1CC(COc1ccc(C(F)(F)F)c(O)c1)CC2,outputs/results_d3_final/structures/cand062_mol_eeb44b44_7ceda34f99aa.sdf,1.458,0.832,3.739,0.226,-9.58,B,,,356.38,4.965,46.53,-5.7,1.0,3.0,3,3.0,0,2,,,O=C1CCC2CCC(COc3ccccc3)CC2C1,1,62,D3,"7-eonmol (Pocket2Mol 等变图神经网络 + 口袋引导束搜索, GPCR 微调版)","7-eonmol_ft_gpcr_v2.pt — 本项目自训, 经两轮 A/B(种子 2024/2025)晋级; 基线为 ICML 2022 官方权重",7-eonmol-competition-submission,2024,D3_20260927_014218,
C0063,赛道 3 · 离子通道/GPCR 小分子药物虚拟筛选 · 子任务 2,CC1CCN(CC(=O)Nc2ccc3cc(O)c(C(F)(F)F)cc3c2)C1=O,outputs/results_d3_final/structures/cand063_mol_3795fbd7_cc2821dd9d28.sdf,1.581,0.875,2.944,0.257,-9.57,C,,,366.34,3.371,69.64,-4.63,2.0,3.0,3,3.0,0,3,,,O=C(CN1CCCC1=O)Nc1ccc2ccccc2c1,1,63,D3,"7-eonmol (Pocket2Mol 等变图神经网络 + 口袋引导束搜索, GPCR 微调版)","7-eonmol_ft_gpcr_v2.pt — 本项目自训, 经两轮 A/B(种子 2024/2025)晋级; 基线为 ICML 2022 官方权重",7-eonmol-competition-submission,2024,D3_20260927_014218,ADMET 分级 C(风险较高)
C0064,赛道 3 · 离子通道/GPCR 小分子药物虚拟筛选 · 子任务 2,CC(C)CCOC(=O)N1CCN(C(=O)CNCc2cccc3ccccc23)CC1,outputs/results_d3_final/structures/cand064_mol_b307e018_6938960b94b6.sdf,1.561,0.779,2.184,0.336,-9.53,B,,,397.52,3.256,61.88,-4.64,1.0,4.0,7,3.0,0,2,,,O=C(CNCc1cccc2ccccc12)N1CCNCC1,7,64,D3,"7-eonmol (Pocket2Mol 等变图神经网络 + 口袋引导束搜索, GPCR 微调版)","7-eonmol_ft_gpcr_v2.pt — 本项目自训, 经两轮 A/B(种子 2024/2025)晋级; 基线为 ICML 2022 官方权重",7-eonmol-competition-submission,2024,D3_20260927_014218,
C0065,赛道 3 · 离子通道/GPCR 小分子药物虚拟筛选 · 子任务 2,Cc1cc(Cl)cc(CN(CCC(=O)NCc2ccccc2CN2CCCC2)C(=O)O)c1,outputs/results_d3_final/structures/cand065_mol_e1bf96cd_b7784c762993.sdf,1.367,0.601,2.336,0.31,-9.5,C,,,443.98,4.431,72.88,-5.77,2.0,3.0,9,3.0,0,3,,,O=C(CCNCc1ccccc1)NCc1ccccc1CN1CCCC1,1,65,D3,"7-eonmol (Pocket2Mol 等变图神经网络 + 口袋引导束搜索, GPCR 微调版)","7-eonmol_ft_gpcr_v2.pt — 本项目自训, 经两轮 A/B(种子 2024/2025)晋级; 基线为 ICML 2022 官方权重",7-eonmol-competition-submission,2024,D3_20260927_014218,ADMET 分级 C(风险较高)
C0066,赛道 3 · 离子通道/GPCR 小分子药物虚拟筛选 · 子任务 2,CC(C)OC(=O)N1CCN(C(=O)CNCc2cc(C(=O)NC3CCNC3)cc3ccccc23)CC1,outputs/results_d3_final/structures/cand066_mol_12523e81_67b6cc291869.sdf,1.256,0.556,3.008,0.293,-9.49,A,,,481.6,1.71,103.01,-4.0,3.0,6.0,7,4.0,0,0,,,O=C(NC1CCNC1)c1cc(CNCC(=O)N2CCNCC2)c2ccccc2c1,1,66,D3,"7-eonmol (Pocket2Mol 等变图神经网络 + 口袋引导束搜索, GPCR 微调版)","7-eonmol_ft_gpcr_v2.pt — 本项目自训, 经两轮 A/B(种子 2024/2025)晋级; 基线为 ICML 2022 官方权重",7-eonmol-competition-submission,2024,D3_20260927_014218,
C0067,赛道 3 · 离子通道/GPCR 小分子药物虚拟筛选 · 子任务 2,O=c1c2c3n(c(=O)n1-c1ccccc1)C(CO)OCN3C(c1cccc(Cl)c1)=CC2,outputs/results_d3_final/structures/cand067_mol_69f8ab5b_49dd9de991a4.sdf,1.339,0.7,3.614,0.353,-9.48,A,,,423.86,2.535,76.7,-4.45,1.0,5.0,3,5.0,0,0,,,O=c1c2c3n(c(=O)n1-c1ccccc1)COCN3C(c1ccccc1)=CC2,9,67,D3,"7-eonmol (Pocket2Mol 等变图神经网络 + 口袋引导束搜索, GPCR 微调版)","7-eonmol_ft_gpcr_v2.pt — 本项目自训, 经两轮 A/B(种子 2024/2025)晋级; 基线为 ICML 2022 官方权重",7-eonmol-competition-submission,2024,D3_20260927_014218,
C0068,赛道 3 · 离子通道/GPCR 小分子药物虚拟筛选 · 子任务 2,COc1cccc(CC(=O)NC=CC=c2cc(F)cc3c2=C(C2CCCC2)OC3(F)F)c1,outputs/results_d3_final/structures/cand068_mol_7993bdb0_bd6db03ca789.sdf,1.387,0.738,3.504,0.269,-9.46,A,,,443.47,3.865,47.56,-5.41,1.0,3.0,6,4.0,0,0,,,O=C(Cc1ccccc1)NC=CC=c1cccc2c1=C(C1CCCC1)OC2,7,68,D3,"7-eonmol (Pocket2Mol 等变图神经网络 + 口袋引导束搜索, GPCR 微调版)","7-eonmol_ft_gpcr_v2.pt — 本项目自训, 经两轮 A/B(种子 2024/2025)晋级; 基线为 ICML 2022 官方权重",7-eonmol-competition-submission,2024,D3_20260927_014218,
C0069,赛道 3 · 离子通道/GPCR 小分子药物虚拟筛选 · 子任务 2,O=C(O)NCC1OCN2C(c3cccc(Cl)c3)=CCc3c2n1c(=O)n(C1CCCC1)c3=O,outputs/results_d3_final/structures/cand069_mol_58233a7f_2bdcd6923453.sdf,1.347,0.729,3.821,0.271,-9.46,A,,,458.9,2.936,105.8,-4.87,2.0,5.0,4,5.0,0,0,,,O=c1c2c3n(c(=O)n1C1CCCC1)COCN3C(c1ccccc1)=CC2,2,69,D3,"7-eonmol (Pocket2Mol 等变图神经网络 + 口袋引导束搜索, GPCR 微调版)","7-eonmol_ft_gpcr_v2.pt — 本项目自训, 经两轮 A/B(种子 2024/2025)晋级; 基线为 ICML 2022 官方权重",7-eonmol-competition-submission,2024,D3_20260927_014218,
C0070,赛道 3 · 离子通道/GPCR 小分子药物虚拟筛选 · 子任务 2,COc1ccc(-c2cc(CNCC(=O)N3CCN(C(=O)OC(C)C)CC3)c3ccccc3c2)cc1,outputs/results_d3_final/structures/cand070_mol_a86b7b49_071c2b815a9b.sdf,1.319,0.552,2.329,0.369,-9.45,B,,,475.59,4.294,71.11,-5.94,1.0,5.0,7,4.0,0,2,,,O=C(CNCc1cc(-c2ccccc2)cc2ccccc12)N1CCNCC1,2,70,D3,"7-eonmol (Pocket2Mol 等变图神经网络 + 口袋引导束搜索, GPCR 微调版)","7-eonmol_ft_gpcr_v2.pt — 本项目自训, 经两轮 A/B(种子 2024/2025)晋级; 基线为 ICML 2022 官方权重",7-eonmol-competition-submission,2024,D3_20260927_014218,
C0071,赛道 3 · 离子通道/GPCR 小分子药物虚拟筛选 · 子任务 2,O=C(NC1CCCC1)c1cccc(CCOc2ccc(C(F)(F)F)c(O)c2)c1,outputs/results_d3_final/structures/cand071_mol_2727efd3_8bf7df675f64.sdf,1.529,0.748,2.188,0.322,-9.4,B,,,393.41,4.705,58.56,-5.74,2.0,3.0,6,3.0,0,2,,,O=C(NC1CCCC1)c1cccc(CCOc2ccccc2)c1,1,71,D3,"7-eonmol (Pocket2Mol 等变图神经网络 + 口袋引导束搜索, GPCR 微调版)","7-eonmol_ft_gpcr_v2.pt — 本项目自训, 经两轮 A/B(种子 2024/2025)晋级; 基线为 ICML 2022 官方权重",7-eonmol-competition-submission,2024,D3_20260927_014218,
C0072,赛道 3 · 离子通道/GPCR 小分子药物虚拟筛选 · 子任务 2,Cc1ccccc1CCC(=O)N1CCCC1C1CCCCC1,outputs/results_d3_final/structures/cand072_mol_ef284313_b1fcd11627d1.sdf,1.556,0.801,2.451,0.333,-9.37,B,,,299.46,4.499,20.31,-4.98,0.0,1.0,4,3.0,0,1,,,O=C(CCc1ccccc1)N1CCCC1C1CCCCC1,1,72,D3,"7-eonmol (Pocket2Mol 等变图神经网络 + 口袋引导束搜索, GPCR 微调版)","7-eonmol_ft_gpcr_v2.pt — 本项目自训, 经两轮 A/B(种子 2024/2025)晋级; 基线为 ICML 2022 官方权重",7-eonmol-competition-submission,2024,D3_20260927_014218,
C0073,赛道 3 · 离子通道/GPCR 小分子药物虚拟筛选 · 子任务 2,CCCCC(C)OC(=O)N1CCN(C(=O)CNCc2cccc3ccccc23)CC1,outputs/results_d3_final/structures/cand073_mol_b307e018_d315e8202857.sdf,1.448,0.718,2.704,0.338,-9.36,B,,,411.55,3.789,61.88,-5.09,1.0,4.0,8,3.0,0,2,,,O=C(CNCc1cccc2ccccc12)N1CCNCC1,7,73,D3,"7-eonmol (Pocket2Mol 等变图神经网络 + 口袋引导束搜索, GPCR 微调版)","7-eonmol_ft_gpcr_v2.pt — 本项目自训, 经两轮 A/B(种子 2024/2025)晋级; 基线为 ICML 2022 官方权重",7-eonmol-competition-submission,2024,D3_20260927_014218,
C0074,赛道 3 · 离子通道/GPCR 小分子药物虚拟筛选 · 子任务 2,O=C(NC1CCNCC1)c1cccc(CCOc2ccc(C(F)(F)F)c(O)c2)c1,outputs/results_d3_final/structures/cand074_mol_773cec84_1e3b695cb51d.sdf,1.447,0.684,2.371,0.314,-9.36,C,,,408.42,3.514,70.59,-4.94,3.0,4.0,6,3.0,0,3,,,O=C(NC1CCNCC1)c1cccc(CCOc2ccccc2)c1,1,74,D3,"7-eonmol (Pocket2Mol 等变图神经网络 + 口袋引导束搜索, GPCR 微调版)","7-eonmol_ft_gpcr_v2.pt — 本项目自训, 经两轮 A/B(种子 2024/2025)晋级; 基线为 ICML 2022 官方权重",7-eonmol-competition-submission,2024,D3_20260927_014218,ADMET 分级 C(风险较高)
C0075,赛道 3 · 离子通道/GPCR 小分子药物虚拟筛选 · 子任务 2,CCc1ccccc1CNCC(=O)N1CCn2c(cc(=O)cc2OCC(F)(F)F)C1,outputs/results_d3_final/structures/cand075_mol_2497f44d_c6b5827a583c.sdf,1.444,0.744,2.994,0.292,-9.36,C,,,423.44,2.484,63.57,-4.25,1.0,4.0,7,3.0,0,3,,,O=C(CNCc1ccccc1)N1CCn2ccc(=O)cc2C1,1,75,D3,"7-eonmol (Pocket2Mol 等变图神经网络 + 口袋引导束搜索, GPCR 微调版)","7-eonmol_ft_gpcr_v2.pt — 本项目自训, 经两轮 A/B(种子 2024/2025)晋级; 基线为 ICML 2022 官方权重",7-eonmol-competition-submission,2024,D3_20260927_014218,ADMET 分级 C(风险较高)
C0076,赛道 3 · 离子通道/GPCR 小分子药物虚拟筛选 · 子任务 2,CC1=Cc2cc(C(=O)OC(F)(F)F)c3c(c2C(OCCF)C1)CCCN3,outputs/results_d3_final/structures/cand076_mol_9fd2a0e6_8bfde02eaf2e.sdf,1.213,0.621,4.085,0.195,-9.36,B,,,373.35,4.556,47.56,-5.48,1.0,4.0,4,3.0,0,2,,,C1=Cc2ccc3c(c2CC1)CCCN3,23,76,D3,"7-eonmol (Pocket2Mol 等变图神经网络 + 口袋引导束搜索, GPCR 微调版)","7-eonmol_ft_gpcr_v2.pt — 本项目自训, 经两轮 A/B(种子 2024/2025)晋级; 基线为 ICML 2022 官方权重",7-eonmol-competition-submission,2024,D3_20260927_014218,
C0077,赛道 3 · 离子通道/GPCR 小分子药物虚拟筛选 · 子任务 2,Cc1cccc(CNCC(=O)N2CCN(C(=O)OC3CCCC3)CC2)c1C,outputs/results_d3_final/structures/cand077_mol_f0592a70_050a1e1b74fa.sdf,1.634,0.862,2.283,0.315,-9.31,B,,,373.5,2.616,61.88,-4.01,1.0,4.0,5,3.0,0,1,,,O=C(CNCc1ccccc1)N1CCN(C(=O)OC2CCCC2)CC1,2,77,D3,"7-eonmol (Pocket2Mol 等变图神经网络 + 口袋引导束搜索, GPCR 微调版)","7-eonmol_ft_gpcr_v2.pt — 本项目自训, 经两轮 A/B(种子 2024/2025)晋级; 基线为 ICML 2022 官方权重",7-eonmol-competition-submission,2024,D3_20260927_014218,
C0078,赛道 3 · 离子通道/GPCR 小分子药物虚拟筛选 · 子任务 2,COCC(O)n1c2c(c(=O)n(-c3ccccc3)c1=O)C(=CC(F)F)C=C(c1cccc(Cl)c1)N2,outputs/results_d3_final/structures/cand078_mol_fc28d367_15531c3bf03e.sdf,1.167,0.55,3.833,0.371,-9.25,B,,,487.89,3.905,85.49,-5.78,2.0,5.0,6,4.0,0,1,,,C=C1C=C(c2ccccc2)Nc2[nH]c(=O)n(-c3ccccc3)c(=O)c21,1,78,D3,"7-eonmol (Pocket2Mol 等变图神经网络 + 口袋引导束搜索, GPCR 微调版)","7-eonmol_ft_gpcr_v2.pt — 本项目自训, 经两轮 A/B(种子 2024/2025)晋级; 基线为 ICML 2022 官方权重",7-eonmol-competition-submission,2024,D3_20260927_014218,
C0079,赛道 3 · 离子通道/GPCR 小分子药物虚拟筛选 · 子任务 2,CC(C)OC(=O)N1CCN(C(=O)CNCc2cc(C3CCCC3)cc3ccccc23)CC1,outputs/results_d3_final/structures/cand079_mol_e6c36ea5_ea6639e90e5e.sdf,1.49,0.733,2.429,0.328,-9.18,B,,,437.58,4.276,61.88,-5.66,1.0,4.0,6,4.0,0,2,,,O=C(CNCc1cc(C2CCCC2)cc2ccccc12)N1CCNCC1,1,79,D3,"7-eonmol (Pocket2Mol 等变图神经网络 + 口袋引导束搜索, GPCR 微调版)","7-eonmol_ft_gpcr_v2.pt — 本项目自训, 经两轮 A/B(种子 2024/2025)晋级; 基线为 ICML 2022 官方权重",7-eonmol-competition-submission,2024,D3_20260927_014218,
C0080,赛道 3 · 离子通道/GPCR 小分子药物虚拟筛选 · 子任务 2,O=C(OC(F)(F)F)c1cc2c(c3c1NCCC3)C(OCC(F)F)CC(O)=C2,outputs/results_d3_final/structures/cand080_mol_9fd2a0e6_e9d4c5d7581f.sdf,1.169,0.588,4.191,0.175,-9.18,B,,,393.31,4.347,67.79,-5.44,2.0,5.0,4,3.0,0,1,,,C1=Cc2ccc3c(c2CC1)CCCN3,23,80,D3,"7-eonmol (Pocket2Mol 等变图神经网络 + 口袋引导束搜索, GPCR 微调版)","7-eonmol_ft_gpcr_v2.pt — 本项目自训, 经两轮 A/B(种子 2024/2025)晋级; 基线为 ICML 2022 官方权重",7-eonmol-competition-submission,2024,D3_20260927_014218,
C0081,赛道 3 · 离子通道/GPCR 小分子药物虚拟筛选 · 子任务 2,O=C(O)C1OCN2C(c3cccc(Cl)c3)=CCc3c2n1c(=O)n(-c1ccccc1)c3=O,outputs/results_d3_final/structures/cand081_mol_69f8ab5b_7371247e22d4.sdf,1.317,0.677,3.593,0.336,-9.17,A,,,437.84,2.627,93.77,-4.6,1.0,5.0,3,5.0,0,0,,,O=c1c2c3n(c(=O)n1-c1ccccc1)COCN3C(c1ccccc1)=CC2,9,81,D3,"7-eonmol (Pocket2Mol 等变图神经网络 + 口袋引导束搜索, GPCR 微调版)","7-eonmol_ft_gpcr_v2.pt — 本项目自训, 经两轮 A/B(种子 2024/2025)晋级; 基线为 ICML 2022 官方权重",7-eonmol-competition-submission,2024,D3_20260927_014218,
C0082,赛道 3 · 离子通道/GPCR 小分子药物虚拟筛选 · 子任务 2,Cc1ccccc1CCC(=O)N1CCCC1(C)C(=O)Nc1cccc(C)c1CCC(=O)O,outputs/results_d3_final/structures/cand082_mol_646db1d3_df9a8726fbb3.sdf,1.345,0.647,3.019,0.32,-9.14,C,,,436.55,4.273,86.71,-5.63,2.0,3.0,8,3.0,0,3,,,O=C(Nc1ccccc1)C1CCCN1C(=O)CCc1ccccc1,4,82,D3,"7-eonmol (Pocket2Mol 等变图神经网络 + 口袋引导束搜索, GPCR 微调版)","7-eonmol_ft_gpcr_v2.pt — 本项目自训, 经两轮 A/B(种子 2024/2025)晋级; 基线为 ICML 2022 官方权重",7-eonmol-competition-submission,2024,D3_20260927_014218,ADMET 分级 C(风险较高)
C0083,赛道 3 · 离子通道/GPCR 小分子药物虚拟筛选 · 子任务 2,Cc1ccccc1CCC(=O)N1CCCC1c1ccc(OCCO)cc1,outputs/results_d3_final/structures/cand083_mol_a7cf97c9_616f8f88560d.sdf,1.581,0.826,2.449,0.331,-9.13,B,,,353.46,3.662,49.77,-4.7,1.0,3.0,7,3.0,0,2,,,O=C(CCc1ccccc1)N1CCCC1c1ccccc1,6,83,D3,"7-eonmol (Pocket2Mol 等变图神经网络 + 口袋引导束搜索, GPCR 微调版)","7-eonmol_ft_gpcr_v2.pt — 本项目自训, 经两轮 A/B(种子 2024/2025)晋级; 基线为 ICML 2022 官方权重",7-eonmol-competition-submission,2024,D3_20260927_014218,
C0084,赛道 3 · 离子通道/GPCR 小分子药物虚拟筛选 · 子任务 2,Oc1cc(OCCc2cccc(C3CCCO3)c2)ccc1C(F)(F)F,outputs/results_d3_final/structures/cand084_mol_2e06e90e_26cfbcbcd736.sdf,1.552,0.833,2.814,0.308,-9.12,B,,,352.35,4.884,38.69,-5.65,1.0,3.0,5,3.0,0,2,,,c1ccc(OCCc2cccc(C3CCCO3)c2)cc1,1,84,D3,"7-eonmol (Pocket2Mol 等变图神经网络 + 口袋引导束搜索, GPCR 微调版)","7-eonmol_ft_gpcr_v2.pt — 本项目自训, 经两轮 A/B(种子 2024/2025)晋级; 基线为 ICML 2022 官方权重",7-eonmol-competition-submission,2024,D3_20260927_014218,
C0085,赛道 3 · 离子通道/GPCR 小分子药物虚拟筛选 · 子任务 2,O=c1c2c3n(c(=O)n1-c1cccc(F)c1)C(CO)OCN3C(c1cccc(Cl)c1)=CC2,outputs/results_d3_final/structures/cand085_mol_69f8ab5b_2c7b0eaf15bf.sdf,1.305,0.676,3.706,0.294,-9.12,A,,,441.85,2.674,76.7,-4.66,1.0,5.0,3,5.0,0,0,,,O=c1c2c3n(c(=O)n1-c1ccccc1)COCN3C(c1ccccc1)=CC2,9,85,D3,"7-eonmol (Pocket2Mol 等变图神经网络 + 口袋引导束搜索, GPCR 微调版)","7-eonmol_ft_gpcr_v2.pt — 本项目自训, 经两轮 A/B(种子 2024/2025)晋级; 基线为 ICML 2022 官方权重",7-eonmol-competition-submission,2024,D3_20260927_014218,
C0086,赛道 3 · 离子通道/GPCR 小分子药物虚拟筛选 · 子任务 2,CC1=Cc2cc(C(=O)OC(F)(F)F)c3c(c2C(OC(C)C)C1)CCCN3,outputs/results_d3_final/structures/cand086_mol_9fd2a0e6_260238e4678b.sdf,1.365,0.762,3.979,0.197,-9.1,B,,,369.38,4.994,47.56,-5.8,1.0,4.0,3,3.0,0,2,,,C1=Cc2ccc3c(c2CC1)CCCN3,23,86,D3,"7-eonmol (Pocket2Mol 等变图神经网络 + 口袋引导束搜索, GPCR 微调版)","7-eonmol_ft_gpcr_v2.pt — 本项目自训, 经两轮 A/B(种子 2024/2025)晋级; 基线为 ICML 2022 官方权重",7-eonmol-competition-submission,2024,D3_20260927_014218,
C0087,赛道 3 · 离子通道/GPCR 小分子药物虚拟筛选 · 子任务 2,O=c1c2c3n(c(=O)n1C1CCCC1)C(CO)OCN3C(c1cccc(Cl)c1)=CC2,outputs/results_d3_final/structures/cand087_mol_58233a7f_1252071146d7.sdf,1.453,0.834,3.801,0.288,-9.09,A,,,415.88,2.661,76.7,-4.43,1.0,5.0,3,5.0,0,0,,,O=c1c2c3n(c(=O)n1C1CCCC1)COCN3C(c1ccccc1)=CC2,2,87,D3,"7-eonmol (Pocket2Mol 等变图神经网络 + 口袋引导束搜索, GPCR 微调版)","7-eonmol_ft_gpcr_v2.pt — 本项目自训, 经两轮 A/B(种子 2024/2025)晋级; 基线为 ICML 2022 官方权重",7-eonmol-competition-submission,2024,D3_20260927_014218,
C0088,赛道 3 · 离子通道/GPCR 小分子药物虚拟筛选 · 子任务 2,CCCNC(=O)c1cc(CNCC(=O)N2CCN(C(=O)OC(C)C)CC2)c2ccccc2c1,outputs/results_d3_final/structures/cand088_mol_b307e018_32b95b637407.sdf,1.403,0.64,2.366,0.355,-9.09,B,,,454.57,2.758,90.98,-4.59,2.0,5.0,8,3.0,0,1,,,O=C(CNCc1cccc2ccccc12)N1CCNCC1,7,88,D3,"7-eonmol (Pocket2Mol 等变图神经网络 + 口袋引导束搜索, GPCR 微调版)","7-eonmol_ft_gpcr_v2.pt — 本项目自训, 经两轮 A/B(种子 2024/2025)晋级; 基线为 ICML 2022 官方权重",7-eonmol-competition-submission,2024,D3_20260927_014218,
C0089,赛道 3 · 离子通道/GPCR 小分子药物虚拟筛选 · 子任务 2,CCCC(C)OC(=O)N1CCN(C(=O)CNCc2cccc3ccccc23)CC1,outputs/results_d3_final/structures/cand089_mol_b307e018_10308550d285.sdf,1.508,0.778,2.695,0.336,-9.08,B,,,397.52,3.399,61.88,-4.74,1.0,4.0,7,3.0,0,2,,,O=C(CNCc1cccc2ccccc12)N1CCNCC1,7,89,D3,"7-eonmol (Pocket2Mol 等变图神经网络 + 口袋引导束搜索, GPCR 微调版)","7-eonmol_ft_gpcr_v2.pt — 本项目自训, 经两轮 A/B(种子 2024/2025)晋级; 基线为 ICML 2022 官方权重",7-eonmol-competition-submission,2024,D3_20260927_014218,
C0090,赛道 3 · 离子通道/GPCR 小分子药物虚拟筛选 · 子任务 2,CCc1ccc(CC(=O)O)cc1CNCC(=O)N1CCN(C(=O)OC(C)C)CC1,outputs/results_d3_final/structures/cand090_mol_a776371c_eeaa41509736.sdf,1.442,0.682,2.402,0.27,-9.08,A,,,405.5,1.655,99.18,-3.43,2.0,5.0,8,2.0,0,0,,,O=C(CNCc1ccccc1)N1CCNCC1,8,90,D3,"7-eonmol (Pocket2Mol 等变图神经网络 + 口袋引导束搜索, GPCR 微调版)","7-eonmol_ft_gpcr_v2.pt — 本项目自训, 经两轮 A/B(种子 2024/2025)晋级; 基线为 ICML 2022 官方权重",7-eonmol-competition-submission,2024,D3_20260927_014218,
C0091,赛道 3 · 离子通道/GPCR 小分子药物虚拟筛选 · 子任务 2,O=C1NC(COc2ccc(C(F)(F)F)c(O)c2)CC2CCOC12,outputs/results_d3_final/structures/cand091_mol_c440472d_b1536aeb4910.sdf,1.506,0.89,3.841,0.247,-9.07,B,,,331.29,2.083,67.79,-3.41,2.0,4.0,3,3.0,0,1,,,O=C1NC(COc2ccccc2)CC2CCOC12,1,91,D3,"7-eonmol (Pocket2Mol 等变图神经网络 + 口袋引导束搜索, GPCR 微调版)","7-eonmol_ft_gpcr_v2.pt — 本项目自训, 经两轮 A/B(种子 2024/2025)晋级; 基线为 ICML 2022 官方权重",7-eonmol-competition-submission,2024,D3_20260927_014218,
C0092,赛道 3 · 离子通道/GPCR 小分子药物虚拟筛选 · 子任务 2,O=C(OC(F)(F)F)c1cc2c(c3c1NCCC3)C(OCCF)CC(O)=C2,outputs/results_d3_final/structures/cand092_mol_9fd2a0e6_d9ee34fc5da5.sdf,1.197,0.614,4.169,0.187,-9.07,B,,,375.32,4.051,67.79,-5.11,2.0,5.0,4,3.0,0,1,,,C1=Cc2ccc3c(c2CC1)CCCN3,23,92,D3,"7-eonmol (Pocket2Mol 等变图神经网络 + 口袋引导束搜索, GPCR 微调版)","7-eonmol_ft_gpcr_v2.pt — 本项目自训, 经两轮 A/B(种子 2024/2025)晋级; 基线为 ICML 2022 官方权重",7-eonmol-competition-submission,2024,D3_20260927_014218,
C0093,赛道 3 · 离子通道/GPCR 小分子药物虚拟筛选 · 子任务 2,O=C(CN1CCCC1)Nc1ccc2cc(O)c(C(F)(F)F)cc2c1,outputs/results_d3_final/structures/cand093_mol_c53c23a3_e53cfc5d9fc4.sdf,1.684,0.899,2.154,0.265,-9.04,C,,,338.33,3.599,52.57,-4.63,2.0,3.0,3,3.0,0,3,,,O=C(CN1CCCC1)Nc1ccc2ccccc2c1,1,93,D3,"7-eonmol (Pocket2Mol 等变图神经网络 + 口袋引导束搜索, GPCR 微调版)","7-eonmol_ft_gpcr_v2.pt — 本项目自训, 经两轮 A/B(种子 2024/2025)晋级; 基线为 ICML 2022 官方权重",7-eonmol-competition-submission,2024,D3_20260927_014218,ADMET 分级 C(风险较高)
C0094,赛道 3 · 离子通道/GPCR 小分子药物虚拟筛选 · 子任务 2,CC(=O)N(CCC(=O)NC(c1ccccc1)C(F)(F)F)Cc1cc(C)cc(Cl)c1,outputs/results_d3_final/structures/cand094_mol_ca607a64_f395a3c06a5d.sdf,1.403,0.691,2.876,0.277,-9.04,C,,,426.87,4.807,49.41,-6.0,1.0,2.0,7,2.0,0,4,,,O=C(CCNCc1ccccc1)NCc1ccccc1,2,94,D3,"7-eonmol (Pocket2Mol 等变图神经网络 + 口袋引导束搜索, GPCR 微调版)","7-eonmol_ft_gpcr_v2.pt — 本项目自训, 经两轮 A/B(种子 2024/2025)晋级; 基线为 ICML 2022 官方权重",7-eonmol-competition-submission,2024,D3_20260927_014218,ADMET 分级 C(风险较高)
C0095,赛道 3 · 离子通道/GPCR 小分子药物虚拟筛选 · 子任务 2,Cc1ccccc1CNCC(=O)N1CCN(C(=O)OC2CCCC2)CC1,outputs/results_d3_final/structures/cand095_mol_f0592a70_6aa94a0b5e4f.sdf,1.66,0.876,2.167,0.322,-8.99,B,,,359.47,2.308,61.88,-3.7,1.0,4.0,5,3.0,0,1,,,O=C(CNCc1ccccc1)N1CCN(C(=O)OC2CCCC2)CC1,2,95,D3,"7-eonmol (Pocket2Mol 等变图神经网络 + 口袋引导束搜索, GPCR 微调版)","7-eonmol_ft_gpcr_v2.pt — 本项目自训, 经两轮 A/B(种子 2024/2025)晋级; 基线为 ICML 2022 官方权重",7-eonmol-competition-submission,2024,D3_20260927_014218,
C0096,赛道 3 · 离子通道/GPCR 小分子药物虚拟筛选 · 子任务 2,Cc1ccccc1CCC(=O)N1CCCCC1(C)Cc1ccccc1,outputs/results_d3_final/structures/cand096_mol_a6ee3103_c6b3f376757e.sdf,1.487,0.757,2.702,0.388,-8.99,C,,,335.49,4.942,20.31,-5.59,0.0,1.0,5,3.0,0,3,,,O=C(CCc1ccccc1)N1CCCCC1Cc1ccccc1,1,96,D3,"7-eonmol (Pocket2Mol 等变图神经网络 + 口袋引导束搜索, GPCR 微调版)","7-eonmol_ft_gpcr_v2.pt — 本项目自训, 经两轮 A/B(种子 2024/2025)晋级; 基线为 ICML 2022 官方权重",7-eonmol-competition-submission,2024,D3_20260927_014218,ADMET 分级 C(风险较高)
C0097,赛道 3 · 离子通道/GPCR 小分子药物虚拟筛选 · 子任务 2,COc1ccccc1CN1CCOC(CCOc2ccc(C(F)(F)F)c(O)c2)C1,outputs/results_d3_final/structures/cand097_mol_8fcf0ab2_c5cb34afe2db.sdf,1.461,0.744,2.828,0.323,-8.94,C,,,411.42,4.09,51.16,-5.37,1.0,5.0,7,3.0,0,3,,,c1ccc(CN2CCOC(CCOc3ccccc3)C2)cc1,1,97,D3,"7-eonmol (Pocket2Mol 等变图神经网络 + 口袋引导束搜索, GPCR 微调版)","7-eonmol_ft_gpcr_v2.pt — 本项目自训, 经两轮 A/B(种子 2024/2025)晋级; 基线为 ICML 2022 官方权重",7-eonmol-competition-submission,2024,D3_20260927_014218,ADMET 分级 C(风险较高)
C0098,赛道 3 · 离子通道/GPCR 小分子药物虚拟筛选 · 子任务 2,CC(=O)N(CCC(=O)NCC=Cc1ccccc1)Cc1cc(C)cc(Cl)c1,outputs/results_d3_final/structures/cand098_mol_cf87452f_ae9a746325ab.sdf,1.504,0.74,2.364,0.304,-8.91,B,,,384.91,4.217,49.41,-5.28,1.0,2.0,8,2.0,0,2,,,O=C(CCNCc1ccccc1)NCC=Cc1ccccc1,1,98,D3,"7-eonmol (Pocket2Mol 等变图神经网络 + 口袋引导束搜索, GPCR 微调版)","7-eonmol_ft_gpcr_v2.pt — 本项目自训, 经两轮 A/B(种子 2024/2025)晋级; 基线为 ICML 2022 官方权重",7-eonmol-competition-submission,2024,D3_20260927_014218,
C0099,赛道 3 · 离子通道/GPCR 小分子药物虚拟筛选 · 子任务 2,Cc1cc(Cl)cc(CN(C)CCC(=O)NCC(=C(F)F)c2ccccn2)c1,outputs/results_d3_final/structures/cand099_mol_7b35ab73_acd75a9a42f0.sdf,1.452,0.727,2.756,0.264,-8.9,C,,,393.87,4.289,45.23,-5.39,1.0,3.0,8,2.0,0,3,,,C=C(CNC(=O)CCNCc1ccccc1)c1ccccn1,1,99,D3,"7-eonmol (Pocket2Mol 等变图神经网络 + 口袋引导束搜索, GPCR 微调版)","7-eonmol_ft_gpcr_v2.pt — 本项目自训, 经两轮 A/B(种子 2024/2025)晋级; 基线为 ICML 2022 官方权重",7-eonmol-competition-submission,2024,D3_20260927_014218,ADMET 分级 C(风险较高)
C0100,赛道 3 · 离子通道/GPCR 小分子药物虚拟筛选 · 子任务 2,COc1cccc(C(=CCC(=O)O)NC(=O)C2(C)CCCN2C(=O)CCc2ccccc2C)c1O,outputs/results_d3_final/structures/cand100_mol_bcf615e1_34fa8751182c.sdf,1.162,0.504,3.425,0.345,-8.89,C,,,480.56,3.655,116.17,-5.41,3.0,5.0,9,3.0,0,3,,,C=C(NC(=O)C1CCCN1C(=O)CCc1ccccc1)c1ccccc1,2,100,D3,"7-eonmol (Pocket2Mol 等变图神经网络 + 口袋引导束搜索, GPCR 微调版)","7-eonmol_ft_gpcr_v2.pt — 本项目自训, 经两轮 A/B(种子 2024/2025)晋级; 基线为 ICML 2022 官方权重",7-eonmol-competition-submission,2024,D3_20260927_014218,ADMET 分级 C(风险较高)
C0101,赛道 3 · 离子通道/GPCR 小分子药物虚拟筛选 · 子任务 2,CCc1ccccc1CNCC(=O)N1CCN2C(CCC2OC(C)CC)C1,outputs/results_d3_final/structures/cand101_mol_6cf0c530_6366465d3bfe.sdf,1.4,0.761,3.613,0.267,-8.88,B,,,373.54,2.786,44.81,-4.07,1.0,4.0,8,3.0,0,1,,,O=C(CNCc1ccccc1)N1CCN2CCCC2C1,1,101,D3,"7-eonmol (Pocket2Mol 等变图神经网络 + 口袋引导束搜索, GPCR 微调版)","7-eonmol_ft_gpcr_v2.pt — 本项目自训, 经两轮 A/B(种子 2024/2025)晋级; 基线为 ICML 2022 官方权重",7-eonmol-competition-submission,2024,D3_20260927_014218,
C0102,赛道 3 · 离子通道/GPCR 小分子药物虚拟筛选 · 子任务 2,COc1ccc(C2CCCN2C(=O)CCc2ccccc2C)cc1,outputs/results_d3_final/structures/cand102_mol_a7cf97c9_d31420649116.sdf,1.592,0.821,2.288,0.384,-8.87,B,,,323.44,4.3,29.54,-5.04,0.0,2.0,5,3.0,0,2,,,O=C(CCc1ccccc1)N1CCCC1c1ccccc1,6,102,D3,"7-eonmol (Pocket2Mol 等变图神经网络 + 口袋引导束搜索, GPCR 微调版)","7-eonmol_ft_gpcr_v2.pt — 本项目自训, 经两轮 A/B(种子 2024/2025)晋级; 基线为 ICML 2022 官方权重",7-eonmol-competition-submission,2024,D3_20260927_014218,
C0103,赛道 3 · 离子通道/GPCR 小分子药物虚拟筛选 · 子任务 2,O=C(Nc1ccc2cc(O)c(C(F)(F)F)cc2c1)C1=C=CC=N1,outputs/results_d3_final/structures/cand103_mol_acc2ec77_adc0b74f276a.sdf,1.502,0.831,3.293,0.239,-8.87,B,,,318.25,3.626,61.69,-4.55,2.0,3.0,2,3.0,0,1,,,O=C(Nc1ccc2ccccc2c1)C1=C=CC=N1,1,103,D3,"7-eonmol (Pocket2Mol 等变图神经网络 + 口袋引导束搜索, GPCR 微调版)","7-eonmol_ft_gpcr_v2.pt — 本项目自训, 经两轮 A/B(种子 2024/2025)晋级; 基线为 ICML 2022 官方权重",7-eonmol-competition-submission,2024,D3_20260927_014218,
C0104,赛道 3 · 离子通道/GPCR 小分子药物虚拟筛选 · 子任务 2,CC(C)CC(=O)NC=CC=c1cc(F)cc2c1=C(C1CCCC1)OC2(F)F,outputs/results_d3_final/structures/cand104_mol_f1f64371_2bb5fb983cda.sdf,1.471,0.848,3.772,0.203,-8.86,A,,,379.42,3.66,38.33,-4.82,1.0,2.0,5,3.0,0,0,,,C=c1cccc2c1=C(C1CCCC1)OC2,1,104,D3,"7-eonmol (Pocket2Mol 等变图神经网络 + 口袋引导束搜索, GPCR 微调版)","7-eonmol_ft_gpcr_v2.pt — 本项目自训, 经两轮 A/B(种子 2024/2025)晋级; 基线为 ICML 2022 官方权重",7-eonmol-competition-submission,2024,D3_20260927_014218,
C0105,赛道 3 · 离子通道/GPCR 小分子药物虚拟筛选 · 子任务 2,CC(C)N1CCCC(=O)NCC2N=C(CCC1=O)c1cccc3cccc2c13,outputs/results_d3_final/structures/cand105_mol_3f2e48eb_ce062129db7d.sdf,1.374,0.825,4.509,0.261,-8.86,B,,,377.49,3.611,61.77,-4.91,1.0,3.0,1,4.0,0,2,,,O=C1CCC2=NC(CNC(=O)CCCN1)c1cccc3cccc2c13,1,105,D3,"7-eonmol (Pocket2Mol 等变图神经网络 + 口袋引导束搜索, GPCR 微调版)","7-eonmol_ft_gpcr_v2.pt — 本项目自训, 经两轮 A/B(种子 2024/2025)晋级; 基线为 ICML 2022 官方权重",7-eonmol-competition-submission,2024,D3_20260927_014218,
C0106,赛道 3 · 离子通道/GPCR 小分子药物虚拟筛选 · 子任务 2,Cc1cc(Cl)cc(CN(C)CCC(=O)NC2=CCN=CC2=C(F)F)c1,outputs/results_d3_final/structures/cand106_mol_94efee79_de10d0d854a8.sdf,1.502,0.833,3.302,0.264,-8.82,B,,,367.83,3.705,44.7,-4.77,1.0,3.0,6,2.0,0,1,,,C=C1C=NCC=C1NC(=O)CCNCc1ccccc1,1,106,D3,"7-eonmol (Pocket2Mol 等变图神经网络 + 口袋引导束搜索, GPCR 微调版)","7-eonmol_ft_gpcr_v2.pt — 本项目自训, 经两轮 A/B(种子 2024/2025)晋级; 基线为 ICML 2022 官方权重",7-eonmol-competition-submission,2024,D3_20260927_014218,
C0107,赛道 3 · 离子通道/GPCR 小分子药物虚拟筛选 · 子任务 2,CC(C)OC(=O)N1CCN2CC1CC=CC(=O)NCc1ccc(F)c(c1)CNCC2=O,outputs/results_d3_final/structures/cand107_mol_5d9b5f1e_179e77be79ac.sdf,1.178,0.703,5.247,0.246,-8.82,A,,,432.5,1.549,90.98,-3.68,2.0,5.0,1,3.0,0,0,,,O=C1C=CCC2CN(CCN2)C(=O)CNCc2cccc(c2)CN1,1,107,D3,"7-eonmol (Pocket2Mol 等变图神经网络 + 口袋引导束搜索, GPCR 微调版)","7-eonmol_ft_gpcr_v2.pt — 本项目自训, 经两轮 A/B(种子 2024/2025)晋级; 基线为 ICML 2022 官方权重",7-eonmol-competition-submission,2024,D3_20260927_014218,
C0108,赛道 3 · 离子通道/GPCR 小分子药物虚拟筛选 · 子任务 2,Cc1ccccc1N1CCCC(=O)NCC2N=C(CCC1=O)c1cccc3cccc2c13,outputs/results_d3_final/structures/cand108_mol_5818dfd7_c558bba691d3.sdf,1.18,0.614,4.335,0.331,-8.8,B,,,425.53,4.715,61.77,-6.09,1.0,3.0,1,5.0,0,2,,,O=C1CCCN(c2ccccc2)C(=O)CCC2=NC(CN1)c1cccc3cccc2c13,1,108,D3,"7-eonmol (Pocket2Mol 等变图神经网络 + 口袋引导束搜索, GPCR 微调版)","7-eonmol_ft_gpcr_v2.pt — 本项目自训, 经两轮 A/B(种子 2024/2025)晋级; 基线为 ICML 2022 官方权重",7-eonmol-competition-submission,2024,D3_20260927_014218,
C0109,赛道 3 · 离子通道/GPCR 小分子药物虚拟筛选 · 子任务 2,Cc1ccccc1CCC(=O)N1CCCC1c1ccccc1,outputs/results_d3_final/structures/cand109_mol_a7cf97c9_f38ebf05937f.sdf,1.601,0.823,2.223,0.38,-8.79,B,,,293.41,4.291,20.31,-4.88,0.0,1.0,4,3.0,0,2,,,O=C(CCc1ccccc1)N1CCCC1c1ccccc1,6,109,D3,"7-eonmol (Pocket2Mol 等变图神经网络 + 口袋引导束搜索, GPCR 微调版)","7-eonmol_ft_gpcr_v2.pt — 本项目自训, 经两轮 A/B(种子 2024/2025)晋级; 基线为 ICML 2022 官方权重",7-eonmol-competition-submission,2024,D3_20260927_014218,
C0110,赛道 3 · 离子通道/GPCR 小分子药物虚拟筛选 · 子任务 2,CC12CCOC1CC(COc1ccc(C(F)(F)F)c(O)c1)CC2=O,outputs/results_d3_final/structures/cand110_mol_6e774348_313a5423ee42.sdf,1.516,0.911,3.944,0.229,-8.79,B,,,344.33,3.564,55.76,-4.59,1.0,4.0,3,3.0,0,1,,,O=C1CC(COc2ccccc2)CC2OCCC12,1,110,D3,"7-eonmol (Pocket2Mol 等变图神经网络 + 口袋引导束搜索, GPCR 微调版)","7-eonmol_ft_gpcr_v2.pt — 本项目自训, 经两轮 A/B(种子 2024/2025)晋级; 基线为 ICML 2022 官方权重",7-eonmol-competition-submission,2024,D3_20260927_014218,
C0111,赛道 3 · 离子通道/GPCR 小分子药物虚拟筛选 · 子任务 2,CCOC(=O)c1cc2c(c3c1NCCC3)C(Oc1ccccc1)CC(O)=C2,outputs/results_d3_final/structures/cand111_mol_9554ea0f_ea153baa1aea.sdf,1.423,0.772,3.496,0.297,-8.78,B,,,365.43,4.644,67.79,-5.57,2.0,5.0,4,4.0,0,2,,,C1=Cc2ccc3c(c2C(Oc2ccccc2)C1)CCCN3,2,111,D3,"7-eonmol (Pocket2Mol 等变图神经网络 + 口袋引导束搜索, GPCR 微调版)","7-eonmol_ft_gpcr_v2.pt — 本项目自训, 经两轮 A/B(种子 2024/2025)晋级; 基线为 ICML 2022 官方权重",7-eonmol-competition-submission,2024,D3_20260927_014218,
C0112,赛道 3 · 离子通道/GPCR 小分子药物虚拟筛选 · 子任务 2,Cc1ccccc1CCC(=O)N1CCCC1c1ccc(Cl)cc1,outputs/results_d3_final/structures/cand112_mol_a7cf97c9_01f2ce9293b7.sdf,1.548,0.778,2.296,0.346,-8.77,C,,,327.86,4.945,20.31,-5.58,0.0,1.0,4,3.0,0,3,,,O=C(CCc1ccccc1)N1CCCC1c1ccccc1,6,112,D3,"7-eonmol (Pocket2Mol 等变图神经网络 + 口袋引导束搜索, GPCR 微调版)","7-eonmol_ft_gpcr_v2.pt — 本项目自训, 经两轮 A/B(种子 2024/2025)晋级; 基线为 ICML 2022 官方权重",7-eonmol-competition-submission,2024,D3_20260927_014218,ADMET 分级 C(风险较高)
C0113,赛道 3 · 离子通道/GPCR 小分子药物虚拟筛选 · 子任务 2,O=C(O)CNC(=O)c1cccc(CCOc2ccc(C(F)(F)F)c(O)c2)c1,outputs/results_d3_final/structures/cand113_mol_6fa89d56_721270310023.sdf,1.464,0.683,2.191,0.328,-8.77,B,,,383.32,2.847,95.86,-4.28,3.0,4.0,7,2.0,0,1,,,c1ccc(CCOc2ccccc2)cc1,2,113,D3,"7-eonmol (Pocket2Mol 等变图神经网络 + 口袋引导束搜索, GPCR 微调版)","7-eonmol_ft_gpcr_v2.pt — 本项目自训, 经两轮 A/B(种子 2024/2025)晋级; 基线为 ICML 2022 官方权重",7-eonmol-competition-submission,2024,D3_20260927_014218,
C0114,赛道 3 · 离子通道/GPCR 小分子药物虚拟筛选 · 子任务 2,O=C(Cc1cc(COC(F)(F)F)cc(Cl)c1O)Nc1ccccc1,outputs/results_d3_final/structures/cand114_mol_a330d199_ea3ef8335d2f.sdf,1.611,0.838,2.273,0.321,-8.76,B,,,359.73,4.263,58.56,-5.24,2.0,3.0,5,2.0,0,1,,,O=C(Cc1ccccc1)Nc1ccccc1,1,114,D3,"7-eonmol (Pocket2Mol 等变图神经网络 + 口袋引导束搜索, GPCR 微调版)","7-eonmol_ft_gpcr_v2.pt — 本项目自训, 经两轮 A/B(种子 2024/2025)晋级; 基线为 ICML 2022 官方权重",7-eonmol-competition-submission,2024,D3_20260927_014218,
C0115,赛道 3 · 离子通道/GPCR 小分子药物虚拟筛选 · 子任务 2,O=C(O)NCC1OCN2C(c3cccc(Cl)c3)=CCc3c2n1c(=O)n(-c1ccccc1F)c3=O,outputs/results_d3_final/structures/cand115_mol_69f8ab5b_bb84d5e8006e.sdf,1.216,0.59,3.738,0.294,-8.76,A,,,484.87,2.949,105.8,-5.1,2.0,5.0,4,5.0,0,0,,,O=c1c2c3n(c(=O)n1-c1ccccc1)COCN3C(c1ccccc1)=CC2,9,115,D3,"7-eonmol (Pocket2Mol 等变图神经网络 + 口袋引导束搜索, GPCR 微调版)","7-eonmol_ft_gpcr_v2.pt — 本项目自训, 经两轮 A/B(种子 2024/2025)晋级; 基线为 ICML 2022 官方权重",7-eonmol-competition-submission,2024,D3_20260927_014218,
C0116,赛道 3 · 离子通道/GPCR 小分子药物虚拟筛选 · 子任务 2,Cc1cc(Cl)cc(CN(CCC(=O)NCc2ccccc2)C(=O)O)c1,outputs/results_d3_final/structures/cand116_mol_ca607a64_d8c1ab6df547.sdf,1.581,0.788,2.064,0.371,-8.75,C,,,360.84,3.835,69.64,-4.88,2.0,2.0,7,2.0,0,3,,,O=C(CCNCc1ccccc1)NCc1ccccc1,2,116,D3,"7-eonmol (Pocket2Mol 等变图神经网络 + 口袋引导束搜索, GPCR 微调版)","7-eonmol_ft_gpcr_v2.pt — 本项目自训, 经两轮 A/B(种子 2024/2025)晋级; 基线为 ICML 2022 官方权重",7-eonmol-competition-submission,2024,D3_20260927_014218,ADMET 分级 C(风险较高)
C0117,赛道 3 · 离子通道/GPCR 小分子药物虚拟筛选 · 子任务 2,COC1C2COc3cc(F)ccc3Oc3cc(C(F)(F)F)ccc3OC(CO2)C1O,outputs/results_d3_final/structures/cand117_mol_a8ad97b0_2fc66f45fdfd.sdf,1.195,0.699,5.038,0.259,-8.75,B,,,430.35,3.551,66.38,-5.22,1.0,6.0,1,5.0,0,1,,,c1ccc2c(c1)OCC1CCC(CO1)Oc1ccccc1O2,1,117,D3,"7-eonmol (Pocket2Mol 等变图神经网络 + 口袋引导束搜索, GPCR 微调版)","7-eonmol_ft_gpcr_v2.pt — 本项目自训, 经两轮 A/B(种子 2024/2025)晋级; 基线为 ICML 2022 官方权重",7-eonmol-competition-submission,2024,D3_20260927_014218,
C0118,赛道 3 · 离子通道/GPCR 小分子药物虚拟筛选 · 子任务 2,Cc1cc(Cl)cc(CN(C)CCC(=O)NC2CC(=O)N=CC2=C(F)F)c1,outputs/results_d3_final/structures/cand118_mol_5d828553_4ce02c4d0f95.sdf,1.45,0.821,3.708,0.24,-8.74,B,,,383.83,3.107,61.77,-4.42,1.0,3.0,6,2.0,0,1,,,C=C1C=NC(=O)CC1NC(=O)CCNCc1ccccc1,1,118,D3,"7-eonmol (Pocket2Mol 等变图神经网络 + 口袋引导束搜索, GPCR 微调版)","7-eonmol_ft_gpcr_v2.pt — 本项目自训, 经两轮 A/B(种子 2024/2025)晋级; 基线为 ICML 2022 官方权重",7-eonmol-competition-submission,2024,D3_20260927_014218,
C0119,赛道 3 · 离子通道/GPCR 小分子药物虚拟筛选 · 子任务 2,O=C(O)CCC(=O)c1cccc(CCOc2ccc(C(F)(F)F)c(O)c2)c1,outputs/results_d3_final/structures/cand119_mol_6fa89d56_59521226aea6.sdf,1.449,0.672,2.232,0.318,-8.74,B,,,382.33,4.08,83.83,-5.16,2.0,4.0,8,2.0,0,2,,,c1ccc(CCOc2ccccc2)cc1,2,119,D3,"7-eonmol (Pocket2Mol 等变图神经网络 + 口袋引导束搜索, GPCR 微调版)","7-eonmol_ft_gpcr_v2.pt — 本项目自训, 经两轮 A/B(种子 2024/2025)晋级; 基线为 ICML 2022 官方权重",7-eonmol-competition-submission,2024,D3_20260927_014218,
C0120,赛道 3 · 离子通道/GPCR 小分子药物虚拟筛选 · 子任务 2,CC1(C)CCC(COc2ccc(C(F)(F)F)c(O)c2)CC1=O,outputs/results_d3_final/structures/cand120_mol_0c1fc323_22c8183fce7b.sdf,1.596,0.909,3.135,0.247,-8.71,B,,,316.32,4.185,46.53,-4.88,1.0,3.0,3,2.0,0,1,,,O=C1CCCC(COc2ccccc2)C1,4,120,D3,"7-eonmol (Pocket2Mol 等变图神经网络 + 口袋引导束搜索, GPCR 微调版)","7-eonmol_ft_gpcr_v2.pt — 本项目自训, 经两轮 A/B(种子 2024/2025)晋级; 基线为 ICML 2022 官方权重",7-eonmol-competition-submission,2024,D3_20260927_014218,
C0121,赛道 3 · 离子通道/GPCR 小分子药物虚拟筛选 · 子任务 2,O=C(Cc1cc(COC(F)(F)F)cc(Cl)c1O)Nc1ccccn1,outputs/results_d3_final/structures/cand121_mol_073d12f4_6eb7515e1f82.sdf,1.603,0.853,2.498,0.262,-8.7,B,,,360.72,3.658,71.45,-4.8,2.0,4.0,5,2.0,0,2,,,O=C(Cc1ccccc1)Nc1ccccn1,1,121,D3,"7-eonmol (Pocket2Mol 等变图神经网络 + 口袋引导束搜索, GPCR 微调版)","7-eonmol_ft_gpcr_v2.pt — 本项目自训, 经两轮 A/B(种子 2024/2025)晋级; 基线为 ICML 2022 官方权重",7-eonmol-competition-submission,2024,D3_20260927_014218,
C0122,赛道 3 · 离子通道/GPCR 小分子药物虚拟筛选 · 子任务 2,CC(C)OC(=O)N1CCN(C(=O)CNCc2cc(C(=O)NC3CC=NC3)cc3ccccc23)CC1,outputs/results_d3_final/structures/cand122_mol_3309c658_a9e280edb552.sdf,1.304,0.634,3.296,0.299,-8.66,B,,,479.58,2.192,103.34,-4.35,2.0,6.0,7,4.0,0,1,,,O=C(NC1CC=NC1)c1cc(CNCC(=O)N2CCNCC2)c2ccccc2c1,1,122,D3,"7-eonmol (Pocket2Mol 等变图神经网络 + 口袋引导束搜索, GPCR 微调版)","7-eonmol_ft_gpcr_v2.pt — 本项目自训, 经两轮 A/B(种子 2024/2025)晋级; 基线为 ICML 2022 官方权重",7-eonmol-competition-submission,2024,D3_20260927_014218,
C0123,赛道 3 · 离子通道/GPCR 小分子药物虚拟筛选 · 子任务 2,O=c1c2c3n(c(=O)n1C1=C=CC=C1)C(CO)OCN3C(c1cccc(Cl)c1)=CC2,outputs/results_d3_final/structures/cand123_mol_7152ff97_0c0eeb4a9199.sdf,1.329,0.786,4.566,0.25,-8.65,A,,,409.83,2.111,76.7,-3.98,1.0,5.0,3,5.0,0,0,,,O=c1c2c3n(c(=O)n1C1=C=CC=C1)COCN3C(c1ccccc1)=CC2,1,123,D3,"7-eonmol (Pocket2Mol 等变图神经网络 + 口袋引导束搜索, GPCR 微调版)","7-eonmol_ft_gpcr_v2.pt — 本项目自训, 经两轮 A/B(种子 2024/2025)晋级; 基线为 ICML 2022 官方权重",7-eonmol-competition-submission,2024,D3_20260927_014218,
C0124,赛道 3 · 离子通道/GPCR 小分子药物虚拟筛选 · 子任务 2,CCOC(=O)c1cc2c(c3c1NCCC3)C1(COC(F)(F)CO1)CC(C(=O)O)=C2,outputs/results_d3_final/structures/cand124_mol_5c97bba3_607be324a787.sdf,1.276,0.742,4.658,0.189,-8.65,B,,,409.39,2.928,94.09,-4.51,2.0,6.0,3,4.0,0,1,,,C1=Cc2ccc3c(c2C2(C1)COCCO2)CCCN3,1,124,D3,"7-eonmol (Pocket2Mol 等变图神经网络 + 口袋引导束搜索, GPCR 微调版)","7-eonmol_ft_gpcr_v2.pt — 本项目自训, 经两轮 A/B(种子 2024/2025)晋级; 基线为 ICML 2022 官方权重",7-eonmol-competition-submission,2024,D3_20260927_014218,
C0125,赛道 3 · 离子通道/GPCR 小分子药物虚拟筛选 · 子任务 2,Oc1cc(OC(F)CN2CCc3ccccc32)ccc1Cl,outputs/results_d3_final/structures/cand125_mol_d228d4e9_95a171a9dd0f.sdf,1.639,0.933,2.938,0.312,-8.64,A,,,307.75,3.783,32.7,-4.61,1.0,3.0,4,3.0,0,0,,,c1ccc(OCCN2CCc3ccccc32)cc1,1,125,D3,"7-eonmol (Pocket2Mol 等变图神经网络 + 口袋引导束搜索, GPCR 微调版)","7-eonmol_ft_gpcr_v2.pt — 本项目自训, 经两轮 A/B(种子 2024/2025)晋级; 基线为 ICML 2022 官方权重",7-eonmol-competition-submission,2024,D3_20260927_014218,
C0126,赛道 3 · 离子通道/GPCR 小分子药物虚拟筛选 · 子任务 2,CCN(Cc1ccc(F)c(CNCC(=O)N2CCN(C(=O)OC(C)C)CC2)c1)C(=O)O,outputs/results_d3_final/structures/cand126_mol_a776371c_404769611f99.sdf,1.393,0.645,2.513,0.276,-8.64,B,,,438.5,2.104,102.42,-3.97,2.0,5.0,8,2.0,0,1,,,O=C(CNCc1ccccc1)N1CCNCC1,8,126,D3,"7-eonmol (Pocket2Mol 等变图神经网络 + 口袋引导束搜索, GPCR 微调版)","7-eonmol_ft_gpcr_v2.pt — 本项目自训, 经两轮 A/B(种子 2024/2025)晋级; 基线为 ICML 2022 官方权重",7-eonmol-competition-submission,2024,D3_20260927_014218,
C0127,赛道 3 · 离子通道/GPCR 小分子药物虚拟筛选 · 子任务 2,O=C(O)NCC1OCN2C(c3cccc(Cl)c3)=CCc3c2n1c(=O)n(-c1cccc(F)c1)c3=O,outputs/results_d3_final/structures/cand127_mol_69f8ab5b_f1409b9fdcf5.sdf,1.215,0.59,3.744,0.276,-8.63,A,,,484.87,2.949,105.8,-5.1,2.0,5.0,4,5.0,0,0,,,O=c1c2c3n(c(=O)n1-c1ccccc1)COCN3C(c1ccccc1)=CC2,9,127,D3,"7-eonmol (Pocket2Mol 等变图神经网络 + 口袋引导束搜索, GPCR 微调版)","7-eonmol_ft_gpcr_v2.pt — 本项目自训, 经两轮 A/B(种子 2024/2025)晋级; 基线为 ICML 2022 官方权重",7-eonmol-competition-submission,2024,D3_20260927_014218,
C0128,赛道 3 · 离子通道/GPCR 小分子药物虚拟筛选 · 子任务 2,O=C(Cc1cc(COC(F)(F)F)cc(Cl)c1O)NC1CCCC1,outputs/results_d3_final/structures/cand128_mol_76d6c632_dd525014712e.sdf,1.599,0.85,2.513,0.268,-8.62,B,,,351.75,3.683,58.56,-4.68,2.0,3.0,5,2.0,0,1,,,O=C(Cc1ccccc1)NC1CCCC1,1,128,D3,"7-eonmol (Pocket2Mol 等变图神经网络 + 口袋引导束搜索, GPCR 微调版)","7-eonmol_ft_gpcr_v2.pt — 本项目自训, 经两轮 A/B(种子 2024/2025)晋级; 基线为 ICML 2022 官方权重",7-eonmol-competition-submission,2024,D3_20260927_014218,
C0129,赛道 3 · 离子通道/GPCR 小分子药物虚拟筛选 · 子任务 2,CC(F)OC(=O)c1ccc(COCC(F)(F)F)c2c1NCCC2,outputs/results_d3_final/structures/cand129_mol_54064574_5046d20fdb79.sdf,1.311,0.66,3.484,0.21,-8.61,B,,,335.3,3.596,47.56,-4.51,1.0,4.0,5,2.0,0,1,,,c1ccc2c(c1)CCCN2,3,129,D3,"7-eonmol (Pocket2Mol 等变图神经网络 + 口袋引导束搜索, GPCR 微调版)","7-eonmol_ft_gpcr_v2.pt — 本项目自训, 经两轮 A/B(种子 2024/2025)晋级; 基线为 ICML 2022 官方权重",7-eonmol-competition-submission,2024,D3_20260927_014218,
C0130,赛道 3 · 离子通道/GPCR 小分子药物虚拟筛选 · 子任务 2,CC1CCCCCN2C=CC=c3ncc(cc32)=Cc2cc(cc(Cl)c2O)CO1,outputs/results_d3_final/structures/cand130_mol_9aec2226_404894800644.sdf,1.163,0.734,5.707,0.224,-8.57,B,,,396.92,3.863,45.59,-5.27,1.0,4.0,0,4.0,0,1,,,C1=CN2CCCCCCOCc3cccc(c3)C=c3cnc(c2c3)=C1,1,130,D3,"7-eonmol (Pocket2Mol 等变图神经网络 + 口袋引导束搜索, GPCR 微调版)","7-eonmol_ft_gpcr_v2.pt — 本项目自训, 经两轮 A/B(种子 2024/2025)晋级; 基线为 ICML 2022 官方权重",7-eonmol-competition-submission,2024,D3_20260927_014218,
C0131,赛道 3 · 离子通道/GPCR 小分子药物虚拟筛选 · 子任务 2,FC(F)(F)c1cccc2cc3c(cc12)CCCC3,outputs/results_d3_final/structures/cand131_mol_1a3b690f_5939b3348e0e.sdf,1.421,0.633,2.12,0.242,-8.55,B,,,250.26,4.737,0.0,-5.04,0.0,0.0,0,3.0,0,2,,,c1ccc2cc3c(cc2c1)CCCC3,1,131,D3,"7-eonmol (Pocket2Mol 等变图神经网络 + 口袋引导束搜索, GPCR 微调版)","7-eonmol_ft_gpcr_v2.pt — 本项目自训, 经两轮 A/B(种子 2024/2025)晋级; 基线为 ICML 2022 官方权重",7-eonmol-competition-submission,2024,D3_20260927_014218,
C0132,赛道 3 · 离子通道/GPCR 小分子药物虚拟筛选 · 子任务 2,CCCN(Cc1ccc(F)c(CNCC(=O)N2CCN(C(=O)OC(C)C)CC2)c1)C(C)=O,outputs/results_d3_final/structures/cand132_mol_a776371c_99787b976641.sdf,1.374,0.625,2.509,0.27,-8.55,B,,,450.56,2.363,82.19,-4.21,1.0,5.0,9,2.0,0,1,,,O=C(CNCc1ccccc1)N1CCNCC1,8,132,D3,"7-eonmol (Pocket2Mol 等变图神经网络 + 口袋引导束搜索, GPCR 微调版)","7-eonmol_ft_gpcr_v2.pt — 本项目自训, 经两轮 A/B(种子 2024/2025)晋级; 基线为 ICML 2022 官方权重",7-eonmol-competition-submission,2024,D3_20260927_014218,
C0133,赛道 3 · 离子通道/GPCR 小分子药物虚拟筛选 · 子任务 2,COc1cc(OCC(F)(F)F)c2c3c(c(C(=O)OC(F)(F)F)cc2c1)NCCC3,outputs/results_d3_final/structures/cand133_mol_feb0e42d_ddf1df6eb896.sdf,1.26,0.564,3.048,0.221,-8.52,C,,,423.31,4.824,56.79,-6.03,1.0,5.0,4,3.0,0,3,,,c1ccc2c3c(ccc2c1)NCCC3,4,133,D3,"7-eonmol (Pocket2Mol 等变图神经网络 + 口袋引导束搜索, GPCR 微调版)","7-eonmol_ft_gpcr_v2.pt — 本项目自训, 经两轮 A/B(种子 2024/2025)晋级; 基线为 ICML 2022 官方权重",7-eonmol-competition-submission,2024,D3_20260927_014218,ADMET 分级 C(风险较高)
C0134,赛道 3 · 离子通道/GPCR 小分子药物虚拟筛选 · 子任务 2,CC(CC(=O)NCCC1CCCCC1)c1ccc(C(F)(F)F)[nH]1,outputs/results_d3_final/structures/cand134_mol_79cfad1d_1084d2e824f6.sdf,1.466,0.786,3.198,0.244,-8.51,B,,,330.39,4.614,44.89,-5.2,2.0,1.0,6,2.0,0,2,,,O=C(CCc1ccc[nH]1)NCCC1CCCCC1,1,134,D3,"7-eonmol (Pocket2Mol 等变图神经网络 + 口袋引导束搜索, GPCR 微调版)","7-eonmol_ft_gpcr_v2.pt — 本项目自训, 经两轮 A/B(种子 2024/2025)晋级; 基线为 ICML 2022 官方权重",7-eonmol-competition-submission,2024,D3_20260927_014218,
C0135,赛道 3 · 离子通道/GPCR 小分子药物虚拟筛选 · 子任务 2,CCc1ccccc1CNCC(=O)N1CCN(C(=O)OC(C)C)CC1,outputs/results_d3_final/structures/cand135_mol_a776371c_ec9d0c90bd1f.sdf,1.64,0.855,2.152,0.289,-8.46,B,,,347.46,2.028,61.88,-3.39,1.0,4.0,6,2.0,0,1,,,O=C(CNCc1ccccc1)N1CCNCC1,8,135,D3,"7-eonmol (Pocket2Mol 等变图神经网络 + 口袋引导束搜索, GPCR 微调版)","7-eonmol_ft_gpcr_v2.pt — 本项目自训, 经两轮 A/B(种子 2024/2025)晋级; 基线为 ICML 2022 官方权重",7-eonmol-competition-submission,2024,D3_20260927_014218,
C0136,赛道 3 · 离子通道/GPCR 小分子药物虚拟筛选 · 子任务 2,O=C(O)NCC1OCN2C(c3cccc(Cl)c3)=CCc3c2n1c(=O)n(-c1ccccc1)c3=O,outputs/results_d3_final/structures/cand136_mol_69f8ab5b_3751dd9b0e32.sdf,1.247,0.612,3.656,0.331,-8.46,A,,,466.88,2.81,105.8,-4.88,2.0,5.0,4,5.0,0,0,,,O=c1c2c3n(c(=O)n1-c1ccccc1)COCN3C(c1ccccc1)=CC2,9,136,D3,"7-eonmol (Pocket2Mol 等变图神经网络 + 口袋引导束搜索, GPCR 微调版)","7-eonmol_ft_gpcr_v2.pt — 本项目自训, 经两轮 A/B(种子 2024/2025)晋级; 基线为 ICML 2022 官方权重",7-eonmol-competition-submission,2024,D3_20260927_014218,
C0137,赛道 3 · 离子通道/GPCR 小分子药物虚拟筛选 · 子任务 2,O=C(O)NCC1OCN2C(c3cccc(Cl)c3)=CCc3c2n1c(=O)n(CC(F)(F)F)c3=O,outputs/results_d3_final/structures/cand137_mol_72157b2e_94c510bd693d.sdf,1.31,0.708,3.977,0.241,-8.45,B,,,472.81,2.383,105.8,-4.55,2.0,5.0,4,4.0,0,1,,,O=c1[nH]c(=O)n2c3c1CC=C(c1ccccc1)N3COC2,1,137,D3,"7-eonmol (Pocket2Mol 等变图神经网络 + 口袋引导束搜索, GPCR 微调版)","7-eonmol_ft_gpcr_v2.pt — 本项目自训, 经两轮 A/B(种子 2024/2025)晋级; 基线为 ICML 2022 官方权重",7-eonmol-competition-submission,2024,D3_20260927_014218,
C0138,赛道 3 · 离子通道/GPCR 小分子药物虚拟筛选 · 子任务 2,O=C(OC(F)(F)F)c1cc2c(c3c1NCCC3)C(OCCF)CC=C2,outputs/results_d3_final/structures/cand138_mol_9fd2a0e6_62bc48b5d1b5.sdf,1.244,0.648,4.038,0.197,-8.44,B,,,359.32,4.165,47.56,-5.1,1.0,4.0,4,3.0,0,1,,,C1=Cc2ccc3c(c2CC1)CCCN3,23,138,D3,"7-eonmol (Pocket2Mol 等变图神经网络 + 口袋引导束搜索, GPCR 微调版)","7-eonmol_ft_gpcr_v2.pt — 本项目自训, 经两轮 A/B(种子 2024/2025)晋级; 基线为 ICML 2022 官方权重",7-eonmol-competition-submission,2024,D3_20260927_014218,
C0139,赛道 3 · 离子通道/GPCR 小分子药物虚拟筛选 · 子任务 2,O=c1cc2n(c(=O)n1-c1ccccc1)C(CO)OCN2Cc1cccc(Cl)c1,outputs/results_d3_final/structures/cand139_mol_d8bde4ae_6e70c3b2916d.sdf,1.398,0.727,3.286,0.384,-8.41,A,,,399.83,2.138,76.7,-4.0,1.0,5.0,4,4.0,0,0,,,O=c1cc2n(c(=O)n1-c1ccccc1)COCN2Cc1ccccc1,1,139,D3,"7-eonmol (Pocket2Mol 等变图神经网络 + 口袋引导束搜索, GPCR 微调版)","7-eonmol_ft_gpcr_v2.pt — 本项目自训, 经两轮 A/B(种子 2024/2025)晋级; 基线为 ICML 2022 官方权重",7-eonmol-competition-submission,2024,D3_20260927_014218,
C0140,赛道 3 · 离子通道/GPCR 小分子药物虚拟筛选 · 子任务 2,CCCCC1CCC(COc2ccc(C(F)(F)F)c(O)c2)CC1=O,outputs/results_d3_final/structures/cand140_mol_0c1fc323_345e4840079f.sdf,1.463,0.793,3.3,0.258,-8.4,B,,,344.37,4.965,46.53,-5.56,1.0,3.0,6,2.0,0,2,,,O=C1CCCC(COc2ccccc2)C1,4,140,D3,"7-eonmol (Pocket2Mol 等变图神经网络 + 口袋引导束搜索, GPCR 微调版)","7-eonmol_ft_gpcr_v2.pt — 本项目自训, 经两轮 A/B(种子 2024/2025)晋级; 基线为 ICML 2022 官方权重",7-eonmol-competition-submission,2024,D3_20260927_014218,
C0141,赛道 3 · 离子通道/GPCR 小分子药物虚拟筛选 · 子任务 2,O=C(OC(F)(F)F)c1cc2c(c3c1NCCC3)C(OCC(F)F)CC=C2,outputs/results_d3_final/structures/cand141_mol_9fd2a0e6_551dd8147d83.sdf,1.215,0.622,4.063,0.186,-8.4,B,,,377.31,4.461,47.56,-5.43,1.0,4.0,4,3.0,0,1,,,C1=Cc2ccc3c(c2CC1)CCCN3,23,141,D3,"7-eonmol (Pocket2Mol 等变图神经网络 + 口袋引导束搜索, GPCR 微调版)","7-eonmol_ft_gpcr_v2.pt — 本项目自训, 经两轮 A/B(种子 2024/2025)晋级; 基线为 ICML 2022 官方权重",7-eonmol-competition-submission,2024,D3_20260927_014218,
C0142,赛道 3 · 离子通道/GPCR 小分子药物虚拟筛选 · 子任务 2,COC1=Cc2cc(C(=O)OC(C)F)c3c(c2C(OCC(F)(F)F)C1)CCCN3,outputs/results_d3_final/structures/cand142_mol_9fd2a0e6_efc8c3ff13c5.sdf,1.14,0.579,4.383,0.206,-8.37,B,,,403.37,4.528,56.79,-5.62,1.0,5.0,5,3.0,0,2,,,C1=Cc2ccc3c(c2CC1)CCCN3,23,142,D3,"7-eonmol (Pocket2Mol 等变图神经网络 + 口袋引导束搜索, GPCR 微调版)","7-eonmol_ft_gpcr_v2.pt — 本项目自训, 经两轮 A/B(种子 2024/2025)晋级; 基线为 ICML 2022 官方权重",7-eonmol-competition-submission,2024,D3_20260927_014218,
C0143,赛道 3 · 离子通道/GPCR 小分子药物虚拟筛选 · 子任务 2,CC1(C)CC(=O)N(CCOc2ccc(C(F)(F)F)c(O)c2)C1,outputs/results_d3_final/structures/cand143_mol_ee7f0da6_7f3050fa3b9b.sdf,1.667,0.928,2.614,0.232,-8.33,B,,,317.31,3.048,49.77,-4.02,1.0,3.0,4,2.0,0,2,,,O=C1CCCN1CCOc1ccccc1,2,143,D3,"7-eonmol (Pocket2Mol 等变图神经网络 + 口袋引导束搜索, GPCR 微调版)","7-eonmol_ft_gpcr_v2.pt — 本项目自训, 经两轮 A/B(种子 2024/2025)晋级; 基线为 ICML 2022 官方权重",7-eonmol-competition-submission,2024,D3_20260927_014218,
C0144,赛道 3 · 离子通道/GPCR 小分子药物虚拟筛选 · 子任务 2,O=C(O)c1ccccc1-c1ccc(C(F)(F)F)[nH]1,outputs/results_d3_final/structures/cand144_mol_afd57115_3f91933b7750.sdf,1.629,0.864,2.349,0.311,-8.33,B,,,255.19,3.399,53.09,-4.05,2.0,1.0,2,2.0,0,1,,,c1ccc(-c2ccc[nH]2)cc1,1,144,D3,"7-eonmol (Pocket2Mol 等变图神经网络 + 口袋引导束搜索, GPCR 微调版)","7-eonmol_ft_gpcr_v2.pt — 本项目自训, 经两轮 A/B(种子 2024/2025)晋级; 基线为 ICML 2022 官方权重",7-eonmol-competition-submission,2024,D3_20260927_014218,
C0145,赛道 3 · 离子通道/GPCR 小分子药物虚拟筛选 · 子任务 2,Cc1cc(Cl)cc(CN(CCC(=O)NCc2ccccn2)C(=O)O)c1,outputs/results_d3_final/structures/cand145_mol_101635a8_2fc3b30c8d45.sdf,1.566,0.793,2.269,0.314,-8.32,C,,,361.83,3.23,82.53,-4.44,2.0,3.0,7,2.0,0,3,,,O=C(CCNCc1ccccc1)NCc1ccccn1,1,145,D3,"7-eonmol (Pocket2Mol 等变图神经网络 + 口袋引导束搜索, GPCR 微调版)","7-eonmol_ft_gpcr_v2.pt — 本项目自训, 经两轮 A/B(种子 2024/2025)晋级; 基线为 ICML 2022 官方权重",7-eonmol-competition-submission,2024,D3_20260927_014218,ADMET 分级 C(风险较高)
C0146,赛道 3 · 离子通道/GPCR 小分子药物虚拟筛选 · 子任务 2,Cc1ccc(CNCC(=O)N2CCN(C(=O)OC(C)C)CC2)cc1,outputs/results_d3_final/structures/cand146_mol_a776371c_c0c99620a708.sdf,1.69,0.892,2.023,0.275,-8.29,A,,,333.43,1.774,61.88,-3.14,1.0,4.0,5,2.0,0,0,,,O=C(CNCc1ccccc1)N1CCNCC1,8,146,D3,"7-eonmol (Pocket2Mol 等变图神经网络 + 口袋引导束搜索, GPCR 微调版)","7-eonmol_ft_gpcr_v2.pt — 本项目自训, 经两轮 A/B(种子 2024/2025)晋级; 基线为 ICML 2022 官方权重",7-eonmol-competition-submission,2024,D3_20260927_014218,
C0147,赛道 3 · 离子通道/GPCR 小分子药物虚拟筛选 · 子任务 2,Oc1cc(OCCC2CN(CCc3ccco3)CCO2)ccc1C(F)(F)F,outputs/results_d3_final/structures/cand147_mol_c9cc85f1_14a17e4277d6.sdf,1.484,0.787,3.033,0.281,-8.29,C,,,385.38,3.716,55.07,-4.92,1.0,5.0,7,3.0,0,4,,,c1ccc(OCCC2CN(CCc3ccco3)CCO2)cc1,1,147,D3,"7-eonmol (Pocket2Mol 等变图神经网络 + 口袋引导束搜索, GPCR 微调版)","7-eonmol_ft_gpcr_v2.pt — 本项目自训, 经两轮 A/B(种子 2024/2025)晋级; 基线为 ICML 2022 官方权重",7-eonmol-competition-submission,2024,D3_20260927_014218,ADMET 分级 C(风险较高)
C0148,赛道 3 · 离子通道/GPCR 小分子药物虚拟筛选 · 子任务 2,Oc1ccnc(C(F)F)c1C1=CC=CC(=C(F)F)C1,outputs/results_d3_final/structures/cand148_mol_7ad9dead_42bd2979bd04.sdf,1.44,0.817,3.77,0.172,-8.29,B,,,271.21,4.219,33.12,-4.65,1.0,2.0,2,2.0,0,1,,,C=C1C=CC=C(c2cccnc2)C1,1,148,D3,"7-eonmol (Pocket2Mol 等变图神经网络 + 口袋引导束搜索, GPCR 微调版)","7-eonmol_ft_gpcr_v2.pt — 本项目自训, 经两轮 A/B(种子 2024/2025)晋级; 基线为 ICML 2022 官方权重",7-eonmol-competition-submission,2024,D3_20260927_014218,
C0149,赛道 3 · 离子通道/GPCR 小分子药物虚拟筛选 · 子任务 2,CCCOC1CC(OC)=Cc2cc(C(=O)OC(C)F)c3c(c21)CCCN3,outputs/results_d3_final/structures/cand149_mol_9fd2a0e6_5194f51458c9.sdf,1.333,0.76,4.273,0.225,-8.23,B,,,363.43,4.376,56.79,-5.23,1.0,5.0,6,3.0,0,1,,,C1=Cc2ccc3c(c2CC1)CCCN3,23,149,D3,"7-eonmol (Pocket2Mol 等变图神经网络 + 口袋引导束搜索, GPCR 微调版)","7-eonmol_ft_gpcr_v2.pt — 本项目自训, 经两轮 A/B(种子 2024/2025)晋级; 基线为 ICML 2022 官方权重",7-eonmol-competition-submission,2024,D3_20260927_014218,
C0150,赛道 3 · 离子通道/GPCR 小分子药物虚拟筛选 · 子任务 2,Cc1cc(Cl)cc(CN(C)CCC(=O)NC2CCCCC2)c1,outputs/results_d3_final/structures/cand150_mol_dd5c8800_3f85fefbf36c.sdf,1.648,0.861,2.13,0.277,-8.21,B,,,322.88,3.919,32.34,-4.65,1.0,2.0,6,2.0,0,1,,,O=C(CCNCc1ccccc1)NC1CCCCC1,1,150,D3,"7-eonmol (Pocket2Mol 等变图神经网络 + 口袋引导束搜索, GPCR 微调版)","7-eonmol_ft_gpcr_v2.pt — 本项目自训, 经两轮 A/B(种子 2024/2025)晋级; 基线为 ICML 2022 官方权重",7-eonmol-competition-submission,2024,D3_20260927_014218,
C0151,赛道 3 · 离子通道/GPCR 小分子药物虚拟筛选 · 子任务 2,CC1=Cc2cc(C(=O)OC(C)F)c3c(c2C(OC(C)C)C1)CCCN3,outputs/results_d3_final/structures/cand151_mol_9fd2a0e6_95e4dfde30a9.sdf,1.366,0.796,4.294,0.212,-8.2,B,,,347.43,4.79,47.56,-5.49,1.0,4.0,4,3.0,0,2,,,C1=Cc2ccc3c(c2CC1)CCCN3,23,151,D3,"7-eonmol (Pocket2Mol 等变图神经网络 + 口袋引导束搜索, GPCR 微调版)","7-eonmol_ft_gpcr_v2.pt — 本项目自训, 经两轮 A/B(种子 2024/2025)晋级; 基线为 ICML 2022 官方权重",7-eonmol-competition-submission,2024,D3_20260927_014218,
C0152,赛道 3 · 离子通道/GPCR 小分子药物虚拟筛选 · 子任务 2,COC1=Cc2cc(C(=O)OC(F)(F)F)c3c(c2C(OCC(F)(F)F)C1)CCCN3,outputs/results_d3_final/structures/cand152_mol_9fd2a0e6_51e671f33b99.sdf,1.151,0.558,4.079,0.194,-8.16,B,,,425.33,4.732,56.79,-5.93,1.0,5.0,4,3.0,0,2,,,C1=Cc2ccc3c(c2CC1)CCCN3,23,152,D3,"7-eonmol (Pocket2Mol 等变图神经网络 + 口袋引导束搜索, GPCR 微调版)","7-eonmol_ft_gpcr_v2.pt — 本项目自训, 经两轮 A/B(种子 2024/2025)晋级; 基线为 ICML 2022 官方权重",7-eonmol-competition-submission,2024,D3_20260927_014218,
C0153,赛道 3 · 离子通道/GPCR 小分子药物虚拟筛选 · 子任务 2,CC(C)OC1CC(O)=Cc2cc(C(=O)OC(F)(F)F)c3c(c21)CCCN3,outputs/results_d3_final/structures/cand153_mol_9fd2a0e6_8b367c823608.sdf,1.36,0.767,4.064,0.188,-8.15,B,,,371.36,4.49,67.79,-5.44,2.0,5.0,3,3.0,0,1,,,C1=Cc2ccc3c(c2CC1)CCCN3,23,153,D3,"7-eonmol (Pocket2Mol 等变图神经网络 + 口袋引导束搜索, GPCR 微调版)","7-eonmol_ft_gpcr_v2.pt — 本项目自训, 经两轮 A/B(种子 2024/2025)晋级; 基线为 ICML 2022 官方权重",7-eonmol-competition-submission,2024,D3_20260927_014218,
C0154,赛道 3 · 离子通道/GPCR 小分子药物虚拟筛选 · 子任务 2,O=C(OC(F)(F)F)c1cc2c(c3c1NCCC3)C(OCC(F)(F)F)CC(O)=C2,outputs/results_d3_final/structures/cand154_mol_9fd2a0e6_454292af426a.sdf,1.148,0.56,4.122,0.173,-8.13,B,,,411.3,4.644,67.79,-5.8,2.0,5.0,3,3.0,0,2,,,C1=Cc2ccc3c(c2CC1)CCCN3,23,154,D3,"7-eonmol (Pocket2Mol 等变图神经网络 + 口袋引导束搜索, GPCR 微调版)","7-eonmol_ft_gpcr_v2.pt — 本项目自训, 经两轮 A/B(种子 2024/2025)晋级; 基线为 ICML 2022 官方权重",7-eonmol-competition-submission,2024,D3_20260927_014218,
C0155,赛道 3 · 离子通道/GPCR 小分子药物虚拟筛选 · 子任务 2,CCOC(=O)c1cc2c(c3c1NCCC3)C(Oc1cccc(F)c1)CC(O)=C2,outputs/results_d3_final/structures/cand155_mol_9554ea0f_6d2d8baf28fd.sdf,1.385,0.744,3.59,0.252,-8.1,B,,,383.42,4.783,67.79,-5.78,2.0,5.0,4,4.0,0,2,,,C1=Cc2ccc3c(c2C(Oc2ccccc2)C1)CCCN3,2,155,D3,"7-eonmol (Pocket2Mol 等变图神经网络 + 口袋引导束搜索, GPCR 微调版)","7-eonmol_ft_gpcr_v2.pt — 本项目自训, 经两轮 A/B(种子 2024/2025)晋级; 基线为 ICML 2022 官方权重",7-eonmol-competition-submission,2024,D3_20260927_014218,
C0156,赛道 3 · 离子通道/GPCR 小分子药物虚拟筛选 · 子任务 2,O=C1CC(COc2ccc(C(F)(F)F)c(O)c2)CC(O)C1O,outputs/results_d3_final/structures/cand156_mol_0c1fc323_75f59a5e398e.sdf,1.418,0.785,3.672,0.195,-8.08,B,,,320.26,1.491,86.99,-2.9,3.0,5.0,3,2.0,0,1,,,O=C1CCCC(COc2ccccc2)C1,4,156,D3,"7-eonmol (Pocket2Mol 等变图神经网络 + 口袋引导束搜索, GPCR 微调版)","7-eonmol_ft_gpcr_v2.pt — 本项目自训, 经两轮 A/B(种子 2024/2025)晋级; 基线为 ICML 2022 官方权重",7-eonmol-competition-submission,2024,D3_20260927_014218,
C0157,赛道 3 · 离子通道/GPCR 小分子药物虚拟筛选 · 子任务 2,CC(C)OC(=O)N1CCN(C(=O)CNCc2cc(CO)ccc2F)CC1,outputs/results_d3_final/structures/cand157_mol_a776371c_4ecb4b7de0c4.sdf,1.556,0.787,2.306,0.297,-8.07,A,,,367.42,1.097,82.11,-2.83,2.0,5.0,6,2.0,0,0,,,O=C(CNCc1ccccc1)N1CCNCC1,8,157,D3,"7-eonmol (Pocket2Mol 等变图神经网络 + 口袋引导束搜索, GPCR 微调版)","7-eonmol_ft_gpcr_v2.pt — 本项目自训, 经两轮 A/B(种子 2024/2025)晋级; 基线为 ICML 2022 官方权重",7-eonmol-competition-submission,2024,D3_20260927_014218,
C0158,赛道 3 · 离子通道/GPCR 小分子药物虚拟筛选 · 子任务 2,CCCOC1CC(OC)=Cc2cc(C(=O)OC(F)(F)F)c3c(c21)CCCN3,outputs/results_d3_final/structures/cand158_mol_9fd2a0e6_615d212b04db.sdf,1.356,0.752,3.965,0.237,-8.07,B,,,385.38,4.58,56.79,-5.54,1.0,5.0,5,3.0,0,2,,,C1=Cc2ccc3c(c2CC1)CCCN3,23,158,D3,"7-eonmol (Pocket2Mol 等变图神经网络 + 口袋引导束搜索, GPCR 微调版)","7-eonmol_ft_gpcr_v2.pt — 本项目自训, 经两轮 A/B(种子 2024/2025)晋级; 基线为 ICML 2022 官方权重",7-eonmol-competition-submission,2024,D3_20260927_014218,
C0159,赛道 3 · 离子通道/GPCR 小分子药物虚拟筛选 · 子任务 2,COC1C(=O)CC(COc2ccc(C(F)(F)F)c(O)c2)CC1O,outputs/results_d3_final/structures/cand159_mol_0c1fc323_b067758d8e33.sdf,1.505,0.882,3.769,0.203,-8.05,B,,,334.29,2.145,75.99,-3.45,2.0,5.0,4,2.0,0,1,,,O=C1CCCC(COc2ccccc2)C1,4,159,D3,"7-eonmol (Pocket2Mol 等变图神经网络 + 口袋引导束搜索, GPCR 微调版)","7-eonmol_ft_gpcr_v2.pt — 本项目自训, 经两轮 A/B(种子 2024/2025)晋级; 基线为 ICML 2022 官方权重",7-eonmol-competition-submission,2024,D3_20260927_014218,
C0160,赛道 3 · 离子通道/GPCR 小分子药物虚拟筛选 · 子任务 2,Cc1cc(Cl)cc(CN(CCC(=O)NCc2ccsc2)C(=O)O)c1,outputs/results_d3_final/structures/cand160_mol_0eba46fd_c4190af7b3ac.sdf,1.542,0.78,2.384,0.272,-8.04,C,,,366.87,3.896,69.64,-4.96,2.0,3.0,7,2.0,0,3,,,O=C(CCNCc1ccccc1)NCc1ccsc1,1,160,D3,"7-eonmol (Pocket2Mol 等变图神经网络 + 口袋引导束搜索, GPCR 微调版)","7-eonmol_ft_gpcr_v2.pt — 本项目自训, 经两轮 A/B(种子 2024/2025)晋级; 基线为 ICML 2022 官方权重",7-eonmol-competition-submission,2024,D3_20260927_014218,ADMET 分级 C(风险较高)
C0161,赛道 3 · 离子通道/GPCR 小分子药物虚拟筛选 · 子任务 2,CCOC(=O)c1cc2c(c3c1NCCC3)C(OCC(F)(F)F)CC(C)=C2,outputs/results_d3_final/structures/cand161_mol_9fd2a0e6_f58b052f5836.sdf,1.406,0.785,3.793,0.218,-8.04,B,,,369.38,4.648,47.56,-5.52,1.0,4.0,4,3.0,0,2,,,C1=Cc2ccc3c(c2CC1)CCCN3,23,161,D3,"7-eonmol (Pocket2Mol 等变图神经网络 + 口袋引导束搜索, GPCR 微调版)","7-eonmol_ft_gpcr_v2.pt — 本项目自训, 经两轮 A/B(种子 2024/2025)晋级; 基线为 ICML 2022 官方权重",7-eonmol-competition-submission,2024,D3_20260927_014218,
C0162,赛道 3 · 离子通道/GPCR 小分子药物虚拟筛选 · 子任务 2,CCN(Cc1ccc(F)c(CNCC(=O)N2CCN(C(=O)OC(C)C)CC2)c1)C(C)=O,outputs/results_d3_final/structures/cand162_mol_a776371c_bd85a6117596.sdf,1.426,0.674,2.477,0.276,-8.02,A,,,436.53,1.973,82.19,-3.86,1.0,5.0,8,2.0,0,0,,,O=C(CNCc1ccccc1)N1CCNCC1,8,162,D3,"7-eonmol (Pocket2Mol 等变图神经网络 + 口袋引导束搜索, GPCR 微调版)","7-eonmol_ft_gpcr_v2.pt — 本项目自训, 经两轮 A/B(种子 2024/2025)晋级; 基线为 ICML 2022 官方权重",7-eonmol-competition-submission,2024,D3_20260927_014218,
C0163,赛道 3 · 离子通道/GPCR 小分子药物虚拟筛选 · 子任务 2,O=C(O)CCc1ccc2cccc(C(F)(F)F)c2c1,outputs/results_d3_final/structures/cand163_mol_82cce384_4fb00a8167d6.sdf,1.721,0.917,1.961,0.287,-8.01,B,,,268.23,3.876,37.3,-4.43,1.0,1.0,3,2.0,0,2,,,c1ccc2ccccc2c1,1,163,D3,"7-eonmol (Pocket2Mol 等变图神经网络 + 口袋引导束搜索, GPCR 微调版)","7-eonmol_ft_gpcr_v2.pt — 本项目自训, 经两轮 A/B(种子 2024/2025)晋级; 基线为 ICML 2022 官方权重",7-eonmol-competition-submission,2024,D3_20260927_014218,
C0164,赛道 3 · 离子通道/GPCR 小分子药物虚拟筛选 · 子任务 2,O=c1cc(O)c(C2=CC=CC(=C(F)F)C2)c(CO)[nH]1,outputs/results_d3_final/structures/cand164_mol_6cf02d95_2900da16a8f3.sdf,1.39,0.768,3.774,0.172,-7.99,B,,,267.23,2.067,73.32,-3.03,3.0,3.0,2,2.0,0,1,,,C=C1C=CC=C(c2ccc(=O)[nH]c2)C1,1,164,D3,"7-eonmol (Pocket2Mol 等变图神经网络 + 口袋引导束搜索, GPCR 微调版)","7-eonmol_ft_gpcr_v2.pt — 本项目自训, 经两轮 A/B(种子 2024/2025)晋级; 基线为 ICML 2022 官方权重",7-eonmol-competition-submission,2024,D3_20260927_014218,
C0165,赛道 3 · 离子通道/GPCR 小分子药物虚拟筛选 · 子任务 2,CCCOC1CC=Cc2cc(C(=O)OCC)c3c(c21)CCCN3,outputs/results_d3_final/structures/cand165_mol_9fd2a0e6_a41a410850e4.sdf,1.47,0.831,3.606,0.256,-7.98,B,,,315.41,4.106,47.56,-4.76,1.0,4.0,5,3.0,0,1,,,C1=Cc2ccc3c(c2CC1)CCCN3,23,165,D3,"7-eonmol (Pocket2Mol 等变图神经网络 + 口袋引导束搜索, GPCR 微调版)","7-eonmol_ft_gpcr_v2.pt — 本项目自训, 经两轮 A/B(种子 2024/2025)晋级; 基线为 ICML 2022 官方权重",7-eonmol-competition-submission,2024,D3_20260927_014218,
C0166,赛道 3 · 离子通道/GPCR 小分子药物虚拟筛选 · 子任务 2,O=C(CCC(=O)Nc1ccccc1C(F)(F)F)CC(F)(F)F,outputs/results_d3_final/structures/cand166_mol_975f4ba6_db989db5bde6.sdf,1.609,0.833,2.235,0.233,-7.96,B,,,327.22,3.946,46.17,-4.72,1.0,2.0,5,1.0,0,1,,,c1ccccc1,14,166,D3,"7-eonmol (Pocket2Mol 等变图神经网络 + 口袋引导束搜索, GPCR 微调版)","7-eonmol_ft_gpcr_v2.pt — 本项目自训, 经两轮 A/B(种子 2024/2025)晋级; 基线为 ICML 2022 官方权重",7-eonmol-competition-submission,2024,D3_20260927_014218,
C0167,赛道 3 · 离子通道/GPCR 小分子药物虚拟筛选 · 子任务 2,CC(CC(=O)N1CCCCC1)c1ccc(C(F)(F)F)[nH]1,outputs/results_d3_final/structures/cand167_mol_47761180_abe6d71c8572.sdf,1.592,0.907,3.154,0.326,-7.93,B,,,288.31,3.54,36.1,-4.21,1.0,1.0,3,2.0,0,2,,,O=C(CCc1ccc[nH]1)N1CCCCC1,1,167,D3,"7-eonmol (Pocket2Mol 等变图神经网络 + 口袋引导束搜索, GPCR 微调版)","7-eonmol_ft_gpcr_v2.pt — 本项目自训, 经两轮 A/B(种子 2024/2025)晋级; 基线为 ICML 2022 官方权重",7-eonmol-competition-submission,2024,D3_20260927_014218,
C0168,赛道 3 · 离子通道/GPCR 小分子药物虚拟筛选 · 子任务 2,O=C(O)CCN1CCOC(CCOc2ccc(C(F)(F)F)c(O)c2)C1,outputs/results_d3_final/structures/cand168_mol_9df9409c_d76467bbed95.sdf,1.481,0.774,2.933,0.256,-7.92,B,,,363.33,2.355,79.23,-3.72,2.0,5.0,7,2.0,0,2,,,c1ccc(OCCC2CNCCO2)cc1,1,168,D3,"7-eonmol (Pocket2Mol 等变图神经网络 + 口袋引导束搜索, GPCR 微调版)","7-eonmol_ft_gpcr_v2.pt — 本项目自训, 经两轮 A/B(种子 2024/2025)晋级; 基线为 ICML 2022 官方权重",7-eonmol-competition-submission,2024,D3_20260927_014218,
C0169,赛道 3 · 离子通道/GPCR 小分子药物虚拟筛选 · 子任务 2,Cc1cc(Cl)cc(CN(CCC(=O)NCc2ccoc2)C(=O)O)c1,outputs/results_d3_final/structures/cand169_mol_8c24915d_c921df5052e2.sdf,1.555,0.801,2.464,0.259,-7.9,C,,,350.8,3.428,82.78,-4.51,2.0,3.0,7,2.0,0,3,,,O=C(CCNCc1ccccc1)NCc1ccoc1,1,169,D3,"7-eonmol (Pocket2Mol 等变图神经网络 + 口袋引导束搜索, GPCR 微调版)","7-eonmol_ft_gpcr_v2.pt — 本项目自训, 经两轮 A/B(种子 2024/2025)晋级; 基线为 ICML 2022 官方权重",7-eonmol-competition-submission,2024,D3_20260927_014218,ADMET 分级 C(风险较高)
C0170,赛道 3 · 离子通道/GPCR 小分子药物虚拟筛选 · 子任务 2,CCOC(=O)c1cc2c(c3c1NCCC3)C(OCC(F)F)CC(O)=C2,outputs/results_d3_final/structures/cand170_mol_9fd2a0e6_196a14ee1f70.sdf,1.393,0.787,3.946,0.222,-7.88,B,,,353.37,3.847,67.79,-4.8,2.0,5.0,5,3.0,0,1,,,C1=Cc2ccc3c(c2CC1)CCCN3,23,170,D3,"7-eonmol (Pocket2Mol 等变图神经网络 + 口袋引导束搜索, GPCR 微调版)","7-eonmol_ft_gpcr_v2.pt — 本项目自训, 经两轮 A/B(种子 2024/2025)晋级; 基线为 ICML 2022 官方权重",7-eonmol-competition-submission,2024,D3_20260927_014218,
C0171,赛道 3 · 离子通道/GPCR 小分子药物虚拟筛选 · 子任务 2,O=C(OC(F)(F)F)c1cc2cc(O)cc(OCC(F)F)c2c2c1NCCC2,outputs/results_d3_final/structures/cand171_mol_feb0e42d_42079947e9a6.sdf,1.281,0.603,3.221,0.207,-7.87,B,,,391.29,4.224,67.79,-5.39,2.0,5.0,4,3.0,0,1,,,c1ccc2c3c(ccc2c1)NCCC3,4,171,D3,"7-eonmol (Pocket2Mol 等变图神经网络 + 口袋引导束搜索, GPCR 微调版)","7-eonmol_ft_gpcr_v2.pt — 本项目自训, 经两轮 A/B(种子 2024/2025)晋级; 基线为 ICML 2022 官方权重",7-eonmol-competition-submission,2024,D3_20260927_014218,
C0172,赛道 3 · 离子通道/GPCR 小分子药物虚拟筛选 · 子任务 2,Cc1cc(Cl)cc(CN(C)CCC(=O)NC2CCNCC2)c1,outputs/results_d3_final/structures/cand172_mol_e1e27fa5_ae39e9f8fd6a.sdf,1.61,0.844,2.348,0.226,-7.84,B,,,323.87,2.339,44.37,-3.49,2.0,3.0,6,2.0,0,1,,,O=C(CCNCc1ccccc1)NC1CCNCC1,1,172,D3,"7-eonmol (Pocket2Mol 等变图神经网络 + 口袋引导束搜索, GPCR 微调版)","7-eonmol_ft_gpcr_v2.pt — 本项目自训, 经两轮 A/B(种子 2024/2025)晋级; 基线为 ICML 2022 官方权重",7-eonmol-competition-submission,2024,D3_20260927_014218,
C0173,赛道 3 · 离子通道/GPCR 小分子药物虚拟筛选 · 子任务 2,CC(C)Oc1cc(O)cc2cc(C(=O)OC(F)(F)F)c3c(c12)CCCN3,outputs/results_d3_final/structures/cand173_mol_feb0e42d_93656c0ac7fe.sdf,1.48,0.787,3.073,0.203,-7.8,B,,,369.34,4.367,67.79,-5.39,2.0,5.0,3,3.0,0,1,,,c1ccc2c3c(ccc2c1)NCCC3,4,173,D3,"7-eonmol (Pocket2Mol 等变图神经网络 + 口袋引导束搜索, GPCR 微调版)","7-eonmol_ft_gpcr_v2.pt — 本项目自训, 经两轮 A/B(种子 2024/2025)晋级; 基线为 ICML 2022 官方权重",7-eonmol-competition-submission,2024,D3_20260927_014218,
C0174,赛道 3 · 离子通道/GPCR 小分子药物虚拟筛选 · 子任务 2,CC(C)OC1CCCc2cc(C(=O)OC(F)(F)F)c3c(c21)CCCN3,outputs/results_d3_final/structures/cand174_mol_7ec1a39f_a156efb8a0f3.sdf,1.442,0.808,3.664,0.19,-7.8,B,,,357.37,4.524,47.56,-5.38,1.0,4.0,3,3.0,0,2,,,c1cc2c(c3c1CCCC3)CCCN2,1,174,D3,"7-eonmol (Pocket2Mol 等变图神经网络 + 口袋引导束搜索, GPCR 微调版)","7-eonmol_ft_gpcr_v2.pt — 本项目自训, 经两轮 A/B(种子 2024/2025)晋级; 基线为 ICML 2022 官方权重",7-eonmol-competition-submission,2024,D3_20260927_014218,
C0175,赛道 3 · 离子通道/GPCR 小分子药物虚拟筛选 · 子任务 2,CCOC(=O)c1cc2c(c3c1NCCC3)C(OCC(F)(F)F)CC(OC)=C2,outputs/results_d3_final/structures/cand175_mol_9fd2a0e6_1a3dfc0b3dd2.sdf,1.385,0.769,3.837,0.227,-7.79,B,,,385.38,4.232,56.79,-5.29,1.0,5.0,5,3.0,0,1,,,C1=Cc2ccc3c(c2CC1)CCCN3,23,175,D3,"7-eonmol (Pocket2Mol 等变图神经网络 + 口袋引导束搜索, GPCR 微调版)","7-eonmol_ft_gpcr_v2.pt — 本项目自训, 经两轮 A/B(种子 2024/2025)晋级; 基线为 ICML 2022 官方权重",7-eonmol-competition-submission,2024,D3_20260927_014218,
C0176,赛道 3 · 离子通道/GPCR 小分子药物虚拟筛选 · 子任务 2,CCC(CC)C(=O)NC1CC(CNc2ccccc2)CC1C,outputs/results_d3_final/structures/cand176_mol_2a82a527_ba39c7bcec82.sdf,1.474,0.797,3.227,0.29,-7.78,B,,,302.46,4.066,41.13,-4.61,2.0,2.0,7,2.0,0,1,,,c1ccc(NCC2CCCC2)cc1,1,176,D3,"7-eonmol (Pocket2Mol 等变图神经网络 + 口袋引导束搜索, GPCR 微调版)","7-eonmol_ft_gpcr_v2.pt — 本项目自训, 经两轮 A/B(种子 2024/2025)晋级; 基线为 ICML 2022 官方权重",7-eonmol-competition-submission,2024,D3_20260927_014218,
C0177,赛道 3 · 离子通道/GPCR 小分子药物虚拟筛选 · 子任务 2,O=C(O)c1ccccc1OCc1ccc(O)cc1F,outputs/results_d3_final/structures/cand177_mol_9859f46c_b058ebe21c88.sdf,1.707,0.889,1.816,0.33,-7.75,A,,,262.24,2.809,66.76,-3.62,2.0,3.0,4,2.0,0,0,,,c1ccc(COc2ccccc2)cc1,2,177,D3,"7-eonmol (Pocket2Mol 等变图神经网络 + 口袋引导束搜索, GPCR 微调版)","7-eonmol_ft_gpcr_v2.pt — 本项目自训, 经两轮 A/B(种子 2024/2025)晋级; 基线为 ICML 2022 官方权重",7-eonmol-competition-submission,2024,D3_20260927_014218,
C0178,赛道 3 · 离子通道/GPCR 小分子药物虚拟筛选 · 子任务 2,CCCOC1CC(O)=Cc2cc(C(=O)OC(F)(F)F)c3c(c21)CCCN3,outputs/results_d3_final/structures/cand178_mol_9fd2a0e6_36845d901b10.sdf,1.362,0.763,4.011,0.214,-7.74,B,,,371.36,4.492,67.79,-5.42,2.0,5.0,4,3.0,0,1,,,C1=Cc2ccc3c(c2CC1)CCCN3,23,178,D3,"7-eonmol (Pocket2Mol 等变图神经网络 + 口袋引导束搜索, GPCR 微调版)","7-eonmol_ft_gpcr_v2.pt — 本项目自训, 经两轮 A/B(种子 2024/2025)晋级; 基线为 ICML 2022 官方权重",7-eonmol-competition-submission,2024,D3_20260927_014218,
C0179,赛道 3 · 离子通道/GPCR 小分子药物虚拟筛选 · 子任务 2,CC=C1CCCCC(CNC(=O)CCC(=O)CC(F)(F)F)O1,outputs/results_d3_final/structures/cand179_mol_df41965b_8479ce5a4dcd.sdf,1.472,0.817,3.442,0.194,-7.72,B,,,321.34,3.267,55.4,-4.06,1.0,3.0,6,1.0,0,1,,,C=C1CCCCCO1,1,179,D3,"7-eonmol (Pocket2Mol 等变图神经网络 + 口袋引导束搜索, GPCR 微调版)","7-eonmol_ft_gpcr_v2.pt — 本项目自训, 经两轮 A/B(种子 2024/2025)晋级; 基线为 ICML 2022 官方权重",7-eonmol-competition-submission,2024,D3_20260927_014218,
C0180,赛道 3 · 离子通道/GPCR 小分子药物虚拟筛选 · 子任务 2,CCCN1C(=O)N(CC(F)Oc2ccc(Cl)c(O)c2)CC1CC,outputs/results_d3_final/structures/cand180_mol_01c59c0f_a4042090cb23.sdf,1.45,0.821,3.715,0.239,-7.68,B,,,344.81,3.646,53.01,-4.56,1.0,3.0,7,2.0,0,1,,,O=C1NCCN1CCOc1ccccc1,1,180,D3,"7-eonmol (Pocket2Mol 等变图神经网络 + 口袋引导束搜索, GPCR 微调版)","7-eonmol_ft_gpcr_v2.pt — 本项目自训, 经两轮 A/B(种子 2024/2025)晋级; 基线为 ICML 2022 官方权重",7-eonmol-competition-submission,2024,D3_20260927_014218,
C0181,赛道 3 · 离子通道/GPCR 小分子药物虚拟筛选 · 子任务 2,O=C(O)C1CCC(=O)N1CCOc1ccc(C(F)(F)F)c(O)c1,outputs/results_d3_final/structures/cand181_mol_ee7f0da6_b09db792ac46.sdf,1.566,0.859,2.925,0.25,-7.67,B,,,333.26,1.865,87.07,-3.21,2.0,4.0,5,2.0,0,1,,,O=C1CCCN1CCOc1ccccc1,2,181,D3,"7-eonmol (Pocket2Mol 等变图神经网络 + 口袋引导束搜索, GPCR 微调版)","7-eonmol_ft_gpcr_v2.pt — 本项目自训, 经两轮 A/B(种子 2024/2025)晋级; 基线为 ICML 2022 官方权重",7-eonmol-competition-submission,2024,D3_20260927_014218,
C0182,赛道 3 · 离子通道/GPCR 小分子药物虚拟筛选 · 子任务 2,CCOC(=O)c1cc2c(c3c1NCCC3)C(OCC(F)F)CC=C2,outputs/results_d3_final/structures/cand182_mol_9fd2a0e6_48d1b16adbcf.sdf,1.446,0.826,3.808,0.24,-7.67,B,,,337.37,3.961,47.56,-4.79,1.0,4.0,5,3.0,0,1,,,C1=Cc2ccc3c(c2CC1)CCCN3,23,182,D3,"7-eonmol (Pocket2Mol 等变图神经网络 + 口袋引导束搜索, GPCR 微调版)","7-eonmol_ft_gpcr_v2.pt — 本项目自训, 经两轮 A/B(种子 2024/2025)晋级; 基线为 ICML 2022 官方权重",7-eonmol-competition-submission,2024,D3_20260927_014218,
C0183,赛道 3 · 离子通道/GPCR 小分子药物虚拟筛选 · 子任务 2,Cc1ccccc1CNC(=O)CC(C)C(F)(F)F,outputs/results_d3_final/structures/cand183_mol_975f4ba6_69ff28cbc4aa.sdf,1.631,0.883,2.526,0.252,-7.66,B,,,259.27,3.2,29.1,-3.78,1.0,1.0,4,1.0,0,1,,,c1ccccc1,14,183,D3,"7-eonmol (Pocket2Mol 等变图神经网络 + 口袋引导束搜索, GPCR 微调版)","7-eonmol_ft_gpcr_v2.pt — 本项目自训, 经两轮 A/B(种子 2024/2025)晋级; 基线为 ICML 2022 官方权重",7-eonmol-competition-submission,2024,D3_20260927_014218,
C0184,赛道 3 · 离子通道/GPCR 小分子药物虚拟筛选 · 子任务 2,CCOC(=O)c1cc2c(c3c1NCCC3)C(OC(C)C)CC(O)=C2,outputs/results_d3_final/structures/cand184_mol_9fd2a0e6_a984df16639f.sdf,1.436,0.817,3.806,0.297,-7.66,B,,,331.41,3.99,67.79,-4.8,2.0,5.0,4,3.0,0,1,,,C1=Cc2ccc3c(c2CC1)CCCN3,23,184,D3,"7-eonmol (Pocket2Mol 等变图神经网络 + 口袋引导束搜索, GPCR 微调版)","7-eonmol_ft_gpcr_v2.pt — 本项目自训, 经两轮 A/B(种子 2024/2025)晋级; 基线为 ICML 2022 官方权重",7-eonmol-competition-submission,2024,D3_20260927_014218,
C0185,赛道 3 · 离子通道/GPCR 小分子药物虚拟筛选 · 子任务 2,CCCOC1CC=Cc2cc(C(=O)OC(F)(F)F)c3c(c21)CCCN3,outputs/results_d3_final/structures/cand185_mol_9fd2a0e6_29ca1a57cb97.sdf,1.414,0.802,3.876,0.208,-7.65,B,,,355.36,4.606,47.56,-5.4,1.0,4.0,4,3.0,0,2,,,C1=Cc2ccc3c(c2CC1)CCCN3,23,185,D3,"7-eonmol (Pocket2Mol 等变图神经网络 + 口袋引导束搜索, GPCR 微调版)","7-eonmol_ft_gpcr_v2.pt — 本项目自训, 经两轮 A/B(种子 2024/2025)晋级; 基线为 ICML 2022 官方权重",7-eonmol-competition-submission,2024,D3_20260927_014218,
C0186,赛道 3 · 离子通道/GPCR 小分子药物虚拟筛选 · 子任务 2,CC(C)OC1CC=Cc2cc(C(=O)OC(F)(F)F)c3c(c21)CCCN3,outputs/results_d3_final/structures/cand186_mol_9fd2a0e6_b79258a96442.sdf,1.412,0.805,3.929,0.2,-7.65,B,,,355.36,4.604,47.56,-5.42,1.0,4.0,3,3.0,0,2,,,C1=Cc2ccc3c(c2CC1)CCCN3,23,186,D3,"7-eonmol (Pocket2Mol 等变图神经网络 + 口袋引导束搜索, GPCR 微调版)","7-eonmol_ft_gpcr_v2.pt — 本项目自训, 经两轮 A/B(种子 2024/2025)晋级; 基线为 ICML 2022 官方权重",7-eonmol-competition-submission,2024,D3_20260927_014218,
C0187,赛道 3 · 离子通道/GPCR 小分子药物虚拟筛选 · 子任务 2,CC(O)CCNC(=O)CC(C)c1ccc(C(F)(F)F)[nH]1,outputs/results_d3_final/structures/cand187_mol_5fdea5b9_ce4b933d795b.sdf,1.391,0.754,3.625,0.208,-7.6,B,,,292.3,2.414,65.12,-3.33,3.0,2.0,6,1.0,0,1,,,c1cc[nH]c1,1,187,D3,"7-eonmol (Pocket2Mol 等变图神经网络 + 口袋引导束搜索, GPCR 微调版)","7-eonmol_ft_gpcr_v2.pt — 本项目自训, 经两轮 A/B(种子 2024/2025)晋级; 基线为 ICML 2022 官方权重",7-eonmol-competition-submission,2024,D3_20260927_014218,
C0188,赛道 3 · 离子通道/GPCR 小分子药物虚拟筛选 · 子任务 2,CC(C)OC(=O)N1CCN(C(=O)CNCc2ccccc2)CC1,outputs/results_d3_final/structures/cand188_mol_a776371c_52f9b8b29807.sdf,1.696,0.892,1.962,0.314,-7.59,A,,,319.41,1.465,61.88,-2.83,1.0,4.0,5,2.0,0,0,,,O=C(CNCc1ccccc1)N1CCNCC1,8,188,D3,"7-eonmol (Pocket2Mol 等变图神经网络 + 口袋引导束搜索, GPCR 微调版)","7-eonmol_ft_gpcr_v2.pt — 本项目自训, 经两轮 A/B(种子 2024/2025)晋级; 基线为 ICML 2022 官方权重",7-eonmol-competition-submission,2024,D3_20260927_014218,
C0189,赛道 3 · 离子通道/GPCR 小分子药物虚拟筛选 · 子任务 2,CCOC(=O)c1cc2c(c3c1NCCC3)C(OCC(F)F)CC(OC)=C2,outputs/results_d3_final/structures/cand189_mol_9fd2a0e6_7896e846437d.sdf,1.382,0.772,3.9,0.228,-7.59,B,,,367.39,3.935,56.79,-4.93,1.0,5.0,6,3.0,0,1,,,C1=Cc2ccc3c(c2CC1)CCCN3,23,189,D3,"7-eonmol (Pocket2Mol 等变图神经网络 + 口袋引导束搜索, GPCR 微调版)","7-eonmol_ft_gpcr_v2.pt — 本项目自训, 经两轮 A/B(种子 2024/2025)晋级; 基线为 ICML 2022 官方权重",7-eonmol-competition-submission,2024,D3_20260927_014218,
C0190,赛道 3 · 离子通道/GPCR 小分子药物虚拟筛选 · 子任务 2,CCc1ccccc1NC(=O)CCC(=O)CC(F)(F)F,outputs/results_d3_final/structures/cand190_mol_975f4ba6_5a10a40549c6.sdf,1.66,0.87,2.106,0.245,-7.55,B,,,287.28,3.489,46.17,-4.12,1.0,2.0,6,1.0,0,1,,,c1ccccc1,14,190,D3,"7-eonmol (Pocket2Mol 等变图神经网络 + 口袋引导束搜索, GPCR 微调版)","7-eonmol_ft_gpcr_v2.pt — 本项目自训, 经两轮 A/B(种子 2024/2025)晋级; 基线为 ICML 2022 官方权重",7-eonmol-competition-submission,2024,D3_20260927_014218,
C0191,赛道 3 · 离子通道/GPCR 小分子药物虚拟筛选 · 子任务 2,Oc1cc(OCCC2CCCO2)ccc1C(F)(F)F,outputs/results_d3_final/structures/cand191_mol_e78d4e6a_ca9d9f30521e.sdf,1.643,0.916,2.735,0.25,-7.54,B,,,276.25,3.359,38.69,-4.0,1.0,3.0,4,2.0,0,1,,,c1ccc(OCCC2CCCO2)cc1,1,191,D3,"7-eonmol (Pocket2Mol 等变图神经网络 + 口袋引导束搜索, GPCR 微调版)","7-eonmol_ft_gpcr_v2.pt — 本项目自训, 经两轮 A/B(种子 2024/2025)晋级; 基线为 ICML 2022 官方权重",7-eonmol-competition-submission,2024,D3_20260927_014218,
C0192,赛道 3 · 离子通道/GPCR 小分子药物虚拟筛选 · 子任务 2,O=C(O)C1CCCN1CCOc1ccc(C(F)(F)F)c(O)c1,outputs/results_d3_final/structures/cand192_mol_006e2441_a3e7dd2572f9.sdf,1.597,0.872,2.75,0.268,-7.51,B,,,319.28,2.339,70.0,-3.48,2.0,4.0,5,2.0,0,2,,,c1ccc(OCCN2CCCC2)cc1,2,192,D3,"7-eonmol (Pocket2Mol 等变图神经网络 + 口袋引导束搜索, GPCR 微调版)","7-eonmol_ft_gpcr_v2.pt — 本项目自训, 经两轮 A/B(种子 2024/2025)晋级; 基线为 ICML 2022 官方权重",7-eonmol-competition-submission,2024,D3_20260927_014218,
C0193,赛道 3 · 离子通道/GPCR 小分子药物虚拟筛选 · 子任务 2,O=C(O)CC1COc2c(OC(F)(F)F)ccc(O)c2O1,outputs/results_d3_final/structures/cand193_mol_7008048c_3e89ed191e08.sdf,1.564,0.885,3.215,0.248,-7.46,B,,,294.18,1.905,85.22,-3.06,2.0,5.0,3,2.0,0,1,,,c1ccc2c(c1)OCCO2,2,193,D3,"7-eonmol (Pocket2Mol 等变图神经网络 + 口袋引导束搜索, GPCR 微调版)","7-eonmol_ft_gpcr_v2.pt — 本项目自训, 经两轮 A/B(种子 2024/2025)晋级; 基线为 ICML 2022 官方权重",7-eonmol-competition-submission,2024,D3_20260927_014218,
C0194,赛道 3 · 离子通道/GPCR 小分子药物虚拟筛选 · 子任务 2,CC1CCCCC(CNC(=O)CCC(=O)CC(F)(F)F)O1,outputs/results_d3_final/structures/cand194_mol_1f7c6ce8_3f1d5f3a82ce.sdf,1.494,0.821,3.27,0.172,-7.45,B,,,309.33,2.752,55.4,-3.61,1.0,3.0,6,1.0,0,1,,,C1CCCOCC1,1,194,D3,"7-eonmol (Pocket2Mol 等变图神经网络 + 口袋引导束搜索, GPCR 微调版)","7-eonmol_ft_gpcr_v2.pt — 本项目自训, 经两轮 A/B(种子 2024/2025)晋级; 基线为 ICML 2022 官方权重",7-eonmol-competition-submission,2024,D3_20260927_014218,
C0195,赛道 3 · 离子通道/GPCR 小分子药物虚拟筛选 · 子任务 2,CCOC(=O)c1cc2cc(OC)cc(OCC(F)F)c2c2c1NCCC2,outputs/results_d3_final/structures/cand195_mol_feb0e42d_3e3565bd6225.sdf,1.501,0.784,2.823,0.24,-7.44,B,,,365.38,4.027,56.79,-5.04,1.0,5.0,6,3.0,0,1,,,c1ccc2c3c(ccc2c1)NCCC3,4,195,D3,"7-eonmol (Pocket2Mol 等变图神经网络 + 口袋引导束搜索, GPCR 微调版)","7-eonmol_ft_gpcr_v2.pt — 本项目自训, 经两轮 A/B(种子 2024/2025)晋级; 基线为 ICML 2022 官方权重",7-eonmol-competition-submission,2024,D3_20260927_014218,
C0196,赛道 3 · 离子通道/GPCR 小分子药物虚拟筛选 · 子任务 2,O=C(CCC(=O)Nc1ccccc1CO)CC(F)(F)F,outputs/results_d3_final/structures/cand196_mol_975f4ba6_22e47253ede2.sdf,1.625,0.845,2.199,0.245,-7.43,B,,,289.25,2.419,66.4,-3.34,2.0,3.0,6,1.0,0,1,,,c1ccccc1,14,196,D3,"7-eonmol (Pocket2Mol 等变图神经网络 + 口袋引导束搜索, GPCR 微调版)","7-eonmol_ft_gpcr_v2.pt — 本项目自训, 经两轮 A/B(种子 2024/2025)晋级; 基线为 ICML 2022 官方权重",7-eonmol-competition-submission,2024,D3_20260927_014218,
C0197,赛道 3 · 离子通道/GPCR 小分子药物虚拟筛选 · 子任务 2,O=C(CCC(=O)NCc1cccc(O)c1)CC(F)(F)F,outputs/results_d3_final/structures/cand197_mol_975f4ba6_21310d6eac55.sdf,1.623,0.844,2.215,0.27,-7.43,B,,,289.25,2.31,66.4,-3.26,2.0,3.0,6,1.0,0,1,,,c1ccccc1,14,197,D3,"7-eonmol (Pocket2Mol 等变图神经网络 + 口袋引导束搜索, GPCR 微调版)","7-eonmol_ft_gpcr_v2.pt — 本项目自训, 经两轮 A/B(种子 2024/2025)晋级; 基线为 ICML 2022 官方权重",7-eonmol-competition-submission,2024,D3_20260927_014218,
C0198,赛道 3 · 离子通道/GPCR 小分子药物虚拟筛选 · 子任务 2,CC(F)OC(=O)c1cc(CO)c(COCC(F)F)c2c1NCCC2,outputs/results_d3_final/structures/cand198_mol_54064574_5befcb8c4b1d.sdf,1.362,0.743,3.807,0.194,-7.43,B,,,347.33,2.791,67.79,-3.94,2.0,5.0,7,2.0,0,1,,,c1ccc2c(c1)CCCN2,3,198,D3,"7-eonmol (Pocket2Mol 等变图神经网络 + 口袋引导束搜索, GPCR 微调版)","7-eonmol_ft_gpcr_v2.pt — 本项目自训, 经两轮 A/B(种子 2024/2025)晋级; 基线为 ICML 2022 官方权重",7-eonmol-competition-submission,2024,D3_20260927_014218,
C0199,赛道 3 · 离子通道/GPCR 小分子药物虚拟筛选 · 子任务 2,Oc1cc(OC(F)c2ccccc2)ccc1Cl,outputs/results_d3_final/structures/cand199_mol_9859f46c_bdcccb50fa07.sdf,1.635,0.891,2.569,0.349,-7.41,A,,,252.67,4.093,29.46,-4.56,1.0,2.0,3,2.0,0,0,,,c1ccc(COc2ccccc2)cc1,2,199,D3,"7-eonmol (Pocket2Mol 等变图神经网络 + 口袋引导束搜索, GPCR 微调版)","7-eonmol_ft_gpcr_v2.pt — 本项目自训, 经两轮 A/B(种子 2024/2025)晋级; 基线为 ICML 2022 官方权重",7-eonmol-competition-submission,2024,D3_20260927_014218,
C0200,赛道 3 · 离子通道/GPCR 小分子药物虚拟筛选 · 子任务 2,CC(C)(C)CNC(=O)CCC(=O)Cc1ccccc1,outputs/results_d3_final/structures/cand200_mol_975f4ba6_3db63ea4a324.sdf,1.66,0.856,1.95,0.344,-7.38,A,,,261.36,2.741,46.17,-3.4,1.0,2.0,6,1.0,0,0,,,c1ccccc1,14,200,D3,"7-eonmol (Pocket2Mol 等变图神经网络 + 口袋引导束搜索, GPCR 微调版)","7-eonmol_ft_gpcr_v2.pt — 本项目自训, 经两轮 A/B(种子 2024/2025)晋级; 基线为 ICML 2022 官方权重",7-eonmol-competition-submission,2024,D3_20260927_014218,
C0201,赛道 3 · 离子通道/GPCR 小分子药物虚拟筛选 · 子任务 2,COC(=O)c1ccc(C2CCCN2C(=O)CCc2ccccc2C)cc1,outputs/results_d3_final/structures/cand201_mol_a7cf97c9_64af18ffea18.sdf,1.526,0.763,2.37,0.368,-7.34,B,,,351.45,4.078,46.61,-5.04,0.0,3.0,5,3.0,0,2,,,O=C(CCc1ccccc1)N1CCCC1c1ccccc1,6,201,D3,"7-eonmol (Pocket2Mol 等变图神经网络 + 口袋引导束搜索, GPCR 微调版)","7-eonmol_ft_gpcr_v2.pt — 本项目自训, 经两轮 A/B(种子 2024/2025)晋级; 基线为 ICML 2022 官方权重",7-eonmol-competition-submission,2024,D3_20260927_014218,
C0202,赛道 3 · 离子通道/GPCR 小分子药物虚拟筛选 · 子任务 2,O=C(CCC(=O)NCc1ccccc1)CC(F)(F)F,outputs/results_d3_final/structures/cand202_mol_975f4ba6_7d1338ac4681.sdf,1.668,0.866,1.979,0.374,-7.31,B,,,273.25,2.605,46.17,-3.38,1.0,2.0,6,1.0,0,1,,,c1ccccc1,14,202,D3,"7-eonmol (Pocket2Mol 等变图神经网络 + 口袋引导束搜索, GPCR 微调版)","7-eonmol_ft_gpcr_v2.pt — 本项目自训, 经两轮 A/B(种子 2024/2025)晋级; 基线为 ICML 2022 官方权重",7-eonmol-competition-submission,2024,D3_20260927_014218,
C0203,赛道 3 · 离子通道/GPCR 小分子药物虚拟筛选 · 子任务 2,O=C(CCC(=O)NCc1ccccc1F)CC(F)(F)F,outputs/results_d3_final/structures/cand203_mol_975f4ba6_1c6925f98820.sdf,1.605,0.819,2.143,0.264,-7.25,B,,,291.24,2.744,46.17,-3.59,1.0,2.0,6,1.0,0,1,,,c1ccccc1,14,203,D3,"7-eonmol (Pocket2Mol 等变图神经网络 + 口袋引导束搜索, GPCR 微调版)","7-eonmol_ft_gpcr_v2.pt — 本项目自训, 经两轮 A/B(种子 2024/2025)晋级; 基线为 ICML 2022 官方权重",7-eonmol-competition-submission,2024,D3_20260927_014218,
C0204,赛道 3 · 离子通道/GPCR 小分子药物虚拟筛选 · 子任务 2,CC(CC(=O)NCc1cccc(CO)c1)C(F)(F)F,outputs/results_d3_final/structures/cand204_mol_975f4ba6_f0ee25160317.sdf,1.604,0.867,2.628,0.263,-7.23,B,,,275.27,2.384,49.33,-3.25,2.0,2.0,5,1.0,0,1,,,c1ccccc1,14,204,D3,"7-eonmol (Pocket2Mol 等变图神经网络 + 口袋引导束搜索, GPCR 微调版)","7-eonmol_ft_gpcr_v2.pt — 本项目自训, 经两轮 A/B(种子 2024/2025)晋级; 基线为 ICML 2022 官方权重",7-eonmol-competition-submission,2024,D3_20260927_014218,
C0205,赛道 3 · 离子通道/GPCR 小分子药物虚拟筛选 · 子任务 2,CCC(CC)C(=O)NC1CC(CC=C(C)F)CC1C,outputs/results_d3_final/structures/cand205_mol_7806a64b_724f8c8de275.sdf,1.367,0.768,4.013,0.16,-7.19,A,,,269.4,4.217,29.1,-4.44,1.0,1.0,6,1.0,0,0,,,C1CCCC1,3,205,D3,"7-eonmol (Pocket2Mol 等变图神经网络 + 口袋引导束搜索, GPCR 微调版)","7-eonmol_ft_gpcr_v2.pt — 本项目自训, 经两轮 A/B(种子 2024/2025)晋级; 基线为 ICML 2022 官方权重",7-eonmol-competition-submission,2024,D3_20260927_014218,
C0206,赛道 3 · 离子通道/GPCR 小分子药物虚拟筛选 · 子任务 2,Oc1cc(OCCN2CCCC2)ccc1C(F)(F)F,outputs/results_d3_final/structures/cand206_mol_006e2441_8de472162e6b.sdf,1.708,0.917,2.089,0.286,-7.18,B,,,275.27,2.886,32.7,-3.65,1.0,3.0,4,2.0,0,2,,,c1ccc(OCCN2CCCC2)cc1,2,206,D3,"7-eonmol (Pocket2Mol 等变图神经网络 + 口袋引导束搜索, GPCR 微调版)","7-eonmol_ft_gpcr_v2.pt — 本项目自训, 经两轮 A/B(种子 2024/2025)晋级; 基线为 ICML 2022 官方权重",7-eonmol-competition-submission,2024,D3_20260927_014218,
C0207,赛道 3 · 离子通道/GPCR 小分子药物虚拟筛选 · 子任务 2,CC(CCCC(=O)O)OCc1cc(Cl)c(O)c(CC(=O)O)c1,outputs/results_d3_final/structures/cand207_mol_975f4ba6_730b174b99ec.sdf,1.353,0.643,2.896,0.243,-7.17,A,,,330.76,2.833,104.06,-3.83,3.0,4.0,9,1.0,0,0,,,c1ccccc1,14,207,D3,"7-eonmol (Pocket2Mol 等变图神经网络 + 口袋引导束搜索, GPCR 微调版)","7-eonmol_ft_gpcr_v2.pt — 本项目自训, 经两轮 A/B(种子 2024/2025)晋级; 基线为 ICML 2022 官方权重",7-eonmol-competition-submission,2024,D3_20260927_014218,
C0208,赛道 3 · 离子通道/GPCR 小分子药物虚拟筛选 · 子任务 2,CCCNC(=O)CCN(C)Cc1cc(C)cc(Cl)c1,outputs/results_d3_final/structures/cand208_mol_975f4ba6_e90e75845616.sdf,1.627,0.834,2.066,0.248,-7.01,B,,,282.81,2.997,32.34,-3.71,1.0,2.0,7,1.0,0,1,,,c1ccccc1,14,208,D3,"7-eonmol (Pocket2Mol 等变图神经网络 + 口袋引导束搜索, GPCR 微调版)","7-eonmol_ft_gpcr_v2.pt — 本项目自训, 经两轮 A/B(种子 2024/2025)晋级; 基线为 ICML 2022 官方权重",7-eonmol-competition-submission,2024,D3_20260927_014218,
C0209,赛道 3 · 离子通道/GPCR 小分子药物虚拟筛选 · 子任务 2,OC1CC(CCCC(F)(F)F)C(COC(F)(F)F)C1,outputs/results_d3_final/structures/cand209_mol_7806a64b_9a659a319aa7.sdf,1.381,0.784,4.038,0.123,-6.95,B,,,294.24,3.643,29.46,-4.19,1.0,2.0,5,1.0,0,1,,,C1CCCC1,3,209,D3,"7-eonmol (Pocket2Mol 等变图神经网络 + 口袋引导束搜索, GPCR 微调版)","7-eonmol_ft_gpcr_v2.pt — 本项目自训, 经两轮 A/B(种子 2024/2025)晋级; 基线为 ICML 2022 官方权重",7-eonmol-competition-submission,2024,D3_20260927_014218,
C0210,赛道 3 · 离子通道/GPCR 小分子药物虚拟筛选 · 子任务 2,CC(C)(C)CNC(=O)CCC(=O)CCCc1ccco1,outputs/results_d3_final/structures/cand210_mol_ccf1a3d0_54cd1f967602.sdf,1.561,0.795,2.343,0.23,-6.93,B,,,279.38,3.114,59.31,-3.73,1.0,3.0,8,1.0,0,1,,,c1ccoc1,1,210,D3,"7-eonmol (Pocket2Mol 等变图神经网络 + 口袋引导束搜索, GPCR 微调版)","7-eonmol_ft_gpcr_v2.pt — 本项目自训, 经两轮 A/B(种子 2024/2025)晋级; 基线为 ICML 2022 官方权重",7-eonmol-competition-submission,2024,D3_20260927_014218,
C0211,赛道 3 · 离子通道/GPCR 小分子药物虚拟筛选 · 子任务 2,OCC(O)CCOc1ccc(C(F)(F)F)c(O)c1,outputs/results_d3_final/structures/cand211_mol_975f4ba6_5243370e5897.sdf,1.478,0.756,2.778,0.232,-6.87,B,,,266.21,1.533,69.92,-2.57,3.0,4.0,5,1.0,0,1,,,c1ccccc1,14,211,D3,"7-eonmol (Pocket2Mol 等变图神经网络 + 口袋引导束搜索, GPCR 微调版)","7-eonmol_ft_gpcr_v2.pt — 本项目自训, 经两轮 A/B(种子 2024/2025)晋级; 基线为 ICML 2022 官方权重",7-eonmol-competition-submission,2024,D3_20260927_014218,
C0212,赛道 3 · 离子通道/GPCR 小分子药物虚拟筛选 · 子任务 2,CCC1=c2ncc3cc2C(=NC1)NCCNCCC(C)OCc1cc(Cl)c(O)c(c1)C=3,outputs/results_d3_final/structures/cand212_mol_e23398d6_cbfce2c8d8cb.sdf,1.038,0.632,5.945,0.191,-6.86,B,,,440.98,2.078,78.77,-4.19,3.0,6.0,1,4.0,0,2,,,C1=c2cnc3c(c2)C(=NCC=3)NCCNCCCOCc2cccc1c2,1,212,D3,"7-eonmol (Pocket2Mol 等变图神经网络 + 口袋引导束搜索, GPCR 微调版)","7-eonmol_ft_gpcr_v2.pt — 本项目自训, 经两轮 A/B(种子 2024/2025)晋级; 基线为 ICML 2022 官方权重",7-eonmol-competition-submission,2024,D3_20260927_014218,
C0213,赛道 3 · 离子通道/GPCR 小分子药物虚拟筛选 · 子任务 2,Oc1ccc(OC(F)(F)F)c2c1OC(F)CO2,outputs/results_d3_final/structures/cand213_mol_7008048c_c26faacf3fb4.sdf,1.426,0.781,3.551,0.22,-6.81,B,,,254.13,2.358,47.92,-3.2,1.0,4.0,1,2.0,0,1,,,c1ccc2c(c1)OCCO2,2,213,D3,"7-eonmol (Pocket2Mol 等变图神经网络 + 口袋引导束搜索, GPCR 微调版)","7-eonmol_ft_gpcr_v2.pt — 本项目自训, 经两轮 A/B(种子 2024/2025)晋级; 基线为 ICML 2022 官方权重",7-eonmol-competition-submission,2024,D3_20260927_014218,
C0214,赛道 3 · 离子通道/GPCR 小分子药物虚拟筛选 · 子任务 2,CC(=O)N(CCC(=O)O)Cc1cc(C)cc(Cl)c1,outputs/results_d3_final/structures/cand214_mol_975f4ba6_afd8cc168ac1.sdf,1.679,0.893,2.138,0.212,-6.71,B,,,269.73,2.472,57.61,-3.29,1.0,2.0,5,1.0,0,1,,,c1ccccc1,14,214,D3,"7-eonmol (Pocket2Mol 等变图神经网络 + 口袋引导束搜索, GPCR 微调版)","7-eonmol_ft_gpcr_v2.pt — 本项目自训, 经两轮 A/B(种子 2024/2025)晋级; 基线为 ICML 2022 官方权重",7-eonmol-competition-submission,2024,D3_20260927_014218,
C0215,赛道 3 · 离子通道/GPCR 小分子药物虚拟筛选 · 子任务 2,CCOC(=O)c1ccc(COCC(F)(F)F)c2c1NCCC2,outputs/results_d3_final/structures/cand215_mol_54064574_26caedfd1edb.sdf,1.578,0.847,2.687,0.244,-6.69,B,,,317.31,3.3,47.56,-4.18,1.0,4.0,5,2.0,0,1,,,c1ccc2c(c1)CCCN2,3,215,D3,"7-eonmol (Pocket2Mol 等变图神经网络 + 口袋引导束搜索, GPCR 微调版)","7-eonmol_ft_gpcr_v2.pt — 本项目自训, 经两轮 A/B(种子 2024/2025)晋级; 基线为 ICML 2022 官方权重",7-eonmol-competition-submission,2024,D3_20260927_014218,
C0216,赛道 3 · 离子通道/GPCR 小分子药物虚拟筛选 · 子任务 2,O=C(O)c1ccc(OC(F)F)cc1OC(F)(F)F,outputs/results_d3_final/structures/cand216_mol_975f4ba6_ec5c17157d7c.sdf,1.636,0.856,2.197,0.195,-6.47,B,,,272.12,2.885,55.76,-3.63,1.0,3.0,4,1.0,0,1,,,c1ccccc1,14,216,D3,"7-eonmol (Pocket2Mol 等变图神经网络 + 口袋引导束搜索, GPCR 微调版)","7-eonmol_ft_gpcr_v2.pt — 本项目自训, 经两轮 A/B(种子 2024/2025)晋级; 基线为 ICML 2022 官方权重",7-eonmol-competition-submission,2024,D3_20260927_014218,
C0217,赛道 3 · 离子通道/GPCR 小分子药物虚拟筛选 · 子任务 2,CCC(CC)C(=O)NC1CC(CNC=CF)CC1C,outputs/results_d3_final/structures/cand217_mol_7806a64b_3f9b9922aca2.sdf,1.329,0.747,4.172,0.162,-6.05,B,,,270.39,2.984,41.13,-3.51,2.0,2.0,7,1.0,0,1,,,C1CCCC1,3,217,D3,"7-eonmol (Pocket2Mol 等变图神经网络 + 口袋引导束搜索, GPCR 微调版)","7-eonmol_ft_gpcr_v2.pt — 本项目自训, 经两轮 A/B(种子 2024/2025)晋级; 基线为 ICML 2022 官方权重",7-eonmol-competition-submission,2024,D3_20260927_014218,
