target,molecule_chembl_id,canonical_smiles,pchembl_value
5HT2B,CHEMBL39,NCCc1c[nH]c2ccc(O)cc12,10.15
5HT2B,CHEMBL6163540,COc1ccc(S(=O)(=O)N[C@H]2CCOC2)cc1C(=O)Nc1ccccc1Cl,10.0
5HT2B,CHEMBL3310115,Cl.NC(N)=NC(=O)c1ccc2c(c1)C(O)c1c(Cl)cccc1-2,9.96
5HT2B,CHEMBL2028019,CN(C)C(=O)N[C@H]1CC[C@H](CCN2CCN(c3cccc(Cl)c3Cl)CC2)CC1,9.82
5HT2B,CHEMBL149024,CC(N)Cc1c2ccoc2c(Br)c2ccoc12,9.72
5HT2B,CHEMBL5095172,O=C1COc2ccc(OCCCCN3CCN(c4cccc(Cl)c4Cl)CC3)cc2N1,9.72
5HT2B,CHEMBL473185,O=C(c1ccc(-c2ccc(F)cc2)cc1)N1CCC(Cc2ncc[nH]2)CC1,9.7
5HT2B,CHEMBL95121,COc1ccc(CC2NCCc3c2[nH]c2ccc(C)cc32)c(Cl)c1OC,9.7
5HT2B,CHEMBL3187365,CN1CC2c3ccccc3Oc3ccc(Cl)cc3C2C1,9.68
5HT2B,CHEMBL5081637,CN(CCc1cn(C)c2cccc(O)c12)CC1CC1,9.61
5HT2B,CHEMBL19215,CN1C[C@H](CNC(=O)OCc2ccccc2)C[C@@H]2c3cccc4c3c(cn4C)C[C@H]21,9.55
5HT2B,CHEMBL473186,CC(C)c1cc(-c2ccc(F)c3ccccc23)nc(N)n1,9.52
5HT2B,CHEMBL475407,O=S(=O)(c1ccc(-c2ccccc2)cc1)N1CCC(c2ncc[nH]2)CC1,9.52
5HT2B,CHEMBL5193649,Cc1c(C(=O)N2CCC(c3ncc[nH]3)CC2)n[nH]c1-c1ccc(Cl)cc1,9.52
5HT2B,CHEMBL1065,CC[C@@H](CO)NC(=O)[C@@H]1C=C2c3cccc4c3c(cn4C)C[C@H]2N(C)C1,9.45
5HT2B,CHEMBL1112,O=C1CCc2ccc(OCCCCN3CCN(c4cccc(Cl)c4Cl)CC3)cc2N1,9.44
5HT2B,CHEMBL535832,Cl.NCCc1c[nH]c2ccc(O)cc12,9.44
5HT2B,CHEMBL5419724,COc1ccc(CC2NCCc3c2[nH]c2ccc(C)cc32)cc1OC.Cl,9.43
5HT2B,CHEMBL5201983,[2H]c1c([2H])c([2H])c([C@@H]2C[C@@H](N3CCNC(C)(C)C3)c3cc(Cl)ccc32)c([2H])c1[2H],9.41
5HT2B,CHEMBL475245,O=C(c1ccc(-c2ccccc2)cc1)N1CCC(Cc2ncc[nH]2)CC1,9.4
5HT2B,CHEMBL3092758,NC(N)=NC(=O)c1ccc2c(c1)C(=O)c1ccccc1-2,9.4
5HT2B,CHEMBL2105760,O=c1ccc2ccc(OCCCCN3CCN(c4cccc5sccc45)CC3)cc2[nH]1,9.4
5HT2B,CHEMBL5191141,[2H]c1c([2H])c([2H])c([C@@H]2C[C@@H](N3CCN(C([2H])([2H])[2H])C(C)(C)C3)c3cc(Cl)ccc32)c([2H])c1[2H],9.4
5HT2B,CHEMBL3343668,Cl.NC(N)=NC(=O)c1ccc2c(c1)C1(CC1)c1ccccc1-2,9.29
5HT2B,CHEMBL2323581,COC(OC)[C@@H]1C[C@@H]2c3cccc4c3c(cn4C)C[C@H]2N(C)C1,9.27
5HT2B,CHEMBL5207529,COc1cc(OC)c(C2NCCc3c2[nH]c2ccc(Cl)cc32)cc1OC.Cl,9.24
5HT2B,CHEMBL472990,O=S(=O)(c1ccc(-c2ccc(F)cc2)cc1)N1CCC(c2ncc[nH]2)CC1,9.22
5HT2B,CHEMBL2165137,Clc1cccc(C2CCN(CCCCOc3ccc4scnc4c3)CC2)c1Cl,9.22
5HT2B,CHEMBL2165126,O=C1CCc2ccc(OCCCCN3CCCN(c4cccc(Cl)c4Cl)CC3)cc2N1,9.22
5HT2B,CHEMBL3310116,Cc1cccc2c1C(O)c1cc(C(=O)N=C(N)N)ccc1-2.Cl,9.17
5HT2B,CHEMBL3310714,CCc1cccc2c1-c1ccc(C(=O)N=C(N)N)cc1C2(C)O.Cl,9.15
5HT2B,CHEMBL6616,COc1cc(CC(C)N)c(OC)cc1I,9.12
5HT2B,CHEMBL1201356,CC[C@@H](CO)NC(=O)[C@@H]1C=C2c3cccc4[nH]cc(c34)C[C@H]2N(C)C1,9.1
5HT2B,CHEMBL3310111,Cc1cccc2c1-c1ccc(C(=O)N=C(N)N)cc1C2O.Cl,9.09
5HT2B,CHEMBL3310121,Cl.N=C(N)NC(=O)c1ccc2c(c1)C(F)c1ccccc1-2,9.05
5HT2B,CHEMBL3310112,Cl.NC(N)=NC(=O)c1ccc2c(c1)C(O)c1cccc(F)c1-2,9.04
5HT2B,CHEMBL2323580,CN(C)CCCNC(=O)[C@@H]1C[C@@H]2c3cccc4c3c(cn4C)C[C@H]2N(C)C1,9.01
5HT2B,CHEMBL196514,C[C@H]1Oc2c(cccc2N2CCN(CCCc3c[nH]c4ccc(F)cc34)CC2)NC1=O,9.0
5HT2B,CHEMBL272082,Cc1ccc(-c2nc(C3CCCC3)nc3c2CCNCC3)cc1,9.0
5HT2B,CHEMBL2323579,CCNC(=O)N(CCCN(C)C)C(=O)[C@@H]1C[C@@H]2c3cccc4c3c(cn4C)C[C@H]2N(C)C1,9.0
5HT2B,CHEMBL350221,N[C@@H](Cc1c[nH]c2ccc(O)cc12)C(=O)O,9.0
5HT2B,CHEMBL4784845,CC(C)n1nc2c(c1-c1ccc(Cl)cc1)CCNCC2,9.0
5HT2B,CHEMBL4752099,COc1ccc(-c2c3c(nn2C(C)C)CCNCC3)cc1,9.0
5HT2B,CHEMBL65547,CN(C)CCc1c[nH]c2cccc(O)c12,8.97
5HT2B,CHEMBL201930,C[C@H](N)Cn1ccc2ccc3ncccc3c21,8.96
5HT2B,CHEMBL474408,O=C(c1ccc(-c2ccc(F)cc2)cc1)N1CCC(c2ncc[nH]2)CC1,8.96
5HT2B,CHEMBL157138,CCN(CC)C(=O)N[C@H]1C=C2c3cccc4[nH]cc(c34)C[C@H]2N(C)C1,8.96
5HT2B,CHEMBL3092760,Cl.NC(N)=NC(=O)c1cccc2c1Cc1ccccc1-2,8.96
5HT2B,CHEMBL3310713,Cc1cccc2c1-c1ccc(C(=O)N=C(N)N)cc1C2(C)O.Cl,8.96
5HT2B,CHEMBL2165119,O=C1CCc2ccc(OCCCCN3CCCN(c4cccc(Cl)c4Cl)CC3)nc2N1,8.96
5HT2B,CHEMBL6150544,COc1ccc(S(=O)(=O)N[C@H]2CCN(C(=O)CC[C@H](N)C(=O)O)C2)cc1C(=O)Nc1ccccc1Cl.Cl,8.96
5HT2B,CHEMBL101008,CC(N)Cc1c2c(c(Br)c3c1OCC3)OCC2,8.94
5HT2B,CHEMBL305275,C[C@@H](N)Cc1c2c(c(Br)c3c1OCC3)OCC2,8.94
5HT2B,CHEMBL4533952,O=C(c1ccc(-n2ccnc2)cc1)C1CC1,8.9
5HT2B,CHEMBL4460604,O=C(c1ccc(-n2cnc([N+](=O)[O-])c2)cc1)C1CC1,8.9
5HT2B,CHEMBL5404054,CCc1cccc(N2CCN(CC[C@H]3CC[C@H](NC(=O)c4ccnc5ccccc45)CC3)CC2)c1Cl,8.9
5HT2B,CHEMBL360328,C[C@H]1CNCCc2ccc(Cl)cc21,8.89
5HT2B,CHEMBL5204071,COc1ccc(C2NCCc3c2[nH]c2ccc(F)cc32)c(O)c1,8.89
5HT2B,CHEMBL1201087,C=CCN1C[C@H](C(=O)N(CCCN(C)C)C(=O)NCC)C[C@@H]2c3cccc4[nH]cc(c34)C[C@H]21,8.85
5HT2B,CHEMBL5431103,COCCC(=O)N[C@H]1CC[C@H](CCN2CCN(c3cccc(Cl)c3Cl)CC2)CC1,8.83
5HT2B,CHEMBL516,CN1CCC(=C2c3ccccc3C=Cc3ccccc32)CC1,8.82
5HT2B,CHEMBL3310109,Cl.NC(N)=NC(=O)c1ccc2c(c1)C(O)c1cccc(Cl)c1-2,8.82
5HT2B,CHEMBL76781,C[C@H](N)Cn1ccc2cc(F)c(Cl)cc21,8.8
5HT2B,CHEMBL708,O=C1Cc2cc(CCN3CCN(c4nsc5ccccc45)CC3)c(Cl)cc2N1,8.8
5HT2B,CHEMBL131495,O=C1c2ccccc2C(=O)N1CCCCN1CC=C(c2c[nH]c3ccc(F)cc23)CC1,8.8
5HT2B,CHEMBL3310113,CCc1cccc2c1-c1ccc(C(=O)N=C(N)N)cc1C2O,8.8
5HT2B,CHEMBL197653,C[C@H](N)Cn1ncc2ccc(O)c(F)c21,8.77
5HT2B,CHEMBL3310110,Cl.NC(N)=NC(=O)c1ccc2c(c1)C(O)c1cc(Cl)ccc1-2,8.77
5HT2B,CHEMBL3343669,Cl.NC(N)=NC(=O)c1ccc2c(c1)C1(CCCC1)c1ccccc1-2,8.77
5HT2B,CHEMBL3815112,COc1ccc(CCN(CCCc2ccccc2F)CCc2ccc3c(c2)OCO3)cc1OC,8.77
5HT2B,CHEMBL4290245,NC1=NC2(CCCCC2)NC(Nc2cccc(I)c2)=N1,8.77
5HT2B,CHEMBL5408223,CCc1cccc(N2CCN(CC[C@H]3CC[C@H](NC(=O)COC)CC3)CC2)c1Cl,8.77
5HT2B,CHEMBL214554,CCCN1CCC2(CC1)Oc1ccccc1C1CC(c3ccc(F)cc3)=NN12,8.74
5HT2B,CHEMBL3092759,Cl.NC(N)=NC(=O)c1ccc2c(c1)C(O)c1ccccc1-2,8.74
5HT2B,CHEMBL3092753,NC(N)=NC(=O)c1ccc2c(c1)Cc1ccccc1-2,8.74
5HT2B,CHEMBL3139188,NC(N)=NC(=O)c1ccc2c(c1)C(O)c1ccccc1-2,8.74
5HT2B,CHEMBL3955519,CCOC(=O)[C@@]12C[C@@H]1[C@@H](n1cnc3c(NC(C4CC4)C4CC4)nc(Cl)nc31)[C@H](O)[C@@H]2O,8.74
5HT2B,CHEMBL514934,O=S(=O)(c1ccc(-c2ccccc2)cc1)N1CCC(c2nc3ccccc3[nH]2)CC1,8.72
5HT2B,CHEMBL1200938,CC[C@@H](CO)NC(=O)[C@@H]1C=C2c3cccc4c3c(cn4C)C[C@H]2N(C)C1.O=C(O)/C=C\C(=O)O,8.72
5HT2B,CHEMBL12314,CN1C[C@@H](NS(=O)(=O)N(C)C)C[C@@H]2c3cccc4c3c(cn4C)C[C@H]21,8.7
5HT2B,CHEMBL2397890,CCc1cccc2c1C(=O)N1CCNC[C@H]1C2,8.7
5HT2B,CHEMBL294951,CN1CCC(=C2c3ccccc3CCc3sccc32)CC1,8.7
5HT2B,CHEMBL3343667,COCC1(OC)c2ccccc2-c2ccc(C(=O)N=C(N)N)cc21.Cl,8.7
5HT2B,CHEMBL3928388,Fc1ccc2c(c1Cl)N1CCNCC1CC2,8.7
5HT2B,CHEMBL4466591,Cl.NC[C@H]1C[C@]1(F)c1cccc(F)c1,8.7
5HT2B,CHEMBL4746737,Cc1ccc(-c2c3c(nn2C(C)C)CCNCC3)cc1,8.7
5HT2B,CHEMBL5429826,O=C(N[C@H]1CC[C@H](CCN2CCN(c3cccc(Cl)c3Cl)CC2)CC1)c1ccnc2ccccc12,8.7
5HT2B,CHEMBL201454,C[C@H](N)Cn1ccc2cc(Cl)c3ncccc3c21,8.68
5HT2B,CHEMBL3092754,Cl.NC(N)=NC(=O)c1ccc2c(c1)oc1ccccc12,8.68
5HT2B,CHEMBL134519,COc1cc(C[C@@H](C)N)c(OC)cc1I,8.66
5HT2B,CHEMBL442,CN1C[C@H](C(=O)N[C@]2(C)O[C@@]3(O)[C@@H]4CCCN4C(=O)[C@H](Cc4ccccc4)N3C2=O)C=C2c3cccc4[nH]cc(c34)C[C@H]21,8.66
5HT2B,CHEMBL14022,CCNC(=O)N(CCCN(C)C)C(=O)[C@@H]1C[C@@H]2c3cccc4[nH]cc(c34)C[C@H]2N(C)C1,8.66
5HT2B,CHEMBL475406,O=C(c1ccc(-c2ccccc2)cc1)N1CCC(Cc2nc3ccccc3[nH]2)CC1,8.64
5HT2B,CHEMBL4204710,c1cc(C2CCC2)c2c(n1)N1CCNC[C@H]1CC2,8.64
5HT2B,CHEMBL1908863,COc1cc(CCNCc2ccccc2OC)c(OC)cc1I,8.64
5HT2B,CHEMBL2104523,CCOc1cc(N)c([N+](=O)[O-])cc1C(=O)NC1CCN(CC2CC=CCC2)CC1,8.64
5HT2B,CHEMBL474404,O=C(c1ccc(-c2ccccc2)cc1)N1CCC(c2ncc[nH]2)CC1,8.62
5HT2B,CHEMBL445809,O=C(c1ccc(-c2ccccc2)cc1)N1CCC(c2nc3ccccc3[nH]2)CC1,8.62
5HT2B,CHEMBL3092757,Cl.NC(N)=NC(=O)c1ccc2c(c1)Oc1ccccc1N2,8.62
5HT2B,CHEMBL6166832,O=C(c1ccc(-c2ccccc2)cc1)N1CCC(c2cc3ccccc3[nH]2)CC1,8.62
5HT2B,CHEMBL299498,Cn1ccc2cc(NC(=O)Nc3ccnc4ccccc34)ccc21,8.6
5HT2B,CHEMBL269974,Cc1ccc(-c2nc(Cc3ccccc3)nc3c2CCNCC3)cc1,8.6
5HT2B,CHEMBL407909,CCc1cc2c(ccc3cnn(C[C@H](C)N)c32)o1,8.6
5HT2B,CHEMBL515422,O=C(c1cnc(-c2ccccc2)nc1)N1CCC(c2nc3ccccc3[nH]2)CC1,8.6
5HT2B,CHEMBL46,Cc1nccn1CC1CCc2c(c3ccccc3n2C)C1=O,8.6
5HT2B,CHEMBL4287193,CN(C)CC/C=C1\c2ccc(Br)cc2COc2ccccc21,8.6
5HT2B,CHEMBL4583909,CC[C@H]1c2ccc3ccccc3c2OC[C@@]1(C)N,8.6
5HT2B,CHEMBL119443,C[C@@H](CO)NC(=O)[C@@H]1C=C2c3cccc4[nH]cc(c34)C[C@H]2N(C)C1,8.58
5HT2B,CHEMBL3343672,NC(N)=NC(=O)c1ccc2c(c1)[C@]1(CCCO1)c1ccccc1-2,8.57
5HT2B,CHEMBL4747291,Cc1ccnc2c1CC[C@@H]1CNCCN21,8.53
5HT2B,CHEMBL77880,C[C@H](N)CN1CCc2ccc3c(c21)CCO3,8.52
5HT2B,CHEMBL4100216,CCn1nc(-c2cccc3cccnc23)cc1-c1cccnn1,8.52
5HT2B,CHEMBL4282729,CN(C)CC/C=C1\c2ccc(Cl)cc2COc2ccccc21,8.52
5HT2B,CHEMBL4788327,c1ccc(-c2c3c(nn2C2CCC2)CCNCC3)cc1,8.52
5HT2B,CHEMBL3813796,COc1ccc(CCN(CCCc2ccccc2Cl)CCc2ccc3c(c2)OCO3)cc1OC,8.51
5HT2B,CHEMBL5170784,COc1ccc(C2NCCc3c2[nH]c2ccc(Cl)cc32)c(O)c1,8.51
5HT2B,CHEMBL42,CN1CCN(C2=Nc3cc(Cl)ccc3Nc3ccccc32)CC1,8.5
5HT2B,CHEMBL1277769,CC1(C(=O)O)CCN(C2CCC3(Cc4ccccc4Cc4ccccc43)C2)CC1,8.5
5HT2B,CHEMBL190699,Cc1c(Cl)ccc2c1N1[C@@H](CNC[C@H]1C)C2,8.49
5HT2B,CHEMBL3970041,COC(=O)[C@@]12C[C@@H]1[C@@H](n1cnc3c(NC(C4CC4)C4CC4)nc(Cl)nc31)[C@H](O)[C@@H]2O,8.49
5HT2B,CHEMBL4128926,CC(C)(C)NS(=O)(=O)c1ccc(-c2sc(C(=O)N[C@H]3C[C@H](C(=O)O)C3)nc2CC2CCCCC2)c2ccccc12,8.49
5HT2B,CHEMBL3343665,COC1(C)c2ccccc2-c2ccc(C(=O)N=C(N)N)cc21.Cl,8.48
5HT2B,CHEMBL513994,N#Cc1cc(CN2CCC(Nc3ncnc4sc(Cl)cc34)CC2)ccc1F,8.47
5HT2B,CHEMBL475778,COc1ccc(-c2ccc(C(=O)N3CCC(c4nc5ccccc5[nH]4)CC3)cc2)cc1,8.47
5HT2B,CHEMBL3813726,COc1ccc(CCN(CCCc2ccccc2Br)CCc2ccc3c(c2)OCO3)cc1OC,8.47
5HT2B,CHEMBL4294350,NCCCCNC(=O)COc1ccc(CCCn2ncc3c2nc(N)n2nc(-c4ccco4)nc32)cc1,8.47
5HT2B,CHEMBL492926,Cl.NC[C@H]1C[C@@H]1c1cccc(F)c1,8.44
5HT2B,CHEMBL3092756,Cl.NC(N)=NC(=O)c1ccc2c(c1)Nc1ccccc1O2,8.44
5HT2B,CHEMBL1732,CN1C[C@H](C(=O)N[C@]2(C)O[C@@]3(O)[C@@H]4CCCN4C(=O)[C@H](Cc4ccccc4)N3C2=O)C[C@@H]2c3cccc4[nH]cc(c34)C[C@H]21,8.43
5HT2B,CHEMBL373245,C[C@H](N)Cn1ncc2ccc(O)c(Cl)c21,8.42
5HT2B,CHEMBL300835,Cc1cc2cc(NC(=O)Nc3ccnc4ccccc34)ccc2n1C,8.4
5HT2B,CHEMBL14111,COc1cc2c(cc1C(F)(F)F)N(C(=O)Nc1ccc(C)c(-c3cnccc3C)c1)CC2,8.4
5HT2B,CHEMBL41389,CC(C)Oc1cc2c(cc1C(F)(F)F)N(C(=O)Nc1cccnc1)CC2,8.4
5HT2B,CHEMBL472789,COc1cc(-c2ccccc2)ccc1C(=O)N1CCC(c2nc3ccccc3[nH]2)CC1,8.4
5HT2B,CHEMBL1224034,O=C(NC1CCCCC1)N1OCC2CSc3ccc(F)cc3C21,8.4
5HT2B,CHEMBL2337501,Cc1ccc2c(c1Cl)C(=O)N[C@H]1CNC[C@H]21.Cl,8.4
5HT2B,CHEMBL4782005,Fc1ccc(-c2c3c(nn2C2CCC2)CCNCC3)cc1,8.4
5HT2B,CHEMBL5801143,Brc1ccc(OCCc2ccccc2)c(OC2CNC2)c1,8.4
5HT2B,CHEMBL76474,CSc1cc2c(cc1F)CCN2C[C@H](C)N,8.39
5HT2B,CHEMBL3735261,COc1ccc(CCN(CCCc2cc(OC)c(OC)c(OC)c2)CCc2ccc3c(c2)OCO3)cc1OC,8.39
5HT2B,CHEMBL1255837,CC(C)[C@@]1(NC(=O)[C@@H]2C[C@@H]3c4cccc5[nH]cc(c45)C[C@H]3N(C)C2)O[C@@]2(O)[C@@H]3CCCN3C(=O)[C@H](Cc3ccccc3)N2C1=O.CS(=O)(=O)O,8.38
5HT2B,CHEMBL297784,Cn1ccc2cc3c(cc21)CCN3C(=O)Nc1cccnc1,8.37
5HT2B,CHEMBL3310123,CC1(O)c2ccccc2-c2ccc(C(=O)N=C(N)N)cc21.Cl,8.37
5HT2B,CHEMBL3310122,CC1c2ccccc2-c2ccc(C(=O)N=C(N)N)cc21.Cl,8.36
5HT2B,CHEMBL3976121,CNC(=O)[C@@]12C[C@@H]1[C@@H](n1cnc3c(NC(C4CC4)C4CC4)nc(Cl)nc31)[C@H](O)[C@@H]2O,8.36
5HT2B,CHEMBL4292326,O=C(NCCc1c[nH]c2ccccc12)C1CCN(C(=O)c2ccc(-c3ccccc3)cc2)CC1,8.35
5HT2B,CHEMBL5569144,COc1cc(SCC(F)(F)C(F)F)c(OC)cc1CCN.Cl,8.35
5HT2B,CHEMBL3735911,COc1cccc(CCCN(CCc2ccc(OC)c(OC)c2)CCc2ccc3c(c2)OCO3)c1,8.34
5HT2B,CHEMBL6437,CN1CCN2c3ccccc3Cc3ccccc3C2C1,8.33
5HT2B,CHEMBL401509,COc1ccc(-c2nc(C3CCCC3)nc3c2CCNCC3)cc1,8.32
5HT2B,CHEMBL492916,Cl.NCC1CC1c1ccccc1Br,8.32
5HT2B,CHEMBL3343666,CCC1(OC)c2ccccc2-c2ccc(C(=O)N=C(N)N)cc21.Cl,8.32
5HT2B,CHEMBL474633,Cc1cc([C@H]2C[C@@H]2CN)ccc1F.Cl,8.31
5HT2B,CHEMBL282199,CC1CCN(CC[C@H]2CCCN2S(=O)(=O)c2cccc(O)c2)CC1,8.3
5HT2B,CHEMBL14606,COc1cc2c(cc1C(F)(F)F)N(C(=O)Nc1ccc(C)c(-c3cccnc3)c1)CC2,8.3
5HT2B,CHEMBL14458,COc1cc2c(cc1C(F)(F)F)N(C(=O)Nc1cccc(-c3cccnc3)c1Cl)CC2,8.3
5HT2B,CHEMBL3217984,CN1CCC2C(C1)c1cccc3c1N2c1ccccc1CS3,8.3
5HT2B,CHEMBL4791646,CC(C)n1nc2c(c1-c1ccc(C(F)(F)F)cc1)CCNCC2,8.3
5HT2B,CHEMBL3343670,Cl.NC(N)=NC(=O)c1ccc2c(c1)C1(CCCO1)c1ccccc1-2,8.29
5HT2B,CHEMBL3343673,NC(N)=NC(=O)c1ccc2c(c1)[C@@]1(CCCO1)c1ccccc1-2,8.29
5HT2B,CHEMBL133455,C[C@H](N)Cc1c[nH]c2ccc3c(c12)CCCO3,8.28
5HT2B,CHEMBL493,CC(C)C[C@H]1C(=O)N2CCC[C@H]2[C@]2(O)O[C@](NC(=O)[C@@H]3C=C4c5cccc6[nH]c(Br)c(c56)C[C@H]4N(C)C3)(C(C)C)C(=O)N12,8.28
5HT2B,CHEMBL6173117,Cl.Cl.Cl.NCC(=O)NCCN1CCN(CCCN2c3ccccc3Sc3ccc(C(F)(F)F)cc32)CC1,8.28
5HT2B,CHEMBL510383,Cl.NC[C@H]1C[C@@H]1c1cccc(O)c1,8.26
5HT2B,CHEMBL2391541,C=CCN(CC=C)CCc1c[nH]c2ccc(OC)cc12,8.26
5HT2B,CHEMBL5573972,COc1cc(SCCC(F)(F)F)c(OC)cc1CCN.Cl,8.26
5HT2B,CHEMBL5424175,Brc1ccc2[nH]nc(C3=CCCNC3)c2c1,8.25
5HT2B,CHEMBL147656,NC1CC1c1c[nH]c2ccc(F)cc12,8.24
5HT2B,CHEMBL198124,CCCCn1cc(CCN(C)C)c2c(O)cccc21,8.24
5HT2B,CHEMBL3736149,COc1ccccc1CCCN(CCc1ccc(OC)c(OC)c1)CCc1ccc2c(c1)OCO2,8.24
5HT2B,CHEMBL3770342,NC1=NC2(CCCCC2)NC(Nc2cccc(Br)c2)=N1,8.24
5HT2B,CHEMBL5424897,CCc1cc(Cl)c(OC)c(N2CCN(CC[C@H]3CC[C@H](NC(=O)CCOC)CC3)CC2)c1,8.24
5HT2B,CHEMBL7257,COc1ccc2[nH]cc(CCN(C)C)c2c1,8.23
5HT2B,CHEMBL201132,C[C@H](N)Cn1ncc2ccc(O)c(I)c21,8.22
5HT2B,CHEMBL514453,CCOc1nc(-c2ccccc2)ncc1C(=O)N1CCC(c2nc3ccccc3[nH]2)CC1,8.22
5HT2B,CHEMBL569251,O=C1Cc2c(ccc3c2OC[C@H](CNCC2CCc4[nH]c5ccc(F)cc5c4C2)O3)N1,8.22
5HT2B,CHEMBL2397891,O=C1c2c(cccc2C2CC2)C[C@@H]2CNCCN12,8.22
5HT2B,CHEMBL20734,CNc1cc(OC)c(C(=O)NC2CCN(Cc3ccccc3)C2C)cc1Cl,8.22
5HT2B,CHEMBL5437660,CCc1cc(Cl)c(OC)c(N2CCN(CC[C@H]3CC[C@H](NC(=O)NC)CC3)CC2)c1,8.21
5HT2B,CHEMBL5589604,COc1cc(SCCCF)c(OC)cc1CCN,8.21
5HT2B,CHEMBL55969,Cc1cc2c(cc1C(F)(F)F)N(C(=O)Nc1ccc(OCc3cncn3C)nc1)CC2,8.2
5HT2B,CHEMBL14864,COc1cc2c(cc1C(F)(F)F)N(C(=O)Nc1cncc(-c3cnccc3C)c1)CC2,8.2
5HT2B,CHEMBL91221,COc1cc(Cl)c(Cl)cc1C(=O)CCCCN1CCC2(CC1)NC(=O)NC2=O,8.2
5HT2B,CHEMBL715,Cc1cc2c(s1)Nc1ccccc1N=C2N1CCN(C)CC1,8.2
5HT2B,CHEMBL3310118,COCc1cccc2c1-c1ccc(C(=O)N=C(N)N)cc1C2O.Cl,8.2
5HT2B,CHEMBL3895972,CC1(C)Cc2cccc(Cl)c2N2CCNCC21,8.2
5HT2B,CHEMBL4293638,NC1=NC2(CCCCC2)NC(Nc2cccc(Cl)c2)=N1,8.2
5HT2B,CHEMBL5942832,CCc1c(CC2CCCC2)cnc2c1CC[C@@H]1CNCCN21,8.2
5HT2B,CHEMBL76307,C[C@H](N)CN1CCc2ccc(Cl)cc21,8.19
5HT2B,CHEMBL473234,O=S(=O)(c1ccc(-c2ccccc2)cc1)N1CCC(Cc2ncc[nH]2)CC1,8.19
5HT2B,CHEMBL5572387,COc1cc([S+]([O-])C(F)(F)F)c(OC)cc1CCN.Cl,8.19
5HT2B,CHEMBL1113,Clc1ccc2c(c1)C(N1CCNCC1)=Nc1ccccc1O2,8.18
5HT2B,CHEMBL3310117,Cl.NC(N)=NC(=O)c1ccc2c(c1)C(O)c1cccc(CO)c1-2,8.18
5HT2B,CHEMBL3634745,O=c1ccc(-c2ccc(OCc3ccc4ccccc4n3)cc2)c(-c2ccc(F)cc2)[nH]1,8.17
5HT2B,CHEMBL3736207,COc1ccc(CCCN(CCc2ccc(OC)c(OC)c2)CCc2ccc3c(c2)OCO3)cc1,8.17
5HT2B,CHEMBL5563360,COc1cc(SC(F)(F)F)c(OC)cc1CCN.Cl,8.17
5HT2B,CHEMBL5563542,COc1cc(SCCC(F)F)c(OC)cc1CCN.Cl,8.17
5HT2B,CHEMBL1385840,CC(C)[C@H]1C(=O)N2CCC[C@H]2[C@]2(O)O[C@](NC(=O)[C@@H]3C=C4c5cccc6[nH]cc(c56)C[C@H]4N(C)C3)(C(C)C)C(=O)N12,8.16
5HT2B,CHEMBL2113264,CC(C)[C@H]1CNC[C@H]2c3cccc(C(F)(F)F)c3C(=O)N12,8.15
5HT2B,CHEMBL474634,Cc1cccc(Cl)c1[C@H]1C[C@@H]1CN.Cl,8.15
5HT2B,CHEMBL2323578,C=CCN1C[C@H](C(=O)N(CCCN2CCOCC2)C(=O)NCC)C[C@@H]2c3cccc4[nH]cc(c34)C[C@H]21,8.15
5HT2B,CHEMBL3959919,COc1cc2c(cc1OC)CN(CCCCc1nc3cc(Cl)ccc3s1)CC2.Cl,8.15
5HT2B,CHEMBL5869418,Clc1cccc(CCOc2ccc(Cl)cc2OC2CNC2)c1,8.15
5HT2B,CHEMBL80366,C[C@H](N)CN1CCc2cc(F)c(Cl)cc21,8.14
5HT2B,CHEMBL3770106,CCOC(=O)c1cccc(NC2=NC(N)=NC3(CCCCC3)N2)c1,8.14
5HT2B,CHEMBL5193178,COc1ccccc1N1CCN(CC[C@@H](C(=O)N2CCCCCC2)c2ccccc2)CC1,8.14
5HT2B,CHEMBL5409134,CCc1cc(Cl)c(OC)c(N2CCN(CC[C@H]3CC[C@H](NC(=O)N(C)C)CC3)CC2)c1,8.14
5HT2B,CHEMBL5566821,COc1cc([Se]C(F)(F)F)c(OC)cc1CCN.Cl,8.14
5HT2B,CHEMBL6160698,COc1ccc(S(=O)(=O)N[C@H]2CCN(C(=O)[C@@H](N)CCC(=O)O)C2)cc1C(=O)Nc1ccccc1Cl.Cl,8.14
5HT2B,CHEMBL296419,COc1ccc(CCN2CCC(Nc3nc4ccccc4n3Cc3ccc(F)cc3)CC2)cc1,8.13
5HT2B,CHEMBL199775,COc1ccc2cnn(C[C@H](C)N)c2c1,8.12
5HT2B,CHEMBL31115,COc1ccc2[nH]cc(CC(C)N)c2c1,8.11
5HT2B,CHEMBL594717,Cc1ccc(F)cc1CO[C@H]1CCc2ccc(N3CCNC[C@H]3C)nc21,8.11
5HT2B,CHEMBL55914,Cc1cc2c(cc1C(F)(F)F)N(C(=O)Nc1cnc(OCc3ccccn3)c(C)c1)CC2,8.1
5HT2B,CHEMBL291949,Cc1cc2c(cc1Cl)N(C(=O)Nc1ccc(OCc3ccncc3)nc1)CC2,8.1
5HT2B,CHEMBL14255,COc1cc2c(cc1C(F)(F)F)N(C(=O)Nc1cccc(-c3cccnc3)c1)CC2,8.1
5HT2B,CHEMBL280465,COc1cc2c(cc1C(F)(F)F)N(C(=O)Nc1cc(F)c(C)c(-c3cccnc3)c1)CC2,8.1
5HT2B,CHEMBL428879,CSc1cc2c(cc1C(F)(F)F)N(C(=O)Nc1cccc(-c3cccnc3)c1)CC2,8.1
5HT2B,CHEMBL417082,COc1cc2c(cc1C(F)(F)F)N(C(=O)Nc1cc3c(c(-c4cccnc4)c1)OCC3)CC2,8.1
5HT2B,CHEMBL223468,CCc1ccc2c(c1OC)C(=O)N1CCNC[C@@H]21,8.1
5HT2B,CHEMBL2397893,O=C1c2c(Cl)cccc2C[C@@H]2CNCCN12,8.1
5HT2B,CHEMBL3402673,CN(C)[C@@H]1Cc2ccccc2[C@@H](c2cccc(Br)c2)C1.Cl,8.1
5HT2B,CHEMBL3934644,COc1ccc2c(c1Cl)N1CCCNC[C@H]1CC2,8.1
5HT2B,CHEMBL494948,C[C@H](Cc1cccc(F)c1)Oc1nc(N2CCNC[C@H]2C)ncc1F,8.1
5HT2B,CHEMBL325109,COc1cc(N)c(Cl)cc1C(=O)NC1CCN(Cc2ccccc2)CC1,8.1
5HT2B,CHEMBL5758456,Clc1ccc(OCCc2ccccc2)c(OC2CNC2)c1,8.1
5HT2B,CHEMBL371300,C[C@H](N)Cn1ncc2ccc(O)cc21,8.09
5HT2B,CHEMBL1403281,CC(C)C[C@H]1C(=O)N2CCC[C@H]2[C@]2(O)O[C@](NC(=O)[C@@H]3C=C4c5cccc6[nH]cc(c56)C[C@H]4N(C)C3)(C(C)C)C(=O)N12,8.09
5HT2B,CHEMBL149564,COc1ccc2[nH]cc(C(C)CN)c2c1,8.08
5HT2B,CHEMBL197646,CN(C)CCc1c[nH]c2cccc(F)c12,8.08
5HT2B,CHEMBL475642,Cc1cccc([C@H]2C[C@@H]2CN)c1C.Cl,8.08
5HT2B,CHEMBL531,CCCN1C[C@H](CSC)C[C@@H]2c3cccc4[nH]cc(c34)C[C@H]21,8.08
5HT2B,CHEMBL5574455,COc1cc(S(=O)(=O)C(F)(F)F)c(OC)cc1CCN.Cl,8.08
5HT2B,CHEMBL590078,Cc1cccc2c1C(=O)NC1CNCCN21,8.07
5HT2B,CHEMBL200104,Cc1c(O)ccc2cnn(C[C@H](C)N)c12,8.06
5HT2B,CHEMBL2397877,O=C1c2cc(Cl)ccc2C[C@@H]2CNCCN12,8.05
5HT2B,CHEMBL3343671,Cl.NC(N)=NC(=O)c1ccc2c(c1)C1(CCOCC1)c1ccccc1-2,8.04
5HT2B,CHEMBL182150,CN(C)c1nc(N[C@H]2CC[C@@H](NC(=O)c3ccc(F)c(F)c3)CC2)nc2ccccc12,8.02
5HT2B,CHEMBL5764246,CCCCCc1ccnc2c1CC[C@@H]1CNCCN21,8.02
5HT2B,CHEMBL511312,CCN1CCC(COc2nc3ccsc3n3cccc23)CC1,8.01
5HT2B,CHEMBL1214961,COc1ccccc1CN1CCN(Cc2cc3ccccc3o2)CC1,8.01
5HT2B,CHEMBL54707,Cc1cc2c(cc1C(F)(F)F)N(C(=O)Nc1ccc(OCc3cnccn3)nc1)CC2,8.0
5HT2B,CHEMBL451543,CSc1ccc2c(c1)N(C[C@H](C)N)CC2,8.0
5HT2B,CHEMBL478,Clc1cccc(N2CCNCC2)c1,8.0
5HT2B,CHEMBL14863,COc1cc2c(cc1C(F)(F)F)N(C(=O)Nc1cncc(-c3ccncc3)c1)CC2,8.0
5HT2B,CHEMBL416896,CCc1cc(NC(=O)N2CCc3cc(OC)c(C(F)(F)F)cc32)cc(-c2cccnc2)c1,8.0
5HT2B,CHEMBL277111,COc1cc2c(cc1C(F)(F)F)N(C(=O)Nc1ccc(-c3cccnc3)nc1)CC2,8.0
5HT2B,CHEMBL278267,COc1cc2c(cc1C(F)(F)F)N(C(=O)Nc1ccc(-c3cccnc3)cc1)CC2,8.0
5HT2B,CHEMBL14345,COc1cc2c(cc1C(F)(F)F)N(C(=O)Nc1cncc(-c3cccnc3)c1)CC2,8.0
5HT2B,CHEMBL14276,COc1cc2c(cc1C(F)(F)F)N(C(=O)Nc1cc(F)cc(-c3cccnc3)c1)CC2,8.0
5HT2B,CHEMBL289436,CCSc1cc2c(cc1C(F)(F)F)N(C(=O)Nc1cccnc1)CC2,8.0
5HT2B,CHEMBL93862,COc1ccc(-c2ccccc2)cc1C(=O)CCCCN1CCC2(CC1)NC(=O)NC2=O,8.0
5HT2B,CHEMBL187739,Cc1c(Cl)ccc2c1N1CCNC[C@H]1C2,8.0
5HT2B,CHEMBL590580,Cc1cccc2c1C(=O)NC1CCNCCN21,8.0
5HT2B,CHEMBL1278202,CC1(C(=O)O)CCN(C2CC[C@]3(Cc4ccccc4Cc4ccccc43)C2)C1,8.0
5HT2B,CHEMBL723,COc1ccccc1OCCNCC(O)COc1cccc2[nH]c3ccccc3c12,8.0
5HT2B,CHEMBL2337490,Cl.O=C1N[C@H]2CNC[C@@H]2c2cccc(C(F)(F)F)c21,8.0
5HT2B,CHEMBL3092755,Cl.NC(N)=NC(=O)c1ccc2c(c1)[nH]c1ccccc12,8.0
5HT2B,CHEMBL3402680,CN(C)[C@@H]1Cc2ccccc2[C@@H](C2CCCCCCC2)C1.Cl,8.0
5HT2B,CHEMBL2094028,Cl.NC[C@H]1C[C@]1(F)c1ccccc1,8.0
5HT2B,CHEMBL4765074,CCCc1ccnc2c1CC[C@@H]1CNCCN21,8.0
5HT2B,CHEMBL5182943,COc1cc(OC)c(C2NCCc3c2[nH]c2ccc(F)cc32)cc1OC.Cl,8.0
5HT2B,CHEMBL3581250,CCCC(C)Oc1cc2c(cc1OC)-c1c(OC)c(OC)cc3c1[C@H](C2)N(C)CC3,8.0
5HT2B,CHEMBL5437030,Nc1ccc2[nH]nc(C3=CCCNC3)c2c1,8.0
5HT2B,CHEMBL4743049,Cl.Clc1cccc(COc2cncc(N3CCNCC3)n2)c1,8.0
5HT2B,CHEMBL5584114,COc1cc(SSC(C)(C)C)c(OC)cc1CCN.Cl,8.0
5HT2B,CHEMBL6120829,COc1ccc(S(=O)(=O)N[C@H]2CCN(C(=O)C[C@H](N)C(=O)O)C2)cc1C(=O)Nc1ccccc1Cl.Cl,8.0
5HT2B,CHEMBL5434434,COc1ccc2[nH]nc(C3=CCCNC3)c2c1,7.97
5HT2B,CHEMBL309760,C[C@H](N)CN1CCc2ccc(Br)cc21,7.96
5HT2B,CHEMBL131736,CC(N)Cc1cn(C)c2ccc3c(c12)CCCO3,7.96
5HT2B,CHEMBL361079,C[C@@H]1CNC[C@H]2Cc3ccc(C(F)(F)F)cc3N21,7.96
5HT2B,CHEMBL3310114,Cl.NC(N)=NC(=O)c1ccc2c(c1)C(O)c1ccc(Cl)cc1-2,7.96
5HT2B,CHEMBL3923870,OC[C@@]12C[C@@H]1[C@@H](n1cnc3c(NC(C4CC4)C4CC4)nc(Cl)nc31)[C@H](O)[C@@H]2O,7.96
5HT2B,CHEMBL3931889,COc1ccccc1-c1cc(CN(C)C)ccc1Cl,7.96
5HT2B,CHEMBL5286886,OC[C@]12C[C@@H]1[C@@H](n1cnc3c(NC(C4CC4)C4CC4)nc(Cl)nc31)[C@H](O)[C@@H]2O,7.96
5HT2B,CHEMBL5750064,Fc1cccc(CCOc2ccc(Cl)cc2OC2CNC2)c1,7.96
5HT2B,CHEMBL253811,C[C@H](N)Cc1cccc(C(F)(F)F)c1,7.95
5HT2B,CHEMBL323356,Cc1cc(NC(=O)Nc2ccc3c(ccn3C)c2)sn1,7.95
5HT2B,CHEMBL5434229,COCCC(=O)N[C@H]1CC[C@H](CCN2CCN(c3cccc(C(F)(F)F)n3)CC2)CC1,7.95
5HT2B,CHEMBL5633886,OC[C@@]12C[C@@H]1[C@@H](n1cnc3c(NC(C4CC4)C4CC4)nc(I)nc31)[C@H](O)[C@@H]2O,7.95
5HT2B,CHEMBL5857351,CCc1c(Cc2ccccc2)cnc2c1CC[C@@H]1CNCCN21,7.94
5HT2B,CHEMBL6143661,CC(=O)Oc1cccc2[nH]cc(CCN(C)C)c12,7.94
5HT2B,CHEMBL4567689,O=C(c1ccc(N2CCN(Cc3ccccc3)CC2)cc1)C1CC1,7.93
5HT2B,CHEMBL475643,Cc1ccc([C@H]2C[C@@H]2CN)cc1C.Cl,7.92
5HT2B,CHEMBL472415,O=C(c1ccc(-c2ccccc2)cn1)N1CCC(c2nc3ccccc3[nH]2)CC1,7.92
5HT2B,CHEMBL2397896,Cc1ccc2c(c1)C(=O)N1CCNC[C@H]1C2,7.92
5HT2B,CHEMBL3260336,FC(F)(COc1ccc(Cl)cc1OC1CNC1)c1ccccc1,7.92
5HT2B,CHEMBL331291,CNC(=O)[C@]12C[C@@H]1[C@@H](n1cnc3c(NC4CCCC4)nc(Cl)nc31)[C@H](O)[C@@H]2O,7.92
5HT2B,CHEMBL4743582,CC(C)n1nc2c(c1-c1ccc(C#N)cc1)CCNCC2,7.92
5HT2B,CHEMBL5081379,CCCNCc1ccc(Cl)c(-c2ccccc2OC)c1,7.92
5HT2B,CHEMBL12713,O=C1NCCN1CCN1CCC(c2cn(-c3ccc(F)cc3)c3ccc(Cl)cc23)CC1,7.92
5HT2B,CHEMBL55597,Cc1cc2c(cc1Cl)N(C(=O)Nc1ccc(OCc3nccn3C)nc1)CC2,7.9
5HT2B,CHEMBL276140,CSc1cc2c(cc1C(F)(F)F)N(C(=O)Nc1cccnc1)CC2,7.9
5HT2B,CHEMBL301209,CN1CCc2cc(NC(=O)Nc3ccnc4ccccc34)ccc21,7.9
5HT2B,CHEMBL274066,COc1cc2c(cc1C(F)(F)F)N(C(=O)Nc1cccc(-c3c(C)ccnc3C)c1)CC2,7.9
5HT2B,CHEMBL274692,COc1cc2c(cc1C(F)(F)F)N(C(=O)Nc1ccc(-c3ccncc3)cc1)CC2,7.9
5HT2B,CHEMBL299938,Cc1cc2c(cc1C(F)(F)F)N(C(=O)Nc1ccc(Oc3cncnc3C)nc1)CC2,7.9
5HT2B,CHEMBL55207,Cc1cc2c(cc1Cl)N(C(=O)Nc1ccc(Oc3cnccc3Cl)nc1)CC2,7.9
5HT2B,CHEMBL221692,Fc1ccc(-c2cncc(CN3CCN(c4cccc5c4OCCO5)CC3)c2)cc1,7.9
5HT2B,CHEMBL3956394,Fc1ccc2c(c1Cc1ccccc1)CCC1CNCCN21,7.9
5HT2B,CHEMBL4776557,CCCc1cccc2c1CC[C@@H]1CNCCN21,7.9
5HT2B,CHEMBL5752312,CC(C)c1ccnc2c1CC[C@@H]1CNCCN21,7.9
5HT2B,CHEMBL133868,CC(N)Cc1c[nH]c2ccc3c(c12)CCCO3,7.89
5HT2B,CHEMBL275854,CC(N)Cc1c[nH]c2ccc(O)cc12,7.89
5HT2B,CHEMBL188033,Cc1ccc2c(c1C)N1[C@@H](CNC[C@H]1C)C2,7.89
5HT2B,CHEMBL243712,CCN1CCCC1CNC(=O)c1cc(S(=O)(=O)CC)c(N)cc1OC,7.89
5HT2B,CHEMBL467736,Cl.NC[C@H]1C[C@@H]1c1ccccc1Br,7.89
5HT2B,CHEMBL2110371,Cc1cc2c(cc1Cl)N(C(=O)Nc1cccc3ncccc13)CC2,7.89
5HT2B,CHEMBL590333,O=C1NC2CNCCN2c2cccc(C(F)(F)F)c21,7.89
5HT2B,CHEMBL1643677,Fc1cccc(OC2CN(c3c4c(nc5ccnn35)CCNCC4)C2)c1,7.89
5HT2B,CHEMBL2397889,Cc1cccc2c1C(=O)N1CCNC[C@H]1C2,7.89
5HT2B,CHEMBL3813855,COc1ccc(CCN(CCCc2ccccc2I)CCc2ccc3c(c2)OCO3)cc1OC,7.89
5HT2B,CHEMBL3961059,CNCc1ccc(Cl)c(-c2ccccc2OC)c1,7.89
5HT2B,CHEMBL5400876,c1ccc(N2CCN(CCCc3nc4ccccc4s3)CC2)nc1,7.89
5HT2B,CHEMBL5531940,COc1cc(C(F)(F)F)c(OC)cc1[C@@H]1CCCNC1,7.89
5HT2B,CHEMBL6057261,CN1CC[C@@H](Oc2ccc(Cl)cc2OCc2cccc(Cl)c2)C1,7.89
5HT2B,CHEMBL6018455,Brc1cncc2c1CC[C@@H]1CNCCN21,7.89
5HT2B,CHEMBL4634785,C1=CC2CNCCN3C[C@@H]4CCC[C@@H]4C(=C1)C23,7.86
5HT2B,CHEMBL27173,NCCc1c[nH]c2ccc3c(c12)CCCO3,7.85
5HT2B,CHEMBL464475,Cl.NC[C@H]1C[C@@H]1c1cccc(Cl)c1Cl,7.85
5HT2B,CHEMBL2337102,COc1ccc(-c2cc3c4c(c2)[C@@H]2CNCC[C@@H]2N4CCC3)c(C(F)(F)F)c1,7.85
5HT2B,CHEMBL3814737,COc1ccc(CCN(CCCc2ccc(F)cc2)CCc2ccc3c(c2)OCO3)cc1OC,7.85
5HT2B,CHEMBL3815066,COc1ccc(CCN(CCCc2cccc(Br)c2)CCc2ccc3c(c2)OCO3)cc1OC,7.85
5HT2B,CHEMBL5854614,Fc1ccc(CCOc2ccc(Cl)cc2OC2CNC2)cc1,7.85
5HT2B,CHEMBL53904,OCCN1CCN(CC/C=C2/c3ccccc3Sc3ccc(Cl)cc32)CC1,7.84
5HT2B,CHEMBL6023492,CCCCc1ccnc2c1CC[C@@H]1CNCCN21,7.84
5HT2B,CHEMBL2112055,C[C@@H]1CNC[C@H]2Cc3ccccc3N21,7.82
5HT2B,CHEMBL199385,NCCn1ncc2ccc(O)cc21,7.82
5HT2B,CHEMBL379734,CCCN1CCC2(CC1)Oc1ccccc1C1CC(c3ccncc3)=NN12,7.82
5HT2B,CHEMBL85,Cc1nc2n(c(=O)c1CCN1CCC(c3noc4cc(F)ccc34)CC1)CCCC2,7.82
5HT2B,CHEMBL492911,O=S(=O)(c1ccc(F)cc1)c1ccc2c(c1)CCNCC2,7.82
5HT2B,CHEMBL472985,O=C(c1ccc(-c2ccccn2)cc1)N1CCC(c2nc3ccccc3[nH]2)CC1,7.82
5HT2B,CHEMBL1214830,COc1ccc(CN2CCN(Cc3cc4ccccc4o3)CC2)cc1,7.82
5HT2B,CHEMBL2337103,c1cc2c3c(c1)[C@@H]1CNCC[C@@H]1N3CCCS2,7.82
5HT2B,CHEMBL4750414,c1ccc(-c2c3c(nn2-c2ccccc2)CCNCC3)cc1,7.82
5HT2B,CHEMBL5094680,CCCCNCc1ccc(Cl)c(-c2ccccc2OC)c1,7.82
5HT2B,CHEMBL5174366,CCCCOc1cc2c3c(c1OC)-c1cc(OC)c(OC)cc1C[C@@H]3N(C)CC2,7.82
5HT2B,CHEMBL5288004,CCOC(=O)[C@]12C[C@@H]1[C@@H](n1cnc3c(NC(C4CC4)C4CC4)nc(Cl)nc31)[C@H](O)[C@@H]2O,7.82
5HT2B,CHEMBL3970299,Cl.Clc1ccc2sc(CCCCN3CCc4ccccc4C3)nc2c1,7.81
5HT2B,CHEMBL1516474,CCCCCNC(=N)N/N=C/c1c[nH]c2ccc(OC)cc12.O=C(O)/C=C\C(=O)O,7.81
5HT2B,CHEMBL54484,Cc1cc2c(cc1C(F)(F)F)N(C(=O)Nc1ccc(OCc3ncccc3C)nc1)CC2,7.8
5HT2B,CHEMBL56557,COc1ccc(NC(=O)Nc2ccnc3ccccc23)cc1Cl,7.8
5HT2B,CHEMBL280297,COc1cc2c(cc1C(F)(F)F)N(C(=O)Nc1cc(-c3ccccc3)cc(-c3cccnc3)c1)CC2,7.8
5HT2B,CHEMBL14076,COc1cc2c(cc1C(F)(F)F)N(C(=O)Nc1cccc(-c3cccnc3C)c1)CC2,7.8
5HT2B,CHEMBL276571,COc1ccc(NC(=O)N2CCc3cc(OC)c(C(F)(F)F)cc32)cc1-c1cccnc1,7.8
5HT2B,CHEMBL41792,CCCSc1cc2c(cc1C(F)(F)F)N(C(=O)Nc1cccnc1)CC2,7.8
5HT2B,CHEMBL383860,c1ccc(CCN2CCC3(CC2)Oc2ccccc2C2CC(c4ccncc4)=NN23)cc1,7.8
5HT2B,CHEMBL451232,Cl.NC[C@H]1C[C@@H]1c1ccc(F)cc1Cl,7.8
5HT2B,CHEMBL1222693,Cc1nc2n(c1C)Cc1ccccc1C=C2N1CCN(CC(C)(C)C(=O)O)CC1,7.8
5HT2B,CHEMBL1278116,CN(C)C1CC[C@]2(Cc3ccccc3Cc3ccccc32)C1,7.8
5HT2B,CHEMBL4778104,c1cc(C2CC2)c2c(n1)N1CCNC[C@H]1CC2,7.8
5HT2B,CHEMBL5180016,C=CCOc1cc2c3c(c1OC)-c1cc(OC)c(OC)cc1C[C@@H]3N(C)CC2,7.8
5HT2B,CHEMBL5282336,COCCCC(=O)NCCN1CCC[C@@H]1Cn1nc(Cc2ccc(Cl)cc2)c2ccccc2c1=O.O=C(O)C(F)(F)F,7.8
5HT2B,CHEMBL5406172,C1=C(c2n[nH]c3ccccc23)CNCC1,7.8
5HT2B,CHEMBL5806241,C/C=C/Cc1ccnc2c1CC[C@@H]1CNCCN21,7.79
5HT2B,CHEMBL3754496,C=CCN(CC=C)CCc1c[nH]c2ccc(F)cc12,7.78
5HT2B,CHEMBL4208452,Fc1cccc(Cc2ccnc3c2CC[C@@H]2CNCCN32)c1,7.78
5HT2B,CHEMBL4290607,CN(C)CC/C=C1\c2ccc(F)cc2COc2ccccc21,7.78
5HT2B,CHEMBL493951,CN(CC1CC1)S(=O)(=O)c1ccc2c(c1)CCNCC2,7.77
5HT2B,CHEMBL2397912,COc1ccc(C)c2c1C[C@@H]1CNCCN1C2=O,7.77
5HT2B,CHEMBL3736252,COc1ccc(CCN(CCc2ccccc2)CCc2ccc3c(c2)OCO3)cc1OC,7.77
5HT2B,CHEMBL3814821,COc1ccc(CCN(CCCc2cccc(Cl)c2)CCc2ccc3c(c2)OCO3)cc1OC,7.77
5HT2B,CHEMBL6018706,CC1(Oc2cc(Br)ccc2OCCc2ccccc2)CNC1,7.77
5HT2B,CHEMBL445,CNCCC=C1c2ccccc2CCc2ccccc21,7.76
5HT2B,CHEMBL5631402,OC[C@@]12C[C@@H]1[C@@H](n1cnc3c(N[C@@H](C4CCC4)C4CC4)nc(I)nc31)[C@H](O)[C@@H]2O,7.76
5HT2B,CHEMBL521805,O=S(=O)(c1ccccc1)c1ccc2c(c1)CCNCC2,7.75
5HT2B,CHEMBL449999,O=S(=O)(c1ccc2c(c1)CCNCC2)c1ccccc1F,7.75
5HT2B,CHEMBL605402,O=C1NC2CNCCN2c2cccc(Cl)c21,7.75
5HT2B,CHEMBL3310120,Cl.NC(N)=NC(=O)c1ccc2c(c1)C(N)c1ccccc1-2,7.75
5HT2B,CHEMBL3425756,CCNc1nc(Cc2ccccc2)cc2c1CCNCC2,7.75
5HT2B,CHEMBL3815000,COc1ccc(CCN(CCCc2cccc(F)c2)CCc2ccc3c(c2)OCO3)cc1OC,7.75
5HT2B,CHEMBL3814559,COc1ccc(CCN(CCCc2cccc(I)c2)CCc2ccc3c(c2)OCO3)cc1OC,7.75
5HT2B,CHEMBL3890153,Br.c1ccc2c(c1)CCN(CCCc1nc3ccccc3s1)C2,7.75
5HT2B,CHEMBL4646572,FC(F)(F)CC1CN2CCNCc3ccc(Br)c1c32,7.75
5HT2B,CHEMBL4635105,CC1(C)CN2CCNCc3ccc(Cl)c1c32,7.75
5HT2B,CHEMBL831,CN1CCN(C2=Nc3ccccc3Oc3ccc(Cl)cc32)CC1,7.75
5HT2B,CHEMBL3770512,CCCOC(=O)c1cccc(NC2=NC(N)=NC3(CCCCC3)N2)c1,7.74
5HT2B,CHEMBL5436641,O=C(N[C@H]1CC[C@H](CCN2CCN(c3cccc(C(F)(F)F)n3)CC2)CC1)c1ccnc2ccccc12,7.73
5HT2B,CHEMBL135076,C[C@@H](N)Cc1c[nH]c2ccc3c(c12)CCCO3,7.72
5HT2B,CHEMBL191054,Cc1c(Cl)ccc2c1N1[C@H](CNC[C@H]1C)C2,7.72
5HT2B,CHEMBL4753511,CC(C)n1nc2c(c1-c1ccc(F)cc1)CCNCC2,7.72
5HT2B,CHEMBL4788223,CC(C)n1nc2c(c1-c1ccccc1)CCNCC2,7.72
5HT2B,CHEMBL5074880,CCNCc1ccc(Cl)c(-c2ccccc2OC)c1,7.72
5HT2B,CHEMBL5812264,CCc1ccnc2c1CC[C@@H]1CNCCN21,7.71
5HT2B,CHEMBL55784,Cc1cc2c(cc1C(F)(F)F)N(C(=O)Nc1ccc(CCc3ccccn3)nc1)CC2,7.7
5HT2B,CHEMBL52592,Cc1cc2c(cc1C(F)(F)F)N(C(=O)Nc1ccc(OCCc3ccccn3)nc1)CC2,7.7
5HT2B,CHEMBL14726,COc1cc2c(cc1C(F)(F)F)N(C(=O)Nc1ccc(Oc3cccnc3)nc1)CC2,7.7
5HT2B,CHEMBL14368,COc1cc2c(cc1C(F)(F)F)N(C(=O)Nc1cc(Br)cc(-c3cccnc3)c1)CC2,7.7
5HT2B,CHEMBL301012,Cc1cc2c(cc1Cl)N(C(=O)Nc1cnc(Oc3cccnc3C)c(Cl)c1)CC2,7.7
5HT2B,CHEMBL202458,C[C@@H](Cn1ccc2ccc3ncccc3c21)NCc1ccc2c(c1)OCO2,7.7
5HT2B,CHEMBL255802,N#Cc1ccc(-c2nc(C3CCCC3)nc3c2CCNCC3)cc1,7.7
5HT2B,CHEMBL255543,CC(C)c1nc2c(c(-c3ccc(F)cc3)n1)CCNCC2,7.7
5HT2B,CHEMBL3402656,CN(C)[C@@H]1Cc2ccccc2[C@@H](C2CCCCC2)C1.Cl,7.7
5HT2B,CHEMBL3402670,CN(C)[C@H]1Cc2ccccc2[C@H](c2cccc([N+](=O)[O-])c2)C1.Cl,7.7
5HT2B,CHEMBL639,CN1CCCC(n2nc(Cc3ccc(Cl)cc3)c3ccccc3c2=O)CC1,7.7
5HT2B,CHEMBL1373650,Cc1cccc(NC2=NC(N)=NC3(CCCCC3)N2)c1,7.7
5HT2B,CHEMBL4513930,CC[C@H]1c2c(ccc3ccccc23)OC[C@@]1(C)N,7.7
5HT2B,CHEMBL4464697,C[C@@]12COc3c(Br)cccc3[C@@H]1CCN2,7.7
5HT2B,CHEMBL4762886,Fc1ccc(-c2c3c(nn2C2CC2)CCNCC3)cc1,7.7
5HT2B,CHEMBL4760784,CC(C)n1nc2c(c1-c1ccc(OC(F)(F)F)cc1)CCNCC2,7.7
5HT2B,CHEMBL4785470,c1ccc(-c2c3c(nn2C2CC2)CCNCC3)cc1,7.7
5HT2B,CHEMBL4848517,C=C[C@H]1CN2CCc3c([nH]c4cccc(OC)c34)[C@@H]2C[C@@H]1/C(=C\OC)C(=O)OC,7.7
5HT2B,CHEMBL21536,CCCCCCOc1nsnc1C1=CCCN(C)C1,7.7
5HT2B,CHEMBL5572320,COc1cc(S(=O)(=O)C(F)F)c(OC)cc1CCN.Cl,7.7
5HT2B,CHEMBL582877,CC1(C)N=C(N)N=C(Nc2cccc(Br)c2)N1,7.69
5HT2B,CHEMBL76370,CCCCCNC(=N)N/N=C/c1c[nH]c2ccc(OC)cc12,7.69
5HT2B,CHEMBL190124,Cc1ccc2c(c1)N1[C@@H](CNC[C@H]1C)C2,7.68
5HT2B,CHEMBL384160,CC(C)CN1CCC2(CC1)Oc1ccccc1C1CC(c3ccncc3)=NN12,7.68
5HT2B,CHEMBL493130,Cl.NC[C@H]1C[C@@H]1c1ccc(F)cc1,7.68
5HT2B,CHEMBL598229,N[C@H]1CCN(c2ccc3[nH]nc(S(=O)(=O)c4cccc5ccccc45)c3c2)C1,7.68
5HT2B,CHEMBL1909065,CO[C@@H]1[C@@H](OC)[C@H](C)[C@@](O)(CC(=O)O)O[C@H]1[C@H](C)[C@H]1O[C@@]2(CC[C@@](C)([C@H]3CC[C@@](C)([C@@H]4O[C@@H]([C@H]5O[C@](C)(O)[C@H](C)C[C@@H]5C)C[C@@H]4O[C@@H]4C[C@H](OC)[C@@H](OC)[C@H](C)O4)O3)O2)C[C@H](O)[C@H]1C,7.68
5HT2B,CHEMBL2397914,O=C1c2ccc3c(c2C[C@@H]2CNCCN12)OCCC3,7.68
5HT2B,CHEMBL2397910,Cc1cc(C)c2c(c1)C[C@@H]1CNCCN1C2=O,7.68
5HT2B,CHEMBL3736516,COc1ccc(CCN(CC/C=C\c2ccccc2)Cc2ccc3c(c2)OCO3)cc1OC,7.68
5HT2B,CHEMBL85194,Cn1ccc2cc(NC(=O)Nc3cccnc3)ccc21,7.68
5HT2B,CHEMBL4639090,CC1CN2CCNCc3ccc(Br)c1c32,7.68
5HT2B,CHEMBL4558518,CC(C)(C)OC(=O)N1CCCC1CNC1CCC(c2cc(F)ccc2F)(S(=O)(=O)c2ccc(Cl)cc2)CC1,7.68
5HT2B,CHEMBL5837156,COC(COc1ccc(Cl)cc1OC1CNC1)c1ccccc1,7.68
5HT2B,CHEMBL5845069,CCc1c(CC2CCCCC2)cnc2c1CC[C@@H]1CNCCN21,7.68
5HT2B,CHEMBL76301,C[C@H](N)CN1CCc2cc(F)c(I)cc21,7.66
5HT2B,CHEMBL219837,C[C@@H]1NCCN2C(=O)c3c(cccc3C(F)(F)F)[C@H]12,7.66
5HT2B,CHEMBL271418,FC(F)(F)c1ccc(-c2nc(Cc3ccccc3)nc3c2CCNCC3)cc1,7.66
5HT2B,CHEMBL473187,O=C(c1ccc(-c2ccccc2)[nH]c1=O)N1CCC(c2nc3ccccc3[nH]2)CC1,7.66
5HT2B,CHEMBL3425758,c1ccc(Cc2cc3c(c(NCC4CC4)n2)CCNCC3)cc1,7.66
5HT2B,CHEMBL4516935,Cl.NC[C@H]1C[C@]1(F)c1cccc(Cl)c1,7.66
5HT2B,CHEMBL4646618,Cc1ccc2c3c1C(C)CN3CCNC2,7.66
5HT2B,CHEMBL3581249,CCC(C)Oc1cc2c(cc1OC)-c1c(OC)c(OC)cc3c1[C@H](C2)N(C)CC3,7.66
5HT2B,CHEMBL5888175,Clc1ccc(CCOc2ccc(Cl)cc2OC2CNC2)cc1,7.66
5HT2B,CHEMBL203013,C[C@@H]1CNC[C@H]2Cc3ccc(COCC4CC4)nc3N21,7.64
5HT2B,CHEMBL590483,O=C1NC2CCNCCN2c2cccc(Cl)c21,7.64
5HT2B,CHEMBL1626,CN1CCC[C@@H]1CCO[C@](C)(c1ccccc1)c1ccc(Cl)cc1,7.64
5HT2B,CHEMBL2337494,Cc1cccc2c1C(=O)N[C@H]1CNC[C@H]21.Cl,7.64
5HT2B,CHEMBL4859858,CC[C@H]1CN2CCc3c([nH]c4cccc(OC)c34)[C@@H]2C[C@@H]1/C(=C\OC)C(=O)OC,7.64
5HT2B,CHEMBL5271021,CNC(=O)[C@]12C[C@@H]1[C@@H](n1cnc3c(NC(C4CC4)C4CC4)nc(Cl)nc31)[C@H](O)[C@@H]2O,7.64
5HT2B,CHEMBL285802,CN(C)CCOC1=Cc2ccccc2Sc2ccc(Cl)cc21,7.64
5HT2B,CHEMBL5632406,CSC[C@@]12C[C@@H]1[C@@H](n1cnc3c(NC(C4CC4)C4CC4)nc(Cl)nc31)[C@H](O)[C@@H]2O,7.64
5HT2B,CHEMBL5565116,COc1cc(SC(F)F)c(OC)cc1CCN.Cl,7.63
5HT2B,CHEMBL537403,COc1ccccc1N1CCN(CCN(C(=O)C2CCCCC2)c2ccccn2)CC1.Cl.Cl.Cl,7.62
5HT2B,CHEMBL2337492,CN1C(=O)c2c(cccc2C(F)(F)F)[C@H]2CNC[C@@H]21.Cl,7.62
5HT2B,CHEMBL4091672,COc1ccccc1CNC[C@H]1C[C@@H]1c1cc(F)ccc1OCCF.Cl,7.62
5HT2B,CHEMBL4638879,Cc1ccc2c3c1C(C)(C)CN3CCNC2,7.62
5HT2B,CHEMBL4789085,CNc1ccc(-c2c3c(nn2C(C)C)CCNCC3)cc1,7.62
5HT2B,CHEMBL5425738,O=C1[C@@H]2[C@@H]3C[C@@H](C[C@H]3O)[C@@H]2C(=O)N1C[C@@H]1CCCC[C@H]1CN1CCN(c2nsc3ccccc23)CC1,7.62
5HT2B,CHEMBL6053291,c1cc(CC2CCCC2)c2c(n1)N1CCNC[C@H]1CC2,7.62
5HT2B,CHEMBL5201903,Cl.Oc1cc(Cl)ccc1C1NCCc2c1[nH]c1ccc(Cl)cc21,7.61
5HT2B,CHEMBL53939,Cc1cccc(COc2ccc(NC(=O)N3CCc4cc(C)c(C(F)(F)F)cc43)cn2)n1,7.6
5HT2B,CHEMBL55335,Cc1cc2c(cc1C(F)(F)F)N(C(=O)Nc1ccc(OCc3ccccn3)cc1)CC2,7.6
5HT2B,CHEMBL53063,Cc1cc2c(cc1Cl)N(C(=O)Nc1ccc(OCc3cccnc3)nc1)CC2,7.6
5HT2B,CHEMBL432713,O=C(/C=C/c1ccc(Cl)c(Cl)c1)NCCCCCN1CCC(c2c[nH]c3ccc(O)cc23)CC1,7.6
5HT2B,CHEMBL14841,CSc1cc2c(cc1C(F)(F)F)N(C(=O)Nc1cccc(-c3ccncc3)c1)CC2,7.6
5HT2B,CHEMBL14652,COc1cc2c(cc1C(F)(F)F)N(C(=O)Nc1cncc(-c3ccccc3)c1)CC2,7.6
5HT2B,CHEMBL14469,COc1cc2c(cc1C(F)(F)F)N(C(=O)Nc1ccc(Cl)c(-c3cccnc3)c1)CC2,7.6
5HT2B,CHEMBL259480,Clc1c(Br)ccc2c1CCNCC2,7.6
5HT2B,CHEMBL1222692,O=C(O)C1CCC(N2CCN(C3=Cc4ccccc4Cn4ccnc43)CC2)CC1,7.6
5HT2B,CHEMBL1222762,CC(C)(CN1CCN(C2=Cc3ccccc3Cn3c(Cl)cnc32)CC1)C(=O)O,7.6
5HT2B,CHEMBL726,OCCN1CCN(CCCN2c3ccccc3Sc3ccc(C(F)(F)F)cc32)CC1,7.6
5HT2B,CHEMBL3770689,COc1cc(F)c(Cl)cc1C1CC1CN.Cl,7.6
5HT2B,CHEMBL3947276,CCCc1cccc2c1CCC1CNCCN21,7.6
5HT2B,CHEMBL3959570,c1csc(Cc2cccc3c2CCC2CNCCN32)c1,7.6
5HT2B,CHEMBL4213379,c1ccc(Cc2ccnc3c2CC[C@@H]2CNCCN32)cc1,7.6
5HT2B,CHEMBL860,CN(C)CC/C=C1\c2ccccc2COc2ccccc21,7.6
5HT2B,CHEMBL5201470,Cl.Oc1ccc(O)c(C2NCCc3c2[nH]c2ccc(F)cc32)c1,7.6
5HT2B,CHEMBL5203303,CCCC(C)Oc1cc2c3c(c1OC)-c1cc(OC)c(OC)cc1C[C@@H]3N(C)CC2,7.6
5HT2B,CHEMBL5974217,FC(F)(F)c1ccc2c(c1)C(Oc1ccc(Cl)cc1OC1CNC1)CC2,7.6
5HT2B,CHEMBL5573377,COc1cc([S+]([O-])C(F)F)c(OC)cc1CCN.Cl,7.59
5HT2B,CHEMBL412876,CN(C)CCc1c[nH]c2ccc3c(c12)CCCO3,7.58
5HT2B,CHEMBL376978,CCCN1CCC2(CC1)Oc1ccc(F)cc1C1CC(c3ccc(F)cc3)=NN12,7.58
5HT2B,CHEMBL3735756,COc1ccc(CCN(CCCc2ccccc2)CCc2ccc3c(c2)OCO3)cc1OC,7.58
5HT2B,CHEMBL343755,C[C@H]1C[C@H](C)N1C(=O)[C@@H]1C=C2c3cccc4[nH]cc(c34)CC2N(C)C1,7.57
5HT2B,CHEMBL202616,C[C@@H](Cn1ccc2ccc3ncccc3c21)NCc1ccc2ccccc2c1,7.57
5HT2B,CHEMBL3425759,CCCNc1nc(Cc2ccccc2)cc2c1CCNCC2,7.57
5HT2B,CHEMBL3425763,c1ccc(Cc2cc3c(cn2)CCNCC3)cc1,7.57
5HT2B,CHEMBL3770753,COc1cc(F)c(F)cc1C1CC1CN.Cl,7.57
5HT2B,CHEMBL5961077,C[C@@H](Oc1ccc(Cl)cc1OC1CCNCC1)c1cccc(C(F)(F)F)c1,7.57
5HT2B,CHEMBL3092762,Cl.NC(N)=NC(=O)c1cccc2c1-c1ccccc1C2,7.56
5HT2B,CHEMBL3771331,CCNC(=O)c1cccc(NC2=NC(N)=NC3(CCCCC3)N2)c1,7.56
5HT2B,CHEMBL5594012,COc1cc(S(=O)(=O)CF)c(OC)cc1CCN.Cl,7.56
5HT2B,CHEMBL385577,COc1c(Cl)ccc2c1C(=O)N1CCNC[C@@H]21,7.55
5HT2B,CHEMBL492306,Cl.NC[C@H]1C[C@@H]1c1ccc(F)c(F)c1,7.55
5HT2B,CHEMBL1214894,COc1cccc(CN2CCN(Cc3cc4ccccc4o3)CC2)c1,7.55
5HT2B,CHEMBL1172,Clc1ccc2c(c1)CCc1cccnc1C2=C1CCNCC1,7.55
5HT2B,CHEMBL2397897,CCc1ccc2c(c1)C(=O)N1CCNC[C@H]1C2,7.55
5HT2B,CHEMBL4636977,CC1(C)CN2CCNCc3ccc(Br)c1c32,7.55
5HT2B,CHEMBL6004782,Clc1cccc(COc2cc(Cl)ccc2O[C@@H]2CCNC2)c1,7.55
5HT2B,CHEMBL5779902,Clc1ccc(C2(COc3ccc(Cl)cc3OC3CNC3)CCC2)cc1,7.55
5HT2B,CHEMBL213005,CCCN1CCC2(CC1)Oc1ccc(Br)cc1C1CC(c3ccc(F)cc3)=NN12,7.54
5HT2B,CHEMBL223272,C[C@@H]1CNC[C@H]2c3cccc(C(F)(F)F)c3C(=O)N12,7.54
5HT2B,CHEMBL220833,CC1(c2cc3c(c(C(F)(F)F)c2)C(=O)N2CCNC[C@@H]32)CC1,7.54
5HT2B,CHEMBL534,CN1CCC(=C2c3ccccc3CC(=O)c3sccc32)CC1,7.54
5HT2B,CHEMBL3581252,COc1cc2c(cc1OCC1CC1)C[C@H]1c3c(cc(OC)c(OC)c3-2)CCN1C,7.54
5HT2B,CHEMBL2181187,CCCN1CCC(COc2nc3c(OC)cccc3c3ccccc23)CC1,7.53
5HT2B,CHEMBL5403268,COCCC(=O)N[C@H]1CC[C@H](CCN2CCN(c3cccc(OC)c3F)CC2)CC1,7.53
5HT2B,CHEMBL5981079,c1cc(C2CCCC2)c2c(n1)N1CCNC[C@H]1CC2,7.53
5HT2B,CHEMBL263881,CCN(CC)C(=O)[C@@H]1C=C2c3cccc4[nH]cc(c34)C[C@H]2N(C)C1,7.52
5HT2B,CHEMBL182184,COc1cc2c(cc1Br)[C@H](C)CNCC2,7.52
5HT2B,CHEMBL212656,CN1CCC2(CC1)Oc1ccc(Br)cc1C1CC(c3ccc(F)cc3)=NN12,7.52
5HT2B,CHEMBL270188,Fc1ccc(-c2nc(Cc3ccccc3)nc3c2CCNCC3)cc1,7.52
5HT2B,CHEMBL402357,Fc1ccc(-c2nc(C3CCCC3)nc3c2CCNCC3)cc1,7.52
5HT2B,CHEMBL458002,Cc1ccc(Cn2ncc(N3CCNCC3)c(Cl)c2=O)cc1NC(=O)c1ccc(-c2ccccc2)cc1,7.52
5HT2B,CHEMBL1770382,Clc1cccc(Cc2ncc3c(n2)CCNCC3)c1,7.52
5HT2B,CHEMBL17157,CC(C)(C)c1ccc(C(O)CCCN2CCC(C(O)(c3ccccc3)c3ccccc3)CC2)cc1,7.52
5HT2B,CHEMBL3402664,CN(C)[C@H]1Cc2ccccc2[C@H](c2ccc(Br)cc2)C1.Cl,7.52
5HT2B,CHEMBL3402675,CN(C)[C@@H]1Cc2ccccc2[C@@H](c2cccc(Cl)c2)C1.Cl,7.52
5HT2B,CHEMBL3425762,CN(C)c1nc(Cc2ccccc2)cc2c1CCNCC2,7.52
5HT2B,CHEMBL3752900,C=CCN(CC=C)CCc1c[nH]c2ccc(Cl)cc12,7.52
5HT2B,CHEMBL3769454,COc1ccc(Cl)c(Cl)c1C1CC1CN.Cl,7.52
5HT2B,CHEMBL5894902,Clc1ccc(OC2CCc3ccccc3C2)c(OC2CNC2)c1,7.52
5HT2B,CHEMBL5836024,CC(C)CCc1ccnc2c1CC[C@@H]1CNCCN21,7.52
5HT2B,CHEMBL5912624,c1ccc(CCc2ccnc3c2CC[C@@H]2CNCCN32)cc1,7.52
5HT2B,CHEMBL80731,CCSc1cc2c(cc1F)CCN2C[C@H](C)N,7.51
5HT2B,CHEMBL514967,O=C(c1ccc(C2CCCCC2)cc1)N1CCC(c2nc3ccccc3[nH]2)CC1,7.51
5HT2B,CHEMBL567993,Cc1cccc(C(=O)N[C@H]2CC[C@@H](Nc3ncc(C)c(N(C)C)n3)CC2)c1,7.51
5HT2B,CHEMBL1909072,NC(=O)C1CCN(CCCN2c3ccccc3Sc3ccc(Cl)cc32)CC1,7.51
5HT2B,CHEMBL2337493,Cl.O=C1N[C@H]2CNC[C@@H]2c2cccc(Cl)c21,7.51
5HT2B,CHEMBL3343664,CCCCC1(O)c2ccccc2-c2ccc(C(=O)N=C(N)N)cc21.Cl,7.51
5HT2B,CHEMBL3769543,COc1cc(Cl)c(Cl)cc1C1CC1CN.Cl,7.51
5HT2B,CHEMBL4764808,CC(C)n1nc2c(c1-c1ccc(Cl)c(Cl)c1)CCNCC2,7.51
5HT2B,CHEMBL54719,Cc1cc2c(cc1C(F)(F)F)N(C(=O)Nc1ccc(OCc3ccccn3)nc1)CC2,7.5
5HT2B,CHEMBL54062,CSc1ccc(NC(=O)Nc2ccnc3ccccc23)cc1,7.5
5HT2B,CHEMBL55964,Cc1cc2c(cc1Cl)N(C(=O)Nc1cnc(Oc3cccnc3C)c(C)c1)CC2,7.5
5HT2B,CHEMBL44015,CSc1cc2c(cc1C(F)(F)C(F)(F)F)N(C(=O)Nc1cccnc1)CC2,7.5
5HT2B,CHEMBL55331,Cc1cc2c(cc1Cl)N(C(=O)Nc1ccc(Oc3cnccc3C)nc1)CC2,7.5
5HT2B,CHEMBL197664,CN(C)CCc1cn(C)c2cccc(O)c12,7.5
5HT2B,CHEMBL212755,CCCN1CCC2(CC1)Oc1ccc(Cl)cc1C1CC(c3ccc(F)cc3)=NN12,7.5
5HT2B,CHEMBL395098,COc1ccc(N2Cc3c(c4cccc(F)c4n3C)C2=O)cc1OCCN1CCC(C)CC1,7.5
5HT2B,CHEMBL443128,Cl.NC[C@H]1C[C@@H]1c1ccccc1Cl,7.5
5HT2B,CHEMBL1110,Cc1[nH]cnc1CN1CCc2c(c3ccccc3n2C)C1=O,7.5
5HT2B,CHEMBL2393245,Cl.Clc1cccc(Nc2nc(Cc3ccccc3)nc3c2CCNCC3)c1,7.5
5HT2B,CHEMBL3967107,Fc1ccc2c(c1)N1CCNCC1CC2,7.5
5HT2B,CHEMBL3930174,Cc1cccc2c1CCC1CNCCN21,7.5
5HT2B,CHEMBL4777852,CC(C)Cc1ccnc2c1CC[C@@H]1CNCCN21,7.5
5HT2B,CHEMBL374436,CCc1cc2c(cc1OC)C(=O)N1CCNC[C@@H]21,7.48
5HT2B,CHEMBL492910,O=S(=O)(c1cccc(F)c1)c1ccc2c(c1)CCNCC2,7.48
5HT2B,CHEMBL25236,COc1ccccc1N1CCN(CCCCNC(=O)c2ccc3ccccc3c2)CC1,7.48
5HT2B,CHEMBL1642866,Cl.O=C(Nc1ccc2[nH]nc(S(=O)(=O)c3cccc4ccccc34)c2c1)C1CCNCC1,7.48
5HT2B,CHEMBL3425760,CC(C)Nc1nc(Cc2ccccc2)cc2c1CCNCC2,7.48
5HT2B,CHEMBL3581251,CCCCC(C)Oc1cc2c(cc1OC)-c1c(OC)c(OC)cc3c1[C@H](C2)N(C)CC3,7.48
5HT2B,CHEMBL5631329,OC[C@@]12C[C@@H]1[C@@H](n1cnc3c(N[C@H](C4CCC4)C4CC4)nc(I)nc31)[C@H](O)[C@@H]2O,7.48
5HT2B,CHEMBL5633599,CCOC(=O)[C@@]12C[C@@H]1[C@@H](n1cnc3c(N[C@H](C4CCC4)C4CC4)nc(I)nc31)[C@H](O)[C@@H]2O,7.48
5HT2B,CHEMBL426317,COc1cccc(N2CCN(CCCCn3ncc(=O)n(C)c3=O)CC2)c1,7.47
5HT2B,CHEMBL261490,c1cc2ccc3c(c2o1)CCNCC3,7.47
5HT2B,CHEMBL455039,O=S(=O)(c1ccc2c(c1)CCNCC2)N1CCCCC1,7.47
5HT2B,CHEMBL3310119,CC(=O)NC1c2ccccc2-c2ccc(C(=O)N=C(N)N)cc21.Cl,7.47
5HT2B,CHEMBL3914843,OC[C@@]12C[C@@H]1[C@@H](n1cnc3c(N[C@H](C4CCC4)C4CC4)nc(Cl)nc31)[C@H](O)[C@@H]2O,7.47
5HT2B,CHEMBL5208864,COc1ccc(C2NCCc3c2[nH]c2ccc(Cl)cc32)cc1OC.Cl,7.47
5HT2B,CHEMBL5427695,COc1cccc(N2CCN(CC[C@H]3CC[C@H](NC(=O)N(C)C)CC3)CC2)c1F,7.47
5HT2B,CHEMBL437314,C[C@@H](N)Cn1ncc2ccc(O)cc21,7.46
5HT2B,CHEMBL5425772,CN(C)CCc1n[nH]c2ccc(O)cc12,7.46
5HT2B,CHEMBL3770351,CCCC(=O)c1cccc(NC2=NC(N)=NC3(CCCCC3)N2)c1,7.45
5HT2B,CHEMBL5887835,CCCc1cnc2c(c1)CC[C@@H]1CNCCN21,7.45
5HT2B,CHEMBL5819421,Fc1ccccc1Cc1ccnc2c1CC[C@@H]1CNCCN21,7.45
5HT2B,CHEMBL80482,C[C@H](N)CN1CCc2ccc3c(c21)CCCO3,7.44
5HT2B,CHEMBL3735434,COc1ccc(OC)c(CCCN(CCc2ccc(OC)c(OC)c2)CCc2ccc3c(c2)OCO3)c1,7.44
5HT2B,CHEMBL3818124,O=C1NCN(c2ccccc2)C12CCN(CCCCc1nc3cc(Cl)ccc3s1)CC2,7.44
5HT2B,CHEMBL4213447,c1cc(CC2CCC2)c2c(n1)N1CCNC[C@H]1CC2,7.44
5HT2B,CHEMBL5938378,Cc1ccc2c(c1)C(Oc1ccc(Cl)cc1OC1CNC1)CC2,7.44
5HT2B,CHEMBL471202,Cc1ccc([C@H]2C[C@@H]2CN)cc1.Cl,7.43
5HT2B,CHEMBL452719,Cl.NC[C@H]1C[C@@H]1c1ccccc1,7.43
5HT2B,CHEMBL2397887,C[C@@H]1CNC[C@H]2Cc3ccccc3C(=O)N21,7.43
5HT2B,CHEMBL5870092,CSc1nc(Cl)c2c(n1)N1CCNC[C@H]1CC2,7.43
5HT2B,CHEMBL147434,COc1ccc2[nH]cc(C3CC3N)c2c1,7.42
5HT2B,CHEMBL3770981,CCOC(=O)c1cccc(NC2=NC(N(C)C)=NC3(CCCCC3)N2)c1,7.42
5HT2B,CHEMBL5767392,CCCC(C)c1ccnc2c1CC[C@@H]1CNCCN21,7.42
5HT2B,CHEMBL446942,COc1cc2c(cc1C(F)(F)F)N(C(=O)Nc1ccc(C(C)(C)C)c(-c3cccnc3)c1)CC2,7.4
5HT2B,CHEMBL55079,Cc1ncccc1Oc1ccc(NC(=O)N2CCc3c2cc(Cl)c(C)c3Cl)cn1,7.4
5HT2B,CHEMBL56508,Cc1cc2c(cc1C(F)(F)F)N(C(=O)Nc1cnc(Oc3cccnc3C)c(Cl)c1)CC2,7.4
5HT2B,CHEMBL54560,CSc1cc2c(cc1C(F)(F)F)N(C(=O)Nc1ccc(Oc3cccnc3C)nc1)CC2,7.4
5HT2B,CHEMBL426235,CCC1CNCCc2cc(OC)c(Br)cc21,7.4
5HT2B,CHEMBL71,CN(C)CCCN1c2ccccc2Sc2ccc(Cl)cc21,7.4
5HT2B,CHEMBL232046,COc1ccc(N2Cc3c(c4cc(Cl)ccc4n3C)C2=O)cc1OCCN1CCC(C)CC1,7.4
5HT2B,CHEMBL400600,COc1cc2c(cc1Cl)[C@H](C)CNCC2,7.4
5HT2B,CHEMBL253591,C[C@H]1CNCCc2cc(Cl)c(Cl)cc21,7.4
5HT2B,CHEMBL402164,Fc1ccc(Cc2nc3c(c(-c4ccc(F)cc4)n2)CCNCC3)cc1,7.4
5HT2B,CHEMBL1277034,O=C(O)CC1CN(C2CCC3(Cc4ccccc4Cc4ccccc43)C2)C1,7.4
5HT2B,CHEMBL577294,CC(O)COC[C@H]1O[C@@H]2O[C@H]3[C@H](O)[C@@H](O)[C@@H](O[C@H]4[C@H](O)[C@@H](O)[C@@H](O[C@H]5[C@H](O)[C@@H](O)[C@@H](O[C@H]6[C@H](O)[C@@H](O)[C@@H](O[C@H]7[C@H](O)[C@@H](O)[C@@H](O[C@H]8[C@H](O)[C@@H](O)[C@@H](O[C@H]1[C@H](O)[C@H]2O)O[C@@H]8COCC(C)O)O[C@@H]7COCC(C)O)O[C@@H]6COCC(C)O)O[C@@H]5COCC(C)O)O[C@@H]4COCC(C)O)O[C@@H]3COCC(C)O,7.4
5HT2B,CHEMBL1729,COc1cc(N)c(Cl)cc1C(=O)NC1CCN(CCCOc2ccc(F)cc2)CC1OC,7.4
5HT2B,CHEMBL2397911,CCc1cc(C)c2c(c1)C[C@@H]1CNCCN1C2=O,7.4
5HT2B,CHEMBL3402655,CN(C)[C@H]1Cc2ccccc2[C@H](C2CCCCCCC2)C1.Cl,7.4
5HT2B,CHEMBL3402674,CN(C)[C@H]1Cc2ccccc2[C@H](c2cccc(Br)c2)C1.Cl,7.4
5HT2B,CHEMBL471839,CC(N)Cc1ccc2ccccc2c1,7.4
5HT2B,CHEMBL3982618,c1cc(C2CCC2)c2c(c1)N1CCNCC1CC2,7.4
5HT2B,CHEMBL3919795,c1ccc(Cc2cccc3c2CCC2CNCCN32)cc1,7.4
5HT2B,CHEMBL5185086,COc1cc2c(cc1OC)-c1c(OC)c(OCC3CC3)cc3c1[C@H](C2)N(C)CC3,7.4
5HT2B,CHEMBL1200776,C[C@@H](NCCCc1cccc(C(F)(F)F)c1)c1cccc2ccccc12.Cl,7.4
5HT2B,CHEMBL5865800,FC(F)(F)CCc1c(Cl)cnc2c1CC[C@@H]1CNCCN21,7.4
5HT2B,CHEMBL590531,Cc1ccc2c(c1)N1CCNCCC1NC2=O,7.39
5HT2B,CHEMBL236587,CCOc1cc(CN2CCC(Nc3nc4ccccc4o3)CC2)ccc1OC,7.39
5HT2B,CHEMBL2181189,CCCN1CCC(COc2nc3c(F)cccc3c3ccccc23)CC1,7.39
5HT2B,CHEMBL3343663,CCC1(O)c2ccccc2-c2ccc(C(=O)N=C(N)N)cc21.Cl,7.39
5HT2B,CHEMBL3898995,O=C1OC(CN2CCN(C(c3ccccc3)c3ccccc3)CC2)CN1C1CCCC1,7.39
5HT2B,CHEMBL3950697,Nc1ncc(-c2ncccc2F)nc1C(=O)Nc1ncccc1N1CCC(N)CC1,7.39
5HT2B,CHEMBL5758073,Clc1ccc(OC2CCc3ccc(Cl)cc32)c(OC2CNC2)c1,7.39
5HT2B,CHEMBL215883,CCN1CCC2(CC1)Oc1ccccc1C1CC(c3ccncc3)=NN12,7.38
5HT2B,CHEMBL4083252,COc1ccccc1N1CCN(CCCSc2nnc(-c3ccccc3)n2C)CC1,7.38
5HT2B,CHEMBL5079070,CC(C)N(C)CCc1cn(C)c2cccc(O)c12,7.38
5HT2B,CHEMBL3581256,COc1cc2c(cc1OCc1ccc(Br)cc1)C[C@H]1c3c(cc(OC)c(OC)c3-2)CCN1C,7.38
5HT2B,CHEMBL643,CC(CN1c2ccccc2Sc2ccccc21)N(C)C,7.37
5HT2B,CHEMBL15245,COC(=O)[C@@H]1[C@H]2C[C@H]3c4[nH]c5ccccc5c4CCN3C[C@@H]2CC[C@@H]1O,7.37
5HT2B,CHEMBL2392349,COc1ccccc1N1CCN(CCCCCN2Cc3ccc4ccccc4c3C2=O)CC1,7.37
5HT2B,CHEMBL4745055,CC(C)n1nc2c(c1-c1ccc(Cl)cc1Cl)CCNCC2,7.37
5HT2B,CHEMBL4784424,CC(C)(C)n1nc2c(c1-c1ccccc1)CCNCC2,7.37
5HT2B,CHEMBL2107572,COc1cccc([C@@H](C)NCCCc2ccccc2Cl)c1.Cl,7.37
5HT2B,CHEMBL3946659,Nc1ncc(-c2ncccc2OC(F)(F)F)nc1C(=O)Nc1ncccc1N1CCC(N)C(F)C1,7.37
5HT2B,CHEMBL137781,C[C@@H]1C[C@H](C)N1C(=O)[C@@H]1C=C2c3cccc4[nH]cc(c34)CC2N(C)C1,7.36
5HT2B,CHEMBL202538,C[C@@H](Cn1ccc2ccc3ncccc3c21)NCc1ccccc1Cl,7.36
5HT2B,CHEMBL12420,CN(C)CCc1c[nH]c2ccccc12,7.35
5HT2B,CHEMBL201062,C[C@H](N)Cn1ccc2ccc3cccnc3c21,7.35
5HT2B,CHEMBL629,CN(C)CCC=C1c2ccccc2CCc2ccccc21,7.35
5HT2B,CHEMBL3814485,COc1ccc(CCN(CCCc2ccc(Br)cc2)CCc2ccc3c(c2)OCO3)cc1OC,7.35
5HT2B,CHEMBL3956531,CCCOC(=O)[C@@]12C[C@@H]1[C@@H](n1cnc3c(NC(C4CC4)C4CC4)nc(Cl)nc31)[C@H](O)[C@@H]2O,7.35
5HT2B,CHEMBL3581248,COc1cc2c(cc1OC(C)C)C[C@H]1c3c(cc(OC)c(OC)c3-2)CCN1C,7.35
5HT2B,CHEMBL214594,COc1cccc2c1OC1(CCN(C)CC1)N1N=C(c3ccc(F)cc3)CC21,7.34
5HT2B,CHEMBL4634942,CC1CN2CCNCc3ccc(Cl)c1c32,7.34
5HT2B,CHEMBL4779260,Cl.NC[C@H]1C[C@@H]1c1c(OCCF)ccc2occc12,7.34
5HT2B,CHEMBL81728,O=C(NCCN1CCN(c2cccc3c2OCCO3)CC1)c1ccc(F)cc1,7.34
5HT2B,CHEMBL6168280,CC(C)N(CCc1c(Br)[nH]c2ccccc12)C(C)C,7.34
5HT2B,CHEMBL2397892,O=C1c2c(cccc2C(F)(F)F)C[C@@H]2CNCCN12,7.33
5HT2B,CHEMBL3289656,c1cnc(N2CCN(CCCc3nc4ccccc4s3)CC2)nc1,7.33
5HT2B,CHEMBL4212435,C[C@@H]1SC(c2ccccc2O)=N[C@H]1Cc1c[nH]cn1,7.33
5HT2B,CHEMBL5183799,CCCCCOc1cc2c3c(c1OC)-c1cc(OC)c(OC)cc1C[C@@H]3N(C)CC2,7.33
5HT2B,CHEMBL142635,COc1ccccc1N1CCN(CC(O)COc2cccc3ccccc23)CC1,7.33
5HT2B,CHEMBL203230,C[C@@H]1CNC[C@H]2Cc3ccc(Cl)nc3N21,7.32
5HT2B,CHEMBL210484,C[C@@H]1C[C@H]2CNC[C@H]2N1c1nccc(C(F)(F)F)n1,7.32
5HT2B,CHEMBL474839,O=C(c1ccc(N2CCCCC2)cc1)N1CCC(c2nc3ccccc3[nH]2)CC1,7.32
5HT2B,CHEMBL2337500,Cl.O=C1N[C@H]2CNC[C@@H]2c2ccc(Cl)c(Cl)c21,7.32
5HT2B,CHEMBL4081247,CCn1nc(-c2cccc3cccnc23)cc1-c1ccc(N)nn1,7.32
5HT2B,CHEMBL5204813,COc1cc2c(cc1OC)-c1c(OC)c(OCc3ccccc3)cc3c1[C@H](C2)N(C)CC3,7.32
5HT2B,CHEMBL3581247,COc1cc2c(cc1OCCF)C[C@H]1c3c(cc(OC)c(OC)c3-2)CCN1C,7.32
5HT2B,CHEMBL5906527,CCc1c(COC(C)C)cnc2c1CC[C@@H]1CNCCN21,7.32
5HT2B,CHEMBL6040542,CCc1c(C2CCC2)cnc2c1CC[C@@H]1CNCCN21,7.32
5HT2B,CHEMBL80246,C[C@H](N)CN1CCc2cc(F)c(C(F)(F)F)cc21,7.31
5HT2B,CHEMBL3770185,CCOC(=O)c1cccc(NC2=NC(NC)=NC3(CCCCC3)N2)c1,7.31
5HT2B,CHEMBL4212834,Fc1ccc(Cc2ccnc3c2CC[C@@H]2CNCCN32)cc1,7.31
5HT2B,CHEMBL57135,CCN(CC)c1ccc(NC(=O)Nc2ccnc3ccccc23)cc1,7.3
5HT2B,CHEMBL14374,COc1cc2c(cc1C(F)(F)F)N(C(=O)Nc1ccc(Oc3cccnc3C)nc1)CC2,7.3
5HT2B,CHEMBL294030,Cc1cc2c(cc1Cl)N(C(=O)Nc1ccc(Oc3cccnc3Cl)nc1)CC2,7.3
5HT2B,CHEMBL55792,CCc1ncccc1Oc1ccc(NC(=O)N2CCc3cc(C)c(Cl)cc32)cn1,7.3
5HT2B,CHEMBL90346,COc1ccc(Cl)cc1C(=O)CCCCN1CCC2(CC1)NC(=O)NC2=O,7.3
5HT2B,CHEMBL178366,CC1CNCCc2cc(Cl)c(Cl)cc21,7.3
5HT2B,CHEMBL212228,CN1CCC2(CC1)Oc1ccccc1C1CC(c3ccccc3)=NN12,7.3
5HT2B,CHEMBL6966,COc1ccc(CCN(C)CCCC(C#N)(c2ccc(OC)c(OC)c2)C(C)C)cc1OC,7.3
5HT2B,CHEMBL2058703,C/N=C1\NC(=O)/C(=C/c2c[nH]c3cccc(Br)c23)N1,7.3
5HT2B,CHEMBL3402676,CN(C)[C@H]1Cc2ccccc2[C@H](c2cccc(Cl)c2)C1.Cl,7.3
5HT2B,CHEMBL3937394,Cc1cccc2c1N1CCNCC1CC2,7.3
5HT2B,CHEMBL4750216,Clc1ccnc2c1CC[C@@H]1CNCCN21,7.3
5HT2B,CHEMBL5077293,COc1ccccc1-c1cc(C2CCNC2)ccc1Cl,7.3
5HT2B,CHEMBL5858996,CN1CC[C@@H](Oc2ccc(Cl)cc2OCc2ccccc2)C1,7.3
5HT2B,CHEMBL1255834,CC(N)Cc1c[nH]c2ccc(OCc3cccs3)cc12,7.29
5HT2B,CHEMBL2442272,N=C1NC(=O)/C(=C\c2c[nH]c3ccc(Br)cc23)N1,7.29
5HT2B,CHEMBL3813789,COc1ccc(CCN(CCCc2ccc(I)cc2)CCc2ccc3c(c2)OCO3)cc1OC,7.29
5HT2B,CHEMBL3818805,O=c1[nH]c2cc(Cl)ccc2n1C1CCN(CCCCc2c[nH]c3ccccc23)CC1,7.29
5HT2B,CHEMBL4552895,OC[C@@]12C[C@@H]1[C@@H](n1cc(-c3ccccc3)c3c(Nc4ccccc4)ncnc31)[C@H](O)[C@@H]2O,7.29
5HT2B,CHEMBL188605,Clc1ccc2c(c1)N1CCNCC1C2,7.28
5HT2B,CHEMBL209324,COc1ccccc1N1CCN(CCCCNS(=O)(=O)c2ccc(C)cc2)CC1,7.28
5HT2B,CHEMBL450599,Cc1ccccc1[C@H]1C[C@@H]1CN.Cl,7.28
5HT2B,CHEMBL471663,CCCCN1CCC(COc2nc3ccsc3n3cccc23)CC1,7.28
5HT2B,CHEMBL3092763,Cl.NC(N)=NC(=O)/C=C/c1ccc2c(c1)C(O)c1ccccc1-2,7.28
5HT2B,CHEMBL3754166,C=CCN(CC=C)CCc1c[nH]c2ccc(Br)cc12,7.28
5HT2B,CHEMBL3581246,CCCCCCOc1cc2c(cc1OC)-c1c(OC)c(OC)cc3c1[C@H](C2)N(C)CC3,7.28
5HT2B,CHEMBL3581253,COc1cc2c(cc1OC1CCCCC1)C[C@H]1c3c(cc(OC)c(OC)c3-2)CCN1C,7.28
5HT2B,CHEMBL5404610,Cn1nc(C2=CCCNC2)c2ccccc21,7.28
5HT2B,CHEMBL1256998,CCCCN1CCC(COC(=O)c2cc(Cl)c(N)c3c2OCCO3)CC1.Cl,7.28
5HT2B,CHEMBL21343,CCN(CC)C(=O)[C@@H]1C=C2c3cccc4[nH]cc(c34)C[C@H]2NC1,7.27
5HT2B,CHEMBL3814708,COc1ccc(CCN(CCCc2ccc(Cl)cc2)CCc2ccc3c(c2)OCO3)cc1OC,7.27
5HT2B,CHEMBL4286420,NC1=NC2(CCCCC2)NC(Nc2cccc(F)c2)=N1,7.27
5HT2B,CHEMBL4790652,CCOc1ccc2c(c1[C@H]1C[C@@H]1CN)CCO2.Cl,7.27
5HT2B,CHEMBL3581254,C=CCOc1cc2c(cc1OC)-c1c(OC)c(OC)cc3c1[C@H](C2)N(C)CC3,7.26
5HT2B,CHEMBL1628227,CN(C)CCC=C1c2ccccc2COc2ccccc21,7.25
5HT2B,CHEMBL1336,CNC(=O)c1cc(Oc2ccc(NC(=O)Nc3ccc(Cl)c(C(F)(F)F)c3)cc2)ccn1,7.25
5HT2B,CHEMBL2397878,COc1ccc2c(c1)C(=O)N1CCNC[C@H]1C2,7.25
5HT2B,CHEMBL3104092,CN1CCc2c(c3cccc4c3n2Cc2ccccc2C4)C1,7.25
5HT2B,CHEMBL4086286,COc1ccc(F)cc1C1CC1CNCc1ccccc1OCCF.Cl,7.25
5HT2B,CHEMBL3581245,CCCCOc1cc2c(cc1OC)-c1c(OC)c(OC)cc3c1[C@H](C2)N(C)CC3,7.25
5HT2B,CHEMBL5871417,COc1ccc2c(c1)CC(Oc1ccc(Cl)cc1OC1CNC1)C2,7.25
5HT2B,CHEMBL220900,O=C1c2c(ccc(Cl)c2Cl)[C@@H]2CNCCN12,7.24
5HT2B,CHEMBL1215036,FCCOc1ccccc1CN1CCN(Cc2cc3ccccc3o2)CC1,7.24
5HT2B,CHEMBL631,CCCNCC(O)COc1ccccc1C(=O)CCc1ccccc1,7.24
5HT2B,CHEMBL3580670,CCCCCOc1cc2c(cc1OC)-c1c(OC)c(OC)cc3c1[C@H](C2)N(C)CC3,7.24
5HT2B,CHEMBL358810,NC1CC1c1c[nH]c2ccccc12,7.23
5HT2B,CHEMBL358522,N[C@@H]1C[C@H]1c1c[nH]c2ccccc12,7.23
5HT2B,CHEMBL190584,Cc1cccc2c1N1[C@@H](CNC[C@H]1C)C2,7.23
5HT2B,CHEMBL209254,Clc1cccc(N2CC[C@H]3CNC[C@H]32)c1,7.23
5HT2B,CHEMBL493128,Cl.NC[C@H]1C[C@@H]1c1cccc(Cl)c1,7.23
5HT2B,CHEMBL3734894,COc1cccc(CCCN(CCc2ccc(OC)c(OC)c2)Cc2ccc3c(c2)OCO3)c1,7.23
5HT2B,CHEMBL3735862,COc1ccc(CCN(CCc2ccc3c(c2)OCO3)Cc2ccccc2)cc1OC,7.23
5HT2B,CHEMBL5185474,Cl.Oc1cc(Br)ccc1C1NCCc2c1[nH]c1ccc(F)cc21,7.23
5HT2B,CHEMBL5888665,c1cc(CC2CCCCC2)c2c(n1)N1CCNC[C@H]1CC2,7.23
5HT2B,CHEMBL1770383,Clc1ccc(Cc2ncc3c(n2)CCNCC3)cc1,7.22
5HT2B,CHEMBL3402671,CN(C)[C@@H]1Cc2ccccc2[C@@H](c2cccc(C(F)(F)F)c2)C1.Cl,7.22
5HT2B,CHEMBL3753318,C=CCN(CC=C)CCc1c[nH]c2ccc(C)cc12,7.22
5HT2B,CHEMBL4748110,CCc1cc2c([C@H]3C[C@@H]3CN)c(OC)ccc2o1.Cl,7.22
5HT2B,CHEMBL201897,C[C@H](N)Cn1ccc2ccc3ccncc3c21,7.21
5HT2B,CHEMBL210802,FC(F)(F)c1ccnc(N2CC[C@H]3CNC[C@H]32)n1,7.21
5HT2B,CHEMBL590089,Cc1ccc2c(c1)C(=O)NC1CNCCN21,7.21
5HT2B,CHEMBL420,N=C(N)N/N=C/c1c(Cl)cccc1Cl,7.21
5HT2B,CHEMBL3752576,C=CCN(CC=C)CCc1c[nH]c2ccccc12,7.21
5HT2B,CHEMBL4209572,c1cnc2c(c1)CC[C@@H]1CNCCN21,7.21
5HT2B,CHEMBL4217787,CC(C)(C)Cc1ccnc2c1CC[C@@H]1CNCCN21,7.21
5HT2B,CHEMBL4848305,Clc1cccc(-c2n[nH]cc2N2CCNCC2)c1,7.21
5HT2B,CHEMBL14401,COc1cc2c(cc1C(F)(F)F)N(C(=O)Nc1cncc(-c3ccc(F)cc3)c1)CC2,7.2
5HT2B,CHEMBL59584,Cc1cc2c(cc1Br)N(C(=O)Nc1ccc(Oc3cccnc3C)nc1)CC2,7.2
5HT2B,CHEMBL55292,Cc1ncccc1Oc1ccc(NC(=O)N2CCc3c2cc(C(F)(F)F)c2c3CCO2)cn1,7.2
5HT2B,CHEMBL53113,Cc1cc2c(cc1Cl)N(C(=O)Nc1cnc(Oc3cccnc3C)nc1)CC2,7.2
5HT2B,CHEMBL181787,COc1cc2c(cc1Cl)C(C)CNCC2,7.2
5HT2B,CHEMBL232254,COc1ccc(N2Cc3c(c4cc(F)ccc4n3C)C2=O)cc1OCCN1CCC(C)CC1,7.2
5HT2B,CHEMBL395298,COc1ccc(N2Cc3cc(Cl)c(C)c(Cl)c3C2=O)cc1OCCN1CCC(C)CC1,7.2
5HT2B,CHEMBL1222694,Cc1cn2c(n1)C(N1CCN(CC(C)(C)C(=O)O)CC1)=Cc1ccccc1C2,7.2
5HT2B,CHEMBL2392351,COc1ccccc1N1CCN(CCCCCN2Cc3c(Cl)nc4ccccc4c3C2=O)CC1,7.2
5HT2B,CHEMBL2397908,CCOc1cccc2c1C[C@@H]1CNCCN1C2=O,7.2
5HT2B,CHEMBL3895184,COc1cc2c(cc1Cl)CC[C@@H]1CNCCCN21,7.2
5HT2B,CHEMBL3946277,c1ccc2c(c1)CC[C@@H]1CNCCN21,7.2
5HT2B,CHEMBL3912721,c1cc(CC2CCC2)c2c(c1)N1CCNCC1CC2,7.2
5HT2B,CHEMBL5416800,Clc1cccc2c1C=CC1(CCNCC1)O2,7.2
5HT2B,CHEMBL148091,COc1cccc2[nH]cc(C3CC3N)c12,7.19
5HT2B,CHEMBL179378,COc1cc2c(cc1I)C(C)CNCC2,7.19
5HT2B,CHEMBL209714,FC(F)(F)c1cccc(N2CC[C@H]3CNC[C@H]32)c1,7.19
5HT2B,CHEMBL406585,N#Cc1ccc2c(c1Cl)CCNCC2,7.19
5HT2B,CHEMBL445747,Cc1cccc([C@H]2C[C@@H]2CN)c1.Cl,7.19
5HT2B,CHEMBL477008,Cc1c(Cn2ncc(N3CCNCC3)cc2=O)cccc1NC(=O)c1ccc(-c2ccccc2)cc1,7.19
5HT2B,CHEMBL473387,c1ccc(-c2ccc(CN3CCC(c4nc5ccccc5[nH]4)CC3)cc2)cc1,7.19
5HT2B,CHEMBL728,CN1CCN(CCCN2c3ccccc3Sc3ccc(Cl)cc32)CC1,7.19
5HT2B,CHEMBL3941795,Cl.Clc1ccc2sc(CCCCN3CCC4CCCCC4C3)nc2c1,7.19
5HT2B,CHEMBL4160064,COc1cccc(-c2ccc3c(c2)CCN(Cc2ccccc2)C3)c1,7.19
5HT2B,CHEMBL1615374,Cl.N#Cc1ccc2[nH]cc(CCCCN3CCN(c4ccc5oc(C(N)=O)cc5c4)CC3)c2c1,7.19
5HT2B,CHEMBL5909315,Cc1ccc(Oc2cc(Cl)ccc2O[C@@H]2CCNC2)cc1,7.19
5HT2B,CHEMBL5981023,CCc1c(CC2CCCCO2)cnc2c1CC[C@@H]1CNCCN21,7.19
5HT2B,CHEMBL1258223,CCCCN1CCC(COC(=O)c2cc(Cl)c(NC)c3c2OCCO3)CC1,7.18
5HT2B,CHEMBL3402668,CN(C)[C@H]1Cc2ccccc2[C@H](c2ccc(F)cc2)C1.Cl,7.18
5HT2B,CHEMBL494947,Clc1cccc(COc2cncc(N3CCNCC3)n2)c1,7.18
5HT2B,CHEMBL113830,C[C@H]([C@@H](O)c1ccc(O)cc1)N1CCC(Cc2ccccc2)CC1,7.18
5HT2B,CHEMBL5566251,COc1cc(SSC(F)(F)F)c(OC)cc1CCN.Cl,7.18
5HT2B,CHEMBL364534,Cc1ccc2c(c1C)N1[C@H](CNC[C@H]1C)C2,7.17
5HT2B,CHEMBL206333,C[C@@H]1CNC[C@H]2Cc3ccc(C(F)(F)F)nc3N21,7.17
5HT2B,CHEMBL590816,O=C1NC2CCNCCN2c2ccccc21,7.17
5HT2B,CHEMBL621,O=c1n(CCCN2CCN(c3cccc(Cl)c3)CC2)nc2ccccn12,7.17
5HT2B,CHEMBL3286556,CNc1nc(Cc2ccccc2)nc2c1CCNC[C@@H]2C,7.17
5HT2B,CHEMBL3769968,C=CCOc1cc(F)c(F)cc1C1CC1CN.Cl,7.17
5HT2B,CHEMBL5071978,CCN(CC)Cc1ccc(Cl)c(-c2ccccc2OC)c1,7.17
5HT2B,CHEMBL5780212,CC1CC2CNCCN2c2ncccc21,7.17
5HT2B,CHEMBL6167919,CC(=O)Oc1cccc2[nH]c(Br)c(CCN(C)C)c12,7.17
5HT2B,CHEMBL408155,CC(C)(C)c1nc2c(c(-c3ccc(F)cc3)n1)CNCC2,7.16
5HT2B,CHEMBL273173,CCN(CC)c1nc2c(c(-c3ccc(C)cc3)n1)CNCC2,7.16
5HT2B,CHEMBL510308,Cl.NC[C@H]1C[C@@H]1c1ccccc1F,7.16
5HT2B,CHEMBL493152,O=S(=O)(Nc1ccccc1)c1ccc2c(c1)CCNCC2,7.16
5HT2B,CHEMBL81330,Fc1ccc(N2CCN(CCC3OCCc4ccccc43)CC2)cc1,7.16
5HT2B,CHEMBL81,O=C(c1ccc(OCCN2CCCCC2)cc1)c1c(-c2ccc(O)cc2)sc2cc(O)ccc12,7.16
5HT2B,CHEMBL3402669,CN(C)[C@@H]1Cc2ccccc2[C@@H](c2cccc([N+](=O)[O-])c2)C1.Cl,7.16
5HT2B,CHEMBL3402677,CN(C)[C@@H]1Cc2ccccc2[C@@H](c2cccc(F)c2)C1.Cl,7.16
5HT2B,CHEMBL5091373,CNCCc1ccc(Cl)c(-c2ccccc2OC)c1.Cl,7.16
5HT2B,CHEMBL6045107,CC(Oc1ccc(Br)cc1OC1CNC1)c1cccc(Cl)c1,7.16
5HT2B,CHEMBL6046451,COc1cccc(CCOc2ccc(Cl)cc2OC2CNC2)c1,7.16
5HT2B,CHEMBL1237021,O=C1[C@@H]2[C@H]3CC[C@H](C3)[C@@H]2C(=O)N1C[C@@H]1CCCC[C@H]1CN1CCN(c2nsc3ccccc23)CC1,7.15
5HT2B,CHEMBL80862,CCSc1ccc2c(c1)N(C[C@H](C)N)CC2,7.14
5HT2B,CHEMBL590482,O=C1NC2CNCCN2c2ccc(Cl)cc21,7.14
5HT2B,CHEMBL1214962,CCOc1ccccc1CN1CCN(Cc2cc3ccccc3o2)CC1,7.14
5HT2B,CHEMBL1643859,O=C1Cc2cc(OC3CN(c4c5c(nc6ccnn46)CCNCC5)C3)ccc2N1,7.14
5HT2B,CHEMBL3402682,CN(C)[C@@H]1Cc2ccccc2[C@@H](c2cccc(-c3ccccc3)c2)C1.Cl,7.14
5HT2B,CHEMBL3976579,CC[C@H](Nc1nc(Cl)nc2c1ncn2[C@H]1[C@H](O)[C@H](O)[C@]2(CO)C[C@H]12)C1CC1,7.14
5HT2B,CHEMBL194378,CN(C)CCc1c[nH]c2cccc(OP(=O)(O)O)c12,7.13
5HT2B,CHEMBL222514,O=C1c2c(cccc2C(F)(F)F)[C@@H]2CNCCN12,7.13
5HT2B,CHEMBL236610,CCOc1cc(CN2CCC(Nc3nc4ccccc4o3)CC2)ccc1Cl,7.13
5HT2B,CHEMBL2413154,COc1ccccc1N1CCN(CCCCn2ncc(=O)n(C)c2=O)CC1,7.13
5HT2B,CHEMBL3260334,Clc1cccc(COc2ccc(Br)cc2OC2CNC2)c1,7.13
5HT2B,CHEMBL4292168,NC1=NC2(CCCCC2)NC(Nc2cc(F)cc(Br)c2)=N1,7.13
5HT2B,CHEMBL4520788,CNCc1ccccc1-c1csc([C@H](C)Nc2nc(C)nc3cc(OC)c(OC)cc23)c1,7.13
5HT2B,CHEMBL493129,COc1cccc([C@H]2C[C@@H]2CN)c1.Cl,7.12
5HT2B,CHEMBL522349,O=S(=O)(Nc1ccccc1F)c1ccc2c(c1)CCNCC2,7.12
5HT2B,CHEMBL30713,CC(N)Cc1c[nH]c2ccccc12,7.12
5HT2B,CHEMBL4795756,CCn1nc2c(c1-c1ccccc1)CCNCC2,7.12
5HT2B,CHEMBL4761526,COc1ccc2c(c1[C@H]1C[C@@H]1CN)CCO2.O=C(O)C(F)(F)F,7.12
5HT2B,CHEMBL5752472,Fc1ccc(Oc2cc(Cl)ccc2O[C@@H]2CCNC2)cc1,7.12
5HT2B,CHEMBL206845,Cc1ccc2c(n1)N1[C@@H](CNC[C@H]1C)C2,7.11
5HT2B,CHEMBL490064,Cl.NC[C@H]1C[C@@H]1c1cccc(C(F)(F)F)c1,7.11
5HT2B,CHEMBL598850,NC1CCN(c2ccc3[nH]nc(S(=O)(=O)c4cccc5c(Cl)cccc45)c3c2)CC1,7.11
5HT2B,CHEMBL2397907,COc1cccc2c1C[C@@H]1CNCCN1C2=O,7.11
5HT2B,CHEMBL3931747,OC[C@@]12C[C@@H]1[C@@H](n1cnc3c(N[C@@H](C4CCC4)C4CC4)nc(Cl)nc31)[C@H](O)[C@@H]2O,7.11
5HT2B,CHEMBL432879,Cc1cc2c(cc1C(F)(F)F)N(C(=O)Nc1ccc(OCc3ccccn3)nn1)CC2,7.1
5HT2B,CHEMBL417753,CN(C)c1ccc(NC(=O)Nc2ccnc3ccccc23)cc1,7.1
5HT2B,CHEMBL53308,Cc1cc2c(cc1C(F)(F)F)N(C(=O)Nc1cnc(Oc3cccnc3C)cn1)CC2,7.1
5HT2B,CHEMBL88894,COc1cc(OC)c(C(=O)CCCCN2CCC3(CC2)NC(=O)NC3=O)cc1NS(=O)(=O)c1ccc(Cl)cc1,7.1
5HT2B,CHEMBL198171,COc1ccc(N2CCN(c3ccc(C)c(C(F)(F)F)c3)C2=O)cc1OCCN1CCCCC1,7.1
5HT2B,CHEMBL472416,Cn1c(C2CCN(C(=O)c3ccc(-c4ccccc4)cc3)CC2)nc2ccccc21,7.1
5HT2B,CHEMBL1276948,O=C(O)C1CN(C2CC[C@]3(Cc4ccccc4Cc4ccccc43)C2)C1,7.1
5HT2B,CHEMBL1631545,Cc1ccc2c(N3CCN(CCc4cccc(-n5cccn5)c4)CC3)cccc2n1,7.1
5HT2B,CHEMBL1910140,COc1ccccc1N1CCN(CCN(C(=O)C23CCC(CF)(CC2)CC3)c2ccccn2)CC1,7.1
5HT2B,CHEMBL2337499,CCc1ccc(Cl)c2c1[C@H]1CNC[C@@H]1NC2=O.Cl,7.1
5HT2B,CHEMBL3402666,CN(C)[C@H]1Cc2ccccc2[C@H](c2ccc(Cl)cc2)C1.Cl,7.1
5HT2B,CHEMBL3979806,CCSc1cccc2c1CCC1CNCCN21,7.1
5HT2B,CHEMBL4282117,O=C(NCCc1c[nH]c2ccccc12)C1CCN(C(=O)c2ccccc2)CC1,7.1
5HT2B,CHEMBL4456195,Cc1cc(C)c2c(c1)OC[C@@]1(C)NCC[C@@H]21,7.1
5HT2B,CHEMBL4796102,N#Cc1cccc(CCCc2cc(=O)c3c(O)cccc3o2)c1,7.1
5HT2B,CHEMBL5082177,CCCN(CCC)Cc1ccc(Cl)c(-c2ccccc2OC)c1,7.1
5HT2B,CHEMBL3581244,CCOc1cc2c(cc1OC)-c1c(OC)c(OC)cc3c1[C@H](C2)N(C)CC3,7.1
5HT2B,CHEMBL203393,C[C@@H]1CNC[C@H]2Cc3ccc(Br)nc3N21,7.09
5HT2B,CHEMBL577691,O=c1cc2c(nn1Cc1cccc(Cl)c1)CCNCC2,7.09
5HT2B,CHEMBL479,CSc1ccc2c(c1)N(CCC1CCCCN1C)c1ccccc1S2,7.09
5HT2B,CHEMBL4743059,CC(C)[C@@H](Nc1nc(I)nc2c1ncn2[C@H]1[C@H](O)[C@H](O)[C@]2(CO)C[C@H]12)C1CC1,7.09
5HT2B,CHEMBL5175973,CCCCC(C)Oc1cc2c3c(c1OC)-c1cc(OC)c(OC)cc1C[C@@H]3N(C)CC2,7.09
5HT2B,CHEMBL51149,COc1ccc(CCN(C)CCCC(C#N)(c2cc(OC)c(OC)c(OC)c2)C(C)C)cc1OC,7.09
5HT2B,CHEMBL6162042,COc1ccc(S(=O)(=O)N[C@H]2CCN(C(=O)[C@@H](N)CC(=O)O)C2)cc1C(=O)Nc1ccccc1Cl.Cl,7.09
5HT2B,CHEMBL220207,CSc1cccc2c1C(=O)N1CCNCC21,7.08
5HT2B,CHEMBL406957,COc1ccc2c(c1Cl)CCNCC2,7.08
5HT2B,CHEMBL452458,Cl.NC[C@H]1C[C@@H]1c1ccc(Cl)cc1Cl,7.08
5HT2B,CHEMBL568692,O=c1cc2c(nn1Cc1ccc(C3CC3)cc1)CCNCC2,7.08
5HT2B,CHEMBL595645,C[C@@H]1CNCCN1c1ccc2c(n1)[C@@H](OCc1cc(F)ccc1F)CC2,7.08
5HT2B,CHEMBL3764133,Cl.O=C(CCCCN1CCN(c2ccccc2O)CC1)n1c2ccccc2c2ccccc21,7.08
5HT2B,CHEMBL4756903,CCOc1ccc2occc2c1[C@H]1C[C@@H]1CN.Cl,7.08
5HT2B,CHEMBL5085055,CCN(C)CCc1cn(C)c2cccc(O)c12,7.08
5HT2B,CHEMBL623,CCc1nn(CCCN2CCN(c3cccc(Cl)c3)CC2)c(=O)n1CCOc1ccccc1,7.08
5HT2B,CHEMBL5631554,O[C@H]1[C@H](n2cnc3c(NC(C4CC4)C4CC4)nc(Cl)nc32)[C@H]2C[C@@]2(CF)[C@H]1O,7.08
5HT2B,CHEMBL5977210,Clc1ccc(O[C@@H]2CCNC2)c(OCc2ccccc2)c1,7.08
5HT2B,CHEMBL716,OCCOCCN1CCN(C2=Nc3ccccc3Sc3ccccc32)CC1,7.07
5HT2B,CHEMBL500093,Cl.NCC1CC1c1ccccc1,7.07
5HT2B,CHEMBL3416033,CCOc1ccc(Cl)cc1[C@H]1C[C@@H]1CN.Cl,7.07
5HT2B,CHEMBL422,CN1CCN(CCCN2c3ccccc3Sc3ccc(C(F)(F)F)cc32)CC1,7.07
5HT2B,CHEMBL5934096,COc1cc(C(F)(F)F)c(OC)cc1C1CCCNC1,7.07
5HT2B,CHEMBL148463,CC(CN)c1c[nH]c2ccccc12,7.06
5HT2B,CHEMBL1277565,Cn1nc(S(=O)(=O)c2cccc3ccccc23)c2cc(N3CCNCC3)ccc21,7.06
5HT2B,CHEMBL1829959,COc1cccc2[nH]cc(-c3ccnc(N)n3)c12,7.06
5HT2B,CHEMBL1910141,COc1ccccc1N1CCN(CCN(C(=O)C23CCC(CF)(CC2)C3)c2ccccn2)CC1,7.06
5HT2B,CHEMBL2337106,CCc1cc2c(c(C(F)(F)F)c1)C(=O)N[C@H]1CNC[C@H]21.Cl,7.06
5HT2B,CHEMBL3092761,Cl.NC(N)=NC(=O)c1ccc2c(c1)-c1ccccc1C2O,7.06
5HT2B,CHEMBL3104091,CN1CCc2c(c3cccc4c3n2-c2ccccc2CC4)C1,7.06
5HT2B,CHEMBL4064935,COc1ccc(F)cc1C1CC1CNCc1cccc2cccnc12.Cl,7.06
5HT2B,CHEMBL5205429,Cl.Oc1c(Cl)cccc1C1NCCc2c1[nH]c1ccc(F)cc21,7.06
5HT2B,CHEMBL5194223,Cl.Oc1c(Br)cccc1C1NCCc2c1[nH]c1ccc(Cl)cc21,7.06
5HT2B,CHEMBL187888,C[C@@H]1CNC[C@H]2Cc3ccc(C#N)cc3N21,7.05
5HT2B,CHEMBL261489,c1cc2c3c(ccc2o1)CCNCC3,7.05
5HT2B,CHEMBL1333512,c1ccc(Nc2ccc(Nc3ccccc3)cc2)cc1,7.05
5HT2B,CHEMBL2393243,Cl.c1ccc(Cc2nc3c(c(Nc4ccccc4)n2)CCNCC3)cc1,7.05
5HT2B,CHEMBL4082227,CNC[C@H]1C[C@@H]1c1cc(F)ccc1OC.Cl,7.05
5HT2B,CHEMBL4168125,O=C(Nc1ccc(F)cc1)c1cccc(C(=O)NC2CCCCC2)c1,7.05
5HT2B,CHEMBL95104,O=S(=O)(c1ccc2cc[nH]c2c1)N1CCC[C@@H]1CCN1CCC(Oc2ccc(Cl)cc2)CC1,7.04
5HT2B,CHEMBL202324,C=CCN[C@@H](C)Cn1ccc2ccc3ncccc3c21,7.04
5HT2B,CHEMBL443570,CN1CCC2(CC1)Oc1ccc(Br)cc1C1CC(c3ccccc3)=NN12,7.04
5HT2B,CHEMBL5208882,COc1cc2c(cc1OC)-c1c(OC)c(OC3CCCCC3)cc3c1[C@H](C2)N(C)CC3,7.04
5HT2B,CHEMBL357702,N[C@H]1C[C@@H]1c1c[nH]c2ccccc12,7.03
5HT2B,CHEMBL272942,Cc1cc(Cl)ccc1OC(C)C(=O)O,7.03
5HT2B,CHEMBL584210,O=c1cc2c(nn1Cc1ccccc1Cl)CCNCC2,7.03
5HT2B,CHEMBL1078745,CCOc1cc(CN2CCC(Nc3nc4ccccc4o3)CC2)cc(OC2CCOCC2)c1,7.03
5HT2B,CHEMBL1643670,c1cc2nc3c(c(N4CCC4)n2n1)CCNCC3,7.03
5HT2B,CHEMBL1643676,Fc1ccccc1OC1CN(c2c3c(nc4ccnn24)CCNCC3)C1,7.03
5HT2B,CHEMBL2442276,CN1C(=N)N/C(=C/c2c[nH]c3ccc(Br)cc23)C1=O,7.03
5HT2B,CHEMBL2058704,C/N=C1\NC(=O)/C(=C/c2c[nH]c3ccc(Br)cc23)N1,7.03
5HT2B,CHEMBL127307,CN(C)[C@@H]1Cc2ccccc2[C@@H](c2ccccc2)C1,7.03
5HT2B,CHEMBL3763779,COc1ccccc1N1CCN(CCCCC(=O)n2c3ccccc3c3ccccc32)CC1.Cl,7.03
5HT2B,CHEMBL212780,CN1CCC2(CC1)Oc1ccccc1C1CC(c3ccncc3)=NN12,7.02
5HT2B,CHEMBL473214,O=C(c1ccc(-c2ccc(OC(F)(F)F)cc2)cc1)N1CCC(c2nc3ccccc3[nH]2)CC1,7.02
5HT2B,CHEMBL1214891,FC(F)CCOc1ccc(CN2CCN(Cc3cc4ccccc4o3)CC2)cc1,7.02
5HT2B,CHEMBL1277837,CC(C)n1nc(S(=O)(=O)c2cccc3ccccc23)c2cc(N3CCNCC3)ccc21,7.02
5HT2B,CHEMBL3608450,COc1cc2c3c(c1OC)-c1cc4c(cc1CC3N(C)CC2c1ccccc1)OCO4,7.02
5HT2B,CHEMBL4075150,COc1ccccc1CCNCC1CC1c1cc(F)ccc1OC.Cl,7.02
5HT2B,CHEMBL49623,C[C@@H]([C@H](O)c1ccc(O)cc1)N1CCC(Cc2ccccc2)CC1,7.02
5HT2B,CHEMBL5188171,CCC(C)Oc1cc2c3c(c1OC)-c1cc(OC)c(OC)cc1C[C@@H]3N(C)CC2,7.02
5HT2B,CHEMBL198617,CN(C)CCCc1c[nH]c2cccc(O)c12,7.01
5HT2B,CHEMBL380763,C[C@@H](Cn1ccc2ccc3ncccc3c21)NCc1ccccc1,7.01
5HT2B,CHEMBL458220,Cc1c(Cn2ncc(N3CCNCC3)c(Cl)c2=O)cccc1NC(=O)c1ccc(-c2ccccc2)cc1,7.01
5HT2B,CHEMBL598443,NC1CN(c2ccc3[nH]nc(S(=O)(=O)c4cccc5ccccc45)c3c2)C1,7.01
5HT2B,CHEMBL2181188,CCCN1CCC(COc2nc3c(Cl)cccc3c3ccccc23)CC1,7.01
5HT2B,CHEMBL4209274,Fc1ccc(-c2n[nH]c3c2CCNCC3)cc1,7.01
5HT2B,CHEMBL4572905,CCOC(=O)[C@@]12C[C@@H]1[C@@H](n1cnc3c(NC(C4CCC4)C4CCC4)nc(Cl)nc31)[C@H](O)[C@@H]2O,7.01
5HT2B,CHEMBL5192627,COc1ccc(C2NCCc3c2[nH]c2ccc(F)cc32)c(OC)c1.Cl,7.01
5HT2B,CHEMBL5825668,CN1CC[C@@H](Oc2ccc(Cl)cc2Oc2ccc(F)cc2)C1,7.01
5HT2B,CHEMBL5828254,OC(c1ccnc2c1CC[C@@H]1CNCCN21)C1CCC1,7.01
5HT2B,CHEMBL293937,Cc1cc2c(cc1Cl)N(C(=O)Nc1ccc(OCc3ccccn3)nc1)CC2,7.0
5HT2B,CHEMBL301409,Cc1cc2c(cc1Cl)N(C(=O)Nc1ccc(OCc3nccs3)nc1)CC2,7.0
5HT2B,CHEMBL14563,Cc1cc2c(cc1Cl)N(C(=O)Nc1ccc(Oc3cccnc3C)nc1)CC2,7.0
5HT2B,CHEMBL14460,Cc1cc2c(cc1C(F)(F)F)N(C(=O)Nc1ccc(Oc3cccnc3C)nc1)CC2,7.0
5HT2B,CHEMBL278685,COc1cc2c(cc1C(F)(F)F)N(C(=O)Nc1cncc(-c3c(F)cccc3F)c1)CC2,7.0
5HT2B,CHEMBL55472,CCCc1ncccc1Oc1ccc(NC(=O)N2CCc3cc(C)c(Cl)cc32)cn1,7.0
5HT2B,CHEMBL53152,Cc1ncccc1Oc1ccc(NC(=O)N2CCc3cc(Br)c(C(F)(F)F)cc32)cn1,7.0
5HT2B,CHEMBL432217,COc1cc(OC)c(-c2ccccc2)cc1C(=O)CCCCN1CCC2(CC1)NC(=O)NC2=O,7.0
5HT2B,CHEMBL180815,COc1cc2c(cc1Br)C(C)CNCC2,7.0
5HT2B,CHEMBL213329,CN1CCC2(CC1)Oc1ccc(Br)cc1C1CC(c3ccc(Cl)cc3)=NN12,7.0
5HT2B,CHEMBL376676,C[C@H]1CNC[C@H]2c3cccc(C(F)(F)F)c3C(=O)N12,7.0
5HT2B,CHEMBL234738,COc1ccc(N2Cc3cc(Cl)c(Cl)c(C)c3C2=O)cc1OCCN1CCC(C)CC1,7.0
5HT2B,CHEMBL234533,COc1ccc(N2Cc3ccc(Cl)c(Cl)c3C2=O)cc1OCCN1CCC(C)CC1,7.0
5HT2B,CHEMBL262862,Clc1ccc2c(c1Cl)CCNCC2,7.0
5HT2B,CHEMBL597002,NC1CCN(c2ccc3[nH]nc(S(=O)(=O)c4cccc5ccccc45)c3c2)CC1,7.0
5HT2B,CHEMBL1222695,CC(C)(CN1CCN(C2=Cc3ccccc3Cn3cc(Cl)nc32)CC1)C(=O)O,7.0
5HT2B,CHEMBL1278201,O=C(O)C1CCN(C2CC[C@]3(Cc4ccccc4Cc4ccccc43)C2)C1,7.0
5HT2B,CHEMBL1910139,COc1ccccc1N1CCN(CCN(C(=O)C23C4C5C2C2C3C4C52CF)c2ccccn2)CC1,7.0
5HT2B,CHEMBL481153,O=C(OCCN1CCCC1)N1c2ccccc2Sc2ccccc21,7.0
5HT2B,CHEMBL2058415,C/N=C1\NC(=O)/C(=C\c2c[nH]c3cccc(Br)c23)N1C,7.0
5HT2B,CHEMBL3764335,Cl.O=C(CCCCCN1CCN(c2ccccc2O)CC1)n1c2ccccc2c2ccccc21,7.0
5HT2B,CHEMBL3770225,COc1ccc(F)c(Cl)c1C1CC1CN.Cl,7.0
5HT2B,CHEMBL3961026,Clc1cccc2c1N1CCCNCCC1CC2,7.0
5HT2B,CHEMBL3938893,COc1cccc2c1N1CCCNC[C@H]1CC2,7.0
5HT2B,CHEMBL4205064,Oc1ccccc1C1=NC(Cc2c[nH]cn2)CS1,7.0
5HT2B,CHEMBL4209942,Oc1ccccc1C1=NC(Cc2c[nH]cn2)C(c2ccccc2)S1,7.0
5HT2B,CHEMBL4207884,Clc1ccc(-c2n[nH]c3c2CCNCC3)cc1,7.0
5HT2B,CHEMBL4757718,FC(F)(F)CCc1cccc2c1CC[C@@H]1CNCCN21,7.0
5HT2B,CHEMBL5285512,COc1ccc2[nH]c3c(-c4cn(C)c5ccccc45)nccc3c2c1,7.0
5HT2B,CHEMBL5403404,CCCN1CCN(c2ccc3c(c2)C(N(C)C(=O)OCc2ccccc2)CCC3)CC1,7.0
5HT2B,CHEMBL511044,O=S(=O)(NCC1CC1)c1ccc2c(c1)CCNCC2,6.99
5HT2B,CHEMBL4569512,COc1cc2c3c(c1)-c1c(cccc1OC(=O)c1ccc(F)cc1)C[C@H]3N(C)CC2.Cl,6.99
5HT2B,CHEMBL5183950,COc1ccc(C2NCCc3c2[nH]c2ccc(F)cc32)cc1OC.Cl,6.99
5HT2B,CHEMBL2164354,O=C(C1CCCCC1)N(CCN1CC=C(c2ccccc2)CC1)c1ccccn1,6.98
5HT2B,CHEMBL2397880,Cc1ccc2c(c1)C[C@@H]1CNCCN1C2=O,6.98
5HT2B,CHEMBL3104093,CN1CCc2c(c3cccc4c3n2CCc2ccccc2-4)C1,6.98
5HT2B,CHEMBL4647417,FC(F)(F)c1ccc2c3c1CCN3CCNC2,6.98
5HT2B,CHEMBL5194057,CCCCCCOc1cc2c3c(c1OC)-c1cc(OC)c(OC)cc1C[C@@H]3N(C)CC2,6.98
5HT2B,CHEMBL209106,Fc1cccc(N2CC[C@H]3CNC[C@H]32)c1,6.97
5HT2B,CHEMBL4210782,Cc1ccc(-c2n[nH]c3c2CCNCC3)cc1,6.97
5HT2B,CHEMBL4580763,CCCN1CCc2cc(OC)cc3c2[C@H]1Cc1cccc(OC(=O)c2ccc(F)cc2)c1-3.Cl,6.97
5HT2B,CHEMBL5185430,Cl.Oc1c(Cl)cccc1C1NCCc2c1[nH]c1ccc(Cl)cc21,6.97
5HT2B,CHEMBL566396,O=c1[nH]c2cccc(OCC3CCN(CC4CCc5[nH]c6ccc(F)cc6c5C4)CC3)c2o1,6.96
5HT2B,CHEMBL3286557,CNc1nc(C(F)(F)c2ccccc2)nc2c1CCNCC2,6.96
5HT2B,CHEMBL3402678,CN(C)[C@H]1Cc2ccccc2[C@H](c2cccc(F)c2)C1.Cl,6.96
5HT2B,CHEMBL3898250,Cl.O=C1c2ccc(Cl)cc2CC1CCN1CCc2ccccc2C1,6.96
5HT2B,CHEMBL4751981,COc1ccc2occc2c1[C@H]1C[C@@H]1CN.Cl,6.96
5HT2B,CHEMBL4063893,C=CCOc1ccc(F)cc1[C@H]1C[C@@H]1CNCc1ccccc1OC.Cl,6.95
5HT2B,CHEMBL371899,CN1CCN(CCc2c[nH]c3cccc(O)c23)CC1,6.94
5HT2B,CHEMBL384255,CCCN1CCC2(CC1)Oc1ccc(C)cc1C1CC(c3ccc(F)cc3)=NN12,6.94
5HT2B,CHEMBL475641,Cc1ccc([C@H]2C[C@@H]2CN)c(Br)c1.Cl,6.94
5HT2B,CHEMBL508680,Cc1ccc(Cl)c([C@H]2C[C@@H]2CN)c1F.Cl,6.94
5HT2B,CHEMBL1215037,CCCOc1ccccc1CN1CCN(Cc2cc3ccccc3o2)CC1,6.94
5HT2B,CHEMBL4515411,COc1ccc(F)cc1C1(F)CC1CN.Cl,6.94
5HT2B,CHEMBL1091206,CSc1nn2c3c(cnc2c1S(=O)(=O)c1ccccc1)CCC3,6.93
5HT2B,CHEMBL2397904,Cc1cccc2c1C[C@@H]1CNCCN1C2=O,6.93
5HT2B,CHEMBL472986,O=C(c1ccc(-c2ncccn2)cc1)N1CCC(c2nc3ccccc3[nH]2)CC1,6.92
5HT2B,CHEMBL578170,Cc1ccc(C(=O)N[C@H]2CC[C@@H](Nc3ncc(C)c(N(C)C)n3)CC2)cc1,6.92
5HT2B,CHEMBL1834252,COc1ccccc1CCN1CCN(Cc2cc3ccccc3o2)CC1,6.92
5HT2B,CHEMBL3899169,Cc1ccc2c(c1)Oc1sc(Cl)cc1C(N1CCN(CC(C)(C)C(=O)O)CC1)=N2,6.92
5HT2B,CHEMBL228082,COc1cc2c(cc1OC)-c1c(OC)c(OC)cc3c1[C@H](C2)N(C)CC3,6.92
5HT2B,CHEMBL460,CCc1c(C)[nH]c2c1C(=O)C(CN1CCOCC1)CC2,6.92
5HT2B,CHEMBL2107011,COc1cc2[nH]c(C)c(CCN3CCN(c4ccccc4)CC3)c2cc1OC,6.92
5HT2B,CHEMBL6120687,C[N+](C)(C)CCc1c[nH]c2cccc(O)c12.[I-],6.92
5HT2B,CHEMBL3819567,O=C1NCN(c2ccccc2)C12CCN(CCCCc1nc3ccccc3s1)CC2,6.91
5HT2B,CHEMBL5966097,C[C@@H](Oc1ccc(Br)cc1OC1CNC1)c1cccc(C(F)(F)F)c1,6.91
5HT2B,CHEMBL5996422,c1csc(-c2ccnc3c2CC[C@@H]2CNCCN32)c1,6.91
5HT2B,CHEMBL52919,CCc1cc2c(cc1C(F)(F)F)N(C(=O)Nc1ccc(Oc3cccnc3C)nc1)CC2,6.9
5HT2B,CHEMBL292228,Cc1cc2c(cc1Cl)CCN2C(=O)Nc1ccc(Oc2cccnc2C)nc1,6.9
5HT2B,CHEMBL58765,Cc1cc2c(cc1C(F)(F)F)N(C(=O)Nc1ccc(Oc3cccnc3C)nn1)CC2,6.9
5HT2B,CHEMBL328375,COc1cc(OC)c(C(=O)CCCCN2CCC3(CC2)NC(=O)NC3=O)cc1NS(=O)(=O)c1ccc(F)cc1,6.9
5HT2B,CHEMBL310656,COc1ccc(OC)c(C(=O)CCCCN2CCC3(CC2)NC(=O)NC3=O)c1,6.9
5HT2B,CHEMBL197630,COc1cc2c(cc1OCCN1CCCCC1)N(C(=O)/C=C/c1ccccc1Cl)CC2,6.9
5HT2B,CHEMBL198109,COc1ccc(N2CCN(c3ccc(C)c(C(F)(F)F)c3)C2=O)cc1OCCN1CCOCC1,6.9
5HT2B,CHEMBL210007,COc1ccc(C2=CCN(c3ccc(Cl)c(Cl)c3)C2=O)cc1OCCN1CCCCC1,6.9
5HT2B,CHEMBL397709,COc1ccc(N2Cc3cc(Cl)cc(Cl)c3C2=O)cc1OCCN1[C@H](C)CCC[C@@H]1C,6.9
5HT2B,CHEMBL234492,COc1ccc(N2Cc3cc(Cl)cc(Cl)c3C2=O)cc1OCCN1CCCC(C)C1,6.9
5HT2B,CHEMBL234531,COc1ccc(N2Cc3c(F)c(F)cc(Cl)c3C2=O)cc1OCCN1CCC(C)CC1,6.9
5HT2B,CHEMBL396747,COc1ccc(N2Cc3cccc(Cl)c3C2=O)cc1OCCN1CCC(C)CC1,6.9
5HT2B,CHEMBL492949,CN(C)S(=O)(=O)c1ccc2c(c1)CCNCC2,6.9
5HT2B,CHEMBL1092241,CSc1nn2c(C)c3c(nc2c1S(=O)(=O)c1ccccc1)CCCC3,6.9
5HT2B,CHEMBL1632210,Cc1ccc2c(N3CCN(CCc4cccc(NC(=O)c5ccccc5)c4)CC3)cccc2n1,6.9
5HT2B,CHEMBL1201203,CN1[C@@H]2CC[C@H]1C[C@@H](OC(c1ccccc1)c1ccccc1)C2,6.9
5HT2B,CHEMBL2397901,O=C1c2ccc(Cl)cc2C[C@@H]2CNCCN12,6.9
5HT2B,CHEMBL3970994,C1=C(CCN2CCc3ccccc3C2)CCc2ccccc21,6.9
5HT2B,CHEMBL3955996,Fc1ccc2c(c1)CCC1CNCCN21,6.9
5HT2B,CHEMBL3935339,c1cc(Cc2ccc3c(c2)OCO3)c2c(c1)N1CCNCC1CC2,6.9
5HT2B,CHEMBL3983539,C=CCN1CC(CN2CCN(C(c3ccccc3)c3ccccc3)CC2)OC1=O,6.9
5HT2B,CHEMBL4218374,CCCc1cncc2c1CC[C@@H]1CNCCN21,6.9
5HT2B,CHEMBL4530979,CC[C@H]1c2cc(-c3ccccc3)ccc2OC[C@@]1(C)N,6.9
5HT2B,CHEMBL4589450,C[C@@]12COc3cc(OCc4ccccc4)ccc3[C@@H]1CCN2,6.9
5HT2B,CHEMBL4635854,Brc1ccc2c3c1CCN3CCNC2,6.9
5HT2B,CHEMBL4785566,COCc1ccnc2c1CC[C@@H]1CNCCN21,6.9
5HT2B,CHEMBL5196522,Cl.Oc1cc(Cl)ccc1C1NCCc2c1[nH]c1ccc(F)cc21,6.9
5HT2B,CHEMBL5926798,Brc1ccnc2c1CC[C@@H]1CNCCCN21,6.9
5HT2B,CHEMBL179915,COc1cc2c(cc1C(F)(F)F)C(C)CNCC2,6.89
5HT2B,CHEMBL379223,Cc1ccccc1CN[C@@H](C)Cn1ccc2ccc3ncccc3c21,6.89
5HT2B,CHEMBL201117,C[C@@H](Cn1ccc2ccc3ncccc3c21)NCC1CCCCC1,6.89
5HT2B,CHEMBL482562,O=C(Nc1ccc2cnn(S(=O)(=O)c3cccc4ccccc34)c2c1)C1CCNCC1,6.89
5HT2B,CHEMBL568400,Cc1cc(N(C)C)nc(N[C@H]2CC[C@@H](NC(=O)c3ccc(Cl)c(Cl)c3)CC2)n1,6.89
5HT2B,CHEMBL2397909,CCCOc1cccc2c1C[C@@H]1CNCCN1C2=O,6.89
5HT2B,CHEMBL4207302,C[C@@H]1SC(c2ccccc2O)=N[C@H]1CO,6.89
5HT2B,CHEMBL4759878,C=C(F)COc1ccc2occc2c1[C@H]1C[C@@H]1CN.Cl,6.89
5HT2B,CHEMBL5094234,CCNCCc1ccc(Cl)c(-c2ccccc2OC)c1.Cl,6.89
5HT2B,CHEMBL5090884,CCCCNCCc1ccc(Cl)c(-c2ccccc2OC)c1.Cl,6.89
5HT2B,CHEMBL5813600,Cc1ccc(Oc2cc(Cl)ccc2O[C@H]2CCNC2)cc1,6.89
5HT2B,CHEMBL5963979,Cc1ccc(Oc2cc(Cl)ccc2O[C@@H]2CCN(C)C2)cc1,6.89
5HT2B,CHEMBL385346,CC(C)N1CCC2(CC1)Oc1ccccc1C1CC(c3ccc(Cl)cc3)=NN12,6.88
5HT2B,CHEMBL53,CN1CCc2cccc3c2[C@H]1Cc1ccc(O)c(O)c1-3,6.88
5HT2B,CHEMBL2181170,CCCN1CCC(COc2nc3c(F)cccc3c3ncccc23)CC1,6.87
5HT2B,CHEMBL4470080,OC[C@@]12C[C@@H]1[C@@H](n1cnc3c(NC(C4CCC4)C4CCC4)nc(Cl)nc31)[C@H](O)[C@@H]2O,6.87
5HT2B,CHEMBL590077,O=C1NC2CNCCN2c2ccccc21,6.86
5HT2B,CHEMBL2397894,COc1cccc2c1C(=O)N1CCNC[C@H]1C2,6.86
5HT2B,CHEMBL5205903,CN1CCC(N(Cc2ccc(F)cn2)C(=O)NCc2ccc(OCC(F)(F)F)cc2)CC1,6.86
5HT2B,CHEMBL425545,Cc1c(Cl)ccc2c1N1CCNC[C@@H]1C2,6.85
5HT2B,CHEMBL506727,Cl.NC[C@H]1C[C@@H]1c1cccc(Br)c1,6.85
5HT2B,CHEMBL495075,O=C(N[C@H]1CCN(Cc2ccc(OC3CCNCC3)c(Br)c2)C1)c1ccc(Cl)c(Cl)c1,6.85
5HT2B,CHEMBL577410,O=c1cc2c(nn1Cc1ccccc1OC(F)(F)F)CCNCC2,6.85
5HT2B,CHEMBL1278001,O=S(=O)(c1cccc2ccccc12)c1nn(Cc2ccccc2)c2ccc(N3CCNCC3)cc12,6.85
5HT2B,CHEMBL2337488,CCc1cc2c(c(C(F)(F)F)c1)C(=O)N(C)[C@H]1CNC[C@H]21.Cl,6.85
5HT2B,CHEMBL5416642,CCOP(=O)(OCC)c1ccc2[nH]cc(CCN(C)C)c2c1,6.85
5HT2B,CHEMBL5769253,c1ncc2c(c1CC1CCCCC1)CC[C@@H]1CNCCN21,6.85
5HT2B,CHEMBL3260311,CN1CCC(c2cccc3cc(S(=O)(=O)c4ccccn4)cnc23)CC1,6.84
5HT2B,CHEMBL4472703,CC[C@H]1c2cc(OC)ccc2CC[C@@]1(C)N,6.84
5HT2B,CHEMBL1834255,c1ccc(CCCN2CCN(Cc3cc4ccccc4o3)CC2)cc1,6.83
5HT2B,CHEMBL3890841,C1=C(CCN2CCc3ccccc3C2)Cc2ccccc21,6.83
5HT2B,CHEMBL5632946,OC[C@@]12C[C@@H]1[C@@H](n1cnc3c(NC(C4CCCCC4)C4CCCCC4)nc(Cl)nc31)[C@H](O)[C@@H]2O,6.83
5HT2B,CHEMBL202656,C[C@H](N)Cn1ccc2ccc3cnccc3c21,6.82
5HT2B,CHEMBL210215,C[C@H]1C[C@H]2CNC[C@H]2N1c1nccc(C(F)(F)F)n1,6.82
5HT2B,CHEMBL221113,CCc1cc2c(c(C(F)(F)F)c1)C(=O)N1CCNC[C@@H]21,6.82
5HT2B,CHEMBL473391,O=C(c1ccc(-c2ccccc2)cc1)N1CC(c2nc3ccccc3[nH]2)C1,6.82
5HT2B,CHEMBL594469,Fc1ccc(F)c(CO[C@H]2CCc3ccc(N4CCNCC4)nc32)c1,6.82
5HT2B,CHEMBL1082763,CNc1nn2c3c(cnc2c1S(=O)(=O)c1ccccc1)CCCC3,6.82
5HT2B,CHEMBL46516,O=C1NCN(c2ccccc2)C12CCN(CCCC(c1ccc(F)cc1)c1ccc(F)cc1)CC2,6.82
5HT2B,CHEMBL50498,Nc1nccc(-c2c[nH]c3cccc(O)c23)n1,6.82
5HT2B,CHEMBL415,CN(C)CCCN1c2ccccc2CCc2ccc(Cl)cc21,6.82
5HT2B,CHEMBL3818200,N#Cc1ccc(C(=O)CCCN2CCc3ccccc3C2)cc1,6.82
5HT2B,CHEMBL4215875,Cc1ccc(-c2noc3c2CCNCC3)cc1,6.82
5HT2B,CHEMBL3770837,NC1=NC2(CCCCC2)NC(Nc2ccccc2)=N1,6.82
5HT2B,CHEMBL4644872,Cc1cc2c3c(c1Cl)C(C)CN3CCNC2,6.82
5HT2B,CHEMBL4753812,C=C(C)COc1ccc2occc2c1[C@H]1C[C@@H]1CN.Cl,6.82
5HT2B,CHEMBL5181312,CCOc1cc2c3c(c1OC)-c1cc(OC)c(OC)cc1C[C@@H]3N(C)CC2,6.82
5HT2B,CHEMBL3966643,Nc1ncc(-c2nc(N3CCOCC3)ccc2C(F)(F)F)nc1C(=O)Nc1ncccc1N1CCC(N)CC1,6.82
5HT2B,CHEMBL458001,O=C(Nc1cccc(Cn2ncc(N3CCNCC3)c(Cl)c2=O)c1)c1ccc(-c2ccccc2)cc1,6.81
5HT2B,CHEMBL484345,NCCC(=O)Nc1cccc2c1cnn2S(=O)(=O)c1cccc2ccccc12,6.81
5HT2B,CHEMBL1642882,Cl.O=S(=O)(c1cccc(Cl)c1)c1n[nH]c2ccc(NC3CCNCC3)cc12,6.81
5HT2B,CHEMBL1833977,COc1ccc(CCCN2CCN(Cc3cc4ccccc4o3)CC2)cc1,6.81
5HT2B,CHEMBL998,CCOC(=O)N1CCC(=C2c3ccc(Cl)cc3CCc3cccnc32)CC1,6.81
5HT2B,CHEMBL2058705,C/N=C1\NC(=O)/C(=C/c2c[nH]c3cc(Br)ccc23)N1,6.81
5HT2B,CHEMBL5184659,COc1cc2c(cc1OC)-c1c(OC)c(OC(C)C)cc3c1[C@H](C2)N(C)CC3,6.81
5HT2B,CHEMBL297445,CC(C)(C)c1cc2c(cc1Cl)N(C(=O)Nc1cccnc1)CC2,6.8
5HT2B,CHEMBL56336,Cc1cc2c(cc1F)N(C(=O)Nc1ccc(Oc3cccnc3C)nc1)CC2,6.8
5HT2B,CHEMBL52308,Cc1cc2c(cc1Cl)N(C(=O)Nc1ccc(Oc3cccnc3C)nn1)CC2,6.8
5HT2B,CHEMBL2096809,C[C@@H]1CNC[C@@H]2Cc3ccccc3N21,6.8
5HT2B,CHEMBL371211,O=C1N(c2ccc(OCCN3CCCCC3)nc2)CCN1c1ccc(Cl)c(Cl)c1,6.8
5HT2B,CHEMBL397259,COc1ccc(N2Cc3c(c4ccc(Cl)cc4n3C)C2=O)cc1OCCN1CCCCC1,6.8
5HT2B,CHEMBL234109,COc1ccc(N2Cc3cccc(Br)c3C2=O)cc1OCCN1CCC(C)CC1,6.8
5HT2B,CHEMBL1222764,COc1cnc2n1Cc1ccccc1C=C2N1CCN(CC(C)(C)C(=O)O)CC1,6.8
5HT2B,CHEMBL1277770,O=C(O)C1CCN(C2CC[C@]3(Cc4ccccc4Cc4ccccc43)C2)CC1,6.8
5HT2B,CHEMBL1632206,CC(=O)Nc1cccc(CCN2CCN(c3cccc4nc(C)ccc34)CC2)c1,6.8
5HT2B,CHEMBL1770385,FC(F)(F)c1cccc(Cc2ncc3c(n2)CCNCC3)c1,6.8
5HT2B,CHEMBL3924644,COc1cc2c(cc1Cl)N1CCCNC[C@H]1CC2,6.8
5HT2B,CHEMBL4435237,C[C@@]12COc3c(-c4ccccc4)cccc3[C@@H]1CCN2,6.8
5HT2B,CHEMBL896,OCCOCCN1CCN(C(c2ccccc2)c2ccc(Cl)cc2)CC1,6.8
5HT2B,CHEMBL535,CCN(CC)CCNC(=O)c1c(C)[nH]c(/C=C2\C(=O)Nc3ccc(F)cc32)c1C,6.8
5HT2B,CHEMBL3890986,Nc1ncc(-c2ncccc2C(F)(F)F)nc1C(=O)Nc1ncccc1N1CCC(N)CC1,6.8
5HT2B,CHEMBL3966595,Nc1ncc(-c2nc(N3CCOCC3)cc3ccccc23)nc1C(=O)Nc1ncccc1N1CCC(N)CC1,6.8
5HT2B,CHEMBL5961758,Cc1cccc(Oc2cc(Cl)ccc2O[C@H]2CCNC2)c1,6.8
5HT2B,CHEMBL1091919,CSc1nn2c3c(c(C)nc2c1S(=O)(=O)c1ccccc1)CCCC3,6.79
5HT2B,CHEMBL1643678,Fc1ccc(OC2CN(c3c4c(nc5ccnn35)CCNCC4)C2)cc1,6.79
5HT2B,CHEMBL1770380,Cc1ccc(Cc2ncc3c(n2)CCNCC3)cc1,6.79
5HT2B,CHEMBL2158704,COc1ccc(N2CCN(CC[C@@H](OC(N)=O)c3ccccc3)CC2)cc1,6.79
5HT2B,CHEMBL2181169,CCCN1CCC(COc2nc3c(I)cccc3c3ccccc23)CC1,6.79
5HT2B,CHEMBL3905850,CC(C)[C@@H](Nc1nc(Cl)nc2c1ncn2[C@H]1[C@H](O)[C@H](O)[C@]2(CO)C[C@H]12)C1CC1,6.79
5HT2B,CHEMBL3984645,CC(C)[C@H](Nc1nc(Cl)nc2c1ncn2[C@H]1[C@H](O)[C@H](O)[C@]2(CO)C[C@H]12)C1CC1,6.79
5HT2B,CHEMBL383694,C[C@@H]1CNC[C@@H]2Cc3ccc(Br)nc3N21,6.78
5HT2B,CHEMBL566356,O=c1[nH]c2cccc(N3C[C@H]4C[C@@H]3CN4CC3CCc4[nH]c5ccc(F)cc5c4C3)c2o1,6.78
5HT2B,CHEMBL1258671,CCCCN1CCC(COC(=O)c2cc(F)c(N)c3c2OCCO3)CC1,6.78
5HT2B,CHEMBL3769987,COc1ccc(Cl)c(F)c1C1CC1CN.Cl,6.78
5HT2B,CHEMBL4632473,CC1CN2CCNCc3cc(Cl)c(Cl)c1c32,6.78
5HT2B,CHEMBL2152944,O=C1c2ccc(Nc3ccc(F)cc3F)cc2CCc2ccc(OC[C@H](O)CO)cc21,6.78
5HT2B,CHEMBL371753,CCCCn1cc(CCN(C)C)c2c(OP(=O)(O)O)cccc21,6.77
5HT2B,CHEMBL567791,Cc1cc(N(C)C)nc(N[C@H]2CC[C@@H](NC(=O)c3ccc(Cl)cc3)CC2)n1,6.77
5HT2B,CHEMBL1082761,CNc1nn2cc3c(nc2c1S(=O)(=O)c1ccccc1)CCCC3,6.77
5HT2B,CHEMBL240045,CC(C(=O)N1c2ccccc2Sc2ccccc21)c1ccccc1,6.77
5HT2B,CHEMBL3402657,CN(C)[C@H]1Cc2ccccc2[C@H](C2CCCCC2)C1.Cl,6.77
5HT2B,CHEMBL4744176,CSc1nc(N[C@H](C(C)C)C2CC2)c2ncn([C@H]3[C@H](O)[C@H](O)[C@]4(CO)C[C@H]34)c2n1,6.77
5HT2B,CHEMBL4867565,O=S(=O)(c1cccc(F)c1)n1ccc2c(N3CCNCC3)nc3ccccc3c21,6.77
5HT2B,CHEMBL5093342,CCCNCCc1ccc(Cl)c(-c2ccccc2OC)c1.Cl,6.77
5HT2B,CHEMBL5083607,COc1ccccc1-c1cc(C2CCN(C)C2)ccc1Cl,6.77
5HT2B,CHEMBL5268604,Oc1ccc2[nH]c3c(-c4c[nH]c5ccccc45)nccc3c2c1,6.77
5HT2B,CHEMBL3309924,c1ccc2c(-c3nccc4c3[nH]c3ccccc34)c[nH]c2c1,6.77
5HT2B,CHEMBL5927322,Cc1cc(Oc2cc(Cl)ccc2O[C@H]2CCNC2)ccc1F,6.77
5HT2B,CHEMBL215380,CN1CCC2(CC1)Oc1ccc(Br)cc1C1CC(c3ccc(OC(F)F)cc3)=NN12,6.76
5HT2B,CHEMBL220211,COc1cc2c(c(C(F)(F)F)c1)C(=O)N1CCNC[C@@H]21,6.76
5HT2B,CHEMBL520129,O=C(Nc1ccc2cnn(S(=O)(=O)c3cccc4ccccc34)c2c1)C1CCCNC1,6.76
5HT2B,CHEMBL4759181,CC(C)Oc1ccc2occc2c1[C@H]1C[C@@H]1CN.Cl,6.76
5HT2B,CHEMBL360968,CCOc1cc2c(cc1Br)C(C)CNCC2,6.75
5HT2B,CHEMBL212506,CCCN1CCC2(CC1)Oc1ccc(Br)cc1C1CC(c3ccc(OC)cc3)=NN12,6.75
5HT2B,CHEMBL1209157,COc1ccc(OC)c(C2CCN(Cc3cnn(-c4ccccc4F)c3C)C2)c1,6.75
5HT2B,CHEMBL1770381,Clc1ccccc1Cc1ncc2c(n1)CCNCC2,6.75
5HT2B,CHEMBL2337104,Cc1cc(C2CC2)cc2c1C(=O)N[C@H]1CNC[C@H]21.Cl,6.75
5HT2B,CHEMBL51,O=C(c1ccc(F)cc1)C1CCN(CCn2c(=O)[nH]c3ccccc3c2=O)CC1,6.75
5HT2B,CHEMBL4291048,OC1(c2ccc(Cl)c(C(F)(F)F)c2)CCN(CCCN(c2ccc(F)cc2)c2ccc(F)cc2)CC1,6.75
5HT2B,CHEMBL4528651,CC[C@H]1c2cc(C)ccc2OC[C@@]1(C)N,6.75
5HT2B,CHEMBL4757214,Cl.NC[C@H]1C[C@@H]1c1c(OCC2CC2)ccc2occc12,6.75
5HT2B,CHEMBL5633995,NC[C@H]1O[C@@H](n2cnc3c(N[C@H](C4CCC4)C4CC4)nc(I)nc32)[C@H](O)[C@@H]1O,6.75
5HT2B,CHEMBL5846907,COCCc1ccnc2c1CC[C@@H]1CNCCN21,6.75
5HT2B,CHEMBL1215038,FCCCOc1ccccc1CN1CCN(Cc2cc3ccccc3o2)CC1,6.74
5HT2B,CHEMBL1770376,Fc1cccc(Cc2ncc3c(n2)CCNCC3)c1,6.74
5HT2B,CHEMBL47050,OC1(c2ccc(Cl)c(C(F)(F)F)c2)CCN(CCCC(c2ccc(F)cc2)c2ccc(F)cc2)CC1,6.74
5HT2B,CHEMBL5970551,FC(F)(F)c1ccc(OCc2ccccc2)c(OC2CNC2)c1,6.74
5HT2B,CHEMBL209155,FC(F)(F)c1cccc([C@H]2CC[C@H]3CNC[C@H]32)c1,6.73
5HT2B,CHEMBL378357,CC(C)N1CCC2(CC1)Oc1ccc(Br)cc1C1CC(c3ccccc3)=NN12,6.73
5HT2B,CHEMBL450178,C#Cc1cccc([C@H]2C[C@@H]2CN)c1.Cl,6.73
5HT2B,CHEMBL572228,Clc1ccccc1CCOc1cncc(N2CCNCC2)n1,6.73
5HT2B,CHEMBL595195,Clc1ccccc1OC1CCc2ccc(N3CCNCC3)nc21,6.73
5HT2B,CHEMBL599263,Cn1nc(S(=O)(=O)c2cccc3ccccc23)c2cc(N3CC[C@@H](N)C3)ccc21,6.73
5HT2B,CHEMBL1083075,CNc1nn2c3c(c(C)nc2c1S(=O)(=O)c1ccccc1)CCC3,6.73
5HT2B,CHEMBL1214960,FCCCOc1cccc(CN2CCN(Cc3cc4ccccc4o3)CC2)c1,6.73
5HT2B,CHEMBL2337504,CCc1cc(C)c2c(c1)[C@H]1CNC[C@@H]1NC2=O.Cl,6.73
5HT2B,CHEMBL3932820,CC[C@@H](Nc1nc(Cl)nc2c1ncn2[C@H]1[C@H](O)[C@H](O)[C@]2(CO)C[C@H]12)C1CC1,6.73
5HT2B,CHEMBL4436786,OC[C@@]12C[C@@H]1[C@@H](n1cnc3c(NC(C4CCC4)C4CCC4)ncnc31)[C@H](O)[C@@H]2O,6.73
5HT2B,CHEMBL5399968,C[C@@H]1C=C(c2c[nH]c3ncccc23)CNC1,6.73
5HT2B,CHEMBL5632374,CCSC[C@@]12C[C@@H]1[C@@H](n1cnc3c(NC(C4CCCC4)C4CCCC4)nc(Cl)nc31)[C@H](O)[C@@H]2O,6.73
5HT2B,CHEMBL178313,CC1CNCCc2cc(O)c(Br)cc21,6.72
5HT2B,CHEMBL376456,COc1cccc2c1C(=O)N1CCNCC21,6.72
5HT2B,CHEMBL220274,O=C1c2c(cccc2C(F)(F)F)C2CNCCN12,6.72
5HT2B,CHEMBL373695,CC(C)c1cc2c(c(C(F)(F)F)c1)C(=O)N1CCNC[C@@H]21,6.72
5HT2B,CHEMBL599466,CC(C)n1nc(S(=O)(=O)c2cccc3ccccc23)c2cc(N3CC[C@@H](N)C3)ccc21,6.72
5HT2B,CHEMBL564,CN(C)CCCN1c2ccccc2Sc2ccccc21,6.72
5HT2B,CHEMBL60889,CCOc1cc(N)c(Cl)cc1C(=O)NCC1CN(Cc2ccc(F)cc2)CCO1,6.72
5HT2B,CHEMBL2337503,Cc1cc(C)c2c(c1)[C@H]1CNC[C@@H]1NC2=O.Cl,6.72
5HT2B,CHEMBL511879,CN1C(=N)N/C(=C/c2c[nH]c3cc(Br)ccc23)C1=O,6.72
5HT2B,CHEMBL3093187,Fc1cccc2c1nc(OCC1CCN(CCCC(F)(F)F)CC1)c1cccnc12,6.72
5HT2B,CHEMBL3980023,O=C1OC(CN2CCN(C(c3ccccc3)c3ccccc3)CC2)CN1C1CCC1,6.72
5HT2B,CHEMBL3581255,COc1cc2c(cc1OCc1ccccc1)C[C@H]1c3c(cc(OC)c(OC)c3-2)CCN1C,6.72
5HT2B,CHEMBL5439312,[2H]C([2H])(Cc1n[nH]c2ccc(OC)cc12)N(C)C,6.72
5HT2B,CHEMBL5813570,Clc1cccc(Oc2cc(Cl)ccc2O[C@H]2CCNC2)c1,6.72
5HT2B,CHEMBL6165851,CN(C)CCc1c(Cl)[nH]c2ccccc12,6.72
5HT2B,CHEMBL493151,CCCNS(=O)(=O)c1ccc2c(c1)CCNCC2,6.71
5HT2B,CHEMBL2397902,COc1ccc2c(c1)C[C@@H]1CNCCN1C2=O,6.71
5HT2B,CHEMBL5753328,COc1ccc(CCOc2ccc(Cl)cc2OC2CNC2)cc1,6.71
5HT2B,CHEMBL55344,Cc1cc2c(cc1C(F)(F)F)N(C(=O)Nc1ccc(COc3ccccn3)nc1)CC2,6.7
5HT2B,CHEMBL53793,Cc1cc2c(cc1Cl)N(C(=O)Nc1ccc(Oc3cccnc3C(C)C)nc1)CC2,6.7
5HT2B,CHEMBL88193,COc1cc(OC)c(C(=O)CCCCN2CCC3(CC2)NC(=O)NC3=O)cc1NS(=O)(=O)c1cccc(Cl)c1,6.7
5HT2B,CHEMBL90470,COc1cc(Cl)ccc1C(=O)CCCCN1CCC2(CC1)NC(=O)NC2=O,6.7
5HT2B,CHEMBL35226,CCCN1CCC(COc2nc3ccccc3c3c2CCCN3)CC1,6.7
5HT2B,CHEMBL365882,Cc1cc(N2CCN(C)CC2)nc2ccc(NC(=O)COc3cccc(Cl)c3Cl)cc12,6.7
5HT2B,CHEMBL210053,COc1ccc(N2CC=C(c3ccc(Br)cc3)C2=O)cc1OCCN1CCCCC1,6.7
5HT2B,CHEMBL212482,COc1ccc(C2=C(C)CN(c3ccc(Cl)c(Cl)c3)C2=O)cc1OCCN1CCCCC1,6.7
5HT2B,CHEMBL234947,COc1ccc(N2Cc3c(c4cc(Cl)c(Cl)cc4n3C)C2=O)cc1OCCN1CCCCC1,6.7
5HT2B,CHEMBL232045,COc1ccc(N2Cc3c(c4ccc(Cl)cc4n3C)C2=O)cc1OCCN1CCC(C)CC1,6.7
5HT2B,CHEMBL535626,COc1ccc(N2Cc3c(c4ccccc4n3C)C2=O)cc1OCCN1CCCCC1.Cl,6.7
5HT2B,CHEMBL388882,COc1ccc(N2Cc3sc4ccccc4c3C2=O)cc1OCCN1CCC(C)CC1,6.7
5HT2B,CHEMBL395072,COc1ccc(N2Cc3cc(Cl)cc(Cl)c3C2=O)cc1OCCN1CCCCCC1,6.7
5HT2B,CHEMBL234532,COc1ccc(N2Cc3cc(Cl)cc(Cl)c3C2=O)cc1OCCN1CCC(C)CC1,6.7
5HT2B,CHEMBL395297,COc1ccc(N2Cc3cc(Cl)c(Cl)cc3C2=O)cc1OCCN1CCC(C)CC1,6.7
5HT2B,CHEMBL395059,COc1ccc(N2C(=O)c3c(Cl)cccc3C2C)cc1OCCN1CCC(C)CC1,6.7
5HT2B,CHEMBL234006,COc1ccc(N2Cc3cccc(C)c3C2=O)cc1OCCN1CCC(C)CC1,6.7
5HT2B,CHEMBL399750,COc1cc2c(cc1Cl)CCNCC2C,6.7
5HT2B,CHEMBL451368,COc1ccccc1[C@H]1C[C@@H]1CN.Cl,6.7
5HT2B,CHEMBL1631532,COC(=O)Nc1cccc(CCN2CCN(c3cccc4nc(C)ccc34)CC2)c1,6.7
5HT2B,CHEMBL305660,CC(C)(C)c1ccc(C(=O)CCCN2CCC(OC(c3ccccc3)c3ccccc3)CC2)cc1,6.7
5HT2B,CHEMBL3402681,CN(C)[C@H]1Cc2ccccc2[C@H](c2cccc(-c3ccccc3)c2)C1.Cl,6.7
5HT2B,CHEMBL3402672,CN(C)[C@H]1Cc2ccccc2[C@H](c2cccc(C(F)(F)F)c2)C1.Cl,6.7
5HT2B,CHEMBL3818478,O=C1NCN(c2ccccc2)C12CCN(CCCCc1c[nH]c3ccccc13)CC2,6.7
5HT2B,CHEMBL3890492,CCCc1ccc2c(c1)N1CCNCC1CC2,6.7
5HT2B,CHEMBL4206126,FC(F)(F)CCc1ccnc2c1CC[C@@H]1CNCCN21,6.7
5HT2B,CHEMBL4459009,CN1CC[C@H]2c3ccccc3N(c3ccccc3)C[C@]21C,6.7
5HT2B,CHEMBL26291,CN(C)CCCNc1c2ccccc2nc2cccc([N+](=O)[O-])c12,6.7
5HT2B,CHEMBL3915489,Nc1ncc(-c2ncccc2OC(F)(F)F)nc1C(=O)Nc1ncccc1N1CCC(N)CC1,6.7
5HT2B,CHEMBL5633293,CSC[C@@]12C[C@@H]1[C@@H](n1cnc3c(NC(C4CCCC4)C4CCCC4)nc(Cl)nc31)[C@H](O)[C@@H]2O,6.7
5HT2B,CHEMBL316527,COc1c2c(c(CCN)c3c1OCC3)CCO2,6.69
5HT2B,CHEMBL474230,Cl.NC[C@H]1C[C@@H]1c1ccccc1C#CCCCCO,6.69
5HT2B,CHEMBL2205360,COc1ccc2c(C)c(C(=O)N(CCCN3CCCCC3)c3ccccc3)oc2c1,6.69
5HT2B,CHEMBL3819556,Cl.Fc1ccc(SCCCN2CCc3ccccc3C2)cc1,6.69
5HT2B,CHEMBL4522864,O[C@H]1[C@H](n2cnc3c(NC(C4CCC4)C4CCC4)nc(Cl)nc32)[C@H]2C[C@@]2(CCl)[C@H]1O,6.69
5HT2B,CHEMBL5201835,Cl.Oc1cc(Br)ccc1C1NCCc2c1[nH]c1ccc(Cl)cc21,6.69
5HT2B,CHEMBL5882228,C[C@@H](Oc1ccc(Cl)cc1OC1CNC1)c1cccc(C(F)(F)F)c1,6.69
5HT2B,CHEMBL375170,O=C1c2c(cc(C3CC3)cc2C(F)(F)F)[C@@H]2CNCCN12,6.68
5HT2B,CHEMBL271318,Fc1ccc(-c2nc(C3CCC3)nc3c2CNCC3)cc1,6.68
5HT2B,CHEMBL405717,CNc1ccc2c(c1Cl)CCNCC2,6.68
5HT2B,CHEMBL27,CC(C)NCC(O)COc1cccc2ccccc12,6.68
5HT2B,CHEMBL3402663,CN(C)[C@@H]1Cc2ccccc2[C@@H](c2ccc(Br)cc2)C1.Cl,6.68
5HT2B,CHEMBL3608451,CCOc1c(OC)cc2c3c1-c1cc4c(cc1CC3N(C)CC2c1ccccc1)OCO4,6.68
5HT2B,CHEMBL3770963,COc1ccc(F)c(F)c1C1CC1CN.Cl,6.68
5HT2B,CHEMBL4561016,Nc1nc(NCCc2ccccc2)nc(-c2cc(Cl)ccc2CO)n1,6.68
5HT2B,CHEMBL5975803,CC(C)OCc1ccnc2c1CC[C@@H]1CNCCN21,6.68
5HT2B,CHEMBL13147,CN(C)CCc1c[nH]c2ccsc12,6.67
5HT2B,CHEMBL1643853,COc1cccc(OC2CN(c3c4c(nc5ccnn35)CCNCC4)C2)c1,6.67
5HT2B,CHEMBL21731,CNCCCC12CCC(c3ccccc31)c1ccccc12,6.67
5HT2B,CHEMBL2397881,O=C1c2ccccc2C[C@@H]2CNCCN12,6.67
5HT2B,CHEMBL4294723,NC1=NC2(CCCCC2)NC(Nc2cc(Br)cc(Br)c2)=N1,6.67
5HT2B,CHEMBL4465512,Nc1nc(NCCCc2ccccc2)nc(-c2cc(Cl)ccc2CO)n1,6.67
5HT2B,CHEMBL4856702,Fc1cccc(-c2n[nH]cc2N2CCNCC2)c1,6.67
5HT2B,CHEMBL180867,COc1cc2c(cc1Br)[C@@H](C)CNCC2,6.66
5HT2B,CHEMBL203025,Clc1ccc2c(n1)N1CCNCC1C2,6.66
5HT2B,CHEMBL203396,C[C@@H]1CNC[C@@H]2Cc3ccc(Cl)nc3N21,6.66
5HT2B,CHEMBL373483,CCCCc1cc2c(c(C(F)(F)F)c1)C(=O)N1CCNC[C@@H]21,6.66
5HT2B,CHEMBL271212,Fc1ccc(-c2nc(C3CCCC3)nc3c2CNCC3)cc1,6.66
5HT2B,CHEMBL1643675,c1ccc(OC2CN(c3c4c(nc5ccnn35)CCNCC4)C2)cc1,6.66
5HT2B,CHEMBL1770375,Fc1ccccc1Cc1ncc2c(n1)CCNCC2,6.66
5HT2B,CHEMBL2397913,COc1c(C)ccc2c1C[C@@H]1CNCCN1C2=O,6.66
5HT2B,CHEMBL4449712,Nc1nc(NCc2ccc(Oc3ccccc3)cc2)nc(-c2c(F)cccc2CO)n1,6.66
5HT2B,CHEMBL509418,Cl.NC[C@@H]1C[C@H]1c1ccccc1Br,6.65
5HT2B,CHEMBL1224031,O=C(Nc1ccccc1)N1OCC2CSc3ccc(F)cc3C21,6.65
5HT2B,CHEMBL4638807,Clc1ccc2c3c1CCCN3CCNC2,6.65
5HT2B,CHEMBL3480577,Cc1ccc2nc(CNCCCOc3ccccc3)cc(O)c2c1,6.65
5HT2B,CHEMBL5632033,CSC[C@@]12C[C@@H]1[C@@H](n1cnc3c(NC(C4CCCC4)C4CCCC4)nc(SC)nc31)[C@H](O)[C@@H]2O,6.65
5HT2B,CHEMBL6189522,CCCNC(=O)c1ccc2c3c1C(CC(F)(F)F)CN3CCNC2,6.65
5HT2B,CHEMBL415029,CC(C)Oc1cc2c(cc1Br)C(C)CNCC2,6.64
5HT2B,CHEMBL482496,[3H]C([3H])([3H])Oc1cc(I)c(OC)cc1CCNCc1ccccc1OC([3H])([3H])[3H],6.64
5HT2B,CHEMBL38,CC1=C(/C=C/C(C)=C/C=C/C(C)=C/C(=O)O)C(C)(C)CCC1,6.64
5HT2B,CHEMBL2397898,CCc1ccc2c(c1)C[C@@H]1CNCCN1C2=O,6.64
5HT2B,CHEMBL2442275,CN1C(=N)N/C(=C/c2c[nH]c3cccc(Br)c23)C1=O,6.64
5HT2B,CHEMBL3093186,Fc1cccc2c1nc(OCC1CCN(CCC(F)(F)F)CC1)c1cccnc12,6.64
5HT2B,CHEMBL3735643,COc1ccc(CCN(CCCc2cc(OC)c(OC)c(OC)c2)Cc2ccc3c(c2)OCO3)cc1OC,6.64
5HT2B,CHEMBL4173963,CC(C)NS(=O)(=O)c1cccc(C(=O)Nc2ccc(F)c(F)c2)c1,6.64
5HT2B,CHEMBL4514672,CC1=NC2(CCN(C)CC2)C(=O)N(c2c(C)cccc2C)C1=O,6.64
5HT2B,CHEMBL5094493,CCCN(CCC)CCc1ccc(Cl)c(-c2ccccc2OC)c1,6.64
5HT2B,CHEMBL1201210,CCC(=O)c1ccc2c(c1)N(CC(C)N(C)C)c1ccccc1S2,6.64
5HT2B,CHEMBL531742,CCc1ccc(OCc2ccccc2C(=O)Nc2ccc3nc(C)cc(N)c3c2)cc1.Cl,6.64
5HT2B,CHEMBL375302,CC[C@@H]1NCCN2C(=O)c3c(cccc3C(F)(F)F)[C@H]12,6.63
5HT2B,CHEMBL1214893,FCCCOc1ccc(CN2CCN(Cc3cc4ccccc4o3)CC2)cc1,6.63
5HT2B,CHEMBL1277105,O=S(=O)(c1cccc2ccccc12)c1n[nH]c2ccc(N3CCNCC3)cc12,6.63
5HT2B,CHEMBL707,COc1cc2nc(N3CCN(C(=O)C4COc5ccccc5O4)CC3)nc(N)c2cc1OC,6.63
5HT2B,CHEMBL2442270,N=C1NC(=O)/C(=C\c2c[nH]c3ccccc23)N1,6.63
5HT2B,CHEMBL3818047,O=C(CCCN1CCc2ccccc2C1)c1ccc(Cl)cc1,6.63
5HT2B,CHEMBL648,CN1CCN(C(c2ccccc2)c2ccccc2)CC1,6.62
5HT2B,CHEMBL3402679,CN(C)[C@H]1Cc2ccccc2[C@H](c2ccccc2)C1,6.62
5HT2B,CHEMBL3899099,Cl.Clc1cccc2c1CN(CCCCc1nc3ccccc3s1)CC2,6.62
5HT2B,CHEMBL4064809,COc1ccc(F)cc1C1CC1CNCc1ccccc1C#N.Cl,6.62
5HT2B,CHEMBL5633589,CCOC(=O)[C@@]12C[C@@H]1[C@@H](n1cnc3c(NC(C4CCCC4)C4CCCC4)nc(Cl)nc31)[C@H](O)[C@@H]2O,6.62
5HT2B,CHEMBL223440,CCc1cc(Cl)c2c(c1)[C@@H]1CNCCN1C2=O,6.61
5HT2B,CHEMBL1214958,FCCOc1cccc(CN2CCN(Cc3cc4ccccc4o3)CC2)c1,6.61
5HT2B,CHEMBL1836317,CS(=O)(=O)NC[C@H]1CC[C@H](Nc2nc3c(s2)CCSc2ccccc2-3)CC1,6.61
5HT2B,CHEMBL1834257,COc1cccc(CCCN2CCN(Cc3cc4ccccc4o3)CC2)c1,6.61
5HT2B,CHEMBL3286564,c1ccc(Cc2nc3c(c(N4CCOCC4)n2)CCNCC3)cc1,6.61
5HT2B,CHEMBL365751,Cc1[nH]c2ccc(Cl)cc2c1CCN(C)C,6.61
5HT2B,CHEMBL4218801,Clc1ccc(-c2noc3c2CCNCC3)cc1,6.61
5HT2B,CHEMBL4285281,COc1cc2c3c(c1OC)-c1ccccc1[C@@H](O)[C@@H]3NCC2,6.61
5HT2B,CHEMBL588,Oc1ccc(C2CNCCc3c2cc(O)c(O)c3Cl)cc1,6.61
5HT2B,CHEMBL5758831,FC(F)(F)c1cccc(COc2ccc(Cl)cc2OC2CNC2)n1,6.61
5HT2B,CHEMBL56405,O=C(Nc1ccc(OCc2ccccn2)nc1)N1CCc2ccc(C(F)(F)F)cc21,6.6
5HT2B,CHEMBL299506,COc1cc2c(cc1C(F)(F)F)N(C(=O)Nc1cnc(Oc3cccnc3C)cc1C)CC2,6.6
5HT2B,CHEMBL54775,Cc1ccc2c(c1Br)CCN2C(=O)Nc1ccc(Oc2cccnc2C)nc1,6.6
5HT2B,CHEMBL88809,COc1cc(OC)c(C(=O)CCCCN2CCC3(CC2)NC(=O)NC3=O)cc1NS(=O)(=O)c1ccc(C(C)=O)cc1,6.6
5HT2B,CHEMBL361929,C[C@@H]1CNC[C@H]2Cc3ccc(CO)cc3N21,6.6
5HT2B,CHEMBL232047,COc1ccc(N2Cc3c(c4ccc(F)cc4n3C)C2=O)cc1OCCN1CCC(C)CC1,6.6
5HT2B,CHEMBL234494,COc1ccc(N2Cc3cc(Cl)cc(Cl)c3C2=O)cc1OCCN1CCC(C)(C)CC1,6.6
5HT2B,CHEMBL234739,COc1ccc(N2Cc3cc(F)cc(C(F)(F)F)c3C2=O)cc1OCCN1CCC(C)CC1,6.6
5HT2B,CHEMBL253809,CC[C@H]1CNCCc2ccc(Cl)cc21,6.6
5HT2B,CHEMBL253805,C[C@@H]1CNCCc2cc(Cl)c(Cl)cc21,6.6
5HT2B,CHEMBL1277035,O=C(O)C=C1CN(C2CCC3(Cc4ccccc4Cc4ccccc43)C2)C1,6.6
5HT2B,CHEMBL1277679,O=C(O)C1(O)CCN(C2CCC3(Cc4ccccc4Cc4ccccc43)C2)CC1,6.6
5HT2B,CHEMBL3402662,CN(C)[C@H]1Cc2ccccc2[C@H](c2ccc(C(F)(F)F)cc2)C1.Cl,6.6
5HT2B,CHEMBL3126299,O=c1cc(CCCc2ccccc2)oc2cccc(O)c12,6.6
5HT2B,CHEMBL3601563,COc1ccc2c([C@H]3CCc4ccc(Cl)cc43)nccc2c1OC,6.6
5HT2B,CHEMBL4458099,CC[C@H]1c2cc(OC)ccc2OC[C@@]1(C)N,6.6
5HT2B,CHEMBL4591008,C[C@@]12COc3ccc(-c4ccccc4)cc3[C@@H]1CCN2,6.6
5HT2B,CHEMBL4447975,COc1cc(OC)c2c(c1)OC[C@@]1(C)NCC[C@@H]21,6.6
5HT2B,CHEMBL4473697,CN1CC[C@H]2c3cccc(-c4ccccc4)c3OC[C@]21C,6.6
5HT2B,CHEMBL4778570,c1ccc(Cc2cncc3c2CC[C@@H]2CNCCN32)cc1,6.6
5HT2B,CHEMBL1423,O=c1[nH]c2ccccc2n1C1CCN(CCCC(c2ccc(F)cc2)c2ccc(F)cc2)CC1,6.6
5HT2B,CHEMBL3215877,COc1ccc(OC(F)(F)F)cc1CN[C@H]1CCCN[C@H]1c1ccccc1.Cl.Cl,6.6
5HT2B,CHEMBL5940823,Clc1cccc(COc2cc(Cl)ccc2O[C@H]2CCNC2)c1,6.6
5HT2B,CHEMBL6027816,CCc1c(CCC#N)cnc2c1CC[C@@H]1CNCCN21,6.6
5HT2B,CHEMBL445106,COc1cc(Br)c2c3c1C[C@H](N)C[C@@H]3CO2,6.59
5HT2B,CHEMBL1214959,CCCOc1cccc(CN2CCN(Cc3cc4ccccc4o3)CC2)c1,6.59
5HT2B,CHEMBL4752412,CCCOc1ccc2c(c1[C@H]1C[C@@H]1CN)CCO2.Cl,6.59
5HT2B,CHEMBL4743977,C=CCOc1ccc2c(c1[C@H]1C[C@@H]1CN)CCO2.Cl,6.59
5HT2B,CHEMBL4858338,Clc1ccc(-c2n[nH]cc2N2CCNCC2)cc1,6.59
5HT2B,CHEMBL5632545,COc1ccc(SC[C@@]23C[C@@H]2[C@@H](n2cnc4c(NC(C5CCCC5)C5CCCC5)nc(Cl)nc42)[C@H](O)[C@@H]3O)cc1OC,6.59
5HT2B,CHEMBL591940,CC(C)Cn1nc2ccc(N3CC[C@@H](N)C3)cc2c1S(=O)(=O)c1cccc2ccccc12,6.58
5HT2B,CHEMBL1214831,CCOc1ccc(CN2CCN(Cc3cc4ccccc4o3)CC2)cc1,6.58
5HT2B,CHEMBL452861,CC(C)NC[C@H](O)COc1cccc2ccccc12,6.58
5HT2B,CHEMBL4636494,c1cc(C2CC2)c2c3c1CNCCN3CC2,6.58
5HT2B,CHEMBL403902,Cc1nc2c(c(-c3ccc(Cl)cc3)n1)CCNCC2,6.57
5HT2B,CHEMBL585012,O=c1cc2c(nn1Cc1ccc(Cl)cc1)CCNCC2,6.57
5HT2B,CHEMBL762,Cc1cc(C(C)(C)C)c(O)c(C)c1CC1=NCCN1,6.57
5HT2B,CHEMBL2397888,C[C@@H]1c2ccccc2C(=O)N2CCNC[C@@H]12,6.57
5HT2B,CHEMBL2442273,N=C1NC(=O)/C(=C\c2c[nH]c3cc(Br)ccc23)N1,6.57
5HT2B,CHEMBL3321791,OC1(c2ccc(Cl)cc2)CC2CCC(C1)N2CCCSc1cccc(F)c1,6.57
5HT2B,CHEMBL4758641,Cl.NC[C@H]1C[C@@H]1c1c(OCC2CC2)ccc2c1CCO2,6.57
5HT2B,CHEMBL328190,Oc1ccc2c(c1)CC[C@H](c1ccccc1)[C@@H]2c1ccc(OCCN2CCCC2)cc1,6.57
5HT2B,CHEMBL1405973,CCCCCCOc1ccccc1C(N)=O,6.57
5HT2B,CHEMBL6063845,Clc1ccc(O[C@H]2CCNC2)c(Oc2ccc(Br)cc2)c1,6.57
5HT2B,CHEMBL6039187,CSc1nc(Cl)c2c(n1)N1CCCNC[C@H]1CC2,6.57
5HT2B,CHEMBL223466,CCc1ccc(Cl)c2c1[C@@H]1CNCCN1C2=O,6.56
5HT2B,CHEMBL604102,N[C@@H]1CCN(c2ccc3[nH]nc(S(=O)(=O)c4cccc5ccccc45)c3c2)C1,6.56
5HT2B,CHEMBL1834258,c1ccc(CCCCN2CCN(Cc3cc4ccccc4o3)CC2)cc1,6.56
5HT2B,CHEMBL549,CN(C)CCCC1(c2ccc(F)cc2)OCc2cc(C#N)ccc21,6.56
5HT2B,CHEMBL3818989,O=C(CCCN1CCc2ccccc2C1)c1ccccc1,6.56
5HT2B,CHEMBL3945224,CC(C)N1CC(CN2CCN(C(c3ccccc3)c3ccccc3)CC2)OC1=O,6.56
5HT2B,CHEMBL4094164,COc1ccc(F)cc1C1CC1CNCc1cccnc1OC,6.56
5HT2B,CHEMBL4777303,COc1ccc2c(c1[C@@H]1C[C@H]1CN)CCO2.O=C(O)C(F)(F)F,6.56
5HT2B,CHEMBL215461,CN1CCC2(CC1)Oc1ccccc1C1CC(c3ccc(Cl)cc3)=NN12,6.55
5HT2B,CHEMBL374562,Cc1cc2c(c(C(F)(F)F)c1)C(=O)N1CCNC[C@@H]21,6.55
5HT2B,CHEMBL470432,CCCN1CCC(COc2nc3scc(C)c3n3cccc23)CC1,6.55
5HT2B,CHEMBL590331,Cc1ccc2c(c1)N1CCNCC1NC2=O,6.55
5HT2B,CHEMBL1275630,CC(C)Cn1nc(S(=O)(=O)c2cccc3ccccc23)c2cc(N3CCNCC3)ccc21,6.55
5HT2B,CHEMBL275742,CC(C)NC[C@@H](O)COc1cccc2ccccc12,6.55
5HT2B,CHEMBL1411080,COc1cccc(NC2=NC(N)=NC3(CCCCC3)N2)c1,6.55
5HT2B,CHEMBL4541617,COc1ccccc1CNCC1CC1(F)c1cc(F)ccc1OC.Cl,6.55
5HT2B,CHEMBL5074190,COc1ccccc1-c1cc(CCN(C)C)ccc1Cl,6.55
5HT2B,CHEMBL4748908,CN1CCN(c2ccnc(NCCc3ccccc3)n2)CC1,6.55
5HT2B,CHEMBL5432040,Oc1cc2c3c(c1Cl)-c1ccccc1CC3NCC2,6.55
5HT2B,CHEMBL519240,Nc1nc2c(c(N3CCNCC3)n1)CCC1=C2[C@@H]2CCCC[C@@H]2O1,6.55
5HT2B,CHEMBL223292,Cc1ccc(Cl)c2c1[C@@H]1CNCCN1C2=O,6.54
5HT2B,CHEMBL1834253,COc1cccc(CCN2CCN(Cc3cc4ccccc4o3)CC2)c1,6.54
5HT2B,CHEMBL2023357,NC[C@H]1C[C@@H]1c1cc(F)ccc1OCC1CC1,6.54
5HT2B,CHEMBL2058702,C/N=C1\NC(=O)/C(=C/c2c[nH]c3ccccc23)N1,6.54
5HT2B,CHEMBL5432445,NC[C@@H]1C[C@@H]1c1cc(F)ccc1OCC1CC1,6.54
5HT2B,CHEMBL206394,CCO[C@@H](C)c1ccc2c(n1)N1[C@@H](CNC[C@H]1C)C2,6.53
5HT2B,CHEMBL3958215,O=C1c2ccc(F)cc2CC1CCN1CCc2ccccc2C1,6.53
5HT2B,CHEMBL3963333,O=C1OC(CN2CCN(C(c3ccccc3)c3ccccc3)CC2)CN1C1CC1,6.53
5HT2B,CHEMBL405829,O=[N+]([O-])c1ccc2c(c1Cl)CCNCC2,6.52
5HT2B,CHEMBL402143,COc1c(OCCF)cccc1C(O)C1CCN(CCc2ccc(F)cc2)CC1,6.52
5HT2B,CHEMBL565551,Cc1cnc(N[C@H]2CC[C@@H](NC(=O)c3ccc(F)cc3)CC2)nc1N(C)C,6.52
5HT2B,CHEMBL577912,Cc1cnc(N[C@H]2CC[C@@H](NC(=O)c3ccc(Cl)cc3)CC2)nc1N(C)C,6.52
5HT2B,CHEMBL609306,Clc1ccccc1O[C@H]1CCc2ccc(N3CCNCC3)nc21,6.52
5HT2B,CHEMBL1214895,CCOc1cccc(CN2CCN(Cc3cc4ccccc4o3)CC2)c1,6.52
5HT2B,CHEMBL2022186,CCCOc1ccccc1[C@H]1C[C@@H]1CN.Cl,6.52
5HT2B,CHEMBL2413153,Cn1c(=O)cnn(CCCCN2CCN(c3ccccc3OCCF)CC2)c1=O,6.52
5HT2B,CHEMBL3402665,CN(C)[C@@H]1Cc2ccccc2[C@@H](c2ccc(Cl)cc2)C1.Cl,6.52
5HT2B,CHEMBL3402684,CN(C)[C@@H]1Cc2ccccc2[C@@H](c2ccccc2Cl)C1.Cl,6.52
5HT2B,CHEMBL3609143,COc1cc2c3c(c1OCC1CC1)-c1cc4c(cc1CC3N(C)CC2c1ccccc1)OCO4,6.52
5HT2B,CHEMBL5398630,O=C(O)/C=C/C(=O)O.[2H]C([2H])(Cc1c[nH]c2ccccc12)N(C)C,6.52
5HT2B,CHEMBL102347,COc1cc(CCN)c2c(c1OC)OCC2,6.51
5HT2B,CHEMBL138989,C[C@@H]1C[C@@H](C)N1C(=O)[C@@H]1C=C2c3cccc4[nH]cc(c34)CC2N(C)C1,6.51
5HT2B,CHEMBL223896,O=C1c2c(Cl)cccc2C2CNCCN12,6.51
5HT2B,CHEMBL403764,Fc1ccc(-c2nc(Cc3ccccc3)nc3c2CCNC3)cc1,6.51
5HT2B,CHEMBL1834251,c1ccc(CCN2CCN(Cc3cc4ccccc4o3)CC2)cc1,6.51
5HT2B,CHEMBL3609140,CCCOc1c(OC)cc2c3c1-c1cc4c(cc1CC3N(C)CC2c1ccccc1)OCO4,6.51
5HT2B,CHEMBL4209052,c1cc(CC2CCC2)c2c(n1)N1CCNCC1CC2,6.51
5HT2B,CHEMBL4740346,CCOc1ccc2oc(CC)cc2c1[C@H]1C[C@@H]1CN.Cl,6.51
5HT2B,CHEMBL5757502,Cc1ccccc1Oc1cc(Cl)ccc1O[C@H]1CCNC1,6.51
5HT2B,CHEMBL301784,Cc1ncccc1Oc1ccc(NC(=O)N2CCc3cc(Cl)c(Cl)cc32)cn1,6.5
5HT2B,CHEMBL433060,Cc1ncccc1Oc1ccc(NC(=O)N2CCc3cc(I)ccc32)cn1,6.5
5HT2B,CHEMBL92809,COc1cc(OC)c(C(=O)CCCCN2CCC3(CC2)NC(=O)NC3=O)cc1NS(=O)(=O)c1ccc(NC(C)=O)cc1,6.5
5HT2B,CHEMBL89967,COc1cc(OC)c(C(=O)CCCCN2CCC3(CC2)NC(=O)NC3=O)cc1NS(=O)(=O)c1ccc(C)cc1,6.5
5HT2B,CHEMBL88402,COc1cc(OC)c(C(=O)CCCCN2CCC3(CC2)NC(=O)NC3=O)cc1NS(=O)(=O)c1ccc(C(F)(F)F)cc1,6.5
5HT2B,CHEMBL360492,CC1CNCCc2cc(F)c(Cl)cc21,6.5
5HT2B,CHEMBL197807,COc1ccc(N2CCN(c3ccc(Cl)c(Cl)c3)C2=O)cc1OCCN1CCCCC1,6.5
5HT2B,CHEMBL198007,COc1ccc(N2CCN(c3ccc(Cl)c(Cl)c3)C2=O)cc1OCCN1CCOCC1,6.5
5HT2B,CHEMBL208936,FC(F)(F)c1ccnc(N2CCC3CNCC32)n1,6.5
5HT2B,CHEMBL376962,COc1ccc(N2CC=C(c3ccc(Cl)c(Cl)c3)C2=O)cc1OCCN1CCC(C)(C)CC1,6.5
5HT2B,CHEMBL396527,COc1ccc(N2Cc3cc(C)cc(C)c3C2=O)cc1OCCN1CCC(C)CC1,6.5
5HT2B,CHEMBL396505,COc1ccc(N2Cc3cccc(Cl)c3C2=O)cc1OCCN1CCCCC1,6.5
5HT2B,CHEMBL515472,COc1c(OCCF)cccc1[C@H](O)C1CCN(CCc2ccc(F)cc2)CC1,6.5
5HT2B,CHEMBL490417,Cc1ccc2c(N3CCN(CCc4ccc5c(c4)NC(=O)CO5)CC3)cccc2n1,6.5
5HT2B,CHEMBL577904,Cc1cnc(N[C@H]2CC[C@@H](CNC(=O)c3ccc(F)c(F)c3)CC2)nc1N(C)C,6.5
5HT2B,CHEMBL1222552,C1=C(N2CCNCC2)c2nccn2Cc2ccccc21,6.5
5HT2B,CHEMBL1222763,CC(C)(CN1CCN(C2=Cc3ccccc3Cn3cc(F)nc32)CC1)C(=O)O,6.5
5HT2B,CHEMBL1632158,COC(=O)CCCCCN1CCC(CNC(=O)c2c3n(c4ccccc24)CCCO3)CC1,6.5
5HT2B,CHEMBL86,CCN(CC)CCNC(=O)c1cc(Cl)c(N)cc1OC,6.5
5HT2B,CHEMBL1334465,Cc1cc(NC(=O)Nc2ccc(N(C)C)cc2)c2cc(F)cc(F)c2n1,6.5
5HT2B,CHEMBL4286819,NC1=NC2(CCCCC2)NC(Nc2cccc(O)c2)=N1,6.5
5HT2B,CHEMBL4476396,Cc1ccc(N2C[C@@]3(C)NCC[C@H]3c3cc(C)ccc32)cc1,6.5
5HT2B,CHEMBL4591108,C[C@@]12CN(c3ccc(Br)cc3)c3ccc(Br)cc3[C@@H]1CCN2,6.5
5HT2B,CHEMBL4639054,CC(C)Cc1ccc2c3c1CCN3CCNC2,6.5
5HT2B,CHEMBL4637882,CC1(C)CN2CCNCc3ccc(F)c1c32,6.5
5HT2B,CHEMBL5084249,CCN(CC)CCc1ccc(Cl)c(-c2ccccc2OC)c1,6.5
5HT2B,CHEMBL5177718,Cc1ccc(O)c(C2NCCc3c2[nH]c2ccc(F)cc32)c1.Cl,6.5
5HT2B,CHEMBL11,CN(C)CCCN1c2ccccc2CCc2ccccc21,6.5
5HT2B,CHEMBL601719,C[C@@H](Oc1cc(-c2cnn(C3CCNCC3)c2)cnc1N)c1c(Cl)ccc(F)c1Cl,6.5
5HT2B,CHEMBL1201250,CCN(CC)C(=O)C1CN2CCc3cc(OC)c(OC)cc3C2CC1OC(C)=O,6.5
5HT2B,CHEMBL5633118,Ic1nc(N[C@H](C2CCC2)C2CC2)c2nc[nH]c2n1,6.5
5HT2B,CHEMBL395110,CN1CCCC(CN2c3ccccc3Sc3ccccc32)C1,6.49
5HT2B,CHEMBL2164350,O=C(C1CCCCC1)N(CCN1CCN(c2ccccc2)CC1)c1ccccn1,6.49
5HT2B,CHEMBL464099,COc1cc2c(cc1O)C[C@H]1c3c(cc(OC)c(OC)c3-2)CCN1C,6.49
5HT2B,CHEMBL3971383,Cl.Clc1ccc2sc(CCCCN3CCc4c(Cl)cccc4C3)nc2c1,6.49
5HT2B,CHEMBL2218861,CCCN1CC(NS(=O)(=O)N(CC)CC)CC2Cc3c(O)cccc3CC21,6.49
5HT2B,CHEMBL1834259,COc1ccccc1CCCCN1CCN(Cc2cc3ccccc3o2)CC1,6.48
5HT2B,CHEMBL141343,Cc1c(C)c2c(c(C)c1O)CCC(C)(CN1CCN(c3cc(N4CCCC4)nc(N4CCCC4)n3)CC1)O2,6.48
5HT2B,CHEMBL2022185,CCOc1ccccc1[C@H]1C[C@@H]1CN.Cl,6.48
5HT2B,CHEMBL2170062,Cc1cc(OCCN2CCOCC2)nn1-c1ccc2ccccc2c1,6.48
5HT2B,CHEMBL3913293,CC(=O)NCCNC(=O)[C@@]12C[C@@H]1[C@@H](n1cnc3c(NC(C4CC4)C4CC4)nc(Cl)nc31)[C@H](O)[C@@H]2O,6.48
5HT2B,CHEMBL4094054,COc1ccc(F)cc1C1CC1CNCc1ccccc1C(N)=O.Cl,6.48
5HT2B,CHEMBL4584140,O[C@H]1[C@H](n2cnc3c(NC(C4CCC4)C4CCC4)nc(Cl)nc32)[C@H]2C[C@@]2(CSc2ccccc2F)[C@H]1O,6.48
5HT2B,CHEMBL6010688,CN1CCN2c3nccc(CCC(F)(F)F)c3CC[C@@H]2C1,6.48
5HT2B,CHEMBL472791,O=C(c1ccc(-c2cccnc2)cc1)N1CCC(c2nc3ccccc3[nH]2)CC1,6.47
5HT2B,CHEMBL2181166,Fc1cccc2c1nc(OCC1CCN(CCCc3ccc(I)cc3)CC1)c1cccnc12,6.47
5HT2B,CHEMBL2397899,CCCc1ccc2c(c1)C[C@@H]1CNCCN1C2=O,6.47
5HT2B,CHEMBL2397915,O=C1c2cc(C(F)(F)F)ccc2C[C@@H]2CNCCN12,6.47
5HT2B,CHEMBL3819434,Cl.OC1(c2ccc(Cl)cc2)CC2CCC(C1)N2CCCCc1nc2ccccc2s1,6.47
5HT2B,CHEMBL5089613,C=C[C@H]1CN2CCc3c([nH]c4cccc(O)c34)[C@@H]2C[C@@H]1/C(=C\OC)C(=O)OC,6.47
5HT2B,CHEMBL5177484,Cl.Oc1ccc(Br)cc1C1NCCc2c1[nH]c1ccc(F)cc21,6.47
5HT2B,CHEMBL184717,Cc1cc(N2CCN(C)CC2)nc2ccc(NC(=O)COc3ccc(Cl)cc3)cc12,6.46
5HT2B,CHEMBL215024,Clc1ccc(C2=NN3C(C2)c2ccccc2OC32CCN(Cc3ccccc3)CC2)cc1,6.46
5HT2B,CHEMBL492917,Cl.NC[C@H]1C[C@@H]1c1ccccc1C(F)(F)F,6.46
5HT2B,CHEMBL1642865,Cl.NCCC(=O)Nc1ccc2[nH]nc(S(=O)(=O)c3cccc4ccccc34)c2c1,6.46
5HT2B,CHEMBL1834260,COc1cccc(CCCCN2CCN(Cc3cc4ccccc4o3)CC2)c1,6.46
5HT2B,CHEMBL2058420,CN1C(=N)N(C)/C(=C/c2c[nH]c3c(Br)cccc23)C1=O,6.46
5HT2B,CHEMBL4790992,C=CCOc1ccc2occc2c1[C@H]1C[C@@H]1CN.Cl,6.46
5HT2B,CHEMBL3183055,CN(C)CCc1c[nH]c2ccccc12.O=C(O)/C=C/C(=O)O,6.46
5HT2B,CHEMBL522514,O=S(=O)(c1ccc2c(c1)CCNCC2)N1CCCC1,6.45
5HT2B,CHEMBL524778,O=c1cc2c(nn1Cc1ccccc1)CCNCC2,6.45
5HT2B,CHEMBL577903,c1ccc(COc2n[nH]c3c2CCNCC3)cc1,6.45
5HT2B,CHEMBL1834261,COc1ccc(CCCCN2CCN(Cc3cc4ccccc4o3)CC2)cc1,6.45
5HT2B,CHEMBL862,N=C(N)NC(=O)Cc1c(Cl)cccc1Cl,6.45
5HT2B,CHEMBL2058706,C/N=C1\NC(=O)/C(=C/c2c[nH]c3c(Br)cccc23)N1,6.45
5HT2B,CHEMBL3818056,O=C(CCCN1CCc2ccccc2C1)c1ccc(O)cc1,6.45
5HT2B,CHEMBL4870675,COc1cccc(-c2n[nH]cc2N2CCNCC2)c1,6.45
5HT2B,CHEMBL5195241,COc1cc2c(cc1OC)-c1c(OC)c(OCc3ccc(Br)cc3)cc3c1[C@H](C2)N(C)CC3,6.45
5HT2B,CHEMBL492305,Cl.NC[C@H]1C[C@@H]1c1cccc(F)c1F,6.44
5HT2B,CHEMBL4169752,c1ccc(CN2CCc3cc(N4CCOCC4)ccc3C2)cc1,6.44
5HT2B,CHEMBL4575163,COc1ccccc1CNC[C@H]1C[C@]1(F)c1ccccc1.Cl,6.44
5HT2B,CHEMBL4648457,Clc1ccc2c3c1OCCN3CCNC2,6.44
5HT2B,CHEMBL1707,CN(C)C(=O)C(CCN1CCC(O)(c2ccc(Cl)cc2)CC1)(c1ccccc1)c1ccccc1.Cl,6.44
5HT2B,CHEMBL2058694,O=C1NC(=S)N/C1=C\c1c[nH]c2cccc(Br)c12,6.43
5HT2B,CHEMBL1644980,OC1(c2ccc(Cl)c(C(F)(F)F)c2)CCN(CCCC(c2ccccc2)c2ccccc2)CC1,6.43
5HT2B,CHEMBL5759431,FC(F)(F)c1ccnc(COc2ccc(Cl)cc2OC2CNC2)c1,6.43
5HT2B,CHEMBL178124,CC1CNCCc2ccc(C(F)(F)F)cc21,6.42
5HT2B,CHEMBL383051,COCc1ccc2c(n1)N1[C@@H](CNC[C@H]1C)C2,6.42
5HT2B,CHEMBL373905,CCCc1cc2c(c(C(F)(F)F)c1)C(=O)N1CCNC[C@@H]21,6.42
5HT2B,CHEMBL1224033,CCCNC(=O)N1OCC2CSc3ccc(F)cc3C21,6.42
5HT2B,CHEMBL1643679,COc1ccccc1OC1CN(c2c3c(nc4ccnn24)CCNCC3)C1,6.42
5HT2B,CHEMBL4204576,C[C@@H]1SC(c2ccccc2)=N[C@H]1Cc1c[nH]cn1,6.42
5HT2B,CHEMBL5749039,c1ccc(Cc2ccnc3c2CC[C@@H]2CNCCN32)nc1,6.42
5HT2B,CHEMBL3978642,Cl.O=C1c2ccccc2CC1CCN1CCc2ccccc2C1,6.41
5HT2B,CHEMBL4167315,COc1cccc(-c2ccc3c(c2)CN(Cc2ccccc2)C3)c1,6.41
5HT2B,CHEMBL4642292,Cc1nccc2c1C(C)(C)Nc1cc(Br)ccc1-2,6.41
5HT2B,CHEMBL4634836,Clc1ccc2c3c1SCCN3CCNC2,6.41
5HT2B,CHEMBL300618,O=C(Nc1ccc(OCc2ccccn2)nc1)N1CCc2cc(C(F)(F)F)ccc21,6.4
5HT2B,CHEMBL291510,Cc1ncccc1Oc1ccc(NC(=O)N2CCc3ccc(C(F)(F)F)cc32)cn1,6.4
5HT2B,CHEMBL90175,COc1cc(OC)c(C(=O)CCCCN2CCC3(CC2)NC(=O)NC3=O)cc1NS(=O)(=O)c1ccc(C#N)cc1,6.4
5HT2B,CHEMBL313745,COc1cc(OC)c(C(=O)CCCCN2CCC3(CC2)NC(=O)NC3=O)cc1NS(=O)(=O)c1ccccc1Cl,6.4
5HT2B,CHEMBL90565,COc1cc(OC)c(C(=O)CCCCN2CCC3(CC2)NC(=O)NC3=O)cc1NS(=O)(=O)c1ccc(OC(F)(F)F)cc1,6.4
5HT2B,CHEMBL180166,COc1cc2c(cc1Br)CCNCC2,6.4
5HT2B,CHEMBL185376,Cc1cc(NC(C)C)nc2ccc(NC(=O)COc3ccc(C(F)(F)F)cc3)cc12,6.4
5HT2B,CHEMBL427398,COc1ccc(C2CCN(c3ccc(Cl)c(Cl)c3)C2=O)cc1OCCN1CCCCC1,6.4
5HT2B,CHEMBL253806,COc1cc2c(cc1Cl)[C@@H](C)CNCC2,6.4
5HT2B,CHEMBL257944,CC(C)Cc1nc2c(c(-c3ccc(F)cc3)n1)CNCC2,6.4
5HT2B,CHEMBL515624,O=S(=O)(c1ccccc1)n1cc(Cl)c2cc3c(cc21)CCNCC3,6.4
5HT2B,CHEMBL566379,O=C1Cc2c(ccc3c2OC[C@H](CNCCCC2CCc4c([nH]c5ccc(F)cc45)C2)O3)N1,6.4
5HT2B,CHEMBL595194,Clc1ccccc1O[C@H]1CCCc2ccc(N3CCNCC3)nc21,6.4
5HT2B,CHEMBL1276947,O=C(O)[C@]12C[C@H]1CN(C1CC[C@]3(Cc4ccccc4Cc4ccccc43)C1)C2,6.4
5HT2B,CHEMBL1632220,CCNC(=O)Nc1cccc(CCN2CCN(c3cccc4nc(C)ccc34)CC2)c1,6.4
5HT2B,CHEMBL1631535,Cc1ccc2c(N3CCN(CCc4cccc(NS(C)(=O)=O)c4)CC3)cccc2n1,6.4
5HT2B,CHEMBL3402667,CN(C)[C@@H]1Cc2ccccc2[C@@H](c2ccc(F)cc2)C1.Cl,6.4
5HT2B,CHEMBL3817911,O=C1c2ccccc2C(=O)N1CCCCN1CCC2CCCCC2C1,6.4
5HT2B,CHEMBL3947432,COc1cccc2c1CC[C@@H]1CNCCCN21,6.4
5HT2B,CHEMBL4217810,C[C@H]1SC(c2ccccc2O)=N[C@H]1CO,6.4
5HT2B,CHEMBL4639970,FC(F)(F)CC1CN2CCNCc3cccc1c32,6.4
5HT2B,CHEMBL429689,Fc1ccc2c(c1Cl)CCNCC2,6.39
5HT2B,CHEMBL469729,Cl.NC[C@H]1C[C@@H]1c1ccc(Cl)cc1,6.39
5HT2B,CHEMBL1091207,CSc1nn2c3c(cnc2c1S(=O)(=O)c1ccccc1)CCCC3,6.39
5HT2B,CHEMBL1770379,Cc1cccc(Cc2ncc3c(n2)CCNCC3)c1,6.39
5HT2B,CHEMBL2441619,Cc1ccc2nc(C(F)(F)F)cc(N3CCNCC3)c2c1,6.39
5HT2B,CHEMBL4072722,COc1ccccc1CNC[C@H]1C[C@@H]1c1cc(F)ccc1OC.Cl,6.39
5HT2B,CHEMBL4571641,Clc1ccc(Cc2cc3c(nn2)CCNCC3)cc1,6.39
5HT2B,CHEMBL126224,CN(C)CCCn1c2c(c3ccccc31)CCCCCC2,6.39
5HT2B,CHEMBL375642,CN1CCN2C(=O)c3c(cccc3C(F)(F)F)[C@@H]2C1,6.38
5HT2B,CHEMBL471802,Cl.NC[C@H]1C[C@@H]1c1ccc(F)cc1F,6.38
5HT2B,CHEMBL3416053,C=C(C)COc1ccc(Cl)cc1[C@H]1C[C@@H]1CN.Cl,6.38
5HT2B,CHEMBL3609144,C=CCOc1c(OC)cc2c3c1-c1cc4c(cc1CC3N(C)CC2c1ccccc1)OCO4,6.38
5HT2B,CHEMBL3609147,CCN1CC(c2ccccc2)c2cc(OC)c(OC)c3c2C1Cc1cc2c(cc1-3)OCO2,6.38
5HT2B,CHEMBL3764650,COc1ccccc1N1CCN(CCCCCC(=O)n2c3ccccc3c3ccccc32)CC1.Cl,6.38
5HT2B,CHEMBL4066784,Cc1cccc(Cl)c1-c1nc(CN2CCC(C(=O)NCCCN3C[C@H](C)C[C@H](C)C3)CC2)c(C)o1,6.38
5HT2B,CHEMBL4465663,COc1cc2c3c(c1)-c1c(cccc1OCCCF)C[C@H]3N(C)CC2.Cl,6.38
5HT2B,CHEMBL4877603,Clc1cccc(-c2n[nH]cc2N2CCCNCC2)c1,6.38
5HT2B,CHEMBL5195443,COc1ccc(OC)c(C2NCCc3c2[nH]c2ccc(Cl)cc32)c1.Cl,6.38
5HT2B,CHEMBL5187824,CCc1cc(=O)[nH]c(-n2nc(C)cc2NC(=O)c2ccccc2F)n1,6.38
5HT2B,CHEMBL5188949,CCc1cc(=O)[nH]c(-n2nc(C)cc2NC(=O)c2cccc(C)c2)n1,6.38
5HT2B,CHEMBL5202029,CCc1cccc(C(=O)Nc2cc(C)nn2-c2nc(CC)cc(=O)[nH]2)c1,6.38
5HT2B,CHEMBL5182403,CCc1cc(=O)[nH]c(-n2nc(C)cc2NC(=O)c2ccc(C)c(C)c2)n1,6.38
5HT2B,CHEMBL364061,Oc1cccc2[nH]cc(CCN3CCCC3)c12,6.37
5HT2B,CHEMBL215404,CN1CCC2(CC1)Oc1ccc(Br)cc1C1CC(c3ccccc3OC(F)F)=NN12,6.37
5HT2B,CHEMBL384745,CN1CCC2(CC1)Oc1ccccc1C1CC(c3ccc(Br)cc3)=NN12,6.37
5HT2B,CHEMBL598444,CN(C)[C@@H]1CCN(c2ccc3[nH]nc(S(=O)(=O)c4cccc5ccccc45)c3c2)C1,6.37
5HT2B,CHEMBL1644978,OC1(c2ccc(Cl)c(C(F)(F)F)c2)CCN(CCCCC(c2ccc(F)cc2)c2ccc(F)cc2)CC1,6.37
5HT2B,CHEMBL1303,CCCN(CCc1cccs1)[C@H]1CCc2c(O)cccc2C1,6.37
5HT2B,CHEMBL5395401,CCN(CC)CCCC(C)Nc1cnc(C(=O)Nc2ccc(Cl)c3cccnc23)cn1,6.37
5HT2B,CHEMBL5523395,Cc1c(Nc2cc(Cc3cccc(C(F)(F)F)c3)ccn2)cccc1C(=O)NCCO,6.37
5HT2B,CHEMBL364863,Cc1cc(N2CCN(C)CC2)nc2ccc(NC(=O)COc3ccc(C(F)(F)F)cc3)cc12,6.36
5HT2B,CHEMBL205671,COc1ccc2c(n1)N1[C@@H](CNC[C@H]1C)C2,6.36
5HT2B,CHEMBL598851,NC1CCN(c2ccc3[nH]nc(S(=O)(=O)c4cccc(Cl)c4)c3c2)CC1,6.36
5HT2B,CHEMBL4635293,[O-][S+]1CCN2CCNCc3ccc(Cl)c1c32,6.36
5HT2B,CHEMBL4781163,C=CCOc1ccc2oc(CC)cc2c1[C@H]1C[C@@H]1CN.Cl,6.36
5HT2B,CHEMBL5633642,O[C@H]1[C@H](n2cnc3c(NC(C4CCCCC4)C4CCCCC4)nc(Cl)nc32)[C@H]2C[C@@]2(CF)[C@H]1O,6.36
5HT2B,CHEMBL2442271,N=C1NC(=O)/C(=C\c2c[nH]c3cccc(Br)c23)N1,6.35
5HT2B,CHEMBL4538660,FC(F)(F)c1cccc(Cc2cc3c(nn2)CCNCC3)c1,6.35
5HT2B,CHEMBL4762225,Cl.NC[C@@H]1C[C@H]1c1c(OCCF)ccc2occc12,6.35
5HT2B,CHEMBL4852622,Cc1ccc(-c2n[nH]cc2N2CCNCC2)cc1,6.35
5HT2B,CHEMBL5633551,O[C@H]1[C@H](n2cnc3c(NC(C4CCCC4)C4CCCC4)nc(Cl)nc32)[C@H]2C[C@@]2(CF)[C@H]1O,6.35
5HT2B,CHEMBL392760,NCCc1cn(S(=O)(=O)c2c(Cl)nc3sccn23)c2ccccc12,6.34
5HT2B,CHEMBL501526,Cl.NC[C@H]1C[C@@H]1c1ccc(Cl)cc1F,6.34
5HT2B,CHEMBL605971,Cn1nc2ccc(N3CC[C@@H](N)C3)cc2c1S(=O)(=O)c1cccc2ccccc12,6.34
5HT2B,CHEMBL2442274,N=C1NC(=O)/C(=C\c2c[nH]c3c(Br)cccc23)N1,6.34
5HT2B,CHEMBL3769828,Cl.NCC1CC1c1cc(F)c(F)cc1OCCF,6.34
5HT2B,CHEMBL4786831,CC(C)Oc1ccc2occc2c1[C@@H]1C[C@H]1CN.Cl,6.34
5HT2B,CHEMBL5207023,Cl.Oc1ccc(Br)cc1C1NCCc2c1[nH]c1ccc(Cl)cc21,6.34
5HT2B,CHEMBL383042,COc1ccccc1CN[C@@H](C)Cn1ccc2ccc3ncccc3c21,6.33
5HT2B,CHEMBL222466,COc1cc2c(cc1Cl)[C@@H]1CNCCN1C2=O,6.33
5HT2B,CHEMBL374659,O=C1c2c(cc(CO)cc2C(F)(F)F)[C@@H]2CNCCN12,6.33
5HT2B,CHEMBL476839,COc1c(OCCF)cccc1C(O)C1CCN(CCc2ccc(C)cc2)CC1,6.33
5HT2B,CHEMBL576651,O=c1cc2c(nn1Cc1ccc(C(F)(F)F)cc1)CCNCC2,6.33
5HT2B,CHEMBL1083654,CNc1nn2c3c(cnc2c1S(=O)(=O)c1ccccc1)CCC3,6.33
5HT2B,CHEMBL1834254,COc1ccc(CCN2CCN(Cc3cc4ccccc4o3)CC2)cc1,6.33
5HT2B,CHEMBL43064,C(=C/c1ccccc1)\CN1CCN(C(c2ccccc2)c2ccccc2)CC1,6.33
5HT2B,CHEMBL4587144,OC[C@@]12C[C@@H]1[C@@H](n1cnc3c(N[C@H]4C[C@H]5CC[C@@H]4C5)nc(Cl)nc31)[C@H](O)[C@@H]2O,6.33
5HT2B,CHEMBL5396618,Clc1cccc2c1OC1(C=C2)CCNCC1,6.33
5HT2B,CHEMBL13086,CN(C)CCc1c[nH]c2sccc12,6.32
5HT2B,CHEMBL492348,O=S(=O)(Nc1ccccc1Cl)c1ccc2c(c1)CCNCC2,6.32
5HT2B,CHEMBL492950,CN(c1ccccc1)S(=O)(=O)c1ccc2c(c1)CCNCC2,6.32
5HT2B,CHEMBL49,O=C1CC2(CCCC2)CC(=O)N1CCCCN1CCN(c2ncccn2)CC1,6.32
5HT2B,CHEMBL2337496,Cc1cc(Cl)c2c(c1)[C@H]1CNC[C@@H]1NC2=O.Cl,6.32
5HT2B,CHEMBL3986927,O=C1Cc2cc(C(=O)CCCN3CCc4ccccc4C3)ccc2N1,6.32
5HT2B,CHEMBL3904817,CCC(CC)Nc1nc(Cl)nc2c1ncn2[C@H]1[C@H](O)[C@H](O)[C@]2(CO)C[C@H]12,6.32
5HT2B,CHEMBL1738797,CCc1cc2c(cc1N1CCC(N3CCOCC3)CC1)C(C)(C)c1[nH]c3cc(C#N)ccc3c1C2=O,6.32
5HT2B,CHEMBL5405688,COc1ccc2[nH]nc(CCN(C)C)c2c1,6.32
5HT2B,CHEMBL5419983,Cn1ccc2cc(-n3c(=O)[nH]c4sc5c(c4c3=O)CCCC5)ccc21,6.32
5HT2B,CHEMBL501117,Cl.NC[C@H]1C[C@@H]1c1ccccc1O,6.31
5HT2B,CHEMBL599663,Cc1ccc(S(=O)(=O)c2n[nH]c3ccc(N4CCC(N)CC4)cc23)c2ccccc12,6.31
5HT2B,CHEMBL1224035,CCCCNC(=O)N1OCC2CSc3ccc(F)cc3C21,6.31
5HT2B,CHEMBL221811,COc1ccc2[nH]c3c(c2c1)CCNC3C,6.31
5HT2B,CHEMBL2397884,CN1CCN2C(=O)c3ccccc3C[C@@H]2C1,6.31
5HT2B,CHEMBL2058417,C/N=C1\NC(=O)/C(=C\c2c[nH]c3cc(Br)ccc23)N1C,6.31
5HT2B,CHEMBL3771373,Cc1ccc(NC2=NC(N)=NC3(CCCCC3)N2)cc1,6.31
5HT2B,CHEMBL4213971,Brc1ccnc2c1CC[C@@H]1CNCCN21,6.31
5HT2B,CHEMBL4548689,Nc1nc(NCc2ccccc2)nc(-c2ccccc2CO)n1,6.31
5HT2B,CHEMBL5306285,C[C@H](NC(=O)c1cn(C2(C#N)CC2)cn1)C(=O)Nc1nc(-c2cccc(-c3ccn(C)n3)c2)cs1,6.31
5HT2B,CHEMBL55388,O=C(Nc1ccc(OCc2ccccn2)nc1)N1CCc2cc(Br)ccc21,6.3
5HT2B,CHEMBL71707,O=C(/C=C/c1ccc(Cl)c(Cl)c1)N[C@H]1CC[C@@H](CN2[C@@H]3CC[C@H]2C[C@H](c2c[nH]c4ccc(O)cc24)C3)CC1,6.3
5HT2B,CHEMBL277732,COc1cc2c(cc1C(F)(F)F)N(C(=O)Nc1cncc(-c3cc(F)cc(F)c3)c1)CC2,6.3
5HT2B,CHEMBL56050,Cc1ncccc1Oc1ccc(NC(=O)N2CCc3c2ccc(Cl)c3Cl)cn1,6.3
5HT2B,CHEMBL181672,CC1CNCCc2cc(Cl)ccc21,6.3
5HT2B,CHEMBL198330,COc1ccc(N2CCN(c3cccc(F)c3)C2=O)cc1OCCN1CCCCC1,6.3
5HT2B,CHEMBL213839,COc1ccc(N2CC=C(c3cccc(F)c3)C2=O)cc1OCCN1CCCCC1,6.3
5HT2B,CHEMBL212886,COc1ccc(N2CC=C(c3cccc(Cl)c3)C2=O)cc1OCCN1CCC(C)CC1,6.3
5HT2B,CHEMBL438963,COc1ccc(C2=CCN(c3cccc(F)c3)C2=O)cc1OCCN1CCCCC1,6.3
5HT2B,CHEMBL426684,COc1ccc(C2=C(C)CN(c3ccc(Cl)cc3)C2=O)cc1OCCN1CCCCC1,6.3
5HT2B,CHEMBL213006,CCCN1CCC2(CC1)Oc1ccccc1C1CC(c3ccccc3Cl)=NN12,6.3
5HT2B,CHEMBL219734,O=C1c2c(OC(F)(F)F)cccc2C2CNCCN12,6.3
5HT2B,CHEMBL396748,COc1ccc(N2Cc3cccc(C(F)(F)F)c3C2=O)cc1OCCN1CCC(C)CC1,6.3
5HT2B,CHEMBL254009,C[C@H]1CNCCc2ccc(C(F)(F)F)cc21,6.3
5HT2B,CHEMBL476108,O=C(CCCN1CCCN(c2ccc(Cl)cc2)CC1)c1ccc(F)cc1,6.3
5HT2B,CHEMBL572252,C[C@@H](COc1ccccc1Cl)n1nc(N2CCNCC2)ccc1=O,6.3
5HT2B,CHEMBL1214829,c1ccc(CN2CCN(Cc3cc4ccccc4o3)CC2)cc1,6.3
5HT2B,CHEMBL1631540,Cc1ccc2c(N3CCN(CCc4cccc(N5CCNC5=O)c4)CC3)cccc2n1,6.3
5HT2B,CHEMBL1643854,COc1ccc(OC2CN(c3c4c(nc5ccnn35)CCNCC4)C2)cc1,6.3
5HT2B,CHEMBL1651095,C[C@@H]1SC(c2ccccc2O)=N[C@@H]1CO,6.3
5HT2B,CHEMBL1231,CCN(CC)CC#CCOC(=O)C(O)(c1ccccc1)C1CCCCC1,6.3
5HT2B,CHEMBL2424668,Cl.O=C(Cc1ccc(OC2CCNCC2)cc1OCCF)N1CCC(N2C(=O)CCc3ccccc32)CC1,6.3
5HT2B,CHEMBL3769421,Cl.NCC1CC1c1cc(Cl)c(F)cc1OCCF,6.3
5HT2B,CHEMBL3924565,Cl.O=C(CCCN1CCCc2ccccc2C1)c1ccc(Cl)cc1,6.3
5HT2B,CHEMBL3919861,c1ccc2c(c1)CC[C@@H]1CCNCCCN21,6.3
5HT2B,CHEMBL4169689,CCOC(=O)CCN1CCN(c2ccc3c(c2)CN(C(=O)OCc2ccccc2)CC3)CC1,6.3
5HT2B,CHEMBL4218672,Fc1ccc(-c2noc3c2CCNCC3)cc1,6.3
5HT2B,CHEMBL4457754,C[C@@]12CN(c3ccccc3)c3ccccc3[C@@H]1CCN2,6.3
5HT2B,CHEMBL4441621,CC(=O)N1CC[C@H]2c3cccc(-c4ccccc4)c3OC[C@]21C,6.3
5HT2B,CHEMBL4644315,c1cc2c3c(c1)CNCCN3CCCC2,6.3
5HT2B,CHEMBL400599,CC(Cc1cccc(C(F)(F)F)c1)NCCOC(=O)c1ccccc1,6.3
5HT2B,CHEMBL5409958,OC[C@H]1O[C@@H](n2cc(C(F)(F)F)c3c(NCc4ccccc4)ncnc32)[C@H](O)[C@@H]1O,6.3
5HT2B,CHEMBL59898,CCOC(=O)c1c(C)[nH]c2ccc3c(c12)CN1CCc2cc(OC)ccc2C1O3,6.3
5HT2B,CHEMBL5632857,O[C@H]1[C@H](n2cnc3c(NC(C4CCCC4)C4CCCC4)nc(Cl)nc32)[C@H]2C[C@@]2(CCl)[C@H]1O,6.3
5HT2B,CHEMBL5835274,Fc1ccc(Oc2cc(Cl)ccc2O[C@H]2CCNC2)cc1,6.3
5HT2B,CHEMBL474885,Cl.NC[C@H]1C[C@@H]1c1ccc2ccccc2c1,6.29
5HT2B,CHEMBL2397895,N#Cc1cccc2c1C(=O)N1CCNC[C@H]1C2,6.29
5HT2B,CHEMBL3819153,O=c1[nH]c2cc(Cl)ccc2n1C1CCN(CCCCc2nc3ccccc3o2)CC1,6.29
5HT2B,CHEMBL4278465,OC1(c2ccc(Cl)c(C(F)(F)F)c2)CCN(CCCCN(c2ccc(F)cc2)c2ccc(F)cc2)CC1,6.29
5HT2B,CHEMBL4752604,Cl.NC[C@@H]1C[C@H]1c1c(OCC2CC2)ccc2occc12,6.29
5HT2B,CHEMBL5072247,CC[C@H]1CN2CCc3c([nH]c4cccc(O)c34)[C@@H]2C[C@@H]1/C(=C\OC)C(=O)OC,6.29
5HT2B,CHEMBL1505,CN(C)CCc1c[nH]c2ccc(CS(=O)(=O)N3CCCC3)cc12,6.29
5HT2B,CHEMBL4475494,CC(C)(O)[C@H](F)CN1Cc2cc(NC(=O)c3cnn4cccnc34)c(N3CCOCC3)cc2C1=O,6.29
5HT2B,CHEMBL2442267,C/N=C1/N/C(=C/c2c[nH]c3ccc(Br)cc23)C(=O)N1C,6.28
5HT2B,CHEMBL3260335,Cc1nc(COc2ccc(Cl)cc2OC2CNC2)cs1,6.28
5HT2B,CHEMBL3321792,OC1(c2ccc(Cl)cc2)CC2CCC(C1)N2CCCSc1ccccc1F,6.28
5HT2B,CHEMBL3770873,NC1=NC2(CCCCC2)NC(Nc2ccc(Cl)cc2)=N1,6.28
5HT2B,CHEMBL3908870,CC1(C)CC(=O)N(CCCCN2Cc3ccccc3C2)C(=O)C1,6.28
5HT2B,CHEMBL214957,COc1cc(-n2cnc3cc(-c4ccc(Cl)cc4)sc3c2=O)ccc1OCCN1CCCC1,6.28
5HT2B,CHEMBL5632684,CSC[C@@]12C[C@@H]1[C@@H](n1cnc3c(NC(C4CC4)C4CC4)nc(I)nc31)[C@H](O)[C@@H]2O,6.28
5HT2B,CHEMBL386459,CN1CCC2(CC1)Oc1ccc(Br)cc1C1CC(c3ccc(Cl)c(Cl)c3)=NN12,6.27
5HT2B,CHEMBL547,CC1=C(/C=C/C(C)=C/C=C/C(C)=C\C(=O)O)C(C)(C)CCC1,6.27
5HT2B,CHEMBL1411979,CN(C)CCN(Cc1cccs1)c1ccccn1,6.27
5HT2B,CHEMBL2337105,Cc1cc(C(C)C)cc2c1C(=O)N[C@H]1CNC[C@H]21.Cl,6.27
5HT2B,CHEMBL3402661,CN(C)[C@@H]1Cc2ccccc2[C@@H](c2ccc(C(F)(F)F)cc2)C1.Cl,6.27
5HT2B,CHEMBL3983143,CC(=O)NCCCNC(=O)[C@@]12C[C@@H]1[C@@H](n1cnc3c(NC(C4CC4)C4CC4)nc(Cl)nc31)[C@H](O)[C@@H]2O,6.27
5HT2B,CHEMBL4876193,Cc1cccc(-c2n[nH]cc2N2CCCNCC2)c1,6.27
5HT2B,CHEMBL4557026,C[C@H](NC(=O)Nc1cc2[nH]ncc2c(CO)n1)c1ccccn1,6.27
5HT2B,CHEMBL5186011,Cc1ccc(C2NCCc3c2[nH]c2ccc(F)cc32)c(C)c1.Cl,6.27
5HT2B,CHEMBL5170576,COC(=O)Nc1cc(-c2ccc(OC[C@@](C)(N)CC(C)C)c(C)n2)ccn1,6.27
5HT2B,CHEMBL319415,CCOc1c(OC)cc(CCN)cc1OC,6.26
5HT2B,CHEMBL467094,COc1cc2c3c(c1OC)-c1cc4c(cc1CC3N(C)CC2)OCO4,6.26
5HT2B,CHEMBL3952251,Cl.O=C(CCCN1CCc2ccccc2CC1)c1ccc(Cl)cc1,6.26
5HT2B,CHEMBL4482880,COc1cc2c3c(c1)-c1c(cccc1OCCF)C[C@H]3N(C)CC2.Cl,6.26
5HT2B,CHEMBL4636196,c1cc2c3c(c1)C1(CCC1)CN3CCNC2,6.26
5HT2B,CHEMBL4761064,CCc1cc2c([C@H]3C[C@@H]3CN)c(OCCF)ccc2o1.Cl,6.26
5HT2B,CHEMBL4788883,CC(C)C(Nc1nc(Cl)nc2c1ncn2[C@H]1[C@H](O)[C@H](O)[C@]2(CO)C[C@H]12)C(C)C,6.26
5HT2B,CHEMBL4798829,c1ccc2oc(-c3csc(C4CCN(Cc5nc6ncccc6[nH]5)CC4)n3)cc2c1,6.26
5HT2B,CHEMBL5396440,OC[C@H]1O[C@@H](n2cc(C(F)(F)F)c3c(NCc4ccccc4Cl)ncnc32)[C@H](O)[C@@H]1O,6.26
5HT2B,CHEMBL5633183,CCCCSC[C@@]12C[C@@H]1[C@@H](n1cnc3c(NC(C4CCCC4)C4CCCC4)nc(Cl)nc31)[C@H](O)[C@@H]2O,6.26
5HT2B,CHEMBL490632,COc1c(OCCF)cccc1C(=O)C1CCN(CCc2ccc(C)cc2)CC1,6.25
5HT2B,CHEMBL1224032,CC(C)NC(=O)N1OCC2CSc3ccc(F)cc3C21,6.25
5HT2B,CHEMBL1323615,CN1c2ccccc2Sc2cc(N)ccc21,6.25
5HT2B,CHEMBL2436555,Cl.NC1=Nc2ccc(Cl)cc2CN1,6.25
5HT2B,CHEMBL3819366,Cl.Fc1ccc(OCCCN2CCc3ccccc3C2)cc1,6.25
5HT2B,CHEMBL4292719,O=C(NCc1ccccc1)C1CCN(C(=O)c2ccc(-c3ccccc3)cc2)CC1,6.25
5HT2B,CHEMBL4537637,CNC[C@H]1C[C@]1(F)c1ccccc1.Cl,6.25
5HT2B,CHEMBL5596135,Nc1cccc2c1C(=O)N(C1CCCNC1)C2=O,6.25
5HT2B,CHEMBL4101194,COc1ccccc1CNC[C@@H]1C[C@H]1c1cc(F)ccc1OC.Cl,6.24
5HT2B,CHEMBL73151,CCN(CC)C(=O)N[C@H]1C[C@@H]2c3cccc4[nH]cc(c34)C[C@H]2N(C)C1,6.24
5HT2B,CHEMBL597009,CN(C)[C@H]1CCN(c2ccc3[nH]nc(S(=O)(=O)c4cccc5ccccc45)c3c2)C1,6.23
5HT2B,CHEMBL633,CCCCc1oc2ccccc2c1C(=O)c1cc(I)c(OCCN(CC)CC)c(I)c1,6.23
5HT2B,CHEMBL2442277,CN1C(=N)N/C(=C/c2c[nH]c3c(Br)cccc23)C1=O,6.23
5HT2B,CHEMBL2058419,CN1C(=N)N(C)/C(=C/c2c[nH]c3cccc(Br)c23)C1=O,6.23
5HT2B,CHEMBL3819427,NC(=O)c1ccc(C(=O)CCCN2CCc3ccccc3C2)cc1,6.23
5HT2B,CHEMBL4799299,C=C(F)COc1ccc2occc2c1[C@@H]1C[C@H]1CN.Cl,6.23
5HT2B,CHEMBL5198376,COc1ccc(OC)c(C2NCCc3c2[nH]c2ccc(F)cc32)c1.Cl,6.23
5HT2B,CHEMBL5633744,O[C@H]1[C@H](n2cnc3c(NC(C4CCCCC4)C4CCCCC4)nc(Cl)nc32)[C@H]2C[C@@]2(CCl)[C@H]1O,6.23
5HT2B,CHEMBL1277104,CN1CCN(c2ccc3[nH]nc(S(=O)(=O)c4cccc5ccccc45)c3c2)CC1,6.22
5HT2B,CHEMBL1643674,CCNc1c2c(nc3ccnn13)CCNCC2,6.22
5HT2B,CHEMBL404849,CCCCCCCCNC(C)C(O)c1ccc(SC(C)C)cc1,6.22
5HT2B,CHEMBL3609141,CCCCOc1c(OC)cc2c3c1-c1cc4c(cc1CC3N(C)CC2c1ccccc1)OCO4,6.22
5HT2B,CHEMBL259656,O=C(c1cc2c(cc1F)OC(c1ccc(F)cc1)(c1ccc(Cl)cc1Cl)O2)N1CCOCC1,6.22
5HT2B,CHEMBL589390,Cc1ccc2c(c1)c1c(n2CCc2ccc(C)nc2)CCN(C)C1,6.22
5HT2B,CHEMBL472414,O=C(C1CCC(c2ccccc2)CC1)N1CCC(c2nc3ccccc3[nH]2)CC1,6.21
5HT2B,CHEMBL1770377,Fc1ccc(Cc2ncc3c(n2)CCNCC3)cc1,6.21
5HT2B,CHEMBL65,CC[C@@]1(O)C(=O)OCc2c1cc1n(c2=O)Cc2cc3ccccc3nc2-1,6.21
5HT2B,CHEMBL3818994,O=C(CCCN1CCc2ccccc2C1)c1ccc(F)cc1,6.21
5HT2B,CHEMBL4218231,C[C@H]1SC(c2ccccc2O)=N[C@@H]1CO,6.21
5HT2B,CHEMBL4535474,CNCc1ccccc1-c1csc([C@@H](C)Nc2nc(C)nc3cc(OC)c(OC)cc23)c1,6.21
5HT2B,CHEMBL5412183,OC[C@H]1O[C@@H](n2cc(C(F)(F)F)c3c(NCc4cccc(Cl)c4)ncnc32)[C@H](O)[C@@H]1O,6.21
5HT2B,CHEMBL6152859,Cl.Cl.O=C(NCc1ccc(OCC(O)CN2CCN(c3noc4cc(F)ccc34)CC2)cc1)N(Cc1ccc(F)cc1)C1CCNCC1,6.21
5HT2B,CHEMBL292759,COc1ccc(NS(=O)(=O)c2ccc(Br)cc2)cc1N1CCN(C)CC1,6.2
5HT2B,CHEMBL59266,Cc1nc2ccc(NC(=O)Nc3ccnc4ccccc34)cc2o1,6.2
5HT2B,CHEMBL54610,Cc1ncccc1Oc1ccc(NC(=O)N2CCc3cc(C(F)(F)F)ccc32)cn1,6.2
5HT2B,CHEMBL54769,Cc1ncccc1Oc1ccc(NC(=O)N2CCc3cc(Br)ccc32)cn1,6.2
5HT2B,CHEMBL299530,Cc1ncccc1Oc1ccc(NC(=O)N2CCc3cc(F)c(Cl)cc32)cn1,6.2
5HT2B,CHEMBL414628,COc1ccc(S(=O)(=O)N2CCc3ccc(I)cc32)cc1N1CCNCC1,6.2
5HT2B,CHEMBL88571,COc1cc(OC)c(C(=O)CCCCN2CCC3(CC2)NC(=O)NC3=O)cc1NS(=O)(=O)c1ccccc1,6.2
5HT2B,CHEMBL212270,COc1ccc(N2CC=C(c3cccc(Cl)c3)C2=O)cc1OCCN1CCCCC1,6.2
5HT2B,CHEMBL213987,COc1ccc(N2CC=C(c3ccc(Cl)c(Cl)c3)C2=O)cc1OCCN1CCCCC1,6.2
5HT2B,CHEMBL253810,CC[C@@H]1CNCCc2ccc(Cl)cc21,6.2
5HT2B,CHEMBL1222624,CC1CN(C2=Cc3ccccc3Cn3ccnc32)CC(C)N1CCC(=O)O,6.2
5HT2B,CHEMBL1834256,COc1ccccc1CCCN1CCN(Cc2cc3ccccc3o2)CC1,6.2
5HT2B,CHEMBL2181171,CCCN1CCC(COc2nc3ccccc3c3ncccc23)CC1,6.2
5HT2B,CHEMBL519609,CCN(CC)CCCOC(=O)N1c2ccccc2Sc2ccccc21,6.2
5HT2B,CHEMBL3416055,Cl.NC[C@H]1C[C@@H]1c1cc(Cl)ccc1OCCF,6.2
5HT2B,CHEMBL3928762,Clc1ccc2c(c1)CCC1CCNCCCN21,6.2
5HT2B,CHEMBL3933563,Fc1ccc2c(c1)CC[C@@H]1CNCCCN21,6.2
5HT2B,CHEMBL3966227,COc1ccc2c(c1)N1CCCNC[C@H]1CC2,6.2
5HT2B,CHEMBL3950846,CCCc1ccc2c(c1)CCC1CNCCN21,6.2
5HT2B,CHEMBL4556297,COc1ccc2c(c1)[C@@H]1CCN[C@]1(C)CO2,6.2
5HT2B,CHEMBL4642763,Clc1ccc2c3c1CCN3CCNC2,6.2
5HT2B,CHEMBL5187013,COc1cc2c(cc1OC)-c1c(OC)c(OCCF)cc3c1[C@H](C2)N(C)CC3,6.2
5HT2B,CHEMBL46740,Cc1c(-c2ccc(O)cc2)n(Cc2ccc(OCCN3CCCCCC3)cc2)c2ccc(O)cc12,6.2
5HT2B,CHEMBL222566,C=Cc1cc2c(c(C(F)(F)F)c1)C(=O)N1CCNC[C@@H]21,6.19
5HT2B,CHEMBL3402658,CN(C)[C@@H]1Cc2ccccc2[C@@H](c2ccccc2Br)C1.Cl,6.19
5HT2B,CHEMBL2012686,O[C@@H]1[C@H](O)[C@@H]2C[C@@H]2[C@H]1n1cnc2c(NC(C3CC3)C3CC3)nc(Cl)nc21,6.19
5HT2B,CHEMBL4090984,COc1ccc(F)cc1C1CC1CNC1CC1.Cl,6.19
5HT2B,CHEMBL4862745,c1ccc(-c2n[nH]cc2N2CCNCC2)cc1,6.19
5HT2B,CHEMBL3342358,CNc1nc(NCc2ccc(NS(C)(=O)=O)cc2Cl)cc(-c2ccccn2)n1,6.19
5HT2B,CHEMBL5633355,O[C@H]1[C@H](n2cnc3c(NC(C4CCCC4)C4CCCC4)nc(Cl)nc32)[C@H]2C[C@@]2(CSc2ccccc2F)[C@H]1O,6.19
5HT2B,CHEMBL267930,O=C(CCCN1CCC2(CC1)C(=O)NCN2c1ccccc1)c1ccc(F)cc1,6.18
5HT2B,CHEMBL1214892,CCCOc1ccc(CN2CCN(Cc3cc4ccccc4o3)CC2)cc1,6.18
5HT2B,CHEMBL657,CN(C)CCOC(c1ccccc1)c1ccccc1,6.18
5HT2B,CHEMBL2058418,C/N=C1\NC(=O)/C(=C\c2c[nH]c3c(Br)cccc23)N1C,6.18
5HT2B,CHEMBL3099899,COc1ccc(CNC(=O)c2cc(-c3cc(Cl)cc(Cl)c3)cnc2-c2cccnc2)cc1OC,6.18
5HT2B,CHEMBL3609142,CCCCCCOc1c(OC)cc2c3c1-c1cc4c(cc1CC3N(C)CC2c1ccccc1)OCO4,6.18
5HT2B,CHEMBL1436386,Cc1c(C(=O)NC2CCCCC2)sc2nc3ccc(N)cc3n12.Cl,6.18
5HT2B,CHEMBL6045373,N#CCCc1ccnc2c1CC[C@@H]1CNCCN21,6.18
5HT2B,CHEMBL339980,Cc1[nH]c2cccc(NC(=O)c3ccc(F)cc3)c2c1CCN(C)C,6.17
5HT2B,CHEMBL569513,O=c1[nH]c2cccc(N3CCN(CC4CCc5[nH]c6ccc(F)cc6c5C4)CC3)c2o1,6.17
5HT2B,CHEMBL1642851,Cl.O=S(=O)(c1cccc2ccccc12)c1n[nH]c2ccc(NC3CCNCC3)cc12,6.17
5HT2B,CHEMBL1642889,Cl.O=S(=O)(c1ccc2ccccc2c1)c1n[nH]c2ccc(NC3CCNCC3)cc12,6.17
5HT2B,CHEMBL1201216,Cc1ccccc1N1CCN(CCc2nnc3n2CCCC3)CC1,6.17
5HT2B,CHEMBL2397885,C[C@H]1CN2C(=O)c3ccccc3C[C@@H]2CN1,6.17
5HT2B,CHEMBL3967613,CCOC(=O)[C@@]12C[C@@H]1[C@@H](n1cnc3c(N(C)C)nc(Cl)nc31)[C@H](O)[C@@H]2O,6.17
5HT2B,CHEMBL4476784,COc1ccc(OCCN2CCN(C(=O)c3cc4ccccc4[nH]3)CC2)cc1,6.17
5HT2B,CHEMBL790,N=C(NCCCCCCNC(=N)NC(=N)Nc1ccc(Cl)cc1)NC(=N)Nc1ccc(Cl)cc1,6.17
5HT2B,CHEMBL1407943,Clc1ccc(Cn2c(CN3CCCC3)nc3ccccc32)cc1,6.17
5HT2B,CHEMBL30008,Fc1ccc(C(c2ccc(F)cc2)N2CCN(C/C=C/c3ccccc3)CC2)cc1,6.16
5HT2B,CHEMBL4204036,C[C@@H]1SC(c2ccccc2)=N[C@@H]1Cc1c[nH]cn1,6.16
5HT2B,CHEMBL4778870,CC1CCN(c2ccnc(NCc3cn(C)cn3)n2)CC1,6.16
5HT2B,CHEMBL6172453,CC(=O)Nc1cccc2[nH]cc(CCN(C)C)c12,6.16
5HT2B,CHEMBL1643855,c1ccc(OC2CN(c3c4c(nc5ccnn35)CCNCC4)C2)nc1,6.15
5HT2B,CHEMBL502620,CC[C@@]1(O)C[C@H](O[C@H]2C[C@H](N(C)C)[C@H](O[C@H]3C[C@H](O)[C@H](O[C@H]4CCC(=O)[C@H](C)O4)[C@H](C)O3)[C@H](C)O2)c2c(cc3c(c2O)C(=O)c2c(O)cccc2C3=O)[C@H]1C(=O)OC,6.15
5HT2B,CHEMBL3402683,CN(C)[C@H]1Cc2ccccc2[C@H](c2ccccc2Cl)C1.Cl,6.15
5HT2B,CHEMBL3609146,COc1cc2c3c(c1O)-c1cc4c(cc1CC3N(C)CC2c1ccccc1)OCO4,6.15
5HT2B,CHEMBL3771152,C=CCOc1cc(Cl)c(Cl)cc1C1CC1CN.Cl,6.15
5HT2B,CHEMBL493054,C[C@H]([C@H](O)c1ccc(O)cc1)N1CCC(Cc2ccccc2)CC1,6.15
5HT2B,CHEMBL2103773,CCCCCCCCOc1ccccc1C(=O)Nc1ccc(C(=O)OCC[N+](C)(CC)CC)cc1.[Br-],6.15
5HT2B,CHEMBL5418175,C[C@@H](Nc1ncnc2c1c(C(F)(F)F)cn2[C@@H]1O[C@H](CO)[C@@H](O)[C@H]1O)c1ccccc1,6.15
5HT2B,CHEMBL558,Cc1cccc(C)c1OCC(C)N,6.14
5HT2B,CHEMBL508657,C/N=C1\NC(=O)/C(=C\c2c[nH]c3ccccc23)N1C,6.14
5HT2B,CHEMBL1940402,OC1(c2ccc(Cl)cc2)CCN(CCCCc2ccc(F)cc2)CC1,6.14
5HT2B,CHEMBL3817898,COc1ccc(C(=O)CCCN2CCc3ccccc3C2)cc1,6.14
5HT2B,CHEMBL4293307,COc1ccc(N(CCCCN2CCC(O)(c3ccc(Cl)c(C(F)(F)F)c3)CC2)c2ccc(OC)cc2)cc1,6.14
5HT2B,CHEMBL4579650,O=C(NCCO)[C@@]12C[C@@H]1[C@@H](n1cnc3c(N[C@H]4C[C@H]5CC[C@@H]4C5)nc(Cl)nc31)[C@H](O)[C@@H]2O,6.14
5HT2B,CHEMBL4739937,COc1ccc2occc2c1[C@@H]1C[C@H]1CN.Cl,6.14
5HT2B,CHEMBL4762722,C=C(C)COc1ccc2occc2c1[C@@H]1C[C@H]1CN.Cl,6.14
5HT2B,CHEMBL5632180,OC[C@@]12C[C@@H]1[C@@H](n1cnc3c(NC(C4CCCC4)C4CCCC4)nc(Cl)nc31)[C@H](O)[C@@H]2O,6.14
5HT2B,CHEMBL5907174,FC(F)(F)CCc1ccnc2c1CC[C@@H]1CNCCCN21,6.14
5HT2B,CHEMBL194202,CC(Cc1c[nH]c2cccc(O)c12)N(C)C,6.13
5HT2B,CHEMBL595553,Clc1ccccc1O[C@@H]1CCc2ccc(N3CCNCC3)nc21,6.13
5HT2B,CHEMBL590721,O=C1NC2CNCCCN2c2cccc(Cl)c21,6.13
5HT2B,CHEMBL3416060,CCCOc1ccc(F)cc1[C@@H]1C[C@H]1CN.Cl,6.13
5HT2B,CHEMBL4472251,Cc1cccc(C)c1N1C(=O)CNC2(CCN(C)CC2)C1=O,6.13
5HT2B,CHEMBL114655,CC(CCc1ccccc1)NC(C)C(O)c1ccc(O)cc1,6.13
5HT2B,CHEMBL380167,CN1CCC2(CC1)Oc1ccccc1C1CC(c3ccccc3Cl)=NN12,6.12
5HT2B,CHEMBL3818881,Cl.O=C(CCCCN1C2CCC1CC(O)(c1ccc(Cl)cc1)C2)c1nc2ccccc2s1,6.12
5HT2B,CHEMBL4461774,O=C1N(c2cccnc2C(F)(F)F)CC2(CCN(CCc3ccccc3F)CC2)OC12CC2,6.12
5HT2B,CHEMBL2203406,CCCN(CC[C@]1(O)C[C@H](NC(=O)c2ccc3ccccc3c2)C1)[C@H]1CCc2nc(N)sc2C1,6.12
5HT2B,CHEMBL3612941,CCCNc1cc(C#Cc2ccc(Cl)s2)nc2c1ncn2[C@H]1[C@H](O)[C@H](O)[C@]2(C(=O)NC)C[C@H]12,6.12
5HT2B,CHEMBL4098877,C[C@@H]1CN(c2cc(-c3n[nH]c4ccc(OC5(C)CC5)cc34)ncn2)C[C@H](C)O1,6.12
5HT2B,CHEMBL6146975,C/C=C1/CN2CC[C@]34C(=C(C(=O)OC)[C@H]1C[C@H]23)Nc1ccc(I)cc14,6.12
5HT2B,CHEMBL361742,COc1ccc2c(c1)C(C)CNCC2,6.11
5HT2B,CHEMBL2337498,CCCc1cc(Cl)c2c(c1)[C@H]1CNC[C@@H]1NC2=O.Cl,6.11
5HT2B,CHEMBL2397900,O=C1c2ccc(C(F)(F)F)cc2C[C@@H]2CNCCN12,6.11
5HT2B,CHEMBL2058407,CN1C(=N)NC(=O)/C1=C\c1c[nH]c2cccc(Br)c12,6.11
5HT2B,CHEMBL2058698,CSC1=NC(=O)/C(=C/c2c[nH]c3cccc(Br)c23)N1,6.11
5HT2B,CHEMBL2442266,C/N=C1/N/C(=C/c2c[nH]c3cccc(Br)c23)C(=O)N1C,6.11
5HT2B,CHEMBL4217846,c1cc2c(cn1)N1CCNC[C@H]1CC2,6.11
5HT2B,CHEMBL4518571,CC(C)[C@@H]1NC(=O)[C@H](Cc2ccoc2)N(C)C(=O)[C@H](Cc2ccoc2)NC(=O)[C@H](Cc2ccoc2)N(C)C1=O,6.11
5HT2B,CHEMBL4789310,CCOc1ccc2c(c1[C@@H]1C[C@H]1CN)CCO2.Cl,6.11
5HT2B,CHEMBL567,OCCN1CCN(CCCN2c3ccccc3Sc3ccc(Cl)cc32)CC1,6.11
5HT2B,CHEMBL3982497,Nc1ncc(-c2cccc3[nH]ccc23)nc1C(=O)Nc1ncccc1N1CCC(N)CC1,6.11
5HT2B,CHEMBL26687,COc1cc(CCN)cc(OC)c1OC,6.1
5HT2B,CHEMBL299726,Cc1ncccc1Oc1ccc(NC(=O)N2CCc3ccc(Cl)cc32)cn1,6.1
5HT2B,CHEMBL179337,CC1CNCCc2c(Cl)cc(Cl)cc21,6.1
5HT2B,CHEMBL199177,COc1ccc(N2CCN(c3cccc(F)c3)C2=O)cc1OCCN1CCOCC1,6.1
5HT2B,CHEMBL212457,CCCN1CCC2(CC1)Oc1ccc(Br)cc1C1CC(c3ccc(Br)cc3)=NN12,6.1
5HT2B,CHEMBL231833,COc1ccc2c(c1)c1c(n2C)CN(c2ccc(OC)c(OCCN3CCCCC3)c2)C1=O,6.1
5HT2B,CHEMBL254215,C[C@@H]1CNCCc2ccc(C(F)(F)F)cc21,6.1
5HT2B,CHEMBL492349,O=S(=O)(NCc1ccccc1Cl)c1ccc2c(c1)CCNCC2,6.1
5HT2B,CHEMBL1277312,O=C(O)C1CN(C2CCC3(Cc4ccccc4Oc4ccccc43)C2)C1,6.1
5HT2B,CHEMBL1632217,Cc1ccc2c(N3CCN(CCc4cccc(NC(=O)c5cnccn5)c4)CC3)cccc2n1,6.1
5HT2B,CHEMBL1940403,OC1(c2ccc(Cl)cc2)CCN(CCCSc2ccc(F)cc2)CC1,6.1
5HT2B,CHEMBL3402686,Cc1ccccc1[C@H]1C[C@H](N(C)C)Cc2ccccc21.Cl,6.1
5HT2B,CHEMBL3975593,COc1ccc2c(c1)CCC1CNCCN21,6.1
5HT2B,CHEMBL3907399,c1cc(OC2CCC2)c2c(c1)N1CCNCC1CC2,6.1
5HT2B,CHEMBL4088036,CCCCc1cc(OC2CCN(CCCCNS(=O)(=O)CC)CC2)c2ncccc2c1.Cl.Cl,6.1
5HT2B,CHEMBL4572167,CC[C@H]1c2ccccc2N(c2ccccc2)C[C@@]1(C)N,6.1
5HT2B,CHEMBL4463588,Clc1ccccc1Cc1cc2c(nn1)CCNCC2,6.1
5HT2B,CHEMBL4871980,Fc1ccc(-c2n[nH]cc2N2CCNCC2)cc1,6.1
5HT2B,CHEMBL5434327,CS(=O)(=O)CCn1ccc2cc(-n3c(=O)[nH]c4sc5c(c4c3=O)CCCC5)ccc21,6.1
5HT2B,CHEMBL2170801,O[C@@H]1[C@H](O)[C@@H]2C[C@@H]2[C@H]1n1cnc2c(NC(C3CCCC3)C3CCCC3)nc(Cl)nc21,6.1
5HT2B,CHEMBL4073529,COc1ccc(F)cc1C1CC1CNCc1cccc2ccsc12.Cl,6.09
5HT2B,CHEMBL4210787,C[C@@H]1SC(c2cc3ccccc3cc2O)=N[C@H]1CO,6.09
5HT2B,CHEMBL542139,COc1ccc(NS(=O)(=O)c2sc3ccc(Cl)cc3c2C)cc1N1CCNCC1.Cl,6.09
5HT2B,CHEMBL6193111,CNC(=O)c1ccc2c3c1C(CC(F)F)CN3CCNC2,6.09
5HT2B,CHEMBL382618,C[C@H](O)c1ccc2c(n1)N1[C@@H](CNC[C@H]1C)C2,6.08
5HT2B,CHEMBL223628,CC(C)Oc1cccc2c1C(=O)N1CCNCC21,6.08
5HT2B,CHEMBL1643673,CCN(C)c1c2c(nc3ccnn13)CCNCC2,6.08
5HT2B,CHEMBL1123,CCN(CC)CCOC(=O)C1(C2CCCCC2)CCCCC1,6.08
5HT2B,CHEMBL408,Cc1c(C)c2c(c(C)c1O)CCC(C)(COc1ccc(CC3SC(=O)NC3=O)cc1)O2,6.08
5HT2B,CHEMBL2442269,C/N=C1/N/C(=C/c2c[nH]c3c(Br)cccc23)C(=O)N1C,6.08
5HT2B,CHEMBL3416057,Cl.NC[C@H]1C[C@@H]1c1cc(Cl)ccc1OCC(F)F,6.08
5HT2B,CHEMBL4469848,FC(F)(F)c1cc(Oc2nccc3occc23)ccc1-c1cccc2nccn12,6.08
5HT2B,CHEMBL4562437,Cc1cccc(C)c1N1C(=O)[C@H](CC2CNc3ccccc32)NC2(CCN(C)CC2)C1=O,6.08
5HT2B,CHEMBL3353410,C=CC(=O)Nc1cc(Nc2nccc(-c3cn(C)c4ccccc34)n2)c(OC)cc1N(C)CCN(C)C,6.08
5HT2B,CHEMBL5411964,OC[C@H]1O[C@@H](n2cc(C(F)(F)F)c3c(NCc4ccc(Cl)cc4)ncnc32)[C@H](O)[C@@H]1O,6.08
5HT2B,CHEMBL384579,CN1CCC2(CC1)Oc1ccc(Br)cc1C1CC(c3ccccc3Cl)=NN12,6.07
5HT2B,CHEMBL1108,O=C(CCCN1CC=C(n2c(=O)[nH]c3ccccc32)CC1)c1ccc(F)cc1,6.07
5HT2B,CHEMBL2205836,COc1ccccc1CCN1C2C3C4CC5C6C4C2C6C1(O)C53,6.07
5HT2B,CHEMBL1173331,CN1C(=N)NC(=O)/C1=C\c1c[nH]c2ccc(Br)cc12,6.07
5HT2B,CHEMBL1201,CN1CCN(CC/C=C2/c3ccccc3Sc3ccc(S(=O)(=O)N(C)C)cc32)CC1,6.07
5HT2B,CHEMBL34730,COc1cc2c(CCNC(C)=O)c[nH]c2cc1Cl,6.07
5HT2B,CHEMBL6017008,c1cc(COCC2CCOCC2)c2c(n1)N1CCNC[C@H]1CC2,6.07
5HT2B,CHEMBL954,CCN(CC)CCOc1ccc(/C(=C(/Cl)c2ccccc2)c2ccccc2)cc1,6.06
5HT2B,CHEMBL4579120,CC(C)CCO[C@@H]1[C@H]2OC(C)(C)O[C@H]2[C@H]2Cn3cc(nn3)COCCCCCCN(CCc3ccc4ccccc4c3)CC[C@H]1O2,6.06
5HT2B,CHEMBL10878,COc1ccc2cccc(CCNC(C)=O)c2c1,6.06
5HT2B,CHEMBL220157,COc1cc(Cl)c2c(c1)[C@@H]1CNCCN1C2=O,6.05
5HT2B,CHEMBL83,CC/C(=C(\c1ccccc1)c1ccc(OCCN(C)C)cc1)c1ccccc1,6.05
5HT2B,CHEMBL2058426,C/N=C1\N(C)C(=O)/C(=C\c2c[nH]c3cccc(Br)c23)N1C,6.05
5HT2B,CHEMBL2058416,C/N=C1\NC(=O)/C(=C\c2c[nH]c3ccc(Br)cc23)N1C,6.05
5HT2B,CHEMBL3321789,OC1(c2ccc(Cl)cc2)CC2CCC(C1)N2CCCOc1ccc(F)cc1,6.05
5HT2B,CHEMBL3914002,Clc1cccc(CNc2nc(Cl)nc3[nH]cnc23)c1,6.05
5HT2B,CHEMBL4165863,O=C(OCc1ccccc1)N1CCc2ccc(N3CCN(C4CCCC4)CC3)cc2C1,6.05
5HT2B,CHEMBL1200661,CCCCCCCC(=O)CC[C@@H]1[C@@H](C/C=C\CCCC(=O)OC(C)C)[C@@H](O)C[C@H]1O,6.05
5HT2B,CHEMBL5094181,O=C(NCCCn1ccnc1)c1cc2nc(-c3ccccc3)cc(-c3ccccc3)n2n1,6.05
5HT2B,CHEMBL4913232,C1=CC2(CCNCC2)Oc2ccccc21,6.05
5HT2B,CHEMBL475965,COc1ccc(-c2ccc(C(=O)Nc3cccc(Cn4ncc(N5CCNCC5)cc4=O)c3C)cc2)cn1,6.04
5HT2B,CHEMBL2337497,CCc1cc(Cl)c2c(c1)[C@H]1CNC[C@@H]1NC2=O.Cl,6.04
5HT2B,CHEMBL3818935,O=C1NCN(c2ccccc2)C12CCN(CCCCc1nc3ccccc3o1)CC2,6.04
5HT2B,CHEMBL4472830,Cl.NC[C@@H]1C[C@@]1(F)c1ccccc1,6.04
5HT2B,CHEMBL5958404,Clc1ccc(Oc2cc(Cl)ccc2O[C@H]2CCNC2)cc1,6.04
5HT2B,CHEMBL2205361,Cc1c(C(=O)N(CCCN2CCCCC2)c2ccccc2)oc2ccccc12,6.03
5HT2B,CHEMBL2397905,CCc1cccc2c1C[C@@H]1CNCCN1C2=O,6.03
5HT2B,CHEMBL3769704,C=CCOc1ccc(F)c(Cl)c1C1CC1CN.Cl,6.03
5HT2B,CHEMBL4645736,c1ccc(Cc2ccc3c4c2CCN4CCNC3)cc1,6.03
5HT2B,CHEMBL4751718,CC(C)[C@@H](Nc1nc(Cl)nc2c1ncn2[C@H]1[C@H](O)[C@H](O)[C@]2(CF)C[C@H]12)C1CC1,6.03
5HT2B,CHEMBL187787,CC(=O)Nc1ccc2c(c1)N1[C@@H](CNC[C@H]1C)C2,6.02
5HT2B,CHEMBL516088,COc1c(OCCF)cccc1C(=O)C1CCN(CCc2ccc(F)cc2)CC1,6.02
5HT2B,CHEMBL1909048,O=C(c1ccccc1Cl)N1CCC(Cc2ccccc2)CC1,6.02
5HT2B,CHEMBL1173525,CN1C(=N)NC(=O)/C1=C\c1c[nH]c2ccccc12,6.02
5HT2B,CHEMBL3770862,Cl.NCC1CC1c1c(OCCF)ccc(F)c1Cl,6.02
5HT2B,CHEMBL2106919,CNC1Cc2ccccc2N(C)c2ccccc21,6.02
5HT2B,CHEMBL1277917,CN1CCN(c2ccc3[nH]nc(S(=O)(=O)c4ccccc4)c3c2)CC1,6.01
5HT2B,CHEMBL357995,Cc1cc2c(OCC(CNC(C)(C)C)OC(=O)c3ccccc3)cccc2[nH]1,6.01
5HT2B,CHEMBL1909051,O=C(c1ccccc1C(F)(F)F)N1CCC(Cc2ccccc2)CC1,6.01
5HT2B,CHEMBL2058429,C/N=C1\N(C)C(=O)/C(=C\c2c[nH]c3c(Br)cccc23)N1C,6.01
5HT2B,CHEMBL5179287,Cc1ccc(C2NCCc3c2[nH]c2ccc(Cl)cc32)c(C)c1.Cl,6.01
5HT2B,CHEMBL1294,C=C[C@H]1CN2CC[C@H]1C[C@@H]2[C@@H](O)c1ccnc2ccc(OC)cc12,6.01
5HT2B,CHEMBL471036,c1ccc2cc(COC3CCNCC3)ccc2c1,6.01
5HT2B,CHEMBL5778967,Brc1ccnc2c1CCC1CNCCN21,6.01
5HT2B,CHEMBL293597,O=C(Nc1ccc(OCc2ccccn2)nc1)N1CCc2cc(Cl)ccc21,6.0
5HT2B,CHEMBL29846,COc1ccc(NS(=O)(=O)c2sc3ccc(Cl)cc3c2C)cc1N1CCN(C)CC1,6.0
5HT2B,CHEMBL52783,O=C(Nc1ccc(OCc2ccccn2)nc1)N1CCc2c(Cl)cccc21,6.0
5HT2B,CHEMBL273921,O=C1c2ccccc2CCCN1CCN1CCC(n2c(O)nc3cc(F)ccc32)CC1,6.0
5HT2B,CHEMBL180668,Clc1ccc2c(c1)CCNCC2,6.0
5HT2B,CHEMBL179329,COc1cc2c(cc1Br)C(C(C)C)CNCC2,6.0
5HT2B,CHEMBL181172,CC1CNCCc2ccc(Cl)cc21,6.0
5HT2B,CHEMBL191460,CN(C)CCN(Cc1ccc(-c2ccc(CNCCc3ccccc3)cc2)cc1)C(=O)CCC1CCCC1.O=C(O)C(F)(F)F.O=C(O)C(F)(F)F,6.0
5HT2B,CHEMBL213272,COc1ccc(N2CC=C(c3ccc(F)cc3)C2=O)cc1OCCN1CCCCC1,6.0
5HT2B,CHEMBL214398,COc1ccc(N2CCC(C)(c3ccc(Cl)c(Cl)c3)C2=O)cc1OCCN1CCCCC1,6.0
5HT2B,CHEMBL238520,Cc1ccc2c(OCCN3CCC(Cc4cc5c(cc4F)OCC(=O)N5)CC3)cc(F)cc2n1,6.0
5HT2B,CHEMBL404582,Fc1ccc(-c2nc(-c3ccccc3)nc3c2CNCC3)cc1,6.0
5HT2B,CHEMBL407636,CN1CCc2ccc([N+](=O)[O-])c(Cl)c2CC1,6.0
5HT2B,CHEMBL593545,Clc1ccccc1O[C@@H]1CCCc2ccc(N3CCNCC3)nc21,6.0
5HT2B,CHEMBL1276859,O=C(O)CC1CCN(C2CC[C@]3(Cc4ccccc4Cc4ccccc43)C2)C1,6.0
5HT2B,CHEMBL1277585,O=C(O)CC1CCN(C2CCC3(Cc4ccccc4Cc4ccccc43)C2)CC1,6.0
5HT2B,CHEMBL1651091,NC(=O)c1csc(-c2ccccc2O)n1,6.0
5HT2B,CHEMBL2322611,COCCCOc1cc(C(=O)N(C[C@@H]2CNC[C@H]2Cc2ccccc2)C(C)C)ccc1OC.Cl,6.0
5HT2B,CHEMBL2058701,CSC1=NC(=O)/C(=C/c2c[nH]c3c(Br)cccc23)N1,6.0
5HT2B,CHEMBL3286565,CNc1nc(C(C)c2ccccc2)nc2c1CCNCC2,6.0
5HT2B,CHEMBL3416039,CC(C)Oc1ccc(Cl)cc1[C@H]1C[C@@H]1CN.O=C(O)C(F)(F)F,6.0
5HT2B,CHEMBL3593950,O=c1cc(CCc2ccc(O)cc2)oc2cccc(O)c12,6.0
5HT2B,CHEMBL3126302,O=c1cc(CCc2cccs2)oc2cccc(O)c12,6.0
5HT2B,CHEMBL3770174,C=CCOc1cc(F)c(Cl)cc1C1CC1CN.Cl,6.0
5HT2B,CHEMBL3891802,c1ccc2c(c1)CCC1CCNCCCN21,6.0
5HT2B,CHEMBL4216860,COC(=O)[C@H](Cc1cnc[nH]1)NC(=O)[C@H]1N=C(c2ccccc2O)S[C@@H]1C,6.0
5HT2B,CHEMBL4564308,CN1CC[C@H]2c3ccc(O)cc3OC[C@]21C,6.0
5HT2B,CHEMBL4780527,O=c1cc(CCCc2cccc(C(F)(F)F)c2)oc2cccc(O)c12,6.0
5HT2B,CHEMBL4795598,COc1ccc(CCCc2cc(=O)c3c(O)cccc3o2)cc1,6.0
5HT2B,CHEMBL4854605,Clc1ccc(-c2n[nH]cc2N2CCCNCC2)cc1,6.0
5HT2B,CHEMBL4860503,COc1cccc(-c2n[nH]cc2N2CCCNCC2)c1,6.0
5HT2B,CHEMBL4468760,C[C@H]1c2cccc(-c3cnn(C)c3)c2C[C@H](CO)N1C(=O)Cc1c(Cl)cccc1Cl,6.0
5HT2B,CHEMBL2106996,CC(C)N1CCOC(c2cccc(C(F)(F)F)c2)C1,6.0
5HT2B,CHEMBL22242,CCN1CCC[C@H]1CNC(=O)c1c(OC)ccc(Br)c1OC,5.99
5HT2B,CHEMBL5893053,Clc1ccc(-c2ccnc3c2CC[C@@H]2CNCCN32)nc1,5.99
5HT2B,CHEMBL490634,COc1c(OCCF)cccc1C(=O)C1CCN(CCc2ccc([N+](=O)[O-])cc2)CC1,5.98
5HT2B,CHEMBL1668584,CNc1nn2c(C)cc(C)nc2c1S(=O)(=O)c1ccccc1,5.98
5HT2B,CHEMBL3321790,OC1(c2ccc(Cl)cc2)CC2CCC(C1)N2CCCSc1ccc(F)cc1,5.98
5HT2B,CHEMBL3770770,COc1cccc(NC2=NC(N)=NC3(CCCC3)N2)c1,5.98
5HT2B,CHEMBL4863868,Cc1ccc(-c2n[nH]cc2N2CCCNCC2)cc1,5.98
5HT2B,CHEMBL4530401,Cc1ccc(-c2cnc([C@@]3(O)CC[C@H](C(=O)O)C(C)(C)C3)s2)cc1Nc1cccc(C(F)(F)F)n1,5.98
5HT2B,CHEMBL1215661,N#Cc1c[nH]c2c(C(=O)N3CCN(CCc4ccc(F)cc4)CC3)cccc12,5.98
5HT2B,CHEMBL54,O=C(CCCN1CCC(O)(c2ccc(Cl)cc2)CC1)c1ccc(F)cc1,5.97
5HT2B,CHEMBL2022192,Cl.NC[C@H]1C[C@@H]1c1ccccc1OCc1ccccc1,5.97
5HT2B,CHEMBL119709,CNC(=O)[C@H]1O[C@@H](n2cnc3c(NCc4cccc(I)c4)ncnc32)[C@H](O)[C@@H]1O,5.97
5HT2B,CHEMBL3582461,FC(F)(F)c1ccc2c(c1)nc(-c1cccnc1)n2C1CC1,5.97
5HT2B,CHEMBL473235,O=S(=O)(c1ccc(-c2ccccc2)cc1)N1CCC(Cc2nc3ccccc3[nH]2)CC1,5.96
5HT2B,CHEMBL1200406,CN(C)CCOC(c1ccccc1)c1ccccc1.Cn1c(=O)c2[nH]c(Cl)nc2n(C)c1=O,5.96
5HT2B,CHEMBL4208914,C[C@@H]1SC(c2ccc(-c3ccccc3)cc2)=N[C@H]1Cc1c[nH]cn1,5.96
5HT2B,CHEMBL4554295,O[C@H]1[C@H](n2cnc3c(NC(C4CCC4)C4CCC4)ncnc32)[C@H]2C[C@@]2(CCl)[C@H]1O,5.96
5HT2B,CHEMBL4466483,FC(F)(F)c1cc(Oc2nccc3ccsc23)ccc1-c1cccc2nccn12,5.96
5HT2B,CHEMBL5597472,CN1CCCC(N2C(=O)c3cccc(N)c3C2=O)C1,5.96
5HT2B,CHEMBL5915054,c1cc(CC2CCCCO2)c2c(n1)N1CCNC[C@H]1CC2,5.96
5HT2B,CHEMBL2058700,CSC1=NC(=O)/C(=C/c2c[nH]c3cc(Br)ccc23)N1,5.95
5HT2B,CHEMBL4163428,CN1CCN(c2ccc3c(c2)CN(C(=O)OCc2ccccc2)C3)CC1,5.95
5HT2B,CHEMBL206386,C[C@@H]1CNC[C@H]2Cc3ccc(CO)nc3N21,5.94
5HT2B,CHEMBL461571,Cc1c(C(=O)c2ccc(Cl)cc2)c2ccc(OC(F)(F)F)cc2n1Cc1cccc(O[C@H](C)C(=O)O)c1,5.94
5HT2B,CHEMBL1643857,c1cc(OC2CN(c3c4c(nc5ccnn35)CCNCC4)C2)ccn1,5.94
5HT2B,CHEMBL388590,CCc1oc2ccccc2c1C(=O)c1cc(Br)c(O)c(Br)c1,5.94
5HT2B,CHEMBL1623,Cc1cccc(CN2CCN(C(c3ccccc3)c3ccc(Cl)cc3)CC2)c1,5.94
5HT2B,CHEMBL79834,O=C1NCN(c2ccccc2)C12CCN(CCCOc1ccc(F)cc1)CC2,5.94
5HT2B,CHEMBL1643858,CC(=O)N(C)c1ccc(OC2CN(c3c4c(nc5ccnn35)CCNCC4)C2)cc1,5.93
5HT2B,CHEMBL1909050,Cc1ccccc1C(=O)N1CCC(Cc2ccccc2)CC1,5.93
5HT2B,CHEMBL398440,Cc1cc(O)cc(C)c1Cl,5.93
5HT2B,CHEMBL3818710,Cl.[O-][S+](CCCN1CCc2ccccc2C1)c1ccc(F)cc1,5.93
5HT2B,CHEMBL312448,Cc1cc(C(C)(C)C)cc(C)c1CC1=NCCN1,5.93
5HT2B,CHEMBL1770378,Cc1ccccc1Cc1ncc2c(n1)CCNCC2,5.92
5HT2B,CHEMBL4215741,CNc1ccccc1C1=N[C@@H](CO)[C@H](C)S1,5.92
5HT2B,CHEMBL4581568,Oc1ccc(CCNc2nc(C#Cc3ccc(Cl)s3)nc3[nH]cnc23)cc1O,5.92
5HT2B,CHEMBL4282264,CNC(=O)Nc1ccc2c(c1)CC[C@@]21OC(=O)N(CC(=O)N(Cc2ccc(F)cc2)[C@@H](C)C(F)(F)F)C1=O,5.92
5HT2B,CHEMBL5400817,OC[C@H]1O[C@@H](n2cc(C(F)(F)F)c3c(NCc4ccccc4F)ncnc32)[C@H](O)[C@@H]1O,5.92
5HT2B,CHEMBL194588,CN(C)Cc1c[nH]c2cccc(O)c12,5.91
5HT2B,CHEMBL370221,CN(C)Cc1cn(C)c2cccc(O)c12,5.91
5HT2B,CHEMBL4637668,CCCc1ccc2c3c1CCN3CCNC2,5.91
5HT2B,CHEMBL5633400,COCCN(CCOC)C(=O)[C@]12C[C@H]1[C@H](n1cnc3c(NC(C4CC4)C4CC4)nc(Cl)nc31)[C@@H](O)[C@H]2O,5.91
5HT2B,CHEMBL5899530,FC(F)(F)c1ccc(OCc2ccc(C(F)(F)F)o2)c(OC2CNC2)c1,5.91
5HT2B,CHEMBL29433,COc1ccc(NS(=O)(=O)c2sc3ccc(Cl)cc3c2C)cc1N1CCN2CCC[C@H]2C1,5.9
5HT2B,CHEMBL282971,COc1ccc(NS(=O)(=O)c2sc3ccc(Cl)cc3c2C)cc1N1CCN2CCC[C@@H]2C1,5.9
5HT2B,CHEMBL318018,Cc1sc2ccc(Cl)cc2c1S(=O)(=O)Nc1ccc2nccc(N3CCNCC3)c2c1,5.9
5HT2B,CHEMBL91454,COc1cc(OC)c(C(=O)CCCCN2CCC3(CC2)NC(=O)NC3=O)cc1NS(=O)(=O)c1ccc(C(C)C)cc1,5.9
5HT2B,CHEMBL90467,COc1ccc(S(=O)(=O)Nc2cc(C(=O)CCCCN3CCC4(CC3)NC(=O)NC4=O)c(OC)cc2OC)cc1,5.9
5HT2B,CHEMBL178365,C[C@@H]1CNCCc2ccc(Cl)cc21,5.9
5HT2B,CHEMBL188486,CN(C)CCN(Cc1ccc(-c2ccc(CNCCc3ccccc3)cc2)cc1)C(=O)/C=C/c1ccccc1.O=C(O)C(F)(F)F,5.9
5HT2B,CHEMBL425190,Cc1ccc2c(OCCN3CCN(Cc4cccc5cccnc45)CC3)cccc2n1,5.9
5HT2B,CHEMBL198097,COc1ccc(N2CCN(c3cccc(Cl)c3Cl)C2=O)cc1OCCN1CCCCC1,5.9
5HT2B,CHEMBL383800,COc1ccc(N2CCN(c3ccccc3)C2=O)cc1OCCN1CCCCC1,5.9
5HT2B,CHEMBL198192,COc1ccc(N2CCN(c3cccc(F)c3)C2=O)cc1OCCO,5.9
5HT2B,CHEMBL215864,COc1ccc(N2CC=C(c3ccc(F)cc3)C2=O)cc1OCCN1CCC(C)CC1,5.9
5HT2B,CHEMBL181076,C[C@@H]1CNCCc2ccc(Cl)c(Cl)c21,5.9
5HT2B,CHEMBL1278113,O=C(O)C1CN(C2CC[C@]3(Cc4ccccc4Cc4ccccc43)C2)CCN1,5.9
5HT2B,CHEMBL1277584,O=C(O)[C@@H]1CCCN(C2CC[C@]3(Cc4ccccc4Cc4ccccc43)C2)C1,5.9
5HT2B,CHEMBL1278020,COC(=O)C1=CCCN(C2CC[C@]3(Cc4ccccc4Cc4ccccc43)C2)C1,5.9
5HT2B,CHEMBL74355,COc1cccc([C@H](O)C2CCN(CCc3ccc(F)cc3)CC2)c1OC,5.9
5HT2B,CHEMBL1631542,Cc1ccc2c(N3CCN(CCc4cccc(N5CCOC5=O)c4)CC3)cccc2n1,5.9
5HT2B,CHEMBL1651092,NC(=O)C1CSC(c2ccccc2O)=N1,5.9
5HT2B,CHEMBL1170237,CN1C(=N)N(C)/C(=C/c2c[nH]c3ccc(Br)cc23)C1=O,5.9
5HT2B,CHEMBL3593949,O=c1cc(CCc2cccc(O)c2)oc2cccc(O)c12,5.9
5HT2B,CHEMBL3819082,Cl.Fc1ccc2c(c1)CC(CCN1CCc3ccccc3C1)C2,5.9
5HT2B,CHEMBL3952329,COc1ccc2c(c1)CC[C@@H]1CNCCCN21,5.9
5HT2B,CHEMBL3978882,COCc1cccc2c1CCC1CNCCN21,5.9
5HT2B,CHEMBL4755344,COc1cccc(CCCc2cc(=O)c3c(O)cccc3o2)c1,5.9
5HT2B,CHEMBL4876036,COc1ccccc1-c1n[nH]cc1N1CCNCC1,5.9
5HT2B,CHEMBL299031,CC[C@@H]1CN2CCc3c([nH]c4cccc(OC)c34)[C@@H]2C[C@@H]1/C(=C\OC)C(=O)OC,5.9
5HT2B,CHEMBL669,CN(C)CCC=C1c2ccccc2C=Cc2ccccc21,5.9
5HT2B,CHEMBL377562,COc1cccc2c1OC1(CCN(C)CC1)N1N=C(c3ccc(Br)cc3)CC21,5.89
5HT2B,CHEMBL374660,CCOc1cc2c(c(C(F)(F)F)c1)C(=O)N1CCNC[C@@H]21,5.89
5HT2B,CHEMBL404581,Fc1ccc(-c2nc(Cc3ccccc3)nc3c2CCCNC3)cc1,5.89
5HT2B,CHEMBL83668,Cc1cccc(N(C)C(=S)Oc2ccc3ccccc3c2)c1,5.89
5HT2B,CHEMBL513803,CN1C(=N)N/C(=C/c2c[nH]c3ccccc23)C1=O,5.89
5HT2B,CHEMBL2442268,C/N=C1/N/C(=C/c2c[nH]c3cc(Br)ccc23)C(=O)N1C,5.89
5HT2B,CHEMBL4537673,C[C@H](c1ccnc(Nc2nc3ccc(-c4cc(N(C)C)ncn4)cc3[nH]2)c1)N1CCN(C(=O)CC(F)(F)F)CC1,5.89
5HT2B,CHEMBL304902,CN1CCN(C2=Nc3ccccc3Sc3ccc(Cl)cc32)CC1,5.89
5HT2B,CHEMBL277945,CCN1CCCC1CNC(=O)c1cc(S(=O)(=O)CC)ccc1OC,5.89
5HT2B,CHEMBL4778855,O[C@@H]1[C@H](O)[C@@H]2C[C@@H]2[C@H]1n1ccc2c(NC(C3CC3)C3CC3)nc(I)nc21,5.89
5HT2B,CHEMBL5851001,CC(C)c1ccc(Oc2cc(Cl)ccc2O[C@H]2CCNC2)cc1,5.89
5HT2B,CHEMBL206618,CCO[C@H](C)c1ccc2c(n1)N1[C@@H](CNC[C@H]1C)C2,5.88
5HT2B,CHEMBL4778636,OC[C@@]12C[C@@H]1[C@@H](n1ccc3c(NC(C4CCC4)C4CCC4)nc(Cl)nc31)[C@H](O)[C@@H]2O,5.88
5HT2B,CHEMBL4877051,COc1ccc(-c2n[nH]cc2N2CCNCC2)cc1,5.88
5HT2B,CHEMBL603483,NC1CCN(c2ccc3[nH]nc(S(=O)(=O)c4ccc5ccccc5c4)c3c2)CC1,5.87
5HT2B,CHEMBL1651090,OC[C@@H]1CSC(c2ccccc2O)=N1,5.87
5HT2B,CHEMBL2396668,C[C@@H]1CN2C(=O)c3ccccc3C[C@@H]2CN1,5.87
5HT2B,CHEMBL2058699,CSC1=NC(=O)/C(=C/c2c[nH]c3ccc(Br)cc23)N1,5.87
5HT2B,CHEMBL1651534,O=C(Nc1cccnn1)N1CCC(=Cc2cccc(Oc3ccc(C(F)(F)F)cn3)c2)CC1,5.87
5HT2B,CHEMBL5173661,CCCC(CCC)c1nc2c(Nc3ccc(Cl)c(Cl)c3)nc3ccccc3c2[nH]1,5.87
5HT2B,CHEMBL4780458,O=C(Nc1cccnn1)N1CC(C/C=C/c2cncc(Oc3ccc(C(F)(F)F)cn3)n2)C1,5.87
5HT2B,CHEMBL2058408,CN1C(=N)NC(=O)/C1=C\c1c[nH]c2cc(Br)ccc12,5.86
5HT2B,CHEMBL3321788,OC1(c2ccc(Cl)cc2)CC2CCC(C1)N2CCCCc1ccc(F)cc1,5.86
5HT2B,CHEMBL278819,Cc1cc(-c2ccccc2)nnc1NCCN1CCOCC1,5.86
5HT2B,CHEMBL373531,COc1ccc(Cl)c2c1[C@@H]1CNCCN1C2=O,5.85
5HT2B,CHEMBL2058409,CN1C(=N)NC(=O)/C1=C\c1c[nH]c2c(Br)cccc12,5.85
5HT2B,CHEMBL4207529,COC(=O)[C@H](Cc1cnc[nH]1)NC(=O)[C@@H]1N=C(c2ccccc2O)S[C@@H]1C,5.85
5HT2B,CHEMBL4206939,C[C@@H]1SC(c2cccs2)=N[C@H]1CO,5.85
5HT2B,CHEMBL4208376,C[C@H]1SC(c2ccc(-c3ccccc3)cc2)=N[C@H]1Cc1c[nH]cn1,5.85
5HT2B,CHEMBL3975325,c1ccc(-c2nccc3c2[nH]c2ccccc23)cc1,5.85
5HT2B,CHEMBL698,CCCCNc1ccc(C(=O)OCCN(C)C)cc1,5.85
5HT2B,CHEMBL3609148,COc1cc2c3c(c1OC)-c1cc4c(cc1CC3N(CC1CC1)CC2c1ccccc1)OCO4,5.84
5HT2B,CHEMBL4866412,Fc1cccc(-c2n[nH]cc2N2CCCNCC2)c1,5.84
5HT2B,CHEMBL378541,COc1cccc2c1OC1(CCN(C)CC1)N1N=C(c3ccc(Cl)cc3)CC21,5.83
5HT2B,CHEMBL1643856,c1cncc(OC2CN(c3c4c(nc5ccnn35)CCNCC4)C2)c1,5.83
5HT2B,CHEMBL3416056,Cl.NC[C@@H]1C[C@H]1c1cc(Cl)ccc1OCC(F)F,5.83
5HT2B,CHEMBL3425755,CNc1nc(Cc2ccccc2)cc2c1CCNCC2,5.83
5HT2B,CHEMBL3928983,O=C(O)[C@@]12C[C@@H]1[C@@H](n1cnc3c(NC(C4CC4)C4CC4)nc(Cl)nc31)[C@H](O)[C@@H]2O,5.83
5HT2B,CHEMBL440752,CC1CNCCc2ccc(Br)cc21,5.82
5HT2B,CHEMBL276393,CN(C)CCN(C)c1nc2ccc(NC(=O)COc3ccc(C(F)(F)F)cc3)cc2n1C,5.82
5HT2B,CHEMBL472589,O=C(c1ccc(-c2ccccc2)cc1)N1CCC(c2nc3ccccc3o2)CC1,5.82
5HT2B,CHEMBL1935601,O=S(=O)(c1cccc(F)c1)c1ccc2c3c(oc2c1)C1(CCCOC1)NCC3,5.82
5HT2B,CHEMBL4218679,C[C@@H]1SC(c2ccsc2)=N[C@H]1CO,5.82
5HT2B,CHEMBL4216337,O=Cc1csc(-c2ccccc2O)n1,5.82
5HT2B,CHEMBL4640428,COc1c(S(C)(=O)=O)ccc(O[C@@H](C)C(F)(F)F)c1C(=O)N1CC(c2ncc(C(F)(F)F)cc2Cl)C1,5.82
5HT2B,CHEMBL4545807,Cn1c(-c2csc(C3CCN(CC4=NC5N=CC=CC5N4)CC3)n2)nc2ccccc21,5.82
5HT2B,CHEMBL5280298,c1ccc2cc(-c3nccc4c3[nH]c3ccccc34)ccc2c1,5.82
5HT2B,CHEMBL682,CCN(CC)Cc1cc(Nc2ccnc3cc(Cl)ccc23)ccc1O,5.82
5HT2B,CHEMBL4802045,CC[C@@H](Nc1c(C#N)c(-c2ccc(-c3cccc(C)c3F)cc2)nc2cnccc12)C(=O)O,5.82
5HT2B,CHEMBL1651096,Cc1sc(-c2ccccc2O)nc1C=O,5.81
5HT2B,CHEMBL4868035,c1ccc(-c2n[nH]cc2N2CCCNCC2)cc1,5.81
5HT2B,CHEMBL3582478,CC(C)(O)c1cncc(-c2nc3ccc(F)cc3n2C2CC2)c1,5.81
5HT2B,CHEMBL178231,CC1CNCCc2ccc(Cl)c(Cl)c21,5.8
5HT2B,CHEMBL197170,COc1ccc(N2CCN(c3cccc(F)c3)C2=O)cc1OCCN(C)C,5.8
5HT2B,CHEMBL386332,COc1ccc(N2CC=C(c3ccc(C)cc3)C2=O)cc1OCCN1CCC(C)CC1,5.8
5HT2B,CHEMBL385921,COc1ccc(N2CCC(c3ccc(Cl)c(Cl)c3)C2=O)cc1OCCN1CCCCC1,5.8
5HT2B,CHEMBL213368,O=C1C(c2ccc(Cl)c(Cl)c2)CCN1c1ccc(OC(F)(F)F)c(OCCN2CCCCC2)c1,5.8
5HT2B,CHEMBL211719,COc1ccc(N2CCC(c3ccc(OC)c(OCCN4CCCCC4)c3)C2=O)cc1Cl,5.8
5HT2B,CHEMBL238519,Cc1ccc2c(OCCN3CCC(Cc4ccc5c(c4F)NC(=O)CO5)CC3)cc(Cl)cc2n1,5.8
5HT2B,CHEMBL183460,Cc1ccc2c(OCCN3CCC(Cc4ccc5c(c4)NC(=O)CO5)CC3)cccc2n1,5.8
5HT2B,CHEMBL1222554,CC(C)(CN1CCN(C2=Cc3ccccc3Cn3ccnc32)CC1)C(=O)O,5.8
5HT2B,CHEMBL1277216,O=C(O)C1CCN(C2CCC3(Cc4ccccc4Oc4ccccc43)C2)CC1,5.8
5HT2B,CHEMBL2022867,c1ccc(-n2cc(-c3ccnc4ccccc34)cn2)cc1,5.8
5HT2B,CHEMBL3593952,O=c1cc(COCc2ccccc2)oc2cccc(O)c12,5.8
5HT2B,CHEMBL2037526,O=C(CCCCN1CCC2(CC1)C(=O)NCN2c1ccccc1)c1nc2ccccc2s1,5.8
5HT2B,CHEMBL4463802,O=C(NC1CC1)[C@@]12C[C@@H]1[C@@H](n1cnc3c(N[C@H]4C[C@H]5CC[C@@H]4C5)nc(Cl)nc31)[C@H](O)[C@@H]2O,5.8
5HT2B,CHEMBL4741776,Cc1ccc(CCCc2cc(=O)c3c(O)cccc3o2)cc1,5.8
5HT2B,CHEMBL4543737,Cc1cnc(-c2cc(Cl)ccc2F)cc1-n1c(=O)n(CC(N)=O)c2ccccc21,5.8
5HT2B,CHEMBL671,S=P(N1CC1)(N1CC1)N1CC1,5.8
5HT2B,CHEMBL946,CN1CCC(=C2c3ccccc3CCc3cccnc32)CC1,5.8
5HT2B,CHEMBL152231,COc1ccccc1OCCNCC(O)c1ccc(C)c(S(N)(=O)=O)c1,5.8
5HT2B,CHEMBL1224036,O=C(Nc1ccccc1)N1OCC2COc3ccccc3C21,5.79
5HT2B,CHEMBL1276050,COc1ccc2[nH]cc(CN)c2c1,5.79
5HT2B,CHEMBL2397886,C[C@H]1CNC[C@H]2Cc3ccccc3C(=O)N21,5.79
5HT2B,CHEMBL2058427,C/N=C1\N(C)C(=O)/C(=C\c2c[nH]c3ccc(Br)cc23)N1C,5.79
5HT2B,CHEMBL1940404,OC1(c2ccc(Cl)cc2)CCN(CCCOc2ccc(F)cc2)CC1,5.79
5HT2B,CHEMBL3337895,COc1cccc(CNC(=O)c2nc3scc(CN(C)Cc4ccccc4)c3c(=O)[nH]2)c1,5.79
5HT2B,CHEMBL1091106,CC1(C)CCC(Oc2cc(F)c(CNC(=O)[C@@H]3CCCN3)cc2F)CC1,5.78
5HT2B,CHEMBL219916,O=c1[nH]c2ccccc2n1CCCN1CCC(n2c(=O)[nH]c3cc(Cl)ccc32)CC1,5.78
5HT2B,CHEMBL2058695,O=C1NC(=S)N/C1=C\c1c[nH]c2ccc(Br)cc12,5.78
5HT2B,CHEMBL6193433,O=C(NCCOc1ccccc1)c1ccc2c3c1CCN3CCNC2,5.78
5HT2B,CHEMBL474473,COc1ccc(-c2ccc(C(=O)Nc3cccc(Cn4ncc(N5CCNCC5)c(Cl)c4=O)c3C)cc2)cn1,5.77
5HT2B,CHEMBL3416051,C=C(F)COc1ccc(Cl)cc1[C@H]1C[C@@H]1CN.Cl,5.77
5HT2B,CHEMBL3818128,Cl.Fc1ccc(CCCCN2CCc3ccccc3C2)cc1,5.77
5HT2B,CHEMBL1989287,COc1ccc2c(c1OC)C[C@@H]1c3c(cc4c(c3-2)OCO4)CCN1C,5.77
5HT2B,CHEMBL6173925,C=C(C)[C@H]1CCC(C)=C[C@@H]1c1c(O)cc(CCCCC)cc1OCCOc1cc(CCCCC)cc(O)c1[C@@H]1C=C(C)CC[C@H]1C(=C)C,5.77
5HT2B,CHEMBL472678,Cl.NC[C@H]1C[C@@H]1c1cccc(C#CCCCCO)c1,5.76
5HT2B,CHEMBL1091104,O=C(NCc1ccc(OCc2ccccc2)cc1)[C@@H]1CCCN1,5.76
5HT2B,CHEMBL2337502,CCc1cc(Cl)c2c(c1)[C@H]1CNC[C@@H]1N(C)C2=O.Cl,5.76
5HT2B,CHEMBL4643574,CCc1ccc2c3c1CCN3CCNC2,5.76
5HT2B,CHEMBL1224103,O=C(NC1CCCCC1)N1OCC2COc3ccccc3C21,5.75
5HT2B,CHEMBL1642886,CC(C)c1ccc(S(=O)(=O)c2n[nH]c3ccc(NC4CCNCC4)cc23)cc1.Cl,5.75
5HT2B,CHEMBL511,COc1ccc(CN(CCN(C)C)c2ccccn2)cc1,5.75
5HT2B,CHEMBL4645774,CC1(C)CN2CCNCc3cccc1c32,5.75
5HT2B,CHEMBL14376,COc1cc(C(C)=O)ccc1OCCCN1CCC(c2noc3cc(F)ccc23)CC1,5.75
5HT2B,CHEMBL6133333,C/C=C1/CN2CC[C@]34C(=C(C(=O)OC)[C@H]1C[C@H]23)Nc1ccc(Br)cc14,5.75
5HT2B,CHEMBL6169741,C=C(C)[C@@H]1CCC(C)=C[C@H]1c1c(O)cc(CCCCC)cc1OCCCCCCCOc1cc(CCCCC)cc(O)c1[C@@H]1C=C(C)CC[C@H]1C(=C)C,5.75
5HT2B,CHEMBL202795,C[C@@H]1CNC[C@H]2Cc3ccc(C#N)nc3N21,5.74
5HT2B,CHEMBL5864337,Clc1ncnc2c1CC[C@@H]1CNCCCN21,5.74
5HT2B,CHEMBL476838,COc1c(OCCF)cccc1C(O)C1CCN(CCc2ccc([N+](=O)[O-])cc2)CC1,5.73
5HT2B,CHEMBL3921628,CC(C)(C)N1CC(CN2CCN(C(c3ccccc3)c3ccccc3)CC2)OC1=O,5.73
5HT2B,CHEMBL4587951,O[C@H]1CCC[C@@H]1Nc1nc(C#Cc2ccc(Cl)s2)nc2[nH]cnc12,5.73
5HT2B,CHEMBL4863036,COc1ccc(-c2n[nH]cc2N2CCCNCC2)cc1,5.73
5HT2B,CHEMBL4564126,Cc1cnc(-c2cc(Cl)ccc2F)cc1-n1c(=O)n(CC(N)=O)c2cnccc21,5.73
5HT2B,CHEMBL216228,Cc1nc(N2CCCC2)nc2ccc(NC(=O)COc3ccc(Cl)cc3)cc12,5.72
5HT2B,CHEMBL1221,Clc1ccc(CSC(Cn2ccnc2)c2ccc(Cl)cc2Cl)cc1,5.72
5HT2B,CHEMBL3765778,Cc1ccc(C(C)(C)O)cc1-c1ccc2c(n1)n(C)c(=O)n2CC(C)(C)C,5.72
5HT2B,CHEMBL3936289,CN1CC[C@H]2CC(=O)[C@H](Cc3ccccc3)[C@H]3CCC[C@@H]1[C@H]23,5.72
5HT2B,CHEMBL4473739,NC(=O)c1ncn([C@H]2[C@H](O)[C@H](O)[C@]3(CO)C[C@H]23)n1,5.72
5HT2B,CHEMBL489408,COc1ccc(CCN2CCC(C(=O)c3cccc(OCCF)c3OC)CC2)cc1,5.71
5HT2B,CHEMBL429,CC(CCc1ccccc1)NCC(O)c1ccc(O)c(C(N)=O)c1,5.71
5HT2B,CHEMBL2432051,COc1cc(CN[C@H]2C3C4CC5C6C4CC3C6C52)cc(OC)c1OC,5.71
5HT2B,CHEMBL4281546,CCOC(=O)c1cc(Br)cc(NC2=NC(N)=NC3(CCCCC3)N2)c1,5.71
5HT2B,CHEMBL338667,O=C(Nc1ccccc1)OCC(CN1CCCCC1)OC(=O)Nc1ccccc1,5.71
5HT2B,CHEMBL29410,COc1ccc(NS(=O)(=O)c2sc3ccc(Cl)cc3c2C)cc1N1CCN2CCCCC2C1,5.7
5HT2B,CHEMBL94984,CC1CCN(CC[C@H]2CCCN2S(=O)(=O)c2cccc3ccccc23)CC1,5.7
5HT2B,CHEMBL280322,COc1cc2c(cc1C(F)(F)F)N(C(=O)Nc1cc(-c3cccnc3)ccc1F)CC2,5.7
5HT2B,CHEMBL56232,Cc1ncccc1Oc1ccc(NC(=O)N2CCc3ccccc32)cn1,5.7
5HT2B,CHEMBL59097,Cc1ncccc1Oc1ccc(NC(=O)N2CCc3cc(Cl)ccc32)cn1,5.7
5HT2B,CHEMBL157910,COc1ccc(S(=O)(=O)Nc2cc(Cl)cc(Cl)c2Cl)cc1N1CCNCC1,5.7
5HT2B,CHEMBL187928,O=C(/C=C/c1ccccc1)N(Cc1ccc(-c2ccc(CNCCc3ccccc3)cc2)cc1)Cc1cccnc1.O=C(O)C(F)(F)F,5.7
5HT2B,CHEMBL198712,COc1ccc(-n2ccn(-c3cccc(F)c3)c2=O)cc1OCCN1CCCCC1,5.7
5HT2B,CHEMBL439504,COc1ccc(N2CCC(c3ccc(Cl)c(Cl)c3)C2=O)cc1OCCN1CCC(C)CC1,5.7
5HT2B,CHEMBL497963,Cc1ccc2c(OCCN3CCC(Cc4cccc(NS(C)(=O)=O)c4)CC3)cccc2n1,5.7
5HT2B,CHEMBL311469,CC(=O)Nc1ccc2c(c1)Cc1ccccc1-2,5.7
5HT2B,CHEMBL411,CC/C(=C(/CC)c1ccc(O)cc1)c1ccc(O)cc1,5.7
5HT2B,CHEMBL241115,O=C(Cc1ccc2ccccc2c1)N1c2ccccc2Sc2ccccc21,5.7
5HT2B,CHEMBL3416061,CCCOc1ccc(F)cc1[C@H]1C[C@@H]1CN.Cl,5.7
5HT2B,CHEMBL3593951,O=c1cc(CCc2ccco2)oc2cccc(O)c12,5.7
5HT2B,CHEMBL4763861,Cc1cccc(CCCc2cc(=O)c3c(O)cccc3o2)c1,5.7
5HT2B,CHEMBL4790230,O=c1cc(CCCc2cccc(Cl)c2)oc2cccc(O)c12,5.7
5HT2B,CHEMBL5208129,Cl.Oc1ccc(Cl)cc1C1NCCc2c1[nH]c1ccc(Cl)cc21,5.7
5HT2B,CHEMBL1771,COC(=O)[C@H](c1ccccc1Cl)N1CCc2sccc2C1,5.7
5HT2B,CHEMBL5565713,Nc1ncc(-c2ncccc2OC(F)(F)F)nc1C(=O)Nc1ncccc1N1CCC(N)C(F)(F)C1,5.7
5HT2B,CHEMBL4552298,Cc1cccc(C)c1N1C(=O)[C@H](CO)NC2(CCN(C)CC2)C1=O,5.69
5HT2B,CHEMBL220115,C#Cc1cc2c(c(C(F)(F)F)c1)C(=O)N1CCNC[C@@H]21,5.68
5HT2B,CHEMBL3941738,CNC(=O)[C@@]12C[C@@H]1[C@@H](n1cnc3c(N(C)C)nc(Cl)nc31)[C@H](O)[C@@H]2O,5.68
5HT2B,CHEMBL24778,C[C@H](Cc1cc2c(c(C(N)=O)c1)N(CCCO)CC2)NCCOc1ccccc1OCC(F)(F)F,5.68
5HT2B,CHEMBL6168630,C=C(C)[C@H]1CCC(C)=C[C@@H]1c1c(O)cc(CCCCC)cc1OCCCCCOc1cc(CCCCC)cc(O)c1[C@@H]1C=C(C)CC[C@H]1C(=C)C,5.68
5HT2B,CHEMBL900,Cc1ccccc1C(OCCN(C)C)c1ccccc1,5.67
5HT2B,CHEMBL809,CN[C@H]1CC[C@@H](c2ccc(Cl)c(Cl)c2)c2ccccc21,5.67
5HT2B,CHEMBL4084262,COc1ccccc1N1CCC2(CCN(CCCSc3nnc(-c4ccccc4)n3C)CC2)CC1,5.67
5HT2B,CHEMBL4874854,Fc1ccccc1-c1n[nH]cc1N1CCNCC1,5.67
5HT2B,CHEMBL4526351,Cc1cc(NC(=O)c2cccc(S(F)(F)(F)(F)F)c2)cc(-n2ccn3nc(-c4cccnc4)cc23)c1,5.67
5HT2B,CHEMBL271317,Fc1ccc(Cc2nc3c(c(-c4ccc(F)cc4)n2)CNCC3)cc1,5.66
5HT2B,CHEMBL12089,COc1ccc2cc3[n+](cc2c1OC)CCc1cc2c(cc1-3)OCO2.[Cl-],5.66
5HT2B,CHEMBL3416047,C=CCOc1ccc(Cl)cc1[C@H]1C[C@@H]1CN.O=C(O)C(F)(F)F,5.66
5HT2B,CHEMBL3770599,Cl.NCC1CC1c1c(OCCF)ccc(F)c1F,5.66
5HT2B,CHEMBL4287623,OC1(c2ccc(Cl)c(C(F)(F)F)c2)CCN(CCCC=C(c2ccc(F)cc2)c2ccc(F)cc2)CC1,5.66
5HT2B,CHEMBL408154,CCC(C)c1nc2c(c(-c3ccc(F)cc3)n1)CNCC2,5.65
5HT2B,CHEMBL1643671,c1cc2nc3c(c(N4CCCC4)n2n1)CCNCC3,5.65
5HT2B,CHEMBL2205813,COc1cccc(CCN2C3C4C5CC6C7C5C3C7C2(O)C64)c1OC,5.65
5HT2B,CHEMBL2180408,COCCc1ccc(-c2c(C)nc3c(N4CCOCC4)ccnn23)cn1,5.65
5HT2B,CHEMBL474840,O=C(c1ccc(N2CCOCC2)cc1)N1CCC(c2nc3ccccc3[nH]2)CC1,5.64
5HT2B,CHEMBL3416032,CCOc1ccc(Cl)cc1[C@@H]1C[C@H]1CN.Cl,5.64
5HT2B,CHEMBL305187,CC(C(O)c1ccc(O)cc1)N1CCC(Cc2ccccc2)CC1,5.64
5HT2B,CHEMBL190461,C=C(C)[C@@H]1CCC(C)=C[C@H]1c1c(O)cc(CCCCC)cc1O,5.64
5HT2B,CHEMBL1371770,c1cnc(N2CCN(Cc3ccc4c(c3)OCO4)CC2)nc1,5.64
5HT2B,CHEMBL223271,C[C@@H]1CN2C(=O)c3c(cccc3C(F)(F)F)[C@@H]2CN1,5.63
5HT2B,CHEMBL4457840,Cl.NCC1C(c2ccccc2)C1(F)F,5.63
5HT2B,CHEMBL4867560,COc1ccccc1-c1n[nH]cc1N1CCCNCC1,5.63
5HT2B,CHEMBL306700,CCOc1ccccc1OCC1CNCCO1,5.63
5HT2B,CHEMBL590332,Cc1cccc2c1N1CCNCC1NC2=O,5.62
5HT2B,CHEMBL1090757,O=C(NCc1ccc(Oc2cccc(F)c2)cc1)[C@@H]1CCCN1,5.62
5HT2B,CHEMBL597,Cc1ccc(N(CC2=NCCN2)c2cccc(O)c2)cc1,5.62
5HT2B,CHEMBL2337489,Cl.O=C1N[C@H]2CNC[C@H]2c2cccc(C(F)(F)F)c21,5.62
5HT2B,CHEMBL523797,O[C@@H]1[C@H](O)[C@@H]2C[C@@H]2[C@H]1n1cnc2c(NCc3cccc(Cl)c3)nc(Cl)nc21,5.62
5HT2B,CHEMBL4202582,C[C@@H]1SC(c2c[nH]c3ccccc23)=N[C@H]1CO,5.62
5HT2B,CHEMBL6170631,C=C(C)[C@@H]1CCC(C)=C[C@H]1c1c(O)cc(CCCCC)cc1OCCCCCCCCCCCCOc1cc(CCCCC)cc(O)c1[C@@H]1C=C(C)CC[C@H]1C(=C)C,5.62
5HT2B,CHEMBL584554,CCN(CC)C(=O)[C@@H]1C=C2c3cccc4[nH]cc(c34)C[C@H]2N(C(=O)Nc2ccccc2)C1,5.61
5HT2B,CHEMBL2058428,C/N=C1\N(C)C(=O)/C(=C\c2c[nH]c3cc(Br)ccc23)N1C,5.61
5HT2B,CHEMBL479683,O=c1cc(CCc2ccccc2)oc2cccc(O)c12,5.61
5HT2B,CHEMBL3086703,Cc1cc([C@@H](C)Nc2cccc(-c3cc(C)c(C(=O)N[C@@H](C)C(=O)O)c(C)c3)c2)ccc1Cl,5.61
5HT2B,CHEMBL298696,Cc1ncccc1Oc1ccc(NC(=O)N2CCc3c(Cl)cccc32)cn1,5.6
5HT2B,CHEMBL368016,CC1CNCCc2ccc(Cl)c(F)c21,5.6
5HT2B,CHEMBL271419,Fc1ccc(-c2nc(Cc3ccccc3)nc3c2CNCC3)cc1,5.6
5HT2B,CHEMBL333886,COc1cc2c(CCNC(C)=O)c[nH]c2cc1F,5.6
5HT2B,CHEMBL3612940,CCNc1cc(C#Cc2ccc(Cl)s2)nc2c1ncn2[C@H]1[C@H](O)[C@H](O)[C@]2(C(=O)NC)C[C@H]12,5.6
5HT2B,CHEMBL3899449,c1ccc(-c2cccc3c2CCC2CNCCN32)cc1,5.6
5HT2B,CHEMBL4783824,O=c1cc(CCCc2cccc(F)c2)oc2cccc(O)c12,5.6
5HT2B,CHEMBL4743625,O=c1cc(CCCc2ccc(C(F)(F)F)cc2)oc2cccc(O)c12,5.6
5HT2B,CHEMBL4746138,O=c1cc(CCCc2ccc(Cl)cc2)oc2cccc(O)c12,5.6
5HT2B,CHEMBL6189989,CCCOCCNC(=O)c1ccc2c3c1CCN3CCNC2,5.6
5HT2B,CHEMBL6192046,O=C(NCCCl)c1ccc2c3c1CCN3CCNC2,5.6
5HT2B,CHEMBL2,COc1cc2nc(N3CCN(C(=O)c4ccco4)CC3)nc(N)c2cc1OC,5.59
5HT2B,CHEMBL2096711,C[C@H]1CNC[C@@H]2Cc3ccccc3N21,5.58
5HT2B,CHEMBL841,CN(C)C(=O)C(CCN1CCC(O)(c2ccc(Cl)cc2)CC1)(c1ccccc1)c1ccccc1,5.58
5HT2B,CHEMBL1368005,COc1cc(/C=C/C(=O)NCCn2c(C)cc3ccccc32)cc(OC)c1OC,5.58
5HT2B,CHEMBL5195535,Ic1ccc(Nc2nc3ccccc3c3[nH]c(C4CCCCC4)nc23)cc1,5.58
5HT2B,CHEMBL1346,NC(=O)C(c1ccccc1)(c1ccccc1)[C@@H]1CCN(CCc2ccc3c(c2)CCO3)C1,5.58
5HT2B,CHEMBL465026,CN1CCOC(c2ccccc2)c2ccccc2C1,5.58
5HT2B,CHEMBL2432058,CN(CCc1ccccc1)[C@H]1C2C3CC4C5C3CC2C5C41,5.57
5HT2B,CHEMBL2058696,O=C1NC(=S)N/C1=C\c1c[nH]c2cc(Br)ccc12,5.57
5HT2B,CHEMBL463249,CN1C(=N)N(C)/C(=C/c2c[nH]c3cc(Br)ccc23)C1=O,5.57
5HT2B,CHEMBL4436605,COc1cc2c3c(c1)-c1c(cccc1OCc1ccc(F)cc1)C[C@H]3N(C)CC2.Cl,5.57
5HT2B,CHEMBL15766,CCc1cc(C(C)=O)c(O)cc1OCCCCCC(C)(C)c1nn[nH]n1,5.57
5HT2B,CHEMBL501854,Cl.NC[C@H]1C[C@@H]1c1ccc(Br)cc1,5.56
5HT2B,CHEMBL490633,COc1ccc(CCN2CCC(C(O)c3cccc(OCCF)c3OC)CC2)cc1,5.56
5HT2B,CHEMBL431733,CNC(=O)[C@H]1O[C@@H](n2cnc3c(NCc4cccc(I)c4)nc(Cl)nc32)[C@H](O)[C@@H]1O,5.56
5HT2B,CHEMBL4217398,CC(C)(C)OC(=O)NCCCCCCn1cc(CCCCN2CCC(c3ccc(-c4cc(C(=O)O)cc5cc(-c6ccc(C(F)(F)F)cc6)ccc45)cc3)CC2)nn1,5.56
5HT2B,CHEMBL589,CCCN(CCC)CCc1cccc2c1CC(=O)N2,5.56
5HT2B,CHEMBL92870,Cc1cccc(C)c1NC(=O)CN1CCN(CCCC(c2ccc(F)cc2)c2ccc(F)cc2)CC1,5.55
5HT2B,CHEMBL1258452,CCCCN1CCC(COC(=O)c2ccc(N)c(OC)c2)CC1,5.54
5HT2B,CHEMBL1643672,c1cc2nc3c(c(N4CCCCC4)n2n1)CCNCC3,5.54
5HT2B,CHEMBL4471059,Cl.Cl.O=c1c2cc(Cl)ccc2oc2ccc(CN3CCN(CCOCCO)CC3)cc12,5.54
5HT2B,CHEMBL4471712,O[C@@H]1[C@H](O)[C@@H]2C[C@@H]2[C@H]1n1cnc2c(NC(C3CCC3)C3CCC3)nc(Cl)nc21,5.54
5HT2B,CHEMBL1262,Clc1ccc(CO/N=C(\Cn2ccnc2)c2ccc(Cl)cc2Cl)c(Cl)c1,5.53
5HT2B,CHEMBL2205811,COc1cccc(CCN2C3C4C5CC6C7C5C3C7C2(O)C64)c1,5.53
5HT2B,CHEMBL373402,C[C@H]1CN2C(=O)c3c(cccc3C(F)(F)F)[C@@H]2CN1,5.52
5HT2B,CHEMBL3416034,CCCOc1ccc(Cl)cc1[C@@H]1C[C@H]1CN.Cl,5.52
5HT2B,CHEMBL3416040,Cl.NC[C@@H]1C[C@H]1c1cc(Cl)ccc1OCC1CC1,5.52
5HT2B,CHEMBL4206418,C[C@@H]1SC(c2ccccc2)=N[C@H]1CO,5.52
5HT2B,CHEMBL4565350,CCCN1CCc2cc(OC)cc3c2[C@H]1Cc1cccc(OCCF)c1-3.Cl,5.52
5HT2B,CHEMBL1201269,CC(C)(N)Cc1ccc(Cl)cc1,5.52
5HT2B,CHEMBL2365712,CC(C)[C@H]1C(=O)N2CCC[C@H]2[C@]2(O)O[C@](NC(=O)[C@@H]3C[C@@H]4c5cccc6[nH]cc(c56)C[C@H]4N(C)C3)(C(C)C)C(=O)N12,5.52
5HT2B,CHEMBL2110363,Cc1nc(C(=O)N2CCC[C@H]2Cc2nnc(-c3ccccc3)o2)c(-c2ccccc2F)s1,5.52
5HT2B,CHEMBL449134,Cl.NC[C@@H]1C[C@H]1c1ccccc1,5.51
5HT2B,CHEMBL566075,Cc1cnc(N[C@H]2CC[C@@H](CNC(=O)c3cc(C(F)(F)F)cc(C(F)(F)F)c3)CC2)nc1N(C)C,5.51
5HT2B,CHEMBL1670,Clc1ccc(C(c2ccccc2Cl)C(Cl)Cl)cc1,5.51
5HT2B,CHEMBL4869695,Fc1ccc(-c2n[nH]cc2N2CCCNCC2)cc1,5.51
5HT2B,CHEMBL73451,c1ccc2c(c1)Sc1ccccc1N2CC1CN2CCC1CC2,5.51
5HT2B,CHEMBL90267,COc1cc(OC)c(C(=O)CCCCN2CCC3(CC2)NC(=O)NC3=O)cc1NS(=O)(=O)c1ccc(S(N)(=O)=O)cc1,5.5
5HT2B,CHEMBL220789,CC1(C)CN2C(=O)c3c(cccc3C(F)(F)F)[C@@H]2CN1,5.5
5HT2B,CHEMBL238732,Cc1ccc2c(OCCN3CCC(Cc4cc(F)c5c(c4)NC(=O)CO5)CC3)cc(Cl)cc2n1,5.5
5HT2B,CHEMBL555146,C[C@@H]1CCCN1CCc1cc2cc(C(=O)c3ccc(F)cc3)ccc2o1,5.5
5HT2B,CHEMBL2334981,CC(C)c1cccc(-c2c(-c3ccc4nn(C)cc4c3)nsc2NC(=O)[C@@H]2C[C@H]2C)n1.Cl,5.5
5HT2B,CHEMBL1171837,Cc1ccc(C(=O)Nc2ccc(CN3CCN(C)CC3)c(C(F)(F)F)c2)cc1C#Cc1cnc2cccnn12,5.5
5HT2B,CHEMBL254832,CC(NCCC(c1ccccc1)c1ccccc1)c1ccccc1,5.49
5HT2B,CHEMBL175543,CNC(=O)[C@@]12C[C@@H]1[C@@H](n1cnc3c(NCc4cccc(Cl)c4)nc(Cl)nc31)[C@H](O)[C@@H]2O,5.49
5HT2B,CHEMBL5174205,Clc1ccc(Nc2nc3ccccc3c3[nH]c([C@@H]4C[C@@H]5CCC[C@@H](C5)C4)nc23)cc1Cl,5.49
5HT2B,CHEMBL498863,Cl.NC[C@H]1C[C@@H]1c1c(F)cccc1F,5.48
5HT2B,CHEMBL3769499,C=CCOc1ccc(F)c(F)c1C1CC1CN.Cl,5.48
5HT2B,CHEMBL6177169,C=C(C)[C@@H]1CCC(C)=C[C@H]1c1c(O)cc(CCCCC)c2c1OCC2,5.48
5HT2B,CHEMBL223584,O=C1c2c(cccc2C(F)(F)F)[C@H]2CNCCN12,5.46
5HT2B,CHEMBL1090397,O=C(NCc1ccc(-c2ccc(Cl)cc2)cc1F)N1CCNCC1,5.46
5HT2B,CHEMBL526,CC(C)c1cccc(C(C)C)c1O,5.46
5HT2B,CHEMBL2397883,C[C@@]12CNCCN1C(=O)c1ccccc1C2,5.46
5HT2B,CHEMBL3416035,CCCOc1ccc(Cl)cc1[C@H]1C[C@@H]1CN.Cl,5.46
5HT2B,CHEMBL4639115,COc1ccc2c3c1CCN3CCNC2,5.46
5HT2B,CHEMBL91,Clc1ccc(COC(Cn2ccnc2)c2ccc(Cl)cc2Cl)c(Cl)c1,5.45
5HT2B,CHEMBL496,Oc1c(Cl)cc(Cl)c(Cl)c1Cc1c(O)c(Cl)cc(Cl)c1Cl,5.44
5HT2B,CHEMBL334255,CCCCCCCCCCCCCCCC[n+]1ccccc1.[Br-],5.44
5HT2B,CHEMBL315838,COc1ccc(C(=O)Nc2ccccc2CCC2CCCCN2C)cc1,5.44
5HT2B,CHEMBL1492500,CN(C)CC/C=C1\c2ccccc2CSc2ccccc21,5.44
5HT2B,CHEMBL387344,O=C1c2c(O)cccc2C2CNCCN12,5.43
5HT2B,CHEMBL223469,O=C1c2c(F)cccc2C2CNCCN12,5.43
5HT2B,CHEMBL3287218,Cc1cc(-c2ccc3c(c2)CC[C@H]3N2CC3(CCN(C(=O)Cc4cn5cc(C)sc5n4)CC3)C2)ncn1,5.43
5HT2B,CHEMBL4061793,O=S(=O)(Nc1nccs1)c1cc(Cl)c(NCC23CCCN2CCC3)cc1F,5.42
5HT2B,CHEMBL668,CNCCCC1c2ccccc2C=Cc2ccccc21,5.42
5HT2B,CHEMBL1064,CCC(C)(C)C(=O)O[C@H]1C[C@@H](C)C=C2C=C[C@H](C)[C@H](CC[C@@H]3C[C@@H](O)CC(=O)O3)[C@H]21,5.42
5HT2B,CHEMBL223090,N#Cc1cccc2c1C(=O)N1CCNCC21,5.41
5HT2B,CHEMBL1091105,COc1cc(OC2CCC(C)(C)CC2)c(F)cc1CNC(=O)[C@@H]1CCCN1,5.41
5HT2B,CHEMBL1651093,C[C@@H]1SC(c2ccccc2O)=N[C@H]1[C@@H]1SC[C@](C)(C(=O)O)N1C,5.41
5HT2B,CHEMBL1651094,C[C@@H]1SC(c2ccccc2O)=N[C@H]1[C@H]1SC[C@](C)(C(=O)O)N1C,5.41
5HT2B,CHEMBL41,CNCCC(Oc1ccc(C(F)(F)F)cc1)c1ccccc1,5.41
5HT2B,CHEMBL291536,Cc1nc2ccc(NC(=O)Nc3ccnc4cccnc34)cc2o1,5.4
5HT2B,CHEMBL114012,CC1CCN(CCC2CCCCN2S(=O)(=O)c2cccc3ccccc23)CC1,5.4
5HT2B,CHEMBL1788231,CC1CCN(CC[C@H]2CCCCN2S(=O)(=O)c2cccc3ccccc23)CC1,5.4
5HT2B,CHEMBL367796,CC1CNCCc2ccccc21,5.4
5HT2B,CHEMBL1224106,Cc1ccccc1NC(=O)N1OCC2COc3ccccc3C21,5.4
5HT2B,CHEMBL787,CC(C)(O)c1ccccc1CC[C@@H](SCC1(CC(=O)O)CC1)c1cccc(/C=C/c2ccc3ccc(Cl)cc3n2)c1,5.4
5HT2B,CHEMBL3941980,Fc1ccc(C#Cc2nc(NCc3cccc(Cl)c3)c3nc[nH]c3n2)cc1F,5.4
5HT2B,CHEMBL4159471,Cc1cc(NC(=O)c2cccc(S(=O)(=O)N[C@H]3CCOC3)c2)ccc1F,5.4
5HT2B,CHEMBL3752911,O=C(/C=C/N1C[C@H]2C[C@@H]1CN2c1ccccn1)c1ccccc1O,5.4
5HT2B,CHEMBL375575,O=C1c2c(C(F)(F)F)ccc(Cl)c2[C@@H]2CNCCN12,5.39
5HT2B,CHEMBL1093699,COc1cc(OCC2CCCCC2)c(F)cc1CNC(=O)[C@@H]1CCCN1,5.39
5HT2B,CHEMBL3402660,CN(C)[C@H]1Cc2ccccc2[C@H](c2ccc([N+](=O)[O-])cc2)C1.Cl,5.39
5HT2B,CHEMBL3402659,CN(C)[C@H]1Cc2ccccc2[C@H](c2ccccc2Br)C1.Cl,5.39
5HT2B,CHEMBL4277264,Cc1cc(Oc2nccc3occc23)ccc1-c1c(C)ncc2nccn12,5.39
5HT2B,CHEMBL505,CN(C)CCC(c1ccc(Cl)cc1)c1ccccn1,5.39
5HT2B,CHEMBL1201027,C[N+]1(C)CCC(OC(=O)C(O)(c2ccccc2)C2CCCC2)C1.[Br-],5.39
5HT2B,CHEMBL3545376,COc1cc(OC)cc(N(CCNC(C)C)c2ccc3ncc(-c4cnn(C)c4)nc3c2)c1,5.39
5HT2B,CHEMBL5590309,C/C(=N\N=c1/[nH]c2cc(F)c(F)cc2n1C)c1ccc(F)cn1,5.39
5HT2B,CHEMBL6165627,COC(=O)[C@H](N)CNC(=O)c1cc2nccc(C)c2s1,5.39
5HT2B,CHEMBL1092029,O=C(NCc1ccc(C2CCCCC2)cc1)[C@@H]1CCCN1,5.38
5HT2B,CHEMBL290106,Oc1c(Cl)cc(Cl)cc1Sc1cc(Cl)cc(Cl)c1O,5.37
5HT2B,CHEMBL2426677,COc1ccc(CC(=O)N2CCC3(CC2)CN([C@@H]2CCc4cc(-c5ncccn5)ccc42)C3)cc1,5.37
5HT2B,CHEMBL3416046,C=CCOc1ccc(Cl)cc1[C@@H]1C[C@H]1CN.O=C(O)C(F)(F)F,5.37
5HT2B,CHEMBL4207355,CCCCCCOc1ccc(C2=N[C@@H](CO)[C@H](C)S2)cc1,5.37
5HT2B,CHEMBL5191889,Cc1ccc(O)c(C2NCCc3c2[nH]c2ccc(Cl)cc32)c1.Cl,5.37
5HT2B,CHEMBL163,CC(C)c1nc(CN(C)C(=O)N[C@H](C(=O)N[C@@H](Cc2ccccc2)C[C@H](O)[C@H](Cc2ccccc2)NC(=O)OCc2cncs2)C(C)C)cs1,5.37
5HT2B,CHEMBL6189046,CNC(=O)c1ccc2c3c1C(CC(F)(F)F)CN3CCNC2,5.37
5HT2B,CHEMBL808,Clc1ccc(COC(Cn2ccnc2)c2ccc(Cl)cc2Cl)cc1,5.36
5HT2B,CHEMBL3416048,C#CCOc1ccc(Cl)cc1[C@@H]1C[C@H]1CN.Cl,5.36
5HT2B,CHEMBL4632419,CC1CN2CCNCc3cccc1c32,5.36
5HT2B,CHEMBL1491,CCOC(=O)C1=C(COCCN)NC(C)=C(C(=O)OC)C1c1ccccc1Cl,5.36
5HT2B,CHEMBL87493,CCNC(C)Cc1cccc(C(F)(F)F)c1,5.36
5HT2B,CHEMBL110094,CN(C)CCC=C1c2ccccc2C(C)(C)c2ccccc21,5.36
5HT2B,CHEMBL457,Cc1ccc(C)c(OCCCC(C)(C)C(=O)O)c1,5.36
5HT2B,CHEMBL21283,CC(=O)N1CCc2ccc(N(C(=O)/C=C/c3cccc(C#N)c3)C3CCN(CCC4CCCC4)CC3)cc21,5.36
5HT2B,CHEMBL404232,CN1C(=N)N(C)/C(=C/c2c[nH]c3ccccc23)C1=O,5.35
5HT2B,CHEMBL1085,CC(=O)c1ccc2c(c1)N(CCCN1CCN(CCO)CC1)c1ccccc1S2,5.35
5HT2B,CHEMBL514800,CCOc1cc([C@@H](CS(C)(=O)=O)N2C(=O)c3cccc(NC(C)=O)c3C2=O)ccc1OC,5.35
5HT2B,CHEMBL6164245,C=C(C)[C@H]1CCC(C)=C[C@@H]1c1c(O)cc(CCCCC)cc1OCCCCCCCCOc1cc(CCCCC)cc(O)c1[C@@H]1C=C(C)CC[C@H]1C(=C)C,5.35
5HT2B,CHEMBL376455,O=C1c2ccccc2C2CNCCN12,5.34
5HT2B,CHEMBL512332,C/N=C1\N(C)C(=O)/C(=C\c2c[nH]c3ccccc23)N1C,5.34
5HT2B,CHEMBL3416049,C#CCOc1ccc(Cl)cc1[C@H]1C[C@@H]1CN.Cl,5.34
5HT2B,CHEMBL3416054,Cl.NC[C@@H]1C[C@H]1c1cc(Cl)ccc1OCCF,5.34
5HT2B,CHEMBL3938006,CN(C)c1nc(Cl)nc2c1ncn2[C@H]1[C@H](O)[C@H](O)[C@]2(C(=O)O)C[C@H]12,5.33
5HT2B,CHEMBL1584,CC(=O)c1ccc2c(c1)N(CCCN1CCC(CCO)CC1)c1ccccc1S2,5.33
5HT2B,CHEMBL3959210,CN(C)c1nc(Cl)nc2c1ncn2[C@H]1[C@H](O)[C@H](O)[C@]2(CO)C[C@H]12,5.32
5HT2B,CHEMBL3416059,Cl.NC[C@H]1C[C@@H]1c1cc(Cl)ccc1OCCCF,5.31
5HT2B,CHEMBL55958,Cc1ncccc1Oc1ccc(NC(=O)N2CCc3cc(F)ccc32)cn1,5.3
5HT2B,CHEMBL214184,CCCN1CCC2(CC1)Oc1ccc(Br)cc1C1CC(c3ccc(C)cc3)=NN12,5.3
5HT2B,CHEMBL213332,CC1(C)Oc2ccccc2C2CC(c3ccncc3)=NN21,5.3
5HT2B,CHEMBL214802,CN1CCC2(CC1)Oc1ccc(Br)cc1C1CC(c3ccc4ccccc4c3)=NN12,5.3
5HT2B,CHEMBL384270,CN1CCC2(CC1)Oc1ccc(Br)cc1C1CC(c3cccs3)=NN12,5.3
5HT2B,CHEMBL215991,CN1CCC2(CC1)Oc1ccc(Br)cc1C1CC(c3ccco3)=NN12,5.3
5HT2B,CHEMBL425260,COc1ccc(C2=NN3C(C2)c2cc(Br)ccc2OC32CCN(C)CC2)cc1OC,5.3
5HT2B,CHEMBL215386,COc1ccc(C2=NN3C(C2)c2cc(Br)ccc2OC32CCN(C)CC2)cc1,5.3
5HT2B,CHEMBL378540,COc1ccccc1C1=NN2C(C1)c1cc(Br)ccc1OC21CCN(C)CC1,5.3
5HT2B,CHEMBL2442265,C/N=C1/N/C(=C/c2c[nH]c3ccccc23)C(=O)N1C,5.3
5HT2B,CHEMBL3416041,Cl.NC[C@H]1C[C@@H]1c1cc(Cl)ccc1OCC1CC1,5.3
5HT2B,CHEMBL2203551,c1ccc(OCc2cc(OC[C@@H]3CCCN3)no2)cc1,5.29
5HT2B,CHEMBL6189062,O=C(NCC(F)(F)F)c1ccc2c3c1C(CC(F)(F)F)CN3CCNC2,5.29
5HT2B,CHEMBL1922539,CC/C=C1\C[C@H]2CNc3ccccc3C(=O)N2C1,5.28
5HT2B,CHEMBL2338343,CC(C)CCOc1ccc2c(c1)[C@H]1OCCC[C@H]1[C@@H](C1CCOCC1)N2,5.28
5HT2B,CHEMBL3416042,COCCOc1ccc(Cl)cc1[C@@H]1C[C@H]1CN.Cl,5.28
5HT2B,CHEMBL4592872,O=C(Nc1ccc(Oc2ccc(F)cc2)cc1)N1CCc2ncccc2[C@H]1c1ccc(F)cc1,5.28
5HT2B,CHEMBL2105022,C1=Cc2cccc(OCC3CNCCO3)c2C1,5.28
5HT2B,CHEMBL1922538,C/C=C1\C[C@H]2CNc3c(OC)cccc3C(=O)N2C1,5.27
5HT2B,CHEMBL198123,CN(C)CCc1cn(C)c2cccc(OP(=O)(O)O)c12,5.26
5HT2B,CHEMBL2397906,O=C1c2cccc(C(F)(F)F)c2C[C@@H]2CNCCN12,5.26
5HT2B,CHEMBL445331,Oc1cccc2[nH]cc(CCN3CCCc4ccccc43)c12,5.25
5HT2B,CHEMBL3416038,CC(C)Oc1ccc(Cl)cc1[C@@H]1C[C@H]1CN.O=C(O)C(F)(F)F,5.25
5HT2B,CHEMBL945,N=C(N)NC(=O)c1nc(Cl)c(N)nc1N,5.25
5HT2B,CHEMBL2337495,Cl.O=C1N[C@H]2CNC[C@@H]2c2ccccc21,5.24
5HT2B,CHEMBL2397903,N#Cc1ccc2c(c1)C[C@@H]1CNCCN1C2=O,5.24
5HT2B,CHEMBL2397882,O=C1c2ccccc2C[C@H]2CNCCN12,5.24
5HT2B,CHEMBL4513786,CCCCN(CCCC)C(=O)CN1C[C@@H](c2cc(OC)c3c(c2)OCO3)[C@H](C(=O)O)[C@H]1CC(C)(C)CCC,5.24
5HT2B,CHEMBL52440,COc1ccc2c(c1)[C@]13CCCC[C@@H]1[C@H](C2)N(C)CC3,5.24
5HT2B,CHEMBL2105717,COc1cc2nccc(Oc3ccc(NC(=O)C4(C(=O)Nc5ccc(F)cc5)CC4)cc3)c2cc1OC,5.24
5HT2B,CHEMBL41632,O=C(O)Cc1cc(I)c(Oc2ccc(O)c(I)c2)c(I)c1,5.24
5HT2B,CHEMBL914,CC(C)(C(=O)O)c1ccc(C(O)CCCN2CCC(C(O)(c3ccccc3)c3ccccc3)CC2)cc1,5.24
5HT2B,CHEMBL29188,COc1ccc(CN2CCN(C(c3ccc(F)cc3)c3ccc(F)cc3)CC2)c(OC)c1OC,5.23
5HT2B,CHEMBL1643902,CN(CCc1cccc(F)c1)[C@H]1C2C3CC4C5C3CC2C5C41,5.22
5HT2B,CHEMBL3402685,Cc1ccccc1[C@@H]1C[C@@H](N(C)C)Cc2ccccc21.Cl,5.22
5HT2B,CHEMBL4636014,C[C@@H]1c2cccc3c2N(CCNC3)[C@@H]1C,5.22
5HT2B,CHEMBL753,CC(COc1ccccc1)N(CCCl)Cc1ccccc1,5.22
5HT2B,CHEMBL1949930,COc1cc(OC(C)C)cc(S(=O)(=O)c2ccc3c(c2)O[C@H]2CNCC[C@@H]32)c1.Cl,5.21
5HT2B,CHEMBL2172186,CNc1nn2c3c(cnc2c1S(=O)(=O)c1ccccc1)CN(C)CC3,5.21
5HT2B,CHEMBL2337491,Cl.O=C1N[C@@H]2CNC[C@H]2c2cccc(C(F)(F)F)c21,5.21
5HT2B,CHEMBL3416052,C=C(C)COc1ccc(Cl)cc1[C@@H]1C[C@H]1CN.Cl,5.21
5HT2B,CHEMBL3416058,Cl.NC[C@@H]1C[C@H]1c1cc(Cl)ccc1OCCCF,5.21
5HT2B,CHEMBL107,COc1cc2c(c(OC)c1OC)-c1ccc(OC)c(=O)cc1[C@@H](NC(C)=O)CC2,5.21
5HT2B,CHEMBL9387,Cc1cccc(NC(=O)N[C@@H]2N=C(c3ccccc3)c3ccccc3N(C)C2=O)c1,5.21
5HT2B,CHEMBL382750,CN(C)CCc1c[nH]c2cc(O)ccc12,5.2
5HT2B,CHEMBL3956136,c1ccc(Oc2cccc3c2CCC2CNCCN32)cc1,5.2
5HT2B,CHEMBL1727,CC1=C(C(=O)O)N2C(=O)[C@@H](NC(=O)[C@H](N)c3ccccc3)[C@H]2SC1,5.2
5HT2B,CHEMBL5416410,Cc1nc(Nc2ncc(C(=O)Nc3c(C)cccc3Cl)s2)cc(N2CCN(CCO)CC2)n1.O,5.2
5HT2B,CHEMBL1017,CCCc1nc2c(C)cc(-c3nc4ccccc4n3C)cc2n1Cc1ccc(-c2ccccc2C(=O)O)cc1,5.2
5HT2B,CHEMBL286739,CNc1nc(Cl)nc2c1ncn2[C@H]1[C@H](O)[C@H](O)[C@]2(CO)C[C@H]12,5.19
5HT2B,CHEMBL4796803,CCCCN(CCCC)C(=O)CN1C[C@@H](c2cc(OC)c3c(c2)OCO3)[C@H](C(=O)O)[C@H]1CC(C)(C)CCC.Cl,5.19
5HT2B,CHEMBL836,CCOc1ccccc1OCCN[C@H](C)Cc1ccc(OC)c(S(N)(=O)=O)c1,5.19
5HT2B,CHEMBL1224102,CCCNC(=O)N1OCC2COc3ccccc3C21,5.18
5HT2B,CHEMBL297302,O=C(CCCN1CCC(n2c(=O)[nH]c3ccccc32)CC1)c1ccc(F)cc1,5.18
5HT2B,CHEMBL605846,COc1ccc(CC(C)(C)NC[C@H](O)c2cc(O)cc3c2OCC(=O)N3)cc1,5.18
5HT2B,CHEMBL729,Cc1cccc(C)c1OCC(=O)N[C@@H](Cc1ccccc1)[C@@H](O)C[C@H](Cc1ccccc1)NC(=O)[C@H](C(C)C)N1CCCNC1=O,5.18
5HT2B,CHEMBL6173574,C=C(C)[C@H]1CCC(C)=C[C@@H]1c1c(OC)cc(CCCCC)cc1OCCCCCCCCCCCCOc1cc(CCCCC)cc(OC)c1[C@H]1C=C(C)CC[C@@H]1C(=C)C,5.18
5HT2B,CHEMBL4572614,Cc1ncc2nccn2c1-c1ccc(Oc2nccc3occc23)cc1C(F)(F)F,5.17
5HT2B,CHEMBL193,COC(=O)C1=C(C)NC(C)=C(C(=O)OC)C1c1ccccc1[N+](=O)[O-],5.17
5HT2B,CHEMBL654,CN1CCN2c3ncccc3Cc3ccccc3C2C1,5.17
5HT2B,CHEMBL513993,O=C(c1ccc(-c2ccccc2)cc1)N1CCN(c2nc3ccccc3[nH]2)CC1,5.16
5HT2B,CHEMBL1643900,Fc1cccc(CCN[C@H]2C3C4CC5C6C4CC3C6C52)c1,5.16
5HT2B,CHEMBL3416050,C=C(F)COc1ccc(Cl)cc1[C@@H]1C[C@H]1CN.Cl,5.16
5HT2B,CHEMBL435,NS(=O)(=O)c1cc2c(cc1Cl)NCNS2(=O)=O,5.16
5HT2B,CHEMBL58,O=C1c2c(O)ccc(O)c2C(=O)c2c(NCCNCCO)ccc(NCCNCCO)c21,5.15
5HT2B,CHEMBL28218,O=C(CCCN1CCC(O)(c2ccc(Br)cc2)CC1)c1ccc(F)cc1,5.14
5HT2B,CHEMBL282575,C[C@]12CC[C@@H]3c4ccc(OC(=O)c5ccccc5)cc4CC[C@H]3[C@@H]1CC[C@@H]2O,5.13
5HT2B,CHEMBL104,Clc1ccccc1C(c1ccccc1)(c1ccccc1)n1ccnc1,5.13
5HT2B,CHEMBL1201319,C[C@H](N)[C@H](O)c1cccc(O)c1,5.13
5HT2B,CHEMBL3260337,C[C@@H](Oc1ccc(C(F)(F)F)cc1OC1CNC1)c1cccc(C(F)(F)F)c1,5.12
5HT2B,CHEMBL3264204,COc1cc(/C=C/C(=O)NCCn2c(C(F)(F)F)cc3ccccc32)cc(OC)c1OC,5.12
5HT2B,CHEMBL3394201,COc1ccc(CC(=O)N2CCC3(CC2)CN([C@@H]2CCc4cc(-c5cc(C)ncn5)ccc42)C3)c(C(N)=O)c1,5.12
5HT2B,CHEMBL4212246,CCCCOc1ccc(C2=N[C@@H](CO)[C@H](C)S2)cc1,5.12
5HT2B,CHEMBL222559,CCC[C@@]1(CCc2ccccc2)CC(O)=C([C@H](CC)c2cccc(NS(=O)(=O)c3ccc(C(F)(F)F)cn3)c2)C(=O)O1,5.12
5HT2B,CHEMBL595449,CN(C)Cc1nc(-c2ccc(C(C)(C)C)cc2)n(-c2cccc(O)c2)n1,5.11
5HT2B,CHEMBL3643413,CCC(=O)N1CC[C@H](Nc2ncnc3c2CN(c2cnc(OC)c(C(F)(F)F)c2)CC3)C1,5.11
5HT2B,CHEMBL1014,CCOc1nc2cccc(C(=O)OC(C)OC(=O)OC3CCCCC3)c2n1Cc1ccc(-c2ccccc2-c2nn[nH]n2)cc1,5.11
5HT2B,CHEMBL6192296,COC(C)CNC(=O)c1ccc2c3c1CCN3CCNC2,5.11
5HT2B,CHEMBL1834345,CCN/C(=N\S(=O)(=O)c1cccc(Cl)c1)N1CC(C)(C)C=N1,5.1
5HT2B,CHEMBL1922537,CC/C=C1\C[C@H]2CNc3c(OC)cccc3C(=O)N2C1,5.1
5HT2B,CHEMBL3961589,Fc1ccc2c(c1Cc1ccccc1)CC[C@@H]1CNCCCN21,5.1
5HT2B,CHEMBL4562303,CC(C)CCO[C@@H]1[C@H]2OC(C)(C)O[C@H]2[C@H]2COCc3cn(nn3)C[C@H]3O[C@H](CCN(CCc4ccc5ccccc5c4)CC[C@H]1O2)[C@H](OCCC(C)C)[C@H]1OC(C)(C)O[C@H]13,5.09
5HT2B,CHEMBL502,COc1cc2c(cc1OC)C(=O)C(CC1CCN(Cc3ccccc3)CC1)C2,5.09
5HT2B,CHEMBL6189647,CCNC(=O)c1ccc2c3c1CCN3CCNC2,5.09
5HT2B,CHEMBL1258723,CCCCOc1ccc(-c2nn3c(C)cc(C)nc3c2CC(=O)N(CC)CC)cc1,5.08
5HT2B,CHEMBL4851044,CN1CCC(=C(F)c2cccc(NC(=O)c3c(F)cc(F)cc3F)n2)CC1,5.07
5HT2B,CHEMBL27289,C=C(c1ccccc1OCc1cccc(Cl)c1)n1ccnc1,5.07
5HT2B,CHEMBL117785,COc1cc2c(cc1OC)C1CC(=O)C(CC(C)C)CN1CC2,5.07
5HT2B,CHEMBL1405,C[C@]12CC[C@@H]3c4ccc(O)cc4CC[C@H]3[C@@H]1CCC2=O,5.06
5HT2B,CHEMBL1201303,Cc1cc(/C=C/c2ccc3cc(N(C)C)ccc3[n+]2C)c(C)n1-c1ccccc1,5.06
5HT2B,CHEMBL434394,OC(CNCC(O)C1CCc2cc(F)ccc2O1)C1CCc2cc(F)ccc2O1,5.06
5HT2B,CHEMBL428647,CC(=O)O[C@H]1C(=O)[C@@]2(C)[C@H]([C@H](OC(=O)c3ccccc3)[C@]3(O)C[C@H](OC(=O)[C@H](O)[C@@H](NC(=O)c4ccccc4)c4ccccc4)C(C)=C1C3(C)C)[C@]1(OC(C)=O)CO[C@@H]1C[C@@H]2O,5.06
5HT2B,CHEMBL6177567,C=C(C)[C@@H]1CCC(C)=C[C@H]1c1c(OC)cc(CCCCC)cc1OCCCCCCOc1cc(CCCCC)cc(OC)c1[C@@H]1C=C(C)CC[C@H]1C(=C)C,5.06
5HT2B,CHEMBL6189412,CC(C)NC(=O)c1ccc2c3c1CCN3CCNC2,5.06
5HT2B,CHEMBL271111,Fc1ccc(-c2nc(C3CC3)nc3c2CNCC3)cc1,5.05
5HT2B,CHEMBL1000,O=C(O)COCCN1CCN(C(c2ccccc2)c2ccc(Cl)cc2)CC1,5.05
5HT2B,CHEMBL170988,N=C(N)NC(=N)NCCc1ccccc1,5.05
5HT2B,CHEMBL252556,COC1=C(OC)C(=O)C(CCCCCCCCCCO)=C(C)C1=O,5.05
5HT2B,CHEMBL29411,Cc1ccc(C(C)C)c(O)c1,5.04
5HT2B,CHEMBL4638592,CCP(=O)(OC)c1ccc2oc(-c3ccc(F)cc3)nc2c1,5.03
5HT2B,CHEMBL1198,CCCCOc1ccc(OCCCN2CCOCC2)cc1,5.03
5HT2B,CHEMBL833,Clc1ccccc1CN1CCc2sccc2C1,5.02
5HT2B,CHEMBL6193234,O=C(NC1CC1)c1ccc2c3c1CCN3CCNC2,5.01
5HT2B,CHEMBL256811,Fc1ccc(-c2nc(Cc3ccccc3)nc3c2CNCCC3)cc1,5.0
5HT2B,CHEMBL1566249,CCOC(=O)OC(C)OC1=C(C(=O)Nc2ccccn2)N(C)S(=O)(=O)c2ccccc21,5.0
5HT2B,CHEMBL2105059,O=C(OCCN1CCOCC1)c1cccnc1Nc1cccc(C(F)(F)F)c1,5.0
5HT2B,CHEMBL1241951,COc1cccc(N2CCN(C3=Nc4c(F)cccc4[C@H](CC(=O)O)N3c3cc(C(F)(F)F)ccc3OC)CC2)c1,5.0
5HT2B,CHEMBL490,Fc1ccc([C@@H]2CCNC[C@H]2COc2ccc3c(c2)OCO3)cc1,5.0
