target,molecule_chembl_id,canonical_smiles,pchembl_value
A2A,CHEMBL2419139,CCn1c(/N=C/c2ccc(Br)cc2)c(C#N)sc1=S,11.0
A2A,CHEMBL4167125,Nc1nc(NCc2cccnc2)nc2sc(-c3ccco3)nc12,10.96
A2A,CHEMBL1092271,C=CCn1c(=S)sc2c1ncn1nc(-c3ccco3)nc21,10.8
A2A,CHEMBL2419146,CCCCn1c(/N=C/c2ccc(F)cc2)c(C#N)sc1=S,10.57
A2A,CHEMBL336608,CCNC(=O)[C@H]1O[C@@H](n2cnc3c(NCC(c4ccccc4)c4ccccc4)nc(NCCc4c[nH]cn4)nc32)[C@H](O)[C@@H]1O,10.52
A2A,CHEMBL2419147,CCCn1c(/N=C/c2ccc(F)cc2)c(C#N)sc1=S,10.52
A2A,CHEMBL4161758,Nc1nc(NCc2cccs2)nc2sc(-c3ccco3)nc12,10.44
A2A,CHEMBL5182250,Nc1nc(Nc2ccco2)nc2sc(Cc3cccnc3)nc12,10.44
A2A,CHEMBL1090578,S=c1sc2c(ncn3nc(-c4ccco4)nc23)n1-c1cccc(Cl)c1,10.42
A2A,CHEMBL4172399,Nc1nc(NCc2ccco2)nc2sc(-c3ccco3)nc12,10.4
A2A,CHEMBL2024114,Nc1nnc(-c2ccc(O)c(Cl)c2)c(-c2ccccc2)n1,10.39
A2A,CHEMBL3121727,Cn1c(=O)c2[nH]c(-c3ccc(OCCCn4ccnc4)cc3)nc2n(C)c1=O,10.38
A2A,CHEMBL3121725,Cn1c(=O)c2[nH]c(-c3ccc(OCCCCl)cc3)nc2n(C)c1=O,10.35
A2A,CHEMBL4172264,Nc1nc(NCCc2cccs2)nc2sc(-c3ccco3)nc12,10.35
A2A,CHEMBL136689,COc1ccc(CCCn2ncc3c2nc(N)n2nc(-c4ccco4)nc32)cc1,10.32
A2A,CHEMBL337080,CCNC(=O)[C@H]1O[C@@H](n2cnc3c(NCC(c4ccccc4)c4ccccc4)nc(N[C@H]4CC[C@H](N)CC4)nc32)[C@H](O)[C@@H]1O.O=C(O)C(F)(F)F,10.3
A2A,CHEMBL3958838,COc1ccccc1CNc1nc(N)c2nc(-c3ccco3)sc2n1,10.29
A2A,CHEMBL4217582,COc1ccc(N2CCN(CCn3c(=O)n(C)c4c3nc(N)n3nc(-c5ccco5)nc43)CC2)c(F)c1,10.22
A2A,CHEMBL2419150,N#Cc1sc(=S)n(CCc2ccccc2)c1/N=C/c1ccc(Br)cc1,10.17
A2A,CHEMBL4217248,Cn1c(=O)n(CCN2CCN(c3ccc(F)cc3F)CC2)c2nc(N)n3nc(-c4ccco4)nc3c21,10.15
A2A,CHEMBL5815348,Nc1nc(-c2ccccc2)c(-c2ccc3ncccc3c2)c2nncn12,10.15
A2A,CHEMBL3121726,Cn1c(=O)c2[nH]c(-c3ccc(OC4CCCC4)cc3)nc2n(C)c1=O,10.14
A2A,CHEMBL4747929,COc1nc(-c2ncco2)nc(N)c1C(=O)NCc1c(Cl)cccc1Cl,10.11
A2A,CHEMBL131242,CCNC(=O)[C@H]1O[C@@H](n2cnc3c(NCC(c4ccccc4)c4ccccc4)nc(NCCN4CCCCC4)nc32)[C@H](O)[C@@H]1O.O=C(O)C(F)(F)F,10.1
A2A,CHEMBL5888877,Cc1cc(-c2c(-c3ccccc3)nc(N)n3cnnc23)cc(Cl)n1,10.1
A2A,CHEMBL5203105,Cl.Cl.Nc1nc(C(=O)NCc2ccccn2)cn2c1nc1ccccc12,10.09
A2A,CHEMBL5759493,Cc1cc(-c2c(-c3ccccc3)nc(N)n3cnnc23)cc2cccnc12,10.05
A2A,CHEMBL3904408,COc1cccc(CNc2nc(N)c3nc(-c4ccco4)sc3n2)c1,10.02
A2A,CHEMBL113142,Nc1nc(NCCc2ccc(O)cc2)nc2nc(-c3ccco3)nn12,10.0
A2A,CHEMBL130830,CCNC(=O)[C@H]1O[C@@H](n2cnc3c(N)nc(N[C@@H]4CCC[C@H]4O)nc32)[C@H](O)[C@@H]1O,10.0
A2A,CHEMBL245848,COc1ccc(N2CCN(CCn3cnc4c3nc(N)n3nc(-c5ccco5)nc43)CC2)cc1,10.0
A2A,CHEMBL1095999,Nc1nc(-c2ccco2)c2c(n1)-c1ccccc1C2=O,10.0
A2A,CHEMBL369573,Nc1nc(-c2ccccc2)c2c(n1)-c1ccccc1C2=O,10.0
A2A,CHEMBL2165801,Nc1nc(-c2ccccc2)c2c(n1)-c1cc(Cc3cnccc3Cl)ccc1C2=O,10.0
A2A,CHEMBL5999728,Cn1cnc2ccc(-c3c(-c4ccc(F)cc4)nc(N)n4nc(Cc5ncccc5F)nc34)cc21,10.0
A2A,CHEMBL5928153,Nc1nc(-c2ccc(F)cc2)c(-c2ccc3nncn3c2)c2nc(Cc3ncccc3OC(F)F)nn12,10.0
A2A,CHEMBL5940119,Cc1cnc2ccc(-c3c(-c4ccc(F)cc4)nc(N)n4nc(CC5CCOC5)nc34)cn12,10.0
A2A,CHEMBL5836704,Cc1cnc2ccc(-c3c(-c4ccc(F)cc4)nc(N)n4nc(C[C@H]5CCOC5)nc34)cn12,10.0
A2A,CHEMBL5747460,Cc1cnc2ccc(-c3c(N4CCC4)nc(N)n4nc(Cc5c(F)cccc5F)nc34)cn12,10.0
A2A,CHEMBL5826102,COc1cc2nc(N)n3nc([C@@H]4CC[C@H](C)N(c5cnn(C6CCCC6O)c5)C4)nc3c2cc1F,10.0
A2A,CHEMBL4778265,Cc1cccnc1CNC(=O)c1c(N)nc(-c2ccco2)nc1OC[C@H](C)O,9.96
A2A,CHEMBL22717,Nc1nc2c(cnn2CCc2ccc(S(=O)(=O)N(CCO)CCO)cc2)c2nc(-c3ccco3)nn12,9.92
A2A,CHEMBL22202,Nc1nc2c(cnn2CCc2ccc(N(CCO)CCO)cc2)c2nc(-c3ccco3)nn12,9.92
A2A,CHEMBL1092270,CCCCn1c(=S)sc2c1ncn1nc(-c3ccco3)nc21,9.92
A2A,CHEMBL3121728,Cn1c(=O)c2[nH]c(-c3ccc(OCCCN4CCN(Cc5ccccc5Cl)CC4)cc3)nc2n(C)c1=O,9.92
A2A,CHEMBL22320,NCc1ccc(CCCn2ncc3c2nc(N)n2nc(-c4ccco4)nc32)cc1,9.89
A2A,CHEMBL506250,N#Cc1c(-c2ccco2)cc(-c2ccco2)nc1N,9.87
A2A,CHEMBL16687,Nc1nc2ccc(Cl)cc2c2nc(-c3ccco3)nn12,9.85
A2A,CHEMBL2419140,N#Cc1sc(=S)n(-c2ccccc2)c1/N=C/c1ccc(Cl)cc1,9.85
A2A,CHEMBL5909324,Nc1nc(-c2ccccc2)c(-c2cc(F)c3[nH]ncc3c2)c2nncn12,9.85
A2A,CHEMBL1090577,S=c1sc2c(ncn3nc(-c4ccco4)nc23)n1-c1ccc(Cl)cc1,9.82
A2A,CHEMBL4203542,Cc1nc2cc(N3CCN(CCn4c(=O)n(C)c5c4nc(N)n4nc(-c6ccco6)nc54)CC3)c(F)cc2o1,9.82
A2A,CHEMBL5923815,Cc1cc(-c2c(-c3ccccc3)nc(N)n3cnnc23)cc(C)n1,9.82
A2A,CHEMBL131457,CCNC(=O)[C@H]1O[C@@H](n2cnc3c(NCC(c4ccccc4)c4ccccc4)nc(N[C@@H]4CCC[C@H]4O)nc32)[C@H](O)[C@@H]1O,9.8
A2A,CHEMBL423542,Nc1nc2nn(CCCc3ccccc3)cc2c2nc(-c3ccco3)nn12,9.8
A2A,CHEMBL2021950,Cc1cc(-c2nnc(N)nc2-c2ccccc2)cc(C)c1O,9.8
A2A,CHEMBL5938328,Nc1nc(-c2ccccc2)c(-c2cc(F)c3ncccc3c2)c2nncn12,9.8
A2A,CHEMBL4457393,COc1c(C)cc(-c2cn3c(=O)n(-c4ccccc4)nc3c(N)n2)cc1C,9.77
A2A,CHEMBL5978359,Cc1cc(-c2c(-c3ccc(F)cc3)nc(N)n3cnnc23)cc(Cl)n1,9.77
A2A,CHEMBL2112948,N/C(=N\O)c1ccc(CCn2ncc3c2nc(N)n2nc(-c4ccco4)nc32)cc1,9.74
A2A,CHEMBL5933059,Cc1cc(-c2c(-c3ccc(C)o3)nc(N)n3cnnc23)cc(C(F)(F)F)n1,9.74
A2A,CHEMBL6063161,Cc1ccc(-c2nc(N)n3cnnc3c2-c2cc(C)nc(Cl)c2)cc1,9.74
A2A,CHEMBL282888,Nc1nc2c(cnn2CCCc2ccc3c(c2)OC(CO)(CO)O3)c2nc(-c3ccco3)nn12,9.72
A2A,CHEMBL487569,COc1cc(OC)cc(-c2cc(NC(C)=O)nc(-n3nc(C)cc3C)n2)c1,9.72
A2A,CHEMBL429125,COc1cc(CN(C)C)ccc1OCC(=O)Nc1cc(-n2nc(C)cc2C)nc(-c2ccc(C)o2)n1,9.7
A2A,CHEMBL255739,Cc1cc(C)n(-c2cc(NC(=O)Cc3ccc(CN(C)C)cc3)nc(-c3ccc(C)o3)n2)n1,9.7
A2A,CHEMBL373700,Nc1nc(N2CCN3C[C@@H](COc4cccc(F)c4)CC[C@H]3C2)nc2nc(-c3ccco3)nn12,9.7
A2A,CHEMBL1097494,Nc1nc(-c2ccc(Cl)o2)c2c(n1)-c1ccccc1C2=O,9.7
A2A,CHEMBL3121724,Cn1c(=O)c2[nH]c(-c3ccc(OCCN4CCCC4)cc3)nc2n(C)c1=O,9.7
A2A,CHEMBL3765580,COc1cccc2c(C(=O)NCc3cccc4cccnc34)nc(N)nc12,9.7
A2A,CHEMBL3765379,Nc1nc(C(=O)NCc2cccc3cccnc23)c2cccc(OC(F)(F)F)c2n1,9.7
A2A,CHEMBL3973920,COc1cccc2c(C(=O)NCc3cccc(COc4ccccc4F)n3)nc(N)nc12,9.7
A2A,CHEMBL3960148,COc1cccc2c(C(=O)NCc3cccc(C4CCC4)n3)nc(N)nc12,9.7
A2A,CHEMBL3923709,COc1cccc2c(C(=O)NCc3cccc(C(C)C)n3)nc(N)nc12,9.7
A2A,CHEMBL4095355,CCN(CC)C1CCC(C)(C(=O)Nc2nc3c(OC)ccc(N4CCOCC4)c3s2)CC1,9.7
A2A,CHEMBL4212821,Cn1c(=O)n(CCN2CCN(c3ccc(OC4CCOC4)cc3)CC2)c2nc(N)n3nc(-c4ccco4)nc3c21,9.7
A2A,CHEMBL6055282,COc1cccc2c(C(=O)NCc3nc(C)ccc3C)nc(N)nc12,9.7
A2A,CHEMBL5850689,CCn1cccc(CNC(=O)c2nc(N)nc3c(OC)cccc23)c1=O,9.7
A2A,CHEMBL5827075,CN(C)c1cc(-c2c(-c3ccc(F)cc3)nc(N)n3nc(Cc4c(F)cccc4F)nc23)ccn1,9.7
A2A,CHEMBL5800386,Nc1nc(-c2ccc(F)cc2)c(-c2ccc(=O)n(CCO)c2)c2nc(Cc3c(F)cccc3F)nn12,9.7
A2A,CHEMBL6064185,Cc1cnc2ccc(-c3c(-c4ncco4)nc(N)n4nc(C[C@H]5CCCO5)nc34)cn12,9.7
A2A,CHEMBL5825227,COCCc1nc2c(-c3ccc4ncc(C)n4c3)c(-c3ccc(F)cc3)nc(N)n2n1,9.7
A2A,CHEMBL6007478,Cc1cnc2ccc(-c3c(-n4ccc(F)n4)nc(N)n4nc(Cc5ncccc5F)nc34)cn12,9.7
A2A,CHEMBL6057843,Cc1cnc2ccc(-c3c(-n4cc(F)cn4)nc(N)n4nc(Cc5ncccc5F)nc34)cn12,9.7
A2A,CHEMBL5913092,Cc1cnc2ccc(-c3c(N4CCOCC4)nc(N)n4nc(Cc5c(F)cccc5F)nc34)cn12,9.7
A2A,CHEMBL5965998,CC(C)n1cc(-c2c(-c3ccccc3)nc(N)n3cnnc23)ccc1=O,9.7
A2A,CHEMBL5834574,COc1cc2nc(N)n3nc([C@H]4CC[C@@H](C)N(c5cnn(C6CCCC6O)c5)C4)nc3c2cc1F,9.7
A2A,CHEMBL5824610,C[C@H]1CC[C@@H](c2nc3c4cc(F)c(Cl)cc4nc(N)n3n2)CN1c1cnn(CC(C)(C)O)c1,9.7
A2A,CHEMBL5951900,COc1cc(F)cc2c1nc(N)n1nc([C@@H]3CC[C@H](C)N(c4cn(CC(C)(C)O)nc4C)C3)nc21,9.7
A2A,CHEMBL4213177,COc1ccc(N2CCN(CCn3c(=O)n(C)c4c3nc(N)n3nc(-c5ccco5)nc43)CC2)cc1,9.68
A2A,CHEMBL281805,Nc1ccc(CCCn2ncc3c2nc(N)n2nc(-c4ccco4)nc32)cc1,9.66
A2A,CHEMBL5170337,COC[C@H]1CCCN1c1cc(Nc2ccccn2)nc(-n2cccn2)n1,9.66
A2A,CHEMBL5937050,Cc1cc(-c2c(-c3ccccc3)nc(N)n3cnnc23)cc(C(F)(F)F)n1,9.64
A2A,CHEMBL5970785,Nc1nc(-c2ccccc2)c(-c2cc(Cl)nc(C(F)(F)F)c2)c2nncn12,9.64
A2A,CHEMBL4162638,Nc1nc(NCCc2cccnc2)nc2sc(-c3ccco3)nc12,9.62
A2A,CHEMBL3121721,CCN(CC)CCOc1ccc(-c2nc3c([nH]2)c(=O)n(C)c(=O)n3C)cc1,9.6
A2A,CHEMBL4064207,COc1ccc(N2CCOCC2)c2sc(NC(=O)C3(C)CCC(C)(O)CC3)nc12,9.6
A2A,CHEMBL4159215,Nc1nc(NCc2ccsc2)nc2sc(-c3ccco3)nc12,9.6
A2A,CHEMBL4205884,Cn1c(=O)n(CCN2CCN(c3ccc(OC4CC4)cc3)CC2)c2nc(N)n3nc(-c4ccco4)nc3c21,9.6
A2A,CHEMBL6041384,Nc1nc(-c2ccccc2)c(-c2cc(C(F)(F)F)c3[nH]ncc3c2)c2nncn12,9.6
A2A,CHEMBL485765,CC(=O)Nc1cc(-c2cccc(N3CCCC3)n2)nc(-n2nc(C)cc2C)n1,9.59
A2A,CHEMBL4207914,Cn1c(=O)n(CCN2CCN(c3ccc(OC4CCOCC4)cc3)CC2)c2nc(N)n3nc(-c4ccco4)nc3c21,9.59
A2A,CHEMBL5772344,Nc1nc(-c2ccccc2)c(-c2ccc3[nH]ncc3c2)c2nncn12,9.59
A2A,CHEMBL184061,Nc1nc(NCCN2CCN(c3ccc(F)cc3F)CC2)nc2nc(-c3ccco3)nn12,9.57
A2A,CHEMBL4217668,Cn1c(=O)n(CCN2CCN(c3ccc(OC(F)F)cc3)CC2)c2nc(N)n3nc(-c4ccco4)nc3c21,9.57
A2A,CHEMBL5874944,Cc1cc(-c2c(-c3ccccc3)nc(N)n3ccnc23)cc(Cl)n1,9.57
A2A,CHEMBL3121722,Cn1c(=O)c2[nH]c(-c3ccc(OCCC4CCNCC4)cc3)nc2n(C)c1=O,9.54
A2A,CHEMBL4864129,Nc1nc(-c2ccccc2)c(-c2ccc(=O)[nH]c2)c2nc(Cc3ncc(F)cc3Cl)nn12,9.54
A2A,CHEMBL246055,Nc1nc2c(ncn2CCN2CCN(c3ccc(Cl)cc3F)CC2)c2nc(-c3ccco3)nn12,9.52
A2A,CHEMBL253317,COc1cc(OCC(=O)Nc2cc(-n3nc(C)cc3C)nc(-c3ccc(C)o3)n2)ccc1CN(C)C,9.52
A2A,CHEMBL404863,Cc1cc(C)n(-c2cc(NC(=O)COc3ccc(CN(C)C)cc3)nc(-c3ccc(C)o3)n2)n1,9.52
A2A,CHEMBL403845,Cc1cc(C)n(-c2cc(NC(=O)COc3cccc(CN)c3)nc(-c3ccc(C)o3)n2)n1,9.52
A2A,CHEMBL256124,CCN(C)Cc1cccc(OCC(=O)Nc2cc(-n3nc(C)cc3C)nc(-c3ccc(C)o3)n2)c1,9.52
A2A,CHEMBL256123,CCNCc1cccc(OCC(=O)Nc2cc(-n3nc(C)cc3C)nc(-c3ccc(C)o3)n2)c1,9.52
A2A,CHEMBL470942,Nc1nc(N(CCN2CCN(c3ccc(F)cc3F)CC2)CC2CC2)cc2nc(-c3ccco3)nn12,9.52
A2A,CHEMBL480542,CN(CCN1CCN(c2ccc(F)cc2F)CC1)c1cc2nc(-c3cnco3)nn2c(N)n1,9.52
A2A,CHEMBL480570,Cc1nccnc1-c1nc2cc(N(C)CCN3CCN(c4ccc(F)cc4F)CC3)nc(N)n2n1,9.52
A2A,CHEMBL1762510,C=Cn1ncc2c1nc(N)n1c(=O)n(Cc3ccccc3)nc21,9.52
A2A,CHEMBL2165807,Nc1nc(-c2ccccc2)c2c(n1)-c1cc(Cc3cccnc3)ccc1C2=O,9.52
A2A,CHEMBL2105747,COc1ccc(N2CCOCC2)c2sc(NC(=O)N3CCC(C)(O)CC3)nc12,9.52
A2A,CHEMBL3763717,Nc1nc(C(=O)NCc2cccc3cccnc23)c2ccc(F)cc2n1,9.52
A2A,CHEMBL4212278,Cn1c(=O)n(CCN2CCN(c3ccc(C#N)cc3)CC2)c2nc(N)n3nc(-c4ccco4)nc3c21,9.52
A2A,CHEMBL4858144,Nc1nc(-c2ccc(F)cc2)c(-c2ccc(=O)[nH]c2)c2nc(Cc3ccc(F)cn3)nn12,9.52
A2A,CHEMBL5176737,Nc1nc(C(=O)NCc2ccccn2)cn2c1nc1ccccc12,9.52
A2A,CHEMBL5430246,COc1cccc2c1nc(N)n1nc(C3CC3c3nc4ccccc4n3C)nc21,9.52
A2A,CHEMBL5413330,COc1cccc2c1nc(N)n1nc(C3CC3c3ccc4c(c3)CCNC4)nc21,9.52
A2A,CHEMBL5426841,COc1cccc2c1nc(N)n1nc([C@H]3C[C@H](c4ccc(C(C)(C)O)cn4)C3)nc21,9.52
A2A,CHEMBL5413371,COc1cccc2c1nc(N)n1nc([C@H]3C[C@H](c4ncc(C(C)(C)N)cc4C)C3)nc21,9.52
A2A,CHEMBL5438060,COc1cccc2c1nc(N)n1nc([C@H]3C[C@H](c4ncc(C(C)(C)N)cc4Cl)C3)nc21,9.52
A2A,CHEMBL5426527,COc1cccc2c1nc(N)n1nc(C3CCC(c4ccc(C(C)(C)N)cn4)C3)nc21,9.52
A2A,CHEMBL6010102,COc1cccc2c(C(=O)NCc3cccc(C4CC4)n3)nc(N)nc12,9.52
A2A,CHEMBL5769657,COc1cccc2c(C(=O)NCc3cccc4ccncc34)nc(N)nc12,9.52
A2A,CHEMBL5996538,COc1cccc2c(C(=O)NCc3cccc(COc4ccc(F)cc4)n3)nc(N)nc12,9.52
A2A,CHEMBL5854801,COc1cccc2c1nc(N)n1nc([C@@H]3CCCN(CC(C(F)(F)F)C(F)(F)F)C3)nc21,9.52
A2A,CHEMBL6041429,COc1cccc2c1nc(N)n1nc([C@@H]3CC4CC[C@@H]3N(CC(F)(F)F)C4)nc21,9.52
A2A,CHEMBL6014360,COc1cccc2c1nc(N)n1nc([C@H]3CCC(F)(F)CN3)nc21,9.52
A2A,CHEMBL6016827,Cc1cnc2ccc(-c3c(-c4ccc(F)cc4)nc(N)n4nc(C[C@@H]5CCCN5C)nc34)cn12,9.52
A2A,CHEMBL5954196,COc1cc2nc(N)n3nc([C@@H]4CCCN(c5cn(CC(C)(C)O)nc5C5CC5)C4)nc3c2cc1F,9.52
A2A,CHEMBL5854231,COc1cc2nc(N)n3nc([C@@H]4CC[C@H](C)N(c5cnn(C(C)C(C)(C)O)c5)C4)nc3c2cc1F,9.52
A2A,CHEMBL5984547,COc1cc(F)cc2c1nc(N)n1nc([C@@H]3CCCN(c4cn(C(C)C(C)(C)O)nc4C)C3)nc21,9.52
A2A,CHEMBL6049760,COc1cc(F)cc2c1nc(N)n1nc(C3CCC(C)N(c4cnn(C(C)(C)CO)c4)C3)nc21,9.52
A2A,CHEMBL5942523,COc1cc2nc(N)n3nc(C4CCC(C)N(c5cnn(C(C)(C)CO)c5)C4)nc3c2cc1F,9.52
A2A,CHEMBL16867,Nc1nc2nn(CCc3ccccc3)cc2c2nc(-c3ccco3)nn12,9.51
A2A,CHEMBL3121723,Cn1c(=O)c2[nH]c(-c3ccc(OCCN4CCOCC4)cc3)nc2n(C)c1=O,9.51
A2A,CHEMBL240624,COCCOc1ccc(N2CCN(CCn3ncc4c3nc(N)n3nc(-c5ccco5)nc43)CC2)cc1,9.5
A2A,CHEMBL5879566,COc1cc(-c2c(-c3ccccc3)nc(N)n3cnnc23)cc(C)n1,9.49
A2A,CHEMBL5994139,Cc1cc(-c2c(-c3ccc(Cl)cc3)nc(N)n3cnnc23)cc(CF)n1,9.46
A2A,CHEMBL5745015,Cc1cc(-c2c(-c3ccc(F)cc3)nc(N)n3cnnc23)cc(C(F)F)n1,9.44
A2A,CHEMBL1093270,CCCn1c(=S)sc2c1ncn1nc(-c3ccco3)nc21,9.42
A2A,CHEMBL186113,CCn1nnc([C@H]2O[C@@H](n3cnc4c(N)nc(N[C@H](CO)Cc5ccccc5)nc43)[C@H](O)[C@@H]2O)n1,9.4
A2A,CHEMBL246261,Nc1nc2c(ncn2CCN2CCN(c3cccc(Cl)c3)CC2)c2nc(-c3ccco3)nn12,9.4
A2A,CHEMBL391953,COCCOc1ccc(N2CCN(CCn3cnc4c3nc(N)n3nc(-c5ccco5)nc43)CC2)c(C(F)(F)F)c1,9.4
A2A,CHEMBL393410,COCCOc1ccc(N2CCN(CCn3ncc4c3nc(N)n3nc(-c5ccco5)nc43)CC2)c(F)c1,9.4
A2A,CHEMBL401895,Cc1cc(C)n(-c2cc(NC(=O)COc3cccc(CN(C)C)c3)nc(-c3ccc(C)o3)n2)n1,9.4
A2A,CHEMBL487553,COC1CCN(c2cccc(-c3cc(NC(C)=O)nc(-n4nc(C)cc4C)n3)n2)CC1,9.4
A2A,CHEMBL1095604,CCNC(=O)[C@H]1O[C@@H](n2cnc3c(NCC(c4ccccc4)c4ccccc4)nc(C(=O)NCCNC(=O)NCc4ccc(C(=O)O)cc4)nc32)[C@H](O)[C@@H]1O,9.4
A2A,CHEMBL1762511,C=Cn1ncc2c1nc(N)n1c(=O)n(Cc3cccc(Cl)c3)nc21,9.4
A2A,CHEMBL3121720,CN(C)CCOc1ccc(-c2nc3c([nH]2)c(=O)n(C)c(=O)n3C)cc1,9.4
A2A,CHEMBL3906827,COc1cccc2c(C(=O)NCc3cccc(C(F)(F)F)n3)nc(N)nc12,9.4
A2A,CHEMBL3932655,COc1cccc2c(C(=O)NCc3cccc(C(C)(C)O)n3)nc(N)nc12,9.4
A2A,CHEMBL4215754,COCCOc1ccc(N2CCN(CCn3c(=O)n(C)c4c3nc(N)n3nc(-c5nccs5)nc43)CC2)cc1F,9.4
A2A,CHEMBL4217235,Cc1ccc(N2CCN(CCn3c(=O)n(C)c4c3nc(N)n3nc(-c5ccco5)nc43)CC2)nc1,9.4
A2A,CHEMBL4207104,Cn1c(=O)n(CCN2CCN(c3ccc(C#N)c(F)c3)CC2)c2nc(N)n3nc(-c4ccco4)nc3c21,9.4
A2A,CHEMBL4209408,COCC(C)Oc1ccc(N2CCN(CCn3c(=O)n(C)c4c3nc(N)n3nc(-c5ccco5)nc43)CC2)cc1,9.4
A2A,CHEMBL5182249,COCCOc1ccc(N2CCN(CCn3c(=O)n(C)c4c3nc(N)n3nc(-c5nccs5)nc43)CC2)c(F)c1,9.4
A2A,CHEMBL5963751,COc1cccc2c(C(=O)NCc3cccc(C)c3)nc(N)nc12,9.4
A2A,CHEMBL5978030,COc1cccc2c1nc(N)n1nc([C@@H]3CCCN(CC(F)F)C3)nc21,9.4
A2A,CHEMBL5918596,COc1cccc2c1nc(N)n1nc([C@@H]3CCCN(CCC(F)(F)C(F)(F)F)C3)nc21,9.4
A2A,CHEMBL5765008,COc1cccc2c1nc(N)n1nc([C@@H]3CCCN(C[C@H](C4CC4)C(F)(F)F)C3)nc21,9.4
A2A,CHEMBL5830478,Nc1nc2c(O)cccc2c2nc([C@@H]3CCC[C@@H](CCC(F)(F)F)C3)nn12,9.4
A2A,CHEMBL5847956,Nc1nc(-c2ccc(F)cc2)c(-c2ccc3ncccc3c2)c2nc(Cc3ncccc3F)nn12,9.4
A2A,CHEMBL6055525,Cc1cnc2ccc(-c3c(N4CCCC4)nc(N)n4nc(Cc5c(F)cccc5F)nc34)cn12,9.4
A2A,CHEMBL5988700,Cc1cnc2ccc(-c3c(-c4ccc(F)cc4)nc(N)n4nc(C[C@H]5CCCN5C)nc34)cn12,9.4
A2A,CHEMBL5949467,COc1cc(F)cc2c1nc(N)n1nc([C@@H]3CCCN(c4cn(CC(C)(C)O)nc4C)C3)nc21,9.4
A2A,CHEMBL5864321,COc1cc(F)cc2c1nc(N)n1nc(C3CC(F)CN(c4cn(CC(C)(C)O)nc4C)C3)nc21,9.4
A2A,CHEMBL5945120,Cc1cc2nc(N)n3nc([C@@H]4CC[C@H](C)N(c5cnn(CC(C)(C)O)c5)C4)nc3c2cc1F,9.4
A2A,CHEMBL5801469,Cc1nn(C(C)C(C)O)cc1N1CC(C)CC(c2nc3c4cc(F)cc(F)c4nc(N)n3n2)C1,9.4
A2A,CHEMBL5998391,COc1cc(F)cc2c1nc(N)n1nc(C3CC(C)CN(c4cn(C(C)C(C)O)nc4C)C3)nc21,9.4
A2A,CHEMBL4167813,Nc1nc(NCc2ccccn2)nc2sc(-c3ccco3)nc12,9.38
A2A,CHEMBL4205341,COCCOc1ccc(N2CCN(CCn3c(=O)n(C)c4c3nc(N)n3nc(-c5ccco5)nc43)CC2)cc1,9.38
A2A,CHEMBL5838281,CCc1cc(-c2c(-c3ccccc3)nc(N)n3cnnc23)cc(C)n1,9.38
A2A,CHEMBL22200,CCOC(=O)COc1ccc(CCn2ncc3c2nc(N)n2nc(-c4ccco4)nc32)cc1,9.37
A2A,CHEMBL572411,CCOC(=O)COc1ccc(CCCn2ncc3c2nc(N)n2nc(-c4ccco4)nc32)cc1,9.37
A2A,CHEMBL487554,COC1CN(c2cccc(-c3cc(NC(C)=O)nc(-n4nc(C)cc4C)n3)n2)C1,9.33
A2A,CHEMBL5805722,Cc1cc(-c2c(-c3ccc(Cl)cc3)nc(N)n3cnnc23)cc(C(F)F)n1,9.32
A2A,CHEMBL5937437,Cc1cc(-c2c(-c3ccc(Cl)cc3)nc(N)n3cnnc23)cc(C)n1,9.32
A2A,CHEMBL240213,Nc1nc2c(cnn2CCN2CCN(c3ccc(Cl)cc3)CC2)c2nc(-c3ccco3)nn12,9.3
A2A,CHEMBL403846,Cc1cc(C)n(-c2cc(NC(=O)COc3cccc(CCN(C)C)c3)nc(-c3ccc(C)o3)n2)n1,9.3
A2A,CHEMBL256332,Cc1cc(C)n(-c2cc(NC(=O)COc3cc(F)cc(CN4CCCC4)c3)nc(-c3ccc(C)o3)n2)n1,9.3
A2A,CHEMBL256331,Cc1cc(C)n(-c2cc(NC(=O)COc3cc(F)cc(CN(C)C)c3)nc(-c3ccc(C)o3)n2)n1,9.3
A2A,CHEMBL521438,COc1ccc(-c2ccc(CCn3ncc4c3nc(N)n3nc(-c5ccco5)nc43)cc2)cc1,9.3
A2A,CHEMBL514939,COCCN(CCN1CCN(c2ccc(F)cc2F)CC1)c1cc2nc(-c3ccco3)nn2c(N)n1,9.3
A2A,CHEMBL469026,CC(C)(C)OC(=O)N1CCN(c2cccc(-c3cc4nc(-c5ccco5)nn4c(N)n3)c2)CC1,9.3
A2A,CHEMBL1086847,Nc1nc(-c2nccs2)c2c(n1)-c1ccccc1C2=O,9.3
A2A,CHEMBL1762509,Nc1nc2c(c3nn(Cc4ccccc4)c(=O)n13)CCc1ccccc1-2,9.3
A2A,CHEMBL1950649,CCNC(=O)[C@H]1O[C@@H](n2cnc3c(N)nc(C#CC[C@H]4CC[C@H](C(=O)OC)CC4)nc32)[C@H](O)[C@@H]1O,9.3
A2A,CHEMBL2165802,Nc1nc(-c2ccccc2)c2c(n1)-c1cc(C(=O)c3cccnc3)ccc1C2=O,9.3
A2A,CHEMBL3764083,Nc1nc(C(=O)NCc2cccc3cccnc23)c2cccc(F)c2n1,9.3
A2A,CHEMBL3902955,COc1cccc2c(C(=O)NCc3cccc(COC4CCCC4)n3)nc(N)nc12,9.3
A2A,CHEMBL3941632,COc1cccc2c(C(=O)NCc3cccc(C)n3)nc(N)nc12,9.3
A2A,CHEMBL4204531,COCC(C)(C)Oc1ccc(N2CCN(CCn3c(=O)n(C)c4c3nc(N)n3nc(-c5ccco5)nc43)CC2)cc1,9.3
A2A,CHEMBL4210241,COCCOc1cccc(N2CCN(CCn3c(=O)n(C)c4c3nc(N)n3nc(-c5ccco5)nc43)CC2)c1,9.3
A2A,CHEMBL4741609,NC(=O)Cc1cc(N2CCN(CCn3c(=O)sc4c3nc(N)n3nc(-c5ccco5)nc43)CC2)c(F)cc1F,9.3
A2A,CHEMBL6031982,COc1cccc2c(C(=O)NCc3cccc(C(C)(O)C(F)(F)F)n3)nc(N)nc12,9.3
A2A,CHEMBL5957047,COc1cccc2c(C(=O)NCc3nc(C)ccc3F)nc(N)nc12,9.3
A2A,CHEMBL5840890,COc1cccc2c(C(=O)NCc3cccc(COCC4CCCC4)n3)nc(N)nc12,9.3
A2A,CHEMBL5947989,Nc1nc(C(=O)NCc2ccccc2-n2cccn2)c2cccc(F)c2n1,9.3
A2A,CHEMBL5826065,Cc1ccc(F)c(CNC(=O)c2nc(N)nc3c(F)cccc23)n1,9.3
A2A,CHEMBL5851875,COc1cccc2c1nc(N)n1nc([C@@H]3CCCN(C[C@@H](C4CC4)C(F)(F)F)C3)nc21,9.3
A2A,CHEMBL5953034,COc1cccc2c1nc(N)n1nc([C@@H]3CC(F)(F)CN3)nc21,9.3
A2A,CHEMBL6057896,Cc1cnc2ccc(-c3c(-c4ncco4)nc(N)n4nc(Cc5ncccc5F)nc34)cn12,9.3
A2A,CHEMBL5742864,Cc1cnc2ccc(-c3c(-c4ncco4)nc(N)n4nc(C[C@@H]5CCCO5)nc34)cn12,9.3
A2A,CHEMBL5778791,Cc1cnc2ccc(-c3c(-c4ncco4)nc(N)n4nc(C[C@@H]5CCOC5)nc34)cn12,9.3
A2A,CHEMBL5916564,Cc1cnc2ccc(-c3c(-c4ncco4)nc(N)n4nc(C[C@H]5CCOC5)nc34)cn12,9.3
A2A,CHEMBL5748122,Cc1cc(-c2c(-c3ccccc3F)nc(N)n3cnnc23)cc(Cl)n1,9.3
A2A,CHEMBL6019683,COc1cc2nc(N)n3nc([C@@H]4CCCN(c5cn(CC(C)(C)O)nc5C)C4)nc3c2cc1F,9.3
A2A,CHEMBL5753944,COc1cc2nc(N)n3nc([C@@H]4CCCN(c5cn(C(C)(C)CO)nc5C)C4)nc3c2cc1F,9.3
A2A,CHEMBL6032497,COc1cc(F)cc2c1nc(N)n1nc([C@@H]3CCCN(c4cnn(C(C)(C)CO)c4)C3)nc21,9.3
A2A,CHEMBL5989918,Cn1cc(N2CCCC(c3nc4c5cc(F)cc(F)c5nc(N)n4n3)C2)cn1,9.3
A2A,CHEMBL5844673,COc1cc(F)cc2c1nc(N)n1nc([C@@H]3CCCN(c4cn(C(C)C(C)O)nc4C)C3)nc21,9.3
A2A,CHEMBL5849758,COc1cc(F)cc2c1nc(N)n1nc(C3CC(C)CN(c4cnn(C(C)C(C)O)c4C)C3)nc21,9.3
A2A,CHEMBL4873266,Cn1cc(-c2c(-c3ccccc3)nc(N)n3nc([C@H](O)c4ncccc4F)nc23)ccc1=O,9.28
A2A,CHEMBL5945954,Cc1cc(-c2c(-c3ccc(F)cc3)nc(N)n3cnnc23)cc(C)n1,9.28
A2A,CHEMBL483688,CCCn1c(=O)[nH]c2nc(-c3ccc(S(=O)(=O)N4CCN(c5ccc(Cl)cc5)CC4)cc3)[nH]c2c1=O,9.26
A2A,CHEMBL5980717,Cc1cc(-c2c(-c3cccc(F)c3)nc(N)n3cnnc23)cc(C(F)(F)F)n1,9.26
A2A,CHEMBL521356,CC(=O)Nc1cc(-c2cccc(N3CCCCC3)n2)nc(-n2nc(C)cc2C)n1,9.25
A2A,CHEMBL3291301,C#CCn1c(Br)nc2c(N)nc(C#CCCCCCC)nc21,9.25
A2A,CHEMBL1093203,S=c1sc2c(ncn3nc(-c4ccco4)nc23)n1-c1ccc(I)cc1,9.24
A2A,CHEMBL4870159,Cn1cc(-c2c(-c3ccccc3)nc(N)n3nc(Cc4ncccc4F)nc23)ccc1=O,9.24
A2A,CHEMBL278805,Nc1nc2c(cnn2CCc2ccc(S(=O)(=O)N(CCCl)CCCl)cc2)c2nc(-c3ccco3)nn12,9.23
A2A,CHEMBL4442908,NCCC(=O)Nc1ccc(-c2cn3c(=O)n(-c4ccccc4)nc3c(N)n2)cc1,9.23
A2A,CHEMBL17127,Nc1nc2c(cnn2CCc2ccccc2)c2nc(-c3ccco3)nn12,9.22
A2A,CHEMBL1355736,Cn1c(=O)c2nc[nH]c2n(C)c1=O.O,9.22
A2A,CHEMBL401242,Nc1nc2c(cnn2CCN2CCN(c3ccc(F)c(F)c3F)CC2)c2nc(-c3ccco3)nn12,9.22
A2A,CHEMBL241109,Nc1nc2c(cnn2CCN2CCN(c3ccc(F)cc3F)CC2)c2nc(-c3ccco3)nn12,9.22
A2A,CHEMBL400215,Nc1nc2c(cnn2CCN2CCN(c3ccccc3F)CC2)c2nc(-c3ccco3)nn12,9.22
A2A,CHEMBL240847,Nc1nc2c(cnn2CCN2CCN(c3ccc(OCCOC4CC4)cc3)CC2)c2nc(-c3ccco3)nn12,9.22
A2A,CHEMBL240846,COCCCOc1ccc(N2CCN(CCn3ncc4c3nc(N)n3nc(-c5ccco5)nc43)CC2)cc1,9.22
A2A,CHEMBL240625,Nc1nc2c(cnn2CCN2CCN(c3ccc(OCCO)cc3)CC2)c2nc(-c3ccco3)nn12,9.22
A2A,CHEMBL401321,CC(=O)Nc1cc(-n2cccn2)nc(-c2ccco2)n1,9.22
A2A,CHEMBL486745,COc1cccc(-c2cc(NC(C)=O)nc(-n3nc(C)cc3C)n2)c1F,9.22
A2A,CHEMBL519111,Cc1ccc(-c2ccc(CCn3ncc4c3nc(N)n3nc(-c5ccco5)nc43)cc2)cn1,9.22
A2A,CHEMBL1086846,Nc1nc(-c2cccs2)c2c(n1)-c1ccccc1C2=O,9.22
A2A,CHEMBL3951425,COc1cccc2c(C(=O)NCc3nc(C(C)(C)O)ccc3C)nc(N)nc12,9.22
A2A,CHEMBL4216716,COCCOc1c(F)cc(N2CCN(CCn3c(=O)n(C)c4c3nc(N)n3nc(-c5ccco5)nc43)CC2)cc1F,9.22
A2A,CHEMBL4760867,C[S+]([O-])CCOc1cc(N2CCN(CCn3c(=O)sc4c3nc(N)n3nc(-c5ccco5)nc43)CC2)c(F)cc1F,9.22
A2A,CHEMBL6044247,COc1cccc2c(C(=O)NCc3cccc(C4(O)CCC4)n3)nc(N)nc12,9.22
A2A,CHEMBL5877392,CC(C)c1nc(CNC(=O)c2nc(N)nc3c(F)cccc23)cs1,9.22
A2A,CHEMBL5754972,COc1cccc2c1nc(N)n1nc([C@@H]3CCCN(CCC(F)(F)F)C3)nc21,9.22
A2A,CHEMBL5741831,COc1cccc2c1nc(N)n1nc([C@@H]3CCCN(CC(C)(C)F)C3)nc21,9.22
A2A,CHEMBL5756623,Cn1cc(-c2c(-c3ccc(F)cc3)nc(N)n3nc(Cc4c(F)cccc4F)nc23)ccc1=O,9.22
A2A,CHEMBL5949734,Cc1cnc2ccc(-c3c(-c4ccc(F)cc4)nc(N)n4nc(CCN(C)C)nc34)cn12,9.22
A2A,CHEMBL6033797,COc1cc2nc(N)n3nc([C@@H]4CCCN(c5cc(C)c(=O)n(C(F)F)c5)C4)nc3c2cc1F,9.22
A2A,CHEMBL5833144,COc1cc(F)cc2c1nc(N)n1nc([C@@H]3CCCN(c4ccc(OC(C)C)nc4)C3)nc21,9.22
A2A,CHEMBL6036343,COc1cc2nc(N)n3nc(C4CCC(C)N(c5cn(C6CCOCC6)nc5C)C4)nc3c2cc1F,9.22
A2A,CHEMBL6044356,COc1cc2nc(N)n3nc(C4CCC(C)N(c5cnn(C(C)C(C)(C)O)c5)C4)nc3c2cc1F,9.22
A2A,CHEMBL5778485,COc1cc2nc(N)n3nc(C4CN(c5cnn(CC(C)(C)O)c5)CCC4C)nc3c2cc1F,9.22
A2A,CHEMBL5774836,COc1cc2nc(N)n3nc([C@@H]4CC[C@H](C)N(c5cnn(C6CCC(C)(O)CC6)c5)C4)nc3c2cc1F,9.22
A2A,CHEMBL5970150,COc1cc(F)cc2c1nc(N)n1nc(C3CCC(C)N(c4cnn(CC(C)(C)O)c4)C3)nc21,9.22
A2A,CHEMBL5801929,Cc1nn(CC(C)(C)O)cc1N1CC(C)CC(c2nc3c4cc(F)cc(F)c4nc(N)n3n2)C1,9.22
A2A,CHEMBL6018554,COc1cc(F)cc2c1nc(N)n1nc(C3CC(C)CN(c4cnn(CC(C)(C)O)c4C)C3)nc21,9.22
A2A,CHEMBL5754574,Cc1nn(C(C)(C)CO)cc1N1CC(C)CC(c2nc3c4cc(F)cc(F)c4nc(N)n3n2)C1,9.22
A2A,CHEMBL487572,CC(=O)Nc1cc(-c2cccc(N(C)C)n2)nc(-n2nc(C)cc2C)n1,9.21
A2A,CHEMBL4171931,Nc1nc(NCCCCCNC(=O)c2ccc(S(=O)(=O)F)cc2)nc2nc(-c3ccco3)nn12,9.21
A2A,CHEMBL447664,Cc1cc(Cn2nnc3c(-c4ccco4)nc(N)nc32)ccc1N,9.2
A2A,CHEMBL5998795,Cc1cc(-c2c(-c3ccccc3)nc(N)n3cnnc23)ccn1,9.2
A2A,CHEMBL5781731,Cc1cc(-c2c(-c3ccc(F)cc3)nc(N)n3cnnc23)cc(C(F)(F)F)n1,9.2
A2A,CHEMBL4471366,Nc1nc(N/N=C/c2ccc(OCc3ccccc3)c(OCc3ccccc3)c2)nc2c1ncn2[C@@H]1O[C@H](CO)[C@@H](O)[C@H]1O,9.19
A2A,CHEMBL246054,COCCOc1ccc(C2CCN(CCn3cnc4c3nc(N)n3nc(-c5ccco5)nc43)CC2)cc1,9.15
A2A,CHEMBL246053,Nc1nc2c(ncn2CCN2CCN(c3ccc(F)cc3F)CC2)c2nc(-c3ccco3)nn12,9.15
A2A,CHEMBL253528,Cc1cc(OCC(=O)Nc2cc(-n3nc(C)cc3C)nc(-c3ccc(C)o3)n2)cc(C)n1,9.15
A2A,CHEMBL517886,Nc1nc(-c2ccco2)c2nnn(Cc3ccc(N)c(F)c3)c2n1,9.15
A2A,CHEMBL486162,CC(=O)Nc1cc(-c2cccc(N3CCN(C)CC3)n2)nc(-n2nc(C)cc2C)n1,9.15
A2A,CHEMBL472111,Nc1nc2c(cnn2CCN2CCc3ccc([N+](=O)[O-])cc3CC2)c2nc(-c3ccco3)nn12,9.15
A2A,CHEMBL473440,COCCOc1ccc(N2CCN(CCN(CCOC)c3cc4nc(-c5ccco5)nn4c(N)n3)CC2)cc1,9.15
A2A,CHEMBL480380,COCCOc1ccc(N2CCN(CCN(C)c3cc4nc(-c5cccc(C#N)c5)nn4c(N)n3)CC2)cc1,9.15
A2A,CHEMBL1093018,S=c1sc2c(ncn3nc(-c4ccco4)nc23)n1-c1ccccc1I,9.15
A2A,CHEMBL2165800,Nc1nc(-c2ccccc2)c2c(n1)-c1cc(Cc3ccncc3F)ccc1C2=O,9.15
A2A,CHEMBL3763830,Nc1nc(C(=O)NCc2cccc3cccnc23)c2cccc(Br)c2n1,9.15
A2A,CHEMBL1950651,COC(=O)N1CCC(CC#Cc2nc(N)c3ncn([C@@H]4O[C@H](C(=O)NC5CC5)[C@@H](O)[C@H]4O)c3n2)CC1,9.15
A2A,CHEMBL4212740,COCCOc1ccc(N2CCN(CCn3c(=O)n(C)c4c3nc(N)n3nc(-c5ccco5)nc43)CC2)cc1F,9.15
A2A,CHEMBL4764878,COc1ccc(C(=O)Nc2ccc(-c3cn4c(=O)n(-c5ccccc5)nc4c(N)n3)cc2)cc1,9.15
A2A,CHEMBL5843191,COc1cccc2c1nc(N)n1nc([C@@H]3CCCN(CC4CC(F)(F)C4)C3)nc21,9.15
A2A,CHEMBL6001308,COc1cccc2c1nc(N)n1nc([C@H]3CCCCN(CC(F)(F)F)C3)nc21,9.15
A2A,CHEMBL5957422,CC(C)n1cc(-c2c(-c3ccc(F)cc3)nc(N)n3nc(Cc4ncccc4F)nc23)ccc1=O,9.15
A2A,CHEMBL6003948,CC(C)n1cc(-c2c(-c3ncco3)nc(N)n3nc(Cc4c(F)cccc4F)nc23)ccc1=O,9.15
A2A,CHEMBL5974806,Nc1nc(-c2ccc(F)cc2)c(-c2ccc3ncsc3c2)c2nc(Cc3ncccc3F)nn12,9.15
A2A,CHEMBL5867019,Cc1csc(CN(CCc2nc3c4ccc5c(c4nc(N)n3n2)OC(F)(F)O5)CC2CC2)n1,9.15
A2A,CHEMBL6027306,COc1cc2nc(N)n3nc([C@@H]4CCCN(c5cnn(C(C)C(C)(C)O)c5)C4)nc3c2cc1F,9.15
A2A,CHEMBL5933436,COc1cc2nc(N)n3nc([C@@H]4CCCN(c5cnn(C6CCOCC6)c5C(F)F)C4)nc3c2cc1F,9.15
A2A,CHEMBL6047759,COc1cc2nc(N)n3nc([C@@H]4CCCN(c5cn(C6CCOCC6)nc5C(F)F)C4)nc3c2cc1F,9.15
A2A,CHEMBL6021795,COc1cc2nc(N)n3nc(C4CCC(C)N(c5cnn(C(C)(C)C(C)(C)O)c5)C4)nc3c2cc1F,9.15
A2A,CHEMBL6024542,COc1cc2nc(N)n3nc([C@H]4CC[C@@H](C)N(c5cnn(C6CCC(C)(O)CC6)c5)C4)nc3c2cc1F,9.15
A2A,CHEMBL5786961,COc1cc2nc(N)n3nc([C@@H]4CC[C@H](C)N(c5cnn(CC(C)(C)O)c5)C4)nc3c2cc1F,9.15
A2A,CHEMBL5804550,C[C@H]1CC[C@@H](c2nc3c4cc(F)cc(F)c4nc(N)n3n2)CN1c1cnn(CC(C)(C)O)c1,9.15
A2A,CHEMBL5768822,COc1cc2nc(N)n3nc(C4CC(C)CN(c5cn(CC(C)(C)O)nc5C)C4)nc3c2cc1F,9.15
A2A,CHEMBL5871682,COc1cc2nc(N)n3nc(C4CC(C)CN(c5cnn(C(C)C(C)O)c5)C4)nc3c2cc1F,9.15
A2A,CHEMBL5889416,CC(O)C(C)n1cc(N2CC(c3nc4c5cc(F)cc(F)c5nc(N)n4n3)CCC2C)cn1,9.15
A2A,CHEMBL5759573,COc1cc2nc(N)n3nc(C4CCC(C)N(c5cnn(C(C)(CO)CO)c5)C4)nc3c2cc1F,9.15
A2A,CHEMBL5913219,COc1cc(F)cc2c1nc(N)n1nc(C3CCC(C)N(c4cnn(C(C)(C)C(C)O)c4)C3)nc21,9.15
A2A,CHEMBL5822752,COc1cc2nc(N)n3nc(C4CC(C)CN(c5cnn(CC(C)(C)O)c5C)C4)nc3c2cc1F,9.15
A2A,CHEMBL485972,COCCN(C)c1cccc(-c2cc(NC(C)=O)nc(-n3nc(C)cc3C)n2)n1,9.14
A2A,CHEMBL4855908,Nc1nc(-c2ccc(F)cc2)c(-c2ccc(=O)[nH]c2)c2nc(CCC(F)(F)F)nn12,9.13
A2A,CHEMBL5897519,Cc1cc(-c2c(-c3ccccc3)nc(N)n3ccnc23)cc(C(F)(F)F)n1,9.12
A2A,CHEMBL6062291,Cc1cc(-c2c(-c3ccc(F)cc3F)nc(N)n3cnnc23)cc(C(F)(F)F)n1,9.12
A2A,CHEMBL315150,CC(C)CCn1cc2c(nc(N)n3nc(-c4ccco4)nc23)n1,9.11
A2A,CHEMBL5950829,Cc1cc(-c2c(-c3ccccc3)nc(N)n3cnnc23)cc(C2CC2)n1,9.11
A2A,CHEMBL334336,Nc1nc(N[C@@H]2CCC[C@H]2O)nc2c1ncn2[C@@H]1O[C@H](CO)[C@@H](O)[C@H]1O,9.1
A2A,CHEMBL145623,CC(C)=CCn1cc2c(nc(N)n3nc(-c4ccco4)nc23)n1,9.1
A2A,CHEMBL245849,COCCOc1ccc(N2CCN(CCn3cnc4c3nc(N)n3nc(-c5ccco5)nc43)CC2)c(F)c1,9.1
A2A,CHEMBL392475,CC(=O)COc1ccc(N2CCN(CCn3ncc4c3nc(N)n3nc(-c5ccco5)nc43)CC2)cc1,9.1
A2A,CHEMBL255951,Cc1cc(C)n(-c2cc(NC(=O)Cc3ccc(CN4CCOCC4)cc3)nc(-c3ccc(C)o3)n2)n1,9.1
A2A,CHEMBL512337,COCCOc1ccc(N2CCN(CCN(CC3CC3)c3cc4nc(-c5ccco5)nn4c(N)n3)CC2)cc1,9.1
A2A,CHEMBL360241,CC(C)c1ccc2c(c1)-c1nc(N)nc(-c3ccc(Br)o3)c1C2,9.1
A2A,CHEMBL2024116,Cc1cc(-c2nnc(N)nc2-c2ccc(F)cc2)cc(C)n1,9.1
A2A,CHEMBL3977457,COc1cccc(CNC(=O)c2nc(N)nc3c(OC)cccc23)n1,9.1
A2A,CHEMBL6035105,Nc1nc(C(=O)NCc2cccc(-c3ccccn3)n2)c2cccc(F)c2n1,9.1
A2A,CHEMBL6049075,COc1ccc(C)c(CNC(=O)c2nc(N)nc3c(F)cccc23)n1,9.1
A2A,CHEMBL5898014,COc1cccc2c1nc(N)n1nc([C@@H]3CCCN(c4ncc(C)s4)C3)nc21,9.1
A2A,CHEMBL6012155,COc1cccc2c1nc(N)n1nc([C@@H]3CCCN(CC(F)(F)F)C3)nc21,9.1
A2A,CHEMBL5915129,Nc1nc2c3c(ccc2c2nc([C@H]4CCCN(CCC(F)(F)F)C4)nn12)OC(F)(F)O3,9.1
A2A,CHEMBL5917926,Nc1nc(-c2ncco2)c(-c2ccc3nncn3c2)c2nc(Cc3ncccc3OC(F)F)nn12,9.1
A2A,CHEMBL5835609,Nc1nc2c3c(ccc2c2nc(CCN4CCN(CC5CC5)C(=O)C4)nn12)OC(F)(F)O3,9.1
A2A,CHEMBL5815554,Nc1nc2c3c(ccc2c2nc(C4CCCN(CCC(F)(F)F)C4)nn12)OC(F)(F)O3,9.1
A2A,CHEMBL6060138,N#Cc1cccc(CNC(=O)c2nc(-c3ccc4ncccc4c3)c(-c3ccccc3)nc2N)n1,9.1
A2A,CHEMBL6003017,COc1cc2nc(N)n3nc([C@@H]4CCCN(c5cnn(C6CCOCC6)c5C)C4)nc3c2cc1F,9.1
A2A,CHEMBL5883137,COc1cc2nc(N)n3nc([C@H]4CN(c5cn(CC(C)(C)O)nc5C)CCO4)nc3c2cc1F,9.1
A2A,CHEMBL5990688,COc1cc2nc(N)n3nc(C4CC(C)CN(c5cn(C(C)(C)CO)nc5C)C4)nc3c2cc1F,9.1
A2A,CHEMBL5760899,COc1cc(F)cc2c1nc(N)n1nc(C3CC(C)CN(c4cnn(C(C)(C)CO)c4)C3)nc21,9.1
A2A,CHEMBL6013704,Cc1nn(C(C)C(C)O)cc1N1CCC[C@@H](c2nc3c4cc(F)cc(F)c4nc(N)n3n2)C1,9.1
A2A,CHEMBL5876547,COc1cc2nc(N)n3nc([C@H]4CC[C@@H](C)N(c5cnn(C(C)C(C)O)c5)C4)nc3c2cc1F,9.1
A2A,CHEMBL5928083,COc1cc2nc(N)n3nc(C4CCC(C)N(c5cnn(C(C)C(C)O)c5)C4)nc3c2cc1F,9.1
A2A,CHEMBL3913413,Nc1nc(NCc2cccc(F)c2)nc2sc(-c3ccco3)nc12,9.09
A2A,CHEMBL520229,CC(=O)Nc1cc(-c2cccc(N3CCOCC3)n2)nc(-n2nc(C)cc2C)n1,9.08
A2A,CHEMBL2042304,CCNC(=O)[C@H]1O[C@@H](n2cnc3c(NCC(c4ccccc4)c4ccccc4)nc(F)nc32)[C@H](O)[C@@H]1O,9.07
A2A,CHEMBL4740383,Cc1c(C#N)cccc1-c1cc(-c2cn(Cc3cccc(C(C)(C)O)n3)nn2)nc(N)n1,9.07
A2A,CHEMBL5208415,Nc1nc(C(=O)NCc2cccnc2)cn2c1nc1ccccc12,9.07
A2A,CHEMBL5088258,Nc1ccccc1NC(=O)c1ccc(CCn2ccc3c2nc(N)n2nc(-c4ccco4)nc32)cc1,9.06
A2A,CHEMBL246467,Nc1nc2c(ncn2CCN2CCN(c3ccc(Cl)cn3)CC2)c2nc(-c3ccco3)nn12,9.05
A2A,CHEMBL392168,Nc1nc2c(ncn2CCN2CCC(c3ccc(F)cc3)CC2)c2nc(-c3ccco3)nn12,9.05
A2A,CHEMBL395472,COCCOc1ccc(N2CCN(CCn3cnc4c3nc(N)n3nc(-c5ccco5)nc43)CC2)cc1,9.05
A2A,CHEMBL398272,CN1CCN(CC(=O)Nc2cc(-c3nccs3)nc(-c3ccco3)n2)CC1,9.05
A2A,CHEMBL429850,COc1ccc(OCC(=O)Nc2cc(-n3nc(C)cc3C)nc(-c3ccc(C)o3)n2)c(CN(C)C)c1,9.05
A2A,CHEMBL481132,Nc1nc2c(cnn2CCc2ccc(-c3cnccn3)cc2)c2nc(-c3ccco3)nn12,9.05
A2A,CHEMBL473431,CCN(CCN1CCN(c2ccc(F)cc2F)CC1)c1cc2nc(-c3ccco3)nn2c(N)n1,9.05
A2A,CHEMBL1098458,Nc1nc(-c2ccccc2)c2c(n1)-c1cc(NCCc3ccncc3)ccc1C2=O,9.05
A2A,CHEMBL1098765,Nc1nc(-c2ccccc2)c2c(n1)-c1cc(NCCc3ccccn3)ccc1C2=O,9.05
A2A,CHEMBL4164058,Nc1nc(NCCCCNC(=O)c2ccc(S(=O)(=O)F)cc2)nc2nc(-c3ccco3)nn12,9.05
A2A,CHEMBL4212810,Cn1c(=O)n(CCN2CCN(c3nc(C(F)(F)F)cs3)CC2)c2nc(N)n3nc(-c4ccco4)nc3c21,9.05
A2A,CHEMBL4205030,COCCOc1cc(F)c(N2CCN(CCn3c(=O)n(C)c4c3nc(N)n3nc(-c5ccco5)nc43)CC2)cc1F,9.05
A2A,CHEMBL5203469,CCCCC#Cc1nc(N)c2nc(-c3cccs3)n([C@@H]3OC[C@@H](O)[C@H]3O)c2n1,9.05
A2A,CHEMBL6053070,COc1cccc2c(C(=O)NCc3ncccc3C)nc(N)nc12,9.05
A2A,CHEMBL6057866,COc1cccc2c(C(=O)NCc3cccn(C)c3=O)nc(N)nc12,9.05
A2A,CHEMBL5926486,Nc1nc(C(=O)NCc2ccccc2-c2ncccn2)c2cccc(F)c2n1,9.05
A2A,CHEMBL5823431,COc1cccc2c1nc(N)n1nc(C3CCCN(c4ccccc4)C3)nc21,9.05
A2A,CHEMBL5841873,Nc1nc(-c2ccc(F)cc2)c(-c2ccc3nccn3c2)c2nc(Cc3ncccc3F)nn12,9.05
A2A,CHEMBL5782277,Nc1nc2c3c(ccc2c2nc(CCN4CCc5nc(C6CC6)oc5C4)nn12)OC(F)(F)O3,9.05
A2A,CHEMBL5904374,Nc1nc2c3c(ccc2c2nc(CCN4CCCC(F)(C(F)(F)F)C4)nn12)OC(F)(F)O3,9.05
A2A,CHEMBL5967325,CC(NC(=O)c1nc(-c2cc(Cl)c3[nH]ncc3c2)c(-c2ccc(F)cc2)nc1N)c1ccccn1,9.05
A2A,CHEMBL6023131,COc1cc(F)cc2c1nc(N)n1nc(C3CC(F)CN(c4cnn(CC5(O)CCC5)c4)C3)nc21,9.05
A2A,CHEMBL5840139,COc1ccc(CNc2nc3c(OC)cc(F)cc3c3nc([C@@H]4C[C@@H](F)CN(c5cnn(CC(C)(C)O)c5)C4)nn23)c(OC)c1,9.05
A2A,CHEMBL5739943,COc1cc2nc(N)n3nc([C@@H]4CCCN(c5cnn(C6CC[C@]6(C)O)c5)C4)nc3c2cc1F,9.05
A2A,CHEMBL5755731,COc1cc(F)cc2c1nc(N)n1nc(C3CC(C)CN(c4cn(C(C)(C)CO)nc4C)C3)nc21,9.05
A2A,CHEMBL5921153,COc1cc(F)cc2c1nc(N)n1nc(C3CC(C)CN(c4cn(C(C)(C)C(C)O)nc4C)C3)nc21,9.05
A2A,CHEMBL5970157,COc1cc(F)cc2c1nc(N)n1nc([C@@H]3CCCN(c4cnn(C(C)(C)C(C)O)c4)C3)nc21,9.05
A2A,CHEMBL486950,COc1cccc(-c2cc(NC(C)=O)nc(-n3nc(C)cc3C)n2)c1,9.04
A2A,CHEMBL5960154,Cc1cc(-c2c(-c3ccccc3)nc(N)n3ccnc23)cc(C)n1,9.03
A2A,CHEMBL4095424,COc1ccc(N2CCOCC2)c2sc(NC(=O)C(C)(C)Oc3cccc(F)c3)nc12,9.02
A2A,CHEMBL5079065,Nc1nc(NCCc2ccc(OCCCCCC(=O)NO)cc2)nc2nc(-c3ccco3)nn12,9.02
A2A,CHEMBL5077370,COc1cc(-c2nc(N)nc(-c3ccccc3)c2C#N)cc(OC)c1OC,9.02
A2A,CHEMBL5934149,Cc1cc(-c2c(-c3ccccc3F)nc(N)n3cnnc23)cc(C)n1,9.02
A2A,CHEMBL273094,CCCn1c(=O)c2[nH]c(-c3ccc(OCC(=O)NCCN)cc3)nc2n(CCC)c1=O,9.0
A2A,CHEMBL464859,CCNC(=O)[C@H]1O[C@@H](n2cnc3c(N)ncnc32)[C@H](O)[C@@H]1O,9.0
A2A,CHEMBL2311150,CCCn1c(=O)c2c(nc(/C=C/c3ccc(OC)c(OC)c3)n2[11CH3])n(CCC)c1=O,9.0
A2A,CHEMBL27508,CCCn1c(=O)c2c(nc(/C=C/c3ccc(OC)c(OC)c3)n2C)n(CCC)c1=O,9.0
A2A,CHEMBL22241,Nc1nc2c(cnn2CCCc2ccc([N+](=O)[O-])cc2)c2nc(-c3ccco3)nn12,9.0
A2A,CHEMBL2096798,CCn1nnc([C@H]2O[C@@H](n3cnc4c(N)nc(N[C@H](C)Cc5ccc(OC)cc5)nc43)[C@H](O)[C@@H]2O)n1,9.0
A2A,CHEMBL392169,Cc1ccc(N2CCN(CCn3cnc4c3nc(N)n3nc(-c5ccco5)nc43)CC2)nc1,9.0
A2A,CHEMBL240212,Nc1nc2c(cnn2CCN2CCN(c3ccc(F)cc3)CC2)c2nc(-c3ccco3)nn12,9.0
A2A,CHEMBL256548,Cc1ccc(OCC(=O)Nc2cc(-n3nc(C)cc3C)nc(-c3ccc(C)o3)n2)c(CN(C)C)c1,9.0
A2A,CHEMBL256547,Cc1cc(C)n(-c2cc(NC(=O)COc3ccccc3CN(C)C)nc(-c3ccc(C)o3)n2)n1,9.0
A2A,CHEMBL270654,Cc1cc(C)n(-c2cc(NC(=O)Cc3ccc(S(C)(=O)=O)cc3)nc(-c3ccccn3)n2)n1,9.0
A2A,CHEMBL270655,CCOc1ccc(CC(=O)Nc2cc(-n3nc(C)cc3C)nc(-c3ccccn3)n2)cc1OC,9.0
A2A,CHEMBL403525,COc1cc(CC(=O)Nc2cc(-n3nc(C)cc3C)nc(-c3ccccn3)n2)cc(OC)c1,9.0
A2A,CHEMBL256382,COc1ccc(CC(=O)Nc2cc(-c3nccs3)nc(-c3ccccn3)n2)cc1,9.0
A2A,CHEMBL402071,COc1ccc(CC(=O)Nc2cc(-n3nc(C)cc3C)nc(-c3ccccn3)n2)cc1,9.0
A2A,CHEMBL411034,Nc1nc(-c2ccco2)c2ncn(C(=O)NCc3ccccc3Cl)c2n1,9.0
A2A,CHEMBL264432,Cc1ccc(CNC(=O)n2cnc3c(-c4ccco4)nc(N)nc32)cc1,9.0
A2A,CHEMBL259049,Cc1cccc(CNC(=O)n2cnc3c(-c4ccco4)nc(N)nc32)c1,9.0
A2A,CHEMBL429144,Nc1nc(-c2ccco2)c2ncn(C(=O)NCc3ccc(F)cc3)c2n1,9.0
A2A,CHEMBL409915,Nc1nc(-c2ccco2)c2ncn(C(=O)NCc3cccs3)c2n1,9.0
A2A,CHEMBL261203,Nc1nc(-c2ccco2)c2ncn(C(=O)NCc3ccccc3)c2n1,9.0
A2A,CHEMBL257757,Nc1nc(-c2ccco2)c2cnn(Cc3cccc(Cl)c3)c2n1,9.0
A2A,CHEMBL260146,Nc1nc(-c2ccco2)c2cnn(C(=O)NCc3ccccc3)c2n1,9.0
A2A,CHEMBL518364,CCc1cc(Cn2nnc3c(-c4ccco4)nc(N)nc32)ccc1N,9.0
A2A,CHEMBL472026,CC(=O)Nc1cc(-c2cccc(OC3CCCN(C)C3)c2)nc(-n2nc(C)cc2C)n1,9.0
A2A,CHEMBL472460,CC(=O)Nc1cc(-c2cc(F)cc(OC3CCN(C)C3)c2)nc(-n2nc(C)cc2C)n1,9.0
A2A,CHEMBL511440,CC(=O)Nc1cc(-c2cc(F)cc(O[C@H]3CCN(C)C3)c2)nc(-n2nc(C)cc2C)n1,9.0
A2A,CHEMBL519271,COCCN(CCc1ccc(F)cc1)c1cc2nc(-c3ccco3)nn2c(N)n1,9.0
A2A,CHEMBL363660,CN(CCN1CCN(c2ccc(F)cc2F)CC1)c1cc2nc(-c3ccco3)nn2c(N)n1,9.0
A2A,CHEMBL373026,Nc1nc(C(=O)NCCc2ccc(O)cc2)cn2nc(-c3ccco3)nc12,9.0
A2A,CHEMBL594363,Cc1ccc(-c2cc(C(=O)NCc3ncc[nH]3)nc(N)n2)o1,9.0
A2A,CHEMBL1088247,Nc1nc(-c2ccccc2)c2c(n1)-c1cc(CNN3CCOCC3)ccc1C2=O,9.0
A2A,CHEMBL1762506,Nc1nc(-c2ccccc2)cc2nn(Cc3ccccc3)c(=O)n12,9.0
A2A,CHEMBL1800358,CN1CCN(C(=O)c2cccc(-c3nc(N)nc(-c4ccccc4O)n3)c2)CC1,9.0
A2A,CHEMBL3911977,CC(C)OCc1cccc(CNC(=O)c2nc(N)nc3c(F)cccc23)n1,9.0
A2A,CHEMBL3694785,Nc1nc(-c2nccs2)nc(-c2nccs2)c1Br,9.0
A2A,CHEMBL4086751,COc1ccc(N2CCOCC2)c2sc(NC(=O)C(C)(C)Oc3c(F)cccc3F)nc12,9.0
A2A,CHEMBL4632760,CC1=C(C(=O)OC(C)C)C(c2ncco2)n2c(nc3ccccc32)N1,9.0
A2A,CHEMBL5888550,CC(C)c1cccc(-c2cccc(CNC(=O)c3nc(N)nc4c(F)cccc34)n2)c1,9.0
A2A,CHEMBL5921124,CC(C)Oc1cccc(CNC(=O)c2nc(N)nc3c(F)cccc23)n1,9.0
A2A,CHEMBL6040445,CN1CCC[C@@H]1Cc1nc2c(-c3ccc4ncn(C)c4c3)c(-c3ccc(F)cc3)nc(N)n2n1,9.0
A2A,CHEMBL5837729,Cn1nc(-c2nc(C(=O)NCc3c(F)cccc3F)c(N)nc2-c2ncco2)ccc1=O,9.0
A2A,CHEMBL6043405,Nc1nc2c3c(ccc2c2nc(CCNC4(C(F)(F)F)CCC4)nn12)OC(F)(F)O3,9.0
A2A,CHEMBL5897776,Cc1cc(C)n(Cc2nc3c4ccc5c(c4nc(N)n3n2)OC(F)(F)O5)n1,9.0
A2A,CHEMBL6046217,Nc1nc2c3c(ccc2c2nc([C@@H]4CCCN(CC(F)(F)F)C4)nn12)OC(F)(F)O3,9.0
A2A,CHEMBL6056501,Cc1cc(-c2c(-c3ccc(F)cc3)nc(N)n3ccnc23)cc(C)n1,9.0
A2A,CHEMBL5853405,COc1cc2nc(N)n3nc([C@@H]4CCCN(c5ncn(C(C)C(C)(C)O)n5)C4)nc3c2cc1F,9.0
A2A,CHEMBL5952508,CCC1CCC(c2nc3c4cc(F)c(OC)cc4nc(N)n3n2)CN1c1cnn(CC(C)(C)O)c1,9.0
A2A,CHEMBL5885319,COc1cc(F)cc2c1nc(N)n1nc(C3CC(C)CN(c4cnn(CC(C)(C)O)c4)C3)nc21,9.0
A2A,CHEMBL6041135,COc1cc(F)cc2c1nc(N)n1nc([C@@H]3CCCN(c4cnn(C(C)C(C)O)c4)C3)nc21,9.0
A2A,CHEMBL5981664,Cc1c(N2CC(C)CC(c3nc4c5cc(F)cc(F)c5nc(N)n4n3)C2)cnn1C(C)C(C)O,9.0
A2A,CHEMBL5961440,COc1cc2nc(N)n3nc([C@@H]4CC[C@@H](C)N(c5cnn(C(C)C(C)O)c5)C4)nc3c2cc1F,9.0
A2A,CHEMBL4159904,Nc1nc(NCCCNC(=O)c2ccc(S(=O)(=O)F)cc2)nc2nc(-c3ccco3)nn12,8.99
A2A,CHEMBL6009032,Cc1cc(-c2c(-c3ccc(F)cc3)nc(N)n3cnnc23)cc(CF)n1,8.98
A2A,CHEMBL278812,Nc1nc2c(cnn2CCCc2ccc(N(CCO)CCO)cc2)c2nc(-c3ccco3)nn12,8.96
A2A,CHEMBL239809,Nc1nc2c(cnn2CCN2CCN(c3c(F)cc(F)cc3F)CC2)c2nc(-c3ccco3)nn12,8.96
A2A,CHEMBL468256,Nc1nc(-c2ccco2)c2nnn(Cc3ccc4[nH]ccc4c3)c2n1,8.96
A2A,CHEMBL472112,Nc1nc2c(cnn2CCN2CCc3ccc(Br)cc3CC2)c2nc(-c3ccco3)nn12,8.96
A2A,CHEMBL482078,Nc1nc2c(cnn2CCc2ccc(-c3ccccc3)cc2)c2nc(-c3ccco3)nn12,8.96
A2A,CHEMBL359463,CC(O)(C#Cc1cn2nc(-c3ccco3)nc2c(N)n1)Cc1ccncc1,8.96
A2A,CHEMBL1090575,S=c1sc2c(ncn3nc(-c4ccco4)nc23)n1-c1ccccc1,8.96
A2A,CHEMBL3100161,Cc1cc(C)n(-c2nc(Nc3cnccn3)cc(N3CCc4ccccc4C3)n2)n1,8.96
A2A,CHEMBL3752514,Nc1nc(NCc2ccccc2)nc2nc(-c3ccco3)nn12,8.96
A2A,CHEMBL3765818,Nc1nc(C(=O)NCc2cccc3cccnc23)c2ccccc2n1,8.96
A2A,CHEMBL4099688,COc1ccc(N2CCOCC2)c2sc(NC(=O)C3(C)CCC(O)CC3)nc12,8.96
A2A,CHEMBL4218105,Cc1ccc(N2CCN(CCn3c(=O)n(C)c4c3nc(N)n3nc(-c5ccco5)nc43)CC2)cc1,8.96
A2A,CHEMBL4447310,CCCCc1nc(/C=N/Nc2nc(N)c3ncn([C@@H]4O[C@H](CO)[C@@H](O)[C@H]4O)c3n2)c(Cl)[nH]1,8.96
A2A,CHEMBL5998122,COc1cccc2c(C(=O)NCc3cccc(CO[C@H]4CCOC4)n3)nc(N)nc12,8.96
A2A,CHEMBL5815310,COc1cccc2c1nc(N)n1nc([C@@H]3CN(CC(F)F)CC(F)(F)C3)nc21,8.96
A2A,CHEMBL5991609,COc1cccc2c1nc(N)n1nc([C@@H]3CCCN(C(=O)C(C)(C)F)C3)nc21,8.96
A2A,CHEMBL6033152,COCCc1nc2c(-c3ccc4ncc(C)n4c3)c(-c3ncco3)nc(N)n2n1,8.96
A2A,CHEMBL5831746,C[C@@H]1CC(F)(F)CN1CCc1nc2c3ccc4c(c3nc(N)n2n1)OC(F)(F)O4,8.96
A2A,CHEMBL5772554,Nc1nc2c3c(ccc2c2nc(CCN4CCN(c5cccc(F)c5)C(=O)C4)nn12)OC(F)(F)O3,8.96
A2A,CHEMBL5781816,Nc1nc2c3c(ccc2c2nc(CNC4(C(F)(F)F)CCC4)nn12)OC(F)(F)O3,8.96
A2A,CHEMBL5900907,C[C@H](NC(=O)c1nc(-c2cc(Cl)c3ncccc3c2)c(-c2ccccc2)nc1N)c1cccc(C#N)n1,8.96
A2A,CHEMBL5895828,CC(NC(=O)c1nc(-c2cc(Cl)c3ncccc3c2)c(-c2ccn(C)n2)nc1N)c1cccc(C#N)n1,8.96
A2A,CHEMBL5862231,COc1cc(F)cc2c1nc(N)n1nc([C@@H]3CCCN(c4nc(C)n(CC(C)(C)O)n4)C3)nc21,8.96
A2A,CHEMBL6017997,COc1cc(F)cc2c1nc(N)n1nc(C3CCCCN(c4cnn(CC(C)(C)O)c4)C3)nc21,8.96
A2A,CHEMBL5898803,COc1cc2nc(N)n3nc([C@@H]4C[C@H](C)CN(c5cn(CC(C)(C)O)nc5C)C4)nc3c2cc1F,8.96
A2A,CHEMBL5171148,Nc1nc(C(=O)NCCc2ccccn2)cn2c1nc1ccccc12,8.93
A2A,CHEMBL281129,CSc1c2c(nc(N)n3nc(-c4ccco4)nc23)nn1C,8.92
A2A,CHEMBL17121,Nc1nc2c(cnn2CCCc2ccccc2)c2nc(-c3ccco3)nn12,8.92
A2A,CHEMBL256755,Cc1cc(C)n(-c2cc(NC(=O)COc3ccccc3CCN3CCOCC3)nc(-c3ccc(C)o3)n2)n1,8.92
A2A,CHEMBL256125,Cc1cc(C)n(-c2cc(NC(=O)COc3cccc(CN4CCOCC4)c3)nc(-c3ccc(C)o3)n2)n1,8.92
A2A,CHEMBL1672619,Cc1ccc(-c2nc(NC(=O)C3CC3)cnc2-c2ccncc2)o1,8.92
A2A,CHEMBL3969868,Nc1nc2cccc(Cl)c2c2nc(-c3ccco3)nn12,8.92
A2A,CHEMBL4208426,COCCOc1ccc(N2CCN(CCn3c(=O)n(C)c4c3nc(N)n3nc(-c5nccs5)nc43)CC2)cc1,8.92
A2A,CHEMBL5943872,COc1cccc2c(C(=O)NCc3cccc(-c4ccccn4)n3)nc(N)nc12,8.92
A2A,CHEMBL5774547,Nc1nc(C(=O)NCc2cccc(Cc3ccc(F)c(F)c3)n2)c2cccc(F)c2n1,8.92
A2A,CHEMBL5856105,Nc1nc2c(OC(F)F)cccc2c2nc([C@@H]3CCCN(CC(F)F)C3)nn12,8.92
A2A,CHEMBL6022581,COc1cccc2c1nc(N)n1nc([C@@H]3CCCN(S(=O)(=O)c4ccccc4)C3)nc21,8.92
A2A,CHEMBL5790420,COc1cccc2c1nc(N)n1nc([C@@H]3CCCN(C4CC4)C3)nc21,8.92
A2A,CHEMBL5740360,Cc1cc(-c2c(-c3ccc(F)cc3)nc(N)n3nc(Cc4ncccc4F)nc23)cc(Cl)n1,8.92
A2A,CHEMBL5765395,Cc1cnc2ccc(-c3c(N(C)C)nc(N)n4nc(Cc5ncccc5F)nc34)cn12,8.92
A2A,CHEMBL5971741,C[C@H]1N(CCc2nc3c4ccc5c(c4nc(N)n3n2)OC(F)(F)O5)CCCC1(F)F,8.92
A2A,CHEMBL5917399,CC(Cc1nc2c3ccc4c(c3nc(N)n2n1)OC(F)(F)O4)N1Cc2cccnc2C1,8.92
A2A,CHEMBL6004906,Nc1nc2c3c(ccc2c2nc(C4CCCN(c5cccc(F)c5)C4)nn12)OC(F)(F)O3,8.92
A2A,CHEMBL6051616,Nc1nc2c3c(ccc2c2nc(C4CCCN(c5cc(F)cc(F)c5)C4)nn12)OC(F)(F)O3,8.92
A2A,CHEMBL5988572,CC(NC(=O)c1nc(-c2cc(Cl)c3ncccc3c2)c(-c2ccc(F)cc2)nc1N)c1cccc(C#N)n1,8.92
A2A,CHEMBL5765026,C[C@H](NC(=O)c1nc(-c2ccc3ncccc3c2)c(-c2ccccc2)nc1N)c1ncccn1,8.92
A2A,CHEMBL6063006,COc1cc2nc(N)n3nc(C4CCC(C)N(c5cnn(CC6(O)CCC6)c5)C4)nc3c2cc1F,8.92
A2A,CHEMBL5763240,COc1cc2nc(N)n3nc(C4CCC(C)N(c5cnn(CC(C)(C)O)c5C)C4)nc3c2cc1F,8.92
A2A,CHEMBL5993358,COc1cc2nc(N)n3nc([C@H]4C[C@@H](C)CN(C5=NC(CC(C)(C)O)N=C5)C4)nc3c2cc1F,8.92
A2A,CHEMBL5820274,COc1cc2nc(N)n3nc([C@H]4CCCN(c5cn(CS(C)(=O)=O)nc5C)C4)nc3c2cc1F,8.92
A2A,CHEMBL5766675,Cc1nn(CC(C)(C)O)cc1N1CCC[C@@H](c2nc3c4cc(F)c(OC(F)F)cc4nc(N)n3n2)C1,8.92
A2A,CHEMBL5863958,COc1cc2nc(N)n3nc(C4CC(C)CN(c5cnn(C(C)(C)CO)c5)C4)nc3c2cc1F,8.92
A2A,CHEMBL5872253,COc1cc2nc(N)n3nc(C4CCC(C)N(c5cnn(CC(C)O)c5)C4)nc3c2cc1F,8.92
A2A,CHEMBL5744505,COc1cc2nc(N)n3nc(C4CCC(C)N(c5cnn(CC6(O)CC6)c5)C4)nc3c2cc1F,8.92
A2A,CHEMBL6029118,C[C@](C(=O)NCC1(O)COC1)(c1ccccc1)n1ncc2c1nc(N)n1nc(-c3ccco3)nc21,8.92
A2A,CHEMBL2024115,Cc1cc(-c2nnc(N)nc2-c2ccccc2)cc(C)n1,8.9
A2A,CHEMBL5956914,Nc1nnc(-c2cc(Cl)nc(C(F)F)c2)c(-c2ccccc2)n1,8.9
A2A,CHEMBL240030,Nc1nc2c(cnn2CCN2CCN(c3ccc(O)cc3)CC2)c2nc(-c3ccco3)nn12,8.89
A2A,CHEMBL406315,Cc1csc(-c2nc(N(C)C)nc3ccsc23)n1,8.89
A2A,CHEMBL516753,CC(c1ccc2cc(CCn3ncc4c3nc(N)n3nc(-c5ccco5)nc43)ccc2n1)N1CCOCC1,8.89
A2A,CHEMBL2165799,Nc1nc(-c2ccccc2)c2c(n1)-c1cc(Cc3cncc(F)c3)ccc1C2=O,8.89
A2A,CHEMBL3916315,Nc1ncc(-c2ccc(O)c(Cl)c2)c(-c2ccccc2)n1,8.89
A2A,CHEMBL3969553,Nc1ncc(-c2ccc(O)cc2)c(-c2ccccc2)n1,8.89
A2A,CHEMBL187810,Nc1nc(NCCCN2CCN(c3ccccc3)CC2)nc2nc(-c3ccco3)nn12,8.89
A2A,CHEMBL4759461,Cc1cccnc1CNC(=O)c1c(N)nc(-c2ccco2)nc1OCCF,8.89
A2A,CHEMBL5944137,COc1cccc2c(C(=O)NCc3cccc(COCC4CC4)n3)nc(N)nc12,8.89
A2A,CHEMBL5765568,Nc1nc(C(=O)NCc2cccc(Cc3ccccc3F)n2)c2cccc(F)c2n1,8.89
A2A,CHEMBL5909120,Nc1nc2cc(Cl)ccc2c2nc([C@@H]3CCCN(CC(F)F)C3)nn12,8.89
A2A,CHEMBL5820326,COc1cccc2c1nc(N)n1nc([C@@H]3CCCN(C(=O)c4ccccc4)C3)nc21,8.89
A2A,CHEMBL6000515,Cc1nc2c(o1)CN([C@H](C)Cc1nc3c4ccc5c(c4nc(N)n3n1)OC(F)(F)O5)CC2,8.89
A2A,CHEMBL5833176,CC(C)(NC(=O)c1nc(-c2ccc3ncccc3c2)c(-c2ccccc2)nc1N)c1ccccn1,8.89
A2A,CHEMBL6048794,COc1cc2nc(N)n3nc(C4CCC(C)N(c5cnn(C6CCOCC6)c5)C4)nc3c2cc1F,8.89
A2A,CHEMBL6062402,COc1cc(F)cc2c1nc(N)n1nc([C@@H]3CCCN(c4cnn(C(C)C(C)O)c4C)C3)nc21,8.89
A2A,CHEMBL5958175,COc1cc2nc(N)n3nc(C4CCC(C)N(c5cnn(C(C)(C)C(C)O)c5)C4)nc3c2cc1F,8.89
A2A,CHEMBL23745,Nc1nc2c(cnn2CCc2ccc(S(N)(=O)=O)cc2)c2nc(-c3ccco3)nn12,8.88
A2A,CHEMBL4438487,CC(/C=N/Nc1nc(N)c2ncn([C@@H]3O[C@H](CO)[C@@H](O)[C@H]3O)c2n1)Cc1ccc(C(C)C)cc1,8.86
A2A,CHEMBL331372,CCNC(=O)[C@H]1O[C@@H](n2cnc3c(N)nc(NCCc4ccc(CCC(=O)O)cc4)nc32)[C@H](O)[C@@H]1O,8.85
A2A,CHEMBL368880,CCn1nnc([C@H]2O[C@@H](n3cnc4c(N)nc(N[C@H](CO)Cc5ccc(OC)cc5)nc43)[C@H](O)[C@@H]2O)n1,8.85
A2A,CHEMBL195364,Nc1nc(-c2ccco2)c2ncn(Cc3ccc4ccccc4c3)c2n1,8.85
A2A,CHEMBL246262,Nc1nc2c(ncn2CCN2CCN(c3ncc(F)cn3)CC2)c2nc(-c3ccco3)nn12,8.85
A2A,CHEMBL241110,Nc1nc2c(cnn2CCN2CCN(c3ccc(F)c(F)c3)CC2)c2nc(-c3ccco3)nn12,8.85
A2A,CHEMBL400214,CCOc1ccc(N2CCN(CCn3ncc4c3nc(N)n3nc(-c5ccco5)nc43)CC2)cc1,8.85
A2A,CHEMBL256327,Cc1cc(C)n(-c2cc(NC(=O)COc3cc(F)cc(CN4CCOCC4)c3)nc(-c3ccc(C)o3)n2)n1,8.85
A2A,CHEMBL407307,CC(C)c1nc(-c2nccs2)c2sccc2n1,8.85
A2A,CHEMBL521242,Nc1nc(SCCN2CCN(c3ccc(F)cc3F)CC2)cc2nc(-c3ccco3)nn12,8.85
A2A,CHEMBL476311,N#Cc1c(-c2cccs2)cc(-c2ccco2)nc1N,8.85
A2A,CHEMBL2165808,N#Cc1cncc(Cc2ccc3c(c2)-c2nc(N)nc(-c4ccccc4)c2C3=O)c1,8.85
A2A,CHEMBL2323587,Nc1nc2c(cnn2CCN2CCN(c3ccc(OCC(=O)O)cc3)CC2)c2nc(-c3ccco3)nn12,8.85
A2A,CHEMBL2377092,N#Cc1cccc(-c2nc(N)c3cc(Cc4ccccc4Cl)sc3n2)c1,8.85
A2A,CHEMBL3596517,COc1cccc2c1nc(N)n1nc(CN3CCN(c4sc(C)nc4C)C[C@H]3C)nc21,8.85
A2A,CHEMBL5961246,COc1cccc2c(C(=O)NCc3ncccc3F)nc(N)nc12,8.85
A2A,CHEMBL5859422,COc1cccc2c1nc(N)n1nc(C3CCN(c4cccc(F)c4)C3)nc21,8.85
A2A,CHEMBL5847654,Cn1cc(-c2c(-n3nccn3)nc(N)n3nc(Cc4c(F)cccc4F)nc23)ccc1=O,8.85
A2A,CHEMBL5895809,Cc1cnc2ccc(-c3nc(C(=O)NC[C@H]4CCCO4)c(N)nc3-c3ncco3)cn12,8.85
A2A,CHEMBL5841084,Nc1nc2c3c(ccc2c2nc(CCN4CCC(F)(F)C4)nn12)OC(F)(F)O3,8.85
A2A,CHEMBL5883528,C[C@H](Cc1nc2c3ccc4c(c3nc(N)n2n1)OC(F)(F)O4)N1CCc2cccnc2C1,8.85
A2A,CHEMBL5944941,CC1(F)CN(Cc2nc3c4ccc5c(c4nc(N)n3n2)OC(F)(F)O5)C1,8.85
A2A,CHEMBL6044319,Nc1nc2c3c(ccc2c2nc(CN4CC(F)(C(F)(F)F)C4)nn12)OC(F)(F)O3,8.85
A2A,CHEMBL5897082,Cc1csc(CN(Cc2nc3c4ccc5c(c4nc(N)n3n2)OC(F)(F)O5)CC2CC2)n1,8.85
A2A,CHEMBL5803616,COc1ccc(N2CCC[C@@H](c3nc4c5cc(F)cc(OC)c5nc(N)n4n3)C2)cn1,8.85
A2A,CHEMBL5811772,COc1cc(F)cc2c(NNC(=O)C3CCCN(c4cnn(C)c4)C3)nc(N)nc12,8.85
A2A,CHEMBL6020874,COc1cccc2c1nc(N)n1nc(C3CCCC(O)(c4cnn(CC(C)(C)O)c4)C3)nc21,8.85
A2A,CHEMBL6024738,C[C@@H]1CC[C@H](c2nc3c4cc(F)cc(F)c4nc(N)n3n2)CN1c1cnn(C(C)(CO)CO)c1,8.85
A2A,CHEMBL2419143,CCn1c(/N=C/c2ccc(Cl)cc2)c(C#N)sc1=S,8.84
A2A,CHEMBL3752621,O=C(Nc1ccccc1)Nc1nc(NCc2ccccc2)nc2nc(-c3ccco3)nn12,8.84
A2A,CHEMBL67026,Nc1nc2c(cnn2CCCc2ccc(O)cc2)c2nc(-c3ccco3)nn12,8.82
A2A,CHEMBL98278,Nc1nc(-c2cnn(Cc3ccccc3)c2)nc2c1ncn2[C@@H]1O[C@H](CO)[C@@H](O)[C@H]1O,8.82
A2A,CHEMBL245645,Nc1nc2c(ncn2Cc2ccccc2)c2nc(-c3ccco3)nn12,8.82
A2A,CHEMBL409460,Cc1cc(C)n(-c2cc(NC(=O)CN3CCC[C@@H](CN(C)C)C3)nc(-c3ccc(C)o3)n2)n1,8.82
A2A,CHEMBL459322,CC(C)c1cc(Cn2nnc3c(-c4ccco4)nc(N)nc32)ccc1N,8.82
A2A,CHEMBL460975,Nc1ccc(Cn2nnc3c(-c4ccco4)nc(N)nc32)cc1,8.82
A2A,CHEMBL512133,COCCOc1cccc2c1CN(CCn1ncc3c1nc(N)n1nc(-c4ccco4)nc31)CC2,8.82
A2A,CHEMBL481146,COCCOC(C)c1ccc2cc(CCn3ncc4c3nc(N)n3nc(-c5ccco5)nc43)ccc2n1,8.82
A2A,CHEMBL519784,Nc1nc2c(cnn2CCc2ccc(-c3cccnc3)cc2)c2nc(-c3ccco3)nn12,8.82
A2A,CHEMBL480568,COCCOc1ccc(N2CCN(CCSc3cc4nc(-c5ccco5)nn4c(N)n3)CC2)cc1,8.82
A2A,CHEMBL361687,Nc1nc(NCCN2CCN(c3ccc(F)cc3F)CC2)cc2nc(-c3ccco3)nn12,8.82
A2A,CHEMBL473439,CCN(CCN1CCN(c2ccc(OCCOC)cc2)CC1)c1cc2nc(-c3ccco3)nn2c(N)n1,8.82
A2A,CHEMBL3703593,OC1CS[C@@H](n2cnc3c(NCc4cccc(Cl)c4)ncnc32)[C@H]1O,8.82
A2A,CHEMBL3901883,COc1cccc2c(C(=O)NCc3cccc(F)n3)nc(N)nc12,8.82
A2A,CHEMBL4167502,C#CCN(CCCCCNc1nc(N)n2nc(-c3ccco3)nc2n1)C(=O)c1ccc(S(=O)(=O)F)cc1,8.82
A2A,CHEMBL5203657,Nc1nc(NCCc2ccc(O)cc2)nc(Nc2nc(-c3ccc(F)cc3)cs2)n1,8.82
A2A,CHEMBL5174275,Nc1nc(C(=O)NCc2ccncc2)cn2c1nc1ccccc12,8.82
A2A,CHEMBL5987432,COc1cccc2c(C(=O)NCc3ncc(C)cc3C)nc(N)nc12,8.82
A2A,CHEMBL5813918,COc1cccc2c(C(=O)NCc3ccc4ccccc4n3)nc(N)nc12,8.82
A2A,CHEMBL6012635,COc1cccc2c1nc(N)n1nc([C@@H]3CCCN(CCN4CCOCC4)C3)nc21,8.82
A2A,CHEMBL6046518,COc1cccc2c1nc(N)n1nc([C@@H]3CCCN(C(=O)c4ocnc4C)C3)nc21,8.82
A2A,CHEMBL5959432,Cc1nc2c(o1)CN(CCc1nc3c4ccc5c(c4nc(N)n3n1)OC(F)(F)O5)CC2,8.82
A2A,CHEMBL5888544,C[C@@H]1C[C@H](F)CN1CCc1nc2c3ccc4c(c3nc(N)n2n1)OC(F)(F)O4,8.82
A2A,CHEMBL5887039,Cc1ncc(N2CCN(CCc3nc4c5ccc6c(c5nc(N)n4n3)OC(F)(F)O6)[C@H](C)C2)s1,8.82
A2A,CHEMBL5772810,Cc1ncc(CN(CCc2nc3c4ccc5c(c4nc(N)n3n2)OC(F)(F)O5)CC2CC2)s1,8.82
A2A,CHEMBL5886707,Cc1nc2c(s1)CCN([C@H](C)Cc1nc3c4ccc5c(c4nc(N)n3n1)OC(F)(F)O5)C2,8.82
A2A,CHEMBL5892945,Nc1nc2c3c(ccc2c2nc([C@@H]4CCCN(CC(F)F)C4)nn12)OC(F)(F)O3,8.82
A2A,CHEMBL5783060,COc1cc2nc(N)n3nc([C@@H]4CCCN(c5cnn(C(C)(C)C)c5)C4)nc3c2cc1F,8.82
A2A,CHEMBL5854406,COc1cc(F)cc2c1nc(N)n1nc([C@@H]3CCCN(c4cnn(CC(C)(C)O)c4C)C3)nc21,8.82
A2A,CHEMBL5810060,COc1cc2nc(N)n3nc([C@@H]4CCCN(c5cnn(C(C)C(C)O)c5)C4)nc3c2cc1F,8.82
A2A,CHEMBL5804535,COc1cc2nc(N)n3nc(C4CCC(C)N(c5cnn(CC(C)(O)CO)c5)C4)nc3c2cc1F,8.82
A2A,CHEMBL6035364,Cc1cc(-c2c(-c3ccc(Cl)cc3)nc(N)n3cnnc23)cc(C(F)(F)F)n1,8.81
A2A,CHEMBL16894,CCCCn1cc2c(nc(N)n3nc(-c4ccco4)nc23)n1,8.8
A2A,CHEMBL361925,CCn1nnc([C@H]2O[C@@H](n3cnc4c(N)nc(N[C@H](CO)Cc5ccc(Br)cc5)nc43)[C@H](O)[C@@H]2O)n1,8.8
A2A,CHEMBL239817,Nc1nc2c(cnn2CCN2CCN(c3ccccc3)CC2)c2nc(-c3ccco3)nn12,8.8
A2A,CHEMBL240626,COC(C)COc1ccc(N2CCN(CCn3ncc4c3nc(N)n3nc(-c5ccco5)nc43)CC2)cc1,8.8
A2A,CHEMBL252345,O=C(CN1CCOCC1)Nc1cc(-n2cccn2)nc(-c2ccco2)n1,8.8
A2A,CHEMBL407650,CCc1nc(-c2nccs2)c2sccc2n1,8.8
A2A,CHEMBL510134,CNc1ccc(Cn2nnc3c(-c4ccco4)nc(N)nc32)cc1,8.8
A2A,CHEMBL516770,Nc1nc(-c2ccco2)c2nnn(Cc3ccc(N)c(O)c3)c2n1,8.8
A2A,CHEMBL470088,Nc1nc2c(cnn2CCN2CCc3ncc(Br)cc3C2)c2nc(-c3ccco3)nn12,8.8
A2A,CHEMBL482138,Nc1nc2c(cnn2CCc2ccc3nc(C(=O)N4CCOCC4)ccc3c2)c2nc(-c3ccco3)nn12,8.8
A2A,CHEMBL475445,COc1ccc(CCSc2cc3nc(-c4ccco4)nn3c(N)n2)cc1,8.8
A2A,CHEMBL1086978,COc1cccc(-c2nc(N)nc3c2C(=O)c2ccccc2-3)c1,8.8
A2A,CHEMBL2030690,COC1CCN(c2cccc(-c3nc(N)nc(-c4ccccc4O)n3)c2)CC1,8.8
A2A,CHEMBL2165803,Nc1nc(-c2ccccc2)c2c(n1)-c1cc(C(F)(F)c3cccnc3)ccc1C2=O,8.8
A2A,CHEMBL6000234,COc1cccc2c(C(=O)NCc3nc(-c4ccccc4)c(C)o3)nc(N)nc12,8.8
A2A,CHEMBL5751946,[2H]C([2H])(NC(=O)c1nc(N)nc2c(OC)cccc12)c1cccc(C([2H])([2H])c2ccc(N3CCOCC3)nc2)n1,8.8
A2A,CHEMBL5950484,Nc1nc(C(=O)NCc2cccc(Cc3ccncc3)n2)c2cccc(F)c2n1,8.8
A2A,CHEMBL6033264,Cn1ccc(-c2nc(N)c(C#N)nc2-c2cc(Cl)c3ncccc3c2)n1,8.8
A2A,CHEMBL5833269,CCc1nnc2n1CCN(CCc1nc3c4ccc5c(c4nc(N)n3n1)OC(F)(F)O5)C2,8.8
A2A,CHEMBL5739672,Nc1nc2c3c(ccc2c2nc(CCN4CC(F)(C5CC5)C4)nn12)OC(F)(F)O3,8.8
A2A,CHEMBL5820862,Nc1nc2c3c(ccc2c2nc(CCN4C[C@H](F)[C@@H](F)C4)nn12)OC(F)(F)O3,8.8
A2A,CHEMBL5824496,Nc1nc2c3c(ccc2c2nc(CCN4CCCC(F)(F)C4)nn12)OC(F)(F)O3,8.8
A2A,CHEMBL6042094,Nc1nc2c3c(ccc2c2nc(CCN4CCN(C5CCCC5)C(=O)C4)nn12)OC(F)(F)O3,8.8
A2A,CHEMBL5806712,Nc1nc2c3c(ccc2c2nc(CNCc4ccc(C(F)(F)F)cc4)nn12)OC(F)(F)O3,8.8
A2A,CHEMBL6014957,CC(NC(=O)c1nc(-c2cc(Cl)c3ncccc3c2)c(-c2ccn(C)n2)nc1N)c1ccccn1,8.8
A2A,CHEMBL5986528,C[C@H](NC(=O)c1nc(-c2cc(Cl)c3[nH]ncc3c2)c(-c2ccn(C)n2)nc1N)c1ccccn1,8.8
A2A,CHEMBL5798334,COc1cc(F)cc2c1nc(N)n1nc([C@@H]3CCCN(c4ncn(CC(C)(C)O)n4)C3)nc21,8.8
A2A,CHEMBL5793140,CC1(O)CCC(NC(=O)[C@@](C)(c2ccccc2)n2ncc3c2nc(N)n2nc(-c4ccco4)nc32)CC1,8.8
A2A,CHEMBL5787523,C[C@](C(=O)NC1CCC(O)CC1)(c1ccccc1)n1ncc2c1nc(N)n1nc(-c3ccco3)nc21,8.8
A2A,CHEMBL4529321,Nc1nc(-c2cccc(O)c2)nc2sc(-c3ccco3)nc12,8.79
A2A,CHEMBL5562893,Cc1c(C#N)cccc1-c1cc(-c2cn(Cc3c[nH]c4ccc(C#N)cc34)nn2)nc(N)n1,8.79
A2A,CHEMBL3703584,OC1CS[C@@H](n2cnc3c(NCc4cccc(Cl)c4)nc(Cl)nc32)[C@H]1O,8.78
A2A,CHEMBL5825507,Cc1cc(-c2c(-c3ccccc3F)nc(N)n3cnnc23)cc(C(F)F)n1,8.78
A2A,CHEMBL246263,Nc1nc2c(ncn2CCN2CCN(c3nccs3)CC2)c2nc(-c3ccco3)nn12,8.77
A2A,CHEMBL245847,Nc1nc2c(ncn2Cc2ccccc2Cl)c2nc(-c3ccco3)nn12,8.77
A2A,CHEMBL248300,Nc1nc2c(ncn2CCN2CCN(c3ccccc3)CC2)c2nc(-c3ccco3)nn12,8.77
A2A,CHEMBL259832,Nc1nc(-c2ccco2)c2ncn(C(=O)NCc3ccco3)c2n1,8.77
A2A,CHEMBL564473,COCc1cccc(CNC(=O)c2cc(-c3ccco3)nc(N)n2)n1,8.77
A2A,CHEMBL4440137,Nc1nc(-c2ccco2)nc2sc(-c3ccccc3)nc12,8.77
A2A,CHEMBL4594442,Cc1cc(-c2nnc(N)nc2-c2ccc(F)cc2)cc(Cl)n1,8.77
A2A,CHEMBL5823370,Cc1ccc(F)c(CNC(=O)c2nc(N)nc3c(-c4ncco4)cccc23)n1,8.77
A2A,CHEMBL5801083,Nc1nc2c(O)cccc2c2nc([C@H]3CCC[C@H](CCC(F)(F)F)C3)nn12,8.77
A2A,CHEMBL5833725,Nc1nc(-c2ccc(F)cc2)c(-c2ccc3nc[nH]c3c2)c2nc(Cc3ncccc3F)nn12,8.77
A2A,CHEMBL6042158,Cc1cnc2ccc(-c3nc(C(=O)NC[C@H]4CCOC4)c(N)nc3-c3ncco3)cn12,8.77
A2A,CHEMBL6036234,CN1CCN(CCc2nc3c4ccc5c(c4nc(N)n3n2)OC(F)(F)O5)CC1=O,8.77
A2A,CHEMBL5758579,Nc1nc2c3c(ccc2c2nc(CN4CCC(F)(F)CC4)nn12)OC(F)(F)O3,8.77
A2A,CHEMBL5882906,COc1cc2nc(N)n3nc([C@@H]4CCCN(c5cn(C6CCOCC6)nc5C)C4)nc3c2cc1F,8.77
A2A,CHEMBL5828216,COc1cc(F)cc2c1nc(N)n1nc([C@@H]3CCCN(c4cnn(CC5(O)CCC5)c4)C3)nc21,8.77
A2A,CHEMBL5780762,CC1CCC(c2nc3c4cc(F)cc(F)c4nc(N)n3n2)CN1c1cnn(CC(C)(CO)CO)c1,8.77
A2A,CHEMBL5851497,Nc1nc2c(cnn2[C@H](C(=O)NCC2(O)COC2)c2ccccc2)c2nc(-c3ccco3)nn12,8.77
A2A,CHEMBL5088876,COc1cc(OC)cc(-c2nc(N)nc(-c3ccccc3)c2C#N)c1,8.76
A2A,CHEMBL5813061,Cc1cc(-c2c(-c3ccc(F)cc3F)nc(N)n3cnnc23)cc(C)n1,8.76
A2A,CHEMBL5859794,Cc1cc(-c2c(-c3ccccc3F)nc(N)n3cnnc23)cc(C(F)(F)F)n1,8.75
A2A,CHEMBL262363,Nc1nc(C#C[C@@H](O)c2ccccc2)nc2c1ncn2[C@@H]1O[C@H](CO)[C@@H](O)[C@H]1O,8.74
A2A,CHEMBL131535,Nc1nc(N[C@H]2CCC[C@@H]2O)nc2c1ncn2[C@@H]1O[C@H](CO)[C@@H](O)[C@H]1O,8.74
A2A,CHEMBL255911,N#Cc1cccc(OCC(=O)Nc2cc(-c3nccs3)nc(-c3ccccn3)n2)c1,8.74
A2A,CHEMBL518497,COc1cccc(Cn2nnc3c(-c4ccco4)nc(N)nc32)c1,8.74
A2A,CHEMBL486140,CCC(=O)Nc1cc(-c2cncc(OC)c2)nc(-n2nc(C)cc2C)n1,8.74
A2A,CHEMBL479784,Nc1nc2c(cnn2CCc2ccc3nc(N4CCOCC4)ccc3c2)c2nc(-c3ccco3)nn12,8.74
A2A,CHEMBL481736,COc1ccc(CCN(C)c2cc3nc(-c4ccco4)nn3c(N)n2)cc1,8.74
A2A,CHEMBL482329,CN(CCN1CCN(c2ccc(F)cc2F)CC1)c1cc2nc(-c3cccc(C#N)c3)nn2c(N)n1,8.74
A2A,CHEMBL2165804,CC(C)n1cc(-c2ncc(N)nc2-c2ccc(F)cc2)ccc1=O,8.74
A2A,CHEMBL2419138,CCCn1c(/N=C/c2ccc(Br)cc2)c(C#N)sc1=S,8.74
A2A,CHEMBL3765164,Nc1nc(C(=O)NCc2cccc3c2C(=O)NC3)c2cccc(F)c2n1,8.74
A2A,CHEMBL4094491,COc1ccc(OC(C)(C)C(=O)Nc2nc3c(OC)ccc(N4CCOCC4)c3s2)cc1OC,8.74
A2A,CHEMBL4452162,C=CC(=O)Nc1ccc(-c2cn3c(=O)n(-c4ccccc4)nc3c(N)n2)cc1,8.74
A2A,CHEMBL5785838,COc1cccc2c(C(=O)NCC3Cc4cccnc4C3)nc(N)nc12,8.74
A2A,CHEMBL5867675,Nc1cccc(Cc2nc3c(-c4ccc5nccn5c4)c(-c4ccc(F)cc4)nc(N)n3n2)n1,8.74
A2A,CHEMBL5882133,Cn1cnc2ccc(-c3c(-c4ncco4)nc(N)n4nc(Cc5ncccc5F)nc34)cc21,8.74
A2A,CHEMBL5905858,Cc1nc2c(s1)CCN(CCc1nc3c4ccc5c(c4nc(N)n3n1)OC(F)(F)O5)C2,8.74
A2A,CHEMBL5917069,C[C@@H]1CN(c2nsnc2Cl)CCN1CCc1nc2c3ccc4c(c3nc(N)n2n1)OC(F)(F)O4,8.74
A2A,CHEMBL5973300,C[C@@H]1N(CCc2nc3c4ccc5c(c4nc(N)n3n2)OC(F)(F)O5)CCCC1(F)F,8.74
A2A,CHEMBL5816744,C[C@H](Cc1nc2c3ccc4c(c3nc(N)n2n1)OC(F)(F)O4)N1CCc2ccncc21,8.74
A2A,CHEMBL5933368,Nc1nc2c3c(ccc2c2nc(CN4CCC(F)(F)C4)nn12)OC(F)(F)O3,8.74
A2A,CHEMBL6040738,C[C@@H](NC(=O)c1nc(-c2ccc3ncccc3c2)c(-c2ccccc2)nc1N)c1ncccn1,8.74
A2A,CHEMBL5778870,COc1cc2nc(N)n3nc([C@@H]4CCCN(c5nc(C)n(CC(C)(C)O)n5)C4)nc3c2cc1F,8.74
A2A,CHEMBL5801560,COc1cc2nc(N)n3nc(C4CCC(C)N(c5cnn(C6CCOCC6)c5C)C4)nc3c2cc1F,8.74
A2A,CHEMBL5928309,COc1cc2nc(N)n3nc(C4CC(F)CN(c5cnn(C6CCOCC6)c5)C4)nc3c2cc1F,8.74
A2A,CHEMBL5832105,CCn1cc([C@]2(O)CCCC(c3nc4c5cc(F)c(OC)cc5nc(N)n4n3)C2)cn1,8.74
A2A,CHEMBL576185,CC(C)CCn1cc2c(nc(NC(=O)Cc3cccc(Cl)c3)n3nc(-c4ccco4)nc23)n1,8.73
A2A,CHEMBL137879,CCn1cc2c(nc(N)n3nc(-c4ccco4)nc23)n1,8.72
A2A,CHEMBL506101,Nc1nc(-c2ccco2)c2nnn(Cc3ccsc3)c2n1,8.72
A2A,CHEMBL467246,Nc1nc(-c2ccco2)c2nnn(Cc3c(F)cccc3F)c2n1,8.72
A2A,CHEMBL507426,Nc1nc(-c2ccco2)c2nnn(Cc3ccccc3)c2n1,8.72
A2A,CHEMBL521223,CC(=O)Nc1cc(-c2cccc(N3CCC(O)CC3)n2)nc(-n2nc(C)cc2C)n1,8.72
A2A,CHEMBL469893,Nc1nc2c(cnn2CCN2CCc3ncc(C4CC4)cc3C2)c2nc(-c3ccco3)nn12,8.72
A2A,CHEMBL472114,COc1ccc2c(c1)CCN(CCn1ncc3c1nc(N)n1nc(-c4ccco4)nc31)CC2,8.72
A2A,CHEMBL470087,COc1cc2c(cc1OC)CN(CCn1ncc3c1nc(N)n1nc(-c4ccco4)nc31)C(C)C2,8.72
A2A,CHEMBL481771,COc1ccc(-c2ccc(CCn3ncc4c3nc(N)n3nc(-c5ccco5)nc43)cc2)cn1,8.72
A2A,CHEMBL515526,CC(=O)Nc1cc(-c2ccccc2O)nc(-n2nc(C)cc2C)n1,8.72
A2A,CHEMBL4457917,COc1cccc(-c2nc(N)c3nc(-c4ccco4)sc3n2)c1,8.72
A2A,CHEMBL6012545,COc1cccc2c(C(=O)NCc3cccc(COCC(C)C)n3)nc(N)nc12,8.72
A2A,CHEMBL5933668,[2H]C([2H])(NC(=O)c1nc(N)nc2c(OC)cccc12)c1cccc(C([2H])([2H])c2cccc(OCCOC)c2)n1,8.72
A2A,CHEMBL5861848,COc1cccc2c1nc(N)n1nc([C@@H]3CCCN(c4nncs4)C3)nc21,8.72
A2A,CHEMBL5987060,COc1cccc(C(=O)N2CCC[C@@H](c3nc4c5cccc(OC)c5nc(N)n4n3)C2)c1,8.72
A2A,CHEMBL6008820,COc1cccc2c1nc(N)n1nc([C@@H]3CC(F)(F)CCO3)nc21,8.72
A2A,CHEMBL5859356,COc1cc(-c2c(-c3ccc(F)cc3)nc(N)n3nc(Cc4c(F)cccc4F)nc23)ccn1,8.72
A2A,CHEMBL5964116,Cc1cnc2ccc(-c3c(N4CCC4)nc(N)n4nc(Cc5ncccc5F)nc34)cn12,8.72
A2A,CHEMBL5867976,Cn1cc(-c2nc(C(=O)NCc3c(F)cccc3F)c(N)nc2-c2ncco2)ccc1=O,8.72
A2A,CHEMBL5989992,Nc1nc2c3c(ccc2c2nc(CN4Cc5cccnc5C4)nn12)OC(F)(F)O3,8.72
A2A,CHEMBL5804114,CC1CC(c2nc3c4cc(F)cc(F)c4nc(N)n3n2)CN(c2cnn(CC(C)(C)O)c2)C1,8.72
A2A,CHEMBL273807,CCCn1c(=O)c2[nH]c(-c3ccc(OCC(=O)Nc4ccc(C#N)cc4)cc3)nc2n(CCC)c1=O,8.71
A2A,CHEMBL576156,COc1ccc(CC(=O)Nc2nc3nn(CCC(C)C)cc3c3nc(-c4ccco4)nn23)cc1,8.71
A2A,CHEMBL5947862,Nc1nnc(-c2cc(Cl)nc(CF)c2)c(-c2ccccc2)n1,8.71
A2A,CHEMBL113967,CC1CCCCN1C(=O)c1cc(N)n2nc(-c3ccc(Br)o3)nc2c1,8.7
A2A,CHEMBL112773,COC[C@H]1CCCN1C(=O)c1cc(N)n2nc(-c3ccc(Br)o3)nc2c1,8.7
A2A,CHEMBL224874,CCNC(=O)[C@H]1O[C@@H](n2cnc3c(N)nc(C#C[C@@H](O)c4ccccc4)nc32)[C@H](O)[C@@H]1O,8.7
A2A,CHEMBL246469,COCCOc1ccc(N2CCN(CCn3cnc4c3nc(N)n3nc(-c5cccc(F)c5)nc43)CC2)cc1,8.7
A2A,CHEMBL252171,Cc1cc(C)n(-c2cc(NC(=O)CN3CCN(C)CC3)nc(-c3ccco3)n2)n1,8.7
A2A,CHEMBL402398,Cc1cc(C)n(-c2cc(NC(=O)Cc3ccc(N(C)C)cc3)nc(-c3ccc(C)o3)n2)n1,8.7
A2A,CHEMBL257670,COc1cc(CC(=O)Nc2cc(-n3nc(C)cc3C)nc(-c3ccc(C)o3)n2)cc(OC)c1,8.7
A2A,CHEMBL404193,COc1ccc(CC(=O)Nc2cc(-n3nc(C)cc3C)nc(-c3ccc(C)o3)n2)cc1OC,8.7
A2A,CHEMBL409682,C[C@H](NC(=O)n1cnc2c(-c3ccco3)nc(N)nc21)c1ccccc1,8.7
A2A,CHEMBL402409,Nc1nc(-c2ccco2)c2cnn(Cc3c(F)cccc3F)c2n1,8.7
A2A,CHEMBL401973,COc1cccc(Cn2ncc3c(-c4ccco4)nc(N)nc32)c1,8.7
A2A,CHEMBL516483,Nc1nc(-c2ccco2)c2nnn(Cc3ccccc3N)c2n1,8.7
A2A,CHEMBL513661,Nc1nc(-c2ccco2)c2nnn(Cc3ccc(F)cc3F)c2n1,8.7
A2A,CHEMBL488797,COc1ccccc1-c1cc(NC(C)=O)nc(-n2nc(C)cc2C)n1,8.7
A2A,CHEMBL506129,CC(=O)Nc1cc(-c2cccc(C#N)c2)nc(-n2nc(C)cc2C)n1,8.7
A2A,CHEMBL486552,CC(=O)Nc1cc(-c2cccc(CC#N)c2)nc(-n2nc(C)cc2C)n1,8.7
A2A,CHEMBL504812,CC(=O)Nc1cc(-c2cccc(C(F)(F)F)c2)nc(-n2nc(C)cc2C)n1,8.7
A2A,CHEMBL519566,CC(=O)Nc1cc(-c2cc(O)cc(F)c2)nc(-n2nc(C)cc2C)n1,8.7
A2A,CHEMBL469963,CC(=O)Nc1cc(-c2cccc(O)c2)nc(-n2nc(C)cc2C)n1,8.7
A2A,CHEMBL469324,CC(=O)Nc1cc(-c2cccc(OC3CCN(C)C3)c2)nc(-n2nc(C)cc2C)n1,8.7
A2A,CHEMBL511624,CC(=O)Nc1cc(-c2cccc(O[C@H]3CCN(C)C3)c2)nc(-n2nc(C)cc2C)n1,8.7
A2A,CHEMBL469520,CC(=O)Nc1cc(-c2cc(F)cc(O[C@@H]3CCN(C)C3)c2)nc(-n2nc(C)cc2C)n1,8.7
A2A,CHEMBL513364,Cc1cnc2c(c1)CN(CCn1ncc3c1nc(N)n1nc(-c4ccco4)nc31)CC2,8.7
A2A,CHEMBL471553,COCCOc1ccc2c(c1)CCN(CCn1ncc3c1nc(N)n1nc(-c4ccco4)nc31)CC2,8.7
A2A,CHEMBL472110,Nc1nc2c(cnn2CCN2CCc3ccccc3CC2)c2nc(-c3ccco3)nn12,8.7
A2A,CHEMBL520286,CN(CCc1ccc(F)cc1)c1cc2nc(-c3ccco3)nn2c(N)n1,8.7
A2A,CHEMBL596308,Cc1ccc(-c2cc(C(=O)NCc3ccc[nH]3)nc(N)n2)o1,8.7
A2A,CHEMBL1090576,Fc1ccc(-n2c(=S)sc3c2ncn2nc(-c4ccco4)nc32)cc1,8.7
A2A,CHEMBL2042311,CNC(=O)[C@H]1O[C@@H](n2cnc3c(NCC(c4ccccc4)c4ccccc4)nc(F)nc32)[C@H](O)[C@@H]1O,8.7
A2A,CHEMBL3965187,[2H]C([2H])(NC(=O)c1nc(N)nc2c(OC)cccc12)c1cccc(C([2H])([2H])c2cncc(OCCOC)c2)n1,8.7
A2A,CHEMBL4207839,Cn1c(=O)n(CCN2CCN(c3ccc(OCCOC4CC4)cc3)CC2)c2nc(N)n3nc(-c4ccco4)nc3c21,8.7
A2A,CHEMBL4645754,CCOC(=O)C1=C(C)Nc2nc3ccccc3n2C1c1ncco1,8.7
A2A,CHEMBL4646158,Nc1nc(NCC2CCN(CC(=O)Nc3ccc(S(N)(=O)=O)cc3)CC2)nc2sc(-c3ccco3)nc12,8.7
A2A,CHEMBL5086693,Nc1nc2c(cnn2CCc2ccc(OCCCCCC(=O)NO)cc2)c2nc(-c3ccco3)nn12,8.7
A2A,CHEMBL5880889,COc1cccc2c1nc(N)n1nc([C@@H]3CCCN(c4nnc(C)s4)C3)nc21,8.7
A2A,CHEMBL5841149,COc1cccc2c1nc(N)n1nc([C@@H]3CCCN(Cc4cc(F)cc(C(F)(F)F)c4)C3)nc21,8.7
A2A,CHEMBL6022771,COc1cccc2c1nc(N)n1nc([C@@H]3CCN(CC(F)(F)F)C3)nc21,8.7
A2A,CHEMBL5810323,COc1cccc2c1nc(N)n1nc([C@H]3CC(F)(F)CCO3)nc21,8.7
A2A,CHEMBL5957693,Cc1cnc2ccc(-c3nc(C(=O)NCC4CCO4)c(N)nc3-c3ncco3)cn12,8.7
A2A,CHEMBL5764637,CCC1(F)CN(Cc2nc3c4ccc5c(c4nc(N)n3n2)OC(F)(F)O5)C1,8.7
A2A,CHEMBL6036826,COC(=O)C(Cc1nc2c3ccc4c(c3nc(N)n2n1)OC(F)(F)O4)C(=O)OC,8.7
A2A,CHEMBL6044347,COc1cc2nc(N)n3nc([C@@H]4CCCN(c5cnn(C)c5)C4)nc3c2cc1F,8.7
A2A,CHEMBL5763489,COc1cc2nc(N)n3nc([C@@H]4CCCN(c5ccc(OC(C)C)nc5)C4)nc3c2cc1F,8.7
A2A,CHEMBL5858319,CCC(C)(O)Cn1cc(N2CCC[C@@H](c3nc4c5cc(F)c(OC)cc5nc(N)n4n3)C2)cn1,8.7
A2A,CHEMBL5918437,COc1cc2nc(N)n3nc([C@@H]4CCCN(c5cnn(C(C)(C)C(C)O)c5)C4)nc3c2cc1F,8.7
A2A,CHEMBL572600,CC(C)CCn1cc2c(nc(NC(=O)Cc3cccs3)n3nc(-c4ccco4)nc23)n1,8.69
A2A,CHEMBL5849413,Cc1cc(-c2c(-c3ccc(F)cc3F)nc(N)n3cnnc23)cc(Cl)n1,8.69
A2A,CHEMBL280888,CCCSc1c2c(nc(N)n3nc(-c4ccco4)nc23)nn1C,8.68
A2A,CHEMBL240211,N#Cc1ccc(N2CCN(CCn3ncc4c3nc(N)n3nc(-c5ccco5)nc43)CC2)cc1,8.68
A2A,CHEMBL410234,Cc1cc(C)n(-c2cc(NC(=O)CCN(C)C)nc(-c3ccc(C)o3)n2)n1,8.68
A2A,CHEMBL272637,Cc1cc(C)n(-c2cc(NC(=O)CN3CC[C@@H](CN(C)C)C3)nc(-c3ccc(C)o3)n2)n1,8.68
A2A,CHEMBL259323,CCc1nc(-c2nc(C)cs2)c2sccc2n1,8.68
A2A,CHEMBL461857,Cc1ccc(-c2nc(N)nc3c2nnn3Cc2ccccc2F)o1,8.68
A2A,CHEMBL3763571,N#Cc1cccc2c(C(=O)NCc3cccc4cccnc34)nc(N)nc12,8.68
A2A,CHEMBL4102234,COc1ccc(N2CCOCC2)c2sc(NC(=O)C(C)(C)Oc3ccc4c(c3)OCO4)nc12,8.68
A2A,CHEMBL4067952,COc1ccc(N2CCOCC2)c2sc(NC(=O)C3(C)CCC(O)(C(C)C)CC3)nc12,8.68
A2A,CHEMBL4530682,Nc1nc(-c2cccc(CO)c2)nc2sc(-c3ccco3)nc12,8.68
A2A,CHEMBL5204660,Nc1nc(C(=O)Nc2cccnc2)cn2c1nc1ccccc12,8.68
A2A,CHEMBL5846671,COc1cccc2c(C(=O)NCc3cccc(COc4cccc(F)c4)n3)nc(N)nc12,8.68
A2A,CHEMBL5815718,[2H]C([2H])(NC(=O)c1nc(N)nc2c(OC)cccc12)c1cccc(C([2H])([2H])c2cncc(-c3ncco3)c2)n1,8.68
A2A,CHEMBL5872486,COc1cccc2c1nc(N)n1nc([C@@H]3CCCN(Cc4cnc(C)s4)C3)nc21,8.68
A2A,CHEMBL5966778,CCn1cc(-c2c(-c3ccc(F)cc3)nc(N)n3nc(Cc4ncccc4F)nc23)ccc1=O,8.68
A2A,CHEMBL5802346,Cn1cnc2ccc(-c3nc(C(=O)NCc4ncccc4F)c(N)nc3-c3ncco3)cc21,8.68
A2A,CHEMBL6015286,Cc1ccn(-c2nc(N)cnc2-c2cc(Cl)c3ncccc3c2)n1,8.68
A2A,CHEMBL6055738,Nc1nc2c3c(ccc2c2nc(CCN4Cc5ccc(F)cc5C4)nn12)OC(F)(F)O3,8.68
A2A,CHEMBL5834112,Nc1nc2c3c(ccc2c2nc(CCN4Cc5ccncc5C4)nn12)OC(F)(F)O3,8.68
A2A,CHEMBL5961247,C[C@@H]1CN(c2ccc(F)cc2)CCN1Cc1nc2c3ccc4c(c3nc(N)n2n1)OC(F)(F)O4,8.68
A2A,CHEMBL5900266,Nc1nc(-c2ccccc2)c(-c2ccncc2)c2nncn12,8.68
A2A,CHEMBL5941809,CCn1cc([C@@]2(O)CCCC(c3nc4c5cc(F)c(OC)cc5nc(N)n4n3)C2)cn1,8.68
A2A,CHEMBL201022,CCCn1c(=O)c2nc(-c3ccc(OCC(=O)c4ccc(I)cc4)cc3)[nH]c2n(CCC)c1=O,8.67
A2A,CHEMBL4167557,Nc1nc(NCCc2ccco2)nc2sc(-c3ccco3)nc12,8.67
A2A,CHEMBL5071174,N#Cc1c(-c2ccccc2)nc(Nc2ccccc2)nc1-c1ccco1,8.67
A2A,CHEMBL340674,CCNC(=O)[C@H]1O[C@@H](n2cnc3c(N)nc(NC4CCCC4)nc32)[C@H](O)[C@@H]1O,8.66
A2A,CHEMBL431770,CCn1c(=O)c2c(nc(/C=C/c3ccc(OC)c(OC)c3)n2C)n(CC)c1=O,8.66
A2A,CHEMBL240647,C[S+]([O-])COc1ccc(N2CCN(CCn3ncc4c3nc(N)n3nc(-c5ccco5)nc43)CC2)cc1,8.66
A2A,CHEMBL461649,Nc1nc(-c2ccco2)c2nnn(Cc3cccc(C(F)(F)F)c3)c2n1,8.66
A2A,CHEMBL467245,Nc1nc(-c2ccco2)c2nnn(Cc3cc(F)ccc3F)c2n1,8.66
A2A,CHEMBL505787,Cc1csc(-c2nc(N)nc3c2nnn3Cc2ccccc2F)n1,8.66
A2A,CHEMBL551368,Cc1ccccc1CNC(=O)c1cc(-c2ccco2)nc(N)n1,8.66
A2A,CHEMBL5076343,Nc1ccccc1NC(=O)c1ccc(CCn2ncc3c2nc(N)n2nc(-c4ccco4)nc32)cc1,8.66
A2A,CHEMBL5921366,Nc1nc(C(=O)NCc2cccc(COc3ccccn3)n2)c2cccc(F)c2n1,8.66
A2A,CHEMBL5772644,Cc1cnc2ccc(-c3nc(C(=O)NC[C@H]4CCCN4C)c(N)nc3-c3ccc(F)cc3)cn12,8.66
A2A,CHEMBL5872977,Cc1cc(Cl)cc(-c2nnc(N)nc2-c2ccccc2)c1,8.66
A2A,CHEMBL5844679,Cc1cc(-c2nnc(N)nc2-c2ccccc2)cc(Br)n1,8.66
A2A,CHEMBL6003499,C[C@@H]1CC(F)(F)CCN1CCc1nc2c3ccc4c(c3nc(N)n2n1)OC(F)(F)O4,8.66
A2A,CHEMBL6056306,Nc1nc2c3c(ccc2c2nc(CC(C(F)F)N4Cc5cccnc5C4)nn12)OC(F)(F)O3,8.66
A2A,CHEMBL5982535,Nc1nc(-c2ccccc2)c(-c2ccnc(Cl)c2)c2nncn12,8.66
A2A,CHEMBL5762874,COc1cc2nc(N)n3nc(C4CCC(C)N(c5cnn(CC(C)(C)N)c5)C4)nc3c2cc1F,8.66
A2A,CHEMBL5997347,C[C@](C(=O)N[C@@H]1CCC[C@@H]1O)(c1ccccc1)n1ncc2c1nc(N)n1nc(-c3ccco3)nc21,8.66
A2A,CHEMBL16677,CCCn1c(=O)c2nc(-c3ccc(OCC(=O)Nc4ccccc4)cc3)[nH]c2n(CCC)c1=O,8.65
A2A,CHEMBL3335523,CCNC(=O)[C@H]1O[C@@H](n2cnc3c(N)nc(NCCc4ccc(CCC(=O)Nc5ccc(OC(C)=O)c([N+](=O)[O-])c5)cc4)nc32)[C@H](O)[C@@H]1O,8.65
A2A,CHEMBL4162037,COc1ccccc1CNc1nc(N)c2nc(-c3cccs3)sc2n1,8.65
A2A,CHEMBL5192183,Nc1nc(C(=O)NCc2ccco2)cn2c1nc1ccccc12,8.65
A2A,CHEMBL392136,Cc1ccc(-c2nn3c(N)nc4ccc(Cl)cc4n3c2=O)cc1,8.64
A2A,CHEMBL256546,Cc1cc(C)n(-c2cc(NC(=O)COc3cccc(CCN4CCOCC4)c3)nc(-c3ccc(C)o3)n2)n1,8.64
A2A,CHEMBL402464,CN(C)c1nc(-c2nccs2)c2sccc2n1,8.64
A2A,CHEMBL460799,Nc1nc(-c2ccco2)c2nnn(Cc3cccs3)c2n1,8.64
A2A,CHEMBL462488,Nc1nc(-c2ccco2)c2nnn(Cc3cccc(Cl)c3)c2n1,8.64
A2A,CHEMBL467244,Nc1nc(-c2ccco2)c2nnn(Cc3cccc(F)c3F)c2n1,8.64
A2A,CHEMBL458242,COc1cncc(-c2cc(NC(C)=O)nc(-n3nc(C)cc3C)n2)c1,8.64
A2A,CHEMBL520036,CC(=O)Nc1cc(-c2cccc(N3CCCOCC3)n2)nc(-n2nc(C)cc2C)n1,8.64
A2A,CHEMBL510959,COc1cc2c(cc1OC)C(Cc1ccccc1)N(CCn1ncc3c1nc(N)n1nc(-c4ccco4)nc31)CC2,8.64
A2A,CHEMBL481147,Nc1nc2c(cnn2CCc2ccc3nc(CN4CCOCC4)ccc3c2)c2nc(-c3ccco3)nn12,8.64
A2A,CHEMBL1950652,CCn1nnnc1[C@H]1O[C@@H](n2cnc3c(N)nc(N[C@H](CO)Cc4ccccc4)nc32)[C@H](O)[C@@H]1O,8.64
A2A,CHEMBL3763199,Nc1nc(C(=O)NCc2cccc3cccnc23)c2cccc(C(F)(F)F)c2n1,8.64
A2A,CHEMBL5971095,COc1cccc2c(C(=O)NCc3ccccc3-c3ccccn3)nc(N)nc12,8.64
A2A,CHEMBL5819222,[2H]C([2H])(NC(=O)c1nc(N)nc2c(OC)cccc12)c1cccc(C([2H])([2H])c2ccc(C(C)(C)OCOC)nc2)n1,8.64
A2A,CHEMBL5993458,Cn1cc(-c2c(-c3ccc(F)cc3)nc(N)n3nc(Cc4ncccc4F)nc23)ccc1=O,8.64
A2A,CHEMBL5857491,Cn1cc(-c2nc(C(=O)NCc3c(F)cccc3F)c(N)nc2-c2ccc(F)cc2)ccc1=O,8.64
A2A,CHEMBL5875198,Nc1nc2c3c(ccc2c2nc(CC(CCl)CCl)nn12)OC(F)(F)O3,8.64
A2A,CHEMBL6058998,COc1cc2nc(N)n3nc([C@@H]4CCCN(c5cnn(C6CCCC6O)c5)C4)nc3c2cc1F,8.64
A2A,CHEMBL5767064,CC1CCC(c2nc3c4cc(F)cc(F)c4nc(N)n3n2)CN1c1cnn(CC(C)(O)CO)c1,8.64
A2A,CHEMBL3414936,CCn1nnc([C@H]2O[C@@H](n3cnc4c(N)ncnc43)[C@H](O)[C@@H]2O)n1,8.63
A2A,CHEMBL4439172,Cc1ccc(-c2nc(N)c3nc(-c4ccco4)sc3n2)o1,8.63
A2A,CHEMBL5887665,Cc1cc(-c2c(-c3ccc(F)cc3F)nc(N)n3cnnc23)cc(C(F)F)n1,8.63
A2A,CHEMBL270314,Cc1cc(C)n(-c2cc(NC(=O)CCN3CC[C@H](N(C)C)C3)nc(-c3ccc(C)o3)n2)n1,8.62
A2A,CHEMBL520782,Cc1ccc2cc(CCn3ncc4c3nc(N)n3nc(-c5ccco5)nc43)ccc2n1,8.62
A2A,CHEMBL2377103,Nc1nc(-c2cnccn2)nc2sc(Cc3ccccc3)cc12,8.62
A2A,CHEMBL4065326,COc1ccc(N2CCOCC2)c2sc(NC(=O)C(C)(C)Oc3ccc(F)c(F)c3)nc12,8.62
A2A,CHEMBL4447993,Nc1nc(-c2ccc(OCCNC(=O)CCCCC3CCSS3)cc2)cn2c(=O)n(-c3ccccc3)nc12,8.62
A2A,CHEMBL4447113,COc1ccc(-c2cn3c(=O)n(-c4ccccc4)nc3c(N)n2)c(OC)c1,8.62
A2A,CHEMBL4742132,COc1ccc(N2CCOCC2)c2sc(NC(=O)N3CC=CCC3)nc12,8.62
A2A,CHEMBL5087228,CCN(CCc1ccc(C(=O)NO)cc1)c1nc(N)n2nc(-c3ccco3)nc2n1,8.62
A2A,CHEMBL5811766,COc1cccc2c1nc(N)n1nc([C@H]3CNCC(F)(F)C3)nc21,8.62
A2A,CHEMBL5917446,COc1cccc2c1nc(N)n1nc([C@@H]3CCC(F)(F)CN3)nc21,8.62
A2A,CHEMBL6058216,Cn1cc(-c2nc(CNC(=O)c3c(F)cccc3F)c(N)nc2-c2ccc(F)cc2)ccc1=O,8.62
A2A,CHEMBL5878949,Cc1cnc2ccc(-c3nc(C(=O)NCc4ncccc4F)c(N)nc3-c3ncco3)cn12,8.62
A2A,CHEMBL5802809,Cc1cc(-c2nnc(N)nc2-c2ccccc2)cc(C(F)F)n1,8.62
A2A,CHEMBL5947305,Cc1ccn(-c2nc(N)c(C#N)nc2-c2cc(Cl)c3ncccc3c2)n1,8.62
A2A,CHEMBL5892943,C[C@H](Cc1nc2c3ccc4c(c3nc(N)n2n1)OC(F)(F)O4)N1CCc2nc(C3CC3)oc2C1,8.62
A2A,CHEMBL1316674,CCCCn1c(=O)c2[nH]c(C34CC5CC(CC3C5)C4)nc2n(CCCO)c1=O,8.61
A2A,CHEMBL5835483,Cc1cc(-c2c(-c3ccccc3)nc(N)n3cc(C)nc23)cc(C)n1,8.61
A2A,CHEMBL344706,CCCn1cc2c(nc(N)n3nc(-c4ccco4)nc23)n1,8.6
A2A,CHEMBL409229,CCN[C@H]1CCN(CC(=O)Nc2cc(-n3nc(C)cc3C)nc(-c3ccc(C)o3)n2)C1,8.6
A2A,CHEMBL461008,Nc1cccc(Cn2nnc3c(-c4ccco4)nc(N)nc32)c1,8.6
A2A,CHEMBL469673,COc1ccc2c(c1)CCN(CCn1ncc3c1nc(N)n1nc(-c4ccco4)nc31)C2,8.6
A2A,CHEMBL480756,COCCOc1ccc(N2CCN(CCN(C)c3cc4nc(-c5ccco5)nn4c(N)n3)CC2)cc1,8.6
A2A,CHEMBL609578,Cc1cccc(CNC(=O)c2cc(-c3ccc(C)o3)nc(N)n2)n1,8.6
A2A,CHEMBL594136,Cc1ccc(-c2cc(C(=O)NCc3cccn3C)nc(N)n2)o1,8.6
A2A,CHEMBL1087709,Nc1nc(-c2ccccc2)c2c(n1)-c1c(CN3CCCC3)cccc1C2=O,8.6
A2A,CHEMBL1270115,COCCCn1c(NC(=O)c2cccc(C#N)c2)nc2ccc(C(=O)N(C)C(C)C)nc21,8.6
A2A,CHEMBL3703595,OC1CS[C@@H](n2cnc3c(NCc4cccc(I)c4)ncnc32)[C@H]1O,8.6
A2A,CHEMBL4460201,Cc1cc(-c2cn3c(=O)n(-c4ccccc4)nc3c(N)n2)cc(C)c1O,8.6
A2A,CHEMBL5767603,COC(=O)c1ccccc1CNC(=O)c1nc(N)nc2c(F)cccc12,8.6
A2A,CHEMBL5791055,COc1cccc2c(C(=O)NCc3cccc(Cc4ccccc4)n3)nc(N)nc12,8.6
A2A,CHEMBL6052036,[2H]C([2H])(NC(=O)c1nc(N)nc2c(OC)cccc12)c1cccc(C([2H])([2H])c2cncc(N3CCOCC3)c2)n1,8.6
A2A,CHEMBL5821027,Nc1nc2c3c(ccc2c2nc(CCN4CC(F)C4)nn12)OC(F)(F)O3,8.6
A2A,CHEMBL5798388,Nc1nc2c3c(ccc2c2nc(Cn4cccn4)nn12)OC(F)(F)O3,8.6
A2A,CHEMBL5904905,C[C@@H](NC(=O)c1nc(-c2ccc3cccnc3c2)c(-c2ccccc2)nc1N)c1ccccn1,8.6
A2A,CHEMBL560904,Nc1nc(C(=O)NCc2ccccc2Cl)cc(-c2ccco2)n1,8.59
A2A,CHEMBL553449,Cc1cccc(CNC(=O)c2cc(-c3ccco3)nc(N)n2)c1,8.59
A2A,CHEMBL2024119,Cc1cc(-c2nnc(N)nc2-c2ccccc2)cc(C(F)(F)F)n1,8.59
A2A,CHEMBL4103179,COc1ccc(N2CCOCC2)c2sc(NC(=O)C(C)(C)Oc3ccc(F)cc3F)nc12,8.59
A2A,CHEMBL5928245,COc1cccc2c(C(=O)NCc3ncccc3C(F)(F)F)nc(N)nc12,8.59
A2A,CHEMBL5756422,COc1cccc2c(C(=O)N[C@@H](CO)c3ccccc3)nc(N)nc12,8.59
A2A,CHEMBL6041892,Cn1cnc2ccc(-c3c(-c4ncco4)nc(N)n4nc(Cc5c(F)cccc5F)nc34)cc21,8.59
A2A,CHEMBL5857008,Cc1cnc2ccc(-c3c(N4CCOCC4)nc(N)n4nc(Cc5ncccc5F)nc34)cn12,8.59
A2A,CHEMBL6003783,Nc1nc(-c2ncco2)c(-c2ccc3[nH]cnc3c2)nc1C(=O)NCc1ncccc1F,8.59
A2A,CHEMBL5935519,Nc1nc2c3c(ccc2c2nc(CCN4CCC(F)(F)CC4)nn12)OC(F)(F)O3,8.59
A2A,CHEMBL5951384,Cc1nc2c(s1)CN([C@H](C)Cc1nc3c4ccc5c(c4nc(N)n3n1)OC(F)(F)O5)CC2,8.59
A2A,CHEMBL6012073,CC(C)n1cc(-c2cc3c(=O)cc[nH]c3nc2-c2ccccc2)ccc1=O,8.59
A2A,CHEMBL5754606,Cc1cc(-c2c(-c3ccccc3F)nc(N)n3cnnc23)cc(CF)n1,8.59
A2A,CHEMBL5918530,COc1ccc(CNc2nc3c(OC)cc(F)cc3c3nc([C@@H]4C[C@H](F)CN(c5cnn(CC(C)(C)O)c5)C4)nn23)c(OC)c1,8.59
A2A,CHEMBL5765291,COc1cc2nc(N)n3nc([C@H]4CCCN(c5cnn(C(C)(C)C(C)O)c5)C4)nc3c2cc1F,8.59
A2A,CHEMBL2419145,N#Cc1sc(=S)n(CCc2ccccc2)c1/N=C/c1ccc(F)cc1,8.58
A2A,CHEMBL69794,COc1ccc(CCCn2ncc3c2nc(N)n2nc(-c4ccco4)nc32)cc1OC,8.57
A2A,CHEMBL251975,CN1CCN(CC(=O)Nc2cc(-n3cccn3)nc(-c3ccco3)n2)CC1,8.57
A2A,CHEMBL517278,Nc1nc(-c2ccco2)c2nnn(Cc3ccccc3F)c2n1,8.57
A2A,CHEMBL481956,CCc1ccc2cc(CCn3ncc4c3nc(N)n3nc(-c5ccco5)nc43)ccc2n1,8.57
A2A,CHEMBL508786,COC[C@H]1CCCN1c1cc(NC(C)=O)nc(-c2ccc(C)o2)n1,8.57
A2A,CHEMBL592541,CCC(=O)N[C@H]1C[C@@H](n2cnc3c(NC(CC)CC)nc(NCCc4cn(CC)cn4)nc32)[C@H](O)[C@@H]1O,8.57
A2A,CHEMBL1096134,CN1CCN(c2ccc3c(c2)-c2nc(N)nc(-c4ccccc4)c2C3=O)CC1,8.57
A2A,CHEMBL3763514,Nc1nc(C(=O)NCc2cccc3cc(C(=O)N4CCN(c5ccccn5)CC4)cnc23)c2cccc(F)c2n1,8.57
A2A,CHEMBL5773023,COc1cccc2c1nc(N)n1nc([C@@H]3CCCN(C(=O)c4cccs4)C3)nc21,8.57
A2A,CHEMBL6046888,Cc1cnc2ccc(-c3nc(C(=O)NC(C)C)c(N)nc3-c3ncco3)cn12,8.57
A2A,CHEMBL5840070,Nc1nc2c3c(ccc2c2nc(CCn4cccn4)nn12)OC(F)(F)O3,8.57
A2A,CHEMBL5941762,Nc1nc2c3c(ccc2c2nc(CN4Cc5ccc(F)cc5C4)nn12)OC(F)(F)O3,8.57
A2A,CHEMBL6054882,Nc1nc2c3c(ccc2c2nc(CC(CO)CO)nn12)OC(F)(F)O3,8.57
A2A,CHEMBL5951434,COc1cc2nc(N)n3nc([C@@H]4CCCN(c5cnn(C6CCC[C@@]6(C)O)c5)C4)nc3c2cc1F,8.57
A2A,CHEMBL573327,CC(C)CCn1cc2c(nc(NC(=O)Cc3ccc(Cl)cc3)n3nc(-c4ccco4)nc23)n1,8.56
A2A,CHEMBL342059,Cn1cc2c(nc(N)n3nc(-c4ccco4)nc23)n1,8.55
A2A,CHEMBL372475,Nc1nc(-c2ccco2)c2ncn(Cc3ccc(C(F)(F)F)cc3F)c2n1,8.55
A2A,CHEMBL260718,OC[C@@H]1CCCN1c1nc(-c2nccs2)c2sccc2n1,8.55
A2A,CHEMBL480177,COCCOCc1ccc2cc(CCn3ncc4c3nc(N)n3nc(-c5ccco5)nc43)ccc2n1,8.55
A2A,CHEMBL481737,COc1ccc(CCOc2cc3nc(-c4ccco4)nn3c(N)n2)cc1,8.55
A2A,CHEMBL480556,COCCOc1ccc(N2CCN(CCOc3cc4nc(-c5ccco5)nn4c(N)n3)CC2)cc1,8.55
A2A,CHEMBL594676,Cc1cccnc1CNC(=O)c1cc(-c2ccco2)nc(N)n1,8.55
A2A,CHEMBL4746388,COc1ccc(N2CCOCC2)c2sc(NC(=O)N3CCC(O)(CF)CC3)nc12,8.55
A2A,CHEMBL5089891,Nc1cc(F)ccc1NC(=O)c1ccc(CCn2ncc3c2nc(N)n2nc(-c4ccco4)nc32)cc1,8.55
A2A,CHEMBL5208426,CC(C)CNC(=O)c1cn2c(nc3ccccc32)c(N)n1,8.55
A2A,CHEMBL5956015,Cn1cc(-c2c(-c3ccc(F)cc3)nc(N)n3nc(Cc4ncccc4OC(F)F)nc23)ccc1=O,8.55
A2A,CHEMBL6002145,Nc1nc2c3c(ccc2c2nc(CN4CC(O)(C(F)(F)F)C4)nn12)OC(F)(F)O3,8.55
A2A,CHEMBL5869244,COc1cc(F)cc2c1nc(N)n1nc([C@@H]3CCCN(c4cnn(CC(C)(C)O)c4)C3)nc21,8.55
A2A,CHEMBL399529,Nc1cc(-n2cccn2)nc(-c2ccco2)n1,8.54
A2A,CHEMBL409459,Cc1cc(C)n(-c2cc(NC(=O)CN3CCC(CN(C)C)CC3)nc(-c3ccc(C)o3)n2)n1,8.54
A2A,CHEMBL486130,CC(=O)Nc1cc(-c2cncc(O)c2)nc(-n2nc(C)cc2C)n1,8.54
A2A,CHEMBL1095822,Nc1nc(-c2ccccc2)c2c(n1)-c1cc(N3CCOCC3)ccc1C2=O,8.54
A2A,CHEMBL2377109,COc1ccccc1Cc1cc2c(N)nc(-c3ccc(C)o3)nc2s1,8.54
A2A,CHEMBL2377110,Cc1ccc(-c2nc(N)c3cc(Cc4ccccc4Cl)sc3n2)o1,8.54
A2A,CHEMBL4064795,CCOc1ccc(-c2cn3c(=O)n(-c4ccccc4)nc3c(N)n2)cc1,8.54
A2A,CHEMBL4078479,CCn1nnc([C@H]2O[C@@H](n3cnc4c(NCc5cccc(I)c5)ncnc43)[C@H](O)[C@@H]2O)n1,8.54
A2A,CHEMBL5201253,Nc1nc(C(=O)NCc2cccc3cccnc23)cn2c1nc1ccccc12,8.54
A2A,CHEMBL5867035,COc1cccc2c(C(=O)NCc3ncc(F)cc3F)nc(N)nc12,8.54
A2A,CHEMBL5836132,Cc1cnc2ccc(-c3nc(C(=O)NCC4CCCN4C)c(N)nc3-c3ncco3)cn12,8.54
A2A,CHEMBL5751165,Nc1nc2c3c(ccc2c2nc(Cc4cccnc4Cl)nn12)OC(F)(F)O3,8.54
A2A,CHEMBL5820242,CC1(C)CN(Cc2nc3c4ccc5c(c4nc(N)n3n2)OC(F)(F)O5)C1,8.54
A2A,CHEMBL5921159,Nc1nc2c3c(ccc2c2nc([C@@H]4CCCN(c5cncnc5)C4)nn12)OC(F)(F)O3,8.54
A2A,CHEMBL5975339,C[C@H](NC(=O)c1nc(-c2ccc3ncccc3c2)c(-c2ccn(C)n2)nc1N)c1ccccn1,8.54
A2A,CHEMBL5766365,COc1cc(F)cc2c1nc(N)n1nc([C@@H]3CC[C@@H](C)N(c4cn(CC(C)(C)O)nc4C)C3)nc21,8.54
A2A,CHEMBL112631,CN(C)C(=O)CN(C)C(=O)c1cc(N)n2nc(-c3ccc(Br)o3)nc2c1,8.52
A2A,CHEMBL323945,CC1CCCN(C(=O)c2cc(N)n3nc(-c4ccc(Br)o4)nc3c2)C1,8.52
A2A,CHEMBL110069,CCN(CC)C(=O)c1cc(N)n2nc(-c3ccc(Br)o3)nc2c1,8.52
A2A,CHEMBL371615,Nc1nc(-c2ccco2)c2ncn(Cc3c(F)cccc3F)c2n1,8.52
A2A,CHEMBL401865,COc1ccc(CC(=O)Nc2cc(-n3nc(C)cc3C)nc(-c3ccc(C)o3)n2)cc1C,8.52
A2A,CHEMBL270880,COc1ccc(CC(=O)Nc2cc(-n3nc(C)cc3C)nc(-c3ccc(C)o3)n2)cc1F,8.52
A2A,CHEMBL429420,Cc1cc(C)cc(CC(=O)Nc2cc(-n3nc(C)cc3C)nc(-c3ccccn3)n2)c1,8.52
A2A,CHEMBL402172,Cc1cccc(Cn2ncc3c(-c4ccco4)nc(N)nc32)c1,8.52
A2A,CHEMBL259418,Nc1nc(-c2ccco2)c2cnn(Cc3ccccc3)c2n1,8.52
A2A,CHEMBL461651,Cc1cccc(Cn2nnc3c(-c4ccco4)nc(N)nc32)c1,8.52
A2A,CHEMBL516611,Cc1ccccc1Cn1nnc2c(-c3ccco3)nc(N)nc21,8.52
A2A,CHEMBL469962,COc1c(F)cccc1-c1cc(NC(C)=O)nc(-n2nc(C)cc2C)n1,8.52
A2A,CHEMBL471853,CCN1CCC(Oc2cccc(-c3cc(NC(C)=O)nc(-n4nc(C)cc4C)n3)c2)C1,8.52
A2A,CHEMBL472063,CC(=O)Nc1cc(-c2cccc(OC3CCN(C(C)C)C3)c2)nc(-n2nc(C)cc2C)n1,8.52
A2A,CHEMBL521029,CC(=O)Nc1cc(-c2cncc(N3CCOCC3)c2)nc(-n2nc(C)cc2C)n1,8.52
A2A,CHEMBL482161,CCN(CCc1ccc(F)cc1)c1cc2nc(-c3ccco3)nn2c(N)n1,8.52
A2A,CHEMBL608102,Cc1ccc(-c2cc(C(=O)NCc3ncccc3C)nc(N)n2)o1,8.52
A2A,CHEMBL610738,Cc1ccc(C)c(CNC(=O)c2cc(-c3ccc(C)o3)nc(N)n2)n1,8.52
A2A,CHEMBL611020,Cc1ccc(-c2cc(C(=O)NCc3ccc(C)c(C)n3)nc(N)n2)o1,8.52
A2A,CHEMBL1088236,Nc1nc(-c2ccccc2)c2c(n1)-c1cc(CNN3CCCCC3)ccc1C2=O,8.52
A2A,CHEMBL1171718,COc1ccc(N(CC(C)C)C(C)=O)c2sc(NC(=O)c3ccc(F)cc3)nc12,8.52
A2A,CHEMBL1171164,CCN(C(C)=O)c1ccc(OC)c2nc(NC(=O)c3cnn(Cc4cccc(C(F)(F)F)c4)c3)sc12,8.52
A2A,CHEMBL1171165,CCN(C(C)=O)c1ccc(OC)c2nc(NC(=O)c3cnn(Cc4cccc(F)c4)c3)sc12,8.52
A2A,CHEMBL3235280,CCN(CC)CCN1CCN(C(=O)CCc2cccc(CSc3nc(N)c(C#N)c(-c4ccc(NC(C)=O)cc4)n3)n2)CC1,8.52
A2A,CHEMBL3260730,COC[C@H]1CCCN1C(=O)c1ccc2c(-c3cnc4ccc(C#N)cn34)nn(C)c2c1,8.52
A2A,CHEMBL3764434,Nc1nc(C(=O)NCc2cccc3cccnc23)c2cccc(Cl)c2n1,8.52
A2A,CHEMBL3764486,Nc1nc(C(=O)NCc2cccc3c2NCCC3)c2cccc(F)c2n1,8.52
A2A,CHEMBL3920917,COc1cccnc1CNC(=O)c1nc(N)nc2c(OC)cccc12,8.52
A2A,CHEMBL3677915,Cn1nc(-c2cnc3ccc(F)cn23)c2ccc(C(=O)N3CCCCCCC3)cc21,8.52
A2A,CHEMBL4466609,Nc1nc(-c2ccccc2)nc2sc(-c3ccco3)nc12,8.52
A2A,CHEMBL4634105,CCOC(=O)C1=C(C)Nc2nc3ccccc3n2C1c1nccs1,8.52
A2A,CHEMBL6016470,COc1cccc2c1nc(N)n1nc([C@@H]3CCCN(CC4(C)COC4)C3)nc21,8.52
A2A,CHEMBL5892683,COc1cccc2c1nc(N)n1nc([C@H]3CN(C4CCC(F)(F)CC4)CCO3)nc21,8.52
A2A,CHEMBL6063197,Nc1nc(-c2ncco2)c(-c2ccc3nccn3c2)c2nc(Cc3ncccc3F)nn12,8.52
A2A,CHEMBL5865636,Cc1cc(-c2nnc(N)nc2-c2ccccc2)cc(N2CCC2)n1,8.52
A2A,CHEMBL5861429,Nc1nc2c3c(ccc2c2nc(CCN4CC(F)(F)C4)nn12)OC(F)(F)O3,8.52
A2A,CHEMBL5846259,C[C@H]1CC(F)(F)CN1CCc1nc2c3ccc4c(c3nc(N)n2n1)OC(F)(F)O4,8.52
A2A,CHEMBL5837155,Nc1nc2c3c(ccc2c2nc(CCN4CC5CC5C4)nn12)OC(F)(F)O3,8.52
A2A,CHEMBL6050610,Nc1nc2c3c(ccc2c2nc(CCN4CC5CC4C(F)(F)C5)nn12)OC(F)(F)O3,8.52
A2A,CHEMBL5879357,Cc1cc(-c2c(-c3ccc(Cl)cc3F)nc(N)n3cnnc23)cc(C(F)F)n1,8.52
A2A,CHEMBL5977444,COc1cc2nc(N)n3nc([C@@H]4CCCN(c5cnn([C@H]6C[C@@](C)(O)C6)c5)C4)nc3c2cc1F,8.52
A2A,CHEMBL2094083,CCNC(=O)[C@H]1O[C@@H](n2cnc3c(N)nc(C#CC(O)c4ccccc4)nc32)[C@H](O)[C@@H]1O,8.51
A2A,CHEMBL22113,COc1ccc(NC(=O)Nc2nc3nn(C)c(SC)c3c3nc(-c4ccco4)nn23)cc1,8.51
A2A,CHEMBL186403,CCn1nnc([C@H]2O[C@@H](n3cnc4c(N)nc(N[C@H](CO)Cc5ccc([N+](=O)[O-])cc5)nc43)[C@H](O)[C@@H]2O)n1,8.51
A2A,CHEMBL195503,Nc1nc(-c2ccco2)c2ncn(Cc3ccccc3CS(=O)(=O)c3ccccc3)c2n1,8.51
A2A,CHEMBL406049,CC(C)(C)c1nc(-c2nccs2)c2sccc2n1,8.51
A2A,CHEMBL519383,COCCOc1cncc(-c2cc(NC(C)=O)nc(-n3nc(C)cc3C)n2)c1,8.51
A2A,CHEMBL470089,COCCOc1cnc2c(c1)CN(CCn1ncc3c1nc(N)n1nc(-c4ccco4)nc31)CC2,8.51
A2A,CHEMBL1095811,Nc1nc(-c2ccccc2)c2c(n1)-c1cc(NCCN3CCS(=O)(=O)CC3)ccc1C2=O,8.51
A2A,CHEMBL1269901,CCN(CC)C(=O)c1ccc2nc(NC(=O)c3cccc(C#N)c3)n(CCCOC)c2c1,8.51
A2A,CHEMBL2030687,CCCc1cc2c(=O)c(-c3nc(C)cs3)coc2cc1OC(C)=O,8.51
A2A,CHEMBL2165806,Nc1nc(-c2ccccc2)c2c(n1)-c1cc(CN3C4CCC3CC4)ccc1C2=O,8.51
A2A,CHEMBL3764070,Nc1nc(C(=O)NCc2cccc3cccnc23)c2cccc(I)c2n1,8.51
A2A,CHEMBL3764687,CCn1cnc2c(CNC(=O)c3nc(N)nc4c(F)cccc34)cccc21,8.51
A2A,CHEMBL4212260,Cn1c(=O)n(CCN2CCN(c3ccc(C(F)(F)F)cc3)CC2)c2nc(N)n3nc(-c4ccco4)nc3c21,8.51
A2A,CHEMBL5177737,Nc1nc(C(=O)NCCc2cccnc2)cn2c1nc1ccccc12,8.51
A2A,CHEMBL5935139,COCCN1CCC[C@@H](c2nc3c4cccc(OC)c4nc(N)n3n2)C1,8.51
A2A,CHEMBL5897259,Cn1cc(-c2nc(C(=O)NCc3ncccc3F)c(N)nc2-c2ncco2)ccc1=O,8.51
A2A,CHEMBL6019989,Nc1cccc(CNC(=O)c2nc(-c3ccc4nccn4c3)c(-c3ncco3)nc2N)n1,8.51
A2A,CHEMBL5818042,Cc1cnc2ccc(-c3nc(C(=O)NC[C@@H]4CCCO4)c(N)nc3-c3ncco3)cn12,8.51
A2A,CHEMBL5848895,Nc1nc2c3c(ccc2c2nc(CCN4Cc5ccc(C(F)(F)F)cc5C4)nn12)OC(F)(F)O3,8.51
A2A,CHEMBL6032927,Nc1nc(-c2ccccc2)c(-c2ccc3ncccc3c2)nc1C(=O)NC(O)c1ccccn1,8.51
A2A,CHEMBL5810365,N#Cc1cccc(-c2nc(N)cnc2-c2cc(Cl)c3ncccc3c2)c1F,8.51
A2A,CHEMBL572601,CCCCn1cc2c(nc(NC(=O)Cc3ccsc3)n3nc(-c4ccco4)nc23)n1,8.5
A2A,CHEMBL2024118,Cc1cc(-c2nnc(N)nc2-c2cccc(F)c2)cc(C)n1,8.5
A2A,CHEMBL3121731,Cn1c(=O)c2[nH]c(Cc3ccc(OCCCn4ccnc4)cc3)nc2n(C)c1=O,8.5
A2A,CHEMBL3335524,CCNC(=O)[C@H]1O[C@@H](n2cnc3c(N)nc(NCCc4ccc(CCC(=O)Nc5ccc(OC(=O)CCCCN=[N+]=[N-])c([N+](=O)[O-])c5)cc4)nc32)[C@H](O)[C@@H]1O,8.5
A2A,CHEMBL5959365,COC[C@H](C)NC(=O)c1nc(-c2ccc3ncc(C)n3c2)c(-c2ncco2)nc1N,8.5
A2A,CHEMBL469674,COc1ccc2c(c1)CN(CCn1ncc3c1nc(N)n1nc(-c4ccco4)nc31)CC2,8.49
A2A,CHEMBL5969349,COc1cccc2c(C(=O)NCc3cccc(CSc4ccc(F)cc4)n3)nc(N)nc12,8.49
A2A,CHEMBL5806464,COc1cccc2c1nc(N)n1nc([C@@H]3CCCN(c4ncns4)C3)nc21,8.49
A2A,CHEMBL6031624,Cc1nc(Cc2nc3c(-c4ccc5nccn5c4)c(-c4ccc(F)cc4)nc(N)n3n2)cs1,8.49
A2A,CHEMBL5865101,Cc1cnc2ccc(-c3c(N4CCO[C@@H](C)C4)nc(N)n4nc(Cc5ncccc5F)nc34)cn12,8.49
A2A,CHEMBL5929797,Cn1cc(-c2nc(C(=O)NCc3c(F)cccc3F)c(N)nc2-n2nccn2)ccc1=O,8.49
A2A,CHEMBL5751961,CC1(F)CN(CCc2nc3c4ccc5c(c4nc(N)n3n2)OC(F)(F)O5)C1,8.49
A2A,CHEMBL5906623,CC(O)C(C)(C)n1cc(N2CCC[C@@H](c3nc4c5cc(F)cc(F)c5nc(N)n4n3)C2)cn1,8.49
A2A,CHEMBL307748,Nc1nc2c(cnn2CCCc2ccc3c(c2)OCO3)c2nc(-c3ccco3)nn12,8.48
A2A,CHEMBL196258,CCCCCc1nc(N)c2nc(-n3nccn3)n(C)c2n1,8.48
A2A,CHEMBL260719,c1csc(-c2nc(C3CC3)nc3ccsc23)n1,8.48
A2A,CHEMBL512892,Nc1nc2c(cnn2CCN2CCc3ccc(Cl)cc3CC2)c2nc(-c3ccco3)nn12,8.48
A2A,CHEMBL1087462,Nc1nc(-c2ccccc2)c2c(n1)-c1c(CN3CCOCC3)cccc1C2=O,8.48
A2A,CHEMBL3314876,CCOC(=O)c1cnc(N)n2nc(-c3ccco3)nc12,8.48
A2A,CHEMBL4782266,Cc1cccnc1CNC(=O)c1cnc(-c2ccco2)nc1N,8.48
A2A,CHEMBL4297184,Cc1ccc(-c2nc(N)nc3c2nnn3Cc2cccc(CO[C@H]3CCOC3)n2)o1,8.48
A2A,CHEMBL5077916,Nc1ccccc1NC(=O)c1ccc(CCCn2ncc3c2nc(N)n2nc(-c4ccco4)nc32)cc1,8.48
A2A,CHEMBL5197159,Nc1nc(C(=O)NCCc2ccncc2)cn2c1nc1ccccc12,8.48
A2A,CHEMBL5796194,COc1cccc2c(C(=O)NCc3cccc(-c4cccc(O)c4)n3)nc(N)nc12,8.48
A2A,CHEMBL5811898,Nc1nc(-c2ncco2)c(-c2ccc(=O)n(CCO)c2)nc1C(=O)NCc1c(F)cccc1F,8.48
A2A,CHEMBL5852840,Cc1ccn(-c2nc(N)c(C#N)nc2-c2ccc3ncccc3c2)n1,8.48
A2A,CHEMBL5821050,COc1cc2nc(N)n3nc([C@@H]4CCCN(c5cnn(CC(F)(F)F)c5)C4)nc3c2cc1F,8.48
A2A,CHEMBL6024507,COc1cc2nc(N)n3nc(C4CC(F)CN(c5cnn(CC6(O)CCC6)c5)C4)nc3c2cc1F,8.48
A2A,CHEMBL4080594,COc1cnc(N2CCOCC2)c2sc(NC(=O)C(C)(C)Oc3ccc(F)cc3)nc12,8.47
A2A,CHEMBL4559969,Nc1nc(-c2ccco2)nc2sc(-c3ccco3)nc12,8.47
A2A,CHEMBL5931362,Cn1cc(-c2c(-c3ccc(C(F)F)cc3)nc(N)n3nc(Cc4ncccc4F)nc23)ccc1=O,8.47
A2A,CHEMBL5965388,Cc1ccc(-c2nc(N)nc3c2C(=O)N(C)C3=Cc2ccc(F)cc2C(F)(F)F)o1,8.47
A2A,CHEMBL5895541,Nc1nc2c3c(ccc2c2nc(CCN4CC(F)(C(F)(F)F)C4)nn12)OC(F)(F)O3,8.47
A2A,CHEMBL6026137,Nc1nc2c3c(ccc2c2nc(CN4CCN(c5ccc(F)cn5)CC45CC5)nn12)OC(F)(F)O3,8.47
A2A,CHEMBL5996043,C[C@H](NC(=O)c1nc(-c2ccc3cccnc3c2)c(-c2ccccc2)nc1N)c1ccccn1,8.47
A2A,CHEMBL6000695,COc1cc2nc(N)n3nc([C@@H]4CCCN(c5cnn(C(C)C(C)O)c5C)C4)nc3c2cc1F,8.47
A2A,CHEMBL516800,Nc1ccc(Cn2nnc3c(-c4ccco4)nc(N)nc32)c(F)c1,8.46
A2A,CHEMBL557084,Nc1nc(C(=O)NCc2ccccc2F)cc(-c2ccco2)n1,8.46
A2A,CHEMBL556083,COc1ccccc1CNC(=O)c1cc(-c2ccco2)nc(N)n1,8.46
A2A,CHEMBL603748,CCn1ccnc1CNC(=O)c1cc(-c2ccc(C)o2)nc(N)n1,8.46
A2A,CHEMBL2030679,Cc1ccsc1/C=C/c1nc(N)nc(-c2ccccc2O)n1,8.46
A2A,CHEMBL4068548,Nc1nc(-c2cccc(O)c2)cn2c(=O)n(-c3ccccc3)nc12,8.46
A2A,CHEMBL4482881,COc1cc(-c2cn3c(=O)n(-c4ccccc4)nc3c(N)n2)cc(OC)c1OC,8.46
A2A,CHEMBL5169483,Nc1nc(C(=O)NCC(F)F)cn2c1nc1ccccc12,8.46
A2A,CHEMBL6062538,Nc1nc(-n2nccn2)c(-c2ccc3nccn3c2)c2nc(Cc3ncccc3F)nn12,8.46
A2A,CHEMBL5811331,COC1CN(c2nc(N)n3nc(Cc4c(F)cccc4F)nc3c2-c2ccc3ncc(C)n3c2)C1,8.46
A2A,CHEMBL5921852,Cc1scnc1CNC(=O)c1nc(-c2ccc(=O)n(C)c2)c(-c2ncco2)nc1N,8.46
A2A,CHEMBL5851524,CNc1cccc(CNC(=O)c2nc(-c3ccc(=O)n(C)c3)c(-c3ncco3)nc2N)n1,8.46
A2A,CHEMBL5780380,CCC1(F)CN(CCc2nc3c4ccc5c(c4nc(N)n3n2)OC(F)(F)O5)C1,8.46
A2A,CHEMBL5866893,Nc1nc2c3c(ccc2c2nc(CN4CCN(c5ccc(F)cc5)CC45CC5)nn12)OC(F)(F)O3,8.46
A2A,CHEMBL6022827,CC(C)n1cc(-c2cc3c(=O)cc[nH]c3nc2-c2ccccc2)cc(Cl)c1=O,8.46
A2A,CHEMBL5750814,CC(NC(=O)c1nc(-c2cc(Cl)c3ncccc3c2)c(-c2ccccc2)nc1N)c1cccc(C#N)n1,8.46
A2A,CHEMBL5743283,Cc1cc(-c2c(-c3ccc(Cl)cc3)nc(N)n3cnnc23)cc(Cl)n1,8.46
A2A,CHEMBL5929331,COc1cc2nc(N)n3nc([C@@H]4CCCN(c5cnn(CC6(O)CCC6)c5)C4)nc3c2cc1F,8.46
A2A,CHEMBL1093271,CCn1c(=S)sc2c1ncn1nc(-c3ccco3)nc21,8.45
A2A,CHEMBL3752431,Nc1nc(NC2CCCCC2)nc2nc(-c3ccco3)nn12,8.45
A2A,CHEMBL5176476,COCCNC(=O)c1cn2c(nc3ccccc32)c(N)n1,8.45
A2A,CHEMBL6012212,Cc1cc(-c2c(-c3ccc(Cl)cc3F)nc(N)n3cnnc23)cc(Cl)n1,8.45
A2A,CHEMBL129903,NCCNC(=O)[C@H]1O[C@@H](n2cnc3c(N)ncnc32)[C@H](O)[C@@H]1O,8.44
A2A,CHEMBL118164,Nc1ccc(-n2nc3c(N)nc4ccccc4n3c2=O)cc1,8.44
A2A,CHEMBL255699,O=C(COc1cccc(F)c1)Nc1cc(-c2nccs2)nc(-c2ccccn2)n1,8.44
A2A,CHEMBL261177,CC(=O)N1CCN(CC(=O)Nc2cc(-n3nc(C)cc3C)nc(-c3ccc(C)o3)n2)CC1,8.44
A2A,CHEMBL406048,OC[C@H]1CCCN1c1nc(-c2nccs2)c2sccc2n1,8.44
A2A,CHEMBL1087710,Nc1nc(-c2ccc(F)cc2)c2c(n1)-c1c(CN3CCCC3)cccc1C2=O,8.44
A2A,CHEMBL1935752,Cn1ncc2nc(N)n3nc(-c4ccco4)nc3c21,8.44
A2A,CHEMBL3764260,Nc1nc(C(=O)NCc2cccc3cccnc23)c2cc(F)c(F)cc2n1,8.44
A2A,CHEMBL3799351,COc1ccccc1Cn1cc2nc(-c3ccc(C)o3)nc(N)c2n1,8.44
A2A,CHEMBL4648828,Nc1nc(-c2ccc(NC(=O)CCN3CCOCC3)cc2)cn2c(=O)n(-c3ccccc3)nc12,8.44
A2A,CHEMBL4753657,COc1ccc(N2CCOCC2)c2sc(NC(=O)N3CCC(CF)CC3)nc12,8.44
A2A,CHEMBL4784681,COc1ccc(N2CCOCC2)c2sc(NC(=O)N3CCC(F)(CO)CC3)nc12,8.44
A2A,CHEMBL5084704,CNc1nc(-c2ccccc2)c(C#N)c(-c2cc(OC)c(OC)c(OC)c2)n1,8.44
A2A,CHEMBL5791142,Nc1nc(C(=O)NCc2cccc(C(F)F)n2)c2cccc(F)c2n1,8.44
A2A,CHEMBL6030840,COc1cccc(-c2nc(N)n3nc(Cc4ncccc4F)nc3c2-c2ccc(=O)n(C)c2)c1,8.44
A2A,CHEMBL5915941,CC(C)n1cc(-c2c(-c3ncco3)nc(N)n3nc(Cc4ncccc4F)nc23)ccc1=O,8.44
A2A,CHEMBL5811414,Cc1ccc(-c2nc(N)nc3c2C(=O)N(C)C3=Cc2ccccc2OC(F)(F)F)o1,8.44
A2A,CHEMBL5843421,Nc1nc2c3c(ccc2c2nc(CCN4CCCC(C(F)(F)F)C4)nn12)OC(F)(F)O3,8.44
A2A,CHEMBL5805426,COc1cc(F)cc2c1nc(N)n1nc([C@@H]3CCCN(c4ccc(OC(F)F)nc4)C3)nc21,8.44
A2A,CHEMBL246468,COCCOc1ccc(N2CCN(CCn3cnc4c3nc(N)n3nc(-c5ccccc5)nc43)CC2)cc1,8.43
A2A,CHEMBL404864,Cc1cc(C)nc(OCC(=O)Nc2cc(-n3nc(C)cc3C)nc(-c3ccc(C)o3)n2)n1,8.43
A2A,CHEMBL255267,Cc1cc(C)n(-c2cc(NC(=O)COc3cccc(F)c3)nc(-c3ccc(C)o3)n2)n1,8.43
A2A,CHEMBL271606,Cc1cc(C)n(-c2cc(NC(=O)CN3CC[C@H](N(C)C)C3)nc(-c3ccc(C)o3)n2)n1,8.43
A2A,CHEMBL508451,Nc1nc(-c2ccco2)c2nnn(Cc3cccc([N+](=O)[O-])c3)c2n1,8.43
A2A,CHEMBL554623,Nc1nc(C(=O)NCc2cccc(Cl)c2)cc(-c2ccco2)n1,8.43
A2A,CHEMBL578005,CC(C)CCn1cc2c(nc(NC(=O)Cc3ccc(F)cc3)n3nc(-c4ccco4)nc23)n1,8.43
A2A,CHEMBL2377111,Cc1ccc(-c2nc(N)c3cc(Cc4ccccc4F)sc3n2)o1,8.43
A2A,CHEMBL3087715,CCn1c(-c2ccco2)nc2c(N)ncnc21,8.43
A2A,CHEMBL3703591,CNc1nc(Cl)nc2c1ncn2[C@@H]1SCC(O)[C@@H]1O,8.43
A2A,CHEMBL5079449,Nc1nc2c(cnn2CCN2CCC(c3ccc(C(=O)NO)cc3)CC2)c2nc(-c3ccco3)nn12,8.43
A2A,CHEMBL5181385,Nc1nc(-c2cccc(Cl)c2)cn2c(=O)n(-c3ccccc3)nc12,8.43
A2A,CHEMBL5804441,[2H]C([2H])(NC(=O)c1nc(N)nc2c(F)cccc12)c1cccc(Oc2ccc(OCCOC)cc2)n1,8.43
A2A,CHEMBL5854635,Nc1nc(-c2ccc(F)cc2)c(-c2ccc(=O)n(CCO)c2)c2nc(Cc3ncccc3F)nn12,8.43
A2A,CHEMBL5928407,Nc1nc(-c2ncco2)c(-c2ccc3nncn3c2)nc1C(=O)NCc1c(F)cccc1F,8.43
A2A,CHEMBL5981235,COCCOc1ccc(N2CCN(Cc3nc4c5ccc6c(c5nc(N)n4n3)OC(F)(F)O6)C3(CC3)C2)cc1,8.43
A2A,CHEMBL5892967,N#Cc1cccc(-c2nc(N)cnc2-c2cc(Cl)c3ncccc3c2)c1,8.43
A2A,CHEMBL5897825,CC(NC(=O)c1nc(-c2cc(Cl)c3[nH]ncc3c2)c(-c2ccn(C)n2)nc1N)c1cccc(C#N)n1,8.43
A2A,CHEMBL5919036,COc1cc2nc(N)n3nc([C@@H]4CCCN(c5cnn(CC(C)(C)O)c5)C4)nc3c2cc1F,8.43
A2A,CHEMBL418564,CN1CCN(S(=O)(=O)c2ccc(CCn3ncc4c3nc(N)n3nc(-c5ccco5)nc43)cc2)CC1,8.42
A2A,CHEMBL259038,CCN[C@@H]1CCN(CC(=O)Nc2cc(-n3nc(C)cc3C)nc(-c3ccc(C)o3)n2)C1,8.42
A2A,CHEMBL1087463,Nc1nc(-c2ccc(F)cc2)c2c(n1)-c1c(CN3CCOCC3)cccc1C2=O,8.42
A2A,CHEMBL260203,Nc1nc(OCCc2cccc3ccccc23)nc2c1ncn2[C@@H]1O[C@H](CO)[C@@H](O)[C@H]1O,8.42
A2A,CHEMBL3414937,CCn1nnc([C@H]2O[C@@H](n3cnc4c(N)nc(Cl)nc43)[C@H](O)[C@@H]2O)n1,8.42
A2A,CHEMBL3937413,Nc1nc(NCCN2CCC(c3ccccc3)CC2)nc2nc(-c3ccco3)nn12,8.42
A2A,CHEMBL4783617,COc1ccc(N2CCOCC2)c2sc(NC(=O)N3CCC(O)CC3)nc12,8.42
A2A,CHEMBL5949139,N#Cc1ccc(OCc2cccc(CNC(=O)c3nc(N)nc4c(F)cccc34)n2)cc1,8.42
A2A,CHEMBL5956581,CC(C)Oc1cccc(-c2cccc(CNC(=O)c3nc(N)nc4c(F)cccc34)n2)c1,8.42
A2A,CHEMBL5871022,COc1cccc2c1nc(N)n1nc([C@@H]3CCCN(Cc4cccnc4)C3)nc21,8.42
A2A,CHEMBL5817464,Cc1cc(-c2c(-c3ccc(F)cc3)nc(N)n3nc(Cc4ncccc4F)nc23)cn(C)c1=O,8.42
A2A,CHEMBL5992992,Nc1nc2c3c(ccc2c2nc(CCN4Cc5cnc(C(F)(F)F)nc5C4)nn12)OC(F)(F)O3,8.42
A2A,CHEMBL5988535,CC1=CCN(CCc2nc3c4ccc5c(c4nc(N)n3n2)OC(F)(F)O5)CC1,8.42
A2A,CHEMBL6028839,Cc1cc2n(n1)CCN([C@H](C)Cc1nc3c4ccc5c(c4nc(N)n3n1)OC(F)(F)O5)C2,8.42
A2A,CHEMBL5938716,C[C@H](NC(=O)c1nc(-c2ccc3ncccc3c2)c(-c2cccc(C#N)c2)nc1N)c1ccccn1,8.42
A2A,CHEMBL5889979,COc1cc2nc(N)n3nc([C@@H]4CCCN(c5cnn(C(C)(C)CO)c5)C4)nc3c2cc1F,8.42
A2A,CHEMBL251997,C[C@@]1(O)[C@H](O)[C@@H](CO)O[C@H]1n1cnc2c(NC3CCCC3)nc(Cl)nc21,8.41
A2A,CHEMBL517417,N#Cc1cccc(Cn2nnc3c(-c4ccco4)nc(N)nc32)c1,8.41
A2A,CHEMBL574975,CC(C)CCn1cc2c(nc(NC(=O)Cc3ccsc3)n3nc(-c4ccco4)nc23)n1,8.41
A2A,CHEMBL1935745,Nc1nc2cn(CCc3ccccc3)cc2c2nc(-c3ccco3)nn12,8.41
A2A,CHEMBL5090973,Nc1ccccc1NC(=O)c1ccc(CCNc2nc(N)n3nc(-c4ccco4)nc3n2)cc1,8.41
A2A,CHEMBL5079755,Nc1ccccc1NC(=O)c1ccc(CCCNc2nc(N)n3nc(-c4ccco4)nc3n2)cc1,8.41
A2A,CHEMBL5848745,CN(C)c1cccnc1CNC(=O)c1nc(-c2ccc(=O)n(C)c2)c(-c2ncco2)nc1N,8.41
A2A,CHEMBL6023556,Cc1cnc2ccc(-c3nc(C(=O)NC[C@@H]4CCOC4)c(N)nc3-c3ncco3)cn12,8.41
A2A,CHEMBL5786920,Nc1nc(-c2ccco2)c2c(n1)C(Cc1ccccc1OC(F)(F)F)OC2=O,8.41
A2A,CHEMBL6026845,Nc1nc2c3c(ccc2c2nc(CCN4CCCC(O)(C(F)(F)F)C4)nn12)OC(F)(F)O3,8.41
A2A,CHEMBL5785594,C[C@H](Cc1nc2c3ccc4c(c3nc(N)n2n1)OC(F)(F)O4)N1CCc2ccncc2C1,8.41
A2A,CHEMBL5837511,Nc1nc2c3c(ccc2c2nc(Cn4nc(C(F)(F)F)cc4C(F)(F)F)nn12)OC(F)(F)O3,8.41
A2A,CHEMBL6026851,C[C@H](NC(=O)c1nc(-c2ccc3ncccc3c2)c(-c2ccccc2)nc1N)c1cccc(C#N)n1,8.41
A2A,CHEMBL6009085,CC(NC(=O)c1nc(-c2ccc3ncccc3c2)c(-c2ccccc2)nc1N)c1ncccn1,8.41
A2A,CHEMBL5834415,CC(NC(=O)c1nc(-c2ccc3ncccc3c2)c(-c2ccn(C)n2)nc1N)c1cccc(C#N)n1,8.41
A2A,CHEMBL6034255,COc1ccc(N2CCC[C@@H](c3nc4c5cc(F)c(OC)cc5nc(N)n4n3)C2)cn1,8.41
A2A,CHEMBL110074,CC1CCCN1C(=O)c1cc(N)n2nc(-c3ccc(Br)o3)nc2c1,8.4
A2A,CHEMBL323621,CCN(CCc1ccccn1)C(=O)c1cc(N)n2nc(-c3ccc(Br)o3)nc2c1,8.4
A2A,CHEMBL442338,CCOC(=O)c1ccc(CCCn2ncc3c2nc(N)n2nc(-c4ccco4)nc32)cc1,8.4
A2A,CHEMBL428072,COc1ccc(CC(=O)Nc2cc(-n3nc(C)cc3C)nc(-c3ccc(C)o3)n2)cc1,8.4
A2A,CHEMBL270355,Cc1cc(C)n(-c2cc(NC(=O)CN3CC[C@@H](N(C)C)C3)nc(-c3ccc(C)o3)n2)n1,8.4
A2A,CHEMBL403252,Nc1nc(-c2ccco2)c2cnn(Cc3ccccc3F)c2n1,8.4
A2A,CHEMBL258181,Nc1cccc(Cn2ncc3c(-c4ccco4)nc(N)nc32)c1,8.4
A2A,CHEMBL256360,Nc1nc(-c2ccco2)c2cnn(Cc3cccc([N+](=O)[O-])c3)c2n1,8.4
A2A,CHEMBL256361,COC(=O)c1cccc(Cn2ncc3c(-c4ccco4)nc(N)nc32)c1,8.4
A2A,CHEMBL407049,Nc1nc(-c2ccco2)c2cnn(CCCc3ccccc3)c2n1,8.4
A2A,CHEMBL506511,Nc1nc(-c2ccco2)c2nnn(Cc3cccc(O)c3)c2n1,8.4
A2A,CHEMBL489126,COc1cccc(-n2c(=O)n(Cc3c(F)cccc3F)c3cnc(NC4CC4)nc32)c1,8.4
A2A,CHEMBL513203,CC(=O)Nc1cc(-c2cc(F)cc(F)c2)nc(-n2nc(C)cc2C)n1,8.4
A2A,CHEMBL470146,CC(=O)Nc1cc(-c2cccc(O[C@@H]3CCN(C)C3)c2)nc(-n2nc(C)cc2C)n1,8.4
A2A,CHEMBL486131,COc1cncc(-c2cc(NC(=O)CN3CCOCC3)nc(-n3nc(C)cc3C)n2)c1,8.4
A2A,CHEMBL513009,Nc1nc(CN[C@H]2CCCN2Cc2ccnc(Cl)c2)nc2nc(-c3ccco3)nn12,8.4
A2A,CHEMBL576955,CCOC(=O)c1ccc(CCn2ncc3c2nc(N)n2nc(-c4ccco4)nc32)cc1,8.4
A2A,CHEMBL608383,Cc1ccc(-c2cc(C(=O)NCc3ccccn3)nc(N)n2)o1,8.4
A2A,CHEMBL1096894,CCNC(=O)[C@H]1O[C@@H](n2cnc3c(NCC(c4ccccc4)c4ccccc4)nc(C(=O)NCCNC(=O)NCc4ccccn4)nc32)[C@H](O)[C@@H]1O,8.4
A2A,CHEMBL1096896,CCNC(=O)[C@H]1O[C@@H](n2cnc3c(NCC(c4ccccc4)c4ccccc4)nc(C(=O)NCCNC(=O)NC4CCN(c5ccccn5)CC4)nc32)[C@H](O)[C@@H]1O,8.4
A2A,CHEMBL2024112,Nc1nnc(-c2cc(Cl)cc(Cl)c2)c(-c2ccccc2)n1,8.4
A2A,CHEMBL3260724,O=C(NCCNC(=O)c1nc(NCC(c2ccccc2)c2ccccc2)c2ncn([C@@H]3O[C@H](CO)[C@@H](O)[C@H]3O)c2n1)NC1CCN(c2ccccn2)CC1,8.4
A2A,CHEMBL3260731,O=C(c1ccc2c(-c3cnc4ccc(F)cn34)noc2c1)N1CCCCCC1,8.4
A2A,CHEMBL3677913,Cn1nc(-c2cnc3ccc(F)cn23)c2ccc(C(=O)N3CCCCCC3)cc21,8.4
A2A,CHEMBL5082650,Nc1nc(-c2ccccc2)c2c(n1)-c1cc(OCCCN3CCCCC3)ccc1C2=O,8.4
A2A,CHEMBL184309,CN(CCN1CCN(c2ccc(F)cc2F)CC1)c1nc(N)n2nc(-c3ccco3)nc2n1,8.4
A2A,CHEMBL5194978,Cc1ccc(NC(=O)c2cn3c(nc4ccccc43)c(N)n2)cc1,8.4
A2A,CHEMBL5962878,Nc1nc(C(=O)NCc2ncccc2-c2ncccn2)c2cccc(F)c2n1,8.4
A2A,CHEMBL5751291,Nc1nnc(-c2cc(Cl)nc(C(F)(F)F)c2)c(-c2ccc(F)cc2)n1,8.4
A2A,CHEMBL6013060,Cc1ncc(N2CCN(Cc3nc4c5ccc6c(c5nc(N)n4n3)OC(F)(F)O6)[C@H](C)C2)s1,8.4
A2A,CHEMBL5783854,CC1CC(c2nc3c4cc(F)cc(F)c4nc(N)n3n2)CN(c2cnn(C(C)(C)CO)c2)C1,8.4
A2A,CHEMBL21572,CSc1c2c(nc(NC(=O)Cc3ccc4c(c3)OCO4)n3nc(-c4ccco4)nc23)nn1C,8.39
A2A,CHEMBL398046,Nc1nc2c(ncn2CCc2ccccc2)c2nc(-c3ccco3)nn12,8.39
A2A,CHEMBL517429,COC(=O)c1cccc(Cn2nnc3c(-c4ccco4)nc(N)nc32)c1,8.39
A2A,CHEMBL469877,Nc1nc2c(cnn2CCN2CCc3ccccc3C2)c2nc(-c3ccco3)nn12,8.39
A2A,CHEMBL1099368,Nc1nc(-c2ccccc2)c2c(n1)-c1cc(CNN3CCCC3)ccc1C2=O,8.39
A2A,CHEMBL3217142,Cl.Cl.Nc1nc(-c2ccccc2)c2c(n1)-c1cc(CN3CCCC3)ccc1C2=O,8.39
A2A,CHEMBL1087189,Nc1nc(-c2ccccc2)c2c(n1)-c1cc(CN3CCCC3)ccc1C2=O,8.39
A2A,CHEMBL3741543,CCn1nnc([C@H]2O[C@@H](n3cnc4c(N)nc(NC(C)Cc5ccc(OC)cc5)nc43)[C@H](O)[C@@H]2O)n1,8.39
A2A,CHEMBL4576915,Nc1nc(N/N=C/c2ccc(OCc3ccc(F)cc3)cc2)nc2c1ncn2[C@@H]1O[C@H](CO)[C@@H](O)[C@H]1O,8.39
A2A,CHEMBL4440214,Nc1nc(N/N=C/C2CCCC2)nc2c1ncn2[C@@H]1O[C@H](CO)[C@@H](O)[C@H]1O,8.39
A2A,CHEMBL5558429,CCCCC#Cc1nc2c(N)nc(-c3cccs3)nc2[nH]1,8.39
A2A,CHEMBL6043653,Cn1cc(-c2c(-c3cccc(Cl)c3)nc(N)n3nc(Cc4ncccc4F)nc23)ccc1=O,8.39
A2A,CHEMBL5781973,CC(Cc1nc2c3ccc4c(c3nc(N)n2n1)OC(F)(F)O4)N1CC(F)(F)C1,8.39
A2A,CHEMBL5810523,C[C@@H](Cc1nc2c3ccc4c(c3nc(N)n2n1)OC(F)(F)O4)N1CCCC(F)(F)C1,8.39
A2A,CHEMBL5877367,COc1cc2nc(N)n3nc([C@@H]4CCCN(c5cn(CS(C)(=O)=O)nc5C)C4)nc3c2cc1F,8.39
A2A,CHEMBL456287,CC(=O)Nc1cc(N2CCc3ccccc3C2)nc(-n2nc(C)cc2C)n1,8.38
A2A,CHEMBL574489,CCCCn1cc2c(nc(NC(=O)Cc3cccs3)n3nc(-c4ccco4)nc23)n1,8.38
A2A,CHEMBL3703586,OC1CS[C@@H](n2cnc3c(NCc4cccc(I)c4)nc(Cl)nc32)[C@H]1O,8.38
A2A,CHEMBL4068032,COc1ccc(N2CCOCC2)c2sc(NC(=O)C(C)(C)Oc3ccc(F)cc3)nc12,8.38
A2A,CHEMBL5086791,Nc1nc(N2CCN(CCc3ccc(C(=O)NO)cc3)CC2)nc2nc(-c3ccco3)nn12,8.38
A2A,CHEMBL6049646,Cc1csc(-c2cccc(CNC(=O)c3nc(N)nc4c(F)cccc34)n2)n1,8.38
A2A,CHEMBL5988628,COc1ccc(-c2nc(N)n3nc(Cc4ncccc4F)nc3c2-c2ccc(=O)n(C)c2)cc1,8.38
A2A,CHEMBL5818240,CC1(F)CCCN(CCc2nc3c4ccc5c(c4nc(N)n3n2)OC(F)(F)O5)C1,8.38
A2A,CHEMBL5814138,C[C@H](Cc1nc2c3ccc4c(c3nc(N)n2n1)OC(F)(F)O4)N1CCc2cccnc21,8.38
A2A,CHEMBL5897980,Nc1nc2c3c(ccc2c2nc(CN4CCCC(F)(F)C4)nn12)OC(F)(F)O3,8.38
A2A,CHEMBL405234,O=C(c1cccs1)c1nc(NCCO)nc2ccsc12,8.37
A2A,CHEMBL177782,COc1ccccc1-c1cc2nc(-c3ccco3)nn2c(N)n1,8.37
A2A,CHEMBL549885,Nc1nc(C(=O)NCc2ccccn2)cc(-c2ccco2)n1,8.37
A2A,CHEMBL4645823,Nc1nc(-c2ccc(NC(=O)CCN3CCCC3)cc2)cn2c(=O)n(-c3ccccc3)nc12,8.37
A2A,CHEMBL5094087,Nc1nc2c(cnn2CCc2ccc(C(=O)NO)cc2)c2nc(-c3ccco3)nn12,8.37
A2A,CHEMBL6015530,[2H]C([2H])(NC(=O)c1nc(N)nc2c(OC)cccc12)c1cccc(N2CCN(c3ccc(OCCOC)cc3)CC2)n1,8.37
A2A,CHEMBL5787943,Cn1cc(-c2c(-c3nccs3)nc(N)n3nc(Cc4c(F)cccc4F)nc23)ccc1=O,8.37
A2A,CHEMBL5867243,C[C@H](Cc1nc2c3ccc4c(c3nc(N)n2n1)OC(F)(F)O4)N1CCCC(F)(F)C1,8.37
A2A,CHEMBL5933018,COc1cc2nc(N)n3nc(C4CCC(C)N(c5cn(CC(C)(C)O)nc5C)C4)nc3c2cc1F,8.37
A2A,CHEMBL5992187,COc1cc(F)cc2c1nc(N)n1nc(C3(F)CCCN(c4cnn(CC(C)(C)O)c4)C3)nc21,8.37
A2A,CHEMBL6019112,CC(O)C(C)n1cc(N2CCC[C@@H](c3nc4c5cc(F)cc(F)c5nc(N)n4n3)C2)cn1,8.37
A2A,CHEMBL281601,N=C(N)c1ccc(CCCn2ncc3c2nc(N)n2nc(-c4ccco4)nc32)cc1,8.36
A2A,CHEMBL429575,CCN(CC)[C@H]1CCN(CC(=O)Nc2cc(-n3nc(C)cc3C)nc(-c3ccc(C)o3)n2)C1,8.36
A2A,CHEMBL1095172,Nc1nc(-c2ccccc2)c2c(n1)-c1cc(NCCN3CCOCC3)ccc1C2=O,8.36
A2A,CHEMBL3764467,Nc1nc(C(=O)NCc2cccc3cccnc23)c2cc(F)ccc2n1,8.36
A2A,CHEMBL3763969,Nc1nc(C(=O)NCc2cccc3cc(C(=O)N4CCCc5ccccc54)cnc23)c2cccc(F)c2n1,8.36
A2A,CHEMBL5080630,CN(CCc1ccc(C(=O)NO)cc1)c1nc(N)n2nc(-c3ccco3)nc2n1,8.36
A2A,CHEMBL5203021,Nc1nc(C(=O)NCc2ccccc2)cn2c1nc1ccccc12,8.36
A2A,CHEMBL1460863,COc1ccc(C(=O)Nc2nc(C)c3cc4c(cc3n2)OCO4)cc1,8.36
A2A,CHEMBL5866760,COc1cccc2c1nc(N)n1nc([C@@H]3CCCN(C(=O)C(C)(C)C)C3)nc21,8.36
A2A,CHEMBL5836630,Nc1nc2c3c(ccc2c2nc(CN4C[C@H](F)[C@@H](F)C4)nn12)OC(F)(F)O3,8.36
A2A,CHEMBL5763609,COc1cc2nc(N)n3nc([C@@H]4CCCN(c5cnn(C6CC[C@@]6(C)O)c5)C4)nc3c2cc1F,8.36
A2A,CHEMBL6146782,CCCCC#Cc1nc(N)c2nc(-c3ccco3)n([C@H]3[C@H](O)[C@H](O)[C@@H]4C[C@@H]43)c2n1,8.36
A2A,CHEMBL4081876,CCn1nnc([C@H]2O[C@@H](n3cnc4c(NCc5cccc(Br)c5)ncnc43)[C@H](O)[C@@H]2O)n1,8.35
A2A,CHEMBL4207902,COc1ccc(N2CCN(CCn3c(=O)n(C)c4c3nc(N)n3nc(-c5ccco5)nc43)CC2)cn1,8.35
A2A,CHEMBL5197028,CCCCCCNC(=O)c1cn2c(nc3ccccc32)c(N)n1,8.35
A2A,CHEMBL5419943,O=C(CC1CCCC1)N1CCc2c(nc(N3CCCC3)[nH]c2=O)C1,8.35
A2A,CHEMBL5761576,Nc1nc(C(=O)NCc2cccc(-c3cnco3)n2)c2cccc(F)c2n1,8.35
A2A,CHEMBL5813421,COc1cc2nc(N)n3nc([C@@H]4CCCN(c5cnn(CC(C)(C)O)c5C)C4)nc3c2cc1F,8.35
A2A,CHEMBL398083,Nc1nc2c(ncn2Cc2ccccc2C(F)(F)F)c2nc(-c3ccco3)nn12,8.34
A2A,CHEMBL245646,Nc1nc2c(ncn2Cc2ccccc2Br)c2nc(-c3ccco3)nn12,8.34
A2A,CHEMBL591423,CCC(=O)N[C@H]1C[C@@H](n2cnc3c(NCC(c4ccccc4)c4ccccc4)nc(NCCc4cn(C)cn4)nc32)[C@H](O)[C@@H]1O,8.34
A2A,CHEMBL1086977,Nc1nc(-c2ccncc2)c2c(n1)-c1ccccc1C2=O,8.34
A2A,CHEMBL2024120,Cc1cc(-c2nnc(N)nc2-c2ccc(F)cc2)cc(C(F)(F)F)n1,8.34
A2A,CHEMBL3971217,COc1cccc2c(C(=O)NCc3cccc(CO)n3)nc(N)nc12,8.34
A2A,CHEMBL4454157,Nc1nc(N/N=C/c2cccnc2Cl)nc2c1ncn2[C@@H]1O[C@H](CO)[C@@H](O)[C@H]1O,8.34
A2A,CHEMBL5205474,Cc1ccc(-c2cn3c(=O)n(Cc4ccccc4)nc3c(N)n2)o1,8.34
A2A,CHEMBL1587915,CC(C)C(=O)Nc1ncc2c(n1)CC(c1cccs1)CC2=O,8.34
A2A,CHEMBL5423524,CC(Sc1nnc(C(C)C)[nH]1)C(=O)c1ccccc1,8.34
A2A,CHEMBL5400258,Cc1ccc2nc(C(=O)Nc3cnc4n3CCCC4)cn2c1,8.34
A2A,CHEMBL5414806,O=C(Nc1cnc2n1CCCC2)c1cn2cc(Cl)cnc2n1,8.34
A2A,CHEMBL5426384,COCC(O)CNc1ncc(C)c(-c2ncnn2C)n1,8.34
A2A,CHEMBL5991056,COc1cc2nc(N)n3nc([C@@H]4CCCN(c5cnn(C(C)C)c5)C4)nc3c2cc1F,8.34
A2A,CHEMBL279254,Nc1nc2c(cnn2CCCc2ccc(C(=O)O)cc2)c2nc(-c3ccco3)nn12,8.33
A2A,CHEMBL196259,Cn1c(-n2nccn2)nc2c(N)nc(CCc3ccccc3)nc21,8.33
A2A,CHEMBL394064,Nc1nc2ccc(Cl)cc2n2c(=O)c(-c3ccccc3)nn12,8.33
A2A,CHEMBL458224,COC[C@H]1CCCN1c1cc(NC(C)=O)nc(-n2nc(C)cc2C)n1,8.33
A2A,CHEMBL1098457,CN(C)CCN(C)c1ccc2c(c1)-c1nc(N)nc(-c3ccccc3)c1C2=O,8.33
A2A,CHEMBL2377228,Nc1nc(-c2ncco2)nc2sc(Cc3ccccc3)cc12,8.33
A2A,CHEMBL3930969,Nc1ncc(-c2ccc(O)c(O)c2)c(-c2ccccc2)n1,8.33
A2A,CHEMBL4097118,COc1cnc(N2CCOCC2)c2sc(NC(=O)C(C)(C)Oc3cccc(F)c3)nc12,8.33
A2A,CHEMBL4127213,COc1ccccc1CNc1nc(N)c2nc(-c3ccccc3)sc2n1,8.33
A2A,CHEMBL5192099,Nc1nc(C(=O)Nc2ccc(Cl)cc2)cn2c1nc1ccccc12,8.33
A2A,CHEMBL5998698,Cc1ccc(-c2nc(N)nc3c2C(=O)N(C)C3=Cc2ccccc2C(F)(F)F)o1,8.33
A2A,CHEMBL5898087,C[C@H](NC(=O)c1nc(-c2cc(Cl)c3ncccc3c2)c(-c2ccccc2)nc1N)c1ccccn1,8.33
A2A,CHEMBL5908007,CC(NC(=O)c1nc(-c2ccc3ncccc3c2)c(-c2ccn(C)n2)nc1N)c1ccccn1,8.33
A2A,CHEMBL22500,CC(=O)Nc1ccc(CCn2ncc3c2nc(N)n2nc(-c4ccco4)nc32)cc1,8.32
A2A,CHEMBL471554,Nc1nc2c(cnn2CCN2CCc3ncccc3C2)c2nc(-c3ccco3)nn12,8.32
A2A,CHEMBL550636,Nc1nc(C(=O)NCc2cccc(F)c2)cc(-c2ccco2)n1,8.32
A2A,CHEMBL3314883,CCOC(=O)c1cnc(NC(=O)Nc2ccccc2)n2nc(-c3ccco3)nc12,8.32
A2A,CHEMBL3416799,CCNC(=O)[C@H]1O[C@@H](n2cnc3c(N)nc(NCCN4CCN(c5ccc(Cl)cc5F)CC4)nc32)[C@H](O)[C@@H]1O,8.32
A2A,CHEMBL3596513,COc1ccc(N2CCN(Cc3nc4c5cccc(OC)c5nc(N)n4n3)[C@H](C)C2)cc1,8.32
A2A,CHEMBL3764598,COCCOc1ccc(N2CCN(C(=O)c3cnc4c(CNC(=O)c5nc(N)nc6c(F)cccc56)cccc4c3)CC2)cc1,8.32
A2A,CHEMBL4857871,Nc1nc(NCCc2ccc(O)cc2)nc2nc(C3=CCCO3)nn12,8.32
A2A,CHEMBL6035291,C[C@@H](Cc1nc2c3ccc4c(c3nc(N)n2n1)OC(F)(F)O4)N1CC(C)(F)C1,8.32
A2A,CHEMBL609603,Nc1nc(C(=O)NCc2ccccc2Cl)nc(-c2ccco2)n1,8.31
A2A,CHEMBL1095813,CCN1CCC(N(C)c2ccc3c(c2)-c2nc(N)nc(-c4ccccc4)c2C3=O)CC1,8.31
A2A,CHEMBL4783723,COc1ccc(N2CCOCC2)c2sc(NC(=O)N3CCC(F)CC3)nc12,8.31
A2A,CHEMBL5093149,Nc1nc2c(cnn2CCc2ccc(NC(=O)CCCCCCC(=O)NO)cc2)c2nc(-c3ccco3)nn12,8.31
A2A,CHEMBL5077441,Nc1ccccc1NC(=O)c1ccc(OCCNc2nc(N)n3nc(-c4ccco4)nc3n2)cc1,8.31
A2A,CHEMBL5084903,Nc1nc(-c2ccccc2)c2c(n1)-c1cc(OCCCN3CCCCC3)ccc1C2,8.31
A2A,CHEMBL5071785,COc1ccc(N2CCN(CCn3c(=O)cnc4c(-c5ccc(C)o5)nc(N)nc43)CC2)c(F)c1,8.31
A2A,CHEMBL5824745,C[C@H](Cc1nc2c3ccc4c(c3nc(N)n2n1)OC(F)(F)O4)N1CC(C)(F)C1,8.31
A2A,CHEMBL5895917,Nc1nc2c3c(ccc2c2nc(CN4CCC(Oc5ccc(F)cc5)CC4)nn12)OC(F)(F)O3,8.31
A2A,CHEMBL5775710,Nc1nc2c3c(ccc2c2nc(CN4Cc5ccc(C(F)(F)F)cc5C4)nn12)OC(F)(F)O3,8.31
A2A,CHEMBL5787558,COc1cc2nc(N)n3nc([C@@H]4CCCN(c5cnn(C6CCC[C@]6(C)O)c5)C4)nc3c2cc1F,8.31
A2A,CHEMBL420307,CN(CCc1ccccc1)C(=O)c1cc(N)n2nc(-c3ccc(Br)o3)nc2c1,8.3
A2A,CHEMBL166429,S/C(Cc1ccccc1)=N\N=C\c1cccnc1,8.3
A2A,CHEMBL413079,C#CCn1c(=O)c2c(nc(/C=C/c3cccc(OC)c3)n2C)n(CCCO)c1=O,8.3
A2A,CHEMBL360837,CCn1nnc([C@H]2O[C@@H](n3cnc4c(N)nc(N[C@H](CO)Cc5ccc(O)cc5)nc43)[C@H](O)[C@@H]2O)n1,8.3
A2A,CHEMBL220445,CCSc1nc(N)nc(-c2ccccc2)n1,8.3
A2A,CHEMBL257417,Cc1cc(C)n(-c2cc(NC(=O)Cc3ccc(NS(C)(=O)=O)cc3)nc(-c3ccc(C)o3)n2)n1,8.3
A2A,CHEMBL255569,Cc1cc(C)n(-c2cc(NC(=O)Cc3ccc(F)c(F)c3)nc(-c3ccc(C)o3)n2)n1,8.3
A2A,CHEMBL271055,Cc1cc(C)n(-c2cc(NC(=O)Cc3cc(F)cc(F)c3)nc(-c3ccc(C)o3)n2)n1,8.3
A2A,CHEMBL260209,Nc1nc(-c2ccco2)c2ncn(Cc3ccccc3F)c2n1,8.3
A2A,CHEMBL469964,CC(=O)Nc1cc(-c2cccc(OCCN(C)C)c2)nc(-n2nc(C)cc2C)n1,8.3
A2A,CHEMBL511446,Nc1nc2c(cnn2CCN2CCc3nc(C(F)(F)F)ccc3C2)c2nc(-c3ccco3)nn12,8.3
A2A,CHEMBL611335,Cc1ccc(-c2cc(C(=O)NCc3ccc(C)n3C)nc(N)n2)o1,8.3
A2A,CHEMBL591356,CCC(=O)N[C@H]1C[C@@H](n2cnc3c(NCC(c4ccccc4)c4ccccc4)nc(NCCc4cn(CC)cn4)nc32)[C@H](O)[C@@H]1O,8.3
A2A,CHEMBL1096886,CCNC(=O)[C@H]1O[C@@H](n2cnc3c(NCC(c4ccccc4)c4ccccc4)nc(C(=O)NCCNC(=O)NCCN4CCCCC4)nc32)[C@H](O)[C@@H]1O,8.3
A2A,CHEMBL1096889,CCNC(=O)[C@H]1O[C@@H](n2cnc3c(NCC(c4ccccc4)c4ccccc4)nc(C(=O)NCCNC(=O)NCCN(C(C)C)C(C)C)nc32)[C@H](O)[C@@H]1O,8.3
A2A,CHEMBL1096895,CCNC(=O)[C@H]1O[C@@H](n2cnc3c(NCC(c4ccccc4)c4ccccc4)nc(C(=O)NCCNC(=O)NCc4ccc(CN(CC)CC)cc4)nc32)[C@H](O)[C@@H]1O,8.3
A2A,CHEMBL1171525,COC(=O)CN(C(C)=O)c1ccc(OC)c2nc(NC(=O)c3ccc(F)cc3)sc12,8.3
A2A,CHEMBL3260726,COc1cnc(N2CCOCC2)c2sc(NC(=O)c3ccc(F)cc3)nc12,8.3
A2A,CHEMBL3918173,CCn1nc(-c2cccc(-c3cccc(C(=O)NCCC4CCCN4C)c3)c2)cc(NC(=O)Nc2c(Cl)cncc2Cl)c1=O,8.3
A2A,CHEMBL3939976,COc1cccc2c(C(=O)NCc3cccc(Cc4cccnc4)n3)nc(N)nc12,8.3
A2A,CHEMBL4524485,Nc1nc(-c2ccc(NC(=O)CCCCC3CCSS3)cc2)cn2c(=O)n(-c3ccccc3)nc12,8.3
A2A,CHEMBL4447861,Nc1nc(-c2cccc(O)c2)nc2sc(-c3ccccc3)nc12,8.3
A2A,CHEMBL4632427,CCOC(=O)C1=C(C)Nc2nc3ccccc3n2C1c1ncc[nH]1,8.3
A2A,CHEMBL5561038,CCCCC#Cc1nc2c(N)nc(-c3ccco3)nc2[nH]1,8.3
A2A,CHEMBL5916204,[2H]C([2H])(NC(=O)c1nc(N)nc2c(OC)cccc12)c1cccc(Oc2cncc(OC)c2)n1,8.3
A2A,CHEMBL5999742,COc1cccc2c1nc(N)n1nc([C@@H]3CCCN(CC4CCOCC4)C3)nc21,8.3
A2A,CHEMBL5811087,COc1cc2nc(N)n3nc([C@@H]4CCCCN(c5cnn(CC(C)(C)O)c5)C4)nc3c2cc1F,8.3
A2A,CHEMBL128176,Nc1nc(NC2CCCC2)nc2c1ncn2[C@@H]1O[C@H](CO)[C@@H](O)[C@H]1O,8.29
A2A,CHEMBL512891,COCCOc1ccc2c(c1)CN(CCn1ncc3c1nc(N)n1nc(-c4ccco4)nc31)CC2,8.29
A2A,CHEMBL4059885,C#CCOc1cccc(-c2cn3c(=O)n(-c4ccccc4)nc3c(N)n2)c1,8.29
A2A,CHEMBL4172818,Nc1nc(NCc2cnccn2)nc2sc(-c3ccco3)nc12,8.29
A2A,CHEMBL4641373,Nc1nc(-c2ccc(NC(=O)CCN3CCCCC3)cc2)cn2c(=O)n(-c3ccccc3)nc12,8.29
A2A,CHEMBL5560392,CCCCC#Cc1nc(N)c2nc(-c3ccco3)[nH]c2n1,8.29
A2A,CHEMBL399577,CN(C)CC(=O)Nc1cc(-n2cccn2)nc(-c2ccco2)n1,8.28
A2A,CHEMBL259607,N#Cc1c(-c2ccccc2)nc(N)nc1-c1ccc2c(c1)OCO2,8.28
A2A,CHEMBL601514,CCC(=O)N[C@H]1C[C@@H](n2cnc3c(NCC(c4ccccc4)c4ccccc4)nc(NCCc4c[nH]cn4)nc32)[C@H](O)[C@@H]1O,8.28
A2A,CHEMBL604591,CCC(CC)CNc1nc(NCCc2cn(CC)cn2)nc2c1ncn2[C@@H]1C[C@H](n2cc(CO)cn2)[C@@H](O)[C@H]1O,8.28
A2A,CHEMBL1087714,Nc1nc(-c2ccccc2)c2c(n1)-c1cc(CNCc3ccco3)ccc1C2=O,8.28
A2A,CHEMBL1762513,CN(C)CCn1ncc2c1nc(N)n1c(=O)n(Cc3cccc(Cl)c3)nc21,8.28
A2A,CHEMBL3222062,C[C@@H]1CCC[C@H](C)N1Cc1cc2c(N)nc(-c3ccco3)nc2s1,8.28
A2A,CHEMBL3414941,CCn1nnc([C@H]2O[C@@H](n3cnc4c(NC5CC5)nc(Cl)nc43)[C@H](O)[C@@H]2O)n1,8.28
A2A,CHEMBL3596504,COc1cccc2c1nc(N)n1nc(CN3CCN(c4cccc(F)c4)C[C@H]3C)nc21,8.28
A2A,CHEMBL3596518,COc1cccc2c1nc(N)n1nc(CN3CCN(c4nsnc4Cl)C[C@H]3C)nc21,8.28
A2A,CHEMBL3763434,Nc1nc(C(=O)NCc2cccc3c2OCCN3)c2cccc(F)c2n1,8.28
A2A,CHEMBL3800587,COc1cccc(Cn2cc3nc(-c4ccc(C)o4)nc(N)c3n2)c1,8.28
A2A,CHEMBL4531815,Nc1nc(-c2ccc(O)c(O)c2)cn2c(=O)n(-c3ccccc3)nc12,8.28
A2A,CHEMBL5788084,COc1cccc2c(C(=O)N[C@@H]3CCc4ccccc43)nc(N)nc12,8.28
A2A,CHEMBL5967163,COc1cccc2c(C(=O)NCc3cccc4c3OC(F)(F)O4)nc(N)nc12,8.28
A2A,CHEMBL5885005,CC1(O)CCN(c2cccc(CNC(=O)c3nc(N)nc4c(F)cccc34)n2)CC1,8.28
A2A,CHEMBL5998665,COc1cccc2c1nc(N)n1nc(C3CNCC(F)(F)C3)nc21,8.28
A2A,CHEMBL6022055,Cn1cc(-c2c(-c3ccc(C(F)(F)F)cc3)nc(N)n3nc(Cc4ncccc4F)nc23)ccc1=O,8.28
A2A,CHEMBL5875672,Cn1cc(-c2c(-c3cccc(F)c3)nc(N)n3nc(Cc4ncccc4F)nc23)ccc1=O,8.28
A2A,CHEMBL5976352,CC(NC(=O)c1nc(-c2ccc(=O)n(C)c2)c(-c2ncco2)nc1N)c1c(F)cccc1F,8.28
A2A,CHEMBL5974116,Cn1cc(-c2nc(C(=O)NCc3nc(N)ccc3F)c(N)nc2-c2ncco2)ccc1=O,8.28
A2A,CHEMBL5903127,Cc1cnc2ccc(-c3nc(C(=O)NC[C@@H]4CCCN4C)c(N)nc3-c3ccc(F)cc3)cn12,8.28
A2A,CHEMBL5749161,Nc1nc2c3c(ccc2c2nc(CC4CCN(CC(F)F)C4)nn12)OC(F)(F)O3,8.28
A2A,CHEMBL5790434,CC(NC(=O)c1nc(-c2ccc(=O)n(C)n2)c(-c2ncco2)nc1N)c1c(F)cccc1F,8.28
A2A,CHEMBL272679,Cc1cc(C)n(-c2cc(NC(=O)CC3CCN(C)CC3)nc(-c3ccc(C)o3)n2)n1,8.27
A2A,CHEMBL443665,COc1ccccc1Cn1nnc2c(-c3ccco3)nc(N)nc21,8.27
A2A,CHEMBL469876,COc1ccc2c(c1)CN(CCn1ncc3c1nc(N)n1nc(-c4ccco4)nc31)C2,8.27
A2A,CHEMBL574263,CC(C)CCn1cc2c(nc(NC(=O)Cc3ccc(C(F)(F)F)cc3)n3nc(-c4ccco4)nc23)n1,8.27
A2A,CHEMBL1087708,N#Cc1cccc(-c2nc(N)nc3c2C(=O)c2cccc(CN4CCOCC4)c2-3)c1,8.27
A2A,CHEMBL1088235,Nc1nc(-c2ccccc2)c2c(n1)-c1cc(CNCc3ccccn3)ccc1C2=O,8.27
A2A,CHEMBL3753079,O=C(Cc1ccccc1)Nc1nc(NCc2ccccc2)nc2nc(-c3ccco3)nn12,8.27
A2A,CHEMBL3764613,Nc1nc(C(=O)NCc2ccccc2)c2cccc(F)c2n1,8.27
A2A,CHEMBL3798766,COc1ccccc1Cn1cc2nc(-c3ccco3)nc(N)c2n1,8.27
A2A,CHEMBL4078896,COc1ccc(N2CCOCC2)c2sc(NC(=O)C(C)(C)Oc3ccc(C)cc3)nc12,8.27
A2A,CHEMBL5184887,CC(O)CNC(=O)c1cn2c(nc3ccccc32)c(N)n1,8.27
A2A,CHEMBL5204801,Nc1nc(C(=O)Nc2ccccn2)cn2c1nc1ccccc12,8.27
A2A,CHEMBL5412498,CC(=O)NC(CC(=O)Nc1nc(C(C)=O)cs1)c1ccc(C)cc1,8.27
A2A,CHEMBL5855888,COc1cccc2c1nc(N)n1nc([C@@H]3CCCN(CCN(C)C)C3)nc21,8.27
A2A,CHEMBL6009863,N#Cc1cccc(-c2nc3[nH]ccc(=O)c3cc2-c2ccc3ncccc3c2)c1,8.27
A2A,CHEMBL279062,CCOC(=O)[C@@H]1Oc2ccc(CCCn3ncc4c3nc(N)n3nc(-c5ccco5)nc43)cc2O1,8.26
A2A,CHEMBL519282,Nc1nc2c(cnn2CCc2cccc(-c3cccnc3)c2)c2nc(-c3ccco3)nn12,8.26
A2A,CHEMBL573554,CCOC(=O)[C@H]1Oc2ccc(CCCn3ncc4c3nc(N)n3nc(-c5ccco5)nc43)cc2O1,8.26
A2A,CHEMBL594455,Cc1ccc(-c2cc(C(=O)NCc3nccn3C(C)C)nc(N)n2)o1,8.26
A2A,CHEMBL1096998,Nc1nc(-c2ccc(Cl)cc2)c2c(n1)-c1ccccc1C2=O,8.26
A2A,CHEMBL3416798,CCNC(=O)[C@H]1O[C@@H](n2cnc3c(N)nc(NCCN4CCN(c5cccc(F)c5F)CC4)nc32)[C@H](O)[C@@H]1O,8.26
A2A,CHEMBL3596502,COc1cccc2c1nc(N)n1nc(CN3CCN(c4ccc(F)cc4)C[C@H]3C)nc21,8.26
A2A,CHEMBL3740959,CCn1nnc([C@H]2O[C@@H](n3cnc4c(N)nc(NC(C)Cc5ccccc5)nc43)[C@H](O)[C@@H]2O)n1,8.26
A2A,CHEMBL4458638,Nc1nc(N/N=C/c2ccc3ncccc3c2)nc2c1ncn2[C@@H]1O[C@H](CO)[C@@H](O)[C@H]1O,8.26
A2A,CHEMBL5085803,COc1cnc(N2CCN(CCn3c(=O)cnc4c(-c5ccc(C)o5)nc(N)nc43)CC2)c(F)c1,8.26
A2A,CHEMBL260331,CCCn1c(=O)c2[nH]c(-c3cc(OCC(=O)Nc4ccc5c(c4)OCO5)nn3C)nc2n(CCC)c1=O,8.26
A2A,CHEMBL5177540,CC(CO)NC(=O)c1cn2c(nc3ccccc32)c(N)n1,8.26
A2A,CHEMBL5795044,Nc1nc(-c2ncco2)c(-c2ccnc(OC(F)F)c2)c2nc(Cc3c(F)cccc3F)nn12,8.26
A2A,CHEMBL5860515,Cc1cc(-c2nnc(N)nc2-c2ccccc2F)cc(C(F)(F)F)n1,8.26
A2A,CHEMBL6050921,Cc1ccn(-c2nc(N)cnc2-c2cc(Cl)c3[nH]ncc3c2)n1,8.26
A2A,CHEMBL5839171,CC(F)(F)CN1CC(Cc2nc3c4ccc5c(c4nc(N)n3n2)OC(F)(F)O5)C1,8.26
A2A,CHEMBL193613,Nc1nc(-c2ccco2)c2ncn(Cc3cccc4ccccc34)c2n1,8.25
A2A,CHEMBL2042297,CCNC(=O)[C@H]1O[C@@H](n2cnc3c(N)nc(F)nc32)[C@H](O)[C@@H]1O,8.25
A2A,CHEMBL3694769,Nc1nc(-n2cccn2)nc(-n2cccn2)c1Br,8.25
A2A,CHEMBL5090592,Nc1nc2c(cnn2CCN2CCc3ccc(C(=O)NO)cc3C2)c2nc(-c3ccco3)nn12,8.25
A2A,CHEMBL5075422,Cn1cc(-c2cnc(N)n3nc(-c4ccco4)nc23)ccc1=O,8.25
A2A,CHEMBL5885393,COCCNC(=O)c1nc(-c2ccc3ncc(C)n3c2)c(-c2ncco2)nc1N,8.25
A2A,CHEMBL319387,CCCCC#Cc1nc(N)c2ncn([C@@H]3O[C@H](CO)[C@@H](O)[C@H]3O)c2n1,8.24
A2A,CHEMBL402781,COc1cccc(CN(C)C)c1OCC(=O)Nc1cc(-n2nc(C)cc2C)nc(-c2ccc(C)o2)n1,8.24
A2A,CHEMBL261176,Cc1cc(C)n(-c2cc(NC(=O)CN3CCOCC3)nc(-c3ccc(C)o3)n2)n1,8.24
A2A,CHEMBL407064,Cc1cnc(-c2nc(N(C)C)nc3ccsc23)s1,8.24
A2A,CHEMBL520766,COc1ccc(CCNc2cc3nc(-c4ccco4)nn3c(N)n2)cc1,8.24
A2A,CHEMBL471976,COc1ccc(CCCN(C)c2cc3nc(-c4ccco4)nn3c(N)n2)cc1,8.24
A2A,CHEMBL572386,O=C(Cc1cccc(Cl)c1)Nc1nc2nn(CCc3ccccc3)cc2c2nc(-c3ccco3)nn12,8.24
A2A,CHEMBL1650386,CCCC(=O)Nc1cc(-c2ccco2)nc(-c2ccco2)n1,8.24
A2A,CHEMBL3314877,CNC(=O)c1cnc(NC(=O)Nc2ccccc2)n2nc(-c3ccco3)nc12,8.24
A2A,CHEMBL4547517,COc1ccc(-c2cn3c(=O)n(-c4ccccc4)nc3c(N)n2)cc1OC,8.24
A2A,CHEMBL4564192,Nc1nc(N/N=C/c2ccc(-c3ccccc3)cc2)nc2c1ncn2[C@@H]1O[C@H](CO)[C@@H](O)[C@H]1O,8.24
A2A,CHEMBL4644153,Nc1nc(N2CCN(c3ccc(S(N)(=O)=O)cc3)CC2)nc2sc(-c3ccco3)nc12,8.24
A2A,CHEMBL4876056,Cc1cc(-c2c(-c3ccc(F)cc3)nc(N)n3nc(CN4CCCCC4)nc23)c[nH]c1=O,8.24
A2A,CHEMBL5082737,Nc1nc(NCCc2ccc(OCCCCC(=O)NO)cc2)nc2nc(-c3ccco3)nn12,8.24
A2A,CHEMBL5080757,N#Cc1c(-c2ccc(F)cc2)nc(N)nc1-c1ccco1,8.24
A2A,CHEMBL5082319,N#Cc1c(-c2ccccc2)nc(N)nc1-c1ccc2ccccc2c1,8.24
A2A,CHEMBL5873032,CCn1cc(N2CCC[C@@H](c3nc4c5cc(F)c(OC)cc5nc(N)n4n3)C2)c(CO)n1,8.24
A2A,CHEMBL5873278,COc1cc2nc(N)n3nc([C@@H]4CCCN(c5cnn(CCCC(C)=O)c5)C4)nc3c2cc1F,8.24
A2A,CHEMBL248298,CCCn1cnc2c1nc(N)n1nc(-c3ccco3)nc21,8.23
A2A,CHEMBL469488,CCC(=O)Nc1cc(N2CCC[C@@H]2COC)nc(-n2nc(C)cc2C)n1,8.23
A2A,CHEMBL1099028,Nc1nc(-c2ccccc2)c2c(n1)-c1cc(CNN3CCC(=O)CC3)ccc1C2=O,8.23
A2A,CHEMBL1671936,CC(C)(C)CC(=O)Nc1c(F)cc(C(=O)Nc2nccs2)cc1F,8.23
A2A,CHEMBL5805350,COc1cccc2c1nc(N)n1nc([C@@H]3CCCCN(CC(F)(F)F)C3)nc21,8.23
A2A,CHEMBL5938182,COc1cccc2c1nc(N)n1nc([C@@H]3CCCN(C4CCC(F)(F)CC4)C3)nc21,8.23
A2A,CHEMBL5804476,Cn1nc(-c2c(-c3ccc(F)cc3)nc(N)n3nc(Cc4ncccc4F)nc23)ccc1=O,8.23
A2A,CHEMBL6037884,Nc1nc2c3c(ccc2c2nc(CN4CC(F)(F)C4)nn12)OC(F)(F)O3,8.23
A2A,CHEMBL5860289,COc1cc2nc(N)n3nc([C@@H]4CCCN(c5cnn(CCC(C)(C)O)c5)C4)nc3c2cc1F,8.23
A2A,CHEMBL110698,CCCN(C)C(=O)c1cc(N)n2nc(-c3ccc(Br)o3)nc2c1,8.22
A2A,CHEMBL324077,Nc1cc(C(=O)N2CCCCC2)cc2nc(-c3ccc(Br)o3)nn12,8.22
A2A,CHEMBL22822,N/C(=N/O)c1ccc(CCCn2ncc3c2nc(N)n2nc(-c4ccco4)nc32)cc1,8.22
A2A,CHEMBL424827,Nc1nc(-c2ccco2)c2ncn(Cc3ccc(C(F)(F)F)cc3)c2n1,8.22
A2A,CHEMBL272761,CCNC(=O)[C@H]1O[C@@H](n2cnc3c(NCC(c4ccccc4)c4ccccc4)nc(CNC(=O)NCCN(C(C)C)C4CCCC4)nc32)[C@H](O)[C@@H]1O,8.22
A2A,CHEMBL409700,COc1ccc(CC(=O)Nc2cc(-c3nccs3)nc(-c3ccc(C)o3)n2)cc1,8.22
A2A,CHEMBL406921,Cc1cc(C)n(-c2cc(NC(=O)CN3CCCOCC3)nc(-c3ccc(C)o3)n2)n1,8.22
A2A,CHEMBL260989,Nc1nc(-c2ccco2)c2ncn(C(=O)NCCc3ccccc3)c2n1,8.22
A2A,CHEMBL261534,Cc1cccc(Cn2cnc3c(-c4ccco4)nc(N)nc32)c1,8.22
A2A,CHEMBL256344,Nc1nc(-c2ccco2)c2cnn(Cc3ccc(C(F)(F)F)cc3)c2n1,8.22
A2A,CHEMBL489321,COc1cccc(-n2c(=O)n(Cc3c(F)cccc3OC)c3cnc(NC4CC4)nc32)c1,8.22
A2A,CHEMBL511159,CC(=O)Nc1cc(-c2cccc(OC3CCN(C)CC3)c2)nc(-n2nc(C)cc2C)n1,8.22
A2A,CHEMBL471924,COc1cccc2c1CN(CCn1ncc3c1nc(N)n1nc(-c4ccco4)nc31)C2,8.22
A2A,CHEMBL480397,Nc1nc(OCCN2CCN(c3ccc(F)cc3F)CC2)cc2nc(-c3ccco3)nn12,8.22
A2A,CHEMBL595132,Cc1cccnc1CNC(=O)c1cc(-c2ccccc2)nc(N)n1,8.22
A2A,CHEMBL594454,CCCn1ccnc1CNC(=O)c1cc(-c2ccc(C)o2)nc(N)n1,8.22
A2A,CHEMBL1096893,CCNC(=O)[C@H]1O[C@@H](n2cnc3c(NCC(c4ccccc4)c4ccccc4)nc(C(=O)NCCNC(=O)NCc4ccccc4)nc32)[C@H](O)[C@@H]1O,8.22
A2A,CHEMBL3694771,Nc1nc(-n2cccn2)nc(NC2CCCC2)c1Br,8.22
A2A,CHEMBL4750049,COc1ccc(N2CCOCC2)c2sc(NC(=O)N3CCCCC3)nc12,8.22
A2A,CHEMBL5087206,Nc1nc(NCCc2ccc(OCCCC(=O)NO)cc2)nc2nc(-c3ccco3)nn12,8.22
A2A,CHEMBL404168,CCCn1c(=O)[nH]c2nc(-c3cnn(Cc4cccc(C(F)(F)F)c4)c3)[nH]c2c1=O,8.22
A2A,CHEMBL5436964,O=C(Nc1nc2ccccc2s1)N(CCO)C1CC1,8.22
A2A,CHEMBL5876807,Cc1cc(-c2nnc(N)nc2-c2ccccc2)cc(Cl)n1,8.22
A2A,CHEMBL435188,CCNC(=O)[C@H]1O[C@@H](n2cnc3c(NCC(c4ccccc4)c4ccccc4)nc(NC4CCCC4)nc32)[C@H](O)[C@@H]1O,8.21
A2A,CHEMBL513030,Nc1nc2c(cnn2CCN2CCc3ncncc3C2)c2nc(-c3ccco3)nn12,8.21
A2A,CHEMBL549477,COc1cccc(CNC(=O)c2cc(-c3ccco3)nc(N)n2)c1,8.21
A2A,CHEMBL2377091,COc1ccccc1Cc1cc2c(N)nc(-c3cccc(C#N)c3)nc2s1,8.21
A2A,CHEMBL3799848,Cc1ccc(-c2nc(N)c3nn(Cc4ccccc4Cl)cc3n2)o1,8.21
A2A,CHEMBL4291479,N.Nc1nc2c(cnn2CCCc2ccc(OCc3ccc(S(=O)(=O)O)cc3)cc2)c2nc(-c3ccco3)nn12,8.21
A2A,CHEMBL4284249,CNc1ncc(C(=O)NC(C)(C)Cc2ccccc2)c2nc(-c3ccco3)nn12,8.21
A2A,CHEMBL5082920,Nc1nc(-c2ccccc2)c2c(n1)-c1cc(OCCCN3CCCC3)ccc1C2=O,8.21
A2A,CHEMBL5909841,Cc1ccc(CNC(=O)c2nc(N)nc3c(F)cccc23)nc1,8.21
A2A,CHEMBL5835733,Nc1nc(C(=O)NCc2cccc3cncn23)c2cccc(F)c2n1,8.21
A2A,CHEMBL5796037,Nc1nc(-n2nccn2)c(-c2ccc3nccn3c2)nc1C(=O)NCc1ncccc1F,8.21
A2A,CHEMBL5770572,CN1C(=O)c2c(nc(N)nc2-c2ccco2)C1=Cc1ccccc1F,8.21
A2A,CHEMBL6019752,Cc1nc2c3ccc4c(c3nc(N)n2n1)OC(F)(F)O4,8.21
A2A,CHEMBL5825241,Nc1nc2c3c(ccc2c2nc(CCNCc4ccc(C(F)(F)F)cc4)nn12)OC(F)(F)O3,8.21
A2A,CHEMBL6061562,C[C@@H](Cc1nc2c3ccc4c(c3nc(N)n2n1)OC(F)(F)O4)N1CCCC(C)(F)C1,8.21
A2A,CHEMBL195543,Nc1nc(-c2ccco2)c2ncn(Cc3cc4c(cc3Cl)OCO4)c2n1,8.2
A2A,CHEMBL248299,Nc1nc2c(ncn2CCN2CCOCC2)c2nc(-c3ccco3)nn12,8.2
A2A,CHEMBL2042306,CCNC(=O)[C@H]1O[C@@H](n2cnc3c(NCC(c4ccccc4)c4ccccc4)nc(NCCc4ccc(N)cc4)nc32)[C@H](O)[C@@H]1O,8.2
A2A,CHEMBL4283215,NCCCCCNC(=O)COc1ccc(CCCn2ncc3c2nc(N)n2nc(-c4ccco4)nc32)cc1,8.2
A2A,CHEMBL5075704,Nc1nc(NCCc2ccc(C(=O)NO)cc2)nc2nc(-c3ccco3)nn12,8.2
A2A,CHEMBL1093480,S=c1sc2c(ncn3nc(-c4ccco4)nc23)n1CCc1ccccc1,8.2
A2A,CHEMBL5856905,COc1cccc2c(C(=O)NCc3cccc(CSc4nc5ccccc5[nH]4)n3)nc(N)nc12,8.2
A2A,CHEMBL3350613,CC(C)(C)OC(=O)C1CCCN1C[C@@H](O)[C@H](Cc1ccccc1)NC(=O)[C@H](CC(N)=O)NC(=O)OCc1ccccc1,8.19
A2A,CHEMBL274274,Nc1nc2c(NCc3ccccc3)cccc2n2c(=O)n(-c3ccccc3)nc12,8.19
A2A,CHEMBL144521,NC[C@H]1[C@@H](O)[C@H](n2cnc3c(NCc4cccc(I)c4)ncnc32)O[C@@H]1CO,8.19
A2A,CHEMBL132629,N[C@H]1[C@@H](O)[C@H](n2cnc3c(NCc4cccc(I)c4)ncnc32)O[C@@H]1CO,8.19
A2A,CHEMBL483261,CCn1c(=O)[nH]c2nc(-c3ccc(S(=O)(=O)N4CCN(Cc5ccc(Cl)cc5)CC4)cc3)[nH]c2c1=O,8.19
A2A,CHEMBL594905,COc1ccccc1CNC(=O)c1nc(N)nc(-c2ccco2)n1,8.19
A2A,CHEMBL611048,Cc1ccc(-c2cc(C(=O)NCc3cscn3)nc(N)n2)o1,8.19
A2A,CHEMBL1095488,Nc1nc(-c2ccccc2)c2c(n1)-c1cc(OCCN3CCOCC3)ccc1C2=O,8.19
A2A,CHEMBL1650385,CCC(=O)Nc1cc(-c2ccco2)nc(-c2ccco2)n1,8.19
A2A,CHEMBL3222058,Nc1nc(-c2ccco2)nc2sc(CN3CC=CCC3)cc12,8.19
A2A,CHEMBL4294350,NCCCCNC(=O)COc1ccc(CCCn2ncc3c2nc(N)n2nc(-c4ccco4)nc32)cc1,8.19
A2A,CHEMBL4584669,CN(C)c1ccc(/C=N/Nc2nc(N)c3ncn([C@@H]4O[C@H](CO)[C@@H](O)[C@H]4O)c3n2)cc1,8.19
A2A,CHEMBL4797036,Nc1nc(-c2ccc(NC(=O)c3ccc(S(N)(=O)=O)cc3)cc2)cn2c(=O)n(-c3ccccc3)nc12,8.19
A2A,CHEMBL4785362,COc1ccc(N2CCOCC2)c2sc(NC(=O)N3CCCC(F)C3)nc12,8.19
A2A,CHEMBL4746896,COc1ccc(N2CCOCC2)c2sc(NC(=O)N3CCC(C(O)CF)CC3)nc12,8.19
A2A,CHEMBL5088997,N#Cc1cccc(-c2nc3c4cnn(CCc5ccc(C(=O)Nc6ccccc6N)cc5)c4nc(N)n3n2)c1,8.19
A2A,CHEMBL5181565,COc1cccc(NC(=O)c2cn3c(nc4ccccc43)c(N)n2)c1,8.19
A2A,CHEMBL5828328,Nc1nc(C(=O)NCC23CC4CC(CC(C4)C2)C3)c2cccc(F)c2n1,8.19
A2A,CHEMBL5744502,Cc1cccc(CNC(=O)c2nc(N)nc3c(Cl)cc(Cl)cc23)n1,8.19
A2A,CHEMBL6005679,Nc1nc2c3c(ccc2c2nc(CCN4Cc5cccnc5C4)nn12)OC(F)(F)O3,8.19
A2A,CHEMBL5978384,Nc1nc2c3c(ccc2c2nc(CCN4Cc5ncccc5C4=O)nn12)OC(F)(F)O3,8.19
A2A,CHEMBL197669,CCCCc1nc(N)c2nc(-n3nccn3)n(C)c2n1,8.18
A2A,CHEMBL259442,Cc1nc(-c2nc(N(C)C)nc3ccsc23)sc1C,8.18
A2A,CHEMBL517418,Nc1nc(-c2ccco2)c2nnn(Cc3ccccc3[N+](=O)[O-])c2n1,8.18
A2A,CHEMBL2042303,CCNC(=O)[C@H]1O[C@@H](n2cnc3c(N)nc(NCCc4ccc(NC(=O)CCCC[C@H]5CCSS5)cc4)nc32)[C@H](O)[C@@H]1O,8.18
A2A,CHEMBL2391834,O=C(Nc1nc(-c2ccccc2)c(-c2ccncc2)s1)c1ccco1,8.18
A2A,CHEMBL3222061,Nc1nc(-c2ccco2)nc2sc(CN3CCCC(F)(F)C3)cc12,8.18
A2A,CHEMBL3741217,CCCn1c(-c2ccco2)nc2c(N)nc(NCc3ccccc3)nc21,8.18
A2A,CHEMBL3764338,Nc1nc(C(=O)NCc2cccc3cccnc23)c2cc(Cl)cc(Cl)c2n1,8.18
A2A,CHEMBL3765268,Nc1nc(C(=O)NCc2nccc3ccccc23)c2cccc(F)c2n1,8.18
A2A,CHEMBL5090017,COc1ccc(N2CCN(CCn3c(=O)cnc4c(-c5ccc(C)o5)nc(N)nc43)[C@@H](C)C2)c(F)c1,8.18
A2A,CHEMBL6059304,COc1cccc2c(C(=O)NCc3ccc(F)cn3)nc(N)nc12,8.18
A2A,CHEMBL193761,Nc1nc(-c2ccco2)c2ncn(CCCc3ccccc3)c2n1,8.17
A2A,CHEMBL255860,Cc1ccc(-c2nc(NC(=O)COc3cccc(C#N)c3)cc(-c3nccs3)n2)o1,8.17
A2A,CHEMBL1762627,Nc1nc2c(cnn2CCN2CCC(N3CCOCC3)CC2)c2nn(Cc3cccc(Cl)c3)c(=O)n12,8.17
A2A,CHEMBL1771807,NCCNC(=O)COc1ccc(CCCn2ncc3c2nc(N)n2nc(-c4ccco4)nc32)cc1,8.17
A2A,CHEMBL3596516,COc1cccc2c1nc(N)n1nc(CN3CCN(c4cnc(C)s4)C[C@H]3C)nc21,8.17
A2A,CHEMBL3703594,OC1CS[C@@H](n2cnc3c(NCc4cccc(Br)c4)ncnc32)[C@H]1O,8.17
A2A,CHEMBL3763766,C[C@@H](NC(=O)c1nc(N)nc2c(F)cccc12)c1cccc2cccnc12,8.17
A2A,CHEMBL4097391,COc1cccc(-c2cn3c(=O)n(-c4ccccc4)nc3c(N)n2)c1,8.17
A2A,CHEMBL4071338,CCn1nnc([C@H]2O[C@@H](n3cnc4c(NCc5cccc(Cl)c5)ncnc43)[C@H](O)[C@@H]2O)n1,8.17
A2A,CHEMBL4786281,Nc1nc(-c2ccc(OCCNC(=O)c3ccc(S(N)(=O)=O)cc3)cc2)cn2c(=O)n(-c3ccccc3)nc12,8.17
A2A,CHEMBL5398733,O=c1[nH]c(N2CCCCC2)nc2nccc(/C=C/c3ccco3)c12,8.17
A2A,CHEMBL5887154,COc1cc2nc(N)n3nc([C@@H]4CCCN(c5cn(CS(C)(=O)=O)nc5C(F)F)C4)nc3c2cc1F,8.17
A2A,CHEMBL2377232,Cc1csc(-c2nc(N)c3cc(Cc4ccccc4Cl)sc3n2)n1,8.16
A2A,CHEMBL3741931,CCn1nnc([C@H]2O[C@@H](n3cnc4c(N)nc(NC(C)Cc5ccc(Br)cc5)nc43)[C@H](O)[C@@H]2O)n1,8.16
A2A,CHEMBL3765424,Nc1nc(C(=O)NCc2cccc3cc(C(=O)NCCCCCc4ccccc4)cnc23)c2cccc(F)c2n1,8.16
A2A,CHEMBL5086406,COc1cccc(-c2nc(N)nc(-c3ccccc3)c2C#N)c1,8.16
A2A,CHEMBL5094102,COc1ccc(N2CCN(CCn3c(=O)cnc4c(-c5ccc(C)o5)nc(N)nc43)[C@@H](C)C2)cc1,8.16
A2A,CHEMBL5404183,Cn1c(=O)c2[nH]c(N(CCO)CCO)nc2n(C)c1=O,8.16
A2A,CHEMBL5896909,Cc1cccn2cc(CNC(=O)c3nc(N)nc4c(F)cccc34)nc12,8.16
A2A,CHEMBL5924192,COc1cccc2c1nc(N)n1nc([C@@H]3CCCN(CCC4CC4)C3)nc21,8.16
A2A,CHEMBL5760505,Cc1cc(-c2c(-c3ccc(F)cc3)nc(N)n3nc(Cc4ncccc4F)nc23)cc(C)n1,8.16
A2A,CHEMBL5772325,CNCCOc1cccnc1CNC(=O)c1nc(-c2ccc3ncn(C)c3c2)c(-c2ccc(F)cc2)nc1N,8.16
A2A,CHEMBL2092941,Nc1nc(C#CC(O)c2ccccc2)nc2c1ncn2[C@@H]1O[C@H](CO)[C@@H](O)[C@H]1O,8.15
A2A,CHEMBL371436,COc1cccc(Cn2cnc3c(-c4ccco4)nc(N)nc32)c1,8.15
A2A,CHEMBL193414,Nc1nc(-c2ccco2)c2ncn(Cc3c(Cl)cccc3Cl)c2n1,8.15
A2A,CHEMBL486339,CC(=O)Nc1cc(-c2cccc(C)c2)nc(-n2nc(C)cc2C)n1,8.15
A2A,CHEMBL469874,COCCOc1cccc2c1CN(CCn1ncc3c1nc(N)n1nc(-c4ccco4)nc31)C2,8.15
A2A,CHEMBL551373,Nc1cccc(CNC(=O)c2cc(-c3ccco3)nc(N)n2)n1,8.15
A2A,CHEMBL1096888,CCNC(=O)[C@H]1O[C@@H](n2cnc3c(NCC(c4ccccc4)c4ccccc4)nc(C(=O)NCCNC(=O)NCCN(C(C)C)C4CCCC4)nc32)[C@H](O)[C@@H]1O,8.15
A2A,CHEMBL174850,Nc1nc(-c2ccccc2)cc2nc(-c3ccco3)nn12,8.15
A2A,CHEMBL3694781,CC(C)Sc1nc(-n2cccn2)nc(N)c1Br,8.15
A2A,CHEMBL3694784,N#Cc1c(N)nc(-n2cccn2)nc1-n1cccn1,8.15
A2A,CHEMBL5864942,COc1cccc2c(C(=O)NCc3cccc(CN4CCOCC4)c3)nc(N)nc12,8.15
A2A,CHEMBL5866213,C[C@H](Cc1nc2c3ccc4c(c3nc(N)n2n1)OC(F)(F)O4)N1Cc2ccncc2C1,8.15
A2A,CHEMBL1688378,CCCCC#Cc1nc(N)c2ncn([C@@H]3SC[C@@H](O)[C@H]3O)c2n1,8.14
A2A,CHEMBL2377093,N#Cc1cccc(-c2nc(N)c3cc(Cc4ccccc4F)sc3n2)c1,8.14
A2A,CHEMBL3222066,Nc1nc(-c2ccco2)nc2sc(CN3CC=CC3)cc12,8.14
A2A,CHEMBL3703592,OC1CS[C@@H](n2cnc3c(NCc4cccc(F)c4)ncnc32)[C@H]1O,8.14
A2A,CHEMBL3951351,Oc1ccc(-c2cnc(N[C@H]3CC[C@H](O)CC3)nc2-c2ccccc2)cc1Cl,8.14
A2A,CHEMBL4079360,COc1ccc(-c2cn3c(=O)n(-c4ccccc4)nc3c(N)n2)cc1,8.14
A2A,CHEMBL4642262,Nc1nc(-c2ccc(NC(=O)CCN3CCN(CCO)CC3)cc2)cn2c(=O)n(-c3ccccc3)nc12,8.14
A2A,CHEMBL5088622,Nc1nc(-c2ccccc2)c2c(n1)-c1cc(OCCCN3CCCC3)ccc1C2,8.14
A2A,CHEMBL5169465,COc1ccc(-c2cn3c(=O)n(-c4ccc([N+](=O)[O-])cc4)nc3c(N)n2)cc1,8.14
A2A,CHEMBL5171906,Nc1nc(-c2ccco2)c2cnn(Cc3cccc(OCCCCC(=O)NO)c3)c2n1,8.14
A2A,CHEMBL6044836,Cc1c(-c2c(-c3ccc(F)cc3)nc(N)n3nc(Cc4ncccc4F)nc23)ccc(=O)n1C,8.14
A2A,CHEMBL5903479,Cc1ccc(-c2nc(N)nc3c2C(=O)N(C)C3=Cc2ccccc2F)o1,8.14
A2A,CHEMBL5763195,Nc1nc2c3c(ccc2c2nc(CC4CCN(CCC(F)(F)F)C4)nn12)OC(F)(F)O3,8.14
A2A,CHEMBL5871859,CC(NC(=O)c1nc(-c2ccc3ncccc3c2)c(-c2ccn(C)n2)nc1N)c1ncccn1,8.14
A2A,CHEMBL124345,N#Cc1c(N)nc(SCc2ncc[nH]2)c(C#N)c1-c1ccccc1,8.13
A2A,CHEMBL255649,Cc1ccc(-c2nc(NC(=O)COc3ccccc3)cc(-c3nccs3)n2)o1,8.13
A2A,CHEMBL519549,COC(=O)Nc1cc(-c2cncc(OC)c2)nc(-n2nc(C)cc2C)n1,8.13
A2A,CHEMBL3703583,OC1CS[C@@H](n2cnc3c(NCc4cccc(F)c4)nc(Cl)nc32)[C@H]1O,8.13
A2A,CHEMBL4079325,CC(C)Oc1ccc(-c2cn3c(=O)n(-c4ccccc4)nc3c(N)n2)cc1,8.13
A2A,CHEMBL4519655,Nc1nc(-c2ccc3c(c2)OCO3)cn2c(=O)n(-c3ccccc3)nc12,8.13
A2A,CHEMBL5201270,Nc1nc(N2CCN(CCN3CCCC3)CC2)nc2sc(-c3ccco3)nc12,8.13
A2A,CHEMBL5912890,CC(C)(O)Cn1cc(N2CCC[C@@H](c3nc4c5cc(F)c(OC(F)F)cc5nc(N)n4n3)C2)cn1,8.13
A2A,CHEMBL6173772,Nc1nc(NCCN2CCN(c3ccccc3)CC2)nc2sc(-c3ccco3)nc12,8.13
A2A,CHEMBL404739,Cc1ccc(-c2nc(NC(=O)COc3ccccc3F)cc(-c3nccs3)n2)o1,8.12
A2A,CHEMBL455848,COC[C@H]1C[C@H](OC)CN1c1cc(NC(C)=O)nc(-n2nc(C)cc2C)n1,8.12
A2A,CHEMBL538629,Nc1nc(C(=O)NCc2ccccc2)cc(-c2ccco2)n1,8.12
A2A,CHEMBL594000,Cc1cccc(CNC(=O)c2nc(N)nc(-c3ccco3)n2)c1,8.12
A2A,CHEMBL2398484,C[C@@H](O)CCc1nc(N)c2nc(-n3nccn3)n(C)c2n1,8.12
A2A,CHEMBL2419137,CCCCn1c(/N=C/c2ccc(Br)cc2)c(C#N)sc1=S,8.12
A2A,CHEMBL3087716,Cn1c(-c2ccco2)nc2c(N)ncnc21,8.12
A2A,CHEMBL3981401,CCCn1c(=O)n(CC)c(=O)c2[nH]c(-c3ccc(OCC(=O)NCCN)cc3)nc21,8.12
A2A,CHEMBL5826340,COc1cccc2c1nc(N)n1nc([C@@H]3CCCN(CCCC(F)(F)F)C3)nc21,8.12
A2A,CHEMBL5813526,C[C@@H]1CN(c2nsnc2Cl)CCN1Cc1nc2c3ccc4c(c3nc(N)n2n1)OC(F)(F)O4,8.12
A2A,CHEMBL5933787,COc1cc2nc(N)n3nc([C@@H]4CCCN(c5ncn(CC(C)(C)O)n5)C4)nc3c2cc1F,8.12
A2A,CHEMBL195410,COc1ccc(Cn2cnc3c(-c4ccco4)nc(N)nc32)cc1,8.11
A2A,CHEMBL485752,CCOC(=O)Nc1cc(-c2cncc(OC)c2)nc(-n2nc(C)cc2C)n1,8.11
A2A,CHEMBL481770,Nc1nc2c(cnn2CCc2ccc(-c3ccc(OC(F)(F)F)cc3)cc2)c2nc(-c3ccco3)nn12,8.11
A2A,CHEMBL1088683,CN(C)CCN(C)Cc1ccc2c(c1)-c1nc(N)nc(-c3ccccc3)c1C2=O,8.11
A2A,CHEMBL1088260,CCN(CC)CCN(C)C(=O)c1ccc2c(c1)-c1nc(N)nc(-c3ccccc3)c1C2=O,8.11
A2A,CHEMBL1270813,COCCCn1c(NC(=O)c2cccc(C#N)c2)nc2cc(C(=O)N3CCCC[C@H]3C)cnc21,8.11
A2A,CHEMBL3414942,CCn1nnc([C@H]2O[C@@H](n3cnc4c(N[C@H]5C[C@@H]6CC[C@@H]5C6)ncnc43)[C@H](O)[C@@H]2O)n1,8.11
A2A,CHEMBL3416792,CCNC(=O)[C@H]1O[C@@H](n2cnc3c(N)nc(NCCN4CCN(c5ccccc5F)CC4)nc32)[C@H](O)[C@@H]1O,8.11
A2A,CHEMBL3596512,COc1cccc(N2CCN(Cc3nc4c5cccc(OC)c5nc(N)n4n3)[C@H](C)C2)c1,8.11
A2A,CHEMBL3763806,CSc1cccc2c(C(=O)NCc3cccc4cccnc34)nc(N)nc12,8.11
A2A,CHEMBL3892905,COc1ccc(CNC(=O)c2nc(N)nc3c(OC)cccc23)nc1,8.11
A2A,CHEMBL4470683,N#Cc1cccc(-c2nc(N)c3nc(-c4ccco4)sc3n2)c1,8.11
A2A,CHEMBL4546595,Nc1nc(-c2ccc(CO)cc2)nc2sc(-c3ccco3)nc12,8.11
A2A,CHEMBL4867286,COc1ccc(Cc2nc3c(-c4ccc(=O)n(C)c4)c(-c4ccccc4)nc(N)n3n2)nc1,8.11
A2A,CHEMBL6008157,Nc1nc(-c2ccc(F)cc2)c(-c2ccc(=O)n(C3CCOC3)c2)c2nc(Cc3c(F)cccc3F)nn12,8.11
A2A,CHEMBL5754370,Nc1nc2c3c(ccc2c2nc(CCN4CCC(F)CC4)nn12)OC(F)(F)O3,8.11
A2A,CHEMBL6046146,C[C@H]1COCCN1CCc1nc2c3ccc4c(c3nc(N)n2n1)OC(F)(F)O4,8.11
A2A,CHEMBL5960438,C[C@@H](Cc1nc2c3ccc4c(c3nc(N)n2n1)OC(F)(F)O4)N1Cc2ccncc2C1,8.11
A2A,CHEMBL6053179,COc1cc2nc(N)n3nc([C@@H]4CCCN(c5cnn(CCC[C@H](C)O)c5)C4)nc3c2cc1F,8.11
A2A,CHEMBL332718,CCN(CC)C(=O)C1CCCN(C(=O)c2cc(N)n3nc(-c4ccc(Br)o4)nc3c2)C1,8.1
A2A,CHEMBL410033,COc1nc(-c2ccco2)c2ncn(C(=O)NCc3ccccc3)c2n1,8.1
A2A,CHEMBL261349,Nc1nc(-c2ccco2)c2ncn(Cc3cccc(Cl)c3)c2n1,8.1
A2A,CHEMBL403470,Nc1nc(-c2ccco2)c2cnn(Cc3ccccc3N)c2n1,8.1
A2A,CHEMBL486351,CC(=O)Nc1cc(-c2cc(C)cc(C)c2)nc(-n2nc(C)cc2C)n1,8.1
A2A,CHEMBL487372,CC(=O)Nc1cc(-c2cccc(N)n2)nc(-n2nc(C)cc2C)n1,8.1
A2A,CHEMBL577135,CCCn1cc2c(nc(NC(=O)Cc3ccc4ccccc4c3)n3nc(-c4ccco4)nc23)n1,8.1
A2A,CHEMBL573588,CCCCn1cc2c(nc(NC(=O)Cc3ccc4ccccc4c3)n3nc(-c4ccco4)nc23)n1,8.1
A2A,CHEMBL592540,CCC(=O)N[C@H]1C[C@@H](n2cnc3c(NC(CC)CC)nc(NCCc4cn(C(C)C)cn4)nc32)[C@H](O)[C@@H]1O,8.1
A2A,CHEMBL601515,CC(C)n1cnc(CCNc2nc(NCC(c3ccccc3)c3ccccc3)c3ncn([C@@H]4C[C@H](NC(=O)C5CCC5)[C@@H](O)[C@H]4O)c3n2)c1,8.1
A2A,CHEMBL1087999,CCN(CC)CCOc1ccc2c(c1)-c1nc(N)nc(-c3ccccc3)c1C2=O,8.1
A2A,CHEMBL1087819,CC(=O)N1CCN(Cc2cccc3c2-c2nc(N)nc(-c4ccccc4)c2C3=O)CC1,8.1
A2A,CHEMBL2398482,CC(O)CCc1nc(N)c2nc(-n3nccn3)n(C)c2n1,8.1
A2A,CHEMBL3753012,O=C(Nc1ccccc1)Nc1nc(NC2CCCCC2)nc2nc(-c3ccco3)nn12,8.1
A2A,CHEMBL3694780,CCSc1nc(-n2cccn2)nc(N)c1Br,8.1
A2A,CHEMBL5085791,COCCOc1ccc(N2CCN(CCn3c(=O)cnc4c(-c5ccc(C)o5)nc(N)nc43)CC2)c(F)c1,8.1
A2A,CHEMBL6003531,Nc1nc(C(=O)NCC2CCN(c3ncc(F)cn3)CC2)c2cccc(F)c2n1,8.1
A2A,CHEMBL5916379,Cn1cc(-c2c(-c3ccc(F)cc3)nc(N)n3nc(Cc4nccs4)nc23)ccc1=O,8.1
A2A,CHEMBL5963481,Cn1cc(-c2c(-c3cc(F)cc(F)c3)nc(N)n3nc(Cc4ncccc4F)nc23)ccc1=O,8.1
A2A,CHEMBL5974092,Cn1cc(-c2c(-c3ccccn3)nc(N)n3nc(Cc4c(F)cccc4F)nc23)ccc1=O,8.1
A2A,CHEMBL5781132,COc1ccccc1CNC(=O)c1nc(-c2cc(C)nc(C)c2)c(-c2ccc(C)o2)nc1N,8.1
A2A,CHEMBL405235,O=C(c1cccs1)c1nc(NCCCO)nc2ccsc12,8.09
A2A,CHEMBL511405,Nc1nc(-c2cccs2)c2nnn(Cc3ccccc3F)c2n1,8.09
A2A,CHEMBL1087185,CN1CCN(C(=O)c2ccc3c(c2)-c2nc(N)nc(-c4ccccc4)c2C3=O)CC1,8.09
A2A,CHEMBL1650384,CC(=O)Nc1cc(-c2ccco2)nc(-c2ccco2)n1,8.09
A2A,CHEMBL1935760,Cn1cc2nc(N)n3nc(-c4ccco4)nc3c2n1,8.09
A2A,CHEMBL3121732,Cn1c(=O)c2[nH]c(Cc3ccc(OCCCN4CCC5(CC4)OCCO5)cc3)nc2n(C)c1=O,8.09
A2A,CHEMBL3765062,Nc1nc(C(=O)NCc2cccc3cc[nH]c23)c2cccc(F)c2n1,8.09
A2A,CHEMBL3984266,CCCCNc1nc(N)c2nc(-c3ccco3)sc2n1,8.09
A2A,CHEMBL4578482,N#CCOc1ccc(-c2cn3c(=O)n(-c4ccccc4)nc3c(N)n2)cc1,8.09
A2A,CHEMBL5185998,Nc1nc(C(=O)NCCCO)cn2c1nc1ccccc12,8.09
A2A,CHEMBL5781725,Cn1cc(-c2c(-c3ncco3)nc(N)n3nc(Cc4c(F)cccc4F)nc23)ccc1=O,8.09
A2A,CHEMBL5955357,Cc1cnc2ccc(-c3c(N4CCCC4)nc(N)n4nc(Cc5ncccc5F)nc34)cn12,8.09
A2A,CHEMBL5754988,COc1cc2nc(N)n3nc(C4CCC(C)N(c5cnn(CC6(CF)COC6)c5)C4)nc3c2cc1F,8.09
A2A,CHEMBL3414946,CCn1nnc([C@H]2O[C@@H](n3cnc4c(Nc5ccc(Cl)cc5F)ncnc43)[C@H](O)[C@@H]2O)n1,8.08
A2A,CHEMBL3763215,Cc1cccc(CNC(=O)c2nc(N)nc3c(F)cccc23)c1,8.08
A2A,CHEMBL4468448,Nc1nc(N/N=C/c2ccc[nH]2)nc2c1ncn2[C@@H]1O[C@H](CO)[C@@H](O)[C@H]1O,8.08
A2A,CHEMBL5094920,Nc1nc(NCCCc2ccc(C(=O)NO)cc2)nc2nc(-c3ccco3)nn12,8.08
A2A,CHEMBL5190972,Nc1nc(C(=O)NCCc2ccc3c(c2)OCO3)cn2c1nc1ccccc12,8.08
A2A,CHEMBL5562642,CCCCC#Cc1nc(N)c2nc(-c3cccs3)[nH]c2n1,8.08
A2A,CHEMBL6031805,COc1cccc2c(C(=O)N[C@@H](CO)c3ccc4ccccc4n3)nc(N)nc12,8.08
A2A,CHEMBL5810207,Nc1nc(-c2ncco2)c(-c2ccnc(OC(F)F)c2)c2nc(Cc3ncccc3F)nn12,8.08
A2A,CHEMBL5876564,CN1CCC[C@H]1Cc1nc2c(-c3ccc4ncn(C)c4c3)c(-c3ccc(F)cc3)nc(N)n2n1,8.08
A2A,CHEMBL5963684,Nc1nc(-c2ncco2)c(-c2ccc3ncnn3c2)nc1C(=O)NCc1ncccc1F,8.08
A2A,CHEMBL5941719,Nc1nc2c3c(ccc2c2nc(Cc4cccnc4N4CC[C@@H](c5ccc(F)cc5)C4)nn12)OC(F)(F)O3,8.08
A2A,CHEMBL406397,Cc1cc(C)n(-c2cc(NC(=O)CN3CCCC3)nc(-c3ccc(C)o3)n2)n1,8.07
A2A,CHEMBL512812,Nc1nc(-c2ccco2)c2nnn(Cc3ccc4[nH]ncc4c3)c2n1,8.07
A2A,CHEMBL467035,Nc1nc(-c2ccco2)c2nnn(CC3CCCCC3)c2n1,8.07
A2A,CHEMBL449469,Cc1cnc(-c2nc(N)nc3c2nnn3Cc2ccccc2F)s1,8.07
A2A,CHEMBL508558,Nc1nc(-c2nccs2)c2nnn(Cc3ccccc3F)c2n1,8.07
A2A,CHEMBL595365,Cc1cc(CNC(=O)c2cc(-c3ccc(C)o3)nc(N)n2)no1,8.07
A2A,CHEMBL1087820,Nc1nc(-c2ccccc2)c2c(n1)-c1c(CN3CCCCCC3)cccc1C2=O,8.07
A2A,CHEMBL3596503,COc1cccc2c1nc(N)n1nc(CN3CCN(c4ccccc4F)C[C@H]3C)nc21,8.07
A2A,CHEMBL4561681,CC(C)(C)c1cc(-c2cn3c(=O)n(-c4ccccc4)nc3c(N)n2)ccc1O,8.07
A2A,CHEMBL4533415,N#Cc1ccc(/C=N/Nc2nc(N)c3ncn([C@@H]4O[C@H](CO)[C@@H](O)[C@H]4O)c3n2)cc1,8.07
A2A,CHEMBL5078028,Cc1ccc(-c2nc(N)nc3c2ncc(=O)n3CCN2CCN(c3ccc(F)cc3F)CC2)o1,8.07
A2A,CHEMBL5998181,Cc1cc(-c2nnc(N)nc2-c2cccc(F)c2)cc(Cl)n1,8.07
A2A,CHEMBL5917737,COc1cc2nc(N)n3nc([C@@H]4CCCN(c5ccc(OC(F)F)nc5)C4)nc3c2cc1F,8.07
A2A,CHEMBL197148,Nc1nc(-c2ccco2)c2ncn(Cc3ccc(C(F)(F)F)c(F)c3)c2n1,8.06
A2A,CHEMBL461650,Nc1nc(-c2ccco2)c2nnn(Cc3ccco3)c2n1,8.06
A2A,CHEMBL575197,O=C(Cc1cccs1)Nc1nc2nn(CCc3ccccc3)cc2c2nc(-c3ccco3)nn12,8.06
A2A,CHEMBL593746,COCc1cccc(CNC(=O)c2nc(N)nc(-c3ccco3)n2)n1,8.06
A2A,CHEMBL1762624,Nc1nc2c(cnn2CCN2CCC3(CC2)OCCO3)c2nn(Cc3ccccc3)c(=O)n12,8.06
A2A,CHEMBL3222068,Nc1nc(-c2ccco2)nc2sc(CN3CCC(F)(F)C3)cc12,8.06
A2A,CHEMBL4876080,Cn1cc(-c2c(-c3ccc(F)cc3)nc(N)n3nc([C@H](O)c4ncccc4F)nc23)ccc1=O,8.06
A2A,CHEMBL5814124,CN1C(=O)c2c(nc(N)nc2-c2ccco2)C1=Cc1ccc(F)cc1F,8.06
A2A,CHEMBL6064222,Nc1nc2c3c(ccc2c2nc(CN4CCN(c5cccc(F)c5)CC45CC5)nn12)OC(F)(F)O3,8.06
A2A,CHEMBL325350,Nc1cc(C(=O)N2CCCC2)cc2nc(-c3ccc(Br)o3)nn12,8.05
A2A,CHEMBL325237,Nc1cc(C(=O)N2CCSCC2)cc2nc(-c3ccc(Br)o3)nn12,8.05
A2A,CHEMBL235075,COc1ccc(-c2nn3c(N)nc4ccccc4n3c2=O)cc1,8.05
A2A,CHEMBL403478,CCNC(=O)[C@H]1O[C@@H](n2cnc3c(NCC(c4ccccc4)c4ccccc4)nc(C(=O)NCCN4CCCCC4)nc32)[C@H](O)[C@@H]1O,8.05
A2A,CHEMBL271202,Cc1cc(C)n(-c2cc(NC(=O)CN3CCN(C)CC3)nc(-c3nccs3)n2)n1,8.05
A2A,CHEMBL258006,Nc1nc(-c2cccs2)c2cnn(Cc3ccccc3F)c2n1,8.05
A2A,CHEMBL257756,Nc1nc(-c2ccco2)c2cnn(Cc3ccccc3Cl)c2n1,8.05
A2A,CHEMBL522268,COc1cccc(-n2c(=O)n(Cc3c(F)cccc3F)c3cnc(NCCc4cccs4)nc32)c1,8.05
A2A,CHEMBL516168,COCC1CCCN1c1cc(NC(C)=O)nc(-n2nc(C)cc2C)n1,8.05
A2A,CHEMBL576583,COc1ccc(CC(=O)Nc2nc3nn(CCCc4ccccc4)cc3c3nc(-c4ccco4)nn23)cc1,8.05
A2A,CHEMBL593975,Cc1cccnc1CNC(=O)c1cc(-c2cccc(F)c2)nc(N)n1,8.05
A2A,CHEMBL593508,Cc1cccc(-c2cc(C(=O)NCc3ncccc3C)nc(N)n2)c1,8.05
A2A,CHEMBL1258307,C=CCOc1ccc(CCCn2ncc3c2nc(N)n2nc(-c4ccco4)nc32)cc1,8.05
A2A,CHEMBL1762628,CS(=O)(=O)N1CCN(CCn2ncc3c2nc(N)n2c(=O)n(Cc4ccccc4)nc32)CC1,8.05
A2A,CHEMBL1762514,Nc1nc2c(cnn2CCN2CCOCC2)c2nn(Cc3ccccc3)c(=O)n12,8.05
A2A,CHEMBL2377229,Nc1nc(-c2cnco2)nc2sc(Cc3ccccc3)cc12,8.05
A2A,CHEMBL3596511,COc1ccccc1N1CCN(Cc2nc3c4cccc(OC)c4nc(N)n3n2)[C@H](C)C1,8.05
A2A,CHEMBL3703585,OC1CS[C@@H](n2cnc3c(NCc4cccc(Br)c4)nc(Cl)nc32)[C@H]1O,8.05
A2A,CHEMBL3916846,CCn1nc(-c2cccc(-c3cccc(C(=O)NCCN4CCNCC4)c3)c2)cc(NC(=O)Nc2c(Cl)cncc2Cl)c1=O,8.05
A2A,CHEMBL4745014,Nc1nc(-c2ccc(NC(=O)c3ccc(O)c(O)c3)cc2)cn2c(=O)n(-c3ccccc3)nc12,8.05
A2A,CHEMBL5086094,Cc1ccc(-c2nc(N)nc(-c3ccccc3)c2C#N)cc1,8.05
A2A,CHEMBL5440290,Cc1c(C#N)cccc1-c1cc(-c2ccn(Cc3cccc(C(C)(C)O)n3)c(=O)c2)nc(N)n1,8.05
A2A,CHEMBL6004547,Cn1ccc(-c2nc(N)cnc2-c2cc(Cl)c3[nH]ncc3c2)n1,8.05
A2A,CHEMBL6177390,N#Cc1c(N)nc(N2CCCCC2)c(C#N)c1-c1cccc(-c2cccnc2)c1,8.05
A2A,CHEMBL300624,Cn1c(-c2cccc(F)c2)nc2c(N)nc(C#CC(C)(C)O)nc21,8.04
A2A,CHEMBL576351,CC(C)CCn1cc2c(nc(NC(=O)Cc3ccc(-c4ccccc4)cc3)n3nc(-c4ccco4)nc23)n1,8.04
A2A,CHEMBL1671935,CC(C)(C)CC(=O)Nc1ccc(C(=O)Nc2nccs2)cc1F,8.04
A2A,CHEMBL1935762,Nc1nc2cn(CCc3ccccc3)nc2c2nc(-c3ccco3)nn12,8.04
A2A,CHEMBL3100164,Cc1cc(C)n(-c2nc(Nc3ccccn3)cc(-n3cccn3)n2)n1,8.04
A2A,CHEMBL3217800,Nc1nc(-c2ccc(Cl)o2)nc2sc(CN3CCCC(F)(F)C3)cc12,8.04
A2A,CHEMBL3222065,Nc1nc(-c2ccco2)nc2sc(CN3CCSCC3)cc12,8.04
A2A,CHEMBL3414948,CCn1nnc([C@H]2O[C@@H](n3cnc4c(NCc5ccccc5I)nc(Cl)nc43)[C@H](O)[C@@H]2O)n1,8.04
A2A,CHEMBL3798754,Cc1ccc(-c2nc(N)c3nn(Cc4ccccc4)cc3n2)o1,8.04
A2A,CHEMBL4128926,CC(C)(C)NS(=O)(=O)c1ccc(-c2sc(C(=O)N[C@H]3C[C@H](C(=O)O)C3)nc2CC2CCCCC2)c2ccccc12,8.04
A2A,CHEMBL4753875,Nc1nc(-c2ccc(NC(=O)CCNC(=O)c3cccc(S(N)(=O)=O)c3)cc2)cn2c(=O)n(-c3ccccc3)nc12,8.04
A2A,CHEMBL4849795,Nc1nc(Cc2ccccc2)cn2c1nc1ccccc12,8.04
A2A,CHEMBL4862010,Nc1nc(-c2ccccc2)c(-c2ccnnc2)c2nc(Cc3ncccc3F)nn12,8.04
A2A,CHEMBL1256672,Nc1nc(Nc2ccccc2)nc2c1ncn2[C@@H]1O[C@H](CO)[C@@H](O)[C@H]1O,8.04
A2A,CHEMBL5971764,COc1cccc2c(C(=O)NCc3ccccc3-c3cccnc3)nc(N)nc12,8.04
A2A,CHEMBL5804335,Cc1ccc(-c2cccnc2CNC(=O)c2nc(N)nc3c(F)cccc23)nc1,8.04
A2A,CHEMBL5800748,Cc1cnc2ccc(-c3nc(C(=O)NC4CCC4)c(N)nc3-c3ncco3)cn12,8.04
A2A,CHEMBL144979,COc1ccc(NC(=O)Nc2nc3ccc(Cl)cc3c3nc(-c4ccco4)nn23)cc1,8.03
A2A,CHEMBL374685,Nc1nc(OCCc2ccccc2)nc2c1ncn2[C@@H]1O[C@H](CO)[C@@H](O)[C@H]1O,8.03
A2A,CHEMBL246673,COCCOc1ccc(N2CCN(CCn3cnc4c3nc(N)n3nc(-c5ccccc5F)nc43)CC2)cc1,8.03
A2A,CHEMBL571672,Nc1nc(C(=O)NCc2cccnc2)cc(-c2ccco2)n1,8.03
A2A,CHEMBL538949,Nc1nc(C(=O)NCc2cccc(CO)n2)cc(-c2ccco2)n1,8.03
A2A,CHEMBL1088665,CN1CCN(NCc2ccc3c(c2)-c2nc(N)nc(-c4ccccc4)c2C3=O)CC1,8.03
A2A,CHEMBL3596590,COc1cccc2c1nc(N)n1nc(CN3CCN(c4cnn(C(C)(C)C)c4)C[C@H]3C)nc21,8.03
A2A,CHEMBL4290429,NCCCNC(=O)COc1ccc(CCCn2ncc3c2nc(N)n2nc(-c4ccco4)nc32)cc1,8.03
A2A,CHEMBL4745912,COc1ccc(N2CCOCC2)c2sc(NC(=O)N3CCC(O)(CCF)CC3)nc12,8.03
A2A,CHEMBL5079399,COCCOc1ccc(N2CCN(CCn3c(=O)cnc4c(-c5ccc(C)o5)nc(N)nc43)CC2)c(F)c1F,8.03
A2A,CHEMBL5188037,Nc1nc(N2CCN(c3ccccc3)CC2)nc2sc(-c3ccco3)nc12,8.03
A2A,CHEMBL5769004,Cn1cc(-c2nc(C(=O)NC(CO)c3c(F)cccc3F)c(N)nc2-c2ncco2)ccc1=O,8.03
A2A,CHEMBL5859757,Cc1cc(-c2nnc(N)nc2-c2ccccc2F)cc(Cl)n1,8.03
A2A,CHEMBL5939518,Cc1ncc(-c2nc(N)cnc2-c2cc(Cl)c3ncccc3c2)s1,8.03
A2A,CHEMBL141550,O=C(Nc1cccc(Cl)c1)Nc1nc2ccc(Cl)cc2c2nc(-c3ccco3)nn12,8.02
A2A,CHEMBL480749,COCCOc1ccc(N2CCN(CCNc3cc4nc(-c5ccco5)nn4c(N)n3)CC2)cc1,8.02
A2A,CHEMBL557696,Cc1ccc(CNC(=O)c2cc(-c3ccco3)nc(N)n2)cc1,8.02
A2A,CHEMBL609308,Cc1cc(C)nc(CNC(=O)c2cc(-c3ccc(C)o3)nc(N)n2)c1,8.02
A2A,CHEMBL1270508,COCCCn1c(NC(=O)c2cccc(C#N)c2)nc2cc(C(=O)N3CCCCC3)cnc21,8.02
A2A,CHEMBL2419141,CCCCn1c(/N=C/c2ccc(Cl)cc2)c(C#N)sc1=S,8.02
A2A,CHEMBL3098228,COC[C@H]1CCCN1c1cc(Nc2nccs2)nc(-n2nc(C)cc2C)n1,8.02
A2A,CHEMBL3740436,CCn1nnc([C@H]2O[C@@H](n3cnc4c(N)nc(NC(C)Cc5ccc(F)cc5)nc43)[C@H](O)[C@@H]2O)n1,8.02
A2A,CHEMBL3981924,Nc1nc(C(=O)NCc2cccc(CO)n2)c2cccc(F)c2n1,8.02
A2A,CHEMBL5088875,Nc1cc(F)ccc1NC(=O)c1ccc(CCNc2nc(N)n3nc(-c4ccco4)nc3n2)cc1,8.02
A2A,CHEMBL3735985,Cc1ccc(-c2cc(-c3cccc(C(=O)N4CCCCC4)c3)nc(N)n2)o1,8.02
A2A,CHEMBL5980480,N#Cc1cccc(-c2nc3[nH]ccc(=O)c3cc2-c2ccc3ncsc3c2)c1,8.02
A2A,CHEMBL297685,Cn1c(-c2cccc(F)c2)nc2c(N)nc(C#CC3(O)CCCC3)nc21,8.01
A2A,CHEMBL2377233,Cc1csc(-c2nc(N)c3cc(Cc4ccccc4F)sc3n2)n1,8.01
A2A,CHEMBL3414940,CCn1nnc([C@H]2O[C@@H](n3cnc4c(NC5CC5)ncnc43)[C@H](O)[C@@H]2O)n1,8.01
A2A,CHEMBL5859819,Nc1nc2c(Cl)cccc2c2nc(C3CCCN(CCC(F)(F)F)C3)nn12,8.01
A2A,CHEMBL5884787,COc1cccc2c1nc(N)n1nc([C@@H]3CCCN(CC4CCCC4)C3)nc21,8.01
A2A,CHEMBL20888,CCNc1c2c(nc(N)n3nc(-c4ccco4)nc23)nn1C,8.0
A2A,CHEMBL544678,CCNc1c2c(nc(N)n3nc(-c4ccco4)nc23)nn1C.Cl,8.0
A2A,CHEMBL168892,COc1cccc(-c2n[nH]c(Cc3cccc(Br)c3)n2)c1,8.0
A2A,CHEMBL168334,O=[N+]([O-])c1ccc(O)c(/C=N/N=C(\S)Cc2ccccc2)c1,8.0
A2A,CHEMBL195294,CC(C)c1ccc(Cn2cnc3c(-c4ccco4)nc(N)nc32)cc1,8.0
A2A,CHEMBL247900,COCCOc1ccc(N2CCN(CCn3cnc4c3nc(N)n3nc(-c5ccccc5C(F)(F)F)nc43)CC2)cc1,8.0
A2A,CHEMBL272924,COc1ccc(CC(=O)Nc2cc(-n3cccn3)nc(-c3ccc(C)o3)n2)cc1,8.0
A2A,CHEMBL429428,Cc1cc(C)n(-c2cc(NC(=O)CN3CCC[C@H](CN(C)C)C3)nc(-c3ccc(C)o3)n2)n1,8.0
A2A,CHEMBL409419,Cc1cc(C)n(-c2cc(NC(=O)CN3CCCN(C)CC3)nc(-c3ccc(C)o3)n2)n1,8.0
A2A,CHEMBL466453,CCCn1c(=O)c2[nH]c(-c3ccc(COC(=O)Nc4cc[nH]n4)cc3)cc2n(CCC)c1=O,8.0
A2A,CHEMBL564224,COc1ccccc1CC(=O)Nc1nc(N)nc(-c2ccco2)c1[N+](=O)[O-],8.0
A2A,CHEMBL1096890,CCNC(=O)[C@H]1O[C@@H](n2cnc3c(NCC(c4ccccc4)c4ccccc4)nc(C(=O)NCCNC(=O)NCCN4CCc5ccccc5C4)nc32)[C@H](O)[C@@H]1O,8.0
A2A,CHEMBL1096892,CCNC(=O)[C@H]1O[C@@H](n2cnc3c(NCC(c4ccccc4)c4ccccc4)nc(C(=O)NCCNC(=O)NCCc4ccccc4)nc32)[C@H](O)[C@@H]1O,8.0
A2A,CHEMBL1094548,CN1CCCN(c2ccc3c(c2)-c2nc(N)nc(-c4ccccc4)c2C3=O)CC1,8.0
A2A,CHEMBL1088237,Nc1nc(-c2ccc(F)cc2)c2c(n1)-c1cc(CNN3CCCCC3)ccc1C2=O,8.0
A2A,CHEMBL2024117,Cc1cc(-c2nnc(N)nc2-c2cc(F)cc(F)c2)cc(C)n1,8.0
A2A,CHEMBL3222085,Nc1nc(-c2ccc(Cl)o2)nc2sc(CN3CC=CC3)cc12,8.0
A2A,CHEMBL3596506,COc1cccc2c1nc(N)n1nc(CN3CCN(c4ccccc4)C[C@H]3C)nc21,8.0
A2A,CHEMBL3765449,Nc1nc(C(=O)NCc2cccc3ccccc23)c2cccc(F)c2n1,8.0
A2A,CHEMBL3914681,COc1ccc(C(C)(C)O)nc1CNC(=O)c1nc(N)nc2c(OC)cccc12,8.0
A2A,CHEMBL3694779,Nc1nc(-n2cccn2)nc(NCC2CC2)c1Br,8.0
A2A,CHEMBL4080925,Nc1nc(-c2ccccc2)cn2c(=O)n(-c3ccccc3)nc12,8.0
A2A,CHEMBL4168016,Nc1nc(NCc2cccs2)nc2sc(-c3cccs3)nc12,8.0
A2A,CHEMBL4855390,Nc1nc(-c2cccc(Br)c2)cn2c1nc1ccccc12,8.0
A2A,CHEMBL4846301,COc1cccc(-c2cn3c(nc4ccccc43)c(N)n2)c1,8.0
A2A,CHEMBL5092198,Nc1nc2c(cnn2CCCCCCC(=O)NO)c2nc(-c3ccco3)nn12,8.0
A2A,CHEMBL5073445,Nc1cc(F)ccc1NC(=O)c1ccc(CCCn2ncc3c2nc(N)n2nc(-c4ccco4)nc32)cc1,8.0
A2A,CHEMBL5093654,N#Cc1c(SCc2ncc[nH]2)nc(N)nc1-c1ccccc1,8.0
A2A,CHEMBL5092037,N#Cc1c(-c2ccccc2)nc(N)nc1-c1ccco1,8.0
A2A,CHEMBL6013361,COc1cccc2c1nc(N)n1nc([C@@H]3CC4CC[C@H]3N(CC(F)(F)F)C4)nc21,8.0
A2A,CHEMBL6176599,C#Cc1cccc(-c2c(C#N)c(N)nc(N3CCCCC3)c2C#N)c1,8.0
A2A,CHEMBL1771806,Nc1nc2c(cnn2CCCc2ccc(OCC(=O)O)cc2)c2nc(-c3ccco3)nn12,7.99
A2A,CHEMBL3222067,Nc1nc(-c2ccco2)nc2sc(CN3CCC(F)C3)cc12,7.99
A2A,CHEMBL3740858,CCn1nnc([C@H]2O[C@@H](n3cnc4c(N)nc(N[C@H](C)Cc5ccc(Br)cc5)nc43)[C@H](O)[C@@H]2O)n1,7.99
A2A,CHEMBL4435740,CCCCC/C=C/C=C/C=N/Nc1nc(N)c2ncn([C@@H]3O[C@H](CO)[C@@H](O)[C@H]3O)c2n1,7.99
A2A,CHEMBL5080901,Nc1nc(NCCOc2ccc(C(=O)NO)cc2)nc2nc(-c3ccco3)nn12,7.99
A2A,CHEMBL5084351,N#Cc1c(-c2ccccc2)nc(N)nc1-c1cccc(O)c1,7.99
A2A,CHEMBL5076412,COc1ccc(-c2nc(N)nc(-c3ccccc3)c2C#N)c(OC)c1,7.99
A2A,CHEMBL5201523,Nc1nc(-c2ccco2)c2cnn(Cc3cccc(OCCCCCCC(=O)NO)c3)c2n1,7.99
A2A,CHEMBL5437168,Cc1c(C#N)cccc1-c1cc(-c2ccn(Cc3cccc(C(C)(C)F)n3)c(=O)c2)nc(N)n1,7.99
A2A,CHEMBL513681,Cn1c(=O)c2[nH]c(-c3ccc(COC(=O)Nc4ccsc4)cc3)cc2n(C)c1=O,7.98
A2A,CHEMBL1097495,CN(C)CCN(C)c1ccc(-c2nc(N)nc3c2C(=O)c2ccccc2-3)o1,7.98
A2A,CHEMBL1762629,CS(=O)(=O)N1CCN(CCn2ncc3c2nc(N)n2c(=O)n(Cc4cccc(Cl)c4)nc32)CC1,7.98
A2A,CHEMBL5410449,O=C(Nc1noc(-c2ccccc2)n1)c1cccc(Cl)c1,7.98
A2A,CHEMBL460596,CC(C)NC(=O)c1cccc(Cn2nnc3c(-c4ccco4)nc(N)nc32)c1,7.97
A2A,CHEMBL1771808,NCCNCCNC(=O)COc1ccc(CCCn2ncc3c2nc(N)n2nc(-c4ccco4)nc32)cc1,7.97
A2A,CHEMBL3740507,CCn1nnc([C@H]2O[C@@H](n3cnc4c(N)nc(N[C@@H](C)Cc5ccc(OC)cc5)nc43)[C@H](O)[C@@H]2O)n1,7.97
A2A,CHEMBL3741805,CCn1nnc([C@H]2O[C@@H](n3cnc4c(N)nc(NC(C)Cc5ccc(Cl)cc5)nc43)[C@H](O)[C@@H]2O)n1,7.97
A2A,CHEMBL4071262,C#CCOc1ccc(-c2cn3c(=O)n(-c4ccccc4)nc3c(N)n2)cc1,7.97
A2A,CHEMBL4793920,Nc1nc(-c2ccc(NC(=O)CCNCCc3ccc(S(N)(=O)=O)cc3)cc2)cn2c(=O)n(-c3ccccc3)nc12,7.97
A2A,CHEMBL5783328,Nc1nc(-c2ccco2)c2c(n1)C(Cc1ccc(F)cc1F)OC2=O,7.97
A2A,CHEMBL5741142,COc1cc2nc(N)n3nc(C4CC(F)CN(c5cnn(CC(C)(C)O)c5)C4)nc3c2cc1F,7.97
A2A,CHEMBL109499,Nc1cc(C(=O)N2CCCC2)cc2nc(-c3ccco3)nn12,7.96
A2A,CHEMBL50051,Cn1c(-c2ccco2)nc2c(N)nc(C#CC3(O)CCCCC3)nc21,7.96
A2A,CHEMBL201407,CCCn1c(=O)c2nc(-c3ccc(OCC(=O)c4ccc(I)cc4)cn3)[nH]c2n(CCC)c1=O,7.96
A2A,CHEMBL225233,Nc1nc(OCCc2cccs2)nc2c1ncn2[C@@H]1O[C@H](CO)[C@@H](O)[C@H]1O,7.96
A2A,CHEMBL255859,Cc1ccc(-c2nc(NC(=O)COc3cccc(F)c3)cc(-c3nccs3)n2)o1,7.96
A2A,CHEMBL257213,CCNC(=O)[C@H]1O[C@@H](n2cnc3c(NCC(c4ccccc4)c4ccccc4)nc(CNC(=O)NCCN(C(C)C)C(C)C)nc32)[C@H](O)[C@@H]1O,7.96
A2A,CHEMBL429761,Cc1cc(C)n(-c2cc(NC(=O)CN3CC[C@H](CN(C)C)C3)nc(-c3ccc(C)o3)n2)n1,7.96
A2A,CHEMBL409420,CCN1CCN(CC(=O)Nc2cc(-n3nc(C)cc3C)nc(-c3ccc(C)o3)n2)CC1,7.96
A2A,CHEMBL406932,O=C(c1cccs1)c1nc(C(F)(F)F)nc2ccsc12,7.96
A2A,CHEMBL518178,NC(=O)c1cccc(Cn2nnc3c(-c4ccco4)nc(N)nc32)c1,7.96
A2A,CHEMBL468370,N#Cc1c(-c2ccccc2)cc(-c2ccco2)nc1N,7.96
A2A,CHEMBL1082005,Cc1ccc(-c2nc(NC(=O)C3CC3)ccc2-c2ccncc2)o1,7.96
A2A,CHEMBL1086697,CN1CCN(C(=O)c2ccc3c(c2)-c2nc(N)nc(-c4ccc(F)cc4)c2C3=O)CC1,7.96
A2A,CHEMBL1270814,COCCCn1c(NC(=O)c2cccc(C#N)c2)nc2cc(C(=O)N3CCCC[C@@H]3C)cnc21,7.96
A2A,CHEMBL1762625,Nc1nc2c(cnn2CCN2CCC3(CC2)OCCO3)c2nn(Cc3cccc(Cl)c3)c(=O)n12,7.96
A2A,CHEMBL1927629,CC(C)(C)CC(=O)N1CCN(c2nc(N)n3nc(-c4ccco4)nc3n2)CC1,7.96
A2A,CHEMBL1935763,Nc1nc2cn(CCCc3ccccc3)nc2c2nc(-c3ccco3)nn12,7.96
A2A,CHEMBL2377239,Cc1ccc(-c2nc(N)c3cc(Cc4ccccc4)sc3n2)o1,7.96
A2A,CHEMBL2419148,CCn1c(/N=C/c2ccc(F)cc2)c(C#N)sc1=S,7.96
A2A,CHEMBL3222084,Nc1nc(-c2ccc(Cl)o2)nc2sc(CN3CC=CCC3)cc12,7.96
A2A,CHEMBL3313941,Nc1ncc(C(=O)NCCc2ccccc2)c2nc(-c3ccco3)nn12,7.96
A2A,CHEMBL3694770,Nc1nc(-n2cccn2)nc(N2CCCC2)c1Br,7.96
A2A,CHEMBL4290842,CNc1ncc(C(=O)OC(C)c2ccccc2)c2nc(-c3ccco3)nn12,7.96
A2A,CHEMBL4637032,CN1CCN(CCC(=O)Nc2ccc(-c3cn4c(=O)n(-c5ccccc5)nc4c(N)n3)cc2)CC1,7.96
A2A,CHEMBL5189051,Nc1nc(-c2ccco2)c2cnn(Cc3cccc(OCCCCCC(=O)NO)c3)c2n1,7.96
A2A,CHEMBL6028673,Nc1nc2ccccc2c2nc([C@@H]3CCCN(CC(F)F)C3)nn12,7.96
A2A,CHEMBL5990931,Cc1cc(-c2c(-c3ccc(F)cc3)nc(N)n3nc(Cc4c(F)cccc4F)nc23)c(C)cn1,7.96
A2A,CHEMBL5896698,Cn1cc(-c2c(-c3ncco3)nc(N)n3nc(Cc4ncccc4OC(F)F)nc23)ccc1=O,7.96
A2A,CHEMBL5811659,Cn1cc(-c2nc(C(=O)NCc3cccc(N)n3)c(N)nc2-c2ncco2)ccc1=O,7.96
A2A,CHEMBL5964242,CC1(F)CCN(CCc2nc3c4ccc5c(c4nc(N)n3n2)OC(F)(F)O5)CC1,7.96
A2A,CHEMBL6048795,C[C@@H]1CC[C@@H](C)N1CCc1nc2c3ccc4c(c3nc(N)n2n1)OC(F)(F)O4,7.96
A2A,CHEMBL5832351,C[C@@H]1CN(CCc2nc3c4ccc5c(c4nc(N)n3n2)OC(F)(F)O5)CCO1,7.96
A2A,CHEMBL261345,Nc1nc2ccccc2n2nc(-c3ccco3)nc12,7.95
A2A,CHEMBL1087702,CN1CCN(Cc2cccc3c2-c2nc(N)nc(-c4ccccc4)c2C3=O)CC1,7.95
A2A,CHEMBL1087711,CC1CCC(C)N1Cc1cccc2c1-c1nc(N)nc(-c3ccccc3)c1C2=O,7.95
A2A,CHEMBL4452898,COc1ccc(-c2nc(N)c3nc(-c4ccco4)sc3n2)cc1,7.95
A2A,CHEMBL5076540,Nc1nc(NCCc2ccc(NC(=O)CCCCCCC(=O)NO)cc2)nc2nc(-c3ccco3)nn12,7.95
A2A,CHEMBL178584,Nc1nc(-c2ccccc2)c2c(n1)-c1ccccc1C2,7.95
A2A,CHEMBL5901757,Cc1ccc(-c2nc(N)nc3c2C(=O)OC3Cc2ccccc2C(F)(F)F)o1,7.95
A2A,CHEMBL482283,Nc1nc2c(cnn2CCc2ccc(-c3cccnc3)cn2)c2nc(-c3ccco3)nn12,7.94
A2A,CHEMBL471974,COc1ccc(CCCc2cc3nc(-c4ccco4)nn3c(N)n2)cc1,7.94
A2A,CHEMBL1094244,CCN1CCN(c2ccc3c(c2)-c2nc(N)nc(-c4ccccc4)c2C3=O)CC1,7.94
A2A,CHEMBL1927433,NCCOCCOCCNc1nc(N)n2nc(-c3ccco3)nc2n1.O=C(O)C(F)(F)F,7.94
A2A,CHEMBL2377090,N#Cc1cccc(-c2nc(N)c3cc(Cc4ccccc4)sc3n2)c1,7.94
A2A,CHEMBL5074665,CNc1nc(-c2ccccc2)c(C#N)c(-c2cc(OC)cc(OC)c2)n1,7.94
A2A,CHEMBL5568925,Cc1c(C#N)cccc1-c1cc(-c2cn(Cc3csc4c3CCCC4)nn2)nc(N)n1,7.94
A2A,CHEMBL6046222,CN1C(=O)c2c(-c3ccco3)nc(N)nc2C1Cc1ccccc1OC(F)(F)F,7.94
A2A,CHEMBL5855188,COc1cc2nc(N)n3nc([C@@H]4C[C@@H](F)CN(c5cnn(CC(C)(C)O)c5)C4)nc3c2cc1F,7.94
A2A,CHEMBL575386,CCCCn1cc2c(nc(NC(=O)Cc3cccc4ccccc34)n3nc(-c4ccco4)nc23)n1,7.93
A2A,CHEMBL1258191,CCCOc1ccc(CCCn2ncc3c2nc(N)n2nc(-c4ccco4)nc32)cc1,7.93
A2A,CHEMBL4642172,Nc1nc(-c2ccc(NC(=O)CCN3CCN(c4ccccc4)CC3)cc2)cn2c(=O)n(-c3ccccc3)nc12,7.93
A2A,CHEMBL5091888,Cc1ccc(-c2nc(N)nc3c2ncc(=O)n3CCN2CCN(c3ccccc3F)CC2)o1,7.93
A2A,CHEMBL5435338,c1ccc(CNc2nc(N3CCCCC3)c3nccnc3n2)nc1,7.93
A2A,CHEMBL6014503,COc1cc2nc(N)n3nc([C@@H]4CCCN(c5cnn(CS(C)(=O)=O)c5)C4)nc3c2cc1F,7.93
A2A,CHEMBL320349,COC[C@@H]1CCCN1C(=O)c1cc(N)n2nc(-c3ccc(Br)o3)nc2c1,7.92
A2A,CHEMBL351075,CCCn1cc2c(nc(NC(=O)Nc3ccc(C)cc3)n3nc(-c4ccco4)nc23)n1,7.92
A2A,CHEMBL201281,CCCn1c(=O)c2[nH]c(-c3ccc(OCC(=O)Nc4ccc(F)cc4)cc3)cc2n(CCC)c1=O,7.92
A2A,CHEMBL270467,Cc1cc(C)n(-c2cc(NC(=O)CN3CCN(C)CC3)nc(-c3ccc(C)o3)n2)n1,7.92
A2A,CHEMBL408624,CCc1nc(-c2cccc(C)n2)c2sccc2n1,7.92
A2A,CHEMBL257982,Nc1nc(-c2ccccn2)c2cnn(Cc3ccccc3F)c2n1,7.92
A2A,CHEMBL442670,Nc1nc(-c2ccco2)c2nnn(Cc3ccc4[nH]nnc4c3)c2n1,7.92
A2A,CHEMBL462501,Nc1nc(-c2ccco2)c2nnn(Cc3ccccn3)c2n1,7.92
A2A,CHEMBL464928,COc1cccc(-n2c(=O)n(Cc3c(F)cccc3F)c3cnc(NCc4ccccn4)nc32)c1,7.92
A2A,CHEMBL487371,CC(=O)Nc1cc(-c2ccnc(N3CCOCC3)c2)nc(-n2nc(C)cc2C)n1,7.92
A2A,CHEMBL515992,CC(=O)Nc1cc(N2CCCC2=O)nc(-n2nc(C)cc2C)n1,7.92
A2A,CHEMBL476310,N#Cc1c(-c2ccco2)cc(-c2cccs2)nc1N,7.92
A2A,CHEMBL457102,O=C(c1ccccc1)c1sc(NCCc2cccs2)nc1-c1ccco1,7.92
A2A,CHEMBL596307,Cc1ccc(-c2nc(N)nc(C(=O)NCc3ccccn3)c2C)o1,7.92
A2A,CHEMBL591999,CCCCC#Cc1nc(N)c2ncn([C@@H]3C[C@H](NC(=O)CC)[C@@H](O)[C@H]3O)c2n1,7.92
A2A,CHEMBL1079801,N#Cc1ccc(NC(=O)C2CC2)nc1-c1ccco1,7.92
A2A,CHEMBL1221457,Cc1noc(-c2sc(NC(=O)C3CC3)nc2-c2ccccc2)n1,7.92
A2A,CHEMBL1270008,CCN(C)C(=O)c1ccc2nc(NC(=O)c3cccc(C#N)c3)n(CCCOC)c2n1,7.92
A2A,CHEMBL1671938,COc1c(C(=O)Nc2nccs2)ccc(NC(=O)CC(C)(C)C)c1F,7.92
A2A,CHEMBL1935753,CCCn1ncc2nc(N)n3nc(-c4ccco4)nc3c21,7.92
A2A,CHEMBL2042298,CCNC(=O)[C@H]1O[C@@H](n2cnc3c(N)nc(NCCc4ccccc4)nc32)[C@H](O)[C@@H]1O,7.92
A2A,CHEMBL2398486,CC(=O)CCc1nc(N)c2nc(-n3nccn3)n(C)c2n1,7.92
A2A,CHEMBL3222089,C[C@@H]1CCC[C@H](C)N1Cc1cc2c(N)nc(-c3ccc(Br)o3)nc2s1,7.92
A2A,CHEMBL3260729,O=C(c1ccc(C(=O)N2CCCCCC2)cc1)c1cnc2ccc(F)cn12,7.92
A2A,CHEMBL3763871,CN(CCCc1ccccn1)C(=O)c1cnc2c(CNC(=O)c3nc(N)nc4c(F)cccc34)cccc2c1,7.92
A2A,CHEMBL4076650,COc1cnc(N2CCOCC2)c2sc(NC(=O)C(C)(C)Oc3ccc(F)c(F)c3)nc12,7.92
A2A,CHEMBL4175676,Nc1nc(NCc2ccncc2)nc2sc(-c3ccco3)nc12,7.92
A2A,CHEMBL5193224,CCn1c(=O)c2c(nc(/C=C/c3cccc(C(F)(F)F)c3)n2C)n(CC)c1=O,7.92
A2A,CHEMBL5833506,Nc1nc2c3c(ccc2c2ncnn12)OC(F)(F)O3,7.92
A2A,CHEMBL5916649,Nc1nc2c3c(ccc2c2nc(CCN4CC(O)(C(F)(F)F)C4)nn12)OC(F)(F)O3,7.92
A2A,CHEMBL6046114,C[C@H](Cc1nc2c3ccc4c(c3nc(N)n2n1)OC(F)(F)O4)N1CCCC(C)(F)C1,7.92
A2A,CHEMBL5767204,C[C@H](NC(=O)c1nc(-c2ccc3[nH]ncc3c2)c(-c2ccn(C)n2)nc1N)c1cccc(C#N)n1,7.92
A2A,CHEMBL593999,Cc1ccccc1CNC(=O)c1nc(N)nc(-c2ccco2)n1,7.91
A2A,CHEMBL1088259,CN(C)CCN(C)C(=O)c1ccc2c(c1)-c1nc(N)nc(-c3ccccc3)c1C2=O,7.91
A2A,CHEMBL1258077,Nc1nc2c(cnn2CCCc2ccc(OCCF)cc2)c2nc(-c3ccco3)nn12,7.91
A2A,CHEMBL2030689,CC(C)c1nc(N)nc(-c2ccccc2O)n1,7.91
A2A,CHEMBL3314879,CNC(=O)c1cnc(NC(=O)Cc2ccccc2)n2nc(-c3ccco3)nc12,7.91
A2A,CHEMBL5186576,Cc1ccc(-c2nc(N)nc3c2cnn3Cc2cccc(OCCCCCC(=O)NO)c2)o1,7.91
A2A,CHEMBL5412076,c1cncc(CNc2ncc(-c3ccncc3)c(-c3cccs3)n2)c1,7.91
A2A,CHEMBL426656,CCCn1c(=O)c2nc(-c3cc(OCC(=O)c4ccc(F)cc4)nn3C)[nH]c2n(CCC)c1=O,7.9
A2A,CHEMBL246675,COCCOc1ccc(N2CCN(CCn3cnc4c3nc(N)n3nc(-c5ccccn5)nc43)CC2)cc1,7.9
A2A,CHEMBL1095812,CCN1CCC(Nc2ccc3c(c2)-c2nc(N)nc(-c4ccccc4)c2C3=O)CC1,7.9
A2A,CHEMBL1762636,Nc1nc2c(cnn2CCN2CCN(c3cnccn3)CC2)c2nn(Cc3ccccc3)c(=O)n12,7.9
A2A,CHEMBL1800357,Nc1nc(-c2ccccc2O)nc(N2Cc3ccc(F)cc3C2)n1,7.9
A2A,CHEMBL3703588,COc1ccc(Cl)cc1CNc1nc(Cl)nc2c1ncn2[C@@H]1SCC(O)[C@@H]1O,7.9
A2A,CHEMBL49925,Cn1c(-c2cccc(C#N)c2)nc2c(N)nc(C#CC3(O)CCCCC3)nc21,7.89
A2A,CHEMBL51192,CCC(O)(C#Cc1nc(N)c2nc(-c3cccc(F)c3)n(C)c2n1)CC,7.89
A2A,CHEMBL259337,CCc1nc(-c2ccccn2)c2sccc2n1,7.89
A2A,CHEMBL411473,CSc1nc(-c2ccco2)c2ncn(C(=O)NCc3ccccc3)c2n1,7.89
A2A,CHEMBL264431,Nc1nc(-c2cccs2)c2ncn(C(=O)NCc3ccccc3)c2n1,7.89
A2A,CHEMBL572419,O=C(Cc1ccsc1)Nc1nc2nn(CCc3ccccc3)cc2c2nc(-c3ccco3)nn12,7.89
A2A,CHEMBL1088533,Nc1nc(-c2ccc(F)cc2)c2c(n1)-c1cc(CNN3CCCC3)ccc1C2=O,7.89
A2A,CHEMBL1087727,Nc1nc(-c2ccccc2)c2c(n1)-c1cc(CNN3CCCCCC3)ccc1C2=O,7.89
A2A,CHEMBL1222145,CCOC(=O)c1sc(NC(=O)c2ccco2)nc1-c1ccccc1,7.89
A2A,CHEMBL1270709,COCCCn1c(NC(=O)c2cccc(C#N)c2)nc2cc(C(=O)N(C)C(C)C)cnc21,7.89
A2A,CHEMBL1762637,Nc1nc2c(cnn2CCN2CCN(c3cnccn3)CC2)c2nn(Cc3cccc(Cl)c3)c(=O)n12,7.89
A2A,CHEMBL3414943,CCn1nnc([C@H]2O[C@@H](n3cnc4c(N[C@H]5C[C@@H]6CC[C@@H]5C6)nc(Cl)nc43)[C@H](O)[C@@H]2O)n1,7.89
A2A,CHEMBL3703596,OC1CO[C@@H](n2cnc3c(NCc4cccc(Br)c4)nc(Cl)nc32)[C@H]1O,7.89
A2A,CHEMBL4081533,COc1cnc(N2CCOCC2)c2sc(NC(=O)C(C)(C)Oc3ccc(F)cc3F)nc12,7.89
A2A,CHEMBL5565475,Nc1nc(-c2ccco2)nc2c1nc(-c1ccco1)n2[C@@H]1OC[C@@H](O)[C@H]1O,7.89
A2A,CHEMBL6005886,Cc1cc(-c2nc(C(=O)NCc3ccccc3OC(F)(F)F)c(N)nc2-c2ccc(F)cc2)cc(C)n1,7.89
A2A,CHEMBL5942988,Nc1nnc(-c2cc(Cl)cc(OS(=O)(=O)C(F)(F)F)c2)c(-c2ccccc2)n1,7.89
A2A,CHEMBL5945006,CO[C@@H]1CCCN(CCc2nc3c4ccc5c(c4nc(N)n3n2)OC(F)(F)O5)C1,7.89
A2A,CHEMBL225287,Nc1nc(OCCc2ccsc2)nc2c1ncn2[C@@H]1O[C@H](CO)[C@@H](O)[C@H]1O,7.88
A2A,CHEMBL1258192,CC(C)Oc1ccc(CCCn2ncc3c2nc(N)n2nc(-c4ccco4)nc32)cc1,7.88
A2A,CHEMBL2165805,CC1CC[C@@H](C)N1Cc1ccc2c(c1)-c1nc(N)nc(-c3ccccc3)c1C2=O,7.88
A2A,CHEMBL2377231,COc1ccccc1Cc1cc2c(N)nc(-c3nc(C)cs3)nc2s1,7.88
A2A,CHEMBL2377226,COc1ccccc1Cc1cc2c(N)nc(-c3ccc(C(F)F)o3)nc2s1,7.88
A2A,CHEMBL3217866,N#Cc1cccc(-c2nc(N)c3cc(CN4CC=CCC4)sc3n2)c1,7.88
A2A,CHEMBL3596505,COc1cccc2c1nc(N)n1nc(CN3CCN(c4ccc(F)cn4)C[C@H]3C)nc21,7.88
A2A,CHEMBL3740085,CCn1nnc([C@H]2O[C@@H](n3cnc4c(N)nc(N[C@H](C)Cc5ccccc5)nc43)[C@H](O)[C@@H]2O)n1,7.88
A2A,CHEMBL4059961,CCn1nnc([C@H]2O[C@@H](n3cnc4c(NCc5cccc(Br)c5)nc(Cl)nc43)[C@H](O)[C@@H]2O)n1,7.88
A2A,CHEMBL4295054,CNc1ncc(C(=O)OCc2ccccc2OC)c2nc(-c3ccco3)nn12,7.88
A2A,CHEMBL5408288,CCCCC#Cc1nc(N)c2nc(-c3ccco3)n([C@@H]3SC[C@@H](O)[C@H]3O)c2n1,7.88
A2A,CHEMBL5824224,Cc1ccc(-c2nc(N)nc3c2C(=O)N(C)C3=Cc2ccc(F)cc2F)o1,7.88
A2A,CHEMBL1088261,CCN(CC)CCNC(=O)c1ccc2c(c1)-c1nc(N)nc(-c3ccccc3)c1C2=O,7.87
A2A,CHEMBL3764697,Cc1ccccc1CNC(=O)c1nc(N)nc2c(F)cccc12,7.87
A2A,CHEMBL4764597,Nc1nc(-c2ccc(NC(=O)c3cccc(S(N)(=O)=O)c3)cc2)cn2c(=O)n(-c3ccccc3)nc12,7.87
A2A,CHEMBL5620265,Nc1nc2c3ccccc3nc(-c3cccs3)n2n1,7.87
A2A,CHEMBL5824961,COc1cc2nc(N)n3nc(C45CC4CN(c4cnn(CC(C)(C)O)c4)C5)nc3c2cc1F,7.87
A2A,CHEMBL6159665,CCCCC#Cc1nc(N)c2nc(-c3cccs3)n([C@H]3[C@H](O)[C@H](O)[C@@H]4C[C@@H]43)c2n1,7.87
A2A,CHEMBL1094721,CC(C)N(CCOc1ccc2c(c1)-c1nc(N)nc(-c3ccccc3)c1C2=O)C(C)C,7.86
A2A,CHEMBL5898366,COc1cc2nc(N)n3nc([C@@H]4CCCN(c5cnc(OC(F)F)c(C)c5)C4)nc3c2cc1F,7.86
A2A,CHEMBL113228,Cc1ccc(-c2nc3cc(C(=O)N4CCCCC4)cc(N)n3n2)o1,7.85
A2A,CHEMBL67994,Nc1nc2c(cnn2CCc2ccc(O)cc2)c2nc(-c3ccco3)nn12,7.85
A2A,CHEMBL255861,Cc1ccc(-c2nc(NC(=O)COc3cccc(Cl)c3)cc(-c3nccs3)n2)o1,7.85
A2A,CHEMBL272825,Cc1ccc(-c2nc(NC(=O)CN3CCN(C)CC3)cc(-n3nccc3C)n2)o1,7.85
A2A,CHEMBL406314,CN(C)c1nc(-c2nccn2C)c2sccc2n1,7.85
A2A,CHEMBL406298,Nc1nc(-c2ccco2)c2sccc2n1,7.85
A2A,CHEMBL558291,Nc1nc(C(=O)NCc2ccco2)cc(-c2ccco2)n1,7.85
A2A,CHEMBL595845,Nc1nc(C(=O)NCc2ccccn2)cc(-c2ccccc2)n1,7.85
A2A,CHEMBL593973,Cc1cccnc1CNC(=O)c1cc(-c2ccccc2F)nc(N)n1,7.85
A2A,CHEMBL1762515,Nc1nc2c(cnn2CCN2CCOCC2)c2nn(Cc3cccc(Cl)c3)c(=O)n12,7.85
A2A,CHEMBL2042299,CCNC(=O)[C@H]1O[C@@H](n2cnc3c(N)nc(NCCc4ccc(N)cc4)nc32)[C@H](O)[C@@H]1O,7.85
A2A,CHEMBL2042302,CCNC(=O)[C@H]1O[C@@H](n2cnc3c(N)nc(NCCc4ccc(NC(=O)c5cc(C(C)(C)C)c(O)c(C(C)(C)C)c5)cc4)nc32)[C@H](O)[C@@H]1O,7.85
A2A,CHEMBL3740141,CCCn1c(-c2ccco2)nc2c(N)nc(NCCc3ccccc3)nc21,7.85
A2A,CHEMBL3763234,Nc1nc(C(=O)NCCc2ccccn2)c2cccc(F)c2n1,7.85
A2A,CHEMBL3800254,Cc1ccc(-c2nc(N)c3nn(Cc4cccc(O)c4)cc3n2)o1,7.85
A2A,CHEMBL3694772,Nc1nc(-n2cccn2)nc(N2CCCCC2)c1Br,7.85
A2A,CHEMBL3694777,COC[C@H]1CCCN1c1nc(-n2cccn2)nc(N)c1Br,7.85
A2A,CHEMBL3694782,Nc1nc(-n2cccn2)nc(OCC(F)(F)F)c1Br,7.85
A2A,CHEMBL4103199,COCCOc1cccc(OC(C)(C)C(=O)Nc2nc3c(OC)cnc(N4CCOCC4)c3s2)c1,7.85
A2A,CHEMBL5924694,Nc1nc(C(=O)NCc2cc(C3CC3)on2)c2cccc(F)c2n1,7.85
A2A,CHEMBL5764300,COc1cccc2c1nc(N)n1nc([C@H]3CCCN(CCC(F)(F)F)C3)nc21,7.85
A2A,CHEMBL416537,Cc1cccc(-n2nc3c(N)nc4ccccc4n3c2=O)c1,7.84
A2A,CHEMBL449596,Nc1nc(-c2ccco2)c2nnn(Cc3cccnc3)c2n1,7.84
A2A,CHEMBL1087701,Nc1nc(-c2ccccc2)c2c(n1)-c1c(CN3CCCCC3)cccc1C2=O,7.84
A2A,CHEMBL1258418,C=CCCOc1ccc(CCCn2ncc3c2nc(N)n2nc(-c4ccco4)nc32)cc1,7.84
A2A,CHEMBL4097468,CCn1nnc([C@H]2O[C@@H](n3cnc4c(NCc5cccc(F)c5)ncnc43)[C@H](O)[C@@H]2O)n1,7.84
A2A,CHEMBL4846299,Cc1ccc(-c2cn3c(nc4ccccc43)c(N)n2)cc1,7.84
A2A,CHEMBL471923,Nc1nc2c(cnn2CCN2Cc3ccccc3C2)c2nc(-c3ccco3)nn12,7.83
A2A,CHEMBL1087084,CCN1CCN(C(=O)c2ccc3c(c2)-c2nc(N)nc(-c4ccccc4)c2C3=O)CC1,7.83
A2A,CHEMBL4089741,CCn1nnc([C@H]2O[C@@H](n3cnc4c(NCc5cccs5)ncnc43)[C@H](O)[C@@H]2O)n1,7.83
A2A,CHEMBL4278340,CNc1ncc(C(=O)OCc2cccc(OC)c2)c2nc(-c3ccco3)nn12,7.83
A2A,CHEMBL4466404,NCCOc1ccc(-c2cn3c(=O)n(-c4ccccc4)nc3c(N)n2)cc1,7.83
A2A,CHEMBL5192000,Nc1nc(C(=O)Nc2ccccc2)cn2c1nc1ccccc12,7.83
A2A,CHEMBL5188801,Nc1nc(-c2ccco2)c2cnn(Cc3cccc(OCCCCCCC(=O)NO)n3)c2n1,7.83
A2A,CHEMBL5560922,Nc1nc(-c2cccs2)nc2[nH]c(-c3cccs3)nc12,7.83
A2A,CHEMBL5971795,Nc1nc(-c2ccco2)c2c(n1)C(Cc1ccccc1F)OC2=O,7.83
A2A,CHEMBL113542,CC1CCCN(C(=O)c2cc(N)c3nc(-c4ccc(Br)o4)nn3c2)C1,7.82
A2A,CHEMBL21910,COc1ccc(CC(=O)Nc2nc3nn(C)c(SC)c3c3nc(-c4ccco4)nn23)cc1,7.82
A2A,CHEMBL301512,Cn1c(-c2ccccc2F)nc2c(N)nc(C#CC3(O)CCCCC3)nc21,7.82
A2A,CHEMBL271786,COC1CCN(CC(=O)Nc2cc(-n3nc(C)cc3C)nc(-c3ccc(C)o3)n2)CC1,7.82
A2A,CHEMBL456069,COC[C@@H]1CCCN1c1cc(NC(C)=O)nc(-c2nccs2)n1,7.82
A2A,CHEMBL444953,Cc1ccc(-c2cc(-c3ccco3)nc(N)c2C#N)o1,7.82
A2A,CHEMBL468295,Cn1c(=O)c2[nH]c(-c3ccc(COC(=O)Nc4cccs4)cc3)cc2n(C)c1=O,7.82
A2A,CHEMBL573589,Cn1cc2c(nc(NC(=O)COc3ccccc3)n3nc(-c4ccco4)nc23)n1,7.82
A2A,CHEMBL596014,O=C(NC1CC1)[C@H]1S[C@@H](n2cnc3c(NCc4cccc(I)c4)ncnc32)[C@H](O)[C@@H]1O,7.82
A2A,CHEMBL1170130,CCN(C(C)=O)c1ccc(Cl)c2nc(NC(=O)c3ccc(F)cc3)sc12,7.82
A2A,CHEMBL1770170,Nc1nc2c(cnn2CCCc2ccc(OCC(=O)NCCNCCNC(=O)CCCCCNC(=O)COc3ccc(/C=C/C4=[N+]5C(=Cc6ccc(-c7ccc[nH]7)n6[B-]5(F)F)C=C4)cc3)cc2)c2nc(-c3ccco3)nn12,7.82
A2A,CHEMBL2030688,CCc1cc2c(=O)c(-c3nc(C)cs3)coc2cc1OCC(=O)OC(C)C,7.82
A2A,CHEMBL3087707,Nc1ncnc2c1nc(-c1ccco1)n2CCCO,7.82
A2A,CHEMBL3314875,CNC(=O)c1cnc(N)n2nc(-c3ccco3)nc12,7.82
A2A,CHEMBL3753690,c1ccc(CNc2nc(NC3CCCCC3)n3nc(-c4ccco4)nc3n2)cc1,7.82
A2A,CHEMBL3764552,Nc1nc(C(=O)NCc2ccc3ccccc3n2)c2cccc(F)c2n1,7.82
A2A,CHEMBL3763374,COc1ccnc2c(CNC(=O)c3nc(N)nc4c(F)cccc34)cccc12,7.82
A2A,CHEMBL4099543,COc1cnc(N2CCOCC2)c2sc(NC(=O)C(C)(C)Oc3c(F)cccc3F)nc12,7.82
A2A,CHEMBL5185537,Nc1nc(NC2CCN(C3CCCN(Cc4ccccc4)C3)CC2)nc2sc(-c3ccco3)nc12,7.82
A2A,CHEMBL5195323,Nc1nc(-c2ccco2)c2cnn(Cc3ccc(N)c(OCCCCCCC(=O)NO)c3)c2n1,7.82
A2A,CHEMBL5969196,Cc1cnc(-c2nc(N)n3nc(Cc4c(F)cccc4F)nc3c2-c2ccc(=O)n(C)c2)o1,7.82
A2A,CHEMBL6001821,Nc1nc2c3c(ccc2c2nc(Cc4cccnc4N4CC[C@@H](c5ccc(C(F)(F)F)cc5)C4)nn12)OC(F)(F)O3,7.82
A2A,CHEMBL6176669,N#Cc1c(N)nc(N2CCCCC2)c(C#N)c1-c1cccc(-c2ccccn2)c1,7.82
A2A,CHEMBL199862,O=C(COc1ccc(-c2cc3c([nH]2)c(=O)n(CC2CC2)c(=O)n3CC2CC2)cc1)Nc1ccccc1,7.81
A2A,CHEMBL1762635,COCCOc1ccc(N2CCN(CCn3ncc4c3nc(N)n3c(=O)n(Cc5cccc(Cl)c5)nc43)CC2)c(F)c1,7.81
A2A,CHEMBL5072422,N#Cc1c(-c2ccccc2)nc(N)nc1-c1cccc(Cl)c1,7.81
A2A,CHEMBL5083728,N#Cc1c(-c2ccccc2)nc(N)nc1-c1ccc(F)cc1F,7.81
A2A,CHEMBL5753430,Cc1cc(-c2nnc(N)nc2-c2ccc(Cl)cc2)cc(C)n1,7.81
A2A,CHEMBL110047,COC[C@@H]1CCCN1C(=O)c1cc(N)c2nc(-c3ccc(Br)o3)nn2c1,7.8
A2A,CHEMBL554955,CCNc1c2c(nc(NC(=O)Nc3ccc(OC)cc3)n3nc(-c4ccco4)nc23)nn1C.Cl,7.8
A2A,CHEMBL48153,Cn1c(-c2cccc(F)c2)nc2c(N)nc(C#CC3(O)CCCCC3)nc21,7.8
A2A,CHEMBL201026,CCCn1c(=O)c2[nH]c(-c3ccc(OCC(=O)c4c(NC(=O)O)[nH]c(=O)n(C)c4=O)cc3)cc2n(CCC)c1=O,7.8
A2A,CHEMBL255647,Cc1ccc(-c2nc(NC(=O)CCc3ccccc3F)cc(-c3nccs3)n2)o1,7.8
A2A,CHEMBL407326,CCc1nc(C(=O)c2cccs2)c2sccc2n1,7.8
A2A,CHEMBL267200,Nc1nc(-c2cc[nH]n2)c2cnn(Cc3ccccc3F)c2n1,7.8
A2A,CHEMBL410678,Nc1nc(-c2ccco2)c2ccn(Cc3ccccc3F)c2n1,7.8
A2A,CHEMBL561163,Nc1nc(NC(=O)c2ccccc2OC(F)(F)F)c([N+](=O)[O-])c(-c2ccco2)n1,7.8
A2A,CHEMBL573779,CCn1cc2c(nc(NC(=O)Cc3cccs3)n3nc(-c4ccco4)nc23)n1,7.8
A2A,CHEMBL576567,CC(C)CCn1cc2c(nc(NC(=O)Cc3ccc4ccccc4c3)n3nc(-c4ccco4)nc23)n1,7.8
A2A,CHEMBL594226,Cc1ccc(-c2cc(C(=O)NCc3ncccc3C)nc(N)n2)cc1,7.8
A2A,CHEMBL589348,CC(C)n1cnc(CCNc2nc(NCC(c3ccccc3)c3ccccc3)c3ncn([C@@H]4C[C@H](NC(=O)C5CC5)[C@@H](O)[C@H]4O)c3n2)c1,7.8
A2A,CHEMBL1270708,CCN(CC)C(=O)c1cnc2c(c1)nc(NC(=O)c1cccc(C#N)c1)n2CCCOC,7.8
A2A,CHEMBL2030706,O=c1c(-c2ccco2)nnc2n(CCc3ccccc3)c3ccccc3n12,7.8
A2A,CHEMBL3222086,Nc1nc(-c2ccc(Cl)o2)nc2sc(CN3CCC(F)(F)C3)cc12,7.8
A2A,CHEMBL3260728,CC1CN(c2nnc(N)nc2-c2ccccc2)CC(C)O1,7.8
A2A,CHEMBL3935610,Nc1nc(NCCc2ccccc2)nc2sc(-c3ccco3)nc12,7.8
A2A,CHEMBL3917647,Nc1nc(NCCc2cccc(O)c2)nc2sc(-c3ccco3)nc12,7.8
A2A,CHEMBL3694778,CNc1nc(-n2cccn2)nc(N)c1Br,7.8
A2A,CHEMBL4098377,CCn1nnc([C@H]2O[C@@H](n3cnc4c(NCc5cccc(Cl)c5)nc(Cl)nc43)[C@H](O)[C@@H]2O)n1,7.8
A2A,CHEMBL4279340,CNc1ncc(C(=O)OCc2cccc(Cl)c2)c2nc(-c3ccco3)nn12,7.8
A2A,CHEMBL5090769,CN(CCOc1ccc(C(=O)NO)cc1)c1nc(N)n2nc(-c3ccco3)nc2n1,7.8
A2A,CHEMBL5078550,COc1cc(-c2nc(Nc3ccccc3)nc(-c3ccccc3)c2C#N)cc(OC)c1OC,7.8
A2A,CHEMBL6008274,Nc1nc2c(O)cccc2c2nc([C@H]3CCC[C@@H](CCC(F)(F)F)C3)nn12,7.8
A2A,CHEMBL6062730,Nc1nc(-c2ccco2)c2c(n1)C(Cc1ccccc1C(F)(F)F)OC2=O,7.8
A2A,CHEMBL5970222,Nc1nc2c3c(ccc2c2nc(CN4Cc5cnc(C(F)(F)F)nc5C4)nn12)OC(F)(F)O3,7.8
A2A,CHEMBL5757287,Nc1nc2c3c(ccc2c2nc([C@H]4CC[C@H](N5CCCC(F)(F)C5)C4)nn12)OC(F)(F)O3,7.8
A2A,CHEMBL5989414,Nc1nc(-c2ccccc2)c(-c2ccc3ncccc3c2)nc1C(=O)NCCC1CCOCC1,7.8
A2A,CHEMBL6002455,C[C@H](NC(=O)c1nc(-c2ccc3ncccc3c2)c(-c2cccc(C#N)c2)nc1N)c1cccc(C#N)n1,7.8
A2A,CHEMBL378815,Cn1c(=O)c2[nH]c(-c3ccc(OCC(=O)Nc4nncs4)cc3)cc2n(C)c1=O,7.79
A2A,CHEMBL374760,Nc1nc(OCCc2ccc3ccccc3c2)nc2c1ncn2[C@@H]1O[C@H](CO)[C@@H](O)[C@H]1O,7.79
A2A,CHEMBL574502,CC(C)CCn1cc2c(nc(NC(=O)COc3ccc(Cl)cc3)n3nc(-c4ccco4)nc23)n1,7.79
A2A,CHEMBL2377230,Cc1csc(-c2nc(N)c3cc(Cc4ccccc4)sc3n2)n1,7.79
A2A,CHEMBL3416810,CCNC(=O)[C@H]1O[C@@H](n2cnc3c(N)nc(N4CCN(c5ccc(OCCCc6ccccc6)cc5)CC4)nc32)[C@H](O)[C@@H]1O,7.79
A2A,CHEMBL3742258,CCn1nnc([C@H]2O[C@@H](n3cnc4c(N)nc(NC(C)Cc5ccc(C(F)(F)F)cc5)nc43)[C@H](O)[C@@H]2O)n1,7.79
A2A,CHEMBL5071591,N#Cc1c(-c2ccccc2)nc(N)nc1-c1ccc(F)cc1,7.79
A2A,CHEMBL5857771,CN1C(=O)c2c(-c3ccco3)nc(N)nc2C1Cc1ccc(F)cc1F,7.79
A2A,CHEMBL16929,CCCn1c(=O)c2nc(-c3ccc(OCC(=O)Nc4ccc(F)cc4)cc3)[nH]c2n(CCC)c1=O,7.78
A2A,CHEMBL1087183,CC(C)N1CCC(NC(=O)c2ccc3c(c2)-c2nc(N)nc(-c4ccccc4)c2C3=O)CC1,7.78
A2A,CHEMBL1771809,CCN(CC)CC.CCN(CC)CC.N=c1ccc2c(-c3ccc(C(=O)NCCNC(=O)COc4ccc(CCCn5ncc6c5nc(N)n5nc(-c7ccco7)nc65)cc4)cc3C(=O)O)c3ccc(N)c(S(=O)(=O)O)c3oc-2c1S(=O)(=O)O,7.78
A2A,CHEMBL2414811,N=c1ccc2c(-c3ccc(C(=O)NCCCCCCn4cc(NCCNC(=O)COc5ccc(CCCn6ncc7c6nc(N)n6nc(-c8ccco8)nc76)cc5)nn4)cc3C(=O)O)c3ccc(N)c(S(=O)(=O)O)c3oc-2c1S(=O)(=O)O,7.78
A2A,CHEMBL4087306,CCn1nnc([C@H]2O[C@@H](n3cnc4c(NCC5CC5)ncnc43)[C@H](O)[C@@H]2O)n1,7.78
A2A,CHEMBL4455208,COc1cc(O)ccc1-c1cn2c(=O)n(-c3ccccc3)nc2c(N)n1,7.78
A2A,CHEMBL5192379,Nc1nc(C(=O)NCCc2ccc(O)cc2)cn2c1nc1ccccc12,7.78
A2A,CHEMBL6060340,COc1cc2nc(N)n3nc(C4CCCN(c5cnn(CC(C)(C)O)c5)C4=O)nc3c2cc1F,7.78
A2A,CHEMBL324591,Cc1ccc(-c2nc3cc(C(=O)N4CCCC4)cc(N)n3n2)o1,7.77
A2A,CHEMBL284969,OC[C@H]1O[C@@H](n2cnc3c(NC4CCCC4)nc(Cl)nc32)[C@H](O)[C@@H]1O,7.77
A2A,CHEMBL201128,CCCn1c(=O)c2[nH]c(-c3ccc(OC(C)(C)C(=O)Nc4ccc(F)cc4)cc3)cc2n(CCC)c1=O,7.77
A2A,CHEMBL401914,CCNC(=O)[C@H]1O[C@@H](n2cnc3c(NCC(c4ccccc4)c4ccccc4)nc(CNC(=O)NCCN4CCCCC4)nc32)[C@H](O)[C@@H]1O,7.77
A2A,CHEMBL271377,CN1CCN(CC(=O)Nc2cc(-n3cccn3)nc(-c3nccs3)n2)CC1,7.77
A2A,CHEMBL259164,Nc1nc(-c2ccccc2)c2ncn(C(=O)NCc3ccccc3)c2n1,7.77
A2A,CHEMBL402389,Nc1nc(-c2nccs2)c2cnn(Cc3ccccc3F)c2n1,7.77
A2A,CHEMBL486338,COc1ccc(-c2cc(NC(C)=O)nc(-n3nc(C)cc3C)n2)cc1,7.77
A2A,CHEMBL611954,Nc1nc(C(=O)NCc2ccccn2)cc(-c2ccccc2F)n1,7.77
A2A,CHEMBL1270007,COCCCn1c(NC(=O)c2cccc(C#N)c2)nc2ccc(C(=O)N3CCCCC3)cc21,7.77
A2A,CHEMBL1671932,COc1cc(C(=O)Nc2nccs2)ccc1NC(=O)CC(C)(C)C,7.77
A2A,CHEMBL1927444,NCC1CCC(CNc2nc(N)n3nc(-c4ccco4)nc3n2)CC1.O=C(O)C(F)(F)F,7.77
A2A,CHEMBL1935761,CCCn1cc2nc(N)n3nc(-c4ccco4)nc3c2n1,7.77
A2A,CHEMBL2377104,Nc1nc(-c2ncccn2)nc2sc(Cc3ccccc3)cc12,7.77
A2A,CHEMBL3222072,CC(C)c1ccc(-c2nc(N)c3cc(CN4[C@H](C)CCC[C@@H]4C)sc3n2)o1,7.77
A2A,CHEMBL3798383,Nc1nc(-c2ccco2)nc2cn(Cc3ccccc3O)nc12,7.77
A2A,CHEMBL3907658,COc1cccc(CCNc2nc(N)c3nc(-c4ccco4)sc3n2)c1,7.77
A2A,CHEMBL3963278,CCCNc1nc(N)c2nc(-c3ccco3)sc2n1,7.77
A2A,CHEMBL3694783,Nc1nc(-n2cccn2)nc(-n2cccn2)c1Cl,7.77
A2A,CHEMBL5777515,Nc1nc2c(O)cccc2c2nc([C@@H]3CCC[C@H](CCC(F)(F)F)C3)nn12,7.77
A2A,CHEMBL5992670,Cc1cn(-c2nnc(N)nc2-c2ccccc2)cc(C)c1=O,7.77
A2A,CHEMBL6012618,Cn1ccc(-c2nc(N)cnc2-c2cc(Cl)c3ncccc3c2)n1,7.77
A2A,CHEMBL5853034,N#Cc1cccc(-c2nc3[nH]ccc(=O)c3cc2-c2ccc3[nH]cnc3c2)c1,7.77
A2A,CHEMBL5854163,COc1cc2nc(N)n3nc([C@@H]4CCN(c5cnn(CC6(O)CCC6)c5)C4)nc3c2cc1F,7.77
A2A,CHEMBL552511,Nc1nc(C(=O)NCc2ccc(Cl)cc2)cc(-c2ccco2)n1,7.76
A2A,CHEMBL1088710,CN(C)CCOc1ccc2c(c1)-c1nc(N)nc(-c3ccccc3)c1C2=O,7.76
A2A,CHEMBL477,Nc1ncnc2c1ncn2[C@@H]1O[C@H](CO)[C@@H](O)[C@H]1O,7.76
A2A,CHEMBL5076254,COc1cc(OC)cc(-c2nc(Nc3ccccc3)nc(-c3ccccc3)c2C#N)c1,7.76
A2A,CHEMBL5801947,Cc1cc(-c2nnc(N)nc2-c2ccc(F)cc2)cc(N2CCC2)n1,7.76
A2A,CHEMBL124788,CCCCc1nc2[nH]cnc2c2nc(-c3ccccc3Cl)nn12,7.75
A2A,CHEMBL407638,OCCNc1nc(-c2nccs2)c2sccc2n1,7.75
A2A,CHEMBL469879,Nc1nc2c(cnn2CCN2CCc3ncc(-c4ccccc4)cc3C2)c2nc(-c3ccco3)nn12,7.75
A2A,CHEMBL593986,Nc1nc(C(=O)NCc2ccccn2)cc(-c2cccc(F)c2)n1,7.75
A2A,CHEMBL593259,Cc1cccc(-c2cc(C(=O)NCc3ccccn3)nc(N)n2)c1,7.75
A2A,CHEMBL1170519,CCN(C(C)=O)c1ccc(OC)c2nc(NC(=O)c3cc[nH]c3)sc12,7.75
A2A,CHEMBL1093313,Nc1nc(Oc2ccccc2)nc2nc(-c3ccco3)nn12,7.75
A2A,CHEMBL1927430,CC(C)(C)OC(=O)NCCOCCOCCNc1nc(N)n2nc(-c3ccco3)nc2n1,7.75
A2A,CHEMBL3087706,CCCn1c(-c2ccco2)nc2c(N)ncnc21,7.75
A2A,CHEMBL3394256,CCCN(CCCNC(=O)CCCOc1ccc(CCNc2nc(N)n3nc(-c4ccco4)nc3n2)cc1)CCc1cccc2c1CC(=O)N2.O=C(O)C(F)(F)F,7.75
A2A,CHEMBL3908770,Nc1nc(NCCc2ccc(O)cc2)nc2sc(-c3ccco3)nc12,7.75
A2A,CHEMBL3950142,Nc1nc(NCc2ccccc2)nc2sc(-c3ccco3)nc12,7.75
A2A,CHEMBL3694773,Nc1nc(-n2cccn2)nc(NC2CC2)c1Br,7.75
A2A,CHEMBL5083457,N#Cc1c(-c2ccccc2)nc(N)nc1-c1ccccc1F,7.75
A2A,CHEMBL5083094,COc1ccccc1-c1nc(N)nc(-c2ccccc2)c1C#N,7.75
A2A,CHEMBL5423990,CCCCC#Cc1nc(N)c2nc(-c3ccco3)n([C@@H]3OC[C@@H](O)[C@H]3O)c2n1,7.75
A2A,CHEMBL5557461,CCCCC#Cc1nc2c(N)nc(-c3ccco3)nc2n1[C@@H]1SC[C@@H](O)[C@H]1O,7.75
A2A,CHEMBL5812643,Cc1cc(-c2c(-c3ncco3)nc(N)n3nc(Cc4c(F)cccc4F)nc23)cc(C)n1,7.75
A2A,CHEMBL5882686,Cn1cc(-c2c(-c3ccc(F)c(F)c3)nc(N)n3nc(Cc4ncccc4F)nc23)ccc1=O,7.75
A2A,CHEMBL5767016,Cc1cc(-c2c(-c3ncco3)nc(N)n3nc(Cc4c(F)cccc4F)nc23)cc(C#N)n1,7.75
A2A,CHEMBL6008530,COc1cc(Cl)cc2c1nc(N)n1nc(C3CCCN(c4cnn(C)c4)C3)nc21,7.75
A2A,CHEMBL468506,Cn1c(=O)c2[nH]c(-c3ccc(COC(=O)Nc4ccco4)cc3)cc2n(C)c1=O,7.74
A2A,CHEMBL578008,CCn1cc2c(nc(NC(=O)Cc3ccc4ccccc4c3)n3nc(-c4ccco4)nc23)n1,7.74
A2A,CHEMBL1095489,Nc1nc(-c2ccc(F)cc2)c2c(n1)-c1cc(OCCN3CCOCC3)ccc1C2=O,7.74
A2A,CHEMBL1087700,CCN(CC)Cc1cccc2c1-c1nc(N)nc(-c3ccccc3)c1C2=O,7.74
A2A,CHEMBL3416793,CCNC(=O)[C@H]1O[C@@H](n2cnc3c(N)nc(NCCN4CCN(c5ccccc5Cl)CC4)nc32)[C@H](O)[C@@H]1O,7.74
A2A,CHEMBL3934661,CN1CCN(CCNc2nc(N)n3nc(-c4ccco4)nc3n2)CC1,7.74
A2A,CHEMBL5573410,Cc1c(C#N)cccc1-c1cc(-c2cn(Cc3c[nH]c4ccc(S(C)(=O)=O)cc34)nn2)nc(N)n1,7.74
A2A,CHEMBL5757899,Nc1nnc(-c2ccnc(Cl)c2)c(-c2ccccc2)n1,7.74
A2A,CHEMBL5882864,COc1cc2nc(N)n3nc([C@H]4CC[C@@H](C)N(c5cn(CC6(O)CCC6)nc5C)C4)nc3c2cc1F,7.74
A2A,CHEMBL416354,Nc1cccc2c1nc(N)c1nn(-c3ccccc3)c(=O)n12,7.73
A2A,CHEMBL377485,CCCn1c(=O)c2[nH]c(-c3ccc(OCC(=O)Nc4ccc(OCc5ccccc5)cc4)cc3)cc2n(CCC)c1=O,7.73
A2A,CHEMBL259736,N#Cc1c(-c2ccccc2)nc(N)nc1-c1ccccc1,7.73
A2A,CHEMBL573089,CC(C)CCn1cc2c(nc(NC(=O)Cc3c(Cl)cccc3Cl)n3nc(-c4ccco4)nc23)n1,7.73
A2A,CHEMBL594662,Cc1cccnc1CNC(=O)c1nc(N)nc(-c2ccco2)n1,7.73
A2A,CHEMBL1086804,CN1CCC(N(C)C(=O)c2ccc3c(c2)-c2nc(N)nc(-c4ccccc4)c2C3=O)CC1,7.73
A2A,CHEMBL4282986,CNc1ncc(C(=O)NCc2ccccc2)c2nc(-c3ccco3)nn12,7.73
A2A,CHEMBL5075972,Cc1ccc(-c2nc3c4cnn(CCc5ccc(C(=O)Nc6ccccc6N)cc5)c4nc(N)n3n2)o1,7.73
A2A,CHEMBL5414803,O=C(Nc1nc(C2CC2)cs1)C1COc2ccccc2C1,7.73
A2A,CHEMBL5858880,Nc1nc(-c2ccc(Br)o2)c2c(n1)C(Cc1ccc(F)cc1F)OC2=O,7.73
A2A,CHEMBL2113444,CCNC(=O)/N=N/Nc1nc(N)c2ncn([C@@H]3O[C@H](CO)[C@@H](O)[C@H]3O)c2n1,7.72
A2A,CHEMBL2094089,COc1cc(OC)cc(C(CNc2ncnc3c2ncn3[C@@H]2O[C@H](CO)[C@@H](O)[C@H]2O)c2ccccc2C)c1,7.72
A2A,CHEMBL296389,Cn1c(-c2cccc(F)c2)nc2c(N)nc(C#CC3(O)CCCCCC3)nc21,7.72
A2A,CHEMBL381091,CCCn1c(=O)c2[nH]c(-c3ccc(OC(CC)C(=O)Nc4ccc(F)cc4)cc3)cc2n(CCC)c1=O,7.72
A2A,CHEMBL201692,CCCn1c(=O)c2nc(-c3cc(OCC(=O)c4ccc(C)cc4)nn3C)[nH]c2n(CCC)c1=O,7.72
A2A,CHEMBL260615,N#Cc1c(N)nc(-c2ccccc2)nc1-c1ccccc1,7.72
A2A,CHEMBL259952,Cc1ccc(-c2nc(N(C)C)nc3ccsc23)nc1,7.72
A2A,CHEMBL519554,CC(=O)Nc1cc(-c2cc(C)ccc2C)nc(-n2nc(C)cc2C)n1,7.72
A2A,CHEMBL480444,COC[C@H]1CCCN1c1cc(NC(=O)OC)nc(-n2nc(C)cc2C)n1,7.72
A2A,CHEMBL447192,N#Cc1c(-c2ccco2)cc(-c2ccccc2)nc1N,7.72
A2A,CHEMBL1671933,Cc1cc(C(=O)Nc2nccs2)ccc1NC(=O)CC(C)(C)C,7.72
A2A,CHEMBL2398483,C[C@H](O)CCc1nc(N)c2nc(-n3nccn3)n(C)c2n1,7.72
A2A,CHEMBL3917889,CCCC(=O)c1nc(N)c2nc(-n3nccn3)n(C)c2n1,7.72
A2A,CHEMBL1561896,COc1cccc(COC(=O)c2nn(-c3ccccc3)nc2N)c1,7.72
A2A,CHEMBL4566909,Nc1nc(-c2ccccc2)nc2sc(-c3ccccc3)nc12,7.72
A2A,CHEMBL5986561,CNc1cc(-c2c(-c3ccc(F)cc3)nc(N)n3nc(Cc4ncccc4F)nc23)ccn1,7.72
A2A,CHEMBL5745486,Nc1nc2c3c(ccc2c2nc(C[C@H](N)C4CC4)nn12)OC(F)(F)O3,7.72
A2A,CHEMBL1095490,Nc1nc(-c2ccccc2)c2c(n1)-c1cc(OCCN3CCCC3)ccc1C2=O,7.71
A2A,CHEMBL3222059,Nc1nc(-c2ccco2)nc2sc(CN3CCC(F)CC3)cc12,7.71
A2A,CHEMBL5088089,N#Cc1c(-c2ccccc2)nc(N)nc1-c1cccc(F)c1,7.71
A2A,CHEMBL5840492,CN(C)c1cc(-c2nnc(N)nc2-c2ccccc2)ccn1,7.71
A2A,CHEMBL275605,CCCn1c(=O)c2nc(-c3ccc(OCC(=O)NCc4ccccc4)cc3)[nH]c2n(CCC)c1=O,7.7
A2A,CHEMBL201706,CNC(=O)[C@H]1S[C@@H](n2cnc3c(NC)nc(Cl)nc32)[C@H](O)[C@@H]1O,7.7
A2A,CHEMBL353593,COc1cccc(-c2n[nH]c(Cc3ccccc3Br)n2)c1,7.7
A2A,CHEMBL165760,COc1cccc(-c2nc(Cc3ccc(C)c(C)c3)n[nH]2)c1,7.7
A2A,CHEMBL166500,COc1cccc(-c2n[nH]c(Cc3cccc(F)c3F)n2)c1,7.7
A2A,CHEMBL168424,COc1ccc(O)c(/C=N/N=C(\S)Cc2ccccc2)c1,7.7
A2A,CHEMBL276738,Nc1nc2n[nH]cc2c2nc(-c3ccco3)nn12,7.7
A2A,CHEMBL102116,Nc1nc(N/N=C\C2CCCCC2)nc2c1ncn2[C@@H]1O[C@H](CO)[C@@H](O)[C@H]1O,7.7
A2A,CHEMBL202359,CCCn1c(=O)c2[nH]c(-c3ccc(OCC(=O)Nc4ccc(F)cc4)cc3)c(Br)c2n(CCC)c1=O,7.7
A2A,CHEMBL202358,CCCn1c(=O)c2[nH]c(-c3ccc(OCC(=O)Nc4ccc(OC)cc4)cc3)cc2n(CCC)c1=O,7.7
A2A,CHEMBL235071,Nc1nc2ccccc2n2c(=O)c(-c3ccc(F)cc3)nn12,7.7
A2A,CHEMBL256467,O=C(NCCN1CCCCC1)c1nc(NCC(c2ccccc2)c2ccccc2)c2ncn([C@@H]3O[C@H](CO)[C@@H](O)[C@H]3O)c2n1,7.7
A2A,CHEMBL260773,Clc1nc(-c2nccs2)c2sccc2n1,7.7
A2A,CHEMBL480443,COC[C@H]1CCCN1c1cc(NC(C)=O)nc(-c2nccs2)n1,7.7
A2A,CHEMBL561244,Nc1nc(C(=O)NCc2ccc(F)cc2)cc(-c2ccco2)n1,7.7
A2A,CHEMBL1935743,Cn1cc2nc(N)n3nc(-c4ccco4)nc3c2c1,7.7
A2A,CHEMBL1935757,CCCn1ncc2nc(NC(=O)Nc3ccc(OC)cc3)n3nc(-c4ccco4)nc3c21,7.7
A2A,CHEMBL3133073,CCCCCc1cc2c(=O)c(-c3nc(C)cs3)coc2cc1O,7.7
A2A,CHEMBL3596589,CCn1cc(N2CCN(Cc3nc4c5cccc(OC)c5nc(N)n4n3)[C@H](C)C2)cn1,7.7
A2A,CHEMBL3703589,COc1ccccc1CNc1nc(Cl)nc2c1ncn2[C@@H]1SCC(O)[C@@H]1O,7.7
A2A,CHEMBL3763972,Nc1nc(C(=O)NCc2cccc3c2OCCO3)c2cccc(F)c2n1,7.7
A2A,CHEMBL3770601,CCNC[C@H]1O[C@@H](n2cnc3c(N)ncnc32)[C@H](O)[C@@H]1O,7.7
A2A,CHEMBL3932413,Nc1nc(NCc2cccc(O)c2)nc2sc(-c3ccco3)nc12,7.7
A2A,CHEMBL4168980,COc1ccccc1CNc1nc(N)c2nc(-c3ccc(C)o3)sc2n1,7.7
A2A,CHEMBL5081907,Nc1nc(NCc2ccc(OCCCCC(=O)NO)cc2)nc2nc(-c3ccco3)nn12,7.7
A2A,CHEMBL5206530,Nc1nc(-c2ccco2)c2cc(Br)ccc2n1,7.7
A2A,CHEMBL6007892,COc1cccc2c(C(=O)NC3CCc4ccccc4C3)nc(N)nc12,7.7
A2A,CHEMBL5963806,C#CC(C)(C)N1CCC[C@@H](c2nc3c4cccc(OC)c4nc(N)n3n2)C1,7.7
A2A,CHEMBL5750576,COc1cccc2c1nc(N)n1nc([C@@H]3CCCN(CC4(C)CC4)C3)nc21,7.7
A2A,CHEMBL6007073,Cn1cc(-c2c(-c3ncco3)nc(N)n3nc(Cc4ncccc4F)nc23)ccc1=O,7.7
A2A,CHEMBL5907517,Nc1nc(-c2ccc(F)cc2)c(-c2ccc(=O)n(C3CC3)c2)c2nc(Cc3ncccc3F)nn12,7.7
A2A,CHEMBL6023938,Nc1nnc(-c2cccc(C(F)(F)F)c2)c(-c2ccccc2)n1,7.7
A2A,CHEMBL5889134,Cc1ccc(-c2nc(N)nc3c2C(=O)OC3Cc2ccc(F)cc2C(F)(F)F)o1,7.7
A2A,CHEMBL6023391,Nc1nc2c3c(ccc2c2nc(CCN4CC[C@H](c5ccccc5)C4)nn12)OC(F)(F)O3,7.7
A2A,CHEMBL66393,OC[C@H]1O[C@@H](n2cnc3c(NCc4cccc(I)c4)ncnc32)[C@H](O)[C@@H]1O,7.69
A2A,CHEMBL203305,Cn1c(=O)c2[nH]c(-c3ccc(OCC(=O)NCc4ccc(Cl)cc4)cc3)cc2n(C)c1=O,7.69
A2A,CHEMBL246674,COCCOc1ccc(N2CCN(CCn3cnc4c3nc(N)n3nc(-c5ccccc5C)nc43)CC2)cc1,7.69
A2A,CHEMBL1688379,CCCC/C=C/c1nc(N)c2ncn([C@@H]3SC[C@@H](O)[C@H]3O)c2n1,7.69
A2A,CHEMBL188897,Nc1nc(N2CCN(Cc3ccccc3)CC2)nc2nc(-c3ccco3)nn12,7.69
A2A,CHEMBL3754573,c1ccc(CNc2nc(NCc3ccccc3)n3nc(-c4ccco4)nc3n2)cc1,7.69
A2A,CHEMBL4791834,COc1ccc(C(=O)Nc2ccc(-c3cn4c(=O)n(-c5ccccc5)nc4c(N)n3)cc2)cc1OC,7.69
A2A,CHEMBL5069937,N#Cc1c(-c2ccccc2)nc(N)nc1-c1ccsc1,7.69
A2A,CHEMBL5413438,CC(C)N1CC(C(=O)Nc2nc3ccccc3[nH]2)CC1=O,7.69
A2A,CHEMBL5556919,CCCCC#Cc1nc2c(N)nc(-c3ccco3)nc2n1[C@@H]1OC[C@@H](O)[C@H]1O,7.69
A2A,CHEMBL20555,CCNc1c2c(nc(NC(=O)Nc3ccc(OC)cc3)n3nc(-c4ccco4)nc23)nn1C,7.68
A2A,CHEMBL122806,N#Cc1c(N)nc(SCc2ncc[nH]2)c(C#N)c1-c1cccc(O)c1,7.68
A2A,CHEMBL1087086,CC(C)N1CCN(C(=O)c2ccc3c(c2)-c2nc(N)nc(-c4ccccc4)c2C3=O)CC1,7.68
A2A,CHEMBL1927422,CC(C)(C)OC(=O)N1CCN(c2nc(N)n3nc(-c4ccco4)nc3n2)CC1,7.68
A2A,CHEMBL3741901,CCn1nnc([C@H]2O[C@@H](n3cnc4c(N)nc(NC(C)Cc5cccc(OC)c5)nc43)[C@H](O)[C@@H]2O)n1,7.68
A2A,CHEMBL3694775,Nc1nc(-n2cccn2)nc(NC2CCC2)c1Br,7.68
A2A,CHEMBL4075166,COc1cnc(N2CCOCC2)c2sc(NC(=O)C(C)(C)Oc3ccccc3F)nc12,7.68
A2A,CHEMBL4294479,CCc1ccc(COC(=O)c2cnc(NC)n3nc(-c4ccco4)nc23)cc1,7.68
A2A,CHEMBL4286593,CNc1ncc(C(=O)OCc2cccc(C)c2)c2nc(-c3ccco3)nn12,7.68
A2A,CHEMBL5089845,Cc1ccc(-c2nc(N)nc3c2ncc(=O)n3CCN2CCN(c3ccc(OC(F)F)cc3F)CC2)o1,7.68
A2A,CHEMBL6043386,COc1cccc2c1nc(N)n1nc([C@H]3CC4CC[C@@H]3N(CC(F)(F)F)C4)nc21,7.68
A2A,CHEMBL5911581,Nc1nc(-c2ncco2)c(-c2ccc3nccn3c2)nc1C(=O)NCc1ncccc1F,7.68
A2A,CHEMBL5974170,Cc1ccc(-c2nc(N)nc3c2C(=O)OC3Cc2ccccc2F)o1,7.68
A2A,CHEMBL5914260,Cc1ccc(-c2nc(N)nc3c2C(=O)N(C)C3Cc2cc[n+]([O-])cc2)o1,7.68
A2A,CHEMBL5871375,COc1cc2nc(N)n3nc([C@@H]4CC[C@H](C)N(c5cn(CC6(O)CCC6)nc5C)C4)nc3c2cc1F,7.68
A2A,CHEMBL195330,Nc1nc(-c2ccco2)c2ncn(Cc3ccc(Cl)cc3)c2n1,7.67
A2A,CHEMBL259933,CCCC(=O)Nc1nc(-c2ccccc2)c(C#N)c(-c2ccc3c(c2)OCO3)n1,7.67
A2A,CHEMBL2024113,Cc1cc(C)cc(-c2nnc(N)nc2-c2ccccc2)c1,7.67
A2A,CHEMBL5090351,Nc1nc(NCCCCCCC(=O)NO)nc2nc(-c3ccco3)nn12,7.67
A2A,CHEMBL5402079,CCOc1nc(NC(CO)c2ccco2)ncc1Br,7.67
A2A,CHEMBL20445,CSc1c2c(nc(N)n3nc(-c4ccco4)nc23)nn1CCCc1ccccc1,7.66
A2A,CHEMBL195866,COc1ccccc1Cn1cnc2c(-c3ccco3)nc(N)nc21,7.66
A2A,CHEMBL408703,Cc1ccc(C(=O)c2nc(C(F)(F)F)nc3ccsc23)o1,7.66
A2A,CHEMBL460805,CC(C)N(C)C(=O)c1cccc(Cn2nnc3c(-c4ccco4)nc(N)nc32)c1,7.66
A2A,CHEMBL466035,CCCn1c(=O)c2[nH]c(-c3ccc(COC(=O)Nc4ccon4)cc3)cc2n(CCC)c1=O,7.66
A2A,CHEMBL1171897,CCN(C(C)=O)c1ccc(OC)c2nc(NC(=O)c3ccc(F)cc3)sc12,7.66
A2A,CHEMBL1258306,CCC(C)Oc1ccc(CCCn2ncc3c2nc(N)n2nc(-c4ccco4)nc32)cc1,7.66
A2A,CHEMBL1671934,CC(C)(C)CC(=O)Nc1ccc(C(=O)Nc2nccs2)cc1Cl,7.66
A2A,CHEMBL2398480,CCCC(O)c1nc(N)c2nc(-n3nccn3)n(C)c2n1,7.66
A2A,CHEMBL3752432,Fc1ccc(CNc2nc(NCc3ccccc3)nc3nc(-c4ccco4)nn23)cc1,7.66
A2A,CHEMBL3941513,CCn1nc(-c2cccc(-c3cccc(C(=O)NCCN4CCCCC4)c3)c2)cc(NC(=O)Nc2c(Cl)cncc2Cl)c1=O,7.66
A2A,CHEMBL4073934,COCCOc1cccc(OC(C)(C)C(=O)Nc2nc3c(OC)ccc(N4CCOCC4)c3s2)c1,7.66
A2A,CHEMBL4175878,COc1cccc(CNc2nc(N)c3nc(-c4cccs4)sc3n2)c1,7.66
A2A,CHEMBL4557250,N#Cc1c(N)nc(SCc2cccc(CO)c2)c(C#N)c1-c1ccco1,7.66
A2A,CHEMBL5078264,N#Cc1c(-c2ccccc2)nc(N)nc1-c1ccc(Br)cc1,7.66
A2A,CHEMBL5084222,COc1ccc(N2CCN(CCn3c(=O)cnc4c(-c5ccc(C)o5)nc(N)nc43)CC2)cc1,7.66
A2A,CHEMBL5199840,Cc1ccc2nc(N)nc(-c3ccco3)c2c1,7.66
A2A,CHEMBL5774791,Cn1cc(-c2c(-c3ccc(Cl)cc3)nc(N)n3nc(Cc4ncccc4F)nc23)ccc1=O,7.66
A2A,CHEMBL5969060,Cn1cc(-c2c(-c3ccc(F)cc3)nc(N)n3nc(Cc4ncc(F)cc4F)nc23)ccc1=O,7.66
A2A,CHEMBL5908028,Nc1nc2c3c(ccc2c2nc(CCN4CCCC45CCNCC5)nn12)OC(F)(F)O3,7.66
A2A,CHEMBL3222080,Nc1nc(-c2ccc(Cl)o2)nc2sc(CN3CCCC3)cc12,7.65
A2A,CHEMBL3222087,Nc1nc(-c2ccc(Br)o2)nc2sc(CN3CCCC3)cc12,7.65
A2A,CHEMBL4449436,Cc1ccc(-c2nc(N)c3nc(-c4ccccc4)sc3n2)o1,7.65
A2A,CHEMBL113541,CN(C)C(=O)CN(C)C(=O)c1cc(N)c2nc(-c3ccc(Br)o3)nn2c1,7.64
A2A,CHEMBL81616,CC(=O)NCCNc1[nH]c(-c2ccccc2)nc2nc(C)c(C)c1-2,7.64
A2A,CHEMBL330982,c1ccc(-c2nc3c4[nH]cnc4nc(-c4ccccc4)n3n2)cc1,7.64
A2A,CHEMBL361826,CCCn1c(=O)c2nc(-c3ccc(OCc4noc(-c5ccccc5OC)n4)cc3)[nH]c2n(CCC)c1=O,7.64
A2A,CHEMBL426530,COc1ccc(-c2cccc(-c3nc(N)nc(SC)n3)c2)cn1,7.64
A2A,CHEMBL405026,Nc1nc(C(=O)c2cccs2)c2sccc2n1,7.64
A2A,CHEMBL409152,CN(C)c1nc(-c2ccco2)c2ncn(C(=O)NCc3ccccc3)c2n1,7.64
A2A,CHEMBL260788,Nc1cccc(Cn2cnc3c(-c4ccco4)nc(N)nc32)c1,7.64
A2A,CHEMBL491317,CNc1ncc2c(n1)n(-c1cccc(OC)c1)c(=O)n2Cc1c(F)cccc1F,7.64
A2A,CHEMBL455849,COC[C@H]1C[C@@H](OC)CN1c1cc(NC(C)=O)nc(-n2nc(C)cc2C)n1,7.64
A2A,CHEMBL486478,CCn1c(=O)[nH]c2nc(-c3ccc(S(=O)(=O)N4CCN(Cc5ccc(C(F)(F)F)cc5)CC4)cc3)[nH]c2c1=O,7.64
A2A,CHEMBL562421,Nc1nc(NC(=O)c2ccccc2F)c([N+](=O)[O-])c(-c2ccco2)n1,7.64
A2A,CHEMBL575198,CCn1cc2c(nc(NC(=O)Cc3ccsc3)n3nc(-c4ccco4)nc23)n1,7.64
A2A,CHEMBL594907,Cc1cccnc1CNC(=O)c1cc(-c2cccc(Cl)c2)nc(N)n1,7.64
A2A,CHEMBL261482,Nc1ncnc2c1ncn2[C@@H]1O[C@H](C(=O)NC2CC2)[C@@H](O)[C@H]1O,7.64
A2A,CHEMBL3416790,CCNC(=O)[C@H]1O[C@@H](n2cnc3c(N)nc(NCCN4CCN(c5cccc(Cl)c5)CC4)nc32)[C@H](O)[C@@H]1O,7.64
A2A,CHEMBL3596515,COc1cccc2c1nc(N)n1nc(CN3CCN(c4ncc(C)s4)C[C@H]3C)nc21,7.64
A2A,CHEMBL4126651,Nc1nn(-c2ccccc2)nc1C(=O)NCc1ccccc1,7.64
A2A,CHEMBL4293791,NCCCCCCNC(=O)COc1ccc(CCCn2ncc3c2nc(N)n2nc(-c4ccco4)nc32)cc1,7.64
A2A,CHEMBL4563432,Nc1ccc(-c2cn3c(=O)n(-c4ccccc4)nc3c(N)n2)cc1,7.64
A2A,CHEMBL5927062,COC(=O)c1cccc(CNC(=O)c2nc(N)nc3c(F)cccc23)n1,7.64
A2A,CHEMBL1094547,Nc1nc(-c2ccccc2)c2c(n1)-c1cc(N3CCN(CC4CC4)CC3)ccc1C2=O,7.63
A2A,CHEMBL1762633,Nc1nc2c(cnn2CCN2CCN(c3ccc(F)cc3F)CC2)c2nn(Cc3cccc(Cl)c3)c(=O)n12,7.63
A2A,CHEMBL3754417,O=C(Cc1ccccc1)Nc1nc(NC2CCCCC2)nc2nc(-c3ccco3)nn12,7.63
A2A,CHEMBL166684,CCCCn1cc2c(nc(NC(=O)Nc3ccc(C)cc3)n3nc(-c4ccco4)nc23)n1,7.62
A2A,CHEMBL201791,CCCn1c(=O)c2[nH]c(-c3ccc(OCC(=O)Nc4ccc(C(N)=O)cc4)cc3)cc2n(CCC)c1=O,7.62
A2A,CHEMBL270136,CN1CCN(CC(=O)Nc2cc(-c3ccccn3)nc(-c3cccs3)n2)CC1,7.62
A2A,CHEMBL475146,COc1cccc(-n2c(=O)n(Cc3ccccc3OC)c3cnc(NC4CC4)nc32)c1,7.62
A2A,CHEMBL594906,Cc1cccnc1CNC(=O)c1cc(-c2ccccc2Cl)nc(N)n1,7.62
A2A,CHEMBL594137,COc1cccc(-c2cc(C(=O)NCc3ncccc3C)nc(N)n2)c1,7.62
A2A,CHEMBL1258526,Nc1nc2c(cnn2CCCc2ccc(OCCO)cc2)c2nc(-c3ccco3)nn12,7.62
A2A,CHEMBL3098224,COC[C@H]1CCCN1c1cc(NCC(F)(F)F)nc(-n2nc(C)cc2C)n1,7.62
A2A,CHEMBL3416784,CCNC(=O)[C@H]1O[C@@H](n2cnc3c(N)nc(NCCN4CCN(c5ccc([N+](=O)[O-])cc5)CC4)nc32)[C@H](O)[C@@H]1O,7.62
A2A,CHEMBL3416800,CCNC(=O)[C@H]1O[C@@H](n2cnc3c(N)nc(NCCN4CCN(c5ccc(CC(=O)O)cc5Br)CC4)nc32)[C@H](O)[C@@H]1O,7.62
A2A,CHEMBL3416808,CCNC(=O)[C@H]1O[C@@H](n2cnc3c(N)nc(N4CCN(c5ccc(OCc6ccc(C(F)(F)F)cc6)cc5)CC4)nc32)[C@H](O)[C@@H]1O,7.62
A2A,CHEMBL4061249,COc1cnc(N2CCOCC2)c2sc(NC(=O)C(C)(C)Oc3cccc(C(F)(F)F)c3)nc12,7.62
A2A,CHEMBL4440752,N#Cc1c(N)nc(SCc2cccnc2)c(C#N)c1-c1ccco1,7.62
A2A,CHEMBL4748372,COc1ccc(N2CCOCC2)c2sc(NC(=O)N3CCC(OCCF)CC3)nc12,7.62
A2A,CHEMBL5085213,COCCOc1ccc(N2CCN(CCn3c(=O)cnc4c(-c5ccc(C)o5)nc(N)nc43)CC2)cc1,7.62
A2A,CHEMBL5888901,CC(c1nc2c3ccc4c(c3nc(N)n2n1)OC(F)(F)O4)N1C[C@H](F)[C@@H](F)C1,7.62
A2A,CHEMBL5818900,COc1cc2nc(N)n3nc([C@@H]4CN(c5cn(CC(C)(C)O)nc5C)CCO4)nc3c2cc1F,7.62
A2A,CHEMBL2113461,O=C(N/N=N/c1nc(Nc2ccccc2)c2ncn([C@@H]3O[C@H](CO)[C@@H](O)[C@H]3O)c2n1)Nc1ccccc1,7.61
A2A,CHEMBL1650387,CC(=O)Nc1cc(-c2cccs2)nc(-c2cccs2)n1,7.61
A2A,CHEMBL3596514,COc1cccc2c1nc(N)n1nc(CN3CCN(c4cnn(C)c4)C[C@H]3C)nc21,7.61
A2A,CHEMBL3703590,OC1CS[C@@H](n2cnc3c(NCc4cccc5ccccc45)nc(Cl)nc32)[C@H]1O,7.61
A2A,CHEMBL4294888,Nc1nc2c(cnn2CCCc2ccc(OCC(=O)NCCCCNC(=O)CCCCCNC(=O)COc3ccc(/C=C/C4=[N+]5C(=Cc6ccc(-c7cccs7)n6[B-]5(F)F)C=C4)cc3)cc2)c2nc(-c3ccco3)nn12,7.61
A2A,CHEMBL4283359,CNc1ncc(C(=O)OCc2ccccc2Br)c2nc(-c3ccco3)nn12,7.61
A2A,CHEMBL446616,OC[C@H]1O[C@@H](n2cnc3c(NCc4cccc5ccccc45)nc(NC4CCCC4)nc32)[C@H](O)[C@@H]1O,7.6
A2A,CHEMBL2113454,Nc1nc(/N=N/NC(=O)Nc2nccs2)nc2c1ncn2[C@@H]1O[C@H](CO)[C@@H](O)[C@H]1O,7.6
A2A,CHEMBL2113446,Nc1nc(/N=N/NC(=O)NCc2ccccc2)nc2c1ncn2[C@@H]1O[C@H](CO)[C@@H](O)[C@H]1O,7.6
A2A,CHEMBL2113460,Nc1nc(/N=N/NC(=O)Nc2ccccc2)nc2c1ncn2[C@@H]1O[C@H](CO)[C@@H](O)[C@H]1O,7.6
A2A,CHEMBL2113452,Nc1nc(/N=N/NC(=O)NC2CCCCC2)nc2c1ncn2[C@@H]1O[C@H](CO)[C@@H](O)[C@H]1O,7.6
A2A,CHEMBL2113455,COc1ccc(NC(=O)/N=N/Nc2nc(N)c3ncn([C@@H]4O[C@H](CO)[C@@H](O)[C@H]4O)c3n2)cc1,7.6
A2A,CHEMBL201159,CCCn1c(=O)c2nc(-c3cc(OCC(=O)c4ccc(Br)cc4)nn3C)[nH]c2n(CCC)c1=O,7.6
A2A,CHEMBL264433,O=C(c1cccs1)c1nc(NCc2ccccc2)nc2ccsc12,7.6
A2A,CHEMBL404985,CCNc1nc(C(=O)c2cccs2)c2sccc2n1,7.6
A2A,CHEMBL482328,COCCOc1ccc(N2CCN(CCN(C)c3cc4nc(-c5ccccc5)nn4c(N)n3)CC2)cc1,7.6
A2A,CHEMBL607539,Nc1nc(C(=O)NCc2ccccn2)nc(-c2ccco2)n1,7.6
A2A,CHEMBL595364,CCc1c(C(=O)NCc2ccccn2)nc(N)nc1-c1ccc(C)o1,7.6
A2A,CHEMBL1222306,Cc1nc(-c2sc(NC(=O)Cc3ccccc3)nc2-c2ccccc2)no1,7.6
A2A,CHEMBL1270610,CCN(C)C(=O)c1cnc2c(c1)nc(NC(=O)c1cccc(C#N)c1)n2CCCOC,7.6
A2A,CHEMBL88147,O=C(Cc1ccccc1)Nc1nc2ccc(Cl)cc2c2nc(-c3ccco3)nn12,7.6
A2A,CHEMBL2377225,Nc1nc(-c2ccc(C(F)F)o2)nc2sc(Cc3ccccc3)cc12,7.6
A2A,CHEMBL3133072,CCCc1cc2c(=O)c(-c3nc(C)cs3)coc2cc1O,7.6
A2A,CHEMBL3133069,C#CCCCOc1cc(C)c2c(=O)c(-c3nc(C)cs3)coc2c1,7.6
A2A,CHEMBL3222070,CCc1ccc(-c2nc(N)c3cc(CN4[C@H](C)CCC[C@@H]4C)sc3n2)o1,7.6
A2A,CHEMBL3260725,COc1ccc(C2CCOCC2)c2oc(NC(=O)c3ccnc(N4CCOCC4)c3)nc12,7.6
A2A,CHEMBL3414944,CCn1nnc([C@H]2O[C@@H](n3cnc4c(NC5CCCO5)ncnc43)[C@H](O)[C@@H]2O)n1,7.6
A2A,CHEMBL3416780,CCNC(=O)[C@H]1O[C@@H](n2cnc3c(N)nc(NCCN4CCN(c5ccc(Cl)cc5)CC4)nc32)[C@H](O)[C@@H]1O,7.6
A2A,CHEMBL3764397,Nc1nc(C(=O)NCc2cccc3[nH]cnc23)c2cccc(F)c2n1,7.6
A2A,CHEMBL4061522,CCC1(O)CCC(C)(C(=O)Nc2nc3c(OC)ccc(N4CCOCC4)c3s2)CC1,7.6
A2A,CHEMBL5094532,N#Cc1c(-c2ccccc2)nc(N)nc1-c1cccs1,7.6
A2A,CHEMBL5201240,Nc1nc(NCc2ccccc2)nc2cn(-c3ccccc3)nc12,7.6
A2A,CHEMBL5194232,Cc1ccc(-c2nc(N)nc3c2cnn3Cc2cccc(/C=C/C(=O)Nc3ccccc3N)c2)o1,7.6
A2A,CHEMBL5859012,Cc1cc(-c2c(-c3ncco3)nc(N)n3nc(Cc4ncccc4F)nc23)cc(Cl)n1,7.6
A2A,CHEMBL5865001,Nc1nc(-c2ccc(F)cc2)c(-c2ccc3nccnc3c2)c2nc(Cc3ncccc3F)nn12,7.6
A2A,CHEMBL6065208,C[C@@H](c1nc2c3ccc4c(c3nc(N)n2n1)OC(F)(F)O4)N1CCCC(F)(F)C1,7.6
A2A,CHEMBL198338,CCCn1c(=O)c2[nH]c(-c3ccc(OC(CC)C(=O)Nc4ccccc4)cc3)cc2n(CCC)c1=O,7.59
A2A,CHEMBL409711,Cc1cc(C)n(-c2cc(NC(=O)CN3CCN(C)CC3)nc(-c3ccccn3)n2)n1,7.59
A2A,CHEMBL515344,CC(=O)Nc1cc(N2CCC[C@H]2CO)nc(-n2nc(C)cc2C)n1,7.59
A2A,CHEMBL3314873,CNC(=O)c1cnc(NCc2ccc(OC)c(OC)c2)n2nc(-c3ccco3)nc12,7.59
A2A,CHEMBL3703587,OC1CS[C@@H](n2cnc3c(NCc4ccccc4Cl)nc(Cl)nc32)[C@H]1O,7.59
A2A,CHEMBL5196802,Cc1ccc(-c2nc(N)nc3c2cnn3Cc2cccc(OCCCCC(=O)NO)c2)o1,7.59
A2A,CHEMBL5559504,CCCCC#Cc1nc2c(N)nc(-c3cccs3)nc2n1[C@@H]1OC[C@@H](O)[C@H]1O,7.59
A2A,CHEMBL372928,Nc1nc(-c2ccco2)c2ncn(Cc3c(F)cc(F)cc3F)c2n1,7.58
A2A,CHEMBL370205,CCCn1c(=O)c2[nH]c(-c3ccc(OCC(=O)n4ccc(N)n4)cc3)cc2n(CCC)c1=O,7.58
A2A,CHEMBL259953,CN(C)c1nc(-c2ccccn2)c2sccc2n1,7.58
A2A,CHEMBL410679,C[C@@H](NC(=O)n1cnc2c(-c3ccco3)nc(N)nc21)c1ccccc1,7.58
A2A,CHEMBL256359,Nc1nc(-c2ccco2)c2cnn(Cc3ccccc3[N+](=O)[O-])c2n1,7.58
A2A,CHEMBL456051,CCCC1CCN(c2cc(NC(C)=O)nc(-n3nc(C)cc3C)n2)C1,7.58
A2A,CHEMBL513320,N#Cc1c(-c2ccc3c(c2)OCO3)cc(-c2ccco2)nc1N,7.58
A2A,CHEMBL1172442,CCN(C(C)=O)c1ccc(OC)c2nc(NC(=O)c3ccc(C(=O)N(C)CCOC)cc3)sc12,7.58
A2A,CHEMBL2377105,N#Cc1cccc(-c2nc(N)c3cc(Cc4ccccc4)sc3n2)n1,7.58
A2A,CHEMBL3222052,Cc1ccc(-c2nc(N)c3cc(CN4CCCC4)sc3n2)o1,7.58
A2A,CHEMBL3414573,CCNC(=O)[C@H]1O[C@@H](n2cnc3c(N)nc(NCCN4CCN(c5ccc(Cl)c(Cl)c5)CC4)nc32)[C@H](O)[C@@H]1O,7.58
A2A,CHEMBL3596510,COc1cccc2c1nc(N)n1nc(CN3CCN(c4ncccn4)C[C@H]3C)nc21,7.58
A2A,CHEMBL4439750,NC(=O)COc1ccc(-c2cn3c(=O)n(-c4ccccc4)nc3c(N)n2)cc1,7.58
A2A,CHEMBL4777796,Nc1nc(-c2ccc(NCC(=O)c3ccc(S(N)(=O)=O)cc3)cc2)cn2c(=O)n(-c3ccccc3)nc12,7.58
A2A,CHEMBL4857237,Nc1nc(-c2ccc(C(F)(F)F)cc2)cn2c1nc1ccccc12,7.58
A2A,CHEMBL5080823,CCCn1c(=O)c2nc(C34CCC(C(=O)NCCCN=[N+]=[N-])(CC3)CC4)[nH]c2n(CCCNC(=O)c2ccc(S(=O)(=O)F)cc2)c1=O,7.58
A2A,CHEMBL5085486,N#Cc1c(-c2ccccc2)nc(N)nc1-c1ccc(O)cc1,7.58
A2A,CHEMBL109845,Nc1cc(C(=O)N2CCCCC2)cc2nc(-c3ccco3)nn12,7.57
A2A,CHEMBL113376,Nc1cc(C(=O)N2CCCCC2)cn2nc(-c3ccc(Br)o3)nc12,7.57
A2A,CHEMBL114185,CC1CCCN1C(=O)c1cc(N)c2nc(-c3ccc(Br)o3)nn2c1,7.57
A2A,CHEMBL370588,CC(Oc1ccc(-c2cc3c([nH]2)c(=O)n(C)c(=O)n3C)cc1)C(=O)Nc1ccc(Br)cc1,7.57
A2A,CHEMBL270761,Cc1cc(C)n(-c2nc(NC(=O)CN3CCN(C)CC3)cc(-c3nccs3)n2)n1,7.57
A2A,CHEMBL259319,N#Cc1c(-c2ccccc2)nc(NC(=O)C2CCCC2)nc1-c1ccc2c(c1)OCO2,7.57
A2A,CHEMBL456068,COC[C@@H]1CCCN1c1cc(NC(C)=O)nc(-c2cccs2)n1,7.57
A2A,CHEMBL576153,O=C(COc1ccc(Cl)cc1)Nc1nc2nn(CCCc3ccccc3)cc2c2nc(-c3ccco3)nn12,7.57
A2A,CHEMBL590484,CC(C)C(=O)N[C@H]1C[C@@H](n2cnc3c(NCC(c4ccccc4)c4ccccc4)nc(NCCc4cn(C(C)C)cn4)nc32)[C@H](O)[C@@H]1O,7.57
A2A,CHEMBL1172276,CCN(C(C)=O)c1ccc(OC)c2nc(NC(=O)c3ccc(CN4CCCC4=O)cc3)sc12,7.57
A2A,CHEMBL2070507,Nc1ncnc2c1ncn2[C@@H]1O[C@H](C(=O)NC2CCC2)[C@@H](O)[C@H]1O,7.57
A2A,CHEMBL2391907,CCNC(=O)[C@H]1O[C@@H](N2CNc3c(N)nc(NCCc4ccc(CCC(=O)O)cc4)nc32)[C@H](O)[C@@H]1O,7.57
A2A,CHEMBL3739795,CCCn1c(Br)nc2c(N)nc(NCCc3ccccc3)nc21,7.57
A2A,CHEMBL3764081,Nc1nc(C(=O)NCc2cncc3ccccc23)c2cccc(F)c2n1,7.57
A2A,CHEMBL4862573,COc1cccc(-c2cn3c(nc4cc(F)c(F)cc43)c(N)n2)c1,7.57
A2A,CHEMBL5086912,Nc1nc(NCc2ccc(/C=C/C(=O)NO)cc2)nc2nc(-c3ccco3)nn12,7.57
A2A,CHEMBL5082973,N#Cc1c(-c2ccccc2)nc(Nc2ccccc2)nc1-c1cccnc1,7.57
A2A,CHEMBL5076643,Cn1cc(-c2cnc(N)nc2-c2ccco2)ccc1=O,7.57
A2A,CHEMBL5206624,COc1ccc(CCNC(=O)c2cn3c(nc4ccccc43)c(N)n2)cc1,7.57
A2A,CHEMBL5952384,Cn1cc(-c2c(-c3ccc(F)cc3)nc(N)n3nc(Cc4cccc(N)n4)nc23)ccc1=O,7.57
A2A,CHEMBL5897970,Cc1cc(-c2c(-c3ncco3)nc(N)n3nc(Cc4ncccc4F)nc23)cc(OC(F)F)n1,7.57
A2A,CHEMBL5969669,CC1CCN(CCc2nc3c4ccc5c(c4nc(N)n3n2)OC(F)(F)O5)CC1,7.57
A2A,CHEMBL5919731,Nc1nc2c3c(ccc2c2nc(CCN4CCCC5(CCNCC5)C4)nn12)OC(F)(F)O3,7.57
A2A,CHEMBL5769217,C[C@H]1CC[C@@H](c2nc3c4cc(F)cc(F)c4nc(N)n3n2)CN1c1cnn(C(C)(CO)CO)c1,7.57
A2A,CHEMBL1762638,C=Cn1ncc2c1nc(N)n1c(=O)n(CC3CC3)nc21,7.56
A2A,CHEMBL1927432,Nc1nc(N2CCN(Cc3ccc(Br)cc3)CC2)nc2nc(-c3ccco3)nn12,7.56
A2A,CHEMBL3222054,Nc1nc(-c2ccco2)nc2sc(CN3CCCCCC3)cc12,7.56
A2A,CHEMBL122622,N#Cc1c(N)nc(SCc2ncc[nH]2)c(C#N)c1-c1ccc(O)cc1,7.55
A2A,CHEMBL257429,COC[C@H]1O[C@@H](n2cnc3c(NCC(c4ccccc4)c4ccccc4)nc(CCNC4CCCCC4)nc32)[C@H](O)[C@@H]1O,7.55
A2A,CHEMBL259416,Nc1nc(-c2ccco2)c2cnn(Cc3cccnc3)c2n1,7.55
A2A,CHEMBL505977,Nc1nc(-c2ccco2)c2nnn(Cc3ccc([N+](=O)[O-])cc3)c2n1,7.55
A2A,CHEMBL507754,CCCn1c(=O)c2[nH]c(-c3ccc(S(C)(=O)=O)cc3)c(O)c2n(CCC)c1=O,7.55
A2A,CHEMBL456073,CC(=O)Nc1cc(N2CCCC2C)nc(-n2nc(C)cc2C)n1,7.55
A2A,CHEMBL452454,CCCn1c(=O)c2[nH]c(-c3ccc(COC(=O)N4CCN(c5cccc(Cl)c5)CC4)cc3)cc2n(CCC)c1=O,7.55
A2A,CHEMBL595131,COc1cccc(-c2cc(C(=O)NCc3ccccn3)nc(N)n2)c1,7.55
A2A,CHEMBL611337,Cc1ccccc1-c1cc(C(=O)NCc2ncccc2C)nc(N)n1,7.55
A2A,CHEMBL1088393,Nc1nc(-c2ccccc2)c2c(n1)-c1cc(C(=O)NCCN3CCOCC3)ccc1C2=O,7.55
A2A,CHEMBL1222303,Cc1nc(-c2sc(NC(=O)C3CC3)nc2-c2ccccc2)no1,7.55
A2A,CHEMBL1671923,CC(C)(C)CC(=O)Nc1ccc(C(=O)Nc2ncc(Cl)s2)cc1,7.55
A2A,CHEMBL1762626,Nc1nc2c(cnn2CCN2CCC(N3CCOCC3)CC2)c2nn(Cc3ccccc3)c(=O)n12,7.55
A2A,CHEMBL3222051,Nc1nc(-c2ccco2)nc2sc(CN3CCCC3)cc12,7.55
A2A,CHEMBL3314882,O=C(Cc1ccccc1)Nc1ncc(C(=O)NCCc2ccccc2)c2nc(-c3ccco3)nn12,7.55
A2A,CHEMBL3980193,CCn1nc(-c2cccc(-c3cccc(C(=O)NCCN(C)C)c3)c2)cc(NC(=O)Nc2c(Cl)cncc2Cl)c1=O,7.55
A2A,CHEMBL4125975,Nc1nc(NCc2cccs2)nc2sc(-c3ccccc3)nc12,7.55
A2A,CHEMBL3787197,CC1=C(C(=O)OC(C)C)C(c2ccco2)n2c(nc3ccccc32)N1,7.55
A2A,CHEMBL4764804,Nc1nc(-c2ccc(NCc3ccc(S(N)(=O)=O)cc3)cc2)cn2c(=O)n(-c3ccccc3)nc12,7.55
A2A,CHEMBL5075285,CCCn1c(=O)c2[nH]c(C34CCC(C(=O)NCCNC(=O)CCNC(=O)CCNC(=O)CCCCCNC(=O)COc5ccc(/C=C/C6=[N+]7C(=Cc8ccc(-c9cccs9)n8[B-]7(F)F)C=C6)cc5)(CC3)CC4)nc2n(CCC)c1=O,7.55
A2A,CHEMBL5090384,N#Cc1c(-c2ccccc2)nc(Nc2ccccc2)nc1-c1ccc2c(c1)OCO2,7.55
A2A,CHEMBL389064,Cn1c(=O)c2c(nc(/C=C/c3cccc(Br)c3)n2C)n(C)c1=O,7.55
A2A,CHEMBL5196586,Nc1nc(C(=O)NCc2cccc(Cl)c2)cn2c1nc1ccccc12,7.55
A2A,CHEMBL4521971,Clc1cc2c(NC3CCCC3)nnc(-c3ccncc3)c2cc1Cl,7.55
A2A,CHEMBL5760591,Cc1ccc(-c2nc(N)nc3c2n(C)c(=O)n3Cc2ccccc2OC(F)(F)F)o1,7.55
A2A,CHEMBL408918,Nc1nc(C#C[C@H](O)c2ccccc2)nc2c1ncn2[C@@H]1O[C@H](CO)[C@@H](O)[C@H]1O,7.54
A2A,CHEMBL259283,Cc1nc(C(=O)c2cccs2)c2sccc2n1,7.54
A2A,CHEMBL466021,CCCn1c(=O)c2[nH]c(-c3ccc(COC(=O)Nc4ccccc4)cc3)cc2n(CCC)c1=O,7.54
A2A,CHEMBL596075,Cc1cccnc1CNC(=O)c1cc(-c2cccc(C#N)c2)nc(N)n1,7.54
A2A,CHEMBL1171524,COc1ccc(N(CCCO)C(C)=O)c2sc(NC(=O)c3ccc(F)cc3)nc12,7.54
A2A,CHEMBL3222076,C[C@@H]1CCC[C@H](C)N1Cc1cc2c(N)nc(-c3ccc(C(F)F)o3)nc2s1,7.54
A2A,CHEMBL3222053,Cc1ccc(-c2nc(N)c3cc(CN4CCCCC4)sc3n2)o1,7.54
A2A,CHEMBL3222055,Nc1nc(-c2ccco2)nc2sc(CN3CCOCC3)cc12,7.54
A2A,CHEMBL3314903,CCOC(=O)c1cnc(NC2CCC2)n2nc(-c3ccco3)nc12,7.54
A2A,CHEMBL3414947,CCn1nnc([C@H]2O[C@@H](n3cnc4c(Nc5ccc(Cl)cc5F)nc(Cl)nc43)[C@H](O)[C@@H]2O)n1,7.54
A2A,CHEMBL3416781,CCNC(=O)[C@H]1O[C@@H](n2cnc3c(N)nc(NCCN4CCN(c5ccc(Br)cc5)CC4)nc32)[C@H](O)[C@@H]1O,7.54
A2A,CHEMBL4089405,COc1cnc(N2CCOCC2)c2sc(NC(=O)C(C)(C)Oc3ccc(Cl)cc3)nc12,7.54
A2A,CHEMBL4105164,CCn1nnc([C@H]2O[C@@H](n3cnc4c(NCC5CC5)nc(Cl)nc43)[C@H](O)[C@@H]2O)n1,7.54
A2A,CHEMBL5424461,Cc1c(C#N)cccc1-c1cc(-c2ccn(Cc3cccc(C(C)(C)O)c3)c(=O)c2)nc(N)n1,7.54
A2A,CHEMBL5906749,CCCCN1CCC[C@@H](c2nc3c4cccc(OC)c4nc(N)n3n2)C1,7.54
A2A,CHEMBL5800628,Cn1cc(-c2c(-c3ccc(F)cc3)nc(N)n3nc(Cc4cscn4)nc23)ccc1=O,7.54
A2A,CHEMBL6034884,Nc1nc(-c2ccco2)c2c(n1)C(Cc1c(F)cccc1Cl)OC2=O,7.54
A2A,CHEMBL5773748,CC1(C)CN(CCc2nc3c4ccc5c(c4nc(N)n3n2)OC(F)(F)O5)C1,7.54
A2A,CHEMBL5872958,CN(C)Cc1nc2c3ccc4c(c3nc(N)n2n1)OC(F)(F)O4,7.54
A2A,CHEMBL222907,Nc1nc(OCCc2c[nH]c3cc(Cl)ccc23)nc2c1ncn2[C@@H]1O[C@H](CO)[C@@H](O)[C@H]1O,7.53
A2A,CHEMBL1087726,CN1CCN(NCc2ccc3c(c2)-c2nc(N)nc(-c4ccc(F)cc4)c2C3=O)CC1,7.53
A2A,CHEMBL2377088,Nc1nc(-c2ccccc2)nc2sc(Cc3ccccc3)cc12,7.53
A2A,CHEMBL2381774,CCCC(=O)Oc1ccc(CCNc2nc(N)n3nc(-c4ccco4)nc3n2)cc1,7.53
A2A,CHEMBL4287636,CNc1ncc(C(=O)NCCc2ccccc2)c2nc(-c3ccco3)nn12,7.53
A2A,CHEMBL5093742,COc1ccc(N2CCN(CCn3c(=O)cnc4c(-c5ccc(C)o5)nc(N)nc43)CC2)cn1,7.53
A2A,CHEMBL5908201,Cc1ccc(-c2nc(N)nc3c2C(=O)N(C)C3Cc2ccccc2F)o1,7.53
A2A,CHEMBL446679,CCCCn1c(=O)c2nc[nH]c2n(CCC)c1=O,7.52
A2A,CHEMBL348975,CCn1cc2c(nc(NC(=O)Nc3ccc(C)cc3)n3nc(-c4ccco4)nc23)n1,7.52
A2A,CHEMBL194331,Cc1ccc2c(O)c(C(=O)NCc3ccccc3)cnc2n1,7.52
A2A,CHEMBL409547,O=C(c1ccoc1)c1nc(C(F)(F)F)nc2ccsc12,7.52
A2A,CHEMBL265695,CCc1nc(-c2ccco2)c2sccc2n1,7.52
A2A,CHEMBL583960,Cn1cc2c(nc(NC(=O)Cc3cccc(Cl)c3)n3nc(-c4ccco4)nc23)n1,7.52
A2A,CHEMBL595363,COc1ccccc1-c1cc(C(=O)NCc2ncccc2C)nc(N)n1,7.52
A2A,CHEMBL1081812,O=C(Nc1ccc(-c2ccncc2)c(-c2ccco2)n1)C1CC1,7.52
A2A,CHEMBL1935744,CCCn1cc2nc(N)n3nc(-c4ccco4)nc3c2c1,7.52
A2A,CHEMBL3222088,Nc1nc(-c2ccc(Br)o2)nc2sc(CN3CCOCC3)cc12,7.52
A2A,CHEMBL3416788,CCNC(=O)[C@H]1O[C@@H](n2cnc3c(N)nc(NCCN4CCN(c5ccc(C(=O)O)cc5)CC4)nc32)[C@H](O)[C@@H]1O,7.52
A2A,CHEMBL4293876,O=C(CCN1CCc2ccccc2C1)Nc1cc(-c2ccco2)c2oc(-c3ccco3)nc2c1,7.52
A2A,CHEMBL4286976,CCN(CC)CC.CCN(CC)CC.N=c1ccc2c(-c3ccc(C(=O)NCCCCNC(=O)COc4ccc(CCCn5ncc6c5nc(N)n5nc(-c7ccco7)nc65)cc4)cc3C(=O)O)c3ccc(N)c(S(=O)(=O)O)c3oc-2c1S(=O)(=O)O,7.52
A2A,CHEMBL5979585,Cn1c(=O)n(Cc2ccc(F)cc2F)c2nc(N)nc(-c3ccco3)c21,7.52
A2A,CHEMBL5922943,CO[C@@H]1CCN(C(=O)c2nc(N[C@@H](C)c3cccnc3)nc3ccsc23)C1,7.52
A2A,CHEMBL5870124,C[C@H](Nc1nc(C(=O)NCc2ccccc2)c2sccc2n1)c1cccnc1,7.52
A2A,CHEMBL5976255,C[C@H](Nc1nc(C(=O)N2CC[C@@H](F)C2)c2sccc2n1)c1ccccn1,7.52
A2A,CHEMBL5911576,C[C@H](NC(=O)c1nc(N[C@@H](C)c2ccccn2)nc2ccsc12)c1ccccn1,7.52
A2A,CHEMBL6037258,C[C@H](Nc1nc(C(=O)NCc2ccccn2)c2sccc2n1)c1cccnc1,7.52
A2A,CHEMBL5796773,CC1CCN1C(=O)c1nc(N[C@@H](C)c2ccccn2)nc2ccsc12,7.52
A2A,CHEMBL5997583,C[C@H](Nc1nc(C(=O)NC2CCN(C(=O)OC(C)(C)C)C2)c2sccc2n1)c1ccccn1,7.52
A2A,CHEMBL6054676,C[C@H](Nc1nc(C(=O)NC2CCC2)c2sccc2n1)c1ccccn1,7.52
A2A,CHEMBL5954665,C[C@H](Nc1nc(C(=O)NC2CC(O)C2)c2sccc2n1)c1ccccn1,7.52
A2A,CHEMBL5795646,C[C@H](Nc1nc(C(=O)NC2CCCC2)c2sccc2n1)c1ccccn1,7.52
A2A,CHEMBL6062375,C[C@H](Nc1nc(C(=O)NC2CC2)c2sccc2n1)c1ccccn1,7.52
A2A,CHEMBL6005456,CC(C)NC(=O)c1nc(N[C@@H](C)c2ccccn2)nc2ccsc12,7.52
A2A,CHEMBL5981857,Cc1cc2nc(N[C@@H](C)c3ccccn3)nc(C(=O)N3CCCC3)c2s1,7.52
A2A,CHEMBL6034114,CO[C@H]1CCN(C(=O)c2nc(N[C@@H](C)c3ccccn3)nc3ccsc23)C1,7.52
A2A,CHEMBL5910436,Cc1cc2nc(N[C@@H](C)c3cncc(F)c3)nc(C(=O)NCC(F)(F)F)c2s1,7.52
A2A,CHEMBL5742168,COC1CN(C(=O)c2nc(N[C@@H](C)c3ccccn3)nc3cc(C)sc23)C1,7.52
A2A,CHEMBL5917788,CO[C@@H]1CCN(C(=O)c2nc(N[C@@H](C)c3ccccn3)nc3cc(C)sc23)C1,7.52
A2A,CHEMBL5849430,C[C@H](Nc1nc(C(=O)NC2CC[C@@H](O)C2)c2sccc2n1)c1cncc(F)c1,7.52
A2A,CHEMBL5763363,Cc1cc2nc(N[C@@H](C)c3ccccn3)nc(C(=O)NC3CCC3)c2s1,7.52
A2A,CHEMBL5977243,C[C@H](Nc1nc(C(=O)N2CC(CNC(=O)OC(C)(C)C)C2)c2sccc2n1)c1cncc(F)c1,7.52
A2A,CHEMBL6029192,C[C@H](Nc1nc(C(=O)NCCc2cccc(O)c2)c2sccc2n1)c1cncc(F)c1,7.52
A2A,CHEMBL5929296,Cc1csc2c(C(=O)N3CCCC3)nc(N[C@@H](C)c3cncc(F)c3)nc12,7.52
A2A,CHEMBL6063175,Cc1csc2c(C(=O)N3CCC3)nc(N[C@@H](C)c3cncc(F)c3)nc12,7.52
A2A,CHEMBL5767757,Cc1cc2nc(N[C@@H](C)c3cncc(F)c3)nc(C(=O)N3CC(NC(=O)OC(C)(C)C)C3)c2s1,7.52
A2A,CHEMBL6001576,COc1ccc([C@H](C)Nc2nc(C(=O)NCc3cccnc3)c3sccc3n2)cc1,7.52
A2A,CHEMBL5975633,CO[C@@H]1CCN(C(=O)c2nc(N[C@@H](C)c3ccccn3)nc3c(C)csc23)C1,7.52
A2A,CHEMBL5956556,Cc1csc2c(C(=O)NCc3ccccc3)nc(N[C@@H](C)c3ccccn3)nc12,7.52
A2A,CHEMBL6064366,COc1cccc(CNC(=O)c2nc(N[C@@H](C)c3ccccn3)nc3c(C)csc23)n1,7.52
A2A,CHEMBL5745907,Cc1csc2c(C(=O)NCc3ccccn3)nc(N[C@@H](C)c3ccccn3)nc12,7.52
A2A,CHEMBL5868500,Cc1csc2c(C(=O)NC3CCC3)nc(N[C@@H](C)c3ccccn3)nc12,7.52
A2A,CHEMBL5749409,Cc1csc2c(C(=O)NCc3cccnc3)nc(N[C@@H](C)c3ccccn3)nc12,7.52
A2A,CHEMBL5870922,Cc1csc2c(C(=O)N3CCCC3)nc(N[C@@H](C)c3ccccn3)nc12,7.52
A2A,CHEMBL5797615,Cc1cc2nc(N[C@@H](C)c3ccccn3)nc(C(=O)NCc3ccccn3)c2s1,7.52
A2A,CHEMBL6051293,COc1ccc([C@@H](C)Nc2nc(C(=O)NCc3ccc(OC)nc3)c3sccc3n2)cc1,7.52
A2A,CHEMBL6028914,COc1ccc([C@H](C)Nc2nc(C(=O)NCc3ccccn3)c3sccc3n2)cc1,7.52
A2A,CHEMBL5779527,Cc1cc2nc(N[C@@H](C)c3cncc(F)c3)nc(C(=O)N3CC(N(C)C(=O)CC(C)(C)C)C3)c2s1,7.52
A2A,CHEMBL5783496,CC(C)OC(=O)NC1CN(C(=O)c2nc(N[C@@H](C)c3cncc(F)c3)nc3ccsc23)C1,7.52
A2A,CHEMBL5785313,Cc1cc2nc(N[C@@H](C)c3cncc(F)c3)nc(C(=O)N3CC(NC(=O)OC(C)C)C3)c2s1,7.52
A2A,CHEMBL6004823,COCC1CN(C(=O)c2nc(N[C@@H](C)c3ccccn3)nc3cc(C)sc23)C1,7.52
A2A,CHEMBL5929413,C[C@H](Nc1nc(C(=O)N2CC(NC(=O)C3CC3)C2)c2sccc2n1)c1cncc(F)c1,7.52
A2A,CHEMBL5991560,COCCC(=O)NC1CN(C(=O)c2nc(N[C@@H](C)c3cncc(F)c3)nc3cc(C)sc23)C1,7.52
A2A,CHEMBL5898399,C[C@H](Nc1nc(C(=O)N2CC(NC(=O)C3CCOC3)C2)c2sccc2n1)c1cncc(F)c1,7.52
A2A,CHEMBL5785873,Cc1cc2nc(N[C@@H](C)c3cncc(F)c3)nc(C(=O)N3CC(NC(=O)C4CC4)C3)c2s1,7.52
A2A,CHEMBL5902859,Cc1cc2nc(N[C@@H](C)c3cncc(F)c3)nc(C(=O)N3CC(NC(=O)C4CCOC4)C3)c2s1,7.52
A2A,CHEMBL6043817,Cc1cc2nc(N[C@@H](C)c3cncc(F)c3)nc(C(=O)N3CC(NC(=O)C4CCCO4)C3)c2s1,7.52
A2A,CHEMBL6016382,Cc1cc2nc(N[C@@H](C)c3cncc(F)c3)nc(C(=O)N3CC(NC(=O)C4CCC4)C3)c2s1,7.52
A2A,CHEMBL5970352,Cc1cc2nc(N[C@@H](C)c3cncc(F)c3)nc(C(=O)N3CC(NC(=O)c4ccoc4)C3)c2s1,7.52
A2A,CHEMBL6005680,C[C@H](Nc1nc(C(=O)N2CC(CN(C)C(=O)C(C)(C)C)C2)c2sccc2n1)c1cncc(F)c1,7.52
A2A,CHEMBL5918540,Cc1cc2nc(N[C@@H](C)c3ccccn3)nc(C(=O)N3CC(C(=O)OC(C)(C)C)C3)c2s1,7.52
A2A,CHEMBL6006540,COCC1CN(C(=O)c2nc(N[C@@H](C)c3ccccn3)nc3c(C)csc23)C1,7.52
A2A,CHEMBL5962913,C[C@H](Nc1nc(C(=O)N2CC(NC(=O)CC(C)(C)C)C2)c2sccc2n1)c1cncc(F)c1,7.52
A2A,CHEMBL5792732,CC(C)C(=O)NC1CN(C(=O)c2nc(N[C@@H](C)c3cncc(F)c3)nc3ccsc23)C1,7.52
A2A,CHEMBL6030476,C[C@H](Nc1nc(C(=O)N2CC(NC(=O)C(C)(C)C)C2)c2sccc2n1)c1ccccn1,7.52
A2A,CHEMBL5757472,C[C@H](Nc1nc(C(=O)N2CC(CC(=O)NC(C)(C)C)C2)c2sccc2n1)c1cncc(F)c1,7.52
A2A,CHEMBL5929573,Cc1cc2nc(N[C@@H](C)c3cncc(F)c3)nc(C(=O)N3CC(CC(=O)OC(C)(C)C)C3)c2s1,7.52
A2A,CHEMBL5913910,C[C@H](Nc1nc(C(=O)N2CC(CNC(=O)OCC(C)(C)C)C2)c2sccc2n1)c1cncc(F)c1,7.52
A2A,CHEMBL6043044,C[C@H](Nc1nc(C(=O)N2CC(NC(=O)OC(C)(C)C)C2)c2sccc2n1)c1cncc(F)c1,7.52
A2A,CHEMBL5785339,Cc1cc2nc(N[C@@H](C)c3cncc(F)c3)nc(C(=O)N3CC[C@H]3C)c2s1,7.52
A2A,CHEMBL6061450,Cc1cc2nc(N[C@@H](C)c3cncc(F)c3)nc(C(=O)N3CC[C@@H]3C)c2s1,7.52
A2A,CHEMBL5806060,C[C@H](Nc1nc(C(=O)N2CC(NC(=O)c3ccoc3)C2)c2sccc2n1)c1cncc(F)c1,7.52
A2A,CHEMBL6035472,C[C@H](Nc1nc(C(=O)N2CC(NC(=O)c3ccccc3)C2)c2sccc2n1)c1cncc(F)c1,7.52
A2A,CHEMBL6059617,C[C@H](Nc1nc(C(=O)N2CC(NC(=O)CCC3CCOCC3)C2)c2sccc2n1)c1cncc(F)c1,7.52
A2A,CHEMBL6004183,C[C@H](Nc1nc(C(=O)N2CC(NC(=O)c3ccc(F)c(F)c3)C2)c2sccc2n1)c1cncc(F)c1,7.52
A2A,CHEMBL5744221,C[C@H](Nc1nc(C(=O)N2CC(NC(=O)c3ccc(Cl)cc3)C2)c2sccc2n1)c1cncc(F)c1,7.52
A2A,CHEMBL5769043,C[C@H](Nc1nc(C(=O)N2CC(NC(=O)OC3CCCC3)C2)c2sccc2n1)c1cncc(F)c1,7.52
A2A,CHEMBL5885693,C[C@H](Nc1nc(C(=O)N2CC(NC(=O)C3CCOCC3)C2)c2sccc2n1)c1cncc(F)c1,7.52
A2A,CHEMBL5764196,Cc1csc2c(C(=O)N3CC(NC(=O)c4cccc(Cl)c4)C3)nc(N[C@@H](C)c3cncc(F)c3)nc12,7.52
A2A,CHEMBL5932058,C[C@H](Nc1nc(C(=O)N2CC(NC(=O)c3ccc(C(F)(F)F)o3)C2)c2sccc2n1)c1cncc(F)c1,7.52
A2A,CHEMBL5805941,C[C@H](Nc1nc(C(=O)N2CC(NC(=O)c3cccc(C(F)(F)F)c3)C2)c2sccc2n1)c1cncc(F)c1,7.52
A2A,CHEMBL5744336,C[C@H](Nc1nc(C(=O)N2CC(NC(=O)Nc3ccccc3)C2)c2sccc2n1)c1cncc(F)c1,7.52
A2A,CHEMBL6018926,COc1cccc(C(=O)NC2CN(C(=O)c3nc(N[C@@H](C)c4cncc(F)c4)nc4ccsc34)C2)c1,7.52
A2A,CHEMBL5810835,CC1CCC(C(=O)NC2CN(C(=O)c3nc(N[C@@H](C)c4cncc(F)c4)nc4ccsc34)C2)CC1,7.52
A2A,CHEMBL5994845,C[C@H](Nc1nc(C(=O)N2CC(NC(=O)C3CCC(F)(F)CC3)C2)c2sccc2n1)c1cncc(F)c1,7.52
A2A,CHEMBL5763691,C[C@H](Nc1nc(C(=O)N2CC(NC(=O)C3(C)CC3)C2)c2sccc2n1)c1cncc(Cl)c1,7.52
A2A,CHEMBL5873384,C[C@H](Nc1nc(C(=O)N2CC(NC(=O)c3ccc(-c4ccccc4)cc3)C2)c2sccc2n1)c1cncc(F)c1,7.52
A2A,CHEMBL5793226,Cc1cc(C)cc(C(=O)NC2CN(C(=O)c3nc(N[C@@H](C)c4cncc(F)c4)nc4ccsc34)C2)c1,7.52
A2A,CHEMBL5755094,Cc1cc(C(=O)NC2CN(C(=O)c3nc(N[C@@H](C)c4cncc(F)c4)nc4ccsc34)C2)c(C)o1,7.52
A2A,CHEMBL349954,CCCCn1cc2c(nc(NC(=O)Nc3ccc(C(F)(F)F)cc3)n3nc(-c4ccco4)nc23)n1,7.51
A2A,CHEMBL123705,CCCCc1nc2[nH]cnc2c2nc(-c3ccc(C(F)(F)F)cc3)nn12,7.51
A2A,CHEMBL201145,CCCn1c(=O)c2[nH]c(-c3ccc(OCC(=O)Nc4ccc(Br)cc4)cc3)cc2n(CCC)c1=O,7.51
A2A,CHEMBL373827,CSc1nc(N)nc(-c2cccc(-c3ccc4[nH]ccc4c3)c2)n1,7.51
A2A,CHEMBL467867,Nc1nc(-c2cncs2)c2nnn(Cc3ccccc3F)c2n1,7.51
A2A,CHEMBL491318,CCNc1ncc2c(n1)n(-c1cccc(OC)c1)c(=O)n2Cc1c(F)cccc1F,7.51
A2A,CHEMBL593058,Nc1nc(C(=O)NCc2ccccn2)cc(-c2ccccc2Cl)n1,7.51
A2A,CHEMBL608980,Nc1nc(C(=O)NCc2ccccn2)cc(-c2cccc(Cl)c2)n1,7.51
A2A,CHEMBL1760889,CCN(C(C)=O)c1ccc(OC)c2nc(NC(=O)[C@@H]3CC[C@@H](NC(=O)c4cccc(C(F)(F)F)c4)C3)sc12,7.51
A2A,CHEMBL2042307,CCNC(=O)[C@H]1O[C@@H](n2cnc3c(NCC(c4ccccc4)c4ccccc4)nc(NCCc4ccc(Br)cc4)nc32)[C@H](O)[C@@H]1O,7.51
A2A,CHEMBL2377235,C=C(c1ccccc1)c1cc2c(N)nc(-c3nc(C)cs3)nc2s1,7.51
A2A,CHEMBL3222075,Nc1nc(-c2ccc(C(F)F)o2)nc2sc(CN3CCOCC3)cc12,7.51
A2A,CHEMBL3934626,COc1ccc(CCNc2nc(N)c3nc(-c4ccco4)sc3n2)cc1,7.51
A2A,CHEMBL1384623,Nc1nn(-c2ccccc2)nc1C(=O)OCc1ccccc1,7.51
A2A,CHEMBL5568562,Nc1nc(-c2ccco2)nc2[nH]c(-c3ccco3)nc12,7.51
A2A,CHEMBL6040157,Cc1cc(-c2nnc(N)nc2-c2ccccc2)cc(C)[n+]1[O-],7.51
A2A,CHEMBL5969464,Cc1ccccc1CC1OC(=O)c2c(-c3ccco3)nc(N)nc21,7.51
A2A,CHEMBL5946866,CC(C)(Cc1nc2c3ccc4c(c3nc(N)n2n1)OC(F)(F)O4)N1CC(F)C1,7.51
A2A,CHEMBL119709,CNC(=O)[C@H]1O[C@@H](n2cnc3c(NCc4cccc(I)c4)ncnc32)[C@H](O)[C@@H]1O,7.5
A2A,CHEMBL201493,CCCn1c(=O)c2[nH]c(-c3ccc(OC(CC)C(=O)Nc4ccc(Br)cc4)cc3)cc2n(CCC)c1=O,7.5
A2A,CHEMBL382764,CCCn1c(=O)c2[nH]c(-c3ccc(OCC(=O)Nc4ccc(Cl)cc4)cc3)cc2n(CCC)c1=O,7.5
A2A,CHEMBL455264,N#Cc1c(-c2cccs2)cc(-c2cccs2)nc1N,7.5
A2A,CHEMBL576369,Cn1cc2c(nc(NC(=O)Cc3ccsc3)n3nc(-c4ccco4)nc23)n1,7.5
A2A,CHEMBL578007,O=C(COc1ccc(Cl)cc1)Nc1nc2nn(CCc3ccccc3)cc2c2nc(-c3ccco3)nn12,7.5
A2A,CHEMBL604535,COc1ccc(Cl)cc1Nc1nc(N)nc(-c2oc3ccccc3c2C)n1,7.5
A2A,CHEMBL1671937,Cc1cc(C(=O)Nc2nccs2)cc(Cl)c1NC(=O)CC(C)(C)C,7.5
A2A,CHEMBL2030686,CC(=O)Oc1cc(C)c2c(=O)c(-c3nc(C)cs3)coc2c1,7.5
A2A,CHEMBL3133076,CCCc1cc2c(=O)c(-c3csc(C)n3)coc2cc1O,7.5
A2A,CHEMBL3314895,CCOC(=O)c1cnc(NCc2ccccc2)n2nc(-c3ccco3)nc12,7.5
A2A,CHEMBL3394263,CCCN(CCc1cccc2c1CC(=O)N2)c1nc(N)n2nc(-c3ccco3)nc2n1,7.5
A2A,CHEMBL2113496,CCCCCCC#Cc1nc(N)c2ncn([C@@H]3O[C@H](CO)[C@@H](O)[C@H]3O)c2n1,7.5
A2A,CHEMBL4079433,CCn1nnc([C@H]2O[C@@H](n3cnc4c(NCc5cccc(F)c5)nc(Cl)nc43)[C@H](O)[C@@H]2O)n1,7.5
A2A,CHEMBL4288178,CNc1ncc(C(=O)OCc2ccccc2Cl)c2nc(-c3ccco3)nn12,7.5
A2A,CHEMBL5074992,CCCCn1c(=O)c2nc(C34CCC(C(=O)NCCOCCOCCN=[N+]=[N-])(CC3)CC4)[nH]c2n(CCCNC(=O)c2ccc(S(=O)(=O)F)cc2)c1=O,7.5
A2A,CHEMBL5861218,Nc1nc(C(=O)NCC2CC3CCC2C3)c2cccc(F)c2n1,7.5
A2A,CHEMBL5778946,Nc1nc2c3c(ccc2c2nc([C@H]4CC[C@@H](N5CCCC(F)(F)C5)C4)nn12)OC(F)(F)O3,7.5
A2A,CHEMBL5975293,COc1cc2nc(N)n3nc([C@H]4CCCCN(c5cnn(CC(C)(C)O)c5)C4)nc3c2cc1F,7.5
A2A,CHEMBL383321,CCCn1c(=O)c2[nH]c(-c3ccc(OCC(=O)Nc4ccccc4O)cc3)cc2n(CCC)c1=O,7.49
A2A,CHEMBL201054,CCCn1c(=O)c2[nH]c(-c3ccc(OCC(=O)Nc4ccc(C)cc4)cc3)c(Cl)c2n(CCC)c1=O,7.49
A2A,CHEMBL383319,CCCn1c(=O)c2nc(-c3cc(OCC(=O)c4ccc(C(=O)OCC)cc4)nn3C)[nH]c2n(CCC)c1=O,7.49
A2A,CHEMBL210585,Cn1c(=O)c2nc(-c3ccc(S(=O)(=O)NCCc4ccccc4)cc3)[nH]c2n(C)c1=O,7.49
A2A,CHEMBL1087184,Nc1nc(-c2ccccc2)c2c(n1)-c1cc(C(=O)N3CCNCC3)ccc1C2=O,7.49
A2A,CHEMBL1087085,CCN1CCN(C(=O)c2ccc3c(c2)-c2nc(N)nc(-c4ccc(F)cc4)c2C3=O)CC1,7.49
A2A,CHEMBL1087869,COc1ccccc1-c1nc(N)nc2c1C(=O)c1ccccc1-2,7.49
A2A,CHEMBL4292571,CNc1ncc(C(=O)OCc2cccc(F)c2)c2nc(-c3ccco3)nn12,7.49
A2A,CHEMBL4872721,Nc1nc(-c2ccco2)cn2c1nc1ccccc12,7.49
A2A,CHEMBL5204517,Nc1nc(NCCc2ccc(O)cc2)nc(Nc2nnc(-c3ccc([N+](=O)[O-])cc3)s2)n1,7.49
A2A,CHEMBL5619570,Nc1nc2c3cc(Br)ccc3nc(-c3ccccc3)n2n1,7.49
A2A,CHEMBL5964402,Nc1nc(-c2ccco2)c2c(n1)C(Cc1ccccc1Cl)OC2=O,7.49
A2A,CHEMBL5897885,Cc1ccc(-c2nc(N)nc3c2C(=O)OC3Cc2ccc(F)cc2F)o1,7.49
A2A,CHEMBL5862916,Cc1ccc(-c2nc(N)nc3c2C(=O)N(C)C3Cc2ccc(F)cc2F)o1,7.49
A2A,CHEMBL5894292,Cn1cc(N2CCCC(c3nc4c5cc(F)c(F)cc5nc(N)n4n3)C2)cn1,7.49
A2A,CHEMBL7608,Oc1c(-c2ccco2)nnc2nc3ccccc3n12,7.48
A2A,CHEMBL256489,CCNC(=O)[C@H]1O[C@@H](n2cnc3c(NCC(c4ccccc4)c4ccccc4)nc(CNC(=O)NCCN(C4CCCCC4)C(C)(C)C)nc32)[C@H](O)[C@@H]1O,7.48
A2A,CHEMBL430230,N#Cc1c(-c2ccccc2)nc(NC(=O)c2ccc(Cl)cc2)nc1-c1ccccc1,7.48
A2A,CHEMBL410498,O=C(c1ccco1)c1nc(C(F)(F)F)nc2ccsc12,7.48
A2A,CHEMBL521742,COc1cccc(-n2c(=O)n(Cc3ccccc3F)c3cnc(NC4CC4)nc32)c1,7.48
A2A,CHEMBL1222304,Cc1nc(-c2sc(NC(=O)CC(C)C)nc2-c2ccccc2)no1,7.48
A2A,CHEMBL3087717,Nc1ncnc2c1nc(-c1ccco1)n2CCO,7.48
A2A,CHEMBL3222056,Cc1ccc(-c2nc(N)c3cc(CN4CCOCC4)sc3n2)o1,7.48
A2A,CHEMBL3222081,Nc1nc(-c2ccc(Cl)o2)nc2sc(CN3CCCCCC3)cc12,7.48
A2A,CHEMBL3414945,CCn1nnc([C@H]2O[C@@H](n3cnc4c(NC5CCCO5)nc(Cl)nc43)[C@H](O)[C@@H]2O)n1,7.48
A2A,CHEMBL3416797,CCNC(=O)[C@H]1O[C@@H](n2cnc3c(N)nc(NCCN4CCN(c5cc(Cl)cc(Cl)c5)CC4)nc32)[C@H](O)[C@@H]1O,7.48
A2A,CHEMBL3416806,CCNC(=O)[C@H]1O[C@@H](n2cnc3c(N)nc(N4CCN(c5ccc(OCc6ccc(Cl)cc6)cc5)CC4)nc32)[C@H](O)[C@@H]1O,7.48
A2A,CHEMBL3986586,CCn1nc(-c2cccc(-c3cccc(C(=O)NCCN4CCOCC4)c3)c2)cc(NC(=O)Nc2c(Cl)cncc2Cl)c1=O,7.48
A2A,CHEMBL3952586,CCn1nc(-c2cccc(-c3cccc(C(=O)NC4CC4)c3)c2)cc(NC(=O)Nc2c(Cl)cncc2Cl)c1=O,7.48
A2A,CHEMBL3694774,Nc1nc(-n2cccn2)nc(N2CCC2)c1Br,7.48
A2A,CHEMBL4763600,COc1ccc(N2CCOCC2)c2sc(NC(=O)N3CCC(OC)CC3)nc12,7.48
A2A,CHEMBL4875468,CC(C)(C)c1ccc(-c2cn3c(nc4ccccc43)c(N)n2)cc1,7.48
A2A,CHEMBL5871446,CCC(C)(C)N1CCC[C@@H](c2nc3c4cccc(OC)c4nc(N)n3n2)C1,7.48
A2A,CHEMBL6052555,COc1cc2nc(N)n3nc([C@H]4C[C@@H](C)CN(c5cn(CC(C)(C)O)nc5C)C4)nc3c2cc1F,7.48
A2A,CHEMBL5897128,COc1cc2nc(N)n3nc([C@H]4CC[C@H](C)N(c5cnn(C(C)C(C)O)c5)C4)nc3c2cc1F,7.48
A2A,CHEMBL164509,CCCn1cc2c(nc(NC(=O)Nc3ccc(C(F)(F)F)cc3)n3nc(-c4ccco4)nc23)n1,7.47
A2A,CHEMBL596904,CCc1cnn([C@H]2C[C@@H](n3cnc4c(NCC(CC)CC)nc(NCCc5cn(CC)cn5)nc43)[C@H](O)[C@@H]2O)c1,7.47
A2A,CHEMBL1950662,CCNC(=O)[C@H]1O[C@@H](n2cnc3c(N)nc(NCCc4ccc(CCC(=O)N[C@H](Cc5ccccc5)C(=O)O)cc4)nc32)[C@H](O)[C@@H]1O,7.47
A2A,CHEMBL3416796,CCNC(=O)[C@H]1O[C@@H](n2cnc3c(N)nc(NCCN4CCN(c5ccc(F)c(Cl)c5)CC4)nc32)[C@H](O)[C@@H]1O,7.47
A2A,CHEMBL3677908,CCN(C(=O)c1ccc(C(=O)c2cnc3ccc(F)cn23)cc1Cl)C1CCCCC1,7.47
A2A,CHEMBL3677916,O=C(c1ccc2c(-c3cnc4ccc(F)cn34)nn(Cc3ccccc3)c2c1)N1CCCCCC1,7.47
A2A,CHEMBL4172715,Cc1ccc(-c2nc3c(N)nc(NCc4cccs4)nc3s2)o1,7.47
A2A,CHEMBL4449870,N#Cc1cccc(-c2nc(N)c3nc(-c4ccccc4)sc3n2)c1,7.47
A2A,CHEMBL4876739,Nc1nc(-c2ccc(F)cc2F)cn2c1nc1ccccc12,7.47
A2A,CHEMBL6020805,CCN1CCC[C@@H](c2nc3c4cccc(OC)c4nc(N)n3n2)C1,7.47
A2A,CHEMBL5949200,COc1cccc2c1nc(N)n1nc([C@@H]3CCCN(c4ccccc4)C3)nc21,7.47
A2A,CHEMBL5999973,Cc1cc(-c2c(-c3ccc(F)cc3)nc(N)n3nc(Cc4nccs4)nc23)ccn1,7.47
A2A,CHEMBL112195,Nc1cc(C(=O)N2CCCC2)cn2nc(-c3ccc(Br)o3)nc12,7.46
A2A,CHEMBL196436,Nc1nc(-c2ccco2)c2ncn(Cc3ccccc3)c2n1,7.46
A2A,CHEMBL196138,Cc1ccc2c(O)c(C(=O)NCc3ccco3)cnc2n1,7.46
A2A,CHEMBL259111,Nc1nc(-c2nccs2)c2sccc2n1,7.46
A2A,CHEMBL512290,Cn1c(=O)c2[nH]c(-c3ccc(COC(=O)Nc4ccccc4)cc3)cc2n(C)c1=O,7.46
A2A,CHEMBL1076562,O=C(Nc1ccc(Br)c(-c2ccco2)n1)C1CC1,7.46
A2A,CHEMBL1094846,Nc1nc(-c2ccc(F)cc2)c2c(n1)-c1cc(OCCN3C4CCC3CC4)ccc1C2=O,7.46
A2A,CHEMBL1172269,COc1ccc(N(CC(F)(F)F)C(C)=O)c2sc(NC(=O)c3ccc(F)cc3)nc12,7.46
A2A,CHEMBL1271325,N#Cc1cccc(C(=O)Nc2nc3cc(C(=O)N4CCCCC4)cnc3n2Cc2ccncc2)c1,7.46
A2A,CHEMBL3394253,CCCN(CCCNC(=O)CCCC(=O)Oc1ccc(CCNc2nc(N)n3nc(-c4ccco4)nc3n2)cc1)CCc1cccc2c1CC(=O)N2,7.46
A2A,CHEMBL52333,CCCn1c(=O)c2nc(C34CC5CC(CC3C5)C4)[nH]c2n(CCC)c1=O,7.46
A2A,CHEMBL3694776,CN(C)c1nc(-n2cccn2)nc(N)c1Br,7.46
A2A,CHEMBL4795658,COc1ccc(N2CCOCC2)c2sc(NC(=O)N3CCC(COCCF)CC3)nc12,7.46
A2A,CHEMBL5075038,Nc1ccccc1NC(=O)c1ccc(CNc2nc(N)n3nc(-c4ccco4)nc3n2)cc1,7.46
A2A,CHEMBL5570759,Cc1c(C#N)cccc1-c1cc(-c2cn(Cc3csc4ccccc34)nn2)nc(N)n1,7.46
A2A,CHEMBL5920494,Cc1ccc(-c2nc(N)nc3c2C(=O)N(C)C3Cc2ccccc2C(F)(F)F)o1,7.46
A2A,CHEMBL201293,CCCn1c(=O)c2[nH]c(-c3ccc(N(C=O)CC(=O)Nc4ccc(Br)cc4)cc3)cc2n(CCC)c1=O,7.45
A2A,CHEMBL440416,CC(C)C(=O)Nc1nc(-c2ccccc2)c(C#N)c(-c2ccccc2)n1,7.45
A2A,CHEMBL467271,CCCn1c(=O)c2[nH]c(-c3ccc(COC(=O)Nc4cnccn4)cc3)cc2n(CCC)c1=O,7.45
A2A,CHEMBL1095487,Nc1nc(-c2ccccc2)c2c(n1)-c1cc(OCCN3CCCCC3)ccc1C2=O,7.45
A2A,CHEMBL4463929,CCCn1c(=O)[nH]c2nc(-c3ccc(S(=O)(=O)N4CCN(c5ccc(Cl)c(OC)c5)CC4)cc3)[nH]c2c1=O,7.45
A2A,CHEMBL4860395,Nc1nc(-c2ccc(Cl)cc2)cn2c1nc1ccccc12,7.45
A2A,CHEMBL5089580,Nc1nc(-c2ccc(OCCCN3CCCCC3)cc2)c2c(n1)-c1ccccc1C2=O,7.45
A2A,CHEMBL5074986,N#Cc1c(-c2cccc(Cl)c2)nc(N)nc1-c1cccc(Cl)c1,7.45
A2A,CHEMBL5173073,Nc1nc(-c2ccco2)c2cnn(Cc3cccc(/C=C/C(=O)Nc4ccccc4N)c3)c2n1,7.45
A2A,CHEMBL6028641,Nc1nnc(-c2ccnc(C3CC3)c2)c(-c2ccccc2)n1,7.45
A2A,CHEMBL131175,OC[C@H]1O[C@@H](n2cnc3c(NCC(c4ccccc4)c4ccccc4)nc(NC4CCCC4)nc32)[C@H](O)[C@@H]1O,7.44
A2A,CHEMBL26138,Cn1c(=O)c2c(nc(/C=C/c3cccc(Cl)c3)n2C)n(C)c1=O,7.44
A2A,CHEMBL404744,Cc1ccc(OCC(=O)Nc2cc(-c3nccs3)nc(-c3ccc(C)o3)n2)cc1,7.44
A2A,CHEMBL437804,Nc1nc(-c2ccco2)c2cnn(Cc3ccco3)c2n1,7.44
A2A,CHEMBL596088,Cc1ccc(-c2cc(C(=O)NCc3ccccn3)nc(N)n2)cc1,7.44
A2A,CHEMBL1671922,CC(C)(C)CC(=O)Nc1ccc(C(=O)Nc2nccs2)cc1,7.44
A2A,CHEMBL3222049,Nc1nc(-c2ccco2)nc2sc(CNC3CC3)cc12,7.44
A2A,CHEMBL3222109,N#Cc1cccc(-c2nc(N)c3cc(CN4CCOCC4)sc3n2)c1,7.44
A2A,CHEMBL3416783,CCNC(=O)[C@H]1O[C@@H](n2cnc3c(N)nc(NCCN4CCN(c5ccc(C(F)(F)F)cc5)CC4)nc32)[C@H](O)[C@@H]1O,7.44
A2A,CHEMBL3740631,CCCn1c(Br)nc2c(N)nc(NCc3ccccc3)nc21,7.44
A2A,CHEMBL3948763,Nc1ncc(-c2ccnc(C3CC3)c2)c(-c2ccccc2)n1,7.44
A2A,CHEMBL4098127,CCCn1c(=O)c2[nH]c(-c3cnn(CC4CCN(c5ccc(OC(F)(F)F)cc5)C4=O)c3)nc2n(CCC)c1=O,7.44
A2A,CHEMBL4452288,Nc1nc(-c2ccc(NC(=O)CCNC(=O)CCCCC3CCSS3)cc2)cn2c(=O)n(-c3ccccc3)nc12,7.44
A2A,CHEMBL4755619,Nc1nc(-c2ccc(NC(=O)c3ccc(C(=O)NO)cc3)cc2)cn2c(=O)n(-c3ccccc3)nc12,7.44
A2A,CHEMBL5088372,CCCCn1c(=O)c2nc(C34CCC(C(=O)NCCOCCOCCOCCN=[N+]=[N-])(CC3)CC4)[nH]c2n(CCCNC(=O)c2ccc(S(=O)(=O)F)cc2)c1=O,7.44
A2A,CHEMBL5082623,N#Cc1c(-c2ccccc2)nc(N)nc1-c1cccnc1,7.44
A2A,CHEMBL5939534,C[C@@H]1CN(CCc2nc3c4ccc5c(c4nc(N)n3n2)OC(F)(F)O5)C[C@@H](C)O1,7.44
A2A,CHEMBL1087998,CN(C)CCOc1ccc2c(c1)-c1nc(N)nc(-c3ccc(F)cc3)c1C2=O,7.43
A2A,CHEMBL1271120,CC(=O)NCCn1c(NC(=O)c2cccc(C#N)c2)nc2cc(C(=O)N3CCCCC3)cnc21,7.43
A2A,CHEMBL3222083,Nc1nc(-c2ccc(Cl)o2)nc2sc(CN3CCC(F)CC3)cc12,7.43
A2A,CHEMBL3314892,CCOC(=O)c1cnc(NC2CC2)n2nc(-c3ccco3)nc12,7.43
A2A,CHEMBL3596507,COc1cccc2c1nc(N)n1nc(CN3CCN(c4ccccn4)C[C@H]3C)nc21,7.43
A2A,CHEMBL4282137,CNc1ncc(C(=O)OCc2ccccc2C)c2nc(-c3ccco3)nn12,7.43
A2A,CHEMBL5093603,COc1ccc(N2CCN(CCn3c(=O)cnc4c(-c5ccc(C)o5)nc(N)nc43)C[C@H]2C)cc1,7.43
A2A,CHEMBL5178142,O=C(NCCCCc1ccc(Nc2ncnc3c2ncn3[C@@H]2O[C@H](CO)[C@@H](O)[C@H]2O)cc1)c1ccccc1,7.43
A2A,CHEMBL5564272,Cc1c(C#N)cccc1-c1cc(-c2cn(Cc3c[nH]c4cccnc34)nn2)nc(N)n1,7.43
A2A,CHEMBL5884236,Nc1nc(-c2ccc(F)cc2)c(-c2ccc3nncn3c2)c2nc(Cc3ncccc3F)nn12,7.43
A2A,CHEMBL435022,CC(C)CCn1cc2c(nc(NC(=O)COc3ccccc3)n3nc(-c4ccco4)nc23)n1,7.42
A2A,CHEMBL259870,CCCn1c(=O)c2[nH]c(-c3ccc(OCC(=O)N4CCN(c5ccccc5Cl)CC4)cc3)cc2n(CCC)c1=O,7.42
A2A,CHEMBL601732,Cc1nnnn1[C@H]1C[C@@H](n2cnc3c(NCC(c4ccccc4)c4ccccc4)nc(NCCc4cn(C(C)C)cn4)nc32)[C@H](O)[C@@H]1O,7.42
A2A,CHEMBL1171526,COCCN(C(C)=O)c1ccc(OC)c2nc(NC(=O)c3ccc(F)cc3)sc12,7.42
A2A,CHEMBL2180932,C[C@@H](Nc1nc2nn(C)cc2c2nc(-c3ccco3)nn12)c1ccccc1,7.42
A2A,CHEMBL3799921,Cc1ccc(-c2nc(N)c3nn(Cc4ccccc4O)cc3n2)o1,7.42
A2A,CHEMBL4076561,CCn1nnc([C@H]2O[C@@H](n3cnc4c(NCc5cccs5)nc(Cl)nc43)[C@H](O)[C@@H]2O)n1,7.42
A2A,CHEMBL4292148,CNc1ncc(C(=O)NCCOc2ccccc2)c2nc(-c3ccco3)nn12,7.42
A2A,CHEMBL4788835,COc1ccc(N2CCOCC2)c2sc(NC(=O)N3CCC(C(C)(O)CF)CC3)nc12,7.42
A2A,CHEMBL4862534,Nc1nc(-c2ccc(Br)cc2)cn2c1nc1ccccc12,7.42
A2A,CHEMBL5077827,Nc1nc(NCCc2ccc(/C=C/C(=O)NO)cc2)nc2nc(-c3ccco3)nn12,7.42
A2A,CHEMBL5073669,CCCCn1c(=O)c2nc(C34CCC(C(=O)NCCCN=[N+]=[N-])(CC3)CC4)[nH]c2n(CCCNC(=O)c2ccc(S(=O)(=O)F)cc2)c1=O,7.42
A2A,CHEMBL5744479,Cc1ccc(-c2nc(N)nc3c2C(=O)OC3Cc2c(F)cccc2Cl)o1,7.42
A2A,CHEMBL5850961,COc1cc2nc(N)n3nc([C@@H]4CCCN(c5cnn(CC6(C)COC6)c5)C4)nc3c2cc1F,7.42
A2A,CHEMBL275360,CCCn1c(=O)c2nc(-c3ccc(OCC(=O)Nc4ccc(C(N)=O)cc4)cc3)[nH]c2n(CCC)c1=O,7.41
A2A,CHEMBL16931,CCCn1c(=O)c2nc(-c3ccc(OCC(=O)Nc4ccc(C(=O)O)cc4)cc3)[nH]c2n(CCC)c1=O,7.41
A2A,CHEMBL258534,CCNC(=O)[C@H]1O[C@@H](n2cnc3c(N)nc(C#C[C@H](O)c4ccccc4)nc32)[C@H](O)[C@@H]1O,7.41
A2A,CHEMBL339522,OC[C@H]1O[C@@H](n2cnc3c(NCCc4cccc(Cl)c4)nc(NC4CCCC4)nc32)[C@H](O)[C@@H]1O,7.41
A2A,CHEMBL202767,CCCn1c(=O)c2[nH]c(-c3ccc(OC(C)C(=O)Nc4ccc(OC)cc4)cc3)cc2n(CCC)c1=O,7.41
A2A,CHEMBL220535,c1ccc(-c2cc(-c3ccccc3)c3nc[nH]c3n2)cc1,7.41
A2A,CHEMBL577162,Cn1cc2c(nc(NC(=O)COc3ccc(Cl)cc3)n3nc(-c4ccco4)nc23)n1,7.41
A2A,CHEMBL576018,CCCn1cc2c(nc(NC(=O)Cc3cccc4ccccc34)n3nc(-c4ccco4)nc23)n1,7.41
A2A,CHEMBL590718,CCCC(=O)N[C@H]1C[C@@H](n2cnc3c(NCC(c4ccccc4)c4ccccc4)nc(NCCc4cn(C(C)C)cn4)nc32)[C@H](O)[C@@H]1O,7.41
A2A,CHEMBL1081038,O=C(Nc1ccc(-c2ccncc2)c(-c2ccc(F)cc2)n1)C1CC1,7.41
A2A,CHEMBL1171898,COc1ccc(N(C)C(C)=O)c2sc(NC(=O)c3ccc(F)cc3)nc12,7.41
A2A,CHEMBL1927428,CC(C)(C)OC(=O)NCCCNc1nc(N)n2nc(-c3ccco3)nc2n1,7.41
A2A,CHEMBL1927442,Nc1nc(N2CCN(C(=O)Cc3ccc(Cl)cc3)CC2)nc2nc(-c3ccco3)nn12,7.41
A2A,CHEMBL2381773,CC(=O)Oc1ccc(CCNc2nc(N)n3nc(-c4ccco4)nc3n2)cc1,7.41
A2A,CHEMBL3217864,N#Cc1cccc(-c2nc(N)c3cc(CN4CCCC(F)(F)C4)sc3n2)c1,7.41
A2A,CHEMBL3314898,CCOC(=O)c1cnc(NCc2ccc(F)cc2)n2nc(-c3ccco3)nc12,7.41
A2A,CHEMBL4764086,O=C(Nc1nc(-c2ccccc2)c(C(=O)c2ccc(Cl)cc2)s1)c1ccccc1,7.41
A2A,CHEMBL5844887,Nc1nnc(-n2ccc(=O)cc2)c(-c2ccccc2)n1,7.41
A2A,CHEMBL5863671,Nc1nc(-c2ccco2)c2c(n1)C(Cc1ccc(Cl)cc1F)OC2=O,7.41
A2A,CHEMBL5850509,Nc1nc2c3c(ccc2c2nc(CCN4CC[C@@H](c5ccccc5)C4)nn12)OC(F)(F)O3,7.41
A2A,CHEMBL5854905,Nc1nc2c3c(ccc2c2nc(CCN4CCC5(CCNCC5)C4)nn12)OC(F)(F)O3,7.41
A2A,CHEMBL341777,O=C(COc1ccccc1)Nc1nc2nn(CCc3ccccc3)cc2c2nc(-c3ccco3)nn12,7.4
A2A,CHEMBL112897,CCN(CC)C(=O)C1CCCN(C(=O)c2cc(N)c3nc(-c4ccc(Br)o4)nn3c2)C1,7.4
A2A,CHEMBL95384,Cc1ccc2c(O)cc(-c3ccccc3F)nc2n1,7.4
A2A,CHEMBL352796,CCn1cc2c(nc(NC(=O)Nc3ccccc3)n3nc(-c4ccco4)nc23)n1,7.4
A2A,CHEMBL165600,CCn1cc2c(nc(NC(=O)Nc3ccc(Br)cc3)n3nc(-c4ccco4)nc23)n1,7.4
A2A,CHEMBL354321,COc1cccc(-c2n[nH]c(Cc3ccc(Cl)c(Cl)c3)n2)c1,7.4
A2A,CHEMBL381540,CCCn1c(=O)c2[nH]c(-c3ccc(OCC(=O)Nc4ccc(CC#N)cc4)cc3)cc2n(CCC)c1=O,7.4
A2A,CHEMBL434377,Nc1nc(OCCc2c[nH]c3cccc(Br)c23)nc2c1ncn2[C@@H]1O[C@H](CO)[C@@H](O)[C@H]1O,7.4
A2A,CHEMBL225459,Nc1nc(OCCc2c[nH]c3cc(Br)ccc23)nc2c1ncn2[C@@H]1O[C@H](CO)[C@@H](O)[C@H]1O,7.4
A2A,CHEMBL259445,CNc1nc(-c2ccco2)c2sccc2n1,7.4
A2A,CHEMBL520238,CC(=O)Nc1cc(-c2ccncc2)nc(-n2nc(C)cc2C)n1,7.4
A2A,CHEMBL475592,COCCOc1ccc(N2CCN(CCOc3cc4nc(-c5ccc(Cl)o5)nn4c(N)n3)CC2)cc1,7.4
A2A,CHEMBL457573,CC(=O)Nc1cc(N2CCC[C@@H]2COc2ccccn2)nc(-n2nc(C)cc2C)n1,7.4
A2A,CHEMBL573360,CCCCn1cc2c(nc(NC(=O)Cc3ccc(-c4ccccc4)cc3)n3nc(-c4ccco4)nc23)n1,7.4
A2A,CHEMBL1087699,CN(C)CCN(C)Cc1cccc2c1-c1nc(N)nc(-c3ccccc3)c1C2=O,7.4
A2A,CHEMBL1270414,CCCCNC(=O)c1cnc2c(c1)nc(NC(=O)c1cccc(C#N)c1)n2CCCOC,7.4
A2A,CHEMBL1650393,CC(=O)Nc1cc(-c2ccsc2)nc(-c2ccsc2)n1,7.4
A2A,CHEMBL1950666,CCNC(=O)[C@H]1O[C@@H](n2cnc3c(N)nc(NCCc4ccc(CCC(=O)N[C@H](Cc5c[nH]cn5)C(=O)O)cc4)nc32)[C@H](O)[C@@H]1O,7.4
A2A,CHEMBL2377112,Cc1ccc(-c2nc(N)c3cc(C(C)c4ccccc4)sc3n2)o1,7.4
A2A,CHEMBL2382434,O=C(CCCc1ccccc1)Nc1nc2ccccc2c(=O)s1,7.4
A2A,CHEMBL3133075,CCOc1cc2occ(-c3nc(C)cs3)c(=O)c2cc1CC,7.4
A2A,CHEMBL3596508,COc1cccc2c1nc(N)n1nc(CN3CCN(c4cccnc4)C[C@H]3C)nc21,7.4
A2A,CHEMBL3980049,Nc1nc(NCCc2ccc(O)c(O)c2)nc2sc(-c3ccco3)nc12,7.4
A2A,CHEMBL4079067,Nc1nc2nn(Cc3ccc(C4(C(F)(F)F)N=N4)cc3)cc2c2nc(-c3ccco3)nn12,7.4
A2A,CHEMBL4284595,Nc1cc(-c2ccco2)c2oc(-c3ccco3)nc2c1,7.4
A2A,CHEMBL5198502,Nc1nc(C(=O)NCCc2cccc(Cl)c2)cn2c1nc1ccccc12,7.4
A2A,CHEMBL6029910,Nc1nc(-c2ccco2)c2c(n1)C(Cc1ccccc1)OC2=O,7.4
A2A,CHEMBL5786890,Nc1nc2c3c(ccc2c2nc(CCN4CC5COCC(C4)C5(F)F)nn12)OC(F)(F)O3,7.4
A2A,CHEMBL5836732,Nc1nc2c3c(ccc2c2nc(CCN4CC5CNC[C@H]5C4)nn12)OC(F)(F)O3,7.4
A2A,CHEMBL199326,CCCn1c(=O)c2[nH]c(-c3ccc(OCC(=O)Nc4ccc(F)cc4)cc3)c(Cl)c2n(CCC)c1=O,7.39
A2A,CHEMBL468701,Nc1nc(-c2ncco2)c2nnn(Cc3ccccc3F)c2n1,7.39
A2A,CHEMBL467366,N#Cc1c(-c2ccc(O)cc2)cc(-c2ccco2)nc1N,7.39
A2A,CHEMBL468556,COc1ccc(-c2cc(-c3ccco3)nc(N)c2C#N)cc1,7.39
A2A,CHEMBL1171163,CCN(C(C)=O)c1ccc(OC)c2nc(NC(=O)c3cnn(C)c3)sc12,7.39
A2A,CHEMBL1927426,CC(C)(C)OC(=O)NCCNc1nc(N)n2nc(-c3ccco3)nc2n1,7.39
A2A,CHEMBL2381761,Nc1nc(OCCc2ccccc2)nc2nc(-c3ccco3)nn12,7.39
A2A,CHEMBL3260727,CC1(C)CCCN(c2nnc(N)nc2-c2ccccc2)C1,7.39
A2A,CHEMBL3394258,CCCN(CCCNC(=O)CCCCCCCNC(=O)CCCOc1ccc(CCNc2nc(N)n3nc(-c4ccco4)nc3n2)cc1)CCc1cccc2c1CC(=O)N2,7.39
A2A,CHEMBL3968147,CCn1nc(-c2cccc(-c3cccc(C(=O)NCCCCCCCN(C)CCO)c3)c2)cc(NC(=O)Nc2c(Cl)cncc2Cl)c1=O,7.39
A2A,CHEMBL4102750,CCn1nnc([C@H]2O[C@@H](n3cnc4c(NCc5ccc(Cl)cc5F)ncnc43)[C@H](O)[C@@H]2O)n1,7.39
A2A,CHEMBL4454417,CCCn1c(=O)[nH]c2nc(-c3ccc(S(=O)(=O)N4CCN(c5ccc(Cl)c(O)c5)CC4)cc3)[nH]c2c1=O,7.39
A2A,CHEMBL4646403,Nc1nc(N2CCC(CNC(=O)c3cccc(S(N)(=O)=O)c3)CC2)nc2sc(-c3ccco3)nc12,7.39
A2A,CHEMBL5829088,Nc1cc(-c2c(-c3ccc(F)cc3)nc(N)n3nc(Cc4ncccc4F)nc23)ccn1,7.39
A2A,CHEMBL5934455,Cn1nc(C(F)(F)F)cc1Oc1nnc(N)nc1-c1ccccc1,7.39
A2A,CHEMBL336217,CC(C)CCn1cc2c(nc(NC(=O)Cc3cccc4ccccc34)n3nc(-c4ccco4)nc23)n1,7.38
A2A,CHEMBL165778,CCCn1cc2c(nc(NC(=O)Nc3ccc(F)cc3)n3nc(-c4ccco4)nc23)n1,7.38
A2A,CHEMBL203660,Cn1cc2c(nc(NC(=O)Nc3ccc[n+](C)c3)n3nc(-c4ccco4)nc23)n1.[I-],7.38
A2A,CHEMBL575205,O=C(Cc1ccc2ccccc2c1)Nc1nc2nn(CCc3ccccc3)cc2c2nc(-c3ccco3)nn12,7.38
A2A,CHEMBL1935754,Nc1nc2cnn(CCc3ccccc3)c2c2nc(-c3ccco3)nn12,7.38
A2A,CHEMBL2042300,CCNC(=O)[C@H]1O[C@@H](n2cnc3c(N)nc(NCCc4ccc(Br)cc4)nc32)[C@H](O)[C@@H]1O,7.38
A2A,CHEMBL2377097,Nc1nc(-c2cccc(F)c2)nc2sc(Cc3ccccc3)cc12,7.38
A2A,CHEMBL3222077,Nc1nc(-c2ccc(C(F)F)o2)nc2sc(CN3CCC(F)CC3)cc12,7.38
A2A,CHEMBL4094427,COc1cnc(N2CCOCC2)c2sc(NC(=O)C(C)(C)Oc3ccc4c(c3)OCO4)nc12,7.38
A2A,CHEMBL4072801,COc1cccc(OC(C)(C)C(=O)Nc2nc3c(OC)cnc(N4CCOCC4)c3s2)c1,7.38
A2A,CHEMBL4128596,COc1cccc(CNc2nc(N)c3nc(-c4ccccc4)sc3n2)c1,7.38
A2A,CHEMBL4285374,CCOC(=O)c1cnc(NNc2ccccc2)n2nc(-c3ccco3)nc12,7.38
A2A,CHEMBL4799118,Nc1nc(-c2ccc(NC(=O)c3ccc(O)cc3)cc2)cn2c(=O)n(-c3ccccc3)nc12,7.38
A2A,CHEMBL259938,CC(C)Nc1nc(C#C[C@@H](O)c2ccccc2)nc2c1ncn2[C@@H]1O[C@H](CO)[C@@H](O)[C@H]1O,7.37
A2A,CHEMBL203030,CCCn1c(=O)c2[nH]c(-c3ccc(OCC(=O)Nc4ccccc4)cc3)c(Br)c2n(CCC)c1=O,7.37
A2A,CHEMBL481817,COC[C@H]1CCCN1c1cc(NC(=O)NC(C)C)nc(-n2nc(C)cc2C)n1,7.37
A2A,CHEMBL516871,O=C(c1ccccc1)c1sc(NCc2ccco2)nc1-c1ccco1,7.37
A2A,CHEMBL1487093,Nc1nc(-c2ccccc2)nc(-c2ccccc2O)n1,7.37
A2A,CHEMBL3100166,Cc1cc(C)n(-c2nc(Nc3cnccn3)cc(-n3cccn3)n2)n1,7.37
A2A,CHEMBL3222079,Nc1nc(-c2ccc(C(F)F)o2)nc2sc(CN3CCCC(F)(F)C3)cc12,7.37
A2A,CHEMBL3416786,CCNC(=O)[C@H]1O[C@@H](n2cnc3c(N)nc(NCCN4CCN(c5ccc(OC)cc5)CC4)nc32)[C@H](O)[C@@H]1O,7.37
A2A,CHEMBL3703597,OC1CO[C@@H](n2cnc3c(NCc4cccc(I)c4)nc(Cl)nc32)[C@H]1O,7.37
A2A,CHEMBL5831954,COc1cccc2c(C(=O)NCc3ncccn3)nc(N)nc12,7.37
A2A,CHEMBL6008177,Cc1cc(-c2c(-c3ccc(F)cc3)nc(N)n3nc(Cc4cccc(N(C)C)n4)nc23)ccn1,7.37
A2A,CHEMBL5745377,Cc1cnc2ccc(-c3c(N4CCN(C)CC4)nc(N)n4nc(Cc5c(F)cccc5F)nc34)cn12,7.37
A2A,CHEMBL6012996,Cc1cnc2ccc(-c3c(N4CCOC[C@@H]4C)nc(N)n4nc(Cc5ncccc5F)nc34)cn12,7.37
A2A,CHEMBL541455,O=C(Cc1ccccc1)Nc1nc2nn(CCc3ccccc3)cc2c2nc(-c3ccco3)nn12,7.36
A2A,CHEMBL113009,CCCN(C)C(=O)c1cc(N)c2nc(-c3ccc(Br)o3)nn2c1,7.36
A2A,CHEMBL201323,Cn1c(=O)c2[nH]c(-c3ccc(OCC(=O)NCc4ccc(F)cc4)cc3)cc2n(C)c1=O,7.36
A2A,CHEMBL469136,Cn1c(=O)c2[nH]c(-c3ccc(COC(=O)N4CCc5ccccc5C4)cc3)cc2n(C)c1=O,7.36
A2A,CHEMBL1258076,CCOc1ccc(CCCn2ncc3c2nc(N)n2nc(-c4ccco4)nc32)cc1,7.36
A2A,CHEMBL1672611,O=C(Nc1cnc(-c2ccncc2)c(-c2ccco2)n1)C1CC1,7.36
A2A,CHEMBL1927634,Nc1nc(NC(=O)c2ccccc2)n2nc(-c3ccco3)nc2n1,7.36
A2A,CHEMBL3314893,CCOC(=O)c1cnc(NC2CCCC2)n2nc(-c3ccco3)nc12,7.36
A2A,CHEMBL3754080,Fc1ccc(CNc2nc(NCc3ccc(F)cc3)n3nc(-c4ccco4)nc3n2)cc1,7.36
A2A,CHEMBL5085913,Nc1ccccc1NC(=O)c1ccc(OCCn2ncc3c2nc(N)n2nc(-c4ccco4)nc32)cc1,7.36
A2A,CHEMBL5079363,Cc1cnc(-c2nc3c(-c4ccc(=O)n(C)c4)cnc(N)n3n2)s1,7.36
A2A,CHEMBL5921320,COc1cccc2c1nc(N)n1nc([C@H]3CCC[C@H](N)C3)nc21,7.36
A2A,CHEMBL6037711,Cn1c(=O)n(Cc2ccccc2F)c2nc(N)nc(-c3ccco3)c21,7.36
A2A,CHEMBL5827634,Nc1nc2c3c(ccc2c2nc([C@H]4CCCN(c5cncnc5)C4)nn12)OC(F)(F)O3,7.36
A2A,CHEMBL138593,O=C(COc1ccccc1)Nc1nc2nn(CCCc3ccccc3)cc2c2nc(-c3ccco3)nn12,7.35
A2A,CHEMBL2113445,Nc1nc(/N=N/NC(=O)Nc2ccccc2Cl)nc2c1ncn2[C@@H]1O[C@H](CO)[C@@H](O)[C@H]1O,7.35
A2A,CHEMBL414620,CC(C)(C)n1cc2c(nc(N)n3nc(-c4ccco4)nc23)n1,7.35
A2A,CHEMBL425395,CCCn1c(=O)c2[nH]c(-c3ccc(OCC(=O)Nc4ccc(OC)cc4)cc3)c(Cl)c2n(CCC)c1=O,7.35
A2A,CHEMBL223366,Nc1nc(OCCc2c[nH]c3ccccc23)nc2c1ncn2[C@@H]1O[C@H](CO)[C@@H](O)[C@H]1O,7.35
A2A,CHEMBL388145,CNc1nc(Cl)nc2c1ncn2[C@@H]1SC[C@@H](O)[C@H]1O,7.35
A2A,CHEMBL258924,N#Cc1c(N)nc(-c2ccccc2)nc1-c1ccc2c(c1)OCO2,7.35
A2A,CHEMBL260721,COC(=O)c1cccc(Cn2cnc3c(-c4ccco4)nc(N)nc32)c1,7.35
A2A,CHEMBL405789,Nc1nc(-c2ccco2)c2cnn(CC3CCCCC3)c2n1,7.35
A2A,CHEMBL1096887,O=C(NCCNC(=O)c1nc(NCC(c2ccccc2)c2ccccc2)c2ncn([C@@H]3O[C@H](CO)[C@@H](O)[C@H]3O)c2n1)NCCN1CCCCC1,7.35
A2A,CHEMBL1222587,CCn1nnc(-c2sc(NC(=O)Cc3ccc(OC)c(OC)c3)nc2-c2ccccc2)n1,7.35
A2A,CHEMBL1927429,CC(C)(C)OC(=O)NCCCCCNc1nc(N)n2nc(-c3ccco3)nc2n1,7.35
A2A,CHEMBL2042301,CCNC(=O)[C@H]1O[C@@H](n2cnc3c(N)nc(NCCc4ccc(NC(=O)c5cc(C(C)(C)C)cc(C(C)(C)C)c5)cc4)nc32)[C@H](O)[C@@H]1O,7.35
A2A,CHEMBL2380383,O=C(Nc1nc2ccccc2c(=O)s1)c1ccc(C(=O)N2CCN(Cc3ccc(Cl)cc3)CC2)cc1,7.35
A2A,CHEMBL3098225,COC[C@H]1CCCN1c1cc(Nc2ccccn2)nc(-n2nc(C)cc2C)n1,7.35
A2A,CHEMBL3314913,CCOC(=O)c1cnc(NCC(C)C)n2nc(-c3ccco3)nc12,7.35
A2A,CHEMBL3765526,Nc1nc(C(=O)NCC2CCCCC2)c2cccc(F)c2n1,7.35
A2A,CHEMBL4081800,Nc1nc(-c2ccc(O)cc2)cn2c(=O)n(-c3ccccc3)nc12,7.35
A2A,CHEMBL5875103,COc1cccc2c1nc(N)n1nc([C@@H]3CCCN(CC(C)C)C3)nc21,7.35
A2A,CHEMBL5779352,C[C@@H]1CN(CCc2nc3c4ccc5c(c4nc(N)n3n2)OC(F)(F)O5)C[C@H](C)O1,7.35
A2A,CHEMBL5775346,COc1cc2nc(N)n3nc([C@@H]4C[C@H](C)CN(C5=NC(CC(C)(C)O)N=C5)C4)nc3c2cc1F,7.35
A2A,CHEMBL123310,CCCCc1nc2[nH]cnc2c2nc(C)nn12,7.34
A2A,CHEMBL199353,COc1cc(-c2cc3c([nH]2)c(=O)n(C)c(=O)n3C)ccc1OCC(=O)Nc1ccc(F)cc1,7.34
A2A,CHEMBL382135,Cn1c(=O)c2[nH]c(-c3ccc(OCC(=O)Nc4ccc(C#N)cc4)cc3)cc2n(C)c1=O,7.34
A2A,CHEMBL261085,N#Cc1c(-c2ccccc2)nc(NC(=O)C2CC2)nc1-c1ccccc1,7.34
A2A,CHEMBL471975,COc1ccc(CN(C)c2cc3nc(-c4ccco4)nn3c(N)n2)cc1,7.34
A2A,CHEMBL521082,COC[C@H]1CCCN1c1cc(NC(C)=O)nc(-c2ccccn2)n1,7.34
A2A,CHEMBL574490,Cn1cc2c(nc(NC(=O)Cc3c(Cl)cccc3Cl)n3nc(-c4ccco4)nc23)n1,7.34
A2A,CHEMBL1170137,CCN(C(C)=O)c1ccc(OC)c2nc(NC(=O)c3ccc(NS(C)(=O)=O)cc3)sc12,7.34
A2A,CHEMBL1258642,CS(=O)(=O)OCCOc1ccc(CCCn2ncc3c2nc(N)n2nc(-c4ccco4)nc32)cc1,7.34
A2A,CHEMBL1269898,COCCCn1c(NC(=O)c2cccc(C#N)c2)nc2cc(C(=O)NCc3cccc(OC)c3)ccc21,7.34
A2A,CHEMBL2180940,Cn1cc2c(nc(NCCc3ccccc3)n3nc(-c4ccco4)nc23)n1,7.34
A2A,CHEMBL3222082,Nc1nc(-c2ccc(Cl)o2)nc2sc(CN3CCOCC3)cc12,7.34
A2A,CHEMBL4640132,Nc1nc(-c2ccc(OCCN3CCCCC3)cc2)cn2c(=O)n(-c3ccccc3)nc12,7.34
A2A,CHEMBL5092109,COc1ccc(-c2nc(N)nc(-c3ccccc3)c2C#N)cc1,7.34
A2A,CHEMBL5092804,COc1cccc(N2CCN(CCn3c(=O)cnc4c(-c5ccc(C)o5)nc(N)nc43)CC2)c1,7.34
A2A,CHEMBL5856098,Cc1cc(-c2c(-c3ccc(F)cc3)nc(N)n3nc(C(C)c4c(F)cccc4F)nc23)ccn1,7.34
A2A,CHEMBL5960960,Cc1cc(-c2c(-c3ccc(F)cc3)nc(N)n3nc(Cc4cccc(Cl)n4)nc23)ccn1,7.34
A2A,CHEMBL122928,CCCCc1nc2[nH]cnc2c2nc(Cc3ccccc3)nn12,7.33
A2A,CHEMBL194728,Cn1c(-n2nccn2)nc2c(N)ncnc21,7.33
A2A,CHEMBL201028,CCCn1c(=O)c2[nH]c(-c3ccc(OC(C)C(=O)NCc4ccc(Cl)cc4)cc3)cc2n(CCC)c1=O,7.33
A2A,CHEMBL458232,COC[C@@H]1CCC(C)N1c1cc(NC(C)=O)nc(-n2nc(C)cc2C)n1,7.33
A2A,CHEMBL510696,COC[C@H]1CCCN1c1cc(NC(C)=O)nc(-c2cccs2)n1,7.33
A2A,CHEMBL574775,CCCn1cc2c(nc(NC(=O)C(c3ccccc3)c3ccccc3)n3nc(-c4ccco4)nc23)n1,7.33
A2A,CHEMBL573771,O=C(Cc1ccc(-c2ccccc2)cc1)Nc1nc2nn(CCc3ccccc3)cc2c2nc(-c3ccco3)nn12,7.33
A2A,CHEMBL595174,Cc1csc(-c2cc(C(=O)NCc3ccccn3)nc(N)n2)n1,7.33
A2A,CHEMBL4850192,Nc1nc(-c2ccccc2)cn2c1nc1ccccc12,7.33
A2A,CHEMBL5089528,N#Cc1c(-c2ccccc2)nc(Nc2ccccc2)nc1-c1cccc(Cl)c1,7.33
A2A,CHEMBL5903842,Cn1cc(-c2c(-c3ccc4c(ccn4C)c3)nc(N)n3nc(Cc4ncccc4F)nc23)ccc1=O,7.33
A2A,CHEMBL5917675,Nc1nc(-c2ccco2)c2c(n1)C(Cc1c(F)cccc1F)OC2=O,7.33
A2A,CHEMBL6161626,CCCCC#Cc1nc(N)c2nc(Br)n([C@H]3[C@H](O)[C@H](O)[C@@H]4C[C@@H]43)c2n1,7.33
A2A,CHEMBL199611,CC(Oc1ccc(-c2cc3c([nH]2)c(=O)n(C)c(=O)n3C)cc1)C(=O)Nc1ccccc1,7.32
A2A,CHEMBL259178,CC(O)CNc1nc2ccccc2n2nc(-c3ccco3)nc12,7.32
A2A,CHEMBL259075,CCCC(=O)Nc1nc(-c2ccccc2)c(C#N)c(-c2ccccc2)n1,7.32
A2A,CHEMBL260557,Nc1nc(-c2ccco2)c2cn[nH]c2n1,7.32
A2A,CHEMBL457881,CCCn1c(=O)c2[nH]c(-c3ccc(O)cc3)cc2n(CCC)c1=O,7.32
A2A,CHEMBL483487,CCn1c(=O)[nH]c2nc(-c3ccc(S(=O)(=O)N4CCN(c5ccc(Cl)cc5)CC4)cc3)[nH]c2c1=O,7.32
A2A,CHEMBL599566,CCc1cn([C@H]2C[C@@H](n3cnc4c(NCC(CC)CC)nc(NCCc5cn(CC)cn5)nc43)[C@H](O)[C@@H]2O)nn1,7.32
A2A,CHEMBL1221458,Cc1noc(-c2sc(NC(=O)CC(C)C)nc2-c2ccccc2)n1,7.32
A2A,CHEMBL1270316,CCCCNC(=O)c1ccc2c(c1)nc(NC(=O)c1cccc(C#N)c1)n2CCCOC,7.32
A2A,CHEMBL1270415,COCCCn1c(NC(=O)c2cccc(C#N)c2)nc2cc(C(=O)N3CCCCC3)ccc21,7.32
A2A,CHEMBL3741393,CC(Cc1ccccc1)Nc1nc(N)c2ncn([C@@H]3O[C@H](CO)[C@@H](O)[C@H]3O)c2n1,7.32
A2A,CHEMBL4279509,CNc1ncc(C(=O)NCc2ccc(F)cc2)c2nc(-c3ccco3)nn12,7.32
A2A,CHEMBL5418682,N#CC1(C(=O)Nc2nc3ccc(F)cc3s2)CCCC1,7.32
A2A,CHEMBL5779820,COc1cc2nc(N)n3nc(C45CC4CN(c4cnn(CC6(O)CCC6)c4)C5)nc3c2cc1F,7.32
A2A,CHEMBL278197,Nc1nc2ccccc2n2c(=O)n(-c3ccccc3)nc12,7.31
A2A,CHEMBL333860,CCCCc1nc2[nH]cnc2c2nc(-c3ccc(OCCC)cc3)nn12,7.31
A2A,CHEMBL123462,CCCCc1nc2[nH]cnc2c2nc(-c3ccc(N(C)C)cc3)nn12,7.31
A2A,CHEMBL201006,CCCn1c(=O)c2[nH]c(-c3ccc(OCC(=O)NCc4ccc(F)cc4)cc3)c(Cl)c2n(CCC)c1=O,7.31
A2A,CHEMBL378652,CCCn1c(=O)c2nc(-c3cnn(Cc4ccccc4Cl)c3)[nH]c2n(CCC)c1=O,7.31
A2A,CHEMBL408048,O=C(COc1ccc(-c2cc3c([nH]2)c(=O)n(CC2CC2)c(=O)n3CC2CC2)cc1)N1CCN(c2ccccc2)CC1,7.31
A2A,CHEMBL264436,CN(C)c1nc(C(=O)c2cccs2)c2sccc2n1,7.31
A2A,CHEMBL595405,Cc1ccccc1-c1cc(C(=O)NCc2ccccn2)nc(N)n1,7.31
A2A,CHEMBL2311741,COc1cccc(-c2cc(NC(C)=O)nc(-c3cccc(OC)c3)n2)c1,7.31
A2A,CHEMBL2377113,CCc1ccc(-c2nc(N)c3cc(Cc4ccccc4)sc3n2)o1,7.31
A2A,CHEMBL3752868,CNc1nc(N)n2nc(-c3ccco3)nc2n1,7.31
A2A,CHEMBL3770782,N#CCCCCC#Cc1nc(N)c2ncn([C@@H]3O[C@H](CO)[C@@H](O)[C@H]3O)c2n1,7.31
A2A,CHEMBL1411671,Cc1ccccc1COC(=O)c1nn(-c2ccccc2)nc1N,7.31
A2A,CHEMBL4858421,CC(=O)Nc1cccc(-c2cn3c(nc4ccccc43)c(N)n2)c1,7.31
A2A,CHEMBL5075272,Cc1ccc(-c2nc(N)nc3c2ncc(=O)n3CCN2CCN(c3ccccc3)CC2)o1,7.31
A2A,CHEMBL5873125,Cc1cc(-c2c(-c3ncco3)nc(N)n3nc(Cc4c(F)cccc4F)nc23)cc(N)n1,7.31
A2A,CHEMBL5863927,CC1CCCN(c2nnc(N)nc2-c2ccccc2)C1,7.31
A2A,CHEMBL5840565,N#Cc1cccc(-c2nc3[nH]ccc(=O)c3cc2-c2ccc3[nH]ncc3c2)c1,7.31
A2A,CHEMBL112740,CN(CCc1ccccc1)C(=O)c1cc(N)c2nc(-c3ccc(Br)o3)nn2c1,7.3
A2A,CHEMBL157655,CCCn1c(=O)c2nc[nH]c2n(CCC)c1=O,7.3
A2A,CHEMBL165620,CCCCn1cc2c(nc(NC(=O)Nc3ccc(F)cc3)n3nc(-c4ccco4)nc23)n1,7.3
A2A,CHEMBL350205,CCCn1cc2c(nc(NC(=O)Nc3ccc(Br)cc3)n3nc(-c4ccco4)nc23)n1,7.3
A2A,CHEMBL439447,CSc1c2c(nc(NC(=O)Cc3ccc(CC(C)C)cc3)n3nc(-c4ccco4)nc23)nn1C,7.3
A2A,CHEMBL321441,Nc1nc2ccccc2c2cn(-c3cccc(F)c3)nc12,7.3
A2A,CHEMBL22881,Nc1nc2c(cnn2CCc2ccc(S(=O)(=O)NCC(=O)O)cc2)c2nc(-c3ccco3)nn12,7.3
A2A,CHEMBL193692,OC[C@H]1O[C@@H](n2cnc3c(NCC(c4ccccc4)c4ccccc4)ncnc32)[C@H](O)[C@@H]1O,7.3
A2A,CHEMBL394063,Cc1ccc(-c2nn3c(N)nc4ccccc4n3c2=O)cc1,7.3
A2A,CHEMBL405614,N#Cc1c(NC(=O)C2CC2)nc(-c2ccccc2)nc1-c1ccccc1,7.3
A2A,CHEMBL465338,COc1cccc(-n2c(=O)n(Cc3c(F)cccc3F)c3cnc(NCc4ccncc4)nc32)c1,7.3
A2A,CHEMBL516154,CCCn1c(=O)c2[nH]c(-c3ccccc3)c(O)c2n(CCC)c1=O,7.3
A2A,CHEMBL446738,COC[C@@H]1CCCN1c1cc(NC(C)=O)nc(-c2ccccn2)n1,7.3
A2A,CHEMBL482011,COC[C@H]1CCCN1c1cc(NC(=O)CC(C)C)nc(-n2nc(C)cc2C)n1,7.3
A2A,CHEMBL466828,CCCn1c(=O)c2[nH]c(-c3ccc(COC(=O)N4CCN(c5ccc(F)cc5)CC4)cc3)cc2n(CCC)c1=O,7.3
A2A,CHEMBL573325,CSc1c2c(nc(NC(=O)Cc3ccc(OCC(C)C)cc3)n3nc(-c4ccco4)nc23)nn1C,7.3
A2A,CHEMBL1088132,CCN(CC)CCOc1ccc2c(c1)-c1nc(N)nc(-c3ccc(F)cc3)c1C2=O,7.3
A2A,CHEMBL1169934,CCN(C(C)=O)c1ccc(OC)c2nc(NC(=O)c3ccc(C#N)cc3)sc12,7.3
A2A,CHEMBL1671929,COc1cc(NC(=O)CC(C)(C)C)ccc1C(=O)Nc1nccs1,7.3
A2A,CHEMBL1935746,Nc1nc2cn(CCCc3ccccc3)cc2c2nc(-c3ccco3)nn12,7.3
A2A,CHEMBL1950660,CCNC(=O)[C@H]1O[C@@H](n2cnc3c(N)nc(NCCc4ccc(CCC(=O)N[C@H](CCCNC(=N)N)C(=O)O)cc4)nc32)[C@H](O)[C@@H]1O,7.3
A2A,CHEMBL2030704,O=c1c(-c2ccco2)nnc2n(-c3ccc(Cl)cc3)c3ccccc3n12,7.3
A2A,CHEMBL2381770,CCOC(=O)CCCOc1ccc(CCNc2nc(N)n3nc(-c4ccco4)nc3n2)cc1,7.3
A2A,CHEMBL3087711,Cn1c(-c2ccco2)nc2c(NC(=O)Cc3ccc(OCc4ccccc4)cc3)ncnc21,7.3
A2A,CHEMBL3133077,CCc1cc2c(=O)c(-c3csc(C)n3)coc2cc1O,7.3
A2A,CHEMBL3222060,Nc1nc(-c2ccco2)nc2sc(CN3CCC(F)(F)CC3)cc12,7.3
A2A,CHEMBL3314888,CCNc1ncc(C(=O)OCC)c2nc(-c3ccco3)nn12,7.3
A2A,CHEMBL3314889,CCCCCNc1ncc(C(=O)OCC)c2nc(-c3ccco3)nn12,7.3
A2A,CHEMBL4747570,Nc1nc(-n2cc(O)cn2)nc(-n2cccn2)c1Br,7.3
A2A,CHEMBL5080679,CCCn1c(=O)c2[nH]c(C34CC5CC(CC(C5)C3)C4)nc2n(CCCNC(=O)c2ccc(C(=O)NCCNC(=O)CCNC(=O)CCCCCNC(=O)COc3ccc(/C=C/C4=[N+]5C(=Cc6ccc(-c7cccs7)n6[B-]5(F)F)C=C4)cc3)cc2)c1=O,7.3
A2A,CHEMBL5436220,CCCCC#Cc1nc(NC)c2nc(-c3ccco3)n([C@@H]3OC[C@@H](O)[C@H]3O)c2n1,7.3
A2A,CHEMBL5532264,CCCCC#Cc1nc2c(NC)nc(-c3cccs3)nc2[nH]1,7.3
A2A,CHEMBL6039445,COc1cc(F)cc2c1nc(N)n1nc(C3CCC(C)N(c4cn(CC(C)(C)O)nc4C)C3)nc21,7.3
A2A,CHEMBL198200,Cn1c(-n2nccn2)nc2c(N)nccc21,7.29
A2A,CHEMBL1204225,CCNC(=O)[C@H]1OC(n2cnc3c(N)nc(NCCc4ccc(CCC(=O)O)cc4)nc32)[C@H](O)[C@@H]1O.Cl,7.29
A2A,CHEMBL210747,CCCn1c(=O)c2nc(-c3cnn(Cc4ccccc4C)c3)[nH]c2n(CCC)c1=O,7.29
A2A,CHEMBL272669,Cc1ccc(-c2nc(NC(=O)CN3CCN(C)CC3)cc(-c3nccs3)n2)o1,7.29
A2A,CHEMBL430227,c1ccc(CCNc2nc3ccccc3n3nc(-c4ccco4)nc23)cc1,7.29
A2A,CHEMBL1079118,O=C(c1cccs1)c1nc(NCc2cccnc2)nc2ccsc12,7.29
A2A,CHEMBL1170367,CCN(C(C)=O)c1ccc(OC)c2nc(NC(=O)c3ccnn3C)sc12,7.29
A2A,CHEMBL1271015,N#Cc1cccc(C(=O)Nc2nc3cc(C(=O)N4CCCCC4)cnc3n2CCCO)c1,7.29
A2A,CHEMBL1672623,O=C(Nc1cnc(-c2ccncc2)c(-c2ccccc2F)n1)C1CC1,7.29
A2A,CHEMBL368488,Nc1nc(N2CCN(Cc3cccc(Cl)c3)CC2)nc2nc(-c3ccco3)nn12,7.29
A2A,CHEMBL2024111,Nc1nnc(-c2cccc(Cl)c2)c(-c2ccccc2)n1,7.29
A2A,CHEMBL3217865,N#Cc1cccc(-c2nc(N)c3cc(CN4CCSCC4)sc3n2)c1,7.29
A2A,CHEMBL3359401,O=c1c2ncn3nc(-c4ccccc4)cc3c2c(-c2cccs2)nn1Cc1ccccc1,7.29
A2A,CHEMBL3314880,O=C(Nc1ccccc1)Nc1ncc(C(=O)NCCc2ccccc2)c2nc(-c3ccco3)nn12,7.29
A2A,CHEMBL3798214,Cc1ccc(-c2nc(N)c3nn(Cc4cccc(F)c4)cc3n2)o1,7.29
A2A,CHEMBL3896373,C#CCCCC(=O)Nc1nc2cccc(Cl)c2c2nc(-c3ccco3)nn12,7.29
A2A,CHEMBL4084269,COc1ccc(N2CCOCC2)c2sc(NC(=O)C(C)(C)Oc3ccc(Cl)cc3)nc12,7.29
A2A,CHEMBL4876950,COc1ccc(-c2cn3c(nc4ccccc43)c(N)n2)cc1,7.29
A2A,CHEMBL5081937,COc1ccc(-c2nc(Nc3ccccc3)nc(-c3ccccc3)c2C#N)cc1,7.29
A2A,CHEMBL5200632,Nc1nc(-c2ccco2)c2cnn(Cc3cccc(OCCCCC(=O)NO)n3)c2n1,7.29
A2A,CHEMBL302376,NC[C@H]1O[C@@H](n2cnc3c(N)ncnc32)[C@H](O)[C@@H]1O,7.28
A2A,CHEMBL165044,CCn1cc2c(nc(NC(=O)Nc3ccc(C(F)(F)F)cc3)n3nc(-c4ccco4)nc23)n1,7.28
A2A,CHEMBL363458,OC[C@H]1OC(n2cnc3c(NCc4cccc(I)c4)nc(-n4cc(-c5nccc6ccccc56)cn4)nc32)[C@H](O)[C@@H]1O,7.28
A2A,CHEMBL201008,CCCn1c(=O)c2[nH]c(-c3ccc(OCC(=O)Nc4ccc(CS(=O)(=O)N5CCCC5)cc4)cc3)cc2n(CCC)c1=O,7.28
A2A,CHEMBL381729,c1ccc(-c2nc(-c3ccccc3)c3[nH]cnc3n2)cc1,7.28
A2A,CHEMBL468633,CCn1c(Br)nc2c(N)ncnc21,7.28
A2A,CHEMBL573593,CCCn1cc2c(nc(NC(=O)Cc3ccc(-c4ccccc4)cc3)n3nc(-c4ccco4)nc23)n1,7.28
A2A,CHEMBL573780,O=C(Nc1nc2nn(CCc3ccccc3)cc2c2nc(-c3ccco3)nn12)C(c1ccccc1)c1ccccc1,7.28
A2A,CHEMBL1760898,CCN(C(C)=O)c1ccc(OC)c2nc(NC(=O)[C@H]3CC[C@@H](NC(=O)c4cccc(C(F)(F)F)c4)CC3)sc12,7.28
A2A,CHEMBL1927431,Nc1nc(N2CCN(Cc3ccc(F)cc3)CC2)nc2nc(-c3ccco3)nn12,7.28
A2A,CHEMBL2398485,Cn1c(-n2nccn2)nc2c(N)nc(CCCCO)nc21,7.28
A2A,CHEMBL3100163,Cc1cc(C)n(-c2nc(NCC(F)(F)F)cc(-n3cccn3)n2)n1,7.28
A2A,CHEMBL3416811,CCNC(=O)[C@H]1O[C@@H](n2cnc3c(N)nc(N4CCN(c5ccc(OCC(=O)OCC)cc5)CC4)nc32)[C@H](O)[C@@H]1O,7.28
A2A,CHEMBL4065717,CCCn1c(=O)c2[nH]c(-c3ccc(OCC4CC(=O)N(c5ccc(C(F)(F)F)cc5)C4)nc3)nc2n(CCC)c1=O,7.28
A2A,CHEMBL4445763,Nc1nc(-c2cccc(CO)c2)nc2sc(-c3ccccc3)nc12,7.28
A2A,CHEMBL4581448,CCCn1c(=O)[nH]c2nc(-c3ccc(S(=O)(=O)N(C)C)cc3)[nH]c2c1=O,7.28
A2A,CHEMBL4468805,Cl.Cn1cc2c(nc(NCCCCCN)n3nc(-c4ccco4)nc23)n1,7.28
A2A,CHEMBL5070276,N#Cc1c(-c2ccccc2)nc(Nc2ccccc2)nc1-c1ccccc1F,7.28
A2A,CHEMBL5090498,N#Cc1c(-c2ccccc2)nc(N)nc1-c1ccoc1,7.28
A2A,CHEMBL5179765,Cc1ccc(-c2nc(N)nc3c2cnn3Cc2cccc(OCCCCCCC(=O)NO)c2)o1,7.28
A2A,CHEMBL5752625,Nc1nc(-c2ccc(F)cc2)c(-c2ccnc(C(F)(F)F)c2)c2nc(Cc3c(F)cccc3F)nn12,7.28
A2A,CHEMBL2311151,Cn1c(=O)c2c(nc(/C=C/c3cccc(Cl)c3)n2[11CH3])n(C)c1=O,7.27
A2A,CHEMBL201157,CCCn1c(=O)c2[nH]c(-c3ccc(OC(C)(C)C(=O)Nc4ccccc4)cc3)cc2n(CCC)c1=O,7.27
A2A,CHEMBL409934,CN1CCN(CC(=O)Nc2cc(-n3cccn3)nc(-c3ccccn3)n2)CC1,7.27
A2A,CHEMBL490723,COc1cccc(-n2c(=O)n(Cc3ccccc3)c3cnc(NC4CC4)nc32)c1,7.27
A2A,CHEMBL476298,N#Cc1c(-c2cccs2)cc(-c2ccccc2)nc1N,7.27
A2A,CHEMBL456457,O=C(c1ccccc1)c1sc(NCc2cccs2)nc1-c1ccco1,7.27
A2A,CHEMBL574483,Cn1cc2c(nc(NC(=O)Cc3ccc(F)cc3)n3nc(-c4ccco4)nc23)n1,7.27
A2A,CHEMBL1771804,Nc1nc2c(cnn2CCCc2ccc(OCCCF)cc2)c2nc(-c3ccco3)nn12,7.27
A2A,CHEMBL5182020,Cc1cccc(Nc2nc(NCCCO)nc3c2cnn3-c2ccccc2)c1,7.27
A2A,CHEMBL5563496,COc1ccc2[nH]cc(Cn3cc(-c4cc(-c5cccc(C#N)c5C)nc(N)n4)nn3)c2c1,7.27
A2A,CHEMBL5882255,COc1cccc2c1nc(N)n1nc([C@H]3CC4CC[C@H]3N(CC(F)(F)F)C4)nc21,7.27
A2A,CHEMBL6169053,CCCCC#Cc1nc(N)c2nc(-c3ccccc3)n([C@H]3[C@H](O)[C@H](O)[C@@H]4C[C@@H]43)c2n1,7.27
A2A,CHEMBL135719,O=C(Cc1cccc2ccccc12)Nc1nc2nn(CCc3ccccc3)cc2c2nc(-c3ccco3)nn12,7.26
A2A,CHEMBL22316,Nc1ccc(CCn2ncc3c2nc(N)n2nc(-c4ccco4)nc32)cc1,7.26
A2A,CHEMBL207824,c1ccc(-c2nc(-c3ccccc3)c3nc(C4CCCC4)nc-3[nH]2)cc1,7.26
A2A,CHEMBL258989,CCC(CC)C(=O)Nc1nc(-c2ccccc2)c(C#N)c(-c2ccccc2)n1,7.26
A2A,CHEMBL265696,CN(C)c1nc(-c2cccs2)c2sccc2n1,7.26
A2A,CHEMBL1672613,CCC(=O)Nc1cnc(-c2ccncc2)c(-c2ccco2)n1,7.26
A2A,CHEMBL2180931,C[C@H](Nc1nc2nn(C)cc2c2nc(-c3ccco3)nn12)c1ccccc1,7.26
A2A,CHEMBL2419142,CCCn1c(/N=C/c2ccc(Cl)cc2)c(C#N)sc1=S,7.26
A2A,CHEMBL3217863,N#Cc1cccc(-c2nc(N)c3cc(CN4CCC(F)CC4)sc3n2)c1,7.26
A2A,CHEMBL3222048,CCN(CC)Cc1cc2c(N)nc(-c3ccco3)nc2s1,7.26
A2A,CHEMBL3317574,Nc1nc(CCCc2ccccc2)nc2cn(-c3ccccc3)nc12,7.26
A2A,CHEMBL3416775,CCNC(=O)[C@H]1O[C@@H](n2cnc3c(N)nc(NCCN4CCN(c5ccccc5)CC4)nc32)[C@H](O)[C@@H]1O,7.26
A2A,CHEMBL4073861,COc1cnc(N2CCOCC2)c2sc(NC(=O)C(C)(C)Oc3ccc(C)cc3)nc12,7.26
A2A,CHEMBL4076003,CCn1nnc([C@H]2O[C@@H](n3cnc4c(NCc5ccco5)ncnc43)[C@H](O)[C@@H]2O)n1,7.26
A2A,CHEMBL4586743,CC(C)(C)c1cc(C(=O)NCCC(=O)Nc2ccc(-c3cn4c(=O)n(-c5ccccc5)nc4c(N)n3)cc2)cc(C(C)(C)C)c1O,7.26
A2A,CHEMBL5083035,N#Cc1c(-c2ccccc2)nc(Nc2ccccc2)nc1-c1ccccc1,7.26
A2A,CHEMBL5401706,Cc1c(C#N)cccc1-c1cc(-c2ccn(Cc3cccc(CO)c3)c(=O)c2)nc(N)n1,7.26
A2A,CHEMBL5851147,Nc1nc2c3c(ccc2c2nc([C@@H]4CCCN(CCC(F)(F)F)C4)nn12)OC(F)(F)O3,7.26
A2A,CHEMBL5992682,Cc1ncc(-c2nc(N)cnc2-c2ccc3ncccc3c2)s1,7.26
A2A,CHEMBL5836447,Nc1nc2c3c(ccc2c2nc(CCN4C[C@H]5CCCN[C@H]5C4)nn12)OC(F)(F)O3,7.26
A2A,CHEMBL6022643,CCNC(=O)c1cc2c(N)nc(-c3cccc(C#N)c3)c(C3(C(F)(F)F)CC3)n2n1,7.26
A2A,CHEMBL5745835,N#Cc1cccc(-c2nc(N)c3cc(CN4CCC4)nn3c2-c2ccncn2)c1,7.26
A2A,CHEMBL6026258,CCOC(=O)Nc1nc2c(N)nc(-c3cccc(C#N)c3)cn2n1,7.26
A2A,CHEMBL5819235,CCCCCn1c2cc(-c3ccc(S(=O)(=O)Nc4ccc(C)cc4)cc3)[nH]c2c(=O)n2c(C)nnc12,7.26
A2A,CHEMBL5850192,CCCCCn1c2c(Br)c[nH]c2c(=O)n2c(C)nnc12,7.26
A2A,CHEMBL5990249,CCCCCn1c2cc[nH]c2c(=O)n2c(C)cnc12,7.26
A2A,CHEMBL6052186,Cc1cc(-c2c(-c3ccccc3)nc(N)n3c(CN4CCOCC4)cnc23)cc(C)n1,7.26
A2A,CHEMBL5788169,Nc1nc(-c2ccncc2)c(-c2ccncc2)c2nccn12,7.26
A2A,CHEMBL5963630,Cc1occc1-c1nc(N)n2ccnc2c1-c1ccncc1,7.26
A2A,CHEMBL5880402,Nc1nc(-c2ccccc2F)c(-c2ccncc2)c2nccn12,7.26
A2A,CHEMBL5909594,Cc1cc(-c2c(-c3cnn(C)c3)nc(N)n3ccnc23)ccn1,7.26
A2A,CHEMBL5936744,CCOC(=O)c1cn2c(N)nc(-c3ccccc3)c(-c3ccnc(C)c3)c2n1,7.26
A2A,CHEMBL5817837,COC(=O)c1cc(-c2cn3c(N)nc(-c4ccccc4)c(-c4ccncc4)c3n2)on1,7.26
A2A,CHEMBL5877047,CCOc1ccc(-c2cnc3c(-c4ccnc(C)c4)c(-c4ccccc4)nc(N)n23)cc1,7.26
A2A,CHEMBL5918346,CCNC(=O)c1nc2c(-c3ccnc(OC)c3)c(-c3cccc(C#N)c3)nc(N)n2c1C,7.26
A2A,CHEMBL6047499,CCNC(=O)c1cn2c(NCC)nc(-c3ccccc3)c(-c3cc(C)nc(C)c3)c2n1,7.26
A2A,CHEMBL5769678,CCNC(=O)c1cn2c(N)nc(-c3cccc(C#N)c3)c(C3CC3)c2n1,7.26
A2A,CHEMBL6176792,N#Cc1c(N)nc(N2CCCCC2)c(C#N)c1-c1cccc(-c2cccs2)c1,7.26
A2A,CHEMBL183,CCCn1c(=O)c2[nH]c(C3CCCC3)nc2n(CCC)c1=O,7.25
A2A,CHEMBL122667,CCCCc1nc2[nH]cnc2c2nc(-c3cccc(Cl)c3)nn12,7.25
A2A,CHEMBL199399,CCCn1c(=O)c2[nH]c(-c3ccc(OCC(=O)Nc4ccc(O)cc4)cc3)cc2n(CCC)c1=O,7.25
A2A,CHEMBL426928,Nc1nc(OCCc2ccc(F)cc2)nc2c1ncn2[C@@H]1O[C@H](CO)[C@@H](O)[C@H]1O,7.25
A2A,CHEMBL258589,O=C(c1ccsc1)c1nc(C(F)(F)F)nc2ccsc12,7.25
A2A,CHEMBL258960,Nc1nc(-c2cncs2)c2ncn(C(=O)NCc3ccccc3)c2n1,7.25
A2A,CHEMBL551904,CCn1c(=O)c2[nH]c(-c3ccc(OCC(=O)Nc4ccc(F)cc4)cc3)nc2n(CCCOC)c1=O,7.25
A2A,CHEMBL573807,Cn1cc2c(nc(NC(=O)Cc3cccs3)n3nc(-c4ccco4)nc23)n1,7.25
A2A,CHEMBL592246,Cc1cnn([C@H]2C[C@@H](n3cnc4c(N)nc(N[C@H](CO)Cc5ccccc5)nc43)[C@H](O)[C@@H]2O)c1,7.25
A2A,CHEMBL1950650,CCNC(=O)[C@H]1C[C@@H](n2cnc3c(N[C@H](CC)Cc4sccc4Cl)ccnc32)[C@H](O)[C@@H]1O,7.25
A2A,CHEMBL3416787,CCNC(=O)[C@H]1O[C@@H](n2cnc3c(N)nc(NCCN4CCN(c5ccc(OCCOC)cc5)CC4)nc32)[C@H](O)[C@@H]1O,7.25
A2A,CHEMBL4085418,CCNC(=O)[C@H]1O[C@@H](n2cnc3c(NCCCCCCNC(=O)c4ccc(-c5sc(N)c(C(=O)c6ccccc6)c5-c5cccc(C(F)(F)F)c5)cc4)ncnc32)[C@H](O)[C@@H]1O,7.25
A2A,CHEMBL5415792,Cc1c(C#N)cccc1-c1cc(-c2ccn(Cc3cccc(C(C)(C)F)c3)c(=O)c2)nc(N)n1,7.25
A2A,CHEMBL5919017,Nc1nc(-c2ccc(F)cc2)c(-c2ccnc(Cl)c2)c2nc(Cc3ncccc3F)nn12,7.25
A2A,CHEMBL6007054,Nc1nc(-c2ccc(F)cc2)c(-c2ccc(=O)n(C3CS(=O)(=O)C3)c2)c2nc(Cc3c(F)cccc3F)nn12,7.25
A2A,CHEMBL6006877,Cc1ccc(-c2nc(N)nc3c2C(=O)N(C)C3Cc2ccccc2OC(F)(F)F)o1,7.25
A2A,CHEMBL5762158,CC(c1nc2c3ccc4c(c3nc(N)n2n1)OC(F)(F)O4)N1CC(F)(F)C1,7.25
A2A,CHEMBL5814557,COc1ccc(CNc2nc3c(OC)cc(F)cc3c3nc([C@H]4C[C@H](F)CN(c5cnn(CC(C)(C)O)c5)C4)nn23)c(OC)c1,7.25
A2A,CHEMBL132806,CC(C)CCn1cc2c(nc(NC(=O)Cc3ccccc3)n3nc(-c4ccco4)nc23)n1,7.24
A2A,CHEMBL325646,Nc1cc(C(=O)N2CCCC2)cc2nc(-c3ccccn3)nn12,7.24
A2A,CHEMBL419191,Cc1ccc(-c2nc3c(N)cc(C(=O)N4CCCCC4)cn3n2)o1,7.24
A2A,CHEMBL113412,Nc1cc(C(=O)N2CCCC2)cn2nc(-c3ccco3)nc12,7.24
A2A,CHEMBL123450,CCCCc1nc2[nH]cnc2c2nc(-c3ccc(O)cc3)nn12,7.24
A2A,CHEMBL194452,CN(C)c1ccc2c(O)c(C(=O)NCc3ccccc3)cnc2n1,7.24
A2A,CHEMBL199446,Cn1c(=O)c2[nH]c(-c3ccc(OCC(=O)Nc4ccc(F)cc4)cc3)cc2n(C)c1=O,7.24
A2A,CHEMBL225535,Nc1nc(OCCc2ccccc2F)nc2c1ncn2[C@@H]1O[C@H](CO)[C@@H](O)[C@H]1O,7.24
A2A,CHEMBL260667,CCNc1nc(-c2ccco2)c2sccc2n1,7.24
A2A,CHEMBL469004,N#Cc1c(-c2cccc(OC(F)(F)F)c2)cc(-c2ccccc2)nc1N,7.24
A2A,CHEMBL607550,COc1ccccc1-c1cc(C(=O)NCc2ccccn2)nc(N)n1,7.24
A2A,CHEMBL596042,CCNC(=O)[C@H]1S[C@@H](n2cnc3c(NCc4cccc(I)c4)ncnc32)[C@H](O)[C@@H]1O,7.24
A2A,CHEMBL1076587,O=C(Nc1ccc(-c2ccncc2)c(-c2cccc(F)c2)n1)C1CC1,7.24
A2A,CHEMBL1221504,Cc1noc(-c2sc(NC(=O)Cc3ccccc3)nc2-c2ccccc2)n1,7.24
A2A,CHEMBL2377084,Cc1nc(-c2nc(N)c3cc(Cc4ccccc4)sc3n2)cs1,7.24
A2A,CHEMBL3087713,Cn1c(-c2ccco2)nc2c(NC(=O)Nc3ccccc3)ncnc21,7.24
A2A,CHEMBL3797666,Cc1ccc(-c2nc(N)c3nn(Cc4ccccc4F)cc3n2)o1,7.24
A2A,CHEMBL3951103,Nc1nc(NCCCc2ccccc2)nc2sc(-c3ccco3)nc12,7.24
A2A,CHEMBL4095843,CCCn1c(=O)c2[nH]c(-c3cnn(CC(=O)N4CCN(c5cccc(C(F)(F)F)c5)CC4)c3)nc2n(CCC)c1=O,7.24
A2A,CHEMBL4086370,COc1ccc(N2CCOCC2)c2sc(NC(=O)C(C)(C)Oc3ccc(C#N)cc3)nc12,7.24
A2A,CHEMBL4581984,N#Cc1c(N)nc(SCc2cccc(C(N)=O)c2)c(C#N)c1-c1ccco1,7.24
A2A,CHEMBL4633630,Nc1nc(NCC2CCN(CC(=O)NCc3ccc(S(N)(=O)=O)cc3)CC2)nc2sc(-c3ccco3)nc12,7.24
A2A,CHEMBL5088463,Cc1ccc(-c2nc(N)nc3c2ncc(=O)n3CCN2CCN(c3cccc(F)c3)CC2)o1,7.24
A2A,CHEMBL5912720,Cc1ccc(-c2nc(N)n3nc(Cc4c(F)cccc4F)nc3c2-c2ccc(=O)n(C)c2)cn1,7.24
A2A,CHEMBL5749218,Nc1cnc(-c2ccc(O)c(Cl)c2)c(-c2ccccc2)n1,7.24
A2A,CHEMBL6017263,Cn1cc(N2CCC[C@@H](c3nc4c5cc(Cl)cc(Cl)c5nc(N)n4n3)C2)cn1,7.24
A2A,CHEMBL16534,CCCn1c(=O)c2nc(-c3ccc(OCC(=O)Nc4cccc(C(C)=O)c4)cc3)[nH]c2n(CCC)c1=O,7.23
A2A,CHEMBL22355,Nc1nc2c(cnn2CCCc2ccc3c(c2)O[C@H](C(=O)O)O3)c2nc(-c3ccco3)nn12,7.23
A2A,CHEMBL380847,CCCn1c(=O)c2[nH]c(-c3ccc(OC(C)C(=O)Nc4ccc(F)cc4)cc3)cc2n(CCC)c1=O,7.23
A2A,CHEMBL204526,CCNC(=O)[C@H]1O[C@@H](n2cnc3c(NCC)nc(C#CC(O)C4CCCCC4)nc32)[C@H](O)[C@@H]1O,7.23
A2A,CHEMBL574701,Nc1nc2c(cnn2CCCc2ccc3c(c2)O[C@@H](C(=O)O)O3)c2nc(-c3ccco3)nn12,7.23
A2A,CHEMBL1671921,CC(C)CC(=O)Nc1ccc(C(=O)Nc2nccs2)cc1,7.23
A2A,CHEMBL1927423,Nc1nc(N2CCCC2)nc2nc(-c3ccco3)nn12,7.23
A2A,CHEMBL1927628,CC(C)(C)C(=O)N1CCN(c2nc(N)n3nc(-c4ccco4)nc3n2)CC1,7.23
A2A,CHEMBL1950553,Nc1nc(OCCc2ccc(Cl)cc2)nc2c1ncn2[C@@H]1O[C@H](CO)[C@@H](O)[C@H]1O,7.23
A2A,CHEMBL2380382,O=C(Nc1nc2ccccc2c(=O)s1)c1ccc(C(=O)N2CCN(Cc3cccc(Cl)c3)CC2)cc1,7.23
A2A,CHEMBL3087710,Cn1c(-c2ccco2)nc2c(NC(=O)C(c3ccccc3)c3ccccc3)ncnc21,7.23
A2A,CHEMBL3314911,CCOC(=O)c1cnc(NC2CCCCC2)n2nc(-c3ccco3)nc12,7.23
A2A,CHEMBL3394276,Nc1nc(N2CCN(CCc3cccc4c3CC(=O)N4)CC2)nc2nc(-c3ccco3)nn12,7.23
A2A,CHEMBL3896989,CCn1nc(-c2cccc(-c3cccc(CC(=O)NCCCCCCCN(C)CCO)c3)c2)cc(NC(=O)Nc2c(Cl)cncc2Cl)c1=O,7.23
A2A,CHEMBL4218673,CCCn1c(=O)[nH]c2nc(-c3ccc(OCC(=O)NCCCCCC4=C5C(C)=CC(C)=[N+]5[B-](F)(F)n5c(C)cc(C)c54)cc3)[nH]c2c1=O,7.23
A2A,CHEMBL4287429,CNc1ncc(C(=O)NCc2ccc(Cl)cc2)c2nc(-c3ccco3)nn12,7.23
A2A,CHEMBL5092067,Cc1ccc(-c2nc(N)nc3c2ncc(=O)n3CCN2CCN(c3ccc(F)cc3)CC2)o1,7.23
A2A,CHEMBL5430803,COc1cccc(C(=O)Nc2cnn(-c3ccccc3)n2)c1,7.23
A2A,CHEMBL6022992,Cc1cc(-c2c(-c3ccc(F)cc3)nc(N)n3nc(Cc4ncccc4F)nc23)ccn1,7.23
A2A,CHEMBL5874081,Cc1cc(-c2c(-c3ccc(F)cc3)nc(N)n3nc(Cc4cccc(Cl)c4)nc23)ccn1,7.23
A2A,CHEMBL134566,O=C(Cc1ccccc1)Nc1nc2nn(CCCc3ccccc3)cc2c2nc(-c3ccco3)nn12,7.22
A2A,CHEMBL164685,CCn1cc2c(nc(NC(=O)Nc3ccc(F)cc3)n3nc(-c4ccco4)nc23)n1,7.22
A2A,CHEMBL170215,Clc1ccc(Cc2n[nH]c(-c3cnccn3)n2)cc1Cl,7.22
A2A,CHEMBL63520,Nc1nc2c(cnn2CCCc2ccc(O)c(O)c2)c2nc(-c3ccco3)nn12,7.22
A2A,CHEMBL332091,Cn1cc2c(nc(NC(=O)Nc3ccncc3)n3nc(-c4ccco4)nc23)n1,7.22
A2A,CHEMBL197605,CCCn1c(=O)c2[nH]c(-c3ccc(OCC(=O)NCc4ccccc4)cc3)c(Cl)c2n(CCC)c1=O,7.22
A2A,CHEMBL203054,Cn1cc2c(nc(NC(=O)Nc3cc4ccccc4o3)n3nc(-c4ccco4)nc23)n1,7.22
A2A,CHEMBL210649,CCCn1c(=O)c2nc(-c3cnn(Cc4ccccc4F)c3)[nH]c2n(CCC)c1=O,7.22
A2A,CHEMBL270378,COC[C@H]1O[C@@H](n2cnc3c(NCC(c4ccccc4)c4ccccc4)nc(NCCN4CCCCC4)nc32)[C@H](O)[C@@H]1O,7.22
A2A,CHEMBL264435,NNc1nc(C(=O)c2cccs2)c2sccc2n1,7.22
A2A,CHEMBL405567,CN(C)c1nc(-c2ccco2)c2sccc2n1,7.22
A2A,CHEMBL491321,COc1cccc(-n2c(=O)n(Cc3c(F)cccc3F)c3cnc(NC(C)C)nc32)c1,7.22
A2A,CHEMBL604536,N#Cc1c(N)nc2c(oc3ccccc32)c1-c1ccccc1,7.22
A2A,CHEMBL3914598,Cn1cc2c(nc(NC(=O)Nc3ccc(CC(=O)NCCCCNC(=S)Nc4ccc(-c5c6ccc(=O)cc-6oc6cc(O)ccc56)c(C(=O)O)c4)cc3)n3nc(-c4ccco4)nc23)n1,7.22
A2A,CHEMBL4086325,CCn1nnc([C@H]2O[C@@H](n3cnc4c(NCc5ccco5)nc(Cl)nc43)[C@H](O)[C@@H]2O)n1,7.22
A2A,CHEMBL4645283,Nc1nc(NCC2CCN(CC(=O)NCCc3ccc(S(N)(=O)=O)cc3)CC2)nc2sc(-c3ccco3)nc12,7.22
A2A,CHEMBL4743686,Cn1cc2c(nc(NC(=O)Nc3ccc(CC(=O)OCCCCNC(=S)Nc4ccc(-c5c6ccc(=O)cc-6oc6cc(O)ccc56)c(C(=O)O)c4)cc3)n3nc(-c4ccco4)nc23)n1,7.22
A2A,CHEMBL5078554,Nc1nc2c(cnn2CCN2Cc3ccc(C(=O)NO)cc3C2)c2nc(-c3ccco3)nn12,7.22
A2A,CHEMBL5770581,Cc1cc(-c2c(-c3ncco3)nc(N)n3nc(Cc4c(F)cccc4F)nc23)cc(C2CC2)n1,7.22
A2A,CHEMBL110646,COC[C@H]1CCCN1C(=O)c1cc(N)c2nc(-c3ccc(Br)o3)nn2c1,7.21
A2A,CHEMBL325993,CC1CCCCN1C(=O)c1cc(N)c2nc(-c3ccc(Br)o3)nn2c1,7.21
A2A,CHEMBL168018,CCCn1cc2c(nc(NC(=O)Nc3ccccc3)n3nc(-c4ccco4)nc23)n1,7.21
A2A,CHEMBL22085,CCNc1c2c(nc(NC(=O)Cc3ccc4c(c3)OCO4)n3nc(-c4ccco4)nc23)nn1C,7.21
A2A,CHEMBL210683,CCCn1c(=O)c2nc(-c3cnn(Cc4ccc(OC)cc4)c3)[nH]c2n(CCC)c1=O,7.21
A2A,CHEMBL411329,O[C@H](c1cc(C(F)(F)F)nc2c(C(F)(F)F)cccc12)[C@@H]1CCCCN1,7.21
A2A,CHEMBL456455,O=C(c1ccccc1)c1sc(NCCc2ccc3c(c2)OCO3)nc1-c1ccco1,7.21
A2A,CHEMBL599387,CCc1cnn([C@H]2C[C@@H](n3cnc4c(N)nc(N[C@H](CO)Cc5ccccc5)nc43)[C@H](O)[C@@H]2O)c1,7.21
A2A,CHEMBL1082028,O=C(Nc1ccc(-c2ccncc2)c(-c2ccccc2F)n1)C1CC1,7.21
A2A,CHEMBL1080068,O=C(c1cccs1)c1nc(NCc2cccnc2)nc2cc(Cl)sc12,7.21
A2A,CHEMBL1172268,COc1ccc(N(C(C)=O)C(F)F)c2sc(NC(=O)c3ccc(F)cc3)nc12,7.21
A2A,CHEMBL1222241,CCCC(=O)c1sc(NC(=O)c2ccco2)nc1-c1ccccc1,7.21
A2A,CHEMBL2382431,COc1cccc(/C=C/C(=O)Nc2nc3ccccc3c(=O)s2)c1,7.21
A2A,CHEMBL4126427,Cc1nc2c(N)nc(NCCc3cccs3)nc2s1,7.21
A2A,CHEMBL4294246,CNc1ncc(C(=O)NC(c2ccccc2)c2ccccc2)c2nc(-c3ccco3)nn12,7.21
A2A,CHEMBL4278675,CNc1ncc(C(=O)OCc2ccc(C)cc2)c2nc(-c3ccco3)nn12,7.21
A2A,CHEMBL4460556,Nc1nc(N/N=C/c2ccc(C(F)(F)F)cc2)nc2c1ncn2[C@@H]1O[C@H](CO)[C@@H](O)[C@H]1O,7.21
A2A,CHEMBL5088780,N#Cc1c(-c2ccc(F)cc2)nc(N)nc1-c1ccc2c(c1)OCO2,7.21
A2A,CHEMBL5074137,Cn1cc(-c2cnc(N)n3nc(-c4ccccn4)nc23)ccc1=O,7.21
A2A,CHEMBL5412507,CCCCC#Cc1nc(N)c2nc(-c3cccs3)n([C@@H]3SC[C@@H](O)[C@H]3O)c2n1,7.21
A2A,CHEMBL6062145,Nc1nnc(-c2cc(Cl)cc(Cl)c2)c(-c2ccccn2)n1,7.21
A2A,CHEMBL200967,CCCn1c(=O)c2[nH]c(-c3ccc(OCC(=O)Nc4ccc(NC(C)=O)cc4)cc3)cc2n(CCC)c1=O,7.2
A2A,CHEMBL263372,O=C(CCc1ccccc1)Nc1nc2ccccc2n2nc(-c3ccco3)nc12,7.2
A2A,CHEMBL405868,OCCNc1nc2ccccc2n2nc(-c3ccco3)nc12,7.2
A2A,CHEMBL576538,COc1ccc(CC(=O)Nc2nc3nn(C)cc3c3nc(-c4ccco4)nn23)cc1,7.2
A2A,CHEMBL607542,CNc1nc(C(=O)NCc2ccccn2)cc(-c2ccc(C)o2)n1,7.2
A2A,CHEMBL1650394,CCC(=O)Nc1cc(-c2ccsc2)nc(-c2ccsc2)n1,7.2
A2A,CHEMBL1945563,CCCCC#Cc1nc(N)c2ncn([C@@H]3OC[C@@H](O)[C@H]3O)c2n1,7.2
A2A,CHEMBL1950661,CCNC(=O)[C@H]1O[C@@H](n2cnc3c(N)nc(NCCc4ccc(CCC(=O)N[C@@H](Cc5ccccc5)C(=O)O)cc4)nc32)[C@H](O)[C@@H]1O,7.2
A2A,CHEMBL2377095,C=C(c1ccccc1)c1cc2c(N)nc(-c3cccc(C#N)c3)nc2s1,7.2
A2A,CHEMBL3394255,CCCN(CCCNC(=O)COc1ccc(CCNc2nc(N)n3nc(-c4ccco4)nc3n2)cc1)CCc1cccc2c1CC(=O)N2,7.2
A2A,CHEMBL4285888,CCOC(=O)c1cnc(NN)n2nc(-c3ccco3)nc12,7.2
A2A,CHEMBL5083945,Cc1ccc(-c2nc(N)nc3c2ncc(=O)n3CCN2CCN(c3ccc(OC(F)F)cc3)CC2)o1,7.2
A2A,CHEMBL426738,Nc1nc(N2CCN3CCC[C@@H]3C2)cc2nc(-c3ccco3)nn12,7.2
A2A,CHEMBL5436271,Cc1nnsc1C(=O)Nc1nc2c(s1)Cc1ccccc1-2,7.2
A2A,CHEMBL5569508,Cc1c(C#N)cccc1-c1cc(-c2cn(Cc3c[nH]c4ccc(F)cc34)nn2)nc(N)n1,7.2
A2A,CHEMBL5880072,Nc1nc(-c2ccc(F)cc2)c(-c2ccnnc2)c2nc(Cc3c(F)cccc3F)nn12,7.2
A2A,CHEMBL258535,CCNc1nc(C#C[C@@H](O)c2ccccc2)nc2c1ncn2[C@@H]1O[C@H](CO)[C@@H](O)[C@H]1O,7.19
A2A,CHEMBL358735,COc1ccc(NC(=O)Nc2nc3nn(CCC(C)C)cc3c3nc(-c4ccco4)nn23)cc1,7.19
A2A,CHEMBL383689,Cn1cc2c(nc(NC(=O)Nc3cccc[n+]3C)n3nc(-c4ccco4)nc23)n1.[I-],7.19
A2A,CHEMBL261346,c1ccc(Nc2nc3ccccc3n3nc(-c4ccco4)nc23)cc1,7.19
A2A,CHEMBL465171,O=C(c1ccccc1)c1sc(NCc2ccc(F)c(F)c2)nc1-c1ccco1,7.19
A2A,CHEMBL2180938,COc1ccc(CNc2nc3nn(C)cc3c3nc(-c4ccco4)nn23)cc1OC,7.19
A2A,CHEMBL2380386,COc1cccc(CCC(=O)Nc2nc3ccccc3c(=O)s2)c1,7.19
A2A,CHEMBL2398481,CCC(O)Cc1nc(N)c2nc(-n3nccn3)n(C)c2n1,7.19
A2A,CHEMBL3100159,Cc1cc(C)n(-c2nc(Nc3ccccn3)cc(N3CCc4ccccc4C3)n2)n1,7.19
A2A,CHEMBL3222110,C[C@@H]1CCC[C@H](C)N1Cc1cc2c(N)nc(-c3cccc(C#N)c3)nc2s1,7.19
A2A,CHEMBL3314874,COc1ccc(CNc2ncc(C(=O)NCCc3ccccc3)c3nc(-c4ccco4)nn23)cc1OC,7.19
A2A,CHEMBL3754099,CC(C)Nc1nc(N)n2nc(-c3ccco3)nc2n1,7.19
A2A,CHEMBL3966761,O[C@H]1CC[C@H](Nc2ncc(-c3ccnc(C4CC4)c3)c(-c3ccccc3)n2)CC1,7.19
A2A,CHEMBL5176292,COc1cccc(C(=O)n2nc(-c3ccccc3Cl)nc2N)c1,7.19
A2A,CHEMBL5174932,Nc1nc(-c2ccccc2Cl)cn1C(=O)c1cccc(Cl)c1,7.19
A2A,CHEMBL5747068,Nc1nnc(-c2ccc3occc3c2)c(-c2ccccc2)n1,7.19
A2A,CHEMBL5940079,CN1C(=O)c2c(-c3ccco3)nc(N)nc2C1Cc1ccccc1F,7.19
A2A,CHEMBL5960939,Nc1nc2c3c(ccc2c2nc(CC4CN(C5CCC5)C4)nn12)OC(F)(F)O3,7.19
A2A,CHEMBL5955717,C[C@@H](NC(=O)c1nc(-c2cc(Cl)c3ncccc3c2)c(-c2ccccc2)nc1N)c1cccc(C#N)n1,7.19
A2A,CHEMBL97687,Oc1cc(-c2ccccc2)nc2nc(Br)ccc12,7.18
A2A,CHEMBL279870,O=c1n(-c2cccc(F)c2)nc2c(NC3CCCCC3)nc3ccccc3n12,7.18
A2A,CHEMBL350830,CCCCn1cc2c(nc(NC(=O)Nc3ccc(Br)cc3)n3nc(-c4ccco4)nc23)n1,7.18
A2A,CHEMBL201127,CCCn1c(=O)c2[nH]c(-c3ccc(OCC(=O)Nc4ccc(F)cc4)cc3)cc2n(C)c1=O,7.18
A2A,CHEMBL378959,c1ccc(-c2nc(-c3ccccc3)c3[nH]c(-c4ccccc4)nc3n2)cc1,7.18
A2A,CHEMBL378570,CCCn1c(=O)c2nc(-c3cnn(Cc4cccc(C)c4)c3)[nH]c2n(CCC)c1=O,7.18
A2A,CHEMBL516556,COc1cccc(-n2c(=O)n(Cc3c(F)cccc3F)c3cnc(NCc4cccnc4)nc32)c1,7.18
A2A,CHEMBL1170136,CCN(C(C)=O)c1ccc(OC)c2nc(NC(=O)c3ccc(-n4cccn4)cc3)sc12,7.18
A2A,CHEMBL1927437,COC(=O)CCC(=O)N1CCN(c2nc(N)n3nc(-c4ccco4)nc3n2)CC1,7.18
A2A,CHEMBL2042305,CCNC(=O)[C@H]1O[C@@H](n2cnc3c(NCC(c4ccccc4)c4ccccc4)nc(NCCc4ccccc4)nc32)[C@H](O)[C@@H]1O,7.18
A2A,CHEMBL3100162,Cc1cc(C)n(-c2nc(Nc3nccs3)cc(N3CCc4ccccc4C3)n2)n1,7.18
A2A,CHEMBL5562028,CCCCC#Cc1nc(NC)c2nc(-c3cccs3)[nH]c2n1,7.18
A2A,CHEMBL123172,CCCCc1nc2[nH]cnc2c2nc(-c3cccc(OC)c3)nn12,7.17
A2A,CHEMBL194539,O=C(NCc1ccccc1)c1cnc2nc(Cl)ccc2c1O,7.17
A2A,CHEMBL382663,Cn1c(=O)c2[nH]c(-c3cccc(OCC(=O)Nc4ccc(Br)cc4)c3)cc2n(C)c1=O,7.17
A2A,CHEMBL235076,Nc1nc2ccc(Cl)cc2n2c(=O)c(-c3ccc(Cl)cc3)nn12,7.17
A2A,CHEMBL511118,CC(=O)Nc1cc(-c2cccc(CO[C@@H]3CCN(C)C3)c2)nc(-n2nc(C)cc2C)n1,7.17
A2A,CHEMBL461665,CNc1nc(-c2ccco2)c(C(=O)c2ccccc2)s1,7.17
A2A,CHEMBL1171200,CCN(C(C)=O)c1ccc(OC)c2nc(NC(=O)c3ccc(C(=O)N4CCCC4)cc3)sc12,7.17
A2A,CHEMBL1277025,O=c1c2ncn3nc(-c4ccccc4)cc3c2c(-c2ccncc2)nn1Cc1ccccc1,7.17
A2A,CHEMBL1935756,COc1ccc(NC(=O)Nc2nc3cnn(C)c3c3nc(-c4ccco4)nn23)cc1,7.17
A2A,CHEMBL2377102,Nc1nc(-c2ccncc2)nc2sc(Cc3ccccc3)cc12,7.17
A2A,CHEMBL2377238,Cc1ccc(-c2nc(N)c3cc(-c4ccccc4)sc3n2)o1,7.17
A2A,CHEMBL3401300,O=C(CC1CCCC1)Nc1ccc(C(=O)Nc2nccs2)cc1,7.17
A2A,CHEMBL4542585,Nc1nc(N/N=C/c2ccc(N(c3ccccc3)c3ccccc3)cc2)nc2c1ncn2[C@@H]1O[C@H](CO)[C@@H](O)[C@H]1O,7.17
A2A,CHEMBL4448894,COC(=O)c1cccc(CSc2nc(N)c(C#N)c(-c3ccco3)c2C#N)c1,7.17
A2A,CHEMBL4756472,O=C(NCc1ccc(Nc2ncnc3c2ncn3[C@@H]2O[C@H](CO)[C@@H](O)[C@H]2O)cc1)c1ccc(S(=O)(=O)F)cc1,7.17
A2A,CHEMBL4746617,OC[C@H]1O[C@@H](n2cnc3c(Nc4ccc(CNC(=S)Nc5ccc(N=C=S)cc5)cc4)ncnc32)[C@H](O)[C@@H]1O,7.17
A2A,CHEMBL5078507,N#Cc1c(N)nc(SCc2ncc[nH]2)nc1-c1ccccc1,7.17
A2A,CHEMBL5188108,Nc1nc(-c2ccco2)c2cnn(Cc3cccc(OCCCCCC(=O)NO)n3)c2n1,7.17
A2A,CHEMBL5837834,Cn1cc(-c2c(-c3ccc(F)cc3F)nc(N)n3nc(Cc4ncccc4F)nc23)ccc1=O,7.17
A2A,CHEMBL6053595,Nc1nnc(Oc2ccccc2)c(-c2ccccc2)n1,7.17
A2A,CHEMBL5916520,Nc1nc(-c2ccc(Br)o2)c2c(n1)C(Cc1ccccc1OC(F)(F)F)OC2=O,7.17
A2A,CHEMBL5750159,CC1(C)CCCN(CCc2nc3c4ccc5c(c4nc(N)n3n2)OC(F)(F)O5)C1,7.17
A2A,CHEMBL16787,CCCn1c(=O)c2nc(-c3ccc(OCC(=O)Nc4ccc([N+](=O)[O-])cc4)cc3)[nH]c2n(CCC)c1=O,7.16
A2A,CHEMBL166939,COc1cccc(-c2n[nH]c(Cc3ccc(F)c(F)c3)n2)c1,7.16
A2A,CHEMBL439336,Nc1nc(-c2ccco2)c2ncn(-c3ccccc3)c2n1,7.16
A2A,CHEMBL199583,CCCn1c(=O)c2[nH]c(-c3ccc(OCC(=O)Nc4ccc(-c5ccccc5)cc4)cc3)cc2n(CCC)c1=O,7.16
A2A,CHEMBL209174,CCCn1c(=O)c2nc(-c3cnn(Cc4cc(Cl)ccc4Cl)c3)[nH]c2n(CCC)c1=O,7.16
A2A,CHEMBL210150,CCCn1c(=O)c2nc(-c3cnn(Cc4cccc(OC)c4)c3)[nH]c2n(CCC)c1=O,7.16
A2A,CHEMBL225593,Nc1nc(OCCc2cccc(F)c2)nc2c1ncn2[C@@H]1O[C@H](CO)[C@@H](O)[C@H]1O,7.16
A2A,CHEMBL259532,CCCC(=O)Nc1nc(-c2ccccc2)nc(-c2ccccc2)c1C#N,7.16
A2A,CHEMBL409125,O=C(Nc1cc(-c2ccc3c(c2)OCO3)nc(-c2ccccc2)n1)C1CC1,7.16
A2A,CHEMBL402817,CCc1nc(-c2cccs2)c2sccc2n1,7.16
A2A,CHEMBL519390,CCn1c(=O)[nH]c2nc(-c3ccc(S(=O)(=O)N4CCN(Cc5cccc(C(F)(F)F)c5)CC4)cc3)[nH]c2c1=O,7.16
A2A,CHEMBL1927427,CC(C)(C)OC(=O)NCC1CCC(CNc2nc(N)n3nc(-c4ccco4)nc3n2)CC1,7.16
A2A,CHEMBL3098227,COC[C@H]1CCCN1c1cc(Nc2cnccn2)nc(-n2nc(C)cc2C)n1,7.16
A2A,CHEMBL3359404,O=c1c2ncn3nc(-c4ccccc4)cc3c2c(-c2ccsc2)nn1Cc1ccccc1,7.16
A2A,CHEMBL5397080,Cc1c(C#N)cccc1-c1cc(-c2ccn(Cc3ccccc3)c(=O)c2)nc(N)n1,7.16
A2A,CHEMBL5568273,CCCCC#Cc1nc2c(NC)nc(-c3ccco3)nc2[nH]1,7.16
A2A,CHEMBL5579763,Cc1c(C#N)cccc1-c1cc(-c2cn(Cc3c[nH]c4ccc(OC(C)C)cc34)nn2)nc(N)n1,7.16
A2A,CHEMBL122512,CCCCc1nc2[nH]cnc2c2nc(-c3ccccc3)nn12,7.15
A2A,CHEMBL194290,Cc1nc(N)c2nc(-n3nccn3)n(C)c2n1,7.15
A2A,CHEMBL271753,CCCOc1cc(NC(=O)CC)nc(SCCC)n1,7.15
A2A,CHEMBL402606,Nc1nc(-n2ccnn2)c2cnn(Cc3ccccc3F)c2n1,7.15
A2A,CHEMBL572654,CCn1cc2c(nc(NC(=O)Cc3ccc(-c4ccccc4)cc3)n3nc(-c4ccco4)nc23)n1,7.15
A2A,CHEMBL1172277,CCN(C(C)=O)c1ccc(OC)c2nc(NC(=O)c3ccc(CN(C)S(C)(=O)=O)cc3)sc12,7.15
A2A,CHEMBL4295251,Nc1cc(-c2cccs2)c2oc(-c3ccco3)nc2c1,7.15
A2A,CHEMBL4284127,CNc1ncc(C(=O)OCc2ccc(F)cc2)c2nc(-c3ccco3)nn12,7.15
A2A,CHEMBL4468144,Nc1nc(N/N=C/c2cncs2)nc2c1ncn2[C@@H]1O[C@H](CO)[C@@H](O)[C@H]1O,7.15
A2A,CHEMBL5092788,C#CCCCCNC(=O)C12CCC(c3nc4c(=O)n(CCCC)c(=O)n(CCCNC(=O)c5ccc(S(=O)(=O)F)cc5)c4[nH]3)(CC1)CC2,7.15
A2A,CHEMBL5079079,N#Cc1c(-c2ccccc2)nc(Nc2ccccc2)nc1-c1cccc(O)c1,7.15
A2A,CHEMBL5579687,COC(=O)c1ccc2[nH]cc(Cn3cc(-c4cc(-c5cccc(C#N)c5C)nc(N)n4)nn3)c2c1,7.15
A2A,CHEMBL323754,Nc1cc(C(=O)N2CCSCC2)cn2nc(-c3ccc(Br)o3)nc12,7.14
A2A,CHEMBL16643,Nc1nc2ccccc2n2c(=O)n(-c3cccc(F)c3)nc12,7.14
A2A,CHEMBL408266,CCn1c(=O)c2[nH]c(-c3cnn(Cc4ccccc4)c3)nc2n(C)c1=O,7.14
A2A,CHEMBL259300,Cn1c(=O)n(CC2CC2)c(=O)c2[nH]c(-c3cnn(Cc4cccc(F)c4)c3)nc21,7.14
A2A,CHEMBL461007,N#Cc1ccc(Cn2nnc3c(-c4ccco4)nc(N)nc32)cc1,7.14
A2A,CHEMBL522462,COc1cccc(-n2c(=O)n(Cc3c(F)cccc3F)c3cnc(NCc4ccccc4)nc32)c1,7.14
A2A,CHEMBL470355,CC(=O)Nc1cc(-c2cccc(CO[C@H]3CCN(C)C3)c2)nc(-n2nc(C)cc2C)n1,7.14
A2A,CHEMBL469119,Cn1c(=O)c2[nH]c(-c3ccc(COC(=O)Nc4ccc(F)cc4)cc3)cc2n(C)c1=O,7.14
A2A,CHEMBL1950663,CCNC(=O)[C@H]1O[C@@H](n2cnc3c(N)nc(NCCc4ccc(CCC(=O)N[C@@H](Cc5c[nH]c6ccccc56)C(=O)O)cc4)nc32)[C@H](O)[C@@H]1O,7.14
A2A,CHEMBL2413248,N=c1ccc2c(-c3ccc(C(=O)NCCCCCCn4cc(CCCC(=O)Nc5nc6ccc(Cl)cc6c6nc(-c7ccco7)nn56)nn4)cc3C(=O)O)c3ccc(N)c(S(=O)(=O)O)c3oc-2c1S(=O)(=O)O,7.14
A2A,CHEMBL3416791,CCNC(=O)[C@H]1O[C@@H](n2cnc3c(N)nc(NCCN4CCN(c5cccc(C(=O)O)c5)CC4)nc32)[C@H](O)[C@@H]1O,7.14
A2A,CHEMBL3677920,O=C(c1ccc2c(c1)nnn2-c1cnc2ccc(F)cn12)N1CCCCCC1,7.14
A2A,CHEMBL4285236,CNc1ncc(C(=O)OCc2ccc(Cl)cc2)c2nc(-c3ccco3)nn12,7.14
A2A,CHEMBL4853667,Nc1nc(-c2ccc([N+](=O)[O-])cc2)cn2c1nc1ccccc12,7.14
A2A,CHEMBL5177040,Nc1sc(-c2ccc(-c3cn(CCCCCCNc4ncnc5c4ncn5[C@@H]4O[C@H](CO)[C@@H](O)[C@H]4O)nn3)cc2)c(-c2cccc(C(F)(F)F)c2)c1C(=O)c1ccccc1,7.14
A2A,CHEMBL5179716,Cc1ccc(-c2nc(N)nc3c2cnn3Cc2cccc(OCCCCC(=O)NO)n2)o1,7.14
A2A,CHEMBL5189321,Cc1ccc(-c2nc(N)nc3c2cnn3Cc2cccc(OCCCCCC(=O)NO)n2)o1,7.14
A2A,CHEMBL5412117,Cc1cccc(Cn2ccc(-c3cc(-c4cccc(C#N)c4C)nc(N)n3)cc2=O)c1,7.14
A2A,CHEMBL5959158,Cc1cnc2ccc(-c3c(N4CCOC[C@H]4C)nc(N)n4nc(Cc5ncccc5F)nc34)cn12,7.14
A2A,CHEMBL199327,CCCn1c(=O)c2[nH]c(-c3ccc(OCC(=O)Nc4ccccc4)cc3)c(Cl)c2n(CCC)c1=O,7.13
A2A,CHEMBL258979,CCCn1c(=O)c2[nH]c(-c3ccc(OCC(=O)N4CCN(c5c(Cl)cncc5Cl)CC4)cc3)cc2n(CCC)c1=O,7.13
A2A,CHEMBL446264,CC(C)n1c(Br)nc2c(N)ncnc21,7.13
A2A,CHEMBL575605,O=C(Cc1ccc2ccccc2c1)Nc1nc2nn(CCCc3ccccc3)cc2c2nc(-c3ccco3)nn12,7.13
A2A,CHEMBL572653,CCn1cc2c(nc(NC(=O)Cc3cccc4ccccc34)n3nc(-c4ccco4)nc23)n1,7.13
A2A,CHEMBL1650370,CC(=O)Nc1cc(-c2ccccc2F)nc(-c2ccccc2F)n1,7.13
A2A,CHEMBL1650390,CC(=O)Nc1cc(-c2ccoc2)nc(-c2ccoc2)n1,7.13
A2A,CHEMBL2391831,O=C(Nc1nc(-c2ccccc2)c(C(=O)c2ccccn2)s1)c1ccco1,7.13
A2A,CHEMBL3314899,CCOC(=O)c1cnc(NCc2ccc(Cl)cc2)n2nc(-c3ccco3)nc12,7.13
A2A,CHEMBL3764812,CCOc1ccnc2c(CNC(=O)c3nc(N)nc4c(F)cccc34)cccc12,7.13
A2A,CHEMBL4846381,N#Cc1ccc(-c2cn3c(nc4ccccc43)c(N)n2)cc1,7.13
A2A,CHEMBL5204735,Cc1ccc(-c2nc(N)nc3c2cnn3Cc2ccc(N)c(OCCCCCCC(=O)NO)c2)o1,7.13
A2A,CHEMBL5979573,Nc1nc(-c2ccco2)c2c(n1)C(Cc1cccc(Cl)c1F)OC2=O,7.13
A2A,CHEMBL432624,Cc1ccc(-c2nc3c(N)cc(C(=O)N4CCCC4)cn3n2)o1,7.12
A2A,CHEMBL113468,CCN(CCc1ccccn1)C(=O)c1cc(N)c2nc(-c3ccc(Br)o3)nn2c1,7.12
A2A,CHEMBL421420,Nc1nc2c([N+](=O)[O-])cccc2n2c(=O)n(-c3ccccc3)nc12,7.12
A2A,CHEMBL22974,Nc1nc2c(cnn2CCCc2cc3c(cc2S(=O)(=O)O)OCO3)c2nc(-c3ccco3)nn12,7.12
A2A,CHEMBL203060,Cn1cc2c(nc(NC(=O)Nc3ccc[n+]([O-])c3)n3nc(-c4ccco4)nc23)n1,7.12
A2A,CHEMBL515877,COc1cc(OC)cc(-n2c(=O)n(Cc3ccccc3OC)c3cnc(NC4CC4)nc32)c1,7.12
A2A,CHEMBL575604,Cn1cc2c(nc(NC(=O)Cc3ccc(C(F)(F)F)cc3)n3nc(-c4ccco4)nc23)n1,7.12
A2A,CHEMBL577401,Nc1nc2c(cnn2CCCc2ccc3c(c2S(=O)(=O)O)OCO3)c2nc(-c3ccco3)nn12,7.12
A2A,CHEMBL1087080,CC(C)N(CCOc1ccc2c(c1)-c1nc(N)nc(-c3ccc(F)cc3)c1C2=O)C(C)C,7.12
A2A,CHEMBL1170134,CCN(C(C)=O)c1ccc(OC)c2nc(NC(=O)c3ccc(C(=O)N4CCOCC4)cc3)sc12,7.12
A2A,CHEMBL1771811,C#CCCCCC(=O)NCCNC(=O)COc1ccc(CCCn2ncc3c2nc(N)n2nc(-c4ccco4)nc32)cc1,7.12
A2A,CHEMBL2180935,Cn1cc2c(nc(NCc3ccc(Cl)cc3)n3nc(-c4ccco4)nc23)n1,7.12
A2A,CHEMBL3359410,O=c1c2ncn3nc(-c4ccccc4)cc3c2c(C2CCCC2)nn1Cc1ccccc1,7.12
A2A,CHEMBL4067205,COc1ccc(N2CCOCC2)c2sc(NC(=O)C(C)(C)Oc3ccc(C(F)(F)F)cc3)nc12,7.12
A2A,CHEMBL5976790,COCCN1CCC(Cc2nc3c4ccc5c(c4nc(N)n3n2)OC(F)(F)O5)C1,7.12
A2A,CHEMBL5854686,C[C@H](NC(=O)c1nc(N[C@@H](C)c2cccnc2)nc2ccsc12)c1cccnc1,7.12
A2A,CHEMBL5779510,C[C@H](Nc1nc(C(=O)N2CC[C@H](F)C2)c2sccc2n1)c1cccnc1,7.12
A2A,CHEMBL5821559,C[C@H](Nc1nc(C(=O)N2CCCC2)c2sccc2n1)c1ccccn1,7.12
A2A,CHEMBL5927275,COc1ccc(CNC(=O)c2nc(NCc3ccc(OC)nc3)nc3ccsc23)cn1,7.12
A2A,CHEMBL5967463,COc1ccc(CNC(=O)c2nc(N[C@@H](C)c3ccccn3)nc3ccsc23)cn1,7.12
A2A,CHEMBL5962121,COc1ccc(CNc2nc(C(=O)N3CCCC3)c3sccc3n2)cn1,7.12
A2A,CHEMBL5883635,CO[C@H]1CCN(C(=O)c2nc(N[C@@H](C)c3cccnc3)nc3ccsc23)C1,7.12
A2A,CHEMBL6011536,CCC(Nc1nc(C(=O)N2CC[C@@H](OC)C2)c2sccc2n1)c1cccnc1,7.12
A2A,CHEMBL6017463,C[C@H](Nc1nc(C(=O)N2CC[C@H](F)C2)c2sccc2n1)c1ccccn1,7.12
A2A,CHEMBL5986887,O=C(NCC1CCN(Cc2ccccc2)CC1)c1nc(NCc2cncc(F)c2)nc2ccsc12,7.12
A2A,CHEMBL5994826,COc1cccc(CNC(=O)c2nc(N[C@@H](C)c3cccnc3)nc3ccsc23)n1,7.12
A2A,CHEMBL5929156,COc1ccc(CNC(=O)c2nc(NCc3cccc(F)c3)nc3ccsc23)cn1,7.12
A2A,CHEMBL5931811,C[C@@H]1CCN(C(=O)c2nc(N[C@@H](C)c3ccccn3)nc3ccsc23)C1,7.12
A2A,CHEMBL5952551,C[C@H](Nc1nc(C(=O)N2CCC2)c2sccc2n1)c1ccccn1,7.12
A2A,CHEMBL5939822,C[C@H](Nc1nc(C(=O)NCc2ccc(OCC3CC3)nc2)c2sccc2n1)c1ccccn1,7.12
A2A,CHEMBL5956246,CCNC(=O)c1nc(N[C@@H](C)c2ccccn2)nc2ccsc12,7.12
A2A,CHEMBL5988525,C[C@H](Nc1nc(C(=O)N2CCC2)c2sccc2n1)c1cccc(F)c1,7.12
A2A,CHEMBL6063959,COC1CN(C(=O)c2nc(N[C@@H](C)c3cccnc3)nc3ccsc23)C1,7.12
A2A,CHEMBL5782449,COCCNC(=O)c1nc(N[C@@H](C)c2ccccn2)nc2ccsc12,7.12
A2A,CHEMBL5984646,C[C@H](Nc1nc(C(=O)N2CCC2)c2sccc2n1)c1cncc(F)c1,7.12
A2A,CHEMBL5831955,CCOc1ccc(CNC(=O)c2nc(N[C@@H](C)c3ccccn3)nc3ccsc23)cn1,7.12
A2A,CHEMBL5802095,O=C(NC1CCC1)c1nc(NCc2cncc(F)c2)nc2ccsc12,7.12
A2A,CHEMBL5968802,O=C(NC1CCC1)c1nc(NCc2cc(F)cc(F)c2)nc2ccsc12,7.12
A2A,CHEMBL5781801,C[C@H](Nc1nc(C(=O)NC2CN(C(=O)OC(C)(C)C)C2)c2sccc2n1)c1ccccn1,7.12
A2A,CHEMBL5982241,C[C@H](Nc1nc(C(=O)NC[C@@H](C)O)c2sccc2n1)c1cncc(F)c1,7.12
A2A,CHEMBL5870810,C[C@H](Nc1nc(C(=O)NCC2CCC2)c2sccc2n1)c1ccccn1,7.12
A2A,CHEMBL6024674,C[C@H](Nc1nc(C(=O)NC(C)(C)C)c2sccc2n1)c1ccccn1,7.12
A2A,CHEMBL5933538,COCC(Nc1nc(C(=O)NC2CC2)c2sccc2n1)c1cccnc1,7.12
A2A,CHEMBL6005128,COCC(Nc1nc(C(=O)N2CC(OC)C2)c2sccc2n1)c1cccnc1,7.12
A2A,CHEMBL6032065,C[C@H](Nc1nc(C(=O)NCC2CCOCC2)c2sccc2n1)c1cncc(F)c1,7.12
A2A,CHEMBL5955472,C[C@H](Nc1nc(C(=O)NCC(F)(F)F)c2sccc2n1)c1ccccn1,7.12
A2A,CHEMBL5769029,C[C@H](Nc1nc(C(=O)N2CCC2)c2sc(N)cc2n1)c1cncc(F)c1,7.12
A2A,CHEMBL5980513,Cc1cc2nc(N[C@@H](C)c3cncc(F)c3)nc(C(=O)N3CC(O)C3)c2s1,7.12
A2A,CHEMBL5812135,COC1CN(C(=O)c2nc(N[C@@H](C)c3cncc(F)c3)nc3cc(C)sc23)C1,7.12
A2A,CHEMBL5931557,Cc1cc2nc(N[C@@H](C)c3cncc(F)c3)nc(C(=O)N3CCC3)c2s1,7.12
A2A,CHEMBL5883640,Cc1cc2nc(N[C@@H](C)c3cncc(F)c3)nc(C(=O)NC[C@@H](C)O)c2s1,7.12
A2A,CHEMBL5943822,Cc1cc2nc(N[C@@H](C)c3cncc(F)c3)nc(C(=O)N3CCCC3)c2s1,7.12
A2A,CHEMBL5899763,Cc1cc2nc(N[C@@H](C)c3ccccn3)nc(C(=O)N3CCC3)c2s1,7.12
A2A,CHEMBL5837567,COC1CN(C(=O)c2nc(N[C@@H](C)c3cccnc3)nc3cc(C)sc23)C1,7.12
A2A,CHEMBL6009828,CO[C@@H]1CCN(C(=O)c2nc(N[C@@H](C)c3cncc(F)c3)nc3cc(C)sc23)C1,7.12
A2A,CHEMBL6013039,C[C@H](Nc1nc(C(=O)NC2CC(O)C2)c2sccc2n1)c1cncc(Cl)c1,7.12
A2A,CHEMBL5886429,Cc1cc2nc(N[C@@H](C)c3cncc(F)c3)nc(C(=O)NCC(C)(C)O)c2s1,7.12
A2A,CHEMBL5939717,Cc1cc2nc(N[C@@H](C)c3cncc(F)c3)nc(C(=O)N3CC[C@H](CO)C3)c2s1,7.12
A2A,CHEMBL5790837,CO[C@H]1CCN(C(=O)c2nc(N[C@@H](C)c3ccccn3)nc3cc(C)sc23)C1,7.12
A2A,CHEMBL5756626,C[C@H](Nc1nc(C(=O)N2CC[C@H](NC(=O)OC(C)(C)C)C2)c2sccc2n1)c1cccnc1,7.12
A2A,CHEMBL5761672,C[C@H](Nc1nc(C(=O)N2CC[C@H](NC(=O)OC(C)(C)C)C2)c2sccc2n1)c1ccccn1,7.12
A2A,CHEMBL5968168,CO[C@@H]1CCN(C(=O)c2nc(N[C@@H](C)c3cccnc3)nc3cc(C)sc23)C1,7.12
A2A,CHEMBL5944809,C[C@H](Nc1nc(C(=O)NCCC2CCN(C(=O)OC(C)(C)C)C2)c2sccc2n1)c1cncc(F)c1,7.12
A2A,CHEMBL6064167,C[C@H](Nc1nc(C(=O)N[C@@H]2CC[C@H](O)C2)c2sccc2n1)c1cncc(F)c1,7.12
A2A,CHEMBL5950652,C[C@H](Nc1nc(C(=O)NCCC2CCCC2)c2sccc2n1)c1ccccn1,7.12
A2A,CHEMBL5952173,C[C@H](Nc1nc(C(=O)NCCC2CCN(C(=O)OC(C)(C)C)C2)c2sccc2n1)c1ccccn1,7.12
A2A,CHEMBL5948783,COc1ccc(CNc2nc(C(=O)NC3CCC3)c3sccc3n2)cn1,7.12
A2A,CHEMBL5773184,CCO[C@@H]1CCN(C(=O)c2nc(N[C@@H](C)c3ccccn3)nc3ccsc23)C1,7.12
A2A,CHEMBL6013847,COc1cccc(CCNC(=O)c2nc(N[C@@H](C)c3ccccn3)nc3c(C)csc23)c1,7.12
A2A,CHEMBL6064227,Cc1csc2c(C(=O)NCCc3cccc(O)c3)nc(N[C@@H](C)c3ccccn3)nc12,7.12
A2A,CHEMBL5912147,Cc1cc2nc(N[C@@H](C)c3ccccn3)nc(C(=O)NCc3cccnc3)c2s1,7.12
A2A,CHEMBL5933344,COc1ccc(CNC(=O)c2nc(N[C@@H](C)c3ccccn3)nc3ccsc23)cc1,7.12
A2A,CHEMBL5994559,CCNC(=O)CC1CN(C(=O)c2nc(N[C@@H](C)c3cncc(F)c3)nc3cc(C)sc23)C1,7.12
A2A,CHEMBL5946276,Cc1cc2nc(N[C@@H](C)c3cncc(F)c3)nc(C(=O)N3CC(CN(C)C)C3)c2s1,7.12
A2A,CHEMBL6040129,CCOC(=O)N(C)C1CN(C(=O)c2nc(N[C@@H](C)c3cncc(F)c3)nc3cc(C)sc23)C1,7.12
A2A,CHEMBL5865633,CC1CCN1C(=O)c1nc(N[C@@H](C)c2cncc(F)c2)nc2ccsc12,7.12
A2A,CHEMBL5897856,CC(C)(C)C(=O)N[C@H]1CCN(C(=O)c2nc(NCc3cncc(F)c3)nc3ccsc23)C1,7.12
A2A,CHEMBL6007580,C[C@H](Nc1nc(C(=O)N2CC(CN(C)C(=O)CC(C)(C)C)C2)c2sccc2n1)c1cncc(F)c1,7.12
A2A,CHEMBL5877105,COc1ccc([C@H](C)Nc2nc(C(=O)N3CC(NC(=O)OC(C)C)C3)c3sc(C)cc3n2)cc1,7.12
A2A,CHEMBL5944347,COc1ccc([C@H](C)Nc2nc(C(=O)N3CC(NC(C)=O)C3)c3sc(C)cc3n2)cc1,7.12
A2A,CHEMBL5791042,C[C@H](Nc1nc(C(=O)N2CC(CNC(=O)N(C)C)C2)c2sccc2n1)c1cncc(F)c1,7.12
A2A,CHEMBL5856769,CC(C)C(=O)NCC1CN(C(=O)c2nc(N[C@@H](C)c3cncc(F)c3)nc3ccsc23)C1,7.12
A2A,CHEMBL5837570,C[C@H](Nc1nc(C(=O)N2CC(C(=O)NOC(C)(C)C)C2)c2sccc2n1)c1cncc(F)c1,7.12
A2A,CHEMBL5904020,Cc1cc2nc(N[C@@H](C)c3cncc(F)c3)nc(C(=O)N3CC(CNC(=O)CC(C)(C)C)C3)c2s1,7.12
A2A,CHEMBL5747494,Cc1cc2nc(N[C@@H](C)c3cncc(F)c3)nc(C(=O)N3CC(C(=O)NOC(C)(C)C)C3)c2s1,7.12
A2A,CHEMBL5878457,Cc1cc2nc(N[C@@H](C)c3cncc(F)c3)nc(C(=O)N3CCN(C(=O)NC(C)C)C3)c2s1,7.12
A2A,CHEMBL5761085,C[C@H](Nc1nc(C(=O)N2CC(NC(=O)C3COC3)C2)c2sccc2n1)c1cncc(F)c1,7.12
A2A,CHEMBL5808923,C[C@H](Nc1nc(C(=O)N2CC(NC(=O)c3ccncc3)C2)c2sccc2n1)c1cncc(F)c1,7.12
A2A,CHEMBL5880906,C[C@H](Nc1nc(C(=O)N2CC(NC(=O)c3cccnc3)C2)c2sccc2n1)c1cncc(F)c1,7.12
A2A,CHEMBL6004901,C[C@H](Nc1nc(C(=O)N2CC(C)(NC(=O)C3CC3)C2)c2sccc2n1)c1cncc(F)c1,7.12
A2A,CHEMBL5926970,C[C@H](Nc1nc(C(=O)N2CC(NC(=O)C3(C#N)CC3)C2)c2sccc2n1)c1cncc(F)c1,7.12
A2A,CHEMBL465538,COc1cccc(-n2c(=O)n(Cc3c(F)cccc3F)c3cnc(NCCc4ccccn4)nc32)c1,7.11
A2A,CHEMBL457578,CC(=O)Nc1cc(N2CCCCC2)nc(-n2nc(C)cc2C)n1,7.11
A2A,CHEMBL575204,Cn1cc2c(nc(NC(=O)Cc3ccc4ccccc4c3)n3nc(-c4ccco4)nc23)n1,7.11
A2A,CHEMBL1172275,CCN(C(C)=O)c1ccc(OC)c2nc(NC(=O)c3ccc(-n4ccnc4)cc3)sc12,7.11
A2A,CHEMBL1221506,CCn1nnc(-c2sc(NC(=O)C3CC3)nc2-c2ccccc2)n1,7.11
A2A,CHEMBL2181141,Cn1cc2c(nc(NCCc3c[nH]c4ccccc34)n3nc(-c4ccco4)nc23)n1,7.11
A2A,CHEMBL4088805,COc1ccc(-n2nc3c(N)nc(-c4ccccc4)cn3c2=O)cc1,7.11
A2A,CHEMBL4127811,Cc1nc2c(N)nc(NCCc3ccccc3)nc2s1,7.11
A2A,CHEMBL4540206,CCCn1c(=O)[nH]c2nc(-c3ccc(S(=O)(=O)N4CCN(Cc5ccc(Br)cc5)CC4)cc3)[nH]c2c1=O,7.11
A2A,CHEMBL4784975,O=C(Nc1nc(-c2ccccc2)c(C(=O)c2ccc(F)cc2F)s1)c1ccccc1,7.11
A2A,CHEMBL5087220,Nc1nc2c(cnn2CCCCCC(=O)NO)c2nc(-c3ccco3)nn12,7.11
A2A,CHEMBL5088749,CNc1nc(-c2ccccc2)c(C#N)c(-c2cccc(C#N)c2)n1,7.11
A2A,CHEMBL5992104,Nc1nnc(-c2ccc(F)c(Cl)c2)c(-c2ccccc2)n1,7.11
A2A,CHEMBL330286,CCCCn1cc2c(nc(NC(=O)Nc3ccc(OC)cc3)n3nc(-c4ccco4)nc23)n1,7.1
A2A,CHEMBL423082,COc1cccc(-c2n[nH]c(Cc3cccc([N+](=O)[O-])c3)n2)c1,7.1
A2A,CHEMBL121593,Nc1nc2ccccc2n2c(=O)n(-c3ccc(O)cc3)nc12,7.1
A2A,CHEMBL199280,CCCn1c(=O)c2[nH]c(-c3ccc(OCC(=O)c4c(NC(=O)O)n(C)c(=O)n(C)c4=O)cc3)cc2n(CCC)c1=O,7.1
A2A,CHEMBL201749,CCCn1c(=O)c2[nH]c(-c3ccc(OCC(=O)Nc4ccc(C(C)(C)C)cc4)cc3)cc2n(CCC)c1=O,7.1
A2A,CHEMBL210938,CCCn1c(=O)c2nc(-c3cnn(Cc4cccc(Cl)c4)c3)[nH]c2n(CCC)c1=O,7.1
A2A,CHEMBL207524,CCCn1c(=O)c2nc(-c3cnn(Cc4ccc(C)cc4)c3)[nH]c2n(CCC)c1=O,7.1
A2A,CHEMBL260547,COc1nc(C(=O)c2cccs2)c2sccc2n1,7.1
A2A,CHEMBL561645,COc1ccc(CNC(=O)c2cc(-c3ccco3)nc(N)n2)cc1,7.1
A2A,CHEMBL1171349,CCN(C(C)=O)c1ccc(OC)c2nc(NC(=O)c3ccc(-n4cnnn4)cc3)sc12,7.1
A2A,CHEMBL1258525,Nc1nc2c(cnn2CCCc2ccc(OCCc3ccccc3)cc2)c2nc(-c3ccco3)nn12,7.1
A2A,CHEMBL1990267,COc1cccc2cc(C(N)=O)c(=N)oc12,7.1
A2A,CHEMBL2312725,Nc1nc2ccccc2c2cc(-c3ccco3)nn12,7.1
A2A,CHEMBL1380622,CCc1cc2c(=O)c(-c3nc(C)cs3)coc2cc1O,7.1
A2A,CHEMBL3133068,Cc1csc(-c2coc3cc(OCC4CC4)cc(C)c3c2=O)n1,7.1
A2A,CHEMBL3133079,CNC(=O)[C@H]1O[C@@H](n2cnc3c(NCCc4ccccc4)nc(N)nc32)[C@H](O)[C@@H]1O,7.1
A2A,CHEMBL3222069,CCc1ccc(-c2nc(N)c3cc(CN4CCOCC4)sc3n2)o1,7.1
A2A,CHEMBL3217872,N#Cc1ccc(-c2nc(N)c3cc(CN4CC=CC4)sc3n2)cc1,7.1
A2A,CHEMBL3739903,CCCn1c(-c2ccco2)nc2c(NCc3ccccc3)ncnc21,7.1
A2A,CHEMBL4128190,COc1ccccc1CNc1nc(N)c2nc(-c3cnccn3)sc2n1,7.1
A2A,CHEMBL4635366,NC(=O)C1CCN(CCC(=O)Nc2ccc(-c3cn4c(=O)n(-c5ccccc5)nc4c(N)n3)cc2)CC1,7.1
A2A,CHEMBL5206491,Nc1nc(-c2ccc(F)cc2)c2ccccc2n1,7.1
A2A,CHEMBL201243,COc1cc(-c2cc3c([nH]2)c(=O)n(C)c(=O)n3C)ccc1OCC(=O)Nc1ccc(Br)cc1,7.09
A2A,CHEMBL381214,Cn1c(=O)c2[nH]c(-c3ccc(OCC(=O)Nc4ccc([N+](=O)[O-])cc4)cc3)cc2n(C)c1=O,7.09
A2A,CHEMBL222474,CCC(=O)Nc1cc(-c2ccccc2)nc(-c2ccccc2)n1,7.09
A2A,CHEMBL406483,CN(C)c1nc(-c2cnccn2)c2sccc2n1,7.09
A2A,CHEMBL575825,Cn1cc2c(nc(NC(=O)Cc3cccc4ccccc34)n3nc(-c4ccco4)nc23)n1,7.09
A2A,CHEMBL1760888,CCN(C(C)=O)c1ccc(OC)c2nc(NC(=O)[C@@H]3CC[C@H](NC(=O)c4cccc(C(F)(F)F)c4)C3)sc12,7.09
A2A,CHEMBL1950554,Nc1nc(N/N=C/C2CCCCC2)nc2c1ncn2[C@@H]1O[C@H](CO)[C@@H](O)[C@H]1O,7.09
A2A,CHEMBL2380385,O=C(CCc1ccccc1)Nc1nc2ccccc2c(=O)s1,7.09
A2A,CHEMBL4282599,O=C(CCN1CCCCC1)Nc1cc(-c2ccco2)c2oc(-c3ccco3)nc2c1,7.09
A2A,CHEMBL4283826,CNc1ncc(C(=O)NCc2ccc(OC)cc2)c2nc(-c3ccco3)nn12,7.09
A2A,CHEMBL4522146,Nc1nc(-c2ccc(CO)cc2)nc2sc(-c3ccccc3)nc12,7.09
A2A,CHEMBL4759740,Nc1nc(-c2ccc(NC(=O)c3ccc(C(=O)O)cc3)cc2)cn2c(=O)n(-c3ccccc3)nc12,7.09
A2A,CHEMBL4877586,Nc1nc(-c2ccc(O)cc2)cn2c1nc1ccccc12,7.09
A2A,CHEMBL198942,CCCc1nc(N)c2nc(-n3nccn3)n(C)c2n1,7.08
A2A,CHEMBL606753,CCn1c(=O)c2c(nc(Cc3cccs3)n2C)n(Cc2ccco2)c1=O,7.08
A2A,CHEMBL1093430,CCn1ncc2c1nc(N)n1nc(-c3ccc(Cl)cc3)nc21,7.08
A2A,CHEMBL1170582,CCN(C(C)=O)c1ccc(OC)c2nc(NC(=O)c3ccc(C(=O)NC)cc3)sc12,7.08
A2A,CHEMBL1222305,Cc1nc(-c2sc(NC(=O)c3ccccc3)nc2-c2ccccc2)no1,7.08
A2A,CHEMBL1650391,CCC(=O)Nc1cc(-c2ccoc2)nc(-c2ccoc2)n1,7.08
A2A,CHEMBL2181159,Cn1cc2c(nc(NC3CCC3)n3nc(-c4ccco4)nc23)n1,7.08
A2A,CHEMBL2382425,O=C(CCCc1ccccc1)Nc1nc2sccc2c(=O)s1,7.08
A2A,CHEMBL3222108,N#Cc1cccc(-c2nc(N)c3cc(CN4CC=CC4)sc3n2)c1,7.08
A2A,CHEMBL3416789,CCNC(=O)[C@H]1O[C@@H](n2cnc3c(N)nc(NCCN4CCN(c5ccc(CC(=O)O)cc5)CC4)nc32)[C@H](O)[C@@H]1O,7.08
A2A,CHEMBL3677922,Nc1nc(-c2cnc3ccc(F)cn23)c2ccc(C(=O)N3CCCCCC3)cc2n1,7.08
A2A,CHEMBL4779033,O=C(Nc1nc(-c2ccccc2)c(-c2ccccn2)s1)c1ccccc1,7.08
A2A,CHEMBL4849821,COc1ccccc1-c1cn2c(nc3ccccc32)c(N)n1,7.08
A2A,CHEMBL4865474,Nc1nc(-c2ccccc2)c(-c2ccnnc2)c2nc(CC3CCCO3)nn12,7.08
A2A,CHEMBL5090390,Nc1nc2c(cnn2CCCCC(=O)NO)c2nc(-c3ccco3)nn12,7.08
A2A,CHEMBL5094128,CNc1nc(-c2ccccc2)c(C#N)c(-c2cccc(OC)c2)n1,7.08
A2A,CHEMBL5079760,N#Cc1cccc(-c2nc(N)nc(-c3ccccc3)c2C#N)c1,7.08
A2A,CHEMBL131534,CCNC(=O)[C@H]1O[C@@H](n2cnc3c(N)nc(NC(CC)CC)nc32)[C@H](O)[C@@H]1O,7.07
A2A,CHEMBL273578,Cc1ccc(-n2nc3c(N)nc4ccccc4n3c2=O)cc1,7.07
A2A,CHEMBL22191,N#Cc1ccc(CCCn2ncc3c2nc(N)n2nc(-c4ccco4)nc32)cc1,7.07
A2A,CHEMBL199834,CCCn1c(=O)c2[nH]c(-c3ccc(OCC(=O)Nc4ccc(C(C)=O)cc4)cc3)c(Cl)c2n(CCC)c1=O,7.07
A2A,CHEMBL409230,Cc1cc(C)n(-c2cc(NC(=O)CN3CC[C@H](OC(C)C)C3)nc(-c3ccc(C)o3)n2)n1,7.07
A2A,CHEMBL260790,Nc1nc(-c2ccco2)c2ncn(Cc3cccc([N+](=O)[O-])c3)c2n1,7.07
A2A,CHEMBL475455,Nc1ncnc2c1nc(Br)n2CCCO,7.07
A2A,CHEMBL489120,COc1cccc(-n2c(=O)n(Cc3ccccc3Cl)c3cnc(NC4CC4)nc32)c1,7.07
A2A,CHEMBL1950654,CCNC(=O)[C@H]1O[C@@H](n2cnc3c(N)nc(NCCc4ccc(CCC(=O)N[C@H](Cc5ccccc5)C(=O)OC)cc4)nc32)[C@H](O)[C@@H]1O,7.07
A2A,CHEMBL3764006,CS(=O)(=O)c1cccc2c(C(=O)NCc3cccc4cccnc34)nc(N)nc12,7.07
A2A,CHEMBL3957127,CCn1nc(-c2cccc(-c3ccc(CC(=O)NCCCCCCCN(C)CCO)cc3)c2)cc(NC(=O)Nc2c(Cl)cncc2Cl)c1=O,7.07
A2A,CHEMBL4643397,Nc1nc(NCCN2CCN(c3ccc(S(N)(=O)=O)cc3)CC2)nc2sc(-c3ccco3)nc12,7.07
A2A,CHEMBL4648171,CN1CCN(CCOc2ccc(-c3cn4c(=O)n(-c5ccccc5)nc4c(N)n3)cc2)CC1,7.07
A2A,CHEMBL5076402,Nc1nc(NCc2ccc(C(=O)NO)cc2)nc2nc(-c3ccco3)nn12,7.07
A2A,CHEMBL5071873,Cn1cc(-c2cnc(N)n3nc(-c4nccs4)nc23)ccc1=O,7.07
A2A,CHEMBL6168441,CCCCC#Cc1ccc(-c2nc3c(N)nc(C#CCCCC)nc3n2[C@H]2[C@H](O)[C@H](O)[C@@H]3C[C@@H]32)cc1,7.07
A2A,CHEMBL2113451,NC(=O)/N=N/Nc1nc(N)c2ncn([C@@H]3O[C@H](CO)[C@@H](O)[C@H]3O)c2n1,7.06
A2A,CHEMBL199802,CCCn1c(=O)c2nc(-c3cc(OCC(=O)c4ccc(C(C)=O)cc4)nn3C)[nH]c2n(CCC)c1=O,7.06
A2A,CHEMBL380284,CCCn1c(=O)c2nc(-c3cnn(Cc4ccc(Cl)cc4)c3)[nH]c2n(CCC)c1=O,7.06
A2A,CHEMBL412622,N#Cc1c(-c2ccc(F)cc2)cc(-c2ccccc2)nc1N,7.06
A2A,CHEMBL487765,CC(=O)Nc1cc(-c2ccccc2)nc(-n2nc(C)cc2C)n1,7.06
A2A,CHEMBL485950,CC(=O)Nc1cc(-c2cc(N3CCOCC3)ccn2)nc(-n2nc(C)cc2C)n1,7.06
A2A,CHEMBL476308,N#Cc1c(-c2ccccc2)cc(-c2cccs2)nc1N,7.06
A2A,CHEMBL457546,O=C(c1ccccc1)c1sc(N(Cc2ccccc2)Cc2ccco2)nc1-c1ccco1,7.06
A2A,CHEMBL560624,CCn1c(=O)c2[nH]c(-c3ccc(OCC(=O)Nc4ccccc4)cc3)nc2n(CCCOC)c1=O,7.06
A2A,CHEMBL595843,Nc1nc(C(=O)NCc2cccnc2)nc(-c2ccco2)n1,7.06
A2A,CHEMBL1927434,Nc1nc(N2CCN(C(=O)Cc3ccc(Br)cc3)CC2)nc2nc(-c3ccco3)nn12,7.06
A2A,CHEMBL1950655,CCNC(=O)[C@H]1O[C@@H](n2cnc3c(N)nc(NCCc4ccc(CCC(=O)N[C@@H](Cc5c[nH]c6ccccc56)C(=O)OC)cc4)nc32)[C@H](O)[C@@H]1O,7.06
A2A,CHEMBL2180936,Cn1cc2c(nc(NCc3ccc(F)cc3)n3nc(-c4ccco4)nc23)n1,7.06
A2A,CHEMBL3416785,CCNC(=O)[C@H]1O[C@@H](n2cnc3c(N)nc(NCCN4CCN(c5ccc(C)cc5)CC4)nc32)[C@H](O)[C@@H]1O,7.06
A2A,CHEMBL3754685,CC(C)Nc1nc(NC(=O)Nc2ccccc2)n2nc(-c3ccco3)nc2n1,7.06
A2A,CHEMBL4293398,CNc1ncc(C(=O)OC(C)C)c2nc(-c3ccco3)nn12,7.06
A2A,CHEMBL4643898,Nc1nc(NCc2ccc(S(N)(=O)=O)cc2)nc2sc(-c3ccco3)nc12,7.06
A2A,CHEMBL4757832,Nc1nc(-c2ccc(OCCNCCc3ccc(S(N)(=O)=O)cc3)cc2)cn2c(=O)n(-c3ccccc3)nc12,7.06
A2A,CHEMBL5088741,Nc1ccccc1NC(=O)c1ccc(Cn2ncc3c2nc(N)n2nc(-c4ccco4)nc32)cc1,7.06
A2A,CHEMBL5078193,Cc1ccc(-c2nc(N)nc3c2ncc(=O)n3CCN2CCN(c3ccc(F)cc3Cl)CC2)o1,7.06
A2A,CHEMBL6008951,COc1ccccc1-c1nc(N)n2nc(Cc3ncccc3F)nc2c1-c1ccc(=O)n(C)c1,7.06
A2A,CHEMBL168895,COc1cccc(-c2n[nH]c(Cc3ccc(Cl)c(Cl)c3)n2)c1OC,7.05
A2A,CHEMBL67134,Nc1nc2c(cnn2CCc2ccc(OCc3ccccc3)cc2)c2nc(-c3ccco3)nn12,7.05
A2A,CHEMBL203148,CCCn1c(=O)c2[nH]c(-c3ccc(OCC(=O)Nc4ccc(Cl)cc4)cc3)c(Cl)c2n(CCC)c1=O,7.05
A2A,CHEMBL201773,CCCn1c(=O)c2[nH]c(-c3ccc(OCC(=O)NCc4ccccc4)cc3)cc2n(CCC)c1=O,7.05
A2A,CHEMBL201594,CCCn1c(=O)c2[nH]c(-c3ccc(OCC(=O)Nc4cc(OC)nc(OC)n4)cc3)cc2n(CCC)c1=O,7.05
A2A,CHEMBL16488,O=C(Nc1nc2ccccc2n2c(=O)n(-c3ccccc3)nc12)c1ccccc1,7.05
A2A,CHEMBL220684,N#Cc1c(-c2ccccc2Cl)cc(-c2ccccc2)nc1N,7.05
A2A,CHEMBL392386,COCCOc1ccc(N2CCN(CCn3cnc4c3nc(N)n3nc(-c5cccc[n+]5[O-])nc43)CC2)cc1,7.05
A2A,CHEMBL474747,COc1ccccc1Cn1c(=O)n(-c2cccc(F)c2)c2nc(NC3CC3)ncc21,7.05
A2A,CHEMBL455985,CCCn1c(=O)c2[nH]c(-c3ccc(C)cc3)c(O)c2n(CCC)c1=O,7.05
A2A,CHEMBL516948,CC(C)CNc1nc(-c2ccco2)c(C(=O)c2ccccc2)s1,7.05
A2A,CHEMBL573088,O=C(Cc1ccc(Cl)cc1)Nc1nc2nn(CCCc3ccccc3)cc2c2nc(-c3ccco3)nn12,7.05
A2A,CHEMBL593217,CCn1c(=O)c2c(nc(Cc3ccccc3)n2C)n(Cc2ccco2)c1=O,7.05
A2A,CHEMBL1170583,CCN(C(C)=O)c1ccc(OC)c2nc(NC(=O)c3ccc(C(=O)N4CCN(C)CC4)cc3)sc12,7.05
A2A,CHEMBL2042310,CCNC(=O)[C@H]1O[C@@H](n2cnc3c(NCC(c4ccccc4)c4ccccc4)nc(NCCc4ccc(NC(=O)CCCC[C@H]5CCSS5)cc4)nc32)[C@H](O)[C@@H]1O,7.05
A2A,CHEMBL3087712,Cc1ccc(COc2ccc(CC(=O)Nc3ncnc4c3nc(-c3ccco3)n4C)cc2)cc1,7.05
A2A,CHEMBL3222095,Cc1csc(-c2nc(N)c3cc(CN4[C@H](C)CCC[C@@H]4C)sc3n2)n1,7.05
A2A,CHEMBL3317554,Nc1nc(Cc2ccccc2O)nc2cn(-c3ccccc3)nc12,7.05
A2A,CHEMBL3799249,Nc1nc(-c2ccco2)nc2cn(-c3ccccc3O)nc12,7.05
A2A,CHEMBL3926805,Cn1cc2c(nc(NC(=O)CCCc3cn(CCCCCCNC(=O)c4ccc(-c5c6ccc(=N)c(S(=O)(=O)O)c-6oc6c(S(=O)(=O)O)c(N)ccc56)c(C(=O)O)c4)nn3)n3nc(-c4ccco4)nc23)n1,7.05
A2A,CHEMBL4277743,COc1ccc(-c2cc(N)cc3nc(-c4ccco4)oc23)cc1OC,7.05
A2A,CHEMBL4285978,O=C(CCN1CCOCC1)Nc1cc(-c2ccco2)c2oc(-c3ccco3)nc2c1,7.05
A2A,CHEMBL4450864,CCCn1c(=O)[nH]c2nc(-c3ccc(S(=O)(=O)N4CCN(c5ccccc5Br)CC4)cc3)[nH]c2c1=O,7.05
A2A,CHEMBL4745748,CCN(CC)CC.CCN(CC)CC.Cn1cc2c(nc(NC(=O)CCCc3cn(CCCCCCNC(=O)c4ccc(-c5c6ccc(=N)c(S(=O)(=O)O)c-6oc6c(S(=O)(=O)O)c(N)ccc56)c(C(=O)O)c4)nn3)n3nc(-c4ccco4)nc23)n1,7.05
A2A,CHEMBL5188677,Nc1nc(-c2ccco2)c2ccccc2n1,7.05
A2A,CHEMBL6049846,Nc1nc2c3c(ccc2c2nc(CCNC4CC5(CNC5)C4)nn12)OC(F)(F)O3,7.05
A2A,CHEMBL6025959,C[C@H](c1nc2c3ccc4c(c3nc(N)n2n1)OC(F)(F)O4)N1CCCC(F)(F)C1,7.05
A2A,CHEMBL6170146,N#Cc1c(N)nc(N2CCCCC2)c(C#N)c1-c1cccc(-c2ccccc2)c1,7.05
A2A,CHEMBL349611,CCCCn1cc2c(nc(NC(=O)Nc3ccccc3OC)n3nc(-c4ccco4)nc23)n1,7.04
A2A,CHEMBL320805,Nc1nc2ccccc2c2cn(-c3ccccc3)nc12,7.04
A2A,CHEMBL198294,CCCn1c(=O)c2[nH]c(-c3ccc(OCC(=O)Nc4ccc(C5=NC(C)(C)CO5)cc4)cc3)cc2n(CCC)c1=O,7.04
A2A,CHEMBL223326,CONc1nc(C#CC2CCCCC2O)nc2c1ncn2[C@@H]1O[C@H](CO)[C@@H](O)[C@H]1O,7.04
A2A,CHEMBL405028,O=C(c1ccccc1)c1nc(C(F)(F)F)nc2ccsc12,7.04
A2A,CHEMBL506179,CCCn1c(=O)c2[nH]c(-c3ccc(OCC(=O)N4CCN(Cc5ccccc5)CC4)cc3)c(O)c2n(CCC)c1=O,7.04
A2A,CHEMBL445755,CCN(CC)c1cc(NC(C)=O)nc(-n2nc(C)cc2C)n1,7.04
A2A,CHEMBL502105,COc1ccc(-c2cc(-c3ccco3)nc(N)c2C#N)cc1OC,7.04
A2A,CHEMBL520297,CCn1c(=O)[nH]c2nc(-c3ccc(S(=O)(=O)N4CCN(Cc5ccc(F)cc5)CC4)cc3)[nH]c2c1=O,7.04
A2A,CHEMBL594677,CCc1ccccc1-c1cc(C(=O)NCc2ccccn2)nc(N)n1,7.04
A2A,CHEMBL1170129,CCN(C(C)=O)c1ccc(OC)c2nc(NC(=O)c3ccc(S(C)(=O)=O)cc3)sc12,7.04
A2A,CHEMBL1271326,COCCCn1c(NC(=O)c2cccc(C#N)c2)nc2cc(C(=O)N3CCOCC3)cnc21,7.04
A2A,CHEMBL1927446,NCCCCCNc1nc(N)n2nc(-c3ccco3)nc2n1.O=C(O)C(F)(F)F,7.04
A2A,CHEMBL2180930,Cn1cc2c(nc(NCc3ccccc3)n3nc(-c4ccco4)nc23)n1,7.04
A2A,CHEMBL2382439,COc1cccc(/C=C/CC(=O)Nc2nc3ccccc3c(=O)s2)c1,7.04
A2A,CHEMBL3416782,CCNC(=O)[C@H]1O[C@@H](n2cnc3c(N)nc(NCCN4CCN(c5ccc(I)cc5)CC4)nc32)[C@H](O)[C@@H]1O,7.04
A2A,CHEMBL3898647,COc1ccc(CCNc2nc(N)c3nc(-c4ccco4)sc3n2)cc1OC,7.04
A2A,CHEMBL3951196,Cn1cc2c(nc(NC(=O)Nc3ccc(CC(=O)NCCCOCCOOCCCCCNC(=S)Nc4ccc(-c5c6ccc(=O)cc-6oc6cc(O)ccc56)c(C(=O)O)c4)cc3)n3nc(-c4ccco4)nc23)n1,7.04
A2A,CHEMBL4632739,Nc1nc(-c2ccc(OCC(O)CN3CCCCC3)cc2)cn2c(=O)n(-c3ccccc3)nc12,7.04
A2A,CHEMBL4740961,Cn1cc2c(nc(NC(=O)Nc3ccc(CC(=O)OCCCOCCOCCOCCCNC(=S)Nc4ccc(-c5c6ccc(=O)cc-6oc6cc(O)ccc56)c(C(=O)O)c4)cc3)n3nc(-c4ccco4)nc23)n1,7.04
A2A,CHEMBL6065523,COc1cccc2c1nc(N)n1nc([C@H]3CCC[C@@H](N)C3)nc21,7.04
A2A,CHEMBL5798008,Cc1cnc2ccc(-c3c(N4CCO[C@H](C)C4)nc(N)n4nc(Cc5ncccc5F)nc34)cn12,7.04
A2A,CHEMBL2092788,CCNc1nc(C#CC(O)c2ccccc2)nc2c1ncn2[C@@H]1O[C@H](CO)[C@@H](O)[C@H]1O,7.03
A2A,CHEMBL201789,CCCn1c(=O)c2nc(-c3cc(OCC(=O)c4ccc(Br)cc4)n(C)n3)[nH]c2n(CCC)c1=O,7.03
A2A,CHEMBL258978,CCCn1c(=O)c2[nH]c(-c3ccc(OCC(=O)N4CCc5ccccc5C4)cc3)cc2n(CCC)c1=O,7.03
A2A,CHEMBL486282,CCCn1c(=O)[nH]c2nc(-c3ccc(S(=O)(=O)NC4CCN(Cc5ccccc5)CC4)cc3)[nH]c2c1=O,7.03
A2A,CHEMBL1221505,CCn1nnc(-c2sc(NC(=O)c3ccco3)nc2-c2ccccc2)n1,7.03
A2A,CHEMBL1927447,Nc1nc(N2CCN(C(=O)C(c3ccccc3)c3ccccc3)CC2)nc2nc(-c3ccco3)nn12,7.03
A2A,CHEMBL2181139,COc1ccc(CCNc2nc3nn(C)cc3c3nc(-c4ccco4)nn23)cc1OC,7.03
A2A,CHEMBL2313277,CC(=O)c1ccc(/C=C/c2cc3c(c(=O)n(C)c(=O)n3C)n2C)cc1,7.03
A2A,CHEMBL3596509,COc1cccc2c1nc(N)n1nc(CN3CCN(c4ccncc4)C[C@H]3C)nc21,7.03
A2A,CHEMBL4450312,Nc1nc(-c2cc(O)c(O)c(O)c2)cn2c(=O)n(-c3ccccc3)nc12,7.03
A2A,CHEMBL4464522,CCCn1c(=O)[nH]c2nc(-c3ccc(S(=O)(=O)N4CCN(Cc5cccc(Br)c5)CC4)cc3)[nH]c2c1=O,7.03
A2A,CHEMBL4538468,CCCn1c(=O)[nH]c2nc(-c3ccc(S(=O)(=O)N4CCN(c5ccc(O)c(Cl)c5)CC4)cc3)[nH]c2c1=O,7.03
A2A,CHEMBL4521115,N#Cc1cccc(CSc2nc(N)c(C#N)c(-c3ccco3)c2C#N)c1,7.03
A2A,CHEMBL6055099,COc1cccc2c1nc(N)n1nc([C@@H]3CCCNC3)nc21,7.03
A2A,CHEMBL6004101,Cc1ccc(-c2nc(N)nc3c2C(=O)OC3Cc2cc(Cl)ccc2F)o1,7.03
A2A,CHEMBL2092787,CC(C)Nc1nc(C#CC(O)c2ccccc2)nc2c1ncn2[C@@H]1O[C@H](CO)[C@@H](O)[C@H]1O,7.02
A2A,CHEMBL423934,CCCCn1cc2c(nc(NC(=O)Nc3cccc(Cl)c3)n3nc(-c4ccco4)nc23)n1,7.02
A2A,CHEMBL164325,CCCCn1cc2c(nc(NC(=O)Nc3cccc(OC)c3)n3nc(-c4ccco4)nc23)n1,7.02
A2A,CHEMBL326319,C#CCn1c(=O)c2c(nc3ccccn32)n(Cc2ccccc2)c1=O,7.02
A2A,CHEMBL265587,CCNC(=O)[C@H]1O[C@@H](n2cnc3c(NC(=O)Nc4ccc(S(N)(=O)=O)cc4)ncnc32)[C@H](O)[C@@H]1O,7.02
A2A,CHEMBL199485,COc1cc(OCC(=O)Nc2ccc(F)cc2)ccc1-c1cc2c([nH]1)c(=O)n(C)c(=O)n2C,7.02
A2A,CHEMBL222945,Nc1nc(OCCc2cc[nH]c2)nc2c1ncn2[C@@H]1O[C@H](CO)[C@@H](O)[C@H]1O,7.02
A2A,CHEMBL560623,CCn1c(=O)c2[nH]c(-c3ccc(OCC(=O)NC4CCCC4)cc3)nc2n(CCCOC)c1=O,7.02
A2A,CHEMBL1096410,O=C(Nc1ccccc1)Nc1nc(-c2ccccc2)nc2nn(CCc3ccccc3)cc12,7.02
A2A,CHEMBL1771805,COC(=O)COc1ccc(CCCn2ncc3c2nc(N)n2nc(-c4ccco4)nc32)cc1,7.02
A2A,CHEMBL1927436,Nc1nc(N2CCN(C(=O)Cc3ccccc3)CC2)nc2nc(-c3ccco3)nn12,7.02
A2A,CHEMBL3416794,CCNC(=O)[C@H]1O[C@@H](n2cnc3c(N)nc(NCCN4CCN(c5ccccc5C(F)(F)F)CC4)nc32)[C@H](O)[C@@H]1O,7.02
A2A,CHEMBL3752342,O=C(Nc1nc(NCc2ccccc2)nc2nc(-c3ccco3)nn12)c1ccccc1,7.02
A2A,CHEMBL3891806,Cn1cc2c(nc(NC(=O)Nc3ccc(CC(=O)NCCOOCCCCNC(=S)Nc4ccc(-c5c6ccc(=O)cc-6oc6cc(O)ccc56)c(C(=O)O)c4)cc3)n3nc(-c4ccco4)nc23)n1,7.02
A2A,CHEMBL4126116,Nc1nc(NCCc2ccc(O)cc2)nc2sc(-c3ccccc3)nc12,7.02
A2A,CHEMBL4562453,COC(=O)c1cccc(CSc2nc(N)c(C#N)c(-c3ccoc3)c2C#N)c1,7.02
A2A,CHEMBL4797465,Nc1nc(-c2ccc(NC(=O)CCNCc3ccc(S(N)(=O)=O)cc3)cc2)cn2c(=O)n(-c3ccccc3)nc12,7.02
A2A,CHEMBL4795162,Cn1cc2c(nc(NC(=O)Nc3ccc(CC(=O)OCCOCCOCCNC(=S)Nc4ccc(-c5c6ccc(=O)cc-6oc6cc(O)ccc56)c(C(=O)O)c4)cc3)n3nc(-c4ccco4)nc23)n1,7.02
A2A,CHEMBL5092031,N#Cc1c(-c2ccccc2)nc(N)nc1-c1cc(Cl)cc(Cl)c1,7.02
A2A,CHEMBL5393920,CC1=C(C(=O)OC(C)C)[C@@H](c2ccoc2)n2c(nc3cc(Cl)ccc32)N1,7.02
A2A,CHEMBL360646,CCn1nnc([C@H]2O[C@@H](n3cnc4c(N)nc(N[C@H](CO)Cc5ccc(Cl)cc5)nc43)[C@H](O)[C@@H]2O)n1,7.01
A2A,CHEMBL563425,CCn1c(=O)c2[nH]c(-c3ccc(OCC(=O)Nc4ccc(Br)cc4)cc3)nc2n(CCCOC)c1=O,7.01
A2A,CHEMBL595146,Cc1ccc(-c2cc(C(=O)NCc3ccccn3)ncn2)o1,7.01
A2A,CHEMBL601730,CCC(=O)N[C@H]1C[C@@H](n2cnc3c(NCC(c4ccccc4)c4ccccc4)nc(NCCc4cn(CC(=O)O)cn4)nc32)[C@H](O)[C@@H]1O,7.01
A2A,CHEMBL1172267,COc1ccc(N(CCO)C(C)=O)c2sc(NC(=O)c3ccc(F)cc3)nc12,7.01
A2A,CHEMBL3217882,COc1cccc(-c2nc(N)c3cc(CN4CCCC(F)(F)C4)sc3n2)c1,7.01
A2A,CHEMBL3416779,CCNC(=O)[C@H]1O[C@@H](n2cnc3c(N)nc(NCCN4CCN(c5ccc(F)cc5)CC4)nc32)[C@H](O)[C@@H]1O,7.01
A2A,CHEMBL3965184,Nc1ncc(-c2cccc(C(F)(F)F)c2)c(-c2ccccc2)n1,7.01
A2A,CHEMBL4100130,CCn1nnc([C@H]2O[C@@H](n3cnc4c(NCc5ccc(Cl)cc5F)nc(Cl)nc43)[C@H](O)[C@@H]2O)n1,7.01
A2A,CHEMBL4290475,O=C(CCCN1CCCCC1)Nc1cc(-c2ccco2)c2oc(-c3ccco3)nc2c1,7.01
A2A,CHEMBL4582353,CCCn1c(=O)[nH]c2nc(-c3ccc(S(=O)(=O)N4CCN(c5ccc(O)cc5)CC4)cc3)[nH]c2c1=O,7.01
A2A,CHEMBL5542375,Cc1c(C#N)cccc1-c1cc(-c2cn(Cc3c[nH]c4ccc(OC5CCCC5)cc34)nn2)nc(N)n1,7.01
A2A,CHEMBL5851570,Cn1cc(-c2nc(N)n3nc(Cc4ncccc4F)nc3c2-c2ccc(=O)n(C)c2)cn1,7.01
A2A,CHEMBL97760,Oc1cc(-c2ccccc2)nc2nc(Cl)ccc12,7.0
A2A,CHEMBL348925,Cn1cc2c(nc(NC(=O)Nc3ccc(Br)cc3)n3nc(-c4ccco4)nc23)n1,7.0
A2A,CHEMBL349716,CCCCn1cc2c(nc(NC(=O)Nc3ccccc3Cl)n3nc(-c4ccco4)nc23)n1,7.0
A2A,CHEMBL165560,CCCn1cc2c(nc(NC(=O)Nc3ccccc3OC)n3nc(-c4ccco4)nc23)n1,7.0
A2A,CHEMBL166424,COc1ccc(/C=N/N=C(\S)Cc2ccccc2)c(O)c1,7.0
A2A,CHEMBL168481,S/C(Cc1ccccc1)=N\N=C\c1ccccn1,7.0
A2A,CHEMBL167343,COc1cccc(-c2n[nH]c(Cc3ccc4ccccc4c3)n2)c1,7.0
A2A,CHEMBL139182,COc1ccc(NC(=O)Nc2nc3nn(CCCc4ccccc4)cc3c3nc(-c4ccco4)nn23)cc1,7.0
A2A,CHEMBL355761,Clc1ccc(Cc2n[nH]c(-c3ccc4c(c3)OCO4)n2)cc1Cl,7.0
A2A,CHEMBL118923,Cl.Cn1cc2c(nc(NC(=O)Nc3ccncc3)n3nc(-c4ccco4)nc23)n1,7.0
A2A,CHEMBL22968,Nc1nc2c(cnn2CCc2ccc(S(=O)(=O)O)cc2)c2nc(-c3ccco3)nn12,7.0
A2A,CHEMBL189192,Cn1nc(C(F)(F)F)c(CN2CCN(c3nc(N)n4nc(-c5ccco5)nc4n3)CC2)c1Cl,7.0
A2A,CHEMBL194696,Cc1ccc2c(O)c(C(=O)NCc3ccc([N+](=O)[O-])cc3)cnc2n1,7.0
A2A,CHEMBL199898,CCCn1c(=O)c2[nH]c(-c3ccc(OCC(=O)Nc4ccc(C(=O)OCC)cc4)cc3)cc2n(CCC)c1=O,7.0
A2A,CHEMBL253252,O=c1[nH]c2nc(-c3cnn(Cc4cccc(F)c4)c3)[nH]c2c(=O)n1CC1CC1,7.0
A2A,CHEMBL401571,COC[C@H]1O[C@@H](n2cnc3c(NCC(c4ccccc4)c4ccccc4)nc(CNC4CCCCC4)nc32)[C@H](O)[C@@H]1O,7.0
A2A,CHEMBL520031,COc1ccc(-c2nc3c([nH]2)c(=O)n(C)c(=O)n3C)cc1OCCN1CCOCC1,7.0
A2A,CHEMBL488152,CCN(CC)CCOc1cccc(-c2nc3c([nH]2)c(=O)n(C)c(=O)n3C)c1,7.0
A2A,CHEMBL456125,CCCn1c(=O)c2[nH]c(-c3ccc(OCC(=O)Nc4ccc(Br)cc4)cc3)c(O)c2n(CCC)c1=O,7.0
A2A,CHEMBL589251,C=CCCCCCCCCCCOCCOCCOCCOCCOc1ccc(-c2nc3c([nH]2)c(=O)n(C)c(=O)n3C)cc1,7.0
A2A,CHEMBL1079115,Cc1ccc(C(=O)c2nc(NC(C)c3cccnc3)nc3ccsc23)s1,7.0
A2A,CHEMBL1170135,CCN(C(C)=O)c1ccc(OC)c2nc(NC(=O)c3ccc(C(=O)N4CCCCC4)cc3)sc12,7.0
A2A,CHEMBL1672631,O=C(Nc1cnc(-c2ccncc2F)c(-c2ccccc2F)n1)C1CC1,7.0
A2A,CHEMBL1950659,CCNC(=O)[C@H]1O[C@@H](n2cnc3c(N)nc(NCCc4ccc(CCC(=O)N[C@@H](CCCNC(=N)N)C(=O)O)cc4)nc32)[C@H](O)[C@@H]1O,7.0
A2A,CHEMBL2377234,Cc1csc(-c2nc(N)c3cc(C(C)c4ccccc4)sc3n2)n1,7.0
A2A,CHEMBL3125711,CCCCC#Cc1nc(N)c2ncn([C@H]3[C@H](O)[C@H](O)[C@@H]4C[C@@H]43)c2n1,7.0
A2A,CHEMBL3133067,CCOC(=O)COc1cc(C)c2c(=O)c(-c3nc(C)cs3)coc2c1,7.0
A2A,CHEMBL3754353,CNc1nc(NC(=O)Nc2ccccc2)n2nc(-c3ccco3)nc2n1,7.0
A2A,CHEMBL3797433,Cc1ccc(-c2nc(N)c3nn(-c4ccccc4)cc3n2)o1,7.0
A2A,CHEMBL4128848,O=C(Nc1nc2cccc(Cl)c2[nH]1)c1ccccc1,7.0
A2A,CHEMBL4286354,CNc1ncc(C(=O)NCc2ccc(C)cc2)c2nc(-c3ccco3)nn12,7.0
A2A,CHEMBL4526113,COc1cc(/C=N/Nc2nc(N)c3ncn([C@@H]4O[C@H](CO)[C@@H](O)[C@H]4O)c3n2)ccc1OCc1ccccc1,7.0
A2A,CHEMBL4457537,Oc1ccc(-c2nc(N3CCCCC3)c3nc[nH]c3n2)cc1,7.0
A2A,CHEMBL5083146,N#Cc1c(-c2cccc(Cl)c2)nc(N)nc1-c1ccc2c(c1)OCO2,7.0
A2A,CHEMBL5811768,CCn1c(=O)c2c(C)c(Cn3cc[nH]c3=O)sc2n(CCOC)c1=O,7.0
A2A,CHEMBL5787173,Cn1ccc(-c2nc(N)cnc2-c2ccc3c(=O)[nH]ccc3c2)n1,7.0
A2A,CHEMBL5834807,Nc1nc(-c2ccco2)c2c(n1)C(Cc1ccc(Cl)c(F)c1)OC2=O,7.0
A2A,CHEMBL222384,CCCC(=O)Nc1cc(-c2ccccc2)nc(-c2ccccc2)n1,6.99
A2A,CHEMBL258836,Cc1nc(-c2ccco2)c2ncn(C(=O)NCc3ccccc3)c2n1,6.99
A2A,CHEMBL455998,CCCn1c(=O)c2c(cc(-c3ccc(O)cc3)n2O)n(CCC)c1=O,6.99
A2A,CHEMBL483065,CCn1c(=O)[nH]c2nc(-c3ccc(S(=O)(=O)N4CCN(Cc5ccc6c(c5)OCO6)CC4)cc3)[nH]c2c1=O,6.99
A2A,CHEMBL1650371,CCC(=O)Nc1cc(-c2ccccc2F)nc(-c2ccccc2F)n1,6.99
A2A,CHEMBL186322,Nc1nc(N2CCN(Cc3ccc(Cl)cc3)CC2)nc2nc(-c3ccco3)nn12,6.99
A2A,CHEMBL3317578,Nc1nc(CCCc2ccccc2O)nc2cn(-c3ccccc3)nc12,6.99
A2A,CHEMBL3314890,CCOC(=O)c1cnc(NC(C)C)n2nc(-c3ccco3)nc12,6.99
A2A,CHEMBL3828479,COc1cc(Nc2nc3c(N4CCCC4)ncnc3s2)cc(OC)c1OC,6.99
A2A,CHEMBL3677909,Nc1cc(C(=O)N2CCCCCC2)ccc1C(=O)c1cnc2ccc(F)cn12,6.99
A2A,CHEMBL5076161,N#Cc1c(-c2ccccc2)nc(Nc2ccccc2)nc1-c1ccsc1,6.99
A2A,CHEMBL5556652,Cc1ccc2[nH]cc(Cn3cc(-c4cc(-c5cccc(C#N)c5C)nc(N)n4)nn3)c2c1,6.99
A2A,CHEMBL5743567,Cc1cc(-c2c(-c3ccc(F)cc3)nc(N)n3nc(Cc4cscn4)nc23)ccn1,6.99
A2A,CHEMBL5892880,Cc1cc(-c2c(-c3ccc(F)cc3)nc(N)n3nc(Cc4cccc(C#N)n4)nc23)ccn1,6.99
A2A,CHEMBL5766823,Nc1nc(-n2ccnn2)c(-c2ccc3nccn3c2)c2nc(Cc3ncccc3F)nn12,6.99
A2A,CHEMBL5863037,Nc1nnc(-c2ccc3ccccc3c2)c(-c2ccccc2)n1,6.99
A2A,CHEMBL114405,Nc1cc(C(=O)N2CCCC2)cc2nc(-c3cccs3)nn12,6.98
A2A,CHEMBL137950,O=C(Nc1cccc(Cl)c1)Nc1nc2nn(CCc3ccccc3)cc2c2nc(-c3ccco3)nn12,6.98
A2A,CHEMBL125979,COc1cccc(-c2c(C#N)c(N)nc(SCc3ncc[nH]3)c2C#N)c1,6.98
A2A,CHEMBL202766,CCCn1c(=O)c2[nH]c(-c3ccc(OC(C)C(=O)Nc4ccccc4)cc3)cc2n(CCC)c1=O,6.98
A2A,CHEMBL454700,CCCn1c(=O)c2[nH]c(-c3ccco3)c(O)c2n(CCC)c1=O,6.98
A2A,CHEMBL452203,O=C(c1ccccc1)c1sc(NC2CCN(Cc3ccccc3F)CC2)nc1-c1ccco1,6.98
A2A,CHEMBL457103,O=C(c1ccccc1)c1sc(NCCCc2ccccc2)nc1-c1ccco1,6.98
A2A,CHEMBL594271,CCn1c(=O)c2c(nc(Cc3ccco3)n2C)n(Cc2ccco2)c1=O,6.98
A2A,CHEMBL1672618,O=C(CC1CCCC1)Nc1cnc(-c2ccncc2)c(-c2ccco2)n1,6.98
A2A,CHEMBL3314887,CCOC(=O)c1cnc(NC)n2nc(-c3ccco3)nc12,6.98
A2A,CHEMBL3905929,CCn1nc(-c2cccc(-c3ccc(CC(=O)NCCN4CCCCC4)cc3)c2)cc(NC(=O)Nc2c(Cl)cncc2Cl)c1=O,6.98
A2A,CHEMBL4470622,O=C(Nc1nc(-c2ccccc2)nc2sc(-c3ccccc3)nc12)c1ccccc1,6.98
A2A,CHEMBL5081556,Nc1nc(-c2ccccc2)c2c(n1)-c1ccc(OCCCN3CCCC3)cc1C2=O,6.98
A2A,CHEMBL5072557,CNc1nc(-c2ccccc2)c(C#N)c(-c2cccc(O)c2)n1,6.98
A2A,CHEMBL6033717,Cn1cc(N2CCCC(c3nc4c5cc(F)ccc5nc(N)n4n3)C2)cn1,6.98
A2A,CHEMBL379688,CCCn1c(=O)c2[nH]c(-c3ccc(OCC(=O)Nc4ccc(OC)nc4)cc3)cc2n(CCC)c1=O,6.97
A2A,CHEMBL201239,CCCn1c(=O)c2[nH]c(-c3ccc(OCC(=O)Nc4ccc(OC(F)(F)F)cc4)cc3)cc2n(CCC)c1=O,6.97
A2A,CHEMBL220118,N#Cc1c(-c2ccc(F)cc2)cc(C2CC2)nc1N,6.97
A2A,CHEMBL262332,Cn1c(=O)c2[nH]c(-c3ccc(OCC(=O)N4CCN(c5ccccc5)CC4)cc3)cc2n(C)c1=O,6.97
A2A,CHEMBL491310,COCCNc1ncc2c(n1)n(-c1cccc(OC)c1)c(=O)n2Cc1c(F)cccc1F,6.97
A2A,CHEMBL595144,CCc1ccccc1-c1cc(C(=O)NCc2ncccc2C)nc(N)n1,6.97
A2A,CHEMBL593040,CCOc1ccccc1-c1cc(C(=O)NCc2ncccc2C)nc(N)n1,6.97
A2A,CHEMBL606630,CNc1ncnc2c1ncn2[C@@H]1S[C@H](C(=O)NC2CCC2)[C@@H](O)[C@H]1O,6.97
A2A,CHEMBL2377236,Cc1csc(-c2nc(N)c3cc(C4(c5ccccc5)CC4)sc3n2)n1,6.97
A2A,CHEMBL3087714,Cc1ccc(NC(=O)Nc2ncnc3c2nc(-c2ccco2)n3C)cc1,6.97
A2A,CHEMBL3318881,Nc1ncc(-c2ccncc2)c(-c2ccccc2)n1,6.97
A2A,CHEMBL3677906,CCN(C(=O)c1ccc(C(=O)c2cnc3ccc(Br)cn23)cc1)C1CCCCC1,6.97
A2A,CHEMBL3954071,Cn1cc2c(nc(NC(=O)Nc3ccc(CC(=O)NCCCCCNC(=S)Nc4ccc(-c5c6ccc(=O)cc-6oc6cc(O)ccc56)c(C(=O)O)c4)cc3)n3nc(-c4ccco4)nc23)n1,6.97
A2A,CHEMBL4471205,CCCn1c(=O)[nH]c2nc(-c3ccc(S(=O)(=O)N4CCN(c5ccc(F)cc5)CC4)cc3)[nH]c2c1=O,6.97
A2A,CHEMBL4447663,N#Cc1c(N)nc(SCc2ccccn2)c(C#N)c1-c1ccco1,6.97
A2A,CHEMBL1625681,CC[C@@H]1CN2C(=O)N(C)c3nc(-c4ccccc4)[nH]c3C2=N1,6.97
A2A,CHEMBL4761976,Nc1nc(-c2ccc(NC(=O)CCNC(=O)c3ccc(S(N)(=O)=O)cc3)cc2)cn2c(=O)n(-c3ccccc3)nc12,6.97
A2A,CHEMBL4779294,Cn1cc2c(nc(NC(=O)Nc3ccc(CC(=O)OCCCCCNC(=S)Nc4ccc(-c5c6ccc(=O)cc-6oc6cc(O)ccc56)c(C(=O)O)c4)cc3)n3nc(-c4ccco4)nc23)n1,6.97
A2A,CHEMBL5203916,CCCn1c(=O)c2c(nc(-c3cccc(OCCCCl)c3)n2C)n(CCC)c1=O,6.97
A2A,CHEMBL5190722,Cc1ccc(-c2nc(N)nc3c2cnn3CCCOc2ccc(C(=O)Nc3ccccc3N)cc2)o1,6.97
A2A,CHEMBL6055126,COc1cc(OC)cc(-c2nnc(N)nc2-c2ccccc2)c1,6.97
A2A,CHEMBL5863517,Nc1nc(-c2ccco2)c2c(n1)C(Cc1ccc(OC(F)(F)F)cc1)OC2=O,6.97
A2A,CHEMBL104999,Cc1ccc2c(O)cc(-c3ccc(N)cc3)nc2n1,6.96
A2A,CHEMBL424161,CCCCn1cc2c(nc(NC(=O)Nc3ccc(Cl)cc3)n3nc(-c4ccco4)nc23)n1,6.96
A2A,CHEMBL351285,Cc1ccc(NC(=O)Nc2nc3nn(C)cc3c3nc(-c4ccco4)nn23)cc1,6.96
A2A,CHEMBL342500,CC(C)=CCn1cc2c(nc(NC(=O)Nc3cccc(Cl)c3)n3nc(-c4ccco4)nc23)n1,6.96
A2A,CHEMBL203998,Cn1cc2c(nc(NC(=O)Nc3cccc[n+]3[O-])n3nc(-c4ccco4)nc23)n1,6.96
A2A,CHEMBL262089,OCCN(CCO)c1nc2ccccc2n2nc(-c3ccco3)nc12,6.96
A2A,CHEMBL259210,Nc1nc(-c2ccco2)c2cnn(CCc3ccccc3)c2n1,6.96
A2A,CHEMBL491097,COc1cccc(-n2c(=O)n(Cc3c(F)cccc3F)c3cnc(Nc4cccnc4)nc32)c1,6.96
A2A,CHEMBL519952,CC(=O)Nc1cc(N2CCCC2)nc(-n2nc(C)cc2C)n1,6.96
A2A,CHEMBL458346,O=C(Nc1nc(-c2ccccc2)nc2c1nnn2Cc1ccccc1)C1CC1,6.96
A2A,CHEMBL1221456,CC(=O)Nc1nc(-c2ccccc2)c(-c2nc(C)no2)s1,6.96
A2A,CHEMBL1671928,CC(C)(C)CNC(=O)c1ccc(C(=O)Nc2nccs2)cc1,6.96
A2A,CHEMBL1672626,O=C(Nc1cnc(-c2ccncn2)c(-c2ccco2)n1)C1CC1,6.96
A2A,CHEMBL1760884,CCN(C(C)=O)c1ccc(OC)c2nc(NC(=O)[C@H]3CC[C@@H](NS(=O)(=O)c4cccc(C(F)(F)F)c4)CC3)sc12,6.96
A2A,CHEMBL1950658,CCNC(=O)[C@H]1O[C@@H](n2cnc3c(N)nc(NCCc4ccc(CCC(=O)N[C@H](CC(=O)O)C(=O)O)cc4)nc32)[C@H](O)[C@@H]1O,6.96
A2A,CHEMBL1950665,CCNC(=O)[C@H]1O[C@@H](n2cnc3c(N)nc(NCCc4ccc(CCC(=O)N[C@@H](Cc5c[nH]cn5)C(=O)O)cc4)nc32)[C@H](O)[C@@H]1O,6.96
A2A,CHEMBL2180915,Cn1cc2c(nc(NCCCCCCO)n3nc(-c4ccco4)nc23)n1,6.96
A2A,CHEMBL2322918,Nc1nc(Cc2ccccc2)nc2cn(-c3ccccc3)nc12,6.96
A2A,CHEMBL2377237,Cc1ccc(-c2nc(N)c3ccsc3n2)o1,6.96
A2A,CHEMBL3087708,Cn1c(-c2ccco2)nc2c(NC(=O)Cc3ccccc3)ncnc21,6.96
A2A,CHEMBL3222074,C[C@@H]1CCC[C@H](C)N1Cc1cc2c(N)nc(-c3ccc(C4CC4)o3)nc2s1,6.96
A2A,CHEMBL3222098,Nc1nc(-c2cccs2)nc2sc(CN3CCCC3)cc12,6.96
A2A,CHEMBL3222104,Nc1nc(-c2cccc(F)c2)nc2sc(CN3CCOCC3)cc12,6.96
A2A,CHEMBL3394257,CCCN(CCCNC(=O)CCCNC(=O)CCCOc1ccc(CCNc2nc(N)n3nc(-c4ccco4)nc3n2)cc1)CCc1cccc2c1CC(=O)N2,6.96
A2A,CHEMBL3402641,CC(CCN1CCOCC1)CC(=O)Nc1ccc(C(=O)Nc2nccs2)cc1,6.96
A2A,CHEMBL3402640,CCN(CC)CCC(C)CC(=O)Nc1ccc(C(=O)Nc2nccs2)cc1,6.96
A2A,CHEMBL3942632,Cn1cc2c(nc(NC(=O)Nc3ccc(CC(=O)NCCCNC(=S)Nc4ccc(-c5c6ccc(=O)cc-6oc6cc(O)ccc56)c(C(=O)O)c4)cc3)n3nc(-c4ccco4)nc23)n1,6.96
A2A,CHEMBL4466375,COc1cccc(-c2nc(N)c3nc(-c4ccccc4)sc3n2)c1,6.96
A2A,CHEMBL4739973,Cn1cc2c(nc(NC(=O)Nc3ccc(CC(=O)OCCCNC(=S)Nc4ccc(-c5c6ccc(=O)cc-6oc6cc(O)ccc56)c(C(=O)O)c4)cc3)n3nc(-c4ccco4)nc23)n1,6.96
A2A,CHEMBL160333,O=C1NC(=O)C(c2cccc(Cl)c2)=C1Nc1ccc(O)c(Cl)c1,6.96
A2A,CHEMBL6049490,CCc1nnc2n1CCN(Cc1nc3c4ccc5c(c4nc(N)n3n1)OC(F)(F)O5)C2,6.96
A2A,CHEMBL17002,CCCn1c(=O)c2nc(-c3ccc(OCC(=O)Nc4ccc(C(C)=O)cc4)cc3)[nH]c2n(CCC)c1=O,6.95
A2A,CHEMBL350261,CCCn1cc2c(nc(NC(=O)Nc3cccc(OC)c3)n3nc(-c4ccco4)nc23)n1,6.95
A2A,CHEMBL381538,CCCn1c(=O)n(C)c(=O)c2[nH]c(-c3ccc(OCC(=O)Nc4ccc(F)cc4)cc3)cc21,6.95
A2A,CHEMBL486893,CCCn1c(=O)[nH]c2nc(-c3ccc(S(=O)(=O)N4CCN(Cc5ccc6c(c5)OCO6)CC4)cc3)[nH]c2c1=O,6.95
A2A,CHEMBL557694,CCn1c(=O)c2[nH]c(-c3ccc(OCC(=O)Nc4ccc(C#N)cc4)cc3)nc2n(CCCOC)c1=O,6.95
A2A,CHEMBL2181158,Cn1cc2c(nc(NC3CC3)n3nc(-c4ccco4)nc23)n1,6.95
A2A,CHEMBL3740992,CCCn1c(-c2ccco2)nc2c(N)nc(NCCCc3ccccc3)nc21,6.95
A2A,CHEMBL3753118,c1ccc(Oc2nc(NC3CCCCC3)n3nc(-c4ccco4)nc3n2)cc1,6.95
A2A,CHEMBL3754124,Fc1ccc(CNc2nc(NC3CCCCC3)nc3nc(-c4ccco4)nn23)cc1,6.95
A2A,CHEMBL5427931,Nc1nc(NCCc2ccc(O)cc2)nc2c1nc(-c1ccco1)n2[C@@H]1SC[C@@H](O)[C@H]1O,6.95
A2A,CHEMBL5572013,Cc1c(C#N)cccc1-c1cc(-c2cn(Cc3c[nH]c4ccccc34)nn2)nc(N)n1,6.95
A2A,CHEMBL5751505,Cc1cc(-c2cc3c(=O)cc[nH]c3nc2-c2cccc(C#N)c2)cc(Cl)n1,6.95
A2A,CHEMBL359044,CC(C)CCn1cc2c(nc(NC(=O)Nc3cccc(Cl)c3)n3nc(-c4ccco4)nc23)n1,6.94
A2A,CHEMBL196665,Cc1ccc2c(O)c(C(=O)NCc3ccc(F)cc3)cnc2n1,6.94
A2A,CHEMBL383134,Cc1ccc2c(O)c(C(=O)NC(C)c3ccccc3)cnc2n1,6.94
A2A,CHEMBL376648,CCCc1nc2c(-c3ccccc3)cc(-c3ccccc3)nc2[nH]1,6.94
A2A,CHEMBL411075,Cn1c(=O)c2[nH]c(-c3ccc(OCC(=O)N4CCN(c5ccc(Br)cc5)CC4)cc3)cc2n(C)c1=O,6.94
A2A,CHEMBL260051,CCCn1c(=O)c2[nH]c(-c3ccc(OCC(=O)N4CCN(c5cccc(Cl)c5)CC4)cc3)cc2n(CCC)c1=O,6.94
A2A,CHEMBL511413,CC(=O)Nc1ccc(Cn2nnc3c(-c4ccco4)nc(N)nc32)cc1,6.94
A2A,CHEMBL572906,CCCCn1cc2c(nc(NC(=O)C(c3ccccc3)c3ccccc3)n3nc(-c4ccco4)nc23)n1,6.94
A2A,CHEMBL1077902,Cc1ccc(C(=O)c2nc(NCc3ccncn3)nc3ccsc23)s1,6.94
A2A,CHEMBL1650388,CCC(=O)Nc1cc(-c2cccs2)nc(-c2cccs2)n1,6.94
A2A,CHEMBL1370747,Nc1nnc(-c2ccccc2)c(-c2ccccc2)n1,6.94
A2A,CHEMBL2382435,COc1cccc(CCCC(=O)Nc2nc3ccccc3c(=O)s2)c1,6.94
A2A,CHEMBL3314871,CCOC(=O)c1cnc(NCc2ccc(OC)c(OC)c2)n2nc(-c3ccco3)nc12,6.94
A2A,CHEMBL3754656,Nc1nc(-c2cccs2)nc2cn(-c3ccccc3)nc12,6.94
A2A,CHEMBL4128138,Nc1nc(NCc2ccccc2)nc2sc(-c3ccccc3)nc12,6.94
A2A,CHEMBL4285563,CNc1ncc(C(=O)OCc2ccccc2)c2nc(-c3ccco3)nn12,6.94
A2A,CHEMBL4537666,COc1ccc(-c2nc(N)c3nc(-c4ccccc4)sc3n2)cc1,6.94
A2A,CHEMBL4436509,N#Cc1c(N)nc(SCc2ccncc2)c(C#N)c1-c1ccco1,6.94
A2A,CHEMBL4849986,Cc1c(-c2ccccc2)nc(N)c2nc3ccccc3n12,6.94
A2A,CHEMBL5416491,COC(=O)c1cccc(Cn2ccc(-c3cc(-c4cccc(C#N)c4C)nc(N)n3)cc2=O)c1,6.94
A2A,CHEMBL5943580,COc1cccc2c1nc(N)n1nc([C@@H]3CCC[C@@H](N)C3)nc21,6.94
A2A,CHEMBL5989571,Nc1nc(-c2ccco2)c2c(n1)C(Cc1ccc(F)cc1Cl)OC2=O,6.94
A2A,CHEMBL207529,c1ccc(-c2nc(-c3ccccc3)c3nc(C4CCCCC4)nc-3[nH]2)cc1,6.93
A2A,CHEMBL376920,Cc1ccc(-c2cc(-c3ccccc3)nc(N)c2C#N)cc1,6.93
A2A,CHEMBL411922,O=C(c1ccc[nH]1)c1nc(C(F)(F)F)nc2ccsc12,6.93
A2A,CHEMBL455999,CCCn1c(=O)c2[nH]c(-c3ccc(O)cc3)c(O)c2n(CCC)c1=O,6.93
A2A,CHEMBL512276,CCCn1c(=O)c2[nH]c(-c3ccc(COC(=O)Nc4ccc(F)cc4)cc3)cc2n(CCC)c1=O,6.93
A2A,CHEMBL1077915,Cc1ccc(C(=O)c2nc(NC(C)c3ccccn3)nc3ccsc23)s1,6.93
A2A,CHEMBL1087081,Nc1nc(-c2ccc(F)cc2)c2c(n1)-c1cc(OCCN3CCCC3)ccc1C2=O,6.93
A2A,CHEMBL2043295,Nc1nc(SCCc2ccc(S(=O)(=O)O)cc2)nc2c1ncn2[C@@H]1O[C@H](CO)[C@@H](O)[C@H]1O,6.93
A2A,CHEMBL2180933,Cc1ccc(CNc2nc3nn(C)cc3c3nc(-c4ccco4)nn23)cc1,6.93
A2A,CHEMBL2377099,COc1cccc(-c2nc(N)c3cc(Cc4ccccc4)sc3n2)c1,6.93
A2A,CHEMBL2382438,O=C(C/C=C/c1ccccc1)Nc1nc2ccccc2c(=O)s1,6.93
A2A,CHEMBL4130042,COc1ccc(-c2cn3cc(-c4ccco4)cc(N)c3n2)cc1OC,6.93
A2A,CHEMBL350042,CCCn1cc2c(nc(NC(=O)Nc3ccccc3Cl)n3nc(-c4ccco4)nc23)n1,6.92
A2A,CHEMBL572765,Cn1cc2c(nc(NC(=O)Nc3ccc(F)cc3)n3nc(-c4ccco4)nc23)n1,6.92
A2A,CHEMBL285819,Nc1nc(Cl)nc2c1ncn2[C@@H]1O[C@H](CO)[C@@H](O)[C@H]1O,6.92
A2A,CHEMBL422820,COc1ccc(NC(=O)Nc2nc3nn(CCc4ccccc4)cc3c3nc(-c4ccco4)nn23)cc1,6.92
A2A,CHEMBL322250,CCCn1c(=O)c2c(nc3ccccn32)n(Cc2ccccc2)c1=O,6.92
A2A,CHEMBL98659,CCCNC(=O)c1cnn(-c2nc(N)c3ncn([C@@H]4O[C@H](CO)[C@@H](O)[C@H]4O)c3n2)c1,6.92
A2A,CHEMBL281626,Nc1nc2c(cnn2CCCc2ccc3c(c2)OC(C(=O)[O-])(C(=O)[O-])O3)c2nc(-c3ccco3)nn12.[Na+].[Na+],6.92
A2A,CHEMBL123465,CCCc1nc2[nH]cnc2c2nc(-c3ccccc3)nn12,6.92
A2A,CHEMBL278996,Nc1nc2c(cnn2CCCc2ccc3c(c2)OC(C(=O)O)(C(=O)O)O3)c2nc(-c3ccco3)nn12,6.92
A2A,CHEMBL197682,Cc1cc2c(nc(-n3nccn3)n2C)c(N)n1,6.92
A2A,CHEMBL201554,COCCCn1c(=O)n(C)c(=O)c2[nH]c(-c3ccc(OCC(=O)Nc4ccccc4)cc3)cc21,6.92
A2A,CHEMBL201496,CCn1c(=O)c2[nH]c(-c3ccc(OCC(=O)Nc4ccc(C#N)cc4)cc3)cc2n(CC)c1=O,6.92
A2A,CHEMBL210271,CCn1c(=O)c2nc(-c3cnn(Cc4ccccc4)c3)[nH]c2n(CC)c1=O,6.92
A2A,CHEMBL379474,CCCn1c(=O)c2nc(-c3cnn(Cc4ccc(F)cc4)c3)[nH]c2n(CCC)c1=O,6.92
A2A,CHEMBL398788,O=C(NCc1ccccc1)Nc1nc2ccccc2n2c(=O)c(-c3ccccc3)nn12,6.92
A2A,CHEMBL256153,Nc1nc(-c2ccco2)c2cnn(Cc3ccc([N+](=O)[O-])cc3)c2n1,6.92
A2A,CHEMBL510288,Cn1c(Br)nc2c(N)ncnc21,6.92
A2A,CHEMBL487766,CC(=O)Nc1cc(-c2cccnc2)nc(-n2nc(C)cc2C)n1,6.92
A2A,CHEMBL521081,COC[C@@H]1CCCN1c1cc(NC(C)=O)nc(-c2ccc(C)o2)n1,6.92
A2A,CHEMBL514399,O=C(Nc1nc(-c2ccccc2)nc2c1nnn2Cc1ccccc1)C1CCC1,6.92
A2A,CHEMBL1091031,Cn1cc2c(nc(N)n3nc(-c4ccccc4)nc23)n1,6.92
A2A,CHEMBL1094987,Nc1nc(-c2ccccc2)nc2nn(Cc3ccccc3)cc12,6.92
A2A,CHEMBL1222370,O=C(Nc1nc(-c2ccccc2)c(-c2ncon2)s1)C1CC1,6.92
A2A,CHEMBL1671924,Cc1cnc(NC(=O)c2ccc(NC(=O)CC(C)(C)C)cc2)s1,6.92
A2A,CHEMBL1935768,Cn1ncc2nc(NC3CCCCC3)n3nc(-c4ccco4)nc3c21,6.92
A2A,CHEMBL2180918,Cn1cc2c(nc(NCCOc3ccccc3)n3nc(-c4ccco4)nc23)n1,6.92
A2A,CHEMBL3222105,Nc1nc(-c2cccc(Cl)c2)nc2sc(CN3CCOCC3)cc12,6.92
A2A,CHEMBL3314894,CCOC(=O)c1cnc(NCC2CCCCC2)n2nc(-c3ccco3)nc12,6.92
A2A,CHEMBL3394262,CCCN(CCCNc1nc(Oc2ccc(CCNc3nc(N)n4nc(-c5ccco5)nc4n3)cc2)nc(N2CCOCC2)n1)CCc1cccc2c1CC(=O)N2.O=CO,6.92
A2A,CHEMBL3982084,Nc1ncc(-c2cccc(Cl)c2)c(-c2ccccc2)n1,6.92
A2A,CHEMBL2181976,Cc1cc(C)cc(-c2nc(NC(=O)c3cccnc3)sc2-c2ccncc2)c1,6.92
A2A,CHEMBL5075499,Cc1ccc(-c2nc(N)nc3c2ncc(=O)n3CCN2CCN(c3ccc(OC(F)(F)F)cc3)CC2)o1,6.92
A2A,CHEMBL5564117,CCCCC#Cc1nc2c(N)nc(-c3cccs3)nc2n1[C@@H]1SC[C@@H](O)[C@H]1O,6.92
A2A,CHEMBL5579741,Cc1c(C#N)cccc1-c1cc(-c2cn(Cc3c[nH]c4cc(F)ccc34)nn2)nc(N)n1,6.92
A2A,CHEMBL5896827,CCn1c(=O)c2c(C)c(CN3CCNC3=O)sc2n(CCOC)c1=O,6.92
A2A,CHEMBL5948505,Cn1cc(-c2c(-c3ccc(C#N)cc3)nc(N)n3nc(Cc4ncccc4F)nc23)ccc1=O,6.92
A2A,CHEMBL6047655,COc1cc2nc(N)n3nc([C@H]4C[C@H](F)CN(c5cnn(CC(C)(C)O)c5)C4)nc3c2cc1F,6.92
A2A,CHEMBL6176699,COC(=O)c1cccc(-c2c(C#N)c(N)nc(N3CCCCC3)c2C#N)c1,6.92
A2A,CHEMBL200112,CCCn1c(=O)c2[nH]c(-c3ccc(OCC(=O)O)cc3)cc2n(CCC)c1=O,6.91
A2A,CHEMBL411686,O[C@H](c1cc(C(F)(F)F)nc2c(C(F)(F)F)cccc12)[C@H]1CCCCN1,6.91
A2A,CHEMBL517277,Nc1nc(-c2ccco2)c2nnn(Cc3cnccn3)c2n1,6.91
A2A,CHEMBL596074,Cc1cccnc1CNC(=O)c1cc(-c2ccccc2C#N)nc(N)n1,6.91
A2A,CHEMBL594625,O=C(NC1CCC1)[C@H]1S[C@@H](n2cnc3c(NCc4cccc(I)c4)ncnc32)[C@H](O)[C@@H]1O,6.91
A2A,CHEMBL603878,CCn1c(=O)c2c(nc(Cc3cccs3)n2C)n(Cc2cccs2)c1=O,6.91
A2A,CHEMBL1270609,COCCCn1c(NC(=O)c2cccc(C#N)c2)nc2cc(C(=O)N(C)C)cnc21,6.91
A2A,CHEMBL1927435,CCCCC(=O)N1CCN(c2nc(N)n3nc(-c4ccco4)nc3n2)CC1,6.91
A2A,CHEMBL1935755,Nc1nc2cnn(CCCc3ccccc3)c2c2nc(-c3ccco3)nn12,6.91
A2A,CHEMBL2180914,Cn1cc2c(nc(NCCCCCO)n3nc(-c4ccco4)nc23)n1,6.91
A2A,CHEMBL3314896,CCOC(=O)c1cnc(NCc2ccc(C)cc2)n2nc(-c3ccco3)nc12,6.91
A2A,CHEMBL3931329,COc1ccc(CNc2nc(N)c3nc(-c4ccco4)sc3n2)cc1,6.91
A2A,CHEMBL4083317,CCCn1c(=O)c2[nH]c(-c3cnn(CC4CC(=O)N(c5ccc(C(F)(F)F)cc5)C4)c3)nc2n(CCC)c1=O,6.91
A2A,CHEMBL4572369,CCCn1c(=O)[nH]c2nc(-c3ccc(S(=O)(=O)N4CCN(c5ccccc5)CC4)cc3)[nH]c2c1=O,6.91
A2A,CHEMBL4637680,NCC1CCN(CCC(=O)Nc2ccc(-c3cn4c(=O)n(-c5ccccc5)nc4c(N)n3)cc2)CC1,6.91
A2A,CHEMBL5562587,CCCCC#Cc1nc(NC)c2nc(-c3ccco3)[nH]c2n1,6.91
A2A,CHEMBL5921476,Cn1cc(-c2c(-n3cccn3)nc(N)n3nc(Cc4ncccc4F)nc23)ccc1=O,6.91
A2A,CHEMBL5876589,COc1cc2nc(N)n3nc([C@@H]4CC[C@H](C)N(c5cnn(C(C)C(C)O)c5)C4)nc3c2cc1F,6.91
A2A,CHEMBL2113458,COc1ccccc1NC(=O)/N=N/Nc1nc(N)c2ncn([C@@H]3O[C@H](CO)[C@@H](O)[C@H]3O)c2n1,6.9
A2A,CHEMBL201321,CCCn1c(=O)c2[nH]c(-c3ccc(OCC(=O)Nc4ccc(Br)cc4)cc3)c(Cl)c2n(CCC)c1=O,6.9
A2A,CHEMBL203797,Cn1cc2c(nc(NC(=O)Nc3cccnc3)n3nc(-c4ccco4)nc23)n1,6.9
A2A,CHEMBL258686,CCCn1c(=O)c2[nH]c(-c3cnn(Cc4ccccc4)c3)nc2n(C)c1=O,6.9
A2A,CHEMBL462095,Cc1ccc(-c2cc3c([nH]2)c(=O)n(C)c(=O)n3C)cc1,6.9
A2A,CHEMBL608100,Cc1cccnc1CNC(=O)c1cc(N)nc(-c2ccco2)c1,6.9
A2A,CHEMBL1077752,CCNc1nc(C(=O)c2ccc(C)s2)c2sccc2n1,6.9
A2A,CHEMBL1093432,Nc1nc2nn(CCc3ccccc3)cc2c2nc(-c3ccc(F)cc3)nn12,6.9
A2A,CHEMBL2042073,COc1cccc2cc(C(=O)NCCc3ccc(O)cc3)c(=N)oc12,6.9
A2A,CHEMBL3222099,Nc1nc(-c2cccs2)nc2sc(CN3CCOCC3)cc12,6.9
A2A,CHEMBL3763668,C[C@H](NC(=O)c1nc(N)nc2c(F)cccc12)c1cccc2cccnc12,6.9
A2A,CHEMBL5193403,Cc1ccc(-c2nc(N)nc3c2cnn3CCc2ccc(C(=O)Nc3ccccc3N)cc2)o1,6.9
A2A,CHEMBL5421109,CCCCC#Cc1nc(NC)c2nc(-c3cccs3)n([C@@H]3OC[C@@H](O)[C@H]3O)c2n1,6.9
A2A,CHEMBL5805452,Cn1cc(N2CCCC(c3nc4c5c(F)c(F)ccc5nc(N)n4n3)C2)cn1,6.9
A2A,CHEMBL421611,CCCCc1nc2[nH]ncc2c2nc(-c3ccccc3Cl)nn12,6.89
A2A,CHEMBL204527,CCNC(=O)[C@H]1O[C@@H](n2cnc3c(NCC)nc(C#CC(O)c4ccccc4)nc32)[C@H](O)[C@@H]1O,6.89
A2A,CHEMBL478822,Cc1cccc(-c2cc(-c3ccccc3)nc(N)c2C#N)c1,6.89
A2A,CHEMBL467387,N#Cc1c(-c2ccccc2)cc(-c2ccccc2)nc1N,6.89
A2A,CHEMBL609304,N#Cc1cccc(-c2cc(C(=O)NCc3ccccn3)nc(N)n2)c1,6.89
A2A,CHEMBL1935750,COc1ccc(NC(=O)Nc2nc3cn(CCCc4ccccc4)cc3c3nc(-c4ccco4)nn23)cc1,6.89
A2A,CHEMBL1950656,CCNC(=O)[C@H]1O[C@@H](n2cnc3c(N)nc(NCCc4ccc(CCC(=O)N[C@H](Cc5c[nH]c6ccccc56)C(=O)OC)cc4)nc32)[C@H](O)[C@@H]1O,6.89
A2A,CHEMBL1950664,CCNC(=O)[C@H]1O[C@@H](n2cnc3c(N)nc(NCCc4ccc(CCC(=O)N[C@H](Cc5c[nH]c6ccccc56)C(=O)O)cc4)nc32)[C@H](O)[C@@H]1O,6.89
A2A,CHEMBL2181160,Cn1cc2c(nc(NC3CCCC3)n3nc(-c4ccco4)nc23)n1,6.89
A2A,CHEMBL2391840,COc1ccc(C(=O)Nc2nc(-c3ccccc3)c(C(=O)c3ccccn3)s2)cc1,6.89
A2A,CHEMBL3222097,C[C@@H]1CCC[C@H](C)N1Cc1cc2c(N)nc(-c3ccon3)nc2s1,6.89
A2A,CHEMBL3401305,CCN(CC)CCCCCCCC(=O)Nc1ccc(C(=O)Nc2nccs2)cc1,6.89
A2A,CHEMBL3977929,Nc1ncc(-c2ccc3ccccc3c2)c(-c2ccccc2)n1,6.89
A2A,CHEMBL1340426,Nc1nc(-c2ccccc2)nn1C(=O)c1ccco1,6.89
A2A,CHEMBL5401410,Cc1c(C#N)cccc1-c1cc(-c2ccn(Cc3cccc(F)c3)c(=O)c2)nc(N)n1,6.89
A2A,CHEMBL5555414,Cc1c(C#N)cccc1-c1cc(-c2cn(Cc3n[nH]c4ccccc34)nn2)nc(N)n1,6.89
A2A,CHEMBL5902395,Cc1ccc(-c2nc(N)nc3c2C(=O)OC3Cc2ccccc2OC(F)F)o1,6.89
A2A,CHEMBL164647,CCn1cc2c(nc(NC(=O)Nc3ccccc3OC)n3nc(-c4ccco4)nc23)n1,6.88
A2A,CHEMBL203037,CCCn1c(=O)c2[nH]c(-c3ccc(OCC(=O)Nc4ccc(OC)nc4)cc3)cc2n(C)c1=O,6.88
A2A,CHEMBL217541,CCCn1c(=O)c2nc([C@]34CC[C@](C(=O)NCCN(C)C)(CC3)CC4)[nH]c2n(CCC)c1=O,6.88
A2A,CHEMBL270715,CN1CCN(CC(=O)Nc2cc(-n3cccn3)nc(-n3cccn3)n2)CC1,6.88
A2A,CHEMBL412063,Cn1c(=O)c2[nH]c(-c3ccc(OCC(=O)N4CCN(c5ccc(C(F)(F)F)cc5)CC4)cc3)cc2n(C)c1=O,6.88
A2A,CHEMBL513135,Cn1c(=O)c2[nH]c(-c3ccc(COC(=O)N4CCN(c5ccccc5)CC4)cc3)cc2n(C)c1=O,6.88
A2A,CHEMBL574061,CCn1cc2c(nc(NC(=O)C(c3ccccc3)c3ccccc3)n3nc(-c4ccco4)nc23)n1,6.88
A2A,CHEMBL2180927,Cn1cc2c(nc(N3CCCC3)n3nc(-c4ccco4)nc23)n1,6.88
A2A,CHEMBL3961930,C#CCCC(=O)Nc1nc2nn(C)cc2c2nc(-c3ccco3)nn12,6.88
A2A,CHEMBL4437222,CCCn1c(=O)[nH]c2nc(-c3ccc(S(=O)(=O)N4CCN(Cc5cccc(OC)c5)CC4)cc3)[nH]c2c1=O,6.88
A2A,CHEMBL4797325,O=C(Nc1nc(-c2ccccc2)c(C(=O)c2ccc(F)cc2F)s1)c1ccco1,6.88
A2A,CHEMBL4749927,C#CCCNC(=O)Nc1nc2nn(C)cc2c2nc(-c3ccco3)nn12,6.88
A2A,CHEMBL4867327,Nc1nc(-c2ccc(OC(F)(F)F)cc2)cn2c1nc1ccccc12,6.88
A2A,CHEMBL5075833,COc1cccc(-c2nc(Nc3ccccc3)nc(-c3ccccc3)c2C#N)c1,6.88
A2A,CHEMBL5208818,Nc1nc(-c2ccco2)c2cnn(Cc3cccc(/C=C/C(=O)NO)c3)c2n1,6.88
A2A,CHEMBL5422621,Cc1c(C#N)cccc1-c1cc(-c2ccn(Cc3cccc(S(C)(=O)=O)c3)c(=O)c2)nc(N)n1,6.88
A2A,CHEMBL5567879,CCCCC#Cc1nc(N)c2nc(C#CCCCC)n([C@@H]3OC[C@@H](O)[C@H]3O)c2n1,6.88
A2A,CHEMBL5556910,COc1ccc2c(Cn3cc(-c4cc(-c5cccc(C#N)c5C)nc(N)n4)nn3)c[nH]c2c1,6.88
A2A,CHEMBL6172046,CCCCC#Cc1nc(N)c2ncn([C@@H]3C=C[C@@H](O)[C@H]3O)c2n1,6.88
A2A,CHEMBL553587,CN1CCN(c2c3c(nc(N)n4nc(-c5ccco5)nc34)nn2C)CC1.Cl.Cl,6.87
A2A,CHEMBL236958,Nc1nc2ccccc2n2c(=O)c(-c3ccccc3)nn12,6.87
A2A,CHEMBL409112,Cc1ccc(-c2nc(NC(=O)CN3CCN(C)CC3)cc(-n3cccn3)n2)o1,6.87
A2A,CHEMBL260337,OCCNc1nc(-c2ccco2)c2cnn(CCc3ccccc3)c2n1,6.87
A2A,CHEMBL2180910,CC(O)CNc1nc2nn(C)cc2c2nc(-c3ccco3)nn12,6.87
A2A,CHEMBL3394261,Nc1nc(NCCc2ccc(Oc3nc(Cl)nc(N4CCOCC4)n3)cc2)nc2nc(-c3ccco3)nn12,6.87
A2A,CHEMBL4128638,COc1ccccc1CNc1nc(N)c2nc(C)sc2n1,6.87
A2A,CHEMBL4291801,Nc1cc(-c2ccccn2)c2oc(-c3ccco3)nc2c1,6.87
A2A,CHEMBL4464175,CCCn1c(=O)[nH]c2nc(-c3ccc(S(=O)(=O)N4CCN(Cc5ccc(F)c(OC)c5)CC4)cc3)[nH]c2c1=O,6.87
A2A,CHEMBL5398651,Cc1c(C#N)cccc1-c1cc(-c2ccn(Cc3cccc(Cl)c3)c(=O)c2)nc(N)n1,6.87
A2A,CHEMBL5746764,Cn1cc(-c2c(-c3ccccc3Cl)nc(N)n3nc(Cc4ncccc4F)nc23)ccc1=O,6.87
A2A,CHEMBL260976,CCCn1c(=O)c2[nH]c(-c3cnn(Cc4cccc(F)c4)c3)nc2n(C)c1=O,6.86
A2A,CHEMBL3677910,O=C(c1ccc(C(=O)N(C2CCCCC2)C2CCCCC2)cc1)c1cnc2ccccn12,6.86
A2A,CHEMBL4070286,Nc1nc(-c2ccccc2)cn2c(=O)n(-c3ccc(O)cc3)nc12,6.86
A2A,CHEMBL4293454,COc1ccc(CNc2ncc(C(=O)NC(c3ccccc3)c3ccccc3)c3nc(-c4ccco4)nn23)cc1OC,6.86
A2A,CHEMBL5429151,COCc1cccc(Cn2ccc(-c3cc(-c4cccc(C#N)c4C)nc(N)n3)cc2=O)c1,6.86
A2A,CHEMBL5963502,Cc1coc(-c2nc(N)n3nc(Cc4c(F)cccc4F)nc3c2-c2ccc(=O)n(C)c2)n1,6.86
A2A,CHEMBL1215029,N#Cc1c(N)nc(N2CCCC2)c(C#N)c1-c1ccccc1,6.86
A2A,CHEMBL302765,CCCn1cc2c(nc(NC(=O)Nc3ccc(OC)cc3)n3nc(-c4ccco4)nc23)n1,6.85
A2A,CHEMBL164381,CCn1cc2c(nc(NC(=O)Nc3cccc(OC)c3)n3nc(-c4ccco4)nc23)n1,6.85
A2A,CHEMBL164905,CCCn1cc2c(nc(NC(=O)Nc3ccc(Cl)cc3)n3nc(-c4ccco4)nc23)n1,6.85
A2A,CHEMBL164686,Cn1cc2c(nc(NC(=O)Nc3ccc(C(F)(F)F)cc3)n3nc(-c4ccco4)nc23)n1,6.85
A2A,CHEMBL278605,Nc1nc2c(cnn2CCCc2ccc(S(=O)(=O)O)cc2)c2nc(-c3ccco3)nn12,6.85
A2A,CHEMBL371131,Cc1ccc2c(O)c(C(=O)NCCc3ccccc3)cnc2n1,6.85
A2A,CHEMBL383714,Cn1cc2c(nc(NC(=O)Nc3ccccn3)n3nc(-c4ccco4)nc23)n1,6.85
A2A,CHEMBL380219,CCCn1c(=O)c2nc(-c3cnn(Cc4ccccc4OC)c3)[nH]c2n(CCC)c1=O,6.85
A2A,CHEMBL403704,CCc1nc(-c2ncc[nH]2)c2sccc2n1,6.85
A2A,CHEMBL467386,Cc1cccc(-c2cc(-c3ccco3)nc(N)c2C#N)c1,6.85
A2A,CHEMBL468555,N#Cc1c(-c2ccc(Cl)cc2)cc(-c2ccco2)nc1N,6.85
A2A,CHEMBL1650372,CCCC(=O)Nc1cc(-c2ccccc2F)nc(-c2ccccc2F)n1,6.85
A2A,CHEMBL1672615,O=C(Nc1cnc(-c2ccncc2)c(-c2ccco2)n1)C1CCC1,6.85
A2A,CHEMBL192,CCCc1nn(C)c2c(=O)[nH]c(-c3cc(S(=O)(=O)N4CCN(C)CC4)ccc3OCC)nc12,6.85
A2A,CHEMBL2313284,Cn1c(=O)c2c(nc(/C=C/c3ccc(Cl)cc3)n2C)n(C)c1=O,6.85
A2A,CHEMBL3222047,CN(C)Cc1cc2c(N)nc(-c3ccco3)nc2s1,6.85
A2A,CHEMBL3314897,CCOC(=O)c1cnc(NCc2ccc(OC)cc2)n2nc(-c3ccco3)nc12,6.85
A2A,CHEMBL4285036,CNc1ncc(C(=O)NCc2ccc(OC)c(OC)c2)c2nc(-c3ccco3)nn12,6.85
A2A,CHEMBL4560207,COc1c(C(C)(C)C)cc(-c2cn3c(=O)n(-c4ccccc4)nc3c(N)n2)cc1C(C)(C)C,6.85
A2A,CHEMBL4443090,CCCn1c(=O)[nH]c2nc(-c3ccc(S(=O)(=O)N4CCN(c5ccccc5C)CC4)cc3)[nH]c2c1=O,6.85
A2A,CHEMBL4455937,CCCn1c(=O)[nH]c2nc(-c3ccc(S(=O)(=O)N4CCN(C)CC4)cc3)[nH]c2c1=O,6.85
A2A,CHEMBL5087059,Nc1nc(-c2ccccc2)c2c(n1)-c1ccc(OCCCN3CCCCC3)cc1C2=O,6.85
A2A,CHEMBL5202005,Nc1nc(-c2ccco2)c2cnn(CCCc3ccc(C(=O)Nc4ccccc4N)cc3)c2n1,6.85
A2A,CHEMBL5405584,Nc1nc(Cl)nc2c1nc(-c1ccco1)n2[C@@H]1SC[C@@H](O)[C@H]1O,6.85
A2A,CHEMBL5556656,CCCCC#Cc1nc2c(NC)nc(-c3ccco3)nc2n1[C@@H]1SC[C@@H](O)[C@H]1O,6.85
A2A,CHEMBL349019,Cn1cc2c(nc(NC(=O)Nc3ccc(Cl)c(Cl)c3)n3nc(-c4ccco4)nc23)n1,6.84
A2A,CHEMBL193509,Cc1ccc2c(O)c(C(=O)NCc3ccc(N)cc3)cnc2n1,6.84
A2A,CHEMBL383643,CCNC(=O)[C@H]1O[C@@H](n2cnc3c(NCC)nc(C#CC(O)c4cccc(C(=O)OC)c4)nc32)[C@H](O)[C@@H]1O,6.84
A2A,CHEMBL457014,CCCn1c(=O)c2[nH]c(-c3ccc([N+](=O)[O-])cc3)c(O)c2n(CCC)c1=O,6.84
A2A,CHEMBL484899,CCn1c(=O)[nH]c2nc(-c3ccc(S(=O)(=O)N4CCN(Cc5cccc(F)c5)CC4)cc3)[nH]c2c1=O,6.84
A2A,CHEMBL486479,CCCn1c(=O)[nH]c2nc(-c3ccc(S(=O)(=O)N4CCN(Cc5ccc(C(F)(F)F)cc5)CC4)cc3)[nH]c2c1=O,6.84
A2A,CHEMBL601731,CCc1cnn([C@H]2C[C@@H](n3cnc4c(NCC(c5ccccc5)c5ccccc5)nc(NCCc5cn(CC)cn5)nc43)[C@H](O)[C@@H]2O)c1,6.84
A2A,CHEMBL1672616,O=C(Nc1cnc(-c2ccncc2)c(-c2ccco2)n1)C1CCCC1,6.84
A2A,CHEMBL2181971,OC[C@H]1O[C@@H](n2cnc3c(NCC4c5ccccc5-c5ccccc54)ncnc32)[C@H](O)[C@@H]1O,6.84
A2A,CHEMBL3317579,Nc1nc(CCCc2cccc(O)c2)nc2cn(-c3ccccc3)nc12,6.84
A2A,CHEMBL3754333,CNc1nc(NC2CCCCC2)n2nc(-c3ccco3)nc2n1,6.84
A2A,CHEMBL4077152,Nc1sc(-c2ccc(C(=O)NCCCCCCNc3nc(Cl)nc4c3ncn4[C@@H]3O[C@H](CO)[C@@H](O)[C@H]3O)cc2)c(-c2cccc(C(F)(F)F)c2)c1C(=O)c1ccccc1,6.84
A2A,CHEMBL4165484,COc1cccc(CNc2nc(N)c3nc(-c4ccc(C)o4)sc3n2)c1,6.84
A2A,CHEMBL4543948,CCCn1c(=O)[nH]c2nc(-c3ccc(S(=O)(=O)N4CCN(C(=O)c5ccccc5)CC4)cc3)[nH]c2c1=O,6.84
A2A,CHEMBL5745879,COc1cc2nc(N)n3nc(C4(F)CCN(c5cnn(CC(C)(C)O)c5)C4)nc3c2cc1F,6.84
A2A,CHEMBL349240,CCCCn1cc2c(nc(NC(=O)Nc3ccccc3)n3nc(-c4ccco4)nc23)n1,6.83
A2A,CHEMBL416684,Nc1nc2c(cnn2Cc2ccc(O)cc2)c2nc(-c3ccco3)nn12,6.83
A2A,CHEMBL202189,CCNC(=O)[C@H]1S[C@@H](n2cnc3c(NC4CCCC4)nc(Cl)nc32)[C@H](O)[C@@H]1O,6.83
A2A,CHEMBL204780,CC(C)c1nc2[nH]c(-c3ccccc3)nc(-c3ccccc3)c-2n1,6.83
A2A,CHEMBL259524,Cn1c(=O)n(CC2CC2)c(=O)c2[nH]c(-c3cnn(Cc4ccccc4)c3)nc21,6.83
A2A,CHEMBL457418,CCCn1c(=O)c2[nH]c(-c3ccc(OC)cc3)c(O)c2n(CCC)c1=O,6.83
A2A,CHEMBL471614,Nc1nc(-c2ccccc2)nc2c1nnn2Cc1ccccc1,6.83
A2A,CHEMBL561364,CCn1c(=O)c2[nH]c(-c3ccc(OCC(=O)Nc4ccc(C(C)=O)cc4)cc3)nc2n(CCCOC)c1=O,6.83
A2A,CHEMBL604075,Cn1c(=O)c2c(nc(Cc3ccco3)n2C)n(Cc2ccco2)c1=O,6.83
A2A,CHEMBL1079803,O=C(Nc1ccc(-c2ccncc2Cl)c(-c2ccco2)n1)C1CC1,6.83
A2A,CHEMBL1270916,Cn1c(NC(=O)c2cccc(C#N)c2)nc2cc(C(=O)N3CCCCC3)cnc21,6.83
A2A,CHEMBL1935749,COc1ccc(NC(=O)Nc2nc3cn(CCc4ccccc4)cc3c3nc(-c4ccco4)nn23)cc1,6.83
A2A,CHEMBL2181140,CC(CCc1ccccc1)Nc1nc2nn(C)cc2c2nc(-c3ccco3)nn12,6.83
A2A,CHEMBL3317576,COc1cccc(CCCc2nc(N)c3nn(-c4ccccc4)cc3n2)c1,6.83
A2A,CHEMBL3797799,Cc1ccc(-c2nc(N)c3nn(-c4ccccc4O)cc3n2)o1,6.83
A2A,CHEMBL3677918,[C-]#[N+]c1ccc2ncc(-c3noc4cc(C(=O)N5CCOCC5)ccc34)n2c1,6.83
A2A,CHEMBL4101850,Nc1sc(-c2cccc(C(=O)NCCCCCCNc3ncnc4c3ncn4[C@@H]3O[C@H](CO)[C@@H](O)[C@H]3O)c2)c(-c2cccc(C(F)(F)F)c2)c1C(=O)c1ccccc1,6.83
A2A,CHEMBL4857425,Nc1nc(CO)cn2c1nc1ccccc12,6.83
A2A,CHEMBL5205560,Nc1nc(-c2ccco2)c2cnn(CCCOc3ccc(C(=O)Nc4ccccc4N)cc3)c2n1,6.83
A2A,CHEMBL352345,CCn1cc2c(nc(NC(=O)Nc3ccccc3Cl)n3nc(-c4ccco4)nc23)n1,6.82
A2A,CHEMBL195522,Cc1ccc2c(O)c(C(=O)NCc3ccc(Cl)cc3)cnc2n1,6.82
A2A,CHEMBL382357,Cn1cc2c(nc(NC(=O)Nc3cc[n+]([O-])cc3)n3nc(-c4ccco4)nc23)n1,6.82
A2A,CHEMBL208160,CCNC(=O)[C@H]1O[C@@H](n2cnc3c(NCC)nc(C#CC(O)C4CCCC4)nc32)[C@H](O)[C@@H]1O,6.82
A2A,CHEMBL207434,CCCn1c(=O)c2nc(-c3cnn(Cc4ccc(C(F)(F)F)cc4)c3)[nH]c2n(CCC)c1=O,6.82
A2A,CHEMBL375164,COc1cc(-c2cc(-c3ccc(O)cc3)nc(N)c2C#N)ccc1O,6.82
A2A,CHEMBL260433,CCCn1c(=O)c2[nH]c(-c3ccc(OCC(=O)N4CCN(C(=O)OCc5ccccc5)CC4)cc3)cc2n(CCC)c1=O,6.82
A2A,CHEMBL519813,CCn1c(=O)[nH]c2nc(-c3ccc(S(=O)(=O)N4CCN(Cc5ccccc5)CC4)cc3)[nH]c2c1=O,6.82
A2A,CHEMBL540156,Nc1nc(NC(=O)c2ccncc2)c([N+](=O)[O-])c(-c2ccco2)n1,6.82
A2A,CHEMBL596291,COc1ccc(-c2cc(C(=O)NCc3ccccn3)nc(N)n2)cc1,6.82
A2A,CHEMBL1079804,O=C(Nc1ccc(-c2ccncc2F)c(-c2ccco2)n1)C1CC1,6.82
A2A,CHEMBL1650389,CCCC(=O)Nc1cc(-c2cccs2)nc(-c2cccs2)n1,6.82
A2A,CHEMBL1927424,Nc1nc(N2CCNCC2)nc2nc(-c3ccco3)nn12.O=C(O)C(F)(F)F,6.82
A2A,CHEMBL3217868,C[C@@H]1CN(Cc2cc3c(N)nc(-c4cccc(C#N)c4)nc3s2)C[C@H](C)O1,6.82
A2A,CHEMBL3317575,COc1ccccc1CCCc1nc(N)c2nn(-c3ccccc3)cc2n1,6.82
A2A,CHEMBL576447,CCn1cnc2c(N)nc(NCCc3ccccc3)nc21,6.82
A2A,CHEMBL3827171,OC[C@@H]1CCCN1c1ncnc2sc(Nc3cccc(Br)c3)nc12,6.82
A2A,CHEMBL3968812,Cn1cc2c(nc(NC(=O)Nc3ccc(CC(=O)NCCCC(=O)OC(C)(C)C)cc3)n3nc(-c4ccco4)nc23)n1,6.82
A2A,CHEMBL3915716,C#CCCCCC(=O)Nc1nc2nn(C)cc2c2nc(-c3ccco3)nn12,6.82
A2A,CHEMBL1383610,Cc1ccc(COC(=O)c2nn(-c3ccccc3)nc2N)cc1,6.82
A2A,CHEMBL4745279,C#CCCCCNC(=O)Nc1nc2nn(C)cc2c2nc(-c3ccco3)nn12,6.82
A2A,CHEMBL4786871,Cn1cc2c(nc(NC(=O)Nc3ccc(CC(=O)OCCCNC(=O)OC(C)(C)C)cc3)n3nc(-c4ccco4)nc23)n1,6.82
A2A,CHEMBL5169827,COc1ccc(CCNc2nc(N)c3nn(-c4ccccc4)cc3n2)cc1OC,6.82
A2A,CHEMBL6029063,CS(=O)(=O)c1ccc(CC2OC(=O)c3c(-c4ccco4)nc(N)nc32)cc1,6.82
A2A,CHEMBL6025396,Cc1ccc(-c2nc(N)nc3c2C(=O)N(C)C3Cc2ccc(F)cc2C(F)(F)F)o1,6.82
A2A,CHEMBL6175849,COc1cccc(-c2c(C#N)c(N)nc(N3CCCCC3)c2C#N)c1,6.82
A2A,CHEMBL6177442,N#Cc1c(N)nc(N2CCCCC2)c(C#N)c1-c1cccc(-c2ccsc2)c1,6.82
A2A,CHEMBL21541,CN1CCN(c2c3c(nc(N)n4nc(-c5ccco5)nc34)nn2C)CC1,6.81
A2A,CHEMBL113518,O=c1c(-c2ccco2)nnc2n(Cc3ccccc3)c3ccccc3n12,6.81
A2A,CHEMBL534489,Cl.Cn1cc2c(nc(NC(=O)Nc3cccnc3)n3nc(-c4ccco4)nc23)n1,6.81
A2A,CHEMBL260693,Cn1c(=O)c2[nH]c(-c3ccc(OCC(=O)N4CCN(c5cccc(Cl)c5)CC4)cc3)cc2n(C)c1=O,6.81
A2A,CHEMBL261792,CCCn1c(=O)c2[nH]c(-c3ccc(OCC(=O)N4CCN(C(=O)Oc5ccccc5)CC4)cc3)cc2n(CCC)c1=O,6.81
A2A,CHEMBL407327,CCNc1nc(-c2cccs2)c2sccc2n1,6.81
A2A,CHEMBL460171,COC(C)CNc1nc(-c2ccco2)c(C(=O)c2ccccc2)s1,6.81
A2A,CHEMBL573594,Cn1cc2c(nc(NC(=O)Cc3ccc(Cl)cc3)n3nc(-c4ccco4)nc23)n1,6.81
A2A,CHEMBL595863,COc1ccc(-c2cc(C(=O)NCc3ncccc3C)nc(N)n2)cc1,6.81
A2A,CHEMBL594197,Cc1ccc(-c2nc(N)nc(C(=O)NCc3ncccc3C)c2C)o1,6.81
A2A,CHEMBL2181143,Cn1cc2c(nc(NCCCO)n3nc(-c4ccco4)nc23)n1,6.81
A2A,CHEMBL3317565,Nc1nc(Cc2ccccc2F)nc2cn(-c3ccccc3)nc12,6.81
A2A,CHEMBL3926983,COc1cccc(-c2cnc(N)nc2-c2ccccc2)c1,6.81
A2A,CHEMBL5086487,CCNc1nc(-c2ccccc2)c(C#N)c(-c2cccc(C#N)c2)n1,6.81
A2A,CHEMBL203357,CNC(=O)[C@H]1S[C@@H](n2cnc3c(N)nc(Cl)nc32)[C@H](O)[C@@H]1O,6.8
A2A,CHEMBL164992,COc1cccc(NC(=O)Nc2nc3nn(C)cc3c3nc(-c4ccco4)nn23)c1,6.8
A2A,CHEMBL352073,CCn1cc2c(nc(NC(=O)Nc3ccc(Cl)cc3)n3nc(-c4ccco4)nc23)n1,6.8
A2A,CHEMBL194956,Cc1ccc(CNC(=O)c2cnc3nc(C)ccc3c2O)cc1,6.8
A2A,CHEMBL196375,Nc1ccc2c(O)c(C(=O)NCc3ccccc3)cnc2n1,6.8
A2A,CHEMBL381522,CCCn1c(=O)c2[nH]c(-c3ccc(OCC(=O)Nc4ccc(I)cc4)cc3)cc2n(CCC)c1=O,6.8
A2A,CHEMBL382234,COc1cc(-c2cc3c([nH]2)c(=O)n(C)c(=O)n3C)ccc1OCC(=O)NCc1ccc(Cl)cc1,6.8
A2A,CHEMBL387322,CC(C)CC(=O)Nc1cc(-c2ccccc2)nc(-c2ccccc2)n1,6.8
A2A,CHEMBL412293,CCCn1c(=O)c2[nH]c(-c3ccc(OC(C)C(=O)N4CCc5ccccc5C4)cc3)cc2n(CCC)c1=O,6.8
A2A,CHEMBL411319,O=C(Cc1ccccc1)Nc1nc2ccccc2n2nc(-c3ccco3)nc12,6.8
A2A,CHEMBL261667,Cc1ccc(C(=O)Nc2nc(-c3ccccc3)c(C#N)c(-c3ccccc3)n2)cc1,6.8
A2A,CHEMBL259704,N#Cc1c(-c2ccccc2)nc(NC(=O)C2CCCC2)nc1-c1ccccc1,6.8
A2A,CHEMBL508203,O=C(NCc1ccccc1)Nc1nc2ccccc2n2c(=O)n(-c3ccccc3)nc12,6.8
A2A,CHEMBL468831,COc1ccc(-c2cc(-c3ccccc3)nc(N)c2C#N)cc1OC,6.8
A2A,CHEMBL508555,CN(Cc1ccco1)c1nc(-c2ccco2)c(C(=O)c2ccccc2)s1,6.8
A2A,CHEMBL577588,CC(C)CCn1cc2c(nc(NC(=O)C(c3ccccc3)c3ccccc3)n3nc(-c4ccco4)nc23)n1,6.8
A2A,CHEMBL1170526,COc1ccc(N(CC(N)=O)C(C)=O)c2sc(NC(=O)c3ccc(F)cc3)nc12,6.8
A2A,CHEMBL1927632,Nc1nc(N)n2nc(-c3ccco3)nc2n1,6.8
A2A,CHEMBL1950653,CCNC(=O)[C@H]1O[C@@H](n2cnc3c(N)nc(NCCc4ccc(CCC(=O)N[C@@H](Cc5ccccc5)C(=O)OC)cc4)nc32)[C@H](O)[C@@H]1O,6.8
A2A,CHEMBL2164819,N#Cc1cnc(N)nc1-c1ccccc1,6.8
A2A,CHEMBL2181142,Cn1cc2c(nc(NCCO)n3nc(-c4ccco4)nc23)n1,6.8
A2A,CHEMBL3764945,Nc1nc(C(=O)NCc2cccc3cccnc23)c2cccc(-c3cncnc3)c2n1,6.8
A2A,CHEMBL3764249,Nc1nc(C(=O)NCCc2ccccc2)c2cccc(F)c2n1,6.8
A2A,CHEMBL4467573,CCCn1c(=O)[nH]c2nc(-c3ccc(S(=O)(=O)N4CCN(Cc5cc(F)cc(OC)c5)CC4)cc3)[nH]c2c1=O,6.8
A2A,CHEMBL102859,CCn1c(=O)c2nc(C3CCCC3)[nH]c2n(CC)c1=O,6.8
A2A,CHEMBL5079858,Cc1ccc(-c2nc(Nc3ccccc3)nc(-c3ccccc3)c2C#N)cc1,6.8
A2A,CHEMBL5171672,Cc1ccc(-c2nc(N)nc3c2cnn3Cc2cccc(OCCCCCCC(=O)NO)n2)o1,6.8
A2A,CHEMBL5399191,CCCCC#Cc1nc(NC)c2nc(-c3ccco3)n([C@@H]3SC[C@@H](O)[C@H]3O)c2n1,6.8
A2A,CHEMBL5400341,Cc1c(C#N)cccc1-c1nc(N)nc(-c2ccn(Cc3cccc(C(C)(C)O)c3)c(=O)c2)c1F,6.8
A2A,CHEMBL5802772,Cn1cc(-c2c(Cl)nc(N)n3nc(Cc4c(F)cccc4F)nc23)ccc1=O,6.8
A2A,CHEMBL5994753,N#Cc1ccc(CC2OC(=O)c3c(-c4ccco4)nc(N)nc32)cc1F,6.8
A2A,CHEMBL5791874,Nc1nc(-c2ccco2)c2c(n1)[C@@H](Cc1ccccc1)OC2,6.8
A2A,CHEMBL6174526,N#Cc1c(N)nc(N2CCCCC2)c(C#N)c1-c1cccc(-c2ccccc2F)c1,6.8
A2A,CHEMBL261453,CNc1nc(C#C[C@@H](O)c2ccccc2)nc2c1ncn2[C@@H]1O[C@H](CO)[C@@H](O)[C@H]1O,6.79
A2A,CHEMBL114832,C=CCn1c(=O)c2c(nc3ccccn32)n(Cc2ccccc2)c1=O,6.79
A2A,CHEMBL200835,Nc1nc2ccc(Cl)cc2n2nc(-c3ccccc3)nc12,6.79
A2A,CHEMBL209230,CCCn1c(=O)[nH]c2[nH]c(-c3ccc(S(=O)(=O)NCc4ccccc4)cc3)nc2c1=O,6.79
A2A,CHEMBL259057,CCCn1c(=O)c2[nH]c(-c3ccc(OCC(=O)N4CCN(c5ccccc5)CC4)cc3)cc2n(CCC)c1=O,6.79
A2A,CHEMBL455986,CCCn1c(=O)c2[nH]c(-c3ccc(N)cc3)cc2n(CCC)c1=O,6.79
A2A,CHEMBL459772,O=C(Nc1nc(-c2ccccc2)nc2c1nnn2Cc1ccccc1)c1ccoc1,6.79
A2A,CHEMBL483469,CCCn1c(=O)[nH]c2nc(-c3ccc(S(=O)(=O)N4CCN(Cc5cccc(Cl)c5)CC4)cc3)[nH]c2c1=O,6.79
A2A,CHEMBL559990,CCCOc1cncc2[nH]c3c(=O)n(CCC)c(=O)n(CCC)c3c12,6.79
A2A,CHEMBL596460,CNc1ncnc2c1ncn2[C@@H]1S[C@H](C(=O)NC2CC2)[C@@H](O)[C@H]1O,6.79
A2A,CHEMBL1081041,O=C(Nc1ccc(-c2ccncc2)c(-c2ccncc2)n1)C1CC1,6.79
A2A,CHEMBL1078001,Cc1ccc(C(=O)c2nc(NC(=O)c3cccnc3)nc3ccsc23)s1,6.79
A2A,CHEMBL5199428,Nc1nc(-c2ccco2)c2cnn(CCc3ccc(C(=O)Nc4ccccc4N)cc3)c2n1,6.79
A2A,CHEMBL5416911,COC(=O)c1ccccc1Cn1ccc(-c2cc(-c3cccc(C#N)c3C)nc(N)n2)cc1=O,6.79
A2A,CHEMBL200105,Cn1c(=O)c2[nH]c(-c3ccc(OCC(=O)Nc4ccc(CCN)cc4)cc3)cc2n(C)c1=O,6.78
A2A,CHEMBL424869,CCCc1nc2[nH]c(-c3ccccc3)nc(-c3ccccc3)c-2n1,6.78
A2A,CHEMBL387440,CCCn1c(=O)c2nc([C@H]3CC[C@H](C(=O)NCCN(C)C)CC3)[nH]c2n(CCC)c1=O,6.78
A2A,CHEMBL487497,O=C(Nc1ccc(F)cc1)Nc1ccc(Nc2nc(-c3ccccc3)nc3c2nnn3Cc2ccccc2)cc1,6.78
A2A,CHEMBL510409,CCCn1c(=O)c2[nH]c(-c3ccc(N)cc3)c(O)c2n(CCC)c1=O,6.78
A2A,CHEMBL1950555,COc1cc(OC)cc([C@@H](CNc2ncnc3c2ncn3[C@@H]2O[C@H](CO)[C@@H](O)[C@H]2O)c2ccccc2C)c1,6.78
A2A,CHEMBL2181153,CCCCCNc1nc2nn(C)cc2c2nc(-c3ccco3)nn12,6.78
A2A,CHEMBL2377114,CC(C)c1ccc(-c2nc(N)c3cc(Cc4ccccc4)sc3n2)o1,6.78
A2A,CHEMBL3969954,CCn1nc(-c2cccc(-c3cccc(O)c3)c2)cc(NC(=O)Nc2c(Cl)cncc2Cl)c1=O,6.78
A2A,CHEMBL4445941,CCCn1c(=O)[nH]c2nc(-c3ccc(S(=O)(=O)N4CCN(c5ccc(OCCO)cc5)CC4)cc3)[nH]c2c1=O,6.78
A2A,CHEMBL5089483,CCCCn1c(=O)c2nc(C34CCC(C(=O)NCCCCN=[N+]=[N-])(CC3)CC4)[nH]c2n(CCCNC(=O)c2ccc(S(=O)(=O)F)cc2)c1=O,6.78
A2A,CHEMBL4550896,O=C(Nc1ccc2ccccc2n1)c1ccco1,6.78
A2A,CHEMBL97757,Oc1cc(-c2ccccc2)nc2nc(F)ccc12,6.77
A2A,CHEMBL131280,OC[C@H]1O[C@@H](n2cnc3c(NC4CCC[C@@H]4O)nc(Cl)nc32)[C@H](O)[C@@H]1O,6.77
A2A,CHEMBL27043,CCCn1c(=O)c2nc(-c3ccc(OCC(N)=O)cc3)[nH]c2n(CCC)c1=O,6.77
A2A,CHEMBL203088,CCCn1c(=O)c2[nH]c(-c3ccc(OCC(=O)Nc4ccccc4)cc3)cc2n(C)c1=O,6.77
A2A,CHEMBL259529,COc1ccc(N2CCN(C(=O)COc3ccc(-c4cc5c([nH]4)c(=O)n(C)c(=O)n5C)cc3)CC2)cc1,6.77
A2A,CHEMBL406788,Nc1cc(-c2ccccc2)nc(-c2ccccc2)n1,6.77
A2A,CHEMBL556389,CCn1c(=O)c2[nH]c(-c3ccc(OCC(=O)Nc4ccccn4)cc3)nc2n(CCCOC)c1=O,6.77
A2A,CHEMBL563034,COc1ccccc1C(=O)Nc1nc(N)nc(-c2ccco2)c1[N+](=O)[O-],6.77
A2A,CHEMBL1172274,CCN(C(C)=O)c1ccc(OC)c2nc(NC(=O)c3ccc(C(=O)OC)cc3)sc12,6.77
A2A,CHEMBL39898,Cn1c(=O)c2c(cc(/C=C/c3ccccc3)n2C)n(C)c1=O,6.77
A2A,CHEMBL3222050,Nc1nc(-c2ccco2)nc2sc(CNC3CCCCC3)cc12,6.77
A2A,CHEMBL3677905,[C-]#[N+]c1ccc2ncc(C(=O)c3ccc(C(=O)N(CC)C4CCCCC4)cc3)n2c1,6.77
A2A,CHEMBL3677912,O=C(c1ccc(C(=O)N2CCCc3ccccc32)cc1)c1cnc2ccccn12,6.77
A2A,CHEMBL4276999,CNc1ncc(C(=O)NCCc2ccc(OC)c(OC)c2)c2nc(-c3ccco3)nn12,6.77
A2A,CHEMBL4458117,Cl.Cn1cc2c(nc(NCCCCN)n3nc(-c4ccco4)nc23)n1,6.77
A2A,CHEMBL5196511,Nc1nc(-c2cccs2)c2ccccc2n1,6.77
A2A,CHEMBL5439885,Cc1c(C#N)cccc1-c1cc(-c2ccn(CCc3ccccc3)c(=O)c2)nc(N)n1,6.77
A2A,CHEMBL5565650,Cc1c(C#N)cccc1-c1cc(-c2cn(Cc3c[nH]c4ccncc34)nn2)nc(N)n1,6.77
A2A,CHEMBL5963625,Nc1nc2c3c(ccc2c2nc(CC4CN(c5ccccn5)C4)nn12)OC(F)(F)O3,6.77
A2A,CHEMBL197103,Cc1cccc(Nc2nc(-c3cccc(C#N)c3)c(-n3ccnc3C)s2)n1,6.76
A2A,CHEMBL414055,CCNC(=O)[C@H]1O[C@@H](n2cnc3c(NCCCCNC(=O)CCCCCNC(=O)COc4ccc(/C=C/C5=[N+]6C(=Cc7ccc(-c8cccs8)n7[B-]6(F)F)C=C5)cc4)ncnc32)[C@H](O)[C@@H]1O,6.76
A2A,CHEMBL411720,Cn1c(=O)c2[nH]c(-c3ccc(OC(C)(C)C(=O)N4CCN(c5ccccc5)CC4)cc3)cc2n(C)c1=O,6.76
A2A,CHEMBL260221,CCCn1c(=O)c2[nH]c(-c3ccc(OCC(=O)N4CCN(c5ccc(C(F)(F)F)cc5)CC4)cc3)cc2n(CCC)c1=O,6.76
A2A,CHEMBL405479,OCCNc1nc(-c2cccs2)c2sccc2n1,6.76
A2A,CHEMBL2377106,Nc1nc(-c2cccc(Cl)n2)nc2sc(Cc3ccccc3)cc12,6.76
A2A,CHEMBL3754336,CNc1nc(NCc2ccccc2)n2nc(-c3ccco3)nc2n1,6.76
A2A,CHEMBL3963499,Cn1cc2c(nc(NC(=O)Nc3ccc(CC(=O)NCCCN)cc3)n3nc(-c4ccco4)nc23)n1,6.76
A2A,CHEMBL3981200,Cn1cc2c(nc(NC(=O)Nc3ccc(CC(=O)NCCCCN)cc3)n3nc(-c4ccco4)nc23)n1,6.76
A2A,CHEMBL4463100,Nc1nc(N/N=C/c2cccc(OCc3ccccc3)c2)nc2c1ncn2[C@@H]1O[C@H](CO)[C@@H](O)[C@H]1O,6.76
A2A,CHEMBL4648880,Nc1nc(-c2ccc(OCCN3CCOCC3)cc2)cn2c(=O)n(-c3ccccc3)nc12,6.76
A2A,CHEMBL4760582,Cn1cc2c(nc(NC(=O)Nc3ccc(CC(=O)OCCCCN)cc3)n3nc(-c4ccco4)nc23)n1.O=C(O)C(F)(F)F,6.76
A2A,CHEMBL4763432,Cn1cc2c(nc(NC(=O)Nc3ccc(CC(=O)OCCCN)cc3)n3nc(-c4ccco4)nc23)n1.O=C(O)C(F)(F)F,6.76
A2A,CHEMBL5169415,Nc1nc(-c2cccc(F)c2)c2ccccc2n1,6.76
A2A,CHEMBL5569497,Cc1c(C#N)cccc1-c1cc(-c2cn(Cc3c[nH]c4cccc(Cl)c34)nn2)nc(N)n1,6.76
A2A,CHEMBL5813457,Cc1nccc(-c2c(-c3ccc(F)cc3)nc(N)n3nc(Cc4c(F)cccc4F)nc23)c1C,6.76
A2A,CHEMBL2113463,Nc1nc(/N=N/c2ccccc2)nc2c1ncn2[C@@H]1O[C@H](CO)[C@@H](O)[C@H]1O,6.75
A2A,CHEMBL351211,COc1ccccc1NC(=O)Nc1nc2nn(C)cc2c2nc(-c3ccco3)nn12,6.75
A2A,CHEMBL141154,CCn1cc2c(nc(NC(=O)Nc3cccc(Cl)c3)n3nc(-c4ccco4)nc23)n1,6.75
A2A,CHEMBL167753,Cn1cc2c(nc(NC(=O)Nc3ccc(Cl)cc3)n3nc(-c4ccco4)nc23)n1,6.75
A2A,CHEMBL304726,C=CCn1cc2c(nc(NC(=O)Nc3ccc(OC)cc3)n3nc(-c4ccco4)nc23)n1,6.75
A2A,CHEMBL332742,CCCCc1nc2[nH]cnc2c2nc(-c3ccc(C)cc3)nn12,6.75
A2A,CHEMBL534936,Cl.Cn1cc2c(nc(NC(=O)Nc3ccccn3)n3nc(-c4ccco4)nc23)n1,6.75
A2A,CHEMBL222130,CCc1nc2c(-c3ccccc3)cc(-c3ccccc3)nc2[nH]1,6.75
A2A,CHEMBL223978,O=C(Nc1cc(-c2ccccc2)nc(-c2ccccc2)n1)C1CCC1,6.75
A2A,CHEMBL577183,C=Cn1cc2c(nc(NC(=O)Nc3ccc(OC)cc3)n3nc(-c4ccco4)nc23)n1,6.75
A2A,CHEMBL597560,CCn1c(=O)c2c(nc(Cc3c(F)cccc3F)n2C)n(Cc2cccs2)c1=O,6.75
A2A,CHEMBL1080497,O=c1[nH][nH]c2nc(-c3ccco3)c(-c3ccncn3)cc12,6.75
A2A,CHEMBL1078086,Cc1ccc(C(=O)c2nc(NCCc3cccnc3)nc3ccsc23)s1,6.75
A2A,CHEMBL1271016,N#Cc1cccc(C(=O)Nc2nc3cc(C(=O)N4CCCCC4)cnc3n2C2CCOCC2)c1,6.75
A2A,CHEMBL1671931,CC(C)(C)CC(=O)Nc1ccc(C(=O)Nc2nccs2)c(Cl)c1,6.75
A2A,CHEMBL1760891,CCN(C(C)=O)c1ccc(OC)c2nc(NC(=O)[C@@H]3CC[C@H](NCc4cccc(C(F)(F)F)c4)C3)sc12.O=C(O)C(F)(F)F,6.75
A2A,CHEMBL1946298,CCCC/C=C/c1nc(N)c2ncn([C@@H]3OC[C@@H](O)[C@H]3O)c2n1,6.75
A2A,CHEMBL1950657,CCNC(=O)[C@H]1O[C@@H](n2cnc3c(N)nc(NCCc4ccc(CCC(=O)N[C@@H](CC(=O)O)C(=O)O)cc4)nc32)[C@H](O)[C@@H]1O,6.75
A2A,CHEMBL2070398,Nc1ncnc2c1ncn2[C@@H]1O[C@H](C(=O)NCC(F)(F)F)[C@@H](O)[C@H]1O,6.75
A2A,CHEMBL2180934,COc1ccc(CNc2nc3nn(C)cc3c3nc(-c4ccco4)nn23)cc1,6.75
A2A,CHEMBL2391837,CN(C)c1nc(N)nc(-c2sc(NC(=O)c3ccco3)nc2-c2ccccc2)n1,6.75
A2A,CHEMBL3217871,N#Cc1ccc(-c2nc(N)c3cc(CN4CC=CCC4)sc3n2)cc1,6.75
A2A,CHEMBL3753384,c1coc(-c2nc3nc(NC4CCCCC4)nc(NC4CCCCC4)n3n2)c1,6.75
A2A,CHEMBL3929822,COc1cccc2c(C(=O)N[C@H]3CCCc4cccnc43)nc(N)nc12,6.75
A2A,CHEMBL3677914,Cn1nc(-c2cnc3ccc(C(F)(F)F)cn23)c2ccc(C(=O)N3CCCCCC3)cc21,6.75
A2A,CHEMBL5075711,Cc1ccc(-c2nc(N)nc3c2ncc(=O)n3CCN2CCN(c3ccc(C(F)(F)F)cc3)CC2)o1,6.75
A2A,CHEMBL5405570,CC1=C(C(=O)OC(C)C)C(c2ccoc2)n2c(nc3cc(Cl)ccc32)N1,6.75
A2A,CHEMBL5749831,Nc1nnc(-c2ccc3cc[nH]c3c2)c(-c2ccccc2)n1,6.75
A2A,CHEMBL5785491,Cc1ccc(-c2nc(N)nc3c2C(=O)N(C)C3Cc2ccncc2)o1,6.75
A2A,CHEMBL6031856,Cc1ccc(-c2nc(N)nc3c2[nH]c(=O)n3Cc2ccccc2C(F)(F)F)o1,6.75
A2A,CHEMBL6063154,Nc1nc2c3c(ccc2c2nc(C[C@@H](N)C4CC4)nn12)OC(F)(F)O3,6.75
A2A,CHEMBL5775450,Cc1c(C#N)cccc1-c1nc2[nH]ccc(=O)c2cc1-c1ccc2ncccc2c1,6.75
A2A,CHEMBL331946,Nc1cccc2c1nc(N)c1nn(-c3ccc(O)cc3)c(=O)n12,6.74
A2A,CHEMBL199688,Cn1c(=O)c2[nH]c(-c3ccc(OCC(=O)NCc4ccccc4)cc3)cc2n(C)c1=O,6.74
A2A,CHEMBL440418,Cn1c(=O)c2[nH]c(-c3ccc(OCC(=O)N4CCN(c5nc6cc(Cl)ccc6s5)CC4)cc3)cc2n(C)c1=O,6.74
A2A,CHEMBL408936,CCn1c(=O)n(CC2CC2)c(=O)c2[nH]c(-c3cnn(Cc4ccccc4)c3)nc21,6.74
A2A,CHEMBL576017,O=C(Cc1cccc(Cl)c1)Nc1nc2nn(CCCc3ccccc3)cc2c2nc(-c3ccco3)nn12,6.74
A2A,CHEMBL611955,CCc1c(C(=O)NCc2ncccc2C)nc(N)nc1-c1ccc(C)o1,6.74
A2A,CHEMBL1080513,O=c1[nH]c(=O)c2cc(-c3ccncn3)c(-c3ccco3)nc2[nH]1,6.74
A2A,CHEMBL1094143,O=C(Nc1nc(-c2ccccc2)nc2nn(Cc3ccccc3)cc12)c1ccccc1,6.74
A2A,CHEMBL1650152,CCC(=O)Nc1nc(-c2ccc(SC)cc2)cc(-c2ccc(SC)cc2)n1,6.74
A2A,CHEMBL2381757,CCCCCCCCCC(=O)Oc1ccc(CCNc2nc(N)n3nc(-c4ccco4)nc3n2)cc1,6.74
A2A,CHEMBL2381760,Nc1nc(NCCc2ccc(Br)cc2)nc2nc(-c3ccco3)nn12,6.74
A2A,CHEMBL3314884,C=C(OCC)c1cnc(NC(=O)NC2CCCCC2)n2nc(-c3ccco3)nc12,6.74
A2A,CHEMBL3742158,CCCn1c(-c2ccco2)nc2c(NCCCc3ccccc3)ncnc21,6.74
A2A,CHEMBL5410668,COc1cccc(Cn2ccc(-c3cc(-c4cccc(C#N)c4C)nc(N)n3)cc2=O)c1,6.74
A2A,CHEMBL5778247,COc1ccc(CNc2nc3c(OC)cc(F)cc3c3nc([C@H]4C[C@@H](F)CN(c5cnn(CC(C)(C)O)c5)C4)nn23)c(OC)c1,6.74
A2A,CHEMBL275427,CCCn1c(=O)c2nc(-c3ccc(OCC(=O)Nc4ccc(Cl)cc4)cc3)[nH]c2n(CCC)c1=O,6.73
A2A,CHEMBL122685,CCCCc1nc2[nH]cnc2c2nc(-c3cccc(C)c3)nn12,6.73
A2A,CHEMBL203413,CCn1c(=O)c2[nH]c(-c3ccc(OCC(=O)Nc4ccccc4)cc3)cc2n(CC)c1=O,6.73
A2A,CHEMBL201580,COc1cc(OCC(=O)NCc2ccc(Cl)cc2)ccc1-c1cc2c([nH]1)c(=O)n(C)c(=O)n2C,6.73
A2A,CHEMBL378383,CCCn1c(=O)c2nc(-c3cc(OCC(=O)c4ccc(F)cc4)n(C)n3)[nH]c2n(CCC)c1=O,6.73
A2A,CHEMBL502005,O=C(Nc1nc2ccccc2n2c(=O)n(-c3ccccc3)nc12)c1ccncc1,6.73
A2A,CHEMBL578649,O=C(Cc1c(Cl)cccc1Cl)Nc1nc2nn(CCCc3ccccc3)cc2c2nc(-c3ccco3)nn12,6.73
A2A,CHEMBL1078348,Cc1ccc(C(=O)c2nc(NCc3ccccn3)nc3ccsc23)s1,6.73
A2A,CHEMBL2180916,CONc1nc2nn(C)cc2c2nc(-c3ccco3)nn12,6.73
A2A,CHEMBL3314901,CCOC(=O)c1cnc(NCc2ccc(-c3ccccc3)cc2)n2nc(-c3ccco3)nc12,6.73
A2A,CHEMBL3677911,CCN(C(=O)c1ccc(C(=O)c2cnc3ccccn23)cc1)c1ccccc1,6.73
A2A,CHEMBL5826653,CC(=O)Nc1cc(-c2nnc(N)nc2-c2ccccc2)ccc1O,6.73
A2A,CHEMBL16997,CCCn1c(=O)c2nc(-c3ccc(/C=C/C(=O)O)cc3)[nH]c2n(CCC)c1=O,6.72
A2A,CHEMBL109753,Nc1cc(C(=O)N2CCCCC2)cn2nc(-c3ccco3)nc12,6.72
A2A,CHEMBL112249,Nc1cc(C(=O)N2CCCC2)cn2nc(-c3ccccn3)nc12,6.72
A2A,CHEMBL340657,CCCCc1nc2[nH]ncc2c2nc(-c3ccccc3)nn12,6.72
A2A,CHEMBL318928,COc1ccc(-c2cnn(-c3nc(N)c4ncn([C@@H]5O[C@H](CO)[C@@H](O)[C@H]5O)c4n3)c2)cc1,6.72
A2A,CHEMBL374938,Oc1nc2c(-c3ccccc3)cc(-c3ccccc3)nc2[nH]1,6.72
A2A,CHEMBL221486,CC(C)Cc1nc2c(-c3ccccc3)cc(-c3ccccc3)nc2[nH]1,6.72
A2A,CHEMBL388113,O=C(Nc1cc(-c2ccccc2)nc(-c2ccccc2)n1)C1CC1,6.72
A2A,CHEMBL272889,Cc1cc(C)n(-c2nc(NC(=O)CN3CCN(C)CC3)cc(-c3ocnc3C)n2)n1,6.72
A2A,CHEMBL513519,N#Cc1c(-c2ccc(Cl)c(Cl)c2)cc(-c2ccco2)nc1N,6.72
A2A,CHEMBL1222242,CCOCc1sc(NC(=O)c2ccco2)nc1-c1ccccc1,6.72
A2A,CHEMBL1222302,CC(=O)Nc1nc(-c2ccccc2)c(-c2noc(C)n2)s1,6.72
A2A,CHEMBL1221459,Cc1noc(-c2sc(NC(=O)c3ccccc3)nc2-c2ccccc2)n1,6.72
A2A,CHEMBL1671917,CCCCC(=O)Nc1ccc(C(=O)Nc2nccs2)cc1,6.72
A2A,CHEMBL4065629,CCCn1c(=O)c2[nH]c(-c3cnn(CC4CC(=O)N(c5ccc(F)cc5)C4)c3)nc2n(CC)c1=O,6.72
A2A,CHEMBL4440526,CCCn1c(=O)[nH]c2nc(-c3ccc(S(=O)(=O)N4CCN(Cc5cccc(C)c5)CC4)cc3)[nH]c2c1=O,6.72
A2A,CHEMBL4521517,Cn1c(=O)c2c(nc3n2CCCN3Cc2c(F)cccc2Cl)n(C)c1=O,6.72
A2A,CHEMBL5092947,N#Cc1c(-c2cccc(Cl)c2)nc(N)nc1-c1cc(Cl)cc(Cl)c1,6.72
A2A,CHEMBL6162835,N#Cc1c(N)nc(N2CCCCC2)c(C#N)c1-c1cccc(-c2cccc(F)c2)c1,6.72
A2A,CHEMBL261623,CCCCC#Cc1nc(NC(C)C)c2ncn([C@@H]3O[C@H](CO)[C@@H](O)[C@H]3O)c2n1,6.71
A2A,CHEMBL433162,Nc1cc(C(=O)N2CCCC2)cn2nc(-c3cccs3)nc12,6.71
A2A,CHEMBL380481,CCCn1c(=O)n(C)c(=O)c2[nH]c(-c3ccc(OCC(=O)Nc4ccccc4)cc3)cc21,6.71
A2A,CHEMBL219160,c1ccc(-c2cc(-c3ccccc3)c3nc(C4CCCCC4)[nH]c3n2)cc1,6.71
A2A,CHEMBL375631,O=C(Nc1cc(-c2ccccc2)nc(-c2ccccc2)n1)C1CCCC1,6.71
A2A,CHEMBL459312,Nc1nc(-c2ccco2)c2nn[nH]c2n1,6.71
A2A,CHEMBL460170,COCCNc1nc(-c2ccco2)c(C(=O)c2ccccc2)s1,6.71
A2A,CHEMBL574323,Cn1cc2c(nc(NC(=O)Cc3ccc(-c4ccccc4)cc3)n3nc(-c4ccco4)nc23)n1,6.71
A2A,CHEMBL1093431,Nc1nc2nn(CCc3ccccc3)cc2c2nc(-c3ccccc3)nn12,6.71
A2A,CHEMBL225460,O=C(Nc1nc(-c2ccccc2)cc(-c2ccccc2)n1)C1CCCC1,6.71
A2A,CHEMBL1672614,CC(C)C(=O)Nc1cnc(-c2ccncc2)c(-c2ccco2)n1,6.71
A2A,CHEMBL2391833,O=C(Nc1nc(-c2ccccc2)c(-c2ccccn2)s1)c1ccco1,6.71
A2A,CHEMBL3753604,CNc1nc(NC(=O)c2ccccc2)n2nc(-c3ccco3)nc2n1,6.71
A2A,CHEMBL3797284,Nc1nc(-c2ccco2)nc2cn(-c3ccccc3)nc12,6.71
A2A,CHEMBL4103146,CNC(=O)[C@H]1[Se][C@@H](n2cnc3c(NCc4ccc5ccccc5c4)ncnc32)[C@H](O)[C@@H]1O,6.71
A2A,CHEMBL4278397,CNc1ncc(C(=O)OCc2ccc(OC)cc2)c2nc(-c3ccco3)nn12,6.71
A2A,CHEMBL4290021,CNc1ncc(C(=O)OC(c2ccccc2)c2ccccc2)c2nc(-c3ccco3)nn12,6.71
A2A,CHEMBL4456096,CCCn1c(=O)[nH]c2nc(-c3ccc(S(=O)(=O)N4CCN(c5cccc(OC)c5)CC4)cc3)[nH]c2c1=O,6.71
A2A,CHEMBL4440479,Cn1cc2c(nc(NCCCNC(=O)OC(C)(C)C)n3nc(-c4ccco4)nc23)n1,6.71
A2A,CHEMBL4637897,Nc1nc(-c2ccc(OCC(O)CN3CCOCC3)cc2)cn2c(=O)n(-c3ccccc3)nc12,6.71
A2A,CHEMBL5433808,Cc1c(C#N)cccc1-c1cc(-c2ccn(Cc3cccc(C#N)c3)c(=O)c2)nc(N)n1,6.71
A2A,CHEMBL164281,Cn1cc2c(nc(NC(=O)Nc3ccccc3Cl)n3nc(-c4ccco4)nc23)n1,6.7
A2A,CHEMBL307199,OC[C@H]1O[C@@H](n2cnc3c(NCc4cccc(I)c4)nc(Cl)nc32)[C@H](O)[C@@H]1O,6.7
A2A,CHEMBL342906,O=C(Nc1cccc(Cl)c1)Nc1nc2nn(CCCc3ccccc3)cc2c2nc(-c3ccco3)nn12,6.7
A2A,CHEMBL122511,CCCCCc1nc2[nH]cnc2c2nc(-c3ccccc3)nn12,6.7
A2A,CHEMBL200072,Cc1ccccc1CNc1nc(Cl)nc2c1ncn2[C@@H]1S[C@H](C(=O)NC2CC2)[C@@H](O)[C@H]1O,6.7
A2A,CHEMBL261722,Cn1c(=O)c2[nH]c(-c3cnn(Cc4cccc(F)c4)c3)nc2n(C)c1=O,6.7
A2A,CHEMBL223828,N#Cc1c(-c2ccc(Cl)cc2)cc(-c2ccccc2)nc1N,6.7
A2A,CHEMBL411482,CC(=O)Nc1nc2ccccc2n2nc(-c3ccco3)nc12,6.7
A2A,CHEMBL449133,CCCn1c(=O)c2[nH]c(-c3ccc(OC)cc3)cc2n(CCC)c1=O,6.7
A2A,CHEMBL1094986,Cc1cc(C)nc(NC(=N)NCCc2c[nH]c3ccc(F)cc23)n1,6.7
A2A,CHEMBL1098439,Cc1cccc(O[C@H](C)C(=O)Nc2nc(-c3ccccc3)n[nH]2)c1,6.7
A2A,CHEMBL1221455,Cc1noc(-c2sc(NC(=O)c3ccco3)nc2-c2ccccc2)n1,6.7
A2A,CHEMBL1650342,CCCC(=O)Nc1nc(-c2cccs2)cc(-c2cccs2)n1,6.7
A2A,CHEMBL1671930,Cc1cc(NC(=O)CC(C)(C)C)ccc1C(=O)Nc1nccs1,6.7
A2A,CHEMBL1760896,CCN(C(C)=O)c1ccc(OC)c2nc(NC(=O)[C@H]3CC[C@H](NS(=O)(=O)c4cccc(C(F)(F)F)c4)CC3)sc12,6.7
A2A,CHEMBL1927631,Nc1nc(O)nc2nc(-c3ccco3)nn12,6.7
A2A,CHEMBL1935748,CCCn1cc2nc(NC(=O)Nc3ccc(OC)cc3)n3nc(-c4ccco4)nc3c2c1,6.7
A2A,CHEMBL2151131,COc1ccccc1C(=O)Nc1nc(-c2ccccc2)n[nH]1,6.7
A2A,CHEMBL2151132,COc1ccccc1NC(=O)Nc1nc(-c2ccccc2)n[nH]1,6.7
A2A,CHEMBL3222057,Cc1ccc(-c2nc(N)c3cc(CN4CCc5ccccc5C4)sc3n2)o1,6.7
A2A,CHEMBL3828082,OC[C@@H]1CCCN1c1ncnc2sc(Nc3ccccc3)nc12,6.7
A2A,CHEMBL3892915,C#CCCCC(=O)Nc1nc2nn(C)cc2c2nc(-c3ccco3)nn12,6.7
A2A,CHEMBL4281181,Nc1cc(-c2ccccc2)c2oc(-c3ccco3)nc2c1,6.7
A2A,CHEMBL4762320,C#CCCCNC(=O)Nc1nc2nn(C)cc2c2nc(-c3ccco3)nn12,6.7
A2A,CHEMBL4791612,Nc1nc(-c2ccccc2)c2ccccc2n1,6.7
A2A,CHEMBL199330,Cn1c(=O)c2[nH]c(-c3cccc(OCC(=O)Nc4ccccc4)c3)cc2n(C)c1=O,6.69
A2A,CHEMBL258900,OCCNc1nc(-c2ccco2)c2sccc2n1,6.69
A2A,CHEMBL409879,Nc1nc(-c2ccco2)c2ncn(C(=O)Nc3ccccc3)c2n1,6.69
A2A,CHEMBL515088,COc1ccccc1Cn1c(=O)n(-c2cccc(OC(F)(F)F)c2)c2nc(NC3CC3)ncc21,6.69
A2A,CHEMBL515190,COC(=O)[C@H]1CCCN1c1cc(NC(C)=O)nc(-n2nc(C)cc2C)n1,6.69
A2A,CHEMBL550638,CCn1c(=O)c2[nH]c(-c3ccc(OCC(=O)Nc4nc5ccccc5[nH]4)cc3)nc2n(CCCOC)c1=O,6.69
A2A,CHEMBL2377108,Cc1ccc(-c2nc(N)c3cc(CCc4ccccc4)sc3n2)o1,6.69
A2A,CHEMBL3928902,Cn1cc2c(nc(NC(=O)Nc3ccc(CC(=O)NCCCCCN)cc3)n3nc(-c4ccco4)nc23)n1,6.69
A2A,CHEMBL4441276,CCCn1c(=O)[nH]c2nc(-c3ccc(S(=O)(=O)N4CCN(c5ccccc5Cl)CC4)cc3)[nH]c2c1=O,6.69
A2A,CHEMBL4540395,Cn1c(=O)c2c(nc3n2CCN(Cc2csc(-c4cccs4)n2)C3)n(C)c1=O,6.69
A2A,CHEMBL4794804,Cn1cc2c(nc(NC(=O)Nc3ccc(CC(=O)OCCCCCN)cc3)n3nc(-c4ccco4)nc23)n1.O=C(O)C(F)(F)F,6.69
A2A,CHEMBL5093850,Nc1nc(-c2ccc(OCCCN3CCCCC3)cc2)c2c(n1)-c1ccc(OCCCN3CCCCC3)cc1C2=O,6.69
A2A,CHEMBL5834045,COc1cc2nc(N)n3nc([C@@H]4CCCN(c5cnn(CCC[C@@H](C)O)c5)C4)nc3c2cc1F,6.69
A2A,CHEMBL105000,CSc1cc(-c2ccccc2)nc2nc(C)ccc12,6.68
A2A,CHEMBL97337,Cc1ccc2c(N)cc(-c3ccccc3)nc2n1,6.68
A2A,CHEMBL2113457,O=C(N/N=N/c1nc(NC2CCCC2)c2ncn([C@@H]3O[C@H](CO)[C@@H](O)[C@H]3O)c2n1)Nc1ccccc1,6.68
A2A,CHEMBL125647,CCCCc1nc2[nH]cnc2c2nc(-c3ccco3)nn12,6.68
A2A,CHEMBL383836,CCNC(=O)[C@H]1O[C@@H](n2cnc3c(NCC)nc(C#CC(O)c4cccc(OC)c4)nc32)[C@H](O)[C@@H]1O,6.68
A2A,CHEMBL448781,N#Cc1c(-c2ccc(Cl)c(Cl)c2)cc(-c2cccnc2)nc1N,6.68
A2A,CHEMBL222496,O=C(Nc1cc(-c2ccccc2)nc(-c2ccccc2)n1)C1CCCCC1,6.68
A2A,CHEMBL408185,CCCn1c(=O)n(C)c(=O)c2[nH]c(-c3ccc(OCC(=O)N4CCc5ccccc5C4)cc3)cc21,6.68
A2A,CHEMBL473648,O=c1n(-c2ccccc2)nc2c(NC3CCCCC3)nc3ncccc3n12,6.68
A2A,CHEMBL473649,O=c1n(-c2ccccc2)nc2c(NC3CCCC3)nc3ncccc3n12,6.68
A2A,CHEMBL473839,O=C(Cc1ccccc1)Nc1nc2ncccc2n2c(=O)n(-c3ccccc3)nc12,6.68
A2A,CHEMBL560967,CCn1c(=O)c2[nH]c(-c3ccc[nH]3)nc2n(CCCOC)c1=O,6.68
A2A,CHEMBL574484,O=C(Cc1ccc(F)cc1)Nc1nc2nn(CCCc3ccccc3)cc2c2nc(-c3ccco3)nn12,6.68
A2A,CHEMBL1081811,CC(=O)Nc1ccc(-c2ccncc2)c(-c2ccco2)n1,6.68
A2A,CHEMBL1270005,COCCCn1c(NC(=O)c2cccc(F)c2)nc2cc(C(=O)NCc3cccc(OC)c3)ccc21,6.68
A2A,CHEMBL1760899,CCN(C(C)=O)c1ccc(OC)c2nc(NC(=O)N3CCC(O)(c4cccc(C(F)(F)F)c4)CC3)sc12,6.68
A2A,CHEMBL1935765,CCCn1cc2nc(NC(=O)Nc3ccc(OC)cc3)n3nc(-c4ccco4)nc3c2n1,6.68
A2A,CHEMBL1235128,CCCNC(=O)[C@H]1O[C@@H](n2cnc3c(N)ncnc32)[C@H](O)[C@@H]1O,6.68
A2A,CHEMBL2180911,CCC(CO)Nc1nc2nn(C)cc2c2nc(-c3ccco3)nn12,6.68
A2A,CHEMBL2181148,CCNc1nc2nn(C)cc2c2nc(-c3ccco3)nn12,6.68
A2A,CHEMBL2377087,Nc1nc(-c2ccccc2)nc2sc(-c3ccccc3)cc12,6.68
A2A,CHEMBL3222094,Cc1csc(-c2nc(N)c3cc(CN4CCOCC4)sc3n2)n1,6.68
A2A,CHEMBL3314900,CCOC(=O)c1cnc(NCc2ccc(C(F)(F)F)cc2)n2nc(-c3ccco3)nc12,6.68
A2A,CHEMBL3314914,CCOC(=O)c1cnc(NOC)n2nc(-c3ccco3)nc12,6.68
A2A,CHEMBL4287056,O=C(CN1CCCCC1)Nc1cc(-c2ccco2)c2oc(-c3ccco3)nc2c1,6.68
A2A,CHEMBL4567785,CCCn1c(=O)[nH]c2nc(-c3ccc(S(=O)(=O)N4CCN(Cc5ccc(N=[N+]=[N-])cc5)CC4)cc3)[nH]c2c1=O,6.68
A2A,CHEMBL4453624,Nc1nc(N/N=C/c2ccc(-c3ccccn3)cc2)nc2c1ncn2[C@@H]1O[C@H](CO)[C@@H](O)[C@H]1O,6.68
A2A,CHEMBL5081105,Cc1ccc(-c2nc(N)nc3c2ncc(=O)n3CCc2ccccc2)o1,6.68
A2A,CHEMBL416956,OC(c1cc(C(F)(F)F)nc2c(C(F)(F)F)cccc12)C1CCCCN1,6.68
A2A,CHEMBL5841235,COc1cc(F)cc2c1nc(N)n1nc([C@H]3CC[C@H](C)N(c4cn(CC(C)(C)O)nc4C)C3)nc21,6.68
A2A,CHEMBL6171447,N#Cc1c(N)nc(N2CCCCC2)c(C#N)c1-c1cc(Cl)ccc1F,6.68
A2A,CHEMBL6174991,Cc1cccc(-c2cccc(-c3c(C#N)c(N)nc(N4CCCCC4)c3C#N)c2)c1,6.68
A2A,CHEMBL82197,Cc1[nH]c2nc(-c3ccccc3)nc(NCCN3CCNC3=O)c2c1C,6.67
A2A,CHEMBL122396,COc1ccc(-c2c(C#N)c(N)nc(SCc3ncc[nH]3)c2C#N)cc1,6.67
A2A,CHEMBL199884,Cn1c(=O)c2[nH]c(-c3ccc(OCC(=O)NC4CCc5ccccc54)cc3)cc2n(C)c1=O,6.67
A2A,CHEMBL491311,COc1cccc(-n2c(=O)n(Cc3c(F)cccc3F)c3cnc(NC4CCCC4)nc32)c1,6.67
A2A,CHEMBL560905,CCn1c(=O)c2[nH]c(-c3ccc(OCC(=O)Nc4ccon4)cc3)nc2n(CCCOC)c1=O,6.67
A2A,CHEMBL578224,Cn1cc2c(nc(NC(=O)C(c3ccccc3)c3ccccc3)n3nc(-c4ccco4)nc23)n1,6.67
A2A,CHEMBL1927439,Nc1nc(N2CCN(C(=O)c3ccc([N+](=O)[O-])cc3)CC2)nc2nc(-c3ccco3)nn12,6.67
A2A,CHEMBL2377101,Nc1nc(-c2cccnc2)nc2sc(Cc3ccccc3)cc12,6.67
A2A,CHEMBL3317560,COc1ccccc1Cc1nc(N)c2nn(-c3ccccc3)cc2n1,6.67
A2A,CHEMBL3314891,CCCCC(CC)CNc1ncc(C(=O)OCC)c2nc(-c3ccco3)nn12,6.67
A2A,CHEMBL4128787,COc1cccc(CNc2nc(N)c3nc(C)sc3n2)c1,6.67
A2A,CHEMBL4173347,CCn1c(-c2ccccc2)nc2c(N)ncnc21,6.67
A2A,CHEMBL4458815,Nc1nc(N/N=C/c2ccc(-n3ccnc3)cc2)nc2c1ncn2[C@@H]1O[C@H](CO)[C@@H](O)[C@H]1O,6.67
A2A,CHEMBL5079711,COc1ccc(N2CCN(CCn3c(=O)cnc4c(-c5ccc(C)o5)nc(N)nc43)CC2)nc1,6.67
A2A,CHEMBL5836223,Cc1ccc(Cn2c(=O)[nH]c3c(-c4ccc(C)o4)nc(N)nc32)c(C(F)(F)F)c1,6.67
A2A,CHEMBL2113418,CCNC(=O)[C@H]1O[C@@H](n2cnc3c(N)ncnc32)[C@](C)(O)[C@@H]1O,6.66
A2A,CHEMBL210319,CCCn1c(=O)c2nc(-c3cnn(CCCc4ccccc4)c3)[nH]c2n(CCC)c1=O,6.66
A2A,CHEMBL427911,CCCCn1c(=O)c2[nH]c(-c3cnn(Cc4cccc(F)c4)c3)nc2n(C)c1=O,6.66
A2A,CHEMBL564680,CCn1c(=O)c2[nH]c(-c3cccs3)nc2n(CCCOC)c1=O,6.66
A2A,CHEMBL551177,Nc1nc(NC(=O)c2cccnc2)c([N+](=O)[O-])c(-c2ccco2)n1,6.66
A2A,CHEMBL597559,CCn1c(=O)c2c(nc(Cc3ccco3)n2C)n(Cc2cccs2)c1=O,6.66
A2A,CHEMBL1077751,Cc1ccc(C(=O)c2nc(N)nc3ccsc23)s1,6.66
A2A,CHEMBL1221507,CCn1nnc(-c2sc(NC(=O)c3ccccc3)nc2-c2ccccc2)n1,6.66
A2A,CHEMBL1671925,Cc1nc(NC(=O)c2ccc(NC(=O)CC(C)(C)C)cc2)sc1C,6.66
A2A,CHEMBL1671916,Cc1ccccc1C(=O)Nc1ccc(C(=O)Nc2nccs2)cc1,6.66
A2A,CHEMBL1770169,CC(=O)NCCn1cc(CCCCC(=O)NCCNC(=O)COc2ccc(CCCn3ncc4c3nc(N)n3nc(-c5ccco5)nc43)cc2)nn1,6.66
A2A,CHEMBL4127472,Nc1nc(NCc2cccs2)nc2sc(-c3cnccn3)nc12,6.66
A2A,CHEMBL4210592,CCOc1ccc(-c2c(C#N)c(N)nc(SCc3ncc[nH]3)c2C#N)cc1,6.66
A2A,CHEMBL4549506,Cn1c(=O)c2c(nc3n2CCN(Cc2csc(-c4ccc(C(F)(F)F)cc4)n2)C3)n(C)c1=O,6.66
A2A,CHEMBL4548689,Nc1nc(NCc2ccccc2)nc(-c2ccccc2CO)n1,6.66
A2A,CHEMBL5856967,NC(=O)c1ccc(CC2OC(=O)c3c(-c4ccco4)nc(N)nc32)cc1,6.66
A2A,CHEMBL1215030,N#Cc1c(N)nc(N2CCCCC2)c(C#N)c1-c1ccccc1,6.66
A2A,CHEMBL17294,CCCn1c(=O)c2nc(-c3ccc(/C=C/C(=O)NN4C(=O)C(C)=C(C)C4=O)cc3)[nH]c2n(CCC)c1=O,6.65
A2A,CHEMBL200732,CNC(=O)[C@H]1S[C@@H](n2cnc3c(NCc4cccc(I)c4)nc(Cl)nc32)[C@H](O)[C@@H]1O,6.65
A2A,CHEMBL370629,CCCn1c(=O)c2[nH]c(-c3ccc(OCC(=O)Nc4ccc(CC(=O)O)cc4)cc3)cc2n(CCC)c1=O,6.65
A2A,CHEMBL202665,CCCn1c(=O)c2[nH]c(-c3ccc(OCC(=O)Nc4ccccc4)cc3)cc2n(CCC)c1=O,6.65
A2A,CHEMBL411275,CCCn1c(=O)c2[nH]c(-c3ccc(OCC(=O)N4CCN(c5ccccc5Cl)CC4)cc3)cc2n(C)c1=O,6.65
A2A,CHEMBL409126,CCCC(=O)Nc1cc(-c2ccc3c(c2)OCO3)nc(-c2ccccc2)n1,6.65
A2A,CHEMBL1935764,COc1ccc(NC(=O)Nc2nc3cn(C)nc3c3nc(-c4ccco4)nn23)cc1,6.65
A2A,CHEMBL2070508,Nc1ncnc2c1ncn2[C@@H]1O[C@H](C(=O)NC2CCCC2)[C@@H](O)[C@H]1O,6.65
A2A,CHEMBL2377096,N#Cc1cccc(-c2nc(N)c3cc(C4(c5ccccc5)CC4)sc3n2)c1,6.65
A2A,CHEMBL4539755,CCCOc1ccc(/C=N/Nc2nc(N)c3ncn([C@@H]4O[C@H](CO)[C@@H](O)[C@H]4O)c3n2)cc1,6.65
A2A,CHEMBL4557518,N#Cc1c(N)nc(SCC(=O)c2ccccc2)c(C#N)c1-c1ccco1,6.65
A2A,CHEMBL5082528,COc1ccc(N2CCN(CCn3c(=O)cnc4c(-c5ccc(C)o5)nc(N)nc43)C[C@@H]2C)cc1,6.65
A2A,CHEMBL5886902,Cc1ccc(CCNC(=O)c2nc(N)nc3c(F)cccc23)nc1,6.65
A2A,CHEMBL329293,Cc1ccc2c(S)cc(-c3ccccc3)nc2n1,6.64
A2A,CHEMBL323303,Cc1ccc2c(O)cc(-c3cccc(N)c3)nc2n1,6.64
A2A,CHEMBL107446,Cc1cccc(-n2cc3c(n2)c(N)nc2ccccc23)c1,6.64
A2A,CHEMBL380176,CCCn1c(=O)c2nc(-c3cn[nH]c3)[nH]c2n(CCC)c1=O,6.64
A2A,CHEMBL208110,CCCn1c(=O)c2nc(-c3cnn(Cc4ccccc4C(F)(F)F)c3)[nH]c2n(CCC)c1=O,6.64
A2A,CHEMBL251869,CCCn1c(=O)c2[nH]c(-c3cnn(Cc4cccc(F)c4)c3)nc2n(CCC)c1=O,6.64
A2A,CHEMBL221343,CC(C)c1nc2c(-c3ccccc3)cc(-c3ccccc3)nc2[nH]1,6.64
A2A,CHEMBL224835,O=C(Nc1nc(-c2ccccc2)cc(-c2ccccc2)n1)C1CC1,6.64
A2A,CHEMBL260490,CCn1c(=O)c2[nH]c(-c3cnn(Cc4cccc(F)c4)c3)nc2n(C)c1=O,6.64
A2A,CHEMBL500569,O[C@@H]1[C@H](O)CS[C@H]1n1cnc2c(NCc3cccc(I)c3)ncnc21,6.64
A2A,CHEMBL565192,CCn1c(=O)c2[nH]c(-c3ccc(OCC(=O)NN4CCc5ccccc5C4)cc3)nc2n(CCCOC)c1=O,6.64
A2A,CHEMBL1098075,O=C(Nc1nc(-c2ccccc2)nc2nn(CCc3ccccc3)cc12)c1ccccc1,6.64
A2A,CHEMBL1760892,CCN(C(C)=O)c1ccc(OC)c2nc(NC(=O)C3CCN(C(=O)c4cccc(C(F)(F)F)c4)CC3)sc12,6.64
A2A,CHEMBL3091482,C#CCn1c(=O)c2c(nc3n2CCCN3C2CCC2)n(C)c1=O,6.64
A2A,CHEMBL3222064,Nc1nc(-c2ccco2)nc2sc(CN3CCC(=O)CC3)cc12,6.64
A2A,CHEMBL4582207,Cn1c(=O)c2c(nc3n2CCN(CCCc2ccc(Cl)cc2)C3)n(C)c1=O,6.64
A2A,CHEMBL4641290,Nc1nc(-c2ccc(OCCN3CCCC3)cc2)cn2c(=O)n(-c3ccccc3)nc12,6.64
A2A,CHEMBL4744151,CCOC(=O)CCCNc1nc2nn(C)cc2c2nc(-c3ccco3)nn12,6.64
A2A,CHEMBL5922314,Nc1nc(C(=O)NCc2ncccn2)c2cccc(I)c2n1,6.64
A2A,CHEMBL5772087,Cc1cnc2ccc(-c3c(N4CC5(COC5)C4)nc(N)n4nc(Cc5ncccc5F)nc34)cn12,6.64
A2A,CHEMBL221155,N#Cc1c(N)nc2c(c1-c1ccc(F)cc1)CCC2,6.63
A2A,CHEMBL430050,CCn1c(=O)n(CC2CC2)c(=O)c2[nH]c(-c3cn[nH]c3)nc21,6.63
A2A,CHEMBL259342,CCn1c(=O)c2[nH]c(-c3cnn(Cc4cccc(C(F)(F)F)c4)c3)nc2n(C)c1=O,6.63
A2A,CHEMBL482648,CCn1c(=O)[nH]c2nc(-c3ccc(S(=O)(=O)N4CCN(Cc5ccc(OC)cc5)CC4)cc3)[nH]c2c1=O,6.63
A2A,CHEMBL1271224,N#Cc1cccc(C(=O)Nc2nc3cc(C(=O)N4CCCCC4)cnc3n2Cc2cccnc2)c1,6.63
A2A,CHEMBL2181161,Cn1cc2c(nc(NC3CCCCC3)n3nc(-c4ccco4)nc23)n1,6.63
A2A,CHEMBL3314904,CCOC(=O)c1cnc(NC2CCCCCC2)n2nc(-c3ccco3)nc12,6.63
A2A,CHEMBL3416807,CCNC(=O)[C@H]1O[C@@H](n2cnc3c(N)nc(N4CCN(c5ccc(OCc6ccc(F)cc6)cc5)CC4)nc32)[C@H](O)[C@@H]1O,6.63
A2A,CHEMBL3752753,CNc1nc(NCc2ccc(F)cc2)n2nc(-c3ccco3)nc2n1,6.63
A2A,CHEMBL4094093,Nc1nc(-c2ccccc2)cn2c(=O)n(-c3ccccc3O)nc12,6.63
A2A,CHEMBL4521591,Cl.Cn1cc2c(nc(NN)n3nc(-c4ccco4)nc23)n1,6.63
A2A,CHEMBL277386,CCCn1c(=O)c2nc(-c3ccc(OCC(=O)Nc4ccc(C(F)(F)F)cc4)cc3)[nH]c2n(CCC)c1=O,6.62
A2A,CHEMBL112923,O=c1c2c(nc3ccccn32)n(Cc2ccccc2)c(=O)n1CC1CC1,6.62
A2A,CHEMBL199722,CCCn1c(=O)c2[nH]c(-c3ccc(OCC(=O)Nc4ccc(CC(=O)OCC)cc4)cc3)cc2n(CCC)c1=O,6.62
A2A,CHEMBL232096,OCc1cnn(-c2nc(Nc3ccc4ccccc4n3)c3ncn([C@@H]4O[C@H](CO)[C@@H](O)[C@H]4O)c3n2)c1,6.62
A2A,CHEMBL259871,CCCn1c(=O)c2[nH]c(-c3ccc(OC(C)C(=O)N4CCN(c5ccccc5)CC4)cc3)cc2n(CCC)c1=O,6.62
A2A,CHEMBL259104,O=C(COc1ccc(-c2cc3c([nH]2)c(=O)n(CC2CC2)c(=O)n3CC2CC2)cc1)N1CCc2ccccc2C1,6.62
A2A,CHEMBL406499,Nc1nc(-c2ccco2)c2cc[nH]c2n1,6.62
A2A,CHEMBL460976,NCc1ccc(Cn2nnc3c(-c4ccco4)nc(N)nc32)cc1,6.62
A2A,CHEMBL461858,Nc1nc(-c2cc[nH]n2)c2nnn(Cc3ccccc3F)c2n1,6.62
A2A,CHEMBL457880,CCCn1c(=O)c2c(cc(-c3ccc(N)cc3)n2O)n(CCC)c1=O,6.62
A2A,CHEMBL595658,CCCn1c(=O)c2c(nc(Cc3cccs3)n2C)n(Cc2ccco2)c1=O,6.62
A2A,CHEMBL1081971,O=C(Nc1ccc(-c2ccncn2)c(-c2ccco2)n1)C1CC1,6.62
A2A,CHEMBL1760900,CCN(C(C)=O)c1ccc(OC)c2nc(NC(=O)N3CCC(c4cccc(C(F)(F)F)c4)CC3)sc12,6.62
A2A,CHEMBL3222100,Nc1nc(-c2cocn2)nc2sc(CN3CC=CC3)cc12,6.62
A2A,CHEMBL3222091,Nc1nc(-c2ncco2)nc2sc(CN3CC=CC3)cc12,6.62
A2A,CHEMBL3222092,Nc1nc(-c2ncco2)nc2sc(CN3CC=CCC3)cc12,6.62
A2A,CHEMBL3222101,Nc1nc(-c2cocn2)nc2sc(CN3CC=CCC3)cc12,6.62
A2A,CHEMBL3401304,CCN(CC)CCCCCC(=O)Nc1ccc(C(=O)Nc2nccs2)cc1,6.62
A2A,CHEMBL3414939,CCn1nnc([C@H]2O[C@@H](n3cnc4c(NC)nc(Cl)nc43)[C@H](O)[C@@H]2O)n1,6.62
A2A,CHEMBL3416776,CCNC(=O)[C@H]1O[C@@H](n2cnc3c(N)nc(NCCCN4CCN(c5ccccc5)CC4)nc32)[C@H](O)[C@@H]1O,6.62
A2A,CHEMBL3799771,Nc1nc(CCCc2ccccc2)nc2cn(-c3ccccc3O)nc12,6.62
A2A,CHEMBL4068634,CNC(=O)[C@H]1[Se][C@@H](n2cnc3c(NCc4cccc(Cl)c4)nc(Cl)nc32)[C@H](O)[C@@H]1O,6.62
A2A,CHEMBL4130185,COc1ccc(-c2cn3cc(-c4ccco4)ccc3n2)cc1OC,6.62
A2A,CHEMBL4529435,CCCn1c(=O)[nH]c2nc(-c3ccc(S(=O)(=O)N4CCN(Cc5ccc(OCCO)cc5)CC4)cc3)[nH]c2c1=O,6.62
A2A,CHEMBL4451808,Nc1nc(N/N=C/c2ccc(Br)cn2)nc2c1ncn2[C@@H]1O[C@H](CO)[C@@H](O)[C@H]1O,6.62
A2A,CHEMBL3980673,CCn1c(=O)c2c(nc(COc3ccc(OC)cc3)n2C)n(CC)c1=O,6.62
A2A,CHEMBL5575304,Cc1c(C#N)cccc1-c1cc(-c2cn(Cc3c[nH]c4cc(C#N)ccc34)nn2)nc(N)n1,6.62
A2A,CHEMBL142562,O=C(Nc1cccc(Cl)c1)Nc1nc2n[nH]cc2c2nc(-c3ccco3)nn12,6.61
A2A,CHEMBL201679,CCCn1c(=O)c2[nH]c(-c3ccc(OCC(=O)Nc4cccc(F)c4)cc3)c(Cl)c2n(CCC)c1=O,6.61
A2A,CHEMBL202828,CC(NC(=O)COc1ccc(-c2cc3c([nH]2)c(=O)n(C)c(=O)n3C)cc1)c1ccccc1,6.61
A2A,CHEMBL385109,CCC(CC)c1nc2c(-c3ccccc3)cc(-c3ccccc3)nc2[nH]1,6.61
A2A,CHEMBL260763,CCCCn1c(=O)c2[nH]c(-c3cnn(Cc4ccccc4)c3)nc2n(C)c1=O,6.61
A2A,CHEMBL2180937,Cn1cc2c(nc(NCc3ccc(C(F)(F)F)cc3)n3nc(-c4ccco4)nc23)n1,6.61
A2A,CHEMBL2181151,CC[C@H](C)Nc1nc2nn(C)cc2c2nc(-c3ccco3)nn12,6.61
A2A,CHEMBL2181150,CCC(C)Nc1nc2nn(C)cc2c2nc(-c3ccco3)nn12,6.61
A2A,CHEMBL2312987,COc1ccc(/C=C/c2cc3c(c(=O)n(C)c(=O)n3C)n2C)cc1,6.61
A2A,CHEMBL2322916,Cc1nc(N)c2nn(-c3ccccc3)cc2n1,6.61
A2A,CHEMBL3763647,CCCCOc1ccnc2c(CNC(=O)c3nc(N)nc4c(F)cccc34)cccc12,6.61
A2A,CHEMBL3827889,Brc1cccc(Nc2nc3c(N4CCCC4)ncnc3s2)c1,6.61
A2A,CHEMBL4454225,Cc1nc(N)c2nc(-c3ccccc3)sc2n1,6.61
A2A,CHEMBL4453324,CCCn1c(=O)[nH]c2nc(-c3ccc(S(=O)(=O)N4CCN(Cc5ccc(OC)c(F)c5)CC4)cc3)[nH]c2c1=O,6.61
A2A,CHEMBL5592547,Cc1c(C#N)cccc1-c1cc(-c2cn(Cc3c[nH]c4ccc(Cl)cc34)nn2)nc(N)n1,6.61
A2A,CHEMBL6032966,CC1(C)C=C(c2nnc(N)nc2-c2ccccc2)CC(C)(C)O1,6.61
A2A,CHEMBL164867,CCn1cc2c(nc(NC(=O)Nc3ccc(S(=O)(=O)O)cc3)n3nc(-c4ccco4)nc23)n1,6.6
A2A,CHEMBL223845,CCNC(=O)[C@H]1O[C@@H](n2cnc3c(N)nc(OCCc4c[nH]c5ccccc45)nc32)[C@H](O)[C@@H]1O,6.6
A2A,CHEMBL223729,Nc1nc(OCCc2c[nH]c3c(Br)cccc23)nc2c1ncn2[C@@H]1O[C@H](CO)[C@@H](O)[C@H]1O,6.6
A2A,CHEMBL611964,CCOc1ccccc1-c1cc(C(=O)NCc2ccccn2)nc(N)n1,6.6
A2A,CHEMBL603094,Nc1ccc(Cl)c2c1C(=O)c1ccccc1C2=O,6.6
A2A,CHEMBL1170518,COc1ccc(NC(C)=O)c2sc(NC(=O)c3ccc(F)cc3)nc12,6.6
A2A,CHEMBL2180913,Cn1cc2c(nc(NCCCCO)n3nc(-c4ccco4)nc23)n1,6.6
A2A,CHEMBL3093310,C#CCn1c(=O)c2c(nc3n2CCCN3Cc2ccccc2)n(C)c1=O,6.6
A2A,CHEMBL3133078,CNC(=O)[C@H]1O[C@@H](n2cnc3c(NCc4cccc(I)c4)nc(N)nc32)[C@H](O)[C@@H]1O,6.6
A2A,CHEMBL3222093,Nc1nc(-c2nccs2)nc2sc(CN3CCOCC3)cc12,6.6
A2A,CHEMBL3916959,COc1ccc(-c2cnc(N)nc2-c2ccccc2)cc1Cl,6.6
A2A,CHEMBL4126042,Cc1cccc(-n2nc(N)c(C(=O)CCc3ccccc3)n2)c1,6.6
A2A,CHEMBL4284097,Nc1cc(NC(=O)CN2CCCCC2)cc2nc(-c3ccco3)oc12,6.6
A2A,CHEMBL4592185,Cl.Cn1cc2c(nc(NCCCN)n3nc(-c4ccco4)nc23)n1,6.6
A2A,CHEMBL4646402,Nc1nc(-c2ccc(OCCO)cc2)cn2c(=O)n(-c3ccccc3)nc12,6.6
A2A,CHEMBL6060468,N#Cc1ccc(CC2OC(=O)c3c(-c4ccco4)nc(N)nc32)cc1,6.6
A2A,CHEMBL5856435,Cc1ccc(-c2nc(N)nc3c2C(=O)OC3Cc2cc(F)ccc2F)o1,6.6
A2A,CHEMBL6162222,Cc1cccc(-c2c(C#N)c(N)nc(N3CCCCC3)c2C#N)c1,6.6
A2A,CHEMBL426565,CC(=O)Nc1cc(-c2ccccc2)nc(-c2ccccc2)n1,6.59
A2A,CHEMBL409514,CCCn1c(=O)c2[nH]c(-c3ccc(OCC(=O)N4CCN(Cc5ccccc5)CC4)cc3)cc2n(CCC)c1=O,6.59
A2A,CHEMBL521785,COc1cccc(-n2c(=O)n(Cc3c(F)cccc3F)c3cnc(NCCN4CCOCC4)nc32)c1,6.59
A2A,CHEMBL572602,O=C(Cc1ccc(-c2ccccc2)cc1)Nc1nc2nn(CCCc3ccccc3)cc2c2nc(-c3ccco3)nn12,6.59
A2A,CHEMBL608093,N#Cc1ccccc1-c1cc(C(=O)NCc2ccccn2)nc(N)n1,6.59
A2A,CHEMBL3677919,CCN(C(=O)c1ccc2nc(-c3cnc4ccccn34)oc2c1)C1CCCCC1,6.59
A2A,CHEMBL203359,CCCn1c(=O)c2[nH]c(-c3ccc(OCC(=O)Nc4ccccc4Cl)cc3)c(Cl)c2n(CCC)c1=O,6.58
A2A,CHEMBL235719,COc1ccc(NC(=O)Nc2nc3ccccc3n3c(=O)c(-c4ccccc4)nn23)cc1,6.58
A2A,CHEMBL407179,CCCn1c(=O)c2[nH]c(-c3ccc(OC(C)(C)C(=O)N4CCN(c5ccccc5)CC4)cc3)cc2n(CCC)c1=O,6.58
A2A,CHEMBL265212,CCCn1c(=O)c2[nH]c(-c3cnn(Cc4ccccc4)c3)nc2n(CC)c1=O,6.58
A2A,CHEMBL404447,Nc1nc(-c2ccco2)c2nc[nH]c2n1,6.58
A2A,CHEMBL491285,COc1cccc(-n2c(=O)n(Cc3c(F)cccc3F)c3cnc(NCCN(C)C)nc32)c1,6.58
A2A,CHEMBL482213,COC[C@H]1CCCN1c1cc(N)nc(-n2nc(C)cc2C)n1,6.58
A2A,CHEMBL2313297,Cn1c(=O)c2c(cc(/C=C/c3ccc(Cl)cc3)n2C)n(C)c1=O,6.58
A2A,CHEMBL2377223,Nc1nc(-c2ccc(C3CC3)o2)nc2sc(Cc3ccccc3)cc12,6.58
A2A,CHEMBL3677907,CCN(C(=O)c1ccc(C(=O)c2cnc3ccccn23)nc1)C1CCCCC1,6.58
A2A,CHEMBL4070713,Nc1nc(Br)cn2cc(-c3ccco3)nc12,6.58
A2A,CHEMBL5209152,CCCn1c(=O)c2c(nc(-c3ccc(OCCCCl)cc3)n2C)n(CCC)c1=O,6.58
A2A,CHEMBL5203631,CCn1c(Br)nc2c(NCCc3ccccc3)cc(N)cc21,6.58
A2A,CHEMBL6062244,Nc1nnc(-c2cc(Cl)cc(C(F)(F)F)c2)c(-c2ncccn2)n1,6.58
A2A,CHEMBL6171242,N#Cc1c(N)nc(N2CCCCC2)c(C#N)c1-c1cccc(-c2ccncc2)c1,6.58
A2A,CHEMBL437842,CCCCC#Cc1nc(NCC)c2ncn([C@@H]3O[C@H](CO)[C@@H](O)[C@H]3O)c2n1,6.57
A2A,CHEMBL194383,Nc1nc(-c2ccco2)c2ncn(CCc3ccccc3)c2n1,6.57
A2A,CHEMBL222201,CCOc1cc(-c2cc(-c3ccc(O)cc3)nc(N)c2C#N)ccc1O,6.57
A2A,CHEMBL220889,CCCCC#Cc1nc(NOC)c2ncn([C@@H]3O[C@H](CO)[C@@H](O)[C@H]3O)c2n1,6.57
A2A,CHEMBL261068,CC(Oc1ccc(-c2cc3c([nH]2)c(=O)n(C)c(=O)n3C)cc1)C(=O)N1CCN(c2ccc(Br)cc2)CC1,6.57
A2A,CHEMBL411452,CCn1c(=O)n(CC2CC2)c(=O)c2[nH]c(-c3cnn(Cc4cccc(C(F)(F)F)c4)c3)nc21,6.57
A2A,CHEMBL488541,CCCn1c(=O)[nH]c2nc(-c3ccc(S(=O)(=O)N4CCN(CCc5ccccc5)CC4)cc3)[nH]c2c1=O,6.57
A2A,CHEMBL1927445,NCCCNc1nc(N)n2nc(-c3ccco3)nc2n1.O=C(O)C(F)(F)F,6.57
A2A,CHEMBL2181152,CC[C@@H](C)Nc1nc2nn(C)cc2c2nc(-c3ccco3)nn12,6.57
A2A,CHEMBL3335526,CCNC(=O)[C@H]1O[C@@H](n2cnc3c(N)nc(NCCc4ccc(CCC(=O)Nc5ccc(O)c([N+](=O)[O-])c5)cc4)nc32)[C@H](O)[C@@H]1O,6.57
A2A,CHEMBL3963331,CCn1nc(-c2cccc(-c3cccc(C(=O)O)c3)c2)cc(NC(=O)Nc2c(Cl)cncc2Cl)c1=O,6.57
A2A,CHEMBL3956455,Cn1cc2c(nc(NC(=O)Nc3ccc(CC(=O)NCCOOCCCCN)cc3)n3nc(-c4ccco4)nc23)n1,6.57
A2A,CHEMBL4170180,Cn1c(-c2cccc(Cl)c2)nc2c(NC3CCCC3)ncnc21,6.57
A2A,CHEMBL4764119,Cn1cc2c(nc(NC(=O)Nc3ccc(CC(=O)OCCOCCOCCN)cc3)n3nc(-c4ccco4)nc23)n1.O=C(O)C(F)(F)F,6.57
A2A,CHEMBL5756168,COCCn1c(=O)n(C(C)C)c(=O)c2c(C)c(CN3CCNC3=O)sc21,6.57
A2A,CHEMBL6176225,Cc1c(C#N)c(N)nc(N2CCCCC2)c1C#N,6.57
A2A,CHEMBL113189,CCN(CC)C(=O)c1cc(N)c2nc(-c3ccc(Br)o3)nn2c1,6.56
A2A,CHEMBL2092786,CNc1nc(C#CC(O)c2ccccc2)nc2c1ncn2[C@@H]1O[C@H](CO)[C@@H](O)[C@H]1O,6.56
A2A,CHEMBL201595,CCCn1c(=O)c2[nH]c(-c3ccc(OCC(=O)Nc4ccc(C)cn4)cc3)cc2n(CCC)c1=O,6.56
A2A,CHEMBL2113271,N=C(N)Nc1nc(OCCc2c[nH]c3ccccc23)nc2c1ncn2[C@@H]1O[C@H](CO)[C@@H](O)[C@H]1O,6.56
A2A,CHEMBL515218,COCC[C@@H]1CCCCN1c1cc(NC(C)=O)nc(-n2nc(C)cc2C)n1,6.56
A2A,CHEMBL484900,CCCn1c(=O)[nH]c2nc(-c3ccc(S(=O)(=O)N4CCN(Cc5cccc(F)c5)CC4)cc3)[nH]c2c1=O,6.56
A2A,CHEMBL583744,CNC(=O)[C@]12C[C@@H]1[C@@H](n1cnc3c(NCc4cccc(Cl)c4)nc(C#CCCCCC(=O)NCCN)nc31)[C@H](O)[C@@H]2O,6.56
A2A,CHEMBL1077943,CNc1cc2nc(NCc3cccnc3)nc(C(=O)c3cccs3)c2s1,6.56
A2A,CHEMBL3416795,CCNC(=O)[C@H]1O[C@@H](n2cnc3c(N)nc(NCCN4CCN(c5ccccc5OC)CC4)nc32)[C@H](O)[C@@H]1O,6.56
A2A,CHEMBL5180593,C#CCn1c(-c2cccc(OCCCCl)c2)nc2c1c(=O)n(CCC)c(=O)n2CCC,6.56
A2A,CHEMBL5169338,Nc1nc(-c2ccco2)c2cnn(CCCCCCCC(=O)NO)c2n1,6.56
A2A,CHEMBL5769412,Nc1nc(-c2ccco2)c2c(n1)C(Cc1ccc(C(F)(F)F)cc1)OC2=O,6.56
A2A,CHEMBL5790846,Nc1nc(-c2ccco2)c2c(n1)[C@H](Cc1ccccc1)OC2,6.56
A2A,CHEMBL201042,CCCn1c(=O)c2[nH]c(-c3ccc(OCC(=O)Nc4ccc(S(=O)(=O)c5ccccc5)cc4)cc3)cc2n(CCC)c1=O,6.55
A2A,CHEMBL204128,Cn1cc2c(nc(NC(=O)Nc3cc[n+](C)cc3)n3nc(-c4ccco4)nc23)n1.[I-],6.55
A2A,CHEMBL210212,CCCn1c(=O)c2nc(-c3cnn(Cc4ccc(F)c(F)c4)c3)[nH]c2n(CCC)c1=O,6.55
A2A,CHEMBL260890,N#Cc1c(NC(=O)C2CCCC2)nc(-c2ccccc2)nc1-c1ccccc1,6.55
A2A,CHEMBL492052,Nc1ccc(Nc2nc(-c3ccccc3)nc3c2nnn3Cc2ccccc2)cc1,6.55
A2A,CHEMBL460172,CC(=O)NCCNc1nc(-c2ccco2)c(C(=O)c2ccccc2)s1,6.55
A2A,CHEMBL1760897,CCN(C(C)=O)c1ccc(OC)c2nc(NC(=O)[C@H]3CC[C@H](NCc4cccc(C(F)(F)F)c4)CC3)sc12.O=C(O)C(F)(F)F,6.55
A2A,CHEMBL1927438,Nc1nc(N2CCN(C(=O)C(Cl)Cl)CC2)nc2nc(-c3ccco3)nn12,6.55
A2A,CHEMBL2181163,Cn1cc2c(nc(NC3CCCCCCC3)n3nc(-c4ccco4)nc23)n1,6.55
A2A,CHEMBL3093331,C#CCn1c(=O)c2c(nc3n2CCCN3c2cccc(Br)c2)n(C)c1=O,6.55
A2A,CHEMBL3739922,CCCn1c(Br)nc2c(N)nc(NCCCc3ccccc3)nc21,6.55
A2A,CHEMBL4640980,CCOC(=O)C1=C(C)Nc2nc3ccccc3n2C1c1cnco1,6.55
A2A,CHEMBL4642713,CCOC(=O)c1ccc(N2CCN(c3nc(N)c4nc(-c5ccco5)sc4n3)CC2)cc1,6.55
A2A,CHEMBL5088993,Cc1ccc(-c2nc(N)nc3c2ncc(=O)n3CCC2CCN(c3ccccc3)CC2)o1,6.55
A2A,CHEMBL5985967,CCn1c(=O)c2c(C)c(CN3CCNC3=O)sc2n(CC2CCO2)c1=O,6.55
A2A,CHEMBL6176136,N#Cc1c(N)nc(N2CCCCC2)c(C#N)c1-c1cccc(-c2cc[nH]n2)c1,6.55
A2A,CHEMBL6175146,N#Cc1c(N)nc(N2CCCCC2)c(C#N)c1-c1cccc(-c2nnco2)c1,6.55
A2A,CHEMBL317052,CNC(=O)c1cnn(-c2nc(N)c3ncn([C@@H]4O[C@H](CO)[C@@H](O)[C@H]4O)c3n2)c1,6.54
A2A,CHEMBL200854,CCNC(=O)[C@H]1S[C@@H](n2cnc3c(NCc4cccc(I)c4)nc(Cl)nc32)[C@H](O)[C@@H]1O,6.54
A2A,CHEMBL205194,Cc1ccc(-c2nc(-c3ccccc3)c3[nH]cnc3n2)cc1,6.54
A2A,CHEMBL254725,CCCn1c(=O)c2[nH]c(-c3cnn(Cc4ccccc4)c3)nc2n(CCC)c1=O,6.54
A2A,CHEMBL426504,CCn1c(=O)c2nc(-c3cnn(Cc4cccc(F)c4)c3)[nH]c2n(CC)c1=O,6.54
A2A,CHEMBL220287,COc1cccc(-c2cc(C(F)(F)F)nc(NCc3ccc(F)cc3)n2)c1,6.54
A2A,CHEMBL221220,Fc1ccc(CNc2nc(-c3cccs3)cc(C(F)(F)F)n2)cc1,6.54
A2A,CHEMBL221219,Fc1ccc(CNc2nc(-c3ccccc3)cc(C(F)(F)F)n2)cc1,6.54
A2A,CHEMBL359531,CC(C)(C)OC(=O)NCCCC(=O)Nc1nc2nn(CCc3ccccc3)cc2c2nc(-c3ccco3)nn12,6.54
A2A,CHEMBL1082208,CC(=O)Nc1ccc(-c2ccncc2)c(-c2cccc(F)c2)n1,6.54
A2A,CHEMBL1222245,N#Cc1sc(NC(=O)c2ccco2)nc1-c1ccccc1,6.54
A2A,CHEMBL3314908,CCOC(=O)c1cnc(NCCOC)n2nc(-c3ccco3)nc12,6.54
A2A,CHEMBL3677917,CN1CCN(C(=O)n2nc(-c3cnc4ccc(F)cn34)c3ccc(C(=O)N4CCCCCC4)cc32)CC1,6.54
A2A,CHEMBL5203917,Nc1sc(-c2ccc(C(=O)NCCCc3ccc(Nc4ncnc5c4ncn5[C@@H]4O[C@H](CO)[C@@H](O)[C@H]4O)cc3)cc2)c(-c2cccc(C(F)(F)F)c2)c1C(=O)c1ccccc1,6.54
A2A,CHEMBL6173126,Cc1ccccc1-c1cccc(-c2c(C#N)c(N)nc(N3CCCCC3)c2C#N)c1,6.54
A2A,CHEMBL469760,Nc1ccccc1C(=O)Nc1nc(-c2ccccc2)nc2c1nnn2Cc1ccccc1,6.53
A2A,CHEMBL367773,CC(C)CCn1cc2c(nc(NC(=O)CCCNC(=O)OC(C)(C)C)n3nc(-c4ccco4)nc23)n1,6.53
A2A,CHEMBL4290392,CC1(C)C(/C=C/C=C/C=C2/N(CCCS(=O)(=O)O)c3ccc(S(=O)(=O)O)cc3C2(C)CCCCCC(=O)NCCCCNC(=O)COc2ccc(CCCn3ncc4c3nc(N)n3nc(-c5ccco5)nc43)cc2)=[N+](CCCS(=O)(=O)O)c2ccc(S(=O)(=O)[O-])cc21.CCN(CC)CC.CCN(CC)CC,6.53
A2A,CHEMBL4586090,CCCn1c(=O)[nH]c2nc(-c3ccc(S(=O)(=O)N4CCN(c5ccccc5)C(C)C4)cc3)[nH]c2c1=O,6.53
A2A,CHEMBL4632532,Nc1nc(NCCc2ccc(S(N)(=O)=O)cc2)nc2sc(-c3ccco3)nc12,6.53
A2A,CHEMBL5094160,CCNc1nc(-c2ccccc2)c(C#N)c(-c2cccc(Cl)c2)n1,6.53
A2A,CHEMBL5091663,COc1ccc(N2CCN(CCn3c(=O)cnc4c(-c5ccc(C)o5)nc(N)nc43)[C@H](C)C2)cc1,6.53
A2A,CHEMBL5200340,Cc1ccc(-c2nc(N)nc3c2cnn3CCc2ccc(C(=O)NO)cc2)o1,6.53
A2A,CHEMBL335950,O=C(Cc1cccc2ccccc12)Nc1nc2nn(CCCc3ccccc3)cc2c2nc(-c3ccco3)nn12,6.52
A2A,CHEMBL350573,CCCn1cc2c(nc(NC(=O)Nc3ccc(S(=O)(=O)O)cc3)n3nc(-c4ccco4)nc23)n1,6.52
A2A,CHEMBL423852,Nc1nc2c(cnn2CCCc2ccc(OCc3ccccc3)cc2)c2nc(-c3ccco3)nn12,6.52
A2A,CHEMBL199354,COc1cc(-c2cc3c([nH]2)c(=O)n(C)c(=O)n3C)ccc1OCC(=O)Nc1ccccc1,6.52
A2A,CHEMBL201895,CCCn1c(=O)c2[nH]c(-c3ccc(OCC(=O)NCc4ccncc4)cc3)cc2n(CCC)c1=O,6.52
A2A,CHEMBL441145,Cn1c(=O)c2c(nc3n2CCCN3CCc2ccc(O)cc2)n(C)c1=O,6.52
A2A,CHEMBL258810,Cn1c(=O)c2[nH]c(-c3ccc(OCC(=O)N4CCC(C(=O)c5ccc(F)cc5)CC4)cc3)cc2n(C)c1=O,6.52
A2A,CHEMBL261167,c1ccc(CNc2nc3ccccc3n3nc(-c4ccco4)nc23)cc1,6.52
A2A,CHEMBL408911,COc1ccc(C(=O)Nc2nc(-c3ccccc3)c(C#N)c(-c3ccccc3)n2)cc1,6.52
A2A,CHEMBL259130,CC(C)Cn1c(=O)c2[nH]c(-c3cnn(Cc4cccc(F)c4)c3)nc2n(C)c1=O,6.52
A2A,CHEMBL408146,CN(C)c1nc(-c2ncc[nH]2)c2sccc2n1,6.52
A2A,CHEMBL506450,CCCn1c(Br)nc2c(N)ncnc21,6.52
A2A,CHEMBL456011,O=C(Nc1nc(-c2ccccc2)nc2c1nnn2Cc1ccccc1)c1cccs1,6.52
A2A,CHEMBL601413,Nc1c(C(=O)Nc2ccccc2F)sc2nc3c(cc12)C(=O)CCC3,6.52
A2A,CHEMBL1082006,O=C(Nc1ccc(-c2ccncc2)c(-c2nccs2)n1)C1CC1,6.52
A2A,CHEMBL1096891,CCNC(=O)[C@H]1O[C@@H](n2cnc3c(NCC(c4ccccc4)c4ccccc4)nc(C(=O)NCCN(C)C(=O)NCCN4CCCCC4)nc32)[C@H](O)[C@@H]1O,6.52
A2A,CHEMBL1671920,CC(C)C(=O)Nc1ccc(C(=O)Nc2nccs2)cc1,6.52
A2A,CHEMBL2151129,Cc1ccc(C(=O)Nc2nc(-c3ccccc3)n[nH]2)cc1,6.52
A2A,CHEMBL2377224,N#Cc1ccc(-c2nc(N)c3cc(Cc4ccccc4)sc3n2)o1,6.52
A2A,CHEMBL3222063,Nc1nc(-c2ccco2)nc2sc(CN3CCC(O)CC3)cc12,6.52
A2A,CHEMBL3217880,COc1cccc(-c2nc(N)c3cc(CN4CCC(F)CC4)sc3n2)c1,6.52
A2A,CHEMBL3401296,CC(C)(C)CC(=O)Nc1ccc(C(=O)Nc2nccs2)nc1,6.52
A2A,CHEMBL3754704,CNc1nc(NC(=O)Cc2ccccc2)n2nc(-c3ccco3)nc2n1,6.52
A2A,CHEMBL3753937,Nc1nc(-c2ccccc2)nc2cn(Cc3ccccc3)nc12,6.52
A2A,CHEMBL3911816,Cn1cc2c(nc(NC(=O)Nc3ccc(CC(=O)NCCCCC(=O)OC(C)(C)C)cc3)n3nc(-c4ccco4)nc23)n1,6.52
A2A,CHEMBL4165013,Cn1c(-c2ccccc2)nc2c(NC3CCC3)ncnc21,6.52
A2A,CHEMBL4436453,Nc1nc(NCc2ccc(Cl)cc2)nc(-c2ccccc2CO)n1,6.52
A2A,CHEMBL4800356,Cn1cc2c(nc(NC(=O)Nc3ccc(CC(=O)OCCCCNC(=O)OC(C)(C)C)cc3)n3nc(-c4ccco4)nc23)n1,6.52
A2A,CHEMBL5197839,Nc1nc(-c2ccco2)c2cnn(CCCCCCC(=O)NO)c2n1,6.52
A2A,CHEMBL5883063,Nc1cc(Br)c(-c2ccncc2)c(-c2cccnc2)n1,6.52
A2A,CHEMBL5986667,Nc1nc(-c2ccco2)c2c(n1)C(Cc1cc(C(F)(F)F)cc(C(F)(F)F)c1)OC2=O,6.52
A2A,CHEMBL6056860,C[C@H](Nc1nc(C(=O)N2CCC2)c2sccc2n1)c1cccnc1,6.52
A2A,CHEMBL5869198,C[C@H](Nc1nc(C(=O)N2CCC(C)(C)C2)c2sccc2n1)c1cccnc1,6.52
A2A,CHEMBL5903320,C[C@H](Nc1nc(C(=O)N2CC[C@@H](F)C2)c2sccc2n1)c1cccnc1,6.52
A2A,CHEMBL5896564,C[C@H](Nc1nc(C(=O)N2CCC(F)(F)C2)c2sccc2n1)c1cccnc1,6.52
A2A,CHEMBL5797749,C[C@H](Nc1nc(C(=O)N2CC3(COC3)C2)c2sccc2n1)c1cccnc1,6.52
A2A,CHEMBL5855380,C[C@H](Nc1nc(C(=O)NCc2cncc(F)c2)c2sccc2n1)c1cccnc1,6.52
A2A,CHEMBL6010427,O=C(c1nc(NCc2cncc(F)c2)nc2ccsc12)N1CCCC1,6.52
A2A,CHEMBL5947725,CCC(Nc1nc(C(=O)N2CCCC2)c2sccc2n1)c1cccnc1,6.52
A2A,CHEMBL6011129,C[C@H](Nc1nc(C(=O)NCC2CCN(Cc3ccccc3)CC2)c2sccc2n1)c1cccnc1,6.52
A2A,CHEMBL6057131,C[C@H](Nc1nc(C(=O)N2CC(F)(F)C2)c2sccc2n1)c1cccnc1,6.52
A2A,CHEMBL5981745,C[C@@H]1CCN(C(=O)c2nc(N[C@@H](C)c3cccnc3)nc3ccsc23)C1,6.52
A2A,CHEMBL5893012,C[C@H](Nc1nc(C(=O)N2CCC[C@@H]2C)c2sccc2n1)c1cccnc1,6.52
A2A,CHEMBL5831488,O=C(c1nc(NCc2ccccc2)nc2ccsc12)N1CCCC1,6.52
A2A,CHEMBL5983865,CC(Nc1nc(C(=O)N2CC[C@@H](F)C2)c2sccc2n1)c1cccnc1,6.52
A2A,CHEMBL5977412,COc1ccc(CNC(=O)c2nc(NC(C)c3ccccn3)nc3ccsc23)cn1,6.52
A2A,CHEMBL5858682,O=C(NCc1ccccc1)c1nc(NCc2ccccc2)nc2ccsc12,6.52
A2A,CHEMBL5938890,COc1ccc(CNC(=O)c2nc(NCc3cncc(C)c3)nc3ccsc23)cn1,6.52
A2A,CHEMBL5837744,C[C@H](Nc1nc(C(=O)N2CC[C@@H](O)C2)c2sccc2n1)c1ccccn1,6.52
A2A,CHEMBL6023160,O=C(c1nc(NCc2cncc(F)c2)nc2ccsc12)N1CC[C@@H](F)C1,6.52
A2A,CHEMBL5806330,O=C(c1nc(NCc2cncc(F)c2)nc2ccsc12)N1CCC1,6.52
A2A,CHEMBL6017684,C[C@H]1CCN(C(=O)c2nc(N[C@@H](C)c3cccnc3)nc3ccsc23)C1,6.52
A2A,CHEMBL6054643,C[C@H](Nc1nc(C(=O)NCc2ccc(C#N)nc2)c2sccc2n1)c1ccccn1,6.52
A2A,CHEMBL5916408,O=C(c1nc(NCc2cncc(F)c2)nc2ccsc12)N1CC[C@@H](O)C1,6.52
A2A,CHEMBL5904126,COc1ccc(CNC(=O)c2nc(NCc3cncc(F)c3)nc3ccsc23)cn1,6.52
A2A,CHEMBL5966106,O=C(NCc1cccc(F)c1)c1nc(NCc2cccc(F)c2)nc2ccsc12,6.52
A2A,CHEMBL6004061,O=C(c1nc(NCc2ccc(C(F)(F)F)nc2)nc2ccsc12)N1CCCC1,6.52
A2A,CHEMBL5800964,CC(CNC(=O)c1nc(N[C@@H](C)c2ccccn2)nc2ccsc12)Oc1cccnc1,6.52
A2A,CHEMBL5813989,O=C(NCc1ccccn1)c1nc(NCc2ccccn2)nc2ccsc12,6.52
A2A,CHEMBL5847090,C[C@H](Nc1nc(C(=O)NCc2ccc(C(F)(F)F)nc2)c2sccc2n1)c1ccccn1,6.52
A2A,CHEMBL5850525,O=C(c1nc(NCc2cccc(F)c2)nc2ccsc12)N1CC[C@@H](O)C1,6.52
A2A,CHEMBL5925995,CCC(Nc1nc(C(=O)NCc2ccc(OC)nc2)c2sccc2n1)c1cccnc1,6.52
A2A,CHEMBL6016816,C[C@H]1CCN(C(=O)c2nc(N[C@@H](C)c3ccccn3)nc3ccsc23)C1,6.52
A2A,CHEMBL6052161,Cc1ncccc1CNc1nc(C(=O)N2CCCC2)c2sccc2n1,6.52
A2A,CHEMBL6019365,C[C@H](Nc1nc(C(=O)N2CC(F)(F)C2)c2sccc2n1)c1ccccn1,6.52
A2A,CHEMBL5743758,COc1ccc(CNC(=O)c2nc(NCc3cccnc3C)nc3ccsc23)cn1,6.52
A2A,CHEMBL6007989,O=C(c1nc(NCc2ccccn2)nc2ccsc12)N1CCCC1,6.52
A2A,CHEMBL5926325,C[C@H](Nc1nc(C(=O)N2CCC(F)(F)C2)c2sccc2n1)c1ccccn1,6.52
A2A,CHEMBL6004096,C[C@H](Nc1nc(C(=O)N2CC(O)C2)c2sccc2n1)c1ccccn1,6.52
A2A,CHEMBL6043626,C[C@H](Nc1nc(C(=O)N2CC(C)(O)C2)c2sccc2n1)c1ccccn1,6.52
A2A,CHEMBL5800042,C[C@H](Nc1nc(C(=O)NCc2cncc(C#N)c2)c2sccc2n1)c1ccccn1,6.52
A2A,CHEMBL5740793,C[C@H](Nc1nc(C(=O)NCc2cncc(C#N)c2)c2sccc2n1)c1cccnc1,6.52
A2A,CHEMBL5959003,C[C@H](Nc1nc(C(=O)N2CCOC2)c2sccc2n1)c1ccccn1,6.52
A2A,CHEMBL5812420,C[C@H](Nc1nc(C(=O)NCCO)c2sccc2n1)c1ccccn1,6.52
A2A,CHEMBL5772774,COC1CN(C(=O)c2nc(N[C@@H](C)c3ccccn3)nc3ccsc23)C1,6.52
A2A,CHEMBL5834647,COc1cncc(CNC(=O)c2nc(N[C@@H](C)c3ccccn3)nc3ccsc23)c1,6.52
A2A,CHEMBL5941526,COC1CN(C(=O)c2nc(NCc3cncc(F)c3)nc3ccsc23)C1,6.52
A2A,CHEMBL6050950,O=C(c1nc(NCc2cccc(Cl)c2)nc2ccsc12)N1CCCC1,6.52
A2A,CHEMBL6021606,O=C(c1nc(NCc2cccc(Cl)c2)nc2ccsc12)N1CCC1,6.52
A2A,CHEMBL5750149,O=C(c1nc(NCc2cccc(Cl)c2)nc2ccsc12)N1CC(O)C1,6.52
A2A,CHEMBL5829433,C[C@H](Nc1nc(C(=O)N2CCCC2)c2sccc2n1)c1cccc(F)c1,6.52
A2A,CHEMBL5906428,COCC(Nc1nc(C(=O)N2CCCC2)c2sccc2n1)c1cccnc1,6.52
A2A,CHEMBL5775471,C[C@H](Nc1nc(C(=O)N2CC[C@H](O)C2)c2sccc2n1)c1cccc(F)c1,6.52
A2A,CHEMBL5888362,C[C@H](Nc1nc(C(=O)N2CC[C@@H](O)C2)c2sccc2n1)c1cccc(F)c1,6.52
A2A,CHEMBL5939109,C[C@H](Nc1nc(C(=O)N2CCCC2)c2sccc2n1)c1cncc(F)c1,6.52
A2A,CHEMBL5898892,COc1cc(F)cc(CNc2nc(C(=O)N3CC(O)C3)c3sccc3n2)c1,6.52
A2A,CHEMBL5952310,C[C@H](Nc1nc(C(=O)N2CC(O)C2)c2sccc2n1)c1cccnc1,6.52
A2A,CHEMBL5947343,C[C@H](Nc1nc(C(=O)NCCO)c2sccc2n1)c1cccnc1,6.52
A2A,CHEMBL6033186,COCCNC(=O)c1nc(NCc2cncc(F)c2)nc2ccsc12,6.52
A2A,CHEMBL5845104,C[C@H](Nc1nc(C(=O)NCC2CCN(Cc3ccccc3)CC2)c2sccc2n1)c1ccccn1,6.52
A2A,CHEMBL5999768,CNc1cc2nc(N[C@@H](C)c3cccnc3)nc(C(=O)N3CCCC3)c2s1,6.52
A2A,CHEMBL5793406,CNc1cc2nc(N[C@@H](C)c3cccnc3)nc(C(=O)N3CCC3)c2s1,6.52
A2A,CHEMBL6041527,O=C(NC1CCC1)c1nc(NCc2cnccn2)nc2ccsc12,6.52
A2A,CHEMBL5993876,CNc1cc2nc(N[C@@H](C)c3cccnc3)nc(C(=O)N3CC[C@@H](F)C3)c2s1,6.52
A2A,CHEMBL5978641,C[C@H](Nc1nc(C(=O)NC[C@@H](C)O)c2sccc2n1)c1ccccn1,6.52
A2A,CHEMBL5921531,C[C@H](O)CNC(=O)c1nc(N[C@@H](C)c2ccccn2)nc2ccsc12,6.52
A2A,CHEMBL6023992,CC(C)(C)OC(=O)N[C@@H]1CCN(C(=O)c2nc(NCc3cc(F)cc(F)c3)nc3ccsc23)C1,6.52
A2A,CHEMBL6053191,O=C(c1nc(NCc2cc(F)cc(F)c2)nc2ccsc12)N1CCC1,6.52
A2A,CHEMBL6048084,O=C(NCCO)c1nc(NCc2cc(F)cc(F)c2)nc2ccsc12,6.52
A2A,CHEMBL5759668,CNc1cc2nc(N[C@@H](C)c3ccccn3)nc(C(=O)N3CCC3)c2s1,6.52
A2A,CHEMBL6001990,C[C@H](Nc1nc(C(=O)N2CC[C@@H](F)C2)c2sc(N)cc2n1)c1ccccn1,6.52
A2A,CHEMBL5864167,CNc1cc2nc(N[C@@H](C)c3ccccn3)nc(C(=O)N3CC[C@@H](F)C3)c2s1,6.52
A2A,CHEMBL6018147,CC(C)(C)OC(=O)N1CC(NC(=O)c2nc(NCc3cncc(F)c3)nc3ccsc23)C1,6.52
A2A,CHEMBL5956636,C[C@H](Nc1nc(C(=O)N[C@@H](C)CO)c2sccc2n1)c1ccccn1,6.52
A2A,CHEMBL5911819,C[C@H](CO)NC(=O)c1nc(N[C@@H](C)c2ccccn2)nc2ccsc12,6.52
A2A,CHEMBL5835660,O=C(NC1CC(O)C1)c1nc(NCc2cncc(F)c2)nc2ccsc12,6.52
A2A,CHEMBL5995121,COC1CN(C(=O)c2nc(N[C@@H](C)c3cncc(F)c3)nc3ccsc23)C1,6.52
A2A,CHEMBL5859340,CNc1cc2nc(N[C@@H](C)c3cccnc3)nc(C(=O)N3CC[C@H](F)C3)c2s1,6.52
A2A,CHEMBL5784828,C[C@H](Nc1nc(C(=O)N2CCC2)c2sc(N)cc2n1)c1ccccn1,6.52
A2A,CHEMBL6054989,C[C@H](O)CNC(=O)c1nc(N[C@@H](C)c2cncc(F)c2)nc2ccsc12,6.52
A2A,CHEMBL6012269,C[C@H](Nc1nc(C(=O)NC2COC2)c2sccc2n1)c1ccccn1,6.52
A2A,CHEMBL5979159,C[C@H](Nc1nc(C(=O)N2CC[C@@H](F)C2)c2sc(N)cc2n1)c1cccnc1,6.52
A2A,CHEMBL5996505,C[C@H](Nc1nc(C(=O)N2CC(O)C2)c2sccc2n1)c1cncc(F)c1,6.52
A2A,CHEMBL5786330,C[C@H](Nc1nc(C(=O)NCc2cncc(C(F)(F)F)c2)c2sccc2n1)c1ccccn1,6.52
A2A,CHEMBL5991411,C[C@H](Nc1nc(C(=O)N2CCC2)c2sc(N)cc2n1)c1cccnc1,6.52
A2A,CHEMBL5878466,C[C@H](Nc1nc(C(=O)N2CC[C@H](F)C2)c2sc(N)cc2n1)c1cccnc1,6.52
A2A,CHEMBL6006340,C[C@H](Nc1nc(C(=O)N2CC(O)C2)c2sc(N)cc2n1)c1ccccn1,6.52
A2A,CHEMBL5816463,C[C@@H]1CCN(C(=O)c2nc(N[C@@H](C)c3ccccn3)nc3cc(N)sc23)C1,6.52
A2A,CHEMBL5810042,CNc1cc2nc(N[C@@H](C)c3ccccn3)nc(C(=O)N3CC[C@@H](C)C3)c2s1,6.52
A2A,CHEMBL5980764,CNc1cc2nc(N[C@@H](C)c3cncc(F)c3)nc(C(=O)N3CCCC3)c2s1,6.52
A2A,CHEMBL5740833,CNc1cc2nc(N[C@@H](C)c3cncc(F)c3)nc(C(=O)N3CCC3)c2s1,6.52
A2A,CHEMBL6053680,Cc1cc2nc(N[C@@H](C)c3cccnc3)nc(C(=O)N3CCCC3)c2s1,6.52
A2A,CHEMBL5958542,C[C@H](Nc1nc(C(=O)NCCS(C)(=O)=O)c2sccc2n1)c1ccccn1,6.52
A2A,CHEMBL5952202,COCC(Nc1nc(C(=O)NC2COC2)c2sccc2n1)c1cccnc1,6.52
A2A,CHEMBL5806644,COCC(Nc1nc(C(=O)NC2CC(O)C2)c2sccc2n1)c1cccnc1,6.52
A2A,CHEMBL5750437,C[C@H](Nc1nc(C(=O)N2CCCC2)c2sc(N)cc2n1)c1cncc(F)c1,6.52
A2A,CHEMBL5956234,C[C@H](Nc1nc(C(=O)N2CC[C@H](F)C2)c2sccc2n1)c1cncc(F)c1,6.52
A2A,CHEMBL5986196,C[C@H](Nc1nc(C(=O)NCC2CCOCC2)c2sccc2n1)c1ccccn1,6.52
A2A,CHEMBL5911177,C[C@H](Nc1nc(C(=O)N2CCCC2)c2sccc2n1)c1cncc(Cl)c1,6.52
A2A,CHEMBL6021412,C[C@H](Nc1nc(C(=O)N2CCC2)c2sccc2n1)c1cncc(Cl)c1,6.52
A2A,CHEMBL5770293,COC1CN(C(=O)c2nc(N[C@@H](C)c3cncc(Cl)c3)nc3ccsc23)C1,6.52
A2A,CHEMBL6009071,C[C@H](Nc1nc(C(=O)N2CC[C@@H](F)C2)c2sccc2n1)c1cncc(F)c1,6.52
A2A,CHEMBL5965627,CN(C(=O)OC(C)(C)C)C1CN(C(=O)c2nc(NCc3cncc(F)c3)nc3ccsc23)C1,6.52
A2A,CHEMBL5763346,C[C@H](Nc1nc(C(=O)NCC(C)(C)O)c2sccc2n1)c1cncc(F)c1,6.52
A2A,CHEMBL5886769,CC(C)(C)OC(=O)N[C@@H]1CCN(C(=O)c2nc(NCc3cncc(F)c3)nc3ccsc23)C1,6.52
A2A,CHEMBL5852286,C[C@H](Nc1nc(C(=O)N2CC[C@@H](O)C2)c2sc(N)cc2n1)c1cncc(F)c1,6.52
A2A,CHEMBL5900294,CNc1cc2nc(N[C@@H](C)c3cncc(F)c3)nc(C(=O)N3CC(OC)C3)c2s1,6.52
A2A,CHEMBL5890601,CC(C)(C)OC(=O)N[C@H]1CCN(C(=O)c2nc(NCc3cncc(F)c3)nc3ccsc23)C1,6.52
A2A,CHEMBL6028644,C[C@H](Nc1nc(C(=O)N2CC[C@@H](NC(=O)OC(C)(C)C)C2)c2sccc2n1)c1ccccn1,6.52
A2A,CHEMBL5860494,Cc1cc2nc(N[C@@H](C)c3cncc(F)c3)nc(C(=O)N3CC[C@H](O)C3)c2s1,6.52
A2A,CHEMBL5761615,Cc1cc2nc(N[C@@H](C)c3cncc(F)c3)nc(C(=O)N3CC[C@@H](O)C3)c2s1,6.52
A2A,CHEMBL6007666,CO[C@@H]1CCN(C(=O)c2nc(N[C@@H](C)c3cncc(F)c3)nc3ccsc23)C1,6.52
A2A,CHEMBL6047348,CO[C@H]1CCN(C(=O)c2nc(N[C@@H](C)c3cncc(F)c3)nc3ccsc23)C1,6.52
A2A,CHEMBL5896522,CO[C@@H]1CCN(C(=O)c2nc(N[C@@H](C)c3cncc(Cl)c3)nc3ccsc23)C1,6.52
A2A,CHEMBL5953187,CO[C@H]1CCN(C(=O)c2nc(N[C@@H](C)c3cncc(Cl)c3)nc3ccsc23)C1,6.52
A2A,CHEMBL6024050,O=C(c1nc(NCCc2ccccc2)nc2ccsc12)N1CCCC1,6.52
A2A,CHEMBL5974533,C[C@H](Nc1nc(C(=O)N2CC[C@H](CO)C2)c2sccc2n1)c1cccnc1,6.52
A2A,CHEMBL5815516,C[C@H](Nc1nc(C(=O)N2CC[C@@H](CO)C2)c2sccc2n1)c1cccnc1,6.52
A2A,CHEMBL5740009,C[C@H](Nc1nc(C(=O)NCC(F)(F)F)c2sccc2n1)c1cncc(F)c1,6.52
A2A,CHEMBL5792030,C[C@H](Nc1nc(C(=O)NC(CO)c2cccnc2)c2sccc2n1)c1ccccn1,6.52
A2A,CHEMBL5860246,C[C@H](Nc1nc(C(=O)N2CCC[C@@H]2C)c2sccc2n1)c1cncc(F)c1,6.52
A2A,CHEMBL6009004,C[C@H](Nc1nc(C(=O)N2CCC[C@H]2C)c2sccc2n1)c1cncc(F)c1,6.52
A2A,CHEMBL5990564,C[C@H](Nc1nc(C(=O)N2CC[C@H](S(C)(=O)=O)C2)c2sccc2n1)c1ccccn1,6.52
A2A,CHEMBL6033132,C[C@H](Nc1nc(C(=O)NCCO)c2sccc2n1)c1cncc(F)c1,6.52
A2A,CHEMBL5894644,Cc1cc2nc(N[C@@H](C)c3cncc(F)c3)nc(C(=O)NC[C@H](C)O)c2s1,6.52
A2A,CHEMBL5887812,Cc1cc2nc(N[C@@H](C)c3cccnc3)nc(C(=O)N3CCC3)c2s1,6.52
A2A,CHEMBL6021840,Cc1cc2nc(N[C@@H](C)c3ccccn3)nc(C(=O)N3CC(O)C3)c2s1,6.52
A2A,CHEMBL5779720,Cc1cc2nc(N[C@@H](C)c3ccccn3)nc(C(=O)NC[C@H](C)O)c2s1,6.52
A2A,CHEMBL6016179,Cc1cc2nc(N[C@@H](C)c3ccccn3)nc(C(=O)NC[C@@H](C)O)c2s1,6.52
A2A,CHEMBL5947174,C[C@H](Nc1nc(C(=O)NC[C@@H](C)O)c2sccc2n1)c1cncc(Cl)c1,6.52
A2A,CHEMBL6060791,C[C@H](Nc1nc(C(=O)N2CC[C@H](CO)C2)c2sccc2n1)c1cncc(F)c1,6.52
A2A,CHEMBL5903882,C[C@H](Nc1nc(C(=O)N2CC[C@@H](CO)C2)c2sccc2n1)c1cncc(F)c1,6.52
A2A,CHEMBL5939364,COC1CC(NC(=O)c2nc(N[C@@H](C)c3cccnc3)nc3ccsc23)C1,6.52
A2A,CHEMBL5884132,Cc1cc2nc(N[C@@H](C)c3ccccn3)nc(C(=O)N3CC[C@@H](O)C3)c2s1,6.52
A2A,CHEMBL5886658,Cc1cc2nc(N[C@@H](C)c3cccnc3)nc(C(=O)N3CC(O)C3)c2s1,6.52
A2A,CHEMBL5877408,CO[C@H]1CCN(C(=O)c2nc(N[C@@H](C)c3cncc(F)c3)nc3cc(C)sc23)C1,6.52
A2A,CHEMBL5892694,C[C@H](Nc1nc(C(=O)Nc2ccccc2)c2sccc2n1)c1ccccn1,6.52
A2A,CHEMBL5828759,C[C@H](Nc1nc(C(=O)NCc2ncc[nH]2)c2sccc2n1)c1ccccn1,6.52
A2A,CHEMBL5872406,COc1cncc(NC(=O)c2nc(N[C@@H](C)c3ccccn3)nc3ccsc23)c1,6.52
A2A,CHEMBL5923318,Cc1cc2nc(N[C@@H](C)c3cncc(F)c3)nc(C(=O)N3CC[C@@H](CO)C3)c2s1,6.52
A2A,CHEMBL6029669,C[C@H](Nc1nc(C(=O)N2CC[C@@H](NC(=O)OC(C)(C)C)C2)c2sccc2n1)c1cccnc1,6.52
A2A,CHEMBL5803131,COC[C@@H](Nc1nc(C(=O)NC[C@H](C)O)c2sccc2n1)c1cccnc1,6.52
A2A,CHEMBL5760191,COC[C@@H](Nc1nc(C(=O)NC[C@@H](C)O)c2sccc2n1)c1cccnc1,6.52
A2A,CHEMBL5780250,Cc1cc2nc(N[C@@H](C)c3cccnc3)nc(C(=O)NC[C@H](C)O)c2s1,6.52
A2A,CHEMBL5882611,CC(=O)N[C@H]1CCN(C(=O)c2nc(N[C@@H](C)c3cncc(F)c3)nc3ccsc23)C1,6.52
A2A,CHEMBL5755471,C[C@H](Nc1nc(C(=O)NC2CC[C@@H](O)C2)c2sccc2n1)c1ccccn1,6.52
A2A,CHEMBL5760152,Cc1cc2nc(N[C@@H](C)c3cccnc3)nc(C(=O)NC[C@@H](C)O)c2s1,6.52
A2A,CHEMBL5760433,C[C@H](Nc1nc(C(=O)NCCc2ccc(O)cc2)c2sccc2n1)c1cncc(F)c1,6.52
A2A,CHEMBL6005043,COC[C@@H](Nc1nc(C(=O)N2CCC2)c2sccc2n1)c1cccnc1,6.52
A2A,CHEMBL5892388,C[C@H](Nc1nc(C(=O)NCCC2CCN(C(=O)OC(C)(C)C)CC2)c2sccc2n1)c1ccccn1,6.52
A2A,CHEMBL5909090,C[C@H](Nc1nc(C(=O)NCCC2CCN(C(=O)OC(C)(C)C)CC2)c2sccc2n1)c1cncc(F)c1,6.52
A2A,CHEMBL5805811,C[C@H](Nc1nc(C(=O)N2CCCC2)c2sccc2n1)c1ccncc1,6.52
A2A,CHEMBL5902694,COc1ccc(CNC(=O)c2nc(N[C@@H](C)c3ccncc3)nc3ccsc23)cn1,6.52
A2A,CHEMBL5784235,CO[C@H]1CCN(C(=O)c2nc(N[C@@H](C)c3cccnc3)nc3cc(C)sc23)C1,6.52
A2A,CHEMBL5949836,Cc1cc2nc(N[C@@H](C)c3ccccn3)nc(C(=O)NCCO)c2s1,6.52
A2A,CHEMBL5903387,C[C@H](Nc1nc(C(=O)N2CCC(C(=O)OC(C)(C)C)C2)c2sccc2n1)c1cncc(F)c1,6.52
A2A,CHEMBL5945995,O=C(c1nc(NCCc2ccc(O)cc2)nc2ccsc12)N1CCCC1,6.52
A2A,CHEMBL5904829,Cc1cc2nc(N[C@@H](C)c3cccnc3)nc(C(=O)NCCO)c2s1,6.52
A2A,CHEMBL5999152,Cc1cc2nc(N[C@@H](C)c3cncc(F)c3)nc(C(=O)NCCc3ccc(O)cc3)c2s1,6.52
A2A,CHEMBL5768228,COc1cccc(CNC(=O)c2nc(N[C@@H](C)c3cncc(F)c3)nc3cc(C)sc23)n1,6.52
A2A,CHEMBL6048981,Cc1cc2nc(N[C@@H](C)c3cccnc3)nc(C(=O)NCC3CCOCC3)c2s1,6.52
A2A,CHEMBL5831847,Cc1cc2nc(N[C@@H](C)c3cncc(F)c3)nc(C(=O)NCC3CCOCC3)c2s1,6.52
A2A,CHEMBL5884317,C[C@H](Nc1nc(C(=O)NCCc2ccc(CO)cc2)c2sccc2n1)c1cncc(F)c1,6.52
A2A,CHEMBL5872636,Cc1cc2nc(N[C@@H](C)c3cncc(F)c3)nc(C(=O)NCC3CCOC3)c2s1,6.52
A2A,CHEMBL5791172,C[C@H](NC(=O)c1nc(N[C@@H](C)c2ccccc2)nc2ccsc12)c1ccccc1,6.52
A2A,CHEMBL5771777,C[C@H](Nc1nc(C(=O)N[C@@H]2CC[C@@H](O)C2)c2sccc2n1)c1cncc(F)c1,6.52
A2A,CHEMBL5994812,COc1ccc(Oc2cc(CNC(=O)c3nc(N[C@@H](C)c4cncc(F)c4)nc4ccsc34)ccn2)cc1,6.52
A2A,CHEMBL5775158,C[C@H](Nc1nc(C(=O)NCCc2ccc(O)cc2)c2sccc2n1)c1ccnc(F)c1,6.52
A2A,CHEMBL6062606,C[C@H](Nc1nc(C(=O)N2CCCC2)c2sccc2n1)c1ccnc(F)c1,6.52
A2A,CHEMBL5999255,C[C@H](Nc1nc(C(=O)NCCc2ccc(O)cc2)c2sccc2n1)c1ccccn1,6.52
A2A,CHEMBL5833771,COc1cccc(CCNC(=O)c2nc(N[C@@H](C)c3cncc(F)c3)nc3ccsc23)n1,6.52
A2A,CHEMBL5943058,Cc1csc2c(C(=O)N3CC[C@H](O)C3)nc(N[C@@H](C)c3cncc(F)c3)nc12,6.52
A2A,CHEMBL6035129,COc1ccc(CCNC(=O)c2nc(N[C@@H](C)c3cncc(F)c3)nc3ccsc23)cc1,6.52
A2A,CHEMBL5770370,COc1ccc(CCCNC(=O)c2nc(N[C@@H](C)c3cncc(F)c3)nc3ccsc23)cc1,6.52
A2A,CHEMBL5973173,C[C@H](Nc1nc(C(=O)NCCC2CC(C(=O)OC(C)(C)C)C2)c2sccc2n1)c1ccccn1,6.52
A2A,CHEMBL5887205,C[C@H](Nc1nc(C(=O)NCCc2cccc(O)c2)c2sccc2n1)c1cccnc1,6.52
A2A,CHEMBL6031428,C[C@H](Nc1nc(C(=O)NCCc2cccc(O)c2)c2sccc2n1)c1ccccn1,6.52
A2A,CHEMBL6047138,COc1ccc([C@H](C)Nc2nc(C(=O)N3CCC3)c3sccc3n2)cc1,6.52
A2A,CHEMBL5991486,COc1ccc(CNc2nc(C(=O)NCc3cccnc3)c3sccc3n2)cn1,6.52
A2A,CHEMBL5780438,COc1cccc(CCNC(=O)c2nc(N[C@@H](C)c3ccccn3)nc3ccsc23)c1,6.52
A2A,CHEMBL6042312,CCOc1ccc(CNc2nc(C(=O)NCCc3cccc(O)c3)c3sccc3n2)cn1,6.52
A2A,CHEMBL5882436,CO[C@H]1CCN(C(=O)c2nc(N[C@@H](C)c3ccccn3)nc3c(C)csc23)C1,6.52
A2A,CHEMBL5961763,CCO[C@H]1CCN(C(=O)c2nc(N[C@@H](C)c3ccccn3)nc3ccsc23)C1,6.52
A2A,CHEMBL5974576,C[C@H](Nc1nc(C(=O)NCCc2ccccc2O)c2sccc2n1)c1cncc(F)c1,6.52
A2A,CHEMBL5845759,CCOc1ccc(CNc2nc(C(=O)N3CCC3)c3sccc3n2)cn1,6.52
A2A,CHEMBL5883591,Cc1cc2nc(N[C@@H](C)c3cccnc3)nc(C(=O)NCc3ccccn3)c2s1,6.52
A2A,CHEMBL5997068,CCNC(=O)c1nc(NCCc2ccc(O)cc2)nc2ccsc12,6.52
A2A,CHEMBL5992066,COc1cccc(CNC(=O)c2nc(N[C@@H](C)c3cccnc3)nc3cc(C)sc23)n1,6.52
A2A,CHEMBL5836410,COC[C@@H]1CCN(C(=O)c2nc(N[C@@H](C)c3ccccn3)nc3cc(C)sc23)C1,6.52
A2A,CHEMBL5885449,COC[C@H]1CCN(C(=O)c2nc(N[C@@H](C)c3ccccn3)nc3ccsc23)C1,6.52
A2A,CHEMBL5769983,COC[C@@H]1CCN(C(=O)c2nc(N[C@@H](C)c3ccccn3)nc3ccsc23)C1,6.52
A2A,CHEMBL5908806,Cc1cc2nc(N[C@@H](C)c3cncc(F)c3)nc(C(=O)N3CC(CNC(=O)OC(C)(C)C)C3)c2s1,6.52
A2A,CHEMBL5900097,Cc1cc2nc(N[C@@H](C)c3ccccn3)nc(C(=O)N3CC(CNC(=O)OC(C)(C)C)C3)c2s1,6.52
A2A,CHEMBL5854847,COc1ccc(CNC(=O)c2nc(N[C@@H](C)c3ccccn3)nc3cc(C)sc23)cc1,6.52
A2A,CHEMBL5913512,COC1(C)CN(C(=O)c2nc(N[C@@H](C)c3ccccn3)nc3cc(C)sc23)C1,6.52
A2A,CHEMBL6015199,Cc1cc2nc(N[C@@H](C)c3cncc(F)c3)nc(C(=O)N3CC(N(C)C(=O)OC(C)(C)C)C3)c2s1,6.52
A2A,CHEMBL6054459,Cc1cc2nc(N[C@@H](C)c3cncc(F)c3)nc(C(=O)NCCC3CN(C(=O)OC(C)(C)C)C3)c2s1,6.52
A2A,CHEMBL6056767,Cc1cc2nc(N[C@@H](C)c3cncc(F)c3)nc(C(=O)N3CC(CNC(=O)C(C)(C)C)C3)c2s1,6.52
A2A,CHEMBL6000356,Cc1cc2nc(N[C@@H](C)c3ccccn3)nc(C(=O)NCc3nccs3)c2s1,6.52
A2A,CHEMBL5868733,Cc1cc2nc(N[C@@H](C)c3cncc(F)c3)nc(C(=O)N3CC(CO)C3)c2s1,6.52
A2A,CHEMBL5889473,CCNC(=O)C1CCN(C(=O)c2nc(N[C@@H](C)c3cncc(F)c3)nc3ccsc23)C1,6.52
A2A,CHEMBL6044052,C[C@H](Nc1nc(C(=O)N2CC(CN(C)C(=O)OC(C)(C)C)C2)c2sccc2n1)c1cncc(F)c1,6.52
A2A,CHEMBL6006454,CC(=O)NCC1CN(C(=O)c2nc(N[C@@H](C)c3cncc(F)c3)nc3ccsc23)C1,6.52
A2A,CHEMBL6001537,C[C@H](Nc1nc(C(=O)N2CC(CNC(=O)C(C)(C)C)C2)c2sccc2n1)c1cncc(F)c1,6.52
A2A,CHEMBL5800543,CC(=O)NC1CN(C(=O)c2nc(N[C@@H](C)c3cncc(F)c3)nc3ccsc23)C1,6.52
A2A,CHEMBL5970677,C[C@H](Nc1nc(C(=O)N2CC(CNS(C)(=O)=O)C2)c2sccc2n1)c1cncc(F)c1,6.52
A2A,CHEMBL5982360,CC(=O)NC1CN(C(=O)c2nc(N[C@@H](C)c3ccccn3)nc3ccsc23)C1,6.52
A2A,CHEMBL6024904,C[C@H](Nc1nc(C(=O)NCCNC(=O)C(C)(C)C)c2sccc2n1)c1cncc(F)c1,6.52
A2A,CHEMBL5908312,CC(=O)N1CC(CCNC(=O)c2nc(N[C@@H](C)c3cncc(F)c3)nc3ccsc23)C1,6.52
A2A,CHEMBL5921293,Cc1cc2nc(N[C@@H](C)c3cncc(F)c3)nc(C(=O)N3CC(N4CCCC4)C3)c2s1,6.52
A2A,CHEMBL5992575,CC(=O)NC1CN(C(=O)c2nc(N[C@@H](C)c3cncc(F)c3)nc3cc(C)sc23)C1,6.52
A2A,CHEMBL5751744,C[C@H](Nc1nc(C(=O)NC2CN(C(=O)C(C)(C)C)C2)c2sccc2n1)c1cncc(F)c1,6.52
A2A,CHEMBL5772122,C[C@H](Nc1nc(C(=O)N2CCC(C(=O)NC(C)(C)C)C2)c2sccc2n1)c1cncc(F)c1,6.52
A2A,CHEMBL5755180,C[C@H](Nc1nc(C(=O)N2CC(C(=O)OC(C)(C)C)C2)c2sccc2n1)c1cncc(F)c1,6.52
A2A,CHEMBL5997802,Cc1cc2nc(N[C@@H](C)c3cncc(F)c3)nc(C(=O)N3CC(C(=O)OC(C)(C)C)C3)c2s1,6.52
A2A,CHEMBL5866404,CNC(=O)NCC1CN(C(=O)c2nc(N[C@@H](C)c3cncc(F)c3)nc3ccsc23)C1,6.52
A2A,CHEMBL6061509,CNC(=O)N1CCN(C(=O)c2nc(N[C@@H](C)c3cncc(F)c3)nc3ccsc23)C1,6.52
A2A,CHEMBL5993414,CC(C)NC(=O)N1CCN(C(=O)c2nc(N[C@@H](C)c3cncc(F)c3)nc3ccsc23)C1,6.52
A2A,CHEMBL5993831,C[C@H](Nc1nc(C(=O)N2CCN(C(=O)N(C)C)C2)c2sccc2n1)c1cncc(F)c1,6.52
A2A,CHEMBL349464,CCCn1cc2c(nc(NC(=O)Cc3ccccc3)n3nc(-c4ccco4)nc23)n1,6.51
A2A,CHEMBL340221,CCc1nc2[nH]ncc2c2nc(-c3ccccc3)nn12,6.51
A2A,CHEMBL424671,CCCn1c(=O)c2[nH]c(-c3ccc(OCC(=O)Nc4ccccn4)cc3)cc2n(CCC)c1=O,6.51
A2A,CHEMBL262352,CN(C)c1nc2ccccc2n2nc(-c3ccco3)nc12,6.51
A2A,CHEMBL261526,CCCn1c(=O)c2[nH]c(-c3cnn(-c4cccnc4)c3)nc2n(CC)c1=O,6.51
A2A,CHEMBL412747,Cn1c(=O)n(CC2CC2)c(=O)c2[nH]c(-c3cnn(Cc4cccc(C(F)(F)F)c4)c3)nc21,6.51
A2A,CHEMBL486688,CCCn1c(=O)[nH]c2nc(-c3ccc(S(=O)(=O)N4CCN(Cc5cccc(C(F)(F)F)c5)CC4)cc3)[nH]c2c1=O,6.51
A2A,CHEMBL557624,Nc1nc(NC(=O)c2ccccc2)c([N+](=O)[O-])c(-c2ccco2)n1,6.51
A2A,CHEMBL594735,C=CCn1c(=O)c2c(nc(Cc3cccs3)n2C)n(Cc2ccco2)c1=O,6.51
A2A,CHEMBL594734,CCCn1c(=O)c2c(nc(Cc3ccco3)n2C)n(Cc2ccco2)c1=O,6.51
A2A,CHEMBL1258419,Nc1nc2c(cnn2CCCc2ccc(O/C=C/c3ccccc3)cc2)c2nc(-c3ccco3)nn12,6.51
A2A,CHEMBL1672620,O=C(Nc1cnc(-c2ccncc2)c(-c2ccccn2)n1)C1CC1,6.51
A2A,CHEMBL1672621,O=C(Nc1cnc(-c2ccncc2)c(-c2cccnc2)n1)C1CC1,6.51
A2A,CHEMBL1672622,O=C(Nc1cnc(-c2ccncc2)c(-c2ccncc2)n1)C1CC1,6.51
A2A,CHEMBL2153629,Cn1c(=O)c2c(nc3n2CCN3C2CCCCCCC2)n(C)c1=O,6.51
A2A,CHEMBL2312988,CCCOc1ccc(/C=C/c2cc3c(c(=O)n(C)c(=O)n3C)n2C)cc1,6.51
A2A,CHEMBL3093321,C#CCn1c(=O)c2c(nc3n2CCCN3C2CCCCC2)n(C)c1=O,6.51
A2A,CHEMBL4061617,COc1ccccc1-n1nc2c(N)nc(-c3ccccc3)cn2c1=O,6.51
A2A,CHEMBL4105350,Nc1nc(-c2ccccc2)cn2cc(-c3ccccc3)nc12,6.51
A2A,CHEMBL4159165,CCn1c(-c2ccccc2)nc2c(NC3CCCCC3)ncnc21,6.51
A2A,CHEMBL4215145,CC(C)COc1ccc(-c2c(C#N)c(N)nc(SCC(N)=O)c2C#N)cc1,6.51
A2A,CHEMBL4873408,CC(=O)Nc1ccc(-c2cn3c(nc4ccccc43)c(N)n2)cc1,6.51
A2A,CHEMBL6174031,N#Cc1c(N)nc(N2CCCCC2)c(C#N)c1-c1cccc(Oc2ccccc2)c1,6.51
A2A,CHEMBL201796,Cn1c(=O)c2[nH]c(-c3ccc(OCC(=O)NCc4ccco4)cc3)cc2n(C)c1=O,6.5
A2A,CHEMBL205586,Clc1ccc(-c2nc(-c3ccccc3)c3[nH]cnc3n2)cc1,6.5
A2A,CHEMBL384139,CCCn1c(=O)c2nc([C@H]3CC[C@H](CO)CC3)[nH]c2n(CCC)c1=O,6.5
A2A,CHEMBL259581,CCCn1c(=O)c2[nH]c(-c3ccc(OCC(=O)N4CCN(c5ccccc5)CC4)cc3)cc2n(C)c1=O,6.5
A2A,CHEMBL472951,COc1ccccc1Cn1c(=O)n(-c2cccc(C)c2)c2nc(NC3CC3)ncc21,6.5
A2A,CHEMBL457579,CC(=O)Nc1cc(N2CCOCC2)nc(-n2nc(C)cc2C)n1,6.5
A2A,CHEMBL86771,Nc1ccc(N)c2c1C(=O)c1ccccc1C2=O,6.5
A2A,CHEMBL1081160,CN(C)c1cc2nc(NCc3cccnc3)nc(C(=O)c3cccs3)c2s1,6.5
A2A,CHEMBL1096409,O=C(Nc1nc(-c2ccccc2)nc2nn(CCc3ccccc3)cc12)c1cccc(Cl)c1,6.5
A2A,CHEMBL2042061,COc1cccc2cc(C(=O)NCCCN3CCN(CCCNC(=O)c4cc5cccc(OC)c5oc4=N)CC3)c(=N)oc12,6.5
A2A,CHEMBL2042091,COC(=O)/C(C#N)=C/c1cccc(OC)c1O,6.5
A2A,CHEMBL3093320,C#CCn1c(=O)c2c(nc3n2CCCN3CCc2cccs2)n(C)c1=O,6.5
A2A,CHEMBL3133070,Cc1csc(-c2coc3cccc(C)c3c2=O)n1,6.5
A2A,CHEMBL3797324,Nc1nc(-c2ccco2)nc2cn(Cc3ccccc3)nc12,6.5
A2A,CHEMBL3828388,Cc1ccc(Nc2nc3c(N4CCC[C@H]4CO)ncnc3s2)cc1,6.5
A2A,CHEMBL4127395,Cc1nc2c(N)nc(NCc3cccs3)nc2s1,6.5
A2A,CHEMBL4575279,CCCn1c(=O)[nH]c2nc(-c3ccc(S(=O)(=O)N4CCN(Cc5ccc(OCCOCCOC)cc5)CC4)cc3)[nH]c2c1=O,6.5
A2A,CHEMBL4583657,Cn1cc2c(nc(NCCCCNC(=O)OC(C)(C)C)n3nc(-c4ccco4)nc23)n1,6.5
A2A,CHEMBL4469102,Cl.Cn1cc2c(nc(NCCOCCOCCN)n3nc(-c4ccco4)nc23)n1,6.5
A2A,CHEMBL611021,Oc1cccc(-c2nc(N3CCCCC3)c3nc[nH]c3n2)c1,6.5
A2A,CHEMBL5969594,Nc1nc2c3c(ccc2c2nc(CCN4CCC5(CCNCC5)CC4)nn12)OC(F)(F)O3,6.5
A2A,CHEMBL5877704,Cn1cc(N2CCCC(c3nc4c5cc(Cl)ccc5nc(N)n4n3)C2)cn1,6.5
A2A,CHEMBL438418,CC(C)Nc1nc(C#C[C@H](O)c2ccccc2)nc2c1ncn2[C@@H]1O[C@H](CO)[C@@H](O)[C@H]1O,6.49
A2A,CHEMBL381868,O=C(NC1CC1)[C@H]1S[C@@H](n2cnc3c(NC4CC4)nc(Cl)nc32)[C@H](O)[C@@H]1O,6.49
A2A,CHEMBL370446,O=C(NC1CC1)[C@H]1S[C@@H](n2cnc3c(NCc4cccc(I)c4)nc(Cl)nc32)[C@H](O)[C@@H]1O,6.49
A2A,CHEMBL201329,CCCn1c(=O)c2[nH]c(-c3ccc(OCC(=O)Nc4ncccc4O)cc3)cc2n(CCC)c1=O,6.49
A2A,CHEMBL208311,CCNC(=O)[C@H]1O[C@@H](n2cnc3c(NCC)nc(C#CCCCc4ccccc4)nc32)[C@H](O)[C@@H]1O,6.49
A2A,CHEMBL259733,Cn1c(=O)c2[nH]c(-c3ccc(OCC(=O)N4CCN(c5ccc(F)cc5)CC4)cc3)cc2n(C)c1=O,6.49
A2A,CHEMBL258568,Cn1c(=O)c2[nH]c(-c3ccc(OCC(=O)N4CCN(c5c(Cl)cncc5Cl)CC4)cc3)cc2n(C)c1=O,6.49
A2A,CHEMBL412112,CCCn1c(=O)n(C)c(=O)c2[nH]c(-c3ccc(OCC(=O)N4CCN(c5ccc(C(F)(F)F)cc5)CC4)cc3)cc21,6.49
A2A,CHEMBL259360,Cn1c(=O)c2[nH]c(-c3ccc(OCC(=O)N4CCC(O)(c5ccc(Cl)cc5)CC4)cc3)cc2n(C)c1=O,6.49
A2A,CHEMBL456816,CCCn1c(=O)c2[nH]c(-c3ccc(C(C)=O)cc3)c(O)c2n(CCC)c1=O,6.49
A2A,CHEMBL515192,COC[C@@H]1CCCN1c1cc(NC(C)=O)nc(-n2nc(C)cc2C)n1,6.49
A2A,CHEMBL575855,O=C(Nc1nc2nn(CCCc3ccccc3)cc2c2nc(-c3ccco3)nn12)C(c1ccccc1)c1ccccc1,6.49
A2A,CHEMBL1089904,Cn1cc2c(nc(NC(=O)c3ccccc3)n3nc(-c4ccccc4)nc23)n1,6.49
A2A,CHEMBL1271432,COc1cccc(-n2c(NC(=O)c3cccc(C#N)c3)nc3cc(C(=O)N4CCCCC4)cnc32)c1,6.49
A2A,CHEMBL2322917,Nc1nc(-c2ccccc2)nc2cn(-c3ccccc3)nc12,6.49
A2A,CHEMBL2391844,CN(C)c1nc(N)nc(-c2sc(NC(=O)c3ccccc3)nc2-c2ccccc2)n1,6.49
A2A,CHEMBL3093312,C#CCn1c(=O)c2c(nc3n2CCCN3Cc2cccc(OC)c2)n(C)c1=O,6.49
A2A,CHEMBL3982305,Cn1cc2c(nc(NC(=O)Nc3ccc(CC(=O)NCCCOCCOOCCCCCNC(=O)OC(C)(C)C)cc3)n3nc(-c4ccco4)nc23)n1,6.49
A2A,CHEMBL4547661,CCCn1c(=O)c2[nH]c(-c3ccc(S(=O)(=O)N4CCN(c5ccc(Cl)cc5)CC4)cc3)nc2n(CC)c1=O,6.49
A2A,CHEMBL4779646,Cn1cc2c(nc(NC(=O)Nc3ccc(CC(=O)OCCCOCCOCCOCCCNC(=O)OC(C)(C)C)cc3)n3nc(-c4ccco4)nc23)n1,6.49
A2A,CHEMBL5570763,Cc1ccc2c(Cn3cc(-c4cc(-c5cccc(C#N)c5C)nc(N)n4)nn3)c[nH]c2c1,6.49
A2A,CHEMBL419002,Cc1ccccc1-n1cc2c(n1)c(NC1CCCC1)nc1ccccc12,6.48
A2A,CHEMBL372580,CCc1nc2c([nH]1)c1nc(C)[nH]c1c1nc(CC)[nH]c12,6.48
A2A,CHEMBL199826,COc1cccc(CNC(=O)COc2ccc(-c3cc4c([nH]3)c(=O)n(C)c(=O)n4C)cc2)c1,6.48
A2A,CHEMBL106346,Cc1ccc(-n2cc3c(n2)c(N)nc2ccccc23)cc1,6.48
A2A,CHEMBL482436,CCCn1c(=O)[nH]c2nc(-c3ccc(S(=O)(=O)N4CCN(Cc5ccc(Cl)cc5)CC4)cc3)[nH]c2c1=O,6.48
A2A,CHEMBL482855,CCCn1c(=O)[nH]c2nc(-c3ccc(S(=O)(=O)N4CCN(Cc5ccc(OC)cc5)CC4)cc3)[nH]c2c1=O,6.48
A2A,CHEMBL485862,CC(=O)NCCNc1nc(-c2ccccc2)nc2[nH]c(C(=O)N3CCN(CCCc4ccccc4)CC3)cc12,6.48
A2A,CHEMBL1170525,CNC(=O)CN(C(C)=O)c1ccc(OC)c2nc(NC(=O)c3ccc(F)cc3)sc12,6.48
A2A,CHEMBL1222372,O=C(Nc1nc(-c2ccccc2)c(-c2ncon2)s1)c1ccccc1,6.48
A2A,CHEMBL1771812,Nc1nc2c(cnn2CCCc2ccc(OCC(=O)NCCNC(=O)CCCCc3cn(CCCCCCC(=O)CCOCCOCCOCCOCCNC(=O)CCCC[C@@H]4SC[C@@H]5NC(=O)N[C@@H]54)nn3)cc2)c2nc(-c3ccco3)nn12,6.48
A2A,CHEMBL3088339,c1ccc(Nc2nc3c(N4CCOCC4)ncnc3s2)cc1,6.48
A2A,CHEMBL3827396,COc1cc(Nc2nc3c(N4CCC[C@H]4CO)ncnc3s2)cc(OC)c1OC,6.48
A2A,CHEMBL3903604,CCn1nc(-c2cccc(-c3cncc(O)c3)c2)cc(NC(=O)Nc2c(Cl)cncc2Cl)c1=O,6.48
A2A,CHEMBL3941406,Cn1cc2c(nc(NC(=O)Nc3ccc(CC(=O)NCCCOCCOOCCCCCN)cc3)n3nc(-c4ccco4)nc23)n1,6.48
A2A,CHEMBL4167491,CCn1c(-c2ccccc2)nc2c(NC3CCCC3)ncnc21,6.48
A2A,CHEMBL4279740,CC1(C)C(/C=C/C=C/C=C2/N(CCCS(=O)(=O)O)c3ccc(S(=O)(=O)O)cc3C2(C)CCCCCC(=O)NCCNC(=O)COc2ccc(CCCn3ncc4c3nc(N)n3nc(-c5ccco5)nc43)cc2)=[N+](CCCS(=O)(=O)O)c2ccc(S(=O)(=O)[O-])cc21.CCN(CC)CC.CCN(CC)CC,6.48
A2A,CHEMBL4749227,Cn1cc2c(nc(NC(=O)Nc3ccc(CC(=O)OCCCOCCOCCOCCCN)cc3)n3nc(-c4ccco4)nc23)n1.O=C(O)C(F)(F)F,6.48
A2A,CHEMBL5086669,N#Cc1c(-c2ccccc2)nc(Nc2ccccc2)nc1-c1cccs1,6.48
A2A,CHEMBL5169828,Cc1ccc(-c2nc(N)nc3c2cnn3CCCCCCC(=O)NO)o1,6.48
A2A,CHEMBL5949377,Cc1cc(Cl)cc2c1nc(N)n1nc(C3CCCN(c4cnn(C)c4)C3)nc21,6.48
A2A,CHEMBL165073,CCn1cc2c(nc(NC(=O)Cc3ccccc3)n3nc(-c4ccco4)nc23)n1,6.47
A2A,CHEMBL413686,O[C@@H]1[C@H](O)CS[C@H]1n1cnc2c(NCc3cccc(I)c3)nc(Cl)nc21,6.47
A2A,CHEMBL259392,O=C(Nc1cc(-c2ccc3c(c2)OCO3)nc(-c2ccccc2)n1)C1CCCC1,6.47
A2A,CHEMBL260758,O=C(c1nccs1)c1nc(C(F)(F)F)nc2ccsc12,6.47
A2A,CHEMBL402103,CS(=O)(=O)c1ccc(Cn2ncc3c(-c4ccco4)nc(N)nc32)cc1,6.47
A2A,CHEMBL561167,CCCn1c(=O)c2[nH]c(-c3ccccc3)nc2n(CCCOC)c1=O,6.47
A2A,CHEMBL1222371,CC(C)CC(=O)Nc1nc(-c2ccccc2)c(-c2ncon2)s1,6.47
A2A,CHEMBL2181162,Cn1cc2c(nc(NC3CCCCCC3)n3nc(-c4ccco4)nc23)n1,6.47
A2A,CHEMBL2377094,CC(c1ccccc1)c1cc2c(N)nc(-c3cccc(C#N)c3)nc2s1,6.47
A2A,CHEMBL4280829,CNc1ncc(C(=O)NNc2ccccc2)c2nc(-c3ccco3)nn12,6.47
A2A,CHEMBL5079328,CCNc1nc(-c2ccccc2)c(C#N)c(-c2cccnc2)n1,6.47
A2A,CHEMBL5395100,O[C@@H]1[C@H](O)CS[C@H]1n1c(-c2ccco2)nc2c(NCc3cccc(I)c3)nc(Cl)nc21,6.47
A2A,CHEMBL144972,Nc1nc2nn(CCc3cc(Br)c(Br)cc3Br)cc2c2nc(-c3ccco3)nn12,6.46
A2A,CHEMBL2113095,N#Cc1cccc(-c2nc(Nc3cnccn3)sc2-n2ccnc2)c1,6.46
A2A,CHEMBL382665,Cn1cc2c(nc(NC(=O)Nc3ccco3)n3nc(-c4ccco4)nc23)n1,6.46
A2A,CHEMBL205531,CCNC(=O)[C@H]1O[C@@H](n2cnc3c(NCC)nc(C#CC4(O)CCCCC4)nc32)[C@H](O)[C@@H]1O,6.46
A2A,CHEMBL2113270,Cc1ccc(S(=O)(=O)n2cc(CCOc3nc(NC(=N)N)c4ncn([C@@H]5O[C@H](CO)[C@@H](O)[C@H]5O)c4n3)c3ccccc32)cc1,6.46
A2A,CHEMBL577357,Nc1nc2nn(CCc3c(Br)cc(Br)cc3Br)cc2c2nc(-c3ccco3)nn12,6.46
A2A,CHEMBL591710,O=C(Nc1nc(-c2ccccc2)c(C(=O)c2ccccc2)s1)c1ccco1,6.46
A2A,CHEMBL1078085,Cc1ccc(C(=O)c2nc(NCCc3ccccn3)nc3ccsc23)s1,6.46
A2A,CHEMBL1671918,CCCC(=O)Nc1ccc(C(=O)Nc2nccs2)cc1,6.46
A2A,CHEMBL1927440,Nc1nc(N2CCN(C(=O)c3ccccc3)CC2)nc2nc(-c3ccco3)nn12,6.46
A2A,CHEMBL3093317,C#CCn1c(=O)c2c(nc3n2CCCN3CCc2ccc(O)cc2)n(C)c1=O,6.46
A2A,CHEMBL3222102,Nc1nc(-c2cc3ccccc3o2)nc2sc(CN3CCC(F)CC3)cc12,6.46
A2A,CHEMBL3222106,Nc1nc(-c2cc(F)cc(F)c2)nc2sc(CN3CCOCC3)cc12,6.46
A2A,CHEMBL3314905,C=C(CCC)C1=CC=C(CC2CCCCCCC2)C2C=C(C3=CC=CC3)C=C12,6.46
A2A,CHEMBL3827207,c1ccc(Nc2nc3c(N4CCCC4)ncnc3s2)cc1,6.46
A2A,CHEMBL3677921,O=C(c1ccc2c(-c3cnc4ccc(F)cn34)c[nH]c2c1)N1CCCCCC1,6.46
A2A,CHEMBL4526138,Cn1cc2c(nc(NCCCCCNC(=O)OC(C)(C)C)n3nc(-c4ccco4)nc23)n1,6.46
A2A,CHEMBL4553304,Cl.Cn1cc2c(nc(NCCCOCCOCCOCCCN)n3nc(-c4ccco4)nc23)n1,6.46
A2A,CHEMBL4554778,Cn1c(=O)c2c(nc3n2CCN(Cc2csc(-c4ccc(Cl)cc4)n2)C3)n(C)c1=O,6.46
A2A,CHEMBL4757966,CCOC(=O)C(CO)Nc1nc2nn(C)cc2c2nc(-c3ccco3)nn12,6.46
A2A,CHEMBL6162286,N#Cc1c(N)nc(N2CCCCC2)c(C#N)c1-c1cccc(Cl)c1F,6.46
A2A,CHEMBL164275,CCn1cc2c(nc(NC(=O)Nc3ccc(Cl)c(Cl)c3)n3nc(-c4ccco4)nc23)n1,6.45
A2A,CHEMBL164904,CCCCn1cc2c(nc(NC(=O)Nc3ccc(S(=O)(=O)O)cc3)n3nc(-c4ccco4)nc23)n1,6.45
A2A,CHEMBL429619,OCc1cnn(-c2nc(Nc3ncc4ccccc4n3)c3ncn([C@@H]4O[C@H](CO)[C@@H](O)[C@H]4O)c3n2)c1,6.45
A2A,CHEMBL410297,Cn1c(=O)c2[nH]c(-c3ccc(OCC(=O)N4CCN(c5ccc(C#N)cc5)CC4)cc3)cc2n(C)c1=O,6.45
A2A,CHEMBL262333,Cn1c(=O)c2[nH]c(-c3ccc(OCC(=O)N4CCN(c5ccccc5Cl)CC4)cc3)cc2n(C)c1=O,6.45
A2A,CHEMBL409726,CC(Oc1ccc(-c2cc3c([nH]2)c(=O)n(C)c(=O)n3C)cc1)C(=O)N1CCN(c2ccccc2)CC1,6.45
A2A,CHEMBL523436,COc1cccc(-n2c(=O)n(C(C)c3ccccc3)c3cnc(NC4CC4)nc32)c1,6.45
A2A,CHEMBL1090489,Cn1cc2c(nc(N)n3nc(-c4ccc(F)cc4)nc23)n1,6.45
A2A,CHEMBL1771810,CN(C)c1ccc2c(-c3ccc(C(=O)NCCNC(=O)COc4ccc(CCCn5ncc6c5nc(N)n5nc(-c7ccco7)nc65)cc4)cc3C(=O)[O-])c3ccc(=[N+](C)C)cc-3oc2c1,6.45
A2A,CHEMBL2180907,Cn1cc2c(nc(N3CCCCC3)n3nc(-c4ccco4)nc23)n1,6.45
A2A,CHEMBL4059638,COc1cccc(-c2cc(NC(C)=O)nc(-c3cccc(OC)c3OC)c2)c1OC,6.45
A2A,CHEMBL4076495,Nc1sc(-c2ccc(C(=O)NCCCCCCNc3ncnc4c3ncn4[C@@H]3O[C@H](CO)[C@@H](O)[C@H]3O)cc2)cc1C(=O)c1ccccc1,6.45
A2A,CHEMBL4473749,CCCn1c(=O)[nH]c2nc(-c3ccc(S(=O)(=O)N(C)CCc4ccccc4)cc3)[nH]c2c1=O,6.45
A2A,CHEMBL4642686,Nc1nc(-c2ccc(OCC(O)CO)cc2)cn2c(=O)n(-c3ccccc3)nc12,6.45
A2A,CHEMBL5089926,CCNc1nc(-c2ccccc2)c(C#N)c(-c2ccccc2)n1,6.45
A2A,CHEMBL375190,Nc1nc(C#Cc2ccccc2)nc2c1ncn2[C@@H]1O[C@H](CO)[C@@H](O)[C@H]1O,6.44
A2A,CHEMBL330873,CCc1nc2[nH]cnc2c2nc(-c3ccccc3)nn12,6.44
A2A,CHEMBL194704,Cc1ccc2c(O)c(C(=O)NC3CCC(C)CC3)cnc2n1,6.44
A2A,CHEMBL223846,CCOc1nc(N)c2ncn([C@@H]3O[C@H](CO)[C@@H](O)[C@H]3O)c2n1,6.44
A2A,CHEMBL595431,CCn1c(=O)c2[nH]c(Cc3cccs3)nc2n(Cc2ccco2)c1=O,6.44
A2A,CHEMBL2042308,CCNC(=O)[C@H]1O[C@@H](n2cnc3c(NCC(c4ccccc4)c4ccccc4)nc(NCCc4ccc(NC(=O)c5cc(C(C)(C)C)cc(C(C)(C)C)c5)cc4)nc32)[C@H](O)[C@@H]1O,6.44
A2A,CHEMBL3222090,Nc1nc(-c2ncco2)nc2sc(CN3CCOCC3)cc12,6.44
A2A,CHEMBL3222107,Nc1nc(-c2ccc(F)c(F)c2)nc2sc(CN3CCOCC3)cc12,6.44
A2A,CHEMBL3797553,COc1ccccc1-n1cc2nc(-c3ccco3)nc(N)c2n1,6.44
A2A,CHEMBL4164048,CCCn1c(-c2ccccc2)nc2c(NC3CCC3)ncnc21,6.44
A2A,CHEMBL4483392,Cn1c(=O)c2c(nc3n2CCN(Cc2csc(-c4cccc(Cl)c4)n2)C3)n(C)c1=O,6.44
A2A,CHEMBL4760845,CC1(O)CCN(C(=O)Nc2nc3c(OCCF)ccc(N4CCOCC4)c3s2)CC1,6.44
A2A,CHEMBL5195260,Nc1sc(-c2ccc(C(=O)NCCc3ccc(CCNc4ncnc5c4ncn5[C@@H]4O[C@H](CO)[C@@H](O)[C@H]4O)cc3)cc2)c(-c2cccc(C(F)(F)F)c2)c1C(=O)c1ccccc1,6.44
A2A,CHEMBL5562579,CCCCC#Cc1nc2c(NCc3cccc(I)c3)nc(-c3cccs3)nc2[nH]1,6.44
A2A,CHEMBL205850,CCNC(=O)[C@H]1O[C@@H](n2cnc3c(NCC)nc(C#CC(O)c4ccccc4[N+](=O)[O-])nc32)[C@H](O)[C@@H]1O,6.43
A2A,CHEMBL378514,CC(=O)Nc1nc2c(N)cccc2n2c(=O)n(-c3ccccc3)nc12,6.43
A2A,CHEMBL220587,Cc1nc2c(-c3ccccc3)cc(-c3ccccc3)nc2[nH]1,6.43
A2A,CHEMBL374461,Nc1nc(OCCc2cc3ccccc3[nH]2)nc2c1ncn2[C@@H]1O[C@H](CO)[C@@H](O)[C@H]1O,6.43
A2A,CHEMBL373478,Nc1nc(OCCc2c[nH]c3ccc(F)cc23)nc2c1ncn2[C@@H]1O[C@H](CO)[C@@H](O)[C@H]1O,6.43
A2A,CHEMBL258848,COCCCNc1nc2ccccc2n2nc(-c3ccco3)nc12,6.43
A2A,CHEMBL410445,Nc1nc(-c2ccco2)c2ncn(Cc3ccc([N+](=O)[O-])cc3)c2n1,6.43
A2A,CHEMBL568023,Nc1nc(SCCC2CCCCC2)nc2c1ncn2[C@@H]1O[C@H](CO)[C@@H](O)[C@H]1O,6.43
A2A,CHEMBL1512545,NCCNC(=O)Cc1ccc(NC(=O)Cc2ccc(Nc3ncnc4c3ncn4[C@@H]3O[C@H](CO)[C@@H](O)[C@H]3O)cc2)cc1,6.43
A2A,CHEMBL2181147,CNc1nc2nn(C)cc2c2nc(-c3ccco3)nn12,6.43
A2A,CHEMBL2311745,COc1cccc(-c2cc(NC(C)=O)nc(-c3cccc(OC)c3OC)n2)c1OC,6.43
A2A,CHEMBL3217881,COc1cccc(-c2nc(N)c3cc(CN4CCOCC4)sc3n2)c1,6.43
A2A,CHEMBL4563397,Cn1c(=O)c2c(nc3n2CCN3Cc2cccc(Br)c2)n(C)c1=O,6.43
A2A,CHEMBL3137331,CNC(=O)c1ccc(Nc2ncc(C(F)(F)F)c(NCc3nccnc3N(C)S(C)(=O)=O)n2)cc1,6.43
A2A,CHEMBL5093044,N#Cc1c(-c2ccccc2)nc(Nc2ccccc2)nc1-c1ccoc1,6.43
A2A,CHEMBL324735,Cn1cc2c(nc(NC(=O)Nc3ccccc3)n3nc(-c4ccco4)nc23)n1,6.42
A2A,CHEMBL16416,COc1ccc(-n2nc3c(N)nc4ccccc4n3c2=O)cc1,6.42
A2A,CHEMBL352192,CCCCn1cc2c(nc(NC(=O)Nc3ccc4c(c3)OCO4)n3nc(-c4ccco4)nc23)n1,6.42
A2A,CHEMBL68738,OC[C@H]1O[C@@H](n2cnc3c(NC4CCCC4)ncnc32)[C@H](O)[C@@H]1O,6.42
A2A,CHEMBL112098,CCCn1c(=O)c2c(nc3cc(C(C)(C)C)ccn32)n(Cc2ccccc2)c1=O,6.42
A2A,CHEMBL329712,Nc1nc(-n2cc(C(=O)NC3CCCC3)cn2)nc2c1ncn2[C@@H]1O[C@H](CO)[C@@H](O)[C@H]1O,6.42
A2A,CHEMBL99169,CCNC(=O)c1cnn(-c2nc(N)c3ncn([C@@H]4O[C@H](CO)[C@@H](O)[C@H]4O)c3n2)c1,6.42
A2A,CHEMBL372064,CC(c1ccccc1)n1cnc2c(-c3ccco3)nc(N)nc21,6.42
A2A,CHEMBL390535,CCC(CC)C(=O)Nc1cc(-c2ccccc2)nc(-c2ccccc2)n1,6.42
A2A,CHEMBL222433,CC(C)C(=O)Nc1cc(-c2ccccc2)nc(-c2ccccc2)n1,6.42
A2A,CHEMBL406714,Nc1nc(-c2ccccc2)cc(-c2ccc3c(c2)OCO3)n1,6.42
A2A,CHEMBL603209,C=CCn1c(=O)c2c(nc(Cc3c(F)cccc3F)n2C)n(Cc2ccco2)c1=O,6.42
A2A,CHEMBL601081,CC(C)n1cnc(CCNc2nc(NCC(c3ccccc3)c3ccccc3)c3ncn([C@@H]4C[C@H](NC(=O)C(C)(C)C)[C@@H](O)[C@H]4O)c3n2)c1,6.42
A2A,CHEMBL1762640,Nc1nc2c(cnn2CCN2CCOCC2)c2nn(CC3CC3)c(=O)n12,6.42
A2A,CHEMBL3314902,CCOC(=O)c1cnc(NC(c2ccccc2)c2ccccc2)n2nc(-c3ccco3)nc12,6.42
A2A,CHEMBL3965390,Cn1cc2c(nc(NC(=O)Nc3ccc(CC(=O)NCCCCCC(=O)OC(C)(C)C)cc3)n3nc(-c4ccco4)nc23)n1,6.42
A2A,CHEMBL424597,Cn1c(-c2ccccc2)nc2c(N)ncnc21,6.42
A2A,CHEMBL4171919,CCn1c(-c2ccccc2)nc2c(NC3CCC3)ncnc21,6.42
A2A,CHEMBL4294681,CCOC(=O)c1cnc(NCCNC(=O)OC(C)(C)C)n2nc(-c3ccco3)nc12,6.42
A2A,CHEMBL4758037,CCOC(=O)C(Nc1nc2nn(C)cc2c2nc(-c3ccco3)nn12)C(O)c1ccccc1,6.42
A2A,CHEMBL4748745,Cn1cc2c(nc(NC(=O)Nc3ccc(CC(=O)OCCCCCNC(=O)OC(C)(C)C)cc3)n3nc(-c4ccco4)nc23)n1,6.42
A2A,CHEMBL5088305,N#Cc1c(-c2ccccc2)cc(SCc2ncc[nH]2)nc1N,6.42
A2A,CHEMBL5190589,Cc1ccc(-c2nc(N)nc3c2cnn3Cc2cccc(/C=C/C(=O)NO)c2)o1,6.42
A2A,CHEMBL6175686,N#Cc1c(N)nc(N2CCCCC2)c(C#N)c1-c1cc(F)cc(Cl)c1,6.42
A2A,CHEMBL222442,Nc1nc(OCCc2c[nH]c3ccc(Cl)cc23)nc2c1ncn2[C@@H]1O[C@H](CO)[C@@H](O)[C@H]1O,6.41
A2A,CHEMBL260692,Cc1ccc(N2CCN(C(=O)C(C)Oc3ccc(-c4cc5c([nH]4)c(=O)n(C)c(=O)n5C)cc3)CC2)cc1,6.41
A2A,CHEMBL253753,Clc1nc(-c2cccs2)c2sccc2n1,6.41
A2A,CHEMBL509367,CCC(C)n1c(Br)nc2c(N)ncnc21,6.41
A2A,CHEMBL564142,Nc1nc(C(=O)NCc2ccncc2)cc(-c2ccco2)n1,6.41
A2A,CHEMBL2181149,CC(C)Nc1nc2nn(C)cc2c2nc(-c3ccco3)nn12,6.41
A2A,CHEMBL2313294,COc1cccc(/C=C/c2cc3c(c(=O)n(C)c(=O)n3C)n2C)c1,6.41
A2A,CHEMBL3217870,N#Cc1ccc(-c2nc(N)c3cc(CN4CCC(F)CC4)sc3n2)cc1,6.41
A2A,CHEMBL3752488,CC(C)Nc1nc(NC(=O)Cc2ccccc2)n2nc(-c3ccco3)nc2n1,6.41
A2A,CHEMBL3754718,CC(C)Nc1nc(NCc2ccccc2)n2nc(-c3ccco3)nc2n1,6.41
A2A,CHEMBL4082584,O=c1[nH]c(-c2ccccc2)cn2c(=O)n(-c3ccc(O)cc3)nc12,6.41
A2A,CHEMBL4104819,Nc1sc(-c2ccc(C(=O)NCCCCCCNc3ncnc4c3ncn4[C@@H]3O[C@H](CO)[C@@H](O)[C@H]3O)cc2)c(-c2cccc(C(F)(F)F)c2)c1C(=O)c1ccccc1,6.41
A2A,CHEMBL5092671,Cc1ccc(-c2nc(N)nc3c2ncc(=O)n3CCN2CCC(c3ccccc3)CC2)o1,6.41
A2A,CHEMBL431733,CNC(=O)[C@H]1O[C@@H](n2cnc3c(NCc4cccc(I)c4)nc(Cl)nc32)[C@H](O)[C@@H]1O,6.4
A2A,CHEMBL353299,CCCn1cc2c(nc(NC(=O)Nc3ccc(Cl)c(Cl)c3)n3nc(-c4ccco4)nc23)n1,6.4
A2A,CHEMBL163968,CCCCn1cc2c(nc(NC(=O)Cc3ccccc3)n3nc(-c4ccco4)nc23)n1,6.4
A2A,CHEMBL167977,Cn1nc(-c2ccc(N=[N+]=[N-])cc2)nc1-c1cccc(CN2CC=CC2)c1,6.4
A2A,CHEMBL191809,COc1ccc(Cl)cc1CNc1ncnc2c1ncn2[C@@H]1O[C@H](CO)[C@@H](O)[C@H]1O,6.4
A2A,CHEMBL201523,CCCn1c(=O)c2[nH]c(-c3ccc(OCC(=O)O)cc3)c(Cl)c2n(CCC)c1=O,6.4
A2A,CHEMBL381123,Cn1cc2c(nc(NC(=O)Nc3ccoc3)n3nc(-c4ccco4)nc23)n1,6.4
A2A,CHEMBL381972,CCNC(=O)[C@H]1O[C@@H](n2cnc3c(NCC)nc(C#CC(O)c4cccc([N+](=O)[O-])c4)nc32)[C@H](O)[C@@H]1O,6.4
A2A,CHEMBL251870,CCCn1c(=O)c2[nH]c(-c3cnn(Cc4cccc(C(F)(F)F)c4)c3)nc2n(CCC)c1=O,6.4
A2A,CHEMBL406727,CCCOc1cc(NC(=O)CC)nc(SC)n1,6.4
A2A,CHEMBL261056,Cn1c(=O)c2[nH]c(-c3ccc(OCC(=O)N4CCN(c5ccc(Cl)cc5)CC4)cc3)cc2n(C)c1=O,6.4
A2A,CHEMBL261212,COCCn1c(=O)c2[nH]c(-c3ccc(OCC(=O)N4CCN(c5ccccc5)CC4)cc3)cc2n(CCOC)c1=O,6.4
A2A,CHEMBL429512,CCCn1c(=O)n(C)c(=O)c2[nH]c(-c3ccc(OCC(=O)N4CCC(c5ccc(OC)cc5)CC4)cc3)cc21,6.4
A2A,CHEMBL263370,O=C(Nc1nc2ccccc2n2nc(-c3ccco3)nc12)c1ccco1,6.4
A2A,CHEMBL406807,COc1nc2ccccc2n2nc(-c3ccco3)nc12,6.4
A2A,CHEMBL262353,CCN(CC)c1nc2ccccc2n2nc(-c3ccco3)nc12,6.4
A2A,CHEMBL467655,Nc1nc(-c2cnn[nH]2)c2nnn(Cc3ccccc3F)c2n1,6.4
A2A,CHEMBL486720,COc1ccc(-c2nc3c([nH]2)c(=O)n(C)c(=O)n3C)cc1OCCN(C)C,6.4
A2A,CHEMBL488151,CN(C)CCOc1cccc(-c2nc3c([nH]2)c(=O)n(C)c(=O)n3C)c1,6.4
A2A,CHEMBL486316,Cn1c(=O)c2[nH]c(-c3cccc(OCCN4CCCC4)c3)nc2n(C)c1=O,6.4
A2A,CHEMBL526134,COc1ccc(-n2nc3c(NC(=O)c4ccncc4)nc4ccccc4n3c2=O)cc1,6.4
A2A,CHEMBL457659,CCCn1c(=O)c2c(cc(-c3ccc(C)cc3)n2O)n(CCC)c1=O,6.4
A2A,CHEMBL561168,CCCn1c(=O)c2[nH]c(-c3ccc[nH]3)nc2n(CCCOC)c1=O,6.4
A2A,CHEMBL592435,OC1CCC(Nc2nc(-c3ccccc3)nc3[nH]ccc23)CC1,6.4
A2A,CHEMBL1097074,Cc1cc(C)nc(NC(=N)NCCc2c[nH]c3ccccc23)n1,6.4
A2A,CHEMBL1099100,Cc1cc(C)nc(NC(=N)NCCc2ccsc2)n1,6.4
A2A,CHEMBL1210734,Nc1nc(-n2cncn2)c2nnn(Cc3ccccc3F)c2n1,6.4
A2A,CHEMBL2042058,COc1cccc2cc(C(=O)NC3CCCC3)c(=N)oc12,6.4
A2A,CHEMBL2042059,COc1cccc2cc(C(=O)NC3CCCCC3)c(=N)oc12,6.4
A2A,CHEMBL2042060,COc1cccc2cc(C(=O)NCCCNC(=O)c3cc4cccc(OC)c4oc3=N)c(=N)oc12,6.4
A2A,CHEMBL2042062,COc1cccc2cc(C(=O)NCCCOCCCCOCCCNC(=O)c3cc4cccc(OC)c4oc3=N)c(=N)oc12,6.4
A2A,CHEMBL2151128,O=C(Nc1nc(-c2ccccc2)n[nH]1)c1ccccc1,6.4
A2A,CHEMBL3133161,CNC(=O)[C@H]1O[C@@H](n2cnc3c(NCc4cccc(Cl)c4)nc(N)nc32)[C@H](O)[C@@H]1O,6.4
A2A,CHEMBL3753698,CC(C)Nc1nc(NC2CCCCC2)n2nc(-c3ccco3)nc2n1,6.4
A2A,CHEMBL4089735,Nc1nc(-c2ccccc2)cn2c(=O)n(-c3ccc([N+](=O)[O-])cc3)nc12,6.4
A2A,CHEMBL4763391,CCOC(=O)C(CC(C)C)Nc1nc2nn(C)cc2c2nc(-c3ccco3)nn12,6.4
A2A,CHEMBL5086673,CNc1nc(-c2ccccc2)c(C#N)c(-c2ccco2)n1,6.4
A2A,CHEMBL5399566,Cc1c(C#N)cccc1-c1cc(-c2ccn(Cc3cccc(Br)c3)c(=O)c2)nc(N)n1,6.4
A2A,CHEMBL6152417,CCCCC#Cc1nc(N)c2ncn([C@@H]3CC[C@@H](O)[C@H]3O)c2n1,6.4
A2A,CHEMBL368442,CCCn1c(=O)c2nc(-c3ccc(OCc4nc(-c5cccc(Cl)c5)no4)cc3)[nH]c2n(CCC)c1=O,6.39
A2A,CHEMBL204753,Cc1sccc1NC(=O)Nc1nc2nn(C)cc2c2nc(-c3ccco3)nn12,6.39
A2A,CHEMBL375764,N#Cc1c(-c2ccc(Cl)cc2)cc(-c2ccccc2Cl)nc1N,6.39
A2A,CHEMBL259151,CCCn1c(=O)n(C)c(=O)c2[nH]c(-c3ccc(OCC(=O)N4CCC(c5ccccc5OC)CC4)cc3)cc21,6.39
A2A,CHEMBL261185,Nc1nc(-c2ccccc2)cc(-c2ccccc2)n1,6.39
A2A,CHEMBL261525,CCCn1c(=O)c2[nH]c(-c3cnn(-c4ccccn4)c3)nc2n(CC)c1=O,6.39
A2A,CHEMBL409852,CC(C)Cn1c(=O)c2[nH]c(-c3cnn(Cc4ccccc4)c3)nc2n(C)c1=O,6.39
A2A,CHEMBL475147,COc1ccccc1Cn1c(=O)n(-c2ccccc2)c2nc(NC3CC3)ncc21,6.39
A2A,CHEMBL508090,CCCn1c(=O)c2[nH]c(-c3ccco3)c(OS(=O)(=O)O)c2n(CCC)c1=O,6.39
A2A,CHEMBL1079132,O=C(c1ccsc1)c1nc(NCc2cccnc2)nc2ccsc12,6.39
A2A,CHEMBL1222369,O=C(Nc1nc(-c2ccccc2)c(-c2ncon2)s1)c1ccco1,6.39
A2A,CHEMBL1672632,O=C(Nc1cnc(-c2ccncc2F)c(-c2ncco2)n1)C1CC1,6.39
A2A,CHEMBL2180917,COCCNc1nc2nn(C)cc2c2nc(-c3ccco3)nn12,6.39
A2A,CHEMBL3317555,Nc1ncnc2cn(-c3ccccc3)nc12,6.39
A2A,CHEMBL4127351,Nc1nc(NCCc2ccccc2)nc2sc(-c3ccccc3)nc12,6.39
A2A,CHEMBL4129419,COc1ccc(CCNc2nc(N)c3nc(-c4ccccc4)sc3n2)cc1,6.39
A2A,CHEMBL4566170,CCCn1c(=O)[nH]c2nc(-c3ccc(S(=O)(=O)N4CCN(Cc5ccc(Br)c(F)c5)CC4)cc3)[nH]c2c1=O,6.39
A2A,CHEMBL5542531,CCCCC#Cc1nc2c(NC)nc(-c3ccco3)nc2n1[C@@H]1OC[C@@H](O)[C@H]1O,6.39
A2A,CHEMBL252245,CCCn1c(=O)c2[nH]c(-c3cnn(Cc4cc(-c5ccccc5)on4)c3)nc2n(CCC)c1=O,6.38
A2A,CHEMBL438827,CCCn1c(=O)c2nc([C@]34CC[C@](CO)(CC3)CC4)[nH]c2n(CCC)c1=O,6.38
A2A,CHEMBL222392,C[C@@H](CCOc1nc(N)c2ncn([C@@H]3O[C@H](CO)[C@@H](O)[C@H]3O)c2n1)c1ccccc1,6.38
A2A,CHEMBL263895,Cn1c(=O)c2[nH]c(-c3ccc(OCC(=O)N4CCN(c5ncccn5)CC4)cc3)cc2n(C)c1=O,6.38
A2A,CHEMBL522856,O[C@@H]1[C@H](O)CS[C@H]1n1cnc2c(NCc3cccc(Br)c3)ncnc21,6.38
A2A,CHEMBL562427,CCn1c(=O)c2[nH]c(-c3ccc(OCC(=O)Nc4ccc(O)cc4)cc3)nc2n(CCCOC)c1=O,6.38
A2A,CHEMBL595844,Nc1nc(C(=O)NCc2ccncc2)nc(-c2ccco2)n1,6.38
A2A,CHEMBL596558,CCCn1c(=O)c2[nH]c(Cc3ccccc3)nc2n(Cc2ccco2)c1=O,6.38
A2A,CHEMBL2153627,Cn1c(=O)c2c(nc3n2CCCN3CC2CC2)n(C)c1=O,6.38
A2A,CHEMBL3093311,C#CCn1c(=O)c2c(nc3n2CCCN3Cc2ccccc2OC)n(C)c1=O,6.38
A2A,CHEMBL3679384,OC[C@H]1O[C@@H](n2cnc3c(NC4CCC[C@H]4OCc4cccc(F)c4)ncnc32)[C@H](O)[C@@H]1O,6.38
A2A,CHEMBL3800218,Nc1nc(-c2cccs2)nc2cn(-c3ccccc3O)nc12,6.38
A2A,CHEMBL4090423,Nc1ccc(-n2nc3c(=O)[nH]c(-c4ccccc4)cn3c2=O)cc1,6.38
A2A,CHEMBL4128825,Nc1cc(-c2ccco2)cn2cc(-c3ccccc3)nc12,6.38
A2A,CHEMBL4483357,O=C(O)C[C@H]1CC[C@@H](Oc2ccc(-c3ccc(-c4nc5cc(F)ccc5[nH]4)cn3)cn2)CC1,6.38
A2A,CHEMBL6045440,COc1cccc2c(C(=O)NC(C)(C)c3ccccn3)nc(N)nc12,6.38
A2A,CHEMBL17341,CCCn1c(=O)c2nc(-c3ccc(OCC(=O)Nc4ccccc4C(C)=O)cc3)[nH]c2n(CCC)c1=O,6.37
A2A,CHEMBL341376,Cn1cc2c(nc(NC(=O)Cc3ccccc3)n3nc(-c4ccco4)nc23)n1,6.37
A2A,CHEMBL2368364,CNC(=O)[C@]12C[C@@H]1[C@@H](n1cnc3c(NCc4cc(I)ccc4OC)nc(Cl)nc31)[C@H](O)[C@@H]2O,6.37
A2A,CHEMBL200099,CCNC(=O)[C@H]1S[C@@H](n2cnc3c(NCc4ccccc4C)nc(Cl)nc32)[C@H](O)[C@@H]1O,6.37
A2A,CHEMBL438071,COCCCn1c(=O)n(C)c(=O)c2[nH]c(-c3ccc(OCC(=O)NC4CCCC4)cc3)cc21,6.37
A2A,CHEMBL377434,CCCn1c(=O)c2[nH]c(-c3ccc(OCC(=O)Nc4ccc(C(=O)NCCc5ccc(OC)cc5)cc4)cc3)cc2n(CCC)c1=O,6.37
A2A,CHEMBL259105,Cn1c(=O)c2[nH]c(-c3ccc(OCC(=O)N4CCc5ccccc5C4)cc3)cc2n(C)c1=O,6.37
A2A,CHEMBL593216,Cn1c(=O)c2[nH]c(Cc3ccco3)nc2n(Cc2ccco2)c1=O,6.37
A2A,CHEMBL1650164,CCC(=O)Nc1nc(-c2ccccc2F)cc(-c2ccccc2F)n1,6.37
A2A,CHEMBL1650365,CCC(=O)Nc1cc(-c2ccc(F)cc2)nc(-c2ccc(F)cc2)n1,6.37
A2A,CHEMBL2313296,Cn1c(=O)c2c(cc(/C=C/c3ccc(F)cc3)n2C)n(C)c1=O,6.37
A2A,CHEMBL2313293,Cn1c(=O)c2c(cc(/C=C/c3cccc(Cl)c3)n2C)n(C)c1=O,6.37
A2A,CHEMBL4206232,N#Cc1c(N)nc(SCc2cccnc2)c(C#N)c1-c1ccc(OCC2CC2)cc1,6.37
A2A,CHEMBL4530009,O=C(Nc1nc(-c2ccccc2)nc2sc(-c3ccco3)nc12)c1ccco1,6.37
A2A,CHEMBL4561313,N#Cc1ccc2[nH]c(-c3ccc(-c4ccc(O[C@H]5CC[C@@H](CC(=O)O)CC5)nc4)nc3)nc2c1,6.37
A2A,CHEMBL4792994,COC(=O)[C@@H]1CCCN1c1nc2nn(C)cc2c2nc(-c3ccco3)nn12,6.37
A2A,CHEMBL5417712,Cc1ccc(Cn2ccc(-c3cc(-c4cccc(C#N)c4C)nc(N)n3)cc2=O)cc1,6.37
A2A,CHEMBL5532131,Cc1c(C#N)cccc1-c1cc(-c2cn(Cc3ccc4cc[nH]c4c3)nn2)nc(N)n1,6.37
A2A,CHEMBL5574860,Cc1c(C#N)cccc1-c1cc(-c2cn(Cc3c[nH]c4cc(S(C)(=O)=O)ccc34)nn2)nc(N)n1,6.37
A2A,CHEMBL6176904,N#Cc1c(N)nc(N2CCCCC2)c(C#N)c1-c1cccc([N+](=O)[O-])c1,6.37
A2A,CHEMBL313864,Cc1ccc2c(O)cc(-c3ccc(F)cc3)nc2n1,6.36
A2A,CHEMBL415118,CN(C)C(=O)c1cnn(-c2nc(N)c3ncn([C@@H]4O[C@H](CO)[C@@H](O)[C@H]4O)c3n2)c1,6.36
A2A,CHEMBL264699,O=C(c1cccnc1)c1nc(C(F)(F)F)nc2ccsc12,6.36
A2A,CHEMBL494086,O[C@@H]1[C@H](O)CS[C@H]1n1cnc2c(NCc3cccc(Cl)c3)ncnc21,6.36
A2A,CHEMBL459098,CC(=O)Nc1cc(N2CCC[C@H]2COc2ccccn2)nc(-n2nc(C)cc2C)n1,6.36
A2A,CHEMBL1079142,Cc1ccc(C(=O)c2nc(NCc3cccnc3)nc3ccsc23)cc1,6.36
A2A,CHEMBL1270006,COCCCn1c(NC(=O)c2cccc(Cl)c2)nc2cc(C(=O)NCc3cccc(OC)c3)ccc21,6.36
A2A,CHEMBL3394260,COC(=O)CCCCCCCCCCCNC(=O)CCCOc1ccc(CCNc2nc(N)n3nc(-c4ccco4)nc3n2)cc1,6.36
A2A,CHEMBL3950249,CCn1nc(-c2cccc(-c3cccc(CC(=O)O)c3)c2)cc(NC(=O)Nc2c(Cl)cncc2Cl)c1=O,6.36
A2A,CHEMBL4078771,O=C(NCCCCCCNc1ncnc2c1ncn2[C@@H]1O[C@H](CO)[C@@H](O)[C@H]1O)c1cccc(-c2cc(C(=O)c3ccccc3)cs2)c1,6.36
A2A,CHEMBL4283113,Nc1cc(-c2ccc(F)cc2)c2oc(-c3ccco3)nc2c1,6.36
A2A,CHEMBL5176483,Nc1nc(-c2ccco2)c2cnn(CCc3ccc(C(=O)NO)cc3)c2n1,6.36
A2A,CHEMBL201650,CCOC(=O)COc1ccc(-c2cc3c([nH]2)c(=O)n(CC)c(=O)n3CCCOC)cc1,6.35
A2A,CHEMBL210808,CCn1c(=O)c2nc(-c3cnn(Cc4cccc(C(F)(F)F)c4)c3)[nH]c2n(CC)c1=O,6.35
A2A,CHEMBL222500,Nc1nc(OCCc2c[nH]c3ccc(O)cc23)nc2c1ncn2[C@@H]1O[C@H](CO)[C@@H](O)[C@H]1O,6.35
A2A,CHEMBL260975,CCCn1c(=O)c2[nH]c(-c3cnn(Cc4cccc(C(F)(F)F)c4)c3)nc2n(C)c1=O,6.35
A2A,CHEMBL265937,COc1nc(-c2cccs2)c2sccc2n1,6.35
A2A,CHEMBL466652,CCCn1c(=O)c2[nH]c(-c3ccc(COC(=O)N4CCN(c5ccccc5)CC4)cc3)cc2n(CCC)c1=O,6.35
A2A,CHEMBL604283,C#CCn1c(=O)c2[nH]c(Cc3cccs3)nc2n(Cc2ccco2)c1=O,6.35
A2A,CHEMBL2181154,CCCCCC(C)Nc1nc2nn(C)cc2c2nc(-c3ccco3)nn12,6.35
A2A,CHEMBL4170850,Cc1cccc(-c2nc3c(NC4CCCC4)ncnc3n2C)c1,6.35
A2A,CHEMBL4443023,O=C(O)C[C@H]1CC[C@@H](Oc2ccc(-c3ccc(-c4nc5ccccc5[nH]4)cn3)cn2)CC1,6.35
A2A,CHEMBL4754809,CCOC(=O)C[C@H](Nc1nc2nn(C)cc2c2nc(-c3ccco3)nn12)C(=O)OCC,6.35
A2A,CHEMBL5076059,Cc1ccc(-c2nc3c(-c4ccc(=O)n(C)c4)cnc(N)n3n2)o1,6.35
A2A,CHEMBL97549,Cc1ccc2c(O)cc(-c3ccccc3)nc2n1,6.34
A2A,CHEMBL316630,Cc1ccc2c(O)cc(-c3ccc([N+](=O)[O-])cc3)nc2n1,6.34
A2A,CHEMBL62350,Cn1c(=O)c2nc(-c3ccccc3)[nH]c2n(C)c1=O,6.34
A2A,CHEMBL210609,CCCn1c(=O)c2nc(-c3cnn(Cc4cccc(C)c4F)c3)[nH]c2n(CCC)c1=O,6.34
A2A,CHEMBL374236,Fc1ccc(CNc2nc(-c3ccc(Cl)cc3)cc(C(F)(F)F)n2)cc1,6.34
A2A,CHEMBL235718,O=C(Nc1ccccc1)Nc1nc2ccccc2n2c(=O)c(-c3ccccc3)nn12,6.34
A2A,CHEMBL456271,CCOCC1CCCN1c1cc(NC(C)=O)nc(-n2nc(C)cc2C)n1,6.34
A2A,CHEMBL460384,CC(=O)N1CCC(Nc2nc(-c3ccco3)c(C(=O)c3ccccc3)s2)CC1,6.34
A2A,CHEMBL594728,C#CCn1c(=O)c2[nH]c(Cc3c(F)cccc3F)nc2n(Cc2ccco2)c1=O,6.34
A2A,CHEMBL1221508,CCn1nnc(-c2sc(NC(=O)Cc3ccccc3)nc2-c2ccccc2)n1,6.34
A2A,CHEMBL3827859,CCN(CC)CCOc1ccc(CCN2CCCn3c2nc2c3c(=O)n(C)c(=O)n2C)cc1,6.34
A2A,CHEMBL3677923,CCN(C(=O)c1ccc(C(=O)c2cnc3ccc(Cl)nn23)cc1)C1CCCCC1,6.34
A2A,CHEMBL3924727,Cn1cc2c(nc(NCCCNC(=S)Nc3ccc(-c4c5ccc(=O)cc-5oc5cc(O)ccc45)c(C(=O)O)c3)n3nc(-c4ccco4)nc23)n1,6.34
A2A,CHEMBL3949028,Cn1cc2c(nc(NCCCCNC(=S)Nc3ccc(-c4c5ccc(=O)cc-5oc5cc(O)ccc45)c(C(=O)O)c3)n3nc(-c4ccco4)nc23)n1,6.34
A2A,CHEMBL3912379,Cn1cc2c(nc(NC(=O)Nc3ccc(CC(=O)NCCOOCCCCC(=O)OC(C)(C)C)cc3)n3nc(-c4ccco4)nc23)n1,6.34
A2A,CHEMBL4074253,CCCn1c(=O)c2[nH]c(-c3cnn(CC4CC(=O)N(c5ccc(C(F)(F)F)cc5)C4)c3)nc2n(CC)c1=O,6.34
A2A,CHEMBL4560929,N#Cc1c(NCc2ccccc2)nc(SCCO)c(C#N)c1-c1ccco1,6.34
A2A,CHEMBL4752196,Cn1cc2c(nc(NC(=O)Nc3ccc(CC(=O)OCCOCCOCCNC(=O)OC(C)(C)C)cc3)n3nc(-c4ccco4)nc23)n1,6.34
A2A,CHEMBL5200008,Nc1nc(-c2ccccc2F)c2ccccc2n1,6.34
A2A,CHEMBL5420888,Nc1nc(Cl)nc2c1nc(-c1cccs1)n2[C@@H]1SC[C@@H](O)[C@H]1O,6.34
A2A,CHEMBL5408447,Cc1c(C#N)cccc1-c1cc(-c2ccn(Cc3cccc(S(N)(=O)=O)c3)c(=O)c2)nc(N)n1,6.34
A2A,CHEMBL444550,C[C@@]1(O)[C@H](O)[C@@H](CO)O[C@H]1n1cnc2c(NCc3cccc(I)c3)ncnc21,6.33
A2A,CHEMBL376968,CCCCC[C@H](O)C#Cc1nc(NCC)c2ncn([C@@H]3O[C@H](C(=O)NCC)[C@@H](O)[C@H]3O)c2n1,6.33
A2A,CHEMBL259580,CCCn1c(=O)n(C)c(=O)c2[nH]c(-c3ccc(OCC(=O)N4CCN(c5ccc(F)cc5)CC4)cc3)cc21,6.33
A2A,CHEMBL457015,CCCn1c(=O)c2[nH]c(-c3ccc(S(C)(=O)=O)cc3)c(O)c2n(C)c1=O,6.33
A2A,CHEMBL1079894,C[C@H](Nc1nc(C(=O)N2CCCC2)c2sccc2n1)c1cccnc1,6.33
A2A,CHEMBL1760895,CCN(C(C)=O)c1ccc(OC)c2nc(NC(=O)[C@H]3CC[C@H](NC(=O)c4cccc(C(F)(F)F)c4)CC3)sc12,6.33
A2A,CHEMBL2181965,CCCN1C(=O)N2CCN=C2c2[nH]c(-c3ccc(Br)cc3)nc21,6.33
A2A,CHEMBL2312991,Cn1c(=O)c2c(cc(/C=C/c3ccc4c(c3)OCO4)n2C)n(C)c1=O,6.33
A2A,CHEMBL2413251,Cn1cc2c(nc(NCCCCNC(=S)Nc3ccc(C4c5ccc(O)cc5OC5=CC(=O)C=CC54)c(C(=O)O)c3)n3nc(-c4ccco4)nc23)n1,6.33
A2A,CHEMBL3828238,OC[C@@H]1CCCN1c1ncnc2sc(Nc3ccc(Cl)cc3)nc12,6.33
A2A,CHEMBL519809,CNC(=O)[C@H]1O[C@@H](n2cnc3c(N)ncnc32)[C@H](O)[C@@H]1O,6.33
A2A,CHEMBL5399921,CNc1nc(NCCc2ccc(O)cc2)nc2c1nc(-c1ccco1)n2[C@@H]1SC[C@@H](O)[C@H]1O,6.33
A2A,CHEMBL2368363,CNC(=O)[C@]12C[C@@H]1[C@@H](n1cnc3c(NCc4cc(I)ccc4Cl)nc(Cl)nc31)[C@H](O)[C@@H]2O,6.32
A2A,CHEMBL195001,CC(C)c1nc(N)c2nc(-n3nccn3)n(C)c2n1,6.32
A2A,CHEMBL212625,CCCn1c(=O)[nH]c2nc(-c3ccc(S(=O)(=O)N4CCN(Cc5ccccc5)CC4)cc3)[nH]c2c1=O,6.32
A2A,CHEMBL409443,CCCn1c(=O)n(C)c(=O)c2[nH]c(-c3ccc(OCC(=O)N4CCN(c5cccc(Cl)c5)CC4)cc3)cc21,6.32
A2A,CHEMBL258507,CCCCn1c(=O)c2[nH]c(-c3cnn(Cc4cccc(C(F)(F)F)c4)c3)nc2n(C)c1=O,6.32
A2A,CHEMBL38528,Cn1c(=O)c2[nH]c(-c3ccccc3)cc2n(C)c1=O,6.32
A2A,CHEMBL522152,CNC(=O)[C@H]1S[C@@H](n2cnc3c(NCc4cccc(I)c4)ncnc32)[C@H](O)[C@@H]1O,6.32
A2A,CHEMBL1170131,COc1ccc(N(CC(=O)N(C)C)C(C)=O)c2sc(NC(=O)c3ccc(F)cc3)nc12,6.32
A2A,CHEMBL3674589,OC[C@H]1OC(n2cnc3c(NC4CCC[C@H]4OCc4ccccc4)ncnc32)[C@H](O)[C@@H]1O,6.32
A2A,CHEMBL3985442,C#CCCCCCC(=O)Nc1nc2nn(C)cc2c2nc(-c3ccco3)nn12,6.32
A2A,CHEMBL4754659,C#CCCCCCNC(=O)Nc1nc2nn(C)cc2c2nc(-c3ccco3)nn12,6.32
A2A,CHEMBL5091384,Cc1ccc(-c2nc(N)nc3c2ncc(=O)n3Cc2ccccc2)o1,6.32
A2A,CHEMBL5083448,COc1cccc(Cn2c(=O)cnc3c(-c4ccc(C)o4)nc(N)nc32)c1,6.32
A2A,CHEMBL329294,COc1ccc2c(O)cc(-c3ccccc3)nc2n1,6.31
A2A,CHEMBL97624,Cc1ccc2c(NC3CCCCC3)cc(-c3ccccc3)nc2n1,6.31
A2A,CHEMBL352707,CCCCn1cc2c(nc(NC(=O)Nc3ccc(Cl)c(Cl)c3)n3nc(-c4ccco4)nc23)n1,6.31
A2A,CHEMBL98597,Cc1ccc(-c2cnn(-c3nc(N)c4ncn([C@@H]5O[C@H](CO)[C@@H](O)[C@H]5O)c4n3)c2)cc1,6.31
A2A,CHEMBL201024,CCCn1c(=O)c2[nH]c(-c3ccc(OCC(=O)Nc4ccc(C=O)cc4)cc3)cc2n(CCC)c1=O,6.31
A2A,CHEMBL201108,CCCn1c(=O)c2[nH]c(-c3ccc(OCC(=O)O)cc3)c(Br)c2n(CCC)c1=O,6.31
A2A,CHEMBL388458,COc1cccc(-n2cc3c(n2)c(N)nc2ccccc23)c1,6.31
A2A,CHEMBL397821,Nc1nc2ccccc2n2c(=O)c(-c3ccc(Cl)cc3)nn12,6.31
A2A,CHEMBL410264,c1coc(CNc2nc3ccccc3n3nc(-c4ccco4)nc23)c1,6.31
A2A,CHEMBL468296,Cn1c(=O)c2[nH]c(-c3ccc(COC(=O)Nc4ccccn4)cc3)cc2n(C)c1=O,6.31
A2A,CHEMBL551761,CCn1c(=O)c2[nH]c(-c3ccco3)nc2n(CCCOC)c1=O,6.31
A2A,CHEMBL603861,COCCn1c(=O)c2c(nc(Cc3c(F)cccc3F)n2C)n(Cc2ccco2)c1=O,6.31
A2A,CHEMBL594963,Cn1c(Cc2cccs2)nc2c1c(=O)n(CC1CC1)c(=O)n2Cc1ccco1,6.31
A2A,CHEMBL596346,CCCn1c(=O)c2c(nc(Cc3ccccc3)n2C)n(Cc2ccco2)c1=O,6.31
A2A,CHEMBL2326842,Nc1nc(N/N=C/c2ccc(Cl)cc2)nc2c1ncn2[C@@H]1O[C@H](CO)[C@@H](O)[C@H]1O,6.31
A2A,CHEMBL4095686,CCCn1c(=O)c2[nH]c(-c3cnn(CC4CC(=O)N(c5ccc(OC)cc5)C4)c3)nc2n(CC)c1=O,6.31
A2A,CHEMBL4105169,Cc1cn2c(=O)n(-c3ccccc3)nc2c(N)n1,6.31
A2A,CHEMBL4175631,CCCn1c(-c2ccccc2)nc2c(N)ncnc21,6.31
A2A,CHEMBL4542552,Cc1ccc2[nH]c(-c3ccc(-c4ccc(O[C@H]5CC[C@@H](CC(=O)O)CC5)nc4)nc3)nc2n1,6.31
A2A,CHEMBL4647074,Nc1nc(N2CCC(CNC(=O)c3ccc(S(N)(=O)=O)cc3)CC2)nc2sc(-c3ccco3)nc12,6.31
A2A,CHEMBL4632626,Nc1nc(N2CCC(CNC(=O)CN3C(=O)c4ccccc4S3(=O)=O)CC2)nc2sc(-c3ccco3)nc12,6.31
A2A,CHEMBL5555848,CCCCC#Cc1nc2c(NCc3cccc(I)c3)nc(-c3ccco3)nc2n1[C@@H]1SC[C@@H](O)[C@H]1O,6.31
A2A,CHEMBL6001450,Cc1cc(-c2nnc(N)nc2-c2ccc(OC(F)F)cc2)cc(C)c1C#N,6.31
A2A,CHEMBL6165602,N#Cc1c(N)nc(N2CCCCC2)c(C#N)c1-c1ccccc1Cl,6.31
A2A,CHEMBL167915,CCCCn1cc2c(nc(NC(=O)Nc3ccc([N+](=O)[O-])cc3)n3nc(-c4ccco4)nc23)n1,6.3
A2A,CHEMBL66811,Nc1nc2c(cnn2Cc2ccc(OCc3ccccc3)cc2)c2nc(-c3ccco3)nn12,6.3
A2A,CHEMBL2113605,CCCCC#Cc1nc(N)c2ncn([C@@H]3O[C@H](CSCC)[C@@H](O)[C@H]3O)c2n1,6.3
A2A,CHEMBL196306,Nc1ccc2c(O)c(C(=O)NCc3ccc(Cl)cc3)cnc2n1,6.3
A2A,CHEMBL205327,CCNC(=O)[C@H]1O[C@@H](n2cnc3c(NCC)nc(C#CC(O)c4ccccc4OC)nc32)[C@H](O)[C@@H]1O,6.3
A2A,CHEMBL374151,Nc1nc(OCCCc2ccccc2)nc2c1ncn2[C@@H]1O[C@H](CO)[C@@H](O)[C@H]1O,6.3
A2A,CHEMBL222194,Nc1nc(OCCc2c[nH]c3ccc(Br)cc23)nc2c1ncn2[C@@H]1O[C@H](CO)[C@@H](O)[C@H]1O,6.3
A2A,CHEMBL405901,CCCn1c(=O)c2[nH]c(-c3cn[nH]c3)nc2n(CC)c1=O,6.3
A2A,CHEMBL523815,COc1cccc(-n2c(=O)n(Cc3c(F)cccc3F)c3cnc(NCC4CC4)nc32)c1,6.3
A2A,CHEMBL1277845,Cc1nc2c(=O)n(Cc3ccccc3)nc(-c3ccncc3)c2c2cc(-c3ccccc3)nn12,6.3
A2A,CHEMBL1935747,COc1ccc(NC(=O)Nc2nc3cn(C)cc3c3nc(-c4ccco4)nn23)cc1,6.3
A2A,CHEMBL2010872,CC(C)Cn1c2ccc(Nc3ncccn3)cc2c2c3c(c4c(c21)CCc1nn(C)cc1-4)C(=O)NC3,6.3
A2A,CHEMBL2042077,COCCNC(=O)c1cc2cccc(OC)c2oc1=N,6.3
A2A,CHEMBL2042072,COc1cccc2cc(C(=O)NCC(O)c3ccccc3)c(=N)oc12,6.3
A2A,CHEMBL1234591,Nc1ncnc2c1ncn2[C@@H]1O[C@H](C(=O)NCCO)[C@@H](O)[C@H]1O,6.3
A2A,CHEMBL2377086,Nc1nc(-c2ccccc2)nc2sccc12,6.3
A2A,CHEMBL3133151,CCNc1nc(NC2CCCC2)c2ncn([C@@H]3O[C@H](C(=O)NC)[C@@H](O)[C@H]3O)c2n1,6.3
A2A,CHEMBL3740619,CCCn1c(Br)nc2c(NCCc3ccccc3)ncnc21,6.3
A2A,CHEMBL4100669,COc1ccc(N2CCOCC2)c2sc(NC(=O)C(C)(C)Oc3ccc(C(C)(C)C)cc3)nc12,6.3
A2A,CHEMBL4175366,Cn1c(-c2ccccc2)nc2c(NC3CCCC3)ncnc21,6.3
A2A,CHEMBL5079916,Cc1ccc(-c2nc(N)nc3c2ncc(=O)n3CCN2CCN(c3cccc(C(F)(F)F)c3)CC2)o1,6.3
A2A,CHEMBL5877429,Nc1cc(Cl)c(-c2ccncc2)c(-c2cccnc2)n1,6.3
A2A,CHEMBL333415,CCCCc1nc2[nH]cnc2c2nc(-c3ccc(F)cc3)nn12,6.29
A2A,CHEMBL387324,Nc1nc(OCCCCc2ccccc2)nc2c1ncn2[C@@H]1O[C@H](CO)[C@@H](O)[C@H]1O,6.29
A2A,CHEMBL2181156,CCCCC(CC)CNc1nc2nn(C)cc2c2nc(-c3ccco3)nn12,6.29
A2A,CHEMBL3093323,C#CCn1c(=O)c2c(nc3n2CCCN3CC2CCCCC2)n(C)c1=O,6.29
A2A,CHEMBL3093318,C#CCn1c(=O)c2c(nc3n2CCCN3CCc2ccc(OC)cc2)n(C)c1=O,6.29
A2A,CHEMBL3799210,COc1ccccc1-n1cc2nc(-c3ccc(C)o3)nc(N)c2n1,6.29
A2A,CHEMBL4567470,Cn1c(=O)c2c(nc3n2CCN(CCCc2cccc(Br)c2)C3)n(C)c1=O,6.29
A2A,CHEMBL5416209,CC1=C(C(=O)OC(C)C)C(c2ccoc2)n2c(nc3cc(Br)ccc32)N1,6.29
A2A,CHEMBL5422711,CCCCC#Cc1nc(NCc2cccc(I)c2)c2nc(-c3cccs3)n([C@@H]3OC[C@@H](O)[C@H]3O)c2n1,6.29
A2A,CHEMBL145767,COc1ccc(NC(=O)Nc2nc3n[nH]cc3c3nc(-c4ccco4)nn23)cc1,6.28
A2A,CHEMBL563889,CCn1c(=O)c2[nH]c(-c3ccc(-c4ccccc4)cc3)nc2n(CCCOC)c1=O,6.28
A2A,CHEMBL604896,CCn1c(=O)c2[nH]c(Cc3ccco3)nc2n(Cc2ccco2)c1=O,6.28
A2A,CHEMBL600008,COc1ccc(N)c2c1C(=O)c1ccccc1C2=O,6.28
A2A,CHEMBL1760901,CCN(C(C)=O)c1ccc(OC)c2nc(NC(=O)N3CCC(S(=O)(=O)c4cccc(C(F)(F)F)c4)CC3)sc12,6.28
A2A,CHEMBL2070886,Cn1cc2c(nc(NC(=O)NC3CCN(Cc4ccccc4)CC3)n3nc(-c4ccco4)nc23)n1,6.28
A2A,CHEMBL2313298,Cn1c(=O)c2c(cc(/C=C/c3ccc(C(F)(F)F)cc3)n2C)n(C)c1=O,6.28
A2A,CHEMBL3317568,Nc1nc(Cc2cccc(O)c2)nc2cn(-c3ccccc3)nc12,6.28
A2A,CHEMBL4101016,Nc1nc(-c2ccccc2)cn2cc(-c3ccco3)nc12,6.28
A2A,CHEMBL4128696,COc1cccc2nc(NC(=O)c3ccccc3)[nH]c12,6.28
A2A,CHEMBL4167077,Cn1c(-c2ccccc2)nc2c(NC3CCCCC3)ncnc21,6.28
A2A,CHEMBL4463802,O=C(NC1CC1)[C@@]12C[C@@H]1[C@@H](n1cnc3c(N[C@H]4C[C@H]5CC[C@@H]4C5)nc(Cl)nc31)[C@H](O)[C@@H]2O,6.28
A2A,CHEMBL4464262,O=C(O)C[C@H]1CC[C@H](OC2CCN(c3ccc(-c4nc5c(F)cc(F)cc5[nH]4)cn3)CC2)CC1,6.28
A2A,CHEMBL2377085,Cn1cnc(-c2nc(N)c3cc(Cc4ccccc4)sc3n2)c1,6.27
A2A,CHEMBL4130003,Cc1nc2c(N)nc(NCc3ccccc3)nc2s1,6.27
A2A,CHEMBL4174108,Cn1c(-c2ccc(O)cc2)nc2c(NC3CCCC3)ncnc21,6.27
A2A,CHEMBL357663,COc1ccc(NC(=O)Nc2nc3nn(C(C)(C)C)cc3c3nc(-c4ccco4)nn23)cc1,6.26
A2A,CHEMBL339655,Cc1nc2[nH]cnc2c2nc(-c3ccccc3)nn12,6.26
A2A,CHEMBL200407,O=C(NC1CCC1)[C@H]1S[C@@H](n2cnc3c(NCc4cccc(I)c4)nc(Cl)nc32)[C@H](O)[C@@H]1O,6.26
A2A,CHEMBL204634,CCCCC#Cc1nc(NCC)c2ncn([C@@H]3O[C@H](C(=O)NCC)[C@@H](O)[C@H]3O)c2n1,6.26
A2A,CHEMBL218458,CCCn1c(=O)c2nc(C34CCC(O)(CC3)CC4)[nH]c2n(CCC)c1=O,6.26
A2A,CHEMBL222718,CCC(=O)Nc1nc(-c2ccccc2)cc(-c2ccccc2)n1,6.26
A2A,CHEMBL582921,CNC(=O)[C@]12C[C@@H]1[C@@H](n1cnc3c(NCc4cccc(Cl)c4)nc(C#CCCC(=O)NCCN)nc31)[C@H](O)[C@@H]2O,6.26
A2A,CHEMBL1650392,CCCC(=O)Nc1cc(-c2ccoc2)nc(-c2ccoc2)n1,6.26
A2A,CHEMBL2391832,O=C(Nc1nc(-c2ccccc2)c(C(=O)c2cccnc2)s1)c1ccco1,6.26
A2A,CHEMBL3741337,CCCn1c(-c2ccco2)nc2c(NCCc3ccccc3)ncnc21,6.26
A2A,CHEMBL3827331,CCCCn1c(=O)c2c(nc3n2CCCN3CCc2ccc(OCCN(CC)CC)cc2)n(CCCC)c1=O,6.26
A2A,CHEMBL4095809,CNC(=O)[C@H]1[Se][C@@H](n2cnc3c(NCc4cccc(Cl)c4)ncnc32)[C@H](O)[C@@H]1O,6.26
A2A,CHEMBL4758353,CCCCC(Nc1nc2nn(C)cc2c2nc(-c3ccco3)nn12)C(=O)OCC,6.26
A2A,CHEMBL5091130,COc1ccc(N2CC3CCC(C2)N3CCn2c(=O)cnc3c(-c4ccc(C)o4)nc(N)nc32)cc1,6.26
A2A,CHEMBL5205907,OC[C@H]1O[C@@H](n2cnc3c(N[C@@H]4CCC[C@H]4Oc4cccc(Cl)c4)ncnc32)[C@H](O)[C@@H]1O,6.26
A2A,CHEMBL5172541,COc1ccc2nc3cc(Cl)ccc3c(Nc3ccc(O)c(CNCCO)c3)c2c1,6.26
A2A,CHEMBL1939337,CCN1CCCC(Nc2cc(C)nc(NC(=N)Nc3ccc(Cl)c(Cl)c3)n2)C1,6.26
A2A,CHEMBL5173144,COc1ccc2nc3cc(Cl)ccc3c(NCCNCCO)c2c1,6.26
A2A,CHEMBL5206639,O[C@H]1CC[C@H]2CN3CCc4c([nH]c5ccccc45)[C@H]3C[C@H]2[C@H]1CNCc1ccccc1,6.26
A2A,CHEMBL6035154,Nc1cc(Cl)c(-c2ccnc(F)c2)c(-c2ccncc2)n1,6.26
A2A,CHEMBL5802030,CCCCCn1c2cc[nH]c2c(=O)n2c(C)nnc12,6.26
A2A,CHEMBL6005180,CCCCCn1c2c(C)c[nH]c2c(=O)n2c(C)nnc12,6.26
A2A,CHEMBL5997002,CCCCCn1c2c(-c3ccccc3)c[nH]c2c(=O)n2c(C)nnc12,6.26
A2A,CHEMBL5795281,CCCCCn1c2c(C#N)c[nH]c2c(=O)n2c(C)nnc12,6.26
A2A,CHEMBL5913263,CCCCCn1c2c(-c3cnn(Cc4ccccc4)c3)c[nH]c2c(=O)n2c(C)nnc12,6.26
A2A,CHEMBL6017871,Cc1cc(-c2c(-c3cnc4c(c3)CCN4)nc(N)n3ccnc23)cc(C)n1,6.26
A2A,CHEMBL5884856,Nc1nc(-c2cc3ccccc3o2)c(-c2ccncc2)c2nccn12,6.26
A2A,CHEMBL1367239,Cc1nc(N)c(C#N)c(-c2ccccc2)c1C,6.26
A2A,CHEMBL200636,c1ccc2nc(-c3nc4ccccc4[nH]3)cnc2c1,6.25
A2A,CHEMBL209831,CCCn1c(=O)c2nc(-c3cnn(-c4ccccc4)c3)[nH]c2n(CCC)c1=O,6.25
A2A,CHEMBL428604,CCCn1c(=O)n(C)c(=O)c2[nH]c(-c3ccc(OC(C)(C)C(=O)N4CCN(c5ccccc5)CC4)cc3)cc21,6.25
A2A,CHEMBL258834,Nc1cc(-c2ccc3c(c2)OCO3)nc(-c2ccccc2)n1,6.25
A2A,CHEMBL601723,NC1=C(Nc2cccc(C(F)(F)F)c2)C(=O)c2ccccc2C1=O,6.25
A2A,CHEMBL1762631,CC(C)(C)OC(=O)N1CCN(CCn2ncc3c2nc(N)n2c(=O)n(Cc4cccc(Cl)c4)nc32)CC1,6.25
A2A,CHEMBL1926693,NCCNc1nc(N)n2nc(-c3ccco3)nc2n1.O=C(O)C(F)(F)F,6.25
A2A,CHEMBL2391843,Cc1ccc(C(=O)Nc2nc(-c3ccccc3)c(-c3nc(N)nc(N(C)C)n3)s2)cc1,6.25
A2A,CHEMBL3752965,c1ccc(CNc2nc(Oc3ccccc3)nc3nc(-c4ccco4)nn23)cc1,6.25
A2A,CHEMBL4068467,CNC(=O)[C@H]1[Se][C@@H](n2cnc3c(NCc4cccc(Br)c4)ncnc32)[C@H](O)[C@@H]1O,6.25
A2A,CHEMBL5091876,Nc1nc(SCc2ncc[nH]2)nc(-c2ccccc2)n1,6.25
A2A,CHEMBL408564,O=C(Nc1n[nH]c2nc(-c3ccco3)c(Br)cc12)C1CC1,6.25
A2A,CHEMBL5566807,CCCCC#Cc1nc2c(NCc3cccc(I)c3)nc(-c3ccco3)nc2[nH]1,6.25
A2A,CHEMBL321769,Cc1ccc2c(O)cc(-c3cccc([N+](=O)[O-])c3)nc2n1,6.24
A2A,CHEMBL165083,CCn1cc2c(nc(NC(=O)Nc3ccc4c(c3)OCO4)n3nc(-c4ccco4)nc23)n1,6.24
A2A,CHEMBL122819,CCCCc1nc2[nH]cnc2c2nc(-c3ccc(OCC)cc3)nn12,6.24
A2A,CHEMBL201585,COc1cc(-c2cc3c([nH]2)c(=O)n(C)c(=O)n3C)ccc1OCC(=O)Nc1ccc(C#N)cc1,6.24
A2A,CHEMBL205788,CCCCCCC#Cc1nc(NCC)c2ncn([C@@H]3O[C@H](C(=O)NCC)[C@@H](O)[C@H]3O)c2n1,6.24
A2A,CHEMBL209217,CCCn1c(=O)c2nc(-c3cnn(CCc4ccccc4)c3)[nH]c2n(CCC)c1=O,6.24
A2A,CHEMBL387354,Nc1nc(OCCC2CCCCC2)nc2c1ncn2[C@@H]1O[C@H](CO)[C@@H](O)[C@H]1O,6.24
A2A,CHEMBL259430,c1coc(-c2nc3c(OCc4ccoc4)nc4ccccc4n3n2)c1,6.24
A2A,CHEMBL261198,CCC(CC)C(=O)Nc1cc(-c2ccc3c(c2)OCO3)nc(-c2ccccc2)n1,6.24
A2A,CHEMBL517097,O=C(Nc1nc(-c2ccccc2)nc2c1nnn2Cc1ccccc1)c1ccco1,6.24
A2A,CHEMBL550313,CCCn1c(=O)c2[nH]c3cccnc3c2n(CCC)c1=O,6.24
A2A,CHEMBL1278104,Cc1nc2c(=S)n(Cc3ccccc3)nc(-c3ccncc3)c2c2cc(-c3ccccc3)nn12,6.24
A2A,CHEMBL1834701,O=C(Cc1ccccc1)Nc1nc2nn(CCc3ccccc3)cc2c2nc(-c3ccc(F)cc3)nn12,6.24
A2A,CHEMBL115769,COc1cc(N)[nH]c2nc(-c3ccc(F)cc3)c(-c3ccncc3)c1-2,6.24
A2A,CHEMBL4207286,CC(=O)Nc1ccc(-c2c(C#N)c(N)nc(SCC(N)=O)c2C#N)cc1,6.24
A2A,CHEMBL4582498,N#Cc1c(N)nc(SCc2cccc(C(=O)O)c2)c(C#N)c1-c1ccco1,6.24
A2A,CHEMBL4784043,Nc1nc(-c2ccc(NC(=O)CCC(=O)O)cc2)cn2c(=O)n(-c3ccccc3)nc12,6.24
A2A,CHEMBL5427211,CCCCC#Cc1nc(NCc2cccc(I)c2)c2nc(-c3ccco3)n([C@@H]3OC[C@@H](O)[C@H]3O)c2n1,6.24
A2A,CHEMBL324512,Cn1cc2c(nc(NC(=O)Nc3ccc(S(=O)(=O)O)cc3)n3nc(-c4ccco4)nc23)n1,6.23
A2A,CHEMBL113512,CCn1c(=O)c2c(nc3ccccn32)n(Cc2ccccc2)c1=O,6.23
A2A,CHEMBL263819,Cc1ccc2c(O)c(C(=O)NCc3ccc(NC(=O)c4ccccc4)cc3)cnc2n1,6.23
A2A,CHEMBL260180,CCCn1c(=O)c2[nH]c(-c3ccc(OCC(=O)N4CCC(c5ccccc5)CC4)cc3)cc2n(CCC)c1=O,6.23
A2A,CHEMBL611944,Cc1csc(-c2cc(C(=O)NCc3ncccc3C)nc(N)n2)n1,6.23
A2A,CHEMBL2180939,Cn1cc2c(nc(NCc3ccc(-c4ccccc4)cc3)n3nc(-c4ccco4)nc23)n1,6.23
A2A,CHEMBL2377100,Nc1nc(-c2ccccn2)nc2sc(Cc3ccccc3)cc12,6.23
A2A,CHEMBL5179562,N#Cc1cccc(-c2nc(N)nc3ccccc23)c1,6.23
A2A,CHEMBL5202349,CNC(=O)[C@@]12C[C@@H]1[C@@H](n1cnc3c(NCCc4ccc(OC)c(O)c4)nc(OCC(C)C)nc31)[C@H](O)[C@@H]2O,6.23
A2A,CHEMBL5202905,Cc1ccc(-c2nc(N)nc3c2cnn3CCCCCCCC(=O)NO)o1,6.23
A2A,CHEMBL27041,CCCn1c(=O)c2nc(-c3ccc(OCC(=O)O)cc3)[nH]c2n(CCC)c1=O,6.22
A2A,CHEMBL61259,CCn1c(C#Cc2ccccc2)nc2c(N)ncnc21,6.22
A2A,CHEMBL278332,CCCn1c(=O)c2c(ncn2C)n(CCC)c1=O,6.22
A2A,CHEMBL200705,CCNC(=O)[C@H]1S[C@@H](n2cnc3c(NC4CC4)nc(Cl)nc32)[C@H](O)[C@@H]1O,6.22
A2A,CHEMBL472684,COc1cc(-c2nc3c([nH]2)c(=O)n(C)c(=O)n3C)ccc1OCCN(C)C,6.22
A2A,CHEMBL519726,CCN(CC)CCOc1cc(-c2nc3c([nH]2)c(=O)n(C)c(=O)n3C)ccc1OC,6.22
A2A,CHEMBL1098443,COc1ccc2c(CCNC(=N)Nc3nc(C)cc(C)n3)c[nH]c2c1,6.22
A2A,CHEMBL1760885,CCN(C(C)=O)c1ccc(OC)c2nc(NC(=O)[C@@H]3CCN(S(=O)(=O)c4cccc(C(F)(F)F)c4)C3)sc12,6.22
A2A,CHEMBL2180912,Cn1cc2c(nc(NC(CO)CO)n3nc(-c4ccco4)nc23)n1,6.22
A2A,CHEMBL3091711,CCCC1=C(C(=O)OCC)C(c2ccco2)NC(=O)N1,6.22
A2A,CHEMBL3314920,O=C(O)c1cnc(NC2CC2)n2nc(-c3ccco3)nc12,6.22
A2A,CHEMBL4128862,Cc1nc2c(N)nc(Nc3ccccc3)nc2s1,6.22
A2A,CHEMBL4451303,Cn1c(=O)c2c(nc3n2CCN([C@@H]2CCCc4ccccc42)C3)n(C)c1=O,6.22
A2A,CHEMBL5081971,Cc1ccc(-c2nc(N)nc3c2ncc(=O)n3CCN2CCN(c3ccc(Oc4ccccc4)cc3)CC2)o1,6.22
A2A,CHEMBL5807956,Cc1ncccc1Oc1nnc(N)nc1-c1ccccc1,6.22
A2A,CHEMBL6171849,Cc1ccccc1-c1c(C#N)c(N)nc(N2CCCCC2)c1C#N,6.22
A2A,CHEMBL6175527,N#Cc1c(N)nc(N2CCCCC2)c(C#N)c1-c1ccc(F)c(Cl)c1,6.22
A2A,CHEMBL223270,CCNC(=O)[C@H]1O[C@@H](n2cnc3c(N)nc(C#Cc4ccccc4)nc32)[C@H](O)[C@@H]1O,6.21
A2A,CHEMBL165910,CCn1cc2c(nc(NC(=O)Nc3ccc([N+](=O)[O-])cc3)n3nc(-c4ccco4)nc23)n1,6.21
A2A,CHEMBL409725,Cn1c(=O)c2[nH]c(-c3ccc(OCC(=O)N4CCN(c5ccc(O)cc5)CC4)cc3)cc2n(C)c1=O,6.21
A2A,CHEMBL474058,Nc1ncnc2c1nc(Br)n2CCO,6.21
A2A,CHEMBL1080512,c1coc(-c2nc3[nH]ccc3cc2-c2ccncn2)c1,6.21
A2A,CHEMBL1834700,O=C(Cc1ccccc1)Nc1nc2nn(CCc3ccccc3)cc2c2nc(-c3ccccc3)nn12,6.21
A2A,CHEMBL2153620,CC1CCC(N2CCCn3c2nc2c3c(=O)n(C)c(=O)n2C)CC1,6.21
A2A,CHEMBL3222078,Nc1nc(-c2ccc(C(F)F)o2)nc2sc(CN3CCC(F)(F)CC3)cc12,6.21
A2A,CHEMBL4461773,Cn1cc2c(nc(NCCNC(=O)OC(C)(C)C)n3nc(-c4ccco4)nc23)n1,6.21
A2A,CHEMBL5084124,Cc1ccc(-c2nc(N)nc3c2ncc(=O)n3CCN2CCN(c3ccccc3C(F)(F)F)CC2)o1,6.21
A2A,CHEMBL5205993,Cc1ccc(-c2nc(N)nc3c2cnn3CCCCCC(=O)NO)o1,6.21
A2A,CHEMBL201721,Cn1c(=O)c2[nH]c(-c3ccc(OCC(=O)Nc4ccccc4)cc3)cc2n(C)c1=O,6.2
A2A,CHEMBL380031,Nc1cccc2c1nc(NC(=O)C(c1ccccc1)c1ccccc1)c1nn(-c3ccccc3)c(=O)n12,6.2
A2A,CHEMBL217952,CCNC(=O)[C@H]1O[C@@H](n2cnc3c(NNC(=O)Cc4cccs4)nc(Cl)nc32)[C@H](O)[C@@H]1O,6.2
A2A,CHEMBL376542,CCNC(=O)[C@H]1O[C@@H](n2cnc3c(NC(=N)N)ncnc32)[C@H](O)[C@@H]1O,6.2
A2A,CHEMBL235935,O=C(Nc1cccc(Cl)c1)Nc1nc2ccccc2n2c(=O)c(-c3ccccc3)nn12,6.2
A2A,CHEMBL407202,CCCn1c(=O)n(C)c(=O)c2[nH]c(-c3ccc(OCC(=O)N4CCN(c5nc6ccc(Cl)cc6s5)CC4)cc3)cc21,6.2
A2A,CHEMBL259129,CC(C)Cn1c(=O)c2[nH]c(-c3cnn(Cc4cccc(C(F)(F)F)c4)c3)nc2n(C)c1=O,6.2
A2A,CHEMBL457442,CCCn1c(=O)c2[nH]c(-c3ccc(C)cc3)cc2n(CCC)c1=O,6.2
A2A,CHEMBL457209,CCCn1c(=O)c2c(cc(-c3ccc(OC)cc3)n2O)n(CCC)c1=O,6.2
A2A,CHEMBL600819,N#Cc1c(N)nc2c(C(N)=O)c(Nc3ccccc3)sc2c1-c1ccccc1,6.2
A2A,CHEMBL1080676,O=C(Nc1ccc(-c2ccncc2)c(-c2cnco2)n1)C1CC1,6.2
A2A,CHEMBL1079232,COc1ccc(C(=O)c2nc(NCc3cccnc3)nc3ccsc23)cc1,6.2
A2A,CHEMBL1672625,O=C(Nc1cnc(-c2ccncc2)c(-c2cnco2)n1)C1CC1,6.2
A2A,CHEMBL1762507,COc1ccc(-c2cc3nn(Cc4ccccc4)c(=O)n3c(N)n2)cc1,6.2
A2A,CHEMBL1935758,COc1ccc(NC(=O)Nc2nc3cnn(CCc4ccccc4)c3c3nc(-c4ccco4)nn23)cc1,6.2
A2A,CHEMBL2042081,COc1cccc2cc(C(=O)Nc3c(C#N)ncn3-c3ccc(F)cc3)c(=N)oc12,6.2
A2A,CHEMBL2042074,COc1cccc2cc(C(=O)NCCCO)c(=N)oc12,6.2
A2A,CHEMBL2070727,COCC1=CC(O)N=C(Nc2nc(C)c3ccccc3n2)N1,6.2
A2A,CHEMBL2070717,Cc1cc(NC(=O)CSc2nc3ccccc3c3nc4ccccc4n23)n[nH]1,6.2
A2A,CHEMBL3093324,C#CCn1c(=O)c2c(nc3n2CCCN3C2CCN(Cc3ccccc3)CC2)n(C)c1=O,6.2
A2A,CHEMBL3093315,C#CCn1c(=O)c2c(nc3n2CCCN3Cc2cccs2)n(C)c1=O,6.2
A2A,CHEMBL4128108,Nc1nn(-c2ccccc2Cl)nc1C(=O)CCc1ccccc1,6.2
A2A,CHEMBL4160264,CCCn1c(-c2ccccc2)nc2c(NC3CCCC3)ncnc21,6.2
A2A,CHEMBL4521162,COC(=O)c1cccc(CSc2nc(N)c(C#N)c(-c3cccnc3)c2C#N)c1,6.2
A2A,CHEMBL4570974,COc1ccc(Cl)c(CN2CCCn3c2nc2c3c(=O)n(C)c(=O)n2C)c1F,6.2
A2A,CHEMBL275149,CCCn1c(=O)c2nc(-c3ccc(OCC(=O)N(Cc4ccccc4)Cc4ccccc4)cc3)[nH]c2n(CCC)c1=O,6.19
A2A,CHEMBL194860,Cc1ccc2c(O)c(C(=O)NCCC(C)C)cnc2n1,6.19
A2A,CHEMBL208264,CCNC(=O)[C@H]1O[C@@H](n2cnc3c(NCC)nc(C#CCCO)nc32)[C@H](O)[C@@H]1O,6.19
A2A,CHEMBL439335,CCNC(=O)[C@H]1O[C@@H](n2cnc3c(NCC)nc(C#CCc4ccccc4)nc32)[C@H](O)[C@@H]1O,6.19
A2A,CHEMBL258948,CCCn1c(=O)n(C)c(=O)c2[nH]c(-c3ccc(OCC(=O)N4CCN(c5c(Cl)cncc5Cl)CC4)cc3)cc21,6.19
A2A,CHEMBL289413,CCCn1c(=O)c2[nH]c(-c3ccccc3)cc2n(CCC)c1=O,6.19
A2A,CHEMBL476309,N#Cc1c(-c2ccccc2)cc(-c2ccc[nH]2)nc1N,6.19
A2A,CHEMBL603095,Cn1c(=O)cc2c3c(c(N)ccc31)C(=O)c1ccccc1-2,6.19
A2A,CHEMBL1650165,CCCC(=O)Nc1nc(-c2ccccc2F)cc(-c2ccccc2F)n1,6.19
A2A,CHEMBL3800301,COc1ccccc1-n1cc2nc(CCCc3ccccc3)nc(N)c2n1,6.19
A2A,CHEMBL4089092,O=C(NCCCCCCNc1ncnc2c1ncn2[C@@H]1O[C@H](CO)[C@@H](O)[C@H]1O)c1ccc(-c2sccc2-c2cccc(C(F)(F)F)c2)cc1,6.19
A2A,CHEMBL4530036,Cc1sc2nc(NC(=O)c3ccccc3)[nH]c(=O)c2c1C,6.19
A2A,CHEMBL4634083,Nc1nc(N2CCC(CNC(=O)CCN3C(=O)c4ccccc4S3(=O)=O)CC2)nc2sc(-c3ccco3)nc12,6.19
A2A,CHEMBL4741079,OC[C@H]1O[C@@H](n2cnc3c(Nc4ccc(CN=C=S)cc4)ncnc32)[C@H](O)[C@@H]1O,6.19
A2A,CHEMBL5198386,COc1ccccc1-c1nc(N)nc2ccccc12,6.19
A2A,CHEMBL5192200,CC1=C(C)C2C(=O)NC(NC(=O)c3ccccc3)=NC2S1,6.19
A2A,CHEMBL6176146,COc1ccccc1-c1c(C#N)c(N)nc(N2CCCCC2)c1C#N,6.19
A2A,CHEMBL166301,CCCn1cc2c(nc(NC(=O)Nc3ccc4c(c3)OCO4)n3nc(-c4ccco4)nc23)n1,6.18
A2A,CHEMBL515419,Nc1ncnc2c1nc(Br)n2C1CCC1,6.18
A2A,CHEMBL290106,Oc1c(Cl)cc(Cl)cc1Sc1cc(Cl)cc(Cl)c1O,6.18
A2A,CHEMBL3359411,CCc1nc2c(=O)n(Cc3ccccc3)nc(C3CCCC3)c2c2cc(-c3ccccc3)nn12,6.18
A2A,CHEMBL3416777,CCNC(=O)[C@H]1O[C@@H](n2cnc3c(N)nc(NCCN4CCN(Cc5ccccc5)CC4)nc32)[C@H](O)[C@@H]1O,6.18
A2A,CHEMBL3827074,CCCCn1c(=O)c2c(nc3n2CCCN3c2ccc(OCCN3CCCC3)cc2)n(CCCC)c1=O,6.18
A2A,CHEMBL5847718,COc1cccc2c1nc(N)n1nc([C@@H]3CCC[C@H](N)C3)nc21,6.18
A2A,CHEMBL358341,Cc1cn2c(N)nc(-c3ccccc3)nc2n1,6.17
A2A,CHEMBL165224,Cn1cc2c(nc(NC(=O)Nc3ccc4c(c3)OCO4)n3nc(-c4ccco4)nc23)n1,6.17
A2A,CHEMBL208238,CCCCC[C@@H](O)C#Cc1nc(NCC)c2ncn([C@@H]3O[C@H](C(=O)NCC)[C@@H](O)[C@H]3O)c2n1,6.17
A2A,CHEMBL385372,CCCn1c(=O)c2nc(C34CC5CC(C3)C(C5)C4)[nH]c2n(CCC)c1=O,6.17
A2A,CHEMBL424908,CCCn1c(=O)c2nc([C@]34CC[C@](C(=O)NCC(=O)OC)(CC3)CC4)[nH]c2n(CCC)c1=O,6.17
A2A,CHEMBL260878,CCCn1c(=O)c2[nH]c(-c3cnn(-c4ccc(C)nc4)c3)nc2n(CC)c1=O,6.17
A2A,CHEMBL259338,CCc1nc(-c2ccoc2)c2sccc2n1,6.17
A2A,CHEMBL1935766,COc1ccc(NC(=O)Nc2nc3cn(CCc4ccccc4)nc3c3nc(-c4ccco4)nn23)cc1,6.17
A2A,CHEMBL2089341,O[C@@H]1[C@H](O)[C@@H]2C[C@@H]2[C@H]1n1cnc2c(NCc3cccc(Cl)c3)nc(C#Cc3ccccc3)nc21,6.17
A2A,CHEMBL2377227,Nc1nc(C2CCCO2)nc2sc(Cc3ccccc3)cc12,6.17
A2A,CHEMBL2111553,Cc1nc2ccc(NC(=O)Nc3ccnc4cccnc34)cc2o1.Cl,6.17
A2A,CHEMBL3416804,CCNC(=O)[C@H]1O[C@@H](n2cnc3c(N)nc(N4CCN(c5ccc(OCCOC)cc5)CC4)nc32)[C@H](O)[C@@H]1O,6.17
A2A,CHEMBL291536,Cc1nc2ccc(NC(=O)Nc3ccnc4cccnc34)cc2o1,6.17
A2A,CHEMBL1257013,OC[C@H]1O[C@@H](n2cnc3c(NCCc4ccccc4)ncnc32)[C@H](O)[C@@H]1O,6.17
A2A,CHEMBL4469798,Cn1cc2c(nc(NCCCOCCOCCOCCCNC(=O)OC(C)(C)C)n3nc(-c4ccco4)nc23)n1,6.17
A2A,CHEMBL4441421,Cl.Cn1cc2c(nc(NCC3CCC(CN)CC3)n3nc(-c4ccco4)nc23)n1,6.17
A2A,CHEMBL4473500,O=C(O)C[C@H]1CC[C@H](OC2CCN(c3ccc(-c4nc5cc(Cl)ccc5[nH]4)cn3)CC2)CC1,6.17
A2A,CHEMBL5076699,N#Cc1c(-c2ccccc2)nc(N)nc1-c1ccncc1,6.17
A2A,CHEMBL5202416,O=c1[nH]c(=O)c2c(C(F)(F)F)cc(-c3ccccc3)nc2[nH]1,6.17
A2A,CHEMBL354161,Cn1cc2c(nc(NC(=O)Nc3ccc([N+](=O)[O-])cc3)n3nc(-c4ccco4)nc23)n1,6.16
A2A,CHEMBL355390,COc1cccc(-c2n[nH]c(CC3CCCCC3)n2)c1,6.16
A2A,CHEMBL167001,Oc1ccccc1-c1n[nH]c(-c2ccccc2)n1,6.16
A2A,CHEMBL353602,COc1cccc(-c2n[nH]c(-c3ccc(Cl)c(Cl)c3)n2)c1,6.16
A2A,CHEMBL2113595,CCCCC#Cc1nc(N)c2ncn([C@@H]3O[C@H](CSC)[C@@H](O)[C@H]3O)c2n1,6.16
A2A,CHEMBL201745,Cn1c(=O)c2[nH]c(-c3ccc(OCC(=O)NC4CCCC4)cc3)cc2n(C)c1=O,6.16
A2A,CHEMBL208824,Cn1c(=O)c2nc(-c3cnn(Cc4cccc(C(F)(F)F)c4)c3)[nH]c2n(C)c1=O,6.16
A2A,CHEMBL409481,CCn1c(=O)c2[nH]c(-c3ccc(OCC(=O)N4CCN(c5ccccc5)CC4)cc3)cc2n(CC)c1=O,6.16
A2A,CHEMBL472883,COc1cc(-c2nc3c([nH]2)c(=O)n(C)c(=O)n3C)ccc1OCCN1CCCCC1,6.16
A2A,CHEMBL459553,Cn1c(=O)c2[nH]c(-c3ccc(S(C)(=O)=O)cc3)c(O)c2n(C)c1=O,6.16
A2A,CHEMBL593572,COCCn1c(=O)c2c(nc(Cc3cccs3)n2C)n(Cc2ccco2)c1=O,6.16
A2A,CHEMBL1222246,Cc1nc(-c2sc(NC(=O)c3ccco3)nc2-c2ccccc2)no1,6.16
A2A,CHEMBL2326828,COc1ccc(/C=N/Nc2nc(N)c3ncn([C@@H]4O[C@H](CO)[C@@H](O)[C@H]4O)c3n2)cc1,6.16
A2A,CHEMBL4517597,COC(=O)c1cccc(CSc2nc(N)c(C#N)c(-c3cccs3)c2C#N)c1,6.16
A2A,CHEMBL5178327,Nc1nc(-c2ccoc2)c2ccccc2n1,6.16
A2A,CHEMBL5560478,CCCCC#Cc1nc2c(NCc3cccc(I)c3)nc(-c3ccco3)nc2n1[C@@H]1OC[C@@H](O)[C@H]1O,6.16
A2A,CHEMBL6177686,N#Cc1c(N)nc(N2CCCCC2)c(C#N)c1-c1cccc(Cl)c1,6.16
A2A,CHEMBL97937,Nc1nc(-n2cc(C(=O)NCc3ccc(Cl)cc3)cn2)nc2c1ncn2[C@@H]1O[C@H](CO)[C@@H](O)[C@H]1O,6.15
A2A,CHEMBL201447,CCCn1c(=O)c2[nH]c(-c3ccc(OCC(=O)Nc4ccc([N+](C)(C)C)cc4)cc3)cc2n(CCC)c1=O,6.15
A2A,CHEMBL378810,CCNC(=O)[C@H]1O[C@@H](n2cnc3c(NCC)nc(C#CC(O)c4ccc(OC)cc4)nc32)[C@H](O)[C@@H]1O,6.15
A2A,CHEMBL260495,Cn1c(=O)c2[nH]c(-c3ccc(OCC(=O)N4CCN(c5ccccn5)CC4)cc3)cc2n(C)c1=O,6.15
A2A,CHEMBL259056,CCCn1c(=O)n(C)c(=O)c2[nH]c(-c3ccc(OCC(=O)N4CCN(c5ccccc5)CC4)cc3)cc21,6.15
A2A,CHEMBL603614,Nc1nc(N[C@H](CO)Cc2ccccc2)nc2c1ncn2[C@@H]1C[C@H](n2cccn2)[C@@H](O)[C@H]1O,6.15
A2A,CHEMBL1076503,O=C(NC1CC1)c1nc(NCc2cccnc2)nc2ccsc12,6.15
A2A,CHEMBL1171379,COc1cc(OCc2nc(-c3ccc(Br)cc3)no2)ccc1-c1cc2c([nH]1)c(=O)n(C)c(=O)n2C,6.15
A2A,CHEMBL1222373,O=C(Cc1ccccc1)Nc1nc(-c2ccccc2)c(-c2ncon2)s1,6.15
A2A,CHEMBL1760887,CCN(C(C)=O)c1ccc(OC)c2nc(NC(=O)[C@H]3CCN(C(=O)c4cccc(C(F)(F)F)c4)C3)sc12,6.15
A2A,CHEMBL1444408,CSc1nc2nc3c(c(O)n2n1)CN(Cc1ccccc1)CC3,6.15
A2A,CHEMBL2042309,CCNC(=O)[C@H]1O[C@@H](n2cnc3c(NCC(c4ccccc4)c4ccccc4)nc(NCCc4ccc(NC(=O)c5cc(C(C)(C)C)c(O)c(C(C)(C)C)c5)cc4)nc32)[C@H](O)[C@@H]1O,6.15
A2A,CHEMBL2181155,CCCCCCC(C)Nc1nc2nn(C)cc2c2nc(-c3ccco3)nn12,6.15
A2A,CHEMBL4086268,Nc1nc(-c2ccc(OCc3ccccc3)cc2)cn2c(=O)n(-c3ccccc3)nc12,6.15
A2A,CHEMBL5093448,CNc1nc(-c2ccccc2)c(C#N)c(-c2ccccc2)n1,6.15
A2A,CHEMBL5078181,Cc1ccc(-c2nc(N)nc3c2ncc(=O)n3CCCc2ccccc2)o1,6.15
A2A,CHEMBL5172270,COc1cccc(-c2nc(N)nc3ccccc23)c1,6.15
A2A,CHEMBL5557578,CCCCC#Cc1nc2c(NC)nc(-c3cccs3)nc2n1[C@@H]1SC[C@@H](O)[C@H]1O,6.15
A2A,CHEMBL2113464,Nc1nc(N=O)nc2c1ncn2[C@@H]1O[C@H](CO)[C@@H](O)[C@H]1O,6.14
A2A,CHEMBL195356,Cc1ccc2c(NN)c(Cc3ccccc3)cnc2n1,6.14
A2A,CHEMBL198461,CCc1nc2c([nH]1)c1nc(CC)[nH]c1c1nc(CC)[nH]c21,6.14
A2A,CHEMBL381473,CCCn1c(=O)c2[nH]c(-c3ccc(OCC(=O)Nc4ccccc4F)cc3)c(Cl)c2n(CCC)c1=O,6.14
A2A,CHEMBL232099,CNC(=O)c1cnn(-c2nc(N[C@H]3CCCO3)c3ncn([C@@H]4O[C@H](CO)[C@@H](O)[C@H]4O)c3n2)c1,6.14
A2A,CHEMBL505089,CCCCn1c(Br)nc2c(N)ncnc21,6.14
A2A,CHEMBL506888,C=CCn1c(Br)nc2c(N)ncnc21,6.14
A2A,CHEMBL1080421,CCNc1cc2nc(NCc3cccnc3)nc(C(=O)c3cccs3)c2s1,6.14
A2A,CHEMBL1096754,Cn1cc2c(NC(=O)c3ccccc3)nc(-c3ccccc3)nc2n1,6.14
A2A,CHEMBL1672612,CC(=O)Nc1cnc(-c2ccncc2)c(-c2ccco2)n1,6.14
A2A,CHEMBL3317580,Nc1nc(CCCc2ccc(O)cc2)nc2cn(-c3ccccc3)nc12,6.14
A2A,CHEMBL3401295,CC(C)CCNc1ccc(C(=O)Nc2nccs2)cc1,6.14
A2A,CHEMBL5072724,Nc1nc(-c2ccc(OCCCN3CCCCC3)cc2)c2c(n1)-c1ccccc1C2,6.14
A2A,CHEMBL5094358,COc1ccc(N2CCCN(CCn3c(=O)cnc4c(-c5ccc(C)o5)nc(N)nc43)CC2)cc1,6.14
A2A,CHEMBL5438754,O[C@@H]1[C@H](O)CS[C@H]1n1c(-c2cccs2)nc2c(NCc3cccc(I)c3)nc(Cl)nc21,6.14
A2A,CHEMBL197359,COc1ccc(CNC(=O)c2cnc3nc(C)ccc3c2O)cc1,6.13
A2A,CHEMBL412275,CC(Oc1ccc(-c2cc3c([nH]2)c(=O)n(C)c(=O)n3C)cc1)C(=O)N1CCN(c2ccccc2Cl)CC1,6.13
A2A,CHEMBL258901,CN(C)c1nc(-c2ccoc2)c2sccc2n1,6.13
A2A,CHEMBL1079043,O=C(c1nccs1)c1nc(NCc2cccnc2)nc2ccsc12,6.13
A2A,CHEMBL1475,Cc1cc2cc3c(C)cc(=O)oc3c(C)c2o1,6.13
A2A,CHEMBL2347374,CCOc1cccc2cc(C(=O)NCc3ccccn3)c(=N)oc12,6.13
A2A,CHEMBL3416805,CCNC(=O)[C@H]1O[C@@H](n2cnc3c(N)nc(N4CCN(c5ccc(OCc6ccccc6)cc5)CC4)nc32)[C@H](O)[C@@H]1O,6.13
A2A,CHEMBL3739985,CCCn1cnc2c(N)nc(NCCc3ccccc3)nc21,6.13
A2A,CHEMBL5208266,COc1ccc(-c2nc(N)nc3ccccc23)cc1,6.13
A2A,CHEMBL5201533,Nc1sc(-c2ccc(C(=O)NCCC#Cc3ccc(Nc4ncnc5c4ncn5[C@@H]4O[C@H](CO)[C@@H](O)[C@H]4O)cc3)cc2)c(-c2cccc(C(F)(F)F)c2)c1C(=O)c1ccccc1,6.13
A2A,CHEMBL139000,C[C@H](Cc1ccccc1)Nc1ncnc2c1ncn2[C@@H]1O[C@H](CO)[C@@H](O)[C@H]1O,6.12
A2A,CHEMBL78595,Cc1[nH]c2nc(-c3ccccc3)nc(N[C@H]3CC[C@H](O)CC3)c2c1C,6.12
A2A,CHEMBL124900,CCCCc1nc2[nH]ncc2c2nc(-c3cccc(Cl)c3)nn12,6.12
A2A,CHEMBL45891,OC[C@H]1O[C@@H](n2cnc3c(NC4CCCCC4)ncnc32)[C@H](O)[C@@H]1O,6.12
A2A,CHEMBL331382,Cc1ccccc1CNc1ncnc2c1ncn2[C@@H]1O[C@H](CO)[C@@H](O)[C@H]1O,6.12
A2A,CHEMBL219888,CONc1nc(C#CCC(C)O)nc2c1ncn2[C@@H]1O[C@H](CO)[C@@H](O)[C@H]1O,6.12
A2A,CHEMBL552304,CCn1c(=O)c2[nH]c(-c3ccc(OCC(=O)Nc4cccnc4)cc3)nc2n(CCCOC)c1=O,6.12
A2A,CHEMBL583745,CNC(=O)[C@]12C[C@@H]1[C@@H](n1cnc3c(NCc4cccc(Cl)c4)nc(C#CCCC(=O)NCCCCN)nc31)[C@H](O)[C@@H]2O,6.12
A2A,CHEMBL597354,CCn1c(=O)c2c(nc(Cc3cccs3)n2C)n(Cc2ccccc2)c1=O,6.12
A2A,CHEMBL1795502,Cn1cc2c(n1)c(N)nc1c(OCc3ccccc3)cccc12,6.12
A2A,CHEMBL4069296,Nc1nc(NCCCCCCNC(=O)c2ccc(-c3sc(N)c(C(=O)c4ccccc4)c3-c3cccc(C(F)(F)F)c3)cc2)c2ncn([C@@H]3O[C@H](CO)[C@@H](O)[C@H]3O)c2n1,6.12
A2A,CHEMBL4216880,N#Cc1c(N)nc(SCc2ncc[nH]2)c(C#N)c1-c1ccc(OCC2CC2)cc1,6.12
A2A,CHEMBL4474394,Cl.Cn1cc2c(nc(NCCN)n3nc(-c4ccco4)nc23)n1,6.12
A2A,CHEMBL4559410,Cn1c(=O)c2c(nc3n2CCCCN3Cc2ccccc2Br)n(C)c1=O,6.12
A2A,CHEMBL5437109,CNc1nc(Cl)nc2c1nc(-c1ccco1)n2[C@@H]1SC[C@@H](O)[C@H]1O,6.12
A2A,CHEMBL5569426,Cc1c(C#N)cccc1-c1cc(-c2cn(Cc3c[nH]c4cc(Cl)ccc34)nn2)nc(N)n1,6.12
A2A,CHEMBL27376,CNC(=O)[C@@]12C[C@@H]1[C@@H](n1cnc3c(NCc4cccc(I)c4)nc(Cl)nc31)[C@H](O)[C@@H]2O,6.11
A2A,CHEMBL198243,CCCn1c(=O)n(C)c(=O)c2[nH]c(-c3ccc(OCC(=O)O)cc3)cc21,6.11
A2A,CHEMBL381108,CCNC(=O)[C@H]1O[C@@H](n2cnc3c(NCC)nc(C#C[C@H](C)O)nc32)[C@H](O)[C@@H]1O,6.11
A2A,CHEMBL211521,CCCn1c(=O)[nH]c2[nH]c(-c3ccc(S(=O)(=O)NCCc4ccccc4)cc3)nc2c1=O,6.11
A2A,CHEMBL261554,CCCn1c(=O)c2[nH]c(-c3cnn(Cc4cc(-c5ccc(Cl)cc5)on4)c3)nc2n(CC)c1=O,6.11
A2A,CHEMBL407652,CCc1nc(-n2nccn2)c2sccc2n1,6.11
A2A,CHEMBL260008,CS(=O)(=O)c1ccc(Cn2cnc3c(-c4ccco4)nc(N)nc32)cc1,6.11
A2A,CHEMBL1076563,O=c1[nH]c2cc(-c3ccncn3)c(-c3ccco3)nc2[nH]1,6.11
A2A,CHEMBL1091268,Cn1cc2c(nc(NC(=O)Cc3ccccc3)n3nc(-c4ccccc4)nc23)n1,6.11
A2A,CHEMBL1277925,CCCc1nc2c(=O)n(Cc3ccccc3)nc(-c3ccncc3)c2c2cc(-c3ccccc3)nn12,6.11
A2A,CHEMBL3314881,O=C(Nc1ncc(C(=O)NCCc2ccccc2)c2nc(-c3ccco3)nn12)NC1CCCCC1,6.11
A2A,CHEMBL3414938,CCn1nnc([C@H]2O[C@@H](n3cnc4c(NC)ncnc43)[C@H](O)[C@@H]2O)n1,6.11
A2A,CHEMBL3922410,Nc1nc(Nc2ccccc2)nc2sc(-c3ccco3)nc12,6.11
A2A,CHEMBL4554404,COc1ccccc1CN1CCn2c1nc1c2c(=O)n(C)c(=O)n1C,6.11
A2A,CHEMBL5207324,Nc1nc(-c2ccco2)c2cnn(CCCCCC(=O)NO)c2n1,6.11
A2A,CHEMBL5408699,Cc1c(C#N)cccc1-c1cc(-c2ccn(Cc3cccc(O)c3)c(=O)c2)nc(N)n1,6.11
A2A,CHEMBL344724,CC(C)(C)n1cc2c(nc(NC(=O)Nc3cccc(Cl)c3)n3nc(-c4ccco4)nc23)n1,6.1
A2A,CHEMBL2113604,CCCCC#Cc1nc(N)c2ncn([C@@H]3O[C@H](CSCCC)[C@@H](O)[C@H]3O)c2n1,6.1
A2A,CHEMBL2368368,CNC(=O)[C@]12C[C@@H]1[C@@H](n1cnc3c(NCc4cc(Cl)ccc4OCC(N)=O)nc(Cl)nc31)[C@H](O)[C@@H]2O,6.1
A2A,CHEMBL216517,CCCn1c(=O)c2nc([C@]34CC[C@](C=O)(CC3)CC4)[nH]c2n(CCC)c1=O,6.1
A2A,CHEMBL427602,CN1CCN(C(=O)COc2ccc(-c3cc4c([nH]3)c(=O)n(C)c(=O)n4C)cc2)CC1,6.1
A2A,CHEMBL259869,Cn1c(=O)c2[nH]c(-c3ccc(OCC(=O)N4CCC(c5ccccc5)CC4)cc3)cc2n(C)c1=O,6.1
A2A,CHEMBL488366,Cn1c(=O)c2[nH]c(-c3cccc(OCCN4CCCCC4)c3)nc2n(C)c1=O,6.1
A2A,CHEMBL490250,OC[C@H]1O[C@@H](n2cnc3c(NC4CC5CCC4C5)nc(Cl)nc32)[C@H](O)[C@@H]1O,6.1
A2A,CHEMBL598551,Cc1cccc(NC2=C(N)C(=O)c3ccccc3C2=O)c1,6.1
A2A,CHEMBL1762508,Nc1nc(-c2cccnc2)cc2nn(Cc3ccccc3)c(=O)n12,6.1
A2A,CHEMBL2070884,C#CCN1CCC(NC(=O)Nc2nc3nn(C)cc3c3nc(-c4ccco4)nn23)CC1,6.1
A2A,CHEMBL2180921,CCN(CC)c1nc2nn(C)cc2c2nc(-c3ccco3)nn12,6.1
A2A,CHEMBL3114160,CC(C)n1cc2c(Cl)nc(N(C(=O)c3ccccc3)C(=O)c3ccccc3)nc2n1,6.1
A2A,CHEMBL3133080,CNC(=O)[C@H]1O[C@@H](n2cnc3c(NCC(c4ccccc4)c4ccccc4)nc(N)nc32)[C@H](O)[C@@H]1O,6.1
A2A,CHEMBL3133159,CNC(=O)[C@H]1O[C@@H](n2cnc3c(NC4CCCCC4)nc(N)nc32)[C@H](O)[C@@H]1O,6.1
A2A,CHEMBL3317577,COc1ccc(CCCc2nc(N)c3nn(-c4ccccc4)cc3n2)cc1,6.1
A2A,CHEMBL4465141,O=C(Nc1nc2nn(CCCc3ccccc3)cc2c2nc(-c3ccco3)nn12)c1cccc2ccccc12,6.1
A2A,CHEMBL4449479,Nc1nc(N/N=C/c2ccc(Cl)c(C(F)(F)F)c2)nc2c1ncn2[C@@H]1O[C@H](CO)[C@@H](O)[C@H]1O,6.1
A2A,CHEMBL4440287,Nc1nc(N/N=C/c2ccc(N3CCOCC3)cc2)nc2c1ncn2[C@@H]1O[C@H](CO)[C@@H](O)[C@H]1O,6.1
A2A,CHEMBL5074874,Cn1nccc1-c1nc2c(-c3ccc(=O)n(C)c3)cnc(N)n2n1,6.1
A2A,CHEMBL6062615,CCn1c(=O)c2c(C)c(Cn3cn[nH]c3=O)sc2n(CCC(F)(F)F)c1=O,6.1
A2A,CHEMBL6031846,Cc1cnc2ccc(-c3c(N4CCC5(COC5)C4)nc(N)n4nc(Cc5ncccc5F)nc34)cn12,6.1
A2A,CHEMBL81863,Cc1[nH]c2nc(-c3ccccc3)nc(NCc3ccncc3)c2c1C,6.09
A2A,CHEMBL262987,Cn1cc2c(nc(NC(=O)Nc3ccc4ccccc4n3)n3nc(-c4ccco4)nc23)n1,6.09
A2A,CHEMBL402474,CCCn1c(=O)c2[nH]c(-c3ccc(OCC(=O)N4CCN(c5nc6ccc(Cl)cc6s5)CC4)cc3)cc2n(CCC)c1=O,6.09
A2A,CHEMBL1082171,O=C(Nc1ccc(-c2ccncc2)c(-c2cncs2)n1)C1CC1,6.09
A2A,CHEMBL1277116,O=c1c2ncn3nc(-c4ccccc4)cc3c2c(-c2cccnc2)nn1Cc1ccccc1,6.09
A2A,CHEMBL2181164,Cn1cc2c(nc(NCC3CCCCC3)n3nc(-c4ccco4)nc23)n1,6.09
A2A,CHEMBL4522981,CCn1c(=O)c2c(C)c(C(=O)N3CCC(O)CC3)sc2n(CCC(F)(F)F)c1=O,6.09
A2A,CHEMBL4755552,CCOC(=O)C(C)Nc1nc2nn(C)cc2c2nc(-c3ccco3)nn12,6.09
A2A,CHEMBL6175780,N#Cc1c(N)nc(N2CCCCC2)c(C#N)c1-c1cccc(OCc2ccccc2)c1,6.09
A2A,CHEMBL373317,Cc1ccc2c(O)c(C(=O)NC3CCCCC3)cnc2n1,6.08
A2A,CHEMBL198779,Cc1cccc2[nH]c(-c3cnc4ccccc4n3)nc12,6.08
A2A,CHEMBL461656,Nc1nc(-c2ccco2)c2nnn(Cc3cccc(C(=O)O)c3)c2n1,6.08
A2A,CHEMBL477444,O[C@@H]1[C@H](O)[C@@H](CCl)O[C@H]1n1cnc2c(NC3CCCC3)ncnc21,6.08
A2A,CHEMBL3401303,CCN(CC)CCCCC(=O)Nc1ccc(C(=O)Nc2nccs2)cc1,6.08
A2A,CHEMBL3765387,Nc1cc(C(=O)NCc2cccc3cccnc23)c2ccccc2n1,6.08
A2A,CHEMBL3922797,O=C(c1cccs1)c1nc(NCc2cccnc2)nc2cc(NCc3cccnc3)sc12,6.08
A2A,CHEMBL4281640,CCOC(=O)c1cnc(NCCN)n2nc(-c3ccco3)nc12,6.08
A2A,CHEMBL4279573,CCOC(=O)c1cnc(NNC(=O)OC(C)(C)C)n2nc(-c3ccco3)nc12,6.08
A2A,CHEMBL4791368,CCCNc1nc(C#Cc2ccc(F)s2)nc2c1ncn2[C@H]1[C@H](O)[C@H](O)[C@]2(C(=O)NC)C[C@H]12,6.08
A2A,CHEMBL106520,c1ccc(-n2cc3c(n2)c(NC2CCCC2)nc2ccccc23)cc1,6.07
A2A,CHEMBL2368369,CNC(=O)[C@]12C[C@@H]1[C@@H](n1cnc3c(NCc4cc(Cl)ccc4OCc4ccccc4)nc(Cl)nc31)[C@H](O)[C@@H]2O,6.07
A2A,CHEMBL417292,OC[C@@]12C[C@@H]1[C@@H](n1cnc3c(NCc4cccc(I)c4)ncnc31)[C@H](O)[C@@H]2O,6.07
A2A,CHEMBL1082001,Nc1n[nH]c2nc(-c3ccco3)c(-c3ccncn3)cc12,6.07
A2A,CHEMBL1089131,CCn1cc2c(nc(N)n3nc(-c4ccc(Cl)cc4)nc23)n1,6.07
A2A,CHEMBL42442,COC(=O)Nc1nc2cc([S+]([O-])c3ccccc3)ccc2[nH]1,6.07
A2A,CHEMBL2153626,Cn1c(=O)c2c(nc3n2CCCN3C2CCC2)n(C)c1=O,6.07
A2A,CHEMBL2180929,Cn1cc2c(nc(NC3C4CC5CC(C4)CC3C5)n3nc(-c4ccco4)nc23)n1,6.07
A2A,CHEMBL4071067,Nc1nc(-c2ccco2)cn2cc(-c3ccco3)nc12,6.07
A2A,CHEMBL4740116,CCOC(=O)C(Nc1nc2nn(C)cc2c2nc(-c3ccco3)nn12)c1ccccc1,6.07
A2A,CHEMBL4741273,Nc1nc(-c2ccc(S(N)(=O)=O)cc2)cn2c(=O)n(-c3ccccc3)nc12,6.07
A2A,CHEMBL99983,Nc1nc(-c2cnn(CC3CCCCC3)c2)nc2c1ncn2[C@@H]1O[C@H](CO)[C@@H](O)[C@H]1O,6.06
A2A,CHEMBL198874,Cc1ccc2c(O)c(CC(=O)NCc3ccccc3)cnc2n1,6.06
A2A,CHEMBL210213,CCCn1c(=O)c2nc(-c3cnn(Cc4cccc(Cl)c4F)c3)[nH]c2n(CCC)c1=O,6.06
A2A,CHEMBL260179,COc1ccc(C2CCN(C(=O)COc3ccc(-c4cc5c([nH]4)c(=O)n(C)c(=O)n5C)cc3OC)CC2)cc1,6.06
A2A,CHEMBL1081039,O=C(Nc1ccc(-c2ccncc2)c(-c2ccccn2)n1)C1CC1,6.06
A2A,CHEMBL1290324,CC(C)(NC(=O)COc1ccc2[nH]c(=O)c(-c3nccs3)c(CCC(F)(F)F)c2c1)c1ccccc1,6.06
A2A,CHEMBL1672624,O=C(Nc1cnc(-c2ccncc2)c(-c2ncco2)n1)C1CC1,6.06
A2A,CHEMBL5209296,Nc1nc(-c2ccco2)c2cnn(Cc3ccc(C(=O)NO)cc3)c2n1,6.06
A2A,CHEMBL5201509,Nc1nc(-c2ccco2)c2cnn(CCCc3ccc(C(=O)NO)cc3)c2n1,6.06
A2A,CHEMBL103150,CCCc1cc(O)c2ccc(C)nc2n1,6.05
A2A,CHEMBL331111,CCCCc1nc2[nH]cnc2c2nc(-c3ccc(OC)cc3)nn12,6.05
A2A,CHEMBL146658,Nc1nc2nn(CCc3cccc4ccccc34)cc2c2nc(-c3ccco3)nn12,6.05
A2A,CHEMBL123195,CCCCc1nc2[nH]cnc2c2nc(-c3cccnc3)nn12,6.05
A2A,CHEMBL202876,CCN(Cc1ccccc1)C(=O)COc1ccc(-c2cc3c([nH]2)c(=O)n(C)c(=O)n3C)cc1,6.05
A2A,CHEMBL383201,CCCCn1c(=O)c2nc(-c3cnn(Cc4ccccc4)c3)[nH]c2n(CCCC)c1=O,6.05
A2A,CHEMBL222748,Nc1nc(OCCc2c[nH]c3ccc(I)cc23)nc2c1ncn2[C@@H]1O[C@H](CO)[C@@H](O)[C@H]1O,6.05
A2A,CHEMBL223977,CCC(C)C(=O)Nc1cc(-c2ccccc2)nc(-c2ccccc2)n1,6.05
A2A,CHEMBL405696,CN1C(=O)C2Nc3cccnc3C2N(C)C1=O,6.05
A2A,CHEMBL541185,Cn1c(=O)c2[nH]c3cccnc3c2n(C)c1=O,6.05
A2A,CHEMBL583746,CNC(=O)[C@]12C[C@@H]1[C@@H](n1cnc3c(NCc4cccc(Cl)c4)nc(C#CCCC(=O)NCCNCCN)nc31)[C@H](O)[C@@H]2O,6.05
A2A,CHEMBL604885,CCSCCn1c(=O)c2c(nc(Cc3cccs3)n2C)n(Cc2ccco2)c1=O,6.05
A2A,CHEMBL184517,COc1ccc(CCNC(=N)Nc2nc(C)cc(C)n2)cc1,6.05
A2A,CHEMBL1098109,Cn1cc2c(NC(=O)c3cccc(Cl)c3)nc(-c3ccccc3)nc2n1,6.05
A2A,CHEMBL1671919,CCC(=O)Nc1ccc(C(=O)Nc2nccs2)cc1,6.05
A2A,CHEMBL2180906,Cn1cc2c(nc(NC(c3ccccc3)c3ccccc3)n3nc(-c4ccco4)nc23)n1,6.05
A2A,CHEMBL2313274,Cn1c(=O)c2c(cc(/C=C/c3cccc(N)n3)n2C)n(C)c1=O,6.05
A2A,CHEMBL4087331,CNC(=O)[C@H]1[Se][C@@H](n2cnc3c(NC4CCC4)nc(Cl)nc32)[C@H](O)[C@@H]1O,6.05
A2A,CHEMBL4439963,N#CCSc1nc(N)c(C#N)c(-c2ccco2)c1C#N,6.05
A2A,CHEMBL4573517,Cn1c(=O)c2c(nc3n2CCN3Cc2ccccc2Br)n(C)c1=O,6.05
A2A,CHEMBL4550899,Cn1c(=O)c2c(nc3n2CCCCN3Cc2ccccc2Cl)n(C)c1=O,6.05
A2A,CHEMBL4759275,CCOC(=O)[C@@H](Cc1cc2ccccc2[nH]1)Nc1nc2nn(C)cc2c2nc(-c3ccco3)nn12,6.05
A2A,CHEMBL5076095,CCNc1nc(-c2ccccc2)c(C#N)c(-c2ccc3c(c2)OCO3)n1,6.05
A2A,CHEMBL5436195,O=c1[nH]nc(NC2CCCC2)c2nnn(Cc3cccs3)c12,6.05
A2A,CHEMBL381408,CNC(=O)[C@H]1S[C@@H](n2cnc3c(NC4CCCC4)nc(Cl)nc32)[C@H](O)[C@@H]1O,6.04
A2A,CHEMBL203506,Cc1ccc(NC(=O)Nc2nc3nn(C)cc3c3nc(-c4ccco4)nn23)s1,6.04
A2A,CHEMBL438823,CCCn1c(=O)c2nc([C@]34CC[C@](C(=O)OC)(CC3)CC4)[nH]c2n(CCC)c1=O,6.04
A2A,CHEMBL606535,COCCn1c(=O)c2c(nc(Cc3ccccc3)n2C)n(Cc2ccco2)c1=O,6.04
A2A,CHEMBL1270917,CCCCCn1c(NC(=O)c2cccc(C#N)c2)nc2cc(C(=O)N3CCCCC3)cnc21,6.04
A2A,CHEMBL496,Oc1c(Cl)cc(Cl)c(Cl)c1Cc1c(O)c(Cl)cc(Cl)c1Cl,6.04
A2A,CHEMBL3394265,CCCN(CCCNc1nc(N)n2nc(-c3ccco3)nc2n1)CCc1cccc2c1CC(=O)N2,6.04
A2A,CHEMBL3753103,Fc1ccc(CNc2nc(Oc3ccccc3)nc3nc(-c4ccco4)nn23)cc1,6.04
A2A,CHEMBL3827201,CCCCn1c(=O)c2c(nc3n2CCCN3c2ccc(OCCN3CCCCC3)cc2)n(CCCC)c1=O,6.04
A2A,CHEMBL3897613,Cn1cc2c(nc(NNC(=S)Nc3ccc(-c4c5ccc(=O)cc-5oc5cc(O)ccc45)c(C(=O)O)c3)n3nc(-c4ccco4)nc23)n1,6.04
A2A,CHEMBL3928333,Cn1cc2c(nc(NCCCCCNC(=S)Nc3ccc(-c4c5ccc(=O)cc-5oc5cc(O)ccc45)c(C(=O)O)c3)n3nc(-c4ccco4)nc23)n1,6.04
A2A,CHEMBL4461166,O=C(O)C[C@H]1CC[C@H](OC2CCN(c3ccc(-c4nc5c(F)cccc5[nH]4)cn3)CC2)CC1,6.04
A2A,CHEMBL5439422,CNc1nc(NCCc2ccc(O)cc2)nc2c1nc(-c1cccs1)n2[C@@H]1SC[C@@H](O)[C@H]1O,6.04
A2A,CHEMBL5848893,Nc1nc(-c2ccccn2)c2c(n1)C(Cc1ccccc1)OC2=O,6.04
A2A,CHEMBL68500,O=c1[nH]c(=O)c2nc3ccccc3nc2[nH]1,6.03
A2A,CHEMBL198191,CCn1c(=O)c2[nH]c(-c3ccc(OCC(=O)O)cc3)cc2n(CCCOC)c1=O,6.03
A2A,CHEMBL205768,CCNC(=O)[C@H]1O[C@@H](n2cnc3c(NCC)nc(C#CC4(O)CCCC4)nc32)[C@H](O)[C@@H]1O,6.03
A2A,CHEMBL455315,CCCn1c(=O)c2[nH]c(-c3ccc(C(=O)O)cc3)c(O)c2n(CCC)c1=O,6.03
A2A,CHEMBL2153614,Cn1c(=O)c2c(nc3n2CCCN3CCC2=CCCCC2)n(C)c1=O,6.03
A2A,CHEMBL2413249,Cn1cc2c(nc(NNC(=S)Nc3ccc(C4c5ccc(O)cc5OC5=CC(=O)C=CC54)c(C(=O)O)c3)n3nc(-c4ccco4)nc23)n1,6.03
A2A,CHEMBL3765399,Nc1nc(C(=O)NCc2ccnc3ccccc23)c2cccc(F)c2n1,6.03
A2A,CHEMBL5093935,Nc1nc(-c2ccc(OCCCN3CCCCC3)cc2)c2c(n1)-c1ccc(OCCCN3CCCCC3)cc1C2,6.03
A2A,CHEMBL5933766,COc1cccc2c(C(=O)NC3(c4ccccn4)CC3)nc(N)nc12,6.03
A2A,CHEMBL312503,Cc1[nH]c2nc(-c3ccccc3)nc(N[C@@H]3CCCCNC3=O)c2c1C,6.02
A2A,CHEMBL1093202,O=C(Nc1nc2nn(CCc3ccccc3)cc2c2nc(-c3ccccc3)nn12)c1ccccc1,6.02
A2A,CHEMBL1955923,CCCn1c(=O)c2[nH]c(-c3cc(=O)[nH]n3C)cc2n(CCC)c1=O,6.02
A2A,CHEMBL3222073,Nc1nc(-c2ccc(C3CC3)o2)nc2sc(CN3CCOCC3)cc12,6.02
A2A,CHEMBL4549927,COc1ccccc1CN1CCCCn2c1nc1c2c(=O)n(C)c(=O)n1C,6.02
A2A,CHEMBL5395897,CNc1nc(Cl)nc2c1nc(-c1cccs1)n2[C@@H]1SC[C@@H](O)[C@H]1O,6.02
A2A,CHEMBL5419573,Nc1nc(NCCc2ccc(O)cc2)nc2c1nc(-c1cccs1)n2[C@@H]1SC[C@@H](O)[C@H]1O,6.02
A2A,CHEMBL6173485,Cc1ccc(-c2c(C#N)c(N)nc(N3CCCCC3)c2C#N)cc1,6.02
A2A,CHEMBL103559,CCOc1cc(-c2ccccc2)nc2nc(Br)ccc12,6.01
A2A,CHEMBL2113456,O=C(N/N=N/c1nc(NCC(c2ccccc2)c2ccccc2)c2ncn([C@@H]3O[C@H](CO)[C@@H](O)[C@H]3O)c2n1)Nc1ccccc1,6.01
A2A,CHEMBL318732,CCOC(=O)CNC(=O)c1cnn(-c2nc(N)c3ncn([C@@H]4O[C@H](CO)[C@@H](O)[C@H]4O)c3n2)c1,6.01
A2A,CHEMBL195357,Cc1ccc2c(O)c(Cc3ccccc3Cl)cnc2n1,6.01
A2A,CHEMBL574612,CNC(=O)[C@]12C[C@@H]1[C@@H](n1cnc3c(NCc4cccc(Cl)c4)nc(C#CCCC(=O)NCCCN)nc31)[C@H](O)[C@@H]2O,6.01
A2A,CHEMBL1834622,Cn1cc2c(nc(NC(=O)Nc3ccccc3)n3nc(-c4ccc(Cl)cc4)nc23)n1,6.01
A2A,CHEMBL3093327,Cn1c(=O)c2[nH]c([C@]34C[C@@H]5C[C@H](C[C@H]3C5)C4)nc2n(C)c1=O,6.01
A2A,CHEMBL3416778,CCNC(=O)[C@H]1O[C@@H](n2cnc3c(N)nc(NCCN4CCN(CCc5ccccc5)CC4)nc32)[C@H](O)[C@@H]1O,6.01
A2A,CHEMBL3088340,c1ccc(Nc2nc3c(N4CCCCC4)ncnc3s2)cc1,6.01
A2A,CHEMBL3828214,Cc1ccc(Nc2nc3c(N4CCCC4)ncnc3s2)cc1,6.01
A2A,CHEMBL4129565,COc1cccc(CNc2nc(N)c3nc(-c4cnccn4)sc3n2)c1,6.01
A2A,CHEMBL320872,CCCCn1c(=O)c2nc(C34CC5CC(CC3C5)C4)[nH]c2n(CCCC)c1=O,6.01
A2A,CHEMBL4530290,O=C(O)C[C@H]1CC[C@@H](Oc2ccc(-c3ccc(-c4nc5cc(C(F)(F)F)cnc5[nH]4)cn3)cn2)CC1,6.01
A2A,CHEMBL5083868,Cc1ccc(-c2nc(N)nc3c2ncc(=O)n3CCCCc2ccccc2)o1,6.01
A2A,CHEMBL5203443,Nc1nc(-c2ccco2)c2cnn(CCOc3ccc(C(=O)Nc4ccccc4N)cc3)c2n1,6.01
A2A,CHEMBL5759226,COc1cc2nc(F)n3nc([C@H]4CN(c5cn(CC(C)(C)O)nc5C)CCS4(=O)=O)nc3c2cc1F,6.01
A2A,CHEMBL6169636,N#Cc1c(N)nc(N2CCCCC2)c(C#N)c1-c1cccc(O)c1,6.01
A2A,CHEMBL2113453,Nc1nc(/N=N/NC(=O)c2ccccc2)nc2c1ncn2[C@@H]1O[C@H](CO)[C@@H](O)[C@H]1O,6.0
A2A,CHEMBL168912,COc1cccc(-c2n[nH]c(CCc3ccc(Cl)c(Cl)c3)n2)c1,6.0
A2A,CHEMBL424011,c1cc(CN2CCCC2)cc(-c2n[nH]c(-c3ccc4c(c3)OCCO4)n2)c1,6.0
A2A,CHEMBL180236,CCCn1c(=O)c2nc(-c3ccc(OCc4noc(-c5ccc(C)cc5)n4)cc3)[nH]c2n(CCC)c1=O,6.0
A2A,CHEMBL199697,CCCn1c(=O)c2[nH]c(-c3ccc(OC(C)C(=O)O)cc3)cc2n(CCC)c1=O,6.0
A2A,CHEMBL404123,CCNC(=O)[C@H]1O[C@@H](n2cnc3c(NCC(c4ccccc4)c4ccccc4)nc(NCCC4CCCCC4)nc32)[C@H](O)[C@@H]1O,6.0
A2A,CHEMBL404521,COC[C@H]1O[C@@H](n2cnc3c(NCC(c4ccccc4)c4ccccc4)nc(NCCC4CCCCC4)nc32)[C@H](O)[C@@H]1O,6.0
A2A,CHEMBL407711,Cc1cc(C)n(-c2nc(NC(=O)CN3CCN(C)CC3)cc(-c3cnco3)n2)n1,6.0
A2A,CHEMBL486719,COc1cc(-c2nc3c([nH]2)c(=O)n(C)c(=O)n3C)ccc1OCCN1CCCC1,6.0
A2A,CHEMBL511714,Cn1c(=O)c2[nH]c(-c3ccc(COC(=O)NCc4ccccc4)cc3)cc2n(C)c1=O,6.0
A2A,CHEMBL549352,O[C@@H]1[C@H](O)CO[C@H]1n1cnc2c(NCc3cccc(I)c3)ncnc21,6.0
A2A,CHEMBL601856,Nc1c(Oc2ccccc2)ccc2c1C(=O)c1ccccc1C2=O,6.0
A2A,CHEMBL603914,Nc1c(C(=O)Nc2nccs2)sc2nc3c(cc12)C(=O)CCC3,6.0
A2A,CHEMBL1078349,Cc1ccc(C(=O)c2nc(NCc3cccnc3)nc3ccsc23)s1,6.0
A2A,CHEMBL1097737,Nc1nc(-c2ccccc2)nc2nn(CCc3ccccc3)cc12,6.0
A2A,CHEMBL1760894,CCN(C(C)=O)c1ccc(OC)c2nc(NC(=O)C3CCN(Cc4cccc(C(F)(F)F)c4)CC3)sc12,6.0
A2A,CHEMBL1927630,O=C(Nc1nc(Oc2ccccc2)nc2nc(-c3ccco3)nn12)c1ccccc1,6.0
A2A,CHEMBL2042080,COc1cccc2cc(C(=O)Nc3c(C#N)ncn3-c3ccccc3)c(=N)oc12,6.0
A2A,CHEMBL2042076,COc1cccc2cc(C(=O)NCCO)c(=N)oc12,6.0
A2A,CHEMBL2042075,COc1cccc2cc(C(=O)NCCCCCO)c(=N)oc12,6.0
A2A,CHEMBL1501213,N#CCSc1nc2cc(C(=O)N3CCC(C(N)=O)CC3)ccc2c2nc3ccccc3n12,6.0
A2A,CHEMBL2070719,Cc1n[nH]c(C)c1S(=O)(=O)N1CCC(C(=O)Nc2nc3c(C)cccc3s2)CC1,6.0
A2A,CHEMBL2151249,C[C@@H](Oc1cccc(Cl)c1)C(=O)Nc1nc(-c2ccccc2)n[nH]1,6.0
A2A,CHEMBL2151250,C[C@@H](Oc1ccccc1)C(=O)Nc1nc(-c2ccccc2)n[nH]1,6.0
A2A,CHEMBL2151253,C[C@@H](Oc1ccccc1F)C(=O)Nc1nc(-c2ccccc2)n[nH]1,6.0
A2A,CHEMBL2151133,COc1ccc(CC(=O)Nc2nc(-c3ccccc3)n[nH]2)cc1,6.0
A2A,CHEMBL3222103,Nc1nc(-c2ccccc2)nc2sc(CN3CCOCC3)cc12,6.0
A2A,CHEMBL3222096,Nc1nc(-c2ccon2)nc2sc(CN3CCOCC3)cc12,6.0
A2A,CHEMBL3827187,CCCCn1c(=O)c2c(nc3n2CCCN3c2ccc(OCCN(CC)CC)cc2)n(CCCC)c1=O,6.0
A2A,CHEMBL3897868,Cn1cc2c(nc(NC(=O)Nc3ccc(CC(=O)O)cc3)n3nc(-c4ccco4)nc23)n1,6.0
A2A,CHEMBL4280070,O=C(CN1CCCCC1)Nc1ccc2oc(-c3ccco3)nc2c1,6.0
A2A,CHEMBL4460114,CCCn1c(=O)[nH]c2nc(-c3ccc(S(=O)(=O)N4CCN(c5cccc(Cl)c5)CC4)cc3)[nH]c2c1=O,6.0
A2A,CHEMBL5093127,Cc1ccc(-c2nc(N)nc3c2ncc(=O)n3CC2CC2)o1,6.0
A2A,CHEMBL5574634,Cc1c(C#N)cccc1-c1cc(-c2cn(Cc3ccc4[nH]ccc4c3)nn2)nc(N)n1,6.0
A2A,CHEMBL5782685,Cc1ccc(-c2nc(N)nc3c2C(=O)OC3(C)Cc2ccccc2F)o1,6.0
A2A,CHEMBL269112,Oc1c(-c2cccs2)nnc2nc3ccccc3n12,5.99
A2A,CHEMBL142926,COc1ccc(NC(=O)Nc2nc3nn(CC=C(C)C)cc3c3nc(-c4ccco4)nn23)cc1,5.99
A2A,CHEMBL370378,Cn1c(=O)c2[nH]c(-c3ccc(OCC(=O)Nc4ccc(Br)cc4)cc3)cc2n(C)c1=O,5.99
A2A,CHEMBL203196,CN(Cc1ccccc1)C(=O)COc1ccc(-c2cc3c([nH]2)c(=O)n(C)c(=O)n3C)cc1,5.99
A2A,CHEMBL235294,O=C(Nc1nc2ccccc2n2c(=O)c(-c3ccccc3)nn12)c1ccccc1,5.99
A2A,CHEMBL259857,CCCn1c(=O)n(C)c(=O)c2[nH]c(-c3ccc(OCC(=O)N4CCC(c5ccccc5)CC4)cc3)cc21,5.99
A2A,CHEMBL2180919,CN(C)c1nc2nn(C)cc2c2nc(-c3ccco3)nn12,5.99
A2A,CHEMBL2377098,Nc1nc(-c2cccc(C(F)(F)F)c2)nc2sc(Cc3ccccc3)cc12,5.99
A2A,CHEMBL3217869,N#Cc1ccccc1-c1nc(N)c2cc(CN3CCC(F)CC3)sc2n1,5.99
A2A,CHEMBL3741012,CCCn1c(Br)nc2c(NCCCc3ccccc3)ncnc21,5.99
A2A,CHEMBL3752421,O=C(Nc1nc(NC2CCCCC2)nc2nc(-c3ccco3)nn12)c1ccccc1,5.99
A2A,CHEMBL3764736,Cn1nccc1-c1cccc2c(C(=O)NCc3cccc4cccnc34)nc(N)nc12,5.99
A2A,CHEMBL3827598,CCCCn1c(=O)c2c(nc3n2CCCN3c2ccc(OCCN(C)C)cc2)n(CCCC)c1=O,5.99
A2A,CHEMBL4163630,CCn1c(-c2ccccc2)nc2c(NC3CCOC3)ncnc21,5.99
A2A,CHEMBL4558859,Cc1ccccc1CN1CCCn2c1nc1c2c(=O)n(C)c(=O)n1C,5.99
A2A,CHEMBL5093743,N#Cc1c(-c2ccccc2)cc(N)nc1SCc1ncc[nH]1,5.99
A2A,CHEMBL5075275,Cc1csc(-c2nc3c(-c4ccc(=O)n(C)c4)cnc(N)n3n2)n1,5.99
A2A,CHEMBL5074910,Cc1ccc(-c2nc(N)nc3c2[nH]c(=O)n3Cc2ccccc2)o1,5.99
A2A,CHEMBL5089248,COc1ccccc1Cn1c(=O)cnc2c(-c3ccc(C)o3)nc(N)nc21,5.99
A2A,CHEMBL5556691,CCCCC#Cc1nc2c(NCc3cccc(I)c3)nc(-c3cccs3)nc2n1[C@@H]1SC[C@@H](O)[C@H]1O,5.99
A2A,CHEMBL65271,CCn1cc2c(nc(NC(=O)Nc3ccc(OC)cc3)n3nc(-c4ccco4)nc23)n1,5.98
A2A,CHEMBL116827,COc1ccc(-n2nc3c(N)nc4c(N)cccc4n3c2=O)cc1,5.98
A2A,CHEMBL426660,COc1cc(OCC(=O)Nc2ccccc2)ccc1-c1cc2c([nH]1)c(=O)n(C)c(=O)n2C,5.98
A2A,CHEMBL220053,CC(C)(C)c1nc2c(-c3ccccc3)cc(-c3ccccc3)nc2[nH]1,5.98
A2A,CHEMBL259760,CCCn1c(=O)c2[nH]c(-c3ccc(OCC(=O)N4CCC(c5ccccc5)(c5ccccc5)CC4)cc3)cc2n(CCC)c1=O,5.98
A2A,CHEMBL594255,CCn1c(=O)c2[nH]c(Cc3ccccc3)nc2n(Cc2ccco2)c1=O,5.98
A2A,CHEMBL1760893,CCN(C(C)=O)c1ccc(OC)c2nc(NC(=O)C3CCN(S(=O)(=O)c4cccc(C(F)(F)F)c4)CC3)sc12,5.98
A2A,CHEMBL3827097,COc1cc(Nc2nc3c(Cl)ncnc3s2)cc(OC)c1OC,5.98
A2A,CHEMBL4067571,COc1ccc(-n2nc3c(N)nc(C)cn3c2=O)cc1,5.98
A2A,CHEMBL6177713,N#Cc1c(N)nc(N2CCCCC2)c(C#N)c1-c1cccc(Br)c1,5.98
A2A,CHEMBL105913,COc1ccc(-n2cc3c(n2)c(N)nc2ccccc23)cc1,5.97
A2A,CHEMBL217179,CCCn1c(=O)c2nc([C@]34CC[C@](C(=O)O)(CC3)CC4)[nH]c2n(CCC)c1=O,5.97
A2A,CHEMBL490605,O[C@@H]1[C@H](O)[C@@H]2C[C@@H]2[C@H]1n1cnc2c(NCc3cccc(I)c3)nc(Cl)nc21,5.97
A2A,CHEMBL1078347,Cc1ccc(C(=O)c2nc(NC(C)c3ccccc3)nc3ccsc23)s1,5.97
A2A,CHEMBL1290212,CC(C)CCc1c(-c2nccs2)c(=O)[nH]c2ccc(OCC(=O)NC(C)(C)c3ccccc3)cc12,5.97
A2A,CHEMBL1834626,Cn1cc2c(nc(NC(=O)Nc3ccc(F)cc3)n3nc(-c4ccc(Cl)cc4)nc23)n1,5.97
A2A,CHEMBL2180924,CN(Cc1ccccc1)c1nc2nn(C)cc2c2nc(-c3ccco3)nn12,5.97
A2A,CHEMBL3217873,Nc1nc(-c2cccc(C(F)(F)F)c2)nc2sc(CN3CC=CC3)cc12,5.97
A2A,CHEMBL3394259,CCCN(CCCNC(=O)CCCCCCCCCCCNC(=O)CCCOc1ccc(CCNc2nc(N)n3nc(-c4ccco4)nc3n2)cc1)CCc1cccc2c1CC(=O)N2.O=C(O)C(F)(F)F,5.97
A2A,CHEMBL4067750,CNC(=O)[C@H]1[Se][C@@H](n2cnc3c(NC4CCC4)ncnc32)[C@H](O)[C@@H]1O,5.97
A2A,CHEMBL4088081,CNC(=O)[C@H]1[Se][C@@H](n2cnc3c(NCc4cccc(I)c4)ncnc32)[C@H](O)[C@@H]1O,5.97
A2A,CHEMBL4096796,Nc1ccc(-c2cccc(C(=O)NCCCCCCNc3ncnc4c3ncn4[C@@H]3O[C@H](CO)[C@@H](O)[C@H]3O)c2)s1,5.97
A2A,CHEMBL4163601,CCCn1c(-c2ccccc2)nc2c(NC3CCCCC3)ncnc21,5.97
A2A,CHEMBL4560229,Cn1c(=O)c2c(nc3n2CCN(Cc2ccccc2)C3)n(C)c1=O,5.97
A2A,CHEMBL6177191,N#Cc1cccc(-c2c(C#N)c(N)nc(N3CCCCC3)c2C#N)c1,5.97
A2A,CHEMBL2113551,CC(C)Nc1nc(C#Cc2ccccc2)nc2c1ncn2[C@@H]1O[C@H](CO)[C@@H](O)[C@H]1O,5.96
A2A,CHEMBL2113592,CC(C)C/C=N/Nc1nc(N)c2ncn([C@@H]3O[C@H](CO)[C@@H](O)[C@H]3O)c2n1,5.96
A2A,CHEMBL2368365,CNC(=O)[C@]12C[C@@H]1[C@@H](n1cnc3c(NCc4ccc(N)c(I)c4)nc(Cl)nc31)[C@H](O)[C@@H]2O,5.96
A2A,CHEMBL200779,CCCn1c(=O)c2nc(-c3cnn(Cc4nc(-c5ccccc5)no4)c3)[nH]c2n(CCC)c1=O,5.96
A2A,CHEMBL204366,CCNC(=O)[C@H]1O[C@@H](n2cnc3c(NCC)nc(C#CCCCCO)nc32)[C@H](O)[C@@H]1O,5.96
A2A,CHEMBL441530,CC(C)Cn1c(=O)c2nc(-c3cnn(Cc4ccccc4)c3)[nH]c2n(CC(C)C)c1=O,5.96
A2A,CHEMBL210642,COc1ccc(-n2nc3c(NC(C)=O)nc4c(N)cccc4n3c2=O)cc1,5.96
A2A,CHEMBL410934,CCCn1c(=O)n(C)c(=O)c2[nH]c(-c3ccc(OCC(=O)N4CCN(c5ccccc5Cl)CC4)cc3)cc21,5.96
A2A,CHEMBL258499,CCn1c(=O)n(CC(C)C)c(=O)c2[nH]c(-c3cnn(Cc4cccc(C(F)(F)F)c4)c3)nc21,5.96
A2A,CHEMBL475617,CC(O)Cn1c(Br)nc2c(N)ncnc21,5.96
A2A,CHEMBL516188,CCN(CC)CCOc1ccc(-c2nc3c([nH]2)c(=O)n(C)c(=O)n3C)cc1OC,5.96
A2A,CHEMBL1271434,CCOCCCn1c(NC(=O)c2cccc(C#N)c2)nc2cc(C(=O)N3CCOCC3)cnc21,5.96
A2A,CHEMBL2071038,CCOC(=O)CN1CCC(NC(=O)Nc2nc3nn(C)cc3c3nc(-c4ccco4)nn23)CC1,5.96
A2A,CHEMBL2151126,CCCC(=O)Nc1nc(-c2ccccc2)n[nH]1,5.96
A2A,CHEMBL3093322,C#CCn1c(=O)c2c(nc3n2CCCN3CC2CCCO2)n(C)c1=O,5.96
A2A,CHEMBL3114150,Cc1ccc(C(=O)Nc2nc(Cl)c3cn(C(C)C)nc3n2)cc1,5.96
A2A,CHEMBL3401298,CC(C)(O)CC(=O)Nc1ccc(C(=O)Nc2nccs2)cc1,5.96
A2A,CHEMBL3747209,CNC(=O)[C@@]12C[C@@H]1[C@@H](n1cnc3c(NCCc4ccccc4)nc(N=[N+]=[N-])nc31)[C@H](O)[C@@H]2O,5.96
A2A,CHEMBL3828306,COc1ccc(Nc2nc3c(N4CCC[C@H]4CO)ncnc3s2)cc1,5.96
A2A,CHEMBL4094418,CNC(=O)[C@H]1[Se][C@@H](n2cnc3c(NC4CCCC4)ncnc32)[C@H](O)[C@@H]1O,5.96
A2A,CHEMBL5197358,OC[C@H]1O[C@@H](n2cnc3c(N[C@@H]4CCC[C@H]4Oc4ccccc4Cl)ncnc32)[C@H](O)[C@@H]1O,5.96
A2A,CHEMBL3954022,Nc1ccc2nnc(-c3ccccc3)n2n1,5.96
A2A,CHEMBL5422530,Cc1ccccc1Cn1ccc(-c2cc(-c3cccc(C#N)c3C)nc(N)n2)cc1=O,5.96
A2A,CHEMBL5863810,Nc1nnc(Oc2cccc(C(F)(F)F)c2)c(-c2ccccc2)n1,5.96
A2A,CHEMBL355415,CCCn1cc2c(nc(NC(=O)Nc3ccc([N+](=O)[O-])cc3)n3nc(-c4ccco4)nc23)n1,5.95
A2A,CHEMBL78659,Cc1nc2nc(-c3ccccc3)[nH]c(N[C@H](CO)CC(C)C)c-2c1C,5.95
A2A,CHEMBL318483,Nc1nc(-n2cc(-c3ccc(Cl)cc3)cn2)nc2c1ncn2[C@@H]1O[C@H](CO)[C@@H](O)[C@H]1O,5.95
A2A,CHEMBL272174,CCCOc1cc(NC(C)=O)nc(SC)n1,5.95
A2A,CHEMBL595147,Cc1nc(C(=O)NCc2ccccn2)cc(-c2ccc(C)o2)n1,5.95
A2A,CHEMBL1097050,COc1ccc(C(=O)Nc2nc(-c3ccccc3)nc3nn(CCc4ccccc4)cc23)cc1,5.95
A2A,CHEMBL3394264,CN(CCCNc1nc(N)n2nc(-c3ccco3)nc2n1)CCc1cccc2c1CC(=O)N2,5.95
A2A,CHEMBL4065920,CNC(=O)[C@H]1[Se][C@@H](n2cnc3c(NC4CCCC4)nc(Cl)nc32)[C@H](O)[C@@H]1O,5.95
A2A,CHEMBL6177065,N#Cc1c(N)nc(N2CCCCC2)c(C#N)c1-c1cccc(F)c1,5.95
A2A,CHEMBL209927,O=C(Nc1nc2ccccc2n2c(=O)n(-c3ccccc3)nc12)C(c1ccccc1)c1ccccc1,5.94
A2A,CHEMBL258809,CCCn1c(=O)c2[nH]c(-c3ccc(OCC(=O)N4CCC(O)(c5ccccc5)CC4)cc3)cc2n(CCC)c1=O,5.94
A2A,CHEMBL261546,O=C(COc1ccc(Nc2nc(OCCc3c[nH]c4cc(Br)ccc34)nc3c2ncn3[C@@H]2O[C@H](CO)[C@@H](O)[C@H]2O)cc1)Nc1ccccc1,5.94
A2A,CHEMBL2071047,Cn1cc2c(nc(NC(=O)NC3CCN(C(=O)NCc4ccc(Cl)cc4)CC3)n3nc(-c4ccco4)nc23)n1,5.94
A2A,CHEMBL2153613,Cn1c(=O)c2c(nc3n2CCCN3C2CCCCCC2)n(C)c1=O,5.94
A2A,CHEMBL2180925,Cn1cc2c(nc(N(Cc3ccccc3)Cc3ccccc3)n3nc(-c4ccco4)nc23)n1,5.94
A2A,CHEMBL2313283,Cn1c(=O)c2c(cc(/C=C/c3ccccc3O)n2C)n(C)c1=O,5.94
A2A,CHEMBL4080205,CNC(=O)[C@H]1[Se][C@@H](n2cnc3c(NCc4ccccc4Cl)ncnc32)[C@H](O)[C@@H]1O,5.94
A2A,CHEMBL4456057,O=C(Nc1nc(-c2ccccc2)nc2sc(-c3ccco3)nc12)c1ccccc1,5.94
A2A,CHEMBL4521715,CCCn1c(=O)[nH]c2nc(-c3ccc(S(=O)(=O)N4CCN(Cc5ccc(C(=O)O)cc5)CC4)cc3)[nH]c2c1=O,5.94
A2A,CHEMBL5404268,COC(=O)COc1cccc(Cn2ccc(-c3cc(-c4cccc(C#N)c4C)nc(N)n3)cc2=O)c1,5.94
A2A,CHEMBL5572272,Cc1c(C#N)cccc1-c1cc(-c2cn(Cc3c[nH]c4c(Cl)cccc34)nn2)nc(N)n1,5.94
A2A,CHEMBL410095,CCNc1nc(C#C[C@H](O)c2ccccc2)nc2c1ncn2[C@@H]1O[C@H](CO)[C@@H](O)[C@H]1O,5.93
A2A,CHEMBL193766,O=C(NCc1ccccc1)c1cnc2ncccc2c1O,5.93
A2A,CHEMBL429073,OCc1cnn(-c2nc(Nc3cnccn3)c3ncn([C@@H]4O[C@H](CO)[C@@H](O)[C@H]4O)c3n2)c1,5.93
A2A,CHEMBL234136,OCc1cnn(-c2nc(Nc3ccccn3)c3ncn([C@@H]4O[C@H](CO)[C@@H](O)[C@H]4O)c3n2)c1,5.93
A2A,CHEMBL1081873,O=C(c1cccnc1)c1nc(NCc2cccnc2)nc2ccsc12,5.93
A2A,CHEMBL81,O=C(c1ccc(OCCN2CCCCC2)cc1)c1c(-c2ccc(O)cc2)sc2cc(O)ccc12,5.93
A2A,CHEMBL3093328,Cn1c(=O)c2c(nc3n2CCCN3c2ccc(F)cc2)n(C)c1=O,5.93
A2A,CHEMBL3741167,CCCn1c(Br)nc2c(NCc3ccccc3)ncnc21,5.93
A2A,CHEMBL344501,Cn1cc2c(nc(NC(=O)Nc3cccc(Cl)c3)n3nc(-c4ccco4)nc23)n1,5.92
A2A,CHEMBL109691,O=c1c(-c2ccc(O)cc2)nnc2n(Cc3ccccc3)c3ccccc3n12,5.92
A2A,CHEMBL167703,S/C(Cc1ccccc1)=N\N=C\c1ccc2ccccc2n1,5.92
A2A,CHEMBL107414,Cc1cccc(-n2cc3c(n2)c(NC2CCCC2)nc2ccccc23)c1,5.92
A2A,CHEMBL353319,CNC(=O)[C@@]12C[C@@H]1[C@@H](n1cnc3c(NCc4cc(Cl)ccc4OC)nc(Cl)nc31)[C@H](O)[C@@H]2O,5.92
A2A,CHEMBL188967,Cn1cnc2c(NC3CCCCC3)nc(Nc3ccccc3)nc21,5.92
A2A,CHEMBL427016,CCCn1c(=O)c2nc(-c3cnn(Cc4cc(-c5ccc(Cl)cc5)on4)c3)[nH]c2n(CCC)c1=O,5.92
A2A,CHEMBL219361,CCNC(=O)[C@H]1O[C@@H](n2cnc3c(NNC(=O)c4ccc(Br)o4)ncnc32)[C@H](O)[C@@H]1O,5.92
A2A,CHEMBL1090812,COc1ccc(-c2nc3c4cn(C)nc4nc(N)n3n2)cc1,5.92
A2A,CHEMBL1097072,Cc1cccc(Nc2nc3c([nH]2)c(=O)n(C)c(=O)n3C)c1,5.92
A2A,CHEMBL2070882,CCCN1CCC(NC(=O)Nc2nc3nn(C)cc3c3nc(-c4ccco4)nn23)CC1,5.92
A2A,CHEMBL3093316,C#CCn1c(=O)c2c(nc3n2CCCN3CCc2ccccc2)n(C)c1=O,5.92
A2A,CHEMBL3311284,CNC(=O)[C@@]12C[C@@H]1[C@@H](n1cnc3c(N)nc(C#Cc4ccccc4)nc31)[C@H](O)[C@@H]2O,5.92
A2A,CHEMBL3314924,Cc1ccc(CNc2ncc(C(=O)O)c3nc(-c4ccco4)nn23)cc1,5.92
A2A,CHEMBL4079448,CNC(=O)[C@H]1[Se][C@@H](n2cnc3c(NCc4cccc(I)c4)nc(Cl)nc32)[C@H](O)[C@@H]1O,5.92
A2A,CHEMBL4127454,C[C@@H]1Oc2ccc(Nc3ncnc4c3oc3ccccc34)cc2NC1=O,5.92
A2A,CHEMBL4453213,COc1ccc2[nH]c(-c3ccc(-c4ccc(O[C@H]5CC[C@@H](CC(=O)O)CC5)nc4)nc3)nc2n1,5.92
A2A,CHEMBL4540760,Cn1c(=O)c2c(nc3n2CCCN3Cc2ccccc2F)n(C)c1=O,5.92
A2A,CHEMBL4796077,Cc1ccc(C(=O)c2sc(NC(=O)c3ccco3)nc2-c2ccccc2)cc1,5.92
A2A,CHEMBL6038781,CNC(=O)[C@]12CC1[C@@H](n1cnc3cnc(C#Cc4ccccc4)nc31)[C@H](O)C2O,5.92
A2A,CHEMBL4522616,N#Cc1c(N)nc(N2CCOCC2)c(C#N)c1-c1ccccc1,5.92
A2A,CHEMBL260563,CCCCC#Cc1nc(NC)c2ncn([C@@H]3O[C@H](CO)[C@@H](O)[C@H]3O)c2n1,5.91
A2A,CHEMBL138332,CCCn1cc2c(nc(NC(=O)Nc3cccc(Cl)c3)n3nc(-c4ccco4)nc23)n1,5.91
A2A,CHEMBL391004,COC(=O)c1cnc2c(cnn2CC(Cl)c2ccccc2)c1NCCc1ccccc1,5.91
A2A,CHEMBL261817,CCn1c(=O)n(CC(C)C)c(=O)c2[nH]c(-c3cn[nH]c3)nc21,5.91
A2A,CHEMBL596125,CSCCn1c(=O)c2[nH]c(Cc3c(F)cccc3F)nc2n(Cc2ccco2)c1=O,5.91
A2A,CHEMBL1271121,COc1ccc(Cn2c(NC(=O)c3cccc(C#N)c3)nc3cc(C(=O)N4CCCCC4)cnc32)cc1,5.91
A2A,CHEMBL2030682,COCCN1C(=O)c2[nH]nc(-c3ccccc3O)c2C1c1ccc(F)cc1,5.91
A2A,CHEMBL4102379,CNC(=O)[C@H]1[Se][C@@H](n2cnc3c(NCc4cccc(Br)c4)nc(Cl)nc32)[C@H](O)[C@@H]1O,5.91
A2A,CHEMBL194031,CNC(=O)[C@H]1O[C@@H](n2cnc3c(NCc4cccc(I)c4)ncnc32)[C@](C)(O)[C@@H]1O,5.9
A2A,CHEMBL201750,COc1cc(OCC(=O)Nc2ccc(Br)cc2)ccc1-c1cc2c([nH]1)c(=O)n(C)c(=O)n2C,5.9
A2A,CHEMBL509055,O[C@@H]1[C@H](O)CS[C@H]1n1cnc2c(NCc3cccc(F)c3)ncnc21,5.9
A2A,CHEMBL489640,OC[C@H]1O[C@@H](n2cnc3c(NC4CC5CCC4C5)ncnc32)[C@H](O)[C@@H]1O,5.9
A2A,CHEMBL1079117,Cc1ccc(C(=O)c2nc(NCc3cccnc3)nc3ccsc23)o1,5.9
A2A,CHEMBL2064641,CNC(=O)[C@@]12C[C@@H]1[C@@H](n1cnc3c(NC)nc(C#Cc4cccc(Cl)c4)nc31)[C@H](O)[C@@H]2O,5.9
A2A,CHEMBL2070718,CCOC(=O)c1nc[nH]c1/N=N/c1c(O)ccc2ccccc12,5.9
A2A,CHEMBL3087709,Cn1c(-c2ccco2)nc2c(NC(=O)c3ccc(-c4ccccc4)cc3)ncnc21,5.9
A2A,CHEMBL3133158,CNC(=O)[C@H]1O[C@@H](n2cnc3c(NC4CCCC4)nc(N)nc32)[C@H](O)[C@@H]1O,5.9
A2A,CHEMBL3088342,CN(C)c1ncnc2sc(Nc3ccccc3)nc12,5.9
A2A,CHEMBL4059807,CNC(=O)[C@H]1[Se][C@@H](n2cnc3c(NCc4ccccc4OC)ncnc32)[C@H](O)[C@@H]1O,5.9
A2A,CHEMBL4533332,Cn1cc2c(nc(NCCOCCOCCNC(=O)OC(C)(C)C)n3nc(-c4ccco4)nc23)n1,5.9
A2A,CHEMBL4439336,CCCn1c(=O)c2c(nc3cc(OC)ccn32)n(CCCNC(=O)c2ccc(S(=O)(=O)F)cc2)c1=O,5.9
A2A,CHEMBL4797620,CCOC(=O)C(Nc1nc2nn(C)cc2c2nc(-c3ccco3)nn12)C(C)C,5.9
A2A,CHEMBL6174228,N#Cc1c(N)nc(N2CCCCC2)c(C#N)c1-c1cccc(-c2ccc(F)cc2)c1,5.9
A2A,CHEMBL130969,CCCCn1c(=O)n(C)c(=O)c2[nH]cnc21,5.89
A2A,CHEMBL28194,CCCn1c(=O)n(CC)c(=O)c2[nH]cnc21,5.89
A2A,CHEMBL102429,CN(C)c1ccc2c(O)cc(-c3ccccc3)nc2n1,5.89
A2A,CHEMBL7327,Oc1ccc(-c2nnc3nc4ccccc4n3c2O)cc1,5.89
A2A,CHEMBL101218,CCOC(=O)c1cnn(-c2nc(N)c3ncn([C@@H]4O[C@H](CO)[C@@H](O)[C@H]4O)c3n2)c1,5.89
A2A,CHEMBL440115,O=C(/C=C/c1c(-c2ccccc2)nn2ccccc12)N1CCCC[C@@H]1CCO,5.89
A2A,CHEMBL2112156,CNC(=O)[C@]12C[C@@H]1[C@@H](n1cnc3c(NCc4cc(Cl)ccc4Cl)nc(Cl)nc31)[C@H](O)[C@@H]2O,5.89
A2A,CHEMBL2368455,CNC(=O)[C@]12C[C@@H]1[C@@H](n1cnc3c(NCc4cccc(Br)c4)nc(Cl)nc31)[C@H](O)[C@@H]2O,5.89
A2A,CHEMBL378743,CC(C)Cn1c(=O)c2nc(-c3cnn(Cc4cccc(F)c4)c3)[nH]c2n(CC(C)C)c1=O,5.89
A2A,CHEMBL601414,CCCc1ccc2c(N)c(C(=O)c3ccccc3)sc2n1,5.89
A2A,CHEMBL1097073,Cc1ccc2nc(Nc3nc(C)cc(C)n3)[nH]c2c1,5.89
A2A,CHEMBL2071051,CN1CCN(C(=O)N2CCC(NC(=O)Nc3nc4nn(C)cc4c4nc(-c5ccco5)nn34)CC2)CC1.O=C(O)C(F)(F)F,5.89
A2A,CHEMBL4785862,CCOC(=O)[C@H](Cc1ccccc1)Nc1nc2nn(C)cc2c2nc(-c3ccco3)nn12,5.89
A2A,CHEMBL5867562,Nc1cc(Br)c(-c2ccnc(F)c2)c(-c2ccncc2)n1,5.89
A2A,CHEMBL6174296,Cc1cc(C)cc(-c2c(C#N)c(N)nc(N3CCCCC3)c2C#N)c1,5.89
A2A,CHEMBL606495,C[C@]1(O)C(n2cnc3c(N)nc(Cl)nc32)O[C@H](CO)[C@H]1O,5.88
A2A,CHEMBL370187,CNC(=O)[C@H]1S[C@@H](n2cnc3c(NCc4ccccc4C)nc(Cl)nc32)[C@H](O)[C@@H]1O,5.88
A2A,CHEMBL261754,CN(C)c1nc(-c2cc3ccccc3s2)c2sccc2n1,5.88
A2A,CHEMBL257984,Nc1nc(-c2ccco2)c2cnn(Cc3cccc(C(=O)O)c3)c2n1,5.88
A2A,CHEMBL1650364,CC(=O)Nc1cc(-c2ccc(F)cc2)nc(-c2ccc(F)cc2)n1,5.88
A2A,CHEMBL1672630,O=C(Nc1cnc(-c2ccncc2F)c(-c2ccncc2)n1)C1CC1,5.88
A2A,CHEMBL4097464,Cc1cn2c(=O)n(-c3ccc(O)cc3)nc2c(N)n1,5.88
A2A,CHEMBL4086624,O=C(NCCCCCCNc1ncnc2c1ncn2[C@@H]1O[C@H](CO)[C@@H](O)[C@H]1O)c1cccc(-c2cccs2)c1,5.88
A2A,CHEMBL4436833,N#Cc1ccccc1/C=N/Nc1nc(N)c2ncn([C@@H]3O[C@H](CO)[C@@H](O)[C@H]3O)c2n1,5.88
A2A,CHEMBL4542582,CC(=O)Nc1ccc(/C=N/Nc2nc(N)c3ncn([C@@H]4O[C@H](CO)[C@@H](O)[C@H]4O)c3n2)cc1,5.88
A2A,CHEMBL4563323,CNc1nc(C#Cc2ccc(Cl)s2)nc2[nH]cnc12,5.88
A2A,CHEMBL2163568,OC[C@H]1O[C@@H](n2cnc3c(N[C@H]4CCC[C@@H]4O)ncnc32)[C@H](O)[C@@H]1O,5.88
A2A,CHEMBL4782033,CCOC(=O)[C@H](Cc1ccc(O)cc1)Nc1nc2nn(C)cc2c2nc(-c3ccco3)nn12,5.88
A2A,CHEMBL101383,NC(=O)c1cnn(-c2nc(N)c3ncn([C@@H]4O[C@H](CO)[C@@H](O)[C@H]4O)c3n2)c1,5.87
A2A,CHEMBL390096,CCCOC(=O)c1cnc2c(cnn2CC(Cl)c2ccccc2)c1NCCc1ccccc1,5.87
A2A,CHEMBL449575,O[C@@H]1[C@H](O)[C@@H](CCl)O[C@H]1n1cnc2c(NC3CC4CCC3C4)ncnc21,5.87
A2A,CHEMBL1080500,O=C(Nc1ccc(-c2ccncc2)c(-c2ncco2)n1)C1CC1,5.87
A2A,CHEMBL2089342,O[C@@H]1[C@H](O)[C@@H]2C[C@@H]2[C@H]1n1cnc2c(NCc3cccc(Cl)c3)nc(C#Cc3ccc(F)c(F)c3)nc21,5.87
A2A,CHEMBL3093238,Cn1c(=O)c2c(nc3n2CCCN3CCc2cccc(Cl)c2)n(C)c1=O,5.87
A2A,CHEMBL567012,CCn1cnc2c(NCCc3ccccc3)ncnc21,5.87
A2A,CHEMBL4078444,CNC(=O)[C@H]1[Se][C@@H](n2cnc3c(NCc4cccc(F)c4)ncnc32)[C@H](O)[C@@H]1O,5.87
A2A,CHEMBL4098408,O[C@@H]1[C@H](O)[C@@H](CCl)O[C@H]1n1cnc2c(Nc3ccc(Cl)cc3F)ncnc21,5.87
A2A,CHEMBL4455344,Clc1ccc(C#Cc2nc(NC3CCCC3)c3nc[nH]c3n2)s1,5.87
A2A,CHEMBL4562258,O[C@@H]1[C@H](O)[C@@H](CCl)O[C@H]1n1cnc2c(NC3C[C@H]4CC[C@@H]3C4)ncnc21,5.87
A2A,CHEMBL4785861,CCOC(=O)c1ccc(C(=O)Nc2ccc(-c3cn4c(=O)n(-c5ccccc5)nc4c(N)n3)cc2)cc1,5.87
A2A,CHEMBL274267,O=c1n(-c2ccccc2)nc2c(NC3CCCCC3)nc3ccccc3n12,5.86
A2A,CHEMBL329791,COc1ccc(NC(=O)Nc2nc3nn(C)cc3c3nc(-c4ccco4)nn23)cc1,5.86
A2A,CHEMBL223451,CCCNc1c(C(=O)OCCC)cnc2c1cnn2CC(Cl)c1ccccc1,5.86
A2A,CHEMBL406775,CC(C)Cn1c(=O)c2[nH]c(-c3cn[nH]c3)nc2n(C)c1=O,5.86
A2A,CHEMBL405027,O=C(c1ccncc1)c1nc(C(F)(F)F)nc2ccsc12,5.86
A2A,CHEMBL1080677,O=C(Nc1ccc(-c2ccncc2)c(-c2cocn2)n1)C1CC1,5.86
A2A,CHEMBL2180920,CCCCN(C)c1nc2nn(C)cc2c2nc(-c3ccco3)nn12,5.86
A2A,CHEMBL3937015,O[C@H]1CC[C@H](Nc2ncc(-c3ccc4ccccc4c3)c(-c3ccccc3)n2)CC1,5.86
A2A,CHEMBL5174429,CCNC(=O)[C@H]1O[C@@H](n2cnc3c(N[C@@H]4CCC[C@H]4Oc4cccc(Cl)c4)ncnc32)[C@H](O)[C@@H]1O,5.86
A2A,CHEMBL132001,CCCCn1c(=O)c2c(ncn2C)n(CCC)c1=O,5.85
A2A,CHEMBL102753,CCOc1ccc2c(=O)cc(-c3ccccc3)n(CC)c2n1,5.85
A2A,CHEMBL166104,Oc1ccc(OC(F)(F)F)cc1/C=N/N=C(\S)Cc1ccccc1,5.85
A2A,CHEMBL193385,OC[C@H]1O[C@@H](n2cnc3c(NCc4cccc(Cl)c4)ncnc32)[C@H](O)[C@@H]1O,5.85
A2A,CHEMBL378598,CCCn1c(=O)c2nc(-c3cnn(Cc4cc(C(F)(F)F)ccc4Cl)c3)[nH]c2n(CCC)c1=O,5.85
A2A,CHEMBL384257,CCCn1c(=O)c2nc([C@]34CC[C@](C(=O)NCCC(=O)OC)(CC3)CC4)[nH]c2n(CCC)c1=O,5.85
A2A,CHEMBL374028,COc1ccc2[nH]cc(CCOc3nc(N)c4ncn([C@@H]5O[C@H](CO)[C@@H](O)[C@H]5O)c4n3)c2c1,5.85
A2A,CHEMBL232100,CCNC(=O)c1cnn(-c2nc(N[C@H]3CCCO3)c3ncn([C@@H]4O[C@H](CO)[C@@H](O)[C@H]4O)c3n2)c1,5.85
A2A,CHEMBL488367,Cn1c(=O)c2[nH]c(-c3cccc(OCCN4CCOCC4)c3)nc2n(C)c1=O,5.85
A2A,CHEMBL561855,O[C@@H]1[C@H](O)CO[C@H]1n1cnc2c(NCc3cccc(Br)c3)ncnc21,5.85
A2A,CHEMBL1089903,COc1ccc(-c2nc3c4cn(CCc5ccccc5)nc4nc(N)n3n2)cc1,5.85
A2A,CHEMBL2070883,C=CCN1CCC(NC(=O)Nc2nc3nn(C)cc3c3nc(-c4ccco4)nn23)CC1,5.85
A2A,CHEMBL2151255,CC[C@@H](Oc1ccccc1)C(=O)Nc1nc(-c2ccccc2)n[nH]1,5.85
A2A,CHEMBL3740172,CCCn1cnc2c(N)nc(NCc3ccccc3)nc21,5.85
A2A,CHEMBL3088347,Clc1ccc(Nc2nc3c(N4CCOCC4)ncnc3s2)cc1,5.85
A2A,CHEMBL1080241,Nc1cc2nc(NCc3cccnc3)nc(C(=O)c3cccs3)c2s1,5.85
A2A,CHEMBL1933288,C[C@@H]1CCNC(=O)c2cc3ccc(C(=O)Nc4nc5ccccc5n4CCCN(C)C)cc3n21,5.85
A2A,CHEMBL5934096,COc1cc(C(F)(F)F)c(OC)cc1C1CCCNC1,5.85
A2A,CHEMBL259912,COc1cc(-c2cc3c([nH]2)c(=O)n(C)c(=O)n3C)ccc1OCC(=O)N1CCN(c2ccccc2)CC1,5.84
A2A,CHEMBL607371,C=CCn1c(=O)c2[nH]c(Cc3cccs3)nc2n(Cc2ccco2)c1=O,5.84
A2A,CHEMBL598819,CCCn1c(=O)c2[nH]c(-c3ccccc3)nc2n(CCSCC)c1=O,5.84
A2A,CHEMBL1080679,O=C(Nc1ccc(-c2ccncc2)c(-n2cccn2)n1)C1CC1,5.84
A2A,CHEMBL1289569,CC[C@H](NC(=O)COc1ccc2[nH]c(=O)c(-c3nccs3)c(CCc3ccccc3)c2c1)c1ccccc1,5.84
A2A,CHEMBL1834630,COc1ccc(NC(=O)Nc2nc3nn(C)cc3c3nc(-c4ccc(Cl)cc4)nn23)cc1,5.84
A2A,CHEMBL2326831,Nc1nc(N/N=C/[C@@H](O)[C@H](O)[C@H](O)[C@@H](O)CO)nc2c1ncn2[C@@H]1O[C@H](CO)[C@@H](O)[C@H]1O,5.84
A2A,CHEMBL4552029,COc1ccc(/C=N/Nc2nc(N)c3ncn([C@@H]4O[C@H](CO)[C@@H](O)[C@H]4O)c3n2)cn1,5.84
A2A,CHEMBL399621,OCc1cnn(-c2nc(Nc3ccncc3)c3ncn([C@@H]4O[C@H](CO)[C@@H](O)[C@H]4O)c3n2)c1,5.83
A2A,CHEMBL512216,Cn1c(=O)c2[nH]c(-c3ccccc3)c(O)c2n(C)c1=O,5.83
A2A,CHEMBL555047,CCCOc1cnc2c(c1)[nH]c1c(=O)n(CCC)c(=O)n(CCC)c12,5.83
A2A,CHEMBL1081040,O=C(Nc1ccc(-c2ccncc2)c(-c2cccnc2)n1)C1CC1,5.83
A2A,CHEMBL3394277,Nc1nc(N2CCCN(CCc3cccc4c3CC(=O)N4)CC2)nc2nc(-c3ccco3)nn12.O=C(O)C(F)(F)F,5.83
A2A,CHEMBL17103,O=C(O)/C=C/c1ccc(-c2nc3c(=O)n(CC4CCCCC4)c(=O)n(CC4CCCCC4)c3[nH]2)cc1,5.82
A2A,CHEMBL97895,CCOc1ccc2c(O)cc(-c3ccccc3)nc2n1,5.82
A2A,CHEMBL200780,CCCn1c(=O)c2nc(-c3cnn(CC(=O)Nc4ccccc4Cl)c3)[nH]c2n(CCC)c1=O,5.82
A2A,CHEMBL427255,CC(C)OC(=O)c1cnc2c(cnn2CC(Cl)c2ccccc2)c1NCCc1ccccc1,5.82
A2A,CHEMBL388459,CC(=O)Nc1nc2ccccc2c2cn(-c3ccc(C)cc3)nc12,5.82
A2A,CHEMBL490607,O[C@@H]1[C@H](O)[C@@H]2C[C@@H]2[C@H]1n1cnc2c(NCc3cccc4ccccc34)nc(Cl)nc21,5.82
A2A,CHEMBL1090811,Cn1cc2c(nc(N)n3nc(-c4ccc(Br)cc4)nc23)n1,5.82
A2A,CHEMBL1800862,C=CCN1C(=O)N2CC(CC)N=C2c2[nH]c(-c3cc(OC)no3)nc21,5.82
A2A,CHEMBL2153612,Cn1c(=O)c2c(nc3n2CCCN3C2CCCCCCC2)n(C)c1=O,5.82
A2A,CHEMBL3314878,CNC(=O)c1cnc(NC(=O)NC2CCCCC2)n2nc(-c3ccco3)nc12,5.82
A2A,CHEMBL3394271,Nc1nc(NC2CCN(CCc3cccc4c3CC(=O)N4)CC2)nc2nc(-c3ccco3)nn12,5.82
A2A,CHEMBL3088335,Clc1ncnc2sc(Nc3ccccc3)nc12,5.82
A2A,CHEMBL3088338,O=C(Nc1nc2c(Cl)ncnc2s1)c1ccccc1,5.82
A2A,CHEMBL3984645,CC(C)[C@H](Nc1nc(Cl)nc2c1ncn2[C@H]1[C@H](O)[C@H](O)[C@]2(CO)C[C@H]12)C1CC1,5.82
A2A,CHEMBL4103324,Nc1nc2c(cnn2Cc2ccc(C3(C(F)(F)F)N=N3)cc2)c2nc(-c3ccco3)nn12,5.82
A2A,CHEMBL4548500,Cn1c(=O)c2c(nc3n2CCN(Cc2ccc(Cl)c(Cl)c2)C3)n(C)c1=O,5.82
A2A,CHEMBL5192778,Cc1ccc(-c2nc(N)nc3ccccc23)cc1,5.82
A2A,CHEMBL337319,Nc1nc(N)nc(-c2ccccc2)n1,5.82
A2A,CHEMBL5907501,Cc1ccc(Sc2nnc(N)nc2-c2ccccc2)cc1,5.82
A2A,CHEMBL410115,CNc1nc(C#C[C@H](O)c2ccccc2)nc2c1ncn2[C@@H]1O[C@H](CO)[C@@H](O)[C@H]1O,5.81
A2A,CHEMBL605034,CNC(=O)[C@H]1OC(n2cnc3c(NCc4cccc(I)c4)ncnc32)[C@](C)(O)[C@@H]1O,5.81
A2A,CHEMBL218596,CCNC(=O)[C@H]1O[C@@H](n2cnc3c(NNC(=O)c4ccco4)ncnc32)[C@H](O)[C@@H]1O,5.81
A2A,CHEMBL376193,CCCOC(=O)c1cnc2c(cnn2CC(Cl)c2ccccc2)c1NC1CC1,5.81
A2A,CHEMBL259913,Cn1c(=O)c2[nH]c(-c3ccc(OCC(=O)N4CCN(Cc5ccccc5)CC4)cc3)cc2n(C)c1=O,5.81
A2A,CHEMBL516235,COc1ccccc1Cn1c(=O)n(-c2ccccc2OC)c2nc(NC3CC3)ncc21,5.81
A2A,CHEMBL1079116,O=C(c1ccc(Cl)s1)c1nc(NCc2cccnc2)nc2ccsc12,5.81
A2A,CHEMBL3763829,Nc1nc(C(=O)NCc2cccc3c(C(=O)N4CCN(c5ccccc5)CC4)ccnc23)c2cccc(F)c2n1,5.81
A2A,CHEMBL4277424,CCOC(=O)CNC(=O)c1cnc(NCC(=O)OCC)n2nc(-c3ccco3)nc12,5.81
A2A,CHEMBL5194109,Nc1nc(-c2ccco2)c2cnn(CCCCC(=O)NO)c2n1,5.81
A2A,CHEMBL286976,CCCn1c(=O)n(C)c(=O)c2[nH]cnc21,5.8
A2A,CHEMBL104998,CC(=O)Nc1ccc(-c2cc(O)c3ccc(C)nc3n2)cc1,5.8
A2A,CHEMBL334224,Nc1nc2c([N+](=O)[O-])cccc2n2c(=O)n(-c3ccc(O)cc3)nc12,5.8
A2A,CHEMBL107637,Cc1ccccc1-n1cc2c(n1)c(N)nc1ccccc12,5.8
A2A,CHEMBL2368366,CNC(=O)[C@]12C[C@@H]1[C@@H](n1cnc3c(NCC(c4ccccc4)c4ccccc4)nc(Cl)nc31)[C@H](O)[C@@H]2O,5.8
A2A,CHEMBL27809,OC[C@@]12C[C@@H]1[C@@H](n1cnc3c(NCc4cccc(I)c4)nc(Cl)nc31)[C@H](O)[C@@H]2O,5.8
A2A,CHEMBL200278,CCCn1c(=O)c2nc(-c3cnn(Cc4nc(-c5ccccc5OC)no4)c3)[nH]c2n(CCC)c1=O,5.8
A2A,CHEMBL216269,CCCN1C(=O)N2C[C@@H](C(C)C)N=C2c2[nH]c(C34CCC(O)(CC3)CC4)nc21,5.8
A2A,CHEMBL411332,CCNC(=O)[C@H]1O[C@@H](n2cnc3c(NNC(=O)c4ccc(C)o4)ncnc32)[C@H](O)[C@@H]1O,5.8
A2A,CHEMBL227279,O[C@@H]1[C@H](O)CS[C@H]1n1cnc2c(NCc3ccccc3Cl)nc(Cl)nc21,5.8
A2A,CHEMBL260434,CCCn1c(=O)c2[nH]c(-c3ccc(OCC(=O)N4CCN(C(c5ccccc5)c5ccccc5)CC4)cc3)cc2n(CCC)c1=O,5.8
A2A,CHEMBL508561,C=CCCn1c(Br)nc2c(N)ncnc21,5.8
A2A,CHEMBL490606,O[C@@H]1[C@H](O)[C@@H]2C[C@@H]2[C@H]1n1cnc2c(NCc3cccc(Br)c3)nc(Cl)nc21,5.8
A2A,CHEMBL603424,O=C(NCC1CC1)[C@H]1S[C@@H](n2cnc3c(NCc4cccc(I)c4)ncnc32)[C@H](O)[C@@H]1O,5.8
A2A,CHEMBL2042069,CCOC(CNC(=O)c1cc2cccc(OC)c2oc1=N)OCC,5.8
A2A,CHEMBL2070721,Cc1cccc2sc(NC(=O)CNS(=O)(=O)c3cccs3)nc12,5.8
A2A,CHEMBL2070720,Nc1ccc(C(=O)Nc2ccc(O)c(-c3nc4ccccc4[nH]3)c2)cc1,5.8
A2A,CHEMBL2164820,COCc1cc(C)nc2sc(-c3nc(N)nc(N(C)C)n3)c(N)c12,5.8
A2A,CHEMBL2163560,O=P([O-])([O-])OC[C@H]1O[C@@H](n2cnc3c(NC4CCCC4)nc(Cl)nc32)[C@H](O)[C@@H]1O.[Na+].[Na+],5.8
A2A,CHEMBL2170787,CC(C)[C@@H](Nc1nc(Cl)nc2c1ncn2[C@H]1[C@H](O)[C@H](O)[C@@H]2C[C@@H]21)C1CC1,5.8
A2A,CHEMBL3114148,CC(C)n1cc2c(Cl)nc(NC(=O)c3ccc(F)cc3)nc2n1,5.8
A2A,CHEMBL1367932,CCc1cc2c(=O)c(-c3cscn3)coc2cc1O,5.8
A2A,CHEMBL3133066,Cc1csc(-c2coc3cc(OCCN(C)C)cc(C)c3c2=O)n1,5.8
A2A,CHEMBL3955519,CCOC(=O)[C@@]12C[C@@H]1[C@@H](n1cnc3c(NC(C4CC4)C4CC4)nc(Cl)nc31)[C@H](O)[C@@H]2O,5.8
A2A,CHEMBL4217459,CCCn1c(=O)[nH]c2nc(-c3ccc(OCC(=O)NCCCCCCCCCCC4=C5C(C)=CC(C)=[N+]5[B-](F)(F)n5c(C)cc(C)c54)cc3)[nH]c2c1=O,5.8
A2A,CHEMBL4483563,Cn1c(=O)c2c(nc3n2CCCCN3Cc2ccc(Cl)cc2Cl)n(C)c1=O,5.8
A2A,CHEMBL1578502,N#Cc1c(N)nc2c(c1-c1ccccc1)CCC2,5.8
A2A,CHEMBL17003,CCCn1c(=O)c2nc(-c3ccc(OCC(=O)Nc4ccc(Br)cc4)cc3)[nH]c2n(CCC)c1=O,5.79
A2A,CHEMBL256151,Cn1ccnc1-c1nc(N)nc2c1cnn2Cc1ccccc1F,5.79
A2A,CHEMBL576395,O[C@@H]1[C@H](O)[C@@H]2C[C@@H]2[C@H]1n1cnc2c(NC3CCCC3)nc(Cl)nc21,5.79
A2A,CHEMBL602846,CNC(=O)[C@@]12C[C@@H]1[C@@H](n1cnc3c(NCc4cccc(Cl)c4)nc(C#CCCCCc4cn(CCCCN)nn4)nc31)[C@H](O)[C@@H]2O,5.79
A2A,CHEMBL1079802,O=C(Nc1ccc(C2N=NN=N2)c(-c2ccco2)n1)C1CC1,5.79
A2A,CHEMBL1079141,O=C(c1ccccc1)c1nc(NCc2cccnc2)nc2ccsc12,5.79
A2A,CHEMBL2071045,Cn1cc2c(nc(NC(=O)NC3CCN(C(=O)NCCCc4ccccc4)CC3)n3nc(-c4ccco4)nc23)n1,5.79
A2A,CHEMBL2153632,Cn1c(=O)c2c(nc3n2CCN3C2CCCCC2)n(C)c1=O,5.79
A2A,CHEMBL2153624,Cn1c(=O)c2c(nc3n2CCCN3C2CCCCC2)n(C)c1=O,5.79
A2A,CHEMBL4130312,c1coc(-c2ccc3nc(-c4ccco4)cn3c2)c1,5.79
A2A,CHEMBL4546278,CCOc1cc(/C=N/Nc2nc(N)c3ncn([C@@H]4O[C@H](CO)[C@@H](O)[C@H]4O)c3n2)ccc1O,5.79
A2A,CHEMBL4535750,Cn1c(=O)c2c(nc3n2CCCN3Cc2ccccc2Br)n(C)c1=O,5.79
A2A,CHEMBL100348,Nc1nc(-c2cnn(CCCc3ccccc3)c2)nc2c1ncn2[C@@H]1O[C@H](CO)[C@@H](O)[C@H]1O,5.78
A2A,CHEMBL2113096,Cc1nccn1-c1sc(Nc2cnccn2)nc1-c1cccc(C#N)c1,5.78
A2A,CHEMBL194457,CC(=O)N(C(C)=O)c1ccc(CNC(=O)c2cnc3nc(C)ccc3c2O)cc1,5.78
A2A,CHEMBL216750,CCCn1c(=O)c2nc([C@H]3CC4C[C@@H]3[C@H]3O[C@@H]43)[nH]c2n(CCC)c1=O,5.78
A2A,CHEMBL491416,CONC(=O)[C@H]1O[C@@H](n2cnc3c(NCc4cccc(I)c4)nc(Cl)nc32)[C@H](O)[C@@H]1O,5.78
A2A,CHEMBL591286,CC(C)n1cnc(CCNc2nc(NCC(c3ccccc3)c3ccccc3)c3ncn([C@@H]4C[C@H](NC(=O)Cc5ccccc5)[C@@H](O)[C@H]4O)c3n2)c1,5.78
A2A,CHEMBL1082002,c1coc(-c2nc3[nH]ncc3cc2-c2ccncn2)c1,5.78
A2A,CHEMBL1270315,COCCCn1c(NC(=O)c2ccc(C#N)cc2)nc2cc(C(=O)NCc3cccc(OC)c3)ccc21,5.78
A2A,CHEMBL2180909,Cn1cc2c(nc(N3CCOCC3)n3nc(-c4ccco4)nc23)n1,5.78
A2A,CHEMBL2326843,Nc1nc(N/N=C/c2ccc(Cl)c(Cl)c2)nc2c1ncn2[C@@H]1O[C@H](CO)[C@@H](O)[C@H]1O,5.78
A2A,CHEMBL5207175,CN(Cc1ccccc1)C(=O)c1cccc(Nc2cc(-c3ccccc3)ncn2)c1,5.78
A2A,CHEMBL6174968,N#Cc1c(N)nc(N2CCCCC2)c(C#N)c1-c1ccc2ccccc2c1,5.78
A2A,CHEMBL418797,Oc1cc(-c2ccccc2)nc2nc(NC3CCCCC3)ccc12,5.77
A2A,CHEMBL319608,C=CCCCn1cc(-c2nc(N)c3ncn([C@@H]4O[C@H](CO)[C@@H](O)[C@H]4O)c3n2)cn1,5.77
A2A,CHEMBL188592,c1ccc(Nc2nc3ncnc-3c(NC3CCCCC3)[nH]2)cc1,5.77
A2A,CHEMBL200451,CCCn1c(=O)c2nc(-c3cnn(Cc4cc(-c5ccc(C(F)(F)F)cc5)on4)c3)[nH]c2n(CCC)c1=O,5.77
A2A,CHEMBL425643,CCNC(=O)[C@H]1O[C@@H](n2cnc3c(NNC(=O)c4cccs4)nc(Cl)nc32)[C@H](O)[C@@H]1O,5.77
A2A,CHEMBL1079044,O=C(c1cncs1)c1nc(NCc2cccnc2)nc2ccsc12,5.77
A2A,CHEMBL1760026,Nc1nc(-c2cccc(CO)c2)cc2nn(Cc3ccccc3)c(=O)n12,5.77
A2A,CHEMBL2151258,Cc1ccccc1OCC(=O)Nc1nc(-c2ccccc2)n[nH]1,5.77
A2A,CHEMBL2151259,Cc1cccc(C)c1OCC(=O)Nc1nc(-c2ccccc2)n[nH]1,5.77
A2A,CHEMBL4070359,Cc1ccc(-n2nc(C)c3cnc(-c4ccc([C@H]5C[C@@H]5C(=O)O)cc4F)cc32)nc1,5.77
A2A,CHEMBL4174308,CCCn1c(-c2ccccc2)nc2c(NC3CCOC3)ncnc21,5.77
A2A,CHEMBL4537668,Cn1c(=O)c2c(nc3n2CCCN3Cc2cccc(Br)c2)n(C)c1=O,5.77
A2A,CHEMBL5961569,CCn1c(=O)c2c(C)c(Cn3nc[nH]c3=O)sc2n(CCC(F)(F)F)c1=O,5.77
A2A,CHEMBL6176093,Cc1ccc(-c2cccc(-c3c(C#N)c(N)nc(N4CCCCC4)c3C#N)c2)cc1,5.77
A2A,CHEMBL194756,Cc1ccc2c(O)c(C(=O)NN3CCN(C)CC3)cnc2n1,5.76
A2A,CHEMBL404131,CCCn1c(=O)[nH]c2nc(-c3cnn(Cc4cccc(F)c4)c3)[nH]c2c1=O,5.76
A2A,CHEMBL593749,Cc1ccc(-c2cc(C(=O)NCc3ccccn3)nc(C(C)C)n2)o1,5.76
A2A,CHEMBL597355,CCn1c(=O)c2c(nc(Cc3ccco3)n2C)n(Cc2ccccc2)c1=O,5.76
A2A,CHEMBL1927633,O=C(Nc1nc(O)nc2nc(-c3ccco3)nn12)c1ccccc1,5.76
A2A,CHEMBL2064656,CNC(=O)[C@@]12C[C@@H]1[C@@H](n1cnc3c(NCc4cccc(Cl)c4)nc(C#Cc4cccc(Cl)c4)nc31)[C@H](O)[C@@H]2O,5.76
A2A,CHEMBL3394267,CC(C)(C)OC(=O)N1CCC(Nc2nc(N)n3nc(-c4ccco4)nc3n2)CC1,5.76
A2A,CHEMBL3904817,CCC(CC)Nc1nc(Cl)nc2c1ncn2[C@H]1[C@H](O)[C@H](O)[C@]2(CO)C[C@H]12,5.76
A2A,CHEMBL4543137,Nc1nc(Cl)nc2c1ncn2[C@H]1[C@H](O)[C@H](O)[C@]2(CCl)C[C@H]12,5.76
A2A,CHEMBL5184684,Nc1nc(-c2ccco2)c2cnn(Cc3ccc(C(=O)Nc4ccccc4N)cc3)c2n1,5.76
A2A,CHEMBL94538,Cc1ccc2c(NN)cc(-c3ccccc3)nc2n1,5.75
A2A,CHEMBL103553,Cc1ccc2c(O)ccnc2n1,5.75
A2A,CHEMBL288258,Nc1nc(NC(=O)C2CCCCC2)nc2c1ncn2[C@@H]1O[C@H](CO)[C@@H](O)[C@H]1O,5.75
A2A,CHEMBL420705,C[C@@H](Cc1ccccc1)Nc1ncnc2c1ncn2[C@@H]1O[C@H](CO)[C@@H](O)[C@H]1O,5.75
A2A,CHEMBL231891,CCNc1nc(-n2cc(-c3ccccn3)cn2)nc2c1ncn2[C@@H]1O[C@H](CO)[C@@H](O)[C@H]1O,5.75
A2A,CHEMBL252045,CCCn1c(=O)c2[nH]c(-c3cnn(Cc4noc(-c5ccccc5)n4)c3)nc2n(CCC)c1=O,5.75
A2A,CHEMBL372084,CCCn1c(=O)c2nc(-c3cnn(Cc4nc(-c5ccc(Cl)cc5)no4)c3)[nH]c2n(CCC)c1=O,5.75
A2A,CHEMBL386698,COc1ccc(Cl)c(CNc2nc(N=[N+]=[N-])nc3c2ncn3[C@@H]2O[C@H](CO)[C@@H](O)[C@H]2O)c1,5.75
A2A,CHEMBL1162942,CCC(=O)[C@H]1O[C@@H](n2cnc3c(N)nc(C#Cc4ccccc4)nc32)[C@H](O)[C@@H]1O,5.75
A2A,CHEMBL220158,CONc1nc(C#Cc2ccc(OC)cc2)nc2c1ncn2[C@@H]1O[C@H](CO)[C@@H](O)[C@H]1O,5.75
A2A,CHEMBL294590,Nc1ncnc2c1ncn2C1CCCC1,5.75
A2A,CHEMBL563259,CCn1c(=O)c2[nH]c(-c3ccc(OCC(=O)Nc4ccc(N(C)C)cc4)cc3)nc2n(CCCOC)c1=O,5.75
A2A,CHEMBL595864,Cc1ccc(-c2cc(C(=O)NCc3ccccn3)nc(N(C)C)n2)o1,5.75
A2A,CHEMBL1277040,CNC(=O)[C@H]1O[C@@H](n2cnc3c(N)nc(C#Cc4ccccc4)nc32)[C@H](O)[C@@H]1O,5.75
A2A,CHEMBL1561889,Cc1cc(O)c(C(C)C)cc1N=C1CSC(=O)N1,5.75
A2A,CHEMBL2089344,O[C@@H]1[C@H](O)[C@@H]2C[C@@H]2[C@H]1n1cnc2c(NCc3cccc(Cl)c3)nc(C#Cc3cccc(Cl)c3)nc21,5.75
A2A,CHEMBL2151257,O=C(COc1ccccc1)Nc1nc(-c2ccccc2)n[nH]1,5.75
A2A,CHEMBL2151121,Cc1cccc(-c2n[nH]c(NC(=O)[C@@H](C)Oc3ccccc3)n2)c1,5.75
A2A,CHEMBL2413252,Cn1cc2c(nc(NCCCCCNC(=S)Nc3ccc(C4c5ccc(O)cc5OC5=CC(=O)C=CC54)c(C(=O)O)c3)n3nc(-c4ccco4)nc23)n1,5.75
A2A,CHEMBL3125715,CCCCC#Cc1nc(NC2CCCC2)c2ncn([C@H]3[C@H](O)[C@H](O)[C@@H]4C[C@@H]43)c2n1,5.75
A2A,CHEMBL3394266,CCCN(CCCCCCNc1nc(N)n2nc(-c3ccco3)nc2n1)CCc1cccc2c1CC(=O)N2,5.75
A2A,CHEMBL4169401,COc1ccc(-c2nc3c(NC4CCCC4)ncnc3n2C)cc1,5.75
A2A,CHEMBL4170460,Cc1ccc(-c2nc3c(NC4CCCC4)ncnc3n2C)cc1,5.75
A2A,CHEMBL4572398,O=C(O)C[C@H]1CC[C@H](OC2CCN(c3ccc(-c4nc5cc(C(F)(F)F)ccc5[nH]4)cn3)CC2)CC1,5.75
A2A,CHEMBL5193510,Cc1ccc(Nc2nc(N(CCO)Cc3ccccc3)nc3c2cnn3-c2ccccc2)cc1,5.75
A2A,CHEMBL375619,CONc1nc(C#CCCCC#N)nc2c1ncn2[C@@H]1O[C@H](CO)[C@@H](O)[C@H]1O,5.74
A2A,CHEMBL595657,Cn1c(Cc2c(F)cccc2F)nc2c1c(=O)n(CC1CC1)c(=O)n2Cc1ccco1,5.74
A2A,CHEMBL1650366,CCCC(=O)Nc1cc(-c2ccc(F)cc2)nc(-c2ccc(F)cc2)n1,5.74
A2A,CHEMBL2069325,Cn1cc2c(nc(NC(=O)NC3CCN(C(=O)NCCc4ccccc4)CC3)n3nc(-c4ccco4)nc23)n1,5.74
A2A,CHEMBL4159137,Cn1c(-c2ccc(Cl)cc2)nc2c(NC3CCCC3)ncnc21,5.74
A2A,CHEMBL4170873,Cn1c(-c2ccccc2)nc2c(NC3CCOC3)ncnc21,5.74
A2A,CHEMBL5192939,Cc1ccc(-c2nc(N)nc3c2cnn3CCCCC(=O)NO)o1,5.74
A2A,CHEMBL199664,CCOC(=O)COc1ccc(-c2cc3c([nH]2)c(=O)n(C)c(=O)n3CCCOC)cc1,5.73
A2A,CHEMBL457580,CC(=O)Nc1cc(N2CCN(C)CC2)nc(-n2nc(C)cc2C)n1,5.73
A2A,CHEMBL2071050,Cn1cc2c(nc(NC(=O)NC3CCN(C(=O)Nc4ccncc4)CC3)n3nc(-c4ccco4)nc23)n1.O=C(O)C(F)(F)F,5.73
A2A,CHEMBL3828590,S=C(NCc1ccccc1)N(Cc1ccccc1)c1nc2c(Cl)ncnc2s1,5.73
A2A,CHEMBL3932820,CC[C@@H](Nc1nc(Cl)nc2c1ncn2[C@H]1[C@H](O)[C@H](O)[C@]2(CO)C[C@H]12)C1CC1,5.73
A2A,CHEMBL4288430,CCOC(=O)c1cnc(OCC)n2nc(-c3ccco3)nc12,5.73
A2A,CHEMBL5083172,Cc1ccc(-c2nc(N)nc3c2ncc(=O)n3CC2CCCCC2)o1,5.73
A2A,CHEMBL97896,Oc1cc(-c2ccccc2)nc2nc(Oc3ccccc3)ccc12,5.72
A2A,CHEMBL260338,CN(C)c1nc(-c2ccco2)c2cnn(CCc3ccccc3)c2n1,5.72
A2A,CHEMBL496984,O=[N+]([O-])c1ccc(Nc2nc(-c3ccccc3)nc3c2ncn3Cc2ccccc2)cc1,5.72
A2A,CHEMBL449924,Nc1ncnc2c1nc(Br)n2C1CCCC1,5.72
A2A,CHEMBL600009,Nc1c(Sc2ccccc2)cc(Sc2ccccc2)c2c1C(=O)c1ccccc1C2=O,5.72
A2A,CHEMBL1289676,O=C(COc1ccc2[nH]c(=O)c(-c3nccs3)c(CCc3ccccc3)c2c1)N[C@@H](CO)c1ccccc1,5.72
A2A,CHEMBL1650347,CCC(=O)Nc1nc(-c2ccsc2)cc(-c2ccsc2)n1,5.72
A2A,CHEMBL64894,CN(C)c1ccc(C(=C2C=CC(=[N+](C)C)C=C2)c2ccc(N(C)C)cc2)cc1.[Cl-],5.72
A2A,CHEMBL5542317,Cc1c(C#N)cccc1-c1cc(-c2cn(Cc3c[nH]c4cnccc34)nn2)nc(N)n1,5.72
A2A,CHEMBL17173,CCCn1c(=O)c2nc(-c3ccc(OCC(=O)NN4C(=O)C(C)=C(C)C4=O)cc3)[nH]c2n(CCC)c1=O,5.71
A2A,CHEMBL36320,Nc1nc(NC(=O)CCCC2CCCCC2)nc2c1ncn2[C@@H]1O[C@H](CO)[C@@H](O)[C@H]1O,5.71
A2A,CHEMBL201548,CCOC(=O)COc1ccc(-c2cc3c([nH]2)c(=O)n(C)c(=O)n3C)cc1,5.71
A2A,CHEMBL207408,CCNC(=O)[C@H]1O[C@@H](n2cnc3c(NCC)nc(I)nc32)[C@H](O)[C@@H]1O,5.71
A2A,CHEMBL410529,CCCn1c(=O)c2[nH]c(-c3cnn(-c4ccc[n+]([O-])c4)c3)nc2n(CC)c1=O,5.71
A2A,CHEMBL1080067,O=C(c1ccncc1)c1nc(NCc2cccnc2)nc2ccsc12,5.71
A2A,CHEMBL4080383,O[C@@H]1[C@H](O)[C@@H](CCl)O[C@H]1n1cnc2c(Nc3ccc(Cl)cc3F)nc(Cl)nc21,5.71
A2A,CHEMBL4435944,Cc1nc(NC(=O)c2ccccc2)c2nc(-c3ccccc3)sc2n1,5.71
A2A,CHEMBL3753339,Nc1nc(-c2ccccc2)cc(-c2cccc(OC(=O)N3CCCCC3)c2)n1,5.71
A2A,CHEMBL3753390,CN1CCN(C(=O)Oc2cccc(-c3cc(-c4ccccc4)nc(N)n3)c2)CC1,5.71
A2A,CHEMBL3754167,Nc1nc(-c2ccccc2)cc(-c2cccc(OC(=O)N3CCOCC3)c2)n1,5.71
A2A,CHEMBL97037,Oc1cc(-c2ccccc2)nc2ncccc12,5.7
A2A,CHEMBL36786,Nc1nc(NC(=O)CCC2CCCC2)nc2c1ncn2[C@@H]1O[C@H](CO)[C@@H](O)[C@H]1O,5.7
A2A,CHEMBL424526,S/C(Cc1ccccc1)=N\N=C\c1cnc2ccccc2c1,5.7
A2A,CHEMBL195140,N#Cc1cccc(-c2nc(Nc3ccccn3)sc2-n2cncn2)c1,5.7
A2A,CHEMBL223340,CCCOC(=O)c1cnc2c(cnn2CC(Cl)c2ccccc2)c1N1CCCC1,5.7
A2A,CHEMBL489795,O[C@@H]1[C@H](O)[C@@H]2C[C@@H]2[C@H]1n1cnc2c(N[C@H]3C[C@@H]3c3ccccc3)nc(Cl)nc21,5.7
A2A,CHEMBL1090810,Cn1cc2c(nc(N)n3nc(-c4ccc(Cl)cc4)nc23)n1,5.7
A2A,CHEMBL1800791,CC1CN2C(=O)N(Cc3ccccc3)c3nc(-c4cc(OCc5ccccc5)nn4C)[nH]c3C2=N1,5.7
A2A,CHEMBL2030681,Cc1csc(-c2coc3cc(OCC(=O)O)cc(C)c3c2=O)n1,5.7
A2A,CHEMBL2030684,CC1CC(c2ccccc2)n2nc(N3C(=O)C4CC=CCC4C3=O)nc2N1,5.7
A2A,CHEMBL2151256,Cc1cccc(OCC(=O)Nc2nc(-c3ccccc3)n[nH]2)c1,5.7
A2A,CHEMBL2151120,Cc1cccc(-c2n[nH]c(NC(=O)C(C)Oc3ccccc3)n2)c1,5.7
A2A,CHEMBL2391842,COc1ccc(C(=O)Nc2nc(-c3ccccc3)c(C(=O)c3nc(N)nc(N(C)C)n3)s2)cc1,5.7
A2A,CHEMBL3133071,Cc1csc(-c2coc3cc(O)ccc3c2=O)n1,5.7
A2A,CHEMBL3410298,CCOC(=O)c1nc(N)nc2nn(C)cc12,5.7
A2A,CHEMBL4063997,CCCn1c(Oc2cccnc2C)nc2nc(C3CCCC3)[nH]c2c1=O,5.7
A2A,CHEMBL4129358,Nc1nn(-c2ccccc2)nc1C(=O)CCc1ccccc1,5.7
A2A,CHEMBL4574105,Cn1c(=O)c2c(nc3n2CCCN3Cc2cccs2)n(C)c1=O,5.7
A2A,CHEMBL4847237,Nc1ncnc2c1nc(C#Cc1ccccc1)n2[C@H]1C[C@H](O)[C@@H](CO)O1,5.7
A2A,CHEMBL5185932,Nc1nc(-c2ccccc2N)c2ccccc2n1,5.7
A2A,CHEMBL5440545,CCN1CCN(Cc2ccc3cc(C(=O)Nc4cc(NC(=O)c5ccc6c(c5)OCCO6)ccc4F)ccc3n2)CC1,5.7
A2A,CHEMBL65547,CN(C)CCc1c[nH]c2cccc(O)c12,5.7
A2A,CHEMBL359379,COc1ccc(NC(=O)Nc2nc3nn(CCc4cc(Br)c(Br)cc4Br)cc3c3nc(-c4ccco4)nn23)cc1,5.69
A2A,CHEMBL410104,NNc1nc(OCCc2c[nH]c3cc(Br)ccc23)nc2c1ncn2[C@@H]1O[C@H](CO)[C@@H](O)[C@H]1O,5.69
A2A,CHEMBL514541,O[C@@H]1[C@H](O)[C@@H](CCl)O[C@H]1n1cnc2c(NC3CC4CCC3C4)nc(Cl)nc21,5.69
A2A,CHEMBL575829,COc1ccc(NC(=O)Nc2nc3nn(CCc4c(Br)cc(Br)cc4Br)cc3c3nc(-c4ccco4)nn23)cc1,5.69
A2A,CHEMBL1760886,CCN(C(C)=O)c1ccc(OC)c2nc(NC(=O)[C@@H]3CCN(C(=O)c4cccc(C(F)(F)F)c4)C3)sc12,5.69
A2A,CHEMBL241618,Cn1c(=O)c2c(nc3n2CCCN3Cc2cccc(Cl)c2)n(C)c1=O,5.69
A2A,CHEMBL3114156,O=C(Nc1nc(Cl)c2cn(CCc3ccccc3)nc2n1)c1ccc(F)cc1,5.69
A2A,CHEMBL3088334,Clc1ccc(Nc2nc3c(N4CCCC4)ncnc3s2)cc1,5.69
A2A,CHEMBL487754,CCNC(=O)[C@H]1O[C@@H](n2cnc3c(NC4CCCC4)nc(Cl)nc32)[C@H](O)[C@@H]1O,5.69
A2A,CHEMBL4541086,O[C@@H]1[C@H](O)[C@@H](CCl)O[C@H]1n1cnc2c(N[C@H]3C[C@H]4CC[C@@H]3C4)ncnc21,5.69
A2A,CHEMBL2113484,OC[C@H]1O[C@@H](n2cnc3c(NCCCc4ccccc4)ncnc32)[C@H](O)[C@@H]1O,5.69
A2A,CHEMBL5088038,COc1ccc(N2C[C@H](C)N(CCn3c(=O)cnc4c(-c5ccc(C)o5)nc(N)nc43)C[C@H]2C)cc1,5.69
A2A,CHEMBL158507,CCCn1c(=O)c2nc(-c3ccccc3)[nH]c2n(CCC)c1=O,5.68
A2A,CHEMBL219411,CCNC(=O)[C@H]1O[C@@H](n2cnc3c(NNC(=O)c4ccc(C)s4)ncnc32)[C@H](O)[C@@H]1O,5.68
A2A,CHEMBL255939,Nc1nc(-c2ncc[nH]2)c2cnn(Cc3ccccc3F)c2n1,5.68
A2A,CHEMBL604492,CSCCn1c(=O)c2[nH]c(Cc3cccs3)nc2n(Cc2ccco2)c1=O,5.68
A2A,CHEMBL515442,CNC(=O)OC[C@H]1O[C@@H](n2cnc3c(NCc4cccc(I)c4)nc(Cl)nc32)[C@H](O)[C@@H]1O,5.68
A2A,CHEMBL3114154,Cc1ccc(C(=O)Nc2nc(Cl)c3cn(CC(C)(C)C)nc3n2)cc1,5.68
A2A,CHEMBL5208245,CCNC(=O)[C@H]1O[C@@H](n2cnc3c(N[C@@H]4CCC[C@H]4OCc4ccccc4Cl)ncnc32)[C@H](O)[C@@H]1O,5.68
A2A,CHEMBL5426226,Cc1c(C#N)cccc1-c1cc(-c2ccn(Cc3cccc(OCC(=O)O)c3)c(=O)c2)nc(N)n1,5.68
A2A,CHEMBL5566421,Cc1c(C#N)cccc1-c1cc(-c2cn(Cc3c[nH]c4cc(OC5CCCC5)ccc34)nn2)nc(N)n1,5.68
A2A,CHEMBL309618,CCOC(=O)c1cnc2c(cnn2CC(Cl)c2ccccc2)c1N1CCN(C)CC1,5.67
A2A,CHEMBL102035,CCCCCn1cc(-c2nc(N)c3ncn([C@@H]4O[C@H](CO)[C@@H](O)[C@H]4O)c3n2)cn1,5.67
A2A,CHEMBL205226,CCNC(=O)[C@H]1O[C@@H](n2cnc3c(NCC)nc(C#C[C@@H](C)O)nc32)[C@H](O)[C@@H]1O,5.67
A2A,CHEMBL477445,O[C@@H]1[C@H](O)[C@@H](CCl)O[C@H]1n1cnc2c(NC3CCCC3)nc(Cl)nc21,5.67
A2A,CHEMBL1081841,Cn1c(=O)[nH]c2nc(-c3ccco3)c(-c3ccncn3)cc21,5.67
A2A,CHEMBL1278010,Cc1nc2c(=O)n(Cc3ccccc3)nc(-c3cccnc3)c2c2cc(-c3ccccc3)nn12,5.67
A2A,CHEMBL1800792,CCC1CN2C(=O)N(Cc3ccccc3)c3nc(-c4cc(OCc5ccccc5)nn4C)[nH]c3C2=N1,5.67
A2A,CHEMBL1946293,CCCCCCc1nc(N)c2ncn([C@@H]3OC[C@@H](O)[C@H]3O)c2n1,5.67
A2A,CHEMBL3093329,C#CCn1c(=O)c2c(nc3n2CCCN3c2ccc(F)cc2)n(C)c1=O,5.67
A2A,CHEMBL3754760,CC(C)Nc1nc(NC(=O)c2ccccc2)n2nc(-c3ccco3)nc2n1,5.67
A2A,CHEMBL5195714,CCNC(=O)[C@H]1O[C@@H](n2cnc3c(N[C@@H]4CCC[C@H]4Oc4ccccc4Cl)ncnc32)[C@H](O)[C@@H]1O,5.67
A2A,CHEMBL36098,O=C(CCC1CCCC1)Nc1nc(NC2CCCC2)c2ncn([C@@H]3O[C@H](CO)[C@@H](O)[C@H]3O)c2n1,5.66
A2A,CHEMBL317270,Fc1cccc(-n2cc3c(n2)c(NC2CCCC2)nc2ccccc23)c1,5.66
A2A,CHEMBL304009,CCn1cnc2c(N)ncnc21,5.66
A2A,CHEMBL477667,O[C@@H]1[C@H](O)[C@@H](CSc2ccccc2F)O[C@H]1n1cnc2c(NC3CCCC3)nc(Cl)nc21,5.66
A2A,CHEMBL598725,CN1CCc2sc3nc(C(=O)Nc4ccc(F)cc4)c(N)cc3c2C1,5.66
A2A,CHEMBL591458,Nc1c(C(=O)c2ccccc2)oc2ccc(Br)cc12,5.66
A2A,CHEMBL1089887,Nc1nc2nn(CCc3ccccc3)cc2c2nc(-c3ccc(Cl)cc3)nn12,5.66
A2A,CHEMBL1170295,COc1ccc(N(CC(=O)O)C(C)=O)c2sc(NC(=O)c3ccc(F)cc3)nc12,5.66
A2A,CHEMBL2151262,C[C@@H](Sc1ccccc1)C(=O)Nc1nc(-c2ccccc2)n[nH]1,5.66
A2A,CHEMBL3114152,CC(C)(C)Cn1cc2c(Cl)nc(NC(=O)c3ccc(F)cc3)nc2n1,5.66
A2A,CHEMBL3125714,CCCCC#Cc1nc(NC2CC2)c2ncn([C@H]3[C@H](O)[C@H](O)[C@@H]4C[C@@H]43)c2n1,5.66
A2A,CHEMBL3088341,CCN(CC)c1ncnc2sc(Nc3ccccc3)nc12,5.66
A2A,CHEMBL3827583,CCn1c(=O)c2c(nc3n2CCCN3CCc2ccc(O)cc2)n(CC)c1=O,5.66
A2A,CHEMBL3923870,OC[C@@]12C[C@@H]1[C@@H](n1cnc3c(NC(C4CC4)C4CC4)nc(Cl)nc31)[C@H](O)[C@@H]2O,5.66
A2A,CHEMBL3905850,CC(C)[C@@H](Nc1nc(Cl)nc2c1ncn2[C@H]1[C@H](O)[C@H](O)[C@]2(CO)C[C@H]12)C1CC1,5.66
A2A,CHEMBL4468152,Cn1cc2c(nc(NCC3CCC(CNC(=O)OC(C)(C)C)CC3)n3nc(-c4ccco4)nc23)n1,5.66
A2A,CHEMBL5076939,Cc1ccc(-c2nc(N)nc3c2ncc(=O)n3Cc2ccco2)o1,5.66
A2A,CHEMBL1834385,Nc1nccc(-c2ccccc2)n1,5.66
A2A,CHEMBL200279,O=C(NCC1CC1)[C@H]1S[C@@H](n2cnc3c(NCc4cccc(I)c4)nc(Cl)nc32)[C@H](O)[C@@H]1O,5.65
A2A,CHEMBL217085,CCCCNC(=O)[C@H]1CC[C@H](c2nc3c(=O)n(CCC)c(=O)n(CCC)c3[nH]2)CC1,5.65
A2A,CHEMBL259772,CCCn1c(=O)c2[nH]c(-c3cnn(-c4ccc(C(F)(F)F)nc4)c3)nc2n(CC)c1=O,5.65
A2A,CHEMBL473650,O=C(Nc1nc2ncccc2n2c(=O)n(-c3ccccc3)nc12)c1ccccc1,5.65
A2A,CHEMBL467270,CCCn1c(=O)c2[nH]c(-c3ccc(COC(=O)Nc4cccs4)cc3)cc2n(CCC)c1=O,5.65
A2A,CHEMBL2042312,CNC(=O)[C@H]1O[C@@H](n2cnc3c(NCC(c4ccccc4)c4ccccc4)nc(NCCc4ccc(NC(=O)c5cc(C(C)(C)C)c(O)c(C(C)(C)C)c5)cc4)nc32)[C@H](O)[C@@H]1O,5.65
A2A,CHEMBL2070891,Cn1cc2c(nc(NC(=O)NC3CCN(Cc4ccc(C#N)cc4)CC3)n3nc(-c4ccco4)nc23)n1,5.65
A2A,CHEMBL2170796,O[C@@H]1[C@H](O)[C@@H]2C[C@@H]2[C@H]1n1cnc2c(NC(C3CC3)C3CC3)nc(I)nc21,5.65
A2A,CHEMBL3217879,CN(C)C(=O)c1cccc(-c2nc(N)c3cc(CN4CCC(F)CC4)sc3n2)c1,5.65
A2A,CHEMBL3827582,Fc1cccc(F)c1Nc1nc2c(N3CCCC3)ncnc2s1,5.65
A2A,CHEMBL5574380,Cc1c(C#N)cccc1-c1cc(-c2cn(Cc3c[nH]c4ncccc34)nn2)nc(N)n1,5.65
A2A,CHEMBL6169451,N#Cc1c(N)nc(N2CCC(F)CC2)c(C#N)c1-c1ccccc1,5.65
A2A,CHEMBL175543,CNC(=O)[C@@]12C[C@@H]1[C@@H](n1cnc3c(NCc4cccc(Cl)c4)nc(Cl)nc31)[C@H](O)[C@@H]2O,5.64
A2A,CHEMBL363807,O[C@@H]1[C@H](O)[C@@H](O)O[C@H]1n1cnc2c(NC3CCCC3)nc(Cl)nc21,5.64
A2A,CHEMBL364671,OC[C@H]1O[C@@H](n2cnc3c(NCc4cccnc4)ncnc32)[C@H](O)[C@@H]1O,5.64
A2A,CHEMBL427736,CCn1c(=O)n(CC2CC2)c(=O)c2[nH]c(-c3cnn(-c4ccc(C(F)(F)F)nc4)c3)nc21,5.64
A2A,CHEMBL469409,Nc1ncnc2c1ncn2C1CC1,5.64
A2A,CHEMBL567226,CNC(=O)[C@]12C[C@@H]1[C@@H](n1cnc3c(NCc4cccc(Cl)c4)nc(Cl)nc31)[C@H](O)[C@@H]2O,5.64
A2A,CHEMBL1078087,Cc1ccc(C(=O)c2nc(N(C)Cc3cccnc3)nc3ccsc23)s1,5.64
A2A,CHEMBL1726,COC(=O)C1=C(C)NC(C)=C(C(=O)OCC(C)C)C1c1ccccc1[N+](=O)[O-],5.64
A2A,CHEMBL3410309,CCOC(=O)c1nc(NC(=O)c2ccc(C)cc2)nc2nn(C(C)C)cc12,5.64
A2A,CHEMBL3679389,Cc1cccc(C)c1CO[C@@H]1CCCC1Nc1ncnc2c1ncn2[C@@H]1O[C@H](CO)[C@@H](O)[C@H]1O,5.64
A2A,CHEMBL5086261,N[C@@H]1CS[C@@H](n2cnc3c(NCc4cccc(I)c4)ncnc32)[C@@H]1O,5.64
A2A,CHEMBL2357789,c1ccc(-c2ncnc3ccccc23)cc1,5.64
A2A,CHEMBL400013,Cc1ccc(Nc2nc(-n3cc(CO)cn3)nc3c2ncn3[C@@H]2O[C@H](CO)[C@@H](O)[C@H]2O)cc1,5.63
A2A,CHEMBL392149,OC[C@H]1O[C@@H](n2cnc3c(N[C@@H]4CCOC4)ncnc32)[C@H](O)[C@@H]1O,5.63
A2A,CHEMBL258778,COc1ccccc1N1CCN(C(=O)COc2ccc(-c3cc4c([nH]3)c(=O)n(C)c(=O)n4C)cc2)CC1,5.63
A2A,CHEMBL1082064,CC(Nc1nc(C(=O)N2CCCC2)c2sccc2n1)c1cccnc1,5.63
A2A,CHEMBL1834623,Cn1cc2c(nc(NC(=O)Nc3ccccc3)n3nc(-c4ccc(Br)cc4)nc23)n1,5.63
A2A,CHEMBL4076565,CC(=O)Nc1sc(-c2ccc(C(=O)NCCCCCCNc3ncnc4c3ncn4[C@@H]3O[C@H](CO)[C@@H](O)[C@H]3O)cc2)c(-c2cccc(C(F)(F)F)c2)c1C(=O)c1ccccc1,5.63
A2A,CHEMBL16724,C=CCn1c(=O)c2nc(-c3ccc(OCC(=O)O)cc3)[nH]c2n(CC=C)c1=O,5.62
A2A,CHEMBL36789,Nc1nc(NC(=O)CC2CCCCC2)nc2c1ncn2[C@@H]1O[C@H](CO)[C@@H](O)[C@H]1O,5.62
A2A,CHEMBL320741,CC(=O)Nc1nc2ccccc2c2cn(-c3ccccc3)nc12,5.62
A2A,CHEMBL98802,CC(C)(C)c1ccc(Cn2cc(-c3nc(N)c4ncn([C@@H]5O[C@H](CO)[C@@H](O)[C@H]5O)c4n3)cn2)cc1,5.62
A2A,CHEMBL398588,CCOC(=O)c1cnn(-c2nc(N[C@H]3CCCO3)c3ncn([C@@H]4O[C@H](CO)[C@@H](O)[C@H]4O)c3n2)c1,5.62
A2A,CHEMBL407969,CCCn1c(=O)c2[nH]c(-c3cnn(Cc4cc(-c5ccc(C(F)(F)F)cc5)on4)c3)nc2n(CC)c1=O,5.62
A2A,CHEMBL1270221,COCCCn1c(NC(=O)c2cccc(OC)c2)nc2cc(C(=O)NCc3cccc(OC)c3)ccc21,5.62
A2A,CHEMBL1873756,NC(c1csc(Nc2nncc3ccccc23)n1)c1ccccc1Cl,5.62
A2A,CHEMBL2153603,Cn1c(=O)c2c(nc3n2CCCCN3C2CCCCCCC2)n(C)c1=O,5.62
A2A,CHEMBL2181970,OC[C@H]1O[C@@H](n2cnc3c(N[C@@H]4C[C@H]4c4cccc(C(F)(F)F)c4)ncnc32)[C@H](O)[C@@H]1O,5.62
A2A,CHEMBL3356373,Cc1ccc2ncc3nc(-c4ccccc4)nn3c2c1,5.62
A2A,CHEMBL3410324,CCOC(=O)c1nc(NC(=O)Cc2ccccc2)nc2nn(CCc3ccccc3)cc12,5.62
A2A,CHEMBL3827623,CCCn1c(=O)c2c(nc3n2CCCN3c2ccc(OCCN3CCCC3)cc2)n(CCC)c1=O,5.62
A2A,CHEMBL4177249,Cn1c(-c2ccc(F)cc2)nc2c(NC3CCCC3)ncnc21,5.62
A2A,CHEMBL4447908,Clc1ccc(C#Cc2nc(N[C@@H]3CCOC3)c3nc[nH]c3n2)s1,5.62
A2A,CHEMBL5081923,N[C@@H]1CS[C@@H](n2cnc3c(NCc4cccc(I)c4)nc(Cl)nc32)[C@@H]1O,5.62
A2A,CHEMBL5799083,Nc1nnc(-c2cnn(Cc3ccccc3)c2)c(-c2ccccc2)n1,5.62
A2A,CHEMBL382141,CCNC(=O)[C@H]1O[C@@H](n2cnc3c(NCC)nc(C#CCC(C)O)nc32)[C@H](O)[C@@H]1O,5.61
A2A,CHEMBL512388,Cc1ccc(-c2[nH]c3c(=O)n(C)c(=O)n(C)c3c2O)cc1,5.61
A2A,CHEMBL611325,COc1cc(C(=O)NCc2ncccc2C)nc(N)n1,5.61
A2A,CHEMBL589263,CNC(=O)[C@@]12C[C@@H]1[C@@H](n1cnc3c(NCc4cccc(Cl)c4)nc(C#CCCCCc4cn(CCNC(C)=O)nn4)nc31)[C@H](O)[C@@H]2O,5.61
A2A,CHEMBL1270509,COCCCn1c(NC(=O)c2cccc(C#N)c2)nc2cc(C(N)=O)cnc21,5.61
A2A,CHEMBL1290210,C[C@H](NC(=O)COc1ccc2[nH]c(=O)c(-c3nccs3)c(CCc3ccccc3)c2c1)c1ccccc1,5.61
A2A,CHEMBL113,Cn1c(=O)c2c(ncn2C)n(C)c1=O,5.61
A2A,CHEMBL2012678,O[C@@H]1[C@H](O)[C@@H]2C[C@@H]2[C@H]1n1cnc2c(N[C@H]3C[C@H]4CC[C@H]3C4)nc(Cl)nc21,5.61
A2A,CHEMBL3920937,O[C@H]1[C@@H](O)C[C@@]2(n3cnc4c(NC5CC6CCC5C6)nc(Cl)nc43)C[C@@H]12,5.61
A2A,CHEMBL4069499,CNC(=O)[C@H]1[Se][C@@H](n2cnc3c(N[C@@H]4C[C@H]4c4ccccc4)ncnc32)[C@H](O)[C@@H]1O,5.61
A2A,CHEMBL4800206,CCCNc1nc(C#Cc2ccc(F)s2)nc2c1ncn2[C@@H]1O[C@H](C(=O)NC)[C@@H](O)[C@H]1O,5.61
A2A,CHEMBL5568711,Cc1c(C#N)cccc1-c1cc(-c2cn(Cc3cc4ccccc4[nH]3)nn2)nc(N)n1,5.61
A2A,CHEMBL149732,O=C(Nc1nc(-c2ccccc2)nc2nc(-c3ccccc3)cn12)C1CCCC1,5.6
A2A,CHEMBL333535,CCCCc1nc2[nH]cnc2c2nc(-c3cc(OC)c(OC)c(OC)c3)nn12,5.6
A2A,CHEMBL361072,CNc1nc(-n2cc(-c3nc4ccccc4o3)cn2)nc2c1ncn2C1O[C@H](CO)[C@@H](O)[C@H]1O,5.6
A2A,CHEMBL193421,OC[C@H]1O[C@@H](n2cnc3c(NC4CC4c4ccccc4)ncnc32)[C@H](O)[C@@H]1O,5.6
A2A,CHEMBL199732,CCCn1c(=O)c2nc(-c3cnn(Cc4noc(-c5ccccc5Cl)n4)c3)[nH]c2n(CCC)c1=O,5.6
A2A,CHEMBL200370,CCCn1c(=O)c2nc(-c3cnn(Cc4nc(-c5ccccc5Cl)no4)c3)[nH]c2n(CCC)c1=O,5.6
A2A,CHEMBL265213,CCCn1c(=O)c2[nH]c(-c3cnn(Cc4cccc(F)c4)c3)nc2n(CC)c1=O,5.6
A2A,CHEMBL411685,O[C@@H](c1cc(C(F)(F)F)nc2c(C(F)(F)F)cccc12)[C@@H]1CCCCN1,5.6
A2A,CHEMBL1081335,CCNC(=O)c1nc(NCc2cccnc2)nc2ccsc12,5.6
A2A,CHEMBL1097859,Cc1ccc(-c2nc(C(=O)Nc3ccccn3)c3n2CCCCC3)cc1,5.6
A2A,CHEMBL1277846,CCc1nc2c(=O)n(Cc3ccccc3)nc(-c3ccncc3)c2c2cc(-c3ccccc3)nn12,5.6
A2A,CHEMBL2070726,CC1CCN(C(=O)c2ccc3c(=O)[nH]c4c(-c5ccccc5)nnn4c3c2)CC1,5.6
A2A,CHEMBL2070725,Cc1[nH]c2nc3ccccc3n2c(=O)c1CCOC(=O)C1CCCCC1,5.6
A2A,CHEMBL2151125,CCC(=O)Nc1nc(-c2ccccc2)n[nH]1,5.6
A2A,CHEMBL2413250,Cn1cc2c(nc(NCCCNC(=S)Nc3ccc(C4c5ccc(O)cc5OC5=CC(=O)C=CC54)c(C(=O)O)c3)n3nc(-c4ccco4)nc23)n1,5.6
A2A,CHEMBL3093227,CCn1c(=O)c2c(nc3n2CCCN3CCc2ccc(OC)cc2)n(CC)c1=O,5.6
A2A,CHEMBL3125716,CCCCC#Cc1nc(NCc2cccc(I)c2)c2ncn([C@H]3[C@H](O)[C@H](O)[C@@H]4C[C@@H]43)c2n1,5.6
A2A,CHEMBL3133157,CNC(=O)[C@H]1O[C@@H](n2cnc3c(NC4CCC4)nc(N)nc32)[C@H](O)[C@@H]1O,5.6
A2A,CHEMBL3311282,OC[C@H]1O[C@@H](n2cnc3c(NC4CC4c4ccccc4)nc(C#Cc4ccccc4)nc32)[C@H](O)[C@@H]1O,5.6
A2A,CHEMBL3674590,Cc1ccc(CO[C@H]2CCCC2Nc2ncnc3c2ncn3C2O[C@H](CO)[C@@H](O)[C@H]2O)cc1,5.6
A2A,CHEMBL4129294,CCn1nc(-c2nccs2)c2sccc2c1=O,5.6
A2A,CHEMBL5170997,Cc1ccc(-c2nc(N)nc3c2cnn3Cc2ccc(C(=O)NO)cc2)o1,5.6
A2A,CHEMBL17123,CCCCn1c(=O)c2nc(-c3ccc(OCC(=O)O)cc3)[nH]c2n(CCCC)c1=O,5.59
A2A,CHEMBL193977,N#Cc1cccc(-c2nc(Nc3cccnc3)sc2-n2cncn2)c1,5.59
A2A,CHEMBL221777,Cc1ccc(S(=O)(=O)n2c(CCOc3nc(N)c4ncn([C@@H]5O[C@H](CO)[C@@H](O)[C@H]5O)c4n3)cc3ccccc32)cc1,5.59
A2A,CHEMBL472952,COc1ccccc1Cn1c(=O)n(-c2cccc(C#N)c2)c2nc(NC3CC3)ncc21,5.59
A2A,CHEMBL1091640,Cn1cc2c(nc(NC(=O)Cc3ccccc3)n3nc(-c4ccc(F)cc4)nc23)n1,5.59
A2A,CHEMBL1271223,N#Cc1cccc(C(=O)Nc2nc3cc(C(=O)N4CCCCC4)cnc3n2Cc2ccc(F)cc2)c1,5.59
A2A,CHEMBL1650380,CCC(=O)Nc1cc(-c2ccc3c(c2)OCO3)nc(-c2ccc3c(c2)OCO3)n1,5.59
A2A,CHEMBL2170792,O[C@@H]1[C@H](O)[C@@H]2C[C@@H]2[C@H]1n1cnc2c(N[C@@H](CC3CC3)C3CC3)nc(Cl)nc21,5.59
A2A,CHEMBL3359402,Cc1nc2c(=O)n(Cc3ccccc3)nc(-c3cccs3)c2c2cc(-c3ccccc3)nn12,5.59
A2A,CHEMBL3679385,OC[C@H]1O[C@@H](n2cnc3c(NC4CCC[C@H]4OCc4ccc(F)cc4)ncnc32)[C@H](O)[C@@H]1O,5.59
A2A,CHEMBL4468006,OC[C@H]1O[C@@H](n2cnc3c(NC(C4CCC4)C4CCC4)nc(Cl)nc32)[C@H](O)[C@@H]1O,5.59
A2A,CHEMBL5904300,Cc1cc(-c2cc3c(=O)cc[nH]c3nc2-c2cccc(C#N)c2C)cc(Cl)n1,5.59
A2A,CHEMBL358076,CCc1cn2c(NC(=O)C3CCCC3)nc(-c3ccccc3)nc2n1,5.58
A2A,CHEMBL126061,CCCCc1nc2[nH]ncc2c2nc(-c3ccc(OC)cc3)nn12,5.58
A2A,CHEMBL7098,Cn1c2ccccc2n2c(=O)c(-c3ccco3)nnc12,5.58
A2A,CHEMBL121339,CCCCc1nc2[nH]cnc2c2nc(-c3ccc(Cl)cc3)nn12,5.58
A2A,CHEMBL383638,CCCn1c(=O)c2[nH]c(-c3ccc(OCC(=O)Nc4ccc(C(=O)OCC)cc4)cc3)cc2n(C)c1=O,5.58
A2A,CHEMBL372148,CCCn1c(=O)c2[nH]c(-c3ccc(OCC(=O)Nc4ccc(-c5ccccc5)cc4)cc3)cc2n(C)c1=O,5.58
A2A,CHEMBL489322,COc1cccc(-n2c(=O)n(C)c3cnc(NC4CC4)nc32)c1,5.58
A2A,CHEMBL490405,COc1ccc(OC)c(CNc2nc(Cl)nc3c2ncn3[C@H]2[C@H](O)[C@H](O)[C@@H]3C[C@@H]32)c1,5.58
A2A,CHEMBL1076504,CC(C)NC(=O)c1nc(NCc2cccnc2)nc2ccsc12,5.58
A2A,CHEMBL2381762,Cn1c(-c2ccco2)nc2c(N)nc(NCCc3ccc(O)cc3)nc21,5.58
A2A,CHEMBL3410299,CCOC(=O)c1nc(N)nc2nn(C(C)C)cc12,5.58
A2A,CHEMBL193,COC(=O)C1=C(C)NC(C)=C(C(=O)OC)C1c1ccccc1[N+](=O)[O-],5.58
A2A,CHEMBL340262,CCCCc1nc2[nH]ncc2c2nc(-c3ccc(OCC)cc3)nn12,5.57
A2A,CHEMBL372182,N#Cc1cccc(-c2nc(Nc3cccnc3)sc2-n2ccnc2)c1,5.57
A2A,CHEMBL2115302,Cc1cccnc1Nc1nc(-c2cccc(C#N)c2)c(-n2ccnc2)s1,5.57
A2A,CHEMBL200154,CCCn1c(=O)c2nc(-c3cnn(Cc4cc(-c5ccccc5Cl)on4)c3)[nH]c2n(CCC)c1=O,5.57
A2A,CHEMBL214228,CCCn1c(=O)c2nc([C@H]3CC[C@H](COCc4ccccc4)CC3)[nH]c2n(CCC)c1=O,5.57
A2A,CHEMBL385770,CONc1nc(C#Cc2ccc(C(C)=O)cc2)nc2c1ncn2[C@@H]1O[C@H](CO)[C@@H](O)[C@H]1O,5.57
A2A,CHEMBL375080,Cc1ccc(S(=O)(=O)n2cc(CCOc3nc(N)c4ncn([C@@H]5O[C@H](CO)[C@@H](O)[C@H]5O)c4n3)c3ccccc32)cc1,5.57
A2A,CHEMBL242424,Cc1cccc(-n2cc3c(n2)c(NC(=O)c2ccccc2)nc2ccccc23)c1,5.57
A2A,CHEMBL485698,COc1ccc(-c2nc3c([nH]2)c(=O)n(C)c(=O)n3C)cc1OCCN1CCCCC1,5.57
A2A,CHEMBL600794,CN1CCc2nc3sc(C(=O)Nc4ccc(Cl)cc4)c(N)c3cc2C1,5.57
A2A,CHEMBL1096751,COc1ccc2c(c1)oc1c(-c3ccncc3)c(C#N)c(N)c(C#N)c12,5.57
A2A,CHEMBL2012675,O[C@@H]1[C@H](O)[C@@H]2C[C@@H]2[C@H]1n1cnc2c(NC3CCCCC3)nc(Cl)nc21,5.57
A2A,CHEMBL3114149,CC(C)n1cc2c(Cl)nc(NC(=O)c3ccc(C(F)(F)F)cc3)nc2n1,5.57
A2A,CHEMBL3088337,Clc1ccc(Nc2nc3c(Cl)ncnc3s2)cc1,5.57
A2A,CHEMBL3914843,OC[C@@]12C[C@@H]1[C@@H](n1cnc3c(N[C@H](C4CCC4)C4CC4)nc(Cl)nc31)[C@H](O)[C@@H]2O,5.57
A2A,CHEMBL3977011,O[C@H]1[C@@H](O)C[C@@]2(n3cnc4c(NC5CCCCC5)nc(Cl)nc43)C[C@@H]12,5.57
A2A,CHEMBL4081224,Nc1cc(-c2cccc(C(F)(F)F)c2)c(-c2ccc(C(=O)NCCCCCCNc3ncnc4c3ncn4[C@@H]3O[C@H](CO)[C@@H](O)[C@H]3O)cc2)s1,5.57
A2A,CHEMBL210730,O=C(Nc1nc2ccccc2[nH]1)c1ccccc1,5.57
A2A,CHEMBL4794145,CCOC(=O)CC[C@H](Nc1nc2nn(C)cc2c2nc(-c3ccco3)nn12)C(=O)OCC,5.57
A2A,CHEMBL1562432,CC[C@@H]1CN2C(=O)N(C)c3nc(-c4cc(Cl)cc(Cl)c4Cl)[nH]c3C2=N1,5.57
A2A,CHEMBL2113608,CNC(=O)[C@H]1O[C@@H](n2cnc3c(NCc4cccc(I)c4)nc(Cl)nc32)[C@](C)(O)[C@@H]1O,5.56
A2A,CHEMBL199877,CNc1nc(Cl)nc2c1ncn2[C@@H]1S[C@H](C(=O)NC2CC2)[C@@H](O)[C@H]1O,5.56
A2A,CHEMBL252069,O=c1[nH]c2nc(-c3cnn(Cc4ccccc4)c3)[nH]c2c(=O)n1CC1CC1,5.56
A2A,CHEMBL2180923,CN(c1nc2nn(C)cc2c2nc(-c3ccco3)nn12)C1CCCCC1,5.56
A2A,CHEMBL3679388,COc1cccc(CO[C@@H]2CCCC2Nc2ncnc3c2ncn3[C@@H]2O[C@H](CO)[C@@H](O)[C@H]2O)c1,5.56
A2A,CHEMBL3746487,CNC(=O)[C@@]12C[C@@H]1[C@@H](n1cnc3c(NCc4cccc(Cl)c4)nc(N=[N+]=[N-])nc31)[C@H](O)[C@@H]2O,5.56
A2A,CHEMBL456033,CN(Cc1ccccc1)c1nc(-c2ccco2)c(C(=O)c2ccccc2)s1,5.55
A2A,CHEMBL604728,Cc1ccc(Nc2nc(N)nc(CN3C(=O)NC4(CCCCC4)C3=O)n2)cc1,5.55
A2A,CHEMBL1290102,Cc1cc(-c2c(CCc3ccccc3)c3cc(OCC(=O)NC(C)(C)c4ccccc4)ccc3[nH]c2=O)on1,5.55
A2A,CHEMBL2071048,Cc1ccc(CNC(=O)N2CCC(NC(=O)Nc3nc4nn(C)cc4c4nc(-c5ccco5)nn34)CC2)cc1,5.55
A2A,CHEMBL2151130,O=C(Nc1nc(-c2ccccc2)n[nH]1)c1ccc(Cl)cc1,5.55
A2A,CHEMBL3410307,CCOC(=O)c1nc(NC(=O)c2ccc(F)cc2)nc2nn(C(C)C)cc12,5.55
A2A,CHEMBL3088343,CN1CCN(c2ncnc3sc(Nc4ccccc4)nc23)CC1,5.55
A2A,CHEMBL5079580,Cc1ccc(-c2nc(N)nc3c2n(C)c(=O)n3Cc2ccccc2)o1,5.55
A2A,CHEMBL5395813,CCCCC#Cc1nc(NC)c2nc(-c3cccs3)n([C@@H]3SC[C@@H](O)[C@H]3O)c2n1,5.55
A2A,CHEMBL7113,Oc1c(-c2ccccc2)nnc2nc3ccccc3n12,5.54
A2A,CHEMBL239864,Cn1c(=O)c2c(nc3n2CCCN3CCc2ccccc2)n(C)c1=O,5.54
A2A,CHEMBL600405,Cc1ccc(N2C(=O)c3cccc(N)c3C2=O)cc1,5.54
A2A,CHEMBL3125713,CCCCC#Cc1nc(NCC)c2ncn([C@H]3[C@H](O)[C@H](O)[C@@H]4C[C@@H]43)c2n1,5.54
A2A,CHEMBL3745868,O=C(Nc1nc(C2CC2)cs1)c1cc2ccccc2s1,5.54
A2A,CHEMBL4104450,CCCn1c(=O)c2[nH]c(-c3cc(OCC4CC(=O)N(c5ccc(C(F)(F)F)cc5)C4)no3)nc2n(CCC)c1=O,5.54
A2A,CHEMBL4105473,O=C(NCCCCCCNc1ncnc2c1ncn2[C@@H]1O[C@H](CO)[C@@H](O)[C@H]1O)c1ccc(-c2scc(C(=O)c3ccccc3)c2-c2cccc(C(F)(F)F)c2)cc1,5.54
A2A,CHEMBL4129433,CCn1nc(-c2ccccn2)c2sccc2c1=O,5.54
A2A,CHEMBL188958,Cn1cnc2c(NC3CCCCCC3)nc(Nc3ccccc3)nc21,5.53
A2A,CHEMBL274199,CCCn1c(=O)c2nc([C@H]3CC[C@H](NC(=O)OCc4ccccc4)CC3)[nH]c2n(CCC)c1=O,5.53
A2A,CHEMBL223327,CONc1nc(C#Cc2ccccn2)nc2c1ncn2[C@@H]1O[C@H](CO)[C@@H](O)[C@H]1O,5.53
A2A,CHEMBL1282,CC(C)Cn1cnc2c(N)nc3ccccc3c21,5.53
A2A,CHEMBL2030685,COc1ccc(N2CC(C(=O)NC(Cc3ccccc3)C(=O)O)CC2=O)cc1,5.53
A2A,CHEMBL3679381,COc1cccc(CO[C@H]2CCCC2Nc2ncnc3c2ncn3C2O[C@H](CO)[C@@H](O)[C@H]2O)c1,5.53
A2A,CHEMBL3828047,Clc1ncnc2sc(Nc3cccc(Br)c3)nc12,5.53
A2A,CHEMBL3976579,CC[C@H](Nc1nc(Cl)nc2c1ncn2[C@H]1[C@H](O)[C@H](O)[C@]2(CO)C[C@H]12)C1CC1,5.53
A2A,CHEMBL4292012,CNc1ncc(C(=O)NCc2ccc(C(F)(F)F)cc2)c2nc(-c3ccco3)nn12,5.53
A2A,CHEMBL6037066,Nc1nnc(N2CCOC(CO)C2)c(-c2ccccc2)n1,5.53
A2A,CHEMBL198054,CSc1cccc2[nH]c(-c3cnc4ccccc4n3)nc12,5.52
A2A,CHEMBL200349,CCCn1c(=O)c2nc(-c3cnn(Cc4nc(-c5ccc(C)cc5)no4)c3)[nH]c2n(CCC)c1=O,5.52
A2A,CHEMBL2012674,O[C@@H]1[C@H](O)[C@@H]2C[C@@H]2[C@H]1n1cnc2c(NC3CCC3)nc(Cl)nc21,5.52
A2A,CHEMBL3410294,Cn1cc2c(C(N)=O)nc(N)nc2n1,5.52
A2A,CHEMBL3958320,O[C@H]1[C@@H](O)C[C@@]2(n3cnc4c(NC5CCC5)nc(Cl)nc43)C[C@@H]12,5.52
A2A,CHEMBL4454481,CCCn1c(=O)[nH]c2nc(-c3ccc(S(=O)(=O)N4CCN(c5ccc(I)cc5)CC4)cc3)[nH]c2c1=O,5.52
A2A,CHEMBL4565406,Cn1c(=O)c2c(nc3n2CCCN3CCc2cccnc2)n(C)c1=O,5.52
A2A,CHEMBL16741,CCCn1c(=O)c2nc(-c3ccc(OCC(=O)Nc4ccc(C(=O)OC)cc4)cc3)[nH]c2n(CCC)c1=O,5.51
A2A,CHEMBL131275,CCCCn1cnc2c1c(=O)n(C)c(=O)n2CCC,5.51
A2A,CHEMBL220335,CONc1nc(C#Cc2ccc(CC#N)cc2)nc2c1ncn2[C@@H]1O[C@H](CO)[C@@H](O)[C@H]1O,5.51
A2A,CHEMBL258849,COCCNc1nc2ccccc2n2nc(-c3ccco3)nc12,5.51
A2A,CHEMBL265465,OC(c1ccccc1)c1nc(C(F)(F)F)nc2ccsc12,5.51
A2A,CHEMBL406745,CN(C)c1nc(-c2cn[nH]c2)c2sccc2n1,5.51
A2A,CHEMBL504495,CC(O)Cn1cnc2c(N)ncnc21,5.51
A2A,CHEMBL1082063,O=C(NC1CCCCC1)c1nc(NCc2cccnc2)nc2ccsc12,5.51
A2A,CHEMBL1770311,O=C(Cc1ccccc1)Nc1nc2nn(CCc3ccccc3)cc2c2nc(-c3ccc(Cl)cc3)nn12,5.51
A2A,CHEMBL2064661,CNC(=O)[C@@]12C[C@@H]1[C@@H](n1cnc3c(NCc4cccc(Cl)c4)nc(C#Cc4ccc5ccc6cccc7ccc4c5c67)nc31)[C@H](O)[C@@H]2O,5.51
A2A,CHEMBL3114155,O=C(Nc1nc(Cl)c2cn(CCc3ccccc3)nc2n1)c1ccccc1,5.51
A2A,CHEMBL4161796,Cn1c(-c2ccccc2Cl)nc2c(NC3CCCC3)ncnc21,5.51
A2A,CHEMBL147582,CC(=O)Nc1nc(-c2ccccc2)nc2nc(-c3ccccc3)cn12,5.5
A2A,CHEMBL183183,CCCn1c(=O)c2nc(-c3ccc(OCc4nc(-c5ccccc5C(F)(F)F)no4)cc3)[nH]c2n(CCC)c1=O,5.5
A2A,CHEMBL2113642,C[C@@]1(O)[C@@H](CO)O[C@@H](n2cnc3c(NCc4cccc(I)c4)nc(Cl)nc32)[C@@H]1O,5.5
A2A,CHEMBL3986016,c1ccc(Nc2nc3ccccc3c3[nH]c(C4CCCC4)nc23)cc1,5.5
A2A,CHEMBL218989,CCNC(=O)[C@H]1O[C@@H](n2cnc3c(NNC(=O)c4ccc[nH]4)nc(Cl)nc32)[C@H](O)[C@@H]1O,5.5
A2A,CHEMBL223740,CONc1nc(C#Cc2ccc(C(N)=O)cc2)nc2c1ncn2[C@@H]1O[C@H](CO)[C@@H](O)[C@H]1O,5.5
A2A,CHEMBL374019,C#Cc1nc(NOC)c2ncn([C@@H]3O[C@H](CO)[C@@H](O)[C@H]3O)c2n1,5.5
A2A,CHEMBL65747,Nc1ncnc2nc(Br)[nH]c12,5.5
A2A,CHEMBL88502,Nc1cccc2c1C(=O)c1ccccc1C2=O,5.5
A2A,CHEMBL1098108,COc1ccc(C(=O)Nc2nc(-c3ccccc3)nc3nn(C)cc23)cc1,5.5
A2A,CHEMBL1276853,Cc1nc2c(=O)n(Cc3ccccc3)nc(Cl)c2c2cc(-c3ccccc3)nn12,5.5
A2A,CHEMBL2012672,Nc1nc(Cl)nc2c1ncn2[C@H]1[C@H](O)[C@H](O)[C@@H]2C[C@@H]21,5.5
A2A,CHEMBL2151261,Cc1cc(C)cc(OCC(=O)Nc2nc(-c3ccccc3)n[nH]2)c1,5.5
A2A,CHEMBL3125717,CCCCC#Cc1nc(NCc2cccc(Br)c2)c2ncn([C@H]3[C@H](O)[C@H](O)[C@@H]4C[C@@H]43)c2n1,5.5
A2A,CHEMBL3133160,CNC(=O)[C@H]1O[C@@H](n2cnc3c(NCc4ccccc4)nc(N)nc32)[C@H](O)[C@@H]1O,5.5
A2A,CHEMBL3827990,O=[N+]([O-])c1ccc(Nc2nc3c(N4CCCC4)ncnc3s2)cc1,5.5
A2A,CHEMBL3955407,Nc1nc(Cl)nc2c1ncn2[C@@]12C[C@H](O)[C@H](O)[C@@H]1C2,5.5
A2A,CHEMBL4126814,CCc1nn(CC)c(=O)c2cc(-c3ccccc3)sc12,5.5
A2A,CHEMBL4538158,Clc1ccc(-c2nc(N3CCCCC3)c3nc[nH]c3n2)cc1,5.5
A2A,CHEMBL5560487,CCCCC#Cc1nc2c(NC)nc(-c3cccs3)nc2n1[C@@H]1OC[C@@H](O)[C@H]1O,5.5
A2A,CHEMBL6177512,N#Cc1c(N)nc(N2CCCCC2)c(C#N)c1-c1ccc(Cl)cc1,5.5
A2A,CHEMBL441806,Cc1[nH]c2nc(-c3ccccc3)nc(N[C@@H]3Cc4ccccc4[C@H]3O)c2c1C,5.49
A2A,CHEMBL145734,COc1ccc(NC(=O)Nc2nc3nn(CCc4cccc5ccccc45)cc3c3nc(-c4ccco4)nn23)cc1,5.49
A2A,CHEMBL573937,CNC(=O)[C@]12C[C@@H]1[C@@H](n1cnc3c(NC4CCCC4)nc(Cl)nc31)[C@H](O)[C@@H]2O,5.49
A2A,CHEMBL575404,COc1ccc(NC(=O)Nc2nc3nn(Cc4cccc5ccccc45)cc3c3nc(-c4ccco4)nn23)cc1,5.49
A2A,CHEMBL324100,O=c1c(-c2ccco2)nnc2n(-c3ccccc3)c3ccccc3n12,5.49
A2A,CHEMBL2071046,Cn1cc2c(nc(NC(=O)NC3CCN(C(=O)NCc4ccc(F)cc4)CC3)n3nc(-c4ccco4)nc23)n1,5.49
A2A,CHEMBL2153631,Cn1c(=O)c2c(nc3n2CCN3C2CCC(O)CC2)n(C)c1=O,5.49
A2A,CHEMBL2181157,Cn1cc2c(nc(NC(C)(C)C(C)(C)C)n3nc(-c4ccco4)nc23)n1,5.49
A2A,CHEMBL3828448,OC[C@@H]1CCCN1c1ncnc2sc(Nc3c(F)cccc3F)nc12,5.49
A2A,CHEMBL4560015,CC#Cc1nc(NC(C2CC2)C2CC2)c2nc[nH]c2n1,5.49
A2A,CHEMBL331291,CNC(=O)[C@]12C[C@@H]1[C@@H](n1cnc3c(NC4CCCC4)nc(Cl)nc31)[C@H](O)[C@@H]2O,5.49
A2A,CHEMBL945,N=C(N)NC(=O)c1nc(Cl)c(N)nc1N,5.48
A2A,CHEMBL123144,CCCCc1nc2[nH]cnc2c2nc(-c3ccc(Br)cc3)nn12,5.48
A2A,CHEMBL188482,CCCNc1nc(-n2cc(-c3ccc(OC)cc3)cn2)nc2c1ncn2C1O[C@H](CO)[C@@H](O)[C@H]1O,5.48
A2A,CHEMBL198760,Cc1ccc2c(O)c(Cc3ccccc3)cnc2n1,5.48
A2A,CHEMBL217076,CCCn1c(=O)c2nc([C@]34CC[C@](/C=C/C(=O)O)(CC3)CC4)[nH]c2n(CCC)c1=O,5.48
A2A,CHEMBL218988,CCNC(=O)[C@H]1O[C@@H](n2cnc3c(NNC(=O)c4ccsc4)nc(Cl)nc32)[C@H](O)[C@@H]1O,5.48
A2A,CHEMBL260933,CCCn1c(=O)c2[nH]c(-c3cnn(Cc4cccc(C(F)(F)F)c4)c3)nc2n(CC)c1=O,5.48
A2A,CHEMBL468306,CCCn1c(=O)c2[nH]c(-c3ccc(COC(=O)Nc4ccsc4)cc3)cc2n(CCC)c1=O,5.48
A2A,CHEMBL610456,COc1cc(C(=O)NCc2ccccn2)nc(N)n1,5.48
A2A,CHEMBL605399,CNC(=O)[C@@]12C[C@@H]1[C@@H](n1cnc3c(NCc4cccc(Cl)c4)nc(C#CCCCCc4cn(C56CC7CC(CC(C7)C5)C6)nn4)nc31)[C@H](O)[C@@H]2O,5.48
A2A,CHEMBL1271433,CCOCCn1c(NC(=O)c2cccc(C#N)c2)nc2cc(C(=O)N3CCOCC3)cnc21,5.48
A2A,CHEMBL1650379,CC(=O)Nc1cc(-c2ccc3c(c2)OCO3)nc(-c2ccc3c(c2)OCO3)n1,5.48
A2A,CHEMBL3114140,CC(C)n1cc2c(Cl)nc(N)nc2n1,5.48
A2A,CHEMBL3125718,CCCCC#Cc1nc(NCc2cccc(Cl)c2)c2ncn([C@H]3[C@H](O)[C@H](O)[C@@H]4C[C@@H]43)c2n1,5.48
A2A,CHEMBL3335525,CCNC(=O)[C@H]1O[C@@H](n2cnc3c(N)nc(NCCc4ccc(CCC(=O)Nc5ccc(OC(=O)CCCC[C@@H]6SC[C@@H]7NC(=O)N[C@@H]76)c([N+](=O)[O-])c5)cc4)nc32)[C@H](O)[C@@H]1O,5.48
A2A,CHEMBL3410306,CCOC(=O)c1nc(NC(=O)c2ccccc2)nc2nn(C(C)C)cc12,5.48
A2A,CHEMBL5171042,CCNC(=O)[C@H]1O[C@@H](n2cnc3c(N[C@@H]4CCC[C@H]4Oc4ccccc4)ncnc32)[C@H](O)[C@@H]1O,5.48
A2A,CHEMBL5183274,Cc1ccccc1-c1nc(N)nc2ccccc12,5.48
A2A,CHEMBL73809,C[C@@]1(O)[C@H](O)[C@@H](CO)O[C@H]1n1cnc2c(N)ncnc21,5.47
A2A,CHEMBL194401,Cc1ccc2c(N=[N+]=[N-])c(Cc3ccccc3)cnc2n1,5.47
A2A,CHEMBL372951,CCCn1c(=O)c2nc(-c3cnn(Cc4noc(-c5ccccc5OC)n4)c3)[nH]c2n(CCC)c1=O,5.47
A2A,CHEMBL251874,CCCCn1c(=O)[nH]c2nc(-c3cnn(Cc4ccccc4)c3)[nH]c2c1=O,5.47
A2A,CHEMBL564676,O[C@@H]1[C@H](O)CO[C@H]1n1cnc2c(NCc3cccc(Cl)c3)ncnc21,5.47
A2A,CHEMBL10,C[S+]([O-])c1ccc(-c2nc(-c3ccc(F)cc3)c(-c3ccncc3)[nH]2)cc1,5.47
A2A,CHEMBL2151263,O=C(CCc1ccccc1)Nc1nc(-c2ccccc2)n[nH]1,5.47
A2A,CHEMBL3679383,Cc1ccccc1CO[C@@H]1CCCC1Nc1ncnc2c1ncn2[C@@H]1O[C@H](CO)[C@@H](O)[C@H]1O,5.47
A2A,CHEMBL3818905,CCOc1ccc(CCNc2nc(N)c(C(=O)N=C(N)N)nc2Cl)cc1.O=C(O)C(F)(F)F,5.47
A2A,CHEMBL4126960,O=c1[nH]nc(-c2nccs2)c2sccc12,5.47
A2A,CHEMBL1580,OC[C@H]1O[C@@H](n2cnc3c2N=CNC[C@H]3O)C[C@@H]1O,5.47
A2A,CHEMBL7334,Oc1ccc(-c2nnc3nc4ccccc4n3c2O)cc1O,5.46
A2A,CHEMBL99052,Nc1nc(-c2cnn(CCC3CCCCC3)c2)nc2c1ncn2[C@@H]1O[C@H](CO)[C@@H](O)[C@H]1O,5.46
A2A,CHEMBL198008,CCSc1cccc2[nH]c(-c3cnc4ccccc4n3)nc12,5.46
A2A,CHEMBL437301,Cn1c(=O)c2nc(-c3cnn(Cc4ccccc4)c3)[nH]c2n(C)c1=O,5.46
A2A,CHEMBL1290436,O=C(COc1ccc2[nH]c(=O)c(-c3nccs3)c(CCc3ccccc3)c2c1)NCc1ccccc1,5.46
A2A,CHEMBL2151265,O=C(COc1ccccc1)Nc1nc(-c2ccc(F)cc2)n[nH]1,5.46
A2A,CHEMBL3114151,CC(C)(C)Cn1cc2c(Cl)nc(NC(=O)c3ccccc3)nc2n1,5.46
A2A,CHEMBL3342773,O=C(O)[C@H]1CC[C@H](OC2CCN(c3ccc(-c4nc5cc(Cl)ccc5[nH]4)cn3)CC2)CC1,5.46
A2A,CHEMBL3403734,Cc1ccc(-c2nc(Nc3ccccc3)sc2C(=O)Nc2sc3c(c2C(N)=O)CCCC3)cc1,5.46
A2A,CHEMBL4066559,Nc1ccc(-n2nc3c(N)nc(-c4ccccc4)cn3c2=O)cc1,5.46
A2A,CHEMBL4592655,O=C(O)C[C@H]1CC[C@H](OC2CCN(c3ccc(-c4nc5cc(F)c(F)cc5[nH]4)cn3)CC2)CC1,5.46
A2A,CHEMBL5091575,Cn1ccc(-c2nc3c(-c4ccc(=O)n(C)c4)cnc(N)n3n2)n1,5.46
A2A,CHEMBL6177403,N#Cc1c(-c2cccc(Br)c2)cc(-c2ccccc2)nc1N,5.46
A2A,CHEMBL2113094,N#Cc1cccc(-c2nc(Nc3cnccn3)sc2-n2cncn2)c1,5.45
A2A,CHEMBL370883,O=C(NCc1ccccc1)c1cnc2nc(Br)ccc2c1O,5.45
A2A,CHEMBL209943,COc1ccc(-n2nc3c(NC(=O)c4ccccc4)nc4ccccc4n3c2=O)cc1,5.45
A2A,CHEMBL294223,CCCn1c(=O)n(C)c(=O)c2[nH]c(-c3ccc(OCC(=O)N4CCC(c5ccccc5)(c5ccccc5)CC4)cc3)cc21,5.45
A2A,CHEMBL573125,CNC(=O)[C@]12C[C@@H]1[C@@H](n1cnc3c(NCc4cccc(Cl)c4)nc(C#CCCCCC(=O)OC)nc31)[C@H](O)[C@@H]2O,5.45
A2A,CHEMBL3088336,COc1ccc(Nc2nc3c(Cl)ncnc3s2)cc1,5.45
A2A,CHEMBL4533718,OC[C@H]1O[C@@H](n2cnc3c(NC(C4CCC4)C4CCC4)ncnc32)[C@H](O)[C@@H]1O,5.45
A2A,CHEMBL5086466,Cc1cc(F)cc(-c2nc(NC(=O)c3cccnc3)sc2-c2ccncc2)c1,5.45
A2A,CHEMBL5187176,N=c1nc(N)c2c(C(F)(F)F)cc(-c3ccccc3)nc2[nH]1,5.45
A2A,CHEMBL5185100,Nc1nc(-c2ccco2)c2cnn(Cc3ccc(/C=C/C(=O)NO)cc3)c2n1,5.45
A2A,CHEMBL5402843,COC(=O)c1ccc(Cn2ccc(-c3cc(-c4cccc(C#N)c4C)nc(N)n3)cc2=O)cc1,5.45
A2A,CHEMBL5619355,CNc1nc(C#Cc2ccccc2)nc2c1ncn2-c1ccc(O)cc1,5.45
A2A,CHEMBL341852,O=C(Nc1cccc(Cl)c1)Nc1nc2nn(CCc3cc(Br)c(Br)cc3Br)cc2c2nc(-c3ccco3)nn12,5.44
A2A,CHEMBL2113601,CCCCC#Cc1nc(N)c2ncn([C@@H]3O[C@H](CSC(C)C)[C@@H](O)[C@H]3O)c2n1,5.44
A2A,CHEMBL549563,O[C@@H]1[C@H](O)CO[C@H]1n1cnc2c(NCc3cccc(Cl)c3)nc(Cl)nc21,5.44
A2A,CHEMBL554967,CCCn1c(=O)c2[nH]c3cnccc3c2n(CCC)c1=O,5.44
A2A,CHEMBL574503,O=C(Nc1cccc(Cl)c1)Nc1nc2nn(CCc3c(Br)cc(Br)cc3Br)cc2c2nc(-c3ccco3)nn12,5.44
A2A,CHEMBL1080327,c1coc(-c2nc3[nH]cnc3cc2-c2ccncn2)c1,5.44
A2A,CHEMBL1098438,COc1ccc(-c2cc(=O)[nH]c(Nc3ccccc3)n2)cc1OC,5.44
A2A,CHEMBL2151118,Cc1ccc(-c2n[nH]c(NC(=O)COc3ccccc3)n2)cc1,5.44
A2A,CHEMBL2170788,CC(C)[C@H](Nc1nc(Cl)nc2c1ncn2[C@H]1[C@H](O)[C@H](O)[C@@H]2C[C@@H]21)C1CC1,5.44
A2A,CHEMBL2170785,CC[C@@H](Nc1nc(Cl)nc2c1ncn2[C@H]1[C@H](O)[C@H](O)[C@@H]2C[C@@H]21)C1CC1,5.44
A2A,CHEMBL3314923,O=C(O)c1cnc(NCc2ccccc2)n2nc(-c3ccco3)nc12,5.44
A2A,CHEMBL4063841,Nc1sc(-c2ccc(C(=O)NCCCCCNc3ncnc4c3ncn4[C@@H]3O[C@H](CO)[C@@H](O)[C@H]3O)cc2)c(-c2cccc(C(F)(F)F)c2)c1C(=O)c1ccccc1,5.44
A2A,CHEMBL111545,CCCOC(=O)c1c(-c2ccccc2)nc(CC)c(C(=O)SCC)c1CCC,5.44
A2A,CHEMBL2112160,CNC(=O)[C@]12C[C@@H]1[C@@H](n1cnc3c(NCc4cccc(C)c4)nc(Cl)nc31)[C@H](O)[C@@H]2O,5.43
A2A,CHEMBL200012,CCOC(=O)COc1ccc(-c2cc3c([nH]2)c(=O)n(C)c(=O)n3C)cc1OC,5.43
A2A,CHEMBL486481,CCCn1c(=O)[nH]c2nc(-c3ccc(S(=O)(=O)N4CCN(c5ccc(OC)cc5)CC4)cc3)[nH]c2c1=O,5.43
A2A,CHEMBL1946295,CCCCC#Cc1nc(NCc2cccc(Cl)c2)c2ncn([C@@H]3SC[C@@H](O)[C@H]3O)c2n1,5.43
A2A,CHEMBL2012683,CCC(CC)Nc1nc(Cl)nc2c1ncn2[C@H]1[C@H](O)[C@H](O)[C@@H]2C[C@@H]21,5.43
A2A,CHEMBL2012673,O[C@@H]1[C@H](O)[C@@H]2C[C@@H]2[C@H]1n1cnc2c(NC3CC3)nc(Cl)nc21,5.43
A2A,CHEMBL3114142,Nc1nc(Cl)c2cn(CCc3ccccc3)nc2n1,5.43
A2A,CHEMBL3314916,CCNc1ncc(C(=O)O)c2nc(-c3ccco3)nn12,5.43
A2A,CHEMBL3410311,CCOC(=O)c1nc(NC(=O)c2ccccc2)nc2nn(CCc3ccccc3)cc12,5.43
A2A,CHEMBL3674591,OC[C@H]1OC(n2cnc3c(NC4CCCCC4OCc4ccccc4)ncnc32)[C@H](O)[C@@H]1O,5.43
A2A,CHEMBL3740939,CCn1nnc([C@H]2O[C@@H](n3cnc4c(N)nc(N(C)C)nc43)[C@H](O)[C@@H]2O)n1,5.43
A2A,CHEMBL3973260,C=Cc1cc2nc(NCc3cccnc3)nc(C(=O)c3cccs3)c2s1,5.43
A2A,CHEMBL3952824,CCc1cc2nc(NCc3cccnc3)nc(C(=O)c3cccs3)c2s1,5.43
A2A,CHEMBL3942061,O[C@H]1[C@@H](O)C[C@@]2(n3cnc4c(NC5CC5)nc(Cl)nc43)C[C@@H]12,5.43
A2A,CHEMBL3929845,CCC(CC)Nc1nc(Cl)nc2c1ncn2[C@@]12C[C@H](O)[C@H](O)[C@@H]1C2,5.43
A2A,CHEMBL1287853,Cc1cnc(Nc2ccc(OCCN3CCCC3)cc2)nc1Nc1cccc(S(=O)(=O)NC(C)(C)C)c1,5.43
A2A,CHEMBL323288,CCOc1cc(-c2ccccc2)nc2c1ccc(=O)n2CC,5.42
A2A,CHEMBL104115,c1ccc(-n2cc3c(n2)c(NC2CCCCC2)nc2ccccc23)cc1,5.42
A2A,CHEMBL2112158,CNC(=O)[C@]12C[C@@H]1[C@@H](n1cnc3c(NCc4ccccc4C)nc(Cl)nc31)[C@H](O)[C@@H]2O,5.42
A2A,CHEMBL205946,CCNC(=O)[C@H]1O[C@@H](n2cnc3c(NCC)nc(C#CC(O)c4cccc(C(=O)O)c4)nc32)[C@H](O)[C@@H]1O,5.42
A2A,CHEMBL409483,CCNC(=O)[C@H]1O[C@@H](n2cnc3c(NNC(=O)c4sccc4C)nc(Cl)nc32)[C@H](O)[C@@H]1O,5.42
A2A,CHEMBL251873,CCn1c(=O)[nH]c2nc(-c3cnn(Cc4ccccc4)c3)[nH]c2c1=O,5.42
A2A,CHEMBL428086,CCCn1c(=O)c2[nH]c(-c3cnn(Cc4nc(-c5ccc(Cl)cc5)no4)c3)nc2n(CC)c1=O,5.42
A2A,CHEMBL261819,CCn1c(=O)n(CC(C)C)c(=O)c2[nH]c(-c3cnn(Cc4cccc(F)c4)c3)nc21,5.42
A2A,CHEMBL3093237,Cn1c(=O)c2c(nc3n2CCCN3Cc2cc(Cl)cc(Cl)c2)n(C)c1=O,5.42
A2A,CHEMBL3217878,Nc1nc(-c2cccc([N+](=O)[O-])c2)nc2sc(CN3CCC(F)CC3)cc12,5.42
A2A,CHEMBL3679386,CC(C)c1ccc(CO[C@@H]2CCCC2Nc2ncnc3c2ncn3[C@@H]2O[C@H](CO)[C@@H](O)[C@H]2O)cc1,5.42
A2A,CHEMBL8565,CCCn1c(=O)[nH]c2nc(-c3ccc(S(=O)(=O)O)cc3)[nH]c2c1=O,5.42
A2A,CHEMBL5094593,Cc1cccc(-c2nc3c(-c4ccc(=O)n(C)c4)cnc(N)n3n2)n1,5.42
A2A,CHEMBL5093249,COc1ccccc1N1CCN(CCn2c(=O)cnc3c(-c4ccc(C)o4)nc(N)nc32)CC1,5.42
A2A,CHEMBL81336,Cc1nc2nc(-c3ccccc3)[nH]c(N[C@H](C)c3ccccc3)c-2c1C,5.41
A2A,CHEMBL199541,Cc1ccccc1CNc1nc(Cl)nc2c1ncn2[C@@H]1S[C@H](C(=O)NCC2CC2)[C@@H](O)[C@H]1O,5.41
A2A,CHEMBL221363,Nc1nc(OCCn2cnc3ccccc32)nc2c1ncn2[C@@H]1O[C@H](CO)[C@@H](O)[C@H]1O,5.41
A2A,CHEMBL445974,Nc1ncnc2c1ncn2CCCO,5.41
A2A,CHEMBL1077750,CCc1nc(C(=O)c2ccc(C)s2)c2sccc2n1,5.41
A2A,CHEMBL1946296,CCCCC#Cc1nc(NCc2cccc(Br)c2)c2ncn([C@@H]3SC[C@@H](O)[C@H]3O)c2n1,5.41
A2A,CHEMBL2012676,O[C@@H]1[C@H](O)[C@@H]2C[C@@H]2[C@H]1n1cnc2c(NC3CCCCCC3)nc(Cl)nc21,5.41
A2A,CHEMBL2151260,O=C(COc1ccc2c(c1)CCC2)Nc1nc(-c2ccccc2)n[nH]1,5.41
A2A,CHEMBL3931747,OC[C@@]12C[C@@H]1[C@@H](n1cnc3c(N[C@@H](C4CCC4)C4CC4)nc(Cl)nc31)[C@H](O)[C@@H]2O,5.41
A2A,CHEMBL3947743,O[C@H]1[C@@H](O)C[C@@]2(n3cnc4c(NC5CCCCCC5)nc(Cl)nc43)C[C@@H]12,5.41
A2A,CHEMBL4530586,Cn1cc2c(nc(NNC(=O)OC(C)(C)C)n3nc(-c4ccco4)nc23)n1,5.41
A2A,CHEMBL4758605,CN(C)c1nc(-c2ccc(S(N)(=O)=O)cc2)cn2c(=O)n(-c3ccccc3)nc12,5.41
A2A,CHEMBL5408468,Nc1nc(-c2ccccc2)cc(-c2ccn(Cc3ccccc3)c(=O)c2)n1,5.41
A2A,CHEMBL5573687,Cc1c(C#N)cccc1-c1cc(-c2cn(Cc3c[nH]c4cc(OC(C)C)ccc34)nn2)nc(N)n1,5.41
A2A,CHEMBL184557,CNc1nc(-n2cc(C(=O)NCc3ccc(Cl)cc3)cn2)nc2c1ncn2C1O[C@H](CO)[C@@H](O)[C@H]1O,5.4
A2A,CHEMBL400414,CCNc1nc(-n2cc(-c3ccc(OC)cc3)cn2)nc2c1ncn2[C@@H]1O[C@H](CO)[C@@H](O)[C@H]1O,5.4
A2A,CHEMBL361075,COc1ccc(-c2cnn(-c3nc(NCc4cccc(I)c4)c4ncn(C5O[C@H](CO)[C@@H](O)[C@H]5O)c4n3)c2)cc1,5.4
A2A,CHEMBL2113640,CNC(=O)[C@H]1O[C@@H](n2cnc3c(NCc4cccc(I)c4)nc(NC)nc32)[C@H](O)[C@]1(C)O,5.4
A2A,CHEMBL223739,CONc1nc(C#Cc2ccc(F)cc2)nc2c1ncn2[C@@H]1O[C@H](CO)[C@@H](O)[C@H]1O,5.4
A2A,CHEMBL437923,COc1ccc(Cl)cc1CNc1nc(Cl)nc2c1ncn2[C@@H]1SC[C@@H](O)[C@H]1O,5.4
A2A,CHEMBL505633,Nc1ncnc2c1nc(Br)n2CC(O)CO,5.4
A2A,CHEMBL568307,O[C@@H]1[C@H](O)[C@@H]2C[C@@H]2[C@H]1n1cnc2c(NCc3cccc(I)c3)nc(F)nc21,5.4
A2A,CHEMBL597955,CCn1c(=O)c2[nH]c(Cc3cccs3)nc2n(Cc2cccs2)c1=O,5.4
A2A,CHEMBL83,CC/C(=C(\c1ccccc1)c1ccc(OCCN(C)C)cc1)c1ccccc1,5.4
A2A,CHEMBL2012686,O[C@@H]1[C@H](O)[C@@H]2C[C@@H]2[C@H]1n1cnc2c(NC(C3CC3)C3CC3)nc(Cl)nc21,5.4
A2A,CHEMBL1362986,N=C(NC(=O)C(Cc1ccccc1)N1C(=O)c2ccccc2C1=O)Nc1nc2ccccc2o1,5.4
A2A,CHEMBL2070724,Cc1ccc2[nH]c3nc(SCC(=O)Nc4ncc(C)s4)nnc3c2c1,5.4
A2A,CHEMBL2151252,C[C@@H](Oc1ccc(Cl)cc1)C(=O)Nc1nc(-c2ccccc2)n[nH]1,5.4
A2A,CHEMBL3133081,CNC(=O)[C@H]1O[C@@H](n2cnc3c(NC4CCCC4)nc(NC)nc32)[C@H](O)[C@@H]1O,5.4
A2A,CHEMBL3912080,O[C@H]1[C@@H](O)C[C@@]2(n3cnc4c(NC(C5CC5)C5CC5)nc(Cl)nc43)C[C@@H]12,5.4
A2A,CHEMBL4449916,O=C(Nc1nc(-c2ccccc2)nc2sc(-c3ccccc3)nc12)c1ccco1,5.4
A2A,CHEMBL5179156,C(#Cc1ncnc2ccccc12)c1ccccc1,5.4
A2A,CHEMBL148074,Cc1cn2c(NC3CCCC3)nc(-c3ccccc3)nc2n1,5.39
A2A,CHEMBL285251,Nc1nc(NC(=O)/C=C/c2ccccc2)nc2c1ncn2[C@@H]1O[C@H](CO)[C@@H](O)[C@H]1O,5.39
A2A,CHEMBL186443,CNc1nc(-n2cc(-c3cccnc3)cn2)nc2c1ncn2C1O[C@H](CO)[C@@H](O)[C@H]1O,5.39
A2A,CHEMBL198345,CCCn1c(=O)c2[nH]c(-c3ccc(OCC(=O)O)cc3)cc2n(C)c1=O,5.39
A2A,CHEMBL218585,CCNC(=O)[C@H]1O[C@@H](n2cnc3c(NNC(=O)c4ccc(C)s4)nc(Cl)nc32)[C@H](O)[C@@H]1O,5.39
A2A,CHEMBL410463,Nc1nc(-c2ccco2)c2ncn(Cc3cccc(C(=O)O)c3)c2n1,5.39
A2A,CHEMBL67199,CC(C)n1cnc2c(N)ncnc21,5.39
A2A,CHEMBL1834697,O=C(Nc1nc2nn(CCc3ccccc3)cc2c2nc(-c3ccc(F)cc3)nn12)c1ccccc1,5.39
A2A,CHEMBL2012679,O[C@@H]1[C@H](O)[C@@H]2C[C@@H]2[C@H]1n1cnc2c(N[C@@H]3C[C@H]4CC[C@H]3C4)nc(Cl)nc21,5.39
A2A,CHEMBL2170798,COC(=O)c1cnn(-c2nc(NC(C3CC3)C3CC3)c3ncn([C@H]4[C@H](O)[C@H](O)[C@@H]5C[C@@H]54)c3n2)c1,5.39
A2A,CHEMBL3114141,CC(C)(C)Cn1cc2c(Cl)nc(N)nc2n1,5.39
A2A,CHEMBL4059695,O=c1[nH]c(-c2cccc(O)c2)cn2c(=O)n(-c3ccccc3)nc12,5.39
A2A,CHEMBL4552737,Nc1nc(-n2ccnc2)c2c3c(sc2n1)CCCC3,5.39
A2A,CHEMBL166548,COc1cc(/C=N/N=C(\S)Cc2ccccc2)c(O)c(OC)c1,5.38
A2A,CHEMBL104425,Clc1ccc2nc(NC3CCCCC3)c3nn(-c4ccccc4)cc3c2c1,5.38
A2A,CHEMBL187458,c1ccc(Nc2nc3ncnc-3c(NC3CCCCCC3)[nH]2)cc1,5.38
A2A,CHEMBL365172,N#Cc1cccc(-c2nc(Nc3ccncc3)sc2-n2cncn2)c1,5.38
A2A,CHEMBL382413,Cn1c(=O)c2[nH]c(-c3ccc(OCC(=O)O)cc3)cc2n(C)c1=O,5.38
A2A,CHEMBL223786,CCNC(=O)[C@H]1O[C@@H](n2cnc3c(NOC)nc(C#Cc4ccc(C(C)=O)cc4)nc32)[C@H](O)[C@@H]1O,5.38
A2A,CHEMBL270300,CN1C(=O)C2C(c3ccncc3N2C)N(C)C1=O,5.38
A2A,CHEMBL271106,CCCSc1nc(NC(C)=O)cc(OCc2ccccc2Cl)n1,5.38
A2A,CHEMBL496985,Nc1ccc(Nc2nc(-c3ccccc3)nc3c2ncn3Cc2ccccc2)cc1,5.38
A2A,CHEMBL9514,COC(=O)Nc1nc2cc(C(=O)c3cccs3)ccc2[nH]1,5.38
A2A,CHEMBL3410315,CCOC(=O)c1nc(NC(=O)c2ccc(Br)cc2)nc2nn(CCc3ccccc3)cc12,5.38
A2A,CHEMBL355898,Cc1cn2c(NC(=O)C3CCCC3)nc(-c3ccccc3)nc2n1,5.37
A2A,CHEMBL208920,CC(C)Cn1c(=O)c2nc(-c3cnn(Cc4cccc(C(F)(F)F)c4)c3)[nH]c2n(CC(C)C)c1=O,5.37
A2A,CHEMBL441707,CONc1nc(C#Cc2ccccc2)nc2c1ncn2[C@@H]1O[C@@H](CO)[C@@H](O)[C@H]1O,5.37
A2A,CHEMBL3976121,CNC(=O)[C@@]12C[C@@H]1[C@@H](n1cnc3c(NC(C4CC4)C4CC4)nc(Cl)nc31)[C@H](O)[C@@H]2O,5.37
A2A,CHEMBL4105044,Cc1cc(C)cc(-c2nc(Nc3ccc(Cl)cc3F)c3ncn([C@@H]4O[C@H](Cn5nc(C)cc5C)[C@@H](O)[C@H]4O)c3n2)c1,5.37
A2A,CHEMBL4587144,OC[C@@]12C[C@@H]1[C@@H](n1cnc3c(N[C@H]4C[C@H]5CC[C@@H]4C5)nc(Cl)nc31)[C@H](O)[C@@H]2O,5.37
A2A,CHEMBL450341,CCCN1C(=O)N2C[C@@H](CC)N=C2c2[nH]c(C34CCC(O)(CC3)CC4)nc21,5.36
A2A,CHEMBL217899,CCc1nn(C2CCCC2)c2c1CCn1c(-c3cccs3)nnc1-2,5.36
A2A,CHEMBL597730,C#CCCCC#Cc1nc(NCc2cccc(Cl)c2)c2ncn([C@@H]3[C@H](O)[C@H](O)[C@]4(C(=O)NC)C[C@H]34)c2n1,5.36
A2A,CHEMBL1927425,CC(C)(C)OC(=O)NCCNc1nc(NCCNC(=O)OC(C)(C)C)n2nc(-c3ccco3)nc2n1,5.36
A2A,CHEMBL2012684,O[C@@H]1[C@H](O)[C@@H]2C[C@@H]2[C@H]1n1cnc2c(NCC3CC3)nc(Cl)nc21,5.36
A2A,CHEMBL2381767,CCOC(=O)CCCOc1ccc(/C=C/c2nc3c(c(=O)n(CC)c(=O)n3CC)n2C)cc1OC,5.36
A2A,CHEMBL3819313,COc1ccc(CCNc2nc(N)c(C(=O)N=C(N)N)nc2Cl)cc1.Cl,5.36
A2A,CHEMBL3905353,O[C@H]1[C@@H](O)C[C@@]2(n3cnc4c(NCC5CC5)nc(Cl)nc43)C[C@@H]12,5.36
A2A,CHEMBL607759,CCNc1nc(C#Cc2ccccc2)nc2c1ncn2C1O[C@H](CO)[C@@H](O)[C@H]1O,5.35
A2A,CHEMBL101391,Cn1c(=O)c2c(nnn2C2CC3CCC2C3)n(C)c1=O,5.35
A2A,CHEMBL523797,O[C@@H]1[C@H](O)[C@@H]2C[C@@H]2[C@H]1n1cnc2c(NCc3cccc(Cl)c3)nc(Cl)nc21,5.35
A2A,CHEMBL289982,Nc1nc(NC(=O)CCc2ccccc2)nc2c1ncn2[C@@H]1O[C@H](CO)[C@@H](O)[C@H]1O,5.34
A2A,CHEMBL374792,CCNC(=O)[C@H]1O[C@@H](n2cnc3c(NOC)nc(C#Cc4ccc(C)cc4)nc32)[C@H](O)[C@@H]1O,5.34
A2A,CHEMBL239232,Cn1c(=O)c2c(nc3n2CCCN3CCc2c[nH]c3ccccc23)n(C)c1=O,5.34
A2A,CHEMBL252198,OC[C@H]1O[C@@H](n2cnc3c(N[C@@H]4CCOC4)nc(Cl)nc32)[C@H](O)[C@@H]1O,5.34
A2A,CHEMBL567412,O[C@@H]1[C@H](O)[C@@H]2C[C@@H]2[C@H]1n1cnc2c(NCc3cccc(I)c3)ncnc21,5.34
A2A,CHEMBL583862,O[C@@H]1[C@H](O)[C@@H]2C[C@@H]2[C@H]1n1cnc2c(NCc3cccc(Cl)c3)ncnc21,5.34
A2A,CHEMBL1650348,CCCC(=O)Nc1nc(-c2ccsc2)cc(-c2ccsc2)n1,5.34
A2A,CHEMBL3093235,Cn1c(=O)c2c(nc3n2CCCN3c2cc(Cl)cc(Cl)c2)n(C)c1=O,5.34
A2A,CHEMBL3114147,CC(C)n1cc2c(Cl)nc(NC(=O)c3ccccc3)nc2n1,5.34
A2A,CHEMBL3342775,O=C(O)[C@H]1CC[C@H](OC2CCN(c3ccc(-c4nc5cc(C(F)(F)F)ccc5[nH]4)cn3)CC2)CC1,5.34
A2A,CHEMBL334813,CCn1c(=O)n(C)c(=O)c2[nH]cnc21,5.33
A2A,CHEMBL279898,CCCn1c(=O)[nH]c(=O)c2nc[nH]c21,5.33
A2A,CHEMBL167010,COc1cccc(/C=N/N=C(\S)Cc2ccccc2)c1O,5.33
A2A,CHEMBL574212,CCN1/C(=C\C=C\C=C\C2=[N+](CCCCCC(=O)NCCNC(=O)CCC#Cc3nc(NCc4cccc(Cl)c4)c4ncn([C@H]5[C@H](O)[C@H](O)[C@@]6(C(=O)NC)C[C@H]56)c4n3)c3ccccc3C2(C)C)C(C)(C)c2cc(S(=O)(=O)[O-])ccc21,5.33
A2A,CHEMBL589401,CCN1/C(=C\C=C\C=C\C2=[N+](CCCCCC(=O)NCCNC(=O)CCC#Cc3nc(NCc4cccc(Cl)c4)c4ncn([C@H]5[C@H](O)[C@H](O)[C@]6(C(=O)NC)C[C@H]56)c4n3)c3ccc(S(=O)(=O)[O-])cc3C2(C)C)C(C)(C)c2cc(S(=O)(=O)O)ccc21,5.33
A2A,CHEMBL1270222,COCCCn1c(NC(=O)c2ccccc2Cl)nc2cc(C(=O)NCc3cccc(OC)c3)ccc21,5.33
A2A,CHEMBL2030683,O=C(c1ccc(F)cc1)c1c[nH]c(C(=O)NCCCn2ccnc2)c1,5.33
A2A,CHEMBL2163561,COP(=O)(OC)OC[C@H]1O[C@@H](n2cnc3c(NC4CCCC4)nc(Cl)nc32)[C@H](O)[C@@H]1O,5.33
A2A,CHEMBL3114164,CC(C)n1cc2c(Cl)nc(NC(=O)Cc3ccccc3)nc2n1,5.33
A2A,CHEMBL4788488,CNC(=O)[C@@]12C[C@@H]1[C@@H](n1cnc3c(NC)nc(C#Cc4ccc(F)s4)nc31)[C@H](O)[C@@H]2O,5.33
A2A,CHEMBL5178814,CNC(=O)[C@@]12C[C@@H]1[C@@H](n1cnc3c(NCCc4ccc(OC)c(O)c4)nc(OCC4CC4)nc31)[C@H](O)[C@@H]2O,5.33
A2A,CHEMBL2112163,CNC(=O)[C@]12C[C@@H]1[C@@H](n1cnc3c(NC4CC4c4ccccc4)nc(Cl)nc31)[C@H](O)[C@@H]2O,5.32
A2A,CHEMBL330399,Oc1nc2ccccc2n2nc(-c3ccco3)nc12,5.32
A2A,CHEMBL398787,O=C(c1ccccc1)N(C(=O)c1ccccc1)c1nc2ccccc2n2c(=O)c(-c3ccccc3)nn12,5.32
A2A,CHEMBL455493,Nc1ncnc2c1ncn2C1CCC1,5.32
A2A,CHEMBL489175,COC(=O)[C@H]1O[C@@H](n2cnc3c(NCc4cccc(I)c4)nc(Cl)nc32)[C@H](O)[C@@H]1O,5.32
A2A,CHEMBL2170791,O[C@@H]1[C@H](O)[C@@H]2C[C@@H]2[C@H]1n1cnc2c(N[C@H](CC3CC3)C3CC3)nc(Cl)nc21,5.32
A2A,CHEMBL3410301,CCOC(=O)c1nc(N)nc2nn(CCc3ccccc3)cc12,5.32
A2A,CHEMBL5893169,Nc1cc(Cl)c(-c2ccnc(F)c2)c(-c2cccnc2)n1,5.32
A2A,CHEMBL178662,CCCn1c(=O)c2nc(-c3ccc(OCc4noc(-c5ccc(C(F)(F)F)cc5)n4)cc3)[nH]c2n(CCC)c1=O,5.31
A2A,CHEMBL8966,CCOC(=O)c1nc2c(N)nc3ccc(Cl)cc3n2n1,5.31
A2A,CHEMBL200184,CNC(=O)[C@H]1S[C@@H](n2cnc3c(NC4CC4)nc(Cl)nc32)[C@H](O)[C@@H]1O,5.31
A2A,CHEMBL211183,Nc1cccc2c1nc(NC(=O)c1ccccc1)c1nn(-c3ccccc3)c(=O)n12,5.31
A2A,CHEMBL272185,Oc1c(Br)cc2[nH]c3cnccc3c2c1Br,5.31
A2A,CHEMBL503376,Nc1ncnc2c1nc(Br)n2CCc1ccccc1,5.31
A2A,CHEMBL1096693,O=C(Nc1ncnc2nn(Cc3ccccc3)cc12)c1cccc(Cl)c1,5.31
A2A,CHEMBL1946297,CCCCC#Cc1nc(NCc2cccc(I)c2)c2ncn([C@@H]3SC[C@@H](O)[C@H]3O)c2n1,5.31
A2A,CHEMBL2170786,CC[C@H](Nc1nc(Cl)nc2c1ncn2[C@H]1[C@H](O)[C@H](O)[C@@H]2C[C@@H]21)C1CC1,5.31
A2A,CHEMBL2391847,Cc1sc2nc(-c3sc(NC(=O)c4ccccc4)nc3-c3ccccc3)nc(N)c2c1C,5.31
A2A,CHEMBL3827748,Cc1ccc(Nc2nc3c(Cl)ncnc3s2)cc1,5.31
A2A,CHEMBL4075186,Nc1sc(-c2ccc(C(=O)NCCCCCCCNc3ncnc4c3ncn4[C@@H]3O[C@H](CO)[C@@H](O)[C@H]3O)cc2)c(-c2cccc(C(F)(F)F)c2)c1C(=O)c1ccccc1,5.31
A2A,CHEMBL1712711,CCOC(=O)c1nc(N)c(=O)n(-c2ccccc2)n1,5.31
A2A,CHEMBL5175945,CNC(=O)[C@@]12C[C@@H]1[C@@H](n1cnc3c(NCCc4ccc(OC)c(O)c4)nc(OCCC(C)C)nc31)[C@H](O)[C@@H]2O,5.31
A2A,CHEMBL282310,CCCn1cnc2c1c(=O)n(C)c(=O)n2CCC,5.3
A2A,CHEMBL7953,Oc1c(-c2ccsc2)nnc2nc3ccccc3n12,5.3
A2A,CHEMBL106986,c1ccc(CCNc2nc3ccccc3c3cn(-c4ccccc4)nc23)cc1,5.3
A2A,CHEMBL2113588,CSC[C@H]1O[C@@H](n2cnc3c(N)nc(N/N=C/CC(C)C)nc32)[C@H](O)[C@@H]1O,5.3
A2A,CHEMBL205225,CCNC(=O)[C@H]1O[C@@H](n2cnc3c(NCC)nc(C#Cc4ccc(OC)cc4)nc32)[C@H](O)[C@@H]1O,5.3
A2A,CHEMBL219413,CCNC(=O)[C@H]1O[C@@H](n2cnc3c(NNC(=O)c4ccco4)nc(Cl)nc32)[C@H](O)[C@@H]1O,5.3
A2A,CHEMBL556264,CCSCCn1c(=O)c2[nH]c(-c3ccco3)nc2n(CCCOC)c1=O,5.3
A2A,CHEMBL411,CC/C(=C(/CC)c1ccc(O)cc1)c1ccc(O)cc1,5.3
A2A,CHEMBL1916113,COc1cc(F)cc2c1nc(C)c1c(C)nc(-c3ccncc3C)n12,5.3
A2A,CHEMBL2070833,O=C1c2ccccc2C(=O)c2cc(OCC(O)CN3CCCCC3)ccc21,5.3
A2A,CHEMBL2070728,N#C/C(=N\Nc1ccc(S(N)(=O)=O)cc1)c1nc2ccccc2[nH]1,5.3
A2A,CHEMBL1714515,O=C(CCN1C(=O)c2ccccc2C1=O)Nc1nc2ccccc2s1,5.3
A2A,CHEMBL1089322,COc1cc(/C=N/Nc2ncnc3sc4c(c23)CCCC4)ccc1O,5.3
A2A,CHEMBL2070722,N/C(=N\C(=O)CN1C(=O)C2CCCCC2C1=O)Nc1nc2ccccc2s1,5.3
A2A,CHEMBL2151264,O=C(COCc1ccccc1)Nc1nc(-c2ccccc2)n[nH]1,5.3
A2A,CHEMBL2261343,O[C@@H]1[C@H](O)[C@@H](CF)O[C@H]1n1cnc2c(NC3CCOCC3)ncnc21,5.3
A2A,CHEMBL3133082,CNC(=O)[C@H]1O[C@@H](n2cnc3c(NC4CCCC4)nc(N(C)C)nc32)[C@H](O)[C@@H]1O,5.3
A2A,CHEMBL3410300,CCOC(=O)c1nc(N)nc2nn(CC(C)(C)C)cc12,5.3
A2A,CHEMBL5183720,COc1cc(CCNc2nc(OCC(C)C)nc3c2ncn3[C@H]2[C@H](O)[C@H](O)[C@@H]3C[C@@H]32)ccc1O,5.3
A2A,CHEMBL278039,CCCn1c(=O)c2nc(-c3ccc(OCC(=O)Nc4ccc(I)cc4)cc3)[nH]c2n(CCC)c1=O,5.29
A2A,CHEMBL611561,CCNC(=O)[C@H]1OC(n2cnc3c(NCCCCCCCCNc4ccc([N+](=O)[O-])c5nonc45)ncnc32)[C@H](O)[C@@H]1O,5.29
A2A,CHEMBL2112155,CNC(=O)[C@]12C[C@@H]1[C@@H](n1cnc3c(NCc4cccc(F)c4)nc(Cl)nc31)[C@H](O)[C@@H]2O,5.29
A2A,CHEMBL316824,Oc1nc2ccc(Cl)cc2n2nc(-c3ccco3)nc12,5.29
A2A,CHEMBL522628,COc1cccc(-n2c(=O)n(-c3ccccc3OC)c3cnc(NC4CC4)nc32)c1,5.29
A2A,CHEMBL477666,O[C@@H]1[C@H](O)[C@@H](CSc2ccccc2F)O[C@H]1n1cnc2c(NC3CCCC3)ncnc21,5.29
A2A,CHEMBL1277926,CC(C)c1nc2c(=O)n(Cc3ccccc3)nc(-c3ccncc3)c2c2cc(-c3ccccc3)nn12,5.29
A2A,CHEMBL2164821,O=C(Cc1ccccc1)Nc1nn2c(-c3ccco3)nnc2s1,5.29
A2A,CHEMBL2413114,CCNC(=O)[C@H]1O[C@@H](n2cnc3c(NCCCCCCCCNc4ccc([N+](=O)[O-])c5nonc45)ncnc32)[C@H](O)[C@@H]1O,5.29
A2A,CHEMBL501701,N=C(N)NC(=O)c1nc(Cl)c(N2CCCCCC2)nc1N,5.29
A2A,CHEMBL4087198,Cc1cc(C)cc(-c2nc(N[C@@H]3CCOC3)c3ncn([C@@H]4O[C@H](Cn5nc(C)cc5C)[C@@H](O)[C@H]4O)c3n2)c1,5.29
A2A,CHEMBL338057,CCCCc1nc2ccccc2c2nc(-c3ccc(O)cc3)nn12,5.28
A2A,CHEMBL3909645,Cc1ccc(Nc2nc3ccccc3c3[nH]c(C4CCCC4)nc23)cc1,5.28
A2A,CHEMBL375301,CCNC(=O)[C@H]1O[C@@H](n2cnc3c(NOC)nc(I)nc32)[C@H](O)[C@@H]1O,5.28
A2A,CHEMBL2064649,CNC(=O)[C@@]12C[C@@H]1[C@@H](n1cnc3c(NC)nc(C#Cc4ccc(C(C)=O)cc4)nc31)[C@H](O)[C@@H]2O,5.28
A2A,CHEMBL3093239,Cn1c(=O)c2c(nc3n2CCCN3CCc2ccc(Cl)c(Cl)c2)n(C)c1=O,5.28
A2A,CHEMBL4439013,O[C@@H]1[C@H](O)[C@@H](CCl)O[C@H]1n1cnc2c(NC(C3CCC3)C3CCC3)ncnc21,5.28
A2A,CHEMBL2103773,CCCCCCCCOc1ccccc1C(=O)Nc1ccc(C(=O)OCC[N+](C)(CC)CC)cc1.[Br-],5.28
A2A,CHEMBL535,CCN(CC)CCNC(=O)c1c(C)[nH]c(/C=C2\C(=O)Nc3ccc(F)cc32)c1C,5.28
A2A,CHEMBL107116,c1ccc(CNc2nc3ccccc3c3cn(-c4ccccc4)nc23)cc1,5.27
A2A,CHEMBL2113519,Nc1nc(I)nc2c1ncn2[C@@H]1O[C@H](CO)[C@@H](O)[C@H]1O,5.27
A2A,CHEMBL259565,CCn1c(=O)n(CC(C)C)c(=O)c2[nH]c(-c3cnn(-c4ccc(C(F)(F)F)nc4)c3)nc21,5.27
A2A,CHEMBL605778,Nc1nc(N[C@H](CO)Cc2ccccc2)nc2c1ncn2[C@@H]1C[C@H](n2ncc3ccccc32)[C@@H](O)[C@H]1O,5.27
A2A,CHEMBL3114162,O=C(c1ccccc1)N(C(=O)c1ccccc1)c1nc(Cl)c2cn(CCc3ccccc3)nc2n1,5.27
A2A,CHEMBL3314872,COc1ccc(CNc2ncc(C(=O)O)c3nc(-c4ccco4)nn23)cc1OC,5.27
A2A,CHEMBL3679376,Cc1ccccc1CO[C@H]1CCCC1Nc1ncnc2c1ncn2C1O[C@H](CO)[C@@H](O)[C@H]1O,5.27
A2A,CHEMBL4579650,O=C(NCCO)[C@@]12C[C@@H]1[C@@H](n1cnc3c(N[C@H]4C[C@H]5CC[C@@H]4C5)nc(Cl)nc31)[C@H](O)[C@@H]2O,5.27
A2A,CHEMBL240065,OC[C@H]1O[C@@H](n2cnc3c(N[C@@H]4CC[Se]C4)ncnc32)[C@H](O)[C@@H]1O,5.26
A2A,CHEMBL590392,Nc1nc(N[C@H](CO)Cc2ccccc2)nc2c1ncn2[C@@H]1C[C@H](n2ccccc2=O)[C@@H](O)[C@H]1O,5.26
A2A,CHEMBL601516,CC(C)n1cnc(CCNc2nc(NCC(c3ccccc3)c3ccccc3)c3ncn([C@@H]4C[C@H](NC(=O)CCc5ccccc5)[C@@H](O)[C@H]4O)c3n2)c1,5.26
A2A,CHEMBL602843,CNC(=O)[C@@]12C[C@@H]1[C@@H](n1cnc3c(NCc4cccc(Cl)c4)nc(C#CCCCCc4cn(-c5ccc(N)cc5)nn4)nc31)[C@H](O)[C@@H]2O,5.26
A2A,CHEMBL1258397,COc1ccc(Nc2c(-c3ccc4nccnc4c3)c(C)nn2-c2ccccc2)c(C(=O)O)c1,5.26
A2A,CHEMBL2170789,O[C@@H]1[C@H](O)[C@@H]2C[C@@H]2[C@H]1n1cnc2c(N[C@@H](C3CCC3)C3CC3)nc(Cl)nc21,5.26
A2A,CHEMBL3679378,OC[C@H]1OC(n2cnc3c(NC4CCC[C@@H]4OCc4ccc(F)cc4)ncnc32)[C@H](O)[C@@H]1O,5.26
A2A,CHEMBL4570963,COc1cc(/C=N/Nc2nc(N)c3ncn([C@@H]4O[C@H](CO)[C@@H](O)[C@H]4O)c3n2)cc(OC)c1OC,5.26
A2A,CHEMBL5870654,O[C@@H]1[C@H](O)CS[C@H]1c1nnc2c(NCCc3ccccc3)nccn12,5.26
A2A,CHEMBL5988207,O[C@@H]1[C@H](O)CS[C@H]1c1nnc2c(NCc3cccc(F)c3)nccn12,5.26
A2A,CHEMBL6006953,O[C@@H]1[C@H](O)CS[C@H]1c1nnc2c(NC3CC3c3ccccc3)nccn12,5.26
A2A,CHEMBL5834059,CN1CCN(Nc2nccn3c([C@@H]4SC[C@@H](O)[C@H]4O)nnc23)CC1,5.26
A2A,CHEMBL6008135,O[C@@H]1[C@H](O)CS[C@H]1c1nnc2c(NN3CCOCC3)nccn12,5.26
A2A,CHEMBL6011582,C[C@H](Nc1nccn2c([C@@H]3SC[C@@H](O)[C@H]3O)nnc12)c1cccc(Cl)c1,5.26
A2A,CHEMBL5882588,O[C@@H]1[C@H](O)CS[C@H]1c1nnc2c(NCc3ccccc3Cl)nccn12,5.26
A2A,CHEMBL5958949,O[C@@H]1[C@H](O)CS[C@H]1c1nnc2c(NCc3ccc(Cl)cc3)nccn12,5.26
A2A,CHEMBL5935485,O[C@@H]1[C@H](O)CS[C@H]1c1nnc2c(NCCc3ccccc3F)nccn12,5.26
A2A,CHEMBL5818817,O[C@@H]1[C@H](O)CS[C@H]1c1nnc2c(NCc3cc(Cl)cc(Cl)c3)nccn12,5.26
A2A,CHEMBL5858343,O[C@@H]1[C@H](O)CS[C@H]1c1nnc2c(NCc3cc(Cl)ccc3Cl)nccn12,5.26
A2A,CHEMBL5777824,O[C@@H]1[C@H](O)CS[C@H]1c1nnc2c(NCc3cccs3)nccn12,5.26
A2A,CHEMBL279391,O=C(CCc1ccccc1)Nc1nc(NC2CCCC2)c2ncn([C@@H]3O[C@H](CO)[C@@H](O)[C@H]3O)c2n1,5.25
A2A,CHEMBL1161797,N#Cc1cccc(-c2nc(NC(=O)O)sc2-n2cncn2)c1,5.25
A2A,CHEMBL239230,Cn1c(=O)c2c(nc3n2CCCN3CCc2ccc(Cl)cc2)n(C)c1=O,5.25
A2A,CHEMBL3403738,Cc1ccc(Nc2nc(C)c(C(=O)Nc3sc4c(c3C#N)CCCC4)s2)cc1,5.25
A2A,CHEMBL3818205,Cl.NC(N)=NC(=O)c1nc(Cl)c(NCCc2ccc3c(c2)OCO3)nc1N,5.25
A2A,CHEMBL4555340,Cc1sc2nc(N)nc(-n3cncn3)c2c1C,5.25
A2A,CHEMBL104177,Fc1cccc(-n2cc3c(n2)c(NC2CCCCC2)nc2ccccc23)c1,5.24
A2A,CHEMBL322263,Nc1nc2ccc(Cl)cc2c2cn(-c3ccccc3)nc12,5.24
A2A,CHEMBL267421,CONc1nc(C#C[Si](C)(C)C)nc2c1ncn2[C@@H]1O[C@H](CO)[C@@H](O)[C@H]1O,5.24
A2A,CHEMBL264698,O=C(c1ccccn1)c1nc(C(F)(F)F)nc2ccsc12,5.24
A2A,CHEMBL602845,CNC(=O)[C@@]12C[C@@H]1[C@@H](n1cnc3c(NCc4cccc(Cl)c4)nc(C#CCCCCc4cn(C(Br)C(=O)c5ccccc5)nn4)nc31)[C@H](O)[C@@H]2O,5.24
A2A,CHEMBL3410310,CCOC(=O)c1nc(NC(=O)c2ccc(F)cc2)nc2nn(CC(C)(C)C)cc12,5.24
A2A,CHEMBL3407529,CCOC(=O)c1nc(NC(=O)Cc2ccccc2)nc2nn(CC(C)(C)C)cc12,5.24
A2A,CHEMBL3770310,CCNC(=O)[C@H]1O[C@@H](n2cnc3c(N[C@@H]4CCC[C@H]4O)ncnc32)[C@H](O)[C@@H]1O,5.24
A2A,CHEMBL5201013,COc1cccc(O[C@@H]2CCC[C@H]2Nc2ncnc3c2ncn3[C@@H]2O[C@H](CO)[C@@H](O)[C@H]2O)c1,5.24
A2A,CHEMBL5595120,Cc1c(C#N)cccc1-c1cc(-c2cn(Cc3cccc4[nH]ccc34)nn2)nc(N)n1,5.24
A2A,CHEMBL283412,CCCn1c(=O)n(C)c(=O)c2c1ncn2CC,5.23
A2A,CHEMBL102430,Nc1ccc2c(O)cc(-c3ccccc3)nc2n1,5.23
A2A,CHEMBL101663,Nc1nc(-c2cnn(CCc3ccccc3)c2)nc2c1ncn2[C@@H]1O[C@H](CO)[C@@H](O)[C@H]1O,5.23
A2A,CHEMBL1098444,N=C(NCCc1c[nH]c2ccccc12)Nc1ncccn1,5.23
A2A,CHEMBL1834627,Cn1cc2c(nc(NC(=O)Nc3ccc(F)cc3)n3nc(-c4ccc(Br)cc4)nc23)n1,5.23
A2A,CHEMBL2151127,O=C(Nc1nc(-c2ccccc2)n[nH]1)C1CCCO1,5.23
A2A,CHEMBL4079314,Cc1cc(C)cc(-c2nc(NC3CCCC3)c3ncn([C@@H]4O[C@H](Cn5nc(C)cc5C)[C@@H](O)[C@H]4O)c3n2)c1,5.23
A2A,CHEMBL4465891,COc1cc(CCNc2nc(C#Cc3ccccc3F)nc3c2ncn3[C@H]2[C@H](O)[C@H](O)[C@@H]3C[C@@H]32)ccc1O,5.23
A2A,CHEMBL5176856,O[C@@H]1[C@H](O)[C@@H]2C[C@@H]2[C@H]1n1cnc2c(NCCc3ccccc3)nc(I)nc21,5.23
A2A,CHEMBL611273,CCNC(=O)[C@H]1OC(n2cnc3c(NCCCCCCNc4ccc([N+](=O)[O-])c5nonc45)ncnc32)[C@H](O)[C@@H]1O,5.22
A2A,CHEMBL218378,COc1ccc(Cl)c(CNc2nc(-n3cc(CC4CCCC4)nn3)nc3c2ncn3[C@@H]2O[C@H](CO)[C@@H](O)[C@H]2O)c1,5.22
A2A,CHEMBL474207,CC(C)Cn1c(Br)nc2c(N)ncnc21,5.22
A2A,CHEMBL598726,Cc1ccc(Nc2nc(N)nc(CSC(C)C(=O)NCc3ccccc3Cl)n2)cc1,5.22
A2A,CHEMBL21654,Nc1nc2c(cnn2CCc2ccccc2)c2nc(-c3ccc(Cl)cc3)nn12,5.22
A2A,CHEMBL2391835,Cc1sc2nc(-c3sc(NC(=O)c4ccco4)nc3-c3ccccc3)nc(N)c2c1C,5.22
A2A,CHEMBL2413254,Cn1cc2c(nc(NCCCOCCOCCCOCCOCCCNC(=S)Nc3ccc(C4c5ccc(O)cc5OC5=CC(=O)C=CC54)c(C(=O)O)c3)n3nc(-c4ccco4)nc23)n1,5.22
A2A,CHEMBL3410314,CCOC(=O)c1nc(NC(=O)c2ccc(C)cc2)nc2nn(CCc3ccccc3)cc12,5.22
A2A,CHEMBL3936776,Cn1cc2c(nc(NCCCOCCOOCCCCCNC(=S)Nc3ccc(-c4c5ccc(=O)cc-5oc5cc(O)ccc45)c(C(=O)O)c3)n3nc(-c4ccco4)nc23)n1,5.22
A2A,CHEMBL4475922,Cn1cc2c(nc(NCCCOCCOCCOCCCNC(=S)Nc3ccc(-c4c5ccc(=O)cc-5oc5cc(O)ccc45)c(C(=O)O)c3)n3nc(-c4ccco4)nc23)n1,5.22
A2A,CHEMBL611562,CCNC(=O)[C@H]1OC(n2cnc3c(NCCCCCCCCCCNc4ccc([N+](=O)[O-])c5nonc45)ncnc32)[C@H](O)[C@@H]1O,5.21
A2A,CHEMBL366216,CN(C)c1ccc(Nc2nc(NC3CCCCC3)c3[nH]cnc3n2)cc1,5.21
A2A,CHEMBL280580,CNC(=O)[C@@]12C[C@@H]1[C@@H](n1cnc3c(NCc4cccc(I)c4)ncnc31)[C@H](O)[C@@H]2O,5.21
A2A,CHEMBL151071,Nc1ncnc2c1nc(Br)n2Cc1ccccc1,5.21
A2A,CHEMBL583637,CNC(=O)[C@]12C[C@@H]1[C@@H](n1cnc3c(NCc4cccc(I)c4)ncnc31)[C@H](O)[C@@H]2O,5.21
A2A,CHEMBL602076,N#CC1=C(NC(=O)CSc2ncc(C#N)c(N)n2)SC2CCCCC12,5.21
A2A,CHEMBL1078030,O=C(c1nc(NCc2cccnc2)nc2ccsc12)N1CCCC1,5.21
A2A,CHEMBL2181146,CCOc1nc2nn(C)cc2c2nc(-c3ccco3)nn12,5.21
A2A,CHEMBL2413115,CCNC(=O)[C@H]1O[C@@H](n2cnc3c(NCCCCCCCCCCNc4ccc([N+](=O)[O-])c5nonc45)ncnc32)[C@H](O)[C@@H]1O,5.21
A2A,CHEMBL2413113,CCNC(=O)[C@H]1O[C@@H](n2cnc3c(NCCCCCCNc4ccc([N+](=O)[O-])c5nonc45)ncnc32)[C@H](O)[C@@H]1O,5.21
A2A,CHEMBL3122212,Cc1ccncc1-c1nn(C)c2nc(OCc3ccccn3)cnc12,5.21
A2A,CHEMBL3410312,CCOC(=O)c1nc(NC(=O)c2ccc(F)cc2)nc2nn(CCc3ccccc3)cc12,5.21
A2A,CHEMBL220386,CCNC(=O)[C@H]1O[C@@H](n2cnc3c(NOC)nc(C#Cc4ccc(F)cc4)nc32)[C@H](O)[C@@H]1O,5.2
A2A,CHEMBL220899,CONc1nc(C#Cc2ccncc2)nc2c1ncn2[C@@H]1O[C@H](CO)[C@@H](O)[C@H]1O,5.2
A2A,CHEMBL592679,Cc1ccc(C(=O)c2sc(NC(=O)c3ccccc3)nc2-c2ccccc2)cc1,5.2
A2A,CHEMBL2070723,CC1=C(C(=O)Nc2nc3ccccc3s2)C(c2ccco2)C(C#N)=C(SCC(N)=O)N1,5.2
A2A,CHEMBL4176479,Cn1c(-c2cccnc2)nc2c(NC3CCCC3)ncnc21,5.2
A2A,CHEMBL4440421,Nc1nc(N/N=C/c2ccc(C(F)(F)F)cc2C(F)(F)F)nc2c1ncn2[C@@H]1O[C@H](CO)[C@@H](O)[C@H]1O,5.2
A2A,CHEMBL4462442,CCCn1c(=O)c2c(nc3cc(OC)ccn32)n(CCCNC(=O)c2ccc(S(C)(=O)=O)cc2)c1=O,5.2
A2A,CHEMBL4789455,CCOC(=O)CNc1ccc(-c2cn3c(=O)n(-c4ccccc4)nc3c(N)n2)cc1,5.2
A2A,CHEMBL5187330,CCNC(=O)[C@H]1O[C@@H](n2cnc3c(N[C@@H]4CCC[C@H]4Oc4cccc(OC)c4)ncnc32)[C@H](O)[C@@H]1O,5.2
A2A,CHEMBL5583854,Cc1c(C#N)cccc1-c1cc(-c2cn(Cc3c[nH]c4cc(Cl)c(Cl)cc34)nn2)nc(N)n1,5.2
A2A,CHEMBL6174735,N#Cc1c(N)nc(N2CCCCC2)c(C#N)c1-c1cccc(-c2nn[nH]n2)c1,5.2
A2A,CHEMBL328214,Cn1c(=O)ccc2c(O)cc(-c3ccccc3)nc21,5.19
A2A,CHEMBL2112177,CNC(=O)[C@]12C[C@@H]1[C@@H](n1cnc3c(NC4CCCC4)ncnc31)[C@H](O)[C@@H]2O,5.19
A2A,CHEMBL414157,CCCn1c(=O)c2[nH]c(C34CCC(CCC(=O)O)(CC3)CC4)nc2n(CCC)c1=O,5.19
A2A,CHEMBL386974,CCCn1c(=O)c2nc([C@]34CC[C@](CCC(=O)O)(CC3)CC4)[nH]c2n(CCC)c1=O,5.19
A2A,CHEMBL374462,CCNC(=O)[C@H]1O[C@@H](n2cnc3c(NOC)nc(C#Cc4ccccn4)nc32)[C@H](O)[C@@H]1O,5.19
A2A,CHEMBL374320,CCCCCc1ccc(C#Cc2nc(NOC)c3ncn([C@@H]4O[C@H](CO)[C@@H](O)[C@H]4O)c3n2)cc1,5.19
A2A,CHEMBL265464,OC(c1ccccc1)c1nc(C(F)(F)F)nc2ccccc12,5.19
A2A,CHEMBL1170166,CCCn1c(=O)[nH]c2cc(-c3ccc(OCC(=O)Nc4ccc(F)cc4)cc3)[nH]c2c1=O,5.19
A2A,CHEMBL2151251,Cc1ccc(O[C@H](C)C(=O)Nc2nc(-c3ccccc3)n[nH]2)cc1,5.19
A2A,CHEMBL2170790,O[C@@H]1[C@H](O)[C@@H]2C[C@@H]2[C@H]1n1cnc2c(N[C@H](C3CCC3)C3CC3)nc(Cl)nc21,5.19
A2A,CHEMBL2180926,CCN(CCO)c1nc2nn(C)cc2c2nc(-c3ccco3)nn12,5.19
A2A,CHEMBL3314909,CCOC(=O)c1cnc(N(C)C)n2nc(-c3ccco3)nc12,5.19
A2A,CHEMBL3314926,O=C(O)c1cnc(NCc2ccc(F)cc2)n2nc(-c3ccco3)nc12,5.19
A2A,CHEMBL3403724,CCOC(=O)c1c(NC(=O)c2sc(Nc3ccccc3)nc2N(C)C)sc2c1CCCC2,5.19
A2A,CHEMBL94830,Oc1nc2ccc(Cl)cc2n2nc(-c3cccs3)nc12,5.18
A2A,CHEMBL212458,COc1ccc(-n2nc3c(N(C(=O)c4ccccc4)C(=O)c4ccccc4)nc4ccccc4n3c2=O)cc1,5.18
A2A,CHEMBL374242,CCNC(=O)[C@H]1O[C@@H](n2cnc3c(NOC)nc(C#Cc4ccccc4)nc32)[C@H](O)[C@@H]1O,5.18
A2A,CHEMBL172,O[C@@H](c1cc(C(F)(F)F)nc2c(C(F)(F)F)cccc12)[C@H]1CCCCN1,5.18
A2A,CHEMBL564883,O[C@@H]1[C@H](O)CO[C@H]1n1cnc2c(NCc3cccc(F)c3)ncnc21,5.18
A2A,CHEMBL3400161,O=C(CC1CCCN1)Nc1ccc(C(=O)Nc2nccs2)cc1,5.18
A2A,CHEMBL4439605,Nc1nc(N/N=C/c2ccc(N3CCCC3)cc2)nc2c1ncn2[C@@H]1O[C@H](CO)[C@@H](O)[C@H]1O,5.18
A2A,CHEMBL611552,CCNC(=O)[C@H]1OC(n2cnc3c(NCCNc4ccc([N+](=O)[O-])c5nonc45)ncnc32)[C@H](O)[C@@H]1O,5.17
A2A,CHEMBL332969,O=c1[nH]c2ccccc2n2c(=O)n(-c3ccc(O)cc3)nc12,5.17
A2A,CHEMBL100876,Nc1nc(-c2cnn(CCCC3CCCCC3)c2)nc2c1ncn2[C@@H]1O[C@H](CO)[C@@H](O)[C@H]1O,5.17
A2A,CHEMBL197030,CC(=O)Nc1ccc2c(O)c(C(=O)NCc3ccccc3)cnc2n1,5.17
A2A,CHEMBL206090,CCNC(=O)[C@H]1O[C@@H](n2cnc3c(NCC)nc(C#CC4=CCCCC4)nc32)[C@H](O)[C@@H]1O,5.17
A2A,CHEMBL259155,COc1cc(-c2cc3c([nH]2)c(=O)n(C)c(=O)n3C)ccc1OCC(=O)N1CCc2ccccc2C1,5.17
A2A,CHEMBL512025,CN(C)c1nc(-c2ccco2)c(C(=O)c2ccccc2)s1,5.17
A2A,CHEMBL589262,CNC(=O)[C@@]12C[C@@H]1[C@@H](n1cnc3c(NCc4cccc(Cl)c4)nc(C#CCCCCc4cn(-c5cccc([N+](=O)[O-])c5)nn4)nc31)[C@H](O)[C@@H]2O,5.17
A2A,CHEMBL1079059,Cc1ccc(C(=O)c2ncnc3ccsc23)s1,5.17
A2A,CHEMBL1079893,C[C@@H](Nc1nc(C(=O)N2CCCC2)c2sccc2n1)c1cccnc1,5.17
A2A,CHEMBL1269899,COCCCn1c(N)nc2cc(C(=O)NCc3cccc(OC)c3)ccc21,5.17
A2A,CHEMBL2413111,CCNC(=O)[C@H]1O[C@@H](n2cnc3c(NCCNc4ccc([N+](=O)[O-])c5nonc45)ncnc32)[C@H](O)[C@@H]1O,5.17
A2A,CHEMBL3679380,OC[C@H]1OC(n2cnc3c(NC4CCC[C@@H]4OCc4cccc(I)c4)ncnc32)[C@H](O)[C@@H]1O,5.17
A2A,CHEMBL4102630,Cc1cc(C)n(C[C@H]2O[C@@H](n3cnc4c(Nc5ccc(Cl)cc5F)ncnc43)[C@H](O)[C@@H]2O)n1,5.17
A2A,CHEMBL5199871,OC[C@H]1O[C@@H](n2cnc3c(N[C@@H]4CCC[C@H]4OCc4ccccc4Cl)ncnc32)[C@H](O)[C@@H]1O,5.17
A2A,CHEMBL97665,Cc1ccc2c(N(C)C)cc(-c3ccccc3)nc2n1,5.16
A2A,CHEMBL407351,CN1C(=O)C2C(c3ncccc3N2C)N(C)C1=O,5.16
A2A,CHEMBL65976,Cn1cnc2c(N)ncnc21,5.16
A2A,CHEMBL522434,COc1ccc(O)c(CNc2nc(Cl)nc3c2ncn3[C@H]2[C@H](O)[C@H](O)[C@@H]3C[C@@H]32)c1,5.16
A2A,CHEMBL599481,Nc1c(C(=O)Nc2ccc(Cl)cc2)sc2ncccc12,5.16
A2A,CHEMBL1834573,Cn1cc2c(nc(N)n3nc(-c4ccc(C(F)(F)F)cc4)nc23)n1,5.16
A2A,CHEMBL2261733,O=C1CC(c2ccccc2)Cc2[nH]c(=O)c(S(=O)(=O)c3ccccc3)cc21,5.16
A2A,CHEMBL4160242,Cc1ccccc1-c1nc2c(NC3CCCC3)ncnc2n1C,5.16
A2A,CHEMBL1873475,C=CC(=O)N1CCC[C@@H](n2nc(-c3ccc(Oc4ccccc4)cc3)c3c(N)ncnc32)C1,5.16
A2A,CHEMBL198769,Cc1ccc2c(O)c(CC(=O)NC3CCCCC3)cnc2n1,5.15
A2A,CHEMBL428605,COc1cc(OCC(=O)N2CCN(c3ccccc3)CC2)ccc1-c1cc2c([nH]1)c(=O)n(C)c(=O)n2C,5.15
A2A,CHEMBL456256,O=C(c1ccccc1)c1sc(N(CCc2cccs2)Cc2ccccc2)nc1-c1ccco1,5.15
A2A,CHEMBL573032,CNC(=O)[C@H]1O[C@@H](n2cnc3c(NC)nc(C#Cc4ccc(OC)cc4)nc32)[C@H](O)[C@@H]1O,5.15
A2A,CHEMBL603870,C#CCCCCC#Cc1nc(NCc2cccc(Cl)c2)c2ncn([C@H]3[C@H](O)[C@H](O)[C@]4(C(=O)NC)C[C@H]34)c2n1,5.15
A2A,CHEMBL1077985,Cc1ccc(C(=O)c2nc(NCc3ccccc3)nc3ccsc23)s1,5.15
A2A,CHEMBL1081334,CNC(=O)c1nc(NCc2cccnc2)nc2ccsc12,5.15
A2A,CHEMBL104,Clc1ccccc1C(c1ccccc1)(c1ccccc1)n1ccnc1,5.15
A2A,CHEMBL2030680,Nc1cccc(CC2SC(=O)NC2=O)c1,5.15
A2A,CHEMBL4587951,O[C@H]1CCC[C@@H]1Nc1nc(C#Cc2ccc(Cl)s2)nc2[nH]cnc12,5.15
A2A,CHEMBL4861092,CCNC(=O)[C@H]1O[C@@H](n2cnc3c(NCCCCc4ccccc4)ncnc32)[C@H](O)[C@@H]1O,5.15
A2A,CHEMBL400189,C[C@@]1(O)[C@H](O)[C@@H](CO)O[C@H]1n1cnc2c(NC3CCCC3)ncnc21,5.14
A2A,CHEMBL602847,CNC(=O)[C@@]12C[C@@H]1[C@@H](n1cnc3c(NCc4cccc(Cl)c4)nc(C#CCCCCc4cn(CCCCNC(C)=O)nn4)nc31)[C@H](O)[C@@H]2O,5.14
A2A,CHEMBL3410322,CCOC(=O)c1nc(NC(=O)Cc2ccccc2)nc2nn(C)cc12,5.14
A2A,CHEMBL2113388,C[C@H](Cc1ccccc1)Nc1ncnc2c1ncn2[C@@H]1O[C@H](CO)[C@@H](O)[C@@]1(C)O,5.13
A2A,CHEMBL378367,CCNC(=O)[C@H]1O[C@@H](n2cnc3c(NCC)nc(C#CC4(N)CCCCC4)nc32)[C@H](O)[C@@H]1O,5.13
A2A,CHEMBL1278102,Cc1nn(Cc2ccccc2)c(=O)c2ncn3nc(-c4ccsc4)cc3c12,5.13
A2A,CHEMBL2180922,CCCCCN(CCCCC)c1nc2nn(C)cc2c2nc(-c3ccco3)nn12,5.13
A2A,CHEMBL3125712,CCCCC#Cc1nc(NC)c2ncn([C@H]3[C@H](O)[C@H](O)[C@@H]4C[C@@H]43)c2n1,5.13
A2A,CHEMBL3679377,OC[C@H]1OC(n2cnc3c(NC4CCC[C@@H]4OCc4cccc(F)c4)ncnc32)[C@H](O)[C@@H]1O,5.13
A2A,CHEMBL3818884,O=c1oc2c(O)cccc2cc1-c1cccs1,5.13
A2A,CHEMBL4280129,Nc1ncc(C(=O)c2sc(Nc3ccccc3)nc2-c2ccccc2)n1-c1ccc(F)cc1,5.13
A2A,CHEMBL132052,CCCn1c(=O)n(CC)c(=O)c2c1ncn2C,5.12
A2A,CHEMBL130503,CCCCn1c(=O)c2nc[nH]c2n(C)c1=O,5.12
A2A,CHEMBL321330,Cc1cc(O)c2ccc(N)nc2n1,5.12
A2A,CHEMBL2113580,CCSC[C@H]1O[C@@H](n2cnc3c(N)nc(N/N=C/CC(C)C)nc32)[C@H](O)[C@@H]1O,5.12
A2A,CHEMBL225341,CCCNc1c(C(=O)OC)cnc2c1cnn2CC(Cl)c1ccccc1,5.12
A2A,CHEMBL224083,CC(C)OC(=O)c1cnc2c(cnn2CC(Cl)c2ccccc2)c1NC1CC1,5.12
A2A,CHEMBL225026,COC(=O)c1cnc2c(cnn2CC(Cl)c2ccccc2)c1NCc1ccccc1,5.12
A2A,CHEMBL1927441,Nc1nc(N2CCN(C(=O)c3cccc4ccccc34)CC2)nc2nc(-c3ccco3)nn12,5.12
A2A,CHEMBL2012693,COc1cc(F)c(F)cc1CNc1nc(Cl)nc2c1ncn2[C@H]1[C@H](O)[C@H](O)[C@@H]2C[C@@H]21,5.12
A2A,CHEMBL3314918,CC(C)Nc1ncc(C(=O)O)c2nc(-c3ccco3)nn12,5.12
A2A,CHEMBL3410313,CCOC(=O)c1nc(NC(=O)c2ccc(C(F)(F)F)cc2)nc2nn(CCc3ccccc3)cc12,5.12
A2A,CHEMBL3890609,OCc1cc(F)c(F)cc1CNc1nc(Cl)nc2c1ncn2[C@@]12C[C@H](O)[C@H](O)[C@@H]1C2,5.12
A2A,CHEMBL36160,CCNc1nc(NC(=O)CC2CCCCC2)nc2c1ncn2[C@@H]1O[C@H](CO)[C@@H](O)[C@H]1O,5.11
A2A,CHEMBL123203,CCCCCCc1nc2[nH]cnc2c2nc(-c3ccccc3)nn12,5.11
A2A,CHEMBL2113046,c1ccc(Nc2nc(NC3CC4CCC3C4)c3nc[nH]c3n2)cc1,5.11
A2A,CHEMBL385856,CCCn1c(=O)c2nc([C@]34CC[C@](C(=O)N5CCC(C(=O)O)CC5)(CC3)CC4)[nH]c2n(CCC)c1=O,5.11
A2A,CHEMBL391031,OC[C@H]1O[C@@H](n2cnc3c(NC4CC5CCC4N5)ncnc32)[C@H](O)[C@@H]1O,5.11
A2A,CHEMBL449628,CCCCn1cnc2c(N)ncnc21,5.11
A2A,CHEMBL1077749,Cc1nc(C(=O)c2ccc(C)s2)c2sccc2n1,5.11
A2A,CHEMBL2180908,CN1CCN(c2nc3nn(C)cc3c3nc(-c4ccco4)nn23)CC1,5.11
A2A,CHEMBL386777,CCCn1c(=O)c2nc([C@]34CC[C@](C(=O)NCC(=O)O)(CC3)CC4)[nH]c2n(CCC)c1=O,5.1
A2A,CHEMBL91,Clc1ccc(COC(Cn2ccnc2)c2ccc(Cl)cc2Cl)c(Cl)c1,5.1
A2A,CHEMBL3133074,Cc1csc(-c2c(C)oc3cc(O)ccc3c2=O)n1,5.1
A2A,CHEMBL3342774,O=C(O)[C@H]1CC[C@@H](OC2CCN(c3ccc(-c4nc5cc(C(F)(F)F)ccc5[nH]4)cn3)CC2)CC1,5.1
A2A,CHEMBL4574192,COc1ccc(CN2CCCn3c2nc2c3c(=O)n(C)c(=O)n2C)cc1Cl,5.1
A2A,CHEMBL5574063,Cc1c(C#N)cccc1-c1cc(-c2cn(Cc3cccc4cc[nH]c34)nn2)nc(N)n1,5.1
A2A,CHEMBL456257,CN(CCc1cccs1)c1nc(-c2ccco2)c(C(=O)c2ccccc2)s1,5.09
A2A,CHEMBL808,Clc1ccc(COC(Cn2ccnc2)c2ccc(Cl)cc2Cl)cc1,5.09
A2A,CHEMBL2181977,Cc1ccc(-c2nc(NC(=O)Nc3ccc(F)cc3)c3nnn(Cc4ccccc4F)c3n2)cc1,5.09
A2A,CHEMBL3314907,CCOC(=O)c1cnc(N2CCCCC2)n2nc(-c3ccco3)nc12,5.09
A2A,CHEMBL3818888,COc1cccc(CCNc2nc(N)c(C(=O)N=C(N)N)nc2Cl)c1.Cl,5.09
A2A,CHEMBL3828648,Fc1cccc(F)c1Nc1nc2c(Cl)ncnc2s1,5.09
A2A,CHEMBL4291428,Cc1nc(Nc2ccccc2)sc1C(=O)c1cnc(N)n1-c1ccc(F)cc1,5.09
A2A,CHEMBL5196916,CNC(=O)[C@@]12C[C@@H]1[C@@H](n1cnc3c(NCc4ccc(O)c(OC)c4)nc(C#Cc4ccc(Cl)s4)nc31)[C@H](O)[C@@H]2O,5.09
A2A,CHEMBL337001,CCCn1c(=O)[nH]c(=O)c2c1ncn2CC,5.08
A2A,CHEMBL334849,CCCCn1c(=O)[nH]c(=O)c2[nH]cnc21,5.08
A2A,CHEMBL319555,Cn1c(=O)c2c(nnn2C2CCCCC2)n(C)c1=O,5.08
A2A,CHEMBL373578,CONc1nc(C#Cc2cccc(C(F)(F)F)c2)nc2c1ncn2[C@@H]1O[C@H](CO)[C@@H](O)[C@H]1O,5.08
A2A,CHEMBL1091641,Cn1cc2c(nc(NC(=O)Cc3ccccc3)n3nc(-c4ccc(Cl)cc4)nc23)n1,5.08
A2A,CHEMBL1834694,COc1ccc(NC(=O)Nc2nc3nn(C)cc3c3nc(-c4ccc(Br)cc4)nn23)cc1,5.08
A2A,CHEMBL3088345,CCN1CCN(c2ncnc3sc(Nc4ccccc4)nc23)CC1,5.08
A2A,CHEMBL4533073,Cn1c(=O)c2c(nc3n2CCCN3Cc2ccc(F)c(Br)c2)n(C)c1=O,5.08
A2A,CHEMBL574597,CNc1nc(C#Cc2ccccc2)nc2c1ncn2[C@@H]1O[C@H](CO)[C@@H](O)[C@H]1O,5.07
A2A,CHEMBL241987,O=c1[nH]c2ccccc2c2cn(-c3ccccc3)nc12,5.07
A2A,CHEMBL510907,C=CCCn1cnc2c(N)ncnc21,5.07
A2A,CHEMBL494759,Nc1ncnc2c1ncn2C[C@H](O)CO,5.07
A2A,CHEMBL266094,Nc1ncnc2c1ncn2Cc1ccccc1,5.07
A2A,CHEMBL3114166,O=C(Cc1ccccc1)Nc1nc(Cl)c2cn(CCc3ccccc3)nc2n1,5.07
A2A,CHEMBL3394268,Nc1nc(NC2CCNCC2)nc2nc(-c3ccco3)nn12,5.07
A2A,CHEMBL6008883,Cc1csc(Nc2nnc(N)nc2-c2ccccc2)n1,5.07
A2A,CHEMBL382107,Cc1ccc2c(O)c(C(=O)NN3CCOCC3)cnc2n1,5.06
A2A,CHEMBL399514,CNC(=S)OC[C@H]1O[C@@H](n2cnc3c(NC4CCCC4)nc(Cl)nc32)[C@](C)(O)[C@@H]1O,5.06
A2A,CHEMBL522095,C[C@@]1(O)[C@H](O)[C@@H](CO)O[C@H]1n1cnc2c(NC3CC4CCC3C4)ncnc21,5.06
A2A,CHEMBL1094646,CNc1ccccc1C(=O)/N=C(\N)Nc1nc(C)c2ccccc2n1,5.06
A2A,CHEMBL2151254,CC(C)(Oc1ccc(Cl)cc1)C(=O)Nc1nc(-c2ccccc2)n[nH]1,5.06
A2A,CHEMBL2391839,O=C(Nc1nc(-c2ccccc2)c(-c2nc3ccccc3c(=O)[nH]2)s1)c1ccco1,5.06
A2A,CHEMBL3410323,CCOC(=O)c1nc(NC(=O)Cc2ccccc2)nc2nn(C(C)C)cc12,5.06
A2A,CHEMBL4103712,O[C@@H]1[C@H](O)[C@@H](CCl)O[C@H]1n1cnc2c(N[C@@H]3CCOC3)nc(Cl)nc21,5.06
A2A,CHEMBL1401,CC(=O)Oc1ccccc1C(=O)Nc1ncc([N+](=O)[O-])s1,5.06
A2A,CHEMBL4286941,COc1ccc(-n2c(C(=O)c3sc(Nc4ccccc4)nc3-c3ccccc3)cnc2N)cc1,5.05
A2A,CHEMBL4442891,Cn1c(=O)c2c(nc3n2CCN(c2cccc(Cl)c2)C3)n(C)c1=O,5.05
A2A,CHEMBL4517925,Cn1c(=O)c2c(nc3n2CCCN3Cc2ccc(Cl)cc2F)n(C)c1=O,5.05
A2A,CHEMBL485745,Fc1ccc(-c2nn3ccccc3c2-c2ccncc2)cc1,5.05
A2A,CHEMBL427178,Cc1ccc2c(S)c(Cc3ccccc3)cnc2n1,5.04
A2A,CHEMBL523465,COc1cccc(Cn2c(=O)n(Cc3ccccc3OC)c3cnc(NC4CC4)nc32)c1,5.04
A2A,CHEMBL600992,CCc1nc2sc(C(=O)c3cccc(Cl)c3)c(N)c2cc1C,5.04
A2A,CHEMBL2381758,CCOC(=O)CCCOc1ccc(CCNc2nc(N)c3nc(-n4nccn4)n(C)c3n2)cc1,5.04
A2A,CHEMBL3114139,Cn1cc2c(Cl)nc(N)nc2n1,5.04
A2A,CHEMBL3410295,CC(C)n1cc2c(C(N)=O)nc(N)nc2n1,5.04
A2A,CHEMBL3741942,CCCn1cnc2c(N)nc(NCCCc3ccccc3)nc21,5.04
A2A,CHEMBL3088344,c1ccc(Nc2nc3c(N4CCNCC4)ncnc3s2)cc1,5.04
A2A,CHEMBL5184828,CCNC(=O)[C@H]1O[C@@H](n2cnc3c(N[C@@H]4CCC[C@H]4OCc4cccc(Cl)c4)ncnc32)[C@H](O)[C@@H]1O,5.04
A2A,CHEMBL3679382,Cc1cccc(CO[C@H]2CCCC2Nc2nc(Cl)nc3c2ncn3C2O[C@H](CO)[C@@H](O)[C@H]2O)c1,5.03
A2A,CHEMBL4068787,Cc1cc(C)n(C[C@H]2O[C@@H](n3cnc4c(NC5CC6CCC5C6)nc(Cl)nc43)[C@H](O)[C@@H]2O)n1,5.03
A2A,CHEMBL4285947,CNc1ncc(C(=O)NCc2ccc(-c3ccccc3)cc2)c2nc(-c3ccco3)nn12,5.03
A2A,CHEMBL112369,CCCn1c(=O)c2nc[nH]c2n(C)c1=O,5.02
A2A,CHEMBL408869,OC(c1ccccc1)c1cc(C(F)(F)F)nc2ccccc12,5.02
A2A,CHEMBL475023,CCCn1cnc2c(N)ncnc21,5.02
A2A,CHEMBL445696,Nc1ncnc2c1ncn2CCc1ccccc1,5.02
A2A,CHEMBL3314870,CCOC(=O)c1cnc(SC)n2nc(-c3ccco3)nc12,5.02
A2A,CHEMBL336555,Nc1nc(N)c2nccnc2n1,5.02
A2A,CHEMBL121793,CC(=O)Oc1ccc(-n2nc3c(=O)[nH]c4ccccc4n3c2=O)cc1,5.01
A2A,CHEMBL391029,OC[C@H]1O[C@@H](n2cnc3c(N[C@@H]4CCSC4)ncnc32)[C@H](O)[C@@H]1O,5.01
A2A,CHEMBL1089427,Cn1cc2c(nc(N)n3nc(-c4ccc([N+](=O)[O-])cc4)nc23)n1,5.01
A2A,CHEMBL44,O=c1c(-c2ccc(O)cc2)coc2cc(O)cc(O)c12,5.01
A2A,CHEMBL2381759,CCCC(=O)Oc1ccc(CCNc2nc(N)c3nc(-n4nccn4)n(C)c3n2)cc1,5.01
A2A,CHEMBL2381763,Cn1c(-n2nccn2)nc2c(N)nc(NCCc3ccc(O)cc3)nc21,5.01
A2A,CHEMBL3342771,O=C(O)[C@H]1CC[C@H](OC2CCN(c3ccc(-c4nc5cc(F)ccc5[nH]4)cn3)CC2)CC1,5.01
A2A,CHEMBL3403739,CCOC(=O)c1c(NC(=O)c2sc(Nc3ccc(OC)cc3)nc2N(C)C)sc(C(=O)OC)c1C,5.01
A2A,CHEMBL3819227,O=c1oc2c(O)cccc2cc1-c1ccsc1,5.01
A2A,CHEMBL1201303,Cc1cc(/C=C/c2ccc3cc(N(C)C)ccc3[n+]2C)c(C)n1-c1ccccc1,5.01
A2A,CHEMBL100346,CCCn1c(=O)c2c(nnn2C2CCCC2)n(CCC)c1=O,5.0
A2A,CHEMBL98221,CC(C)n1cc(-c2nc(N)c3ncn([C@@H]4O[C@H](CO)[C@@H](O)[C@H]4O)c3n2)cn1,5.0
A2A,CHEMBL408895,CN1C(=O)C2Nc3cnccc3C2N(C)C1=O,5.0
A2A,CHEMBL407204,Cn1c(=O)c2[nH]c(-c3ccc(OC(C)(C)C(=O)N4CCN(c5nc6cc(Cl)ccc6s5)CC4)cc3)cc2n(C)c1=O,5.0
A2A,CHEMBL250699,COc1cc(NC(=O)c2ccc(-c3ccc(Cl)cc3)o2)cc(OC)c1,5.0
A2A,CHEMBL2112161,CNC(=O)[C@]12C[C@@H]1[C@@H](n1cnc3c(NCc4cccc(Cl)c4)nc(SC)nc31)[C@H](O)[C@@H]2O,5.0
A2A,CHEMBL2112157,CNC(=O)[C@]12C[C@@H]1[C@@H](n1cnc3c(NCc4cc(OC)ccc4OC)nc(Cl)nc31)[C@H](O)[C@@H]2O,5.0
A2A,CHEMBL450826,Cn1c(=O)c2[nH]c(-c3ccc(OC(C)(C)C(=O)N4CCN(c5nc6cc(Cl)ccc6s5)CC4)cc3)nc2n(C)c1=O,5.0
A2A,CHEMBL569844,Cn1c(=O)c2[nH]c3cnccc3c2n(C)c1=O,5.0
A2A,CHEMBL3114158,Cc1ccc(C(=O)Nc2nc(Cl)c3cn(CCc4ccccc4)nc3n2)cc1,5.0
A2A,CHEMBL3423406,CCCC[C@H](NC(=O)[C@H]1CC[C@@H]2c3[nH]c4ccccc4c3CCN2C1)C(=O)N[C@@H](Cc1c[nH]c2ccccc12)C(=O)N[C@@H](CCCCN)C(N)=O,5.0
A2A,CHEMBL3819594,O=c1oc2c(O)c(O)ccc2cc1-c1cccs1,5.0
A2A,CHEMBL4287973,Nc1ccc2oc(-c3ccco3)nc2c1,5.0
A2A,CHEMBL5881276,Cn1cc(-c2nc(C(=O)NCc3ncccc3OC(F)F)c(N)nc2-c2ncco2)ccc1=O,5.0
