target,molecule_chembl_id,canonical_smiles,pchembl_value
D3,CHEMBL5841759,CN1Cc2c(C(=O)N[C@H]3CC[C@H](CCN4CCc5ccc(OCC(C)(F)F)nc5CC4)CC3)cccc2C1=O,10.92
D3,CHEMBL5918571,Cn1cc2c(C(=O)N[C@H]3CC[C@H](CCN4CCc5ccc(OCC(F)F)nc5CC4)CC3)cccc2n1,10.85
D3,CHEMBL5802711,Cc1cn2c(C(=O)N[C@H]3CC[C@H](CCN4CCc5nc(OCC(F)F)sc5CC4)CC3)cccc2n1,10.85
D3,CHEMBL5924177,Cn1ncc(CC(=O)N[C@H]2CC[C@H](CCN3CCc4ccc(OCC(C)(F)F)nc4CC3)CC2)n1,10.8
D3,CHEMBL80919,O=C(N[C@H]1CC[C@H](CCN2CCN(c3cccc(Cl)c3Cl)CC2)CC1)c1cccs1,10.7
D3,CHEMBL349426,c1ccc(N2CCN(CC[C@H]3CC[C@H](Nc4ncnc5ccccc45)CC3)CC2)cc1,10.7
D3,CHEMBL5926122,Cn1cc2c(C(=O)N[C@H]3CC[C@H](CCN4CCc5nc(OCC(F)(F)F)sc5CC4)CC3)cccc2n1,10.66
D3,CHEMBL5833667,CN1Cc2c(C(=O)N[C@H]3CC[C@H](CCN4CCc5nc(OCC(F)(F)F)sc5CC4)CC3)cccc2C1=O,10.66
D3,CHEMBL5870203,Cn1cc(/C=C/C(=O)N[C@H]2CC[C@](F)(CCN3CCc4nc(OCC(C)(F)F)sc4CC3)CC2)cn1,10.6
D3,CHEMBL301265,CCCN[C@H]1CCc2nc(N)sc2C1,10.59
D3,CHEMBL4285942,Cl.O=C(NCCCCN1CCN(c2cccc(Cl)c2Cl)CC1)c1cc2ccccc2[nH]1,10.59
D3,CHEMBL5207281,CCCCCNC(=O)/N=C(\N)NCCCc1nnc(N)s1.O=C(O)C(F)(F)F.O=C(O)C(F)(F)F,10.59
D3,CHEMBL5183205,CCCCCNC(=O)/N=C(\N)NCCCc1cnc(N)s1.O=C(O)C(F)(F)F.O=C(O)C(F)(F)F,10.59
D3,CHEMBL5200771,CCCCCCNC(=O)/N=C(\N)NCCCc1nnc(N)s1.O=C(O)C(F)(F)F.O=C(O)C(F)(F)F,10.59
D3,CHEMBL5204599,CC(CNC(=O)/N=C(\N)NCCCc1nnc(N)s1)C1CCCCC1.O=C(O)C(F)(F)F.O=C(O)C(F)(F)F,10.59
D3,CHEMBL5206565,N/C(=N\C(=O)NCc1ccccc1)NCCCc1nnc(N)s1.O=C(O)C(F)(F)F.O=C(O)C(F)(F)F,10.59
D3,CHEMBL5178472,N/C(=N\C(=O)NCc1ccccc1)NCCCc1cnc(N)s1.O=C(O)C(F)(F)F.O=C(O)C(F)(F)F,10.59
D3,CHEMBL5208845,C[C@@H](NC(=O)/N=C(\N)NCCCc1nnc(N)s1)c1ccccc1.Cl.Cl,10.59
D3,CHEMBL5184911,CC(NC(=O)/N=C(\N)NCCCc1nnc(N)s1)c1cccc(F)c1.Cl.Cl,10.59
D3,CHEMBL5180504,Cc1ccc(CC(C)CNC(=O)/N=C(\N)NCCCc2nnc(N)s2)cc1.O=C(O)C(F)(F)F.O=C(O)C(F)(F)F,10.59
D3,CHEMBL5202592,Cc1ccc(CC(C)CNC(=O)/N=C(\N)NCCCc2cnc(N)s2)cc1.O=C(O)C(F)(F)F.O=C(O)C(F)(F)F,10.59
D3,CHEMBL5198795,CC(CCCc1ccccc1)CNC(=O)/N=C(\N)NCCCc1nnc(N)s1.O=C(O)C(F)(F)F.O=C(O)C(F)(F)F,10.59
D3,CHEMBL5176229,N/C(=N\C(=O)NCCCCCCNC(=O)/N=C(\N)NCCCc1nnc(N)s1)NCCCc1nnc(N)s1.O=C(O)C(F)(F)F.O=C(O)C(F)(F)F.O=C(O)C(F)(F)F.O=C(O)C(F)(F)F,10.59
D3,CHEMBL5201074,C[C@@H](NC(=O)/N=C(\N)NCCCc1ncn[nH]1)c1ccccc1.Cl.Cl,10.59
D3,CHEMBL6037650,CC(Oc1nc2c(s1)CCN(CC[C@H]1CC[C@H](NC(=O)c3cccc4c3CN(C)C4=O)CC1)CC2)C(F)(F)F,10.59
D3,CHEMBL1765633,CCCN(CCCCNC(=O)c1ccc(-c2ccccc2)cc1)[C@H]1CCn2nccc2C1,10.57
D3,CHEMBL3905247,O=C(N[C@H]1CC[C@H](CCN2CCN(c3nsc4ccccc34)CC2)CC1)c1cc2ccccc2[nH]1,10.54
D3,CHEMBL5975724,Cc1cc(CC(=O)N[C@H]2CC[C@](F)(CCN3CCc4ccc(CCC(F)(F)F)nc4CC3)CC2)on1,10.54
D3,CHEMBL1774386,O=C(NCCC(F)CN1CCN(c2cccc(Cl)c2Cl)CC1)c1cc2ccccc2o1,10.52
D3,CHEMBL5949574,CC(Oc1ccc2c(n1)CCN(CC[C@H]1CC[C@H](NC(=O)c3cccc4nn(C)cc34)CC1)CC2)C(F)F,10.47
D3,CHEMBL5880152,Cc1cc(OCC(=O)N[C@H]2CC[C@H](CCN3CCc4sc(N5CC(F)(F)C5)nc4C3)CC2)no1,10.46
D3,CHEMBL5964833,Cc1nnc(CC(=O)N[C@H]2CC[C@](F)(CCN3CCc4ccc(OCC(C)(F)F)nc4CC3)CC2)s1,10.46
D3,CHEMBL6060696,Cn1cc2c(C(=O)NN3CCC(CCN4CCc5ccc(OCC(F)(F)F)nc5CC4)CC3)cccc2n1,10.41
D3,CHEMBL8514,CC(C)(C)[C@]1(O)CCN2C[C@H]3c4ccccc4CCc4cccc(c43)[C@@H]2C1,10.4
D3,CHEMBL3966842,O=S(=O)(N[C@H]1CC[C@H](CCN2CCN(c3nsc4ccccc34)CC2)CC1)c1cccs1,10.37
D3,CHEMBL3918755,O=C(Nc1ccccc1)N[C@H]1CC[C@H](CCN2CCN(c3nsc4ccccc34)CC2)CC1,10.37
D3,CHEMBL5841988,Cn1ncc(CC(=O)N[C@H]2CC[C@H](CCN3CCc4nc(OCC(C)(F)F)sc4CC3)CC2)n1,10.37
D3,CHEMBL5875273,COc1cc(CC(=O)N[C@H]2CC[C@](F)(CCN3CCc4ccc(OCC(F)F)nc4CC3)CC2)on1,10.36
D3,CHEMBL3895540,CN([C@H]1CC[C@H](CCN2CCN(c3nsc4ccccc34)CC2)CC1)S(=O)(=O)c1cccs1,10.34
D3,CHEMBL3920252,O=C(N[C@H]1CC[C@H](CCN2CCN(c3nsc4ccccc34)CC2)CC1)c1ccccc1,10.33
D3,CHEMBL5787369,CCn1c(C(=O)N[C@H]2CC[C@H](CCN3CCc4ccc(OCC(F)(F)F)nc4CC3)CC2)cccc1=O,10.32
D3,CHEMBL5951227,O=C(N[C@H]1CC[C@H](CCN2CCc3nc(OCC(F)(F)F)sc3CC2)CC1)c1cccnc1C(F)F,10.32
D3,CHEMBL5813094,COc1cc(CC(=O)N[C@H]2CC[C@H](CCN3CCc4sc(N5CC(F)(F)C5)nc4C3)CC2)on1,10.3
D3,CHEMBL3932186,O=C(NC[C@H]1CC[C@H](CN2CCN(c3nsc4cc(Cl)ccc34)CC2)CC1)c1ccco1,10.29
D3,CHEMBL5921899,Cc1nc(/C=C/C(=O)N[C@H]2CC[C@H](CCN3CCc4sc(N5CC(F)(F)C5)nc4C3)CC2)cs1,10.29
D3,CHEMBL3902496,CCC(=O)N[C@H]1CC[C@H](CCN2CCN(c3nsc4ccccc34)CC2)CC1,10.28
D3,CHEMBL5817877,Cc1ncc(CC(=O)N[C@H]2CC[C@H](CCN3CCc4nc(N(C)CC(F)(F)F)sc4CC3)CC2)s1,10.28
D3,CHEMBL3896937,O=C(Nc1cccnc1)N[C@H]1CC[C@H](CCN2CCN(c3nsc4ccccc34)CC2)CC1,10.26
D3,CHEMBL3976282,O=C(N[C@H]1CC[C@H](CCN2CCN(c3nsc4ccccc34)CC2)CC1)c1cccs1,10.25
D3,CHEMBL3933256,O=S(=O)(N[C@H]1CC[C@H](CCN2CCN(c3nsc4ccccc34)CC2)CC1)c1cccnc1,10.24
D3,CHEMBL3982486,CCOC(=O)N[C@H]1CC[C@H](CCN2CCN(c3nsc4ccccc34)CC2)CC1,10.24
D3,CHEMBL5958714,Cn1cc(/C=C/C(=O)N[C@H]2CC[C@H](CCN3CCc4nc(OCC(F)(F)F)sc4CC3)CC2)cn1,10.24
D3,CHEMBL5801625,COc1cc(/C=C/C(=O)N[C@H]2CC[C@H](CCN3CCc4ccc(OCC(F)F)nc4CC3)CC2)on1,10.24
D3,CHEMBL5979572,COc1cc(CCC(=O)N[C@H]2CC[C@H](CCN3CCc4nc(OCC(F)F)sc4CC3)CC2)on1,10.24
D3,CHEMBL6047349,COC(CN1CCc2sc(OCC(C)(F)F)nc2C1)C1CC2(CC(NC(=O)c3cccc4nn(C)cc34)C2)C1,10.24
D3,CHEMBL157138,CCN(CC)C(=O)N[C@H]1C=C2c3cccc4[nH]cc(c34)C[C@H]2N(C)C1,10.23
D3,CHEMBL5998874,Cn1cc2c(C(=O)N[C@H]3CC[C@H](CCN4CCc5ccc(OCC(F)(F)F)nc5CC4)OC3)cccc2n1,10.23
D3,CHEMBL54,O=C(CCCN1CCC(O)(c2ccc(Cl)cc2)CC1)c1ccc(F)cc1,10.22
D3,CHEMBL468017,CCCN(CCN1CCN(c2cccc(Cl)c2Cl)CC1)C1CCc2nc(N)sc2C1,10.22
D3,CHEMBL3948056,Cc1ccc(S(=O)(=O)N[C@H]2CC[C@H](CCN3CCN(c4nsc5ccccc45)CC3)CC2)cc1,10.21
D3,CHEMBL5994420,Cc1cc(CC(=O)N[C@H]2CC[C@H](CCN3C[C@@H]4C[C@]4(c4cc(C(C)(F)F)on4)C3)CC2)on1,10.21
D3,CHEMBL6006998,Cn1cc(CC(=O)N[C@H]2CC[C@](F)(CCN3CCc4ccc(OCC(C)(F)F)nc4CC3)CC2)cn1,10.2
D3,CHEMBL5854979,Cn1cc2c(C(=O)N[C@H]3CC[C@H](CCN4CCc5ccc(OCC(C)(F)F)nc5CC4)CC3)cccc2n1,10.19
D3,CHEMBL3941818,Cn1c(SCCCN2CC[C@]3(C[C@@H]3c3ccc(C(F)(F)F)cc3)C2)nnc1-c1ccc(-c2ncco2)cc1,10.17
D3,CHEMBL5906646,Cc1ncc(CC(=O)N[C@H]2CC[C@H](CCN3CCc4nc(OCC(F)(F)F)sc4CC3)CC2)s1,10.17
D3,CHEMBL5849356,Cc1cc(OCC(=O)N[C@H]2CC[C@](F)(CCN3CCc4ccc(OCC(C)(F)F)nc4CC3)CC2)no1,10.15
D3,CHEMBL5833883,Cc1cc(OCC(=O)N[C@H]2CC[C@H](CCN3CCc4ccc(CCC(F)(F)F)nc4CC3)CC2)no1,10.15
D3,CHEMBL5957439,Cn1ncc(CC(=O)N[C@H]2CC[C@H](CCN3CCc4nc(OCC(F)(F)F)sc4CC3)CC2)n1,10.15
D3,CHEMBL5753132,CCn1c(C(=O)N[C@H]2CC[C@H](CCN3C[C@@H]4C[C@]4(c4cc(C(C)(F)F)on4)C3)CC2)cccc1=O,10.14
D3,CHEMBL6025855,C[C@@H](Oc1ccc2c(n1)CCN(CC[C@H]1CC[C@H](NC(=O)Cc3cnn(C)n3)CC1)CC2)C(F)(F)F,10.14
D3,CHEMBL5845863,Cc1cc(OCC(=O)N[C@H]2CC[C@H](CCN3CCc4ccc(OCC(F)(F)F)nc4CC3)CC2)no1,10.12
D3,CHEMBL5843487,CN1Cc2c(C(=O)N[C@H]3CC[C@H](CCN4CCc5sc(OCC(F)(F)F)nc5C4)CC3)cccc2C1=O,10.11
D3,CHEMBL6049838,Cn1ncc(CC(=O)N[C@H]2CC[C@](F)(CCN3CCc4ccc(OCC(F)(F)F)nc4CC3)CC2)n1,10.11
D3,CHEMBL399164,CCCN(CCN1CCN(c2ccccc2OC)CC1)C1CCc2c(O)cccc2C1,10.1
D3,CHEMBL6058779,O=C(N[C@H]1CC[C@H](CCN2CCc3sc(N4CC5CC5C4)nc3C2)CC1)c1cccc2ncccc12,10.1
D3,CHEMBL6045711,CN1Cc2c(C(=O)NC34CCC(CCN5CCc6nc(OCC(F)(F)F)sc6CC5)(CC3)CC4)cccc2C1=O,10.1
D3,CHEMBL5759917,Cn1cc2c(C(=O)N[C@H]3CC[C@H](CCN4CC=C(c5nocc5C(C)(F)F)CC4)CC3)cccc2n1,10.09
D3,CHEMBL5968576,Cc1ncc(/C=C/C(=O)N[C@H]2CC[C@](F)(CCN3CCc4ccc(OCC(C)(F)F)nc4CC3)CC2)cn1,10.09
D3,CHEMBL5928686,Cn1ncc(CC(=O)N[C@H]2CC[C@](F)(CCN3CCc4nc(OCC(F)(F)C(F)F)sc4CC3)CC2)n1,10.09
D3,CHEMBL5755159,Cc1cc(CC(=O)N[C@H]2CC[C@H](CCN3CCc4nc(OCC(C)(F)F)sc4CC3)CC2)on1,10.08
D3,CHEMBL5837758,Cn1cc2c(C(=O)NC34CCC(CCN5CCc6nc(OCC(F)(F)F)sc6CC5)(CC3)CC4)cccc2n1,10.08
D3,CHEMBL467540,CCCN(CCN1CCN(c2ccc(-c3ccccc3)cc2)CC1)C1CCc2nc(N)sc2C1,10.07
D3,CHEMBL514885,CCCN(CCN1CCN(c2ccc(-c3ccccc3)cc2)CC1)[C@H]1CCc2nc(N)sc2C1,10.07
D3,CHEMBL2028019,CN(C)C(=O)N[C@H]1CC[C@H](CCN2CCN(c3cccc(Cl)c3Cl)CC2)CC1,10.07
D3,CHEMBL6004699,CCN1Cc2c(C(=O)N[C@H]3CC[C@H](CCN4CCc5ccc(OCC(F)(F)F)nc5CC4)OC3)cccc2C1=O,10.07
D3,CHEMBL5814275,Cc1ncc(CC(=O)N[C@H]2CC[C@H](CCN3CCc4ccc(OCC(F)F)nc4CC3)CC2)s1,10.07
D3,CHEMBL5918398,CCC(F)(F)c1conc1C1CCN(CC[C@H]2CC[C@H](NC(=O)c3cccc4nn(C)cc34)CC2)CC1,10.07
D3,CHEMBL5766722,Cc1ncc(/C=C/C(=O)N[C@H]2CC[C@H](CCN3CCc4nc(OC5CC(F)(F)C5)sc4CC3)CC2)cn1,10.07
D3,CHEMBL5787390,Cc1nnc(CC(=O)N[C@H]2CC[C@H](CCN3CCc4ccc(O[C@H](C)C(F)(F)F)nc4CC3)CC2)s1,10.07
D3,CHEMBL2024517,CN(C)C(=O)N[C@H]1CC[C@H](CCN2CCN(c3cccc(Cl)c3Cl)CC2)CC1.Cl,10.05
D3,CHEMBL3967779,O=C(N[C@H]1CC[C@H](CCN2CCN(c3nsc4ccccc34)CC2)CC1)c1cccnc1,10.05
D3,CHEMBL6021169,Cn1cc(CC(=O)N[C@H]2CC[C@H](CCN3CCc4nc(OCC(C)(F)F)sc4CC3)CC2)c(F)n1,10.05
D3,CHEMBL6013919,Cc1nnc(CC(=O)N[C@H]2CC[C@H](CCN3CCc4ccc(O[C@@H](C)C(F)(F)F)nc4CC3)CC2)o1,10.05
D3,CHEMBL5983794,Cn1cc2c(C(=O)NC3CC4(CC(CCN5CCc6sc(OCC(C)(F)F)nc6C5)C4)C3)cccc2n1,10.04
D3,CHEMBL5957512,O=C(N[C@H]1CC[C@H](CCN2CCC(c3nocc3-c3cccc(F)c3)CC2)CC1)c1cccc2ncccc12,10.03
D3,CHEMBL3892440,CS(=O)(=O)N[C@H]1CC[C@H](CCN2CCN(c3nsc4ccccc34)CC2)CC1,10.02
D3,CHEMBL5948934,COc1cc(CC(=O)N[C@H]2CC[C@H](CCN3CCc4ccc(OCC(F)(F)F)nc4CC3)CC2)on1,10.02
D3,CHEMBL5826858,Cc1ncc(CC(=O)N[C@H]2CC[C@H](CCN3CCc4nc(OCC(F)(F)F)sc4CC3)CC2)o1,10.02
D3,CHEMBL5843758,Cc1ncc(CC(=O)N[C@H]2CC[C@](F)(CCN3CCc4ccc(OCC(F)F)nc4CC3)CC2)o1,10.02
D3,CHEMBL240773,CCCN1CCC[C@@H]2Cc3n[nH]cc3C[C@H]21,10.01
D3,CHEMBL6012333,Cc1ncc(/C=C/C(=O)N[C@H]2CC[C@H](CCN3CCc4nc(OCC(C)(F)F)sc4CC3)CC2)cn1,10.01
D3,CHEMBL462508,O=C(NCCCCN1CCN(c2cccc(Cl)c2Cl)CC1)c1cc2ccccc2cn1,10.0
D3,CHEMBL3125990,CCCN(CCN1CCN(c2ccc(-c3cccc(O)c3)cc2)CC1)[C@H]1CCc2nc(N)sc2C1,10.0
D3,CHEMBL3409256,NC(=O)c1ccccc1OCCCN1CCN(c2cccc3c2ccn3S(=O)(=O)c2ccccc2)CC1,10.0
D3,CHEMBL5810433,Cn1cc2c(C(=O)N[C@H]3CC[C@H](CCN4CCc5sc(CCC(F)F)nc5C4)CC3)cccc2n1,10.0
D3,CHEMBL6040249,Cc1cc(OCC(=O)N[C@H]2CC[C@H](CCN3CCc4nc(OC5CC(F)(F)C5)sc4CC3)CC2)no1,10.0
D3,CHEMBL5898048,CC[C@@H](C)Oc1ccc2c(n1)CCN(CC[C@H]1CC[C@H](NC(=O)c3cccc4nn(C)cc34)CC1)CC2,10.0
D3,CHEMBL5987260,Cn1ncc(CC(=O)N[C@H]2CC[C@H](CCN3CCc4nc(OCC(F)(F)F)sc4CC3)CC2)c1F,10.0
D3,CHEMBL496531,O=C1c2cc3ccccc3n2CCN1CCCCN1CCN(c2cccc(Cl)c2Cl)CC1,9.98
D3,CHEMBL8946,CCc1cc(Cl)c(OC)c(C(=O)NC[C@@H]2CCCN2CC)c1O,9.97
D3,CHEMBL59,NCCc1ccc(O)c(O)c1,9.96
D3,CHEMBL286252,CCCCN1CCCC1CNC(=O)c1cc(C#N)c2ccccc2c1OC,9.96
D3,CHEMBL5891513,Cn1cc(CC(=O)N[C@H]2CC[C@](F)(CCN3CCc4ccc(OCC(F)(F)F)nc4CC3)CC2)cn1,9.96
D3,CHEMBL5823486,O=C1Cc2cccc(C(=O)N[C@H]3CC[C@H](CCN4CCc5nc(OCC(F)F)sc5CC4)CC3)c2N1,9.96
D3,CHEMBL5806804,O=C(NCCCCN1CCc2ccc(OCC(F)(F)F)nc2CC1)c1cc2ccccc2[nH]1,9.96
D3,CHEMBL5790545,Cn1cc2c(C(=O)N[C@H]3CC[C@H](CCN4CCC(c5nocc5C(C)(F)F)CC4)CC3)cccc2n1,9.96
D3,CHEMBL5776224,Cn1ncc(CC(=O)N[C@H]2CC[C@H](CCN3CCc4nc(OC5CC(F)(F)C5)sc4CC3)CC2)n1,9.96
D3,CHEMBL6036651,Cc1ncc(OCC(=O)N[C@H]2CC[C@H](CCN3CCc4ccc(OCC(F)F)nc4CC3)CC2)cn1,9.96
D3,CHEMBL5886479,CC(Oc1nc2c(s1)CCN(CC[C@H]1CC[C@H](NC(=O)c3cccc4nn(C)cc34)CC1)CC2)C(F)F,9.96
D3,CHEMBL5970185,Cn1cc2c(C(=O)N[C@H]3CC[C@H](CCN4CCc5ccc(CCC(F)(F)F)nc5CC4)CC3)ccc(F)c2n1,9.96
D3,CHEMBL6058309,Cn1ncc(CC(=O)N[C@H]2CC[C@H](CCN3CCc4ccc(OCC(F)F)nc4CC3)CC2)n1,9.96
D3,CHEMBL5972904,Cc1ncc(/C=C/C(=O)N[C@H]2CC[C@H](CCN3CCc4sc(C5CC(F)(F)C5)nc4C3)CC2)cn1,9.96
D3,CHEMBL3597643,O=C(NCCCCN1CCN(c2cccc3ccccc23)CC1)c1cc2ccccc2[nH]1,9.93
D3,CHEMBL267930,O=C(CCCN1CCC2(CC1)C(=O)NCN2c1ccccc1)c1ccc(F)cc1,9.92
D3,CHEMBL250552,CCCN(CCN1CCN(c2ccccc2)CC1)C1CCc2c(O)cccc2C1,9.92
D3,CHEMBL464395,COc1ccccc1N1CCN(CCCCOc2ccc(C3CN4C=CSC4=N3)cc2)CC1,9.92
D3,CHEMBL1771110,COc1ccccc1N1CCN(CCCCN2CCc3cc(-c4cccs4)ccc3C2=O)CC1,9.92
D3,CHEMBL1771112,COc1ccccc1N1CCN(CCCCN2CCc3cc(-c4ccncc4)ccc3C2=O)CC1,9.92
D3,CHEMBL2397389,C#CC1=CC[C@H](N(CCC)CCCCNC(=O)c2ccc(-c3ccccc3)cc2)CC1,9.92
D3,CHEMBL6011163,Cn1c(C(=O)N[C@H]2CC[C@H](CCN3CCc4nc(OCC(F)(F)F)sc4CC3)CC2)cccc1=O,9.92
D3,CHEMBL6029030,Cc1ncc(/C=C/C(=O)N[C@H]2CC[C@H](CCN3CCc4nc(OCC(F)F)sc4CC3)CC2)s1,9.92
D3,CHEMBL5862008,Cc1ncc(CC(=O)N[C@H]2CC[C@H](CCN3CCc4nc(OCC(C)(F)F)sc4CC3)CC2)o1,9.92
D3,CHEMBL5867414,Cc1cc(CC(=O)N[C@H]2CC[C@H](CCN3CCc4sc(C5CC(F)(F)C5)nc4C3)CC2)on1,9.92
D3,CHEMBL6042591,Cc1cc(CC(=O)N[C@H]2CC[C@H](CCN3CCc4sc(N5CC(F)(F)C5)nc4C3)CC2)on1,9.92
D3,CHEMBL6053282,O=C(N[C@H]1CC[C@H](CCN2CCC(c3nocc3-c3ccccc3)CC2)CC1)c1cccc2ncccc12,9.92
D3,CHEMBL5870651,Cn1cc2c(C(=O)N[C@H]3CC[C@H](CCN4CCc5nc(OCC(C)(F)F)sc5CC4)OC3)cccc2n1,9.92
D3,CHEMBL5823979,Cc1ncc(CC(=O)N[C@H]2CC[C@](F)(CCN3CCc4nc(OCC(C)(F)F)sc4CC3)CC2)o1,9.92
D3,CHEMBL6010116,Cc1ncc(OCC(=O)N[C@H]2CC[C@H](CCN3CCc4ccc(O[C@H](C)C(F)(F)F)nc4CC3)CC2)cn1,9.92
D3,CHEMBL5791870,C[C@@H](Oc1ccc2c(n1)CCN(CC[C@H]1CC[C@H](NC(=O)c3cccc(=O)n3C)CC1)CC2)C(F)(F)F,9.92
D3,CHEMBL5811527,Cc1ncc(OCC(=O)N[C@H]2CC[C@H](CCN3CCc4ccc(CCC(F)(F)F)nc4CC3)CC2)cn1,9.92
D3,CHEMBL5750440,Cc1ncc(OCC(=O)NC23CCC(CCN4CCc5nc(OCC(F)(F)F)sc5CC4)(CC2)CC3)cn1,9.92
D3,CHEMBL196476,COc1cccc2cc(C(=O)NCCCCN3CCN(c4cccc(Cl)c4Cl)CC3)oc12,9.89
D3,CHEMBL3597645,O=C(NCCCCN1CCN(c2cccc3ccccc23)CC1)c1cc2ccccc2s1,9.89
D3,CHEMBL3946995,O=C(N[C@H]1CC[C@H](CCN2CCN(c3nsc4ccccc34)CC2)CC1)c1ccco1,9.89
D3,CHEMBL5888473,CC(Oc1nc2c(s1)CCN(CC[C@H]1CC[C@H](NC(=O)c3cccc4nn(C)cc34)CC1)CC2)C(F)(F)F,9.89
D3,CHEMBL5823796,Cn1cc(/C=C/C(=O)N[C@H]2CC[C@H](CCN3CCc4nc(OCC(F)(F)F)sc4CC3)OC2)cn1,9.89
D3,CHEMBL5801091,CC(F)(F)COc1nc2c(s1)CCN(CC[C@H]1CC[C@H](NC(=O)c3cccc4ncccc34)CC1)C2,9.89
D3,CHEMBL5859405,CCC(F)(F)c1conc1C1CCN(CC[C@H]2CC[C@H](NC(=O)Cc3nnc(C)s3)CC2)CC1,9.89
D3,CHEMBL5870352,CN1Cc2c(C(=O)N[C@H]3CC[C@H](CCN4C[C@@H]5C[C@]5(c5cc(C(C)(F)F)on5)C4)CC3)cccc2C1=O,9.89
D3,CHEMBL6053782,COc1cc(CC(=O)N[C@H]2CC[C@H](CCN3CCc4nc(OCC(C)(F)F)sc4CC3)OC2)on1,9.89
D3,CHEMBL5861015,Cn1nnc2cccc(C(=O)N[C@H]3CC[C@H](CCN4CCc5nc(OCC(C)(F)F)sc5CC4)CC3)c21,9.89
D3,CHEMBL5750695,CN1Cc2c(C(=O)N[C@H]3CC[C@](F)(CCN4CCc5nc(OCC(F)F)sc5CC4)CC3)cccc2C1=O,9.89
D3,CHEMBL5754091,Cc1nc(CC(=O)N[C@H]2CC[C@](F)(CCN3CCc4ccc(OCC(C)(F)F)nc4CC3)CC2)no1,9.89
D3,CHEMBL5955136,Cc1ncc(CC(=O)N[C@H]2CC[C@H](CCN3CCc4nc(OCCC(F)(F)F)sc4CC3)CC2)o1,9.89
D3,CHEMBL309623,O=C(N[C@H]1CC[C@H](CCN2CCN(c3ccccc3)CC2)CC1)C1CCCCC1,9.85
D3,CHEMBL273273,CCCN(CCC)C1CCc2c(O)cccc2C1,9.85
D3,CHEMBL495572,Clc1cccc(N2CCN(CCCCCOc3cc4ccccc4cn3)CC2)c1Cl,9.85
D3,CHEMBL3962525,CCCC(=O)N[C@H]1CC[C@H](CCN2CCN(c3nsc4ccccc34)CC2)CC1,9.85
D3,CHEMBL4544583,CCc1cccc(N2CCN(CCCCNC(=O)c3cc4ccccc4[nH]3)CC2)c1Cl,9.85
D3,CHEMBL5431103,COCCC(=O)N[C@H]1CC[C@H](CCN2CCN(c3cccc(Cl)c3Cl)CC2)CC1,9.85
D3,CHEMBL5816980,Cc1nc(CC(=O)N[C@H]2CC[C@H](CCN3CCc4ccc(OCC(C)(F)F)nc4CC3)CC2)no1,9.85
D3,CHEMBL5977355,Cc1ncc(OCC(=O)N[C@H]2CC[C@](F)(CCN3CCc4nc(OCC(C)(F)F)sc4CC3)CC2)cn1,9.85
D3,CHEMBL5769957,Cc1nnc(CC(=O)N[C@H]2CC[C@](F)(CCN3CCc4ccc(CCC(F)(F)F)nc4CC3)CC2)s1,9.85
D3,CHEMBL5823647,Cc1cnc(CC(=O)N[C@H]2CC[C@](F)(CCN3CCc4nc(OCC(F)(F)F)sc4CC3)CC2)o1,9.82
D3,CHEMBL5804436,CCN1Cc2c(C(=O)N[C@H]3CC[C@H](CCN4CCc5sc(CCC(F)(F)F)nc5C4)CC3)cccc2C1=O,9.82
D3,CHEMBL6025845,Cc1ncc(CC(=O)N[C@H]2CC[C@H](CCN3CCN(c4nocc4C(C)(F)F)C(C)C3)CC2)s1,9.82
D3,CHEMBL5857950,Cn1cc2c(C(=O)N[C@H]3CC[C@H](CCN4CCc5ccc(OCC(C)(C)F)nc5CC4)CC3)cccc2n1,9.82
D3,CHEMBL5862694,Cn1cc(CC(=O)N[C@H]2CC[C@H](CCN3CCc4nc(OCC(C)(F)F)sc4CC3)CC2)cn1,9.82
D3,CHEMBL5896782,CN1Cc2c(C(=O)N[C@H]3CC[C@H](CCN4CCc5sc(C6CC(F)(F)C6)nc5C4)CC3)cccc2C1=O,9.82
D3,CHEMBL5912861,Cn1cc(CC(=O)N[C@H]2CC[C@H](CCN3CCc4nc(OC5CC(F)(F)C5)sc4CC3)CC2)cn1,9.82
D3,CHEMBL5875702,C[C@@H](Oc1ccc2c(n1)CCN(CC[C@H]1CC[C@H](NC(=O)COc3cnn(C)c3)CC1)CC2)C(F)(F)F,9.82
D3,CHEMBL6038690,Cc1cc(CC(=O)N[C@H]2CC[C@H](CCN3CCc4ccc(CCC(F)(F)F)nc4CC3)CC2)on1,9.82
D3,CHEMBL5770250,Cn1cc(CC(=O)NC2CCC(CCN3CCc4ccc(OCC(F)F)nc4CC3)CC2)c(F)n1,9.82
D3,CHEMBL5962220,C[C@H](Oc1nc2c(s1)CCN(CC[C@H]1CC[C@H](NC(=O)Cc3cnn(C)n3)CC1)CC2)C(F)(F)F,9.82
D3,CHEMBL4476699,CCc1cccc(N2CCN(CCCCNC(=O)c3cc4ccccc4o3)CC2)c1Cl,9.81
D3,CHEMBL5885535,CCc1cccc(N2CCN(CCCCCNC(=O)c3cc4ccccc4o3)CC2)c1Cl,9.81
D3,CHEMBL130678,CCCN(CCC)[C@@H]1CCc2cc(CS(=O)(=O)c3ccc(I)cc3)ccc2C1,9.8
D3,CHEMBL308524,CCN1CCC[C@H]1CNC(=O)c1c(O)c(I)cc(OC)c1OC,9.8
D3,CHEMBL112065,COc1ccccc1N1CCN(CCCCNC(=O)c2ccc(-c3ccccc3)cc2)CC1,9.8
D3,CHEMBL1288585,CC[11CH2]N1CCO[C@@H]2c3cc(O)ccc3CC[C@H]21,9.8
D3,CHEMBL3899125,Cn1c(SCCCN2CC[C@]3(C[C@@H]3c3ccc(C(F)(F)F)cc3)C2)nnc1-c1ccc(C(N)=O)cc1,9.8
D3,CHEMBL3973487,CC(=O)N[C@H]1CC[C@H](CCN2CCN(c3nsc4ccccc34)CC2)CC1,9.8
D3,CHEMBL5783780,Cc1cc2c(C(=O)N[C@H]3CC[C@H](CCN4CCc5ccc(OCC(F)(F)F)nc5CC4)OC3)cccn2n1,9.8
D3,CHEMBL5805419,Cn1ccc2c(C(=O)N[C@H]3CC[C@H](CCN4CCc5sc(OCC(C)(F)F)nc5C4)CC3)cccc2c1=O,9.8
D3,CHEMBL6016489,Cn1cc2ccc(C(=O)N[C@H]3CC[C@H](CCN4CCc5nc(OCC(C)(F)F)sc5CC4)CC3)cc2n1,9.8
D3,CHEMBL5950414,Cn1ncc2ccc(C(=O)N[C@H]3CC[C@H](CCN4CCc5nc(OCC(C)(F)F)sc5CC4)OC3)cc21,9.8
D3,CHEMBL5843261,Cc1nnc(CC(=O)N[C@H]2CC[C@H](CCN3CCc4sc(C5CC(F)(F)C5)nc4C3)CC2)s1,9.8
D3,CHEMBL5833755,C[C@@H](Oc1nc2c(s1)CCN(CC[C@H]1CC[C@H](NC(=O)c3cccc4nn(C)cc34)CC1)CC2)C(F)(F)F,9.8
D3,CHEMBL5795868,CCn1c(C(=O)N[C@H]2CC[C@H](CCN3CCc4ccc(OCC(F)F)nc4CC3)CC2)cccc1=O,9.8
D3,CHEMBL5832379,Cn1cc(CC(=O)N[C@H]2CC[C@H](CCN3CCc4ccc(OCC(F)F)nc4CC3)CC2)c(F)n1,9.8
D3,CHEMBL5956284,Cc1ncc(CC(=O)N[C@H]2CC[C@H](CCN3CCc4nc(OCC(C)(F)F)sc4CC3)CC2)cn1,9.8
D3,CHEMBL5822791,Cn1ncc(CC(=O)NC23CCC(CCN4CCc5nc(OCC(F)(F)F)sc5CC4)(CC2)CC3)n1,9.8
D3,CHEMBL5749531,Cc1ncc(/C=C/C(=O)NC23CCC(CCN4CCc5nc(OCC(F)(F)F)sc5CC4)(CC2)CC3)cn1,9.8
D3,CHEMBL5927410,Cc1nc(CC(=O)N[C@H]2CC[C@](F)(CCN3CCc4ccc(CCC(F)(F)F)nc4CC3)CC2)nn1C,9.8
D3,CHEMBL6037525,Cc1nnc(CC(=O)N[C@H]2CC[C@H](CCN3CCc4nc(O[C@@H](C)C(F)(F)F)sc4CC3)CC2)o1,9.8
D3,CHEMBL6017765,Cc1nnc(CC(=O)N[C@H]2CC[C@](F)(CCN3CCc4nc(OCC(F)(F)C(F)F)sc4CC3)CC2)o1,9.8
D3,CHEMBL1689006,O=C(NCCCCN1CCN(c2ccccc2OCCF)CC1)c1ccc(-c2ccsc2)cc1.O=C(O)C(=O)O,9.77
D3,CHEMBL2396663,C#CC1=CC[C@@H](N(CCC)CCCCNC(=O)c2ccc(-c3ccccc3)cc2)CC1,9.77
D3,CHEMBL5954589,Cc1cnc(CC(=O)N[C@H]2CC[C@H](CCN3CCc4sc(C5CC(F)(F)C5)nc4C3)CC2)o1,9.77
D3,CHEMBL5989101,Cc1nc(CC(=O)N[C@H]2CC[C@H](CCN3CCc4sc(C5CC(F)(F)C5)nc4C3)CC2)no1,9.77
D3,CHEMBL6036731,Cc1nnc(CC(=O)N[C@H]2CC[C@H](CCN3CCc4ccc(OCC(F)F)nc4CC3)CC2)o1,9.77
D3,CHEMBL5739820,Cc1ncc(/C=C/C(=O)N[C@H]2CC[C@H](CCN3CCc4ccc(OCC(F)F)nc4CC3)CC2)cn1,9.77
D3,CHEMBL6050432,Cn1cc2c(C(=O)N[C@H]3CC[C@H](CCN4CCc5sc(OCC(C)(F)F)nc5C4)CC3)c(F)ccc2n1,9.77
D3,CHEMBL5843538,Cc1ncc(CC(=O)N[C@H]2CC[C@H](CCN3CCc4nc(OCC(F)(F)F)sc4CC3)CC2)cn1,9.77
D3,CHEMBL6055626,CC[C@@H](C)Oc1ccc2c(n1)CCN(CC[C@H]1CC[C@H](NC(=O)Cc3cnn(C)n3)CC1)CC2,9.77
D3,CHEMBL5825727,Cc1ncc(CC(=O)NC2CC3CCC(C2)N3CCN2CCc3sc(OCC(F)(F)F)nc3C2)s1,9.77
D3,CHEMBL5881419,Cn1cc(CC(=O)N[C@H]2CC[C@H](CCN3CCc4nc(OCC(F)(F)F)sc4CC3)CC2)c(F)n1,9.77
D3,CHEMBL5882744,Cn1ncc(CC(=O)N[C@H]2CC[C@H](CCN3CCc4nc(OCC(C)(F)F)sc4CC3)CC2)c1F,9.77
D3,CHEMBL5784850,Cc1cnc(OCC(=O)N[C@H]2CC[C@](F)(CCN3CCc4nc(OCC(F)(F)F)sc4CC3)CC2)cn1,9.77
D3,CHEMBL5941641,Cn1c(C(=O)NC23CCC(CCN4CCc5nc(OCC(F)(F)F)sc5CC4)(CC2)CC3)cccc1=O,9.77
D3,CHEMBL3597644,COc1ccc2[nH]c(C(=O)NCCCCN3CCN(c4cccc5ccccc45)CC3)cc2c1,9.76
D3,CHEMBL4093656,O=C(NCCCCN1CCN(c2cccc(Cl)c2Cl)CC1)c1cnc2ccccc2c1,9.76
D3,CHEMBL339960,O=C(NCCCCN1CCN(c2ccc(Cl)cc2Cl)CC1)c1cc2ccccc2[nH]1,9.74
D3,CHEMBL3133875,COc1ccccc1N1CCN(CCCCNC(=O)c2cc3cc(O)ccc3[nH]2)CC1.O=C(O)C(=O)O,9.74
D3,CHEMBL3920167,Cn1c(SCCCN2CC[C@]3(C[C@@H]3c3ccc(C(F)(F)F)cc3)C2)nnc1-c1cccc(-c2ncco2)c1,9.74
D3,CHEMBL3940712,O=C(NCc1ccccc1)N[C@H]1CC[C@H](CCN2CCN(c3nsc4ccccc34)CC2)CC1,9.74
D3,CHEMBL4476784,COc1ccc(OCCN2CCN(C(=O)c3cc4ccccc4[nH]3)CC2)cc1,9.74
D3,CHEMBL5425134,CCc1cccc(N2CCN(CC[C@H]3CC[C@H](NC(=O)NC)CC3)CC2)c1Cl,9.74
D3,CHEMBL5845180,Cn1c(SCCCN2C[C@@H]3CCN(c4ccc(F)cc4)[C@@H]3C2)nnc1C1CCCCC1,9.74
D3,CHEMBL5936034,Cn1cc2c(C(=O)N[C@H]3CC[C@H](CCN4CCc5sc([C@H]6C[C@@H](F)C6)nc5C4)CC3)cccc2n1,9.74
D3,CHEMBL5948707,Cn1cc2c(C(=O)N[C@H]3CC[C@H](CCN4CCc5ccc(OC6CCC(F)(F)C6)nc5CC4)CC3)cccc2n1,9.74
D3,CHEMBL5843878,Cn1cc(CC(=O)N[C@H]2CC[C@H](CCN3CCc4ccc(OCC(F)F)nc4CC3)CC2)cn1,9.74
D3,CHEMBL6035127,Cn1cc(OCC(=O)N[C@H]2CC[C@H](CCN3CCc4ccc(OCC(F)F)nc4CC3)CC2)cn1,9.74
D3,CHEMBL5745610,Cc1nnc(CC(=O)N[C@H]2CC[C@H](CCN3CCc4ccc(CCC(F)(F)F)nc4CC3)CC2)o1,9.74
D3,CHEMBL5881332,Cc1nc(CC(=O)N[C@H]2CC[C@H](CCN3CCc4ccc(CCC(F)(F)F)nc4CC3)CC2)no1,9.74
D3,CHEMBL5839093,Cn1ncc(CC(=O)N[C@H]2CC[C@](F)(CCN3CCc4nc(OCC(F)(F)F)sc4CC3)CC2)n1,9.74
D3,CHEMBL602065,CCCN(CCN1CCN(c2ccnc3ccccc23)CC1)[C@H]1CCc2c(O)cccc2C1,9.73
D3,CHEMBL424294,COc1ccccc1N1CCN(CCCCNC(=O)c2cc3ccccc3s2)CC1,9.72
D3,CHEMBL210567,COc1ccccc1N1CCN(CCCCNC(=O)c2cc3ccc2CCc2ccc(cc2)CC3)CC1,9.72
D3,CHEMBL392158,C=CCN1CCC[C@H]1CNC(=O)c1cc(CCCF)cc(OC)c1OC,9.72
D3,CHEMBL569977,CCCN(CCN1CCN(c2ccnc3ccccc23)CC1)[C@H]1CCc2c(cccc2OC)C1,9.72
D3,CHEMBL3929168,O=C(N[C@H]1CC[C@H](CCN2CCN(c3nsc4ccccc34)CC2)CC1)C1CCCCC1,9.72
D3,CHEMBL6046601,Cn1ncc(CC(=O)N[C@H]2CC[C@](F)(CCN3CCc4ccc(OCC(F)F)nc4CC3)CC2)n1,9.72
D3,CHEMBL6035987,Cn1ccc2c(C(=O)N[C@H]3CC[C@H](CCN4CCc5nc(OCC(C)(F)F)sc5CC4)CC3)cccc2c1=O,9.72
D3,CHEMBL6005077,Cn1cc(CC(=O)N[C@H]2CC[C@H](CCN3CCc4nc(OCC(F)F)sc4CC3)CC2)c(F)n1,9.72
D3,CHEMBL5943960,Cn1ncc(CC(=O)N[C@H]2CC[C@H](CCN3CCc4nc(OCC(F)F)sc4CC3)CC2)n1,9.72
D3,CHEMBL493,CC(C)C[C@H]1C(=O)N2CCC[C@H]2[C@]2(O)O[C@](NC(=O)[C@@H]3C=C4c5cccc6[nH]c(Br)c(c56)C[C@H]4N(C)C3)(C(C)C)C(=O)N12,9.7
D3,CHEMBL2112210,N#Cc1ccc2c(c1)[C@H]1CN(CCCCNC(=O)c3ccc(-c4ccc(N)cc4)cc3)C[C@@H]1CO2,9.7
D3,CHEMBL112705,CCN(Cc1ccc(C)cc1)Cc1ccc(-c2cc(S(=O)(=O)CC)ccc2OC)[nH]1,9.7
D3,CHEMBL73665,COc1ccccc1N1CCN(CCCCNC(=O)c2ccc(-c3ccc(N)cc3)cc2)CC1,9.7
D3,CHEMBL69271,CCCN1CCO[C@@H]2c3cc(O)ccc3CC[C@H]21,9.7
D3,CHEMBL135044,O=C(O)C(=O)O.Oc1ccc2c(c1)O[C@@H](CN1CCc3ccccc3C1)CC2,9.7
D3,CHEMBL58669,CCCN(CCCCNC(=O)c1ccc(-c2ccccc2)cc1)C1CCc2c(O)cccc2C1,9.7
D3,CHEMBL484358,C#CC1=CCC(N(CCC)CCCCNC(=O)c2ccc(-c3ccccc3)cc2)CC1,9.7
D3,CHEMBL726,OCCN1CCN(CCCN2c3ccccc3Sc3ccc(C(F)(F)F)cc32)CC1,9.7
D3,CHEMBL1403281,CC(C)C[C@H]1C(=O)N2CCC[C@H]2[C@]2(O)O[C@](NC(=O)[C@@H]3C=C4c5cccc6[nH]cc(c56)C[C@H]4N(C)C3)(C(C)C)C(=O)N12,9.7
D3,CHEMBL3322994,O=C(NCCCCN1CCN(c2cccc(Cl)c2Cl)CC1)c1cn2ccccc2n1,9.7
D3,CHEMBL3358104,O=C(NCCCCN1CCN(c2cccc(C(F)(F)F)c2)CC1)c1cc2ccccc2[nH]1,9.7
D3,CHEMBL3759491,O=C(NCCCCN1CCN(c2cccc(O)c2)CC1)c1ccc2ccccc2c1,9.7
D3,CHEMBL3774431,Cn1c(SCCCN2CC3CCN(c4ccc(F)cc4)C3C2)nnc1C1CCCCC1,9.7
D3,CHEMBL3774462,Cn1c(SCCCN2CC3CCN(c4ccc(C(F)(F)F)cc4)C3C2)nnc1C1CCCC1,9.7
D3,CHEMBL3774425,Cn1c(SCCCN2CC3CCN(c4cccc(C(F)(F)F)c4)C3C2)nnc1-c1cnccn1,9.7
D3,CHEMBL4567895,COc1ccccc1N1CCN(CCCCNC(=O)c2ccc(-c3ccsc3)cc2)CC1,9.7
D3,CHEMBL4552939,CCc1cccc(N2CCN(CCC(O)CNC(=O)c3cc4ccccc4[nH]3)CC2)c1Cl,9.7
D3,CHEMBL5821204,Cn1cc(CC(=O)N[C@H]2CC[C@H](CCN3CCc4nc(OCC(F)(F)F)sc4CC3)CC2)cn1,9.7
D3,CHEMBL5882421,COc1cc(CC(=O)N[C@H]2CC[C@H](CCN3CCc4nc(OCC(F)(F)F)sc4CC3)OC2)on1,9.7
D3,CHEMBL5948904,Cn1cc2c(C(=O)N[C@H]3CC[C@H](CCN4CCc5sc(OCC(C)(F)F)nc5C4)CC3)ccc(F)c2n1,9.7
D3,CHEMBL5953330,Cc1ncc(CC(=O)N[C@H]2CC[C@H](CCN3CCc4sc(CCC(F)(F)F)nc4C3)CC2)o1,9.7
D3,CHEMBL5907030,Cn1cc2c(C(=O)N[C@H]3CC[C@H](CCN4CCc5nc(OCC(F)F)sc5CC4)CC3)cccc2n1,9.7
D3,CHEMBL6047140,Cn1cc2c(CC(=O)N[C@H]3CC[C@H](CCN4CCc5ccc(OCC(F)F)nc5CC4)CC3)cccc2n1,9.7
D3,CHEMBL6050605,Cn1cc2c(CC(=O)N[C@H]3CC[C@H](CCN4CCc5nc(OCC(F)(F)F)sc5CC4)CC3)cccc2n1,9.7
D3,CHEMBL5811972,Cc1ncc(CC(=O)N[C@H]2CC[C@H](CCN3CCN(c4nocc4C(C)(F)F)CC3)CC2)s1,9.7
D3,CHEMBL5913015,Cc1ncc(OCC(=O)N[C@H]2CC[C@H](CCN3C[C@@H]4C[C@]4(c4cc(C(C)(F)F)on4)C3)CC2)cn1,9.7
D3,CHEMBL5961550,Cn1cc2c(C(=O)N[C@H]3CC[C@H](CCN4CC5CC5(c5cc(C6CC6)on5)C4)CC3)cccc2n1,9.7
D3,CHEMBL5889410,CN1Cc2c(C(=O)N[C@H]3CC[C@H](CCN4CCc5sc(OC6CC(F)(F)C6)nc5C4)CC3)cccc2C1=O,9.7
D3,CHEMBL6007515,Cc1nc(CC(=O)N[C@H]2CC[C@](F)(CCN3CCc4ccc(OCC(F)F)nc4CC3)CC2)no1,9.7
D3,CHEMBL5906276,Cc1cc(OCC(=O)N[C@H]2CC[C@H](CCN3CCc4nc(OCC(C)(F)F)sc4CC3)CC2)no1,9.7
D3,CHEMBL5839464,Cn1cc2c(C(=O)NN3CCC(CCN4CCc5sc(OCC(F)(F)F)nc5C4)CC3)ccc(F)c2n1,9.7
D3,CHEMBL5878716,Cc1nnc(CC(=O)NC23CCC(CCN4CCc5nc(OCC(F)(F)F)sc5CC4)(CC2)CC3)o1,9.7
D3,CHEMBL2112607,COc1cccc(C(=O)NC2CC3CCCC(C2)N3Cc2ccc(F)cc2)c1OC,9.68
D3,CHEMBL102582,CCCN1CCOC2c3cc(O)ccc3CCC21,9.68
D3,CHEMBL379602,COc1ccccc1N1CCN(Cc2cnn(-c3ccccc3)c2)CC1,9.68
D3,CHEMBL1771109,COc1ccccc1N1CCN(CCCCN2CCc3cc(-c4ccco4)ccc3C2=O)CC1,9.68
D3,CHEMBL3577346,CCCCn1cc(CCCOc2ccc(C(=O)NCCCCN(CCC)[C@H]3CCc4c(O)cccc4C3)cc2OC)nn1,9.68
D3,CHEMBL3979523,CC(=O)c1ccc(-c2nnc(SCCCN3CC[C@]4(C[C@@H]4c4ccc(C(F)(F)F)cc4)C3)n2C)cc1,9.68
D3,CHEMBL3956720,O=C(N[C@H]1CC[C@H](CCN2CCN(c3nsc4ccccc34)CC2)CC1)C1CC1,9.68
D3,CHEMBL5433284,CNC(=O)N[C@H]1CC[C@H](CCN2CCN(c3cccc(Cl)c3Cl)CC2)CC1,9.68
D3,CHEMBL6022369,Cn1cc2c(C(=O)N[C@H]3CC[C@H](CCN4CCN(c5nocc5C(C)(F)F)CC4)CC3)cccc2n1,9.68
D3,CHEMBL5896571,COc1cc(CC(=O)N[C@H]2CC[C@H](CCN3CCc4ccc(CCC(F)(F)F)nc4CC3)CC2)on1,9.68
D3,CHEMBL5948489,Cc1nc(CC(=O)N[C@H]2CC[C@H](CCN3CCc4ccc(CCC(F)(F)F)nc4CC3)CC2)nn1C,9.68
D3,CHEMBL5849237,Cn1ncc(CC(=O)N[C@H]2CC[C@H](CCN3CCc4nc(OCC(F)F)sc4CC3)CC2)c1F,9.68
D3,CHEMBL289330,CCN1CCC[C@H]1CNC(=O)c1cc(Br)cc(OC)c1OC,9.66
D3,CHEMBL3920432,CCCS(=O)(=O)N[C@H]1CC[C@H](CCN2CCN(c3nsc4ccccc34)CC2)CC1,9.66
D3,CHEMBL5937229,Cc1ncc(CC(=O)N[C@H]2CC[C@](F)(CCN3CCc4nc(OCC(F)(F)F)sc4CC3)CC2)o1,9.66
D3,CHEMBL5904436,Cn1cc2c(C(=O)N[C@H]3CC[C@H](CCN4CCC(c5nocc5C(F)(F)C5CC5)CC4)CC3)cccc2n1,9.66
D3,CHEMBL5978733,Cn1cc(OCC(=O)N[C@H]2CC[C@](F)(CCN3CCc4nc(OCC(C)(F)F)sc4CC3)CC2)cn1,9.66
D3,CHEMBL5851268,Cn1cc2c(C(=O)N[C@H]3CC[C@H](CCN4CCc5ccc(OC6CCC6)nc5CC4)CC3)cccc2n1,9.66
D3,CHEMBL5927481,COC(CN1CCc2sc(OCC(F)(F)F)nc2C1)[C@H]1CC[C@H](NC(=O)c2cccc3nn(C)cc23)CC1,9.66
D3,CHEMBL5948945,Cn1cc(CC(=O)N[C@H]2CC[C@H](CCN3CCc4ccc(CCC(F)(F)F)nc4CC3)CC2)cn1,9.66
D3,CHEMBL5965553,Cn1c(C(=O)N[C@H]2CC[C@H](CCN3CCc4ccc(CCC(F)(F)F)nc4CC3)CC2)cccc1=O,9.66
D3,CHEMBL1928128,COc1ccccc1N1CCN(CCCCNC(=O)c2ccc(COCCOCCOCCOCCOCCOCc3ccc(C(=O)NCCCCN4CCN(c5ccccc5OC)CC4)cc3)cc2)CC1,9.64
D3,CHEMBL5821968,CN1Cc2c(C(=O)N[C@H]3CC[C@H](CCN4CCc5sc(CCC(F)(F)F)nc5C4)CC3)cccc2C1=O,9.64
D3,CHEMBL5828638,CCc1cc([C@]23C[C@H]2CN(CC[C@H]2CC[C@H](NC(=O)Cc4cc(C)no4)CC2)C3)no1,9.64
D3,CHEMBL6057434,Cn1cc(CC(=O)N[C@H]2CC[C@](F)(CCN3CCc4ccc(OCC(F)F)nc4CC3)CC2)cn1,9.64
D3,CHEMBL6017904,Cc1ncc(CC(=O)N[C@H]2CC[C@H](CCN3CCc4ccc(CCC(F)(F)F)nc4CC3)CC2)o1,9.64
D3,CHEMBL5865544,Cc1nc(CC(=O)N[C@H]2CC[C@](F)(CCN3CCc4nc(OCC(F)(F)F)sc4CC3)CC2)nn1C,9.64
D3,CHEMBL6037816,Cn1cc2c(C(=O)NC34CCC(CCN5CCc6nc(OCC(F)(F)F)sc6CC5)(CC3)OC4)cccc2n1,9.64
D3,CHEMBL5796343,Cc1cnc(CC(=O)NC23CCC(CCN4CCc5ccc(OCC(C)(F)F)nc5CC4)(CC2)CC3)o1,9.64
D3,CHEMBL5904843,C[C@H](Oc1nc2c(s1)CCN(CC[C@H]1CC[C@H](NC(=O)c3cccc(=O)n3C)CC1)CC2)C(F)(F)F,9.64
D3,CHEMBL300780,O=C(NCCCCN1CCN(c2cccc(Cl)c2Cl)CC1)c1ccc2c(c1)Cc1ccccc1-2,9.63
D3,CHEMBL3589652,O=C(NCCC(O)CN1CCN(c2cccc(Cl)c2Cl)CC1)c1ccc2c(c1)-c1ccccc1C2,9.63
D3,CHEMBL2397479,C#CC1=CC[C@H](N(CCC)CCCCNC(=O)c2cc3ccccc3s2)CC1,9.62
D3,CHEMBL3970746,O=C(N[C@H]1CC[C@H](CCN2CCN(c3nsc4cc([N+](=O)[O-])ccc34)CC2)CC1)c1ccco1,9.62
D3,CHEMBL5740838,Cn1cc2c(C(=O)N[C@H]3CC[C@H](CCN4CCc5nc(OC6CC(F)(F)C6)sc5CC4)CC3)cccc2n1,9.62
D3,CHEMBL5866064,Cn1cc2c(C(=O)N[C@H]3CC[C@H](CCN4CCc5sc(OCC(C)(F)F)nc5C4)CC3)cccc2n1,9.62
D3,CHEMBL5808335,Cc1ncc(CC(=O)N[C@H]2CC[C@H](CCN3CCc4ccc(CCC(F)(F)F)nc4CC3)CC2)s1,9.62
D3,CHEMBL5743403,Cc1nc(CC(=O)N[C@H]2CC[C@H](CCN3CCc4ccc(CCC(F)(F)F)nc4CC3)CC2)cs1,9.62
D3,CHEMBL5901485,Cn1cc2c(C(=O)NN3CCC(CCN4C[C@@H]5C[C@]5(c5cc(C(C)(F)F)on5)C4)CC3)cccc2n1,9.62
D3,CHEMBL5993109,Cn1c(C(=O)N[C@H]2CC[C@H](CCN3CCc4nc(OCC(C)(F)F)sc4CC3)CC2)cccc1=O,9.62
D3,CHEMBL5740003,Cn1c(C(=O)N[C@H]2CC[C@H](CCN3CCc4nc(OCC(F)(F)F)sc4CC3)CC2)ccc(F)c1=O,9.62
D3,CHEMBL218444,COc1ccccc1N1CCN(CCCCNC(=O)c2cc3cc(Br)ccc3[nH]2)CC1,9.61
D3,CHEMBL3596212,O=C(NCCCCN1CCN(c2cccc3ccccc23)CC1)c1cc2ccccc2o1,9.61
D3,CHEMBL4519938,CCc1cccc(N2CCN(C[C@H](O)CCNC(=O)c3cc4ccccc4[nH]3)CC2)c1Cl,9.61
D3,CHEMBL138998,CCCN(CCCCN1C(=O)CC2(CCCC2)CC1=O)[C@@H]1CCc2c(F)cccc2C1,9.6
D3,CHEMBL112735,CCN(Cc1ccc(OC)cc1)Cc1ccc(-c2cc(S(=O)(=O)CC)ccc2OC)[nH]1,9.6
D3,CHEMBL218638,COc1ccccc1N1CCN(CCCCNC(=O)c2cc3ccc(C#N)cc3[nH]2)CC1,9.6
D3,CHEMBL1085903,O=C1N(CC2CCCCN2)CCN1c1cccc(C(F)(F)F)c1,9.6
D3,CHEMBL1081587,Cc1ncoc1-c1nnc(SCCCN2CC3CC3(c3ccc(F)c(C(F)(F)F)c3)C2)n1C,9.6
D3,CHEMBL1081685,Cc1ccc2c(-c3nnc(SCCCN4C[C@@H]5C[C@]5(c5ccc(C(F)(F)F)cc5)C4)n3C)cccc2n1,9.6
D3,CHEMBL1081746,Cc1nc(C)c(-c2nnc(SCCCN3C[C@@H]4C[C@]4(c4ccc(C(F)(F)F)cc4)C3)n2C)s1,9.6
D3,CHEMBL1254947,CCCN(CCN1CCN(c2ccc(-c3ccccc3)cc2)CC1)C1CCc2c(O)cccc2C1,9.6
D3,CHEMBL1771107,COc1ccccc1N1CCN(CCCCN2CCc3cc(-c4ccccc4)ccc3C2=O)CC1,9.6
D3,CHEMBL1771253,Cc1nc(C)c(-c2nnc(SCCCN3CCC4(c5ccc(C(F)(F)F)cc5)CC34)n2C)s1,9.6
D3,CHEMBL4571568,N#Cc1ccccc1N1CCN(CCCCNC(=O)c2ccc(-c3ccsc3)cc2)CC1,9.6
D3,CHEMBL5408223,CCc1cccc(N2CCN(CC[C@H]3CC[C@H](NC(=O)COC)CC3)CC2)c1Cl,9.6
D3,CHEMBL5822807,Cc1ncc(CC(=O)N[C@H]2CC[C@H](CCN3CCc4cc(C)c(OCC(F)F)nc4CC3)OC2)s1,9.6
D3,CHEMBL5898619,Cn1cc2c(C(=O)N[C@H]3CC[C@H](CCN4CCc5ccc(OC6CC(F)(F)C6)nc5CC4)CC3)cccc2n1,9.6
D3,CHEMBL6062397,Cc1nc(CC(=O)N[C@H]2CC[C@](F)(CCN3CCc4nc(OCC(F)(F)F)sc4CC3)CC2)no1,9.6
D3,CHEMBL5886490,O=C(CCC(F)(F)F)N[C@H]1CC[C@H](CCN2CCc3sc(N4CC(F)(F)C4)nc3C2)CC1,9.6
D3,CHEMBL5852484,Cc1ncc(CC(=O)N[C@H]2CC[C@H](CCN3CCc4cc(C)c(OCC(F)F)nc4CC3)CC2)s1,9.6
D3,CHEMBL5944584,Cc1ncccc1C(=O)N[C@H]1CC[C@H](CCN2C[C@@H]3C[C@]3(c3cc(C(C)(F)F)on3)C2)CC1,9.6
D3,CHEMBL5938589,Cc1cc(OCC(=O)N[C@H]2CC[C@](F)(CCN3CCc4ccc(OCC(F)F)nc4CC3)CC2)no1,9.6
D3,CHEMBL1627321,O=C(NCC(O)CCN1CCN(c2cccc(Cl)c2Cl)CC1)c1cc2ccccc2[nH]1,9.59
D3,CHEMBL2152747,CCCN(CCN1CCN(C(=O)c2cc3ccccc3[nH]2)CC1)[C@H]1CCc2nc(N)sc2C1,9.59
D3,CHEMBL2152746,CCCN(CCN1CCN(C(=O)c2cc3ccccc3[nH]2)CC1)C1CCc2nc(N)sc2C1,9.59
D3,CHEMBL5417351,NC(=O)N[C@H]1CC[C@H](CCN2CCN(c3cccc(Cl)c3Cl)CC2)CC1,9.59
D3,CHEMBL5873012,Cc1cnc(CC(=O)N[C@H]2CC[C@](F)(CCN3CCc4nc(OCC(C)(F)F)sc4CC3)CC2)o1,9.59
D3,CHEMBL5927126,Cc1c(F)cccc1C(=O)N[C@H]1CC[C@H](CCN2CCc3nc(OCC(C)(F)F)sc3CC2)OC1,9.59
D3,CHEMBL5856123,CC[C@@H](C)Oc1ccc2c(n1)CCN(CC[C@]1(F)CC[C@@H](NC(=O)Cc3nnc(C)s3)CC1)CC2,9.59
D3,CHEMBL5911170,O=C(N[C@H]1CC[C@H](CCN2CCc3ccc(OCC(F)F)nc3CC2)CC1)c1cccnc1C(F)F,9.59
D3,CHEMBL267932,CN1CN(c2ccccc2)C2(CCN(CCCC(=O)c3ccc(F)cc3)CC2)C1=O,9.58
D3,CHEMBL3950540,Cn1c(SCCCN2CC[C@]3(C[C@@H]3c3ccc(C(F)(F)F)cc3)C2)nnc1-c1ccc(C#N)cc1,9.58
D3,CHEMBL461236,O=C(NCCCCN1CCN(c2cccc(Cl)c2)CC1)c1cc2ccccc2cn1,9.57
D3,CHEMBL477206,COc1ccccc1N1CCN(CCCCN2CCCc3ccccc3C2=O)CC1,9.57
D3,CHEMBL1771105,COc1ccc2c(c1)CCCN(CCCCN1CCN(c3ccccc3OC)CC1)C2=O,9.57
D3,CHEMBL3913691,O=C(N[C@H]1CC[C@H](CCN2CCN(c3nsc4ccccc34)CC2)CC1)C(F)(F)F,9.57
D3,CHEMBL5993265,Cc1nnc(CC(=O)N[C@H]2CC[C@H](CCN3CCc4nc(OC5CC(F)(F)C5)sc4CC3)CC2)o1,9.57
D3,CHEMBL5982122,Cc1ncc(/C=C/C(=O)N[C@H]2CC[C@](F)(CCN3CCc4nc(OCC(F)(F)F)sc4CC3)CC2)cn1,9.57
D3,CHEMBL3958201,Cn1c(SCCCN2CC[C@]3(C[C@@H]3c3ccc(C(F)(F)F)cc3)C2)nnc1C1CCCCC1,9.56
D3,CHEMBL836,CCOc1ccccc1OCCN[C@H](C)Cc1ccc(OC)c(S(N)(=O)=O)c1,9.55
D3,CHEMBL68740,O=C(NCCCCN1CCN(c2cccc(Cl)c2Cl)CC1)c1cc2cc(F)ccc2[nH]1,9.55
D3,CHEMBL374749,O=C(NCCCCN1CCN(c2ccccc2Cl)CC1)c1ccc(-c2ccccc2)cc1,9.55
D3,CHEMBL4865434,CCCN1CCC[C@H]1CNC(=O)c1c(O)c(CC)cc(Cl)c1OC,9.55
D3,CHEMBL6009540,Cc1ncc(CC(=O)N[C@H]2CC[C@H](CCN3C[C@@H]4C[C@]4(c4cc(C(C)(F)F)on4)C3)CC2)o1,9.55
D3,CHEMBL6031878,Cc1ncccc1C(=O)N[C@H]1CC[C@H](CCN2CCc3ccc(OCC(F)F)nc3CC2)CC1,9.55
D3,CHEMBL5822480,Cn1ncc(CC(=O)N[C@H]2CC[C@](F)(CCN3CCc4nc(OCC(F)(F)F)sc4CC3)CC2)c1F,9.55
D3,CHEMBL1771111,COc1ccccc1N1CCN(CCCCN2CCCc3cc(-c4cccs4)ccc3C2=O)CC1,9.54
D3,CHEMBL297302,O=C(CCCN1CCC(n2c(=O)[nH]c3ccccc32)CC1)c1ccc(F)cc1,9.54
D3,CHEMBL5415846,CCc1cccc(N2CCN(CC[C@H]3CC[C@H](NC(=O)N(C)C)CC3)CC2)c1Cl,9.54
D3,CHEMBL5404807,CCc1cccc(N2CCN(CC[C@H]3CC[C@H](NC(=O)N4CCc5ncccc5C4)CC3)CC2)c1Cl,9.54
D3,CHEMBL5828803,Cn1cc2c(C(=O)N[C@H]3CC[C@H](CCN4CCc5sc(N6CC(F)(F)C6)nc5C4)CC3)cccc2n1,9.54
D3,CHEMBL5829956,Cn1cc2c(C(=O)N[C@H]3CC[C@H](CCN4CCc5sc(CCC(F)(F)F)nc5C4)CC3)cccc2n1,9.54
D3,CHEMBL5754216,Cc1nnc(CC(=O)N[C@H]2CC[C@](F)(CCN3CCc4nc(OCC(C)(F)F)sc4CC3)CC2)s1,9.54
D3,CHEMBL5973867,Cc1nnc(CC(=O)N[C@H]2CC[C@H](CCN3CCc4ccc(CCC(F)(F)F)nc4CC3)CC2)s1,9.54
D3,CHEMBL5806809,Cn1cc(CC(=O)N[C@H]2CC[C@](F)(CCN3CCc4nc(OCC(F)(F)F)sc4CC3)CC2)c(F)n1,9.54
D3,CHEMBL5740464,O=C(NC12CCC(CCN3CCc4nc(OCC(F)(F)F)sc4CC3)(CC1)CC2)c1cccnc1C(F)F,9.54
D3,CHEMBL25236,COc1ccccc1N1CCN(CCCCNC(=O)c2ccc3ccccc3c2)CC1,9.52
D3,CHEMBL179351,O=C(NC/C=C/CN1CCN(c2cccc(Cl)c2Cl)CC1)c1ccc(-c2ncc[nH]2)cc1,9.52
D3,CHEMBL110365,COc1ccccc1N1CCN(CCCCNC(=O)c2ccc3c(c2)Cc2ccccc2-3)CC1,9.52
D3,CHEMBL239923,O=C(NCCCCN1CCC(N(Cc2ccccc2)c2ccccc2)CC1)c1ccc2ccccc2c1,9.52
D3,CHEMBL1928132,COc1ccccc1N1CCN(CCCCNC(=O)c2ccc(COCCOCCOCCOCCOCCOCCOCCOCCOCc3ccc(C(=O)NCCCCN4CCN(c5ccccc5OC)CC4)cc3)cc2)CC1,9.52
D3,CHEMBL3323017,CC(C)(C)c1nc(N2CCN(CCCCNC(=O)c3cn4nc(Cl)ccc4n3)CC2)cc(C(F)(F)F)n1,9.52
D3,CHEMBL3323016,CC(C)(C)c1nc(N2CCN(CCCCNC(=O)c3cn4ccncc4n3)CC2)cc(C(F)(F)F)n1,9.52
D3,CHEMBL3358105,O=C(NCCCCN1CCN(c2ccccc2F)CC1)c1cc2ccccc2o1,9.52
D3,CHEMBL4071240,NC(=O)c1cccc(-c2cccc(OC(=O)NCCCCN3CCN(c4cccc(Cl)c4Cl)CC3)c2)c1,9.52
D3,CHEMBL6052229,Cn1cc2c(C(=O)N[C@H]3CC[C@H](CCN4C[C@@H]5C[C@]5(c5cc(C(C)(F)F)on5)C4)CC3)cccc2n1,9.52
D3,CHEMBL5991828,CCc1cc([C@]23C[C@H]2CN(CC[C@H]2CC[C@H](NC(=O)/C=C/c4cnc(C)nc4)CC2)C3)no1,9.52
D3,CHEMBL5916284,Cc1ncc(OCC(=O)N[C@H]2CC[C@](F)(CCN3CCc4ccc(OCC(F)F)nc4CC3)CC2)cn1,9.52
D3,CHEMBL5832778,Cc1ncc(CC(=O)N[C@H]2CC[C@H](CCN3CCc4nc(OCC(C)(F)F)sc4CC3)OC2)s1,9.52
D3,CHEMBL6026088,Cc1cc(CC(=O)N[C@H]2CC[C@H](CCN3CCc4ccc(OCC(F)F)nc4CC3)CC2)no1,9.52
D3,CHEMBL5862479,Cn1cc(CC(=O)N[C@H]2CC[C@H](CCN3CCc4nc(OCCC(F)(F)F)sc4CC3)CC2)cn1,9.52
D3,CHEMBL5881552,Cc1ncc(CC(=O)N[C@H]2CC[C@H](CCN3CCc4nc(OCC(F)F)sc4CC3)CC2)cn1,9.52
D3,CHEMBL394292,C#Cc1ccc(C(=O)NCCCCN2CCN(c3cccc(Cl)c3Cl)CC2)cc1,9.51
D3,CHEMBL3590080,CCCN(CCCCNC(=O)/C=C/c1ccc(F)cc1)C1Cc2ccccc2C1,9.51
D3,CHEMBL3613880,Clc1cccc(N2CCN(CCCCc3cn(-c4ccn5nccc5c4)nn3)CC2)c1Cl,9.51
D3,CHEMBL3938210,O=C(N[C@H]1CC[C@H](CCN2CCN(c3nsc4ccccc34)CC2)CC1)c1ccc[nH]1,9.51
D3,CHEMBL3903560,COCC(=O)N[C@H]1CC[C@H](CCN2CCN(c3nsc4ccccc34)CC2)CC1,9.51
D3,CHEMBL4064974,O=C(NCCCCN1CCN(c2ccccc2OCCF)CC1)c1cc2ccccn2n1,9.51
D3,CHEMBL4074669,O=C(NCCCCN1CCN(c2ccccc2OCC[18F])CC1)c1cc2ccccn2n1,9.51
D3,CHEMBL5395965,O=C(N[C@H]1CC[C@H](CCN2CCN(c3cccc(Cl)c3Cl)CC2)CC1)C1=CC2C=CC=CC2N1,9.51
D3,CHEMBL5745240,CC(C)C(=O)N[C@H]1CC[C@H](CCN2CCc3nc(OCC(F)(F)F)sc3CC2)CC1,9.51
D3,CHEMBL5825746,Cc1ncc(OCC(=O)N[C@H]2CC[C@](F)(CCN3CCc4ccc(OCC(F)(F)F)nc4CC3)CC2)cn1,9.51
D3,CHEMBL5881455,CC(F)(F)COc1nc2c(s1)CCN(CC[C@H]1CC[C@H](NC(=O)c3cccnc3C(F)F)CC1)CC2,9.51
D3,CHEMBL5947081,O=C(N[C@H]1CC[C@H](CCN2CCc3nc(OC4CC(F)(F)C4)sc3CC2)CC1)c1cccnc1C(F)F,9.51
D3,CHEMBL65280,N#Cc1ccc2c(c1)[C@H]1CN(CCCCNC(=O)c3ccc(-c4ccccc4)cc3)C[C@@H]1CO2,9.5
D3,CHEMBL21967,CCN(Cc1ccccc1)Cc1ccc(-c2cc(S(=O)(=O)CC)ccc2OC)[nH]1,9.5
D3,CHEMBL294747,COc1ccccc1N1CCN(CCCCNC(=O)c2ccc(-c3ccc(C(C)=O)cc3)cc2)CC1,9.5
D3,CHEMBL423671,COc1ccccc1N1CCN(CCCCNC(=O)c2ccc(-c3ccc(S(C)(=O)=O)cc3)cc2)CC1,9.5
D3,CHEMBL180010,O=C(NC/C=C/CN1CCN(c2cccc(Cl)c2Cl)CC1)c1ccc(-c2ccccn2)cc1,9.5
D3,CHEMBL1079824,Cc1ncoc1-c1nnc(SCCCN2C[C@@H]3C[C@]3(c3ccc(C(C)(C)C)cc3)C2)n1C,9.5
D3,CHEMBL3775737,Cn1c(SCCCN2CC3CCN(c4ccc(F)cc4)C3C2)nnc1C1CCOCC1,9.5
D3,CHEMBL3774895,Cn1c(SCCCN2CC3CCN(c4cccc(OC(F)(F)F)c4)C3C2)nnc1-c1cnccn1,9.5
D3,CHEMBL3959240,Cn1c(SCCCN2CC[C@]3(C[C@@H]3c3ccc(C(F)(F)F)cc3)C2)nnc1-c1ccc(S(N)(=O)=O)cc1,9.5
D3,CHEMBL125916,COc1ccccc1N1CCN(CCCCNC(=O)c2cc3ccccc3[nH]2)CC1,9.49
D3,CHEMBL4069145,COc1ccccc1N1CCN(CCCCOc2ccc3c(/C=N/O)cnn3c2)CC1,9.49
D3,CHEMBL6034513,Cn1cc(OCC(=O)N[C@H]2CC[C@H](CCN3CCc4sc(OCC(C)(F)F)nc4C3)CC2)cn1,9.49
D3,CHEMBL5838692,Cc1nnc(CC(=O)N[C@H]2CC[C@H](CCN3CCc4sc(C5CC(F)(F)C5)nc4C3)OC2)o1,9.49
D3,CHEMBL5833227,Cc1cnc(OCC(=O)N[C@H]2CC[C@](F)(CCN3CCc4ccc(OCC(F)F)nc4CC3)CC2)cn1,9.49
D3,CHEMBL5917993,Cc1ncc(OCC(=O)N[C@H]2CC[C@H](CCN3CCc4nc(OCC(F)F)sc4CC3)CC2)cn1,9.49
D3,CHEMBL5760835,Cn1ncc(CC(=O)N[C@H]2CC[C@](F)(CCN3CCc4ccc(CCC(F)(F)F)nc4CC3)CC2)n1,9.49
D3,CHEMBL5874683,O=C(N[C@H]1CC[C@H](CCN2CCc3nc(OCC(F)F)sc3CC2)CC1)c1cccnc1C(F)F,9.49
D3,CHEMBL126128,COc1ccccc1N1CCN(CCCCNC(=O)/C=C/c2ccccc2)CC1.O=C(O)C(=O)O,9.48
D3,CHEMBL1180430,COc1ccccc1N1CCN(CCCCNC(=O)/C=C/c2ccccc2)CC1,9.48
D3,CHEMBL3774463,Cn1c(SCCCN2CC3CCN(c4ccc(C(F)(F)F)cc4)C3C2)nnc1C1CCCCC1,9.48
D3,CHEMBL3926847,Cc1ncoc1-c1nnc(SCCCN2CC[C@@]3(C[C@H]3c3ccc(F)cc3F)C2)n1C,9.48
D3,CHEMBL4555307,CCc1cccc(N2CCN(CCCCNC(=O)c3cn4ccccc4n3)CC2)c1Cl,9.48
D3,CHEMBL4538230,CCCN(CCCCCc1ccc(O)c(O)c1)[C@H]1CCc2c(O)cccc2C1,9.48
D3,CHEMBL6038185,CCc1cccc(N2CCN(CCCCCNC(=O)c3cn4ccccc4n3)CC2)c1Cl,9.48
D3,CHEMBL5903653,Cn1cc2c(C(=O)N[C@H]3CC4(C3)C[C@](F)(CCN3CCc5nc(OCC(F)(F)F)sc5CC3)C4)cccc2n1,9.48
D3,CHEMBL5755574,Cn1cc(OCC(=O)N[C@H]2CC[C@H](CCN3CCc4ccc(CCC(F)(F)F)nc4CC3)CC2)cn1,9.48
D3,CHEMBL6062017,Cc1ncc(OCC(=O)N[C@H]2CC[C@](F)(CCN3CCc4ccc(OCC(C)(F)F)nc4CC3)CC2)cn1,9.48
D3,CHEMBL6050804,C[C@@H](Oc1ccc2c(n1)CCN(CC[C@]1(F)CC[C@@H](NC(=O)Cc3cnn(C)n3)CC1)CC2)C(F)(F)F,9.48
D3,CHEMBL338606,COc1ccccc1N1CCN(CCCCNC(=O)/C=C/c2ccc(F)cc2)CC1,9.47
D3,CHEMBL3084516,O[C@]1(c2ccc(Cl)c(Cl)c2)C[C@H]2CC[C@@H](C1)N2Cc1coc2ccccc12,9.47
D3,CHEMBL1928137,COc1ccccc1N1CCN(CCCCNC(=O)c2cnn3ccc(OCCOCCOCCOCCOc4ccn5ncc(C(=O)NCCCCN6CCN(c7ccccc7OC)CC6)c5c4)cc23)CC1,9.47
D3,CHEMBL3950254,Cn1c(SCCCN2CC[C@]3(C[C@@H]3c3ccc(C(F)(F)F)cc3)C2)nnc1-c1ccc(C(N)=O)nc1,9.47
D3,CHEMBL4521947,CCc1cc(Cl)c(OC)c(N2CCN(CCCCNC(=O)c3cc4ccccc4[nH]3)CC2)c1,9.47
D3,CHEMBL4293814,c1ccc(N2CCN(CCCOc3ccc4ccccc4c3)CC2)cc1,9.47
D3,CHEMBL5404054,CCc1cccc(N2CCN(CC[C@H]3CC[C@H](NC(=O)c4ccnc5ccccc45)CC3)CC2)c1Cl,9.47
D3,CHEMBL6061038,Cn1cc2c(C(=O)N[C@H]3CC[C@H](CCN4CCc5nc(O[C@H]6C[C@H](F)C6)sc5CC4)CC3)cccc2n1,9.47
D3,CHEMBL6051724,Cc1cnc(OCC(=O)N[C@H]2CC[C@H](CCN3CCc4sc(OCC(C)(F)F)nc4C3)CC2)cn1,9.47
D3,CHEMBL157293,C#CCN(CCCCN1CCN(c2ccccc2)CC1)C1CCc2ccc(O)cc2C1,9.46
D3,CHEMBL550222,CSc1ccccc1N1CCN(CCCCNC(=O)c2cc3ccccn3n2)CC1,9.46
D3,CHEMBL3597635,O=C(NCCCCN1CCN(c2cccc3ccccc23)CC1)c1cnc2ccccc2c1,9.46
D3,CHEMBL4063145,O=C1COc2c(N3CCN(CCCCOc4ccn5ncc(/C=N/O)c5c4)CC3)ccc(O)c2N1,9.46
D3,CHEMBL4451683,CCc1cccc(N2CCN(CC(O)CCNC(=O)c3cc4ccccc4[nH]3)CC2)c1Cl,9.46
D3,CHEMBL5966143,Cc1ncc(CC(=O)N[C@H]2CC[C@H](CCN3CCc4ccc(O[C@H](C)C(F)(F)F)nc4CC3)CC2)cn1,9.46
D3,CHEMBL5835478,Cc1ncc(CC(=O)NC23CCC(CCN4CCc5nc(OCC(F)(F)F)sc5CC4)(CC2)CC3)cn1,9.46
D3,CHEMBL218151,N#Cc1ccc2cc(C(=O)NCCCCN3CCN(c4cccc(Cl)c4Cl)CC3)[nH]c2c1,9.45
D3,CHEMBL108532,Nc1cccc(C#CCCN2CC=C(c3ccccc3)CC2)c1,9.44
D3,CHEMBL4471669,CCCCN1CCN(c2cccc(CC)c2Cl)CC1,9.44
D3,CHEMBL5398100,O=C(N[C@H]1CC[C@H](CCN2CCN(c3cccc(Cl)c3Cl)CC2)CC1)N1CCc2ncccc2C1,9.44
D3,CHEMBL5769559,Cc1nnc(CC(=O)N[C@H]2CC[C@](F)(CCN3CCc4nc(OCC(F)(F)F)sc4CC3)CC2)s1,9.44
D3,CHEMBL5887371,Cn1cc(CC(=O)N[C@H]2CC[C@H](CCN3C[C@@H]4C[C@]4(c4cc(C5CC5)on4)C3)CC2)cn1,9.44
D3,CHEMBL6062502,Cn1c(C(=O)N[C@H]2CC[C@](F)(CCN3CCc4ccc(OCC(F)F)nc4CC3)CC2)cccc1=O,9.44
D3,CHEMBL5768271,Cc1ncccc1C(=O)N[C@H]1CC[C@H](CCN2CCc3nc(OCC(C)(F)F)sc3CC2)CC1,9.44
D3,CHEMBL6055069,Cc1ncc(CC(=O)N[C@H]2CC[C@H](CCN3CCc4ccc(CCC(F)(F)F)nc4CC3)CC2)cn1,9.44
D3,CHEMBL5934939,Cn1ncc(CC(=O)N[C@H]2CC[C@H](CCN3CCc4ccc(CCC(F)(F)F)nc4CC3)CC2)c1F,9.44
D3,CHEMBL6005669,O=C(N[C@H]1CC[C@](F)(CCN2CCc3nc(OCC(F)(F)F)sc3CC2)CC1)c1cccnc1C(F)F,9.44
D3,CHEMBL221652,COc1ccccc1N1CCN(CCCCNC(=O)c2ccc(-c3cccc([18F])n3)cc2)CC1,9.43
D3,CHEMBL3084521,O[C@@]1(c2ccc(Cl)cc2)C[C@H]2CC[C@@H](C1)N2Cc1coc2ccc(F)cc12,9.43
D3,CHEMBL4584497,CCc1cccc(N2CCN(C[C@H](F)CCNC(=O)c3cc4ccccc4[nH]3)CC2)c1Cl,9.43
D3,CHEMBL6011325,Cn1cc2c(C(=O)N[C@H]3CC[C@H](CCN4CCc5sc(OCC(F)(F)F)nc5C4)CC3)cccc2n1,9.43
D3,CHEMBL5996343,Cn1cc2c(C(=O)N[C@H]3CC[C@H](CCN4CCc5sc(CCC(C)(F)F)nc5C4)CC3)cccc2n1,9.43
D3,CHEMBL5798273,CCC(F)(F)c1conc1C1(F)CCN(CC[C@H]2CC[C@H](NC(=O)Cc3cnc(C)s3)CC2)CC1,9.43
D3,CHEMBL6026396,Cc1ncccc1C(=O)N[C@H]1CC[C@H](CCN2CCc3nc(OC4CC(F)(F)C4)sc3CC2)CC1,9.43
D3,CHEMBL5922662,Cn1cc2ccc(C(=O)N[C@H]3CC[C@H](CCN4CCc5nc(OCC(C)(F)F)sc5CC4)OC3)cc2n1,9.43
D3,CHEMBL127311,COc1ccc(/C=C/C(=O)NCCCCN2CCN(c3ccccc3OC)CC2)cc1,9.42
D3,CHEMBL218368,C#Cc1ccc2cc(C(=O)NCCCCN3CCN(c4ccccc4OC)CC3)sc2c1,9.42
D3,CHEMBL126889,O=C(NCCCCN1CCN(c2ccc(Cl)cc2Cl)CC1)c1cc2cc(Cl)ccc2[nH]1,9.42
D3,CHEMBL6027584,Cn1cc2c(C(=O)NN3CCC(CCN4CCc5sc(OCC(C)(F)F)nc5C4)CC3)cccc2n1,9.42
D3,CHEMBL6012257,Cn1cc(CC(=O)N[C@H]2CC[C@H](CCN3CCc4ccc(CCC(F)(F)F)nc4CC3)CC2)c(F)n1,9.42
D3,CHEMBL5946198,Cc1ncc(/C=C/C(=O)N[C@H]2CC[C@H](CCN3CCc4ccc(CCC(F)(F)F)nc4CC3)CC2)cn1,9.42
D3,CHEMBL221397,C#Cc1ccc2sc(C(=O)NCCCCN3CCN(c4ccccc4OC)CC3)cc2c1,9.41
D3,CHEMBL3133871,COc1ccc2[nH]cc(C(=O)NCCCCN3CCN(c4ccccc4OCCF)CC3)c2c1.O=C(O)C(=O)O,9.41
D3,CHEMBL3597641,COc1c(Cl)cccc1N1CCN(CCCCNC(=O)c2cc3ccccc3[nH]2)CC1,9.41
D3,CHEMBL5956645,O=C(NCCCCN1CCN(c2cccc(Cl)c2Cl)CC1)N1CCN(c2ccccc2)CC1,9.41
D3,CHEMBL5925320,Cn1cc(OCC(=O)N[C@H]2CC[C@](F)(CCN3CCc4nc(OCC(F)(F)F)sc4CC3)CC2)cn1,9.41
D3,CHEMBL5882167,Cn1ncc(CC(=O)N[C@H]2CC[C@H](CCN3C[C@@H]4C[C@]4(c4cc(C(C)(F)F)on4)C3)CC2)n1,9.41
D3,CHEMBL5989971,Cc1ncccc1C(=O)NC12CCC(CCN3CCc4nc(OCC(F)(F)F)sc4CC3)(CC1)CC2,9.41
D3,CHEMBL431367,Oc1ccc2[nH]cc(CCCCN3CC=C(c4ccccc4)CC3)c2c1,9.4
D3,CHEMBL322070,CCN(Cc1ccc(Cl)cc1)Cc1ccc(-c2cc(S(=O)(=O)CC)ccc2OC)[nH]1,9.4
D3,CHEMBL420986,Oc1nc2c3c(ccc2[nH]1)CC[C@H](CNCc1ccccc1)O3,9.4
D3,CHEMBL71865,O=C(NC/C=C\CN1CCN(c2cccc(Cl)c2Cl)CC1)c1ccccc1,9.4
D3,CHEMBL69451,O=C(NCCCCN1CCN(c2cccc(Cl)c2Cl)CC1)c1ccc(-c2ccccn2)cc1,9.4
D3,CHEMBL195057,O=C(NC/C=C/CN1CCN(c2cccc(Cl)c2Cl)CC1)c1ccc(O)cc1,9.4
D3,CHEMBL241973,COc1ccccc1N1CCN(CCCCNC(=O)c2ccc(-c3ccccn3)cc2)CC1,9.4
D3,CHEMBL242600,COc1ccc(-c2nnc(SCCCN3CCc4ccc(-c5cc(C)on5)cc4CC3)n2C)cc1,9.4
D3,CHEMBL568801,CCCN(CCN1CCN(c2ccnc3ccccc23)CC1)C1CCc2c(cccc2OC)C1,9.4
D3,CHEMBL1080490,Cc1ncoc1-c1nnc(SCCCN2CC3CC3(c3ccc(Cl)cc3)C2)n1C,9.4
D3,CHEMBL1082106,Cc1ncoc1-c1nnc(SCCCN2CC3CC3(c3ccc(Br)cc3)C2)n1C,9.4
D3,CHEMBL3323015,CC(C)(C)c1nc(N2CCN(CCCCNC(=O)c3cn4cccnc4n3)CC2)cc(C(F)(F)F)n1,9.4
D3,CHEMBL3358493,Cc1cccc(N2CCN(CCCCNC(=O)c3cc4ccccc4o3)CC2)c1C,9.4
D3,CHEMBL3775338,Cc1ncoc1-c1nnc(SCCCN2CC3CCN(c4cc(Cl)cc(Cl)c4)C3C2)n1C,9.4
D3,CHEMBL3960785,CN(C)C(=O)N[C@H]1CC[C@H](CCN2CCN(c3nsc4ccccc34)CC2)CC1,9.4
D3,CHEMBL6012094,Cn1c(SCCCN2C[C@@H]3CCN(c4ccc(C(F)(F)F)cc4)[C@@H]3C2)nnc1C1CCCCC1,9.4
D3,CHEMBL6023248,Cc1cc2c(C(=O)N[C@H]3CC[C@H](CCN4CCc5nc(OCC(F)(F)F)sc5CC4)OC3)cccn2n1,9.4
D3,CHEMBL5926812,Cc1ncccc1C(=O)N[C@H]1CC[C@H](CCN2CCc3sc(OCC(C)(F)F)nc3C2)CC1,9.4
D3,CHEMBL5960354,Cn1cc2c(C(=O)N[C@H]3CC[C@H](CCN4CC5CC5(c5cc(C(F)F)on5)C4)CC3)cccc2n1,9.4
D3,CHEMBL4071868,CCCN(CCCCOc1ccc2c(/C=N/O)cnn2c1)[C@H]1CCc2c(O)cccc2C1,9.39
D3,CHEMBL4590192,O=C(NCCCCN1CCN(c2cccc(C(F)(F)F)c2)CC1)c1ccc(-c2ccsc2)cc1,9.39
D3,CHEMBL5838466,Cn1c(SCCCN2C[C@H]3CCN(c4ccc(C(F)(F)F)cc4)[C@H]3C2)nnc1C1CCCCC1,9.39
D3,CHEMBL6016582,Cn1cc2c(C(=O)NN3CCC(F)(CCN4CCc5sc(OCC(F)(F)F)nc5C4)CC3)cccc2n1,9.39
D3,CHEMBL6018527,Cn1ncc(CC(=O)N[C@H]2CC[C@](F)(CCN3CCc4ccc(OCC(F)F)nc4CC3)CC2)c1F,9.39
D3,CHEMBL5983413,Cc1cnc(CC(=O)N[C@H]2CC[C@](F)(CCN3CCc4ccc(CCC(F)(F)F)nc4CC3)CC2)o1,9.39
D3,CHEMBL76402,CCN1CCC[C@H]1CNC(=O)c1c(O)c(Br)cc(OC)c1OC,9.38
D3,CHEMBL3955505,Cc1ncoc1-c1nnc(SCCCN2CC[C@@]3(C[C@H]3c3ccc(C(F)(F)F)cc3F)C2)n1C,9.38
D3,CHEMBL3983121,Cc1ncoc1-c1nnc(SCCCN2CC[C@]3(C[C@H]3c3cc(Cl)cc(Cl)c3)C2)n1C,9.38
D3,CHEMBL5753470,CCc1cc([C@]23C[C@H]2CN(CC[C@H]2CC[C@H](NC(=O)c4ccc(F)c5nn(C)cc45)CC2)C3)no1,9.38
D3,CHEMBL5951267,Cn1cc2c(C(=O)N[C@H]3CC[C@](F)(CCN4C[C@@H]5C[C@]5(c5cc(C(C)(F)F)on5)C4)CC3)cccc2n1,9.38
D3,CHEMBL341134,COc1ccccc1N1CCN(CCCCNC(=O)/C=C/c2ccc(Br)cc2)CC1.O=C(O)C(=O)O,9.37
D3,CHEMBL1255588,CC(C)(C)[C@@]1(O)CCN2C[C@@H]3c4ccccc4CCc4cccc(c43)[C@H]2C1,9.37
D3,CHEMBL2397480,C#CC1=CC[C@@H](N(CCC)CCCCNC(=O)c2cc3ccccc3s2)CC1,9.37
D3,CHEMBL3133779,COc1ccccc1N1CCN(CCCCNC(=O)c2cc3cc(OCCF)ccc3[nH]2)CC1.O=C(O)C(=O)O,9.37
D3,CHEMBL4078348,CCCN(CCCCOc1ccn2nccc2c1)[C@H]1CCc2c(O)cccc2C1,9.37
D3,CHEMBL4861573,CCc1cc(Cl)c(OC)c(C(=O)NC[C@@H]2CCCN2)c1O.Cl,9.37
D3,CHEMBL5749296,Cc1ncccc1C(=O)N[C@H]1CC[C@](F)(CCN2CCc3nc(OCC(F)(F)F)sc3CC2)CC1,9.37
D3,CHEMBL5922306,Cc1ncc(OCC(=O)N[C@H]2CC[C@](F)(CCN3CCc4nc(OCC(F)(F)F)sc4CC3)CC2)cn1,9.37
D3,CHEMBL5790345,CC(F)(F)COc1nc2c(s1)CCN(CC[C@H]1CC[C@H](NC(=O)c3cnn4ccccc34)CC1)CC2,9.37
D3,CHEMBL5993200,Cc1ncccc1C(=O)N[C@H]1CC[C@H](CCN2CCc3ccc(CCC(F)(F)F)nc3CC2)CC1,9.37
D3,CHEMBL6023930,Cc1cnc(OCC(=O)N[C@H]2CC[C@H](CCN3CCc4ccc(CCC(F)(F)F)nc4CC3)CC2)cn1,9.37
D3,CHEMBL126725,COc1ccccc1N1CCN(CCCCNC(=O)/C=C/c2ccc(Cl)cc2)CC1.O=C(O)C(=O)O,9.36
D3,CHEMBL1627323,O=C(NC/C=C/CN1CCN(c2cccc(Cl)c2Cl)CC1)c1cc2ccccc2[nH]1,9.36
D3,CHEMBL569747,CCCN(CCN1CCN(c2cccc3ccccc23)CC1)C1CCc2ccc(O)cc2C1,9.36
D3,CHEMBL569322,CCCN(CCN1CCN(c2nccc3ccccc23)CC1)C1CCc2ccc(O)cc2C1,9.36
D3,CHEMBL1180455,COc1ccccc1N1CCN(CCCCNC(=O)/C=C/c2ccc(Cl)cc2)CC1,9.36
D3,CHEMBL225230,CCCN1CCc2cccc3c2[C@H]1Cc1ccc(O)c(O)c1-3,9.36
D3,CHEMBL1928130,COc1ccccc1N1CCN(CCCCNC(=O)c2ccc(COCCOCCOCCOCCOCCOCCOCc3ccc(C(=O)NCCCCN4CCN(c5ccccc5OC)CC4)cc3)cc2)CC1,9.36
D3,CHEMBL4583609,O=C(NCCCCN1CCN(c2cc(Cl)cc(Cl)c2)CC1)c1ccc(-c2ccsc2)cc1,9.36
D3,CHEMBL4873313,CCc1cc(Cl)c(OC)c(C(=O)NC[C@@H]2C[C@@H](OCCCCOc3ccc4c(c3)NC(=O)CC4)CN2)c1O,9.36
D3,CHEMBL5784542,Cn1cc(CC(=O)N[C@H]2CC[C@H](CCN3CCc4sc(OC5CCC(F)(F)C5)nc4C3)CC2)cn1,9.36
D3,CHEMBL5990865,CC(F)(F)COc1nc2c(s1)CCN(CC[C@H]1CC[C@H](NS(=O)(=O)c3cccc(F)c3)CC1)C2,9.36
D3,CHEMBL5949290,Cc1ncccc1C(=O)N[C@H]1CC[C@H](CCN2CCc3sc(OCC(F)(F)F)nc3C2)CC1,9.36
D3,CHEMBL5994848,Cc1ncc(CC(=O)N[C@H]2CC[C@](F)(CCN3CCc4nc(OCC(C)(F)F)sc4CC3)CC2)s1,9.36
D3,CHEMBL5744745,CCc1cc([C@]23C[C@H]2CN(CC[C@H]2CC[C@H](NC(=O)COc4cnc(C)nc4)CC2)C3)no1,9.36
D3,CHEMBL124612,COc1cc(Br)cc(C(=O)NC2CCN(Cc3ccc(F)cc3)CC2)c1OC,9.35
D3,CHEMBL221640,COc1ccccc1N1CCN(CCCCNC(=O)c2ccc(-c3ccc([18F])nc3)cc2)CC1,9.35
D3,CHEMBL252539,CCCN(CCN1CCN(c2cccc(Cl)c2Cl)CC1)C1CCc2c(O)cccc2C1,9.35
D3,CHEMBL4077536,O=C(NC[C@@H]1C[C@H]1CN1CCN(c2cccc(Cl)c2Cl)CC1)c1cc2ccccc2[nH]1,9.35
D3,CHEMBL4864320,CCCN1C[C@H](OCCCCOc2ccc3c(c2)NC(=O)CC3)C[C@H]1CNC(=O)c1c(O)c(CC)cc(Cl)c1OC,9.35
D3,CHEMBL6008861,Cc1nnc(CC(=O)N[C@H]2CC[C@](F)(CCN3CCc4ccc(OCC(F)(F)F)nc4CC3)CC2)o1,9.35
D3,CHEMBL5747557,CC(=O)N[C@H]1CC[C@H](CCN2CCc3nc(OCC(C)(F)F)sc3CC2)CC1,9.35
D3,CHEMBL5810837,Cn1cc(CC(=O)N[C@H]2CC[C@H](CCN3C[C@@H]4C[C@]4(c4cc(C(C)(F)F)on4)C3)CC2)cn1,9.35
D3,CHEMBL5878962,Cc1ncc(OCC(=O)N[C@H]2CC[C@H](CCN3C[C@@H]4C[C@]4(c4cc(C5CC5)on4)C3)CC2)cn1,9.35
D3,CHEMBL127912,COc1ccccc1N1CCN(CCCCNC(=O)/C=C/c2cccc(Cl)c2)CC1.O=C(O)C(=O)O,9.34
D3,CHEMBL341241,COc1ccccc1N1CCN(CCCCNC(=O)/C=C/c2ccc(C#N)cc2)CC1.O=C(O)C(=O)O,9.34
D3,CHEMBL209876,COc1c(Cl)cccc1N1CCN(CCCCNC(=O)c2cc3ccc2CCc2ccc(cc2)CC3)CC1,9.34
D3,CHEMBL218318,COc1ccccc1N1CCN(CCCCNC(=O)c2cc3cc(C#N)ccc3s2)CC1,9.34
D3,CHEMBL241169,C=CCN1CCC[C@H]1CNC(=O)c1cc(I)cc(OC)c1OC,9.34
D3,CHEMBL5980648,Cn1ncc(CC(=O)N[C@H]2CC[C@H](CCN3CCc4sc(OCC(C)(F)F)nc4C3)CC2)c1F,9.34
D3,CHEMBL5788692,Cc1nnc(CC(=O)N[C@H]2CC[C@](F)(CCN3CCc4ccc(OCC(F)F)nc4CC3)CC2)o1,9.34
D3,CHEMBL5882367,Cc1nnc(CC(=O)N[C@H]2CC[C@](F)(CCN3CCc4nc(OCC(F)F)sc4CC3)CC2)s1,9.34
D3,CHEMBL3970323,Cn1c(SCCCN2CC[C@]3(C[C@@H]3c3ccc(C(F)(F)F)cc3)C2)nnc1-c1cccc(C(N)=O)c1,9.33
D3,CHEMBL4579251,O=C(NCCCCN1CCN(c2cccc(O)c2)CC1)c1ccc(-c2ccsc2)cc1,9.33
D3,CHEMBL5792283,Cc1cc(CC(=O)N[C@H]2CC[C@H](CCN3CCc4nc(OCC(F)(F)F)sc4CC3)OC2)on1,9.33
D3,CHEMBL5815825,CCc1cc([C@]23C[C@H]2CN(CC[C@H]2CC[C@H](NC(=O)c4cccn5nccc45)CC2)C3)no1,9.33
D3,CHEMBL5989458,Cc1ncc(CC(=O)N[C@H]2CC[C@H](CCN3CCc4sc(OC5CC(F)(F)C5)nc4C3)CC2)o1,9.33
D3,CHEMBL6034991,Cc1cc2c(C(=O)N[C@H]3CC[C@](F)(CCN4CCc5nc(OCC(F)F)sc5CC4)CC3)cccn2n1,9.33
D3,CHEMBL5866375,Cc1ncc(OCC(=O)N[C@H]2CC[C@H](CCN3CCc4nc(OCC(C)(F)F)sc4CC3)OC2)cn1,9.33
D3,CHEMBL4097330,CCCN(CCCCOc1ccc2ccnn2c1)[C@H]1CCc2c(O)cccc2C1,9.32
D3,CHEMBL4515234,CCc1cccc(N2CCN(CC(F)CCNC(=O)c3cc4ccccc4[nH]3)CC2)c1Cl,9.32
D3,CHEMBL6058356,Cc1ncc(CC(=O)N[C@H]2CC[C@H](CCN3CCc4sc(OCC(C)(F)F)nc4C3)CC2)o1,9.32
D3,CHEMBL5905828,Cn1cc2c(C(=O)N[C@H]3CC[C@H](CCN4CCc5cnc(CCC(F)(F)F)nc5CC4)CC3)cccc2n1,9.32
D3,CHEMBL6031828,CCc1cc([C@]23C[C@H]2CN(CC[C@H]2CC[C@H](NC(=O)Cc4cnn(C)n4)CC2)C3)no1,9.32
D3,CHEMBL6062831,Cc1nnc(CC(=O)N[C@H]2CC[C@](F)(CCN3CCc4nc(OCC(C)(F)F)sc4CC3)CC2)o1,9.32
D3,CHEMBL5935197,Cn1cc(CC(=O)N[C@H]2CC[C@H](CCN3CCc4ccc(OC5CCC5)nc4CC3)CC2)cn1,9.32
D3,CHEMBL6011102,Cc1ncc(CC(=O)N[C@H]2CC[C@](F)(CCN3CCc4nc(OCC(F)(F)F)sc4CC3)CC2)cn1,9.32
D3,CHEMBL577073,CCCN(CCN1CCN(c2ccnc3ccccc23)CC1)[C@H]1CCc2nc(N)sc2C1,9.31
D3,CHEMBL4850300,CCc1cc(Cl)c(OC)c(C(=O)NC[C@@H]2C[C@@H](OCCCCNC(=O)c3cc4ccccc4o3)CN2)c1O,9.31
D3,CHEMBL5999618,Cc1ncc(CC(=O)N[C@H]2CC[C@H](CCN3CCc4sc(OCC(F)(F)F)nc4C(C)C3)CC2)s1,9.31
D3,CHEMBL5831775,Cc1ncc(OCC(=O)N[C@H]2CC[C@H](CCN3CCc4sc(C5CC(F)(F)C5)nc4C3)CC2)cn1,9.31
D3,CHEMBL5868052,Cc1nc(CC(=O)N[C@H]2CC[C@H](CCN3CCc4ccc(O[C@H](C)C(F)(F)F)nc4CC3)CC2)nn1C,9.31
D3,CHEMBL5945115,Cn1ncc(CC(=O)N[C@H]2CC[C@](F)(CCN3CCc4nc(OCC(C)(F)F)sc4CC3)CC2)n1,9.31
D3,CHEMBL5923691,Cn1ncc(CC(=O)N[C@H]2CC[C@](F)(CCN3CCc4nc(OCC(F)F)sc4CC3)CC2)n1,9.31
D3,CHEMBL5931698,Cc1ncc(OCC(=O)NC23CCC(CCN4CCc5nc(OCC(F)(F)F)sc5CC4)(CC2)OC3)cn1,9.31
D3,CHEMBL78800,O=C(N[C@H]1CC[C@H](CCN2CCN(c3ccccc3Cl)CC2)CC1)c1cccs1,9.3
D3,CHEMBL59725,O=C(NCCCCN1CCN(c2cccc(Cl)c2Cl)CC1)c1cc2ccccc2s1,9.3
D3,CHEMBL340712,COc1ccccc1N1CCN(CCCCNC(=O)/C=C/c2ccc(I)cc2)CC1,9.3
D3,CHEMBL126258,COc1ccccc1N1CCN(CCCCNC(=O)c2ccc(Cl)cc2)CC1.O=C(O)C(=O)O,9.3
D3,CHEMBL341542,COc1ccccc1N1CCN(CCCCNC(=O)/C=C/c2cccnc2)CC1.O=C(O)C(=O)O,9.3
D3,CHEMBL71960,COc1ccccc1N1CCN(CCCCNC(=O)c2ccc(Br)cc2)CC1,9.3
D3,CHEMBL134808,O=C(O)C(=O)O.Oc1ccc2c(c1)OC(CN1CCc3ccccc3C1)CC2,9.3
D3,CHEMBL416508,CCCN(CCCCNC(=O)c1ccc(-c2ccccc2)cc1)C1CCc2c(C#N)cccc2C1,9.3
D3,CHEMBL90433,CCCN(CCCCNC(=O)c1ccc(-c2ccccc2)cc1)C1CCc2nc(N)sc2C1,9.3
D3,CHEMBL179960,O=C(NCCCCN1CCN(c2cccc(Cl)c2Cl)CC1)c1ccc(-c2cccnc2)cc1,9.3
D3,CHEMBL390253,O=C(NCC(O)CCN1CCN(c2cccc(Cl)c2Cl)CC1)c1ccc(-c2ccccn2)cc1,9.3
D3,CHEMBL196514,C[C@H]1Oc2c(cccc2N2CCN(CCCc3c[nH]c4ccc(F)cc34)CC2)NC1=O,9.3
D3,CHEMBL1627322,COc1ccccc1N1CCN(CCC(O)CNC(=O)c2cc3ccccc3[nH]2)CC1,9.3
D3,CHEMBL1080126,Cc1ncoc1-c1nnc(SCCCN2CC3CC3(c3ccc(C(F)(F)F)c(F)c3)C2)n1C,9.3
D3,CHEMBL1081957,Cc1ncoc1-c1nnc(SCCCN2CC3CC3(c3cccc(C(F)(F)F)c3)C2)n1C,9.3
D3,CHEMBL1079639,Cc1ccoc1-c1nnc(SCCCN2C[C@@H]3C[C@]3(c3ccc(C(F)(F)F)cc3)C2)n1C,9.3
D3,CHEMBL1079481,Cc1ncoc1-c1nnc(SCCCN2CC3CC3(c3ccc(C(F)(F)F)cc3)C2)n1C,9.3
D3,CHEMBL1771114,C#Cc1ccc2c(c1)CCN(CCCCN1CCN(c3ccccc3OC)CC1)C2=O,9.3
D3,CHEMBL1928139,COc1ccccc1N1CCN(CCCCNC(=O)c2cnn3ccc(COCCOCCOCCOCCOCc4ccn5ncc(C(=O)NCCCCN6CCN(c7ccccc7OC)CC6)c5c4)cc23)CC1,9.3
D3,CHEMBL3759441,O=C1Cc2c(cccc2N2CCN(CCCCNC(=O)c3ccc4ccccc4c3)CC2)N1,9.3
D3,CHEMBL4099779,COc1cc2c(cc1OC)C(C)=C(C(=O)NCCCCN1CCN(c3ccccc3F)CC1)C2,9.3
D3,CHEMBL1201343,CCCN[C@H]1CCC2N=C(N)SC2C1,9.3
D3,CHEMBL4437341,N#Cc1cccc(N2CCN(CCCCNC(=O)c3ccc(-c4ccsc4)cc3)CC2)c1,9.3
D3,CHEMBL4799863,C[C@H]1CN(CC[C@H]2CC[C@H](NC(=O)N(C)C)CC2)CCc2ccc(Cl)cc21,9.3
D3,CHEMBL4846561,CCc1cc(Cl)c(OC)c(C(=O)NC[C@@H]2C[C@@H](OCCCCNC(=O)c3cc4ccccc4o3)CN2CC)c1O,9.3
D3,CHEMBL3182733,CCCN[C@H]1CCc2nc(N)sc2C1.Cl.Cl.O,9.3
D3,CHEMBL5799726,Cc1nc(CC(=O)N[C@H]2CC[C@H](CCN3CCc4ccc(OCC(F)(F)F)nc4CC3)OC2)no1,9.3
D3,CHEMBL6029159,Cn1cc2c(C(=O)NN3CCC(CCN4CCc5sc(OCC(F)(F)F)nc5C4)CC3)cccc2n1,9.3
D3,CHEMBL6027503,CN1Cc2c(C(=O)NC34CCC(CCN5CCc6nc(OCC(F)F)sc6CC5)(CC3)CC4)cccc2C1=O,9.3
D3,CHEMBL567286,N#[11C]c1cccc(N2CCN(CCN3CCC(C(F)(F)F)CC3)C2=O)c1,9.29
D3,CHEMBL5804011,Cn1c(SCCCN2C[C@H]3CCN(c4ccc(F)cc4)[C@H]3C2)nnc1-c1ccc(C(N)=O)nc1,9.29
D3,CHEMBL5902278,CCn1c(C(=O)N[C@H]2CC[C@H](CCN3CCc4sc(CCC(F)(F)F)nc4C3)CC2)cccc1=O,9.29
D3,CHEMBL6003539,CC(C)Oc1ccc2c(n1)CCN(CC[C@H]1CC[C@H](NC(=O)c3cccc4nn(C)cc34)CC1)CC2,9.29
D3,CHEMBL5868102,CC(C)Oc1nc2c(s1)CCN(CC[C@H]1CC[C@H](NC(=O)Cc3cccc4nn(C)cc34)CC1)CC2,9.29
D3,CHEMBL357416,Oc1ccc(C2=CCC[C@@H](CN3CC=C(c4ccccc4)CC3)C2)cc1,9.28
D3,CHEMBL285755,CCCN(CCC)C1CCc2ccc(O)cc2C1,9.28
D3,CHEMBL127654,COc1ccccc1N1CCN(CCCCNC(=O)/C=C/c2ccccc2Cl)CC1.O=C(O)C(=O)O,9.28
D3,CHEMBL196744,O=C(NCCCCN1CCN(c2cccc(Cl)c2Cl)CC1)c1ccc(F)cc1,9.28
D3,CHEMBL3084524,O[C@@]1(c2ccc(Cl)c(Cl)c2)C[C@H]2CC[C@@H](C1)N2Cc1coc2ccc(F)cc12,9.28
D3,CHEMBL1627306,O=C(NCC[C@@H](O)CN1CCN(c2cccc(Cl)c2Cl)CC1)c1cc2ccccc2[nH]1,9.28
D3,CHEMBL571992,CCCN(CCN1CCN(c2nccc3ccccc23)CC1)[C@H]1CCc2nc(N)sc2C1,9.28
D3,CHEMBL569107,CCCN(CCN1CCN(c2cccc3ncccc23)CC1)[C@H]1CCc2nc(N)sc2C1,9.28
D3,CHEMBL1689004,O=C(NCCCCN1CCN(c2ccccc2OCCF)CC1)c1ccc(OCCF)cc1.O=C(O)C(=O)O,9.28
D3,CHEMBL2206264,CCCN(CCCCCCCCCN(CCC)[C@H]1CCc2c(O)cccc2C1)[C@H]1CCc2c(O)cccc2C1,9.28
D3,CHEMBL3963783,Cc1ncoc1-c1nnc(SCCCN2CC[C@@]3(C[C@H]3c3ccc(F)cc3)C2)n1C,9.28
D3,CHEMBL5275212,CCCN(CCCCCCCCCN(CCC)[C@H]1CCc2c(O)cccc2C1)[C@@H]1CCc2c(O)cccc2C1,9.28
D3,CHEMBL5904768,Cn1c(SCCCN2CC3CCN(c4ccc(F)cc4)C3C2)nnc1-c1ccc(C(N)=O)nc1,9.28
D3,CHEMBL5981184,Cc1cc(OCC(=O)N[C@H]2CC[C@](F)(CCN3CCc4ccc(OCC(F)(F)F)nc4CC3)CC2)no1,9.28
D3,CHEMBL5903901,Cc1cnc(CC(=O)N[C@H]2CC[C@H](CCN3CCc4sc(CCC(F)(F)F)nc4C3)CC2)o1,9.28
D3,CHEMBL5843343,Cc1ncc(CC(=O)N[C@H]2CC[C@H](CCN3CCc4nc(OCC(C)(C)F)sc4CC3)CC2)s1,9.28
D3,CHEMBL5894035,Cc1nc(CC(=O)N[C@H]2CC[C@](F)(CCN3CCc4nc(OCC(C)(F)F)sc4CC3)CC2)no1,9.28
D3,CHEMBL5794309,Cc1cnc(CC(=O)N[C@H]2CC[C@](F)(CCN3CCc4ccc(OCC(F)F)nc4CC3)CC2)o1,9.28
D3,CHEMBL5986925,Cc1ncc(CC(=O)N[C@H]2CC[C@H](CCN3CCc4cc(F)c(OCC(F)F)nc4CC3)CC2)o1,9.28
D3,CHEMBL15136,CCCN(CCC)[C@@H]1Cc2cccc(O)c2C[C@H]1C,9.27
D3,CHEMBL310867,CCCN(CCC)[C@H]1CCc2nn3ccccc3c2C1,9.27
D3,CHEMBL269004,CCCN(CCC)[C@H]1CCc2c(O)cccc2C1,9.27
D3,CHEMBL497604,N#Cc1cccc(N2CCN(CCCCNC(=O)c3cc4ccccc4o3)CC2)c1,9.27
D3,CHEMBL3976319,Cn1c(SCCCN2CC[C@]3(C[C@@H]3c3ccc(C(F)(F)F)cc3)C2)nnc1-c1cccs1,9.27
D3,CHEMBL5943769,Cc1cnc(CC(=O)N[C@H]2CC[C@H](CCN3CCc4nc(OCC(C)(F)F)sc4CC3)CC2)o1,9.27
D3,CHEMBL6015373,Cn1ncc(CC(=O)N[C@H]2CC[C@](F)(CCN3CCc4ccc(OC5CCC5)nc4CC3)CC2)n1,9.27
D3,CHEMBL6002261,Cc1nc(CC(=O)N[C@H]2CC[C@H](CCN3CCc4nc(OCC(F)(F)F)sc4CC3)CC2)n(C)n1,9.27
D3,CHEMBL337531,O=C(NCCCCN1CCN(c2cccc(Cl)c2Cl)CC1)c1cc2ccccc2[te]1,9.26
D3,CHEMBL315772,CN(C)CC1CC2c3ccccc3Cc3ccc(Cl)cc3N2O1,9.26
D3,CHEMBL125459,COc1ccccc1N1CCN(CCCCNC(=O)/C=C/c2cccc3c2OCO3)CC1,9.26
D3,CHEMBL1765632,CCCN(CCCCNC(=O)c1ccc(-c2ccccc2)cc1)C1Cc2cccn3ncc(c23)C1,9.26
D3,CHEMBL3975989,Cc1ncoc1-c1nnc(SCCCN2CC[C@@]3(C[C@@H]3c3ccccc3C(F)(F)F)C2)n1C,9.26
D3,CHEMBL4450777,O=C(NCCCCN1CCN(c2ccccc2Cl)CC1)c1ccc(-c2ccsc2)cc1,9.26
D3,CHEMBL6062025,CCCOc1nc2c(s1)CCN(CC[C@H]1CC[C@H](NC(=O)c3cccc4nn(C)cc34)CC1)C2,9.26
D3,CHEMBL5920322,Cn1cc2c(C(=O)N[C@H]3CC[C@](F)(CCN4CCC(c5nocc5C(C)(F)F)CC4)CC3)cccc2n1,9.26
D3,CHEMBL5780626,Cc1cnc(CC(=O)N[C@H]2CC[C@](F)(CCN3CCc4nc(OCCC(F)(F)F)sc4CC3)CC2)o1,9.26
D3,CHEMBL126441,COc1ccccc1/C=C/C(=O)NCCCCN1CCN(c2ccccc2OC)CC1,9.25
D3,CHEMBL2152755,CCCN(CCN1CCN(C(=O)c2ccc3[nH]ccc3c2)CC1)[C@H]1CCc2nc(N)sc2C1,9.25
D3,CHEMBL5876040,Cc1ncccc1C(=O)N[C@H]1CC[C@H](CCN2CCc3nc(OCC(F)(F)F)sc3CC2)OC1,9.25
D3,CHEMBL5832039,Cc1cnc(CC(=O)N[C@H]2CC[C@H](CCN3C[C@@H]4C[C@]4(c4cc(C(C)(F)F)on4)C3)CC2)o1,9.25
D3,CHEMBL5937693,Cc1ncccc1C(=O)NC12CCC(CCN3CCc4ccc(OCC(F)F)nc4CC3)(CC1)CC2,9.25
D3,CHEMBL6045402,CC(F)(F)COc1nc2c(s1)CCN(CC[C@]1(F)CC[C@@H](NC(=O)c3cccnc3C(F)F)CC1)CC2,9.25
D3,CHEMBL301559,CCCN(CCC)[C@@H]1CCc2ccc(O)cc2C1,9.24
D3,CHEMBL220700,COc1ccccc1N1CCN(CCCCNC(=O)c2cc3cc(C#N)ccc3[nH]2)CC1,9.24
D3,CHEMBL569746,CCCN(CCN1CCN(C(=O)c2cc3ccccc3[nH]2)CC1)[C@H]1CCc2c(O)cccc2C1,9.24
D3,CHEMBL3597639,O=C(NCCCCN1CCN(c2cccc(Cl)c2Cl)CC1)c1cnc2ccc(F)cc2c1,9.24
D3,CHEMBL3896638,Cn1c(SCCCN2CC[C@]3(C[C@@H]3c3ccc(C(F)(F)F)cc3)C2)nnc1-c1ccsc1,9.24
D3,CHEMBL5440422,CCc1cccc(N2CCN(CC[C@H]3CC[C@H](NC(=O)c4ccc(-c5cccnc5)cc4)CC3)CC2)c1Cl,9.24
D3,CHEMBL6014954,Cc1nnc(CC(=O)N[C@H]2CC[C@](F)(CCN3CCc4nc(OCC(F)(F)F)sc4CC3)CC2)o1,9.24
D3,CHEMBL5904674,Cn1cc(CC(=O)N[C@H]2CC[C@](F)(CCN3CCc4nc(OCC(F)(F)F)sc4CC3)CC2)cn1,9.24
D3,CHEMBL5853083,CCc1cc([C@]23C[C@H]2CN(CC[C@H]2CC[C@H](NC(=O)Cc4cnc(C)o4)CC2)C3)no1,9.24
D3,CHEMBL5894636,Cc1ncccc1C(=O)N[C@H]1CC[C@](F)(CCN2CCc3nc(OCC(C)(F)F)sc3CC2)CC1,9.24
D3,CHEMBL5778251,Cn1cc(CC(=O)N[C@H]2CC[C@](F)(CCN3CCc4nc(OCC(F)F)sc4CC3)CC2)c(F)n1,9.24
D3,CHEMBL338552,COc1ccccc1N1CCN(CCCCNC(=O)/C=C/c2cccs2)CC1.O=C(O)C(=O)O,9.23
D3,CHEMBL1765630,CCCN(CCCCNC(=O)c1ccc(-c2ccccc2)cc1)C1CCn2ncc(Cl)c2C1,9.23
D3,CHEMBL4098859,CCCN(CCCCOc1ccn2ncc(/C=N\O)c2c1)[C@H]1CCc2c(O)cccc2C1,9.23
D3,CHEMBL5429048,O=C(N[C@H]1CC[C@H](CCN2CCN(c3cccc(Cl)c3Cl)CC2)CC1)c1ccc(-c2cccnc2)cc1,9.23
D3,CHEMBL5977960,Cn1c(SCCCN2C[C@H]3CCN(c4ccc(C(F)(F)F)cc4)[C@H]3C2)nnc1-c1ccc(C(N)=O)nc1,9.23
D3,CHEMBL5991172,Cc1ncc(CC(=O)N[C@H]2CC[C@H](CCN3CCc4ccc(OC(C)C)nc4CC3)CC2)o1,9.23
D3,CHEMBL5905127,Cc1ncc(CC(=O)N[C@H]2CC[C@](F)(CCN3CCc4nc(OCC(F)F)sc4CC3)CC2)o1,9.23
D3,CHEMBL5996970,Cc1nc(CC(=O)N[C@H]2CC[C@](F)(CCN3CCc4nc(OCCC(F)(F)F)sc4CC3)CC2)no1,9.23
D3,CHEMBL5860548,Cn1c(C(=O)N[C@H]2CC[C@](F)(CCN3CCc4nc(OCC(F)(F)F)sc4CC3)CC2)cccc1=O,9.23
D3,CHEMBL78950,COc1ccccc1N1CCN(CC[C@H]2CC[C@H](NC(=O)c3cccs3)CC2)CC1,9.22
D3,CHEMBL341299,COc1ccccc1N1CCN(CCCCNC(=O)/C=C/c2ccco2)CC1.O=C(O)C(=O)O,9.22
D3,CHEMBL414839,COc1ccccc1C(=O)NC/C=C/CN1CCN(c2cccc(Cl)c2Cl)CC1,9.22
D3,CHEMBL244562,O=C(NC/C=C/CN1CCN(c2cccc(Cl)c2Cl)CC1)c1ccc(-c2cccc(=O)[nH]2)cc1,9.22
D3,CHEMBL240106,C=CCN1CCC[C@H]1CNC(=O)c1cc(Br)cc(OC)c1OC,9.22
D3,CHEMBL345820,COc1c(C(=O)NCCCCN2CCN(c3cccc(Cl)c3Cl)CC2)ccc2ccccc12,9.22
D3,CHEMBL1223683,Clc1cccc(N2CCN(CCCCNc3ccc4ccccc4n3)CC2)c1Cl,9.22
D3,CHEMBL3323011,CC(C)(C)c1nc(N2CCN(CCCCNC(=O)c3cn4ccccc4n3)CC2)cc(C(F)(F)F)n1,9.22
D3,CHEMBL3358509,O=C(NCCCCN1CCN(c2ccccc2)CC1)c1ccc2ncccc2c1,9.22
D3,CHEMBL5742783,Cn1cc2ccc(C(=O)N[C@H]3CC[C@H](CCN4CCc5nc(OCC(F)F)sc5CC4)CC3)cc2n1,9.22
D3,CHEMBL6007302,O=C(N[C@H]1CC[C@H](CCN2CCC(c3nocc3C3CC3)CC2)CC1)c1cccc2ncccc12,9.22
D3,CHEMBL1928122,COc1ccccc1N1CCN(CCCCNC(=O)c2cccc(OCCOCCOCCOCCOc3cccc(C(=O)NCCCCN4CCN(c5ccccc5OC)CC4)c3)c2)CC1,9.21
D3,CHEMBL3335471,N#Cc1cc(N2CCN(CC[C@H]3CC[C@H](NC(=O)CN)CC3)CC2)cc(C(F)(F)F)c1,9.21
D3,CHEMBL398615,CS(=O)(=O)c1ccc2c(c1)N(CCCN1CCC(C(N)=O)CC1)c1ccccc1S2,9.21
D3,CHEMBL4461461,CCc1cccc(N2CCN(CCCCNC(=O)c3nc(C)c[nH]3)CC2)c1Cl,9.21
D3,CHEMBL6050876,CCc1cccc(N2CCN(CCCCCNC(=O)c3nc(C)c[nH]3)CC2)c1Cl,9.21
D3,CHEMBL5801439,CCc1cc([C@]23C[C@H]2CN(CC[C@H]2CC[C@H](NC(=O)Cc4cnn(C)c4)CC2)C3)no1,9.21
D3,CHEMBL5975641,CC(C)Oc1ccc2c(n1)CCN(CC[C@H]1CC[C@H](NC(=O)c3cccc4c(=O)n(C)ccc34)CC1)CC2,9.21
D3,CHEMBL5925129,Cc1nnc(CC(=O)N[C@H]2CC[C@H](CCN3CCc4nc(O[C@H](C)C(F)(F)F)sc4CC3)CC2)s1,9.21
D3,CHEMBL66080,N#Cc1ccc2c(c1)[C@@H]1CN(CCCCNC(=O)c3ccc(-c4ccccc4)cc3)C[C@H]1CO2,9.2
D3,CHEMBL113229,CCN(Cc1ccc2c(c1)OCO2)Cc1ccc(-c2cc(S(=O)(=O)CC)ccc2OC)[nH]1,9.2
D3,CHEMBL244083,Cc1nc(-c2cccc(C(=O)N[C@H]3CC[C@H](CCN4CCc5ccc(S(C)(=O)=O)cc5CC4)CC3)c2)no1,9.2
D3,CHEMBL244279,Cc1cc(-c2ccc3c(c2)CCN(CCCSc2nnc(-c4ccc(Cl)cc4)n2C)CC3)no1,9.2
D3,CHEMBL559873,O=C1N(CCN2CCCc3sccc3C2)CCN1c1cccc(Cl)c1,9.2
D3,CHEMBL1081868,Cc1ncoc1-c1nnc(SCCCN2CC3CC3(c3cc(F)cc(C(F)(F)F)c3)C2)n1C,9.2
D3,CHEMBL1081686,Cn1c(SCCCN2C[C@@H]3C[C@]3(c3ccc(C(F)(F)F)cc3)C2)nnc1-c1ccccc1,9.2
D3,CHEMBL1079480,Cc1cnc(-c2nnc(SCCCN3C[C@@H]4C[C@]4(c4ccc(C(F)(F)F)cc4)C3)n2C)cn1,9.2
D3,CHEMBL1210614,Cc1ncoc1-c1nnc(SCCCN2CC3CC3(c3cccc(S(F)(F)(F)(F)F)c3)C2)n1C,9.2
D3,CHEMBL1257215,Cc1ncoc1-c1nnc(SCCCN2[C@@H]3CC[C@H]2C[C@@H](c2ccc(C(C)(C)C)cc2)C3)n1C,9.2
D3,CHEMBL3577342,C#CC1=CC[C@@H](N(CCC)CCCCNC(=O)c2ccc(OCCCc3cn(CCCC)nn3)c(OC)c2)CO1,9.2
D3,CHEMBL3775534,Cc1ncoc1-c1nnc(SCCCN2CC3CCN(c4cccc(C#N)c4)C3C2)n1C,9.2
D3,CHEMBL3935692,Cc1ncoc1-c1nnc(SCCCN2CC[C@]3(C[C@@H]3c3ccc(C(F)(F)F)cc3)C2)n1C,9.2
D3,CHEMBL5830118,Cc1ncc(CC(=O)N[C@H]2CC[C@H](CCN3CCC(c4nocc4CC4CC4)CC3)CC2)s1,9.2
D3,CHEMBL5755795,Cn1ncc(CC(=O)N[C@H]2CC[C@H](CCN3CCc4sc(OCC(C)(F)F)nc4C3)CC2)n1,9.2
D3,CHEMBL6026010,Cc1nnc(CC(=O)N[C@H]2CC[C@](F)(CCN3CCc4nc(OCCC(F)(F)F)sc4CC3)CC2)s1,9.2
D3,CHEMBL126280,COc1ccccc1N1CCN(CCCCNC(=O)/C=C/c2ccsc2)CC1,9.19
D3,CHEMBL1689002,CN(C)c1ccc(C(=O)NCCCCN2CCN(c3ccccc3OCCF)CC2)cc1.O=C(O)C(=O)O,9.19
D3,CHEMBL3675767,COc1ccccc1N1CCN(CC(O)CCNC(=O)c2cc3cc(F)ccc3o2)CC1,9.19
D3,CHEMBL5437660,CCc1cc(Cl)c(OC)c(N2CCN(CC[C@H]3CC[C@H](NC(=O)NC)CC3)CC2)c1,9.19
D3,CHEMBL5915400,Cc1ncoc1-c1nnc(SCCCN2C[C@@H]3CCN(c4cccc(C#N)c4)[C@@H]3C2)n1C,9.19
D3,CHEMBL5912634,Cn1c(SCCCN2C[C@H]3CCN(c4c(F)cc(F)cc4F)[C@H]3C2)nnc1-c1ccc(C(N)=O)nc1,9.19
D3,CHEMBL5913332,Cn1cc(CC(=O)N[C@H]2CC[C@H](CCN3CCc4sc(OCC(C)(F)F)nc4C3)CC2)c(F)n1,9.19
D3,CHEMBL5844828,Cc1ncc(CC(=O)N[C@H]2CC[C@H](CCN3CCc4nc(OCC5CC5)sc4CC3)CC2)s1,9.19
D3,CHEMBL5742462,Cc1ncc(CC(=O)N[C@H]2CC[C@H](CCN3CCC(c4nocc4C(C)(F)F)CC3)CC2)s1,9.19
D3,CHEMBL5985213,Cc1ncc(/C=C/C(=O)N[C@H]2CC[C@](F)(CCN3CCc4nc(OCC(F)F)sc4CC3)CC2)cn1,9.19
D3,CHEMBL6020343,Cc1cnc(CC(=O)N[C@H]2CC[C@H](CCN3CCc4ccc(OC5CCC5)nc4CC3)CC2)o1,9.19
D3,CHEMBL336652,CCCNC1CCc2ccc(O)cc2C1,9.18
D3,CHEMBL346692,O=C(NCCCCN1CCN(c2cccc(Cl)c2Cl)CC1)c1cc2ccccc2[nH]1,9.18
D3,CHEMBL1928134,CCOCCOc1ccn2ncc(C(=O)NCCCCN3CCN(c4ccccc4OC)CC3)c2c1,9.18
D3,CHEMBL249420,CCCN[C@@H]1CCc2nc(N)sc2C1,9.18
D3,CHEMBL5429826,O=C(N[C@H]1CC[C@H](CCN2CCN(c3cccc(Cl)c3Cl)CC2)CC1)c1ccnc2ccccc12,9.18
D3,CHEMBL5767729,Cn1cc2c(C(=O)N[C@H]3CC[C@H](CCN4CCc5ccc(C6CC6)nc5CC4)CC3)cccc2n1,9.18
D3,CHEMBL141419,COc1ccccc1N1CCN(CCCCNC(=O)c2cc3ccccc3[te]2)CC1,9.17
D3,CHEMBL126749,COc1ccccc1N1CCN(CCCCNC(=O)/C=C/c2ccc3ccccc3c2)CC1,9.17
D3,CHEMBL3335472,N#Cc1cc(N2CCN(CC[C@H]3CC[C@H](NS(N)(=O)=O)CC3)CC2)cc(C(F)(F)F)c1,9.17
D3,CHEMBL3676855,Cc1cc(CC(=O)N[C@H]2CC[C@H](CCN3CCC(c4coc5ccccc45)CC3)CC2)on1,9.17
D3,CHEMBL3941520,Cc1nc(C(N)=O)ccc1-c1nnc(SCCCN2CC[C@]3(C[C@@H]3c3ccc(C(F)(F)F)cc3)C2)n1C,9.17
D3,CHEMBL4587635,Cc1ccccc1N1CCN(CCCCNC(=O)c2ccc(-c3ccsc3)cc2)CC1,9.17
D3,CHEMBL5996566,Cn1cc(OCC(=O)N[C@H]2CC[C@H](CCN3CCc4nc(OCC(F)(F)F)sc4CC3)OC2)cn1,9.17
D3,CHEMBL5959032,Cc1cc(CC(=O)N[C@H]2CC[C@](F)(CCN3CCc4nc(OCC(F)(F)F)sc4CC3)CC2)no1,9.17
D3,CHEMBL6034277,Cc1nnc(CC(=O)N[C@H]2CC[C@H](CCN3CCc4ccc(OC(C)C)nc4CC3)CC2)s1,9.17
D3,CHEMBL5834577,Cn1cc(CC(=O)N[C@H]2CC[C@](F)(CCN3CCc4ccc(OC5CCC5)nc4CC3)CC2)cn1,9.17
D3,CHEMBL156639,CCCN(CCN1CCN(c2ccccc2)CC1)C1CCc2ccc(O)cc2C1,9.16
D3,CHEMBL221681,COc1ccccc1N1CCN(CCCCNC(=O)c2cc3cc(Br)ccc3o2)CC1,9.16
D3,CHEMBL569003,CCCN(CCN1CCN(c2ccc3ccccc3c2)CC1)C1CCc2ccc(O)cc2C1,9.16
D3,CHEMBL3287403,O/N=C/c1cnn2ccc(OCCCCN3CCN(c4cccc(Cl)c4Cl)CC3)cc12,9.16
D3,CHEMBL4093477,CCCN(CCCCNC(=O)c1cc2ccccc2[nH]1)[C@@H]1Cc2cccc3c2n(c(=O)n3CCC)C1,9.16
D3,CHEMBL6062370,O=C(N[C@H]1CC[C@H](CCN2CCc3ccc(OCC(F)F)nc3C2)CC1)c1cccc2ncccc12,9.16
D3,CHEMBL5989674,Cc1cc(CC(=O)N[C@H]2CC[C@H](CCN3CCC(c4nocc4C(C)(F)F)CC3)CC2)on1,9.16
D3,CHEMBL5995141,CC(=O)c1conc1C1=CCN(CC[C@H]2CC[C@H](NC(=O)c3cccc4nn(C)cc34)CC2)CC1,9.16
D3,CHEMBL5954495,Cn1cc(CC(=O)N[C@H]2CC[C@](F)(CCN3CCc4nc(OCC(F)F)sc4CC3)CC2)cn1,9.16
D3,CHEMBL134571,CCN(C)C1CCc2ccc(O)cc2C1,9.15
D3,CHEMBL210578,O=C(CCCN1C2CCC1CC(O)(c1ccc(Cl)cc1)C2)c1ccc(F)cc1,9.15
D3,CHEMBL194493,O=C(NC/C=C/CN1CCN(c2cccc(Cl)c2Cl)CC1)c1ccc([N+](=O)[O-])cc1,9.15
D3,CHEMBL218203,O=C(NCCCCN1CCN(c2ccccc2Cl)CC1)c1ccc2ccccc2c1,9.15
D3,CHEMBL3084515,O[C@@]1(c2ccc(Cl)cc2)C[C@H]2CC[C@@H](C1)N2Cc1coc2ccccc12,9.15
D3,CHEMBL1765629,CCCN(CCCCNC(=O)c1ccc(-c2ccccc2)cc1)C1CCn2nccc2C1,9.15
D3,CHEMBL1916551,CCCCn1cc(CCCOc2ccc(C(=O)NCCCCN(CCC)C3Cc4ccccc4C3)cc2OC)nn1,9.15
D3,CHEMBL2386604,COc1ccccc1N1CCCN(CCCCNC(=O)c2ccc(-c3ccsc3)cc2)CC1,9.15
D3,CHEMBL3322993,COc1ccccc1N1CCN(CCCCNC(=O)c2cn3ccccc3n2)CC1,9.15
D3,CHEMBL3321790,OC1(c2ccc(Cl)cc2)CC2CCC(C1)N2CCCSc1ccc(F)cc1,9.15
D3,CHEMBL4100183,O=C1COc2c(N3CCN(CCCCOc4ccn5nccc5c4)CC3)ccc(O)c2N1,9.15
D3,CHEMBL4483569,CCc1cccc(N2CCN(C[C@@H](O)CCNC(=O)c3cc4ccccc4[nH]3)CC2)c1Cl,9.15
D3,CHEMBL5280702,CN1CCN(CCCOc2ccc3ccccc3c2)CC1,9.15
D3,CHEMBL6044734,Cc1ncc(CC(=O)N[C@H]2CC[C@H](CCN3CCc4ccc(OCC(F)(F)F)nc4CC3)OC2)o1,9.15
D3,CHEMBL6016908,CCc1cc(C23CC2CN(CC[C@H]2CC[C@H](NC(=O)c4cccc5nn(C)cc45)CC2)C3)no1,9.15
D3,CHEMBL6035743,CCc1cc([C@]23C[C@H]2CN(CC[C@H]2CC[C@H](NC(=O)c4cccc5nn(C)cc45)CC2)C3)no1,9.15
D3,CHEMBL5822377,CCc1cc([C@]23C[C@H]2CN(CC[C@H]2CC[C@H](NC(=O)COc4cnn(C)c4)CC2)C3)no1,9.15
D3,CHEMBL5838643,Cn1ncc(CC(=O)N[C@H]2CC[C@H](CCN3C[C@@H]4C[C@]4(c4cc(C5CC5)on4)C3)CC2)n1,9.15
D3,CHEMBL339062,COc1ccccc1N1CCN(CCCCNC(=O)/C=C/c2ccc(C=O)cc2)CC1.O=C(O)C(=O)O,9.14
D3,CHEMBL182379,COc1ccccc1N1CCN(CCCCNC(=O)c2cc3cc(I)ccc3o2)CC1,9.14
D3,CHEMBL231181,COc1ccccc1N1CCN(CCCCOc2ccc(-c3cn4ccccc4n3)cc2)CC1,9.14
D3,CHEMBL3590078,COc1ccccc1N1CCN(CCCCNC(=O)/N=N/c2ccc(F)c(F)c2)CC1,9.14
D3,CHEMBL3758881,Cc1ccccc1N1CCN(CCCCNC(=O)c2ccc3ccccc3c2)CC1,9.14
D3,CHEMBL4073068,CCCCCCC(C)(C)c1cc(O)c2c(c1)OC(C)(C)[C@@H]1CCC(CO)=C[C@@H]21,9.14
D3,CHEMBL5424897,CCc1cc(Cl)c(OC)c(N2CCN(CC[C@H]3CC[C@H](NC(=O)CCOC)CC3)CC2)c1,9.14
D3,CHEMBL5991226,Cn1cc2c(C(=O)N[C@H]3CC[C@H](CCN4CCc5nc(OCC(C)(C)F)sc5CC4)CC3)cccc2n1,9.14
D3,CHEMBL6027608,Cc1nc(CC(=O)N[C@H]2CC[C@H](CCN3CCc4nc(OCC(F)(F)F)sc4CC3)OC2)no1,9.14
D3,CHEMBL6018729,O=C(N[C@H]1CC[C@H](CCN2CCc3sc(OCC(F)(F)F)nc3C2)OC1)c1cccc2ncccc12,9.14
D3,CHEMBL5880786,O=C(N[C@H]1CC[C@H](CCN2CCc3sc(OCC(F)(F)F)nc3C2)CC1)c1cccc2ncccc12,9.14
D3,CHEMBL5955681,Cc1nnc(CC(=O)N[C@H]2CC[C@H](CCN3CCc4nc(OCCC(F)(F)F)sc4CC3)CC2)o1,9.14
D3,CHEMBL155826,CCCN(CCCCN1CCN(c2ccccc2)CC1)C1CCc2ccc(O)cc2C1,9.13
D3,CHEMBL129465,COc1ccccc1N1CCN(CCCCNC(=O)/C=C/c2ccc([N+](=O)[O-])cc2)CC1.O=C(O)C(=O)O,9.13
D3,CHEMBL335392,CCCN(C)C1CCc2ccc(O)cc2C1,9.13
D3,CHEMBL218150,O=C(NCCCCN1CCN(c2cccc(Cl)c2Cl)CC1)c1cc2cc(Br)ccc2[nH]1,9.13
D3,CHEMBL599635,CCCN(CCN1CCN(c2ccnc3c(O)cccc23)CC1)C1CCc2ccc(O)cc2C1,9.13
D3,CHEMBL5997935,Cc1cnc(OCC(=O)N[C@H]2CC[C@](F)(CCN3CCc4nc(OCCC(F)(F)F)sc4CC3)CC2)cn1,9.13
D3,CHEMBL340608,COc1ccccc1N1CCN(CCCCNC(=O)/C=C/c2ccccc2I)CC1,9.12
D3,CHEMBL135954,CCCN(CCc1cccs1)C1CCc2ccc(O)cc2C1,9.12
D3,CHEMBL334472,CCCNC1CCc2c(O)cccc2C1,9.12
D3,CHEMBL3335470,N#Cc1cc(N2CCN(CC[C@H]3CC[C@H](NC(N)=O)CC3)CC2)cc(C(F)(F)F)c1,9.12
D3,CHEMBL1255837,CC(C)[C@@]1(NC(=O)[C@@H]2C[C@@H]3c4cccc5[nH]cc(c45)C[C@H]3N(C)C2)O[C@@]2(O)[C@@H]3CCCN3C(=O)[C@H](Cc3ccccc3)N2C1=O.CS(=O)(=O)O,9.11
D3,CHEMBL3971907,CCN(C)C(=O)N[C@H]1CC[C@H](CCN2CCN(c3nsc4ccccc34)CC2)CC1,9.11
D3,CHEMBL4452046,CCCN(CCCCCc1ccc(O)c(OC)c1)[C@H]1CCc2nc(N)sc2C1,9.11
D3,CHEMBL5179436,CCN(CC)CC.O=C1CC(=O)N(c2ccnc(-c3noc(=S)[nH]3)c2)c2ccc3ccccc3c2N1,9.11
D3,CHEMBL5409755,CCc1cc(Cl)c(OC)c(N2CCN(CC[C@H]3CC[C@H](NC(N)=O)CC3)CC2)c1,9.11
D3,CHEMBL6003733,Cn1c(SCCCN2CC3CCN(c4ccc(C(F)(F)F)cc4)C3C2)nnc1-c1ccc(C(N)=O)nc1,9.11
D3,CHEMBL5892529,Cc1cnc(CC(=O)N[C@H]2CC[C@H](CCN3CCc4nc(OCC(F)(F)F)sc4CC3)OC2)o1,9.11
D3,CHEMBL5972372,Cc1cnc(CC(=O)N[C@H]2CC[C@H](CCN3CCc4ccc(OCC(F)(F)F)nc4CC3)OC2)o1,9.11
D3,CHEMBL6009732,Cc1nnc(CC(=O)N[C@H]2CC[C@H](CCN3CCc4nc(OCC(F)F)sc4CC3)CC2)o1,9.11
D3,CHEMBL5890328,CC(F)c1cc(C23CC2CN(CC[C@H]2CC[C@H](NC(=O)c4cccc5nn(C)cc45)CC2)C3)no1,9.11
D3,CHEMBL5776853,CCc1cc([C@]23C[C@H]2CN(CC[C@H]2CC[C@H](NC(=O)Cc4nnc(C)s4)CC2)C3)no1,9.11
D3,CHEMBL6041109,Cc1ncc(CC(=O)N[C@H]2CC[C@H](CCN3CCc4ccc(OC5CCC5)nc4CC3)CC2)o1,9.11
D3,CHEMBL2113364,CS(=O)(=O)Oc1ccc2c(c1)CCN(CC[C@H]1CC[C@H](NC(=O)/C=C/c3ccc(F)cc3)CC1)CC2.Cl,9.1
D3,CHEMBL78791,O=C(N[C@H]1CC[C@H](CCN2CCN(c3ccccc3)CC2)CC1)c1cccs1,9.1
D3,CHEMBL139926,O=C(NCCCCN1CCN(c2cccc(Cl)c2Cl)CC1)c1cc2ccccc2o1,9.1
D3,CHEMBL277790,N#Cc1ccc2c(c1)C1CN(CCCCNC(=O)c3ccc(-c4ccccc4)cc3)CC1CO2,9.1
D3,CHEMBL434403,CC(=O)c1ccc(C(=O)Nc2ccc(CCN3CC4COc5ccc(C#N)cc5C4C3)cc2)cc1,9.1
D3,CHEMBL112219,CCS(=O)(=O)c1ccc(OC)c(-c2ccc(CN3CCCCCC3c3ccc(C)cc3)[nH]2)c1,9.1
D3,CHEMBL109532,CCN(Cc1ccc(-c2cc(S(=O)(=O)CC)ccc2OC)[nH]1)[C@H](C)c1ccccc1,9.1
D3,CHEMBL323817,CCN(Cc1ccc(-c2cc(S(=O)(=O)CC)ccc2OC)[nH]1)C1CCc2ccccc21,9.1
D3,CHEMBL61717,CCCN(CCCCNC(=O)c1ccc(-c2ccccc2)cc1)C1CCc2c(cccc2OC)C1,9.1
D3,CHEMBL91460,CCCN(CCCCNC(=O)c1ccc(-c2ccccc2)cc1)C1CCc2nc(N)ncc2C1,9.1
D3,CHEMBL71327,O=C(NC/C=C/CN1CCN(c2cccc(Cl)c2Cl)CC1)c1ccccc1,9.1
D3,CHEMBL1788258,CCS(=O)(=O)c1ccc(OC)c(-c2ccc(CN3CCCCC[C@@H]3c3ccccc3)[nH]2)c1,9.1
D3,CHEMBL372022,O=C(NC/C=C/CN1CCN(c2cccc(Cl)c2Cl)CC1)c1ccccc1O,9.1
D3,CHEMBL201232,CC(C)(C)c1nc(N2CCN(CCCCN3C(=O)CCC(=O)c4ccccc43)CC2)cc(C(F)(F)F)n1,9.1
D3,CHEMBL382773,Cc1ccn(CCCCN2CCN(c3cc(C(F)(F)F)nc(C(C)(C)C)n3)CC2)c(=O)c1,9.1
D3,CHEMBL1112,O=C1CCc2ccc(OCCCCN3CCN(c4cccc(Cl)c4Cl)CC3)cc2N1,9.1
D3,CHEMBL231349,CC(C)Oc1cc2c(cc1NS(=O)(=O)c1ccc(-c3ccc(Cl)cc3)cc1)CCN(C)CC2,9.1
D3,CHEMBL231249,COc1cc2c(cc1NS(=O)(=O)c1ccc(-c3ccc(Cl)cc3)cc1)CCN(C)CC2,9.1
D3,CHEMBL131495,O=C1c2ccccc2C(=O)N1CCCCN1CC=C(c2c[nH]c3ccc(F)cc23)CC1,9.1
D3,CHEMBL242599,COc1cccc(-c2nnc(SCCCN3CCc4ccc(-c5cc(C)on5)cc4CC3)n2C)c1,9.1
D3,CHEMBL395743,Cc1cc(-c2ccc3c(c2)CCN(CCCSc2nnc(-c4cccn4C)n2C)CC3)no1,9.1
D3,CHEMBL402215,Cc1ncoc1-c1nnc(SCCCN2CCc3ccc4oc(C(F)(F)C(F)(F)F)nc4c3CC2)n1C,9.1
D3,CHEMBL437792,Cc1ncoc1-c1nnc(SCCCN2CCc3ccc4oc(C(C)(F)F)nc4c3CC2)n1C,9.1
D3,CHEMBL429132,Cc1ccc2c(-c3nnc(SCCCN4CCc5cc6nc(C(C)(C)C)oc6cc5CC4)n3C)cccc2n1,9.1
D3,CHEMBL552373,N#Cc1cccc(N2CCN(CCN3CCC(C(F)(F)F)CC3)C2=O)c1,9.1
D3,CHEMBL1079938,Cc1ncoc1-c1nnc(SCCCN2CC3CC3(c3cccc(C(F)(F)F)c3F)C2)n1C,9.1
D3,CHEMBL1079461,Cc1ncoc1-c1nnc(SCCCN2CC3CC3(c3cccc(Cl)c3)C2)n1C,9.1
D3,CHEMBL1080293,Cc1ccc2c(-c3nnc(SCCCN4CC5CC5(c5ccc(C(F)(F)F)cc5)C4)n3C)cccc2n1,9.1
D3,CHEMBL1079640,Cc1ccc(-c2nnc(SCCCN3C[C@@H]4C[C@]4(c4ccc(C(F)(F)F)cc4)C3)n2C)cn1,9.1
D3,CHEMBL1079822,Cc1ncoc1-c1nnc(SCCCN2CC3CC3(c3ccc(C(C)(C)C)cc3)C2)n1C,9.1
D3,CHEMBL1210552,Cc1ncoc1-c1nnc(SCCCN2CC3CC3(c3ccc(S(F)(F)(F)(F)F)cc3)C2)n1C,9.1
D3,CHEMBL1688990,COc1ccccc1N1CCN(CCCCNC(=O)c2ccc(N(C)C)cc2)CC1,9.1
D3,CHEMBL1774552,O=C(NCCCCN1CCN(c2cccc(Cl)c2Cl)CC1)c1csc2ccccc12,9.1
D3,CHEMBL3774621,Cn1c(SCCCN2CC3CCN(c4ccccc4OC(F)(F)F)C3C2)nnc1-c1cnccn1,9.1
D3,CHEMBL3774588,Cc1ncoc1-c1nnc(SCCCN2CC3CCN(c4ccc(F)cc4)C3C2)n1C,9.1
D3,CHEMBL3946901,Cn1c(SCCCN2CC[C@]3(C[C@@H]3c3ccc(C(F)(F)F)cc3)C2)nnc1-c1ccccn1,9.1
D3,CHEMBL4860478,CCc1cc(Cl)c(OC)c(C(=O)NC[C@@H]2C[C@@H](OCCCCNC(=O)c3cc4ccccc4[nH]3)CN2)c1O,9.1
D3,CHEMBL5821312,Cc1ncc(CC(=O)N[C@H]2CC[C@H](CCN3CCc4ccc(OCC(C)F)nc4CC3)CC2)s1,9.1
D3,CHEMBL5756683,CCc1ncccc1C(=O)N[C@H]1CC[C@H](CCN2CCc3ccc(OC4CCC4)nc3CC2)CC1,9.1
D3,CHEMBL434665,CCCN[C@@H]1Cc2cccc3nc(O)n(c23)C1,9.09
D3,CHEMBL4847432,CCc1cc(Cl)c(OC)c(C(=O)NC[C@@H]2C[C@@H](OCCCCO)CN2)c1O,9.09
D3,CHEMBL5801901,Cc1ncc(OCC(=O)N[C@H]2CC[C@H](CCN3CCc4nc(OCC(F)(F)F)sc4CC3)OC2)cn1,9.09
D3,CHEMBL5831227,Cc1cc(CC(=O)N[C@H]2CC[C@H](CCN3CCc4nc(OCC(F)F)sc4CC3)CC2)no1,9.09
D3,CHEMBL5770832,Cc1ncc(CC(=O)N[C@H]2CC[C@H](CCN3CCc4sc(OCC(F)F)nc4C3)CC2)s1,9.09
D3,CHEMBL5919040,Cc1ncc(/C=C/C(=O)N[C@H]2CC[C@H](CCN3CCc4nc(OCC(F)(F)F)sc4CC3)CC2)cn1,9.09
D3,CHEMBL6013123,Cc1cnc(CC(=O)N[C@H]2CC[C@](F)(CCN3CCc4nc(OCC(F)F)sc4CC3)CC2)o1,9.09
D3,CHEMBL5768282,COC(CN1CCc2ccc(OCC(F)(F)F)nc2CC1)[C@H]1CC[C@H](NC(=O)Cc2cnc(C)o2)CC1,9.09
D3,CHEMBL5743097,Cn1c(C(=O)NN2CCC(CCN3CCc4sc(OCC(F)(F)F)nc4C3)CC2)cccc1=O,9.09
D3,CHEMBL392437,C#Cc1cccc(C(=O)NCCCCN2CCN(c3cccc(Cl)c3Cl)CC2)c1,9.08
D3,CHEMBL457025,CCCN(CCN1CCN(c2ccccc2)CC1)[C@@H]1CCc2c(O)cccc2C1,9.08
D3,CHEMBL457024,CCCN(CCN1CCN(c2ccccc2)CC1)[C@H]1CCc2c(O)cccc2C1,9.08
D3,CHEMBL3676868,N#CCC(=O)N[C@H]1CC[C@H](CCN2CCC(c3coc4ccccc34)CC2)CC1,9.08
D3,CHEMBL3742140,N#CCN(CCN1CCN(c2ccc3cc[nH]c3c2Cl)CC1)[C@H]1CCc2nc(N)sc2C1.O=C(O)C(F)(F)F,9.08
D3,CHEMBL4446609,CCc1cccc(N2CCN(C[C@@H](F)CCNC(=O)c3cc4ccccc4[nH]3)CC2)c1Cl,9.08
D3,CHEMBL5818092,Cn1c(SCCCN2C[C@H]3CCN(c4ccc(F)cc4)[C@H]3C2)nnc1C1CCCCC1,9.08
D3,CHEMBL5747022,Cn1cc2c(C(=O)N[C@H]3CC[C@H](CCN4CCc5sc(COC(F)(F)F)nc5C4)CC3)cccc2n1,9.08
D3,CHEMBL5980018,Cc1ncc(CC(=O)N[C@H]2CC[C@H](CCN3CCc4ccc(N5CC(F)(F)C5)nc4CC3)CC2)s1,9.08
D3,CHEMBL5922928,Cc1ncc(CC(=O)N[C@H]2CC[C@H](CCN3CCc4nc(N5CC(F)(F)C5)sc4CC3)CC2)s1,9.08
D3,CHEMBL5770088,Cn1cc(OCC(=O)N[C@H]2CC[C@H](CCN3C[C@@H]4C[C@]4(c4cc(C(C)(F)F)on4)C3)CC2)cn1,9.08
D3,CHEMBL6024171,C[C@@H](Oc1nc2c(s1)CCN(CC[C@H]1CC[C@H](NC(=O)COc3cnn(C)c3)CC1)CC2)C(F)(F)F,9.08
D3,CHEMBL6037406,O=C(N[C@H]1CC[C@](F)(CCN2CCc3nc(OCC(F)F)sc3CC2)CC1)c1cccnc1C(F)F,9.08
D3,CHEMBL531,CCCN1C[C@H](CSC)C[C@@H]2c3cccc4[nH]cc(c34)C[C@H]21,9.07
D3,CHEMBL184993,COc1ccccc1N1CCN(CCCCNC(=O)c2cc3cc(I)ccc3s2)CC1,9.07
D3,CHEMBL3287404,O/N=C/c1cc2cc(OCCCCN3CCN(c4cccc(Cl)c4Cl)CC3)ccn2n1,9.07
D3,CHEMBL3590081,CCCN(CCCCNC(=O)/N=N/c1ccc(F)cc1)C1Cc2ccccc2C1,9.07
D3,CHEMBL3981856,Cn1c(SCCCN2CC[C@]3(C[C@@H]3c3ccc(C(F)(F)F)cc3)C2)nnc1-c1ccc(CC(N)=O)cc1,9.07
D3,CHEMBL20734,CNc1cc(OC)c(C(=O)NC2CCN(Cc3ccccc3)C2C)cc1Cl,9.07
D3,CHEMBL5276588,O=C(OCCCN1CCN(c2ccccc2)CC1)c1cccc2ccccc12,9.07
D3,CHEMBL5283620,CCCN(CCc1ccc(CCN(CCC)[C@H]2CCc3c(O)cccc3C2)cc1)[C@@H]1CCc2cc(O)c(O)cc2C1,9.07
D3,CHEMBL6047939,Cn1c(SCCCN2CC3CCN(c4cccc(C(F)(F)F)c4)C3C2)nnc1-c1ccc(=O)[nH]c1,9.07
D3,CHEMBL5898295,Cn1ncc(CC(=O)N[C@H]2CC[C@H](CCN3CCc4ccc(OCC(F)F)nc4CC3)CC2)c1F,9.07
D3,CHEMBL6051573,Cc1nc(CC(=O)N[C@H]2CC[C@](F)(CCN3CCc4ccc(O[C@H](C)C(F)(F)F)nc4CC3)CC2)nn1C,9.07
D3,CHEMBL110888,CCCN(CCC)C1CCc2nc(N)ccc2C1,9.06
D3,CHEMBL1928126,COc1ccccc1N1CCN(CCCCNC(=O)c2ccc(COCCOCCOCCOCCOCc3ccc(C(=O)NCCCCN4CCN(c5ccccc5OC)CC4)cc3)cc2)CC1,9.06
D3,CHEMBL2152752,CCCN(CCN1CCN(C(=O)c2c[nH]c3ccccc23)CC1)[C@H]1CCc2nc(N)sc2C1,9.06
D3,CHEMBL3698000,O=C(N[C@H]1CC[C@H](CCN2CCN(c3cccc4c3OCO4)CC2)CC1)C1COc2ccccc2C1,9.06
D3,CHEMBL5192367,CCCN(CCN1CCN(c2ccc3c(c2)[nH]c2ccccc23)CC1)[C@H]1CCc2c(O)cccc2C1,9.06
D3,CHEMBL5758482,Cc1ncoc1-c1nnc(SCCCN2C[C@H]3CCN(c4ccc(F)cc4)[C@H]3C2)n1C,9.06
D3,CHEMBL5820626,Cn1c(C(=O)N[C@H]2CC[C@](F)(CCN3CCc4nc(OCCC(F)(F)F)sc4CC3)CC2)cccc1=O,9.06
D3,CHEMBL419505,O=C(NCCCCN1CCN(c2cccc(Cl)c2Cl)CC1)c1ccc2c(c1)-c1ccccc1-2,9.05
D3,CHEMBL414838,O=C(NC/C=C/CN1CCN(c2cccc(Cl)c2Cl)CC1)c1ccc(-c2cccnc2)cc1,9.05
D3,CHEMBL425143,O=C(NC/C=C/CN1CCN(c2cccc(Cl)c2Cl)CC1)c1ccc(-c2ccncc2)cc1,9.05
D3,CHEMBL540612,COc1ccccc1N1CCN(CCCCNC(=O)c2ccc3ccccc3c2)CC1.Cl,9.05
D3,CHEMBL202858,CCN(CC)C(=O)NCCCCN1CCN(c2cc(C(F)(F)F)nc(C(C)(C)C)n2)CC1,9.05
D3,CHEMBL1627305,O=C(NCCC(O)CN1CCN(c2cccc(Cl)c2Cl)CC1)c1cc2ccccc2[nH]1,9.05
D3,CHEMBL1171630,O=C(O)C(=O)O.O=C1N(Cc2cn(CCF)nn2)CN(c2ccccc2)C12CCN(Cc1coc3ccccc13)CC2,9.05
D3,CHEMBL3133870,O=C(NCCCCN1CCN(c2ccccc2OCCF)CC1)c1c[nH]c2ccccc12.O=C(O)C(=O)O,9.05
D3,CHEMBL3358512,O=C(NCCCCN1CCN(c2cccc3ccccc23)CC1)c1ccccc1,9.05
D3,CHEMBL26962,COc1ccccc1N1CCN(CCCCNC(=O)C2CCCCC2)CC1,9.05
D3,CHEMBL4099236,COc1ccccc1N1CCN(CCCCNC(=O)Oc2ccc(-c3cccc(C(N)=O)c3)cc2)CC1.Cl,9.05
D3,CHEMBL4091498,NC(=O)c1cccc(-c2ccc(OC(=O)NCCCN3CCN(c4cccc(Cl)c4Cl)CC3)cc2)c1,9.05
D3,CHEMBL4089939,N#Cc1ccc2c(c1)CN(C[C@@H]1C[C@H]1CCNC(=O)c1cc3ccccc3[nH]1)CC2,9.05
D3,CHEMBL4535174,O=C(NCCCCN1CCN(c2cccc(Cl)c2Cl)CC1)c1ccc(-c2ccsc2)cc1,9.05
D3,CHEMBL5830146,Cc1nc(CC(=O)N[C@H]2CC[C@H](CCN3CCc4sc(N5CC(F)(F)C5)nc4C3)CC2)no1,9.05
D3,CHEMBL5769392,CC[C@@H](C)Oc1ccc2c(n1)CCN(CC[C@]1(F)CC[C@@H](NC(=O)Cc3nnc(C)o3)CC1)CC2,9.05
D3,CHEMBL124444,COc1ccccc1N1CCN(CCCCNC(=O)c2cc3ccccc3o2)CC1,9.04
D3,CHEMBL3084519,O[C@@]1(c2ccc(Br)cc2)C[C@H]2CC[C@@H](C1)N2Cc1coc2ccccc12,9.04
D3,CHEMBL1627314,COc1ccc2[nH]c(C(=O)NCCC(O)CN3CCN(c4cccc(Cl)c4Cl)CC3)cc2c1,9.04
D3,CHEMBL3597642,COc1c(Cl)cccc1N1CCN(CCCCNC(=O)c2cc3ccccc3o2)CC1,9.04
D3,CHEMBL3697964,N#CCC(=O)N[C@H]1CC[C@H](CCN2CCN(c3cccc4c3OCO4)CC2)CC1,9.04
D3,CHEMBL4070196,NC(=O)c1cccc(-c2cccc(OC(=O)NCCCN3CCN(c4cccc(Cl)c4Cl)CC3)c2)c1,9.04
D3,CHEMBL5268329,O=C(NCCCCN1CCN(c2ccccc2)CC1)c1ccc2ccccc2c1,9.04
D3,CHEMBL5289468,c1ccc(N2CCN(CCCOc3cccc4ccccc34)CC2)cc1,9.04
D3,CHEMBL6001219,Cn1c(SCCCN2C[C@@H]3CCN(c4ccc(F)cc4)[C@@H]3C2)nnc1C1CCOCC1,9.04
D3,CHEMBL5917777,CC(CF)Oc1nc2c(s1)CCN(CC[C@H]1CC[C@H](NC(=O)c3cccc4nn(C)cc34)CC1)CC2,9.04
D3,CHEMBL6065737,O=C(N[C@H]1CC2[C@@H](CCN3CCc4sc(OCC(F)F)nc4C3)[C@@H]2C1)c1cccc2ncccc12,9.04
D3,CHEMBL5780460,O=C(N[C@H]1C[C@@H]2[C@@H](CCN3CCc4sc(OCC(F)F)nc4C3)[C@@H]2C1)c1cccc2ncccc12,9.04
D3,CHEMBL5838950,Cc1nnc(CC(=O)N[C@H]2CC[C@](F)(CCN3CCc4nc(O[C@H](C)C(F)(F)F)sc4CC3)CC2)s1,9.04
D3,CHEMBL155731,CCCN1CCC[C@@H]2Cc3nc(N)ncc3C[C@H]21,9.03
D3,CHEMBL1108,O=C(CCCN1CC=C(n2c(=O)[nH]c3ccccc32)CC1)c1ccc(F)cc1,9.03
D3,CHEMBL2206265,CCCN(CCCCCCCCCCN(CCC)[C@H]1CCc2c(O)cccc2C1)[C@H]1CCc2c(O)cccc2C1,9.03
D3,CHEMBL4577414,CCc1cccc(N2CCN(CCCCNC(=O)c3nc4sccn4c3C)CC2)c1Cl,9.03
D3,CHEMBL5276671,CCCN(CCCCCCCCCCN(CCC)[C@H]1CCc2c(O)cccc2C1)[C@@H]1CCc2c(O)cccc2C1,9.03
D3,CHEMBL6064810,Cn1c(SCCCN2C[C@@H]3CCN(c4ccc(C(F)(F)F)cc4)[C@@H]3C2)nnc1-c1ccc(C(N)=O)nc1,9.03
D3,CHEMBL6026273,CCc1cccc(N2CCN(CCCCCNC(=O)c3nc4sccn4c3C)CC2)c1Cl,9.03
D3,CHEMBL1255966,Br.CCCN(CCC)C1CCc2ccc(O)cc2C1,9.02
D3,CHEMBL3597649,COc1ccccc1N1CCN(CC(O)CCNC(=O)c2cnc3ccccc3c2)CC1,9.02
D3,CHEMBL5438081,COCCC(=O)N1CCC(CCCN2CCN(c3cccc(Cl)c3Cl)CC2)CC1,9.02
D3,CHEMBL5885320,Cc1ncc(CC(=O)N[C@H]2CC[C@H](CCN3CCC(c4nocc4C4CC4)CC3)CC2)s1,9.02
D3,CHEMBL5985133,Cc1nc(CC(=O)N[C@H]2CC[C@H](CCN3CCc4nc(OCC(C)(F)F)sc4CC3)OC2)no1,9.02
D3,CHEMBL5902415,Cc1cnc(CC(=O)N[C@H]2CC[C@](F)(CCN3CCc4ccc(OC5CCC5)nc4CC3)CC2)o1,9.02
D3,CHEMBL1627316,O=C(NCCC(O)CN1CCN(c2cccc(Cl)c2Cl)CC1)c1cc2ccccc2o1,9.01
D3,CHEMBL1385840,CC(C)[C@H]1C(=O)N2CCC[C@H]2[C@]2(O)O[C@](NC(=O)[C@@H]3C=C4c5cccc6[nH]cc(c56)C[C@H]4N(C)C3)(C(C)C)C(=O)N12,9.01
D3,CHEMBL3899336,Cc1ncoc1-c1nnc(SCCCN2CC[C@]3(C[C@@H]3c3cc(Cl)cc(Cl)c3)C2)n1C,9.01
D3,CHEMBL4517102,CCc1cccc(N2CCN(CC(O)CCNC(=O)c3cc4ccccc4o3)CC2)c1Cl,9.01
D3,CHEMBL4854351,COc1ccc2c(c1)[C@H]1OCCN(CCCCNC(=O)c3cc4ccccc4[nH]3)[C@@H]1CO2,9.01
D3,CHEMBL5870404,CCc1cccc(N2CCN(CCC(O)CCNC(=O)c3cc4ccccc4o3)CC2)c1Cl,9.01
D3,CHEMBL5748412,Cc1ncccc1C(=O)N[C@H]1CC[C@H](CCN2CCc3nc(OCCC(F)(F)F)sc3CC2)CC1,9.01
D3,CHEMBL2113356,COc1ccc(/C=C/C(=O)N[C@H]2CC[C@H](CCN3CCc4ccc(OS(C)(=O)=O)cc4CC3)CC2)cc1.Cl,9.0
D3,CHEMBL2368629,CS(=O)(=O)c1ccc2c(c1)CCN(CC[C@H]1CC[C@H](NC(=O)/C=C/c3ccc(F)cc3)CC1)CC2.Cl,9.0
D3,CHEMBL99198,O=C(NCCCCN1CCC[C@H]2c3cccc(O)c3CC[C@@H]21)c1ccc(-c2ccccc2)cc1,9.0
D3,CHEMBL336971,CCCN(CCC)[C@@H]1CCc2cc(CCc3ccc(/C(C)=N\O)cc3)ccc2C1,9.0
D3,CHEMBL126474,COc1ccccc1N1CCN(CCCCNC(=O)c2ccc(C(C)=O)cc2)CC1,9.0
D3,CHEMBL127038,COc1ccccc1N1CCN(CCCCNC(=O)/C=C/c2ccc3c(c2)OCO3)CC1,9.0
D3,CHEMBL418671,CC(=O)Nc1ccc(CCN2C[C@@H]3COc4ccc(C#N)cc4[C@H]3C2)cc1,9.0
D3,CHEMBL61565,CC(=O)Nc1ccc(CCN2CC3COc4ccc(C#N)cc4C3C2)cc1,9.0
D3,CHEMBL280961,CCS(=O)(=O)c1ccc(OC)c(-c2ccc(CN3CCCC3c3ccccc3)[nH]2)c1,9.0
D3,CHEMBL135725,O=C(O)C(=O)O.Oc1ccc2c(c1)O[C@H](CN1CCc3ccccc3C1)CC2,9.0
D3,CHEMBL263282,CCCN(C/C=C/I)C1CCc2c(O)cccc2C1,9.0
D3,CHEMBL93779,Oc1nc2c3c(ccc2[nH]1)CCC(CNCc1ccccc1)O3,9.0
D3,CHEMBL91433,CCCN1CCC[C@H]2Cc3nc(N)ncc3C[C@@H]21,9.0
D3,CHEMBL366900,O=C(NC/C=C/CN1CCN(c2cccc(Cl)c2Cl)CC1)c1ccc(F)cc1,9.0
D3,CHEMBL244946,Cc1ccc2c(-c3nnc(SCCCN4CCc5ccc(-c6cc(C)nn6C)cc5CC4)n3C)cccc2n1,9.0
D3,CHEMBL231156,O=C(NC[C@H]1C[C@@H]1CN1CCN(c2cccc(Cl)c2Cl)CC1)c1ccc(-c2ccccn2)cc1,9.0
D3,CHEMBL244990,O=C(NCCC(O)CN1CCN(c2cccc(Cl)c2Cl)CC1)c1ccc(-c2ccccn2)cc1,9.0
D3,CHEMBL397222,Cc1cc(-c2ccc3c(c2)CCN(CCCSc2nnc(-c4ccc(Cl)c(Cl)c4)n2C)CC3)no1,9.0
D3,CHEMBL395741,Cc1ccc2cc(-c3nnc(SCCCN4CCc5ccc(-c6cc(C)on6)cc5CC4)n3C)ccc2n1,9.0
D3,CHEMBL241212,C#Cc1ccc(C(=O)NCCCCN2CCN(c3ccccc3OC)CC2)cc1,9.0
D3,CHEMBL271034,Cc1ccc2c(-c3nnc(SCCCN4CCc5ccc6oc(C(F)(F)C(F)(F)F)nc6c5CC4)n3C)cccc2n1,9.0
D3,CHEMBL255620,Cc1ccc2c(-c3nnc(SCCCN4CCc5cc6nc(N(C)C)oc6cc5CC4)n3C)cccc2n1,9.0
D3,CHEMBL560574,O=C1N(CCN2CCC(C(F)(F)F)CC2)CCN1c1cccc(I)c1,9.0
D3,CHEMBL1081488,O=C1N(CCN2CCCCCC2)CCN1c1cccc(C(F)(F)F)c1,9.0
D3,CHEMBL1080489,COc1cccc(C23CC2CN(CCCSc2nnc(-c4ocnc4C)n2C)C3)c1,9.0
D3,CHEMBL1081966,Cc1ncoc1-c1nnc(SCCCN2CC3CC3(c3ccc(OC(F)(F)F)cc3)C2)n1C,9.0
D3,CHEMBL1081934,Cc1ncoc1-c1nnc(SCCCN2CC3CC3(c3cccc(OC(F)(F)F)c3)C2)n1C,9.0
D3,CHEMBL1080117,Cc1ccc2c(-c3nnc(SCCCN4CC5CC5(c5ccc(Cl)cc5)C4)n3C)cccc2n1,9.0
D3,CHEMBL1080846,Cc1ncoc1-c1nnc(SCCCN2CC3CC3(c3ccc(Cl)c(Cl)c3)C2)n1C,9.0
D3,CHEMBL1081687,Cc1ncccc1-c1nnc(SCCCN2C[C@@H]3C[C@]3(c3ccc(C(F)(F)F)cc3)C2)n1C,9.0
D3,CHEMBL1081867,Cn1c(SCCCN2C[C@@H]3C[C@]3(c3ccc(C(F)(F)F)cc3)C2)nnc1-c1ccnnc1,9.0
D3,CHEMBL1081409,Cc1ncoc1-c1nnc(SCCCN2C[C@@H]3C[C@]3(c3ccc(C(F)(F)F)cc3)C2)n1C,9.0
D3,CHEMBL1223748,COc1ccccc1N1CCN(CCCCNc2nccc3ccccc23)CC1,9.0
D3,CHEMBL1223750,FC(F)(F)c1cccc(N2CCN(CCCCNc3nccc4ccccc34)CC2)c1,9.0
D3,CHEMBL1765638,CCCN(CCCCNC(=O)c1ccccc1-c1ccccc1)C1Cc2ccccc2C1,9.0
D3,CHEMBL2397478,C#CC1=CC[C@@H](N(CCC)CCCCNC(=O)c2ccc(OCCCc3cnn(CCCC)n3)c(OC)c2)CC1,9.0
D3,CHEMBL2106804,CCCN1CCO[C@@H]2c3cc(O)ccc3CC[C@H]21.Cl,9.0
D3,CHEMBL3588919,Clc1cccc(N2CCN(CCCCc3cn(-c4ccc5[nH]ccc5c4)nn3)CC2)c1Cl,9.0
D3,CHEMBL3676857,O=C(CC(F)(F)F)N[C@H]1CC[C@H](CCN2CCC(c3coc4ccccc34)CC2)CC1,9.0
D3,CHEMBL3774519,Cn1c(SCCCN2CC3CCN(c4c(F)cc(F)cc4F)C3C2)nnc1-c1cnccn1,9.0
D3,CHEMBL3775872,Cc1ncoc1-c1nnc(SCCCN2CC3CCN(c4ccccc4OC(F)(F)F)C3C2)n1C,9.0
D3,CHEMBL3959698,O=C(NC[C@H]1CC[C@H](CN2CCN(c3nsc4ccccc34)CC2)CC1)c1ccco1,9.0
D3,CHEMBL3675769,COc1ccc2oc(C(=O)NCCC(O)CN3CCN(c4ccccc4OC)CC3)cc2c1,9.0
D3,CHEMBL4092052,NC(=O)c1cccc(-c2ccc(OC(=O)NCCCCN3CCN(c4cccc(Cl)c4Cl)CC3)cc2)c1,9.0
D3,CHEMBL4072780,O=C1CCc2ccc(OCCCCN3CCN(c4ccc(O)c5c4OCC(=O)N5)CC3)cc2N1,9.0
D3,CHEMBL4856983,CCc1cc(Cl)c(OC)c(C(=O)NC[C@@H]2C[C@@H](OCCCCOCc3ccccc3)CN2)c1O,9.0
D3,CHEMBL5436641,O=C(N[C@H]1CC[C@H](CCN2CCN(c3cccc(C(F)(F)F)n3)CC2)CC1)c1ccnc2ccccc12,9.0
D3,CHEMBL5903090,Cn1cc(CC(=O)N[C@H]2CC[C@H](CCN3CCc4ccc(OCC(F)(F)F)nc4CC3)OC2)cn1,9.0
D3,CHEMBL5931145,Cn1c(C#N)cc2c1CCN(CC[C@H]1CC[C@H](NC(=O)c3cccc4ncccc34)CC1)C2,9.0
D3,CHEMBL5849814,Cc1nc(CC(=O)N[C@H]2CC[C@](F)(CCN3CCc4nc(OCC(F)F)sc4CC3)CC2)no1,9.0
D3,CHEMBL5936745,CC(C)Oc1ccc2c(n1)CCN(CC[C@H]1CC[C@H](NC(=O)c3cnn4ccccc34)CC1)CC2,9.0
D3,CHEMBL5820551,Cc1ncc(/C=C/C(=O)N[C@H]2CC[C@](F)(CCN3CCc4nc(OCCC(F)(F)F)sc4CC3)CC2)cn1,9.0
D3,CHEMBL5840923,Cc1cc(CC(=O)N[C@H]2CC[C@H](CCN3CCc4ccc(CCC(F)(F)F)nc4CC3)CC2)no1,9.0
D3,CHEMBL1253770,CCCN(CCN1CCN(c2ccc(-c3ccccc3)cc2)CC1)C1CCc2ccc(O)cc2C1,8.99
D3,CHEMBL53294,CCCN1CCc2cc(OC)cc3c2[C@H]1Cc1ccc(O)c(O)c1-3,8.99
D3,CHEMBL3958309,Cn1c(SCCCN2CC[C@]3(C[C@@H]3c3ccc(C(F)(F)F)cc3)C2)nnc1-c1ccncn1,8.99
D3,CHEMBL5427065,CCc1cc(Cl)c(OC)c(N2CCN(CC[C@H]3CC[C@H](NC(=O)C4=CC5C=CC=CC5N4)CC3)CC2)c1,8.99
D3,CHEMBL5400528,CN(C)C(=O)N1CCC(CCN2CCN(c3cccc(Cl)c3Cl)CC2)CC1,8.99
D3,CHEMBL3698024,O=C(Nc1ccc(Cl)cc1)N[C@H]1CC[C@H](CCN2CCN(c3cccc4c3OCO4)CC2)CC1,8.98
D3,CHEMBL3927895,Cc1ncoc1-c1nnc(SCCCN2CC[C@]3(C[C@@H]3c3ccc(C(F)(F)F)cc3F)C2)n1C,8.98
D3,CHEMBL3985877,Cc1ncoc1-c1nnc(SCCCN2CC[C@]3(C[C@H]3c3ccc(F)cc3C(F)(F)F)C2)n1C,8.98
D3,CHEMBL5979762,Cn1c(SCCCN2CC3CCN(c4c(F)cc(F)cc4F)C3C2)nnc1-c1ccc(C(N)=O)nc1,8.98
D3,CHEMBL154508,O=C(NCCCCN1CCN(c2cccc(Cl)c2Cl)CC1)c1ccc2ccccc2c1,8.97
D3,CHEMBL3676846,CC(=O)N[C@H]1CC[C@H](CCN2CCC(c3coc4ccccc34)CC2)CC1,8.97
D3,CHEMBL4864112,COc1ccc(C(=O)NCCCCN2CCO[C@@H]3c4cc(OC)ccc4OC[C@H]32)cc1,8.97
D3,CHEMBL5434229,COCCC(=O)N[C@H]1CC[C@H](CCN2CCN(c3cccc(C(F)(F)F)n3)CC2)CC1,8.97
D3,CHEMBL335570,CCCN1CCOC2c3cc(O)ccc3OC[C@H]21,8.96
D3,CHEMBL300571,Oc1ccc2c(c1)O[C@@H](CNCc1ccccc1)CO2,8.96
D3,CHEMBL94015,CCCN1COC[C@@H]2c3cc(O)ccc3OC[C@H]21,8.96
D3,CHEMBL423890,O=C(O)C(=O)O.Oc1ccc2c(c1)O[C@@H](CNCc1ccccc1)CO2,8.96
D3,CHEMBL316983,CCCN(CCC)[C@H]1CCn2c(C=O)ccc2C1,8.96
D3,CHEMBL175734,O=C(NC/C=C/CN1CCN(c2cccc(Cl)c2Cl)CC1)c1cc2ccccc2s1,8.96
D3,CHEMBL193639,CN(C)C[C@H]1CC2c3ccccc3Sc3ccc(F)cc3[C@H]2O1,8.96
D3,CHEMBL197162,O=C(NCCCCN1CCN(c2cccc(Cl)c2Cl)CC1)c1ccc(F)nc1,8.96
D3,CHEMBL202670,CC(C)(C)c1nc(N2CCN(CCCCn3ccc(O)cc3=O)CC2)cc(C(F)(F)F)n1,8.96
D3,CHEMBL244774,O=C(NC/C=C/CN1CCN(c2cccc(Cl)c2Cl)CC1)c1ccc(-c2cccc[n+]2[O-])cc1,8.96
D3,CHEMBL1627304,COc1ccccc1N1CCN(C/C=C/CNC(=O)c2cc3ccccc3s2)CC1,8.96
D3,CHEMBL1672303,CCCN1CCc2cc(OCCCF)cc3c2[C@H]1Cc1ccc(O)c(O)c1-3,8.96
D3,CHEMBL1689012,O=C(NC/C=C/CN1CCN(c2ccccc2OCCF)CC1)c1ccc(-c2ccsc2)cc1.O=C(O)C(=O)O,8.96
D3,CHEMBL1689009,O=C(NC/C=C/CN1CCN(c2ccccc2OCCF)CC1)c1ccc(CCF)cc1.O=C(O)C(=O)O,8.96
D3,CHEMBL1688992,COc1ccccc1N1CCN(CCCCNC(=O)c2ccc(OCCF)cc2)CC1.O=C(O)C(=O)O,8.96
D3,CHEMBL2158640,Br.CCCN1C[C@H](c2ccc(O)cc2)C[C@@H]2c3cc(O)c(O)cc3CC[C@H]21,8.96
D3,CHEMBL3133780,COc1ccccc1N1CCN(CCCCNC(=O)c2cc3cc(OCCOCCF)ccc3[nH]2)CC1.O=C(O)C(=O)O,8.96
D3,CHEMBL3290012,O=S(=O)(NCCCCN1CCC(c2noc3cc(F)ccc23)CC1)c1cc2ccccc2s1,8.96
D3,CHEMBL3758711,O=C(NCCCCN1CCN(c2cccc(C(F)(F)F)c2)CC1)c1ccc2ccccc2c1,8.96
D3,CHEMBL3929083,Cn1c(SCCCN2CC[C@]3(C[C@@H]3c3ccc(C(F)(F)F)cc3)C2)nnc1-c1ccncc1,8.96
D3,CHEMBL3941190,Nc1ccc2c(N3CCN(CC[C@H]4CC[C@H](NC(=O)c5ccco5)CC4)CC3)nsc2c1,8.96
D3,CHEMBL4090208,CCCN(CCCCOc1ccn2ncc(C=O)c2c1)[C@H]1CCc2c(O)cccc2C1,8.96
D3,CHEMBL4287055,Cl.O=C(NCCCCN1CCN(c2ccc(Cl)cc2Cl)CC1)c1cc2ccccc2[nH]1,8.96
D3,CHEMBL4797996,C[C@H]1CN(CC[C@H]2CC[C@H](NC(=O)N3CCCC3)CC2)CCc2ccc(Cl)cc21,8.96
D3,CHEMBL4853568,CCc1cc(Cl)c(OC)c(C(=O)NC[C@@H]2C[C@@H](OCCCCNC(=O)c3cc4ccccc4[nH]3)CN2CC)c1O,8.96
D3,CHEMBL5939973,Cn1c(SCCCN2C[C@H]3CCN(c4ccc(C(F)(F)F)cc4)[C@H]3C2)nnc1C1CCC(O)CC1,8.96
D3,CHEMBL5816624,Cc1ncc(CC(=O)N[C@H]2CC[C@H](CCN3CCc4ccc(OC5CCOC5)nc4CC3)CC2)s1,8.96
D3,CHEMBL5867579,Cc1nnc(CC(=O)N[C@H]2CC[C@H](CCN3CCc4sc(CCC(F)(F)F)nc4C3)CC2)o1,8.96
D3,CHEMBL5960672,Cc1ncc(CC(=O)N[C@H]2CC[C@H](CCN3CCc4cnc(OCC(F)F)nc4CC3)CC2)s1,8.96
D3,CHEMBL156689,CCCN(CCN1CCN(c2cccc(Cl)c2Cl)CC1)C1CCc2ccc(O)cc2C1,8.95
D3,CHEMBL305362,O=C(NCCCCN1CCN(c2cccc(Cl)c2Cl)CC1)c1ccc(-c2ccccc2)cc1,8.95
D3,CHEMBL87192,FC(F)(F)c1nc2c(OCCNCc3ccccc3)cccc2[nH]1,8.94
D3,CHEMBL1684125,CCCN1CCc2cccc3c2C1Cc1cccc(OCCCn2cc(CCN4CCN(c5ccccc5OC)CC4)nn2)c1-3,8.94
D3,CHEMBL3697951,CC(=O)N[C@H]1CC[C@H](CCN2CCN(c3cccc4c3OCO4)CC2)CC1,8.94
D3,CHEMBL4543524,CCc1c[nH]c(C(=O)NCCCCN2CCN(c3cccc(CC)c3Cl)CC2)n1,8.94
D3,CHEMBL5766981,CCc1c[nH]c(C(=O)NCCCCCN2CCN(c3cccc(CC)c3Cl)CC2)n1,8.94
D3,CHEMBL370110,CN1CCc2c(sc3ncn(CCN4CCN(c5cncc6ccccc56)CC4)c(=O)c23)C1,8.93
D3,CHEMBL3949662,Cn1c(SCCCN2CC[C@]3(C[C@@H]3c3ccc(C(F)(F)F)cc3F)C2)nnc1-c1cccnc1,8.93
D3,CHEMBL338841,COc1ccccc1N1CCN(CCCCNC(=O)/C=C/c2cccc(I)c2)CC1,8.92
D3,CHEMBL177398,O=C(NC/C=C/CN1CCN(c2cccc(Cl)c2Cl)CC1)c1ccccc1F,8.92
D3,CHEMBL370713,COc1ccc(C(=O)NC/C=C/CN2CCN(c3cccc(Cl)c3Cl)CC2)cc1,8.92
D3,CHEMBL244989,COc1ccccc1N1CCN(C/C=C/CNC(=O)c2ccc3c(c2)Cc2ccccc2-3)CC1,8.92
D3,CHEMBL3084518,O[C@@]1(c2ccc(F)cc2)C[C@H]2CC[C@@H](C1)N2Cc1coc2ccccc12,8.92
D3,CHEMBL27559,CCCN1CCc2cccc3c2[C@H]1Cc1cccc(O)c1-3,8.92
D3,CHEMBL1916548,CCCN(CCCCNC(=O)c1ccc(OCCCc2cn(CCCCCCCCn3cc(CCCOc4ccc(CN5CCN(c6ccccc6OC)CC5)cc4OC)nn3)nn2)c(OC)c1)C1Cc2ccccc2C1,8.92
D3,CHEMBL1928136,CCOCCOCc1ccn2ncc(C(=O)NCCCCN3CCN(c4ccccc4OC)CC3)c2c1,8.92
D3,CHEMBL3577345,CCCCn1cc(CCCOc2ccc(C(=O)NCCCCN(CCC)[C@@H]3CCc4c(O)cccc4C3)cc2OC)nn1,8.92
D3,CHEMBL3664832,Cc1cc(CC(=O)N[C@H]2CC[C@H](CCN3CCC(c4cccc5c4OCO5)CC3)CC2)on1,8.92
D3,CHEMBL3953773,CN(C(=O)N[C@H]1CC[C@H](CCN2CCN(c3nsc4ccccc34)CC2)CC1)c1ccccc1,8.92
D3,CHEMBL4100634,CCCCCCC(C)(C)c1ccc2c(c1)OC(C)(C)[C@@H]1CCC(CO)=C[C@@H]21,8.92
D3,CHEMBL4079375,O=Cc1cnn2ccc(OCCCCN3CCN(c4ccc(O)c5c4OCC(=O)N5)CC3)cc12,8.92
D3,CHEMBL4085920,CC(C)(C)c1nc(N2CCN(CCCCNC(=O)c3cc4ccccn4n3)CC2)cc(C(F)(F)F)n1,8.92
D3,CHEMBL4527244,CCCN(CCCCNC(=O)c1ccc(-c2ccccn2)cc1)CC1CC1c1cccc(Cl)c1Cl.Cl,8.92
D3,CHEMBL4753808,C[C@H]1CN(CC[C@H]2CC[C@H](N3C(=O)CC4(CCCC4)CC3=O)CC2)CCc2ccc(Cl)cc21,8.92
D3,CHEMBL4846574,COc1cc2c(cc1OC)CN(Cc1ccccc1CNC(=O)c1cccc(C#N)c1)CC2,8.92
D3,CHEMBL5895923,Cc1ncoc1-c1nnc(SCCCN2C[C@H]3CCN(c4ccc(C(F)(F)F)cc4F)[C@H]3C2)n1C,8.92
D3,CHEMBL6031954,Cc1ncccc1C(=O)N[C@H]1CC[C@H](CCN2CCc3nc(OCC(F)F)sc3CC2)CC1,8.92
D3,CHEMBL5845230,Cn1cc(CC(=O)N[C@H]2CC[C@H](CCN3CCc4sc(COC(F)(F)F)nc4C3)CC2)cn1,8.92
D3,CHEMBL5838094,O=C(N[C@H]1CC[C@H](CCN2CCC(c3conc3-c3ccccc3)CC2)CC1)c1cccc2ncccc12,8.92
D3,CHEMBL5814002,CCc1cc([C@]23C[C@H]2CN(CC[C@H]2CC[C@H](NC(=O)Cc4ncc(C)o4)CC2)C3)no1,8.92
D3,CHEMBL556269,CCCN(CCN1CCN(C(=O)c2ccc3[nH]ccc3c2)CC1)[C@H]1CCc2c(O)cccc2C1,8.91
D3,CHEMBL3697958,O=C(CC1CC1)N[C@H]1CC[C@H](CCN2CCN(c3cccc4c3OCO4)CC2)CC1,8.91
D3,CHEMBL3676850,CCC(=O)N[C@H]1CC[C@H](CCN2CCC(c3coc4ccccc34)CC2)CC1,8.91
D3,CHEMBL3676847,COCCC(=O)N[C@H]1CC[C@H](CCN2CCC(c3coc4ccccc34)CC2)CC1,8.91
D3,CHEMBL3759607,O=C(NCCCCN1CCN(c2ccccc2F)CC1)c1ccc2ccccc2c1,8.91
D3,CHEMBL4466245,CCCN(CCCCCc1cc(O)ccc1O)[C@H]1CCc2nc(N)sc2C1,8.91
D3,CHEMBL4855879,COc1ccc2c(c1)[C@H]1OCCN(CCCCNC(=O)c3cc(OC)c(OC)c(OC)c3)[C@@H]1CO2,8.91
D3,CHEMBL5994751,Cc1ncoc1-c1nnc(SCCCN2C[C@H]3CCN(c4ccccc4)[C@H]3C2)n1C,8.91
D3,CHEMBL2368625,CS(=O)(=O)Oc1ccc2c(c1)CCN(CC[C@H]1CC[C@H](NC(=O)/C=C/c3ccccc3F)CC1)CC2.Cl,8.9
D3,CHEMBL2368626,CS(=O)(=O)c1ccc2c(c1)CCN(CC[C@H]1CC[C@H](NC(=O)/C=C/c3ccccc3F)CC1)CC2.Cl,8.9
D3,CHEMBL2368622,CS(=O)(=O)Oc1ccc2c(c1)CCN(CC[C@H]1CC[C@H](NC(=O)/C=C/c3cccc(F)c3)CC1)CC2.Cl,8.9
D3,CHEMBL2368633,COc1ccccc1/C=C/C(=O)N[C@H]1CC[C@H](CCN2CCc3ccc(OS(C)(=O)=O)cc3CC2)CC1.Cl,8.9
D3,CHEMBL3084597,Cc1ncc(-c2cccc(C(=O)N[C@H]3CC[C@H](CCN4CCc5ccc(OS(C)(=O)=O)cc5CC4)CC3)c2)o1.Cl,8.9
D3,CHEMBL3084598,Cc1ccc2c(C(=O)N[C@H]3CC[C@H](CCN4CCc5ccc(OS(C)(=O)=O)cc5CC4)CC3)cccc2n1.Cl,8.9
D3,CHEMBL130843,CCCN(CCC)C1CCc2cc(CSc3ccc(OC)cc3)ccc2C1,8.9
D3,CHEMBL131556,CCCN(CCC)[C@@H]1CCc2cc(CS(=O)(=O)c3ccc(OC)cc3)ccc2C1,8.9
D3,CHEMBL2113350,Cl.N#Cc1ccc2c(c1)CN(CC[C@H]1CC[C@H](NC(=O)/C=C/c3ccccc3)CC1)CC2,8.9
D3,CHEMBL22156,CCS(=O)(=O)c1ccc(OC)c(-c2ccc(CN3CCCCCC3c3ccccc3)[nH]2)c1,8.9
D3,CHEMBL281177,CCS(=O)(=O)c1ccc(OC)c(-c2ccc(CN3CCCCC3c3ccccc3)[nH]2)c1,8.9
D3,CHEMBL291801,CCCN(CCCCNC(=O)c1ccc(-c2ccccc2)cc1)C1CCc2c(cccc2OS(C)(=O)=O)C1,8.9
D3,CHEMBL60038,CCCN(CCCCNC(=O)c1ccc(-c2ccccc2)cc1)C1CCc2c(Br)cccc2C1,8.9
D3,CHEMBL242598,Cc1cc(-c2ccc3c(c2)CCN(CCCSc2nnc(C4CCOCC4)n2C)CC3)no1,8.9
D3,CHEMBL243860,Cc1cc(-c2ccc3c(c2)CCN(CCCSc2nnc(C4CCC(C)CC4)n2C)CC3)no1,8.9
D3,CHEMBL244086,Cc1cc(-c2ccc3c(c2)CCN(CCCSc2nnc(-c4cccs4)n2C)CC3)no1,8.9
D3,CHEMBL397429,Cc1cnc(-c2ccc3c(c2)CCN(CCCSc2nnc(-c4cc5ccccc5[nH]4)n2C)CC3)o1,8.9
D3,CHEMBL561512,O=C1N(CCN2Cc3ccccc3C2)CCN1c1cc(Cl)cc(Cl)c1,8.9
D3,CHEMBL569846,O=C1N(CCN2CCC(C(F)(F)F)CC2)CCN1c1cccc(O)c1,8.9
D3,CHEMBL563580,O=C1N(CCN2[C@@H]3CCC[C@H]2CC3)CCN1c1cccc(Cl)c1,8.9
D3,CHEMBL568822,CCCN(CCN1CCN(c2cccc3ncccc23)CC1)C1CCc2ccc(O)cc2C1,8.9
D3,CHEMBL1081408,COc1ccc(C23CC2CN(CCCSc2nnc(-c4ocnc4C)n2C)C3)cc1C(F)(F)F,8.9
D3,CHEMBL1081023,Cc1ncoc1-c1nnc(SCCCN2CC3CC3(c3ccc(C(F)(F)F)cc3F)C2)n1C,8.9
D3,CHEMBL1079578,COc1ccc(C23CC2CN(CCCSc2nnc(-c4cccc5nc(C)ccc45)n2C)C3)cc1,8.9
D3,CHEMBL1080165,Cc1ccc2c(-c3nnc(SCCCN4C[C@@H]5C[C@]5(c5ccc(Br)cc5)C4)n3C)cccc2n1,8.9
D3,CHEMBL1224699,COc1cc([C@]23CNC[C@H]2C3)ccc1NS(=O)(=O)c1ccc(C(C)C)cc1,8.9
D3,CHEMBL1802360,O=c1[nH]c2ccccc2n1C1CCN(CCCOc2ccc(F)cc2)CC1,8.9
D3,CHEMBL2152633,CCCN(CCN1CCN(c2ccc3[nH]ccc3c2)CC1)[C@H]1CCc2nc(N)sc2C1,8.9
D3,CHEMBL3676866,O=C(CCO)N[C@H]1CC[C@H](CCN2CCC(c3coc4ccccc34)CC2)CC1,8.9
D3,CHEMBL3775226,Cc1ncoc1-c1nnc(SCCCN2CC3CCN(c4ccc(C(F)(F)F)cc4F)C3C2)n1C,8.9
D3,CHEMBL3775589,Cc1ncoc1-c1nnc(SCCCN2CC3CCN(c4ccccc4)C3C2)n1C,8.9
D3,CHEMBL3775810,Cn1c(SCCCN2CC3CCN(c4ccc(C(F)(F)F)cc4)C3C2)nnc1-c1ccncn1,8.9
D3,CHEMBL3955608,Cn1c(SCCCN2CC[C@]3(C[C@@H]3c3ccc(C(F)(F)F)cc3)C2)nnc1-c1cnccn1,8.9
D3,CHEMBL5958709,Cn1c(SCCCN2CC3CCN(c4ccc(C(F)(F)F)cc4)C3C2)nnc1C1CCC(O)CC1,8.9
D3,CHEMBL334529,CCCN(CCC)C1CCc2cc(CS(=O)(=O)c3ccc(OC)cc3)ccc2C1,8.89
D3,CHEMBL87478,CCCSc1ccccc1N1CCN(CCCOc2ccc(-c3nc4ccccc4[nH]3)cc2)CC1,8.89
D3,CHEMBL338063,COc1ccccc1N1CCN(CCCCNC(=O)/C=C/c2ccc(Cl)cc2Cl)CC1.O=C(O)C(=O)O,8.89
D3,CHEMBL368961,O=C(NC/C=C/CN1CCN(c2cccc(Cl)c2Cl)CC1)c1ccc(-c2ncccn2)cc1,8.89
D3,CHEMBL179003,O=C(NC/C=C/CN1CCN(c2cccc(Cl)c2Cl)CC1)c1ccccc1Cl,8.89
D3,CHEMBL194837,Cc1cc(OCCN(C)C)nc2ccc(NC(=O)COc3ccc(Cl)cc3Cl)cc12,8.89
D3,CHEMBL198463,CN1CCc2c(sc3ncn(CCN4CCN(c5ccnc6ccccc56)CC4)c(=O)c23)C1,8.89
D3,CHEMBL201115,Cc1cn(CCCCN2CCN(c3cc(C(F)(F)F)nc(C(C)(C)C)n3)CC2)c(=O)[nH]c1=O,8.89
D3,CHEMBL231055,COc1ccccc1N1CCN(CCC(O)CNC(=O)c2ccc3c(c2)Cc2ccccc2-3)CC1,8.89
D3,CHEMBL484202,C#CC1=CCC(N(CCC)CCCCn2cc(-c3ccc(-c4ccccc4)cc3)nn2)CC1,8.89
D3,CHEMBL599636,CCCN(CCN1CCN(c2ccnc3c(O)cccc23)CC1)C1CCc2c(O)cccc2C1,8.89
D3,CHEMBL1771113,COc1ccccc1N1CCN(CCCCN2CCc3cc(C#N)ccc3C2=O)CC1,8.89
D3,CHEMBL3287396,OCc1cc2cc(OCCCCN3CCN(c4cccc(Cl)c4Cl)CC3)ccn2n1,8.89
D3,CHEMBL3321792,OC1(c2ccc(Cl)cc2)CC2CCC(C1)N2CCCSc1ccccc1F,8.89
D3,CHEMBL3698026,O=S(=O)(N[C@H]1CC[C@H](CCN2CCN(c3cccc4c3OCO4)CC2)CC1)N1CCOCC1,8.89
D3,CHEMBL3697957,CCC(=O)N[C@H]1CC[C@H](CCN2CCN(c3cccc4c3OCO4)CC2)CC1,8.89
D3,CHEMBL3697962,COC(=O)N[C@H]1CC[C@H](CCN2CCN(c3cccc4c3OCO4)CC2)CC1,8.89
D3,CHEMBL3759865,O=C(NCCCCN1CCN(c2cccc3[nH]ccc23)CC1)c1ccc2ccccc2c1,8.89
D3,CHEMBL3758991,COc1ccccc1N1CCN(CCCCNC(=O)Nc2cccc(Cl)c2)CC1,8.89
D3,CHEMBL3921885,Cn1c(SCCCN2CC[C@]3(C[C@@H]3c3ccc(F)cc3F)C2)nnc1-c1cccnc1,8.89
D3,CHEMBL3675768,COc1ccc2oc(C(=O)NCCC(O)CN3CCN(c4cccc(Cl)c4Cl)CC3)cc2c1,8.89
D3,CHEMBL4564507,CCc1cccc(N2CCN(C/C=C/CNC(=O)c3nc(C)c[nH]3)CC2)c1Cl,8.89
D3,CHEMBL5647189,C=CCN1C[C@H](OCCCN)C[C@H]1CNC(=O)c1cc(CCCF)cc(OC)c1OC,8.89
D3,CHEMBL5934660,Cc1ncc(CC(=O)N[C@H]2CC[C@H](C(F)CN3CCc4ccc(OCC(F)(F)F)nc4CC3)CC2)s1,8.89
D3,CHEMBL5952703,O=C(N[C@H]1CC[C@H](CCN2CCc3sc(Cc4ccccc4)nc3C2)CC1)c1cccc2ncccc12,8.89
D3,CHEMBL5758623,CCc1cccc(N2CCN(C/C=C/CCNC(=O)C3N=CC(C)=N3)CC2)c1Cl,8.89
D3,CHEMBL5952883,CCc1cc([C@]23C[C@H]2CN(CC[C@H]2CC[C@H](NC(=O)Cc4noc(C)n4)CC2)C3)no1,8.89
D3,CHEMBL421085,COc1ccccc1N1CCN(CCCCNC(=O)/C=C/c2ccc(Cl)c(Cl)c2)CC1.O=C(O)C(=O)O,8.88
D3,CHEMBL3676926,CCc1ccc(C(=O)N[C@H]2CC[C@H](CCN3CCC(c4coc5ccccc45)CC3)CC2)cc1,8.88
D3,CHEMBL3758741,Cc1cccc(N2CCN(CCCCNC(=O)c3ccc4ccccc4c3)CC2)c1C,8.88
D3,CHEMBL5421925,CCc1cccc(N2CCN(CC[C@H]3CC[C@H](NC(=O)C4=CC5C=CC=CC5N4)CC3)CC2)c1Cl,8.88
D3,CHEMBL5403268,COCCC(=O)N[C@H]1CC[C@H](CCN2CCN(c3cccc(OC)c3F)CC2)CC1,8.88
D3,CHEMBL5996474,Cn1c(SCCCN2C[C@@H]3CCN(c4c(F)cccc4F)[C@@H]3C2)nnc1-c1ccc(C(N)=O)nc1,8.88
D3,CHEMBL3588987,Clc1cccc(N2CCN(CCCCn3cc(-c4ccc5ncccc5c4)nn3)CC2)c1Cl,8.87
D3,CHEMBL3697963,Cc1cc(CC(=O)N[C@H]2CC[C@H](CCN3CCN(c4cccc5c4OCO5)CC3)CC2)on1,8.87
D3,CHEMBL3676854,O=C(N[C@H]1CC[C@H](CCN2CCC(c3coc4ccccc34)CC2)CC1)c1ccccc1,8.87
D3,CHEMBL254202,CCCN(CCN1CCN(c2ccccc2)CC1)C1CCc2cc(O)c(O)cc2C1,8.86
D3,CHEMBL1627308,COc1ccccc1N1CCN(CC(O)CCNC(=O)c2cc3ccccc3[nH]2)CC1,8.86
D3,CHEMBL3914556,Cn1c(SCCCN2CC[C@]3(C[C@@H]3c3ccc(C(F)(F)F)cc3)C2)nnc1-c1nccs1,8.86
D3,CHEMBL3967806,Cn1c(SCCCN2CC[C@]3(C[C@@H]3c3ccc(C(F)(F)F)cc3)C2)nnc1-c1ccco1,8.86
D3,CHEMBL110411,O=C(NCCCCN1CCN(c2cccc(Cl)c2Cl)CC1)c1ccc2c(c1)-c1ccccc1C2,8.85
D3,CHEMBL301242,O=C(NCCCCN1CCN(c2cccc(Cl)c2Cl)CC1)c1cccc2c1-c1ccccc1C2=O,8.85
D3,CHEMBL312430,O=C(N[C@H]1CC[C@H](CCN2CCN(c3cccc(Cl)c3Cl)CC2)CC1)c1ccco1,8.85
D3,CHEMBL310577,COc1cccc(N2CCN(CC[C@H]3CC[C@H](NC(=O)c4cccs4)CC3)CC2)c1,8.85
D3,CHEMBL142020,COc1ccccc1N1CCN(CCCCNC(=O)c2cc3ccccn3n2)CC1,8.85
D3,CHEMBL70565,CCCN1CCO[C@@H]2c3cc(O)ccc3OC[C@H]21,8.85
D3,CHEMBL135932,CN(C)C1CCc2ccc(O)cc2C1,8.85
D3,CHEMBL325710,CCCN(CCC)C1Cc2cc3nc(N)sc3cc2C1,8.85
D3,CHEMBL262724,O=C(NCCCCN1CCN(c2cccc(Cl)c2Cl)CC1)c1cnc2ccccc2n1,8.85
D3,CHEMBL362101,O=C(NCCCCN1CCN(c2cccc(Cl)c2Cl)CC1)c1ccc(I)s1,8.85
D3,CHEMBL200028,CC(C)(C)c1nc(N2CCN(CCCCn3ccc(-c4ccccc4)nc3=O)CC2)cc(C(F)(F)F)n1,8.85
D3,CHEMBL398175,Cc1cccc(-c2ccc(C(=O)NC/C=C/CN3CCN(c4cccc(Cl)c4Cl)CC3)cc2)n1,8.85
D3,CHEMBL484598,CCCN1CCO[C@@H]2c3cc4c(cc3CC[C@H]21)CNC4=O,8.85
D3,CHEMBL2386603,O=C(NCCCCN1CCN(c2cccc(Cl)c2Cl)CC1)c1ccc2c(c1)C(=O)c1ccccc1-2,8.85
D3,CHEMBL3590079,COc1ccccc1N1CCN(CCCCNC(=O)/N=N/c2cc(F)c(F)c(F)c2)CC1,8.85
D3,CHEMBL3589575,CCCN(CCNC(=O)/N=N/c1ccc(F)cc1)C1Cc2ccccc2C1,8.85
D3,CHEMBL3697978,O=C(CC1(O)CCC1)N[C@H]1CC[C@H](CCN2CCN(c3cccc4c3OCO4)CC2)CC1,8.85
D3,CHEMBL3642704,O=C(CO)N[C@H]1CC[C@H](CCN2CCN(c3nccc4sccc34)CC2)CC1,8.85
D3,CHEMBL3740041,CCCN(CCN1CCN(c2ccc3cc[nH]c3c2Cl)CC1)[C@H]1CCc2nc(N)sc2C1.O=C(O)C(F)(F)F,8.85
D3,CHEMBL3900752,CC(C)N(C(=O)N[C@H]1CC[C@H](CCN2CCN(c3nsc4ccccc34)CC2)CC1)C(C)C,8.85
D3,CHEMBL4081780,COc1ccccc1N1CCN(CCCNC(=O)Oc2cccc(-c3cccc(C(N)=O)c3)c2)CC1,8.85
D3,CHEMBL5277789,Oc1cccc(OCCNCC2COCC(c3ccccc3)(c3ccccc3)O2)c1,8.85
D3,CHEMBL5287235,O=C(OCCCN1CCN(c2ccccc2)CC1)c1cc2ccccc2o1,8.85
D3,CHEMBL5641844,CCN1C[C@H](OCCCN)C[C@H]1CNC(=O)c1cc(CCCF)cc(OC)c1OC,8.85
D3,CHEMBL5787430,Cn1c(SCCCN2CC3CCN(c4c(F)cccc4F)C3C2)nnc1-c1ccc(C(N)=O)nc1,8.85
D3,CHEMBL5880657,Cn1c(-c2ccccc2)nc2c1CCN(CC[C@H]1CC[C@H](NC(=O)c3cccc4ncccc34)CC1)C2,8.85
D3,CHEMBL5836285,CCc1cc([C@]23C[C@H]2CN(CC[C@H]2CC[C@H](NC(=O)c4cccnc4C)CC2)C3)no1,8.85
D3,CHEMBL5813200,Cc1nc(CC(=O)N[C@H]2CC[C@H](CCN3CCc4ccc(CCC(F)(F)F)nc4CC3)CC2)n(C)n1,8.85
D3,CHEMBL3676852,CS(=O)(=O)CC(=O)N[C@H]1CC[C@H](CCN2CCC(c3coc4ccccc34)CC2)CC1,8.84
D3,CHEMBL3698005,CS(=O)(=O)CC(=O)N[C@H]1CC[C@H](CCN2CCN(c3cccc4c3OCO4)CC2)CC1,8.84
D3,CHEMBL3676897,COC(CC(=O)N[C@H]1CC[C@H](CCN2CCC(c3coc4ccccc34)CC2)CC1)OC,8.84
D3,CHEMBL3774683,Cn1c(SCCCN2CC3CCN(c4ccc(C(F)(F)F)cc4)C3C2)nnc1-c1cnccn1,8.84
D3,CHEMBL3905582,Cn1c(SCCCN2CC[C@]3(C[C@@H]3c3ccc(C(F)(F)F)cc3)C2)nnc1-c1csnn1,8.84
D3,CHEMBL3922535,Cn1c(SCCCN2CC[C@]3(C[C@@H]3c3ccc(C(F)(F)F)cc3)C2)nnc1-c1ccc(C#N)nc1,8.84
D3,CHEMBL129022,COc1ccccc1N1CCN(CCCCNC(=O)c2cc3ccccc3cn2)CC1.O=C(O)C(=O)O,8.83
D3,CHEMBL442,CN1C[C@H](C(=O)N[C@]2(C)O[C@@]3(O)[C@@H]4CCCN4C(=O)[C@H](Cc4ccccc4)N3C2=O)C=C2c3cccc4[nH]cc(c34)C[C@H]21,8.83
D3,CHEMBL3588986,Clc1cccc(N2CCN(CCCCn3cc(-c4ccc5[nH]ccc5c4)nn3)CC2)c1Cl,8.83
D3,CHEMBL3676856,O=C(CO)N[C@H]1CC[C@H](CCN2CCC(c3coc4ccccc34)CC2)CC1,8.83
D3,CHEMBL3676867,O=C(N[C@H]1CC[C@H](CCN2CCC(c3coc4ccccc34)CC2)CC1)C1(O)CC1,8.83
D3,CHEMBL3948167,Cn1c(SCCCN2CC[C@]3(C[C@@H]3c3ccc(C(F)(F)F)cc3)C2)nnc1C1CCOCC1,8.83
D3,CHEMBL5941723,Cn1c(SCCCN2C[C@H]3CCN(c4ccc(C(F)(F)F)cc4)[C@H]3C2)nnc1-c1ccncn1,8.83
D3,CHEMBL5847014,Cn1c(SCCCN2CC3CCN(c4ccc(F)cc4)C3C2)nnc1-c1ccncn1,8.83
D3,CHEMBL85441,c1ccc(N2CCN(CCCOc3ccc(-c4nc5ccccc5[nH]4)cc3)CC2)cc1,8.82
D3,CHEMBL129767,COc1ccccc1N1CCN(CCCCNC(=O)/C=C/C=C/c2ccccc2)CC1,8.82
D3,CHEMBL304605,O=C(NC/C=C/CN1CCN(c2cccc(Cl)c2Cl)CC1)c1ccc2c(c1)Cc1ccccc1-2,8.82
D3,CHEMBL393365,C#Cc1ccc(C(=O)NCCCCCN2CCN(c3cccc(Cl)c3Cl)CC2)cc1,8.82
D3,CHEMBL1774541,COc1ccc2[nH]c(C(=O)NCCC(F)CN3CCN(c4cccc(Cl)c4Cl)CC3)cc2c1,8.82
D3,CHEMBL2146499,CCCN(CC[C@H]1CC[C@H](NS(=O)(=O)c2cccnc2Cl)CC1)[C@H]1CCc2nc(N)sc2C1,8.82
D3,CHEMBL2386614,COc1ccccc1N1CCCN(CCCCNC(=O)c2cc3ccccc3s2)CC1,8.82
D3,CHEMBL3133862,COc1ccccc1N1CCN(CCCCNC(=O)c2cc3cc(OCCOCCOCCF)ccc3[nH]2)CC1.O=C(O)C(=O)O,8.82
D3,CHEMBL3287405,N#Cc1cnn2ccc(OCCCCN3CCN(c4cccc(Cl)c4Cl)CC3)cc12,8.82
D3,CHEMBL3914195,Cc1ncoc1-c1nnc(SCCCN2CC[C@]3(C[C@H]3c3ccccc3C(F)(F)F)C2)n1C,8.82
D3,CHEMBL4083903,O=C(NC[C@@H]1C[C@H]1CN1CCN(c2cccc(Cl)c2Cl)CC1)c1ccnc2ccccc12,8.82
D3,CHEMBL4476605,O=C(NCCCCN1CCN(c2ccccc2C(F)(F)F)CC1)c1ccc(-c2ccsc2)cc1,8.82
D3,CHEMBL4443039,CCCN(CCCCNC(=O)c1ccc(-c2ccccn2)cc1)C[C@@H]1C[C@H]1c1cccc(Cl)c1Cl.Cl,8.82
D3,CHEMBL4759975,C[C@H]1CN(CC[C@H]2CC[C@H](NC(=O)Nc3ccccc3)CC2)CCc2ccc(Cl)cc21,8.82
D3,CHEMBL5646949,C=CCN1C[C@H](OCCCCN)C[C@H]1CNC(=O)c1cc(CCCF)cc(OC)c1OC,8.82
D3,CHEMBL5860563,Cn1cc(CC(=O)N[C@H]2CC[C@H](CCN3CCc4sc(OCC(F)F)nc4C3)CC2)cn1,8.82
D3,CHEMBL330216,CCCN1CCOC2c3cc(O)ccc3SCC21,8.81
D3,CHEMBL3697977,CC(C)(O)CC(=O)N[C@H]1CC[C@H](CCN2CCN(c3cccc4c3OCO4)CC2)CC1,8.81
D3,CHEMBL5272529,Br.Br.CCCN(CCc1cc(O)c(CCN(CCC)[C@H]2CCc3c(O)cccc3C2)cc1O)[C@H]1CCc2c(O)cccc2C1,8.81
D3,CHEMBL2368620,CS(=O)(=O)c1ccc2c(c1)CCN(CC[C@H]1CC[C@H](NC(=O)/C=C/c3ccccc3C#N)CC1)CC2.Cl,8.8
D3,CHEMBL2368623,CS(=O)(=O)c1ccc2c(c1)CCN(CC[C@H]1CC[C@H](NC(=O)/C=C/c3cccc(F)c3)CC1)CC2.Cl,8.8
D3,CHEMBL443006,CS(=O)(=O)Nc1ccc(CCN2CC3COc4ccc(C#N)cc4C3C2)cc1,8.8
D3,CHEMBL325859,CCS(=O)(=O)c1ccc(OC)c(-c2ccc(CN3CCCCCC3c3ccc(OC)cc3)[nH]2)c1,8.8
D3,CHEMBL112268,CCN(Cc1cccc(C)c1)Cc1ccc(-c2cc(S(=O)(=O)CC)ccc2OC)[nH]1,8.8
D3,CHEMBL418854,COc1ccccc1N1CCC(CNCC2COc3ccc(Cl)cc3O2)CC1,8.8
D3,CHEMBL71,CN(C)CCCN1c2ccccc2Sc2ccc(Cl)cc21,8.8
D3,CHEMBL57219,CCCN(CCCCNC(=O)c1ccc(-c2ccccc2)cc1)C1CCc2c(cccc2OS(=O)(=O)C(F)(F)F)C1,8.8
D3,CHEMBL51977,CCCN(CCCCNC(=O)c1ccc(-c2ccccc2)cc1)C1CCc2c(Cl)cccc2C1,8.8
D3,CHEMBL60713,CCCN(CCCCNC(=O)c1ccc(-c2ccccc2)cc1)C1CCc2ccccc2C1,8.8
D3,CHEMBL423198,COc1ccc(S(=O)(=O)N2CCOCC2)cc1-c1ccc(CN2CCCCCC2c2ccccc2)[nH]1,8.8
D3,CHEMBL302374,O=C(NCCCCN1CCN(c2cccc(Cl)c2Cl)CC1)c1ccc(I)cc1,8.8
D3,CHEMBL184383,O=C(NCCCCN1CCN(c2cccc(Cl)c2Cl)CC1)c1cc2cc(I)ccc2o1,8.8
D3,CHEMBL207871,CC(C)(C)c1nc(N2CCN(CCCCNC(=O)CCc3ccccc3)CC2)cc(C(F)(F)F)n1,8.8
D3,CHEMBL395525,Cc1cc2c(cc1NS(=O)(=O)c1ccc(-c3ccc(Cl)cc3)cc1)CCN(C)CC2,8.8
D3,CHEMBL245118,Cc1cc(-c2ccc3c(c2)CCN(CCCSc2nnc(-c4ccc(F)c(F)c4)n2C)CC3)n(C)n1,8.8
D3,CHEMBL242603,Cc1ccc2c(-c3nnc(SCCC(C)N4CCc5ccc(-c6cc(C)nn6C)cc5CC4)n3C)cccc2n1,8.8
D3,CHEMBL244773,Cc1cccnc1-c1ccc(C(=O)NC/C=C/CN2CCN(c3cccc(Cl)c3Cl)CC2)cc1,8.8
D3,CHEMBL230872,COc1ccccc1N1CCN(CCCOc2ccc(-c3cn4ccccc4n3)cc2)CC1,8.8
D3,CHEMBL244280,Cc1cc(-c2ccc3c(c2)CCN(CCCSc2nnc(-c4cccc(F)c4)n2C)CC3)no1,8.8
D3,CHEMBL244278,Cc1cc(-c2ccc3c(c2)CCN(CCCSc2nnc(-c4cccc(Cl)c4)n2C)CC3)no1,8.8
D3,CHEMBL395742,Cc1ccc(-c2nnc(SCCCN3CCc4ccc(-c5cc(C)on5)cc4CC3)n2C)cc1,8.8
D3,CHEMBL243709,Cc1cc(-c2ccc3c(c2)CCN(CCCSc2nnc(-c4ccccc4)n2C)CC3)no1,8.8
D3,CHEMBL244277,Cc1cnc(-c2ccc3c(c2)CCN(CCCSc2nnc(-c4cccn4C)n2C)CC3)o1,8.8
D3,CHEMBL244276,Cc1cnc(-c2ccc3c(c2)CCN(CCCSc2nnc(-c4ccc5[nH]ccc5c4)n2C)CC3)o1,8.8
D3,CHEMBL271449,Cc1ncoc1-c1nnc(SCCCN2CCc3ccc4oc(C(F)(F)F)nc4c3CC2)n1C,8.8
D3,CHEMBL273199,Cc1cc2c(-c3nnc(SCCCN4CCc5ccc(-c6cc(C)nn6C)cc5CC4)n3C)cccc2cn1,8.8
D3,CHEMBL1627315,COc1ccc2[nH]c(C(=O)NCCC(O)CN3CCN(c4ccccc4OC)CC3)cc2c1,8.8
D3,CHEMBL565017,O=C1N(CCN2Cc3ccccc3C2)CCN1c1cccc(OC(F)(F)F)c1,8.8
D3,CHEMBL556272,O=C1N(CCN2Cc3ccccc3C2)CCN1c1cc(F)cc(Cl)c1,8.8
D3,CHEMBL562624,O=C1N(CCN2CCC(C(F)(F)F)CC2)CCN1c1cccc(Cl)c1,8.8
D3,CHEMBL558058,CN(CCN1CCN(c2cccc(C(F)(F)F)c2)C1=O)C[C@]12CC[C@H](CC1)C2(C)C,8.8
D3,CHEMBL1081309,O=C1N(CCN2CCCCCC2)CCN1c1cc(Cl)cc(Cl)c1,8.8
D3,CHEMBL1082111,Cc1ncoc1-c1nnc(SCCCN2CC3CC3(c3cc(C(F)(F)F)ccc3F)C2)n1C,8.8
D3,CHEMBL1081401,Cc1ccc2c(-c3nnc(SCCCN4CC5CC5(c5ccc(C(C)(C)C)cc5)C4)n3C)cccc2n1,8.8
D3,CHEMBL1079475,Cn1c(SCCCN2C[C@@H]3C[C@]3(c3ccc(C(F)(F)F)cc3)C2)nnc1-c1cncnc1,8.8
D3,CHEMBL1258382,O=C(NCCCCN1CCN(c2cc3ccc2CCc2ccc(cc2)CC3)CC1)c1cc2ccccc2s1,8.8
D3,CHEMBL1771106,COc1ccccc1N1CCN(CCCCN2CCc3cc(F)ccc3C2=O)CC1,8.8
D3,CHEMBL1909072,NC(=O)C1CCN(CCCN2c3ccccc3Sc3ccc(Cl)cc32)CC1,8.8
D3,CHEMBL3577344,CCCCn1cc(CCCOc2ccc(C(=O)NCCCCN(CCC)CCc3ccc(O)c4[nH]c(=O)ccc34)cc2OC)nn1,8.8
D3,CHEMBL3588914,COc1ccccc1N1CCN(CCCCc2cn(-c3ccc4c(c3)Cc3ccccc3-4)nn2)CC1,8.8
D3,CHEMBL3697969,CCCC(=O)N[C@H]1CC[C@H](CCN2CCN(c3cccc4c3OCO4)CC2)CC1,8.8
D3,CHEMBL3642696,CCC(=O)N[C@H]1CC[C@H](CCN2CCN(c3nccc4sccc34)CC2)CC1,8.8
D3,CHEMBL3697966,O=C(CC(F)(F)F)N[C@H]1CC[C@H](CCN2CCN(c3cccc4c3OCO4)CC2)CC1,8.8
D3,CHEMBL3758610,CS(=O)(=O)Nc1cccc(N2CCN(CCCCNC(=O)c3ccc4ccccc4c3)CC2)c1,8.8
D3,CHEMBL3775554,Cn1c(SCCCN2CC3CCN(c4ccc(C(F)(F)F)cc4)C3C2)nnc1-c1ccccn1,8.8
D3,CHEMBL3774540,Cc1ncoc1-c1nnc(SCCCN2CC3CCN(c4ccc(C(F)(F)F)cc4)C3C2)n1C,8.8
D3,CHEMBL3909821,O=C(N[C@H]1CC[C@H](CCN2CCN(c3nsc4ccccc34)CC2)CC1)N1CCOCC1,8.8
D3,CHEMBL3885419,CC(C)(C)[C@]1(O)CCN2C[C@@H]3c4ccccc4CCc4cccc(c43)[C@@H]2C1,8.8
D3,CHEMBL3675766,O=C(NCCC(O)CN1CCN(c2cccc(Cl)c2Cl)CC1)c1cc2cc(F)ccc2o1,8.8
D3,CHEMBL4071185,CCCN(CCCCOc1ccc2c(C=O)cnn2c1)[C@H]1CCc2c(O)cccc2C1,8.8
D3,CHEMBL4070604,CCCCn1cc(CCCOc2ccc(C(=O)NCCCN3CCCN(c4ccc(O)c5[nH]c(=O)ccc45)CC3)cc2OC)nn1,8.8
D3,CHEMBL5181007,CCCN(CCN1CCN(c2ccnc3c(O)cccc23)CC1)[C@H]1CCc2nc(N)sc2C1,8.8
D3,CHEMBL6040751,Cn1cc2c(C(=O)N[C@H]3CC[C@H](C(O)CN4CCc5ccc(OCC(F)(F)F)nc5CC4)CC3)cccc2n1,8.8
D3,CHEMBL1627310,O=C(NCCC(O)CN1CCN(c2cccc(Cl)c2Cl)CC1)c1cc2cc(F)ccc2[nH]1,8.79
D3,CHEMBL3676921,O=C(CC1COC1)N[C@H]1CC[C@H](CCN2CCC(c3coc4ccccc34)CC2)CC1,8.79
D3,CHEMBL5427695,COc1cccc(N2CCN(CC[C@H]3CC[C@H](NC(=O)N(C)C)CC3)CC2)c1F,8.79
D3,CHEMBL5773072,Cn1nccc1-c1nnc(SCCCN2C[C@@H]3CCN(c4ccccc4C(F)(F)F)[C@@H]3C2)n1C,8.79
D3,CHEMBL3115576,O=C(O)C(=O)O.Oc1ccc2c(c1)O[C@@H](CNCc1ccccc1I)CC2,8.78
D3,CHEMBL3676919,O=C(Cc1ccc2c(c1)OCO2)N[C@H]1CC[C@H](CCN2CCC(c3coc4ccccc34)CC2)CC1,8.78
D3,CHEMBL3985419,Cn1c(SCCCN2CC[C@]3(C[C@@H]3c3ccc(C(F)(F)F)cc3)C2)nnc1-c1ccoc1,8.78
D3,CHEMBL4098174,COc1cc(OC(=O)NCCCCN2CCN(c3cccc(Cl)c3Cl)CC2)ccc1-c1ccccc1,8.78
D3,CHEMBL4293999,O=C(CCCCN1CCC(c2noc3cc(F)ccc23)CC1)c1cc2c3c(c1)CCN3C(=O)CC2,8.78
D3,CHEMBL313620,COc1ccccc1N1CCN(CCCOc2ccc(-c3nc4ccccc4[nH]3)cc2)CC1,8.77
D3,CHEMBL175677,O=C(NC/C=C/CN1CCN(c2cccc(Cl)c2Cl)CC1)c1cccc(F)c1,8.77
D3,CHEMBL202774,CCc1cn(CCCCN2CCN(c3cc(C(F)(F)F)nc(C(C)(C)C)n3)CC2)c(=O)[nH]c1=O,8.77
D3,CHEMBL219274,O=C(NCCCCN1CCN(c2ccccc2Cl)CC1)c1ccc(Cl)cc1,8.77
D3,CHEMBL477250,COc1ccccc1N1CCN(CCCCN2CCc3ccccc3C2=O)CC1,8.77
D3,CHEMBL2203406,CCCN(CC[C@]1(O)C[C@H](NC(=O)c2ccc3ccccc3c2)C1)[C@H]1CCc2nc(N)sc2C1,8.77
D3,CHEMBL3358102,COc1cccc(N2CCN(CCCCNC(=O)c3cc4ccccc4n3C)CC2)c1,8.77
D3,CHEMBL3697960,O=C(CO)N[C@H]1CC[C@H](CCN2CCN(c3cccc4c3OCO4)CC2)CC1,8.77
D3,CHEMBL3676878,CCCC(=O)N[C@H]1CC[C@H](CCN2CCC(c3coc4ccccc34)CC2)CC1,8.77
D3,CHEMBL4060403,O=Cc1cnn2ccc(NC(=O)CCCN3CCN(c4cccc(Cl)c4Cl)CC3)cc12,8.77
D3,CHEMBL4289498,O=C(CCCN1CCC(c2noc3cc(F)ccc23)CC1)c1cc2c3c(c1)CCN3C(=O)CC2,8.77
D3,CHEMBL5639281,C=CCN1C[C@H](OCc2cccnc2)C[C@H]1CNC(=O)c1cc(CCCF)cc(OC)c1OC,8.77
D3,CHEMBL3908174,Cn1nccc1-c1nnc(SCCCN2CC[C@]3(C[C@@H]3c3ccc(C(F)(F)F)cc3)C2)n1C,8.76
D3,CHEMBL3922838,Cn1c(SCCCN2CC[C@]3(C[C@@H]3c3ccc(C(F)(F)F)cc3)C2)nnc1-c1ccc(=O)n(C)c1,8.76
D3,CHEMBL1627311,COc1ccccc1N1CCN(CC(O)CCNC(=O)c2cc3cc(F)ccc3[nH]2)CC1,8.75
D3,CHEMBL456825,CCCN(CCN1CCN(c2ccccc2)CC1)[C@@H]1CCc2ccc(O)cc2C1,8.75
D3,CHEMBL3697998,O=C(N[C@H]1CC[C@H](CCN2CCN(c3cccc4c3OCO4)CC2)CC1)c1cccnc1,8.75
D3,CHEMBL3676859,CC(C)C(=O)N[C@H]1CC[C@H](CCN2CCC(c3coc4ccccc34)CC2)CC1,8.75
D3,CHEMBL5409134,CCc1cc(Cl)c(OC)c(N2CCN(CC[C@H]3CC[C@H](NC(=O)N(C)C)CC3)CC2)c1,8.75
D3,CHEMBL5817174,Cn1c(SCCCN2C[C@@H]3CCN(c4ccccc4C(F)(F)F)[C@@H]3C2)nnc1-c1ccncc1,8.75
D3,CHEMBL5882234,Cn1c(SCCCN2C[C@@H]3CCN(c4ccc(F)cc4)[C@@H]3C2)nnc1-c1ccc(C(N)=O)nc1,8.75
D3,CHEMBL78655,O=C(NC1CCC(CCN2CCN(c3cccc(Cl)c3Cl)CC2)CC1)c1cccs1,8.74
D3,CHEMBL126780,COc1ccccc1N1CCN(CCCCNC(=O)c2cc3ccccc3oc2=O)CC1,8.74
D3,CHEMBL326454,CNc1cc(OC)c(C(=O)N[C@H]2CN(Cc3ccccc3)C[C@H]2C)cc1Cl,8.74
D3,CHEMBL7806,CCCN(CCc1ccsc1)C1CCc2c(O)cccc2C1,8.74
D3,CHEMBL10085,CC(C)Oc1ccccc1N1CCN(Cc2cccc(C(=O)N3CCCCC3)c2)CC1,8.74
D3,CHEMBL242218,COc1ccccc1N1CCN(CC(O)CCNC(=O)c2ccc3c(c2)Cc2ccccc2-3)CC1,8.74
D3,CHEMBL396024,O=C(NCCC(O)CN1CCN(c2cccc(Cl)c2Cl)CC1)c1ccc2c(c1)Cc1ccccc1-2,8.74
D3,CHEMBL1684132,CCCN1CCc2cccc3c2[C@@H]1Cc1cccc(OCCCn2cc(CCN4CCN(c5ccccc5OC)CC4)nn2)c1-3,8.74
D3,CHEMBL1732,CN1C[C@H](C(=O)N[C@]2(C)O[C@@]3(O)[C@@H]4CCCN4C(=O)[C@H](Cc4ccccc4)N3C2=O)C[C@@H]2c3cccc4[nH]cc(c34)C[C@H]21,8.74
D3,CHEMBL1916549,CCCN(CCCCNC(=O)c1ccc(OCCCc2cn(CCCCCCCCn3cc(CCCOc4ccc(C(=O)NCCCCN(CCC)C5Cc6ccccc6C5)cc4OC)nn3)nn2)c(OC)c1)C1Cc2ccccc2C1,8.74
D3,CHEMBL2386609,C=Cc1ccc(C(=O)NCCCCN2CCCN(c3ccccc3OC)CC2)cc1,8.74
D3,CHEMBL538542,CCCN1CCc2cccc3c2[C@H]1Cc1ccc(O)c(O)c1-3.Cl,8.74
D3,CHEMBL3353899,COc1ccccc1N1CCN(CCCCCc2cn(-c3cccc4cnccc34)nn2)CC1,8.74
D3,CHEMBL3322995,O=C(NCCCCN1CCN(c2cccc(C(F)(F)F)c2)CC1)c1cn2ccccc2n1,8.74
D3,CHEMBL3318849,O=C(CCc1cn(CCCCCCCCn2cc(CCC(=O)OC3(c4ccc(Cl)cc4)CCN(CCCC(=O)c4ccc(F)cc4)CC3)nn2)nn1)OC1(c2ccc(Cl)cc2)CCN(CCCC(=O)c2ccc(F)cc2)CC1,8.74
D3,CHEMBL3676899,C/C=C/CC(=O)N[C@H]1CC[C@H](CCN2CCC(c3coc4ccccc34)CC2)CC1,8.74
D3,CHEMBL3697967,CC(C)C(=O)N[C@H]1CC[C@H](CCN2CCN(c3cccc4c3OCO4)CC2)CC1,8.74
D3,CHEMBL3698022,O=C(CF)N[C@H]1CC[C@H](CCN2CCN(c3cccc4c3OCO4)CC2)CC1,8.74
D3,CHEMBL3760063,COc1ccccc1N1CCN(CCCCNC(=O)N2CCOCC2)CC1,8.74
D3,CHEMBL3938107,Cn1c(SCCCN2CC[C@]3(C[C@@H]3c3ccc(C(F)(F)F)cc3)C2)nnc1-c1cccnc1,8.74
D3,CHEMBL4741702,C[C@H]1CN(CC[C@H]2CC[C@H](NC(=O)N3CCOCC3)CC2)CCc2ccc(Cl)cc21,8.74
D3,CHEMBL110239,CCCN(C/C=C/I)C1CCc2ccc(O)cc2C1,8.73
D3,CHEMBL380464,CN1CCc2ccccc2Cc2c(ccc(O)c2Cl)CC1,8.73
D3,CHEMBL3697952,COCCC(=O)N[C@H]1CC[C@H](CCN2CCN(c3cccc4c3OCO4)CC2)CC1,8.73
D3,CHEMBL3697979,O=C(N[C@H]1CC[C@H](CCN2CCN(c3cccc4c3OCO4)CC2)CC1)C1(O)CC1,8.73
D3,CHEMBL3698016,O=S(=O)(CC(F)(F)F)N[C@H]1CC[C@H](CCN2CCN(c3cccc4c3OCO4)CC2)CC1,8.73
D3,CHEMBL3676865,O=C(N[C@H]1CC[C@H](CCN2CCC(c3coc4ccccc34)CC2)CC1)C1CCC1,8.73
D3,CHEMBL3774490,Cn1c(SCCCN2CC3CCN(c4ccc(C(F)(F)F)cc4)C3C2)nnc1-c1ccncc1,8.73
D3,CHEMBL4551160,C[C@H]1CO[C@@H](c2ccc(N)nc2)CN1C[C@H]1C[C@@H]1CCNC(=O)c1cc2ccccc2[nH]1,8.73
D3,CHEMBL5436957,CN(C)C(=O)N1CCC(CCCN2CCN(c3cccc(Cl)c3Cl)CC2)CC1,8.73
D3,CHEMBL105512,CCCN(CCC)C1CCc2nc(N)sc2C1,8.72
D3,CHEMBL383188,CC(C)(C)c1nc(N2CCN(CCCCn3ccc(=O)[nH]c3=O)CC2)cc(C(F)(F)F)n1,8.72
D3,CHEMBL426863,O=C(NCCCCN1CCN(c2cccc(F)c2F)CC1)c1cc2ccc1CCc1ccc(cc1)CC2,8.72
D3,CHEMBL1672304,CCCN1CCc2cc(OCCF)cc3c2[C@H]1Cc1ccc(O)c(O)c1-3,8.72
D3,CHEMBL2165677,CCCCN1CCN(c2cccc(Cl)c2Cl)CC1,8.72
D3,CHEMBL3287397,O=Cc1cnn2ccc(OCCCCN3CCN(c4cccc(Cl)c4Cl)CC3)cc12,8.72
D3,CHEMBL3287406,N#Cc1cc2cc(OCCCCN3CCN(c4cccc(Cl)c4Cl)CC3)ccn2n1,8.72
D3,CHEMBL3642697,COCCC(=O)N[C@H]1CC[C@H](CCN2CCN(c3nccc4sccc34)CC2)CC1,8.72
D3,CHEMBL3642693,CC(=O)N[C@H]1CC[C@H](CCN2CCN(c3nccc4sccc34)CC2)CC1,8.72
D3,CHEMBL2165126,O=C1CCc2ccc(OCCCCN3CCCN(c4cccc(Cl)c4Cl)CC3)cc2N1,8.72
D3,CHEMBL4102628,O=C1CCc2ccc(OCCCCN3CCCN(c4ccc(O)c5[nH]c(=O)ccc45)CC3)cc2N1,8.72
D3,CHEMBL6032885,O=C(NCCCCN1CCN(c2cccc(Cl)c2Cl)CC1)N1CCC(c2ccccc2)CC1,8.72
D3,CHEMBL5808795,O=C(NCCCCN1CCc2sc(OCC(F)(F)F)nc2C1)c1ccc2ccccc2c1,8.72
D3,CHEMBL5927237,Cc1ncc(CC(=O)N[C@H]2CC[C@H](CCN3CCC(c4noc(C)c4C(C)(F)F)CC3)CC2)s1,8.72
D3,CHEMBL5869550,Cc1ncc(CC(=O)N[C@H]2CC[C@H](CCN3CCC(c4nscc4C(C)(F)F)CC3)CC2)s1,8.72
D3,CHEMBL5837140,Cn1cc2c(C(=O)N[C@H]3CC[C@H](CCN4CC5CC5(c5cc(CF)on5)C4)CC3)cccc2n1,8.72
D3,CHEMBL3698004,O=C(N[C@H]1CC[C@H](CCN2CCN(c3cccc4c3OCO4)CC2)CC1)C1CCC1,8.71
D3,CHEMBL3676860,CC(C)CC(=O)N[C@H]1CC[C@H](CCN2CCC(c3coc4ccccc34)CC2)CC1,8.71
D3,CHEMBL3897422,O=S(=O)(N[C@H]1CC[C@H](CCN2CCC(c3noc4cc(F)ccc34)CC2)CC1)c1cccnc1,8.71
D3,CHEMBL2368617,CS(=O)(=O)c1ccc2c(c1)CCN(CC[C@H]1CC[C@H](NC(=O)/C=C/c3ccc(C#N)cc3)CC1)CC2.Cl,8.7
D3,CHEMBL3084626,Cc1cc(-c2cccc(C(=O)N[C@H]3CC[C@H](CCN4CCc5ccc(OS(C)(=O)=O)cc5CC4)CC3)c2)on1.Cl,8.7
D3,CHEMBL3084625,CS(=O)(=O)Oc1ccc2c(c1)CCN(CC[C@H]1CC[C@H](NC(=O)c3cccc4ncccc34)CC1)CC2.Cl,8.7
D3,CHEMBL2368618,COc1cccc(/C=C/C(=O)N[C@H]2CC[C@H](CCN3CCc4ccc(OS(C)(=O)=O)cc4CC3)CC2)c1.Cl,8.7
D3,CHEMBL2368624,CS(=O)(=O)c1ccc2c(c1)CCN(CC[C@H]1CC[C@H](NC(=O)/C=C/c3cccc(C#N)c3)CC1)CC2.Cl,8.7
D3,CHEMBL3084601,CS(=O)(=O)Oc1ccc2c(c1)CCN(CC[C@H]1CC[C@H](NC(=O)c3cccc(-c4ncccn4)c3)CC1)CC2.Cl,8.7
D3,CHEMBL2368627,CS(=O)(=O)c1ccc2c(c1)CCN(CC[C@H]1CC[C@H](NC(=O)/C=C/c3cc(F)cc(F)c3)CC1)CC2.Cl,8.7
D3,CHEMBL319116,O=C(NCCCCN1CC[C@H]2c3cccc(O)c3CC[C@@H]21)c1ccc(-c2ccccc2)cc1,8.7
D3,CHEMBL130101,CCCN(CCC)C1CCc2cc(CCc3ccc(C(=O)OCC)cc3)ccc2C1,8.7
D3,CHEMBL327782,Sc1nc2c(OCCNCc3ccccc3)cccc2[nH]1,8.7
D3,CHEMBL130282,CCCN(CCC)C1CCc2cc(CCc3ccc(/C(C)=N\O)cc3)ccc2C1,8.7
D3,CHEMBL2113347,Cl.N#Cc1ccc2c(c1)CN(CC[C@H]1CC[C@H](NC(=O)c3cc4ccccc4[nH]3)CC1)CC2,8.7
D3,CHEMBL80571,O=C(NC1CCC(CCN2CCN(c3ccccc3)CC2)CC1)C1CCCCC1,8.7
D3,CHEMBL78368,O=C(N[C@H]1CC[C@H](CCN2CCN(c3cccc(Cl)c3)CC2)CC1)c1cccs1,8.7
D3,CHEMBL291545,O=C(/C=C/c1ccc2[nH]ccc2c1)NCCCCN1CCc2ccc(OS(=O)(=O)C(F)(F)F)cc2C1,8.7
D3,CHEMBL279925,Cc1nnc(-c2ccc(-c3ccc(C(=O)NCCCCN4CCc5ccc(OS(=O)(=O)C(F)(F)F)cc5C4)cc3)cc2)o1,8.7
D3,CHEMBL52724,CNC(=O)c1cccc(-c2ccc(C(=O)NCCCCN3CCc4ccc(OS(=O)(=O)C(F)(F)F)cc4C3)cc2)c1,8.7
D3,CHEMBL280177,CCN1CCCCCC1c1ccc(-c2cc(S(=O)(=O)CC)ccc2OC)[nH]1,8.7
D3,CHEMBL20763,CCN1CCCCC1c1ccc(-c2cc(S(=O)(=O)CC)ccc2OC)[nH]1,8.7
D3,CHEMBL134747,CCCN(CCc1ccccc1)C1CCc2ccc(O)cc2C1,8.7
D3,CHEMBL280490,COc1ccc(S(=O)(=O)N(C)C)cc1-c1ccc(CN2CCCCCC2c2ccccc2)[nH]1,8.7
D3,CHEMBL356526,COc1ccc(S(=O)(=O)N2CCc3ccccc3C2)cc1-c1ccc(CN2CCCCCC2c2ccccc2)[nH]1,8.7
D3,CHEMBL367720,O=C(NC/C=C/CN1CCN(c2cccc(Cl)c2Cl)CC1)c1ccncc1,8.7
D3,CHEMBL191855,Nc1cccc(C(=O)NC/C=C/CN2CCN(c3cccc(Cl)c3Cl)CC2)c1,8.7
D3,CHEMBL231334,CCCCc1ccc(S(=O)(=O)Nc2ccc3c(c2)CCN(C)CC3)cc1,8.7
D3,CHEMBL242602,Cc1cc(-c2ccc3c(c2)CCN(CCSc2nnc(-c4ccc(F)c(F)c4)n2C)CC3)n(C)n1,8.7
D3,CHEMBL243859,Cc1cc(-c2ccc3c(c2)CCN(CCCSc2nnc(C4CCCC4)n2C)CC3)no1,8.7
D3,CHEMBL243707,Cc1ccc2c(-c3nnc(SCCCN4CCc5ccc(-c6cc(C)on6)cc5CC4)n3C)cccc2n1,8.7
D3,CHEMBL244084,Cc1ccc2c(-c3nnc(SCCCN4CCc5ccc(-c6ncc(C)o6)cc5CC4)n3C)cccc2n1,8.7
D3,CHEMBL256442,CCc1nc2ccc3c(c2s1)CCN(CCCSc1nnc(-c2cccc4nc(C)ccc24)n1C)CC3,8.7
D3,CHEMBL256488,Cc1ccc2c(-c3nnc(SCCCN4CCc5ccc6nc(C(C)(F)F)oc6c5CC4)n3C)cccc2n1,8.7
D3,CHEMBL3084523,O[C@@]1(c2ccc(Cl)cc2)C[C@H]2CC[C@@H](C1)N2Cc1coc2c1ccc1ccccc12,8.7
D3,CHEMBL1079837,COc1ccc(C23CC2CN(CCCSc2nnc(-c4ocnc4C)n2C)C3)cc1,8.7
D3,CHEMBL1916720,CCCN(CCCCNC(=O)c1ccc(OCCCc2cn(CCCCCCCCn3cc(CCCOc4ccc(C(=O)NCCCCN5CCN(c6ccccc6OC)CC5)cc4OC)nn3)nn2)c(OC)c1)C1Cc2ccccc2C1,8.7
D3,CHEMBL1916552,CCCCn1cc(CCCOc2ccc(C(=O)NCCCCN3CCN(c4ccccc4OC)CC3)cc2OC)nn1,8.7
D3,CHEMBL3133863,O=C(NC/C=C/CN1CCN(c2ccccc2OCCF)CC1)c1cc2ccccc2[nH]1.O=C(O)C(=O)O,8.7
D3,CHEMBL3287399,O=Cc1cnn2cc(OCCCCN3CCN(c4cccc(Cl)c4Cl)CC3)ccc12,8.7
D3,CHEMBL3590082,CCCN(CCCCNC(=O)/N=N/c1ccc(F)c(F)c1)C1Cc2ccccc2C1,8.7
D3,CHEMBL3597637,COc1c(Cl)cccc1N1CCN(CCCCNC(=O)c2cnc3ccccc3c2)CC1,8.7
D3,CHEMBL3639968,O=C(N[C@H]1CC[C@H](CCN2CCN(c3cccc4c3OCO4)CC2)CC1)N1CCc2ccccc21,8.7
D3,CHEMBL3676853,O=C(CC1COCCO1)N[C@H]1CC[C@H](CCN2CCC(c3coc4ccccc34)CC2)CC1,8.7
D3,CHEMBL3695372,Cc1cc(CC(=O)N[C@H]2CC[C@H](CCN3CCC(c4cccc5c4CCO5)CC3)CC2)on1,8.7
D3,CHEMBL3758913,COc1ccccc1N1CCN(CCCCNC(=O)CC2CCCCC2)CC1,8.7
D3,CHEMBL3775243,Cn1c(SCCCN2CC3CCN(c4ccc(C(F)(F)F)cc4)C3C2)nnc1N1CCOCC1,8.7
D3,CHEMBL3775256,Cn1c(SCCCN2CC3CCN(c4ccc(C(F)(F)F)cc4)C3C2)nnc1-c1nccs1,8.7
D3,CHEMBL3775667,Cn1c(SCCCN2CC3CCN(c4cccc(C#N)c4)C3C2)nnc1-c1cnccn1,8.7
D3,CHEMBL3774996,Cn1c(SCCCN2CC3CCN(c4ccc(F)cc4)C3C2)nnc1-c1cnccn1,8.7
D3,CHEMBL3917887,Cc1ncoc1-c1nnc(SCCCN2CC[C@]3(C[C@@H]3c3ccc(F)cc3F)C2)n1C,8.7
D3,CHEMBL3897134,Cn1c(SCCCN2CC[C@]3(C[C@@H]3c3ccc(F)cc3)C2)nnc1-c1cccnc1,8.7
D3,CHEMBL3923240,CCOC(=O)N[C@H]1CC[C@@H](CCN2CCN(c3nsc4ccccc34)CC2)CC1,8.7
D3,CHEMBL4064742,O=C1CCc2ccc(OCCCCN3CCCN(c4ccc(O)c5c4OCC(=O)N5)CC3)cc2N1,8.7
D3,CHEMBL4590211,CCCN(CCCCNC(=O)c1ccc2ccccc2c1)CC1CC1c1cccc(Cl)c1Cl.Cl,8.7
D3,CHEMBL4876260,O=C(NCc1ccccc1CN1CCc2cc(O)c(O)cc2C1)c1cccc(Br)c1,8.7
D3,CHEMBL5852437,O=C(NCCCCN1CCN(c2ccccc2)CC1)N1CCN(c2ccccc2)CC1,8.7
D3,CHEMBL5808693,Cn1c(SCCCN2C[C@H]3CCN(c4ccc(C(F)(F)F)cc4)[C@H]3C2)nnc1N1CCOCC1,8.7
D3,CHEMBL5859047,Cn1c(SCCCN2C[C@H]3CCN(c4ccc(C(F)(F)F)cc4)[C@H]3C2)nnc1-c1cnccn1,8.7
D3,CHEMBL3697972,O=C(CC1COC1)N[C@H]1CC[C@H](CCN2CCN(c3cccc4c3OCO4)CC2)CC1,8.69
D3,CHEMBL3676893,O=C(CC1CCC1)N[C@H]1CC[C@H](CCN2CCC(c3coc4ccccc34)CC2)CC1,8.69
D3,CHEMBL366904,O=C(NC/C=C/CN1CCN(c2cccc(Cl)c2Cl)CC1)c1cc2ccccc2o1,8.68
D3,CHEMBL243012,COc1ccc(C2=NO[C@H](CCCN3CCN(C(c4ccc(F)cc4)c4ccc(F)cc4)CC3)C2)cc1OC,8.68
D3,CHEMBL243224,CCOc1ccccc1N1CCN(CCC[C@@H]2CC(c3ccc(OC)c(OC)c3)=NO2)CC1,8.68
D3,CHEMBL3084520,COc1ccc2occ(CN3[C@@H]4CC[C@H]3C[C@](O)(c3ccc(Cl)cc3)C4)c2c1,8.68
D3,CHEMBL1169896,CN1CN(c2ccccc2)C2(CCN(Cc3coc4ccccc34)CC2)C1=O.O=C(O)C(=O)O,8.68
D3,CHEMBL59713,COc1cc(Br)cc(C(=O)NCCCCN2CCN(c3cccc(Cl)c3Cl)CC2)c1OC,8.68
D3,CHEMBL3287395,CCOC(=O)c1cc2cc(OCCCCN3CCN(c4cccc(Cl)c4Cl)CC3)ccn2n1,8.68
D3,CHEMBL3353913,COc1ccccc1N1CCN(CCCCc2cn(-c3ccc(SC)cc3)nn2)CC1,8.68
D3,CHEMBL3590086,Cc1ccc(Cl)c(N2CCN(CCCCNC(=O)c3ccc4oc(=O)[nH]c4c3)CC2)c1,8.68
D3,CHEMBL3676900,CC#CC(=O)N[C@H]1CC[C@H](CCN2CCC(c3coc4ccccc34)CC2)CC1,8.68
D3,CHEMBL3698001,O=C(Cc1ccc2c(c1)OCO2)N[C@H]1CC[C@H](CCN2CCN(c3cccc4c3OCO4)CC2)CC1,8.68
D3,CHEMBL3698003,O=C(CC1CCOCC1)N[C@H]1CC[C@H](CCN2CCN(c3cccc4c3OCO4)CC2)CC1,8.68
D3,CHEMBL3903779,Cn1c(SCCCN2CC[C@]3(C[C@@H]3c3ccc(C(F)(F)F)cc3)C2)nnc1C1CC2CCC(C1)O2,8.68
D3,CHEMBL4100735,NC(=O)c1cccc(-c2cccc(OC(=O)NCCCN3CCN(c4ccccc4)CC3)c2)c1,8.68
D3,CHEMBL4283982,COc1cc2c(cc1O)CN(CCCCNC(=O)c1ccc(Cl)cc1)CC2,8.68
D3,CHEMBL4553059,CCc1cccc(N2CCN(CC(F)CCNC(=O)c3cc4ccccc4o3)CC2)c1Cl,8.68
D3,CHEMBL129429,COc1ccccc1N1CCN(CCCCNC(=O)/C=C/c2ccc(C(F)(F)F)cc2)CC1,8.67
D3,CHEMBL3597650,COc1ccccc1N1CCN(CCCCNC(=O)c2cnc3ccc(F)cc3c2)CC1,8.67
D3,CHEMBL3676916,CC(C)(C)Oc1ccc(C(=O)N[C@H]2CC[C@H](CCN3CCC(c4coc5ccccc45)CC3)CC2)cc1,8.67
D3,CHEMBL3085821,CC(C)(C)OC(=O)N[C@H]1CC[C@H](CCN2CCN(c3cccc(Cl)c3Cl)CC2)CC1,8.67
D3,CHEMBL5956471,Cn1c(SCCCN2C[C@H]3CCN(c4ccc(C(F)(F)F)cc4)[C@H]3C2)nnc1-c1cccnc1,8.67
D3,CHEMBL5748406,Cn1c(SCCCN2C[C@@H]3CCN(c4ccc(C(F)(F)F)cc4)[C@@H]3C2)nnc1C1CCC(O)CC1,8.67
D3,CHEMBL336851,CCCN(C/C=C/I)C1CCc2cc(O)ccc2C1,8.66
D3,CHEMBL426994,Nc1ccccc1C(=O)NC/C=C/CN1CCN(c2cccc(Cl)c2Cl)CC1,8.66
D3,CHEMBL380171,COc1cccn(CCCCN2CCN(c3cc(C(F)(F)F)nc(C(C)(C)C)n3)CC2)c1=O,8.66
D3,CHEMBL1627319,COc1ccccc1N1CCN(CC(O)CCNC(=O)c2cc3cc(I)ccc3o2)CC1,8.66
D3,CHEMBL3577343,C#CC1=CC[C@H](N(CCC)CCCCNC(=O)c2ccc(OCCCc3cn(CCCC)nn3)c(OC)c2)CO1,8.66
D3,CHEMBL3613878,Clc1cccc(N2CCN(CCc3cn(-c4ccn5nccc5c4)nn3)CC2)c1Cl,8.66
D3,CHEMBL3676895,O=C(N[C@H]1CC[C@H](CCN2CCC(c3coc4ccccc34)CC2)CC1)c1ccc(C(F)(F)F)cc1,8.66
D3,CHEMBL3676902,CCCCC(=O)N[C@H]1CC[C@H](CCN2CCC(c3coc4ccccc34)CC2)CC1,8.66
D3,CHEMBL3697992,C[C@@H](O)C(=O)N[C@H]1CC[C@H](CCN2CCN(c3cccc4c3OCO4)CC2)CC1,8.66
D3,CHEMBL3695362,CCC(=O)N[C@H]1CC[C@H](CCN2CCC(c3cccc4occc34)CC2)CC1,8.66
D3,CHEMBL3698018,O=S(=O)(N[C@H]1CC[C@H](CCN2CCN(c3cccc4c3OCO4)CC2)CC1)c1ccc(F)cc1,8.66
D3,CHEMBL3964512,Cn1c(SCCCN2CC[C@]3(C[C@@H]3c3ccc(C(F)(F)F)cc3)C2)nnc1C1=CCC(=O)N=C1,8.66
D3,CHEMBL4069091,O=C(CCCN1CCN(c2cccc(Cl)c2Cl)CC1)Nc1ccn2ncc(/C=N\O)c2c1,8.66
D3,CHEMBL4439544,CCCN(CCCCNC(=O)c1cc2ccccc2[nH]1)C[C@@H]1C[C@H]1c1cccc(Cl)c1Cl.Cl,8.66
D3,CHEMBL5081136,CCc1cc(Cl)c(OC)c(C(=O)NC[C@@H]2C[C@@H](OCCCCNCCC(C(=O)N(C)C)(c3ccccc3)c3ccccc3)CN2)c1O,8.66
D3,CHEMBL6006999,Cc1ncc(CC(=O)N[C@H]2CC[C@H](CCN3CC4CC4(c4cc(CF)on4)C3)CC2)s1,8.66
D3,CHEMBL157036,CCCN(CCCCN1CCN(c2cccc(Cl)c2Cl)CC1)C1CCc2ccc(O)cc2C1,8.65
D3,CHEMBL3676862,O=C(N[C@H]1CC[C@H](CCN2CCC(c3coc4ccccc34)CC2)CC1)C1CCOC1,8.65
D3,CHEMBL3676879,CC(C)(O)CC(=O)N[C@H]1CC[C@H](CCN2CCC(c3coc4ccccc34)CC2)CC1,8.65
D3,CHEMBL3676892,CC[C@H](O)CC(=O)N[C@H]1CC[C@H](CCN2CCC(c3coc4ccccc34)CC2)CC1,8.65
D3,CHEMBL3676870,O=C(CC1CC1)N[C@H]1CC[C@H](CCN2CCC(c3coc4ccccc34)CC2)CC1,8.65
D3,CHEMBL3698019,Cn1cnc(S(=O)(=O)N[C@H]2CC[C@H](CCN3CCN(c4cccc5c4OCO5)CC3)CC2)c1,8.65
D3,CHEMBL5882179,Cc1ncoc1-c1nnc(SCCCN2C[C@@H]3CCN(c4ccc(C(F)(F)F)cc4)[C@@H]3C2)n1C,8.65
D3,CHEMBL364759,O=C(NC/C=C/CN1CCN(c2cccc(Cl)c2Cl)CC1)c1cccc([N+](=O)[O-])c1,8.64
D3,CHEMBL201240,CC(C)(C)c1nc(N2CCN(CCCCn3cc(Cl)c(=O)[nH]c3=O)CC2)cc(C(F)(F)F)n1,8.64
D3,CHEMBL203016,Cc1cccn(CCCCN2CCN(c3cc(C(F)(F)F)nc(C(C)(C)C)n3)CC2)c1=O,8.64
D3,CHEMBL485128,CCCN1CCO[C@@H]2c3cc4c(cc3CC[C@H]21)COC4=O,8.64
D3,CHEMBL484599,CCCN1CCO[C@@H]2c3cc(C(N)=O)ccc3CC[C@H]21,8.64
D3,CHEMBL3287392,Clc1cccc(N2CCN(CCCCOc3ccc4ccnn4c3)CC2)c1Cl,8.64
D3,CHEMBL3353914,COc1ccccc1N1CCN(CCCCCc2cn(-c3ccc(SC)cc3)nn2)CC1,8.64
D3,CHEMBL3695364,CS(=O)(=O)CC(=O)N[C@H]1CC[C@H](CCN2CCC(c3cccc4occc34)CC2)CC1,8.64
D3,CHEMBL3697968,CC(C)CC(=O)N[C@H]1CC[C@H](CCN2CCN(c3cccc4c3OCO4)CC2)CC1,8.64
D3,CHEMBL3676880,O=C(C[C@@H](O)C(F)(F)F)N[C@H]1CC[C@H](CCN2CCC(c3coc4ccccc34)CC2)CC1,8.64
D3,CHEMBL3775771,Cn1c(SCCCN2CC3CCN(c4c(F)cccc4F)C3C2)nnc1-c1cnccn1,8.64
D3,CHEMBL3950977,O=C(N[C@H]1CC[C@@H](CCN2CCN(c3nsc4ccccc34)CC2)CC1)c1ccco1,8.64
D3,CHEMBL4099798,COc1ccccc1N1CCN(CCCCNC(=O)Oc2cccc(-c3cccc(C(N)=O)c3)c2)CC1,8.64
D3,CHEMBL4091064,N#Cc1cnn2ccc(NC(=O)CCCN3CCN(c4cccc(Cl)c4Cl)CC3)cc12,8.64
D3,CHEMBL4103639,O=Cc1cnn2ccc(OCCCCN3CCN(c4ccc(O)c5[nH]c(=O)ccc45)CC3)cc12,8.64
D3,CHEMBL5997476,COc1ccc2c(c1)CN(C(=O)NCCCCN1CCN(c3cc(C(F)(F)F)nc(C(C)(C)C)n3)CC1)C2,8.64
D3,CHEMBL5861241,CC(C)(C)c1nc(N2CCN(CCCCNC(=O)N3CCc4ccccc4CC3)CC2)cc(C(F)(F)F)n1,8.64
D3,CHEMBL5961668,Cc1nc(CC(=O)N[C@H]2CC[C@H](CCN3CCc4nc(CCC(F)(F)F)sc4CC3)CC2)no1,8.64
D3,CHEMBL6027518,Cc1nc(C(=O)N[C@H]2CC[C@H](CCN3CCc4nc(OCC(F)(F)F)sc4CC3)CC2)no1,8.64
D3,CHEMBL4225278,CCCCCCCCCN1CCC(c2cccc(O)c2)C1,8.63
D3,CHEMBL80875,Cc1cccc(N2CCN(CC[C@H]3CC[C@H](NC(=O)c4cccs4)CC3)CC2)c1,8.62
D3,CHEMBL64553,Oc1ccc2c(c1)O[C@@H](CNCc1ccccc1)CC2,8.62
D3,CHEMBL134807,O=C(O)C(=O)O.Oc1ccc2c(c1)O[C@@H](CNCc1ccccc1)CC2,8.62
D3,CHEMBL303556,O=C1Cc2c(ccc3c2O[C@@H](CNCc2ccccc2)CC3)N1,8.62
D3,CHEMBL182652,COc1ccccc1N1CCN(CCCCNC(=O)c2ccc(I)s2)CC1,8.62
D3,CHEMBL372020,CCCN(CCC)[C@H]1CCn2c(C#N)ccc2C1,8.62
D3,CHEMBL425285,CCCc1c(C(=O)NCCCCN2CCN(c3cccc(Cl)c3Cl)CC2)nnn1Cc1ccccc1,8.62
D3,CHEMBL241455,O=C(/C=C/c1ccccc1)NCCCCN1CCN(C(c2ccccc2)c2ccc(Cl)cc2)CC1,8.62
D3,CHEMBL1688991,COc1ccccc1N1CCN(CCCCNC(=O)c2ccc(CCF)cc2)CC1,8.62
D3,CHEMBL3697997,O=C(N[C@H]1CC[C@H](CCN2CCN(c3cccc4c3OCO4)CC2)CC1)c1ccnc2ccccc12,8.62
D3,CHEMBL3953892,O=C(NC1CCC(CCN2CCC(c3coc4ccccc34)CC2)CC1)c1ccc2ncccc2c1,8.62
D3,CHEMBL3956758,Cn1cc(-c2nnc(SCCCN3CC[C@]4(C[C@@H]4c4ccc(C(F)(F)F)cc4)C3)n2C)cn1,8.62
D3,CHEMBL4096858,CC(C)(C)c1nc(N2CCN(CCCCNC(=O)c3cc4ccccc4s3)CC2)cc(C(F)(F)F)n1,8.62
D3,CHEMBL4471817,CCc1cccc(N2CCN(CCCCOc3ccc4c(c3)NC(=O)CC4)CC2)c1Cl,8.62
D3,CHEMBL5402212,CN(C)C(=O)N[C@H]1CC[C@H](CCN2CCN(c3cccc(C(F)(F)F)n3)CC2)CC1,8.62
D3,CHEMBL5647349,C=CCN1C[C@H](OCCO)C[C@H]1CNC(=O)c1cc(CCCF)cc(OC)c1OC,8.62
D3,CHEMBL6001811,Cn1cc2c(C(=O)N[C@H]3CC[C@H](CCN4CCC5CC5(c5cc(C(C)(F)F)on5)C4)CC3)cccc2n1,8.62
D3,CHEMBL3676887,CN(C)C(=O)CCC(=O)N[C@H]1CC[C@H](CCN2CCC(c3coc4ccccc34)CC2)CC1,8.61
D3,CHEMBL3698023,O=C(C[C@H]1C[C@H](CO)C1)N[C@H]1CC[C@H](CCN2CCN(c3cccc4c3OCO4)CC2)CC1,8.61
D3,CHEMBL3953042,CC(=O)N[C@H]1CC[C@H](CCN2CCC(c3noc4ccc(F)cc34)CC2)CC1,8.61
D3,CHEMBL4078379,CCCn1c(=O)n2c3c(cccc31)C[C@@H](N(C)CCCCNC(=O)c1cc3ccccc3[nH]1)C2,8.61
D3,CHEMBL4068843,N#Cc1ccc2c(c1)CN(C[C@@H]1C[C@H]1CCNC(=O)c1cc3cccnc3[nH]1)CC2,8.61
D3,CHEMBL3084613,Cc1nc(-c2cccc(C(=O)N[C@H]3CC[C@H](CCN4CCc5ccc(OS(C)(=O)=O)cc5CC4)CC3)c2)no1.Cl,8.6
D3,CHEMBL3084624,CS(=O)(=O)Oc1ccc2c(c1)CCN(CC[C@H]1CC[C@H](NC(=O)c3cccc4ccccc34)CC1)CC2.Cl,8.6
D3,CHEMBL2368619,CS(=O)(=O)c1ccc2c(c1)CCN(CC[C@H]1CC[C@H](NC(=O)/C=C/c3c(F)cccc3F)CC1)CC2.Cl,8.6
D3,CHEMBL78916,CC(=O)N[C@H]1CC[C@H](CCN2CCN(c3ccccc3)CC2)CC1,8.6
D3,CHEMBL126948,COc1ccccc1N1CCN(CCCCNC(=O)c2ccc(C(=O)c3ccccc3)cc2)CC1.O=C(O)C(=O)O,8.6
D3,CHEMBL293159,N#Cc1ccc2c(c1)[C@H]1CN(Cc3ccccc3)C[C@@H]1CO2,8.6
D3,CHEMBL332270,CCN(Cc1cccc(Cl)c1)Cc1ccc(-c2cc(S(=O)(=O)CC)ccc2OC)[nH]1,8.6
D3,CHEMBL321244,CCN(Cc1ccc(-c2cc(S(=O)(=O)CC)ccc2OC)[nH]1)[C@@H](C)c1ccccc1,8.6
D3,CHEMBL367129,CC(=O)c1ccc(-c2ccc(C(=O)NCCCCN3CCc4ccc(OS(=O)(=O)C(F)(F)F)cc4C3)cc2)cc1,8.6
D3,CHEMBL54777,CNC(=O)c1ccc(-c2ccc(C(=O)NCCCCN3CCc4ccc(OS(=O)(=O)C(F)(F)F)cc4C3)cc2)cc1,8.6
D3,CHEMBL297960,O=C(NCCCCN1CCc2ccc(OS(=O)(=O)C(F)(F)F)cc2C1)c1ccc(-c2ccc(N3CCCC3=O)cc2)cc1,8.6
D3,CHEMBL52466,O=C(/C=C/c1ccc2nc(O)ccc2c1)NCCCCN1CCc2ccc(OS(=O)(=O)C(F)(F)F)cc2C1,8.6
D3,CHEMBL59642,CN(CCCCNC(=O)c1ccc(-c2ccccc2)cc1)C1CCc2c(O)cccc2C1,8.6
D3,CHEMBL61444,CCCN(CCCCNC(=O)c1ccc(-c2ccccc2)cc1)C1CCc2c(cccc2OCC2CC2)C1,8.6
D3,CHEMBL175838,O=C(NC/C=C/CN1CCN(c2cccc(Cl)c2Cl)CC1)c1cccnc1,8.6
D3,CHEMBL201318,CC(C)(C)c1nc(N2CCN(CCCCN3C(=O)CCCc4c(O)cccc43)CC2)cc(C(F)(F)F)n1,8.6
D3,CHEMBL231648,CN1CCc2cc(Cl)c(NS(=O)(=O)c3ccc(-c4ccc(Cl)cc4)cc3)cc2CC1,8.6
D3,CHEMBL394862,O=C(NCC(O)CCN1CCN(c2cccc(Cl)c2Cl)CC1)c1ccc2c(c1)Cc1ccccc1-2,8.6
D3,CHEMBL244945,COc1ccc(-c2nnc(SCCCN3CCc4ccc(-c5cc(C)on5)cc4CC3)n2C)cn1,8.6
D3,CHEMBL244087,Cc1cc(-c2ccc3c(c2)CCN(CCCSc2nnc(-c4ccccc4Cl)n2C)CC3)no1,8.6
D3,CHEMBL243898,Cc1cc(-c2ccc3c(c2)CCN(CCCSc2nnc(-c4ccccn4)n2C)CC3)no1,8.6
D3,CHEMBL272775,Cc1ncoc1-c1nnc(SCCCN2CCc3ccc4nc(C(C)(F)F)oc4c3CC2)n1C,8.6
D3,CHEMBL271631,CCc1nc2cc3c(cc2s1)CCN(CCCSc1nnc(-c2cccc4nc(C)ccc24)n1C)CC3,8.6
D3,CHEMBL256477,CCc1nn(C)c2cc3c(cc12)CCN(CCCSc1nnc(-c2cccc4nc(C)ccc24)n1C)CC3,8.6
D3,CHEMBL560177,O=C1N(CCN2Cc3ccccc3C2)CCN1c1cccc(Cl)c1,8.6
D3,CHEMBL559029,O=C1N(CCN2Cc3ccccc3C2)CCN1c1cccc(C(F)(F)F)c1,8.6
D3,CHEMBL559856,N#Cc1cccc(N2CCN(CCN3Cc4ccccc4C3)C2=O)c1,8.6
D3,CHEMBL551914,CC1CCN(CCN2CCN(c3cccc(Cl)c3)C2=O)CC1,8.6
D3,CHEMBL563635,CCN(CC)CCN1CCN(c2cccc(Cl)c2)C1=O,8.6
D3,CHEMBL563860,O=C1N(CCN2C[C@H]3CC[C@@H]2C3)CCN1c1cccc(Cl)c1,8.6
D3,CHEMBL562464,O=C1N(CCN2C[C@@H]3CC[C@H]2Cc2ccccc2C3)CCN1c1cccc(Cl)c1,8.6
D3,CHEMBL1081747,Cc1ncoc1-c1nnc(SCCCN2CC3CC3(c3ccc(Cl)cc3F)C2)n1C,8.6
D3,CHEMBL1224698,C=CCN1C[C@H]2C[C@@]2(c2ccc(NS(=O)(=O)c3ccc(C(C)C)cc3)cc2)C1,8.6
D3,CHEMBL1224638,CC(C)c1ccc(S(=O)(=O)Nc2ccc([C@]34CNC[C@H]3C4)cc2)cc1,8.6
D3,CHEMBL1258833,Cc1ncoc1-c1nnc(SCCCN2CCC3(CCc4ccc(Br)cc43)C2)n1C,8.6
D3,CHEMBL1258383,Cc1ccc(C)c(N2CCN(CCCCNC(=O)c3cc4ccccc4s3)CC2)c1,8.6
D3,CHEMBL1689005,O=C(NCCCCN1CCN(c2ccccc2OCCF)CC1)c1ccc(OCCOCCF)cc1.O=C(O)C(=O)O,8.6
D3,CHEMBL1626,CN1CCC[C@@H]1CCO[C@](C)(c1ccccc1)c1ccc(Cl)cc1,8.6
D3,CHEMBL2386613,COc1ccccc1N1CCCN(CCCCNC(=O)c2cc3ccccc3[nH]2)CC1,8.6
D3,CHEMBL3597647,COc1ccccc1N1CCN(CCCCNC(=O)c2ccc3cc(F)ccc3n2)CC1,8.6
D3,CHEMBL3697973,CO[C@@H]1CC[C@@H](CC(=O)N[C@H]2CC[C@H](CCN3CCN(c4cccc5c4OCO5)CC3)CC2)C1,8.6
D3,CHEMBL3664821,O=C(CC1CC1)N[C@H]1CC[C@H](CCN2CCC(c3cccc4c3OCO4)CC2)CC1,8.6
D3,CHEMBL3697955,O=C(C[C@@H]1COCCO1)N[C@H]1CC[C@H](CCN2CCN(c3cccc4c3OCO4)CC2)CC1,8.6
D3,CHEMBL3676914,Cc1ccc(C(=O)N[C@H]2CC[C@H](CCN3CCC(c4coc5ccccc45)CC3)CC2)cn1,8.6
D3,CHEMBL3676891,CC[C@@H](O)CC(=O)N[C@H]1CC[C@H](CCN2CCC(c3coc4ccccc34)CC2)CC1,8.6
D3,CHEMBL3775482,Cc1cc(-c2nnc(SCCCN3CC4CCN(c5ccc(C(F)(F)F)cc5)C4C3)n2C)on1,8.6
D3,CHEMBL3774783,Cn1c(SCCCN2CC3CCN(c4ccccc4C(F)(F)F)C3C2)nnc1-c1cnccn1,8.6
D3,CHEMBL3775967,Cc1ncoc1-c1nnc(SCCCN2CC3CCN(c4c(F)cccc4F)C3C2)n1C,8.6
D3,CHEMBL1423,O=c1[nH]c2ccccc2n1C1CCN(CCCC(c2ccc(F)cc2)c2ccc(F)cc2)CC1,8.6
D3,CHEMBL5639796,C=CCN1C[C@@H](OCCCN)C[C@@H]1CNC(=O)c1cc(CCCF)cc(OC)c1OC,8.6
D3,CHEMBL5836615,Cn1c(SCCCN2C[C@@H]3CCN(c4ccc(C(F)(F)F)cc4)[C@@H]3C2)nnc1C1CCCC1,8.6
D3,CHEMBL5882508,Cn1c(SCCCN2C[C@@H]3CCN(c4ccccc4C(F)(F)F)[C@@H]3C2)nnc1-c1cnccn1,8.6
D3,CHEMBL109101,Nc1ccc(C#CCCN2CC=C(c3ccccc3)CC2)nc1,8.59
D3,CHEMBL538723,CCOc1ccccc1N1CCN(CCCCc2cc(-c3ccc(OC)c(OC)c3)no2)CC1.Cl,8.59
D3,CHEMBL12713,O=C1NCCN1CCN1CCC(c2cn(-c3ccc(F)cc3)c3ccc(Cl)cc23)CC1,8.59
D3,CHEMBL53,CN1CCc2cccc3c2[C@H]1Cc1ccc(O)c(O)c1-3,8.59
D3,CHEMBL175466,O=C(NC/C=C/CN1CCN(c2cccc(Cl)c2Cl)CC1)c1ccc(Cl)cc1,8.59
D3,CHEMBL179025,O=C(NC/C=C/CN1CCN(c2cccc(Cl)c2Cl)CC1)c1ccccn1,8.59
D3,CHEMBL202175,CC(C)(C)c1ccn(CCCCN2CCN(c3cc(C(F)(F)F)nc(C(C)(C)C)n3)CC2)c(=O)n1,8.59
D3,CHEMBL1774537,O=C(NCCC(F)CN1CCN(c2cccc(Cl)c2Cl)CC1)c1ccc2c(c1)Cc1ccccc1-2,8.59
D3,CHEMBL3697970,O=C(N[C@H]1CC[C@H](CCN2CCN(c3cccc4c3OCO4)CC2)CC1)C1CC1(F)F,8.59
D3,CHEMBL3697953,O=C(CC1COCCO1)N[C@H]1CC[C@H](CCN2CCN(c3cccc4c3OCO4)CC2)CC1,8.59
D3,CHEMBL3958949,COc1ncccc1-c1nnc(SCCCN2CC[C@]3(C[C@@H]3c3ccc(C(F)(F)F)cc3)C2)n1C,8.59
D3,CHEMBL4072282,COc1ccccc1N1CCN(CCCNC(=O)Oc2ccc(-c3cccc(C(N)=O)c3)cc2)CC1,8.59
D3,CHEMBL4456007,CCCN(CCCCNC(=O)c1cc2ccccc2[nH]1)CC1CC1c1cccc(Cl)c1Cl.Cl,8.59
D3,CHEMBL5641706,C=CCO[C@@H]1C[C@@H](CNC(=O)c2cc(CCCF)cc(OC)c2OC)N(CC=C)C1,8.59
D3,CHEMBL5819427,CC(C)(C)c1nc(N2CCN(CCCCNC(=O)N3CCN(c4ccncc4)CC3)CC2)cc(C(F)(F)F)n1,8.59
D3,CHEMBL5930107,Cn1c(SCCCN2C[C@@H]3CCN(c4ccc(C(F)(F)F)cc4)[C@@H]3C2)nnc1-c1ccncn1,8.59
D3,CHEMBL5744851,O=C(N[C@H]1CC[C@H](CCN2CCc3sc(Br)nc3C2)CC1)c1cccc2ncccc12,8.59
D3,CHEMBL570187,CCCN(CCN1CCN(c2ccnc3ccccc23)CC1)C1CCc2ccc(O)cc2C1,8.58
D3,CHEMBL19215,CN1C[C@H](CNC(=O)OCc2ccccc2)C[C@@H]2c3cccc4c3c(cn4C)C[C@H]21,8.58
D3,CHEMBL3265063,CCCN(CC[C@]1(O)C[C@@H](NC(=O)c2ccc3ccccc3c2)C1)C1CC1c1ccc(Cl)cc1,8.58
D3,CHEMBL3664883,O=S(=O)(N[C@H]1CC[C@H](CCN2CCC(c3cccc4c3OCO4)CC2)CC1)c1ccc(F)cc1,8.58
D3,CHEMBL3963243,Cn1c(SCCCN2CC[C@]3(C[C@@H]3c3ccc(C(F)(F)F)cc3)C2)nnc1C1CCN(C(N)=O)CC1,8.58
D3,CHEMBL3965582,O=C(N[C@H]1CC[C@H](CCN2CCC(c3noc4cc(F)ccc34)CC2)CC1)c1ccc(-n2cccc2)cc1,8.58
D3,CHEMBL4457171,CCCN(CCCCCc1ccc(O)c(O)c1)[C@H]1CCc2nc(N)sc2C1,8.58
D3,CHEMBL4868595,CCc1cc(Cl)c(OC)c(C(=O)NC[C@@H]2C[C@@H](OCCCc3ccccc3)CN2)c1O,8.58
D3,CHEMBL285802,CN(C)CCOC1=Cc2ccccc2Sc2ccc(Cl)cc21,8.57
D3,CHEMBL176884,O=C(NC/C=C/CN1CCN(c2cccc(Cl)c2Cl)CC1)c1cccc(Cl)c1,8.57
D3,CHEMBL424678,CC(C)(C)c1nc(N2CCN(CCCCNC(=O)NCc3ccccc3)CC2)cc(C(F)(F)F)n1,8.57
D3,CHEMBL239706,O=C(NCCCCN1CCC(=C2c3ccc(Cl)cc3CCc3cccnc32)CC1)c1cc2ccccc2s1,8.57
D3,CHEMBL1684028,CCCN1CCc2cccc3c2C1Cc1cccc(OCc2cn(CCCCN4CCN(c5ccccc5OC)CC4)nn2)c1-3,8.57
D3,CHEMBL1765637,CCCN(CCCCNC(=O)Cc1ccccc1)C1Cc2ccccc2C1,8.57
D3,CHEMBL1813595,O=C(O)C(=O)O.O=c1ccc2ccc(OCCCCN3CCN(c4ccccc4OCCF)CC3)cc2[nH]1,8.57
D3,CHEMBL2430440,COc1ccccc1N1CCN(CCCCn2cc(-c3ccc(N)cc3)nn2)CC1,8.57
D3,CHEMBL3676872,O=C(N[C@H]1CC[C@H](CCN2CCC(c3coc4ccccc34)CC2)CC1)C1CC1,8.57
D3,CHEMBL3642701,O=C(CC1CCOCC1)N[C@H]1CC[C@H](CCN2CCN(c3nccc4sccc34)CC2)CC1,8.57
D3,CHEMBL3642699,CO[C@@H]1CC[C@@H](CC(=O)N[C@H]2CC[C@H](CCN3CCN(c4nccc5sccc45)CC3)CC2)C1,8.57
D3,CHEMBL3676901,O=CN[C@H]1CC[C@H](CCN2CCC(c3coc4ccccc34)CC2)CC1,8.57
D3,CHEMBL3676915,N#Cc1ccc(C(=O)N[C@H]2CC[C@H](CCN3CCC(c4coc5ccccc45)CC3)CC2)cc1,8.57
D3,CHEMBL3978613,Cc1cc(-c2nnc(SCCCN3CC[C@]4(C[C@@H]4c4ccc(C(F)(F)F)cc4)C3)n2C)on1,8.57
D3,CHEMBL4068561,O=c1ccc2c(N3CCN(CCCCOc4ccn5ncc(/C=N/O)c5c4)CC3)ccc(O)c2[nH]1,8.57
D3,CHEMBL4287062,COc1cc2c(cc1O)CN(CCCCNC(=O)c1ccc3ccccc3c1)CC2,8.57
D3,CHEMBL4287471,COc1cc2c(cc1O)CN(CCCCNC(=O)c1ccc(-c3ccccc3)cc1)CC2,8.57
D3,CHEMBL5792319,Cc1cc(N2CCN(CCCCNC(=O)N3CCN(c4ccccc4)CC3)CC2)nc(C(C)(C)C)n1,8.57
D3,CHEMBL5801773,CC(C)(C)c1nc(N2CCN(CCCCNC(=O)N3CCN(c4ccccc4)CC3)CC2)cc(C(F)(F)F)n1,8.57
D3,CHEMBL5831281,O=C(CCC(F)(F)F)N[C@H]1CC[C@H](CCN2CCc3nc(CCC(F)(F)F)sc3CC2)CC1,8.57
D3,CHEMBL6043897,O=C(CCC(F)(F)F)N[C@H]1CC[C@H](CCN2CCc3nc(OCC(F)(F)F)sc3CC2)CC1,8.57
D3,CHEMBL5982837,O=C(N[C@H]1CC[C@H](CCN2CCC(n3nccc3-c3ccccc3)CC2)CC1)c1cccc2ncccc12,8.57
D3,CHEMBL3697971,COC(C)CC(=O)N[C@H]1CC[C@H](CCN2CCN(c3cccc4c3OCO4)CC2)CC1,8.56
D3,CHEMBL3676874,O=C(CC1CCCO1)N[C@H]1CC[C@H](CCN2CCC(c3coc4ccccc34)CC2)CC1,8.56
D3,CHEMBL3984387,Cn1c(SCCCN2CC[C@]3(C[C@H]3c3ccc(C(F)(F)F)cc3)C2)nnc1-c1csnn1,8.56
D3,CHEMBL3912801,CC(=O)NC1CCC(c2nnc(SCCCN3CC[C@]4(C[C@@H]4c4ccc(C(F)(F)F)cc4)C3)n2C)CC1,8.56
D3,CHEMBL3986005,O=C(N[C@H]1CC[C@H](CCN2CCC(c3noc4cc(F)ccc34)CC2)CC1)c1ccc2c(c1)OCO2,8.56
D3,CHEMBL5894117,COc1cc(N2CC[C@H]3CN(CCCSc4nnc(-c5cnccn5)n4C)C[C@H]32)ccc1F,8.56
D3,CHEMBL59752,O=C1Cc2c(cccc2OCCNCc2ccccc2)N1,8.55
D3,CHEMBL342060,COc1ccccc1N1CCN(CCCCNC(=O)c2ccn3nccc3c2)CC1,8.55
D3,CHEMBL242644,COc1ccccc1N1CCN(CC(O)CCNC(=O)c2ccc(-c3ccccn3)cc2)CC1,8.55
D3,CHEMBL394019,O=C(NCCCCN1CCN(C(c2ccccc2)c2ccc(Cl)cc2)CC1)c1ccc2ccccc2c1,8.55
D3,CHEMBL3265067,CCCN(CC[C@]1(O)C[C@@H](NC(=O)c2ccc3ccccc3c2)C1)[C@@H]1C[C@H]1c1ccc(Cl)cc1,8.55
D3,CHEMBL3589576,CCCN(CCNC(=O)/N=N/c1ccc(F)c(F)c1)C1Cc2ccccc2C1,8.55
D3,CHEMBL3676903,O=C(N[C@H]1CC[C@H](CCN2CCC(c3coc4ccccc34)CC2)CC1)c1ccc2c(c1)OCO2,8.55
D3,CHEMBL3676898,CC(C)=CC(=O)N[C@H]1CC[C@H](CCN2CCC(c3coc4ccccc34)CC2)CC1,8.55
D3,CHEMBL4078910,O=C(NCCCCN1CCN(c2cccc(Cl)c2Cl)CC1)c1cncc(Br)c1,8.55
D3,CHEMBL2218861,CCCN1CC(NS(=O)(=O)N(CC)CC)CC2Cc3c(O)cccc3CC21,8.55
D3,CHEMBL589,CCCN(CCC)CCc1cccc2c1CC(=O)N2,8.54
D3,CHEMBL129483,COc1ccccc1N1CCN(CCCCNC(=O)c2ccc(-c3ccccc3)cc2)CC1.O=C(O)C(=O)O,8.54
D3,CHEMBL98305,CCCN1CCO[C@@H]2c3cc(O)ccc3SC[C@H]21,8.54
D3,CHEMBL439338,CC(C)(C)c1nc(N2CCN(CCCSc3nccc(O)n3)CC2)cc(C(F)(F)F)n1,8.54
D3,CHEMBL394541,COc1ccccc1N1CCN(C/C=C/CNC(=O)c2ccc(-c3ccccn3)cc2)CC1,8.54
D3,CHEMBL254203,CCCN(CCCCN1CCN(c2ccccc2)CC1)C1CCc2cc(O)c(O)cc2C1,8.54
D3,CHEMBL1774539,O=C(NCCC(F)CN1CCN(c2cccc(Cl)c2Cl)CC1)c1cc2ccccc2s1,8.54
D3,CHEMBL2386606,COc1ccccc1N1CCCN(CCCCNC(=O)c2ccc(SC)cc2)CC1,8.54
D3,CHEMBL3115575,O=C(O)C(=O)O.Oc1ccc2c(c1)O[C@@H](CNCc1cccc(I)c1)CC2,8.54
D3,CHEMBL3353916,COc1ccccc1N1CCN(CCCCc2cn(-c3ccccc3O)nn2)CC1,8.54
D3,CHEMBL3589651,O=C(NCCC(O)CN1CCN(c2cccc(Cl)c2Cl)CC1)c1cnc2ccccc2c1,8.54
D3,CHEMBL3697954,O=C(C[C@H]1COCCO1)N[C@H]1CC[C@H](CCN2CCN(c3cccc4c3OCO4)CC2)CC1,8.54
D3,CHEMBL3695354,CC(=O)N[C@H]1CC[C@H](CCN2CCC(c3cccc4occc34)CC2)CC1,8.54
D3,CHEMBL3676882,CCS(=O)(=O)N[C@H]1CC[C@H](CCN2CCC(c3coc4ccccc34)CC2)CC1,8.54
D3,CHEMBL3676890,CC(C)CCC(=O)N[C@H]1CC[C@H](CCN2CCC(c3coc4ccccc34)CC2)CC1,8.54
D3,CHEMBL3676906,Cc1nc(-c2ccc(C(=O)N[C@H]3CC[C@H](CCN4CCC(c5coc6ccccc56)CC4)CC3)cc2)no1,8.54
D3,CHEMBL3698017,O=S(=O)(N[C@H]1CC[C@H](CCN2CCN(c3cccc4c3OCO4)CC2)CC1)c1ccccc1,8.54
D3,CHEMBL3695383,O=C(CC1CC1)N[C@H]1CC[C@H](CCN2CCC(c3cccc4c3CCO4)CC2)CC1,8.54
D3,CHEMBL3676881,CS(=O)(=O)N[C@H]1CC[C@H](CCN2CCC(c3coc4ccccc34)CC2)CC1,8.54
D3,CHEMBL4063235,COc1ccccc1N1CCN(CCCCOc2ccn3ncc(C#N)c3c2)CC1,8.54
D3,CHEMBL458088,CCCN(CCN1CCN(c2ccccc2)CC1)[C@H]1CCc2ccc(O)cc2C1,8.54
D3,CHEMBL5647367,C=CCN1CC[C@H](OCc2ccccc2)[C@H]1CNC(=O)c1cc(CCCF)cc(OC)c1OC,8.54
D3,CHEMBL5806254,Cc1ncoc1-c1nnc(SCCCN2C[C@H]3CCN(c4ccc(C(F)(F)F)cc4)[C@H]3C2)n1C,8.54
D3,CHEMBL5905756,Cc1cc(C23CC2CN(CC[C@H]2CC[C@H](NC(=O)c4cccc5nn(C)cc45)CC2)C3)no1,8.54
D3,CHEMBL126834,COc1ccccc1N1CCN(CCCCNC(=O)c2cccc3c2-c2ccccc2C3=O)CC1,8.53
D3,CHEMBL456233,O=C(NCCCCN1CCN(c2ccccc2OCCF)CC1)c1ccc(-n2ccnc2)cc1,8.53
D3,CHEMBL3588913,COc1ccccc1N1CCN(CCCCc2cn(-c3ccc4ccccc4c3)nn2)CC1,8.53
D3,CHEMBL3698010,O=C(N[C@H]1CC[C@H](CCN2CCN(c3cccc4c3OCO4)CC2)CC1)C1CC(Cl)C1,8.53
D3,CHEMBL3676889,O=C(CCC(F)(F)F)N[C@H]1CC[C@H](CCN2CCC(c3coc4ccccc34)CC2)CC1,8.53
D3,CHEMBL3775005,Cc1ncoc1-c1nnc(SCCCN2CC3CCN(c4cccc(F)c4)C3C2)n1C,8.53
D3,CHEMBL708,O=C1Cc2cc(CCN3CCN(c4nsc5ccccc45)CC3)c(Cl)cc2N1,8.52
D3,CHEMBL175875,COc1cccc(C(=O)NC/C=C/CN2CCN(c3cccc(Cl)c3Cl)CC2)c1,8.52
D3,CHEMBL202827,CC(C)(C)c1nc(N2CCN(CCCCn3cc(F)c(=O)[nH]c3=O)CC2)cc(C(F)(F)F)n1,8.52
D3,CHEMBL908,CN(C)CC/C=C1/c2ccccc2Sc2ccc(Cl)cc21,8.52
D3,CHEMBL1172214,O=C(O)C(=O)O.O=c1[nH]c2ccccc2n1C1CCN(Cc2coc3ccccc23)CC1,8.52
D3,CHEMBL3133872,COc1ccc2[nH]cc(C(=O)NC/C=C/CN3CCN(c4ccccc4OC)CC3)c2c1.O=C(O)C(=O)O,8.52
D3,CHEMBL3358498,O=C(NCCCCN1CCN(c2cccc(F)c2)CC1)c1cc2ccccc2cn1,8.52
D3,CHEMBL3590077,COc1ccccc1N1CCN(CCCCNC(=O)/N=N/c2ccc(F)cc2)CC1,8.52
D3,CHEMBL3676888,CN(C)S(=O)(=O)N[C@H]1CC[C@H](CCN2CCC(c3coc4ccccc34)CC2)CC1,8.52
D3,CHEMBL3697982,O=C(C[C@@H]1CCCOC1)N[C@H]1CC[C@H](CCN2CCN(c3cccc4c3OCO4)CC2)CC1,8.52
D3,CHEMBL3642698,CO[C@H]1CC[C@H](CC(=O)N[C@H]2CC[C@H](CCN3CCN(c4nccc5sccc45)CC3)CC2)CC1,8.52
D3,CHEMBL3676869,O=C(N[C@H]1CC[C@H](CCN2CCC(c3coc4ccccc34)CC2)CC1)c1ccc(F)cc1,8.52
D3,CHEMBL3642703,CO[C@H]1CC[C@H](CC(=O)N[C@H]2CC[C@H](CCN3CCN(c4nccc5sccc45)CC3)CC2)C1,8.52
D3,CHEMBL3775036,Cn1cc(-c2nnc(SCCCN3CC4CCN(c5ccc(C(F)(F)F)cc5)C4C3)n2C)cn1,8.52
D3,CHEMBL4462915,COc1ccccc1N1CCN(CCCCOc2ccc3sc(N)nc3c2)CC1,8.52
D3,CHEMBL4581645,COc1cc2c(cc1OC)C(=O)N(CCCCN1CCN(c3ccccn3)CC1)CCC2,8.52
D3,CHEMBL4455456,O=C(c1cc2ccc(Cl)cc2[nH]1)N1CCN(CCOc2cccnc2)CC1,8.52
D3,CHEMBL4518618,CCc1cccc(N2CCN(CC(O)CCNC(=O)c3ccc4c(c3)OCO4)CC2)c1Cl,8.52
D3,CHEMBL609109,CN1CCN(CCCN2c3ccccc3Sc3ccc(S(=O)(=O)N(C)C)cc32)CC1,8.52
D3,CHEMBL1201087,C=CCN1C[C@H](C(=O)N(CCCN(C)C)C(=O)NCC)C[C@@H]2c3cccc4[nH]cc(c34)C[C@H]21,8.52
D3,CHEMBL2105581,C=CCN1CCCC1CNC(=O)c1cc(S(N)(=O)=O)cc(OC)c1OC,8.52
D3,CHEMBL570,CN(C)CCCN1c2ccccc2Sc2ccc(C(F)(F)F)cc21,8.52
D3,CHEMBL398880,CN(C)S(=O)(=O)c1ccc2c(c1)N(CCCN1CCC(CCO)CC1)c1ccccc1S2,8.52
D3,CHEMBL1472975,O=C1[C@H]2CCCC[C@H]2C(=O)N1CCCCN1CCN(c2nsc3ccccc23)CC1,8.52
D3,CHEMBL5830898,CC(C)(C)c1nc(N2CCN(CCCCNC(=O)N3CCc4[nH]c5ccccc5c4C3)CC2)cc(C(F)(F)F)n1,8.52
D3,CHEMBL5872819,CC(C)(C)c1nc(N2CCN(CCCCNC(=O)N3CCc4c([nH]c5ccccc45)C3)CC2)cc(C(F)(F)F)n1,8.52
D3,CHEMBL221549,COc1ccc(C(=O)NCCCCN2CCN(c3ccccc3Cl)CC2)cc1OC,8.51
D3,CHEMBL1223749,Clc1cccc(N2CCN(CCCCNc3nccc4ccccc34)CC2)c1Cl,8.51
D3,CHEMBL3133865,COc1ccc2[nH]c(C(=O)NC/C=C/CN3CCN(c4ccccc4OCCF)CC3)cc2c1.O=C(O)C(=O)O,8.51
D3,CHEMBL3353896,COc1ccccc1N1CCN(CCCCCc2cn(-c3ccccc3)nn2)CC1,8.51
D3,CHEMBL3588915,COc1ccccc1N1CCN(CCCCc2cn(-c3ccc4[nH]ccc4c3)nn2)CC1,8.51
D3,CHEMBL3664833,N#CCC(=O)N[C@H]1CC[C@H](CCN2CCC(c3cccc4c3OCO4)CC2)CC1,8.51
D3,CHEMBL3697984,CS(=O)(=O)N[C@H]1CC[C@H](CCN2CCN(c3cccc4c3OCO4)CC2)CC1,8.51
D3,CHEMBL3697956,O=C(CC1CCCO1)N[C@H]1CC[C@H](CCN2CCN(c3cccc4c3OCO4)CC2)CC1,8.51
D3,CHEMBL3695355,COCCC(=O)N[C@H]1CC[C@H](CCN2CCC(c3cccc4occc34)CC2)CC1,8.51
D3,CHEMBL3676917,CO[C@H]1CC[C@H](CC(=O)N[C@H]2CC[C@H](CCN3CCC(c4coc5ccccc45)CC3)CC2)CC1,8.51
D3,CHEMBL3942707,COCCC(=O)N[C@H]1CC[C@H](CCN2CCC(c3noc4ccc(F)cc34)CC2)CC1,8.51
D3,CHEMBL5270151,CN1CCN(CCCOC(=O)c2ccc3ccccc3c2)CC1,8.51
D3,CHEMBL1378,CCSc1ccc2c(c1)N(CCCN1CCN(C)CC1)c1ccccc1S2,8.51
D3,CHEMBL5817807,Cn1c(SCCCN2C[C@@H]3CCN(c4ccc(C(F)(F)F)cc4)[C@@H]3C2)nnc1C1CCOCC1,8.51
D3,CHEMBL5790673,Cn1c(SCCCN2C[C@@H]3CCN(c4ccc(C(F)(F)F)cc4)[C@@H]3C2)nnc1N1CCOCC1,8.51
D3,CHEMBL6017747,Cn1ncc(CC(=O)N[C@H]2CC[C@](F)(CCN3CCc4nc(OCC(F)F)sc4CC3)CC2)c1F,8.51
D3,CHEMBL3084605,Cl.Cn1nccc1-c1cccc(C(=O)N[C@H]2CC[C@H](CCN3CCc4ccc(S(C)(=O)=O)cc4CC3)CC2)c1,8.5
D3,CHEMBL3084612,Cc1coc(-c2cccc(C(=O)N[C@H]3CC[C@H](CCN4CCc5ccc(OS(C)(=O)=O)cc5CC4)CC3)c2)n1.Cl,8.5
D3,CHEMBL3084629,Cc1cnc(-c2cccc(C(=O)N[C@H]3CC[C@H](CCN4CCc5ccc(OS(C)(=O)=O)cc5CC4)CC3)c2)o1.Cl,8.5
D3,CHEMBL3084596,CS(=O)(=O)Oc1ccc2c(c1)CCN(CC[C@H]1CC[C@H](NC(=O)c3cccc(-n4cccc4)c3)CC1)CC2.Cl,8.5
D3,CHEMBL2113363,Cc1ccc2c(C(=O)N[C@H]3CC[C@H](CCN4CCc5ccc(S(C)(=O)=O)cc5CC4)CC3)ccc(F)c2n1.Cl,8.5
D3,CHEMBL351300,O=C(/C=C/c1ccc(F)cc1)N[C@H]1CC[C@H](CCN2Cc3ccc(Br)cc3C2)CC1,8.5
D3,CHEMBL441089,CCCN(CCC)C1CCc2cc(CCc3ccc(OC)cc3)ccc2C1,8.5
D3,CHEMBL133519,CCCN(CCC)[C@@H]1CCc2cc(CCc3ccc(C(C)=O)cc3)ccc2C1,8.5
D3,CHEMBL2368612,Cl.N#Cc1ccc2c(c1)CCN(CC[C@H]1CC[C@H](NC(=O)/C=C/c3ccccc3)CC1)C2,8.5
D3,CHEMBL2368611,Cl.N#Cc1ccc2c(c1)CCN(CC[C@H]1CC[C@H](NC(=O)/C=C/c3ccc(F)cc3)CC1)C2,8.5
D3,CHEMBL2112078,Cl.N#Cc1ccc2c(c1)CN(CC[C@H]1CC[C@H](NC(=O)/C=C/c3c[nH]c4ccccc34)CC1)CC2,8.5
D3,CHEMBL62823,CC(=O)Nc1ccc(CCN2C[C@H]3COc4ccc(C#N)cc4[C@@H]3C2)cc1,8.5
D3,CHEMBL113523,CCN(Cc1ccc(-c2cc(S(=O)(=O)CC)ccc2OC)[nH]1)Cc1ccccc1C,8.5
D3,CHEMBL70866,COc1ccc(OC)c(N2CCN(CCCCNC(=O)c3ccc(Br)cc3)CC2)c1,8.5
D3,CHEMBL52468,O=C(/C=C/c1ccc2ncccc2c1)NCCCCN1CCc2ccc(OS(=O)(=O)C(F)(F)F)cc2C1,8.5
D3,CHEMBL416842,COc1cccc(/C=C/C(=O)NCCCCN2CCc3ccc(OS(=O)(=O)C(F)(F)F)cc3C2)c1,8.5
D3,CHEMBL87600,COc1cccc(/C=C/C(=O)N[C@H]2CC[C@H](CCN3CCc4ccc(C#N)cc4CC3)CC2)c1,8.5
D3,CHEMBL313255,CC(=O)Nc1cccc(/C=C/C(=O)N[C@H]2CC[C@H](CCN3CCc4ccc(C#N)cc4CC3)CC2)c1,8.5
D3,CHEMBL93794,CCCN(CCCCNC(=O)c1ccc(-c2ccccc2)cc1)C1CCc2ncnc(OC)c2C1,8.5
D3,CHEMBL91156,CCCN(CCCCNC(=O)c1ccc(-c2ccccc2)cc1)C1CCc2n[nH]cc2C1,8.5
D3,CHEMBL231350,CC(C)Nc1cc2c(cc1NS(=O)(=O)c1ccc(-c3ccc(Cl)cc3)cc1)CCN(C)CC2,8.5
D3,CHEMBL390429,COc1ccccc1-c1nnc(SCCCN2CCc3ccc(-c4cc(C)on4)cc3CC2)n1C,8.5
D3,CHEMBL243897,Cc1cc(-c2ccc3c(c2)CCN(CCCSc2nnc(-c4ccc(C(F)(F)F)cc4)n2C)CC3)no1,8.5
D3,CHEMBL244275,Cc1cnc(-c2ccc3c(c2)CCN(CCCSc2nnc(-c4cccs4)n2C)CC3)o1,8.5
D3,CHEMBL270387,Cn1c(SCCCN2CCc3ccc4oc(C(F)(F)F)nc4c3CC2)nnc1-c1ccccc1,8.5
D3,CHEMBL271083,Cc1ncoc1-c1nnc(SCCCN2CCc3cc4nc(C(F)(F)C(F)(F)F)oc4cc3CC2)n1C,8.5
D3,CHEMBL256015,Cc1ccc2c(-c3nnc(SCCCN4CCc5cc6nc(C(C)C)oc6cc5CC4)n3C)cccc2n1,8.5
D3,CHEMBL549894,CC(C)N1CCN(CCN2CCN(c3cccc(OC(F)(F)F)c3)C2=O)CC1,8.5
D3,CHEMBL565075,O=C1N(CCN2C[C@H]3CC[C@H](CC3)C2)CCN1c1cccc(Cl)c1,8.5
D3,CHEMBL1079494,COc1ccc(C23CC2CN(CCCSc2nnc(-c4ocnc4C)n2C)C3)cc1Cl,8.5
D3,CHEMBL1079823,Cc1ncoc1-c1nnc(SCCCN2C[C@H]3C[C@@]3(c3ccc(C(C)(C)C)cc3)C2)n1C,8.5
D3,CHEMBL1258268,Cc1ncoc1-c1nnc(SCCCN[C@@H]2CC[C@]3(c4ccc(C(F)(F)F)cc4F)CC23)n1C,8.5
D3,CHEMBL3590085,Cc1ncoc1-c1nnc(SCCCN2C[C@@H]3C[C@]3(c3ccc(C(F)(F)F)cc3F)C2)n1C,8.5
D3,CHEMBL3676849,O=C(CC1CCOCC1)N[C@H]1CC[C@H](CCN2CCC(c3coc4ccccc34)CC2)CC1,8.5
D3,CHEMBL3764143,Cn1c(SCCCN2CCOC(c3ccc(C(F)(F)F)cc3)C2)nnc1-c1ccc(-c2ncco2)cc1,8.5
D3,CHEMBL3775604,Cn1c(SCCCN2CC3CCN(c4ccc(C(F)(F)F)cc4)C3C2)nnc1-c1cccnc1,8.5
D3,CHEMBL3775753,COc1cc(N2CCC3CN(CCCSc4nnc(-c5cnccn5)n4C)CC32)ccc1F,8.5
D3,CHEMBL4459533,CCc1cc(Cl)c(OC)c(N2CCN(CCCCNC(=O)c3cc4ccccc4o3)CC2)c1,8.5
D3,CHEMBL5833970,CCc1cc(Cl)c(OC)c(N2CCN(CCCCCNC(=O)c3cc4ccccc4o3)CC2)c1,8.5
D3,CHEMBL309501,Cc1ccccc1N1CCN(CC[C@H]2CC[C@H](NC(=O)c3cccs3)CC2)CC1,8.49
D3,CHEMBL179053,O=C(NC/C=C/CN1CCN(c2cccc(Cl)c2Cl)CC1)c1cccc(I)c1,8.49
D3,CHEMBL205497,CC(C)(C)c1nc(N2CCN(CCCCNC(=O)Nc3ccccc3)CC2)cc(C(F)(F)F)n1,8.49
D3,CHEMBL241641,O=C(NCCCCN1CCN(c2cccc(Cl)c2Cl)CC1)c1ccc(C#Cc2ccccc2)cc1,8.49
D3,CHEMBL497574,O=C1c2cc3ccccc3n2CCN1CCCCN1CCN(c2ccc(Cl)cc2Cl)CC1,8.49
D3,CHEMBL2397390,C#CC1=CC[C@H](N(CCC)CCCCNC(=O)c2cc3ccccn3n2)CC1,8.49
D3,CHEMBL3133873,COc1ccc2[nH]cc(C(=O)NC/C=C/CN3CCN(c4ccccc4OCCF)CC3)c2c1.O=C(O)C(=O)O,8.49
D3,CHEMBL3353905,COc1ccccc1N1CCN(CCCCCc2cn(-c3ccc(F)cc3)nn2)CC1,8.49
D3,CHEMBL3642700,COCC(=O)N[C@H]1CC[C@H](CCN2CCN(c3nccc4sccc34)CC2)CC1,8.49
D3,CHEMBL3695446,O=C(Cc1noc2ccccc12)N[C@H]1CC[C@H](CCN2CCC(c3cccc4c3CCO4)CC2)CC1,8.49
D3,CHEMBL3664831,COC(=O)N[C@H]1CC[C@H](CCN2CCC(c3cccc4c3OCO4)CC2)CC1,8.49
D3,CHEMBL3676894,O=C(N[C@H]1CC[C@H](CCN2CCC(c3coc4ccccc34)CC2)CC1)c1ccc(Cl)cc1,8.49
D3,CHEMBL3935776,Cc1ncoc1-c1nnc(SCCCN2CC[C@]3(C[C@H]3c3ccc(C(F)(F)F)cc3F)C2)n1C,8.49
D3,CHEMBL3922143,Cc1ncoc1-c1nnc(SCCCN2CC[C@]3(C[C@@H]3c3ccc(F)cc3)C2)n1C,8.49
D3,CHEMBL3974195,O=C(CC1CC1)N[C@H]1CC[C@H](CCN2CCC(c3noc4cc(Cl)ccc34)CC2)CC1,8.49
D3,CHEMBL4105030,COc1ccccc1N1CCN(CCCCOc2ccn3nc(/C=N/O)cc3c2)CC1,8.49
D3,CHEMBL4068702,CCCCn1cc(CCCOc2ccc(C(=O)NCCCCN3CCCN(c4ccc(O)c5[nH]c(=O)ccc45)CC3)cc2OC)nn1,8.49
D3,CHEMBL4525842,COc1ccccc1N1C=CC2(CCN(CCCSc3nnc(-c4ccccc4)n3C)CC2)CC1,8.49
D3,CHEMBL5917338,COc1cc(N2CC[C@@H]3CN(CCCSc4nnc(-c5cnccn5)n4C)C[C@@H]32)ccc1F,8.49
D3,CHEMBL6000718,COc1cc(N2CC[C@@H]3CN(CCCSc4nnc(-c5cnncn5)n4C)C[C@@H]32)ccc1F,8.49
D3,CHEMBL125525,COc1ccccc1N1CCN(CCCCNC(=O)c2coc3ccccc3c2=O)CC1.O=C(O)C(=O)O,8.48
D3,CHEMBL378455,C1=C(c2ccccc2)CCN(Cc2cnn(-c3ccccc3)c2)C1,8.48
D3,CHEMBL3612360,CN1CCC[C@H]1c1ccc[n+](CCCCCCCCCCNCC2CCc3ccc(O)cc3O2)c1.[Br-],8.48
D3,CHEMBL3968272,Cc1ncccc1-c1nnc(SCCCN2CC[C@]3(C[C@@H]3c3ccc(C(F)(F)F)cc3)C2)n1C,8.48
D3,CHEMBL3913542,Cc1ccc(-c2nnc(SCCCN3CC[C@]4(C[C@@H]4c4ccc(C(F)(F)F)cc4)C3)n2C)c(C)n1,8.48
D3,CHEMBL4060461,COc1ccccc1N1CCN(CCCCOc2ccn3ncc(/C=N/O)c3c2)CC1,8.48
D3,CHEMBL4784751,C[C@H]1CN(CC[C@H]2CC[C@H](N3C(=O)[C@@H]4[C@@H]5CC[C@@H](C5)[C@@H]4C3=O)CC2)CCc2ccc(Cl)cc21,8.48
D3,CHEMBL5890342,O=C(N[C@H]1CC[C@H](CCN2CCC(c3nccn3-c3ccccn3)CC2)CC1)c1cccc2ncccc12,8.48
D3,CHEMBL147159,Oc1ccc(C2=CCN(C[C@@H]3CCC=C(c4ccc(O)cc4)C3)CC2)cc1,8.47
D3,CHEMBL109684,CCCN(CCc1ccccc1)C1CCc2c(O)cccc2C1,8.47
D3,CHEMBL135357,O=C(O)C(=O)O.Oc1cc2c(cc1Cl)CC[C@H](CNCc1ccccc1)O2,8.47
D3,CHEMBL180060,O=C(NC/C=C/CN1CCN(c2cccc(Cl)c2Cl)CC1)c1ccc(I)cc1,8.47
D3,CHEMBL191795,O=C(NC/C=C/CN1CCN(c2cccc(Cl)c2Cl)CC1)c1ccccc1[N+](=O)[O-],8.47
D3,CHEMBL193337,CCCN(CCC)[C@H]1CCn2nccc2C1,8.47
D3,CHEMBL426414,COc1ccccc1N1CCN(CCCCNC(=O)[C@H]2CC[C@H](c3ccccc3)CC2)CC1,8.47
D3,CHEMBL201376,CC(C)(C)c1nc(N2CCN(CCCCn3ccc(N4CCCCC4)nc3=O)CC2)cc(C(F)(F)F)n1,8.47
D3,CHEMBL383205,CC(C)(C)c1nc(N2CCN(CCCCN3C(=O)CCc4ccccc43)CC2)cc(C(F)(F)F)n1,8.47
D3,CHEMBL561763,CSc1ccccc1N1CCN(CCCNC(=O)c2cnn3ccccc23)CC1,8.47
D3,CHEMBL479,CSc1ccc2c(c1)N(CCC1CCCCN1C)c1ccccc1S2,8.47
D3,CHEMBL3125987,CCCN(CCN1CCN(c2ccc(-c3cccc(OC)c3)cc2)CC1)[C@H]1CCc2nc(N)sc2C1,8.47
D3,CHEMBL3676911,O=C(N[C@H]1CC[C@H](CCN2CCC(c3coc4ccccc34)CC2)CC1)c1ccc(N2CCS(=O)(=O)CC2)cc1,8.47
D3,CHEMBL3698025,CN(C)S(=O)(=O)N[C@H]1CC[C@H](CCN2CCN(c3cccc4c3OCO4)CC2)CC1,8.47
D3,CHEMBL3676908,O=C(N[C@H]1CC[C@H](CCN2CCC(c3coc4ccccc34)CC2)CC1)c1ccc(-c2ccccc2)cc1,8.47
D3,CHEMBL3676864,O=C(N[C@H]1CC[C@H](CCN2CCC(c3coc4ccccc34)CC2)CC1)c1ccnc2ccccc12,8.47
D3,CHEMBL3698006,CO[C@H]1CC[C@H](CC(=O)N[C@H]2CC[C@H](CCN3CCN(c4cccc5c4OCO5)CC3)CC2)CC1,8.47
D3,CHEMBL3797209,CCCN(CCC)[C@@H]1Cc2cccc3c2n(c(=O)n3CCC)C1,8.47
D3,CHEMBL3973600,CC(C)(C)Oc1ccc(C(=O)N[C@H]2CC[C@H](CCN3CCC(c4noc5cc(F)ccc45)CC3)CC2)cc1,8.47
D3,CHEMBL4091507,O=c1ccc2c(N3CCCN(CCCCOc4ccn5nccc5c4)CC3)ccc(O)c2[nH]1,8.47
D3,CHEMBL4291172,COc1cc2c(cc1O)CN(CCCCNC(=O)c1ccc(Br)cc1)CC2,8.47
D3,CHEMBL4878587,COc1cc2c(cc1OC)CN(Cc1ccccc1CNC(=O)c1ccc(C#N)cc1)CC2,8.47
D3,CHEMBL5289063,O=c1ccc2c(N3CCCN(CCCCOc4ccc5ccnn5c4)CC3)ccc(O)c2[nH]1,8.47
D3,CHEMBL5290330,CC(C)(C)N1C=CN(C(=O)CCCN2CCN(c3cccc(Cl)c3Cl)CC2)CC1=O,8.47
D3,CHEMBL219916,O=c1[nH]c2ccccc2n1CCCN1CCC(n2c(=O)[nH]c3cc(Cl)ccc32)CC1,8.46
D3,CHEMBL189438,CCN(CC)C(=O)N[C@H]1C=C2c3cccc4[nH]cc(c34)C[C@@H]2N(C)C1,8.46
D3,CHEMBL376445,O=C(NCCCCN1CCN(c2cccc(Cl)c2Cl)CC1)c1cc2cc(Br)ccc2o1,8.46
D3,CHEMBL386986,CCCc1c(C(=O)NCCCCN2CCN(c3ccccc3OC)CC2)nnn1Cc1ccccc1Br,8.46
D3,CHEMBL243712,CCN1CCCC1CNC(=O)c1cc(S(=O)(=O)CC)c(N)cc1OC,8.46
D3,CHEMBL1627318,O=C(NCCC(O)CN1CCN(c2cccc(Cl)c2Cl)CC1)c1cc2cc(I)ccc2o1,8.46
D3,CHEMBL1926700,COc1ccccc1N1CCN(CCCNC(=O)c2cnn3ccc(OCCOCCOCCOCCOc4ccn5ncc(C(=O)NCCCN6CCN(c7ccccc7OC)CC6)c5c4)cc23)CC1,8.46
D3,CHEMBL3287394,Clc1cccc(N2CCN(CCCCOc3cc4ccccn4n3)CC2)c1Cl,8.46
D3,CHEMBL1200986,CCCCCCCCCC(=O)OC1(c2ccc(Cl)cc2)CCN(CCCC(=O)c2ccc(F)cc2)CC1,8.46
D3,CHEMBL127317,COc1ccccc1N1CCN(CCCCNC(=O)c2ccc3ccccc3n2)CC1,8.46
D3,CHEMBL3676910,O=C(N[C@H]1CC[C@H](CCN2CCC(c3coc4ccccc34)CC2)CC1)c1ccc(N2CCOCC2)nc1,8.46
D3,CHEMBL3695432,O=C(N[C@H]1CC[C@H](CCN2CCC(c3cccc4c3CCO4)CC2)CC1)c1ccc2c(c1)OCO2,8.46
D3,CHEMBL3697980,O=C(C[C@@H]1CCCCO1)N[C@H]1CC[C@H](CCN2CCN(c3cccc4c3OCO4)CC2)CC1,8.46
D3,CHEMBL3697965,O=C(CC1(O)CCCCC1)N[C@H]1CC[C@H](CCN2CCN(c3cccc4c3OCO4)CC2)CC1,8.46
D3,CHEMBL3697981,O=C(C[C@H]1CCCCO1)N[C@H]1CC[C@H](CCN2CCN(c3cccc4c3OCO4)CC2)CC1,8.46
D3,CHEMBL3760110,O=C(NCCCCN1CCN(c2cccc3[nH]c(=O)[nH]c23)CC1)c1ccc2ccccc2c1,8.46
D3,CHEMBL3800341,COc1cc(CCNCCc2ccc(O)c3c2OCC(=O)N3)ccc1OCCCc1ccccc1,8.46
D3,CHEMBL3952117,O=C(N[C@H]1CC[C@H](CCN2CCC(c3noc4cc(F)ccc34)CC2)CC1)c1ccc(Cl)cc1,8.46
D3,CHEMBL5435745,COCCC(=O)N1CCC(CCN2CCN(c3cccc(Cl)c3Cl)CC2)CC1,8.46
D3,CHEMBL5843842,CC(C)(C)c1nc(N2CCN(CCCCNC(=O)N3CC(c4ccncc4)C3)CC2)cc(C(F)(F)F)n1,8.46
D3,CHEMBL157035,C#CCN(CCCCN1CCN(c2cccc(Cl)c2Cl)CC1)C1CCc2ccc(O)cc2C1,8.45
D3,CHEMBL98836,CCCN1CCO[C@@H]2c3cc(O)ccc3SC[C@@H]21,8.45
D3,CHEMBL3676851,COCC(=O)N[C@H]1CC[C@H](CCN2CCC(c3coc4ccccc34)CC2)CC1,8.45
D3,CHEMBL3698009,N#Cc1ccc(C(=O)N[C@H]2CC[C@H](CCN3CCN(c4cccc5c4OCO5)CC3)CC2)cc1,8.45
D3,CHEMBL3676875,O=C(N[C@H]1CC[C@H](CCN2CCC(c3coc4ccccc34)CC2)CC1)C1CC1(F)F,8.45
D3,CHEMBL3698002,O=C(N[C@H]1CC[C@H](CCN2CCN(c3cccc4c3OCO4)CC2)CC1)C1CCS(=O)(=O)C1,8.45
D3,CHEMBL4475406,CCCN(CCCCNC(=O)c1ccc(-c2ccccn2)cc1)C[C@@H]1C[C@H]1c1cc(F)ccc1OC.Cl,8.45
D3,CHEMBL5956355,Cn1nccc1-c1nnc(SCCCN2CC3CCN(c4ccccc4C(F)(F)F)C3C2)n1C,8.45
D3,CHEMBL129035,COc1ccccc1N1CCN(CCCCNC(=O)/C=C/c2ccc(/C=C/C(=O)NCCCCN3CCN(c4ccccc4OC)CC3)cc2)CC1,8.44
D3,CHEMBL210461,O=C(NCCCCN1CCN(c2cccc(Cl)c2Cl)CC1)c1cc2ccc1CCc1ccc(cc1)CC2,8.44
D3,CHEMBL240600,COc1ccccc1C(c1ccccc1)N1CCN(CCCCNC(=O)c2cc3ccccc3s2)CC1,8.44
D3,CHEMBL3084512,O[C@@]1(c2ccc(Cl)cc2)C[C@H]2CC[C@@H](C1)N2Cc1csc2ccccc12,8.44
D3,CHEMBL1627313,COc1ccccc1N1CCN(CC(O)CCNC(=O)c2cc3cc(I)ccc3[nH]2)CC1,8.44
D3,CHEMBL1689008,CN(C)c1ccc(C(=O)NC/C=C/CN2CCN(c3ccccc3OCCF)CC2)cc1.O=C(O)C(=O)O,8.44
D3,CHEMBL3597636,O=C(NCCC(O)CN1CCN(c2cccc3ccccc23)CC1)c1cnc2ccccc2c1,8.44
D3,CHEMBL3639943,O=C(Cc1ccc2c(c1)OCO2)N[C@H]1CC[C@H](CCN2CCC(c3cccc4c3CCO4)CC2)CC1,8.44
D3,CHEMBL3664882,O=S(=O)(N[C@H]1CC[C@H](CCN2CCC(c3cccc4c3OCO4)CC2)CC1)c1ccccc1,8.44
D3,CHEMBL3695408,N#CCC(=O)N[C@H]1CC[C@H](CCN2CCC(c3cccc4c3CCO4)CC2)CC1,8.44
D3,CHEMBL3642702,O=C(N[C@H]1CC[C@H](CCN2CCN(c3nccc4sccc34)CC2)CC1)C1CCOCC1,8.44
D3,CHEMBL3664822,O=C(N[C@H]1CC[C@H](CCN2CCC(c3cccc4c3OCO4)CC2)CC1)c1ccccc1,8.44
D3,CHEMBL3923578,Cc1ncsc1-c1nnc(SCCCN2CC[C@]3(C[C@@H]3c3ccc(C(F)(F)F)cc3)C2)n1C,8.44
D3,CHEMBL4090581,NC(=O)c1cccc(-c2ccc(OC(=O)NCCCCN3CCN(c4ccccc4)CC3)cc2)c1,8.44
D3,CHEMBL5898773,O=C(N[C@H]1CC[C@H](CCN2CC[C@H]3CN(c4ccccc4)C[C@@H]3C2)CC1)c1cccc2ncccc12,8.44
D3,CHEMBL164604,C1=C(c2ccccc2)CCN(CC[C@H]2CC[C@H](Nc3ncccn3)CC2)C1,8.43
D3,CHEMBL8809,CCN1CCC[C@H]1CNC(=O)c1c(O)c(Cl)cc(Cl)c1OC,8.43
D3,CHEMBL202229,CC(C)(C)c1nc(N2CCN(CCCCn3ccc(C4CC4)nc3=O)CC2)cc(C(F)(F)F)n1,8.43
D3,CHEMBL497573,N#Cc1cccc(N2CCN(CCCCN3CCn4c(cc5ccccc54)C3=O)CC2)c1,8.43
D3,CHEMBL599841,CCCN(CCN1CCN(c2ccc(O)c3ncccc23)CC1)C1CCc2c(O)cccc2C1,8.43
D3,CHEMBL2386610,COc1ccccc1N1CCCN(CCCCNC(=O)c2ccc(Cl)cc2)CC1,8.43
D3,CHEMBL3133874,COc1ccc2c(C(=O)NC/C=C/CN3CCN(c4ccccc4OCCF)CC3)c[nH]c2c1.O=C(O)C(=O)O,8.43
D3,CHEMBL3133867,COc1ccccc1N1CCN(C/C=C/CNC(=O)c2cc3cc(OCCF)ccc3[nH]2)CC1.O=C(O)C(=O)O,8.43
D3,CHEMBL3353898,COc1ccccc1N1CCN(CCCCc2cn(-c3cccc4cnccc34)nn2)CC1,8.43
D3,CHEMBL3664870,O=C(N[C@H]1CC[C@H](CCN2CCC(c3cccc4c3OCO4)CC2)CC1)c1ccc2c(c1)OCCO2,8.43
D3,CHEMBL3891803,COc1cc(C(=O)N[C@H]2CC[C@H](CCN3CCC(c4noc5cc(F)ccc45)CC3)CC2)ccn1,8.43
D3,CHEMBL4106543,O=C(C[C@H]1CCCCO1)N[C@H]1CC[C@H](CCN2CCC(c3noc4cc(Cl)ccc34)CC2)CC1,8.43
D3,CHEMBL3966285,COc1ccc(S(=O)(=O)N[C@H]2CC[C@H](CCN3CCC(c4noc5cc(F)ccc45)CC3)CC2)cc1,8.43
D3,CHEMBL4062484,O=C(NCCCCN1CCN(c2cccc(Cl)c2Cl)CC1)Oc1ccc(-c2ccccc2)c(F)c1,8.43
D3,CHEMBL4073966,NC(=O)c1cccc(-c2cccc(OC(=O)NCCCCN3CCN(c4ccccc4)CC3)c2)c1,8.43
D3,CHEMBL4065797,CCCN1CCCN(c2ccc(O)c3c2OCC(=O)N3)CC1,8.43
D3,CHEMBL5639198,C=CCN1C[C@H](OC(=O)Nc2cccnc2)C[C@H]1CNC(=O)c1cc(CCCF)cc(OC)c1OC,8.43
D3,CHEMBL5974904,Cc1ncoc1-c1nnc(SCCCN2C[C@H]3CC[C@H](c4ccc(C(F)(F)F)cc4)[C@H]3C2)n1C,8.43
D3,CHEMBL175462,O=C(NC/C=C/CN1CCN(c2cccc(Cl)c2Cl)CC1)c1cnc2ccccc2n1,8.42
D3,CHEMBL176212,O=C(NC/C=C/CN1CCN(c2cccc(Cl)c2Cl)CC1)c1ccccc1I,8.42
D3,CHEMBL245764,COc1ccc2c(c1)c1c(n2C)Cc2ccccc2CCN(C)CC1,8.42
D3,CHEMBL106622,CCCN1CCc2cc(F)cc3c2[C@H]1Cc1ccc(O)c(O)c1-3,8.42
D3,CHEMBL1774538,COc1ccccc1N1CCN(CC(F)CCNC(=O)c2cc3ccccc3s2)CC1,8.42
D3,CHEMBL1813599,COc1ccccc1N1CCN(CCCCCOc2ccc3ccc(=O)[nH]c3c2)CC1.O=C(O)C(=O)O,8.42
D3,CHEMBL3133868,COc1ccccc1N1CCN(C/C=C/CNC(=O)c2cc3cc(OCCOCCF)ccc3[nH]2)CC1.O=C(O)C(=O)O,8.42
D3,CHEMBL3588917,Clc1cccc(N2CCN(CCCCc3cn(-c4ccc5ccccc5c4)nn3)CC2)c1Cl,8.42
D3,CHEMBL3697996,O=C(N[C@H]1CC[C@H](CCN2CCN(c3cccc4c3OCO4)CC2)CC1)c1ccc(F)cc1,8.42
D3,CHEMBL4092441,O=c1ccc2c(N3CCN(CCCCOc4ccn5nccc5c4)CC3)ccc(O)c2[nH]1,8.42
D3,CHEMBL4438037,O=C(NCCCCN1CCN(c2ccc(Cl)cc2Cl)CC1)c1ccc(-c2ccsc2)cc1,8.42
D3,CHEMBL4593394,CCCN(CCCCNC(=O)c1ccc(-c2ccccn2)cc1)C[C@H]1C[C@@H]1c1cc(F)ccc1OC.Cl,8.42
D3,CHEMBL6014907,Cn1c(SCCCN2C[C@H]3CCN(c4c(F)cccc4F)[C@H]3C2)nnc1-c1ccc(C(N)=O)nc1,8.42
D3,CHEMBL5997830,Cc1cc(C23CC2CN(CC[C@H]2CC[C@H](NC(=O)Cc4cnc(C)s4)CC2)C3)no1,8.42
D3,CHEMBL131997,Cc1ccc(OCCNCCCOc2ccccc2)cc1Cl,8.41
D3,CHEMBL557829,CCOc1ccccc1N1CCN(CCCCc2cc(-c3cccs3)no2)CC1.Cl,8.41
D3,CHEMBL27254,COc1ccccc1N1CCN(CCCCNC(=O)c2ccc(I)cc2)CC1,8.41
D3,CHEMBL201481,CC(C)(C)c1nc(N2CCN(CCCCN3CCC(=O)CCC3=O)CC2)cc(C(F)(F)F)n1,8.41
D3,CHEMBL242434,CC(=O)OC(CCNC(=O)c1ccc(-c2ccccn2)cc1)CN1CCN(c2cccc(Cl)c2Cl)CC1,8.41
D3,CHEMBL1627307,O=C(NCC[C@H](O)CN1CCN(c2cccc(Cl)c2Cl)CC1)c1cc2ccccc2[nH]1,8.41
D3,CHEMBL2386605,COc1ccccc1N1CCCN(CCCCNC(=O)c2ccc(N(C)C)cc2)CC1,8.41
D3,CHEMBL3605331,O=C(CCCCN1CCN(c2ccccc2F)CC1)Nc1nc2ccccc2s1,8.41
D3,CHEMBL3697983,O=C(C[C@H]1CCCOC1)N[C@H]1CC[C@H](CCN2CCN(c3cccc4c3OCO4)CC2)CC1,8.41
D3,CHEMBL3676920,CS(=O)(=O)c1ccc(C(=O)N[C@H]2CC[C@H](CCN3CCC(c4coc5ccccc45)CC3)CC2)s1,8.41
D3,CHEMBL3740286,CCCN(CCN1CCN(c2c(Cl)ccc3[nH]ccc23)CC1)[C@H]1CCc2nc(N)sc2C1.O=C(O)C(F)(F)F,8.41
D3,CHEMBL3758665,CCOC(=O)Nc1cccc(N2CCN(CCCCNC(=O)c3ccc4ccccc4c3)CC2)c1,8.41
D3,CHEMBL3985305,O=C(N[C@H]1CC[C@H](CCN2CCC(c3noc4ccc(F)cc34)CC2)CC1)c1ccc2c(c1)OCO2,8.41
D3,CHEMBL4102620,COc1cc(OC(=O)NCCCCN2CCN(c3ccccc3OC)CC2)ccc1-c1cccc(C(N)=O)c1,8.41
D3,CHEMBL2219578,N#Cc1ccc2c(c1)CN(CC[C@H]1CC[C@H](NC(=O)c3cc4ccccc4[nH]3)CC1)CC2,8.41
D3,CHEMBL278751,CCCN(CCC)[C@@H]1CCc2c(OC)cccc2[C@@H]1C,8.4
D3,CHEMBL3084599,Cc1ccc2c(C(=O)N[C@H]3CC[C@H](CCN4CCc5ccc(S(C)(=O)=O)cc5CC4)CC3)cccc2n1.Cl,8.4
D3,CHEMBL3084615,Cc1cc(-c2cccc(C(=O)N[C@H]3CC[C@H](CCN4CCc5ccc(S(C)(=O)=O)cc5CC4)CC3)c2)on1.Cl,8.4
D3,CHEMBL3084616,Cc1nc(-c2cccc(C(=O)N[C@H]3CC[C@H](CCN4CCc5ccc(S(C)(=O)=O)cc5CC4)CC3)c2)no1.Cl,8.4
D3,CHEMBL85606,N#Cc1ccc2c(c1)CCN(CC[C@H]1CC[C@H](NC(=O)c3ccnc4ccccc34)CC1)C2,8.4
D3,CHEMBL133800,CCCN(CCC)C1CCc2cc(CCc3ccc(C(C)=O)cc3)ccc2C1,8.4
D3,CHEMBL132789,CCCN(CCC)[C@@H]1CCc2cc(CCc3ccc(Cl)cc3)ccc2C1,8.4
D3,CHEMBL130665,CCCN(CCC)C1CCc2cc(CCc3ccccc3)ccc2C1,8.4
D3,CHEMBL552599,Cl.O=C(/C=C/c1c[nH]c2ccccc12)NCCCCN1CCc2ccc(OS(=O)(=O)C(F)(F)F)cc2C1,8.4
D3,CHEMBL78617,O=C(N[C@H]1CC[C@H](CCN2CCN(c3cccc(Cl)c3Cl)CC2)CC1)C1CCCC1,8.4
D3,CHEMBL302416,N#Cc1ccc2c(c1)C1CN(Cc3ccccc3)CC1CO2,8.4
D3,CHEMBL1303,CCCN(CCc1cccs1)[C@H]1CCc2c(O)cccc2C1,8.4
D3,CHEMBL52987,COc1ccc(/C=C/C(=O)NCCCCN2CCc3ccc(OS(=O)(=O)C(F)(F)F)cc3C2)cc1,8.4
D3,CHEMBL52901,O=C(/C=C/c1cnc2ccccc2c1)NCCCCN1CCc2ccc(OS(=O)(=O)C(F)(F)F)cc2C1,8.4
D3,CHEMBL53351,CN(C)c1ccc(/C=C/C(=O)NCCCCN2CCc3ccc(OS(=O)(=O)C(F)(F)F)cc3C2)cc1,8.4
D3,CHEMBL55090,O=C(/C=C/c1ccc2ccccc2n1)NCCCCN1CCc2ccc(OS(=O)(=O)C(F)(F)F)cc2C1,8.4
D3,CHEMBL293347,CC(=O)c1ccc(/C=C/C(=O)NCCCCN2CCc3ccc(OS(=O)(=O)C(F)(F)F)cc3C2)cc1,8.4
D3,CHEMBL52135,CC(=O)c1cccc(/C=C/C(=O)NCCCCN2CCc3ccc(OS(=O)(=O)C(F)(F)F)cc3C2)c1,8.4
D3,CHEMBL301475,O=C(/C=C/c1c[nH]c2ccccc12)NCCCCN1CCc2ccc(OS(=O)(=O)C(F)(F)F)cc2C1,8.4
D3,CHEMBL59960,CCCN(CCCCNC(=O)c1ccc(-c2ccccc2)cc1)C1CCc2c(cccc2C(N)=O)C1,8.4
D3,CHEMBL86183,CC(=O)Nc1cccc(/C=C/C(=O)N[C@H]2CC[C@H](CCN3CCc4ccc(C#N)cc4CC3)CC2)c1F,8.4
D3,CHEMBL419487,CC(=O)c1cccc(/C=C/C(=O)N[C@H]2CC[C@H](CCN3CCc4ccc(C#N)cc4CC3)CC2)c1,8.4
D3,CHEMBL145141,COc1ccc(S(=O)(=O)Cc2ccccc2)cc1-c1ccc(CN2CCCCCC2c2ccccc2)[nH]1,8.4
D3,CHEMBL2093000,CCS(=O)(=O)c1ccc(OC)c(-c2ccc(CN3CCCCC[C@H]3c3ccccc3)[nH]2)c1,8.4
D3,CHEMBL1788252,COc1ccc(S(=O)(=O)N(C)c2ccccc2)cc1-c1ccc(CN2CCCCC[C@@H]2c2ccccc2)[nH]1,8.4
D3,CHEMBL205264,CC(C)(C)NC(=O)NCCCCN1CCN(c2cc(C(F)(F)F)nc(C(C)(C)C)n2)CC1,8.4
D3,CHEMBL397476,CC(C)c1cc2c(cc1NS(=O)(=O)c1ccc(-c3ccc(Cl)cc3)cc1)CCN(C)CC2,8.4
D3,CHEMBL231431,CN1CCc2ccc(NS(=O)(=O)c3ccc(-c4ccc(F)c(Cl)c4)cc3)cc2CC1,8.4
D3,CHEMBL221692,Fc1ccc(-c2cncc(CN3CCN(c4cccc5c4OCCO5)CC3)c2)cc1,8.4
D3,CHEMBL243896,Cc1cc(-c2ccc3c(c2)CCN(CCCSc2nnc(-c4ccc(C#N)cc4)n2C)CC3)no1,8.4
D3,CHEMBL402853,Cc1ccc2c(-c3nnc(SCCCN4CCc5ccc6oc(-c7cc(C)nn7C)nc6c5CC4)n3C)cccc2n1,8.4
D3,CHEMBL404404,Cc1ccc(-c2nnc(SCCCN3CCc4ccc5oc(C(F)(F)F)nc5c4CC3)n2C)cn1,8.4
D3,CHEMBL272150,Cc1ccc2c(-c3nnc(SCCCN4CCc5ccc6oc(C(F)(F)F)nc6c5CC4)n3C)cccc2n1,8.4
D3,CHEMBL401728,Cc1cc(-c2nc3cc4c(cc3o2)CCN(CCCSc2nnc(-c3ocnc3C)n2C)CC4)n(C)n1,8.4
D3,CHEMBL402826,CCCc1nc2cc3c(cc2o1)CCN(CCCSc1nnc(-c2cccc4nc(C)ccc24)n1C)CC3,8.4
D3,CHEMBL255567,CCc1nc2cc3c(cc2s1)CCN(CCCSc1nnc(-c2ocnc2C)n1C)CC3,8.4
D3,CHEMBL571456,CC(C)N1CCN(CCN2CCN(c3cccc(C#N)c3)C2=O)CC1,8.4
D3,CHEMBL1079190,CN1CCCCC1CN1CCN(c2cccc(Cl)c2)C1=O,8.4
D3,CHEMBL1085672,O=C1N(CC2CCCCN2)CCN1c1cccc(Cl)c1,8.4
D3,CHEMBL1079497,Cc1ccc2c(-c3nnc(SCCCN4CC5CC5(c5ccc(Br)cc5)C4)n3C)cccc2n1,8.4
D3,CHEMBL1080046,CCCCc1ccc(S(=O)(=O)Nc2ccc3c(c2)CCN(Cc2cc[nH]n2)CC3)cc1,8.4
D3,CHEMBL1223657,CC(C)c1ccc(S(=O)(=O)Nc2ccc(C34CNCC3C4)cc2)cc1,8.4
D3,CHEMBL1257809,Cc1ncoc1-c1nnc(SCCCN2CCC3CC3(c3ccc(C(F)(F)F)cc3)CC2)n1C,8.4
D3,CHEMBL1257926,Cc1nc(C)c(-c2nnc(SCCCN3CCC4CC4(c4ccc(C(F)(F)F)cc4)CC3)n2C)s1,8.4
D3,CHEMBL1258034,Cn1c(SCCCN2CCC3CC3(c3ccc(C(F)(F)F)cc3)CC2)nnc1-c1ccnnc1,8.4
D3,CHEMBL1258035,Cc1ncoc1-c1nnc(SCCCN[C@@H]2CC[C@]3(c4ccc(C(F)(F)F)cc4)CC23)n1C,8.4
D3,CHEMBL1256171,O=C(NCCCCN1CCN(c2cc3ccc2CCc2ccc(cc2)CC3)CC1)c1cc2ccc1CCc1ccc(cc1)CC2,8.4
D3,CHEMBL1771252,Cc1nc(-c2ccc(C(=O)N[C@H]3CC[C@H](CCN4CCc5ccc(S(C)(=O)=O)cc5CC4)CC3)cc2)no1,8.4
D3,CHEMBL1774535,O=C(NCCC(F)CN1CCN(c2cccc(Cl)c2Cl)CC1)c1cc2ccccc2[nH]1,8.4
D3,CHEMBL3133864,O=C(NC/C=C/CN1CCN(c2ccccc2OCCF)CC1)c1cc2cc(O)ccc2[nH]1.O=C(O)C(=O)O,8.4
D3,CHEMBL3358494,O=C(NCCCCN1CCN(c2ccccc2)CC1)c1cc2ccccc2o1,8.4
D3,CHEMBL3664823,O=C(CC(F)(F)F)N[C@H]1CC[C@H](CCN2CCC(c3cccc4c3OCO4)CC2)CC1,8.4
D3,CHEMBL3664871,O=C(Cc1ccc2c(c1)OCO2)N[C@H]1CC[C@H](CCN2CCC(c3cccc4c3OCO4)CC2)CC1,8.4
D3,CHEMBL3642761,Cc1cc(CC(=O)N[C@H]2CC[C@H](CCN3CCN(c4nccc5c4CCO5)CC3)CC2)on1,8.4
D3,CHEMBL3676877,O=C(N[C@H]1CC[C@H](CCN2CCC(c3coc4ccccc34)CC2)CC1)C(O)C(F)(F)F,8.4
D3,CHEMBL3775350,Cn1c(SCCCN2CC3CCN(c4c(F)cc(F)cc4F)C3C2)nnc1-c1ccn(C)c(=O)c1,8.4
D3,CHEMBL3775718,Cn1c(SCCCN2CC3CCN(c4ccc(C(F)(F)F)cc4)C3C2)nnc1-c1ccc(=O)[nH]c1,8.4
D3,CHEMBL3775197,Cn1c(SCCCN2CC3CCN(c4ccccc4C(F)(F)F)C3C2)nnc1-c1cccnc1,8.4
D3,CHEMBL3775946,Cn1c(SCCCN2CC3CCN(c4c(F)cccc4C(F)(F)F)C3C2)nnc1-c1cnccn1,8.4
D3,CHEMBL3774591,Cn1c(SCCCN2CC3CCN(c4ccc(F)cc4F)C3C2)nnc1-c1cnccn1,8.4
D3,CHEMBL3775836,Cc1cccc(N2CCC3CN(CCCSc4nnc(-c5cnccn5)n4C)CC32)c1,8.4
D3,CHEMBL3913607,Cc1ncoc1-c1nnc(SCCCN2CC[C@]3(C[C@H]3c3ccc(C(F)(F)F)cc3)C2)n1C,8.4
D3,CHEMBL3940897,Cn1c(SCCCN2CC[C@]3(C[C@@H]3c3ccc(C(F)(F)F)cc3)C2)nnc1-c1ccnnc1,8.4
D3,CHEMBL3905072,O=C(Cc1ccc2c(c1)OCO2)N[C@H]1CC[C@H](CCN2CCC(c3noc4cc(F)ccc34)CC2)CC1,8.4
D3,CHEMBL3943045,CO[C@]1(C)CC[C@H](CC(=O)N[C@H]2CC[C@H](CCN3CCC(c4noc5cc(Cl)ccc45)CC3)CC2)CC1,8.4
D3,CHEMBL4094794,Cc1ccccc1N1CCN(CCCCNC(=O)Oc2ccc(-c3cccc(C(N)=O)c3)cc2)CC1,8.4
D3,CHEMBL4442408,CCCN(CCCCNC(=O)c1ccc(-c2ccccn2)cc1)CC1CC1c1cc(F)ccc1OC.Cl,8.4
D3,CHEMBL5639697,C=CCN1C[C@H](OCc2ccncc2)C[C@H]1CNC(=O)c1cc(CCCF)cc(OC)c1OC,8.4
D3,CHEMBL5958138,Cn1c(SCCCN2C[C@@H]3CCN(c4ccccc4C(F)(F)F)[C@@H]3C2)nnc1-c1cccnc1,8.4
D3,CHEMBL5999309,O=C(N[C@H]1CC[C@H](CCN2CCC(c3ccnn3-c3ccccc3)CC2)CC1)c1cccc2ncccc12,8.4
D3,CHEMBL69717,O=C1c2ccccc2C(=O)N1CCCCN1CCN(c2cccc(Cl)c2Cl)CC1,8.39
D3,CHEMBL314174,Oc1nc2c(OCCNCc3ccccc3)cccc2[nH]1,8.39
D3,CHEMBL415520,COc1ccccc1N1CCN(CCCCNC(=O)/C=C/c2cccc(C(F)(F)F)c2)CC1.O=C(O)C(=O)O,8.39
D3,CHEMBL1946122,OC1(c2ccc(Cl)cc2)C[C@H]2CC[C@@H](C1)N2CCCOc1ccc(F)cc1,8.39
D3,CHEMBL3321789,OC1(c2ccc(Cl)cc2)CC2CCC(C1)N2CCCOc1ccc(F)cc1,8.39
D3,CHEMBL3676884,O=C(N[C@H]1CC[C@H](CCN2CCC(c3coc4ccccc34)CC2)CC1)C(F)(F)F,8.39
D3,CHEMBL3695403,O=S(=O)(N[C@H]1CC[C@H](CCN2CCC(c3cccc4c3CCO4)CC2)CC1)c1ccc(F)cc1,8.39
D3,CHEMBL3894853,Cn1c(SCCCN2CC[C@]3(C[C@@H]3c3ccc(C(F)(F)F)cc3)C2)nnc1-c1ccn(C)c(=O)c1,8.39
D3,CHEMBL5647154,C=CCN1C[C@H](OC(=O)Nc2ccccn2)C[C@H]1CNC(=O)c1cc(CCCF)cc(OC)c1OC,8.39
D3,CHEMBL5788513,N#Cc1cc(N2CCN(CCCCNC(=O)N3CCN(c4ccccc4)CC3)CC2)cc(C(F)(F)F)c1,8.39
D3,CHEMBL6042709,Cn1c(SCCCN2C[C@@H]3CCN(c4ccc(C(F)(F)F)cc4)[C@@H]3C2)nnc1-c1cnccn1,8.39
D3,CHEMBL5865586,Cn1c(SCCCN2C[C@H]3CCN(c4ccc(F)cc4F)[C@H]3C2)nnc1-c1cnccn1,8.39
D3,CHEMBL80315,CN(C(=O)c1cccs1)[C@H]1CC[C@H](CCN2CCN(c3cccc(Cl)c3Cl)CC2)CC1,8.38
D3,CHEMBL267723,CCN1CCC[C@H]1CNC(=O)c1c(OC)ccc(I)c1O,8.38
D3,CHEMBL1256170,O=C(CCCN1CCC(c2cc3ccc2CCc2ccc(cc2)CC3)CC1)c1cc2ccc1CCc1ccc(cc1)CC2,8.38
D3,CHEMBL1688994,COc1ccccc1N1CCN(CCCCNC(=O)c2ccc(OCCOCCOCCF)cc2)CC1.O=C(O)C(=O)O,8.38
D3,CHEMBL3664820,CCC(=O)N[C@H]1CC[C@H](CCN2CCC(c3cccc4c3OCO4)CC2)CC1,8.38
D3,CHEMBL3695370,O=C(N[C@H]1CC[C@H](CCN2CCC(c3cccc4c3CCO4)CC2)CC1)c1ccccc1,8.38
D3,CHEMBL3676925,CC(C)Cc1ccc(C(=O)N[C@H]2CC[C@H](CCN3CCC(c4coc5ccccc45)CC3)CC2)cc1,8.38
D3,CHEMBL4081424,O=C(NCC[C@@H](O)CN1CCN(c2cccc(Cl)c2Cl)CC1)c1cnc2ccccc2c1,8.38
D3,CHEMBL1237021,O=C1[C@@H]2[C@H]3CC[C@H](C3)[C@@H]2C(=O)N1C[C@@H]1CCCC[C@H]1CN1CCN(c2nsc3ccccc23)CC1,8.38
D3,CHEMBL5647611,C=CCN1C[C@H](OCCCNC(=O)c2ccc(-c3ccsc3)cc2)C[C@H]1CNC(=O)c1cc(CCCF)cc(OC)c1OC,8.38
D3,CHEMBL5740725,Cn1c(SCCCN2C[C@@H]3CCN(c4c(F)cc(F)cc4F)[C@@H]3C2)nnc1-c1ccn(C)c(=O)c1,8.38
D3,CHEMBL311575,Cc1ccc(N2CCN(CC[C@H]3CC[C@H](NC(=O)c4cccs4)CC3)CC2)cc1,8.37
D3,CHEMBL78406,O=C(N[C@H]1CC[C@H](CCN2CCN(c3ccccn3)CC2)CC1)c1cccs1,8.37
D3,CHEMBL336930,COc1ccccc1N1CCN(CCCCNC(=O)c2ccc3ccnn3c2)CC1,8.37
D3,CHEMBL194727,COc1ccccc1N1CCN(CCCCNC(=O)c2ccc(F)cc2)CC1,8.37
D3,CHEMBL201270,COc1ccccc1N1CCN(CCCCNC(=O)c2ccc(-n3ccnc3)cc2)CC1,8.37
D3,CHEMBL376020,COc1ccccc1N1CCN(CCCCNC(=O)c2cc3cc(C#N)ccc3o2)CC1,8.37
D3,CHEMBL373873,Cc1c(C(=O)NCCCCN2CCN(c3cccc(Cl)c3Cl)CC2)nnn1Cc1ccccc1,8.37
D3,CHEMBL2146503,CCCN(CC[C@H]1CC[C@H](NC(=O)c2cccc(-c3noc(C)n3)c2)CC1)[C@H]1CCc2nc(N)sc2C1,8.37
D3,CHEMBL2387229,Cc1cc(=O)oc2c(Cl)c(OCCCCN3CCC(c4noc5cc(F)ccc45)CC3)ccc12,8.37
D3,CHEMBL2397477,C#CC1=CC[C@H](N(CCC)CCCCNC(=O)c2ccc(OCCCc3cnn(CCCC)n3)c(OC)c2)CC1,8.37
D3,CHEMBL3323013,CC(C)(C)c1nc(N2CCN(CCCCNC(=O)c3nc4ccccc4[nH]3)CC2)cc(C(F)(F)F)n1,8.37
D3,CHEMBL3676886,Cc1cc(C(=O)N[C@H]2CC[C@H](CCN3CCC(c4coc5ccccc45)CC3)CC2)on1,8.37
D3,CHEMBL3695433,O=C(CC1COC1)N[C@H]1CC[C@H](CCN2CCC(c3cccc4c3CCO4)CC2)CC1,8.37
D3,CHEMBL3642707,CS(=O)(=O)N[C@H]1CC[C@H](CCN2CCN(c3nccc4sccc34)CC2)CC1,8.37
D3,CHEMBL3642708,CCS(=O)(=O)N[C@H]1CC[C@H](CCN2CCN(c3nccc4sccc34)CC2)CC1,8.37
D3,CHEMBL4458958,COc1ccc2cc(C(=O)N3CCN(CCOc4cccnc4)CC3)[nH]c2c1,8.37
D3,CHEMBL4459426,Cc1ccc2cc(C(=O)N3CCN(CCOc4cccnc4)CC3)[nH]c2c1,8.37
D3,CHEMBL4463620,CCc1cc2c(cc1N1CCN(CC(O)CCNC(=O)c3cc4ccccc4[nH]3)CC1)OCO2,8.37
D3,CHEMBL4517898,CCc1cccc(N2CCN(CC(O)CCNC(=O)c3cn4ccccc4n3)CC2)c1Cl,8.37
D3,CHEMBL5641522,CCN1C[C@H](OC(=O)Nc2ccc(-c3ccsc3)cc2)C[C@H]1CNC(=O)c1cc(CCCF)cc(OC)c1OC,8.37
D3,CHEMBL5909131,CCc1cccc(N2CCN(CCC(O)CCNC(=O)c3cn4ccccc4n3)CC2)c1Cl,8.37
D3,CHEMBL5949832,CCc1cc2c(cc1N1CCN(CC(O)CCCC(=O)c3cc4ccccc4[nH]3)CC1)OCO2,8.37
D3,CHEMBL141510,CCCCN(CCC)[C@@H]1CCc2c(F)cccc2C1,8.36
D3,CHEMBL162762,C#CC1=CCC(N(CCC)CCC)CC1,8.36
D3,CHEMBL199453,CC(C)(C)c1nc(N2CCN(CCCCn3ccc(N4CCC4)nc3=O)CC2)cc(C(F)(F)F)n1,8.36
D3,CHEMBL202253,Cc1ccn(CCCCN2CCN(c3cc(C(F)(F)F)nc(C(C)(C)C)n3)CC2)c(=O)n1,8.36
D3,CHEMBL483593,CCCN(CCCCNC(=O)c1ccc(-c2ccccc2)cc1)C1CC=C(C#C[Si](C)(C)C)CC1,8.36
D3,CHEMBL3133866,COc1ccc2[nH]c(C(=O)NC/C=C/CN3CCN(c4ccccc4OC)CC3)cc2c1.O=C(O)C(=O)O,8.36
D3,CHEMBL3613875,O=Cc1cnn2ccc(-n3cc(CCCCN4CCN(c5cccc(Cl)c5Cl)CC4)nn3)cc12,8.36
D3,CHEMBL3676932,O=C(N[C@H]1CC[C@H](CCN2CCC(c3coc4ccccc34)CC2)CC1)c1ccc(Cl)cc1Cl,8.36
D3,CHEMBL3676896,O=C(N[C@H]1CC[C@H](CCN2CCC(c3coc4ccccc34)CC2)CC1)c1ccc(N2CCCCC2)cc1,8.36
D3,CHEMBL3697959,COCC(=O)N[C@H]1CC[C@H](CCN2CCN(c3cccc4c3OCO4)CC2)CC1,8.36
D3,CHEMBL3976966,O=C(NC1CCC(CCN2CCC(c3cccc4c3CCO4)CC2)CC1)c1ccc2ncccc2c1,8.36
D3,CHEMBL3676885,CC(C)(C)CC(=O)N[C@H]1CC[C@H](CCN2CCC(c3coc4ccccc34)CC2)CC1,8.36
D3,CHEMBL3695371,O=C(CC(F)(F)F)N[C@H]1CC[C@H](CCN2CCC(c3cccc4c3CCO4)CC2)CC1,8.36
D3,CHEMBL3187365,CN1CC2c3ccccc3Oc3ccc(Cl)cc3C2C1,8.36
D3,CHEMBL4078351,COc1cc(OC(=O)NCCCCN2CCN(c3cccc(Cl)c3Cl)CC2)ccc1-c1cccc(C(N)=O)c1,8.36
D3,CHEMBL4294577,COc1cc2c(cc1O)CN(CCCCNC(=O)c1ccc(F)cc1)CC2,8.36
D3,CHEMBL4454380,CCCN(CCCCNC(=O)c1ccc2ccccc2c1)C[C@@H]1C[C@H]1c1cccc(Cl)c1Cl.Cl,8.36
D3,CHEMBL4472628,O=C(c1cc2c(Cl)cccc2[nH]1)N1CCN(CCOc2cccnc2)CC1,8.36
D3,CHEMBL1085,CC(=O)c1ccc2c(c1)N(CCCN1CCN(CCO)CC1)c1ccccc1S2,8.36
D3,CHEMBL309979,O=C(N[C@H]1CC[C@H](CCN2CCN(c3cccc(Cl)c3Cl)CC2)CC1)C1CCCCC1,8.35
D3,CHEMBL183871,O=C(NCCCCN1CCN(c2cccc(Cl)c2Cl)CC1)c1cc2cc(I)ccc2s1,8.35
D3,CHEMBL194099,CCCN(CCC)C1CCn2ncc(Cl)c2C1,8.35
D3,CHEMBL203471,COc1cc2c(cc1OC)N(CCCCN1CCN(c3cc(C(F)(F)F)nc(C(C)(C)C)n3)CC1)C(=O)CCC2=O,8.35
D3,CHEMBL496739,Cc1cccc(N2CCN(CCCCNC(=O)c3cc4ccccc4o3)CC2)c1,8.35
D3,CHEMBL728,CN1CCN(CCCN2c3ccccc3Sc3ccc(Cl)cc32)CC1,8.35
D3,CHEMBL3697993,O=C(N[C@H]1CC[C@H](CCN2CCN(c3cccc4c3OCO4)CC2)CC1)C1CCOCC1,8.35
D3,CHEMBL5943618,Cn1c(SCCCN2C[C@H]3CCN(c4ccc(C(F)(F)F)cc4)[C@H]3C2)nnc1C1CCCC1,8.35
D3,CHEMBL5760252,Cn1c(SCCCN2CC3CCN(c4ccc(C(F)(F)F)cc4)C3C2)nc2ccccc21,8.35
D3,CHEMBL5922377,Cn1c(SCCCN2CC3CCN(c4c(F)cccc4F)C3C2)nnc1-c1ccncc1,8.35
D3,CHEMBL1627320,COc1ccccc1N1CCN(CC(O)CCNC(=O)c2cc3ccccc3s2)CC1,8.34
D3,CHEMBL1774540,COc1ccc2[nH]c(C(=O)NCCC(F)CN3CCN(c4ccccc4OC)CC3)cc2c1,8.34
D3,CHEMBL3697999,O=C(N[C@H]1CC[C@H](CCN2CCN(c3cccc4c3OCO4)CC2)CC1)c1ccc2c(c1)OCCO2,8.34
D3,CHEMBL3676913,O=C(N[C@H]1CC[C@H](CCN2CCC(c3coc4ccccc34)CC2)CC1)c1ccc(-n2cccc2)cc1,8.34
D3,CHEMBL3695366,CCC(=O)N[C@H]1CC[C@H](CCN2CCC(c3cccc4c3CCO4)CC2)CC1,8.34
D3,CHEMBL3695429,CCCCC(=O)N[C@H]1CC[C@H](CCN2CCC(c3cccc4c3CCO4)CC2)CC1,8.34
D3,CHEMBL3676909,O=C(N[C@H]1CC[C@H](CCN2CCC(c3coc4ccccc34)CC2)CC1)c1ccc(-c2cccnc2)cc1,8.34
D3,CHEMBL3676848,O=C(N[C@H]1CC[C@H](CCN2CCC(c3coc4ccccc34)CC2)CC1)C1CCOCC1,8.34
D3,CHEMBL3774869,Cn1c(SCCCN2CC3CCN(c4cccc(F)c4)C3C2)nnc1-c1cnccn1,8.34
D3,CHEMBL3897772,Cn1c(SCCCN2CC[C@]3(C[C@@H]3c3ccc(C(F)(F)F)cc3)C2)nnc1C1=CC=NC(=O)C1,8.34
D3,CHEMBL3906069,COc1ccc(C(=O)N[C@H]2CC[C@H](CCN3CCC(c4noc5cc(F)ccc45)CC3)CC2)cc1,8.34
D3,CHEMBL5909103,Cc1ncoc1-c1nnc(SCCCN2C[C@@H]3CCN(c4ccc(C(F)(F)F)cc4F)[C@@H]3C2)n1C,8.34
D3,CHEMBL542325,COc1ccccc1N1CCN(CCCCc2cc(-c3cccs3)no2)CC1.Cl,8.33
D3,CHEMBL430439,O=C(N[C@H]1CC[C@H](CCN2CCN(c3cccc(Cl)c3Cl)CC2)CC1)c1ccccc1,8.33
D3,CHEMBL164723,c1cnc(N[C@H]2CC[C@H](CCN3CCN(c4cccnc4)CC3)CC2)nc1,8.33
D3,CHEMBL309727,O=C(N[C@H]1CC[C@H](CCN2CCN(c3cccc(Cl)c3Cl)CC2)CC1)c1ccsc1,8.33
D3,CHEMBL424667,COc1ccccc1N1CCN(CCCCNC(=O)c2ccc3nonc3c2)CC1,8.33
D3,CHEMBL484732,CCCN1CCO[C@@H]2c3cc4c(cc3CC[C@H]21)CCNC4=O,8.33
D3,CHEMBL1258494,COc1ccccc1N1CCN(CCCCNC(=O)c2cc(C)ccc2C)CC1,8.33
D3,CHEMBL3353895,COc1ccccc1N1CCN(CCCCc2cn(-c3ccccc3)nn2)CC1,8.33
D3,CHEMBL3664867,CS(=O)(=O)CC(=O)N[C@H]1CC[C@H](CCN2CCC(c3cccc4c3OCO4)CC2)CC1,8.33
D3,CHEMBL3698011,CN1CCN(CC(=O)N[C@H]2CC[C@H](CCN3CCN(c4cccc5c4OCO5)CC3)CC2)CC1,8.33
D3,CHEMBL3642773,CC(=O)N[C@H]1CC[C@H](CCN2CCN(c3nc(C)cc4occc34)CC2)CC1,8.33
D3,CHEMBL3759513,O=C(NCCCCN1CCN(c2cccc(Cl)c2)CC1)c1ccc2ccccc2c1,8.33
D3,CHEMBL3980954,O=C(N[C@H]1CC[C@H](CCN2CCC(c3noc4cc(F)ccc34)CC2)CC1)c1ccc(N2CCS(=O)(=O)CC2)cc1,8.33
D3,CHEMBL5646461,C=CCN1C[C@H](OCc2ccc(F)cc2)C[C@H]1CNC(=O)c1cc(CCCF)cc(OC)c1OC,8.33
D3,CHEMBL5781214,Cn1c(SCCCN2CC3CCN(c4ccc(F)cc4)C3C2)nnc1-c1ccc(=O)[nH]c1,8.33
D3,CHEMBL5894798,Cn1nccc1-c1nnc(SCCCN2CC3CCN(c4c(F)cccc4F)C3C2)n1C,8.33
D3,CHEMBL5974109,O=C(N[C@H]1CC[C@H](CCN2CCc3cn(Cc4ccccc4)nc3C2)CC1)c1cccc2ncccc12,8.33
D3,CHEMBL78195,O=C(N[C@H]1CC[C@H](CCN2CCN(c3cccc(Cl)c3Cl)CC2)CC1)C1CCCCCC1,8.32
D3,CHEMBL340173,COc1ccccc1N1CCN(CCCCNC(=O)CCc2ccccc2)CC1.O=C(O)C(=O)O,8.32
D3,CHEMBL201509,CC(C)(C)c1nc(N2CCN(CCCCn3cc(C#N)c(=O)[nH]c3=O)CC2)cc(C(F)(F)F)n1,8.32
D3,CHEMBL199663,CC(C)(C)c1nc(N2CCN(CCCCn3ccc(C4CCCCC4)nc3=O)CC2)cc(C(F)(F)F)n1,8.32
D3,CHEMBL570188,CCCN(CCN1CCN(c2ccc(-c3ccncc3)cc2)CC1)[C@H]1CCc2nc(N)sc2C1,8.32
D3,CHEMBL2165678,CCC(=O)NCCCCN1CCN(c2cccc(Cl)c2Cl)CC1,8.32
D3,CHEMBL2204343,O=C(CCCN1CC[Si](O)(c2ccc(Cl)cc2)CC1)c1ccc(F)cc1,8.32
D3,CHEMBL2386618,COc1ccccc1N1CCCN(CCCCNC(=O)c2ccc(Br)s2)CC1,8.32
D3,CHEMBL3642776,COCCC(=O)N[C@H]1CC[C@H](CCN2CCN(c3nc(C)cc4occc34)CC2)CC1,8.32
D3,CHEMBL3676928,CC(C)c1ccc(C(=O)N[C@H]2CC[C@H](CCN3CCC(c4coc5ccccc45)CC3)CC2)cc1,8.32
D3,CHEMBL3676876,CCC(C)C(=O)N[C@H]1CC[C@H](CCN2CCC(c3coc4ccccc34)CC2)CC1,8.32
D3,CHEMBL3695435,COC(CC(=O)N[C@H]1CC[C@H](CCN2CCC(c3cccc4c3CCO4)CC2)CC1)OC,8.32
D3,CHEMBL3940461,COCCC(=O)N[C@H]1CC[C@H](CCN2CCC(c3noc4cc(F)ccc34)CC2)CC1,8.32
D3,CHEMBL5758059,Cn1c(SCCCN2C[C@@H]3CCN(c4c(F)cc(F)cc4F)[C@@H]3C2)nnc1-c1ccc(C(N)=O)nc1,8.32
D3,CHEMBL5898812,Cn1cc2c(C(=O)N[C@H]3CC[C@H](CCN4CCC5(c6nocc6C(C)(F)F)CC5C4)CC3)cccc2n1,8.32
D3,CHEMBL139089,O=C1CC2(CCCC2)CC(=O)N1CCCCN[C@@H]1CCc2c(F)cccc2C1,8.31
D3,CHEMBL573791,COc1ccccc1N1CCN(CCNC(=O)c2cn(-c3ccc([N+](=O)[O-])cc3)nn2)CC1,8.31
D3,CHEMBL1928120,CCOCCOc1cccc(C(=O)NCCCCN2CCN(c3ccccc3OC)CC2)c1,8.31
D3,CHEMBL3590083,CCCN(CCCCNC(=O)/N=N/c1cc(F)c(F)c(F)c1)C1Cc2ccccc2C1,8.31
D3,CHEMBL3698020,O=C(N[C@H]1CC[C@H](CCN2CCN(c3cccc4c3OCO4)CC2)CC1)C(F)(F)F,8.31
D3,CHEMBL3664850,O=C(N[C@H]1CC[C@H](CCN2CCC(c3cccc4c3OCO4)CC2)CC1)c1ccc(F)cc1,8.31
D3,CHEMBL3695387,O=C(N[C@H]1CC[C@H](CCN2CCC(c3cccc4c3CCO4)CC2)CC1)c1ccc(Cl)cc1,8.31
D3,CHEMBL3695388,O=C(N[C@H]1CC[C@H](CCN2CCC(c3cccc4c3CCO4)CC2)CC1)c1ccc(F)cc1,8.31
D3,CHEMBL3695368,CS(=O)(=O)CC(=O)N[C@H]1CC[C@H](CCN2CCC(c3cccc4c3CCO4)CC2)CC1,8.31
D3,CHEMBL3697976,CO[C@@H](C)C(=O)N[C@H]1CC[C@H](CCN2CCN(c3cccc4c3OCO4)CC2)CC1,8.31
D3,CHEMBL99876,CS(=O)(=O)Oc1cccc2c1CC[C@H]1[C@H]2CCN1CCCCNC(=O)c1ccc(-c2ccccc2)cc1,8.3
D3,CHEMBL158627,CS(=O)(=O)Oc1ccc2c(c1)CN(CC[C@H]1CC[C@H](NC(=O)/C=C/c3ccc(F)cc3)CC1)C2,8.3
D3,CHEMBL132769,CCCN(CCC)[C@@H]1CCc2c(ccc(CCc3ccc(Cl)cc3)c2OC)C1,8.3
D3,CHEMBL2113352,CS(=O)(=O)c1cccc(/C=C/C(=O)N[C@H]2CC[C@H](CCN3CCc4cc(C#N)ccc4C3)CC2)c1.Cl,8.3
D3,CHEMBL350352,Clc1cccc(N2CCN(CC[C@H]3CC[C@H](Nc4ncccn4)CC3)CC2)c1Cl,8.3
D3,CHEMBL310204,O=C(N[C@H]1CC[C@H](CCN2CCN(c3ccccc3Cl)CC2)CC1)C1CCCCC1,8.3
D3,CHEMBL113524,CCN(Cc1ccc(-c2cc(S(=O)(=O)CC)ccc2OC)[nH]1)C1CCCc2ccccc21,8.3
D3,CHEMBL55840,O=C(/C=C/c1ccc2ccccc2c1)NCCCCN1CCc2ccc(OS(=O)(=O)C(F)(F)F)cc2C1,8.3
D3,CHEMBL55276,O=C(/C=C/c1ccccc1)NCCCCN1CCc2ccc(OS(=O)(=O)C(F)(F)F)cc2C1,8.3
D3,CHEMBL277631,CCN1CCCC1c1ccc(-c2cc(S(=O)(=O)CC)ccc2OC)[nH]1,8.3
D3,CHEMBL315137,CCCN(CCC)CCCOc1ccc(-c2nc3ccccc3n2C/C=C/Cn2c(-c3ccc(OCCCN(CCC)CCC)cc3)nc3ccccc32)cc1,8.3
D3,CHEMBL337228,O=C(O)C(=O)O.Oc1cc2c(cc1Cl)CCC(CNCc1ccccc1)O2,8.3
D3,CHEMBL105977,CCCN(CCC)C1CCc2ncccc2C1,8.3
D3,CHEMBL344531,COc1ccc(S(=O)(=O)C(C)C)cc1-c1ccc(CN2CCCCCC2c2ccccc2)[nH]1,8.3
D3,CHEMBL231546,CN1CCc2cc(Br)c(NS(=O)(=O)c3ccc(-c4ccc(Cl)cc4)cc3)cc2CC1,8.3
D3,CHEMBL242601,Cc1cnc(-c2nnc(SCCN3CCc4ccc(-c5cc(C)nn5C)cc4CC3)n2C)cn1,8.3
D3,CHEMBL243474,Cc1cc(-c2ccc3c(c2)CCN(CCCSc2nnc(C(C)(C)C)n2C)CC3)no1,8.3
D3,CHEMBL270376,Cc1nc(C)c(-c2nnc(SCCCN3CCc4ccc5oc(C(F)(F)F)nc5c4CC3)n2C)s1,8.3
D3,CHEMBL404363,Cc1ccc2c(-c3nnc(SCCCN4CCc5ccc6nc(C(F)(F)F)oc6c5CC4)n3C)cccc2n1,8.3
D3,CHEMBL270227,Cc1ccc2c(-c3nnc(SCCCN4CCc5cc6nc(C(F)(F)C(F)(F)F)oc6cc5CC4)n3C)cccc2n1,8.3
D3,CHEMBL255826,Cc1ccc2c(-c3nnc(SCCCN4CCc5cc6nc(N7CCCCC7)oc6cc5CC4)n3C)cccc2n1,8.3
D3,CHEMBL559919,O=C1N(CCN2CCC(C(F)(F)F)CC2)CCN1c1cccc(OC(F)(F)F)c1,8.3
D3,CHEMBL563435,COc1cccc(N2CCN(CCN(C)C[C@]34CC[C@H](CC3)C4(C)C)C2=O)c1,8.3
D3,CHEMBL1077344,O=C1N(CCN2CCCCCC2)CCN1c1cccc(Cl)c1,8.3
D3,CHEMBL1079980,Cc1ncoc1-c1nnc(SCCCN2CC3CC3(c3cccc(F)c3)C2)n1C,8.3
D3,CHEMBL1081203,Cc1ccc2c(-c3nnc(SCCCN4CC5CC5(c5ccccc5)C4)n3C)cccc2n1,8.3
D3,CHEMBL1223601,CCCCc1ccc(S(=O)(=O)Nc2ccc([C@]34CNC[C@H]3C4)cc2)cc1,8.3
D3,CHEMBL1258712,Cc1ncoc1-c1nnc(SCCCN2CCC3(CCc4cc(Br)ccc43)C2)n1C,8.3
D3,CHEMBL3287402,O=Cc1cc2cc(OCCCCN3CCN(c4cccc(Cl)c4Cl)CC3)ccn2n1,8.3
D3,CHEMBL3358100,Cc1cccc(N2CCN(CCCCNC(=O)c3cc4ccccc4cn3)CC2)c1,8.3
D3,CHEMBL3588918,Clc1cccc(N2CCN(CCCCc3cn(-c4ccc5c(c4)Cc4ccccc4-5)nn3)CC2)c1Cl,8.3
D3,CHEMBL3664837,CC(C)CC(=O)N[C@H]1CC[C@H](CCN2CCC(c3cccc4c3OCO4)CC2)CC1,8.3
D3,CHEMBL3664814,CC(=O)N[C@H]1CC[C@H](CCN2CCC(c3cccc4c3OCO4)CC2)CC1,8.3
D3,CHEMBL3774769,Cn1c(SCCCN2CC3CCN(c4ccc(C(F)(F)F)cc4)C3C2)nnc1-c1ccc(=O)n(C)c1,8.3
D3,CHEMBL3775408,Cn1c(SCCCN2CC3CCN(c4ccccc4C(F)(F)F)C3C2)nnc1-c1ccccn1,8.3
D3,CHEMBL3775214,Cn1c(SCCCN2CC3CCN(c4ccccc4C(F)(F)F)C3C2)nnc1-c1ccncc1,8.3
D3,CHEMBL3775301,Cc1ncoc1-c1nnc(SCCCN2CC3CCN(c4ccc(Cl)cc4Cl)C3C2)n1C,8.3
D3,CHEMBL3931423,CC(=O)N[C@H]1CC[C@H](CCN2CCC(c3noc4cc(F)ccc34)CC2)CC1,8.3
D3,CHEMBL4098803,COc1ccccc1N1CCN(CCCCOc2ccc3ccnn3c2)CC1,8.3
D3,CHEMBL4554045,O=C(c1cc2ccccc2[nH]1)N1CCN(CCOc2cncc(Cl)c2)CC1,8.3
D3,CHEMBL133830,NC1CCc2ccc(O)cc2C1,8.29
D3,CHEMBL243225,CCOc1ccccc1N1CCN(CCC[C@H]2CC(c3ccc(OC)c(OC)c3)=NO2)CC1,8.29
D3,CHEMBL3642728,O=C(CC1CC1)N[C@H]1CC[C@H](CCN2CCN(c3nccc4c3CCO4)CC2)CC1,8.29
D3,CHEMBL3664842,O=C(CC1COC1)N[C@H]1CC[C@H](CCN2CCC(c3cccc4c3OCO4)CC2)CC1,8.29
D3,CHEMBL3695402,O=S(=O)(N[C@H]1CC[C@H](CCN2CCC(c3cccc4c3CCO4)CC2)CC1)c1ccccc1,8.29
D3,CHEMBL3695426,CCCC(=O)N[C@H]1CC[C@H](CCN2CCC(c3cccc4c3CCO4)CC2)CC1,8.29
D3,CHEMBL3664886,O=C(N[C@H]1CC[C@H](CCN2CCC(c3cccc4c3OCO4)CC2)CC1)N1CCc2ccccc21,8.29
D3,CHEMBL3984236,Cn1c(SCCCN2CC[C@]3(C[C@H]3c3ccc(C(F)(F)F)cc3)C2)nnc1-c1ccncn1,8.29
D3,CHEMBL3910842,O=C(CC(F)(F)F)N[C@H]1CC[C@H](CCN2CCC(c3noc4cc(F)ccc34)CC2)CC1,8.29
D3,CHEMBL4862890,COc1ccc(F)cc1[C@H]1C[C@@H]1CNCCCCOc1ccc2ccc(=O)[nH]c2c1,8.29
D3,CHEMBL5816455,CC1C(SCCCN2CC3CCN(c4ccccc4C(F)(F)F)C3C2)=NN=C1c1ccccc1,8.29
D3,CHEMBL541025,COc1ccc(-c2cc(CCCCN3CCN(c4ccccc4OC)CC3)on2)cc1OC.Cl,8.28
D3,CHEMBL80615,Cc1ccc(N2CCN(CC[C@H]3CC[C@H](NC(=O)C4CCCCC4)CC3)CC2)cc1C,8.28
D3,CHEMBL1627312,O=C(NCCC(O)CN1CCN(c2cccc(Cl)c2Cl)CC1)c1cc2cc(I)ccc2[nH]1,8.28
D3,CHEMBL1689007,O=C(NCCCCN1CCN(c2ccccc2OCCF)CC1)c1ccc(OCCOCCOCCF)cc1.O=C(O)C(=O)O,8.28
D3,CHEMBL3695377,CC(C)CC(=O)N[C@H]1CC[C@H](CCN2CCC(c3cccc4c3CCO4)CC2)CC1,8.28
D3,CHEMBL3664843,CO[C@@H]1CC[C@@H](CC(=O)N[C@H]2CC[C@H](CCN3CCC(c4cccc5c4OCO5)CC3)CC2)C1,8.28
D3,CHEMBL4522558,CCCN(CCCCNC(=O)c1ccc(-c2ccccn2)cc1)C[C@H]1C[C@@H]1c1cccc(Cl)c1Cl.Cl,8.28
D3,CHEMBL4875181,COc1ccc2c(c1)[C@H]1OCCN(CCCCNC(=O)c3ccco3)[C@@H]1CO2,8.28
D3,CHEMBL5905073,Cn1c(SCCCN2C[C@H]3CCN(c4ccc(C(F)(F)F)cc4)[C@H]3C2)nnc1C1CCOCC1,8.28
D3,CHEMBL6016459,Cn1c(SCCCN2C[C@@H]3CCN(c4ccc(C(F)(F)F)cc4)[C@@H]3C2)nnc1-c1ccc(=O)n(C)c1,8.28
D3,CHEMBL314952,O=C1Cc2c(cccc2N2CCN(Cc3ccccc3)CC2)N1,8.27
D3,CHEMBL151475,O=c1c(CO)coc2cc(OCCCN3CCC(c4noc5cc(F)ccc45)CC3)ccc12,8.27
D3,CHEMBL382568,CC(C)(C)c1nc(N2CCN(CCCCn3cc(C(F)(F)F)c(=O)[nH]c3=O)CC2)cc(C(F)(F)F)n1,8.27
D3,CHEMBL1627317,COc1ccccc1N1CCN(CC(O)CCNC(=O)c2cc3ccccc3o2)CC1,8.27
D3,CHEMBL1813594,COc1ccccc1N1CCN(CCCCOc2ccc3ccc(=O)[nH]c3c2)CC1.O=C(O)C(=O)O,8.27
D3,CHEMBL1188090,CCCN(CCc1ccccc1)CCc1cccc(O)c1,8.27
D3,CHEMBL3695445,O=C(N[C@H]1CC[C@H](CCN2CCC(c3cccc4c3CCO4)CC2)CC1)c1ccc(-c2cccnc2)cc1,8.27
D3,CHEMBL3695365,O=C(CC1COCCO1)N[C@H]1CC[C@H](CCN2CCC(c3cccc4occc34)CC2)CC1,8.27
D3,CHEMBL5266134,CCCN(CCc1cc(O)c(CCN(CCC)[C@H]2CCc3nc(N)sc3C2)cc1O)[C@H]1CCc2nc(N)sc2C1,8.27
D3,CHEMBL6021559,Cn1c(SCCCN2C[C@H]3CCN(c4ccc(F)cc4)[C@H]3C2)nnc1C1CCOCC1,8.27
D3,CHEMBL381514,CC(C)(C)CNC(=O)NCCCCN1CCN(c2cc(C(F)(F)F)nc(C(C)(C)C)n2)CC1,8.26
D3,CHEMBL2386607,COc1ccccc1N1CCCN(CCCCNC(=O)c2cc3ccccc3o2)CC1,8.26
D3,CHEMBL3588921,COc1ccccc1N1CCN(CCCCn2cc(-c3ccc4c(c3)Cc3ccccc3-4)nn2)CC1,8.26
D3,CHEMBL3588981,COc1ccccc1N1CCN(CCCCn2cc(-c3ccc4[nH]ccc4c3)nn2)CC1,8.26
D3,CHEMBL3676861,CC(C)(O)C(=O)N[C@H]1CC[C@H](CCN2CCC(c3coc4ccccc34)CC2)CC1,8.26
D3,CHEMBL3695405,O=C(N[C@H]1CC[C@H](CCN2CCC(c3cccc4c3CCO4)CC2)CC1)C1CCOC1,8.26
D3,CHEMBL3983937,Cc1ncoc1-c1nnc(SCCCN2CC[C@@]3(C[C@H]3c3ccccc3)C2)n1C,8.26
D3,CHEMBL5187578,O=Cc1ccc(-c2ccccc2OCF)cc1,8.26
D3,CHEMBL5955382,Cc1ncsc1-c1nnc(SCCCN2CC3CCN(c4ccc(C(F)(F)F)cc4)C3C2)n1C,8.26
D3,CHEMBL239733,C#Cc1cccc(C(=O)NCCCCCN2CCN(c3cccc(Cl)c3Cl)CC2)c1,8.25
D3,CHEMBL602264,CCCN(CCN1CCN(c2ccc(O)c3ncccc23)CC1)C1CCc2ccc(O)cc2C1,8.25
D3,CHEMBL3115574,O=C(O)C(=O)O.Oc1ccc2c(c1)O[C@@H](CNCc1ccc(I)cc1)CC2,8.25
D3,CHEMBL3323012,CC(C)(C)c1nc(N2CCN(CCCCNC(=O)c3cc4ccccc4[nH]3)CC2)cc(C(F)(F)F)n1,8.25
D3,CHEMBL3695430,O=C(N[C@H]1CC[C@H](CCN2CCC(c3cccc4c3CCO4)CC2)CC1)c1ccc(N2CCS(=O)(=O)CC2)cc1,8.25
D3,CHEMBL4091155,O=C(CCCN1CCN(c2cccc(Cl)c2Cl)CC1)Nc1ccn2nccc2c1,8.25
D3,CHEMBL1813597,COc1ccccc1N1CCN(CCCOc2ccc3ccc(=O)[nH]c3c2)CC1.O=C(O)C(=O)O,8.24
D3,CHEMBL3697989,CC(C)[C@@H](O)C(=O)N[C@H]1CC[C@H](CCN2CCN(c3cccc4c3OCO4)CC2)CC1,8.24
D3,CHEMBL3695357,O=C(CC1CCOCC1)N[C@H]1CC[C@H](CCN2CCC(c3cccc4occc34)CC2)CC1,8.24
D3,CHEMBL3664838,CCCC(=O)N[C@H]1CC[C@H](CCN2CCC(c3cccc4c3OCO4)CC2)CC1,8.24
D3,CHEMBL3676904,O=C(N[C@H]1CC[C@H](CCN2CCC(c3coc4ccccc34)CC2)CC1)c1ccc(-n2cccn2)cc1,8.24
D3,CHEMBL3695438,C/C=C/CC(=O)N[C@H]1CC[C@H](CCN2CCC(c3cccc4c3CCO4)CC2)CC1,8.24
D3,CHEMBL3966657,O=C(N[C@H]1CC[C@H](CCN2CCC(c3noc4cc(F)ccc34)CC2)CC1)c1ccnc(N2CCOCC2)c1,8.24
D3,CHEMBL4591250,CCCN1CCN(c2ccc3c(c2)N(S(=O)(=O)c2ccccc2)CC3)CC1,8.24
D3,CHEMBL5267958,C[C@H]1CO[C@@H](c2ccc(N)nc2)CN1CC[C@@H]1CC[C@H](CNC(=O)c2cc3ccccc3[nH]2)C1,8.24
D3,CHEMBL6015575,Cc1ncoc1-c1nnc(SCCCN2C[C@H]3CCCN(c4ccc(C(F)(F)F)cc4)[C@H]3C2)n1C,8.24
D3,CHEMBL5809368,Cc1ncoc1-c1nnc(SCCCN2C[C@@H]3CCCN(c4ccc(C(F)(F)F)cc4)[C@@H]3C2)n1C,8.24
D3,CHEMBL340471,COc1cccc(C(=O)NC2CCN(Cc3ccc(F)cc3)CC2)c1OC,8.23
D3,CHEMBL3287401,O=Cc1c(OCCCCN2CCN(c3cccc(Cl)c3Cl)CC2)nn2ccccc12,8.23
D3,CHEMBL3318850,O=C(CCc1cn(CCCCCCCCCCn2cc(CCC(=O)OC3(c4ccc(Cl)cc4)CCN(CCCC(=O)c4ccc(F)cc4)CC3)nn2)nn1)OC1(c2ccc(Cl)cc2)CCN(CCCC(=O)c2ccc(F)cc2)CC1,8.23
D3,CHEMBL3588983,COc1ccccc1N1CCN(CCCCn2cc(-c3ccc(-c4ccccc4)cc3)nn2)CC1,8.23
D3,CHEMBL3588998,OC(CCn1cc(-c2ccc3[nH]ccc3c2)nn1)CN1CCN(c2cccc(Cl)c2Cl)CC1,8.23
D3,CHEMBL3676871,O=C(N[C@H]1CC[C@H](CCN2CCC(c3coc4ccccc34)CC2)CC1)C1CCCOC1,8.23
D3,CHEMBL3664815,COCCC(=O)N[C@H]1CC[C@H](CCN2CCC(c3cccc4c3OCO4)CC2)CC1,8.23
D3,CHEMBL3664848,CC(C)(O)CC(=O)N[C@H]1CC[C@H](CCN2CCC(c3cccc4c3OCO4)CC2)CC1,8.23
D3,CHEMBL3981112,O=C(N[C@H]1CC[C@H](CCN2CCC(c3noc4cc(F)ccc34)CC2)CC1)C1(O)CC1,8.23
D3,CHEMBL3944400,O=C(N[C@H]1CC[C@H](CCN2CCC(c3noc4ccc(F)cc34)CC2)CC1)c1ccc(N2CCS(=O)(=O)CC2)cc1,8.23
D3,CHEMBL3914062,CCS(=O)(=O)N[C@H]1CC[C@H](CCN2CCC(c3noc4cc(F)ccc34)CC2)CC1,8.23
D3,CHEMBL3891987,O=S(=O)(N[C@H]1CC[C@H](CCN2CCC(c3noc4cc(F)ccc34)CC2)CC1)c1ccc(Cl)cc1,8.23
D3,CHEMBL4087217,CCCN1CCN(c2ccc(O)c3c2OCC(=O)N3)CC1,8.23
D3,CHEMBL4293886,COc1ccc(C(=O)NCCCCN2CCc3cc(OC)c(O)cc3C2)cc1,8.23
D3,CHEMBL5985422,CC(C)(C)c1nc(N2CCN(CCCCNC(=O)N3CCN(c4cccnc4)CC3)CC2)cc(C(F)(F)F)n1,8.23
D3,CHEMBL5982290,Cc1ncoc1-c1nnc(SCCCN2C[C@H]3CCN(c4cccc(C#N)c4)[C@H]3C2)n1C,8.23
D3,CHEMBL5915445,Cn1c(SCCCN2CCO[C@H](c3ccc(C(F)(F)F)cc3)C2)nnc1-c1ccc(-c2ncco2)cc1,8.23
D3,CHEMBL541270,COc1ccccc1N1CCN(CCCCc2cc(-c3cccc([N+](=O)[O-])c3)no2)CC1.Cl,8.22
D3,CHEMBL310401,O=C(N[C@H]1CC[C@H](CCN2CCN(c3cccc(Cl)c3)CC2)CC1)C1CCCCC1,8.22
D3,CHEMBL343755,C[C@H]1C[C@H](C)N1C(=O)[C@@H]1C=C2c3cccc4[nH]cc(c34)CC2N(C)C1,8.22
D3,CHEMBL239493,O=C(NCCCCN1CCC(=C2c3ccc(Cl)cc3CCc3cccnc32)CC1)c1ccc2ccccc2c1,8.22
D3,CHEMBL517730,COc1cccc2c1C1CCN(CCCCNC(=O)C3=Cc4ccccc4CN3)CC1=N2,8.22
D3,CHEMBL3642705,O=C(C[C@H]1CC[C@H](O)CC1)N[C@H]1CC[C@H](CCN2CCN(c3nccc4sccc34)CC2)CC1,8.22
D3,CHEMBL3676907,CN1CCN(c2ccc(C(=O)N[C@H]3CC[C@H](CCN4CCC(c5coc6ccccc56)CC4)CC3)cc2)CC1,8.22
D3,CHEMBL3695412,CC(C)(C)CC(=O)N[C@H]1CC[C@H](CCN2CCC(c3cccc4c3CCO4)CC2)CC1,8.22
D3,CHEMBL3695397,CN1CCN(c2ccc(C(=O)N[C@H]3CC[C@H](CCN4CCC(c5cccc6c5CCO6)CC4)CC3)cc2)CC1,8.22
D3,CHEMBL3697985,O=C(N[C@H]1CC[C@H](CCN2CCN(c3cccc4c3OCO4)CC2)CC1)C1(O)CCC1,8.22
D3,CHEMBL3695358,CC(=O)N[C@H]1CC[C@H](CCN2CCC(c3cccc4c3CCO4)CC2)CC1,8.22
D3,CHEMBL3963761,CC1(C)OC[C@H](CC(=O)N[C@H]2CC[C@H](CCN3CCC(c4noc5cc(Cl)ccc45)CC3)CC2)O1,8.22
D3,CHEMBL3922302,CO[C@]1(C)CC[C@@H](CC(=O)N[C@H]2CC[C@H](CCN3CCC(c4noc5cc(Cl)ccc45)CC3)CC2)CC1,8.22
D3,CHEMBL3952892,CO[C@@H](C)CC(=O)N[C@H]1CC[C@H](CCN2CCC(c3noc4cc(Cl)ccc34)CC2)CC1,8.22
D3,CHEMBL4083252,COc1ccccc1N1CCN(CCCSc2nnc(-c3ccccc3)n2C)CC1,8.22
D3,CHEMBL4452064,C[C@H]1CO[C@@H](c2ccc(N)nc2)CN1CCCCNC(=O)c1cc2ccccc2[nH]1,8.22
D3,CHEMBL4555827,CCc1cc(Cl)c(OC)c(N2CCN(C[C@H](O)CCNC(=O)c3cc4ccccc4[nH]3)CC2)c1,8.22
D3,CHEMBL73151,CCN(CC)C(=O)N[C@H]1C[C@@H]2c3cccc4[nH]cc(c34)C[C@H]2N(C)C1,8.22
D3,CHEMBL424690,CC(C)(C)c1nc(N2CCN(CCCCCC(=O)NCc3ccccc3)CC2)cc(C(F)(F)F)n1,8.21
D3,CHEMBL241026,O=C(/C=C/c1ccccc1)NCCCCN1CCN(C(c2ccccc2)c2ccccc2)CC1,8.21
D3,CHEMBL391256,C#Cc1cccc(C(=O)NCCCCN2CCN(c3ccccc3OC)CC2)c1,8.21
D3,CHEMBL1688996,COc1ccccc1N1CCN(C/C=C/CNC(=O)c2ccc(OCCF)cc2)CC1.O=C(O)C(=O)O,8.21
D3,CHEMBL1688993,COc1ccccc1N1CCN(CCCCNC(=O)c2ccc(OCCOCCF)cc2)CC1.O=C(O)C(=O)O,8.21
D3,CHEMBL1774384,O=C(NCCC(F)CN1CCN(c2cccc(Cl)c2Cl)CC1)c1ccc(-c2ccccn2)cc1,8.21
D3,CHEMBL1774542,O=C(NCCC(F)CN1CCN(c2cccc(Cl)c2Cl)CC1)c1ccc2ccccc2c1,8.21
D3,CHEMBL3695393,O=C(N[C@H]1CC[C@H](CCN2CCC(c3cccc4c3CCO4)CC2)CC1)c1ccnc2ccccc12,8.21
D3,CHEMBL3664861,O=C(N[C@H]1CC[C@H](CCN2CCC(c3cccc4c3OCO4)CC2)CC1)C1(O)CC1,8.21
D3,CHEMBL3676883,Cc1ccc(S(=O)(=O)N[C@H]2CC[C@H](CCN3CCC(c4coc5ccccc45)CC3)CC2)cc1,8.21
D3,CHEMBL3695413,O=C(CC1CCC1)N[C@H]1CC[C@H](CCN2CCC(c3cccc4c3CCO4)CC2)CC1,8.21
D3,CHEMBL3664869,O=C(N[C@H]1CC[C@H](CCN2CCC(c3cccc4c3OCO4)CC2)CC1)c1ccnc2ccccc12,8.21
D3,CHEMBL3664891,O=S(=O)(N[C@H]1CC[C@H](CCN2CCC(c3cccc4c3OCO4)CC2)CC1)N1CCOCC1,8.21
D3,CHEMBL3901587,Cc1ncoc1-c1nnc(SCCCN2CC[C@@]3(C[C@@H]3c3ccc(C(F)(F)F)cc3F)C2)n1C,8.21
D3,CHEMBL3901365,O=C(CC1OCCCO1)N[C@H]1CC[C@H](CCN2CCC(c3noc4cc(Cl)ccc34)CC2)CC1,8.21
D3,CHEMBL4856059,Cc1nc(N)sc1CCCN/C(N)=N/C(=O)N[C@H](C)c1ccccc1,8.21
D3,CHEMBL304902,CN1CCN(C2=Nc3ccccc3Sc3ccc(Cl)cc32)CC1,8.21
D3,CHEMBL5646887,C=CCN1CC[C@H](OCCCN)[C@H]1CNC(=O)c1cc(CCCF)cc(OC)c1OC,8.21
D3,CHEMBL5639881,C=CCN1C[C@H](OC(=O)NCc2ccccc2)C[C@H]1CNC(=O)c1cc(CCCF)cc(OC)c1OC,8.21
D3,CHEMBL5647616,C=CCN1C[C@H](OC(=O)Nc2ccsc2)C[C@H]1CNC(=O)c1cc(CCCF)cc(OC)c1OC,8.21
D3,CHEMBL6019104,Cn1c(SCCCN2C[C@@H]3CCN(c4ccccc4C(F)(F)F)[C@@H]3C2)nnc1-c1ccc(=O)[nH]c1,8.21
D3,CHEMBL3084620,CS(=O)(=O)c1ccc2c(c1)CCN(CC[C@H]1CC[C@H](NC(=O)c3cccc4ccccc34)CC1)CC2.Cl,8.2
D3,CHEMBL3084602,Cc1ncc(-c2cccc(C(=O)N[C@H]3CC[C@H](CCN4CCc5ccc(S(C)(=O)=O)cc5CC4)CC3)c2)o1.Cl,8.2
D3,CHEMBL318925,CS(=O)(=O)Oc1cccc2c1CC[C@H]1[C@H]2CCCN1CCCCNC(=O)c1ccc(-c2ccccc2)cc1,8.2
D3,CHEMBL129997,CCCN(CCC)[C@@H]1CCc2c(ccc(C(O)Cc3ccc(Cl)cc3)c2OC)C1,8.2
D3,CHEMBL424458,CCCN(CCC)[C@@H]1CCc2c(ccc(CCc3ccc(C(F)(F)F)cc3)c2OC)C1,8.2
D3,CHEMBL133166,CCCN(CCC)C1CCc2cc(CN(C(=O)OC)c3ccc(OC)cc3)ccc2C1,8.2
D3,CHEMBL305392,N#Cc1ccc2c(c1)C1CN(Cc3ccccc3)CC1CC2,8.2
D3,CHEMBL127029,COc1ccccc1N1CCN(CCCCNC(=O)c2ccc(-c3ccc(Cl)cc3)o2)CC1.O=C(O)C(=O)O,8.2
D3,CHEMBL64157,N#Cc1ccc2c(c1)[C@H]1CN(Cc3ccc(F)cc3)C[C@@H]1CO2,8.2
D3,CHEMBL294515,N#Cc1ccc2c(c1)[C@@H]1CN(Cc3ccccc3)C[C@H]1CO2,8.2
D3,CHEMBL113606,CCN(Cc1ccc(-c2cc(S(=O)(=O)CC)ccc2OC)[nH]1)Cc1ccccc1Cl,8.2
D3,CHEMBL71894,O=C(NCCCCN1CCN(c2ccccc2)CC1)c1ccc(Br)cc1,8.2
D3,CHEMBL277945,CCN1CCCC1CNC(=O)c1cc(S(=O)(=O)CC)ccc1OC,8.2
D3,CHEMBL314050,N#Cc1ccc2c(c1)CCN(CC[C@H]1CC[C@H](NC(=O)/C=C/c3ccc(F)cc3)CC1)CC2,8.2
D3,CHEMBL86032,N#Cc1ccc2c(c1)CCN(CC[C@H]1CC[C@H](NC(=O)c3ccc4c(c3)NC(=O)CO4)CC1)CC2,8.2
D3,CHEMBL420789,N#Cc1ccc2c(c1)CCN(CC[C@H]1CC[C@H](NC(=O)/C=C/c3cccc(F)c3)CC1)CC2,8.2
D3,CHEMBL145545,COc1ccc(S(=O)(=O)N(C)c2ccccc2)cc1-c1ccc(CN2CCCCCC2c2ccccc2)[nH]1,8.2
D3,CHEMBL144055,CCN(Cc1ccccc1)S(=O)(=O)c1ccc(OC)c(-c2ccc(CN3CCCCCC3c3ccccc3)[nH]2)c1,8.2
D3,CHEMBL145408,COc1ccc(S(=O)(=O)N2CCCc3ccccc32)cc1-c1ccc(CN2CCCCCC2c2ccccc2)[nH]1,8.2
D3,CHEMBL230069,Cc1cc(S(=O)(=O)Nc2ccc3c(c2)CCN(C)CC3)ccc1-c1ccc(Cl)cc1,8.2
D3,CHEMBL243708,Cc1cc(-c2ccc3c(c2)CCN(CCCSc2nnc(-c4ccc5nc(C)c(C)nc5c4)n2C)CC3)no1,8.2
D3,CHEMBL270602,Cc1cnc(-c2nnc(SCCCN3CCc4ccc5oc(C(F)(F)F)nc5c4CC3)n2C)cn1,8.2
D3,CHEMBL403804,CCc1nc2ccc3c(c2s1)CCN(CCCSc1nnc(-c2ocnc2C)n1C)CC3,8.2
D3,CHEMBL256473,Cc1ccc2c(-c3nnc(SCCCN4CCc5cc6nc(C(C)(F)F)oc6cc5CC4)n3C)cccc2n1,8.2
D3,CHEMBL256481,Cc1ccc2c(-c3nnc(SCCCCN4CCc5cc6nc(C)oc6c(C)c5CC4)n3C)cccc2n1,8.2
D3,CHEMBL3084503,O[C@@]1(c2ccc(Cl)c(Cl)c2)C[C@H]2CC[C@@H](C1)N2Cc1c[nH]c2ccccc12,8.2
D3,CHEMBL540241,CC(C)c1cccc(N2CCN(CCN3Cc4ccccc4C3)C2=O)c1,8.2
D3,CHEMBL565031,O=C1N(CCN2Cc3ccccc3C2)CCN1c1cc(Cl)ccc1F,8.2
D3,CHEMBL552371,CC1CCCN(CCN2CCN(c3cccc(Cl)c3)C2=O)C1,8.2
D3,CHEMBL563274,CN(CCN1CCN(c2cccc(Cl)c2)C1=O)C[C@]12CC[C@H](CC1)C2(C)C,8.2
D3,CHEMBL1079462,Cc1ncoc1-c1nnc(SCCCN2CC3CC3(c3ccc(F)cc3)C2)n1C,8.2
D3,CHEMBL1223602,CCC(C)(C)c1ccc(S(=O)(=O)Nc2ccc([C@]34CNC[C@H]3C4)cc2)cc1,8.2
D3,CHEMBL1224639,CC(C)c1ccc(S(=O)(=O)Nc2ccc([C@@]34C[C@@H]3CN(C)C4)cc2)cc1,8.2
D3,CHEMBL1257808,Cc1ncoc1-c1nnc(SCCCN2CCC3(c4cccc(C(F)(F)F)c4)CC3C2)n1C,8.2
D3,CHEMBL1257448,Cc1ncoc1-c1nnc(SCCCN2[C@@H]3CC[C@H]2C[C@@H](c2ccc(C(F)(F)F)cc2F)C3)n1C,8.2
D3,CHEMBL1765634,CCCN(CCCCNC(=O)c1ccc(-c2ccccc2)cc1)[C@@H]1CCn2nccc2C1,8.2
D3,CHEMBL2165676,CCCN1CCN(c2cccc(Cl)c2Cl)CC1,8.2
D3,CHEMBL3353902,COc1ccccc1N1CCN(CCCCCc2cn(-c3ccc(-c4ccsc4)cc3)nn2)CC1,8.2
D3,CHEMBL3695425,CC(C)(O)CC(=O)N[C@H]1CC[C@H](CCN2CCC(c3cccc4c3CCO4)CC2)CC1,8.2
D3,CHEMBL3664849,O=C(N[C@H]1CC[C@H](CCN2CCC(c3cccc4c3OCO4)CC2)CC1)c1ccc(Cl)cc1,8.2
D3,CHEMBL3664841,O=C(N[C@H]1CC[C@H](CCN2CCC(c3cccc4c3OCO4)CC2)CC1)C1CC(Cl)C1,8.2
D3,CHEMBL3695437,CC(C)=CC(=O)N[C@H]1CC[C@H](CCN2CCC(c3cccc4c3CCO4)CC2)CC1,8.2
D3,CHEMBL3765426,Cn1c(SCCCN2CCOC(c3ccc(C(F)(F)F)cc3)C2)nnc1-c1ccc(C(N)=O)cc1,8.2
D3,CHEMBL3774649,Cn1c(SCCCN2CC3CCN(c4ccccc4)C3C2)nnc1C1CCOCC1,8.2
D3,CHEMBL3775631,Cn1c(SCCCN2CC3CCN(c4ccccc4C#N)C3C2)nnc1-c1cnccn1,8.2
D3,CHEMBL3799603,O=C(NCCCCN1CCN(c2cccc(Cl)c2Cl)CC1)Oc1ccccc1,8.2
D3,CHEMBL4290759,COc1cc2c(cc1O)CN(CCCCNC(=O)c1ccc(C#N)cc1)CC2,8.2
D3,CHEMBL110489,C(#Cc1ccncc1)CCN1CC=C(c2ccccc2)CC1,8.19
D3,CHEMBL543278,COc1ccc(-c2cc(CCCCN3CCN(c4ccccc4OC)CC3)on2)c(OC)c1.Cl,8.19
D3,CHEMBL1627309,CCCOc1ccccc1N1CCN(CC(O)CCNC(=O)c2cc3ccccc3[nH]2)CC1,8.19
D3,CHEMBL3287400,O=Cc1cnn2c(OCCCCN3CCN(c4cccc(Cl)c4Cl)CC3)cccc12,8.19
D3,CHEMBL3353904,COc1ccccc1N1CCN(CCCCc2cn(-c3ccc(F)cc3)nn2)CC1,8.19
D3,CHEMBL3322996,N#Cc1cc(N2CCN(CCCCNC(=O)c3cn4ccccc4n3)CC2)cc(C(F)(F)F)c1,8.19
D3,CHEMBL3318835,O=C(CCCCCCC(=O)OC1(c2ccc(Cl)cc2)CCN(CCCC(=O)c2ccc(F)cc2)CC1)OC1(c2ccc(Cl)cc2)CCN(CCCC(=O)c2ccc(F)cc2)CC1,8.19
D3,CHEMBL3695389,O=C(C[C@@H](O)C(F)(F)F)N[C@H]1CC[C@H](CCN2CCC(c3cccc4c3CCO4)CC2)CC1,8.19
D3,CHEMBL3695380,O=C(CCO)N[C@H]1CC[C@H](CCN2CCC(c3cccc4c3CCO4)CC2)CC1,8.19
D3,CHEMBL3664857,O=C(CC1(O)CCC1)N[C@H]1CC[C@H](CCN2CCC(c3cccc4c3OCO4)CC2)CC1,8.19
D3,CHEMBL3664830,O=C(C[C@@H]1CCCO1)N[C@H]1CC[C@H](CCN2CCC(c3cccc4c3OCO4)CC2)CC1,8.19
D3,CHEMBL5813774,Cn1c(SCCCN2C[C@H]3CCN(c4ccc(C(F)(F)F)cc4)[C@H]3C2)nnc1-c1ccc(=O)n(C)c1,8.19
D3,CHEMBL126439,COc1ccccc1N1CCN(CCCCNC(=O)c2ccc3ccccc3n2)CC1.O=C(O)C(=O)O,8.18
D3,CHEMBL133085,CCCN(C/C=C/I)C1COc2c(O)cccc2C1,8.18
D3,CHEMBL3642737,O=C(CC(F)(F)F)N[C@H]1CC[C@H](CCN2CCN(c3nccc4c3CCO4)CC2)CC1,8.18
D3,CHEMBL3695359,COCCC(=O)N[C@H]1CC[C@H](CCN2CCC(c3cccc4c3CCO4)CC2)CC1,8.18
D3,CHEMBL3695423,CS(=O)(=O)c1ccc(C(=O)N[C@H]2CC[C@H](CCN3CCC(c4cccc5c4CCO5)CC3)CC2)s1,8.18
D3,CHEMBL3798504,Cl.O=C(NCCCCN1CCN(c2cccc(Cl)c2Cl)CC1)Oc1ccc(C(=O)O)c2ccccc12,8.18
D3,CHEMBL4852472,COc1ccc2c(c1)[C@H]1OCCN(CCCCNC(=O)c3cccs3)[C@@H]1CO2,8.18
D3,CHEMBL85,Cc1nc2n(c(=O)c1CCN1CCC(c3noc4cc(F)ccc34)CC1)CCCC2,8.17
D3,CHEMBL126313,COc1ccccc1N1CCN(CCCCNC(=O)c2sc3ccccc3c2Cl)CC1,8.17
D3,CHEMBL196928,CCCN(CCC)C1CCn2nccc2C1,8.17
D3,CHEMBL202857,CC(C)(C)c1nc(N2CCN(CCCCNC(=O)NCC3CCCCC3)CC2)cc(C(F)(F)F)n1,8.17
D3,CHEMBL514382,O=C1c2ccccc2CCN1CCCCN1CCN(c2ccccc2Cl)CC1,8.17
D3,CHEMBL3353911,COc1ccccc1N1CCN(CCCCCc2cn(-c3ccc(N(C)C)cc3)nn2)CC1,8.17
D3,CHEMBL3353915,COc1ccccc1N1CCN(CCCc2cn(-c3ccccc3O)nn2)CC1,8.17
D3,CHEMBL3323117,CC(C)(C)c1nc(N2CCN(CCCCNC(=O)[C@H]3CC[C@H](c4ccccc4)CC3)CC2)cc(C(F)(F)F)n1,8.17
D3,CHEMBL3588982,COc1ccccc1N1CCN(CCCCn2cc(-c3ccc4ncccc4c3)nn2)CC1,8.17
D3,CHEMBL3664872,O=C(N[C@H]1CC[C@H](CCN2CCC(c3cccc4c3OCO4)CC2)CC1)C1COc2ccccc2C1,8.17
D3,CHEMBL3676924,O=C(N[C@H]1CC[C@H](CCN2CCC(c3coc4ccccc34)CC2)CC1)C1CCC(C(F)(F)F)CC1,8.17
D3,CHEMBL3698008,CC1(C(=O)N[C@H]2CC[C@H](CCN3CCN(c4cccc5c4OCO5)CC3)CC2)COC1,8.17
D3,CHEMBL3642727,O=S(=O)(N[C@H]1CC[C@H](CCN2CCN(c3nccc4c3CCO4)CC2)CC1)c1ccc(F)cc1,8.17
D3,CHEMBL3798211,Cl.NC(=O)c1ccc(OC(=O)NCCCCN2CCN(c3cccc(Cl)c3Cl)CC2)c2ccccc12,8.17
D3,CHEMBL3975147,Cc1ncoc1-c1nnc(SCCCN2CC[C@@]3(C[C@H]3c3ccc(F)cc3C(F)(F)F)C2)n1C,8.17
D3,CHEMBL4863032,COc1cc(C(=O)NCCCCN2CCO[C@@H]3c4ccccc4OC[C@H]32)cc(OC)c1OC,8.17
D3,CHEMBL168357,O=C(NCCCCN1CCN(c2cccc(Cl)c2Cl)CC1)c1cccc2ccccc12,8.16
D3,CHEMBL1689003,O=C(NCCCCN1CCN(c2ccccc2OCCF)CC1)c1ccc(CCF)cc1.O=C(O)C(=O)O,8.16
D3,CHEMBL3287279,O=C(NCC[C@@H](F)CN1CCN(c2cccc(Cl)c2Cl)CC1)c1cc2ccccc2o1,8.16
D3,CHEMBL3800421,O=C(NCCCCN1CCN(c2cccc(Cl)c2Cl)CC1)Oc1cccc2[nH]ccc12,8.16
D3,CHEMBL4086944,NC(=O)c1cccc(-c2ccc(OC(=O)NC/C=C/CN3CCN(c4cccc(Cl)c4Cl)CC3)cc2F)c1,8.16
D3,CHEMBL4575155,Cc1cccc2[nH]c(C(=O)N3CCN(CCOc4cccnc4)CC3)cc12,8.16
D3,CHEMBL4476394,CCc1cc(Cl)c(OC)c(N2CCN(CC(O)CCNC(=O)c3cc4ccccc4[nH]3)CC2)c1,8.16
D3,CHEMBL4788140,C[C@H]1CN(CC[C@H]2CC[C@H](N3C(=O)[C@@H]4[C@H](C3=O)[C@@H]3C=C[C@H]4C3)CC2)CCc2ccc(Cl)cc21,8.16
D3,CHEMBL4849107,CCc1cc(Cl)c(OC)c(C(=O)NC[C@@H]2CCCN2CCCCOc2ccc3c(c2)NC(=O)CC3)c1O,8.16
D3,CHEMBL5969419,Cc1ncoc1-c1nnc(SCCCN2C[C@@H]3CCN(c4ccc(F)cc4)[C@@H]3C2)n1C,8.16
D3,CHEMBL5768526,Cn1c(SCCCN2C[C@@H]3CCN(c4ccccc4)[C@@H]3C2)nnc1C1CCOCC1,8.16
D3,CHEMBL6007270,Cn1c(SCCCN2C[C@@H]3CCN(c4ccc(F)cc4)[C@@H]3C2)nnc1-c1cc[nH]c(=O)c1,8.16
D3,CHEMBL109063,Nc1ccc(C#CCCN2CC=C(c3ccccc3)CC2)cn1,8.15
D3,CHEMBL1813598,COc1ccccc1N1CCN(CCCCCOc2ccc3c(c2)NC(=O)CC3)CC1.O=C(O)C(=O)O,8.15
D3,CHEMBL3287390,Clc1cccc(N2CCN(CCCCOc3ccn4nccc4c3)CC2)c1Cl,8.15
D3,CHEMBL3664844,O=C(CC1(O)CCOCC1)N[C@H]1CC[C@H](CCN2CCC(c3cccc4c3OCO4)CC2)CC1,8.15
D3,CHEMBL3946313,Cn1c(SCCCN2CC[C@]3(C[C@@H]3c3ccc(C(F)(F)F)cc3)C2)nnc1-c1cccnc1C(F)(F)F,8.15
D3,CHEMBL3952290,CC1(O)CCC(CC(=O)N[C@H]2CC[C@H](CCN3CCC(c4noc5cc(Cl)ccc45)CC3)CC2)CC1,8.15
D3,CHEMBL4538010,O=C(c1cc2ccccc2[nH]1)N1CCN(CCOc2cccnc2)CC1,8.15
D3,CHEMBL5744335,Cn1c(SCCCN2C[C@@H]3CCN(c4ccc(C(F)(F)F)cc4)[C@@H]3C2)nnc1-c1cccnc1,8.15
D3,CHEMBL377299,CC(C)(C)c1nc(N2CCN(CCCCNC(=O)NCCc3ccccc3)CC2)cc(C(F)(F)F)n1,8.14
D3,CHEMBL2386623,CNc1ccc(C(=O)NCCCCN2CCCN(c3ccccc3OC)CC2)cc1,8.14
D3,CHEMBL3287393,Clc1cccc(N2CCN(CCCCOc3cccc4ccnn34)CC2)c1Cl,8.14
D3,CHEMBL3323112,CN(C)Cc1c(C(=O)NCCCCN2CCN(c3cc(C(F)(F)F)nc(C(C)(C)C)n3)CC2)nc2ccccn12,8.14
D3,CHEMBL3695439,CC#CC(=O)N[C@H]1CC[C@H](CCN2CCC(c3cccc4c3CCO4)CC2)CC1,8.14
D3,CHEMBL3695384,O=C(C[C@H]1CCCO1)N[C@H]1CC[C@H](CCN2CCC(c3cccc4c3CCO4)CC2)CC1,8.14
D3,CHEMBL3942236,O=C(c1ccco1)N1CCC(CCN2CCN(c3nsc4ccccc34)CC2)CC1,8.14
D3,CHEMBL4750939,CCN(C)C(=O)N[C@H]1CC[C@H](CCN2CCc3ccc(Cl)cc3[C@@H](C)C2)CC1,8.14
D3,CHEMBL5414796,CN(C)C(=O)C(CCN1C[C@H](O)C[C@H]1C(=O)NCCCCN1CCN(c2cccc(Cl)c2Cl)CC1)(c1ccccc1)c1ccccc1,8.14
D3,CHEMBL5641575,C=CCN1C[C@H](OCCCO)C[C@H]1CNC(=O)c1cc(CCCF)cc(OC)c1OC,8.14
D3,CHEMBL5798258,Cc1cc(N2CCN(CCCCNC(=O)N3CCC(n4c(=O)[nH]c5ccccc54)CC3)CC2)nc(C(C)(C)C)n1,8.14
D3,CHEMBL329398,Oc1nc2c(OCCNCc3ccccc3)cc(Cl)cc2[nH]1,8.13
D3,CHEMBL202298,CC(C)(C)c1nc(N2CCN(CCCCn3ccc(C4CCC4)nc3=O)CC2)cc(C(F)(F)F)n1,8.13
D3,CHEMBL202072,CCOc1ccn(CCCCN2CCN(c3cc(C(F)(F)F)nc(C(C)(C)C)n3)CC2)c(=O)n1,8.13
D3,CHEMBL221129,CCCc1c(C(=O)NCCCCCN2CCN(c3ccccc3OC)CC2)nnn1Cc1ccccc1Br,8.13
D3,CHEMBL1813596,COc1ccccc1N1CCN(CCCOc2ccc3c(c2)NC(=O)CC3)CC1.O=C(O)C(=O)O,8.13
D3,CHEMBL3664856,CCOCCC(=O)N[C@H]1CC[C@H](CCN2CCC(c3cccc4c3OCO4)CC2)CC1,8.13
D3,CHEMBL3676858,O=C(N[C@H]1CC[C@H](CCN2CCC(c3coc4ccccc34)CC2)CC1)c1ccc(N2CCOCC2)cc1,8.13
D3,CHEMBL3774411,Cn1c(SCCCN2CC3CCN(c4ccc(C(F)(F)F)cc4)C3C2)nnc1-c1cc[nH]c(=O)c1,8.13
D3,CHEMBL3799902,O=C(NCCCN1CCN(c2cccc(Cl)c2Cl)CC1)Oc1cccc2ccccc12,8.13
D3,CHEMBL4072821,CCOC(=O)c1cc2cc(OCCCCN3CCN(c4ccccc4OC)CC3)ccn2n1,8.13
D3,CHEMBL4087187,COc1ccccc1N1CCN(CCCCOc2ccn3nc(C=O)cc3c2)CC1,8.13
D3,CHEMBL5288831,C[C@H]1CO[C@@H](c2ccc(N)nc2)CN1C/C=C1\CCC(CNC(=O)c2cc3ccccc3[nH]2)C1,8.13
D3,CHEMBL5968236,Cc1ncc(CC(=O)N[C@H]2CC[C@H](CCN3CCc4cn(CCC(F)(F)F)nc4CC3)CC2)s1,8.13
D3,CHEMBL241436,O=C(NCCCCN1CCN(c2cccc(Cl)c2Cl)CC1)c1cccc(C#Cc2ccccc2)c1,8.12
D3,CHEMBL2386612,COc1ccccc1N1CCCN(CCCCNC(=O)c2ccc(C)s2)CC1,8.12
D3,CHEMBL3664859,O=C(N[C@H]1CC[C@H](CCN2CCC(c3cccc4c3OCO4)CC2)CC1)C1CCOC1,8.12
D3,CHEMBL3664840,COC(C)CC(=O)N[C@H]1CC[C@H](CCN2CCC(c3cccc4c3OCO4)CC2)CC1,8.12
D3,CHEMBL3642777,CC(=O)N[C@H]1CC[C@H](CCN2CCN(c3nc(C)cc4c3CCO4)CC2)CC1,8.12
D3,CHEMBL3664851,O=C(N[C@H]1CC[C@H](CCN2CCC(c3cccc4c3OCO4)CC2)CC1)[C@H](O)C(F)(F)F,8.12
D3,CHEMBL3664854,O=C(C[C@H]1CCCCO1)N[C@H]1CC[C@H](CCN2CCC(c3cccc4c3OCO4)CC2)CC1,8.12
D3,CHEMBL3695427,O=C(CCC(F)(F)F)N[C@H]1CC[C@H](CCN2CCC(c3cccc4c3CCO4)CC2)CC1,8.12
D3,CHEMBL3642721,O=C(N[C@H]1CC[C@H](CCN2CCN(c3nccc4c3CCO4)CC2)CC1)c1ccccc1,8.12
D3,CHEMBL3775071,Cc1ccc(N2CCC3CN(CCCSc4nnc(-c5cnccn5)n4C)CC32)cc1,8.12
D3,CHEMBL3798331,Cl.O=C(NCCCCN1CCN(c2cccc(Cl)c2Cl)CC1)Oc1cccc2[nH]cnc12,8.12
D3,CHEMBL4862320,COc1ccc(C(=O)NCCCCN2CCO[C@@H]3c4ccccc4OC[C@H]32)cc1,8.12
D3,CHEMBL1621,Cc1nc2n(c(=O)c1CCN1CCC(c3noc4cc(F)ccc34)CC1)CCCC2O,8.12
D3,CHEMBL5920163,Cn1c(SCCCN2CC3CCN(c4c(F)cccc4F)C3C2)nnc1-c1cccnc1,8.12
D3,CHEMBL306672,O=C1c2ccccc2C(=O)N1CCCCCN1CCN(c2cccc(Cl)c2Cl)CC1,8.11
D3,CHEMBL126136,COc1ccccc1N1CCN(CCCCNC(=O)c2ccccc2I)CC1,8.11
D3,CHEMBL26188,COc1ccccc1N1CCN(CCCCNC(=O)c2ccccc2)CC1,8.11
D3,CHEMBL1684133,CCCN1CCc2cccc3c2[C@H]1Cc1cccc(OCCCn2cc(CCN4CCN(c5ccccc5OC)CC4)nn2)c1-3,8.11
D3,CHEMBL3588984,Clc1cccc(N2CCN(CCCCn3cc(-c4ccc5ccccc5c4)nn3)CC2)c1Cl,8.11
D3,CHEMBL3664839,O=C(N[C@H]1CC[C@H](CCN2CCC(c3cccc4c3OCO4)CC2)CC1)C1CC1(F)F,8.11
D3,CHEMBL3642736,N#CCC(=O)N[C@H]1CC[C@H](CCN2CCN(c3nccc4c3CCO4)CC2)CC1,8.11
D3,CHEMBL3695444,O=C(N[C@H]1CC[C@H](CCN2CCC(c3cccc4c3CCO4)CC2)CC1)c1ccc(-c2ccccc2)cc1,8.11
D3,CHEMBL3676912,O=C(N[C@H]1CC[C@H](CCN2CCC(c3coc4ccccc34)CC2)CC1)c1cnc(N2CCOCC2)cn1,8.11
D3,CHEMBL3639637,O=C(C[C@H]1CCCOC1)N[C@H]1CC[C@H](CCN2CCC(c3cccc4c3OCO4)CC2)CC1,8.11
D3,CHEMBL3664827,N#Cc1ccc(C(=O)N[C@H]2CC[C@H](CCN3CCC(c4cccc5c4OCO5)CC3)CC2)cc1,8.11
D3,CHEMBL3664824,O=C(CCC(F)(F)F)N[C@H]1CC[C@H](CCN2CCC(c3cccc4c3OCO4)CC2)CC1,8.11
D3,CHEMBL3967683,Cn1c(SCCCN2CC[C@]3(C[C@H]3c3ccc(C(F)(F)F)cc3)C2)nnc1-c1ccccn1,8.11
D3,CHEMBL3953154,O=C(N[C@H]1CC[C@H](CCN2CCC(c3noc4cc(F)ccc34)CC2)CC1)C1(C(F)(F)F)CCC1,8.11
D3,CHEMBL3937844,O=C(N[C@H]1CC[C@H](CCN2CCC(c3noc4ccc(F)cc34)CC2)CC1)c1ccc(N2CCCCC2)cc1,8.11
D3,CHEMBL4098236,COc1ccccc1N1CCN(CCCCOc2ccn3ncc(C=O)c3c2)CC1,8.11
D3,CHEMBL4099666,O=C1CCc2ccc(OCCCCN3CCN(c4ccc(O)c5oc(=O)ccc45)CC3)cc2N1,8.11
D3,CHEMBL300555,O=C1NCN(c2ccccc2)C12CCN(CC1COc3ccccc3O1)CC2,8.11
D3,CHEMBL5646837,C=CCN1C[C@H](OC(=O)Nc2ccc(-c3ccsc3)cc2)C[C@H]1CNC(=O)c1cc(CCCF)cc(OC)c1OC,8.11
D3,CHEMBL6002665,CC(C)Oc1ccccc1N1CC[C@@H]2CN(CCCSc3nnc(-c4cnccn4)n3C)C[C@@H]21,8.11
D3,CHEMBL61682,Fc1ccc(-c2cncc(CN3CCN(c4ccccc4F)CC3)c2)cc1,8.1
D3,CHEMBL287198,COc1c(C(=O)NCCN2CCN(c3cccc(Cl)c3Cl)CC2)cc(Br)c2ccccc12,8.1
D3,CHEMBL2113357,Cc1cnc(-c2cccc(C(=O)N[C@H]3CC[C@H](CCN4CCc5ccc(S(C)(=O)=O)cc5CC4)CC3)c2)o1.Cl,8.1
D3,CHEMBL161916,COc1ccc2c(c1)CN(CC[C@H]1CC[C@H](NC(=O)/C=C/c3ccc(F)cc3)CC1)C2,8.1
D3,CHEMBL95759,O=C(NCCCCN1CCC[C@H]2c3ccc(O)cc3CC[C@@H]21)c1ccc(-c2ccccc2)cc1,8.1
D3,CHEMBL2111591,COc1cccc2c1CC[C@H]1[C@H]2CCCN1CCCCNC(=O)c1ccc(-c2ccccc2)cc1,8.1
D3,CHEMBL338496,CCCN(CCC)C1CCc2cc(CN(C(C)=O)c3ccc(OC)cc3)ccc2C1,8.1
D3,CHEMBL73589,CN1CCN(C2=Nc3ccccc3Sc3ccc(OS(=O)(=O)C(F)(F)F)cc32)CC1,8.1
D3,CHEMBL314983,c1ccc(N2CCN(CCCOc3ccc(-c4nc5ccccc5[nH]4)cc3)CC2)nc1,8.1
D3,CHEMBL309459,O=C(N[C@H]1CC[C@H](CCN2CCN(c3ccc(Cl)cc3)CC2)CC1)c1cccs1,8.1
D3,CHEMBL2113351,Cl.N#Cc1ccc2c(c1)CCN(CC[C@H]1CC[C@H](NC(=O)c3cccc4ccccc34)CC1)C2,8.1
D3,CHEMBL64721,N#Cc1ccc2c(c1)C1CN(Cc3ccc(F)cc3)CC1CO2,8.1
D3,CHEMBL303979,Fc1ccc2c(c1)C1CN(Cc3ccccc3)CC1CO2,8.1
D3,CHEMBL127288,COc1ccccc1N1CCN(CCCCNC(=O)c2ccc(C(C)(C)C)cc2)CC1,8.1
D3,CHEMBL112505,CCN(Cc1cccc(OC)c1)Cc1ccc(-c2cc(S(=O)(=O)CC)ccc2OC)[nH]1,8.1
D3,CHEMBL137781,C[C@@H]1C[C@H](C)N1C(=O)[C@@H]1C=C2c3cccc4[nH]cc(c34)CC2N(C)C1,8.1
D3,CHEMBL26,CCN1CCCC1CNC(=O)c1cc(S(N)(=O)=O)ccc1OC,8.1
D3,CHEMBL432713,O=C(/C=C/c1ccc(Cl)c(Cl)c1)NCCCCCN1CCC(c2c[nH]c3ccc(O)cc23)CC1,8.1
D3,CHEMBL299038,O=C(NCCCCN1CCc2ccc(OS(=O)(=O)C(F)(F)F)cc2C1)c1ccc(-c2ccccc2)cc1,8.1
D3,CHEMBL87716,CCCCN(CCCC)CCCOc1ccc(-c2nc3ccccc3n2C/C=C/Cn2c(-c3ccc(OCCCN(CCCC)CCCC)cc3)nc3ccccc32)cc1,8.1
D3,CHEMBL93336,CCCN(CCCCNC(=O)c1ccc(-c2ccccc2)cc1)C1CCc2nc(C)ncc2C1,8.1
D3,CHEMBL207880,CC(C)(C)c1nc(N2CCN(CCCCn3ccc(-c4ccccc4)cc3=O)CC2)cc(C(F)(F)F)n1,8.1
D3,CHEMBL390649,Cc1cc(-c2ccc3c(c2)CCN(CCCSc2nnc(-c4ccc(C(F)(F)F)cc4)n2C)CC3)n(C)n1,8.1
D3,CHEMBL231183,Cc1ccc2nc(-c3ccc(OCCCCN4CCN(c5cccc(Cl)c5Cl)CC4)cc3)cn2c1,8.1
D3,CHEMBL231079,Cc1ccn2cc(-c3ccc(OCCCN4CCN(c5cccc(Cl)c5Cl)CC4)cc3)nc2c1,8.1
D3,CHEMBL250403,CCCN1CCO[C@H](c2cccc(O)c2)C1,8.1
D3,CHEMBL442456,CCc1nc2c3c(ccc2o1)CCN(CCCSc1nnc(-c2cccc4nc(C)ccc24)n1C)CC3,8.1
D3,CHEMBL408169,Cc1ccc2c(-c3nnc(SCCCN4CCc5cc6c(cc5CC4)OCCN6)n3C)cccc2n1,8.1
D3,CHEMBL270567,Cc1ccc2c(-c3nnc(SCCCN4CCc5cc6nc(-c7cc(C)nn7C)oc6cc5CC4)n3C)cccc2n1,8.1
D3,CHEMBL271096,CCc1nc2cc3c(cc2o1)CCN(CCCSc1nnc(-c2ccc(C(F)(F)F)cc2)n1C)CC3,8.1
D3,CHEMBL561054,CC1CCCCN1CCN1CCN(c2cccc(Cl)c2)C1=O,8.1
D3,CHEMBL554073,N#Cc1cc(N2CCN(CCN3CCC(C(F)(F)F)CC3)C2=O)ccc1F,8.1
D3,CHEMBL560715,CC(C)N1CCN(CCN2CCN(c3cccc(Cl)c3)C2=O)CC1,8.1
D3,CHEMBL1224697,CCN1C[C@H]2C[C@@]2(c2ccc(NS(=O)(=O)c3ccc(C(C)C)cc3)cc2)C1,8.1
D3,CHEMBL1257566,Cc1ncoc1-c1nnc(SCCCN2CCC3CC3(c3ccc(C(F)(F)F)cc3)C2)n1C,8.1
D3,CHEMBL1258380,Cc1ncoc1-c1nnc(SCCCN2CCC3(CCCc4cc(Br)ccc43)C2)n1C,8.1
D3,CHEMBL1258713,Cc1ncoc1-c1nnc(SCCCN2CCC3(CCc4c(Br)cccc43)C2)n1C,8.1
D3,CHEMBL1684130,CCCN1CCc2cccc3c2[C@@H]1Cc1cccc(OCc2cn(CCCCN4CCN(c5ccccc5OC)CC4)nn2)c1-3,8.1
D3,CHEMBL1774533,COc1ccc2oc(C(=O)NCCC(F)CN3CCN(c4cccc(Cl)c4Cl)CC3)cc2c1,8.1
D3,CHEMBL2386619,COc1ccccc1N1CCCN(CCCCNC(=O)c2ccc(-c3ccc(F)cc3)s2)CC1,8.1
D3,CHEMBL3664866,O=C(N[C@H]1CC[C@H](CCN2CCC(c3cccc4c3OCO4)CC2)CC1)C1CCC1,8.1
D3,CHEMBL3695376,CC(C)C(=O)N[C@H]1CC[C@H](CCN2CCC(c3cccc4c3CCO4)CC2)CC1,8.1
D3,CHEMBL3695398,N#Cc1ccc(C(=O)N[C@H]2CC[C@H](CCN3CCC(c4cccc5c4CCO5)CC3)CC2)cc1,8.1
D3,CHEMBL3774569,Cn1c(SCCCN2CC3CCN(c4ccc(F)cc4)C3C2)nnc1-c1ccn(C)c(=O)c1,8.1
D3,CHEMBL3775598,CC(C)Oc1ccccc1N1CCC2CN(CCCSc3nnc(-c4cnccn4)n3C)CC21,8.1
D3,CHEMBL3774412,COc1cccc(N2CCC3CN(CCCSc4nnc(-c5cnccn5)n4C)CC32)c1,8.1
D3,CHEMBL3947961,Cn1c(SCCCN2CC[C@]3(C[C@H]3c3ccc(C(F)(F)F)cc3)C2)nnc1-c1ccncc1,8.1
D3,CHEMBL3966201,O=C(N[C@H]1CC[C@H](CCN2CCC(c3noc4cc(F)ccc34)CC2)CC1)c1ccc(N2CCOCC2)nc1,8.1
D3,CHEMBL3951793,COC1(C)CCC(CC(=O)N[C@H]2CC[C@H](CCN3CCC(c4noc5cc(Cl)ccc45)CC3)CC2)CC1,8.1
D3,CHEMBL3906053,CS(=O)(=O)N[C@H]1CC[C@H](CCN2CCC(c3noc4ccc(F)cc34)CC2)CC1,8.1
D3,CHEMBL4586531,O=C(NCCCCN1CCN(c2ccccc2)CC1)c1ccc(-c2ccsc2)cc1,8.1
D3,CHEMBL5857927,CC(C)(C)c1nc(N2CCN(CCCCNC(=O)N3CCN(c4ccccn4)CC3)CC2)cc(C(F)(F)F)n1,8.1
D3,CHEMBL5846531,Cn1c(SCCCN2CC3CCN(c4ccccc4C(F)(F)F)C3C2)nnc1-c1ccc(=O)[nH]c1,8.1
D3,CHEMBL5822694,O=C(N[C@H]1CC[C@H](CCN2CCc3cnc(CC4CC4)nc3C2)CC1)c1cccc2ncccc12,8.1
D3,CHEMBL69571,O=C(NC/C=C/CN1CCN(c2cccc(Cl)c2Cl)CC1)c1cccc2c1-c1ccccc1C2,8.09
D3,CHEMBL497988,Clc1cccc(N2CCN(CCCCOc3ccc4cccnc4c3)CC2)c1Cl,8.09
D3,CHEMBL1684029,CCCN1CCc2cccc3c2C1Cc1cccc(OCCCn2cc(CCCCN4CCN(c5ccccc5OC)CC4)nn2)c1-3,8.09
D3,CHEMBL1684124,CCCN1CCc2cccc3c2C1Cc1cccc(OCCCn2cc(CCCN4CCN(c5ccccc5OC)CC4)nn2)c1-3,8.09
D3,CHEMBL3353901,COc1ccccc1N1CCN(CCCCc2cn(-c3ccc(-c4ccsc4)cc3)nn2)CC1,8.09
D3,CHEMBL3597640,O=C(NCCC(O)CN1CCN(c2cccc(Cl)c2Cl)CC1)c1cnc2ccc(F)cc2c1,8.09
D3,CHEMBL3664875,CO[C@H]1CC[C@H](CC(=O)N[C@H]2CC[C@H](CCN3CCC(c4cccc5c4OCO5)CC3)CC2)CC1,8.09
D3,CHEMBL3909281,CC(=O)N[C@H]1CC[C@H](CCN2CCC(c3noc4cc(Cl)ccc34)CC2)CC1,8.09
D3,CHEMBL3980153,N#CCCC(=O)N[C@H]1CC[C@H](CCN2CCC(c3noc4cc(Cl)ccc34)CC2)CC1,8.09
D3,CHEMBL4756826,C[C@H]1CN(CC[C@H]2CC[C@H](NC(=O)C3CC3)CC2)CCc2ccc(Cl)cc21,8.09
D3,CHEMBL4761274,CCCC(=O)N[C@H]1CC[C@H](CCN2CCc3ccc(Cl)cc3[C@@H](C)C2)CC1,8.09
D3,CHEMBL5291065,C[C@H]1CO[C@@H](c2ccc(N)nc2)CN1CCC1CCC(CNC(=O)c2cc3ccccc3[nH]2)C1,8.09
D3,CHEMBL5739837,CC1c2nc(OCC(F)F)sc2CCN1CC[C@H]1CC[C@H](NC(=O)c2cccc3ncccc23)CC1,8.09
D3,CHEMBL135395,O=C(O)C(=O)O.Oc1ccc2c(c1)OC(CNCc1ccccc1)CC2,8.08
D3,CHEMBL367045,CN1CCN(C2=Cn3cccc3Sc3ccccc32)CC1,8.08
D3,CHEMBL208228,CCN(Cc1ccccc1)C(=O)NCCCCN1CCN(c2cc(C(F)(F)F)nc(C(C)(C)C)n2)CC1,8.08
D3,CHEMBL3084522,O[C@@]1(c2ccc(Cl)cc2)C[C@H]2CC[C@@H](C1)N2Cc1coc2ccc3ccccc3c12,8.08
D3,CHEMBL1689010,O=C(NC/C=C/CN1CCN(c2ccccc2OCCF)CC1)c1ccc(OCCF)cc1.O=C(O)C(=O)O,8.08
D3,CHEMBL3133869,COc1ccccc1N1CCN(C/C=C/CNC(=O)c2cc3cc(OCCOCCOCCF)ccc3[nH]2)CC1.O=C(O)C(=O)O,8.08
D3,CHEMBL3323010,CC(C)(C)c1nc(C2CC2)cc(N2CCN(CCCCNC(=O)c3cn4ccccc4n3)CC2)n1,8.08
D3,CHEMBL3588988,Clc1cccc(N2CCN(CCCCn3cc(-c4ccc(-c5ccccc5)cc4)nn3)CC2)c1Cl,8.08
D3,CHEMBL3695442,O=C(N[C@H]1CC[C@H](CCN2CCC(c3cccc4c3CCO4)CC2)CC1)c1ccc(Cl)cc1Cl,8.08
D3,CHEMBL3664836,CC(C)C(=O)N[C@H]1CC[C@H](CCN2CCC(c3cccc4c3OCO4)CC2)CC1,8.08
D3,CHEMBL3695381,O=C(N[C@H]1CC[C@H](CCN2CCC(c3cccc4c3CCO4)CC2)CC1)C1(O)CC1,8.08
D3,CHEMBL3695379,O=C(N[C@H]1CC[C@H](CCN2CCC(c3cccc4c3CCO4)CC2)CC1)C1CCC1,8.08
D3,CHEMBL3975673,CO[C@H]1CC[C@H](CC(=O)N[C@H]2CC[C@H](CCN3CCC(c4noc5ccc(Cl)cc45)CC3)CC2)CC1,8.08
D3,CHEMBL4446350,O=C(NCCCCN1CCN(c2cccc(Cl)c2)CC1)c1ccc(-c2ccsc2)cc1,8.08
D3,CHEMBL5647451,C=CCN1C[C@H](OC(=O)Nc2ccccc2C)C[C@H]1CNC(=O)c1cc(CCCF)cc(OC)c1OC,8.08
D3,CHEMBL363581,CN(C)C[C@@H]1CC2c3ccccc3Sc3ccc(F)cc3[C@H]2O1,8.07
D3,CHEMBL221897,Cc1c(C(=O)NCCCCCN2CCN(c3cccc(Cl)c3Cl)CC2)nnn1Cc1ccccc1,8.07
D3,CHEMBL495573,COc1cccc2cc3n(c12)CCN(CCCCN1CCn2c(cc4ccccc42)C1=O)C3,8.07
D3,CHEMBL564709,COc1ccc(N2CCN(Cc3c(C)nc4cc(C)nc(C)n34)CC2)cc1,8.07
D3,CHEMBL2397392,C#CC1=CC[C@H](N(CCC)CCCCNC(=O)c2cnn3ccccc23)CC1,8.07
D3,CHEMBL3613877,COc1ccccc1N1CCN(CCc2cn(-c3ccn4ncc(C=O)c4c3)nn2)CC1,8.07
D3,CHEMBL3613879,Clc1cccc(N2CCN(CCCc3cn(-c4ccn5nccc5c4)nn3)CC2)c1Cl,8.07
D3,CHEMBL3664825,O=C(N[C@H]1CC[C@H](CCN2CCC(c3cccc4c3OCO4)CC2)CC1)C(O)C(F)(F)F,8.07
D3,CHEMBL3947035,COCCC(=O)N[C@H]1CC[C@H](CCN2CCC(c3noc4cc(Cl)ccc34)CC2)CC1,8.07
D3,CHEMBL4073330,O=c1ccc2c(N3CCN(CCCCOc4ccn5nccc5c4)CC3)ccc(O)c2o1,8.07
D3,CHEMBL4448120,COc1ccccc1N1CCN(CCCCOc2ccc3scnc3c2)CC1,8.07
D3,CHEMBL4853503,COc1ccc2c(c1)[C@H]1OCCN(CCCCNC(=O)c3ccc(Br)cc3)[C@@H]1CO2,8.07
D3,CHEMBL5917680,CC(C)(C)c1nc(N2CCN(CCCCNC(=O)N3CCN(c4cnccn4)CC3)CC2)cc(C(F)(F)F)n1,8.07
D3,CHEMBL5983442,CCN1CCN(C(=O)NCCCCN2CCN(c3cc(C(F)(F)F)nc(C(C)(C)C)n3)CC2)CC1,8.07
D3,CHEMBL5945834,Cn1c(SCCCN2C[C@@H]3CCN(c4ccc(C(F)(F)F)cc4)[C@@H]3C2)nnc1-c1cc[nH]c(=O)c1,8.07
D3,CHEMBL87137,c1ccc(CNCCOc2cccc3[nH]ncc23)cc1,8.06
D3,CHEMBL69985,CCCN(CCC)[C@@H]1CCc2c(F)cccc2C1,8.06
D3,CHEMBL240589,O=C(/C=C/c1ccccc1)NCCCCN1CCc2ccccc2C1,8.06
D3,CHEMBL2386611,COc1ccccc1N1CCCN(CCCCNC(=O)c2ccc(F)cc2)CC1,8.06
D3,CHEMBL3115582,O=C(O)C(=O)O.Oc1ccc2c(c1)O[C@@H](CNCCN1CCN(c3ccc(OCCF)cc3)CC1)CC2,8.06
D3,CHEMBL3358492,COc1cccc(N2CCN(CCCCNC(=O)c3cc4ccccc4o3)CC2)c1,8.06
D3,CHEMBL3697974,CC(C)(O)C(=O)N[C@H]1CC[C@H](CCN2CCN(c3cccc4c3OCO4)CC2)CC1,8.06
D3,CHEMBL3695421,O=C(N[C@H]1CC[C@H](CCN2CCC(c3cccc4c3CCO4)CC2)CC1)c1ccc(-n2cccn2)cc1,8.06
D3,CHEMBL3913849,Cn1c(SCCCN2CC[C@]3(C[C@@H]3c3ccc(C(F)(F)F)cc3)C2)nnc1C1CCNC(=O)C1,8.06
D3,CHEMBL3914241,CCOC(=O)N1CCC(CCN2CCN(c3nsc4ccccc34)CC2)CC1,8.06
D3,CHEMBL3909939,O=C(N[C@H]1CC[C@H](CCN2CCC(c3noc4cc(F)ccc34)CC2)CC1)c1ccc(N2CCCCC2)cc1,8.06
D3,CHEMBL3946739,COc1cc(CC(=O)N[C@H]2CC[C@H](CCN3CCC(c4noc5cc(F)ccc45)CC3)CC2)cc(OC)c1,8.06
D3,CHEMBL3965089,N#CCC(=O)N[C@H]1CC[C@H](CCN2CCC(c3noc4cc(Cl)ccc34)CC2)CC1,8.06
D3,CHEMBL4294279,COc1cc2c(cc1O)CN(CCCCNC(=O)c1ccc(O)cc1)CC2,8.06
D3,CHEMBL4875600,Cc1nc(N)sc1CCCN/C(N)=N/C(=O)NC(C)c1cccc(F)c1,8.06
D3,CHEMBL39560,CC(=O)c1ccc2c(c1)N(CCCN(C)C)c1ccccc1S2,8.06
D3,CHEMBL5904079,CC(C)(C)c1nc(N2CCN(CCCCNC(=O)N3CCN(c4cccc(C#N)c4)CC3)CC2)cc(C(F)(F)F)n1,8.06
D3,CHEMBL542809,CCOc1ccccc1N1CCN(CCCCc2cc(-c3ccccc3)no2)CC1.Cl,8.05
D3,CHEMBL314663,C(=C/Cn1c(-c2ccc(OCCCN3CCCC3)cc2)nc2ccccc21)\Cn1c(-c2ccc(OCCCN3CCCC3)cc2)nc2ccccc21,8.05
D3,CHEMBL197195,O=C(NCCCCN1CCN(c2cccc(Cl)c2Cl)CC1)c1cccc(F)n1,8.05
D3,CHEMBL2386615,COc1ccccc1N1CCCN(CCCCNC(=O)c2ccc(-c3ccccc3)s2)CC1,8.05
D3,CHEMBL2386608,COc1ccccc1N1CCCN(CCCCNC(=O)c2ccc(CCF)cc2)CC1,8.05
D3,CHEMBL3353900,COc1ccccc1N1CCN(CCCc2cn(-c3ccc(-c4ccsc4)cc3)nn2)CC1,8.05
D3,CHEMBL3664816,O=C(CC1COCCO1)N[C@H]1CC[C@H](CCN2CCC(c3cccc4c3OCO4)CC2)CC1,8.05
D3,CHEMBL3664865,O=C(CC1CCOCC1)N[C@H]1CC[C@H](CCN2CCC(c3cccc4c3OCO4)CC2)CC1,8.05
D3,CHEMBL3664853,O=C(C[C@@H]1CCCCO1)N[C@H]1CC[C@H](CCN2CCC(c3cccc4c3OCO4)CC2)CC1,8.05
D3,CHEMBL3695378,O=C(CC1CCCO1)N[C@H]1CC[C@H](CCN2CCC(c3cccc4c3CCO4)CC2)CC1,8.05
D3,CHEMBL3695382,O=C(N[C@H]1CC[C@H](CCN2CCC(c3cccc4c3CCO4)CC2)CC1)C1CC1,8.05
D3,CHEMBL3642750,O=C(CC1CCC1)N[C@H]1CC[C@H](CCN2CCN(c3nccc4c3CCO4)CC2)CC1,8.05
D3,CHEMBL3695374,O=C(C[C@@H]1COCCO1)N[C@H]1CC[C@H](CCN2CCC(c3cccc4c3CCO4)CC2)CC1,8.05
D3,CHEMBL3981237,O=C(CC1CCCO1)N[C@H]1CC[C@H](CCN2CCC(c3noc4cc(Cl)ccc34)CC2)CC1,8.05
D3,CHEMBL3928644,COC[C@H]1CC[C@H](CC(=O)N[C@H]2CC[C@H](CCN3CCC(c4noc5cc(Cl)ccc45)CC3)CC2)CC1,8.05
D3,CHEMBL126502,COc1ccccc1N1CCN(CCCCNC(=O)c2cccc(I)c2)CC1.O=C(O)C(=O)O,8.04
D3,CHEMBL201557,CC(C)(C)c1nc(N2CCN(C/C=C/CN3C(=O)CCc4ccccc43)CC2)cc(C(F)(F)F)n1,8.04
D3,CHEMBL1684131,CCCN1CCc2cccc3c2[C@H]1Cc1cccc(OCc2cn(CCCCN4CCN(c5ccccc5OC)CC4)nn2)c1-3,8.04
D3,CHEMBL3115579,O=C(O)C(=O)O.Oc1ccc2c(c1)O[C@@H](CNCc1ccc(OCCCCF)cc1)CC2,8.04
D3,CHEMBL3318836,O=C(CCCCCCCC(=O)OC1(c2ccc(Cl)cc2)CCN(CCCC(=O)c2ccc(F)cc2)CC1)OC1(c2ccc(Cl)cc2)CCN(CCCC(=O)c2ccc(F)cc2)CC1,8.04
D3,CHEMBL3676863,O=C(N[C@H]1CC[C@H](CCN2CCC(c3coc4ccccc34)CC2)CC1)C1CCCO1,8.04
D3,CHEMBL3695390,O=C(N[C@H]1CC[C@H](CCN2CCC(c3cccc4c3CCO4)CC2)CC1)C(O)C(F)(F)F,8.04
D3,CHEMBL3664819,O=C(CC1CCCO1)N[C@H]1CC[C@H](CCN2CCC(c3cccc4c3OCO4)CC2)CC1,8.04
D3,CHEMBL3664877,O=C(CO)N[C@H]1CC[C@H](CCN2CCC(c3cccc4c3OCO4)CC2)CC1,8.04
D3,CHEMBL3775033,Cn1c(SCCCN2CC3CCN(c4ccc(F)cc4)C3C2)nnc1-c1cc[nH]c(=O)c1,8.04
D3,CHEMBL3909625,O=C(N[C@H]1CC[C@H](CCN2CCC(c3noc4ccc(F)cc34)CC2)CC1)c1ccc(N2CCOCC2)cc1,8.04
D3,CHEMBL3949059,COC(CC(=O)N[C@H]1CC[C@H](CCN2CCC(c3noc4cc(Cl)ccc34)CC2)CC1)OC,8.04
D3,CHEMBL4574338,O=C(c1cc2ccccc2[nH]1)N1CCN(CCOc2ccccc2)CC1,8.04
D3,CHEMBL4862790,COc1ccc2c(c1)[C@H]1OCCN(CCCCNC(=O)c3cccnc3)[C@@H]1CO2,8.04
D3,CHEMBL206528,CC(C)(C)c1nc(N2CCN(CCCCn3cccc(C(F)(F)F)c3=O)CC2)cc(C(F)(F)F)n1,8.03
D3,CHEMBL1170085,O=C(O)C(=O)O.O=C1N(CCF)CN(c2ccccc2)C12CCN(Cc1coc3ccccc13)CC2,8.03
D3,CHEMBL1909065,CO[C@@H]1[C@@H](OC)[C@H](C)[C@@](O)(CC(=O)O)O[C@H]1[C@H](C)[C@H]1O[C@@]2(CC[C@@](C)([C@H]3CC[C@@](C)([C@@H]4O[C@@H]([C@H]5O[C@](C)(O)[C@H](C)C[C@@H]5C)C[C@@H]4O[C@@H]4C[C@H](OC)[C@@H](OC)[C@H](C)O4)O3)O2)C[C@H](O)[C@H]1C,8.03
D3,CHEMBL3323008,Cc1cc(N2CCN(CCCCNC(=O)c3cn4ccccc4n3)CC2)nc(C(C)(C)C)n1,8.03
D3,CHEMBL3358099,COc1cccc(N2CCN(CCCCNC(=O)c3cc4ccccc4cn3)CC2)c1,8.03
D3,CHEMBL3605344,COc1ccc2nc(NC(=O)CCCCN3CCN(c4ccc(Cl)cc4)CC3)sc2c1,8.03
D3,CHEMBL3642775,Cc1cc2occc2c(N2CCN(CC[C@H]3CC[C@H](NC(=O)CC4CCOCC4)CC3)CC2)n1,8.03
D3,CHEMBL3695420,COCCC(=O)N[C@H]1CC[C@H](CCN2CCC(c3ccc(F)c4occc34)CC2)CC1,8.03
D3,CHEMBL3664835,O=C(CC1CCCCO1)N[C@H]1CC[C@H](CCN2CCC(c3cccc4c3OCO4)CC2)CC1,8.03
D3,CHEMBL3927710,CC(=O)N[C@H]1CC[C@H](CCN2CCC(c3noc4cc(C)ccc34)CC2)CC1,8.03
D3,CHEMBL4762024,C[C@H]1CN(CC[C@H]2CC[C@H](N3C(=O)[C@H]4CCCC[C@H]4C3=O)CC2)CCc2ccc(Cl)cc21,8.03
D3,CHEMBL5926436,CC(C)(C)c1nc(N2CCN(CCCCNC(=O)C3CCC(c4ccccc4)CC3)CC2)cc(C(F)(F)F)n1,8.03
D3,CHEMBL544689,COc1ccccc1N1CCN(CCCCc2cc(-c3ccccc3)no2)CC1.Cl,8.02
D3,CHEMBL325109,COc1cc(N)c(Cl)cc1C(=O)NC1CCN(Cc2ccccc2)CC1,8.02
D3,CHEMBL126892,COc1ccccc1N1CCN(CCCCNC(=O)c2nccc3ccccc23)CC1.O=C(O)C(=O)O,8.02
D3,CHEMBL370191,CC(C)(C)c1nc(N2CCN(CCCCN3C(=O)CCSc4ccccc43)CC2)cc(C(F)(F)F)n1,8.02
D3,CHEMBL1774534,COc1ccccc1N1CCN(CC(F)CCNC(=O)c2cc3ccccc3[nH]2)CC1,8.02
D3,CHEMBL1221512,CC[C@H](C)[C@@H](CO[C@@H](Cc1ccccc1)C(=O)N[C@@H](CCS(C)(=O)=O)C(=O)OC(C)C)NC[C@@H](N)CS,8.02
D3,CHEMBL3353912,COc1ccccc1N1CCN(CCCc2cn(-c3ccc(SC)cc3)nn2)CC1,8.02
D3,CHEMBL3318846,O=C(CCN1CCN(CCC(=O)OC2(c3ccc(Cl)cc3)CCN(CCCC(=O)c3ccc(F)cc3)CC2)CC1)OC1(c2ccc(Cl)cc2)CCN(CCCC(=O)c2ccc(F)cc2)CC1,8.02
D3,CHEMBL3695414,O=C(N[C@H]1CC[C@H](CCN2CCC(c3cccc4c3CCO4)CC2)CC1)C1CC1(F)F,8.02
D3,CHEMBL3676922,CC(C)(C)C1CCC(C(=O)N[C@H]2CC[C@H](CCN3CCC(c4coc5ccccc45)CC3)CC2)CC1,8.02
D3,CHEMBL3664818,O=C(C[C@@H]1COCCO1)N[C@H]1CC[C@H](CCN2CCC(c3cccc4c3OCO4)CC2)CC1,8.02
D3,CHEMBL3891773,N[C@H]1CC[C@H](CCN2CCN(c3nsc4ccccc34)CC2)CC1,8.02
D3,CHEMBL4435730,Cn1cc(C(=O)N2CCN(CCOc3cccnc3)CC2)c2ccccc21,8.02
D3,CHEMBL4741673,C[C@H]1CN(CC[C@H]2CC[C@H](NC(=O)[C@@H]3CCCN3)CC2)CCc2ccc(Cl)cc21,8.02
D3,CHEMBL4867978,Fc1ccc2c(C3CCN(CCCOc4ccc(CCN5CCOCC5)cc4)CC3)noc2c1,8.02
D3,CHEMBL5646972,C=CCN1C[C@H](OCCN)C[C@H]1CNC(=O)c1cc(CCCF)cc(OC)c1OC,8.02
D3,CHEMBL5647418,C=CCN1C[C@H](OCc2ccccc2)C[C@H]1CNC(=O)c1cc(CCCF)cc(OC)c1OC,8.02
D3,CHEMBL5842457,CC(C)(C)c1cc(N2CCN(CCCCNC(=O)N3CCc4[nH]c5ccccc5c4C3)CC2)nc(C(C)(C)C)n1,8.02
D3,CHEMBL5939540,CC(C)c1nc(N2CCN(CCCCNC(=O)N3CCN(C(C)C)CC3)CC2)cc(C(F)(F)F)n1,8.02
D3,CHEMBL5788865,CC(C)(C)c1cc(N2CCN(CCCCNC(=O)N3CCc4c([nH]c5ccccc45)C3)CC2)nc(C(C)(C)C)n1,8.02
D3,CHEMBL6023879,O=C(N[C@H]1CO[C@H](CCN2CCc3sc(OCC(F)(F)F)nc3C2)OC1)OCc1ccccc1,8.02
D3,CHEMBL7549,CCCN1CCC[C@@H](c2cccc(O)c2)C1,8.01
D3,CHEMBL1946123,OC1(c2ccc(Cl)cc2)C[C@H]2CC[C@@H](C1)N2CCCCc1ccc(F)cc1,8.01
D3,CHEMBL3317465,O=C(CCc1cn(CCOCCOCCOCCn2cc(CCC(=O)OC3(c4ccc(Cl)cc4)CCN(CCCC(=O)c4ccc(F)cc4)CC3)nn2)nn1)OC1(c2ccc(Cl)cc2)CCN(CCCC(=O)c2ccc(F)cc2)CC1,8.01
D3,CHEMBL3321788,OC1(c2ccc(Cl)cc2)CC2CCC(C1)N2CCCCc1ccc(F)cc1,8.01
D3,CHEMBL3642713,CCC(=O)N[C@H]1CC[C@H](CCN2CCN(c3nccc4c3CCO4)CC2)CC1,8.01
D3,CHEMBL3664817,O=C(C[C@H]1COCCO1)N[C@H]1CC[C@H](CCN2CCC(c3cccc4c3OCO4)CC2)CC1,8.01
D3,CHEMBL3642716,CS(=O)(=O)CC(=O)N[C@H]1CC[C@H](CCN2CCN(c3nccc4c3CCO4)CC2)CC1,8.01
D3,CHEMBL3695417,CC(=O)N[C@H]1CC[C@H](CCN2CCC(c3ccc(F)c4occc34)CC2)CC1,8.01
D3,CHEMBL3970010,O=C(N[C@H]1CC[C@H](CCN2CCC(c3noc4cc(F)ccc34)CC2)CC1)C1CCOCC1,8.01
D3,CHEMBL4097669,N#Cc1ccc2c(c1)CN(CC[C@@H]1C[C@H]1CNC(=O)c1cc3ccccc3[nH]1)CC2,8.01
D3,CHEMBL4863832,COc1ccc(F)cc1[C@H]1C[C@@H]1CNCCCOc1ccc2ccc(=O)[nH]c2c1,8.01
D3,CHEMBL5754389,O=C(NCCCCN1CCN(c2ccnc3ccccc23)CC1)N1CCN(c2ccccc2)CC1,8.01
D3,CHEMBL5766295,CN1CCN(C(=O)NCCCCN2CCN(c3cc(C(F)(F)F)nc(C(C)(C)C)n3)CC2)CC1,8.01
D3,CHEMBL161853,COc1cccc(/C=C/C(=O)N[C@H]2CC[C@H](CCN3Cc4ccc(C#N)cc4C3)CC2)c1,8.0
D3,CHEMBL161126,O=C(/C=C/c1ccc(F)cc1)N[C@H]1CC[C@H](CCN2Cc3ccc(C(F)(F)F)cc3C2)CC1,8.0
D3,CHEMBL2111592,CS(=O)(=O)Oc1cccc2c1CCC1C2CCCN1CCCCNC(=O)c1ccc(-c2ccccc2)cc1,8.0
D3,CHEMBL132724,CCCN(CCC)[C@H]1CCc2cc(CCc3ccc(Cl)cc3)ccc2C1,8.0
D3,CHEMBL554016,Cl.Fc1ccccc1N1CCN(CCCCc2cc(/C=C/c3ccccc3)no2)CC1,8.0
D3,CHEMBL2113348,Cl.N#Cc1ccc2c(c1)CCN(CC[C@H]1CC[C@H](NC(=O)c3ccc4ccccc4c3)CC1)C2,8.0
D3,CHEMBL2110366,Cl.N#Cc1ccc2c(c1)CCN(CC[C@H]1CC[C@H](NC(=O)c3ccnc4ccccc34)CC1)C2,8.0
D3,CHEMBL127230,COc1ccccc1N1CCN(CCCCNC(=O)/C=C/c2ccc(Oc3ccccc3)cc2)CC1,8.0
D3,CHEMBL62416,CC(=O)Nc1ccc(CN2C[C@@H]3COc4ccc(C#N)cc4[C@H]3C2)cc1,8.0
D3,CHEMBL111884,CCN1[C@H](c2ccccc2)CC[C@H]1c1ccc(-c2cc(S(=O)(=O)CC)ccc2OC)[nH]1,8.0
D3,CHEMBL326662,CCS(=O)(=O)c1ccc(OC)c(-c2ccc(C3CCCN3Cc3ccccc3)[nH]2)c1,8.0
D3,CHEMBL110793,CCN(Cc1ccc(-c2cc(S(=O)(=O)CC)ccc2OC)[nH]1)Cc1ccccc1OC,8.0
D3,CHEMBL292577,Cn1c(=O)ccc2cc(/C=C/C(=O)NCCCCN3CCc4ccc(OS(=O)(=O)C(F)(F)F)cc4C3)ccc21,8.0
D3,CHEMBL20785,CCS(=O)(=O)c1ccc(OC)c(-c2ccc(C(C)N3CCCCC3)[nH]2)c1,8.0
D3,CHEMBL86129,C(=C/Cn1c(-c2ccc(OCCCN3CCCCC3)cc2)nc2ccccc21)\Cn1c(-c2ccc(OCCCN3CCCCC3)cc2)nc2ccccc21,8.0
D3,CHEMBL315209,N#Cc1ccc2c(c1)CCN(CC[C@H]1CC[C@H](NC(=O)/C=C/c3ccccc3F)CC1)CC2,8.0
D3,CHEMBL87753,N#Cc1ccc2c(c1)CCN(CC[C@H]1CC[C@H](NC(=O)c3ccc4ccc(O)nc4c3)CC1)CC2,8.0
D3,CHEMBL76399,CCCNC1CCc2nc(N)sc2C1,8.0
D3,CHEMBL93703,CN(CCCCNC(=O)c1ccc(-c2ccccc2)cc1)C1CCc2nc(N)ncc2C1,8.0
D3,CHEMBL169323,CCCN1CCO[C@@H]2c3cc4c(cc3CC[C@H]21)CCO4,8.0
D3,CHEMBL2112912,C1=C(c2ccccc2)CCN(CCc2c[nH]c3ncccc23)C1,8.0
D3,CHEMBL433552,COc1ccc(S(=O)(=O)Oc2ccccc2)cc1-c1ccc(CN2CCCCCC2c2ccccc2)[nH]1,8.0
D3,CHEMBL202704,COc1cccc2c1CCCC(=O)N2CCCCN1CCN(c2cc(C(F)(F)F)nc(C(C)(C)C)n2)CC1,8.0
D3,CHEMBL388247,CCCCc1ccc(S(=O)(=O)Nc2ccc3c(c2)CNCC3)cc1,8.0
D3,CHEMBL243901,Cc1cc(-c2ccc3c(c2)CCN(CCCSc2nnc(C(C)C)n2C)CC3)no1,8.0
D3,CHEMBL243900,Cc1cc(-c2ccc3c(c2)CCN(CCCSc2nnc(C(F)(F)F)n2C)CC3)no1,8.0
D3,CHEMBL241424,COc1ccccc1N1CCN(CCCCNC(=O)c2ccc(C#Cc3ccccc3)cc2)CC1,8.0
D3,CHEMBL256016,Cc1ncoc1-c1nnc(SCCCN2CCc3cc4nc(C(C)C)oc4cc3CC2)n1C,8.0
D3,CHEMBL559920,COc1cccc(N2CCN(CCN3CCC(C(F)(F)F)CC3)C2=O)c1,8.0
D3,CHEMBL562948,CN(CCN1CCN(c2ccccc2)C1=O)C[C@]12CC[C@H](CC1)C2(C)C,8.0
D3,CHEMBL1081869,Cc1ccc(C23CC2CN(CCCSc2nnc(-c4ocnc4C)n2C)C3)c(F)c1,8.0
D3,CHEMBL1257925,Cc1nc(C)c(-c2nnc(SCCCN3CCC4CC4(c4ccc(C(F)(F)F)cc4)CC3)n2C)o1,8.0
D3,CHEMBL1257336,Cc1ncoc1-c1nnc(SCCCN2[C@@H]3CC[C@H]2C[C@@H](c2ccc(C(F)(F)F)cc2)C3)n1C,8.0
D3,CHEMBL1258036,O=C(CCCN1CCN(c2cc3ccc2CCc2ccc(cc2)CC3)CC1)c1ccc(F)cc1,8.0
D3,CHEMBL1774536,COc1ccccc1N1CCN(CC(F)CCNC(=O)c2ccc3c(c2)Cc2ccccc2-3)CC1,8.0
D3,CHEMBL1928138,COc1ccccc1N1CCN(CCCNC(=O)c2cnn3ccc(COCCOCCOCCOCCOCc4ccn5ncc(C(=O)NCCCN6CCN(c7ccccc7OC)CC6)c5c4)cc23)CC1,8.0
D3,CHEMBL2397476,C#CC1=CC[C@@H](N(CCC)CCCCNC(=O)c2cnn3ccccc23)CC1,8.0
D3,CHEMBL2397391,C#CC1=CC[C@@H](N(CCC)CCCCNC(=O)c2cc3ccccn3n2)CC1,8.0
D3,CHEMBL3287391,Clc1cccc(N2CCN(CCCCOc3cccn4nccc34)CC2)c1Cl,8.0
D3,CHEMBL3322992,O=C(NCCCCN1CCN(c2ccccc2)CC1)c1cn2ccccc2n1,8.0
D3,CHEMBL3612361,CN1CCC[C@H]1c1ccc[n+](CCCCCCCCCCCCNCC2CCc3ccc(O)cc3O2)c1.[Br-],8.0
D3,CHEMBL3695373,O=C(CO)N[C@H]1CC[C@H](CCN2CCC(c3cccc4c3CCO4)CC2)CC1,8.0
D3,CHEMBL3695428,CC(C)CCC(=O)N[C@H]1CC[C@H](CCN2CCC(c3cccc4c3CCO4)CC2)CC1,8.0
D3,CHEMBL3695400,CS(=O)(=O)N[C@H]1CC[C@H](CCN2CCC(c3cccc4c3CCO4)CC2)CC1,8.0
D3,CHEMBL3697961,O=C(N[C@H]1CC[C@H](CCN2CCN(c3cccc4c3OCO4)CC2)CC1)c1ccccc1,8.0
D3,CHEMBL3676905,CC(C)(C)c1ccc(C(=O)N[C@H]2CC[C@H](CCN3CCC(c4coc5ccccc45)CC3)CC2)cc1,8.0
D3,CHEMBL3695404,CN(C)S(=O)(=O)N[C@H]1CC[C@H](CCN2CCC(c3cccc4c3CCO4)CC2)CC1,8.0
D3,CHEMBL3664868,O=C(N[C@H]1CC[C@H](CCN2CCC(c3cccc4c3OCO4)CC2)CC1)c1ccc(N2CCOCC2)cc1,8.0
D3,CHEMBL3695434,CC[C@@H](O)CC(=O)N[C@H]1CC[C@H](CCN2CCC(c3cccc4c3CCO4)CC2)CC1,8.0
D3,CHEMBL3765266,Cc1nc(-c2ccc(-c3nnc(SCCCN4CCOC(c5ccc(C(F)(F)F)cc5)C4)n3C)cc2)no1,8.0
D3,CHEMBL3895585,Cn1c(SCCCN2CC[C@]3(C[C@H]3c3ccc(C(F)(F)F)cc3)C2)nnc1-c1nccs1,8.0
D3,CHEMBL3983684,CN1CCC(c2nnc(SCCCN3CC[C@]4(C[C@@H]4c4ccc(C(F)(F)F)cc4)C3)n2C)CC1=O,8.0
D3,CHEMBL3945225,CO[C@H]1CC[C@H](CC(=O)N[C@H]2CC[C@H](CCN3CCC(c4noc5cc(Cl)ccc45)CC3)CC2)C1,8.0
D3,CHEMBL3967324,COC(C)CC(=O)N[C@H]1CC[C@H](CCN2CCC(c3noc4cc(Cl)ccc34)CC2)CC1,8.0
D3,CHEMBL4280542,COc1cc2c(cc1O)CN(CCCCNC(=O)c1ccc(I)cc1)CC2,8.0
D3,CHEMBL14376,COc1cc(C(C)=O)ccc1OCCCN1CCC(c2noc3cc(F)ccc23)CC1,8.0
D3,CHEMBL5751862,CC(C)(C)c1nc(N2CCN(CCCCNC(=O)N3CCC(N4CCCCC4)CC3)CC2)cc(C(F)(F)F)n1,8.0
D3,CHEMBL5899067,Cn1c(SCCCN2C[C@@H]3CCN(c4ccc(F)cc4F)[C@@H]3C2)nnc1-c1cnccn1,8.0
D3,CHEMBL125676,COc1ccccc1N1CCN(CCCCNC(=O)/C=C/c2ccc(C(C)(C)C)cc2)CC1.O=C(O)C(=O)O,7.99
D3,CHEMBL254198,CCCN(CCCN1CCN(c2ccccc2)CC1)C1CCc2ccc(O)cc2C1,7.99
D3,CHEMBL3664834,O=C(CC1(O)CCCCC1)N[C@H]1CC[C@H](CCN2CCC(c3cccc4c3OCO4)CC2)CC1,7.99
D3,CHEMBL3695395,Cc1ccc(C(=O)N[C@H]2CC[C@H](CCN3CCC(c4cccc5c4CCO5)CC3)CC2)cn1,7.99
D3,CHEMBL3798803,CCCCn1c(=O)n2c3c(cccc31)C[C@@H](NC)C2,7.99
D3,CHEMBL465,CCCCCc1cc(O)c2c(c1)OC(C)(C)[C@@H]1CCC(C)=C[C@@H]21,7.99
D3,CHEMBL149233,O=C1COc2cc(CN3CCN(c4ccccc4)CC3)ccc2N1,7.98
D3,CHEMBL426473,Cc1cn(CCCCN2CCN(c3cc(C(F)(F)F)nc(C(C)(C)C)n3)CC2)c(=O)n(C)c1=O,7.98
D3,CHEMBL3695386,O=C(N[C@H]1CC[C@H](CCN2CCC(c3cccc4c3CCO4)CC2)CC1)c1ccc(N2CCOCC2)cc1,7.98
D3,CHEMBL3695363,COCC(=O)N[C@H]1CC[C@H](CCN2CCC(c3cccc4occc34)CC2)CC1,7.98
D3,CHEMBL3695361,O=C(CC1CCOCC1)N[C@H]1CC[C@H](CCN2CCC(c3cccc4c3CCO4)CC2)CC1,7.98
D3,CHEMBL3664881,CS(=O)(=O)N[C@H]1CC[C@H](CCN2CCC(c3cccc4c3OCO4)CC2)CC1,7.98
D3,CHEMBL3695443,O=C(N[C@H]1CC[C@H](CCN2CCC(c3cccc4c3CCO4)CC2)CC1)c1ccc(-n2cccc2)cc1,7.98
D3,CHEMBL3758920,O=C(NCCCCN1CCN(c2ccc(Cl)cc2)CC1)c1ccc2ccccc2c1,7.98
D3,CHEMBL3798334,COc1ccccc1N1CCN(CCCNC(=O)Oc2cccc3ccccc23)CC1,7.98
D3,CHEMBL4875008,O=C(NCCCCN1CCO[C@@H]2c3ccccc3OC[C@H]21)c1cc2ccccc2[nH]1,7.98
D3,CHEMBL2105760,O=c1ccc2ccc(OCCCCN3CCN(c4cccc5sccc45)CC3)cc2[nH]1,7.98
D3,CHEMBL168948,O=C(NCCCCN1CCN(c2cccc(Cl)c2Cl)CC1)[C@H]1CC[C@@H](c2ccccc2)CC1,7.97
D3,CHEMBL241226,COc1ccccc1NC1CCN(CCCCNC(=O)/C=C/c2ccccc2)CC1,7.97
D3,CHEMBL3695375,O=C(C[C@H]1COCCO1)N[C@H]1CC[C@H](CCN2CCC(c3cccc4c3CCO4)CC2)CC1,7.97
D3,CHEMBL3642739,O=C(N[C@H]1CC[C@H](CCN2CCN(c3nccc4c3CCO4)CC2)CC1)c1ccnc2ccccc12,7.97
D3,CHEMBL3664829,O=C(C[C@H]1CCCO1)N[C@H]1CC[C@H](CCN2CCC(c3cccc4c3OCO4)CC2)CC1,7.97
D3,CHEMBL3695394,Cc1cc(C(=O)N[C@H]2CC[C@H](CCN3CCC(c4cccc5c4CCO5)CC3)CC2)on1,7.97
D3,CHEMBL3642722,O=C(N[C@H]1CC[C@H](CCN2CCN(c3nccc4c3CCO4)CC2)CC1)c1ccc(F)cc1,7.97
D3,CHEMBL3976192,Cn1c(SCCCN2CC[C@]3(C[C@H]3c3ccc(C(F)(F)F)cc3)C2)nnc1-c1cnccn1,7.97
D3,CHEMBL3915600,O=C(CC1CCCCO1)N[C@H]1CC[C@H](CCN2CCC(c3noc4cc(Cl)ccc34)CC2)CC1,7.97
D3,CHEMBL3932085,O=C(C[C@@H]1CCCCO1)N[C@H]1CC[C@H](CCN2CCC(c3noc4cc(Cl)ccc34)CC2)CC1,7.97
D3,CHEMBL5639716,C=CCN1C[C@H](OC(=O)Nc2cccc(N(C)C)c2)C[C@H]1CNC(=O)c1cc(CCCF)cc(OC)c1OC,7.97
D3,CHEMBL64508,Oc1cccc(OCCNCc2ccccc2)c1,7.96
D3,CHEMBL164792,COc1ccccc1N1CCN(CC[C@H]2CC[C@H](Nc3ncccn3)CC2)CC1,7.96
D3,CHEMBL136711,O=C(CCCN1CCN2Cc3[nH]c4ccccc4c3CC2C1)c1ccc(F)cc1,7.96
D3,CHEMBL99913,CS(=O)(=O)Nc1cc(OCCNCc2ccccc2)ccc1Cl,7.96
D3,CHEMBL118636,CCCN(CCC)C1Cc2ccc3nc(N)sc3c2C1,7.96
D3,CHEMBL218607,CCCc1c(C(=O)NCCCCN2CCN(c3ccccc3OC)CC2)nnn1Cc1ccccc1,7.96
D3,CHEMBL430371,O=C(NCCCCN1CCC(=C2c3ccccc3CC(=O)c3sccc32)CC1)c1ccc2ccccc2c1,7.96
D3,CHEMBL240588,O=C(NCCCCN1CCN(C(c2ccccc2)c2ccccc2)CC1)c1ccc2ccccc2c1,7.96
D3,CHEMBL397103,C=CCN1CCC[C@H]1CNC(=O)c1cc(I)ccc1OC,7.96
D3,CHEMBL252343,CCCN(CCN1CCN(c2ccccc2)CC1)C1CCc2ccc3c(c2C1)CC(=O)N3,7.96
D3,CHEMBL514747,Clc1ccc(N2CC3CC2CN3Cc2c[nH]c3ncccc23)cc1,7.96
D3,CHEMBL1172213,O=C(O)C(=O)O.OC1(c2ccc(Br)cc2)CCN(Cc2coc3ccccc23)CC1,7.96
D3,CHEMBL1689000,COc1ccccc1N1CCN(C/C=C/CNC(=O)c2cc(I)ccc2OCCF)CC1.O=C(O)C(=O)O,7.96
D3,CHEMBL1928121,COc1ccccc1N1CCN(CCCNC(=O)c2cccc(OCCOCCOCCOCCOc3cccc(C(=O)NCCCN4CCN(c5ccccc5OC)CC4)c3)c2)CC1,7.96
D3,CHEMBL1928129,COc1ccccc1N1CCN(CCCNC(=O)c2ccc(COCCOCCOCCOCCOCCOCCOCc3ccc(C(=O)NCCCN4CCN(c5ccccc5OC)CC4)cc3)cc2)CC1,7.96
D3,CHEMBL3318833,O=C(CCCCC(=O)OC1(c2ccc(Cl)cc2)CCN(CCCC(=O)c2ccc(F)cc2)CC1)OC1(c2ccc(Cl)cc2)CCN(CCCC(=O)c2ccc(F)cc2)CC1,7.96
D3,CHEMBL3318834,O=C(CCCCCC(=O)OC1(c2ccc(Cl)cc2)CCN(CCCC(=O)c2ccc(F)cc2)CC1)OC1(c2ccc(Cl)cc2)CCN(CCCC(=O)c2ccc(F)cc2)CC1,7.96
D3,CHEMBL3321791,OC1(c2ccc(Cl)cc2)CC2CCC(C1)N2CCCSc1cccc(F)c1,7.96
D3,CHEMBL3588920,COc1ccccc1N1CCN(CCCCn2cc(-c3ccc4ccccc4c3)nn2)CC1,7.96
D3,CHEMBL3697986,O=C(N[C@H]1CC[C@H](CCN2CCN(c3cccc4c3OCO4)CC2)CC1)C1(O)CCCC1,7.96
D3,CHEMBL3642748,CC(C)CC(=O)N[C@H]1CC[C@H](CCN2CCN(c3nccc4c3CCO4)CC2)CC1,7.96
D3,CHEMBL3664876,C[C@@H](O)C(=O)N[C@H]1CC[C@H](CCN2CCC(c3cccc4c3OCO4)CC2)CC1,7.96
D3,CHEMBL3740778,N#CCN(CCN1CCN(c2ccc3[nH]ccc3c2Cl)CC1)[C@H]1CCc2nc(N)sc2C1.O=C(O)C(F)(F)F,7.96
D3,CHEMBL3980310,O=C(N[C@H]1CC[C@H](CCN2CCC(c3noc4cc(Cl)ccc34)CC2)CC1)C(O)C(F)(F)F,7.96
D3,CHEMBL2165119,O=C1CCc2ccc(OCCCCN3CCCN(c4cccc(Cl)c4Cl)CC3)nc2N1,7.96
D3,CHEMBL4060896,NC(=O)c1cccc(-c2ccc(OC(=O)NCCCCN3CCN(c4ccccc4C(F)(F)F)CC3)cc2)c1,7.96
D3,CHEMBL4102616,CCCN(CCCCOc1ccc2ccnn2c1)[C@@H]1CCc2c(O)cccc2C1,7.96
D3,CHEMBL4453478,CCCN(CCCCNC(=O)c1cc2ccccc2[nH]1)CC1CC1c1cccc(Cl)c1.Cl,7.96
D3,CHEMBL251940,N#Cc1ccc2c(c1)N(CCCN1CCC(O)CC1)c1ccccc1S2,7.96
D3,CHEMBL5934101,CC(C)(C)c1nc(N2CCN(CCCCNC(=O)N3CCC(c4ccccc4)CC3)CC2)cc(C(F)(F)F)n1,7.96
D3,CHEMBL5838572,O=C(N[C@H]1CC[C@H](CCN2CCc3sc(C4=CCOCC4)nc3C2)CC1)c1cccc2ncccc12,7.96
D3,CHEMBL201743,CC(C)(C)c1nc(N2CCN(CCCCn3c(=O)ccc4ccccc43)CC2)cc(C(F)(F)F)n1,7.95
D3,CHEMBL253992,CCCN(CCN1CCN(c2ccccc2)CC1)C1CCc2cc(O)ccc2C1,7.95
D3,CHEMBL1627324,COc1ccccc1N1CCN(C/C=C/CNC(=O)c2cc3ccccc3o2)CC1,7.95
D3,CHEMBL1171249,O=C(O)C(=O)O.OC1(c2ccc(I)cc2)CCN(Cc2coc3ccccc23)CC1,7.95
D3,CHEMBL3698021,CN(C)C(=O)N[C@H]1CC[C@H](CCN2CCN(c3cccc4c3OCO4)CC2)CC1,7.95
D3,CHEMBL3695401,CCS(=O)(=O)N[C@H]1CC[C@H](CCN2CCC(c3cccc4c3CCO4)CC2)CC1,7.95
D3,CHEMBL3775386,Cn1c(SCCCN2CC3CCN(c4ccc(OC(F)(F)F)cc4)C3C2)nnc1-c1cnccn1,7.95
D3,CHEMBL3797771,Cl.O=C(NCCCCN1CCN(c2cccc(Cl)c2Cl)CC1)Oc1ccc(O)c2ccccc12,7.95
D3,CHEMBL3963228,COCCC(=O)N[C@H]1CC[C@H](CCN2CCC(c3noc4cc(F)c(F)cc34)CC2)CC1,7.95
D3,CHEMBL4531363,CCCN(CCCCNC(=O)c1cc2ccccc2[nH]1)CC1CC1c1cc(F)ccc1OC.Cl,7.95
D3,CHEMBL4516799,CCc1cccc(N2CCN(CC(O)CCNC(=O)c3nc(C)c[nH]3)CC2)c1Cl,7.95
D3,CHEMBL5798666,Cc1ncoc1-c1nnc(SCCCN2CC3CCCN(c4cccc(C#N)c4)C3C2)n1C,7.95
D3,CHEMBL5768042,CCc1cccc(N2CCN(CCC(O)CCNC(=O)c3nc(C)c[nH]3)CC2)c1Cl,7.95
D3,CHEMBL205733,CC(C)(C)c1nc(N2CCN(CCCCn3ccc(C(F)(F)F)cc3=O)CC2)cc(C(F)(F)F)n1,7.94
D3,CHEMBL2386617,COc1ccccc1N1CCCN(CCCCNC(=O)c2cccc3c2-c2ccccc2C3=O)CC1,7.94
D3,CHEMBL3642718,O=C(CCO)N[C@H]1CC[C@H](CCN2CCN(c3nccc4c3CCO4)CC2)CC1,7.94
D3,CHEMBL3664890,CN(C)S(=O)(=O)N[C@H]1CC[C@H](CCN2CCC(c3cccc4c3OCO4)CC2)CC1,7.94
D3,CHEMBL3695440,O=CN[C@H]1CC[C@H](CCN2CCC(c3cccc4c3CCO4)CC2)CC1,7.94
D3,CHEMBL3775961,Cc1ncoc1-c1nnc(SCCCN2CC3CCCN(c4ccc(C(F)(F)F)cc4)C3C2)n1C,7.94
D3,CHEMBL3799465,Cl.O=C(NCCCCN1CCN(c2cccc(Cl)c2Cl)CC1)Oc1cccc2sccc12,7.94
D3,CHEMBL3903791,CN(C)c1ccc(C(=O)N[C@H]2CC[C@H](CCN3CCC(c4noc5cc(F)ccc45)CC3)CC2)cc1,7.94
D3,CHEMBL3959647,CO[C@@H]1CC[C@@H](CC(=O)N[C@H]2CC[C@H](CCN3CCC(c4noc5cc(Cl)ccc45)CC3)CC2)OC1,7.94
D3,CHEMBL3916324,CC(=O)N[C@H]1CC[C@H](CCN2CCC(c3noc4cc(F)c(F)cc34)CC2)CC1,7.94
D3,CHEMBL4577162,CCCN(CCCCNC(=O)c1cc2ccccc2[nH]1)CC1CC1c1cc(Cl)ccc1OC.Cl,7.94
D3,CHEMBL5280979,O=C(Cn1c(CCCN2CCN(c3cccc(Cl)c3Cl)CC2)nc2ccccc21)NC1CCCCC1,7.94
D3,CHEMBL5952529,COc1ccc(N2CCN(C(=O)NCCCCN3CCN(c4cc(C(F)(F)F)nc(C(C)(C)C)n4)CC3)CC2)cc1,7.94
D3,CHEMBL6046358,Cc1ncoc1-c1nnc(SCCCN2C[C@@H]3CCN(c4ccccc4)[C@@H]3C2)n1C,7.94
D3,CHEMBL5853312,Cn1c(SCCCN2CC3CCN(c4cccnc4)C3C2)nnc1C1CCCCC1,7.94
D3,CHEMBL5855629,Cn1c(SCCCN2CCO[C@H](c3ccc(C(F)(F)F)cc3)C2)nnc1-c1ccc(C(N)=O)cc1,7.94
D3,CHEMBL200026,Cn1c(=O)ccn(CCCCN2CCN(c3cc(C(F)(F)F)nc(C(C)(C)C)n3)CC2)c1=O,7.93
D3,CHEMBL3695385,O=C(C[C@@H]1CCCO1)N[C@H]1CC[C@H](CCN2CCC(c3cccc4c3CCO4)CC2)CC1,7.93
D3,CHEMBL3695369,O=C(CC1COCCO1)N[C@H]1CC[C@H](CCN2CCC(c3cccc4c3CCO4)CC2)CC1,7.93
D3,CHEMBL3664828,Cc1ccc(C(=O)N[C@H]2CC[C@H](CCN3CCC(c4cccc5c4OCO5)CC3)CC2)cn1,7.93
D3,CHEMBL3664855,O=C(C[C@@H]1CCCOC1)N[C@H]1CC[C@H](CCN2CCC(c3cccc4c3OCO4)CC2)CC1,7.93
D3,CHEMBL3642682,CCC(=O)N[C@H]1CC[C@H](CCN2CCN(c3nccc4occc34)CC2)CC1,7.93
D3,CHEMBL3642779,COCCC(=O)N[C@H]1CC[C@H](CCN2CCN(c3nc(C)cc4c3CCO4)CC2)CC1,7.93
D3,CHEMBL3984462,O=C(CCO)N[C@H]1CC[C@H](CCN2CCC(c3noc4cc(F)c(F)cc34)CC2)CC1,7.93
D3,CHEMBL4848907,O=C(NCCCCN1CCO[C@@H]2c3ccccc3OC[C@H]21)c1ccco1,7.93
D3,CHEMBL5093200,CN(C)CCC(C(=O)NCCCCN1CCN(c2cccc(Cl)c2Cl)CC1)(c1ccccc1)c1ccccc1,7.93
D3,CHEMBL5802454,Cn1c(SCCCN2C[C@@H]3CCN(c4cccnc4)[C@@H]3C2)nnc1C1CCCCC1,7.93
D3,CHEMBL539235,Cl.Fc1ccc(-c2cc(CCCCN3CCN(c4ccccc4)CC3)on2)cc1,7.92
D3,CHEMBL322638,CCCN1CC(c2ccccc2)OC2c3cc(O)ccc3CCC21,7.92
D3,CHEMBL114541,O=C(NCCCCN1CCN(c2cccc(Cl)c2Cl)CC1)c1ccccc1,7.92
D3,CHEMBL382591,CC(C)(C)c1nc(N2CCN(CCCCN3C(=O)COc4ccccc43)CC2)cc(C(F)(F)F)n1,7.92
D3,CHEMBL203943,Cc1cccc(=O)n1CCCCN1CCN(c2cc(C(F)(F)F)nc(C(C)(C)C)n2)CC1,7.92
D3,CHEMBL477434,O=C1c2ccccc2CCN1CCCCN1CCN(c2ccccn2)CC1,7.92
D3,CHEMBL1771108,COc1ccccc1N1CCN(CCCCN2CCc3c(cccc3-c3ccccc3)C2=O)CC1,7.92
D3,CHEMBL1916550,COc1cc(C(=O)NCCCCN2CCN(c3ccccc3OC)CC2)ccc1OCCCc1cn(CCCCCCCCn2cc(CCCOc3ccc(C(=O)NCCCCN4CCN(c5ccccc5OC)CC4)cc3OC)nn2)nn1,7.92
D3,CHEMBL3323114,CN(C)Cc1cccc2nc(C(=O)NCCCCN3CCN(c4cc(C(F)(F)F)nc(C(C)(C)C)n4)CC3)cn12,7.92
D3,CHEMBL3358101,O=C(NCCCCN1CCN(c2ccccc2)CC1)c1cc2ccccc2cn1,7.92
D3,CHEMBL3613874,O=Cc1cnn2ccc(-n3cc(CCCN4CCN(c5cccc(Cl)c5Cl)CC4)nn3)cc12,7.92
D3,CHEMBL3676933,CC(C)(C)c1ccc(S(=O)(=O)N[C@H]2CC[C@H](CCN3CCC(c4coc5ccccc45)CC3)CC2)cc1,7.92
D3,CHEMBL3642754,O=C(CC1COC1)N[C@H]1CC[C@H](CCN2CCN(c3nccc4c3CCO4)CC2)CC1,7.92
D3,CHEMBL3695356,O=C(N[C@H]1CC[C@H](CCN2CCC(c3cccc4occc34)CC2)CC1)C1CCOCC1,7.92
D3,CHEMBL3759312,COc1ccccc1N1CCN(CCCCNC(=O)N(C)c2ccccc2)CC1,7.92
D3,CHEMBL3799626,CN(CCCCNC(=O)c1ccc2c(c1)Cc1ccccc1-2)[C@@H]1Cc2cccc3[nH]c(=O)n(c23)C1,7.92
D3,CHEMBL3800636,COc1cc(CCNCCc2ccc(O)c(O)c2)ccc1OCCCc1ccccc1,7.92
D3,CHEMBL4071121,COc1ccccc1N1CCN(CCCCNC(=O)Oc2ccc3c(c2)[nH]c2ccccc23)CC1,7.92
D3,CHEMBL4079301,COc1ccccc1N1CCN(CCCCOc2ccn3nc(C#N)cc3c2)CC1,7.92
D3,CHEMBL4083239,O=C1CCc2ccc(OCCCCN3CCN(c4ccc(O)c5[nH]c(=O)ccc45)CC3)cc2N1,7.92
D3,CHEMBL4084262,COc1ccccc1N1CCC2(CCN(CCCSc3nnc(-c4ccccc4)n3C)CC2)CC1,7.92
D3,CHEMBL4285984,COc1cccc(C(=O)NCCCCN2CCc3cc(OC)c(O)cc3C2)c1,7.92
D3,CHEMBL5960542,O=C(N[C@H]1CC[C@H](CCN2CCc3nc(-c4ccccc4)sc3C2)CC1)c1cccc2ncccc12,7.92
D3,CHEMBL89037,Sc1nc2c(OCCNCc3ccccc3)cc(Cl)cc2[nH]1,7.91
D3,CHEMBL312803,COc1ccc(N2CCN(CC[C@H]3CC[C@H](NC(=O)c4cccs4)CC3)CC2)cc1,7.91
D3,CHEMBL239539,O=C(NCCCCN1CCN(C(c2ccccc2)c2ccc(Cl)cc2)CC1)C1CCCCC1,7.91
D3,CHEMBL3084502,O[C@]1(c2ccc(Cl)cc2)C[C@H]2CC[C@@H](C1)N2Cc1c[nH]c2ccccc12,7.91
D3,CHEMBL3664888,O=C(CF)N[C@H]1CC[C@H](CCN2CCC(c3cccc4c3OCO4)CC2)CC1,7.91
D3,CHEMBL3664884,Cn1cnc(S(=O)(=O)N[C@H]2CC[C@H](CCN3CCC(c4cccc5c4OCO5)CC3)CC2)c1,7.91
D3,CHEMBL3774534,Cn1c(SCCCN2CC3CCN(c4ccc(C(F)(F)F)cc4)C3C2)nnc1-c1ccnnc1,7.91
D3,CHEMBL3775294,Cn1c(SCCCN2CC3CCN(c4ccccc4F)C3C2)nnc1-c1cnccn1,7.91
D3,CHEMBL3944642,Cc1ncoc1-c1nnc(SCCCN2CC[C@@]3(C[C@@H]3c3ccc(C(F)(F)F)cc3)C2)n1C,7.91
D3,CHEMBL3964426,O=C(CC1CCC2(CC1)OCCO2)N[C@H]1CC[C@H](CCN2CCC(c3noc4cc(Cl)ccc34)CC2)CC1,7.91
D3,CHEMBL5860105,CC(C)(C)c1nc(N2CCN(CCCCNC(=O)N3Cc4ccccc4C3)CC2)cc(C(F)(F)F)n1,7.91
D3,CHEMBL97856,O=C(NCCCCN1CC[C@H]2c3ccc(O)cc3CC[C@@H]21)c1ccc(-c2ccccc2)cc1,7.9
D3,CHEMBL162193,N#Cc1ccc2c(c1)CN(CC[C@H]1CC[C@H](NC(=O)/C=C/c3ccc(F)cc3)CC1)C2,7.9
D3,CHEMBL130304,CCCN(CCC)C1CCc2cc(CCc3ccc(O)cc3)ccc2C1,7.9
D3,CHEMBL553591,Cl.N#Cc1ccc2c(c1)CN(CCCCNC(=O)/C=C/c1c[nH]c3ccccc13)CC2,7.9
D3,CHEMBL65071,CC(=O)Nc1ccc(CN2CC3COc4ccc(C#N)cc4C3C2)cc1,7.9
D3,CHEMBL324044,CCN(Cc1ccc(OC)c(OC)c1)Cc1ccc(-c2cc(S(=O)(=O)CC)ccc2OC)[nH]1,7.9
D3,CHEMBL140184,CCCN(CCC)C1CCc2cc3c(cc2C1)OCC3,7.9
D3,CHEMBL59554,COc1cccc2c1CCC(N(C)CCCCNC(=O)c1ccc(-c3ccccc3)cc1)C2,7.9
D3,CHEMBL86127,N#Cc1ccc2c(c1)CCN(CC[C@H]1CC[C@H](NC(=O)c3cccc4ncccc34)CC1)CC2,7.9
D3,CHEMBL92439,CCCN(CCCCNC(=O)c1ccc(-c2ccccc2)cc1)C1CCc2nc(C(C)(C)C)ncc2C1,7.9
D3,CHEMBL245119,Cc1cc(-c2ccc3c(c2)CCN(CCCSc2nnc(-c4ocnc4C)n2C)CC3)n(C)n1,7.9
D3,CHEMBL427836,CCc1nc2c3c(ccc2o1)CCN(CCCSc1nnc(-c2ocnc2C)n1C)CC3,7.9
D3,CHEMBL272379,Cc1ccc2c(-c3nnc(SCCCN4CCc5cc6c(cc5CC4)N(S(C)(=O)=O)CCO6)n3C)cccc2n1,7.9
D3,CHEMBL401576,Cc1noc2cc3c(cc12)CCN(CCCSc1nnc(-c2ccc(C(F)(F)F)cc2)n1C)CC3,7.9
D3,CHEMBL273166,Cc1ccc2c(-c3nnc(SCCCN4CCc5cc6nc(CC7CC7)oc6cc5CC4)n3C)cccc2n1,7.9
D3,CHEMBL272545,CCc1nc2cc3c(cc2o1)CCN(CCCSc1nnc(-c2cccc4nc(C)ccc24)n1C)CC3,7.9
D3,CHEMBL255566,Cc1ccc2c(-c3nnc(SCCCN4CCc5cc6nc(C(C)(C)C)oc6c(Br)c5CC4)n3C)cccc2n1,7.9
D3,CHEMBL550502,O=C1N(CCN2Cc3ccccc3C2)CCN1c1ccc(Cl)c(Cl)c1,7.9
D3,CHEMBL552366,O=C1N(CCN2Cc3ccccc3C2)CCN1Cc1cccc(C(F)(F)F)c1,7.9
D3,CHEMBL563563,CC1(C)C[C@@H]2C[C@@](C)(CN2CCN2CCN(c3cccc(Cl)c3)C2=O)C1,7.9
D3,CHEMBL1081237,Cc1ccc2c(-c3nnc(SCCCN4CC5CC5(c5ccc(Cl)c(Cl)c5)C4)n3C)cccc2n1,7.9
D3,CHEMBL1079667,Cc1ncoc1-c1nnc(SCCCN2CC3CC3(c3ccccc3)C2)n1C,7.9
D3,CHEMBL1257687,Cc1ncoc1-c1nnc(SCCCN2CCC3CC3(c3cccc(C(F)(F)F)c3)C2)n1C,7.9
D3,CHEMBL1557,Cl.NCCc1ccc(O)c(O)c1,7.9
D3,CHEMBL3697994,O=C(N[C@H]1CC[C@H](CCN2CCN(c3cccc4c3OCO4)CC2)CC1)C1CCCO1,7.9
D3,CHEMBL3697988,CCC(O)C(=O)N[C@H]1CC[C@H](CCN2CCN(c3cccc4c3OCO4)CC2)CC1,7.9
D3,CHEMBL3697991,COC1(C(=O)N[C@H]2CC[C@H](CCN3CCN(c4cccc5c4OCO5)CC3)CC2)CCCCC1,7.9
D3,CHEMBL3642709,CC(=O)N[C@H]1CC[C@H](CCN2CCN(c3nccc4c3CCO4)CC2)CC1,7.9
D3,CHEMBL3676923,O=C(N[C@H]1CC[C@H](CCN2CCC(c3coc4ccccc34)CC2)CC1)C12CC3CC(CC(C3)C1)C2,7.9
D3,CHEMBL3758330,O=C(NCCCCN1CCN(c2ccccc2O)CC1)c1ccc2ccccc2c1,7.9
D3,CHEMBL3765285,Cn1c(SCCCN2CCOC(c3ccc(C(F)(F)F)cc3)C2)nnc1-c1ccc(-c2nnco2)cc1,7.9
D3,CHEMBL3775395,Cc1ncoc1-c1nnc(SCCCN2CC3CCN(c4ccc(OC(F)(F)F)cc4)C3C2)n1C,7.9
D3,CHEMBL3937872,O=C(N[C@H]1CC[C@H](CCN2CCC(c3noc4cc(F)ccc34)CC2)CC1)C1COc2ccccc2O1,7.9
D3,CHEMBL5421714,CN(C)C(=O)C(CCN1C[C@H](F)C[C@H]1C(=O)NCCCCN1CCN(c2cccc(Cl)c2Cl)CC1)(c1ccccc1)c1ccccc1,7.9
D3,CHEMBL5647399,C=CCN1C[C@H](OC(=O)Nc2cc(C)ccc2OC)C[C@H]1CNC(=O)c1cc(CCCF)cc(OC)c1OC,7.9
D3,CHEMBL5906442,CC(C)(C)c1nc(N2CCN(CCCCNC(=O)N3CCN(c4ccnc5ccccc45)CC3)CC2)cc(C(F)(F)F)n1,7.9
D3,CHEMBL109912,CNc1cc(OC)c(C(=O)N[C@H]2CCN(Cc3ccccc3)C[C@@H]2C)cc1Cl,7.89
D3,CHEMBL203200,CC(C)(C)c1nc(N2CCN(CCCCn3cccnc3=O)CC2)cc(C(F)(F)F)n1,7.89
D3,CHEMBL218351,CCCc1c(C(=O)NCCCCN2CCN(c3ccccc3OC)CC2)nnn1Cc1ccc(OC)cc1,7.89
D3,CHEMBL485384,CCCN(CCCCn1cc(-c2ccc(-c3ccccc3)cc2)nn1)C1CC=C(C#C[Si](C)(C)C)CC1,7.89
D3,CHEMBL1946745,OC1(c2ccc(Cl)cc2)C[C@H]2CC[C@@H](C1)N2CCCCc1nc2ccccc2s1,7.89
D3,CHEMBL3642758,C/C=C/CC(=O)N[C@H]1CC[C@H](CCN2CCN(c3nccc4c3CCO4)CC2)CC1,7.89
D3,CHEMBL3676873,CC(C)(C)C(=O)N[C@H]1CC[C@H](CCN2CCC(c3coc4ccccc34)CC2)CC1,7.89
D3,CHEMBL3819427,NC(=O)c1ccc(C(=O)CCCN2CCc3ccccc3C2)cc1,7.89
D3,CHEMBL3819434,Cl.OC1(c2ccc(Cl)cc2)CC2CCC(C1)N2CCCCc1nc2ccccc2s1,7.89
D3,CHEMBL4096353,COc1ccccc1N1CCN(CCCC(=O)Nc2ccn3ncc(/C=N\O)c3c2)CC1,7.89
D3,CHEMBL4094869,CCCN(CCCCOc1ccn2nccc2c1)[C@@H]1CCc2c(O)cccc2C1,7.89
D3,CHEMBL2312227,COc1ccccc1OCCNCC1COCC(c2ccccc2)(c2ccccc2)O1,7.89
D3,CHEMBL4586582,CCCN(CCCCNC(=O)c1cc2ccccc2[nH]1)C[C@H]1C[C@@H]1c1cccc(Cl)c1Cl.Cl,7.89
D3,CHEMBL4551448,Cc1ccc2[nH]c(C(=O)N3CCN(CCOc4cccnc4)CC3)cc2c1,7.89
D3,CHEMBL4436317,CCc1cc(Cl)c(OC)c(N2CCN(C[C@H](F)CCNC(=O)c3cc4ccccc4[nH]3)CC2)c1,7.89
D3,CHEMBL4849734,COc1ccccc1C(=O)NCCCCN1CCO[C@@H]2c3ccccc3OC[C@H]21,7.89
D3,CHEMBL4860687,COc1ccc2c(c1)[C@H]1OCCN(CCCCNC(=O)c3ccc(Cl)cc3)[C@@H]1CO2,7.89
D3,CHEMBL4875081,COc1ccc(Cl)cc1[C@H]1C[C@@H]1CNCCCOc1ccc2ccc(=O)[nH]c2c1,7.89
D3,CHEMBL5647346,C=CCN1C[C@H](OC(=O)NCCc2ccccc2)C[C@H]1CNC(=O)c1cc(CCCF)cc(OC)c1OC,7.89
D3,CHEMBL6041377,COc1cccc(N2CCN(C(=O)NCCCCN3CCN(c4cc(C(F)(F)F)nc(C(C)(C)C)n4)CC3)CC2)c1,7.89
D3,CHEMBL6007111,CC(C)(C)c1nc(N2CCN(CCCCNC(=O)N3CCN(C4CC4)CC3)CC2)cc(C(F)(F)F)n1,7.89
D3,CHEMBL1813590,COc1ccccc1N1CCN(CCCCOc2ccc3c(c2)NC(=O)CC3)CC1.O=C(O)C(=O)O,7.88
D3,CHEMBL2386616,COc1ccccc1N1CCCN(CCCCNC(=O)c2ccc(CCO)cc2)CC1,7.88
D3,CHEMBL3588916,COc1ccccc1N1CCN(CCCCc2cn(-c3ccc4cnccc4c3)nn2)CC1,7.88
D3,CHEMBL3642723,O=C(N[C@H]1CC[C@H](CCN2CCN(c3nccc4c3CCO4)CC2)CC1)c1ccc(Cl)cc1,7.88
D3,CHEMBL4470996,O=C(c1cc2ccccc2s1)N1CCN(CCOc2cccnc2)CC1,7.88
D3,CHEMBL5267221,CCCN(CCc1ccc(CCN(CCC)[C@H]2CCc3nc(N)sc3C2)cc1)[C@H]1CCc2c(O)cccc2C1,7.88
D3,CHEMBL1688999,COc1ccccc1N1CCN(C/C=C/CNC(=O)c2cc(Br)ccc2OCCF)CC1.O=C(O)C(=O)O,7.87
D3,CHEMBL1813591,O=C(O)C(=O)O.O=C1CCc2ccc(OCCCCN3CCN(c4ccccc4OCCF)CC3)cc2N1,7.87
D3,CHEMBL3695424,CC(C)(C)c1ccc(C(=O)N[C@H]2CC[C@H](CCN3CCC(c4cccc5c4CCO5)CC3)CC2)cc1,7.87
D3,CHEMBL3976775,COCCC(=O)N[C@H]1CC[C@H](CCN2CCC(c3noc4cc(Cl)c(F)cc34)CC2)CC1,7.87
D3,CHEMBL3921063,O=C(CC1OCCCO1)N[C@H]1CC[C@H](CCN2CCC(c3noc4cc(F)c(F)cc34)CC2)CC1,7.87
D3,CHEMBL4226226,CN(C)c1ccc(C(=O)NCCCCN2CCC(c3cccc(O)c3)C2)cc1,7.87
D3,CHEMBL4565997,O=C(NCCCCN1CCN(c2ccc(O)cc2)CC1)c1ccc(-c2ccsc2)cc1,7.87
D3,CHEMBL4447103,O=C(c1cc2cccnc2[nH]1)N1CCN(CCOc2cccnc2)CC1,7.87
D3,CHEMBL4469777,CCc1cccc(N2CCN(C)CC2)c1Cl,7.87
D3,CHEMBL4845838,O=C(NCCCCN1CCO[C@@H]2c3ccccc3OC[C@H]21)c1ccc(Br)cc1,7.87
D3,CHEMBL399510,CCN(CC)CCNC(=O)c1cc(Br)c(N)cc1OC,7.87
D3,CHEMBL5409419,COc1cccc2c3c(oc12)CN(CCCCOc1ccc2c(c1)NC(=O)CC2)CC3,7.87
D3,CHEMBL5889124,Cn1c(SCCCN2CC3CCN(c4ccccc4C(F)(F)F)C3C2)nnc1-c1cc[nH]c(=O)c1,7.87
D3,CHEMBL2308105,Fc1ccc(C(O[C@H]2C[C@H]3CC[C@@H](C2)N3CCCCc2ccccc2)c2ccc(F)cc2)cc1,7.86
D3,CHEMBL165679,c1ccc(N2CCN(CC[C@H]3CC[C@H](Nc4ncccn4)CC3)CC2)cc1,7.86
D3,CHEMBL1689001,COc1ccccc1N1CCN(C/C=C/CNC(=O)c2cc(Br)cc(OC)c2OCCF)CC1.O=C(O)C(=O)O,7.86
D3,CHEMBL1774532,COc1ccc2oc(C(=O)NCCC(F)CN3CCN(c4ccccc4OC)CC3)cc2c1,7.86
D3,CHEMBL3353910,COc1ccccc1N1CCN(CCCCc2cn(-c3ccc(N(C)C)cc3)nn2)CC1,7.86
D3,CHEMBL3664860,O=C(N[C@H]1CC[C@H](CCN2CCC(c3cccc4c3OCO4)CC2)CC1)C1CCOCC1,7.86
D3,CHEMBL3664863,CCC(C)C(=O)N[C@H]1CC[C@H](CCN2CCC(c3cccc4c3OCO4)CC2)CC1,7.86
D3,CHEMBL4878501,O=C(NCCCCN1CCO[C@@H]2c3ccccc3OC[C@H]21)c1ccc2ccccc2c1,7.86
D3,CHEMBL4864813,COc1ccc2c(c1)[C@H]1OCCN(CCCCNC(=O)c3ccc([N+](=O)[O-])cc3)[C@@H]1CO2,7.86
D3,CHEMBL4848710,COc1ccc2c(c1)[C@H]1OCCN(CCCCNC(=O)c3ccccc3)[C@@H]1CO2,7.86
D3,CHEMBL1201,CN1CCN(CC/C=C2/c3ccccc3Sc3ccc(S(=O)(=O)N(C)C)cc32)CC1,7.86
D3,CHEMBL5942723,CC(C)(C)c1nc(N2CCN(CCCCNC(=O)N3CCN(c4ncccn4)CC3)CC2)cc(C(F)(F)F)n1,7.86
D3,CHEMBL6013739,CC(C)(C)c1nc(N2CCN(CCCCNC(=O)N3CCN(CC4CC4)CC3)CC2)cc(C(F)(F)F)n1,7.86
D3,CHEMBL158013,C#CCN(CCN1CCN(c2ccccc2)CC1)C1CCc2ccc(O)cc2C1,7.85
D3,CHEMBL84931,CN(C)CC1CC2c3ccccc3Cc3ccc(F)cc3N2O1,7.85
D3,CHEMBL198993,COc1ccccc1N1CCN(CCCCNC(=O)c2ccc(F)nc2)CC1,7.85
D3,CHEMBL240996,O=C1c2ccccc2CN1CCCCN1CCN(c2cccc(C(F)(F)F)c2)CC1,7.85
D3,CHEMBL3323019,CN(C)Cc1c(C(=O)NCCCCN2CCN(c3cc(C(F)(F)F)nc(C(C)(C)C)n3)CC2)[nH]c2ccccc12,7.85
D3,CHEMBL3318831,O=C(CCC(=O)OC1(c2ccc(Cl)cc2)CCN(CCCC(=O)c2ccc(F)cc2)CC1)OC1(c2ccc(Cl)cc2)CCN(CCCC(=O)c2ccc(F)cc2)CC1,7.85
D3,CHEMBL3358497,O=C(NCCCCN1CCN(c2cnc3ccccc3c2)CC1)c1cc2ccccc2cn1,7.85
D3,CHEMBL3590084,CCCN(CCNC(=O)/C=C/c1ccc(F)cc1)C1Cc2ccccc2C1,7.85
D3,CHEMBL3588985,Clc1cccc(N2CCN(CCCCn3cc(-c4ccc5c(c4)Cc4ccccc4-5)nn3)CC2)c1Cl,7.85
D3,CHEMBL3698012,COC1(C(=O)N[C@H]2CC[C@H](CCN3CCN(c4cccc5c4OCO5)CC3)CC2)CC1,7.85
D3,CHEMBL3642768,O=C(CC1C[C@H](O)CO1)N[C@H]1CC[C@H](CCN2CCN(c3nccc4c3CCO4)CC2)CC1,7.85
D3,CHEMBL3642774,Cc1cc2occc2c(N2CCN(CC[C@H]3CC[C@H](NC(=O)C4CCOCC4)CC3)CC2)n1,7.85
D3,CHEMBL3676929,O=C(N[C@H]1CC[C@H](CCN2CCC(c3coc4ccccc34)CC2)CC1)c1ccc(C2CC2)cc1,7.85
D3,CHEMBL3695447,CS(=O)(=O)c1ccc(C(=O)N[C@H]2CC[C@H](CCN3CCC(c4cccc5c4CCO5)CC3)CC2)cc1,7.85
D3,CHEMBL3798372,Cl.O=C(NCCCCN1CCN(c2cccc(Cl)c2Cl)CC1)Oc1cccc2c1OCCO2,7.85
D3,CHEMBL4095588,COc1ccccc1N1CCN(CCCNC(=O)Oc2ccc(-c3ccccc3)cc2)CC1.Cl,7.85
D3,CHEMBL4853668,CCCCCCNC(=O)/N=C(\N)NCCCc1sc(N)nc1C,7.85
D3,CHEMBL5834120,O=C(NCCCCN1CCN(c2cccc(C(F)(F)F)c2)CC1)N1CCN(c2ccccc2)CC1,7.85
D3,CHEMBL205961,CC(C)(C)c1nc(N2CCN(CCCCn3ccc(C(F)(F)F)nc3=O)CC2)cc(C(F)(F)F)n1,7.84
D3,CHEMBL476394,O=C1c2ccccc2CCCN1CCCCN1CCN(c2cccc(Cl)c2Cl)CC1,7.84
D3,CHEMBL3642801,O=C(N[C@H]1CC[C@H](CCN2CCN(c3nccc4c3CCO4)CC2)CC1)c1ccc(N2CCS(=O)(=O)CC2)cc1,7.84
D3,CHEMBL3800489,COc1ccccc1N1CCN(CCCCNC(=O)Oc2cccc3ccccc23)CC1,7.84
D3,CHEMBL4113529,O=C(C[C@H]1CCCO1)N[C@H]1CC[C@H](CCN2CCC(c3noc4cc(Cl)ccc34)CC2)CC1,7.84
D3,CHEMBL4454872,CCCN(CCCCNC(=O)c1ccc2ccccc2c1)CC1CC1c1cc(F)ccc1OC.Cl,7.84
D3,CHEMBL4858961,CCCN1CCC(CNC(=O)c2c(O)c(CC)cc(Cl)c2OC)C1,7.84
D3,CHEMBL5639255,C=CCN1C[C@H](OC(=O)Nc2ccccc2)C[C@H]1CNC(=O)c1cc(CCCF)cc(OC)c1OC,7.84
D3,CHEMBL5966019,Cn1c(SCCCN2CC3CCN(c4c(F)cccc4F)C3C2)nnc1-c1ccc(=O)[nH]c1,7.84
D3,CHEMBL88289,FC(F)(F)c1nc2c(N3CCN(Cc4ccccc4)CC3)cccc2[nH]1,7.83
D3,CHEMBL127923,COc1ccccc1N1CCN(CCCCNC(=O)/C=C/c2cc(I)c(OC)c(OC)c2)CC1.O=C(O)C(=O)O,7.83
D3,CHEMBL201551,COc1ccccc1N1CCN(CCCCNC(=O)c2ccc3c(c2)OCO3)CC1,7.83
D3,CHEMBL2298812,FC(F)(F)c1nc2c(-[n+]3cc[n+](Cc4ccccc4)cc3)cccc2[nH]1,7.83
D3,CHEMBL3697990,CC(C)[C@H](O)C(=O)N[C@H]1CC[C@H](CCN2CCN(c3cccc4c3OCO4)CC2)CC1,7.83
D3,CHEMBL3642805,O=C(Cc1noc2ccccc12)N[C@H]1CC[C@H](CCN2CCN(c3nccc4c3CCO4)CC2)CC1,7.83
D3,CHEMBL3698014,CO[C@@H](C(=O)N[C@H]1CC[C@H](CCN2CCN(c3cccc4c3OCO4)CC2)CC1)C(C)C,7.83
D3,CHEMBL3695422,Cc1nc(-c2ccc(C(=O)N[C@H]3CC[C@H](CCN4CCC(c5cccc6c5CCO6)CC4)CC3)cc2)no1,7.83
D3,CHEMBL3642794,CN1CCN(c2ccc(C(=O)N[C@H]3CC[C@H](CCN4CCN(c5nccc6c5CCO6)CC4)CC3)cc2)CC1,7.83
D3,CHEMBL3892551,CS(=O)(=O)CC(=O)N[C@H]1CC[C@H](CCN2CCC(c3noc4cc(Cl)ccc34)CC2)CC1,7.83
D3,CHEMBL4438361,CCCCN1CCN(c2ccccc2OCCF)CC1,7.83
D3,CHEMBL541524,Cl.c1ccc(-c2cc(CCCCN3CCN(C(c4ccccc4)c4ccccc4)CC3)on2)cc1,7.82
D3,CHEMBL539744,COc1ccccc1N1CCN(CCCCc2cc(/C=C/c3ccccc3)no2)CC1.Cl,7.82
D3,CHEMBL542324,Cl.c1ccc(N2CCN(CCCCc3cc(-c4cccs4)no3)CC2)cc1,7.82
D3,CHEMBL85972,c1cnc(N2CCN(CCCOc3ccc(-c4nc5ccccc5[nH]4)cc3)CC2)nc1,7.82
D3,CHEMBL310680,O=C(N[C@H]1CC[C@H](CCN2CCN(c3ccc(Cl)cc3)CC2)CC1)C1CCCCC1,7.82
D3,CHEMBL93432,Cc1c(-c2ccccc2)n(-c2ccccc2)c(=O)n1C1CCN(Cc2ccccc2)CC1,7.82
D3,CHEMBL49,O=C1CC2(CCCC2)CC(=O)N1CCCCN1CCN(c2ncccn2)CC1,7.82
D3,CHEMBL2021538,CCCN[C@H]1CCc2c(cccc2CS(=O)(=O)C(F)(F)F)C1.Cl,7.82
D3,CHEMBL366164,CN(C)C[C@H]1C[C@@H]2c3ccccc3Sc3ccc(F)cc3[C@H]2O1,7.82
D3,CHEMBL217981,COc1ccccc1N1CCN(CCCCCNC(=O)c2nnn(Cc3ccccc3Br)c2C)CC1,7.82
D3,CHEMBL240564,COc1ccccc1C(c1ccccc1OC)N1CCN(CCCCNC(=O)/C=C/c2ccccc2)CC1,7.82
D3,CHEMBL391895,COc1ccccc1C(c1ccccc1OC)N1CCN(CCCCNC(=O)c2ccc3ccccc3c2)CC1,7.82
D3,CHEMBL455288,O=C(OCCN1CCN(CCCN2c3ccccc3Sc3ccc(C(F)(F)F)cc32)CC1)c1ccc(OCCCN2CCCCC2)cc1,7.82
D3,CHEMBL271989,COc1ccccc1N1CCN(CCCCNc2ccc3ccccc3n2)CC1,7.82
D3,CHEMBL2386620,COc1ccccc1N1CCCN(CCCCNC(=O)c2ccc(Cl)nc2)CC1,7.82
D3,CHEMBL3894257,Cc1ncsc1-c1nnc(SCCCN2CC[C@]3(C[C@H]3c3ccc(C(F)(F)F)cc3)C2)n1C,7.82
D3,CHEMBL3890178,Cn1c(SCCCN2CC[C@]3(C[C@@H]3c3ccc(C(F)(F)F)cc3)C2)nnc1-c1ccccc1C(N)=O,7.82
D3,CHEMBL4106625,CO[C@H](C)CC(=O)N[C@H]1CC[C@H](CCN2CCC(c3noc4cc(Cl)ccc34)CC2)CC1,7.82
D3,CHEMBL4069565,NC(=O)c1cccc(-c2ccc(OC(=O)NCCCCN3CCN(c4cccc(Cl)c4Cl)CC3)cc2F)c1,7.82
D3,CHEMBL4099711,COc1ccccc1N1CCN(CCCCOc2ccn3nc(CO)cc3c2)CC1,7.82
D3,CHEMBL4452683,CCN(CCCCNC(=O)c1ccc2ccccc2c1)CC1CC1c1cc(F)ccc1OC.Cl,7.82
D3,CHEMBL4743651,CCN(CC)C(=O)N[C@H]1CC[C@H](CCN2CCc3ccc(Cl)cc3[C@@H](C)C2)CC1,7.82
D3,CHEMBL4861311,Fc1ccc2c(C3CCN(CCCOc4ccc(CCN5CCCCC5)cc4)CC3)noc2c1,7.82
D3,CHEMBL5641883,C=CCN1C[C@H](OC(=O)Nc2ccoc2)C[C@H]1CNC(=O)c1cc(CCCF)cc(OC)c1OC,7.82
D3,CHEMBL5938719,CC(C)(C)c1nc(C2CC2)cc(N2CCN(CCCCNC(=O)N3CCN(c4ccccc4)CC3)CC2)n1,7.82
D3,CHEMBL5798184,CC(C)(C)c1cc(N2CCN(CCCCNC(=O)N3CCN(c4ccccc4)CC3)CC2)nc(C(C)(C)C)n1,7.82
D3,CHEMBL5885436,CC(C)(C)c1nc(N2CCN(CCCCNC(=O)N3CCN(c4ccccc4-c4ccccc4)CC3)CC2)cc(C(F)(F)F)n1,7.82
D3,CHEMBL127114,COc1ccccc1N1CCN(CCCCNC(=O)C2CC2c2ccccc2)CC1.O=C(O)C(=O)O,7.81
D3,CHEMBL3642814,O=S(=O)(N[C@H]1CC[C@H](CCN2CCN(c3nccc4c3CCO4)CC2)CC1)c1ccccc1,7.81
D3,CHEMBL3695416,CN(C)C(=O)CCC(=O)N[C@H]1CC[C@H](CCN2CCC(c3cccc4c3CCO4)CC2)CC1,7.81
D3,CHEMBL3642757,CC(C)=CC(=O)N[C@H]1CC[C@H](CCN2CCN(c3nccc4c3CCO4)CC2)CC1,7.81
D3,CHEMBL3642769,CCCC(=O)N[C@H]1CC[C@H](CCN2CCN(c3nccc4c3CCO4)CC2)CC1,7.81
D3,CHEMBL3982578,O=C(N[C@H]1CC[C@H](CCN2CCC(c3noc4cc(F)ccc34)CC2)CC1)c1cnc(N2CCOCC2)nc1,7.81
D3,CHEMBL4525624,CCCN(CCCCNC(=O)c1ccc2ccccc2c1)CC1CC1c1cccc(Cl)c1.Cl,7.81
D3,CHEMBL4853938,CCc1cc(Cl)c(OC)c(C(=O)NC[C@@H]2CCCN2CCCCNC(=O)c2cc3ccccc3o2)c1O,7.81
D3,CHEMBL5833403,CC(=O)N1CCC(c2nnc(SCCCN3CC4CCN(c5ccc(C(F)(F)F)cc5)C4C3)n2C)CC1,7.81
D3,CHEMBL5779139,Cn1c(SCCCN2C[C@H]3CCN(c4ccc(C(F)(F)F)cc4)[C@H]3C2)nnc1-c1cc[nH]c(=O)c1,7.81
D3,CHEMBL97118,COc1cccc2c1CC[C@H]1[C@H]2CCN1CCCCNC(=O)c1ccc(-c2ccccc2)cc1,7.8
D3,CHEMBL95743,O=C(NCCCCN1CCC[C@@H]2c3ccccc3CC[C@H]21)c1ccc(-c2ccccc2)cc1,7.8
D3,CHEMBL98452,O=C(NCCCCN1CC[C@H]2c3ccccc3CC[C@@H]21)c1ccc(-c2ccccc2)cc1,7.8
D3,CHEMBL544925,COc1ccc(-c2cc(CCCCN3CCN(C(c4ccccc4)c4ccccc4)CC3)on2)c(OC)c1.Cl,7.8
D3,CHEMBL542573,COc1ccc(-c2cc(CCCCN3CCN(c4ccccc4)CC3)on2)c(OC)c1.Cl,7.8
D3,CHEMBL2113349,Cl.N#Cc1ccc2c(c1)CCN(CC[C@H]1CC[C@H](NC(=O)c3cc4ccccc4[nH]3)CC1)C2,7.8
D3,CHEMBL140612,COc1ccccc1N1CCN(CCCNC(=O)c2cnn3ccccc23)CC1,7.8
D3,CHEMBL418321,Brc1ccc2c(c1)C1CN(Cc3ccccc3)CC1CO2,7.8
D3,CHEMBL65122,N#Cc1ccc2c(c1)[C@@H]1CN(Cc3ccc(F)cc3)C[C@H]1CO2,7.8
D3,CHEMBL126746,COc1ccccc1N1CCN(CCCCNC(=O)/C=C/c2ccc(-c3ccccc3)cc2)CC1,7.8
D3,CHEMBL436157,CCCN1CC2COc3ccc(C#N)cc3C2C1,7.8
D3,CHEMBL291417,Clc1ccc2c(c1)C1CN(Cc3ccccc3)CC1CO2,7.8
D3,CHEMBL86,CCN(CC)CCNC(=O)c1cc(Cl)c(N)cc1OC,7.8
D3,CHEMBL80845,CCCN1CCc2nn3ccccc3c2C1,7.8
D3,CHEMBL279039,CCS(=O)(=O)c1ccc(OC)c(-c2ccc(CN3CCCCCC3)[nH]2)c1,7.8
D3,CHEMBL82864,N#Cc1ccc2c(c1)CCN(CC[C@H]1CC[C@H](NC(=O)c3cc4ccccc4[nH]3)CC1)CC2,7.8
D3,CHEMBL91510,CCCN(CCCCNC(=O)c1ccc(-c2ccccc2)cc1)C1CCc2nc(NC)ncc2C1,7.8
D3,CHEMBL328002,CCCN(CCCCNC(=O)c1ccc(-c2ccccc2)cc1)C1CCc2nc(SC)ncc2C1,7.8
D3,CHEMBL2093001,COc1ccc(S(=O)(=O)N(C)c2ccccc2)cc1-c1ccc(CN2CCCCC[C@H]2c2ccccc2)[nH]1,7.8
D3,CHEMBL195247,O=S(=O)(NCCCCN1CCN(c2cccc(Cl)c2Cl)CC1)c1ccc(F)cc1,7.8
D3,CHEMBL208847,COc1ccccc1N1CCN(CCCCNC(=O)c2cc3c4ccc(c3o2)CCc2ccc(cc2)CC4)CC1,7.8
D3,CHEMBL221587,COc1ccccc1N1CCN(CCCCCNC(=O)c2nnn(Cc3ccccc3)c2C)CC1,7.8
D3,CHEMBL230930,Cc1noc(C)c1-c1ccc(S(=O)(=O)Nc2ccc3c(c2)CCN(C)CC3)cc1,7.8
D3,CHEMBL231640,CN1CCc2ccc(NS(=O)(=O)c3ccc(-c4ccc(C#N)cc4)cc3)cc2CC1,7.8
D3,CHEMBL231430,CN1CCc2ccc(NS(=O)(=O)c3ccc(-c4ccc(Cl)cc4)cc3)cc2CC1,7.8
D3,CHEMBL266018,CCCCc1ccc(S(=O)(=O)Nc2ccc3c(c2)CCNCC3)cc1,7.8
D3,CHEMBL245120,Cc1ccc2c(-c3nnc(SCCN4CCc5ccc(-c6cc(C)nn6C)cc5CC4)n3C)cccc2n1,7.8
D3,CHEMBL255158,Cc1ncccc1-c1nnc(SCCCN2CCc3ccc4oc(C(F)(F)F)nc4c3CC2)n1C,7.8
D3,CHEMBL562176,N#Cc1cc(N2CCN(CCN3Cc4ccccc4C3)C2=O)ccc1F,7.8
D3,CHEMBL564930,CC1(C)[C@H]2CC[C@]1(C)CN(CCN1CCN(c3cccc(Cl)c3)C1=O)C2,7.8
D3,CHEMBL1081490,O=C1N(CCN2CCCCCC2)CCN1c1cccc(F)c1,7.8
D3,CHEMBL1258381,Cc1ncoc1-c1nnc(SCCCN2CCC3(CCCc4ccc(Br)cc43)C2)n1C,7.8
D3,CHEMBL516,CN1CCC(=C2c3ccccc3C=Cc3ccccc32)CC1,7.8
D3,CHEMBL1928124,CCOCCOCc1ccc(C(=O)NCCCCN2CCN(c3ccccc3OC)CC2)cc1,7.8
D3,CHEMBL1946744,O=C(CCCCN1[C@@H]2CC[C@H]1CC(O)(c1ccc(Cl)cc1)C2)c1nc2ccccc2s1,7.8
D3,CHEMBL3358499,O=C(NCCCCN1CCN(c2ccc(F)cc2)CC1)c1cc2ccccc2cn1,7.8
D3,CHEMBL3612359,CN1CCC[C@H]1c1ccc[n+](CCCCCCNCC2CCc3ccc(O)cc3O2)c1.[Br-],7.8
D3,CHEMBL3697987,O=C(N[C@H]1CC[C@H](CCN2CCN(c3cccc4c3OCO4)CC2)CC1)C1(O)CCCCC1,7.8
D3,CHEMBL3642717,O=C(CO)N[C@H]1CC[C@H](CCN2CCN(c3nccc4c3CCO4)CC2)CC1,7.8
D3,CHEMBL3642729,O=C(N[C@H]1CC[C@H](CCN2CCN(c3nccc4c3CCO4)CC2)CC1)C1CCC1,7.8
D3,CHEMBL3763418,Cc1ncoc1-c1nnc(SCCCCN2CCOC(c3ccc(C(F)(F)F)cc3)C2)n1C,7.8
D3,CHEMBL3764306,Cn1c(SCCCN2CCOC(c3ccc(C(F)(F)F)cc3)C2)nnc1-c1ccc(C(N)=O)nc1,7.8
D3,CHEMBL3764246,Cc1ccc(C2CN(CCCSc3nnc(-c4ccc(-c5noc(C)n5)cc4)n3C)CCO2)cc1,7.8
D3,CHEMBL3775618,COc1ccccc1N1CCC2CN(CCCSc3nnc(-c4cnccn4)n3C)CC21,7.8
D3,CHEMBL3818881,Cl.O=C(CCCCN1C2CCC1CC(O)(c1ccc(Cl)cc1)C2)c1nc2ccccc2s1,7.8
D3,CHEMBL4551220,CCN1CCN(c2ccc3c(c2)N(S(=O)(=O)c2ccccc2)CC3)CC1,7.8
D3,CHEMBL4860528,CCCCCNC(=O)/N=C(\N)NCCCc1sc(N)nc1C,7.8
D3,CHEMBL4862399,O=C(NCCCCN1CCO[C@@H]2c3ccccc3OC[C@H]21)c1cccc2ccccc12,7.8
D3,CHEMBL5191141,[2H]c1c([2H])c([2H])c([C@@H]2C[C@@H](N3CCN(C([2H])([2H])[2H])C(C)(C)C3)c3cc(Cl)ccc32)c([2H])c1[2H],7.8
D3,CHEMBL5639121,C=CCN1C[C@H](OC(=O)Nc2ccc(-c3ccccn3)cc2)C[C@H]1CNC(=O)c1cc(CCCF)cc(OC)c1OC,7.8
D3,CHEMBL5934055,CC(C)(C)c1nc(N2CCN(CCCCNC(=O)N3CCC(C#N)(c4ccccc4)CC3)CC2)cc(C(F)(F)F)n1,7.8
D3,CHEMBL5856641,Cn1c(OCCCN2CC3CCN(c4ccc(C(F)(F)F)cc4)C3C2)nnc1C1CCOCC1,7.8
D3,CHEMBL93186,CCCN(CCC)C1CCc2ccc3ccoc3c2C1,7.79
D3,CHEMBL3664864,O=C(N[C@H]1CC[C@H](CCN2CCC(c3cccc4c3OCO4)CC2)CC1)C1CCS(=O)(=O)C1,7.79
D3,CHEMBL3642796,O=C(N[C@H]1CC[C@H](CCN2CCN(c3nccc4c3CCO4)CC2)CC1)c1ccc(-c2cccnc2)cc1,7.79
D3,CHEMBL3695399,O=C(N[C@H]1CC[C@H](CCN2CCC(c3cccc4c3CCO4)CC2)CC1)c1ccc(N2CCOCC2)nc1,7.79
D3,CHEMBL335545,C1=C(c2ccccc2)CCN(C[C@@H]2CCC=C(c3ccccc3)C2)C1,7.78
D3,CHEMBL380597,CC(C)(C)c1nc(N2CCN(CCCCN3C(=O)CCCc4ccccc43)CC2)cc(C(F)(F)F)n1,7.78
D3,CHEMBL3695415,CCC(C)C(=O)N[C@H]1CC[C@H](CCN2CCC(c3cccc4c3CCO4)CC2)CC1,7.78
D3,CHEMBL3642752,CC(C)C(=O)N[C@H]1CC[C@H](CCN2CCN(c3nccc4c3CCO4)CC2)CC1,7.78
D3,CHEMBL3969386,Cn1c(SCCCN2CC[C@]3(C[C@@H]3c3ccc(C(F)(F)F)cc3)C2)nnc1-c1cccnn1,7.78
D3,CHEMBL4459381,O=C(NCCCCN1CCN(c2ccccc2O)CC1)c1ccc(-c2ccsc2)cc1,7.78
D3,CHEMBL5204696,COc1ccccc1N1CCN(CCCCNC2=CC=CC3=[N+]4[N+](=Cc5cc6ccccc6n5[B-]4(F)F)[B-](F)(F)N23)CC1,7.78
D3,CHEMBL6034537,CC(C)(C)c1nc(N2CCN(CCCCNC(=O)N3CCN(c4ccccc4C#N)CC3)CC2)cc(C(F)(F)F)n1,7.78
D3,CHEMBL5950751,CC(C)(C)c1nc(N2CCN(CCCCNC(=O)N3CCN(Cc4ccccc4)CC3)CC2)cc(C(F)(F)F)n1,7.78
D3,CHEMBL129931,c1ccc(CCCNCCCOc2ccccc2)cc1,7.77
D3,CHEMBL131396,Clc1ccccc1OCCNCCCOc1ccccc1,7.77
D3,CHEMBL1257810,O=C(CCCN1CCC(O)(c2ccc(Cl)cc2)CC1)c1cc2ccc1CCc1ccc(cc1)CC2,7.77
D3,CHEMBL2397382,CN1CCc2ccc(CO)c3c2[C@H]1Cc1ccc(O)c(O)c1-3.Cl,7.77
D3,CHEMBL3642734,O=C(N[C@H]1CC[C@H](CCN2CCN(c3nccc4c3CCO4)CC2)CC1)c1ccc(N2CCOCC2)cc1,7.77
D3,CHEMBL3642749,CC(C)(C)CC(=O)N[C@H]1CC[C@H](CCN2CCN(c3nccc4c3CCO4)CC2)CC1,7.77
D3,CHEMBL3695407,O=C(N[C@H]1CC[C@H](CCN2CCC(c3cccc4c3CCO4)CC2)CC1)C1CCCOC1,7.77
D3,CHEMBL3818047,O=C(CCCN1CCc2ccccc2C1)c1ccc(Cl)cc1,7.77
D3,CHEMBL4110308,C[C@@H](O)CC(=O)N[C@H]1CC[C@H](CCN2CCC(c3noc4cc(Cl)ccc34)CC2)CC1,7.77
D3,CHEMBL3920548,O=C(CO)N[C@H]1CC[C@H](CCN2CCC(c3noc4cc(Cl)ccc34)CC2)CC1,7.77
D3,CHEMBL4103339,O=C(NCCCN1CCN(c2cccc(Cl)c2Cl)CC1)Oc1ccc(-c2ccccc2)cc1,7.77
D3,CHEMBL4067439,COc1ccccc1N1CCN(CCCCOc2ccc3c(C=O)cnn3c2)CC1,7.77
D3,CHEMBL4563661,COc1ccc(C(=O)N2CCN(CCOc3cccnc3)CC2)cc1,7.77
D3,CHEMBL4579883,CCCN1CCN(c2cccc3c2CCN3S(=O)(=O)c2ccccc2)CC1,7.77
D3,CHEMBL1584,CC(=O)c1ccc2c(c1)N(CCCN1CCC(CCO)CC1)c1ccccc1S2,7.77
D3,CHEMBL5926747,Cc1ncoc1-c1nnc(SCCCN2C[C@H]3OCCN(c4ccc(C(F)(F)F)cc4)[C@H]3C2)n1C,7.77
D3,CHEMBL5899282,Cc1ncoc1-c1nnc(SCCCN2C[C@@H]3OCCN(c4ccc(C(F)(F)F)cc4)[C@@H]3C2)n1C,7.77
D3,CHEMBL3642712,COCCC(=O)N[C@H]1CC[C@H](CCN2CCN(c3nccc4c3CCO4)CC2)CC1,7.76
D3,CHEMBL3642759,CC#CC(=O)N[C@H]1CC[C@H](CCN2CCN(c3nccc4c3CCO4)CC2)CC1,7.76
D3,CHEMBL3664878,O=C(N[C@H]1CC[C@H](CCN2CCC(c3cccc4c3OCO4)CC2)CC1)C1(O)CCCCC1,7.76
D3,CHEMBL3900302,CO[C@H]1CC[C@H](CC(=O)N[C@H]2CC[C@H](CCN3CCC(c4noc5cc(F)c(F)cc45)CC3)CC2)CC1,7.76
D3,CHEMBL4755563,C[C@H]1CN(CC[C@H]2CC[C@H](NC(=O)N(C)c3ccccc3)CC2)CCc2ccc(Cl)cc21,7.76
D3,CHEMBL4762918,C[C@H]1CN(CC[C@H]2CC[C@H](NC(=O)C3CCCCC3)CC2)CCc2ccc(Cl)cc21,7.76
D3,CHEMBL4846380,Cc1nc(N)sc1CCCN/C(N)=N/C(=O)NC(C)c1ccco1,7.76
D3,CHEMBL5806473,Cn1c(SCCCN2C[C@H]3CCN(c4ccc(C(F)(F)F)cc4)[C@H]3C2)nnc1[C@H]1COCCO1,7.76
D3,CHEMBL5852144,Cc1ncoc1-c1nnc(SCCCN2CCO[C@H](c3ccc(C(F)(F)F)cc3)C2)n1C,7.76
D3,CHEMBL538474,Cl.c1ccc(-c2cc(CCCCN3CCN(c4ccccc4)CC3)on2)cc1,7.75
D3,CHEMBL88058,Clc1ccccc1N1CCN(CCCOc2ccc(-c3nc4ccccc4[nH]3)cc2)CC1,7.75
D3,CHEMBL423735,COc1ccccc1N1CCN(CCCCNC(=O)c2cnn3ccccc23)CC1,7.75
D3,CHEMBL241659,O=C(NCCCCN1CCN(C(c2ccccc2)c2ccc(Cl)cc2)CC1)c1cc2ccccc2s1,7.75
D3,CHEMBL3084513,O[C@@]1(c2ccc(Cl)c(Cl)c2)C[C@H]2CC[C@@H](C1)N2Cc1csc2ccccc12,7.75
D3,CHEMBL460854,OC1(c2ccc(Cl)cc2)CC2CCC(C1)N2CCc1c[nH]c2ccccc12,7.75
D3,CHEMBL2336893,c1ccc(-n2cc(CN3CCN(c4cc5ccc4CCc4ccc(cc4)CC5)CC3)cn2)cc1,7.75
D3,CHEMBL2386621,COc1ccccc1N1CCCN(CCCCNC(=O)c2ccc(Br)nc2)CC1,7.75
D3,CHEMBL3589650,OC(CCn1cc(-c2ccc3ncccc3c2)nn1)CN1CCN(c2cccc(Cl)c2Cl)CC1,7.75
D3,CHEMBL3664826,COCC(=O)N[C@H]1CC[C@H](CCN2CCC(c3cccc4c3OCO4)CC2)CC1,7.75
D3,CHEMBL3753266,CN1CCc2ccccc2Cc2sc3ccccc3c2CC1,7.75
D3,CHEMBL3799455,COc1cc(CCNCCc2ccc(O)c3[nH]c(=O)ccc23)ccc1OCCCc1ccccc1,7.75
D3,CHEMBL2037526,O=C(CCCCN1CCC2(CC1)C(=O)NCN2c1ccccc1)c1nc2ccccc2s1,7.75
D3,CHEMBL3913062,Cc1ncoc1-c1nnc(SCCCN2CC[C@]3(C[C@@H]3c3ccccc3)C2)n1C,7.75
D3,CHEMBL3915039,O=C(CC1CCCO1)N[C@H]1CC[C@H](CCN2CCC(c3noc4cc(Cl)c(F)cc34)CC2)CC1,7.75
D3,CHEMBL4079093,Cl.O=C(NCCCCN1CCN(c2cccc(Cl)c2Cl)CC1)Oc1ccc(-c2ccccc2)cc1,7.75
D3,CHEMBL4570430,COc1cccc(N2CCN(CCCCNC(=O)c3ccc(-c4ccsc4)cc3)CC2)c1,7.75
D3,CHEMBL4543870,CCCN(CCCCNC(=O)c1ccc(-c2ccccn2)cc1)CC1CC1c1ccc(Cl)cc1.Cl,7.75
D3,CHEMBL4441358,CCc1cccc(N2CCNCC2)c1Cl,7.75
D3,CHEMBL4117318,O=C(NCCCCN1CCN(c2cccc(Cl)c2Cl)CC1)Oc1ccc(-c2ccccc2)cc1,7.75
D3,CHEMBL4878826,O=C(NCCCCN1CCO[C@@H]2c3ccccc3OC[C@H]21)c1ccc(Cl)cc1,7.75
D3,CHEMBL5074399,CCc1cccc(N2CCN(CCCCNCCC(C(=O)N(C)C)(c3ccccc3)c3ccccc3)CC2)c1Cl,7.75
D3,CHEMBL644,CC(CN(C)C)CN1c2ccccc2CCc2ccccc21,7.75
D3,CHEMBL5436702,c1ccc(N2CCN(CCCCc3nc4ccccc4s3)CC2)nc1,7.75
D3,CHEMBL5952818,CN1CCC(N2CCN(C(=O)NCCCCN3CCN(c4cc(C(F)(F)F)nc(C(C)(C)C)n4)CC3)CC2)CC1,7.75
D3,CHEMBL241225,COc1ccccc1NC1CCN(CCCCNC(=O)c2ccc3ccccc3c2)CC1,7.74
D3,CHEMBL1688997,COc1ccccc1N1CCN(C/C=C/CNC(=O)c2ccc(OCCOCCF)cc2)CC1.O=C(O)C(=O)O,7.74
D3,CHEMBL3642746,O=C(C[C@@H]1CCCO1)N[C@H]1CC[C@H](CCN2CCN(c3nccc4c3CCO4)CC2)CC1,7.74
D3,CHEMBL3642719,O=C(N[C@H]1CC[C@H](CCN2CCN(c3nccc4c3CCO4)CC2)CC1)C1CCOC1,7.74
D3,CHEMBL3639415,CC(=O)N[C@H]1CC[C@H](CCN2CCN(c3nccc4occc34)CC2)CC1,7.74
D3,CHEMBL3910962,O=C(N[C@H]1CC[C@H](CCN2CCC(c3noc4cc(F)c(F)cc34)CC2)CC1)C1CCOCC1,7.74
D3,CHEMBL4864074,COc1ccc2c(c1)[C@H]1OCCN(CCCCNC(=O)c3ccc(-c4ccccc4)cc3)[C@@H]1CO2,7.74
D3,CHEMBL6023233,CC(C)(C)c1nc(N2CCN(CCCCNC(=O)N3CCC(Cc4ccccc4)CC3)CC2)cc(C(F)(F)F)n1,7.74
D3,CHEMBL5882264,Cc1ncoc1-c1nnc(SCCCN2C[C@@H]3CN(c4ccc(C(F)(F)F)cc4)[C@@H]3C2)n1C,7.74
D3,CHEMBL1688998,COc1ccccc1N1CCN(C/C=C/CNC(=O)c2cc(C)ccc2OCCF)CC1.O=C(O)C(=O)O,7.73
D3,CHEMBL3323009,CC(C)(C)c1cc(N2CCN(CCCCNC(=O)c3cn4ccccc4n3)CC2)nc(C(C)(C)C)n1,7.73
D3,CHEMBL3588993,COc1ccccc1N1CCN(CC(O)CCn2cc(-c3ccc4c(c3)Cc3ccccc3-4)nn2)CC1,7.73
D3,CHEMBL3639416,Cc1cc2c(c(N3CCN(CC[C@H]4CC[C@H](NC(=O)CC5CCOCC5)CC4)CC3)n1)CCO2,7.73
D3,CHEMBL3642738,O=C(C[C@@H]1COCCO1)N[C@H]1CC[C@H](CCN2CCN(c3nccc4c3CCO4)CC2)CC1,7.73
D3,CHEMBL3642810,O=C(N[C@H]1CC[C@H](CCN2CCN(c3nccc4c3CCO4)CC2)CC1)c1ccc(-c2ccccc2)cc1,7.73
D3,CHEMBL3642798,O=C(Cc1ccc2c(c1)OCO2)N[C@H]1CC[C@H](CCN2CCN(c3nccc4c3CCO4)CC2)CC1,7.73
D3,CHEMBL3642740,O=C(N[C@H]1CC[C@H](CCN2CCN(c3nccc4c3CCO4)CC2)CC1)C1CC1,7.73
D3,CHEMBL4590839,CCCN(CCCCNC(=O)c1cc2ccccc2[nH]1)CC1CC1c1cccc(F)c1.Cl,7.73
D3,CHEMBL4855711,O=C(NCCCCN1CCO[C@@H]2c3ccccc3OC[C@H]21)c1cccs1,7.73
D3,CHEMBL5399129,COCCC(=O)N1CCC(O)(CCCN2CCN(c3cccc(Cl)c3Cl)CC2)C1,7.73
D3,CHEMBL5783520,Cc1ncccc1-c1nnc(SCCCN2CC3CCN(c4c(F)cccc4F)C3C2)n1C,7.73
D3,CHEMBL307800,O=C(NCCCCN1CCN(c2cccc(Cl)c2Cl)CC1)C1c2ccccc2-c2ccccc21,7.72
D3,CHEMBL328119,O=S(=O)(Oc1cccc([C@@H]2CCCN(CCc3ccccc3)C2)c1)C(F)(F)F,7.72
D3,CHEMBL831,CN1CCN(C2=Nc3ccccc3Oc3ccc(Cl)cc32)CC1,7.72
D3,CHEMBL553810,Cl.O=[N+]([O-])c1cccc(-c2cc(CCCCN3CCN(C(c4ccccc4)c4ccccc4)CC3)on2)c1,7.72
D3,CHEMBL537975,CCOc1ccccc1N1CCN(CCCCc2cc(-c3cccc([N+](=O)[O-])c3)no2)CC1.Cl,7.72
D3,CHEMBL310158,O=C(NC1CCC(CCN2CCN(c3cccc(Cl)c3Cl)CC2)CC1)c1ccccc1,7.72
D3,CHEMBL86249,CCN(CC)CCCOc1ccc(-c2nc3ccccc3n2C/C=C/Cn2c(-c3ccc(OCCCN4CCN(c5ccccc5)CC4)cc3)nc3ccccc32)cc1,7.72
D3,CHEMBL52096,Cc1cc(=O)oc2cc(OCCCN3CCN(c4ccccc4)CC3)ccc12,7.72
D3,CHEMBL422788,Cc1cc2ccc(OCCCN3CCN(c4ccccc4)CC3)cc2oc1=O,7.72
D3,CHEMBL482556,CCCN1CCO[C@@H]2c3cc4c(=O)[nH]ccc4cc3CC[C@H]21,7.72
D3,CHEMBL3115585,CCCCCCNC[C@H]1CCc2ccc(O)cc2O1.O=C(O)C(=O)O,7.72
D3,CHEMBL3318851,O=C(CCc1cn(CCOCCOCCOCCOCCn2cc(CCC(=O)OC3(c4ccc(Cl)cc4)CCN(CCCC(=O)c4ccc(F)cc4)CC3)nn2)nn1)OC1(c2ccc(Cl)cc2)CCN(CCCC(=O)c2ccc(F)cc2)CC1,7.72
D3,CHEMBL3642771,CCCCC(=O)N[C@H]1CC[C@H](CCN2CCN(c3nccc4c3CCO4)CC2)CC1,7.72
D3,CHEMBL3798943,Cc1ccccc1N1CCN(CCCNC(=O)Oc2cccc3ccccc23)CC1.Cl,7.72
D3,CHEMBL4224763,CCCCCCCCN1CCC(c2cccc(O)c2)C1,7.72
D3,CHEMBL4540218,Cc1cc(C(N)=O)c(-c2cccc(OC(=O)NCCCN3CCN(c4ccccc4)CC3)c2)o1,7.72
D3,CHEMBL4871669,CCc1cc(Cl)c(OC)c(C(=O)NCC2CCN(CC)C2)c1O,7.72
D3,CHEMBL1764,COc1ccc2c(c1)N(C[C@H](C)CN(C)C)c1ccccc1S2,7.72
D3,CHEMBL5914038,CC(C)(C)c1nc(N2CCN(CCCCNC(=O)N3CCN(c4ccnc5cc(Cl)ccc45)CC3)CC2)cc(C(F)(F)F)n1,7.72
D3,CHEMBL6012726,CC(C)(C)c1nc(N2CCN(CCCCNC(=O)N3CCN(c4ccccc4)C(=O)C3)CC2)cc(C(F)(F)F)n1,7.72
D3,CHEMBL64283,c1ccc(CNCCOc2cccc3[nH]ccc23)cc1,7.71
D3,CHEMBL309336,Cc1ccsc1C(=O)N[C@H]1CC[C@H](CCN2CCN(c3cccc(Cl)c3Cl)CC2)CC1,7.71
D3,CHEMBL126342,COc1ccccc1N1CCN(CCCCNC(=O)/C=C/c2cccc(Oc3ccccc3)c2)CC1.O=C(O)C(=O)O,7.71
D3,CHEMBL340851,COc1ccccc1N1CCN(CCCCNC(=O)/C=C/c2ccc(OCc3ccccc3)cc2)CC1,7.71
D3,CHEMBL134343,O=C(O)C(=O)O.Oc1cc2c(cc1Cl)CC[C@@H](CNCc1ccccc1)O2,7.71
D3,CHEMBL199859,COc1ccccc1N1CCN(CCCCNC(=O)c2cc(-c3ccco3)[nH]n2)CC1,7.71
D3,CHEMBL449250,CCCN1CCOC2c3cc(C(N)=O)ccc3CCC21,7.71
D3,CHEMBL1689011,O=C(NC/C=C/CN1CCN(c2ccccc2OCCF)CC1)c1ccc(OCCOCCF)cc1.O=C(O)C(=O)O,7.71
D3,CHEMBL3642714,O=C(CC1COCCO1)N[C@H]1CC[C@H](CCN2CCN(c3nccc4c3CCO4)CC2)CC1,7.71
D3,CHEMBL3642765,O=C(C[C@@H](O)C(F)(F)F)N[C@H]1CC[C@H](CCN2CCN(c3nccc4c3CCO4)CC2)CC1,7.71
D3,CHEMBL3642767,CO[C@H]1CC[C@H](CC(=O)N[C@H]2CC[C@H](CCN3CCN(c4nccc5c4CCO5)CC3)CC2)C1,7.71
D3,CHEMBL3642803,Cc1nc(-c2cccc(C(=O)N[C@H]3CC[C@H](CCN4CCN(c5nccc6c5CCO6)CC4)CC3)c2)no1,7.71
D3,CHEMBL3642789,COC(CC(=O)N[C@H]1CC[C@H](CCN2CCN(c3nccc4c3CCO4)CC2)CC1)OC,7.71
D3,CHEMBL3800633,CN(CCCCNC(=O)c1cc2ccccc2o1)[C@@H]1Cc2cccc3[nH]c(=O)n(c23)C1,7.71
D3,CHEMBL3986708,O=C(N[C@H]1CC[C@H](CCN2CCC(c3noc4cc(F)ccc34)CC2)CC1)c1cnc(N2CCOCC2)cn1,7.71
D3,CHEMBL4062553,COc1ccccc1N1CCC2(CCN(CCCSc3nnc(-c4ccccc4)n3C)CC2)C1,7.71
D3,CHEMBL4294744,O=C1c2ccccc2C(=O)N1CCCCN1CCN(c2cccc(F)c2F)CC1,7.71
D3,CHEMBL5273118,CN(CC[C@@H]1CC[C@H](CNC(=O)c2cc3ccccc3[nH]2)C1)[C@@H]1Cc2cccc3[nH]c(=O)n(c23)C1,7.71
D3,CHEMBL1088,CN1CCCCC1CCN1c2ccccc2Sc2ccc([S+](C)[O-])cc21,7.71
D3,CHEMBL5946159,CC(C)(C)c1nc(N2CCN(CCCCNC(=O)N3CCN(c4cccc(Cl)c4)CC3)CC2)cc(C(F)(F)F)n1,7.71
D3,CHEMBL5997193,CC(C)(C)c1nc(N2CCN(CCCCNC(=O)N3CCN(c4ccc(C(F)(F)F)cc4)CC3)CC2)cc(C(F)(F)F)n1,7.71
D3,CHEMBL5780742,CC(C)(C)c1nc(N2CCN(CCCCNC(=O)N3CCN(c4ccc(C#N)cc4)CC3)CC2)cc(C(F)(F)F)n1,7.71
D3,CHEMBL2113358,Cc1cc(C(=O)N[C@H]2CC[C@H](CCN3CCc4ccc(OS(C)(=O)=O)cc4CC3)CC2)c2ccccc2n1.Cl,7.7
D3,CHEMBL108463,C(#Cc1cccnc1)CCN1CC=C(c2ccccc2)CC1,7.7
D3,CHEMBL129839,CCCN(CCC)[C@@H]1CCc2c(ccc(C(O)Cc3ccc(Cl)c(Cl)c3)c2OC)C1,7.7
D3,CHEMBL132930,CCCN(CCC)[C@@H]1CCc2c(ccc(CCc3ccccc3)c2OC)C1,7.7
D3,CHEMBL554897,COc1ccc(-c2cc(CCCCN3CCN(c4ccccc4F)CC3)on2)cc1OC.Cl,7.7
D3,CHEMBL542571,COc1ccc(-c2cc(CCCCN3CCN(C(c4ccccc4)c4ccccc4)CC3)on2)cc1OC.Cl,7.7
D3,CHEMBL715,Cc1cc2c(s1)Nc1ccccc1N=C2N1CCN(C)CC1,7.7
D3,CHEMBL143352,COc1ccccc1N1CCN(CCCCNC(=O)c2cccn3nccc23)CC1,7.7
D3,CHEMBL413275,CC(=O)Nc1ccc(CN2C[C@H]3COc4ccc(C#N)cc4[C@@H]3C2)cc1,7.7
D3,CHEMBL322802,COc1cc(N)c(Cl)cc1C(=O)N[C@H]1CCN(Cc2ccccc2)C[C@@H]1C,7.7
D3,CHEMBL20395,CCS(=O)(=O)c1ccc(OC)c(-c2ccc(CN3CCCCCCC3c3ccccc3)[nH]2)c1,7.7
D3,CHEMBL22022,CCS(=O)(=O)c1ccc(OC)c(-c2ccc(C(C)N3CCCCCC3)[nH]2)c1,7.7
D3,CHEMBL282287,CCS(=O)(=O)c1ccc(OC)c(-c2ccc(C(C)N3CCCC3)[nH]2)c1,7.7
D3,CHEMBL168663,COc1c(C(=O)NCCN2CC=C(c3ccccc3)CC2)cc(Br)c2ccccc12,7.7
D3,CHEMBL86402,N#Cc1ccc2c(c1)CCN(CC[C@H]1CC[C@H](NC(=O)c3ccc4ccccc4c3)CC1)CC2,7.7
D3,CHEMBL85711,N#Cc1ccc2c(c1)CCN(CC[C@H]1CC[C@H](NC(=O)c3cccc4ccccc34)CC1)CC2,7.7
D3,CHEMBL395501,CCCCc1ccc(S(=O)(=O)Nc2ccc3c(c2)CN(C)C3)cc1,7.7
D3,CHEMBL390181,COc1ccc(C2=NO[C@@H](CCCN3CCN(C(c4ccc(F)cc4)c4ccc(F)cc4)CC3)C2)cc1OC,7.7
D3,CHEMBL246439,Cc1[nH]c2ccccc2c1CN1CCC(O)(c2ccc(Cl)cc2)CC1,7.7
D3,CHEMBL256659,Cc1ncoc1-c1nnc(SCCCN2CCc3ccc4nc(C(F)(F)F)oc4c3CC2)n1C,7.7
D3,CHEMBL257946,Cc1ccc2c(-c3nnc(SCCCN4CCc5cc6onc(C)c6cc5CC4)n3C)cccc2n1,7.7
D3,CHEMBL256474,Cc1ncoc1-c1nnc(SCCCN2CCc3cc4nc(C(C)(F)F)oc4cc3CC2)n1C,7.7
D3,CHEMBL257369,Cc1ccc2c(-c3nnc(SCCCCN4CCc5cc6nc(C(F)(F)F)oc6c(Br)c5CC4)n3C)cccc2n1,7.7
D3,CHEMBL271632,Cc1ccc2c(-c3nnc(SCCCN4CCc5cc6nc(C)sc6cc5CC4)n3C)cccc2n1,7.7
D3,CHEMBL514562,COc1cccc(N2CCN(CCCCNC(=O)c3ccc(-n4ccnc4)cc3)CC2)c1,7.7
D3,CHEMBL562983,O=C1N(CCN2Cc3ccccc3C2)CCN1c1ccc(F)c(Cl)c1,7.7
D3,CHEMBL551927,C[C@@]12CC(c3ccccc3)C[C@@H](C1)N(CCN1CCN(c3cccc(Cl)c3)C1=O)C2,7.7
D3,CHEMBL560270,Cc1cccc(N2CCN(CCN(C)C[C@]34CC[C@H](CC3)C4(C)C)C2=O)c1,7.7
D3,CHEMBL1078208,CC(C)Oc1ccc(S(=O)(=O)Nc2ccc3c(c2)CCN(Cc2cc[nH]n2)CC3)cc1,7.7
D3,CHEMBL1684128,CCCN1CCc2cccc3c2C1Cc1cccc(OCCCCN2CCN(c4ccccc4OC)CC2)c1-3,7.7
D3,CHEMBL2336892,c1ccc(N2CCN(Cc3cnn(-c4cc5ccc4CCc4ccc(cc4)CC5)c3)CC2)cc1,7.7
D3,CHEMBL3287398,O=Cc1cnn2cccc(OCCCCN3CCN(c4cccc(Cl)c4Cl)CC3)c12,7.7
D3,CHEMBL3322998,O=C(NCCCCN1CCN(c2ccnc3ccccc23)CC1)c1cn2ccccc2n1,7.7
D3,CHEMBL3344459,COc1cc2c(cc1O)[C@@H]1Cc3sc(CC(C)C)cc3CN1CC2,7.7
D3,CHEMBL3642772,O=C(CCC(F)(F)F)N[C@H]1CC[C@H](CCN2CCN(c3nccc4c3CCO4)CC2)CC1,7.7
D3,CHEMBL3664852,O=C(N[C@H]1CC[C@H](CCN2CCC(c3cccc4c3OCO4)CC2)CC1)[C@@H](O)C(F)(F)F,7.7
D3,CHEMBL3642766,CC[C@H](O)CC(=O)N[C@H]1CC[C@H](CCN2CCN(c3nccc4c3CCO4)CC2)CC1,7.7
D3,CHEMBL3642684,O=C(CCO)N[C@H]1CC[C@H](CCN2CCN(c3nccc4occc34)CC2)CC1,7.7
D3,CHEMBL3695419,O=C(CC1CCOCC1)N[C@H]1CC[C@H](CCN2CCC(c3ccc(F)c4occc34)CC2)CC1,7.7
D3,CHEMBL3698015,CO[C@H](C(=O)N[C@H]1CC[C@H](CCN2CCN(c3cccc4c3OCO4)CC2)CC1)C(C)C,7.7
D3,CHEMBL3664880,CN1CCN(CC(=O)N[C@H]2CC[C@H](CCN3CCC(c4cccc5c4OCO5)CC3)CC2)CC1,7.7
D3,CHEMBL3764245,Cn1c(SCCCN2CCOC(c3ccc(C(F)(F)F)cc3)C2)nnc1C1CCCCC1,7.7
D3,CHEMBL3765267,CC(=O)c1ccc(-c2nnc(SCCCN3CCOC(c4ccc(C(F)(F)F)cc4)C3)n2C)cc1,7.7
D3,CHEMBL3945775,Cc1ncoc1-c1nnc(SCCCN2CC[C@@]3(C[C@@H]3c3ccc(F)cc3F)C2)n1C,7.7
D3,CHEMBL3954490,Cc1ncoc1-c1nnc(SCC(O)CN2CC[C@@]3(C[C@H]3c3ccc(C(F)(F)F)cc3)C2)n1C,7.7
D3,CHEMBL3956612,Cn1c(SCCCN2CC[C@]3(C[C@H]3c3ccc(C(F)(F)F)cc3)C2)nnc1-c1cccnc1,7.7
D3,CHEMBL4112661,CO[C@@H]1CC[C@@H](CC(=O)N[C@H]2CC[C@H](CCN3CCC(c4noc5cc(F)c(F)cc45)CC3)CC2)C1,7.7
D3,CHEMBL3896520,O=C(CO)N[C@H]1CC[C@H](CCN2CCC(c3noc4cc(F)c(F)cc34)CC2)CC1,7.7
D3,CHEMBL4106986,O=C(C[C@@H]1CC[C@@H](O)C1)N[C@H]1CC[C@H](CCN2CCC(c3noc4cc(F)c(F)cc34)CC2)CC1,7.7
D3,CHEMBL4065510,NC(=O)c1cccc(-c2ccc(OC(=O)NC/C=C/CN3CCN(c4cccc(Cl)c4Cl)CC3)cc2)c1,7.7
D3,CHEMBL4080762,COc1ccccc1N1CCN(CCCCOc2ccn3nccc3c2)CC1,7.7
D3,CHEMBL4577206,COc1ccc(N2CCN(CCCCNC(=O)c3ccc(-c4ccsc4)cc3)CC2)cc1,7.7
D3,CHEMBL4877715,COc1ccc2c(c1)[C@H]1OCCN(CCCCNC(=O)c3cccc4ccccc34)[C@@H]1CO2,7.7
D3,CHEMBL4864969,COc1ccc2c(c1)[C@H]1OCCN(CCCCNC(=O)c3ccc4ccccc4c3)[C@@H]1CO2,7.7
D3,CHEMBL5418819,CN(C)C(=O)C(CCN1CCC(CCN2CCN(c3cccc(Cl)c3Cl)CC2)C1)(c1ccccc1)c1ccccc1,7.7
D3,CHEMBL5917496,Cn1c(SCCCN2C[C@H]3CCN(c4ccc(C(F)(F)F)cc4)[C@H]3C2)nnc1[C@@H]1COCCO1,7.7
D3,CHEMBL277301,COc1ccccc1N1CCN(CCCCNC(=O)[C@H]2CC[C@@H](c3ccccc3)CC2)CC1,7.69
D3,CHEMBL1774383,COc1ccccc1N1CCN(CC(F)CCNC(=O)c2ccc(-c3ccccn3)cc2)CC1,7.69
D3,CHEMBL3642804,O=C(N[C@H]1CC[C@H](CCN2CCN(c3nccc4c3CCO4)CC2)CC1)c1ccc2ncccc2c1,7.69
D3,CHEMBL3798010,O=C(NCCCCN1CCN(c2cccc(Cl)c2Cl)CC1)OC1CCCc2ccccc21,7.69
D3,CHEMBL4573578,CCCN(CCC/C=C/c1ccc(O)c(OC)c1)[C@H]1CCc2nc(N)sc2C1,7.69
D3,CHEMBL4864366,CCc1cc(Cl)c(OC)c(C(=O)NC[C@@H]2CCCN2CCCc2ccccc2)c1O,7.69
D3,CHEMBL422,CN1CCN(CCCN2c3ccccc3Sc3ccc(C(F)(F)F)cc32)CC1,7.69
D3,CHEMBL5752263,Cn1c(CCCCN2C[C@@H]3CCN(c4ccc(C(F)(F)F)cc4)[C@@H]3C2)nnc1C1CCOCC1,7.69
D3,CHEMBL428705,COc1cc(NC(=O)C2CC2)c(Cl)cc1C(=O)NC1CCN(Cc2ccccc2)C1,7.68
D3,CHEMBL1684023,CCCN1CCc2cccc3c2C1Cc1cccc(OCc2cn(CCCN4CCN(c5ccccc5OC)CC4)nn2)c1-3,7.68
D3,CHEMBL3353908,COc1ccccc1N1CCN(CCCCCc2cn(-c3ccccc3OC)nn2)CC1,7.68
D3,CHEMBL3818935,O=C1NCN(c2ccccc2)C12CCN(CCCCc1nc3ccccc3o1)CC2,7.68
D3,CHEMBL3934933,O=C(C[C@H]1CC[C@H](O)CC1)N[C@H]1CC[C@H](CCN2CCC(c3noc4cc(F)c(F)cc34)CC2)CC1,7.68
D3,CHEMBL4459784,COc1cc(F)ccc1N1CCC2(CCN(CCCSc3nnc(-c4ccccc4)n3C)CC2)CC1,7.68
D3,CHEMBL4580817,CCCN(CCCCNC(=O)c1ccc2ccccc2c1)C[C@H]1C[C@@H]1c1cccc(Cl)c1Cl.Cl,7.68
D3,CHEMBL4744811,C[C@H]1CO[C@@H](c2ccc(N)nc2)CN1CC[C@H]1CC[C@H](NC(=O)c2cc3ccccc3[nH]2)CC1,7.68
D3,CHEMBL2110775,NC(=O)C1(N2CCCCC2)CCN(CCCN2c3ccccc3CCc3ccccc32)CC1,7.68
D3,CHEMBL5826229,Cn1c(SCCCN2C[C@H]3CCN(c4cccnc4)[C@H]3C2)nnc1C1CCCCC1,7.68
D3,CHEMBL199836,COc1ccc2onc(N3CCN(CCCCNC(=O)c4cc(-c5ccco5)[nH]n4)CC3)c2c1,7.67
D3,CHEMBL3084510,COc1ccc2[nH]cc(CN3[C@@H]4CC[C@H]3C[C@](O)(c3ccc(Cl)cc3)C4)c2c1,7.67
D3,CHEMBL3642764,CC(C)(O)CC(=O)N[C@H]1CC[C@H](CCN2CCN(c3nccc4c3CCO4)CC2)CC1,7.67
D3,CHEMBL3697975,CO[C@H](C)C(=O)N[C@H]1CC[C@H](CCN2CCN(c3cccc4c3OCO4)CC2)CC1,7.67
D3,CHEMBL3664885,O=C(N[C@H]1CC[C@H](CCN2CCC(c3cccc4c3OCO4)CC2)CC1)C(F)(F)F,7.67
D3,CHEMBL3642780,CC(=O)N[C@H]1CC[C@H](CCN2CCN(c3ncc(C)c4occc34)CC2)CC1,7.67
D3,CHEMBL3908862,Cc1ncoc1-c1nnc(SCCCCN2CC[C@]3(C[C@@H]3c3ccc(C(F)(F)F)cc3)C2)n1C,7.67
D3,CHEMBL5177462,O=C(O)C(=O)O.O=C1CCc2ccccc2N1CCCN1CCN(c2cccc(Cl)c2Cl)CC1,7.67
D3,CHEMBL5817276,CC(C)(C)c1nc(N2CCN(CCCCNC(=O)N3CCN(c4ccccc4Cl)CC3)CC2)cc(C(F)(F)F)n1,7.67
D3,CHEMBL6023282,CC(C)(C)c1nc(N2CCN(CCCCNC(=O)N3CCC(c4ccc(Cl)cc4)CC3)CC2)cc(C(F)(F)F)n1,7.67
D3,CHEMBL327263,CCCN1CCCC2c3cccc(OS(=O)(=O)C(F)(F)F)c3CCC21,7.66
D3,CHEMBL77411,O=C(N[C@H]1CC[C@H](CCN2CCN(c3cccc(Cl)c3Cl)CC2)CC1)C12CC3CC(CC(C3)C1)C2,7.66
D3,CHEMBL391257,COc1ccccc1N1CCN(CCCCNC(=O)c2cccc(C#Cc3ccccc3)c2)CC1,7.66
D3,CHEMBL397592,C=CCN1CCC[C@H]1CNC(=O)c1cc(Br)ccc1OC,7.66
D3,CHEMBL515535,O=C(NCCCCN1CCN(c2ccccc2OCCF)CC1)c1ccc2nonc2c1,7.66
D3,CHEMBL2413153,Cn1c(=O)cnn(CCCCN2CCN(c3ccccc3OCCF)CC2)c1=O,7.66
D3,CHEMBL3115578,O=C(O)C(=O)O.Oc1ccc2c(c1)O[C@@H](CNCCN1CCN(c3ccc(I)cc3)CC1)CC2,7.66
D3,CHEMBL3265064,CCCN(CC[C@]1(O)C[C@@H](NC(=O)c2ccc3ccccc3c2)C1)[C@H]1C[C@@H]1c1ccccc1Cl,7.66
D3,CHEMBL3695396,O=C(N[C@H]1CC[C@H](CCN2CCC(c3cccc4c3CCO4)CC2)CC1)C(F)(F)F,7.66
D3,CHEMBL3642691,O=C(N[C@H]1CC[C@H](CCN2CCN(c3nccc4occc34)CC2)CC1)C1CC1,7.66
D3,CHEMBL3642726,CCS(=O)(=O)N[C@H]1CC[C@H](CCN2CCN(c3nccc4c3CCO4)CC2)CC1,7.66
D3,CHEMBL3642797,O=C(N[C@H]1CC[C@H](CCN2CCN(c3nccc4c3CCO4)CC2)CC1)c1ccc2c(c1)OCO2,7.66
D3,CHEMBL3800165,CCCN[C@@H]1Cc2cccc3c2n(c(=O)n3CCC)C1,7.66
D3,CHEMBL26181,CCCN(CCC)[C@@H]1Cc2cccc3nc(O)n(c23)C1,7.66
D3,CHEMBL3799147,Cc1ccccc1N1CCN(CCCCNC(=O)Oc2cccc3ccccc23)CC1.Cl,7.66
D3,CHEMBL4279136,COc1cc2c(cc1O)CN(CCCCNC(=O)c1ccnc3ccccc13)CC2,7.66
D3,CHEMBL4438630,Cc1cccc(N2CCN(CCCCNC(=O)c3ccc(-c4ccsc4)cc3)CC2)c1,7.66
D3,CHEMBL5286161,CN(C[C@H]1C[C@@H]1CCNC(=O)c1cc2ccccc2[nH]1)[C@@H]1Cc2cccc3[nH]c(=O)n(c23)C1,7.66
D3,CHEMBL5415335,COc1ccccc1N1CCN(CCCNC(=O)Nc2ccc(-c3ccccc3)cc2)CC1,7.66
D3,CHEMBL5415691,CCC1(CC)CC(OCCCN2CCN(c3cccc(Cl)c3Cl)CC2)(c2ccccn2)CCO1,7.66
D3,CHEMBL5750884,Cn1c(SCCCN2CC3CCN(c4c(F)cccc4F)C3C2)nnc1-c1cc[nH]c(=O)c1,7.66
D3,CHEMBL199329,COc1ccc2onc(N3CCN(CCCCNC(=O)c4ccc(-n5ccnc5)cc4)CC3)c2c1,7.65
D3,CHEMBL203260,C[C@@H](CCCN1C(=O)CCc2ccccc21)N1CCN(c2cc(C(F)(F)F)nc(C(C)(C)C)n2)CC1,7.65
D3,CHEMBL252342,CCCN(CCN1CCN(c2ccccc2)CC1)C1CCc2ccc(N)cc2C1,7.65
D3,CHEMBL3353894,COc1ccccc1N1CCN(CCCc2cn(-c3ccccc3)nn2)CC1,7.65
D3,CHEMBL3695441,CC(C)(C)Oc1ccc(C(=O)N[C@H]2CC[C@H](CCN3CCC(c4cccc5c4CCO5)CC3)CC2)cc1,7.65
D3,CHEMBL3953365,Cc1ncoc1-c1nnc(SCCN2CC[C@@]3(C[C@@H]3c3ccc(C(F)(F)F)cc3)C2)n1C,7.65
D3,CHEMBL4440301,CCCCN1CCN(c2cc(CC)cc(Cl)c2OC)CC1,7.65
D3,CHEMBL5171776,Cc1cc(C)n2c1C=[N+]1[N+](=C3C=CC=C(NCCCCN4CCN(c5cccc(Cl)c5Cl)CC4)N3[B-]1(F)F)[B-]2(F)F,7.65
D3,CHEMBL5280481,C[C@H]1CO[C@@H](c2ccc(N)nc2)CN1CC[C@@H]1CC[C@@H](CNC(=O)c2cc3ccccc3[nH]2)C1,7.65
D3,CHEMBL544220,COc1ccccc1N1CCN(CCCCc2cc(-c3ccc(F)cc3)no2)CC1.Cl,7.64
D3,CHEMBL163087,CCCN(CCC)C1CC=C(C#C[Si](C)(C)C)CC1,7.64
D3,CHEMBL93868,CN(C)CCc1cn(S(=O)(=O)c2ccccc2)c2ccccc12,7.64
D3,CHEMBL611207,CN1CCCC[C@@H]1CCN1c2ccccc2Sc2ccc([S+](C)[O-])cc21,7.64
D3,CHEMBL189486,CCCN(CCC)[C@H]1CCn2c(ccc2C(=O)C(F)(F)F)C1,7.64
D3,CHEMBL361228,O=C(NCCCCN1CCN(c2cccc(Cl)c2Cl)CC1)[C@H]1CC[C@H](c2ccccc2)CC1,7.64
D3,CHEMBL391120,COc1ccccc1C(c1ccccc1OC)N1CCN(CCCCNC(=O)c2cc3ccccc3s2)CC1,7.64
D3,CHEMBL1673003,CN1C[C@H](C(=O)N[C@@H](Cc2ccc([N+](=O)[O-])cc2)C(=O)N[C@@H](Cc2ccc(F)cc2)C(=O)N2CCCC(C(=O)NCCCCCC(=O)NCCCC[C@H](NC(=O)CCCC[C@H]3SC[C@H]4NC(=O)N[C@H]43)C(N)=O)C2)C=C2c3cccc4[nH]cc(c34)C[C@H]21,7.64
D3,CHEMBL2397380,Cc1ccc2c3c1-c1c(ccc(O)c1O)C[C@H]3N(C)CC2.Cl,7.64
D3,CHEMBL2430443,COc1ccccc1N1CCN(CCCCn2cc(-c3ccccc3)nn2)CC1,7.64
D3,CHEMBL3642770,CC(C)CCC(=O)N[C@H]1CC[C@H](CCN2CCN(c3nccc4c3CCO4)CC2)CC1,7.64
D3,CHEMBL3695367,COCC(=O)N[C@H]1CC[C@H](CCN2CCC(c3cccc4c3CCO4)CC2)CC1,7.64
D3,CHEMBL3695360,O=C(N[C@H]1CC[C@H](CCN2CCC(c3cccc4c3CCO4)CC2)CC1)C1CCOCC1,7.64
D3,CHEMBL4785109,O=C(NC/C=C/CN1CCN(c2ccccc2)CC1)Oc1ccc(-c2ccccc2)cc1,7.64
D3,CHEMBL294199,COc1cc(CNC(=O)CCCC/C=C/C(C)C)ccc1O,7.64
D3,CHEMBL5436809,COc1ccccc1N1CCN(CCCNC(=O)Nc2ccccc2-c2cccc(F)c2)CC1,7.64
D3,CHEMBL5749383,Cc1ccc(N2CCN(C(=O)NCCCCN3CCN(c4cc(C(F)(F)F)nc(C(C)(C)C)n4)CC3)CC2)cc1,7.64
D3,CHEMBL6008191,CC(C)(C)c1nc(N2CCN(CCCCNC(=O)N3CCc4ccccc4C3)CC2)cc(C(F)(F)F)n1,7.64
D3,CHEMBL5955326,Cn1c(CCCCN2CC3CCN(c4ccc(C(F)(F)F)cc4)C3C2)nnc1C1CCOCC1,7.64
D3,CHEMBL125580,COc1ccccc1N1CCN(CCCCN2C(=O)c3cc4ccccc4cc3C2=O)CC1,7.63
D3,CHEMBL1684135,CCCN1CCc2cccc3c2[C@H]1Cc1cccc(OCCCCN2CCN(c4ccccc4OC)CC2)c1-3,7.63
D3,CHEMBL487387,COc1cc2c(cc1O)[C@@H]1Cc3ccc(O)c(OC)c3CN1CC2,7.63
D3,CHEMBL3664889,O=C(Nc1ccc(Cl)cc1)N[C@H]1CC[C@H](CCN2CCC(c3cccc4c3OCO4)CC2)CC1,7.63
D3,CHEMBL3642706,O=C(N[C@H]1CC[C@H](CCN2CCN(c3nccc4occc34)CC2)CC1)c1ccnc2ccccc12,7.63
D3,CHEMBL4105681,O=C(NCC[C@H](O)CN1CCN(c2cccc(Cl)c2Cl)CC1)c1cnc2ccccc2c1,7.63
D3,CHEMBL4079637,N#Cc1ccc2c(c1)CN(CC[C@@H]1C[C@H]1CNC(=O)c1cc3cccnc3[nH]1)CC2,7.63
D3,CHEMBL4561808,CCN(CCCCNC(=O)c1cc2ccccc2[nH]1)CC1CC1c1cc(F)ccc1OC.Cl,7.63
D3,CHEMBL4541924,CCN(CCCCNC(=O)c1ccc2ccccc2c1)CC1CC1c1cc(Cl)ccc1OC.Cl,7.63
D3,CHEMBL4470439,CCCN(CCCCNC(=O)c1ccc(-c2ccccn2)cc1)CC1CC1c1ccc(C(F)(F)F)cc1.Cl,7.63
D3,CHEMBL4465596,CCc1cc2c(cc1N1CCN(CC(O)CCNC(=O)c3cc4ccccc4o3)CC1)OCO2,7.63
D3,CHEMBL4865907,CN1CCN(Cc2ccc(OCCCN3CCC(c4noc5cc(F)ccc45)CC3)cc2)CC1,7.63
D3,CHEMBL4878577,O=C(NCCCCN1CCO[C@@H]2c3ccccc3OC[C@H]21)c1cccc(Cl)c1,7.63
D3,CHEMBL5815880,Cn1c(SCCCN2C[C@H]3CCN(c4ccc(F)cc4)[C@H]3C2)nnc1-c1cc[nH]c(=O)c1,7.63
D3,CHEMBL5783925,CCc1cc2c(cc1N1CCN(CC(O)CCCC(=O)c3cc4ccccc4o3)CC1)OCO2,7.63
D3,CHEMBL68860,O=C(NCCCN1CCN(c2cccc(Cl)c2Cl)CC1)C1c2ccccc2-c2ccccc21,7.62
D3,CHEMBL30208,COc1c(C(=O)NCCN2CCN(c3ccccc3)CC2)cc(Br)c2ccccc12,7.62
D3,CHEMBL29436,COc1c(C(=O)NCCN2CCN(c3ccccc3[N+](=O)[O-])CC2)cc(Br)c2ccccc12,7.62
D3,CHEMBL108531,Nc1ccc(C#CCCN2CC=C(c3ccccc3)CC2)cc1,7.62
D3,CHEMBL557409,COc1ccc(-c2cc(CCCCN3CCN(c4ccccc4)CC3)on2)cc1OC.Cl,7.62
D3,CHEMBL65847,CCCN(Cc1ccccc1)[C@@H]1CCc2c(F)cccc2C1,7.62
D3,CHEMBL76908,Cc1ccc(C(=O)N[C@H]2CC[C@H](CCN3CCN(c4cccc(Cl)c4Cl)CC3)CC2)s1,7.62
D3,CHEMBL165047,CN(c1ncccn1)[C@H]1CC[C@H](CCN2CCN(c3ccccc3)CC2)CC1,7.62
D3,CHEMBL179557,CN1CCN(C2=Cc3cc(Cl)ccc3Cn3cccc32)CC1,7.62
D3,CHEMBL203302,COc1ccccc1N1CCN(CCCCNC(=O)c2ccc(N3CCOCC3)cc2)CC1,7.62
D3,CHEMBL254199,Oc1ccc2c(c1)CC(N(CCc1cccs1)CCN1CCN(c3ccccc3)CC1)CC2,7.62
D3,CHEMBL26789,CCCCN1CCN(c2ccccc2OC)CC1,7.62
D3,CHEMBL2392349,COc1ccccc1N1CCN(CCCCCN2Cc3ccc4ccccc4c3C2=O)CC1,7.62
D3,CHEMBL3115577,O=C(O)C(=O)O.Oc1ccc2c(c1)O[C@@H](CN1CCN(c3ccc(I)cc3)CC1)CC2,7.62
D3,CHEMBL3358107,Cc1cccc(N2CCN(CCCCNC(=O)c3cc4ccccc4o3)CC2)n1,7.62
D3,CHEMBL3358500,O=C(NCCCCN1CCN(c2ccc(O)cc2)CC1)c1cc2ccccc2cn1,7.62
D3,CHEMBL3642683,COCCC(=O)N[C@H]1CC[C@H](CCN2CCN(c3nccc4occc34)CC2)CC1,7.62
D3,CHEMBL3642751,O=C(N[C@H]1CC[C@H](CCN2CCN(c3nccc4c3CCO4)CC2)CC1)C1CC1(F)F,7.62
D3,CHEMBL3642742,CO[C@H]1CC[C@H](CC(=O)N[C@H]2CC[C@H](CCN3CCN(c4nccc5c4CCO5)CC3)CC2)CC1,7.62
D3,CHEMBL3642741,O=C(CC1CCCO1)N[C@H]1CC[C@H](CCN2CCN(c3nccc4c3CCO4)CC2)CC1,7.62
D3,CHEMBL3752512,CN1CCc2ccccc2Cc2sccc2CC1,7.62
D3,CHEMBL3774911,Cn1c(SCCCN2CC3CCN(c4ccc(F)cc4C(F)(F)F)C3C2)nnc1-c1cnccn1,7.62
D3,CHEMBL4076516,COc1ccccc1N1CCC2(CCN(CCCSc3nnc(-c4ccccc4)n3C)C2)C1,7.62
D3,CHEMBL4095881,O=Cc1cnn2ccc(OCCCCN3CCN(c4ccc(O)c5c4OCCO5)CC3)cc12,7.62
D3,CHEMBL4283709,COc1cc2c(cc1O)CN(CCCCNC(=O)c1ccncc1)CC2,7.62
D3,CHEMBL4475699,COc1ccc(Cl)cc1C1CC1CN(CCCSc1nnc(-c2ccccc2)n1C)CC1CC1.Cl,7.62
D3,CHEMBL4519916,CCCN1CCN(c2ccc3c(c2)CCN3S(=O)(=O)c2ccccc2)CC1,7.62
D3,CHEMBL4855891,COc1cc2c(cc1O)CN(Cc1ccccc1CNC(=O)c1ccc(I)c(OC)c1)CC2,7.62
D3,CHEMBL5411404,COc1cccc(-c2ccccc2NC(=O)NCCCN2CCN(c3ccccc3OC)CC2)c1,7.62
D3,CHEMBL5426242,COc1cccc2c3c(oc12)CN(CCCCOc1ccc2ccc(=O)[nH]c2c1)CC3,7.62
D3,CHEMBL5639786,C=CCN1C[C@H](OCc2ccc(C(F)(F)F)cc2)C[C@H]1CNC(=O)c1cc(CCCF)cc(OC)c1OC,7.62
D3,CHEMBL5747857,Cn1c(SCCCN2C[C@H]3CCN(c4ccccc4C(F)(F)F)[C@H]3C2)nnc1-c1ccncc1,7.62
D3,CHEMBL203637,CN1CCc2ccccc2Cc2ccc(O)c(Cl)c2CC1,7.61
D3,CHEMBL3642809,O=C(N[C@H]1CC[C@H](CCN2CCN(c3nccc4c3CCO4)CC2)CC1)c1ccc(-n2cccc2)cc1,7.61
D3,CHEMBL3642744,O=C(C[C@H]1COCCO1)N[C@H]1CC[C@H](CCN2CCN(c3nccc4c3CCO4)CC2)CC1,7.61
D3,CHEMBL4464971,CCc1cc(Cl)c(OC)c(N2CCN(CC(O)CCNC(=O)c3ccc4c(c3)OCO4)CC2)c1,7.61
D3,CHEMBL4867962,Cc1nc(N)sc1CCCN/C(N)=N/C(=O)N[C@@H](C)c1ccccc1,7.61
D3,CHEMBL6034023,CC(C)(C)c1nc(N2CCN(CCCCNC(=O)N3CCN(c4cccc(Cl)c4Cl)CC3)CC2)cc(C(F)(F)F)n1,7.61
D3,CHEMBL5993847,Cc1cccc(N2CCN(C(=O)NCCCCN3CCN(c4cc(C(F)(F)F)nc(C(C)(C)C)n4)CC3)CC2)c1,7.61
D3,CHEMBL160998,N#Cc1ccc2c(c1)CN(CC[C@H]1CC[C@H](NC(=O)c3cc4ccccc4[nH]3)CC1)C2,7.6
D3,CHEMBL338938,CCCN(CCC)C1CCc2cc(CN(C(N)=O)c3ccc(OC)cc3)ccc2C1,7.6
D3,CHEMBL132574,CCCN(CCC)[C@@H]1CCc2c(ccc(C(O)Cc3ccc(Cl)cc3)c2OC)[C@@H]1C,7.6
D3,CHEMBL311772,O=C(NC1CCC(CCN2CCN(c3ccccc3)CC2)CC1)c1cccs1,7.6
D3,CHEMBL292485,N#Cc1ccc2c(c1)OCC1CN(Cc3ccccc3)CC21,7.6
D3,CHEMBL53833,O=C(NCCCCN1CCc2ccccc2C1)c1ccc(-c2ccccc2)cc1,7.6
D3,CHEMBL21118,CCS(=O)(=O)c1ccc(OC)c(-c2ccc(CN3CCCCC3)[nH]2)c1,7.6
D3,CHEMBL445111,N#Cc1ccc2c(c1)CCN(CC[C@H]1CC[C@H](NC(=O)c3ccnc4ccccc34)CC1)CC2,7.6
D3,CHEMBL90897,CCCN(CCCCNC(=O)c1ccc(-c2ccccc2)cc1)C1CCc2nc(N(C)C)ncc2C1,7.6
D3,CHEMBL170976,CCCN1CCC[C@@H]2c3cc4c(cc3CC[C@H]21)CCO4,7.6
D3,CHEMBL154482,C1=C(/C=C/c2ccccc2)CCN(CCc2cc3ccc[nH]c-3n2)C1,7.6
D3,CHEMBL180319,CN1CCN(C2=Cn3cccc3Sc3sccc32)CC1,7.6
D3,CHEMBL230070,Cc1ccc(-c2ccc(S(=O)(=O)Nc3ccc4c(c3)CCN(C)CC4)cc2)s1,7.6
D3,CHEMBL231333,CCCCc1ccc(S(=O)(=O)Nc2ccc3c(c2)CN(C)CC3)cc1,7.6
D3,CHEMBL244085,Cc1cc(-c2ccc3c(c2)CCN(CCCSc2nnc(-c4ccncc4)n2C)CC3)no1,7.6
D3,CHEMBL272297,Cc1cc(-c2nc3c4c(ccc3o2)CCN(CCCSc2nnc(-c3ocnc3C)n2C)CC4)n(C)n1,7.6
D3,CHEMBL403181,CCc1noc2cc3c(cc12)CCN(CCCSc1nnc(-c2cccc4nc(C)ccc24)n1C)CC3,7.6
D3,CHEMBL256651,CCc1nc2cc3c(cc2o1)CCN(CCCSc1nnc(-c2ccc(F)c(F)c2)n1C)CC3,7.6
D3,CHEMBL439065,Cc1nc2cc3c(cc2o1)CCN(CCCSc1nnc(-c2ccc(C(F)(F)F)cc2)n1C)CC3,7.6
D3,CHEMBL255806,Cc1ccc2c(-c3nnc(SCCCN4CCc5cc6nc(C)oc6c(Br)c5CC4)n3C)cccc2n1,7.6
D3,CHEMBL269994,CCc1nc2cc3c(c(C)c2o1)CCN(CCCCSc1nnc(-c2cccc4nc(C)ccc24)n1C)CC3,7.6
D3,CHEMBL272478,Cc1ccc2c(-c3nnc(SCCCN4CCc5cc6c(cc5CC4)C(=O)N(C(C)C)C6)n3C)cccc2n1,7.6
D3,CHEMBL562833,CC1(C)[C@@H]2CC[C@]13CCN(CCN1CCN(c4cccc(Cl)c4)C1=O)C3C2,7.6
D3,CHEMBL564948,Cc1ccc(N2CCN(CCN(C)C[C@]34CC[C@H](CC3)C4(C)C)C2=O)cc1,7.6
D3,CHEMBL1083813,O=C1N(CCN2CCCCCC2)CCN1c1ccc(F)c(Cl)c1,7.6
D3,CHEMBL1204409,Cc1ncoc1-c1nnc(SCCCN2CC3CC3(c3cc(F)cc(C(F)(F)F)c3)C2)n1C.Cl,7.6
D3,CHEMBL1223598,CC(C)c1ccc(S(=O)(=O)Cc2ccc([C@]34CNC[C@H]3C4)cc2)cc1,7.6
D3,CHEMBL1223600,CC(C)c1ccc(CS(=O)(=O)c2ccc([C@]34CNC[C@H]3C4)cc2)cc1,7.6
D3,CHEMBL1223616,Clc1cccc(N2CCN(CCCCNc3ccccn3)CC2)c1Cl,7.6
D3,CHEMBL1688995,COc1ccccc1N1CCN(C/C=C/CNC(=O)c2ccc(CCF)cc2)CC1.O=C(O)C(=O)O,7.6
D3,CHEMBL3588995,OC(CCn1cc(-c2ccc3ccccc3c2)nn1)CN1CCN(c2cccc(Cl)c2Cl)CC1,7.6
D3,CHEMBL3642711,O=C(CC1CCOCC1)N[C@H]1CC[C@H](CCN2CCN(c3nccc4c3CCO4)CC2)CC1,7.6
D3,CHEMBL3642743,CN(C)S(=O)(=O)N[C@H]1CC[C@H](CCN2CCN(c3nccc4c3CCO4)CC2)CC1,7.6
D3,CHEMBL3698007,CN1CCC(C(=O)N[C@H]2CC[C@H](CCN3CCN(c4cccc5c4OCO5)CC3)CC2)CC1,7.6
D3,CHEMBL3676931,CS(=O)(=O)c1ccc(C(=O)N[C@H]2CC[C@H](CCN3CCC(c4coc5ccccc45)CC3)CC2)cc1,7.6
D3,CHEMBL3664845,CC(C)(O)C(=O)N[C@H]1CC[C@H](CCN2CCC(c3cccc4c3OCO4)CC2)CC1,7.6
D3,CHEMBL3764557,Cc1ncoc1-c1nnc(SCCCN2CCOC(c3ccc(C(F)(F)F)cc3)C2)n1C,7.6
D3,CHEMBL3797758,COc1ccccc1OCCNCCc1ccc(O)c(O)c1,7.6
D3,CHEMBL3908548,Cc1ncoc1-c1nnc(SCCCN2CC[C@]3(C[C@H]3c3ccc(F)cc3F)C2)n1C,7.6
D3,CHEMBL3950264,Cc1ncoc1-c1nnc(SCCCN2CC[C@]3(C[C@H]3c3ccc(F)cc3)C2)n1C,7.6
D3,CHEMBL3958494,Cc1ncoc1-c1nnc(SCCCN2CC[C@]3(C[C@H]3c3ccccc3)C2)n1C,7.6
D3,CHEMBL3954263,O=C(N[C@H]1CC[C@H](CCN2CCC(c3noc4cc(F)ccc34)CC2)CC1)c1ccc(N2CCOCC2)nn1,7.6
D3,CHEMBL4563944,COc1ccccc1N1CCN(CCCNC(=O)NN(Cc2ccccc2)c2ccc(F)cc2)CC1,7.6
D3,CHEMBL5434650,CCc1cc(Cl)c(OC)c(N2CCN(C[C@@H]3C[C@@H](O)CN3CCC(C(=O)N(C)C)(c3ccccc3)c3ccccc3)CC2)c1,7.6
D3,CHEMBL5951578,COc1ccccc1N1CCN(C(=O)NCCCCN2CCN(c3cc(C(F)(F)F)nc(C(C)(C)C)n3)CC2)CC1,7.6
D3,CHEMBL5953011,CC(C)(C)c1nc(N2CCN(CCCCNC(=O)N3CCN(c4ccc(-c5ccccc5)cc4)CC3)CC2)cc(C(F)(F)F)n1,7.6
D3,CHEMBL5796826,O=C(N[C@H]1CC[C@H](CCN2CCc3nc(OCC(F)F)ncc3C2)CC1)c1cccc2ncccc12,7.6
D3,CHEMBL201698,COc1ccccc1N1CCN(CCCCNC(=O)c2cc3cccc(OC)c3o2)CC1,7.59
D3,CHEMBL441618,CN1CCc2ccccc2Cc2[nH]c3ccccc3c2CC1,7.59
D3,CHEMBL3353907,COc1ccccc1N1CCN(CCCCc2cn(-c3ccccc3OC)nn2)CC1,7.59
D3,CHEMBL3642817,O=C(CC1(O)CCC1)N[C@H]1CC[C@H](CCN2CCN(c3nccc4c3CCO4)CC2)CC1,7.59
D3,CHEMBL3642753,CCC(C)C(=O)N[C@H]1CC[C@H](CCN2CCN(c3nccc4c3CCO4)CC2)CC1,7.59
D3,CHEMBL3798841,COc1ccc(OC(=O)NCCCCN2CCN(c3cccc(Cl)c3Cl)CC2)c2ccccc12.Cl,7.59
D3,CHEMBL4073927,Cn1c(SCCCN2CCC3(CC2)CCN(c2ccc(F)cc2)CC3)nnc1-c1ccccc1,7.59
D3,CHEMBL4572887,Nc1nc2c(s1)CCN(CCCCN1CCN(c3cccc(Cl)c3Cl)CC1)CC2,7.59
D3,CHEMBL4549664,COc1ccccc1N1CCC2(CCN(CCCSc3nnc(-c4ccc(-c5ncco5)cc4)n3C)CC2)CC1,7.59
D3,CHEMBL4534961,COc1ccccc1N1CCC2(CCN(CCCSc3nnc(-c4ccccc4F)n3C)CC2)CC1,7.59
D3,CHEMBL4472900,CCCN(CCCCNC(=O)c1cc2ccccc2[nH]1)CC1CC1c1ccc(Cl)cc1.Cl,7.59
D3,CHEMBL4470786,Cc1cccc2cc(C(=O)N3CCN(CCOc4cccnc4)CC3)[nH]c12,7.59
D3,CHEMBL27441,CCCN[C@@H]1CCc2c(OC)cccc2[C@@H]1C,7.58
D3,CHEMBL355371,c1ccc(N2CCN(CC[C@H]3CC[C@H](Nc4ncccn4)CC3)CC2)nc1,7.58
D3,CHEMBL315560,CCN(CC)CCCOc1ccc(-c2nc3ccccc3n2C/C=C/Cn2c(-c3ccc(OC)cc3)nc3ccccc32)cc1,7.58
D3,CHEMBL3353903,COc1ccccc1N1CCN(CCCc2cn(-c3ccc(F)cc3)nn2)CC1,7.58
D3,CHEMBL3905196,Cc1ncoc1-c1nnc(SCCCN2CC[C@]3(C[C@@H]3c3ccccc3C(F)(F)F)C2)n1C,7.58
D3,CHEMBL4568916,CCCN(CCCCNC(=O)c1ccc(-c2ccccn2)cc1)CC1CC1c1cccc(Cl)c1.Cl,7.58
D3,CHEMBL4536834,CCCN1CCC(c2ccc3c(c2)N(S(=O)(=O)c2ccccc2)CC3)CC1,7.58
D3,CHEMBL4574793,O=C(CCCN1CCCN(c2ccc(Cl)cn2)CC1)c1ccc(F)cc1,7.58
D3,CHEMBL4877460,COc1cc2c(cc1O)CN(Cc1ccccc1CNC(=O)c1cccc(C#N)c1)CC2,7.58
D3,CHEMBL4853993,COc1ccc2c(c1)[C@H]1OCCN(CCCCNC(=O)c3cccc(Cl)c3)[C@@H]1CO2,7.58
D3,CHEMBL5073754,CN(C)C(=O)C(CCNCCCCN1CCN(c2cccc(Cl)c2Cl)CC1)(c1ccccc1)c1ccccc1,7.58
D3,CHEMBL5410716,CCCCCCOc1cc2c(cc1O)[C@@H]1Cc3ccc(O)c(OC)c3CN1CC2,7.58
D3,CHEMBL5431474,COc1ccccc1N1CCN(CCCNC(=O)Nc2cccc(-c3ccccc3)c2)CC1,7.58
D3,CHEMBL6035293,Cn1c(SCCCN2C[C@@H]3CCN(c4ccc(C(F)(F)F)cc4)[C@@H]3C2)nnc1[C@H]1COCCO1,7.58
D3,CHEMBL6024625,Cn1c(SCCCN2C[C@H]3CCN(c4ccccc4C(F)(F)F)[C@H]3C2)nnc1-c1cnccn1,7.58
D3,CHEMBL543277,C(=C/c1cc(CCCCN2CCN(c3ccccc3)CC2)on1)\c1ccccc1.Cl,7.57
D3,CHEMBL87260,Clc1ccc(N2CCN(CCCOc3ccc(-c4nc5ccccc5[nH]4)cc3)CC2)cc1,7.57
D3,CHEMBL433002,CCCN(CCC)[C@@H]1CCc2c(ccc3ccoc23)[C@@H]1C,7.57
D3,CHEMBL263881,CCN(CC)C(=O)[C@@H]1C=C2c3cccc4[nH]cc(c34)C[C@H]2N(C)C1,7.57
D3,CHEMBL111749,CNc1cc(OC)c(C(=O)N[C@H]2CN(Cc3ccccc3)C[C@@H]2C)cc1Cl,7.57
D3,CHEMBL102463,CCCN1CCOC(c2cccc(O)c2)C1,7.57
D3,CHEMBL1257689,Cc1ccc(C)c(C2(O)CCN(CCCC(=O)c3ccc(F)cc3)CC2)c1,7.57
D3,CHEMBL3358518,COc1cccc(N2CCN(CCCCNC(=O)c3cccc(C)n3)CC2)c1,7.57
D3,CHEMBL3642808,O=C(N[C@H]1CC[C@H](CCN2CCN(c3nccc4c3CCO4)CC2)CC1)c1ccc(Cl)cc1Cl,7.57
D3,CHEMBL3642745,O=C(C[C@H]1CCCO1)N[C@H]1CC[C@H](CCN2CCN(c3nccc4c3CCO4)CC2)CC1,7.57
D3,CHEMBL3642735,O=C(N[C@H]1CC[C@H](CCN2CCN(c3nccc4c3CCO4)CC2)CC1)C1(O)CC1,7.57
D3,CHEMBL4064186,O=C1CCc2ccc(OCCCCN3CCN(c4ccc(O)c5ncccc45)CC3)cc2N1,7.57
D3,CHEMBL4456964,CCCN(CCCCNC(=O)c1ccc2ccccc2c1)CC1CC1c1cc(Cl)ccc1OC.Cl,7.57
D3,CHEMBL4439535,CCCN(CCCCNC(=O)c1ccc2ccccc2c1)CC1CC1c1cccc(F)c1.Cl,7.57
D3,CHEMBL4537294,CCCN1CCN(c2cccc3c2CN(S(=O)(=O)c2ccccc2)C3)CC1,7.57
D3,CHEMBL5202417,COc1ccccc1N1CCN(CCCCNC2=CC=CC3=[N+]4[N+](=Cc5c(C)cc(C)n5[B-]4(F)F)[B-](F)(F)N23)CC1,7.57
D3,CHEMBL5765355,O=C(NCCCCN1CCN(c2ccnc3cc(Cl)ccc23)CC1)N1CCN(c2ccccc2)CC1,7.57
D3,CHEMBL5758914,CC(C)(C)c1nc(N2CCN(CCCCNC(=O)N3CCC(O)(c4ccccc4)CC3)CC2)cc(C(F)(F)F)n1,7.57
D3,CHEMBL5884830,Cn1c(SCCCN2C[C@H]3CCN(c4ccccc4)[C@H]3C2)nnc1C1CCOCC1,7.57
D3,CHEMBL5837630,Cn1c(SCCCN2C[C@@H]3CCN(c4ccc(C(F)(F)F)cc4)[C@@H]3C2)nnc1[C@@H]1COCCO1,7.57
D3,CHEMBL102490,CS(=O)(=O)Nc1cc(OCCNCc2cccs2)ccc1Cl,7.56
D3,CHEMBL138016,O=C(O)C(=O)O.Oc1ccc2c(c1)O[C@H](CNCc1ccccc1)CC2,7.56
D3,CHEMBL203047,CN1CCc2ccccc2Cc2cc(O)c(Cl)cc2CC1,7.56
D3,CHEMBL30008,Fc1ccc(C(c2ccc(F)cc2)N2CCN(C/C=C/c3ccccc3)CC2)cc1,7.56
D3,CHEMBL3698013,COC(C)(C)C(=O)N[C@H]1CC[C@H](CCN2CCN(c3cccc4c3OCO4)CC2)CC1,7.56
D3,CHEMBL3695392,O=C(N[C@H]1CC[C@H](CCN2CCC(c3cccc4c3CCO4)CC2)CC1)C1(O)CCC1,7.56
D3,CHEMBL3664847,CO[C@H](C)C(=O)N[C@H]1CC[C@H](CCN2CCC(c3cccc4c3OCO4)CC2)CC1,7.56
D3,CHEMBL3954568,Cc1ncoc1-c1nnc(SCCN2CC[C@]3(C[C@H]3c3ccc(C(F)(F)F)cc3)C2)n1C,7.56
D3,CHEMBL3915293,Cc1ccn(CC(=O)N[C@H]2CC[C@H](CCN3CCC(c4noc5cc(F)ccc45)CC3)CC2)n1,7.56
D3,CHEMBL1739963,O=C(NCCCCN1CCN(c2ccccc2OCCF)CC1)c1ccc(-c2ccsc2)cc1,7.56
D3,CHEMBL4476163,COc1ccccc1N1CCC2(CCN(CCCSc3nnc(-c4ccccc4)n3C)C2)CC1,7.56
D3,CHEMBL5421827,COCCC(=O)N1CCC(O)(CCCN2CCN(c3cccc(Cl)c3Cl)CC2)CC1,7.56
D3,CHEMBL5904162,CC(C)(C)c1nc(N2CCN(CCCCNC(=O)N3CCc4ccccc43)CC2)cc(C(F)(F)F)n1,7.56
D3,CHEMBL5895160,Cn1c(SCCCN2CC3CCN(c4ccc(C(F)(F)F)cc4)C3C2)nnc1C(=O)N1CCCC1,7.56
D3,CHEMBL68720,O=C(NCCCCCN1CCN(c2cccc(Cl)c2Cl)CC1)c1cccc2c1-c1ccccc1C2=O,7.55
D3,CHEMBL442535,COc1c(C(=O)NCCN2CCN(c3cccc(Cl)c3)CC2)cc(Br)c2ccccc12,7.55
D3,CHEMBL279247,Cc1nn(C2CCN(Cc3ccccc3)CC2)cc1-c1ccccc1,7.55
D3,CHEMBL103857,CCCN(CCC)C1CCc2ccsc2C1,7.55
D3,CHEMBL313147,CCN(CC)CCCOc1ccc(-c2nc3ccccc3n2CCCCn2c(-c3ccc(OCCCN(CC)CC)cc3)nc3ccccc32)cc1,7.55
D3,CHEMBL241027,O=C(NCCCCN1CCN(C(c2ccccc2)c2ccccc2)CC1)c1cccs1,7.55
D3,CHEMBL240378,O=C1c2ccccc2C(=O)N1CCCCN1CCN(C(c2ccccc2)c2ccc(Cl)cc2)CC1,7.55
D3,CHEMBL246643,OC1(c2ccc(Cl)c(Cl)c2)CCN(Cc2coc3ccccc23)CC1,7.55
D3,CHEMBL1258495,Cc1ccc(C)c(C(=O)NCCCCN2CCN(c3cc(C)ccc3C)CC2)c1,7.55
D3,CHEMBL2397383,CN1CCc2ccc(Cc3ccc(O)cc3)c3c2[C@H]1Cc1ccc(O)c(O)c1-3.Cl,7.55
D3,CHEMBL3642760,O=CN[C@H]1CC[C@H](CCN2CCN(c3nccc4c3CCO4)CC2)CC1,7.55
D3,CHEMBL3642793,N#Cc1ccc(C(=O)N[C@H]2CC[C@H](CCN3CCN(c4nccc5c4CCO5)CC3)CC2)cc1,7.55
D3,CHEMBL3819642,Cl.OC1(c2ccc(Cl)cc2)CCN(CCCc2nc3ccccc3s2)CC1,7.55
D3,CHEMBL3942747,O=C(N[C@H]1CC[C@H](CCN2CCC(c3noc4cc(F)ccc34)CC2)CC1)c1ccc(N2CCOCC2)cc1,7.55
D3,CHEMBL4070091,COc1ccccc1N1CCN(CCCC(=O)Nc2ccn3ncc(C#N)c3c2)CC1,7.55
D3,CHEMBL4282887,COc1cc2c(cc1O)CN(CCCCNC(=O)c1ccc(C(N)=O)cc1)CC2,7.55
D3,CHEMBL4439577,Clc1cccc(N2CCN(CCCCN3CCc4ncsc4CC3)CC2)c1Cl,7.55
D3,CHEMBL4534566,CCc1cc(Cl)c(OC)c(N2CCN(CC(F)CCNC(=O)c3cc4ccccc4[nH]3)CC2)c1,7.55
D3,CHEMBL4860225,N#Cc1ccc(C(=O)NCc2ccccc2CN2CCc3cc(O)c(O)cc3C2)cc1,7.55
D3,CHEMBL5646712,C=CCN1C[C@@H](OC(=O)Nc2ccc(-c3ccsc3)cc2)C[C@@H]1CNC(=O)c1cc(CCCF)cc(OC)c1OC,7.55
D3,CHEMBL5868152,Cc1nnc2n1CCN(C(=O)NCCCCN1CCN(c3cc(C(F)(F)F)nc(C(C)(C)C)n3)CC1)C2,7.55
D3,CHEMBL6167299,O=C1CCc2ccccc2N1CCCN1CCN(c2cccc3ccccc23)CC1,7.55
D3,CHEMBL88365,Oc1cccc(N2CCN(Cc3ccccc3)CC2)c1,7.54
D3,CHEMBL430798,CN1CCN(C2=Nc3ccccc3Oc3ccc(OS(=O)(=O)C(F)(F)F)cc32)CC1,7.54
D3,CHEMBL423499,c1ccc(N2CCN(CC[C@H]3CC[C@H](c4c[nH]c5ccccc54)CC3)CC2)nc1,7.54
D3,CHEMBL3084971,c1ccc(N2CCN(CC[C@H]3CC[C@@H](Nc4ncccn4)CC3)CC2)cc1,7.54
D3,CHEMBL344677,COc1ccccc1N1CCN(CCCCNC(=O)c2cccc3ccnn23)CC1,7.54
D3,CHEMBL126285,COc1ccccc1N1CCN(CCCCN2C(=O)c3cccc4cccc(c34)C2=O)CC1,7.54
D3,CHEMBL99355,CCCN1CCOC2c3cc(O)ccc3[S+]([O-])CC21,7.54
D3,CHEMBL325750,O=C1NCN(c2ccccc2)C12CCN(Cc1ccc3nsnc3c1)CC2,7.54
D3,CHEMBL437525,COc1ccc(Cn2nnc(C(=O)NCCCCN3CCN(c4ccccc4OC)CC3)c2C)cc1,7.54
D3,CHEMBL230973,Cc1ccc2nc(-c3ccc(OCCCN4CCN(c5cccc(Cl)c5Cl)CC4)cc3)cn2c1,7.54
D3,CHEMBL241210,O=C(NCCN1CCN(c2cccc(Cl)c2Cl)CC1)c1ccc(C#Cc2ccccc2)cc1,7.54
D3,CHEMBL514908,COc1cc(F)cc(N2CCN(CCCCNC(=O)c3ccc(-n4ccnc4)cc3)CC2)c1,7.54
D3,CHEMBL1774385,COc1ccccc1N1CCN(CC(F)CCNC(=O)c2cc3ccccc3o2)CC1,7.54
D3,CHEMBL3287280,O=C(NCC[C@H](F)CN1CCN(c2cccc(Cl)c2Cl)CC1)c1cc2ccccc2o1,7.54
D3,CHEMBL3323001,O=C(NCCCCN1CCN(c2ccnc3cc(Cl)ccc23)CC1)c1cn2ccccc2n1,7.54
D3,CHEMBL3642730,O=C(N[C@H]1CC[C@H](CCN2CCN(c3nccc4c3CCO4)CC2)CC1)C1CCCOC1,7.54
D3,CHEMBL3642680,CO[C@@H]1CC[C@@H](CC(=O)N[C@H]2CC[C@H](CCN3CCN(c4nccc5occc45)CC3)CC2)C1,7.54
D3,CHEMBL3912029,Cc1ncoc1-c1nnc(SCCCN2CC[C@@]3(C[C@@H]3c3ccc(F)cc3)C2)n1C,7.54
D3,CHEMBL4858824,CCc1cc(Cl)c(OC)c(C(=O)NC[C@@H]2CCCN2Cc2ccccc2)c1O,7.54
D3,CHEMBL829,CC(CN(C)C)CN1c2ccccc2Sc2ccccc21,7.54
D3,CHEMBL5394431,COc1ccccc1N1CCN(CCCNC(=O)Nc2ccc(F)cc2-c2ccccc2)CC1,7.54
D3,CHEMBL5757857,Cc1nc(N2CCN(CCCCNC(=O)N3CCN(c4ccccc4)CC3)CC2)cc(C(C)(C)C)n1,7.54
D3,CHEMBL6022280,CC(C)(C)c1nc(N2CCN(CCCCNC(=O)N3CCN(C(=O)c4ccccc4)CC3)CC2)cc(C(F)(F)F)n1,7.54
D3,CHEMBL6003931,CC(C)(C)c1cc(N2CCN(CCCCNC(=O)N3CCN(S(=O)(=O)c4ccccc4)CC3)CC2)nc(C(C)(C)C)n1,7.54
D3,CHEMBL3353909,COc1ccccc1N1CCN(CCCc2cn(-c3ccc(N(C)C)cc3)nn2)CC1,7.53
D3,CHEMBL3912897,Cn1c(SCCCN2CC[C@]3(C[C@@H]3c3ccccc3)C2)nnc1-c1cccnc1,7.53
D3,CHEMBL5420316,CN(C)C(=O)N1CCC(O)(CCCN2CCN(c3cccc(Cl)c3Cl)CC2)C1,7.53
D3,CHEMBL5834214,CC(C)(C)c1nc(N2CCN(CCCCNC(=O)N3CCN(c4cccc(C(F)(F)F)c4)CC3)CC2)cc(C(F)(F)F)n1,7.53
D3,CHEMBL5815670,CC(C)(C)c1nc(N2CCN(CCCCNC(=O)N3CCN(C4CCCCC4)CC3)CC2)cc(C(F)(F)F)n1,7.53
D3,CHEMBL539999,Cl.Fc1ccc(-c2cc(CCCCN3CCN(C(c4ccccc4)c4ccccc4)CC3)on2)cc1,7.52
D3,CHEMBL336326,Oc1ccc2c(c1)CC(NC/C=C/I)CC2,7.52
D3,CHEMBL393492,COc1ccccc1N1CCN(CCCCN2Cc3ccccc3C2=O)CC1,7.52
D3,CHEMBL429462,O=C(NCCCCN1CCN(C(c2ccccc2)c2ccccc2)CC1)C1CCCCC1,7.52
D3,CHEMBL391057,O=C(NCCCCN1CCN(C(c2ccccc2)c2ccccc2)CC1)c1cc2ccccc2s1,7.52
D3,CHEMBL2387709,CCCN(CCN1CCN(c2ccccc2)CC1)[C@@H]1CCc2ccc(N)cc2C1,7.52
D3,CHEMBL3318848,CN(C)CCC(=O)OC1(c2ccc(Cl)cc2)CCN(CCCC(=O)c2ccc(F)cc2)CC1,7.52
D3,CHEMBL3588990,COc1ccccc1N1CCN(CC(O)CCn2cc(-c3ccc(-c4ccccc4)cc3)nn2)CC1,7.52
D3,CHEMBL3642688,O=C(CC1CCOCC1)N[C@H]1CC[C@H](CCN2CCN(c3nccc4occc34)CC2)CC1,7.52
D3,CHEMBL3642783,COCCC(=O)N[C@H]1CC[C@H](CCN2CCN(c3ncc(C)c4occc34)CC2)CC1,7.52
D3,CHEMBL3899099,Cl.Clc1cccc2c1CN(CCCCc1nc3ccccc3s1)CC2,7.52
D3,CHEMBL4085752,O/N=C/c1cnn2ccc(OCCCCN3CCN(c4ccc(O)c5c4OCCO5)CC3)cc12,7.52
D3,CHEMBL6055120,Cc1cccc(N2CCN(C(=O)NCCCCN3CCN(c4cc(C(F)(F)F)nc(C(C)(C)C)n4)CC3)CC2)c1C,7.52
D3,CHEMBL5870040,Cc1cccc(N2CCN(C(=O)NCCCCN3CCN(c4cc(C(F)(F)F)nc(C(C)C)n4)CC3)CC2)c1C,7.52
D3,CHEMBL132884,Clc1ccc(OCCNCCCOc2ccccc2)cc1,7.51
D3,CHEMBL424575,CCC[C@@H]1CN(Cc2ccccc2)C[C@@H]1CNC(=O)c1cc(Cl)c(NC)cc1OC,7.51
D3,CHEMBL364916,CCCN(CCC)[C@H]1CCn2c(/C=N/O)ccc2C1,7.51
D3,CHEMBL194659,CN(C)C[C@H]1CC2c3ccccc3Oc3ccc(F)cc3[C@H]2O1,7.51
D3,CHEMBL392579,O=C(NCCCCN1CCC(N(Cc2ccccc2)c2ccccc2)CC1)c1cc2ccccc2s1,7.51
D3,CHEMBL241631,C#Cc1ccc(C(=O)NCCN2CCN(c3cccc(Cl)c3Cl)CC2)cc1,7.51
D3,CHEMBL3084505,O[C@@]1(c2ccc(F)cc2)C[C@H]2CC[C@@H](C1)N2Cc1c[nH]c2ccccc12,7.51
D3,CHEMBL1803023,COc1cc(CN2CCN(c3ccccc3OC)CC2)ccc1OCc1cn(CCCCCCCCn2cc(COc3ccc(CN4CCN(c5ccccc5OC)CC4)cc3OC)nn2)nn1,7.51
D3,CHEMBL2392351,COc1ccccc1N1CCN(CCCCCN2Cc3c(Cl)nc4ccccc4c3C2=O)CC1,7.51
D3,CHEMBL2037431,Clc1ccc(N2CCN(CCCCc3nc4ccccc4s3)CC2)cc1,7.51
D3,CHEMBL3318832,O=C(CCCC(=O)OC1(c2ccc(Cl)cc2)CCN(CCCC(=O)c2ccc(F)cc2)CC1)OC1(c2ccc(Cl)cc2)CCN(CCCC(=O)c2ccc(F)cc2)CC1,7.51
D3,CHEMBL3358503,COc1cccc(N2CCN(CCCCNC(=O)c3ccc4ccccc4n3)CC2)c1,7.51
D3,CHEMBL3642762,Cc1cc(C(=O)N[C@H]2CC[C@H](CCN3CCN(c4nccc5c4CCO5)CC3)CC2)on1,7.51
D3,CHEMBL3642694,CCS(=O)(=O)N[C@H]1CC[C@H](CCN2CCN(c3nccc4occc34)CC2)CC1,7.51
D3,CHEMBL3797740,CCCN(C)[C@@H]1Cc2cccc3[nH]c(=O)n(c23)C1,7.51
D3,CHEMBL3818478,O=C1NCN(c2ccccc2)C12CCN(CCCCc1c[nH]c3ccccc13)CC2,7.51
D3,CHEMBL3982215,COCCOc1c(O)ccc2c1CN1CCc3cc(OC)c(O)cc3[C@@H]1C2,7.51
D3,CHEMBL4435946,C[C@H]1CO[C@@H](c2ccc(N)nc2)CN1CCCCOc1ccc2c(c1)NC(=O)CC2,7.51
D3,CHEMBL5274609,C[C@H]1CO[C@@H](c2ccc(N)nc2)CN1CC[C@H]1CC[C@@H](NC(=O)c2cc3ccccc3[nH]2)CC1,7.51
D3,CHEMBL5857292,Cc1cc(N2CCN(CCCCNC(=O)C3CCN(c4ccc(C(F)(F)F)cn4)CC3)CC2)nc(C(C)(C)C)n1,7.51
D3,CHEMBL351617,COc1ccc(N2CCN(CC[C@H]3CC[C@H](Nc4ncccn4)CC3)CC2)cc1,7.5
D3,CHEMBL312752,Cc1csc(C(=O)N[C@H]2CC[C@H](CCN3CCN(c4cccc(Cl)c4Cl)CC3)CC2)c1,7.5
D3,CHEMBL165056,FC(F)(F)c1cccc(N2CCN(CC[C@H]3CC[C@H](Nc4ncccn4)CC3)CC2)c1,7.5
D3,CHEMBL339103,COc1ccccc1N1CCN(CCCCNC(=O)Cc2ccc3ccccc3c2)CC1.O=C(O)C(=O)O,7.5
D3,CHEMBL419760,CCS(=O)(=O)c1ccc(OC)c(-c2ccc(CN3CCc4ccccc4C3)[nH]2)c1,7.5
D3,CHEMBL138015,CCCN(C/C=C/I)C1COc2ccc(O)cc2C1,7.5
D3,CHEMBL250003,CCCN1CCO[C@H](c2cc(O)cc(O)c2)C1,7.5
D3,CHEMBL271909,Cc1ccc2c(-c3nnc(SCCCN4CCc5ccc6nc(C)sc6c5CC4)n3C)cccc2n1,7.5
D3,CHEMBL269995,Cc1nc2cc3c(cc2o1)CCN(CCCSc1nnc(-c2ccc(F)c(F)c2)n1C)CC3,7.5
D3,CHEMBL272546,CCc1nc2cc3c(cc2o1)CCN(CCCSc1nnc(-c2ocnc2C)n1C)CC3,7.5
D3,CHEMBL256650,Cc1ccc2c(-c3nnc(SCCN4CCc5cc6nc(C)oc6cc5CC4)n3C)cccc2n1,7.5
D3,CHEMBL401752,CCc1nc2cc3c(c(C)c2o1)CCN(CCCSc1nnc(-c2cccc4nc(C)ccc24)n1C)CC3,7.5
D3,CHEMBL554738,CN(CCN1CCN(c2cccc(Cl)c2)C1=O)Cc1cc2ccccc2s1,7.5
D3,CHEMBL1079577,Cc1ccc2c(-c3nnc(SCCCN4CC5CC5(c5ccc(C#N)cc5)C4)n3C)cccc2n1,7.5
D3,CHEMBL1080189,Cc1ncoc1-c1nnc(SCCCN2CC3CC3(c3ccccc3C(F)(F)F)C2)n1C,7.5
D3,CHEMBL1078207,O=S(=O)(Nc1ccc2c(c1)CCN(Cc1cc[nH]n1)CC2)c1ccc(-c2ccccc2)cc1,7.5
D3,CHEMBL1172210,O=C(O)C(=O)O.OC1(c2ccc(Br)cc2)CCN(Cc2cc3ccccc3o2)CC1,7.5
D3,CHEMBL1258269,Cc1ncoc1-c1nnc(SCCCN[C@@H]2CC3C[C@]3(c3ccc(C(F)(F)F)cc3F)C2)n1C.Cl,7.5
D3,CHEMBL1258605,COc1ccc2c(c1)C1(CCC2)CCN(CCCSc2nnc(-c3ocnc3C)n2C)C1,7.5
D3,CHEMBL1258834,Cc1nc(C)c(-c2nnc(SCCCN3CCC4(CCc5ccc(Cl)cc54)C3)n2C)s1,7.5
D3,CHEMBL1258948,Cc1nc(C)c(-c2nnc(SCCCN3CCC4(CCc5cc(Cl)ccc54)C3)n2C)s1,7.5
D3,CHEMBL1632223,Cc1ccc2c(N3CCN(CCc4cccc(NC(=O)Nc5ccccc5)c4)CC3)cccc2n1,7.5
D3,CHEMBL3217984,CN1CCC2C(C1)c1cccc3c1N2c1ccccc1CS3,7.5
D3,CHEMBL3323115,CC(C)(C)c1nc(N2CCN(CCCCNC(=O)C3CCN(c4ccccc4)CC3)CC2)cc(C(F)(F)F)n1,7.5
D3,CHEMBL3323014,CC(C)(C)c1nc(N2CCN(CCCCNC(=O)c3cc4cccnc4s3)CC2)cc(C(F)(F)F)n1,7.5
D3,CHEMBL3597638,COc1c(Cl)cccc1N1CCN(CC(O)CCNC(=O)c2cnc3ccccc3c2)CC1,7.5
D3,CHEMBL3613876,O=Cc1cnn2ccc(-n3cc(CCN4CCN(c5cccc(Cl)c5Cl)CC4)nn3)cc12,7.5
D3,CHEMBL3642725,CS(=O)(=O)N[C@H]1CC[C@H](CCN2CCN(c3nccc4c3CCO4)CC2)CC1,7.5
D3,CHEMBL3775591,Cc1ncoc1-c1nnc(SCCCN2CC3OCCN(c4ccc(C(F)(F)F)cc4)C3C2)n1C,7.5
D3,CHEMBL3775023,COc1ccc(N2CCC3CN(CCCSc4nnc(-c5cnccn5)n4C)CC32)cc1,7.5
D3,CHEMBL3818799,Fc1ccc(C(c2ccc(F)cc2)N2CCN(CCCCc3nc4ccccc4s3)CC2)cc1,7.5
D3,CHEMBL3819567,O=C1NCN(c2ccccc2)C12CCN(CCCCc1nc3ccccc3s1)CC2,7.5
D3,CHEMBL4095216,N#Cc1ccc2c(c1)CN(C[C@@H]1C[C@H]1CNC(=O)c1cc3ccccc3[nH]1)CC2,7.5
D3,CHEMBL4578364,CCN(CCCSc1nnc(-c2ccccc2)n1C)CC1CC1c1cc(Cl)ccc1OC.Cl,7.5
D3,CHEMBL4522471,CC(CN1CCN(C(=O)c2cc3ccccc3[nH]2)CC1)Oc1ccc(Cl)cc1,7.5
D3,CHEMBL4447846,COc1ccc2c(c1)c(C1=CCNCC1)cn2S(=O)(=O)c1ccc2cccnc2c1,7.5
D3,CHEMBL5927110,Cc1cc(N2CCN(CCCCNC(=O)N3CCN(S(=O)(=O)c4ccccc4)CC3)CC2)nc(C(C)(C)C)n1,7.5
D3,CHEMBL169766,COc1ccccc1N1CCN(CCCCNC(=O)c2cccc3ccccc23)CC1,7.49
D3,CHEMBL205238,CC(C)(C)c1nc(N2CCN(CCCCn3cc(Cl)ccc3=O)CC2)cc(C(F)(F)F)n1,7.49
D3,CHEMBL385289,COc1ccccc1N1CCN(CCCCNC(=O)c2nnn(Cc3ccccc3Br)c2C)CC1,7.49
D3,CHEMBL394189,O=C(NCCCCN1CCCN(C(c2ccccc2)c2ccccc2)CC1)c1ccc2ccccc2c1,7.49
D3,CHEMBL3084517,O[C@@]1(c2cccc(Cl)c2Cl)C[C@H]2CC[C@@H](C1)N2Cc1coc2ccccc12,7.49
D3,CHEMBL476808,COc1ccccc1N1CCN(CCCCCN2CCc3ccccc3C2=O)CC1,7.49
D3,CHEMBL2180638,Oc1cccc(CCN(CCc2ccccc2)CC2CC2)c1,7.49
D3,CHEMBL3115580,O=C(O)C(=O)O.Oc1ccc2c(c1)O[C@@H](CNCc1ccccc1OCCCCF)CC2,7.49
D3,CHEMBL3642687,CO[C@H]1CC[C@H](CC(=O)N[C@H]2CC[C@H](CCN3CCN(c4nccc5occc45)CC3)CC2)CC1,7.49
D3,CHEMBL3964078,COCC(=O)N[C@H]1CC[C@H](CCN2CCC(c3noc4cc(F)c(F)cc34)CC2)CC1,7.49
D3,CHEMBL4442321,O=C(NCCCCN1CCN(c2ccc(Cl)cc2)CC1)c1ccc(-c2ccsc2)cc1,7.49
D3,CHEMBL4438524,COc1ccccc1N1CCC2(CCN(CCCSc3nnc(-c4ccccc4)[nH]3)CC2)CC1,7.49
D3,CHEMBL4469584,CCCN(CCCCNC(=O)c1ccc2ccccc2c1)CC1CC1c1ccc(Cl)cc1.Cl,7.49
D3,CHEMBL79834,O=C1NCN(c2ccccc2)C12CCN(CCCOc1ccc(F)cc1)CC2,7.49
D3,CHEMBL302904,Fc1ccc(-c2cncc(CN3CCN(c4ccccc4)CC3)c2)cc1,7.48
D3,CHEMBL325772,COc1c(C(=O)N[C@@H]2CCN(Cc3ccccc3)C2)cc(I)c2ccccc12,7.48
D3,CHEMBL221600,c1ccc(C2CCN(Cc3cnn(-c4ccccc4)c3)CC2)cc1,7.48
D3,CHEMBL428561,C=CCN1CCC[C@H]1CNC(=O)c1cc(CCCF)ccc1OC,7.48
D3,CHEMBL522044,Clc1cccc(N2CCN(CCCCOc3cc4ccccc4cn3)CC2)c1Cl,7.48
D3,CHEMBL2207641,COc1ccccc1N1CCN(Cc2cc(CN3CCN(c4ccccc4OC)CC3)c3cccccc2-3)CC1,7.48
D3,CHEMBL3289650,Clc1ccc(N2CCN(CCCCc3nc4ccccc4o3)CC2)cc1,7.48
D3,CHEMBL3664887,CN(C)C(=O)N[C@H]1CC[C@H](CCN2CCC(c3cccc4c3OCO4)CC2)CC1,7.48
D3,CHEMBL3642695,CN(C)S(=O)(=O)N[C@H]1CC[C@H](CCN2CCN(c3nccc4occc34)CC2)CC1,7.48
D3,CHEMBL4471201,Cn1c(SCCCN2CCC3(CC2)CCN(c2ccccc2OCCF)CC3)nnc1-c1ccccc1,7.48
D3,CHEMBL4584481,CCCN(CCCCNC(=O)c1cc2ccccc2[nH]1)CC1CC1c1ccc(C(F)(F)F)cc1.Cl,7.48
D3,CHEMBL4518951,O=C(c1cc2cccc(Cl)c2[nH]1)N1CCN(CCOc2cccnc2)CC1,7.48
D3,CHEMBL4566746,O=C(c1nc2ccccc2[nH]1)N1CCN(CCOc2cccnc2)CC1,7.48
D3,CHEMBL4570554,CCc1cc(Cl)c(OC)c(N2CCN(C[C@@H](O)CCNC(=O)c3cc4ccccc4[nH]3)CC2)c1,7.48
D3,CHEMBL5399568,CCCCCOc1cc2c(cc1O)[C@@H]1Cc3ccc(O)c(OC)c3CN1CC2,7.48
D3,CHEMBL60185,c1ccc(CNC[C@H]2CCc3ccc4[nH]ccc4c3O2)cc1,7.47
D3,CHEMBL221866,COc1ccc(Cn2nnc(C(=O)NCCCCCN3CCN(c4cccc(Cl)c4Cl)CC3)c2C)cc1,7.47
D3,CHEMBL461023,COc1cccc2cc3n(c12)CCN(CCCCNC(=O)C1=Cc2ccccc2CN1)C3,7.47
D3,CHEMBL3588997,COc1ccccc1N1CCN(CC(O)CCn2cc(-c3ccc4[nH]ccc4c3)nn2)CC1,7.47
D3,CHEMBL3642692,CS(=O)(=O)N[C@H]1CC[C@H](CCN2CCN(c3nccc4occc34)CC2)CC1,7.47
D3,CHEMBL3642791,CS(=O)(=O)c1ccc(C(=O)N[C@H]2CC[C@H](CCN3CCN(c4nccc5c4CCO5)CC3)CC2)s1,7.47
D3,CHEMBL3695418,O=C(N[C@H]1CC[C@H](CCN2CCC(c3ccc(F)c4occc34)CC2)CC1)C1CCOCC1,7.47
D3,CHEMBL4082195,Oc1ccccc1OCCNCC1COCC(c2ccccc2)(c2ccccc2)O1,7.47
D3,CHEMBL4525362,C[C@H]1CO[C@@H](c2ccc(N)nc2)CN1CC1CC1CCNC(=O)c1cc2ccccc2[nH]1,7.47
D3,CHEMBL4472566,COc1cccc(OCCN2CCN(C(=O)c3cc4ccccc4[nH]3)CC2)c1,7.47
D3,CHEMBL4554053,NC(=O)c1ccn(-c2cccc(OC(=O)NCCCN3CCN(c4ccccc4)CC3)c2)c1,7.47
D3,CHEMBL4856005,Cc1nc(N)sc1CCCN/C(N)=N/C(=O)NCc1ccccc1,7.47
D3,CHEMBL4869122,O=C(NCCCCN1CCO[C@@H]2c3ccccc3OC[C@H]21)c1ccc([N+](=O)[O-])cc1,7.47
D3,CHEMBL4862275,COc1ccc2c(c1)[C@H]1OCCN(CCCCNC(=O)C3CCCCC3)[C@@H]1CO2,7.47
D3,CHEMBL5410179,COc1ccccc1N1CCN(CCCNC(=O)Nc2ccccc2-c2ccc(C(C)C)cc2)CC1,7.47
D3,CHEMBL1200517,CN1C[C@H](C(=O)N[C@]2(C)O[C@@]3(O)[C@@H]4CCCN4C(=O)[C@H](Cc4ccccc4)N3C2=O)C[C@@H]2c3cccc4[nH]cc(c34)C[C@H]21.CS(=O)(=O)O,7.47
D3,CHEMBL5937994,CC(C)(C)c1nc(N2CCN(CCCCNC(=O)N3CCCc4ccccc43)CC2)cc(C(F)(F)F)n1,7.47
D3,CHEMBL5938891,Cn1c(SCCCN2CC3CCN(c4ccc(C(F)(F)F)cc4)C3C2)nnc1C1COCCO1,7.47
D3,CHEMBL316222,CCN(CC)CCCOc1ccc(-c2nc3ccccc3n2C/C=C/Cn2c(-c3ccc(OCCCN(CC)CC)cc3)nc3ccccc32)cc1,7.46
D3,CHEMBL401157,CCCN1CCOC(c2ccc(F)c(O)c2)C1,7.46
D3,CHEMBL286494,Cc1cc(O)c2c(=O)c3c(O)cc(O)c4c5c(O)cc(O)c6c(=O)c7c(O)cc(C)c8c1c2c(c34)c(c78)c65,7.46
D3,CHEMBL1684024,CCCN1CCc2cccc3c2C1Cc1cccc(OCc2cn(CCCN4CCN(c5cccc(Cl)c5Cl)CC4)nn2)c1-3,7.46
D3,CHEMBL3323018,CC(C)(C)c1nc(N2CCN(CCCCNC(=O)c3sc4ncccc4c3N)CC2)cc(C(F)(F)F)n1,7.46
D3,CHEMBL3642778,Cc1cc2c(c(N3CCN(CC[C@H]4CC[C@H](NC(=O)C5CCOCC5)CC4)CC3)n1)CCO2,7.46
D3,CHEMBL3695391,CC(C)(O)C(=O)N[C@H]1CC[C@H](CCN2CCC(c3cccc4c3CCO4)CC2)CC1,7.46
D3,CHEMBL3697995,O=C(N[C@H]1CC[C@H](CCN2CCN(c3cccc4c3OCO4)CC2)CC1)c1ccc(N2CCOCC2)cc1,7.46
D3,CHEMBL11493,CCCCN1C2CCC1CC(OC(c1ccc(F)cc1)c1ccc(F)cc1)C2,7.46
D3,CHEMBL4092928,CC[C@H](O)CN1CCN(c2cccc(Cl)c2Cl)CC1,7.46
D3,CHEMBL4086613,CCCCN1CCN(c2cccc(C#N)c2)CC1,7.46
D3,CHEMBL5197956,CCc1c(C)c2n(c1C)[B-](F)(F)[N+]1=C3C=CC=C(NCCCCN4CCN(c5ccccc5OC)CC4)N3[B-](F)(F)[N+]1=C2,7.46
D3,CHEMBL6032181,O=C(NCCCCN1CCN(c2ccnc3cc(Cl)ccc23)CC1)C1CCC(c2ccccc2)CC1,7.46
D3,CHEMBL5963977,CCC(=O)N1CCN(CCOc2ccc(OC)cc2)CC1,7.46
D3,CHEMBL328051,c1ccc(CN2CCN(c3cccc4[nH]ccc34)CC2)cc1,7.45
D3,CHEMBL139345,CCCN[C@@H]1CCc2c(F)cccc2C1,7.45
D3,CHEMBL205498,CC(C)(C)c1nc(N2CCN(CCCCn3cc(C(F)(F)F)ccc3=O)CC2)cc(C(F)(F)F)n1,7.45
D3,CHEMBL240774,O=C1c2ccccc2CN1CCCCN1CCN(c2ccccc2)CC1,7.45
D3,CHEMBL2298808,c1ccc(C[n+]2cc[n+](-c3cccc4[nH]ccc34)cc2)cc1,7.45
D3,CHEMBL3323116,CC(C)(C)c1nc(N2CCN(CCCCNC(=O)C3CCN(Cc4ccccc4)CC3)CC2)cc(C(F)(F)F)n1,7.45
D3,CHEMBL3664873,CN1CCC(C(=O)N[C@H]2CC[C@H](CCN3CCC(c4cccc5c4OCO5)CC3)CC2)CC1,7.45
D3,CHEMBL3939830,Cn1c(SCCCN2CC[C@]3(C[C@H]3c3ccc(C(F)(F)F)cc3)C2)nnc1-c1ccnnc1,7.45
D3,CHEMBL4527078,CCc1cc(Cl)c(OC)c(N2CCN(C[C@@H](F)CCNC(=O)c3cc4ccccc4[nH]3)CC2)c1,7.45
D3,CHEMBL3883955,O=c1ccc(OCCCN2CCC(c3noc4cc(F)ccc34)CC2)nn1-c1c(F)cccc1F,7.45
D3,CHEMBL2106537,Cc1cc(CCN2CCN(c3cccc(Cl)c3)CC2)n[nH]1,7.45
D3,CHEMBL267777,Cc1nc2sccn2c(=O)c1CCN1CCC(=C(c2ccc(F)cc2)c2ccc(F)cc2)CC1,7.45
D3,CHEMBL5935716,CC(C)(C)c1nc(N2CCN(CCCCNC(=O)N3CCC(n4c(=O)[nH]c5ccccc54)CC3)CC2)cc(C(F)(F)F)n1,7.45
D3,CHEMBL5909832,CC(C)(C)c1nc(N2CCN(CCCCNC(=O)N3CCN(c4ccc(Cl)cc4)CC3)CC2)cc(C(F)(F)F)n1,7.45
D3,CHEMBL5825714,O=C(NCCCCN1CCN(c2ccnc3ccccc23)CC1)C1CCC(c2ccccc2)CC1,7.45
D3,CHEMBL5917143,Cc1ncoc1-c1nnc(SCCCN2C[C@H]3CC[C@@H](c4ccc(C(F)(F)F)cc4)[C@H]3C2)n1C,7.45
D3,CHEMBL309118,O=C(NCCCN1CCN(c2cccc(Cl)c2Cl)CC1)c1cccc2c1-c1ccccc1C2=O,7.44
D3,CHEMBL94811,N#Cc1cccc([C@@H]2CCCN(CCCc3ccccc3)C2)c1,7.44
D3,CHEMBL318740,CCCN(CCC)C1CCc2n[nH]cc2C1,7.44
D3,CHEMBL250002,CCCN1CCO[C@H](c2ccc(F)c(O)c2)C1,7.44
D3,CHEMBL1803027,COc1cc(CN2CCN(c3ccccc3OC)CC2)ccc1OCc1cn(CCOCCOCCn2cc(COc3ccc(CN4CCN(c5ccccc5OC)CC4)cc3OC)nn2)nn1,7.44
D3,CHEMBL2165675,OCCN1CCN(c2cccc(Cl)c2Cl)CC1,7.44
D3,CHEMBL3353897,COc1ccccc1N1CCN(CCCc2cn(-c3cccc4cnccc34)nn2)CC1,7.44
D3,CHEMBL3964649,Cc1nc(C(=O)O)ccc1-c1nnc(SCCCN2CC[C@]3(C[C@@H]3c3ccc(C(F)(F)F)cc3)C2)n1C,7.44
D3,CHEMBL4545775,Cc1ccc(N2CCN(CCCCNC(=O)c3ccc(-c4ccsc4)cc3)CC2)cc1,7.44
D3,CHEMBL4436025,CCc1cc(Cl)c(OC)c(N2CCN(CC(O)CCNC(=O)c3cc4ccccc4o3)CC2)c1,7.44
D3,CHEMBL5893297,CCc1cc(Cl)c(OC)c(N2CCN(CCC(O)CCNC(=O)c3cc4ccccc4o3)CC2)c1,7.44
D3,CHEMBL340313,COc1ccccc1N1CCN(C2CC3CC(NC(=O)c4ccc5ccccc5c4)CC3C2)CC1.O=C(O)C(=O)O,7.43
D3,CHEMBL401224,O=C(NCCCCN1CCCN(C(c2ccccc2)c2ccccc2)CC1)c1cc2ccccc2s1,7.43
D3,CHEMBL240584,COc1ccccc1N1CCN(CCCCCNC(=O)c2cccc(C#Cc3ccccc3)c2)CC1,7.43
D3,CHEMBL399892,CCCN1CCOC(c2cc(O)cc(O)c2)C1,7.43
D3,CHEMBL3115581,O=C(O)C(=O)O.Oc1ccc2c(c1)O[C@@H](CN1CCN(c3ccc(OCCF)cc3)CC1)CC2,7.43
D3,CHEMBL3774515,Cc1ncoc1-c1nnc(SCCCN2CC3CN(c4ccc(C(F)(F)F)cc4)C3C2)n1C,7.43
D3,CHEMBL3780481,COc1cc2c(cc1O)C1Cc3ccc(OC)c(OC)c3CN1CC2,7.43
D3,CHEMBL2334891,COc1cc2c(cc1O)[C@@H]1Cc3ccc(OC)c(OC)c3CN1CC2,7.43
D3,CHEMBL4090459,COc1cc(OC(=O)NCCCCN2CCN(c3ccccc3OC)CC2)ccc1-c1ccccc1,7.43
D3,CHEMBL4584372,CCCN(CCCSc1nnc(-c2ccccc2)n1C)CC1CC1c1cc(Cl)ccc1OC.Cl,7.43
D3,CHEMBL4862770,COc1ccc(Cl)cc1[C@H]1C[C@@H]1CNCCCCOc1ccc2c(c1)NC(=O)CC2,7.43
D3,CHEMBL1197051,CC(COc1ccccc1)NC(C)C(O)c1ccc(O)cc1,7.43
D3,CHEMBL541791,COc1ccc(-c2cc(CCCCN3CCN(c4ccccc4C)CC3)on2)cc1OC.Cl,7.42
D3,CHEMBL126632,COc1ccccc1N1CCN(CCCCN2C(=O)c3ccccc3C2=O)CC1.O=C(O)C(=O)O,7.42
D3,CHEMBL90005,Cc1c(-c2cccs2)nc(O)n1C1CCN(Cc2ccccc2)CC1,7.42
D3,CHEMBL197660,COc1ccc2onc(N3CCN(CCCCNC(=O)c4ccc(N5CCOCC5)cc4)CC3)c2c1,7.42
D3,CHEMBL387784,Clc1cccc(N2CCN(CCCCOc3ccc(-c4cn5ccccc5n4)cc3)CC2)c1Cl,7.42
D3,CHEMBL1256169,O=C(CCCN1CCC(O)(c2cc3ccc2CCc2ccc(cc2)CC3)CC1)c1cc2ccc1CCc1ccc(cc1)CC2,7.42
D3,CHEMBL3265065,CCCN(CC[C@]1(O)C[C@@H](NC(=O)c2ccc3ccccc3c2)C1)[C@H]1C[C@@H]1c1cccc(Cl)c1,7.42
D3,CHEMBL3597654,COc1ccccc1N1CCN(CC(O)CCNC(=O)c2ccc3cccnc3c2)CC1,7.42
D3,CHEMBL3642788,O=C(N[C@H]1CC[C@H](CCN2CCN(c3nccc4c3CCO4)CC2)CC1)C(O)C(F)(F)F,7.42
D3,CHEMBL3642763,CN(C)C(=O)CCC(=O)N[C@H]1CC[C@H](CCN2CCN(c3nccc4c3CCO4)CC2)CC1,7.42
D3,CHEMBL3642782,Cc1cnc(N2CCN(CC[C@H]3CC[C@H](NC(=O)CC4CCOCC4)CC3)CC2)c2ccoc12,7.42
D3,CHEMBL3642710,O=C(N[C@H]1CC[C@H](CCN2CCN(c3nccc4c3CCO4)CC2)CC1)C1CCOCC1,7.42
D3,CHEMBL3799311,Cl.O=C(NCCCCN1CCN(c2cccc(Cl)c2Cl)CC1)Oc1ccc(F)c2ccccc12,7.42
D3,CHEMBL3817898,COc1ccc(C(=O)CCCN2CCc3ccccc3C2)cc1,7.42
D3,CHEMBL4091933,O=C1CCc2ccc(OCCCCN3CCN(c4ccc(O)c5c4OCCO5)CC3)cc2N1,7.42
D3,CHEMBL4548340,Cn1c(C(=O)N2CCN(CCOc3cccnc3)CC2)cc2ccccc21,7.42
D3,CHEMBL4846866,CN1CCN(Cc2ccc(OCCCCN3CCC(c4noc5cc(F)ccc45)CC3)cc2)CC1,7.42
D3,CHEMBL2104523,CCOc1cc(N)c([N+](=O)[O-])cc1C(=O)NC1CCN(CC2CC=CCC2)CC1,7.42
D3,CHEMBL30206,COc1c(C(=O)NCCN2CCN(c3ccccc3Cl)CC2)cc(Br)c2ccccc12,7.41
D3,CHEMBL316014,CCN(CC)CCCOc1ccc(-c2nc3ccccc3n2C/C=C/Cn2c(-c3ccc(OCCCC4CCCCC4)cc3)nc3ccccc32)cc1,7.41
D3,CHEMBL192795,CCCN(CCC)[C@H]1CCc2c(ccn2C=O)C1,7.41
D3,CHEMBL241660,O=C(NCCCCN1CCN(C(c2ccccc2)c2ccc(Cl)cc2)CC1)c1cccs1,7.41
D3,CHEMBL1765631,CCCN(CCCCNC(=O)c1ccc(-c2ccccc2)cc1)C1CCn2ncc(C=O)c2C1,7.41
D3,CHEMBL415,CN(C)CCCN1c2ccccc2CCc2ccc(Cl)cc21,7.41
D3,CHEMBL2165679,CCC(=O)NCCCCN1CCN(c2ccccc2OC)CC1,7.41
D3,CHEMBL2037521,c1cnc(N2CCN(CCCCc3nc4ccccc4s3)CC2)nc1,7.41
D3,CHEMBL3318837,O=C(CCCCCCCCC(=O)OC1(c2ccc(Cl)cc2)CCN(CCCC(=O)c2ccc(F)cc2)CC1)OC1(c2ccc(Cl)cc2)CCN(CCCC(=O)c2ccc(F)cc2)CC1,7.41
D3,CHEMBL3664879,COC1(C(=O)N[C@H]2CC[C@H](CCN3CCC(c4cccc5c4OCO5)CC3)CC2)CCCCC1,7.41
D3,CHEMBL3664874,CC1(C(=O)N[C@H]2CC[C@H](CCN3CCC(c4cccc5c4OCO5)CC3)CC2)COC1,7.41
D3,CHEMBL4455719,CCCN(CCCCNC(=O)c1ccc(-c2ccccn2)cc1)CC1CC1c1cc(Cl)ccc1OC.Cl,7.41
D3,CHEMBL567,OCCN1CCN(CCCN2c3ccccc3Sc3ccc(Cl)cc32)CC1,7.41
D3,CHEMBL5399833,C#CCOc1ccc(NC(=O)NCCCN2CCN(c3ccccc3OC)CC2)c(-c2ccccc2)c1,7.41
D3,CHEMBL5424241,CCc1cc(Cl)c(OC)c(N2CCN(CC[C@H]3CC[C@H](NC(=O)OC(C)(C)C)CC3)CC2)c1,7.41
D3,CHEMBL543041,C(=C/c1cc(CCCCN2CCN(C(c3ccccc3)c3ccccc3)CC2)on1)\c1ccccc1.Cl,7.4
D3,CHEMBL165440,c1cnc(N[C@H]2CC[C@H](CCN3CCc4ccccc4C3)CC2)nc1,7.4
D3,CHEMBL339620,COc1ccccc1N1CCN(Cc2ccc(CNC(=O)c3ccc4ccccc4c3)cc2)CC1.O=C(O)C(=O)O,7.4
D3,CHEMBL103622,CCCN(CCC)C1CCc2sccc2C1,7.4
D3,CHEMBL55524,O=C(/C=C\c1ccccc1)NCCCCN1CCc2ccc(OS(=O)(=O)C(F)(F)F)cc2C1,7.4
D3,CHEMBL277684,CCN(CC)Cc1ccc(-c2cc(S(=O)(=O)CC)ccc2OC)[nH]1,7.4
D3,CHEMBL436447,COc1c(C(=O)NCCN2CCN(c3cccc(Cl)c3Cl)CC2)cc(Cl)c2ccccc12,7.4
D3,CHEMBL161811,CCCN(CCC)[C@@H]1CCc2c(OS(=O)(=O)C(F)(F)F)cccc2[C@@H]1C,7.4
D3,CHEMBL144600,COc1ccc(S(N)(=O)=O)cc1-c1ccc(CN2CCCCCC2c2ccccc2)[nH]1,7.4
D3,CHEMBL201386,CC(C)(C)c1nc(N2CCN(CCCCN3C(=O)CC(=O)c4ccccc43)CC2)cc(C(F)(F)F)n1,7.4
D3,CHEMBL231326,CCCCc1ccc(S(=O)(=O)Nc2ccc3c(c2)CNC3)cc1,7.4
D3,CHEMBL388674,CN1CCc2ccc(NS(=O)(=O)c3ccc(-c4ccc(Cl)cc4)s3)cc2CC1,7.4
D3,CHEMBL231158,COc1ccccc1N1CCN(CCCCOc2ccc(-c3cn4ccc(C)cc4n3)cc2)CC1,7.4
D3,CHEMBL243899,Cc1cc(-c2ccc3c(c2)CCN(CCCSc2nnc(C)n2C)CC3)no1,7.4
D3,CHEMBL249793,CCCN1CCOC(c2ccc(O)c(N)c2)C1,7.4
D3,CHEMBL256652,Cc1ccc2c(-c3nnc(SCCCN4CCc5cc6c(cc5CC4)N(C)C(=O)CO6)n3C)cccc2n1,7.4
D3,CHEMBL255619,Cc1ncoc1-c1nnc(SCCCN2CCc3cc4nc(CC5CC5)oc4cc3CC2)n1C,7.4
D3,CHEMBL258090,Cc1ccc2c(-c3nnc(SCCCN4CCc5cc6nc(CC(F)(F)F)oc6cc5CC4)n3C)cccc2n1,7.4
D3,CHEMBL256482,CCc1nc2cc3c(c(Br)c2o1)CCN(CCCCSc1nnc(-c2cccc4nc(C)ccc24)n1C)CC3,7.4
D3,CHEMBL271072,Cc1ccc2c(-c3nnc(SCCCCN4CCc5cc6nc(C)oc6c(Br)c5CC4)n3C)cccc2n1,7.4
D3,CHEMBL402087,Cc1ccc2c(-c3nnc(SCCCN4CCc5cc6nc(C(C)(C)C)oc6c(C)c5CC4)n3C)cccc2n1,7.4
D3,CHEMBL272694,Cc1ccc2c(-c3nnc(SCCCN4CCc5cc6nc(C)oc6c(C)c5CC4)n3C)cccc2n1,7.4
D3,CHEMBL270852,Cc1ccc2c(-c3nnc(SCCCCN4CCc5cc6c(cc5CC4)C(=O)N(C(C)C)C6)n3C)cccc2n1,7.4
D3,CHEMBL477207,COc1ccc(N2CCN(CCCCN3CCCc4ccccc4C3=O)CC2)cc1,7.4
D3,CHEMBL485352,CCCN1CCO[C@@H]2c3cc(C#N)ccc3CC[C@H]21,7.4
D3,CHEMBL559386,CC(C)Oc1cccc(N2CCN(CCN3Cc4ccccc4C3)C2=O)c1,7.4
D3,CHEMBL550849,O=C1N(CCN2CCC(C(F)(F)F)CC2)CCN1c1cccc(Cl)c1F,7.4
D3,CHEMBL562836,CN(CCN1CCN(c2ccc(F)cc2)C1=O)C[C@]12CC[C@H](CC1)C2(C)C,7.4
D3,CHEMBL1257686,Cc1ncoc1-c1nnc(SCCCN2CCC3(c4ccc(C(F)(F)F)cc4)CC3C2)n1C,7.4
D3,CHEMBL2430441,COc1ccc(-c2cn(CCCCN3CCN(c4ccccc4OC)CC3)nn2)cc1,7.4
D3,CHEMBL3344458,CCCCc1cc2c(s1)C[C@H]1c3cc(O)c(OC)cc3CCN1C2,7.4
D3,CHEMBL3358103,COc1cccc(N2CCN(CCCCNC(=O)c3c[nH]c4ccccc34)CC2)c1,7.4
D3,CHEMBL3358513,O=C(NCCCCN1CCN(c2cnc3ccccc3c2)CC1)c1ccccc1,7.4
D3,CHEMBL3764597,Cn1c(SCCCN2CCOC(c3ccc(C(F)(F)F)cc3F)C2)nnc1-c1ccc(C(N)=O)cc1,7.4
D3,CHEMBL4083727,Oc1ccc(N2CCN(CCCCOc3ccn4nccc4c3)CC2)c2c1OCCO2,7.4
D3,CHEMBL4535104,COc1ccccc1N1CCC2(CCN(CCCSc3nnc(-c4ccc(F)cc4)n3C)CC2)CC1,7.4
D3,CHEMBL142635,COc1ccccc1N1CCN(CC(O)COc2cccc3ccccc23)CC1,7.4
D3,CHEMBL5433001,CCOc1cc2c(cc1O)[C@@H]1Cc3ccc(O)c(OC)c3CN1CC2,7.4
D3,CHEMBL401223,O=C(/C=C/c1ccccc1)NCCCCN1CCCN(C(c2ccccc2)c2ccccc2)CC1,7.39
D3,CHEMBL478688,COc1cccc(N2CCN(CCCCN3CCc4ccccc4C3=O)CC2)c1,7.39
D3,CHEMBL1223800,Clc1cccc(N2CCN(CCCCNc3ccc(-c4ccccc4)cn3)CC2)c1Cl,7.39
D3,CHEMBL2420893,Clc1cccc(N2CCN(Cc3ccccc3)CC2)c1Cl,7.39
D3,CHEMBL2420780,Clc1cccc(N2CCN(Cc3cccnc3)CC2)c1Cl,7.39
D3,CHEMBL3318824,CCC(=O)OC1(c2ccc(Cl)cc2)CCN(CCCC(=O)c2ccc(F)cc2)CC1,7.39
D3,CHEMBL3358098,O=C(NCCCCN1CCN(c2ccccn2)CC1)c1cc2ccccc2cn1,7.39
D3,CHEMBL3588989,COc1ccccc1N1CCN(CC(O)CCn2cc(-c3ccc4ccccc4c3)nn2)CC1,7.39
D3,CHEMBL3642815,COC(C)CC(=O)N[C@H]1CC[C@H](CCN2CCN(c3nccc4c3CCO4)CC2)CC1,7.39
D3,CHEMBL3664862,O=C(N[C@H]1CC[C@H](CCN2CCC(c3cccc4c3OCO4)CC2)CC1)C1(C(F)(F)F)CC1,7.39
D3,CHEMBL4229178,CCCCCCCCCCN1CCC(c2cccc(O)c2)C1,7.39
D3,CHEMBL4551518,CCc1cc(Cl)c(OC)c(N2CCN(CCCCOc3ccc4c(c3)NC(=O)CC4)CC2)c1,7.39
D3,CHEMBL4445988,COc1ccc(OCCN2CCN(C(=O)c3cc4ccccc4[nH]3)CC2)c(Cl)c1,7.39
D3,CHEMBL4848815,CCC(CNC(=O)/N=C(\N)NCCCc1sc(N)nc1C)c1ccccc1,7.39
D3,CHEMBL28218,O=C(CCCN1CCC(O)(c2ccc(Br)cc2)CC1)c1ccc(F)cc1,7.39
D3,CHEMBL6003918,CC(C)(C)c1nc(N2CCN(CCCCNC(=O)N3CCc4[nH]c5ccc(C#N)cc5c4C3)CC2)cc(C(F)(F)F)n1,7.39
D3,CHEMBL5990033,Cc1ncoc1-c1nnc(SCCCN2CCC3CCN(c4ccc(C(F)(F)F)cc4)CC32)n1C,7.39
D3,CHEMBL86504,FC(F)(F)c1nc2c(OCCNCc3ccccc3)cc(Cl)cc2[nH]1,7.38
D3,CHEMBL267044,CCN1CCC[C@H]1CNC(=O)c1cc(S(N)(=O)=O)ccc1OC,7.38
D3,CHEMBL127080,COc1ccccc1N1CCN(CCCCNC(=O)C2(c3ccc(Cl)cc3)CCCC2)CC1.O=C(O)C(=O)O,7.38
D3,CHEMBL246637,OC1(c2ccc(Cl)c(Cl)c2)CCN(Cc2c[nH]c3ccccc23)CC1,7.38
D3,CHEMBL305660,CC(C)(C)c1ccc(C(=O)CCCN2CCC(OC(c3ccccc3)c3ccccc3)CC2)cc1,7.38
D3,CHEMBL2420779,CCOc1ccccc1N1CCN(Cc2cccnc2)CC1,7.38
D3,CHEMBL3676927,O=C(N[C@H]1CC[C@H](CCN2CCC(c3coc4ccccc34)CC2)CC1)c1ccc(C2CCCCC2)cc1,7.38
D3,CHEMBL3695406,O=C(N[C@H]1CC[C@H](CCN2CCC(c3cccc4c3CCO4)CC2)CC1)C1CCCO1,7.38
D3,CHEMBL3901211,Cc1ncoc1-c1nnc(SCCCN2CC[C@@]3(C[C@@H]3c3ccccc3)C2)n1C,7.38
D3,CHEMBL4084712,CN1CCCN(c2ccc(O)c3c2OCC(=O)N3)CC1,7.38
D3,CHEMBL4473910,O=C(c1cc2ccccc2o1)N1CCN(CCOc2cccnc2)CC1,7.38
D3,CHEMBL5908812,Cc1cc(N2CCN(CCCCNC(=O)N3CCN(c4ccccc4)CC3)CC2)nc(C(F)(F)F)n1,7.38
D3,CHEMBL341578,CN(C)C(=O)C1(c2ccc(Cl)cc2)CCN(CCCC(=O)c2ccc(F)cc2)CC1,7.37
D3,CHEMBL99849,CS(=O)(=O)Nc1cccc(OCCNCc2ccccc2)c1,7.37
D3,CHEMBL240587,O=C1c2ccccc2C(=O)N1CCCCN1CCCN(C(c2ccccc2)c2ccc(Cl)cc2)CC1,7.37
D3,CHEMBL1087300,CN1CCc2ccccc2Cc2c[nH]c3cccc(c23)CC1,7.37
D3,CHEMBL2420892,CCOc1ccccc1N1CCN(Cc2ccccc2)CC1,7.37
D3,CHEMBL3612358,CN1CCC[C@H]1c1ccc[n+](CCCCCNCC2CCc3ccc(O)cc3O2)c1.[Br-],7.37
D3,CHEMBL3642685,O=C(CO)N[C@H]1CC[C@H](CCN2CCN(c3nccc4occc34)CC2)CC1,7.37
D3,CHEMBL4444691,CCCN(CCCCNC(=O)c1ccc2ccccc2c1)CC1CC1c1ccc(C(F)(F)F)cc1.Cl,7.37
D3,CHEMBL5942591,CC(C)(C)c1nc(N2CCN(CCCCNC(=O)N3CCN(c4ccccc4)CC3)CC2)c2ccccc2n1,7.37
D3,CHEMBL192746,CCCN(CCC)[C@@H]1CCc2c(ccn2C=O)C1,7.36
D3,CHEMBL562620,COc1ccccc1N1CCN(Cc2cc3ccccn3n2)CC1,7.36
D3,CHEMBL1684027,CCCN1CCc2cccc3c2C1Cc1cccc(OCc2cn(CCN4CCN(c5ccccc5OC)CC4)nn2)c1-3,7.36
D3,CHEMBL1765636,CCCCC(=O)NCCCCN(CCC)C1Cc2ccccc2C1,7.36
D3,CHEMBL2386622,COc1ccccc1N1CCCN(CCCCNC(=O)c2cccc(OC)c2OC)CC1,7.36
D3,CHEMBL3695436,CN(C)C(=O)N[C@H]1CC[C@H](CCN2CCC(c3cccc4c3CCO4)CC2)CC1,7.36
D3,CHEMBL3779928,CCOc1ccc2c(c1OC)CN1CCc3cc(OC)c(O)cc3C1C2,7.36
D3,CHEMBL4590966,CCN(CCCSc1nnc(-c2ccccc2)n1C)CC1CC1c1cc(F)ccc1OC.Cl,7.36
D3,CHEMBL4846638,Cc1nc(N)sc1CCCN/C(N)=N/C(=O)NCC(C)C1CCCCC1,7.36
D3,CHEMBL4854126,O=C(NCCCCN1CCO[C@@H]2c3ccccc3OC[C@H]21)c1ccc(-c2ccccc2)cc1,7.36
D3,CHEMBL5394229,COc1ccccc1N1CCN(CCCNC(=O)Nc2ccccc2-c2ccc(-c3ccccc3)cc2)CC1,7.36
D3,CHEMBL5764071,CC(C)(C)c1nc(N2CCN(CCCCNC(=O)N3CCC(Oc4ccccc4)CC3)CC2)cc(C(F)(F)F)n1,7.36
D3,CHEMBL5841187,CC(C)(C)c1nc(N2CCN(CCCCNC(=O)N3CCCN(c4ccccc4)CC3)CC2)cc(C(F)(F)F)n1,7.36
D3,CHEMBL6045375,Cn1nccc1-c1nnc(SCCCN2C[C@H]3CCN(c4ccccc4C(F)(F)F)[C@H]3C2)n1C,7.36
D3,CHEMBL314548,CCCN(CCC)C1CCc2ccc3occc3c2C1,7.35
D3,CHEMBL120661,Cc1c(C)c2ccc(OCCCN3CCN(c4ccccc4)CC3)cc2oc1=O,7.35
D3,CHEMBL364270,CN(C)C[C@@H]1CC2c3ccccc3Oc3ccc(Cl)cc3[C@H]2O1,7.35
D3,CHEMBL566508,CSc1ncc2c(n1)CC(CN1CCC(c3noc4cc(F)ccc34)CC1)CC2=O,7.35
D3,CHEMBL2420890,CCOc1ccccc1N1CCN(Cc2csc3ccccc23)CC1,7.35
D3,CHEMBL2420772,Clc1cccc(N2CCN(Cc3cccs3)CC2)c1Cl,7.35
D3,CHEMBL3323113,CC(C)(C)c1nc(N2CCN(CCCCNC(=O)c3cn4c(CO)cccc4n3)CC2)cc(C(F)(F)F)n1,7.35
D3,CHEMBL3358507,O=C(NCCCCN1CCN(c2ccccc2)CC1)[C@@H]1CCc2ccccc2N1,7.35
D3,CHEMBL3597651,COc1ccccc1N1CCN(CC(O)CCNC(=O)c2cnc3ccc(F)cc3c2)CC1,7.35
D3,CHEMBL3642802,O=C(N[C@H]1CC[C@H](CCN2CCN(c3nccc4c3CCO4)CC2)CC1)c1ccc(-n2cccn2)cc1,7.35
D3,CHEMBL3642816,CC[C@@H](O)CC(=O)N[C@H]1CC[C@H](CCN2CCN(c3nccc4c3CCO4)CC2)CC1,7.35
D3,CHEMBL3642733,O=C(N[C@H]1CC[C@H](CCN2CCN(c3nccc4c3CCO4)CC2)CC1)c1ccc(N2CCCCC2)cc1,7.35
D3,CHEMBL3642795,O=C(N[C@H]1CC[C@H](CCN2CCN(c3nccc4c3CCO4)CC2)CC1)c1ccc(N2CCOCC2)nc1,7.35
D3,CHEMBL4475482,CCOc1ccccc1N1CCC2(CCN(CCCSc3nnc(-c4ccccc4)n3C)CC2)CC1,7.35
D3,CHEMBL4538239,O=C(c1n[nH]c2ccccc12)N1CCN(CCOc2cccnc2)CC1,7.35
D3,CHEMBL310843,Clc1ccc(N2CCN(Cc3cc4ccccn4n3)CC2)cc1,7.34
D3,CHEMBL78933,CCc1c(C2CCN(Cc3ccccc3)CC2)n[nH]c1-c1ccc(Cl)cc1,7.34
D3,CHEMBL190679,CCCN(CCC)[C@H]1CCn2c(ccc2C(C)=O)C1,7.34
D3,CHEMBL574030,COc1ccc(-n2cc(C(=O)NCCCCN3CCN(c4cccc(Cl)c4Cl)CC3)nn2)cc1,7.34
D3,CHEMBL1113,Clc1ccc2c(c1)C(N1CCNCC1)=Nc1ccccc1O2,7.34
D3,CHEMBL3358495,Cc1cccc(N2CCN(CCCCNC(=O)c3cc4ccccc4cn3)CC2)n1,7.34
D3,CHEMBL3642732,C[C@]1(O)CC[C@@H](C(=O)N[C@H]2CC[C@H](CCN3CCN(c4nccc5c4CCO5)CC3)CC2)CC1,7.34
D3,CHEMBL3642715,COCC(=O)N[C@H]1CC[C@H](CCN2CCN(c3nccc4c3CCO4)CC2)CC1,7.34
D3,CHEMBL3957256,O=C(N[C@H]1CC[C@H](CCN2CCC(c3noc4cc(F)ccc34)CC2)CC1)c1ccc(N2CCOCC2)c(F)c1,7.34
D3,CHEMBL4452329,CCCN(CCCCNC(=O)c1ccc(-c2ccccn2)cc1)CC1CC1c1cccc(F)c1.Cl,7.34
D3,CHEMBL4569006,CCCN(CCCCNC(=O)c1cc2ccccc2[nH]1)CC1CC1c1ccc(F)cc1.Cl,7.34
D3,CHEMBL4865765,Cc1nc(N)sc1CCCN/C(N)=N/C(=O)NCC(C)CCc1ccccc1,7.34
D3,CHEMBL53904,OCCN1CCN(CC/C=C2/c3ccccc3Sc3ccc(Cl)cc32)CC1,7.34
D3,CHEMBL5410387,CCCOc1cc2c(cc1O)[C@@H]1Cc3ccc(O)c(OC)c3CN1CC2,7.34
D3,CHEMBL169222,CNc1cc(OC)c(C(=O)NC[C@@H]2CCN(Cc3ccccc3)C2)cc1Cl,7.33
D3,CHEMBL201170,CN1CCc2ccccc2Cc2ccc(O)cc2CC1,7.33
D3,CHEMBL240377,O=C1c2ccccc2C(=O)N1CCCCN1CCN(C(c2ccccc2)c2ccccc2)CC1,7.33
D3,CHEMBL458758,O=C(NCCCCN1CCN(c2cccc(OCCF)c2)CC1)c1ccc(-n2ccnc2)cc1,7.33
D3,CHEMBL1169895,O=C(O)C(=O)O.O=c1[nH]c2ccccc2n1C1CCN(Cc2csc3ccccc23)CC1,7.33
D3,CHEMBL3318847,CN(CCC(=O)OC1(c2ccc(Cl)cc2)CCN(CCCC(=O)c2ccc(F)cc2)CC1)CCN(C)CCC(=O)OC1(c2ccc(Cl)cc2)CCN(CCCC(=O)c2ccc(F)cc2)CC1,7.33
D3,CHEMBL3642787,COCCC(=O)N[C@H]1CC[C@H](CCN2CCN(c3ncc(C)c4c3CCO4)CC2)CC1,7.33
D3,CHEMBL3642756,O=C(N[C@H]1CC[C@H](CCN2CCN(c3nccc4c3CCO4)CC2)CC1)C(F)(F)F,7.33
D3,CHEMBL3775572,Cn1c(SCCCN2CC3CCN(c4ccc(C(F)(F)F)cc4)C3C2)nnc1-c1cncnc1,7.33
D3,CHEMBL5399270,Clc1cccc(N2CCN(CCC3(c4ccccn4)CCOCC3)CC2)c1Cl,7.33
D3,CHEMBL5974045,CC(C)(C)c1nc(N2CCN(CCCCNC(=O)N3CCN(c4ccc(Cl)c(Cl)c4)CC3)CC2)cc(C(F)(F)F)n1,7.33
D3,CHEMBL5940122,Cn1c(SCCCN2C[C@H]3CCN(c4ccccc4C(F)(F)F)[C@H]3C2)nnc1-c1cccnc1,7.33
D3,CHEMBL349034,Fc1ccc(N2CCN(CC[C@H]3CC[C@H](Nc4ncccn4)CC3)CC2)cc1,7.32
D3,CHEMBL201525,CN1CCc2ccccc2Cc2ccccc2CC1,7.32
D3,CHEMBL3664858,O=C(N[C@H]1CC[C@H](CCN2CCC(c3cccc4c3OCO4)CC2)CC1)C1CCCO1,7.32
D3,CHEMBL3642784,CC(=O)N[C@H]1CC[C@H](CCN2CCN(c3ncc(C)c4c3CCO4)CC2)CC1,7.32
D3,CHEMBL4102646,CN1CCN(c2ccc(O)c3c2OCC(=O)N3)CC1,7.32
D3,CHEMBL4562787,CCN1CCN(c2ccc3c(c2)CCN3S(=O)(=O)c2ccccc2)CC1,7.32
D3,CHEMBL24778,C[C@H](Cc1cc2c(c(C(N)=O)c1)N(CCCO)CC2)NCCOc1ccccc1OCC(F)(F)F,7.32
D3,CHEMBL6056753,CC(C)(C)c1nc(N2CCN(CCCCNC(=O)N3CCN(c4cc(C#N)cc(C(F)(F)F)c4)CC3)CC2)cc(C(F)(F)F)n1,7.32
D3,CHEMBL51536,Cc1ccc(C(=O)NCN2CCN(c3ccccc3Cl)CC2)cc1,7.31
D3,CHEMBL445102,OC1(c2ccc(Cl)cc2)CCN(Cc2c[nH]c3ccccc23)CC1,7.31
D3,CHEMBL372854,CCCN(CCC)[C@H]1CCn2c(/C=N\O)ccc2C1,7.31
D3,CHEMBL244775,O=C(NC/C=C/C[N+]1([O-])CCN(c2cccc(Cl)c2Cl)CC1)c1ccc(-c2ccccn2)cc1,7.31
D3,CHEMBL1170456,O=C(O)C(=O)O.OC1(c2ccc(I)cc2)CCN(Cc2cc3ccccc3o2)CC1,7.31
D3,CHEMBL1729,COc1cc(N)c(Cl)cc1C(=O)NC1CCN(CCCOc2ccc(F)cc2)CC1OC,7.31
D3,CHEMBL1940403,OC1(c2ccc(Cl)cc2)CCN(CCCSc2ccc(F)cc2)CC1,7.31
D3,CHEMBL1940404,OC1(c2ccc(Cl)cc2)CCN(CCCOc2ccc(F)cc2)CC1,7.31
D3,CHEMBL4226336,CCCCCCCN1CCC(c2cccc(O)c2)C1,7.31
D3,CHEMBL4554630,CCn1c(SCCCN2CCC3(CC2)CCN(c2ccccc2OC)CC3)nnc1-c1ccccc1,7.31
D3,CHEMBL5763173,CC(C)(C)c1nc(N2CCN(CCCCNC(=O)N3CCN(c4cccc(-c5ccccc5)c4)CC3)CC2)cc(C(F)(F)F)n1,7.31
D3,CHEMBL416939,COc1c(C(=O)NCCN2CCN(c3ccccc3)CC2)cc(Cl)c2ccccc12,7.3
D3,CHEMBL29182,COc1c(C(=O)NCCN2CCN(c3cccc(C)c3C)CC2)cc(Br)c2ccccc12,7.3
D3,CHEMBL97107,O=C(NCCCCN1CC[C@@H]2c3ccccc3CC[C@@H]21)c1ccc(-c2ccccc2)cc1,7.3
D3,CHEMBL329702,CS(=O)(=O)Oc1ccc2c(c1)CC[C@H]1[C@H]2CCN1CCCCNC(=O)c1ccc(-c2ccccc2)cc1,7.3
D3,CHEMBL133018,CCCN(CCC)[C@@H]1CCc2c(ccc(C(O)Cc3ccc(OC)cc3)c2OC)C1,7.3
D3,CHEMBL346512,N#CCCCN(CCCN1CCN(c2ccccc2)CC1)C1CCc2ccc(O)cc2C1,7.3
D3,CHEMBL325658,CCS(=O)(=O)c1ccc(OC)c(-c2ccc(CN3CCCCCC3c3cccc(OC)c3)[nH]2)c1,7.3
D3,CHEMBL54715,Cc1ccccc1-c1ccc(C(=O)NCCCCN2CCc3ccc(OS(=O)(=O)C(F)(F)F)cc3C2)cc1,7.3
D3,CHEMBL54948,Cc1cc(C(=O)NCCCCN2CCc3ccc(OS(=O)(=O)C(F)(F)F)cc3C2)ccc1-c1ccccc1,7.3
D3,CHEMBL355444,COc1c(C(=O)NCCN2CCN(c3ccccc3C#N)CC2)cc(Br)c2ccccc12,7.3
D3,CHEMBL169229,COc1c(C(=O)NCCN2CCN(c3cccc(Cl)c3C)CC2)cc(Br)c2ccccc12,7.3
D3,CHEMBL347155,Clc1ccc(N2CCN(CCc3cc4ccc[nH]c-4n3)CC2)cc1,7.3
D3,CHEMBL120590,O=c1ccc2ccc(OCCCN3CCN(c4ccccc4)CC3)cc2o1,7.3
D3,CHEMBL387569,COc1ccccc1N1CCN(CCCOc2ccc(-c3cn4cccc(C)c4n3)cc2)CC1,7.3
D3,CHEMBL239065,O=C(/C=C/c1ccccc1)NCCCCN1CCN2c3ccccc3Cc3ccccc3C2C1,7.3
D3,CHEMBL394473,C#Cc1cccc(C(=O)NCCN2CCN(c3cccc(Cl)c3Cl)CC2)c1,7.3
D3,CHEMBL402016,Cc1ccc2c(-c3nnc(SCCCN4CCc5cc6nc(C(F)(F)F)oc6cc5CC4)n3C)cccc2n1,7.3
D3,CHEMBL272695,Cc1ccc2c(-c3nnc(SCCCN4CCc5cc6nc(C7CC7)oc6cc5CC4)n3C)cccc2n1,7.3
D3,CHEMBL271844,Cc1ccc2c(-c3nnc(SCCCN4CCc5cc6ncoc6cc5CC4)n3C)cccc2n1,7.3
D3,CHEMBL273165,Cc1ccc2c(-c3nnc(SCCC(C)N4CCc5cc6nc(C)oc6c(Br)c5CC4)n3C)cccc2n1,7.3
D3,CHEMBL459373,CN(CCCN1c2ccccc2Sc2ccc(Cl)cc21)Cc1ccc(OCCCN2CCCCC2)cc1,7.3
D3,CHEMBL517407,CN(CC/C=C1\c2ccccc2Sc2ccc(Cl)cc21)Cc1ccc(OCCCN2CCCCC2)cc1,7.3
D3,CHEMBL561128,O=C1N(CCN2CCC(c3ccc(Cl)cc3)CC2)CCN1c1cccc(Cl)c1,7.3
D3,CHEMBL564347,CN(CCN1CCN(c2ccc3c(c2)OCO3)C1=O)C[C@]12CC[C@H](CC1)C2(C)C,7.3
D3,CHEMBL567919,CN(CCN1CCN(C2COOC2)C1=O)C[C@]12CC[C@H](CC1)C2(C)C,7.3
D3,CHEMBL1081487,COc1cccc(N2CCN(CCN3CCCCCC3)C2=O)c1,7.3
D3,CHEMBL1081580,Cc1ncoc1-c1nnc(SCCCN2C[C@H]3C[C@@]3(c3ccc(C(F)(F)F)cc3)C2)n1C,7.3
D3,CHEMBL1257335,Cc1ncoc1-c1nnc(SCCCNC2CC3CC3(c3ccccc3)C2)n1C,7.3
D3,CHEMBL1257214,Cc1nc(C)c(-c2nnc(SCCCN3CCC4(CCc5ccc(F)cc54)C3)n2C)s1,7.3
D3,CHEMBL1257337,Cc1ncoc1-c1nnc(SCCCN2[C@@H]3CC[C@H]2C[C@@H](c2cccc(C(F)(F)F)c2)C3)n1C,7.3
D3,CHEMBL1631545,Cc1ccc2c(N3CCN(CCc4cccc(-n5cccn5)c4)CC3)cccc2n1,7.3
D3,CHEMBL2158636,Br.Oc1ccc([C@H]2CN[C@@H]3CCc4cc(O)c(O)cc4[C@H]3C2)cc1,7.3
D3,CHEMBL3664846,CO[C@@H](C)C(=O)N[C@H]1CC[C@H](CCN2CCC(c3cccc4c3OCO4)CC2)CC1,7.3
D3,CHEMBL3775583,Cn1c(SCCCN2CC3CCN(c4ccc(C(F)(F)F)cc4)C3C2)nnc1-c1cccnn1,7.3
D3,CHEMBL3818805,O=c1[nH]c2cc(Cl)ccc2n1C1CCN(CCCCc2c[nH]c3ccccc23)CC1,7.3
D3,CHEMBL4061986,Oc1ccc(N2CCN(CCCCOc3ccn4nccc4c3)CC2)c2cccnc12,7.3
D3,CHEMBL4567332,COc1cccc(OCCN2CCN(C(=O)c3cc4cccnc4[nH]3)CC2)c1,7.3
D3,CHEMBL4876353,CCc1cc(Cl)c(OC)c(C(=O)NC[C@@H]2CCCN2CCc2c(C)nc3n(c2=O)CCCC3)c1O,7.3
D3,CHEMBL152408,CN1CCC(=C2c3ccccc3Sc3ccccc32)CC1,7.3
D3,CHEMBL140968,COc1ccccc1N1CCN(CCCCCNC(=O)c2cc3ccccn3n2)CC1,7.29
D3,CHEMBL3642731,C[C@]1(O)CC[C@H](C(=O)N[C@H]2CC[C@H](CCN3CCN(c4nccc5c4CCO5)CC3)CC2)CC1,7.29
D3,CHEMBL4105375,N#Cc1cccc(N2CCN(C[C@@H]3C[C@H]3CNC(=O)c3ccnc4ccccc34)CC2)c1,7.29
D3,CHEMBL5399166,CCCCOc1cc2c(cc1O)[C@@H]1Cc3ccc(O)c(OC)c3CN1CC2,7.29
D3,CHEMBL5426620,CN(C)C(=O)N1CCC(O)(CCCN2CCN(c3cccc(Cl)c3Cl)CC2)CC1,7.29
D3,CHEMBL6010077,CC(C)(C)c1nc(N2CCN(CCCCNC(=O)N3CCC(O)(c4ccc(Cl)cc4)CC3)CC2)cc(C(F)(F)F)n1,7.29
D3,CHEMBL5815426,Cn1c(SCCCN2C[C@@H]3CCN(c4cccnc4)[C@@H]3C2)nnc1C1CCOCC1,7.29
D3,CHEMBL72292,CN1CCN(C2=Nc3ccccc3Nc3ccc(OS(=O)(=O)C(F)(F)F)cc32)CC1,7.28
D3,CHEMBL543040,Cl.c1ccc(C(c2ccccc2)N2CCN(CCCCc3cc(-c4cccs4)no3)CC2)cc1,7.28
D3,CHEMBL70319,CN1CCN(C2=Nc3cc(Cl)ccc3Nc3ccc(OS(=O)(=O)C(F)(F)F)cc32)CC1,7.28
D3,CHEMBL340211,O=C(CCCN1CCN(c2ccccn2)CC1)c1ccc(F)cc1,7.28
D3,CHEMBL1204122,Br.CN1CCc2ccccc2Cc2ccc(O)cc2CC1,7.28
D3,CHEMBL246644,OC1(c2ccc(Cl)cc2)CCN(Cc2coc3ccccc23)CC1,7.28
D3,CHEMBL1223747,FC(F)(F)c1cccc(N2CCN(CCCCNc3ccc4ccccc4n3)CC2)c1,7.28
D3,CHEMBL1257688,O=C(CCCN1CCC(O)(c2cc3ccc2CCc2ccc(cc2)CC3)CC1)c1ccc(F)cc1,7.28
D3,CHEMBL3216146,CN(C)c1ccc(Cc2ccc3c4c2-c2c(ccc(O)c2O)C[C@H]4N(C)CC3)cc1.Cl.Cl,7.28
D3,CHEMBL2420891,Clc1cccc(N2CCN(Cc3csc4ccccc34)CC2)c1Cl,7.28
D3,CHEMBL3358502,Cc1cccc(N2CCN(CCCCNC(=O)c3ccc4ccccc4n3)CC2)c1,7.28
D3,CHEMBL3597648,COc1ccccc1N1CCN(CC(O)CCNC(=O)c2ccc3cc(F)ccc3n2)CC1,7.28
D3,CHEMBL3597652,COc1ccccc1N1CCN(CC(O)CCNC(=O)c2cnc3ccc(C)cc3c2)CC1,7.28
D3,CHEMBL3642792,Cc1ccc(C(=O)N[C@H]2CC[C@H](CCN3CCN(c4nccc5c4CCO5)CC3)CC2)cn1,7.28
D3,CHEMBL3780506,CCCOc1ccc2c(c1OC)CN1CCc3cc(OC)c(O)cc3C1C2,7.28
D3,CHEMBL3798179,CN(CCCCNC(=O)c1cc2ccccc2[nH]1)[C@@H]1Cc2cccc3[nH]c(=O)n(c23)C1,7.28
D3,CHEMBL81675,CCCN1CCC(c2cccc(O)c2)C1,7.28
D3,CHEMBL5207676,CCc1c(C)c2n(c1C)[B-](F)(F)[N+]1=C3C=CC=C(NCCCCN4CCN(c5cccc(Cl)c5Cl)CC4)N3[B-](F)(F)[N+]1=C2,7.28
D3,CHEMBL5395539,CN(C)C(=O)C(CCN1C[C@H](F)C[C@H]1C(=O)NCCCCN1CCN(c2nsc3ccccc23)CC1)(c1ccccc1)c1ccccc1,7.28
D3,CHEMBL5951106,Cn1c(SCCCN2CC3CCN(c4ccc(C(F)(F)F)nc4)C3C2)nnc1C1CCOCC1,7.28
D3,CHEMBL109299,Fc1ccc(C(OC2CC3CCC(C2)N3Cc2cc3ccccc3[nH]2)c2ccc(F)cc2)cc1,7.27
D3,CHEMBL165140,c1ccc(N2CCN(CCC[C@H]3CC[C@H](Nc4ncccn4)CC3)CC2)cc1,7.27
D3,CHEMBL3780184,COc1cc2c(cc1O)C1Cc3ccc(OCC4CC4)c(OC)c3CN1CC2,7.27
D3,CHEMBL3799157,CCCn1c(=O)n2c3c(cccc31)C[C@@H](NC)C2,7.27
D3,CHEMBL3936812,Cc1ncoc1-c1nnc(SCCN2CC[C@]3(C[C@@H]3c3ccc(C(F)(F)F)cc3)C2)n1C,7.27
D3,CHEMBL4753809,Fc1ccc(CCCCN2CCN(c3cccnc3)CC2)cc1.O=C(O)C(=O)O,7.27
D3,CHEMBL230218,Cc1cccn2cc(-c3ccc(OCCCCN4CCN(c5cccc(Cl)c5Cl)CC4)cc3)nc12,7.26
D3,CHEMBL2165673,CN1CCN(c2cccc(Cl)c2Cl)CC1,7.26
D3,CHEMBL2397381,CN1CCc2ccc(Cc3ccccc3)c3c2[C@H]1Cc1ccc(O)c(O)c1-3.Cl,7.26
D3,CHEMBL3358511,COc1cccc(N2CCN(CCCCNC(=O)c3ccccc3)CC2)n1,7.26
D3,CHEMBL3642681,O=C(C[C@H]1CC[C@H](O)CC1)N[C@H]1CC[C@H](CCN2CCN(c3nccc4occc34)CC2)CC1,7.26
D3,CHEMBL4450429,CCOc1ccc(F)cc1C1CC1CN(CC)CCCSc1nnc(-c2ccccc2)n1C.Cl,7.26
D3,CHEMBL4854935,COc1cc2c(cc1O)CN(Cc1ccccc1CNC(=O)c1ccc(Cl)cc1)CC2,7.26
D3,CHEMBL315864,Oc1nc2c(N3CCN(Cc4ccccc4)CC3)cccc2[nH]1,7.25
D3,CHEMBL90476,Brc1ccc(N2CCN(Cc3ccccc3)CC2)c2cc[nH]c12,7.25
D3,CHEMBL93570,CCc1sccc1N1CCC[C@@H](c2cccc(C#N)c2)C1,7.25
D3,CHEMBL356269,Oc1ccc(C2=CCN(C[C@@H]3CCC=C(c4ccccc4)C3)CC2)cc1,7.25
D3,CHEMBL130402,Cc1ccc(OCCNCCCSc2ccccc2)cc1,7.25
D3,CHEMBL422883,O=C(NCCN(CCCN1CCN(c2ccccc2)CC1)C1CCc2ccc(O)cc2C1)c1ccccc1,7.25
D3,CHEMBL96735,CCCN(CCC)C1CCc2c(ccc3ccoc23)C1,7.25
D3,CHEMBL2298809,Brc1ccc(-[n+]2cc[n+](Cc3ccccc3)cc2)c2cc[nH]c12,7.25
D3,CHEMBL3318845,CC(=O)OC1(c2ccc(Cl)cc2)CCN(CCCC(=O)c2ccc(F)cc2)CC1,7.25
D3,CHEMBL3588996,OC(CCn1cc(-c2ccc(-c3ccccc3)cc2)nn1)CN1CCN(c2cccc(Cl)c2Cl)CC1,7.25
D3,CHEMBL3642689,O=C(N[C@H]1CC[C@H](CCN2CCN(c3nccc4occc34)CC2)CC1)C1CCOCC1,7.25
D3,CHEMBL4550187,CCCN(CCCCNC(=O)c1ccc2ccccc2c1)CC1CC1c1ccc(F)cc1.Cl,7.25
D3,CHEMBL4846201,Cc1nc(N)sc1CCCN/C(N)=N/C(=O)NCC(C)CCCc1ccccc1,7.25
D3,CHEMBL305706,CCCN(CCC)[C@H]1CCc2ccc(O)cc2C1,7.24
D3,CHEMBL1201356,CC[C@@H](CO)NC(=O)[C@@H]1C=C2c3cccc4[nH]cc(c34)C[C@H]2N(C)C1,7.24
D3,CHEMBL3642724,O=C(N[C@H]1CC[C@H](CCN2CCN(c3nccc4c3CCO4)CC2)CC1)c1ccc(C(F)(F)F)cc1,7.24
D3,CHEMBL3800194,O=C(NCCCN1CCN(c2ccccc2C(F)(F)F)CC1)Oc1cccc2ccccc12,7.24
D3,CHEMBL4451865,COc1ccccc1N1CCC2(CCN(CCCSc3nnc(C4CCCCC4)n3C)CC2)CC1,7.24
D3,CHEMBL4743284,Cl.Fc1ccc(CCCCN2CCN(c3cccc(-c4ccccc4)n3)CC2)cc1,7.24
D3,CHEMBL4874049,COc1cc2c(cc1O)CN(Cc1ccccc1CNC(=O)c1cccc(OC)c1OC)CC2,7.24
D3,CHEMBL5400232,COc1ccccc1N1CCN(CCCNC(=O)Nc2ccccc2-c2ccccc2)CC1,7.24
D3,CHEMBL5858782,CC(C)c1nc(C2CC2)cc(N2CCN(CCCCNC(=O)N3CCc4[nH]c5ccccc5c4C3)CC2)n1,7.24
D3,CHEMBL5868242,CC(C)(C)c1nc(C2CC2)cc(N2CCN(CCCCNC(=O)N3CCc4c([nH]c5ccccc45)C3)CC2)n1,7.24
D3,CHEMBL59942,Fc1ccc(-c2cccc(CN3CCN(c4ncccn4)CC3)c2)cc1,7.23
D3,CHEMBL93646,N#Cc1cccc([C@@H]2CCCN(CCc3ccccc3)C2)c1,7.23
D3,CHEMBL98241,C[C@H](CN1CCN(c2cc(F)c(F)cc2F)CC1)N1C(=O)CC2(CCCC2)CC1=O,7.23
D3,CHEMBL190519,Oc1ccc2c(c1O)-c1cccc3c1[C@@H](C2)NCC3,7.23
D3,CHEMBL201400,C/C(=C\CN1CCN(c2cc(C(F)(F)F)nc(C(C)(C)C)n2)CC1)CN1C(=O)CCc2ccccc21,7.23
D3,CHEMBL1065,CC[C@@H](CO)NC(=O)[C@@H]1C=C2c3cccc4c3c(cn4C)C[C@H]2N(C)C1,7.23
D3,CHEMBL2420781,CCOc1ccccc1N1CCN(Cc2cccc3ccccc23)CC1,7.23
D3,CHEMBL3642747,CC(C)(C)C(=O)N[C@H]1CC[C@H](CCN2CCN(c3nccc4c3CCO4)CC2)CC1,7.23
D3,CHEMBL4466055,COc1ccccc1N1CCC2(CCN(CCCCSc3nnc(-c4ccccc4)n3C)CC2)CC1,7.23
D3,CHEMBL4591958,COc1ccc2[nH]c(C(=O)N3CCN(CCOc4cccnc4)CC3)cc2c1,7.23
D3,CHEMBL5201983,[2H]c1c([2H])c([2H])c([C@@H]2C[C@@H](N3CCNC(C)(C)C3)c3cc(Cl)ccc32)c([2H])c1[2H],7.23
D3,CHEMBL5429932,CCCCCCOc1cc2c(cc1O)[C@@H]1Cc3ccc(O)c(OCCOCC)c3CN1CC2,7.23
D3,CHEMBL6048434,CC(C)Oc1ccccc1N1CC[C@H]2CN(CCCSc3nnc(-c4cnccn4)n3C)C[C@H]21,7.23
D3,CHEMBL5899930,COCCC(=O)NC1CCC(CCN2C[C@@H]3CCN(c4ccc(C(F)(F)F)cc4)[C@@H]3C2)CC1,7.23
D3,CHEMBL42,CN1CCN(C2=Nc3cc(Cl)ccc3Nc3ccccc32)CC1,7.22
D3,CHEMBL538977,Cl.O=[N+]([O-])c1cccc(-c2cc(CCCCN3CCN(c4ccccc4)CC3)on2)c1,7.22
D3,CHEMBL103912,CCCN(CCC)CC1CCc2ccsc2C1,7.22
D3,CHEMBL328054,COc1ccc2c3c(c(=O)oc2c1)CN(Cc1ccccc1)CC3,7.22
D3,CHEMBL189880,CCCN(CCC)[C@H]1CCn2c(C=C(C#N)C#N)ccc2C1,7.22
D3,CHEMBL231260,Cc1ccn2cc(-c3ccc(OCCCCN4CCN(c5cccc(Cl)c5Cl)CC4)cc3)nc2c1,7.22
D3,CHEMBL1169728,CN1CN(c2ccccc2)C2(CCN(Cc3csc4ccccc34)CC2)C1=O.O=C(O)C(=O)O,7.22
D3,CHEMBL4853772,Cc1nc(N)sc1CCCN/C(N)=N/C(=S)N[C@H](C)c1ccccc1,7.22
D3,CHEMBL5172201,O=C(O)C(=O)O.O=C1CCc2ccccc2N1CCCN1CCN(c2ccccc2Cl)CC1,7.22
D3,CHEMBL5748515,Cc1ncoc1-c1nnc(SCCCN2CC[C@H]3CCN(c4ccc(C(F)(F)F)cc4)[C@H]3C2)n1C,7.22
D3,CHEMBL92682,CCCN1CCC2c3cccc(OS(=O)(=O)C(F)(F)F)c3CCC21,7.21
D3,CHEMBL309106,CC(C)Oc1ccccc1N1CCN(C[C@@H](O)CNC(=O)c2ccc3c(c2)C(=O)N(c2ccc(N(C)C)cc2)C3=O)CC1,7.21
D3,CHEMBL629,CN(C)CCC=C1c2ccccc2CCc2ccccc21,7.21
D3,CHEMBL1803028,COc1cc(CN2CCN(c3ccccc3OC)CC2)ccc1OCCCc1cn(CCOCCOCCn2cc(CCCOc3ccc(CN4CCN(c5ccccc5OC)CC4)cc3OC)nn2)nn1,7.21
D3,CHEMBL445,CNCCC=C1c2ccccc2CCc2ccccc21,7.21
D3,CHEMBL2420777,Clc1ccc(N2CCN(Cc3cccs3)CC2)cc1Cl,7.21
D3,CHEMBL3358501,O=C(NCCCCN1CCN(c2ccccc2)CC1)c1ccc2ccccc2n1,7.21
D3,CHEMBL3358519,O=C(NCCCCN1CCN(c2ccccc2)CC1)c1cccnc1,7.21
D3,CHEMBL3800303,COc1cc(CCNC[C@H](O)c2ccc(O)c(O)c2)ccc1OCCCc1ccccc1,7.21
D3,CHEMBL1644980,OC1(c2ccc(Cl)c(C(F)(F)F)c2)CCN(CCCC(c2ccccc2)c2ccccc2)CC1,7.21
D3,CHEMBL4475042,COc1ccccc1N1CCN(CCCNC(=O)NN(Cc2ccccc2)c2ccc(Cl)cc2Cl)CC1,7.21
D3,CHEMBL4528652,COc1ccccc1N1CCC2(CCN(CCCCNC(=O)c3ccc(N(C)C)cc3)CC2)CC1,7.21
D3,CHEMBL4550539,O=C(c1cc2ccccc2[nH]1)N1CCN(CCOc2ccc3[nH]ccc3c2)CC1,7.21
D3,CHEMBL4871811,CCc1cc(Cl)c(OC)c(C(=O)NC[C@@H]2CCCN2CCCCNC(=O)c2cc3ccccc3[nH]2)c1O,7.21
D3,CHEMBL5412718,COc1ccccc1N1CCN(CCCNC(=O)NCc2cccc(F)c2-c2ccccc2)CC1,7.21
D3,CHEMBL5855827,O=C(NCCCCN1CCN(c2ccc3ccccc3n2)CC1)C1CCC(c2ccccc2)CC1,7.21
D3,CHEMBL5953233,O=C(c1cc2ccccc2[nH]1)N1CCN(CCOc2ccc3cc[nH]c3c2)CC1,7.21
D3,CHEMBL12375,Fc1ccc(C(OC2CC3CCC(C2)N3Cc2ccccc2)c2ccc(F)cc2)cc1,7.2
D3,CHEMBL28964,COc1c(C(=O)NCCN2CCN(c3ccccc3C)CC2)cc(Br)c2ccccc12,7.2
D3,CHEMBL351722,N#Cc1ccc2c(c1)CN(CC[C@H]1CC[C@H](NC(=O)c3ccnc4ccccc34)CC1)C2,7.2
D3,CHEMBL130423,CCCN(CCC)[C@@H]1CCc2c(ccc(C(O)Cc3ccccc3)c2OC)C1,7.2
D3,CHEMBL13828,O=c1[nH]c2ccccc2n1CCCN1CCN(C(c2ccccc2)c2ccccc2)CC1,7.2
D3,CHEMBL21280,CCS(=O)(=O)c1ccc(OC)c(-c2ccc(CN3CCCC3)[nH]2)c1,7.2
D3,CHEMBL171672,c1c2c(cc3c1CC[C@@H]1[C@@H]3OCCN1CC1CC1)OCC2,7.2
D3,CHEMBL199824,Cn1c(=O)cnn(CCCCN2CCN(c3cccc4ccc(O[11CH3])cc34)CC2)c1=O,7.2
D3,CHEMBL272511,Cc1ccc2c(-c3nnc(SCCCN4CCc5ccc6oc(C)nc6c5CC4)n3C)cccc2n1,7.2
D3,CHEMBL257534,Cc1ncoc1-c1nnc(SCCCN2CCc3cc4c(cc3CC2)N(C)C(=O)CO4)n1C,7.2
D3,CHEMBL269959,Cc1ccc2c(-c3nnc(SCCCN4CCc5cc6nc(C)oc6cc5CC4)n3C)cccc2n1,7.2
D3,CHEMBL271097,Cc1ccc2c(-c3nnc(SCCCCN4CCc5cc6nc(C(F)(F)F)oc6c(C)c5CC4)n3C)cccc2n1,7.2
D3,CHEMBL556478,O=C1N(CCN2Cc3ccccc3C2)CCN1c1ccc2sccc2c1,7.2
D3,CHEMBL564477,Cc1ccc(N2CCN(CCN3Cc4ccccc4C3)C2=O)cn1,7.2
D3,CHEMBL572270,CC1=NC2C=C3CCN(CCCSc4nnc(-c5cccc6nc(C)ccc56)n4C)CCC3=CC2O1,7.2
D3,CHEMBL1081489,O=C1N(CCN2CCCCCC2)CCN1c1ccccc1,7.2
D3,CHEMBL6966,COc1ccc(CCN(C)CCCC(C#N)(c2ccc(OC)c(OC)c2)C(C)C)cc1OC,7.2
D3,CHEMBL2037520,O=C(CCCCN1CCC(n2c(=O)[nH]c3cc(Cl)ccc32)CC1)c1nc2ccccc2s1,7.2
D3,CHEMBL4590969,COc1ccccc1-c1nnc(SCCCN2CCC3(CC2)CCN(c2ccccc2OC)CC3)n1C,7.2
D3,CHEMBL4437215,O=C(c1cc2cnccc2[nH]1)N1CCN(CCOc2cccnc2)CC1,7.2
D3,CHEMBL4869668,O=C(NCCCCN1CCO[C@@H]2c3ccccc3OC[C@H]21)C1CCCCC1,7.2
D3,CHEMBL62602,COc1ccc(Br)cc1-c1nc(CNC[C@@H]2CCN(Cc3ccccc3)C2)co1,7.19
D3,CHEMBL139600,COc1ccccc1N1CCN(CCCCCNC(=O)c2cnn3ccccc23)CC1,7.19
D3,CHEMBL426111,C[C@H](CCN1CCN(c2cc(C(F)(F)F)nc(C(C)(C)C)n2)CC1)CN1C(=O)CCc2ccccc21,7.19
D3,CHEMBL3323656,O=c1[nH]c2c(O)ccc([C@@H](O)CN[C@H]3CCC[C@H]3C3CCCCC3)c2s1,7.19
D3,CHEMBL3695411,CC(C)(C)C(=O)N[C@H]1CC[C@H](CCN2CCC(c3cccc4c3CCO4)CC2)CC1,7.19
D3,CHEMBL3781840,CCCCOc1ccc2c(c1OC)CN1CCc3cc(OC)c(O)cc3C1C2,7.19
D3,CHEMBL4440698,COc1ccc(F)cc1C1CC1CN(CCCSc1nnc(-c2ccccc2)n1C)CC1CC1.Cl,7.19
D3,CHEMBL296953,O=C(NCN1CCN(c2ccccc2Cl)CC1)c1ccc(Cl)cc1,7.18
D3,CHEMBL131299,Cc1ccc(OCCCNCCOc2ccccc2)cc1,7.18
D3,CHEMBL126340,CN(C)CCc1cccc2c1cc(C(=O)c1ccccc1)n2S(=O)(=O)c1ccccc1,7.18
D3,CHEMBL394110,O=C1c2ccccc2S(=O)(=O)N1CCCCN1CCN(c2ccccc2)CC1,7.18
D3,CHEMBL3695410,O=C(N[C@H]1CC[C@H](CCN2CCC(c3cccc4c3CCO4)CC2)CC1)c1ccc(C(F)(F)F)cc1,7.18
D3,CHEMBL3986927,O=C1Cc2cc(C(=O)CCCN3CCc4ccccc4C3)ccc2N1,7.18
D3,CHEMBL3126735,Fc1ccc(C(SCCNCCCc2ccccc2)c2ccc(F)cc2)cc1,7.18
D3,CHEMBL4063282,COc1ccccc1N1CCN(CCCC(=O)Nc2ccn3nccc3c2)CC1,7.18
D3,CHEMBL4071929,COCOc1ccccc1OCCNCC1COCC(c2ccccc2)(c2ccccc2)O1,7.18
D3,CHEMBL5407341,COc1ccc(NC(=O)NCCCN2CCN(c3ccccc3OC)CC2)cc1-c1ccc(F)cc1,7.18
D3,CHEMBL93534,C=CCN1CCC2c3cccc(OS(=O)(=O)C(F)(F)F)c3CCC21,7.17
D3,CHEMBL90359,CCCN1CCC[C@@H](c2cccc(OS(=O)(=O)C(F)(F)F)c2)C1,7.17
D3,CHEMBL89420,c1ccc(CNCCOc2cccc3[nH]cnc23)cc1,7.17
D3,CHEMBL210717,Fc1ccccc1N1CCN(Cc2cnn(-c3ccccc3)c2)CC1,7.17
D3,CHEMBL221843,COc1ccccc1N1CCN(CCCCNC(=O)c2nnn(Cc3ccccc3)c2C)CC1,7.17
D3,CHEMBL241211,O=C(NCCN1CCN(c2cccc(Cl)c2Cl)CC1)c1cccc(C#Cc2ccccc2)c1,7.17
D3,CHEMBL459350,CN(CCC=C1c2ccccc2CCc2ccccc21)Cc1ccc(OCCCN2CCCCC2)cc1,7.17
D3,CHEMBL1173778,COc1ccc2[nH]cc(CN3CCC(n4c(=O)[nH]c5ccccc54)CC3)c2c1.O=C(O)C(=O)O,7.17
D3,CHEMBL1774543,CCCN(CCCCN1CCN(c2ccccc2OC)CC1)Cc1csc2ccccc12,7.17
D3,CHEMBL1940416,Fc1ccc(SCCCN2CCN(c3ncccn3)CC2)cc1,7.17
D3,CHEMBL3588994,COc1ccccc1N1CCN(CC(O)CCn2cc(-c3ccc4ncccc4c3)nn2)CC1,7.17
D3,CHEMBL3642790,COC(CCC(=O)N[C@H]1CC[C@H](CCN2CCN(c3nccc4c3CCO4)CC2)CC1)OC,7.17
D3,CHEMBL279085,C=CCN1CCc2nc(N)sc2CC1,7.17
D3,CHEMBL4586276,CN1CCN(c2ccc3c(c2)N(S(=O)(=O)c2ccccc2)CC3)CC1,7.17
D3,CHEMBL5089655,N#CC(CCNCCCCN1CCN(c2cccc(Cl)c2Cl)CC1)(c1ccccc1)c1ccccc1,7.17
D3,CHEMBL1201349,C[N+](C)(CCCCCC[N+](C)(C)C1c2ccccc2-c2ccccc21)C1c2ccccc2-c2ccccc21,7.17
D3,CHEMBL5948182,CC(C)(C)c1nc(N2CCN(CCCCNC(=O)N3CCN(CC=Cc4ccccc4)CC3)CC2)cc(C(F)(F)F)n1,7.17
D3,CHEMBL574534,COc1ccccc1N1CCN(CCCCNC(=O)c2ccc(-c3cn(Cc4ccc(-c5ccc(Cn6cc(-c7ccc(C(=O)NCCCCN8CCN(c9ccccc9OC)CC8)cc7)nn6)cc5)cc4)nn3)cc2)CC1,7.16
D3,CHEMBL564,CN(C)CCCN1c2ccccc2Sc2ccccc21,7.16
D3,CHEMBL3597653,COc1ccc2ncc(C(=O)NCCC(O)CN3CCN(c4ccccc4OC)CC3)cc2c1,7.16
D3,CHEMBL3642812,CC(C)(C)Oc1ccc(C(=O)N[C@H]2CC[C@H](CCN3CCN(c4nccc5c4CCO5)CC3)CC2)cc1,7.16
D3,CHEMBL3642786,Cc1cnc(N2CCN(CC[C@H]3CC[C@H](NC(=O)CC4CCOCC4)CC3)CC2)c2c1OCC2,7.16
D3,CHEMBL4088639,COc1ccccc1N1CCN(CCCC(=O)Nc2ccn3ncc(C=O)c3c2)CC1,7.16
D3,CHEMBL5088070,CCc1cccc(N2CCN(CCC(C(=O)N(C)C)(c3ccccc3)c3ccccc3)CC2)c1Cl,7.16
D3,CHEMBL5416728,COc1ccccc1N1CCN(CCCNC(=O)Nc2ccccc2-c2ccc(C(C)(C)C)cc2)CC1,7.16
D3,CHEMBL231078,COc1ccccc1N1CCN(CCCOc2ccc(-c3cn4ccc(C)cc4n3)cc2)CC1,7.15
D3,CHEMBL1774545,CCCN(CCCCN1CCN(c2ccccc2OC)CC1)Cc1ccc2c(c1)Cc1ccccc1-2,7.15
D3,CHEMBL5924746,Cc1ccccc1N1CCN(C(=O)NCCCCN2CCN(c3cc(C(F)(F)F)nc(C(C)(C)C)n3)CC2)CC1,7.15
D3,CHEMBL292943,COc1ccc(-c2cccc(CN3CCN(c4ncccn4)CC3)c2)cc1,7.14
D3,CHEMBL106660,Clc1cccc(C(OC2CC3CCC(C2)N3CCCc2ccccc2)c2ccccc2)c1,7.14
D3,CHEMBL129927,Cc1ccc(OCCNCCCOc2ccccc2)cc1C,7.14
D3,CHEMBL51433,COc1ccccc1N1CCN(CCn2c(=O)[nH]c3ccccc3c2=O)CC1,7.14
D3,CHEMBL210404,COc1ccccc1N1CCN(Cc2cnn(-c3ccccn3)c2)CC1,7.14
D3,CHEMBL1257811,Cc1ccc(C)c(C(=O)CCCN2CCC(O)(c3ccc(Cl)cc3)CC2)c1,7.14
D3,CHEMBL1803029,COc1cc(CN2CCN(c3ccccc3OC)CC2)ccc1OCCCc1cn(CCOCCOCCOCCn2cc(CCCOc3ccc(CN4CCN(c5ccccc5OC)CC4)cc3OC)nn2)nn1,7.14
D3,CHEMBL3323668,CCCCc1cccc(CCNC[C@H](O)c2ccc(O)c3[nH]c(=O)sc23)c1,7.14
D3,CHEMBL3358505,O=C(NCCCCN1CCN(c2ccccc2)CC1)[C@H]1CCc2ccccc2N1,7.14
D3,CHEMBL3358510,Cc1cccc(N2CCN(CCCCNC(=O)c3ccccc3)CC2)n1,7.14
D3,CHEMBL3695409,O=C(N[C@H]1CC[C@H](CCN2CCC(c3cccc4c3CCO4)CC2)CC1)c1ccc(N2CCCCC2)cc1,7.14
D3,CHEMBL3642781,Cc1cnc(N2CCN(CC[C@H]3CC[C@H](NC(=O)C4CCOCC4)CC3)CC2)c2ccoc12,7.14
D3,CHEMBL3818994,O=C(CCCN1CCc2ccccc2C1)c1ccc(F)cc1,7.14
D3,CHEMBL4549734,CCN1CCN(c2cccc3c2CN(S(=O)(=O)c2ccccc2)C3)CC1,7.14
D3,CHEMBL4566992,CCN1CCN(c2cccc3c2CCN3S(=O)(=O)c2ccccc2)CC1,7.14
D3,CHEMBL4848199,O=C(NCCCCN1CCO[C@@H]2c3ccccc3OC[C@H]21)c1ccccc1,7.14
D3,CHEMBL1515447,CN1CCCN(C(c2ccccc2)c2ccc(Cl)cc2)CC1,7.14
D3,CHEMBL5421272,COc1ccccc1N1CCN(CCCNC(=O)NCc2c(F)cccc2-c2ccccc2)CC1,7.14
D3,CHEMBL1803026,COc1cc(CN2CCN(c3ccccc3OC)CC2)ccc1OCCCCc1cn(CCCCCCCCCCn2cc(CCCCOc3ccc(CN4CCN(c5ccccc5OC)CC4)cc3OC)nn2)nn1,7.13
D3,CHEMBL5415451,CCc1cc(Cl)c(OC)c(N2CCN(CCCCc3cn(CCC(C(=O)N(C)C)(c4ccccc4)c4ccccc4)nn3)CC2)c1,7.13
D3,CHEMBL5900920,CC(C)(C)c1nc(N2CCN(CCCCNC(=O)N3CCN(C4CC4)CC3Cc3ccccc3)CC2)cc(C(F)(F)F)n1,7.13
D3,CHEMBL5770882,COc1ccc2[nH]c3c(c2c1)CN(C(=O)NCCCCN1CCN(c2cc(C(C)(C)C)nc(C)n2)CC1)CC3,7.13
D3,CHEMBL5806479,Cc1ncoc1-c1nnc(SCCCCN2CCC3CCN(c4ccc(C(F)(F)F)cc4)C3C2)n1C,7.13
D3,CHEMBL30146,COc1ccccc1N1CCN(CCNC(=O)c2cc(Br)c3ccccc3c2OC)CC1,7.12
D3,CHEMBL2111527,COc1ccc(Br)cc1-c1nc(CNCCC2CCN(Cc3ccccc3)C2)co1,7.12
D3,CHEMBL15146,CCCN(CCC)[C@@H]1CCc2c(O)cccc2C1,7.12
D3,CHEMBL380330,COc1ccc2c(c1)CCN(C)CCc1ccccc1C2,7.12
D3,CHEMBL1258037,Cc1ccc(C)c(N2CCN(CCCC(=O)c3ccc(F)cc3)CC2)c1,7.12
D3,CHEMBL3800575,O=C(NCCCCN1CCN(c2cccc(Cl)c2Cl)CC1)Oc1cccc2c1CCCC2,7.12
D3,CHEMBL3966647,Cc1ncoc1-c1nnc(SCCCN2CC[C@@]3(C[C@@H]3c3ccc(F)cc3C(F)(F)F)C2)n1C,7.12
D3,CHEMBL4085184,C[C@H](O)CN1CCN(c2cccc(Cl)c2Cl)CC1,7.12
D3,CHEMBL4448166,COc1ccccc1N1CCN(CCCCNC(=O)NN(Cc2ccccc2)c2ccc(F)cc2)CC1,7.12
D3,CHEMBL4434714,COc1ccc(N(Cc2ccccc2F)NC(=O)NCCCN2CCN(c3ccccc3OC)CC2)cc1,7.12
D3,CHEMBL4552459,COc1ccccc1N1CCC2(CCN(CCCSc3nnc(-c4ccccc4)n3N)CC2)CC1,7.12
D3,CHEMBL4517296,Cn1c(C(N)=O)ccc1-c1cccc(OC(=O)NCCN2CCN(c3ccccc3)CC2)c1,7.12
D3,CHEMBL5416644,COc1cccc(-c2ccccc2CNC(=O)NCCCN2CCN(c3ccccc3OC)CC2)c1,7.12
D3,CHEMBL6012882,Cn1c(SCCCN2C[C@H]3CCN(c4ccccc4C(F)(F)F)[C@H]3C2)nnc1-c1ccc(=O)[nH]c1,7.12
D3,CHEMBL314536,CCCN1CCC[C@@H](c2cccc(-c3ccsc3)c2)C1,7.11
D3,CHEMBL151533,Cc1ccc(N2CCN(Cc3ccc4c(c3)OCC(=O)N4)CC2)cc1C,7.11
D3,CHEMBL199498,COc1ccccc1N1CCN(CCCCNC(=O)c2ccc3nccnc3c2)CC1,7.11
D3,CHEMBL271513,COc1ccccc1N1CCN(Cc2ccc(OCCF)cc2)CC1,7.11
D3,CHEMBL1928133,CCOCCOc1ccn2ncc(C(=O)NCCCN3CCN(c4ccccc4OC)CC3)c2c1,7.11
D3,CHEMBL3323004,CC(C)(C)c1nc(N2CCN(CCCCNC(=O)c3cn4ccccc4n3)CC2)c2ccccc2n1,7.11
D3,CHEMBL3323002,O=C(NCCCCN1CCN(c2ccc3ccccc3n2)CC1)c1cn2ccccc2n1,7.11
D3,CHEMBL3613873,COc1ccccc1N1CCN(CCCc2cn(-c3ccn4nccc4c3)nn2)CC1,7.11
D3,CHEMBL3642686,COCC(=O)N[C@H]1CC[C@H](CCN2CCN(c3nccc4occc34)CC2)CC1,7.11
D3,CHEMBL4097572,CN[C@@H]1Cc2cccc3c2n(c(=O)n3CCCCCCCCOCCCCc2ccccc2)C1,7.11
D3,CHEMBL4521525,O=C(NCCCCN1CCN(c2ccc(C(F)(F)F)cc2)CC1)c1ccc(-c2ccsc2)cc1,7.11
D3,CHEMBL5273776,CN(CC[C@@H]1CC[C@@H](CNC(=O)c2cc3ccccc3[nH]2)C1)[C@@H]1Cc2cccc3[nH]c(=O)n(c23)C1,7.11
D3,CHEMBL6023207,Cc1ncoc1-c1nnc(SCCCCN2CCO[C@H](c3ccc(C(F)(F)F)cc3)C2)n1C,7.11
D3,CHEMBL555670,Cl.Clc1ccc(N2CCN(Cc3c[nH]c4ncccc34)CC2)cc1,7.1
D3,CHEMBL59662,COc1ccc2c(c1)OCC1CN(Cc3ccccc3)CC21,7.1
D3,CHEMBL294275,COc1ccc2c(c1)C1CN(Cc3ccccc3)CC1CO2,7.1
D3,CHEMBL112833,C#Cc1cc(C(=O)N[C@@H]2CCN(Cc3ccccc3)C2)c(OC)c2ccccc12,7.1
D3,CHEMBL61195,Clc1ccc(CN2CCC(c3cc(-c4ccc(Cl)cc4)no3)CC2)cc1,7.1
D3,CHEMBL166557,CCOc1c(C(=O)NCCN2CCN(c3ccccc3OC)CC2)cc(Br)c2ccccc12,7.1
D3,CHEMBL168678,COc1c(C(=O)NCCN2CCC(c3ccccc3)CC2)cc(Br)c2ccccc12,7.1
D3,CHEMBL169450,CCOc1c(C(=O)NCCN2CCN(c3ccccn3)CC2)cc(Br)c2ccccc12,7.1
D3,CHEMBL167483,COc1c(C(=O)NCCN2CCN(c3ccccn3)CC2)cc(Br)c2ccccc12,7.1
D3,CHEMBL76237,COc1ccc2c(c1)c(CCN(C)C)cn2S(=O)(=O)c1ccccc1,7.1
D3,CHEMBL171826,CN1CCO[C@@H]2c3cc4c(cc3CC[C@H]21)CCO4,7.1
D3,CHEMBL144141,COc1ccc(S(=O)(=O)Nc2ccccc2)cc1-c1ccc(CN2CCCCCC2c2ccccc2)[nH]1,7.1
D3,CHEMBL395933,O=C1Cc2ccccc2N1CCCCN1CCN(c2ccccc2)CC1,7.1
D3,CHEMBL257525,Cc1ccc2c(-c3nnc(SCCC(C)N4CCc5cc6nc(C(F)(F)F)oc6c(C)c5CC4)n3C)cccc2n1,7.1
D3,CHEMBL256471,Cc1nc2cc3c(cc2s1)CCN(CCCSc1nnc(-c2ocnc2C)n1C)CC3,7.1
D3,CHEMBL560650,O=C1N(CCN2Cc3ccccc3C2)CCN1Cc1ccc(Cl)c(Cl)c1,7.1
D3,CHEMBL555744,COC[C@@H]1CCCN1N1CCN(c2cccc(Cl)c2)C1=O,7.1
D3,CHEMBL1079191,O=C1N(CCN2CCCCCC2)CCN1c1ccc(Cl)cc1,7.1
D3,CHEMBL1081311,Cc1cccc(N2CCN(CCN3CCCCCC3)C2=O)c1,7.1
D3,CHEMBL1083814,O=C1N(CCN2CCCCCC2)CCN1c1cccnc1,7.1
D3,CHEMBL1223599,CN(c1ccc([C@]23CNC[C@H]2C3)cc1)S(=O)(=O)c1ccccc1,7.1
D3,CHEMBL1258493,COc1cccc2c1CCCC21CCN(CCCSc2nnc(-c3ocnc3C)n2C)C1,7.1
D3,CHEMBL1632217,Cc1ccc2c(N3CCN(CCc4cccc(NC(=O)c5cnccn5)c4)CC3)cccc2n1,7.1
D3,CHEMBL1940414,c1ccc(OCCCN2CCN(c3ccccc3)CC2)cc1,7.1
D3,CHEMBL3890153,Br.c1ccc2c(c1)CCN(CCCc1nc3ccccc3s1)C2,7.1
D3,CHEMBL4468192,Cc1c(C(=O)N2CCN(CCOc3cccnc3)CC2)[nH]c2ccccc12,7.1
D3,CHEMBL4745809,C[C@H]1CN(CC[C@H]2CC[C@H](NC(=O)[C@@H]3CCCO3)CC2)CCc2ccc(Cl)cc21,7.1
D3,CHEMBL4862180,O=C1c2ccc(Cl)cc2CC1CCCN1CCN(c2ccccn2)CC1,7.1
D3,CHEMBL4445841,Cn1ccc2c(N3CCN(CCCCOc4ccc5c(c4)NC(=O)CC5)CC3)cccc21,7.1
D3,CHEMBL333826,Cc1cc(N)c2ccccc2[n+]1CCCCCCCCCC[n+]1c(C)cc(N)c2ccccc21,7.1
D3,CHEMBL5398913,CN(C)C(=O)C(CCN[C@@H]1C[C@H]1c1ccc(Cl)cc1)(c1ccccc1)c1ccccc1,7.1
D3,CHEMBL5774389,Cn1c(SCCCN2CC3CCN(c4cccnc4)C3C2)nnc1C1CCOCC1,7.1
D3,CHEMBL93753,Oc1nc2c3c(ccc2[nH]1)CC[C@@H](CNCc1ccccc1)O3,7.09
D3,CHEMBL1774547,CCCN(CCCCN1CCN(c2ccccc2OC)CC1)Cc1ccc2ccccc2c1,7.09
D3,CHEMBL2207643,COc1ccccc1N1CCN(Cc2ccc3cccccc2-3)CC1,7.09
D3,CHEMBL3318842,O=C(CCCCCCCCCCCCCCCCCCC(=O)OC1(c2ccc(Cl)cc2)CCN(CCCC(=O)c2ccc(F)cc2)CC1)OC1(c2ccc(Cl)cc2)CCN(CCCC(=O)c2ccc(F)cc2)CC1,7.09
D3,CHEMBL4093223,CCCN[C@@H]1Cc2cccc3c2n(c(=O)n3CCCCCCOCCCCc2ccccc2)C1,7.09
D3,CHEMBL4556267,O=C(c1cc2ccncc2[nH]1)N1CCN(CCOc2cccnc2)CC1,7.09
D3,CHEMBL4585649,COc1ccc(OC(C)CN2CCN(C(=O)c3cc4ccccc4[nH]3)CC2)cc1,7.09
D3,CHEMBL5199358,O=C(O)C(=O)O.O=C1CCc2ccccc2N1CCCCN1CCN(c2ccccc2)CC1,7.09
D3,CHEMBL5970752,Cc1ncoc1-c1nnc(CCCCN2CC3CCN(c4ccc(F)cc4)C3C2)n1C,7.09
D3,CHEMBL92578,CCCN1CCC[C@@H](c2cccc(C=O)c2)C1,7.08
D3,CHEMBL2111525,COc1ccc(Br)cc1-c1nc(CNCC2CCN(Cc3ccccc3)C2)co1,7.08
D3,CHEMBL102414,Oc1ccc2c(c1)C1OCCN(CCc3cccs3)C1CC2,7.08
D3,CHEMBL341774,O=C(CCCN1CCN2c3ccccc3CCC2C1)c1ccc(F)cc1,7.08
D3,CHEMBL298875,COc1c(C(=O)N[C@@H]2CCN(Cc3ccccc3)C2)cc(Br)c2ccccc12,7.08
D3,CHEMBL329566,CN(C)C[C@H]1C[C@@H]2c3ccccc3Cc3ccccc3[C@H]2O1,7.08
D3,CHEMBL572867,COc1ccc(-n2cc(CCCC(=O)NCCCCN3CCN(c4cccc(Cl)c4Cl)CC3)nn2)cc1,7.08
D3,CHEMBL1803024,COc1cc(CN2CCN(c3ccccc3OC)CC2)ccc1OCCCc1cn(CCCCCCCCn2cc(CCCOc3ccc(CN4CCN(c5ccccc5OC)CC4)cc3OC)nn2)nn1,7.08
D3,CHEMBL1928125,COc1ccccc1N1CCN(CCCNC(=O)c2ccc(COCCOCCOCCOCCOCc3ccc(C(=O)NCCCN4CCN(c5ccccc5OC)CC4)cc3)cc2)CC1,7.08
D3,CHEMBL1457510,COc1c(O)ccc2c1CN1CCc3cc4c(cc3[C@@H]1C2)OCO4,7.08
D3,CHEMBL4068455,CCCN(CCC)[C@@H]1Cc2cccc3c2n(c(=O)n3CCCCNC(=O)c2cc3ccccc3[nH]2)C1,7.08
D3,CHEMBL4101993,Cn1c(SCCCN2CCC3(CC2)CCN(c2cccc(Cl)c2Cl)CC3)nnc1-c1ccccc1,7.08
D3,CHEMBL4462108,Fc1ccc(CCCCN2CCN(c3ccc(Cl)cn3)CC2)cc1,7.08
D3,CHEMBL5949785,CC(C)(C)c1nc(N2CCN(CCCCNC(=O)N3CCN(Cc4cccc(C#N)c4)CC3)CC2)cc(C(F)(F)F)n1,7.08
D3,CHEMBL328785,CCCc1cccc([C@@H]2CCCN(CCC)C2)c1,7.07
D3,CHEMBL78860,CCCN(C(=O)C1CCCCC1)[C@H]1CC[C@H](CCN2CCN(c3cccc(Cl)c3Cl)CC2)CC1,7.07
D3,CHEMBL197214,COc1ccccc1N1CCN(CCCCNC(=O)c2cccc(F)n2)CC1,7.07
D3,CHEMBL372308,COc1ccc2onc(N3CCN(CCCCNC(=O)c4ccc5nonc5c4)CC3)c2c1,7.07
D3,CHEMBL3084509,O[C@@]1(c2ccc(Cl)cc2)C[C@H]2CC[C@@H](C1)N2Cc1n[nH]c2ccccc12,7.07
D3,CHEMBL43064,C(=C/c1ccccc1)\CN1CCN(C(c2ccccc2)c2ccccc2)CC1,7.07
D3,CHEMBL1940418,Fc1ccc(CCCCN2CCN(c3ccccn3)CC2)cc1,7.07
D3,CHEMBL2207642,COc1ccccc1N1CCN(Cc2cc(CN3CCN(c4ccc(Cl)cc4)CC3)c3cccccc2-3)CC1,7.07
D3,CHEMBL3973844,CC1CN(c2ccc(C(=O)N[C@H]3CC[C@H](CCN4CCC(c5noc6ccc(F)cc56)CC4)CC3)cc2)CC(C)O1,7.07
D3,CHEMBL4463200,COc1ccccc1N1CCN(CCCNC(=O)NN(Cc2ccc(F)cc2)c2ccc(F)cc2)CC1,7.07
D3,CHEMBL4585384,COc1ccc(N(Cc2cccc(F)c2)NC(=O)NCCCN2CCN(c3ccccc3OC)CC2)cc1,7.07
D3,CHEMBL4514800,COc1ccc(F)cc1C1CC1CN(C)CCCSc1nnc(-c2ccccc2)n1C.Cl,7.07
D3,CHEMBL4573441,O=C(CCCN1CCN(c2ccc(Cl)cn2)CC1)c1ccc(F)cc1,7.07
D3,CHEMBL4853107,Cc1ccc(CC(C)CNC(=O)/N=C(\N)NCCCc2sc(N)nc2C)cc1,7.07
D3,CHEMBL563,CC(C(=O)O)c1ccc(-c2ccccc2)c(F)c1,7.07
D3,CHEMBL5428803,COc1c(O)ccc2c1CN1CCc3cc(OCCF)c(O)cc3[C@@H]1C2,7.07
D3,CHEMBL5422870,COCCOCCOc1ccc(NC(=O)NCCCN2CCN(c3ccccc3OC)CC2)c(-c2ccccc2)c1,7.07
D3,CHEMBL5813483,CC(C)(C)c1nc(N2CCN(CCCCNC(=O)N3CCc4[nH]c5ccc(C(F)(F)F)cc5c4C3)CC2)cc(C(F)(F)F)n1,7.07
D3,CHEMBL5864588,CC(C)(C)c1nc(C(F)F)cc(N2CCN(CCCCNC(=O)N3CCc4[nH]c5ccc(C(F)(F)F)cc5c4C3)CC2)n1,7.07
D3,CHEMBL314937,CCN(CC)CCCOc1ccc(-c2nc3ccccc3n2C/C=C\Cn2c(-c3ccc(OCCCN(CC)CC)cc3)nc3ccccc32)cc1,7.06
D3,CHEMBL193170,CCCN(CCC)[C@@H]1CCn2c(ccc2C(=O)C(Cl)(Cl)Cl)C1,7.06
D3,CHEMBL220754,COc1ccc(Cn2nnc(C(=O)NCCCCCN3CCN(c4ccccc4OC)CC3)c2C)cc1,7.06
D3,CHEMBL1200270,COc1cccc2[nH]cc(CN3CCC(O)(c4ccc(I)cc4)CC3)c12,7.06
D3,CHEMBL3589577,CCCN(CCNC(=O)/N=N/c1cc(F)c(F)c(F)c1)C1Cc2ccccc2C1,7.06
D3,CHEMBL3605327,Cl.O=C(CCCCN1CCN(c2ccc(Cl)cc2Cl)CC1)Nc1nc2ccccc2s1,7.06
D3,CHEMBL201093,CN1CCc2ccccc2Cc2ccsc2CC1,7.06
D3,CHEMBL3758368,COc1ccccc1N1CCN(CCCCCOc2ccc3ccccc3c2)CC1,7.06
D3,CHEMBL3890841,C1=C(CCN2CCc3ccccc3C2)Cc2ccccc21,7.06
D3,CHEMBL4437233,COc1ccccc1N1CCN(CCCNC(=O)NN(Cc2cccc(F)c2)c2ccc(F)cc2)CC1,7.06
D3,CHEMBL4442936,CCCN(CCCSc1nnc(-c2ccccc2)n1C)CC1CC1c1cc(F)ccc1OC.Cl,7.06
D3,CHEMBL5412606,CN(C)C(=O)C(CCN1C[C@H](F)C[C@H]1C(=O)NCCCCN1CCN(c2cccc(C(F)(F)F)n2)CC1)(c1ccccc1)c1ccccc1,7.06
D3,CHEMBL6053280,O=C(NCCCCN1CCN(c2ccnc3cc(Cl)ccc23)CC1)N1CCC(c2ccccc2)CC1,7.06
D3,CHEMBL5929501,Cn1c(SCCCN2CC3CCN(c4cnc(C(F)(F)F)cn4)C3C2)nnc1C1CCOCC1,7.06
D3,CHEMBL6009636,COCCC(=O)NC1CCC(CCN2C[C@H]3CCN(c4ccc(C(F)(F)F)cc4)[C@H]3C2)CC1,7.06
D3,CHEMBL165664,c1ccc(N2CCN(C[C@H]3CC[C@H](Nc4ncccn4)CC3)CC2)cc1,7.05
D3,CHEMBL178564,Cc1ccc2n1Cc1ccccc1C=C2N1CCN(C)CC1,7.05
D3,CHEMBL3622099,CCCN(CCN1CCN(CCc2c[nH]c3ccccc23)CC1)c1ccc(Br)cc1,7.05
D3,CHEMBL3945776,Cc1ncoc1-c1nnc(SCCCN2CC[C@]3(C[C@@H]3c3ccc(F)cc3C(F)(F)F)C2)n1C,7.05
D3,CHEMBL4514100,COc1ccccc1N1CCC2(CCN(CCSc3nnc(-c4ccccc4)n3C)CC2)CC1,7.05
D3,CHEMBL4514586,COc1ccc(F)cc1C1CC1CNCCCSc1nnc(-c2ccccc2)n1C.Cl,7.05
D3,CHEMBL4546210,CCc1cc(Cl)c(OC)c(N2CCN(CC(F)CCNC(=O)c3cc4ccccc4o3)CC2)c1,7.05
D3,CHEMBL5439212,CCCCCCOc1cc2c(cc1O)[C@@H]1Cc3ccc(O)c(OCC)c3CN1CC2,7.05
D3,CHEMBL5427937,COc1ccccc1N1CCN(CCCNC(=O)NCc2ccccc2-c2ccc(C)cc2)CC1,7.05
D3,CHEMBL92630,CCCN1CCC[C@@H](c2cccc(OS(=O)(=O)c3ccc(C)cc3)c2)C1,7.04
D3,CHEMBL2420782,Clc1cccc(N2CCN(Cc3cccc4ccccc34)CC2)c1Cl,7.04
D3,CHEMBL3971383,Cl.Clc1ccc2sc(CCCCN3CCc4c(Cl)cccc4C3)nc2c1,7.04
D3,CHEMBL4467437,COc1ccccc1N1CCN(CCCNC(=O)NN(Cc2ccccc2F)c2ccc(Br)cc2)CC1,7.04
D3,CHEMBL5439853,COc1ccc(CNC(=O)NCCCN2CCN(c3ccccc3OC)CC2)c(-c2ccccc2)c1,7.04
D3,CHEMBL201742,CC(C)(C)c1nc(N2CCN(CCCN3C(=O)CCc4ccccc43)CC2)cc(C(F)(F)F)n1,7.03
D3,CHEMBL379177,C1=C(c2ccccc2)CCN(Cc2cn(-c3ccccc3)nn2)C1,7.03
D3,CHEMBL221814,c1ccc(C2CCN(Cc3cn(-c4ccccc4)nn3)CC2)cc1,7.03
D3,CHEMBL1173285,O=C(O)C(=O)O.OC1(c2ccc(I)cc2)CCN(Cc2c[nH]c3ccccc23)CC1,7.03
D3,CHEMBL3353906,COc1ccccc1N1CCN(CCCc2cn(-c3ccccc3OC)nn2)CC1,7.03
D3,CHEMBL3642755,CN(C)C(=O)N[C@H]1CC[C@H](CCN2CCN(c3nccc4c3CCO4)CC2)CC1,7.03
D3,CHEMBL4059581,CCCN[C@@H]1Cc2cccc3c2n(c(=O)n3CCCCOCCCCc2ccccc2)C1,7.03
D3,CHEMBL4516504,COc1ccccc1N1CCC2(CCN(CCCCNC(=O)c3ccc(-c4ccsc4)cc3)CC2)CC1,7.03
D3,CHEMBL5092243,CCc1cccc(N2CCN(CCC(c3cccc(OC)c3)c3cccc(OC)c3)CC2)c1Cl,7.03
D3,CHEMBL2425376,Oc1cc2c(cc1O)C1Cc3cccc(O)c3CN1CC2,7.03
D3,CHEMBL311539,Clc1ccc2[nH]ccc2c1N1CCN(Cc2ccccc2)CC1,7.02
D3,CHEMBL337627,Clc1ccc(OCCNCCCSc2ccccc2)cc1,7.02
D3,CHEMBL87067,Cc1nc2c(OCCNCc3ccccc3)cccc2[nH]1,7.02
D3,CHEMBL59103,c1ccc(C2CCN(Cc3c[nH]c4ccccc34)CC2)cc1,7.02
D3,CHEMBL608530,CN1CCCC[C@H]1CCN1c2ccccc2Sc2ccc([S+](C)[O-])cc21,7.02
D3,CHEMBL193435,CN(C)C[C@H]1CC2c3ccccc3Oc3ccc(Br)cc3[C@H]2O1,7.02
D3,CHEMBL465014,COc1ccccc1N1CCN(CCCNC(=O)c2ccc(-n3ccnc3)cc2)CC1,7.02
D3,CHEMBL482978,CCCN1CCO[C@@H]2c3cc(C(C)=O)ccc3CC[C@H]21,7.02
D3,CHEMBL1803025,COc1cc(CN2CCN(c3ccccc3OC)CC2)ccc1OCCCc1cn(CCCCCCCCCCn2cc(CCCOc3ccc(CN4CCN(c5ccccc5OC)CC4)cc3OC)nn2)nn1,7.02
D3,CHEMBL2298810,Clc1ccc2[nH]ccc2c1-[n+]1cc[n+](Cc2ccccc2)cc1,7.02
D3,CHEMBL4570073,COc1ccccc1N1CCN(CCCNC(=O)NN(Cc2ccccc2F)c2ccc(Cl)cc2)CC1,7.02
D3,CHEMBL4544099,CCN1CCC(c2ccc3c(c2)N(S(=O)(=O)c2ccccc2)CC3)CC1,7.02
D3,CHEMBL5415842,CCC1(CC)CC(OCCCN2CCN(c3cccc(C(F)(F)F)n3)CC2)(c2ccccn2)CCO1,7.02
D3,CHEMBL6027932,O=C(NCCCCN1CCN(c2ccc3ccccc3n2)CC1)N1CCN(c2ccccc2)CC1,7.02
D3,CHEMBL129757,Fc1ccc(OCCCNCCOc2ccc(Cl)cc2)cc1,7.01
D3,CHEMBL198404,COc1ccc2onc(N3CCN(CCCCNC(=O)c4cc5cccc(OC)c5o4)CC3)c2c1,7.01
D3,CHEMBL400827,Cn1cc(CN2CCC(O)(c3ccc(Cl)cc3)CC2)c2ccccc21,7.01
D3,CHEMBL1170096,COc1ccc2[nH]cc(CN3CCC(O)(c4ccc(Br)cc4)CC3)c2c1,7.01
D3,CHEMBL3323000,O=C(NCCCCN1CCN(c2ccnc3cc(C(F)(F)F)ccc23)CC1)c1cn2ccccc2n1,7.01
D3,CHEMBL3597646,COc1ccccc1N1CCN(CC(O)CCNC(=O)c2ccc3ccccc3n2)CC1,7.01
D3,CHEMBL3642785,Cc1cnc(N2CCN(CC[C@H]3CC[C@H](NC(=O)C4CCOCC4)CC3)CC2)c2c1OCC2,7.01
D3,CHEMBL3930825,Cn1c(SCCCN2CC[C@]3(C[C@H]3c3ccc(C(F)(F)F)cc3)C2)nnc1-c1cccnn1,7.01
D3,CHEMBL4100699,COc1ccc(N2CCC3(CCN(CCCSc4nnc(-c5ccccc5)n4C)CC3)CC2)cc1,7.01
D3,CHEMBL4552311,COc1ccc(C(=O)N2CCN(CCOc3cccc(OC)c3)CC2)cc1,7.01
D3,CHEMBL4466214,O=C(c1cc2cc(Cl)ccc2[nH]1)N1CCN(CCOc2cccnc2)CC1,7.01
D3,CHEMBL5407747,Clc1cccc(N2CCN(CCCCNCCC3(c4ccccn4)CCOCC3)CC2)c1Cl,7.01
D3,CHEMBL5897917,Cc1ncoc1-c1nnc(SCCCN2CCC3CCN(c4ccc(C(F)(F)F)cc4)C3C2)n1C,7.01
D3,CHEMBL127807,COc1ccccc1N1CCN(Cc2cccc(CNC(=O)c3ccc4ccccc4c3)c2)CC1.O=C(O)C(=O)O,7.0
D3,CHEMBL325060,CCS(=O)(=O)c1ccc(OC)c(-c2ccc(CN3CCCCCC3c3ccccc3C)[nH]2)c1,7.0
D3,CHEMBL2367896,CCN1[C@@H](c2ccc(-c3cc(S(=O)(=O)CC)ccc3OC)[nH]2)CC[C@H]1c1ccccc1,7.0
D3,CHEMBL168908,COc1c(C(=O)NCCN2CCN(c3ccc(Cl)cc3Cl)CC2)cc(Br)c2ccccc12,7.0
D3,CHEMBL113238,COc1cccc2c1N1CCN(C)C[C@H]1c1ccccc1C2,7.0
D3,CHEMBL231070,CN1CCCc2ccccc2Cc2ccc(O)cc2CC1,7.0
D3,CHEMBL393775,O=C1Cc2ccccc2C(=C2CCN(CCCCN3C(=O)c4ccccc4C3=O)CC2)c2ccsc21,7.0
D3,CHEMBL402422,Cc1nc2c3c(ccc2o1)CCN(CCCSc1nnc(-c2ocnc2C)n1C)CC3,7.0
D3,CHEMBL272302,CCc1nc2cc3c(cc2o1)CCN(CCCSc1nnc(-c2cccnc2)n1C)CC3,7.0
D3,CHEMBL270209,Cc1nc2cc3c(cc2o1)CCN(CCCSc1nnc(C2CCOCC2)n1C)CC3,7.0
D3,CHEMBL255618,Cc1ccc2c(-c3nnc(SCCC(C)N4CCc5cc6nc(C(F)(F)F)oc6c(Br)c5CC4)n3C)cccc2n1,7.0
D3,CHEMBL255417,CCc1nc2cc3c(c(Br)c2o1)CCN(C(C)CCSc1nnc(-c2cccc4nc(C)ccc24)n1C)CC3,7.0
D3,CHEMBL564298,CC(C)(C)c1ccc(N2CCN(CCN3Cc4ccccc4C3)C2=O)cc1,7.0
D3,CHEMBL557110,O=C1N(CCN2CCCC(OCc3ccccc3)C2)CCN1c1cccc(Cl)c1,7.0
D3,CHEMBL607689,Cn1c(CN2CCC(c3ccccc3F)CC2)nc2ccccc21,7.0
D3,CHEMBL1079814,Cc1cc(C(F)(F)F)ccc1C12CC1CN(CCCSc1nnc(-c3ocnc3C)n1C)C2,7.0
D3,CHEMBL1079311,Cc1ccc(S(=O)(=O)Nc2ccc3c(c2)CCN(Cc2cc[nH]n2)CC3)cc1Cl,7.0
D3,CHEMBL1173288,COc1ccc2[nH]cc(CN3CCC(O)(c4ccc(I)cc4)CC3)c2c1.O=C(O)C(=O)O,7.0
D3,CHEMBL1258492,COc1ccc2c(c1)CCCC21CCN(CCCSc2nnc(-c3ocnc3C)n2C)C1,7.0
D3,CHEMBL1258606,Cc1ncoc1-c1nnc(SCCCN2CCC3(CCOc4ccccc43)C2)n1C,7.0
D3,CHEMBL1631532,COC(=O)Nc1cccc(CCN2CCN(c3cccc4nc(C)ccc34)CC2)c1,7.0
D3,CHEMBL1632210,Cc1ccc2c(N3CCN(CCc4cccc(NC(=O)c5ccccc5)c4)CC3)cccc2n1,7.0
D3,CHEMBL1774544,CCCN(CCCCN1CCN(c2cccc(Cl)c2Cl)CC1)Cc1csc2ccccc12,7.0
D3,CHEMBL1803055,COc1cc(CN2CCN(c3ccccc3OC)CC2)ccc1OCCCc1cn(CCCCCCCCn2cc(CCCOc3ccc(CN4CCN(C5CCCCC5)CC4)cc3OC)nn2)nn1,7.0
D3,CHEMBL1231,CCN(CC)CC#CCOC(=O)C(O)(c1ccccc1)C1CCCCC1,7.0
D3,CHEMBL1928127,COc1ccccc1N1CCN(CCCNC(=O)c2ccc(COCCOCCOCCOCCOCCOCc3ccc(C(=O)NCCCN4CCN(c5ccccc5OC)CC4)cc3)cc2)CC1,7.0
D3,CHEMBL3780140,CCCCCOc1ccc2c(c1OC)CN1CCc3cc(OC)c(O)cc3C1C2,7.0
D3,CHEMBL595489,COc1cc2c(cc1O)C1Cc3ccc(O)c(OC)c3CN1CC2,7.0
D3,CHEMBL4541692,COc1ccccc1N1CCC2(CCN(CCCSc3nnc(-c4ccc(-c5ccsc5)cc4)n3C)CC2)CC1,7.0
D3,CHEMBL4875195,CCc1cc(Cl)c(OC)c(C(=O)NCC2CCN(C)C2)c1O,7.0
D3,CHEMBL5189614,COc1ccccc1N1CCN(CCCN2C(=O)CCc3ccccc32)CC1.O=C(O)C(=O)O,7.0
D3,CHEMBL5189785,CCCN(CCN1CCN(c2ccc(-c3ccccn3)nc2)CC1)[C@H]1CCc2nc(N)sc2C1,7.0
D3,CHEMBL46516,O=C1NCN(c2ccccc2)C12CCN(CCCC(c1ccc(F)cc1)c1ccc(F)cc1)CC2,7.0
D3,CHEMBL5438205,COc1ccccc1N1CCN(CCCNC(=O)NCc2ccc(F)cc2-c2ccccc2)CC1,7.0
D3,CHEMBL5395187,COc1ccccc1N1CCN(CCCNC(=O)NCc2ccccc2-c2ccc(F)cc2)CC1,7.0
D3,CHEMBL5773648,Cn1c(SCCCN2CCOC(c3ccc(C(F)(F)F)cc3)C2)nnc1-c1ccc(C(N)=O)cn1,7.0
D3,CHEMBL65547,CN(C)CCc1c[nH]c2cccc(O)c12,7.0
D3,CHEMBL201027,COc1ccc2ccnc(N3CCN(CCCCNC(=O)c4cc5cccc(OC)c5o4)CC3)c2c1,6.99
D3,CHEMBL204065,COc1ccc2c(c1)CCN(C)CCc1cc(OC)ccc1C2,6.99
D3,CHEMBL398813,O=c1c2ccccc2ncn1CCCCN1CCN(c2cccc(C(F)(F)F)c2)CC1,6.99
D3,CHEMBL1684129,CCCN1CCc2cccc3c2C1Cc1cccc(OCCCN(CCCN2CCN(c4ccccc4OC)CC2)S(C)(=O)=O)c1-3,6.99
D3,CHEMBL2420894,CCOc1ccccc1N1CCN(Cc2c[nH]c3ccccc23)CC1,6.99
D3,CHEMBL4559608,CCCN1CCN(c2ccc3c(c2)CN(S(=O)(=O)c2ccccc2)C3)CC1,6.99
D3,CHEMBL4780335,C[C@H]1CN(CC[C@H]2CC[C@H](NC(=O)c3ccco3)CC2)CCc2ccc(Cl)cc21,6.99
D3,CHEMBL413483,CCC(C)N1CCC[C@@H](c2cccc(C#N)c2)C1,6.98
D3,CHEMBL1774548,CCCN(CCCCN1CCN(c2cccc(Cl)c2Cl)CC1)Cc1ccc2ccccc2c1,6.98
D3,CHEMBL4453405,COc1ccc(F)cc1C1CC1CN(CCCSc1nnc(-c2ccccc2)n1C)C(C)C.Cl,6.98
D3,CHEMBL4581907,O=C(c1cc2ccccc2[nH]1)N1CCN(CCOc2ccc(Br)cc2)CC1,6.98
D3,CHEMBL4473519,NC(=O)c1ccn(-c2cccc(OC(=O)NCCN3CCN(c4ccccc4)CC3)c2)c1,6.98
D3,CHEMBL4471658,Cc1cc(C(N)=O)c(-c2cccc(OC(=O)NCCN3CCN(c4ccccc4)CC3)c2)o1,6.98
D3,CHEMBL5426481,Clc1ccc(N2CCN(CCCCc3nc4ccccc4s3)CC2)nc1,6.98
D3,CHEMBL3763200,Cn1c(SCCCN2CCOC(c3ccc(C(F)(F)F)cc3)C2)nnc1-c1ccncc1,6.98
D3,CHEMBL126656,COc1ccccc1N1CCN(CCCNC(=O)Cc2cccc3ccccc23)CC1.O=C(O)C(=O)O,6.97
D3,CHEMBL105623,CCCN(CCc1ccsc1)CCc1ccsc1,6.97
D3,CHEMBL92860,COc1cc2c(cc1OC)C1=NO[C@@H](CN3CCN(Cc4ccc5ccccc5c4)CC3)[C@@H]1CO2,6.97
D3,CHEMBL238916,O=C1c2ccccc2S(=O)(=O)N1CCCCN1CCN(c2cccc(C(F)(F)F)c2)CC1,6.97
D3,CHEMBL246437,OCC1(c2ccc(Cl)cc2)CCN(Cc2c[nH]c3ccccc23)CC1,6.97
D3,CHEMBL3952251,Cl.O=C(CCCN1CCc2ccccc2CC1)c1ccc(Cl)cc1,6.97
D3,CHEMBL3961827,CCOc1c(O)ccc2c1CN1CCc3cc(OC)c(O)cc3[C@@H]1C2,6.97
D3,CHEMBL4467486,CCCN(CCCCNC(=O)c1ccc(-c2ccccn2)cc1)CC1CC1c1ccc(F)cc1.Cl,6.97
D3,CHEMBL4544262,CN1CCN(c2ccc3c(c2)CCN3S(=O)(=O)c2ccccc2)CC1,6.97
D3,CHEMBL5287555,CN(C[C@@H]1C[C@H]1CCNC(=O)c1cc2ccccc2[nH]1)[C@@H]1Cc2cccc3[nH]c(=O)n(c23)C1,6.97
D3,CHEMBL5915551,CC(C)(C)c1nc(N2CCN(CCCCNC(=O)N3CCN(c4cc(C(F)(F)F)nc(C(C)(C)C)n4)CC3)CC2)cc(C(F)(F)F)n1,6.97
D3,CHEMBL3764639,Cn1c(SCCCN2CCOC(c3ccc(C(F)(F)F)cc3)C2)nnc1-c1ccc(C#N)cc1,6.97
D3,CHEMBL67750,O=C(NCCCN1CCN(c2cccc(Cl)c2Cl)CC1)c1ccc2c(c1)Cc1ccccc1-2,6.96
D3,CHEMBL169193,CNc1cc(OC)c(C(=O)NC[C@H]2CN(Cc3ccccc3)C[C@H]2C)cc1Cl,6.96
D3,CHEMBL317535,CCOC(=O)c1[nH]c2ccccc2c1CCN(C)C,6.96
D3,CHEMBL1170683,OC1(c2ccc(Br)cc2)CCN(Cc2c[nH]c3ccccc23)CC1,6.96
D3,CHEMBL1628227,CN(C)CCC=C1c2ccccc2COc2ccccc21,6.96
D3,CHEMBL1928248,COc1cc(COCCOCCOCCOCCOCc2ccc(N3CCN(CCCCNC(=O)c4ccccc4)CC3)c(OC)c2)ccc1N1CCN(CCCCNC(=O)c2ccccc2)CC1,6.96
D3,CHEMBL2430442,COc1ccccc1N1CCN(CCCCn2cc(-c3ccc(Br)cc3)nn2)CC1,6.96
D3,CHEMBL3642811,CO[C@H](C)C(=O)N[C@H]1CC[C@H](CCN2CCN(c3nccc4c3CCO4)CC2)CC1,6.96
D3,CHEMBL3780268,COc1cc2c(cc1O)C1Cc3ccc(OCCCO)c(OC)c3CN1CC2,6.96
D3,CHEMBL3819153,O=c1[nH]c2cc(Cl)ccc2n1C1CCN(CCCCc2nc3ccccc3o2)CC1,6.96
D3,CHEMBL4066916,Oc1ccc(N2CCNCC2)c2c1OCCO2,6.96
D3,CHEMBL4454096,COc1ccccc1N1CCN(CCCNC(=O)NN(Cc2ccc(-c3ccccc3)cc2)c2ccc(F)cc2)CC1,6.96
D3,CHEMBL5932399,CC(C)(C)c1cc(N2CCN(CCCCNC(=O)N3CCN(c4ccccc4)CC3)CC2)cc(C(C)(C)C)c1,6.96
D3,CHEMBL12004,Fc1ccc(C(OC2CC3CCC(C2)N3Cc2cccc3ccccc23)c2ccc(F)cc2)cc1,6.95
D3,CHEMBL336295,CCCN(CCc1cccs1)[C@@H]1CCc2ccc(OC)cc2C1,6.95
D3,CHEMBL2420773,CCOc1ccccc1N1CCN(Cc2cccs2)CC1,6.95
D3,CHEMBL4076129,CN[C@@H]1Cc2cccc3c2n(c(=O)n3CCCCCCCCCCOCCCCc2ccccc2)C1,6.95
D3,CHEMBL4483044,COc1ccc(N2CCC3(CCN(CCCSc4nnc(-c5ccccc5)n4C)CC3)CC2)c(OC)c1,6.95
D3,CHEMBL4448853,CCN(CCCSc1nnc(-c2ccccc2)n1C)CC1CC1c1cc(F)ccc1OCCF.Cl,6.95
D3,CHEMBL5903952,O=C(NCCCCN1CCN(c2ccnc3cc(C(F)(F)F)ccc23)CC1)N1CCN(c2ccccc2)CC1,6.95
D3,CHEMBL3764191,Cn1c(SCCCN2CCOC(c3ccc(C(F)(F)F)cc3)C2)nnc1-c1ccsc1,6.95
D3,CHEMBL64139,COc1ccc(Br)cc1-c1nc(CNC[C@@H]2CCN(Cc3ccccc3)C2)cs1,6.94
D3,CHEMBL3323667,CC(C)Cc1ccc(CCNC[C@H](O)c2ccc(O)c3[nH]c(=O)sc23)cc1,6.94
D3,CHEMBL4065353,CCCN[C@@H]1Cc2cccc3c2n(c(=O)n3CCCCNC(=O)c2cc3ccccc3[nH]2)C1,6.94
D3,CHEMBL3262808,COc1ccc(C(=O)N2CCN(CCOc3ccccc3)CC2)cc1,6.94
D3,CHEMBL4514438,COc1ccc(C(=O)N2CCN(CCOc3cccnc3)CC2)c(C)c1,6.94
D3,CHEMBL4574586,O=C(c1cc2ccccc2[nH]1)N1CCN(CCOc2ccc(Cl)cc2)CC1,6.94
D3,CHEMBL4462053,Cc1cc(OCCN2CCN(C(=O)c3cc4ccccc4[nH]3)CC2)ccc1Cl,6.94
D3,CHEMBL543113,CN1C2CCC1CC(OC(c1ccc(F)cc1)c1ccc(F)cc1)C2.Cl,6.94
D3,CHEMBL103441,CCCN(CCc1ccsc1)CCc1cccs1,6.93
D3,CHEMBL200024,COc1ccc2onc(N3CCN(CCCCNC(=O)c4ccc5c(c4)OCO5)CC3)c2c1,6.93
D3,CHEMBL3819556,Cl.Fc1ccc(SCCCN2CCc3ccccc3C2)cc1,6.93
D3,CHEMBL4525545,O=C(c1ccc[nH]1)N1CCN(CCOc2cccnc2)CC1,6.93
D3,CHEMBL5274285,Fc1ccc(CN2CCCC23CCN(Cc2cc4ccc(Cl)cc4[nH]2)C3)cc1F,6.93
D3,CHEMBL5805100,CC(C)(C)c1nc(N2CCN(CCCCNC(=O)N3CCN(C4CC4)CC3c3ccccc3)CC2)cc(C(F)(F)F)n1,6.93
D3,CHEMBL415300,CN1CCN(C2=Nc3ccccc3Nc3ccc(Cl)cc32)CC1,6.92
D3,CHEMBL65641,COc1ccc(Br)cc1-c1nc(CNCC[C@@H]2CCN(Cc3ccccc3)C2)co1,6.92
D3,CHEMBL287412,Cc1nn(C2CCN(Cc3cccc(Cl)c3)CC2)cc1-c1ccccc1,6.92
D3,CHEMBL2021525,CCCN[C@@H]1CCc2c(cccc2CS(=O)(=O)C(F)(F)F)C1.Cl,6.92
D3,CHEMBL485325,CCCN1CCO[C@@H]2c3cc4c(cc3CC[C@H]21)CCOC4=O,6.92
D3,CHEMBL3289649,Clc1ccc(N2CCN(CCCCCc3nc4ccccc4o3)CC2)cc1,6.92
D3,CHEMBL3323658,O=c1[nH]c2c(O)ccc([C@@H](O)CN[C@@H]3CCC[C@@H]3CCc3ccccc3)c2s1,6.92
D3,CHEMBL3642720,O=C(N[C@H]1CC[C@H](CCN2CCN(c3nccc4c3CCO4)CC2)CC1)C1CCCO1,6.92
D3,CHEMBL3642806,O=C(N[C@H]1CC[C@H](CCN2CCN(c3nccc4c3CCO4)CC2)CC1)c1cnc(N2CCOCC2)cn1,6.92
D3,CHEMBL3754496,C=CCN(CC=C)CCc1c[nH]c2ccc(F)cc12,6.92
D3,CHEMBL4072140,O=C(NCCCCN1CCN(c2cccc(Cl)c2Cl)CC1)Oc1ccc2c(c1)[nH]c1ccccc12,6.92
D3,CHEMBL4072171,CC[C@@H](O)CN1CCN(c2cccc(Cl)c2Cl)CC1,6.92
D3,CHEMBL4463276,COc1ccccc1N1CCN(CCNC(=O)/N=N/c2ccc(F)cc2)CC1,6.92
D3,CHEMBL4460743,COc1ccc(N(Cc2ccccc2)NC(=O)NCCCN2CCN(c3ccccc3OC)CC2)cc1,6.92
D3,CHEMBL4578632,CN1CCC(c2ccc3c(c2)N(S(=O)(=O)c2ccccc2)CC3)CC1,6.92
D3,CHEMBL4878121,COc1cc2c(cc1O)CN(Cc1ccccc1CNC(=O)c1ccccc1OC)CC2,6.92
D3,CHEMBL152231,COc1ccccc1OCCNCC(O)c1ccc(C)c(S(N)(=O)=O)c1,6.92
D3,CHEMBL5403204,COc1ccc(-c2ccccc2)c(CNC(=O)NCCCN2CCN(c3ccccc3OC)CC2)c1,6.92
D3,CHEMBL1173287,COc1cccc2[nH]cc(CN3CCC(O)(c4ccc(I)cc4)CC3)c12.O=C(O)C(=O)O,6.91
D3,CHEMBL1223799,Fc1ccccc1N1CCN(CCCCNc2ccc(-c3ccccc3)cn2)CC1,6.91
D3,CHEMBL2420895,Clc1cccc(N2CCN(Cc3c[nH]c4ccccc34)CC2)c1Cl,6.91
D3,CHEMBL3322997,CC(C)(C)c1cc(N2CCN(CCCCNC(=O)c3cn4ccccc4n3)CC2)cc(C(C)(C)C)c1,6.91
D3,CHEMBL3358506,Cc1cccc(N2CCN(CCCCNC(=O)[C@H]3CCc4ccccc4N3)CC2)c1,6.91
D3,CHEMBL3758403,COc1ccccc1N1CCN(CCCCNC(=O)CC(C)C)CC1,6.91
D3,CHEMBL5071238,CCc1cccc(N2CCN(CC(O)CCNCCC(C(=O)N(C)C)(c3ccccc3)c3ccccc3)CC2)c1Cl,6.91
D3,CHEMBL304856,c1ccc(CN2CC3COc4ccccc4C3C2)cc1,6.9
D3,CHEMBL52770,O=C(NCCCCN1CCc2ccc(OS(=O)(=O)C(F)(F)F)cc2C1)c1cccc(-c2ccccc2)c1,6.9
D3,CHEMBL339963,O[C@@H](CCCN1CCN(c2ccccn2)CC1)c1ccc(F)cc1,6.9
D3,CHEMBL169753,CCOc1c(C(=O)NCCN2CCN(c3cccc(C(F)(F)F)c3)CC2)cc(Br)c2ccccc12,6.9
D3,CHEMBL92438,CCCN(CCCCNC(=O)c1ccc(-c2ccccc2)cc1)C1CCc2ncncc2C1,6.9
D3,CHEMBL169322,CC(C)CN1CCO[C@@H]2c3cc4c(cc3CC[C@H]21)CCO4,6.9
D3,CHEMBL202713,COc1cccc2cc(C(=O)NCCCCN3CCN(c4[nH]nc5ccccc45)CC3)oc12,6.9
D3,CHEMBL256653,Cc1nc2cc3c(cc2o1)CCN(CCCSc1nnc(-c2cccnc2)n1C)CC3,6.9
D3,CHEMBL257524,CCc1nc2cc3c(c(C)c2o1)CCN(C(C)CCSc1nnc(-c2cccc4nc(C)ccc24)n1C)CC3,6.9
D3,CHEMBL257900,Cc1ccc2c(-c3nnc(SCCN4CCc5cc6nc(C(F)(F)F)oc6c(C)c5CC4)n3C)cccc2n1,6.9
D3,CHEMBL272086,Cc1ccc2c(-c3nnc(SCCC(C)N4CCc5cc6c(cc5CC4)C(=O)N(C(C)C)C6)n3C)cccc2n1,6.9
D3,CHEMBL563247,O=C1N(CCN2Cc3ccccc3C2)CCN1c1csc2ccccc12,6.9
D3,CHEMBL559004,O=C1N(CCN2Cc3ccccc3C2)CCN1c1ccc2occc2c1,6.9
D3,CHEMBL571229,O=C1N(CCN2Cc3ccccc3C2)CCN1Cc1cccc(Cl)c1,6.9
D3,CHEMBL564108,CC(C)N1CCN(CCN2CCN(c3ccc(F)c(C#N)c3)C2=O)CC1,6.9
D3,CHEMBL563926,COc1cccc(CCN(C)CCN2CCN(c3cccc(Cl)c3)C2=O)c1,6.9
D3,CHEMBL554693,COc1ccc(CCN(C)CCN2CCN(c3cccc(Cl)c3)C2=O)cc1OC,6.9
D3,CHEMBL549438,Cc1cc(CN(C)CCN2CCN(c3cccc(Cl)c3)C2=O)on1,6.9
D3,CHEMBL593196,Cn1c(CN2CCC(c3ccccc3)CC2)nc2ccccc21,6.9
D3,CHEMBL1077348,Cc1ccc(N2CCN(CCN3CCCCCC3)C2=O)cc1,6.9
D3,CHEMBL1086395,O=c1n(CCCN2CCCCCC2)ccn1-c1cccc(Cl)c1,6.9
D3,CHEMBL1257447,Cc1ncoc1-c1nnc(SCCCN2CCC3CC3(c3ccccc3)C2)n1C,6.9
D3,CHEMBL1632220,CCNC(=O)Nc1cccc(CCN2CCN(c3cccc4nc(C)ccc34)CC2)c1,6.9
D3,CHEMBL3775097,Cn1c(SCCCN2CC3CCN(c4ccc(C#N)cc4)C3C2)nnc1-c1cnccn1,6.9
D3,CHEMBL3774927,Cc1ccccc1N1CCC2CN(CCCSc3nnc(-c4cnccn4)n3C)CC21,6.9
D3,CHEMBL3919497,CN(C)[C@H]1c2cc3c(ccn3S(=O)(=O)c3ccccc3)cc2[C@@H]1CCO,6.9
D3,CHEMBL4456795,O=C(c1cc2ccccc2[nH]1)N1CCN(CCOc2ccc(F)cc2)CC1,6.9
D3,CHEMBL4558031,O=C1c2ccc(F)cc2CC1CCN1CCCN(c2ccc(Cl)cn2)CC1,6.9
D3,CHEMBL3765072,Cn1c(SCCCN2CCOC(c3ccc(C(F)(F)F)cc3)C2)nnc1-c1ccc(-n2cnnc2)cc1,6.9
D3,CHEMBL3764739,Cn1cccc1-c1nnc(SCCCN2CCOC(c3ccc(C(F)(F)F)cc3)C2)n1C,6.9
D3,CHEMBL417249,C=CCN1C2CCC1CC(OC(c1ccc(F)cc1)c1ccc(F)cc1)C2,6.89
D3,CHEMBL312877,COc1ccc(N2CCN(CCCOc3ccc(-c4nc5ccccc5[nH]4)cc3)CC2)cc1,6.89
D3,CHEMBL91498,CCc1c(-c2ccccc2)nc(O)n1C1CCN(Cc2ccccc2)CC1,6.89
D3,CHEMBL321492,COc1c(C(=O)N[C@H]2CN(Cc3ccccc3)C[C@H]2C)cc(Br)c2ccccc12,6.89
D3,CHEMBL514590,OC1(c2ccc(Cl)cc2)CC2CCC(C1)N2Cc1c[nH]c2ncccc12,6.89
D3,CHEMBL405345,CCCN1CCc2cc(OC)cc3c2[C@H]1Cc1cccc(O)c1-3,6.89
D3,CHEMBL1774546,CCCN(CCCCN1CCN(c2cccc(Cl)c2Cl)CC1)Cc1ccc2c(c1)Cc1ccccc1-2,6.89
D3,CHEMBL1940405,Fc1ccc(SCCCN2CCC(c3ccc(Cl)cc3)CC2)cc1,6.89
D3,CHEMBL2397385,CN1CCc2ccc(Cc3ccc(O)c4ccccc34)c3c2[C@H]1Cc1ccc(O)c(O)c1-3.Cl,6.89
D3,CHEMBL3234537,CCN1C(=O)c2ccccc2[S@+]([O-])c2ccc(C(=O)NCc3ccc(C#N)cc3)cc21,6.89
D3,CHEMBL3323669,CCCCOc1ccc(CCNC[C@H](O)c2ccc(O)c3[nH]c(=O)sc23)cc1,6.89
D3,CHEMBL3911264,Cc1ncoc1-c1nnc(SCCCN2CC[C@@]3(C[C@H]3c3ccc(C(F)(F)F)cc3)C2)n1C,6.89
D3,CHEMBL4087889,Cc1ccccc1N1CCN(CCCCNC(=O)Oc2ccc(-c3ccccc3)cc2)CC1,6.89
D3,CHEMBL4470231,COc1ccccc1N1CCN(CCCNC(=O)NN(Cc2ccccc2)c2ccc(Cl)cc2)CC1,6.89
D3,CHEMBL4439644,COc1ccccc1N1CCN(CCCNC(=O)NN(Cc2ccccc2)c2ccc(Br)cc2)CC1,6.89
D3,CHEMBL4470213,COc1ccc(OCCN2CCN(C(=O)c3cc4ccc(C)cc4[nH]3)CC2)cc1,6.89
D3,CHEMBL5198170,O=C(O)C(=O)O.O=C1CCc2ccccc2N1CCCN1CCN(c2ccccc2[N+](=O)[O-])CC1,6.89
D3,CHEMBL5760184,CC(C)(C)c1nc(N2CCN(CCCCNC(=O)N3CCN(C(c4ccccc4)c4ccc(Cl)cc4)CC3)CC2)cc(C(F)(F)F)n1,6.89
D3,CHEMBL5746341,CC(C)(C)c1nc(N2CCN(CCCCNC(=O)N3CCCC(c4ccccc4)CC3)CC2)cc(C(F)(F)F)n1,6.89
D3,CHEMBL5789154,Cc1ccc2[nH]c3c(c2c1)CN(C(=O)NCCCCN1CCN(c2cc(C(F)(F)F)nc(C(C)(C)C)n2)CC1)CC3,6.89
D3,CHEMBL276500,CCCN1CCCC(c2cccc(O)c2)C1,6.88
D3,CHEMBL282083,COc1c(C(=O)NCCN2CCN(c3ccccc3)CC2)cc(C#N)c2ccccc12,6.88
D3,CHEMBL285816,COc1c(C(=O)NCCN2CCN(c3ccc(Cl)cc3)CC2)cc(Br)c2ccccc12,6.88
D3,CHEMBL313257,CCN(CC)CCCOc1ccc(-c2nc3ccccc3n2CCCCCCn2c(-c3ccc(OCCCN(CC)CC)cc3)nc3ccccc32)cc1,6.88
D3,CHEMBL430242,CCN(CC)CCCOc1ccc(-c2nc3ccccc3n2C/C=C/Cn2c(-c3ccccc3)nc3ccccc32)cc1,6.88
D3,CHEMBL240379,O=C1c2ccccc2C(=O)N1CCCCN1CCCN(C(c2ccccc2)c2ccccc2)CC1,6.88
D3,CHEMBL1173436,COc1cccc2[nH]cc(CN3CCC(n4c(=O)[nH]c5ccccc54)CC3)c12.O=C(O)C(=O)O,6.88
D3,CHEMBL1223680,Fc1ccccc1N1CCN(CCCCNc2ccccn2)CC1,6.88
D3,CHEMBL2430439,COc1ccccc1N1CCN(CCCCn2cc(-c3cccnc3)nn2)CC1,6.88
D3,CHEMBL3642799,O=C(N[C@H]1CC[C@H](CCN2CCN(c3nccc4c3CCO4)CC2)CC1)C1(O)CCC1,6.88
D3,CHEMBL3975220,CCCCOc1c(O)ccc2c1CN1CCc3cc(OC)c(O)cc3[C@@H]1C2,6.88
D3,CHEMBL4228054,CCCCCN1CCC(c2cccc(O)c2)C1,6.88
D3,CHEMBL4514440,O=S(=O)(c1ccccc1)N1CCc2cc(N3CCNCC3)ccc21,6.88
D3,CHEMBL4857560,Cc1nc(N)sc1CCCN/C(N)=N/C(=O)NCC(C)CC1CCCCC1,6.88
D3,CHEMBL1615374,Cl.N#Cc1ccc2[nH]cc(CCCCN3CCN(c4ccc5oc(C(N)=O)cc5c4)CC3)c2c1,6.88
D3,CHEMBL128524,c1ccc(OCCCNCCOc2ccccc2)cc1,6.87
D3,CHEMBL135152,CCCNC1CCc2c(cccc2OC)C1,6.87
D3,CHEMBL1774549,OC(CCNCc1ccc2c(c1)Cc1ccccc1-2)CN1CCN(c2cccc(Cl)c2Cl)CC1,6.87
D3,CHEMBL2430438,COc1ccccc1N1CCN(CCCCn2cc(-c3ccc(-c4cnco4)cc3)nn2)CC1,6.87
D3,CHEMBL3323007,Cc1nc(N2CCN(CCCCNC(=O)c3cn4ccccc4n3)CC2)cc(C(C)(C)C)n1,6.87
D3,CHEMBL47050,OC1(c2ccc(Cl)c(C(F)(F)F)c2)CCN(CCCC(c2ccc(F)cc2)c2ccc(F)cc2)CC1,6.87
D3,CHEMBL5075990,CCc1cc(Cl)c(OC)c(C(=O)NCC2CCCN2CCCCNCCC(C(=O)N(C)C)(c2ccccc2)c2ccccc2)c1O,6.87
D3,CHEMBL3764830,Cn1c(SCCCN2CCOC(c3ccc(C(F)(F)F)cc3)C2)nnc1-c1ccc(S(N)(=O)=O)cc1,6.87
D3,CHEMBL92938,CCCN1CCC[C@@H](c2cccc(SC)c2)C1,6.86
D3,CHEMBL246854,CSc1ccc(C2(O)CCN(Cc3coc4ccccc34)CC2)cc1,6.86
D3,CHEMBL3947704,CC1CN(c2ccc(C(=O)N[C@H]3CC[C@H](CCN4CCC(c5noc6cc(F)ccc56)CC4)CC3)cc2)CC(C)O1,6.86
D3,CHEMBL4071243,CN[C@@H]1Cc2cccc3c2n(c(=O)n3CCCCCCOCCCCc2ccccc2)C1,6.86
D3,CHEMBL4541869,COc1ccccc1N1CCC2(CCN(CCCSc3nnc(-c4ccc(N(C)C)cc4)n3C)CC2)CC1,6.86
D3,CHEMBL5272965,CC1Cc2ccccc2N1C(=O)NCCCCN(C)[C@H]1Cc2cccc3[nH]c(=O)n(c23)C1,6.86
D3,CHEMBL5908754,CC(C)(C)c1nc(N2CCN(CCCCNC(=O)N3CCN(S(=O)(=O)c4ccccc4)CC3)CC2)cc(C(F)(F)F)n1,6.86
D3,CHEMBL128133,COc1ccccc1N1CCN(CCCNC(=O)Cc2ccc3ccccc3c2)CC1.O=C(O)C(=O)O,6.85
D3,CHEMBL328739,Cc1c(-c2ccccc2)n(C)c(=O)n1C1CCN(Cc2ccccc2)CC1,6.85
D3,CHEMBL430522,COc1c(C(=O)N[C@H]2CN(Cc3ccccc3)C[C@@H]2C)cc(Br)c2ccccc12,6.85
D3,CHEMBL78923,Nc1nc(-c2ccc(Cl)cc2)cc(C2CCN(Cc3ccccc3)CC2)n1,6.85
D3,CHEMBL210405,c1ccc(N2CCN(Cc3cnn(-c4ccccc4)c3)CC2)cc1,6.85
D3,CHEMBL485227,CCCN(CCCCNC(=O)c1ccc(-c2ccccc2)cc1)C1CCCCC1,6.85
D3,CHEMBL1172212,O=C(O)C(=O)O.OC1(c2ccccc2)CCN(Cc2cc3ccccc3s2)CC1,6.85
D3,CHEMBL3752900,C=CCN(CC=C)CCc1c[nH]c2ccc(Cl)cc12,6.85
D3,CHEMBL4086953,CN[C@@H]1Cc2cccc3c2n(c(=O)n3CCCCCCCCCCCCOCCCCc2ccccc2)C1,6.85
D3,CHEMBL4086894,O=C(CCCN1CCC(O)(c2ccc(Cl)cc2)CC1)c1ccc(OCCSSCCO)cc1.O=CO,6.85
D3,CHEMBL4534703,COc1ccccc1N1CCN(CCCNC(=O)/N=N/c2ccc(F)cc2)CC1,6.85
D3,CHEMBL4793296,O=C(CCCN1CCN(c2cccnc2)CC1)c1ccc(F)cc1.O=C(O)C(=O)O,6.85
D3,CHEMBL4854512,COc1cc2c(cc1O)CN(Cc1ccccc1CNC(=O)c1cccc(Cl)c1)CC2,6.85
D3,CHEMBL4876207,COc1cc2c(cc1O)CN(Cc1ccccc1CNC(=O)c1ccc(F)cc1)CC2,6.85
D3,CHEMBL317757,CN1C2CCC1CC(OC(c1ccc(F)cc1)c1ccc(F)cc1)C2,6.84
D3,CHEMBL87625,CN(C)CCCOc1ccc(-c2nc3ccccc3n2C/C=C/Cn2c(-c3ccc(OCCCN(C)C)cc3)nc3ccccc32)cc1,6.84
D3,CHEMBL231182,COc1ccccc1N1CCN(CCCCOc2ccc(-c3cn4cc(C)ccc4n3)cc2)CC1,6.84
D3,CHEMBL1223801,FC(F)(F)c1cccc(N2CCN(CCCCNc3ccc(-c4ccccc4)cn3)CC2)c1,6.84
D3,CHEMBL3323670,CCCCOc1cccc(CCNC[C@H](O)c2ccc(O)c3[nH]c(=O)sc23)c1,6.84
D3,CHEMBL3358514,O=C(NCCCCN1CCN(c2ccccc2)CC1)c1ccccn1,6.84
D3,CHEMBL3676930,O=C(Cc1noc2ccccc12)N[C@H]1CC[C@H](CCN2CCC(c3coc4ccccc34)CC2)CC1,6.84
D3,CHEMBL3818056,O=C(CCCN1CCc2ccccc2C1)c1ccc(O)cc1,6.84
D3,CHEMBL4096543,CC(C)Oc1cccnc1N(C)C1CCN(Cc2ccc(I)cc2)CC1,6.84
D3,CHEMBL115280,O=C1NCN(c2ccccc2)C12CCN(Cc1cccc(Oc3ccccc3)c1)CC2,6.83
D3,CHEMBL517244,CN(CCCC12CCC(c3ccccc31)c1ccccc12)Cc1ccc(OCCCN2CCCCC2)cc1,6.83
D3,CHEMBL296419,COc1ccc(CCN2CCC(Nc3nc4ccccc4n3Cc3ccc(F)cc3)CC2)cc1,6.83
D3,CHEMBL3323006,Cc1cc(N2CCN(CCCCNC(=O)c3cn4ccccc4n3)CC2)nc(C(F)(F)F)n1,6.83
D3,CHEMBL3323665,CCCc1ccc(CCNC[C@H](O)c2ccc(O)c3[nH]c(=O)sc23)cc1,6.83
D3,CHEMBL3642807,CC(C)(C)c1ccc(C(=O)N[C@H]2CC[C@H](CCN3CCN(c4nccc5c4CCO5)CC3)CC2)cc1,6.83
D3,CHEMBL4083890,CCCCN1CCc2ccc(C#N)cc2C1,6.83
D3,CHEMBL4565200,Cc1cc(C(N)=O)c(-c2cccc(OC(=O)NCCN3CCN(c4ccccc4)CC3)c2)s1,6.83
D3,CHEMBL302183,Fc1ccc(-c2cncc(CN3CCN(c4ncccn4)CC3)c2)cc1,6.82
D3,CHEMBL138792,N[C@@H]1CCc2c(F)cccc2C1,6.82
D3,CHEMBL138989,C[C@@H]1C[C@@H](C)N1C(=O)[C@@H]1C=C2c3cccc4[nH]cc(c34)CC2N(C)C1,6.82
D3,CHEMBL91669,Cn1c(-c2ccccc2)cn(C2CCN(Cc3ccccc3)CC2)c1=O,6.82
D3,CHEMBL268799,Clc1ccc(N2CCN(Cc3c[nH]c4ccccc34)CC2)cc1,6.82
D3,CHEMBL381946,COc1ccc2c(c1)Cc1ccccc1CCN(C)CC2,6.82
D3,CHEMBL491466,CCCN(CCCCn1cc(-c2ccc(-c3ccccc3)cc2)nn1)C1CC=C(C#Cc2ccccc2)CC1,6.82
D3,CHEMBL1946254,Clc1ccc(N2CCCN(CCCCc3nc4ccccc4s3)CC2)cc1,6.82
D3,CHEMBL3323666,CCCc1cccc(CCNC[C@H](O)c2ccc(O)c3[nH]c(=O)sc23)c1,6.82
D3,CHEMBL3642690,CCOCC(=O)N[C@H]1CC[C@H](CCN2CCN(c3nccc4occc34)CC2)CC1,6.82
D3,CHEMBL3899822,Cl.Clc1ccc(C(=CCCN2CCc3ccccc3C2)c2ccc(Cl)cc2)cc1,6.82
D3,CHEMBL4092900,O=C(NCCCN1CCN(c2cccc(Cl)c2Cl)CC1)Oc1ccc2c(c1)[nH]c1ccccc12,6.82
D3,CHEMBL4550633,COc1cccc(CN(NC(=O)NCCCN2CCN(c3ccccc3OC)CC2)c2ccc(F)cc2)c1,6.82
D3,CHEMBL4461237,Cc1ccc(OCCN2CCN(C(=O)c3cc4ccccc4[nH]3)CC2)cc1,6.82
D3,CHEMBL4469309,COc1ccc2c(c1)c(C1=CCNCC1)cn2S(=O)(=O)c1cncc2ccccc12,6.82
D3,CHEMBL5433509,COc1ccccc1N1CCN(CCCNC(=O)NCc2cc(F)ccc2-c2ccccc2)CC1,6.82
D3,CHEMBL84819,Clc1cccc(N2CCN(CCCOc3ccc(-c4nc5ccccc5[nH]4)cc3)CC2)c1,6.81
D3,CHEMBL133938,CCCN(CCc1cccs1)[C@H]1CCc2ccc(OC)cc2C1,6.81
D3,CHEMBL114484,Cc1ccc(CN2CCC(n3c(O)nc4ccccc43)CC2)c(Cl)c1,6.81
D3,CHEMBL230971,Clc1cccc(N2CCN(CCCOc3ccc(-c4cn5ccccc5n4)cc3)CC2)c1Cl,6.81
D3,CHEMBL246642,OC1(c2ccc(Cl)c(Cl)c2)CCN(Cc2n[nH]c3ccccc23)CC1,6.81
D3,CHEMBL3289648,Cc1ccc(N2CCN(CCCCc3ccc(F)cc3)CC2)nc1,6.81
D3,CHEMBL4540693,COc1ccc(OCCN2CCN(C(=O)c3cc4ccc(OC)cc4[nH]3)CC2)cc1,6.81
D3,CHEMBL5286603,C[C@H]1CO[C@@H](c2ccc(N)nc2)CN1C[C@H]1C[C@H]1CCNC(=O)c1cc2ccccc2[nH]1,6.81
D3,CHEMBL141511,CCCCN[C@@H]1CCc2c(F)cccc2C1,6.8
D3,CHEMBL112395,CNc1cc(OC)c(C(=O)NC2CCN(Cc3ccccc3)CC2)cc1Cl,6.8
D3,CHEMBL76090,Clc1ccc(-c2cc(C3CCN(Cc4ccccc4)CC3)[nH]n2)cc1,6.8
D3,CHEMBL105509,CCCN(CCC)C1CCc2nc(OC)ccc2C1,6.8
D3,CHEMBL326962,O=C1NCN(c2ccccc2)C12CCN(Cc1ccc3c(c1)OCO3)CC2,6.8
D3,CHEMBL425057,c1ccc(N2CCN(Cc3cnn(-c4ccccn4)c3)CC2)cc1,6.8
D3,CHEMBL394863,O=C(NC[C@H]1C[C@H]1CN1CCN(c2cccc(Cl)c2Cl)CC1)c1ccc(-c2ccccn2)cc1,6.8
D3,CHEMBL271729,Cc1ccc2c(-c3nnc(SCCCN4CCc5nc6ccc(C(F)(F)F)cn6c5CC4)n3C)cccc2n1,6.8
D3,CHEMBL257717,Cc1ccn2c3c(nc2c1)CCN(CCCSc1nnc(-c2cccc4nc(C)ccc24)n1C)CC3,6.8
D3,CHEMBL272702,CC(=O)N1CCOc2cc3c(cc21)CCN(CCCSc1nnc(-c2cccc4nc(C)ccc24)n1C)CC3,6.8
D3,CHEMBL256475,Cc1ncoc1-c1nnc(SCCCN2CCc3cc4onc(C)c4cc3CC2)n1C,6.8
D3,CHEMBL255827,Cc1nc2cc3c(cc2o1)CCN(CCCSc1nnc(-c2ocnc2C)n1C)CC3,6.8
D3,CHEMBL476108,O=C(CCCN1CCCN(c2ccc(Cl)cc2)CC1)c1ccc(F)cc1,6.8
D3,CHEMBL552367,O=C1N(CCN2Cc3ccccc3C2)CCN1Cc1cc(Cl)ccc1Cl,6.8
D3,CHEMBL553238,O=C1N(CCN2Cc3ccccc3C2)CCN1Cc1ccc(Cl)cc1,6.8
D3,CHEMBL570998,CC(C)N1CCN(CCN2CCN(c3cccc(Cl)c3F)C2=O)CC1,6.8
D3,CHEMBL550358,COc1cccc(N2CCN(CCN3CCN(C(C)C)CC3)C2=O)c1,6.8
D3,CHEMBL571221,CN1CCN(CCN2CCN(c3cccc(Cl)c3)C2=O)CC1,6.8
D3,CHEMBL541435,COCC1[C@@H]2CC[C@H]1CN(CCN1CCN(c3cccc(Cl)c3)C1=O)C2,6.8
D3,CHEMBL561326,O=C1N(CCN2CCC(c3nnc(-c4ccccc4)o3)CC2)CCN1c1cccc(Cl)c1,6.8
D3,CHEMBL1257565,Cc1ncoc1-c1nnc(SCCCN2CCC3(c4ccccc4)CC3C2)n1C,6.8
D3,CHEMBL1258949,Cc1ncoc1-c1nnc(SCCCN2CCC3(CCc4cc(F)ccc43)C2)n1C,6.8
D3,CHEMBL1632206,CC(=O)Nc1cccc(CCN2CCN(c3cccc4nc(C)ccc34)CC2)c1,6.8
D3,CHEMBL1928135,CCOCCOCc1ccn2ncc(C(=O)NCCCN3CCN(c4ccccc4OC)CC3)c2c1,6.8
D3,CHEMBL1940419,Fc1ccc(SCCCN2CCN(c3ccccn3)CC2)cc1,6.8
D3,CHEMBL2207638,COc1ccccc1N1CCN(Cc2cc(CN3CCCCC3)c3cccccc2-3)CC1,6.8
D3,CHEMBL3289647,Cc1ccc(N2CCN(CCCSc3ccc(F)cc3)CC2)nc1,6.8
D3,CHEMBL3318839,O=C(CCCCCCCCCCCCC(=O)OC1(c2ccc(Cl)cc2)CCN(CCCC(=O)c2ccc(F)cc2)CC1)OC1(c2ccc(Cl)cc2)CCN(CCCC(=O)c2ccc(F)cc2)CC1,6.8
D3,CHEMBL3358508,Cc1cccc(N2CCN(CCCCNC(=O)[C@@H]3CCc4ccccc4N3)CC2)c1,6.8
D3,CHEMBL4093493,O=C1COc2c(N3CCNCC3)ccc(O)c2N1,6.8
D3,CHEMBL4442470,COc1ccccc1N1CCN(CCCNC(=O)NN(Cc2ccccc2F)c2ccc(F)cc2)CC1,6.8
D3,CHEMBL4474192,COc1ccc(OCCN2CCN(C(=O)c3cc4c(Cl)cccc4[nH]3)CC2)cc1,6.8
D3,CHEMBL4585248,COc1ccc(OC(C)CN2CCN(C(=O)c3ccc(OC)cc3)CC2)cc1,6.8
D3,CHEMBL4572260,CN1CCN(c2cccc3c2CN(S(=O)(=O)c2ccccc2)C3)CC1,6.8
D3,CHEMBL4848910,COc1cc2c(cc1O)CN(Cc1ccccc1CNC(=O)c1ccc(Br)cc1)CC2,6.8
D3,CHEMBL77622,Oc1ccc(CCNCCCCCCNCCc2ccccc2)cc1O,6.8
D3,CHEMBL6162815,O=C1CCc2ccccc2N1CCCN1CCN(c2ccccc2-c2ccccc2)CC1,6.8
D3,CHEMBL544451,Cc1ccccc1N1CCN(CCCCc2cc(-c3cccs3)no2)CC1.Cl,6.79
D3,CHEMBL477646,O=C1c2ccccc2CCN1CCCCN1CCN(c2cccc(Cl)c2Cl)CC1,6.79
D3,CHEMBL1774551,CN(CCC(O)CN1CCN(c2cccc(Cl)c2Cl)CC1)Cc1ccc2c(c1)Cc1ccccc1-2,6.79
D3,CHEMBL3819082,Cl.Fc1ccc2c(c1)CC(CCN1CCc3ccccc3C1)C2,6.79
D3,CHEMBL3818710,Cl.[O-][S+](CCCN1CCc2ccccc2C1)c1ccc(F)cc1,6.79
D3,CHEMBL3818989,O=C(CCCN1CCc2ccccc2C1)c1ccccc1,6.79
D3,CHEMBL3818398,O=c1[nH]c2cc(Cl)ccc2n1C1CCN(CCCCc2nc3ccccc3s2)CC1,6.79
D3,CHEMBL4227192,CCCCCCN1CCC(c2cccc(O)c2)C1,6.79
D3,CHEMBL6065863,O=C(NCCCCN1CCN(c2ccc3ccccc3n2)CC1)c1cn2cccnc2n1,6.79
D3,CHEMBL541826,Br.c1ccc(N2CCN(CCCCCNC3=Nc4ccccc4OC3)CC2)cc1,6.78
D3,CHEMBL1289,Clc1cc(Cl)c(OCC#CI)cc1Cl,6.78
D3,CHEMBL4570930,COc1ccccc1N1CCN(CCCN2CCc3ncsc3CC2)CC1,6.78
D3,CHEMBL375596,Cc1cccc(NC(=O)CN2CCC(c3ccccn3)CC2)c1,6.78
D3,CHEMBL4471655,COc1ccc(OCCN2CCN(C(=O)c3cc4cccnc4[nH]3)CC2)cc1,6.78
D3,CHEMBL5920535,COc1ccc2[nH]c3c(c2c1)CN(C(=O)NCCCCN1CCN(c2cc(C(F)(F)F)nc(C(C)(C)C)n2)CC1)CC3,6.78
D3,CHEMBL5953407,CC(C)(C)c1nc(N2CCN(CCCCNC(=O)C3CCN(c4ccc(C(F)(F)F)cn4)CC3)CC2)cc(C(F)(F)F)n1,6.78
D3,CHEMBL108527,O=C(NCCCN1CCN(c2cccc(Cl)c2Cl)CC1)c1cccc2c1Cc1ccccc1-2,6.77
D3,CHEMBL92817,CCCN1CCC[C@@H](c2cccc(Br)c2)C1,6.77
D3,CHEMBL329443,CCCN1CCC[C@@H](c2cccc(S(=O)(=O)N(C)C)c2)C1,6.77
D3,CHEMBL128647,Cc1ccc(OCCNCCCOc2ccccc2)cc1,6.77
D3,CHEMBL83658,CN(C)CC1CC2c3ccccc3Cc3ccccc3N2O1,6.77
D3,CHEMBL349843,CCCN[C@@H]1CCc2c(OS(=O)(=O)C(F)(F)F)cccc2[C@@H]1C,6.77
D3,CHEMBL154286,c1ccc2c(c1)CCN(Cc1c[nH]c3ncccc13)C2,6.77
D3,CHEMBL458554,COc1cccc(N2CCN(CCCCNC(=O)c3ccc4nonc4c3)CC2)c1,6.77
D3,CHEMBL1928119,CCOCCOc1cccc(C(=O)NCCCN2CCN(c3ccccc3OC)CC2)c1,6.77
D3,CHEMBL4092015,COc1ccccc1N1CCC12CCN(CCCSc1nnc(-c3ccccc3)n1C)CC2,6.77
D3,CHEMBL4442460,COc1ccccc1N1CCN(CCCNC(=O)NN(Cc2ccccc2)c2ccccc2)CC1,6.77
D3,CHEMBL4876926,COc1cc2c(cc1O)CN(Cc1ccccc1CNC(=O)c1cccc(Br)c1)CC2,6.77
D3,CHEMBL5085974,CN(C)C(=O)C(CCN1CCN(c2cccc(Cl)c2Cl)CC1)(c1ccccc1)c1ccccc1,6.77
D3,CHEMBL3764612,Cn1c(SCCCN2CCOC(c3ccc(C(F)(F)F)cc3)C2)nnc1-c1cccnc1,6.77
D3,CHEMBL51023,COc1ccccc1N1CCN(CNC(=O)c2ccc(C)cc2)CC1,6.76
D3,CHEMBL2111566,C=CCN1CC[C@@H]2c3cccc(OS(=O)(=O)C(F)(F)F)c3CC[C@@H]21,6.76
D3,CHEMBL456430,OC1(c2ccc(Cl)cc2)CC2CCC(C1)N2Cc1ccc(F)cc1,6.76
D3,CHEMBL3588991,COc1ccccc1N1CCN(CC(O)CCn2cc(-c3ccccc3)nn2)CC1,6.76
D3,CHEMBL3954556,CCCOc1c(O)ccc2c1CN1CCc3cc(OC)c(O)cc3[C@@H]1C2,6.76
D3,CHEMBL4160064,COc1cccc(-c2ccc3c(c2)CCN(Cc2ccccc2)C3)c1,6.76
D3,CHEMBL4443441,C[C@H]1COC(c2ccc(N)nc2)CN1CCCCOc1ccc2c(c1)NC(=O)CC2,6.76
D3,CHEMBL4483496,O=S(=O)(c1ccccc1)N1CCc2ccc(N3CCN(C4CCC4)CC3)cc21,6.76
D3,CHEMBL4534733,CN1CCN(c2cccc3c2CCN3S(=O)(=O)c2ccccc2)CC1,6.76
D3,CHEMBL3765169,Cn1c(SCCCN2CCOC(c3ccc(C(F)(F)F)cc3)C2)nnc1-c1cnccn1,6.76
D3,CHEMBL298763,O=C(NCN1CCN(c2ccccc2Cl)CC1)c1ccccc1,6.75
D3,CHEMBL131484,Cc1ccc(OCCCNCCOc2ccc(Cl)cc2)cc1,6.75
D3,CHEMBL93969,Cc1c(-c2ccccc2)nc(O)n1C1CCN(Cc2ccc(Cl)cc2)CC1,6.75
D3,CHEMBL2112913,C1=C(/C=C/c2ccccc2)CCN(CCc2c[nH]c3ncccc23)C1,6.75
D3,CHEMBL26998,CCCN(CCC)[C@@H]1CCc2cccc(O)c2C1,6.75
D3,CHEMBL230972,COc1ccccc1N1CCN(CCCOc2ccc(-c3cn4cc(C)ccc4n3)cc2)CC1,6.75
D3,CHEMBL476935,O=C(CCCN1CCN(c2ccc(Cl)cc2)CC1)c1ccc(F)cc1,6.75
D3,CHEMBL1642128,Cc1cc(N2CCN(C)CC2)c2c(c1)N(S(=O)(=O)c1ccc3ccccc3c1)C(C)CC2=O,6.75
D3,CHEMBL3286429,Clc1ccc(N2CCN(CCCc3nc4ccccc4o3)CC2)cc1,6.75
D3,CHEMBL4543685,CCc1cc(Cl)c(OC)c(N2CCN(C)CC2)c1,6.75
D3,CHEMBL4857166,COc1ccc(C(=O)NCc2ccccc2CN2CCc3cc(OC)c(O)cc3C2)cc1,6.75
D3,CHEMBL313692,CCN(CC)CCCOc1ccc(-c2nc3ccccc3n2Cc2ccc(Cn3c(-c4ccc(OCCCN(CC)CC)cc4)nc4ccccc43)cc2)cc1,6.74
D3,CHEMBL1223856,Clc1cccc(N2CCN(CCCCNc3cc(-c4ccccc4)ccn3)CC2)c1Cl,6.74
D3,CHEMBL3970994,C1=C(CCN2CCc3ccccc3C2)CCc2ccccc21,6.74
D3,CHEMBL419792,CN[C@@H]1Cc2cccc3[nH]c(=O)n(c23)C1,6.73
D3,CHEMBL238917,COc1ccccc1N1CCN(CCCCN2C(=O)c3ccccc3S2(=O)=O)CC1,6.73
D3,CHEMBL1173366,O=C(O)C(=O)O.OC1(c2ccc(Br)cc2)CCN(Cc2c[nH]c3ccc(OCCF)cc23)CC1,6.73
D3,CHEMBL246484,O=C1CC(CN2CCC(c3noc4cc(F)ccc34)CC2)Cc2[nH]ncc21,6.73
D3,CHEMBL3289646,Cc1ccc(N2CCN(CCCOc3ccc(F)cc3)CC2)nc1,6.73
D3,CHEMBL3358504,O=C(NCCCCN1CCN(c2ccccn2)CC1)c1ccc2ccccc2n1,6.73
D3,CHEMBL4464060,CCCN1CC(c2ccc(N)nc2)OC[C@@H]1C,6.73
D3,CHEMBL435598,Cc1ccc(OCCNCCCOc2cccc(C)c2)cc1,6.72
D3,CHEMBL1170095,COc1cccc2[nH]cc(CN3CCC(O)(c4ccc(Br)cc4)CC3)c12,6.72
D3,CHEMBL1684134,CCCN1CCc2cccc3c2[C@@H]1Cc1cccc(OCCCCN2CCN(c4ccccc4OC)CC2)c1-3,6.72
D3,CHEMBL1684025,CCCN1CCc2cccc3c2C1Cc1cccc(OCc2cn(CCCN4CCN(c5ccccc5)CC4)nn2)c1-3,6.72
D3,CHEMBL643,CC(CN1c2ccccc2Sc2ccccc21)N(C)C,6.72
D3,CHEMBL4089290,COc1ccccc1N1CCC2(CN(CCCSc3nnc(-c4ccccc4)n3C)C2)C1,6.72
D3,CHEMBL4443579,COc1ccc(OCCN2CCN(C(=O)c3nc4ccccc4[nH]3)CC2)cc1,6.72
D3,CHEMBL4779969,C[C@H]1CN(CC[C@H]2CC[C@H](N3C(=O)CCC3=O)CC2)CCc2ccc(Cl)cc21,6.72
D3,CHEMBL5396317,COc1ccccc1N1CCN(CCCNC(=O)NCc2ccccc2-c2ccc(C(C)C)cc2)CC1,6.72
D3,CHEMBL3764833,Cc1ncoc1-c1nnc(SCCCN2CCOC(c3ccc(Br)cc3)C2)n1C,6.72
D3,CHEMBL320114,CN1C2CCC1CC(OC1c3ccccc3Cc3ccccc31)C2,6.71
D3,CHEMBL103871,c1ccc(-c2nc(CN3CCN(c4ccccc4)CC3)c[nH]2)cc1,6.71
D3,CHEMBL326263,N#Cc1ccc(CCOC(=O)N2CCN(CCCC(c3ccc(F)cc3)c3ccc(F)cc3)CC2)cc1,6.71
D3,CHEMBL394080,COc1ccccc1N1CCN(CCCCN2C(=O)Cc3ccccc32)CC1,6.71
D3,CHEMBL246021,CC(=O)NC1(c2ccc(Cl)cc2)CCN(Cc2c[nH]c3ccccc23)CC1,6.71
D3,CHEMBL1223857,FC(F)(F)c1cccc(N2CCN(CCCCNc3cc(-c4ccccc4)ccn3)CC2)c1,6.71
D3,CHEMBL119443,C[C@@H](CO)NC(=O)[C@@H]1C=C2c3cccc4[nH]cc(c34)C[C@H]2N(C)C1,6.71
D3,CHEMBL723,COc1ccccc1OCCNCC(O)COc1cccc2[nH]c3ccccc3c12,6.71
D3,CHEMBL1424807,Clc1cccc(N2CCNCC2)c1Cl,6.71
D3,CHEMBL3642800,CC(C)(O)C(=O)N[C@H]1CC[C@H](CCN2CCN(c3nccc4c3CCO4)CC2)CC1,6.71
D3,CHEMBL3769968,C=CCOc1cc(F)c(F)cc1C1CC1CN.Cl,6.71
D3,CHEMBL3976659,CCCOc1c(O)cc(Br)c2c1CN1CCc3cc(OC)c(O)cc3[C@@H]1C2,6.71
D3,CHEMBL3966718,CCCCCCOc1c(O)ccc2c1CN1CCc3cc(OC)c(O)cc3[C@@H]1C2,6.71
D3,CHEMBL4591554,CN1CCc2cc(O)c(O)cc2C1Cc1ccccc1Br,6.71
D3,CHEMBL4779912,C[C@@H]1CN(CC[C@H]2CC[C@H](NC(=O)N(C)C)CC2)CCc2ccc(Cl)cc21,6.71
D3,CHEMBL5188796,O=C(O)C(=O)O.O=C1CCc2ccccc2N1CCCCCN1CCN(c2ccccc2)CC1,6.71
D3,CHEMBL3764586,Cc1ncoc1-c1nnc(SCCCN2CCOC(c3ccc(C(F)(F)F)cc3F)C2)n1C,6.71
D3,CHEMBL64597,c1cnc(N2CCN(Cc3cccc(-c4ccsc4)c3)CC2)nc1,6.7
D3,CHEMBL291824,Fc1ccc(-c2cncc(CN3CCN(c4ccc(F)cc4)CC3)c2)cc1,6.7
D3,CHEMBL29846,COc1ccc(NS(=O)(=O)c2sc3ccc(Cl)cc3c2C)cc1N1CCN(C)CC1,6.7
D3,CHEMBL62829,Fc1cccc(-c2cccc(CN3CCN(c4ncccn4)CC3)c2)c1,6.7
D3,CHEMBL97440,CS(=O)(=O)Oc1ccc2c(c1)CC[C@H]1[C@H]2CCCN1CCCCNC(=O)c1ccc(-c2ccccc2)cc1,6.7
D3,CHEMBL345087,CCCN(C(C)C)[C@@H]1CCc2c(F)cccc2C1,6.7
D3,CHEMBL169832,COc1c(C(=O)NCCN2CCN(c3ccc(Cl)c(Cl)c3)CC2)cc(Br)c2ccccc12,6.7
D3,CHEMBL167230,COc1c(C(=O)NCCN2CCN(c3ccc(F)cc3F)CC2)cc(Br)c2ccccc12,6.7
D3,CHEMBL171825,c1c2c(cc3c1CC[C@H]1NCCO[C@H]31)OCC2,6.7
D3,CHEMBL150161,O=C(CCCN1CCC(O)(c2ccc(Cl)cc2)C1)c1ccc(F)cc1,6.7
D3,CHEMBL272588,Cc1ncoc1-c1nnc(SCCCN2CCc3nc4cc(C(F)(F)F)ccn4c3CC2)n1C,6.7
D3,CHEMBL271280,Cc1ncoc1-c1nnc(SCCCN2CCc3cc4nc(C5CC5)oc4cc3CC2)n1C,6.7
D3,CHEMBL255621,Cc1ncoc1-c1nnc(SCCCN2CCc3cc4ncoc4cc3CC2)n1C,6.7
D3,CHEMBL272378,CCc1nc2cc3c(c(Br)c2o1)CCN(CCSc1nnc(-c2cccc4nc(C)ccc24)n1C)CC3,6.7
D3,CHEMBL552460,Cc1ccc(N2CCN(CCN3Cc4ccccc4C3)C2=O)s1,6.7
D3,CHEMBL556895,O=C1N(CCN2Cc3ccccc3C2)CCN1c1cscc1-c1ccccn1,6.7
D3,CHEMBL576756,CNc1ncc2c(n1)CC(CN1CCC(c3noc4cc(F)ccc34)CC1)CC2=O,6.7
D3,CHEMBL1078492,O=S(=O)(Nc1ccc2c(c1)CCN(Cc1cc[nH]n1)CC2)c1ccc(-c2ccccn2)s1,6.7
D3,CHEMBL1223615,COc1ccccc1N1CCN(CCCCNc2ccccn2)CC1,6.7
D3,CHEMBL1223617,FC(F)(F)c1cccc(N2CCN(CCCCNc3ccccn3)CC2)c1,6.7
D3,CHEMBL1631542,Cc1ccc2c(N3CCN(CCc4cccc(N5CCOC5=O)c4)CC3)cccc2n1,6.7
D3,CHEMBL1631540,Cc1ccc2c(N3CCN(CCc4cccc(N5CCNC5=O)c4)CC3)cccc2n1,6.7
D3,CHEMBL1631535,Cc1ccc2c(N3CCN(CCc4cccc(NS(C)(=O)=O)c4)CC3)cccc2n1,6.7
D3,CHEMBL2443006,COc1ccccc1N1CCN(Cc2cn(-c3ccc(OCCOCCOCCF)cc3)nn2)CC1,6.7
D3,CHEMBL3358517,COc1cccc(N2CCN(CCCCNC(=O)c3ccccn3)CC2)n1,6.7
D3,CHEMBL3622097,Brc1ccc(NCCN2CCN(CCc3c[nH]c4ccccc34)CC2)cc1,6.7
D3,CHEMBL4060837,Cc1ccc(S(=O)(=O)[O-])cc1.O=C(NCCCCN1CC[N+]2(CCOc3ccccc32)CC1)c1cc2ccccn2n1,6.7
D3,CHEMBL4587874,O=C(c1cc2ncccc2[nH]1)N1CCN(CCOc2cccnc2)CC1,6.7
D3,CHEMBL5083441,CCc1cccc(N2CCN(CCC(c3cccc(O)c3)c3cccc(O)c3)CC2)c1Cl,6.7
D3,CHEMBL5879609,CC(C)(C)c1nc(N2CCN(CCCCNC(=O)N3CCc4[nH]c5ccc(Cl)cc5c4C3)CC2)cc(C(F)(F)F)n1,6.7
D3,CHEMBL62624,COc1ccc(Br)cc1-c1nc(CNC2CCN(Cc3ccccc3)CC2)cs1,6.69
D3,CHEMBL1170094,COc1ccc2[nH]cc(CN3CCC(O)(c4ccc(Cl)cc4)CC3)c2c1,6.69
D3,CHEMBL3358496,O=C(NCCCCN1CCN(c2ncccn2)CC1)c1cc2ccccc2cn1,6.69
D3,CHEMBL4859988,CC(=O)Nc1ccc(CCCCN2CCN(c3ccccn3)CC2)cc1,6.69
D3,CHEMBL4857597,O=C1CCc2cc(CCCCN3CCN(c4ccccn4)CC3)ccc2N1,6.69
D3,CHEMBL154126,COc1ccc2c(c1)OC(C)(C)C(c1ccccc1)C2c1ccc(OCCN2CCCC2)cc1,6.69
D3,CHEMBL1743263,CC(C)C[C@H]1C(=O)N2CCC[C@H]2[C@]2(O)O[C@](NC(=O)[C@@H]3C[C@@H]4c5cccc6[nH]cc(c56)C[C@H]4N(C)C3)(C(C)C)C(=O)N12,6.69
D3,CHEMBL5425920,Cc1ccc(N2CCN(CCCCc3nc4ccccc4s3)CC2)nc1,6.69
D3,CHEMBL165689,c1cnc(N[C@H]2CC[C@H](CCN3CCN(c4cnccn4)CC3)CC2)nc1,6.68
D3,CHEMBL354180,CNc1cc(OC)c(C(=O)NC[C@@H]2CN(Cc3ccccc3)C[C@H]2C)cc1Cl,6.68
D3,CHEMBL132261,CCCN(CCc1cccs1)C1CCc2c(cccc2OC2CCCC2)C1,6.68
D3,CHEMBL150173,Cc1ccc(N2CCN(Cc3ccc4c(c3)OCC(=O)N4)CC2)cc1,6.68
D3,CHEMBL194755,COc1ccccc1N1CCN(CCCCNS(=O)(=O)c2ccc(F)cc2)CC1,6.68
D3,CHEMBL394065,FC1(c2ccc(Cl)cc2)CCN(Cc2c[nH]c3ccccc23)CC1,6.68
D3,CHEMBL457974,COc1ccc(N2CCN(CCCCNC(=O)c3ccc(-n4ccnc4)cc3)CC2)cc1,6.68
D3,CHEMBL517349,O=C1c2ccccc2CCN1CCCN1CCN(c2cccc(Cl)c2Cl)CC1,6.68
D3,CHEMBL476641,COc1ccccc1N1CCN(CCCN2CCCc3ccccc3C2=O)CC1,6.68
D3,CHEMBL1223682,Cc1cccc(N2CCN(CCCCNc3ccccn3)CC2)c1C,6.68
D3,CHEMBL1940412,Fc1ccc(OCCCN2CCN(c3ccccc3)CC2)cc1,6.68
D3,CHEMBL1946126,Fc1ccc(OCCCN2CCCN(c3ccc(Cl)cc3)CC2)cc1,6.68
D3,CHEMBL1224527,Oc1ccc2c(c1O)C[C@@H](c1ccccc1)[C@@H]1CCNC[C@@H]21,6.68
D3,CHEMBL2207633,COc1ccccc1N1CCN(Cc2cc(C#Cc3ccccc3)c3cccccc2-3)CC1,6.68
D3,CHEMBL3318838,O=C(CCCCCCCCCCC(=O)OC1(c2ccc(Cl)cc2)CCN(CCCC(=O)c2ccc(F)cc2)CC1)OC1(c2ccc(Cl)cc2)CCN(CCCC(=O)c2ccc(F)cc2)CC1,6.68
D3,CHEMBL4100263,O=C(O)C(F)(F)F.[N-]=[N+]=NCCSSCCn1cc(C(=O)CCCN2CCC(O)(c3ccc(Cl)cc3)CC2)nn1,6.68
D3,CHEMBL1644978,OC1(c2ccc(Cl)c(C(F)(F)F)c2)CCN(CCCCC(c2ccc(F)cc2)c2ccc(F)cc2)CC1,6.68
D3,CHEMBL4555876,Cn1c(SCCCN2CCC3(CC2)CCN(c2ccccc2F)CC3)nnc1-c1ccccc1,6.68
D3,CHEMBL4472813,COc1ccc(OCCN2CCN(C(=O)c3ccc4[nH]ccc4c3)CC2)cc1,6.68
D3,CHEMBL4533633,COc1ccc(OCCN2CCN(C(=O)c3c[nH]c4ccccc34)CC2)cc1,6.68
D3,CHEMBL4515773,O=S(=O)(c1ccccc1)N1CCc2cc(N3CCN(C4CCC4)CC3)ccc21,6.68
D3,CHEMBL4867565,O=S(=O)(c1cccc(F)c1)n1ccc2c(N3CCNCC3)nc3ccccc3c21,6.68
D3,CHEMBL5087543,CN(C)C(=O)C(CCNCCC(O)CN1CCN(c2cccc(Cl)c2Cl)CC1)(c1ccccc1)c1ccccc1,6.68
D3,CHEMBL5405086,COc1ccccc1N1CCN(CCCNC(=O)NCc2ccccc2-c2cccc(F)c2)CC1,6.68
D3,CHEMBL323997,Fc1ccc(C(OCCN2C3CCC2CC(OC(c2ccc(F)cc2)c2ccc(F)cc2)C3)c2ccc(F)cc2)cc1,6.67
D3,CHEMBL263058,COc1ccccc1N1CCN(CCCNC(=O)c2ccccc2I)CC1.O=C(O)C(=O)O,6.67
D3,CHEMBL203689,CN1CCc2ccccc2Cc2c(O)cccc2CC1,6.67
D3,CHEMBL2037430,Clc1ccc(N2CCN(CCCc3nc4ccccc4s3)CC2)cc1,6.67
D3,CHEMBL3358515,COc1cccc(N2CCN(CCCCNC(=O)c3ccccn3)CC2)c1,6.67
D3,CHEMBL4516927,COc1ccccc1N1CCC2(CCN(CCCSc3nnc(-c4cccnc4)n3C)CC2)CC1,6.67
D3,CHEMBL4541473,CCCN1CCC(c2cccc3c2CN(S(=O)(=O)c2ccccc2)C3)CC1,6.67
D3,CHEMBL5744969,Cc1nc(N2CCN(CCCCNC(=O)N3CCc4[nH]c5ccc(Cl)cc5c4C3)CC2)cc(C(C)(C)C)n1,6.67
D3,CHEMBL3084884,CN1[C@@H]2CC[C@H]1C[C@@H](OC(c1ccc(Cl)cc1)c1ccc(Cl)cc1)C2,6.66
D3,CHEMBL2111528,COc1ccc(Br)cc1-c1nc(CNCC2CCN(Cc3ccccc3)C2)cs1,6.66
D3,CHEMBL89971,Cc1c(-c2ccccc2Cl)nc(O)n1C1CCN(Cc2ccccc2)CC1,6.66
D3,CHEMBL263162,Cc1ccc(-c2nc(O)n(C3CCN(Cc4ccccc4)CC3)c2C)cc1,6.66
D3,CHEMBL31991,O[C@@H](COc1ccccc1)CN1CCC(Oc2ccccc2)CC1,6.66
D3,CHEMBL199746,COc1ccc2onc(N3CCN(CCCCNC(=O)c4ccc5nccnc5c4)CC3)c2c1,6.66
D3,CHEMBL476934,O=C(CCCN1CC2CC1CN2c1ccc(Cl)cc1)c1ccc(F)cc1,6.66
D3,CHEMBL21731,CNCCCC12CCC(c3ccccc31)c1ccccc12,6.66
D3,CHEMBL514591,O=C(CCCN1CC2CC1N(c1ccc(Cl)cc1)C2)c1ccc(F)cc1,6.66
D3,CHEMBL561622,Clc1ccc(N2CCN(CCCCCc3cc4ccccn4n3)CC2)cc1,6.66
D3,CHEMBL1803054,COc1cc(CN2CCN(C)CC2)ccc1OCCCc1cn(CCCCCCCCn2cc(CCCOc3ccc(CN4CCN(c5ccccc5OC)CC4)cc3OC)nn2)nn1,6.66
D3,CHEMBL2420778,Oc1ccc(N2CCN(Cc3cccs3)CC2)cc1,6.66
D3,CHEMBL3318840,O=C(CCCCCCCCCCCCCCC(=O)OC1(c2ccc(Cl)cc2)CCN(CCCC(=O)c2ccc(F)cc2)CC1)OC1(c2ccc(Cl)cc2)CCN(CCCC(=O)c2ccc(F)cc2)CC1,6.66
D3,CHEMBL3781035,CCCCCCOc1ccc2c(c1OC)CN1CCc3cc(OC)c(O)cc3C1C2,6.66
D3,CHEMBL4445706,COc1ccc(N(Cc2ccc(C#N)cc2)NC(=O)NCCCN2CCN(c3ccccc3OC)CC2)cc1,6.66
D3,CHEMBL4590356,CCOc1ccc(F)cc1C1CC1CNCCCSc1nnc(-c2ccccc2)n1C.Cl,6.66
D3,CHEMBL4875079,CC(=O)Nc1ccc(C(=O)CCCN2CCN(c3ccccn3)CC2)cc1.O=C(O)C(=O)O,6.66
D3,CHEMBL442444,CCN(CC)CCOC(=O)C(c1ccccc1)C1CCCCC1,6.66
D3,CHEMBL5404724,CN(C)C(=O)C(CCN1C[C@H](O)C[C@H]1C(=O)NCCCCN1CCN(c2cccc(C(F)(F)F)n2)CC1)(c1ccccc1)c1ccccc1,6.66
D3,CHEMBL5425944,Clc1cccc(N2CCN(CCCOC3(c4ccccn4)CCOCC3)CC2)c1Cl,6.66
D3,CHEMBL5821609,Cc1ccc2[nH]c3c(c2c1)CN(C(=O)NCCCCN1CCN(c2cc(C(C)(C)C)nc(C)n2)CC1)CC3,6.66
D3,CHEMBL179775,CN1CCN(C2=Cc3ccccc3Cn3cccc32)CC1,6.65
D3,CHEMBL231080,Cc1cccn2cc(-c3ccc(OCCCN4CCN(c5cccc(Cl)c5Cl)CC4)cc3)nc12,6.65
D3,CHEMBL3084506,O[C@@]1(c2ccc3ccccc3c2)C[C@H]2CC[C@@H](C1)N2Cc1c[nH]c2ccccc12,6.65
D3,CHEMBL458759,O=C(NCCCCN1CCN(c2cccc(OCCF)c2)CC1)c1ccc2nonc2c1,6.65
D3,CHEMBL464811,Clc1ccc2c(c1)N=C(N1CCN(Cc3ccc(OCCCN4CCCCC4)cc3)CC1)c1ccccc1N2,6.65
D3,CHEMBL1201203,CN1[C@@H]2CC[C@H]1C[C@@H](OC(c1ccccc1)c1ccccc1)C2,6.65
D3,CHEMBL3958215,O=C1c2ccc(F)cc2CC1CCN1CCc2ccccc2C1,6.65
D3,CHEMBL4466748,COc1ccc(OCCN2CCN(C(=O)c3cc4ccc(Cl)cc4[nH]3)CC2)cc1,6.65
D3,CHEMBL4764679,CN1CCc2ccc(OCCCN3CCC(c4noc5cc(F)ccc45)CC3)cc2C1=O,6.65
D3,CHEMBL5403986,Clc1ccc2nc(CCCN3CCN(c4ccccn4)CC3)sc2c1,6.65
D3,CHEMBL7506,Clc1ccccc1N1CCN(Cc2cnn3ccccc23)CC1,6.64
D3,CHEMBL574569,COc1ccccc1N1CCN(CCCCNC(=O)c2cccc(-c3cn(Cc4ccc(-c5ccc(Cn6cc(-c7cccc(C(=O)NCCCCN8CCN(c9ccccc9OC)CC8)c7)nn6)cc5)cc4)nn3)c2)CC1,6.64
D3,CHEMBL1672305,CCN1CCc2cc(OCCCF)cc3c2[C@H]1Cc1ccc(O)c(O)c1-3,6.64
D3,CHEMBL1196271,CCCN(CCC)C1Cc2ccccc2C1,6.64
D3,CHEMBL1803053,CCCc1cn(CCCCCCCCn2cc(CCCOc3ccc(CN4CCN(c5ccccc5OC)CC4)cc3OC)nn2)nn1,6.64
D3,CHEMBL1940420,Fc1ccc(OCCCN2CCN(c3ccccn3)CC2)cc1,6.64
D3,CHEMBL3234536,CCN1C(=O)c2ccccc2[S@+]([O-])c2ccc(C(=O)NCc3ccc(F)cc3)cc21,6.64
D3,CHEMBL4100322,CN[C@@H]1Cc2cccc3c2n(c(=O)n3CCOCCOCCCCc2ccccc2)C1,6.64
D3,CHEMBL4585796,CCCN1CCC(c2ccc3c(c2)CCN3S(=O)(=O)c2ccccc2)CC1,6.64
D3,CHEMBL5406300,COc1cccc2nc(CCCN3CCC(c4ccccn4)CC3)sc12,6.64
D3,CHEMBL131357,Cc1ccc(OCCNCCCOc2ccc(F)cc2)cc1,6.63
D3,CHEMBL130370,Cc1ccc(OCCCNCCOc2ccc(C)cc2)cc1,6.63
D3,CHEMBL22892,Oc1ccc(OCCNCCCOc2ccccc2)cc1,6.63
D3,CHEMBL151286,Cc1ccc(C2CCN(Cc3ccc4c(c3)OCC(=O)N4)CC2)cc1,6.63
D3,CHEMBL397770,OC1(c2cccc(Cl)c2Cl)CCN(Cc2c[nH]c3ccccc23)CC1,6.63
D3,CHEMBL3819403,O=C(CCCCN1CCN(C(c2ccc(F)cc2)c2ccc(F)cc2)CC1)c1nc2ccccc2s1,6.63
D3,CHEMBL4071189,COc1ccccc1N1CC2(CCN(CCCSc3nnc(-c4ccccc4)n3C)CC2)C1,6.63
D3,CHEMBL5083473,CCc1cccc(N2CCN(CCC(c3cccc(O)c3)c3cccc(OC)c3)CC2)c1Cl,6.63
D3,CHEMBL91162,Cc1c(-c2ccccc2)nc(O)n1C1CCN(Cc2ccccc2)CC1,6.62
D3,CHEMBL102632,CCCN1CCOC2c3ccsc3CCC21,6.62
D3,CHEMBL80833,Clc1ccc(-c2cc(C3CCCN(Cc4ccccc4)C3)[nH]n2)cc1,6.62
D3,CHEMBL3754166,C=CCN(CC=C)CCc1c[nH]c2ccc(Br)cc12,6.62
D3,CHEMBL4063681,Cl.O=C(NCCCCN1CCN(c2cccc(Cl)c2Cl)CC1)Oc1cccc(-c2ccccc2)c1,6.62
D3,CHEMBL4084690,O=C1CCc2ccc(OCCCCN3CCCN(c4ccc(O)c5oc(=O)ccc45)CC3)cc2N1,6.62
D3,CHEMBL81330,Fc1ccc(N2CCN(CCC3OCCc4ccccc43)CC2)cc1,6.62
D3,CHEMBL4451351,COc1ccccc1N1CCN(CCN2CCc3ncsc3CC2)CC1,6.62
D3,CHEMBL104135,CCCN(CCC)CC1CCc2sccc2C1,6.61
D3,CHEMBL268371,O=C1Cc2ccccc2N1CCCCN1CCN(c2cccc(C(F)(F)F)c2)CC1,6.61
D3,CHEMBL246438,COC1(c2ccc(Cl)cc2)CCN(Cc2c[nH]c3ccccc23)CC1,6.61
D3,CHEMBL140872,O=C(CCCN1CCN(c2ncccn2)CC1)c1ccc(F)cc1,6.61
D3,CHEMBL460402,CN(CCC=C1c2ccccc2CCc2ccccc21)C(=O)c1ccc(OCCCN2CCCCC2)cc1,6.61
D3,CHEMBL1222134,CC(C)N(c1cccc(N2CCN(C)CC2)c1)S(=O)(=O)c1ccc2ccccc2c1,6.61
D3,CHEMBL1940407,[O-][S+](CCCN1CCC(c2ccc(Cl)cc2)CC1)c1ccc(F)cc1,6.61
D3,CHEMBL4866058,Clc1ccc2c(c1)CC(CCN1CCN(c3ccccn3)CC1)C2,6.61
D3,CHEMBL5432993,CN(C)C(=O)C(CCN1C[C@H](O)C[C@H]1CN1CCN(c2cccc(Cl)c2Cl)CC1)(c1ccccc1)c1ccccc1,6.61
D3,CHEMBL5894121,CC(C)(C)c1cc(N2CCN(CCCCNC(=O)N3CCc4[nH]c5ccccc5c4C3)CC2)cc(C(C)(C)C)c1,6.61
D3,CHEMBL5762619,CC(C)(C)c1cc(N2CCN(CCCCNC(=O)N3CCc4c([nH]c5ccccc45)C3)CC2)cc(C(C)(C)C)c1,6.61
D3,CHEMBL92183,CCCN1CCC[C@@H](c2cccc(C#N)c2)C1,6.6
D3,CHEMBL107492,CCCN1CCCC(c2cccc(C#N)c2)C1,6.6
D3,CHEMBL29649,CCOc1c(C(=O)NCCN2CCN(c3ccccc3)CC2)cc(Br)c2ccccc12,6.6
D3,CHEMBL29610,COc1c(C(=O)NCCN2CCN(c3ccc(C)cc3)CC2)cc(Br)c2ccccc12,6.6
D3,CHEMBL97840,O=C(NCCCCN1CCC[C@@H]2c3ccccc3CC[C@@H]21)c1ccc(-c2ccccc2)cc1,6.6
D3,CHEMBL317996,CS(=O)(=O)Oc1cccc2c1CC[C@H]1[C@@H]2CCCN1CCCCNC(=O)c1ccc(-c2ccccc2)cc1,6.6
D3,CHEMBL716,OCCOCCN1CCN(C2=Nc3ccccc3Sc3ccccc32)CC1,6.6
D3,CHEMBL139722,COc1ccccc1N1CCN(CCNC(=O)c2cc3ccccn3n2)CC1,6.6
D3,CHEMBL94283,Cc1c(-c2cccc(Cl)c2)nc(O)n1C1CCN(Cc2ccccc2)CC1,6.6
D3,CHEMBL353642,COc1c(C(=O)NCCN2CCN(c3cccc(C(F)(F)F)c3)CC2)cc(Br)c2ccccc12,6.6
D3,CHEMBL165879,COc1c(C(=O)NCCN2CCN(c3ccc4ccccc4n3)CC2)cc(Br)c2ccccc12,6.6
D3,CHEMBL161507,CCCN[C@@H]1CCc2c(C(=O)OC)cccc2[C@@H]1C,6.6
D3,CHEMBL156732,c1ccc(CCC2CCN(Cc3cc4ccc[nH]c-4n3)CC2)cc1,6.6
D3,CHEMBL435301,CN(C)C[C@H]1CC2c3ccccc3Oc3ccc(Cl)cc3[C@H]2O1,6.6
D3,CHEMBL411293,Cc1ccc2c(-c3nnc(SCCCN4CCc5nc6cc(C(F)(F)F)ccn6c5CC4)n3C)cccc2n1,6.6
D3,CHEMBL271066,Cc1ccc2c(-c3nnc(SCCCN4CCc5cc6c(cc5CC4)OCC(=O)N6)n3C)cccc2n1,6.6
D3,CHEMBL256472,COCc1nc2cc3c(cc2o1)CCN(CCCSc1nnc(-c2cccc4nc(C)ccc24)n1C)CC3,6.6
D3,CHEMBL270239,Cc1ccc2c(-c3nnc(SCCC(C)N4CCc5cc6nc(C)oc6c(C)c5CC4)n3C)cccc2n1,6.6
D3,CHEMBL401777,CCc1nc2cc3c(c(C)c2o1)CCN(CCSc1nnc(-c2cccc4nc(C)ccc24)n1C)CC3,6.6
D3,CHEMBL270853,Cc1ccc2c(-c3nnc(SCCCCN4CCc5cc6c(cc5CC4)C(=O)N(C)C6)n3C)cccc2n1,6.6
D3,CHEMBL559780,Cc1nc2cc(N3CCN(CCN4Cc5ccccc5C4)C3=O)ccc2s1,6.6
D3,CHEMBL596448,COc1ccc2c(c1)CCN1Cc3ccccc3CC21,6.6
D3,CHEMBL1081491,O=C1N(CCN2CCCCCC2)CCN1c1ccc(F)cc1,6.6
D3,CHEMBL1169904,COc1cccc2[nH]cc(CN3CCC(O)(c4ccc(Cl)cc4)CC3)c12,6.6
D3,CHEMBL1224700,O=S(=O)(Nc1ccc([C@]23CNC[C@H]2C3)cc1)c1ccc(C(F)(F)F)cc1,6.6
D3,CHEMBL1258153,Cc1ncoc1-c1nnc(SCCCN[C@H]2CC[C@]3(c4ccc(C(F)(F)F)cc4)CC23)n1C,6.6
D3,CHEMBL1672306,CCN1CCc2cc(OCCF)cc3c2[C@H]1Cc1ccc(O)c(O)c1-3,6.6
D3,CHEMBL1803052,CCOCCn1cc(CCCOc2ccc(CN3CCN(c4ccccc4OC)CC3)cc2OC)nn1,6.6
D3,CHEMBL1813593,COc1cc(C)ccc1N1CCN(CCCCOc2ccc3c(c2)NC(=O)CC3)CC1.O=C(O)C(=O)O,6.6
D3,CHEMBL3323003,O=C(NCCCCN1CCN(c2ncnc3ccccc23)CC1)c1cn2ccccc2n1,6.6
D3,CHEMBL3642813,CO[C@@H](C)C(=O)N[C@H]1CC[C@H](CCN2CCN(c3nccc4c3CCO4)CC2)CC1,6.6
D3,CHEMBL3948819,CNCC1Cc2ccc3c(ccn3S(=O)(=O)c3cccc4ccccc34)c21,6.6
D3,CHEMBL3963688,CN[C@H]1c2cc3c(ccn3S(=O)(=O)c3ccccc3)cc2[C@@H]1CCO,6.6
D3,CHEMBL5087504,Oc1cccc(C(CCNCCCCN2CCN(c3ccccc3)CC2)c2cccc(O)c2)c1,6.6
D3,CHEMBL56,CCCN(CCC)C1CCc2cccc(O)c2C1,6.59
D3,CHEMBL4067792,N#Cc1ccc2c(c1)CN(C[C@@H]1C[C@H]1CNC(=O)c1ccnc3ccccc13)CC2,6.59
D3,CHEMBL4475262,COc1ccccc1N1CCN(CCCN2CCCc3ncsc3C2)CC1,6.59
D3,CHEMBL4466677,COc1ccccc1N1CCN(CC2COCC(c3ccccc3)(c3ccccc3)O2)CC1,6.59
D3,CHEMBL4637208,CNC(=O)c1cc(C(=O)N[C@H]2[C@@H]3COC[C@@H]32)cc2c1O[C@H](CF)[C@H]2c1ccccc1,6.59
D3,CHEMBL5418730,Clc1ccc([C@@H]2C[C@H]2NCCC2(c3ccccn3)CCOCC2)cc1,6.59
D3,CHEMBL26120,Cc1nn(C2CCN(Cc3cccc(C#N)c3)CC2)cc1-c1ccccc1,6.58
D3,CHEMBL126331,COc1ccc2cc([C@H](C)C(=O)NCCCN3CCN(c4ccccc4OC)CC3)ccc2c1.O=C(O)C(=O)O,6.58
D3,CHEMBL135944,CCCN(CCC)[C@H]1CCc2ccc(OC)cc2C1,6.58
D3,CHEMBL313851,FC(F)(F)c1nc2c3c(ccc2[nH]1)CCC(CNCc1ccccc1)O3,6.58
D3,CHEMBL324270,COc1cccc2c1N1CCN(C)CC1c1ccccc1C2,6.58
D3,CHEMBL193776,CCCN(CCC)[C@H]1CCn2c(ccc2C(=O)C(Cl)(Cl)Cl)C1,6.58
D3,CHEMBL201326,COc1cccc2cc(C(=O)NCCCCN3CCN(c4cccc5nccnc45)CC3)oc12,6.58
D3,CHEMBL1940408,Fc1ccc(CCCCN2CCN(c3ccc(Cl)cc3)CC2)cc1,6.58
D3,CHEMBL1940415,Fc1ccc(CCCCN2CCN(c3ncccn3)CC2)cc1,6.58
D3,CHEMBL2334885,COc1cc2c(cc1O)CCN1Cc3c(ccc(OC)c3OC)C[C@@H]21,6.58
D3,CHEMBL4173095,C=C(C)CN1CCN(c2ccc3c(c2)CN(C(=O)OCc2ccccc2)CC3)CC1,6.58
D3,CHEMBL4460818,COc1ccc(OCCN2CCN(C(=O)c3cc4c(C)cccc4[nH]3)CC2)cc1,6.58
D3,CHEMBL5089932,CCc1cc(Cl)c(OC)c(C(=O)NC[C@@H]2CCCN2CCCCNCCC(C(=O)N(C)C)(c2ccccc2)c2ccccc2)c1O,6.58
D3,CHEMBL5396616,CCCOc1cc2c(cc1O)[C@@H]1Cc3ccc(O)c(OCCOCC)c3CN1CC2,6.58
D3,CHEMBL49231,COc1ccccc1N1CCN(CNC(=O)c2ccc(Cl)cc2)CC1,6.57
D3,CHEMBL93383,CC(C)N1CCC[C@@H](c2cccc(C#N)c2)C1,6.57
D3,CHEMBL284896,COc1c(C(=O)NCCN2CCN(c3ccccc3)CC2)ccc2ccccc12,6.57
D3,CHEMBL168544,CCC[C@@H]1CN(Cc2ccccc2)C[C@H]1CNC(=O)c1cc(Cl)c(NC)cc1OC,6.57
D3,CHEMBL160536,Cc1nn2c(N3CCN(Cc4ccccc4)CC3)cccc2c1CN1CCN(c2ccc(Cl)cc2)CC1,6.57
D3,CHEMBL328114,COc1cc2c(cc1OC)C1=NO[C@@H](CN3CCN(C/C=C/c4ccccc4)CC3)[C@@H]1CO2,6.57
D3,CHEMBL270408,COc1ccccc1N1CCN(Cc2cccc(OCCF)c2)CC1,6.57
D3,CHEMBL2393243,Cl.c1ccc(Cc2nc3c(c(Nc4ccccc4)n2)CCNCC3)cc1,6.57
D3,CHEMBL3318844,Cc1ccc(C(=O)OC2(c3ccc(Cl)cc3)CCN(CCCC(=O)c3ccc(F)cc3)CC2)cc1,6.57
D3,CHEMBL3739820,Cl.Clc1ccc(N2CCN(CCCCNc3noc(-c4ccccc4)n3)CC2)cc1,6.57
D3,CHEMBL5399422,CCCCCCOc1cc2c(cc1O)[C@@H]1Cc3ccc(O)c(OCCC)c3CN1CC2,6.57
D3,CHEMBL5425252,COc1ccccc1N1CCN(CCCNC(=O)NCc2ccccc2-c2ccccc2)CC1,6.57
D3,CHEMBL5433458,Clc1ccc([C@@H]2C[C@H]2NCCC2(c3ccccn3)CCOC3(CCCC3)C2)cc1,6.57
D3,CHEMBL2440454,CCc1cc2c(c(CC)n1)CCC(=O)N2Cc1ccc(-c2ccccc2-c2nnn[nH]2)cc1.Cl,6.57
D3,CHEMBL267562,Fc1ccc(C(OC2CC3CCC(C2)N3Cc2ccc(Cl)c(Cl)c2)c2ccc(F)cc2)cc1,6.56
D3,CHEMBL83722,C(=C/Cn1c(-c2ccc(OCCCN3CCN(c4ccccc4)CC3)cc2)nc2ccccc21)\Cn1c(-c2ccc(OCCCN3CCN(c4ccccc4)CC3)cc2)nc2ccccc21,6.56
D3,CHEMBL28437,CCCN(CCC)C1CCc2cccc(OS(=O)(=O)C(F)(F)F)c2C1,6.56
D3,CHEMBL216258,CN1CCCc2ccccc2Cc2[nH]c3ccccc3c2CC1,6.56
D3,CHEMBL4455770,C[C@H]1CO[C@@H](c2ccc(N)nc2)CN1CC1CC1CNC(=O)c1cc2ccccc2[nH]1,6.56
D3,CHEMBL4449219,COc1ccc(C(=O)N2CCN(CCOc3ccccc3OC)CC2)cc1,6.56
D3,CHEMBL5209074,Cc1ccccc1N1CCN(CCCN2C(=O)CCc3ccccc32)CC1.O=C(O)C(=O)O,6.56
D3,CHEMBL21536,CCCCCCOc1nsnc1C1=CCCN(C)C1,6.56
D3,CHEMBL5437148,CCCCCCOc1cc2c(cc1O)[C@@H]1Cc3ccc(O)c(OCCCCC)c3CN1CC2,6.56
D3,CHEMBL5751323,Cc1ncoc1-c1nnc(SCCCN2CCO[C@@H](c3ccc(F)cc3)C2)n1C,6.56
D3,CHEMBL101285,Oc1ccccc1OCCNCc1ccccc1,6.55
D3,CHEMBL59324,c1ccc(N2CCN(Cc3c[nH]c4ccccc34)CC2)cc1,6.55
D3,CHEMBL484203,CC#CC1=CCC(N(CCC)CCCCn2cc(C)nn2)CC1,6.55
D3,CHEMBL572708,O=C1CC(CN2CCC(c3noc4cc(F)ccc34)CC2)Cc2ncncc21,6.55
D3,CHEMBL1257927,Cc1ccc(C)c(C(=O)CCCN2CCC(O)(c3cc(C)ccc3C)CC2)c1,6.55
D3,CHEMBL1684126,CCCN1CCc2cccc3c2C1Cc1cccc(OCCCn2cc(CN4CCN(c5ccccc5OC)CC4)nn2)c1-3,6.55
D3,CHEMBL64894,CN(C)c1ccc(C(=C2C=CC(=[N+](C)C)C=C2)c2ccc(N(C)C)cc2)cc1.[Cl-],6.55
D3,CHEMBL2062851,OC[C@@H]1[C@@H]2CN(Cc3ccccc3)[C@@H](c3ccccc3)[C@@H]2[C@H]1N1CCCC1,6.55
D3,CHEMBL2180639,Oc1cccc(CCN(CCc2ccccc2)CC2CCC2)c1,6.55
D3,CHEMBL3323661,Cc1cccc([C@H]2CCC[C@H]2NC[C@H](O)c2ccc(O)c3[nH]c(=O)sc23)c1,6.55
D3,CHEMBL3622098,CCCN(CCN1CCN(CCc2c[nH]c3ccccc23)CC1)c1ccc(OC)cc1,6.55
D3,CHEMBL4080675,CCCCCC1CCN(CCCN2C(=O)CCc3ccccc32)CC1,6.55
D3,CHEMBL4583596,COc1ccccc1N1CCN(CCCNC(=O)NN(Cc2ccc(C#N)cc2)c2ccc(Cl)cc2Cl)CC1,6.55
D3,CHEMBL4437740,C[C@H]1CO[C@@H](c2ccc(N)nc2)CN1C[C@@H]1C[C@H]1CCNC(=O)c1cc2ccccc2[nH]1,6.55
D3,CHEMBL4594046,COc1cccc(OCCN2CCN(C(=O)c3cc4cnccc4[nH]3)CC2)c1,6.55
D3,CHEMBL4448833,COc1cccc(OCCN2CCN(C(=O)c3cc4cc(OC)ccc4[nH]3)CC2)c1,6.55
D3,CHEMBL4867331,COc1cccc(C(=O)NCc2ccccc2CN2CCc3cc(OC)c(O)cc3C2)c1,6.55
D3,CHEMBL4862405,CCc1cc(Cl)c(OC)c(C(=O)NCC2CCCN(CCCCNC(=O)c3cc4ccccc4[nH]3)C2)c1O,6.55
D3,CHEMBL5204418,O=C(O)C(=O)O.O=C1CCc2ccccc2N1CCCN1CCN(c2cccc(Cl)c2)CC1,6.55
D3,CHEMBL4743049,Cl.Clc1cccc(COc2cncc(N3CCNCC3)n2)c1,6.55
D3,CHEMBL3764884,Cn1c(SCCCN2CCOC(c3ccc(C(F)(F)F)cc3)C2)nnc1-c1nccs1,6.55
D3,CHEMBL558036,Cc1ccccc1N1CCN(CCCCc2cc(-c3ccccc3)no2)CC1.Cl,6.54
D3,CHEMBL321513,c1ccc(-c2nc(CN3CCN(c4cccnc4)CC3)c[nH]2)cc1,6.54
D3,CHEMBL238915,O=C1c2ccccc2S(=O)(=O)N1CCCCN1CCN(c2ccc(Cl)cc2)CC1,6.54
D3,CHEMBL1258155,Cc1ccc(C)c(C(=O)CCCN2CCC(c3ccc(Cl)cc3)CC2)c1,6.54
D3,CHEMBL508112,c1ccc2sc(SSc3nc4ccccc4s3)nc2c1,6.54
D3,CHEMBL3740498,Cl.Clc1ccc(N2CCN(CCCCNc3noc(-c4ccccc4)n3)CC2)c(Cl)c1,6.54
D3,CHEMBL2037432,OC1(c2ccc(Cl)cc2)CCN(CCCCc2nc3ccccc3s2)CC1,6.54
D3,CHEMBL4471623,COc1cccc(OCCN2CCN(C(=O)c3nc4ccccc4[nH]3)CC2)c1,6.54
D3,CHEMBL4578060,O=C(c1cc2ccccc2[nH]1)N1CCN(CCOc2ccc3c(c2)OCO3)CC1,6.54
D3,CHEMBL4870361,O=C1CCc2cc(OCCCN3CCN(c4ccccn4)CC3)ccc21,6.54
D3,CHEMBL5088622,Nc1nc(-c2ccccc2)c2c(n1)-c1cc(OCCCN3CCCC3)ccc1C2,6.54
D3,CHEMBL5079053,CCc1cc(Cl)c(OC)c(C(=O)NCC2CCCN2CC(=O)N2CCC(c3ccccc3)(c3ccccc3)C2)c1O,6.54
D3,CHEMBL896,OCCOCCN1CCN(C(c2ccccc2)c2ccc(Cl)cc2)CC1,6.54
D3,CHEMBL231068,O=c1[nH]c2ccccc2n1CCN1CCN(c2cccc(C(F)(F)F)c2)CC1,6.54
D3,CHEMBL4522930,CCC(F)(F)c1cc(N2CCC(S(C)(=O)=O)CC2)nc2sc(C(N)=O)c(N)c12,6.54
D3,CHEMBL5403504,COc1cccnc1N1CCN(CCCc2nc3ccccc3s2)CC1,6.54
D3,CHEMBL5423250,FC(F)(F)c1cccc(N2CCN(CCCOC3(c4ccccn4)CCOC4(CCCC4)C3)CC2)n1,6.54
D3,CHEMBL5931151,O=C(NCCCCN1CCN(c2ccnc3ccccc23)CC1)c1nc2ccccn2c1Br,6.54
D3,CHEMBL136961,O=C(CCCCN1CCN2c3ccccc3CCC2C1)c1ccccc1,6.53
D3,CHEMBL195706,CN(C)C[C@@H]1CC2c3ccccc3Oc3ccc(F)cc3[C@H]2O1,6.53
D3,CHEMBL439686,CC(C)(C)c1nc(N2CCN(CCCCN3Cc4ccccc4CC3=O)CC2)cc(C(F)(F)F)n1,6.53
D3,CHEMBL382010,CN1CCc2ccccc2Cc2cc(O)ccc2CC1,6.53
D3,CHEMBL3764212,Cn1c(SCCCN2CCOC(c3ccc(C(F)(F)F)cc3)C2)nnc1-c1cccc(C(N)=O)c1,6.53
D3,CHEMBL61657,Fc1ccc(-c2cncc(CN3CCN(c4ccccn4)CC3)c2)cc1,6.52
D3,CHEMBL129606,COc1ccccc1N1CCN(CCCNC(=O)c2cccc(I)c2)CC1.O=C(O)C(=O)O,6.52
D3,CHEMBL92139,CN(C)CCc1cccc2c1ccn2S(=O)(=O)c1ccccc1,6.52
D3,CHEMBL484357,CCCN(CCCCNC(=O)c1ccc(-c2ccccc2)cc1)C1CC=C(C#Cc2ccccc2)CC1,6.52
D3,CHEMBL1949725,C[C@H]1Cc2c([nH]c3ccccc23)Cc2ccccc2CCN1C,6.52
D3,CHEMBL460,CCc1c(C)[nH]c2c1C(=O)C(CN1CCOCC1)CC2,6.52
D3,CHEMBL1531134,CC1CCN(CCCC(=O)c2ccc(F)cc2)CC1,6.52
D3,CHEMBL5797348,O=C(NCCCCN1CCN(c2cc(C(F)(F)F)nc3ccccc23)CC1)N1CCN(c2ccccc2)CC1,6.52
D3,CHEMBL168611,CCC[C@H]1CN(Cc2ccccc2)C[C@H]1CNC(=O)c1cc(Cl)c(NC)cc1OC,6.51
D3,CHEMBL239700,COc1ccccc1N1CCN(CCCCn2cnc3ccccc3c2=O)CC1,6.51
D3,CHEMBL551199,Cn1c(N2CCCC2)nc2c(CN3CCN(c4ccccn4)CC3)c[nH]c2c1=O,6.51
D3,CHEMBL593897,Oc1ccc2c(c1)CCN1Cc3ccccc3CC21,6.51
D3,CHEMBL467094,COc1cc2c3c(c1OC)-c1cc4c(cc1CC3N(C)CC2)OCO4,6.51
D3,CHEMBL1223802,Fc1ccccc1N1CCN(CCCCNc2cc(-c3ccccc3)ccn2)CC1,6.51
D3,CHEMBL4544086,COc1ccccc1N1CCN(CCCNC(=O)NN(Cc2ccc(F)cc2)c2ccccc2)CC1,6.51
D3,CHEMBL4582714,COc1ccccc1N1CCN(CCCCN2CCc3ncsc3CC2)CC1,6.51
D3,CHEMBL4450129,COc1ccc(C(=O)N2CCN(CCOc3ccc4c(c3)OCO4)CC2)cc1,6.51
D3,CHEMBL4530116,COc1ccc(OCCN2CCN(C(=O)c3cc4ccccc4n3C)CC2)cc1,6.51
D3,CHEMBL4876546,COc1cc2c(cc1O)CN(Cc1ccccc1CNC(=O)c1ccc(C#N)cc1)CC2,6.51
D3,CHEMBL5435235,CC1CCC(CN2CCN(c3cccc(Cl)c3Cl)CC2)CN1CCC(C(=O)N(C)C)(c1ccccc1)c1ccccc1,6.51
D3,CHEMBL5400356,FC(F)(F)c1cccc(N2CCN(CCCOC3(c4ccccn4)CCOCC3)CC2)n1,6.51
D3,CHEMBL542139,COc1ccc(NS(=O)(=O)c2sc3ccc(Cl)cc3c2C)cc1N1CCNCC1.Cl,6.5
D3,CHEMBL291380,Fc1ccccc1-c1cccc(CN2CCN(c3ncccn3)CC2)c1,6.5
D3,CHEMBL283034,COc1c(C(=O)NCCN2CCN(c3cccc(C)c3)CC2)cc(Br)c2ccccc12,6.5
D3,CHEMBL29433,COc1ccc(NS(=O)(=O)c2sc3ccc(Cl)cc3c2C)cc1N1CCN2CCC[C@H]2C1,6.5
D3,CHEMBL129502,COc1ccccc1N1CCN(CCCCN2C(=O)C=C(c3ccccc3)C2=O)CC1.O=C(O)C(=O)O,6.5
D3,CHEMBL92859,Cc1cccc(CN2CCC(n3c(O)nc(-c4ccccc4)c3C)CC2)c1,6.5
D3,CHEMBL413343,CNc1cc(OC)c(C(=O)NC[C@H]2CN(Cc3ccccc3)C[C@@H]2C)cc1Cl,6.5
D3,CHEMBL354574,COc1c(C(=O)NCCN2CCN(c3ccccc3)CC2)cc2ccccc2c1Br,6.5
D3,CHEMBL169090,COc1ccc(Br)cc1C(=O)NCCN1CCN(c2ccccc2)CC1,6.5
D3,CHEMBL314095,O=c1oc2cc(O)ccc2c2c1CN(Cc1ccc(Cl)cc1)CC2,6.5
D3,CHEMBL377200,Cc1c(CN2CCN(c3ccccc3)CC2)cnn1-c1ccccc1,6.5
D3,CHEMBL403815,Cc1ccc2c(-c3nnc(SCCCN4CCc5c(Cl)cc6oc(C)nc6c5CC4)n3C)cccc2n1,6.5
D3,CHEMBL257901,Cc1ccc2c(-c3nnc(SCCN4CCc5cc6nc(C)oc6c(C)c5CC4)n3C)cccc2n1,6.5
D3,CHEMBL408208,Cc1ccc2c(-c3nnc(SCCN4CCc5cc6nc(C(F)(F)F)oc6c(Br)c5CC4)n3C)cccc2n1,6.5
D3,CHEMBL402015,Cc1ccc2c(-c3nnc(SCCN4CCc5cc6nc(C)oc6c(Br)c5CC4)n3C)cccc2n1,6.5
D3,CHEMBL271073,Cc1nc2cc3c(cc2o1)CCN(CCCCSc1nnc(-c2ocnc2C)n1C)CC3,6.5
D3,CHEMBL411437,FCCOc1ccccc1N1CCN(Cc2cnn3ccccc23)CC1,6.5
D3,CHEMBL573792,O=C(NCCCCN1CCN(c2cccc(Cl)c2Cl)CC1)c1cn(-c2ccc([N+](=O)[O-])cc2)nn1,6.5
D3,CHEMBL593744,Cn1c(CN2CCC(c3ccc(Cl)cc3)CC2)nc2ccccc21,6.5
D3,CHEMBL1084121,O=S1(=O)N(CCN2CCCCCC2)CCN1c1cccc(Cl)c1,6.5
D3,CHEMBL1803030,CCCCn1cc(COc2ccc(CN3CCN(c4ccccc4OC)CC3)cc2OC)nn1,6.5
D3,CHEMBL4442419,COc1ccc(N(Cc2cccc(OC)c2)NC(=O)NCCCN2CCN(c3ccccc3OC)CC2)cc1,6.5
D3,CHEMBL4869151,CCc1cc(Cl)c(OC)c(C(=O)NCC2CCCN(CCCCNC(=O)c3cc4ccccc4o3)C2)c1O,6.5
D3,CHEMBL328107,CCCN1CC[C@H]2c3c(ccc4ccoc34)CC[C@H]21,6.49
D3,CHEMBL127234,COc1ccccc1N1CCN(Cc2ccccc2CNC(=O)/C=C/c2ccccc2)CC1,6.49
D3,CHEMBL95618,CCCN(CCC)[C@@H]1CCn2ccc(CO)c2C1,6.49
D3,CHEMBL191938,CCCN(CCC)[C@@H]1CCn2c(ccc2C(=O)OCC)C1,6.49
D3,CHEMBL457957,CN(CCC=C1c2ccccc2CCc2ccccc21)C(=O)Cc1ccc(OCCCN2CCCCC2)cc1,6.49
D3,CHEMBL4225830,CCCCN1CCC(c2cccc(O)c2)C1,6.49
D3,CHEMBL4588340,CCN1CCC(c2ccc3c(c2)CCN3S(=O)(=O)c2ccccc2)CC1,6.49
D3,CHEMBL6049395,O=C(NCCCCN1CCN(c2ccnc3ccccc23)CC1)c1nc2ccccn2c1Cl,6.49
D3,CHEMBL129237,O[C@@H](CCCN1CCC(O)(c2ccc(Cl)cc2)CC1)c1ccc(F)cc1,6.48
D3,CHEMBL270406,COc1cc(CN2CCN(c3ccccc3OC)CC2)c(OCCF)cc1OC,6.48
D3,CHEMBL556288,Cn1c(N2CCCC2)nc2c(CN3CCN(c4ccccc4)CC3)c[nH]c2c1=O,6.48
D3,CHEMBL1086626,Cc1[nH]c(-c2ccccc2)cc1C(=O)NCCCN1CCN(c2cccc(Cl)c2Cl)CC1,6.48
D3,CHEMBL1765635,CCCN(CCCCNC(C)=O)C1Cc2ccccc2C1,6.48
D3,CHEMBL1928123,CCOCCOCc1ccc(C(=O)NCCCN2CCN(c3ccccc3OC)CC2)cc1,6.48
D3,CHEMBL4068218,COc1ccccc1N1CCN(CCCCNC(=O)Oc2ccc(-c3ccccc3)cc2)CC1.Cl,6.48
D3,CHEMBL4569676,O=S(=O)(c1ccccc1)N1CCc2ccc(N3CCNCC3)cc21,6.48
D3,CHEMBL5085145,N[C@H]1C[C@@H](CO)[C@H](c2ccc(-c3cc(C(=O)O)cc4cc(-c5ccc(C(F)(F)F)cc5)ccc34)cc2)C1,6.48
D3,CHEMBL302796,O=C(NCCCN1CCN(c2ccccc2)CC1)C1c2ccccc2-c2ccccc21,6.47
D3,CHEMBL328431,CCCN1CCC[C@@H](c2ccc(OS(=O)(=O)C(F)(F)F)c(OS(=O)(=O)C(F)(F)F)c2)C1,6.47
D3,CHEMBL93283,C#Cc1cccc([C@@H]2CCCN(CCC)C2)c1,6.47
D3,CHEMBL81485,CNCC1CC2c3ccccc3Cc3ccccc3N2O1,6.47
D3,CHEMBL92489,Cc1ccc2c3c(c(=O)oc2c1)CN(Cc1ccccc1)CC3,6.47
D3,CHEMBL113956,CCOc1ccc(CCNC(=O)N2CCN(CCCC(c3ccc(F)cc3)c3ccc(F)cc3)CC2)cc1,6.47
D3,CHEMBL381936,CN1CCc2cc(O)ccc2Cc2ccc(O)cc2CC1,6.47
D3,CHEMBL210232,COc1ccccc1N1CCN(Cc2cn(-c3ccccc3)nn2)CC1,6.47
D3,CHEMBL436998,O=C(NCCCCN1CCCN(C(c2ccccc2)c2ccccc2)CC1)c1cccs1,6.47
D3,CHEMBL458342,Clc1ccc(N2CCC3CCC(C2)N3Cc2c[nH]c3ncccc23)cc1,6.47
D3,CHEMBL3818200,N#Cc1ccc(C(=O)CCCN2CCc3ccccc3C2)cc1,6.47
D3,CHEMBL3924565,Cl.O=C(CCCN1CCCc2ccccc2C1)c1ccc(Cl)cc1,6.47
D3,CHEMBL5086258,Cc1cc(I)cc(-c2nc(NC(=O)c3cccnc3)sc2-c2ccncc2)c1,6.47
D3,CHEMBL5076359,COc1cccc(C(=CCNCCCCN2CCN(c3cccc(Cl)c3Cl)CC2)c2cccc(OC)c2)c1,6.47
D3,CHEMBL5191299,N#Cc1ccccc1N1CCN(CCCN2C(=O)CCc3ccccc32)CC1.O=C(O)C(=O)O,6.47
D3,CHEMBL2365712,CC(C)[C@H]1C(=O)N2CCC[C@H]2[C@]2(O)O[C@](NC(=O)[C@@H]3C[C@@H]4c5cccc6[nH]cc(c56)C[C@H]4N(C)C3)(C(C)C)C(=O)N12,6.47
D3,CHEMBL132455,O=[N+]([O-])c1ccc(OCCNCCCOc2ccccc2)cc1,6.46
D3,CHEMBL334989,Cc1ccc(CCCNCCCOc2ccccc2)cc1,6.46
D3,CHEMBL306474,CN1CCN(C2=Nc3ccccc3Oc3ccc(OS(C)(=O)=O)cc32)CC1,6.46
D3,CHEMBL168274,CCC[C@H]1CN(Cc2ccccc2)C[C@@H]1CNC(=O)c1cc(Cl)c(NC)cc1OC,6.46
D3,CHEMBL441092,NC1CCc2c(O)cccc2C1,6.46
D3,CHEMBL246020,CC1(c2ccc(Cl)cc2)CCN(Cc2c[nH]c3ccccc23)CC1,6.46
D3,CHEMBL1928131,COc1ccccc1N1CCN(CCCNC(=O)c2ccc(COCCOCCOCCOCCOCCOCCOCCOCCOCc3ccc(C(=O)NCCCN4CCN(c5ccccc5OC)CC4)cc3)cc2)CC1,6.46
D3,CHEMBL2207639,COc1ccccc1N1CCN(Cc2cc(CN3CCOCC3)c3cccccc2-3)CC1,6.46
D3,CHEMBL3234543,CN1C(=O)c2ccccc2[S@+]([O-])c2ccc(C(=O)NCCN3CCCC3)cc21,6.46
D3,CHEMBL4866053,OC1c2ccc(F)cc2CC1CCN1CCN(c2ccccn2)CC1,6.46
D3,CHEMBL5289958,Fc1ccc(CN2CCCC3(CCN(Cc4cc5ccc(Cl)cc5[nH]4)C3)C2)cc1F,6.46
D3,CHEMBL341481,COc1ccccc1N1CCN(C2CC3CC(NC4CC5CC(N6CCN(c7ccccc7OC)CC6)CC5C4)CC3C2)CC1.O=C(O)C(=O)O,6.45
D3,CHEMBL554220,CCCN[C@@H]1CCc2ccc(OS(=O)(=O)C(F)(F)F)cc2C1.Cl,6.45
D3,CHEMBL3289645,FC(F)(F)c1ccc(OCCCN2CCN(c3ccccn3)CC2)cc1,6.45
D3,CHEMBL4467736,O=C(NCCCCNC1COc2ccc(O)cc2C1=O)c1cc2ccccc2[nH]1,6.45
D3,CHEMBL2355051,CCN(CC)CCOc1ccc(C(=C(Cl)c2ccccc2)c2ccccc2)cc1,6.45
D3,CHEMBL6163844,O=C1CCc2ccccc2N1CCCN1CCN(c2cccc(-c3ccccc3)c2)CC1,6.45
D3,CHEMBL295094,O=C(NCN1CCN(c2ccccc2Cl)CC1)c1cccc(Cl)c1,6.44
D3,CHEMBL141845,COc1ccccc1N1CCN(CCNC(=O)c2cnn3ccccc23)CC1,6.44
D3,CHEMBL450021,COc1ccc(-c2nc(O)n(C3CCN(Cc4ccccc4)CC3)c2C)cc1,6.44
D3,CHEMBL166587,CNc1cc(OC)c(C(=O)NC[C@H]2CCN(Cc3ccccc3)C2)cc1Cl,6.44
D3,CHEMBL134866,COc1cccc2c1CCC(N(C)C)C2,6.44
D3,CHEMBL106047,CCCN(CCC)C1CCc2cc(OC)ccc2C1,6.44
D3,CHEMBL208018,Cc1nn(-c2ccccc2)cc1CN1CCN(c2ccccc2)CC1,6.44
D3,CHEMBL83,CC/C(=C(\c1ccccc1)c1ccc(OCCN(C)C)cc1)c1ccccc1,6.44
D3,CHEMBL84158,CCN(CC)CCNC(=O)c1cc(S(C)(=O)=O)ccc1OC,6.44
D3,CHEMBL4551512,O=S(=O)(c1ccccc1)N1CCc2ccc(C3CCN(C4CCC4)CC3)cc21,6.44
D3,CHEMBL5082650,Nc1nc(-c2ccccc2)c2c(n1)-c1cc(OCCCN3CCCCC3)ccc1C2=O,6.44
D3,CHEMBL128276,COc1ccc(OCCNCCCOc2ccccc2)cc1,6.43
D3,CHEMBL339033,O[C@H](CCCN1CCN(c2ccccn2)CC1)c1ccc(F)cc1,6.43
D3,CHEMBL318235,COc1cc2c(cc1OC)C1=NO[C@@H](CN3CCN(C/C(C)=C/c4ccc(F)cc4)CC3)[C@@H]1CO2,6.43
D3,CHEMBL460223,Clc1ccc(N2CCCN(Cc3c[nH]c4ncccc34)CC2)cc1,6.43
D3,CHEMBL964,CCN(CC)C(=S)SSC(=S)N(CC)CC,6.43
D3,CHEMBL2207634,CCCC#Cc1cc(CN2CCN(c3ccccc3OC)CC2)c2cccccc1-2,6.43
D3,CHEMBL2207632,C#Cc1cc(CN2CCN(c3ccccc3OC)CC2)c2cccccc1-2,6.43
D3,CHEMBL3234541,CN1C(=O)c2ccccc2[S@+]([O-])c2ccc(C(=O)NCc3ccc(Br)cc3)cc21,6.43
D3,CHEMBL3921278,CCOc1c(O)cc(Br)c2c1CN1CCc3cc(OC)c(O)cc3[C@@H]1C2,6.43
D3,CHEMBL4063564,C[C@@H](O)CN1CCN(c2cccc(Cl)c2Cl)CC1,6.43
D3,CHEMBL4435765,Cn1c(SCCCN2CCC3(CC2)CCN(c2ccc(C(F)(F)F)cc2F)CC3)nnc1-c1ccccc1,6.43
D3,CHEMBL4874069,O=C(CCCN1CCN(c2ccccn2)CC1)c1ccc2c(c1)CCC2,6.43
D3,CHEMBL4849499,N#Cc1cccc(C(=O)NCc2ccccc2CN2CCc3cc(O)c(O)cc3C2)c1,6.43
D3,CHEMBL5405333,COc1ccccc1N1CCN(CCCNC(=O)NCc2ccccc2-c2ccc(-c3ccccc3)cc2)CC1,6.43
D3,CHEMBL300956,Cc1ccc(C(=O)NCN2CCN(c3ccccc3C#N)CC2)cc1,6.42
D3,CHEMBL334545,Cc1ccc(OCCNCCCOc2ccccc2C)cc1,6.42
D3,CHEMBL94023,Cc1c(-c2ccc(Cl)cc2)nc(O)n1C1CCN(Cc2ccccc2)CC1,6.42
D3,CHEMBL267014,Clc1ccc(N2CCN(Cc3c[nH]c4ncccc34)CC2)cc1,6.42
D3,CHEMBL231057,COc1ccccc1N1CCN(CCCCOc2ccc(-c3cn4cccc(C)c4n3)cc2)CC1,6.42
D3,CHEMBL430198,NC1(c2ccc(Cl)cc2)CCN(Cc2c[nH]c3ccccc23)CC1,6.42
D3,CHEMBL1223681,Cc1ccccc1N1CCN(CCCCNc2ccccn2)CC1,6.42
D3,CHEMBL3318841,O=C(CCCCCCCCCCCCCCCCC(=O)OC1(c2ccc(Cl)cc2)CCN(CCCC(=O)c2ccc(F)cc2)CC1)OC1(c2ccc(Cl)cc2)CCN(CCCC(=O)c2ccc(F)cc2)CC1,6.42
D3,CHEMBL4096422,CN(CCCCOc1ccc2c(c1)NC(=O)CC2)[C@@H]1Cc2cccc3[nH]c(=O)n(c23)C1,6.42
D3,CHEMBL4060603,CN[C@@H]1Cc2cccc3c2n(c(=O)n3CCCCOCCCCc2ccccc2)C1,6.42
D3,CHEMBL4094407,CN1CCN(c2ccc(O)c3[nH]c(=O)ccc23)CC1,6.42
D3,CHEMBL4461920,COc1ccccc1N1CCC2(CCN(CCCSc3ncc(-c4ccccc4)[nH]3)CC2)CC1,6.42
D3,CHEMBL4576700,CCCN1CCC(c2cccc3c2CCN3S(=O)(=O)c2ccccc2)CC1,6.42
D3,CHEMBL4641502,CN1CCc2cccc3c2C1Cc1ccc2nc(N)sc2c1-3,6.42
D3,CHEMBL4845947,O=C1CCc2cc(C(=O)CCCN3CCN(c4ccccn4)CC3)ccc2N1,6.42
D3,CHEMBL4863748,COc1cc2c(cc1O)CN(Cc1ccccc1CNC(=O)c1ccccc1Cl)CC2,6.42
D3,CHEMBL5272689,Cc1cc(NC(=O)CN2CCC3(CCCN(Cc4ccc(F)c(F)c4)C3)C2)ccc1F,6.42
D3,CHEMBL1651913,COc1cccc(C(=O)CCN[C@@H](C)[C@H](O)c2ccccc2)c1,6.42
D3,CHEMBL5412995,COc1ccccc1[C@@H]1C[C@H]1NCCC(C(=O)N(C)C)(c1ccccc1)c1ccccc1,6.42
D3,CHEMBL1200492,CCc1nn(CCCN2CCN(c3cccc(Cl)c3)CC2)c(=O)n1CCOc1ccccc1.Cl,6.42
D3,CHEMBL208274,COc1ccccc1N1CCN(Cc2cn3cc(C)cc(-c4ccccc4)c3n2)CC1,6.41
D3,CHEMBL217299,Oc1cc2c(cc1O)C1c3ccccc3CNC1CO2,6.41
D3,CHEMBL477055,O=C1c2ccccc2CCCN1CCCN1CCN(c2cccc(Cl)c2Cl)CC1,6.41
D3,CHEMBL1773087,CN(CCC(F)CN1CCN(c2cccc(Cl)c2Cl)CC1)Cc1ccc2c(c1)Cc1ccccc1-2,6.41
D3,CHEMBL2207637,COc1ccccc1N1CCN(Cc2cc(CN(C)C)c3cccccc2-3)CC1,6.41
D3,CHEMBL4065455,COc1cc(CCN2CCC(O)(c3ccc(Cl)cc3)CC2)ccc1OCCSSCCN.O=C(O)C(F)(F)F.O=C(O)C(F)(F)F,6.41
D3,CHEMBL4845741,Nc1ccc(CCCCN2CCN(c3ccccn3)CC2)cc1,6.41
D3,CHEMBL1200776,C[C@@H](NCCCc1cccc(C(F)(F)F)c1)c1cccc2ccccc12.Cl,6.41
D3,CHEMBL421667,COc1ccccc1N1CCN(CCCNC(=O)c2ccc(I)cc2)CC1,6.4
D3,CHEMBL168746,COc1ccc(Br)c(O)c1C(=O)NCCN1CCN(c2ccccc2)CC1,6.4
D3,CHEMBL271511,Cc1ncoc1-c1nnc(SCCCN2CCc3nc4ccc(C(F)(F)F)cn4c3CC2)n1C,6.4
D3,CHEMBL476185,O=C1c2ccccc2CCCN1CCCCN1CCN(c2ccccn2)CC1,6.4
D3,CHEMBL3797205,COc1cc(CCNC[C@@H](O)c2ccc(O)c3c2OCC(=O)N3)ccc1OCCCc1ccccc1,6.4
D3,CHEMBL3916787,CN(C)[C@H]1c2cc3ccn(S(=O)(=O)c4ccccc4)c3cc2[C@H]1CCO,6.4
D3,CHEMBL4582096,COc1ccc(N(Cc2ccc(F)cc2)NC(=O)NCCCN2CCN(c3ccccc3OC)CC2)cc1,6.4
D3,CHEMBL4591835,Cn1c(SCCCN2CCC3(CC2)CCN(c2ccccc2O)CC3)nnc1-c1ccccc1,6.4
D3,CHEMBL4530840,CN1CCC(c2ccc3c(c2)CCN3S(=O)(=O)c2ccccc2)CC1,6.4
D3,CHEMBL5273880,CC(C)(C)NC(=O)Cn1c(CCCN2CCN(c3cccc(Cl)c3Cl)CC2)nc2ccccc21,6.4
D3,CHEMBL6177169,C=C(C)[C@@H]1CCC(C)=C[C@H]1c1c(O)cc(CCCCC)c2c1OCC2,6.4
D3,CHEMBL80627,O=C(O)/C=C/C(=O)O.c1ccc(N2CCN(CCCCCNC3=Nc4ccccc4OC3)CC2)nc1,6.39
D3,CHEMBL325818,COc1c(C(=O)NC[C@@H]2CCN(Cc3ccccc3)C2)cc(Br)c2ccccc12,6.39
D3,CHEMBL135048,CNC1CCc2c(cccc2OC)C1,6.39
D3,CHEMBL160266,Clc1ccc(N2CCN(Cc3cnn4c(N5CCN(Cc6ccccc6)CC5)cccc34)CC2)cc1,6.39
D3,CHEMBL272395,Brc1cccc(N2CCN(Cc3cnn4ccccc34)CC2)n1,6.39
D3,CHEMBL1258154,O=C(CCCN1CCN(c2ccc(Cl)cc2)CC1)c1cc2ccc1CCc1ccc(cc1)CC2,6.39
D3,CHEMBL633,CCCCc1oc2ccccc2c1C(=O)c1cc(I)c(OCCN(CC)CC)c(I)c1,6.39
D3,CHEMBL1123,CCN(CC)CCOC(=O)C1(C2CCCCC2)CCCCC1,6.39
D3,CHEMBL4093527,O=C1CCc2ccccc2N1CCCN1CCC(CCc2ccccc2)CC1,6.39
D3,CHEMBL4279421,COc1cc2c(cc1OC)CN(CCCCNC(=O)c1ccc(C#N)cc1)CC2,6.39
D3,CHEMBL4565132,Oc1ccc2c(c1)[C@H]1OCCN[C@@H]1CO2,6.39
D3,CHEMBL4440776,COc1ccc(OCCN2CCN(C(=O)c3cc4c(OC)cccc4[nH]3)CC2)cc1,6.39
D3,CHEMBL4876297,O=C1c2cc(Cl)ccc2CC1CCN1CCN(c2ccccn2)CC1,6.39
D3,CHEMBL4639128,COCc1nc2cnc3cc(-c4c(C)noc4C)c(OC[C@H]4CCNC4)cc3c2n1[C@H](C)c1ccccc1,6.39
D3,CHEMBL11,CN(C)CCCN1c2ccccc2CCc2ccccc21,6.39
D3,CHEMBL6061497,COc1ccc(OCCN2CCN(C(=O)C3Cc4c(cccc4OC)N3)CC2)cc1,6.39
D3,CHEMBL95230,CCCN(CCC)[C@H]1CCn2c(CO)ccc2C1,6.38
D3,CHEMBL96958,CCCN(CCC)[C@H]1CCn2c(C)ccc2C1,6.38
D3,CHEMBL203734,COc1c(Cl)cc2c(c1Cl)Cc1ccccc1CCN(C)CC2,6.38
D3,CHEMBL1258270,Cc1ccc(C)c(C(=O)CCCN2CCC(c3cc(C)ccc3C)CC2)c1,6.38
D3,CHEMBL1940409,Fc1ccc(SCCCN2CCN(c3ccc(Cl)cc3)CC2)cc1,6.38
D3,CHEMBL4092462,CCCN1CCN(c2ccc(O)c3[nH]c(=O)ccc23)CC1,6.38
D3,CHEMBL4515093,COc1ccccc1N1CCC2(CCN(CCCSc3ncc(-c4ccccc4)n3C)CC2)CC1,6.38
D3,CHEMBL370753,OCCN1CCN(CCCN2c3ccccc3C=Cc3ccccc32)CC1,6.38
D3,CHEMBL5420387,CCCOc1cc2c(cc1O)[C@@H]1Cc3c(Br)cc(O)c(OCCOCC)c3CN1CC2,6.38
D3,CHEMBL1766103,Cc1cc(C)cc(-c2cnc3cc(Cl)c(-c4cccc(O)c4)cc3c2OCCCN)c1,6.38
D3,CHEMBL322179,O=C(NCCCN1CCN(c2ccccc2)CC1)c1cccc2c1-c1ccccc1C2=O,6.37
D3,CHEMBL110349,O=C(NCCCN1CCN(c2ccccc2)CC1)c1cccc2c1Cc1ccccc1-2,6.37
D3,CHEMBL136814,CCC(=O)OC1(c2ccccc2)CCN(CCCC(=O)c2ccccc2)CC1,6.37
D3,CHEMBL332154,O=c1ccc2ccc(CNCCNc3ccccc3)cc2o1,6.37
D3,CHEMBL58296,Clc1ccc(CN2CCC(c3cc(-c4ccc(Cl)cc4)on3)CC2)cc1,6.37
D3,CHEMBL309901,Cc1c(C2CCN(Cc3ccccc3)CC2)n[nH]c1-c1ccc(Cl)cc1,6.37
D3,CHEMBL149497,COc1ccc(C2CCN(Cc3ccc4c(c3)OCC(=O)N4)CC2)cc1,6.37
D3,CHEMBL249357,CCCN1CCOC(c2ccc(O)c(C(N)=O)c2)C1,6.37
D3,CHEMBL3084514,O[C@@]1(c2cccc(Cl)c2Cl)C[C@H]2CC[C@@H](C1)N2Cc1csc2ccccc12,6.37
D3,CHEMBL1813589,CN1CN(c2ccccc2)C2(CCN(CCCCOc3ccc4c(c3)NC(=O)CC4)CC2)C1=O.O=C(O)C(=O)O,6.37
D3,CHEMBL2420771,Clc1ccccc1N1CCN(Cc2cccs2)CC1,6.37
D3,CHEMBL3916231,CC(O)CN1CCN(CCSC(c2ccc(F)cc2)c2ccc(F)cc2)CC1,6.37
D3,CHEMBL4453200,C[C@H]1CO[C@@H](c2ccc(N)nc2)CN1,6.37
D3,CHEMBL4577889,COc1ccc(OCCN2CCN(C(=O)c3cc4ccccc4o3)CC2)cc1,6.37
D3,CHEMBL4764883,C[C@H]1CO[C@@H](c2ccc(N)nc2)CN1CC(O)CCNC(=O)c1cc2ccccc2[nH]1,6.37
D3,CHEMBL4868275,CCc1cc(Cl)c(OC)c(C(=O)NC[C@@H]2CCCN2Cc2ccccc2)c1OCc1ccccc1,6.37
D3,CHEMBL1742452,CC(OCCN1CCCCCC1)(c1ccccc1)c1ccc(Cl)cc1,6.37
D3,CHEMBL1516474,CCCCCNC(=N)N/N=C/c1c[nH]c2ccc(OC)cc12.O=C(O)/C=C\C(=O)O,6.37
D3,CHEMBL405355,COC(=O)C1=C(C)NC(C)=C(C(=O)OCCCN2CCC(c3ccccc3)(c3ccccc3)CC2)[C@H]1c1cccc([N+](=O)[O-])c1,6.37
D3,CHEMBL3765754,Cc1ncoc1-c1nnc(SCCCN2CCOC(c3ccc(F)cc3)C2)n1C,6.37
D3,CHEMBL136629,Cc1ccc(C)c2c1Sc1c(ccc3ccccc13)N2CCCN(C)C,6.36
D3,CHEMBL91157,COc1cc2c(cc1OC)C1=NO[C@@H](CN3CCN(C/C(C)=C/c4ccccc4)CC3)[C@@H]1CO2,6.36
D3,CHEMBL394066,OC1(c2ccc(Cl)cc2)CCN(Cc2n[nH]c3ccccc23)CC1,6.36
D3,CHEMBL1803051,CCOCCn1cc(COc2ccc(CN3CCN(c4ccccc4OC)CC3)cc2OC)nn1,6.36
D3,CHEMBL490533,COc1ccc2c(c1OC)CN1CCc3cc4c(cc3[C@@H]1C2)OCO4,6.36
D3,CHEMBL4076086,Cn1c(SCCCN2CCC3(CC2)CCN(c2cccc(C#N)c2)CC3)nnc1-c1ccccc1,6.36
D3,CHEMBL4293307,COc1ccc(N(CCCCN2CCC(O)(c3ccc(Cl)c(C(F)(F)F)c3)CC2)c2ccc(OC)cc2)cc1,6.36
D3,CHEMBL216393,Cc1cccc(NC(=O)CN2CCC(c3ccccc3)CC2)c1,6.36
D3,CHEMBL5403404,CCCN1CCN(c2ccc3c(c2)C(N(C)C(=O)OCc2ccccc2)CCC3)CC1,6.36
D3,CHEMBL6044314,Cn1c(SCCCN2CCO[C@@H](c3ccc(C(F)(F)F)cc3)C2)nnc1-c1ccc(-c2ncco2)cc1,6.36
D3,CHEMBL25772,Cc1c(-c2ccccc2)cnn1C1CCN(Cc2ccccc2)CC1,6.35
D3,CHEMBL281195,Cc1c(C2CCN(Cc3ccccc3)CC2)n[nH]c1-c1ccccc1,6.35
D3,CHEMBL396092,OC1(c2cccc(Cl)c2)CCN(Cc2c[nH]c3ccccc23)CC1,6.35
D3,CHEMBL954,CCN(CC)CCOc1ccc(/C(=C(/Cl)c2ccccc2)c2ccccc2)cc1,6.35
D3,CHEMBL7568,CCN(CC)CCCC(C)Nc1c2ccc(Cl)cc2nc2ccc(OC)cc12,6.35
D3,CHEMBL3970299,Cl.Clc1ccc2sc(CCCCN3CCc4ccccc4C3)nc2c1,6.35
D3,CHEMBL3936976,CCC(C)Oc1c(O)ccc2c1CN1CCc3cc(OC)c(O)cc3[C@@H]1C2,6.35
D3,CHEMBL4460592,O=C(NCCCCN1CCc2ncsc2CC1)C12CC3CC(CC(C3)C1)C2,6.35
D3,CHEMBL4586327,CCc1cc(Cl)c(OC)c(N2CCNCC2)c1,6.35
D3,CHEMBL4525992,O=S(=O)(c1ccccc1)N1CCc2c(N3CCN(C4CCC4)CC3)cccc21,6.35
D3,CHEMBL22150,CN1CCN(C(c2ccccc2)c2ccc(Cl)cc2)CC1,6.35
D3,CHEMBL5087452,NC[C@H](O)c1ccc(O)c(O)c1.O.O=C(O)[C@H](O)[C@@H](O)C(=O)O,6.35
D3,CHEMBL282323,O[C@H](COc1ccccc1)CN1CCC(Oc2ccccc2)CC1,6.34
D3,CHEMBL325516,O=C(OCCc1ccc(F)cc1)N1CCN(CCCC(c2ccc(F)cc2)c2ccc(F)cc2)CC1,6.34
D3,CHEMBL213987,COc1ccc(N2CC=C(c3ccc(Cl)c(Cl)c3)C2=O)cc1OCCN1CCCCC1,6.34
D3,CHEMBL841,CN(C)C(=O)C(CCN1CCC(O)(c2ccc(Cl)cc2)CC1)(c1ccccc1)c1ccccc1,6.34
D3,CHEMBL2207640,COc1ccccc1N1CCN(Cc2cc(CN3CCN(C)CC3)c3cccccc2-3)CC1,6.34
D3,CHEMBL4862839,COc1cc2c(cc1O)CN(Cc1ccccc1CNC(=O)c1cccc(Cl)c1Cl)CC2,6.34
D3,CHEMBL5073904,N#CC(CCNCCC(O)CN1CCN(c2cccc(Cl)c2Cl)CC1)(c1ccccc1)c1ccccc1,6.34
D3,CHEMBL3786343,C=CC(=O)Nc1cccc(Oc2nc(Nc3ccc(N4CCN(C)CC4)cc3)nc3ccsc23)c1,6.34
D3,CHEMBL589390,Cc1ccc2c(c1)c1c(n2CCc2ccc(C)nc2)CCN(C)C1,6.34
D3,CHEMBL298166,Cc1cccc(C(=O)NCN2CCN(c3ccccc3Cl)CC2)c1,6.33
D3,CHEMBL345106,O=C(CCN1CCN2c3ccccc3CCC2C1)c1ccc(F)cc1,6.33
D3,CHEMBL211590,COc1ccccc1N1CCN(Cc2cn3cc(C)cc(I)c3n2)CC1,6.33
D3,CHEMBL245615,OC1(c2ccc(-c3ccccc3)cc2)CCN(Cc2c[nH]c3ccccc23)CC1,6.33
D3,CHEMBL1774550,FC(CCNCc1ccc2c(c1)Cc1ccccc1-2)CN1CCN(c2cccc(Cl)c2Cl)CC1,6.33
D3,CHEMBL3819494,c1ccc2c(c1)CCN(CCCCc1c[nH]c3ccccc13)C2,6.33
D3,CHEMBL4542423,COc1ccc(OCCN2CCN(C(=O)c3cc4cccc(C)c4[nH]3)CC2)cc1,6.33
D3,CHEMBL4585651,O=C(c1cc2ccccc2[nH]1)N1CCN(CCOc2ccncc2)CC1,6.33
D3,CHEMBL4861794,Nc1ccc(C(=O)CCCN2CCN(c3ccccn3)CC2)cc1,6.33
D3,CHEMBL60957,Fc1ccc(-c2cncc(CN3CCN(c4cnccn4)CC3)c2)cc1,6.32
D3,CHEMBL444309,Cc1c(C2CCN(CCc3ccccc3)CC2)noc1-c1ccc(Cl)cc1,6.32
D3,CHEMBL293341,Cc1c(-c2ccc(Cl)cc2)noc1C1CCN(CCc2ccccc2)CC1,6.32
D3,CHEMBL396560,COc1ccc2[nH]c3c(c2c1)CCN(C)CCc1ccccc1C3,6.32
D3,CHEMBL3084504,O[C@@]1(c2cccc(Cl)c2Cl)C[C@H]2CC[C@@H](C1)N2Cc1c[nH]c2ccccc12,6.32
D3,CHEMBL564688,Cn1c(N2CCCC2)nc2c(CN3CCN(c4ccc(Cl)c(Cl)c4)CC3)c[nH]c2c1=O,6.32
D3,CHEMBL1642123,CC1CC(=O)c2c(N3CCN(C)CC3)cccc2N1S(=O)(=O)c1ccc2ccccc2c1,6.32
D3,CHEMBL3323663,CCc1cccc([C@H]2CCC[C@H]2NC[C@H](O)c2ccc(O)c3[nH]c(=O)sc23)c1,6.32
D3,CHEMBL3931765,CC(O)CN1CCN(CC[S+]([O-])C(c2ccc(F)cc2)c2ccc(F)cc2)CC1,6.32
D3,CHEMBL4291048,OC1(c2ccc(Cl)c(C(F)(F)F)c2)CCN(CCCN(c2ccc(F)cc2)c2ccc(F)cc2)CC1,6.32
D3,CHEMBL1738797,CCc1cc2c(cc1N1CCC(N3CCOCC3)CC1)C(C)(C)c1[nH]c3cc(C#N)ccc3c1C2=O,6.32
D3,CHEMBL2048820,Cc1cn2cc(CC(=O)N3CCC4(CC3)CN(Cc3ccc(-n5nccn5)cc3Cl)C4)nc2s1,6.32
D3,CHEMBL266393,COc1nsnc1N1CCN(C[C@@H](Cc2cccnc2)NC(=O)C2(C)CCCCC2)CC1,6.31
D3,CHEMBL329126,COc1ccc2c3c(c(=O)oc2c1)CN(Cc1ccc(C)cc1)CC3,6.31
D3,CHEMBL246855,CCCCCCn1cc(CN2CCC(O)(c3ccc(Cl)cc3)CC2)c2ccccc21,6.31
D3,CHEMBL246849,OC1(c2ccc(F)cc2)CCN(Cc2c[nH]c3ccccc23)CC1,6.31
D3,CHEMBL514083,COc1ccc(N2CCN(CCCCN3CCc4ccccc4C3=O)CC2)cc1,6.31
D3,CHEMBL3216098,Cc1nc(C(=O)NCCCN2CCN(c3cccc(Cl)c3Cl)CC2)c(C)n1-c1ccccc1.Cl.Cl.Cl.Cl,6.31
D3,CHEMBL2391541,C=CCN(CC=C)CCc1c[nH]c2ccc(OC)cc12,6.31
D3,CHEMBL3588992,COc1ccccc1-c1cn(CCC(O)CN2CCN(c3ccccc3OC)CC2)nn1,6.31
D3,CHEMBL273241,O=C1c2ccccc2C(=O)N1CCCCN1CCc2ccccc2C1,6.31
D3,CHEMBL5205590,O=C(O)C(=O)O.c1ccc(N2CCN(CCCn3ccc4ccccc43)CC2)cc1,6.31
D3,CHEMBL5465172,O=C1NCCCC1N1Cc2cc(C3CCN(C(=O)CCCCCN4CCC(c5ccc(Oc6nn7cnnc7c7c6CCCC7)cc5)CC4)CC3)ccc2C1=O,6.31
D3,CHEMBL431298,COc1ccc(NS(=O)(=O)c2sc3ccc(Cl)cc3c2C)cc1N1CCNCC1,6.3
D3,CHEMBL130680,CCCN(CCC)[C@@H]1CCc2c(ccc(CCc3ccc(NS(C)(=O)=O)cc3)c2OC)C1,6.3
D3,CHEMBL134759,CCNC1CCc2c(cccc2OC)C1,6.3
D3,CHEMBL168245,COc1c(Cl)cc(Cl)c(O)c1C(=O)NCCN1CCN(c2cccc(Cl)c2Cl)CC1,6.3
D3,CHEMBL97319,CCCN(CCC)[C@@H]1CCn2ccc(C=O)c2C1,6.3
D3,CHEMBL170923,CCCN1CCO[C@@H]2c3cc4c(cc3OC[C@H]21)CCO4,6.3
D3,CHEMBL239066,O=C(NCCCCN1CCN2c3ccccc3Cc3ccccc3C2C1)c1cccs1,6.3
D3,CHEMBL238858,O=C1c2ccccc2C(=O)N1CCCCN1CCN2c3ccccc3Cc3ccccc3C2C1,6.3
D3,CHEMBL238520,Cc1ccc2c(OCCN3CCC(Cc4cc5c(cc4F)OCC(=O)N5)CC3)cc(F)cc2n1,6.3
D3,CHEMBL549759,CC(=O)n1ccc2cc(N3CCN(CCN4Cc5ccccc5C4)C3=O)ccc21,6.3
D3,CHEMBL551386,O=C1N(CCN2Cc3ccccc3C2)CCN1Cc1ccccc1Cl,6.3
D3,CHEMBL564741,CC(c1cccc(C(F)(F)F)c1)N1CCN(CCN2Cc3ccccc3C2)C1=O,6.3
D3,CHEMBL604467,Cn1c(CN2CCC(c3ccccc3C(F)(F)F)CC2)nc2ccccc21,6.3
D3,CHEMBL1195032,C[C@@H]1NCCc2cc(O)c(O)cc21,6.3
D3,CHEMBL3318843,O=C(CCCCCCCCCCCCCCCCCCCCC(=O)OC1(c2ccc(Cl)cc2)CCN(CCCC(=O)c2ccc(F)cc2)CC1)OC1(c2ccc(Cl)cc2)CCN(CCCC(=O)c2ccc(F)cc2)CC1,6.3
D3,CHEMBL3323662,Cc1ccc([C@H]2CCC[C@H]2NC[C@H](O)c2ccc(O)c3[nH]c(=O)sc23)cc1,6.3
D3,CHEMBL3407810,Cl.Fc1cccc(CCCNCCc2ccnc(-n3ccnc3)n2)c1,6.3
D3,CHEMBL3735756,COc1ccc(CCN(CCCc2ccccc2)CCc2ccc3c(c2)OCO3)cc1OC,6.3
D3,CHEMBL3818124,O=C1NCN(c2ccccc2)C12CCN(CCCCc1nc3cc(Cl)ccc3s1)CC2,6.3
D3,CHEMBL3910287,CC(=O)Nc1ccc(CCN(C)CC2Cc3ccc4c(ccn4S(=O)(=O)c4ccccc4)c32)cc1,6.3
D3,CHEMBL4437912,CCc1cccc(NC(=O)CN2CCC(c3ccccn3)CC2)c1,6.3
D3,CHEMBL4527051,O=S(=O)(c1ccccc1)N1Cc2cccc(N3CCNCC3)c2C1,6.3
D3,CHEMBL5179930,O=C(O)C(=O)O.O=C1CCc2ccccc2N1CCCN1CCN(c2ccc(Cl)cc2Cl)CC1,6.3
D3,CHEMBL5283891,O=C1NCCN(C(=O)CCCN2CCN(c3cccc(Cl)c3Cl)CC2)C1C(=O)NCc1ccccc1,6.3
D3,CHEMBL12610,CN(C)CCCOc1nn(Cc2ccccc2)c2ccccc12,6.3
D3,CHEMBL1836317,CS(=O)(=O)NC[C@H]1CC[C@H](Nc2nc3c(s2)CCSc2ccccc2-3)CC1,6.3
D3,CHEMBL93917,CCCN1CCC[C@@H](c2cccc(CC#N)c2)C1,6.29
D3,CHEMBL90798,CCN1CCC[C@@H](c2cccc(C#N)c2)C1,6.29
D3,CHEMBL60815,c1ccc(-c2c[nH]c(CN3CCN(c4ccccc4)CC3)c2)cc1,6.29
D3,CHEMBL2112285,O=C(/C=C(\O)c1ccc(Cl)cc1)C1CCN(Cc2ccccc2)CC1,6.29
D3,CHEMBL2112284,CC1(C(=O)/C=C(\O)c2ccc(Cl)cc2)CCN(Cc2ccccc2)CC1,6.29
D3,CHEMBL116372,CCCN(CCC)C1COc2ccc3nc(N)sc3c2C1,6.29
D3,CHEMBL276778,COc1ccc2c(c1)CCN(C)CCCc1ccccc1C2,6.29
D3,CHEMBL1087301,CN1CCc2ccccc2Cc2c([nH]c3ccccc23)CC1,6.29
D3,CHEMBL17157,CC(C)(C)c1ccc(C(O)CCCN2CCC(C(O)(c3ccccc3)c3ccccc3)CC2)cc1,6.29
D3,CHEMBL3323659,O=c1[nH]c2c(O)ccc([C@@H](O)CN[C@@H]3CCC[C@@H]3c3ccccc3)c2s1,6.29
D3,CHEMBL3323657,CC(C)[C@H]1CCC[C@H]1NC[C@H](O)c1ccc(O)c2[nH]c(=O)sc12,6.29
D3,CHEMBL4072785,O=C1COc2c(N3CCCNCC3)ccc(O)c2N1,6.29
D3,CHEMBL4464861,Cc1cccc(NC(=O)CCN2CCC(c3ccccn3)CC2)c1,6.29
D3,CHEMBL4461742,COc1ccc(OCCN2CCN(C(=O)c3ccc(OC)cc3)C(C)C2)cc1,6.29
D3,CHEMBL4551858,O=S(=O)(c1ccccc1)N1CCc2ccc(C3CCNCC3)cc21,6.29
D3,CHEMBL5288298,Cc1cc(NC(=O)CN2CCC3(CCCN3Cc3ccc(F)c(F)c3)C2)ccc1F,6.29
D3,CHEMBL5422150,Clc1cccc2sc(CCCN3CCN(c4ccccn4)CC3)nc12,6.29
D3,CHEMBL328894,N#Cc1cccc([C@@H]2CCCN(CC3CC3)C2)c1,6.28
D3,CHEMBL11615,CCCN(CCC)C1CCc2c(cccc2OC)C1,6.28
D3,CHEMBL39,NCCc1c[nH]c2ccc(O)cc12,6.28
D3,CHEMBL347291,COc1ccc(N2CCN(CCc3c[nH]c4ncccc34)CC2)cc1,6.28
D3,CHEMBL2021539,CCCN[C@@H]1CCc2cccc(CS(=O)(=O)C(F)(F)F)c2C1.Cl,6.28
D3,CHEMBL216439,CN1CCCc2c([nH]c3ccccc23)Cc2ccccc2CC1,6.28
D3,CHEMBL238717,O=c1c2ccccc2ncn1CCCCN1CCN(c2ccccc2)CC1,6.28
D3,CHEMBL81,O=C(c1ccc(OCCN2CCCCC2)cc1)c1c(-c2ccc(O)cc2)sc2cc(O)ccc12,6.28
D3,CHEMBL2207636,COc1ccccc1N1CCN(Cc2cc(C#N)c3cccccc2-3)CC1,6.28
D3,CHEMBL3322999,O=C(NCCCCN1CCN(c2cc(C(F)(F)F)nc3ccccc23)CC1)c1cn2ccccc2n1,6.28
D3,CHEMBL3941795,Cl.Clc1ccc2sc(CCCCN3CCC4CCCCC4C3)nc2c1,6.28
D3,CHEMBL4546749,Cl.Cn1c(SCCCNCC2CC2c2cc(F)ccc2OCCF)nnc1-c1ccccc1,6.28
D3,CHEMBL4451542,CCc1ccc(C(=O)N2CCN(CCOc3ccc(OC)cc3)CC2)cc1,6.28
D3,CHEMBL4589125,COc1ccc(OCCN2CCN(C(=O)c3cc4cc(OC)ccc4[nH]3)CC2)cc1,6.28
D3,CHEMBL4520580,O=S(=O)(c1ccccc1)N1Cc2cccc(N3CCN(C4CCC4)CC3)c2C1,6.28
D3,CHEMBL1201210,CCC(=O)c1ccc2c(c1)N(CC(C)N(C)C)c1ccccc1S2,6.28
D3,CHEMBL5414499,CCCCCCOc1cc2c(cc1O)[C@@H]1Cc3ccc(O)c(OCCCC)c3CN1CC2,6.28
D3,CHEMBL5571457,CC1=CC[C@@H]2C[C@H]1[C@H](c1ccc(C(F)(F)F)c(F)c1)NC2(C)C,6.28
D3,CHEMBL32402,OC(COc1ccccc1)CN1CCC(Oc2ccccc2)CC1,6.27
D3,CHEMBL116463,N#Cc1ccc(CCOC(=O)NC2CCN(CCCC(c3ccc(F)cc3)c3ccc(F)cc3)CC2)cc1,6.27
D3,CHEMBL437490,Fc1ccc(N2CCN(Cc3cnn(-c4ccccc4)c3)CC2)cc1,6.27
D3,CHEMBL3084508,CSc1ccc([C@]2(O)C[C@H]3CC[C@@H](C2)N3Cc2c[nH]c3ccccc23)cc1,6.27
D3,CHEMBL1684026,CCCN1CCc2cccc3c2C1Cc1cccc(OCc2cn(CCCN4CCN(c5ncccn5)CC4)nn2)c1-3,6.27
D3,CHEMBL4559278,COc1ccccc1OCCNCC1OCCOC1(c1ccccc1)c1ccccc1,6.27
D3,CHEMBL4856161,COc1cc2c(cc1O)CN(Cc1ccccc1CNC(=O)c1ccccc1Br)CC2,6.27
D3,CHEMBL143355,N#Cc1ccc2[nH]cc(CN3CCN(c4ccccc4Cl)CC3)c2c1,6.26
D3,CHEMBL2110308,c1ccc(N2CCN(C3CCC(Nc4ncccn4)CC3)CC2)cc1,6.26
D3,CHEMBL91273,COc1ccc2c3c(c(=O)oc2c1)CN(Cc1ccc(F)cc1)CC3,6.26
D3,CHEMBL246231,COC(=O)C1(c2ccc(Cl)cc2)CCN(Cc2c[nH]c3ccccc23)CC1,6.26
D3,CHEMBL251215,CCN1CCOC(c2cccc(O)c2)C1,6.26
D3,CHEMBL476109,O=C(CCCN1C2CCC1CN(c1ccc(Cl)cc1)CC2)c1ccc(F)cc1,6.26
D3,CHEMBL1831166,COc1cc2c(cc1OC)CN(CCCCn1cc(-c3ccc(F)cc3)c3ccccc31)CC2,6.26
D3,CHEMBL1940410,Fc1ccc(SCCCN2CCN(c3ccc(C(F)(F)F)cc3)CC2)cc1,6.26
D3,CHEMBL4287623,OC1(c2ccc(Cl)c(C(F)(F)F)c2)CCN(CCCC=C(c2ccc(F)cc2)c2ccc(F)cc2)CC1,6.26
D3,CHEMBL4467528,CCOc1ccc(F)cc1C1CC1CN(C)CCCSc1nnc(-c2ccccc2)n1C.Cl,6.26
D3,CHEMBL4471690,COc1ccc(OCCN2CCN(C(=O)c3ccccc3)CC2)cc1,6.26
D3,CHEMBL4577943,COc1ccc(OCCN2CCN(C(=O)c3cccc(OC)c3)CC2)cc1,6.26
D3,CHEMBL305906,CCCCCCCCCCCCCCCC[n+]1ccccc1,6.26
D3,CHEMBL2104895,CN1CCC2=C(C1)c1ccccc1Cc1ccccc12,6.26
D3,CHEMBL5399933,CCCCCCOc1cc2c(cc1O)[C@@H]1Cc3ccc(O)c(OCCCCCC)c3CN1CC2,6.26
D3,CHEMBL1256876,Cl.NC[C@@H]1O[C@H](C23CC4CC(CC(C4)C2)C3)Cc2c1ccc(O)c2O,6.26
D3,CHEMBL1962947,COc1cc2c(cc1O)CN1CCc3cc(OC)c(O)cc3[C@@H]1C2,6.26
D3,CHEMBL69355,C1=C(c2nc3ccccc3s2)CCN(Cc2ccccc2)C1,6.25
D3,CHEMBL127979,COc1ccccc1N1CCN(CCCN2C(=O)c3ccccc3C2=O)CC1.O=C(O)C(=O)O,6.25
D3,CHEMBL269202,Clc1cccc(N2CCN(Cc3cnn4ccccc34)CC2)c1,6.25
D3,CHEMBL447476,CNc1cc(OC)c(C(=O)N[C@H]2CCCN(Cc3ccccc3)C2)cc1Cl,6.25
D3,CHEMBL77395,Fc1ccc2[nH]c(CN3CCN(c4ccccn4)CC3)cc2c1,6.25
D3,CHEMBL318924,CCCN(CCC)[C@@H]1CCn2cccc2C1,6.25
D3,CHEMBL3287281,O=C(NCCC(CF)N1CCN(c2cccc(Cl)c2Cl)CC1)c1cc2ccccc2o1,6.25
D3,CHEMBL3358106,O=C(NCCCCN1CCN(Cc2ccccc2)CC1)c1cc2ccccc2o1,6.25
D3,CHEMBL4085282,CN[C@@H]1Cc2cccc3c2n(c(=O)n3CCOCCOCCOCCCCc2ccccc2)C1,6.25
D3,CHEMBL4585289,CN(CCCSc1nnc(-c2ccccc2)n1C)CC1CC1c1cc(F)ccc1OCCF.Cl,6.25
D3,CHEMBL4587372,COc1ccc(OCCN2CCN(C(=O)c3cc4cccc(Cl)c4[nH]3)CC2)cc1,6.25
D3,CHEMBL4548434,CCN1CCC(c2cccc3c2CN(S(=O)(=O)c2ccccc2)C3)CC1,6.25
D3,CHEMBL5169993,O=C(O)C(=O)O.c1ccc(N2CCN(CCCN3CCCc4ccccc43)CC2)cc1,6.25
D3,CHEMBL5171772,Fc1cc(COC2CCN(Cc3cc4ccc(Cl)cc4[nH]3)CC2)ccc1Cl,6.25
D3,CHEMBL1256844,CC1CCN(CC[C@H]2CCCN2S(=O)(=O)c2cccc(O)c2)CC1.Cl,6.25
D3,CHEMBL180465,COc1ccc(S(=O)(=O)c2cc(OC)ccc2S(=O)(=O)c2ccc([C@H](C)NS(C)(=O)=O)cc2)cc1,6.25
D3,CHEMBL93234,CCCN1CCC[C@@H](c2cccc(C)c2)C1,6.24
D3,CHEMBL293225,COc1ccc(Br)cc1-c1nc(CNC2CCN(Cc3ccccc3)CC2)co1,6.24
D3,CHEMBL294394,c1ccc(N2CCN(Cc3ccc[nH]3)CC2)cc1,6.24
D3,CHEMBL167414,COc1cc(N)c(Cl)cc1C(=O)NC[C@@H]1CCN(Cc2ccccc2)C1,6.24
D3,CHEMBL355566,CNc1cc(OC)c(C(=O)NC[C@@H]2CN(Cc3ccccc3)C[C@@H]2C)cc1Cl,6.24
D3,CHEMBL113471,COc1c(C(=O)NCC[C@@H]2CCN(Cc3ccccc3)C2)cc(Br)c2ccccc12,6.24
D3,CHEMBL192037,CCCN(CCC)[C@H]1CCn2cccc2C1,6.24
D3,CHEMBL247058,COc1ccc2[nH]cc(CN3CCC(O)(c4ccc(SC)cc4)CC3)c2c1,6.24
D3,CHEMBL246848,OC1(c2cccc(C(F)(F)F)c2)CCN(Cc2c[nH]c3ccccc23)CC1,6.24
D3,CHEMBL1813588,O=C(O)C(=O)O.O=C1CCc2ccc(OCCCCN3CCC(n4c(=O)[nH]c5cc(Cl)ccc54)CC3)cc2N1,6.24
D3,CHEMBL2207635,COc1ccccc1N1CCN(Cc2cc(CO)c3cccccc2-3)CC1,6.24
D3,CHEMBL3323660,Cc1ccccc1[C@H]1CCC[C@H]1NC[C@H](O)c1ccc(O)c2[nH]c(=O)sc12,6.24
D3,CHEMBL3609160,OCCN1CCN(c2nc(Nc3ccc(Br)cc3)c3ccccc3n2)CC1,6.24
D3,CHEMBL4099491,N#Cc1cccc(N2CCNCC2)c1,6.24
D3,CHEMBL4455487,COc1ccc(OCCN2CCN(C(=O)c3cc4cnccc4[nH]3)CC2)cc1,6.24
D3,CHEMBL5435602,CCCOc1cc2c(cc1O)[C@@H]1Cc3c(Br)cc(O)c(OCC)c3CN1CC2,6.24
D3,CHEMBL218071,COc1ccc(Br)cc1S(=O)(=O)NC(=O)/C=C/c1ccccc1Cc1ccc2ccccc2c1,6.24
D3,CHEMBL256470,Cc1csc2c(N[C@@H](C)CN3CCN(S(=O)(=O)c4ccc(Cl)c(Cl)c4)CC3)ncnc12,6.24
D3,CHEMBL330108,O=C1Cc2c(ccc(Cl)c2N2CCN(Cc3ccccc3)CC2)N1,6.23
D3,CHEMBL349980,c1cnc(N[C@H]2CC[C@H](CCN3CCN(c4ncccn4)CC3)CC2)nc1,6.23
D3,CHEMBL440506,COc1ccc2c3c(c(=O)oc2c1)CN(CCc1ccccc1)CC3,6.23
D3,CHEMBL440143,CCCN(CCC)[C@@H]1CCn2c(C)ccc2C1,6.23
D3,CHEMBL318901,Cn1cnc(-c2ccc3c(c2)c(C2CCN(CCn4c(=O)[nH]c5ccccc5c4=O)CC2)cn3-c2ccc(F)cc2)n1,6.23
D3,CHEMBL270056,Fc1cccc(N2CCN(Cc3cnn4ccccc34)CC2)n1,6.23
D3,CHEMBL1803050,CCCCn1cc(CCCCOc2ccc(CN3CCN(c4ccccc4OC)CC3)cc2OC)nn1,6.23
D3,CHEMBL1946124,O=C1c2ccc(F)cc2CC1CCN1CCCN(c2ccc(Cl)cc2)CC1,6.23
D3,CHEMBL2165674,COc1ccccc1N1CCN(C)CC1,6.23
D3,CHEMBL3354072,O=C1CCc2ccccc2N1CCCN1CCC(CCCO)CC1,6.23
D3,CHEMBL4589391,CCN1CCC(c2cccc3c2CCN3S(=O)(=O)c2ccccc2)CC1,6.23
D3,CHEMBL4865591,O=C1CCc2cc(OCCCN3CCN(c4ccccn4)CC3)ccc2N1,6.23
D3,CHEMBL5400876,c1ccc(N2CCN(CCCc3nc4ccccc4s3)CC2)nc1,6.23
D3,CHEMBL3919973,O=C(O)CC1CCC2(CC1)CCN(c1cc(OC(F)(F)F)ccc1Cl)CC2,6.23
D3,CHEMBL5646389,C=CCN1C[C@@H](OC(=O)Nc2ccc(-c3ccsc3)cc2)C[C@H]1CNC(=O)c1cc(CCCF)cc(OC)c1OC,6.23
D3,CHEMBL49876,N#Cc1ccccc1N1CCN(CNC(=O)c2ccc(Cl)cc2)CC1,6.22
D3,CHEMBL131851,CCCCNC1CCc2c(cccc2OC)C1,6.22
D3,CHEMBL311832,c1ccc(CCN2CCC3(CCc4c3n[nH]c4-c3ccccc3)CC2)cc1,6.22
D3,CHEMBL379125,COc1ccccc1N1CCN(Cc2cn3cc(I)ccc3n2)CC1,6.22
D3,CHEMBL476933,O=C(CCCN1CC2CCC(C1)N2c1ccccc1)c1ccc(F)cc1,6.22
D3,CHEMBL3622095,CCCN(CCN1CCN(Cc2cc3ccccc3[nH]2)CC1)c1ccc(Br)cc1,6.22
D3,CHEMBL4100734,CN[C@@H]1Cc2cccc3c2n(c(=O)n3CCCCCCCCCCCCOc2ccc3c(c2)NC(=O)CC3)C1,6.22
D3,CHEMBL4082245,COc1cc(CCN2CCC(O)(c3ccc(Cl)cc3)CC2)ccc1OCCCSSCCN.O=C(O)C(F)(F)F.O=C(O)C(F)(F)F,6.22
D3,CHEMBL5563974,COC1=CC2C[C@@H]3c4cc(O)c(OC)cc4CCN3CC2C=C1O,6.22
D3,CHEMBL419316,COc1cc2c(cc1OC)C1=NO[C@@H](CN3CCN(C/C=C(\C)c4ccccc4)CC3)[C@@H]1CO2,6.21
D3,CHEMBL1642126,CCC1CC(=O)c2c(N3CCN(C)CC3)cccc2N1S(=O)(=O)c1ccc2ccccc2c1,6.21
D3,CHEMBL1803049,CCCCn1cc(CCCOc2ccc(CN3CCN(c4ccccc4OC)CC3)cc2OC)nn1,6.21
D3,CHEMBL3622096,COc1ccc(NCCN2CCN(CCc3c[nH]c4ccccc34)CC2)cc1,6.21
D3,CHEMBL3799593,COc1ccccc1OCCNC[C@@H](O)c1ccc(O)c(O)c1,6.21
D3,CHEMBL3354065,CCCCC1CCN(CCCN2C(=O)CCc3ccccc32)CC1,6.21
D3,CHEMBL4519520,CCCN1CCO[C@@H]2c3cc(OCCCCNC(=O)c4cc5ccccc5[nH]4)ccc3OC[C@H]21,6.21
D3,CHEMBL4463034,COc1ccc2[nH]cc(C3=CCN(Cc4cc(=O)[nH]c5ccccc45)CC3)c2c1,6.21
D3,CHEMBL4514648,COc1ccc(OCCN2CCN(C(=O)c3cc4cc(C)ccc4[nH]3)CC2)cc1,6.21
D3,CHEMBL4519087,Cc1ccc(OCCN2CCN(C(=O)c3cc4ccccc4[nH]3)CC2)cc1C,6.21
D3,CHEMBL93682,N#Cc1cccc([C@@H]2CCCNC2)c1,6.2
D3,CHEMBL282971,COc1ccc(NS(=O)(=O)c2sc3ccc(Cl)cc3c2C)cc1N1CCN2CCC[C@@H]2C1,6.2
D3,CHEMBL419706,O=C(NCCCCN1CCC[C@@H]2c3cccc(O)c3CC[C@H]21)c1ccc(-c2ccccc2)cc1,6.2
D3,CHEMBL130386,CCCN(CCC)C1CCc2cc(CCc3ccc(C(N)=O)cc3)ccc2C1,6.2
D3,CHEMBL307869,Clc1cccc(CN2CC=C(c3nc4ccccc4s3)CC2)c1,6.2
D3,CHEMBL93958,Oc1nc(-c2ccccc2)cn1C1CCN(Cc2ccccc2)CC1,6.2
D3,CHEMBL116448,CC1CCN(CC[C@H]2CCCN2S(=O)(=O)c2cccc(Br)c2)CC1,6.2
D3,CHEMBL362487,O=S(=O)(c1ccccc1Cl)n1cc(C2=CCNCC2)c2ccccc21,6.2
D3,CHEMBL191460,CN(C)CCN(Cc1ccc(-c2ccc(CNCCc3ccccc3)cc2)cc1)C(=O)CCC1CCCC1.O=C(O)C(F)(F)F.O=C(O)C(F)(F)F,6.2
D3,CHEMBL401031,CSc1ccc(C2(O)CCN(Cc3c[nH]c4ccccc34)CC2)cc1,6.2
D3,CHEMBL183460,Cc1ccc2c(OCCN3CCC(Cc4ccc5c(c4)NC(=O)CO5)CC3)cccc2n1,6.2
D3,CHEMBL272480,Cc1ccc2c(-c3nnc(SCCCN4CCc5cc6c(cc5CC4)C(=O)N(C)C6)n3C)cccc2n1,6.2
D3,CHEMBL476393,O=C1c2ccccc2CCCN1CCCCN1CCN(c2ncccn2)CC1,6.2
D3,CHEMBL554914,O=C1N(CCN2Cc3ccccc3C2)CCN1Cc1ccccc1,6.2
D3,CHEMBL559399,Cn1c(N2CCCC2)nc2c(CN3CCN(c4ccc(F)cc4)CC3)c[nH]c2c1=O,6.2
D3,CHEMBL556496,COc1cccc(C2CCCN(CCN3CCN(c4cccc(Cl)c4)C3=O)C2)c1,6.2
D3,CHEMBL1078595,O=S(=O)(Nc1ccc2c(c1)CCN(Cc1cc[nH]n1)CC2)c1ccc(N2CCOCC2)nc1,6.2
D3,CHEMBL1078491,CN1CCOc2cc(S(=O)(=O)Nc3ccc4c(c3)CCN(Cc3cc[nH]n3)CC4)ccc21,6.2
D3,CHEMBL1224701,O=S(=O)(Nc1ccc([C@]23CNC[C@H]2C3)cc1)c1ccc(OC(F)(F)F)cc1,6.2
D3,CHEMBL291439,COc1cc2c(cc1OC)CN(CCCCNC(=O)c1cc(Br)cc(OC)c1OC)CC2,6.2
D3,CHEMBL3817911,O=C1c2ccccc2C(=O)N1CCCCN1CCC2CCCCC2C1,6.2
D3,CHEMBL3947289,CN(C)[C@@H]1c2cc3c(ccn3S(=O)(=O)c3ccccc3)cc2[C@@H]1CCO,6.2
D3,CHEMBL4555952,Cn1c(SCCCN2CCC(C)(C)CC2)nnc1-c1ccccc1,6.2
D3,CHEMBL4446145,CSc1ccc(OCCN2CCN(C(=O)c3cc4ccccc4[nH]3)CC2)cc1,6.2
D3,CHEMBL5175054,O=C(O)C(=O)O.O=C1CCc2ccccc2N1CCCN1CCN(c2ccc(Cl)c(Cl)c2)CC1,6.2
D3,CHEMBL5277640,CCCN1C[C@H](c2ccc(N)nc2)OC[C@@H]1C,6.2
D3,CHEMBL5395401,CCN(CC)CCCC(C)Nc1cnc(C(=O)Nc2ccc(Cl)c3cccnc23)cn1,6.2
D3,CHEMBL1200809,CN1CCCC(n2nc(Cc3ccc(Cl)cc3)c3ccccc3c2=O)CC1.Cl,6.2
D3,CHEMBL5758557,CSc1cccc(OCCN2CCN(C(=O)c3cc4ccccc4[nH]3)CC2)c1,6.2
D3,CHEMBL29435,COc1c(C(=O)NCCN2CCN(c3cccc([N+](=O)[O-])c3)CC2)cc(Br)c2ccccc12,6.19
D3,CHEMBL29849,COc1cccc(N2CCN(CCNC(=O)c3cc(Br)c4ccccc4c3OC)CC2)c1,6.19
D3,CHEMBL293645,COc1ccc(Br)cc1-c1nc(CN2CCN(Cc3ccccc3)CC2)cs1,6.19
D3,CHEMBL357684,COc1ccccc1N1CCN(CCCNC(=O)c2cc3ccccn3n2)CC1,6.19
D3,CHEMBL134326,CCCN(CCC)[C@@H]1CCc2ccc(OC)cc2C1,6.19
D3,CHEMBL562384,Cc1cc2nc(C)c(CN3CCN(c4ccccn4)CC3)n2c(C)n1,6.19
D3,CHEMBL1172,Clc1ccc2c(c1)CCc1cccnc1C2=C1CCNCC1,6.19
D3,CHEMBL3918282,[O-][S+](CCN1CCN(CC(O)Cc2ccccc2)CC1)C(c1ccc(F)cc1)c1ccc(F)cc1,6.19
D3,CHEMBL4095452,CN[C@@H]1Cc2cccc3c2n(c(=O)n3CCOCCOCCOCCOc2ccc3c(c2)NC(=O)CC3)C1,6.19
D3,CHEMBL4520460,COc1ccccc1N1CCN(CCCNC(=O)NN(Cc2ccc(C#N)cc2)c2ccc(F)cc2)CC1,6.19
D3,CHEMBL184412,CCCCc1oc2ccc(NS(C)(=O)=O)cc2c1C(=O)c1ccc(OCCCN(CCCC)CCCC)cc1,6.19
D3,CHEMBL1372950,CO[C@]12C[C@@H](COC(=O)c3cncc(Br)c3)CN(C)[C@@H]1Cc1cn(C)c3cccc2c13,6.19
D3,CHEMBL103769,S=C(NCCCc1c[nH]cn1)NCCCN(Cc1ccc(Cl)c(Cl)c1)c1ccc(Br)cn1,6.19
D3,CHEMBL93212,C=CCN1CCC[C@@H](c2cccc(C#N)c2)C1,6.18
D3,CHEMBL64288,COc1ccc(Br)cc1-c1nc(CN2CCN(c3ccccc3)CC2)co1,6.18
D3,CHEMBL59749,c1ccc(CN2CC[C@@H](CNCc3csc(-c4ccccc4)n3)C2)cc1,6.18
D3,CHEMBL70215,Clc1ccc(CN2CC=C(c3nc4cc(Cl)ccc4s3)CC2)cc1,6.18
D3,CHEMBL240995,O=C1c2ccccc2CN1CCCCN1CCN(c2ccc(Cl)cc2)CC1,6.18
D3,CHEMBL458354,COc1cc(F)cc(N2CCN(CCCCNC(=O)c3ccc4nonc4c3)CC2)c1,6.18
D3,CHEMBL584554,CCN(CC)C(=O)[C@@H]1C=C2c3cccc4[nH]cc(c34)C[C@H]2N(C(=O)Nc2ccccc2)C1,6.18
D3,CHEMBL1006,NCCCNCCSP(=O)(O)O,6.18
D3,CHEMBL534,CN1CCC(=C2c3ccccc3CC(=O)c3sccc32)CC1,6.18
D3,CHEMBL1940402,OC1(c2ccc(Cl)cc2)CCN(CCCCc2ccc(F)cc2)CC1,6.18
D3,CHEMBL3799427,COc1cc(CCNC[C@@H](O)c2ccc(O)c(O)c2)ccc1OCCCc1ccccc1,6.18
D3,CHEMBL4082631,CCCC(C)(C)c1ccc2c(c1)OC(C)(C)[C@@H]1CCC(C)=C[C@@H]21,6.18
D3,CHEMBL4475978,C=CCN(NC(=O)NCCCN1CCN(c2ccccc2OC)CC1)c1ccc(OC)cc1,6.18
D3,CHEMBL588,Oc1ccc(C2CNCCc3c2cc(O)c(O)c3Cl)cc1,6.18
D3,CHEMBL58662,C(#Cc1c[nH]c(CN2CCN(c3ccccc3)CC2)c1)c1ccccc1,6.17
D3,CHEMBL30560,COc1cccc2c1CCC(N)C2,6.17
D3,CHEMBL97283,CCCN(CCC)[C@H]1CCn2ccc(C)c2C1,6.17
D3,CHEMBL317333,N#CCCN1CCC(c2cn(-c3ccc(F)cc3)c3ccc(-c4ncccn4)cc23)CC1,6.17
D3,CHEMBL346389,O=C1COc2cc(CN3CCN(c4ccc(Cl)cc4)CC3)ccc2N1,6.17
D3,CHEMBL211539,COc1ccccc1N1CCN(Cc2cn3cc(C)cc(Br)c3n2)CC1,6.17
D3,CHEMBL246230,N#CC1(c2ccc(Cl)cc2)CCN(Cc2c[nH]c3ccccc23)CC1,6.17
D3,CHEMBL1262,Clc1ccc(CO/N=C(\Cn2ccnc2)c2ccc(Cl)cc2Cl)c(Cl)c1,6.17
D3,CHEMBL395110,CN1CCCC(CN2c3ccccc3Sc3ccccc32)C1,6.17
D3,CHEMBL404849,CCCCCCCCNC(C)C(O)c1ccc(SC(C)C)cc1,6.17
D3,CHEMBL1949728,CN1CCc2ccccc2Cc2[nH]c3ccccc3c2C[C@@H]1CO,6.17
D3,CHEMBL2393244,Cl.Fc1cccc(Nc2nc(Cc3ccccc3)nc3c2CCNCC3)c1,6.17
D3,CHEMBL3289654,Clc1ccc(N2C[C@H]3C[C@@H]2CN3CCCc2cc3ccccc3o2)cc1,6.17
D3,CHEMBL3752576,C=CCN(CC=C)CCc1c[nH]c2ccccc12,6.17
D3,CHEMBL3354073,O=C1CCc2ccccc2N1CCCN1CCC(CCCCCO)CC1,6.17
D3,CHEMBL1256998,CCCCN1CCC(COC(=O)c2cc(Cl)c(N)c3c2OCCO3)CC1.Cl,6.17
D3,CHEMBL5940523,Cc1nc(N2CCN(CCCCNC(=O)N3CCn4c(C)nnc4C3)CC2)cc(C(C)(C)C)n1,6.17
D3,CHEMBL3765402,Cc1ccc(C2CN(CCCSc3nnc(-c4ocnc4C)n3C)CCO2)cc1,6.17
D3,CHEMBL126277,COc1ccccc1N1CCN(C2CC3CC(N4CCN(c5ccccc5OC)CC4)CC3C2)CC1.O=C(O)C(=O)O,6.16
D3,CHEMBL91621,O=C(Nc1ccccc1)NC1CCN(Cc2ccccc2)CC1,6.16
D3,CHEMBL86060,c1ccc(C2=N[C@@H](CN3CCN(c4ccccc4)CC3)CO2)cc1,6.16
D3,CHEMBL28313,CCCNC1CCc2cccc(OS(=O)(=O)C(F)(F)F)c2C1,6.16
D3,CHEMBL1940406,Fc1ccc(OCCCN2CCC(c3ccc(Cl)cc3)CC2)cc1,6.16
D3,CHEMBL3753318,C=CCN(CC=C)CCc1c[nH]c2ccc(C)cc12,6.16
D3,CHEMBL3798748,COc1cc(CCNC[C@H](O)c2ccc(O)c3c2OCC(=O)N3)ccc1OCCCc1ccccc1,6.16
D3,CHEMBL4071729,O=C(NCCN1CCC(O)(c2ccc(Cl)cc2)CC1)NCCN1C(=O)C=CC1=O.O=C(O)C(F)(F)F,6.16
D3,CHEMBL4465002,COc1ccccc1N1CCN(CCNC(=O)NN(Cc2ccccc2)c2ccc(F)cc2)CC1,6.16
D3,CHEMBL4545015,CCN1CCN(c2ccc3c(c2)CN(S(=O)(=O)c2ccccc2)C3)CC1,6.16
D3,CHEMBL4750607,OC(Cc1ccccc1)CN1CCC(NCCSC(c2ccc(F)cc2)c2ccc(F)cc2)CC1,6.16
D3,CHEMBL5200816,O=C(O)C(=O)O.c1ccc(N2CCN(CCCc3nc4ccccc4s3)CC2)cc1,6.16
D3,CHEMBL92870,Cc1cccc(C)c1NC(=O)CN1CCN(CCCC(c2ccc(F)cc2)c2ccc(F)cc2)CC1,6.16
D3,CHEMBL5883189,Cn1nccc1-c1nnc(SCCCN2CCOC(c3ccc(C(F)(F)F)cc3)C2)n1C,6.16
D3,CHEMBL64487,COc1ccccc1-c1cccc(CN2CCN(c3ncccn3)CC2)c1,6.15
D3,CHEMBL83306,C[C@@H]1OC(c2ccccc2)=N[C@H]1CN1CCN(c2ccccc2)CC1,6.15
D3,CHEMBL4091231,O=C1CCc2ccccc2N1CCCN1CCC(c2ccccc2)CC1,6.15
D3,CHEMBL1700053,COc1ccc(OCCN2CCN(C(=O)c3ccc(OC)cc3)CC2)cc1,6.15
D3,CHEMBL4473158,COc1ccc(OCCN2CCN(C(=O)c3cc4ccccc4[nH]3)CC2)cc1OC,6.15
D3,CHEMBL4585625,CCCN1CCC(c2ccc3c(c2)CN(S(=O)(=O)c2ccccc2)C3)CC1,6.15
D3,CHEMBL4798638,OC(CNC1CCN(CCSC(c2ccc(F)cc2)c2ccc(F)cc2)CC1)Cc1ccccc1,6.15
D3,CHEMBL4854456,O=C1c2cc(Cl)c(Cl)cc2CC1CCN1CCN(c2ccccn2)CC1,6.15
D3,CHEMBL4558518,CC(C)(C)OC(=O)N1CCCC1CNC1CCC(c2cc(F)ccc2F)(S(=O)(=O)c2ccc(Cl)cc2)CC1,6.15
D3,CHEMBL1201256,COc1cc(C(=O)NCc2ccc(OCCN(C)C)cc2)cc(OC)c1OC,6.15
D3,CHEMBL5406129,CN(C)C(=O)C(CCN1C[C@H](O)C/C1=C\N1CCN(c2cccc(Cl)c2Cl)CC1)(c1ccccc1)c1ccccc1,6.15
D3,CHEMBL29336,COc1ccc(N2CCN(CCNC(=O)c3cc(Br)c4ccccc4c3OC)CC2)cc1,6.14
D3,CHEMBL287443,COc1c(C(=O)NCCN2CCN(c3ccc([N+](=O)[O-])cc3)CC2)cc(Br)c2ccccc12,6.14
D3,CHEMBL2113718,N#Cc1cc(CN2CCN(c3ccccc3)CC2)c[nH]1,6.14
D3,CHEMBL420954,Clc1ccc(-c2cc(C3CCN(CC4CCCCC4)CC3)[nH]n2)cc1,6.14
D3,CHEMBL99291,CCCN(CCC)[C@@H]1CCn2c(CO)ccc2C1,6.14
D3,CHEMBL400826,C=CCOC1(c2ccc(Cl)cc2)CCN(Cc2c[nH]c3ccccc23)CC1,6.14
D3,CHEMBL399396,CCOC(=O)C1(c2ccc(Cl)cc2)CCN(Cc2c[nH]c3ccccc23)CC1,6.14
D3,CHEMBL926,CC(CCc1ccc(O)cc1)NCCc1ccc(O)c(O)c1,6.14
D3,CHEMBL1940413,Clc1ccc(N2CCN(CCCOc3ccccc3)CC2)cc1,6.14
D3,CHEMBL3945691,COCCOc1c(O)cc(Br)c2c1CN1CCc3cc(OC)c(O)cc3[C@@H]1C2,6.14
D3,CHEMBL1492,CN1CCC(OC(c2ccccc2)c2ccccc2)CC1,6.14
D3,CHEMBL5431371,CCN(CC)CCCC(C)Nc1cnc(C(=O)Nc2cc(F)cc3cccnc23)cn1,6.14
D3,CHEMBL1633,CN1CCC(=C2c3ccccc3CC(=O)c3sccc32)CC1.O=C(O)/C=C/C(=O)O,6.14
D3,CHEMBL287217,c1ccc(CN2CCC(n3cnc(-c4ccccc4)c3)CC2)cc1,6.13
D3,CHEMBL180606,O=S(=O)(c1ccccc1F)n1cc(C2=CCNCC2)c2ccccc21,6.13
D3,CHEMBL3323653,O=c1[nH]c2c(O)ccc([C@@H](O)CN[C@H]3CCC[C@H]3C3CCCC3)c2s1,6.13
D3,CHEMBL1201342,CN1CCCC(CC2c3ccccc3Sc3ccccc32)C1,6.13
D3,CHEMBL5413807,FC(F)(F)c1cccc(N2CCN(CCC3(c4ccccn4)CCOC4(CCCC4)C3)CC2)n1,6.13
D3,CHEMBL6169833,C#Cc1sc2ncn(CC(=O)N3CC(C)(F)C3)c(=O)c2c1-c1ccc(F)c(Br)c1,6.13
D3,CHEMBL156816,O=C(NCCCCN(CCCN1CCN(c2ccccc2)CC1)C1CCc2ccc(O)cc2C1)c1ccccc1,6.12
D3,CHEMBL126312,COc1ccccc1N1CCN(Cc2ccccc2CNC(=O)c2ccc3ccccc3c2)CC1.O=C(O)C(=O)O,6.12
D3,CHEMBL117537,O=C(CCCc1ccccc1)N1CCN(CCCC(c2ccc(F)cc2)c2ccc(F)cc2)CC1,6.12
D3,CHEMBL307739,CNCCc1ccc(OC(=O)C(C)C)c(OC(=O)C(C)C)c1,6.12
D3,CHEMBL5394838,CCCCCCOc1cc2c(cc1O)[C@@H]1Cc3c(Br)cc(O)c(OCCOCC)c3CN1CC2,6.12
D3,CHEMBL214957,COc1cc(-n2cnc3cc(-c4ccc(Cl)cc4)sc3c2=O)ccc1OCCN1CCCC1,6.12
D3,CHEMBL315890,CCCN1CCC[C@@H](c2ccccc2)C1,6.11
D3,CHEMBL104453,c1ccc(CN2CCC(n3cccc3-c3cnco3)CC2)cc1,6.11
D3,CHEMBL98072,CCCN(CCC)[C@H]1CCn2cc(C)cc2C1,6.11
D3,CHEMBL394779,CN1CCCc2ccccc2Cc2cc(O)ccc2CC1,6.11
D3,CHEMBL458002,Cc1ccc(Cn2ncc(N3CCNCC3)c(Cl)c2=O)cc1NC(=O)c1ccc(-c2ccccc2)cc1,6.11
D3,CHEMBL1813592,COc1ccc(N2CCN(CCCCOc3ccc4c(c3)NC(=O)CC4)CC2)c(OC)c1.O=C(O)C(=O)O,6.11
D3,CHEMBL936,OC(CCCN1CCCCC1)(c1ccccc1)c1ccccc1,6.11
D3,CHEMBL1940417,Fc1ccc(OCCCN2CCN(c3ncccn3)CC2)cc1,6.11
D3,CHEMBL1946258,O=C(CCCN1CCCN(c2ccc(Cl)cc2)CC1)c1nc2ccccc2s1,6.11
D3,CHEMBL3819366,Cl.Fc1ccc(OCCCN2CCc3ccccc3C2)cc1,6.11
D3,CHEMBL3898250,Cl.O=C1c2ccc(Cl)cc2CC1CCN1CCc2ccccc2C1,6.11
D3,CHEMBL4278465,OC1(c2ccc(Cl)c(C(F)(F)F)c2)CCN(CCCCN(c2ccc(F)cc2)c2ccc(F)cc2)CC1,6.11
D3,CHEMBL4454068,Cc1cccc(NC(=O)CCN2CCN(c3ccccn3)CC2)c1,6.11
D3,CHEMBL4474014,Fc1ccc2c(c1)CC(CCN1CCCN(c3ccccn3)CC1)C2,6.11
D3,CHEMBL4855019,COc1cc2c(cc1O)CN(Cc1ccccc1CNC(=O)c1ccc3ccccc3c1)CC2,6.11
D3,CHEMBL5279730,O=[N+]([O-])C1=Cc2cc(Cl)ccc2OC1C(F)(F)F,6.11
D3,CHEMBL5281787,Cn1c(CCCN2CCN(c3cccc(Cl)c3Cl)CC2)nc(-c2ccccc2)c1C(=O)NC1CCCCC1,6.11
D3,CHEMBL473,CN(CCOc1ccc(NS(C)(=O)=O)cc1)CCc1ccc(NS(C)(=O)=O)cc1,6.11
D3,CHEMBL5394387,Cc1cccnc1C1CCN(CCCc2nc3ccccc3s2)CC1,6.11
D3,CHEMBL292759,COc1ccc(NS(=O)(=O)c2ccc(Br)cc2)cc1N1CCN(C)CC1,6.1
D3,CHEMBL97149,COc1cccc2c1CC[C@@H]1[C@@H]2CCCN1CCCCNC(=O)c1ccc(-c2ccccc2)cc1,6.1
D3,CHEMBL165381,CCCN(CCC)CC[C@H]1CC[C@H](Nc2ncccn2)CC1,6.1
D3,CHEMBL20407,CCS(=O)(=O)c1ccc(OC)c(-c2ccc(CN3CCOCC3)[nH]2)c1,6.1
D3,CHEMBL211164,COc1ccccc1N1CCN(Cc2cn3cc(Br)ccc3n2)CC1,6.1
D3,CHEMBL393539,Cc1ccc2c(OCCN3CCC(Cc4ccc5c(c4F)NC(=O)CO5)CC3)cc(F)cc2n1,6.1
D3,CHEMBL271702,Cc1cnc(-c2nnc(SCCCN3CCc4ccc5c(C)noc5c4CC3)n2C)cn1,6.1
D3,CHEMBL1219,COCCCOc1ccnc(C[S+]([O-])c2nc3ccccc3[nH]2)c1C,6.1
D3,CHEMBL2443009,COc1ccccc1N1CCN(Cc2cn(CCCCCCF)nn2)CC1,6.1
D3,CHEMBL3800468,COc1cc(CCNC[C@@H](O)c2ccc(O)c3[nH]c(=O)ccc23)ccc1OCCCc1ccccc1,6.1
D3,CHEMBL3961596,CNCC1Cc2cc3ccn(S(=O)(=O)c4cccc5ccccc45)c3cc21,6.1
D3,CHEMBL4064759,CN1CCN(c2ccc(O)c3c2OCCO3)CC1,6.1
D3,CHEMBL5170580,Cc1cccc(N2CCN(CCCN3C(=O)CCc4ccccc43)CC2)c1.O=C(O)C(=O)O,6.1
D3,CHEMBL23537,c1ccc(CN2CCC(n3nccc3-c3ccccc3)CC2)cc1,6.09
D3,CHEMBL24051,Cc1c(-c2ccccc2)cnn1C1CCN(Cc2cccc(Cl)c2)CC1,6.09
D3,CHEMBL61080,Clc1ccc(CN2CCC(c3cc(-c4ccc(Cl)cc4)[nH]n3)CC2)cc1,6.09
D3,CHEMBL458001,O=C(Nc1cccc(Cn2ncc(N3CCNCC3)c(Cl)c2=O)c1)c1ccc(-c2ccccc2)cc1,6.09
D3,CHEMBL2393245,Cl.Clc1cccc(Nc2nc(Cc3ccccc3)nc3c2CCNCC3)c1,6.09
D3,CHEMBL3740360,Clc1ccc(N2CCN(CCCCNc3noc(-c4ccccc4)n3)CC2)c(Cl)c1,6.09
D3,CHEMBL4451708,CCCN1CCO[C@@H]2c3cc(OCCCCNC(=O)c4ccc5c(c4)Cc4ccccc4-5)ccc3OC[C@H]21,6.09
D3,CHEMBL4575347,COc1ccc(OCCN2CCN(C(=O)c3cc4ccncc4[nH]3)CC2)cc1,6.09
D3,CHEMBL5179879,O=C(O)C(=O)O.c1ccc(N2CCN(CCCc3nc4ccccc4o3)CC2)cc1,6.09
D3,CHEMBL1071,O=C(O)CCc1nc(-c2ccccc2)c(-c2ccccc2)o1,6.09
D3,CHEMBL5397609,CCCN(CCC(C(=O)N(C)C)(c1ccccc1)c1ccccc1)[C@@H]1C[C@H]1c1ccc(Cl)cc1,6.09
D3,CHEMBL80318,Cc1c(-c2ccccc2)n[nH]c1C1=CCN(CCc2ccccc2)CC1,6.08
D3,CHEMBL155913,Clc1ccc(N2CCN(Cc3cnn4c(-c5ccccc5)cccc34)CC2)cc1,6.08
D3,CHEMBL147130,O=C1COc2ccc(CN3CCN(c4ccccc4)CC3)cc2N1,6.08
D3,CHEMBL461571,Cc1c(C(=O)c2ccc(Cl)cc2)c2ccc(OC(F)(F)F)cc2n1Cc1cccc(O[C@H](C)C(=O)O)c1,6.08
D3,CHEMBL1221682,O=c1[nH]c2c(O)ccc([C@@H](O)CN[C@@H]3CCC[C@@H]3C3CCCC3)c2s1,6.08
D3,CHEMBL4077251,COc1ccccc1N1CC2(CN(CCCSc3nnc(-c4ccccc4)n3C)C2)C1,6.08
D3,CHEMBL2414991,CN1CCc2cc(O)c(O)c3c2C1Cc1ccccc1-3,6.08
D3,CHEMBL4746695,Fc1ccc(CCCCN2C3CCC2CN(c2ccc(Cl)cn2)C3)cc1,6.08
D3,CHEMBL5203856,O=C(O)C(=O)O.c1ccc(N2CCN(CCCc3nc4ccccc4[nH]3)CC2)cc1,6.08
D3,CHEMBL45816,COCC(=O)O[C@]1(CCN(C)CCCc2nc3ccccc3[nH]2)CCc2cc(F)ccc2[C@@H]1C(C)C,6.08
D3,CHEMBL57176,C#Cc1c[nH]c(CN2CCN(c3ccccc3)CC2)c1,6.07
D3,CHEMBL134701,CCN(CC)C1CCc2c(cccc2OC)C1,6.07
D3,CHEMBL147059,Cc1ccc(C2CCN(Cc3ccc4c(c3)OCC(=O)N4)CC2)cc1C,6.07
D3,CHEMBL207543,Clc1ccc(N2CCN(Cc3cn4nc(N5CCCCC5)ccc4n3)CC2)cc1Cl,6.07
D3,CHEMBL1173711,O=C(O)C(=O)O.OC1(c2ccc(Br)cc2)CCN(Cc2c[nH]c3cccc(OCCF)c23)CC1,6.07
D3,CHEMBL3289651,Clc1ccc(N2CCN(CCc3nc4ccccc4o3)CC2)cc1,6.07
D3,CHEMBL4472580,C=C(C)CN(NC(=O)NCCCN1CCN(c2ccccc2OC)CC1)c1ccc(OC)cc1,6.07
D3,CHEMBL4589982,O=C(NCCCN1CCN(c2ccc(Cl)cc2)CC1)NN(Cc1ccc(F)cc1)c1ccccc1,6.07
D3,CHEMBL5195535,Ic1ccc(Nc2nc3ccccc3c3[nH]c(C4CCCCC4)nc23)cc1,6.07
D3,CHEMBL668,CNCCCC1c2ccccc2C=Cc2ccccc21,6.07
D3,CHEMBL88837,c1ccc(CN2CCN(c3cccc4[nH]cnc34)CC2)cc1,6.06
D3,CHEMBL344270,N#Cc1ccc2[nH]cc(CN3CCN(c4ccc(Cl)c(Cl)c4)CC3)c2c1,6.06
D3,CHEMBL77017,Clc1ccc(-c2cc(C3CCN(CCCc4ccccc4)CC3)[nH]n2)cc1,6.06
D3,CHEMBL150181,Cc1ccc(N2CCN(Cc3ccc4c(c3)NC(=O)CO4)CC2)cc1C,6.06
D3,CHEMBL380287,CN1CCN(c2ccc3nc(CN4CCN(c5ccc(Cl)c(Cl)c5)CC4)cn3n2)CC1,6.06
D3,CHEMBL401328,Oc1cccc(C2CNCCO2)c1,6.06
D3,CHEMBL1813587,O=C(O)C(=O)O.O=C1CCc2ccc(OCCCCN3CCC(n4c(=O)[nH]c5ccccc54)CC3)cc2N1,6.06
D3,CHEMBL1946255,Clc1ccc(N2CCCN(CCCc3nc4ccccc4s3)CC2)cc1,6.06
D3,CHEMBL2298811,c1ccc(C[n+]2cc[n+](-c3cccc4[nH]cnc34)cc2)cc1,6.06
D3,CHEMBL3234538,CCN1C(=O)c2ccccc2[S@+]([O-])c2ccc(C(=O)N[C@H](C)c3ccc(Br)cc3)cc21,6.06
D3,CHEMBL3978642,Cl.O=C1c2ccccc2CC1CCN1CCc2ccccc2C1,6.06
D3,CHEMBL4076527,Cn1c(SCCCN2CCC3(CC2)CCN(c2ccccn2)CC3)nnc1-c1ccccc1,6.06
D3,CHEMBL4520788,CNCc1ccccc1-c1csc([C@H](C)Nc2nc(C)nc3cc(OC)c(OC)cc23)c1,6.06
D3,CHEMBL413,CO[C@H]1C[C@@H]2CC[C@@H](C)[C@@](O)(O2)C(=O)C(=O)N2CCCC[C@H]2C(=O)O[C@H]([C@H](C)C[C@@H]2CC[C@@H](O)[C@H](OC)C2)CC(=O)[C@H](C)/C=C(\C)[C@@H](O)[C@@H](OC)C(=O)[C@H](C)C[C@H](C)/C=C/C=C/C=C/1C,6.06
D3,CHEMBL2107572,COc1cccc([C@@H](C)NCCCc2ccccc2Cl)c1.Cl,6.06
D3,CHEMBL71216,Clc1ccc(CN2CC=C(c3nc4cc(Cl)ccc4[nH]3)CC2)cc1,6.05
D3,CHEMBL485127,CCCN1CCO[C@H]2c3cc4c(cc3CC[C@@H]21)CNC4=O,6.05
D3,CHEMBL1672313,CN1CCc2cc(OCCF)cc3c2[C@H]1Cc1cccc(O)c1-3,6.05
D3,CHEMBL104,Clc1ccccc1C(c1ccccc1)(c1ccccc1)n1ccnc1,6.05
D3,CHEMBL1940411,Fc1ccc(OCCCN2CCN(c3ccc(Cl)cc3)CC2)cc1,6.05
D3,CHEMBL1221681,O=c1[nH]c2c(O)ccc([C@@H](O)CN[C@H]3CCC[C@@H]3OCc3ccccc3)c2s1,6.05
D3,CHEMBL1800685,O=C(O)c1cc(-c2ccc(C3CCNCC3)cc2)c2ccc(-c3ccc(C(F)(F)F)cc3)cc2c1,6.05
D3,CHEMBL5179459,Cc1nc(CN2CCC(OCc3cccc(C(F)(F)F)c3)CC2)c2ccccn12,6.05
D3,CHEMBL4743495,Cl.O=C(O)c1cc(-c2ccc(C3CCNCC3)cc2)c2ccc(-c3ccc(C(F)(F)F)cc3)cc2c1,6.05
D3,CHEMBL1493,Cc1c(-c2ccccc2)oc2c(C(=O)OCCN3CCCCC3)cccc2c1=O,6.05
D3,CHEMBL5402269,CCCOc1cc2c(cc1O)[C@@H]1Cc3c(Br)cc(O)c(OCCC)c3CN1CC2,6.05
D3,CHEMBL5429207,FC(F)(F)c1cccc(N2CCN(CCC3(c4ccccn4)CCOCC3)CC2)n1,6.05
D3,CHEMBL140258,N#Cc1ccc2cc(CN3CCN(c4ccccc4Cl)CC3)[nH]c2c1,6.04
D3,CHEMBL76355,Clc1ccc(-c2cc(C3CCN(Cc4ccccc4)C3)[nH]n2)cc1,6.04
D3,CHEMBL323557,CCCN(CCC)[C@@H]1CCn2cc(C)cc2C1,6.04
D3,CHEMBL1086754,Cc1c(C(=O)NCCCN2CCN(c3cccc(Cl)c3Cl)CC2)cc(-c2ccccc2)n1C,6.04
D3,CHEMBL4794406,Fc1ccc(CN2CCC(NCCSC(c3ccc(F)cc3)c3ccc(F)cc3)CC2)cc1,6.04
D3,CHEMBL5175548,Cn1ncc2cc(CN3CCC(OCc4cccc(C(F)(F)F)c4)CC3)ccc21,6.04
D3,CHEMBL279014,CCN(CC)CCNc1ccc(C)c2sc3ccccc3c(=O)c12,6.04
D3,CHEMBL360648,Cc1cc(C(=O)N2Cc3cnn(C)c3Nc3ccccc32)ccc1CNC(=O)N1CCC[C@H]1C(=S)N1CCCN(C)CC1,6.04
D3,CHEMBL92189,Cc1c(-c2ccc(F)cc2)nc(O)n1C1CCN(Cc2ccccc2)CC1,6.03
D3,CHEMBL125745,NCCc1cccc2c1ccn2S(=O)(=O)c1ccccc1,6.03
D3,CHEMBL606556,CN1CCC[C@@H]1Cc1c[nH]c2ccc(NS(=O)(=O)c3cccc(Cl)c3)cc12,6.03
D3,CHEMBL245570,CN1CCc2ccccc2Cc2[nH]c3ccc(O)cc3c2CC1,6.03
D3,CHEMBL405260,FCCOc1ccccc1N1CCN(Cc2cc3ccccn3n2)CC1,6.03
D3,CHEMBL272396,Brc1cccc(N2CCN(Cc3cc4ccccn4n3)CC2)n1,6.03
D3,CHEMBL1221452,CN1CCN(c2cccc(N(Cc3ccccc3)S(=O)(=O)c3ccc4ccccc4c3)c2)CC1,6.03
D3,CHEMBL1813585,COc1ccc(N2CCN(CCCCOc3ccc4c(c3)NC(=O)CC4)CC2)cc1.O=C(O)C(=O)O,6.03
D3,CHEMBL1928247,CCOCCOCc1ccc(N2CCN(CCCCNC(=O)c3ccccc3)CC2)c(OC)c1,6.03
D3,CHEMBL2393246,COc1cccc(Nc2nc(Cc3ccccc3)nc3c2CCNCC3)c1.Cl,6.03
D3,CHEMBL3622103,CCCN(CCN1CCN(Cc2cc3ccccc3[nH]2)CC1)Cc1ccc(Br)cc1,6.03
D3,CHEMBL3818940,OC1(c2ccc(Cl)cc2)CCN(CCCCc2nc3ccccc3o2)CC1,6.03
D3,CHEMBL4535474,CNCc1ccccc1-c1csc([C@@H](C)Nc2nc(C)nc3cc(OC)c(OC)cc23)c1,6.03
D3,CHEMBL2048623,Cc1cc(OC2CCS(=O)(=O)CC2)cc(C)c1-c1cccc(COc2ccc(CCC(=O)O)c(F)c2)c1,6.03
D3,CHEMBL5409939,CCCCCOc1c(O)ccc2c1CN1CCc3cc(OCCC)c(O)cc3[C@@H]1C2,6.03
D3,CHEMBL5407131,CCc1cc(Cl)c(OC)c(N2CCN(Cc3cn(CCC(C(=O)N(C)C)(c4ccccc4)c4ccccc4)nn3)CC2)c1,6.03
D3,CHEMBL91272,O=C(Nc1ccccn1)NC1CCN(Cc2ccccc2)CC1,6.02
D3,CHEMBL484204,CCCN(CCC)CCCCNC(=O)c1ccc(-c2ccccc2)cc1,6.02
D3,CHEMBL552268,COc1ccccc1N1CCN(Cc2cc3c(=O)[nH]c(N(C)C)nc3[nH]2)CC1,6.02
D3,CHEMBL3354074,O=C1CCc2ccccc2N1CCCN1CCC(CCCCCCCO)CC1,6.02
D3,CHEMBL4165863,O=C(OCc1ccccc1)N1CCc2ccc(N3CCN(C4CCCC4)CC3)cc2C1,6.02
D3,CHEMBL5182602,FC(F)(F)c1cccc(COC2CCN(Cc3ccc4[nH]cnc4c3)CC2)c1,6.02
D3,CHEMBL4758581,Cc1c(Nc2ccc(S(=O)(=O)N3CCN(C)CC3)cc2F)nc2ccc(Nc3cnn(C4CC4)c3)cn2c1=O,6.02
D3,CHEMBL1623,Cc1cccc(CN2CCN(C(c3ccccc3)c3ccc(Cl)cc3)CC2)c1,6.02
D3,CHEMBL93594,CCCN1CCC[C@@H](c2cccc(OS(C)(=O)=O)c2)C1,6.01
D3,CHEMBL106737,COc1ccccc1N1CCN(CC2CN=C3c4ccccc4NC(=O)N32)CC1,6.01
D3,CHEMBL91938,COc1ccc2c3c(c(=O)oc2c1)CN(Cc1ccc(C(F)(F)F)cc1)CC3,6.01
D3,CHEMBL116735,O=C(CCc1ccc(F)cc1)N1CCN(CCCC(c2ccc(F)cc2)c2ccc(F)cc2)CC1,6.01
D3,CHEMBL4548345,COc1ccc(OCCN2CCN(C(=O)c3cc4cccc(OC)c4[nH]3)CC2)cc1,6.01
D3,CHEMBL4857665,O=C1c2ccc(Cl)cc2CC1CCCCN1CCN(c2ccccn2)CC1,6.01
D3,CHEMBL5170670,Fc1ccc(COC2CCN(Cc3cc4ccc(Cl)cc4[nH]3)CC2)cc1F,6.01
D3,CHEMBL5409322,CN(C)C(=O)C(CCN1CCN(c2nsc3ccccc23)CC1)(c1ccccc1)c1ccccc1,6.01
D3,CHEMBL29410,COc1ccc(NS(=O)(=O)c2sc3ccc(Cl)cc3c2C)cc1N1CCN2CCCCC2C1,6.0
D3,CHEMBL134526,O=C(OC1(c2nccc3ccccc23)CCN(CCc2ccccc2)CC1)c1ccccc1,6.0
D3,CHEMBL1788231,CC1CCN(CC[C@H]2CCCCN2S(=O)(=O)c2cccc3ccccc23)CC1,6.0
D3,CHEMBL341574,CCCCN1C/C(=C\c2ccc(Br)cc2)C(=O)/C(=C/c2ccc(Br)cc2)C1,6.0
D3,CHEMBL333784,CC1CCN(CC[C@H]2CCCN2S(=O)(=O)c2ccc(Cl)c(Cl)c2)CC1,6.0
D3,CHEMBL109472,COc1c(C(=O)N[C@@H]2CCN(Cc3ccccc3)C2)cc(C#Cc2ccccc2)c2ccccc12,6.0
D3,CHEMBL313320,COc1ccc(Br)cc1C1=N[C@@H](CN2CCN(c3ccccc3)CC2)CO1,6.0
D3,CHEMBL352905,COc1c(Cl)cc(Cl)c(O)c1C(=O)NCCN1CCN(c2ccccc2)CC1,6.0
D3,CHEMBL414628,COc1ccc(S(=O)(=O)N2CCc3ccc(I)cc32)cc1N1CCNCC1,6.0
D3,CHEMBL188486,CN(C)CCN(Cc1ccc(-c2ccc(CNCCc3ccccc3)cc2)cc1)C(=O)/C=C/c1ccccc1.O=C(O)C(F)(F)F,6.0
D3,CHEMBL425190,Cc1ccc2c(OCCN3CCN(Cc4cccc5cccnc45)CC3)cccc2n1,6.0
D3,CHEMBL212160,COc1ccccc1N1CCN(Cc2cn3c(-n4cccn4)cccc3n2)CC1,6.0
D3,CHEMBL210341,Clc1ccc(N2CCN(Cc3cn4cc(Br)ccc4n3)CC2)cc1Cl,6.0
D3,CHEMBL238519,Cc1ccc2c(OCCN3CCC(Cc4ccc5c(c4F)NC(=O)CO5)CC3)cc(Cl)cc2n1,6.0
D3,CHEMBL481153,O=C(OCCN1CCCC1)N1c2ccccc2Sc2ccccc21,6.0
D3,CHEMBL519609,CCN(CC)CCCOC(=O)N1c2ccccc2Sc2ccccc21,6.0
D3,CHEMBL3889852,O=S(=O)(c1ccccc1)n1ccc2c3c(ccc21)[C@H]1CCNCC[C@@H]31,6.0
D3,CHEMBL3971039,CN[C@@H]1c2cc3c(ccn3S(=O)(=O)c3ccccc3)cc2[C@@H]1CCO,6.0
D3,CHEMBL3262809,COc1ccc(C(=O)N2CCN(CCOc3ccc(Cl)cc3)CC2)cc1,6.0
D3,CHEMBL4443381,Cc1ccc(OCCN2CCN(C(=O)c3cc4ccccc4[nH]3)CC2)cc1Cl,6.0
D3,CHEMBL4789472,O=C(CCCN1C2CCC1CN(c1ccc(Cl)cn1)C2)c1ccc(F)cc1,6.0
D3,CHEMBL5074765,O=C(O)c1cc(-c2ccc([C@@H]3C[C@@H]4C[C@H]3CN4)cc2)c2ccc(-c3ccc(C(F)(F)F)cc3)cc2c1,6.0
D3,CHEMBL2103873,CCCNS(=O)(=O)Nc1ncnc(OCCOc2ncc(Br)cn2)c1-c1ccc(Br)cc1,6.0
D3,CHEMBL500,CC(C)NCC(O)COc1cccc2[nH]ccc12,6.0
D3,CHEMBL5947187,CCc1ccc(OCCN2CCN(C(=O)c3ccc(Cl)cc3)CC2)cc1,6.0
D3,CHEMBL648,CN1CCN(C(c2ccccc2)c2ccccc2)CC1,5.99
D3,CHEMBL1946125,Fc1ccc(SCCCN2CCCN(c3ccc(Cl)cc3)CC2)cc1,5.99
D3,CHEMBL83894,O=S1(=O)c2cccc3cccc(c23)N1CCCN1CCN(c2ccc(F)cc2)CC1,5.99
D3,CHEMBL3342358,CNc1nc(NCc2ccc(NS(C)(=O)=O)cc2Cl)cc(-c2ccccn2)n1,5.99
D3,CHEMBL5893403,Cc1nc(N2CCN(CCCCNC(=O)N3CCc4[nH]c5ccc(C(F)(F)F)cc5c4C3)CC2)cc(C(C)(C)C)n1,5.99
D3,CHEMBL141537,Fc1cccc2c1CC[C@@H](NCc1ccccc1)C2,5.98
D3,CHEMBL64696,COc1ccc(Br)cc1-c1nc(CN2CCN(Cc3ccccc3)CC2)co1,5.98
D3,CHEMBL477446,O=C1c2ccccc2CCCN1CCCN1CCN(c2cccc(C(F)(F)F)c2)CC1,5.98
D3,CHEMBL1221,Clc1ccc(CSC(Cn2ccnc2)c2ccc(Cl)cc2Cl)cc1,5.98
D3,CHEMBL1946257,O=C(CCCCN1CCCN(c2ccc(Cl)cc2)CC1)c1nc2ccccc2s1,5.98
D3,CHEMBL2432051,COc1cc(CN[C@H]2C3C4CC5C6C4CC3C6C52)cc(OC)c1OC,5.98
D3,CHEMBL1263,OCc1cc(C(O)CNCCCCCCOCCCCc2ccccc2)ccc1O,5.98
D3,CHEMBL1095777,CCc1cc2c(cc1CC)CC(NC[C@H](O)c1ccc(O)c3[nH]c(=O)ccc13)C2,5.98
D3,CHEMBL4087513,N#Cc1ccc2c(c1)CCN(C[C@@H]1C[C@H]1CNC(=O)c1ccnc3ccccc13)C2,5.98
D3,CHEMBL415087,Clc1ccc(C(OCCN2CCCCC2)c2ccccc2)cc1,5.98
D3,CHEMBL5425375,CCCCOc1c(O)ccc2c1CN1CCc3cc(OCCC)c(O)cc3[C@@H]1C2,5.98
D3,CHEMBL1086756,CCCn1c(-c2ccccc2)cc(C(=O)NCCCN2CCN(c3cccc(Cl)c3Cl)CC2)c1C,5.97
D3,CHEMBL3959919,COc1cc2c(cc1OC)CN(CCCCc1nc3cc(Cl)ccc3s1)CC2.Cl,5.97
D3,CHEMBL5090215,CN(C)C(=O)C(CCNCCCCN1CCc2ccc(C#N)cc2C1)(c1ccccc1)c1ccccc1,5.97
D3,CHEMBL5171721,O=C(O)C(=O)O.O=C1CCc2ccccc2N1CCN1CCN(c2ccccc2)CC1,5.97
D3,CHEMBL64671,COc1cccc(-c2cccc(CN3CCN(c4ncccn4)CC3)c2)c1,5.96
D3,CHEMBL316125,Cc1c(-c2ccccc2)nc(O)n1C1CCN(CC2CCCCC2)CC1,5.96
D3,CHEMBL353090,COc1ccc(Br)cc1C(=O)NC[C@@H]1CCN(Cc2ccccc2)C1,5.96
D3,CHEMBL7442,Clc1ccc(N2CCN(Cc3cnn4c3CCCC4)CC2)cc1,5.96
D3,CHEMBL80722,Cc1c(-c2ccc(Cl)cc2)nc(N)nc1C1CCN(CCc2ccccc2)CC1,5.96
D3,CHEMBL77743,c1ccc(CCN2CCC(c3cc(-c4cccs4)[nH]n3)CC2)cc1,5.96
D3,CHEMBL156896,c1c[nH]c2nc(CN3CCc4ccccc4C3)cc-2c1,5.96
D3,CHEMBL256492,COc1cc(CN2CCN(c3ccccc3OC)CC2)ccc1OCCF,5.96
D3,CHEMBL255163,FCCOc1cccc(CN2CCN(c3ccc(Cl)cc3)CC2)c1,5.96
D3,CHEMBL272073,FCCOc1ccc(CN2CCN(c3ccc(Cl)cc3)CC2)cc1,5.96
D3,CHEMBL476642,COc1ccc(N2CCN(CCCN3CCCc4ccccc4C3=O)CC2)cc1,5.96
D3,CHEMBL91,Clc1ccc(COC(Cn2ccnc2)c2ccc(Cl)cc2Cl)c(Cl)c1,5.96
D3,CHEMBL2180637,CCCCCN(CCc1ccccc1)CCc1cccc(O)c1,5.96
D3,CHEMBL3220219,O=C1CC(CN2CCC(c3c[nH]c4cc(F)ccc34)CC2)Cc2nc(N3CCCC3)sc21,5.96
D3,CHEMBL3323655,O=c1[nH]c2c(O)ccc([C@@H](O)CN[C@@H]3CCC[C@@H]3C3CCCCC3)c2s1,5.96
D3,CHEMBL4062165,CCCCN1CCc2cc(C#N)ccc2C1,5.96
D3,CHEMBL4587645,O=C(NCCCN1CCN(c2ccc(Cl)cc2)CC1)NN(Cc1ccccc1)c1ccccc1,5.96
D3,CHEMBL4473583,Cn1c(SCCCN2CCCCC2)nnc1-c1ccccc1,5.96
D3,CHEMBL4536197,CNC(=O)Nc1ccc2c(c1)[C@@]1(CC2)OC(=O)N(CC(=O)N(Cc2ccc(F)cc2)[C@@H](C)C(F)(F)F)C1=O,5.96
D3,CHEMBL5279691,Cc1cc(C(F)(F)F)nc(Nc2ccccc2-c2nnn[nH]2)n1,5.96
D3,CHEMBL669,CN(C)CCC=C1c2ccccc2C=Cc2ccccc21,5.96
D3,CHEMBL5417643,COc1ccc([C@@H]2C[C@H]2NCCC(C(=O)N(C)C)(c2ccccc2)c2ccccc2)cc1,5.96
D3,CHEMBL2386353,N#CCc1ccccc1C#Cc1ccc(CCC(=O)O)c(F)c1,5.96
D3,CHEMBL328448,CCCN1CCC[C@@H](c2ccc(OS(=O)(=O)C(F)(F)F)cc2)C1,5.95
D3,CHEMBL396561,COc1ccc2c(c1)CCN(C)CCc1c([nH]c3ccccc13)C2,5.95
D3,CHEMBL426559,CS(=O)(=O)c1cc(F)cc2c3c(n(Cc4ccc(Cl)cc4)c12)[C@@H](CC(=O)O)CC3,5.95
D3,CHEMBL3086703,Cc1cc([C@@H](C)Nc2cccc(-c3cc(C)c(C(=O)N[C@@H](C)C(=O)O)c(C)c3)c2)ccc1Cl,5.95
D3,CHEMBL197762,COc1ccc2onc(N3CCN(CCCCNC(=O)c4cccc(-c5ncccn5)c4)CC3)c2c1,5.94
D3,CHEMBL2180641,CCCCCCN(CCc1ccccc1)CCc1cccc(O)c1,5.94
D3,CHEMBL2180640,CCCCN(CCc1ccccc1)CCc1cccc(O)c1,5.94
D3,CHEMBL3234237,Fc1ccc(CN2CCC(Nc3ccc(C(F)(F)F)nn3)CC2)cc1F,5.94
D3,CHEMBL3323654,O=c1[nH]c2c(O)ccc([C@@H](O)CN[C@H]3CCC[C@@H]3C3CCCC3)c2s1,5.94
D3,CHEMBL3609164,CC(C)c1ccc(Nc2nc(N3CCN(CCO)CC3)nc3ccccc23)cc1,5.94
D3,CHEMBL4589785,C[C@H]1CO[C@@H](c2ccc(N)nc2)CN1C/C=C/COc1ccc2c(c1)NC(=O)CC2,5.94
D3,CHEMBL4472434,Cn1c(SCCCN2CCC3(CCNCC3)CC2)nnc1-c1ccccc1,5.94
D3,CHEMBL210514,COc1nc(NCCCN2CCOCC2)nc(OC)c1NC(=O)c1ccc(Oc2cc3c(cc2C)CCC3(C)C)o1,5.93
D3,CHEMBL1222364,CCN(c1cccc(N2CCN(C)CC2)c1)S(=O)(=O)c1ccc2ccccc2c1,5.93
D3,CHEMBL270299,CC(C)(C)c1ccc(S(=O)(=O)/C=C/C#N)cc1,5.93
D3,CHEMBL1625607,CN1CCc2c(c3ccccc3n2Cc2ccccc2)C1,5.93
D3,CHEMBL5407845,CCC1(CC)CC(OCCCNCc2cccc(Cl)c2Cl)(c2ccccn2)CCO1,5.93
D3,CHEMBL64668,COc1ccc(Br)cc1-c1nc(CN(C)C[C@@H]2CCN(Cc3ccccc3)C2)co1,5.92
D3,CHEMBL64325,COc1ccc(Br)cc1-c1nc(CN2CCN(c3ccccc3)CC2)cs1,5.92
D3,CHEMBL91553,Cc1c(-c2ccccn2)nc(O)n1C1CCN(Cc2ccccc2)CC1,5.92
D3,CHEMBL61079,Cc1c(C2CCN(CCc3ccccc3)CC2)n[nH]c1-c1ccc(Cl)cc1,5.92
D3,CHEMBL82527,c1ccc(C2=N[C@@H](CN3CCN(c4ccccc4)CC3)CS2)cc1,5.92
D3,CHEMBL82564,CCN(CC)CCCOc1ccc(-c2nc3ccccc3n2C/C=C/Cn2c(C)nc3ccccc32)cc1,5.92
D3,CHEMBL77744,c1ccc(CCN2CCC(c3cc(C4CCCCC4)n[nH]3)CC2)cc1,5.92
D3,CHEMBL310985,c1ccc(CCN2CCN(c3cc(-c4ccccc4)[nH]n3)CC2)cc1,5.92
D3,CHEMBL420997,Cn1cnc(-c2ccc3c(c2)c(C2CCN(CCC#N)CC2)cn3-c2ccc(F)cc2)n1,5.92
D3,CHEMBL319352,Cn1nnc(-c2ccc3c(c2)c(C2CCN(CCN4CCNC4=O)CC2)cn3-c2ccc(F)cc2)n1,5.92
D3,CHEMBL8412,O=C1c2ccccc2S(=O)(=O)N1CCCCN1CCN(c2ncccn2)CC1,5.92
D3,CHEMBL211026,c1ccc(N2CCN(Cc3cn(-c4ccccc4)nn3)CC2)cc1,5.92
D3,CHEMBL239917,O=C1Cc2ccccc2N1CCCCN1CCN(c2ccc(Cl)cc2)CC1,5.92
D3,CHEMBL3084511,COc1ccc2[nH]cc(CN3[C@@H]4CC[C@H]3C[C@](O)(c3ccc(SC)cc3)C4)c2c1,5.92
D3,CHEMBL1222234,CC(C)N(c1cccc(N2CCN(C)CC2)c1)S(=O)(=O)c1cccc2ccccc12,5.92
D3,CHEMBL4059573,O=C(NCCCCN1CCN(c2ccccc2C(F)(F)F)CC1)Oc1ccc(-c2ccccc2)cc1,5.92
D3,CHEMBL4447227,CCCN1CCO[C@@H]2c3cc(OCCCCN4C(=O)c5ccccc5C4=O)ccc3OC[C@H]21,5.92
D3,CHEMBL305187,CC(C(O)c1ccc(O)cc1)N1CCC(Cc2ccccc2)CC1,5.92
D3,CHEMBL623,CCc1nn(CCCN2CCN(c3cccc(Cl)c3)CC2)c(=O)n1CCOc1ccccc1,5.92
D3,CHEMBL273083,CSc1ccc(C(=O)N[C@@H]2CCCC[C@@H]2NC(=O)CNC(=O)c2cc(C(F)(F)F)ccc2NC(=O)NC(C)C)cc1,5.92
D3,CHEMBL63354,O=c1cc(-c2ccc(O)c(-c3c(O)cc(O)c4c(=O)cc(-c5ccc(O)cc5)oc34)c2)oc2cc(O)cc(O)c12,5.91
D3,CHEMBL319355,CS(=O)(=O)Oc1cccc2c1CC[C@@H]1[C@@H]2CCCN1CCCCNC(=O)c1ccc(-c2ccccc2)cc1,5.9
D3,CHEMBL138570,CCCN(CCC)CCC(O)c1cc2c(c3ccccc13)CCCC2,5.9
D3,CHEMBL94984,CC1CCN(CC[C@H]2CCCN2S(=O)(=O)c2cccc3ccccc23)CC1,5.9
D3,CHEMBL12624,Cc1cccc(S(=O)(=O)N2CCC[C@@H]2CCN2CCC(C)CC2)c1,5.9
D3,CHEMBL238732,Cc1ccc2c(OCCN3CCC(Cc4cc(F)c5c(c4)NC(=O)CO5)CC3)cc(Cl)cc2n1,5.9
D3,CHEMBL621,O=c1n(CCCN2CCN(c3cccc(Cl)c3)CC2)nc2ccccn12,5.9
D3,CHEMBL3929918,CNCC1Cc2ccc3c(ccn3S(=O)(=O)c3ccccc3)c21,5.9
D3,CHEMBL3966484,CN[C@H]1c2c(ccc3c2ccn3S(=O)(=O)c2ccccc2)[C@@H]1CCO,5.9
D3,CHEMBL3979230,CN[C@H]1c2ccc3c(ccn3S(=O)(=O)c3ccccc3)c2[C@@H]1CCO,5.9
D3,CHEMBL3959964,CN[C@H]1c2cc3ccn(S(=O)(=O)c4ccccc4)c3cc2[C@H]1CCO,5.9
D3,CHEMBL3944687,CN(C)[C@@H]1c2cc3ccn(S(=O)(=O)c4ccccc4)c3cc2[C@H]1CCO,5.9
D3,CHEMBL4473652,Cc1cccc(NC(=O)CN2CCN(c3cccc4ccccc34)CC2)c1,5.9
D3,CHEMBL4876799,CCCCCCNC(=O)/N=C(\N)NC1CCc2nc(N)sc2C1,5.9
D3,CHEMBL5176100,O=C(O)C(=O)O.O=C1CCc2ccccc2N1CCCN1CCN(c2cccc([N+](=O)[O-])c2)CC1,5.9
D3,CHEMBL5170784,COc1ccc(C2NCCc3c2[nH]c2ccc(Cl)cc32)c(O)c1,5.9
D3,CHEMBL64566,COc1ccc(Br)cc1-c1nc(CNC[C@@H]2CCN(Cc3ccccc3)C2)c[nH]1,5.89
D3,CHEMBL24170,c1ccc(CN2CCC(n3cc(-c4ccccc4)nn3)CC2)cc1,5.89
D3,CHEMBL129159,O[C@H](CCCN1CCC(O)(c2ccc(Cl)cc2)CC1)c1ccc(F)cc1,5.89
D3,CHEMBL80207,CC1(c2cc(-c3ccc(Cl)cc3)[nH]n2)CCN(Cc2ccccc2)CC1,5.89
D3,CHEMBL330100,COc1ccc2c3c(c(=O)oc2c1OC)CN(Cc1ccccc1)CC3,5.89
D3,CHEMBL312255,Clc1ccc(-c2cc(C3CCN(Cc4ccccc4Cl)CC3)[nH]n2)cc1,5.89
D3,CHEMBL155207,c1ccc(CCC2CCN(Cc3c[nH]c4ncccc34)CC2)cc1,5.89
D3,CHEMBL426834,COc1ccc2onc(N3CCN(CCCCNC(=O)c4cccc(-c5noc(C)n5)c4)CC3)c2c1,5.89
D3,CHEMBL563078,Cc1cc2nc(C)c(CN3CCN(c4ccc(Cl)c(Cl)c4)CC3)n2c(C)n1,5.89
D3,CHEMBL1642116,CN1CCN(c2ccc3c(c2)N(S(=O)(=O)c2ccc4ccccc4c2)CCC3=O)CC1,5.89
D3,CHEMBL2062849,CCN(CC)[C@H]1[C@H](CO)[C@@H]2CN(Cc3ccccc3)[C@@H](c3ccccc3)[C@@H]21,5.89
D3,CHEMBL3622094,CCCN(CCN1CCN(Cc2cc3ccccc3[nH]2)CC1)c1ccc(OC)cc1,5.89
D3,CHEMBL4572646,O=C(NCCCN1CCN(c2ccc(I)cc2)CC1)NN(Cc1ccccc1)c1ccccc1,5.89
D3,CHEMBL4518079,O=C(c1cc2ccccc2[nH]1)N1CCN(CCOc2ccc([N+](=O)[O-])cc2)CC1,5.89
D3,CHEMBL4872375,CCCCCCNC(=O)/N=C(\N)Nc1cccc(-c2csc(N)n2)c1,5.89
D3,CHEMBL5077114,CCOC(=O)/C=C1\[C@@H]2CCC[C@@]1(c1cccc(O)c1)CCN2C[C@H]1C[C@@H]1CCNC(=O)c1cc2ccccc2[nH]1,5.89
D3,CHEMBL114655,CC(CCc1ccccc1)NC(C)C(O)c1ccc(O)cc1,5.89
D3,CHEMBL338667,O=C(Nc1ccccc1)OCC(CN1CCCCC1)OC(=O)Nc1ccccc1,5.89
D3,CHEMBL311730,CCCN1CCC[C@@H](c2cccc(S(C)(=O)=O)c2)C1,5.88
D3,CHEMBL398480,C=CCN1CCOC(c2cccc(O)c2)C1,5.88
D3,CHEMBL551964,Cc1ccc2c3c(ccc2n1)OC[C@H](CN1CCN(c2ccc4cc(C#N)ccc4n2)CC1)O3,5.88
D3,CHEMBL4085780,O=C1CCc2ccccc2N1CCCN1CCN(c2ccccc2)CC1,5.88
D3,CHEMBL4460452,CCCN1CCO[C@@H]2c3cc(OCCCCNC(=O)c4nc5ccccc5s4)ccc3OC[C@H]21,5.88
D3,CHEMBL5437265,Cc1ccnc(N2CCN(CCCc3nc4ccccc4s3)CC2)c1,5.88
D3,CHEMBL5639676,C=CCN1C[C@@H](OCCCN)C[C@H]1CNC(=O)c1cc(CCCF)cc(OC)c1OC,5.88
D3,CHEMBL231171,COc1ccc2c(c1)CCCN(C)CCCc1ccccc1C2,5.87
D3,CHEMBL55,N=C(N)c1ccc(OCCCCCOc2ccc(C(=N)N)cc2)cc1,5.87
D3,CHEMBL3220215,Cc1nc2c(o1)CC(CN1CCC(c3c[nH]c4cc(F)ccc34)CC1)CC2=O,5.87
D3,CHEMBL3289383,[O-][S+](CCCN1CCN(c2ccc(Cl)cc2)CC1)c1ccc(F)cc1,5.87
D3,CHEMBL4077430,CN[C@@H]1Cc2cccc3c2n(c(=O)n3CCCCOc2ccc3c(c2)NC(=O)CC3)C1,5.87
D3,CHEMBL5077104,N#CC(CCNCCCCC(=O)N1CCN(c2cccc(Cl)c2Cl)CC1)(c1ccccc1)c1ccccc1,5.87
D3,CHEMBL1194287,CN(C)CCN(Cc1ccc(Cl)cc1)c1ccccn1,5.87
D3,CHEMBL442214,CCN(CC)CCCN(C)Cc1c(-c2ccccc2)oc(-c2ccccc2)c1Cl,5.86
D3,CHEMBL335971,CCCN[C@@H]1CCc2ccc(OC)cc2C1,5.86
D3,CHEMBL184050,CN1CCOc2cc(O)ccc2Cc2ccccc2CC1,5.86
D3,CHEMBL3780975,COc1cc2c(cc1O)C(C)N(Cc1cccc(O)c1OC)CC2,5.86
D3,CHEMBL487182,COc1cc2c(cc1OC)[C@@H]1Cc3ccc(OC)c(OC)c3CN1CC2,5.86
D3,CHEMBL5280797,C[C@H]1CO[C@@H](c2ccc(N)nc2)CN1CC(=O)N1CCC(CNC(=O)c2cc3ccccc3[nH]2)C1,5.86
D3,CHEMBL93946,CCCN1CCC[C@@H](c2cccc(OCC(F)(F)F)c2)C1,5.85
D3,CHEMBL67982,Clc1ccccc1CN1CC=C(c2nc3ccccc3s2)CC1,5.85
D3,CHEMBL25938,c1ccc(CN2CCC(c3cc(-c4ccccc4)[nH]n3)CC2)cc1,5.85
D3,CHEMBL24539,c1ccc(CN2CCC(n3nnc(-c4ccccc4)n3)CC2)cc1,5.85
D3,CHEMBL343517,Cc1ccc2c(c1)Sc1c(ccc3ccccc13)N2CCCN(C)C,5.85
D3,CHEMBL332677,CCCN(CCC)C1COc2c(ccc3sc(N)nc23)C1,5.85
D3,CHEMBL98071,CCCN(CCC)[C@@H]1CCn2cc(CO)cc2C1,5.85
D3,CHEMBL97242,Cn1nnc(-c2ccc3c(c2)c(C2CCN(CCN4CCOC4=O)CC2)cn3-c2ccc(F)cc2)n1,5.85
D3,CHEMBL378515,COc1ccccc1N1CCN(Cc2cn3nc(Cl)ccc3n2)CC1,5.85
D3,CHEMBL1221449,CN1CCN(c2cccc(N(CC3CC3)S(=O)(=O)c3ccc4ccccc4c3)c2)CC1,5.85
D3,CHEMBL4439728,O=C(NCCCN1CCN(c2ccc(Br)cc2)CC1)NN(Cc1ccc(F)cc1)c1ccccc1,5.85
D3,CHEMBL279229,COc1ccccc1N1CCN(CCCNc2cc(=O)n(C)c(=O)n2C)CC1,5.85
D3,CHEMBL1672558,O=C(O)C1CN(Cc2ccc(-c3nc4cc(Cc5ccccc5F)ccc4s3)c(F)c2)C1,5.85
D3,CHEMBL108637,O=C(NCCCN1CCN(c2ccccc2)CC1)c1ccc2c(c1)Cc1ccccc1-2,5.84
D3,CHEMBL48819,COc1ccccc1N1CCN(CNC(=O)c2cccc(Cl)c2)CC1,5.84
D3,CHEMBL342630,CC(C)N[C@@H]1CCc2c(F)cccc2C1,5.84
D3,CHEMBL97750,CCCN(CCC)[C@@H]1CCn2ccc(C)c2C1,5.84
D3,CHEMBL199480,COc1ccc2onc(N3CCN(CCCCNC(=O)c4cccc(N5CCOCC5)c4)CC3)c2c1,5.84
D3,CHEMBL290106,Oc1c(Cl)cc(Cl)cc1Sc1cc(Cl)cc(Cl)c1O,5.84
D3,CHEMBL3609168,OCCN1CCN(c2nc(NCc3ccccc3)c3ccccc3n2)CC1,5.84
D3,CHEMBL93101,CCCN1CCC[C@@H](c2cccc(CO)c2)C1,5.83
D3,CHEMBL2323582,CC1=CC(C)=[N+]2C1=C(c1ccc(OCCCN3CCCCC3)cc1)c1c(C)cc(C)n1[B-]2(F)F,5.83
D3,CHEMBL3104092,CN1CCc2c(c3cccc4c3n2Cc2ccccc2C4)C1,5.83
D3,CHEMBL3289655,Clc1ccc(N2CCCN(CCCc3cc4ccccc4o3)CC2)cc1,5.83
D3,CHEMBL4104272,c1ccc(OCC2CN(Cc3c[nH]c4ccccc34)CCO2)cc1,5.83
D3,CHEMBL4442548,CCc1cccc(NC(=O)CN2CCN(c3ccccn3)CC2)c1,5.83
D3,CHEMBL4636778,CC(O)CN1[C@H](C)CN(CCSC(c2ccc(F)cc2)c2ccc(F)cc2)C[C@@H]1C,5.83
D3,CHEMBL4871850,O=C1c2ccc(F)cc2CC1CCN1CCN(c2ccccn2)CC1,5.83
D3,CHEMBL5270832,CN1CCN(C(=O)CCCN2CCN(c3cccc(Cl)c3Cl)CC2)C(C(=O)NC2CCCCC2)C1,5.83
D3,CHEMBL1476605,CC(C)(C)CC(C)(C)c1ccc(O)c(Cc2ccc(Cl)cc2Cl)c1,5.83
D3,CHEMBL99967,c1ccc(-c2nc(CN3CCN(c4ccccn4)CC3)c[nH]2)cc1,5.82
D3,CHEMBL209034,Clc1ccc2nc(CN3CCN(c4ccc(Cl)c(Cl)c4)CC3)cn2n1,5.82
D3,CHEMBL477435,O=C1c2ccccc2CCN1CCCCN1CCN(c2ncccn2)CC1,5.82
D3,CHEMBL460644,c1cnc(N2CCN(Cc3c[nH]c4ncccc34)CC2)nc1,5.82
D3,CHEMBL563109,COc1ccccc1N1CCN(Cc2cnc3cc(C)nc(C)n23)CC1,5.82
D3,CHEMBL1642118,CC1CC(=O)c2ccc(N3CCN(C)CC3)cc2N1S(=O)(=O)c1ccc2ccccc2c1,5.82
D3,CHEMBL2062861,OC[C@@H]1[C@@H]2CN(Cc3ccccc3)[C@@H](c3ccccc3)[C@@H]2[C@H]1N1CCCCC1,5.82
D3,CHEMBL27162,N#Cc1ccc2c(c1)CNCC2,5.82
D3,CHEMBL4476278,O=C(NCCCN1CCN(c2ccc(Br)cc2)CC1)NN(Cc1ccccc1)c1ccccc1,5.82
D3,CHEMBL4586223,C[C@H]1CO[C@H](c2ccc(N)nc2)CN1,5.82
D3,CHEMBL126224,CN(C)CCCn1c2c(c3ccccc31)CCCCCC2,5.82
D3,CHEMBL1201284,C[C@@H](NCCCc1cccc(C(F)(F)F)c1)c1cccc2ccccc12,5.82
D3,CHEMBL363608,CCCN(CCC)[C@@H]1CCn2c(ccc2C(=O)c2ccccc2)C1,5.81
D3,CHEMBL565552,CN(C)CCn1cc(S(=O)(=O)c2cccc3ccccc23)c2cccnc21,5.81
D3,CHEMBL1813586,O=C(O)C(=O)O.O=C1CCc2ccc(OCCCCN3CCC(O)(c4ccc(Cl)cc4)CC3)cc2N1,5.81
D3,CHEMBL4098720,CCCC1CCN(CCCN2C(=O)CCc3ccccc32)CC1,5.81
D3,CHEMBL5091656,CCc1cc(Cl)c(OC)c(C(=O)NC[C@@H]2CCCN2CCC(C#N)(c2ccccc2)c2ccccc2)c1O,5.81
D3,CHEMBL5191408,COc1cccc(N2CCN(CCCN3C(=O)CCc4ccccc43)CC2)c1.O=C(O)C(=O)O,5.81
D3,CHEMBL1182210,CC(C)(C)CC(C)(C)c1ccc(OCCOCC[N+](C)(C)Cc2ccccc2)cc1,5.81
D3,CHEMBL5400983,Clc1ccc2sc(CCCN3CCN(c4ccccn4)CC3)nc2c1,5.81
D3,CHEMBL133969,CCCN(CCC)C1CCc2cc(CCc3ccc(S(C)(=O)=O)cc3)ccc2C1,5.8
D3,CHEMBL305481,Clc1ccc(CN2CC=C(c3nc4ccccc4[nH]3)CC2)cc1,5.8
D3,CHEMBL69356,Clc1ccc2oc(C3=CCN(Cc4ccccc4)CC3)nc2c1,5.8
D3,CHEMBL164950,CCCN(CCC)C1CCC(=C(C#N)C#N)CC1,5.8
D3,CHEMBL316584,Oc1ccc2c(c1)C1OCCN(CCc3ccccc3)C1CC2,5.8
D3,CHEMBL368061,O=C(NCCN1CCN(C2CCCc3ccccc32)CC1)c1ccc(F)cc1,5.8
D3,CHEMBL273860,c1ccc(N2CCN(Cc3cnn4ccccc34)CC2)cc1,5.8
D3,CHEMBL168691,CCc1cc(Cl)c(O)c(C(=O)NCCN2CCN(c3ccccc3)CC2)c1OC,5.8
D3,CHEMBL2021524,CCCN[C@H]1CCc2cccc(CS(=O)(=O)C(F)(F)F)c2C1.Cl,5.8
D3,CHEMBL184049,COc1ccc2c(c1)OCCN(C)CCc1ccccc1C2,5.8
D3,CHEMBL187928,O=C(/C=C/c1ccccc1)N(Cc1ccc(-c2ccc(CNCCc3ccccc3)cc2)cc1)Cc1cccnc1.O=C(O)C(F)(F)F,5.8
D3,CHEMBL476277,COc1ccccc1N1CCN(CCCN2CCc3ccccc3C2=O)CC1,5.8
D3,CHEMBL608103,Cn1c(CN2CCC(c3cccc(Cl)c3)CC2)nc2ccccc21,5.8
D3,CHEMBL593056,Cn1c(CN2CCC(c3ncc(C(F)(F)F)cc3Cl)CC2)nc2ccccc21,5.8
D3,CHEMBL1172208,O=C(O)C(=O)O.OC1(c2ccc(I)cc2)CCN(Cc2c[nH]c3ncccc23)CC1,5.8
D3,CHEMBL1714574,CC(C)N1CCN(c2ccc(OCC3COC(Cn4cncn4)(c4ccc(Cl)cc4Cl)O3)cc2)CC1,5.8
D3,CHEMBL3979187,CC1(C)CC(=O)N(CCCCN2CCc3ccccc3C2)C(=O)C1.Cl,5.8
D3,CHEMBL4216870,NCCCCCCn1cc(CCCCN2CCC(c3ccc(-c4cc(C(=O)O)cc5cc(-c6ccc(C(F)(F)F)cc6)ccc45)cc3)CC2)nn1,5.8
D3,CHEMBL4568693,CCCN1CCO[C@@H]2c3cc(OCCCCOc4ccc5c(c4)NC(=O)CC5)ccc3OC[C@H]21,5.8
D3,CHEMBL1406529,Cc1cccc2cc(CNCc3ccccc3)c(Cl)nc12,5.8
D3,CHEMBL4435184,CCc1ccc(OCCN2CCN(C(=O)c3cc4ccccc4[nH]3)CC2)cc1,5.8
D3,CHEMBL5075726,CCOC(=O)/C=C1\[C@@H]2CCC[C@@]1(c1cccc(O)c1)CCN2CCN1CCN(c2cccc(Cl)c2Cl)CC1,5.8
D3,CHEMBL1372341,O=C(O)c1cc(O)c2c3nc4ccccc4oc-3cc(=O)c2n1,5.8
D3,CHEMBL808,Clc1ccc(COC(Cn2ccnc2)c2ccc(Cl)cc2Cl)cc1,5.79
D3,CHEMBL1256786,COc1ccc(CC(C)NCC(O)c2ccc(O)c(NC=O)c2)cc1,5.79
D3,CHEMBL5084145,CN(C)C(=O)C(CCN1CCc2ccc(C#N)cc2C1)(c1ccccc1)c1ccccc1,5.79
D3,CHEMBL21283,CC(=O)N1CCc2ccc(N(C(=O)/C=C/c3cccc(C#N)c3)C3CCN(CCC4CCCC4)CC3)cc21,5.79
D3,CHEMBL331077,CN(C)CC1CC2c3ccccc3Cc3ccncc3N2O1,5.78
D3,CHEMBL2420769,c1ccc(N2CCN(Cc3cccs3)CC2)cc1,5.78
D3,CHEMBL4538021,O=S(=O)(c1ccccc1)N1CCc2cc(C3CCN(C4CCC4)CC3)ccc21,5.78
D3,CHEMBL2106996,CC(C)N1CCOC(c2cccc(C(F)(F)F)c2)C1,5.78
D3,CHEMBL3289656,c1cnc(N2CCN(CCCc3nc4ccccc4s3)CC2)nc1,5.78
D3,CHEMBL341225,Cc1ccc(OCCNCCCOc2ccc(Br)cc2)cc1,5.77
D3,CHEMBL141035,N#Cc1ccc2[nH]c(CN3CCN(c4ccccc4Cl)CC3)cc2c1,5.77
D3,CHEMBL140099,N#Cc1ccc2[nH]c(CN3CCN(c4ccccc4)CC3)cc2c1,5.77
D3,CHEMBL64752,COc1ccc(Br)cc1-c1nc(CN[C@@H]2CCN(Cc3ccccc3)C2)co1,5.77
D3,CHEMBL273921,O=C1c2ccccc2CCCN1CCN1CCC(n2c(O)nc3cc(F)ccc32)CC1,5.77
D3,CHEMBL378680,Clc1ccc(N2CCN(Cc3cn4ccccc4n3)CC2)cc1Cl,5.77
D3,CHEMBL2443010,COc1ccccc1N1CCN(Cc2cn(CCOCCF)nn2)CC1,5.77
D3,CHEMBL3318852,O=C(CCC(=O)N1CCC(O)(c2ccc(Cl)cc2)CC1)c1ccc(F)cc1,5.77
D3,CHEMBL3800400,COc1cc(CCNC[C@H](O)c2ccc(O)c3[nH]c(=O)ccc23)ccc1OCCCc1ccccc1,5.77
D3,CHEMBL448891,COc1cc2c(cc1OC)[C@@H]1Cc3ccc(O)c(OC)c3CN1CC2,5.77
D3,CHEMBL4064191,O=c1ccc2c(N3CCNCC3)ccc(O)c2[nH]1,5.77
D3,CHEMBL4856060,CC(C)(C)OC(=O)NCC#Cc1ccc2c(c1)C=C([N+](=O)[O-])C(C(F)(F)F)O2,5.77
D3,CHEMBL5171439,Cc1ccc(N2CCN(CCCN3C(=O)CCc4ccccc43)CC2)cc1.O=C(O)C(=O)O,5.77
D3,CHEMBL72,CNCCCN1c2ccccc2CCc2ccccc21,5.77
D3,CHEMBL2110816,CC(CC1c2ccccc2CCc2ccccc21)CN(C)C,5.77
D3,CHEMBL5080654,CCOC(=O)/C=C1\[C@@H]2CCC[C@@]1(c1cccc(O)c1)CCN2CCc1ccccc1,5.76
D3,CHEMBL90662,CN1CCC[C@@H](c2cccc(C#N)c2)C1,5.75
D3,CHEMBL71209,Clc1ccc2sc(C3=CCN(Cc4ccccc4)CC3)nc2c1,5.75
D3,CHEMBL165171,CCCN(CCC)C1CCC(=C(C#Cc2ccccc2)C#Cc2ccccc2)CC1,5.75
D3,CHEMBL56118,N#Cc1c[nH]c(CN2CCN(c3ccccc3)CC2)c1,5.75
D3,CHEMBL80863,Clc1ccc(-c2cc(C3CCCCN3Cc3ccccc3)[nH]n2)cc1,5.75
D3,CHEMBL97436,CCCN(CCC)[C@@H]1CCn2c(C=O)ccc2C1,5.75
D3,CHEMBL150129,COc1ccc(N2CCN(Cc3ccc4c(c3)OCC(=O)N4)CC2)cc1,5.75
D3,CHEMBL238718,O=c1c2ccccc2ncn1CCCCN1CCN(c2ccc(Cl)cc2)CC1,5.75
D3,CHEMBL141343,Cc1c(C)c2c(c(C)c1O)CCC(C)(CN1CCN(c3cc(N4CCCC4)nc(N4CCCC4)n3)CC1)O2,5.75
D3,CHEMBL2062853,CCN(CC)[C@H]1[C@H](CO)[C@@H]2CN(Cc3ccccc3)[C@@H](C)[C@@H]21,5.75
D3,CHEMBL3622101,Brc1ccc(CNCCN2CCN(Cc3cc4ccccc4[nH]3)CC2)cc1,5.75
D3,CHEMBL4536530,O=C(NCCN1CCN(c2ccc(Br)cc2)CC1)NN(Cc1ccccc1)c1ccccc1,5.75
D3,CHEMBL4466114,O=C(NCCN1CCN(c2ccc(I)cc2)CC1)NN(Cc1ccccc1)c1ccccc1,5.75
D3,CHEMBL313972,C[C@H](Cc1ccc(O)c(O)c1)[C@@H](C)Cc1ccc(O)c(O)c1,5.75
D3,CHEMBL440294,NC(=O)C1(N2CCCCC2)CCN(CCCC(=O)c2ccc(F)cc2)CC1,5.75
D3,CHEMBL354541,O=C(NC1CCN(CCCCC2(C(=O)NCC(F)(F)F)c3ccccc3-c3ccccc32)CC1)c1ccccc1-c1ccc(C(F)(F)F)cc1,5.75
D3,CHEMBL1201196,Clc1ccc(C(Cn2ccnc2)OCc2csc3c(Cl)cccc23)c(Cl)c1,5.75
D3,CHEMBL1235246,CCCCCCCCCCCCCCCCOC[C@H](COP(=O)([O-])OCC[N+](C)(C)C)OC(C)=O,5.75
D3,CHEMBL80645,O=C(O)/C=C/C(=O)O.c1cnc(N2CCN(CCCCCNC3=Nc4ccccc4OC3)CC2)nc1,5.74
D3,CHEMBL435505,c1ccc(Cc2ccccc2OCCN2CCCC2)cc1,5.74
D3,CHEMBL379662,COc1cccc2c1Cc1ccccc1CCN(C)CC2,5.74
D3,CHEMBL3780812,CCN(CCc1ccc(O)c(OC)c1)Cc1cccc(O)c1OC,5.74
D3,CHEMBL4072818,O=C1CCc2ccccc2N1CCCN1CCC(Cc2ccccc2)CC1,5.74
D3,CHEMBL174984,COc1cc(C[C@@H]2NCCc3cc(O)c(O)cc32)cc(OC)c1OC,5.74
D3,CHEMBL2111526,COc1ccc(Br)cc1-c1nc(CNC2CCN(Cc3ccccc3)C2)co1,5.73
D3,CHEMBL392822,OC1(c2ccccc2Cl)CCN(Cc2c[nH]c3ccccc23)CC1,5.73
D3,CHEMBL5395272,CCCOc1cc2c(cc1O)[C@@H]1Cc3ccc(O)c(OCC)c3CN1CC2,5.73
D3,CHEMBL327176,Cc1c(-c2ccccc2)nc(O)n1C1CCN(CCCc2ccccc2)CC1,5.72
D3,CHEMBL353220,COc1ccc(Br)cc1C1=NCC[C@@H](CN2CCN(c3ccccc3)CC2)N1,5.72
D3,CHEMBL114379,Oc1nc2ccccc2n1C1CCN(Cc2cc3c(cc2Cl)OCO3)CC1,5.72
D3,CHEMBL192906,CCCN(CCC)[C@H]1CCn2c(ccc2C(=O)c2ccccc2)C1,5.72
D3,CHEMBL210955,Clc1ccc(N2CCN(Cc3cnn(-c4ccccc4)c3)CC2)cc1,5.72
D3,CHEMBL2420770,Fc1ccccc1N1CCN(Cc2cccs2)CC1,5.72
D3,CHEMBL1503220,CCN1C(=O)c2ccccc2[S+]([O-])c2ccc(C(=O)NCc3ccc(OC)cc3)cc21,5.72
D3,CHEMBL3799271,N[C@@H]1Cc2cccc3[nH]c(=O)n(c23)C1,5.72
D3,CHEMBL4567758,O=C(NCCCN1CCN(c2ncccn2)CC1)NN(Cc1ccc(F)cc1)c1ccccc1,5.72
D3,CHEMBL4562300,COc1ccc(OCCN2CCN(C(=O)c3[nH]c4ccccc4c3C)CC2)cc1,5.72
D3,CHEMBL4471482,COc1ccc(N(C)CCN2CCN(C(=O)c3cc4ccccc4[nH]3)CC2)cc1,5.72
D3,CHEMBL4576555,CN1CCN(C(=O)C(C)(C)c2ccc(C(=O)Nc3cn4cc(-c5cc(C(C)(C)C)cc(C(C)(C)C)c5)ccc4n3)cc2)CC1,5.72
D3,CHEMBL5274672,Cn1c(CCCN2CCN(c3cccc(Cl)c3Cl)CC2)nc(-c2ccccc2)c1C(=O)NC(C)(C)C,5.72
D3,CHEMBL110094,CN(C)CCC=C1c2ccccc2C(C)(C)c2ccccc21,5.72
D3,CHEMBL549,CN(C)CCCC1(c2ccc(F)cc2)OCc2cc(C#N)ccc21,5.72
D3,CHEMBL4998385,Cn1nccc1CNCCNc1cccc(Br)c1,5.72
D3,CHEMBL422344,CN(C)[C@@H]1Cc2cccc3nc(O)n(c23)C1,5.71
D3,CHEMBL115222,CNC(=O)CN1CN(c2ccccc2)C2(CCN(Cc3cc4c(cc3Cl)OCO4)CC2)C1=O,5.71
D3,CHEMBL398368,CCCCCCOc1ccc(C2(O)CCN(Cc3c[nH]c4ccccc34)CC2)cc1,5.71
D3,CHEMBL1779058,O=C(CCCN1C2C3C4CC5C6C4C2C6C1(O)C53)c1ccc(F)cc1,5.71
D3,CHEMBL535,CCN(CC)CCNC(=O)c1c(C)[nH]c(/C=C2\C(=O)Nc3ccc(F)cc32)c1C,5.71
D3,CHEMBL253371,CCN(CCCc1ccccc1)CCCc1ccccc1,5.71
D3,CHEMBL49302,COc1ccc(/C=C/CCCCOc2ccc(C(=O)c3cccc(C(=O)O)c3)cc2CCC(=O)O)cc1,5.71
D3,CHEMBL5639547,C=CCN1C[C@H](OCCCN)C[C@@H]1CNC(=O)c1cc(CCCF)cc(OC)c1OC,5.71
D3,CHEMBL6174595,O=C1CCc2ccccc2N1CCCN1CCN(c2ccc(Br)cc2)CC1,5.71
D3,CHEMBL85700,CN1CCN(CCCOc2ccc(-c3nc4ccccc4[nH]3)cc2)CC1,5.7
D3,CHEMBL328667,O=C(Nc1nccc2ccccc12)NC1CCN(Cc2ccccc2)CC1,5.7
D3,CHEMBL160454,C[Si](C)(C)c1cccc2c(CN3CCN(c4ccc(Cl)cc4)CC3)cnn12,5.7
D3,CHEMBL391661,Cc1ccc2c(OCCN3CCC(Cc4cc5c(cc4F)OCC(=O)N5)CC3)cc(Cl)cc2n1,5.7
D3,CHEMBL3323005,Cc1nc(N2CCN(CCCCNC(=O)c3cn4ccccc4n3)CC2)cc(C(F)(F)F)n1,5.7
D3,CHEMBL3890882,CN[C@@H]1c2cc3ccn(S(=O)(=O)c4ccccc4)c3cc2[C@H]1CCO,5.7
D3,CHEMBL4443944,O=C(NCCCN1CCN(c2ncccn2)CC1)NN(Cc1ccccc1)c1ccccc1,5.7
D3,CHEMBL4783987,Fc1ccc(CCCCN2CCN(c3ccc(-c4ccccc4)cn3)CC2)cc1,5.7
D3,CHEMBL2103773,CCCCCCCCOc1ccccc1C(=O)Nc1ccc(C(=O)OCC[N+](C)(CC)CC)cc1.[Br-],5.7
D3,CHEMBL434394,OC(CNCC(O)C1CCc2cc(F)ccc2O1)C1CCc2cc(F)ccc2O1,5.7
D3,CHEMBL15245,COC(=O)[C@@H]1[C@H]2C[C@H]3c4[nH]c5ccccc5c4CCN3C[C@@H]2CC[C@@H]1O,5.7
D3,CHEMBL64376,c1ccc(-c2nc(CN3CCN(c4ccccc4)CC3)cs2)cc1,5.69
D3,CHEMBL143210,N[C@H](C(=O)O)c1ccc(C(=O)O)c(C(=O)O)c1,5.69
D3,CHEMBL423440,COc1ccc(Br)cc1C(=O)NC[C@H]1CCN(Cc2ccccc2)C1,5.68
D3,CHEMBL177031,O=C(NCCN1CCN(C2CCCc3ccccc32)CC1)c1ccc(Cl)cc1,5.68
D3,CHEMBL77148,c1ccc(Cc2cc(C3CCN(Cc4ccccc4)CC3)[nH]n2)cc1,5.68
D3,CHEMBL93923,Cn1ccc(-c2ccc3c(c2)c(C2CCN(CCN4CCNC4=O)CC2)cn3-c2ccc(F)cc2)n1,5.68
D3,CHEMBL189834,CCCN(CCC)[C@@H]1CCn2c(/C=N/O)ccc2C1,5.68
D3,CHEMBL197159,CCCN(CCC)[C@@H]1CCn2nccc2C1,5.68
D3,CHEMBL210318,c1ccc(N2CCN(Cc3ccc(-n4cccn4)cc3)CC2)cc1,5.68
D3,CHEMBL211118,COc1ccccc1N1CCN(Cc2cn3cc(C)cc(N4CCOCC4)c3n2)CC1,5.68
D3,CHEMBL393027,OC1(c2ccc(Cl)cc2)CCCN(Cc2c[nH]c3ccccc23)CC1,5.68
D3,CHEMBL245571,CN1CCc2cc(O)ccc2Cc2[nH]c3ccccc3c2CC1,5.68
D3,CHEMBL1221497,CN1CCN(c2cccc(NS(=O)(=O)c3ccc4ccccc4c3)c2)CC1,5.68
D3,CHEMBL460291,CCOC(=O)C1=C(C)NC(C)=C(C(=O)OCC)C1c1ccccc1/C=C/C(=O)OC(C)(C)C,5.68
D3,CHEMBL3894329,CCC(C)Oc1c(O)cc(Br)c2c1CN1CCc3cc(OC)c(O)cc3[C@@H]1C2,5.68
D3,CHEMBL4526466,COc1ccc(OCCN2CCN(C(=O)c3ccc(OC)cn3)CC2)cc1,5.68
D3,CHEMBL4633042,CCCN1CCc2cccc3c2C1Cc1cc2sc(N)nc2cc1-3,5.68
D3,CHEMBL4859722,O=C(O)C(=O)O.O=C1CCc2cc(OCCCN3CCCN(c4ccccn4)CC3)ccc2N1,5.68
D3,CHEMBL651,CCC(=O)C(CC(C)N(C)C)(c1ccccc1)c1ccccc1,5.68
D3,CHEMBL5070377,CN(C)C(=O)C(CCNCCc1ccccc1)(c1ccccc1)c1ccccc1,5.68
D3,CHEMBL1187011,CCCCCCCCCCCC[N+](C)(C)CCOc1ccccc1,5.68
D3,CHEMBL90797,CCCN1CCC[C@@H](c2cccc(C(C)=O)c2)C1,5.67
D3,CHEMBL115652,O=C1NCN(c2ccccc2)C12CCN(Cc1cc3c(cc1Cl)OCO3)CC2,5.67
D3,CHEMBL245614,COc1ccc(C2(O)CCN(Cc3c[nH]c4ccccc34)CC2)cc1,5.67
D3,CHEMBL2062857,CCN(CC)[C@H]1[C@H](CO)[C@@H]2CN(Cc3ccccc3)[C@@H](c3ccc(Br)cc3)[C@@H]21,5.67
D3,CHEMBL4474113,CCCN1CCO[C@@H]2c3cc(OCCCCNC(=O)c4ccc5scnc5c4)ccc3OC[C@H]21,5.67
D3,CHEMBL5193214,Cc1c(Cl)cccc1NC(=O)CN1CCC(OCc2cccc(C(F)(F)F)c2)CC1,5.67
D3,CHEMBL900,Cc1ccccc1C(OCCN(C)C)c1ccccc1,5.67
D3,CHEMBL5420515,CCCCCCOc1c(O)ccc2c1CN1CCc3cc(OCCC)c(O)cc3[C@@H]1C2,5.67
D3,CHEMBL2440659,Cc1csc(NC(=O)c2cc(F)cc(Oc3cncnc3)c2)n1,5.67
D3,CHEMBL25887,Cc1nnn(C2CCN(Cc3ccccc3)CC2)c1-c1ccccc1,5.66
D3,CHEMBL168566,COc1cc(N)c(Cl)cc1C(=O)NC[C@H]1CCN(Cc2ccccc2)C1,5.66
D3,CHEMBL302021,COc1ccccc1N1CCN(CC2CN3C(=O)Nc4ccccc4C3=N2)CC1,5.66
D3,CHEMBL314285,Cc1ccc2c3c(c(=O)oc2c1)CN(Cc1ccc(F)cc1)CC3,5.66
D3,CHEMBL272602,Oc1ccccc1N1CCN(Cc2cnn3ccccc23)CC1,5.66
D3,CHEMBL519201,CCCN1CCO[C@@H]2c3cc4c(cc3CC[C@H]21)CN(C)C4=O,5.66
D3,CHEMBL572379,O=C(CCCc1cn(-c2ccc([N+](=O)[O-])cc2)nn1)NCCCCN1CCN(c2cccc(Cl)c2Cl)CC1,5.66
D3,CHEMBL3216758,Cc1nc(C(=O)NCCN2CCN(c3cccc(Cl)c3Cl)CC2)c(C)n1-c1ccccc1.Cl.Cl.Cl.Cl,5.66
D3,CHEMBL3797876,COc1ccccc1OCCNC[C@H](O)c1ccc(O)c(O)c1,5.66
D3,CHEMBL3959209,Cl.Cl.c1ccc2c(c1)CCN(CCCc1nc3ccccc3[nH]1)C2,5.66
D3,CHEMBL328190,Oc1ccc2c(c1)CC[C@H](c1ccccc1)[C@@H]2c1ccc(OCCN2CCCC2)cc1,5.66
D3,CHEMBL29188,COc1ccc(CN2CCN(C(c3ccc(F)cc3)c3ccc(F)cc3)CC2)c(OC)c1OC,5.66
D3,CHEMBL422274,COc1ccc2c(c1)CC(N)CC2,5.65
D3,CHEMBL9666,COc1ccccc1N1CCNCC1,5.65
D3,CHEMBL5079903,N#CC(CCN1CCN(c2cccc(Cl)c2Cl)CC1)(c1ccccc1)c1ccccc1,5.65
D3,CHEMBL49502,N#Cc1ccccc1N1CCN(CNC(=O)c2cccc(Cl)c2)CC1,5.64
D3,CHEMBL302186,c1ccc(CN2CCC(NCc3csc(-c4ccccc4)n3)CC2)cc1,5.64
D3,CHEMBL166151,c1cnc(N[C@H]2CC[C@H](CCN3CCN(c4ccncc4)CC3)CC2)nc1,5.64
D3,CHEMBL189118,Cc1cc(N(C)CCN(C)C)nc2ccc(NC(=O)/C=C/c3ccc(OC(F)(F)F)cc3)cc12,5.64
D3,CHEMBL3289653,Clc1ccc(N2CCN(CCCc3cc4ccccc4o3)CC2)cc1,5.64
D3,CHEMBL3622093,Brc1ccc(NCCN2CCN(Cc3cc4ccccc4[nH]3)CC2)cc1,5.64
D3,CHEMBL4570411,O=C1c2ccc(F)cc2CC1CCN1CCCN(c2ccccn2)CC1,5.64
D3,CHEMBL5086564,CCOC(=O)/C=C1\[C@@H]2CCC[C@@]1(c1cccc(O)c1)CCN2C[C@@H]1C[C@H]1CCNC(=O)c1cc2ccccc2[nH]1,5.64
D3,CHEMBL5172871,O=C(O)C(=O)O.O=C1CCc2ccccc2N1CCCN1CCN(c2ncccn2)CC1,5.64
D3,CHEMBL5274482,CN(CC(=O)NC(C)(C)C)C(=O)CCCN1CCN(c2cccc(Cl)c2Cl)CC1,5.64
D3,CHEMBL5275349,O=C(Cn1c(CCCN2CCN(c3cccc(Cl)c3Cl)CC2)nc2cc(Br)c(Br)cc21)NC1CCCCC1,5.64
D3,CHEMBL780,O=C(O)CN(CCN(CC(=O)O)CC(=O)O)CCN(CC(=O)O)CC(=O)O,5.64
D3,CHEMBL5417253,CN(C)C(=O)C(CCN1CCN(c2cccc(C(F)(F)F)n2)CC1)(c1ccccc1)c1ccccc1,5.64
D3,CHEMBL294459,N#CC(C#N)=Cc1cc(CN2CCN(c3ccccc3)CC2)c[nH]1,5.63
D3,CHEMBL238875,COc1ccccc1N(C(C)=O)C1CCN(CCCCNC(=O)c2ccc3ccccc3c2)CC1,5.63
D3,CHEMBL1223858,FC(F)(F)c1cccc(N2CCN(CCCCNc3ncc(-c4ccccc4)o3)CC2)c1,5.63
D3,CHEMBL5199815,Cc1c(Cl)cccc1NC(=O)CN1CCC(OCc2ccc(Cl)c(F)c2)CC1,5.63
D3,CHEMBL5281830,Cn1c(CCCN2CCN(c3cccc(Cl)c3Cl)CC2)nc(-c2ccccc2)c1C(=O)NCc1ccccc1,5.63
D3,CHEMBL1206,CCN(CC)C(C)CN1c2ccccc2Sc2ccccc21,5.63
D3,CHEMBL5436551,CN(C)C(=O)C(CCN[C@@H]1C[C@H]1c1ccc(F)cc1)(c1ccccc1)c1ccccc1,5.63
D3,CHEMBL1200618,CC(C)(C(=O)O)c1ccc(C(O)CCCN2CCC(C(O)(c3ccccc3)c3ccccc3)CC2)cc1.Cl,5.63
D3,CHEMBL324896,c1ccc(N2CCN(CCCn3c4ccccc4c4ccccc43)CC2)cc1,5.62
D3,CHEMBL336694,OC(CCCN1CCN2CCc3[nH]c4ccccc4c3C2C1)c1ccc(F)cc1,5.62
D3,CHEMBL364586,O=C(c1ccccc1)c1ccccc1OCCN1CCCC1,5.62
D3,CHEMBL193304,CCCN(CCC)[C@@H]1CCn2c(ccc2-c2ccccc2)C1,5.62
D3,CHEMBL210551,COc1ccccc1N1CCN(Cc2cn3cc(C)cc(-n4cccn4)c3n2)CC1,5.62
D3,CHEMBL516270,O=C1c2ccccc2CCN1CCCN1CCN(c2cccc(C(F)(F)F)c2)CC1,5.62
D3,CHEMBL1222362,CN1CCN(c2cccc(N(C)S(=O)(=O)c3ccc4ccccc4c3)c2)CC1,5.62
D3,CHEMBL1684022,C#CCOc1cccc2c1-c1cccc3c1C(C2)N(CCC)CC3,5.62
D3,CHEMBL4438602,N#Cc1ccc(N2CCN(CCCCNC(=O)c3ccc(-c4ccsc4)cc3)CC2)cc1,5.62
D3,CHEMBL24072,CC(Cc1ccccc1)NCCC(c1ccccc1)c1ccccc1,5.62
D3,CHEMBL296506,COc1ccccc1N1CCN(CNC(=O)c2cccc(C)c2)CC1,5.61
D3,CHEMBL48807,COc1ccccc1N1CCN(CNC(=O)c2ccccc2)CC1,5.61
D3,CHEMBL348285,CN[C@@H]1Cc2cccc3ncn(c23)C1,5.61
D3,CHEMBL500627,CCCN1CCO[C@H]2c3cc(C(N)=O)ccc3CC[C@@H]21,5.61
D3,CHEMBL1223859,FC(F)(F)c1cccc(N2CCN(CCCCNc3nc(-c4ccccc4)cs3)CC2)c1,5.61
D3,CHEMBL3289642,O=C1c2ccc(F)cc2CC1CCN1CCN(c2ccc(Cl)cc2)CC1,5.61
D3,CHEMBL4636148,CN1CCc2cccc3c2C1Cc1ccc(NC(N)=O)cc1-3,5.61
D3,CHEMBL5196870,O=C(O)C(=O)O.O=C1CCc2ccccc2N1CCCN1CCN(c2ccc(Cl)cc2)CC1,5.61
D3,CHEMBL5204764,Cc1c(Cl)cccc1NC(=O)CN1CCC(OCc2ccc(F)c(F)c2)CC1,5.61
D3,CHEMBL5222200,O=C1CCc2ccccc2N1CCCN1CCN(c2ccc(Cl)cc2)CC1,5.61
D3,CHEMBL110435,Fc1ccc(C(OCCOC2CC3CCC(C2)N3)c2ccc(F)cc2)cc1,5.6
D3,CHEMBL109173,O=Cc1cccn1C1CCN(Cc2ccccc2)CC1,5.6
D3,CHEMBL284346,Cc1c(-c2ccccc2)nnn1C1CCN(Cc2ccccc2)CC1,5.6
D3,CHEMBL282199,CC1CCN(CC[C@H]2CCCN2S(=O)(=O)c2cccc(O)c2)CC1,5.6
D3,CHEMBL71707,O=C(/C=C/c1ccc(Cl)c(Cl)c1)N[C@H]1CC[C@@H](CN2[C@@H]3CC[C@H]2C[C@H](c2c[nH]c4ccc(O)cc24)C3)CC1,5.6
D3,CHEMBL315564,COc1ccc(Br)cc1C1=N[C@@H](CN2CCN(c3ccccc3)CC2)[C@@H](C)O1,5.6
D3,CHEMBL97596,O=S(=O)(Nc1ccc2nccc(N3CCNCC3)c2c1)c1ccc2c(Cl)cccc2c1,5.6
D3,CHEMBL345552,Cc1ccc(N2CCN(Cc3ccc4c(c3)NC(=O)CO4)CC2)cc1,5.6
D3,CHEMBL364737,CCCN(CCC)[C@@H]1CCn2c(ccc2C(=O)C(F)(F)F)C1,5.6
D3,CHEMBL257536,Cc1ncoc1-c1nnc(SCCCN2CCc3cc4c(cc3CC2)OCC(=O)N4)n1C,5.6
D3,CHEMBL1222363,CCCN(c1cccc(N2CCN(C)CC2)c1)S(=O)(=O)c1ccc2ccccc2c1,5.6
D3,CHEMBL2207493,CCCN1CCC(n2c(=O)[nH]c3cc(Cl)ccc32)CC1,5.6
D3,CHEMBL4526308,COc1ccc(OCCN2CCN(C(=O)c3ccccc3OC)CC2)cc1,5.6
D3,CHEMBL4744824,O=C(c1ccccc1)N1CCC(NCCSC(c2ccc(F)cc2)c2ccc(F)cc2)CC1,5.6
D3,CHEMBL5278853,N#Cc1[nH]c2ccccc2c1CN1CCN(c2ccccc2)CC1,5.6
D3,CHEMBL1078261,CCCOC(C(=O)OC1CCN(C)CC1)(c1ccccc1)c1ccccc1,5.6
D3,CHEMBL1076211,Cc1ccc(C(=O)C(C)CN2CCCCC2)cc1,5.6
D3,CHEMBL6175988,O=C1CCc2ccccc2N1CCCN1CCN(c2ccc(I)cc2)CC1,5.6
D3,CHEMBL345357,OCc1ccc2c(CN3CCN(c4ccc(Cl)cc4)CC3)cnn2c1,5.59
D3,CHEMBL5196873,O=C(O)C(=O)O.O=C1CCc2ccccc2N1CCCN1CCN(c2ccccn2)CC1,5.59
D3,CHEMBL5282604,CC(C)(C)NC(=O)Cn1c(CCCN2CCN(c3cccc(Cl)c3Cl)CC2)nc2cc(Br)c(Br)cc21,5.59
D3,CHEMBL298470,COc1cc(C)c2c(Oc3cccc(C(F)(F)F)c3)c(OC)cc(NC(C)CCCN)c2n1,5.59
D3,CHEMBL7353,CCCCCNC(=O)NS(=O)(=O)c1cc([N+](=O)[O-])ccc1NC1CCCCC1,5.59
D3,CHEMBL106635,Ic1cccn1C1CCN(Cc2ccccc2)CC1,5.58
D3,CHEMBL92787,CCCCCCCN1CCC(C(=O)CC)(c2cccc(O)c2)CC1,5.58
D3,CHEMBL91067,COc1ccc2c3c(c(=O)oc2c1)CN(Cc1ccccc1Cl)CC3,5.58
D3,CHEMBL90569,COc1ccc2c3c(c(=O)oc2c1)CN(Cc1cccc(Cl)c1)CC3,5.58
D3,CHEMBL485018,CCCN1CCO[C@@H]2c3cc(C(=O)OCC)ccc3CC[C@H]21,5.58
D3,CHEMBL787,CC(C)(O)c1ccccc1CC[C@@H](SCC1(CC(=O)O)CC1)c1cccc(/C=C/c2ccc3ccc(Cl)cc3n2)c1,5.58
D3,CHEMBL4091058,O=C1CCc2ccccc2N1CCCN1CCN(Cc2ccccc2)CC1,5.58
D3,CHEMBL4436562,CCc1ccc(OCCN2CCN(C(=O)c3ccc(OC)cc3)CC2)cc1,5.58
D3,CHEMBL400599,CC(Cc1cccc(C(F)(F)F)c1)NCCOC(=O)c1ccccc1,5.58
D3,CHEMBL1008,CC(C)COCC(CN(Cc1ccccc1)c1ccccc1)N1CCCC1,5.58
D3,CHEMBL2111101,CC(C)COc1ccc(CNC(=O)N(Cc2ccc(F)cc2)C2CCN(C)CC2)cc1,5.58
D3,CHEMBL471737,COc1cc2c(cc1OC)CC(=O)N(CCCN(C)C[C@H]1Cc3cc(OC)c(OC)cc31)CC2,5.58
D3,CHEMBL5438487,CCCOc1cc2c(cc1O)[C@@H]1Cc3ccc(O)c(OCCC)c3CN1CC2,5.58
D3,CHEMBL6165568,O=C1CCc2ccccc2N1CCCN1CCN(c2ccc(F)cc2)CC1,5.58
D3,CHEMBL34239,O=C1NC(CCN2CCN(c3ccccc3)CC2)c2ccccc21,5.57
D3,CHEMBL38262,Cc1ccc(N2CCN(CCC3NC(=O)c4ccccc43)CC2)cc1C,5.57
D3,CHEMBL353087,COc1cc(NC(C)=O)c(Cl)cc1C(=O)NC[C@@H]1CCN(Cc2ccccc2)C1,5.57
D3,CHEMBL440554,CC[C@H](C)[C@H](C(=O)O)N1C[C@H](CN2CCC(c3cc(Cc4ccc(OC(F)(F)F)cc4)nn3CC)CC2)[C@@H](c2cccc(F)c2)C1,5.57
D3,CHEMBL218787,Clc1ccc(N2CCN(Cc3cnn4c(I)cccc34)CC2)cc1,5.57
D3,CHEMBL561123,Cn1c(N2CCOCC2)nc2c(CN3CCN(c4ccccc4)CC3)c[nH]c2c1=O,5.57
D3,CHEMBL2429890,c1cc2c(cc1CN[C@H]1C3C4CC5C6C4CC3C6C51)OCO2,5.57
D3,CHEMBL3780438,COc1cc(CCN(C)Cc2cccc(O)c2OC)ccc1O,5.57
D3,CHEMBL4095082,Cc1ccc(N2CCN(CCC3C(=O)Nc4ccccc43)CC2)cc1C,5.57
D3,CHEMBL1201245,CN(C)CCOC(c1ccccc1)c1ccc(Br)cc1,5.57
D3,CHEMBL119,COc1cc(NCc2ccc3nc(N)nc(N)c3c2C)cc(OC)c1OC,5.57
D3,CHEMBL5398747,CN(C)C(=O)C(CCN1C[C@H](O)C[C@H]1CN1CCN(c2cccc(C(F)(F)F)n2)CC1)(c1ccccc1)c1ccccc1,5.57
D3,CHEMBL5413237,CCC1(CC)CC(OCCCNCc2cccc(C(F)(F)F)n2)(c2ccccn2)CCO1,5.57
D3,CHEMBL92373,COc1ccc2c3c(c(=O)oc2c1)CN(Cc1ccc(Cl)cc1)CC3,5.56
D3,CHEMBL485028,CCCN1CCO[C@@H]2c3cc(C(=O)Nc4ccc(OC)cc4)ccc3CC[C@H]21,5.56
D3,CHEMBL3289644,Fc1ccc2c(c1)CC(CCN1CCN(c3ccc(Cl)cc3)CC1)C2,5.56
D3,CHEMBL3335538,FC(F)(F)Oc1ccc(CN2CCOC(CCc3ccccc3)C2)cc1,5.56
D3,CHEMBL3335539,COc1ccc(CN2CCOC(CCc3ccccc3)C2)cc1,5.56
D3,CHEMBL3335554,FC(F)(F)Oc1ccc(CN2CCO[C@H](CCc3ccccc3)C2)cc1,5.56
D3,CHEMBL3335555,Oc1ccc(CN2CCO[C@H](CCc3ccccc3)C2)cc1,5.56
D3,CHEMBL4435834,CCCCN1CCC2(CC1)CCN(c1ccccc1OC)CC2,5.56
D3,CHEMBL5266180,C[C@H]1CO[C@@H](c2ccc(N)nc2)CN1CCn1cc(CNC(=O)c2cc3ccccc3[nH]2)nn1,5.56
D3,CHEMBL45244,Cc1cccc(C(=O)NCN2CCN(c3ccccc3C#N)CC2)c1,5.55
D3,CHEMBL6437,CN1CCN2c3ccccc3Cc3ccccc3C2C1,5.55
D3,CHEMBL164736,CCCN(CCC)C1CCC(=C(C#C[Si](C)(C)C)C#C[Si](C)(C)C)CC1,5.55
D3,CHEMBL95175,O=C1OCCN1CCN1CCC(c2cn(-c3ccc(F)cc3)c3ccc(-c4ncccn4)cc23)CC1,5.55
D3,CHEMBL192709,CCCN(CCC)[C@@H]1CCn2c(C#N)ccc2C1,5.55
D3,CHEMBL193077,CCCN(CCC)[C@@H]1CCn2c(ccc2C(C)=O)C1,5.55
D3,CHEMBL2443005,COc1ccccc1N1CCN(Cc2cn(-c3ccc(OCCCF)cc3)nn2)CC1,5.55
D3,CHEMBL146556,c1ccc2c(c1)CC(CN1CCN(c3ccc4c(c3)OCCO4)CC1)C2,5.55
D3,CHEMBL4094900,CCCN1CCN(c2ccc(O)c3c2OCCO3)CC1,5.55
D3,CHEMBL4592753,O=C(CN1CCN(c2ccccn2)CC1)Nc1cccnc1,5.55
D3,CHEMBL4519354,COc1ccc(OCCN2CCN(C(=O)c3cc4ncccc4[nH]3)CC2)cc1,5.55
D3,CHEMBL1294,C=C[C@H]1CN2CC[C@H]1C[C@@H]2[C@@H](O)c1ccnc2ccc(OC)cc12,5.55
D3,CHEMBL1491,CCOC(=O)C1=C(COCCN)NC(C)=C(C(=O)OC)C1c1ccccc1Cl,5.55
D3,CHEMBL2419490,CCOC(=O)c1cc(C#N)c(N2CCC(C(=O)NS(=O)(=O)Cc3ccccc3)CC2)nc1C,5.55
D3,CHEMBL71324,Clc1ccc2[nH]c(C3=CCN(Cc4ccccc4)CC3)nc2c1,5.54
D3,CHEMBL112831,COc1cc(N)c(Cl)cc1C(=O)N[C@H]1CCCN(Cc2ccccc2)C1,5.54
D3,CHEMBL327527,Cn1cnc(-c2ccc3c(c2)c(C2CCN(CCN4CCNC4=O)CC2)cn3-c2ccc(F)cc2)n1,5.54
D3,CHEMBL184073,c1ccc(Cc2ccccc2OCCN2CCN(c3ccccc3)CC2)cc1,5.54
D3,CHEMBL209832,c1ccc(-n2cc(CN3CCN(c4ncccn4)CC3)cn2)cc1,5.54
D3,CHEMBL460855,OC1(c2ccc(Cl)cc2)CCN(Cc2c[nH]c3ccccc23)C1,5.54
D3,CHEMBL1222138,CC(C)N(c1cccc(N2CCN(C)CC2)c1)S(=O)(=O)c1ccccc1,5.54
D3,CHEMBL2443007,COc1ccccc1N1CCN(Cc2cn(-c3ccc(OCCCOCCF)cc3)nn2)CC1,5.54
D3,CHEMBL3234527,CCN1C(=O)c2ccccc2[S@+]([O-])c2ccc(C(=O)NCc3ccc(OC)cc3)cc21,5.54
D3,CHEMBL4441888,COc1ccccc1N1CCN(C[C@H]2OCCOC2(c2ccccc2)c2ccccc2)CC1,5.54
D3,CHEMBL4545654,COc1ccc(OCCN2CCN(C(=O)c3cc4cc(Cl)ccc4[nH]3)CC2)cc1,5.54
D3,CHEMBL5278239,CN(CC(=O)NCc1ccccc1)C(=O)CCCN1CCN(c2cccc(Cl)c2Cl)CC1,5.54
D3,CHEMBL259223,CC(C)=CCC/C(C)=C/CC/C(C)=C/CC/C(C)=C/CC1=C(C)C(=O)c2ccccc2C1=O,5.54
D3,CHEMBL345458,CN(C)[C@@H]1Cc2cccc3ncn(c23)C1,5.53
D3,CHEMBL415014,Cc1[nH]c(-c2ccccc2)nc1CN1CCN(c2ncccn2)CC1,5.53
D3,CHEMBL187367,c1ccc(Cc2ccccc2OCCCN2CCCC2)cc1,5.53
D3,CHEMBL1170879,O=C(O)C(=O)O.OC1(c2ccc(Br)cc2)CCN(Cc2c[nH]c3ncccc23)CC1,5.53
D3,CHEMBL1173363,COc1ccc2[nH]cc(CN3CCC(O)(c4ccccc4)CC3)c2c1.O=C(O)C(=O)O,5.53
D3,CHEMBL1642117,CN1CCN(c2cccc3c2C(=O)CCN3S(=O)(=O)c2ccc3ccccc3c2)CC1,5.53
D3,CHEMBL411,CC/C(=C(/CC)c1ccc(O)cc1)c1ccc(O)cc1,5.53
D3,CHEMBL24809,Cc1cc(-c2ccccc2)n(C2CCN(Cc3ccccc3)CC2)n1,5.52
D3,CHEMBL319051,c1cc2c(s1)CCC1NCCOC21,5.52
D3,CHEMBL98197,CCCN1CCO[C@H]2c3cc(O)ccc3SC[C@@H]21,5.52
D3,CHEMBL1946253,Fc1ccc(CCCCN2CCCN(c3ccc(Cl)cc3)CC2)cc1,5.52
D3,CHEMBL1492500,CN(C)CC/C=C1\c2ccccc2CSc2ccccc21,5.52
D3,CHEMBL87708,CN(CCCN1c2ccccc2CCc2ccccc21)CC(=O)c1ccc(Cl)cc1,5.52
D3,CHEMBL288441,COc1cc(Nc2c(C#N)cnc3cc(OCCCN4CCN(C)CC4)c(OC)cc23)c(Cl)cc1Cl,5.52
D3,CHEMBL93701,CCCN1CCC[C@@H](c2ccccc2OS(=O)(=O)C(F)(F)F)C1,5.51
D3,CHEMBL343880,N#Cc1ccc2cc(CN3CCN(c4ccccc4)CC3)[nH]c2c1,5.51
D3,CHEMBL336962,CCCN[C@H]1CCc2ccc(OC)cc2C1,5.51
D3,CHEMBL351550,Cc1nn2c(-c3ccccc3)cccc2c1CN1CCN(c2ccc(Cl)cc2)CC1,5.51
D3,CHEMBL313424,Cn1cnc(-c2ccc3c(c2)c(C2CCN(CCN4CCOC4=O)CC2)cn3-c2ccc(F)cc2)n1,5.51
D3,CHEMBL380054,Fc1ccc(N2CCN(Cc3cn4ccccc4n3)CC2)cc1,5.51
D3,CHEMBL517564,OC1(c2ccc(Cl)cc2)CCN(CCc2c[nH]c3ccccc23)C1,5.51
D3,CHEMBL554692,Cc1cc2nc(C)c(CN3CCN(c4ccc(Cl)cc4)CC3)n2c(C)n1,5.51
D3,CHEMBL4438968,c1cnc(N2CCN(CCCCN3CCc4ncsc4CC3)CC2)nc1,5.51
D3,CHEMBL1242,Nc1ccc(/N=N/c2ccccc2)c(N)n1,5.51
D3,CHEMBL335989,CCCN(CCC)C1CCc2cc(CCc3ccc(C(=O)O)cc3)ccc2C1,5.5
D3,CHEMBL325674,O=C(OC1CCc2ccccc21)N1CCC2(CC1)C(=O)NCN2c1ccccc1,5.5
D3,CHEMBL389357,COc1ccc2c(c1)CCCN(C)CCc1ccccc1C2,5.5
D3,CHEMBL3938498,O=S(=O)(c1ccccc1)n1ccc2cc3c(cc21)[C@H]1CCNCC[C@@H]31,5.5
D3,CHEMBL3963862,CCCCCCOc1c(O)cc(Br)c2c1CN1CCc3cc(OC)c(O)cc3[C@@H]1C2,5.5
D3,CHEMBL3480577,Cc1ccc2nc(CNCCCOc3ccccc3)cc(O)c2c1,5.5
D3,CHEMBL2005767,Clc1ccc(OCC2CN(Cc3c[nH]c4ncccc34)CCO2)cc1,5.5
D3,CHEMBL790,N=C(NCCCCCCNC(=N)NC(=N)Nc1ccc(Cl)cc1)NC(=N)Nc1ccc(Cl)cc1,5.5
D3,CHEMBL1213033,CCN(CC)CCCN(c1ccccc1)C1Cc2ccccc2C1,5.5
D3,CHEMBL3099899,COc1ccc(CNC(=O)c2cc(-c3cc(Cl)cc(Cl)c3)cnc2-c2cccnc2)cc1OC,5.49
D3,CHEMBL3945856,CCCCCOc1c(O)ccc2c1CN1CCc3cc(OC)c(O)cc3[C@@H]1C2,5.49
D3,CHEMBL4069306,c1ccc(CCC2CN(Cc3c[nH]c4ccccc34)CCO2)cc1,5.49
D3,CHEMBL4791063,O=C(c1ccc(F)cc1F)N1CCC(NCCSC(c2ccc(F)cc2)c2ccc(F)cc2)CC1,5.49
D3,CHEMBL5280677,O=C(CCCN1CCN(c2cccc(Cl)c2Cl)CC1)N1C=CN(C2CCCCC2)C(=O)C1,5.49
D3,CHEMBL5410159,CN(C)C(=O)C(CCN(CCO)[C@@H]1C[C@H]1c1ccc(Cl)cc1)(c1ccccc1)c1ccccc1,5.49
D3,CHEMBL354748,c1ccc(C2=NC[C@@H](N3CCN(c4ccccc4)CC3)CCN2)cc1,5.48
D3,CHEMBL482977,CCCN1CCO[C@@H]2c3cc(C(=O)O)ccc3CC[C@H]21,5.48
D3,CHEMBL4472861,COc1ccc(OCCN2CCN(C(=O)c3cc4ccccc4s3)CC2)cc1,5.48
D3,CHEMBL5272162,OCc1[nH]c2ccccc2c1CN1CCN(c2ccccc2)CC1,5.48
D3,CHEMBL51149,COc1ccc(CCN(C)CCCC(C#N)(c2cc(OC)c(OC)c(OC)c2)C(C)C)cc1OC,5.48
D3,CHEMBL1617,CO[C@H]1/C=C/O[C@@]2(C)Oc3c(C)c(O)c4c(O)c(c5c(nc6cc(C)ccn65)c4c3C2=O)NC(=O)/C(C)=C\C=C\[C@H](C)[C@H](O)[C@@H](C)[C@@H](O)[C@@H](C)[C@H](OC(C)=O)[C@@H]1C,5.48
D3,CHEMBL496,Oc1c(Cl)cc(Cl)c(Cl)c1Cc1c(O)c(Cl)cc(Cl)c1Cl,5.48
D3,CHEMBL77015,Cc1cc(C2CCN(Cc3ccccc3)CC2)[nH]n1,5.47
D3,CHEMBL407818,Oc1ccc(N2CCN(Cc3cnn4ccccc34)CC2)cc1,5.47
D3,CHEMBL405292,Fc1cccc(N2CCN(Cc3cc4ccccn4n3)CC2)n1,5.47
D3,CHEMBL563614,COc1ccccc1N1CCN(Cc2c(C)nc3cc(C)nc(C)n23)CC1,5.47
D3,CHEMBL3234539,CCN1C(=O)c2ccccc2[S@+]([O-])c2ccc(C(=O)N[C@H](C)c3ccc4ccccc4c3)cc21,5.47
D3,CHEMBL4765081,CC(C)(C)C(=O)N1CCC(NCCSC(c2ccc(F)cc2)c2ccc(F)cc2)CC1,5.47
D3,CHEMBL5286175,Clc1ccc2c(c1)N=C(N1CCN(c3ccccc3)CC1)CCN2,5.47
D3,CHEMBL412665,O=C(O)/C=C/C(=O)O.c1ccc(N2CCN(CCCNC3=Nc4ccccc4OC3)CC2)cc1,5.46
D3,CHEMBL166325,CCCN(CCC)C1CC=C(C#Cc2ccccc2)CC1,5.46
D3,CHEMBL210283,COc1ccccc1N1CCN(Cc2cn3cc(C)cc(C#N)c3n2)CC1,5.46
D3,CHEMBL4522768,O=C(c1cc2ccccc2[nH]1)N1CCN(CCOc2ccccn2)CC1,5.46
D3,CHEMBL4533305,O=C(CCCN1CCCN(c2ccccn2)CC1)c1ccc(F)cc1,5.46
D3,CHEMBL4780673,Cc1c(Nc2ccc(S(=O)(=O)N3CCN(C)CC3)cc2F)nc2ccc(-c3cnn(C4CC4)c3)cn2c1=O,5.46
D3,CHEMBL76370,CCCCCNC(=N)N/N=C/c1c[nH]c2ccc(OC)cc12,5.46
D3,CHEMBL23588,O=C(O)c1ccccc1Nc1cccc(C(F)(F)F)c1,5.46
D3,CHEMBL5889793,COc1ccc(C(=O)N2CCN(CCOc3ccc(OC)c(OC)c3)CC2)cc1,5.46
D3,CHEMBL111184,COc1cccc2c1N1CCN(C)C[C@@H]1c1ccccc1C2,5.45
D3,CHEMBL458220,Cc1c(Cn2ncc(N3CCNCC3)c(Cl)c2=O)cccc1NC(=O)c1ccc(-c2ccccc2)cc1,5.45
D3,CHEMBL595573,O=C1O[C@]2(CC[C@H](C(=O)Nc3ccn(-c4ccccc4F)n3)CC2)c2cnccc21,5.45
D3,CHEMBL5722960,Cc1ccsc1CN(C)Cc1cc(=O)n2ccccc2n1,5.45
D3,CHEMBL91821,Cc1nc(O)n(C2CCN(Cc3ccccc3)CC2)c1-c1ccccc1,5.44
D3,CHEMBL310819,c1ccc(CCN2CCC(c3cc(-c4ccccn4)[nH]n3)CC2)cc1,5.44
D3,CHEMBL98563,CCCN(CCC)[C@H]1CCn2ccc(C=O)c2C1,5.44
D3,CHEMBL190542,CCCN(CCC)[C@H]1CCn2c(ccc2CN(C)C)C1,5.44
D3,CHEMBL3964242,CCCCCOc1c(O)cc(Br)c2c1CN1CCc3cc(OC)c(O)cc3[C@@H]1C2,5.44
D3,CHEMBL267648,CCn1cc(C(=O)O)c(=O)c2cc(F)c(N3CCN(C)CC3)cc21,5.44
D3,CHEMBL5092747,CC(=O)Nc1ccc(-c2cc(-c3ccccc3)nc3cc(C(=O)NCCCn4ccnc4)nn23)cc1,5.44
D3,CHEMBL423247,Cc1cccc2c(CN3CCN(c4ccc(Cl)cc4)CC3)cnn12,5.43
D3,CHEMBL127411,Cc1ccc(S(=O)(=O)n2cc3c4c(cccc42)[C@H](O)[C@@H](N(C)C)C3)cc1,5.43
D3,CHEMBL4074104,CC1CCN(CCCN2C(=O)CCc3ccccc32)CC1,5.43
D3,CHEMBL4473792,Cc1ccc(C2CCN(CC(=O)Nc3cccc(C)c3)CC2)cc1,5.43
D3,CHEMBL5285358,O/N=C/c1c(CN2CCN(c3ccccc3)CC2)[nH]c2ccccc12,5.43
D3,CHEMBL5266395,O=C(CCCN1CCN(c2cccc(Cl)c2Cl)CC1)N1C=CN(Cc2ccccc2)C(=O)C1,5.43
D3,CHEMBL1484,COC(=O)C1=C(C)NC(C)=C(C(=O)OCCN(C)Cc2ccccc2)C1c1cccc([N+](=O)[O-])c1,5.43
D3,CHEMBL160749,Cc1nn2c(-c3ccc(F)cc3)cccc2c1CN1CCN(c2ccc(Cl)cc2)CC1,5.42
D3,CHEMBL64260,COc1cc2c(cc1OC)CN(CCNC(=O)c1cc(C)ccc1OC)CC2,5.42
D3,CHEMBL4435367,Nc1nc2c(s1)CCN(CCCCN1CCN(c3ncccn3)CC1)CC2,5.42
D3,CHEMBL4472043,c1nc2c(s1)CCN(CCCCN1CCc3ncsc3CC1)CC2,5.42
D3,CHEMBL4471346,O=C(c1cc2ccccc2[nH]1)N1CCN(CCOc2ccc(OC(F)(F)F)cc2)CC1,5.42
D3,CHEMBL5072449,O=C(NCCCCN1CC[C@]2(c3cccc(O)c3)CCC[C@H]1[C@H]2O)c1cc2ccccc2[nH]1,5.42
D3,CHEMBL5399720,COc1ccc2nc(CCCN3CCC(c4ccccn4)CC3)sc2c1,5.42
D3,CHEMBL7927,Clc1ccc(N2CCN(Cc3cnn4ccccc34)CC2)cc1,5.41
D3,CHEMBL28607,COc1ccc(N2CCN(Cc3c[nH]c4ncccc34)CC2)cc1,5.41
D3,CHEMBL212631,COc1ccccc1N1CCN(Cc2cn3ccccc3n2)CC1,5.41
D3,CHEMBL256637,COc1cc(CN2CCN(c3ccc(Cl)cc3)CC2)c(OCCF)cc1OC,5.41
D3,CHEMBL1923292,Fc1ccc(CN2CCN(c3ccc4c(c3)OCCO4)CC2)cc1,5.41
D3,CHEMBL4064222,CCCCN1CCN(CCCN2C(=O)CCc3ccccc32)CC1,5.41
D3,CHEMBL312448,Cc1cc(C(C)(C)C)cc(C)c1CC1=NCCN1,5.41
D3,CHEMBL110120,OC1CCc2c(c3ccccc3n2CCCN2CCN(c3ccccc3)CC2)C1,5.4
D3,CHEMBL304692,c1cnc(N2CCN(Cc3cccc4c3-c3ccccc3C4)CC2)nc1,5.4
D3,CHEMBL294780,c1ccc(-c2nc(CN3CCN(c4ccccc4)CC3)co2)cc1,5.4
D3,CHEMBL12264,Cc1cccc(S(=O)(=O)N(C)[C@H](C)CCN2CCC(C)CC2)c1,5.4
D3,CHEMBL367169,CCn1nc(Cc2ccc(C#N)cc2)cc1C1CCN(C[C@H]2CN([C@@H](C(=O)O)C(C)(C)C)C[C@@H]2c2cccc(F)c2)CC1,5.4
D3,CHEMBL389559,CN1CCCc2ccccc2Cc2ccc(O)cc2CCC1,5.4
D3,CHEMBL238730,Cc1ccc2c(OCCN3CCC(Cc4cc(F)c5c(c4)NC(=O)CO5)CC3)cc(F)cc2n1,5.4
D3,CHEMBL596527,Cn1c(CN2CCC(c3nsc4ccccc34)CC2)nc2ccccc21,5.4
D3,CHEMBL4063176,O=C1CCc2ccccc2N1CCCN1CCN(CCc2ccccc2)CC1,5.4
D3,CHEMBL5722967,Cc1ccc2nc(CN[C@H](c3cccs3)C3CC3)cc(=O)n2c1,5.4
D3,CHEMBL201506,CC(C)(C)c1nc(N2CCN(CCCCCN3C(=O)CCc4ccccc43)CC2)cc(C(F)(F)F)n1,5.39
D3,CHEMBL3234544,CN1C(=O)c2ccccc2[S@+]([O-])c2ccc(C(=O)NCCc3cccs3)cc21,5.39
D3,CHEMBL5170381,Fc1ccc(COC2CCN(Cc3ccc4[nH]cnc4c3)CC2)cc1F,5.39
D3,CHEMBL1215,CNC[C@H](O)c1cccc(O)c1,5.39
D3,CHEMBL4297310,Cc1ccccc1CN1C(=O)C2=C(CCN(Cc3ccccc3)C2)N2CCN=C12,5.39
D3,CHEMBL476841,O=C1c2ccccc2CCCN1CCCN1CCN(c2ccccn2)CC1,5.38
D3,CHEMBL550392,Cc1cc2nc(C)c(CN3CCN(c4ccccc4)CC3)n2c(C)n1,5.38
D3,CHEMBL1923415,Oc1cc(CN2CCN(c3ccc4c(c3)OCCO4)CC2)ccc1F,5.38
D3,CHEMBL78287,Clc1ccc(-c2cc(C3CCN(Cc4cccc(Cl)c4)CC3)[nH]n2)cc1,5.37
D3,CHEMBL245816,OC1(c2ccc(Cl)cc2)CCCN(Cc2c[nH]c3ccccc23)C1,5.37
D3,CHEMBL3622100,COc1ccc(CNCCN2CCN(Cc3cc4ccccc4[nH]3)CC2)cc1,5.37
D3,CHEMBL4642592,CC(=O)N1CCC(c2ccc(-c3cc(C(=O)O)cc4cc(-c5ccc(C(F)(F)F)cc5)ccc34)cc2)CC1,5.37
D3,CHEMBL346331,CCC(=O)C(CCN(C)C)(c1ccccc1)c1ccccc1,5.37
D3,CHEMBL294951,CN1CCC(=C2c3ccccc3CCc3sccc32)CC1,5.37
D3,CHEMBL533,CCCCCCCN(CC)CCCC(O)c1ccc(NS(C)(=O)=O)cc1,5.37
D3,CHEMBL2103761,COC(=O)C1=C(C)NC(C)=C(C(=O)O[C@H]2CCN(Cc3ccccc3)C2)[C@H]1c1cccc([N+](=O)[O-])c1,5.37
D3,CHEMBL142217,N#Cc1ccc2[nH]cc(CN3CCN(c4ccccc4)CC3)c2c1,5.36
D3,CHEMBL71173,C1=C(c2nc3ccccc3[nH]2)CCN(Cc2ccccc2)C1,5.36
D3,CHEMBL24052,Cc1c(-c2ccccc2)cnn1C1CCN(Cc2cccc(C#N)c2)CC1,5.36
D3,CHEMBL165022,C#CC(C#C)=C1CCC(N(CCC)CCC)CC1,5.36
D3,CHEMBL192433,CCCN(CCC)[C@H]1CCn2c(ccc2C(=O)OCC)C1,5.36
D3,CHEMBL4438465,COc1ccc(OCCN2CCN(C(=O)c3ccc(OC)cc3)CC2C)cc1,5.36
D3,CHEMBL5083186,CCOC(=O)/C=C1\[C@@H]2CCC[C@@]1(c1cccc(O)c1)CCN2CC1CC1CCNC(=O)c1cc2ccccc2[nH]1,5.36
D3,CHEMBL70267,C1=C(c2nc3ccccc3o2)CCN(Cc2ccccc2)C1,5.35
D3,CHEMBL2105458,CN1CCC(N(Cc2cccs2)c2ccccc2)CC1,5.35
D3,CHEMBL21333,O=C(Nc1cccc2c(=O)cc(-c3nnn[nH]3)oc12)c1ccc(OCCCCc2ccccc2)cc1,5.35
D3,CHEMBL160952,C#Cc1cccc2c(CN3CCN(c4ccc(Cl)cc4)CC3)cnn12,5.34
D3,CHEMBL1684127,CCCN1CCc2cccc3c2C1Cc1cccc(OCCCNCCCO)c1-3,5.34
D3,CHEMBL3289643,O=C1c2ccccc2CC1CCN1CCN(c2ccc(Cl)cc2)CC1,5.34
D3,CHEMBL3622102,CCCN(CCN1CCN(Cc2cc3ccccc3[nH]2)CC1)Cc1ccc(OC)cc1,5.34
D3,CHEMBL4588808,Cc1cccc(NC(=O)CCN2CCN(c3ncccn3)CC2)c1,5.34
D3,CHEMBL1175,CNCC[C@H](Oc1cccc2ccccc12)c1cccs1,5.34
D3,CHEMBL273264,N=C(N)Nc1ccc(C(=O)Oc2ccc3cc(C(=N)N)ccc3c2)cc1,5.34
D3,CHEMBL366265,CCN(CC)CCOc1ccccc1Cc1ccccc1,5.33
D3,CHEMBL187420,c1ccc(Cc2ccccc2NCCN2CCCC2)cc1,5.33
D3,CHEMBL1949729,CN1CCc2ccccc2Cc2[nH]c3ccccc3c2C[C@H]1CO,5.33
D3,CHEMBL434,CC(C)NCC(O)c1ccc(O)c(O)c1,5.33
D3,CHEMBL4454100,CCCCCCCCCCC[C@@H]1CCN[C@H](C(=O)NCC(O)CO)C1,5.33
D3,CHEMBL51,O=C(c1ccc(F)cc1)C1CCN(CCn2c(=O)[nH]c3ccccc3c2=O)CC1,5.33
D3,CHEMBL109,CCCC(CCC)C(=O)O,5.33
D3,CHEMBL2111097,CCOC(=O)C1=C(COCCN)NC(C)=C(C(=O)OC)[C@@H]1c1ccccc1Cl,5.33
D3,CHEMBL365960,CCCN(CCC)[C@@H]1CCn2c(/C=N\O)ccc2C1,5.32
D3,CHEMBL4079642,COc1ccccc1N1CCC12CN(CCCSc1nnc(-c3ccccc3)n1C)C2,5.32
D3,CHEMBL144673,CCCCC(CC)CN1CN(CC(CC)CCCC)CC(C)(N)C1,5.32
D3,CHEMBL432059,Clc1ccc(N2CCN(Cc3ccc4ccnn4c3)CC2)cc1,5.31
D3,CHEMBL404888,COc1cc(CN2CCN(c3ccc(Cl)cc3)CC2)ccc1OCCF,5.31
D3,CHEMBL1172209,CSc1ccc(C2(O)CCN(Cc3c[nH]c4ncccc34)CC2)cc1.O=C(O)C(=O)O,5.31
D3,CHEMBL657,CN(C)CCOC(c1ccccc1)c1ccccc1,5.31
D3,CHEMBL5434856,COc1ccc(C2CCN(CCCc3nc4ccccc4s3)CC2)nc1,5.31
D3,CHEMBL605836,Cn1c(CN2CCN(c3ncc(C(F)(F)F)cc3Cl)CC2)nc2ccccc21,5.3
D3,CHEMBL4878215,N/C(=N\C(=O)NCc1ccccc1)NC1CCc2nc(N)sc2C1,5.3
D3,CHEMBL326864,N#CC(C#N)=Cc1cccn1C1CCN(Cc2ccccc2)CC1,5.29
D3,CHEMBL2443000,COc1ccccc1N1CCN(Cc2cn(CCOCCOCCF)nn2)CC1,5.29
D3,CHEMBL1533,C#C[C@]1(O)CC[C@H]2[C@@H]3CCC4=CCCC[C@@H]4[C@H]3C(=C)C[C@@]21CC,5.29
D3,CHEMBL140165,N#Cc1ccc2[nH]cc(CN3CCN(c4ccc(F)cc4)CC3)c2c1,5.28
D3,CHEMBL64043,c1ccc(CN2CCN(Cc3csc(-c4ccccc4)n3)CC2)cc1,5.28
D3,CHEMBL268558,Clc1ccc(N2CCN(Cc3cnn4ccc5ccccc5c34)CC2)cc1,5.28
D3,CHEMBL7686,Clc1ccc(N2CCN(Cc3cnc4ccccn34)CC2)cc1,5.28
D3,CHEMBL293956,N#CC(C#N)=Cc1ccc(CN2CCN(c3ccccc3)CC2)[nH]1,5.28
D3,CHEMBL1643900,Fc1cccc(CCN[C@H]2C3C4CC5C6C4CC3C6C52)c1,5.28
D3,CHEMBL114,CC(C)(C)NC(=O)[C@@H]1C[C@@H]2CCCC[C@@H]2CN1C[C@@H](O)[C@H](Cc1ccccc1)NC(=O)[C@H](CC(N)=O)NC(=O)c1ccc2ccccc2n1,5.28
D3,CHEMBL2062860,OC[C@H]1[C@H]2CN(Cc3ccccc3)[C@H](c3ccccc3)[C@H]2[C@@H]1N1CCCCC1,5.28
D3,CHEMBL4741279,O=C(c1ccc(F)cc1)N1CCC(NCCSC(c2ccc(F)cc2)c2ccc(F)cc2)CC1,5.28
D3,CHEMBL5192606,Clc1ccc(Nc2nc3ccccc3c3[nH]c(C4CCCCCCCCCC4)nc23)cc1Cl,5.28
D3,CHEMBL1287853,Cc1cnc(Nc2ccc(OCCN3CCCC3)cc2)nc1Nc1cccc(S(=O)(=O)NC(C)(C)C)c1,5.28
D3,CHEMBL6166355,O=C1CCc2ccccc2N1CCCN1CCN(c2ccc(C(F)(F)F)cc2)CC1,5.28
D3,CHEMBL310310,CN1C2CCC1CC(OC(c1ccccc1)c1ccc(Cl)cc1)C2,5.27
D3,CHEMBL2432039,C1C2C3CC4C2C2C1C3[C@H](NCC13C5C6C7C5C1C7C63)C42,5.27
D3,CHEMBL5277325,CN(C)[C@@H](CNC(=O)NC[C@H]1Cc2ccccc21)CC1CCCCC1,5.27
D3,CHEMBL6003107,O=C(NCCCCN1CCN(c2cc(C(F)(F)F)nc3ccccc23)CC1)N1CCC(c2ccccc2)CC1,5.27
D3,CHEMBL64119,CC(C)Oc1cccnc1N(C)C1CCN(Cc2ccccc2)CC1.O=C(O)/C=C\C(=O)O,5.26
D3,CHEMBL268190,c1ccn2ncc(CN3CCN(C4CCCCC4)CC3)c2c1,5.26
D3,CHEMBL435939,COc1ccc2onc(N3CCN(CCCCNC(=O)c4cccc(-n5ccnc5)c4)CC3)c2c1,5.26
D3,CHEMBL245815,OC1(Cc2ccc(Cl)cc2)CCN(Cc2c[nH]c3ccccc23)CC1,5.26
D3,CHEMBL2205813,COc1cccc(CCN2C3C4C5CC6C7C5C3C7C2(O)C64)c1OC,5.26
D3,CHEMBL4758774,[O-][S+](CCNC1CCN(CC(O)Cc2ccccc2)CC1)C(c1ccc(F)cc1)c1ccc(F)cc1,5.26
D3,CHEMBL4778398,O=C(NCCCCN1CCO[C@H]2c3cc(O)ccc3OC[C@@H]21)c1cc2ccccc2[nH]1,5.26
D3,CHEMBL129529,CCCCN(CCCC)CCCOC(=O)c1ccc(N)cc1,5.26
D3,CHEMBL303519,c1cnc(N2CCN(Cc3cccc4c3Cc3ccccc3-4)CC2)nc1,5.25
D3,CHEMBL207488,Fc1ccc(N2CCN(Cc3cn4nc(Cl)ccc4n3)CC2)cc1,5.25
D3,CHEMBL4443054,Cc1cccc(NC(=O)CN2CCN(c3ncccn3)CC2)c1,5.25
D3,CHEMBL97424,CCCN1CCO[C@H]2c3cc(O)ccc3OC[C@@H]21,5.25
D3,CHEMBL5075014,O=C(NCCCCN1CC[C@]2(c3cccc(O)c3)CCC[C@H]1[C@@H]2O)c1cc2ccccc2[nH]1,5.25
D3,CHEMBL5278254,CN1CCN(C(=O)CCCN2CCN(c3cccc(Cl)c3Cl)CC2)C(C(=O)NC(C)(C)C)C1,5.25
D3,CHEMBL2105617,CCC1C2CC3C4N(C)c5ccccc5C45CC(C2[C@H]5O)N3C1O,5.25
D3,CHEMBL156198,Fc1ccc(-c2cccc3c(CN4CCN(c5ccc(Cl)cc5)CC4)cnn23)cc1,5.24
D3,CHEMBL654,CN1CCN2c3ncccc3Cc3ccccc3C2C1,5.24
D3,CHEMBL2443008,COc1ccccc1N1CCN(Cc2cn(-c3ccc(OCCCOC4O[C@H](CO)[C@@H](O)[C@H](O)[C@H]4F)cc3)nn2)CC1,5.24
D3,CHEMBL753,CC(COc1ccccc1)N(CCCl)Cc1ccccc1,5.24
D3,CHEMBL1454910,O=[N+]([O-])c1ccc(O)c2ncccc12,5.24
D3,CHEMBL62601,COc1c(-c2nc(CNC[C@@H]3CCN(Cc4ccccc4)C3)co2)cc(Br)c2ccccc12,5.23
D3,CHEMBL346805,O=Cc1cccc2c(CN3CCN(c4ccc(Cl)cc4)CC3)cnn12,5.23
D3,CHEMBL1923293,COc1cc(CN2CCN(c3ccc4c(c3)OCCO4)CC2)ccc1F,5.23
D3,CHEMBL4076796,N#Cc1ccc2c(c1)CCNC2,5.23
D3,CHEMBL429,CC(CCc1ccccc1)NCC(O)c1ccc(O)c(C(N)=O)c1,5.23
D3,CHEMBL6150093,O=C1CCc2ccccc2N1CCCN1CCN(c2ccc3ccccc3c2)CC1,5.23
D3,CHEMBL193043,CCCN(CCC)[C@@H]1CCn2c(C=C(C#N)C#N)ccc2C1,5.22
D3,CHEMBL3818128,Cl.Fc1ccc(CCCCN2CCc3ccccc3C2)cc1,5.22
D3,CHEMBL4465109,CCCN1CCO[C@@H]2c3cc(OCCCCNC(=O)c4cc5ccccc5o4)ccc3OC[C@H]21,5.22
D3,CHEMBL5266508,CC(C)(C)NC(=O)C1C(=O)NCCN1C(=O)CCCN1CCN(c2cccc(Cl)c2Cl)CC1,5.22
D3,CHEMBL25336,C(=N/NC1=NCCN1)\c1c2ccccc2c(/C=N/NC2=NCCN2)c2ccccc12,5.22
D3,CHEMBL108495,CCN(CC)CCOCCOC1(c2ccccc2)CCCC1,5.21
D3,CHEMBL59702,c1ccc(CN2CCC(NCc3coc(-c4ccccc4)n3)CC2)cc1,5.21
D3,CHEMBL389356,CN1CCCc2cc(O)ccc2Cc2ccccc2CC1,5.21
D3,CHEMBL447907,COc1ccc(N2CCN(CCCCNC(=O)c3ccc4nonc4c3)CC2)cc1,5.21
D3,CHEMBL558838,COc1ccccc1N1CCN(Cc2c(C)[nH]c3nc(N(C)C)ncc23)CC1,5.21
D3,CHEMBL559868,Clc1nccc2c(CN3CCN(c4ccccc4)CC3)c[nH]c12,5.21
D3,CHEMBL4466483,FC(F)(F)c1cc(Oc2nccc3ccsc23)ccc1-c1cccc2nccn12,5.21
D3,CHEMBL22242,CCN1CCC[C@H]1CNC(=O)c1c(OC)ccc(Br)c1OC,5.21
D3,CHEMBL408,Cc1c(C)c2c(c(C)c1O)CCC(C)(COc1ccc(CC3SC(=O)NC3=O)cc1)O2,5.21
D3,CHEMBL4448320,Cc1cccc(NC(=O)CN2CCN(c3ccccn3)CC2)c1,5.2
D3,CHEMBL1085699,COC(=O)C1=C(C)NC(C)=C(C(=O)OCCN2CCN(C(c3ccccc3)c3ccccc3)CC2)C1c1cccc([N+](=O)[O-])c1,5.2
D3,CHEMBL342001,N#Cc1ccc2[nH]cc(CN3CCN(c4ccc(Cl)cc4)CC3)c2c1,5.19
D3,CHEMBL3084507,COc1ccccc1[C@]1(O)C[C@H]2CC[C@@H](C1)N2Cc1c[nH]c2ccccc12,5.19
D3,CHEMBL4458742,C[C@H]1CO[C@H](c2ccc(N)nc2)CN1CCCCNC(=O)c1cc2ccccc2[nH]1,5.19
D3,CHEMBL639,CN1CCCC(n2nc(Cc3ccc(Cl)cc3)c3ccccc3c2=O)CC1,5.19
D3,CHEMBL107360,c1ccc2c(c1)CCc1ccccc1N2C1CN2CCC1CC2,5.19
D3,CHEMBL22108,CC(C1=C(CCN(C)C)Cc2ccccc21)c1ccccn1,5.19
D3,CHEMBL267853,Clc1ccc(N2CCN(Cc3cnc4ncccn34)CC2)cc1,5.18
D3,CHEMBL4453955,CCCCN1CCC2(CC1)CCN(c1ccccc1OC)C2,5.18
D3,CHEMBL107529,c1ccc(CN2CCC(n3ccc(-c4cnco4)c3)CC2)cc1,5.17
D3,CHEMBL7508,Ic1ccc(N2CCN(Cc3cnn4ccccc34)CC2)cc1,5.17
D3,CHEMBL57478,CC1CCN(Cc2c[nH]c3ccccc23)CC1,5.17
D3,CHEMBL2205361,Cc1c(C(=O)N(CCCN2CCCCC2)c2ccccc2)oc2ccccc12,5.17
D3,CHEMBL2424668,Cl.O=C(Cc1ccc(OC2CCNCC2)cc1OCCF)N1CCC(N2C(=O)CCc3ccccc32)CC1,5.17
D3,CHEMBL1214598,CCOC(=O)c1c(CSc2ccccc2)n(C)c2cc(Br)c(O)c(CN(C)C)c12,5.17
D3,CHEMBL5399689,Cc1ccc2nc(CCCN3CCC(c4ccccn4)CC3)sc2c1,5.17
D3,CHEMBL5647307,C=CCN1C[C@H](OC(=O)Nc2ccc(-c3ccsc3)cc2)C[C@@H]1CNC(=O)c1cc(CCCF)cc(OC)c1OC,5.17
D3,CHEMBL104201,N#CC(C#N)=Cc1ccn(C2CCN(Cc3ccccc3)CC2)c1,5.16
D3,CHEMBL294458,N#CC(C#N)=Cc1cc(CN2CCN(c3ccc(Cl)cc3)CC2)c[nH]1,5.16
D3,CHEMBL440120,N#CC(C#N)=Cc1[nH]ccc1CN1CCN(c2ccccc2)CC1,5.16
D3,CHEMBL396950,Oc1ccc2c(c1)CCCNCCc1ccccc1C2,5.16
D3,CHEMBL60889,CCOc1cc(N)c(Cl)cc1C(=O)NCC1CN(Cc2ccc(F)cc2)CCO1,5.16
D3,CHEMBL2443262,COc1ccsc1CNCC[C@@]1(c2ccccn2)CCOC2(CCCC2)C1,5.16
D3,CHEMBL540039,Cl.c1ccc(C2=NC[C@H](CN3CCN(c4ccccc4)CC3)N2)cc1,5.15
D3,CHEMBL1371770,c1cnc(N2CCN(Cc3ccc4c(c3)OCO4)CC2)nc1,5.15
D3,CHEMBL168372,COc1cc(N(C)C(C)=O)c(Cl)cc1C(=O)NC[C@@H]1CCN(Cc2ccccc2)C1,5.14
D3,CHEMBL1643899,Fc1cccc(CN[C@H]2C3C4CC5C6C4CC3C6C52)c1,5.14
D3,CHEMBL169889,COc1ccc(Br)cc1C1=NCC[C@H](CN2CCN(c3ccccc3)CC2)N1,5.13
D3,CHEMBL847,CC(C)NCC1CCc2cc(CO)c([N+](=O)[O-])cc2N1,5.13
D3,CHEMBL1729803,CCN(CC)CCn1c(=O)c(Cc2ccc(OC)cc2)nc2ccccc21,5.13
D3,CHEMBL62996,Oc1ccc(Br)cc1-c1nc(CN2CCN(c3ccccc3)CC2)co1,5.12
D3,CHEMBL300553,N#CC(C#N)=Cc1[nH]ccc1CN1CCN(c2ccc(Cl)cc2)CC1,5.12
D3,CHEMBL2443001,COc1ccccc1N1CCN(Cc2cn(CCOCCOCCOCCF)nn2)CC1,5.12
D3,CHEMBL5170354,Clc1ccc(Nc2nc3ccccc3c3[nH]c(C4CCCCCCCCCCC4)nc23)cc1Cl,5.12
D3,CHEMBL108160,C[Si](C)(C)C#Cc1cccn1C1CCN(Cc2ccccc2)CC1,5.11
D3,CHEMBL364565,c1ccc(Cc2ccccc2OCCN2CCCCC2)cc1,5.11
D3,CHEMBL211135,Clc1ccc(N2CCN(Cc3cn4nc(Cl)ccc4n3)CC2)cc1,5.11
D3,CHEMBL1290,CC(C)(C)NC[C@H](O)COc1ccccc1C1CCCC1,5.11
D3,CHEMBL325104,C#Cc1cccn1C1CCN(Cc2ccccc2)CC1,5.1
D3,CHEMBL192501,CCCN(CCC)[C@H]1CCn2c(ccc2-c2ccccc2)C1,5.1
D3,CHEMBL2062856,CCN(CC)[C@@H]1[C@@H](CO)[C@H]2CN(Cc3ccccc3)[C@H](c3ccc(Br)cc3)[C@H]21,5.1
D3,CHEMBL4277264,Cc1cc(Oc2nccc3occc23)ccc1-c1c(C)ncc2nccn12,5.1
D3,CHEMBL46740,Cc1c(-c2ccc(O)cc2)n(Cc2ccc(OCCN3CCCCCC3)cc2)c2ccc(O)cc12,5.1
D3,CHEMBL87493,CCNC(C)Cc1cccc(C(F)(F)F)c1,5.1
D3,CHEMBL6144966,COC(=O)c1ccc(N2CCN(CCCN3C(=O)CCc4ccccc43)CC2)cc1,5.1
D3,CHEMBL4572614,Cc1ncc2nccn2c1-c1ccc(Oc2nccc3occc23)cc1C(F)(F)F,5.09
D3,CHEMBL1615777,N=C(N)NCc1cccc([123I])c1,5.09
D3,CHEMBL62703,c1ccc(CN2CCN(Cc3coc(-c4ccccc4)n3)CC2)cc1,5.08
D3,CHEMBL477961,O=C1c2ccccc2CCN1CCCN1CCN(c2ccccn2)CC1,5.08
D3,CHEMBL477248,O=C1c2ccccc2CCCN1CCCN1CCN(c2ncccn2)CC1,5.08
D3,CHEMBL5178868,COc1ccc(N2CCN(CCCN3C(=O)CCc4ccccc43)CC2)cc1.O=C(O)C(=O)O,5.08
D3,CHEMBL679,CNC[C@H](O)c1ccc(O)c(O)c1,5.08
D3,CHEMBL968,CCN(CC)CCN1C(=O)CN=C(c2ccccc2F)c2cc(Cl)ccc21,5.08
D3,CHEMBL27,CC(C)NCC(O)COc1cccc2ccccc12,5.08
D3,CHEMBL2107831,CCCCCCO[C@@H](C)c1cccc(-c2csc(NC(=O)c3cc(Cl)c(/C=C(\C)C(=O)O)c(Cl)c3)n2)c1OC,5.08
D3,CHEMBL97348,CCCN(CCC)[C@H]1CCn2cc(CO)cc2C1,5.07
D3,CHEMBL365795,CC(C(=O)O)c1ccc(C(=O)c2ccccc2)s1,5.07
D3,CHEMBL76725,N=C(N)NCC1COc2ccccc2O1,5.07
D3,CHEMBL232201,CCc1oc2ccccc2c1C(=O)c1cc(I)c(O)c(I)c1,5.07
D3,CHEMBL104092,C(#Cc1cccn1C1CCN(Cc2ccccc2)CC1)c1ccccc1,5.06
D3,CHEMBL167032,COc1cc(NC(C)=O)c(Cl)cc1C(=O)NC[C@H]1CCN(Cc2ccccc2)C1,5.06
D3,CHEMBL212370,Clc1ccc(N2CCN(Cc3cn4ccccc4n3)CC2)cc1,5.06
D3,CHEMBL272873,FCCOc1ccc(N2CCN(Cc3cnn4ccccc34)CC2)cc1,5.06
D3,CHEMBL1259241,Cc1ccc(CNCC2(F)CCN(C(=O)c3csc4ccccc34)CC2)nc1,5.06
D3,CHEMBL2062859,CCN(CC)[C@H]1[C@H](CO)[C@@H]2CN(Cc3ccccc3)[C@@H](c3ccccn3)[C@@H]21,5.06
D3,CHEMBL2432048,c1ccc(CCN[C@H]2C3C4CC5C6C4CC3C6C52)cc1,5.06
D3,CHEMBL4528479,CCCN1CCO[C@@H]2c3cc(OCCCCNC(=O)c4cc5cccnc5[nH]4)ccc3OC[C@H]21,5.06
D3,CHEMBL1201304,CC1(C)C(/C=C/C=C/C=C/C=C2\N(CCCCS(=O)(=O)O)c3ccc4ccccc4c3C2(C)C)=[N+](CCCCS(=O)(=O)[O-])c2ccc3ccccc3c21,5.06
D3,CHEMBL5087167,Cn1cc2c(-c3c(-c4ccc(F)cn4)nn4c3COC(C)(C)C4)ccnc2n1,5.06
D3,CHEMBL477249,COc1ccc(N2CCN(CCCN3CCCCc4ccccc4C3=O)CC2)cc1,5.05
D3,CHEMBL240045,CC(C(=O)N1c2ccccc2Sc2ccccc21)c1ccccc1,5.05
D3,CHEMBL5090346,N#CC(CCNCCc1ccccc1)(c1ccccc1)c1ccccc1,5.05
D3,CHEMBL5207313,O=C(O)C(=O)O.c1ccc(N2CCN(CCCn3cnc4ccccc43)CC2)cc1,5.05
D3,CHEMBL303933,Clc1ccc2c(N3CCN(CCCN4CCN(c5ccnc6cc(Cl)ccc56)CC4)CC3)ccnc2c1,5.05
D3,CHEMBL1323615,CN1c2ccccc2Sc2cc(N)ccc21,5.04
D3,CHEMBL7002,CC1(COc2ccc(CC3SC(=O)NC3=O)cc2)CCCCC1,5.04
D3,CHEMBL3234522,CN1C(=O)c2ccccc2[S+]([O-])c2ccc(C(=O)NCCc3cccs3)cc21,5.04
D3,CHEMBL156369,Cc1cccn2ncc(CN3CCN(c4ccc(Cl)cc4)CC3)c12,5.03
D3,CHEMBL4564115,COc1ccc(OCC(C)N2CCN(C(=O)c3ccc(OC)cc3)CC2)cc1,5.03
D3,CHEMBL159226,CC(=O)Oc1cc(C(C)C)c(OCCN(C)C)cc1C,5.03
D3,CHEMBL1902981,CCc1ccc(C(=O)C(C)CN2CCCCC2)cc1,5.03
D3,CHEMBL96998,CCCN(CCC)[C@H]1CCn2ccc(CO)c2C1,5.01
D3,CHEMBL1479,C#C[C@]1(O)CC[C@H]2[C@@H]3CCC4=Cc5oncc5C[C@]4(C)[C@H]3CC[C@@]21C,5.01
D3,CHEMBL4553903,COc1ccc(OCCN2CCN(C(C)=O)CC2)cc1,5.01
D3,CHEMBL26291,CN(C)CCCNc1c2ccccc2nc2cccc([N+](=O)[O-])c12,5.01
D3,CHEMBL254832,CC(NCCC(c1ccccc1)c1ccccc1)c1ccccc1,5.01
D3,CHEMBL1630578,C[C@@H]1C[C@H]2[C@@H]3CCC4=CC(=O)C=C[C@]4(C)C3=CC[C@]2(C)[C@H]1C(=O)CN1CCN(c2cc(N3CCCC3)nc(N3CCCC3)n2)CC1,5.01
D3,CHEMBL88937,Clc1ccc(N2CCN(Cc3cccc4ccnn34)CC2)cc1,5.0
D3,CHEMBL136298,CC(=O)NCC1(c2ccccc2)CCN(CCCC(=O)c2ccc(F)cc2)CC1,5.0
D3,CHEMBL136161,CCC(=O)OC1(c2ccccc2)CCN(CCC(=O)c2ccccc2)CC1C,5.0
D3,CHEMBL139203,CCOc1ccc(NC(=O)C2CCCN(CCc3ccccc3)C2)cc1,5.0
D3,CHEMBL136529,c1ccc2c3c([nH]c2c1)CCN1CCN(CCc2ccncc2)CC31,5.0
D3,CHEMBL139437,CCCCCN1CCN(C(CC(=O)c2ccccc2)C(=O)c2ccccc2)CC1,5.0
D3,CHEMBL139251,CCCCN(CCCC)Cc1c(C)nc2cc(OC)ccc2c1O,5.0
D3,CHEMBL136413,CCCCN(CC)CC(C(C)=O)C1=C(O)OC2C=CC=CC2C1=O,5.0
D3,CHEMBL136578,CCCCN1CN(CCCC)CN(C(=S)c2c(Cl)cccc2Cl)C1,5.0
D3,CHEMBL136543,CCCN(CCC)CN1C(=O)c2ccccc2C1=O,5.0
D3,CHEMBL345034,CCCN(CCC#N)CN1C(=O)c2ccccc2C1=O,5.0
D3,CHEMBL136530,CCn1c2ccccc2c2cc(NCCCN(C)C)ccc21,5.0
D3,CHEMBL343536,N#CCCN(CCCN1CCOCC1)CN1C(=O)c2ccccc2C1=O,5.0
D3,CHEMBL136906,CCCCN1CSC(=S)N(Cc2ccccc2)C1,5.0
D3,CHEMBL476278,COc1ccc(N2CCN(CCCN3CCc4ccccc4C3=O)CC2)cc1,5.0
D3,CHEMBL45305,Cc1ccc(CNCC2(F)CCN(C(=O)c3ccc(F)c(Cl)c3)CC2)nc1,5.0
D3,CHEMBL4551344,O=C(NS(=O)(=O)c1ccc(NCC2CCOCC2)c([N+](=O)[O-])c1)c1ccc(N2CCN(Cc3ccc(C(F)(F)F)cc3-c3ccc(Cl)cc3)CC2)cc1Oc1cnc2[nH]ccc2c1,5.0
D3,CHEMBL671,S=P(N1CC1)(N1CC1)N1CC1,5.0
D3,CHEMBL1726,COC(=O)C1=C(C)NC(C)=C(C(=O)OCC(C)C)C1c1ccccc1[N+](=O)[O-],5.0
D3,CHEMBL655,Cc1ncc2n1-c1ccc(Cl)cc1C(c1ccccc1F)=NC2,5.0
