target,molecule_chembl_id,canonical_smiles,pchembl_value
OPRK1,CHEMBL415247,CC(C)[C@@H](CN1CC[C@@](C)(c2cccc(O)c2)[C@@H](C)C1)NC(=O)[C@H]1Cc2ccc(O)cc2CN1,11.0
OPRK1,CHEMBL2338747,CO[C@]12CC[C@@]3(C[C@@H]1[C@](C)(O)CC1CCCC1)[C@H]1Cc4ccc(O)c5c4[C@@]3(CCN1CC1CC1)[C@H]2O5,10.96
OPRK1,CHEMBL4111684,CC(C)C[C@@H](NC(=O)[C@@H](Cc1ccccc1)NC(=O)[C@H](N)Cc1ccccc1)C(=O)N[C@H](CCCCN)C(=O)N1CCC(n2cc(-c3ccccc3)[nH]c2=O)CC1,10.94
OPRK1,CHEMBL2338720,CO[C@]12CC[C@@]3(C[C@@H]1[C@@H](O)CC(C)C)[C@H]1Cc4ccc(O)c5c4[C@@]3(CCN1CC1CC1)[C@H]2O5,10.89
OPRK1,CHEMBL4109154,CO[C@]12CC[C@@]3(C[C@@H]1COCc1ccc(C(N)=O)cc1)[C@H]1Cc4ccc(O)c5c4[C@@]3(CCN1CC1CC1)[C@H]2O5,10.85
OPRK1,CHEMBL4110548,CC(C)C[C@@H](NC(=O)[C@@H](Cc1ccccc1)NC(=O)[C@H](N)Cc1ccccc1)C(=O)N[C@H](CCCCN)C(=O)N1CCC(C(=O)N2CCOCC2)CC1,10.84
OPRK1,CHEMBL445332,COC(=O)[C@@H]1C[C@H](OC(C)=O)C(=O)[C@H]2[C@@]1(C)CC[C@H]1C(=O)O[C@H](c3ccoc3)C[C@]21C,10.82
OPRK1,CHEMBL593214,Cc1ccc(C(=O)N[C@@H]2CC[C@@]3(O)[C@H]4Cc5ccc(O)c6c5[C@@]3(CCN4CC3CC3)[C@H]2O6)cc1.O=C(O)C(=O)O,10.82
OPRK1,CHEMBL2338742,CO[C@]12CC[C@@]3(C[C@@H]1[C@H](O)CC1CCCCC1)[C@H]1Cc4ccc(O)c5c4[C@@]3(CCN1CC1CC1)[C@H]2O5,10.82
OPRK1,CHEMBL5178795,COc1ccc2c3c1O[C@H]1[C@@]4(OC)CC[C@@]5(C[C@@]4(C)[C@H](O)c4ccccc4)[C@@H](C2)N(CC2CC2)CC[C@]315,10.82
OPRK1,CHEMBL4760663,CC(C)C[C@@H](NC(=O)[C@@H](Cc1ccccc1)NC(=O)CNC[C@@H](C)c1ccccc1)C(=O)N[C@H](CCCCN)C(=O)N1CCC(N)(C(=O)O)CC1,10.81
OPRK1,CHEMBL2338753,CO[C@]12CC[C@@]3(C[C@@H]1[C@](C)(O)CCc1ccccc1)[C@H]1Cc4ccc(O)c5c4[C@@]3(CCN1CC1CC1)[C@H]2O5,10.8
OPRK1,CHEMBL4859512,COc1ccc(CNc2cccc([C@H]3C[C@@]45CC[C@]3(OC)[C@@H]3Oc6c(O)ccc7c6[C@@]34CCN(CC3CC3)[C@@H]5C7)c2)cc1,10.8
OPRK1,CHEMBL4115291,CC(C)C[C@@H](NC(=O)[C@@H](Cc1ccccc1)NC(=O)[C@H](N)Cc1ccccc1)C(=O)N[C@H](CCCCN)C(=O)N1CCC2(CC1)C(=O)NCN2c1ccccc1,10.78
OPRK1,CHEMBL2338750,CO[C@]12CC[C@@]3(C[C@@H]1[C@](C)(O)CC1CCCCC1)[C@H]1Cc4ccc(O)c5c4[C@@]3(CCN1CC1CC1)[C@H]2O5,10.77
OPRK1,CHEMBL4071862,Cl.Oc1cccc(CCN(CCc2ccccc2)CC2CCCC2)c1,10.77
OPRK1,CHEMBL603370,COC(=O)N1CCN(C(=O)Cc2ccc(Cl)c(Cl)c2)C(CN2CCCC2)C1,10.74
OPRK1,CHEMBL267495,CN(C(=O)/C=C/c1ccoc1)[C@@H]1CC[C@@]2(O)[C@H]3Cc4ccc(O)c5c4[C@@]2(CCN3CC2CC2)[C@H]1O5,10.72
OPRK1,CHEMBL2338716,CO[C@]12CC[C@@]3(C[C@@H]1[C@H](O)CCC1CCCCC1)[C@H]1Cc4ccc(O)c5c4[C@@]3(CCN1CC1CC1)[C@H]2O5,10.72
OPRK1,CHEMBL3359804,C#Cc1occc1[C@@H]1C[C@]2(C)[C@H]3C(=O)[C@@H](OC(C)=O)C[C@@H](C(=O)OC)[C@]3(C)CC[C@H]2C(=O)O1,10.72
OPRK1,CHEMBL277863,COC(=O)N1CCN(C(=O)Cc2ccc(Cl)c(Cl)c2)[C@H](CN2CCCC2)C1,10.7
OPRK1,CHEMBL281786,CO[C@]12CC[C@@]3(C[C@@H]1C(C)(C)O)[C@H]1Cc4ccc(O)c5c4[C@@]3(CCN1CC1CC1)[C@H]2O5,10.7
OPRK1,CHEMBL2338722,CO[C@]12CC[C@@]3(C[C@@H]1[C@@H](O)C1CCCC1)[C@H]1Cc4ccc(O)c5c4[C@@]3(CCN1CC1CC1)[C@H]2O5,10.7
OPRK1,CHEMBL2338717,CO[C@]12CC[C@@]3(C[C@@H]1[C@H](O)Cc1ccccc1)[C@H]1Cc4ccc(O)c5c4[C@@]3(CCN1CC1CC1)[C@H]2O5,10.7
OPRK1,CHEMBL4108017,CO[C@]12CC[C@@]3(C[C@@H]1COCc1ccccc1)[C@H]1Cc4ccc(F)c5c4[C@@]3(CCN1CC1CC1)[C@H]2O5,10.7
OPRK1,CHEMBL4107432,CC(C)C[C@@H](NC(=O)[C@@H](Cc1ccccc1)NC(=O)[C@H](N)Cc1ccccc1)C(=O)N[C@H](CCCCN)C(=O)NCc1cn2ccccc2n1,10.68
OPRK1,CHEMBL4082823,CN(C(=O)/C=C/c1ccccc1)[C@@H]1CC[C@@]2(O)[C@H]3[C@@H](O)c4ccc(O)c5c4[C@@]2(CCN3CC2CC2)[C@H]1O5,10.65
OPRK1,CHEMBL2338718,CO[C@]12CC[C@@]3(C[C@@H]1[C@H](O)CCc1ccccc1)[C@H]1Cc4ccc(O)c5c4[C@@]3(CCN1CC1CC1)[C@H]2O5,10.6
OPRK1,CHEMBL4103819,CN(C(=O)/C=C/c1ccoc1)[C@@H]1CC[C@@]2(O)[C@H]3[C@@H](O)c4ccc(O)c5c4[C@@]2(CCN3CC2CC2)[C@H]1O5,10.6
OPRK1,CHEMBL4064781,CN(C(=O)/C=C/c1ccncc1)[C@@H]1CC[C@@]2(O)[C@H]3[C@@H](O)c4ccc(O)c5c4[C@@]2(CCN3CC2CC2)[C@H]1O5,10.59
OPRK1,CHEMBL6067837,COc1ccc2c(c1)[C@]13CCN(CC4CC4)[C@H](C2)[C@]12CCC(NCc1ccccc1)(CO2)C3,10.59
OPRK1,CHEMBL573214,Oc1ccc2c3c1O[C@H]1c4[nH]c5c(c4C[C@@]4(O)[C@@H](C2)N(CC2CC2)CC[C@]314)C[C@@]1(O)[C@H]2Cc3ccc(O)c4c3[C@@]1(CCN2CC1CC1)[C@H]5O4,10.57
OPRK1,CHEMBL1795714,O=C(N[C@@H]1CC[C@@]2(O)[C@H]3Cc4ccc(O)c5c4[C@@]2(CCN3CC2CC2)[C@H]1O5)c1cccc([125I])c1,10.57
OPRK1,CHEMBL2338748,CO[C@]12CC[C@@]3(C[C@@H]1[C@](C)(O)CCC1CCCC1)[C@H]1Cc4ccc(O)c5c4[C@@]3(CCN1CC1CC1)[C@H]2O5,10.57
OPRK1,CHEMBL5185211,CN(C(=O)/C=C/c1ccoc1)[C@@H]1CCC2[C@H]3Cc4ccc(O)c5c4[C@@]2(CCN3CC2CC2)[C@H]1O5,10.57
OPRK1,CHEMBL5970002,CC(C)C[C@@H](NC(=O)[C@@H](Cc1ccccc1)NC(=O)[C@H](N)Cc1ccccc1)C(=O)N[C@H](CCCCN)C(=O)N1CCC=C(B(O)O)C1,10.57
OPRK1,CHEMBL4077552,CN(C(=O)/C=C/c1ccccn1)[C@@H]1CC[C@@]2(O)[C@H]3[C@@H](O)c4ccc(O)c5c4[C@@]2(CCN3CC2CC2)[C@H]1O5,10.55
OPRK1,CHEMBL4066058,CN(C(=O)/C=C/c1ccsc1)[C@@H]1CC[C@@]2(O)[C@H]3[C@@H](O)c4ccc(O)c5c4[C@@]2(CCN3CC2CC2)[C@H]1O5,10.55
OPRK1,CHEMBL5421947,N[11C](=O)c1ccc(Oc2ccc(CN3CCC[C@H]3c3cccnc3)cc2)c(Cl)c1,10.55
OPRK1,CHEMBL2311186,[3H]C1[C@H](C(C)(C)O)[C@]2(OC)CC[C@]13[C@H]1Cc4ccc(O)c5c4[C@@]3(CCN1CC1CC1)[C@H]2O5,10.54
OPRK1,CHEMBL2028997,CC[C@H](C)[C@H](NC(=O)[C@H](CCCN=C(N)N)NC(=O)[C@H](CCCN=C(N)N)NC(=O)[C@H](CC(C)C)NC(=O)[C@H](Cc1ccccc1)NC(=O)CNC(=O)CNC(=O)[C@@H](N)Cc1ccc(O)cc1)C(=O)N[C@@H](CCCN=C(N)N)C(=O)N1CCC[C@H]1C(=O)N[C@@H](CCCCN)C(=O)N[C@@H](CC(C)C)C(=O)N[C@@H](CCCCN)C(=O)N[C@@H](Cc1c[nH]c2ccccc12)C(=O)N[C@@H](CC(=O)O)C(=O)N[C@@H](CC(N)=O)C(=O)N[C@@H](CCC(=O)O)C(=O)O,10.54
OPRK1,CHEMBL2338726,CO[C@]12CC[C@@]3(C[C@@H]1[C@@H](O)CC1CCCCC1)[C@H]1Cc4ccc(O)c5c4[C@@]3(CCN1CC1CC1)[C@H]2O5,10.54
OPRK1,CHEMBL4080324,CN(C(=O)/C=C/c1ccc(Cl)cc1)[C@@H]1CC[C@@]2(O)[C@H]3[C@@H](O)c4ccc(O)c5c4[C@@]2(CCN3CC2CC2)[C@H]1O5,10.54
OPRK1,CHEMBL571767,COc1ccc(Nc2ccc3c(c2)[C@@]24CCCC[C@H]2[C@@H](C3)N(CC2CC2)CC4)cc1,10.52
OPRK1,CHEMBL6020781,O=C(NCc1ccc(Cl)c(Cl)c1)[C@H]1C[C@]23CCN(CC4CC4)[C@H](Cc4ccc(O)cc42)[C@]3(O)C1,10.52
OPRK1,CHEMBL2338749,CO[C@]12CC[C@@]3(C[C@@H]1[C@](C)(O)C1CCCCC1)[C@H]1Cc4ccc(O)c5c4[C@@]3(CCN1CC1CC1)[C@H]2O5,10.51
OPRK1,CHEMBL6067839,COc1ccc2c(c1)[C@]13CCN(CC4CC4)[C@H](C2)[C@]12CCC(NC(=O)c1ccccc1)(CO2)C3,10.49
OPRK1,CHEMBL2338739,CO[C@]12CC[C@@]3(C[C@@H]1[C@H](O)CCC(C)C)[C@H]1Cc4ccc(O)c5c4[C@@]3(CCN1CC1CC1)[C@H]2O5,10.48
OPRK1,CHEMBL3339378,O=C(NCc1ccccc1)C1=N[C@@]23CC[C@]1(O)C1Oc4c(O)ccc5c4C12CCN(CC1CC1)C3C5,10.48
OPRK1,CHEMBL3808477,O=C1CC(C(=O)N2CCc3ccccc3C2CN2CCCC2)c2cc(Cl)ccc21,10.48
OPRK1,CHEMBL5746992,CC(C)C[C@@H](NC(=O)[C@@H](Cc1ccccc1)NC(=O)[C@H](N)Cc1ccccc1)C(=O)N[C@H](CCCCN)C(=O)N1CC[C@@H](B(O)O)C1,10.48
OPRK1,CHEMBL49269,Oc1ccc2c(c1)[C@@]13CCCC[C@H]1[C@@H](C2)N(CC1CC1)CC3,10.47
OPRK1,CHEMBL2338719,CO[C@]12CC[C@@]3(C[C@@H]1[C@@H](O)C(C)C)[C@H]1Cc4ccc(O)c5c4[C@@]3(CCN1CC1CC1)[C@H]2O5,10.46
OPRK1,CHEMBL5188658,CN(C(=O)/C=C/c1ccoc1)[C@@H]1CC=C2[C@H]3Cc4ccc(O)c5c4[C@@]2(CCN3CC2CC2)[C@H]1O5,10.45
OPRK1,CHEMBL6067860,COC12CC[C@@]3(C[C@]1(C)COCc1ccoc1)[C@H]1Cc4ccc(O)c5c4[C@@]3(CCN1CC1CC1)[C@H]2O5,10.43
OPRK1,CHEMBL38576,CN(C(=O)Cc1ccc(Cl)c(Cl)c1)[C@H](CN1CCCC1)c1ccccc1,10.4
OPRK1,CHEMBL485832,N=C(N)Nc1ccc2[nH]c3c(c2c1)C[C@@]1(O)[C@H]2Cc4ccc(O)c5c4[C@@]1(CCN2CC1CC1)[C@H]3O5,10.4
OPRK1,CHEMBL62474,COC(=O)N1CCN(C(=O)Cc2ccc(Cl)c(Cl)c2)C(CN2CC=CCC2)C1,10.4
OPRK1,CHEMBL511142,CO[C@@]12CC[C@@]3(C[C@@H]1[C@](C)(O)C(C)(C)C)[C@H]1Cc4ccc(O)c5c4[C@@]3(CCN1CC1CC1)[C@H]2O5,10.4
OPRK1,CHEMBL281986,CO[C@]12C=CC3(CC14CCC[C@H]4O)C1Cc4ccc(O)c5c4C3(CCN1CC1CC1)[C@@H]2O5,10.4
OPRK1,CHEMBL320882,CN(C(=O)Cc1ccc(Cl)c(Cl)c1)C(CN1CCCC1)c1ccccc1,10.4
OPRK1,CHEMBL390935,COC(=O)[C@@H]1C[C@H](OC(C)=O)C(=O)[C@H]2[C@@]1(C)CC[C@H]1C(=O)O[C@H](c3ccoc3Br)C[C@]21C,10.4
OPRK1,CHEMBL350384,CCC12CCN(CC3(O)CC3)C(Cc3ccc(O)cc31)C2(C)C,10.4
OPRK1,CHEMBL3581741,CO[C@]12C=C[C@@]3(C[C@]1(C)[C@H](O)c1cccc(C)c1)[C@H]1Cc4ccc(O)c5c4[C@@]3(CCN1CC1CC1)[C@H]2O5,10.4
OPRK1,CHEMBL3581750,CO[C@]12CC[C@@]3(C[C@]1(C)[C@H](O)c1ccccc1)[C@H]1Cc4ccc(O)c5c4[C@@]3(CCN1CC1CC1)[C@H]2O5,10.4
OPRK1,CHEMBL4113058,COc1ccc2c3c1O[C@H]1[C@@]4(OC)CC[C@@]5(C[C@@H]4CNCc4ccccc4)[C@@H](C2)N(CC2CC2)CC[C@]315,10.4
OPRK1,CHEMBL266314,CC(C)C[C@H](NC(=O)CNC(=O)[C@H](Cc1ccc(O)cc1)NC(=O)[C@H](CO)NC(=O)[C@H](Cc1c[nH]c2ccccc12)NC(=O)[C@H](Cc1c[nH]cn1)NC(=O)C1CCC(=O)N1)C(=O)N[C@@H](CCCN=C(N)N)C(=O)N1CCC[C@@H]1C(=O)NCC(N)=O,10.4
OPRK1,CHEMBL3907014,CO[C@@]12CC[C@]3(C[C@@]1(C)[C@@H](O)c1ccccc1)[C@@H]1Cc4ccc(O)c5c4[C@]3(CCN1CC1CC1)[C@@H]2O5,10.4
OPRK1,CHEMBL4101576,Cl.Oc1cccc(CCN(CCc2ccccc2)CC2CCCCC2)c1F,10.4
OPRK1,CHEMBL3919397,COc1ccc2c3c1O[C@H]1[C@@]4(OC)CC[C@@]5(C[C@@H]4COCc4ccc(Cl)c(Cl)c4)[C@@H](C2)N(C)CC[C@]315,10.4
OPRK1,CHEMBL2338728,CO[C@]12CC[C@@]3(C[C@@H]1[C@@H](O)Cc1ccccc1)[C@H]1Cc4ccc(O)c5c4[C@@]3(CCN1CC1CC1)[C@H]2O5,10.39
OPRK1,CHEMBL2338751,CO[C@]12CC[C@@]3(C[C@@H]1[C@](C)(O)CCC1CCCCC1)[C@H]1Cc4ccc(O)c5c4[C@@]3(CCN1CC1CC1)[C@H]2O5,10.39
OPRK1,CHEMBL19019,O=C1CC[C@@]2(O)[C@H]3Cc4ccc(O)c5c4[C@@]2(CCN3CC2CC2)[C@H]1O5,10.38
OPRK1,CHEMBL473362,O=C(/C=C/c1ccccc1)N[C@@H]1CC[C@@]2(O)[C@H]3Cc4ccc(O)c5c4[C@@]2(CCN3CC2CC2)[C@H]1O5,10.37
OPRK1,CHEMBL3262089,CO[C@]12CC[C@@]3(C[C@@H]1[C@](C)(O)c1ccccc1)[C@H]1Cc4ccc(O)c5c4[C@@]3(CCN1CC1CC1)[C@H]2O5,10.36
OPRK1,CHEMBL4763025,CC(C)C[C@@H](NC(=O)[C@@H](Cc1ccccc1)NC(=O)CNCCCc1ccccc1)C(=O)N[C@H](CCCCN)C(=O)N1CCOCC1,10.35
OPRK1,CHEMBL397035,O=C(Nc1ccccc1)Oc1ccc2c(c1)C13CCCCC1C(C2)N(CC1CC1)CC3,10.34
OPRK1,CHEMBL568757,c1ccc(Nc2ccc3c(c2)[C@@]24CCCC[C@H]2[C@@H](C3)N(CC2CC2)CC4)cc1,10.33
OPRK1,CHEMBL2338729,CO[C@]12CC[C@@]3(C[C@@H]1[C@@H](O)CCc1ccccc1)[C@H]1Cc4ccc(O)c5c4[C@@]3(CCN1CC1CC1)[C@H]2O5,10.33
OPRK1,CHEMBL2338727,CO[C@]12CC[C@@]3(C[C@@H]1[C@@H](O)CCC1CCCCC1)[C@H]1Cc4ccc(O)c5c4[C@@]3(CCN1CC1CC1)[C@H]2O5,10.33
OPRK1,CHEMBL6067859,COC12CC[C@@]3(C[C@]1(C)COCc1ccccc1)[C@H]1Cc4ccc(O)c5c4[C@@]3(CCN1CC1CC1)[C@H]2O5,10.33
OPRK1,CHEMBL500419,Cl.O=C(COc1ccccc1)Oc1ccc2c(c1)[C@@]13CCCC[C@@]1(O)[C@@H](C2)N(CC1CCC1)CC3,10.32
OPRK1,CHEMBL4780496,CC(C)C[C@@H](NC(=O)[C@@H](Cc1ccccc1)NC(=O)CNCCc1ccccc1)C(=O)N[C@H](CCCCN)C(=O)N1CCOCC1,10.32
OPRK1,CHEMBL242756,Nc1nc2cc3c(cc2s1)C[C@@H]1[C@@H]2CCCC[C@]32CCN1CC1CC1,10.31
OPRK1,CHEMBL147511,O=C(CCCCCCCCC(=O)Oc1ccc2c(c1)[C@@]13CCCC[C@H]1[C@@H](C2)N(CC1CCC1)CC3)Oc1ccc2c(c1)[C@@]13CCCC[C@H]1[C@@H](C2)N(CC1CCC1)CC3,10.31
OPRK1,CHEMBL3759660,Nc1nc2cc3c(cc2s1)C[C@H]1[C@@H]2CCCC[C@]32CCN1CC1CC1,10.31
OPRK1,CHEMBL4090628,Cc1ccc(/C=C/C(=O)N(C)[C@@H]2CC[C@@]3(O)[C@H]4[C@@H](O)c5ccc(O)c6c5[C@@]3(CCN4CC3CC3)[C@H]2O6)cc1,10.31
OPRK1,CHEMBL201884,CN(C(=O)CNc1ccccc1)[C@H](CN1CC[C@H](O)C1)c1ccccc1,10.3
OPRK1,CHEMBL473699,Cc1nc2cc3c(cc2[nH]1)[C@@]1(C)CCN(CC2CC2)C(C3)[C@@H]1C,10.3
OPRK1,CHEMBL1795715,C=CCN1CC[C@]23c4c5ccc(O)c4O[C@H]2[C@H](NC(=O)c2cccc([125I])c2)CC[C@@]3(O)[C@H]1C5,10.3
OPRK1,CHEMBL490665,CN(C(=O)/C=C/c1ccoc1)[C@@H]1CC[C@@]2(O)[C@H]3Cc4ccc(O)c5c4[C@@]2(CCN3CC2CC2)[C@H]1O5.Cl,10.3
OPRK1,CHEMBL3581743,CO[C@]12C=C[C@@]3(C[C@]1(C)[C@H](O)c1ccc(F)cc1)[C@H]1Cc4ccc(O)c5c4[C@@]3(CCN1CC1CC1)[C@H]2O5,10.3
OPRK1,CHEMBL4112241,CO[C@]12CC[C@@]3(C[C@@H]1COCc1cccc(NC(C)=O)c1)[C@H]1Cc4ccc(O)c5c4[C@@]3(CCN1CC1CC1)[C@H]2O5,10.3
OPRK1,CHEMBL3974294,CO[C@@]12C=C[C@]3(C[C@@]1(C)[C@@H](O)c1ccc(F)cc1)[C@@H]1Cc4ccc(O)c5c4[C@]3(CCN1CC1CC1)[C@@H]2O5,10.3
OPRK1,CHEMBL3908275,COc1ccc2c3c1O[C@H]1[C@@]4(OC)CC[C@@]5(C[C@@H]4COCC4CCCCC4)[C@@H](C2)N(C)CC[C@]315,10.3
OPRK1,CHEMBL3893577,COc1ccc2c3c1O[C@H]1[C@@]4(OC)CC[C@@]5(C[C@@H]4COCc4cccc(C)c4)[C@@H](C2)N(C)CC[C@]315,10.3
OPRK1,CHEMBL242048,O=C(Nc1ccccc1)Oc1ccc2c(c1)C13CCCCC1C(C2)N(CC1CCC1)CC3,10.29
OPRK1,CHEMBL2338714,CO[C@]12C=C[C@@]3(C[C@@H]1[C@](C)(O)CCC(C)C)[C@H]1Cc4ccc(O)c5c4[C@@]3(CCN1CC1CC1)[C@H]2O5,10.29
OPRK1,CHEMBL2338743,CO[C@]12CC[C@@]3(C[C@@H]1[C@](C)(O)C(C)C)[C@H]1Cc4ccc(O)c5c4[C@@]3(CCN1CC1CC1)[C@H]2O5,10.29
OPRK1,CHEMBL5205530,COc1ccc2c3c1O[C@H]1[C@@]4(OC)CC[C@@]5(C[C@@]4(C)[C@H](O)c4ccc(C(F)(F)F)cc4)[C@@H](C2)N(CC2CC2)CC[C@]315,10.29
OPRK1,CHEMBL2338741,CO[C@]12CC[C@@]3(C[C@@H]1[C@H](O)C1CCCCC1)[C@H]1Cc4ccc(O)c5c4[C@@]3(CCN1CC1CC1)[C@H]2O5,10.28
OPRK1,CHEMBL6067838,COc1ccc2c(c1)[C@]13CCN(CC4CC4)[C@H](C2)[C@]12CCC(NCC1CCCCC1)(CO2)C3,10.28
OPRK1,CHEMBL4752526,CC(C)C[C@@H](NC(=O)[C@@H](Cc1ccccc1)NC(=O)CNCCc1ccccc1)C(=O)N[C@H](CCCCN)C(=O)N1CCC(N)(C(=O)O)CC1,10.27
OPRK1,CHEMBL5883628,CC(C)C[C@@H](NC(=O)[C@@H](Cc1ccccc1)NC(=O)[C@H](N)Cc1ccccc1)C(=O)N[C@H](CCCCN)C(=O)N1CC=C(B(O)O)C1,10.26
OPRK1,CHEMBL86324,CN(C(=O)Cc1ccc(C(F)(F)F)cc1)[C@H](CN1CCCC1)c1ccccc1,10.24
OPRK1,CHEMBL2338744,CO[C@]12CC[C@@]3(C[C@@H]1[C@](C)(O)CC(C)C)[C@H]1Cc4ccc(O)c5c4[C@@]3(CCN1CC1CC1)[C@H]2O5,10.24
OPRK1,CHEMBL4778958,CC(C)C[C@@H](NC(=O)[C@@H](Cc1ccccc1)NC(=O)CNCC1(c2ccccc2)CC1)C(=O)N[C@H](CCCCN)C(=O)N1CCC(N)(C(=O)O)CC1,10.24
OPRK1,CHEMBL6067844,COc1ccc2c(c1)[C@]13CCN(CC4CC4)[C@H](C2)[C@]12CCC(NS(=O)(=O)c1ccc(Cl)cc1)(CO2)C3,10.24
OPRK1,CHEMBL216640,CC[C@H](C)[C@H](NC(=O)[C@H](CCCN=C(N)N)NC(=O)[C@H](CCCN=C(N)N)NC(=O)[C@H](CC(C)C)NC(=O)[C@H](Cc1ccccc1)NC(=O)CNC(=O)CNC(=O)[C@@H](N)Cc1ccc(O)cc1)C(=O)N[C@@H](CCCN=C(N)N)C(=O)N1CCC[C@H]1C(=O)N[C@@H](CCCCN)C(N)=O,10.23
OPRK1,CHEMBL2338738,CO[C@]12CC[C@@]3(C[C@@H]1[C@H](O)CC(C)C)[C@H]1Cc4ccc(O)c5c4[C@@]3(CCN1CC1CC1)[C@H]2O5,10.23
OPRK1,CHEMBL5856261,CC(C)(C)C(=O)NC12CC[C@@]3(OC1)[C@H]1Cc4ccc(O)cc4[C@@]3(CCN1CC1CC1)C2,10.23
OPRK1,CHEMBL441939,CCNC(=O)[C@H](CC(C)C)NC(=O)[C@H](CCCN=C(N)N)N(C)C(=O)[C@H](CCCN=C(N)N)NC(=O)[C@H]1CSSC[C@H](NC(=O)[C@@H](N)Cc2ccc(O)cc2)C(=O)NCC(=O)N[C@H](Cc2ccccc2)C(=O)N1,10.22
OPRK1,CHEMBL58646,C[C@H]1C2Cc3ccc(C(N)=O)cc3[C@@]1(C)CCN2CC1CC1,10.22
OPRK1,CHEMBL410122,O=C(N[C@@H]1CC[C@@]2(O)[C@H]3Cc4ccc(O)c5c4[C@@]2(CCN3CC2CC2)[C@H]1O5)c1cccc(O)c1,10.22
OPRK1,CHEMBL297428,CC1C2Cc3ccc(C(N)=O)cc3C1(C)CCN2CC1CC1,10.22
OPRK1,CHEMBL2338745,CO[C@]12CC[C@@]3(C[C@@H]1[C@](C)(O)CCC(C)C)[C@H]1Cc4ccc(O)c5c4[C@@]3(CCN1CC1CC1)[C@H]2O5,10.22
OPRK1,CHEMBL3691854,CO[C@]12CC[C@@]3(C[C@@H]1CNC(=O)[C@@H](N)Cc1ccccc1)[C@H]1Cc4ccc(O)c5c4[C@@]3(CCN1CC1CC1)[C@H]2O5,10.22
OPRK1,CHEMBL3691858,CO[C@]12CC[C@@]3(C[C@@H]1CNC(=O)[C@@H](N)CC(C)C)[C@H]1Cc4ccc(O)c5c4[C@@]3(CCN1CC1CC1)[C@H]2O5,10.22
OPRK1,CHEMBL3927136,CC[C@H](C)[C@H](N)C(=O)OC[C@H]1C[C@@]23CC[C@]1(OC)[C@@H]1Oc4c(O)ccc5c4[C@@]12CCN(CC1CC1)[C@@H]3C5,10.22
OPRK1,CHEMBL2338724,CO[C@]12CC[C@@]3(C[C@@H]1[C@@H](O)CCC1CCCC1)[C@H]1Cc4ccc(O)c5c4[C@@]3(CCN1CC1CC1)[C@H]2O5,10.21
OPRK1,CHEMBL4092640,Cl.Oc1cccc(CCN(CCc2ccccc2)CC2CCCCC2)c1,10.21
OPRK1,CHEMBL6067846,O=C(NC12CC[C@@]3(OC1)[C@H]1Cc4ccc(O)cc4[C@@]3(CCN1CC1CC1)C2)c1ccccc1,10.21
OPRK1,CHEMBL250993,C[C@H]1C2Cc3ccc(C(=O)NCCc4cccc(Br)c4)cc3[C@@]1(C)CCN2CC1CC1,10.2
OPRK1,CHEMBL518712,C[C@H]1C2Cc3cc4nc[nH]c4cc3[C@@]1(C)CCN2CC1CC1,10.2
OPRK1,CHEMBL313484,CN(C(=O)Cc1cccc(C(F)(F)F)c1)[C@H](CN1CCCC1)c1ccccc1,10.19
OPRK1,CHEMBL82919,CN(C(=O)Cc1cccc([N+](=O)[O-])c1)[C@H](CN1CCCC1)c1ccccc1,10.19
OPRK1,CHEMBL1766024,CNc1nc2cc3c(cc2s1)C[C@@H]1[C@@H]2CCCC[C@]32CCN1CC1CC1,10.18
OPRK1,CHEMBL2338737,CO[C@]12CC[C@@]3(C[C@@H]1[C@H](O)C(C)C)[C@H]1Cc4ccc(O)c5c4[C@@]3(CCN1CC1CC1)[C@H]2O5,10.17
OPRK1,CHEMBL2338746,CO[C@]12CC[C@@]3(C[C@@H]1[C@](C)(O)C1CCCC1)[C@H]1Cc4ccc(O)c5c4[C@@]3(CCN1CC1CC1)[C@H]2O5,10.17
OPRK1,CHEMBL2338721,CO[C@]12CC[C@@]3(C[C@@H]1[C@@H](O)CCC(C)C)[C@H]1Cc4ccc(O)c5c4[C@@]3(CCN1CC1CC1)[C@H]2O5,10.17
OPRK1,CHEMBL357334,COC(=O)CCCCCCCCC(=O)Oc1ccc2c(c1)[C@@]13CCCC[C@H]1[C@@H](C2)N(CC1CCC1)CC3,10.15
OPRK1,CHEMBL56585,C[C@H]1[C@H]2Cc3ccc(O)cc3[C@]1(C)CCN2CC1CC1,10.15
OPRK1,CHEMBL226217,Nc1nc2c(s1)C[C@H]1[C@H]3Cc4ccc(O)cc4[C@@]1(CCN3CC1CC1)C2,10.15
OPRK1,CHEMBL3085528,C[C@H]1[C@H]2Cc3ccc(O)cc3[C@@]1(C)CCN2CC1CC1,10.15
OPRK1,CHEMBL289683,CC1C2Cc3ccc(O)cc3C1(C)CCN2CC1CC1,10.15
OPRK1,CHEMBL2338752,CO[C@]12CC[C@@]3(C[C@@H]1[C@](C)(O)Cc1ccccc1)[C@H]1Cc4ccc(O)c5c4[C@@]3(CCN1CC1CC1)[C@H]2O5,10.15
OPRK1,CHEMBL3691859,CO[C@]12CC[C@@]3(C[C@@H]1CNC(=O)C1CCCN1)[C@H]1Cc4ccc(O)c5c4[C@@]3(CCN1CC1CC1)[C@H]2O5,10.15
OPRK1,CHEMBL3691865,CO[C@]12CC[C@@]3(C[C@@H]1CNC(=O)CN)[C@H]1Cc4ccc(O)c5c4[C@@]3(CCN1CC1CC1)[C@H]2O5,10.15
OPRK1,CHEMBL3691877,CO[C@]12CC[C@@]3(C[C@@H]1CNS(=O)(=O)c1ccc(C)cc1)[C@H]1Cc4ccc(O)c5c4[C@@]3(CCN1CC1CC1)[C@H]2O5,10.15
OPRK1,CHEMBL4109954,CO[C@]12CC[C@@]3(C[C@@H]1COCc1ccccc1)[C@H]1Cc4ccc(C#N)c5c4[C@@]3(CCN1CC1CC1)[C@H]2O5,10.15
OPRK1,CHEMBL4115222,CO[C@]12CC[C@@]3(C[C@@H]1COC(=O)[C@@H](N)Cc1ccccc1)[C@H]1Cc4ccc(O)c5c4[C@@]3(CCN1CC1CC1)[C@H]2O5,10.15
OPRK1,CHEMBL4784791,CC[C@H](C)[C@H](NC(=O)[C@H](CCCNC(=N)N)NC(=O)[C@H](CC(C)C)NC(=O)[C@H](Cc1ccccc1)NC(=O)CNC(=O)CNC(=O)[C@@H](N)Cc1ccc(O)cc1)C(=O)N[C@@H](CCCNC(=N)N)C(=O)N1CCC[C@H]1C(=O)N[C@@H](CCCCN)C(N)=O,10.15
OPRK1,CHEMBL5273346,N=C(N)NCCC[C@@H](NC(=O)[C@@H](CCCNC(=N)N)NC(=O)[C@@H]1CCCN1C(=O)c1ccc2ccccc2c1)C(=O)N[C@@H](CCC(N)=O)C(=O)N[C@@H](CC1CCCCC1)C(=O)N[C@H]1CSSC[C@@H](C(N)=O)NC1=O,10.15
OPRK1,CHEMBL3944046,COc1ccc2c3c1O[C@H]1[C@@]4(OC)CC[C@@]5(C[C@@H]4COCc4ccccc4C)[C@@H](C2)N(CC2CC2)CC[C@]315,10.15
OPRK1,CHEMBL301160,Oc1ccc2c(c1)[C@@]13CCCC[C@H]1[C@@H](C2)N(CC1CCC1)CC3,10.14
OPRK1,CHEMBL1774949,O=C(CCCCCCCCC(=O)Oc1ccc2c(c1)[C@@]13CCCC[C@@]1(O)[C@@H](C2)N(CC1CCC1)CC3)Oc1ccc2c(c1)[C@@]13CCCC[C@H]1[C@@H](C2)N(CC1CCC1)CC3,10.14
OPRK1,CHEMBL4090181,Cl.Oc1cccc(CCN(CCc2ccccc2)CC2CCC2)c1F,10.14
OPRK1,CHEMBL433697,O=C(CCC(=O)Oc1ccc2c(c1)[C@@]13CCCC[C@H]1[C@@H](C2)N(CC1CCC1)CC3)Oc1ccc2c(c1)[C@@]13CCCC[C@H]1[C@@H](C2)N(CC1CCC1)CC3,10.12
OPRK1,CHEMBL203251,O=C(CCC(=O)Oc1ccc2c(c1)[C@@]13CCCCC1[C@@H](C2)N(CC1CCC1)CC3)Oc1ccc2c(c1)[C@@]13CCCCC1[C@@H](C2)N(CC1CCC1)CC3,10.12
OPRK1,CHEMBL146756,O=C(/C=C/C(=O)Oc1ccc2c(c1)[C@@]13CCCC[C@H]1[C@@H](C2)N(CC1CCC1)CC3)Oc1ccc2c(c1)[C@@]13CCCC[C@H]1[C@@H](C2)N(CC1CCC1)CC3,10.11
OPRK1,CHEMBL2048766,c1cc2c(cc1CNc1ccc3c(c1)[C@@]14CCCC[C@H]1[C@@H](C3)N(CC1CC1)CC4)OCO2,10.11
OPRK1,CHEMBL2338740,CO[C@]12CC[C@@]3(C[C@@H]1[C@H](O)C1CCCC1)[C@H]1Cc4ccc(O)c5c4[C@@]3(CCN1CC1CC1)[C@H]2O5,10.11
OPRK1,CHEMBL2381583,COC(=O)[C@@H]1C[C@H](OC(=O)CSC#N)C(=O)[C@H]2[C@@]1(C)CC[C@H]1C(=O)O[C@H](c3ccoc3)C[C@]21C,10.11
OPRK1,CHEMBL4795597,CC(C)C[C@@H](NC(=O)[C@@H](Cc1ccccc1)NC(=O)CNCC(C)(C)c1ccccc1)C(=O)N[C@H](CCCCN)C(=O)N1CCC(N)(C(=O)O)CC1,10.11
OPRK1,CHEMBL606986,O=C1CC[C@@]2(OCCCc3ccccc3)[C@H]3Cc4ccc(O)c5c4[C@@]2(CCN3CC2CCCO2)[C@H]1O5,10.1
OPRK1,CHEMBL472410,C=CCO[C@@]12CC[C@@H](NC(=O)/C=C/c3ccccc3)[C@@H]3Oc4c(O)ccc5c4[C@@]31CCN(CC1CC1)[C@@H]2C5,10.1
OPRK1,CHEMBL1795712,C=CCN1CC[C@]23c4c5ccc(O)c4O[C@H]2[C@H](NC(=O)c2cccc(I)c2)CC[C@@]3(O)[C@H]1C5,10.1
OPRK1,CHEMBL3291216,CN1CC[C@]23c4c5ccc(O)c4O[C@H]2[C@]2(OCCF)C=C[C@@]3(C[C@@H]2[C@@](C)(O)CCc2ccccc2)[C@H]1C5,10.1
OPRK1,CHEMBL3581740,CO[C@]12C=C[C@@]3(C[C@]1(C)[C@H](O)c1ccccc1)[C@H]1Cc4ccc(O)c5c4[C@@]3(CCN1CC1CC1)[C@H]2O5,10.1
OPRK1,CHEMBL3691878,CO[C@]12CC[C@@]3(C[C@@H]1CNS(=O)(=O)c1ccccc1)[C@H]1Cc4ccc(O)c5c4[C@@]3(CCN1CC1CC1)[C@H]2O5,10.1
OPRK1,CHEMBL3691888,COC12CC[C@@]3(C[C@@H]1CNC(=O)Nc1ccccc1)[C@H]1Cc4ccc(O)c5c4[C@@]3(CCN1CC1CC1)[C@H]2O5,10.1
OPRK1,CHEMBL4112656,COc1ccc2c3c1O[C@H]1[C@@]4(OC)CC[C@@]5(C[C@@H]4COCc4ccccc4)[C@@H](C2)NCC[C@]315,10.1
OPRK1,CHEMBL4111231,CO[C@]12CC[C@@]3(C[C@@H]1COCc1ccccc1)[C@H]1Cc4ccc(O)c5c4[C@@]3(CCN1)[C@H]2O5,10.1
OPRK1,CHEMBL95302,CC(C)c1ccccc1Nc1ncnc2c1ncn2[C@H]1OC(CO)C(O)C1O,10.1
OPRK1,CHEMBL4069608,CN(C(=O)C#Cc1ccccc1)[C@@H]1CC[C@@]2(O)[C@H]3[C@@H](O)c4ccc(O)c5c4[C@@]2(CCN3CC2CC2)[C@H]1O5,10.1
OPRK1,CHEMBL4758743,CC(C)C[C@@H](NC(=O)[C@@H](Cc1ccccc1)NC(=O)CN[C@H]1C[C@@H]1c1ccccc1)C(=O)N[C@H](CCCCN)C(=O)N1CCOCC1,10.1
OPRK1,CHEMBL5426627,CC(C)C[C@@H](NC(=O)[C@@H](CC1=CC=CCC1)NC(=O)[C@H](N)Cc1ccccc1)C(=O)N[C@H](CCCN)C(=O)N1CCOCC1,10.1
OPRK1,CHEMBL3911769,COc1ccc2c3c1O[C@H]1[C@@]4(OC)CC[C@@]5(C[C@@H]4COCc4cccc6ccccc46)[C@@H](C2)N(C)CC[C@]315,10.1
OPRK1,CHEMBL982,C=C1CC[C@@]2(O)[C@H]3Cc4ccc(O)c5c4[C@@]2(CCN3CC2CC2)[C@H]1O5,10.08
OPRK1,CHEMBL2338732,CO[C@]12CC[C@@]3(C[C@@H]1[C@@](C)(O)C1CCCC1)[C@H]1Cc4ccc(O)c5c4[C@@]3(CCN1CC1CC1)[C@H]2O5,10.08
OPRK1,CHEMBL3086308,Br.CNc1nc2c(s1)C[C@H]1[C@H]3Cc4ccc(O)cc4[C@@]1(CCN3CC1CC1)C2,10.08
OPRK1,CHEMBL6019600,O=C(NCc1ccccc1)[C@H]1C[C@]23CCN(CC4CC4)[C@H](Cc4ccc(O)cc42)[C@]3(O)C1,10.08
OPRK1,CHEMBL87069,CN(C(=O)Cc1ccc(Cl)c(Cl)c1N)[C@H](CN1CCCC1)c1ccccc1,10.07
OPRK1,CHEMBL2208349,CC1C2Cc3ccc(C(=O)NCCc4ccc(-c5ccccc5O)cc4)cc3C1(C)CCN2CC1CC1,10.07
OPRK1,CHEMBL2338723,CO[C@]12CC[C@@]3(C[C@@H]1[C@@H](O)CC1CCCC1)[C@H]1Cc4ccc(O)c5c4[C@@]3(CCN1CC1CC1)[C@H]2O5,10.07
OPRK1,CHEMBL5925494,COc1ccc2c3c1O[C@H]1C4(OC)CC[C@@]5(C[C@]4(C)COCc4ccccc4)[C@@H](C2)N(CC2CC2)CC[C@]315,10.07
OPRK1,CHEMBL5976779,CC(C)C[C@@H](NC(=O)[C@@H](Cc1ccccc1)NC(=O)[C@H](N)Cc1ccccc1)C(=O)N[C@H](CCCCN)C(=O)N1CCC(N)(B(O)O)CC1,10.07
OPRK1,CHEMBL6146975,C/C=C1/CN2CC[C@]34C(=C(C(=O)OC)[C@H]1C[C@H]23)Nc1ccc(I)cc14,10.06
OPRK1,CHEMBL412050,O=C(CCc1ccccc1)N[C@@H]1CC[C@@]2(O)[C@H]3Cc4ccc(O)c5c4[C@@]2(CCN3CC2CC2)[C@H]1O5,10.05
OPRK1,CHEMBL405618,CC[C@H](C)[C@H](NC(=O)[C@H](CCCNC(=N)N)NC(=O)[C@H](CCCNC(=N)N)NC(=O)[C@H](CC(C)C)NC(=O)[C@H](Cc1ccccc1)NC(=O)CNC(=O)CNC(=O)[C@@H](N)Cc1ccc(O)cc1)C(=O)N[C@@H](CCCNC(=N)N)C(=O)N1CCC[C@H]1C(=O)N[C@@H](CCCCN)C(=O)N[C@@H](CC(C)C)C(=O)N[C@@H](CCCCN)C(=O)O,10.05
OPRK1,CHEMBL3695677,C[C@H](N)C(=O)N1CC[C@]23CCN(CC4CC4)[C@H](Cc4ccc(O)cc42)[C@@H]3C1,10.05
OPRK1,CHEMBL3691855,CC[C@H](C)[C@H](N)C(=O)NC[C@H]1C[C@@]23CC[C@]1(OC)[C@@H]1Oc4c(O)ccc5c4[C@@]12CCN(CC1CC1)[C@@H]3C5,10.05
OPRK1,CHEMBL3691874,CO[C@]12CC[C@@]3(C[C@@H]1CNC(=O)[C@@H](N)CC(N)=O)[C@H]1Cc4ccc(O)c5c4[C@@]3(CCN1CC1CC1)[C@H]2O5,10.05
OPRK1,CHEMBL3916122,COc1ccc2c3c1O[C@H]1[C@@]4(OC)CC[C@@]5(C[C@@H]4COCc4ccccc4)[C@@H](C2)N(CC2CC2)CC[C@]315,10.05
OPRK1,CHEMBL4110639,CO[C@]12CC[C@@]3(C[C@@H]1COc1ccc(-n4ccnc4)cc1)[C@H]1Cc4ccc(O)c5c4[C@@]3(CCN1CC1CC1)[C@H]2O5,10.05
OPRK1,CHEMBL4110294,CC(C)C[C@@H](NC(=O)[C@@H](Cc1ccccc1)NC(=O)[C@H](N)Cc1ccccc1)C(=O)N[C@H](CCCNC(=N)N)C(=O)N1CCCN(C(=N)N)CC1,10.05
OPRK1,CHEMBL87653,CN(C(=O)Cc1ccc(Cl)c(Cl)c1[N+](=O)[O-])[C@H](CN1CCCC1)c1ccccc1,10.04
OPRK1,CHEMBL290543,CN(C(=O)Cc1ccc(Cl)c(Cl)c1)C1CCCCC1N1CCCC1,10.03
OPRK1,CHEMBL3581756,CO[C@]12CC[C@@]3(C[C@]1(C)[C@H](O)c1cccc(Cl)c1)[C@H]1Cc4ccc(O)c5c4[C@@]3(CCN1CC1CC1)[C@H]2O5,10.03
OPRK1,CHEMBL424609,CN(C(=O)Cc1ccc(Cl)c(Cl)c1N(S(C)(=O)=O)S(C)(=O)=O)[C@H](CN1CCCC1)c1ccccc1,10.02
OPRK1,CHEMBL4098351,CN(C(=O)/C=C/c1ccc(O)cc1)[C@@H]1CC[C@@]2(O)[C@H]3[C@@H](O)c4ccc(O)c5c4[C@@]2(CCN3CC2CC2)[C@H]1O5,10.02
OPRK1,CHEMBL5918158,NC12CC[C@@]3(OC1)[C@H]1Cc4ccc(O)cc4[C@@]3(CCN1CC1CC1)C2,10.02
OPRK1,CHEMBL5906683,CC(C)C[C@@H](NC(=O)[C@@H](Cc1ccccc1)NC(=O)[C@H](N)Cc1ccccc1)C(=O)N[C@H](CCCCN)C(=O)N1CCCC[C@H]1B(O)O,10.02
OPRK1,CHEMBL5853921,N=C(N)NCCNC(=O)[C@@H]1C[C@]23CCN(CC4CC4)[C@H](Cc4ccc(O)cc42)[C@]3(O)C1,10.01
OPRK1,CHEMBL5938965,CC(C)C[C@@H](NC(=O)[C@@H](Cc1ccccc1)NC(=O)[C@H](N)Cc1ccccc1)C(=O)N[C@H](CCCCN)C(=O)N1CCC(B(O)O)CC1,10.01
OPRK1,CHEMBL66265,O=C(Cc1ccc(Cl)c(Cl)c1)N1CCC2(CC1CN1CCCC1)OCCO2,10.0
OPRK1,CHEMBL2113671,CO[C@]12C=C[C@@]3(C[C@H]1[C@@H](C)OCc1ccccc1)[C@H]1Cc4ccc(O)c5c4C3(CCN1C)[C@@H]2O5,10.0
OPRK1,CHEMBL386492,O=C(/C=C/c1ccc(Cl)cc1)N[C@@]12CCC(=O)[C@@H]3Oc4c(O)ccc5c4[C@@]31CCN(CC1CC1)[C@@H]2C5,10.0
OPRK1,CHEMBL413512,O=C(CCC(=O)Oc1ccc2c(c1)[C@@]13CCCC[C@H]1[C@@H](C2)N(CC1CC1)CC3)Oc1ccc2c(c1)[C@@]13CCCC[C@H]1[C@@H](C2)N(CC1CC1)CC3,10.0
OPRK1,CHEMBL31030,CO[C@]12C=CC3(CC14CCC(C)(C)[C@H]4O)C1Cc4ccc(O)c5c4C3(CCN1CC1CC1)[C@@H]2O5,10.0
OPRK1,CHEMBL2113666,CN1CC[C@]23c4c5cccc4O[C@H]2C(=O)CC[C@@]3(NC(=O)/C=C/c2ccccc2Cl)[C@H]1C5,10.0
OPRK1,CHEMBL272215,O=C(N[C@@H]1CC[C@@]2(O)[C@H]3Cc4ccc(O)c5c4[C@@]2(CCN3CC2CC2)[C@H]1O5)c1ccc(Cl)c(Cl)c1,10.0
OPRK1,CHEMBL402135,CN(C(=O)Cc1cc2c(cc1S(=O)(=O)N(C)C)OCO2)[C@H](CN1CCCC1)c1ccccc1,10.0
OPRK1,CHEMBL488635,CN(CC(=O)N(C)[C@H](CN1CCCC1)c1ccccc1)c1ccc(Cl)c(Cl)c1,10.0
OPRK1,CHEMBL104042,Oc1cccc2c1O[C@H]1CCC[C@H]3CN(CC4CC4)CC[C@@]231,10.0
OPRK1,CHEMBL611930,O=C(N[C@@H]1CC[C@@]2(O)[C@H]3Cc4ccc(O)c5c4[C@@]2(CCN3CC2CC2)[C@H]1O5)c1ccc(Br)cc1.O=C(O)C(=O)O,10.0
OPRK1,CHEMBL3262367,CO[C@]12CC[C@@]3(C[C@@H]1[C@](C)(O)c1cc(C)cc(C)c1)[C@H]1Cc4ccc(O)c5c4[C@@]3(CCN1CC1CC1)[C@H]2O5,10.0
OPRK1,CHEMBL3581754,CO[C@]12CC[C@@]3(C[C@]1(C)[C@H](O)c1ccc(F)cc1)[C@H]1Cc4ccc(O)c5c4[C@@]3(CCN1CC1CC1)[C@H]2O5,10.0
OPRK1,CHEMBL3691889,COC12CC[C@@]3(C[C@@H]1CNC(=O)Nc1cccc(C)c1)[C@H]1Cc4ccc(O)c5c4[C@@]3(CCN1CC1CC1)[C@H]2O5,10.0
OPRK1,CHEMBL4106746,CO[C@]12CC[C@@]3(C[C@@H]1COCc1ccccc1)[C@H]1Cc4ccc(C(N)=O)c5c4[C@@]3(CCN1CC1CC1)[C@H]2O5,10.0
OPRK1,CHEMBL4115617,CC(C)C[C@@H](NC(=O)[C@@H](Cc1ccccc1)NC(=O)[C@H](N)Cc1ccccc1)C(=O)N[C@H](CCCCNC(C)C)C(=O)N1CCCN(C(=N)N)CC1,10.0
OPRK1,CHEMBL3952829,COc1ccc2c3c1O[C@H]1[C@@]4(OC)CC[C@@]5(C[C@@H]4COCc4ccccc4C)[C@@H](C2)N(C)CC[C@]315,10.0
OPRK1,CHEMBL438223,CC[C@H](C)[C@H](NC(=O)[C@H](CCCNC(=N)N)NC(=O)[C@H](CCCNC(=N)N)NC(=O)[C@H](CC(C)C)NC(=O)[C@H](Cc1ccccc1)NC(=O)CNC(=O)CNC(=O)[C@@H](N)Cc1ccc(O)cc1)C(=O)N[C@@H](CCCNC(=N)N)C(=O)N1CCC[C@H]1C(=O)N[C@@H](CCCCN)C(=O)O,9.96
OPRK1,CHEMBL66018,O=C(Cc1ccc(Cl)c(Cl)c1)N1CCc2c(O)cccc2C1CN1CCCC1,9.96
OPRK1,CHEMBL606925,C=CCN1CC[C@]23c4c5ccc(O)c4O[C@H]2C(=O)CC[C@@]3(OCCCc2ccccc2)[C@H]1C5,9.96
OPRK1,CHEMBL199931,CN1CC[C@]23c4c5ccc(OC(=O)CCCCCCCCC(=O)Oc6ccc7c(c6)[C@@]68CCCCC6[C@@H](C7)N(CC6CCC6)CC8)c4O[C@H]2[C@@H](O)C=C[C@H]3[C@H]1C5,9.96
OPRK1,CHEMBL201971,CN(C(=O)CNc1ccc(Cl)c(Cl)c1)[C@H](CN1CC[C@H](O)C1)c1ccccc1,9.96
OPRK1,CHEMBL257139,CN(C(=O)Cc1cc2c(cc1S(=O)(=O)N(C)C)OCO2)[C@H](CN1CC[C@H](O)C1)c1ccccc1,9.96
OPRK1,CHEMBL402820,COc1cc(CC(=O)N(C)[C@H](CN2CCCC2)c2ccccc2)c(S(=O)(=O)N2CCCC2)cc1OC,9.96
OPRK1,CHEMBL2016680,O=C(Nc1ccccc1)[C@H]1O[C@@]23CC[C@]1(O)[C@@H]1Oc4c(O)ccc5c4[C@@]12CCN(CC1CC1)[C@@H]3C5,9.96
OPRK1,CHEMBL2338730,CO[C@]12CC[C@@]3(C[C@@H]1[C@@](C)(O)CC(C)C)[C@H]1Cc4ccc(O)c5c4[C@@]3(CCN1CC1CC1)[C@H]2O5,9.96
OPRK1,CHEMBL2338756,CO[C@]12CC[C@@]3(C[C@@H]1[C@@](C)(O)C(C)C)[C@H]1Cc4ccc(O)c5c4[C@@]3(CCN1CC1CC1)[C@H]2O5,9.96
OPRK1,CHEMBL3581752,CO[C@]12CC[C@@]3(C[C@]1(C)[C@H](O)c1cccc(C)c1)[C@H]1Cc4ccc(O)c5c4[C@@]3(CCN1CC1CC1)[C@H]2O5,9.96
OPRK1,CHEMBL3691876,CO[C@]12CC[C@@]3(C[C@@H]1CNC(=O)C1=CNC4C=CC=CC14)[C@H]1Cc4ccc(O)c5c4[C@@]3(CCN1CC1CC1)[C@H]2O5,9.96
OPRK1,CHEMBL4112294,CNC(=O)Nc1cccc(COC[C@H]2C[C@@]34CC[C@]2(OC)[C@@H]2Oc5c(O)ccc6c5[C@@]23CCN(CC2CC2)[C@@H]4C6)c1,9.96
OPRK1,CHEMBL4115374,CC(C)C[C@@H](NC(=O)[C@@H](Cc1ccccc1)NC(=O)[C@H](N)Cc1ccccc1)C(=O)N[C@H](CCCNC(=N)N)C(=O)N1CCCNCC1,9.96
OPRK1,CHEMBL4113007,CC(C)C[C@@H](NC(=O)[C@@H](Cc1ccccc1)NC(=O)[C@H](N)Cc1ccccc1)C(=O)N[C@H](CCCCN)C(=O)N1CCCN(C(=N)N)CC1,9.96
OPRK1,CHEMBL4112945,CC(C)C[C@@H](NC(=O)[C@@H](Cc1ccccc1)NC(=O)[C@H](N)Cc1ccccc1)C(=O)N[C@H](CCCCNC(=N)N)C(=O)N1CCCN(C(=N)N)CC1,9.96
OPRK1,CHEMBL343858,N#C/C=C1/CCN(CC2CCCCN2C(=O)Cc2ccc(Cl)c(Cl)c2)C1,9.92
OPRK1,CHEMBL72885,NCCc1ccc2[nH]c3c(c2c1)C[C@@]1(O)C2Cc4ccc(O)c5c4C1(CCN2CC1CC1)C3O5,9.92
OPRK1,CHEMBL224014,O=C(CCCCCCCCC(=O)Oc1ccc2c3c1O[C@H]1C(=O)CC[C@@]4(O)[C@@H](C2)N(CC2CC2)CC[C@]314)Oc1ccc2c(c1)[C@@]13CCCCC1[C@@H](C2)N(CC1CCC1)CC3,9.92
OPRK1,CHEMBL257140,CN(C(=O)Cc1cc2c(cc1S(=O)(=O)N(C)Cc1ccccc1)OCO2)[C@H](CN1CCCC1)c1ccccc1,9.92
OPRK1,CHEMBL257355,COc1cc(CC(=O)N(C)[C@H](CN2CC[C@H](O)C2)c2ccccc2)c(S(=O)(=O)N2CCCC2)cc1OC,9.92
OPRK1,CHEMBL33986,Oc1ccc2c(c1)[C@@]13CCCC[C@@]1(O)[C@@H](C2)N(CC1CCC1)CC3,9.92
OPRK1,CHEMBL454018,O=C(/C=C/c1cccc([N+](=O)[O-])c1)N[C@@H]1CC[C@@]2(O)[C@H]3Cc4ccc(O)c5c4[C@@]2(CCN3CC2CC2)[C@H]1O5,9.92
OPRK1,CHEMBL578629,CO[C@]12C=C[C@@]3(C[C@@H]1[C@@](C)(O)CCc1ccccc1)[C@H]1Cc4ccc(O)c5c4[C@@]3(CCN1C)[C@H]2O5,9.92
OPRK1,CHEMBL2338725,CO[C@]12CC[C@@]3(C[C@@H]1[C@@H](O)C1CCCCC1)[C@H]1Cc4ccc(O)c5c4[C@@]3(CCN1CC1CC1)[C@H]2O5,9.92
OPRK1,CHEMBL2397015,O=C(N[C@@]12CCC(=O)[C@@H]3Oc4c(O)ccc5c4[C@@]31CCN(CC1CC1)[C@@H]2C5)c1ccccc1,9.92
OPRK1,CHEMBL3086749,Cl.O=C(N[C@@]12CCC(=O)[C@@H]3Oc4c(O)ccc5c4[C@@]31CCN(CC1CC1)[C@@H]2C5)c1ccccc1,9.92
OPRK1,CHEMBL3291215,CC(C)(C)[C@@](C)(O)[C@H]1C[C@@]23CC[C@]1(OCCF)[C@@H]1Oc4c(O)ccc5c4[C@@]12CCN(CC1CC1)[C@@H]3C5,9.92
OPRK1,CHEMBL3581751,CO[C@]12CC[C@@]3(C[C@]1(C)[C@H](O)c1ccccc1C)[C@H]1Cc4ccc(O)c5c4[C@@]3(CCN1CC1CC1)[C@H]2O5,9.92
OPRK1,CHEMBL4107585,CC(C)(C)[C@@]1(C)OCO[C@]23CC[C@@]4(C[C@@H]21)[C@H]1Cc2ccc(O)c5c2[C@@]4(CCN1CC1CC1)[C@H]3O5,9.92
OPRK1,CHEMBL4112830,CC(C)C[C@@H](NC(=O)[C@@H](Cc1ccccc1)NC(=O)[C@H](N)Cc1ccccc1)C(=O)N[C@H](CCCCNC(=N)N)C(=O)N1CCC(N)(C(=O)O)CC1,9.92
OPRK1,CHEMBL4083571,Cl.Oc1cccc(CCN(CCc2cccc(O)c2F)CC2CCC2)c1,9.92
OPRK1,CHEMBL5559772,CN(C(=O)/C=C/c1ccoc1)[C@H]1CC[C@@]2(O)[C@H]3Cc4ccc(O)c5c4[C@@]2(CCN3CC2CC2)[C@H]1O5.Cl,9.92
OPRK1,CHEMBL3907149,COc1ccc2c3c1O[C@H]1[C@@]4(OC)CC[C@@]5(C[C@@H]4COCc4ccc(Cl)cc4)[C@@H](C2)N(C)CC[C@]315,9.92
OPRK1,CHEMBL4093632,CN(C(=O)/C=C/c1ccco1)[C@@H]1CC[C@@]2(O)[C@H]3[C@@H](O)c4ccc(O)c5c4[C@@]2(CCN3CC2CC2)[C@H]1O5,9.91
OPRK1,CHEMBL87306,CN(C(=O)Cc1ccccc1C(F)(F)F)[C@H](CN1CCCC1)c1ccccc1,9.89
OPRK1,CHEMBL2113275,C=CCN1CC[C@]23c4c5ccc(OC(=O)CCCCCCCCC(=O)Oc6ccc7c(c6)[C@@]68CCCCC6[C@@H](C7)N(CC6CCC6)CC8)c4O[C@H]2C(=O)CC[C@@]3(O)[C@H]1C5,9.89
OPRK1,CHEMBL584791,C=CCN1CC[C@]23c4c5ccc(OC(=O)CCCCCCCCC(=O)Oc6ccc7c(c6)[C@@]68CCCC[C@H]6C(C7)N(CC6CCC6)CC8)c4O[C@H]2CCC[C@H]3[C@H]1C5,9.89
OPRK1,CHEMBL2177697,N#Cc1cc(C(=O)N[C@@H]2CC[C@@]3(O)[C@H]4Cc5ccc(O)c6c5[C@@]3(CCN4CC3CC3)[C@H]2O6)ccn1,9.89
OPRK1,CHEMBL2397018,O=C(N[C@@]12CCC(=O)[C@@H]3Oc4c(O)ccc5c4[C@@]31CCN(CC1CC1)[C@@H]2C5)c1cnc2ccccc2c1,9.89
OPRK1,CHEMBL3086752,Cl.O=C(N[C@@]12CCC(=O)[C@@H]3Oc4c(O)ccc5c4[C@@]31CCN(CC1CC1)[C@@H]2C5)c1cnc2ccccc2c1,9.89
OPRK1,CHEMBL3581757,CO[C@]12CC[C@@]3(C[C@]1(C)[C@H](O)c1cccc(F)c1)[C@H]1Cc4ccc(O)c5c4[C@@]3(CCN1CC1CC1)[C@H]2O5,9.89
OPRK1,CHEMBL3691860,CO[C@]12CC[C@@]3(C[C@@H]1CNC(=O)[C@@H](N)Cc1ccc(O)cc1)[C@H]1Cc4ccc(O)c5c4[C@@]3(CCN1CC1CC1)[C@H]2O5,9.89
OPRK1,CHEMBL3691866,CO[C@]12CC[C@@]3(C[C@@H]1CNC(=O)[C@H](Cc1ccc(O)cc1)NC(C)=O)[C@H]1Cc4ccc(O)c5c4[C@@]3(CCN1CC1CC1)[C@H]2O5,9.89
OPRK1,CHEMBL4108083,CNCCCC[C@@H](NC(=O)[C@@H](CC(C)C)NC(=O)[C@@H](Cc1ccccc1)NC(=O)[C@H](N)Cc1ccccc1)C(=O)N1CCC(N2CCC[C@H]2C(=O)O)CC1,9.89
OPRK1,CHEMBL4108041,CC(C)C[C@@H](NC(=O)[C@@H](Cc1ccccc1)NC(=O)[C@H](N)Cc1ccccc1)C(=O)N[C@H](CCNC(=N)N)C(=O)N1CCC(N2CCC[C@H]2C(=O)O)CC1,9.89
OPRK1,CHEMBL5089012,CCC(=O)N(c1ccc(Cl)c(Cl)c1)C1CCN(C(=O)[C@H](Cc2ccc(F)cc2)NC(=O)CNC(=O)[C@H]2Cc3ccccc3CN2C(=O)[C@@H](N)Cc2cc(C)c(O)c(C)c2)CC1,9.89
OPRK1,CHEMBL485583,CN(C(=O)/C=C/c1ccoc1)[C@@H]1CC[C@@]2(O)[C@H]3Cc4cccc5c4[C@@]2(CCN3CC2CC2)[C@H]1O5,9.89
OPRK1,CHEMBL5289754,N=C(N)NCCC[C@@H](NC(=O)[C@@H](CCCNC(=N)N)NC(=O)[C@@H]1CCCN1C(=O)c1ccc(Cl)cc1)C(=O)N[C@@H](CCC(N)=O)C(=O)N[C@@H](CC1CCCCC1)C(=O)N[C@H]1CSSC[C@@H](C(N)=O)NC1=O,9.89
OPRK1,CHEMBL500830,CC(C)C[C@H](NC(=O)[C@H](Cc1ccccc1)NC(=O)CNC(=O)CNC(=O)[C@@H](N)Cc1ccc(O)cc1)C(=O)N[C@@H](CCCNC(=N)N)C(=O)N[C@@H](CCCNC(=N)N)C(=O)N[C@@H](CCC(N)=O)C(=O)N[C@@H](Cc1ccccc1)C(=O)N[C@@H](CCCCN)C(=O)N[C@H](C(=O)N[C@H](C(=O)N[C@H](C(=O)O)[C@@H](C)O)C(C)C)C(C)C,9.89
OPRK1,CHEMBL5940497,N=C(N)NCCCCNC(=O)[C@@H]1C[C@]23CCN(CC4CC4)[C@H](Cc4ccc(O)cc42)[C@]3(O)C1,9.89
OPRK1,CHEMBL1163924,O=C(NC[C@H]1C[C@]23CCN(CC4CC4)[C@H](Cc4ccc(O)cc42)[C@]3(O)CO1)c1ccccc1,9.87
OPRK1,CHEMBL110124,COc1ccc2c(c1O)[C@]13CCN(C)C(C2)[C@]12CCC(=O)[C@H]3/C(=C(\C)c1ccccc1)C2,9.85
OPRK1,CHEMBL376355,Nc1nc2c(s1)C[C@H]1[C@H]3Cc4ccc(O)cc4[C@@]1(CCN3CC1CCC1)C2,9.85
OPRK1,CHEMBL263096,O=C(NCc1ccccc1)Oc1ccc2c(c1)C13CCCCC1C(C2)N(CC1CC1)CC3,9.85
OPRK1,CHEMBL427862,CCNC(=O)Oc1ccc2c(c1)C13CCCCC1C(C2)N(CC1CC1)CC3,9.85
OPRK1,CHEMBL272939,CCOCO[C@H]1C[C@@H](C(=O)OC)[C@]2(C)CC[C@H]3C(=O)O[C@H](c4ccoc4)C[C@]3(C)[C@H]2C1=O,9.85
OPRK1,CHEMBL1774948,C=CCN1CC[C@]23c4c5ccc(OC(=O)CCCCCCCCC(=O)Oc6ccc7c(c6)[C@@]68CCCC[C@@]6(OC)[C@@H](C7)N(CC6CCC6)CC8)c4O[C@H]2C(=O)CC[C@@]3(O)[C@H]1C5,9.85
OPRK1,CHEMBL3086756,Cl.O=C(CNC(=O)c1ccccn1)N[C@@]12CCC(=O)[C@@H]3Oc4c(O)ccc5c4[C@@]31CCN(CC1CC1)[C@@H]2C5,9.85
OPRK1,CHEMBL3581762,CO[C@]12CC[C@@]3(C[C@]1(C)[C@H](O)c1ccoc1)[C@H]1Cc4ccc(O)c5c4[C@@]3(CCN1CC1CC1)[C@H]2O5,9.85
OPRK1,CHEMBL3691856,CO[C@]12CC[C@@]3(C[C@@H]1CNC(=O)[C@H](C)N)[C@H]1Cc4ccc(O)c5c4[C@@]3(CCN1CC1CC1)[C@H]2O5,9.85
OPRK1,CHEMBL4112771,COc1ccc2c3c1O[C@H]1[C@@]4(OC)CC[C@@]5(C[C@@H]4CN(Cc4ccccc4)C(C)=O)[C@@H](C2)N(CC2CC2)CC[C@]315,9.85
OPRK1,CHEMBL4107918,COc1ccc2c3c1O[C@H]1[C@@]4(OC)CC[C@@]5(C[C@@H]4CSCc4ccccc4)[C@@H](C2)N(CC2CC2)CC[C@]315,9.85
OPRK1,CHEMBL3939745,CO[C@]12CC[C@@]3(C[C@@H]1COC(=O)[C@H](C)N)[C@H]1Cc4ccc(O)c5c4[C@@]3(CCN1CC1CC1)[C@H]2O5,9.85
OPRK1,CHEMBL4065350,Cl.Oc1cccc(CCN(CCc2cccc(O)c2)CC2CCCCC2)c1,9.85
OPRK1,CHEMBL5186730,O=C(N[C@@H]1C[C@]23CCN(CC4CC4)[C@H](Cc4ccc(O)cc42)[C@]32CC[C@@H]1O2)c1ccccc1,9.85
OPRK1,CHEMBL5837803,O=C(CCCc1c[nH]c2ccccc12)N[C@H]1CC[C@@]2(O)[C@H]3Cc4ccc(O)c5c4[C@@]2(CCN3CC2CC2)[C@H]1O5,9.83
OPRK1,CHEMBL405190,CC[C@H](C)[C@H](NC(=O)[C@H](CCCN=C(N)N)NC(=O)[C@H](CCCN=C(N)N)NC(=O)[C@H](CC(C)C)NC(=O)[C@H](Cc1ccccc1)NC(=O)[C@@H](C)NC(=O)CNC(=O)[C@@H](N)Cc1ccc(O)cc1)C(=O)N[C@@H](CCCN=C(N)N)C(=O)N1CCC[C@@H]1C(=O)N[C@@H](CCCCN)C(N)=O,9.82
OPRK1,CHEMBL199832,Oc1ccc2c(c1)[C@@]13CCCCC1[C@@H](C2)N(C[C@@H]1CCCO1)CC3,9.82
OPRK1,CHEMBL1165548,O=C(Nc1ccccc1)[C@@H]1O[C@@]23CC[C@@]1(O)[C@@H]1Oc4c(O)ccc5c4[C@@]12CCN(CC1CC1)[C@@H]3C5,9.82
OPRK1,CHEMBL1766025,CCNc1nc2cc3c(cc2s1)C[C@@H]1[C@@H]2CCCC[C@]32CCN1CC1CC1,9.82
OPRK1,CHEMBL1824509,Cl.O=C(N[C@@H]1CC[C@@]2(O)[C@H]3Cc4ccc(O)c5c4[C@@]2(CCN3CC2CC2)[C@H]1O5)c1ccnc(Cl)c1,9.82
OPRK1,CHEMBL1852788,O=C(N[C@@H]1CC[C@@]2(O)[C@H]3Cc4ccc(O)c5c4[C@@]2(CCN3CC2CC2)[C@H]1O5)c1ccnc(Cl)c1,9.82
OPRK1,CHEMBL2338731,CO[C@]12CC[C@@]3(C[C@@H]1[C@@](C)(O)CCC(C)C)[C@H]1Cc4ccc(O)c5c4[C@@]3(CCN1CC1CC1)[C@H]2O5,9.82
OPRK1,CHEMBL3309515,O=C1CCC2=C([C@@H]3Oc4c(O)ccc5c4[C@@]34CCN(CC3CC3)[C@H](C5)[C@]4(O)C2)N1Cc1ccccc1,9.82
OPRK1,CHEMBL4114477,CO[C@]12CC[C@@]3(C[C@@H]1COCc1ccccc1)[C@H]1Cc4ccc(C(N)=O)c5c4[C@@]3(CCN1C)[C@H]2O5,9.82
OPRK1,CHEMBL4112472,COc1ccc2c3c1O[C@H]1[C@@]4(OC)CC[C@@]5(C[C@@H]4COCc4c(C)noc4C)[C@@H](C2)N(CC2CC2)CC[C@]315,9.82
OPRK1,CHEMBL4115153,CO[C@]12CC[C@@]3(C[C@@H]1COCc1cccc(NC(=O)c4ccccc4)c1)[C@H]1Cc4ccc(O)c5c4[C@@]3(CCN1CC1CC1)[C@H]2O5,9.82
OPRK1,CHEMBL4114299,CNCCCC[C@@H](NC(=O)[C@@H](CC(C)C)NC(=O)[C@@H](Cc1ccccc1)NC(=O)[C@H](N)Cc1ccccc1)C(=O)N1CCCN(C(=N)N)CC1,9.82
OPRK1,CHEMBL4107183,CC(C)C[C@@H](NC(=O)[C@@H](Cc1ccccc1)NC(=O)[C@H](N)Cc1ccccc1)C(=O)N[C@H](CCCCN)C(=O)N1CCC(N2CCC[C@H]2C(=O)O)CC1,9.82
OPRK1,CHEMBL4109700,CC(C)C[C@@H](NC(=O)[C@@H](Cc1ccccc1)NC(=O)[C@H](N)Cc1ccccc1)C(=O)N[C@H](CCNC(=N)N)C(=O)N1CCC(N)(C(=O)O)CC1,9.82
OPRK1,CHEMBL3912511,COc1ccc2c3c1O[C@H]1[C@@]4(OC)CC[C@@]5(C[C@@H]4COCC4CCCCC4)[C@@H](C2)N(CC2CC2)CC[C@]315,9.82
OPRK1,CHEMBL3901699,COc1ccc2c3c1O[C@H]1[C@@]4(OC)CC[C@@]5(C[C@@H]4COc4ccccc4)[C@@H](C2)N(CC2CC2)CC[C@]315,9.82
OPRK1,CHEMBL3892737,COc1ccc2c3c1O[C@H]1[C@@]4(OC)CC[C@@]5(C[C@@H]4COCc4cccc(C)c4)[C@@H](C2)N(CC2CC2)CC[C@]315,9.82
OPRK1,CHEMBL3951177,COc1ccc2c3c1O[C@H]1[C@@]4(OC)CC[C@@]5(C[C@@H]4COCC4CCC4)[C@@H](C2)N(C)CC[C@]315,9.82
OPRK1,CHEMBL575508,CC(C)[C@@H](CN1CC[C@@](C)(c2cccc(O)c2)[C@@H](C)C1)NC(=O)[C@H]1Cc2ccc(O)cc2CN1C,9.81
OPRK1,CHEMBL271815,O=C(N[C@@H]1CC[C@@]2(O)[C@H]3Cc4ccc(O)c5c4[C@@]2(CCN3CC2CC2)[C@H]1O5)c1ccccc1,9.8
OPRK1,CHEMBL2338734,CO[C@]12CC[C@@]3(C[C@@H]1[C@@](C)(O)CCC1CCCCC1)[C@H]1Cc4ccc(O)c5c4[C@@]3(CCN1CC1CC1)[C@H]2O5,9.8
OPRK1,CHEMBL2397021,O=C(N[C@@]12CCC(=O)[C@@H]3Oc4c(O)ccc5c4[C@@]31CCN(CC1CC1)[C@@H]2C5)c1cccnc1,9.8
OPRK1,CHEMBL3086747,Cl.O=C(N[C@@]12CCC(=O)[C@@H]3Oc4c(O)ccc5c4[C@@]31CCN(CC1CC1)[C@@H]2C5)c1cccnc1,9.8
OPRK1,CHEMBL3262363,CO[C@]12CC[C@@]3(C[C@@H]1[C@](C)(O)c1ccccc1C)[C@H]1Cc4ccc(O)c5c4[C@@]3(CCN1CC1CC1)[C@H]2O5,9.8
OPRK1,CHEMBL3581753,CO[C@]12CC[C@@]3(C[C@]1(C)[C@H](O)c1ccc(C)cc1)[C@H]1Cc4ccc(O)c5c4[C@@]3(CCN1CC1CC1)[C@H]2O5,9.8
OPRK1,CHEMBL3691864,CO[C@]12CC[C@@]3(C[C@@H]1CNC(=O)[C@H](Cc1ccccc1)NC(C)=O)[C@H]1Cc4ccc(O)c5c4[C@@]3(CCN1CC1CC1)[C@H]2O5,9.8
OPRK1,CHEMBL3691868,CO[C@]12CC[C@@]3(C[C@@H]1CNC(=O)[C@@H]1CCCN1C(C)=O)[C@H]1Cc4ccc(O)c5c4[C@@]3(CCN1CC1CC1)[C@H]2O5,9.8
OPRK1,CHEMBL3989915,CC(C)C[C@@H](NC(=O)[C@@H](Cc1ccccc1)NC(=O)[C@H](N)Cc1ccccc1)C(=O)N[C@H](CCCCN)C(=O)N1CCC(N)(C(=O)O)CC1,9.8
OPRK1,CHEMBL4115350,CNCCCC[C@@H](NC(=O)[C@@H](CC(C)C)NC(=O)[C@@H](Cc1ccccc1)NC(=O)[C@H](N)Cc1ccccc1)C(=O)N1CCC(N)(C(=O)O)CC1,9.8
OPRK1,CHEMBL5281808,N=C(N)NCCC[C@@H](NC(=O)[C@@H](CCCNC(=N)N)NC(=O)[C@@H]1CCCN1C(=O)c1ccccc1)C(=O)NCC(=O)N[C@@H](CC1CCCCC1)C(=O)N[C@H]1CSSC[C@@H](C(N)=O)NC1=O,9.8
OPRK1,CHEMBL5903589,Cc1ccc(CNC(=O)[C@H]2C[C@]34CCN(CC5CC5)[C@H](Cc5ccc(O)cc53)[C@]4(O)C2)cc1,9.8
OPRK1,CHEMBL5759716,O=C1C[C@@H]2C[C@@]3(O)[C@H]4Cc5ccc(O)cc5[C@@]3(CCN4CC3CC3)C[C@@H]2N1,9.8
OPRK1,CHEMBL5932511,O=C(N[C@@H]1CC[C@@]2(O)[C@H]3Cc4ccc(O)c5c4[C@@]2(CCN3C2CC2)C1O5)c1c[nH]c2ccccc12,9.8
OPRK1,CHEMBL5939254,COC(=O)C1(N)CCN(C(=O)[C@@H](CCCCN)NC(=O)[C@@H](CC(C)C)NC(=O)[C@@H](Cc2ccccc2)NC(=O)[C@H](N)[C@H](C)c2ccccc2)CC1,9.8
OPRK1,CHEMBL5997985,O=C(N[C@@H]1CC[C@@]2(O)[C@H]3Cc4ccc(O)c5c4[C@@]2(CCN3C2CC2)C1O5)c1ccc2cc[nH]c2c1,9.78
OPRK1,CHEMBL2111838,CN1c2ccccc2C(c2ccccc2F)=NC[C@@H]1CCNC(=O)c1ccsc1,9.77
OPRK1,CHEMBL150061,O=C(Oc1ccc2c(c1)[C@@]13CCCC[C@H]1[C@@H](C2)N(CC1CCC1)CC3)[C@H]1C[C@H]1C(=O)Oc1ccc2c(c1)[C@@]13CCCC[C@H]1[C@@H](C2)N(CC1CCC1)CC3,9.77
OPRK1,CHEMBL70693,CCCCC(=N)NCCc1ccc2[nH]c3c(c2c1)C[C@@]1(O)C2Cc4ccc(O)c5c4C1(CCN2CC1CC1)C3O5,9.77
OPRK1,CHEMBL402189,COc1cc(CC(=O)N(C)[C@H](CN2CCCC2)c2ccccc2)c(S(=O)(=O)N2CCOCC2)cc1OC,9.77
OPRK1,CHEMBL1076573,OC(COc1ccc2c(c1)[C@@]13CCCC[C@H]1[C@@H](C2)N(CC1CCC1)CC3)CC(O)COc1ccc2c(c1)[C@@]13CCCC[C@H]1[C@@H](C2)N(CC1CCC1)CC3,9.77
OPRK1,CHEMBL169703,CN1c2ccccc2C(c2ccccc2F)=NCC1CNC(=O)c1ccsc1,9.77
OPRK1,CHEMBL3086755,Cl.O=C(CCc1ccccn1)N[C@@]12CCC(=O)[C@@H]3Oc4c(O)ccc5c4[C@@]31CCN(CC1CC1)[C@@H]2C5,9.77
OPRK1,CHEMBL3086305,CC(=O)Nc1nc2c(s1)C[C@H]1[C@H]3Cc4ccc(O)cc4[C@@]1(CCN3CC1CC1)C2,9.77
OPRK1,CHEMBL3691882,COC12CC[C@@]3(C[C@@H]1CNC(=O)CCC(N)=O)[C@H]1Cc4ccc(O)c5c4[C@@]3(CCN1CC1CC1)[C@H]2O5,9.77
OPRK1,CHEMBL4114310,CC(C)C[C@@H](NC(=O)[C@@H](Cc1ccccc1)NC(=O)[C@H](N)Cc1ccccc1)C(=O)N[C@H](CCCCNC(=N)N)C(=O)N1CCC(N2CCC[C@H]2C(=O)O)CC1,9.77
OPRK1,CHEMBL4111838,CC(C)C[C@@H](NC(=O)[C@@H](Cc1ccccc1)NC(=O)[C@H](N)Cc1ccccc1)C(=O)N[C@H](CCCCNC(C)C)C(=O)N1CCC(N)(C(=O)O)CC1,9.77
OPRK1,CHEMBL4109923,CC(C)C[C@@H](NC(=O)[C@@H](Cc1ccccc1)NC(=O)[C@H](N)Cc1ccccc1)C(=O)N[C@H](CCN)C(=O)N1CCC(N2CCC[C@H]2C(=O)O)CC1,9.77
OPRK1,CHEMBL4115389,CC(C)C[C@@H](NC(=O)[C@@H](Cc1ccccc1)NC(=O)[C@H](N)Cc1ccccc1)C(=O)N[C@H](CCNC(=N)N)C(=O)N1CCCN(C(=N)N)CC1,9.77
OPRK1,CHEMBL4283681,CCCCC(=N)NCCc1ccc2c(c1)C1C[C@@]3(O)[C@H]4Cc5ccc(O)c6c5[C@@]3(CCN4CC3CC3)[C@@H](O6)C1N2,9.77
OPRK1,CHEMBL3664525,COc1ccc2c3c1OC1C4(OC)CCC5(CC4COCc4ccccc4)[C@@H](C2)N(C)CC[C@]315,9.77
OPRK1,CHEMBL5772208,O=C(CCCc1c[nH]c2ccccc12)N[C@@H]1CC[C@@]2(O)[C@H]3Cc4ccc(O)c5c4[C@@]2(CCN3CC2CC2)[C@H]1O5,9.76
OPRK1,CHEMBL5890617,O=C(N[C@@H]1CC[C@@]2(O)[C@H]3Cc4ccc(O)c5c4[C@@]2(CCN3C2CC2)C1O5)c1cc2ccccc2[nH]1,9.75
OPRK1,CHEMBL2112374,N=C(N)NCc1ccc2[nH]c3c(c2c1)C[C@@]1(O)[C@H]2Cc4ccc(O)c5c4[C@@]1(CCN2CC1CC1)[C@H]3O5,9.74
OPRK1,CHEMBL59092,C[C@H]1C2Cc3ccc(O)cc3[C@]1(C)CCN2CC1CC1,9.74
OPRK1,CHEMBL299220,Nc1ccc2c(c1)[C@@]13CCCC[C@H]1[C@@H](C2)N(CC1CC1)CC3,9.74
OPRK1,CHEMBL430397,C[C@H]1C2Cc3ccc(C(=O)NCCCc4ccc5ccccc5c4)cc3[C@@]1(C)CCN2CC1CC1,9.74
OPRK1,CHEMBL1824510,Cl.O=C(N[C@@H]1CC[C@@]2(O)[C@H]3Cc4ccc(O)c5c4[C@@]2(CCN3CC2CC2)[C@H]1O5)c1ccnc(Br)c1,9.74
OPRK1,CHEMBL1852385,O=C(N[C@@H]1CC[C@@]2(O)[C@H]3Cc4ccc(O)c5c4[C@@]2(CCN3CC2CC2)[C@H]1O5)c1ccnc(Br)c1,9.74
OPRK1,CHEMBL3339379,O=C(NCCc1ccccc1)C1=N[C@@]23CC[C@]1(O)C1Oc4c(O)ccc5c4C12CCN(CC1CC1)C3C5,9.74
OPRK1,CHEMBL3695670,O=C1C[C@]23CCN(CC4CC4)[C@H](Cc4ccc(O)cc42)[C@@H]3CN1,9.74
OPRK1,CHEMBL3759238,O=C1c2ccc(O)cc2[C@@]23CCCC[C@H]2[C@@H]1N(CC1CCCO1)CC3,9.74
OPRK1,CHEMBL3691857,CO[C@]12CC[C@@]3(C[C@@H]1CNC(=O)[C@@H](N)CO)[C@H]1Cc4ccc(O)c5c4[C@@]3(CCN1CC1CC1)[C@H]2O5,9.74
OPRK1,CHEMBL4115238,CC(C)C[C@@H](NC(=O)[C@@H](Cc1ccccc1)NC(=O)[C@H](N)Cc1ccccc1)C(=O)N[C@H](CCN)C(=O)N1CCCN(C(=N)N)CC1,9.74
OPRK1,CHEMBL216696,CC(C)C[C@H](NC(=O)[C@H](Cc1ccccc1)NC(=O)CNC(=O)CNC(=O)[C@@H](N)Cc1ccc(O)cc1)C(=O)N[C@@H](CCCN=C(N)N)C(=O)N[C@@H](CCCN=C(N)N)C(=O)N[C@@H](C)C(=O)N[C@@H](CCCN=C(N)N)C(=O)N1CCC[C@H]1C(=O)N[C@@H](CCCCN)C(N)=O,9.72
OPRK1,CHEMBL407084,CC(C)C[C@H](NC(=O)[C@H](Cc1ccccc1)NC(=O)CNC(=O)CNC(=O)[C@@H](N)Cc1ccc(O)cc1)C(=O)N[C@@H](CCCN=C(N)N)C(=O)N[C@@H](CCCN=C(N)N)C(=O)N[C@H](C)C(=O)N[C@@H](CCCN=C(N)N)C(=O)N1CCC[C@H]1C(=O)N[C@@H](CCCCN)C(N)=O,9.72
OPRK1,CHEMBL3086754,Cl.O=C(Cc1ccccn1)N[C@@]12CCC(=O)[C@@H]3Oc4c(O)ccc5c4[C@@]31CCN(CC1CC1)[C@@H]2C5,9.72
OPRK1,CHEMBL3678981,CO[C@]12CC[C@@]3(C[C@@H]1COCc1ccccc1Cl)[C@H]1Cc4ccc(O)c5c4[C@@]3(CC[N+]1(C)CC1CC1)[C@H]2O5,9.72
OPRK1,CHEMBL4107906,CO[C@]12CC[C@@]3(C[C@@H]1COCc1ccccc1)[C@H]1Cc4ccc(F)c5c4[C@@]3(CCN1C)[C@H]2O5,9.72
OPRK1,CHEMBL4113162,CCC1O[C@]23CC[C@@]4(C[C@@H]2[C@@](C)(C(C)(C)C)O1)[C@H]1Cc2ccc(O)c5c2[C@@]4(CCN1CC1CC1)[C@H]3O5,9.72
OPRK1,CHEMBL4464797,COC(=O)[C@@H]1C[C@H](OC(=O)Cl)C(=O)[C@H]2[C@@]1(C)CC[C@H]1C(=O)O[C@H](c3ccoc3)C[C@]21C,9.72
OPRK1,CHEMBL485605,CN(C(=O)/C=C/c1ccco1)[C@@H]1CC[C@@]2(O)[C@H]3Cc4ccc(O)c5c4[C@@]2(CCN3CC2CC2)[C@H]1O5,9.71
OPRK1,CHEMBL5178511,O=C(Cc1ccccc1)N[C@@H]1C[C@]23CCN(CC4CC4)[C@H](Cc4ccc(O)cc42)[C@]32CC[C@@H]1O2,9.71
OPRK1,CHEMBL5200218,O=C(CCc1ccccc1)N[C@@H]1C[C@]23CCN(CC4CC4)[C@H](Cc4ccc(O)cc42)[C@]32CC[C@@H]1O2,9.71
OPRK1,CHEMBL146519,O=C1CCN(CC2CCCCN2C(=O)Cc2ccc(Cl)c(Cl)c2)C1,9.7
OPRK1,CHEMBL109040,COc1ccc2c(c1O)[C@]13CCN(C)C(C2)[C@]12CCC(=O)[C@H]3/C(=C/c1ccccc1)C2,9.7
OPRK1,CHEMBL187124,O=C1[C@H](c2ccc(Cl)c(Cl)c2)CC=CCN1[C@H](CN1CC[C@H](O)C1)c1ccccc1,9.7
OPRK1,CHEMBL191987,CN(C(=O)Cc1ccc(NS(C)(=O)=O)cc1)[C@H](CN1CC[C@H](O)C1)c1ccccc1,9.7
OPRK1,CHEMBL607125,Cc1ccccc1/C=C/C(=O)N[C@@]12CCC(=O)[C@@H]3Oc4c(O)ccc5c4[C@@]31CCN(C)[C@@H]2C5,9.7
OPRK1,CHEMBL399344,C[C@H]1C2Cc3ccc(C(=O)NCCc4ccc5ccccc5c4)cc3[C@@]1(C)CCN2CC1CC1,9.7
OPRK1,CHEMBL527199,CN(CC(=O)N(C)C(CN1CCCC1)c1ccccc1)c1ccc(Cl)c(Cl)c1,9.7
OPRK1,CHEMBL1080925,CCCCCCCCCC(=O)Oc1ccc2c(c1)[C@@]13CCCC[C@H]1[C@@H](C2)N(CC1CCC1)CC3,9.7
OPRK1,CHEMBL1774946,CO[C@@]12CCCC[C@@]13CCN(CC1CCC1)[C@@H]2Cc1ccc(O)cc13,9.7
OPRK1,CHEMBL2208355,CC1C2Cc3ccc(C(=O)NCCc4ccc5ccccc5c4)cc3C1(C)CCN2CC1CC1,9.7
OPRK1,CHEMBL3291214,CC(C)(O)[C@H]1C[C@@]23CC[C@@]1(OCCF)[C@@H]1Oc4c(O)ccc5c4[C@@]12CCN(CC1CC1)[C@@H]3C5,9.7
OPRK1,CHEMBL3678975,CO[C@]12CC[C@@]3(C[C@@H]1COCc1ccsc1)[C@H]1Cc4ccc(O)c5c4[C@@]3(CC[N+]1(C)CC1CC1)[C@H]2O5,9.7
OPRK1,CHEMBL3678976,CO[C@]12CC[C@@]3(C[C@@H]1COCc1ccccc1F)[C@H]1Cc4ccc(O)c5c4[C@@]3(CC[N+]1(C)CC1CC1)[C@H]2O5,9.7
OPRK1,CHEMBL4110449,COC(=O)COc1cccc(COC[C@H]2C[C@@]34CC[C@]2(OC)[C@@H]2Oc5c(O)ccc6c5[C@@]23CCN(CC2CC2)[C@@H]4C6)c1,9.7
OPRK1,CHEMBL4094845,Oc1ccc2c(c1)C13CCN(CC4CC4)C(C2)C12CCC1C3[C@@H](CN1c1cnccn1)C2,9.7
OPRK1,CHEMBL5860161,O=C(NCc1ccc(Cl)c(Cl)c1)[C@@H]1C[C@]23CCN(CC4CC4)[C@H](Cc4ccc(O)cc42)[C@]3(O)C1,9.7
OPRK1,CHEMBL422551,CC[C@]12CCN(CC3CC3)[C@H](C(=O)c3ccc(O)cc31)[C@@H]2C,9.68
OPRK1,CHEMBL201572,CN(C(=O)CNc1ccc([N+](=O)[O-])cc1)[C@H](CN1CC[C@H](O)C1)c1ccccc1,9.68
OPRK1,CHEMBL411557,CC[C@H](C)[C@H](NC(=O)[C@H](CCCNC(=N)N)NC(=O)[C@H](CCCNC(=N)N)NC(=O)[C@H](CC(C)C)NC(=O)[C@H](Cc1ccccc1)NC(=O)CNC(=O)CNC(=O)[C@@H](N)Cc1ccc(O)cc1)C(=O)N[C@@H](CCCNC(=N)N)C(=O)N1CCC[C@H]1C(=O)N[C@@H](CCCCN)C(=O)N[C@@H](CC(C)C)C(=O)N[C@@H](CCCCN)C(=O)N[C@@H](Cc1c[nH]c2ccccc12)C(=O)N[C@@H](CC(=O)O)C(=O)N[C@@H](CC(N)=O)C(=O)N[C@@H](CCC(N)=O)C(=O)O,9.68
OPRK1,CHEMBL521543,COc1ccc(CC(=O)Oc2ccc3c(c2)[C@@]24CCCC[C@@]2(O)[C@@H](C3)N(CC2CCC2)CC4)cc1.Cl,9.68
OPRK1,CHEMBL3695676,Oc1ccc2c(c1)[C@@]13CCNC[C@H]1[C@@H](C2)N(CC1CC1)CC3,9.68
OPRK1,CHEMBL4106962,CC(C)C[C@@H](NC(=O)[C@@H](Cc1ccccc1)NC(=O)[C@H](N)Cc1ccccc1)C(=O)N[C@H](CNC(=N)N)C(=O)N1CCC(N2CCC[C@H]2C(=O)O)CC1,9.68
OPRK1,CHEMBL3664526,COc1cccc(COC[C@H]2C[C@@]34CC[C@]2(OC)[C@@H]2Oc5c(OC)ccc6c5[C@@]23CCN(C)[C@@H]4C6)c1,9.68
OPRK1,CHEMBL423653,CC(=O)N1CCN(C(=O)Cc2ccc(Cl)c(Cl)c2)C(CN2CC[C@H](O)C2)C1,9.66
OPRK1,CHEMBL2208358,COc1cccc(-c2ccc(CCNC(=O)c3ccc4c(c3)C3(C)CCN(CC5CC5)C(C4)C3C)cc2)c1,9.66
OPRK1,CHEMBL2338733,CO[C@]12CC[C@@]3(C[C@@H]1[C@@](C)(O)CC1CCCCC1)[C@H]1Cc4ccc(O)c5c4[C@@]3(CCN1CC1CC1)[C@H]2O5,9.66
OPRK1,CHEMBL3691870,CO[C@]12CC[C@@]3(C[C@@H]1CNC(=O)CNC(C)=O)[C@H]1Cc4ccc(O)c5c4[C@@]3(CCN1CC1CC1)[C@H]2O5,9.66
OPRK1,CHEMBL4103044,O=C(c1ccoc1)N1C[C@H]2CC34CCC1C2C31CCN(CC2CC2)C4Cc2ccc(O)cc21,9.66
OPRK1,CHEMBL4159127,NC(=O)[C@H](Cc1ccccc1)NC(=O)[C@H](Cc1c[nH]c2ccccc12)N1C(=O)O[C@@H](CNC(=O)[C@@H](N)Cc2ccc(O)cc2)C1=O,9.66
OPRK1,CHEMBL265813,CC[C@H](C)[C@H](NC(=O)[C@H](CCCN=C(N)N)NC(=O)[C@H](CCCN=C(N)N)NC(=O)[C@H](CC(C)C)NC(=O)[C@H](Cc1ccccc1)NC(=O)CNC(=O)CNC(=O)[C@@H](N)Cc1ccc(O)cc1)C(=O)N[C@@H](CCCN=C(N)N)C(=O)N1CCC[C@@H]1C(=O)N[C@@H](CCCCN)C(=O)N[C@@H](CC(C)C)C(=O)N[C@@H](CCCCN)C(=O)O,9.64
OPRK1,CHEMBL426084,NC(=O)c1ccc2c(c1O)[C@]13CCN(CC4CC4)[C@H](C2)[C@]1(O)CCC(=O)C3,9.64
OPRK1,CHEMBL201271,O=C(CCCCCCCCC(=O)Oc1ccc2c(c1)[C@@]13CCCCC1[C@@H](C2)N(CC1CC1)CC3)Oc1ccc2c(c1)[C@@]13CCCCC1[C@@H](C2)N(CC1CCC1)CC3,9.64
OPRK1,CHEMBL382932,CN(CC(=O)N(C)[C@H](CN1CC[C@H](O)C1)c1ccccc1)c1ccccc1,9.64
OPRK1,CHEMBL471243,Cl.NC(=O)c1ccc2c(c1O)[C@]13CCN(CC4CC4)[C@H](C2)[C@]1(O)CCC(=O)C3,9.64
OPRK1,CHEMBL475108,C[C@H]1C2Cc3ccc4[nH]nnc4c3[C@@]1(C)CCN2CC1CC1,9.64
OPRK1,CHEMBL611933,O=C(N[C@@H]1CC[C@@]2(O)[C@H]3Cc4ccc(O)c5c4[C@@]2(CCN3CC2CC2)[C@H]1O5)c1ccc(Cl)cc1.O=C(O)C(=O)O,9.64
OPRK1,CHEMBL1773091,CO[C@@]12CCCC[C@@]13CCN(CC1CCC1)[C@@H]2Cc1ccc(OC(=O)CCCCCCCCC(=O)OCc2ccccc2)cc13,9.64
OPRK1,CHEMBL1795711,O=C(N[C@@H]1CC[C@@]2(O)[C@H]3Cc4ccc(O)c5c4[C@@]2(CCN3CC2CC2)[C@H]1O5)c1cccc(I)c1,9.64
OPRK1,CHEMBL4115338,C=Cc1ccc2c3c1O[C@H]1[C@@]4(OC)CC[C@@]5(C[C@@H]4COCc4ccccc4)[C@@H](C2)N(C)CC[C@]315,9.64
OPRK1,CHEMBL5273114,N=C(N)NCCC[C@H](NC(=O)[C@@H](CCCNC(=N)N)NC(=O)[C@@H](CCCNC(=N)N)NC(=O)[C@@H]1CCCN1C(=O)c1ccccc1)C(=O)N[C@@H](CC1CCCCC1)C(=O)N[C@H]1CSSC[C@@H](C(N)=O)NC1=O,9.64
OPRK1,CHEMBL3923372,COc1ccc2c3c1O[C@H]1[C@@]4(OC)CC[C@@]5(C[C@@H]4COCc4ccc(Cl)c(Cl)c4)[C@@H](C2)N(CC2CC2)CC[C@]315,9.64
OPRK1,CHEMBL410526,COc1cccc(C(=O)N[C@@H]2CC[C@@]3(O)[C@H]4Cc5ccc(O)c6c5[C@@]3(CCN4CC3CC3)[C@H]2O6)c1,9.62
OPRK1,CHEMBL254960,COc1cc(CC(=O)N(C)[C@H](CN2CC[C@H](O)C2)c2ccccc2)c(S(=O)(=O)N(C)C)cc1OC,9.62
OPRK1,CHEMBL511816,Oc1ccc2c3c1O[C@H]1CCC[C@@]4(O)[C@@H](C2)N(CC2CC2)CC[C@]314,9.62
OPRK1,CHEMBL4109652,CO[C@]12CC[C@@]3(C[C@@H]1COCc1ccccc1)[C@H]1Cc4ccc(Br)c5c4[C@@]3(CCN1CC1CC1)[C@H]2O5,9.62
OPRK1,CHEMBL5418013,CCCC[C@@H](NC(=O)[C@@H](CC1=CC=CCC1)NC(=O)[C@H](N)Cc1ccccc1)C(=O)N[C@H](CCCNC(=N)N)C(=O)NCc1ccncc1,9.62
OPRK1,CHEMBL80,C=CCN1CC[C@]23c4c5ccc(O)c4O[C@H]2C(=O)CC[C@@]3(O)[C@H]1C5,9.6
OPRK1,CHEMBL108938,CCCC(=N)NCCc1ccc2[nH]c3c(c2c1)C[C@@]1(O)C2Cc4ccc(O)c5c4[C@@]1(CCN2CC1CC1)[C@H]3O5,9.6
OPRK1,CHEMBL123898,O=C(NCCC1CN=C(c2ccccc2)c2ccccc2N1)c1ccccc1,9.6
OPRK1,CHEMBL3691862,CO[C@]12CC[C@@]3(C[C@@H]1CNC(=O)[C@@H](N)Cc1c[nH]cn1)[C@H]1Cc4ccc(O)c5c4[C@@]3(CCN1CC1CC1)[C@H]2O5,9.6
OPRK1,CHEMBL3678979,CO[C@]12CC[C@@]3(C[C@@H]1COCc1cccc(F)c1)[C@H]1Cc4ccc(O)c5c4[C@@]3(CC[N+]1(C)CC1CC1)[C@H]2O5,9.6
OPRK1,CHEMBL5281912,N=C(N)NCCC[C@@H](NC(=O)[C@@H](CCCNC(=N)N)NC(=O)[C@@H]1CCCN1C(=O)c1ccccc1)C(=O)N[C@@H](CCC(N)=O)C(=O)N[C@@H](CC1CCCCC1)C(=O)N[C@H]1CSSC[C@@H](C(N)=O)NC1=O,9.6
OPRK1,CHEMBL6028097,CC(C)C[C@@H](NC(=O)[C@@H](Cc1ccccc1)NC(=O)[C@H](N)[C@H](C)c1ccccc1)C(=O)N[C@H](CCCCN)C(=O)N1CCC(N)(C(=O)O)CC1,9.6
OPRK1,CHEMBL254959,COc1cc(CC(=O)N(C)[C@H](CN2CCCC2)c2ccccc2)c(S(=O)(=O)N(C)C)cc1OC,9.59
OPRK1,CHEMBL503017,O=C(/C=C/c1ccccc1)N[C@@H]1CC[C@@]2(OC(=O)Cc3ccccc3)[C@H]3Cc4ccc(O)c5c4[C@@]2(CCN3CC2CC2)[C@H]1O5,9.59
OPRK1,CHEMBL2048771,Oc1ccccc1CNc1ccc2c(c1)[C@@]13CCCC[C@H]1[C@@H](C2)N(CC1CC1)CC3,9.59
OPRK1,CHEMBL2208347,C[C@H]1[C@H]2Cc3ccc(C(=O)NCCc4ccc(-c5ccc(O)cc5)cc4)cc3[C@]1(C)CCN2CC1CC1,9.59
OPRK1,CHEMBL2397017,O=C(N[C@@]12CCC(=O)[C@@H]3Oc4c(O)ccc5c4[C@@]31CCN(CC1CC1)[C@@H]2C5)c1ccc2ccccc2n1,9.59
OPRK1,CHEMBL3086751,Cl.O=C(N[C@@]12CCC(=O)[C@@H]3Oc4c(O)ccc5c4[C@@]31CCN(CC1CC1)[C@@H]2C5)c1ccc2ccccc2n1,9.59
OPRK1,CHEMBL3695674,NC(=O)CN1CC[C@]23CCN(CC4CC4)[C@H](Cc4ccc(O)cc42)[C@@H]3C1,9.59
OPRK1,CHEMBL3678964,CO[C@]12CC[C@@]3(C[C@@H]1COCc1ccc(F)cc1)[C@H]1Cc4ccc(O)c5c4[C@@]3(CC[N+]1(C)CC1CC1)[C@H]2O5,9.59
OPRK1,CHEMBL4544914,CCc1cc(F)c2nc(N3CCC(N[C@@H]4CCCOC4)CC3)c(-c3nc(C)no3)c(C)c2c1,9.59
OPRK1,CHEMBL5200050,CN(C(=O)c1ccccc1)[C@@H]1C[C@]23CCN(CC4CC4)[C@H](Cc4ccc(O)cc42)[C@]32CC[C@@H]1O2,9.59
OPRK1,CHEMBL5807023,COC(=O)C1(N)CCN(C(=O)[C@@H](CCCCN)NC(=O)[C@@H](CC(C)C)NC(=O)[C@@H](Cc2ccccc2)NC(=O)[C@H](N)[C@H](C)c2ccccc2)C1,9.59
OPRK1,CHEMBL318859,CN(C(=O)Cc1cccc2occc12)[C@H]1CC[C@@]2(CCCO2)C[C@@H]1N1CCCC1,9.57
OPRK1,CHEMBL370029,NC(=O)c1ccc2c(c1O)[C@]13CCN(CC4CCC4)[C@H](C2)[C@]1(O)CCC(=O)C3,9.57
OPRK1,CHEMBL230288,CN(C(=O)CC(=O)Nc1ccccc1)[C@H](CN1CC[C@H](O)C1)c1ccccc1,9.57
OPRK1,CHEMBL511655,O=C(/C=C/c1ccccc1Cl)N[C@@H]1CC[C@@]2(O)[C@H]3Cc4ccc(O)c5c4[C@@]2(CCN3CC2CC2)[C@H]1O5,9.57
OPRK1,CHEMBL1774952,c1c2c(cc3sc(NCCCCCCCCCCNc4nc5cc6c(cc5s4)C[C@@H]4[C@@H]5CCCC[C@]65CCN4CC4CC4)nc13)C[C@@H]1[C@@H]3CCCC[C@]23CCN1CC1CC1,9.57
OPRK1,CHEMBL2048773,Oc1ccc(CNc2ccc3c(c2)[C@@]24CCCC[C@H]2[C@@H](C3)N(CC2CC2)CC4)cc1,9.57
OPRK1,CHEMBL2397016,O=C(N[C@@]12CCC(=O)[C@@H]3Oc4c(O)ccc5c4[C@@]31CCN(CC1CC1)[C@@H]2C5)c1cc2ccccc2cn1,9.57
OPRK1,CHEMBL3086750,Cl.O=C(N[C@@]12CCC(=O)[C@@H]3Oc4c(O)ccc5c4[C@@]31CCN(CC1CC1)[C@@H]2C5)c1cc2ccccc2cn1,9.57
OPRK1,CHEMBL3678980,CO[C@]12CC[C@@]3(C[C@@H]1COCc1cccc(Cl)c1)[C@H]1Cc4ccc(O)c5c4[C@@]3(CC[N+]1(C)CC1CC1)[C@H]2O5,9.57
OPRK1,CHEMBL5831758,COC12CC[C@]3(C[C@]1(C)COCc1cc4ccccc4s1)[C@H]1Cc4ccc(O)c5c4[C@@]3(CCN1CC1CC1)[C@H]2O5,9.57
OPRK1,CHEMBL5185996,CN(C(=O)Cc1ccccc1)[C@@H]1C[C@]23CCN(CC4CC4)[C@H](Cc4ccc(O)cc42)[C@]32CC[C@@H]1O2,9.56
OPRK1,CHEMBL323987,CCC(=N)NCCc1ccc2[nH]c3c(c2c1)C[C@@]1(O)C2Cc4ccc(O)c5c4[C@@]1(CCN2CC1CC1)[C@H]3O5,9.55
OPRK1,CHEMBL341056,O=C(NCCC1CN=C(c2ccccc2)c2ccccc2N1)c1ccc(F)cc1,9.55
OPRK1,CHEMBL293406,COC(=O)/C=C1/CCN(CC2CN(C(=O)OC)CCN2C(=O)Cc2ccc(Cl)c(Cl)c2)C1,9.55
OPRK1,CHEMBL373984,Cc1cc(O)cc(C)c1C[C@H](N)C(=O)N1Cc2ccccc2C[C@H]1C(=O)NCCC(=O)Oc1ccc2c(c1)[C@@]13CCCC[C@H]1[C@@H](C2)N(CC1CCC1)CC3,9.55
OPRK1,CHEMBL407466,O=C(N[C@@H]1CC[C@@]2(O)[C@H]3Cc4ccc(O)c5c4[C@@]2(CCN3CC2CC2)[C@H]1O5)c1cccc([N+](=O)[O-])c1,9.55
OPRK1,CHEMBL1163923,CN(CCc1ccccc1)C(=O)[C@H]1C[C@@]23C=C[C@]1(O)[C@@H]1Oc4c(O)ccc5c4[C@@]12CCN(CC1CC1)[C@@H]3C5,9.55
OPRK1,CHEMBL1774950,C=CCN1CC[C@]23c4c5ccc(OC(=O)CCCCCCCCC(=O)Oc6ccc7c(c6)[C@@]68CCCC[C@@]6(O)[C@@H](C7)N(CC6CCC6)CC8)c4O[C@H]2C(=O)CC[C@@]3(O)[C@H]1C5,9.55
OPRK1,CHEMBL4107680,CO[C@]12CC[C@@]3(C[C@@H]1COCc1ccccc1)[C@H]1Cc4ccc(N)c5c4[C@@]3(CCN1C)[C@H]2O5,9.55
OPRK1,CHEMBL4112287,COc1ccc2c3c1O[C@H]1[C@@]4(OC)CC[C@@]5(C[C@@H]4C(C)(C)OCc4ccccc4)[C@@H](C2)N(CC2CC2)CC[C@]315,9.55
OPRK1,CHEMBL5273273,CC[C@H](C)[C@H](NC(=O)[C@H](CCCNC(=N)N)NC(=O)[C@H](CCCNC(=N)N)NC(=O)[C@H](CC(C)C)NC(=O)[C@H](Cc1ccccc1)NC(=O)CNC(=O)CNC(=O)[C@@H](N)Cc1ccc(O)cc1)C(=O)N[C@@H](CCCNC(=N)N)C(=O)N1CCC[C@H]1C(=O)N[C@@H](CCCCN)C(=O)N[C@@H](CC(C)C)C(=O)N[C@@H](CCCCN)C(=O)N[C@@H](Cc1c[nH]c2ccccc12)C(=O)N[C@@H](CC(=O)O)C(=O)N[C@@H](CC(N)=O)C(=O)N[C@@H](CCC(N)=O)C(N)=O,9.55
OPRK1,CHEMBL5404473,CCN(CC)C[C@@H]1CN(C(=O)CO[11CH3])CCN1C(=O)Cc1ccc(C)c(C)c1,9.55
OPRK1,CHEMBL5428920,CCN(CC)C[C@@H]1CN(C(=O)COC)CCN1C(=O)Cc1ccc(C)c(C)c1,9.55
OPRK1,CHEMBL91683,CC(=N)NCCc1ccc2[nH]c3c(c2c1)C[C@@]1(O)C2Cc4ccc(O)c5c4[C@@]1(CCN2CC1CC1)[C@H]3O5,9.54
OPRK1,CHEMBL383320,O=C(O)CCCCCCCCC(=O)Oc1ccc2c(c1)[C@@]13CCCCC1[C@@H](C2)N(CC1CCC1)CC3,9.54
OPRK1,CHEMBL217395,COc1ccc2c3c1O[C@H]1C(=O)CC[C@@]4(NC(=O)CCc5ccc(Cl)cc5)[C@@H](C2)N(CC2CC2)CC[C@]314,9.54
OPRK1,CHEMBL271811,COc1cc(OC)cc(C(=O)N[C@@H]2CC[C@@]3(O)[C@H]4Cc5ccc(O)c6c5[C@@]3(CCN4CC3CC3)[C@H]2O6)c1,9.54
OPRK1,CHEMBL470005,NC(=O)c1ccc2c(c1O)[C@@]13CCCC[C@@]1(O)[C@@H](C2)N(CC1CC1)CC3,9.54
OPRK1,CHEMBL566346,O=C(O)CCCCCCCCC(=O)Oc1ccc2c(c1)[C@@]13CCCC[C@H]1[C@@H](C2)N(CC1CCC1)CC3,9.54
OPRK1,CHEMBL3678971,CO[C@]12CC[C@@]3(C[C@@H]1COCc1ccoc1)[C@H]1Cc4ccc(O)c5c4[C@@]3(CC[N+]1(C)CC1CC1)[C@H]2O5,9.54
OPRK1,CHEMBL3678977,CO[C@]12CC[C@@]3(C[C@@H]1COCc1cccc(C)c1)[C@H]1Cc4ccc(O)c5c4[C@@]3(CC[N+]1(C)CC1CC1)[C@H]2O5,9.54
OPRK1,CHEMBL4109061,CO[C@]12CC[C@@]3(C[C@@H]1COCc1ccccc1)[C@H]1Cc4ccc(OCC(N)=O)c5c4[C@@]3(CCN1CC1CC1)[C@H]2O5,9.54
OPRK1,CHEMBL4086255,CN(C(=O)/C=C/c1cccnc1)[C@@H]1CC[C@@]2(O)[C@H]3[C@@H](O)c4ccc(O)c5c4[C@@]2(CCN3CC2CC2)[C@H]1O5,9.54
OPRK1,CHEMBL5286081,C[C@H](NC(=O)[C@@H](CCCNC(=N)N)NC(=O)[C@@H](CCCNC(=N)N)NC(=O)[C@@H]1CCCN1C(=O)c1ccccc1)C(=O)N[C@@H](CC1CCCCC1)C(=O)N[C@H]1CSSC[C@@H](C(N)=O)NC1=O,9.54
OPRK1,CHEMBL326875,CCCCC(=N)NCCc1ccc2[nH]c3c(c2c1)C[C@@]1(O)C2Cc4ccc(O)c5c4[C@@]1(CCN2CC1CC1)[C@H]3O5,9.52
OPRK1,CHEMBL440765,CN(C(=O)Cc1ccccc1)[C@H]1CC[C@@]2(CCCO2)C[C@@H]1N1CCCC1,9.52
OPRK1,CHEMBL127463,CN1c2ccccc2C(c2ccccc2)=NCC1CCNC(=O)c1ccc(F)cc1,9.52
OPRK1,CHEMBL10872,CC(C)[C@@H](CN1CC[C@@](C)(c2cccc(O)c2)[C@@H](C)C1)NC(=O)[C@H]1Cc2ccccc2CN1,9.52
OPRK1,CHEMBL199827,O=C(CCCCCCCCC(=O)Oc1ccc2c(c1)[C@@]13CCCCC1[C@@H](C2)N(CC1CCC1)CC3)Oc1ccccc1,9.52
OPRK1,CHEMBL394624,O=C(NCc1ccccc1)Oc1ccc2c(c1)C13CCCCC1C(C2)N(CC1CCC1)CC3,9.52
OPRK1,CHEMBL448145,O=C(/C=C/c1ccccc1[N+](=O)[O-])N[C@@H]1CC[C@@]2(O)[C@H]3Cc4ccc(O)c5c4[C@@]2(CCN3CC2CC2)[C@H]1O5,9.52
OPRK1,CHEMBL575682,O=C(C#Cc1ccccc1)N[C@@]12CCC(=O)[C@@H]3Oc4c(O)ccc5c4[C@@]31CCN(CC1CC1)[C@@H]2C5,9.52
OPRK1,CHEMBL1766022,Nc1nc2cc3c(cc2s1)C[C@@H]1[C@@H]2CCCC[C@]32CCN1CCCF,9.52
OPRK1,CHEMBL4108468,CC(C)C[C@@H](NC(=O)[C@@H](Cc1ccccc1)NC(=O)[C@H](N)Cc1ccccc1)C(=O)N[C@H](CNC(=N)N)C(=O)N1CCC(N)(C(=O)O)CC1,9.52
OPRK1,CHEMBL4064380,COC(=O)N1CCN(C(=O)Cc2ccc(C(F)(F)F)c(Cl)c2)[C@@H]2[C@@H](N3CC[C@H](O)C3)CCC[C@@H]21,9.52
OPRK1,CHEMBL4076632,O=C(Nc1ccccc1)N1C[C@H]2CC34CCC1C2C31CCN(CC2CC2)C4Cc2ccc(O)cc21,9.52
OPRK1,CHEMBL4754961,CC[C@H](C)[C@H](NC(=O)[C@H](CCCNC(=N)N)NC(=O)[C@H](CC(C)C)NC(=O)[C@H](Cc1ccccc1)NC(=O)CNC(=O)CNC(=O)[C@@H](N)Cc1ccc(O)cc1)C(=O)N[C@@H](CCCNC(=N)N)C(N)=O,9.52
OPRK1,CHEMBL5405541,CN1CC[C@]23c4c5ccc(O)c4O[C@H]2C(=O)CC[C@@]3(OCCCc2ccccc2)[C@H]1C5,9.52
OPRK1,CHEMBL5913800,COC(=O)[C@@H]1C[C@]23CCN(CC4CC4)[C@H](Cc4ccc(O)cc42)[C@]3(O)C1,9.52
OPRK1,CHEMBL6067842,COc1ccc2c(c1)[C@]13CCN(CC4CC4)[C@H](C2)[C@]12CCC(NC(=O)C1CC1)(CO2)C3,9.52
OPRK1,CHEMBL407832,CC[C@H](C)[C@H](NC(=O)[C@H](CCCN=C(N)N)NC(=O)[C@H](CCCN=C(N)N)NC(=O)[C@H](CC(C)C)NC(=O)[C@H](Cc1ccccc1)NC(=O)CNC(=O)CNC(=O)[C@@H](N)Cc1ccc(O)cc1)C(=O)N[C@@H](CCCN=C(N)N)C(=O)O,9.51
OPRK1,CHEMBL183248,CN(C(=O)Cc1ccc(C(F)(F)F)cc1)[C@H](CN1CCCC1)c1cccc(N)c1,9.51
OPRK1,CHEMBL1095519,COC(=O)N1CCN(C(=O)Cc2ccc(Cl)c(Cl)c2)[C@@H]([C@@H](C)N2CCCC2)C1,9.51
OPRK1,CHEMBL4086783,Cl.Oc1cccc(CCN(CCc2cccc(O)c2)CC2CCCC2)c1,9.51
OPRK1,CHEMBL5874233,CCN1C(=O)C[C@@H]2C[C@@]3(O)[C@H]4Cc5ccc(O)cc5[C@@]3(CCN4CC3CC3)C[C@@H]21,9.51
OPRK1,CHEMBL609747,CN1CC[C@]23c4c5ccc(O)c4O[C@H]2c2[nH]c4c(c2C[C@H]3[C@H]1C5)C[C@@]1(O)[C@H]2Cc3ccc(O)c5c3[C@@]1(CCN2CC1CC1)[C@H]4O5,9.49
OPRK1,CHEMBL300662,C[C@H]1CN(CC[C@H](O)C2CCCCC2)CC[C@@]1(C)c1cccc(O)c1,9.49
OPRK1,CHEMBL3691886,COC12CC[C@@]3(C[C@@H]1CNC(=O)c1ccccc1C(=O)O)[C@H]1Cc4ccc(O)c5c4[C@@]3(CCN1CC1CC1)[C@H]2O5,9.49
OPRK1,CHEMBL3948713,CC(C)[C@@H]1C[C@H]2[C@H]3Cc4ccc(O)cc4[C@@]2(CCN3CC2CC2)CC1=O,9.49
OPRK1,CHEMBL5428706,CC(C)C[C@@H](NC(=O)[C@@H](CC1=CC=CCC1)NC(=O)[C@H](N)Cc1ccccc1)C(=O)N[C@H](CCCCN)C(=O)N1CCC(N)(C(=O)O)CC1,9.49
OPRK1,CHEMBL5805179,O=C(NCc1ccc(O)cc1O)[C@H]1C[C@]23CCN(CC4CC4)[C@H](Cc4ccc(O)cc42)[C@]3(O)C1,9.49
OPRK1,CHEMBL2397019,O=C(N[C@@]12CCC(=O)[C@@H]3Oc4c(O)ccc5c4[C@@]31CCN(CC1CC1)[C@@H]2C5)c1ccc2ccccc2c1,9.48
OPRK1,CHEMBL2397022,O=C(N[C@@]12CCC(=O)[C@@H]3Oc4c(O)ccc5c4[C@@]31CCN(CC1CC1)[C@@H]2C5)c1ccncc1,9.48
OPRK1,CHEMBL3086753,Cl.O=C(N[C@@]12CCC(=O)[C@@H]3Oc4c(O)ccc5c4[C@@]31CCN(CC1CC1)[C@@H]2C5)c1ccc2ccccc2c1,9.48
OPRK1,CHEMBL3086748,Cl.O=C(N[C@@]12CCC(=O)[C@@H]3Oc4c(O)ccc5c4[C@@]31CCN(CC1CC1)[C@@H]2C5)c1ccncc1,9.48
OPRK1,CHEMBL3309518,O=C1CCC2=C([C@@H]3Oc4c(O)ccc5c4[C@@]34CCN(CC3CC3)[C@H](C5)[C@]4(O)C2)N1CC1CCCCC1,9.48
OPRK1,CHEMBL4111936,CC(C)[C@H]1C[C@H]2[C@H]3Cc4ccc(O)cc4[C@@]2(CCN3CC2CC2)CC1=O,9.48
OPRK1,CHEMBL5200992,CN(C(=O)CCc1ccccc1)[C@@H]1C[C@]23CCN(CC4CC4)[C@H](Cc4ccc(O)cc42)[C@]32CC[C@@H]1O2,9.48
OPRK1,CHEMBL5568142,Cc1cc(O)cc(C)c1C[C@H](NC(=N)N)C(=O)N[C@H](CCCNC(=N)N)C(=O)N[C@H]1Cc2ccccc2CN(CCC(=O)N[C@@H](CCCN2CCC(Cc3ccccc3)CC2)C(=O)N[C@@H](Cc2ccccc2)C(N)=O)C1=O,9.48
OPRK1,CHEMBL6067841,COc1ccc2c(c1)[C@]13CCN(CC4CC4)[C@H](C2)[C@]12CCC(NC(=O)C(C)(C)C)(CO2)C3,9.48
OPRK1,CHEMBL62884,COC(=O)N1CCN(C(=O)Cc2ccc(Cl)c(Cl)c2)C(CN2CCC(=O)C2)C1,9.47
OPRK1,CHEMBL294779,COC(=O)N1CCN(C(=O)Cc2ccc(Cl)c(Cl)c2)C(CN2CCC(O)C2)C1,9.47
OPRK1,CHEMBL184811,O=C1C(c2ccc(Cl)c(Cl)c2)CC=CCN1C(CN1CCCC1)c1ccccc1,9.47
OPRK1,CHEMBL217658,O=C1CC[C@@]2(NCCc3ccc(Cl)cc3)[C@H]3Cc4ccc(O)c5c4[C@@]2(CCN3CC2CC2)[C@H]1O5,9.47
OPRK1,CHEMBL224671,O=C(CCCCCCCCC(=O)Oc1ccc2c3c1O[C@H]1[C@H](O)CC[C@@]4(O)[C@@H](C2)N(CC2CCC2)CC[C@]314)Oc1ccc2c(c1)[C@@]13CCCCC1[C@@H](C2)N(CC1CCC1)CC3,9.47
OPRK1,CHEMBL429677,COc1cc(CC(=O)N(C)[C@H](CN2CC[C@H](O)C2)c2ccccc2)c(S(=O)(=O)N2CCOCC2)cc1OC,9.47
OPRK1,CHEMBL511645,NC(=O)c1ccc2c(c1O)[C@]13CCN(CC4CCC4)[C@H](C2)[C@]1(O)CC[C@@H](O)C3,9.47
OPRK1,CHEMBL513598,COc1ccccc1/C=C/C(=O)N[C@@H]1CC[C@@]2(O)[C@H]3Cc4ccc(O)c5c4[C@@]2(CCN3CC2CC2)[C@H]1O5,9.47
OPRK1,CHEMBL571998,c1ccc(CNc2ccc3c(c2)[C@@]24CCCC[C@H]2[C@@H](C3)N(CC2CC2)CC4)cc1,9.47
OPRK1,CHEMBL611929,O=C(N[C@@H]1CC[C@@]2(O)[C@H]3Cc4ccc(O)c5c4[C@@]2(CCN3CC2CC2)[C@H]1O5)c1ccc(C(F)(F)F)cc1.O=C(O)C(=O)O,9.47
OPRK1,CHEMBL593215,O=C(N[C@@H]1CC[C@@]2(O)[C@H]3Cc4ccc(O)c5c4[C@@]2(CCN3CC2CC2)[C@H]1O5)c1ccc(Cl)c(Cl)c1.O=C(O)C(=O)O,9.47
OPRK1,CHEMBL1076579,OC(COc1ccc(Cc2ccc(OCC(O)COc3ccc4c(c3)[C@@]35CCCC[C@H]3[C@@H](C4)N(CC3CCC3)CC5)cc2)cc1)COc1ccc2c(c1)[C@@]13CCCC[C@H]1[C@@H](C2)N(CC1CCC1)CC3,9.47
OPRK1,CHEMBL2208351,CC1C2Cc3ccc(C(=O)NCCc4ccc(-c5ccc6c(c5)OCO6)cc4)cc3C1(C)CCN2CC1CC1,9.47
OPRK1,CHEMBL269483,CC[C@H](C)[C@H](NC(=O)[C@H](CCCN=C(N)N)NC(=O)[C@H](CCCN=C(N)N)NC(=O)[C@H](CC(C)C)NC(=O)[C@H](Cc1ccccc1)NC(=O)CNC(=O)CNC(=O)[C@@H](N)Cc1ccc(O)cc1)C(=O)N[C@@H](CCCN=C(N)N)C(=O)N1CCC[C@@H]1C(=O)O,9.46
OPRK1,CHEMBL210005,C[C@H]1[C@H]2Cc3ccc(C(=O)NCCc4ccc(-c5ccccc5)cc4)cc3[C@]1(C)CCN2CC1CC1,9.46
OPRK1,CHEMBL3691863,CO[C@]12CC[C@@]3(C[C@@H]1CNC(=O)[C@H](C)NC(C)=O)[C@H]1Cc4ccc(O)c5c4[C@@]3(CCN1CC1CC1)[C@H]2O5,9.46
OPRK1,CHEMBL3691873,CO[C@]12CC[C@@]3(C[C@@H]1CNC(=O)[C@H](CC(C)C)NC(C)=O)[C@H]1Cc4ccc(O)c5c4[C@@]3(CCN1CC1CC1)[C@H]2O5,9.46
OPRK1,CHEMBL3948231,COc1ccc2c3c1O[C@H]1[C@@]4(OC)CC[C@@]5(C[C@@H]4COCc4ccc(C(F)(F)F)cc4)[C@@H](C2)N(C)CC[C@]315,9.46
OPRK1,CHEMBL341529,CN1c2ccccc2C(c2ccccc2)=NCC1CCNC(=O)c1ccccc1F,9.44
OPRK1,CHEMBL365486,CN(C(=O)Cc1ccc(C(F)(F)F)cc1)[C@H](CN1CCCC1)c1cccc(NS(C)(=O)=O)c1,9.44
OPRK1,CHEMBL56695,NC(=O)c1ccc2c3c1O[C@H]1C(=O)CC[C@@]4(O)[C@@H](C2)N(CC2CC2)CC[C@]314,9.44
OPRK1,CHEMBL2048772,Oc1cccc(CNc2ccc3c(c2)[C@@]24CCCC[C@H]2[C@@H](C3)N(CC2CC2)CC4)c1,9.44
OPRK1,CHEMBL2397020,O=C(N[C@@]12CCC(=O)[C@@H]3Oc4c(O)ccc5c4[C@@]31CCN(CC1CC1)[C@@H]2C5)c1ccccn1,9.44
OPRK1,CHEMBL3086746,Cl.O=C(N[C@@]12CCC(=O)[C@@H]3Oc4c(O)ccc5c4[C@@]31CCN(CC1CC1)[C@@H]2C5)c1ccccn1,9.44
OPRK1,CHEMBL3262092,CO[C@]12CC[C@@]3(C[C@@H]1[C@@H](O)c1ccccc1)[C@H]1Cc4ccc(O)c5c4[C@@]3(CCN1CC1CC1)[C@H]2O5,9.44
OPRK1,CHEMBL3262091,CC[C@@](O)(c1ccccc1)[C@H]1C[C@@]23CC[C@]1(OC)[C@@H]1Oc4c(O)ccc5c4[C@@]12CCN(CC1CC1)[C@@H]3C5,9.44
OPRK1,CHEMBL4083940,O=C(c1ccccc1)N1C[C@H]2CC34CCC1C2C31CCN(CC2CC2)C4Cc2ccc(O)cc21,9.44
OPRK1,CHEMBL6133333,C/C=C1/CN2CC[C@]34C(=C(C(=O)OC)[C@H]1C[C@H]23)Nc1ccc(Br)cc14,9.44
OPRK1,CHEMBL127828,CN1c2ccccc2C(c2ccccc2F)=NCC1CCNC(=O)c1ccsc1,9.43
OPRK1,CHEMBL606985,CCCN1CC[C@]23c4c5ccc(O)c4O[C@H]2C(=O)CC[C@@]3(OCCCc2ccccc2)[C@H]1C5,9.43
OPRK1,CHEMBL409458,O=C(N[C@@H]1CC[C@@]2(O)[C@H]3Cc4ccc(O)c5c4[C@@]2(CCN3CC2CC2)[C@H]1O5)c1ccc(Cl)cc1,9.43
OPRK1,CHEMBL611931,O=C(N[C@@H]1CC[C@@]2(O)[C@H]3Cc4ccc(O)c5c4[C@@]2(CCN3CC2CC2)[C@H]1O5)c1ccc(I)cc1.O=C(O)C(=O)O,9.43
OPRK1,CHEMBL611932,CC(C)(C)c1ccc(C(=O)N[C@@H]2CC[C@@]3(O)[C@H]4Cc5ccc(O)c6c5[C@@]3(CCN4CC3CC3)[C@H]2O6)cc1.O=C(O)C(=O)O,9.43
OPRK1,CHEMBL1774947,CO[C@@]12CCCC[C@@]13CCN(CC1CCC1)[C@@H]2Cc1ccc(OC(=O)CCCCCCCCC(=O)Oc2ccc4c(c2)[C@@]25CCCC[C@@]2(OC)[C@@H](C4)N(CC2CCC2)CC5)cc13,9.43
OPRK1,CHEMBL1774951,O=C(CCCCCCCCC(=O)Nc1nc2cc3c(cc2s1)C[C@@H]1[C@@H]2CCCC[C@]32CCN1CC1CC1)Nc1nc2cc3c(cc2s1)C[C@@H]1[C@@H]2CCCC[C@]32CCN1CC1CC1,9.43
OPRK1,CHEMBL3691879,CO[C@]12CC[C@@]3(C[C@@H]1CNS(=O)(=O)C(F)(F)F)[C@H]1Cc4ccc(O)c5c4[C@@]3(CCN1CC1CC1)[C@H]2O5,9.43
OPRK1,CHEMBL200881,O=C(CCCCCCCCC(=O)Oc1ccc2c(c1)[C@@]13CCCCC1[C@@H](C2)N(CC1CCC1)CC3)Nc1ccc2c(c1)[C@@]13CCCCC1[C@@H](C2)N(CC1CCC1)CC3,9.42
OPRK1,CHEMBL249567,C[C@H]1C2Cc3ccc(C(=O)NCCc4ccc(Br)cc4)cc3[C@@]1(C)CCN2CC1CC1,9.42
OPRK1,CHEMBL415284,C=CCN1CC[C@]23c4c5ccc(O)c4O[C@H]2[C@@H](O)C=C[C@H]3[C@H]1C5,9.42
OPRK1,CHEMBL2208359,COc1ccccc1-c1ccc(CCNC(=O)c2ccc3c(c2)C2(C)CCN(CC4CC4)C(C3)C2C)cc1,9.42
OPRK1,CHEMBL4096973,Cl.Oc1cccc(CCN(CCc2cccc(O)c2)CC2CCC2)c1,9.42
OPRK1,CHEMBL610523,COc1ccc2c3c1O[C@H]1c4[nH]c5c(c4C[C@@]4(O)[C@@H](C2)N(CC2CC2)CC[C@]314)C[C@@]1(O)[C@H]2Cc3ccc(O)c4c3[C@@]1(CCN2CC1CC1)[C@H]5O4,9.41
OPRK1,CHEMBL302036,Cc1cc2c(o1)CCN(C(=O)Cc1ccc(Cl)c(Cl)c1)C2CN1CCC(O)C1,9.41
OPRK1,CHEMBL201285,CN(C(=O)CNc1ccccc1C#N)[C@H](CN1CC[C@H](O)C1)c1ccccc1,9.41
OPRK1,CHEMBL201905,CN(C(=O)CNc1ccc(C(F)(F)F)cc1)[C@H](CN1CC[C@H](O)C1)c1ccccc1,9.41
OPRK1,CHEMBL260528,O=C(N[C@@H]1CC[C@@]2(O)[C@H]3Cc4ccc(O)c5c4[C@@]2(CCN3CC2CC2)[C@H]1O5)c1ccccn1,9.41
OPRK1,CHEMBL437784,COc1cc(CC(=O)N(C)[C@H](CN2CCCC2)c2ccccc2)c(S(=O)(=O)N2CCN(C)CC2)cc1OC,9.41
OPRK1,CHEMBL517779,NC(=O)c1ccc2c(c1)[C@@]13CCCC[C@@]1(O)[C@@H](C2)N(CC1CCC1)CC3,9.41
OPRK1,CHEMBL2338715,CC[C@@]12CCN(CC3CC3)[C@@H](C(=O)c3ccc(O)cc31)[C@H]2C,9.41
OPRK1,CHEMBL3262377,CO[C@]12CC[C@@]3(C[C@@H]1[C@@](C)(O)c1ccncc1)[C@H]1Cc4ccc(O)c5c4[C@@]3(CCN1CC1CC1)[C@H]2O5,9.41
OPRK1,CHEMBL4106445,CC(C)C[C@@H](NC(=O)[C@@H](Cc1ccccc1)NC(=O)[C@H](N)Cc1ccccc1)C(=O)N[C@H](CNC(=N)N)C(=O)N1CCCNCC1,9.41
OPRK1,CHEMBL4760958,CC[C@H](C)[C@H](NC(=O)[C@H](CCCNC(=N)N)NC(=O)[C@H](CC(C)C)NC(=O)[C@H](Cc1ccccc1)NC(=O)CNC(=O)CNC(=O)[C@@H](N)Cc1ccc(O)cc1)C(=O)N[C@@H](CCCNC(=N)N)C(=O)N1CCC[C@H]1C(=O)N[C@@H](CCCCN)C(=O)N[C@@H](CC(C)C)C(=O)N[C@@H](CCCCN)C(=O)O,9.41
OPRK1,CHEMBL5282326,N=C(N)NCCC[C@@H](NC(=O)[C@@H](CCCNC(=N)N)NC(=O)[C@@H]1CCCN1C(=O)c1ccccc1)C(=O)N[C@@H](CCC(N)=O)C(=O)N[C@H](C(=O)N[C@H]1CSSC[C@@H](C(N)=O)NC1=O)C1CCCCC1,9.41
OPRK1,CHEMBL5776568,O=C(CCc1c[nH]c2ccccc12)N[C@@H]1CC[C@@]2(O)[C@H]3Cc4ccc(O)c5c4[C@@]2(CCN3CC2CC2)[C@H]1O5,9.41
OPRK1,CHEMBL180126,COCO[C@H]1C[C@@H](C(=O)OC)[C@]2(C)CC[C@H]3C(=O)O[C@H](c4ccoc4)C[C@]3(C)C2C1=O,9.4
OPRK1,CHEMBL258098,COCO[C@H]1C[C@@H](C(=O)OC)[C@]2(C)CC[C@H]3C(=O)O[C@H](c4ccoc4)C[C@]3(C)[C@H]2C1=O,9.4
OPRK1,CHEMBL272051,Nc1ccc(C(=O)N[C@@H]2CC[C@@]3(O)[C@H]4Cc5ccc(O)c6c5[C@@]3(CCN4CC3CC3)[C@H]2O6)cc1,9.4
OPRK1,CHEMBL6067653,CN(C(=O)Cc1ccc(Cl)c(Cl)c1)C1CCCCC1N1CCCC1.Cl,9.4
OPRK1,CHEMBL3691867,CC[C@H](C)[C@H](NC(C)=O)C(=O)NC[C@H]1C[C@@]23CC[C@]1(OC)[C@@H]1Oc4c(O)ccc5c4[C@@]12CCN(CC1CC1)[C@@H]3C5,9.4
OPRK1,CHEMBL4072961,COC(=O)N1CCN(C(=O)Cc2ccc(F)c(Cl)c2)[C@@H]2[C@@H](N3CC[C@H](F)C3)CCC[C@@H]21,9.4
OPRK1,CHEMBL4249256,COc1ccc2c3c1O[C@H]1[C@@]4(OC)C=C[C@@]5(C[C@@H]4C(=O)c4ccccc4)[C@@H](C2)N(CC2CC2)CC[C@]315,9.4
OPRK1,CHEMBL415330,CC[C@H](C)[C@H](NC(=O)[C@H](CCCN=C(N)N)NC(=O)[C@H](CCCN=C(N)N)NC(=O)[C@H](CC(C)C)NC(=O)[C@H](Cc1ccccc1)NC(=O)CNC(=O)CNC(=O)[C@@H](N)Cc1ccc(O)cc1)C(=O)N[C@@H](CCCN=C(N)N)C(=O)N1CCC[C@H]1C(=O)N[C@@H](CCCCN)C(=O)N[C@@H](CC(C)C)C(=O)N[C@@H](CCCCN)C(N)=O,9.4
OPRK1,CHEMBL5630841,COc1ccc2c3c1O[C@@H]1[C@]34CCN(CC3CC3)[C@H](C2)[C@]42C=C[C@@]1(OC)C(C(=O)c1ccccc1)C2,9.4
OPRK1,CHEMBL3904663,COc1ccc2c3c1O[C@H]1[C@@]4(OC)CC[C@@]5(C[C@@H]4COCc4ccc(C(F)(F)F)cc4)[C@@H](C2)N(CC2CC2)CC[C@]315,9.4
OPRK1,CHEMBL5917488,CC(C)C[C@@H](NC(=O)[C@@H](Cc1ccccc1)NC(=O)[C@H](N)[C@H](C)c1ccccc1)C(=O)N[C@H](CCCCN)C(=O)N1CCC(N)(C(=O)O)C1,9.4
OPRK1,CHEMBL87207,CN(C(=O)Cc1ccccc1[N+](=O)[O-])[C@H](CN1CCCC1)c1ccccc1,9.39
OPRK1,CHEMBL358104,O=C(CCCCCCCCC(=O)Oc1ccc2c(c1)[C@@]13CCCC[C@H]1[C@@H](C2)N(CC1CC1)CC3)Oc1ccc2c(c1)[C@@]13CCCC[C@H]1[C@@H](C2)N(CC1CC1)CC3,9.39
OPRK1,CHEMBL514774,O=C1CC[C@@]2(OCCCc3ccccc3)[C@H]3Cc4ccc(O)c5c4[C@@]2(CCN3CC2CC2)[C@H]1O5,9.39
OPRK1,CHEMBL3359794,COC(=O)[C@@H]1C[C@H](OC(C)=O)C(=O)[C@H]2[C@@]1(C)CC[C@H]1C(=O)O[C@H](c3ccoc3C)C[C@]21C,9.39
OPRK1,CHEMBL5274252,COC(=O)[C@]1(c2ccc(Cl)cc2)C[C@@H]1CN1CC[C@]2(C)c3cc(O)ccc3C[C@@H]1[C@@H]2C,9.39
OPRK1,CHEMBL63810,C=CC(=O)N1CCN(C(=O)Cc2ccc(Cl)c(Cl)c2)C(CN2CCCC2)C1,9.38
OPRK1,CHEMBL270918,COc1ccc(CC(=O)N[C@@H]2CC[C@@]3(O)[C@H]4Cc5ccc(O)c6c5[C@@]3(CCN4CC3CC3)[C@H]2O6)cc1,9.38
OPRK1,CHEMBL565679,CC(CCCCCCC(C)C(=O)Oc1ccc2c(c1)[C@@]13CCCC[C@H]1[C@@H](C2)N(CC1CCC1)CC3)C(=O)O,9.38
OPRK1,CHEMBL5279208,N=C(N)NCCC[C@@H](NC(=O)[C@@H](CCCNC(=N)N)NC(=O)[C@@H]1CCCN1C(=O)c1ccccc1)C(=O)N[C@@H](CO)C(=O)N[C@@H](CC1CCCCC1)C(=O)N[C@H]1CSSC[C@@H](C(N)=O)NC1=O,9.38
OPRK1,CHEMBL2368218,C[C@H]1[C@H]2Cc3ccc(C(N)=O)cc3[C@@]1(C)CCN2CC1CC1,9.38
OPRK1,CHEMBL2111836,CN1c2ccccc2C(c2ccccc2)=NC[C@@H]1CCNC(=O)c1cccs1,9.37
OPRK1,CHEMBL411927,O=C(Cc1ccccc1)N[C@@H]1CC[C@@]2(O)[C@H]3Cc4ccc(O)c5c4[C@@]2(CCN3CC2CC2)[C@H]1O5,9.37
OPRK1,CHEMBL403273,CN(C(=O)Cc1ccc2c(c1)OCO2)[C@H](CN1CCCC1)c1ccccc1,9.37
OPRK1,CHEMBL2048765,COc1cccc(CNc2ccc3c(c2)[C@@]24CCCC[C@H]2[C@@H](C3)N(CC2CC2)CC4)c1,9.37
OPRK1,CHEMBL4112051,COc1ccc2c3c1O[C@H]1[C@@]4(OC)CC[C@@]5(C[C@@H]4CN(Cc4ccccc4)S(C)(=O)=O)[C@@H](C2)N(CC2CC2)CC[C@]315,9.37
OPRK1,CHEMBL4108066,COc1ccc2c3c1O[C@H]1[C@@]4(OC)CC[C@@]5(C[C@@H]4C[S+]([O-])Cc4ccccc4)[C@@H](C2)N(CC2CC2)CC[C@]315,9.37
OPRK1,CHEMBL4757601,CC[C@H](C)[C@H](NC(=O)[C@H](CCCNC(=N)N)NC(=O)[C@H](CC(C)C)NC(=O)[C@H](Cc1ccccc1)NC(=O)CNC(=O)CNC(=O)[C@@H](N)Cc1ccc(O)cc1)C(=O)N[C@@H](CCCNC(=N)N)C(=O)N1CCC[C@H]1C(=O)N[C@@H](CCCCN)C(=O)O,9.37
OPRK1,CHEMBL5405248,CCN(CCF)C[C@@H]1CN(C(=O)COC)CCN1C(=O)Cc1ccc(C)c(C)c1,9.37
OPRK1,CHEMBL3947184,C=CCOC[C@H]1C[C@@]23CC[C@]1(OC)[C@@H]1Oc4c(OC)ccc5c4[C@@]12CCN(CC1CC1)[C@@H]3C5,9.37
OPRK1,CHEMBL2369408,CC(C)C[C@H](NC(=O)[C@H](Cc1ccccc1)NC(=O)[C@@H]1CCCN1C(=O)CNC(=O)[C@@H](N)Cc1ccc(O)cc1)C(=O)N[C@@H](CCCN=C(N)N)C(=O)N[C@@H](CCCN=C(N)N)C(=O)N[C@@H](CCCN=C(N)N)C(=O)N[C@@H](CCCN=C(N)N)C(=O)N1CCC[C@@H]1C(=O)N[C@@H](CCCCN)C(N)=O,9.36
OPRK1,CHEMBL181279,CN(C(=O)Cc1ccc(C(F)(F)F)cc1)C(CN1CCCC1)c1cccc(O)c1,9.36
OPRK1,CHEMBL217102,O=C1CC[C@@]2(NCCCCc3ccc(Cl)cc3)[C@H]3Cc4ccc(O)c5c4[C@@]2(CCN3CC2CC2)[C@H]1O5,9.36
OPRK1,CHEMBL4109805,CC(C)(C)[C@@]1(C)OCO[C@]23C=C[C@@]4(C[C@@H]21)[C@H]1Cc2ccc(O)c5c2[C@@]4(CCN1CC1CC1)[C@H]3O5,9.36
OPRK1,CHEMBL126688,O=C(NCCC1CN=C(c2ccccc2)c2ccccc2N1)c1cccs1,9.35
OPRK1,CHEMBL273105,COc1cccc(CC(=O)N[C@@H]2CC[C@@]3(O)[C@H]4Cc5ccc(O)c6c5[C@@]3(CCN4CC3CC3)[C@H]2O6)c1,9.35
OPRK1,CHEMBL1766036,CN(C)c1nc2cc3c(cc2s1)C[C@@H]1[C@@H]2CCCC[C@]32CCN1CC1CC1,9.35
OPRK1,CHEMBL2208354,COc1ccc2cc(CCNC(=O)c3ccc4c(c3)C3(C)CCN(CC5CC5)C(C4)C3C)ccc2c1,9.35
OPRK1,CHEMBL513762,NC(=O)c1ccc2c3c1O[C@H]1[C@@H](O)CC[C@@]4(O)[C@@H](C2)N(CC2CCC2)CC[C@]314,9.34
OPRK1,CHEMBL2178338,COc1cc(C(=O)N[C@@H]2CC[C@@]3(O)[C@H]4Cc5ccc(O)c6c5[C@@]3(CCN4CC3CC3)[C@H]2O6)ccn1,9.34
OPRK1,CHEMBL4111224,CO[C@]12CC[C@@]3(C[C@@H]1COCc1ccccc1C)[C@H]1Cc4ccc(OCCO)c5c4[C@@]3(CCN1C)[C@H]2O5,9.34
OPRK1,CHEMBL338391,CN1c2ccccc2C(c2ccccc2)=NCC1CCNC(=O)c1ccc([N+](=O)[O-])cc1,9.33
OPRK1,CHEMBL67137,O=C(Cc1ccc(Cl)c(Cl)c1)N1CCc2occc2[C@H]1CN1CC[C@H](O)C1,9.33
OPRK1,CHEMBL60869,CC[C@@]12CCN(CC3CC3)C(C(=O)c3ccc(C(N)=O)cc31)[C@@H]2C,9.33
OPRK1,CHEMBL584790,CC(C)(CCCCCCC(C)(C)C(=O)Oc1ccc2c(c1)[C@@]13CCCC[C@H]1[C@@H](C2)N(CC1CCC1)CC3)C(=O)Oc1ccc2c(c1)[C@@]13CCCC[C@H]1[C@@H](C2)N(CC1CCC1)CC3,9.33
OPRK1,CHEMBL3691883,COC12CC[C@@]3(C[C@@H]1CNC(=O)CCCCC(N)=O)[C@H]1Cc4ccc(O)c5c4[C@@]3(CCN1CC1CC1)[C@H]2O5,9.33
OPRK1,CHEMBL3678982,CO[C@]12CC[C@@]3(C[C@@H]1COCc1ccccc1C)[C@H]1Cc4ccc(O)c5c4[C@@]3(CC[N+]1(C)CC1CC1)[C@H]2O5,9.33
OPRK1,CHEMBL4449252,COc1ccc2c3c1O[C@H]1[C@@]4(OC)CC[C@@]5(C[C@@H]4c4ccc(NC(=O)c6ccccc6)cc4)[C@@H](C2)N(CC2CC2)CC[C@]315,9.33
OPRK1,CHEMBL48241,O=C1c2ccc(O)cc2[C@@]23CCCC[C@H]2[C@@H]1N(CC1CCC1)CC3,9.32
OPRK1,CHEMBL362248,CN(C(=O)Cc1ccc(C(F)(F)F)cc1)[C@H](CN1CCCC1)c1cccc(NS(N)(=O)=O)c1,9.32
OPRK1,CHEMBL501739,Cl.O=C(Cc1ccccc1)Oc1ccc2c(c1)[C@@]13CCCC[C@@]1(O)[C@@H](C2)N(CC1CCC1)CC3,9.32
OPRK1,CHEMBL140278,Oc1ccc2c3c1O[C@H]1[C@H](O)CC[C@@]4(O)[C@@H](C2)N(CC2CC2)CC[C@]314,9.32
OPRK1,CHEMBL3691885,COC12CC[C@@]3(C[C@@H]1CNC(=O)c1nccnc1C(N)=O)[C@H]1Cc4ccc(O)c5c4[C@@]3(CCN1CC1CC1)[C@H]2O5,9.32
OPRK1,CHEMBL2112373,N=C(N)NCCc1ccc2[nH]c3c(c2c1)C[C@@]1(O)[C@H]2Cc4ccc(O)c5c4[C@@]1(CCN2CC1CC1)[C@H]3O5,9.31
OPRK1,CHEMBL301701,C[C@H]1[C@H]2Cc3cc4sc(N)nc4cc3[C@]1(C)CCN2CC1CCC1,9.31
OPRK1,CHEMBL606924,O=C1CC[C@@]2(OCCCc3ccccc3)[C@H]3Cc4ccc(O)c5c4[C@@]2(CCN3CC2CCC2)[C@H]1O5,9.31
OPRK1,CHEMBL435132,CN(C(=O)CNc1ccc(C#N)cc1)[C@H](CN1CC[C@H](O)C1)c1ccccc1,9.31
OPRK1,CHEMBL2180639,Oc1cccc(CCN(CCc2ccccc2)CC2CCC2)c1,9.31
OPRK1,CHEMBL2203338,CC1C2Cc3ccc(C(=O)NCCc4ccc(-c5ccc(O)cc5)cc4)cc3C1(C)CCN2CC1CC1,9.31
OPRK1,CHEMBL4211113,C[C@H]1[C@H]2Cc3cc4sc(N)nc4cc3[C@@]1(C)CCN2CC1CCC1,9.31
OPRK1,CHEMBL382449,CN(C(=O)CNc1cccc(C#N)c1)[C@H](CN1CC[C@H](O)C1)c1ccccc1,9.3
OPRK1,CHEMBL140050,CCC[C@@](C)(O)[C@H]1C[C@@]23C=C[C@]1(OC)[C@@H]1Oc4c(O)ccc5c4[C@@]12CCN(C)[C@@H]3C5,9.3
OPRK1,CHEMBL1257346,O=C(Nc1cccc(NC(=O)c2cccc(N3CCOCC3)c2)c1)c1cccc(OC2CCN(CC3CC3)CC2)c1,9.3
OPRK1,CHEMBL1818233,CC1(O)CCN(Cc2ccc(-c3ccccc3S(=O)(=O)N3CCCC3)cc2)CC1,9.3
OPRK1,CHEMBL2322511,O=C(Nc1cccc(NC(=O)c2cccc(N3CCCCC3)c2)c1)c1cccc(OC2CCN(CC3CC3)CC2)c1,9.3
OPRK1,CHEMBL1190199,CN(C(=O)C(c1ccccc1)c1ccccc1)[C@H](CN1CC[C@H](O)C1)c1ccccc1,9.3
OPRK1,CHEMBL6007455,COC1CN(c2nc3ccc(C)cc3cc2-c2nc(C3CC3)no2)CCC1NC1CCCCC1,9.3
OPRK1,CHEMBL5813245,COC1CN(c2nc3ccc(C)cc3cc2-c2nc(C)no2)CCC1NC1CCCC1,9.3
OPRK1,CHEMBL406116,O=C(C[C@@H]1O[C@H](COCc2ccccc2)[C@@H](OCc2ccccc2)[C@H](OCc2ccccc2)[C@H]1OCc1ccccc1)N[C@H]1CC[C@@]2(O)[C@H]3Cc4ccc(O)c5c4[C@@]2(CCN3CC2CC2)[C@H]1O5,9.29
OPRK1,CHEMBL506290,Cc1nc2c3c(ccc2[nH]1)CC1[C@H](C)[C@]3(C)CCN1CC1CC1,9.29
OPRK1,CHEMBL568877,COc1ccc(CNc2ccc3c(c2)[C@@]24CCCC[C@H]2[C@@H](C3)N(CC2CC2)CC4)cc1,9.29
OPRK1,CHEMBL5970380,O=C(N[C@@H]1CC[C@@]2(O)[C@H]3Cc4ccc(O)c5c4[C@@]2(CCN3C2CC2)C1O5)c1ccc2[nH]ccc2c1,9.29
OPRK1,CHEMBL334156,O=C(NCCC1CN=C(c2ccccc2)c2ccccc2N1)c1ccccc1F,9.28
OPRK1,CHEMBL180803,COc1cccc(C(CN2CCCC2)N(C)C(=O)Cc2ccc(C(F)(F)F)cc2)c1,9.28
OPRK1,CHEMBL201283,CN(C(=O)CNc1ccccc1CNS(C)(=O)=O)[C@H](CN1CC[C@H](O)C1)c1ccccc1,9.28
OPRK1,CHEMBL230607,CN(C(=O)CC(=O)Nc1nccs1)[C@H](CN1CC[C@H](O)C1)c1ccccc1,9.28
OPRK1,CHEMBL2113313,CO[C@@]12C=C[C@@]3([C@@H]4CN(C(=O)/C=C/c5ccccc5C)C[C@@H]41)[C@H]1Cc4ccc(O)c5c4[C@@]3(CCN1C)[C@H]2O5,9.28
OPRK1,CHEMBL4111233,CO[C@]12CC[C@@]3(C[C@@H]1COCc1ccccc1)[C@H]1Cc4ccc(NS(C)(=O)=O)c5c4[C@@]3(CCN1C)[C@H]2O5,9.28
OPRK1,CHEMBL4076681,O=C(Oc1ccccc1)N1C[C@H]2CC34CCC1C2C31CCN(CC2CC2)C4Cc2ccc(O)cc21,9.28
OPRK1,CHEMBL4440683,CCc1cc(F)c2nc(N3CCC(N[C@H]4CCCOC4)CC3)c(-c3nc(C)no3)c(C)c2c1,9.28
OPRK1,CHEMBL5094499,CCC(=O)N(c1ccc(Cl)c(Cl)c1)C1CCN(C(=O)[C@H](Cc2ccc(Cl)cc2)NC(=O)CNC(=O)[C@H]2Cc3ccccc3CN2C(=O)[C@@H](N)Cc2cc(C)c(O)c(C)c2)CC1,9.28
OPRK1,CHEMBL3982823,COc1ccc2c3c1O[C@H]1[C@@]4(OC)CC[C@@]5(C[C@@H]4COC/C=C/c4ccccc4)[C@@H](C2)N(CC2CC2)CC[C@]315,9.28
OPRK1,CHEMBL5821107,O=C(N[C@@H]1CC[C@@]2(O)[C@H]3Cc4ccc(O)c5c4[C@@]2(CCN3C2CC2)C1O5)c1cccc2cc[nH]c12,9.28
OPRK1,CHEMBL401594,COc1cc(CC(=O)N(C)[C@H](CN2CCCC2)c2ccccc2)c(S(=O)(=O)N(C)Cc2ccccc2)cc1OC,9.27
OPRK1,CHEMBL127968,CN1c2ccc(Cl)cc2C(c2ccccc2)=NCC1CCNC(=O)c1ccc(F)cc1,9.26
OPRK1,CHEMBL464230,CC1C2Cc3ccc(C(N)=O)cc3C1(C)CCN2CCc1ccccc1,9.26
OPRK1,CHEMBL2107292,C[C@H]1[C@H]2C(=O)c3ccc(O)cc3[C@]1(C)CCN2CC1CC1,9.26
OPRK1,CHEMBL3695667,NC(=O)CN1C[C@H]2[C@H]3Cc4ccc(O)cc4[C@@]2(CCN3CC2CC2)CC1=O,9.26
OPRK1,CHEMBL3678967,CO[C@]12CC[C@@]3(C[C@@H]1COCc1ccccc1)[C@H]1Cc4ccc(O)c5c4[C@@]3(CC[N+]1(C)CC1CC1)[C@H]2O5,9.26
OPRK1,CHEMBL441765,CN(C(=O)Cc1ccc(Cl)c(Cl)c1)[C@@H]1CCCC[C@H]1N1CCCC1,9.26
OPRK1,CHEMBL468469,Oc1ccc2c3c1O[C@H]1[C@@H](O)CC[C@@]4(O)[C@@H](C2)N(CC2CC2)CC[C@]314,9.25
OPRK1,CHEMBL1921845,NC(=O)c1ccc(Oc2ccc(CN3CCC[C@H]3c3cccc(F)c3)cc2)c(F)c1,9.25
OPRK1,CHEMBL3262088,CC[C@](O)([C@H]1C[C@@]23CC[C@]1(OC)[C@@H]1Oc4c(O)ccc5c4[C@@]12CCN(CC1CC1)[C@@H]3C5)C(C)(C)C,9.25
OPRK1,CHEMBL4068691,O=C(c1ccccn1)N1C[C@H]2CC34CCC1C2C31CCN(CC2CC2)C4Cc2ccc(O)cc21,9.25
OPRK1,CHEMBL4749616,COC(=O)[C@@H]1C=C(OC(C)=O)C(=O)[C@H]2[C@@]1(C)CC[C@H]1C(=O)O[C@H](c3ccoc3)C[C@]21C,9.25
OPRK1,CHEMBL127969,CN1c2ccccc2C(c2ccccc2)=NCC1CCNC(=O)c1cccs1,9.24
OPRK1,CHEMBL316177,CN(C(=O)Cc1ccccc1N)[C@H](CN1CCCC1)c1ccccc1,9.24
OPRK1,CHEMBL610525,N=C(N)N1CC[C@]23c4c5ccc(O)c4O[C@H]2c2[nH]c4c(c2C[C@@]3(O)[C@H]1C5)C[C@@]1(O)[C@H]2Cc3ccc(O)c5c3[C@@]1(CCN2CC1CC1)[C@H]4O5,9.24
OPRK1,CHEMBL607126,Cc1ccc(CCC(=O)N[C@@]23CCC(=O)[C@@H]4Oc5c(O)ccc6c5[C@@]42CCN(C)[C@@H]3C6)cc1,9.24
OPRK1,CHEMBL495057,O=C(N[C@@H]1CC[C@@]2(O)[C@H]3Cc4ccc(O)c5c4[C@@]2(CCN3CC2CC2)[C@H]1O5)c1cnc2ccccc2c1,9.24
OPRK1,CHEMBL1824512,Cc1cc(C(=O)N[C@@H]2CC[C@@]3(O)[C@H]4Cc5ccc(O)c6c5[C@@]3(CCN4CC3CC3)[C@H]2O6)ccn1.Cl,9.24
OPRK1,CHEMBL1852558,Cc1cc(C(=O)N[C@@H]2CC[C@@]3(O)[C@H]4Cc5ccc(O)c6c5[C@@]3(CCN4CC3CC3)[C@H]2O6)ccn1,9.24
OPRK1,CHEMBL346436,O=C(CCCCCCCC(=O)Oc1ccc2c(c1)[C@@]13CCCC[C@H]1[C@@H](C2)N(CC1CCC1)CC3)Oc1ccc2c(c1)[C@@]13CCCC[C@H]1[C@@H](C2)N(CC1CCC1)CC3,9.23
OPRK1,CHEMBL217479,O=C(CCCc1ccc(Cl)cc1)N[C@@]12CCC(=O)[C@@H]3Oc4c(O)ccc5c4[C@@]31CCN(CC1CC1)[C@@H]2C5,9.23
OPRK1,CHEMBL472583,CC(=O)O[C@@]12CC[C@@H](NC(=O)/C=C/c3ccccc3)[C@@H]3Oc4c(O)ccc5c4[C@@]31CCN(CC1CC1)[C@@H]2C5,9.23
OPRK1,CHEMBL571990,COc1ccc(Nc2ccc3c(c2)[C@@]24CCCC[C@H]2[C@@H](C3)N(CC2CCC2)CC4)cc1,9.23
OPRK1,CHEMBL3678974,CO[C@]12CC[C@@]3(C[C@@H]1COCc1ccc(Cl)cc1)[C@H]1Cc4ccc(O)c5c4[C@@]3(CC[N+]1(C)CC1CC1)[C@H]2O5,9.23
OPRK1,CHEMBL4576339,CCc1ccc2nc(N3CCC(N[C@H]4CCCC[C@@H]4O)CC3)c(-c3nc(C)no3)cc2c1,9.23
OPRK1,CHEMBL5283811,COc1ccc(C(=O)N2CCC[C@H]2C(=O)N[C@H](CCCNC(=N)N)C(=O)N[C@H](CCCNC(=N)N)C(=O)N[C@@H](CCC(N)=O)C(=O)N[C@@H](CS)C(=O)N[C@@H](CC2CCCCC2)C(=O)N[C@H]2CSSC[C@@H](C(N)=O)NC2=O)cc1,9.23
OPRK1,CHEMBL5278935,N=C(N)NCCC[C@@H](NC(=O)[C@@H](CCCNC(=N)N)NC(=O)[C@@H]1CCCN1C(=O)c1ccccc1)C(=O)N[C@@H](CCCCN)C(=O)N[C@@H](CC1CCCCC1)C(=O)N[C@H]1CSSC[C@@H](C(N)=O)NC1=O,9.23
OPRK1,CHEMBL5283035,N=C(N)NCCC[C@@H](NC(=O)[C@@H](CCCNC(=N)N)NC(=O)[C@@H]1CCCN1C(=O)c1ccccc1)C(=O)N[C@@H](Cc1ccccc1)C(=O)N[C@@H](CC1CCCCC1)C(=O)N[C@H]1CSSC[C@@H](C(N)=O)NC1=O,9.23
OPRK1,CHEMBL4750757,Cl.O=C(Cc1ccc(Cl)c(Cl)c1)N1CCCC[C@H]1CN1CCCC1,9.23
OPRK1,CHEMBL606987,O=C1CC[C@@]2(OCCCc3ccccc3)[C@H]3Cc4ccc(O)c5c4[C@@]2(CCN3CCc2ccccc2)[C@H]1O5,9.22
OPRK1,CHEMBL425897,CN(C(=O)Cc1ccc(CNS(C)(=O)=O)cc1)[C@H](CN1CC[C@H](O)C1)c1ccccc1,9.22
OPRK1,CHEMBL424698,COC(=O)[C@@H]1C[C@H](O)C(=O)[C@H]2[C@@]1(C)CC[C@H]1C(=O)O[C@H](c3ccoc3)C[C@]21C,9.22
OPRK1,CHEMBL570429,O=C(Nc1ccc(I)cc1)Oc1ccc2c(c1)[C@@]13CCCC[C@H]1[C@@H](C2)N(CC1CC1)CC3,9.22
OPRK1,CHEMBL1921847,Cc1cc(C)cc([C@@H]2CCCN2Cc2ccc(Oc3ccc(C(N)=O)cc3F)cc2)c1,9.22
OPRK1,CHEMBL4083444,COC(=O)[C@@H]1C[C@]2(CCC(=O)O2)C(=O)[C@H]2[C@@]1(C)CC[C@H]1C(=O)O[C@H](c3ccoc3)C[C@]21C,9.22
OPRK1,CHEMBL4246433,COc1ccc(C(O)[C@@]2(C)C[C@@]34CC[C@]2(OC)[C@@H]2Oc5c(OC)ccc6c5[C@@]23CCN(CC2CC2)[C@@H]4C6)cc1,9.22
OPRK1,CHEMBL5979051,COc1ccc2c(c1)[C@]13CCN(CC4CC4)[C@H](C2)[C@]12CCC(NC(=O)c1ccc(Cl)cc1)(CO2)C3,9.22
OPRK1,CHEMBL2113670,CCO[C@H](C)[C@@H]1C[C@@]23C=C[C@]1(OC)[C@H]1Oc4c(O)ccc5c4C12CCN(C)[C@@H]3C5,9.21
OPRK1,CHEMBL107420,COc1ccc2c(c1O)[C@]13CCN(C)C(C2)[C@@]12C/C(=C(/C)c1ccccc1)[C@@H]3c1[nH]c3ccccc3c1C2,9.21
OPRK1,CHEMBL381750,O=C(/C=C/C=C/C(=O)Oc1ccc2c(c1)[C@@]13CCCCC1[C@@H](C2)N(CC1CCC1)CC3)Oc1ccc2c(c1)[C@@]13CCCCC1[C@@H](C2)N(CC1CCC1)CC3,9.21
OPRK1,CHEMBL242968,NC(=O)Nc1ccc2c(c1)[C@@]13CCCC[C@H]1[C@@H](C2)N(CC1CC1)CC3,9.21
OPRK1,CHEMBL582930,CC(CCCCCCC(C)C(=O)Oc1ccc2c(c1)[C@@]13CCCC[C@H]1[C@@H](C2)N(CC1CCC1)CC3)C(=O)Oc1ccc2c(c1)[C@@]13CCCC[C@H]1[C@@H](C2)N(CC1CCC1)CC3,9.21
OPRK1,CHEMBL585901,O/N=C\c1cc2c(cc1O)[C@@]13CCCC[C@H]1[C@@H](C2)N(CC1CCC1)CC3,9.21
OPRK1,CHEMBL1921841,NC(=O)c1ccc(Oc2ccc(CN3CCCC3c3cccnc3)cc2)c(Cl)c1,9.21
OPRK1,CHEMBL1921844,NC(=O)c1ccc(Oc2ccc(CN3CCCC3c3cccc(F)c3)cc2)c(F)c1,9.21
OPRK1,CHEMBL2208352,COc1ccc(-c2ccc(CCNC(=O)c3ccc4c(c3)C3(C)CCN(CC5CC5)C(C4)C3C)cc2)cc1C,9.21
OPRK1,CHEMBL3086304,Br.Nc1nc2c(s1)C[C@H]1[C@H]3Cc4ccc(O)cc4[C@@]1(CCN3CC1CC1)C2,9.21
OPRK1,CHEMBL3691872,CO[C@]12CC[C@@]3(C[C@@H]1CNC(=O)[C@H](CC(N)=O)NC(C)=O)[C@H]1Cc4ccc(O)c5c4[C@@]3(CCN1CC1CC1)[C@H]2O5,9.21
OPRK1,CHEMBL3691875,CO[C@]12CC[C@@]3(C[C@@H]1CNC(=O)[C@H](CO)NC(C)=O)[C@H]1Cc4ccc(O)c5c4[C@@]3(CCN1CC1CC1)[C@H]2O5,9.21
OPRK1,CHEMBL55033,CCC12CCN(CC3CC3)C(C(=O)c3ccc(O)cc31)C2C,9.21
OPRK1,CHEMBL5288658,N=C(N)NCCC[C@@H](NC(=O)[C@@H](CCCNC(=N)N)NC(=O)[C@@H]1CCCN1C(=O)c1ccccc1)C(=O)N[C@@H](CC(N)=O)C(=O)N[C@@H](CC1CCCCC1)C(=O)N[C@H]1CSSC[C@@H](C(N)=O)NC1=O,9.21
OPRK1,CHEMBL610044,N/C(=N/Cc1ccc(N)cc1)Nc1ccc2[nH]c3c(c2c1)C[C@@]1(O)[C@H]2Cc4ccc(O)c5c4[C@@]1(CCN2CC1CC1)[C@H]3O5,9.2
OPRK1,CHEMBL365198,CN(C(=O)Cc1ccc(C(F)(F)F)cc1)[C@H](CN1CCCC1)c1cccc([N+](=O)[O-])c1,9.2
OPRK1,CHEMBL405131,O=C(CCCCCCC(=O)Oc1ccc2c(c1)[C@@]13CCCC[C@H]1[C@@H](C2)N(CC1CCC1)CC3)Oc1ccc2c(c1)[C@@]13CCCC[C@H]1[C@@H](C2)N(CC1CCC1)CC3,9.19
OPRK1,CHEMBL226166,Oc1ccc2c(c1)[C@]13CCN(CC4CC4)[C@H](C2)[C@@H]1Cc1c([nH]c2ccccc12)C3,9.19
OPRK1,CHEMBL242226,C=C1[C@H]2CCC[C@@]1(c1cccc(O)c1)CCN2CCc1ccccc1,9.19
OPRK1,CHEMBL1797689,O=C1CC[C@@]2(O)[C@H]3Cc4ccc(O)cc4[C@@]2(CCN3CC2CC2)C1,9.19
OPRK1,CHEMBL5280997,N=C(N)NCCC[C@@H](NC(=O)c1cc2ccccc2cc1N)C(=O)N[C@H](CCCNC(=N)N)C(=O)N[C@@H](CCC(N)=O)C(=O)N[C@@H](CC1CCCCC1)C(=O)N[C@H]1CSSC[C@@H](C(N)=O)NC1=O,9.19
OPRK1,CHEMBL6001609,O=C(NCCN1CCOCC1)[C@H]1C[C@]23CCN(CC4CC4)[C@H](Cc4ccc(O)cc42)[C@]3(O)C1,9.19
OPRK1,CHEMBL610045,N/C(=N/Cc1ccc(Cl)cc1)Nc1ccc2[nH]c3c(c2c1)C[C@@]1(O)[C@H]2Cc4ccc(O)c5c4[C@@]1(CCN2CC1CC1)[C@H]3O5,9.18
OPRK1,CHEMBL4081856,O=S(=O)(c1ccccc1)N1C[C@H]2OC34CCC1C2C31CCN(CC2CC2)C4Cc2ccc(O)cc21,9.18
OPRK1,CHEMBL6067843,COc1ccc2c(c1)[C@]13CCN(CC4CC4)[C@H](C2)[C@]12CCC(NC(=O)CC(F)(F)F)(CO2)C3,9.18
OPRK1,CHEMBL324644,CCCCC(=O)NCCc1ccc2[nH]c3c(c2c1)C[C@@]1(O)C2Cc4ccc(O)c5c4[C@@]1(CCN2CC1CC1)[C@H]3O5,9.17
OPRK1,CHEMBL2111837,CN1c2ccc(Cl)cc2C(c2ccccc2)=NC[C@@H]1CCNC(=O)c1cccs1,9.16
OPRK1,CHEMBL124015,CN1c2ccc(Cl)cc2C(c2ccccc2)=NCC1CCNC(=O)c1cccs1,9.15
OPRK1,CHEMBL2448130,CN1c2ccccc2C(c2ccccc2F)=NC[C@H]1CCNC(=O)c1ccsc1,9.15
OPRK1,CHEMBL610541,O=Cc1ccc(C(=O)NCC(=O)N[C@@H]2CC[C@@]3(O)[C@H]4Cc5ccc(O)c6c5C3(CCN4CC3CC3)C2O6)cc1C=O,9.15
OPRK1,CHEMBL2113078,Oc1ccc2c3c1O[C@H]1c4c(c5c(n4Cc4ccccc4)[C@@H]4Oc6c(O)ccc7c6[C@@]46CCN(CC4CC4)[C@H](C7)[C@]6(O)C5)C[C@@]4(O)[C@@H](C2)N(CC2CC2)CC[C@]314,9.15
OPRK1,CHEMBL254754,COc1cc(CC(=O)N(C)[C@H](CN2CC[C@H](O)C2)c2ccccc2)c(S(=O)(=O)N2CCN(C)CC2)cc1OC,9.15
OPRK1,CHEMBL522375,C[C@H]1C2Cc3ccc(C(N)=O)c(N)c3[C@@]1(C)CCN2CC1CC1,9.15
OPRK1,CHEMBL1766041,CNc1nc2cc3c(cc2s1)C[C@@H]1[C@@H]2CCCC[C@]32CCN1CCCF,9.15
OPRK1,CHEMBL3309512,C[C@H]1CC2=C([C@@H]3Oc4c(O)ccc5c4[C@@]34CCN(CC3CC3)[C@H](C5)[C@]4(O)C2)N(Cc2ccccc2)C1=O,9.15
OPRK1,CHEMBL3667190,CN1CC[C@]23CC(=O)CC[C@@]2(O)[C@H]1Cc1ccc(C(=O)NCCc2ccc(-c4ccccc4)cc2)c(O)c13,9.15
OPRK1,CHEMBL4110967,COc1ccc2c3c1O[C@H]1[C@@]4(OC)CC[C@@]5(C[C@@H]4COCc4cccc(NS(C)(=O)=O)c4)[C@@H](C2)N(CC2CC2)CC[C@]315,9.15
OPRK1,CHEMBL4063231,Cl.Oc1cccc(CCN(CCc2ccccc2)Cc2ccccc2)c1,9.15
OPRK1,CHEMBL5284775,N=C(N)NCCC[C@@H](NC(=O)c1cnc2ccccc2c1)C(=O)N[C@H](CCCNC(=N)N)C(=O)N[C@@H](CCC(N)=O)C(=O)N[C@@H](CC1CCCCC1)C(=O)N[C@H]1CSSC[C@@H](C(N)=O)NC1=O,9.15
OPRK1,CHEMBL6007243,CO[C@H]1CN(c2nc3ccc(C)cc3cc2-c2nc(C)no2)CC[C@H]1NC1CCCCC1,9.15
OPRK1,CHEMBL5788979,COC1CN(c2nc3ccc(C)cc3cc2-c2nc(C)no2)CCC1NC1CCCCCC1,9.15
OPRK1,CHEMBL6162906,COC(=O)Nc1cccc(CCN(CCc2ccccc2)CC2CCC2)c1,9.15
OPRK1,CHEMBL6067648,CN(C(=O)Cc1ccc(Cl)c(Cl)c1)C1CCCCC1N1CCCC1.CS(=O)(=O)O,9.14
OPRK1,CHEMBL362757,O=C1C(c2ccc(C(F)(F)F)cc2)CC=CCN1C(CN1CCCC1)c1ccccc1,9.14
OPRK1,CHEMBL410884,COC(=O)c1ccc(C(=O)N[C@@H]2CC[C@@]3(O)[C@H]4Cc5ccc(O)c6c5[C@@]3(CCN4CC3CC3)[C@H]2O6)cc1,9.14
OPRK1,CHEMBL429929,COc1cccc(C(=O)N[C@H]2CC[C@@]3(O)[C@H]4Cc5ccc(O)c6c5[C@@]3(CCN4CC3CC3)[C@H]2O6)c1,9.14
OPRK1,CHEMBL1921842,NC(=O)c1ccc(Oc2ccc(CN3CCC[C@H]3c3cccnc3)cc2)c(Cl)c1,9.14
OPRK1,CHEMBL3908063,CC[C@H](C)[C@H](N)C(=O)OC[C@H]1C[C@@]23CC[C@]1(OC)[C@@H]1Oc4c(OC)ccc5c4[C@@]12CCN(CC1CC1)[C@@H]3C5,9.14
OPRK1,CHEMBL4111049,CCCC1O[C@]23CC[C@@]4(C[C@@H]2[C@@](C)(C(C)(C)C)O1)[C@H]1Cc2ccc(O)c5c2[C@@]4(CCN1CC1CC1)[C@H]3O5,9.14
OPRK1,CHEMBL5752270,Cc1ccc2nc(N3CCC(NC4CCCCC4)C(CO)C3)c(-c3noc(C)n3)cc2c1,9.14
OPRK1,CHEMBL5902363,CO[C@H]1CN(c2nc3ccc(C)cc3cc2-c2nc(C3CC3)no2)CC[C@H]1NC1CCCCC1,9.14
OPRK1,CHEMBL493621,C[C@H]1C2Cc3cc4cc[nH]c(=O)c4cc3[C@@]1(C)CCN2CC1CC1,9.13
OPRK1,CHEMBL3786675,O=C1CCC[C@@]2(O)[C@H]3Cc4ccc(O)cc4[C@@]2(CCN3CC2CC2)C1,9.13
OPRK1,CHEMBL3691880,CO[C@]12CC[C@@]3(C[C@@H]1CNS(C)(=O)=O)[C@H]1Cc4ccc(O)c5c4[C@@]3(CCN1CC1CC1)[C@H]2O5,9.13
OPRK1,CHEMBL3915488,COc1ccc2c3c1O[C@H]1[C@@]4(OC)CC[C@@]5(C[C@@H]4COCc4ccc6ccccc6c4)[C@@H](C2)N(CC2CC2)CC[C@]315,9.13
OPRK1,CHEMBL181941,CN(C(=O)CNC(=O)c1ccc(Cl)c(Cl)c1)[C@H](CN1CC[C@@H](O)C1)c1ccccc1,9.12
OPRK1,CHEMBL212648,CCC(=O)N(C)[C@H]1C[C@@H](C(=O)OC)[C@]2(C)CC[C@H]3C(=O)O[C@H](c4ccoc4)C[C@]3(C)[C@H]2C1=O,9.12
OPRK1,CHEMBL3262362,CC[C@](O)([C@H]1C[C@@]23C=C[C@]1(OC)[C@@H]1Oc4c(O)ccc5c4[C@@]12CCN(CC1CC1)[C@@H]3C5)C(C)(C)C,9.12
OPRK1,CHEMBL4523014,CCc1ccc2nc(N3CCC(N[C@@H](C)C(C)C)CC3)c(-c3nc(C)no3)cc2c1,9.12
OPRK1,CHEMBL5872753,O=C(NCc1ccccc1)[C@@H]1C[C@]23CCN(CC4CC4)[C@H](Cc4ccc(O)cc42)[C@]3(O)C1,9.12
OPRK1,CHEMBL271797,O=C(N[C@H]1CC[C@@]2(O)[C@H]3Cc4ccc(O)c5c4[C@@]2(CCN3CC2CC2)[C@H]1O5)c1ccccc1,9.11
OPRK1,CHEMBL509552,O=C(/C=C/c1ccccc1)N[C@@H]1CC[C@@]2(OCc3ccccc3)[C@H]3Cc4ccc(O)c5c4[C@@]2(CCN3CC2CC2)[C@H]1O5,9.11
OPRK1,CHEMBL3678965,CO[C@]12CC[C@@]3(C[C@@H]1COCc1cc4ccccc4s1)[C@H]1Cc4ccc(O)c5c4[C@@]3(CC[N+]1(C)CC1CC1)[C@H]2O5,9.11
OPRK1,CHEMBL4098662,Oc1ccc2c(c1)C13CCN(CC4CC4)C(C2)C12CCC1C3[C@@H](CN1CC1CCCCC1)C2,9.11
OPRK1,CHEMBL4459625,CCc1ccc2nc(N3CCC(N[C@@H]4CCCOC4)CC3)c(-c3nc(C)no3)cc2c1,9.11
OPRK1,CHEMBL4456582,CCc1cc(F)c2nc(N3CCC(N[C@@H]4CCOC4)CC3)c(-c3nc(C)no3)c(C)c2c1,9.11
OPRK1,CHEMBL4454102,CC(=O)N1CC[C@@H](NC(=O)[C@@H](N)Cc2c(C)cc(O)cc2C)c2cc(CN3CCc4ccccc4C3)ccc21.O=C(O)C(F)(F)F,9.11
OPRK1,CHEMBL2448129,CN1c2ccc(Cl)cc2C(c2ccccc2)=NC[C@H]1CCNC(=O)c1cccs1,9.1
OPRK1,CHEMBL2113672,CO[C@]12C=C[C@@]3(C[C@H]1[C@H](C)OCc1ccccc1)[C@H]1Cc4ccc(O)c5c4C3(CCN1C)[C@@H]2O5,9.1
OPRK1,CHEMBL390866,Nc1nc2cc3c(cc2s1)C[C@@H]1[C@@H]2CCCC[C@]32CCN1CC1CCC1,9.1
OPRK1,CHEMBL362741,CCCCS(=O)(=O)NCc1ccc(CC(=O)N(C)[C@H](CN2CC[C@H](O)C2)c2ccccc2)cc1,9.1
OPRK1,CHEMBL198920,CN(C(=O)[C@H]1Cc2ccccc2O1)[C@H](CN1CC[C@H](O)C1)c1ccccc1,9.1
OPRK1,CHEMBL271755,CC(C)(C)OC(=O)Nc1ccc(C(=O)N[C@@H]2CC[C@@]3(O)[C@H]4Cc5ccc(O)c6c5[C@@]3(CCN4CC3CC3)[C@H]2O6)cc1,9.1
OPRK1,CHEMBL568876,Ic1ccc(CNc2ccc3c(c2)[C@@]24CCCC[C@H]2[C@@H](C3)N(CC2CC2)CC4)cc1,9.1
OPRK1,CHEMBL2048767,O=[N+]([O-])c1cccc(CNc2ccc3c(c2)[C@@]24CCCC[C@H]2[C@@H](C3)N(CC2CCC2)CC4)c1,9.1
OPRK1,CHEMBL4592045,CCc1cc(F)c2nc(N3CCC(NC4CCOCC4)CC3)c(-c3nc(C)no3)c(C)c2c1,9.1
OPRK1,CHEMBL6142706,C/C=C1/CN2CC[C@]34C(=C(C(=O)OC)[C@H]1C[C@H]23)Nc1ccc(-c2ccoc2)cc14,9.1
OPRK1,CHEMBL242046,CNC(=O)Oc1ccc2c(c1)C13CCCCC1C(C2)N(CC1CCC1)CC3,9.09
OPRK1,CHEMBL469815,NC(=O)c1ccc2c(c1O)[C@]13CCN(CC4CC4)[C@H](C2)[C@]1(O)Cc1c([nH]c2ccccc12)C3,9.09
OPRK1,CHEMBL515593,C[C@H]1C2Cc3cc4nn[nH]c4cc3[C@@]1(C)CCN2CC1CC1,9.09
OPRK1,CHEMBL499595,C[C@@H]1NC(=O)[C@@H](Cc2c[nH]c3ccccc23)NC(=O)[C@H](Cc2ccccc2)NC(=O)[C@H]2CCCN2C1=O,9.09
OPRK1,CHEMBL1766023,Nc1nc2cc3c(cc2s1)C[C@@H]1[C@@H]2CCCC[C@]32CCN1C[C@@H]1CCCO1,9.08
OPRK1,CHEMBL1766026,FC(F)(F)CNc1nc2cc3c(cc2s1)C[C@@H]1[C@@H]2CCCC[C@]32CCN1CC1CC1,9.08
OPRK1,CHEMBL6054451,NC(=O)[C@@H]1C[C@]23CCN(CC4CC4)[C@H](Cc4ccc(O)cc42)[C@]3(O)C1,9.08
OPRK1,CHEMBL110487,CCCC(=O)NCCc1ccc2[nH]c3c(c2c1)C[C@@]1(O)C2Cc4ccc(O)c5c4[C@@]1(CCN2CC1CC1)[C@H]3O5,9.07
OPRK1,CHEMBL610043,N/C(=N/Cc1ccccc1)Nc1ccc2[nH]c3c(c2c1)C[C@@]1(O)[C@H]2Cc4ccc(O)c5c4[C@@]1(CCN2CC1CC1)[C@H]3O5,9.07
OPRK1,CHEMBL4103328,CN1CC[C@]23c4c5ccc(O)c4O[C@H]2CCC[C@@]3(OCc2ccccc2)[C@H]1C5,9.07
OPRK1,CHEMBL5884616,Cc1ccc2nc(N3CCC(NC4CCCCC4O)CC3)c(-c3nc(C)no3)cc2c1,9.07
OPRK1,CHEMBL148219,O=C(Cc1ccc(Cl)c(Cl)c1)N1CCCCC1CN1CCC(O)C1,9.06
OPRK1,CHEMBL416765,CO[C@]12C=CC3(CC14CCC[C@H]4O)C1Cc4ccc(O)c5c4C3(CCN1C)[C@@H]2O5,9.06
OPRK1,CHEMBL503457,Cl.O=C(Cc1ccc(-c2ccccc2)cc1)Oc1ccc2c(c1)[C@@]13CCCC[C@@]1(O)[C@@H](C2)N(CC1CCC1)CC3,9.06
OPRK1,CHEMBL1834411,CO[C@]12CC[C@@]3(C[C@@H]1[C@](C)(O)CC(C)(C)c1ccccc1)[C@H]1Cc4ccc(O)c5c4[C@@]3(CCN1CC1CC1)[C@H]2O5,9.06
OPRK1,CHEMBL4130303,Cc1cc(O)cc(C)c1C[C@H](N)C(=O)N[C@@H]1CSSC[C@@H](NC(=O)[C@@H](N)Cc2c(C)cc(O)cc2C)C(=O)NCC(=O)N[C@@H](Cc2ccccc2)C(=O)NCCSSCCNC(=O)[C@H](Cc2ccccc2)NC(=O)CNC1=O,9.06
OPRK1,CHEMBL4549826,CCc1cc(F)c2nc(N3CCC(N[C@H]4CCOC4)CC3)c(-c3nc(C)no3)c(C)c2c1,9.06
OPRK1,CHEMBL279298,CC(=O)N1CCN(C(=O)Cc2ccc(S(C)(=O)=O)cc2)C(CN2CC[C@H](O)C2)C1,9.05
OPRK1,CHEMBL4095192,COC(=O)N1CCN(C(=O)Cc2ccc(Cl)c(Cl)c2)[C@@H]2[C@@H](N3CC[C@H](O)C3)CCC[C@@H]21,9.05
OPRK1,CHEMBL385482,O=C1CC[C@@]2(NC/C=C/c3ccc(Cl)cc3)[C@H]3Cc4ccc(O)c5c4[C@@]2(CCN3CC2CC2)[C@H]1O5,9.04
OPRK1,CHEMBL438413,O=C(/C=C/Cc1ccccc1)N[C@@H]1CC[C@@]2(O)[C@H]3Cc4ccc(O)c5c4[C@@]2(CCN3CC2CC2)[C@H]1O5,9.04
OPRK1,CHEMBL475107,C[C@H]1C2Cc3ccc4[nH]cnc4c3[C@@]1(C)CCN2CC1CC1,9.04
OPRK1,CHEMBL3217271,C[C@@H]1CN(CCCc2ccccc2)[C@H]2C[C@H](N(C)CC3CC3)C[C@]1(c1cccc(O)c1)C2.Cl.Cl,9.04
OPRK1,CHEMBL5276702,N=C(N)NCCC[C@@H](NC(=O)[C@@H]1Cc2ccccc2CN1)C(=O)N[C@H](CCCNC(=N)N)C(=O)N[C@@H](CCC(N)=O)C(=O)N[C@@H](CC1CCCCC1)C(=O)N[C@H]1CSSC[C@@H](C(N)=O)NC1=O,9.04
OPRK1,CHEMBL87514,CN(C(=O)Cc1ccc(N)cc1)[C@H](CN1CCCC1)c1ccccc1,9.03
OPRK1,CHEMBL87483,CN(C(=O)Cc1cccc(N)c1)[C@H](CN1CCCC1)c1ccccc1,9.03
OPRK1,CHEMBL473136,COC(=O)/C=C/C(=O)N[C@@H]1CC[C@@]2(O)[C@H]3Cc4ccc(O)c5c4[C@@]2(CCN3CC2CC2)[C@H]1O5,9.03
OPRK1,CHEMBL566762,COC(=O)C(C)CCCCCCC(C)C(=O)Oc1ccc2c(c1)[C@@]13CCCC[C@H]1[C@@H](C2)N(CC1CCC1)CC3,9.03
OPRK1,CHEMBL1766043,CCNc1nc2cc3c(cc2s1)C[C@@H]1[C@@H]2CCCC[C@]32CCN1CCCF,9.03
OPRK1,CHEMBL3808824,CCCC[N+]1(CC2c3ccccc3CCN2C(=O)C2CC(=O)c3ccc(Cl)cc32)CCCC1.[I-],9.03
OPRK1,CHEMBL5943700,O=C(N[C@H]1CC[C@@]2(O)[C@H]3Cc4ccc(O)c5c4[C@@]2(CCN3CC2CC2)[C@H]1O5)c1cc2ccccc2[nH]1,9.03
OPRK1,CHEMBL5852351,Cc1cc(O)cc(C)c1C[C@@H](CNC(=O)NCCN1C(=O)C=CC1=O)N(C)C,9.03
OPRK1,CHEMBL610038,N/C(=N\CCc1ccc2[nH]c3c(c2c1)C[C@@]1(O)[C@H]2Cc4ccc(O)c5c4[C@@]1(CCN2CC1CC1)[C@H]3O5)NCc1ccc(N)cc1,9.02
OPRK1,CHEMBL458234,C=Cc1occc1[C@@H]1C[C@]2(C)[C@H]3C(=O)[C@@H](OC(C)=O)C[C@@H](C(=O)OC)[C@]3(C)CC[C@H]2C(=O)O1,9.02
OPRK1,CHEMBL3262361,CC[C@@](O)(c1ccccc1)[C@H]1C[C@@]23C=C[C@]1(OC)[C@@H]1Oc4c(O)ccc5c4[C@@]12CCN(CC1CC1)[C@@H]3C5,9.02
OPRK1,CHEMBL3309511,C[C@@H]1CC2=C([C@@H]3Oc4c(O)ccc5c4[C@@]34CCN(CC3CC3)[C@H](C5)[C@]4(O)C2)N(Cc2ccccc2)C1=O,9.02
OPRK1,CHEMBL3691869,CO[C@]12CC[C@@]3(C[C@@H]1CNC(=O)[C@H](Cc1c[nH]cn1)NC(C)=O)[C@H]1Cc4ccc(O)c5c4[C@@]3(CCN1CC1CC1)[C@H]2O5,9.02
OPRK1,CHEMBL5865032,O=C1O[C@@]23CCC1(O)C[C@@]21CCN(CC2CC2)[C@@H]3Cc2ccc(O)cc21,9.02
OPRK1,CHEMBL5745418,O=C(Cc1c[nH]c2ccccc12)N[C@@H]1CC[C@@]2(O)[C@H]3Cc4ccc(O)c5c4[C@@]2(CCN3CC2CC2)[C@H]1O5,9.02
OPRK1,CHEMBL3695675,Oc1ccc(CN2CC[C@]34CCN(CC5CC5)[C@H](Cc5ccc(O)cc53)[C@@H]4C2)cc1,9.01
OPRK1,CHEMBL3890527,O=C(O)C[C@H]1C[C@@]2(O)[C@H]3Cc4ccc(O)cc4[C@@]2(CCN3CC2CC2)CC1=O,9.01
OPRK1,CHEMBL5285730,N=C(N)NCCC[C@@H](NC(=O)[C@@H](CCCNC(=N)N)NC(=O)[C@@H]1CCCN1C(=O)c1ccc(Cl)c(Cl)c1)C(=O)N[C@@H](CCC(N)=O)C(=O)N[C@@H](CS)C(=O)N[C@@H](CC1CCCCC1)C(=O)N[C@H]1CSSC[C@@H](C(N)=O)NC1=O,9.01
OPRK1,CHEMBL5773989,Cc1ccc2nc(N3CCC(NC4CCC(C)CC4)CC3)c(-c3nc(C)no3)cc2c1,9.01
OPRK1,CHEMBL5916764,O=C(N[C@H]1CC[C@@]2(O)[C@H]3Cc4ccc(O)c5c4[C@@]2(CCN3CC2CC2)[C@H]1O5)c1c[nH]c2ccccc12,9.01
OPRK1,CHEMBL1513237,CN(C(=O)Cc1ccc(Cl)c(Cl)c1)[C@H]1CCCC[C@@H]1N1CCCC1.CS(=O)(=O)O,9.01
OPRK1,CHEMBL2367604,C[C@H]1[C@H]2Cc3ccc(O)cc3[C@@]1(C)CCN2C[C@@H]1CCCO1,9.0
OPRK1,CHEMBL118865,CN(C(=O)Cc1ccc(Cl)c(Cl)c1)C1CCC2(CCCO2)CC1N1CCCC1,9.0
OPRK1,CHEMBL190766,CCS(=O)(=O)NCc1ccc(CC(=O)N(C)[C@H](CN2CC[C@H](O)C2)c2ccccc2)cc1,9.0
OPRK1,CHEMBL203306,CN(CC(=O)N(C)[C@H](CN1CC[C@H](O)C1)c1ccccc1)c1ccc(C#N)cc1,9.0
OPRK1,CHEMBL448428,O=C(Cc1ccc(Cl)cc1)N[C@@]12CCC(=O)[C@@H]3Oc4c(O)ccc5c4[C@@]31CCN(CC1CC1)[C@@H]2C5,9.0
OPRK1,CHEMBL375504,Oc1ccc2c(c1)[C@]13CCN(CC4CCC4)[C@H](C2)[C@@H]1Cc1c([nH]c2ccccc12)C3,9.0
OPRK1,CHEMBL469189,C[C@H]1C2Cc3ccc4c(N)ncnc4c3[C@@]1(C)CCN2CC1CC1,9.0
OPRK1,CHEMBL570654,O=C(Nc1ccc(I)cc1)Oc1ccc2c(c1)[C@@]13CCCC[C@H]1[C@@H](C2)N(CC1CCC1)CC3,9.0
OPRK1,CHEMBL1076572,OC(COc1ccc2c(c1)[C@@]13CCCC[C@H]1[C@@H](C2)N(CC1CCC1)CC3)COc1ccc2c(c1)[C@@]13CCCC[C@H]1[C@@H](C2)N(CC1CCC1)CC3,9.0
OPRK1,CHEMBL2048781,Oc1cccc(CNc2ccc3c(c2)C[C@@H]2[C@@H]4CCCC[C@]34CCN2CC2CC2)c1,9.0
OPRK1,CHEMBL3359795,COC(=O)[C@@H]1C[C@H](OC(C)=O)C(=O)[C@H]2[C@@]1(C)CC[C@H]1C(=O)O[C@H](c3ccoc3C3CC3)C[C@]21C,9.0
OPRK1,CHEMBL3394003,CSc1c[nH]c(C(=O)Nc2nc3ccccc3n2CCN2CCCC2)c1,9.0
OPRK1,CHEMBL4096473,COC(=O)N1CCN(C(=O)Cc2ccc(Cl)c(Cl)c2)[C@@H]2[C@@H](N(C)C)CCC[C@@H]21,9.0
OPRK1,CHEMBL5934057,COC1CN(c2nc3ccccc3cc2-c2nc(C)no2)CCC1NC1CCCCCC1,9.0
OPRK1,CHEMBL5864826,CO[C@H]1CN(c2nc3ccc(C)cc3cc2-c2noc(C)n2)CC[C@H]1NC1CCCCC1,9.0
OPRK1,CHEMBL5804135,C/C(N)=C/C(C(=O)OC(C)C)=C(\N)N1CCC(NC2CCCCC2)CC1,9.0
OPRK1,CHEMBL5815474,Cc1cc(C(=O)OC(C)C)c(N2CCC(NC3CCCCC3)CC2)nn1,9.0
OPRK1,CHEMBL6169947,O=C1CC(C2CC2)CN1CCN(CCc1ccc2nc[nH]c2c1)CC1CCC1,9.0
OPRK1,CHEMBL594511,Cc1cc(NCC(=O)Nc2ccccc2)c2ccccc2n1,8.99
OPRK1,CHEMBL4108290,COc1ccc2c3c1O[C@H]1[C@@]4(OC)CC[C@@]5(C[C@@H]4COC(=O)[C@@H](N)C(C)O)[C@@H](C2)N(CC2CC2)CC[C@]315,8.99
OPRK1,CHEMBL1921850,CC1(C)CN(Cc2ccc(Oc3ccc(C(N)=O)cn3)cc2)[C@@H]1c1ccccc1,8.98
OPRK1,CHEMBL3582487,NC(=O)[C@@H]1CC(=O)NCCCC[C@@H](NC(=O)[C@@H](N)Cc2ccc(O)cc2)C(=O)N[C@@H](Cc2ccccc2)C(=O)N[C@@H](Cc2ccc(F)cc2)C(=O)N1,8.98
OPRK1,CHEMBL4066752,O=C(c1ccccc1)N1C[C@H]2OC34CCC1C2C31CCN(CC2CC2)C4Cc2ccc(O)cc21,8.98
OPRK1,CHEMBL4099273,CN(C(=O)CCc1ccccc1)[C@@H]1CC[C@@]2(O)[C@H]3[C@@H](O)c4ccc(O)c5c4[C@@]2(CCN3CC2CC2)[C@H]1O5,8.98
OPRK1,CHEMBL429020,CN[C@@H](Cc1ccc(O)cc1)C(=O)NCC(=O)NCC(=O)N[C@H](Cc1ccccc1)C(=O)N[C@@H](CC(C)C)C(=O)N(C)[C@@H](CCCN=C(N)N)C(=O)N[C@@H](CCCN=C(N)N)C(=O)N[C@@H](CC(C)C)C(N)=O,8.97
OPRK1,CHEMBL3678966,CO[C@]12CC[C@@]3(C[C@@H]1COCc1ccc(C)cc1)[C@H]1Cc4ccc(O)c5c4[C@@]3(CC[N+]1(C)CC1CC1)[C@H]2O5,8.97
OPRK1,CHEMBL4110146,COc1ccc2c3c1O[C@H]1[C@@]4(c5ccccc5)CC[C@@]5(C[C@@H]4COCc4ccccc4)[C@@H](C2)N(CC2CC2)CC[C@]315,8.97
OPRK1,CHEMBL4113980,CCCC[C@@H](NC(=O)[C@@H](Cc1ccccc1)NC(=O)[C@H](N)Cc1ccccc1)C(=O)N[C@H](CNC(=N)N)C(=O)N1CCCNCC1,8.97
OPRK1,CHEMBL87986,CN(C(=O)Cc1ccc([N+](=O)[O-])cc1)[C@H](CN1CCCC1)c1ccccc1,8.96
OPRK1,CHEMBL424328,O=C(CCCCCCCCCCC(=O)Oc1ccc2c(c1)[C@@]13CCCC[C@H]1[C@@H](C2)N(CC1CCC1)CC3)Oc1ccc2c(c1)[C@@]13CCCC[C@H]1[C@@H](C2)N(CC1CCC1)CC3,8.96
OPRK1,CHEMBL279968,CC[C@@]12CCN(CC3CC3)C(C(=O)c3ccc(O)cc31)[C@@H]2C,8.96
OPRK1,CHEMBL69543,O=C(Cc1ccc(Cl)c(Cl)c1)N1CCc2occc2[C@@H]1CN1CC[C@H](O)C1,8.96
OPRK1,CHEMBL51972,Oc1nc2ccccc2n1[C@@H]1CCN2[C@H](CCC[C@H]2c2ccccc2)C1,8.96
OPRK1,CHEMBL250186,C[C@H]1C2Cc3ccc(C(=O)NCCc4ccc(-c5ccc(Cl)c(Cl)c5)cc4)cc3[C@@]1(C)CCN2CC1CC1,8.96
OPRK1,CHEMBL249985,COc1ccc(-c2ccc(CCNC(=O)c3ccc4c(c3)[C@@]3(C)CCN(CC5CC5)C(C4)[C@@H]3C)cc2)cc1,8.96
OPRK1,CHEMBL468871,O=C(/C=C/c1ccccc1)N[C@@H]1CC[C@@]2(OC(=O)c3ccccc3)[C@H]3Cc4ccc(O)c5c4[C@@]2(CCN3CC2CC2)[C@H]1O5,8.96
OPRK1,CHEMBL1818236,O=S(=O)(c1ccccc1-c1ccc(CN2CCC(CCO)CC2)cc1)N1CCCC[C@H]1CO,8.96
OPRK1,CHEMBL2048764,c1cc2c(cc1CNc1ccc3c(c1)[C@@]14CCCC[C@H]1[C@@H](C3)N(CC1CCC1)CC4)OCO2,8.96
OPRK1,CHEMBL3262090,CO[C@]12CC[C@@]3(C[C@@H]1[C@H](O)c1ccccc1)[C@H]1Cc4ccc(O)c5c4[C@@]3(CCN1CC1CC1)[C@H]2O5,8.96
OPRK1,CHEMBL4106873,CO[C@]12CC[C@@]3(C[C@@H]1COCc1cccc(OCC(=O)O)c1)[C@H]1Cc4ccc(O)c5c4[C@@]3(CCN1CC1CC1)[C@H]2O5,8.96
OPRK1,CHEMBL4128926,CC(C)(C)NS(=O)(=O)c1ccc(-c2sc(C(=O)N[C@H]3C[C@H](C(=O)O)C3)nc2CC2CCCCC2)c2ccccc12,8.96
OPRK1,CHEMBL4438046,CN1/C(=C/C=C/C=C/C2=[N+](CCCCCC(=O)NCC(=O)NCC(=O)NCCCNC(=N)Nc3ccc4[nH]c5c(c4c3)C[C@@]3(O)[C@H]4Cc6ccc(O)c7c6[C@@]3(CCN4CC3CC3)[C@H]5O7)c3ccc(S(=O)(=O)[O-])cc3C2(C)C)C(C)(C)c2cc(S(=O)(=O)O)ccc21,8.96
OPRK1,CHEMBL610279,N=C(N)Nc1ccc2c3c([nH]c2c1)[C@@H]1Oc2c(O)ccc4c2[C@@]12CCN(CC1CC1)[C@H](C4)[C@]2(O)C3,8.96
OPRK1,CHEMBL4583245,CCc1cc(F)c2nc(N3CCC(N[C@@H]4CCCOC4)CC3)c(-c3nc(C)no3)cc2c1,8.96
OPRK1,CHEMBL4548498,Cc1cc(O)cc(C)c1C[C@H](N)C(=O)N[C@@H]1CCN(S(C)(=O)=O)c2ccc(CN3CCc4ccccc4C3)cc21.O=C(O)C(F)(F)F,8.96
OPRK1,CHEMBL6161276,c1ccc(C[C@H]2C[C@@H](Cc3ccc4nc[nH]c4c3)N(CC3CCC3)C2)cc1,8.96
OPRK1,CHEMBL238361,NC(=O)c1ccc(Oc2ccc(CNCCc3ccccc3)cc2)nc1,8.94
OPRK1,CHEMBL3691887,COC12CC[C@@]3(C[C@@H]1CNC(=O)CCc1nnn[nH]1)[C@H]1Cc4ccc(O)c5c4[C@@]3(CCN1CC1CC1)[C@H]2O5,8.94
OPRK1,CHEMBL4107821,COc1ccc2c3c1O[C@H]1[C@@]4(OC)CC[C@@]5(C[C@@H]4COC(=O)[C@@H](N)CC(C)C)[C@@H](C2)N(CC2CC2)CC[C@]315,8.94
OPRK1,CHEMBL4110784,CC(C)C[C@@H](NC(=O)[C@@H](Cc1ccccc1)NC(=O)[C@H](N)Cc1ccccc1)C(=O)N[C@H](CNC(=N)N)C(=O)N1CCCN(C(=N)N)CC1,8.94
OPRK1,CHEMBL5275165,N=C(N)NCCC[C@@H](NC(=O)[C@H]1NCCc2ccccc21)C(=O)N[C@H](CCCNC(=N)N)C(=O)N[C@@H](CCC(N)=O)C(=O)N[C@@H](CC1CCCCC1)C(=O)N[C@H]1CSSC[C@@H](C(N)=O)NC1=O,8.93
OPRK1,CHEMBL2369366,CC[C@H](C)[C@H](NC(=O)[C@H](CCCN=C(N)N)NC(=O)[C@H](CCCN=C(N)N)NC(=O)[C@H](CC(C)C)NC(=O)[C@H](Cc1ccccc1)NC(=O)[C@@H]1CCCN1C(=O)CNC(=O)[C@@H](N)Cc1ccc(O)cc1)C(=O)N[C@@H](CCCN=C(N)N)C(=O)N[C@H](CCCN=C(N)N)C(=O)N[C@@H](CCCCN)C(N)=O,8.92
OPRK1,CHEMBL2368861,CO[C@@]12CC[C@@]3(C[C@@H]1[C@](C)(O)C(C)(C)C)[C@H]1Cc4ccc(O)c5c4[C@@]3(CCN1CC1CC1)[C@H]2O5.Cl,8.92
OPRK1,CHEMBL147191,CNC(c1ccccc1)C(C)(C)C(=O)NCC1CCCCC1,8.92
OPRK1,CHEMBL346885,O=C(CCCC(=O)Oc1ccc2c(c1)[C@@]13CCCC[C@H]1[C@@H](C2)N(CC1CCC1)CC3)Oc1ccc2c(c1)[C@@]13CCCC[C@H]1[C@@H](C2)N(CC1CCC1)CC3,8.92
OPRK1,CHEMBL304900,COC(=O)N1CCN(C(=O)Cc2ccc(Cl)c(Cl)c2)C(CN(C)C)C1,8.92
OPRK1,CHEMBL380990,CN(C(=O)[C@@H]1Cc2cc(NS(C)(=O)=O)ccc2O1)[C@H](CN1CC[C@H](O)C1)c1ccccc1,8.92
OPRK1,CHEMBL193039,O=C(CCCCCCCCC(=O)Oc1ccc2c(c1)[C@]13CCCCC1[C@H](C2)N(CC1CCC1)CC3)Oc1ccc2c(c1)[C@@]13CCCCC1[C@@H](C2)N(CC1CCC1)CC3,8.92
OPRK1,CHEMBL369919,O=C(CCCCCCCCC(=O)Oc1ccc2c(c1)[C@@]13CCCCC1[C@@H](C2)N(C[C@@H]1CCCO1)CC3)Oc1ccc2c(c1)[C@@]13CCCCC1[C@@H](C2)N(C[C@@H]1CCCO1)CC3,8.92
OPRK1,CHEMBL426523,C[C@H]1CN2C[C@H](c3ccccc3)CC[C@H]2C[C@@]1(C)c1cccc(O)c1,8.92
OPRK1,CHEMBL375119,C[C@H]1CN2C[C@H](C3CCCCC3)NC[C@H]2C[C@@]1(C)c1cccc(O)c1,8.92
OPRK1,CHEMBL443326,O=C(Cc1cccs1)N[C@@H]1CC[C@@]2(O)[C@H]3Cc4ccc(O)c5c4[C@@]2(CCN3CC2CC2)[C@H]1O5,8.92
OPRK1,CHEMBL1766042,CC(=O)Nc1nc2cc3c(cc2s1)C[C@@H]1[C@@H]2CCCC[C@]32CCN1CCCF,8.92
OPRK1,CHEMBL1818341,CC(C)CNCc1ccc(-c2ccccc2S(=O)(=O)N2CCCC2)cc1,8.92
OPRK1,CHEMBL2178341,O=C(N[C@@H]1CC[C@@]2(O)[C@H]3Cc4ccc(O)c5c4[C@@]2(CCN3CC2CC2)[C@H]1O5)c1ccncn1,8.92
OPRK1,CHEMBL2322563,Cc1cc(O)cc(C)c1C[C@H](N)C(=O)N[C@@H]1CCNc2ccc(CC3Cc4ccccc4C3)cc21,8.92
OPRK1,CHEMBL3264747,O=C1[C@H]2O[C@@]34CC[C@@]5(OCOc6c(O)ccc7c6[C@@]3(CCN(CC3CC3)[C@@H]4C7)[C@H]25)N1c1ccccc1,8.92
OPRK1,CHEMBL3359280,COC(=O)[C@@H]1C[C@H](OC(C)=O)C(=O)[C@H]2[C@@]1(C)CC[C@H]1C(=O)O[C@H](c3ccoc3-c3ccccc3F)C[C@]21C,8.92
OPRK1,CHEMBL4069231,O=C(Cc1ccc(Cl)c(Cl)c1)N1CCN[C@H]2CCC[C@H](N3CCCC3)[C@H]21,8.92
OPRK1,CHEMBL4464264,CCc1ccc2nc(N3CCC(NCC(C)C)CC3)c(-c3nc(C)no3)cc2c1,8.92
OPRK1,CHEMBL5282859,N=C(N)NCCC[C@@H](NC(=O)Cc1ccc(F)cc1)C(=O)N[C@H](CCCNC(=N)N)C(=O)N[C@@H](CCC(N)=O)C(=O)N[C@@H](CC1CCCCC1)C(=O)N[C@H]1CSSC[C@@H](C(N)=O)NC1=O,8.92
OPRK1,CHEMBL5278992,N=C(N)NCCC[C@@H](NC(=O)Cc1cccc(Br)c1)C(=O)N[C@H](CCCNC(=N)N)C(=O)N[C@@H](CCC(N)=O)C(=O)N[C@@H](CC1CCCCC1)C(=O)N[C@H]1CSSC[C@@H](C(N)=O)NC1=O,8.92
OPRK1,CHEMBL5270523,N=C(N)NCCC[C@@H](NC(=O)[C@@H](CCCNC(=N)N)NC(=O)[C@@H]1CCCN1C(=O)c1ccc(O)cc1)C(=O)N[C@@H](CCC(N)=O)C(=O)N[C@@H](CS)C(=O)N[C@@H](CC1CCCCC1)C(=O)N[C@H]1CSSC[C@@H](C(N)=O)NC1=O,8.92
OPRK1,CHEMBL5419132,O=C1CNC(=O)[C@H](Cc2ccccc2)NC(=O)[C@@H](Cc2c[nH]c3ccccc23)NC(=O)CCN1,8.92
OPRK1,CHEMBL5665408,CC(C)C[C@H](NC(=O)[C@H](Cc1ccccc1)NC(=O)CNC(=O)CNC(=O)[C@@H](N)Cc1ccc(O)cc1)C(=O)N[C@@H](CCCNC(=N)N)C(=O)N[C@@H](CCCCN)C(=O)N[C@@H](Cc1ccc(O)cc1)C(=O)O,8.92
OPRK1,CHEMBL6166155,NS(=O)(=O)c1cccc(CCN(CCc2ccccc2)CC2CCC2)c1,8.92
OPRK1,CHEMBL238317,NC(=O)c1ccc(Oc2ccc(CNCCc3ccccc3)cc2)cc1,8.91
OPRK1,CHEMBL3695669,O=C1C[C@]23CCN(CC4CC4)[C@H](Cc4ccc(O)cc42)C3=CN1Cc1ccc(O)cc1,8.9
OPRK1,CHEMBL607351,CN1CC[C@]23c4c5ccc(O)c4O[C@H]2C(=O)CC[C@@]3(OCc2ccccc2)[C@H]1C5,8.9
OPRK1,CHEMBL2448128,CN1c2ccccc2C(c2ccccc2)=NC[C@H]1CCNC(=O)c1cccs1,8.89
OPRK1,CHEMBL151921,CNC(c1cccc(O)c1)C(C)(C)C(=O)NCc1cccc2ccccc12,8.89
OPRK1,CHEMBL310842,Cc1cc(O)cc(C)c1C[C@H](N)C(=O)N1Cc2ccccc2C[C@H]1CNC(=O)NC(C)(C)C,8.89
OPRK1,CHEMBL31605,CO[C@]12C=CC3(CC14CCC(C)(C)[C@H]4O)C1Cc4ccc(O)c5c4C3(CCN1C)[C@@H]2O5,8.89
OPRK1,CHEMBL178960,COC(=O)[C@@H]1C[C@H](OC(C)=O)C(=O)C2[C@@]1(C)CC[C@H]1C(=O)O[C@H](c3ccoc3)C[C@]21C,8.89
OPRK1,CHEMBL189643,CN(C(=O)Cc1ccc(CNS(=O)(=O)Cc2ccccc2)cc1)[C@H](CN1CC[C@H](O)C1)c1ccccc1,8.89
OPRK1,CHEMBL363822,CCCS(=O)(=O)NCc1ccc(CC(=O)N(C)[C@H](CN2CC[C@H](O)C2)c2ccccc2)cc1,8.89
OPRK1,CHEMBL539685,CC(=O)NCc1ccccc1CC(=O)N(C)[C@H](CN1CCCC1)c1ccccc1,8.89
OPRK1,CHEMBL434933,CN(C(=O)[C@H]1Cc2cc(NS(C)(=O)=O)ccc2O1)[C@H](CN1CC[C@H](O)C1)c1ccccc1,8.89
OPRK1,CHEMBL200865,CN(C(=O)[C@@H]1Cc2cccc(NS(C)(=O)=O)c2O1)[C@H](CN1CC[C@H](O)C1)c1ccccc1,8.89
OPRK1,CHEMBL214104,CC[C@@]12CCN(CC3CC3)C(C(=O)c3ccc(C(=O)NCCc4ccc(-c5ccccc5)cc4)cc31)[C@@H]2C,8.89
OPRK1,CHEMBL425836,CN(C(=O)CC(=O)Nc1cccnc1)[C@H](CN1CC[C@H](O)C1)c1ccccc1,8.89
OPRK1,CHEMBL502267,CN(CC(=O)N1CCN(c2ccccc2)CC1CN1CCCC1)c1ccc(Cl)c(Cl)c1,8.89
OPRK1,CHEMBL500154,Cc1ccc(C(C)C(=O)Oc2ccc3c(c2)[C@@]24CCCC[C@@]2(O)[C@@H](C3)N(CC2CCC2)CC4)cc1.Cl,8.89
OPRK1,CHEMBL572525,NC(=O)[C@@H]1CSCSC[C@@H](NC(=O)[C@@H](N)Cc2ccc(O)cc2)C(=O)N[C@@H](Cc2ccccc2)C(=O)N[C@@H](Cc2ccc3ccccc3c2)C(=O)N1,8.89
OPRK1,CHEMBL3216476,Cl.Cl.O=C(O)CN[C@H]1CC[C@@]2(OCCCc3ccccc3)[C@H]3Cc4ccc(O)c5c4[C@@]2(CCN3CC2CC2)[C@H]1O5,8.89
OPRK1,CHEMBL2046467,COc1ccccc1CNc1ccc2c(c1)[C@@]13CCCC[C@H]1[C@@H](C2)N(CC1CC1)CC3,8.89
OPRK1,CHEMBL2208350,COc1ccc(-c2ccc(CCNC(=O)c3ccc4c(c3)C3(C)CCN(CC5CC5)C(C4)C3C)cc2)cc1OC,8.89
OPRK1,CHEMBL2208353,COc1ccc(-c2ccc(CCNC(=O)c3ccc4c(c3)C3(C)CCN(CC5CC5)C(C4)C3C)cc2)c(C)c1,8.89
OPRK1,CHEMBL2208348,CC1C2Cc3ccc(C(=O)NCCc4ccc(-c5cccc(O)c5)cc4)cc3C1(C)CCN2CC1CC1,8.89
OPRK1,CHEMBL3309513,O=C1[C@H](CCO)CC2=C([C@@H]3Oc4c(O)ccc5c4[C@@]34CCN(CC3CC3)[C@H](C5)[C@]4(O)C2)N1Cc1ccccc1,8.89
OPRK1,CHEMBL3359276,COC(=O)[C@@H]1C[C@H](OC(C)=O)C(=O)[C@H]2[C@@]1(C)CC[C@H]1C(=O)O[C@H](c3ccoc3-c3ccccc3)C[C@]21C,8.89
OPRK1,CHEMBL3758259,NC(=O)[C@H]1CSCSC[C@H](NC(=O)[C@@H](N)Cc2ccc(O)cc2)C(=O)N[C@@H](Cc2ccccc2)C(=O)N[C@@H](Cc2ccc3ccccc3c2)C(=O)N1,8.89
OPRK1,CHEMBL4461337,Cc1cnc(N2CC[C@H](NC3CCCCC3)[C@@H](O)C2)c(-c2nc(C)no2)c1,8.89
OPRK1,CHEMBL4526669,Cc1ccc2nc(N3CCC(NCC(C)C)CC3)c(-c3nc(C)no3)cc2c1,8.89
OPRK1,CHEMBL5280066,N=C(N)NCCC[C@H](NC(=O)[C@H](CCCNC(=N)N)NC(=O)[C@@H]1CSSC[C@H](NC(=O)[C@@H](N)CC(N)=O)C(=O)N1)C(=O)N[C@@H](CCC(N)=O)C(=O)N[C@@H](CC1CCCCC1)C(=O)N[C@H]1CSSC[C@@H](C(N)=O)NC1=O,8.89
OPRK1,CHEMBL5289642,CC1(C)SSC[C@@H](C(N)=O)NC(=O)[C@H]1NC(=O)[C@H](CC1CCCCC1)NC(=O)[C@H](CCC(N)=O)NC(=O)[C@@H](CCCNC(=N)N)NC(=O)[C@@H](CCCNC(=N)N)NC(=O)[C@@H]1CCC(=O)N1,8.89
OPRK1,CHEMBL4107573,COc1ccc2c3c1O[C@H]1C4(OC)CC[C@@]5(C[C@@H]4COCC#N)[C@@H](C2)N(CC2CC2)CC[C@]315,8.89
OPRK1,CHEMBL5751294,Cc1ccc2nc(N3CCC(NC4CCCCC4C)CC3)c(-c3nc(C)no3)cc2c1,8.89
OPRK1,CHEMBL340001,CN1c2ccc(Cl)cc2C(c2ccccc2)=NCC1CCNC(=O)c1ccc(Cl)cc1,8.88
OPRK1,CHEMBL3580749,Cc1cc(O)cc(C)c1C[C@H](N)C(=O)N[C@@H]1CCCCNC(=O)C[C@@H](C(N)=O)NC(=O)[C@H](Cc2ccc(F)cc2F)NC(=O)[C@H](Cc2ccccc2)NC1=O,8.87
OPRK1,CHEMBL6029450,O=C(CCc1c[nH]c2ccccc12)N[C@H]1CC[C@@]2(O)[C@H]3Cc4ccc(O)c5c4[C@@]2(CCN3CC2CC2)[C@H]1O5,8.87
OPRK1,CHEMBL323726,CC(C)CC(=N)NCCc1ccc2[nH]c3c(c2c1)C[C@@]1(O)C2Cc4ccc(O)c5c4[C@@]1(CCN2CC1CC1)[C@H]3O5,8.86
OPRK1,CHEMBL4111717,COc1ccc2c3c1O[C@H]1[C@@]4(OC)CC[C@@]5(C[C@@H]4COCc4cccc(NC(N)=O)c4)[C@@H](C2)N(CC2CC2)CC[C@]315,8.86
OPRK1,CHEMBL4111594,COc1ccc2c3c1O[C@H]1[C@@]4(OC)CC[C@@]5(C[C@@H]4CS(=O)(=O)Cc4ccccc4)[C@@H](C2)N(CC2CC2)CC[C@]315,8.86
OPRK1,CHEMBL4100943,Oc1ccc2c(c1)C13CCN(CC4CC4)C(C2)C12CCC1C3[C@@H](CN1Cc1ccccc1)O2,8.86
OPRK1,CHEMBL610042,N/C(=N\CCc1ccc2[nH]c3c(c2c1)C[C@@]1(O)[C@H]2Cc4ccc(O)c5c4[C@@]1(CCN2CC1CC1)[C@H]3O5)NCc1ccccc1,8.85
OPRK1,CHEMBL76573,Cc1cc(O)cc(C)c1C[C@H](N)C(=O)N1Cc2ccccc2C[C@H]1CNCC(C)(C)C,8.85
OPRK1,CHEMBL66619,O=C(Cc1ccc(Cl)c(Cl)c1)N1CCc2occc2C1CN1CC=CCC1,8.85
OPRK1,CHEMBL606923,COc1ccc2c3c1O[C@H]1C(=O)CC[C@@]4(OCCCc5ccccc5)[C@@H](C2)N(CCc2ccccc2)CC[C@]314,8.85
OPRK1,CHEMBL226113,COc1ccc2c(c1)[C@]13CCN(CC4CC4)[C@H](C2)[C@@H]1Cc1c([nH]c2ccccc12)C3,8.85
OPRK1,CHEMBL2113314,CO[C@@]12C=C[C@@]3([C@@H]4CN(C(=O)/C=C/c5ccc(C)cc5)C[C@@H]41)[C@H]1Cc4ccc(O)c5c4[C@@]3(CCN1C)[C@H]2O5,8.85
OPRK1,CHEMBL1076578,OC(CCCCCCC(O)COc1ccc2c(c1)[C@@]13CCCC[C@H]1[C@@H](C2)N(CC1CCC1)CC3)COc1ccc2c(c1)[C@@]13CCCC[C@H]1[C@@H](C2)N(CC1CCC1)CC3,8.85
OPRK1,CHEMBL1743605,Cc1cc(O)cc(C)c1C[C@@H](C(=O)N1Cc2ccccc2C[C@H]1C(=O)NCCC(=O)OC1=C2O[C@H]3[C@@H](O)C=C[C@H]4[C@H]5CC(C=C1)C2[C@]43CCN5C)N(C)C.O=C(O)C(F)(F)F.O=C(O)C(F)(F)F,8.85
OPRK1,CHEMBL1921849,CC1(C)CN(Cc2ccc(Oc3ccc(C(N)=O)cn3)cc2)C1c1ccccc1,8.85
OPRK1,CHEMBL2347239,C[C@H]1C2Cc3ccc(C(=O)NCCc4ccc(-c5ccccc5)cn4)cc3[C@@]1(C)CCN2CC1CC1,8.85
OPRK1,CHEMBL3215960,CCCN[C@H]1C[C@H]2C[C@@](c3cccc(O)c3)(C1)[C@H](C)CN2CCCc1ccccc1.Cl.Cl,8.85
OPRK1,CHEMBL3409106,Oc1ccc2c(c1)[C@]1(CCCc3ccccc3)CCN(CC3CC3)C[C@@H]1O2,8.85
OPRK1,CHEMBL4069149,O=C(Cc1ccc(Cl)c(F)c1)N1CCN(S(=O)(=O)Cc2ccon2)[C@H]2CCC[C@H](N3CC[C@H](O)C3)[C@H]21,8.85
OPRK1,CHEMBL4463414,CN1/C(=C/C=C/C=C/C2=[N+](CCCCCC(=O)NCCCNC(=N)Nc3ccc4[nH]c5c(c4c3)C[C@@]3(O)[C@H]4Cc6ccc(O)c7c6[C@@]3(CCN4CC3CC3)[C@H]5O7)c3ccc(S(=O)(=O)[O-])cc3C2(C)C)C(C)(C)c2cc(S(=O)(=O)O)ccc21,8.85
OPRK1,CHEMBL4458337,CC[C@@H]1CN2CC[C@]3(Nc4cccc(-c5ccccc5)c4C3=O)[C@@H]2C[C@@H]1/C(=C\OC)C(=O)OC,8.85
OPRK1,CHEMBL5283084,CC(C)C[C@H](NC(=O)[C@@H](CCCNC(=N)N)NC(=O)[C@@H](CCCNC(=N)N)NC(=O)[C@@H]1CCCN1C(=O)c1ccccc1)C(=O)N[C@@H](CC1CCCCC1)C(=O)N[C@H]1CSSC[C@@H](C(N)=O)NC1=O,8.85
OPRK1,CHEMBL5964324,CCCC(=O)Nc1cnc(N2CCC(NC3CCCCC3)CC2)c(C(=O)OC)c1,8.85
OPRK1,CHEMBL110894,CCCCC/N=C(\N)Cc1ccc2[nH]c3c(c2c1)C[C@@]1(O)C2Cc4ccc(O)c5c4[C@@]1(CCN2CC1CC1)[C@H]3O5,8.84
OPRK1,CHEMBL1921840,NC(=O)c1ccc(Oc2ccc(CN3CCCC3c3cccnc3)cc2)nc1,8.83
OPRK1,CHEMBL5900583,O=C(N[C@H]1CC[C@@]2(O)[C@H]3Cc4ccc(O)c5c4[C@@]2(CCN3CC2CC2)[C@H]1O5)c1cccc2[nH]ccc12,8.83
OPRK1,CHEMBL293143,COc1ccc(Cl)cc1-c1cccn(C(CN2CCCC2)c2ccccc2)c1=O,8.82
OPRK1,CHEMBL126282,CN1c2ccc(Cl)cc2C(c2ccccc2)=NCC1CCNC(=O)c1ccccc1F,8.82
OPRK1,CHEMBL23607,CC(=O)N1CCN(C(=O)Cc2ccc(C(F)(F)F)cc2)C(CN2CC[C@H](O)C2)C1,8.82
OPRK1,CHEMBL77001,Cc1cc(O)cc(C)c1C[C@H](N)C(=O)N1Cc2ccccc2C[C@H]1CNCc1ccccc1,8.82
OPRK1,CHEMBL202267,CCCS(=O)(=O)Nc1ccc(NCC(=O)N(C)[C@H](CN2CC[C@H](O)C2)c2ccccc2)cc1,8.82
OPRK1,CHEMBL610883,Cc1ccccc1/C=C/C(=O)N[C@@]12CCC(=O)[C@@H]3Oc4c(O)ccc5c4[C@@]31CCN(CC1CC1)[C@@H]2C5,8.82
OPRK1,CHEMBL607018,Cc1ccc(/C=C/C(=O)N[C@@]23CCC(=O)[C@@H]4Oc5c(O)ccc6c5[C@@]42CCN(C)[C@@H]3C6)cc1,8.82
OPRK1,CHEMBL570225,c1ccc(Nc2ccc3c(c2)[C@@]24CCCC[C@H]2[C@@H](C3)N(CC2CCC2)CC4)cc1,8.82
OPRK1,CHEMBL2208356,COc1ccc(-c2ccc(CCNC(=O)c3ccc4c(c3)C3(C)CCN(CC5CC5)C(C4)C3C)cc2)cc1,8.82
OPRK1,CHEMBL4084350,CS(=O)(=O)N1CCN(C(=O)Cc2ccc(Cl)c(Cl)c2)[C@@H]2[C@@H](N3CCCC3)CCC[C@@H]21,8.82
OPRK1,CHEMBL4572131,CCc1ccc2nc(N3CCC(N[C@H]4CCCOC4)CC3)c(-c3nc(C)no3)cc2c1,8.82
OPRK1,CHEMBL5086370,CCCC[C@@H](NC(=O)[C@@H](N)Cc1c(C)cc(O)cc1C)C(=O)NCC(=O)N[C@@H](Cc1ccc(F)cc1)C(=O)N1CCC(N(C(=O)CC)c2ccc(Cl)c(Cl)c2)CC1,8.82
OPRK1,CHEMBL5928339,CCc1noc(-c2cc3cc(C)ccc3nc2N2CCC(NC3CCCCCC3)C(OC)C2)n1,8.82
OPRK1,CHEMBL6144710,C/C=C1/CN2CC[C@]34C(=C(C(=O)OC)[C@H]1C[C@H]23)Nc1ccc(-c2ccccc2)cc14,8.82
OPRK1,CHEMBL6143997,c1ccc(CCN(CCc2ccc3nc[nH]c3c2)CC2CCC2)nc1,8.82
OPRK1,CHEMBL289426,C=C(Cl)C(=O)N[C@@H]1CCC2C3Cc4ccc(O)c5c4C2(CCN3CC2CC2)[C@H]1O5,8.81
OPRK1,CHEMBL2179656,CN1CC[C@]23c4c5ccc(O)c4O[C@H]2c2ncc(-c4ccc(Cl)cc4)cc2C[C@@]3(OCCCc2ccccc2)[C@H]1C5,8.81
OPRK1,CHEMBL2179655,CN1CC[C@]23c4c5ccc(O)c4O[C@H]2c2ncc(-c4ccc(Cl)cc4)cc2C[C@@]3(OC/C=C/c2ccccc2)[C@H]1C5,8.81
OPRK1,CHEMBL110816,CCC(=O)NCCc1ccc2[nH]c3c(c2c1)C[C@@]1(O)C2Cc4ccc(O)c5c4[C@@]1(CCN2CC1CC1)[C@H]3O5,8.8
OPRK1,CHEMBL106758,CCC/N=C(\N)Cc1ccc2[nH]c3c(c2c1)C[C@@]1(O)C2Cc4ccc(O)c5c4[C@@]1(CCN2CC1CC1)[C@H]3O5,8.8
OPRK1,CHEMBL200589,CN(C(=O)[C@H]1CCc2ccccc2O1)[C@H](CN1CC[C@H](O)C1)c1ccccc1,8.8
OPRK1,CHEMBL196967,CCCS(=O)(=O)Nc1ccc2c(c1)CC[C@H](C(=O)N(C)[C@H](CN1CC[C@H](O)C1)c1ccccc1)O2,8.8
OPRK1,CHEMBL271078,COC(=O)[C@@H]1C[C@H](OCOC(C)C)C(=O)[C@H]2[C@@]1(C)CC[C@H]1C(=O)O[C@H](c3ccoc3)C[C@]21C,8.8
OPRK1,CHEMBL503079,O=C(Cc1cccc2ccccc12)N1CCN(c2ccccc2)CC1CN1CCCC1,8.8
OPRK1,CHEMBL521854,O=C(N[C@@H]1CC[C@@]2(O)[C@H]3Cc4ccc(O)c5c4[C@@]2(CCN3CC2CC2)[C@H]1O5)c1cc2ccccc2cn1,8.8
OPRK1,CHEMBL571561,O=C(Nc1ccccc1)Nc1ccc2c(c1)[C@@]13CCCC[C@H]1[C@@H](C2)N(CC1CC1)CC3,8.8
OPRK1,CHEMBL1766027,CCCNc1nc2cc3c(cc2s1)C[C@@H]1[C@@H]2CCCC[C@]32CCN1CC1CC1,8.8
OPRK1,CHEMBL1834410,CO[C@]12CC[C@@]3(C[C@@H]1[C@](C)(O)CC(C)(C)C)[C@H]1Cc4ccc(O)c5c4[C@@]3(CCN1CC1CC1)[C@H]2O5,8.8
OPRK1,CHEMBL2178340,O=C(N[C@@H]1CC[C@@]2(O)[C@H]3Cc4ccc(O)c5c4[C@@]2(CCN3CC2CC2)[C@H]1O5)c1ccnnc1,8.8
OPRK1,CHEMBL2208361,CC(C)Oc1ccc(-c2ccc(CCNC(=O)c3ccc4c(c3)C3(C)CCN(CC5CC5)C(C4)C3C)cc2)cc1,8.8
OPRK1,CHEMBL3409114,Oc1ccc2c(c1)[C@]1(CCCCc3ccccc3)CCN(CC3CC3)C[C@@H]1O2,8.8
OPRK1,CHEMBL3590199,Cc1ccc(S(=O)(=O)N2CCc3cc(C(=O)NCCN(Cc4ccc(Cl)cc4)C(C)(C)C)ccc3C2)cc1,8.8
OPRK1,CHEMBL4113221,COc1ccc2c3c1O[C@H]1[C@@]4(OC)CC[C@@]5(C[C@@H]4COCC(O)CO)[C@@H](C2)N(CC2CC2)CC[C@]315,8.8
OPRK1,CHEMBL4114523,CO[C@]12CC[C@@]3(C[C@@H]1COCc1ccccc1)[C@H]1Cc4ccc(C(=O)O)c5c4[C@@]3(CCN1CC1CC1)[C@H]2O5,8.8
OPRK1,CHEMBL4582146,CCCN1CCN(C(=O)Cc2ccc(Cl)c(Cl)c2)[C@@H]2[C@@H](N3CCCC3)CCC[C@@H]21,8.8
OPRK1,CHEMBL6067840,COc1ccc2c(c1)[C@]13CCN(CC4CC4)[C@H](C2)[C@]12CCC(NC(=O)CCc1ccccc1)(CO2)C3,8.8
OPRK1,CHEMBL610032,N/C(=N/Cc1ccc([N+](=O)[O-])cc1)Nc1ccc2[nH]c3c(c2c1)C[C@@]1(O)[C@H]2Cc4ccc(O)c5c4[C@@]1(CCN2CC1CC1)[C@H]3O5,8.79
OPRK1,CHEMBL2113305,CO[C@@]12CC[C@@]3(C[C@@H]1CNC(=O)/C=C/c1ccccc1Cl)[C@H]1Cc4ccc(O)c5c4[C@@]3(CCN1C)[C@H]2O5,8.79
OPRK1,CHEMBL4108329,CC(C)CCC(=O)N[C@H]1C[C@@]2(O)[C@H]3Cc4ccc(O)cc4[C@@]2(CCN3CC2CC2)CC1=O,8.79
OPRK1,CHEMBL5768232,O=C(N[C@H]1CC[C@@]2(O)[C@H]3Cc4ccc(O)c5c4[C@@]2(CCN3CC2CC2)[C@H]1O5)c1ccc2cc[nH]c2c1,8.79
OPRK1,CHEMBL563988,Cc1ccc(S(=O)(=O)O[C@@H]2CC[C@@]3(O)[C@H]4Cc5ccc(O)c6c5[C@@]3(CCN4CC3CC3)[C@H]2O6)cc1,8.78
OPRK1,CHEMBL1824511,Cl.O=C(CCc1ccncc1)N[C@@H]1CC[C@@]2(O)[C@H]3Cc4ccc(O)c5c4[C@@]2(CCN3CC2CC2)[C@H]1O5,8.78
OPRK1,CHEMBL1852555,O=C(CCc1ccncc1)N[C@@H]1CC[C@@]2(O)[C@H]3Cc4ccc(O)c5c4[C@@]2(CCN3CC2CC2)[C@H]1O5,8.78
OPRK1,CHEMBL148083,C[C@H]1CCC[C@@H](CN2CCCC2)N1C(=O)Cc1ccc(Cl)c(Cl)c1,8.77
OPRK1,CHEMBL114379,Oc1nc2ccccc2n1C1CCN(Cc2cc3c(cc2Cl)OCO3)CC1,8.77
OPRK1,CHEMBL192718,CN(C(=O)Cc1ccc(CCCNS(C)(=O)=O)cc1)[C@H](CN1CC[C@H](O)C1)c1ccccc1,8.77
OPRK1,CHEMBL192998,Cc1ccc(S(=O)(=O)NCc2ccc(CC(=O)N(C)[C@H](CN3CC[C@H](O)C3)c3ccccc3)cc2)cc1,8.77
OPRK1,CHEMBL371685,CN(C(=O)C1CCc2cc(NS(C)(=O)=O)ccc2O1)[C@H](CN1CC[C@H](O)C1)c1ccccc1,8.77
OPRK1,CHEMBL209550,C[C@H]1C2Cc3ccc(C(=O)NCCc4ccccc4)cc3[C@@]1(C)CCN2CC1CC1,8.77
OPRK1,CHEMBL411916,CN(C)c1cccc(C(=O)NC2CC[C@@]3(O)[C@H]4Cc5ccc(O)c6c5[C@@]3(CCN4CC3CC3)[C@H]2O6)c1,8.77
OPRK1,CHEMBL2048768,Oc1ccccc1CNc1ccc2c(c1)[C@@]13CCCC[C@H]1[C@@H](C2)N(CC1CCC1)CC3,8.77
OPRK1,CHEMBL58362,CC[C@@H]1CN2CC[C@]3(Nc4cccc(OC)c4C3=O)[C@@H]2C[C@@H]1/C(=C\OC)C(=O)OC,8.77
OPRK1,CHEMBL4112155,COc1ccc2c3c1O[C@H]1[C@@]4(OC)CC[C@@]5(C[C@@H]4COCc4ccccc4)[C@@H](C2)N(CCC(N)=O)CC[C@]315,8.77
OPRK1,CHEMBL4072972,COC(=O)CN1CCN(C(=O)Cc2ccc(Cl)c(Cl)c2)[C@@H]2[C@@H](N3CCCC3)CCC[C@@H]21,8.77
OPRK1,CHEMBL4540091,CCc1ccc2nc(N3CCC(NCC4CC4)CC3)c(-c3nc(C)no3)cc2c1,8.77
OPRK1,CHEMBL5175717,O=C(Cc1ccccc1)N[C@H]1C[C@]23CCN(CC4CC4)[C@H](Cc4ccc(O)cc42)[C@]32CC[C@@H]1O2,8.77
OPRK1,CHEMBL4595328,O=C(N[C@H]1CC[C@@]2(O)[C@H]3Cc4ccc(O)c5c4[C@@]2(CCN3CC2CC2)[C@H]1O5)c1cccc2cc[nH]c12,8.77
OPRK1,CHEMBL2113308,CO[C@@]12CC[C@@]3(C[C@@H]1CNC(=O)/C=C/c1ccc([N+](=O)[O-])cc1)[C@H]1Cc4ccc(O)c5c4[C@@]3(CCN1C)[C@H]2O5,8.76
OPRK1,CHEMBL3264441,CCOC(=O)C(CN1CC[C@@](C)(c2cccc(O)c2)[C@@H](C)C1)OC(=O)[C@H]1Cc2ccc(O)cc2CN1,8.76
OPRK1,CHEMBL5986430,Cc1ccc(CNC(=O)[C@@H]2C[C@]34CCN(CC5CC5)[C@H](Cc5ccc(O)cc53)[C@]4(O)C2)cc1,8.76
OPRK1,CHEMBL5929499,O=C(NCc1ccc(O)cc1O)[C@@H]1C[C@]23CCN(CC4CC4)[C@H](Cc4ccc(O)cc42)[C@]3(O)C1,8.76
OPRK1,CHEMBL2113311,CO[C@@]12CC[C@@]3(C[C@@H]1CNC/C=C/c1ccccc1)[C@H]1Cc4ccc(O)c5c4[C@@]3(CCN1C)[C@H]2O5,8.75
OPRK1,CHEMBL238316,NC(=O)c1ccc(Oc2ccc(CNCc3ccccc3)cc2)nc1,8.75
OPRK1,CHEMBL4107210,CO[C@]12CC[C@@]3(C[C@@H]1COCc1ccccc1)[C@H]1Cc4ccc(C#N)c5c4[C@@]3(CCN1C)[C@H]2O5,8.75
OPRK1,CHEMBL1256750,CN(C(=O)Cc1ccc(Cl)c(Cl)c1)C(CN1CCCC1)c1cccc(OCC(=O)O)c1.Cl,8.75
OPRK1,CHEMBL2112473,CC(C)[C@@H](CN1CC[C@@](C)(c2cccc(O)c2)[C@@H](C)C1)NC[C@H]1Cc2ccc(O)cc2CN1,8.74
OPRK1,CHEMBL370272,CCC(=O)O[C@H]1C[C@@H](C(=O)OC)[C@]2(C)CC[C@H]3C(=O)O[C@H](c4ccoc4)C[C@]3(C)[C@H]2C1=O,8.74
OPRK1,CHEMBL49143,Nc1ccc2c(c1)[C@@]13CCCC[C@H]1[C@@H](C2)N(CC1CCC1)CC3,8.74
OPRK1,CHEMBL611400,COc1ccc2c3c1O[C@H]1C(=O)CC[C@@]4(NC(=O)/C=C/c5ccccc5C)[C@@H](C2)N(CC2CC2)CC[C@]314,8.74
OPRK1,CHEMBL377789,C[C@H]1C2Cc3ccc(C(=O)NCCc4ccc(-c5ccccc5)cc4)cc3[C@@]1(C)CCN2CC1CC1,8.74
OPRK1,CHEMBL2113304,CO[C@@]12CC[C@@]3(C[C@@H]1CNC(=O)/C=C/c1ccccc1C)[C@H]1Cc4ccc(O)c5c4[C@@]3(CCN1C)[C@H]2O5,8.74
OPRK1,CHEMBL523382,O=C(N[C@H]1CC[C@@]2(O)[C@H]3Cc4ccc(O)c5c4[C@@]2(CCN3CC2CC2)[C@H]1O5)c1cnc2ccccc2c1,8.74
OPRK1,CHEMBL1818234,O=S(=O)(c1ccccc1-c1ccc(CN2C[C@@H]3CCC[C@H]2C3)cc1)N1CCCC1,8.74
OPRK1,CHEMBL2179652,Oc1ccc2c3c1O[C@H]1c4ncc(-c5ccc(Cl)cc5)cc4C[C@@]4(OCCCc5ccccc5)[C@@H](C2)N(CC2CC2)CC[C@]314,8.74
OPRK1,CHEMBL2208363,CC(C)Oc1ccccc1-c1ccc(CCNC(=O)c2ccc3c(c2)C2(C)CCN(CC4CC4)C(C3)C2C)cc1,8.74
OPRK1,CHEMBL2347235,C[C@H]1C2Cc3ccc(C(=O)NCCc4ccc(-c5ccncc5)cc4)cc3[C@@]1(C)CCN2CC1CC1,8.74
OPRK1,CHEMBL4074031,CS(=O)(=O)N1CCN(C(=O)Cc2ccc(Cl)c(Cl)c2)[C@@H]2[C@@H](N3CC[C@H](O)C3)CCC[C@@H]21,8.74
OPRK1,CHEMBL4577693,CN1/C(=C/C=C/C=C/C2=[N+](CCCCCC(=O)NCC(=O)NCC(=O)NCC(=O)NCC(=O)NCCCNC(=N)Nc3ccc4[nH]c5c(c4c3)C[C@@]3(O)[C@H]4Cc6ccc(O)c7c6[C@@]3(CCN4CC3CC3)[C@H]5O7)c3ccc(S(=O)(=O)[O-])cc3C2(C)C)C(C)(C)c2cc(S(=O)(=O)O)ccc21,8.74
OPRK1,CHEMBL5589843,N[C@@]12CCC(=O)C3Oc4c(O)ccc5c4[C@@]31CCN(CC1CC1)C2C5,8.74
OPRK1,CHEMBL556964,CO[C@]12CC[C@@]3(C[C@@H]1[C@@](C)(O)C1CCC1)C1Cc4ccc(O)c5c4[C@@]3(CCN1CC1CC1)[C@H]2O5.Cl,8.73
OPRK1,CHEMBL384497,COc1ccc2c3c1O[C@H]1C(=O)CC[C@@]4(NCCCc5ccc(Cl)cc5)[C@@H](C2)N(CC2CC2)CC[C@]314,8.73
OPRK1,CHEMBL2113307,CO[C@@]12CC[C@@]3(C[C@@H]1CNC(=O)/C=C/c1ccc(Cl)cc1)[C@H]1Cc4ccc(O)c5c4[C@@]3(CCN1C)[C@H]2O5,8.73
OPRK1,CHEMBL3809310,C=CC[N+]1(CC2c3ccccc3CCN2C(=O)C2CC(=O)c3ccc(Cl)cc32)CCCC1.[Br-],8.73
OPRK1,CHEMBL4084291,Cl.Oc1ccc(CCN(CCc2cccc(O)c2)CC2CCCCC2)cc1,8.73
OPRK1,CHEMBL363718,CN(C(=O)Cc1ccc2c(c1)CN(S(C)(=O)=O)C2)[C@H](CN1CCCC1)c1ccccc1,8.72
OPRK1,CHEMBL390912,O=c1[nH]c2cc3c(cc2o1)[C@@]12CCCC[C@H]1[C@@H](C3)N(CC1CCC1)CC2,8.72
OPRK1,CHEMBL428055,C[C@H]1C2Cc3ccc(C(=O)NCCCc4cccc5ccccc45)cc3[C@@]1(C)CCN2CC1CC1,8.72
OPRK1,CHEMBL271077,COC(=O)[C@@H]1C[C@H](OCOCCF)C(=O)[C@H]2[C@@]1(C)CC[C@H]1C(=O)O[C@H](c3ccoc3)C[C@]21C,8.72
OPRK1,CHEMBL2048769,Oc1cccc(CNc2ccc3c(c2)[C@@]24CCCC[C@H]2[C@@H](C3)N(CC2CCC2)CC4)c1,8.72
OPRK1,CHEMBL3086303,COc1ccc2c(c1)[C@]13CCN(CC4CC4)[C@H](C2)[C@@H]1Cc1sc(N)nc1C3,8.72
OPRK1,CHEMBL5283510,CC[C@H](C)[C@H](NC(=O)[C@H](CCC(N)=O)NC(=O)[C@H](CCCNC(=N)N)NC(=O)[C@H](CCCNC(=N)N)NC(=O)[C@@H]1CCC(=O)N1)C(=O)N[C@H]1CSSC[C@@H](C(N)=O)NC1=O,8.72
OPRK1,CHEMBL5611918,COc1cccc([C@@]2(O)CC[C@H](N(Cc3ccccc3)S(=O)(=O)c3cccc(Cl)c3)C[C@@H]2CN(C)C)c1.Cl,8.72
OPRK1,CHEMBL5778088,COC1CN(c2nc3ccc(C)cc3cc2-c2nc(C)no2)CCC1NC1CCOCC1,8.72
OPRK1,CHEMBL6165946,c1ccc(CCN(CCc2cccc3[nH]nnc23)CC2CCC2)cc1,8.72
OPRK1,CHEMBL5965220,O=C(N[C@@H]1CC[C@@]2(O)[C@H]3Cc4ccc(O)c5c4[C@@]2(CCN3C2CC2)C1O5)c1cccc2[nH]ccc12,8.71
OPRK1,CHEMBL117379,CCCN1CC[C@]2(C)c3cc(O)ccc3CC1[C@@H]2C,8.7
OPRK1,CHEMBL1169585,CCC[C@@](C)(O)[C@@H]1CC23C=C[C@]1(OC)[C@H]1Oc4c(O)ccc5c4C12CCN(C)C3C5,8.7
OPRK1,CHEMBL179627,COc1ccccc1C(=O)NCC(=O)N(C)[C@H](CN1CC[C@@H](O)C1)c1ccccc1,8.7
OPRK1,CHEMBL188063,O=C1C(c2ccc(Cl)cc2)CC=CCN1C(CN1CCCC1)c1ccccc1,8.7
OPRK1,CHEMBL58033,CN(C(=O)Cc1ccc(Cl)c(Cl)c1)[C@H]1CCCC[C@@H]1N1CCCC1,8.7
OPRK1,CHEMBL503080,O=C(Cc1csc2ccc(Cl)cc12)N1CCN(c2ccccc2)CC1CN1CCCC1,8.7
OPRK1,CHEMBL3275494,C[C@H]1C2Cc3ccc(O)cc3[C@@]1(C)CCN2CCc1ccccc1,8.7
OPRK1,CHEMBL2381584,COC(=O)CC(=O)O[C@H]1C[C@@H](C(=O)OC)[C@]2(C)CC[C@H]3C(=O)O[C@H](c4ccoc4)C[C@]3(C)[C@H]2C1=O,8.7
OPRK1,CHEMBL3309507,CN1CC[C@]23c4c5ccc(O)c4O[C@H]2C2=C(CCC(=O)N2Cc2ccccc2)C[C@@]3(O)[C@H]1C5,8.7
OPRK1,CHEMBL3394005,O=C(Nc1nc2ccccc2n1CCN1CCCC1)c1cc2ccccc2[nH]1,8.7
OPRK1,CHEMBL3634516,COC(=O)N1CCN(C(=O)Cc2ccc(Cl)c(Cl)c2)[C@@H]2[C@@H](N3CCCC3)CCC[C@@H]21,8.7
OPRK1,CHEMBL4467644,CCN1CCN(C(=O)Cc2ccc(Cl)c(Cl)c2)[C@H]2[C@@H]1CCC[C@@H]2N1CCCC1,8.7
OPRK1,CHEMBL4440935,Cc1ccc2nc(N3CCC(NC4CCOCC4)CC3)c(-c3nc(C)no3)cc2c1,8.7
OPRK1,CHEMBL4636159,COc1ccc(-c2cnc3c(c2)C[C@@]2(OCCCc4ccccc4)[C@H]4Cc5ccc(O)c6c5[C@@]2(CCN4CC2CC2)[C@H]3O6)cc1,8.7
OPRK1,CHEMBL5414016,O=C(O[C@@H]1[C@@H]2[C@H]3C[C@@H](C[C@H]2C(=O)O[C@H]1c1ccoc1)OC3=O)c1ccccc1,8.7
OPRK1,CHEMBL5931559,CO[C@H]1CN(c2nc3ccccc3cc2-c2nc(C)no2)CC[C@H]1NC1CCCCC1,8.7
OPRK1,CHEMBL5857721,CCc1noc(-c2cc3cc(C)ccc3nc2N2CC[C@@H](NC3CCCCC3)[C@@H](OC)C2)n1,8.7
OPRK1,CHEMBL6027916,COC1CN(c2nc3ccc(C)cc3cc2-c2noc(C)n2)CCC1NC1CCCCC1,8.7
OPRK1,CHEMBL5872691,Cc1ccc2nc(N3CCC(NC4CCCCCC4)CC3)c(-c3nc(C)no3)cc2c1,8.7
OPRK1,CHEMBL5910471,Cc1ccc2nc(N3CCC(NC4CCCC4)CC3)c(-c3nc(C)no3)cc2c1,8.7
OPRK1,CHEMBL5873079,Cc1ccc2nc(N3CCC(NC4CCCOC4)CC3)c(-c3noc(C)n3)cc2c1,8.7
OPRK1,CHEMBL272181,O=C(C[C@@H]1O[C@H](CO)[C@@H](O)[C@H](O)[C@H]1O)N[C@H]1CC[C@@]2(O)[C@H]3Cc4ccc(O)c5c4[C@@]2(CCN3CC2CC2)[C@H]1O5,8.69
OPRK1,CHEMBL115222,CNC(=O)CN1CN(c2ccccc2)C2(CCN(Cc3cc4c(cc3Cl)OCO4)CC2)C1=O,8.68
OPRK1,CHEMBL431060,COc1ccc(CNC(=O)c2ccc3[nH]c4c(c3c2)C[C@@]2(O)C3Cc5ccc(O)c6c5[C@@]2(CCN3CC2CC2)[C@H]4O6)cc1,8.68
OPRK1,CHEMBL517567,CO[C@@]12CC[C@@]3(C[C@@H]1[C@@](C)(O)C(C)(C)C)[C@H]1Cc4ccc(C(N)=O)c5c4[C@@]3(CCN1CC1CC1)[C@H]2O5,8.68
OPRK1,CHEMBL518083,C=C1CC[C@@]2(O)[C@H]3Cc4ccc(C(N)=O)c5c4[C@@]2(CCN3CC2CC2)[C@H]1O5,8.68
OPRK1,CHEMBL1766030,c1ccc(CNc2nc3cc4c(cc3s2)C[C@@H]2[C@@H]3CCCC[C@]43CCN2CC2CC2)cc1,8.68
OPRK1,CHEMBL3262093,CO[C@]12C=C[C@@]3(C[C@@H]1[C@H](O)c1ccccc1)[C@H]1Cc4ccc(O)c5c4[C@@]3(CCN1CC1CC1)[C@H]2O5,8.68
OPRK1,CHEMBL4073963,CC(C)CCN(CCc1cccc(O)c1)CCc1cccc(O)c1.Cl,8.68
OPRK1,CHEMBL4242847,COc1cccc(C(O)[C@@]2(C)C[C@@]34CC[C@]2(OC)[C@@H]2Oc5c(OC)ccc6c5[C@@]23CCN(CC2CC2)[C@@H]4C6)c1,8.68
OPRK1,CHEMBL4443303,CCc1cc(F)c2nc(N3CCC(N[C@H]4CCCOC4)CC3)c(-c3nc(C)no3)cc2c1,8.68
OPRK1,CHEMBL5177908,COc1ccc2c3c1O[C@H]1[C@@]4(OC)CC[C@@]5(C[C@@]4(C)CO)[C@@H](C2)N(CC2CC2)CC[C@]315,8.68
OPRK1,CHEMBL5276129,N=C(N)NCCC[C@@H](NC(=O)Cc1cccc(Cl)c1)C(=O)N[C@H](CCCNC(=N)N)C(=O)N[C@@H](CCC(N)=O)C(=O)N[C@@H](CC1CCCCC1)C(=O)N[C@H]1CSSC[C@@H](C(N)=O)NC1=O,8.68
OPRK1,CHEMBL6151572,c1ccc(CCN(CCc2cccc3[nH]cnc23)CC2CCC2)cc1,8.68
OPRK1,CHEMBL610033,N/C(=N\CCc1ccc2[nH]c3c(c2c1)C[C@@]1(O)[C@H]2Cc4ccc(O)c5c4[C@@]1(CCN2CC1CC1)[C@H]3O5)NCc1ccc([N+](=O)[O-])cc1,8.67
OPRK1,CHEMBL1255661,Cl.Oc1ccc2c3c1O[C@H]1c4[nH]c5c(c4C[C@@]4(O)[C@@H](C2)N(CC2CC2)CC[C@]314)C[C@@]1(O)[C@H]2Cc3ccc(O)c4c3[C@@]1(CCN2CC1CC1)[C@H]5O4,8.67
OPRK1,CHEMBL6195930,CN1CC[C@]2(C)c3cc(O)ccc3C[C@@H]1[C@H]2N(C)CC1CCN(CC(C)(C)O)CC1,8.67
OPRK1,CHEMBL6045297,O=C1C=C2C[C@@]3(O)[C@H]4Cc5ccc(O)cc5[C@@]3(CCN4CC3CC3)CC2N1,8.67
OPRK1,CHEMBL108083,O=C(NCCc1ccccc1)c1ccc2[nH]c3c(c2c1)C[C@@]1(O)C2Cc4ccc(O)c5c4[C@@]1(CCN2CC1CC1)[C@H]3O5,8.66
OPRK1,CHEMBL895,Oc1ccc2c3c1O[C@H]1[C@@H](O)CC[C@@]4(O)[C@@H](C2)N(CC2CCC2)CC[C@]314,8.66
OPRK1,CHEMBL293619,O=c1c(-c2cccc([N+](=O)[O-])c2)cccn1C(CN1CCCC1)c1ccccc1,8.66
OPRK1,CHEMBL195787,O=C1CC[C@@]2(O)[C@H]3Cc4ccc(O)c(O)c4[C@@]2(CCN3CC2CC2)C1,8.66
OPRK1,CHEMBL226167,CN1CC[C@]23Cc4nc(N)sc4C[C@H]2[C@H]1Cc1ccc(O)cc13,8.66
OPRK1,CHEMBL401278,C[C@H]1C2Cc3ccc(C(=O)NCCc4cccc(-c5ccccc5)c4)cc3[C@@]1(C)CCN2CC1CC1,8.66
OPRK1,CHEMBL258285,CCCOCO[C@H]1C[C@@H](C(=O)OC)[C@]2(C)CC[C@H]3C(=O)O[C@H](c4ccoc4)C[C@]3(C)[C@H]2C1=O,8.66
OPRK1,CHEMBL560,CC(C)=CCN1CC[C@@]2(C)c3cc(O)ccc3C[C@@H]1[C@@H]2C,8.66
OPRK1,CHEMBL575031,CC(CCCCC(C)C(=O)Oc1ccc2c(c1)[C@@]13CCCC[C@H]1[C@@H](C2)N(CC1CCC1)CC3)C(=O)Oc1ccc2c(c1)[C@@]13CCCC[C@H]1[C@@H](C2)N(CC1CCC1)CC3,8.66
OPRK1,CHEMBL1818330,COC1CCN(Cc2ccc(-c3ccccc3S(=O)(=O)N3CCCC3)cc2)CC1,8.66
OPRK1,CHEMBL2048760,COc1ccccc1CNc1ccc2c(c1)[C@@]13CCCC[C@H]1[C@@H](C2)N(CC1CCC1)CC3,8.66
OPRK1,CHEMBL2347236,C[C@H]1C2Cc3ccc(C(=O)NCCc4ccc(-c5cccnc5)cc4)cc3[C@@]1(C)CCN2CC1CC1,8.66
OPRK1,CHEMBL3634515,COC(=O)N1CCN(C(=O)Cc2ccc(Cl)c(Cl)c2)[C@H]2[C@H](N3CCCC3)CCC[C@H]21,8.66
OPRK1,CHEMBL4061582,COC(=O)N1CCN(C(=O)Cc2ccc(F)c(Cl)c2)[C@@H]2[C@@H](N3CC[C@H](O)C3)CCC[C@@H]21,8.66
OPRK1,CHEMBL4094571,CN(C)S(=O)(=O)N1CCN(C(=O)Cc2ccc(Cl)c(Cl)c2)[C@@H]2[C@@H](N3CCCC3)CCC[C@@H]21,8.66
OPRK1,CHEMBL4065923,CC[C@]12CCN(CC3CC3)[C@H](C(=O)c3ccc(O)cc31)[C@H]2C,8.66
OPRK1,CHEMBL4471169,Cc1ccc2nc(N3CCC(NCC4CC4)CC3)c(-c3nc(C)no3)cc2c1,8.66
OPRK1,CHEMBL4467875,Cc1cc(O)cc(C)c1C[C@H](N)C(=O)N[C@@H]1CCNc2ccc(CN3CCc4ccccc4C3)cc21.O=C(O)C(F)(F)F,8.66
OPRK1,CHEMBL100116,CC(C)=CCN1CCC2(C)c3cc(O)ccc3CC1C2C,8.66
OPRK1,CHEMBL5279518,N=C(N)NCCC[C@@H](NC(=O)[C@@H](CCCNC(=N)N)NC(=O)[C@@H]1CCCN1C(=O)c1ccc([N+](=O)[O-])cc1)C(=O)N[C@@H](CCC(N)=O)C(=O)N[C@@H](CS)C(=O)N[C@@H](CC1CCCCC1)C(=O)N[C@H]1CSSC[C@@H](C(N)=O)NC1=O,8.66
OPRK1,CHEMBL361199,CN(C(=O)CNC(=O)c1ccc(Cl)c(Cl)c1)[C@H](CN1CCCC1)c1ccccc1,8.65
OPRK1,CHEMBL2315358,CN(CCC[C@]1(O)[C@H]2CCN(CCF)[C@@H]1Cc1ccc(O)c(O)c12)C(=O)/C=C/c1ccoc1.Cl,8.65
OPRK1,CHEMBL3580748,Cc1cc(O)cc(C)c1C[C@H](N)C(=O)N[C@@H]1CCCCNC(=O)C[C@@H](C(N)=O)NC(=O)[C@H](Cc2ccc(F)cc2)NC(=O)[C@H](Cc2ccccc2)NC1=O,8.65
OPRK1,CHEMBL5932201,CC(C)CNC(=O)[C@H]1C[C@]23CCN(CC4CC4)[C@H](Cc4ccc(O)cc42)[C@]3(O)C1,8.65
OPRK1,CHEMBL293465,CC(C)C[C@H](NC(=O)[C@H](Cc1ccccc1)NC(=O)CNC(=O)CNC(=O)[C@@H](N)Cc1ccc(O)cc1)C(=O)N[C@@H](CCCN=C(N)N)C(=O)N[C@@H](CCCN=C(N)N)C(=O)O,8.64
OPRK1,CHEMBL61212,O=c1c(-c2ccc(Cl)c(Cl)c2)cccn1C(CN1CCCC1)c1ccccc1,8.64
OPRK1,CHEMBL266035,CN[C@@H](Cc1ccc(O)cc1)C(=O)NCC(=O)NCC(=O)N[C@H](Cc1ccccc1)C(=O)N[C@@H](CC(C)C)C(=O)N[C@@H](CCCN=C(N)N)C(=O)N(C)[C@@H](CCCN=C(N)N)C(=O)N[C@@H](CC(C)C)C(N)=O,8.64
OPRK1,CHEMBL592,CN1CC[C@]23CCCC[C@H]2[C@H]1Cc1ccc(O)cc13,8.64
OPRK1,CHEMBL14969,O=c1c(-c2ccc(Cl)cc2Cl)cccn1C(CN1CCCC1)c1ccccc1,8.64
OPRK1,CHEMBL54735,Oc1nc2ccccc2n1[C@@H]1CCN2[C@H](CCC[C@H]2C2CCCCC2)C1,8.64
OPRK1,CHEMBL365216,COC(=O)[C@@H]1C[C@H](OS(C)(=O)=O)C(=O)[C@H]2[C@@]1(C)CC[C@H]1C(=O)O[C@H](c3ccoc3)C[C@]21C,8.64
OPRK1,CHEMBL607017,COc1ccc2c3c1O[C@H]1C(=O)CC[C@@]4(NC(=O)/C=C/c5ccccc5C)[C@@H](C2)N(C)CC[C@]314,8.64
OPRK1,CHEMBL386883,COC(=O)[C@@H]1C[C@@H](NC(C)C)C(=O)[C@H]2[C@@]1(C)CC[C@H]1C(=O)O[C@H](c3ccoc3)C[C@]21C,8.64
OPRK1,CHEMBL373707,C[C@H]1CN2C[C@H](c3ccccc3)NC[C@H]2C[C@@]1(C)c1cccc(C(N)=O)c1,8.64
OPRK1,CHEMBL428038,CNC(=O)Nc1ccc2c(c1)[C@@]13CCCC[C@H]1[C@@H](C2)N(CC1CC1)CC3,8.64
OPRK1,CHEMBL471048,CN1CC[C@]23CC(=O)CC[C@H]2[C@H]1Cc1ccc(C(N)=O)c(O)c13,8.64
OPRK1,CHEMBL2048770,Oc1ccc(CNc2ccc3c(c2)[C@@]24CCCC[C@H]2[C@@H](C3)N(CC2CCC2)CC4)cc1,8.64
OPRK1,CHEMBL3359288,COC(=O)[C@@H]1C[C@H](OC(C)=O)C(=O)[C@H]2[C@@]1(C)CC[C@H]1C(=O)O[C@H](c3ccoc3-c3ccc(C)cc3)C[C@]21C,8.64
OPRK1,CHEMBL3326224,CN(C)[C@]1(c2ccccc2)CC[C@]2(CC1)OCCc1c3ccccc3[nH]c12.Cl,8.64
OPRK1,CHEMBL3597084,CC(C)C[C@H](NC(=O)[C@H](CO[C@@H]1O[C@H](CO)[C@@H](O)[C@H](O)[C@H]1O)NC(=O)[C@H](CCCCN)NC(=O)[C@H](CC(C)C)NC(=O)[C@H](C)NC(=O)[C@H](CCCCN)NC(=O)[C@H](CCC(=O)O)NC(=O)C(C)(C)NC(=O)[C@H](CC(C)C)NC(=O)[C@H](CC(N)=O)NC(=O)[C@@H]1CCCN1C(=O)[C@H](CC(C)C)NC(=O)[C@H](Cc1ccccc1)NC(=O)CNC(=O)[C@@H](NC(=O)[C@@H](N)Cc1ccc(O)cc1)[C@@H](C)O)C(N)=O,8.64
OPRK1,CHEMBL4110263,O=C(N[C@H]1C[C@@]2(O)[C@H]3Cc4ccc(O)cc4[C@@]2(CCN3CC2CC2)CC1=O)C1CCCCC1,8.64
OPRK1,CHEMBL4566736,CCc1cc(F)c2nc(N3CCC(N[C@@H]4CCOC4)CC3)c(-c3nc(C)no3)cc2c1,8.64
OPRK1,CHEMBL3959791,COc1ccc2c3c1O[C@H]1[C@@]4(OC)CC[C@@]5(C[C@@H]4COCc4ccncc4)[C@@H](C2)N(C)CC[C@]315,8.64
OPRK1,CHEMBL6162000,COc1ccc2c3c1O[C@H]1[C@@]4(OC)C=C[C@@]5(C[C@@H]4C(=O)c4cccc(N)c4)[C@@H](C2)N(CC2CC2)CC[C@]315,8.64
OPRK1,CHEMBL1627325,CSCC[C@H](NC(=O)CNC(=O)[C@@H](NC(=O)CNC(=O)[C@@H](NC(=O)[C@H](NC(=O)[C@H](CC(N)=O)NC(=O)[C@H](CCCNC(=N)N)NC(=O)[C@H](Cc1ccccc1)NC(=O)[C@@H](N)CO)C(C)(C)C)C(C)C)[C@@H](C)O)C(=O)N[C@@H](CCCCN)C(=O)N[C@@H](CCCCN)C(=O)N[C@H](C(=O)N[C@@H](CO)C(=O)N[C@@H](Cc1ccccc1)C(=O)N[C@@H](CCC(N)=O)C(=O)N[C@@H](CCCNC(=N)N)C(=O)N[C@@H](C)C(=O)N[C@@H](CCCCN)C(=O)N[C@@H](CO)C(=O)O)[C@@H](C)O,8.63
OPRK1,CHEMBL1927270,NC(=O)[C@@H]1CC(=O)NCCCC[C@@H](NC(=O)[C@@H](N)Cc2ccc(O)cc2)C(=O)N[C@@H](Cc2ccccc2)C(=O)N[C@@H](Cc2ccccc2)C(=O)N1,8.63
OPRK1,CHEMBL5170301,O=C(CCc1ccccc1)N[C@H]1C[C@]23CCN(CC4CC4)[C@H](Cc4ccc(O)cc42)[C@]32CC[C@@H]1O2,8.63
OPRK1,CHEMBL413729,CC[C@H](C)[C@H](NC(=O)[C@H](CCCN=C(N)N)NC(=O)[C@H](CCCN=C(N)N)NC(=O)[C@H](CC(C)C)NC(=O)[C@H](Cc1ccccc1)NC(=O)[C@@H]1CCCN1C(=O)CNC(=O)[C@@H](N)Cc1ccc(O)cc1)C(=O)N[C@@H](CCCN=C(N)N)C(=O)N1CCC[C@@H]1C(=O)N[C@@H](CCCCN)C(N)=O,8.62
OPRK1,CHEMBL169552,CO[C@@]12CCC3(C[C@H]1[C@@](C)(O)C(C)(C)C)[C@H]1Cc4ccc(O)c5c4C3(CCN1C)[C@H]2O5,8.62
OPRK1,CHEMBL294174,O=c1c(-c2cccc(Cl)c2)cccn1C(CN1CCCC1)c1ccccc1,8.62
OPRK1,CHEMBL610799,CCCN/C(=N\CC1CC1)Nc1ccc2[nH]c3c(c2c1)C[C@@]1(O)[C@H]2Cc4ccc(O)c5c4[C@@]1(CCN2CC1CC1)[C@H]3O5,8.62
OPRK1,CHEMBL610041,N/C(=N\CCc1ccc2[nH]c3c(c2c1)C[C@@]1(O)[C@H]2Cc4ccc(O)c5c4[C@@]1(CCN2CC1CC1)[C@H]3O5)NCc1ccc(Cl)cc1,8.62
OPRK1,CHEMBL380991,CN(C(=O)[C@@H]1Cc2ccccc2O1)[C@H](CN1CC[C@H](O)C1)c1ccccc1,8.62
OPRK1,CHEMBL611402,O=C(/C=C/c1ccccc1Cl)N[C@@]12CCC(=O)[C@@H]3Oc4c(O)ccc5c4[C@@]31CCN(CC1CC1)[C@@H]2C5,8.62
OPRK1,CHEMBL212647,COC(=O)[C@@H]1C[C@H](N(C)C(C)=O)C(=O)[C@H]2[C@@]1(C)CC[C@H]1C(=O)O[C@H](c3ccoc3)C[C@]21C,8.62
OPRK1,CHEMBL218520,C[C@H]1CN2C[C@H](c3ccccc3)N(C)C[C@H]2C[C@@]1(C)c1cccc(O)c1,8.62
OPRK1,CHEMBL251161,C[C@H]1C2Cc3ccc(C(=O)NCCc4cccc5ccccc45)cc3[C@@]1(C)CCN2CC1CC1,8.62
OPRK1,CHEMBL399465,C[C@H]1C2Cc3ccc(C(=O)NCCc4ccccc4-c4ccccc4)cc3[C@@]1(C)CCN2CC1CC1,8.62
OPRK1,CHEMBL411738,COc1cc(OC)cc(C(=O)N[C@H]2CC[C@@]3(O)[C@H]4Cc5ccc(O)c6c5[C@@]3(CCN4CC3CC3)[C@H]2O6)c1,8.62
OPRK1,CHEMBL1766039,CNc1nc2cc3c(cc2s1)C[C@@H]1[C@@H]2CCCC[C@]32CCN1CC1CCC1,8.62
OPRK1,CHEMBL2208362,CC(C)Oc1cccc(-c2ccc(CCNC(=O)c3ccc4c(c3)C3(C)CCN(CC5CC5)C(C4)C3C)cc2)c1,8.62
OPRK1,CHEMBL2409222,CC(C)C[C@H](NC(=O)[C@H](Cc1ccccc1)NC(=O)CNC(=O)CNC(=O)[C@@H](N)Cc1ccc(O)cc1)C(=O)N[C@@H](CCCNC(=N)N)C(=O)N[C@@H](CCCCN)C(=O)N[C@@H](Cc1ccc(O)cc1)C(=O)N1CCC[C@H]1C(=O)N[C@@H](CCCCN)C(=O)O,8.62
OPRK1,CHEMBL3264748,O=C1[C@H]2O[C@@]34CC[C@@]5(OCOc6c(O)ccc7c6[C@@]3(CCN(CC3CC3)[C@@H]4C7)[C@H]25)N1CCc1ccccc1,8.62
OPRK1,CHEMBL4458783,Cc1ccc(CSc2nnc(-c3ccccn3)n2Cc2ccco2)cc1C(F)(F)F,8.62
OPRK1,CHEMBL4525666,CCc1cc(F)c2nc(N3CCC(N[C@H]4CCOC4)CC3)c(-c3nc(C)no3)cc2c1,8.62
OPRK1,CHEMBL5288155,N=C(N)NCCC[C@@H](NC(=O)[C@@H]1Cc2ccccc2CN1)C(=O)N[C@H](CCCNC(=N)N)C(=O)N[C@@H](CCC(N)=O)C(=O)N[C@@H](CC1CCCCC1)C(=O)N[C@H]1C[Se][Se]C[C@@H](C(N)=O)NC1=O,8.62
OPRK1,CHEMBL4108301,COc1ccc2c3c1O[C@H]1[C@@]4(OC)CC[C@@]5(C[C@@H]4CSc4nncs4)[C@@H](C2)N(CC2CC2)CC[C@]315,8.61
OPRK1,CHEMBL4067629,Oc1ccc2c(c1)C13CCN(CC4CC4)C(C2)C12CCC1C3[C@@H](CN1c1ccccc1)C2,8.61
OPRK1,CHEMBL607016,COc1ccc2c3c1O[C@H]1C(=O)CC[C@@]4(NC(=O)/C=C/c5ccccc5Cl)[C@@H](C2)N(C)CC[C@]314,8.6
OPRK1,CHEMBL222597,Oc1ccc2c3c1O[C@H]1c4c(c5c(n4CC4CC4)CCCC5)C[C@@]4(O)C(C2)N(CC2CC2)CC[C@]314,8.6
OPRK1,CHEMBL583066,NC(=O)[C@@H]1CSCSC[C@@H](NC(=O)[C@@H](N)Cc2ccc(O)cc2)C(=O)N[C@@H](Cc2ccccc2)C(=O)N[C@@H](Cc2ccccc2)C(=O)N1,8.6
OPRK1,CHEMBL1818334,CC(C)C[C@]1(c2cccc(O)c2)CCN(CC2CC2)C1,8.6
OPRK1,CHEMBL1941031,CCOCO[C@H]1C[C@@H](C(=O)OC)[C@]2(C)CC[C@H]3C(=O)O[C@@H](c4ccoc4)C[C@]3(C)[C@H]2C1=O,8.6
OPRK1,CHEMBL3695678,O=C(O)CN1CC[C@]23CCN(CC4CC4)[C@H](Cc4ccc(O)cc42)[C@@H]3C1,8.6
OPRK1,CHEMBL4106985,CO[C@]12CC[C@@]3(C[C@@H]1COCc1cc4ccccc4s1)[C@H]1Cc4ccc(OCCO)c5c4[C@@]3(CCN1CC1CC1)[C@H]2O5,8.6
OPRK1,CHEMBL5402380,C#Cc1occc1[C@@H]1C[C@@]2(C)[C@@H](CC[C@@]3(C)[C@H](C(=O)OC)C[C@H](OC(C)=O)C(=O)[C@@]32C)C(=O)O1,8.6
OPRK1,CHEMBL5905200,COC1CN(c2nc3ccccc3cc2-c2nc(C)no2)CCC1NC1CCCC1,8.6
OPRK1,CHEMBL6195806,CCOP(=O)(/C=C/c1nc2c(n([C@H]3C[C@H]4CCC[C@@H](C3)N4[C@H]3C[C@@H]4C[C@@H](C)C[C@@H](C4)C3)c1=O)=CCC=2)OCC,8.6
OPRK1,CHEMBL5748171,NC(=O)[C@H]1C[C@]23CCN(CC4CC4)[C@H](Cc4ccc(O)cc42)[C@]3(O)C1,8.6
OPRK1,CHEMBL412325,CCNC(=O)[C@H](CC(C)C)NC(=O)[C@H](CCCN=C(N)N)N(C)C(=O)[C@H](CCCN=C(N)N)NC(=O)[C@H](CC(C)C)NC(=O)[C@@H](Cc1ccccc1)NC(=O)CNC(=O)CNC(=O)[C@H](Cc1ccc(O)cc1)NC,8.59
OPRK1,CHEMBL363983,O=C1C(Oc2ccc(Cl)c(Cl)c2)CC=CCN1C(CN1CCCC1)c1ccccc1,8.59
OPRK1,CHEMBL197070,COC(=O)NCc1ccc2c(c1)CC[C@H](C(=O)N(C)[C@H](CN1CC[C@H](O)C1)c1ccccc1)O2,8.59
OPRK1,CHEMBL277530,COc1ccc2c3c1O[C@H]1C(=O)CC[C@@]4(NC(=O)Cc5ccc(Cl)cc5)[C@@H](C2)N(CC2CC2)CC[C@]314,8.59
OPRK1,CHEMBL1818332,CC1(CNCc2ccc(-c3ccccc3S(=O)(=O)N3CCCC3)cc2)COC1,8.59
OPRK1,CHEMBL2347238,C[C@H]1C2Cc3ccc(C(=O)NCCc4ccc(-c5ccccc5)nc4)cc3[C@@]1(C)CCN2CC1CC1,8.59
OPRK1,CHEMBL2347237,C[C@H]1C2Cc3ccc(C(=O)NCCc4ccc(-c5ccccn5)cc4)cc3[C@@]1(C)CCN2CC1CC1,8.59
OPRK1,CHEMBL3325957,CN(C)[C@]1(c2ccccc2)CC[C@]2(CC1)OCCc1c3cc(F)ccc3[nH]c12.O=C(O)CC(O)(CC(=O)O)C(=O)O,8.59
OPRK1,CHEMBL4111124,COCCOCCOCCOc1ccc2c3c1O[C@H]1[C@@]4(OC)CC[C@@]5(C[C@@H]4COCc4ccccc4)[C@@H](C2)N(CC2CC2)CC[C@]315,8.59
OPRK1,CHEMBL3930729,CCOC(=O)CC[C@H]1[C@H](COCc2ccccc2)[C@@]23CC[C@]1(OC)[C@@H]1Oc4c(OC)ccc5c4[C@@]12CCN(CC1CC1)[C@@H]3C5,8.59
OPRK1,CHEMBL4112548,CC(C)CCCC(=O)N[C@H]1C[C@@]2(O)[C@H]3Cc4ccc(O)cc4[C@@]2(CCN3CC2CC2)CC1=O,8.59
OPRK1,CHEMBL4111028,O=C1C[C@]23CCN(CC4CC4)[C@H](Cc4ccc(O)cc42)[C@]3(O)C[C@@H]1CC1CCCC1,8.59
OPRK1,CHEMBL3948400,COc1ccc2c3c1O[C@H]1[C@@]4(OC)CC[C@@]5(C[C@@H]4COCc4ccc6ccccc6c4)[C@@H](C2)N(C)CC[C@]315,8.59
OPRK1,CHEMBL6067845,COc1ccc2c(c1)[C@]13CCN(CC4CC4)[C@H](C2)[C@]12CCC(NC(=O)Nc1ccc(Cl)cc1)(CO2)C3,8.59
OPRK1,CHEMBL6163871,O=c1[nH]c2cccc(CCN(CCc3ccccc3)CC3CCC3)c2o1,8.59
OPRK1,CHEMBL3691881,COC12CC[C@@]3(C[C@@H]1CNC(=O)CCC(=O)O)[C@H]1Cc4ccc(O)c5c4[C@@]3(CCN1CC1CC1)[C@H]2O5,8.58
OPRK1,CHEMBL407389,CC[C@H](C)[C@H](NC(=O)[C@H](CCCN=C(N)N)NC(=O)[C@H](CCCN=C(N)N)NC(=O)[C@H](CC(C)C)NC(=O)[C@H](Cc1ccccc1)NC(=O)[C@H]1CCCN1C(=O)CNC(=O)[C@@H](N)Cc1ccc(O)cc1)C(=O)N[C@@H](CCCN=C(N)N)C(=O)N1CCC[C@@H]1C(=O)N[C@@H](CCCCN)C(N)=O,8.57
OPRK1,CHEMBL23472,CN(C(=O)Cc1ccc(Cl)c(Cl)c1)C(CN1CCCC1)c1cccc(OCC(=O)O)c1,8.57
OPRK1,CHEMBL67858,O=C(Cc1ccc(Cl)c(Cl)c1)N1CCc2occc2C1CN1CCC(O)C1,8.57
OPRK1,CHEMBL447185,CC(C)S(=O)(=O)NCc1ccc(CC(=O)N(C)[C@H](CN2CC[C@H](O)C2)c2ccccc2)cc1,8.57
OPRK1,CHEMBL212434,C[C@H]1C2Cc3ccc(C(=O)NCCCc4ccc(-c5ccccc5)cc4)cc3[C@@]1(C)CCN2CC1CC1,8.57
OPRK1,CHEMBL2208346,CC1C2Cc3ccc(C(=O)NCCc4ccc(-c5ccc(OC(F)F)cc5)cc4)cc3C1(C)CCN2CC1CC1,8.57
OPRK1,CHEMBL4078954,CC(C)CCN(CCc1ccccc1)CCc1cccc(O)c1.Cl,8.57
OPRK1,CHEMBL4245818,COc1ccc2c3c1O[C@H]1[C@@]4(OC)CC[C@@]5(C[C@]4(C)CO)[C@@H](C2)N(CC2CC2)CC[C@]315,8.57
OPRK1,CHEMBL3911529,COc1ccc2c3c1O[C@H]1[C@@]4(OC)CC[C@@]5(C[C@@H]4COCc4ccc(C(C)(C)C)cc4)[C@@H](C2)N(C)CC[C@]315,8.57
OPRK1,CHEMBL610040,N/C(=N/Cc1cccc(O)c1)Nc1ccc2[nH]c3c(c2c1)C[C@@]1(O)[C@H]2Cc4ccc(O)c5c4[C@@]1(CCN2CC1CC1)[C@H]3O5,8.56
OPRK1,CHEMBL610035,CCC/N=C(\NCCC)Nc1ccc2[nH]c3c(c2c1)C[C@@]1(O)[C@H]2Cc4ccc(O)c5c4[C@@]1(CCN2CC1CC1)[C@H]3O5,8.56
OPRK1,CHEMBL429588,O=C(Cc1cccs1)N[C@H]1CC[C@@]2(O)[C@H]3Cc4ccc(O)c5c4[C@@]2(CCN3CC2CC2)[C@H]1O5,8.56
OPRK1,CHEMBL574397,O=C(C#Cc1ccc(Cl)cc1)N[C@@]12CCC(=O)[C@@H]3Oc4c(O)ccc5c4[C@@]31CCN(CC1CC1)[C@@H]2C5,8.56
OPRK1,CHEMBL2315360,CCCN1CC[C@H]2c3c(ccc(O)c3O)C[C@@H]1[C@]2(O)CCCN(C)C(=O)/C=C/c1ccoc1.Cl,8.56
OPRK1,CHEMBL3309514,O=C1[C@@H](CCO)CC2=C([C@@H]3Oc4c(O)ccc5c4[C@@]34CCN(CC3CC3)[C@H](C5)[C@]4(O)C2)N1Cc1ccccc1,8.56
OPRK1,CHEMBL4109818,CO[C@]12CC[C@@]3(C[C@@H]1COCc1ccccc1)[C@H]1Cc4ccc(C(O)CO)c5c4[C@@]3(CCN1CC1CC1)[C@H]2O5,8.56
OPRK1,CHEMBL4109220,COc1ccc2c3c1O[C@H]1[C@@]4(OC)CC[C@@]5(C[C@@H]4COCc4ccc(C(O)CO)cc4)[C@@H](C2)N(CC2CC2)CC[C@]315,8.56
OPRK1,CHEMBL421520,Cc1cc(O)cc(C)c1C[C@H](N)C(=O)N1Cc2ccccc2C[C@H]1C/N=C(/S)NC(C)(C)C,8.55
OPRK1,CHEMBL169346,CC[C@@]12CCN(CC3CC3)C(C(=O)c3ccc(N)cc31)[C@@H]2C,8.55
OPRK1,CHEMBL370538,CN(C(=O)Cc1ccc(CNS(=O)(=O)Cc2cccs2)cc1)[C@H](CN1CC[C@H](O)C1)c1ccccc1,8.55
OPRK1,CHEMBL189430,CN(C(=O)Cc1ccc(CCNS(C)(=O)=O)cc1)[C@H](CN1CC[C@H](O)C1)c1ccccc1,8.55
OPRK1,CHEMBL403137,COC(=O)[C@@H]1C[C@H](OC2CCCCO2)C(=O)[C@H]2[C@@]1(C)CC[C@H]1C(=O)O[C@H](c3ccoc3)C[C@]21C,8.55
OPRK1,CHEMBL258172,COc1ccc(CC(=O)N(C)[C@H](CN2CCCC2)c2ccccc2)cc1OC,8.55
OPRK1,CHEMBL398707,CN1CC[C@]23c4c5ccc(O)c4O[C@H]2C(=O)CC[C@H]3[C@H]1C5,8.55
OPRK1,CHEMBL571560,c1ccc(CNc2ccc3c(c2)[C@@]24CCCC[C@H]2[C@@H](C3)N(CC2CCC2)CC4)cc1,8.55
OPRK1,CHEMBL1824513,Cl.O=C(N[C@@H]1CC[C@@]2(O)[C@H]3Cc4ccc(O)c5c4[C@@]2(CCN3CC2CC2)[C@H]1O5)c1ccncc1Br,8.55
OPRK1,CHEMBL1852602,O=C(N[C@@H]1CC[C@@]2(O)[C@H]3Cc4ccc(O)c5c4[C@@]2(CCN3CC2CC2)[C@H]1O5)c1ccncc1Br,8.55
OPRK1,CHEMBL3262372,CO[C@]12CC[C@@]3(C[C@@H]1[C@](C)(O)c1cccs1)[C@H]1Cc4ccc(O)c5c4[C@@]3(CCN1CC1CC1)[C@H]2O5,8.55
OPRK1,CHEMBL3580746,Cc1cc(O)cc(C)c1C[C@H](N)C(=O)N[C@@H]1CCCCNC(=O)C[C@@H](C(N)=O)NC(=O)[C@H](Cc2ccccc2)NC(=O)[C@H](Cc2ccc(F)cc2F)NC1=O,8.55
OPRK1,CHEMBL4463652,O=C(Cc1ccc(Cl)c(Cl)c1)N1CCN(Cc2cn(CCF)nn2)[C@H]2CCC[C@H](N3CCCC3)[C@H]21,8.55
OPRK1,CHEMBL420863,Cc1ccc2nc(O)n(C3CCN(Cc4cc5c(cc4Cl)OCO5)CC3)c2c1,8.54
OPRK1,CHEMBL567175,Oc1ccc2c3c1O[C@H]1c4[nH]c5ccccc5c4C[C@@]4(O)[C@@H](C2)N(CC2CC2)CC[C@]314,8.54
OPRK1,CHEMBL421789,CN(CC1CC1)C(c1cccc(O)c1)C(C)(C)C(=O)NCCc1ccccc1,8.54
OPRK1,CHEMBL360678,CN(C(=O)Cc1ccc(C(F)(F)F)cc1)C(CN1CCCC1)c1cccc(OCC(=O)OC(C)(C)C)c1,8.54
OPRK1,CHEMBL189683,CN(C(=O)Cc1ccc(CNS(C)(=O)=O)cc1)[C@H](CN1CCCC1)c1ccccc1,8.54
OPRK1,CHEMBL574175,O=C1CC[C@@]2(NCC#Cc3ccc(Cl)cc3)[C@H]3Cc4ccc(O)c5c4[C@@]2(CCN3CC2CC2)[C@H]1O5,8.54
OPRK1,CHEMBL3359805,CCc1occc1[C@@H]1C[C@]2(C)[C@H]3C(=O)[C@@H](OC(C)=O)C[C@@H](C(=O)OC)[C@]3(C)CC[C@H]2C(=O)O1,8.54
OPRK1,CHEMBL3590200,Cc1ccc(S(=O)(=O)N2CCc3cc(C(=O)NCCN(Cc4ccc(Br)cc4)C(C)(C)C)ccc3C2)cc1,8.54
OPRK1,CHEMBL4110056,COc1ccc2c3c1O[C@H]1[C@@]4(OC)CC[C@@]5(C[C@@H]4COCc4cccc(C(=N)N)c4)[C@@H](C2)N(CC2CC2)CC[C@]315,8.54
OPRK1,CHEMBL5266718,N=C(N)NCCC[C@H](NC(=O)[C@H](CCCNC(=N)N)NC(=O)[C@@H]1CSSC[C@H](NC(=O)[C@@H](N)CC(N)=O)C(=O)N1)C(=O)N[C@@H](CCC(N)=O)C(=O)N[C@@H](Cc1cccc2ccccc12)C(=O)N[C@H]1CSSC[C@@H](C(N)=O)NC1=O,8.54
OPRK1,CHEMBL6058797,C[C@H]1C2C(=O)c3ccc(Nc4ccc(NCCOCCOCCOCCOCCOC(F)(F)F)cc4)cc3[C@]1(C)CCN2CC1CC1,8.54
OPRK1,CHEMBL3785854,Oc1ccc2c(c1)[C@]13CCN(CC4CC4)[C@@H](C2)[C@]1(O)Cc1c([nH]c2ccccc12)C3,8.53
OPRK1,CHEMBL3955920,COc1ccc2c3c1O[C@H]1[C@@]4(OC)CC[C@@]5(C[C@@H]4COc4ccccc4)[C@@H](C2)N(C)CC[C@]315,8.53
OPRK1,CHEMBL213291,C[C@H]1C2Cc3ccc(C(=O)NCCCc4ccccc4)cc3[C@@]1(C)CCN2CC1CC1,8.52
OPRK1,CHEMBL254154,CN(CC(=O)N1CCCCC1CN1CCCC1)c1ccc(Cl)c(Cl)c1,8.52
OPRK1,CHEMBL526933,CN(CC(=O)N1CCN(S(C)(=O)=O)CC1CN1CCCC1)c1ccc(Cl)c(Cl)c1,8.52
OPRK1,CHEMBL1729417,COc1ccc(N2CCN(CCCNC(=O)Cn3c(=O)c4cccn4c4c(C)ccnc43)CC2)cc1,8.52
OPRK1,CHEMBL2032447,CC(C)C[C@@H](NC(=O)[C@@H](Cc1ccccc1)NC(=O)[C@H](N)Cc1ccccc1)C(=O)N[C@H](CCCCN)C(N)=O,8.52
OPRK1,CHEMBL2032448,CC(C)C[C@@H](NC(=O)[C@@H](Cc1ccccc1)NC(=O)[C@H](N)Cc1ccccc1)C(=O)N[C@H](CCCCN)C(=O)NCC(=O)NCCSC1CC(=O)N(c2ccc(CCC(=O)N3CCC3=O)cc2)C1=O,8.52
OPRK1,CHEMBL3691861,CO[C@]12CC[C@@]3(C[C@@H]1CNC(=O)[C@@H](N)CC(=O)O)[C@H]1Cc4ccc(O)c5c4[C@@]3(CCN1CC1CC1)[C@H]2O5,8.52
OPRK1,CHEMBL3581745,CO[C@]12C=C[C@@]3(C[C@]1(C)[C@@H](O)c1ccccc1)[C@H]1Cc4ccc(O)c5c4[C@@]3(CCN1CC1CC1)[C@H]2O5,8.52
OPRK1,CHEMBL4110924,CCCC[C@H]1C[C@@]2(O)[C@H]3Cc4ccc(O)cc4[C@@]2(CCN3CC2CC2)CC1=O,8.52
OPRK1,CHEMBL3935546,CO[C@@]12C=C[C@]3(C[C@@]1(C)[C@H](O)c1ccccc1)[C@@H]1Cc4ccc(O)c5c4[C@]3(CCN1CC1CC1)[C@@H]2O5,8.52
OPRK1,CHEMBL5914048,COC1CN(c2nc3ccc(C)cc3cc2-c2nc(C)no2)CCC1NC1CCCCC1,8.52
OPRK1,CHEMBL5868745,Cc1ccc2nc(N3CCC(NC4CCCCC4)C(CO)C3)c(-c3nc(C)no3)cc2c1,8.52
OPRK1,CHEMBL5903661,CO[C@H]1CN(/C(N)=C(/C=C(/C)N)c2nc(C)no2)CC[C@H]1NC1CCCCC1,8.52
OPRK1,CHEMBL5743186,CCCC(C)NC1CCN(c2nc3ccc(C)cc3cc2-c2nc(C)no2)CC1,8.52
OPRK1,CHEMBL5857035,CO[C@H]1CN(c2nc3c(C)cc(C)cc3cc2-c2nc(C)no2)CC[C@H]1NC1CCCCC1,8.52
OPRK1,CHEMBL5963182,Cc1ccc2nc(N3CCC(NC4CCCCCC4)CC3)c(-c3noc(C)n3)cc2c1,8.52
OPRK1,CHEMBL5869984,Cc1cc(-c2noc(C)n2)c(N2CCC(NC3CCCCC3)CC2)nn1,8.52
OPRK1,CHEMBL5882862,CO[C@H]1CN(c2nnc(C)cc2-c2nc(C)no2)CC[C@H]1NC1CCCCC1,8.52
OPRK1,CHEMBL2113306,CO[C@@]12CC[C@@]3(C[C@@H]1CNC(=O)/C=C/c1ccc(C)cc1)[C@H]1Cc4ccc(O)c5c4[C@@]3(CCN1C)[C@H]2O5,8.51
OPRK1,CHEMBL2179658,O=C(Cc1ccccc1)O[C@@]12Cc3cc(-c4ccc(Cl)cc4)cnc3[C@@H]3Oc4c(O)ccc5c4[C@@]31CCN(CC1CC1)[C@@H]2C5,8.51
OPRK1,CHEMBL3359811,COC(=O)[C@@H]1C[C@H](OC(C)=O)C(=O)[C@H]2[C@@]1(C)CC[C@H]1C(=O)O[C@H](c3coc(C(F)(F)F)c3)C[C@]21C,8.51
OPRK1,CHEMBL5612630,CN(C)CC1CC(N(Cc2ccccc2)S(=O)(=O)c2cccc(Cl)c2)CCC1(O)c1cccc(O)c1.Cl,8.51
OPRK1,CHEMBL5827604,Cc1ccc2nc(N3CCC(NCC4CCCCC4O)CC3)c(-c3nc(C)no3)cc2c1,8.51
OPRK1,CHEMBL6151700,O=c1[nH]c2cccc(CCN(CCc3ccccc3)CC3CCC3)c2[nH]1,8.51
OPRK1,CHEMBL6144873,COc1ccc2c3c1O[C@H]1[C@@]4(OC)C=C[C@@]5(C[C@@H]4C(=O)c4cccc(NC(=O)c6ccccc6)c4)[C@@H](C2)N(CC2CC2)CC[C@]315,8.51
OPRK1,CHEMBL575451,COc1ccc2c3c1O[C@H]1C(=O)CC[C@@]4(NC(=O)C#Cc5ccccc5)[C@@H](C2)N(CC2CC2)CC[C@]314,8.5
OPRK1,CHEMBL3787016,Oc1ccc2c(c1)[C@]13CCN(CC4CC4)[C@H](C2)[C@]1(O)CCc1c([nH]c2ccccc12)C3,8.5
OPRK1,CHEMBL5986491,O=C(Cc1c[nH]c2ccccc12)N[C@H]1CC[C@@]2(O)[C@H]3Cc4ccc(O)c5c4[C@@]2(CCN3CC2CC2)[C@H]1O5,8.5
OPRK1,CHEMBL610036,N/C(=N/Cc1ccc(O)cc1)Nc1ccc2[nH]c3c(c2c1)C[C@@]1(O)[C@H]2Cc4ccc(O)c5c4[C@@]1(CCN2CC1CC1)[C@H]3O5,8.49
OPRK1,CHEMBL3349979,COC(=O)[C@@H]1C[C@H](OC(N)=O)C(=O)[C@H]2[C@@]1(C)CC[C@H]1C(=O)O[C@H](c3ccoc3)C[C@]21C,8.49
OPRK1,CHEMBL219319,C[C@H]1CN2C[C@H](c3ccccc3)NC[C@H]2C[C@@]1(C)c1cccc(O)c1,8.49
OPRK1,CHEMBL438871,C[C@H]1C2Cc3ccc(C(=O)NCCc4ccc(-c5ccc(Cl)cc5)cc4)cc3[C@@]1(C)CCN2CC1CC1,8.49
OPRK1,CHEMBL526747,COc1cccc(N2CCN(C(=O)CN(C)c3ccc(Cl)c(Cl)c3)C(CN3CCCC3)C2)c1,8.49
OPRK1,CHEMBL509054,C[C@H]1C2Cc3ccc(O)c([N+](=O)[O-])c3[C@@]1(C)CCN2CC1CC1,8.49
OPRK1,CHEMBL3787263,Oc1ccc2c(c1)[C@]13CCN(CC4CC4)[C@@H](C2)[C@]1(O)Cc1cc2ccccc2nc1C3,8.49
OPRK1,CHEMBL4099849,CCOC(=O)CN1CCN(C(=O)Cc2ccc(Cl)c(Cl)c2)[C@@H]2[C@@H](N3CCCC3)CCC[C@@H]21,8.49
OPRK1,CHEMBL4514226,CN1/C(=C/C=C/C2=[N+](CCCCCC(=O)NCC(=O)NCC(=O)NCC(=O)NCC(=O)NCCCNC(=N)Nc3ccc4[nH]c5c(c4c3)C[C@@]3(O)[C@H]4Cc6ccc(O)c7c6[C@@]3(CCN4CC3CC3)[C@H]5O7)c3ccc(S(=O)(=O)[O-])cc3C2(C)C)C(C)(C)c2cc(S(=O)(=O)O)ccc21,8.49
OPRK1,CHEMBL5081993,Cc1cc(O)cc(C)c1C[C@H](NC(=O)[C@H](Cc1ccccc1)NC(=O)CNC(=O)CNC(=O)[C@@H](N)Cc1c(C)cc(O)cc1C)C(=O)NCC(=O)N[C@@H](C)C(=O)N[C@@H](CCCNC(=N)N)C(=O)N[C@@H](CCCCN)C(=O)N[C@@H](CO)C(=O)N[C@@H](C)C(=O)N[C@@H](CCCNC(=N)N)C(=O)N[C@@H](CCCCN)C(N)=O,8.49
OPRK1,CHEMBL6165078,Cc1cnn(CCN(CCc2ccc3nc[nH]c3c2)CC2CCC2)c1,8.49
OPRK1,CHEMBL354172,C[C@H]1C2C(=O)c3ccc(O)cc3[C@@]1(C)CCN2CC1CC1,8.48
OPRK1,CHEMBL197123,CN(C(=O)C1CCc2cc(S(N)(=O)=O)ccc2O1)[C@H](CN1CC[C@H](O)C1)c1ccccc1,8.48
OPRK1,CHEMBL371018,CCCS(=O)(=O)NCc1ccc2c(c1)C[C@@H](C(=O)N(C)[C@H](CN1CC[C@H](O)C1)c1ccccc1)O2,8.48
OPRK1,CHEMBL245049,CNC(=O)Oc1ccc2c(c1)C13CCCCC1C(C2)N(C)CC3,8.48
OPRK1,CHEMBL365533,COC(=O)[C@@H]1C[C@H](OC(C)=O)C[C@H]2[C@@]1(C)CC[C@H]1C(=O)O[C@H](c3ccoc3)C[C@]21C,8.48
OPRK1,CHEMBL250387,Cc1ccc(-c2ccc(CCNC(=O)c3ccc4c(c3)[C@@]3(C)CCN(CC5CC5)C(C4)[C@@H]3C)cc2)cc1,8.48
OPRK1,CHEMBL1076576,OC(CCCCC(O)COc1ccc2c(c1)[C@@]13CCCC[C@H]1[C@@H](C2)N(CC1CCC1)CC3)COc1ccc2c(c1)[C@@]13CCCC[C@H]1[C@@H](C2)N(CC1CCC1)CC3,8.48
OPRK1,CHEMBL2179651,Oc1ccc2c3c1O[C@H]1c4ncc(-c5ccc(Cl)cc5)cc4C[C@@]4(OC/C=C/c5ccccc5)[C@@H](C2)N(CC2CC2)CC[C@]314,8.48
OPRK1,CHEMBL2208360,CCOc1ccc(-c2ccc(CCNC(=O)c3ccc4c(c3)C3(C)CCN(CC5CC5)C(C4)C3C)cc2)cc1,8.48
OPRK1,CHEMBL3359813,COC(=O)[C@@H]1C[C@H](OC(C)=O)C(=O)[C@H]2[C@@]1(C)CC[C@H]1C(=O)O[C@H](c3ccoc3CO)C[C@]21C,8.48
OPRK1,CHEMBL4250476,COC(=O)[C@@H]1C[C@H](OC(C)=O)C(=O)[C@@H]2[C@H]3C[C@@H](c4ccoc4)CC(=O)[C@@H]3CC[C@]21C,8.48
OPRK1,CHEMBL5086847,C=CCOc1cccc(C[C@H](NC(=O)[C@H](Cc2ccccc2)NC(C)=O)C(=O)N[C@@H](Cc2cccc(OCC=C)c2)C(=O)N[C@@H](CCCNC(=N)N)C(=O)N[C@@H](CC(C)C)C(=O)N[C@@H](CCCNC(=N)N)C(=O)N[C@@H](CCCNC(=N)N)C(=O)N[C@H](C)C(=O)N[C@@H](CCCNC(=N)N)C(=O)N2CCC[C@H]2C(=O)N[C@@H](CCCCN)C(N)=O)c1,8.48
OPRK1,CHEMBL2369365,CC[C@H](C)[C@H](NC(=O)[C@H](CCCN=C(N)N)NC(=O)[C@H](CCCN=C(N)N)NC(=O)[C@H](CC(C)C)NC(=O)[C@H](Cc1ccccc1)NC(=O)[C@@H]1CCCN1C(=O)CNC(=O)[C@@H](N)Cc1ccc(O)cc1)C(=O)N[C@@H](CCCN=C(N)N)C(=O)N[C@H](CCCN=C(N)N)C(N)=O,8.47
OPRK1,CHEMBL64284,COc1ccc(F)cc1-c1cccn(C(CN2CCCC2)c2ccccc2)c1=O,8.47
OPRK1,CHEMBL435084,O=C(Oc1ccc2c(c1)[C@@]13CCCC[C@H]1[C@@H](C2)N(CC1CCC1)CC3)c1cccc(C(=O)Oc2ccc3c(c2)[C@@]24CCCC[C@H]2[C@@H](C3)N(CC2CCC2)CC4)c1,8.47
OPRK1,CHEMBL302120,O=C(Cc1ccc(Cl)c(Cl)c1)N1CCc2occc2[C@H]1CN1CC[C@@H](O)C1,8.47
OPRK1,CHEMBL241824,CNC(=O)Oc1ccc2c(c1)C13CCCCC1C(C2)N(CC1CC1)CC3,8.47
OPRK1,CHEMBL584792,C=CCN1CC[C@]23c4c5ccc(OC(=O)C(C)CCCCCCC(C)C(=O)Oc6ccc7c(c6)[C@@]68CCCC[C@H]6C(C7)N(CC6CCC6)CC8)c4O[C@H]2CCC[C@H]3C1C5,8.47
OPRK1,CHEMBL3359287,COC(=O)[C@@H]1C[C@H](OC(C)=O)C(=O)[C@H]2[C@@]1(C)CC[C@H]1C(=O)O[C@H](c3ccoc3-c3cccc(C)c3)C[C@]21C,8.47
OPRK1,CHEMBL3590196,CCc1ccc(S(=O)(=O)N2CCc3cc(C(=O)NCCN(Cc4ccccc4)C(C)(C)C)ccc3C2)cc1,8.47
OPRK1,CHEMBL4093848,Cl.Oc1ccc(CCN(CCc2cccc(O)c2F)CC2CCC2)cc1,8.47
OPRK1,CHEMBL4462000,CN1CCN(C(=O)Cc2ccc(Cl)c(Cl)c2)[C@H]2[C@@H]1CCC[C@@H]2N1CCCC1,8.47
OPRK1,CHEMBL5568654,COc1ccc2c3c1O[C@H]1[C@@]4(OC)CC[C@@]5(C[C@@H]4c4ccccc4NCc4ccccc4)[C@@H](C2)N(CC2CC2)CC[C@]315,8.47
OPRK1,CHEMBL343246,O=C(Cc1ccc(Cl)c(Cl)c1)N1CCCCC1CN1CC=CC1,8.46
OPRK1,CHEMBL64197,COc1ccc(OC)c(-c2cccn(C(CN3CCCC3)c3ccccc3)c2=O)c1,8.46
OPRK1,CHEMBL408054,CCOC(=O)N1CCN(C(=O)Cc2ccc(Cl)c(Cl)c2)C(CN2CCCC2)C1,8.46
OPRK1,CHEMBL216558,O=C1CC[C@@]2(NC/C=C/Cc3ccc(Cl)cc3)[C@H]3Cc4ccc(O)c5c4[C@@]2(CCN3CC2CC2)[C@H]1O5,8.46
OPRK1,CHEMBL1766032,Oc1cccc(CNc2nc3cc4c(cc3s2)C[C@@H]2[C@@H]3CCCC[C@]43CCN2CC2CC2)c1,8.46
OPRK1,CHEMBL1818337,CC(C)CNCc1ccc(-c2ccccc2S(=O)(=O)N2CCOC[C@H]2C)cc1,8.46
OPRK1,CHEMBL2048761,COc1cccc(CNc2ccc3c(c2)[C@@]24CCCC[C@H]2[C@@H](C3)N(CC2CCC2)CC4)c1,8.46
OPRK1,CHEMBL2409223,CC(C)C[C@H](NC(=O)[C@H](Cc1ccccc1)NC(=O)CNC(=O)CNC(=O)[C@@H](N)Cc1ccc(O)cc1)C(=O)N[C@@H](CCCNC(=N)N)C(=O)N[C@@H](CCCCN)C(=O)N[C@@H](Cc1ccc(I)cc1)C(=O)N1CCC[C@H]1C(=O)N[C@@H](CCCCN)C(=O)O,8.46
OPRK1,CHEMBL4094512,Cl.Oc1ccc(CCN(CCc2cccc(O)c2)CC2CCC2)cc1,8.46
OPRK1,CHEMBL5401204,O=C(N[C@@H]1CC[C@@]2(O)[C@H]3Cc4ccc(O)c5c4[C@@]2(CCN3CC2CC2)[C@H]1O5)c1cc[n+](Cc2ccccc2)cc1.[Br-],8.46
OPRK1,CHEMBL5919669,Cc1ccc2nc(N3CCC(NC4CCCCC4)CC3)c(-c3nc(C)no3)cc2c1,8.46
OPRK1,CHEMBL5975199,Cc1ccc2nc(N3CCC(NC4CCCCC4)C(CO)C3)c(-c3nc(C4CC4)no3)cc2c1,8.46
OPRK1,CHEMBL5948841,O=C(N[C@H]1CC[C@@]2(O)[C@H]3Cc4ccc(O)c5c4[C@@]2(CCN3CC2CC2)[C@H]1O5)c1ccc2[nH]ccc2c1,8.46
OPRK1,CHEMBL3809782,O=C1CC(C(=O)N2CCc3ccccc3C2C[N+]2(CC3CC3)CCCC2)c2cc(Cl)ccc21.[Br-],8.45
OPRK1,CHEMBL4069115,Cl.Oc1ccc(CCN(CCc2cccc(O)c2)CC2CC2)cc1,8.45
OPRK1,CHEMBL347750,CNC(c1cccc(O)c1)C(C)(C)C(=O)NCCCc1ccccc1,8.44
OPRK1,CHEMBL371467,CCCS(=O)(=O)NCc1ccc2c(c1)C[C@H](C(=O)N(C)[C@H](CN1CC[C@H](O)C1)c1ccccc1)O2,8.44
OPRK1,CHEMBL3086307,CNc1nc2c(s1)C[C@H]1[C@H]3Cc4ccc(OC)cc4[C@@]1(CCN3CC1CC1)C2,8.44
OPRK1,CHEMBL3580750,Cc1cc(O)cc(C)c1C[C@H](N)C(=O)N[C@@H]1CCCCNC(=O)C[C@@H](C(N)=O)NC(=O)[C@H](Cc2ccc(C(F)(F)F)cc2)NC(=O)[C@H](Cc2ccccc2)NC1=O,8.44
OPRK1,CHEMBL4584410,CCc1cc(F)c2nc(N3CCC(NC4CCOCC4)CC3)c(-c3nc(C)no3)cc2c1,8.44
OPRK1,CHEMBL3303774,CN(C)[C@]1(c2ccc(Br)cc2)CC[C@](O)(CCc2ccccc2)CC1,8.44
OPRK1,CHEMBL544960,CN(C(=O)Cc1cccc2sccc12)[C@@H]1CCCC[C@H]1N1CCCC1.Cl,8.43
OPRK1,CHEMBL185554,CN(C(=O)Cc1ccc(C(F)(F)F)cc1)C(CN1CCCC1)c1cccc(OCC(=O)O)c1,8.43
OPRK1,CHEMBL383896,O=C1CC[C@@]2(NCC/C=C/c3ccc(Cl)cc3)[C@H]3Cc4ccc(O)c5c4[C@@]2(CCN3CC2CC2)[C@H]1O5,8.43
OPRK1,CHEMBL427280,COC(=O)[C@@H]1C[C@H](OC(C)=O)C(=O)[C@H]2[C@@]1(C)CC[C@H]1C(=O)O[C@H]([C@@H]3CCOC3)C[C@]21C,8.43
OPRK1,CHEMBL1766040,CCNc1nc2cc3c(cc2s1)C[C@@H]1[C@@H]2CCCC[C@]32CCN1CC1CCC1,8.43
OPRK1,CHEMBL1818235,COC[C@@H]1CCCN1S(=O)(=O)c1ccccc1-c1ccc(CN2C[C@@H]3CCC[C@H]2C3)cc1,8.43
OPRK1,CHEMBL3409122,Oc1ccc2c(c1)[C@]1(CCCCCc3ccccc3)CCN(CC3CC3)C[C@@H]1O2,8.43
OPRK1,CHEMBL3590197,Cc1ccc(S(=O)(=O)N2CCc3cc(C(=O)NCCN(Cc4ccc(F)cc4)C(C)(C)C)ccc3C2)cc1,8.43
OPRK1,CHEMBL5776546,CN(C)[C@H](CNC(=O)NCCN1C(=O)C=CC1=O)Cc1ccc(O)cc1,8.43
OPRK1,CHEMBL126596,COc1cccc2c1C(c1ccccc1)=NCC(CCNC(=O)c1cccs1)N2C,8.42
OPRK1,CHEMBL68354,O=C(Cc1ccc(Cl)c(Cl)c1)N1CCc2c(O)cccc2C1CN1CCC(O)C1,8.42
OPRK1,CHEMBL2367916,C[C@H]1[C@H]2Cc3ccc(Nc4ccccc4)cc3[C@@]1(C)CCN2CC1CC1,8.42
OPRK1,CHEMBL372598,O=C(CCC(=O)Nc1ccc2c(c1)[C@@]13CCCCC1[C@@H](C2)N(CC1CCC1)CC3)Nc1ccc2c(c1)[C@@]13CCCCC1[C@@H](C2)N(CC1CCC1)CC3,8.42
OPRK1,CHEMBL202591,CC(=O)N(CC(=O)N(C)[C@H](CN1CC[C@H](O)C1)c1ccccc1)c1ccccc1,8.42
OPRK1,CHEMBL502411,O=C1N[C@H](Cc2c[nH]c3ccccc23)C(=O)N[C@@H](Cc2ccccc2)C(=O)N2CCC[C@@H]2C(=O)N[C@H]1Cc1ccccc1,8.42
OPRK1,CHEMBL2315361,CCN1CC[C@H]2c3c(ccc(O)c3O)C[C@@H]1[C@]2(O)CCCN(C)C(=O)/C=C/c1ccoc1.Cl,8.42
OPRK1,CHEMBL610037,Oc1ccc2c3c1O[C@H]1c4[nH]c5ccc(N/C(=N/CC6CC6)NCc6ccccc6)cc5c4C[C@@]4(O)[C@@H](C2)N(CC2CC2)CC[C@]314,8.41
OPRK1,CHEMBL1169583,CO[C@H](C)[C@@H]1CC23C=C[C@]1(OC)[C@H]1Oc4c(O)ccc5c4C12CCN(C)C3C5,8.41
OPRK1,CHEMBL178359,CN(C(=O)CNC(=O)c1ccccc1)[C@H](CN1CCCC1)c1ccccc1,8.41
OPRK1,CHEMBL371916,CN(C(=O)[C@H]1Cc2cccc(NS(C)(=O)=O)c2O1)[C@H](CN1CC[C@H](O)C1)c1ccccc1,8.41
OPRK1,CHEMBL204650,CN(C(=O)CNc1cccc(CNS(C)(=O)=O)c1)[C@H](CN1CC[C@H](O)C1)c1ccccc1,8.41
OPRK1,CHEMBL512150,NC(=O)c1ccc2c(c1O)[C@]13CCN(CC4CCC4)[C@H](C2)[C@]1(O)CC[C@H](O)C3,8.41
OPRK1,CHEMBL568988,COc1ccc(CN(Cc2ccc(OC)cc2)c2ccc3c(c2)[C@@]24CCCC[C@H]2[C@@H](C3)N(CC2CC2)CC4)cc1,8.41
OPRK1,CHEMBL1076577,OC(CCCCCC(O)COc1ccc2c(c1)[C@@]13CCCC[C@H]1[C@@H](C2)N(CC1CCC1)CC3)COc1ccc2c(c1)[C@@]13CCCC[C@H]1[C@@H](C2)N(CC1CCC1)CC3,8.41
OPRK1,CHEMBL4083401,COC(=O)N1CCN(C(=O)Cc2ccc(Cl)c(F)c2)[C@@H]2[C@@H](N3CC[C@H](O)C3)CCC[C@@H]21,8.41
OPRK1,CHEMBL5268886,N=C(N)NCCC[C@@H](NC(=O)[C@@H]1CCC(=O)N1)C(=O)N[C@H](CCCNC(=N)N)C(=O)N[C@@H](CCC(N)=O)C(=O)N[C@@H](CC1CCCCC1)C(=O)N[C@H]1CSSC[C@@H](C(N)=O)NC1=O,8.41
OPRK1,CHEMBL293408,COC(=O)/C=C1\CCN(CC2CN(C(=O)OC)CCN2C(=O)Cc2ccc(Cl)c(Cl)c2)C1,8.4
OPRK1,CHEMBL379138,CCCC(=O)O[C@H]1C[C@@H](C(=O)OC)[C@]2(C)CC[C@H]3C(=O)O[C@H](c4ccoc4)C[C@]3(C)[C@H]2C1=O,8.4
OPRK1,CHEMBL397276,C[C@H]1[C@H]2CCC[C@]1(c1cccc(O)c1)CCN2CCc1ccccc1,8.4
OPRK1,CHEMBL524888,O=C(Cn1c(C(F)(F)F)nc2ccccc21)N1CCN(c2ccccc2)CC1CN1CCCC1,8.4
OPRK1,CHEMBL524367,CN(CC(=O)N1CCN(c2cccc(Cl)c2)CC1CN1CCCC1)c1ccc(Cl)c(Cl)c1,8.4
OPRK1,CHEMBL488470,CN(CC(=O)N(C)[C@@H](CN1CCCC1)c1ccccc1)c1ccc(Cl)c(Cl)c1,8.4
OPRK1,CHEMBL1702620,COc1ccc(N2CCN(CCCNC(=O)Cn3c(=O)c4cccn4c4c(C)ccnc43)CC2)c(OC)c1,8.4
OPRK1,CHEMBL4111704,O=C1C[C@]23CCN(CC4CC4)[C@H](Cc4ccc(O)cc42)[C@]3(O)C[C@@H]1CC1CCCCC1,8.4
OPRK1,CHEMBL4065490,CO[C@@]12CCC[C@@H]3Oc4c(O)ccc5c4[C@@]31CCN(C)[C@@H]2C5,8.4
OPRK1,CHEMBL6045083,Cc1noc(-c2cc3ccccc3nc2N2CCC(NC3CCCOC3)CC2)n1,8.4
OPRK1,CHEMBL5822637,Cc1ccc2nc(N3CCC(NC4CCCOC4)CC3)c(-c3nc(C)no3)cc2c1,8.4
OPRK1,CHEMBL5865577,CCc1noc(-c2cc3cc(C)ccc3nc2N2CCC(NC3CCCCC3)C(OC)C2)n1,8.4
OPRK1,CHEMBL5852487,CCc1noc(-c2cc3cc(C)ccc3nc2N2CCC(NC3CCCC3)C(OC)C2)n1,8.4
OPRK1,CHEMBL6009127,CO[C@@H]1CN(c2nc3ccc(C)cc3cc2-c2nc(C)no2)CC[C@@H]1NC1CCCCC1,8.4
OPRK1,CHEMBL5936712,CCC(CC)NC1CCN(c2nc3ccc(C)cc3cc2-c2noc(C)n2)CC1,8.4
OPRK1,CHEMBL77804,Cc1cc(O)cc(C)c1C[C@H](N)C(=O)N1Cc2ccccc2C[C@H]1CNC(=O)NC12CC3CC(CC(C3)C1)C2,8.39
OPRK1,CHEMBL610534,Cn1c2c(c3c1[C@@H]1Oc4c(O)ccc5c4[C@@]14CCN(CC1CC1)[C@H](C5)[C@]4(O)C3)CCCC2,8.39
OPRK1,CHEMBL2048780,CN(Cc1ccc(O)cc1)c1ccc2c(c1)[C@@]13CCCC[C@H]1[C@@H](C2)N(CC1CCC1)CC3,8.39
OPRK1,CHEMBL2418732,Oc1cccc([C@@]23CCN(CCc4ccccc4)[C@@H](C[C@H](c4ccccc4)C2)C3)c1,8.39
OPRK1,CHEMBL3695671,O=C(O)CN1C[C@H]2[C@H]3Cc4ccc(O)cc4[C@@]2(CCN3CC2CC2)CC1=O,8.39
OPRK1,CHEMBL5076917,Cc1ccccc1N1CCN(S(=O)(=O)C[C@]23CC[C@H](C[C@@H]2NC(=O)[C@@H](N)CCS(C)(=O)=O)C3(C)C)CC1.Cl,8.39
OPRK1,CHEMBL5972998,O=C1C[C@@H]2C[C@@]3(O)[C@H]4Cc5ccc(O)cc5[C@@]3(CCN4CCc3ccccc3)C[C@@H]2N1,8.39
OPRK1,CHEMBL149074,O=C(Oc1ccc2c(c1)[C@@]13CCCC[C@H]1[C@@H](C2)N(CC1CCC1)CC3)c1ccc(C(=O)Oc2ccc3c(c2)[C@@]24CCCC[C@H]2[C@@H](C3)N(CC2CCC2)CC4)cc1,8.38
OPRK1,CHEMBL4115091,CO[C@]12CC[C@@]3(C[C@@H]1COc1ccc(-n4ccnc4)cc1)[C@H]1Cc4ccc(O)c5c4[C@@]3(CCN1C)[C@H]2O5,8.38
OPRK1,CHEMBL5888026,Cc1ccc2nc(N3CCC(NCC(C)C)CC3)c(-c3nc(C4CC4)no3)cc2c1,8.38
OPRK1,CHEMBL242047,CCNC(=O)Oc1ccc2c(c1)C13CCCCC1C(C2)N(CC1CCC1)CC3,8.37
OPRK1,CHEMBL474755,COc1ccc2c3c1O[C@H]1C(=O)CC[C@@]4(OC(=O)/C=C/c5ccccc5)[C@@H](C2)N(CC2CC2)CC[C@]314,8.37
OPRK1,CHEMBL2178339,COc1cnccc1C(=O)N[C@@H]1CC[C@@]2(O)[C@H]3Cc4ccc(O)c5c4[C@@]2(CCN3CC2CC2)[C@H]1O5,8.37
OPRK1,CHEMBL3359793,COC(=O)[C@@H]1C[C@H](OC(C)=O)C(=O)[C@H]2[C@@]1(C)CC[C@H]1C(=O)O[C@H](c3ccoc3-c3ccsc3)C[C@]21C,8.37
OPRK1,CHEMBL3634254,CC(=O)N1CC[C@@H](NC(=O)[C@@H](N)Cc2c(C)cc(O)cc2C)c2cc(Cc3cccc4ccccc34)ccc21,8.37
OPRK1,CHEMBL3787663,Oc1ccc2c(c1)[C@]13CCN(CC4CC4)[C@H](C2)[C@]1(O)CCc1cc2ccccc2nc1C3,8.37
OPRK1,CHEMBL3824309,Cc1cc(O)cc(C)c1C[C@H](N)C(=O)N[C@@H]1CCN(CC(N)=O)c2ccc(Cc3ccccc3)cc21,8.37
OPRK1,CHEMBL4108710,CC(C)CC[C@H]1C[C@@]2(O)[C@H]3Cc4ccc(O)cc4[C@@]2(CCN3CC2CC2)CC1=O,8.37
OPRK1,CHEMBL4110493,O=C(N[C@H]1C[C@@]2(O)[C@H]3Cc4ccc(O)cc4[C@@]2(CCN3CC2CC2)CC1=O)c1ccccc1,8.37
OPRK1,CHEMBL4061334,Oc1ccc2c(c1)C13CCN(CC4CC4)C(C2)C12CCC1C3[C@@H](CN1Cc1ccccc1)C2,8.37
OPRK1,CHEMBL4546243,COc1ccc2c3c1O[C@H]1[C@@]4(OC)CC[C@@]5(C[C@@H]4c4ccc(NC=O)cc4)[C@@H](C2)N(CC2CC2)CC[C@]315,8.37
OPRK1,CHEMBL4848808,COc1ccc(CNc2cccc([C@H]3C[C@@]45CC[C@]3(OC)[C@@H]3Oc6c(OC)ccc7c6[C@@]34CCN(CC3CC3)[C@@H]5C7)c2)cc1,8.37
OPRK1,CHEMBL338393,CN(CCC1CN=C(c2ccccc2)c2ccccc2N1C)C(=O)c1cccs1,8.36
OPRK1,CHEMBL180598,CN(C(=O)CNC(=O)c1ccc2c(c1)no[n+]2[O-])[C@H](CN1CCCC1)c1ccccc1,8.36
OPRK1,CHEMBL409969,C[C@H](NC(=O)[C@H](CO)NC(=O)[C@H](CCCCN)NC(=O)[C@H](CCCNC(=N)N)NC(=O)C(C)(C)NC(=O)CNC(=O)[C@@H](NC(=O)[C@H](Cc1ccc(F)cc1)NC(=O)CNC(=O)CNC(=O)[C@@H](N)Cc1ccccc1)[C@@H](C)O)C(=O)N[C@@H](CCCNC(=N)N)C(=O)N[C@@H](CCCCN)C(=O)N[C@@H](CCCNC(=N)N)C(=O)N[C@@H](CCCCN)C(=O)N[C@@H](CC(N)=O)C(=O)N[C@@H](CCC(N)=O)C(N)=O,8.36
OPRK1,CHEMBL1941030,COCO[C@H]1C[C@@H](C(=O)OC)[C@]2(C)CC[C@H]3C(=O)O[C@@H](c4ccoc4)C[C@]3(C)[C@H]2C1=O,8.36
OPRK1,CHEMBL2179662,CN1CC[C@]23c4c5ccc(O)c4O[C@H]2c2ncc(-c4ccc(Cl)cc4)cc2C[C@@]3(OC(=O)CCc2ccccc2)[C@H]1C5,8.36
OPRK1,CHEMBL4107627,COc1ccc2c3c1O[C@H]1[C@@]4(OC)CC[C@@]5(C[C@@H]4COC(=O)[C@@H](N)Cc4ccccc4)[C@@H](C2)N(CC2CC2)CC[C@]315,8.36
OPRK1,CHEMBL4210181,C[C@H]1[C@H]2Cc3ccc(O)cc3[C@@]1(C)CC[N+]2(C)CC1CC1,8.36
OPRK1,CHEMBL325347,O=C1CC[C@@]2(OCCCc3ccccc3)[C@H]3Cc4cccc(O)c4C2(CCN3CC2CC2)C1,8.35
OPRK1,CHEMBL110238,CN1CCC23c4c5ccc(O)c4O[C@H]2C(=O)C=C[C@@]3(NC(=O)/C=C/c2ccc([N+](=O)[O-])cc2)C1C5,8.35
OPRK1,CHEMBL200441,CN(C(=O)[C@H]1CCc2cc(CNS(C)(=O)=O)ccc2O1)[C@H](CN1CC[C@H](O)C1)c1ccccc1,8.35
OPRK1,CHEMBL409036,O=C(C[C@@H]1O[C@H](CO)[C@@H](O)[C@H](O)[C@H]1O)N[C@@H]1CC[C@@]2(O)[C@H]3Cc4ccc(O)c5c4[C@@]2(CCN3CC2CC2)[C@H]1O5,8.35
OPRK1,CHEMBL2048762,COc1ccc(CNc2ccc3c(c2)[C@@]24CCCC[C@H]2[C@@H](C3)N(CC2CCC2)CC4)cc1,8.35
OPRK1,CHEMBL2048763,Clc1ccc(CNc2ccc3c(c2)[C@@]24CCCC[C@H]2[C@@H](C3)N(CC2CCC2)CC4)cc1,8.35
OPRK1,CHEMBL4102311,CC(C)NC(=O)N1CCN(C(=O)Cc2ccc(Cl)c(Cl)c2)[C@@H]2[C@@H](N3CCCC3)CCC[C@@H]21,8.35
OPRK1,CHEMBL4434885,CCc1ccc2nc(N3CCC(NCC4(C)COC4)CC3)c(-c3nc(C)no3)cc2c1,8.35
OPRK1,CHEMBL4783555,N=C(N)NCCC[C@H](NC(=O)[C@H](CCC(N)=O)NC(=O)[C@@H]1CCCN1C(=O)[C@H](CCC(N)=O)NC(=O)[C@H](Cc1ccccc1)NC(=O)[C@H](Cc1ccccc1)NC(=O)[C@@H]1CCCN1C(=O)[C@@H](N)Cc1ccc(O)cc1)C(=O)N[C@@H](Cc1ccccc1)C(N)=O,8.35
OPRK1,CHEMBL5853846,CC[C@@H](Cc1ccsc1)NC(=O)NC[C@H](Cc1ccc(O)cc1)N(C)C,8.35
OPRK1,CHEMBL217379,CC[C@H](C)[C@H](NC(=O)[C@H](CCCN=C(N)N)NC(=O)[C@H](CCCN=C(N)N)NC(=O)[C@H](CC(C)C)NC(=O)[C@H](Cc1ccccc1)NC(=O)CNC(=O)CNC(=O)[C@@H](N)Cc1ccc(O)cc1)C(=O)O,8.34
OPRK1,CHEMBL22544,CC(=O)N1CCN(C(=O)Cc2cc(F)cc(F)c2)C(CN2CC[C@H](O)C2)C1,8.34
OPRK1,CHEMBL4113900,CC(C)(C)[C@@]1(C)OC(c2ccccc2)O[C@]23CC[C@@]4(C[C@@H]21)[C@H]1Cc2ccc(O)c5c2[C@@]4(CCN1CC1CC1)[C@H]3O5,8.34
OPRK1,CHEMBL4103205,Cl.Oc1cccc(CCN(CCc2cccc(O)c2)CC2CC2)c1,8.34
OPRK1,CHEMBL4248801,COc1ccc2c3c1O[C@H]1[C@@]4(OC)CC[C@@]5(C[C@]4(C)C=O)[C@@H](C2)N(CC2CC2)CC[C@]315,8.34
OPRK1,CHEMBL357297,COC(=O)/C=C1/CCN(CC2CCCCN2C(=O)Cc2ccc(Cl)c(Cl)c2)C1,8.33
OPRK1,CHEMBL575647,CC(C)(CCCCCCC(C)(C)C(=O)Oc1ccc2c(c1)[C@@]13CCCC[C@H]1[C@@H](C2)N(CC1CCC1)CC3)C(=O)OCc1ccccc1,8.33
OPRK1,CHEMBL1818336,CO[C@@H]1CCCN1S(=O)(=O)c1ccccc1-c1ccc(CNCC(C)C)cc1,8.33
OPRK1,CHEMBL3309264,CN1CC[C@]23c4c5ccc(O)c4O[C@H]2C2=C(C[C@@H](CCO)C(=O)N2Cc2ccccc2)C[C@@]3(O)[C@H]1C5,8.33
OPRK1,CHEMBL3622713,COC[C@@]1(C)C[C@@H](C(=O)OC)[C@]2(C)CC[C@H]3C(=O)O[C@H](c4ccoc4)C[C@]3(C)[C@H]2C1=O,8.33
OPRK1,CHEMBL4099840,COC(=O)N1CCN(C(=O)Cc2ccc(Cl)c(Cl)c2)[C@@H]2[C@@H](N3CC[C@@H](O)C3)CCC[C@@H]21,8.33
OPRK1,CHEMBL6067836,COc1ccc2c(c1)[C@]13CCN(CC4CC4)[C@H](C2)[C@]12CCC(N)(CO2)C3,8.33
OPRK1,CHEMBL5882320,CN(C)[C@H](CNC(=O)NCCCN1C(=O)C=CC1=O)Cc1ccc(O)cc1,8.33
OPRK1,CHEMBL610039,CCCC/N=C(\NCCCC)NCCc1ccc2[nH]c3c(c2c1)C[C@@]1(O)[C@H]2Cc4ccc(O)c5c4[C@@]1(CCN2CC1CC1)[C@H]3O5,8.32
OPRK1,CHEMBL80463,Cc1cc(O)cc(C)c1C[C@H](N)C(=O)N1Cc2ccccc2C[C@H]1CNC(=O)Nc1ccccc1,8.32
OPRK1,CHEMBL1766031,COc1cccc(CNc2nc3cc4c(cc3s2)C[C@@H]2[C@@H]3CCCC[C@]43CCN2CC2CC2)c1,8.32
OPRK1,CHEMBL3357967,CCOC(=O)Cc1c2c(n(Cc3ccccc3)c1O)[C@@H]1Oc3c(O)ccc4c3[C@@]13CCN(CC1CC1)[C@H](C4)[C@]3(O)C2,8.32
OPRK1,CHEMBL3360832,N=C(N)NCCC[C@H](N)C(=O)NCC1(Nc2ccccc2)CCN(Cc2ccccc2)CC1,8.32
OPRK1,CHEMBL3580745,Cc1cc(O)cc(C)c1C[C@H](N)C(=O)N[C@@H]1CCCCNC(=O)C[C@@H](C(N)=O)NC(=O)[C@H](Cc2ccccc2)NC(=O)[C@H](Cc2ccc(F)cc2)NC1=O,8.32
OPRK1,CHEMBL3971169,O=C1C[C@]23CCN(CC4CC4)[C@H](Cc4ccc(O)cc42)[C@]3(O)C[C@@H]1CCO,8.32
OPRK1,CHEMBL6166956,c1ccc(CCN(CCc2ccc3nc[nH]c3c2)CC2CC2)cc1,8.32
OPRK1,CHEMBL113703,CCCCN1CC[C@]2(C)c3cc(O)ccc3CC1[C@@H]2C,8.31
OPRK1,CHEMBL268105,CCNC(=O)[C@H](CC(C)C)NC(=O)[C@H](CCCN=C(N)N)NC(=O)[C@H](CCCN=C(N)N)NC(=O)[C@H](CC(C)C)NC(=O)[C@@H](Cc1ccccc1)NC(=O)CNC(=O)CNC(=O)[C@H](Cc1ccc(O)cc1)NC,8.31
OPRK1,CHEMBL217710,O=C(C/C=C/c1ccc(Cl)cc1)N[C@@]12CCC(=O)[C@@H]3Oc4c(O)ccc5c4[C@@]31CCN(CC1CC1)[C@@H]2C5,8.31
OPRK1,CHEMBL569215,Oc1cc2c(cc1CNCCCCNCc1cc3c(cc1O)[C@@]14CCCC[C@H]1[C@@H](C3)N(CC1CCC1)CC4)C[C@@H]1[C@@H]3CCCC[C@]23CCN1CC1CCC1,8.31
OPRK1,CHEMBL3580743,NC(=O)[C@@H]1CC(=O)NCCCC[C@@H](NC(=O)[C@@H](N)Cc2ccc(O)cc2)C(=O)N[C@@H](Cc2ccccc2)C(=O)N[C@@H](Cc2ccc(F)cc2F)C(=O)N1,8.31
OPRK1,CHEMBL4126803,Cc1cc(O)cc(C)c1C[C@H](N)C(=O)N[C@@H]1CSSC[C@@H](NC(=O)[C@@H](N)Cc2c(C)cc(O)cc2C)C(=O)NCC(=O)N[C@@H](Cc2ccccc2)C(=O)N2CCN(CC2)C(=O)[C@H](Cc2ccccc2)NC(=O)CNC1=O,8.31
OPRK1,CHEMBL4787274,COC(=O)[C@@H]1C=C(O)C(=O)[C@H]2[C@@]1(C)CC[C@H]1C(=O)O[C@H](c3ccoc3)C[C@]21C,8.31
OPRK1,CHEMBL5952723,CCc1noc(-c2cc3cc(C)ccc3nc2N2CC[C@H](NC3CCCCC3)[C@H](OC)C2)n1,8.31
OPRK1,CHEMBL149668,O=C(Cc1ccc(Cl)c(Cl)c1)N1CCC2(CC1CN1CCCC1)SCCS2,8.3
OPRK1,CHEMBL146750,CNC(c1cccc(O)c1)C(C)(C)C(=O)NCc1ccccc1,8.3
OPRK1,CHEMBL107157,COc1ccc2c3c1O[C@H]1C(=O)C=C[C@@]4(NC(=O)/C=C/c5ccc([N+](=O)[O-])cc5)C(C2)N(CC2CC2)CCC314,8.3
OPRK1,CHEMBL494854,O=C(N[C@@H]1CC[C@@]2(O)[C@H]3Cc4ccc(O)c5c4[C@@]2(CCN3CC2CC2)[C@H]1O5)c1ccc2ccccc2n1,8.3
OPRK1,CHEMBL2032449,CC(C)C[C@@H](NC(=O)[C@@H](Cc1ccccc1)NC(=O)[C@H](N)Cc1ccccc1)C(=O)N[C@H](CCCCN)C(=O)NCC(=O)NCC(=O)NCC(=O)NCCSC1CC(=O)N(c2ccc(CCC(=O)N3CCC3=O)cc2)C1=O,8.3
OPRK1,CHEMBL4112289,COc1ccc2c3c1O[C@H]1[C@@]4(OC)CC[C@@]5(C[C@@H]4COCc4ccc(Cl)c(Cl)c4)[C@@H](C2)[N+](C)(CC2CC2)CC[C@]315,8.3
OPRK1,CHEMBL4108808,CO[C@]12CC[C@@]3(C[C@@H]1COCc1ccccc1)[C@H]1Cc4ccc(-c5nn[nH]n5)c5c4[C@@]3(CCN1CC1CC1)[C@H]2O5,8.3
OPRK1,CHEMBL4064388,CC(C)OC(=O)CN1CCN(C(=O)Cc2ccc(Cl)c(Cl)c2)[C@@H]2[C@@H](N3CCCC3)CCC[C@@H]21,8.3
OPRK1,CHEMBL4060942,CN(C(=O)COc1ccccc1)[C@@H]1CC[C@@]2(O)[C@H]3[C@@H](O)c4ccc(O)c5c4[C@@]2(CCN3CC2CC2)[C@H]1O5,8.3
OPRK1,CHEMBL5611995,Clc1ccc(CCc2nnc(-c3ccccn3)n2Cc2cccs2)cc1Cl,8.3
OPRK1,CHEMBL6024952,Cc1noc(-c2cc3ccccc3nc2N2CCC(NC3CCCCC3)C(CO)C2)n1,8.3
OPRK1,CHEMBL5913546,Cc1ccc2cc(-c3nc(C)no3)c(N3CCC(NC4CCCCC4)C(CO)C3)nc2c1,8.3
OPRK1,CHEMBL5963720,CO[C@H]1CN(c2nc3cc(F)ccc3cc2-c2nc(C)no2)CC[C@H]1NC1CCCCC1,8.3
OPRK1,CHEMBL6060876,COCCOCCOCCOCCOCCNc1ccc(Nc2ccc3c(c2)[C@]2(C)CCN(CC4CC4)C(C3=O)[C@@H]2C)cc1,8.3
OPRK1,CHEMBL5945164,COCCOCCCCCOCCOCCNc1ccc(Nc2ccc3c(c2)[C@]2(C)CCN(CC4CC4)C(C3=O)[C@@H]2C)cc1,8.3
OPRK1,CHEMBL3409105,C=CCN1CC[C@@]2(CCCc3ccccc3)c3cc(O)ccc3O[C@H]2C1,8.29
OPRK1,CHEMBL64809,N#Cc1cccc(-c2cccn(C(CN3CCCC3)c3ccccc3)c2=O)c1,8.28
OPRK1,CHEMBL284414,O=C1NCN(c2ccccc2)C12CCN(C1CCc3ccccc31)CC2,8.28
OPRK1,CHEMBL2113303,CO[C@@]12CC[C@@]3(C[C@@H]1CNC(=O)/C=C/c1ccccc1)[C@H]1Cc4ccc(O)c5c4[C@@]3(CCN1C)[C@H]2O5,8.28
OPRK1,CHEMBL255139,CCCCOCO[C@H]1C[C@@H](C(=O)OC)[C@]2(C)CC[C@H]3C(=O)O[C@H](c4ccoc4)C[C@]3(C)[C@H]2C1=O,8.28
OPRK1,CHEMBL499868,Cl.Nc1ccc(Oc2ccc3c(c2)[C@@]24CCCC[C@@]2(O)[C@@H](C3)N(CC2CCC2)CC4)cc1,8.28
OPRK1,CHEMBL495402,C[C@H]1CN(CCO)CCN1c1cc2[nH]c(SC(C)(C)C)nc2cc1Cl,8.28
OPRK1,CHEMBL568989,CN1CC[C@]23CCCC[C@H]2[C@H]1Cc1ccc(OC(=O)Nc2ccc(I)cc2)cc13,8.28
OPRK1,CHEMBL1734997,COc1ccc(N2CCN(CCCCNC(=O)Cn3c(=O)c4cccn4c4c(C)ccnc43)CC2)cc1,8.28
OPRK1,CHEMBL2208345,CC1C2Cc3ccc(C(=O)NCCc4ccc(-c5ccc(OC(F)(F)F)cc5)cc4)cc3C1(C)CCN2CC1CC1,8.28
OPRK1,CHEMBL3590195,Cc1ccc(S(=O)(=O)N2CCc3cc(C(=O)NCCN(Cc4ccccc4)C(C)(C)C)ccc3C2)cc1,8.28
OPRK1,CHEMBL4208689,CCCCC(=N)NCCCCCCNC(=O)[C@H](CC(C)C)NC(=O)CNC(=O)[C@@]1(c2ccccc2)C[C@H]1CN1CC[C@]2(C)c3cc(O)ccc3C[C@@H]1[C@@H]2C,8.28
OPRK1,CHEMBL4646687,Oc1ccc2c3c1O[C@H]1c4ncc(-c5ccccc5)cc4C[C@@]4(OCCCc5ccccn5)[C@@H](C2)N(CC2CC2)CC[C@]314,8.28
OPRK1,CHEMBL5288478,N=C(N)NCCC[C@@H](NC(=O)c1cccc(Br)c1)C(=O)N[C@H](CCCNC(=N)N)C(=O)N[C@@H](CCC(N)=O)C(=O)N[C@@H](CC1CCCCC1)C(=O)N[C@H]1CSSC[C@@H](C(N)=O)NC1=O,8.28
OPRK1,CHEMBL5596704,O=C1CC[C@@]23C4Cc5ccc(O)c6c5[C@@]2(CCN3CN4CCc2ccccc2)C1O6,8.28
OPRK1,CHEMBL6163725,c1ccc(CCN(CCc2cccc3[nH]ncc23)CC2CCC2)cc1,8.28
OPRK1,CHEMBL138930,CC(CCN1CC[C@@](C)(c2cccc(C(N)=O)c2)[C@@H](C)C1)CC(C)(C)C,8.27
OPRK1,CHEMBL472937,O=C(N[C@@H]1CC[C@@]2(O)[C@H]3Cc4ccc(O)c5c4[C@@]2(CCN3CC2CC2)[C@H]1O5)c1cccnc1,8.27
OPRK1,CHEMBL1834413,CO[C@]12CC[C@@]3(C[C@@H]1[C@](C)(O)CC1CC4CCC1C4)[C@H]1Cc4ccc(O)c5c4[C@@]3(CCN1CC1CC1)[C@H]2O5,8.27
OPRK1,CHEMBL2179650,Oc1ccc2c3c1O[C@H]1c4ncc(-c5ccc(Cl)cc5)cc4C[C@@]4(OCc5ccccc5)[C@@H](C2)N(CC2CC2)CC[C@]314,8.27
OPRK1,CHEMBL2179649,CO[C@@]12Cc3cc(-c4ccc(Cl)cc4)cnc3[C@@H]3Oc4c(O)ccc5c4[C@@]31CCN(CC1CC1)[C@@H]2C5,8.27
OPRK1,CHEMBL3359286,COC(=O)[C@@H]1C[C@H](OC(C)=O)C(=O)[C@H]2[C@@]1(C)CC[C@H]1C(=O)O[C@H](c3ccoc3-c3ccccc3C)C[C@]21C,8.27
OPRK1,CHEMBL5280357,N=C(N)NCCC[C@@H](NC(=O)c1ccc(F)cc1)C(=O)N[C@H](CCCNC(=N)N)C(=O)N[C@@H](CCC(N)=O)C(=O)N[C@@H](CC1CCCCC1)C(=O)N[C@H]1CSSC[C@@H](C(N)=O)NC1=O,8.27
OPRK1,CHEMBL6067835,COc1ccc2c(c1)[C@]13CCN(CC4CC4)[C@H](C2)[C@]12CCC(N(Cc1ccccc1)Cc1ccccc1)(CO2)C3,8.27
OPRK1,CHEMBL60030,O=c1c(-c2ccc(Cl)cc2)cccn1C(CN1CCCC1)c1ccccc1,8.26
OPRK1,CHEMBL410611,CN[C@@H](Cc1ccc(O)cc1)C(=O)NCC(=O)NCC(=O)N[C@@H](Cc1ccc([N+](=O)[O-])cc1)C(=O)N[C@@H](CC(C)C)C(=O)N[C@@H](CCCN=C(N)N)C(=O)N[C@@H](CCCN=C(N)N)C(=O)N[C@@H](CC(C)C)C(N)=O,8.26
OPRK1,CHEMBL15496,COc1ccc(F)cc1-c1cccn(C(CN2CCC(O)C2)c2ccccc2)c1=O,8.26
OPRK1,CHEMBL28198,CCC(=O)N(c1ccccc1)[C@@]1(C(=O)OC)CCN(CCc2ccccc2)C[C@H]1C,8.26
OPRK1,CHEMBL607068,CN1CC[C@]23c4c5ccc(O)c4O[C@H]2C(=O)CC[C@@]3(NC(=O)/C=C/c2ccc([N+](=O)[O-])cc2)[C@H]1C5,8.26
OPRK1,CHEMBL4109258,CO[C@]12CC[C@@]3(C[C@@H]1COCc1ccccc1)[C@H]1Cc4ccc(C(=O)O)c5c4[C@@]3(CCN1C)[C@H]2O5,8.26
OPRK1,CHEMBL4641670,Oc1ccc2c3c1O[C@H]1c4ncc(-c5ccc(Br)cc5)cc4C[C@@]4(OCCCc5ccccc5)[C@@H](C2)N(CC2CC2)CC[C@]314,8.26
OPRK1,CHEMBL5945101,Cc1noc(-c2c(N3CCC(NC4CCOCC4)CC3)nc3c(F)cc(C(C)C)cc3c2C)n1,8.26
OPRK1,CHEMBL5760049,Cc1noc(-c2c(N3CCC(N[C@@H]4CCCOC4)CC3)nc3c(F)cc(C(C)C)cc3c2C)n1,8.26
OPRK1,CHEMBL5822414,Cc1noc(-c2c(N3CCC(N[C@H]4CCCOC4)CC3)nc3c(F)cc(C(C)C)cc3c2C)n1,8.26
OPRK1,CHEMBL5864086,Cc1noc(-c2c(N3CCC(N[C@@H]4CCOC4)CC3)nc3c(F)cc(C(C)C)cc3c2C)n1,8.26
OPRK1,CHEMBL5837890,Cc1noc(-c2c(N3CCC(N[C@H]4CCOC4)CC3)nc3c(F)cc(C(C)C)cc3c2C)n1,8.26
OPRK1,CHEMBL5919041,Cc1noc(-c2c(N3CCC(NCC4CC4)CC3)nc3c(F)cc(C(C)C)cc3c2C)n1,8.26
OPRK1,CHEMBL5858322,Cc1noc(-c2c(N3CCC(NCC4CCC4)CC3)nc3c(F)cc(C(C)C)cc3c2C)n1,8.26
OPRK1,CHEMBL5995872,Cc1noc(-c2c(N3CCC(NCC4CC4)CC3)nc3c(F)cc(C4CC4)cc3c2C)n1,8.26
OPRK1,CHEMBL6054379,Cc1noc(-c2c(N3CCC(NCC4CCC4)CC3)nc3c(F)cc(C4CC4)cc3c2C)n1,8.26
OPRK1,CHEMBL5940293,Cc1noc(-c2c(N3CCC(N[C@H]4CCCOC4)CC3)nc3c(F)cc(C4CC4)cc3c2C)n1,8.26
OPRK1,CHEMBL5786144,Cc1noc(-c2c(N3CCC(N[C@@H]4CCCOC4)CC3)nc3c(F)cc(C4CC4)cc3c2C)n1,8.26
OPRK1,CHEMBL5897582,Cc1noc(-c2c(N3CCC(NC4CCOCC4)CC3)nc3c(F)cc(C4CC4)cc3c2C)n1,8.26
OPRK1,CHEMBL5978632,Cc1noc(-c2c(N3CCC(N[C@@H]4CCOC4)CC3)nc3c(F)cc(C4CC4)cc3c2C)n1,8.26
OPRK1,CHEMBL5797443,Cc1noc(-c2c(N3CCC(N[C@H]4CCOC4)CC3)nc3c(F)cc(C4CC4)cc3c2C)n1,8.26
OPRK1,CHEMBL5787147,Cc1noc(-c2c(N3CCC(N[C@H]4CCCOC4)CC3)nc3c(F)cc(C4CCC4)cc3c2C)n1,8.26
OPRK1,CHEMBL5890490,Cc1noc(-c2c(N3CCC(N[C@@H]4CCCOC4)CC3)nc3c(F)cc(C4CCC4)cc3c2C)n1,8.26
OPRK1,CHEMBL5799994,CCc1cc2cc(-c3nc(C)no3)c(N3CCC(NC4CCOCC4)CC3)nc2cc1F,8.26
OPRK1,CHEMBL5875020,CCc1cc2cc(-c3nc(C)no3)c(N3CCC(N[C@@H]4CCCOC4)CC3)nc2cc1F,8.26
OPRK1,CHEMBL5920313,CCc1cc2cc(-c3nc(C)no3)c(N3CCC(N[C@H]4CCCOC4)CC3)nc2cc1F,8.26
OPRK1,CHEMBL5757894,CCc1cc2cc(-c3nc(C)no3)c(N3CCC(N[C@@H]4CCOC4)CC3)nc2cc1F,8.26
OPRK1,CHEMBL5872483,CCc1cc2cc(-c3nc(C)no3)c(N3CCC(N[C@H]4CCOC4)CC3)nc2cc1F,8.26
OPRK1,CHEMBL6027334,Cc1noc(-c2c(N3CCC(NC4CCOCC4)CC3)nc3cc(F)c(C4CC4)cc3c2C)n1,8.26
OPRK1,CHEMBL6012546,Cc1noc(-c2c(N3CCC(N[C@@H]4CCCOC4)CC3)nc3cc(F)c(C4CC4)cc3c2C)n1,8.26
OPRK1,CHEMBL5993355,Cc1noc(-c2c(N3CCC(N[C@H]4CCCOC4)CC3)nc3cc(F)c(C4CC4)cc3c2C)n1,8.26
OPRK1,CHEMBL5866728,Cc1noc(-c2c(N3CCC(N[C@@H]4CCOC4)CC3)nc3cc(F)c(C4CC4)cc3c2C)n1,8.26
OPRK1,CHEMBL5784577,Cc1noc(-c2c(N3CCC(N[C@H]4CCOC4)CC3)nc3cc(F)c(C4CC4)cc3c2C)n1,8.26
OPRK1,CHEMBL5856242,Cc1noc(-c2c(N3CCC(NC4CCOCC4)CC3)nc3c(F)cc(Br)cc3c2C)n1,8.26
OPRK1,CHEMBL5836160,Cc1noc(-c2c(N3CCC(N[C@@H]4CCCOC4)CC3)nc3c(F)cc(Br)cc3c2C)n1,8.26
OPRK1,CHEMBL5838463,Cc1noc(-c2c(N3CCC(N[C@H]4CCCOC4)CC3)nc3c(F)cc(Br)cc3c2C)n1,8.26
OPRK1,CHEMBL5870701,COc1cc(F)c2nc(N3CCC(N[C@@H]4CCCOC4)CC3)c(-c3nc(C)no3)c(C)c2c1,8.26
OPRK1,CHEMBL5743316,COc1cc(F)c2nc(N3CCC(N[C@@H]4CCOC4)CC3)c(-c3nc(C)no3)c(C)c2c1,8.26
OPRK1,CHEMBL5898831,COc1cc(F)c2nc(N3CCC(NC4CCOCC4)CC3)c(-c3nc(C)no3)c(C)c2c1,8.26
OPRK1,CHEMBL5977235,COc1cc(F)c2nc(N3CCC(N[C@H]4CCCOC4)CC3)c(-c3nc(C)no3)c(C)c2c1,8.26
OPRK1,CHEMBL5781055,COc1cc(F)c2nc(N3CCC(N[C@H]4CCOC4)CC3)c(-c3nc(C)no3)c(C)c2c1,8.26
OPRK1,CHEMBL5743810,COc1cc(F)c2nc(N3CCC(NCC4CC4)CC3)c(-c3nc(C)no3)c(C)c2c1,8.26
OPRK1,CHEMBL5942682,Cc1noc(-c2c(N3CCC(N[C@@H]4CCCOC4)CC3)nc3c(F)cc(OC(C)C)cc3c2C)n1,8.26
OPRK1,CHEMBL5832111,CCc1cc(Cl)c2nc(N3CCC(NC4CCOCC4)CC3)c(-c3nc(C)no3)cc2c1,8.26
OPRK1,CHEMBL5774874,CCc1cc(Cl)c2nc(N3CCC(NC4CCOCC4)CC3)c(-c3nc(C)no3)c(C)c2c1,8.26
OPRK1,CHEMBL5741337,CCc1ccc2nc(N3CCC(NC4CCOCC4)CC3)c(-c3nc(C)no3)c(Cl)c2c1,8.26
OPRK1,CHEMBL5997287,CCc1ccc2nc(N3CCC(N[C@@H]4CCCOC4)CC3)c(-c3nc(C)no3)c(C#N)c2c1,8.26
OPRK1,CHEMBL5860747,Cc1noc(-c2c(N3CCC(NC4CCOCC4)CC3)nc3c(F)cc(C(C)(F)F)cc3c2C)n1,8.26
OPRK1,CHEMBL5967141,Cc1noc(-c2c(N3CCC(N[C@@H]4CCCOC4)CC3)nc3c(F)cc(C(C)(F)F)cc3c2C)n1,8.26
OPRK1,CHEMBL5989280,Cc1noc(-c2c(N3CCC(N[C@@H]4CCOC4)CC3)nc3c(F)cc(C(C)(F)F)cc3c2C)n1,8.26
OPRK1,CHEMBL5920626,Cc1noc(-c2c(N3CCC(NC4CCOCC4)CC3)nc3c(F)cc([C@H](C)F)cc3c2C)n1,8.26
OPRK1,CHEMBL5854362,Cc1noc(-c2c(N3CCC(NC4CCOCC4)CC3)nc3c(F)cc([C@@H](C)F)cc3c2C)n1,8.26
OPRK1,CHEMBL5908680,Cc1noc(-c2cc3cc(C(F)(F)F)cc(F)c3nc2N2CCC(N[C@H]3CCCOC3)CC2)n1,8.26
OPRK1,CHEMBL5760453,Cc1noc(-c2c(N3CCC(N[C@@H]4CCCOC4)CC3)nc3c(F)cc(C(F)(F)F)cc3c2C)n1,8.26
OPRK1,CHEMBL5942741,Cc1noc(-c2c(N3CCC(N[C@H]4CCCOC4)CC3)nc3c(F)cc(C(F)(F)F)cc3c2C)n1,8.26
OPRK1,CHEMBL5822601,Cc1noc(-c2c(N3CCC(N[C@@H]4CCOC4)CC3)nc3c(F)cc(C(F)(F)F)cc3c2C)n1,8.26
OPRK1,CHEMBL5770020,Cc1noc(-c2cc3cc(CC(F)(F)F)cc(F)c3nc2N2CCC(NC3CCOCC3)CC2)n1,8.26
OPRK1,CHEMBL5802982,Cc1noc(-c2c(N3CCC(NC4CCOCC4)CC3)nc3c(F)cc(CC(F)(F)F)cc3c2C)n1,8.26
OPRK1,CHEMBL5930212,Cc1noc(-c2c(N3CCC(N[C@@H]4CCCOC4)CC3)nc3c(F)cc(CC(F)(F)F)cc3c2C)n1,8.26
OPRK1,CHEMBL5891394,Cc1noc(-c2c(N3CCC(NC4CCOCC4)CC3)nc3c(C#N)cc(CC(F)(F)F)cc3c2C)n1,8.26
OPRK1,CHEMBL5756334,Cc1noc(-c2c(N3CCC(N[C@@H]4CCOC4)CC3)nc3c(C#N)cc(CC(F)(F)F)cc3c2C)n1,8.26
OPRK1,CHEMBL5888333,Cc1noc(-c2c(N3CCC(N[C@H]4CCOC4)CC3)nc3c(C#N)cc(CC(F)(F)F)cc3c2C)n1,8.26
OPRK1,CHEMBL5784697,Cc1cc(F)c2nc(N3CCC(NC4CCOCC4)CC3)c(-c3nc(C)no3)c(C)c2c1,8.26
OPRK1,CHEMBL6013503,CCc1cc(F)c2nc(N3CC[C@@H](NC4CCOCC4)[C@@H](F)C3)c(-c3nc(C)no3)c(C)c2c1,8.26
OPRK1,CHEMBL5990866,CCc1cc(F)c2nc(N3CC[C@H](NC4CCOCC4)[C@H](F)C3)c(-c3nc(C)no3)c(C)c2c1,8.26
OPRK1,CHEMBL5893874,CCc1cc(F)c2nc(N3CC[C@H](NC4CCOCC4)[C@@H](F)C3)c(-c3nc(C)no3)c(C)c2c1,8.26
OPRK1,CHEMBL5828892,CCc1cc(F)c2nc(N3CC[C@@H](NC4CCOCC4)[C@H](F)C3)c(-c3nc(C)no3)c(C)c2c1,8.26
OPRK1,CHEMBL5773210,Cc1noc(-c2cc3cc(C#N)cc(Cl)c3nc2N2CCC(N[C@@H]3CCCOC3)CC2)n1,8.26
OPRK1,CHEMBL6057558,Cc1noc(-c2cc3cc(C#N)cc(C#N)c3nc2N2CCC(N[C@@H]3CCCOC3)CC2)n1,8.26
OPRK1,CHEMBL5916736,CCc1cc(F)c2nc(N3CCC(NCC4CC4)CC3)c(-c3nc(C)no3)c(C)c2c1,8.26
OPRK1,CHEMBL6035919,CCc1cc(F)c2nc(N3CCC(NC4CCOCC4)CC3)c(-c3noc(C)n3)c(C)c2c1,8.26
OPRK1,CHEMBL5914746,CCc1cc(F)c2nc(N3CCC(N[C@H]4CCOC4)CC3)c(-c3noc(C)n3)c(C)c2c1,8.26
OPRK1,CHEMBL5807965,CCc1cc(F)c2nc(N3CCC(N[C@@H]4CCOC4)CC3)c(-c3noc(C)n3)c(C)c2c1,8.26
OPRK1,CHEMBL5903351,CCc1cc(F)c2nc(N3CCC(N[C@H]4CCCOC4)CC3)c(-c3noc(C)n3)c(C)c2c1,8.26
OPRK1,CHEMBL6021107,CCc1cc(F)c2nc(N3CCC(N[C@@H]4CCCOC4)CC3)c(-c3noc(C)n3)c(C)c2c1,8.26
OPRK1,CHEMBL6059268,CCc1cc(F)c2nc(N3CCC(N[C@H]4CCOC4)CC3)c(-c3noc(C)n3)cc2c1,8.26
OPRK1,CHEMBL5995972,CCc1cc(F)c2nc(N3CCC(N[C@@H]4CCOC4)CC3)c(-c3noc(C)n3)cc2c1,8.26
OPRK1,CHEMBL6006827,CCc1cc2c(C)c(-c3nc(C)no3)c(N3CCC(NC4CCOCC4)CC3)nc2c(F)c1F,8.26
OPRK1,CHEMBL6022074,CCc1cc2c(C)c(-c3nc(C)no3)c(N3CCC(N[C@H]4CCOC4)CC3)nc2c(F)c1F,8.26
OPRK1,CHEMBL5874590,CCc1ccc2nc(N3CCC(NC4CCOCC4)CC3)c(-c3nc(C)no3)c(C)c2c1F,8.26
OPRK1,CHEMBL5818074,CCc1ccc2nc(N3CCC(N[C@H]4CCCOC4)CC3)c(-c3nc(C)no3)c(C)c2c1F,8.26
OPRK1,CHEMBL5748773,Cc1noc(-c2cc3cc(Cl)cc(F)c3nc2N2CCC(N[C@@H]3CCCOC3)CC2)n1,8.26
OPRK1,CHEMBL5953515,Cc1noc(-c2cc3cc(Cl)cc(F)c3nc2N2CCC(N[C@H]3CCCOC3)CC2)n1,8.26
OPRK1,CHEMBL5976319,Cc1noc(-c2c(N3CC[C@@H](NC4CCOCC4)C[C@H]3C)nc3c(F)cc(Cl)cc3c2C)n1,8.26
OPRK1,CHEMBL6025744,Cc1noc(-c2c(N3CC[C@@H](N[C@H]4CCOC4)C[C@H]3C)nc3c(F)cc(Cl)cc3c2C)n1,8.26
OPRK1,CHEMBL5762907,Cc1noc(-c2c(N3CC[C@@H](N[C@@H]4CCOC4)C[C@H]3C)nc3c(F)cc(Cl)cc3c2C)n1,8.26
OPRK1,CHEMBL5773481,Cc1noc(-c2c(N3CC[C@@H](N[C@H]4CCOC4)C[C@H]3C)nc3c(F)cc(OC(F)(F)F)cc3c2C)n1,8.26
OPRK1,CHEMBL5830325,Cc1noc(-c2c(N3CC[C@@H](NC4CCOCC4)C[C@H]3C)nc3c(F)cc(C4CC4)cc3c2C)n1,8.26
OPRK1,CHEMBL5823138,Cc1noc(-c2c(N3CC[C@@H](N[C@H]4CCOC4)C[C@H]3C)nc3c(F)cc(C4CC4)cc3c2C)n1,8.26
OPRK1,CHEMBL5917597,CCc1cc(F)c2nc(N3CC[C@@H](N[C@@H]4CCOC4)C[C@H]3C)c(-c3nc(C)no3)c(C)c2c1,8.26
OPRK1,CHEMBL6032813,CCc1cc(F)c2nc(N3CC[C@@H](NC4CCOCC4)C[C@H]3C)c(-c3nc(C)no3)c(C)c2c1,8.26
OPRK1,CHEMBL6015270,COc1cc(F)c2nc(N3CC[C@@H](N[C@H]4CCOC4)C[C@H]3C)c(-c3nc(C)no3)c(C)c2c1,8.26
OPRK1,CHEMBL5797904,COc1cc(F)c2nc(N3CC[C@@H](N[C@@H]4CCOC4)C[C@H]3C)c(-c3nc(C)no3)c(C)c2c1,8.26
OPRK1,CHEMBL5942937,COc1cc(F)c2nc(N3CC[C@@H](NC4CCOCC4)C[C@H]3C)c(-c3nc(C)no3)c(C)c2c1,8.26
OPRK1,CHEMBL5893491,Cc1noc(-c2c(N3CC[C@@H](N[C@H]4CCOC4)C[C@H]3C)nc3c(F)cccc3c2C)n1,8.26
OPRK1,CHEMBL5827126,Cc1noc(-c2c(N3CC[C@@H](N[C@@H]4CCOC4)C[C@H]3C)nc3c(F)cccc3c2C)n1,8.26
OPRK1,CHEMBL5762666,Cc1noc(-c2c(N3CC[C@@H](N[C@H]4CCOC4)C[C@H]3C)nc3c(F)cc(C(C)C)cc3c2C)n1,8.26
OPRK1,CHEMBL5871601,Cc1noc(-c2c(N3CC[C@@H](N[C@@H]4CCOC4)C[C@H]3C)nc3c(F)cc(C(C)C)cc3c2C)n1,8.26
OPRK1,CHEMBL5896286,Cc1cc(F)c2nc(N3CC[C@@H](NC4CCOCC4)C[C@H]3C)c(-c3nc(C)no3)c(C)c2c1,8.26
OPRK1,CHEMBL5887563,Cc1cc(F)c2nc(N3CC[C@H](N[C@H]4CCOC4)C[C@H]3C)c(-c3nc(C)no3)c(C)c2c1,8.26
OPRK1,CHEMBL5835446,Cc1cc(F)c2nc(N3CC[C@H](N[C@@H]4CCOC4)C[C@H]3C)c(-c3nc(C)no3)c(C)c2c1,8.26
OPRK1,CHEMBL5750090,Cc1noc(-c2c(N3CCC(NC4CCOCC4)CC3)nc3c(F)cc(Cl)cc3c2C)n1,8.26
OPRK1,CHEMBL5999037,Cc1noc(-c2c(N3CCC(N[C@H]4CCOC4)CC3)nc3c(F)cc(Cl)cc3c2C)n1,8.26
OPRK1,CHEMBL5756381,Cc1noc(-c2c(N3CCC(N[C@H]4CCCOC4)CC3)nc3c(F)cc(Cl)cc3c2C)n1,8.26
OPRK1,CHEMBL5999786,Cc1cc(F)c2nc(N3CCC(N[C@@H]4CCOC4)CC3)c(-c3nc(C)no3)c(C)c2c1,8.26
OPRK1,CHEMBL5961453,Cc1noc(-c2c(N3CCC(NC4CCOCC4)CC3)nc3c(F)cc(OC(F)(F)F)cc3c2C)n1,8.26
OPRK1,CHEMBL5796257,Cc1noc(-c2c(N3CCC(N[C@@H]4CCOC4)CC3)nc3c(F)cc(OC(F)(F)F)cc3c2C)n1,8.26
OPRK1,CHEMBL5781198,COc1cc(F)c2nc(N3CC[C@@H](N[C@@H]4CCOC4)[C@@H](F)C3)c(-c3nc(C)no3)c(C)c2c1,8.26
OPRK1,CHEMBL5868756,COc1cc(F)c2nc(N3CC[C@H](N[C@@H]4CCOC4)[C@H](F)C3)c(-c3nc(C)no3)c(C)c2c1,8.26
OPRK1,CHEMBL5958697,COc1cc(F)c2nc(N3CC[C@@H](NC4CCOCC4)[C@@H](F)C3)c(-c3nc(C)no3)c(C)c2c1,8.26
OPRK1,CHEMBL5987710,COc1cc(F)c2nc(N3CC[C@@H](NCC4CC4)[C@@H](F)C3)c(-c3nc(C)no3)c(C)c2c1,8.26
OPRK1,CHEMBL5893124,CCOc1cc(F)c2nc(N3CCC(N[C@@H]4CCOC4)CC3)c(-c3nc(C)no3)c(C)c2c1,8.26
OPRK1,CHEMBL5767997,CCOc1cc(F)c2nc(N3CCC(NC4CCOCC4)CC3)c(-c3nc(C)no3)c(C)c2c1,8.26
OPRK1,CHEMBL6038767,COc1cc(F)c2nc(N3CCC(NCC4COC4)CC3)c(-c3nc(C)no3)c(C)c2c1,8.26
OPRK1,CHEMBL5854188,CCc1cc(F)c2nc(N3CC[C@H](NC4CCOCC4)C[C@H]3C)c(-c3nc(C)no3)c(C)c2c1,8.26
OPRK1,CHEMBL5817644,Cc1cc(Cl)c2nc(N3CC[C@H](N[C@@H]4CCOC4)C[C@H]3C)c(-c3nc(C)no3)c(C)c2c1,8.26
OPRK1,CHEMBL5837211,Cc1noc(-c2c(N3CC[C@@H](N[C@@H]4CCOC4)C[C@H]3C)nc3c(F)cc(F)cc3c2C)n1,8.26
OPRK1,CHEMBL6016289,Cc1noc(-c2c(N3CC[C@@H](N[C@H]4CCOC4)C[C@H]3C)nc3c(F)cc(F)cc3c2C)n1,8.26
OPRK1,CHEMBL5791207,Cc1noc(-c2c(N3CC[C@@H](NC4CCOCC4)C[C@H]3C)nc3c(F)cc(F)cc3c2C)n1,8.26
OPRK1,CHEMBL5991983,Cc1noc(-c2c(N3CC[C@@H](N[C@@H]4CCOC4)C[C@H]3C)nc3c(F)cc(C(F)(F)F)cc3c2C)n1,8.26
OPRK1,CHEMBL5847849,Cc1noc(-c2c(N3CC[C@@H](N[C@H]4CCOC4)C[C@H]3C)nc3c(F)cc(C(F)(F)F)cc3c2C)n1,8.26
OPRK1,CHEMBL5740656,Cc1noc(-c2c(N3CC[C@@H](NC4CCOCC4)C[C@H]3C)nc3c(F)cc(C(F)(F)F)cc3c2C)n1,8.26
OPRK1,CHEMBL5815360,Cc1noc(-c2c(N3CC[C@@H](NC4CCOCC4)C[C@H]3C)nc3c(F)cc(C(C)C)cc3c2C)n1,8.26
OPRK1,CHEMBL5782261,Cc1noc(-c2c(N3CC[C@@H](N[C@@H]4CCOC4)C[C@H]3C)nc3c(C#N)cc(C#N)cc3c2C)n1,8.26
OPRK1,CHEMBL5874046,CCc1cc(C#N)c2nc(N3CC[C@@H](N[C@H]4CCOC4)C[C@H]3C)c(-c3nc(C)no3)c(C)c2c1,8.26
OPRK1,CHEMBL5848950,COc1cc(F)c2nc(N3CC[C@H](N[C@@H]4CCOC4)C[C@H]3C)c(-c3nc(C)no3)c(C)c2c1,8.26
OPRK1,CHEMBL5944247,COc1cc(F)c2nc(N3CC[C@@H](N[C@@H]4CCOC4)C[C@@H]3C)c(-c3nc(C)no3)c(C)c2c1,8.26
OPRK1,CHEMBL5851964,COc1cc(F)c2nc(N3CC[C@H](N[C@H]4CCOC4)C[C@H]3C)c(-c3nc(C)no3)c(C)c2c1,8.26
OPRK1,CHEMBL5862259,COc1cc(F)c2nc(N3CC[C@@H](N[C@H]4CCOC4)C[C@@H]3C)c(-c3nc(C)no3)c(C)c2c1,8.26
OPRK1,CHEMBL5779450,Cc1cc(F)c2nc(N3CC[C@@H](N[C@@H]4CCOC4)C[C@H]3C)c(-c3nc(C)no3)c(C)c2c1,8.26
OPRK1,CHEMBL5761698,Cc1cc(C#N)c2nc(N3CC[C@@H](NC4CCOCC4)[C@@H](F)C3)c(-c3nc(C)no3)c(C)c2c1,8.26
OPRK1,CHEMBL5962066,Cc1cc(F)c2nc(N3CC[C@@H](N[C@H]4CCOC4)C[C@H]3C)c(-c3nc(C)no3)c(C)c2c1,8.26
OPRK1,CHEMBL6009520,Cc1cc(C#N)c2nc(N3CC[C@@H](NCC4CCOCC4)C[C@H]3C)c(-c3nc(C)no3)c(C)c2c1,8.26
OPRK1,CHEMBL5832591,CCc1cc(F)c2nc(N3CC[C@@H](NC4CCOCC4)[C@@H](C)C3)c(-c3nc(C)no3)c(C)c2c1,8.26
OPRK1,CHEMBL5763777,CCc1cc(F)c2nc(N3CC[C@H](NC4CCOCC4)[C@H](C)C3)c(-c3nc(C)no3)c(C)c2c1,8.26
OPRK1,CHEMBL5821232,CCc1cc(F)c2nc(N3CCC(NC4CCOCC4)CC3)c(-c3noc(C)n3)cc2c1,8.26
OPRK1,CHEMBL6014824,CCc1cc(F)c2nc(N3CC[C@H](NC4CCOCC4)C[C@@H]3C)c(-c3nc(C)no3)c(C)c2c1,8.26
OPRK1,CHEMBL432403,CCCCCCC/N=C(\N)Cc1ccc2[nH]c3c(c2c1)C[C@@]1(O)C2Cc4ccc(O)c5c4[C@@]1(CCN2CC1CC1)[C@H]3O5,8.25
OPRK1,CHEMBL461227,CC(C)=CCN1CC[C@@]2(C)c3cc(C(N)=O)ccc3C[C@@H]1[C@@H]2C,8.25
OPRK1,CHEMBL1834409,CCC(C)(C)[C@](C)(O)[C@H]1C[C@@]23CC[C@]1(OC)[C@@H]1Oc4c(O)ccc5c4[C@@]12CCN(CC1CC1)[C@@H]3C5,8.25
OPRK1,CHEMBL4113124,O=C1C[C@]23CCN(CC4CC4)[C@H](Cc4ccc(O)cc42)[C@]3(O)C[C@@H]1Cc1ccccc1,8.25
OPRK1,CHEMBL4128853,CC1(C)SSC(C)(C)[C@H](NC(=O)[C@@H](N)Cc2ccc(O)cc2)C(=O)NCC(=O)N[C@@H](Cc2ccccc2)C(=O)N2CCN(CC2)C(=O)[C@H](Cc2ccccc2)NC(=O)CNC(=O)[C@H]1NC(=O)[C@@H](N)Cc1ccc(O)cc1,8.25
OPRK1,CHEMBL5745823,CCc1noc(-c2cc3cc(C)ccc3nc2N2CCC(NC3CCOCC3)C(OC)C2)n1,8.25
OPRK1,CHEMBL5929440,C[C@@H](CN1C(=O)C=CC1=O)NC(=O)NC[C@H](Cc1ccc(O)cc1)N(C)C,8.25
OPRK1,CHEMBL115652,O=C1NCN(c2ccccc2)C12CCN(Cc1cc3c(cc1Cl)OCO3)CC2,8.24
OPRK1,CHEMBL59995,O=c1c(-c2ccccc2C(F)(F)F)cccn1C(CN1CCCC1)c1ccccc1,8.24
OPRK1,CHEMBL347531,CNC(c1cccc(O)c1)C(C)(C)C(=O)NCC1CCCCC1,8.24
OPRK1,CHEMBL94734,CN(C(=O)Cc1ccccc1)[C@H](CN1CCCC1)c1ccccc1,8.24
OPRK1,CHEMBL197126,COC(=O)Nc1ccc2c(c1)C[C@@H](C(=O)N(C)[C@H](CN1CC[C@H](O)C1)c1ccccc1)O2,8.24
OPRK1,CHEMBL369993,CN(C(=O)CNc1ccc(NS(C)(=O)=O)cc1)[C@H](CN1CC[C@H](O)C1)c1ccccc1,8.24
OPRK1,CHEMBL556996,CCOC(C)O[C@H]1C[C@@H](C(=O)OC)[C@]2(C)CC[C@H]3C(=O)O[C@H](c4ccoc4)C[C@]3(C)[C@H]2C1=O.Cl,8.24
OPRK1,CHEMBL583274,NC(=O)[C@@H]1CSCSC[C@@H](NC(=O)[C@@H](N)Cc2ccc(O)cc2)C(=O)N[C@@H](Cc2cccc3ccccc23)C(=O)N[C@@H](Cc2ccccc2)C(=O)N1,8.24
OPRK1,CHEMBL576273,Ic1ccc(CNc2ccc3c(c2)[C@@]24CCCC[C@H]2[C@@H](C3)N(CC2CCC2)CC4)cc1,8.24
OPRK1,CHEMBL1766044,CCCNc1nc2cc3c(cc2s1)C[C@@H]1[C@@H]2CCCC[C@]32CCN1CCCF,8.24
OPRK1,CHEMBL1818331,CN(C)CCNCc1ccc(-c2ccccc2S(=O)(=O)N2CCCC2)cc1,8.24
OPRK1,CHEMBL4114002,COc1ccc2c3c1O[C@H]1[C@@]4(OC)CC[C@@]5(C[C@@H]4COCc4c(C)noc4C)[C@@H](C2)N(C)CC[C@]315,8.24
OPRK1,CHEMBL5078669,CCC(=O)N(c1ccc(Cl)c(Cl)c1)C1CCN(C(=O)[C@H](Cc2ccc(Cl)cc2)NC(=O)CNC(=O)[C@@H](C)NC(=O)[C@@H](N)Cc2c(C)cc(O)cc2C)CC1,8.24
OPRK1,CHEMBL5612437,Cc1ccc(CCc2nnc(-c3ccccn3)n2Cc2cccs2)cc1C(F)(F)F,8.24
OPRK1,CHEMBL3946351,COc1ccc2c3c1O[C@H]1[C@@]4(OC)CC[C@@]5(C[C@@H]4COCc4ccc(OC(F)(F)F)cc4)[C@@H](C2)N(C)CC[C@]315,8.24
OPRK1,CHEMBL6162154,c1ccc(CCN(CCc2ccc3nc[nH]c3c2)CC2CCC2)cc1,8.24
OPRK1,CHEMBL352965,CC[C@@]12CCN(CC3CC3)C(C(=O)c3ccc(Nc4ccccc4)cc31)[C@@H]2C,8.23
OPRK1,CHEMBL190600,CN(C(=O)Cc1ccc(CNS(=O)(=O)c2ccccc2)cc1)[C@H](CN1CC[C@H](O)C1)c1ccccc1,8.23
OPRK1,CHEMBL190353,CN(C(=O)Cc1ccc(CNS(=O)(=O)c2ccc(F)cc2)cc1)[C@H](CN1CC[C@H](O)C1)c1ccccc1,8.23
OPRK1,CHEMBL583278,NC(=O)[C@@H]1CSSC[C@@H](NC(=O)[C@@H](N)Cc2ccc(O)cc2)C(=O)N[C@@H](Cc2ccccc2)C(=O)N[C@@H](Cc2ccc3ccccc3c2)C(=O)N1,8.23
OPRK1,CHEMBL2180638,Oc1cccc(CCN(CCc2ccccc2)CC2CC2)c1,8.23
OPRK1,CHEMBL3695666,COc1ccc2c(c1)[C@]13CCN(CC4CC4)[C@H](C2)[C@@H]1CNC(=O)C3,8.23
OPRK1,CHEMBL4060558,CS(=O)(=O)N1CCN(C(=O)Cc2ccc(F)c(Cl)c2)[C@@H]2[C@@H](N3CC[C@H](O)C3)CCC[C@@H]21,8.23
OPRK1,CHEMBL3664540,C#CCOCC1CC23CCC1(OC)C1Oc4c(OC)ccc5c4[C@@]12CCN(C)[C@@H]3C5,8.23
OPRK1,CHEMBL5908700,CN(C)[C@H](CNC(=O)NCCCCN1C(=O)C=CC1=O)Cc1ccc(O)cc1,8.23
OPRK1,CHEMBL85591,CN(C(=O)Cc1cccc(N(S(C)(=O)=O)S(C)(=O)=O)c1)[C@H](CN1CCCC1)c1ccccc1,8.22
OPRK1,CHEMBL350943,COc1cccc2c1CC[C@H](N1CCCC1)[C@H]2N(C)C(=O)Cc1ccc(Cl)c(Cl)c1.CS(=O)(=O)O,8.22
OPRK1,CHEMBL70226,O=C1CCN(CC2c3ccoc3CCN2C(=O)Cc2ccc(Cl)c(Cl)c2)C1,8.22
OPRK1,CHEMBL397474,CN(C(=O)CCC(=O)Nc1ccccc1)[C@H](CN1CC[C@H](O)C1)c1ccccc1,8.22
OPRK1,CHEMBL583277,NC(=O)[C@@H]1CSCSC[C@@H](NC(=O)[C@@H](N)Cc2ccc(O)cc2)C(=O)N[C@@H](Cc2ccccc2)C(=O)N[C@@H](Cc2cccc3ccccc23)C(=O)N1,8.22
OPRK1,CHEMBL1094880,COC(=O)N1C[C@H]2[C@H](N3CCCC3)CC[C@@H]1CN2C(=O)Cc1ccc(Cl)c(Cl)c1,8.22
OPRK1,CHEMBL1204084,CC(C)[C@@H](CN1CC[C@@](C)(c2cccc(O)c2)[C@@H](C)C1)NC(=O)c1ccc2cc(O)ccc2c1.Cl,8.22
OPRK1,CHEMBL1085023,CC(C)[C@@H](CN1CC[C@@](C)(c2cccc(O)c2)[C@@H](C)C1)NC(=O)[C@@H]1CCc2cc(O)ccc2C1,8.22
OPRK1,CHEMBL1085024,CC(C)[C@@H](CN1CC[C@@](C)(c2cccc(O)c2)[C@@H](C)C1)NC(=O)[C@H]1CCc2cc(O)ccc2C1,8.22
OPRK1,CHEMBL1085025,CC(C)[C@@H](CN1CC[C@@](C)(c2cccc(O)c2)[C@@H](C)C1)NC(=O)[C@H]1Cc2ccc(O)cc2CO1,8.22
OPRK1,CHEMBL1084529,CC(C)[C@@H](CN1CC[C@@](C)(c2cccc(O)c2)[C@@H](C)C1)NC(=O)[C@@H]1Cc2ccc(O)cc2CO1,8.22
OPRK1,CHEMBL1083062,CC(C)[C@@H](CN1CC[C@@](C)(c2cccc(O)c2)[C@@H](C)C1)NC(=O)[C@H]1Cc2ccc(O)cc2CS1,8.22
OPRK1,CHEMBL1204085,CC(C)[C@@H](CN1CC[C@@](C)(c2cccc(O)c2)[C@@H](C)C1)NC(=O)[C@@H]1Cc2ccc(O)cc2CS1.Cl,8.22
OPRK1,CHEMBL1083372,CC(C)[C@@H](CN1CC[C@@](C)(c2cccc(O)c2)[C@@H](C)C1)NC(=O)[C@H]1Cc2ccc(O)cc2C[S+]1[O-],8.22
OPRK1,CHEMBL2179663,Oc1ccc2c3c1O[C@H]1c4ncc(-c5ccc(Cl)cc5)cc4C=C4[C@@H](C2)N(CC2CC2)CC[C@]431,8.22
OPRK1,CHEMBL3330665,C=C(C)CC(=O)O[C@H]1C[C@@H](C(=O)OC)[C@]2(C)CC[C@H]3C(=O)O[C@H](c4ccoc4)C[C@]3(C)[C@H]2C1=O,8.22
OPRK1,CHEMBL4561040,CCCCN1CCN(C(=O)Cc2ccc(Cl)c(Cl)c2)[C@@H]2[C@@H](N3CCCC3)CCC[C@@H]21,8.22
OPRK1,CHEMBL4864911,COc1ccc2c3c1O[C@H]1[C@@]4(OC)CC[C@@]5(C[C@@H]4c4cccc(NCC6CC6)c4)[C@@H](C2)N(CC2CC2)CC[C@]315,8.22
OPRK1,CHEMBL5801258,CO[C@@H]1CN(c2nc3ccc(C)cc3cc2-c2nc(C3CC3)no2)CC[C@@H]1NC1CCCC1,8.22
OPRK1,CHEMBL5868314,Cc1ccc2nc(N3CCC(NC4CCC(F)(F)CC4)CC3)c(-c3nc(C)no3)cc2c1,8.22
OPRK1,CHEMBL5839437,CO[C@H]1CN(c2nnc(C)cc2-c2nc(C3CC3)no2)CC[C@H]1NC1CCCCC1,8.22
OPRK1,CHEMBL109009,O=C(NCCCCc1ccccc1)c1ccc2[nH]c3c(c2c1)C[C@@]1(O)C2Cc4ccc(O)c5c4[C@@]1(CCN2CC1CC1)[C@H]3O5,8.21
OPRK1,CHEMBL192520,CNC(=O)NCc1ccc(CC(=O)N(C)[C@H](CN2CCCC2)c2ccccc2)cc1,8.21
OPRK1,CHEMBL1075629,c1cc2c(cc1OCCCOc1ccc3c(c1)[C@@]14CCCC[C@H]1[C@@H](C3)N(CC1CCC1)CC4)[C@@]13CCCC[C@H]1[C@@H](C2)N(CC1CCC1)CC3,8.21
OPRK1,CHEMBL3219933,COC(=O)[C@@H]1C[C@H](O[C@@H]2CCCCO2)C(=O)[C@H]2[C@@]1(C)CC[C@H]1C(=O)O[C@H](c3ccoc3)C[C@]21C,8.21
OPRK1,CHEMBL3634249,Cc1cc(O)cc(C)c1C[C@H](N)C(=O)N[C@@H]1CCNc2ccc(CC3CCCCC3)cc21,8.21
OPRK1,CHEMBL4641271,CN(C)c1ccc(-c2cnc3c(c2)C[C@@]2(OCCCc4ccccc4)[C@H]4Cc5ccc(O)c6c5[C@@]2(CCN4CC2CC2)[C@H]3O6)cc1,8.21
OPRK1,CHEMBL5171735,COc1ccc([C@@H](O)[C@]2(C)C[C@@]34CC[C@]2(OC)[C@@H]2Oc5c(OC)ccc6c5[C@@]23CCN(CC2CC2)[C@@H]4C6)cc1,8.21
OPRK1,CHEMBL344342,O=C(Cc1ccc(Cl)c(Cl)c1)N1CCCCC1CN1CC=CCC1,8.2
OPRK1,CHEMBL107655,CCCCNC(=O)NCCc1ccc2[nH]c3c(c2c1)C[C@@]1(O)C2Cc4ccc(O)c5c4[C@@]1(CCN2CC1CC1)[C@H]3O5,8.2
OPRK1,CHEMBL149280,CNC(c1cccc(O)c1)C(C)(C)C(=O)NCCc1ccccc1,8.2
OPRK1,CHEMBL276970,CC(=O)N1CCN(C(=O)Cc2ccc([N+](=O)[O-])cc2)C(CN2CC[C@H](O)C2)C1,8.2
OPRK1,CHEMBL14680,O=C(CSSCC(=O)N[C@@]12CCC(=O)[C@@H]3Oc4c(O)ccc5c4[C@@]31CCN(CC1CCC1)[C@@H]2C5)N[C@@]12CCC(=O)[C@@H]3Oc4c(O)ccc5c4[C@@]31CCN(CC1CCC1)[C@@H]2C5,8.2
OPRK1,CHEMBL222647,Oc1ccc2c3c1O[C@H]1c4c(c5c(n4Cc4ccccc4)CCCC5)C[C@@]4(O)C(C2)N(CC2CC2)CC[C@]314,8.2
OPRK1,CHEMBL500407,CN(CC(=O)N1CCN(c2ccc(F)c(F)c2)CC1CN1CCCC1)c1ccc(Cl)c(Cl)c1,8.2
OPRK1,CHEMBL470617,C[N+]1(CC2CC2)CC[C@]23c4c5ccc(O)c4O[C@H]2C(=O)CC[C@@]3(O)[C@H]1C5.[I-],8.2
OPRK1,CHEMBL3695668,O=C1C[C@]23CCN(CC4CC4)[C@H](Cc4ccc(O)cc42)[C@@H]3CN1Cc1ccc(O)cc1,8.2
OPRK1,CHEMBL1766021,CN1CC[C@]23CCCC[C@H]2[C@H]1Cc1cc2sc(N)nc2cc13,8.19
OPRK1,CHEMBL607069,COc1ccc2c3c1O[C@H]1C(=O)CC[C@@]4(NC(=O)/C=C/c5ccc(Cl)cc5)[C@@H](C2)N(C)CC[C@]314,8.19
OPRK1,CHEMBL378767,COC(=O)[C@@H]1C[C@@H](OC(C)=O)C(=O)[C@H]2[C@@]1(C)CC[C@H]1C(=O)O[C@H](c3ccoc3)C[C@]21C,8.19
OPRK1,CHEMBL230502,CN(C(=O)NCC(=O)Nc1ccccc1)[C@H](CN1CC[C@H](O)C1)c1ccccc1,8.19
OPRK1,CHEMBL1824518,CN1CCC(C(=O)N[C@@H]2CC[C@@]3(O)[C@H]4Cc5ccc(O)c6c5[C@@]3(CCN4CC3CC3)[C@H]2O6)CC1.Cl,8.19
OPRK1,CHEMBL1852475,CN1CCC(C(=O)N[C@@H]2CC[C@@]3(O)[C@H]4Cc5ccc(O)c6c5[C@@]3(CCN4CC3CC3)[C@H]2O6)CC1,8.19
OPRK1,CHEMBL2390967,CN(C(=O)Cc1ccccc1)[C@H]1C[C@]2(CCCO2)CC[C@@H]1N1CCCC1,8.19
OPRK1,CHEMBL3359792,COC(=O)[C@@H]1C[C@H](OC(C)=O)C(=O)[C@H]2[C@@]1(C)CC[C@H]1C(=O)O[C@H](c3ccoc3-c3ccoc3)C[C@]21C,8.19
OPRK1,CHEMBL4451186,COc1ccc2c3c1O[C@H]1[C@@]4(OC)CC[C@@]5(C[C@@H]4c4ccc(N)cc4)[C@@H](C2)N(CC2CC2)CC[C@]315,8.19
OPRK1,CHEMBL3664541,C=CCOCC1CC23CCC1(OC)C1Oc4c(OC)ccc5c4[C@@]12CCN(C)[C@@H]3C5,8.19
OPRK1,CHEMBL5998144,Cc1cc(O)cc(C)c1C[C@@H](CNC(=O)N[C@@H](C)Cc1ccsc1)N(C)C,8.19
OPRK1,CHEMBL2369370,CC(C)C[C@H](NC(=O)[C@H](Cc1ccccc1)NC(=O)[C@@H]1CCCN1C(=O)CNC(=O)[C@@H](N)Cc1ccc(O)cc1)C(=O)N[C@@H](CCCN=C(N)N)C(=O)N[C@@H](CCCN=C(N)N)C(=O)N[C@@H](CCCN=C(N)N)C(N)=O,8.18
OPRK1,CHEMBL266538,CSCC[C@H](NC(=O)[C@H](Cc1ccccc1)NC(=O)[C@H](CCCN=C(N)N)NC(C)=O)C(=O)N[C@@H](Cc1c[nH]c2ccccc12)C(=O)N[C@@H](CCSC)C(=O)N[C@@H](CCCN=C(N)N)C(=O)N[C@@H](CCCN=C(N)N)C(=O)N[C@@H](C)C(=O)N[C@@H](CCCN=C(N)N)C(=O)N1CCC[C@H]1C(=O)N[C@@H](CCCCN)C(N)=O,8.18
OPRK1,CHEMBL373446,C[C@H]1CN2CCN(Cc3cccs3)C[C@H]2C[C@@]1(C)c1cccc(O)c1,8.18
OPRK1,CHEMBL242757,Nc1nc2cc3c(cc2o1)[C@@]12CCCC[C@H]1[C@@H](C3)N(CC1CCC1)CC2,8.18
OPRK1,CHEMBL4112358,CO[C@]12CC[C@@]3(C[C@@H]1CNCc1ccccc1)[C@H]1Cc4ccc(O)c5c4[C@@]3(CCN1CC1CC1)[C@H]2O5,8.18
OPRK1,CHEMBL3930597,COc1ccc2c3c1O[C@H]1[C@@]4(OC)CC[C@@]5(C[C@@H]4COC(=O)[C@H](C)N)[C@@H](C2)N(CC2CC2)CC[C@]315,8.18
OPRK1,CHEMBL4063074,Cc1cc(C)cc(C2CCCN2Cc2ccc(Oc3ccc(C(N)=O)cc3F)cc2)c1,8.18
OPRK1,CHEMBL4644543,Oc1ccc2c3c1O[C@H]1c4ncc(-c5ccc(F)cc5)cc4C[C@@]4(OCCCc5ccccc5)[C@@H](C2)N(CC2CC2)CC[C@]314,8.18
OPRK1,CHEMBL4636598,COc1cc(-c2cnc3c(c2)C[C@@]2(OCCCc4ccccc4)[C@H]4Cc5ccc(O)c6c5[C@@]2(CCN4CC2CC2)[C@H]3O6)ccn1,8.18
OPRK1,CHEMBL4876542,COc1ccc2c3c1O[C@H]1[C@@]4(OC)CC[C@@]5(C[C@@H]4c4cccc(NCc6ccc(N)cc6)c4)[C@@H](C2)N(CC2CC2)CC[C@]315,8.18
OPRK1,CHEMBL5910088,CO[C@H]1CN(c2nc3ccccc3nc2-c2nc(C)no2)CC[C@H]1NC1CCCCC1,8.18
OPRK1,CHEMBL56356,C[C@H]1[C@H]2Cc3cc4sc(N)nc4cc3[C@]1(C)CCN2CC1CC1,8.17
OPRK1,CHEMBL551074,CS(=O)(=O)O[C@@H]1CC[C@@]2(O)[C@H]3Cc4ccc(O)c5c4[C@@]2(CCN3CC2CC2)[C@H]1O5,8.17
OPRK1,CHEMBL3219937,CCO[C@@H](C)O[C@H]1C[C@@H](C(=O)OC)[C@]2(C)CC[C@H]3C(=O)O[C@H](c4ccoc4)C[C@]3(C)[C@H]2C1=O,8.17
OPRK1,CHEMBL3359294,COC(=O)[C@@H]1C[C@H](OC(C)=O)C(=O)[C@H]2[C@@]1(C)CC[C@H]1C(=O)O[C@H](c3ccoc3-c3ccco3)C[C@]21C,8.17
OPRK1,CHEMBL4114384,COc1ccc2c3c1O[C@H]1[C@@]4(OC)CC[C@@]5([C@@H](CC#N)[C@@H]4COCc4ccccc4)[C@@H](C2)N(CC2CC2)CC[C@]315,8.17
OPRK1,CHEMBL4203753,C[C@H]1[C@H]2Cc3cc4sc(N)nc4cc3[C@@]1(C)CCN2CC1CC1,8.17
OPRK1,CHEMBL4217097,CCCCC(=N)NCCCCCNC(=O)[C@H](CC(C)C)NC(=O)CNC(=O)[C@@]1(c2ccccc2)C[C@H]1CN1CC[C@]2(C)c3cc(O)ccc3C[C@@H]1[C@@H]2C,8.17
OPRK1,CHEMBL1186579,C[N+]1(CC2CC2)CC[C@]23c4c5ccc(O)c4O[C@H]2C(=O)CC[C@@]3(O)[C@H]1C5,8.17
OPRK1,CHEMBL5267287,N=C(N)NCCC[C@H](NC(=O)[C@@H]1CCC(=O)N1)C(=O)N[C@@H](CCCNC(=N)N)C(=O)N[C@@H](CCC(N)=O)C(=O)N[C@@H](CC1CCCCC1)C(=O)N[C@H]1CSSC[C@@H](C(N)=O)NC1=O,8.17
OPRK1,CHEMBL5271178,N=C(N)NCCC[C@@H](NC(=O)c1cccc(Cl)c1)C(=O)N[C@H](CCCNC(=N)N)C(=O)N[C@@H](CCC(N)=O)C(=O)N[C@@H](CC1CCCCC1)C(=O)N[C@H]1CSSC[C@@H](C(N)=O)NC1=O,8.17
OPRK1,CHEMBL6171024,CS(=O)(=O)Nc1cccc(CCN(CCc2ccccc2)CC2CCC2)c1,8.17
OPRK1,CHEMBL6152115,Cn1cc(CCN(CCc2cccc3[nH]c(=O)n(C)c23)CC2CCC2)cn1,8.17
OPRK1,CHEMBL610034,CCCC/N=C(\NCCCC)Nc1ccc2[nH]c3c(c2c1)C[C@@]1(O)[C@H]2Cc4ccc(O)c5c4[C@@]1(CCN2CC1CC1)[C@H]3O5,8.16
OPRK1,CHEMBL70,CN1CC[C@]23c4c5ccc(O)c4O[C@H]2[C@@H](O)C=C[C@H]3[C@H]1C5,8.16
OPRK1,CHEMBL275176,COc1ccc(OC)c(-c2cccn(C(CN3CCC(O)C3)c3ccccc3)c2=O)c1,8.16
OPRK1,CHEMBL62663,CCC(=O)N1CCN(C(=O)Cc2ccc(Cl)c(Cl)c2)C(CN2CCCC2)C1,8.16
OPRK1,CHEMBL386665,CCC(=O)N(C)[C@@H]1C[C@@H](C(=O)OC)[C@]2(C)CC[C@H]3C(=O)O[C@H](c4ccoc4)C[C@]3(C)[C@H]2C1=O,8.16
OPRK1,CHEMBL1766037,CC(=O)N(C)c1nc2cc3c(cc2s1)C[C@@H]1[C@@H]2CCCC[C@]32CCN1CC1CC1,8.16
OPRK1,CHEMBL4096405,O=C(Cc1ccc(Cl)cc1)N1CCN(S(=O)(=O)Cc2ccon2)[C@H]2CCC[C@H](N3CC[C@H](O)C3)[C@H]21,8.16
OPRK1,CHEMBL6162349,COc1ccc2c3c1O[C@H]1[C@@]4(OC)C=C[C@@]5(C[C@@H]4C(=O)c4cccc(NC(=O)c6cnn(C)c6)c4)[C@@H](C2)N(CC2CC2)CC[C@]315,8.16
OPRK1,CHEMBL541804,CN(C(=O)Cc1cccc2sccc12)[C@@H]1CCCC[C@H]1N1CCC(CO)C1.Cl,8.15
OPRK1,CHEMBL170384,C[C@H]1C2Cc3cc4cc[nH]c4cc3[C@@]1(C)CCN2CC1CC1,8.15
OPRK1,CHEMBL1449023,O=C(Nc1nc2ccccc2n1CCN1CCCC1)c1ccc(Cl)cc1,8.15
OPRK1,CHEMBL2396991,CC[C@@H]1CN2CC[C@@]34OCCO[C@@]3(Nc3ccc(F)c(OC)c34)[C@@H]2C[C@@H]1/C(=C\OC)C(=O)OC,8.15
OPRK1,CHEMBL3330670,COC(=O)[C@@H]1C[C@H](OC(=O)/C=C/c2ccccc2)C(=O)[C@H]2[C@@]1(C)CC[C@H]1C(=O)O[C@H](c3ccoc3)C[C@]21C,8.15
OPRK1,CHEMBL3393991,O=C(Nc1nc2ccccc2n1CCN1CCCC1)c1ccc(Cl)c(Cl)c1,8.15
OPRK1,CHEMBL3691871,CO[C@]12CC[C@@]3(C[C@@H]1CNC(=O)[C@H](CC(=O)O)NC(C)=O)[C@H]1Cc4ccc(O)c5c4[C@@]3(CCN1CC1CC1)[C@H]2O5,8.15
OPRK1,CHEMBL4461844,CCc1ccc2nc(N3CCC(NC4CCOCC4)CC3)c(-c3nc(C)no3)cc2c1,8.15
OPRK1,CHEMBL4471560,Cc1cc(O)cc(C)c1C[C@H](N)C(=O)N[C@@H]1CCN(S(C)(=O)=O)c2ccc(Cc3cnc4ccccc4c3)cc21.O=C(O)C(F)(F)F,8.15
OPRK1,CHEMBL5929427,C/C(N)=C/C(=C(\N)N1CCC(NC2CCCCC2)C(CO)C1)c1nc(C)no1,8.15
OPRK1,CHEMBL5900058,Cc1ccc2cc(-c3nc(C)no3)c(N3CC[C@@H](NC4CCCCC4)[C@H](O)C3)nc2c1,8.15
OPRK1,CHEMBL5765125,Cc1ccc2nc(N3CCC(NC4CCCCC4CO)CC3)c(-c3nc(C)no3)cc2c1,8.15
OPRK1,CHEMBL5858533,Cc1noc(-c2cc3ccc(F)cc3nc2N2CCC(NC3CCCCC3)CC2)n1,8.15
OPRK1,CHEMBL5982141,CCc1ccc2nc(N3CCC(N[C@H](C)C(C)C)CC3)c(-c3nc(C)no3)cc2c1,8.15
OPRK1,CHEMBL5770937,Cc1cc(-c2nc(C)no2)c(N2CCC(NC3CCCCC3)C(CO)C2)nn1,8.15
OPRK1,CHEMBL201219,O=C(/C=C/C(=O)Nc1ccc2c(c1)[C@@]13CCCCC1[C@@H](C2)N(CC1CCC1)CC3)Nc1ccc2c(c1)[C@@]13CCCCC1[C@@H](C2)N(CC1CCC1)CC3,8.14
OPRK1,CHEMBL3359814,COC(=O)[C@@H]1C[C@H](OC(C)=O)C(=O)[C@H]2[C@@]1(C)CC[C@H]1C(=O)O[C@H](c3ccoc3C=O)C[C@]21C,8.14
OPRK1,CHEMBL4860416,COc1ccc2c3c1O[C@H]1[C@@]4(OC)CC[C@@]5(C[C@@H]4c4cccc(NCC6CCC6)c4)[C@@H](C2)N(CC2CC2)CC[C@]315,8.14
OPRK1,CHEMBL222486,CCn1c2c(c3c1[C@@H]1Oc4c(O)ccc5c4[C@@]14CCN(CC1CC1)C(C5)[C@]4(O)C3)CCCC2,8.13
OPRK1,CHEMBL558140,Cl.Oc1ccc2c3c1O[C@H]1[C@H](O)CC[C@@]4(O)[C@@H](C2)N(CC2CC2)CC[C@]314,8.13
OPRK1,CHEMBL4110144,CN(C)[C@@H]1CN(c2nc3ccccc3n([C@H]3C[C@H]4CCC[C@@H](C3)N4[C@@H]3C[C@@H]4CCCC[C@@H](C4)C3)c2=O)[C@@H]1C(=O)O,8.13
OPRK1,CHEMBL15498,O=c1c(-c2ccc(OC(F)(F)F)cc2)cccn1C(CN1CCC(O)C1)c1ccccc1,8.12
OPRK1,CHEMBL189571,CO[C@H]1Cc2ccc(O)cc2C(C)(C)[C@@H]1NC/C=C/c1ccccc1,8.12
OPRK1,CHEMBL201220,O=C(CCCCCCCCC(=O)Nc1ccc2c(c1)[C@@]13CCCCC1[C@@H](C2)N(CC1CCC1)CC3)Nc1ccc2c(c1)[C@@]13CCCCC1[C@@H](C2)N(CC1CCC1)CC3,8.12
OPRK1,CHEMBL263482,COc1ccc2c3c1O[C@H]1C(=O)CC[C@@]4(NC(=O)CCCc5ccc(Cl)cc5)[C@@H](C2)N(CC2CC2)CC[C@]314,8.12
OPRK1,CHEMBL1818339,CC(C)N(C)S(=O)(=O)c1ccccc1-c1ccc(CNC2CCCC2)cc1,8.12
OPRK1,CHEMBL3582485,NC(=O)[C@@H]1CC(=O)NCCCC[C@@H](NC(=O)[C@@H](N)Cc2ccc(O)cc2)C(=O)N[C@@H](Cc2ccc(F)cc2F)C(=O)N[C@@H](Cc2ccccc2)C(=O)N1,8.12
OPRK1,CHEMBL4114481,CCC(C)C[C@H]1C[C@@]2(O)[C@H]3Cc4ccc(O)cc4[C@@]2(CCN3CC2CC2)CC1=O,8.12
OPRK1,CHEMBL4072327,CN(C(=O)CCCc1ccccc1)[C@@H]1CC[C@@]2(O)[C@H]3[C@@H](O)c4ccc(O)c5c4[C@@]2(CCN3CC2CC2)[C@H]1O5,8.12
OPRK1,CHEMBL60542,CC(C)=CCN1CC[C@]2(C)c3cc(O)ccc3C[C@H]1[C@H]2C,8.12
OPRK1,CHEMBL2113378,CN1CC[C@]23c4c5ccc(O)c4O[C@H]2c2[nH]c4ccccc4c2C[C@@]3(NCCCc2ccccc2)C1C5,8.11
OPRK1,CHEMBL2304424,C[C@@]12Oc3c(O)ccc4c3[C@@]13CCN(CC1CC1)[C@H](C4)[C@]3(NC(=O)CSSCC(=O)N[C@@]13CCC(=O)[C@]4(C)Oc5c(O)ccc6c5[C@@]41CCN(CC1CC1)[C@@H]3C6)CCC2=O,8.11
OPRK1,CHEMBL606959,CN1CC[C@]23c4c5ccc(O)c4O[C@H]2c2[nH]c4c(c2C[C@@]3(O)[C@H]1C5)C[C@@]1(O)[C@H]2Cc3ccc(O)c5c3[C@@]1(CCN2C)[C@H]4O5,8.11
OPRK1,CHEMBL511302,C[N+]1(CC2CC2)CC[C@]23CC(=O)CC[C@@]2(O)[C@H]1Cc1ccc(C(N)=O)c(O)c13.[I-],8.11
OPRK1,CHEMBL3086466,C[C@@H]1CN(CCCc2ccccc2)[C@@H]2CCC[C@]1(c1cccc(O)c1)C2.Cl,8.11
OPRK1,CHEMBL4542404,COc1ccc2c3c1O[C@H]1[C@@]4(OC)CC[C@@]5(C[C@@H]4c4ccc(NC(C)=O)cc4)[C@@H](C2)N(CC2CC2)CC[C@]315,8.11
OPRK1,CHEMBL5276505,N=C(N)NCCC[C@@H](NC(=O)[C@@H]1CCC(=O)N1)C(=O)N[C@H](CCCNC(=N)N)C(=O)N[C@@H](CCC(N)=O)C(=O)N[C@@H](CC1CCCCC1)C(=O)N[C@H]1C[Se]SC[C@@H](C(N)=O)NC1=O,8.11
OPRK1,CHEMBL6102129,C/C=C1/CN2CC[C@]34C(=C(C(=O)OC)[C@H]1C[C@H]23)Nc1ccc(-c2ccsc2)cc14,8.11
OPRK1,CHEMBL378635,CCO[C@H]1C[C@@H](C(=O)OC)[C@]2(C)CC[C@H]3C(=O)O[C@H](c4ccoc4)C[C@]3(C)[C@H]2C1=O,8.1
OPRK1,CHEMBL475310,CC(C)CNCCN1CN(c2ccccc2)C2(CCN(Cc3c(Cl)cccc3Cl)CC2)C1=O,8.1
OPRK1,CHEMBL3394000,O=C(Nc1nc2ccccc2n1CCN1CCCC1)c1ccc[nH]1,8.1
OPRK1,CHEMBL3786970,O=C1C[C@]23CCN(CC4CC4)[C@H](Cc4ccc(O)cc42)[C@]3(O)C/C1=C\c1ccccc1,8.1
OPRK1,CHEMBL4106544,COc1ccc2c3c1O[C@H]1[C@@]4(OC)CC[C@@]5(C[C@@H]4CSc4nc6ccccc6s4)[C@@H](C2)N(CC2CC2)CC[C@]315,8.1
OPRK1,CHEMBL4088788,CS(=O)(=O)N1CCN(C(=O)Cc2ccc(Cl)c(F)c2)[C@@H]2[C@@H](N3CC[C@H](O)C3)CCC[C@@H]21,8.1
OPRK1,CHEMBL4088589,CO[C@@]12CCC[C@]3(C)Oc4c(O)ccc5c4[C@@]31CCN(C)[C@@H]2C5,8.1
OPRK1,CHEMBL4521319,Cc1cc(O)cc(C)c1C[C@H](N)C(=O)N[C@@H]1CCN(S(C)(=O)=O)c2ccc(Cc3ccccc3)cc21.O=C(O)C(F)(F)F,8.1
OPRK1,CHEMBL4459271,Cc1cc(O)cc(C)c1C[C@H](N)C(=O)N[C@@H]1CCN(S(C)(=O)=O)c2ccc(Cc3cc4ccccc4o3)cc21.O=C(O)C(F)(F)F,8.1
OPRK1,CHEMBL4649485,CN(C)c1ccccc1-c1cnc2c(c1)C[C@@]1(OCCCc3ccccc3)[C@H]3Cc4ccc(O)c5c4[C@@]1(CCN3CC1CC1)[C@H]2O5,8.1
OPRK1,CHEMBL4873458,COc1ccc2c3c1O[C@H]1[C@@]4(OC)CC[C@@]5(C[C@@H]4c4cccc(NCc6ccc(Cl)nc6)c4)[C@@H](C2)N(CC2CC2)CC[C@]315,8.1
OPRK1,CHEMBL5182362,C[C@@H]1NC(=O)[C@H](Cc2c[nH]c3ccccc23)NC(=O)[C@H](Cc2ccccc2)NC(=O)[C@H]2CCCN2C1=O,8.1
OPRK1,CHEMBL5277326,CN(C)CC1CN(CCc2cccc(C(F)(F)F)c2)CCC1(O)c1cccc(O)c1,8.1
OPRK1,CHEMBL3900482,COc1ccc2c3c1O[C@H]1[C@@]4(OC)CC[C@@]5(C[C@@H]4COCc4ccc(C(C)(C)C)cc4)[C@@H](C2)N(CC2CC2)CC[C@]315,8.1
OPRK1,CHEMBL5907519,Cc1noc(-c2cc3ccccc3nc2N2CCC(NC3CCOCC3)CC2)n1,8.1
OPRK1,CHEMBL5783738,CCC(CC)NC1CCN(c2nc3ccccc3cc2-c2nc(C)no2)CC1,8.1
OPRK1,CHEMBL5826470,Cc1ccc2nc(N3CCC(NC4CCCCC4F)CC3)c(-c3nc(C)no3)cc2c1,8.1
OPRK1,CHEMBL5816064,Cc1ccc2nc(N3CCC(NC4CCOC4)CC3)c(-c3nc(C)no3)cc2c1,8.1
OPRK1,CHEMBL5776482,COC1CN(c2nc3ccccc3cc2-c2nc(C)no2)CCC1NC1CCOCC1,8.1
OPRK1,CHEMBL5942619,Cc1ccc2nc(N3CCC(NCC(C)O)CC3)c(-c3nc(C)no3)cc2c1,8.1
OPRK1,CHEMBL5945207,COC1CN(c2nc3c(C)cc(C)cc3cc2-c2nc(C)no2)CCC1NCC(C)C,8.1
OPRK1,CHEMBL5962283,Cc1nc(-c2cc3ccc(F)cc3nc2N2CCC(NC3CCCCC3)CC2)no1,8.1
OPRK1,CHEMBL323398,CCCCCCNC(=O)NCCc1ccc2[nH]c3c(c2c1)C[C@@]1(O)C2Cc4ccc(O)c5c4[C@@]1(CCN2CC1CC1)[C@H]3O5,8.09
OPRK1,CHEMBL1188090,CCCN(CCc1ccccc1)CCc1cccc(O)c1,8.09
OPRK1,CHEMBL2315359,CC(C)CN1CC[C@H]2c3c(ccc(O)c3O)C[C@@H]1[C@]2(O)CCCN(C)C(=O)/C=C/c1ccoc1.Cl,8.09
OPRK1,CHEMBL3217051,CCN[C@H]1C[C@H]2C[C@@](c3cccc(O)c3)(C1)[C@H](C)CN2CCCc1ccccc1.Cl.Cl,8.09
OPRK1,CHEMBL4092106,CNC(=O)C(=O)N1CCN(C(=O)Cc2ccc(Cl)c(Cl)c2)[C@@H]2[C@@H](N3CCCC3)CCC[C@@H]21,8.09
OPRK1,CHEMBL4483681,CC(C)(C)OC(=O)N1CCN(C(=O)Cc2ccc(Cl)c(Cl)c2)[C@@H]2[C@@H](N3CCCC3)CCC[C@@H]21,8.09
OPRK1,CHEMBL278708,Cc1cc(-c2cccn(C(CN3CCC(O)C3)c3ccccc3)c2=O)ccc1F,8.08
OPRK1,CHEMBL376690,C[C@H]1CN2CCN(Cc3ccccc3)C[C@H]2C[C@@]1(C)c1cccc(O)c1,8.08
OPRK1,CHEMBL2364732,[11CH3]n1c2c(c3ccccc31)C[C@@]1(O)[C@H]3Cc4ccc(O)c5c4[C@@]1(CCN3CC1CC1)[C@H]2O5,8.08
OPRK1,CHEMBL481366,CC1(N2CCC(n3c([C@H]4CCCNC4)nc4ccccc43)CC2)CCCCCCC1,8.08
OPRK1,CHEMBL1081250,CCCCCCCCC(O)COc1ccc2c(c1)[C@@]13CCCC[C@H]1[C@@H](C2)N(CC1CCC1)CC3,8.08
OPRK1,CHEMBL1818232,CC(C)(C)CCNCc1ccc(-c2cccnc2S(=O)(=O)N2CCCC2)cc1,8.08
OPRK1,CHEMBL3359277,COC(=O)[C@@H]1C[C@H](OC(C)=O)C(=O)[C@H]2[C@@]1(C)CC[C@H]1C(=O)O[C@H](c3ccoc3-c3ccccc3C(F)(F)F)C[C@]21C,8.08
OPRK1,CHEMBL3634250,CC(=O)N1CC[C@@H](NC(=O)[C@@H](N)Cc2c(C)cc(O)cc2C)c2cc(CC3CCCCC3)ccc21,8.08
OPRK1,CHEMBL3969293,CCOC(=O)CC[C@H]1[C@H](COCc2ccccc2)[C@]2(OC)CC[C@]13[C@H]1Cc4ccc(OC)c5c4[C@@]3(CCN1CC1CC1)[C@H]2O5,8.08
OPRK1,CHEMBL4644731,Cn1cc(-c2cnc3c(c2)C[C@@]2(OCCCc4ccccc4)[C@H]4Cc5ccc(O)c6c5[C@@]2(CCN4CC2CC2)[C@H]3O6)cn1,8.08
OPRK1,CHEMBL85423,CN(C(=O)Cc1ccccc1N(S(C)(=O)=O)S(C)(=O)=O)[C@H](CN1CCCC1)c1ccccc1,8.07
OPRK1,CHEMBL378355,C[C@@H]1[C@@H]2Cc3ccc(C(=O)NCCc4ccc(-c5ccccc5)cc4)cc3[C@]1(C)CCN2CC1CC1,8.07
OPRK1,CHEMBL500123,Cl.OCCCOc1ccc2c(c1)[C@@]13CCCC[C@@]1(O)[C@@H](C2)N(CC1CCC1)CC3,8.07
OPRK1,CHEMBL468857,C[C@H]1C2Cc3ccc4c(NCCc5ccc(-c6ccccc6)cc5)ncnc4c3[C@@]1(C)CCN2CC1CC1,8.07
OPRK1,CHEMBL1818329,COC[C@H](C)NCc1ccc(-c2ccccc2S(=O)(=O)N2CCCC2)cc1,8.07
OPRK1,CHEMBL2048777,COc1ccc(CN(C)c2ccc3c(c2)[C@@]24CCCC[C@H]2[C@@H](C3)N(CC2CCC2)CC4)cc1,8.07
OPRK1,CHEMBL3359290,COC(=O)[C@@H]1C[C@H](OC(C)=O)C(=O)[C@H]2[C@@]1(C)CC[C@H]1C(=O)O[C@H](c3ccoc3-c3cccc(OC)c3)C[C@]21C,8.07
OPRK1,CHEMBL4459592,CN1/C(=C/C=C/C2=[N+](CCCCCC(=O)NCCCNC(=N)Nc3ccc4[nH]c5c(c4c3)C[C@@]3(O)[C@H]4Cc6ccc(O)c7c6[C@@]3(CCN4CC3CC3)[C@H]5O7)c3ccc(S(=O)(=O)[O-])cc3C2(C)C)C(C)(C)c2cc(S(=O)(=O)O)ccc21,8.07
OPRK1,CHEMBL6024022,Cc1ccc2nc(N3CC[C@@H](NC4CCCCC4)[C@H](O)C3)c(-c3nc(C)no3)cc2c1,8.07
OPRK1,CHEMBL280037,O=c1c(-c2ccc(C(F)(F)F)cc2)cccn1C(CN1CCCC1)c1ccccc1,8.06
OPRK1,CHEMBL192734,CN(C(=O)Cc1cccc(CN)c1)[C@H](CN1CCCC1)c1ccccc1,8.06
OPRK1,CHEMBL1818325,O=S(=O)(c1ccccc1-c1ccc(CN2CCC(CCO)CC2)c(F)c1)N1CCCCC1,8.06
OPRK1,CHEMBL6145959,CC(Cc1ccc2nc[nH]c2c1)N(CCc1ccccc1)CC1CC1,8.06
OPRK1,CHEMBL611139,COc1ccc2c3c1O[C@H]1C(=O)CC[C@@]4(NC(=O)/C=C/c5ccccc5Cl)[C@@H](C2)N(CC2CC2)CC[C@]314,8.05
OPRK1,CHEMBL222762,Oc1ccc2c3c1O[C@H]1c4c(c5c(n4CCc4ccccc4)CCCC5)C[C@@]4(O)C(C2)N(CC2CC2)CC[C@]314,8.05
OPRK1,CHEMBL394573,NC(=O)Nc1ccc2c(c1)[C@@]13CCCC[C@H]1[C@@H](C2)N(CC1CCC1)CC3,8.05
OPRK1,CHEMBL501447,Cl.O[C@@]12CCCC[C@@]13CCN(CC1CCC1)[C@@H]2Cc1ccc(OCCc2ccccc2)cc13,8.05
OPRK1,CHEMBL1795713,CN1CC[C@]23c4c5ccc(O)c4O[C@H]2[C@H](NC(=O)c2cccc(I)c2)CC[C@@]3(O)[C@H]1C5,8.05
OPRK1,CHEMBL1818335,O=S(=O)(c1ccccc1-c1ccc(CN[C@H]2c3ccccc3C[C@H]2O)cc1)N1CCCCC1,8.05
OPRK1,CHEMBL1834412,CO[C@]12CC[C@@]3(C[C@@H]1[C@@](C)(O)c1ccc(C(C)(C)C)cc1)[C@H]1Cc4ccc(O)c5c4[C@@]3(CCN1CC1CC1)[C@H]2O5,8.05
OPRK1,CHEMBL3086306,COc1ccc2c(c1)[C@]13CCN(CC4CC4)[C@H](C2)[C@@H]1Cc1sc(NC(C)=O)nc1C3,8.05
OPRK1,CHEMBL4241031,COc1ccc2c3c1O[C@H]1[C@@]4(OC)CC[C@@]5(C[C@]4(C)OC(C)=O)[C@@H](C2)N(CC2CC2)CC[C@]315,8.05
OPRK1,CHEMBL5864940,Cc1noc(-c2cc3ccccc3nc2N2CCC(NC3CCCCC3O)CC2)n1,8.05
OPRK1,CHEMBL6042678,COC1CN(c2nc3ccc(C)cc3cc2-c2nc(C)no2)CCC1NC1CCCCC1F,8.05
OPRK1,CHEMBL5750432,Cc1noc(-c2cc3cccc(C)c3nc2N2CCC(NC3CCCCC3)C(CO)C2)n1,8.05
OPRK1,CHEMBL5990813,COC1CN(c2ncc(C)cc2-n2ccc(C)n2)CCC1NC1CCCCC1,8.05
OPRK1,CHEMBL5907137,Cc1ccc2nc(N3CCC(NC4CCCC4)CC3)c(-c3noc(C)n3)cc2c1,8.05
OPRK1,CHEMBL415410,CCNC(=O)[C@H](CC(C)C)NC(=O)[C@H](CCCN=C(N)N)N(C)C(=O)[C@H](CCCN=C(N)N)NC(=O)[C@H](CC(C)C)NC(=O)[C@@H](Cc1ccc([N+](=O)[O-])cc1)NC(=O)CNC(=O)CNC(=O)[C@H](Cc1ccc(O)cc1)NC,8.04
OPRK1,CHEMBL1824516,Cl.O=C(Cc1ccncc1)N[C@@H]1CC[C@@]2(O)[C@H]3Cc4ccc(O)c5c4[C@@]2(CCN3CC2CC2)[C@H]1O5,8.04
OPRK1,CHEMBL1921839,NC(=O)c1ccc(Oc2ccc(CN3CCCC3c3ccccc3)cc2)nc1,8.04
OPRK1,CHEMBL1852814,O=C(Cc1ccncc1)N[C@@H]1CC[C@@]2(O)[C@H]3Cc4ccc(O)c5c4[C@@]2(CCN3CC2CC2)[C@H]1O5,8.04
OPRK1,CHEMBL3786218,O=C1C[C@]23CCN(CC4CC4)[C@H](Cc4ccc(O)cc42)[C@]3(O)CC/C1=C\c1ccccc1,8.04
OPRK1,CHEMBL4239240,COc1ccc2c3c1O[C@H]1[C@@]4(OC)CC[C@@]5(C[C@]4(C)C(O)c4ccc(C(F)(F)F)cc4)[C@@H](C2)N(CC2CC2)CC[C@]315,8.04
OPRK1,CHEMBL5439465,COc1cccc(Cn2nc(CNCc3cccc(Oc4ccccc4)c3)c3c4cc(OC)c(OC)cc4c(-c4ccccc4Cl)nc32)c1,8.04
OPRK1,CHEMBL218242,C[C@H]1CN2CCN(Cc3ccccc3O)C[C@H]2C[C@@]1(C)c1cccc(O)c1,8.03
OPRK1,CHEMBL3299005,COC(=O)N1CCN(C(=O)Cc2ccc(Cl)c(Cl)c2)[C@H]2[C@H]1CCC[C@@H]2N1CCCC1,8.03
OPRK1,CHEMBL3359815,COC(=O)[C@@H]1C[C@H](OC(C)=O)C(=O)[C@H]2[C@@]1(C)CC[C@H]1C(=O)O[C@H](c3ccoc3C#N)C[C@]21C,8.03
OPRK1,CHEMBL4090064,Cc1cc(C)cc(C2CCCN2Cc2ccc(Oc3ccc(C(N)=O)cc3F)c(Cl)c2)c1,8.03
OPRK1,CHEMBL5430894,COc1cccc(Cn2nc(CNCc3cccc(OCc4ccccc4)c3)c3c4cc(OC)c(OC)cc4c(-c4ccccc4Cl)nc32)c1,8.03
OPRK1,CHEMBL5829121,COCCOCCOCCOc1ccc2c(c1)[C@@]1(C)CCN(CC3CC3)[C@H](C2=O)[C@@H]1C,8.03
OPRK1,CHEMBL5910909,COCCOCCOCCOc1ccc2c(c1)[C@@]1(C)CCCN(CC3CC3)[C@H](C2=O)[C@@H]1C,8.03
OPRK1,CHEMBL5890774,CN1CC[C@]23C[C@H](C(=O)NCCc4ccccc4)C[C@@]2(O)[C@H]1Cc1ccc(O)cc13,8.03
OPRK1,CHEMBL429211,O=c1c(-c2cccc(CO)c2)cccn1C(CN1CCC(O)C1)c1ccccc1,8.02
OPRK1,CHEMBL102040,CN(C(=O)C1C(c2ccccc2)=C1c1ccccc1)[C@H]1CC[C@@]2(CCCO2)C[C@@H]1N1CCCC1,8.02
OPRK1,CHEMBL181922,CN(C(=O)Cc1ccc(C(F)(F)F)cc1)[C@H](CN1CCCC1)c1cccc(NC(=O)CCC(=O)O)c1,8.02
OPRK1,CHEMBL236376,NC(=O)c1ccc(Oc2ccc(CNCCc3ccccc3)cc2)cn1,8.02
OPRK1,CHEMBL511691,CC1C2C(=O)c3ccc(C(N)=O)cc3C1(C)CCN2CC1CC1,8.02
OPRK1,CHEMBL3785265,O=C1C[C@]23CCN(CC4CC4)[C@H](Cc4ccc(O)cc42)[C@]3(O)C/C1=C/c1ccccc1,8.02
OPRK1,CHEMBL3940268,CC(C)C[C@H]1C[C@@]2(O)[C@H]3Cc4ccc(O)cc4[C@@]2(CCN3CC2CC2)CC1=O,8.02
OPRK1,CHEMBL4441250,CCc1ccc2nc(N3CCC(N[C@@H]4CCOC4)CC3)c(-c3nc(C)no3)cc2c1,8.02
OPRK1,CHEMBL386272,COc1ccc2c3c1O[C@H]1C(=O)CC[C@@]4(NC(=O)/C=C/c5ccc(Cl)cc5)[C@@H](C2)N(CC2CC2)CC[C@]314,8.01
OPRK1,CHEMBL417260,COc1cccc(OC)c1-c1cccn(C(CN2CCC(O)C2)c2ccccc2)c1=O,8.01
OPRK1,CHEMBL422560,C[C@H]1C2C(=O)c3ccc(N)cc3[C@@]1(C)CCN2CC1CC1,8.01
OPRK1,CHEMBL494853,O=C(N[C@H]1CC[C@@]2(O)[C@H]3Cc4ccc(O)c5c4[C@@]2(CCN3CC2CC2)[C@H]1O5)c1ccc2ccccc2n1,8.01
OPRK1,CHEMBL1076575,OC(CCCC(O)COc1ccc2c(c1)[C@@]13CCCC[C@H]1[C@@H](C2)N(CC1CCC1)CC3)COc1ccc2c(c1)[C@@]13CCCC[C@H]1[C@@H](C2)N(CC1CCC1)CC3,8.01
OPRK1,CHEMBL3597086,CC(C)C[C@H](NC(=O)[C@H](CO[C@@H]1O[C@H](CO)[C@@H](O)[C@H](O)[C@H]1O)NC(=O)[C@H](CCCCN)NC(=O)[C@H](CC(C)C)NC(=O)[C@H](C)NC(=O)[C@H](CCCCN)NC(=O)[C@H](CCC(=O)O)NC(=O)C(C)(C)NC(=O)[C@H](CC(C)C)NC(=O)[C@H](CC(N)=O)NC(=O)[C@H](C)NC(=O)[C@H](CC(C)C)NC(=O)[C@H](Cc1ccccc1)NC(=O)CNC(=O)[C@@H](NC(=O)[C@@H](N)Cc1ccc(O)cc1)[C@@H](C)O)C(N)=O,8.01
OPRK1,CHEMBL4107681,COc1ccc2c3c1O[C@H]1[C@@]4(OC)CC[C@@]5(C[C@@H]4COCc4cccc(NCC(=O)O)c4)[C@@H](C2)N(CC2CC2)CC[C@]315,8.01
OPRK1,CHEMBL4551481,N[C@@H](Cc1ccc(O)cc1)C(=O)N[C@@H]1CSSC[C@@H](NC(=O)[C@@H](N)Cc2ccc(O)cc2)C(=O)NCC(=O)N[C@@H](Cc2ccc(F)cc2)C(=O)N2CCN(CC2)C(=O)[C@H](Cc2ccc(F)cc2)NC(=O)CNC1=O.O=C(O)C(F)(F)F.O=C(O)C(F)(F)F,8.01
OPRK1,CHEMBL4875933,COc1ccc2c3c1O[C@H]1[C@@]4(OC)CC[C@@]5(C[C@@H]4c4cccc(NCc6ccc(F)cc6)c4)[C@@H](C2)N(CC2CC2)CC[C@]315,8.01
OPRK1,CHEMBL5612552,COc1cccc(C2(O)CCC(N(Cc3ccccc3)S(=O)(=O)c3cccc(Cl)c3)CC2CN(C)C)c1.Cl,8.01
OPRK1,CHEMBL2369389,CC[C@H](C)[C@H](NC(=O)[C@H](CCCN=C(N)N)NC(=O)[C@H](CCCN=C(N)N)NC(=O)[C@H](CC(C)C)NC(=O)[C@H](Cc1ccccc1)NC(=O)[C@@H]1CCCN1C(=O)CNC(=O)[C@@H](N)Cc1ccc(O)cc1)C(=O)N[C@@H](CCCN=C(N)N)C(=O)N1CCC[C@@H]1C(N)=O,8.0
OPRK1,CHEMBL384227,CC(=O)N[C@@H](Cc1ccccc1)C(=O)N[C@@H](Cc1ccccc1)C(=O)N[C@@H](Cc1ccccc1)C(=O)N[C@@H](CCCN=C(N)N)C(=O)N[C@@H](CC(C)C)C(=O)N[C@@H](CCCN=C(N)N)C(=O)N[C@@H](CCCN=C(N)N)C(=O)N[C@@H](C)C(=O)N[C@@H](CCCN=C(N)N)C(=O)N1CCC[C@H]1C(=O)N[C@@H](CCCCN)C(N)=O,8.0
OPRK1,CHEMBL290701,O=C(CSSCC(=O)N[C@@]12CCC(=O)[C@@H]3Oc4c(O)ccc5c4[C@@]31CCN(CC1CC1)[C@@H]2C5)N[C@@]12CCC(=O)[C@@H]3Oc4c(O)ccc5c4[C@@]31CCN(CC1CC1)[C@@H]2C5,8.0
OPRK1,CHEMBL538806,CN(C(=O)Cc1ccc(Cl)c(Cl)c1)[C@H]1c2ccccc2CC[C@@H]1N1CCCC1.Cl,8.0
OPRK1,CHEMBL62879,CC(=O)N1CCN(C(=O)Cc2ccc(Cl)c(Cl)c2)C(CN2CCCC2)C1,8.0
OPRK1,CHEMBL422563,C[C@H]1C2Cc3ccc(Nc4cccnc4)cc3[C@@]1(C)CCN2CC1CC1,8.0
OPRK1,CHEMBL190030,CN(C(=O)Cc1cccc(CNS(C)(=O)=O)c1)[C@H](CN1CCCC1)c1ccccc1,8.0
OPRK1,CHEMBL192677,CN(C(=O)Cc1ccccc1CN)[C@H](CN1CCCC1)c1ccccc1,8.0
OPRK1,CHEMBL372823,C#CCN1CC[C@]23CCCCC2[C@H]1Cc1ccc(OC(=O)CCCCCCCCC(=O)Oc2ccc4c(c2)[C@@]25CCCCC2[C@@H](C4)N(CC#C)CC5)cc13,8.0
OPRK1,CHEMBL607127,COc1ccc2c3c1O[C@H]1C(=O)CC[C@@]4(NC(=O)/C=C/c5ccc(C)cc5)[C@@H](C2)N(C)CC[C@]314,8.0
OPRK1,CHEMBL219318,C[C@H]1CN2CCN(Cc3ccccc3Cl)C[C@H]2C[C@@]1(C)c1cccc(O)c1,8.0
OPRK1,CHEMBL2113312,CO[C@@]12CC[C@@]3(C[C@@H]1CNC/C=C/c1ccc(Cl)cc1)[C@H]1Cc4ccc(O)c5c4[C@@]3(CCN1C)[C@H]2O5,8.0
OPRK1,CHEMBL257922,CCOC(C)O[C@H]1C[C@@H](C(=O)OC)[C@]2(C)CC[C@H]3C(=O)O[C@H](c4ccoc4)C[C@]3(C)[C@H]2C1=O,8.0
OPRK1,CHEMBL257661,C[C@H]1[C@@H]2Cc3ccc(O)cc3[C@]1(C)CCN2C,8.0
OPRK1,CHEMBL501331,CN1CCC[C@H](c2nc3ccccc3n2C2CCN(C3(C)CCCCCCC3)CC2)C1,8.0
OPRK1,CHEMBL473700,CCCCNCCN1CN(c2ccccc2)C2(CCN(Cc3c(Cl)cccc3Cl)CC2)C1=O,8.0
OPRK1,CHEMBL1818340,CC(C)N(C)S(=O)(=O)c1ccccc1-c1ccc(CN2CCCCC2)cc1,8.0
OPRK1,CHEMBL1818324,CC(C)CNCc1ccc(-c2ccccc2S(=O)(=O)N2CCOC[C@H]2C)cc1F,8.0
OPRK1,CHEMBL1834414,CO[C@]12CC[C@@]3(C[C@@H]1[C@@](C)(O)C(C)(C)C)[C@H]1Cc4c(Br)cc(O)c5c4[C@@]3(CCN1CC1CC1)[C@H]2O5,8.0
OPRK1,CHEMBL2048774,CN1CC[C@]23CCCC[C@H]2[C@H]1Cc1ccc(NCc2cccc(O)c2)cc13,8.0
OPRK1,CHEMBL3216613,C[C@@H]1CN(CCCc2ccccc2)[C@H]2C[C@H](N(C)C)C[C@]1(c1cccc(O)c1)C2.Cl.Cl,8.0
OPRK1,CHEMBL3359289,COC(=O)[C@@H]1C[C@H](OC(C)=O)C(=O)[C@H]2[C@@]1(C)CC[C@H]1C(=O)O[C@H](c3ccoc3-c3ccccc3OC)C[C@]21C,8.0
OPRK1,CHEMBL3338874,C[C@@]1(c2ccccc2O)O[C@@H]2N3[C@H](CO[C@H]31)O[C@]2(C)c1ccccc1O,8.0
OPRK1,CHEMBL3330667,C=CCC(=O)O[C@H]1C[C@@H](C(=O)OC)[C@]2(C)CC[C@H]3C(=O)O[C@H](c4ccoc4)C[C@]3(C)[C@H]2C1=O,8.0
OPRK1,CHEMBL3330671,COC(=O)[C@@H]1C[C@H](OC(=O)/C=C/c2ccccc2OC)C(=O)[C@H]2[C@@]1(C)CC[C@H]1C(=O)O[C@H](c3ccoc3)C[C@]21C,8.0
OPRK1,CHEMBL3394006,O=C(Nc1nc2ccccc2n1CCN1CC[C@H](O)C1)c1ccc(Cl)cc1,8.0
OPRK1,CHEMBL3582484,NC(=O)[C@@H]1CC(=O)NCCCC[C@@H](NC(=O)[C@@H](N)Cc2ccc(O)cc2)C(=O)N[C@@H](Cc2ccc(F)cc2)C(=O)N[C@@H](Cc2ccccc2)C(=O)N1,8.0
OPRK1,CHEMBL3590192,Cc1ccc(S(=O)(=O)N2CCc3cc(C(=O)NCCN(Cc4ccc(Cl)cc4)C(C)C)ccc3C2)cc1,8.0
OPRK1,CHEMBL4114584,CO[C@]12CC[C@@]3(C[C@@H]1COCc1ccccc1)[C@H]1Cc4ccc(CC(O)CO)c5c4[C@@]3(CCN1CC1CC1)[C@H]2O5,8.0
OPRK1,CHEMBL607405,CO[C@@]12CCC(=O)[C@@H]3Oc4c(O)ccc5c4[C@@]31CCN(C)[C@@H]2C5,8.0
OPRK1,CHEMBL4290635,CC(=O)N[C@@H](Cc1ccccc1)C(=O)N[C@@H](Cc1ccccc1)C(=O)N[C@@H](Cc1ccccc1)C(=O)N[C@@H](CCCNC(=N)N)C(=O)N[C@@H](CC(C)C)C(=O)N[C@@H](CCCNC(=N)N)C(=O)N[C@@H](CCCNC(=N)N)C(=O)N[C@H](C)C(=O)N[C@@H](CCCNC(=N)N)C(=O)N1CCC[C@H]1C(=O)N[C@@H](CCCCN)C(N)=O,8.0
OPRK1,CHEMBL4555496,O=C(Cc1ccc(Cl)c(Cl)c1)N1CCN(C(=O)COCCF)[C@H]2CCC[C@H](N3CCCC3)[C@H]21,8.0
OPRK1,CHEMBL5765558,Cc1noc(-c2cc3c(F)cccc3nc2N2CCC(NC3CCCCC3)C(CO)C2)n1,8.0
OPRK1,CHEMBL5830617,Cc1ccc2nc(N3CCC(NC4CCCC(O)C4)CC3)c(-c3nc(C)no3)cc2c1,8.0
OPRK1,CHEMBL6042674,CO[C@H]1CN(c2nc3ccc(F)cc3cc2-c2nc(C)no2)CC[C@H]1NC1CCCCC1,8.0
OPRK1,CHEMBL5936236,Cc1cc(C)c2nc(N3CCC(NC4CCOCC4)CC3)c(-c3nc(C)no3)cc2c1,8.0
OPRK1,CHEMBL6043231,CO[C@H]1CN(/C(N)=C(/C=C(/C)N)C(=O)OC(C)C)CC[C@H]1NC1CCCCC1,8.0
OPRK1,CHEMBL5943713,Cc1nc(-c2cc3ccc(F)cc3nc2N2CCC(NC3CCCC3)CC2)no1,8.0
OPRK1,CHEMBL5808140,COC(=O)c1cc(Br)cnc1N1CC[C@H](NC2CCCCC2)[C@@H](O)C1,8.0
OPRK1,CHEMBL5859159,CO[C@H]1CN(c2nnc(C)cc2C(=O)OC(C)C)CC[C@H]1NC1CCCCC1,8.0
OPRK1,CHEMBL6159910,Cn1cc(O[C@H]2C[C@@H](Cc3ccc4nc[nH]c4c3)N(CC3CCC3)C2)cn1,8.0
OPRK1,CHEMBL6189395,COc1cc(CNC2Cc3ccccc3C2)ccc1Oc1ccc(C(N)=O)cn1,8.0
OPRK1,CHEMBL111530,O=C(NCc1ccccc1)c1ccc2[nH]c3c(c2c1)C[C@@]1(O)C2Cc4ccc(O)c5c4[C@@]1(CCN2CC1CC1)[C@H]3O5,7.99
OPRK1,CHEMBL4110312,COCCOCCOCCOCCOCCOc1ccc2c3c1O[C@H]1[C@@]4(OC)CC[C@@]5(C[C@@H]4COCc4ccccc4)[C@@H](C2)N(CC2CC2)CC[C@]315,7.99
OPRK1,CHEMBL4084881,Cl.Oc1cccc(CCN(CCc2ccccc2)C2CCC2)c1,7.99
OPRK1,CHEMBL4213336,C=CC[N+]1(C)CC[C@]2(C)c3cc(O)ccc3C[C@@H]1[C@@H]2C,7.99
OPRK1,CHEMBL4444292,CCc1ccc2nc(N3CCC(N[C@H]4CCOC4)CC3)c(-c3nc(C)no3)cc2c1,7.99
OPRK1,CHEMBL4635711,Oc1ccc2c3c1O[C@H]1c4ncc(-c5ccc(Cl)cc5)cc4C[C@@]4(OCCCc5ccncc5)[C@@H](C2)N(CC2CC2)CC[C@]314,7.99
OPRK1,CHEMBL5276565,N=C(N)NCCC[C@@H](NC(=O)[C@@H](CCCNC(=N)N)NC(=O)[C@@H]1CCCN1C(=O)c1ccccc1)C(=O)N[C@@H](CC(=O)O)C(=O)N[C@@H](CC1CCCCC1)C(=O)N[C@H]1CSSC[C@@H](C(N)=O)NC1=O,7.99
OPRK1,CHEMBL6171277,COc1ccc2c3c1O[C@H]1[C@@]4(OC)C=C[C@@]5(C[C@@H]4C(=O)c4cccc(NC(=O)OCc6ccccc6)c4)[C@@H](C2)N(CC2CC2)CC[C@]315,7.99
OPRK1,CHEMBL4113404,COc1ccc2c3c1O[C@H]1[C@@]4(OC)CC[C@@]5(C[C@@H]4COCc4ccco4)[C@@H](C2)[N+](C)(CC2CC2)CC[C@]315,7.98
OPRK1,CHEMBL71294,O=C(Cc1ccc(Cl)c(Cl)c1)N1CCCC[C@H]1CN1CCCC1,7.98
OPRK1,CHEMBL2369390,CC[C@H](C)[C@H](NC(=O)[C@H](CCCN=C(N)N)NC(=O)[C@H](CCCN=C(N)N)NC(=O)[C@H](CC(C)C)NC(=O)[C@H](Cc1ccccc1)NC(=O)[C@@H]1CCCN1C(=O)CNC(=O)[C@@H](N)Cc1ccc(O)cc1)C(=O)N[C@@H](CCCN=C(N)N)C(N)=O,7.97
OPRK1,CHEMBL27460,O=C1NCN(c2ccccc2)C12CCN(C1CCCc3ccccc31)CC2,7.97
OPRK1,CHEMBL317035,O=C(/C=C/c1ccc([N+](=O)[O-])cc1)N[C@@]12C=CC(=O)[C@@H]3Oc4c(O)ccc5c4C31CCN(CC1CC1)C2C5,7.97
OPRK1,CHEMBL5208385,O=C(N[C@H]1C[C@]23CCN(CC4CC4)[C@H](Cc4ccc(O)cc42)[C@]32CC[C@@H]1O2)c1ccccc1,7.97
OPRK1,CHEMBL5786293,CO[C@H]1CN(c2nc3ccc(C)cc3cc2C(=O)OC(C)C)CC[C@H]1NC1CCCCC1,7.97
OPRK1,CHEMBL128444,O=C(Cc1ccc(Cl)c(Cl)c1)N1CCCCC1CN1CCCC1,7.96
OPRK1,CHEMBL215594,C[C@H]1C2Cc3ccc(C(=O)N(C)CCc4ccc(-c5ccccc5)cc4)cc3[C@@]1(C)CCN2CC1CC1,7.96
OPRK1,CHEMBL499884,C[C@H]1[C@H]2Cc3ccc(C(=O)N(C)CCc4ccc(-c5ccccc5)cc4)cc3[C@@]1(C)CCN2CC1CC1,7.96
OPRK1,CHEMBL516187,CCCCNCCN1CN(c2ccccc2)C2(CCN(C3CCCc4ccc(Cl)cc43)CC2)C1=O,7.96
OPRK1,CHEMBL583276,NC(=O)[C@@H]1CSSC[C@@H](NC(=O)[C@@H](N)Cc2ccc(O)cc2)C(=O)N[C@@H](Cc2ccccc2)C(=O)N[C@@H](Cc2cccc3ccccc23)C(=O)N1,7.96
OPRK1,CHEMBL1258280,NC(=O)c1cccc(O[C@@H]2C[C@H]3CC[C@@H](C2)N3Cc2ccc3c(c2)OCO3)c1,7.96
OPRK1,CHEMBL3216936,Cl.Cl.O=C(O)CN[C@@H]1CC[C@@]2(OCCCc3ccccc3)[C@H]3Cc4ccc(O)c5c4[C@@]2(CCN3CC2CC2)[C@H]1O5,7.96
OPRK1,CHEMBL1766045,CN(C)c1nc2cc3c(cc2s1)C[C@@H]1[C@@H]2CCCC[C@]32CCN1CCCF,7.96
OPRK1,CHEMBL1818328,O=S(=O)(c1ccccc1-c1ccc(CNC2CCOCC2)cc1)N1CCCC1,7.96
OPRK1,CHEMBL2180640,CCCCN(CCc1ccccc1)CCc1cccc(O)c1,7.96
OPRK1,CHEMBL3330666,C/C=C/C(=O)O[C@H]1C[C@@H](C(=O)OC)[C@]2(C)CC[C@H]3C(=O)O[C@H](c4ccoc4)C[C@]3(C)[C@H]2C1=O,7.96
OPRK1,CHEMBL610012,Oc1ccc2c3c1O[C@H]1c4nc5ccccc5cc4C[C@@]4(O)[C@@H](C2)N(CC2CC2)CC[C@]314,7.96
OPRK1,CHEMBL3597078,CC(C)C[C@H](NC(=O)[C@H](CO[C@@H]1O[C@H](CO)[C@@H](O)[C@H](O)[C@H]1O)NC(=O)[C@H](CCCCN)NC(=O)[C@H](CC(C)C)NC(=O)[C@H](C)NC(=O)[C@H](CC(N)=O)NC(=O)[C@H](CCCCN)NC(=O)C(C)(C)NC(=O)[C@H](CC(C)C)NC(=O)[C@H](CC(N)=O)NC(=O)CNC(=O)CNC(=O)[C@H](Cc1ccccc1)N(C)C(=O)CNC(=O)[C@@H](C)NC(=O)[C@@H](N)Cc1ccc(O)cc1)C(N)=O,7.96
OPRK1,CHEMBL3597151,CC(C)C[C@H](NC(=O)[C@H](CO[C@@H]1O[C@H](CO)[C@@H](O)[C@H](O)[C@H]1O)NC(=O)[C@H](CCCCN)NC(=O)[C@H](CC(C)C)NC(=O)[C@H](C)NC(=O)[C@H](CCCCN)NC(=O)[C@H](CCC(=O)O)NC(=O)C(C)(C)NC(=O)[C@H](CC(C)C)NC(=O)[C@H](CC(N)=O)NC(=O)CCCNC(=O)[C@H](CC(C)C)NC(=O)[C@H](Cc1ccccc1)NC(=O)CNC(=O)[C@@H](NC(=O)[C@@H](N)Cc1ccc(O)cc1)[C@@H](C)O)C(N)=O,7.96
OPRK1,CHEMBL4070248,COC(=O)N1CCN(C(=O)Cc2ccc(F)c(F)c2)[C@@H]2[C@@H](N3CC[C@H](O)C3)CCC[C@@H]21,7.96
OPRK1,CHEMBL5921932,COC(=O)c1cc(I)cnc1N1CCC(NC2CCCCC2)C(CO)C1,7.96
OPRK1,CHEMBL6030175,COC(=O)c1cc(I)cnc1N1CCC(NC2CCCCC2)C(OC)C1,7.96
OPRK1,CHEMBL5941730,Cc1noc(-c2cc3c(F)cccc3nc2N2CC[C@@H](NC3CCCCC3)[C@H](O)C2)n1,7.96
OPRK1,CHEMBL5828675,Cc1ccc2nc(N3CCC(NC4CCCCC4O)CC3)c(-c3noc(C)n3)cc2c1,7.96
OPRK1,CHEMBL6133664,c1ccc(C[C@H]2C[C@@H](Cc3cccc4[nH]cnc34)N(CC3CCC3)C2)cc1,7.96
OPRK1,CHEMBL2315362,CN(CCC[C@]1(O)[C@H]2CCN(C)[C@@H]1Cc1ccc(O)c(O)c12)C(=O)/C=C/c1ccoc1.Cl,7.95
OPRK1,CHEMBL4243649,COc1cccc(C(=O)[C@@]2(C)C[C@@]34CC[C@]2(OC)[C@@H]2Oc5c(OC)ccc6c5[C@@]23CCN(CC2CC2)[C@@H]4C6)c1,7.95
OPRK1,CHEMBL4107295,N[C@@H]1CN(c2nc3ccccc3n([C@H]3C[C@H]4CCC[C@@H](C3)N4[C@@H]3C[C@@H]4CCCC[C@@H](C4)C3)c2=O)[C@@H]1C(=O)O,7.94
OPRK1,CHEMBL5281790,CC[C@H](C)[C@H](NC(=O)[C@H](CCC(N)=O)NC(=O)[C@H](CCCNC(=N)N)NC(=O)[C@H](CCCNC(=N)N)NC(=O)[C@@H]1CSSC[C@H](NC(=O)[C@@H]2CCC(=O)N2)C(=O)N1)C(=O)N[C@H]1CSSC[C@@H](C(N)=O)NC1=O,7.94
OPRK1,CHEMBL3580744,NC(=O)[C@@H]1CC(=O)NCCCC[C@@H](NC(=O)[C@@H](N)Cc2ccc(O)cc2)C(=O)N[C@@H](Cc2ccccc2)C(=O)N[C@@H](Cc2ccc(C(F)(F)F)cc2)C(=O)N1,7.93
OPRK1,CHEMBL3613167,CN(C(=O)/C=C/c1ccoc1)[C@H]1C[C@@]23CCN(CC4CC4)[C@H]4C=C[C@@H]1C[C@]42Cc1ccc(O)cc13.Cl,7.93
OPRK1,CHEMBL4093687,COC(=O)[C@H]1[C@](C)([C@@H](CC(OC)OC)C(=O)OC)CC[C@H]2C(=O)O[C@H](c3ccoc3)C[C@]12C,7.93
OPRK1,CHEMBL4860580,COc1cccc(CNc2cccc([C@H]3C[C@@]45CC[C@]3(OC)[C@@H]3Oc6c(OC)ccc7c6[C@@]34CCN(CC3CC3)[C@@H]5C7)c2)c1,7.93
OPRK1,CHEMBL5086477,O=C(N[C@@H]1CC[C@@]2(O)[C@H]3Cc4ccc(O)c5c4[C@@]2(CCN3CC2CC2)[C@H]1O5)c1cnc[nH]1,7.93
OPRK1,CHEMBL5074966,CC(=O)N[C@H]1Cc2ccc(cc2)OC/C=C/COc2ccc(cc2)C[C@@H](C(=O)N[C@@H](Cc2ccccc2)C(=O)N[C@@H](CCCNC(=N)N)C(=O)N[C@@H](CC(C)C)C(=O)N[C@@H](CCCNC(=N)N)C(=O)N[C@@H](CCCNC(=N)N)C(=O)N[C@H](C)C(=O)N[C@@H](CCCNC(=N)N)C(=O)N2CCC[C@H]2C(=O)N[C@@H](CCCCN)C(N)=O)NC1=O,7.93
OPRK1,CHEMBL5086931,C=CCOc1ccc(C[C@H](NC(=O)[C@H](Cc2ccccc2)NC(C)=O)C(=O)N[C@@H](Cc2cccc(OCC=C)c2)C(=O)N[C@@H](CCCNC(=N)N)C(=O)N[C@@H](CC(C)C)C(=O)N[C@@H](CCCNC(=N)N)C(=O)N[C@@H](CCCNC(=N)N)C(=O)N[C@H](C)C(=O)N[C@@H](CCCNC(=N)N)C(=O)N2CCC[C@H]2C(=O)N[C@@H](CCCCN)C(N)=O)cc1,7.93
OPRK1,CHEMBL5832902,COC(=O)c1cc(C)nnc1N1CCC(NC2CCCCC2)C(CO)C1,7.93
OPRK1,CHEMBL146191,Oc1nc2ccccc2n1C1CCN(CC2CCCCCCC2)CC1,7.92
OPRK1,CHEMBL538230,CN(C(=O)Cc1cccc2sccc12)[C@@H]1CCCCC[C@H]1N1CCCC1.Cl,7.92
OPRK1,CHEMBL112035,CN1CCC23c4c5ccc(O)c4OC2c2n[nH]cc2CC3(O)C1C5,7.92
OPRK1,CHEMBL610542,O=C(/C=C/c1ccc(Cl)cc1)NC12CCC(=O)C3Oc4cccc5c4[C@@]31CCN(CC1CC1)[C@@H]2C5,7.92
OPRK1,CHEMBL384584,CC[C@H](C)[C@H](NC(=O)[C@H](CCCN=C(N)N)NC(=O)[C@H](CCCN=C(N)N)NC(=O)[C@H](CC(C)C)NC(=O)[C@H](Cc1ccccc1)NC(=O)CNC(=O)CNC(=O)[C@@H](N)Cc1ccc(O)cc1)C(=O)N[C@@H](CCCN=C(N)N)C(=O)N1CCC[C@@H]1C(=O)N[C@@H](CCCCN)C(=O)O,7.92
OPRK1,CHEMBL611136,O=C(/C=C/c1ccc([N+](=O)[O-])cc1)N[C@@]12CCC(=O)[C@@H]3Oc4c(O)ccc5c4[C@@]31CCN(CC1CC1)[C@@H]2C5,7.92
OPRK1,CHEMBL361254,O=C1[C@H](c2ccc(Cl)c(Cl)c2)CC=CCN1[C@H](CN1CCCC1)c1ccccc1,7.92
OPRK1,CHEMBL364907,CN(C(=O)Cc1ccccc1CNS(C)(=O)=O)[C@H](CN1CCCC1)c1ccccc1,7.92
OPRK1,CHEMBL469188,C[C@H]1C2Cc3cc4nc[nH]c(=O)c4cc3[C@@]1(C)CCN2CC1CC1,7.92
OPRK1,CHEMBL515257,C[C@H]1C2Cc3cc4nc(O)[nH]c4cc3[C@@]1(C)CCN2CC1CC1,7.92
OPRK1,CHEMBL569725,O=C(Nc1ccc(I)cc1)Nc1ccc2c(c1)[C@@]13CCCC[C@H]1[C@@H](C2)N(CC1CC1)CC3,7.92
OPRK1,CHEMBL1076574,OC(CCC(O)COc1ccc2c(c1)[C@@]13CCCC[C@H]1[C@@H](C2)N(CC1CCC1)CC3)COc1ccc2c(c1)[C@@]13CCCC[C@H]1[C@@H](C2)N(CC1CCC1)CC3,7.92
OPRK1,CHEMBL1743604,Cc1cc(O)cc(C)c1C[C@@H](C(=O)N1Cc2ccccc2C[C@H]1C(=O)OC1=C2O[C@H]3[C@@H](O)C=C[C@H]4[C@H]5CC(C=C1)C2[C@]43CCN5C)N(C)C.O=C(O)C(F)(F)F.O=C(O)C(F)(F)F,7.92
OPRK1,CHEMBL2179659,O=C(CCc1ccccc1)O[C@@]12Cc3cc(-c4ccc(Cl)cc4)cnc3[C@@H]3Oc4c(O)ccc5c4[C@@]31CCN(CC1CC1)[C@@H]2C5,7.92
OPRK1,CHEMBL3323513,CCCCN1CCN(C(=O)Cc2ccc(Cl)c(Cl)c2)C2C(N3CCCC3)CCCC21,7.92
OPRK1,CHEMBL3359281,COC(=O)[C@@H]1C[C@H](OC(C)=O)C(=O)[C@H]2[C@@]1(C)CC[C@H]1C(=O)O[C@H](c3ccoc3-c3cccc(F)c3)C[C@]21C,7.92
OPRK1,CHEMBL3597153,CC(C)C[C@H](NC(=O)[C@H](CO[C@@H]1O[C@H](CO)[C@@H](O)[C@H](O)[C@H]1O)NC(=O)[C@H](CCCCN)NC(=O)[C@H](CC(C)C)NC(=O)[C@H](C)NC(=O)[C@H](CCCCN)NC(=O)[C@H](CCC(=O)O)NC(=O)C(C)(C)NC(=O)[C@H](CC(C)C)NC(=O)[C@H](CC(N)=O)NC(=O)CCCCNC(=O)[C@H](CC(C)C)NC(=O)[C@H](Cc1ccccc1)NC(=O)CNC(=O)[C@@H](NC(=O)[C@@H](N)Cc1ccc(O)cc1)[C@@H](C)O)C(N)=O,7.92
OPRK1,CHEMBL3634256,CC(=O)N1CC[C@@H](NC(=O)[C@@H](N)Cc2c(C)cc(O)cc2C)c2cc(CC3Cc4ccccc4C3)ccc21,7.92
OPRK1,CHEMBL4111803,COC(=O)COc1ccc(COC[C@H]2C[C@@]34CC[C@]2(OC)[C@@H]2Oc5c(OC)ccc6c5[C@@]23CCN(CC2CC2)[C@@H]4C6)cc1,7.92
OPRK1,CHEMBL4634021,CN(C)c1cccc(-c2cnc3c(c2)C[C@@]2(OCCCc4ccccc4)[C@H]4Cc5ccc(O)c6c5[C@@]2(CCN4CC2CC2)[C@H]3O6)c1,7.92
OPRK1,CHEMBL5076040,C=CCOc1ccc(C[C@H](NC(C)=O)C(=O)N[C@@H](Cc2ccc(OCC=C)cc2)C(=O)N[C@@H](Cc2ccccc2)C(=O)N[C@@H](CCCNC(=N)N)C(=O)N[C@@H](CC(C)C)C(=O)N[C@@H](CCCNC(=N)N)C(=O)N[C@@H](CCCNC(=N)N)C(=O)N[C@H](C)C(=O)N[C@@H](CCCNC(=N)N)C(=O)N2CCC[C@H]2C(=O)N[C@@H](CCCCN)C(N)=O)cc1,7.92
OPRK1,CHEMBL5416899,CC(C)[C@H]1CC[C@@H](N2CCC(n3c(CNC(=O)c4cnco4)cc4ccccc43)CC2)CC1,7.92
OPRK1,CHEMBL5612379,c1ccc(-c2nnc(CCc3ccc4ccccc4c3)n2Cc2cccs2)nc1,7.92
OPRK1,CHEMBL5996183,CCOC(=O)c1cc(C(=O)OC)c(C)nc1N1CC[C@@H](NC2CCCCC2)[C@H](O)C1,7.92
OPRK1,CHEMBL5949474,COC(=O)C(/C=C(/C)N)=C(/N)N1CCC(NC2CCCCC2)C(CO)C1,7.92
OPRK1,CHEMBL5959801,COC1CN(c2nc3cccc(F)c3cc2-c2nc(C)no2)CCC1NC1CCCCC1,7.92
OPRK1,CHEMBL5848205,CO[C@@H]1CN(c2nc3ccccc3cc2-c2nc(C)no2)CC[C@@H]1NC1CCCCC1,7.92
OPRK1,CHEMBL5792034,COC1CN(c2nc3ccc(C)cc3cc2-c2nc(C)no2)CCC1NCC(C)C,7.92
OPRK1,CHEMBL5763727,Cc1nc(-c2cc3cc(C)c(F)cc3nc2N2CCC(NC3CCCC3)CC2)no1,7.92
OPRK1,CHEMBL5956629,CO[C@H]1CN(c2nc3cc(Cl)ccc3cc2-c2nc(C)no2)CC[C@H]1NC1CCCCC1,7.92
OPRK1,CHEMBL5745275,Cc1cc(O)cc(C)c1C[C@@H](CNC(=O)NC(C)Cc1ccsc1)N(C)C,7.92
OPRK1,CHEMBL6169956,O=c1[nH]c2cccc(CCN(CCc3cnn(C(F)F)c3)CC3CCC3)c2[nH]1,7.92
OPRK1,CHEMBL321408,CCNC(=O)NCCc1ccc2[nH]c3c(c2c1)C[C@@]1(O)C2Cc4ccc(O)c5c4[C@@]1(CCN2CC1CC1)[C@H]3O5,7.91
OPRK1,CHEMBL114803,CN1CCC23c4c5ccc(O)c4OC2c2nc(O)ncc2CC3(O)C1C5,7.91
OPRK1,CHEMBL2022307,COC(=O)[C@@H]1C[C@H](OC(C)=O)C(=O)[C@H]2[C@@]1(C)CC[C@H]1C(=O)O[C@H](c3ccco3)C[C@]21C,7.91
OPRK1,CHEMBL4587201,CCOc1ccc(CN(C)Cc2ccccc2)cc1CNC(=O)[C@@H](N)Cc1c(C)cc(O)cc1C.O=C(O)C(F)(F)F,7.91
OPRK1,CHEMBL5918633,O=C(O)[C@@H]1C[C@]23CCN(CC4CC4)[C@H](Cc4ccc(O)cc42)[C@]3(O)C1,7.91
OPRK1,CHEMBL5818104,O=C1NC(=O)[C@@]2(CC[C@@]3(O)[C@H]4C(=O)c5ccc(O)cc5[C@@]3(CCN4CC3CC3)C2)N1,7.91
OPRK1,CHEMBL6032492,COc1ccc2c(c1)[C@]13CCN(CC4CC4)[C@H](C2)[C@]1(O)C[C@H]1CC(=O)N[C@H]1C3,7.91
OPRK1,CHEMBL78156,O=C1NCN(c2cccc(F)c2)C12CCN(C1Cc3cccc4cccc1c34)CC2,7.9
OPRK1,CHEMBL2180637,CCCCCN(CCc1ccccc1)CCc1cccc(O)c1,7.9
OPRK1,CHEMBL3264446,COC(=O)c1cc(Br)cnc1N1CC[C@@H](NC2CCCCC2)[C@H](O)C1,7.9
OPRK1,CHEMBL4113588,COc1ccc2c3c1O[C@H]1[C@@]4(OC)CC[C@@]5(C[C@@H]4COC(=O)[C@@H](N)CCC(N)=O)[C@@H](C2)N(CC2CC2)CC[C@]315,7.9
OPRK1,CHEMBL3952294,O=C(N[C@H]1C[C@@]2(O)[C@H]3Cc4ccc(O)cc4[C@@]2(CCN3CC2CC2)CC1=O)C1CC1,7.9
OPRK1,CHEMBL6032257,CO[C@H]1CN(c2ncc(C)cc2C(=O)OC(C)C)CC[C@H]1NC1CCCCC1,7.9
OPRK1,CHEMBL299713,Nc1nc2cc3c(cc2s1)C(=O)[C@@H]1C2CCCC[C@]32CCN1CC1CCC1,7.89
OPRK1,CHEMBL2373009,CC(C)C[C@H](NC(=O)[C@H](Cc1ccccc1)NC(=O)CNC(=O)CNC(=O)[C@@H](N)Cc1ccc(O)cc1)C(=O)N[C@@H](CCCN=C(N)N)C(=O)N[C@@H](CCCN=C(N)N)C(=O)N[C@H](Cc1c[nH]c2ccccc12)C(=O)N[C@@H](CCCN=C(N)N)C(=O)N1CCC[C@@H]1C(=O)N[C@@H](CCCCN)C(=O)O,7.89
OPRK1,CHEMBL15114,O=Cc1ccccc1-c1cccn(C(CN2CCC(O)C2)c2ccccc2)c1=O,7.89
OPRK1,CHEMBL391082,CCCCC(c1ccccc1)N1CCC2(CC1)C(=O)NCN2c1ccccc1,7.89
OPRK1,CHEMBL403658,COC(=O)[C@@H]1C[C@H](OCSC)C(=O)[C@H]2[C@@]1(C)CC[C@H]1C(=O)O[C@H](c3ccoc3)C[C@]21C,7.89
OPRK1,CHEMBL514662,CCCNCCN1CN(c2ccccc2)C2(CCN(Cc3c(Cl)cccc3Cl)CC2)C1=O,7.89
OPRK1,CHEMBL571322,CCCCC(O)c1cc2c(cc1O)[C@@]13CCCC[C@H]1[C@@H](C2)N(CC1CCC1)CC3,7.89
OPRK1,CHEMBL1766028,CC(=O)Nc1nc2cc3c(cc2s1)C[C@@H]1[C@@H]2CCCC[C@]32CCN1CC1CC1,7.89
OPRK1,CHEMBL1766038,CCN(C(C)=O)c1nc2cc3c(cc2s1)C[C@@H]1[C@@H]2CCCC[C@]32CCN1CC1CC1,7.89
OPRK1,CHEMBL1818333,C[C@@H]1COCCN1S(=O)(=O)c1ccccc1-c1ccc(CN2CCN(C)CC2)cc1,7.89
OPRK1,CHEMBL2409224,CC(C)C[C@H](NC(=O)[C@H](Cc1ccccc1)NC(=O)CNC(=O)[C@@H](C)NC(=O)[C@@H](N)Cc1ccc(O)cc1)C(=O)N[C@@H](CCCNC(=N)N)C(=O)N[C@@H](CCCCN)C(=O)N[C@@H](Cc1ccc(O)cc1)C(=O)N1CCC[C@H]1C(=O)N[C@@H](CCCCN)C(=O)O,7.89
OPRK1,CHEMBL3262548,CCC1C(=O)N(C2CCN(Cc3cccc4[nH]ccc34)CC2)c2ccccc21,7.89
OPRK1,CHEMBL4107541,COc1ccc2c3c1O[C@H]1[C@@]4(OC)CC[C@@]5(C[C@@H]4[C@](O)(CC(O)CO)c4ccccc4)[C@@H](C2)N(CC2CC2)CC[C@]315,7.89
OPRK1,CHEMBL4094854,COC(=O)[C@H]1[C@](C)([C@@H](CCOC(C)=O)C(=O)OC)CC[C@H]2C(=O)O[C@H](c3ccoc3)C[C@]12C,7.89
OPRK1,CHEMBL4469187,COc1ccc2c3c1O[C@H]1[C@@]4(OC)CC[C@@]5(C[C@@H]4c4ccc(NCCN(C)C)cc4)[C@@H](C2)N(CC2CC2)CC[C@]315,7.89
OPRK1,CHEMBL5274492,N=C(N)NCCC[C@H](NC(=O)[C@@H](CCCNC(=N)N)NC(=O)[C@@H]1CCC(=O)N1)C(=O)N[C@@H](CCC(N)=O)C(=O)N[C@@H](CC1CCCCC1)C(=O)N[C@H]1CSSC[C@@H](C(N)=O)NC1=O,7.89
OPRK1,CHEMBL5614107,Cc1ccc(CCc2nnc(-c3ncccc3C)n2Cc2cccs2)cc1C(F)(F)F,7.89
OPRK1,CHEMBL6025191,Cc1noc(-c2cc(C)c(C)nc2N2CCC(NC3CCCC3)C(CO)C2)n1,7.89
OPRK1,CHEMBL5864336,Cc1nc(-c2cc3cc(C)c(F)cc3nc2N2CCC(NC3CCCCC3)CC2)no1,7.89
OPRK1,CHEMBL387101,COc1ccc2c3c1O[C@H]1C(=O)CC[C@@]4(NCCc5ccc(Cl)cc5)[C@@H](C2)N(CC2CC2)CC[C@]314,7.88
OPRK1,CHEMBL3695665,COc1ccc(CN2C=C3[C@H]4Cc5ccc(OC)cc5[C@@]3(CCN4CC3CC3)CC2=O)cc1,7.88
OPRK1,CHEMBL5188701,COc1ccc2c3c1O[C@H]1[C@@]4(OC)CC[C@@]5(C[C@@]4(C)[C@H](O)c4ccc(C)cc4)[C@@H](C2)N(CC2CC2)CC[C@]315,7.88
OPRK1,CHEMBL5897111,CCC(O)[C@@H](C)[C@H]1C=CN([C@@H]2O[C@H](COP(=O)(O)OP(=O)(O)OC[C@H]3O[C@@H](n4cnc5c(N)ncnc54)[C@H](O)[C@@H]3O)[C@@H](O)[C@H]2O)C=C1C(N)=O,7.88
OPRK1,CHEMBL127619,CN1c2ccc(Cl)cc2C(c2ccccc2)=NCC1CCNC(=O)c1cc2ccccc2[nH]1,7.87
OPRK1,CHEMBL3639907,COC12CC[C@@]3(C[C@@H]1CNC(=O)CCCCC(=O)O)[C@H]1Cc4ccc(O)c5c4[C@@]3(CCN1CC1CC1)[C@H]2O5,7.87
OPRK1,CHEMBL4113094,O=C(N[C@H]1C[C@@]2(O)[C@H]3Cc4ccc(O)cc4[C@@]2(CCN3CC2CC2)CC1=O)C1CCCC1,7.87
OPRK1,CHEMBL4639005,NC(=O)Nc1ccccc1-c1cnc2c(c1)C[C@@]1(OCCCc3ccccc3)[C@H]3Cc4ccc(O)c5c4[C@@]1(CCN3CC1CC1)[C@H]2O5,7.87
OPRK1,CHEMBL1169580,CCC[C@](C)(O)[C@@H]1CC23C=C[C@]1(OC)[C@H]1Oc4c(O)ccc5c4C12CCN(C)C3C5,7.86
OPRK1,CHEMBL2113382,CN1CC[C@]23c4c5ccc(O)c4O[C@H]2c2[nH]c4ccccc4c2C[C@@]3(NCCc2ccccc2)C1C5,7.86
OPRK1,CHEMBL240005,O=C1NCN(c2ccccc2)C12CCN(C1CCCc3c(F)cccc31)CC2,7.86
OPRK1,CHEMBL578422,COc1ccc2c3c1O[C@H]1C(=O)CC[C@@]4(NC(=O)C#Cc5ccc(Cl)cc5)[C@@H](C2)N(CC2CC2)CC[C@]314,7.86
OPRK1,CHEMBL3217273,C[C@@H]1CN(CCCc2ccccc2)[C@H]2C[C@H](NCC3CC3)C[C@]1(c1cccc(O)c1)C2.Cl.Cl,7.86
OPRK1,CHEMBL3965826,COc1ccc2c3c1O[C@H]1[C@@]4(OC)CC[C@@]5(C[C@@H]4CNC(=O)[C@H](C)N)[C@@H](C2)N(CC2CC2)CC[C@]315,7.86
OPRK1,CHEMBL4634079,Oc1ccc2c3c1O[C@H]1c4ncc(-n5cccc5)cc4C[C@@]4(OCCCc5ccccc5)[C@@H](C2)N(CC2CC2)CC[C@]314,7.86
OPRK1,CHEMBL4870433,COc1ccc2c3c1O[C@H]1[C@@]4(OC)CC[C@@]5(C[C@@H]4c4cccc(N)c4)[C@@H](C2)N(CC2CC2)CC[C@]315,7.86
OPRK1,CHEMBL4862968,COc1ccc2c3c1O[C@H]1[C@@]4(OC)CC[C@@]5(C[C@@H]4c4cccc(NCc6ccc(OC(C)=O)cc6)c4)[C@@H](C2)N(CC2CC2)CC[C@]315,7.86
OPRK1,CHEMBL23499,CC(=O)N1CCN(C(=O)Cc2cccc([N+](=O)[O-])c2)C(CN2CC[C@H](O)C2)C1,7.85
OPRK1,CHEMBL14653,CC(=O)c1ccc(-c2cccn(C(CN3CCC(O)C3)c3ccccc3)c2=O)cc1,7.85
OPRK1,CHEMBL436101,CCCS(=O)(=O)Nc1ccc2c(c1)CC[C@@H](C(=O)N(C)[C@H](CN1CC[C@H](O)C1)c1ccccc1)O2,7.85
OPRK1,CHEMBL226114,CN1CC[C@]23Cc4[nH]c5ccccc5c4C[C@H]2[C@H]1Cc1ccc(O)cc13,7.85
OPRK1,CHEMBL364058,COC(=O)[C@@H]1C[C@H](OC(C)=O)C(=O)[C@H]2[C@@]1(C)CC[C@H]1C(=O)O[C@H](C3CCOC3)C[C@]21C,7.85
OPRK1,CHEMBL1237044,COc1cccc(C2(O)CCCCC2CN(C)C)c1,7.85
OPRK1,CHEMBL511161,CCCCNCCN1CN(c2ccccc2)C2(CCN(C3CCCc4c(Cl)cccc43)CC2)C1=O,7.85
OPRK1,CHEMBL506211,COc1ccc(C[C@@H]2NC(=O)[C@H]3CCCN3C(=O)[C@H](Cc3ccccc3)NC(=O)[C@@H](Cc3c[nH]c4ccccc34)NC2=O)cc1,7.85
OPRK1,CHEMBL571843,CN1CC[C@]23c4cccc(O)c4O[C@H]2CCC[C@H]3C1,7.85
OPRK1,CHEMBL1818327,C[C@@H]1COCCN1S(=O)(=O)c1ccccc1-c1ccc(CNC2CCOCC2)cc1,7.85
OPRK1,CHEMBL1921848,Cc1cc(C)cc([C@H]2CCCN2Cc2ccc(Oc3ccc(C(N)=O)cc3F)cc2)c1,7.85
OPRK1,CHEMBL2409225,CC(C)C[C@H](NC(=O)[C@H](Cc1ccccc1)NC(=O)CNC(=O)[C@@H](C)NC(=O)[C@@H](N)Cc1ccc(O)cc1)C(=O)N[C@@H](CCCNC(=N)N)C(=O)N[C@@H](CCCCN)C(=O)N[C@@H](Cc1ccc(I)cc1)C(=O)N1CCC[C@H]1C(=O)N[C@@H](CCCCN)C(=O)O,7.85
OPRK1,CHEMBL3597085,CC(C)C[C@H](NC(=O)[C@H](CO[C@@H]1O[C@H](CO)[C@@H](O)[C@H](O)[C@H]1O)NC(=O)[C@H](CCCCN)NC(=O)[C@H](CC(C)C)NC(=O)[C@H](C)NC(=O)[C@H](CCCCN)NC(=O)[C@H](CCC(=O)O)NC(=O)C(C)(C)NC(=O)[C@H](CC(C)C)NC(=O)[C@H](CC(N)=O)NC(=O)CNC(=O)[C@H](CC(C)C)NC(=O)[C@H](Cc1ccccc1)NC(=O)CNC(=O)[C@@H](NC(=O)[C@@H](N)Cc1ccc(O)cc1)[C@@H](C)O)C(N)=O,7.85
OPRK1,CHEMBL4091184,COC(=O)N1CCN(C(=O)Cc2ccc(Cl)cc2)[C@@H]2[C@@H](N3CC[C@H](O)C3)CCC[C@@H]21,7.85
OPRK1,CHEMBL5770598,Cc1noc(-c2cc3ccccc3nc2N2CCC(NC3CCCCCC3)C(CO)C2)n1,7.85
OPRK1,CHEMBL5747686,COC1CN(c2nc3ccc(Cl)cc3cc2-c2nc(C)no2)CCC1NC1CCCCC1,7.85
OPRK1,CHEMBL6036182,COC1CN(c2nc3ccc(C)cc3cc2-c2nc(C3CC3)no2)CCC1NCC(C)C,7.85
OPRK1,CHEMBL263031,CN[C@@H](Cc1ccc(O)cc1)C(=O)NCC(=O)NCC(=O)N[C@H](Cc1ccccc1)C(=O)N[C@@H](CC(C)C)C(=O)N[C@@H](CCCN=C(N)N)C(=O)N[C@@H](CCCN=C(N)N)C(=O)N[C@@H](CC(C)C)C(N)=O,7.84
OPRK1,CHEMBL334898,C[C@H]1C2CCCC1(c1cccc(O)c1)CCN2CCc1ccccc1,7.84
OPRK1,CHEMBL4112403,CCC(=O)N[C@H]1C[C@@]2(O)[C@H]3Cc4ccc(O)cc4[C@@]2(CCN3CC2CC2)CC1=O,7.84
OPRK1,CHEMBL5630896,COc1ccc2c3c1O[C@H]1[C@@]4(OC)C=C[C@@]5(C[C@@H]4C(=O)c4ccc(N)cc4)[C@@H](C2)N(CC2CC2)CC[C@]315,7.84
OPRK1,CHEMBL198487,COC(=O)Nc1ccc2c(c1)C[C@H](C(=O)N(C)[C@H](CN1CC[C@H](O)C1)c1ccccc1)O2,7.83
OPRK1,CHEMBL554617,O=C(O[C@@H]1CC[C@@]2(O)[C@H]3Cc4ccc(O)c5c4[C@@]2(CCN3CC2CC2)[C@H]1O5)N(c1ccccc1)c1ccccc1,7.83
OPRK1,CHEMBL3695221,N[C@@H]1CCN(c2nc3ccccc3n([C@H]3C[C@H]4CC[C@@H](C3)N4C3CCCCCCC3)c2=O)C1,7.83
OPRK1,CHEMBL4646678,Cc1nnc(-c2cnc3c(c2)C[C@@]2(OCCCc4ccccc4)[C@H]4Cc5ccc(O)c6c5[C@@]2(CCN4CC2CC2)[C@H]3O6)o1,7.83
OPRK1,CHEMBL5086984,CC(=O)N[C@@H](Cc1ccccc1)C(=O)N[C@H]1Cc2ccc(cc2)OC/C=C/COc2ccc(cc2)C[C@@H](C(=O)N[C@@H](CCCNC(=N)N)C(=O)N[C@@H](CC(C)C)C(=O)N[C@@H](CCCNC(=N)N)C(=O)N[C@@H](CCCNC(=N)N)C(=O)N[C@H](C)C(=O)N[C@@H](CCCNC(=N)N)C(=O)N2CCC[C@H]2C(=O)N[C@@H](CCCCN)C(N)=O)NC1=O,7.83
OPRK1,CHEMBL144483,COC(=O)C1=CCCN(CC2CCCCN2C(=O)Cc2ccc(Cl)c(Cl)c2)C1,7.82
OPRK1,CHEMBL177284,COC(=O)C12CN(C)CC(C(=O)OC)(C1=O)C(c1ccccn1)N(C)C2c1ccccn1,7.82
OPRK1,CHEMBL62567,O=CN1CCN(C(=O)Cc2ccc(Cl)c(Cl)c2)C(CN2CCCC2)C1,7.82
OPRK1,CHEMBL307968,O=C(Cc1ccc(Cl)c(Cl)c1)N1CCc2occc2C1CN1CCCC1,7.82
OPRK1,CHEMBL326684,CO[C@@]12CCC(=O)[C@]3(C)Oc4c(O)ccc5c4[C@@]31CCN(C)[C@@H]2C5,7.82
OPRK1,CHEMBL219599,Cc1ccccc1CN1CCN2C[C@H](C)[C@](C)(c3cccc(O)c3)C[C@@H]2C1,7.82
OPRK1,CHEMBL395288,CN(C(=O)CC(=O)NCc1ccccc1)[C@H](CN1CC[C@H](O)C1)c1ccccc1,7.82
OPRK1,CHEMBL414889,C[C@@H]1[C@@H]2CCC[C@@]1(c1cccc(O)c1)CCN2CCc1ccccc1,7.82
OPRK1,CHEMBL233326,CCCCC(c1ccccc1)N1CCC(O)(c2ccccc2CN)CC1,7.82
OPRK1,CHEMBL519925,CC1CN(c2nc3ccccc3n2C2CCN(C3(C)CCCCCCC3)CC2)CC(C)N1,7.82
OPRK1,CHEMBL498442,CCCCC(=O)O[C@H]1C[C@@H](C(=O)OC)[C@]2(C)CC[C@H]3C(=O)O[C@H](c4ccoc4)C[C@]3(C)[C@H]2C1=O,7.82
OPRK1,CHEMBL473904,O=C1N(CCN2CCCC2)CN(c2ccccc2)C12CCN(Cc1c(Cl)cccc1Cl)CC2,7.82
OPRK1,CHEMBL585721,Oc1cccc2c1O[C@H]1CCC[C@H]3CN(CCc4ccccc4)CC[C@@]231,7.82
OPRK1,CHEMBL1163522,COC(=O)[C@]12CN(C)C[C@](C(=O)OC)(C1=O)[C@@H](c1ccccn1)N(C)[C@H]2c1ccccn1,7.82
OPRK1,CHEMBL3262547,CCC1C(=O)N(C2CCN(C3CCc4ccccc4C3)CC2)c2ccccc21,7.82
OPRK1,CHEMBL3634258,CC(=O)N1CC[C@@H](NC(=O)[C@@H](N)Cc2c(C)cc(O)cc2C)c2cc(CC3CCc4ccccc43)ccc21,7.82
OPRK1,CHEMBL3823815,CCOC(=O)CN1CC[C@@H](NC(=O)[C@@H](N)Cc2c(C)cc(O)cc2C)c2cc(Cc3ccccc3)ccc21,7.82
OPRK1,CHEMBL3698843,CN1CC2CN(c3nc4ccccc4n(C4CCN(C5CCCCCCC5)CC4)c3=O)CC2C1,7.82
OPRK1,CHEMBL3691884,COC12CC[C@@]3(C[C@@H]1CNC(=O)c1nccnc1C(=O)O)[C@H]1Cc4ccc(O)c5c4[C@@]3(CCN1CC1CC1)[C@H]2O5,7.82
OPRK1,CHEMBL4111378,COc1ccc2c3c1O[C@H]1[C@@]4(OC)CC[C@@]5(C[C@@H]4CSc4nc(C)ns4)[C@@H](C2)N(CC2CC2)CC[C@]315,7.82
OPRK1,CHEMBL4110440,CO[C@]12CC[C@@]3(C[C@@H]1COCc1ccccc1)[C@H]1Cc4ccc(NC(C)=O)c5c4[C@@]3(CCN1C)[C@H]2O5,7.82
OPRK1,CHEMBL4092100,COC(=O)N1CCN(C(=O)Cc2cccc(Cl)c2)[C@@H]2[C@@H](N3CC[C@H](O)C3)CCC[C@@H]21,7.82
OPRK1,CHEMBL4634141,CC(=O)Nc1ccc(-c2cnc3c(c2)C[C@@]2(OCCCc4ccccc4)[C@H]4Cc5ccc(O)c6c5[C@@]2(CCN4CC2CC2)[C@H]3O6)cc1,7.82
OPRK1,CHEMBL5288247,CN(C(=O)[C@H](CC1CCCCC1)NC(=O)[C@H](CCC(N)=O)NC(=O)[C@@H](CCCNC(=N)N)NC(=O)[C@@H](CCCNC(=N)N)NC(=O)[C@@H]1CCCN1C(=O)c1ccccc1)[C@H]1CSSC[C@@H](C(N)=O)NC1=O,7.82
OPRK1,CHEMBL5785359,CCOC(=O)c1cc2cc(C)ccc2nc1N1CCC(NC2CCCCC2)C(CO)C1,7.82
OPRK1,CHEMBL6041998,Cc1ccc2nc(N3CCC(NC4CCC[C@@H]4O)CC3)c(-c3nc(C)no3)cc2c1,7.82
OPRK1,CHEMBL5819751,CO/N=C/c1cc2cc(C)ccc2nc1N1CCC(NC2CCCCC2)CC1,7.82
OPRK1,CHEMBL5762312,CO[C@H]1CN(c2nc3c(C)c(F)ccc3cc2-c2nc(C)no2)CC[C@H]1NC1CCCCC1,7.82
OPRK1,CHEMBL3309510,CN1CC[C@]23c4c5ccc(O)c4O[C@H]2C2=C(C[C@H](CCO)C(=O)N2Cc2ccccc2)C[C@@]3(O)[C@H]1C5,7.81
OPRK1,CHEMBL5069790,CC(=O)N[C@@H](Cc1ccccc1)C(=O)N[C@H]1Cc2cccc(c2)OC/C=C\COc2cccc(c2)C[C@@H](C(=O)N[C@@H](CCCNC(=N)N)C(=O)N[C@@H](CC(C)C)C(=O)N[C@@H](CCCNC(=N)N)C(=O)N[C@@H](CCCNC(=N)N)C(=O)N[C@H](C)C(=O)N[C@@H](CCCNC(=N)N)C(=O)N2CCC[C@H]2C(=O)N[C@@H](CCCCN)C(N)=O)NC1=O,7.81
OPRK1,CHEMBL326103,CCN1CC[C@]2(C)c3cc(O)ccc3CC1[C@@H]2C,7.8
OPRK1,CHEMBL555835,CO[C@H]1C[C@H](N(C)C(=O)Cc2cccc3occc23)[C@@H](N2CCCC2)C[C@H]1OC.Cl,7.8
OPRK1,CHEMBL441124,CN(C(=O)CNc1ccc(CNS(C)(=O)=O)cc1)[C@H](CN1CC[C@H](O)C1)c1ccccc1,7.8
OPRK1,CHEMBL435746,C[C@H]1CN2C[C@H](Cc3ccccc3)NC[C@H]2C[C@@]1(C)c1cccc(O)c1,7.8
OPRK1,CHEMBL262420,C[C@H]1[C@H]2CC[C@@H](c3ccccc3)CN2CC[C@@]1(C)c1cccc(O)c1,7.8
OPRK1,CHEMBL511621,NC(=O)c1ccc2c3c1O[C@H]1CCC[C@@]4(O)[C@@H](C2)N(CC2CC2)CC[C@]314,7.8
OPRK1,CHEMBL488642,CN(CC(=O)N(C)C(CN1CCCC1)c1ccc(-c2ccccc2)cc1)c1ccc(Cl)c(Cl)c1,7.8
OPRK1,CHEMBL568813,Ic1ccc(CN(Cc2ccc(I)cc2)c2ccc3c(c2)[C@@]24CCCC[C@H]2[C@@H](C3)N(CC2CCC2)CC4)cc1,7.8
OPRK1,CHEMBL2386901,Oc1ccc2c(c1)[C@]1(CCc3ccccc3)CCN(CC3CC3)C[C@@H]1O2,7.8
OPRK1,CHEMBL3219614,CC[C@]1(c2cccc(NS(C)(=O)=O)c2)[C@@H]2CN(CCCC3(O)CCCCC3)C[C@@H]21,7.8
OPRK1,CHEMBL3359291,COC(=O)[C@@H]1C[C@H](OC(C)=O)C(=O)[C@H]2[C@@]1(C)CC[C@H]1C(=O)O[C@H](c3ccoc3-c3ccc(OC)cc3)C[C@]21C,7.8
OPRK1,CHEMBL4114486,COc1ccc2c3c1O[C@H]1[C@@]4(OC)CC[C@@]5(C[C@@H]4CNCC(N)=O)[C@@H](C2)N(CC2CC2)CC[C@]315,7.8
OPRK1,CHEMBL4473177,Cc1cc(O)cc(C)c1C[C@H](N)C(=O)N[C@@H]1CCNc2ccc(Cc3cnc4ccccc4c3)cc21.O=C(O)C(F)(F)F,7.8
OPRK1,CHEMBL4640826,Oc1ccc2c3c1O[C@H]1c4ncc(-c5ccncc5)cc4C[C@@]4(OCCCc5ccccc5)[C@@H](C2)N(CC2CC2)CC[C@]314,7.8
OPRK1,CHEMBL5279099,N=C(N)NCCC[C@@H](NC(=O)[C@@H](CCCNC(=N)N)NC(=O)[C@@H]1CCCN1C(=O)c1ccccc1)C(=O)N[C@@H](CCC(N)=O)C(=O)N[C@@H](CC1CCCCC1)C(=O)N[C@H]1CSCSC[C@@H](C(N)=O)NC1=O,7.8
OPRK1,CHEMBL3183591,COC(=O)c1cc(Br)cnc1N1CCC(NC2CCCCC2)C(O)C1,7.8
OPRK1,CHEMBL5833480,N=Cc1cc(Br)cnc1N1CCC(NC2CCCCC2)C(CO)C1,7.8
OPRK1,CHEMBL6027270,Cc1noc(-c2cc3cc(Cl)ccc3nc2N2CCC(NC3CCCCC3)C(CO)C2)n1,7.8
OPRK1,CHEMBL5765077,CO[C@H]1CN(c2nc(C)c(C)cc2-c2nc(C)no2)CC[C@H]1NC1CCCCC1,7.8
OPRK1,CHEMBL5763749,COC1CN(/C(N)=C(/C=C(/C)N)c2nc(C)no2)CCC1NC1CCOCC1,7.8
OPRK1,CHEMBL5963926,Cc1ccc2nc(N3CCC(NCC(C)(C)O)CC3)c(-c3nc(C)no3)cc2c1,7.8
OPRK1,CHEMBL5791519,CCOC(=O)c1cc(Br)cnc1N1CC[C@H](NC2CCCCC2)[C@@H](O)C1,7.8
OPRK1,CHEMBL5956167,COC1CN(c2nnc(C)cc2-c2nc(C)no2)CCC1NC1CCOCC1,7.8
OPRK1,CHEMBL6006106,CCOC(=O)c1cc(Br)ccc1N1CC[C@H](NC2CCCCC2)[C@@H](O)C1,7.8
OPRK1,CHEMBL2112474,CC(C)[C@@H](CN1CC[C@@](C)(c2cccc(O)c2)[C@@H](C)C1)NC(=O)[C@H]1Cc2ccc(O)cc2CN1C(=O)CN(C)C,7.79
OPRK1,CHEMBL447779,O=C1NCN(c2ccccc2)C12CCN(C1CCc3ccc(Cl)cc3C1)CC2,7.79
OPRK1,CHEMBL26987,O=C1N(CCO)CN(c2ccccc2)C12CCN(C1CCc3cccc(Cl)c3C1)CC2,7.79
OPRK1,CHEMBL359543,CN(C(=O)CNC(=O)Cc1ccccc1)[C@H](CN1CCCC1)c1ccccc1,7.79
OPRK1,CHEMBL401451,O=C1NCN(c2ccccc2)C12CCN(Cc1ccccc1Cl)CC2,7.79
OPRK1,CHEMBL3698807,CCOC(=O)[C@@H]1CN(CCNc2nc3ccccc3n([C@H]3C[C@H]4CC[C@@H](C3)N4C3CCCCCCC3)c2=O)C[C@H]1C(=O)OCC,7.79
OPRK1,CHEMBL3704590,O=C(O)CN1CCCC[C@@H]1c1nc2ccccc2n1[C@H]1C[C@H]2CCC[C@@H](C1)N2[C@@H]1C[C@@H]2CCCC[C@@H](C2)C1,7.79
OPRK1,CHEMBL4107537,CCCc1cc(COC[C@H]2C[C@@]34CC[C@]2(OC)[C@@H]2Oc5c(OC)ccc6c5[C@@]23CCN(C)[C@@H]4C6)on1,7.79
OPRK1,CHEMBL4106487,COc1ccc2c3c1O[C@H]1[C@@]4(OC)CC[C@@]5(C[C@@H]4COCc4ccccc4)[C@@H](C2)N(CC(N)=O)CC[C@]315,7.79
OPRK1,CHEMBL4436473,COc1ccc2c3c1O[C@H]1[C@@]4(OC)CC[C@@]5(C[C@@H]4c4ccc(NCC(N)=O)cc4)[C@@H](C2)N(CC2CC2)CC[C@]315,7.79
OPRK1,CHEMBL4874064,COc1ccc2c3c1O[C@H]1[C@@]4(OC)CC[C@@]5(C[C@@H]4c4cccc(NCc6ccc(O)cc6)c4)[C@@H](C2)N(CC2CC2)CC[C@]315,7.79
OPRK1,CHEMBL5268235,N=C(N)NCCC[C@H](NC(=O)[C@@H]1CCC(=O)N1)C(=O)N[C@H](CCCNC(=N)N)C(=O)N[C@@H](CCC(N)=O)C(=O)N[C@@H](CC1CCCCC1)C(=O)N[C@H]1CSSC[C@@H](C(N)=O)NC1=O,7.79
OPRK1,CHEMBL213074,COC(=O)[C@@H]1C[C@@H](N(C)C(C)=O)C(=O)[C@H]2[C@@]1(C)CC[C@H]1C(=O)O[C@H](c3ccoc3)C[C@]21C,7.78
OPRK1,CHEMBL3408737,Cc1cc(O)cc(C)c1C[C@H](N)C(=O)N[C@H](CCCNC(=N)N)C(=O)N[C@H]1Cc2ccccc2CN(CCC(N)=O)C1=O,7.78
OPRK1,CHEMBL4449999,CCCNc1ccc([C@H]2C[C@@]34CC[C@]2(OC)[C@@H]2Oc5c(OC)ccc6c5[C@@]23CCN(CC2CC2)[C@@H]4C6)cc1,7.78
OPRK1,CHEMBL5190163,COc1cccc([C@@H](O)[C@]2(C)C[C@@]34CC[C@]2(OC)[C@@H]2Oc5c(OC)ccc6c5[C@@]23CCN(CC2CC2)[C@@H]4C6)c1,7.78
OPRK1,CHEMBL5878208,CO[C@H]1CN(c2nc3ccccc3cc2-c2ccc(C)nn2)CC[C@H]1NC1CCCCC1,7.78
OPRK1,CHEMBL115917,C[C@H]1C2Cc3ccc(O)cc3[C@@]1(C)CCN2C,7.77
OPRK1,CHEMBL555100,CN(C(=O)Cc1cccc2ccsc12)[C@@H]1CCCC[C@H]1N1CCCC1.Cl,7.77
OPRK1,CHEMBL543301,CN(C(=O)Cc1cccc2occc12)[C@@H]1CCCC[C@H]1N1CCC(CO)C1.Cl,7.77
OPRK1,CHEMBL319536,C[C@H]1CN(CCc2ccccc2)CC[C@@]1(C)c1cccc(O)c1,7.77
OPRK1,CHEMBL27729,CN1CN(c2ccccc2)C2(CCN(C3CCc4c(Cl)ccc(Cl)c4C3)CC2)C1=O,7.77
OPRK1,CHEMBL26638,O=C1NCN(c2ccccc2)C12CCN([C@H]1CCCc3ccccc31)CC2,7.77
OPRK1,CHEMBL363525,O=C1[C@@H](c2ccc(Cl)c(Cl)c2)CC=CCN1C(CN1CCCC1)c1ccccc1,7.77
OPRK1,CHEMBL199215,CC(=O)Nc1ccc2c(c1)CCC(C(=O)N(C)[C@H](CN1CC[C@H](O)C1)c1ccccc1)O2,7.77
OPRK1,CHEMBL458235,COC(=O)[C@@H]1C[C@H](OC(C)=O)C(=O)[C@H]2[C@@]1(C)CC[C@H]1C(=O)O[C@@H](c3ccoc3)C[C@]21C,7.77
OPRK1,CHEMBL2179661,CN1CC[C@]23c4c5ccc(O)c4O[C@H]2c2ncc(-c4ccc(Cl)cc4)cc2C[C@@]3(OC(=O)Cc2ccccc2)[C@H]1C5,7.77
OPRK1,CHEMBL2322561,Cc1cc(O)cc(C)c1C[C@H](N)C(=O)N[C@@H]1CCNc2ccc(Cc3cccc4ccccc34)cc21,7.77
OPRK1,CHEMBL4439183,CCNc1ccc([C@H]2C[C@@]34CC[C@]2(OC)[C@@H]2Oc5c(OC)ccc6c5[C@@]23CCN(CC2CC2)[C@@H]4C6)cc1,7.77
OPRK1,CHEMBL5886291,Cc1noc(-c2cc3ccccc3nc2N2CCC(NC3CCCC3)C(CO)C2)n1,7.77
OPRK1,CHEMBL5928030,Cc1noc(-c2cc(C)c(C)nc2N2CCC(NC3CCCCC3C)C(CO)C2)n1,7.77
OPRK1,CHEMBL5901283,Cc1ccc2nc(N3CCC(NC4CCOCC4)CC3)c(-c3nc(C4CC4)no3)cc2c1,7.77
OPRK1,CHEMBL6058477,Cc1ccc2nc(N3CCC(NC4CCCC[C@@H]4O)CC3)c(-c3noc(C)n3)cc2c1,7.77
OPRK1,CHEMBL5880308,CCc1ccc2nc(N3CCC(N[C@H](C)CC)CC3)c(-c3nc(C)no3)cc2c1,7.77
OPRK1,CHEMBL6159772,O=c1[nH]c2cc(CCN(CCc3ccccc3)CC3CCC3)ccc2o1,7.77
OPRK1,CHEMBL6134647,Cn1cc(CCN(CCc2cccc3[nH]c(=O)[nH]c23)CC2CCC2)cn1,7.77
OPRK1,CHEMBL6145536,Fc1ccc(CCN(CCc2ccc3nc[nH]c3c2)CC2CCC2)nc1,7.77
OPRK1,CHEMBL6171064,Cn1cnc(CCN(CCc2ccc3nc[nH]c3c2)CC2CCC2)c1,7.77
OPRK1,CHEMBL6148595,Cc1cnn(C[C@H]2C[C@@H](Cc3ccc4nc[nH]c4c3)N(CC3CCC3)C2)c1,7.77
OPRK1,CHEMBL437242,CC[C@H](C)[C@H](NC(=O)[C@H](CCCN=C(N)N)NC(=O)[C@H](CCCN=C(N)N)NC(=O)[C@H](CC(C)C)NC(=O)[C@@H](Cc1ccccc1)NC(=O)CNC(=O)CNC(=O)[C@@H](N)Cc1ccc(O)cc1)C(N)=O,7.76
OPRK1,CHEMBL283432,COCN1CN(c2ccccc2)C2(CCN(C3CCc4cccc(Cl)c4C3)CC2)C1=O,7.76
OPRK1,CHEMBL3287466,O=C1CC[C@@]23Cc4ccc(O)cc4[C@@]2(CCN(CC2CC2)C3)C1,7.76
OPRK1,CHEMBL3786083,O=C1C[C@]23CCN(CC4CC4)[C@H](Cc4ccc(O)cc42)[C@]3(O)CC/C1=C/c1ccccc1,7.76
OPRK1,CHEMBL4108315,COc1ccc2c3c1O[C@H]1[C@@]4(OC)CC[C@@]5(C[C@@H]4COCc4cc6ccccc6o4)[C@@H](C2)[N+](C)(CC2CC2)CC[C@]315,7.76
OPRK1,CHEMBL3891748,CC(C)(C)C(=O)N[C@H]1C[C@@]2(O)[C@H]3Cc4ccc(O)cc4[C@@]2(CCN3CC2CC2)CC1=O,7.76
OPRK1,CHEMBL4129668,N[C@@H](Cc1ccc(O)cc1)C(=O)N[C@@H]1CSSC[C@@H](NC(=O)[C@@H](N)Cc2ccc(O)cc2)C(=O)NCC(=O)N[C@@H](Cc2ccccc2)C(=O)NCCSSCCNC(=O)[C@H](Cc2ccccc2)NC(=O)CNC1=O,7.76
OPRK1,CHEMBL4447249,COc1ccc2c3c1O[C@H]1[C@@]4(OC)CC[C@@]5(C[C@@H]4c4ccc(NCc6ccccc6)cc4)[C@@H](C2)N(CC2CC2)CC[C@]315,7.76
OPRK1,CHEMBL177957,COC(=O)C12CN(C)CC(C(=O)OC)(C1=O)C(c1ccc(OC)cc1)N(C)C2c1ccc(OC)cc1,7.75
OPRK1,CHEMBL556414,CO[C@H]1C[C@H](N(C)C(=O)Cc2cccc3sccc23)[C@@H](N2CCCC2)C[C@H]1OC.Cl,7.75
OPRK1,CHEMBL348023,c1cc2c(cc1OCCCCOc1ccc3c(c1)[C@@]14CCCC[C@H]1[C@@H](C3)N(CC1CCC1)CC4)[C@@]13CCCC[C@H]1[C@@H](C2)N(CC1CCC1)CC3,7.75
OPRK1,CHEMBL212435,COC(=O)[C@@H]1C[C@H](NC(C)C)C(=O)[C@H]2[C@@]1(C)CC[C@H]1C(=O)O[C@H](c3ccoc3)C[C@]21C,7.75
OPRK1,CHEMBL437949,C=C1[C@@H]2CCC[C@]1(c1cccc(O)c1)CCN2CCc1ccccc1,7.75
OPRK1,CHEMBL251160,C[C@H]1C2Cc3ccc(C(=O)NCc4cccc5ccccc45)cc3[C@@]1(C)CCN2CC1CC1,7.75
OPRK1,CHEMBL451320,Cl.O=C(Oc1ccc2c(c1)[C@@]13CCCC[C@@]1(O)[C@@H](C2)N(CC1CCC1)CC3)c1ccc(-c2ccccc2)cc1,7.75
OPRK1,CHEMBL573918,CC(C)(CCCCCCC(C)(C)C(=O)Oc1ccc2c(c1)[C@@]13CCCC[C@H]1[C@@H](C2)N(CC1CCC1)CC3)C(=O)O,7.75
OPRK1,CHEMBL1650847,CN1CCN(c2nc3ccccc3n2C2CCN(C3(CO)CCCCCCC3)CC2)CC1,7.75
OPRK1,CHEMBL1766033,CCNC(=S)Nc1nc2cc3c(cc2s1)C[C@@H]1[C@@H]2CCCC[C@]32CCN1CC1CC1,7.75
OPRK1,CHEMBL1941033,COC(=O)[C@@H]1C[C@H](OC(C)=O)C(=O)[C@H]2[C@@]1(C)CC[C@H]1C(=O)O[C@@H](c3ccoc3Br)C[C@]21C,7.75
OPRK1,CHEMBL4633223,Cc1cccc(-c2cnc3c(c2)C[C@@]2(OCCCc4ccccc4)[C@H]4Cc5ccc(O)c6c5[C@@]2(CCN4CC2CC2)[C@H]3O6)c1,7.75
OPRK1,CHEMBL4467777,C[C@@H](Cc1ccsc1)NC(=O)NC[C@H](Cc1ccc(O)cc1)N(C)C,7.75
OPRK1,CHEMBL5573567,COc1ccc2c3c1O[C@H]1[C@@]4(OC)CC[C@@]5(C[C@@H]4c4ccccc4NC(=O)c4ccccc4)[C@@H](C2)N(CC2CC2)CC[C@]315,7.75
OPRK1,CHEMBL5850047,COC(=O)c1cc(I)cnc1N1CCC(NC2CCCCC2)C(O)C1,7.75
OPRK1,CHEMBL5949190,Cc1noc(-c2cc3ccccc3nc2N2CCC(NC3CCCCC3)CC2)n1,7.75
OPRK1,CHEMBL5873513,COC1CN(c2nc3c(C)cccc3cc2-c2nc(C)no2)CCC1NC1CCCCC1,7.75
OPRK1,CHEMBL5940882,Cc1ccc2nc(N3CCC(NC4CCCCC4)C(CO)C3)c(C(=O)OC(C)C)cc2c1,7.75
OPRK1,CHEMBL5892348,Cc1cc(C)c2nc(N3CCC(NCC(C)C)CC3)c(-c3nc(C)no3)cc2c1,7.75
OPRK1,CHEMBL5950088,CO[C@H]1CN(c2ncc(C)cc2-c2nc(C3CC3)no2)CC[C@H]1NC1CCCCC1,7.75
OPRK1,CHEMBL5947011,COC1CN(c2nc3ccccc3cc2-c2cnc(C)cn2)CCC1NC1CCCCC1,7.75
OPRK1,CHEMBL237066,NC(=O)c1ccc(Oc2ccc(CCNCc3ccccc3)cc2)nc1,7.74
OPRK1,CHEMBL3330663,C=CC(=O)O[C@H]1C[C@@H](C(=O)OC)[C@]2(C)CC[C@H]3C(=O)O[C@H](c4ccoc4)C[C@]3(C)[C@H]2C1=O,7.74
OPRK1,CHEMBL4640139,Oc1cccc(-c2cnc3c(c2)C[C@@]2(OCCCc4ccccc4)[C@H]4Cc5ccc(O)c6c5[C@@]2(CCN4CC2CC2)[C@H]3O6)c1,7.74
OPRK1,CHEMBL199111,CNS(=O)(=O)c1ccc2c(c1)CCC(C(=O)N(C)[C@H](CN1CC[C@H](O)C1)c1ccccc1)O2,7.73
OPRK1,CHEMBL221419,Cn1cc(-c2ccccc2)c2c1[C@@H]1Oc3c(O)ccc4c3[C@@]13CCN(CC1CC1)C(C4)[C@]3(O)C2,7.73
OPRK1,CHEMBL4130069,N[C@@H](Cc1ccc(O)cc1)C(=O)N[C@@H]1CSSC[C@@H](NC(=O)[C@@H](N)Cc2ccc(O)cc2)C(=O)NCC(=O)N[C@@H](Cc2ccccc2)C(=O)N2CCN(CC2)C(=O)[C@H](Cc2ccccc2)NC(=O)CNC1=O,7.73
OPRK1,CHEMBL188553,COC(=O)[C@@H]1C[C@H](OC(=O)C(C)C)C(=O)[C@H]2[C@@]1(C)CC[C@H]1C(=O)O[C@H](c3ccoc3)C[C@]21C,7.72
OPRK1,CHEMBL192964,CC(=O)NCc1cccc(CC(=O)N(C)[C@H](CN2CCCC2)c2ccccc2)c1,7.72
OPRK1,CHEMBL250388,C[C@H]1C2Cc3ccc(C(=O)NCc4ccc5ccccc5c4)cc3[C@@]1(C)CCN2CC1CC1,7.72
OPRK1,CHEMBL398294,C[C@H]1C2Cc3ccc(C(=O)NCCc4ccccc4Br)cc3[C@@]1(C)CCN2CC1CC1,7.72
OPRK1,CHEMBL511884,CC1C2Cc3ccc(C(N)=O)cc3C1(C)CCN2C,7.72
OPRK1,CHEMBL471049,CN1CC[C@]23c4c5ccc(C(N)=O)c4O[C@H]2C(=O)CC[C@H]3[C@H]1C5,7.72
OPRK1,CHEMBL2048775,COc1ccccc1CN(C)c1ccc2c(c1)[C@@]13CCCC[C@H]1[C@@H](C2)N(CC1CCC1)CC3,7.72
OPRK1,CHEMBL3597075,CC(C)C[C@H](NC(=O)[C@H](CO[C@@H]1O[C@H](CO)[C@@H](O)[C@H](O)[C@H]1O)NC(=O)[C@H](CCCCN)NC(=O)[C@H](CC(C)C)NC(=O)[C@H](C)NC(=O)[C@H](CCCCN)NC(=O)[C@H](CCC(=O)O)NC(=O)C(C)(C)NC(=O)[C@H](CC(C)C)NC(=O)[C@H](CC(N)=O)NC(=O)[C@@H]1CCCN1C(=O)[C@@H]1CCCN1C(=O)[C@H](Cc1ccccc1)N(C)C(=O)CNC(=O)[C@@H](C)NC(=O)[C@@H](N)Cc1ccc(O)cc1)C(N)=O,7.72
OPRK1,CHEMBL3634257,Cc1cc(O)cc(C)c1C[C@H](N)C(=O)N[C@@H]1CCNc2ccc(CC3CCc4ccccc43)cc21,7.72
OPRK1,CHEMBL3634248,Cc1cc(O)cc(C)c1C[C@H](N)C(=O)N[C@@H]1CCCc2ccc(Cc3ccccc3)cc21,7.72
OPRK1,CHEMBL3667197,CN1CC[C@]23CC(=O)CC[C@@]2(O)[C@H]1Cc1ccc(C(=O)NCCc2ccc(-c4cn[nH]c4)cc2)c(O)c13,7.72
OPRK1,CHEMBL4078930,C=CCN(CCc1cccc(O)c1)CCc1cccc(O)c1.Cl,7.72
OPRK1,CHEMBL4648628,Oc1ccc2c3c1O[C@H]1c4ncc(-c5ccccn5)cc4C[C@@]4(OCCCc5ccccc5)[C@@H](C2)N(CC2CC2)CC[C@]314,7.72
OPRK1,CHEMBL5089230,C=CCOc1ccc(C[C@H](NC(=O)[C@H](Cc2ccccc2)NC(C)=O)C(=O)N[C@@H](Cc2ccc(OCC=C)cc2)C(=O)N[C@@H](CCCNC(=N)N)C(=O)N[C@@H](CC(C)C)C(=O)N[C@@H](CCCNC(=N)N)C(=O)N[C@@H](CCCNC(=N)N)C(=O)N[C@H](C)C(=O)N[C@@H](CCCNC(=N)N)C(=O)N2CCC[C@H]2C(=O)N[C@@H](CCCCN)C(N)=O)cc1,7.72
OPRK1,CHEMBL6045151,COC1CN(c2nc(C)c(C)cc2-c2nc(C)no2)CCC1NC1CCCCC1,7.72
OPRK1,CHEMBL6025727,COC(=O)C(/C=C(/C)N)=C(/N)N1CCC(NC2CCCCC2)C(OC)C1,7.72
OPRK1,CHEMBL5897301,CCC1(CO)CN(/C(N)=C(/C=C(/C)N)c2nc(C)no2)CCC1NC1CCCCC1,7.72
OPRK1,CHEMBL6007836,COC1CN(c2ncc(C)cc2-c2nc(C)no2)CCC1NC1CCCCCC1,7.72
OPRK1,CHEMBL5904726,Cc1ccc2nc(N3CCC(NC4CCOCC4)CC3)c(-c3noc(C)n3)cc2c1,7.72
OPRK1,CHEMBL6041210,CO[C@H]1CN(c2ncc(C)cc2-n2ccc(C)n2)CC[C@H]1NC1CCCCC1,7.72
OPRK1,CHEMBL5940134,Cc1ccc2nc(N3CCC(NC4CCCCC4)CC3)c(-c3ccc(C)o3)cc2c1,7.72
OPRK1,CHEMBL5966460,CO[C@H]1CN(c2nc3cccc(F)c3cc2-c2nc(C)no2)CC[C@H]1NC1CCCCC1,7.72
OPRK1,CHEMBL5779228,Cc1noc(-c2cc3ccc(Cl)cc3nc2N2CCC(NC3CCCCC3)CC2)n1,7.72
OPRK1,CHEMBL6061493,COC(=O)c1cc(C)nnc1N1CCC(NC2CCCCC2)C(OC)C1,7.72
OPRK1,CHEMBL5992926,CCC1(CO)CN(c2nnc(C)cc2-c2nc(C)no2)CCC1NC1CCCCC1,7.72
OPRK1,CHEMBL5803638,CC(Cc1csc2ccccc12)NC(=O)NC[C@H](Cc1ccc(O)cc1)N(C)C,7.72
OPRK1,CHEMBL304263,COc1ccccc1-c1cccn(C(CN2CCCC2)c2ccccc2)c1=O,7.71
OPRK1,CHEMBL515864,O=C(N[C@H]1CC[C@@]2(O)[C@H]3Cc4ccc(O)c5c4[C@@]2(CCN3CC2CC2)[C@H]1O5)c1ccncc1,7.71
OPRK1,CHEMBL3590193,Cc1ccc(S(=O)(=O)N2CCc3cc(C(=O)NCCN(Cc4ccc(Br)cc4)C(C)C)ccc3C2)cc1,7.71
OPRK1,CHEMBL3956140,COc1ccc2c3c1O[C@H]1[C@@]4(OC)CC[C@@]5([C@@H](CCC(=O)O)[C@@H]4COCc4ccccc4)[C@@H](C2)N(CC2CC2)CC[C@]315,7.71
OPRK1,CHEMBL4570786,COc1ccc2c3c1O[C@H]1[C@@]4(OC)CC[C@@]5(C[C@@H]4c4ccc(NCC6CC6)cc4)[C@@H](C2)N(CC2CC2)CC[C@]315,7.71
OPRK1,CHEMBL5270915,CN(C)CC1CN(C(=O)Cc2cccc(Cl)c2)CCC1(O)c1cccc(O)c1,7.71
OPRK1,CHEMBL5267374,N=C(N)NCCC[C@@H](NC(=O)[C@@H](CCCNC(=N)N)NC(=O)[C@@H]1CCCN1C(=O)c1ccccc1)C(=O)N[C@@H](CCC(=O)O)C(=O)N[C@@H](CC1CCCCC1)C(=O)N[C@H]1CSSC[C@@H](C(N)=O)NC1=O,7.71
OPRK1,CHEMBL180074,COC(=O)C12CN(C)CC(C(=O)OC)(C1=O)C(c1cccc(O)c1)N(C)C2c1cccc(O)c1,7.7
OPRK1,CHEMBL412769,CCCCCCNC(=O)[C@H](CC(C)C)NC(=O)[C@H](CCCN=C(N)N)NC(=O)[C@H](CCCN=C(N)N)NC(=O)[C@H](CC(C)C)NC(=O)[C@@H](Cc1ccccc1)NC(=O)CNC(=O)CNC(=O)[C@H](Cc1ccc(O)cc1)NC,7.7
OPRK1,CHEMBL412248,CC(=O)N[C@@H](Cc1ccc(O)cc1)C(=O)N[C@@H](CCCCN)C(=O)N[C@@H](Cc1c[nH]c2ccccc12)C(=O)N[C@@H](Cc1c[nH]c2ccccc12)C(=O)N[C@@H](CC(C)C)C(=O)N[C@@H](CCCN=C(N)N)C(=O)N[C@@H](CCCN=C(N)N)C(=O)N[C@H](C)C(=O)N[C@@H](CCCN=C(N)N)C(=O)N1CCC[C@H]1C(=O)N[C@@H](CCCCN)C(N)=O,7.7
OPRK1,CHEMBL25230,C=CCN1C[C@H](C)N([C@H](c2ccc(C(=O)N(CC)CC)cc2)c2cccc(O)c2)C[C@H]1C,7.7
OPRK1,CHEMBL308522,Cc1cccc(N2CNC(=O)C23CCN(C2Cc4cccc5cccc2c45)CC3)c1,7.7
OPRK1,CHEMBL355202,O=C1NCN(c2ccccc2)C12CCN([C@@H]1Cc3cccc4cccc1c34)CC2,7.7
OPRK1,CHEMBL609998,O=Cc1ccc(C(=O)Nc2cccc3c4c([nH]c23)C2Oc3c(O)ccc5c3[C@@]23CCN(CC2CC2)[C@H](C5)[C@]3(O)C4)cc1C=O,7.7
OPRK1,CHEMBL2367918,C[C@H]1[C@H]2Cc3ccc(N)cc3[C@@]1(C)CCN2CC1CC1,7.7
OPRK1,CHEMBL178101,CN(CC(=O)N(C)[C@H](CN1CC[C@@H](O)C1)c1ccccc1)C(=O)c1ccc(Cl)c(Cl)c1,7.7
OPRK1,CHEMBL219495,C[C@H]1CN2CCN(CCc3ccccc3)C[C@H]2C[C@@]1(C)c1cccc(O)c1,7.7
OPRK1,CHEMBL243195,CNC(=O)Nc1ccc2c(c1)[C@@]13CCCC[C@H]1[C@@H](C2)N(CC1CCC1)CC3,7.7
OPRK1,CHEMBL456055,COC(=O)[C@@H]1C[C@H](OC(C)=O)C(=O)[C@H]2[C@@]1(C)CC[C@H]1C(=O)O[C@H](C(O)c3ccco3)C[C@]21C,7.7
OPRK1,CHEMBL509201,O=C1N[C@H](Cc2c[nH]c3ccccc23)C(=O)N[C@@H](Cc2ccccc2)C(=O)N2CCC[C@@H]2C(=O)N[C@H]1Cc1cccc(O)c1,7.7
OPRK1,CHEMBL1223815,Cc1ccc(CN2[C@@H]3CC[C@H]2C[C@@H](Oc2cccc(C(N)=O)c2)C3)s1,7.7
OPRK1,CHEMBL1257578,Cc1ccc(CN2[C@@H]3CC[C@H]2C[C@H](Oc2cccc(C(N)=O)c2)C3)s1,7.7
OPRK1,CHEMBL1642758,Cc1cc(CNC2Cc3ccccc3C2)ccc1N1CCCc2cc(C(N)=O)ccc21,7.7
OPRK1,CHEMBL1824514,Cl.O=C(N[C@@H]1CC[C@@]2(O)[C@H]3Cc4ccc(O)c5c4[C@@]2(CCN3CC2CC2)[C@H]1O5)c1ccncc1Cl,7.7
OPRK1,CHEMBL610261,Oc1ccc2c3c1O[C@H]1c4ncc(-c5ccc(Cl)cc5)cc4C[C@@]4(O)[C@@H](C2)N(CC2CC2)CC[C@]314,7.7
OPRK1,CHEMBL1852672,O=C(N[C@@H]1CC[C@@]2(O)[C@H]3Cc4ccc(O)c5c4[C@@]2(CCN3CC2CC2)[C@H]1O5)c1ccncc1Cl,7.7
OPRK1,CHEMBL3323511,CN1CCN(C(=O)Cc2ccc(Cl)c(Cl)c2)C2C1CCCC2N1CCCC1,7.7
OPRK1,CHEMBL3359796,COC(=O)[C@@H]1C[C@H](OC(C)=O)C(=O)[C@H]2[C@@]1(C)CC[C@H]1C(=O)O[C@H](c3ccoc3/C=C/c3ccccc3)C[C@]21C,7.7
OPRK1,CHEMBL3330679,COC(=O)[C@@H]1C[C@H](OC(=O)/C=C/c2ccccc2C(F)(F)F)C(=O)[C@H]2[C@@]1(C)CC[C@H]1C(=O)O[C@H](c3ccoc3)C[C@]21C,7.7
OPRK1,CHEMBL3634251,Cc1cc(O)cc(C)c1C[C@H](N)C(=O)N[C@@H]1CCCc2ccc(CC3CCCCC3)cc21,7.7
OPRK1,CHEMBL3786640,COC(=O)N1CCN(C(=O)Cc2ccc(Cl)c(Cl)c2)C2C(N3CCCC3)CCCC21,7.7
OPRK1,CHEMBL4109778,CO[C@]12CC[C@@]3(C[C@@H]1COCc1ccccc1)[C@H]1Cc4ccc(OCC(=O)O)c5c4[C@@]3(CCN1CC1CC1)[C@H]2O5,7.7
OPRK1,CHEMBL4649607,Oc1ccc2c3c1O[C@H]1c4ncc(-c5cnccn5)cc4C[C@@]4(OCCCc5ccccc5)[C@@H](C2)N(CC2CC2)CC[C@]314,7.7
OPRK1,CHEMBL4745899,Cc1cc(O)cc(C)c1C[C@H](N)C(=O)N[C@H](CCCNC(=N)N)C(=O)N[C@H]1Cc2ccccc2CN(CCC(=O)N[C@@H](CCCNC(=N)N)C(=O)N[C@@H](CCCNC(=N)N)C(=O)N2CCC[C@H]2C(=O)N[C@@H](Cc2cccc(O)c2)C(=O)N[C@H](C(=O)N[C@@H](CC(C)C)C(=O)O)C(C)(C)C)C1=O,7.7
OPRK1,CHEMBL5091642,CCCC[C@@H](NC(=O)[C@@H](N)Cc1ccc(O)cc1)C(=O)NCC(=O)N[C@@H](Cc1ccc(F)cc1)C(=O)N1CCC(N(C(=O)CC)c2ccc(Cl)c(Cl)c2)CC1,7.7
OPRK1,CHEMBL5076268,CC(=O)N[C@@H](Cc1ccccc1)C(=O)N[C@H]1Cc2ccc(cc2)OC/C=C/COc2cccc(c2)C[C@@H](C(=O)N[C@@H](CCCNC(=N)N)C(=O)N[C@@H](CC(C)C)C(=O)N[C@@H](CCCNC(=N)N)C(=O)N[C@@H](CCCNC(=N)N)C(=O)N[C@H](C)C(=O)N[C@@H](CCCNC(=N)N)C(=O)N2CCC[C@H]2C(=O)N[C@@H](CCCCN)C(N)=O)NC1=O,7.7
OPRK1,CHEMBL5613556,Brc1ccc(CCc2nnc(-c3ccccn3)n2Cc2cccs2)cc1,7.7
OPRK1,CHEMBL5858437,Cc1noc(-c2cc3ccccc3nc2N2CCC(NC3CCOC3)CC2)n1,7.7
OPRK1,CHEMBL6006063,CCc1noc(-c2cc3cc(C)ccc3nc2N2CCC(NC3CCCCC3)C(CO)C2)n1,7.7
OPRK1,CHEMBL5875069,Cc1cnc(N2CCC(NC3CCCCC3)CC2)c(-c2nc(C)no2)c1,7.7
OPRK1,CHEMBL5878905,Cc1noc(-c2cc3ccc(F)cc3nc2N2CCC(NCC(C)C)CC2)n1,7.7
OPRK1,CHEMBL6170441,O=c1[nH]c2ccccc2n1CCN(CCc1ccccc1)CC1CCC1,7.7
OPRK1,CHEMBL6191555,NC(=O)c1ccc(Oc2ccc(CNCCc3ccccc3)cc2Cl)nc1,7.7
OPRK1,CHEMBL6192089,COc1cc(CNCCC2CCCCC2)ccc1Oc1ccc(C(N)=O)cn1,7.7
OPRK1,CHEMBL6188329,COc1cc(CNCCC(C)C)ccc1Oc1ccc(C(N)=O)cn1,7.7
OPRK1,CHEMBL3309506,CN1C(=O)CCC2=C1[C@@H]1Oc3c(O)ccc4c3[C@@]13CCN(C)[C@H](C4)[C@]3(O)C2,7.69
OPRK1,CHEMBL3622712,COC[C@@]1(C)C[C@@H](C(=O)OC)[C@]2(C)CC[C@@H]3C(=O)O[C@H](c4ccoc4)C[C@]3(C)[C@H]2C1=O,7.69
OPRK1,CHEMBL3984664,CCOC(=O)c1nc2ccccc2n([C@@H]2C[C@H]3CCC[C@@H](C2)N3C/C=C2\CCC3CC2C3(C)C)c1=O,7.69
OPRK1,CHEMBL4115536,COc1ccc2c3c1O[C@H]1[C@@]4(OC)CC[C@@]5(C[C@@H]4COCC(N)=O)[C@@H](C2)N(CC2CC2)CC[C@]315,7.69
OPRK1,CHEMBL4110163,COc1ccc2c3c1O[C@H]1[C@@]4(OC)CC[C@@]5(C[C@@H]4COCc4ccc(N(S(C)(=O)=O)S(C)(=O)=O)cc4)[C@@H](C2)N(CC2CC2)CC[C@]315,7.69
OPRK1,CHEMBL3961125,CC(C)(C)C[C@H]1C[C@@]2(O)[C@H]3Cc4ccc(O)cc4[C@@]2(CCN3CC2CC2)CC1=O,7.69
OPRK1,CHEMBL4580549,CNc1ccc([C@H]2C[C@@]34CC[C@]2(OC)[C@@H]2Oc5c(OC)ccc6c5[C@@]23CCN(CC2CC2)[C@@H]4C6)cc1,7.69
OPRK1,CHEMBL2110315,CN1CC[C@]23c4c5ccc(O)c4O[C@H]2[C@@]24CC[C@@]3(C[C@H]2C(C)(C)C(C)(C)O4)C1C5,7.68
OPRK1,CHEMBL332947,CN1CCC23c4c5ccc(O)c4OC2c2nc(N)ncc2CC3(O)C1C5,7.68
OPRK1,CHEMBL27699,O=C1NCN(c2ccccc2)C12CCN(C1CCc3c(Cl)cccc3C1)CC2,7.68
OPRK1,CHEMBL425016,CC(=O)O[C@H]1C[C@@H](CO)[C@]2(C)CC[C@H]3C(=O)O[C@H](c4ccoc4)C[C@]3(C)[C@H]2C1=O,7.68
OPRK1,CHEMBL2113295,COc1ccc2c3c1O[C@H]1[C@]4(OC)CC[C@@]5(C[C@@H]4CNC(=O)/C=C/c4ccccc4C)[C@@H](C2)N(C)CC[C@]315,7.68
OPRK1,CHEMBL506457,NC(=O)c1ccc2c3c1O[C@H]1C4NC5C(C[C@@]6(O)[C@H]7Cc8ccc(C(N)=O)c9c8[C@@]6(CCN7CC6CC6)[C@H]5O9)C4C[C@@]4(O)[C@@H](C2)N(CC2CC2)CC[C@]314,7.68
OPRK1,CHEMBL501888,O=C1N[C@H](Cc2c[nH]c3ccccc23)C(=O)N[C@@H](Cc2ccccc2)C(=O)N2CCC[C@@H]2C(=O)N[C@H]1Cc1ccc(F)cc1,7.68
OPRK1,CHEMBL583067,NC(=O)[C@@H]1CSSC[C@@H](NC(=O)[C@@H](N)Cc2ccc(O)cc2)C(=O)N[C@@H](Cc2cccc3ccccc23)C(=O)N[C@@H](Cc2ccccc2)C(=O)N1,7.68
OPRK1,CHEMBL1766029,c1ccc(Nc2nc3cc4c(cc3s2)C[C@@H]2[C@@H]3CCCC[C@]43CCN2CC2CC2)cc1,7.68
OPRK1,CHEMBL2381585,CCOC(=O)CC(=O)O[C@H]1C[C@@H](C(=O)OC)[C@]2(C)CC[C@H]3C(=O)O[C@H](c4ccoc4)C[C@]3(C)[C@H]2C1=O,7.68
OPRK1,CHEMBL3217272,CN[C@H]1C[C@H]2C[C@@](c3cccc(O)c3)(C1)[C@H](C)CN2CCCc1ccccc1.Cl.Cl,7.68
OPRK1,CHEMBL3330672,COC(=O)[C@@H]1C[C@H](OC(=O)/C=C/c2ccc(OC)cc2)C(=O)[C@H]2[C@@]1(C)CC[C@H]1C(=O)O[C@H](c3ccoc3)C[C@]21C,7.68
OPRK1,CHEMBL4474277,CCOC(=O)CCNc1ccc([C@H]2C[C@@]34CC[C@]2(OC)[C@@H]2Oc5c(OC)ccc6c5[C@@]23CCN(CC2CC2)[C@@H]4C6)cc1,7.68
OPRK1,CHEMBL5423260,CC(C)[C@H]1CC[C@@H](N2CCC(n3c(CNS(N)(=O)=O)cc4ccccc43)CC2)CC1,7.68
OPRK1,CHEMBL5597092,O=C1CC[C@]23C4[C@@H](CN(CC5CC5)C[N@@]42)[C@]32c3cccc(O)c3OC12,7.68
OPRK1,CHEMBL5612755,Cc1ccc(CCc2nnc(-c3ccccn3)n2Cc2ccco2)cc1C(F)(F)F,7.68
OPRK1,CHEMBL5840371,COC1CN(c2nc3cc(C)ccc3cc2-c2nc(C)no2)CCC1NC1CCCCC1,7.68
OPRK1,CHEMBL5752526,COC1CN(c2nc(C)c(C)cc2-c2nc(C)no2)CCC1NC1CCCCCC1,7.68
OPRK1,CHEMBL6024778,Cc1ccc2nc(N3CCC(NC(C)C4CCCCC4)CC3)c(-c3nc(C)no3)cc2c1,7.68
OPRK1,CHEMBL101118,O=C1Cc2ccccc2N1C1CCN(C2CCCc3ccccc32)CC1,7.67
OPRK1,CHEMBL216365,COc1ccc2c3c1O[C@H]1C(=O)CC[C@@]4(NC(=O)C/C=C/c5ccc(Cl)cc5)[C@@H](C2)N(CC2CC2)CC[C@]314,7.67
OPRK1,CHEMBL4074110,CN1CC[C@]23c4c5ccc(O)c4O[C@H]2CCC[C@@]3(O)[C@H]1C5,7.67
OPRK1,CHEMBL4522335,COc1ccc2c3c1O[C@H]1[C@@]4(OC)CC[C@@]5(C[C@@H]4c4ccc(NC(=O)Cc6ccccc6)cc4)[C@@H](C2)N(CC2CC2)CC[C@]315,7.67
OPRK1,CHEMBL4647180,Oc1ccc2c3c1O[C@H]1c4ncc(-c5ccc(Cl)cc5)cc4C[C@@]4(OCCOc5ccccc5)[C@@H](C2)N(CC2CC2)CC[C@]314,7.67
OPRK1,CHEMBL108024,CCCCCCCNC(=O)c1ccc2[nH]c3c(c2c1)C[C@@]1(O)C2Cc4ccc(O)c5c4[C@@]1(CCN2CC1CC1)[C@H]3O5,7.66
OPRK1,CHEMBL278062,O=c1c(-c2cccc(OC(F)(F)F)c2)cccn1C(CN1CCC(O)C1)c1ccccc1,7.66
OPRK1,CHEMBL66069,CN(C)CC1c2ccoc2CCN1C(=O)Cc1ccc(Cl)c(Cl)c1,7.66
OPRK1,CHEMBL98893,CN(C(=O)C1c2ccccc2-c2ccccc21)[C@H]1CCCC[C@@H]1N1CCCC1,7.66
OPRK1,CHEMBL183533,COc1ccc(C2CC=CCN(C(CN3CCCC3)c3ccccc3)C2=O)cc1,7.66
OPRK1,CHEMBL594787,COc1ccc2c3c1O[C@@H]1[C@]34CCN(C)[C@H](C2)[C@]42C=C[C@]1(OC)C[C@H]2c1cccc([N+](=O)[O-])c1,7.66
OPRK1,CHEMBL1081608,OC(COc1ccccc1)COc1ccc2c(c1)[C@@]13CCCC[C@H]1[C@@H](C2)N(CC1CCC1)CC3,7.66
OPRK1,CHEMBL2418733,CN1CC[C@]2(c3cccc(O)c3)C[C@H]3CCCC[C@@H]3[C@H]1C2,7.66
OPRK1,CHEMBL3393998,O=C(Nc1nc2ccccc2n1CCN1CCCC1)c1cc2ccccc2s1,7.66
OPRK1,CHEMBL3785955,O=C(Cc1ccc(Cl)c(Cl)c1)N1CCN(Cc2cccnc2)C2CCCC(N3CCCC3)C21,7.66
OPRK1,CHEMBL3810104,Cc1cc(O)cc(C)c1C[C@H](NC(=O)[C@H](Cc1ccc(O)cc1)NC(=O)[C@H](CCCNC(=N)N)NC(=O)CCN1Cc2ccccc2C[C@H](NC(=O)[C@@H](CCCNC(=N)N)NC(=O)[C@@H](N)Cc2c(C)cc(O)cc2C)C1=O)C(=O)N[C@@H](CCCNC(=N)N)C(=O)N[C@@H](Cc1c[nH]c2ccccc12)C(=O)N[C@@H](CCCNC(=N)N)C(N)=O,7.66
OPRK1,CHEMBL3695285,N[C@@H]1CCN(c2nc3ccccc3n(C3CCN(C4CCCCCCC4)CC3)c2=O)C1,7.66
OPRK1,CHEMBL4107606,COc1ccc2c3c1O[C@H]1[C@@]4(OC)CC[C@@]5(C[C@@H]4C(N[C@@H](C(N)=O)c4ccccc4)c4ccccc4)[C@@H](C2)N(CC2CC2)CC[C@]315,7.66
OPRK1,CHEMBL4644964,Oc1ccc2c3c1O[C@H]1c4ncc(-c5ccccc5)cc4C[C@@]4(OCCCc5ccncc5)[C@@H](C2)N(CC2CC2)CC[C@]314,7.66
OPRK1,CHEMBL5917442,CC(=N)c1cc(Br)cnc1N1CC[C@@H](NC2CCCCC2)[C@H](O)C1,7.66
OPRK1,CHEMBL5762732,Cc1noc(-c2cc3ccccc3nc2N2CC[C@@H](NC3CCCCC3)[C@H](O)C2)n1,7.66
OPRK1,CHEMBL6004707,Cc1noc(-c2cc3cc(F)ccc3nc2N2CCC(NC3CCCCC3)C(CO)C2)n1,7.66
OPRK1,CHEMBL5805716,Cc1cnc(N2CCC(C)(NC3CCCCC3)CC2)c(-c2nc(C)no2)c1,7.66
OPRK1,CHEMBL6038485,Cc1ccc2nc(N3CCC(NCC(C)C)CC3)c(-c3noc(C)n3)cc2c1,7.66
OPRK1,CHEMBL5934282,Cc1cc(-c2noc(C)n2)c(N2CCC(NCC(C)C)CC2)nn1,7.66
OPRK1,CHEMBL5998649,Cc1ccc2nc(N3CCC(NC4CCOC4)CC3)c(-c3noc(C)n3)cc2c1,7.66
OPRK1,CHEMBL6039799,C[C@@H](Cc1csc2ccccc12)NC(=O)NC[C@H](Cc1ccc(O)cc1)N(C)C,7.66
OPRK1,CHEMBL416136,O=c1c(-c2cc(F)ccc2F)cccn1C(CN1CCCC1)c1ccccc1,7.65
OPRK1,CHEMBL2113296,COc1ccc2c3c1O[C@H]1[C@]4(OC)CC[C@@]5(C[C@@H]4CNC(=O)/C=C/c4ccccc4Cl)[C@@H](C2)N(C)CC[C@]315,7.65
OPRK1,CHEMBL241112,CCCC(c1ccccc1)N1CCC2(CC1)C(=O)NCN2c1ccccc1,7.65
OPRK1,CHEMBL2315357,CN(CCC[C@]1(O)[C@H]2CCN(CC(F)F)[C@@H]1Cc1ccc(O)c(O)c12)C(=O)/C=C/c1ccoc1.Cl,7.65
OPRK1,CHEMBL3698836,O=c1c(N2CC3CNCC3C2)nc2ccccc2n1C1CCN(C2CCCCCCC2)CC1,7.65
OPRK1,CHEMBL4742666,Cc1cc(O)cc(C)c1C[C@H](N)C(=O)N[C@H](CCCNC(=N)N)C(=O)N[C@H]1Cc2ccccc2CN(CCC(=O)N[C@@H](CCCNC(=N)N)C(=O)N[C@@H](CCCNC(=N)N)C(=O)N2CCC[C@H]2C(=O)N2Cc3ccc(O)cc3C[C@H]2C(=O)N[C@H](C(=O)N[C@@H](CC(C)C)C(=O)O)C(C)(C)C)C1=O,7.65
OPRK1,CHEMBL117183,CCCCCN1CC[C@]2(C)c3cc(O)ccc3CC1[C@@H]2C,7.64
OPRK1,CHEMBL52604,CCn1c(=O)n([C@@H]2CCN3[C@H](CCC[C@H]3c3ccccc3)C2)c2ccccc21,7.64
OPRK1,CHEMBL195285,COc1c(C(N)=O)ccc2c1[C@]13CCN(CC4CC4)[C@H](C2)[C@]1(O)CCC(=O)C3,7.64
OPRK1,CHEMBL397475,CN(C(=O)CCC(=O)Nc1nccs1)[C@H](CN1CC[C@H](O)C1)c1ccccc1,7.64
OPRK1,CHEMBL358043,CO[C@H]1C=C[C@H]2[C@H]3Cc4ccc(O)c5c4[C@@]2(CCN3C)[C@H]1O5,7.64
OPRK1,CHEMBL481512,CC1(N2CCC(n3c([C@@H]4CCCNC4)nc4ccccc43)CC2)CCCCCCC1,7.64
OPRK1,CHEMBL2048779,CN(Cc1cccc(O)c1)c1ccc2c(c1)[C@@]13CCCC[C@H]1[C@@H](C2)N(CC1CCC1)CC3,7.64
OPRK1,CHEMBL4648920,CN(C)Cc1ccccc1-c1cnc2c(c1)C[C@@]1(OCCCc3ccccc3)[C@H]3Cc4ccc(O)c5c4[C@@]1(CCN3CC1CC1)[C@H]2O5,7.64
OPRK1,CHEMBL4643256,Cc1nocc1-c1cnc2c(c1)C[C@@]1(OCCCc3ccccc3)[C@H]3Cc4ccc(O)c5c4[C@@]1(CCN3CC1CC1)[C@H]2O5,7.64
OPRK1,CHEMBL5765778,CCOC(=O)c1cc(Br)cnc1N1CC[C@@H](NC2CCCCC2)[C@H](O)C1,7.64
OPRK1,CHEMBL5785663,COC1CN(c2ncc(C)cc2-c2nc(C)no2)CCC1NC1CCCC1,7.64
OPRK1,CHEMBL5881063,CCOC(=O)c1nc2cc(C)ccc2nc1N1CCC(NC2CCCCC2)C(OC)C1,7.64
OPRK1,CHEMBL5841101,Cc1noc(-c2cc3ccc(F)cc3nc2N2CCC(NC3CCOCC3)CC2)n1,7.64
OPRK1,CHEMBL287752,CC(=O)N1CC[C@]23c4c5ccc(O)c4O[C@H]2c2[nH]c4c(c2C[C@@]3(O)[C@H]1C5)C[C@@]1(O)[C@H]2Cc3ccc(O)c5c3[C@@]1(CCN2CC1CC1)[C@H]4O5,7.63
OPRK1,CHEMBL236168,NC(=O)c1ccc(Oc2ccc(CCNCCc3ccccc3)cc2)nc1,7.63
OPRK1,CHEMBL3698854,CC(C)(C)OC(=O)N1CC2CN(C(=O)c3nc4ccccc4n(C4CCN(C5CCCCCCC5)CC4)c3=O)CC2C1,7.63
OPRK1,CHEMBL4592669,CCOc1ccc(CNCc2ccccc2)cc1CNC(=O)[C@@H](N)Cc1c(C)cc(O)cc1C.O=C(O)C(F)(F)F,7.63
OPRK1,CHEMBL408557,CN[C@@H](Cc1ccc(O)cc1)C(=O)NCC(=O)NCC(=O)N[C@H](Cc1ccccc1)C(=O)N[C@@H](CC(C)C)C(=O)N[C@@H](CCCCN=C(N)N)C(=O)N[C@@H](CCCN=C(N)N)C(=O)N[C@@H](CC(C)C)C(N)=O,7.62
OPRK1,CHEMBL424327,Oc1ccc2c(c1)[C@@]13CCCC[C@H]1[C@@H](C2)N(CCCN1CC[C@]24CCCC[C@H]2[C@H]1Cc1ccc(O)cc14)CC3,7.62
OPRK1,CHEMBL219154,C[C@H]1CN2CCN(Cc3cccc(Oc4ccccc4)c3)C[C@H]2C[C@@]1(C)c1cccc(O)c1,7.62
OPRK1,CHEMBL2113294,COc1ccc2c3c1O[C@H]1[C@]4(OC)CC[C@@]5(C[C@@H]4CNC(=O)/C=C/c4ccccc4)[C@@H](C2)N(C)CC[C@]315,7.62
OPRK1,CHEMBL236169,NC(=O)c1ccc(Oc2ccc(CCNCCCc3ccccc3)cc2)nc1,7.62
OPRK1,CHEMBL605293,CCN(CC)C(=O)c1ccc(C2(c3cccc(O)c3)CCCN(CC3CC3)C2)cc1,7.62
OPRK1,CHEMBL595714,CCN(CC)C(=O)c1ccc(C2(c3cccc(O)c3)CCCN(CC(F)(F)F)C2)cc1,7.62
OPRK1,CHEMBL5284138,CC(C)C[C@H](NC(=O)[C@H](CCC(N)=O)NC(=O)[C@H](CCCNC(=N)N)NC(=O)[C@H](CCCNC(=N)N)NC(=O)[C@@H]1CSSC[C@H](NC(=O)[C@@H](N)CC(N)=O)C(=O)N1)C(=O)N[C@H]1CSSC[C@@H](C(N)=O)NC1=O,7.62
OPRK1,CHEMBL5921992,COC(=O)c1cc(I)cnc1N1CC[C@@H](NC2CCCCC2)[C@H](O)C1,7.62
OPRK1,CHEMBL5981258,CCC1CN(/C(N)=C(/C=C(/C)N)c2nc(C)no2)CCC1NC1CCCCC1,7.62
OPRK1,CHEMBL6021756,Cc1noc(-c2cc(C)c(C)nc2N2CCC(NC3CCCCC3)CC2)n1,7.62
OPRK1,CHEMBL5859201,Cc1cc(-c2nc(C3CC3)no2)c(N2CCC(NC3CCCCC3)CC2)nn1,7.62
OPRK1,CHEMBL5860250,Cc1cnc(-c2cc3ccccc3nc2N2CCC(NC3CCCCC3)CC2)cn1,7.62
OPRK1,CHEMBL5975075,CCC1CN(c2nnc(C)cc2-c2nc(C)no2)CCC1NC1CCCCC1,7.62
OPRK1,CHEMBL6143240,C/C=C1/CN2CC[C@]34c5cc(I)ccc5NC3C(C(=O)OC)[C@H]1C[C@H]24,7.62
OPRK1,CHEMBL2113373,CN1CC[C@]23c4c5ccc(O)c4O[C@H]2c2[nH]c4ccccc4c2C[C@@]3(NC(=O)CCc2ccccc2)C1C5,7.61
OPRK1,CHEMBL383586,CNS(=O)(=O)c1ccc2c(c1)CC(C(=O)N(C)[C@H](CN1CC[C@H](O)C1)c1ccccc1)O2,7.61
OPRK1,CHEMBL373910,CCn1cc(-c2ccccc2)c2c1[C@@H]1Oc3c(O)ccc4c3[C@@]13CCN(CC1CC1)C(C4)[C@]3(O)C2,7.61
OPRK1,CHEMBL1257489,COC(=O)[C@@H]1CC(C(=O)O)C(=O)[C@H]2[C@@]1(C)CC[C@H]1C(=O)O[C@H](c3ccoc3)C[C@]21C,7.61
OPRK1,CHEMBL3928981,CC(C)C(=O)N[C@H]1C[C@@]2(O)[C@H]3Cc4ccc(O)cc4[C@@]2(CCN3CC2CC2)CC1=O,7.61
OPRK1,CHEMBL4647357,Oc1ccc2c3c1O[C@H]1c4ncc(-c5cncnc5)cc4C[C@@]4(OCCCc5ccccc5)[C@@H](C2)N(CC2CC2)CC[C@]314,7.61
OPRK1,CHEMBL4645533,Oc1ccc2c3c1O[C@H]1c4ncc(-c5ccccc5)cc4C[C@@]4(OCCCC5CCOCC5)[C@@H](C2)N(CC2CC2)CC[C@]314,7.61
OPRK1,CHEMBL83142,CN(C(=O)Cc1ccc(N(S(C)(=O)=O)S(C)(=O)=O)cc1)[C@H](CN1CCCC1)c1ccccc1,7.6
OPRK1,CHEMBL14959,Nc1cccc(-c2cccn(C(CN3CCC(O)C3)c3ccccc3)c2=O)c1,7.6
OPRK1,CHEMBL1907858,O=C1NCN(c2ccccc2)C12CCN([C@H]1Cc3cccc4cccc1c34)CC2,7.6
OPRK1,CHEMBL281274,O=C1NCN(c2ccccc2)C12CCN(C1Cc3cccc4cccc1c34)CC2,7.6
OPRK1,CHEMBL2113073,C[C@H]1c2c(c3c(n2Cc2ccccc2)[C@@H]2Oc4c(O)ccc5c4[C@@]24CCN(C)[C@H](C5)[C@]4(O)C3)CC2(O)[C@H]3Cc4ccc(O)c(O)c4[C@@]12CCN3C,7.6
OPRK1,CHEMBL424902,CCN(C(C)=O)[C@H]1C[C@@H](C(=O)OC)[C@]2(C)CC[C@H]3C(=O)O[C@H](c4ccoc4)C[C@]3(C)[C@H]2C1=O,7.6
OPRK1,CHEMBL217790,COc1ccc2c3c1O[C@H]1C(=O)CC[C@@]4(NC(=O)/C=C/Cc5ccc(Cl)cc5)[C@@H](C2)N(CC2CC2)CC[C@]314,7.6
OPRK1,CHEMBL385316,Oc1ccc2c3c1O[C@H]1c4c(c5c(n4CC4CCCCC4)CCCC5)C[C@@]4(O)C(C2)N(CC2CC2)CC[C@]314,7.6
OPRK1,CHEMBL226784,COC(=O)[C@@H]1C[C@H](OC(C)=O)C(=O)[C@H]2[C@@]1(C)CC[C@H]1C(=O)O[C@H]([C@@H]3C[C@@H](OC)O[C@@H]3OC)C[C@]21C,7.6
OPRK1,CHEMBL393965,CCOC(=O)N1CCC(c2ccccc2)(c2nccn2Cc2ccc(C(=O)OC)cc2)CC1,7.6
OPRK1,CHEMBL518950,CN1CCC[C@@H](c2nc3ccccc3n2C2CCN(C3(C)CCCCCCC3)CC2)C1,7.6
OPRK1,CHEMBL472669,O=C1N(CCNCC2CC2)CN(c2ccccc2)C12CCN(Cc1c(Cl)cccc1Cl)CC2,7.6
OPRK1,CHEMBL471880,CCCCNCCN1CN(c2ccccc2)C2(CCN(C3CCC(C)(C)c4cc(Cl)ccc43)CC2)C1=O,7.6
OPRK1,CHEMBL1642747,NC(=O)c1ccc2c(c1)CCCN2c1ccc(CNC2Cc3ccccc3C2)cc1,7.6
OPRK1,CHEMBL1818342,CC(C)CNCc1ccc(-c2ccccc2S(=O)(=O)N2CCC(F)(F)C2)cc1,7.6
OPRK1,CHEMBL2048776,COc1cccc(CN(C)c2ccc3c(c2)[C@@]24CCCC[C@H]2[C@@H](C3)N(CC2CCC2)CC4)c1,7.6
OPRK1,CHEMBL1852458,O=C(CNC(=O)c1ccncc1)N[C@@H]1CC[C@@]2(O)[C@H]3Cc4ccc(O)c5c4[C@@]2(CCN3CC2CC2)[C@H]1O5,7.6
OPRK1,CHEMBL2204025,Oc1ccc2c3c1O[C@H]1[C@]4(CC[C@@]5(O)[C@@H](C2)N(CC2CC2)CC[C@]315)O[C@@H]1CO[C@@H]2CO[C@H]4N21,7.6
OPRK1,CHEMBL2322560,Cc1cc(O)cc(C)c1C[C@H](N)C(=O)N[C@@H]1CCNc2ccc(CCc3ccccc3)cc21,7.6
OPRK1,CHEMBL3264440,C[C@H]1CN(CCCOC(=O)[C@H]2Cc3ccc(O)cc3CN2)CC[C@@]1(C)c1cccc(O)c1,7.6
OPRK1,CHEMBL3359293,COC(=O)[C@@H]1C[C@H](OC(C)=O)C(=O)[C@H]2[C@@]1(C)CC[C@H]1C(=O)O[C@H](c3ccoc3-c3ccc4ccccc4c3)C[C@]21C,7.6
OPRK1,CHEMBL3823231,Cc1cc(O)cc(C)c1C[C@H](N)C(=O)N[C@@H]1CCN(C(=O)C2CC2)c2ccc(Cc3ccccc3)cc21,7.6
OPRK1,CHEMBL963,CN1CC[C@]23c4c5ccc(O)c4O[C@H]2C(=O)CC[C@@]3(O)[C@H]1C5,7.6
OPRK1,CHEMBL5405339,CC(C)[C@H]1CC[C@@H](N2CCC(n3c(CN)cc4ccccc43)CC2)CC1,7.6
OPRK1,CHEMBL5798587,COC(=O)c1cc(I)cnc1N1CCC(NC2CCCC2)C(O)C1,7.6
OPRK1,CHEMBL5857429,COC(=O)c1cc(Br)cnc1N1CCC(NC2CCCC2)C(CO)C1,7.6
OPRK1,CHEMBL5963364,CO[C@H]1CN(c2ncc(C)cc2-c2nc(C)no2)CC[C@H]1NC1CCCCC1,7.6
OPRK1,CHEMBL106189,C[C@@]12Oc3c(O)ccc4c3C13CCN(CC1CC1)C(C4)[C@]3(NC(=O)/C=C/c1ccc([N+](=O)[O-])cc1)C=CC2=O,7.59
OPRK1,CHEMBL384118,COc1ccc2c3c1O[C@H]1C(=O)CC[C@@]4(NC/C=C/Cc5ccc(Cl)cc5)[C@@H](C2)N(CC2CC2)CC[C@]314,7.59
OPRK1,CHEMBL428033,CC(C)CCC(c1ccccc1)N1CCC2(CC1)C(=O)NCN2c1ccccc1,7.59
OPRK1,CHEMBL476600,O=C(O[C@@]12CCC(=O)[C@@H]3Oc4c(O)ccc5c4[C@@]31CCN(CC1CC1)[C@@H]2C5)c1ccccn1,7.59
OPRK1,CHEMBL3086757,Cl.O=C(O[C@@]12CCC(=O)[C@@H]3Oc4c(O)ccc5c4[C@@]31CCN(CC1CC1)[C@@H]2C5)c1ccccn1,7.59
OPRK1,CHEMBL3698861,O=C1CN(c2nc3ccccc3n([C@H]3C[C@H]4CC[C@@H](C3)N4C3CCCCCCC3)c2=O)CCN1,7.59
OPRK1,CHEMBL4473632,N[C@@H](Cc1ccc(O)cc1)C(=O)N[C@@H]1CSCc2ccccc2CSC[C@@H](NC(=O)[C@@H](N)Cc2ccc(O)cc2)C(=O)NCC(=O)N[C@@H](Cc2ccc(F)cc2)C(=O)N2CCN(CC2)C(=O)[C@H](Cc2ccc(F)cc2)NC(=O)CNC1=O.O=C(O)C(F)(F)F.O=C(O)C(F)(F)F,7.59
OPRK1,CHEMBL5613639,CN(C)C[C@@H]1CN(CCc2cccc(C(F)(F)F)c2)CC[C@@]1(O)c1cccc(O)c1,7.59
OPRK1,CHEMBL3954498,COc1ccc2c3c1O[C@H]1[C@@]4(OC)CC[C@@]5(C[C@@H]4COCc4ccc(-c6ccccc6)cc4)[C@@H](C2)N(CC2CC2)CC[C@]315,7.59
OPRK1,CHEMBL6011570,N[C@@H]1C[C@]23CCN(CC4CC4)[C@H](Cc4ccc(O)cc42)[C@]3(O)C1,7.59
OPRK1,CHEMBL447234,COC(=O)C12CN(C)CC(C(=O)OC)(C1=O)C(c1cccc(F)c1)N(C)C2c1cccc(F)c1,7.58
OPRK1,CHEMBL41366,C=C(Cl)C(=O)N[C@@H]1CCC2C3Cc4ccc(O)c5c4C2(CCN3C)[C@H]1O5,7.58
OPRK1,CHEMBL283265,C=CCN1CN(c2ccccc2)C2(CCN(C3CCc4c(Cl)ccc(Cl)c4C3)CC2)C1=O,7.58
OPRK1,CHEMBL1162933,C[C@H]1C2Cc3ccc(C(=O)NCc4ccc(-c5ccccc5)cc4)cc3[C@@]1(C)CCN2CC1CC1,7.58
OPRK1,CHEMBL2113309,COc1ccc2c3c1O[C@H]1[C@]4(OC)CC[C@@]5(C[C@@H]4CNC/C=C/c4ccccc4)[C@@H](C2)N(C)CC[C@]315,7.58
OPRK1,CHEMBL401245,CO[C@]12C(O)C[C@@]3(C[C@@H]1[C@@H](C)O)[C@H]1Cc4ccc(O)c5c4[C@@]3(CCN1C)[C@H]2O5,7.58
OPRK1,CHEMBL391083,O=C1NCN(c2ccccc2)C12CCN(C(c1ccccc1)C1CCCC1)CC2,7.58
OPRK1,CHEMBL240033,O=C1NCN(c2ccccc2)C12CCN(Cc1ccsc1)CC2,7.58
OPRK1,CHEMBL270844,COC(=O)[C@@H]1C[C@H](OCF)C(=O)[C@H]2[C@@]1(C)CC[C@H]1C(=O)O[C@H](c3ccoc3)C[C@]21C,7.58
OPRK1,CHEMBL522201,O=C(N[C@H]1CC[C@@]2(O)[C@H]3Cc4ccc(O)c5c4[C@@]2(CCN3CC2CC2)[C@H]1O5)c1cc2ccccc2cn1,7.58
OPRK1,CHEMBL515842,Oc1cccc2c1O[C@@H]1CC[C@H]3C[C@@]21CCN3CCc1ccccc1,7.58
OPRK1,CHEMBL471882,CC1(C)CCC(N2CCC3(CC2)C(=O)N(CCNCC2CCCCC2)CN3c2ccccc2)c2ccccc21,7.58
OPRK1,CHEMBL570428,CCCCCCCCCC(O)c1cc2c(cc1O)[C@@]13CCCC[C@H]1[C@@H](C2)N(CC1CCC1)CC3,7.58
OPRK1,CHEMBL572217,OCCCCCCCCCCC(O)c1cc2c(cc1O)[C@@]13CCCC[C@H]1[C@@H](C2)N(CC1CCC1)CC3,7.58
OPRK1,CHEMBL1818226,O=S(=O)(c1cccnc1-c1ccc(CN2C[C@@H]3CCC[C@H]2C3)cc1)N1CCCC1,7.58
OPRK1,CHEMBL1852393,Cc1cnccc1C(=O)N[C@@H]1CC[C@@]2(O)[C@H]3Cc4ccc(O)c5c4[C@@]2(CCN3CC2CC2)[C@H]1O5,7.58
OPRK1,CHEMBL3323514,COc1ccc(CN2CCN(C(=O)Cc3ccc(Cl)c(Cl)c3)C3C(N4CCCC4)CCCC32)cc1,7.58
OPRK1,CHEMBL3359798,CC#Cc1occc1[C@@H]1C[C@]2(C)[C@H]3C(=O)[C@@H](OC(C)=O)C[C@@H](C(=O)OC)[C@]3(C)CC[C@H]2C(=O)O1,7.58
OPRK1,CHEMBL3704609,CONC(=N)/N=c1\[nH]c2ccccc2n1C1CCN(C2CCCCCCC2)CC1,7.58
OPRK1,CHEMBL4110981,COc1ccc2c3c1O[C@H]1[C@@]4(OC)CC[C@@]5(C[C@@H]4COC(=O)[C@@H](N)CO)[C@@H](C2)N(CC2CC2)CC[C@]315,7.58
OPRK1,CHEMBL6061874,COC1CN(c2nc3ccc(F)cc3cc2-c2nc(C)no2)CCC1NC1CCCCC1,7.58
OPRK1,CHEMBL5964587,Cc1ccc2nc(N3CCC(NC4CCC(F)(F)CC4)CC3)c(-c3noc(C)n3)cc2c1,7.58
OPRK1,CHEMBL6148736,COc1ccc2c3c1O[C@H]1[C@@]4(OC)C=C[C@@]5(C[C@@H]4C(=O)c4cccc(NC(C)=O)c4)[C@@H](C2)N(CC2CC2)CC[C@]315,7.58
OPRK1,CHEMBL315551,CN1C[C@@H]2CN(c3ccccc3)C3(CCN(C4CCCCCCCCC4)CC3)[C@@H]2C1,7.57
OPRK1,CHEMBL106876,COc1ccc2c3c1O[C@H]1C(=O)CC[C@@]4(NC(=O)/C=C/c5ccc([N+](=O)[O-])cc5)C(C2)N(C)CCC314,7.57
OPRK1,CHEMBL196419,CC(=O)O[C@H]1C[C@@H](C(=O)NC(C)C(=O)OCc2ccccc2)[C@]2(C)CC[C@H]3C(=O)O[C@H](c4ccoc4)C[C@]3(C)[C@H]2C1=O,7.57
OPRK1,CHEMBL215760,C[C@H]1C2Cc3ccc(C(=O)Nc4ccc(-c5ccccc5)cc4)cc3[C@@]1(C)CCN2CC1CC1,7.57
OPRK1,CHEMBL1921851,CC1(C)CN(Cc2ccc(Oc3ccc(C(N)=O)cn3)cc2)[C@H]1c1ccccc1,7.57
OPRK1,CHEMBL2048778,CN(Cc1ccc(Cl)cc1)c1ccc2c(c1)[C@@]13CCCC[C@H]1[C@@H](C2)N(CC1CCC1)CC3,7.57
OPRK1,CHEMBL4296737,Cl.Cl.Oc1ccc2c(c1)[C@]13CCN(C[C@@H]4CCCO4)[C@H](C2)[C@]1(O)Cc1cc2ccccc2nc1C3,7.57
OPRK1,CHEMBL3359278,COC(=O)[C@@H]1C[C@H](OC(C)=O)C(=O)[C@H]2[C@@]1(C)CC[C@H]1C(=O)O[C@H](c3ccoc3-c3cccc(C(F)(F)F)c3)C[C@]21C,7.57
OPRK1,CHEMBL3330674,COC(=O)[C@@H]1C[C@H](OC(=O)/C=C/c2ccc(OC)cc2OC)C(=O)[C@H]2[C@@]1(C)CC[C@H]1C(=O)O[C@H](c3ccoc3)C[C@]21C,7.57
OPRK1,CHEMBL3954154,COCCOCCOCCO[C@H]1CC[C@@]2(O)[C@H]3Cc4ccc(O)c5c4[C@@]2(CCN3CC2CCC2)C1O5,7.57
OPRK1,CHEMBL3970877,CC(=O)N[C@H]1C[C@@]2(O)[C@H]3Cc4ccc(O)cc4[C@@]2(CCN3CC2CC2)CC1=O,7.57
OPRK1,CHEMBL4588807,Cc1cc(O)cc(C)c1C[C@H](N)C(=O)N[C@@H]1CCN(S(C)(=O)=O)c2ccc(Cc3ccc4ccccc4c3)cc21.O=C(O)C(F)(F)F,7.57
OPRK1,CHEMBL5811590,COC1CN(c2nc(C)c(C)cc2-c2nc(C)no2)CCC1NC1CCCC1,7.57
OPRK1,CHEMBL5966644,CO[C@@H]1CN(c2nc3ccc(F)cc3cc2-c2nc(C)no2)CC[C@@H]1NC1CCCCC1,7.57
OPRK1,CHEMBL5983286,Cc1nc(-c2cc3cc(C)c(F)cc3nc2N2CCC(NCC(C)C)CC2)no1,7.57
OPRK1,CHEMBL5988995,Cc1cc(O)cc(C)c1C[C@@H](CNC(=O)NCCc1ccsc1)N(C)C,7.57
OPRK1,CHEMBL6169772,COc1cccc(C(=O)Nc2cccc(C(=O)[C@H]3C[C@@]45C=C[C@]3(OC)[C@@H]3Oc6c(OC)ccc7c6[C@@]34CCN(CC3CC3)[C@@H]5C7)c2)c1,7.57
OPRK1,CHEMBL2387200,CC1CC(=O)N(C2CCN(C3CCCCCCC3)CC2)c2ccccc21,7.56
OPRK1,CHEMBL2059382,COc1ccc(/C=C2\C[C@@]3(O)[C@H]4Cc5ccc(O)c6c5[C@@]3(CCN4CC3CC3)[C@@H](O6)C2=O)cc1,7.56
OPRK1,CHEMBL4640141,Oc1ccc2c3c1O[C@H]1c4ncc(-c5cccnc5)cc4C[C@@]4(OCCCc5ccccc5)[C@@H](C2)N(CC2CC2)CC[C@]314,7.56
OPRK1,CHEMBL107207,COc1ccc2c(c1O)[C@]13CCN(C)C(C2)[C@@]12CC(=C(C)C)[C@@H]3c1[nH]c3ccccc3c1C2,7.55
OPRK1,CHEMBL2372052,C[C@H](NC(=O)[C@H](CO)NC(=O)[C@H](CCCCN)NC(=O)[C@H](CCCNC(=N)N)NC(=O)C(C)(C)NC(=O)CNC(=O)[C@@H](NC(=O)[C@H](Cc1ccc(F)cc1)NC(=O)CNC(=O)[C@H](CN)NC(=O)[C@@H](N)Cc1ccccc1)[C@@H](C)O)C(=O)N[C@@H](CCCNC(=N)N)C(=O)N[C@@H](CCCCN)C(=O)N[C@@H](CCCNC(=N)N)C(=O)N[C@@H](CCCCN)C(=O)N[C@@H](CC(N)=O)C(=O)N[C@@H](CCC(N)=O)C(N)=O,7.55
OPRK1,CHEMBL526362,Cl.O=[N+]([O-])c1ccc(Oc2ccc3c(c2)[C@@]24CCCC[C@@]2(O)[C@@H](C3)N(CC2CCC2)CC4)cc1,7.55
OPRK1,CHEMBL524505,Cl.O[C@@]12CCCC[C@@]13CCN(CC1CCC1)[C@@H]2Cc1ccc(OCc2ccccc2)cc13,7.55
OPRK1,CHEMBL446754,O=C1N[C@H](Cc2c[nH]c3ccccc23)C(=O)N[C@@H](Cc2ccc(F)cc2)C(=O)N2CCC[C@@H]2C(=O)N[C@H]1Cc1ccccc1,7.55
OPRK1,CHEMBL560200,CN(C)C(=O)O[C@@H]1CC[C@@]2(O)[C@H]3Cc4ccc(O)c5c4[C@@]2(CCN3CC2CC2)[C@H]1O5,7.55
OPRK1,CHEMBL572216,O=C(Nc1ccc(I)cc1)Nc1ccc2c(c1)[C@@]13CCCC[C@H]1[C@@H](C2)N(CC1CCC1)CC3,7.55
OPRK1,CHEMBL2179653,CO[C@@]12Cc3cc(-c4ccc(Cl)cc4)cnc3[C@@H]3Oc4c(O)ccc5c4[C@@]31CCN(C)[C@@H]2C5,7.55
OPRK1,CHEMBL252172,O=C1/C(=C/c2ccccc2)C[C@@]2(O)[C@H]3Cc4ccc(O)c5c4[C@@]2(CCN3CC2CC2)[C@H]1O5,7.55
OPRK1,CHEMBL4237854,COc1ccc2c3c1O[C@H]1[C@@]4(OC)CC[C@@]5(C[C@]4(C)OC(=O)C(C)C)[C@@H](C2)N(CC2CC2)CC[C@]315,7.55
OPRK1,CHEMBL4776986,Cc1cc(O)cc(C)c1C[C@H](NC(=O)[C@@H]1CCCN1C(=O)[C@H](CCCNC(=N)N)NC(=O)C[C@H](CCCNC(=N)N)NC(=O)CCN1Cc2ccccc2C[C@H](NC(=O)[C@@H](CCCNC(=N)N)NC(=O)[C@@H](N)Cc2c(C)cc(O)cc2C)C1=O)C(=O)N[C@H](C(=O)N[C@@H](CC(C)C)C(=O)O)C(C)(C)C,7.55
OPRK1,CHEMBL5090705,CCC(=O)N(c1ccc(Cl)c(Cl)c1)C1CCN(C(=O)[C@H](Cc2ccc(F)cc2)NC(=O)[C@H]2Cc3ccccc3CN2C(=O)[C@@H](N)Cc2cc(C)c(O)c(C)c2)CC1,7.55
OPRK1,CHEMBL5277937,N=C(N)NCCC[C@H](NC(=O)[C@H](CCCNC(=N)N)NC(=O)[C@@H]1CSSC[C@H](NC(=O)[C@@H](N)CC(N)=O)C(=O)N1)C(=O)N[C@@H](CCC(N)=O)C(=O)N[C@@H](Cc1ccccc1)C(=O)N[C@H]1CSSC[C@@H](C(N)=O)NC1=O,7.55
OPRK1,CHEMBL6040556,COC1CN(c2nc3ccccc3cc2-c2nc(C)no2)CCC1NC1CCCCC1,7.55
OPRK1,CHEMBL146612,C=C1CCN(CC2CCCCN2C(=O)Cc2ccc(Cl)c(Cl)c2)C1,7.54
OPRK1,CHEMBL26483,O=C(CN1CN(c2ccccc2)C2(CCN(C3CCc4cccc(Cl)c4C3)CC2)C1=O)c1ccccc1,7.54
OPRK1,CHEMBL384411,CCN[C@@H]1C[C@@H](C(=O)OC)[C@]2(C)CC[C@H]3C(=O)O[C@H](c4ccoc4)C[C@]3(C)[C@H]2C1=O,7.54
OPRK1,CHEMBL255969,CCCO[C@H]1C[C@@H](C(=O)OC)[C@]2(C)CC[C@H]3C(=O)O[C@H](c4ccoc4)C[C@]3(C)[C@H]2C1=O,7.54
OPRK1,CHEMBL362953,CCOC(=O)[C@@H]1C[C@H](OC(C)=O)C(=O)[C@H]2[C@@]1(C)CC[C@H]1C(=O)O[C@H](c3ccoc3)C[C@]21C,7.54
OPRK1,CHEMBL230393,CN(C(=O)CC(=O)Nc1ccc(NS(C)(=O)=O)cc1)[C@H](CN1CC[C@H](O)C1)c1ccccc1,7.54
OPRK1,CHEMBL522143,O=C(N[C@@H]1CC[C@@]2(O)[C@H]3Cc4ccc(O)c5c4[C@@]2(CCN3CC2CC2)[C@H]1O5)c1ccncc1,7.54
OPRK1,CHEMBL516389,O=C1N(CCNC2CCC2)CN(c2ccccc2)C12CCN(Cc1c(Cl)cccc1Cl)CC2,7.54
OPRK1,CHEMBL506616,O=C1N[C@@H](Cc2ccccc2)C(=O)N2CCC[C@@H]2C(=O)N[C@@H](Cc2ccccc2)C(=O)N[C@H]1Cc1c[nH]c2ccccc12,7.54
OPRK1,CHEMBL1713967,Cc1ccc(S(=O)(=O)NCc2ccc(C(=O)NCCN(Cc3ccccc3)C(C)(C)C)cc2)cc1,7.54
OPRK1,CHEMBL2387192,CC(c1ccccc1)N1CCC(N2C(=O)Cc3ccccc32)CC1,7.54
OPRK1,CHEMBL3299002,O=C(Cc1ccc(Cl)c(Cl)c1)N1CCN(Cc2ccccc2)[C@@H]2CCC[C@H](N3CCCC3)[C@H]21,7.54
OPRK1,CHEMBL3330669,C=CC(C)C(=O)O[C@H]1C[C@@H](C(=O)OC)[C@]2(C)CC[C@H]3C(=O)O[C@H](c4ccoc4)C[C@]3(C)[C@H]2C1=O,7.54
OPRK1,CHEMBL3590191,Cc1ccc(S(=O)(=O)N2CCc3cc(C(=O)NCCN(Cc4ccc(F)cc4)C(C)C)ccc3C2)cc1,7.54
OPRK1,CHEMBL3823830,COC(=O)N1CC[C@@H](NC(=O)[C@@H](N)Cc2c(C)cc(O)cc2C)c2cc(Cc3ccccc3)ccc21,7.54
OPRK1,CHEMBL3632690,CN(C)c1ccc(/C=C2\C[C@@]3(O)[C@H]4Cc5ccc(O)c6c5[C@@]3(CCN4CC3CC3)[C@@H](O6)C2=O)cc1,7.54
OPRK1,CHEMBL5075588,CC(=O)N[C@H]1Cc2cccc(c2)OC/C=C/COc2ccc(cc2)C[C@@H](C(=O)N[C@@H](Cc2ccccc2)C(=O)N[C@@H](CCCNC(=N)N)C(=O)N[C@@H](CC(C)C)C(=O)N[C@@H](CCCNC(=N)N)C(=O)N[C@@H](CCCNC(=N)N)C(=O)N[C@H](C)C(=O)N[C@@H](CCCNC(=N)N)C(=O)N2CCC[C@H]2C(=O)N[C@@H](CCCCN)C(N)=O)NC1=O,7.54
OPRK1,CHEMBL5930799,CO[C@H]1CN(c2ncc(C)cc2-c2nc(C)no2)CC[C@H]1N(C1CCCC1)C1CCCC1,7.54
OPRK1,CHEMBL2113300,COc1ccc2c3c1O[C@H]1[C@]4(OC)CC[C@@]5(C[C@@H]4CNC(=O)/C=C/c4ccccc4[N+](=O)[O-])[C@@H](C2)N(C)CC[C@]315,7.53
OPRK1,CHEMBL4114882,COc1ccc2c3c1O[C@H]1[C@@]4(OC)CC[C@@]5(C[C@@H]4COCc4ccccc4)[C@@H](C2)N(CC(=O)O)CC[C@]315,7.53
OPRK1,CHEMBL4069892,Cc1cc(C)cc(C2CCCN2Cc2ccc(Oc3ccc(C(N)=O)cc3)c(F)c2)c1,7.53
OPRK1,CHEMBL4634007,Oc1ccc2c3c1O[C@H]1c4ncc(-c5cn[nH]c5)cc4C[C@@]4(OCCCc5ccccc5)[C@@H](C2)N(CC2CC2)CC[C@]314,7.53
OPRK1,CHEMBL381198,CN(C(=O)[C@@H]1CCc2ccccc2O1)[C@H](CN1CC[C@H](O)C1)c1ccccc1,7.52
OPRK1,CHEMBL213155,COC(=O)[C@@H]1C[C@H](NC(C)=O)C(=O)[C@H]2[C@@]1(C)CC[C@H]1C(=O)O[C@H](c3ccoc3)C[C@]21C,7.52
OPRK1,CHEMBL441914,CCCCCC(c1ccccc1)N1CCC(O)(c2ccccc2CN)CC1,7.52
OPRK1,CHEMBL517166,C[C@@H]1[C@@H]2Cc3ccc(C(N)=O)cc3[C@@]1(C)CCN2C[C@@H]1CCCO1,7.52
OPRK1,CHEMBL442719,NC(=O)c1ccc2c3c1O[C@H]1[C@H](O)CC[C@@]4(O)[C@@H](C2)N(CC2CC2)CC[C@]314,7.52
OPRK1,CHEMBL569009,O=C(CCCCC(=O)NCc1cc2c(cc1O)[C@@]13CCCC[C@H]1[C@@H](C2)N(CC1CCC1)CC3)NCc1cc2c(cc1O)[C@@]13CCCC[C@H]1[C@@H](C2)N(CC1CCC1)CC3,7.52
OPRK1,CHEMBL2022018,COC(=O)[C@@H]1C[C@H](OC(C)=O)C(=O)[C@H]2[C@@]1(C)CC[C@H]1C(=O)O[C@H](/C=C\c3ccoc3)C[C@]21C,7.52
OPRK1,CHEMBL2372399,CC[C@H](C)[C@@H]1NC(=O)[C@H](CCCNC(=N)N)NC(=O)[C@@H](NC(=O)[C@H](Cc2ccccc2)NC(=O)CNC(=O)CNC(=O)[C@H](Cc2ccc(O)cc2)NCc2ccccc2)CC(=O)NC[C@@H](C(=O)N[C@@H](CCCNC(=N)N)C(=O)N2CCC[C@H]2C(=O)N[C@@H](CCCCN)C(N)=O)NC1=O,7.52
OPRK1,CHEMBL3695260,NC1CCN(c2nc3ccccc3n(C3CCN(C4CCCCCCC4)CC3)c2=O)CC1,7.52
OPRK1,CHEMBL3704629,CCN(CC)C(=O)CN1CC[C@@H](Cc2nc3ccccc3n2[C@H]2C[C@H]3CCC[C@@H](C2)N3[C@@H]2C[C@@H]3CCCC[C@@H](C3)C2)C1,7.52
OPRK1,CHEMBL4109142,CO[C@]12CC[C@@]3(C[C@@H]1COCc1ccccc1)[C@H]1Cc4ccc(OCc5nn[nH]n5)c5c4[C@@]3(CCN1CC1CC1)[C@H]2O5,7.52
OPRK1,CHEMBL4075281,COC(=O)[C@H]1[C@](C)([C@@H](CC=O)C(=O)OC)CC[C@H]2C(=O)O[C@H](c3ccoc3)C[C@]12C,7.52
OPRK1,CHEMBL4295159,CC[C@H](C)[C@@H]1NC(=O)[C@H](CCCNC(=N)N)NC(=O)[C@@H](NC(=O)[C@H](Cc2ccccc2)NC(=O)CNC(=O)CNC(=O)[C@H](Cc2ccc(O)cc2)NCc2ccccc2)CC(=O)NCC(C(=O)N[C@@H](CCCNC(=N)N)C(=O)N2CCC[C@@H]2C(=O)N[C@@H](CCCCN)C(N)=O)NC1=O,7.52
OPRK1,CHEMBL5915679,Cc1cnc(N2CCC(NC3CCCCC3)C(CO)C2)c(-c2nc(C)no2)c1,7.52
OPRK1,CHEMBL5833762,COC1CN(/C(N)=C(/C=C(/C)N)c2nc(C)no2)CCC1NC1CCCCC1,7.52
OPRK1,CHEMBL5800914,CCc1ccc2nc(N3CCC(NC4CCCCC4)C(CO)C3)c(-c3nc(C)no3)cc2c1,7.52
OPRK1,CHEMBL6031995,CCOC(=O)c1cc2cc(C)ccc2nc1N1CCC(NC2CCCCC2)C(OC)C1,7.52
OPRK1,CHEMBL5889639,C/C(N)=C/C(=C(\N)N1CCC(NCC(C)C)CC1)c1nc(C2CC2)no1,7.52
OPRK1,CHEMBL5906393,CN(C)CCCC1(c2ccc(F)cc2)OCc2cc(C(=N)NCc3ccccc3)ccc21,7.52
OPRK1,CHEMBL5841339,COC1CN(c2nnc(C)cc2-c2nc(C)no2)CCC1NC1CCCCC1,7.52
OPRK1,CHEMBL5928445,Cc1cc(-c2nc(C3CC3)no2)c(N2CCC(NCC(C)C)CC2)nn1,7.52
OPRK1,CHEMBL3707089,C[C@@H]1[C@H]2c3cc(NCc4ccccc4)ccc3C[C@@H](c3ccc(NCc4ccccc4)cc32)N1CC1CC1,7.51
OPRK1,CHEMBL197293,COC(=O)Nc1ccc2c(c1)CCC(C(=O)N(C)[C@H](CN1CC[C@H](O)C1)c1ccccc1)O2,7.51
OPRK1,CHEMBL272482,COC(=O)[C@@H]1C[C@H](OCOCC(F)(F)F)C(=O)[C@H]2[C@@]1(C)CC[C@H]1C(=O)O[C@H](c3ccoc3)C[C@]21C,7.51
OPRK1,CHEMBL408901,OCCN1CCN(c2cc3[nH]c(SC4CCCCC4)nc3cc2Cl)CC1,7.51
OPRK1,CHEMBL568758,Oc1cc2c(cc1C(O)CCCCCCCCCCC(O)c1cc3c(cc1O)[C@@]14CCCC[C@H]1[C@@H](C3)N(CC1CCC1)CC4)C[C@@H]1[C@@H]3CCCC[C@]23CCN1CC1CCC1,7.51
OPRK1,CHEMBL2022302,COC(=O)[C@@H]1C[C@H](OC(C)=O)C(=O)[C@H]2[C@@]1(C)CC[C@H]1C(=O)O[C@H](C(=O)c3ccsc3)C[C@]21C,7.51
OPRK1,CHEMBL3359812,COC(=O)[C@@H]1C[C@H](OC(C)=O)C(=O)[C@H]2[C@@]1(C)CC[C@H]1C(=O)O[C@H](c3ccoc3C(F)(F)F)C[C@]21C,7.51
OPRK1,CHEMBL3394004,CS(=O)(=O)c1c[nH]c(C(=O)Nc2nc3ccccc3n2CCN2CCCC2)c1,7.51
OPRK1,CHEMBL3786545,O=C(Cc1ccc(Cl)c(Cl)c1)N1CCN(Cc2cccnc2)C2CCCC(N3CCC(O)C3)C21,7.51
OPRK1,CHEMBL3698810,CCOC(=O)C1CN(CCNc2nc3ccccc3n([C@H]3C[C@H]4CC[C@@H](C3)N4C3CCCCCCC3)c2=O)C[C@H]1C(=O)OCC,7.51
OPRK1,CHEMBL4073100,Cc1cc(CSc2nnc(-c3ccccn3)n2Cc2ccco2)ccc1C(F)(F)F,7.51
OPRK1,CHEMBL4649042,Oc1ccc2c3c1O[C@H]1c4ncc(-c5ccncn5)cc4C[C@@]4(OCCCc5ccccc5)[C@@H](C2)N(CC2CC2)CC[C@]314,7.51
OPRK1,CHEMBL4640017,Oc1ccc2c3c1O[C@H]1c4ncc(-c5ccc(Cl)cc5)cc4C[C@@]4(OCc5ccc6ccccc6n5)[C@@H](C2)N(CC2CC2)CC[C@]314,7.51
OPRK1,CHEMBL4777999,C[C@@H](NC(=O)[C@@H](N)Cc1ccc(O)cc1)C(=O)NCC(=O)N(C)[C@@H](Cc1ccccc1)C(=O)N[C@@H](CCC(N)=O)C(=O)N1CCC[C@H]1C(=O)N[C@@H](CCC(N)=O)C(=O)N[C@@H](CCCNC(=N)N)C(=O)N[C@@H](Cc1ccccc1)C(N)=O,7.51
OPRK1,CHEMBL5416582,CC(C)[C@H]1CC[C@@H](N2CCC(n3c(CN4CCCC4)cc4ccccc43)CC2)CC1,7.51
OPRK1,CHEMBL5799264,N=Cc1cc(Br)cnc1N1CCC(NC2CCCCC2)C(O)C1,7.51
OPRK1,CHEMBL5742373,Cc1ccc(-c2nc(C)no2)c(N2CCC(NC3CCCCC3)C(CO)C2)n1,7.51
OPRK1,CHEMBL6134589,CC[C@@]1(C)CN2CC[C@]34C(=C(C(=O)OC)[C@H]1C[C@H]23)Nc1ccc(Br)cc14,7.51
OPRK1,CHEMBL325842,O=C1CNc2ccccc2N1C1CCN(Cc2cc3c(cc2Cl)OCO3)CC1,7.5
OPRK1,CHEMBL304404,O=c1c(-c2ccc3ccccc3c2)cccn1C(CN1CCCC1)c1ccccc1,7.5
OPRK1,CHEMBL114358,CCCCCCCN1CC[C@]2(C)c3cc(O)ccc3CC1[C@@H]2C,7.5
OPRK1,CHEMBL146054,CC(c1ccccc1Cl)N1CCC(n2c(O)nc3ccccc32)CC1,7.5
OPRK1,CHEMBL325945,O=c1[nH]c2ccccc2n(C2CCN(Cc3cc4c(cc3Cl)OCO4)CC2)c1=O,7.5
OPRK1,CHEMBL102900,O=C1Cc2ccccc2N1C1CCN(C2C3CCCC2CCC3)CC1,7.5
OPRK1,CHEMBL317102,CN(C(=O)C1C(c2ccccc2)=C1c1ccccc1)[C@H]1CCCC[C@@H]1N1CCCC1,7.5
OPRK1,CHEMBL495462,C[C@H]1C2Cc3cc(N)c(C(N)=O)cc3[C@@]1(C)CCN2CC1CC1,7.5
OPRK1,CHEMBL453587,CN(C(=O)CN(CC#N)c1ccc(Cl)c(Cl)c1)C(CN1CCCC1)c1ccc(-c2cccc(C(N)=O)c2)cc1,7.5
OPRK1,CHEMBL3330678,COC(=O)[C@@H]1C[C@H](OC(=O)/C=C/c2ccc([N+](=O)[O-])cc2)C(=O)[C@H]2[C@@]1(C)CC[C@H]1C(=O)O[C@H](c3ccoc3)C[C@]21C,7.5
OPRK1,CHEMBL3704631,c1ccc2c(c1)nc(C[C@H]1COCCN1)n2[C@H]1C[C@H]2CCC[C@@H](C1)N2[C@@H]1C[C@@H]2CCCC[C@@H](C2)C1,7.5
OPRK1,CHEMBL4113804,COc1ccc2c3c1O[C@H]1[C@@]4(OC)CC[C@@]5(C[C@@H]4COc4ccc(-n6ccnc6)cc4)[C@@H](C2)N(CC2CC2)CC[C@]315,7.5
OPRK1,CHEMBL4111244,COc1ccc2c3c1O[C@H]1[C@@]4(OC)CC[C@@]5(C[C@@H]4COCc4ccc(OCC(=O)O)cc4)[C@@H](C2)N(CC2CC2)CC[C@]315,7.5
OPRK1,CHEMBL102999,CN(CCc1ccc(Cl)c(Cl)c1)[C@@H]1CCCC[C@H]1N1CCCC1,7.5
OPRK1,CHEMBL4438714,O=C(Cc1ccc(Cl)c(Cl)c1)N1CCN(Cc2ccc(F)cc2)[C@H]2CCC[C@H](N3CCCC3)[C@H]21,7.5
OPRK1,CHEMBL5614253,Clc1ccc(CCc2nnc(-c3ccccn3)n2Cc2cccs2)c(Cl)c1,7.5
OPRK1,CHEMBL5918445,COC(=O)C(/C=C(/C)N)=C(/N)N1CC[C@@H](NC2CCCCC2)[C@H](O)C1,7.5
OPRK1,CHEMBL5760998,CO[C@@H]1CN(c2nc3ccc(C)cc3cc2-c2nc(C)no2)CC[C@@H]1NC1CCCC1,7.5
OPRK1,CHEMBL6027199,Cc1noc(-c2cc(C)c(C)nc2N2CC[C@H](NC3CCCCC3)[C@@H](O)C2)n1,7.5
OPRK1,CHEMBL6025283,COC(=O)c1cc(C)nnc1N1CC[C@@H](NC2CCCCC2)[C@H](O)C1,7.5
OPRK1,CHEMBL5869160,CCOP(=O)(OCC)c1nc2ccccc2n([C@H]2C[C@H]3CC[C@@H](C2)N3C23CC4CC(CC2C4)C3)c1=O,7.5
OPRK1,CHEMBL5972109,CN(C)[C@H](CNC(=O)NC(C)(C)Cc1ccsc1)Cc1cccc(O)c1,7.5
OPRK1,CHEMBL2315356,CN(CCC[C@]1(O)[C@H]2CCN(CC(F)(F)F)[C@@H]1Cc1ccc(O)c(O)c12)C(=O)/C=C/c1ccoc1.Cl,7.49
OPRK1,CHEMBL5415010,CC(C)[C@H]1CC[C@@H](N2CCC(n3c(CN4CCS(=O)(=O)CC4)cc4ccccc43)CC2)CC1,7.49
OPRK1,CHEMBL417623,O=c1c(-c2ccc(F)cc2)cccn1C(CN1CCC(O)C1)c1ccccc1,7.48
OPRK1,CHEMBL384895,C[C@H]1CN2CCN(Cc3cccc(OCc4ccccc4)c3)C[C@H]2C[C@@]1(C)c1cccc(O)c1,7.48
OPRK1,CHEMBL514463,CC1(C)CCC(N2CCC3(CC2)C(=O)N(CCNC2CCCCC2)CN3c2ccccc2)c2ccccc21,7.48
OPRK1,CHEMBL1818326,O=S(=O)(c1ccccc1-c1ccc(CNC2CCOCC2)cc1)N1CCC(F)(F)C1,7.48
OPRK1,CHEMBL3323509,O=C(Cc1ccc(Cl)c(Cl)c1)N1CCNC2CCCC(N3CCCC3)C21,7.48
OPRK1,CHEMBL3330677,COC(=O)[C@@H]1C[C@H](OC(=O)/C=C/c2ccccc2[N+](=O)[O-])C(=O)[C@H]2[C@@]1(C)CC[C@H]1C(=O)O[C@H](c3ccoc3)C[C@]21C,7.48
OPRK1,CHEMBL3393881,O=C(Nc1nc2ccccc2n1CCN1CCCC1)c1ccc(F)cc1,7.48
OPRK1,CHEMBL3590194,CCc1ccc(S(=O)(=O)N2CCc3cc(C(=O)NCCN(Cc4ccc(Br)cc4)C(C)C)ccc3C2)cc1,7.48
OPRK1,CHEMBL3808415,CC[C@H](C)[C@H](NC(=O)[C@H](CCCNC(=N)N)NC(=O)[C@H](Cc1ccc(O)cc1)NC(=O)[C@H](Cc1ccc(O)cc1)NC(=O)[C@H](CCCNC(=N)N)NC(=O)CCN1Cc2ccccc2C[C@H](NC(=O)[C@@H](CCCNC(=N)N)NC(=O)[C@@H](N)Cc2c(C)cc(O)cc2C)C1=O)C(=O)N[C@@H](CCCCN)C(N)=O,7.48
OPRK1,CHEMBL4114012,O=C(O)/C=C1\[C@H]2Cc3ccc(O)cc3[C@]1(CCCC(=O)O)CCN2CC1CC1,7.48
OPRK1,CHEMBL4240426,COc1ccc2c3c1O[C@H]1[C@@]4(OC)CC[C@@]5(C[C@]4(C)C(=O)c4ccccc4)[C@@H](C2)N(CC2CC2)CC[C@]315,7.48
OPRK1,CHEMBL5207736,COc1ccc2c3c1O[C@H]1[C@@]4(OC)CC[C@@]5(C[C@@]4(C)C(=O)c4ccc(C(C)C)cc4)[C@@H](C2)N(CC2CC2)CC[C@]315,7.48
OPRK1,CHEMBL5613796,Clc1ccc(CCc2nnc(-c3ccccn3)n2Cc2cccs2)cc1,7.48
OPRK1,CHEMBL5817759,CC(=O)c1cc(Br)cnc1N1CC[C@@H](NC2CCCCC2)[C@H](O)C1,7.48
OPRK1,CHEMBL6017122,Cc1noc(-c2cc3ccccc3nc2N2CCC(NC3CCCCC3C)C(CO)C2)n1,7.48
OPRK1,CHEMBL5958267,Cc1ccc2nc(N3CCC(NC4CCCC[C@@H]4O)CC3)c(-c3ccc(C)nn3)cc2c1,7.48
OPRK1,CHEMBL5854335,Cc1noc(-c2cc3ccc(F)c(C)c3nc2N2CCC(NC3CCCCC3)CC2)n1,7.48
OPRK1,CHEMBL5758422,Cc1noc(-c2cc3cc(C)c(F)cc3nc2N2CCC(NCC(C)C)CC2)n1,7.48
OPRK1,CHEMBL6167928,COc1ccc(C(=O)Nc2cccc(C(=O)[C@H]3C[C@@]45C=C[C@]3(OC)[C@@H]3Oc6c(OC)ccc7c6[C@@]34CCN(CC3CC3)[C@@H]5C7)c2)cc1,7.48
OPRK1,CHEMBL61426,O=c1c(-c2ccc(OC(F)(F)F)cc2)cccn1C(CN1CCCC1)c1ccccc1,7.47
OPRK1,CHEMBL370912,C=C(C)C(=O)O[C@H]1C[C@@H](C(=O)OC)[C@]2(C)CC[C@H]3C(=O)O[C@H](c4ccoc4)C[C@]3(C)[C@H]2C1=O,7.47
OPRK1,CHEMBL411089,COc1ccc2c3c1O[C@H]1C(=O)CC[C@@]4(NCC/C=C/c5ccc(Cl)cc5)[C@@H](C2)N(CC2CC2)CC[C@]314,7.47
OPRK1,CHEMBL239824,O=C1NCN(c2ccccc2)C12CCN(C1CCCc3ccc(F)cc31)CC2,7.47
OPRK1,CHEMBL494614,C[C@H]1C2Cc3ccc(C(N)=O)c([N+](=O)[O-])c3[C@@]1(C)CCN2CC1CC1,7.47
OPRK1,CHEMBL1618305,C=CCN1CC[C@]23c4c5ccc(O)c4O[C@H]2/C(=N/N=C2\CC[C@@]4(O)[C@H]6Cc7ccc(O)c8c7[C@@]4(CCN6CC=C)[C@H]2O8)CC[C@@]3(O)[C@H]1C5,7.47
OPRK1,CHEMBL1196093,CC[C@@]12CCN(CC3CC3)C[C@@H]1Oc1ccc(O)cc12,7.47
OPRK1,CHEMBL3822963,COCC(=O)N1CC[C@@H](NC(=O)[C@@H](N)Cc2c(C)cc(O)cc2C)c2cc(Cc3ccccc3)ccc21,7.47
OPRK1,CHEMBL3704608,NC(=O)/N=c1\[nH]c2ccccc2n1C1CCN(C2CCCCCCC2)CC1,7.47
OPRK1,CHEMBL4761165,Cc1cc(O)cc(C)c1C[C@H](N)C(=O)N[C@H](CCCCN)C(=O)N[C@@H](Cc1ccccc1)C(=O)N[C@@H](Cc1ccccc1)C(=O)N[C@@H](CCCCN)C(=O)N[C@@H](CCCCN)C(=O)N1CCC[C@H]1C(=O)N[C@@H](Cc1ccccc1)C(=O)N[C@H](C(=O)N[C@@H](CC(C)C)C(=O)O)C(C)(C)C,7.47
OPRK1,CHEMBL5077561,CCC(=O)N(c1ccc(Cl)c(Cl)c1)C1CCN(C(=O)[C@H](Cc2ccc(Cl)cc2)NC(=O)[C@H]2Cc3ccccc3CN2C(=O)[C@@H](N)Cc2cc(C)c(O)c(C)c2)CC1,7.47
OPRK1,CHEMBL5612813,Cc1ccc(CCc2nnc(-c3ccccn3)n2Cc2nccs2)cc1C(F)(F)F,7.47
OPRK1,CHEMBL5613619,Cc1ccc(CCc2nnc(-c3nccn3C)n2Cc2cccs2)cc1C(F)(F)F,7.47
OPRK1,CHEMBL6009475,CN(C)[C@H](CNC(=O)NCCc1cn(CCSSCCN=[N+]=[N-])nn1)Cc1ccc(O)cc1,7.47
OPRK1,CHEMBL63128,O=c1c(-c2ccc(F)cc2)cccn1C(CN1CCCC1)c1ccccc1,7.46
OPRK1,CHEMBL108608,COc1ccc2c(c1O)[C@]13CCN(C)C(C2)[C@@]12C/C(=C\c1ccccc1)[C@@H]3c1[nH]c3ccccc3c1C2,7.46
OPRK1,CHEMBL364879,O=C1[C@@H](c2ccc(Cl)cc2)CC=CCN1C(CN1CCCC1)c1ccccc1,7.46
OPRK1,CHEMBL385280,C[C@H]1[C@H]2CC[C@H](c3ccccc3)CN2CC[C@@]1(C)c1cccc(O)c1,7.46
OPRK1,CHEMBL271285,COC(=O)[C@@H]1C[C@H](OCOC(C)(C)C)C(=O)[C@H]2[C@@]1(C)CC[C@H]1C(=O)O[C@H](c3ccoc3)C[C@]21C,7.46
OPRK1,CHEMBL3323510,O=C(Cc1ccc(Cl)c(Cl)c1)N1CCNC2CCCC(N3CCC(O)C3)C21,7.46
OPRK1,CHEMBL3770643,N[C@@H](Cc1c(Cl)cc(O)cc1Cl)C(=O)N[C@@H]1CCNc2ccc(Cc3ccccc3)cc21,7.46
OPRK1,CHEMBL4108857,COc1ccc2c3c1O[C@H]1[C@@]4(OC)CC[C@@]5(C[C@@H]4COCc4ccoc4)[C@@H](C2)[N+](C)(CC2CC2)CC[C@]315,7.46
OPRK1,CHEMBL4105306,O=C1/C(=C/c2ccccc2F)C[C@@]2(O)[C@H]3Cc4ccc(O)c5c4[C@@]2(CCN3CC2CC2)[C@H]1O5,7.46
OPRK1,CHEMBL4213625,C[C@H]1[C@H]2Cc3ccc(O)cc3[C@@]1(C)CCN2C[C@@H]1C[C@@]1(C(=O)NCc1ccccc1)c1ccccc1,7.46
OPRK1,CHEMBL4646507,Oc1ccc2c3c1O[C@H]1c4ncc(-c5ccccc5)cc4C[C@@]4(OCCCC5CCCCC5)[C@@H](C2)N(CC2CC2)CC[C@]314,7.46
OPRK1,CHEMBL5847361,COC(=O)c1cc(C)cnc1N1CC[C@@H](NC2CCCCC2)[C@H](O)C1,7.46
OPRK1,CHEMBL6062514,CCOC(=O)c1cc(C)c(C)nc1N1CCC(NC2CCCCC2)C(CO)C1,7.46
OPRK1,CHEMBL5399232,C[C@H](NC(=O)NC[C@H](Cc1ccc(O)cc1)N(C)C)c1ccccc1,7.46
OPRK1,CHEMBL3349980,CCCCO[C@H]1C[C@@H](C(=O)OC)[C@]2(C)CCC3C(=O)O[C@H](c4ccoc4)C[C@]3(C)[C@H]2C1=O,7.45
OPRK1,CHEMBL1834416,CO[C@]12CC[C@@]3(C[C@@H]1[C@@](C)(O)C(C)(C)C)[C@H]1Cc4cc(Br)c(O)c5c4[C@@]3(CCN1CC1CC1)[C@H]2O5,7.45
OPRK1,CHEMBL3698795,CC(C)CC(NC(=O)c1nc2ccccc2n([C@H]2C[C@H]3CC[C@@H](C2)N3C2CCCCCCC2)c1=O)C(=O)O,7.45
OPRK1,CHEMBL3901176,COCCOCCOCCOCCOCCO[C@H]1CC[C@@]2(O)[C@H]3Cc4ccc(O)c5c4[C@@]2(CCN3CC2CCC2)C1O5,7.45
OPRK1,CHEMBL4636305,Oc1ccc2c3c1O[C@H]1c4ncc(-c5ccc(F)cc5F)cc4C[C@@]4(OCCCc5ccccc5)[C@@H](C2)N(CC2CC2)CC[C@]314,7.45
OPRK1,CHEMBL4747769,CCOC(=O)CC[C@H]1[C@@H]2CCC[C@@]1(c1cccc(O)c1)CCN2CCc1ccccc1,7.45
OPRK1,CHEMBL6020991,COCCOCCOCCOCCOCCO[C@H]1CC[C@@]2(O)[C@H]3Cc4ccc(O)c5c4[C@@]2(CCN3CC2CCC2)[C@H]1O5,7.45
OPRK1,CHEMBL2113377,CCCCN[C@@]12Cc3c([nH]c4ccccc34)[C@@H]3Oc4c(O)ccc5c4[C@@]31CCN(C)C2C5,7.44
OPRK1,CHEMBL610524,COc1ccc2c3c1O[C@H]1c4[nH]c5c(c4C[C@@]4(O)[C@@H](C2)N(CC2CC2)CC[C@]314)C[C@@]1(O)[C@H]2Cc3ccc(O)c4c3[C@@]1(CCN2C)[C@H]5O4,7.44
OPRK1,CHEMBL213880,C[C@H]1C2Cc3ccc(C(=O)NCc4ccccc4)cc3[C@@]1(C)CCN2CC1CC1,7.44
OPRK1,CHEMBL376413,C[C@H]1CN2CCN(CC3CCCCC3)C[C@H]2C[C@@]1(C)c1cccc(O)c1,7.44
OPRK1,CHEMBL241823,CCNC(=O)Oc1ccc2c(c1)C13CCCCC1C(C2)N(C)CC3,7.44
OPRK1,CHEMBL390882,CCCCC(c1ccccc1)N1CCC(O)(c2ccccc2)CC1,7.44
OPRK1,CHEMBL458870,COC(=O)[C@@H]1C[C@H](OC(C)=O)C(=O)[C@H]2[C@@]1(C)CC[C@H]1C(=O)O[C@H](C(=O)c3cccs3)C[C@]21C,7.44
OPRK1,CHEMBL471543,COc1ccc2c3c1O[C@H]1C(=O)CC[C@@]4(OC(=O)/C=C/c5ccc(C)cc5)[C@@H](C2)N(CC2CC2)CC[C@]314,7.44
OPRK1,CHEMBL1081084,c1cc2c(cc1OCC1CO1)[C@@]13CCCC[C@H]1[C@@H](C2)N(CC1CCC1)CC3,7.44
OPRK1,CHEMBL2381587,COC(=O)CCC(=O)O[C@H]1C[C@@H](C(=O)OC)[C@]2(C)CC[C@H]3C(=O)O[C@H](c4ccoc4)C[C@]3(C)[C@H]2C1=O,7.44
OPRK1,CHEMBL3104104,Cc1cc(O)cc(C)c1C[C@H](N)C(=O)N1CCCc2ccccc21,7.44
OPRK1,CHEMBL3890511,Oc1ccc(CCN(CCc2ccccc2)CC2CCC2)cc1,7.44
OPRK1,CHEMBL3924605,CC(C)CC(=O)N[C@H]1C[C@@]2(O)[C@H]3Cc4ccc(O)cc4[C@@]2(CCN3CC2CC2)CC1=O,7.44
OPRK1,CHEMBL5968636,COC(=O)c1cc(Br)cnc1N1CCC(NC2CCCCC2OC)C(O)C1,7.44
OPRK1,CHEMBL5803562,COC(=O)c1cc(I)cnc1N1CCC(NC2CCCCCC2)C(CO)C1,7.44
OPRK1,CHEMBL6168113,COc1ccc2c3c1O[C@H]1[C@@]4(OC)C=C[C@@]5(C[C@@H]4C(=O)c4cccc(NC(=O)OCC(C)C)c4)[C@@H](C2)N(CC2CC2)CC[C@]315,7.44
OPRK1,CHEMBL324297,O=[N+]([O-])c1cc2c(cc1CN1CCC(n3c(O)nc4ccccc43)CC1)OCO2,7.43
OPRK1,CHEMBL277636,CSc1ccc(CC(=O)N2CCN(C(C)=O)CC2CN2CC[C@H](O)C2)cc1,7.43
OPRK1,CHEMBL431660,COc1ccc(C[C@H]2CN3C(=NC[C@@H]3C)N2CCCC2CCCCC2)cc1,7.43
OPRK1,CHEMBL215389,CCC(=O)N(CC)[C@H]1C[C@@H](C(=O)OC)[C@]2(C)CC[C@H]3C(=O)O[C@H](c4ccoc4)C[C@]3(C)[C@H]2C1=O,7.43
OPRK1,CHEMBL569313,Oc1cc2c(cc1CNCCCCCCNCc1cc3c(cc1O)[C@@]14CCCC[C@H]1[C@@H](C3)N(CC1CCC1)CC4)C[C@@H]1[C@@H]3CCCC[C@]23CCN1CC1CCC1,7.43
OPRK1,CHEMBL3359292,COC(=O)[C@@H]1C[C@H](OC(C)=O)C(=O)[C@H]2[C@@]1(C)CC[C@H]1C(=O)O[C@H](c3ccoc3-c3cccc4ccccc34)C[C@]21C,7.43
OPRK1,CHEMBL3394007,O=C(Nc1nc2cccnc2n1CCN1CCCC1)c1ccc(Cl)cc1,7.43
OPRK1,CHEMBL3695673,COc1ccc2c(c1)[C@@]13CCNC[C@H]1[C@@H](C2)N(CC1CC1)CC3,7.43
OPRK1,CHEMBL4113830,COCCOCCOCCOC[C@H]1C[C@@]23CC[C@]1(OC)[C@@H]1Oc4c(OC)ccc5c4[C@@]12CCN(CC1CC1)[C@@H]3C5,7.43
OPRK1,CHEMBL4514319,Cc1cc(O)c(Cl)c(C)c1C[C@H](N)C(=O)N1CCC[C@H]1C(=O)N[C@@H](Cc1ccccc1)C(=O)N[C@@H](Cc1ccccc1)C(N)=O,7.43
OPRK1,CHEMBL4857172,COc1ccc2c3c1O[C@H]1[C@@]4(OC)CC[C@@]5(C[C@@H]4c4cccc(NC(=O)c6ccc(C)c(C)c6)c4)[C@@H](C2)N(CC2CC2)CC[C@]315,7.43
OPRK1,CHEMBL5865989,COC(=O)c1cc2ccccc2nc1N1CCC(NC2CCCCC2)C(CO)C1,7.43
OPRK1,CHEMBL5801165,CCc1ccc2nc(N3CCC(NC4CCCCC4)C(OC)C3)c(-c3nc(C)no3)cc2c1,7.43
OPRK1,CHEMBL6014441,Cc1ccc2nc(N3CCC(NC4CCC4)CC3)c(-c3nc(C)no3)cc2c1,7.43
OPRK1,CHEMBL5850302,C[C@@H](Cc1ccccc1)NC(=O)NC[C@H](Cc1ccc(O)cc1)N(C)C,7.43
OPRK1,CHEMBL316930,C=C(C)CN1CCC23c4c5ccc(O)c4O[C@H]2c2n[nH]cc2C[C@@]3(O)C1C5,7.42
OPRK1,CHEMBL15272,CC(=O)c1ccc(-c2cccn(C(CN3CCC(O)C3)c3ccccc3)c2=O)s1,7.42
OPRK1,CHEMBL219554,C[C@H]1CN2CCN(Cc3ccsc3)C[C@H]2C[C@@]1(C)c1cccc(O)c1,7.42
OPRK1,CHEMBL2387199,O=C1CCc2ccccc2N1C1CCN(C2CCCCCCC2)CC1,7.42
OPRK1,CHEMBL3359797,COC(=O)[C@@H]1C[C@H](OC(C)=O)C(=O)[C@H]2[C@@]1(C)CC[C@H]1C(=O)O[C@H](c3ccoc3CCc3ccccc3)C[C@]21C,7.42
OPRK1,CHEMBL3330673,COC(=O)[C@@H]1C[C@H](OC(=O)/C=C/c2cc(OC)ccc2OC)C(=O)[C@H]2[C@@]1(C)CC[C@H]1C(=O)O[C@H](c3ccoc3)C[C@]21C,7.42
OPRK1,CHEMBL4106647,COc1ccc2c3c1O[C@H]1[C@@]4(OC)CC[C@@]5(C[C@@H]4COCc4ccc(NC(C)=O)cc4)[C@@H](C2)N(CC2CC2)CC[C@]315,7.42
OPRK1,CHEMBL3895142,O=C(O)[C@@H]1CCCN1c1nc2ccccc2n([C@H]2C[C@H]3CCC[C@@H](C2)N3[C@H]2C[C@@H]3CCC[C@@H](C3)C2)c1=O,7.42
OPRK1,CHEMBL4082214,Cc1cc(C)cc(C2CCCN2Cc2ccc(Oc3ccc(C(N)=O)cc3)c(Cl)c2)c1,7.42
OPRK1,CHEMBL4237758,COc1ccc2c3c1O[C@H]1[C@@]4(OC)CC[C@@]5(C[C@]4(C)C(O)c4ccccc4)[C@@H](C2)N(CC2CC2)CC[C@]315,7.42
OPRK1,CHEMBL5858127,Cc1noc(-c2cc3cc(Cl)ccc3nc2N2CC[C@@H](NC3CCCCC3)[C@H](O)C2)n1,7.42
OPRK1,CHEMBL5982318,COC1CN(c2nc3ccc(C)cc3cc2C(=O)OC(C)C)CCC1NC1CCCCC1,7.42
OPRK1,CHEMBL5790805,Cc1ccc2nc(N3CCC(NC4CCCCC4)C(CO)C3)c(-c3nnc(C)o3)cc2c1,7.42
OPRK1,CHEMBL6195809,CC1C[C@@H]2C[C@H](C1)C[C@H](N1[C@@H]3CCC[C@H]1C[C@@H](n1c(=O)c(P(=O)(O)OCOC(=O)c4ccccc4)nc4ccccc41)C3)C2,7.42
OPRK1,CHEMBL610885,COc1ccc2c3c1O[C@H]1C(=O)CC[C@@]4(NC(=O)/C=C/c5ccc([N+](=O)[O-])cc5)[C@@H](C2)N(CC2CC2)CC[C@]314,7.41
OPRK1,CHEMBL474687,CCNCCN1CN(c2ccccc2)C2(CCN(C3CCC(C)(C)c4ccccc43)CC2)C1=O,7.41
OPRK1,CHEMBL1164183,NC(=O)[C@H]1CSSC[C@@H](NC(=O)[C@@H](N)Cc2ccc(O)cc2)C(=O)N[C@@H](Cc2ccccc2)C(=O)N1,7.41
OPRK1,CHEMBL1164269,COc1ccc([C@H]2CN3C(=NC[C@@H]3C)N2CCCc2ccccc2)cc1,7.41
OPRK1,CHEMBL1258391,CS(=O)(=O)Cc1ccc(CN2[C@@H]3CC[C@H]2C[C@H](Oc2cccc(C(N)=O)c2)C3)cc1,7.41
OPRK1,CHEMBL1650845,OCC1(N2CCC(n3c(N4CC5CN(Cc6ccccc6)CC5C4)nc4ccccc43)CC2)CCCCCCC1,7.41
OPRK1,CHEMBL2381593,COC(=O)/C=C/C(=O)O[C@H]1C[C@@H](C(=O)OC)[C@]2(C)CC[C@H]3C(=O)O[C@H](c4ccoc4)C[C@]3(C)[C@H]2C1=O,7.41
OPRK1,CHEMBL2387195,CC1C(=O)N(C2CCN(C3CCCCCCC3)CC2)c2ccccc21,7.41
OPRK1,CHEMBL2418571,C[C@H]1CC[C@@]2(c3cccc(O)c3)CCN(C)[C@@H]1C2,7.41
OPRK1,CHEMBL3104103,Cc1cc(O)cc(C)c1C[C@H](N)C(=O)N1CCN(CCCCCc2ccccc2)CC1,7.41
OPRK1,CHEMBL1488893,Cc1ccc(C(=O)Nc2nc3ccccc3n2CCN2CCCC2)cc1,7.41
OPRK1,CHEMBL3597088,CC(C)C[C@H](NC(=O)[C@H](CO)NC(=O)CCCNC(=O)[C@H](CC(C)C)NC(=O)[C@H](Cc1ccccc1)NC(=O)CNC(=O)[C@@H](NC(=O)[C@@H](N)Cc1ccc(O)cc1)[C@@H](C)O)C(N)=O,7.41
OPRK1,CHEMBL3823958,Cc1cc(O)cc(C)c1C[C@H](N)C(=O)N[C@@H]1CCN(C(=O)c2ccccc2)c2ccc(Cc3ccccc3)cc21,7.41
OPRK1,CHEMBL5085455,CN1C(=O)CNC(=O)[C@H](NC(=O)[C@@H](N)Cc2ccc(O)cc2)CCCCNC(=O)C[C@@H](C(=O)N2CCC[C@H]2C(=O)N[C@@H](CCC(N)=O)C(=O)N[C@@H](CCCNC(=N)N)C(=O)N[C@@H](Cc2ccccc2)C(N)=O)NC(=O)[C@@H]1Cc1ccccc1,7.41
OPRK1,CHEMBL5090249,CC(=O)N[C@@H](Cc1ccccc1)C(=O)N[C@H]1Cc2cccc(c2)OC/C=C/COc2ccc(cc2)C[C@@H](C(=O)N[C@@H](CCCNC(=N)N)C(=O)N[C@@H](CC(C)C)C(=O)N[C@@H](CCCNC(=N)N)C(=O)N[C@@H](CCCNC(=N)N)C(=O)N[C@H](C)C(=O)N[C@@H](CCCNC(=N)N)C(=O)N2CCC[C@H]2C(=O)N[C@@H](CCCCN)C(N)=O)NC1=O,7.41
OPRK1,CHEMBL283910,O=C1NCN(c2ccccc2)C12CCN([C@H]1CCc3c(Cl)ccc(Cl)c3C1)CC2,7.4
OPRK1,CHEMBL288468,COc1cccc(CN2CCC[C@@H]2C/N=C(\S)N2Cc3ccccc3C[C@H]2CNC(=O)Nc2ccccc2)c1OC,7.4
OPRK1,CHEMBL199434,Cn1c(N2CCC(c3ccccc3)(c3nccn3Cc3ccccc3)CC2)nc2ccccc21,7.4
OPRK1,CHEMBL2113278,COC(=O)[C@@H]1C[C@H](OC(C)=O)C(=O)[C@H]2[C@@]1(C)CC[C@H]1C(=O)O[C@H](C3CC(OC)OC3OC)C[C@]21C,7.4
OPRK1,CHEMBL452808,CN(C(=O)CN1C(=O)COc2cc(Cl)c(Cl)cc21)[C@H](CN1CCOCC1)c1ccc(-c2ccccc2)cc1,7.4
OPRK1,CHEMBL475707,CC(C)NCCN1CN(c2ccccc2)C2(CCN(Cc3c(Cl)cccc3Cl)CC2)C1=O,7.4
OPRK1,CHEMBL570449,CN1CC[C@]23CCCC[C@H]2[C@H]1Cc1cc(CO)c(O)cc13,7.4
OPRK1,CHEMBL569448,Oc1cc2c(cc1CNCCCCCCCCNCc1cc3c(cc1O)[C@@]14CCCC[C@H]1[C@@H](C3)N(CC1CCC1)CC4)C[C@@H]1[C@@H]3CCCC[C@]23CCN1CC1CCC1,7.4
OPRK1,CHEMBL1223951,NC(=O)c1cccc(O[C@@H]2C[C@H]3CC[C@@H](C2)N3Cc2ccccc2)c1,7.4
OPRK1,CHEMBL1941034,COC(=O)[C@@H]1C[C@H](OC(C)=O)C(=O)[C@H]2[C@@]1(C)CC[C@H]1C(=O)O[C@@H](c3cc(Br)oc3Br)C[C@]21C,7.4
OPRK1,CHEMBL2022296,COC(=O)[C@@H]1C[C@H](OC(C)=O)C(=O)[C@H]2[C@@]1(C)CC[C@H]1C(=O)O[C@H](C(=O)c3cccc(C(N)=O)c3)C[C@]21C,7.4
OPRK1,CHEMBL3264742,O=C1[C@H]2O[C@@]34CC[C@@]5(OCOc6c(O)ccc7c6[C@@]3(CCN(CC3CC3)[C@@H]4C7)[C@H]25)N1Cc1ccccc1,7.4
OPRK1,CHEMBL3822956,CCC(=O)N1CC[C@@H](NC(=O)[C@@H](N)Cc2c(C)cc(O)cc2C)c2cc(Cc3ccccc3)ccc21,7.4
OPRK1,CHEMBL4111934,COc1ccc2c3c1O[C@H]1[C@@]4(OC)CC[C@@]5(C[C@@H]4C(NC(C)C(N)=O)c4ccccc4)[C@@H](C2)N(CC2CC2)CC[C@]315,7.4
OPRK1,CHEMBL4529363,Cc1cc(O)cc(C)c1C[C@H](N)C(=O)N[C@@H]1CCNc2ccc(Cc3cc4ccccc4o3)cc21.O=C(O)C(F)(F)F,7.4
OPRK1,CHEMBL4553931,Cc1cc(O)cc(C)c1C[C@H](N)C(=O)N[C@@H]1CCN(C(=O)C2CC2)c2ccc(CN3CCc4ccccc4C3)cc21.O=C(O)C(F)(F)F,7.4
OPRK1,CHEMBL5980256,COC(=O)c1cc(Br)cnc1N1CCC(NC2CCCCC2)C(CO)C1,7.4
OPRK1,CHEMBL5852115,CO[C@H]1CN(c2nc3ccccc3cc2-c2cnc(C)cn2)CC[C@H]1NC1CCCCC1,7.4
OPRK1,CHEMBL41098,CN1CC[C@]23c4c5ccc(O)c4O[C@H]2C(=O)CC[C@@]3(NC(=O)CSSCC(=O)N[C@@]23CCC(=O)[C@@H]4Oc6c(O)ccc7c6[C@@]42CCN(C)[C@@H]3C7)[C@H]1C5,7.39
OPRK1,CHEMBL15257,O=c1c(-c2ccc(Cl)cc2Cl)cncn1C(CN1CCCC1)c1ccccc1,7.39
OPRK1,CHEMBL606710,CN1CC[C@]23c4c5ccc(O)c4O[C@H]2C(=O)CC[C@@]3(NC(=O)CS)[C@H]1C5,7.39
OPRK1,CHEMBL464071,C[C@@H]1[C@@H]2Cc3ccc(O)cc3[C@@]1(C)CCN2C[C@H]1CCCO1,7.39
OPRK1,CHEMBL583881,COc1cccc2c1O[C@H]1CCC[C@H]3CN(CC4CC4)CC[C@@]231,7.39
OPRK1,CHEMBL595233,CC(C)(O)c1ccc(C2(c3cccc(O)c3)CCCN(CC3CC3)C2)cc1,7.39
OPRK1,CHEMBL1708421,Clc1ccc(CSc2nnc(-c3ccccn3)n2Cc2ccco2)cc1Cl,7.39
OPRK1,CHEMBL370680,COC(=O)[C@@H]1C[C@H](OC=O)C(=O)[C@H]2[C@@]1(C)CC[C@H]1C(=O)O[C@H](c3ccoc3)C[C@]21C,7.39
OPRK1,CHEMBL3323515,O=C(Cc1ccc(Cl)c(Cl)c1)N1CCN(Cc2ccccn2)C2CCCC(N3CCCC3)C21,7.39
OPRK1,CHEMBL3664217,COC(=O)[C@@H]1C[C@H](OC(C)=O)C(=O)[C@H]2[C@@]1(C)CCC1C(=O)O[C@@H](c3ccoc3)C[C@@]12C,7.39
OPRK1,CHEMBL3894621,C[C@@H]1C[C@@H]2C[C@H](C1)C[C@@H](N1[C@@H]3CCC[C@H]1C[C@@H](n1c(=O)c(N4CC[C@H]4C(=O)O)nc4ccccc41)C3)C2,7.39
OPRK1,CHEMBL4446668,COc1ccc2c3c1O[C@H]1[C@@]4(OC)CC[C@@]5(C[C@@H]4c4ccc(N6CCCCC6)cc4)[C@@H](C2)N(CC2CC2)CC[C@]315,7.39
OPRK1,CHEMBL5180450,COc1ccc2c3c1O[C@H]1[C@@]4(OC)CC[C@@]5(C[C@@]4(C)C(=O)c4ccccc4)[C@@H](C2)N(CC2CC2)CC[C@]315,7.39
OPRK1,CHEMBL5271835,CC[C@H](C)[C@H](NC(=O)[C@H](CCC(N)=O)NC(=O)[C@H](CCCNC(=N)N)NC(=O)[C@H](CCCNC(=N)N)NC(=O)[C@@H]1CSSC[C@H](NC(=O)[C@@H](N)Cc2ccc(O)cc2)C(=O)N1)C(=O)N[C@H]1CSSC[C@@H](C(N)=O)NC1=O,7.39
OPRK1,CHEMBL6008512,Cc1noc(-c2cc3cc(C)c(C)cc3nc2N2CCC(NC3CCCCC3)C(CO)C2)n1,7.39
OPRK1,CHEMBL2369393,CC[C@H](C)[C@H](NC(=O)[C@H](CCCN=C(N)N)NC(=O)[C@H](CCCN=C(N)N)NC(=O)[C@H](CC(C)C)NC(=O)[C@H](Cc1ccccc1)NC(=O)[C@@H]1CCCN1C(=O)CNC(=O)[C@@H](N)Cc1ccc(O)cc1)C(=O)N[C@@H](CCCN=C(N)N)C(=O)N1CCC[C@@H]1C(=O)N[C@@H](CCCCN)C(=O)O,7.38
OPRK1,CHEMBL215926,COc1ccc2c3c1O[C@H]1C(=O)CC[C@@]4(NCCCCc5ccc(Cl)cc5)[C@@H](C2)N(CC2CC2)CC[C@]314,7.38
OPRK1,CHEMBL1644775,COC(=O)[C@@H]1C[C@H](OC(=O)[C@@H](N)C(C)C)C(=O)[C@H]2[C@@]1(C)CC[C@H]1C(=O)O[C@H](c3ccoc3)C[C@]21C,7.38
OPRK1,CHEMBL2387194,CC1C(=O)N(C2CCN([C@H]3CC[C@@H](C(C)C)CC3)CC2)c2ccccc21,7.38
OPRK1,CHEMBL3219616,CC[C@]1(c2cccc(NS(C)(=O)=O)c2)[C@@H]2CN(CC3(O)Cc4ccccc4C3)C[C@@H]21,7.38
OPRK1,CHEMBL3597083,CC(C)C[C@H](NC(=O)[C@H](Cc1ccccc1)NC(=O)CNC(=O)[C@@H](NC(=O)[C@@H](N)Cc1ccc(O)cc1)[C@@H](C)O)C(=O)N[C@@H](CO[C@@H]1O[C@H](CO)[C@@H](O[C@@H]2O[C@H](CO)[C@@H](O)[C@H](O)[C@H]2O)[C@H](O)[C@H]1O)C(N)=O,7.38
OPRK1,CHEMBL3759167,Cc1cc(O)cc(C)c1C[C@H](N)C(=O)N[C@@H]1CCCCNC(=O)C[C@@H](C(N)=O)NC(=O)[C@@H](Cc2cccc3ccccc23)NC(=O)[C@H](Cc2ccccc2)NC1=O,7.38
OPRK1,CHEMBL6067667,O=C(O)CN1CCC/C(=C2\N(CC(=O)O)c3ccccc3N2[C@H]2C[C@H]3CCC[C@@H](C2)N3[C@@H]2C[C@@H]3CCCC[C@@H](C3)C2)C1,7.38
OPRK1,CHEMBL4109056,CC[C@H](C)C(=O)N[C@H]1C[C@@]2(O)[C@H]3Cc4ccc(O)cc4[C@@]2(CCN3CC2CC2)CC1=O,7.38
OPRK1,CHEMBL5080421,C=CCOc1ccc(C[C@H](NC(=O)[C@H](Cc2cccc(OCC=C)c2)NC(=O)[C@H](Cc2ccccc2)NC(C)=O)C(=O)N[C@@H](CCCNC(=N)N)C(=O)N[C@@H](CC(C)C)C(=O)N[C@@H](CCCNC(=N)N)C(=O)N[C@@H](CCCNC(=N)N)C(=O)N[C@H](C)C(=O)N[C@@H](CCCNC(=N)N)C(=O)N2CCC[C@H]2C(=O)N[C@@H](CCCCN)C(N)=O)cc1,7.38
OPRK1,CHEMBL5272486,CN(C)CC1CN(C(=O)Cc2ccc(F)cc2)CCC1(O)c1cccc(O)c1,7.38
OPRK1,CHEMBL5201437,CCOC(=O)[C@]12C[C@@H]1[C@@H](n1ccc3c(NC)nc(C#Cc4ccc(Cl)s4)nc31)[C@H](O)[C@@H]2O,7.38
OPRK1,CHEMBL5784397,Cc1noc(-c2cc3c(F)cccc3nc2N2CCC(NC3CCOCC3)CC2)n1,7.38
OPRK1,CHEMBL6120419,O=c1[nH]c2cccc(CCN(CCc3ccccn3)CC3CCC3)c2[nH]1,7.38
OPRK1,CHEMBL6164835,Cn1cc(CCN(CCc2ccc3nc[nH]c3c2)CC2CCC2)cn1,7.38
OPRK1,CHEMBL114123,CCCCCCN1CC[C@]2(C)c3cc(O)ccc3CC1[C@@H]2C,7.37
OPRK1,CHEMBL290429,CCC(=O)N(c1ccccc1)C1(C(=O)OC)CCN(CCc2ccccc2)CC1,7.37
OPRK1,CHEMBL101454,O=C1Cc2ccccc2N1C1CCN(C2CCCCCCC2)CC1,7.37
OPRK1,CHEMBL178129,COC(=O)[C@@H]1C[C@H](O)C(=O)C2[C@@]1(C)CC[C@H]1C(=O)O[C@H](c3ccoc3)C[C@]21C,7.37
OPRK1,CHEMBL480425,CC1(N2CCC(n3c(-c4cccc(OCCO)c4)nc4ccccc43)CC2)CCCCCCC1,7.37
OPRK1,CHEMBL1257610,COC(=O)[C@@H]1C[C@@H](Br)C(=O)[C@H]2[C@@]1(C)CC[C@H]1C(=O)O[C@H](c3ccoc3)C[C@]21C,7.37
OPRK1,CHEMBL4106660,CN(C)C(=O)CCC[C@]12CCN(CC3CC3)[C@H](Cc3ccc(O)cc31)/C2=C\C(=O)O,7.37
OPRK1,CHEMBL4115652,COCCOCCOCCOCCOCCOc1ccc(COC[C@H]2C[C@@]34CC[C@]2(OC)[C@@H]2Oc5c(OC)ccc6c5[C@@]23CCN(CC2CC2)[C@@H]4C6)cc1,7.37
OPRK1,CHEMBL4062024,Cc1cc(C)cc(C2CCCN2Cc2ccc(Oc3ccc(C(N)=O)cc3F)c(F)c2)c1,7.37
OPRK1,CHEMBL5094885,C=CCOc1ccc(C[C@H](NC(=O)[C@H](Cc2cccc(OCC=C)c2)NC(C)=O)C(=O)N[C@@H](Cc2ccccc2)C(=O)N[C@@H](CCCNC(=N)N)C(=O)N[C@@H](CC(C)C)C(=O)N[C@@H](CCCNC(=N)N)C(=O)N[C@@H](CCCNC(=N)N)C(=O)N[C@H](C)C(=O)N[C@@H](CCCNC(=N)N)C(=O)N2CCC[C@H]2C(=O)N[C@@H](CCCCN)C(N)=O)cc1,7.37
OPRK1,CHEMBL5272258,CN(C)CC1CN(C(=O)Cc2ccc(Cl)cc2)CCC1(O)c1cccc(O)c1,7.37
OPRK1,CHEMBL5287134,CN(C)C[C@H]1CN(C(=O)Cc2cc(F)c(F)cc2F)CC[C@]1(O)c1cccc(O)c1,7.37
OPRK1,CHEMBL5853445,Cc1ccc2nc(N3CCC(NCC4CC4)CC3)c(-c3noc(C)n3)cc2c1,7.37
OPRK1,CHEMBL5918172,Cc1nc(-c2cc3cc(C)c(F)cc3nc2N2CCC(NC3CCOCC3)CC2)no1,7.37
OPRK1,CHEMBL1169582,CO[C@@H](C)[C@@H]1CC23C=C[C@]1(OC)[C@H]1Oc4c(O)ccc5c4C12CCN(C)C3C5,7.36
OPRK1,CHEMBL108068,C[C@@]12CCCCS[C@@H](Cc3ccc(O)cc31)C2N,7.36
OPRK1,CHEMBL280827,Cc1cccc2c1CCCC2N1CCC2(CC1)C(=O)NCN2c1ccccc1,7.36
OPRK1,CHEMBL283480,O=C1NCN(c2ccccc2)C12CCN(C1CCc3c(Cl)ccc(Cl)c3C1)CC2,7.36
OPRK1,CHEMBL568071,CCN(CCCCN(CC)Cc1cc2c(cc1O)[C@@]13CCCC[C@H]1[C@@H](C2)N(CC1CCC1)CC3)Cc1cc2c(cc1O)[C@@]13CCCC[C@H]1[C@@H](C2)N(CC1CCC1)CC3,7.36
OPRK1,CHEMBL2387191,CC(C1CCCCC1)N1CCC(N2C(=O)Cc3ccccc32)CC1,7.36
OPRK1,CHEMBL2387197,CCC1C(=O)N(C2CCN(C3CCCCCCC3)CC2)c2ccccc21,7.36
OPRK1,CHEMBL3704620,CS(=O)(=O)NCCN1CCC[C@H]1Cc1nc2ccccc2n1[C@H]1C[C@H]2CCC[C@@H](C1)N2[C@@H]1C[C@@H]2CCCC[C@@H](C2)C1,7.36
OPRK1,CHEMBL4113890,COc1ccc2c3c1O[C@H]1[C@@]4(OC)CC[C@@]5(C[C@@H]4COCc4ccccc4)[C@@H](C2)N(Cc2nn[nH]n2)CC[C@]315,7.36
OPRK1,CHEMBL4102256,C=CCN(CCc1ccc(O)cc1)CCc1cccc(O)c1.Cl,7.36
OPRK1,CHEMBL4440537,CCOc1ccc(CN2CCc3ccccc3C2)cc1CNC(=O)[C@@H](N)Cc1c(C)cc(O)cc1C.O=C(O)C(F)(F)F,7.36
OPRK1,CHEMBL5083183,CCC(=O)N(c1ccc(Cl)c(Cl)c1)C1CCN(C(=O)[C@H](Cc2ccccc2)NC(=O)CNC(=O)[C@@H](C)NC(=O)[C@@H](N)Cc2ccc(O)cc2)CC1,7.36
OPRK1,CHEMBL6067760,CC1(C)[C@H]2CC[C@@H](CCN3[C@@H]4CCC[C@H]3C[C@@H](n3c(=O)c(P(=O)(O)O)nc5ccccc53)C4)[C@@H]1C2,7.36
OPRK1,CHEMBL6149500,COc1ccc2c3c1O[C@H]1[C@@]4(OC)C=C[C@@]5(C[C@@H]4C(=O)c4cccc(NC(=O)Cc6ccccc6)c4)[C@@H](C2)N(CC2CC2)CC[C@]315,7.36
OPRK1,CHEMBL112656,CN1CCC23c4c5ccc(O)c4OC2c2nc(-c4ccccc4)ncc2CC3(O)C1C5,7.35
OPRK1,CHEMBL436273,Oc1ccc2c3c1O[C@H]1c4[nH]cc(-c5ccccc5)c4C[C@@]4(O)C(C2)N(CC2CC2)CC[C@]314,7.35
OPRK1,CHEMBL2113301,COc1ccccc1/C=C/C(=O)NC[C@H]1C[C@@]23CC[C@@]1(OC)[C@@H]1Oc4c(OC)ccc5c4[C@@]12CCN(C)[C@@H]3C5,7.35
OPRK1,CHEMBL473272,CCCNCCN1CN(c2ccccc2)C2(CCN(C3CCC(C)(C)c4ccccc43)CC2)C1=O,7.35
OPRK1,CHEMBL474092,CC1(C)CCC(N2CCC3(CC2)C(=O)N(CCNC2CCC2)CN3c2ccccc2)c2ccccc21,7.35
OPRK1,CHEMBL593824,CCCC(C)CN1CCC(c2ccc(C(O)(CC)CC)cc2)(c2cccc(C(N)=O)c2)CC1,7.35
OPRK1,CHEMBL1704988,Cc1ccnc2c1n1cccc1c(=O)n2CC(=O)NCCCN1CCN(c2ccc3c(c2)OCO3)CC1,7.35
OPRK1,CHEMBL1921843,NC(=O)c1ccc(Oc2ccc(CN3CCC[C@@H]3c3cccnc3)cc2)c(Cl)c1,7.35
OPRK1,CHEMBL3597073,CC(C)C[C@H](NC(=O)[C@H](CO[C@@H]1O[C@H](CO)[C@@H](O)[C@H](O)[C@H]1O)NC(=O)[C@H](CCCCN)NC(=O)[C@H](CC(C)C)NC(=O)[C@H](C)NC(=O)[C@H](CCCCN)NC(=O)[C@H](CCC(=O)O)NC(=O)C(C)(C)NC(=O)[C@H](CC(C)C)NC(=O)[C@H](CC(N)=O)NC(=O)[C@@H]1CCCN1C(=O)CNC(=O)[C@H](Cc1ccccc1)N(C)C(=O)CNC(=O)[C@@H](C)NC(=O)[C@@H](N)Cc1ccc(O)cc1)C(N)=O,7.35
OPRK1,CHEMBL5994153,COC1CN(c2nc3ccccc3cc2-c2nc(C)no2)CCC1NCC(C)C,7.35
OPRK1,CHEMBL5869729,Cc1nc(-c2cc3ccc(F)c(C)c3nc2N2CCC(NC3CCCC3)CC2)no1,7.35
OPRK1,CHEMBL6065370,Cc1noc(-c2cc3ccc(Cl)cc3nc2N2CCC(NCC(C)C)CC2)n1,7.35
OPRK1,CHEMBL5882410,CN(C)[C@H](CNC(=O)NCCc1ccccc1)Cc1ccc(O)cc1,7.35
OPRK1,CHEMBL146884,O=C1CCN(C(=O)Cc2ccc(Cl)c(Cl)c2)C(CN2CCCC2)C1,7.34
OPRK1,CHEMBL412324,CC(C)C[C@H](NC(=O)[C@H](CCCN=C(N)N)NC(=O)[C@H](CCCN=C(N)N)NC(=O)[C@H](CC(C)C)NC(=O)[C@H](Cc1ccccc1)NC(=O)CNC(=O)[C@H](C)NC(=O)[C@@H](N)Cc1ccc(O)cc1)C(N)=O,7.34
OPRK1,CHEMBL197917,O=C(Nc1ccccc1)N1CCC(c2ccccc2)(c2nccn2Cc2ccccn2)CC1,7.34
OPRK1,CHEMBL236170,NC(=O)c1ccc(Oc2ccc(CCCNCc3ccccc3)cc2)nc1,7.34
OPRK1,CHEMBL410907,CN1CC[C@]23c4c5ccc(O)c4O[C@H]2CC=C[C@H]3[C@H]1C5,7.34
OPRK1,CHEMBL464250,C=CCN1CC[C@]23c4c5ccc(C(N)=O)c4O[C@H]2C(=O)CC[C@@]3(O)[C@H]1C5,7.34
OPRK1,CHEMBL1257348,COc1cccc([C@@H](C)N2[C@@H]3CC[C@H]2C[C@H](Oc2cccc(C(N)=O)c2)C3)c1,7.34
OPRK1,CHEMBL1834415,CO[C@]12CC[C@@]3(C[C@@H]1[C@@](C)(O)C(C)(C)C)[C@H]1Cc4c(Cl)cc(O)c5c4[C@@]3(CCN1CC1CC1)[C@H]2O5,7.34
OPRK1,CHEMBL4107470,COc1ccc2c3c1O[C@H]1[C@@]4(OC)CC[C@@]5(C[C@@H]4CSc4nc6ccccc6s4)[C@@H](C2)N(C)CC[C@]315,7.34
OPRK1,CHEMBL4574998,Cc1cc(O)cc(C)c1C[C@H](N)C(=O)N[C@@H]1CCN(S(C)(=O)=O)c2ccc(Cc3ccc4c(c3)OCCO4)cc21.O=C(O)C(F)(F)F,7.34
OPRK1,CHEMBL4851681,COc1ccc2c3c1O[C@H]1[C@@]4(OC)CC[C@@]5(C[C@@H]4c4cccc(NCc6ccc(C)cc6)c4)[C@@H](C2)N(CC2CC2)CC[C@]315,7.34
OPRK1,CHEMBL5892927,C/C(N)=C/C(=C(\N)N1CC[C@@H](NC2CCCCC2)[C@H](O)C1)c1nc(C)no1,7.34
OPRK1,CHEMBL5808640,Cc1cc(-c2nc(C)no2)c(N2CC[C@@H](NC3CCCCC3)[C@H](O)C2)nn1,7.34
OPRK1,CHEMBL6055529,CN(C)C(CNC(=O)NC(C)(C)Cc1ccsc1)Cc1ccc(O)cc1,7.34
OPRK1,CHEMBL5987534,C[C@@H](Cc1ccsc1)NC(=O)NC[C@H](Cc1cccc(O)c1)N(C)C,7.34
OPRK1,CHEMBL6168343,COc1ccc2c3c1O[C@H]1[C@@]4(OC)C=C[C@@]5(C[C@@H]4C(=O)c4cccc(NC(=O)c6ccc(C)c(C)c6)c4)[C@@H](C2)N(CC2CC2)CC[C@]315,7.34
OPRK1,CHEMBL26999,O=C1NCN(c2ccccc2)C12CCN(C1CCc3ccccc3C1)CC2,7.33
OPRK1,CHEMBL418020,O=C1NCN(c2ccccc2)C12CCN([C@@H]1CCc3c(Cl)ccc(Cl)c3C1)CC2,7.33
OPRK1,CHEMBL27716,O=C1NCN(c2ccccc2)C12CCN([C@@H]1CCCc3ccccc31)CC2,7.33
OPRK1,CHEMBL359557,CC(=O)NCc1ccc(CC(=O)N(C)[C@H](CN2CCCC2)c2ccccc2)cc1,7.33
OPRK1,CHEMBL242967,O=c1[nH]c2cc3c(cc2o1)[C@@]12CCCC[C@H]1[C@@H](C3)N(CC1CC1)CC2,7.33
OPRK1,CHEMBL511795,NC(=O)c1ccc2c3c1O[C@H]1c4[nH]c5ccccc5c4C[C@@]4(O)[C@@H](C2)N(CC2CC2)CC[C@]314,7.33
OPRK1,CHEMBL513990,O=C(O[C@@]12CCC(=O)[C@@H]3Oc4c(O)ccc5c4[C@@]31CCN(CC1CC1)[C@@H]2C5)c1ccc2ccccc2c1,7.33
OPRK1,CHEMBL1729698,Cc1ccc(S(=O)(=O)N2CCc3cc(C(=O)NCCN(Cc4ccccc4)C(C)C)ccc3C2)cc1,7.33
OPRK1,CHEMBL3086745,Cl.O=C(O[C@@]12CCC(=O)[C@@H]3Oc4c(O)ccc5c4[C@@]31CCN(CC1CC1)[C@@H]2C5)c1ccc2ccccc2c1,7.33
OPRK1,CHEMBL3808523,Cc1cc(O)cc(C)c1C[C@H](N)C(=O)N[C@H](CCCNC(=N)N)C(=O)N[C@H]1Cc2ccccc2CN(CCC(=O)N[C@@H](CCCNC(=N)N)C(=O)N[C@@H](Cc2ccc(O)cc2)C(=O)N[C@@H](Cc2ccc(O)cc2)C(=O)N[C@@H](CCCNC(=N)N)C(=O)N[C@@H](Cc2c[nH]c3ccccc23)C(=O)N[C@@H](CCCNC(=N)N)C(N)=O)C1=O,7.33
OPRK1,CHEMBL3698877,CCOC(=O)c1nc2ccccc2n([C@H]2C[C@H]3CCC[C@@H](C2)N3C2CCCCCCC2)c1=O,7.33
OPRK1,CHEMBL3695270,COc1ccc(Nc2nc3ccccc3n(C3CCN(C4CCCCCCC4)CC3)c2=O)cn1,7.33
OPRK1,CHEMBL4106700,COCCOCCOCCOCCOCCOC[C@H]1C[C@@]23CC[C@]1(OC)[C@@H]1Oc4c(OC)ccc5c4[C@@]12CCN(CC1CC1)[C@@H]3C5,7.33
OPRK1,CHEMBL4109389,COCCOCCOCCOc1ccc(COC[C@H]2C[C@@]34CC[C@]2(OC)[C@@H]2Oc5c(OC)ccc6c5[C@@]23CCN(CC2CC2)[C@@H]4C6)cc1,7.33
OPRK1,CHEMBL4539430,Cc1cc(O)cc(C)c1C[C@H](N)C(=O)N[C@@H]1CSCc2ccccc2CSC[C@@H](NC(=O)[C@@H](N)Cc2c(C)cc(O)cc2C)C(=O)NCC(=O)N[C@@H](Cc2ccc(F)cc2)C(=O)NNC(=O)[C@H](Cc2ccc(F)cc2)NC(=O)CNC1=O.O=C(O)C(F)(F)F.O=C(O)C(F)(F)F,7.33
OPRK1,CHEMBL4858515,COc1ccc2c3c1O[C@H]1[C@@]4(OC)CC[C@@]5(C[C@@H]4c4cccc(NC(=O)c6ccccc6)c4)[C@@H](C2)N(CC2CC2)CC[C@]315,7.33
OPRK1,CHEMBL5081245,CCC(=O)N(c1ccc(Cl)c(Cl)c1)C1CCN(C(=O)[C@H](Cc2ccc(Cl)cc2)NC(=O)CNC(=O)[C@@H](C)NC(=O)[C@@H](N)Cc2ccc(O)cc2)CC1,7.33
OPRK1,CHEMBL5939342,CCc1noc(-c2cc3cc(C)ccc3nc2N2CCC(NC3CCOCC3)CC2)n1,7.33
OPRK1,CHEMBL5895346,Cc1cc(-c2noc(C)n2)c(N2CCC(NC3CCCC[C@@H]3O)CC2)nn1,7.33
OPRK1,CHEMBL5813515,CN(C)CCCC1(c2ccc(F)cc2)OCc2cc(-c3ncc[nH]3)ccc21,7.33
OPRK1,CHEMBL5797861,CN(CCCl)C(CNC(=O)NCCc1ccccc1)Cc1ccc(O)cc1,7.33
OPRK1,CHEMBL6143795,C/C=C1/CN2CC[C@]34c5cc(Br)ccc5NC3C(C(=O)OC)[C@H]1C[C@H]24,7.33
OPRK1,CHEMBL283617,O=C1NCN(c2ccccc2)C12CCN(C1CCc3cccc(Cl)c3C1)CC2,7.32
OPRK1,CHEMBL369720,COc1ccc(C(=O)NCC(=O)N(C)[C@H](CN2CC[C@@H](O)C2)c2ccccc2)cc1,7.32
OPRK1,CHEMBL468182,C[C@H]1C2Cc3cc4ncnc(NCc5ccccc5)c4cc3[C@@]1(C)CCN2CC1CC1,7.32
OPRK1,CHEMBL476603,O=C(O[C@@]12CCC(=O)[C@@H]3Oc4c(O)ccc5c4[C@@]31CCN(CC1CC1)[C@@H]2C5)c1cccnc1,7.32
OPRK1,CHEMBL474485,CNCCN1CN(c2ccccc2)C2(CCN(C3CCC(C)(C)c4ccccc43)CC2)C1=O,7.32
OPRK1,CHEMBL3086758,Cl.O=C(O[C@@]12CCC(=O)[C@@H]3Oc4c(O)ccc5c4[C@@]31CCN(CC1CC1)[C@@H]2C5)c1cccnc1,7.32
OPRK1,CHEMBL3622714,C=CC[C@]1(COC)C[C@@H](C(=O)OC)[C@]2(C)CC[C@H]3C(=O)O[C@H](c4ccoc4)C[C@]3(C)[C@H]2C1=O,7.32
OPRK1,CHEMBL3634252,CC(=O)N1CC[C@@H](NC(=O)[C@@H](N)Cc2c(C)cc(O)cc2C)c2cc(Cc3ccc4ccccc4c3)ccc21,7.32
OPRK1,CHEMBL5985944,CO[C@@H]1CN(c2nc(C)c(C)cc2-c2nc(C)no2)CC[C@@H]1NC1CCCCC1,7.32
OPRK1,CHEMBL5791188,Cc1ccc2nc(N3CCC(NC[C@@H](C)O)CC3)c(-c3nc(C)no3)cc2c1,7.32
OPRK1,CHEMBL5961588,CO[C@H]1CN(c2nc3ccc(C)cc3cc2-c2ccc(C)o2)CC[C@H]1NC1CCCCC1,7.32
OPRK1,CHEMBL6008930,Cc1nc(-c2cc3cc(C)c(F)cc3nc2N2CCC(NC3CCCC[C@@H]3O)CC2)no1,7.32
OPRK1,CHEMBL6167472,NC(=O)c1cccc(CCN(CCc2ccccc2)CC2CCC2)c1,7.32
OPRK1,CHEMBL6152717,O=c1[nH]c2ccc(CCN(CCc3ccccc3)CC3CCC3)cc2[nH]1,7.32
OPRK1,CHEMBL305552,COc1ccc(-c2cccn(C(CN3CCCC3)c3ccccc3)c2=O)cc1,7.31
OPRK1,CHEMBL146918,CNC(c1ccccc1)C(C)(C)C(=O)NCCc1ccccc1,7.31
OPRK1,CHEMBL25604,COc1cccc(CC(=O)N2CCN(C(C)=O)CC2CN2CC[C@H](O)C2)c1,7.31
OPRK1,CHEMBL197037,CC(=O)O[C@H]1C[C@@H](C(=O)O)[C@]2(C)CC[C@@H]3C(=O)O[C@H](c4ccoc4)C[C@]3(C)[C@H]2C1=O,7.31
OPRK1,CHEMBL515621,O=C(O[C@@]12CCC(=O)[C@@H]3Oc4c(O)ccc5c4[C@@]31CCN(CC1CC1)[C@@H]2C5)c1ccncc1,7.31
OPRK1,CHEMBL515091,CC1(C)CCC(N2CCC3(CC2)C(=O)N(CCNC2CCCC2)CN3c2ccccc2)c2ccccc21,7.31
OPRK1,CHEMBL1257821,Cc1ccc(CN2[C@@H]3CC[C@H]2C[C@H](Oc2cccc(C(N)=O)c2)C3)cc1,7.31
OPRK1,CHEMBL2179654,CN1CC[C@]23c4c5ccc(O)c4O[C@H]2c2ncc(-c4ccc(Cl)cc4)cc2C[C@@]3(OCc2ccccc2)[C@H]1C5,7.31
OPRK1,CHEMBL3086759,Cl.O=C(O[C@@]12CCC(=O)[C@@H]3Oc4c(O)ccc5c4[C@@]31CCN(CC1CC1)[C@@H]2C5)c1ccncc1,7.31
OPRK1,CHEMBL3309508,CN1C(=O)[C@H](CCO)CC2=C1[C@@H]1Oc3c(O)ccc4c3[C@@]13CCN(C)[C@H](C4)[C@]3(O)C2,7.31
OPRK1,CHEMBL3698793,O=C(N[C@H](C(=O)O)c1ccccc1)c1nc2ccccc2n([C@H]2C[C@H]3CC[C@@H](C2)N3C2CCCCCCC2)c1=O,7.31
OPRK1,CHEMBL4081053,O=C1/C(=C/c2cccc(F)c2)C[C@@]2(O)[C@H]3Cc4ccc(O)c5c4[C@@]2(CCN3CC2CC2)[C@H]1O5,7.31
OPRK1,CHEMBL4238289,COc1ccc(C(=O)[C@@]2(C)C[C@@]34CC[C@]2(OC)[C@@H]2Oc5c(OC)ccc6c5[C@@]23CCN(CC2CC2)[C@@H]4C6)cc1,7.31
OPRK1,CHEMBL4756256,CN(C)CC1CN(C(=O)Nc2ccccc2)CCC1(O)c1ccccc1.Cl,7.31
OPRK1,CHEMBL4858270,COc1ccc2c3c1O[C@H]1[C@@]4(OC)CC[C@@]5(C[C@@H]4c4cccc(NCc6ccc([N+](=O)[O-])cc6)c4)[C@@H](C2)N(CC2CC2)CC[C@]315,7.31
OPRK1,CHEMBL5288483,C/C=C1\CN2CC[C@@]34c5ccccc5N(Cc5ccccc5)[C@]35OC[C@@]4(C(=O)OC)[C@H]1C[C@H]25,7.31
OPRK1,CHEMBL5768765,Cc1noc(-c2cc(Br)cnc2N2CC[C@@H](NC3CCCCC3)[C@H](O)C2)n1,7.31
OPRK1,CHEMBL5766626,Cc1ccc2nc(N3CCC(NC4CC5CCC4C5)CC3)c(-c3nc(C)no3)cc2c1,7.31
OPRK1,CHEMBL5905487,CO[C@H]1CN(c2ncc(C)cc2-c2noc(C)n2)CC[C@H]1NC1CCCCC1,7.31
OPRK1,CHEMBL5741583,Cc1noc(-c2cc3c(F)cccc3nc2N2CCC(NCC(C)C)CC2)n1,7.31
OPRK1,CHEMBL356889,Oc1ccc2c(c1)[C@@]13CCCC[C@H]1[C@@H](C2)N(CCCCCCN1CC[C@]24CCCC[C@H]2[C@H]1Cc1ccc(O)cc14)CC3,7.3
OPRK1,CHEMBL312021,O=C1NCN(c2cccc(Cl)c2)C12CCN(C1Cc3cccc4cccc1c34)CC2,7.3
OPRK1,CHEMBL218404,C[C@H]1CN2CCN(C(=O)c3ccccc3)C[C@H]2C[C@@]1(C)c1cccc(O)c1,7.3
OPRK1,CHEMBL392893,CC(c1ccccc1)N1CCC2(CC1)C(=O)NCN2c1ccccc1,7.3
OPRK1,CHEMBL500122,COC(=O)[C@@H]1C[C@H](OS(=O)(=O)c2ccc(C)cc2)C(=O)[C@H]2[C@@]1(C)CC[C@H]1C(=O)O[C@H](c3ccoc3)C[C@]21C,7.3
OPRK1,CHEMBL3330676,COC(=O)[C@@H]1C[C@H](OC(=O)/C=C/c2ccc3c(c2)OCO3)C(=O)[C@H]2[C@@]1(C)CC[C@H]1C(=O)O[C@H](c3ccoc3)C[C@]21C,7.3
OPRK1,CHEMBL3326354,C[C@@]1(c2cccc(O)c2)O[C@H]2CO[C@@H]3N2[C@H]1O[C@]3(C)c1cccc(O)c1,7.3
OPRK1,CHEMBL3824052,CCCC(=O)N1CC[C@@H](NC(=O)[C@@H](N)Cc2c(C)cc(O)cc2C)c2cc(Cc3ccccc3)ccc21,7.3
OPRK1,CHEMBL3698907,O=C(NC(Cc1ccccc1)C(=O)O)c1nc2ccccc2n([C@H]2C[C@H]3CC[C@@H](C2)N3C2CCCCCCC2)c1=O,7.3
OPRK1,CHEMBL3704632,c1ccc2c(c1)nc(C[C@@H]1COCCN1)n2[C@H]1C[C@H]2CCC[C@@H](C1)N2[C@@H]1C[C@@H]2CCCC[C@@H](C2)C1,7.3
OPRK1,CHEMBL4100317,COc1ccc(C(=O)NCC2NCCc3ccccc32)cc1,7.3
OPRK1,CHEMBL4076303,CN1CCC23c4cc(O)ccc4CC1C21CCC2C3[C@@H](CN2C(=O)c2ccccc2)O1,7.3
OPRK1,CHEMBL4469788,COc1ccc2c3c1O[C@H]1[C@@]4(OC)CC[C@@]5(C[C@@H]4c4ccc(N6CCN(CC7CC7)CC6)cc4)[C@@H](C2)N(CC2CC2)CC[C@]315,7.3
OPRK1,CHEMBL4443946,CC[C@@H](NC(=O)[C@@H](N)Cc1c(C)cc(O)cc1C)c1cccc(Cc2ccccc2)c1.O=C(O)C(F)(F)F,7.3
OPRK1,CHEMBL5406584,COC(=O)[C@@H]1C[C@H](OC(=O)C2=Cc3ccccc3C2)C(=O)[C@H]2[C@@]1(C)CC[C@H]1C(=O)O[C@H](c3ccoc3)C[C@]21C,7.3
OPRK1,CHEMBL6048489,Cc1ccc2nc(N3CCC(NC4CC(C)OC(C)C4)CC3)c(-c3nc(C)no3)cc2c1,7.3
OPRK1,CHEMBL5766136,Cc1ccc2nc(N3CCC(NC4CCC[C@@H]4O)CC3)c(-c3noc(C)n3)cc2c1,7.3
OPRK1,CHEMBL6191731,COc1cc(CNCCc2ccccc2)ccc1Oc1ccc(C(N)=O)cn1,7.3
OPRK1,CHEMBL75802,Cc1cc(O)cc(C)c1C[C@H](N)C(=O)N1Cc2ccccc2C[C@H]1C/N=C(/S)Nc1ccccc1,7.29
OPRK1,CHEMBL1257853,COC(=O)[C@@H]1CCC(=O)[C@H]2[C@@]1(C)CC[C@H]1C(=O)O[C@H](c3ccoc3)C[C@]21C,7.29
OPRK1,CHEMBL1814705,Oc1cccc2c1O[C@@H]1CN(CCc3ccccc3)[C@@H]3CCC[C@]21C3,7.29
OPRK1,CHEMBL6067672,c1ccc2c(c1)nc(-c1cc[nH]n1)n2[C@H]1C[C@H]2CCC[C@@H](C1)N2[C@@H]1C[C@@H]2CCC[C@@H](C2)C1,7.29
OPRK1,CHEMBL4108359,COc1ccc2c3c1O[C@H]1[C@@]4(OC)CC[C@@]5(C[C@@H]4C(NC(C(=O)O)c4ccccc4)c4ccccc4)[C@@H](C2)N(CC2CC2)CC[C@]315,7.29
OPRK1,CHEMBL4111763,COc1ccc2c3c1O[C@H]1[C@@]4(OC)CC[C@@]5(C[C@@H]4CNCC(=O)O)[C@@H](C2)N(CC2CC2)CC[C@]315,7.29
OPRK1,CHEMBL4112615,CC12C[C@H]3C[C@@H](N4[C@@H]5CCC[C@H]4C[C@@H](n4c(=O)c(N6CCC[C@H]6C(=O)O)nc6ccccc64)C5)C[C@@H]1C[C@@H]2C3,7.29
OPRK1,CHEMBL4750644,CC[C@H](C)[C@H](NC(=O)[C@H](CCCNC(=N)N)NC(=O)[C@H](CC(C)C)NC(=O)[C@H](Cc1ccccc1)NC(=O)CNC(=O)CNC(=O)[C@H](Cc1ccc(O)cc1)NC(C)=O)C(=O)N[C@@H](CCCNC(=N)N)C(N)=O,7.29
OPRK1,CHEMBL4850589,COc1ccc2c3c1O[C@H]1[C@@]4(OC)CC[C@@]5(C[C@@H]4c4cccc(NCc6ccc(C(F)(F)F)cc6)c4)[C@@H](C2)N(CC2CC2)CC[C@]315,7.29
OPRK1,CHEMBL5171745,NC(=O)[C@@H]1CC(=O)NCCCC[C@@H](NC(=O)[C@@H](N)Cc2ccc(O)cc2)C(=O)N[C@@H](Cc2c[nH]c3ccccc23)C(=O)N[C@@H](Cc2ccccc2)C(=O)N1,7.29
OPRK1,CHEMBL5404274,CC(C)[C@H]1CC[C@@H](N2CCC(n3c(CCO)cc4ccccc43)CC2)CC1,7.29
OPRK1,CHEMBL5612346,Brc1cccc(CCc2nnc(-c3ccccn3)n2Cc2cccs2)c1,7.29
OPRK1,CHEMBL5960909,Cc1ccc2nc(N3CCC(NC4CCC(O)CC4)CC3)c(-c3nc(C)no3)cc2c1,7.29
OPRK1,CHEMBL5889040,CN(C)[C@H](CNC(=O)NC1Cc2ccccc2C1)Cc1ccc(O)cc1,7.29
OPRK1,CHEMBL543780,CN(C(=S)Cc1cccc2sccc12)[C@@H]1CCCC[C@H]1N1CCCC1.Cl,7.28
OPRK1,CHEMBL15428,COc1ccc(Cl)cc1-c1cccn(C(CN2CCC(O)C2)c2ccccc2)c1=O,7.28
OPRK1,CHEMBL285377,O=C1N(Cc2ccccc2)CN(c2ccccc2)C12CCN(C1CCc3c(Cl)ccc(Cl)c3C1)CC2,7.28
OPRK1,CHEMBL316699,O=C1Cc2ccccc2N1C1CCN(C2CCC3CCCCC3C2)CC1,7.28
OPRK1,CHEMBL382497,CC(=O)Nc1ccc2c(c1)CC(C(=O)N(C)[C@H](CN1CC[C@H](O)C1)c1ccccc1)O2,7.28
OPRK1,CHEMBL390911,Nc1nc2cc3c(cc2o1)[C@@]12CCCC[C@H]1[C@@H](C3)N(CC1CC1)CC2,7.28
OPRK1,CHEMBL240215,O=C1NCN(c2ccccc2)C12CCN(Cc1c(Cl)cccc1Cl)CC2,7.28
OPRK1,CHEMBL512526,COc1ccc2c3c1O[C@H]1C(=O)CC[C@@]4(OC(=O)/C=C/c5ccc(Cl)cc5)[C@@H](C2)N(CC2CC2)CC[C@]314,7.28
OPRK1,CHEMBL1081093,CCCCCCCCCCOc1ccc2c(c1)[C@@]13CCCC[C@H]1[C@@H](C2)N(CC1CCC1)CC3,7.28
OPRK1,CHEMBL1728229,CC[C@@](C)(C(=O)Nc1ccc(Br)cc1)N(Cc1ccco1)C(=O)c1ccccn1,7.28
OPRK1,CHEMBL1818231,O=S(=O)(c1ncccc1-c1ccc(CN2C[C@@H]3CCC[C@H]2C3)cc1)N1CCCC1,7.28
OPRK1,CHEMBL3597152,CC(C)C[C@H](NC(=O)[C@H](CO[C@@H]1O[C@H](CO)[C@@H](O[C@@H]2O[C@H](CO)[C@@H](O)[C@H](O)[C@H]2O)[C@H](O)[C@H]1O)NC(=O)[C@H](CCCCN)NC(=O)[C@H](CC(C)C)NC(=O)[C@H](C)NC(=O)[C@H](CCCCN)NC(=O)[C@H](CCC(=O)O)NC(=O)C(C)(C)NC(=O)[C@H](CC(C)C)NC(=O)[C@H](CC(N)=O)NC(=O)CCCNC(=O)[C@H](CC(C)C)NC(=O)[C@H](Cc1ccccc1)NC(=O)CNC(=O)[C@@H](NC(=O)[C@@H](N)Cc1ccc(O)cc1)[C@@H](C)O)C(N)=O,7.28
OPRK1,CHEMBL4115057,COc1ccc2c3c1O[C@H]1[C@@]4(OC)CC[C@@]5(C[C@@H]4C(NCC(=O)O)c4ccccc4)[C@@H](C2)N(CC2CC2)CC[C@]315,7.28
OPRK1,CHEMBL4550332,CC(=O)N1CC[C@@H](NC(=O)[C@@H](N)Cc2c(C)cc(O)cc2C)c2cc(Cc3cnc4ccccc4c3)ccc21.O=C(O)C(F)(F)F,7.28
OPRK1,CHEMBL5206165,COc1cccc(C(=O)[C@]2(C)C[C@@]34CC[C@]2(OC)[C@@H]2Oc5c(OC)ccc6c5[C@@]23CCN(CC2CC2)[C@@H]4C6)c1,7.28
OPRK1,CHEMBL3349607,NCCCC[C@@H]1NC(=O)[C@@H](Cc2c[nH]c3ccccc23)NC(=O)[C@H](c2ccccc2)NC(=O)[C@@H]2C[C@@H](OC(=O)NCCN)CN2C(=O)[C@H](Cc2ccccc2)NC(=O)[C@H](Cc2ccc(OCc3ccccc3)cc2)NC1=O,7.28
OPRK1,CHEMBL5864064,COC(=O)c1cc(Cl)cnc1N1CCC(NC2CCCCC2)C(O)C1,7.28
OPRK1,CHEMBL5859114,CCOC(=O)c1cc(Br)cnc1N1CCC(NC2CCCCC2)C(CO)C1,7.28
OPRK1,CHEMBL5974855,COC(=O)c1cc(I)cnc1N1CCC(NC2CCCC2)C(CO)C1,7.28
OPRK1,CHEMBL5788343,Cc1noc(-c2cc3ccccc3nc2N2CCC(NC3CCCCC3)C(F)C2)n1,7.28
OPRK1,CHEMBL5830353,Cc1ccc2nc(N3CCC(NC4CCCCC4)C3)c(-c3nc(C)no3)cc2c1,7.28
OPRK1,CHEMBL6143028,c1ccc(CCN(CCc2ccc3nn[nH]c3c2)CC2CCC2)cc1,7.28
OPRK1,CHEMBL6150527,Cn1ccc(CCN(CCc2ccc3nc[nH]c3c2)CC2CCC2)n1,7.28
OPRK1,CHEMBL515142,CCNCCN1CN(c2ccccc2)C2(CCN(Cc3c(Cl)cccc3Cl)CC2)C1=O,7.27
OPRK1,CHEMBL216251,COc1ccc2c3c1O[C@H]1C(=O)CC[C@@]4(NC/C=C/c5ccc(Cl)cc5)[C@@H](C2)N(CC2CC2)CC[C@]314,7.27
OPRK1,CHEMBL566128,CCN(CCCCCCN(CC)Cc1cc2c(cc1O)[C@@]13CCCC[C@H]1[C@@H](C2)N(CC1CCC1)CC3)Cc1cc2c(cc1O)[C@@]13CCCC[C@H]1[C@@H](C2)N(CC1CCC1)CC3,7.27
OPRK1,CHEMBL1818237,CC(C)CNCc1ccc(-c2ccccc2S(=O)(=O)N2CCCC2)cn1,7.27
OPRK1,CHEMBL1818230,CC(C)CNCc1ccc(-c2cccnc2S(=O)(=O)N2CCCC2)cc1,7.27
OPRK1,CHEMBL1921846,NC(=O)c1ccc(Oc2ccc(CN3CCC[C@@H]3c3cccc(F)c3)cc2)c(F)c1,7.27
OPRK1,CHEMBL2322562,Cc1cc(O)cc(C)c1C[C@H](N)C(=O)N[C@@H]1CCNc2ccc(Cc3ccc4ccccc4c3)cc21,7.27
OPRK1,CHEMBL2418572,C[C@H]1CC[C@@]2(c3cccc(O)c3)CCN(CCc3ccccc3)[C@@H]1C2,7.27
OPRK1,CHEMBL3104102,Cc1cc(O)cc(C)c1C[C@H](N)C(=O)N1CCN(C/C=C\Cc2ccccc2)CC1,7.27
OPRK1,CHEMBL3359282,COC(=O)[C@@H]1C[C@H](OC(C)=O)C(=O)[C@H]2[C@@]1(C)CC[C@H]1C(=O)O[C@H](c3ccoc3-c3ccc(F)cc3)C[C@]21C,7.27
OPRK1,CHEMBL5573639,COc1ccc2c3c1O[C@H]1[C@@]4(OC)CC[C@@]5(C[C@@H]4c4ccccc4NC(=O)c4ccc(C)c(C)c4)[C@@H](C2)N(CC2CC2)CC[C@]315,7.27
OPRK1,CHEMBL5784427,COC(=O)c1cc(Br)cnc1N1CCC(NC2CCOCC2)C(O)C1,7.27
OPRK1,CHEMBL5981809,Cc1cnc(N2CC[C@@H](NC3CCCCC3)[C@H](O)C2)c(-c2nc(C)no2)c1,7.27
OPRK1,CHEMBL6030908,COC1CN(c2nc3ccccc3cc2-c2cccnn2)CCC1NC1CCCCC1,7.27
OPRK1,CHEMBL6002907,CO[C@H]1CN(c2nc3cc(F)c(C)cc3cc2-c2nc(C)no2)CC[C@H]1NC1CCCCC1,7.27
OPRK1,CHEMBL1790761,CC[C@@H](C)[C@@H](NC(=O)CNC(=O)[C@@H](N)Cc1ccc(O)cc1)C(=O)N[C@@H](Cc1ccccc1)C(=O)N[C@@H](CC(C)C)C(=O)N[C@@H](CCCN=C(N)N)C(=O)N[C@@H](CCCN=C(N)N)C(=O)N[C@H](C(=O)N[C@@H](CCCN=C(N)N)C(=O)N1CCC[C@@H]1C(=O)N[C@@H](CCCCN)C(N)=O)[C@@H](C)CC,7.26
OPRK1,CHEMBL101676,O=C1Cc2ccccc2N1C1CCN(C2CCc3ccccc3C2)CC1,7.26
OPRK1,CHEMBL381117,O=C(O)C(O)c1ccccc1.Oc1ccc2c(c1)[C@]13CCCCC1[C@H](C2)N(CC1CCC1)CC3,7.26
OPRK1,CHEMBL458890,COC(=O)[C@@H]1C[C@H](OC(C)=O)C(=O)[C@H]2[C@@]1(C)CC[C@H]1C(=O)O[C@H](C(=O)O)C[C@]21C,7.26
OPRK1,CHEMBL3664216,COC(=O)[C@@H]1C[C@H](OC(C)=O)C(=O)[C@H]2[C@@]1(C)CCC1C(=O)O[C@H](C(=O)O)C[C@@]12C,7.26
OPRK1,CHEMBL5423808,COc1cccc(Cn2nc(CNCc3ccccc3Oc3ccccc3)c3c4cc(OC)c(OC)cc4c(-c4ccccc4Cl)nc32)c1,7.26
OPRK1,CHEMBL5579655,COc1ccc2c3c1O[C@H]1[C@@]4(OC)CC[C@@]5(C[C@@H]4c4ccccc4N)[C@@H](C2)N(CC2CC2)CC[C@]315,7.26
OPRK1,CHEMBL5613351,Cc1ccc(CCc2nnc(-c3ccccn3)n2Cc2cccnc2)cc1C(F)(F)F,7.26
OPRK1,CHEMBL6007387,Cc1ccc2nc(N3CCC(NC4CCCC4)CC3)c(-c3ccc(C)nn3)cc2c1,7.26
OPRK1,CHEMBL5927245,CO[C@@H]1CN(c2nc3cc(F)ccc3cc2-c2nc(C)no2)CC[C@@H]1NC1CCCCC1,7.26
OPRK1,CHEMBL5982951,CCc1cc(F)c2nc(N3CCC(NC4CCOCC4)CC3)c(C3=NOC(C)N3)cc2c1,7.26
OPRK1,CHEMBL5846961,Cc1cc(F)c2nc(N3CCC(N[C@H]4CCOC4)C[C@H]3C)c(-c3nc(C)no3)c(C)c2c1,7.26
OPRK1,CHEMBL5740466,Cc1cc(F)c2nc(N3CCC(N[C@@H]4CCOC4)C[C@H]3C)c(-c3nc(C)no3)c(C)c2c1,7.26
OPRK1,CHEMBL6031552,CCc1ccc2nc(N3CCC(NCC4(C)COC4)CC3)c(C3=NC(C)=NC3)cc2c1,7.26
OPRK1,CHEMBL6148741,c1ccc(CCN(CCc2ccc3nc[nH]c3n2)CC2CCC2)cc1,7.26
OPRK1,CHEMBL326962,O=C1NCN(c2ccccc2)C12CCN(Cc1ccc3c(c1)OCO3)CC2,7.25
OPRK1,CHEMBL278268,O=c1c(-c2ccccc2)cccn1C(CN1CCCC1)c1ccccc1,7.25
OPRK1,CHEMBL2113381,CCCCC(=O)N[C@@]12Cc3c([nH]c4ccccc34)[C@@H]3Oc4c(O)ccc5c4[C@@]31CCN(C)C2C5,7.25
OPRK1,CHEMBL330291,CN1C[C@@H]2CN(c3ccccc3)C3(CCN(C4CCCCCCCC4)CC3)[C@@H]2C1,7.25
OPRK1,CHEMBL364133,C=CCN(CC=C)C1CCc2ccc(O)cc2C1(C)C,7.25
OPRK1,CHEMBL218909,C[C@H]1CN2CCN(Cc3cccc(O)c3)C[C@H]2C[C@@]1(C)c1cccc(O)c1,7.25
OPRK1,CHEMBL210564,COC(=O)[C@@H]1C[C@H](OC(C)=O)C(=O)[C@H]2[C@@]1(C)CC[C@H]1C(=O)O[C@H](c3nc(C)no3)C[C@]21C,7.25
OPRK1,CHEMBL473701,CCN(CC)CCN1CN(c2ccccc2)C2(CCN(Cc3c(Cl)cccc3Cl)CC2)C1=O,7.25
OPRK1,CHEMBL511649,CC(=O)CN1CN(c2ccccc2)C2(CCN(C3CCC(C)(C)c4ccccc43)CC2)C1=O,7.25
OPRK1,CHEMBL3262546,CCC1C(=O)N(C2CCN(C3CCCc4ccccc43)CC2)c2ccccc21,7.25
OPRK1,CHEMBL3323516,O=C(Cc1ccc(Cl)c(Cl)c1)N1CCN(Cc2cnc[nH]2)C2CCCC(N3CCCC3)C21,7.25
OPRK1,CHEMBL3823787,Cc1cc(O)cc(C)c1C[C@H](N)C(=O)N[C@@H]1CCN(C(=O)C2CCC2)c2ccc(Cc3ccccc3)cc21,7.25
OPRK1,CHEMBL3695235,COc1ccc(NC(=O)c2nc3ccccc3n([C@@]3(C)C[C@H]4CC[C@@H](C3)N4C3CCCCCCC3)c2=O)cn1,7.25
OPRK1,CHEMBL4863358,COc1ccc2c3c1O[C@H]1[C@@]4(OC)CC[C@@]5(C[C@@H]4c4cccc(NCc6cccc(C)c6)c4)[C@@H](C2)N(CC2CC2)CC[C@]315,7.25
OPRK1,CHEMBL5072730,CC(=O)N[C@H]1Cc2ccc(cc2)OC/C=C/COc2cccc(c2)C[C@@H](C(=O)N[C@@H](Cc2ccccc2)C(=O)N[C@@H](CCCNC(=N)N)C(=O)N[C@@H](CC(C)C)C(=O)N[C@@H](CCCNC(=N)N)C(=O)N[C@@H](CCCNC(=N)N)C(=O)N[C@H](C)C(=O)N[C@@H](CCCNC(=N)N)C(=O)N2CCC[C@H]2C(=O)N[C@@H](CCCCN)C(N)=O)NC1=O,7.25
OPRK1,CHEMBL5665373,CC(C)C[C@H](NC(=O)[C@H](Cc1ccccc1)NC(=O)CNC(=O)CNC(=O)[C@@H](N)Cc1ccc(O)cc1)C(=O)N[C@@H](CCCNC(=N)N)C(=O)N[C@@H](CCCCN)C(=O)N[C@@H](Cc1ccc(O)cc1)C(=O)N1CCC[C@H]1C(=O)O,7.25
OPRK1,CHEMBL5941260,OCC1CN(c2nc3ccccc3cc2-c2ncccn2)CCC1NC1CCCCC1,7.25
OPRK1,CHEMBL147651,C[C@@H]1CCC[C@@H](CN2CCCC2)N1C(=O)Cc1ccc(Cl)c(Cl)c1,7.24
OPRK1,CHEMBL15462,O=C1COc2ccc(C(CN3CCCC3)n3cccc(-c4ccc(C(F)(F)F)cc4)c3=O)cc2N1,7.24
OPRK1,CHEMBL12391,CCC(=O)N(c1ccccc1)[C@H]1CCN(CCc2ccccc2)C[C@H]1C,7.24
OPRK1,CHEMBL189257,CN(C(=O)Cc1ccc(CN)cc1)[C@H](CN1CCCC1)c1ccccc1,7.24
OPRK1,CHEMBL196734,COCOC(=O)[C@@H]1C[C@H](OC(C)=O)C(=O)[C@H]2[C@@]1(C)CC[C@H]1C(=O)O[C@H](c3ccoc3)C[C@]21C,7.24
OPRK1,CHEMBL383094,CCCCCCCN1C[C@H](C)[C@](C)(c2cccc(O)c2)C[C@H]1CCC,7.24
OPRK1,CHEMBL219097,CC(C)[C@H]1CN2C[C@H](C)[C@](C)(c3cccc(O)c3)C[C@@H]2CN1,7.24
OPRK1,CHEMBL2113299,COc1ccc2c3c1O[C@H]1[C@]4(OC)CC[C@@]5(C[C@@H]4CNC(=O)/C=C/c4ccc([N+](=O)[O-])cc4)[C@@H](C2)N(C)CC[C@]315,7.24
OPRK1,CHEMBL3823186,CCC(=O)N1CC[C@@H](NC(=O)[C@@H](N)Cc2c(C)cc(O)cc2C)c2cc(Cc3ccc4ccccc4c3)ccc21,7.24
OPRK1,CHEMBL3695273,N[C@H]1CCN(c2nc3ccccc3n(C3CCN(C4CCCCCCC4)CC3)c2=O)C1,7.24
OPRK1,CHEMBL3678968,COc1ccc(COC[C@H]2C[C@@]34CC[C@]2(OC)[C@@H]2Oc5c(OC)ccc6c5[C@@]23CC[N+](C)(CC2CC2)[C@@H]4C6)cc1,7.24
OPRK1,CHEMBL4453526,CC(=O)N1CC[C@@H](NC(=O)[C@@H](N)Cc2c(C)cc(O)cc2C)c2cc(Cc3cc4ccccc4o3)ccc21.O=C(O)C(F)(F)F,7.24
OPRK1,CHEMBL4634862,Oc1ccc2c3c1O[C@H]1c4ncc(-c5ccccc5)cc4C[C@@]4(OCCCCc5ccccc5)[C@@H](C2)N(CC2CC2)CC[C@]314,7.24
OPRK1,CHEMBL5613092,Cc1ccc(CCc2nnc(-c3ncccn3)n2Cc2cccs2)cc1C(F)(F)F,7.24
OPRK1,CHEMBL5834296,COC(=O)c1cc(Br)cnc1N1CCC(NC2CCCCCC2)C(CO)C1,7.24
OPRK1,CHEMBL5759282,COC1CN(c2nc3ccccc3nc2-c2nc(C)no2)CCC1NC1CCCCC1,7.24
OPRK1,CHEMBL5849016,COC1CN(/C(N)=C(/C=C(/C)N)C(=O)OC(C)C)CCC1NCC(C)C,7.24
OPRK1,CHEMBL5895085,Cc1ccc2nc(N3CCC(N[C@H](C)C(C)C)CC3)c(-c3noc(C)n3)cc2c1,7.24
OPRK1,CHEMBL5826346,COC1CN(c2nnc(C)cc2C(=O)OC(C)C)CCC1NCC(C)C,7.24
OPRK1,CHEMBL3219943,COCO[C@H]1C[C@@H](C(=O)OC)[C@]2(C)CC[C@H]3C(=O)O[C@H](C(=O)N4CCCCC4)C[C@]3(C)[C@H]2C1=O,7.23
OPRK1,CHEMBL3597076,CC(C)C[C@H](NC(=O)[C@H](CO[C@@H]1O[C@H](CO)[C@@H](O)[C@H](O)[C@H]1O)NC(=O)[C@H](CCCCN)NC(=O)[C@H](CC(C)C)NC(=O)[C@H](C)NC(=O)[C@H](CCCCN)NC(=O)[C@H](CCC(=O)O)NC(=O)C(C)(C)NC(=O)[C@H](CC(C)C)NC(=O)[C@H](CC(N)=O)NC(=O)CNC(=O)CNC(=O)[C@H](Cc1ccccc1)N(C)C(=O)CNC(=O)[C@@H](C)NC(=O)[C@@H](N)Cc1ccc(O)cc1)C(N)=O,7.23
OPRK1,CHEMBL3704607,CCOC(=N)/N=c1\[nH]c2ccccc2n1C1CCN(C2CCCCCCC2)CC1,7.23
OPRK1,CHEMBL3704627,CS(=O)(=O)NCCN1CC[C@@H](Cc2nc3ccccc3n2[C@H]2C[C@H]3CCC[C@@H](C2)N3[C@@H]2C[C@@H]3CCCC[C@@H](C3)C2)C1,7.23
OPRK1,CHEMBL4530660,COc1ccc2c3c1O[C@H]1[C@@]4(OC)CC[C@@]5(C[C@@H]4c4ccc(NCCCN(C)C)cc4)[C@@H](C2)N(CC2CC2)CC[C@]315,7.23
OPRK1,CHEMBL5877278,COC1CCCCC1NC1CCN(c2nc3ccccc3cc2-c2nc(C)no2)CC1CO,7.23
OPRK1,CHEMBL6010892,Cc1noc(-c2cc3cc(F)ccc3nc2N2CC[C@@H](NC3CCCCC3)[C@H](O)C2)n1,7.23
OPRK1,CHEMBL2369391,CC(C)C[C@H](NC(=O)[C@H](Cc1ccccc1)NC(=O)[C@@H]1CCCN1C(=O)CNC(=O)[C@@H](N)Cc1ccc(O)cc1)C(=O)N[C@@H](CCCN=C(N)N)C(=O)N[C@@H](CCCN=C(N)N)C(N)=O,7.22
OPRK1,CHEMBL292724,CCCC(=O)N1CCN(C(=O)Cc2ccc(Cl)c(Cl)c2)C(CN2CCCC2)C1,7.22
OPRK1,CHEMBL3349984,C=CCO[C@H]1C[C@@H](C(=O)OC)[C@]2(C)CCC3C(=O)O[C@H](c4ccoc4)C[C@]3(C)[C@H]2C1=O,7.22
OPRK1,CHEMBL240216,CCC(c1ccccc1)N1CCC2(CC1)C(=O)NCN2c1ccccc1,7.22
OPRK1,CHEMBL407325,CCC(CC)Sc1nc2cc(Cl)c(N3CCN(CCO)CC3)cc2[nH]1,7.22
OPRK1,CHEMBL263904,CC(C)Sc1nc2cc(Cl)c(N3CCN(CCO)CC3)cc2[nH]1,7.22
OPRK1,CHEMBL526700,COC(=O)[C@@H]1C[C@H](OS(=O)(=O)c2ccccc2)C(=O)[C@H]2[C@@]1(C)CC[C@H]1C(=O)O[C@H](c3ccoc3)C[C@]21C,7.22
OPRK1,CHEMBL1412078,CCC(C)(C(=O)NC1CCCCC1)N(Cc1cccs1)C(=O)c1ccccn1,7.22
OPRK1,CHEMBL1773748,COC(=O)C1=C(C(=O)OC)C2OC1C=C2[C@@H]1C[C@]2(C)[C@H]3C(=O)[C@@H](OC(C)=O)C[C@@H](C(=O)OC)[C@]3(C)CC[C@H]2C(=O)O1,7.22
OPRK1,CHEMBL3219615,CC[C@]1(c2cccc(C(N)=O)c2)[C@@H]2CN(CC3(O)Cc4ccccc4C3)C[C@@H]21,7.22
OPRK1,CHEMBL4633348,Oc1ccc2c3c1O[C@H]1c4ncc(-c5ccccc5)cc4C[C@@]4(OCCCc5ccc(F)cc5)[C@@H](C2)N(CC2CC2)CC[C@]314,7.22
OPRK1,CHEMBL5276375,N=C(N)NCCC[C@@H](NC(=O)[C@@H](CCCNC(=N)N)NC(=O)[C@@H]1CCCN1C(=O)c1ccccc1)C(=O)N[C@@H](CC1CCCCC1)C(=O)N[C@H]1CSSC[C@@H](C(N)=O)NC1=O,7.22
OPRK1,CHEMBL5879211,Cc1ccc2nc(N3CCC(NCC4CCCO4)CC3)c(-c3nc(C)no3)cc2c1,7.22
OPRK1,CHEMBL5816139,COC1CN(c2nc(CO)ccc2-c2nc(C)no2)CCC1NC1CCCCC1,7.22
OPRK1,CHEMBL5848559,CCC(Cc1ccsc1)NC(=O)NC[C@H](Cc1ccc(O)cc1)N(C)C,7.22
OPRK1,CHEMBL606876,COc1ccc2c3c1O[C@H]1C(=O)CC[C@@]4(OCCCc5ccccc5)[C@@H](C2)N(CC2CCCO2)CC[C@]314,7.21
OPRK1,CHEMBL391852,CCOC(=O)N1CCC(c2ccccc2)(c2nccn2C(C)c2ccccc2)CC1,7.21
OPRK1,CHEMBL238156,CCC(CC)CN1CCCc2cc(Oc3ccc(C(N)=O)cn3)ccc2C1,7.21
OPRK1,CHEMBL557937,CN1CC[C@]23Cc4c(c5ccccc5n4C)C[C@]2(Cc2ccc(O)cc23)C1,7.21
OPRK1,CHEMBL1818338,CC(C)CNCc1ccc(-c2ccccc2S(=O)(=O)NC(C)C)cc1,7.21
OPRK1,CHEMBL226997,CN(C(=O)Cc1ccccc1)[C@H]1CC[C@]2(CCCO2)C[C@@H]1N1CCCC1,7.21
OPRK1,CHEMBL4762413,CC[C@H](C)[C@H](NC(=O)[C@H](CCCNC(=N)N)NC(=O)[C@H](CC(C)C)NC(=O)[C@H](Cc1ccccc1)NC(=O)[C@@H]1CCCN1C(=O)CNC(=O)[C@@H](N)Cc1ccc(O)cc1)C(=O)N[C@@H](CCCNC(=N)N)C(=O)N1CCC[C@H]1C(=O)N[C@@H](CCCCN)C(N)=O,7.21
OPRK1,CHEMBL4857175,CNc1cccc([C@H]2C[C@@]34CC[C@]2(OC)[C@@H]2Oc5c(OC)ccc6c5[C@@]23CCN(CC2CC2)[C@@H]4C6)c1,7.21
OPRK1,CHEMBL5070938,C=CCOc1ccc(C[C@H](NC(C)=O)C(=O)N[C@@H](Cc2cccc(OCC=C)c2)C(=O)N[C@@H](Cc2ccccc2)C(=O)N[C@@H](CCCNC(=N)N)C(=O)N[C@@H](CC(C)C)C(=O)N[C@@H](CCCNC(=N)N)C(=O)N[C@@H](CCCNC(=N)N)C(=O)N[C@H](C)C(=O)N[C@@H](CCCNC(=N)N)C(=O)N2CCC[C@H]2C(=O)N[C@@H](CCCCN)C(N)=O)cc1,7.21
OPRK1,CHEMBL5275873,Cc1ccc(CC(=O)N2CCC(O)(c3cccc(O)c3)C(CN(C)C)C2)cc1,7.21
OPRK1,CHEMBL5426012,CC(C)[C@H]1CC[C@@H](N2CCC(n3c(CCN)cc4ccccc43)CC2)CC1,7.21
OPRK1,CHEMBL3930674,COc1ccc(F)cc1-c1ccnc2[nH]c(C3=CC4CCC(C3)N4C(=O)Cn3c(OC)cc4cccnc43)cc12,7.21
OPRK1,CHEMBL5877674,CCOC(=O)c1cc(C(=O)OC)c(C)nc1N1CCC(NC2CCCCC2)C(O)C1,7.21
OPRK1,CHEMBL5771544,Cc1noc(-c2cc(C)c(C)nc2N2CCC(NC3CCCCC3)C(CO)C2)n1,7.21
OPRK1,CHEMBL6141961,CC(=O)Nc1cccc(CCN(CCc2ccccc2)CC2CCC2)c1,7.21
OPRK1,CHEMBL6164962,FC(F)c1cccc(CCN(CCc2ccccc2)CC2CCC2)n1,7.21
OPRK1,CHEMBL2113380,CN1CC[C@]23c4c5ccc(O)c4O[C@H]2c2[nH]c4ccccc4c2C[C@@]3(CCCc2ccccc2)C1C5,7.2
OPRK1,CHEMBL2113383,CCN[C@@]12Cc3c([nH]c4ccccc34)[C@@H]3Oc4c(O)ccc5c4[C@@]31CCN(C)C2C5,7.2
OPRK1,CHEMBL609147,CCC(=O)N(c1ccccc1)C1(COC)CCN(CCc2ccccc2)CC1,7.2
OPRK1,CHEMBL306150,O=C1NCN(c2ccc(F)cc2)C12CCN(C1Cc3cccc4cccc1c34)CC2,7.2
OPRK1,CHEMBL188805,C=CCNC1CCc2ccc(O)cc2C1(C)C,7.2
OPRK1,CHEMBL1642746,CC1(C)CCC(NCc2ccc(N3CCCc4cc(C(N)=O)ccc43)cc2)CC1,7.2
OPRK1,CHEMBL1941032,COC(=O)[C@@H]1C[C@H](O)C(=O)[C@H]2[C@@]1(C)CC[C@H]1C(=O)O[C@@H](c3ccoc3)C[C@]21C,7.2
OPRK1,CHEMBL3634255,Cc1cc(O)cc(C)c1C[C@H](N)C(=O)N[C@@H]1CCCc2ccc(Cc3cccc4ccccc34)cc21,7.2
OPRK1,CHEMBL3698816,O=C(N[C@H](C(=O)O)c1ccccc1)c1nc2ccccc2n([C@H]2C[C@H]3CCC[C@@H](C2)N3C2CCCCCCC2)c1=O,7.2
OPRK1,CHEMBL3698827,CC1(C)[C@H]2CC[C@@H](CCN3[C@@H]4CC[C@H]3C[C@@H](n3c(=O)c(C(=O)O)nc5ccccc53)C4)[C@@H]1C2,7.2
OPRK1,CHEMBL4754076,CC[C@H](C)[C@H](NC(=O)[C@H](CCCNC(=N)N)NC(=O)[C@H](CC(C)C)NC(=O)[C@H](Cc1ccccc1)NC(=O)CNC(=O)CNC(=O)[C@@H](C)Cc1c(C)cc(O)cc1C)C(=O)N[C@@H](CCCNC(=N)N)C(=O)N1CCC[C@H]1C(=O)N[C@@H](CCCCN)C(N)=O,7.2
OPRK1,CHEMBL6061568,CCOC(=O)c1nc2cc(C)ccc2nc1N1CCC(NC2CCCCC2)C(CO)C1,7.2
OPRK1,CHEMBL5779916,CO[C@@H]1CN(/C(N)=C(/C=C(/C)N)C(=O)OC(C)C)CC[C@@H]1NC1CCCCC1,7.2
OPRK1,CHEMBL5790003,CO[C@@H]1CN(c2nnc(C)cc2C(=O)OC(C)C)CC[C@@H]1NC1CCCCC1,7.2
OPRK1,CHEMBL269377,CC[C@H](C)[C@H](NC(=O)[C@H](CCCN=C(N)N)NC(=O)[C@H](CCCN=C(N)N)NC(=O)[C@H](CC(C)C)NC(=O)[C@H](Cc1ccccc1)NC(=O)CNC(=O)[C@@H]1CCCN1C(=O)[C@@H](N)Cc1ccc(O)cc1)C(=O)N[C@@H](CCCN=C(N)N)C(=O)N1CCC[C@@H]1C(=O)N[C@@H](CCCCN)C(N)=O,7.19
OPRK1,CHEMBL76089,Cc1cc(O)cc(C)c1C[C@H](N)C(=O)N1Cc2ccccc2C[C@H]1COCc1ccccc1,7.19
OPRK1,CHEMBL190902,COC(=O)[C@@H]1C[C@H](OC(=N)C(Cl)(Cl)Cl)C(=O)[C@H]2[C@@]1(C)CC[C@H]1C(=O)O[C@H](c3ccoc3)C[C@]21C,7.19
OPRK1,CHEMBL385548,CCN[C@H]1C[C@@H](C(=O)OC)[C@]2(C)CC[C@H]3C(=O)O[C@H](c4ccoc4)C[C@]3(C)[C@H]2C1=O,7.19
OPRK1,CHEMBL438821,C[C@H]1[C@@H]2CC[C@@H](c3ccccc3)CN2CC[C@@]1(C)c1cccc(O)c1,7.19
OPRK1,CHEMBL232137,COCC(=O)N1CCC(c2ccccc2)(c2nccn2Cc2ccc(C(=O)OC)cc2)CC1,7.19
OPRK1,CHEMBL238017,CO[C@]12C(O)C[C@@]3(C[C@@H]1[C@H](C)O)[C@H]1Cc4ccc(O)c5c4[C@@]3(CCN1C)[C@H]2O5,7.19
OPRK1,CHEMBL464191,O=C1N(CCCN2CCCC2)CN(c2ccccc2)C12CCN(C(c1ccccc1Cl)c1ccccc1Cl)CC2,7.19
OPRK1,CHEMBL473279,CC(C)CNCCN1CN(c2ccccc2)C2(CCN(C3CCC(C)(C)c4ccccc43)CC2)C1=O,7.19
OPRK1,CHEMBL3220707,CCCC(C)CN1CCC(c2cccc(C(N)=O)c2)(c2ncc(C(=O)N(CC)CC)cn2)CC1,7.19
OPRK1,CHEMBL3323508,O=C(Cc1ccc(Cl)c(Cl)c1)N1CCN(Cc2ccccc2)C2CCCC(N3CCC(O)C3)C21,7.19
OPRK1,CHEMBL3823891,CCCC(=O)N1CC[C@@H](NC(=O)[C@@H](N)Cc2c(C)cc(O)cc2C)c2cc(Cc3ccc4ccccc4c3)ccc21,7.19
OPRK1,CHEMBL3698896,O=C(O)c1ccncc1Nc1nc2ccccc2n([C@H]2C[C@H]3CC[C@@H](C2)N3C2CCCCCCC2)c1=O,7.19
OPRK1,CHEMBL3688135,O=C(O)CCC[C@]12CCN(CC3CC3)[C@H](Cc3ccc(O)cc31)[C@@H]2CC(=O)O,7.19
OPRK1,CHEMBL3704584,O=C(O)CN1CCC[C@@H]1c1nc2ccccc2n1[C@H]1C[C@H]2CCC[C@@H](C1)N2[C@@H]1C[C@@H]2CCCC[C@@H](C2)C1,7.19
OPRK1,CHEMBL4114011,COc1ccc2c3c1O[C@H]1[C@@]4(OC)CC[C@@]5(C[C@@H]4COCc4ccccc4)[C@@H](C2)N(CCC(=O)O)CC[C@]315,7.19
OPRK1,CHEMBL5273356,CN(C)CC1CN(C(=O)Cc2cc(F)c(F)cc2F)CCC1(O)c1cccc(O)c1,7.19
OPRK1,CHEMBL5962743,Cc1noc(-c2cc3ccc(F)c(C)c3nc2N2CCC(NCC(C)C)CC2)n1,7.19
OPRK1,CHEMBL104169,CS[C@@H]1Cc2ccc(O)cc2C(C)(C)[C@@H]1N,7.18
OPRK1,CHEMBL241085,O=C1NCN(c2ccccc2)C12CCN(C1CCCc3ccc(Cl)cc31)CC2,7.18
OPRK1,CHEMBL493846,O=C(N[C@@H]1CC[C@@]2(O)[C@H]3Cc4ccc(O)c5c4[C@@]2(CCN3CC2CC2)[C@H]1O5)c1ccc2ccccc2c1,7.18
OPRK1,CHEMBL507127,COc1ccc(C[C@@H]2NC(=O)[C@@H](Cc3c[nH]c4ccccc34)NC(=O)[C@H](Cc3ccccc3)NC(=O)[C@H]3CCCN3C2=O)cc1,7.18
OPRK1,CHEMBL592908,CCN(C)C(=O)c1ccc(C2(c3cccc(O)c3)CCCN(CC3CC3)C2)cc1,7.18
OPRK1,CHEMBL1818225,CC(C)CNCc1ccc(-c2ncccc2S(=O)(=O)N2CCCC2)cc1,7.18
OPRK1,CHEMBL3698884,CCOC(=O)c1nc2ccccc2n([C@H]2C[C@H]3CC[C@@H](C2)N3C2CCCCCCC2)c1=O,7.18
OPRK1,CHEMBL4106939,COc1ccc2c3c1O[C@H]1[C@@]4(OC)CC[C@@]5(C[C@@H]4COCc4cc6c(cc4Cl)OCO6)[C@@H](C2)[N+](C)(CC2CC2)CC[C@]315,7.18
OPRK1,CHEMBL4106563,COc1ccc2c(c1)[C@]13CCN(CC4CC4)[C@H](C2)[C@]1(O)C[C@H](CCOCc1ccccc1)C(=O)C3,7.18
OPRK1,CHEMBL5092332,C=CCOc1cccc(C[C@H](NC(C)=O)C(=O)N[C@@H](Cc2cccc(OCC=C)c2)C(=O)N[C@@H](Cc2ccccc2)C(=O)N[C@@H](CCCNC(=N)N)C(=O)N[C@@H](CC(C)C)C(=O)N[C@@H](CCCNC(=N)N)C(=O)N[C@@H](CCCNC(=N)N)C(=O)N[C@H](C)C(=O)N[C@@H](CCCNC(=N)N)C(=O)N2CCC[C@H]2C(=O)N[C@@H](CCCCN)C(N)=O)c1,7.18
OPRK1,CHEMBL108794,COc1ccc2c3c1O[C@H]1C(=O)C=C[C@@]4(NC(=O)/C=C/c5ccc([N+](=O)[O-])cc5)C(C2)N(C)CCC314,7.17
OPRK1,CHEMBL2113310,COc1ccc2c3c1O[C@H]1[C@]4(OC)CC[C@@]5(C[C@@H]4CNC/C=C/c4ccc(Cl)cc4)[C@@H](C2)N(C)CC[C@]315,7.17
OPRK1,CHEMBL403633,C[C@H](NC(=O)[C@@H](Cc1ccccc1)CN1CC[C@@](C)(c2cccc(O)c2)[C@@H](C)C1)C(=O)O,7.17
OPRK1,CHEMBL497108,Cl.NC(=O)COc1ccc2c(c1)[C@@]13CCCC[C@@]1(O)[C@@H](C2)N(CC1CCC1)CC3,7.17
OPRK1,CHEMBL472843,O=C(O[C@@]12CCC(=O)[C@@H]3Oc4c(O)ccc5c4[C@@]31CCN(CC1CC1)[C@@H]2C5)c1ccc2ccccc2n1,7.17
OPRK1,CHEMBL517167,CNCCN1CN(c2ccccc2)C2(CCN(Cc3c(Cl)cccc3Cl)CC2)C1=O,7.17
OPRK1,CHEMBL514489,CC(C)NCCN1CN(c2ccccc2)C2(CCN(C3CCC(C)(C)c4ccccc43)CC2)C1=O,7.17
OPRK1,CHEMBL562340,Oc1ccc2c(c1)[C@]13CCN(CC4CC4)C[C@@]1(C2)Cc1c([nH]c2ccccc12)C3,7.17
OPRK1,CHEMBL567170,Oc1cc2c(cc1C(O)CCCCC(O)c1cc3c(cc1O)[C@@]14CCCC[C@H]1[C@@H](C3)N(CC1CCC1)CC4)C[C@@H]1[C@@H]3CCCC[C@]23CCN1CC1CCC1,7.17
OPRK1,CHEMBL2322568,Cc1cc(O)cc(C)c1C[C@H](N)C(=O)N[C@@H]1CCNc2ccc(Cc3ccccc3)cc21,7.17
OPRK1,CHEMBL3086762,Cl.O=C(O[C@@]12CCC(=O)[C@@H]3Oc4c(O)ccc5c4[C@@]31CCN(CC1CC1)[C@@H]2C5)c1ccc2ccccc2n1,7.17
OPRK1,CHEMBL3695254,O=C1NC(=O)C2(CCN(c3nc4ccccc4n([C@H]4C[C@H]5CC[C@@H](C4)N5C4CCCCCCC4)c3=O)CC2)N1,7.17
OPRK1,CHEMBL3695267,O=c1c(NC2CCNCC2)nc2ccccc2n1C1CCN(C2CCCCCCC2)CC1,7.17
OPRK1,CHEMBL4444479,Cc1cc(O)cc(C)c1C[C@H](N)C(=O)N[C@@H]1CCNc2ccc(Cc3ccccc3)cc21.O=C(O)C(F)(F)F,7.17
OPRK1,CHEMBL5077286,CC(=O)N[C@H]1Cc2cccc(c2)OC/C=C/COc2cccc(c2)C[C@@H](C(=O)N[C@@H](Cc2ccccc2)C(=O)N[C@@H](CCCNC(=N)N)C(=O)N[C@@H](CC(C)C)C(=O)N[C@@H](CCCNC(=N)N)C(=O)N[C@@H](CCCNC(=N)N)C(=O)N[C@H](C)C(=O)N[C@@H](CCCNC(=N)N)C(=O)N2CCC[C@H]2C(=O)N[C@@H](CCCCN)C(N)=O)NC1=O,7.17
OPRK1,CHEMBL5936893,COC(=O)c1cc(Br)cnc1N1CCC(NC2CCCCCC2)C(O)C1,7.17
OPRK1,CHEMBL5983013,COC1CN(/C(N)=C(/C=C(/C)N)C(=O)N(C)C)CCC1NC1CCCCC1,7.17
OPRK1,CHEMBL5972082,CO[C@@H]1CN(c2nc3ccc(C)cc3cc2-c2nc(C)no2)CC[C@@H]1NC1CCOCC1,7.17
OPRK1,CHEMBL5877391,COC1CN(c2nnc(C)cc2C(=O)N(C)C)CCC1NC1CCCCC1,7.17
OPRK1,CHEMBL5942121,CC(Cc1ccccc1)NC(=O)NC[C@H](Cc1ccc(O)cc1)N(C)C,7.17
OPRK1,CHEMBL146413,O=C(Cc1ccc(Cl)c(Cl)c1)N1CCCCC1CN1CCCO1,7.16
OPRK1,CHEMBL544956,CN(C(=O)Cc1csc2ccccc12)[C@@H]1CCCC[C@H]1N1CCCC1.Cl,7.16
OPRK1,CHEMBL431074,Cc1ncc2c(n1)C1Oc3c(O)ccc4c3C13CCN(C)C(C4)C3(O)C2,7.16
OPRK1,CHEMBL2368317,C[C@H]1[C@H]2Cc3ccc(N)cc3[C@@]1(C)CCN2C[C@@H]1CCCO1,7.16
OPRK1,CHEMBL219012,C[C@H]1[C@@H]2CCCCN2CC[C@@]1(C)c1cccc(O)c1,7.16
OPRK1,CHEMBL260121,COC(=O)[C@@H]1C[C@H](OC(=O)c2cc3ccccc3o2)C(=O)[C@H]2[C@@]1(C)CC[C@H]1C(=O)O[C@H](c3ccoc3)C[C@]21C,7.16
OPRK1,CHEMBL261024,COC(=O)[C@@H]1C[C@H](OC(=O)c2cccc(Br)c2)C(=O)[C@H]2[C@@]1(C)CC[C@H]1C(=O)O[C@H](c3ccoc3)C[C@]21C,7.16
OPRK1,CHEMBL498116,CCCCCC(=O)O[C@H]1C[C@@H](C(=O)OC)[C@]2(C)CC[C@H]3C(=O)O[C@H](c4ccoc4)C[C@]3(C)[C@H]2C1=O,7.16
OPRK1,CHEMBL583275,NC(=O)[C@@H]1CSCSC[C@@H](NC(=O)[C@@H](N)Cc2ccc(O)cc2)C(=O)N[C@@H](Cc2ccc3ccccc3c2)C(=O)N[C@@H](Cc2ccccc2)C(=O)N1,7.16
OPRK1,CHEMBL1095521,O=C(Cc1ccc(Cl)c(Cl)c1)N1C[C@H]2CC[C@@H](N3CCCC3)[C@@H]1CN2Cc1ccccc1,7.16
OPRK1,CHEMBL1729120,Cc1ccnc2c1n1cccc1c(=O)n2CC(=O)NCCCN1CCN(c2ccc(Cl)cc2)CC1,7.16
OPRK1,CHEMBL2022019,COC(=O)[C@@H]1C[C@H](OC(C)=O)C(=O)[C@H]2[C@@]1(C)CC[C@H]1C(=O)O[C@H](C(=O)c3ccccc3)C[C@]21C,7.16
OPRK1,CHEMBL2387198,CC(C)C1CCC(N2CCC(N3C(=O)CCc4ccccc43)CC2)CC1,7.16
OPRK1,CHEMBL3393993,Cc1ccc(C(=O)Nc2nc3ccccc3n2CCN2CCCC2)nc1,7.16
OPRK1,CHEMBL5413519,CC(C)[C@H]1CC[C@@H](N2CCC(n3c(CNS(C)(=O)=O)cc4ccccc43)CC2)CC1,7.16
OPRK1,CHEMBL5429274,COc1cccc(Cn2nc(CNCCc3ccc4ccccc4c3)c3c4cc(OC)c(OC)cc4c(-c4ccccc4Cl)nc32)c1,7.16
OPRK1,CHEMBL5591369,Cc1cc2n(n1)C1(CCN(C(=O)c3cccc(F)c3)CC1)CC(=O)N2CC1CC1,7.16
OPRK1,CHEMBL6007060,COC1CN(c2nc3ccccc3cc2-c2ncco2)CCC1NC1CCCCC1,7.16
OPRK1,CHEMBL5900215,COC1CN(c2nc3ccc(C)cc3cc2-c2noc(C)n2)CCC1NCC(C)C,7.16
OPRK1,CHEMBL2386823,CN1CC[C@@]2(CCCCCc3ccccc3)c3cc(O)ccc3O[C@H]2C1,7.15
OPRK1,CHEMBL3597150,CC(C)C[C@H](NC(=O)[C@H](CO[C@@H]1O[C@H](CO)[C@@H](O)[C@H](O)[C@H]1O)NC(=O)CCCNC(=O)[C@H](CC(C)C)NC(=O)[C@H](Cc1ccccc1)NC(=O)CNC(=O)[C@@H](NC(=O)[C@@H](N)Cc1ccc(O)cc1)[C@@H](C)O)C(N)=O,7.15
OPRK1,CHEMBL4071324,O=C1/C(=C/c2ccc(Br)cc2)C[C@@]2(O)[C@H]3Cc4ccc(O)c5c4[C@@]2(CCN3CC2CC2)[C@H]1O5,7.15
OPRK1,CHEMBL4645952,Oc1ccc2c3c1O[C@H]1c4ncc(-c5ccc(F)c(F)c5)cc4C[C@@]4(OCCCc5ccccc5)[C@@H](C2)N(CC2CC2)CC[C@]314,7.15
OPRK1,CHEMBL4755067,CO[C@@]12CC[C@H](N[C@@H](Cc3c[nH]c4ccccc34)C(=O)O)[C@@H]3Oc4c(O)ccc5c4[C@@]31CCN(C)[C@@H]2C5,7.15
OPRK1,CHEMBL4786173,CN(C)CC1CN(C(=O)Nc2ccccc2)CCC1(O)c1cccc(O)c1.Cl,7.15
OPRK1,CHEMBL4747286,Cc1cc(O)cc(C)c1C[C@H](N)C(=O)N[C@H](CCCNC(=N)N)C(=O)N[C@H]1Cc2ccccc2CN(CCC(=O)N[C@@H](CCCCN)C(=O)N[C@@H](CCCCN)C(=O)N2CCC[C@H]2C(=O)N[C@@H](Cc2cccc(O)c2)C(=O)N[C@H](C(=O)N[C@@H](CC(C)C)C(=O)O)C(C)(C)C)C1=O,7.15
OPRK1,CHEMBL5091560,CN1C(=O)CNC(=O)[C@H](NC(=O)[C@@H](N)Cc2ccc(O)cc2)CCNC(=O)C[C@@H](C(=O)N2CCC[C@H]2C(=O)N[C@@H](CCC(N)=O)C(=O)N[C@@H](CCCNC(=N)N)C(=O)N[C@@H](Cc2ccccc2)C(N)=O)NC(=O)[C@@H]1Cc1ccccc1,7.15
OPRK1,CHEMBL5565944,CNc1ccccc1[C@H]1C[C@@]23CC[C@]1(OC)[C@@H]1Oc4c(OC)ccc5c4[C@@]12CCN(CC1CC1)[C@@H]3C5,7.15
OPRK1,CHEMBL1707,CN(C)C(=O)C(CCN1CCC(O)(c2ccc(Cl)cc2)CC1)(c1ccccc1)c1ccccc1.Cl,7.14
OPRK1,CHEMBL396637,CC(C)(C)CCN1CCCc2cc(Oc3ccc(C(N)=O)cn3)ccc2C1,7.14
OPRK1,CHEMBL429026,COC(=O)[C@@H]1C[C@H](OC(C)(C)OC)C(=O)[C@H]2[C@@]1(C)CC[C@H]1C(=O)O[C@H](c3ccoc3)C[C@]21C,7.14
OPRK1,CHEMBL480426,CC1(N2CCC(n3c(-c4cccc(CN)c4)nc4ccccc43)CC2)CCCCCCC1,7.14
OPRK1,CHEMBL584530,CCC(O)c1cc2c(cc1O)[C@@]13CCCC[C@H]1[C@@H](C2)N(CC1CCC1)CC3,7.14
OPRK1,CHEMBL1672182,Cl.Oc1cccc([C@@]23CCC[C@@H](C2)N(C[C@H]2C[C@@H]2c2ccccc2)CC3)c1,7.14
OPRK1,CHEMBL1818238,O=S(=O)(c1ccccc1-c1ccc(CN2C[C@@H]3CCC[C@H]2C3)nc1)N1CCCC1,7.14
OPRK1,CHEMBL3393885,N#Cc1cccc(C(=O)Nc2nc3ccccc3n2CCN2CCCC2)c1,7.14
OPRK1,CHEMBL3582486,NC(=O)[C@@H]1CC(=O)NCCCC[C@@H](NC(=O)[C@@H](N)Cc2ccc(O)cc2)C(=O)N[C@@H](Cc2ccc(C(F)(F)F)cc2)C(=O)N[C@@H](Cc2ccccc2)C(=O)N1,7.14
OPRK1,CHEMBL3903565,C[C@@H]1C[C@@H]2C[C@H](C1)C[C@@H](N1[C@@H]3CCC[C@H]1C[C@@H](n1c(=O)c(N4CC(CC(=O)O)C4)nc4ccccc41)C3)C2,7.14
OPRK1,CHEMBL3916263,O=C1NC(=O)[C@@]2(CC[C@@]34Cc5ccc(O)cc5[C@@]3(CCN(CC3CC3)C4)C2)N1,7.14
OPRK1,CHEMBL4241369,COc1ccc2c3c1O[C@H]1[C@@]4(OC)CC[C@@]5(C[C@]4(C)C(=O)c4ccc(C(F)(F)F)cc4)[C@@H](C2)N(CC2CC2)CC[C@]315,7.14
OPRK1,CHEMBL5403724,CC(C)[C@H]1CC[C@@H](N2CCC(n3c(CO)cc4ccccc43)CC2)CC1,7.14
OPRK1,CHEMBL5571594,COc1ccc2c3c1O[C@H]1[C@@]4(OC)CC[C@@]5(C[C@@H]4c4ccccc4NC(=O)Cc4ccccc4)[C@@H](C2)N(CC2CC2)CC[C@]315,7.14
OPRK1,CHEMBL6013765,COC1CN(c2nc3c(cc2-c2nc(C)no2)CCC3)CCC1NC1CCCCC1,7.14
OPRK1,CHEMBL5812605,Cc1nc(-c2c(N3CCC(NC4CCCC[C@@H]4O)CC3)nc3ccccc3c2C)no1,7.14
OPRK1,CHEMBL328411,CC(c1ccc2c(c1)Cc1ccccc1-2)N1CCC(N2C(=O)Cc3ccccc32)CC1,7.13
OPRK1,CHEMBL201661,CCC[C@@H]1C[C@@](C)(c2cccc(O)c2)[C@@H](C)CN1CCCc1ccccc1,7.13
OPRK1,CHEMBL247933,c1cncc([C@@H]2CN3CCC[C@@H]3c3cc(OCCCN4CCCCC4)ccc32)c1,7.13
OPRK1,CHEMBL577168,COc1ccc2c3c1O[C@H]1C(=O)CC[C@@]4(NCC#Cc5ccc(Cl)cc5)[C@@H](C2)N(CC2CC2)CC[C@]314,7.13
OPRK1,CHEMBL3596364,CCCN1CC[C@]23c4c5ccc(O)c4O[C@H]2c2[nH]c4ccccc4c2C[C@@]3(O)[C@H]1C5.Cl,7.13
OPRK1,CHEMBL3698841,O=c1c(N2CCNCC2)nc2ccccc2n1C1CCN(C2CCCCCCC2)CC1,7.13
OPRK1,CHEMBL61630,CC[C@@H]1CN2CC[C@@]3(O)C(=Nc4cccc(OC)c43)[C@@H]2C[C@@H]1/C(=C\OC)C(=O)OC,7.13
OPRK1,CHEMBL4740521,N=C(N)NCCC[C@H](NC(=O)[C@H](CCC(N)=O)NC(=O)[C@@H]1CCCN1C(=O)[C@@H](CS)NC(=O)[C@H](Cc1ccccc1)NC(=O)CNC(=O)[C@H](CS)NC(=O)[C@@H](N)Cc1ccc(O)cc1)C(=O)N[C@@H](Cc1ccccc1)C(N)=O,7.13
OPRK1,CHEMBL5274664,Cc1cccc(CC(=O)N2CCC(O)(c3cccc(O)c3)C(CN(C)C)C2)c1,7.13
OPRK1,CHEMBL5830468,Cc1noc(-c2cc3c(nc2N2CCC(NC4CCCCC4)C(CO)C2)CCC3)n1,7.13
OPRK1,CHEMBL5769882,CO[C@@H]1CN(c2nc3c(C)c(F)ccc3cc2-c2nc(C)no2)CC[C@@H]1NC1CCCCC1,7.13
OPRK1,CHEMBL5754198,Cc1nc(-c2cc3ccc(F)c(C)c3nc2N2CCC(NC3CCCCC3)CC2)no1,7.13
OPRK1,CHEMBL5907496,C[C@H](NC(=O)NC[C@H](Cc1ccc(O)cc1)N(C)C)c1cccc2ccccc12,7.13
OPRK1,CHEMBL150839,CCCCN(C)C(c1cccc(O)c1)C(C)(C)C(=O)NCCc1ccccc1,7.12
OPRK1,CHEMBL347316,CNC(c1cccc(O)c1)C(C)(C)C(=O)NCC1CC1,7.12
OPRK1,CHEMBL3349987,COC(=O)[C@@H]1C[C@H](OCc2ccccc2)C(=O)[C@H]2[C@@]1(C)CCC1C(=O)O[C@H](c3ccoc3)C[C@@]12C,7.12
OPRK1,CHEMBL513136,Cc1ccccc1C(c1ccccc1C)N1C2CCC1CC(O)(c1ccccc1)C2,7.12
OPRK1,CHEMBL1257457,NC(=O)c1cccc(OC2CCN(Cc3ccccc3)CC2)c1,7.12
OPRK1,CHEMBL1818222,CC(C)CN(C)Cc1ccc(-c2ccccc2S(=O)(=O)N2CCCC2)cc1,7.12
OPRK1,CHEMBL1818228,CC(C)(C)CCNCc1ccc(-c2cnccc2S(=O)(=O)N2CCCC2)cc1,7.12
OPRK1,CHEMBL3219935,COC(=O)[C@@H]1C[C@H](O[C@@H]2CCCO2)C(=O)[C@H]2[C@@]1(C)CC[C@H]1C(=O)O[C@H](c3ccoc3)C[C@]21C,7.12
OPRK1,CHEMBL3647962,C[C@@H]1C[C@@H]2C[C@H](C1)C[C@@H](N1[C@@H]3CCC[C@H]1C[C@@H](n1c(=O)c(C(=O)O)nc4ccccc41)C3)C2,7.12
OPRK1,CHEMBL3647963,O=C(O)c1nc2ccccc2n([C@H]2C[C@H]3CC[C@@H](C2)N3C2CCCCCCCCCCC2)c1=O,7.12
OPRK1,CHEMBL3824042,Cc1cc(O)cc(C)c1C[C@H](N)C(=O)N[C@@H]1CCN(C(=O)C(C)C)c2ccc(Cc3ccccc3)cc21,7.12
OPRK1,CHEMBL4537962,Ic1ccc(CSc2nnc(-c3ccccn3)n2Cc2cccnc2)cc1,7.12
OPRK1,CHEMBL4435747,Ic1ccc(CSc2nnc(-c3ccccn3)n2Cc2ccccn2)cc1,7.12
OPRK1,CHEMBL6043643,CCC1(CO)CN(c2ncc(C)cc2-c2nc(C)no2)CCC1NC1CCCCC1,7.12
OPRK1,CHEMBL6018785,CCC1(CO)CN(c2nc3ccccc3cc2-c2nc(C)no2)CCC1NC1CCCCC1,7.12
OPRK1,CHEMBL5876421,CO[C@@H]1CN(c2ncc(C)cc2-c2nc(C)no2)CC[C@@H]1NC1CCCCC1,7.12
OPRK1,CHEMBL5775250,Cc1ccc2nc(N3CCC(NC4CCCCC4)CC3)c(-c3ccc(C)nn3)cc2c1,7.12
OPRK1,CHEMBL5972484,Cc1nc(-c2cc3ccc(F)cc3nc2N2CCC(NC3CCOCC3)CC2)no1,7.12
OPRK1,CHEMBL116738,CCCCCCCCN1CC[C@]2(C)c3cc(O)ccc3CC1[C@@H]2C,7.11
OPRK1,CHEMBL358403,CC(=O)N[C@@H](CCCN=C(N)N)C(=O)N[C@@H](CC1CCCCC1)C(=O)N[C@H]1CC[C@@H]2SC[C@H](C(=O)N[C@H](CCCN=C(N)N)C(=O)NC(Cc3ccc(Cl)cc3)C(N)=O)N2C1=O,7.11
OPRK1,CHEMBL396460,CC(C)C[C@H](NC(=O)[C@H](CCCCN)NC(=O)[C@H](CCCNC(=N)N)NC(=O)[C@H](C)NC(=O)[C@H](CO)NC(=O)[C@H](CCCCN)NC(=O)[C@H](CCCNC(=N)N)NC(=O)[C@H](C)NC(=O)CNC(=O)[C@@H](NC(=O)[C@H](Cc1ccccc1)NC(=O)CNC(=O)CNC(=O)[C@@H](N)Cc1ccccc1)[C@@H](C)O)C(=O)N[C@@H](C)C(=O)N[C@@H](CC(N)=O)C(=O)N[C@@H](CCC(N)=O)C(=O)O,7.11
OPRK1,CHEMBL3144471,CC(=O)N[C@@H](CCCN=C(N)N)C(=O)N[C@H](CC1CCCCC1)C(=O)N[C@H]1CC[C@@H]2SC[C@@H](C(=O)N[C@H](CCCN=C(N)N)C(=O)NC(Cc3ccc(Cl)cc3)C(N)=O)N2C1=O,7.11
OPRK1,CHEMBL285250,CN1CCC2(c3cccc(O)c3)CCCC1C2,7.11
OPRK1,CHEMBL237718,CC(C)CCN1CCCc2cc(Oc3ccc(C(N)=O)cn3)ccc2C1,7.11
OPRK1,CHEMBL514769,O=C(N[C@H]1CC[C@@]2(O)[C@H]3Cc4ccc(O)c5c4[C@@]2(CCN3CC2CC2)[C@H]1O5)c1cccnc1,7.11
OPRK1,CHEMBL515681,Oc1ccc2c(c1)[C@@]13CCN(CCc4ccccc4)[C@@H](CC[C@H]1O2)C3,7.11
OPRK1,CHEMBL510506,O=C1N[C@H](Cc2c[nH]c3ccccc23)C(=O)N[C@@H](Cc2cccc(O)c2)C(=O)N2CCC[C@@H]2C(=O)N[C@H]1Cc1ccccc1,7.11
OPRK1,CHEMBL3104100,Cc1cc(O)cc(C)c1C[C@H](N)C(=O)N1CCN(CCCCc2ccccc2)CC1,7.11
OPRK1,CHEMBL3104109,Cc1cc(O)cc(C)c1C[C@H](N)C(=O)N1CCN(CCCc2cccc3ccccc23)CC1,7.11
OPRK1,CHEMBL3597087,CC(C)C[C@H](NC(=O)[C@H](CO[C@@H]1O[C@H](CO)[C@@H](O)[C@H](O)[C@H]1O)NC(=O)[C@H](CCCCN)NC(=O)[C@H](CC(C)C)NC(=O)[C@H](C)NC(=O)[C@H](CCCCN)NC(=O)[C@H](CCC(=O)O)NC(=O)C(C)(C)NC(=O)[C@H](CC(C)C)NC(=O)[C@H](CC(N)=O)NC(=O)[C@H]1CCCN1C(=O)[C@H](CC(C)C)NC(=O)[C@H](Cc1ccccc1)NC(=O)CNC(=O)[C@@H](NC(=O)[C@@H](N)Cc1ccc(O)cc1)[C@@H](C)O)C(N)=O,7.11
OPRK1,CHEMBL4070277,O=C1/C(=C/c2ccc(Cl)cc2)C[C@@]2(O)[C@H]3Cc4ccc(O)c5c4[C@@]2(CCN3CC2CC2)[C@H]1O5,7.11
OPRK1,CHEMBL4789659,Cc1cc(O)cc(C)c1C[C@H](N)C(=O)N[C@H](CCCNC(=N)N)C(=O)N[C@H]1Cc2ccccc2CN(CCC(=O)N[C@@H](CCCNC(=N)N)C(=O)N[C@@H](CCCNC(=N)N)C(=O)N2CCC[C@H]2C(=O)N[C@@H](Cc2ccc(O)cc2)C(=O)N[C@H](C(=O)N[C@@H](CC(C)C)C(=O)O)C(C)(C)C)C1=O,7.11
OPRK1,CHEMBL5407403,CC(C)[C@H]1CC[C@@H](N2CCC(n3c(CNC(=O)c4cccnc4)cc4ccccc43)CC2)CC1,7.11
OPRK1,CHEMBL5853119,C/C(N)=C/C(C(=O)OC(C)C)=C(\N)N1CCC(NCC(C)C)CC1,7.11
OPRK1,CHEMBL5893197,Cc1cc(C(=O)OC(C)C)c(N2CCC(NCC(C)C)CC2)nn1,7.11
OPRK1,CHEMBL6195808,C[C@@H]1C[C@@H]2C[C@H](C1)C[C@H](N1[C@@H]3CCC[C@H]1C[C@@H](n1c(=O)c(CCP(=O)(O)O)nc4ccccc41)C3)C2,7.11
OPRK1,CHEMBL5978908,O=C1NC(=O)[C@@]2(CC[C@@]3(O)[C@H]4[C@H](O)c5ccc(O)cc5[C@@]3(CCN4CC3CC3)C2)N1,7.11
OPRK1,CHEMBL2369395,CC[C@H](C)[C@H](NC(=O)[C@H](CCCN=C(N)N)NC(=O)[C@H](CCCN=C(N)N)NC(=O)[C@H](CC(C)C)NC(=O)[C@H](Cc1ccccc1)NC(=O)[C@@H]1CCCN1C(=O)CNC(=O)[C@@H](N)Cc1ccc(O)cc1)C(N)=O,7.1
OPRK1,CHEMBL302684,Cc1cccc(-c2cccn(C(CN3CCCC3)c3ccccc3)c2=O)c1,7.1
OPRK1,CHEMBL77324,O=C1NCN(c2ccc(Cl)cc2)C12CCN(C1Cc3cccc4cccc1c34)CC2,7.1
OPRK1,CHEMBL419272,O=C1NCN(c2cccc(Br)c2)C12CCN(C1Cc3cccc4cccc1c34)CC2,7.1
OPRK1,CHEMBL246002,COc1c(O)ccc2c1[C@]13CCN(CC4CC4)[C@H](C2)[C@]1(O)Cc1c([nH]c2ccccc12)C3,7.1
OPRK1,CHEMBL410436,COC(=O)[C@@H]1C[C@H](OC(=O)c2ccsc2)C(=O)[C@H]2[C@@]1(C)CC[C@H]1C(=O)O[C@H](c3ccoc3)C[C@]21C,7.1
OPRK1,CHEMBL499353,COc1cccc(S(=O)(=O)N2CCN(C(=O)CN(C)c3ccc(Cl)c(Cl)c3)C(CN3CCCC3)C2)c1,7.1
OPRK1,CHEMBL593583,CCC(O)(CC)c1ccc(C2(c3cccc(C(N)=O)c3)CCN(CC3CC3)CC2)cc1,7.1
OPRK1,CHEMBL1715037,CC[C@](C)(C(=O)Nc1ccc(Br)cc1)N(Cc1ccco1)C(=O)c1ccccn1,7.1
OPRK1,CHEMBL2022300,COC(=O)[C@@H]1C[C@H](OC(C)=O)C(=O)[C@H]2[C@@]1(C)CC[C@H]1C(=O)O[C@H](C(=O)c3ccco3)C[C@]21C,7.1
OPRK1,CHEMBL2386902,C=CCN1CC[C@@]2(CCc3ccccc3)c3cc(O)ccc3O[C@H]2C1,7.1
OPRK1,CHEMBL3323512,CN1CCN(C(=O)Cc2ccc(Cl)c(Cl)c2)C2C1CCCC2N1CCC(O)C1,7.1
OPRK1,CHEMBL3323522,COC(=O)N1CCN(C(=O)Cc2ccc(Cl)c(Cl)c2)C2C(N3CCC(O)C3)CCCC21,7.1
OPRK1,CHEMBL3688139,COc1ccc2c(c1)[C@@]1(CC(N)=O)CCN(CC3CC3)[C@H](C2)[C@@H]1CO,7.1
OPRK1,CHEMBL6067673,Cn1cc(Cl)c(-c2nc3ccccc3n2[C@H]2C[C@H]3CCC[C@@H](C2)N3[C@@H]2C[C@@H]3CCC[C@@H](C3)C2)n1,7.1
OPRK1,CHEMBL4071332,Cc1ccc(C(=O)NCC2c3ccccc3CCN2C)cc1C,7.1
OPRK1,CHEMBL4073160,c1ccc(CCN(CCc2ccccc2)CC2CCC2)cc1,7.1
OPRK1,CHEMBL4530627,COc1ccc2c3c1O[C@H]1[C@@]4(OC)CC[C@@]5(C[C@@H]4c4ccc(N6CCNCC6)cc4)[C@@H](C2)N(CC2CC2)CC[C@]315,7.1
OPRK1,CHEMBL8234,CC(C)C[C@H](NC(=O)[C@H](Cc1ccccc1)NC(=O)CNC(=O)CNC(=O)[C@@H](N)Cc1ccc(O)cc1)C(=O)O,7.1
OPRK1,CHEMBL508955,C/C=C1/CN2CC[C@]34C(=C(C(=O)OC)[C@H]1C[C@H]23)Nc1ccccc14,7.1
OPRK1,CHEMBL5173533,COc1ccc2c3c1O[C@H]1[C@@]4(OC)CC[C@@]5(C[C@@]4(C)C(=O)c4cc(C)cc(C)c4)[C@@H](C2)N(CC2CC2)CC[C@]315,7.1
OPRK1,CHEMBL5282726,CC[C@H](C)[C@H](NC(=O)[C@H](CCC(N)=O)NC(=O)[C@H](CCCNC(=N)N)NC(=O)[C@H](CCCNC(=N)N)NC(=O)[C@@H]1CSSC[C@H](NC(=O)[C@@H](N)CC(N)=O)C(=O)N1)C(=O)N[C@H]1CSSC[C@@H](C(N)=O)NC1=O,7.1
OPRK1,CHEMBL3185526,COC(=O)c1cc(I)cnc1N1CCC(NC2CCCCC2)CC1,7.1
OPRK1,CHEMBL5822557,COC(=O)c1cc(Br)cnc1N1CCC(NC2CCCC2)C(O)C1,7.1
OPRK1,CHEMBL6059550,Cc1cnc(N2CCC(NC3CCCCC3)C(CO)C2)c(-c2ncccn2)c1,7.1
OPRK1,CHEMBL6082993,C/C=C1/CN2CC[C@]34C(=C(C(=O)OC)[C@H]1C[C@H]23)Nc1ccc(C#N)cc14,7.1
OPRK1,CHEMBL15264,O=c1c(Nc2ccc(C(F)(F)F)cc2)cccn1C(CN1CCCC1)c1ccccc1,7.09
OPRK1,CHEMBL515575,CC(C)CCNCCN1CN(c2ccccc2)C2(CCN(C3CCC(C)(C)c4ccccc43)CC2)C1=O,7.09
OPRK1,CHEMBL2418734,Oc1cccc([C@]23CCN(CCc4ccccc4)[C@H](C2)[C@H]2CCCC[C@@H]2C3)c1,7.09
OPRK1,CHEMBL3219936,COC(=O)[C@@H]1C[C@H](O[C@H]2CCCO2)C(=O)[C@H]2[C@@]1(C)CC[C@H]1C(=O)O[C@H](c3ccoc3)C[C@]21C,7.09
OPRK1,CHEMBL3409118,Oc1ccc2c(c1)[C@]1(CCCCCc3ccccc3)CCN(CCc3ccccc3)C[C@@H]1O2,7.09
OPRK1,CHEMBL4467156,CC(C)[C@H]1CC[C@@H](N2CCC(n3cc(CCNC(N)=S)c4ccccc43)CC2)CC1,7.09
OPRK1,CHEMBL4761784,CO[C@@]12CC[C@H](N[C@@H](CC(N)=O)C(=O)O)[C@@H]3Oc4c(O)ccc5c4[C@@]31CCN(C)[C@@H]2C5,7.09
OPRK1,CHEMBL5090298,CN1C(=O)CNC(=O)[C@H](NC(=O)[C@@H](N)Cc2ccc(O)cc2)CC(=O)NCCCC[C@@H](C(=O)N2CCC[C@H]2C(=O)N[C@@H](CCC(N)=O)C(=O)N[C@@H](CCCNC(=N)N)C(=O)N[C@@H](Cc2ccccc2)C(N)=O)NC(=O)[C@@H]1Cc1ccccc1,7.09
OPRK1,CHEMBL181663,CN(C(=O)CNC(=O)OCc1ccccc1)[C@H](CN1CCCC1)c1ccccc1,7.08
OPRK1,CHEMBL189243,CC1(C)c2cc(O)ccc2CCC1NC/C=C/c1ccccc1,7.08
OPRK1,CHEMBL3349983,CNC(=O)O[C@H]1C[C@@H](C(=O)OC)[C@]2(C)CC[C@H]3C(=O)O[C@H](c4ccoc4)C[C@]3(C)[C@H]2C1=O,7.08
OPRK1,CHEMBL373641,C[C@H]1CN2CCN(Cc3cccc(Cl)c3)C[C@H]2C[C@@]1(C)c1cccc(O)c1,7.08
OPRK1,CHEMBL392266,CC(C)(C)OC(=O)N1CCC(c2ccccc2)(c2nccn2Cc2ccccc2)CC1,7.08
OPRK1,CHEMBL404303,C[C@H]1CN(C[C@H](Cc2ccccc2)C(=O)N[C@@H](Cc2cccc3ccccc23)C(=O)O)CC[C@@]1(C)c1cccc(O)c1,7.08
OPRK1,CHEMBL457341,COC(=O)[C@@H]1C[C@H](OC(C)=O)C(=O)[C@H]2[C@@]1(C)CC[C@H]1C(=O)O[C@H](C(=O)c3cnccn3)C[C@]21C,7.08
OPRK1,CHEMBL1818224,O=S(=O)(c1ccccc1-c1ccc(CN2C[C@@H]3CCC[C@H]2C3)cn1)N1CCCC1,7.08
OPRK1,CHEMBL2387196,CCC1C(=O)N(C2CCN([C@H]3CC[C@@H](C(C)C)CC3)CC2)c2ccccc21,7.08
OPRK1,CHEMBL3808398,Cc1cc(O)cc(C)c1C[C@H](N)C(=O)N[C@H](CCCNC(=N)N)C(=O)N[C@H]1Cc2ccccc2CN(CCC(=O)N[C@@H](CCCNC(=N)N)C(=O)N[C@@H](Cc2ccc(O)cc2)C(=O)N[C@@H](Cc2ccc(F)cc2)C(=O)N[C@@H](CCCNC(=N)N)C(=O)N[C@@H](Cc2c[nH]c3ccccc23)C(=O)N[C@@H](CCCNC(=N)N)C(N)=O)C1=O,7.08
OPRK1,CHEMBL3698857,O=C1CN(C2CCN(C3CCCCCCC3)CC2)c2ccccc2N1,7.08
OPRK1,CHEMBL3976681,COc1ccc2c(c1)[C@]13CCN(CC4CC4)[C@H](C2)[C@@H]1C[C@@H](C(C)C)C(=O)C3,7.08
OPRK1,CHEMBL4071661,Oc1cccc(C(O)CNCc2ccc(Cl)cc2Cl)c1,7.08
OPRK1,CHEMBL4476818,Cc1cc(O)cc(C)c1C[C@H](N)C(=O)N[C@@H]1CCN(C(=O)C2CC2)c2ccc(Cc3cnc4ccccc4c3)cc21.O=C(O)C(F)(F)F,7.08
OPRK1,CHEMBL5199796,COc1ccc2c3c1O[C@H]1[C@@]4(OC)CC[C@@]5(C[C@@]4(C)C(=O)c4ccc(C)cc4)[C@@H](C2)N(CC2CC2)CC[C@]315,7.08
OPRK1,CHEMBL5613039,Cc1ccc(CCc2nnc(-c3ccccn3)n2Cc2ccccc2)cc1C(F)(F)F,7.08
OPRK1,CHEMBL5820390,CO[C@@H]1CN(c2nc3ccc(C)cc3cc2-c2noc(C)n2)CC[C@@H]1NC1CCCCC1,7.08
OPRK1,CHEMBL266845,CN[C@@H](Cc1ccc(O)cc1)C(=O)N[C@@H](C)C(=O)NCC(=O)N[C@@H](Cc1ccccc1)C(=O)N[C@@H](CC(C)C)C(=O)N[C@@H](CCCN=C(N)N)C(=O)N[C@@H](CCCN=C(N)N)C(=O)N[C@@H](CC(C)C)C(N)=O,7.07
OPRK1,CHEMBL339254,COc1ccc(C[C@@H]2CN3C(=NC[C@@H]3C)N2CCC2CC3CCC2C3)cc1,7.07
OPRK1,CHEMBL320874,O=C1Cc2ccccc2N1C1CCN(Cc2ccccc2)CC1,7.07
OPRK1,CHEMBL473280,CC(C)N(CCN1CN(c2ccccc2)C2(CCN(C3CCC(C)(C)c4ccccc43)CC2)C1=O)C(C)C,7.07
OPRK1,CHEMBL568878,OCc1cc2c(cc1O)[C@@]13CCCC[C@H]1[C@@H](C2)N(CC1CCC1)CC3,7.07
OPRK1,CHEMBL3287467,Oc1ccc2c(c1)[C@]13CCN(CC4CC4)C[C@@]1(C2)Cc1cc2ccccc2nc1C3,7.07
OPRK1,CHEMBL3590198,Cc1cc(C)c(S(=O)(=O)N2CCc3cc(C(=O)NCCN(Cc4ccc(F)cc4)C(C)(C)C)ccc3C2)c(C)c1,7.07
OPRK1,CHEMBL3698818,CCOC(=O)c1nc2ccccc2n([C@H]2C[C@H]3CCC[C@@H](C2)N3C(C)CC(C)C)c1=O,7.07
OPRK1,CHEMBL3941054,O=C(O)[C@@H]1CCN1c1nc2ccccc2n([C@H]2C[C@H]3CCC[C@@H](C2)N3[C@@H]2C[C@@H]3CCCC[C@@H](C3)C2)c1=O,7.07
OPRK1,CHEMBL4068633,Cc1ccc(NC(=O)[C@H]2CC=C[C@H]3CCN(Cc4ccccc4F)C(=O)[C@@H]23)cc1C(F)(F)F,7.07
OPRK1,CHEMBL4779988,CC[C@H](C)[C@H](NC(=O)[C@H](CCCNC(=N)N)NC(=O)[C@H](CC(C)C)NC(=O)[C@H](Cc1ccccc1)NC(=O)CNC(=O)CNC(=O)[C@H](Cc1ccc(O)cc1)NC(C)=O)C(=O)N[C@@H](CCCNC(=N)N)C(=O)N1CCC[C@H]1C(=O)N[C@@H](CCCCN)C(N)=O,7.07
OPRK1,CHEMBL5269763,CC[C@H](C)[C@H](NC(=O)[C@H](CCC(N)=O)NC(=O)[C@H](Cc1c[nH]cn1)NC(=O)[C@H](CCCNC(=N)N)NC(=O)[C@@H]1CSSC[C@H](NC(=O)[C@@H](N)CC(N)=O)C(=O)N1)C(=O)N[C@H]1CSSC[C@@H](C(N)=O)NC1=O,7.07
OPRK1,CHEMBL328190,Oc1ccc2c(c1)CC[C@H](c1ccccc1)[C@@H]2c1ccc(OCCN2CCCC2)cc1,7.07
OPRK1,CHEMBL5832363,CCOC(=O)c1cc(Br)cnc1N1CCC(NC2CCCCC2)C(OC)C1,7.07
OPRK1,CHEMBL5883846,Cc1cnc(N2CCC(NC3CCCCCC3)C(CO)C2)c(-c2nc(C)no2)c1,7.07
OPRK1,CHEMBL5871867,CCCC(C)NC1CCN(c2nc3ccc(C)cc3cc2-c2noc(C)n2)CC1,7.07
OPRK1,CHEMBL6039109,CN(C)C(CNC(=S)NCCc1ccsc1)Cc1ccc(O)cc1,7.07
OPRK1,CHEMBL5878755,C[C@@H](Cc1ccsc1)NC(=O)NC[C@H](Cc1ccc(O)c(CO)c1)N(C)C,7.07
OPRK1,CHEMBL232548,COC(=O)c1ccc(Cn2ccnc2C2(c3ccccc3)CCN(C(=O)c3ccccc3)CC2)cc1,7.06
OPRK1,CHEMBL263917,CC1(Sc2nc3cc(Cl)c(N4CCN(CCO)CC4)cc3[nH]2)CCCCC1,7.06
OPRK1,CHEMBL72180,CC[C@@]12CCN(CCc3ccccc3)C[C@@H]1Oc1ccc(O)cc12,7.06
OPRK1,CHEMBL3409103,Oc1ccc2c(c1)[C@]1(CCCc3ccccc3)CCN(CCCc3ccccc3)C[C@@H]1O2,7.06
OPRK1,CHEMBL3634247,CC(=O)N1CC[C@@H](NC(=O)[C@@H](N)Cc2c(C)cc(O)cc2C)c2cc(Cc3ccccc3)ccc21,7.06
OPRK1,CHEMBL4112393,COc1ccc2c3c1O[C@H]1[C@@]4(OC)CC[C@@]5(C[C@@H]4COCc4cccc(CC(=O)O)c4)[C@@H](C2)N(CC2CC2)CC[C@]315,7.06
OPRK1,CHEMBL4245987,COc1ccc2c3c1O[C@H]1[C@@]4(OC)CC[C@@]5(C[C@]4(C)C(=O)c4ccc(-c6ccccc6)cc4)[C@@H](C2)N(CC2CC2)CC[C@]315,7.06
OPRK1,CHEMBL5170846,COc1ccc2c3c1O[C@H]1[C@@]4(OC)CC[C@@]5(C[C@@]4(C)C(=O)c4ccc6ccccc6c4)[C@@H](C2)N(CC2CC2)CC[C@]315,7.06
OPRK1,CHEMBL5893355,COC(=O)c1cc(I)cnc1N1CCC(NC2CCCCC2)C1,7.06
OPRK1,CHEMBL5921942,COC(=O)c1cc(Br)cnc1N1CCC(NC2CCCCC2C)C(CO)C1,7.06
OPRK1,CHEMBL5822882,c1cnnc(-c2cc3ccccc3nc2N2CCC(NC3CCCCC3)CC2)c1,7.06
OPRK1,CHEMBL297605,CN1CC[C@]23c4c5ccc(O)c4O[C@@]2(C)C(=O)CC[C@@]3(NC(=O)CSSCC(=O)N[C@@]23CCC(=O)[C@]4(C)Oc6c(O)ccc7c6[C@@]42CCN(C)C3C7)C1C5,7.05
OPRK1,CHEMBL363324,COC(=O)[C@@H]1C[C@H](OC(=O)c2ccccc2)C(=O)[C@H]2[C@@]1(C)CC[C@H]1C(=O)O[C@H](c3ccoc3)C[C@]21C,7.05
OPRK1,CHEMBL374228,CN1CC[C@]23c4c5ccc(O)c4O[C@H]2c2c(c4c(n2C)CCCC4)C[C@@]3(O)C1C5,7.05
OPRK1,CHEMBL375503,COc1ccc2c(c1)[C@]13CCN(CC4CCC4)[C@H](C2)[C@@H]1Cc1c([nH]c2ccccc12)C3,7.05
OPRK1,CHEMBL412098,O=C1NCN(c2ccccc2)C12CCN([C@@H]1CC[C@H]3CCCc4cccc1c43)CC2,7.05
OPRK1,CHEMBL407155,COC(=O)[C@@H]1C[C@H](OC(=O)c2ccccc2Br)C(=O)[C@H]2[C@@]1(C)CC[C@H]1C(=O)O[C@H](c3ccoc3)C[C@]21C,7.05
OPRK1,CHEMBL524522,COC(=O)[C@@H]1C[C@H](OC(=O)CNC(=O)OC(C)(C)C)C(=O)[C@H]2[C@@]1(C)CC[C@H]1C(=O)O[C@H](c3ccoc3)C[C@]21C,7.05
OPRK1,CHEMBL1257579,C[C@H](c1ccc(Cl)nc1)N1[C@@H]2CC[C@H]1C[C@H](Oc1cccc(C(N)=O)c1)C2,7.05
OPRK1,CHEMBL3104101,Cc1cc(O)cc(C)c1C[C@H](N)C(=O)N1CCN(C/C=C/Cc2ccccc2)CC1,7.05
OPRK1,CHEMBL3262549,CCC1C(=O)N(C2CCN(CCC(c3ccccc3)c3ccccc3)CC2)c2ccccc21,7.05
OPRK1,CHEMBL3688138,COc1ccc2c(c1)[C@@]1(CCO)CCN(CC3CC3)[C@H](C2)[C@@H]1CO,7.05
OPRK1,CHEMBL6067671,c1ccc2c(c1)nc(-c1cnc[nH]1)n2[C@H]1C[C@H]2CCC[C@@H](C1)N2[C@@H]1C[C@@H]2CCC[C@@H](C2)C1,7.05
OPRK1,CHEMBL4090148,O=C(NCC1NCCc2ccccc21)c1ccc(Cl)cc1,7.05
OPRK1,CHEMBL4562400,COc1ccc2c3c1O[C@H]1[C@@]4(OC)CC[C@@]5(C[C@@H]4c4ccc(N6CCN(C(=O)c7ccccc7)CC6)cc4)[C@@H](C2)N(CC2CC2)CC[C@]315,7.05
OPRK1,CHEMBL6047430,Cc1ccc(-c2nc(C)no2)c(N2CCC(NC3CCCCC3)CC2)n1,7.05
OPRK1,CHEMBL6141573,NC(=O)c1ccccc1CCN(CCc1ccccc1)CC1CCC1,7.05
OPRK1,CHEMBL213567,COC(=O)[C@@H]1C[C@@H](N(C)C)C(=O)[C@H]2[C@@]1(C)CC[C@H]1C(=O)O[C@H](c3ccoc3)C[C@]21C,7.04
OPRK1,CHEMBL2418730,C[C@H]1C[C@H]2C[C@](c3cccc(O)c3)(CCN2CCc2ccccc2)C1,7.04
OPRK1,CHEMBL3634253,Cc1cc(O)cc(C)c1C[C@H](N)C(=O)N[C@@H]1CCCc2ccc(Cc3ccc4ccccc4c3)cc21,7.04
OPRK1,CHEMBL5564464,NC(=O)[C@@H]1CCCN1C(=O)[C@H]1CC(=O)NCCCC[C@@H](NC(=O)[C@@H](N)Cc2ccc(O)cc2)C(=O)NCC(=O)N[C@@H](Cc2ccc(F)cc2)C(=O)N1,7.04
OPRK1,CHEMBL5795210,CN(C)C(CNC(=O)NC(C)(C)Cc1ccccc1)Cc1ccc(O)cc1,7.04
OPRK1,CHEMBL536550,CN(C(=O)Cc1ccc2sccc2c1)[C@@H]1CCCC[C@H]1N1CCCC1.Cl,7.03
OPRK1,CHEMBL405097,CC[C@H](C)[C@H](NC(=O)[C@H](CCCN=C(N)N)NC(=O)[C@H](CCCN=C(N)N)NC(=O)[C@H](CC(C)C)NC(=O)[C@H](Cc1ccccc1)NC(=O)CNC(=O)[C@H]1CCCN1C(=O)[C@@H](N)Cc1ccc(O)cc1)C(=O)N[C@@H](CCCN=C(N)N)C(=O)N1CCC[C@@H]1C(=O)N[C@@H](CCCCN)C(N)=O,7.03
OPRK1,CHEMBL110461,CN1CC[C@]23c4c5ccc(O)c4O[C@@]2(C)c2[nH]c4ccccc4c2C[C@@]3(C/C=C/c2ccccc2)C1C5,7.03
OPRK1,CHEMBL14905,Cc1ccc(Nc2cccn(C(CN3CCCC3)c3ccccc3)c2=O)cc1,7.03
OPRK1,CHEMBL15034,COc1ccccc1-c1cccn(C(CN2CCC(O)C2)c2ccccc2)c1=O,7.03
OPRK1,CHEMBL190785,COC(=O)[C@@H]1C[C@H](OC(=O)Nc2ccccc2)C(=O)[C@H]2[C@@]1(C)CC[C@H]1C(=O)O[C@H](c3ccoc3)C[C@]21C,7.03
OPRK1,CHEMBL241086,O=C1NCN(c2ccccc2)C12CCN(C1CCCc3c(Cl)cccc31)CC2,7.03
OPRK1,CHEMBL3237722,Cc1cc(O)cc(C)c1C[C@H](N)C(=O)N[C@@H]1CSCCSC(C)(C)[C@H](C(=O)N[C@@H](CO)C(N)=O)NC(=O)C2(Cc3ccccc3C2)NC1=O,7.03
OPRK1,CHEMBL3698846,Nc1nc2ccccc2n(C2CCN(C3CCCCCCC3)CC2)c1=O,7.03
OPRK1,CHEMBL4745486,CC[C@H](C)[C@H](NC(=O)[C@H](CCCNC(=N)N)NC(=O)[C@H](CC(C)C)NC(=O)[C@H](Cc1ccccc1)NC(=O)CNC(=O)CNC(=O)[C@@H](C)Cc1c(C)cc(O)cc1C)C(=O)N[C@@H](CCCNC(=N)N)C(N)=O,7.03
OPRK1,CHEMBL4870917,COc1ccc2c3c1O[C@H]1[C@@]4(OC)CC[C@@]5(C[C@@H]4c4cccc(NCC(O)COc6cccc7[nH]c8ccccc8c67)c4)[C@@H](C2)N(CC2CC2)CC[C@]315,7.03
OPRK1,CHEMBL5272171,CN(C)CC1CN(C(=O)Cc2cccc(OC(F)(F)F)c2)CCC1(O)c1cccc(O)c1,7.03
OPRK1,CHEMBL5269558,CN(C)CC1CN(C(=O)Cc2ccc(OC(F)(F)F)cc2)CCC1(O)c1cccc(O)c1,7.03
OPRK1,CHEMBL5430253,COc1cccc(Cn2nc(CNCc3ccc4ccccc4c3)c3c4cc(OC)c(OC)cc4c(-c4ccccc4Cl)nc32)c1,7.03
OPRK1,CHEMBL5908238,CCOC(=O)c1cc(Cl)cnc1N1CCC(NC2CCCCC2)C(CO)C1,7.03
OPRK1,CHEMBL5793183,Cc1ccc2nc(N3CCC(NC4CCCCC4O)CC3)c(-c3ccc(C)nn3)cc2c1,7.03
OPRK1,CHEMBL2113379,CN1CC[C@]23c4c5ccc(O)c4O[C@H]2c2[nH]c4ccccc4c2C[C@@]3(NC(=O)Cc2ccccc2)C1C5,7.02
OPRK1,CHEMBL336234,C[C@H]1CN(CCc2ccccc2)CC[C@@]1(C)c1cccc(C(N)=O)c1,7.02
OPRK1,CHEMBL230394,CN(C(=O)CC(=O)Nc1ccc(CNS(C)(=O)=O)cc1)[C@H](CN1CC[C@H](O)C1)c1ccccc1,7.02
OPRK1,CHEMBL595472,CCN(CC)C(=O)c1ccc(C2(c3cccc(O)c3)CCN(CCc3ccccc3)CC2)cc1,7.02
OPRK1,CHEMBL1727825,O=C(Cn1c(=O)c2cccn2c2cccnc21)NCCCN1CCN(c2ccc(Cl)cc2)CC1,7.02
OPRK1,CHEMBL1766034,c1ccc(Nc2nc3cc4c(cc3s2)C[C@@H]2[C@@H]3CCCC[C@]43CCN2CC2CC2)nc1,7.02
OPRK1,CHEMBL3770668,Cc1cc(O)ccc1C[C@H](N)C(=O)N[C@@H]1CCNc2ccc(Cc3ccccc3)cc21,7.02
OPRK1,CHEMBL4790994,Cc1cc(O)cc(C)c1C[C@H](N)C(=O)N[C@H](CCCNC(=N)N)C(=O)N[C@H]1Cc2ccccc2CN(CCC(=O)N[C@@H](CCCN2CCC(Cc3ccccc3)CC2)C(=O)N[C@@H](Cc2ccccc2)C(N)=O)C1=O,7.02
OPRK1,CHEMBL6052286,COC1CN(c2nc3ccc(C)cc3cc2C(=O)N(C)C)CCC1NC1CCCCC1,7.02
OPRK1,CHEMBL6013939,CO[C@H]1CN(c2nc3ccc(C)cc3nc2-c2nc(C)no2)CC[C@H]1NC1CCCCC1,7.02
OPRK1,CHEMBL197895,CC(C)c1ccc2c(c1)C1(CCN(CC3CCCCCCC3)CC1)C(=O)N2C,7.01
OPRK1,CHEMBL222704,CCn1c2c(c3c1[C@@H]1Oc4c(O)ccc5c4[C@@]14CCN(C)C(C5)[C@]4(O)C3)CCCC2,7.01
OPRK1,CHEMBL272805,CC(C)(C)C1CCC(N2CCC3(CC2)C(=O)N(Cc2ccccc2)Cc2ccccc23)CC1,7.01
OPRK1,CHEMBL570232,C=CCCN1CCC(N(c2ccc(C(=O)N(CC)CC)cc2)c2cccc(O)c2)CC1,7.01
OPRK1,CHEMBL1723909,O=C(c1ccccn1)N(Cc1ccco1)C1(C(=O)Nc2ccc(Br)cc2)CCCCC1,7.01
OPRK1,CHEMBL1808302,Oc1ccc2c(c1)[C@]13CCN(CCc4ccccc4)[C@H](CC[C@H]1O2)C3,7.01
OPRK1,CHEMBL1824515,Cc1cnccc1C(=O)N[C@@H]1CC[C@@]2(O)[C@H]3Cc4ccc(O)c5c4[C@@]2(CCN3CC2CC2)[C@H]1O5.Cl,7.01
OPRK1,CHEMBL4060073,CC(C)CN1CCC23c4cc(O)ccc4CC1C21CCC2C3[C@@H](CN2C(=O)c2ccccc2)O1,7.01
OPRK1,CHEMBL4451910,Cc1cc(O)cc(C)c1C[C@H](N)C(=O)N[C@@H]1CCN(C(=O)C2CC2)c2ccc(Cc3cc4ccccc4o3)cc21.O=C(O)C(F)(F)F,7.01
OPRK1,CHEMBL4780433,CC(=O)N[C@@H](Cc1ccc(O)cc1)C(=O)NCC(=O)NCC(=O)N[C@@H](Cc1ccccc1)C(=O)N[C@@H](CC(C)C)C(=O)N[C@@H](CCCNC(=N)N)C(=O)N[C@H](C)C(=O)N[C@@H](CCCNC(=N)N)C(=O)N1CCC[C@@H]1C(=O)N[C@@H](CCCCN)C(N)=O,7.01
OPRK1,CHEMBL5568344,Oc1cccc(N2C[C@H]3CC[C@@H](C2)N3CCCc2ccccc2)c1,7.01
OPRK1,CHEMBL5914787,Cc1noc(-c2cc3ccccc3nc2N2CCC(NC3CCOCC3)C(CO)C2)n1,7.01
OPRK1,CHEMBL5972304,Cc1noc(-c2cc3cccc(C)c3nc2N2CCC(NC3CCOCC3)CC2)n1,7.01
OPRK1,CHEMBL115280,O=C1NCN(c2ccccc2)C12CCN(Cc1cccc(Oc3ccccc3)c1)CC2,7.0
OPRK1,CHEMBL139180,CC(CCN1CC[C@@](C)(c2cccc(C(N)=O)c2)[C@@H](C)C1)c1ccccc1,7.0
OPRK1,CHEMBL182106,CN(C(=O)[C@@H](NC(=O)c1ccccc1)c1ccccc1)[C@H](CN1CCCC1)c1ccccc1,7.0
OPRK1,CHEMBL370613,O=C1N(CC(O)CNCCN2CCOCC2)c2ccccc2C12CCN(CC1CCCCCCC1)CC2,7.0
OPRK1,CHEMBL200442,CN(C(=O)[C@@H]1CCc2cc(CNS(C)(=O)=O)ccc2O1)[C@H](CN1CC[C@H](O)C1)c1ccccc1,7.0
OPRK1,CHEMBL203307,C[C@@H]1C[C@@](C)(c2cccc(O)c2)[C@@H](C)CN1CCc1ccccc1,7.0
OPRK1,CHEMBL412996,C[C@H]1CN2C[C@H](c3ccccc3)N(Cc3ccccc3)C[C@H]2C[C@@]1(C)c1cccc(O)c1,7.0
OPRK1,CHEMBL385392,C[C@H]1[C@@H]2CC[C@H](c3ccccc3)CN2CC[C@@]1(C)c1cccc(O)c1,7.0
OPRK1,CHEMBL270190,C[C@H]1CN(C[C@H](Cc2ccccc2)C(=O)NCC(=O)O)CC[C@@]1(C)c1cccc(O)c1,7.0
OPRK1,CHEMBL516552,C=CCN1CC[C@]23c4c5ccc(C(N)=O)c4O[C@@H]2[C@@H](O)C=C[C@H]3[C@H]1C5,7.0
OPRK1,CHEMBL511588,NC(=O)c1ccc2c3c1O[C@H]1[C@@H](O)CC[C@@]4(O)[C@@H](C2)N(CC2CC2)CC[C@]314,7.0
OPRK1,CHEMBL453067,COCCN(CC(=O)N(C)C(CN1CCCC1)c1ccc(-c2ccc(C(N)=O)cc2)cc1)c1ccc(Cl)c(Cl)c1,7.0
OPRK1,CHEMBL3359799,COC(=O)[C@@H]1C[C@H](OC(C)=O)C(=O)[C@H]2[C@@]1(C)CC[C@H]1C(=O)O[C@H](c3ccoc3C#Cc3ccccc3)C[C@]21C,7.0
OPRK1,CHEMBL3597074,CC(C)C[C@H](NC(=O)[C@H](CO[C@@H]1O[C@H](CO)[C@@H](O)[C@H](O)[C@H]1O)NC(=O)[C@H](CCCCN)NC(=O)[C@H](CC(C)C)NC(=O)[C@H](C)NC(=O)[C@H](CCCCN)NC(=O)[C@H](CCC(=O)O)NC(=O)C(C)(C)NC(=O)[C@H](CC(C)C)NC(=O)[C@H](CC(N)=O)NC(=O)[C@@H]1CCCN1C(=O)CCNC(=O)[C@H](Cc1ccccc1)N(C)C(=O)CNC(=O)[C@@H](C)NC(=O)[C@@H](N)Cc1ccc(O)cc1)C(N)=O,7.0
OPRK1,CHEMBL4482942,CCOc1ccc(CN2CCCCC2)cc1CNC(=O)[C@@H](N)Cc1c(C)cc(O)cc1C.O=C(O)C(F)(F)F,7.0
OPRK1,CHEMBL4569709,Cc1cc(O)cc(C)c1C[C@H](N)C(=O)N[C@@H]1CCN(C(=O)c2ccccc2)c2ccc(Cc3cnc4ccccc4c3)cc21.O=C(O)C(F)(F)F,7.0
OPRK1,CHEMBL4459439,Cc1cc(O)cc(C)c1C[C@H](N)C(=O)N[C@@H]1CCN(C(=O)c2ccccc2)c2ccc(Cc3cc4ccccc4o3)cc21.O=C(O)C(F)(F)F,7.0
OPRK1,CHEMBL4753934,CO[C@@]12CC[C@H](N[C@@H](Cc3ccc(O)cc3)C(=O)O)[C@@H]3Oc4c(O)ccc5c4[C@@]31CCN(C)[C@@H]2C5,7.0
OPRK1,CHEMBL5089740,O=C(Cc1cc[nH]n1)N[C@H]1CC[C@@]2(O)[C@H]3Cc4ccc(O)c5c4[C@@]2(CCN3CC2CC2)[C@H]1O5,7.0
OPRK1,CHEMBL5795559,COC1CN(c2ncc(Br)cc2-c2nc(C)no2)CCC1NC1CCCCC1,7.0
OPRK1,CHEMBL5859946,COC1CN(c2ncc(C)cc2C=N)CCC1NC1CCCCC1,7.0
OPRK1,CHEMBL6020071,Cc1ccc2nc(N3CCC(NC4CCCCC4)C(CO)C3)c(C(=O)N(C)C)cc2c1,7.0
OPRK1,CHEMBL5762703,Cc1noc(-c2ccc(CO)nc2N2CCC(NC3CCCCC3)CC2)n1,7.0
OPRK1,CHEMBL5755129,Cc1nc(-c2cc3cc(F)ccc3nc2N2CCC(N[C@@H]3CCCC[C@H]3O)CC2)no1,7.0
OPRK1,CHEMBL5892025,CN(C)[C@H](CNC(=O)CCCc1ccccc1)Cc1ccc(O)cc1,7.0
OPRK1,CHEMBL339552,CN(C)CC1CCCCN1C(=O)Cc1ccc(Cl)c(Cl)c1,6.99
OPRK1,CHEMBL272601,CC(C)C1CCC(N2CCC3(CC2)C(=O)N(C)Cc2cc(F)ccc23)CC1,6.99
OPRK1,CHEMBL1333440,O=C(c1ccccn1)N(Cc1cccs1)C1(C(=O)NC2CCCCC2)CCCCC1,6.99
OPRK1,CHEMBL3759179,Cc1cc(O)cc(C)c1C[C@H](N)C(=O)N[C@@H]1CCCCNC(=O)C[C@@H](C(N)=O)NC(=O)[C@@H](Cc2ccc3ccccc3c2)NC(=O)[C@H](Cc2ccccc2)NC1=O,6.99
OPRK1,CHEMBL3698809,CN(C)C1(C(=O)O)CCN(c2nc3ccccc3n([C@H]3C[C@H]4CC[C@@H](C3)N4C3CCCCCCC3)c2=O)CC1,6.99
OPRK1,CHEMBL4647696,Cc1ccc(-c2cnc3c(c2)C[C@@]2(OCCCc4ccccc4)[C@H]4Cc5ccc(O)c6c5[C@@]2(CCN4CC2CC2)[C@H]3O6)cc1,6.99
OPRK1,CHEMBL4633907,COc1cccc(-c2cnc3c(c2)C[C@@]2(OCCCc4ccccc4)[C@H]4Cc5ccc(O)c6c5[C@@]2(CCN4CC2CC2)[C@H]3O6)c1,6.99
OPRK1,CHEMBL4798887,Cc1cc(O)cc(C)c1C[C@H](NC(=O)[C@@H]1CCCN1C(=O)[C@H](CCCNC(=N)N)NC(=O)[C@H](CCCNC(=N)N)NC(=O)CCN1Cc2ccccc2C[C@H](NC(=O)[C@@H](CCCNC(=N)N)NC(=O)[C@@H](N)Cc2c(C)cc(O)cc2C)C1=O)C(=O)N[C@H](C(=O)N[C@@H](CC(C)C)C(=O)O)C(C)(C)C,6.99
OPRK1,CHEMBL5414202,COc1ccc(CNCc2nn(Cc3cccc(OC)c3)c3nc(-c4ccccc4Cl)c4cc(OC)c(OC)cc4c23)cc1,6.99
OPRK1,CHEMBL74355,COc1cccc([C@H](O)C2CCN(CCc3ccc(F)cc3)CC2)c1OC,6.99
OPRK1,CHEMBL5631161,COc1ccc2c3c1O[C@H]1[C@@]4(OC)C=C[C@@]5(C[C@@H]4C(=O)c4ccc(NCc6ccccc6)cc4)[C@@H](C2)N(CC2CC2)CC[C@]315,6.99
OPRK1,CHEMBL325750,O=C1NCN(c2ccccc2)C12CCN(Cc1ccc3nsnc3c1)CC2,6.98
OPRK1,CHEMBL3144469,CC(=O)N[C@@H](CCCN=C(N)N)C(=O)N[C@H](CC1CCCCC1)C(=O)N[C@H]1CC[C@H]2CCC[C@@H](C(=O)N[C@H](CCCN=C(N)N)C(=O)N[C@H](Cc3ccc(Cl)cc3)C(N)=O)N2C1=O,6.98
OPRK1,CHEMBL5202222,COc1ccc2c3c1O[C@H]1[C@@]4(OC)CC[C@@]5(C[C@@]4(C)C(=O)c4ccc(C(F)(F)F)cc4)[C@@H](C2)N(CC2CC2)CC[C@]315,6.98
OPRK1,CHEMBL5287792,CN(C)CC1CN(C(=O)CCc2cccc(C(F)(F)F)c2)CCC1(O)c1cccc(O)c1,6.98
OPRK1,CHEMBL5418514,COc1cc2c(-c3ccccc3Cl)nc3c(c(CNCc4cccc(Oc5ccccc5)c4)nn3Cc3cccc(Cl)c3)c2cc1OC,6.98
OPRK1,CHEMBL5951370,COC1CN(c2nc(C)c(C)cc2-c2nc(C)no2)CCC1NC1CCOCC1,6.98
OPRK1,CHEMBL5745798,CO[C@@H]1CN(c2ncc(C)cc2-c2nc(C)no2)CC[C@@H]1NC1CCCC1,6.98
OPRK1,CHEMBL5833729,CCc1noc(-c2cc(C)cnc2N2CCC(NC3CCCCC3)C(OC)C2)n1,6.98
OPRK1,CHEMBL5759401,Cc1ccc2nc(N3CCC(NC4(C)CCOCC4)CC3)c(-c3noc(C)n3)cc2c1,6.98
OPRK1,CHEMBL5811190,CO[C@H]1CN(c2ncc(C)cc2-c2cnc(C)cn2)CC[C@H]1NC1CCCCC1,6.98
OPRK1,CHEMBL356473,Cc1ccc(-c2cn(Cc3ccccc3)c3c2C[C@@]2(O)C4Cc5ccc(O)c6c5[C@@]2(CCN4CC2CC2)[C@H]3O6)cc1,6.97
OPRK1,CHEMBL391623,CCOC(=O)N1CCC(c2ccccc2)(c2nccn2Cc2ccc(O)cc2)CC1,6.97
OPRK1,CHEMBL396636,CC(C)CCCN1CCCc2cc(Oc3ccc(C(N)=O)cn3)ccc2C1,6.97
OPRK1,CHEMBL237506,CCCCCN1CCCc2cc(Oc3ccc(C(N)=O)cn3)ccc2C1,6.97
OPRK1,CHEMBL3590201,Cc1cc(C)c(S(=O)(=O)N2CCc3cc(C(=O)NCCN(Cc4ccc(Br)cc4)C(C)(C)C)ccc3C2)c(C)c1,6.97
OPRK1,CHEMBL3622717,COC[C@@]1(CCOCCI)C[C@@H](C(=O)OC)[C@]2(C)CC[C@H]3C(=O)O[C@H](c4ccoc4)C[C@]3(C)[C@H]2C1=O,6.97
OPRK1,CHEMBL3704589,O=C(O)CN1CCCC[C@H]1c1nc2ccccc2n1[C@H]1C[C@H]2CCC[C@@H](C1)N2[C@@H]1C[C@@H]2CCCC[C@@H](C2)C1,6.97
OPRK1,CHEMBL2059381,O=C1/C(=C/c2ccc(F)cc2)C[C@@]2(O)[C@H]3Cc4ccc(O)c5c4[C@@]2(CCN3CC2CC2)[C@H]1O5,6.97
OPRK1,CHEMBL4797394,Cc1cc(O)cc(C)c1C[C@H](N)C(=O)N[C@H](CCCNC(=N)N)C(=O)N[C@H]1Cc2ccccc2CN(CCC(=O)N[C@@H](CCCNC(=N)N)C(=O)N[C@@H](Cc2ccccc2)C(N)=O)C1=O,6.97
OPRK1,CHEMBL5775905,COC(=O)c1cc(C)cnc1N1CCC(NC2CCCCC2)C(O)C1,6.97
OPRK1,CHEMBL5839933,OCC1CN(c2nc3ccccc3cc2-c2ncco2)CCC1NC1CCCCC1,6.97
OPRK1,CHEMBL5893187,COC1CN(c2nc3cc(C)c(C)cc3cc2-c2nc(C)no2)CCC1NC1CCCCC1,6.97
OPRK1,CHEMBL5813138,Cc1ccc2nc(N3CCC(NC[C@H](C)O)CC3)c(-c3nc(C)no3)cc2c1,6.97
OPRK1,CHEMBL5775609,C[C@H]1[C@H]2C(=O)c3ccc(NC(CO)CO)cc3[C@]1(C)CCN2CC1CC1,6.97
OPRK1,CHEMBL146555,COC(=O)[C@@H]1CCC[C@@H](CN2CCCC2)N1C(=O)Cc1ccc(Cl)c(Cl)c1,6.96
OPRK1,CHEMBL300616,Oc1nc2ccccc2n1C1CCN(Cc2ccccc2)CC1,6.96
OPRK1,CHEMBL290855,CN1CCC2(c3cccc(O)c3)CCCC1[C@H]2O,6.96
OPRK1,CHEMBL40993,COc1ccccc1CN1CCC[C@@H]1C/N=C(\S)N1Cc2ccccc2C[C@H]1CNC(=O)Nc1ccccc1,6.96
OPRK1,CHEMBL383785,COCOC(=O)[C@@H]1C[C@H](OC(C)=O)C(=O)[C@@H]2[C@@]3(C)C[C@@H](c4ccoc4)OC(=O)[C@H]3CC[C@]21C,6.96
OPRK1,CHEMBL382919,CCC[C@@H]1C[C@@](C)(c2cccc(O)c2)[C@@H](C)CN1CCc1ccccc1,6.96
OPRK1,CHEMBL2113302,COc1ccc(/C=C/C(=O)NC[C@H]2C[C@@]34CC[C@@]2(OC)[C@@H]2Oc5c(OC)ccc6c5[C@@]23CCN(C)[C@@H]4C6)cc1,6.96
OPRK1,CHEMBL495461,C[C@H]1C2Cc3cc([N+](=O)[O-])c(C(N)=O)cc3[C@@]1(C)CCN2CC1CC1,6.96
OPRK1,CHEMBL456923,COC(=O)[C@@H]1C[C@H](OC(C)=O)C(=O)[C@H]2[C@@]1(C)CC[C@H]1C(=O)O[C@H](C(=O)OC(C)C)C[C@]21C,6.96
OPRK1,CHEMBL466847,OC1(c2ccccc2)CC2CCC(C1)N2C(c1ccccc1Cl)c1ccccc1Cl,6.96
OPRK1,CHEMBL1257347,Cc1ccc([C@@H](C)N2[C@@H]3CC[C@H]2C[C@H](Oc2cccc(C(N)=O)c2)C3)s1,6.96
OPRK1,CHEMBL1766035,c1c2c(cc3sc(NN4CCNCC4)nc13)C[C@@H]1[C@@H]3CCCC[C@]23CCN1CC1CC1,6.96
OPRK1,CHEMBL2022294,COC(=O)[C@@H]1C[C@H](OC(C)=O)C(=O)[C@H]2[C@@]1(C)CC[C@H]1C(=O)O[C@H](C(=O)c3cccc(O)c3)C[C@]21C,6.96
OPRK1,CHEMBL48420,CN1CC[C@]23CCCC[C@H]2[C@H]1Cc1ccc(N)cc13,6.96
OPRK1,CHEMBL2322567,Cc1cc(O)cc(C)c1C[C@H](N)C(=O)N[C@H]1CCNc2ccc(CC3Cc4ccccc4C3)cc21,6.96
OPRK1,CHEMBL3104107,Cc1cc(O)cc(C)c1C[C@H](N)C(=O)N1CCC(CCCc2ccccc2)CC1,6.96
OPRK1,CHEMBL3409100,Oc1ccc2c(c1)[C@]1(CCCc3ccccc3)CCN(CCc3ccccc3)C[C@@H]1O2,6.96
OPRK1,CHEMBL3409101,Oc1ccc2c(c1)[C@]1(CCCc3ccccc3)CCN(CCc3ccc(F)cc3)C[C@@H]1O2,6.96
OPRK1,CHEMBL4522339,CCC1CC2CC3c4[nH]c5ccc(O)cc5c4CCN(C2)C13,6.96
OPRK1,CHEMBL2170801,O[C@@H]1[C@H](O)[C@@H]2C[C@@H]2[C@H]1n1cnc2c(NC(C3CCCC3)C3CCCC3)nc(Cl)nc21,6.96
OPRK1,CHEMBL3182567,COC(=O)c1cc(Br)cnc1N1CCC(NC2CCCCCC2)CC1,6.96
OPRK1,CHEMBL5838734,COC(=O)c1cc(Cl)cnc1N1CCC(NC2CCCCC2)C(CO)C1,6.96
OPRK1,CHEMBL114203,C[C@H]1C2Cc3ccc(O)cc3[C@@]1(C)CCN2,6.95
OPRK1,CHEMBL2179660,CN1CC[C@]23c4c5ccc(O)c4O[C@H]2c2ncc(-c4ccc(Cl)cc4)cc2C[C@@]3(OC(=O)c2ccccc2)[C@H]1C5,6.95
OPRK1,CHEMBL3590190,Cc1cc(C)c(S(=O)(=O)N2CCc3cc(C(=O)NCCN(Cc4ccccc4)C(C)C)ccc3C2)c(C)c1,6.95
OPRK1,CHEMBL4108094,COc1ccc2c3c1O[C@H]1[C@@]4(OC)CC[C@@]5(C[C@@H]4COCc4ccc(C(C)(F)F)cc4)[C@@H](C2)[N+](C)(CC2CC2)CC[C@]315,6.95
OPRK1,CHEMBL3986914,C[C@@H]1C[C@@H]2C[C@H](C1)C[C@@H](N1[C@@H]3CCC[C@H]1C[C@@H](n1c(=O)c(N4CC(C(=O)O)C4)nc4ccccc41)C3)C2,6.95
OPRK1,CHEMBL4113014,CC12C[C@H]3C[C@@H](N4[C@@H]5CCC[C@H]4C[C@@H](n4c(=O)c(N6CC(C(=O)O)C6)nc6ccccc64)C5)C[C@@H]1C[C@@H]2C3,6.95
OPRK1,CHEMBL3907057,Cc1cc(C)c(-n2ccn3nc(-c4cccnc4)cc23)cc1NC(=O)c1cc(C#N)cc(S(F)(F)(F)(F)F)c1,6.95
OPRK1,CHEMBL5177485,C[C@@H]1C(=O)N[C@@H](Cc2ccccc2)C(=O)N[C@@H](Cc2c[nH]c3ccccc23)C(=O)N[C@@H](Cc2ccccc2)C(=O)N1C,6.95
OPRK1,CHEMBL5960404,CCc1noc(-c2cc3cc(C)ccc3nc2N2CC[C@@H](NC3CCCCC3)[C@H](O)C2)n1,6.95
OPRK1,CHEMBL5978589,CCc1noc(-c2cc3cc(C)ccc3nc2N2CC[C@@H](NC3CCCCC3)[C@H](OC)C2)n1,6.95
OPRK1,CHEMBL107164,CN1CCC23c4c5ccc(O)c4O[C@@]2(C)C(=O)CC[C@@]3(NC(=O)/C=C/c2ccc([N+](=O)[O-])cc2)C1C5,6.94
OPRK1,CHEMBL199871,O=C(Nc1ccccc1)N1CCC(c2ccccc2)(c2nccn2Cc2ccccc2F)CC1,6.94
OPRK1,CHEMBL233955,NCc1ccccc1C1(O)CCN(C(c2ccccc2F)c2ccccc2F)CC1,6.94
OPRK1,CHEMBL3704636,c1ccc2c(c1)nc(Cc1cnccn1)n2[C@H]1C[C@H]2CCC[C@@H](C1)N2[C@@H]1C[C@@H]2CCCC[C@@H](C2)C1,6.94
OPRK1,CHEMBL3942346,C[C@@H]1C[C@@H]2C[C@H](C1)C[C@@H](N1[C@@H]3CC[C@H]1C[C@@H](n1c(=O)c(N4CC[C@H]4C(=O)O)nc4ccccc41)C3)C2,6.94
OPRK1,CHEMBL4546925,CC[C@@H]1CN2CCc3c([nH]c4cccc(OC)c34)[C@H]2C[C@@H]1/C(=C\OC)C(=O)OC,6.94
OPRK1,CHEMBL4446196,Cc1cc(O)cc(C)c1C[C@H](N)C(=O)N[C@@H]1CCNc2ccc(Cc3ccc4c(c3)OCCO4)cc21.O=C(O)C(F)(F)F,6.94
OPRK1,CHEMBL6034593,COC(=O)c1cc(I)cnc1N1CCC(NC2CCCCC2C)C(CO)C1,6.94
OPRK1,CHEMBL6002194,Cc1cnc(N2CCC(NC3CCCC3)C(CO)C2)c(-c2nc(C)no2)c1,6.94
OPRK1,CHEMBL5742464,Cc1cnc(N2CCC(NC3CCCCC3)CC2)c(-c2ccc(C)o2)c1,6.94
OPRK1,CHEMBL5879540,Cc1nc(-c2cc3ccc(F)c(C)c3nc2N2CCC(N[C@H]3CCCC[C@@H]3O)CC2)no1,6.94
OPRK1,CHEMBL6024017,Cc1nc(-c2cc3ccc(F)c(C)c3nc2N2CCC(NC3CCCC[C@@H]3O)CC2)no1,6.94
OPRK1,CHEMBL322796,COc1cccc2c1[C@]13CCN(CC4CC4)[C@H](C2)[C@]1(OC)CCC(=O)C3,6.93
OPRK1,CHEMBL215301,CCC(=O)N[C@@H]1C[C@@H](C(=O)OC)[C@]2(C)CC[C@H]3C(=O)O[C@H](c4ccoc4)C[C@]3(C)[C@H]2C1=O,6.93
OPRK1,CHEMBL237716,CCCCCCN1CCCc2cc(Oc3ccc(C(N)=O)cn3)ccc2C1,6.93
OPRK1,CHEMBL1329667,COc1ccc(C[C@@H]2CN3C(=NC[C@@H]3C)N2CCNC(=O)c2ccc(C)c(Br)c2)cc1,6.93
OPRK1,CHEMBL2179657,O=C(O[C@@]12Cc3cc(-c4ccc(Cl)cc4)cnc3[C@@H]3Oc4c(O)ccc5c4[C@@]31CCN(CC1CC1)[C@@H]2C5)c1ccccc1,6.93
OPRK1,CHEMBL3393893,O=C(Nc1nc2ccccc2n1CCN1CCCC1)c1ccc(F)cc1O,6.93
OPRK1,CHEMBL3409109,Oc1ccc2c(c1)[C@]1(CCCCc3ccccc3)CCN(CCc3ccccc3)C[C@@H]1O2,6.93
OPRK1,CHEMBL409938,CN1CC[C@]23c4c5ccc(O)c4O[C@H]2[C@@H](O)C=CC3C1C5,6.93
OPRK1,CHEMBL4108501,COc1ccc2c3c1O[C@H]1[C@@]4(OC)CC[C@@]5(C[C@@H]4COCc4ccc(C)cc4)[C@@H](C2)[N+](C)(CC2CC2)CC[C@]315,6.93
OPRK1,CHEMBL3923831,CO[C@H]1C=CC2C3Cc4ccc(O)c5c4[C@@]2(CCN3C)C1O5,6.93
OPRK1,CHEMBL4446945,Cc1cc(O)cc(C)c1C[C@H](N)C(=O)N[C@@H]1CCN(C(=O)C2CC2)c2ccc(Cc3ccc4ccccc4c3)cc21.O=C(O)C(F)(F)F,6.93
OPRK1,CHEMBL4793888,CO[C@@]12CC[C@H](N[C@@H](CCCCN)C(=O)O)[C@@H]3Oc4c(O)ccc5c4[C@@]31CCN(C)[C@@H]2C5,6.93
OPRK1,CHEMBL1474387,Cc1c(P(=S)(c2ccccc2)c2ccccc2)n2ccccc2[n+]1C/C=C/c1ccccc1.[Br-],6.93
OPRK1,CHEMBL5955957,Cc1noc(-c2cc(Br)cnc2N2CCC(NC3CCCCC3)C(CO)C2)n1,6.93
OPRK1,CHEMBL342965,O=C(Cc1ccc(Cl)c(Cl)c1)N1CC[C@@H](O)C[C@H]1CN1CCCC1,6.92
OPRK1,CHEMBL151872,c1cc2c(cc1OCCCCCCCCCCOc1ccc3c(c1)[C@@]14CCCC[C@H]1[C@@H](C3)N(CC1CCC1)CC4)[C@@]13CCCC[C@H]1[C@@H](C2)N(CC1CCC1)CC3,6.92
OPRK1,CHEMBL136838,C[C@H]1CN(Cc2ccc(C(C)(C)C)cc2)CC[C@@]1(C)c1cccc(C(N)=O)c1,6.92
OPRK1,CHEMBL336664,CSc1ccc(CN2CC[C@@](C)(c3cccc(C(N)=O)c3)[C@@H](C)C2)cc1,6.92
OPRK1,CHEMBL46399,CC1C2Cc3ccc(O)cc3C1(C)CCN2CCc1ccccc1,6.92
OPRK1,CHEMBL346879,Oc1ccc2c3c1O[C@H]1c4c(c(-c5ccccc5)cn4Cc4ccccc4)C[C@@]4(O)C(C2)N(CC2CC2)CC[C@]314,6.92
OPRK1,CHEMBL191180,C=CCNC(=O)O[C@H]1C[C@@H](C(=O)OC)[C@]2(C)CC[C@H]3C(=O)O[C@H](c4ccoc4)C[C@]3(C)[C@H]2C1=O,6.92
OPRK1,CHEMBL434179,CN1C(=O)C2(CCN(CC3CCCCCCC3)CC2)c2ccc(O)cc21,6.92
OPRK1,CHEMBL217950,C[C@H]1CN2CCN(Cc3ccoc3)C[C@H]2C[C@@]1(C)c1cccc(O)c1,6.92
OPRK1,CHEMBL233368,O=C(OCc1ccccc1)N1CCC(c2ccccc2)(c2nccn2Cc2ccccc2)CC1,6.92
OPRK1,CHEMBL233143,O=C(OC1CCCCC1)N1CCC(c2ccccc2)(c2nccn2Cc2ccccc2)CC1,6.92
OPRK1,CHEMBL259185,CC(C)(C)Sc1nc2cc(Cl)c(N3CCN(CCO)CC3)cc2[nH]1,6.92
OPRK1,CHEMBL494350,C[C@@H]1CN(CCO)CCN1c1cc2[nH]c(SC(C)(C)C)nc2cc1Cl,6.92
OPRK1,CHEMBL568818,CCN(CC)C(=O)c1ccc(N(c2cccc(O)c2)C2CCN(CCc3ccoc3)CC2)cc1,6.92
OPRK1,CHEMBL1094237,CCC(=O)N1C[C@H]2[C@H](N3CCCC3)CC[C@@H]1CN2C(=O)Cc1ccc(Cl)c(Cl)c1,6.92
OPRK1,CHEMBL1773747,CCOC(=O)C1=C(C(=O)OCC)C2OC1C=C2[C@@H]1C[C@]2(C)[C@H]3C(=O)[C@@H](OC(C)=O)C[C@@H](C(=O)OC)[C@]3(C)CC[C@H]2C(=O)O1,6.92
OPRK1,CHEMBL3665443,O=c1[nH]c2ccccc2n([C@H]2C[C@H]3C=C[C@@H](C2)N3C2/C=C\CCCCC2)c1=O,6.92
OPRK1,CHEMBL4483469,COc1ccc2c3c1O[C@H]1[C@@]4(OC)CC[C@@]5(C[C@@H]4c4ccc(N6CCN(C(C)=O)CC6)cc4)[C@@H](C2)N(CC2CC2)CC[C@]315,6.92
OPRK1,CHEMBL4788431,CC(C)C[C@H](NC(=O)[C@H](Cc1ccccc1)NC(=O)CNC(=O)[C@@H](C)NC(=O)[C@@H](N)Cc1ccc(O)cc1)C(=O)N1CCC[C@H]1C(=O)N[C@@H](CCC(N)=O)C(=O)N[C@@H](CCCNC(=N)N)C(=O)N[C@@H](Cc1ccccc1)C(N)=O,6.92
OPRK1,CHEMBL5596729,C[C@H](O)C[C@H]1NC2Cc3ccc(O)c4c3[C@]35CCN1[C@]23CCC(=O)C5O4,6.92
OPRK1,CHEMBL3184269,COC(=O)c1cc(Br)cnc1N1CCC(NC2CCCC2)CC1,6.92
OPRK1,CHEMBL331883,CCC(=O)N(c1ccccc1)[C@H]1CCN(C[C@H](O)c2ccccc2)C[C@H]1C,6.91
OPRK1,CHEMBL231537,COC(=O)[C@@H]1C[C@@H](SC(C)=O)C(=O)[C@H]2[C@@]1(C)CC[C@H]1C(=O)O[C@H](c3ccoc3)C[C@]21C,6.91
OPRK1,CHEMBL228913,OC1(c2ccccc2)CCN(C(c2ccc(F)cc2)c2ccc(F)cc2)CC1,6.91
OPRK1,CHEMBL232478,CCCS(=O)(=O)NCc1ccccc1C1(O)CCN(C(c2ccccc2Cl)c2ccccc2Cl)CC1,6.91
OPRK1,CHEMBL232583,O=C(c1ccccc1)N1CCC(c2ccccc2)(c2nccn2Cc2ccccc2)CC1,6.91
OPRK1,CHEMBL270756,CC(C)C1CCC(N2CCC3(CC2)C(=O)N(Cc2ccccc2)Cc2cccc(F)c23)CC1,6.91
OPRK1,CHEMBL1672179,Cl.Oc1cccc([C@]23CCC[C@H](C2)N(C/C=C\c2ccccc2)CC3)c1,6.91
OPRK1,CHEMBL3393999,O=C(Nc1nc2ccccc2n1CCN1CCCC1)c1nc2ccccc2s1,6.91
OPRK1,CHEMBL3746169,CO[C@]12CC[C@@]3(C[C@@H]1C(=O)NCCCCCCNC(=O)CCN1C(=O)c4cccc5c(N)ccc(c45)C1=O)[C@H]1Cc4ccc(O)c5c4[C@@]3(CCN1C)[C@H]2O5,6.91
OPRK1,CHEMBL3704588,NC(=O)CN1CCC[C@H]1c1nc2ccccc2n1[C@H]1C[C@H]2CCC[C@@H](C1)N2[C@@H]1C[C@@H]2CCCC[C@@H](C2)C1,6.91
OPRK1,CHEMBL5433205,COC(=O)C(Cc1cccc(C)c1I)NC(=O)CNCc1ccccc1,6.91
OPRK1,CHEMBL5410237,CN1C(=O)CNC(=O)[C@H](N[C@@H](Cc2ccc(O)cc2)C(=O)O)CCC/C=C/C[C@@H](C(=O)N2CCC[C@H]2C(=O)N[C@@H](CCC(N)=O)C(=O)N[C@@H](CCCNC(=N)N)C(=O)N[C@@H](Cc2ccccc2)C(N)=O)NC(=O)[C@@H]1Cc1ccccc1,6.91
OPRK1,CHEMBL5612951,COc1ccc(CCc2nnc(-c3ccccn3)n2Cc2cccs2)cc1,6.91
OPRK1,CHEMBL5907291,COCCOCCOCCNc1ccc2c(c1)[C@@]1(C)CCN(CC3CC3)[C@H](C2=O)[C@@H]1C,6.91
OPRK1,CHEMBL5787972,COCCOCCOCCOCCOCCOCCOCCNc1ccc2c(c1)[C@@]1(C)CCCN(CC3CC3)[C@H](C2=O)[C@@H]1C,6.91
OPRK1,CHEMBL217597,CN[C@@H](Cc1ccc(O)cc1)C(=O)NCC(=O)N[C@H](C)C(=O)N[C@@H](Cc1ccccc1)C(=O)N[C@@H](CC(C)C)C(=O)N[C@@H](CCCN=C(N)N)C(=O)N[C@@H](CCCN=C(N)N)C(=O)N[C@@H](CC(C)C)C(N)=O,6.9
OPRK1,CHEMBL108406,C[C@@]12Oc3c(O)ccc4c3C13CCN(CC1CC1)C(C4)[C@]3(NC(=O)/C=C/c1ccc([N+](=O)[O-])cc1)CCC2=O,6.9
OPRK1,CHEMBL382326,O=C(Nc1ccccc1)N1CCC(c2ccccc2)(c2nccn2Cc2ccccc2)CC1,6.9
OPRK1,CHEMBL226785,COC(=O)[C@@H]1C[C@H](OC(C)=O)C(=O)[C@H]2[C@@]1(C)CC[C@H]1C(=O)O[C@H]([C@@H]3C[C@@H](OC)O[C@H]3OC)C[C@]21C,6.9
OPRK1,CHEMBL1642748,NC(=O)c1ccc2c(c1)CCCN2c1ccc(CNC2Cc3ccc(F)cc3C2)cc1,6.9
OPRK1,CHEMBL1672177,Cl.Oc1cccc([C@]23CCC[C@H](C2)N(C/C=C/c2ccccc2)CC3)c1,6.9
OPRK1,CHEMBL1480657,O=C(c1ccccn1)N(Cc1ccco1)C1(C(=O)NC2CCCCC2)CCCCC1,6.9
OPRK1,CHEMBL3634395,COC(=O)N1CCN(C(=O)Cc2ccc(Cl)c(Cl)c2)[C@H]2[C@H](N3CCCC3)CCC[C@@H]21,6.9
OPRK1,CHEMBL4092119,O=C1/C(=C/c2ccc(I)cc2)C[C@@]2(O)[C@H]3Cc4ccc(O)c5c4[C@@]2(CCN3CC2CC2)[C@H]1O5,6.9
OPRK1,CHEMBL4644691,COc1ccccc1-c1cnc2c(c1)C[C@@]1(OCCCc3ccccc3)[C@H]3Cc4ccc(O)c5c4[C@@]1(CCN3CC1CC1)[C@H]2O5,6.9
OPRK1,CHEMBL5279890,CN(C)C[C@@H]1CN(C(=O)Cc2cc(F)c(F)cc2F)CC[C@@]1(O)c1cccc(O)c1,6.9
OPRK1,CHEMBL5395170,COc1cccc(CNCc2nn(Cc3cccc(OC)c3)c3nc(-c4ccccc4Cl)c4cc(OC)c(OC)cc4c23)c1,6.9
OPRK1,CHEMBL5564649,COc1ccc(CNc2ccccc2[C@H]2C[C@@]34CC[C@]2(OC)[C@@H]2Oc5c(OC)ccc6c5[C@@]23CCN(CC2CC2)[C@@H]4C6)cc1,6.9
OPRK1,CHEMBL5789990,COC(=O)c1cc(Br)cnc1N1CCC(NC2CCCCC2)C(OC)C1,6.9
OPRK1,CHEMBL5883394,COC(=O)c1cc(Br)cnc1N1CCC(NC2CCOCC2)C(CO)C1,6.9
OPRK1,CHEMBL5839849,COC(=O)c1cc(Br)cnc1N1CCC(NC2CCCCC2OC)C(CO)C1,6.9
OPRK1,CHEMBL5965079,Cc1noc(-c2nc3ccccc3nc2N2CCC(NC3CCCCC3)C(CO)C2)n1,6.9
OPRK1,CHEMBL5868468,Cc1nc(-c2cc3ccc(F)c(C)c3nc2N2CCC(NCC(C)C)CC2)no1,6.9
OPRK1,CHEMBL39272,COc1cc(O)ccc1CN1CCC[C@@H]1C/N=C(\S)N1Cc2ccccc2C[C@H]1CNC(=O)Nc1ccccc1,6.89
OPRK1,CHEMBL196813,COC(=O)NCc1ccc2c(c1)CC[C@@H](C(=O)N(C)[C@H](CN1CC[C@H](O)C1)c1ccccc1)O2,6.89
OPRK1,CHEMBL200295,O=C(CCCCCCCCC(=O)Oc1ccc2c(c1)[C@]13CCCCC1[C@H](C2)N(CC1CCC1)CC3)Oc1ccc2c(c1)[C@]13CCCCC1[C@H](C2)N(CC1CCC1)CC3,6.89
OPRK1,CHEMBL387016,COc1ccc2c3c1O[C@H]1C(=O)CC[C@@]4(O)[C@@H](C2)N(CC2CC2)CC[C@]314,6.89
OPRK1,CHEMBL218980,C[C@H]1CN2C[C@@H](Cc3ccccc3)NC[C@H]2C[C@@]1(C)c1cccc(O)c1,6.89
OPRK1,CHEMBL217998,Cc1cccc(CN2CCN3C[C@H](C)[C@](C)(c4cccc(O)c4)C[C@@H]3C2)c1,6.89
OPRK1,CHEMBL1257458,Cc1ccc([C@@H](C)N2[C@@H]3CC[C@H]2C[C@H](Oc2cccc(C(N)=O)c2)C3)cn1,6.89
OPRK1,CHEMBL1719202,CC[C@@](C)(C(=O)NC1CCCCC1)N(Cc1ccco1)C(=O)c1ccccn1,6.89
OPRK1,CHEMBL2322566,Cc1cc(O)cc(C)c1C[C@H](N)C(=O)N[C@H]1CCNc2ccc(Cc3ccc4ccccc4c3)cc21,6.89
OPRK1,CHEMBL3409119,Oc1ccc2c(c1)[C@]1(CCCCCc3ccccc3)CCN(CCc3ccc(F)cc3)C[C@@H]1O2,6.89
OPRK1,CHEMBL3770024,Cc1cccc(C)c1C[C@H](N)C(=O)N[C@@H]1CCNc2ccc(Cc3ccccc3)cc21,6.89
OPRK1,CHEMBL3698906,O=C(NC(Cc1c[nH]cn1)C(=O)O)c1nc2ccccc2n([C@H]2C[C@H]3CC[C@@H](C2)N3C2CCCCCCC2)c1=O,6.89
OPRK1,CHEMBL3698858,O=c1c(N2CC3CNCC3C2)nc2ncccc2n1C1CCN(C2CCCCCCC2)CC1,6.89
OPRK1,CHEMBL3704637,Cc1nc(Cc2nc3ccccc3n2[C@H]2C[C@H]3CCC[C@@H](C2)N3[C@@H]2C[C@@H]3CCCC[C@@H](C3)C2)n[nH]1,6.89
OPRK1,CHEMBL3920823,CC1(C)[C@H]2CC[C@@H](CCN3[C@@H]4CCC[C@H]3C[C@@H](n3c(=O)c(N5CC[C@@H]5C(=O)O)nc5ccccc53)C4)[C@@H]1C2,6.89
OPRK1,CHEMBL4110715,O=C1C[C@]23CCN(CC4CC4)[C@H](Cc4ccc(O)cc42)[C@]3(O)C[C@@H]1CC(=O)N1CCC[C@H]1C(=O)O,6.89
OPRK1,CHEMBL4638667,Cc1cc(F)ccc1-c1cnc2c(c1)C[C@@]1(OCCCc3ccccc3)[C@H]3Cc4ccc(O)c5c4[C@@]1(CCN3CC1CC1)[C@H]2O5,6.89
OPRK1,CHEMBL6045518,CCOC(=O)c1cc(Br)cnc1N1CCC(NC2CCCCC2)CC1,6.89
OPRK1,CHEMBL6024591,COC1CN(c2ncc(C)cc2-c2cc(C)no2)CCC1NC1CCCCC1,6.89
OPRK1,CHEMBL5795457,C/C(N)=C/C(C(=O)OC(C)C)=C(\N)N1CCC(NC2CCOCC2)CC1,6.89
OPRK1,CHEMBL6053345,CCC(CC)NC1CCN(c2nc3ccccc3c(C)c2-c2noc(C)n2)CC1,6.89
OPRK1,CHEMBL6011811,Cc1cc(C(=O)OC(C)C)c(N2CCC(NC3CCOCC3)CC2)nn1,6.89
OPRK1,CHEMBL2112348,CC(C)[C@H]1CC[C@@H](N2CCC3(CC2)[C@@H]2CN(CCO)C[C@@H]2CN3c2ccccc2)CC1,6.88
OPRK1,CHEMBL316086,CN1C[C@@H]2CN(c3ccccc3)C3(CCN([C@H]4CC[C@@H]5CCCC[C@@H]5C4)CC3)[C@@H]2C1,6.88
OPRK1,CHEMBL222814,CN1CC[C@]23c4c5ccc(O)c4O[C@H]2c2c(c4c(n2CCc2ccccc2)CCCC4)C[C@@]3(O)C1C5,6.88
OPRK1,CHEMBL3698771,COc1ccc(NC(=O)c2nc3ccccc3n(C3CCN(C4CCCCCCC4)CC3)c2=O)cn1,6.88
OPRK1,CHEMBL4633209,Oc1ccc2c3c1O[C@H]1c4ncc(-c5ccccc5)cc4C[C@@]4(OCCCc5ccccc5)[C@@H](C2)N(CC2CC2)CC[C@]314,6.88
OPRK1,CHEMBL5272472,CC[C@H](C)[C@H](NC(=O)[C@H](C)NC(=O)[C@H](CCCNC(=N)N)NC(=O)[C@H](CCCNC(=N)N)NC(=O)[C@@H]1CSSC[C@H](NC(=O)[C@@H](N)CC(N)=O)C(=O)N1)C(=O)N[C@H]1CSSC[C@@H](C(N)=O)NC1=O,6.88
OPRK1,CHEMBL5406732,CN1C(=O)CNC(=O)[C@H](N[C@@H](Cc2ccc(O)cc2)C(=O)O)CCCC/C=C/CC[C@@H](C(=O)N2CCC[C@H]2C(=O)N[C@@H](CCC(N)=O)C(=O)N[C@@H](CCCNC(=N)N)C(=O)N[C@@H](Cc2ccccc2)C(N)=O)NC(=O)[C@@H]1Cc1ccccc1,6.88
OPRK1,CHEMBL5569160,COc1ccc2c3c1O[C@H]1[C@@]4(OC)CC[C@@]5(C[C@@H]4c4ccccc4NCC4CCCC4)[C@@H](C2)N(CC2CC2)CC[C@]315,6.88
OPRK1,CHEMBL3185145,COC(=O)c1cc(Br)cnc1N1CCC(NC2CCCCC2)CC1,6.88
OPRK1,CHEMBL5933876,Cc1cnc(N2CCC(NC3CCCCC3C)C(CO)C2)c(-c2nc(C)no2)c1,6.88
OPRK1,CHEMBL5991686,Cc1noc(-c2cc3ccc(F)c(C)c3nc2N2CCC(NC3CCOCC3)CC2)n1,6.88
OPRK1,CHEMBL2418731,CN1CC[C@]2(c3cccc(O)c3)C[C@@H](c3ccccc3)C[C@H]1C2,6.87
OPRK1,CHEMBL2418737,Oc1cccc([C@@]23CCN(CCc4ccccc4)[C@H](C[C@@H](O)C2)C3)c1,6.87
OPRK1,CHEMBL4296736,CCOCCN1CC[C@]23Cc4nc5ccccc5cc4C[C@@]2(O)[C@H]1Cc1ccc(O)cc13.Cl.Cl,6.87
OPRK1,CHEMBL3264439,C[C@H]1CN(CCOC(=O)[C@H]2Cc3ccc(O)cc3CN2)CC[C@@]1(C)c1cccc(O)c1,6.87
OPRK1,CHEMBL3695216,CC(C)(C)OC(=O)N1CC2CN(c3nc4ccccc4n(C4CCN(C5CCCCCCC5)CC4)c3=O)CC2C1,6.87
OPRK1,CHEMBL3698869,O=C(O)CN1CC2CN(c3nc4ccccc4n([C@H]4C[C@H]5CC[C@@H](C4)N5C4CCCCCCC4)c3=O)CC2C1,6.87
OPRK1,CHEMBL3973642,O=C(O)CC1CN(c2nc3ccccc3n([C@H]3C[C@H]4CC[C@@H](C3)N4[C@@H]3C[C@@H]4CCCC[C@@H](C4)C3)c2=O)C1,6.87
OPRK1,CHEMBL4649820,Cc1cccc(C)c1-c1cnc2c(c1)C[C@@]1(OCCCc3ccccc3)[C@H]3Cc4ccc(O)c5c4[C@@]1(CCN3CC1CC1)[C@H]2O5,6.87
OPRK1,CHEMBL5082892,CN1C(=O)CNC(=O)[C@H](NC(=O)[C@@H](N)Cc2ccc(O)cc2)CNC(=O)C[C@@H](C(=O)N2CCC[C@H]2C(=O)N[C@@H](CCC(N)=O)C(=O)N[C@@H](CCCNC(=N)N)C(=O)N[C@@H](Cc2ccccc2)C(N)=O)NC(=O)[C@@H]1Cc1ccccc1,6.87
OPRK1,CHEMBL5265822,N=C(N)NCCC[C@@H](NC(=O)[C@@H](CCCNC(=N)N)NC(=O)[C@@H]1CCCN1C(=O)c1ccccc1)C(=O)N[C@@H](CCC(N)=O)C(=O)N[C@H](CN[C@H]1CSSC[C@@H](C(N)=O)NC1=O)CC1CCCCC1,6.87
OPRK1,CHEMBL63188,CC(C)C[C@H](NC(=O)[C@H](Cc1ccccc1)NC(=O)CNC(=O)CNC(=O)[C@@H](N)Cc1ccc(O)cc1)C(=O)N[C@@H](CCCN=C(N)N)C(=O)O,6.86
OPRK1,CHEMBL319307,O=C1Cc2ccccc2N1C1CCN(C2CCC3CCCC[C@@H]3C2)CC1,6.86
OPRK1,CHEMBL368250,CN(C(=O)[C@@H](NC(=O)OCc1ccccc1)c1ccccc1)[C@H](CN1CCCC1)c1ccccc1,6.86
OPRK1,CHEMBL232076,CN1CCN(Cc2ccccc2C2(O)CCN(C(c3ccccc3Cl)c3ccccc3Cl)CC2)CC1,6.86
OPRK1,CHEMBL240657,O=C1NCN(c2ccccc2)C12CCN(C(c1ccccc1)c1ccccc1)CC2,6.86
OPRK1,CHEMBL474096,CCCCNCCN1CN(c2ccccc2)C2(CCN(C3CCC(C)(C)c4ccccc43)CC2)C1=O,6.86
OPRK1,CHEMBL1725537,Cc1ccc(S(=O)(=O)NCc2ccc(C(=O)NCCN(Cc3ccccc3)C3CCCC3)cc2)cc1,6.86
OPRK1,CHEMBL1455766,Cc1ccc(S(=O)(=O)NCc2ccc(C(=O)NCCN(Cc3ccccc3)C(C)C)cc2)cc1,6.86
OPRK1,CHEMBL3409104,Oc1ccc2c(c1)[C@]1(CCCc3ccccc3)CCN(CCc3ccc(C(F)(F)F)cc3)C[C@@H]1O2,6.86
OPRK1,CHEMBL3809031,C[N+]1(CC2c3cc(F)ccc3CCN2C(=O)C2CC(=O)c3ccc(Cl)cc32)CCCC1.[I-],6.86
OPRK1,CHEMBL4110838,COc1ccc2c3c1O[C@H]1[C@@]4(OC)CC[C@@]5(C[C@@H]4C(NC(C)C(=O)O)c4ccccc4)[C@@H](C2)N(CC2CC2)CC[C@]315,6.86
OPRK1,CHEMBL4115318,CC12C[C@H]3C[C@@H](N4[C@@H]5CCC[C@H]4C[C@@H](n4c(=O)c(N6CC[C@@H]6C(=O)O)nc6ccccc64)C5)C[C@@H]1C[C@@H]2C3,6.86
OPRK1,CHEMBL4758754,Cc1cc(O)cc(C)c1C[C@H](NC(=O)[C@@H]1CCCN1C(=O)[C@H](CCCCN)NC(=O)[C@H](CCCCN)NC(=O)CCN1Cc2ccccc2C[C@H](NC(=O)[C@@H](CCCNC(=N)N)NC(=O)[C@@H](N)Cc2c(C)cc(O)cc2C)C1=O)C(=O)N[C@H](C(=O)N[C@@H](CC(C)C)C(=O)O)C(C)(C)C,6.86
OPRK1,CHEMBL5094675,CN1C(=O)CNC(=O)[C@H](NC(=O)[C@@H](N)Cc2ccc(O)cc2)CCCNC(=O)C[C@@H](C(=O)N2CCC[C@H]2C(=O)N[C@@H](CCC(N)=O)C(=O)N[C@@H](CCCNC(=N)N)C(=O)N[C@@H](Cc2ccccc2)C(N)=O)NC(=O)[C@@H]1Cc1ccccc1,6.86
OPRK1,CHEMBL5281057,CC[C@H](C)[C@H](NC(=O)[C@H](CCC(N)=O)NC(=O)[C@H](CCCNC(=N)N)NC(=O)[C@H](Cc1c[nH]cn1)NC(=O)[C@@H]1CSSC[C@H](NC(=O)[C@@H](N)CC(N)=O)C(=O)N1)C(=O)N[C@H]1CSSC[C@@H](C(N)=O)NC1=O,6.86
OPRK1,CHEMBL5817029,Cc1cnc(N2CCC(NC3CCCCC3)C(O)C2)c(Br)c1,6.86
OPRK1,CHEMBL5740857,CO[C@@H]1CN(c2nc(C)c(C)cc2-c2nc(C)no2)CC[C@@H]1NC1CCCC1,6.86
OPRK1,CHEMBL5852665,COCCOCCOCCOCCOCCNc1ccc2c(c1)[C@@]1(C)CCCN(CC3CC3)[C@H](C2=O)[C@@H]1C,6.86
OPRK1,CHEMBL362207,COC(=O)C12CN(C)CC(C(=O)OC)(C1=O)C(c1ccc(F)cc1)N(C)C2c1ccc(F)cc1,6.85
OPRK1,CHEMBL136196,C[C@H]1CN(CCCc2ccccc2)CC[C@@]1(C)c1cccc(C(N)=O)c1,6.85
OPRK1,CHEMBL334700,C[C@H]1CN(CC2CC2)CC[C@@]1(C)c1cccc(C(N)=O)c1,6.85
OPRK1,CHEMBL138465,C[C@H]1CN(Cc2cccc(O)c2)CC[C@@]1(C)c1cccc(C(N)=O)c1,6.85
OPRK1,CHEMBL23631,CC(=O)N1CCN(C(=O)Cc2ccc([S+](C)[O-])cc2)C(CN2CC[C@H](O)C2)C1,6.85
OPRK1,CHEMBL100994,CN(C(=O)C1C(c2ccccc2)=C1c1cccc(Cl)c1)[C@H]1CCCC[C@@H]1N1CCCC1,6.85
OPRK1,CHEMBL435108,COC(=O)[C@@H]1C[C@H](OC(C)=O)C(=O)[C@@H]2[C@@]3(C)C[C@@H](c4ccoc4)OC(=O)[C@H]3CC[C@]21C,6.85
OPRK1,CHEMBL219044,COC(=O)c1cccc(CN2CCN3C[C@H](C)[C@](C)(c4cccc(O)c4)C[C@@H]3C2)c1,6.85
OPRK1,CHEMBL272483,COCCOCO[C@H]1C[C@@H](C(=O)OC)[C@]2(C)CC[C@H]3C(=O)O[C@H](c4ccoc4)C[C@]3(C)[C@H]2C1=O,6.85
OPRK1,CHEMBL463518,C[C@H]1C2Cc3cc4ncnc(NCCc5ccc(-c6ccccc6)cc5)c4cc3[C@@]1(C)CCN2CC1CC1,6.85
OPRK1,CHEMBL486388,O=C1N[C@H](Cc2c[nH]c3ccccc23)C(=O)N[C@@H](Cc2ccccc2)C(=O)N2CCC[C@@H]2C(=O)N[C@H]1Cc1ccc(O)cc1,6.85
OPRK1,CHEMBL568830,NCc1cc2c(cc1O)[C@@]13CCCC[C@H]1[C@@H](C2)N(CC1CCC1)CC3,6.85
OPRK1,CHEMBL1493386,O=C(c1cnccn1)N(Cc1cccs1)C1(C(=O)NC2CCCCC2)CCCCC1,6.85
OPRK1,CHEMBL1951705,CN1CC2(OCCO2)[C@]2(c3cccc(O)c3)CCC[C@H]1C2,6.85
OPRK1,CHEMBL2180641,CCCCCCN(CCc1ccccc1)CCc1cccc(O)c1,6.85
OPRK1,CHEMBL3104106,Cc1cc(O)cc(C)c1C[C@H](N)C(=O)N1CCC(Cc2ccccc2)CC1,6.85
OPRK1,CHEMBL3220706,CCC[C@@H](C)CN1CCC(c2cccc(O)c2)(c2ncc(C(=O)N(CC)CC)cn2)CC1,6.85
OPRK1,CHEMBL3219944,COC(=O)[C@@H]1C[C@H](OC(C)=O)C(=O)[C@H]2[C@@]1(C)CC[C@H]1C(=O)O[C@H](C(=O)N3CCCCC3)C[C@]21C,6.85
OPRK1,CHEMBL3667199,CN1CC[C@]23CC(=O)CC[C@@]2(O)[C@H]1Cc1ccc(C(=O)NCCc2ccc(-c4cc[nH]c(=O)c4)cc2)c(O)c13,6.85
OPRK1,CHEMBL3809091,CN(C)C[C@H]1CCc2cc(-c3ccccc3)ccc2[C@]1(O)c1cccc(O)c1,6.85
OPRK1,CHEMBL3698852,CCOC(=O)c1nc2ccccc2n(C2CCN(C3CCCCCCC3)CC2)c1=O,6.85
OPRK1,CHEMBL4087761,Cc1cccc(C(=O)NCC2NCCc3ccccc32)c1,6.85
OPRK1,CHEMBL4097466,Cc1ccc(C(=O)NCC2c3ccccc3CCN2C)cc1,6.85
OPRK1,CHEMBL4593995,CC(=O)N1CC[C@@H](NC(=O)[C@@H](N)Cc2c(C)cc(O)cc2C)c2cc(Cc3ccc4c(c3)OCCO4)ccc21.O=C(O)C(F)(F)F,6.85
OPRK1,CHEMBL5751258,COC(=O)c1cc(I)cnc1N1CCC(NC2CCCCC2O)CC1,6.85
OPRK1,CHEMBL5987000,CCO/N=C/c1cc2cc(C)ccc2nc1N1CCC(NC2CCCCC2)CC1,6.85
OPRK1,CHEMBL5997271,COc1ccccc1CCNC(=O)NCC(Cc1ccc(O)cc1)N(C)C,6.85
OPRK1,CHEMBL6150692,COc1ccc2c3c1O[C@H]1[C@@]4(OC)C=C[C@@]5(C[C@@H]4C(=O)c4cccc(NC(=O)C6CC6)c4)[C@@H](C2)N(CC2CC2)CC[C@]315,6.85
OPRK1,CHEMBL558227,CN(C(=O)Cc1ccc2ccsc2c1)[C@@H]1CCCC[C@H]1N1CCCC1.Cl,6.84
OPRK1,CHEMBL365228,CN(CC1CC1)C1CCc2ccc(O)cc2C1(C)C,6.84
OPRK1,CHEMBL232285,CCS(=O)(=O)N1CCN(Cc2ccccc2C2(O)CCN(C(c3ccccc3Cl)c3ccccc3Cl)CC2)CC1,6.84
OPRK1,CHEMBL393781,O=C1NCN(c2ccccc2)C12CCN(C1CCCc3cccc(Cl)c31)CC2,6.84
OPRK1,CHEMBL392798,O=C1NCN(c2ccccc2)C12CCN(C1CCCc3cccc(F)c31)CC2,6.84
OPRK1,CHEMBL572524,NC(=O)[C@@H]1CSSC[C@@H](NC(=O)[C@@H](N)Cc2ccc(O)cc2)C(=O)N[C@@H](Cc2ccc3ccccc3c2)C(=O)N[C@@H](Cc2ccccc2)C(=O)N1,6.84
OPRK1,CHEMBL1256487,NC(=O)c1cccc(OC2CCN(CC3CC3)CC2)c1,6.84
OPRK1,CHEMBL3698790,CC(C)(NC(=O)c1nc2ccccc2n([C@H]2C[C@H]3CC[C@@H](C2)N3C2CCCCCCC2)c1=O)C(=O)O,6.84
OPRK1,CHEMBL3906641,CC(C)C[C@H](NC(=O)C[C@H]1C[C@@]2(O)[C@H]3Cc4ccc(O)cc4[C@@]2(CCN3CC2CC2)CC1=O)C(=O)O,6.84
OPRK1,CHEMBL5898652,Cc1noc(-c2cc(C)c(C)nc2N2CC[C@@H](NC3CCCCC3)[C@H](O)C2)n1,6.84
OPRK1,CHEMBL27093,O=C1NCN(c2ccccc2)C12CCN(C1CCc3cc(Cl)ccc3C1)CC2,6.83
OPRK1,CHEMBL418980,CC(C)[C@H]1CC[C@@H](N2CCC(N3C(=O)Cc4ccccc43)CC2)CC1,6.83
OPRK1,CHEMBL2112341,CC(C)[C@H]1CC[C@@H](N2CCC3(CC2)[C@@H]2CN(CCN4CCOCC4)C[C@@H]2CN3c2ccccc2)CC1,6.83
OPRK1,CHEMBL187635,CO[C@H]1Cc2ccc(O)cc2C(C)(C)[C@@H]1N,6.83
OPRK1,CHEMBL201453,O=C(Nc1ccc(F)cc1)N1CCC(c2ccccc2)(c2nccn2Cc2ccccc2)CC1,6.83
OPRK1,CHEMBL271061,COC(=O)[C@@H]1C[C@H](OCOCc2ccccc2)C(=O)[C@H]2[C@@]1(C)CC[C@H]1C(=O)O[C@H](c3ccoc3)C[C@]21C,6.83
OPRK1,CHEMBL473253,O=C(O[C@@]12CCC(=O)[C@@H]3Oc4c(O)ccc5c4[C@@]31CCN(CC1CC1)[C@@H]2C5)c1cnc2ccccc2c1,6.83
OPRK1,CHEMBL1257937,Cc1cccc(CN2[C@@H]3CC[C@H]2C[C@H](Oc2cccc(C(N)=O)c2)C3)c1,6.83
OPRK1,CHEMBL1716094,O=C(Cn1c(=O)c2cccn2c2cc(Br)cnc21)NCCCN1CCN(c2ccc3c(c2)OCO3)CC1,6.83
OPRK1,CHEMBL2381586,COC(=O)[C@@H]1C[C@H](OC(=O)CC(=O)OC(C)(C)C)C(=O)[C@H]2[C@@]1(C)CC[C@H]1C(=O)O[C@H](c3ccoc3)C[C@]21C,6.83
OPRK1,CHEMBL2387187,CC(C)C1CCC(N2CCC(N3C(=O)Cc4ccccc43)CC2)CC1,6.83
OPRK1,CHEMBL3086744,Cl.O=C(O[C@@]12CCC(=O)[C@@H]3Oc4c(O)ccc5c4[C@@]31CCN(CC1CC1)[C@@H]2C5)c1cnc2ccccc2c1,6.83
OPRK1,CHEMBL3409110,Oc1ccc2c(c1)[C@]1(CCCCc3ccccc3)CCN(CCc3ccc(F)cc3)C[C@@H]1O2,6.83
OPRK1,CHEMBL4108929,NC(=O)c1cc2c([nH]c1=O)C[C@@]13CCN(CC4CC4)C[C@@]1(Cc1ccc(O)cc13)C2,6.83
OPRK1,CHEMBL3981333,O=C1NC(=O)[C@]2(CC[C@@]34Cc5ccc(O)cc5[C@@]3(CCN(CC3CC3)C4)C2)N1,6.83
OPRK1,CHEMBL5198378,COc1ccc(C(=O)[C@]2(C)C[C@@]34CC[C@]2(OC)[C@@H]2Oc5c(OC)ccc6c5[C@@]23CCN(CC2CC2)[C@@H]4C6)cc1,6.83
OPRK1,CHEMBL108894,Cc1ccc([C@H](N)[C@@H]2CCN2C(c2ccccc2)c2ccccc2)cc1F,6.82
OPRK1,CHEMBL406034,CN[C@@H](Cc1ccc(O)cc1)C(=O)NCC(=O)NNC(=O)N[C@@H](Cc1ccccc1)C(=O)N[C@@H](CC(C)C)C(=O)N[C@@H](CCCN=C(N)N)C(=O)N[C@@H](CCCN=C(N)N)C(=O)N[C@@H](CC(C)C)C(N)=O,6.82
OPRK1,CHEMBL3144465,N=C(N)NCCCCC(=O)N[C@H](CC1CCCCC1)C(=O)N[C@H]1CC[C@H]2CCC[C@@H](C(=O)N[C@H](CCCNC(N)=O)C(=O)N[C@H](Cc3ccc(Cl)cc3)C(N)=O)N2C1=O,6.82
OPRK1,CHEMBL179064,CN(C(=O)[C@H](Cc1ccccc1)NC(=O)OCc1ccccc1)[C@H](CN1CCCC1)c1ccccc1,6.82
OPRK1,CHEMBL200098,COc1cccc(NC(=O)N2CCC(c3ccccc3)(c3nccn3Cc3ccccc3)CC2)c1,6.82
OPRK1,CHEMBL202327,CCCCCCN1C[C@H](C)[C@](C)(c2cccc(O)c2)C[C@H]1CCC,6.82
OPRK1,CHEMBL222579,CN1CC[C@]23c4c5ccc(O)c4O[C@H]2c2c(c4c(n2CC2CCCCC2)CCCC4)C[C@@]3(O)C1C5,6.82
OPRK1,CHEMBL2113281,O=Cc1cc2ccc(C(=O)Nc3cccc4c5c([nH]c34)[C@@H]3Oc4c(O)ccc6c4[C@@]34CCN(CC3CC3)[C@H](C6)[C@]4(O)C5)cc2cc1C=O,6.82
OPRK1,CHEMBL243091,O=C1[C@H]2CCC[C@]1(c1cccc(O)c1)CCN2CCc1ccccc1,6.82
OPRK1,CHEMBL272021,O=C(O)c1ccc(C(=O)N[C@@H]2CC[C@@]3(O)[C@H]4Cc5ccc(O)c6c5[C@@]3(CCN4CC3CC3)[C@H]2O6)cc1,6.82
OPRK1,CHEMBL510201,CN1CN(c2ccccc2)C2(CCN(C(c3ccccc3)c3ccccc3)CC2)C1=O,6.82
OPRK1,CHEMBL511162,CC1(C)CCC(N2CCC3(CC2)C(=O)N(CCNCc2ccccc2)CN3c2ccccc2)c2ccccc21,6.82
OPRK1,CHEMBL603428,CCCC(C)CN1CCC(c2ccc(C(=O)N(C)C)cc2)(c2cccc(O)c2)CC1,6.82
OPRK1,CHEMBL1672185,Cl.Oc1cccc([C@]23CCC[C@H](C2)N(C[C@@H]2C[C@@H]2c2ccccc2)CC3)c1,6.82
OPRK1,CHEMBL1717088,CC[C@](C)(C(=O)NC1CCCCC1)N(Cc1ccco1)C(=O)c1ccccn1,6.82
OPRK1,CHEMBL2022301,COC(=O)[C@@H]1C[C@H](OC(C)=O)C(=O)[C@H]2[C@@]1(C)CC[C@H]1C(=O)O[C@H](C(=O)c3ccoc3)C[C@]21C,6.82
OPRK1,CHEMBL3104099,Cc1cc(O)cc(C)c1C[C@H](N)C(=O)N1CCN(CCC(c2ccccc2)c2ccccc2)CC1,6.82
OPRK1,CHEMBL3262544,CCC1C(=O)N(C2CCN([C@H]3CC[C@@H]4CCCc5cccc3c54)CC2)c2ccccc21,6.82
OPRK1,CHEMBL3323523,CCOC(=O)N1CCN(C(=O)Cc2ccc(Cl)c(Cl)c2)C2C(N3CCCC3)CCCC21,6.82
OPRK1,CHEMBL3330668,C/C=C(\C)C(=O)O[C@H]1C[C@@H](C(=O)OC)[C@]2(C)CC[C@H]3C(=O)O[C@H](c4ccoc4)C[C@]3(C)[C@H]2C1=O,6.82
OPRK1,CHEMBL3393994,Cc1ccc(C(=O)Nc2nc3ccccc3n2CCN2CCCC2)cn1,6.82
OPRK1,CHEMBL3695259,CC(C)(C)OC(=O)NC1CCN(c2nc3ccccc3n(C3CCN(C4CCCCCCC4)CC3)c2=O)CC1,6.82
OPRK1,CHEMBL3704583,O=C(O)CN1CCC[C@H]1c1nc2ccccc2n1[C@H]1C[C@H]2CCC[C@@H](C1)N2[C@@H]1C[C@@H]2CCCC[C@@H](C2)C1,6.82
OPRK1,CHEMBL4072651,CC(c1cccc(O)c1)N(C)Cc1nccn1CC(F)(F)F,6.82
OPRK1,CHEMBL4633020,Cc1ccccc1-c1cnc2c(c1)C[C@@]1(OCCCc3ccccc3)[C@H]3Cc4ccc(O)c5c4[C@@]1(CCN3CC1CC1)[C@H]2O5,6.82
OPRK1,CHEMBL4750783,Cc1cc(O)cc(C)c1C[C@H](N)C(=O)N[C@H](CCCNC(=N)N)C(=O)N[C@H]1Cc2ccccc2CN(CCC(=O)N[C@@H](CCCCN)C(=O)N[C@@H](CCCCN)C(=O)N2CCC[C@H]2C(=O)N2Cc3ccc(O)cc3C[C@H]2C(=O)N[C@H](C(=O)N[C@@H](CC(C)C)C(=O)O)C(C)(C)C)C1=O,6.82
OPRK1,CHEMBL5945566,Cc1cnc(N2CCC(NC3CCOCC3)CC2)c(-c2nc(C)no2)c1,6.82
OPRK1,CHEMBL6052078,COCCOCCOCCNc1ccc2c(c1)[C@@]1(C)CCCN(CC3CC3)[C@H](C2=O)[C@@H]1C,6.82
OPRK1,CHEMBL5889159,CN(C)C(CNC(=O)NCCc1ccsc1)Cc1ccc(O)cc1,6.82
OPRK1,CHEMBL553010,CN(C(=O)Cc1cccc2sccc12)[C@@H]1CCC[C@H]1N1CCCC1.Cl,6.81
OPRK1,CHEMBL2112343,CC(C)[C@H]1CC[C@@H](N2CCC3(CC2)[C@@H]2CN(Cc4ccccc4)C[C@@H]2CN3c2ccccc2)CC1,6.81
OPRK1,CHEMBL2113298,COc1ccc2c3c1O[C@H]1[C@]4(OC)CC[C@@]5(C[C@@H]4CNC(=O)/C=C/c4ccc(Cl)cc4)[C@@H](C2)N(C)CC[C@]315,6.81
OPRK1,CHEMBL456056,COC(=O)[C@@H]1C[C@]2(C)[C@H]3C(=O)[C@@H](OC(C)=O)C[C@@H](C(=O)OC)[C@]3(C)CC[C@H]2C(=O)O1,6.81
OPRK1,CHEMBL461257,COCCN(C(=O)COc1ccc(Cl)cc1)C1c2cc(OC)c(OC)cc2CCC1N(C)C,6.81
OPRK1,CHEMBL3695218,NC(=O)c1nc2ccccc2n([C@H]2C[C@H]3CC[C@@H](C2)N3C2CCCCCCC2)c1=O,6.81
OPRK1,CHEMBL3698782,O=c1c(NC[C@@H](O)CO)nc2ccccc2n1[C@H]1C[C@H]2CC[C@@H](C1)N2C1CCCCCCC1,6.81
OPRK1,CHEMBL4092454,CC(NCc1nccn1C)c1cccc(O)c1,6.81
OPRK1,CHEMBL358727,O=C(Cc1ccc(Cl)c(Cl)c1)N1CC2(CC[C@H]1CN1CCCC1)OCCO2,6.8
OPRK1,CHEMBL283552,O=C(Nc1cccc(C(F)(F)F)c1)c1cc(Br)cc(Br)c1O,6.8
OPRK1,CHEMBL353654,CN(C(=O)Cc1c(OCCN2CCCC2)ccc2ccccc12)C1CCCCC1,6.8
OPRK1,CHEMBL431002,O=C1NCN(c2ccccc2F)C12CCN(C1Cc3cccc4cccc1c34)CC2,6.8
OPRK1,CHEMBL2113297,COc1ccc2c3c1O[C@H]1[C@]4(OC)CC[C@@]5(C[C@@H]4CNC(=O)/C=C/c4ccc(C)cc4)[C@@H](C2)N(C)CC[C@]315,6.8
OPRK1,CHEMBL427706,CN1CC[C@]23c4c5ccc(O)c4O[C@H]2c2[nH]c4ccc(I)cc4c2C[C@@]3(O)[C@H]1C5,6.8
OPRK1,CHEMBL402964,C[C@H]1CN(C[C@H](Cc2ccccc2)C(=O)N[C@@H](Cc2ccc(-c3ccccc3)cc2)C(=O)O)CC[C@@]1(C)c1cccc(O)c1,6.8
OPRK1,CHEMBL263919,CCC(C)(C)Sc1nc2cc(Cl)c(N3CCN(CCO)CC3)cc2[nH]1,6.8
OPRK1,CHEMBL512474,C[C@H]1C2Cc3ccc4c(=O)[nH]cnc4c3[C@@]1(C)CCN2CC1CC1,6.8
OPRK1,CHEMBL453329,COc1cccc(-c2ccc(C(CN3CCOCC3)N(C)C(=O)CN3C(=O)COc4cc(Cl)c(Cl)cc43)cc2)c1,6.8
OPRK1,CHEMBL472086,CCCCNCCN1CN(c2ccccc2)C2(CCN(C3CCC(C)(C)c4cc(Cl)c(Cl)cc43)CC2)C1=O,6.8
OPRK1,CHEMBL467057,CCN1CCN(c2cc3[nH]c(S[C@]4(C)CC[C@@H](N(C)C(C)=O)CC4)nc3cc2Cl)CC1,6.8
OPRK1,CHEMBL1642753,Cc1cc(N2CCCc3cc(C(N)=O)ccc32)ccc1CNC1Cc2ccccc2C1,6.8
OPRK1,CHEMBL1701286,CC(C)N(CCNC(=O)c1ccc(CNS(=O)(=O)c2ccc3ccccc3c2)cc1)Cc1ccccc1,6.8
OPRK1,CHEMBL102426,CN(C(=O)Cc1ccccc1)[C@@H]1CC[C@]2(CCCO2)C[C@H]1N1CCCC1,6.8
OPRK1,CHEMBL1818223,CC(C)CNCc1ccc(-c2ccccc2S(=O)(=O)N2CCCC2)nc1,6.8
OPRK1,CHEMBL2387189,CCC(C)(C)[C@H]1CC[C@@H](N2CCC(N3C(=O)Cc4ccccc43)CC2)CC1,6.8
OPRK1,CHEMBL3357966,CCOC(=O)Cc1c2c(n(Cc3ccccc3)c1O)[C@@H]1Oc3c(O)ccc4c3[C@@]13CCN(C)[C@H](C4)[C@]3(O)C2,6.8
OPRK1,CHEMBL3409102,Oc1ccc2c(c1)[C@]1(CCCc3ccccc3)CCN(CCc3ccccc3F)C[C@@H]1O2,6.8
OPRK1,CHEMBL4114020,CC12C[C@H]3C[C@@H](N4[C@@H]5CCC[C@H]4C[C@@H](n4c(=O)c(N6CC[C@H]6C(=O)O)nc6ccccc64)C5)C[C@@H]1C[C@@H]2C3,6.8
OPRK1,CHEMBL4516240,Cc1cc(O)cc(C)c1C[C@H](N)C(=O)N[C@@H]1CCN(C(=O)c2ccccc2)c2ccc(Cc3ccc4ccccc4c3)cc21.O=C(O)C(F)(F)F,6.8
OPRK1,CHEMBL4549639,Cc1cc(O)cc(C)c1C[C@H](N)C(=O)N[C@@H]1CCN(C(=O)c2ccccc2)c2ccc(CN3CCc4ccccc4C3)cc21.O=C(O)C(F)(F)F,6.8
OPRK1,CHEMBL4763725,COC(=O)[C@@H]1C=C(OC(=O)c2ccccc2F)C(=O)[C@H]2[C@@]1(C)CC[C@H]1C(=O)O[C@H](c3ccoc3)C[C@]21C,6.8
OPRK1,CHEMBL3188580,COC(=O)c1cc(Cl)cnc1N1CCC(NC2CCCCC2)CC1,6.8
OPRK1,CHEMBL5783489,COC(=O)c1cc(C)c(C)nc1N1CC[C@@H](NC2CCCCC2)[C@H](O)C1,6.8
OPRK1,CHEMBL5837901,CO[C@H]1CN(c2ncc(C)cc2-c2ccc(C)nn2)CC[C@H]1NC1CCCCC1,6.8
OPRK1,CHEMBL5756552,CN(CCc1ccccc1)C(=O)NC[C@H](Cc1ccc(O)cc1)N(C)C,6.8
OPRK1,CHEMBL6134259,C/C=C1/CN2CC[C@]34C(=C(C(=O)OC)[C@H]1C[C@H]23)Nc1ccc([N+](=O)[O-])cc14,6.8
OPRK1,CHEMBL28172,O=C1NCN(c2ccccc2)C12CCN(C1Cc3ccccc3C1)CC2,6.79
OPRK1,CHEMBL105827,C[C@@]12Oc3c(O)ccc4c3C13CCN(CC1CC1)C(C4)[C@]3(NC(=O)CCc1ccc([N+](=O)[O-])cc1)CCC2=O,6.79
OPRK1,CHEMBL228850,OC1(c2ccccc2)CCN(C(c2ccccc2)c2ccc(Cl)cc2)CC1,6.79
OPRK1,CHEMBL605735,CCN(CC)C(=O)c1ccc(C2(c3cccc(O)c3)CCCN(Cc3nccs3)C2)cc1,6.79
OPRK1,CHEMBL2386822,CN1CC[C@@]2(CCCCc3ccccc3)c3cc(O)ccc3O[C@H]2C1,6.79
OPRK1,CHEMBL3409113,Oc1ccc2c(c1)[C@]1(CCCCc3ccccc3)CCN(CCc3ccc(C(F)(F)F)cc3)C[C@@H]1O2,6.79
OPRK1,CHEMBL3695237,O=C(Nc1ccc(=O)[nH]c1)c1nc2ccccc2n([C@H]2C[C@H]3CC[C@@H](C2)N3C2CCCCCCC2)c1=O,6.79
OPRK1,CHEMBL3698764,COc1nc2ccccc2n([C@H]2C[C@H]3CC[C@@H](C2)N3C2CCCCCCC2)c1=O,6.79
OPRK1,CHEMBL3698817,CCOC(=O)c1nc2ccccc2n([C@H]2C[C@H]3CCC[C@@H](C2)N3C(C)CCC(C)C)c1=O,6.79
OPRK1,CHEMBL3947626,COCCOCCOCCOCCOCCOCCO[C@H]1CC[C@@]2(O)[C@H]3Cc4ccc(O)c5c4[C@@]2(CCN3CC2CCC2)C1O5,6.79
OPRK1,CHEMBL5281054,CN(C)CC1CN(C(=O)CCc2ccccc2C(F)(F)F)CCC1(O)c1cccc(O)c1,6.79
OPRK1,CHEMBL3183460,COC(=O)c1cc(Br)cnc1N1CCC(NC2CCCCC2)C(C)C1,6.79
OPRK1,CHEMBL5820268,Cc1noc(-c2cc3ccccc3nc2N2CCC(CO)(NC3CCCCC3)CC2)n1,6.79
OPRK1,CHEMBL5980974,CO[C@@H]1CN(c2nc3ccccc3nc2-c2nc(C)no2)CC[C@@H]1NC1CCCCC1,6.79
OPRK1,CHEMBL5898008,Cc1noc(-c2cc(C)c(C)nc2N2CCC(NCC(C)C)CC2)n1,6.79
OPRK1,CHEMBL212483,COC(=O)[C@@H]1C[C@H](N(C)C)C(=O)[C@H]2[C@@]1(C)CC[C@H]1C(=O)O[C@H](c3ccoc3)C[C@]21C,6.78
OPRK1,CHEMBL515829,CCCCNCCN1CN(c2ccccc2)C2(CCN(C(c3ccccc3Cl)c3ccccc3Cl)CC2)C1=O,6.78
OPRK1,CHEMBL1257488,COC(=O)[C@@H]1C[C@@H](Cl)C(=O)[C@H]2[C@@]1(C)CC[C@H]1C(=O)O[C@H](c3ccoc3)C[C@]21C,6.78
OPRK1,CHEMBL1493095,CCC(C)(C(=O)NC1CCCCC1)N(Cc1ccco1)C(=O)c1ccccn1,6.78
OPRK1,CHEMBL1711271,CCCCc1ccc(S(=O)(=O)NCc2ccc(C(=O)NCCN(Cc3ccccc3)C(C)C)cc2)cc1,6.78
OPRK1,CHEMBL1724868,Cc1ccc(S(=O)(=O)NCc2ccc(C(=O)NCCN(Cc3ccc(Br)cc3)C(C)C)cc2)cc1,6.78
OPRK1,CHEMBL3665419,O=c1[nH]c2ccccc2n(C2CCN(C3CCCCCCC3)CC2)c1=O,6.78
OPRK1,CHEMBL3698837,O=c1c(NCc2ccccc2)nc2ccccc2n1C1CCN(C2CCCCCCC2)CC1,6.78
OPRK1,CHEMBL3698840,NCCNc1nc2ccccc2n(C2CCN(C3CCCCCCC3)CC2)c1=O,6.78
OPRK1,CHEMBL4106588,COc1ccc2c3c1O[C@H]1[C@@]4(OC)CC[C@@]5(C[C@@H]4COCc4ccc6ccccc6c4)[C@@H](C2)[N+](C)(CC2CC2)CC[C@]315,6.78
OPRK1,CHEMBL2364605,CN(C)[C@]1(c2ccccc2)CC[C@]2(CC1)OCCc1c3cc(F)ccc3[nH]c12,6.78
OPRK1,CHEMBL2112346,CC(C)[C@H]1CC[C@@H](N2CCC3(CC2)[C@@H]2CN(CC4CC4)C[C@@H]2CN3c2ccc(F)cc2)CC1,6.77
OPRK1,CHEMBL110666,COc1ccc2c3c1O[C@@]1(C)C(=O)C=C[C@@]4(NC(=O)/C=C/c5ccc([N+](=O)[O-])cc5)C(C2)N(C)CCC314,6.77
OPRK1,CHEMBL232740,CCOC(=O)N1CCC(c2ccccc2)(c2nccn2Cc2ccccc2)CC1,6.77
OPRK1,CHEMBL392269,CO[C@]12CC(O)[C@@]3(C[C@@H]1[C@H](C)O)[C@H]1Cc4ccc(O)c5c4[C@@]3(CCN1C)[C@H]2O5,6.77
OPRK1,CHEMBL241087,CC1(C)CCC(N2CCC3(CC2)C(=O)NCN3c2ccccc2)c2ccc(F)cc21,6.77
OPRK1,CHEMBL263918,CCC(C)(CC)Sc1nc2cc(Cl)c(N3CCN(CCO)CC3)cc2[nH]1,6.77
OPRK1,CHEMBL459746,C[C@@H]1[C@@H]2Cc3ccc(C(N)=O)cc3[C@@]1(C)CCN2C[C@H]1CCCO1,6.77
OPRK1,CHEMBL473898,CC1(C)CCC(N2CCC3(CC2)C(=O)N(CCN2CCCC2)CN3c2ccccc2)c2ccccc21,6.77
OPRK1,CHEMBL1808300,Oc1cccc2c1O[C@@H]1CC[C@@H]3C[C@]21CCN3CCc1ccccc1,6.77
OPRK1,CHEMBL3219941,CCOC(=O)O[C@H]1C[C@@H](C(=O)OC)[C@]2(C)CC[C@H]3C(=O)O[C@H](c4ccoc4)C[C@]3(C)[C@H]2C1=O,6.77
OPRK1,CHEMBL3323527,COC(=O)CC(=O)N1CCN(C(=O)Cc2ccc(Cl)c(Cl)c2)C2C(N3CCC(O)C3)CCCC21,6.77
OPRK1,CHEMBL3359285,COC(=O)[C@@H]1C[C@H](OC(C)=O)C(=O)[C@H]2[C@@]1(C)CC[C@H]1C(=O)O[C@H](c3ccoc3-c3ccc([N+](=O)[O-])cc3)C[C@]21C,6.77
OPRK1,CHEMBL3665440,O=c1[nH]c2ccccc2n([C@@H]2C[C@H]3CCC[C@@H](C2)N3C2CCCCCCC2)c1=O,6.77
OPRK1,CHEMBL3704635,O=C(O)CN1CCCC[C@H]1Cc1nc2ccccc2n1[C@H]1C[C@H]2CCC[C@@H](C1)N2[C@@H]1C[C@@H]2CCCC[C@@H](C2)C1,6.77
OPRK1,CHEMBL4238309,COc1ccc2c3c1O[C@H]1[C@@]4(OC)CC[C@@]5(C[C@]4(C)OC(=O)c4ccc(C(F)(F)F)cc4)[C@@H](C2)N(CC2CC2)CC[C@]315,6.77
OPRK1,CHEMBL5274208,CN(C)CC1CN(C(=O)Cc2ccccc2)CCC1(O)c1cccc(O)c1,6.77
OPRK1,CHEMBL5281561,CN(C)CC1CN(C(=O)Cc2cccc(F)c2)CCC1(O)c1cccc(O)c1,6.77
OPRK1,CHEMBL5287856,CC[C@H](C)[C@H](NC(=O)[C@H](CCC(N)=O)NC(=O)[C@H](CCCNC(=N)N)NC(=O)[C@H](C)NC(=O)[C@@H]1CSSC[C@H](NC(=O)[C@@H](N)CC(N)=O)C(=O)N1)C(=O)N[C@H]1CSSC[C@@H](C(N)=O)NC1=O,6.77
OPRK1,CHEMBL5428360,CN1C(=O)CNC(=O)[C@H](N[C@@H](Cc2ccc(O)cc2)C(=O)O)CCCC/C=C\C[C@@H](C(=O)N2CCC[C@H]2C(=O)N[C@@H](CCC(N)=O)C(=O)N[C@@H](CCCNC(=N)N)C(=O)N[C@@H](Cc2ccccc2)C(N)=O)NC(=O)[C@@H]1Cc1ccccc1,6.77
OPRK1,CHEMBL5871679,COC1CN(c2ncc(C)cc2-c2nc(C)no2)CCC1NC1CCOCC1,6.77
OPRK1,CHEMBL6042307,CO[C@@H]1CN(c2nc3ccccc3cc2-c2cnc(C)cn2)CC[C@@H]1NC1CCCCC1,6.77
OPRK1,CHEMBL5793743,CN(C)C(CNC(=O)NCCc1cccc(F)c1)Cc1ccc(O)cc1,6.77
OPRK1,CHEMBL100938,CC1(C)C2CCC(CN3CCC(N4C(=O)Cc5ccccc54)CC3)C1C2,6.76
OPRK1,CHEMBL437177,CC(C)S(=O)(=O)NCc1ccccc1C1(O)CCN(C(c2ccccc2Cl)c2ccccc2Cl)CC1,6.76
OPRK1,CHEMBL473278,CC1(C)CCC(N2CCC3(CC2)C(=O)N(CCNCC2CC2)CN3c2ccccc2)c2ccccc21,6.76
OPRK1,CHEMBL1223872,CN(C)C(=O)N[C@H]1CC[C@@H](CCN2[C@@H]3CC[C@H]2C[C@@H](Oc2cccc(C(N)=O)c2)C3)CC1,6.76
OPRK1,CHEMBL1672187,Cl.Oc1cccc([C@]23CCC[C@H](C2)N(C[C@H]2C[C@H]2c2ccccc2)CC3)c1,6.76
OPRK1,CHEMBL1455045,COc1ccc(N2CCN(CCCNC(=O)Cn3c(=O)c4cccn4c4cccnc43)CC2)cc1,6.76
OPRK1,CHEMBL1201149,Cl.O=C1CC[C@@]2(O)[C@H]3Cc4ccc(O)c5c4[C@@]2(CCN3CC2CC2)[C@H]1O5,6.76
OPRK1,CHEMBL1719211,CCc1ccc(S(=O)(=O)NCc2ccc(C(=O)NCCN(Cc3ccc(C)cc3)C(C)C)cc2)cc1,6.76
OPRK1,CHEMBL2334776,C=C(C(N)=O)[C@@H](NC(=O)[C@H](Cc1c[nH]c2ccccc12)NC(=O)[C@@H]1CCN(C(=O)[C@@H](N)Cc2c(C)cc(O)cc2C)C1)c1ccccc1,6.76
OPRK1,CHEMBL3698753,NCC(O)CNc1nc2ccccc2n(C2CCN(C3CCCCCCC3)CC2)c1=O,6.76
OPRK1,CHEMBL3698794,CC(NC(=O)c1nc2ccccc2n([C@H]2C[C@H]3CC[C@@H](C2)N3C2CCCCCCC2)c1=O)C(=O)O,6.76
OPRK1,CHEMBL4461965,COc1ccc2c3c1O[C@H]1[C@@]4(OC)C=C[C@@]5(C[C@@H]4c4ccccc4)[C@@H](C2)N(C)CC[C@]315,6.76
OPRK1,CHEMBL4548515,CC(C)[C@H]1CC[C@@H](N2CCC(n3cc(CN)c4ccccc43)CC2)CC1,6.76
OPRK1,CHEMBL4647353,Oc1ccc2c3c1O[C@H]1c4ncc(-c5ccccc5C5CC5)cc4C[C@@]4(OCCCc5ccccc5)[C@@H](C2)N(CC2CC2)CC[C@]314,6.76
OPRK1,CHEMBL5179816,COc1ccc2c3c1O[C@H]1[C@@]4(OC)CC[C@@]5(C[C@@]4(C)[C@H](O)c4ccc(C(C)C)cc4)[C@@H](C2)N(CC2CC2)CC[C@]315,6.76
OPRK1,CHEMBL5613036,Cc1ccc(CCc2nnc(-c3ccccn3)n2Cc2ccccn2)cc1C(F)(F)F,6.76
OPRK1,CHEMBL5928486,Cc1nc(-c2cc3cc(F)ccc3nc2N2CCC(NC3CCCC3)CC2)no1,6.76
OPRK1,CHEMBL553665,CN(C(=O)Cc1cccc2occc12)[C@@H]1CCCC[C@H]1N1CCC(COC(=O)CCCC(=O)OCC2CCN([C@H]3CCCC[C@@H]3N(C)C(=O)Cc3cccc4occc34)C2)C1.Cl.Cl,6.75
OPRK1,CHEMBL540277,CN(C(=O)Cc1cccc2occc12)[C@@H]1CCCC[C@H]1N1CCC(COC(=O)CCC(=O)OCC2CCN([C@H]3CCCC[C@@H]3N(C)C(=O)Cc3cccc4occc34)C2)C1.Cl.Cl,6.75
OPRK1,CHEMBL181509,COC(=O)N[C@H](C(=O)N(C)[C@H](CN1CCCC1)c1ccccc1)c1ccccc1,6.75
OPRK1,CHEMBL211846,Fc1ccc2[nH]cc(C3CCN(CC4CCCCCCC4)CC3)c2c1,6.75
OPRK1,CHEMBL434746,COC(=O)[C@@H]1C[C@H](OC(C)=O)C(=O)[C@H]2[C@@]1(C)CC[C@H]1C(=O)O[C@H](C3=C[C@@H](OC)O[C@H]3OC)C[C@]21C,6.75
OPRK1,CHEMBL272390,CN1Cc2ccccc2C2(CCN(C3CCC(C(C)(C)C)CC3)CC2)C1=O,6.75
OPRK1,CHEMBL526686,COC(=O)[C@@H]1C[C@H](OC(=O)CCc2ccccc2)C(=O)[C@H]2[C@@]1(C)CC[C@H]1C(=O)O[C@H](c3ccoc3)C[C@]21C,6.75
OPRK1,CHEMBL2032451,CC(C)C[C@@H](NC(=O)[C@@H](Cc1ccccc1)NC(=O)[C@H](N)Cc1ccccc1)C(=O)N[C@H](CCCCN)C(=O)NCC(=O)NCC(=O)NCC(=O)NCCSC1CC(=O)N(CCC(=O)NCCOCCOCCC(=O)Nc2ccc(CCC(=O)N3CCC3=O)cc2)C1=O,6.75
OPRK1,CHEMBL2334775,C=C(C(N)=O)[C@@H](NC(=O)[C@H](Cc1c[nH]c2ccccc12)NC(=O)[C@H]1CCN(C(=O)[C@@H](N)Cc2c(C)cc(O)cc2C)C1)c1ccco1,6.75
OPRK1,CHEMBL3409120,Oc1ccc2c(c1)[C@]1(CCCCCc3ccccc3)CCN(CCc3ccccc3F)C[C@@H]1O2,6.75
OPRK1,CHEMBL3667193,CN1CC[C@]23CC(=O)CC[C@@]2(O)[C@H]1Cc1ccc(C(=O)NCCc2ccc(-c4ccc(=O)[nH]c4)cc2)c(O)c13,6.75
OPRK1,CHEMBL3695244,O=C(NC(CO)C(=O)O)c1nc2ccccc2n([C@H]2C[C@H]3CC[C@@H](C2)N3C2CCCCCCC2)c1=O,6.75
OPRK1,CHEMBL4061882,O=C1/C(=C/c2ccc(C(F)(F)F)cc2)C[C@@]2(O)[C@H]3Cc4ccc(O)c5c4[C@@]2(CCN3CC2CC2)[C@H]1O5,6.75
OPRK1,CHEMBL4218284,C[C@H]1[C@H]2Cc3ccc(O)cc3[C@@]1(C)CCN2C[C@@H]1C[C@@]1(CN1CCCCC1)c1ccccc1,6.75
OPRK1,CHEMBL4648915,COc1ccc(C2CCCN2Cc2ccc(Oc3ccc(C(=O)NO)cc3)cc2)cc1,6.75
OPRK1,CHEMBL5412738,CC(=O)NCc1cc2ccccc2n1C1CCN([C@H]2CC[C@@H](C(C)C)CC2)CC1,6.75
OPRK1,CHEMBL5803798,COC1CN(c2ncc(C(F)(F)F)cc2-c2nc(C)no2)CCC1NC1CCCCC1,6.75
OPRK1,CHEMBL5810470,Cc1cnc(N2CCC(NC3CCCCC3)C(C)C2)c(-c2nc(C)no2)c1,6.75
OPRK1,CHEMBL5995374,Cc1ccc2nc(N3CCC(N(C)C4CCOCC4)CC3)c(-c3nc(C)no3)cc2c1,6.75
OPRK1,CHEMBL5763340,Cc1ccc([C@H](C)NC(=O)NC[C@H](Cc2ccc(O)cc2)N(C)C)cc1,6.75
OPRK1,CHEMBL290616,C=C(Cl)C(=O)N[C@@]12CCC(=O)[C@@H]3Oc4c(O)ccc5c4C31CCN(C)C2C5,6.74
OPRK1,CHEMBL106432,CO[C@@H]1Cc2ccc(O)cc2C(C)(C)[C@@H]1N,6.74
OPRK1,CHEMBL348268,Cc1c(-c2ccccc2)c2c(n1Cc1ccccc1)[C@@H]1Oc3c(O)ccc4c3[C@@]13CCN(CC1CC1)C(C4)[C@]3(O)C2,6.74
OPRK1,CHEMBL323430,CN1CCC23c4c5ccc(O)c4O[C@@]2(C)C(=O)C=C[C@@]3(NC(=O)/C=C/c2ccc([N+](=O)[O-])cc2)C1C5,6.74
OPRK1,CHEMBL186154,CCCN(C)C1CCc2ccc(O)cc2C1(C)C,6.74
OPRK1,CHEMBL388873,Oc1cccc([C@]23CCC[C@H]([C@H]2O)N(CCc2ccccc2)CC3)c1,6.74
OPRK1,CHEMBL1718,C=CCN1CC[C@]23c4c5ccc(O)c4O[C@H]2C(=O)CC[C@@]3(O)[C@H]1C5.Cl,6.74
OPRK1,CHEMBL3262545,CCC1C(=O)N(C2CCN([C@@H]3CC[C@@H]4CCCc5cccc3c54)CC2)c2ccccc21,6.74
OPRK1,CHEMBL3309509,CN1C(=O)[C@@H](CCO)CC2=C1[C@@H]1Oc3c(O)ccc4c3[C@@]13CCN(C)[C@H](C4)[C@]3(O)C2,6.74
OPRK1,CHEMBL3698856,O=C1CNc2ccccc2N1C1CCN(C2CCCCCCC2)CC1,6.74
OPRK1,CHEMBL4111263,COc1ccc2c3c1O[C@H]1[C@@]4(OC)CC[C@@]5(C[C@@H]4COCc4ccc(Cc6nn[nH]n6)cc4)[C@@H](C2)N(CC2CC2)CC[C@]315,6.74
OPRK1,CHEMBL4071362,COc1ccc2c3c1O[C@H]1[C@H](N(C)C(=O)/C=C/c4ccoc4)CC[C@@]4(O)[C@@H](C2)N(C(=O)OC(C)(C)C)CC[C@]314,6.74
OPRK1,CHEMBL4788003,CO[C@@]12CC[C@@H](N[C@@H](Cc3c[nH]c4ccccc34)C(=O)O)[C@@H]3Oc4c(O)ccc5c4[C@@]31CCN(C)[C@@H]2C5,6.74
OPRK1,CHEMBL4746919,N=C(N)NCCC[C@H](NC(=O)[C@H](CCC(N)=O)NC(=O)[C@@H]1CCCN1C(=O)[C@H](CS)NC(=O)[C@H](Cc1ccccc1)NC(=O)CNC(=O)[C@H](CS)NC(=O)[C@@H](N)Cc1ccc(O)cc1)C(=O)N[C@@H](Cc1ccccc1)C(N)=O,6.74
OPRK1,CHEMBL5571484,Cl.O=C(c1ccco1)N(c1ccccc1)C1CCN(CCc2ccccc2)CC1,6.74
OPRK1,CHEMBL5570401,COc1ccc2c3c1O[C@H]1[C@@]4(OC)CC[C@@]5(C[C@@H]4c4ccccc4NC(=O)OCc4ccccc4)[C@@H](C2)N(CC2CC2)CC[C@]315,6.74
OPRK1,CHEMBL5591080,Cc1cc2n(n1)C1(CCN(C(=O)c3ccc(Cl)cc3)CC1)CC(=O)N2CC1CC1,6.74
OPRK1,CHEMBL5614324,c1ccc(-c2nnc(CCc3cccc4ccccc34)n2Cc2cccs2)nc1,6.74
OPRK1,CHEMBL5912225,CCOC(=O)c1cc2cc(C)ccc2nc1N1CCC(NC2CCOCC2)CC1,6.74
OPRK1,CHEMBL5867402,COc1ccc2c(c1)[C@]13CCN(CC4CC4)[C@H](C2)[C@]1(O)C[C@H](C(N)=O)C3,6.74
OPRK1,CHEMBL151476,CN1CC[C@]23c4c5ccc(O)c4O[C@H]2c2c(c(-c4ccccc4)cn2Cc2ccccc2)C[C@@]3(O)C1C5,6.73
OPRK1,CHEMBL123023,COc1ccc(C[C@H]2CN3C(=NC[C@@H]3C)N2CCC2CC3CCC2C3)cc1,6.73
OPRK1,CHEMBL413791,CC(C)CCC(c1ccccc1)N1CCC(O)(c2ccccc2)CC1,6.73
OPRK1,CHEMBL232286,CC(C)S(=O)(=O)N1CCN(Cc2ccccc2C2(O)CCN(C(c3ccccc3Cl)c3ccccc3Cl)CC2)CC1,6.73
OPRK1,CHEMBL232937,CCCCOC(=O)N1CCC(c2ccccc2)(c2nccn2Cc2ccccc2)CC1,6.73
OPRK1,CHEMBL237295,NC(=O)c1ccc(Oc2ccc(CCN3CCc4ccccc4C3)cc2)nc1,6.73
OPRK1,CHEMBL3919846,COCCOCCOCCOCCOCCOCCOCCOCCOCCO[C@H]1CC[C@@]2(O)[C@H]3Cc4ccc(O)c5c4[C@@]2(CCN3CC2CCC2)C1O5,6.73
OPRK1,CHEMBL4107594,O=C(O)[C@H]1CCN1c1nc2ccccc2n([C@H]2C[C@H]3CCC[C@@H](C2)N3[C@@H]2C[C@@H]3CCCC[C@@H](C3)C2)c1=O,6.73
OPRK1,CHEMBL4776879,CO[C@@]12CC[C@H](NCCC(=O)O)[C@@H]3Oc4c(O)ccc5c4[C@@]31CCN(C)[C@@H]2C5,6.73
OPRK1,CHEMBL4755501,CO[C@@]12CC[C@H](N[C@@H](CCC(N)=O)C(=O)O)[C@@H]3Oc4c(O)ccc5c4[C@@]31CCN(C)[C@@H]2C5,6.73
OPRK1,CHEMBL1971943,Cc1c[nH]c2nccc(Oc3c(F)cc(Nc4cc(Cl)nc(N)n4)cc3F)c12,6.73
OPRK1,CHEMBL5178409,CC[C@@H]1CN2CC[C@]3(O)c4c(cccc4OC)NC3[C@@H]2C[C@@H]1/C(=C\OC)C(=O)OC,6.73
OPRK1,CHEMBL3186801,COC(=O)c1cc(Br)cnc1N1CCC(NC2CCCCC2)C1,6.73
OPRK1,CHEMBL5968177,COC(=O)c1cc(I)cnc1N1CCC(NC2CCOCC2)C(CO)C1,6.73
OPRK1,CHEMBL5905415,Cc1noc(-c2nc3ccccc3nc2N2CC[C@@H](NC3CCCCC3)[C@H](O)C2)n1,6.73
OPRK1,CHEMBL5748106,Cc1noc(-c2nc3ccccc3nc2N2CCC(NC3CCCC3)C(CO)C2)n1,6.73
OPRK1,CHEMBL5842048,COCCOCCOCCOCCOCCOCCOCCOCCOCCO[C@H]1CC[C@@]2(O)[C@H]3Cc4ccc(O)c5c4[C@@]2(CCN3CC2CCC2)[C@H]1O5,6.73
OPRK1,CHEMBL369719,COC(=O)C12CN(C)CC(C(=O)OC)(C1=O)C(c1ccc3ccccc3n1)N(C)C2c1ccc2ccccc2n1,6.72
OPRK1,CHEMBL216351,CN[C@@H](Cc1ccc(O)cc1)C(=O)NCC(=O)NCC(=O)N[C@H](Cc1ccccc1)C(=O)N(C)[C@@H](CC(C)C)C(=O)N[C@@H](CCCN=C(N)N)C(=O)N[C@@H](CCCN=C(N)N)C(=O)N[C@@H](CC(C)C)C(N)=O,6.72
OPRK1,CHEMBL266609,CC(=O)N[C@@H](CCCN=C(N)N)C(=O)N[C@@H](CC1CCCCC1)C(=O)N[C@H]1CC[C@H]2SC[C@@H](C(=O)N[C@H](CCCN=C(N)N)C(=O)NC(Cc3ccc(Cl)cc3)C(N)=O)N2C1=O,6.72
OPRK1,CHEMBL138473,C[C@H]1CN(Cc2cccc(Cl)c2)CC[C@@]1(C)c1cccc(C(N)=O)c1,6.72
OPRK1,CHEMBL440179,CCCN1CC[C@]23c4c5ccc(O)c4O[C@H]2c2c(c(-c4ccccc4)cn2Cc2ccccc2)C[C@@]3(O)C1C5,6.72
OPRK1,CHEMBL259473,CC(C)(C)C1CCC(N2CCC3(CC2)C(=O)N(Cc2ccccc2)Cc2cccc(F)c23)CC1,6.72
OPRK1,CHEMBL2334772,C=C(C(=O)O)[C@@H](NC(=O)[C@H](Cc1c[nH]c2ccccc12)NC(=O)[C@@H]1CCCN1C(=O)[C@@H](N)Cc1c(C)cc(O)cc1C)c1ccccc1,6.72
OPRK1,CHEMBL2387188,CCC[C@H]1CC[C@@H](N2CCC(N3C(=O)Cc4ccccc43)CC2)CC1,6.72
OPRK1,CHEMBL3667194,CN1CC[C@]23CC(=O)CC[C@@]2(O)[C@H]1Cc1ccc(C(=O)NCCc2ccc(-c4cnc(O)nc4O)cc2)c(O)c13,6.72
OPRK1,CHEMBL3746198,CO[C@]12CC[C@@]3(C[C@@H]1C(=O)NCCCCCCNC(=O)CCCCCNC(=O)COc1ccc(/C=C/C4=[N+]5C(=Cc6ccc(-c7cccs7)n6[B-]5(F)F)C=C4)cc1)[C@H]1Cc4ccc(O)c5c4[C@@]3(CCN1C)[C@H]2O5,6.72
OPRK1,CHEMBL3824356,COC(=O)N1CC[C@@H](NC(=O)[C@@H](N)Cc2c(C)cc(O)cc2C)c2cc(Cc3ccc4ccccc4c3)ccc21,6.72
OPRK1,CHEMBL3695262,N=C(N)NCCNc1nc2ccccc2n(C2CCN(C3CCCCCCC3)CC2)c1=O,6.72
OPRK1,CHEMBL3695280,COC(=O)C(CO)Nc1nc2ccccc2n(C2CCN(C3CCCCCCC3)CC2)c1=O,6.72
OPRK1,CHEMBL3923032,C[C@H](NC(=O)C[C@H]1C[C@@]2(O)[C@H]3Cc4ccc(O)cc4[C@@]2(CCN3CC2CC2)CC1=O)C(=O)O,6.72
OPRK1,CHEMBL190044,CCC(COC(=O)c1cc(OC)c(OC)c(OC)c1)(c1ccccc1)N(C)C,6.72
OPRK1,CHEMBL5440141,COC(=O)C(Cc1cccc(OC)c1C)NC(=O)CNCc1ccccc1,6.72
OPRK1,CHEMBL5566692,COc1ccc2c3c1O[C@H]1[C@@]4(OC)CC[C@@]5(C[C@@H]4c4ccccc4N(C)Cc4ccc(C(F)(F)F)cc4)[C@@H](C2)N(CC2CC2)CC[C@]315,6.72
OPRK1,CHEMBL5979041,CCOC(=O)c1cc(C)c(C)nc1N1CC[C@@H](NC2CCCCC2)[C@H](O)C1,6.72
OPRK1,CHEMBL6060981,Cc1ccc2nc(N3CCC(NC[C@@H](C)O)CC3)c(-c3noc(C)n3)cc2c1,6.72
OPRK1,CHEMBL5815820,CN(C)C(CNC(=O)OCCc1ccsc1)Cc1ccc(O)cc1,6.72
OPRK1,CHEMBL6024077,CC(Cc1ccsc1)NC(=O)NCC(Cc1ccc(O)cc1)N(C)C,6.72
OPRK1,CHEMBL5799508,CN(C)C(CNC(=O)NCCc1ccc(F)cc1)Cc1ccc(O)cc1,6.72
OPRK1,CHEMBL596,CCC(=O)N(c1ccccc1)C1CCN(CCc2ccccc2)CC1,6.71
OPRK1,CHEMBL41736,O=C(NC[C@@H]1Cc2ccccc2CN1/C(S)=N/C[C@H]1CCCN1Cc1cccc(O)c1)Nc1ccccc1,6.71
OPRK1,CHEMBL203356,O=C1NCN(c2ccccc2)C12CCN(Cc1ccccc1)CC2,6.71
OPRK1,CHEMBL456057,CCOC(=O)[C@@H]1C[C@]2(C)[C@H]3C(=O)[C@@H](OC(C)=O)C[C@@H](C(=O)OC)[C@]3(C)CC[C@H]2C(=O)O1,6.71
OPRK1,CHEMBL1257378,COC(=O)[C@@H]1C[C@@H](F)C(=O)[C@H]2[C@@]1(C)CC[C@H]1C(=O)O[C@H](c3ccoc3)C[C@]21C,6.71
OPRK1,CHEMBL1650851,O=c1[nH]c2ccccc2n1C1CCN(C2(CO)CCCCCCC2)CC1,6.71
OPRK1,CHEMBL3287470,CN1CC[C@]23Cc4nc5ccccc5cc4C[C@]2(Cc2ccc(O)cc23)C1,6.71
OPRK1,CHEMBL2018875,COc1ccc2cc(S(=O)(=O)N[C@H](CC(=O)N[C@H](Cc3ccc(CN4[C@H](C)CCC[C@@H]4C)cc3)C(=O)N(C)C(C)C)c3ccc4c(c3)OCO4)ccc2c1.Cl,6.71
OPRK1,CHEMBL5874561,COCCOCCOCCOCCOCCO[C@@H]1c2ccc(O)cc2[C@]2(C)CCN(CC3CC3)[C@H]1[C@@H]2C,6.71
OPRK1,CHEMBL75676,Cc1ccc(N2CNC(=O)C23CCN(C2Cc4cccc5cccc2c45)CC3)cc1,6.7
OPRK1,CHEMBL320182,O=C1Cc2ccccc2N1C1CCN(C2CCCC3CCCCC32)CC1,6.7
OPRK1,CHEMBL415460,C#CCCCOC(=O)[C@@H]1C[C@H](OC(C)=O)C(=O)[C@H]2[C@@]1(C)CC[C@H]1C(=O)O[C@H](c3ccoc3)C[C@]21C,6.7
OPRK1,CHEMBL201845,C[C@H]1CN(CCc2ccccc2)[C@H](CCNC(=O)c2ccccc2)C[C@@]1(C)c1cccc(O)c1,6.7
OPRK1,CHEMBL202352,CCCC[C@@H]1C[C@@](C)(c2cccc(O)c2)[C@@H](C)CN1CCc1ccccc1,6.7
OPRK1,CHEMBL231781,CCOC(=O)N1CCC(c2ccccc2)(c2nccn2Cc2ccc(OC)cc2)CC1,6.7
OPRK1,CHEMBL400436,CC(C)OC(=O)N1CCC(c2ccccc2)(c2nccn2Cc2ccccc2)CC1,6.7
OPRK1,CHEMBL437983,C[C@H]1CN(C[C@H](Cc2ccccc2)C(=O)N[C@@H](CCCN)C(=O)O)CC[C@@]1(C)c1cccc(O)c1,6.7
OPRK1,CHEMBL499351,CN(CC(=O)N1CCN(S(=O)(=O)c2cccc(Cl)c2)CC1CN1CCCC1)c1ccc(Cl)c(Cl)c1,6.7
OPRK1,CHEMBL455905,Oc1cccc2c1O[C@H]1CN(CCc3ccccc3)[C@@H]3CCC[C@]21C3,6.7
OPRK1,CHEMBL1257731,COC(=O)[C@@H]1C[C@H](I)C(=O)[C@H]2[C@@]1(C)CC[C@H]1C(=O)O[C@H](c3ccoc3)C[C@]21C,6.7
OPRK1,CHEMBL1642754,NC(=O)c1ccc2c(c1)CCCN2c1ccc(CNC2Cc3ccccc3C2)c(F)c1,6.7
OPRK1,CHEMBL1642757,NC(=O)c1ccc2c(c1)CCCN2c1ccc(CNC2Cc3ccccc3C2)c(Cl)c1,6.7
OPRK1,CHEMBL1642759,Cc1cc(CNCCC2=CCCCC2)ccc1N1CCCc2cc(C(N)=O)ccc21,6.7
OPRK1,CHEMBL1808303,Oc1ccc2c(c1)[C@]13CCN(CCc4ccccc4)[C@H](CC[C@@H]1O2)C3,6.7
OPRK1,CHEMBL2334773,C=C(C(=O)O)[C@@H](NC(=O)[C@H](Cc1c[nH]c2ccccc12)NC(=O)[C@@H]1CCCN1C(=O)[C@@H](N)Cc1c(C)cc(O)cc1C)c1ccco1,6.7
OPRK1,CHEMBL2418735,O=C1C[C@H]2C[C@](c3cccc(O)c3)(CCN2CCc2ccccc2)C1,6.7
OPRK1,CHEMBL3394753,COc1ccc(CCNC[C@H](O)CN2CN(c3ccc(F)cc3)C3(CCN(CC4CCCCCCC4)CC3)C2=O)cc1OC,6.7
OPRK1,CHEMBL3597071,CC(C)C[C@H](NC(=O)[C@H](CO[C@@H]1O[C@H](CO)[C@@H](O)[C@H](O)[C@H]1O)NC(=O)[C@H](CCCCN)NC(=O)[C@H](CC(C)C)NC(=O)[C@H](C)NC(=O)[C@H](CCCCN)NC(=O)[C@H](CCC(=O)O)NC(=O)C(C)(C)NC(=O)[C@H](CC(C)C)NC(=O)[C@H](CC(N)=O)NC(=O)CCNC(=O)[C@H](Cc1ccccc1)N(C)C(=O)CNC(=O)[C@@H](C)NC(=O)[C@@H](N)Cc1ccc(O)cc1)C(N)=O,6.7
OPRK1,CHEMBL4101758,CN(C)c1ccc(S(=O)(=O)N2CC[C@]34c5c6ccc(O)c5O[C@H]3[C@H](N(C)C(=O)/C=C/c3ccoc3)CC[C@@]4(O)[C@H]2C6)cc1.CS(=O)(=O)O,6.7
OPRK1,CHEMBL299031,CC[C@@H]1CN2CCc3c([nH]c4cccc(OC)c34)[C@@H]2C[C@@H]1/C(=C\OC)C(=O)OC,6.7
OPRK1,CHEMBL4538540,Cc1cc(O)cc(C)c1C[C@H](N)C(=O)N[C@H](C)c1cccc(Cc2ccccc2)c1.O=C(O)C(F)(F)F,6.7
OPRK1,CHEMBL4788604,CO[C@@]12CC[C@@H](N[C@@H](CO)C(=O)O)[C@@H]3Oc4c(O)ccc5c4[C@@]31CCN(C)[C@@H]2C5,6.7
OPRK1,CHEMBL4744531,Cc1cc(O)cc(C)c1C[C@H](N)C(=O)N[C@H](CCCNC(=N)N)C(=O)N[C@H]1Cc2ccccc2CN(CCC(=O)N[C@@H](CCCCN)C(=O)N[C@@H](CCCCN)C(=O)N2CCC[C@H]2C(=O)N[C@@H](Cc2ccc(O)cc2)C(=O)N[C@H](C(=O)N[C@@H](CC(C)C)C(=O)O)C(C)(C)C)C1=O,6.7
OPRK1,CHEMBL4856092,COc1ccc2c3c1O[C@H]1[C@@]4(OC)CC[C@@]5(C[C@@H]4c4cccc(NCc6ccc(OCC7CC7)cc6)c4)[C@@H](C2)N(CC2CC2)CC[C@]315,6.7
OPRK1,CHEMBL5288697,N=C(N)NCCC[C@@H](NC(=O)[C@@H](CCCNC(=N)N)NC(=O)[C@@H]1CCCN1C(=O)c1ccccc1)C(=O)N[C@@H](CCC(N)=O)C(=O)N[C@@H](CC1CCCCC1)C(=O)N1CCSSC[C@@H](C(N)=O)NC(=O)C1,6.7
OPRK1,CHEMBL5092747,CC(=O)Nc1ccc(-c2cc(-c3ccccc3)nc3cc(C(=O)NCCCn4ccnc4)nn23)cc1,6.7
OPRK1,CHEMBL5978417,COC(=O)c1cc(I)cnc1N1CCC(NC2CCCCC2OC)C(CO)C1,6.7
OPRK1,CHEMBL5938772,COC(=O)c1cc(C)cnc1N1CCC(NC2CCCCC2)C(CO)C1,6.7
OPRK1,CHEMBL5808594,Cc1noc(-c2cc3c(nc2N2CC[C@@H](NC4CCCCC4)[C@H](O)C2)CCCC3)n1,6.7
OPRK1,CHEMBL6148484,C/C=C1/C[N+]2(CC3CC3)CC[C@]34C(=C(C(=O)OC)[C@H]1C[C@@H]32)Nc1ccc(Br)cc14.[Br-],6.7
OPRK1,CHEMBL3707082,C[C@@H]1[C@H]2c3cc(O)ccc3C[C@@H](c3ccc(O)cc32)N1CC1CC1,6.69
OPRK1,CHEMBL442090,O=C1NCN(c2ccccc2)C12CCN(C1CCCCc3ccccc31)CC2,6.69
OPRK1,CHEMBL1223816,NC(=O)c1cccc(O[C@H]2C[C@H]3CC[C@@H](C2)N3CC2CCCCC2)c1,6.69
OPRK1,CHEMBL1258279,NC(=O)c1cccc(O[C@@H]2C[C@H]3CC[C@@H](C2)N3CC2CCCCC2)c1,6.69
OPRK1,CHEMBL1824517,Cl.O=C(CNC(=O)c1ccncc1)N[C@@H]1CC[C@@]2(O)[C@H]3Cc4ccc(O)c5c4[C@@]2(CCN3CC2CC2)[C@H]1O5,6.69
OPRK1,CHEMBL2335120,C=C(C(N)=O)[C@@H](NC(=O)[C@H](Cc1c[nH]c2ccccc12)NC(=O)[C@@H]1CCN(C(=O)[C@@H](N)Cc2c(C)cc(O)cc2C)C1)c1ccco1,6.69
OPRK1,CHEMBL3695672,COc1ccc(CN2CC[C@]34CCN(CC5CC5)[C@H](Cc5ccc(OC)cc53)[C@@H]4C2)cc1,6.69
OPRK1,CHEMBL5288358,COc1cccc(C2(O)CCN(C(=O)C3(c4ccccc4)CCC3)CC2CN(C)C)c1,6.69
OPRK1,CHEMBL5789096,N=Cc1cc(Br)cnc1N1CC[C@@H](NC2CCCCC2)[C@H](O)C1,6.69
OPRK1,CHEMBL177406,CN1CC2(C(=O)O)C(=O)C(C(=O)O)(C1)C(c1ccccc1)N(C)C2c1ccccc1,6.68
OPRK1,CHEMBL138653,C[C@H]1CN(Cc2cccn2S(=O)(=O)c2ccccc2)CC[C@@]1(C)c1cccc(C(N)=O)c1,6.68
OPRK1,CHEMBL343063,C[C@H]1CN(Cc2ccccc2)CC[C@@]1(C)c1cccc(C(N)=O)c1,6.68
OPRK1,CHEMBL365483,CN(C/C=C/c1ccccc1)C1CCc2ccc(O)cc2C1(C)C,6.68
OPRK1,CHEMBL196096,CC(=O)O[C@H]1C[C@@H](C(=O)N2CCCC2C(=O)OCc2ccccc2)[C@]2(C)CC[C@H]3C(=O)O[C@H](c4ccoc4)C[C@]3(C)[C@H]2C1=O,6.68
OPRK1,CHEMBL217971,COCCOCC(=O)OC[C@@H]1C[C@H](OC(C)=O)C(=O)[C@H]2[C@@]1(C)CC[C@H]1C(=O)O[C@H](c3ccoc3)C[C@]21C,6.68
OPRK1,CHEMBL247368,CSCC[C@H](NC(=O)[C@H](Cc1ccccc1)NC(=O)CNC(=O)CNC(=O)[C@@H](N)Cc1ccc(O)cc1)C(N)=O,6.68
OPRK1,CHEMBL511461,C[N+]1(CC2CC2)CC[C@]23c4c5ccc(C(N)=O)c4O[C@H]2C(=O)CC[C@@]3(O)[C@H]1C5.[I-],6.68
OPRK1,CHEMBL475094,C=CCNCCN1CN(c2ccccc2)C2(CCN(C3CCC(C)(C)c4ccccc43)CC2)C1=O,6.68
OPRK1,CHEMBL1672184,Cl.Oc1cccc([C@@]23CCC[C@@H](C2)N(C[C@@H]2C[C@H]2c2ccccc2)CC3)c1,6.68
OPRK1,CHEMBL3622710,CC[C@]1(COC)C[C@@H](C(=O)OC)[C@]2(C)CC[C@@H]3C(=O)O[C@H](c4ccoc4)C[C@]3(C)[C@H]2C1=O,6.68
OPRK1,CHEMBL3923010,Oc1cccc(CCN(CCc2ccccc2)CCc2ccccc2)c1,6.68
OPRK1,CHEMBL3698791,CSCCC(NC(=O)c1nc2ccccc2n([C@H]2C[C@H]3CC[C@@H](C2)N3C2CCCCCCC2)c1=O)C(=O)O,6.68
OPRK1,CHEMBL4089193,N#Cc1ccc(/C=C2\C[C@@]3(O)[C@H]4Cc5ccc(O)c6c5[C@@]3(CCN4CC3CC3)[C@@H](O6)C2=O)cc1,6.68
OPRK1,CHEMBL4749016,Cc1cc(O)cc(C)c1C[C@H](NC(=O)[C@@H]1CCCN1C(=O)[C@H](CCCCN)NC(=O)C[C@H](CCCCN)NC(=O)CCN1Cc2ccccc2C[C@H](NC(=O)[C@@H](CCCNC(=N)N)NC(=O)[C@@H](N)Cc2c(C)cc(O)cc2C)C1=O)C(=O)N[C@H](C(=O)N[C@@H](CC(C)C)C(=O)O)C(C)(C)C,6.68
OPRK1,CHEMBL4861737,COc1ccc2c3c1O[C@H]1[C@@]4(OC)CC[C@@]5(C[C@@H]4c4cccc(NCc6ccccc6)c4)[C@@H](C2)N(CC2CC2)CC[C@]315,6.68
OPRK1,CHEMBL5169644,CCOC(=O)[C@]12C[C@@H]1[C@@H](n1ccc3c(NCCc4ccccc4)nc(C#Cc4ccccc4)nc31)[C@H](O)[C@@H]2O,6.68
OPRK1,CHEMBL5290212,CC[C@H](C)[C@H](NC(=O)[C@H](CCC(N)=O)NC(=O)[C@H](CCCCN)NC(=O)[C@H](CCCNC(=N)N)NC(=O)[C@@H]1CSSC[C@H](NC(=O)[C@@H](N)CC(N)=O)C(=O)N1)C(=O)N[C@H]1CSSC[C@@H](C(N)=O)NC1=O,6.68
OPRK1,CHEMBL5279252,N=C(N)NCCC[C@@H](NC(=O)[C@@H](CCCNC(=N)N)NC(=O)[C@@H]1CCCN1C(=O)c1ccccc1)C(=O)N[C@@H](CCC(N)=O)C(=O)N[C@@H](CC1CCCCC1)C(=O)N[C@H]1CSS[C@H]2C[C@@H](C(N)=O)N(C2)C1=O,6.68
OPRK1,CHEMBL968,CCN(CC)CCN1C(=O)CN=C(c2ccccc2F)c2cc(Cl)ccc21,6.68
OPRK1,CHEMBL6051069,COC(=O)c1cc2ccccc2nc1N1CC[C@@H](NC2CCCCC2)[C@H](O)C1,6.68
OPRK1,CHEMBL6049347,CC(=O)c1cc2cc(C)ccc2nc1N1CCC(NC2CCCCC2)CC1,6.68
OPRK1,CHEMBL5790843,C[C@@H](Cc1ccsc1)NC(=O)NCC(Cc1ccc(O)cc1)N(C)Cc1ccccc1,6.68
OPRK1,CHEMBL6150645,COc1ccc2c3c1O[C@H]1[C@@]4(OC)C=C[C@@]5(C[C@@H]4C(=O)c4cccc(NCc6ccccc6)c4)[C@@H](C2)N(CC2CC2)CC[C@]315,6.68
OPRK1,CHEMBL231866,CNC(=O)NCc1ccccc1C1(O)CCN(C(c2ccccc2Cl)c2ccccc2Cl)CC1,6.67
OPRK1,CHEMBL1257577,NC(=O)c1cccc(O[C@@H]2C[C@H]3CC[C@@H](C2)N3Cc2cccs2)c1,6.67
OPRK1,CHEMBL4757240,CO[C@@]12CC[C@H](N[C@H](Cc3ccccc3)C(=O)O)[C@@H]3Oc4c(O)ccc5c4[C@@]31CCN(C)[C@@H]2C5,6.67
OPRK1,CHEMBL4782642,CO[C@@]12CC[C@H](N[C@@H](C)C(=O)O)[C@@H]3Oc4c(O)ccc5c4[C@@]31CCN(C)[C@@H]2C5,6.67
OPRK1,CHEMBL5570801,NC(=O)[C@@H]1CCCCN1C(=O)[C@H]1CC(=O)NCCCC[C@@H](NC(=O)[C@@H](N)Cc2ccc(O)cc2)C(=O)NCC(=O)N[C@@H](Cc2ccccc2)C(=O)N1,6.67
OPRK1,CHEMBL5612662,Cc1ccc(CCc2nnc(-c3ccccn3)n2CC2CC2)cc1C(F)(F)F,6.67
OPRK1,CHEMBL5715927,Cl.N=C(N)NC(=O)c1cnn(-c2cccc3ncccc23)c1C1CC1,6.67
OPRK1,CHEMBL6052279,CO[C@H]1CN(c2nc(C)ccc2-c2noc(C)n2)CC[C@H]1NC1CCCCC1,6.67
OPRK1,CHEMBL2096625,CN1CC[C@]23c4c5ccc(O)c4O[C@H]2[C@@H](O)C=C[C@H]3[C@H]1C5.CN1CC[C@]23c4c5ccc(O)c4O[C@H]2[C@@H](O)C=C[C@H]3[C@H]1C5.O=S(=O)(O)O,6.66
OPRK1,CHEMBL294168,CN1CC[C@]23c4c5cc6sc(N)nc6c4OC2[C@@H](O)CCC3[C@H]1C5,6.66
OPRK1,CHEMBL138842,COc1ccc(CN2CC[C@@](C)(c3cccc(C(N)=O)c3)[C@@H](C)C2)cc1,6.66
OPRK1,CHEMBL333018,COc1ccc(C[C@H]2CN3C(=NC[C@H]3C3CCCCC3)N2CCC2CC3CCC2C3)cc1,6.66
OPRK1,CHEMBL413774,COC(=O)[C@@H]1C[C@H](OC)C(=O)[C@H]2[C@@]1(C)CC[C@H]1C(=O)O[C@H](c3ccoc3)C[C@]21C,6.66
OPRK1,CHEMBL198604,CCN(Cc1ccc(C)cc1)CC(O)CN1C(=O)C2(CCN(CC3CCCCCCC3)CC2)c2ccccc21,6.66
OPRK1,CHEMBL202461,CCC[C@@H]1C[C@@](C)(c2cccc(O)c2)[C@@H](C)CN1C,6.66
OPRK1,CHEMBL386185,CC(=O)O[C@H]1C[C@@H](COC(=O)C2CC2)[C@]2(C)CC[C@H]3C(=O)O[C@H](c4ccoc4)C[C@]3(C)[C@H]2C1=O,6.66
OPRK1,CHEMBL230253,CCCCCC(c1ccccc1)N1CCC(O)(c2ccccc2)CC1,6.66
OPRK1,CHEMBL506217,O=C1N[C@H](Cc2c[nH]c3ccccc23)C(=O)N[C@@H](Cc2ccc(O)cc2)C(=O)N2CCC[C@@H]2C(=O)N[C@H]1Cc1ccccc1,6.66
OPRK1,CHEMBL2022297,COC(=O)[C@@H]1C[C@H](OC(C)=O)C(=O)[C@H]2[C@@]1(C)CC[C@H]1C(=O)O[C@H](C(=O)c3cccc(C#N)c3)C[C@]21C,6.66
OPRK1,CHEMBL2048782,COc1ccccc1CNc1ccc2c3c1O[C@H]1[C@@H](O)C=C[C@H]4[C@@H](C2)N(C)CC[C@@]341,6.66
OPRK1,CHEMBL2322564,Cc1cc(O)cc(C)c1C[C@H](N)C(=O)N[C@H]1CCNc2ccc(Cc3ccccc3)cc21,6.66
OPRK1,CHEMBL3323526,COC(=O)CC(=O)N1CCN(C(=O)Cc2ccc(Cl)c(Cl)c2)C2C(N3CCCC3)CCCC21,6.66
OPRK1,CHEMBL3950863,Oc1ccc(CCN(CCc2ccccc2)CC2CC2)cc1,6.66
OPRK1,CHEMBL3698786,O=C(O)CN1CCN(c2nc3ccccc3n([C@H]3C[C@H]4CC[C@@H](C3)N4C3CCCCCCC3)c2=O)CC1,6.66
OPRK1,CHEMBL4754944,CO[C@@]12CC[C@H](N[C@@H](Cc3ccccc3)C(=O)O)[C@@H]3Oc4c(O)ccc5c4[C@@]31CCN(C)[C@@H]2C5,6.66
OPRK1,CHEMBL4797769,CC[C@H](C)[C@H](NC(=O)[C@H](CCCNC(=N)N)NC(=O)[C@H](CC(C)C)NC(=O)[C@H](Cc1ccccc1)NC(=O)[C@@H]1CCCN1C(=O)CNC(=O)[C@@H](N)Cc1ccc(O)cc1)C(=O)N[C@@H](CCCNC(=N)N)C(N)=O,6.66
OPRK1,CHEMBL5271719,CC[C@H](C)[C@H](NC(=O)[C@H](CCC(N)=O)NC(=O)[C@H](CCCNC(=N)N)NC(=O)[C@H](CCCNC(N)=O)NC(=O)[C@@H]1CSSC[C@H](NC(=O)[C@@H](N)CC(N)=O)C(=O)N1)C(=O)N[C@H]1CSSC[C@@H](C(N)=O)NC1=O,6.66
OPRK1,CHEMBL5565348,COc1ccc2c3c1O[C@H]1[C@@]4(OC)CC[C@@]5(C[C@@H]4c4ccccc4NCC4CC4)[C@@H](C2)N(CC2CC2)CC[C@]315,6.66
OPRK1,CHEMBL5564848,COc1ccc2c3c1O[C@H]1[C@@]4(OC)CC[C@@]5(C[C@@H]4c4ccccc4NC(=O)c4ccccc4O)[C@@H](C2)N(CC2CC2)CC[C@]315,6.66
OPRK1,CHEMBL5833373,COCCOCCOCCO[C@H]1CC[C@@]2(O)[C@H]3Cc4ccc(O)c5c4[C@@]2(CCN3CC2CCC2)[C@H]1O5,6.66
OPRK1,CHEMBL5934087,CN(CCc1ccccc1)C(=O)N(C)C[C@H](Cc1ccc(O)cc1)N(C)C,6.66
OPRK1,CHEMBL212714,COC(=O)[C@@H]1C[C@@H](N)C(=O)[C@H]2[C@@]1(C)CC[C@H]1C(=O)O[C@H](c3ccoc3)C[C@]21C,6.65
OPRK1,CHEMBL514781,O=C(N[C@H]1CC[C@@]2(O)[C@H]3Cc4ccc(O)c5c4[C@@]2(CCN3CC2CC2)[C@H]1O5)c1ccccn1,6.65
OPRK1,CHEMBL510745,O=C1N(CCNC2CCCCC2)CN(c2ccccc2)C12CCN(C(c1ccccc1Cl)c1ccccc1Cl)CC2,6.65
OPRK1,CHEMBL1224139,NC(=O)c1cc(F)cc(O[C@H]2C[C@H]3CC[C@@H](C2)N3Cc2ccccc2)c1,6.65
OPRK1,CHEMBL1672178,Cl.Oc1cccc([C@@]23CCC[C@@H](C2)N(C/C=C/c2ccccc2)CC3)c1,6.65
OPRK1,CHEMBL3361425,N=C(N)NCCNC(=O)C1(Nc2ccccc2)CCN(Cc2ccccc2)CC1,6.65
OPRK1,CHEMBL3695217,O=c1c(NCC(O)CO)nc2ccccc2n1[C@H]1C[C@H]2CC[C@@H](C1)N2C1CCCCCCC1,6.65
OPRK1,CHEMBL3695256,NC1(C(=O)O)CCN(c2nc3ccccc3n([C@H]3C[C@H]4CC[C@@H](C3)N4C3CCCCCCC3)c2=O)CC1,6.65
OPRK1,CHEMBL3698897,CN(C(=O)O)[C@@H]1CCN(c2nc3ccccc3n([C@H]3C[C@H]4CC[C@@H](C3)N4C3CCCCCCC3)c2=O)C1,6.65
OPRK1,CHEMBL3695271,CC(=O)N[C@@H]1CCN(c2nc3ccccc3n(C3CCN(C4CCCCCCC4)CC3)c2=O)C1,6.65
OPRK1,CHEMBL3935191,O=C(O)[C@@H]1CCN1c1nc2ccccc2n([C@H]2C[C@H]3CC[C@@H](C2)N3[C@@H]2C[C@@H]3CCCC[C@@H](C3)C2)c1=O,6.65
OPRK1,CHEMBL4876239,COc1ccc2c3c1O[C@H]1[C@@]4(OC)CC[C@@]5(C[C@@H]4c4cccc(NCc6ccc(OCC7CCC7)cc6)c4)[C@@H](C2)N(CC2CC2)CC[C@]315,6.65
OPRK1,CHEMBL235743,C[C@@H](NC(=O)[C@@H](N)Cc1ccc(O)cc1)C(=O)NCC(=O)N[C@@H](Cc1ccccc1)C(N)=O,6.65
OPRK1,CHEMBL5963243,Cc1nc(-c2c(N3CCC(NCC(C)C)CC3)nc3ccccc3c2C)no1,6.65
OPRK1,CHEMBL23352,COc1ccc(CC(=O)N2CCN(C(C)=O)CC2CN2CC[C@H](O)C2)cc1,6.64
OPRK1,CHEMBL317152,O=C1Cc2ccccc2N1C1CCN(CC2CCCCCCC2)CC1,6.64
OPRK1,CHEMBL54603,Oc1nc2ccccc2n1[C@H]1CCN2[C@H](CCC[C@H]2C2CCCCC2)C1,6.64
OPRK1,CHEMBL263576,CC(=O)O[C@H]1C[C@@H](C(=O)NCC(=O)OCc2ccccc2)[C@]2(C)CC[C@H]3C(=O)O[C@H](c4ccoc4)C[C@]3(C)[C@H]2C1=O,6.64
OPRK1,CHEMBL375633,C[C@H]1CN2CCN(Cc3cccc4ccccc34)C[C@H]2C[C@@]1(C)c1cccc(O)c1,6.64
OPRK1,CHEMBL235239,CO[C@]12CC(O)[C@@]3(C[C@@H]1[C@@H](C)O)[C@H]1Cc4ccc(O)c5c4[C@@]3(CCN1C)[C@H]2O5,6.64
OPRK1,CHEMBL270833,C[C@H]1CN(CCC(=O)N(Cc2ccc(-c3ccccc3)cc2)[C@@H](Cc2ccccc2)C(=O)O)CC[C@@]1(C)c1cccc(O)c1,6.64
OPRK1,CHEMBL429685,COC(=O)[C@@H]1C[C@H](OC(=O)c2ccccc2OC)C(=O)[C@H]2[C@@]1(C)CC[C@H]1C(=O)O[C@H](c3ccoc3)C[C@]21C,6.64
OPRK1,CHEMBL1773752,CCOC(=O)c1ccc([C@@H]2C[C@]3(C)[C@H]4C(=O)[C@@H](OC(C)=O)C[C@@H](C(=O)OC)[C@]4(C)CC[C@H]3C(=O)O2)cc1C(=O)OCC,6.64
OPRK1,CHEMBL3264745,C=CCN1CC[C@@]23c4c5ccc(O)c4OCO[C@]46CC[C@@]2(O[C@H](C(=O)N4Cc2ccccc2)[C@H]63)[C@H]1C5,6.64
OPRK1,CHEMBL3409111,Oc1ccc2c(c1)[C@]1(CCCCc3ccccc3)CCN(CCc3ccccc3F)C[C@@H]1O2,6.64
OPRK1,CHEMBL3798175,C[C@H]1[C@H]2Cc3ccc(O)cc3[C@]1(C)CCN2CCC(=O)Nc1cccc2cccnc12,6.64
OPRK1,CHEMBL3808514,C[N+]1(CC2c3ccc(O)cc3CCN2C(=O)C2CC(=O)c3ccc(Cl)cc32)CCCC1.[I-],6.64
OPRK1,CHEMBL3698792,O=C(O)CC(NC(=O)c1nc2ccccc2n([C@H]2C[C@H]3CC[C@@H](C2)N3C2CCCCCCC2)c1=O)C(=O)O,6.64
OPRK1,CHEMBL3484893,COc1ccc(CNCC(O)c2cccc(O)c2)cc1Br,6.64
OPRK1,CHEMBL4787539,CC[C@H](C)[C@H](NC(=O)[C@H](CCCNC(=N)N)NC(=O)[C@H](CC(C)C)NC(=O)[C@H](Cc1ccccc1)NC(=O)CNC(=O)CNC(=O)[C@@H](C)Cc1c(C)cc(O)cc1C)C(=O)N[C@@H](CCCNC(=N)N)C(=O)N1CCC[C@H]1C(=O)N[C@@H](CCCCN)C(=O)O,6.64
OPRK1,CHEMBL5281864,Cc1ccccc1CC(=O)N1CCC(O)(c2cccc(O)c2)C(CN(C)C)C1,6.64
OPRK1,CHEMBL5271048,N=C(N)NCCC[C@@H](NC(=O)[C@@H](CCCNC(=N)N)NC(=O)[C@@H]1CCCN1C(=O)c1ccc2ccccc2c1)C(=O)N[C@@H](CCC(N)=O)C(=O)N[C@@H](CC1CCCCC1)C(=O)N[C@H]1CSSC[C@@H](C(=O)O)NC1=O,6.64
OPRK1,CHEMBL5429939,COc1cccc(Cn2nc(CNCCc3cccc(Oc4ccccc4)c3)c3c4cc(OC)c(OC)cc4c(-c4ccccc4Cl)nc32)c1,6.64
OPRK1,CHEMBL6014567,COC(=O)c1cc(Br)cnc1N1CCC(NC2CCCC[C@H]2O)CC1,6.64
OPRK1,CHEMBL5974530,CO[C@H]1CN(c2nc3ccc(C)cc3cc2-c2ccc(C)nn2)CC[C@H]1NC1CCCCC1,6.64
OPRK1,CHEMBL5831475,Cc1nc(-c2cc3ccc(F)c(C)c3nc2N2CCC(NC3CCOCC3)CC2)no1,6.64
OPRK1,CHEMBL6161149,Cn1ccc(CCN(CCc2cccc3[nH]c(=O)[nH]c23)CC2CCC2)n1,6.64
OPRK1,CHEMBL188920,CC1(C)c2cc(O)ccc2CCC1NCC1CC1,6.63
OPRK1,CHEMBL243301,Oc1cccc([C@@]23CCC[C@@H]([C@@H]2O)N(CCc2ccccc2)CC3)c1,6.63
OPRK1,CHEMBL5283182,N=C(N)NCCC[C@@H](NC(=O)[C@@H](CCCNC(=N)N)NC(=O)[C@@H]1CCCN1C(=O)c1ccccc1)C(=O)N[C@@H](CCC(N)=O)C(=O)N[C@@H](CC1CCCCC1)C(=O)N[C@H]1CC(=O)NC[C@@H](C(N)=O)NC1=O,6.63
OPRK1,CHEMBL5927798,COC(=O)c1cc(Br)cnc1N1CCC(NC2CCCCC2)C(C)(C)C1,6.63
OPRK1,CHEMBL320306,C/C=C1\C[C@@]23Cc4c([nH]c5ccccc45)[C@@H]1[C@@]21CCN(C)C3Cc2ccc(OC)c(O)c21,6.62
OPRK1,CHEMBL338799,COc1ccc(C[C@@H]2CN3C(=NC[C@@H]3C)N2C(C)C23CC4CC(CC(C4)C2)C3)cc1,6.62
OPRK1,CHEMBL198238,CCNC(=O)N1CCC(c2ccccc2)(c2nccn2Cc2ccccc2)CC1,6.62
OPRK1,CHEMBL214144,CCN(C(C)=O)[C@@H]1C[C@@H](C(=O)OC)[C@]2(C)CC[C@H]3C(=O)O[C@H](c4ccoc4)C[C@]3(C)[C@H]2C1=O,6.62
OPRK1,CHEMBL270187,C[C@H]1CN(C[C@H](Cc2ccccc2)C(=O)N[C@@H](Cc2ccc3ccccc3c2)C(=O)O)CC[C@@]1(C)c1cccc(O)c1,6.62
OPRK1,CHEMBL511243,C[C@H]1C2Cc3ccc4c(NCc5ccccc5)ncnc4c3[C@@]1(C)CCN2CC1CC1,6.62
OPRK1,CHEMBL457244,CC(C)CNCCN1CN(c2ccccc2)C2(CCN(C(c3ccccc3Cl)c3ccccc3Cl)CC2)C1=O,6.62
OPRK1,CHEMBL1258047,NC(=O)c1cccc(O[C@@H]2C[C@H]3CC[C@@H](C2)N3Cc2ccncc2)c1,6.62
OPRK1,CHEMBL1257852,COC(=O)[C@@H]1C[C@@H](I)C(=O)[C@H]2[C@@]1(C)CC[C@H]1C(=O)O[C@H](c3ccoc3)C[C@]21C,6.62
OPRK1,CHEMBL2334774,C=C(C(N)=O)[C@@H](NC(=O)[C@H](Cc1c[nH]c2ccccc12)NC(=O)[C@H]1CCN(C(=O)[C@@H](N)Cc2c(C)cc(O)cc2C)C1)c1ccccc1,6.62
OPRK1,CHEMBL2386821,CN1CC[C@@]2(CCCc3ccccc3)c3cc(O)ccc3O[C@H]2C1,6.62
OPRK1,CHEMBL3359809,COC(=O)[C@@H]1C[C@H](OC(C)=O)C(=O)[C@H]2[C@@]1(C)CC[C@H]1C(=O)O[C@H](c3cc(Br)oc3Br)C[C@]21C,6.62
OPRK1,CHEMBL3394742,CCCCN(Cc1ccccc1)C[C@H](O)CN1CN(c2ccc(F)cc2)C2(CCN(CC3CCCCCCC3)CC2)C1=O,6.62
OPRK1,CHEMBL4468750,Cc1cc(O)cc(C)c1C[C@H](N)C(=O)N[C@@H]1CCN(C(=O)c2ccccc2)c2ccc(Cc3ccc4c(c3)OCCO4)cc21.O=C(O)C(F)(F)F,6.62
OPRK1,CHEMBL4777803,CSCC[C@H](NC(=O)[C@H](Cc1ccccc1)NC(=O)CNC(=O)[C@@H](C)NC(=O)[C@@H](N)Cc1ccc(O)cc1)C(=O)N1CCC[C@H]1C(=O)N[C@@H](CCC(N)=O)C(=O)N[C@@H](CCCNC(=N)N)C(=O)N[C@@H](Cc1ccccc1)C(N)=O,6.62
OPRK1,CHEMBL4851082,COc1ccc2c3c1O[C@H]1[C@@]4(OC)CC[C@@]5(C[C@@H]4c4cccc(NC(=O)C6CC6)c4)[C@@H](C2)N(CC2CC2)CC[C@]315,6.62
OPRK1,CHEMBL5196331,NC(=O)[C@@H]1CCCCNC(=O)CC[C@@H](NC(=O)[C@@H](N)Cc2ccc(O)cc2)C(=O)N[C@@H](Cc2ccccc2)C(=O)N[C@@H](Cc2ccccc2)C(=O)N1,6.62
OPRK1,CHEMBL5272744,CN(C)CC1CN(C(=O)Cc2ccccc2F)CCC1(O)c1cccc(O)c1,6.62
OPRK1,CHEMBL5266402,N=C(N)NCCC[C@@H](NC(=O)[C@@H]1CCC(=O)N1)C(=O)N[C@H](CCCNC(=N)N)C(=O)N[C@@H](CCC(N)=O)C(=O)N[C@@H](CC1CCCCC1)C(=O)N[C@H]1CCSSCC[C@@H](C(N)=O)NC1=O,6.62
OPRK1,CHEMBL5291473,COC(=O)[C@]1(c2ccccc2)C[C@@H]1CN1CC[C@]2(C)c3cc(O)ccc3C[C@@H]1[C@@H]2C,6.62
OPRK1,CHEMBL5840977,CNC(CNC(=O)N[C@@H](C)Cc1ccsc1)Cc1ccc(O)cc1,6.62
OPRK1,CHEMBL230145,CCCC(c1ccccc1)N1CCC(O)(c2ccccc2)CC1,6.61
OPRK1,CHEMBL243300,Oc1cccc([C@]23CCC[C@H]([C@@H]2O)N(CCc2ccccc2)CC3)c1,6.61
OPRK1,CHEMBL456225,O=C1N(CCNC2CCCC2)CN(c2ccccc2)C12CCN(C(c1ccccc1Cl)c1ccccc1Cl)CC2,6.61
OPRK1,CHEMBL1701756,Cc1ccc(CN(CCNC(=O)c2ccc(CNS(=O)(=O)c3ccc(C)cc3)cc2)C(C)C)cc1,6.61
OPRK1,CHEMBL3698775,O=C(NOCc1ccccc1)c1nc2ccccc2n(C2CCN(C3CCCCCCC3)CC2)c1=O,6.61
OPRK1,CHEMBL3704613,OCc1nc2ccccc2n1C1C[C@H]2CCC[C@@H](C1)N2[C@H]1C[C@@H]2CCC[C@@H](C2)C1,6.61
OPRK1,CHEMBL4443716,CCOc1ccc(CN2Cc3ccccc3C2)cc1CNC(=O)[C@@H](N)Cc1c(C)cc(O)cc1C.O=C(O)C(F)(F)F,6.61
OPRK1,CHEMBL4437661,CCOc1ccc(CN2CC3CC3C2)cc1CNC(=O)[C@@H](N)Cc1c(C)cc(O)cc1C.O=C(O)C(F)(F)F,6.61
OPRK1,CHEMBL5186493,N[C@@H](Cc1ccc(O)cc1)C(=O)N[C@@H]1CCCCNC(=O)[C@H](Cc2ccccc2)NC(=O)[C@H](Cc2c[nH]c3ccccc23)NC1=O,6.61
OPRK1,CHEMBL5931902,CCC(CC)NC1CCN(c2nc3ccc(F)cc3cc2-c2noc(C)n2)CC1,6.61
OPRK1,CHEMBL5753083,COc1ccc2c(c1)[C@]13CCN(CC4CC4)[C@H](C2)[C@]12CCC(N)(C3)C(=O)O2,6.61
OPRK1,CHEMBL5929806,COCCOCCOCCOCCOCCOCCO[C@H]1CC[C@@]2(O)[C@H]3Cc4ccc(O)c5c4[C@@]2(CCN3CC2CCC2)[C@H]1O5,6.61
OPRK1,CHEMBL359252,COC(=O)[C@@H]1CCN(C(=O)Cc2ccc(Cl)c(Cl)c2)[C@H](CN2CCCC2)C1,6.6
OPRK1,CHEMBL287726,C[C@@H]1C2CCCC1(c1cccc(O)c1)CCN2C,6.6
OPRK1,CHEMBL2112342,CCCCN1C[C@@H]2CN(c3ccccc3)C3(CCN([C@H]4CC[C@@H](C(C)C)CC4)CC3)[C@@H]2C1,6.6
OPRK1,CHEMBL185763,CCCNC1CCc2ccc(O)cc2C1(C)C,6.6
OPRK1,CHEMBL197727,CN1C(=O)C2(CCN(CC3CCCCCCC3)CC2)c2cc(F)ccc21,6.6
OPRK1,CHEMBL240896,O=C1NCN(c2ccccc2)C12CCN(Cc1cccnc1)CC2,6.6
OPRK1,CHEMBL401094,CN1CC[C@]23c4c5ccc(O)c4O[C@H]2c2[nH]c4ccc(Br)cc4c2C[C@@]3(O)[C@H]1C5,6.6
OPRK1,CHEMBL403190,C[C@H]1CN(C[C@H](Cc2ccccc2)C(=O)N[C@@H](Cc2ccccc2)C(=O)O)CC[C@@]1(C)c1cccc(O)c1,6.6
OPRK1,CHEMBL526913,CN(CC(=O)N1CCN(S(=O)(=O)c2ccccc2)CC1CN1CCCC1)c1ccc(Cl)c(Cl)c1,6.6
OPRK1,CHEMBL1642741,CC(C)(C)CCNCc1ccc(N2CCCc3cc(C(N)=O)ccc32)cc1,6.6
OPRK1,CHEMBL1642749,NC(=O)c1ccc2c(c1)CCCN2c1ccc(CNCCC2CCOCC2)cc1,6.6
OPRK1,CHEMBL3104108,Cc1cc(O)cc(C)c1C[C@H](N)C(=O)N1CCN(CCCc2ccccc2)CC1,6.6
OPRK1,CHEMBL3359810,COC(=O)[C@@H]1C[C@H](OC(C)=O)C(=O)[C@H]2[C@@]1(C)CC[C@H]1C(=O)O[C@H](c3cc(C)oc3C)C[C@]21C,6.6
OPRK1,CHEMBL3622715,C=CC[C@]1(COC)C[C@@H](C(=O)OC)[C@]2(C)CC[C@@H]3C(=O)O[C@H](c4ccoc4)C[C@]3(C)[C@H]2C1=O,6.6
OPRK1,CHEMBL3695243,C[C@@]12CC[C@@H](C[C@@H](n3c(=O)c(C(=O)NCC(=O)O)nc4ccccc43)C1)N2C1CCCCCCC1,6.6
OPRK1,CHEMBL3698778,NC(=O)CNc1nc2ccccc2n([C@H]2C[C@H]3CC[C@@H](C2)N3C2CCCCCCC2)c1=O,6.6
OPRK1,CHEMBL4115581,COc1ccc2c(c1)[C@]13CCN(CC4CC4)[C@H](C2)C1[C@@H](O)[C@H](OCc1ccccc1)C(=O)C3,6.6
OPRK1,CHEMBL4638709,CCO[C@@]12Cc3cc(-c4ccccc4)cnc3[C@@H]3Oc4c(O)ccc5c4[C@@]31CCN(CC1CC1)[C@@H]2C5,6.6
OPRK1,CHEMBL4748047,CO[C@@]12CC[C@H](N[C@H](C(=O)O)C3CCCCC3)[C@@H]3Oc4c(O)ccc5c4[C@@]31CCN(C)[C@@H]2C5,6.6
OPRK1,CHEMBL5291340,C/C=C1/CN2CC[C@@]34c5cc(O)c(Br)cc5N(C)[C@]35OC[C@@]4(C(=O)OC)[C@H]1C[C@H]25,6.6
OPRK1,CHEMBL5394355,CC(C)[C@H]1CC[C@@H](N2CCC(n3c(CNC(=O)c4ccc(C(F)(F)F)o4)cc4ccccc43)CC2)CC1,6.6
OPRK1,CHEMBL5885116,COC1CN(c2ncc(C)cc2-c2nc(C)no2)CCC1NC1CCCCC1,6.6
OPRK1,CHEMBL5999097,CN(C)CCCC1(c2ccc(F)cc2)OCc2cc(C(=N)N3CCCC3)ccc21,6.6
OPRK1,CHEMBL5895298,COc1ccc2c(c1)[C@]13CCN(CC4CC4)[C@H](C2)[C@]12CCC(O)(C3)C(=O)O2,6.6
OPRK1,CHEMBL2112344,CC(C)[C@H]1CC[C@@H](N2CCC3(CC2)[C@@H]2CNC[C@@H]2CN3c2ccccc2)CC1,6.59
OPRK1,CHEMBL360736,CN(C(=O)C(NC=O)c1ccccc1)[C@H](CN1CCCC1)c1ccccc1,6.59
OPRK1,CHEMBL232477,CNCc1ccccc1C1(O)CCN(C(c2ccccc2Cl)c2ccccc2Cl)CC1,6.59
OPRK1,CHEMBL457451,O=C1N(CCN2CCCC2)CN(c2ccccc2)C12CCN(C(c1ccccc1Cl)c1ccccc1Cl)CC2,6.59
OPRK1,CHEMBL4296739,C[C@@H](O)CN1CC[C@]23Cc4nc5ccccc5cc4C[C@@]2(O)[C@H]1Cc1ccc(O)cc13.Cl.Cl,6.59
OPRK1,CHEMBL3698863,CC(=O)NC1(C(=O)O)CCN(c2nc3ccccc3n([C@H]3C[C@H]4CC[C@@H](C3)N4C3CCCCCCC3)c2=O)CC1,6.59
OPRK1,CHEMBL3698834,CN(C)c1nc2ccccc2n(C2CCN(C3CCCCCCC3)CC2)c1=O,6.59
OPRK1,CHEMBL3704592,O=C(O)CCN1CCC[C@H](c2nc3ccccc3n2[C@H]2C[C@H]3CCC[C@@H](C2)N3[C@@H]2C[C@@H]3CCCC[C@@H](C3)C2)C1,6.59
OPRK1,CHEMBL3704623,O=C(O)CN1CCC[C@H]1Cc1nc2ccccc2n1[C@H]1C[C@H]2CCC[C@@H](C1)N2[C@@H]1C[C@@H]2CCCC[C@@H](C2)C1,6.59
OPRK1,CHEMBL4777389,CO[C@@]12CC[C@H](N[C@H](C)C(=O)O)[C@@H]3Oc4c(O)ccc5c4[C@@]31CCN(C)[C@@H]2C5,6.59
OPRK1,CHEMBL5439837,COC(=O)C(Cc1cccc(OC)c1I)NC(=O)CN(C)Cc1ccccc1,6.59
OPRK1,CHEMBL5933712,COC1CN(c2nc(C)c(C)cc2-c2nc(C)no2)CCC1NCC(C)C,6.59
OPRK1,CHEMBL131328,O=C(Cc1ccc(Cl)c(Cl)c1)N1CCCCC1CN1CCCCC1,6.58
OPRK1,CHEMBL545654,Cl.O=C(Cc1cccc2sccc12)O[C@@H]1CCCC[C@H]1N1CCCC1,6.58
OPRK1,CHEMBL442413,C=CCN(C)C1CCc2ccc(O)cc2C1(C)C,6.58
OPRK1,CHEMBL383044,C[C@H]1CN(CCc2ccccc2)[C@H](CCCc2ccccc2)C[C@@]1(C)c1cccc(O)c1,6.58
OPRK1,CHEMBL232075,OC1(c2ccccc2CN2CCNCC2)CCN(C(c2ccccc2Cl)c2ccccc2Cl)CC1,6.58
OPRK1,CHEMBL409414,COC(=O)[C@@H]1C[C@H](NS(C)(=O)=O)C(=O)[C@H]2[C@@]1(C)CC[C@H]1C(=O)O[C@H](c3ccoc3)C[C@]21C,6.58
OPRK1,CHEMBL264967,COC(=O)[C@@H]1C[C@H](OC(=O)c2cccs2)C(=O)[C@H]2[C@@]1(C)CC[C@H]1C(=O)O[C@H](c3ccoc3)C[C@]21C,6.58
OPRK1,CHEMBL570000,CCN(CC)C(=O)c1ccc(N(c2cccc(O)c2)C2CCN(CCc3ccco3)CC2)cc1,6.58
OPRK1,CHEMBL1719120,CCc1ccc(S(=O)(=O)NCc2ccc(C(=O)NCCN(Cc3ccc(OC)cc3)C(C)C)cc2)cc1,6.58
OPRK1,CHEMBL1457,COc1ccc2c3c1O[C@H]1C(=O)CC[C@H]4[C@@H](C2)N(C)CC[C@]314,6.58
OPRK1,CHEMBL2381591,COC(=O)[C@@H]1C[C@H](OC(=O)CCCC(=O)O)C(=O)[C@H]2[C@@]1(C)CC[C@H]1C(=O)O[C@H](c3ccoc3)C[C@]21C,6.58
OPRK1,CHEMBL3323518,O=C(c1ccccc1)N1CCN(C(=O)Cc2ccc(Cl)c(Cl)c2)C2C(N3CCCC3)CCCC21,6.58
OPRK1,CHEMBL3704612,O=C(O)CNc1nc2ccccc2n1C1C[C@H]2CCC[C@@H](C1)N2C1CCCCCCCCC1,6.58
OPRK1,CHEMBL3935417,COc1ccc2c(c1)[C@]13CCN(CC4CC4)[C@H](C2)[C@]1(O)C[C@H](CC(=O)O)C(=O)C3,6.58
OPRK1,CHEMBL4082299,O=C(NCC1NCCc2ccccc21)c1ccc(OC(F)(F)F)cc1,6.58
OPRK1,CHEMBL4443759,CCOc1ccc(C(=O)N2Cc3ccccc3C2)cc1CNC(=O)[C@@H](N)Cc1c(C)cc(O)cc1C.O=C(O)C(F)(F)F,6.58
OPRK1,CHEMBL4756271,COC(=O)[C@@H]1C=C(OC(=O)c2ccc(F)cc2)C(=O)[C@H]2[C@@]1(C)CC[C@H]1C(=O)O[C@H](c3ccoc3)C[C@]21C,6.58
OPRK1,CHEMBL5200910,COc1ccc2c3c1O[C@H]1[C@@]4(OC)CC[C@@]5(C[C@@]4(C)C=O)[C@@H](C2)N(CC2CC2)CC[C@]315,6.58
OPRK1,CHEMBL5836233,Cc1ccc2nc(N3CCC(NC4CCCCCCC4)CC3)c(-c3nc(C)no3)cc2c1,6.58
OPRK1,CHEMBL5989506,Cc1ccc2nc(N3CCC(NC4CCCC4)CC3)c(-c3ccncn3)cc2c1,6.58
OPRK1,CHEMBL112191,COc1ccc(CN2CCC(n3c(O)nc4ccccc43)CC2)c(Cl)c1,6.57
OPRK1,CHEMBL59177,O=c1c(-c2cc3ccccc3o2)cccn1C(CN1CCCC1)c1ccccc1,6.57
OPRK1,CHEMBL38874,C[C@@H](NC(=O)[C@@H](N)Cc1ccc(O)cc1)C(=O)NCC(=O)N(C)[C@@H](Cc1ccccc1)C(=O)NCCO,6.57
OPRK1,CHEMBL114484,Cc1ccc(CN2CCC(n3c(O)nc4ccccc43)CC2)c(Cl)c1,6.57
OPRK1,CHEMBL291901,Oc1nc2ccccc2n1[C@H]1CCN2[C@H](CCC[C@H]2c2ccccc2)C1,6.57
OPRK1,CHEMBL202462,CCC[C@@H]1C[C@@](C)(c2cccc(O)c2)[C@@H](C)CN1CC,6.57
OPRK1,CHEMBL293103,C[C@H]1C2Cc3ccc(C(=O)Nc4ccccc4)cc3[C@@]1(C)CCN2CC1CC1,6.57
OPRK1,CHEMBL375803,C[C@H]1CN2CCN(Cc3ccc(O)cc3)C[C@H]2C[C@@]1(C)c1cccc(O)c1,6.57
OPRK1,CHEMBL512414,NC(=O)C1(c2ccccc2)CC2CCC(C1)N2C(c1ccccc1Cl)c1ccccc1Cl,6.57
OPRK1,CHEMBL501088,O=C1N(CCNCC2CCCCC2)CN(c2ccccc2)C12CCN(C(c1ccccc1Cl)c1ccccc1Cl)CC2,6.57
OPRK1,CHEMBL522071,O=C1N[C@H](Cc2c[nH]c3ccccc23)C(=O)NCC(=O)N2CCC[C@@H]2C(=O)N[C@H]1Cc1ccccc1,6.57
OPRK1,CHEMBL200199,C[C@@H](NC(=O)[C@@H](N)Cc1ccc(O)cc1)C(=O)NCC(=O)N[C@@H](Cc1ccccc1)C(=O)NNC(=O)[C@H](Cc1ccccc1)NC(=O)CNC(=O)[C@@H](C)NC(=O)[C@@H](N)Cc1ccc(O)cc1,6.57
OPRK1,CHEMBL4870270,COc1ccc(C(=O)Nc2cccc([C@H]3C[C@@]45CC[C@]3(OC)[C@@H]3Oc6c(OC)ccc7c6[C@@]34CCN(CC3CC3)[C@@H]5C7)c2)cc1,6.57
OPRK1,CHEMBL5272359,CC[C@H](C)[C@H](NC(=O)[C@H](CCC(N)=O)NC(=O)[C@H](CCCNC(=N)N)NC(=O)[C@@H](N)CCCNC(=N)N)C(=O)N[C@H]1CSSC[C@@H](C(N)=O)NC1=O,6.57
OPRK1,CHEMBL3185031,COC(=O)c1cc(Br)cnc1N1CCC(NC2CCCCC2OC)CC1,6.57
OPRK1,CHEMBL5992908,CCc1cnc(N2CCC(NC3CCCCC3)C(O)C2)c(C(=O)OC)c1,6.57
OPRK1,CHEMBL5914327,Cc1noc(-c2cc3ccccc3nc2N2CCC(NC3CCCCC3)C2)n1,6.57
OPRK1,CHEMBL6195805,C[C@@H]1C[C@@H]2C[C@H](C1)C[C@H](N1[C@@H]3CCC[C@H]1C[C@@H](n1c(=O)c(P(=O)(O)O)nc4ccccc41)C3)C2,6.57
OPRK1,CHEMBL125185,COc1ccc(C[C@@H]2CN3C(=NC[C@H]3C3CCCCC3)N2CCC2CC3CCC2C3)cc1,6.56
OPRK1,CHEMBL413258,COc1ccc2c3c1O[C@@]1(C)C(=O)C=C[C@@]4(NC(=O)/C=C/c5ccc([N+](=O)[O-])cc5)C(C2)N(CC2CC2)CCC314,6.56
OPRK1,CHEMBL233956,NCc1ccccc1C1(O)CCN(C(c2ccccc2Br)c2ccccc2Br)CC1,6.56
OPRK1,CHEMBL1650848,CC1CN(c2nc3ccccc3n2C2CCN(C3(CO)CCCCCCC3)CC2)CCN1,6.56
OPRK1,CHEMBL3890935,CC[C@H]1C(=O)C[C@@H]2CCN(CC3CCCCC3)[C@@H]3CCC[C@H]1[C@@H]23,6.56
OPRK1,CHEMBL3957299,CC1(C)[C@H]2CC[C@@H](CCN3[C@@H]4CCC[C@H]3C[C@@H](n3c(=O)c(N5CC[C@H]5C(=O)O)nc5ccccc53)C4)[C@@H]1C2,6.56
OPRK1,CHEMBL5282901,CN(C)CC1CN(C(=O)Cc2ccccc2Cl)CCC1(O)c1cccc(O)c1,6.56
OPRK1,CHEMBL5424523,COC(=O)C(Cc1cccc(OC)c1I)NC(=O)CNCc1ccccc1,6.56
OPRK1,CHEMBL5430632,CN1C(=O)CNC(=O)[C@H](N[C@@H](Cc2ccc(O)cc2)C(=O)O)CCC/C=C/CC[C@@H](C(=O)N2CCC[C@H]2C(=O)N[C@@H](CCC(N)=O)C(=O)N[C@@H](CCCNC(=N)N)C(=O)N[C@@H](Cc2ccccc2)C(N)=O)NC(=O)[C@@H]1Cc1ccccc1,6.56
OPRK1,CHEMBL5963522,Cc1noc(-c2cc3c(nc2N2CCC(NC4CCCCC4)[C@H](O)C2)CCC3)n1,6.56
OPRK1,CHEMBL5973696,Cc1ccc2nc(N3CCC(NC4CCOCC4)CC3)c(C(=O)OC(C)C)cc2c1,6.56
OPRK1,CHEMBL5766386,CO[C@H]1CN(c2nc3ccc(C)cc3cc2-c2nc(C)no2)CC[C@H]1NC1CCC(F)(F)CC1,6.56
OPRK1,CHEMBL5864854,Cc1noc(-c2cc3c(nc2N2CC[C@@H](NC4CCCCC4)[C@H](O)C2)CCC3)n1,6.56
OPRK1,CHEMBL115444,O=C(OCc1cc2c(cc1Cl)OCO2)N1CCC(n2c(O)nc3ccccc32)CC1,6.55
OPRK1,CHEMBL2371034,CC(=O)N[C@@H](CCCN=C(N)N)C(=O)N[C@@H](CC1CCCCC1)C(=O)N[C@@H](Cc1ccccc1)C(=O)N1[C@H](C(=O)N[C@H](CCCN=C(N)N)C(=O)N[C@@H](Cc2ccc(Cl)cc2)C(N)=O)CC[C@@H]1C(C)(C)C,6.55
OPRK1,CHEMBL2112345,CC(C)[C@H]1CC[C@@H](N2CCC3(CC2)[C@@H]2CN(C)C[C@@H]2CN3c2ccccc2)CC1,6.55
OPRK1,CHEMBL218705,C[C@H]1CN2CCN(Cc3ccc(Cl)cc3)C[C@H]2C[C@@]1(C)c1cccc(O)c1,6.55
OPRK1,CHEMBL230711,CN(C(=O)CCC(=O)Nc1cccnc1)[C@H](CN1CC[C@H](O)C1)c1ccccc1,6.55
OPRK1,CHEMBL233536,NCc1ccccc1C1(O)CCN(C(c2ccccc2)c2ccccc2Br)CC1,6.55
OPRK1,CHEMBL392478,Cc1cc(C)cc(C(=O)N2CCC(c3ccccc3)(c3nccn3Cc3ccccc3)CC2)c1,6.55
OPRK1,CHEMBL393807,CC1(C)CCC(N2CCC3(CC2)C(=O)NCN3c2ccccc2)c2ccc(Cl)cc21,6.55
OPRK1,CHEMBL464192,O=C1N(CCN2CCCCC2)CN(c2ccccc2)C12CCN(C(c1ccccc1Cl)c1ccccc1Cl)CC2,6.55
OPRK1,CHEMBL569724,CN1CC[C@]23CCCC[C@H]2[C@H]1Cc1ccc(NC(=O)Nc2ccc(I)cc2)cc13,6.55
OPRK1,CHEMBL3824013,Cc1cc(O)cc(C)c1C[C@H](N)C(=O)N[C@@H]1CCN(CC(=O)O)c2ccc(Cc3ccccc3)cc21,6.55
OPRK1,CHEMBL3698844,CC(=O)N1CC2CN(c3nc4ccccc4n(C4CCN(C5CCCCCCC5)CC4)c3=O)CC2C1,6.55
OPRK1,CHEMBL3953339,COCCOCCOCCOCCOCCOCCOCCOCCO[C@H]1CC[C@@]2(O)[C@H]3Cc4ccc(O)c5c4[C@@]2(CCN3CC2CCC2)C1O5,6.55
OPRK1,CHEMBL4750229,CO[C@@]12CC[C@@H](N[C@H](C(=O)O)C3CCCCC3)[C@@H]3Oc4c(O)ccc5c4[C@@]31CCN(C)[C@@H]2C5,6.55
OPRK1,CHEMBL5197271,NC(=O)[C@@H]1CCC(=O)NCCCC[C@@H](NC(=O)[C@@H](N)Cc2ccc(O)cc2)C(=O)N[C@@H](Cc2c[nH]c3ccccc23)C(=O)N[C@@H](Cc2ccccc2)C(=O)N1,6.55
OPRK1,CHEMBL5181937,CN(C(=O)/C=C/c1ccoc1)[C@@H]1CCC2[C@H]3Cc4ccc(O)c5c4[C@@]2(CN3CC2CC2)[C@H]1O5,6.55
OPRK1,CHEMBL5591953,Cl.O=C(c1cc[nH]c1)N(c1ccccc1)C1CCN(CCc2ccccc2)CC1,6.55
OPRK1,CHEMBL5613168,Fc1ccc(CCc2nnc(-c3ccccn3)n2Cc2cccs2)cc1,6.55
OPRK1,CHEMBL5862420,COC(=O)c1cc(Cl)cnc1N1CC[C@H](NC2CCCCC2)[C@@H](O)C1,6.55
OPRK1,CHEMBL5779858,CCC1CN(c2ncc(C)cc2-c2nc(C)no2)CCC1NC1CCCCC1,6.55
OPRK1,CHEMBL5826814,Cc1cc(C(=O)N(C)C)c(N2CCC(NC3CCCCC3)CC2)nn1,6.55
OPRK1,CHEMBL201480,C[C@H]1CN(CCc2ccccc2)[C@H](c2ccccc2)C[C@@]1(C)c1cccc(O)c1,6.54
OPRK1,CHEMBL221421,CN1CC[C@]23c4c5ccc(O)c4O[C@H]2c2c(c4c(n2Cc2ccccc2)CCCC4)C[C@@]3(O)C1C5,6.54
OPRK1,CHEMBL231536,COC(=O)[C@@H]1C[C@H](S)C(=O)[C@H]2[C@@]1(C)CC[C@H]1C(=O)O[C@H](c3ccoc3)C[C@]21C,6.54
OPRK1,CHEMBL397945,OC1(c2ccccc2)CCN(C(Cc2ccccc2)c2ccccc2)CC1,6.54
OPRK1,CHEMBL482496,[3H]C([3H])([3H])Oc1cc(I)c(OC)cc1CCNCc1ccccc1OC([3H])([3H])[3H],6.54
OPRK1,CHEMBL499315,COC(=O)[C@@H]1C[C@H](OC(=O)Cc2ccccc2)C(=O)[C@H]2[C@@]1(C)CC[C@H]1C(=O)O[C@H](c3ccoc3)C[C@]21C,6.54
OPRK1,CHEMBL1223873,NC(=O)c1cccc(O[C@H]2C[C@H]3CC[C@@H](C2)N3Cc2ccccc2)c1,6.54
OPRK1,CHEMBL1773751,COC(=O)[C@@H]1C[C@H](OC(C)=O)C(=O)[C@H]2[C@@]1(C)CC[C@H]1C(=O)O[C@H](C3=CC4OC3C3C4C4OC3(C)c3c4c4ccccc4c(=O)c4ccccc34)C[C@]21C,6.54
OPRK1,CHEMBL1773753,COC(=O)c1ccc([C@@H]2C[C@]3(C)[C@H]4C(=O)[C@@H](OC(C)=O)C[C@@H](C(=O)OC)[C@]4(C)CC[C@H]3C(=O)O2)cc1C(=O)OC,6.54
OPRK1,CHEMBL2022021,COC(=O)[C@@H]1C[C@H](OC(C)=O)C(=O)[C@H]2[C@@]1(C)CC[C@H]1C(=O)O[C@H](C(=O)c3cccc(OC)c3)C[C@]21C,6.54
OPRK1,CHEMBL3970857,O=C(O)[C@@H]1CCN1c1nc2ccccc2n([C@H]2C[C@H]3CCC[C@@H](C2)N3[C@H]2C[C@@H]3CCC[C@@H](C3)C2)c1=O,6.54
OPRK1,CHEMBL5275209,COc1cccc(C2(O)CCN(C(=O)Cc3ccc(Cl)c(Cl)c3)CC2CN(C)C)c1,6.54
OPRK1,CHEMBL5740965,COC(=O)c1cc(Br)cnc1N1CCC(NC2CCCC2O)CC1,6.54
OPRK1,CHEMBL5754249,N=Cc1cc(Br)cnc1N1CCC(NC2CCCCC2)CC1,6.54
OPRK1,CHEMBL6020513,CO/N=C/c1cc(Br)cnc1N1CCC(NC2CCCCC2)CC1,6.54
OPRK1,CHEMBL6000875,C[C@H](CN1C(=O)C=CC1=O)NC(=O)NC[C@H](Cc1ccc(O)cc1)N(C)C,6.54
OPRK1,CHEMBL535844,Cc1ccccc1C(c1ccccc1)N1CCC(O)(c2ccccc2)CC1.Cl,6.53
OPRK1,CHEMBL3409121,Oc1ccc2c(c1)[C@]1(CCCCCc3ccccc3)CCN(CCc3ccc(C(F)(F)F)cc3)C[C@@H]1O2,6.53
OPRK1,CHEMBL3698838,CC(C)(C)OC(=O)NCCNc1nc2ccccc2n(C2CCN(C3CCCCCCC3)CC2)c1=O,6.53
OPRK1,CHEMBL4586954,N[C@@H](Cc1ccc(O)cc1)C(=O)N[C@@H]1CSCc2ccccc2CSC[C@@H](NC(=O)[C@@H](N)Cc2ccc(O)cc2)C(=O)NCC(=O)N[C@@H](Cc2ccc(F)cc2)C(=O)NNC(=O)[C@H](Cc2ccc(F)cc2)NC(=O)CNC1=O.O=C(O)C(F)(F)F.O=C(O)C(F)(F)F,6.53
OPRK1,CHEMBL5820908,c1cnc(-c2cc3ccccc3nc2N2CCC(NC3CCOCC3)CC2)nc1,6.53
OPRK1,CHEMBL345513,COC(=O)[C@H]1CC[C@@H](CN2CCCC2)N(C(=O)Cc2ccc(Cl)c(Cl)c2)C1,6.52
OPRK1,CHEMBL428803,CN[C@@H](Cc1ccc(O)cc1)C(=O)NCC(=O)NCC(=O)N(C)[C@@H](Cc1ccccc1)C(=O)N[C@@H](CC(C)C)C(=O)N[C@@H](CCCN=C(N)N)C(=O)N[C@@H](CCCN=C(N)N)C(=O)N[C@@H](CC(C)C)C(N)=O,6.52
OPRK1,CHEMBL317536,C=C(C)CN1CCC23c4c5ccc(O)c4O[C@H]2c2ncc(-c4ccc(Cl)cc4)cc2C[C@@]3(O)C1C5,6.52
OPRK1,CHEMBL77395,Fc1ccc2[nH]c(CN3CCN(c4ccccn4)CC3)cc2c1,6.52
OPRK1,CHEMBL138910,C[C@H]1CN(Cc2cc3ccccc3o2)CC[C@@]1(C)c1cccc(C(N)=O)c1,6.52
OPRK1,CHEMBL440487,CCCOC(=O)N1CCN(C(=O)Cc2ccc(Cl)c(Cl)c2)C(CN2CCCC2)C1,6.52
OPRK1,CHEMBL318215,COc1cccc(C2=C(c3ccccc3)C2C(=O)N(C)[C@H]2CCCC[C@@H]2N2CCCC2)c1,6.52
OPRK1,CHEMBL288205,O=C(NC[C@@H]1Cc2ccccc2CN1C(=S)NC[C@H]1CCCN1Cc1ccccc1)Nc1ccccc1,6.52
OPRK1,CHEMBL217999,Cc1ccc(CN2CCN3C[C@H](C)[C@](C)(c4cccc(O)c4)C[C@@H]3C2)cc1,6.52
OPRK1,CHEMBL387772,COC(=O)[C@@H]1C[C@H](OC(C)=O)C(=O)[C@H]2[C@@]1(C)CC[C@H]1C(=O)O[C@H](C3=NCCO3)C[C@]21C,6.52
OPRK1,CHEMBL514597,COC(=O)[C@@H]1C[C@H](OC(C)=O)C(=O)[C@H]2[C@@]1(C)CC[C@H]1C(=O)O[C@H](COC(C)=O)C[C@]21C,6.52
OPRK1,CHEMBL2381589,COC(=O)CCCC(=O)O[C@H]1C[C@@H](C(=O)OC)[C@]2(C)CC[C@H]3C(=O)O[C@H](c4ccoc4)C[C@]3(C)[C@H]2C1=O,6.52
OPRK1,CHEMBL2418729,C[C@H]1C[C@H]2C[C@](c3cccc(O)c3)(CCN2C)C1,6.52
OPRK1,CHEMBL3219934,COC(=O)[C@@H]1C[C@H](O[C@H]2CCCCO2)C(=O)[C@H]2[C@@]1(C)CC[C@H]1C(=O)O[C@H](c3ccoc3)C[C@]21C,6.52
OPRK1,CHEMBL3330683,COC(=O)[C@@H]1C[C@H](OC(=O)/C=C/c2ccsc2)C(=O)[C@H]2[C@@]1(C)CC[C@H]1C(=O)O[C@H](c3ccoc3)C[C@]21C,6.52
OPRK1,CHEMBL3622711,CC[C@]1(COC)C[C@@H](C(=O)OC)[C@]2(C)CC[C@H]3C(=O)O[C@H](c4ccoc4)C[C@]3(C)[C@H]2C1=O,6.52
OPRK1,CHEMBL3698848,O=C1CN(c2nc3ccccc3n(C3CCN(C4CCCCCCC4)CC3)c2=O)CCN1,6.52
OPRK1,CHEMBL3695278,COC(=O)c1ccc2c(c1)CN(c1nc3ccccc3n(C3CCN(C4CCCCCCC4)CC3)c1=O)CC2,6.52
OPRK1,CHEMBL4243463,COc1ccc2c3c1O[C@H]1[C@@]4(OC)CC[C@@]5(C[C@]4(C)C(O)c4ccc(-c6ccccc6)cc4)[C@@H](C2)N(CC2CC2)CC[C@]315,6.52
OPRK1,CHEMBL6054790,CN1CC[C@]2(C)c3cc(O)ccc3C[C@@H]1[C@@H]2NCCc1ccc(S(C)(=O)=O)cc1,6.52
OPRK1,CHEMBL115229,O=[N+]([O-])c1cc2c(cc1CN1CC=C(n3c(O)nc4ccccc43)CC1)OCO2,6.51
OPRK1,CHEMBL309307,Cc1cc(O)cc(C)c1C[C@H](N)C(=O)N1Cc2ccccc2C[C@H]1CNC(=O)c1ccccc1,6.51
OPRK1,CHEMBL39968,O=C(NC[C@@H]1Cc2ccccc2CN1C(=S)NC[C@H]1CCCN1)Nc1ccccc1,6.51
OPRK1,CHEMBL228964,COc1ccccc1C(c1ccccc1OC)N1CCC(O)(c2ccccc2)CC1,6.51
OPRK1,CHEMBL231608,OC1(c2ccccc2)CCN(C(c2ccccc2)C2CCCC2)CC1,6.51
OPRK1,CHEMBL248839,CN1CC[C@]23c4c5ccc(O)c4O[C@H]2c2[nH]c4ccc(F)cc4c2C[C@@]3(O)[C@H]1C5,6.51
OPRK1,CHEMBL576065,CN1CC[C@]23CCCC[C@H]2[C@H]1Cc1cc2c(cc13)OCN(Cc1ccccc1)C2,6.51
OPRK1,CHEMBL1257459,C[C@H](c1ccnc(Cl)c1)N1[C@@H]2CC[C@H]1C[C@H](Oc1cccc(C(N)=O)c1)C2,6.51
OPRK1,CHEMBL3104105,Cc1cc(O)cc(C)c1C[C@H](N)C(=O)N1CCC(Cc2ccccc2)c2ccccc21,6.51
OPRK1,CHEMBL3264743,CN1CC[C@@]23c4c5ccc(O)c4OCO[C@]46CC[C@@]2(O[C@H](C(=O)N4Cc2ccccc2)[C@H]63)[C@H]1C5,6.51
OPRK1,CHEMBL4550514,COc1ccc2c3c1O[C@H]1[C@@]4(OC)CC[C@@]5(C[C@@H]4c4ccc(N6CCCC6)cc4)[C@@H](C2)N(CC2CC2)CC[C@]315,6.51
OPRK1,CHEMBL4475106,Cc1cc(O)cc(C)c1C[C@H](N)C(=O)NCc1cc(Cc2ccccc2)ccc1O.O=C(O)C(F)(F)F,6.51
OPRK1,CHEMBL4744365,N=C(N)NCCC[C@H](NC(=O)[C@H](CCC(N)=O)NC(=O)[C@@H]1CCCN1C(=O)[C@@H]1CSSC[C@H](NC(=O)[C@@H](N)Cc2ccc(O)cc2)C(=O)NCC(=O)N[C@@H](Cc2ccccc2)C(=O)N1)C(=O)N[C@@H](Cc1ccccc1)C(N)=O,6.51
OPRK1,CHEMBL5596196,CN1CN2CC[C@]34c5c6ccc(O)c5OC3C(=O)CC[C@]24C1C6,6.51
OPRK1,CHEMBL5590334,CC(=O)/C=C1/NC2Cc3ccc(O)c4c3[C@]35CCN1[C@]23CCC(=O)C5O4,6.51
OPRK1,CHEMBL5612390,Cc1ccc(/C=C/c2nnc(-c3nccn3C)n2Cc2nccs2)cc1C(F)(F)F,6.51
OPRK1,CHEMBL15354,COc1ccc(C(CN2CCCC2)n2cccc(-c3ccc(C(F)(F)F)cc3)c2=O)cc1,6.5
OPRK1,CHEMBL2111608,O=C1Cc2ccccc2N1C1CCN(C[C@@H]2CC3CCC2C3)CC1,6.5
OPRK1,CHEMBL371266,O=C(Nc1ccccc1F)N1CCC(c2ccccc2)(c2nccn2Cc2ccccc2)CC1,6.5
OPRK1,CHEMBL237934,CC(C)CCCCN1CCCc2cc(Oc3ccc(C(N)=O)cn3)ccc2C1,6.5
OPRK1,CHEMBL525457,COc1ccc(S(=O)(=O)N2CCN(C(=O)Cn3c(=O)oc4ccc(Cl)cc43)C(CN3CCCC3)C2)cc1OC,6.5
OPRK1,CHEMBL498314,COc1cccc(S(=O)(=O)N2CCN(C(=O)Cn3c(=O)oc4ccc(Cl)cc43)C(CN3CCCC3)C2)c1,6.5
OPRK1,CHEMBL453074,CN(C(=O)CN1C(=O)COc2cc(Cl)c(Cl)cc21)C(CN1CCOCC1)c1ccc(-c2ccccc2)cc1,6.5
OPRK1,CHEMBL460636,CN(C)CCN1CN(c2ccccc2)C2(CCN(C(c3ccccc3Cl)c3ccccc3Cl)CC2)C1=O,6.5
OPRK1,CHEMBL1642739,NC(=O)c1ccc2c(c1)CCCN2c1ccc(CNCC2CCCCC2)cc1,6.5
OPRK1,CHEMBL1642742,NC(=O)c1ccc2c(c1)CCCN2c1ccc(CNCCC2=CCCCC2)cc1,6.5
OPRK1,CHEMBL1783826,O=C(NCCCN1CCC(c2c(Cl)cccc2Cl)CC1)[C@H]1CCCN1Cc1ccccc1,6.5
OPRK1,CHEMBL2022306,C/C=C\C(=O)[C@@H]1C[C@]2(C)[C@H]3C(=O)[C@@H](OC(C)=O)C[C@@H](C(=O)OC)[C@]3(C)CC[C@H]2C(=O)O1,6.5
OPRK1,CHEMBL2413522,COc1c(F)cccc1C(=O)N1C[C@@H](C)CC[C@H]1CNc1ccc(Br)cn1,6.5
OPRK1,CHEMBL3596369,CCCN1CC[C@]23c4c5ccc(O)c4O[C@H]2c2nc4ccccc4cc2C[C@@]3(O)[C@H]1C5.Cl,6.5
OPRK1,CHEMBL3622718,COC[C@@]1(CCOCCI)C[C@@H](C(=O)OC)[C@]2(C)CC[C@@H]3C(=O)O[C@H](c4ccoc4)C[C@]3(C)[C@H]2C1=O,6.5
OPRK1,CHEMBL4472703,CC[C@H]1c2cc(OC)ccc2CC[C@@]1(C)N,6.5
OPRK1,CHEMBL4448378,Cc1cc(O)cc(C)c1C[C@H](N)C(=O)NCc1cc(Cc2ccccc2)ccc1OCC1CC1.O=C(O)C(F)(F)F,6.5
OPRK1,CHEMBL5086601,CN1C(=O)CNC(=O)[C@@H](NC(=O)[C@@H](N)Cc2ccc(O)cc2)CCCCNC(=O)C[C@@H](C(=O)N2CCC[C@H]2C(=O)N[C@@H](CCC(N)=O)C(=O)N[C@@H](CCCNC(=N)N)C(=O)N[C@@H](Cc2ccccc2)C(N)=O)NC(=O)[C@@H]1Cc1ccccc1,6.5
OPRK1,CHEMBL32,COc1c(N2C[C@@H]3CCCN[C@@H]3C2)c(F)cc2c(=O)c(C(=O)O)cn(C3CC3)c12,6.5
OPRK1,CHEMBL5839566,COC(=O)c1cc(Br)cnc1N1CCC(NC2CCCCCCC2)CC1,6.5
OPRK1,CHEMBL5856733,C/C(N)=C/C(=C(\N)N1CCC(NC2CCCCC2)C1)c1nc(C2CC2)no1,6.5
OPRK1,CHEMBL5904735,CO[C@H]1CN(c2nc3ccc(C)cc3cc2C(C)=O)CC[C@H]1NC1CCCCC1,6.5
OPRK1,CHEMBL5789164,Cc1cc(-c2nc(C3CC3)no2)c(N2CCC(NC3CCCCC3)C2)nn1,6.5
OPRK1,CHEMBL309783,CCNC(=O)NC[C@@H]1Cc2ccccc2CN1C(=O)[C@@H](N)Cc1c(C)cc(O)cc1C,6.49
OPRK1,CHEMBL394222,OC1(c2ccccc2CN2CCOCC2)CCN(C(c2ccccc2Cl)c2ccccc2Cl)CC1,6.49
OPRK1,CHEMBL240895,O=C1NCN(c2ccccc2)C12CCN(Cc1ccccn1)CC2,6.49
OPRK1,CHEMBL1672183,Cl.Oc1cccc([C@]23CCC[C@H](C2)N(C[C@H]2C[C@@H]2c2ccccc2)CC3)c1,6.49
OPRK1,CHEMBL1672188,Cl.Oc1cccc([C@@]23CCC[C@@H](C2)N(C[C@@H]2C[C@@H]2c2ccccc2)CC3)c1,6.49
OPRK1,CHEMBL4111642,C[C@@H]1C[C@@H]2C[C@H](C1)C[C@@H](N1[C@@H]3CC[C@H]1C[C@@H](n1c(=O)c(N4CC[C@@H]4C(=O)O)nc4ccccc41)C3)C2,6.49
OPRK1,CHEMBL3932459,COCC[C@H]1C[C@@]2(O)[C@H]3Cc4ccc(OC)cc4[C@@]2(CCN3CC2CC2)CC1=O,6.49
OPRK1,CHEMBL4798954,Oc1cccc([C@@]23CCC[C@H]([C@H]2O)N(CCc2ccccc2)CC3)c1,6.49
OPRK1,CHEMBL4748910,COC(=O)CC[C@@H]1[C@@H]2CCC[C@@]1(c1cccc(O)c1)CCN2CCc1ccccc1,6.49
OPRK1,CHEMBL5631213,COc1ccc2c3c1O[C@H]1[C@@]4(OC)C=C[C@@]5(C[C@@H]4C(=O)c4ccc(NC(=O)OCc6ccccc6)cc4)[C@@H](C2)N(CC2CC2)CC[C@]315,6.49
OPRK1,CHEMBL5877927,C/C(N)=C/C(C(=O)OC(C)C)=C(\N)N1CCC(NCC(C)(C)O)CC1,6.49
OPRK1,CHEMBL5832066,Cc1ccc2nc(N3CCC(NCC(C)C)CC3)c(-c3ccc(C)nn3)cc2c1,6.49
OPRK1,CHEMBL5979766,Cc1cc(C(=O)OC(C)C)c(N2CCC(NCC(C)(C)O)CC2)nn1,6.49
OPRK1,CHEMBL114825,CNC(=O)CN1CN(c2ccccc2)C2(CCN(C(=O)OCc3cc4c(cc3Cl)OCO4)CC2)C1=O,6.48
OPRK1,CHEMBL545182,Cl.O=C(Cc1cccc2sccc12)N[C@@H]1CCCC[C@H]1N1CCCC1,6.48
OPRK1,CHEMBL14784,Cc1ccc(C(C)Nc2cccn(C(CN3CCCC3)c3ccccc3)c2=O)cc1,6.48
OPRK1,CHEMBL188841,CN(C)C1CCc2ccc(O)cc2C1(C)C,6.48
OPRK1,CHEMBL199294,NC(=O)N1CCC(c2ccccc2)(c2nccn2Cc2ccccc2)CC1,6.48
OPRK1,CHEMBL212574,Cc1[nH]c2ccc(Cl)cc2c1C1CCN(CC2CCCCCCC2)CC1,6.48
OPRK1,CHEMBL210770,Clc1ccc2[nH]cc(C3CCN(Cc4ccccc4)CC3)c2c1,6.48
OPRK1,CHEMBL213399,COC(=O)[C@@H]1C[C@@H](NC(C)=O)C(=O)[C@H]2[C@@]1(C)CC[C@H]1C(=O)O[C@H](c3ccoc3)C[C@]21C,6.48
OPRK1,CHEMBL215560,CN[C@H]1C[C@@H](C(=O)OC)[C@]2(C)CC[C@H]3C(=O)O[C@H](c4ccoc4)C[C@]3(C)[C@H]2C1=O,6.48
OPRK1,CHEMBL232074,CCNC(=O)NCc1ccccc1C1(O)CCN(C(c2ccccc2Cl)c2ccccc2Cl)CC1,6.48
OPRK1,CHEMBL437397,CC(c1ccccc1)n1ccnc1C1(c2ccccc2)CCN(C(=O)c2ccccc2)CC1,6.48
OPRK1,CHEMBL456695,COC[C@@H]1C[C@]2(C)[C@H]3C(=O)[C@@H](OC(C)=O)C[C@@H](C(=O)OC)[C@]3(C)CC[C@H]2C(=O)O1,6.48
OPRK1,CHEMBL3104110,Cc1cc(O)cc(C)c1C[C@H](N)C(=O)N1CCN(C/C=C/c2cccc3ccccc23)CC1,6.48
OPRK1,CHEMBL3264744,CC(C)CN1CC[C@@]23c4c5ccc(O)c4OCO[C@]46CC[C@@]2(O[C@H](C(=O)N4Cc2ccccc2)[C@H]63)[C@H]1C5,6.48
OPRK1,CHEMBL3323520,CC(=O)N1CCN(C(=O)Cc2ccc(Cl)c(Cl)c2)C2C(N3CCCC3)CCCC21,6.48
OPRK1,CHEMBL3695257,COC(=O)C1CCN(c2nc3ccccc3n(C3CCN(C4CCCCCCC4)CC3)c2=O)CC1,6.48
OPRK1,CHEMBL4450863,COc1ccc(Cc2ccccc2)cc1[C@@H](C)NC(=O)[C@@H](N)Cc1c(C)cc(O)cc1C.O=C(O)C(F)(F)F,6.48
OPRK1,CHEMBL4789014,CO[C@@]12CC[C@H](N[C@H](C(=O)N[C@@H](Cc3ccc(O)cc3)C(=O)O)C(C)C)[C@@H]3Oc4c(O)ccc5c4[C@@]31CCN(C)[C@@H]2C5,6.48
OPRK1,CHEMBL5962470,Cc1noc(-c2cc(Br)cnc2N2CCC(NC3CCCCC3)CC2)n1,6.48
OPRK1,CHEMBL5888174,Cc1ccc2nc(N3CCC(NC4CCOCC4)CC3)c(-c3ccc(C)o3)cc2c1,6.48
OPRK1,CHEMBL6012228,Cc1ccc2nc(N3CCC(NC4CCCCC4)CC3)c(-c3ccncn3)cc2c1,6.48
OPRK1,CHEMBL88560,CN1CCNC(=O)[C@H](Cc2ccccc2)NC(=O)CNC(=O)[C@H](NC(=O)[C@@H](N)Cc2ccc(O)cc2)C1,6.47
OPRK1,CHEMBL122906,COc1ccc(C[C@H]2CN3C(=NC[C@@H]3C3CCCCC3)N2CC2CCC(C)CC2)cc1,6.47
OPRK1,CHEMBL337992,COc1ccc(C[C@@H]2CN3C(=NC[C@H]3C3CCCCC3)N2C(C)C23CC4CC(CC(C4)C2)C3)cc1,6.47
OPRK1,CHEMBL231607,CCCCCCC(c1ccccc1)N1CCC(O)(c2ccccc2)CC1,6.47
OPRK1,CHEMBL568829,CN1CC[C@]23CCCC[C@H]2[C@H]1Cc1ccc(NC(=O)Nc2ccccc2)cc13,6.47
OPRK1,CHEMBL1223954,NC(=O)c1cccc(S[C@H]2C[C@H]3CC[C@@H](C2)N3Cc2ccccc2)c1,6.47
OPRK1,CHEMBL1257820,NC(=O)c1cccc(O[C@@H]2C[C@H]3CC[C@@H](C2)N3CCCc2ccccc2)c1,6.47
OPRK1,CHEMBL3597072,CC(C)C[C@H](NC(=O)[C@H](CO[C@@H]1O[C@H](CO)[C@@H](O)[C@H](O)[C@H]1O)NC(=O)[C@H](CCCCN)NC(=O)[C@H](CC(C)C)NC(=O)[C@H](C)NC(=O)[C@H](CCCCN)NC(=O)[C@H](CCC(=O)O)NC(=O)C(C)(C)NC(=O)[C@H](CC(C)C)NC(=O)[C@H](CC(N)=O)NC(=O)[C@@H]1CCCN1C(=O)[C@H](Cc1ccccc1)N(C)C(=O)CNC(=O)[C@@H](C)NC(=O)[C@@H](N)Cc1ccc(O)cc1)C(N)=O,6.47
OPRK1,CHEMBL3597082,CC(C)C[C@H](NC(=O)[C@H](CO[C@@H]1O[C@H](CO)[C@@H](O)[C@H](O)[C@H]1O)NC(=O)[C@H](CC(N)=O)NC(=O)[C@H](CC(C)C)NC(=O)[C@H](C)NC(=O)[C@H](CC(N)=O)NC(=O)[C@H](CC(N)=O)NC(=O)C(C)(C)NC(=O)[C@H](CC(C)C)NC(=O)[C@H](CC(N)=O)NC(=O)CNC(=O)CNC(=O)[C@H](Cc1ccccc1)N(C)C(=O)CNC(=O)[C@@H](C)NC(=O)[C@@H](N)Cc1ccc(O)cc1)C(N)=O,6.47
OPRK1,CHEMBL5400992,COc1cccc(Cn2nc(CNCc3cc4ccccc4[nH]3)c3c4cc(OC)c(OC)cc4c(-c4ccccc4Cl)nc32)c1,6.47
OPRK1,CHEMBL5393874,COc1cccc(Cn2nc(CNCc3ccc(Oc4ccccc4)cc3)c3c4cc(OC)c(OC)cc4c(-c4ccccc4Cl)nc32)c1,6.47
OPRK1,CHEMBL5989578,Cc1noc(-c2cc(C(F)(F)F)cnc2N2CCC(NC3CCCCC3)C(CO)C2)n1,6.47
OPRK1,CHEMBL5796624,CCOC(=O)CCNC1CCN(c2nc3ccc(C)cc3cc2-c2nc(C)no2)CC1,6.47
OPRK1,CHEMBL5935401,CN(C[C@H](Cc1ccc(O)cc1)N(C)C)C(=O)NCCc1ccccc1,6.47
OPRK1,CHEMBL421038,CC[C@@H]1Cc2ccc(O)cc2C(C)(C)[C@@H]1N,6.46
OPRK1,CHEMBL309236,Cc1cc(O)cc(C)c1C[C@H](N)C(=O)N1Cc2ccccc2C[C@H]1CN=C(N)N,6.46
OPRK1,CHEMBL100574,O=C1Cc2ccccc2N1C1CCN(C(C2CCCCC2)C2CCCCC2)CC1,6.46
OPRK1,CHEMBL199518,O=S(=O)(Nc1ccccc1)N1CCC(c2ccccc2)(c2nccn2Cc2ccccc2)CC1,6.46
OPRK1,CHEMBL228965,COC1(c2ccccc2)CCN(C(c2ccccc2)c2ccccc2)CC1,6.46
OPRK1,CHEMBL443601,CN(C)C[C@H]1CCCC[C@]1(O)c1cccc(C(N)=O)c1,6.46
OPRK1,CHEMBL575994,FCCCC1OC2(CCN(Cc3ccccc3)CC2)c2ccccc21,6.46
OPRK1,CHEMBL583265,CCCNCc1cc2c(cc1O)[C@@]13CCCC[C@H]1[C@@H](C2)N(CC1CCC1)CC3,6.46
OPRK1,CHEMBL605931,C=CCN1CCC(c2ccc(C(=O)N(CC)CC)cc2)(c2cccc(O)c2)CC1,6.46
OPRK1,CHEMBL1224288,Oc1cccc(O[C@H]2C[C@H]3CC[C@@H](C2)N3Cc2ccccc2)c1,6.46
OPRK1,CHEMBL1258503,NC(=O)c1cccc(O[C@@H]2C[C@H]3CC[C@@H](C2)N3CC(=O)Nc2ccccc2)c1,6.46
OPRK1,CHEMBL1711785,Clc1ccc(CSc2nnc(-c3ccccn3)n2Cc2cccs2)cc1Cl,6.46
OPRK1,CHEMBL3634396,COC(=O)N1CCN(C(=O)Cc2ccc(Cl)c(Cl)c2)[C@@H]2[C@H]1CCC[C@@H]2N1CCCC1,6.46
OPRK1,CHEMBL3695251,O=C(O)[C@@H](Nc1nc2ccccc2n([C@H]2C[C@H]3CC[C@@H](C2)N3C2CCCCCCC2)c1=O)c1ccccc1,6.46
OPRK1,CHEMBL3698788,O=C(O)C1CCCN1C(=O)c1nc2ccccc2n([C@H]2C[C@H]3CC[C@@H](C2)N3C2CCCCCCC2)c1=O,6.46
OPRK1,CHEMBL4111313,COc1ccc2c3c1O[C@H]1[C@@]4(OC)CC[C@@]5(C[C@@H]4COc4ccccc4)[C@@H](C2)[N+](C)(CC2CC2)CC[C@]315,6.46
OPRK1,CHEMBL3966308,COCCOCCOCCOCCOCCOCCOCCO[C@H]1CC[C@@]2(O)[C@H]3Cc4ccc(O)c5c4[C@@]2(CCN3CC2CCC2)C1O5,6.46
OPRK1,CHEMBL4084706,Cc1ncsc1CN1CCCCC1CCc1cccc(O)c1,6.46
OPRK1,CHEMBL809,CN[C@H]1CC[C@@H](c2ccc(Cl)c(Cl)c2)c2ccccc21,6.46
OPRK1,CHEMBL589,CCCN(CCC)CCc1cccc2c1CC(=O)N2,6.46
OPRK1,CHEMBL5435869,CN1C(=O)CNC(=O)[C@H](N[C@@H](Cc2ccc(O)cc2)C(=O)O)CCCC/C=C/C[C@@H](C(=O)N2CCC[C@H]2C(=O)N[C@@H](CCC(N)=O)C(=O)N[C@@H](CCCNC(=N)N)C(=O)N[C@@H](Cc2ccccc2)C(N)=O)NC(=O)[C@@H]1Cc1ccccc1,6.46
OPRK1,CHEMBL405355,COC(=O)C1=C(C)NC(C)=C(C(=O)OCCCN2CCC(c3ccccc3)(c3ccccc3)CC2)[C@H]1c1cccc([N+](=O)[O-])c1,6.46
OPRK1,CHEMBL5568330,Oc1ccccc1N1[C@@H]2CC[C@H]1CN(CCCc1ccccc1)C2,6.46
OPRK1,CHEMBL6007809,Cc1cnc(N2CCC(NCC(C)C)CC2)c(-c2nc(C)no2)c1,6.46
OPRK1,CHEMBL5812951,CO[C@@H]1CN(c2nc3ccc(C)cc3cc2C(C)=O)CC[C@@H]1NC1CCCCC1,6.46
OPRK1,CHEMBL5822795,COCCOCCOCCOCCOCCOc1ccc2c(c1)[C@@]1(C)CCCN(CC3CC3)[C@H](C2=O)[C@@H]1C,6.46
OPRK1,CHEMBL6051015,COCCOCCOCCOCCOCCOCCOCCO[C@H]1CC[C@@]2(O)[C@H]3Cc4ccc(O)c5c4[C@@]2(CCN3CC2CCC2)[C@H]1O5,6.46
OPRK1,CHEMBL333689,CC(C)C[C@@H]1CN2C(=NC[C@H]2C2CCCCC2)N1CCC1CC2CCC1C2,6.45
OPRK1,CHEMBL519100,CC1(N2CCC(n3c(-c4cccc(C(F)(F)F)c4)nc4ccccc43)CC2)CCCCCCC1,6.45
OPRK1,CHEMBL1258616,Cc1ccc(C(C)N2[C@@H]3CC[C@H]2C[C@H](Oc2cccc(C(N)=O)c2)C3)s1,6.45
OPRK1,CHEMBL3393883,N#Cc1ccc(C(=O)Nc2nc3ccccc3n2CCN2CCCC2)cc1,6.45
OPRK1,CHEMBL3665425,O=C1CC(=O)N(C2CCN(C3CCCCCCC3)CC2)c2ccccc2N1,6.45
OPRK1,CHEMBL3695268,NC(=O)CNc1nc2ccccc2n(C2CCN(C3CCCCCCC3)CC2)c1=O,6.45
OPRK1,CHEMBL3704576,O=C(O)CN1CCC[C@H](c2nc3ccccc3n2[C@H]2C[C@H]3CCC[C@@H](C2)N3[C@H]2C[C@@H]3CCC[C@@H](C3)C2)C1,6.45
OPRK1,CHEMBL5208209,O=C1N[C@H](Cc2ccccc2)C(=O)N[C@H](Cc2c[nH]c3ccccc23)C(=O)N[C@@H](Cc2ccccc2)C(=O)N2CCC[C@H]12,6.45
OPRK1,CHEMBL3039520,CN1CCC(C(=O)c2cccc(NC(=O)c3c(F)cc(F)cc3F)n2)CC1,6.45
OPRK1,CHEMBL5523416,Oc1cccc(N2[C@@H]3CC[C@H]2CN(CCCc2ccccc2)C3)c1,6.45
OPRK1,CHEMBL5612891,Brc1ccccc1CCc1nnc(-c2ccccn2)n1Cc1cccs1,6.45
OPRK1,CHEMBL5896197,COCCOCCOCCOCCOCCOCCOCCOc1ccc2c(c1)[C@@]1(C)CCCN(CC3CC3)[C@H](C2=O)[C@@H]1C,6.45
OPRK1,CHEMBL435414,CC1CCC(CN2C3=NC[C@H](C4CCCCC4)N3C[C@@H]2C2CCCCC2)CC1,6.44
OPRK1,CHEMBL332349,COc1ccc(C[C@@H]2CN3C(=NC[C@H]3C3CCCCC3)N2CC2CCC(C)CC2)cc1,6.44
OPRK1,CHEMBL202139,CCC[C@@H]1C[C@@](C)(c2cccc(O)c2)[C@@H](C)CN1CCC,6.44
OPRK1,CHEMBL201296,CCC[C@@H]1C[C@@](C)(c2cccc(O)c2)[C@@H](C)CN1Cc1ccccc1,6.44
OPRK1,CHEMBL228690,OC1(c2ccccc2)CCN(C(c2ccccc2)c2ccccc2)CC1,6.44
OPRK1,CHEMBL233570,CCOC(=O)N1CCC(c2ccccc2)(c2nccn2Cc2cccc(OC)c2)CC1,6.44
OPRK1,CHEMBL238363,NC(=O)c1ccc(Oc2ccc3c(c2)CCCN(CCN2CCOCC2)C3)nc1,6.44
OPRK1,CHEMBL237073,NC(=O)c1ccc(Oc2ccc3c(c2)CCCN(CCc2ccccc2)C3)nc1,6.44
OPRK1,CHEMBL248840,CN1CC[C@]23c4c5ccc(O)c4O[C@H]2c2[nH]c4ccc(Cl)cc4c2C[C@@]3(O)[C@H]1C5,6.44
OPRK1,CHEMBL1091995,O=CN1CC[C@]23c4c5ccc(O)c4O[C@H]2[C@@H](O)C=C[C@H]3[C@H]1C5,6.44
OPRK1,CHEMBL3359283,COC(=O)[C@@H]1C[C@H](OC(C)=O)C(=O)[C@H]2[C@@]1(C)CC[C@H]1C(=O)O[C@H](c3ccoc3-c3ccccc3[N+](=O)[O-])C[C@]21C,6.44
OPRK1,CHEMBL3735756,COc1ccc(CCN(CCCc2ccccc2)CCc2ccc3c(c2)OCO3)cc1OC,6.44
OPRK1,CHEMBL3698814,O=C(O)c1nc2ccccc2n([C@H]2C[C@H]3CCC[C@@H](C2)N3C2/C=C\CCCCC2)c1=O,6.44
OPRK1,CHEMBL4078777,Cc1ccc(C(CNC(=O)c2oc3ccccc3c2C)N2CCCC2)o1,6.44
OPRK1,CHEMBL4569796,Cc1ccc(Cc2ccccc2)cc1CNC(=O)[C@@H](N)Cc1c(C)cc(O)cc1C.O=C(O)C(F)(F)F,6.44
OPRK1,CHEMBL4755734,CN1CC[C@]23c4c5ccc(O)c4O[C@H]2[C@H](NCC(=O)O)CC[C@@]3(O)[C@H]1C5,6.44
OPRK1,CHEMBL5189722,O=C1N[C@@H](Cc2ccccc2)C(=O)N2CCC[C@@H]2C(=O)N[C@H](Cc2ccccc2)C(=O)N[C@H]1Cc1c[nH]c2ccccc12,6.44
OPRK1,CHEMBL5542288,Cl.N=C(N)NCC(=O)NCC1(Cc2cccc3ccccc23)CCN(Cc2ccccc2)CC1,6.44
OPRK1,CHEMBL5918428,Cc1cnc(N2CCC(NC3CCCCC3)C(CO)C2)c(-c2ncco2)c1,6.44
OPRK1,CHEMBL5860315,CS(=O)(=O)c1cc2c([nH]c1=O)C[C@]13CCN(CC4CC4)[C@H](Cc4ccc(O)cc41)[C@]3(O)C2,6.44
OPRK1,CHEMBL99738,CC(C)[C@H]1CC[C@H](N2CCC(N3C(=O)Cc4ccccc43)CC2)CC1,6.43
OPRK1,CHEMBL421432,COc1ccc(C[C@@H]2CN3C(=NC[C@@H]3C3CCCCC3)N2CC2CCC(C)CC2)cc1,6.43
OPRK1,CHEMBL2112407,O=C1Cc2ccccc2N1C1CCN(C[C@H]2CC3CCC2C3)CC1,6.43
OPRK1,CHEMBL212022,CCC(=O)N[C@H]1C[C@@H](C(=O)OC)[C@]2(C)CC[C@H]3C(=O)O[C@H](c4ccoc4)C[C@]3(C)[C@H]2C1=O,6.43
OPRK1,CHEMBL1645202,FCCC1OC2(CCN(Cc3ccccc3)CC2)c2ccccc21,6.43
OPRK1,CHEMBL1672180,Cl.Oc1cccc([C@@]23CCC[C@@H](C2)N(C/C=C\c2ccccc2)CC3)c1,6.43
OPRK1,CHEMBL1808304,Oc1cccc2c1O[C@H]1CC[C@@H]3C[C@]21CCN3CCc1ccccc1,6.43
OPRK1,CHEMBL2048785,CN1CC[C@]23c4c5ccc(NCc6ccccc6O)c4O[C@H]2[C@@H](O)C=C[C@H]3[C@H]1C5,6.43
OPRK1,CHEMBL3325716,Cc1ccc(-n2nc(C)c3c2CC(C)(C)CC3=O)c(Br)c1,6.43
OPRK1,CHEMBL3770677,Cc1cc(C[C@H](N)C(=O)N[C@@H]2CCNc3ccc(Cc4ccccc4)cc32)c(C)cc1O,6.43
OPRK1,CHEMBL3951093,CCCN1CC[C@H]2c3cc4cc(Cl)ccc4nc3[C@H](CC)[C@H]3CCC[C@@H]1[C@@H]32,6.43
OPRK1,CHEMBL3698900,O=C(O)c1nc2ccccc2n([C@H]2C[C@H]3CCC[C@@H](C2)N3C2CCCCCCCC2)c1=O,6.43
OPRK1,CHEMBL3695272,O=c1c(N2CCc3ccccc32)nc2ccccc2n1C1CCN(C2CCCCCCC2)CC1,6.43
OPRK1,CHEMBL4436450,Cc1cc(O)cc(C)c1C[C@H](N)C(=O)NCc1cc(Cc2ccccc2)ccc1OC(F)(F)F.O=C(O)C(F)(F)F,6.43
OPRK1,CHEMBL6030354,COC1CN(c2nc3ccccc3cc2C2=NC(C)CO2)CCC1NC1CCCCC1,6.43
OPRK1,CHEMBL5820068,CO[C@H]1CN(c2nc3ccc(C)cc3cc2-c2nc(C)no2)CC[C@H]1NCC(C)C,6.43
OPRK1,CHEMBL384403,CCC(=O)N(CC)[C@@H]1C[C@@H](C(=O)OC)[C@]2(C)CC[C@H]3C(=O)O[C@H](c4ccoc4)C[C@]3(C)[C@H]2C1=O,6.42
OPRK1,CHEMBL578173,CN1CC[C@]23CCCC[C@H]2[C@H]1Cc1cc(CNCc2ccccc2)c(O)cc13,6.42
OPRK1,CHEMBL3183148,CCOC(=O)c1cc(C(=O)OC)c(C)nc1N1CCC(NC2CCCCC2O)CC1,6.42
OPRK1,CHEMBL3330664,COC(=O)[C@@H]1C[C@H](OC(=O)C=C(C)C)C(=O)[C@H]2[C@@]1(C)CC[C@H]1C(=O)O[C@H](c3ccoc3)C[C@]21C,6.42
OPRK1,CHEMBL3695234,O=C1CCN(c2nc3ccccc3n(C3CCN(C4CCCCCCC4)CC3)c2=O)N1,6.42
OPRK1,CHEMBL3695240,O=C(NCC(O)CO)c1nc2ccccc2n([C@H]2C[C@H]3CC[C@@H](C2)N3C2CCCCCCC2)c1=O,6.42
OPRK1,CHEMBL3695266,CS(=O)(=O)NC1CCN(c2nc3ccccc3n(C3CCN(C4CCCCCCC4)CC3)c2=O)CC1,6.42
OPRK1,CHEMBL3698752,CCOC(=O)CNc1nc2ccccc2n(C2CCN(C3CCCCCCC3)CC2)c1=O,6.42
OPRK1,CHEMBL24072,CC(Cc1ccccc1)NCCC(c1ccccc1)c1ccccc1,6.42
OPRK1,CHEMBL344541,O=C1CC[C@@H](CN2CCCC2)N(C(=O)Cc2ccc(Cl)c(Cl)c2)C1,6.41
OPRK1,CHEMBL307889,Cc1cc(O)cc(C)c1C[C@H](N)C(=O)N1Cc2ccccc2C[C@H]1CNC(=O)C(C)(C)C,6.41
OPRK1,CHEMBL219466,C[C@H]1CN2CCN(Cc3ccccn3)C[C@H]2C[C@@]1(C)c1cccc(O)c1,6.41
OPRK1,CHEMBL389072,COc1ccc2c(c1)[C@]13CCN(C)[C@H](C2)[C@@H]1Cc1c([nH]c2ccccc12)C3,6.41
OPRK1,CHEMBL560302,COC(=O)[C@@H]1C[C@H](OC(C)=O)C(=O)[C@H]2[C@@]1(C)CC[C@H]1C(=O)O[C@H]([C@]3(O)[C@H](OC)O[C@H](OC)[C@H]3O)C[C@]21C,6.41
OPRK1,CHEMBL394695,OC1(C2CCCCC2)CCN(C(c2ccccc2)c2ccccc2)CC1,6.41
OPRK1,CHEMBL562478,CCN(CC)C(=O)c1ccc(C2=CC3(CCNCC3)Oc3ccccc32)c(C)c1,6.41
OPRK1,CHEMBL1255595,Cc1ccc(CN2[C@@H]3CC[C@H]2C[C@H](Oc2cccc(C(N)=O)c2)C3)o1,6.41
OPRK1,CHEMBL1650841,CC1(C)CN(c2nc3ccccc3n2C2CCN(C3(CO)CCCCCCC3)CC2)CCN1,6.41
OPRK1,CHEMBL1672181,Cl.Oc1cccc([C@]23CCC[C@H](C2)N(C[C@@H]2C[C@H]2c2ccccc2)CC3)c1,6.41
OPRK1,CHEMBL3698773,O=C(Nc1ccc(=O)[nH]c1)c1nc2ccccc2n(C2CCN(C3CCCCCCC3)CC2)c1=O,6.41
OPRK1,CHEMBL4451153,CCCOc1ccc(Cc2ccccc2)cc1CNC(=O)[C@@H](N)Cc1c(C)cc(O)cc1C.O=C(O)C(F)(F)F,6.41
OPRK1,CHEMBL4763643,CO[C@@]12CC[C@@H](N[C@@H](C)C(=O)O)[C@@H]3Oc4c(O)ccc5c4[C@@]31CCN(C)[C@@H]2C5,6.41
OPRK1,CHEMBL4546802,Cn1cc(Cl)c2c(Oc3c(F)cc(Nc4cc(Cl)nc(N)n4)cc3F)ccnc21,6.41
OPRK1,CHEMBL5277548,CC[C@H](C)[C@H](NC(=O)[C@H](CCC(N)=O)NC(=O)[C@H](CCCNC(N)=O)NC(=O)[C@H](CCCNC(=N)N)NC(=O)[C@@H]1CSSC[C@H](NC(=O)[C@@H](N)CC(N)=O)C(=O)N1)C(=O)N[C@H]1CSSC[C@@H](C(N)=O)NC1=O,6.41
OPRK1,CHEMBL5598475,C[C@@H](O)C[C@H]1NC2Cc3ccc(O)c4c3[C@]35CCN1[C@]23CCC(=O)C5O4,6.41
OPRK1,CHEMBL6027621,COC(=O)c1cc(Br)cnc1N1CCC(NC2CC3CCC2C3)CC1,6.41
OPRK1,CHEMBL5804062,COC1CN(c2nc3ccc(C)cc3cc2C(=N)OC(C)=N)CCC1NC1CCCCC1,6.41
OPRK1,CHEMBL6037162,Cc1ccc2nc(N3CCC(NC4CCOCC4)CC3)c(-c3ccc(C)nn3)cc2c1,6.41
OPRK1,CHEMBL5843586,COC1CN(c2nc3ccc(C)cc3cc2-c2nnc(C)o2)CCC1NC1CCCCC1,6.41
OPRK1,CHEMBL401093,CN1CC[C@]23c4c5ccc(O)c4O[C@H]2c2[nH]c4ccccc4c2C[C@@]3(O)[C@H]1C5,6.4
OPRK1,CHEMBL2113376,CN1CC[C@]23c4c5ccc(O)c4O[C@H]2c2[nH]c4ccccc4c2C[C@@]3(N)C1C5,6.4
OPRK1,CHEMBL23535,CC(=O)N1CCN(C(=O)Cc2ccccc2)C(CN2CC[C@H](O)C2)C1,6.4
OPRK1,CHEMBL199433,CN(C(=O)N1CCC(c2ccccc2)(c2nccn2Cc2ccccc2)CC1)c1ccccc1,6.4
OPRK1,CHEMBL219099,C[C@H]1CN2CCN(Cc3cccnc3)C[C@H]2C[C@@]1(C)c1cccc(O)c1,6.4
OPRK1,CHEMBL527013,O=C(Cn1c(=O)oc2ccccc21)N1CCN(c2ccccc2)CC1CN1CCCC1,6.4
OPRK1,CHEMBL496084,CN(CC(=O)N1CCN(S(=O)(=O)c2ccc(F)c(F)c2)CC1CN1CCCC1)c1ccc(Cl)c(Cl)c1,6.4
OPRK1,CHEMBL525580,C[C@@H]1NC(=O)[C@H]2CCCN2C(=O)[C@H](Cc2ccccc2)NC(=O)[C@@H](Cc2c[nH]c3ccccc23)NC1=O,6.4
OPRK1,CHEMBL3394008,CS(=O)(=O)c1c[nH]c(C(=O)Nc2nc3cccnc3n2CCN2CCCC2)c1,6.4
OPRK1,CHEMBL3596365,Cl.Oc1ccc2c3c1O[C@H]1c4[nH]c5ccccc5c4C[C@@]4(O)[C@@H](C2)N(CCF)CC[C@]314,6.4
OPRK1,CHEMBL3667198,CN1CC[C@]23CC(=O)CCC2[C@H]1Cc1ccc(C(=O)NCCc2nc4ccccc4[nH]2)c(O)c13,6.4
OPRK1,CHEMBL4110417,COc1ccc2c3c1O[C@H]1[C@@]4(OC)CC[C@@]5(C[C@@H]4CSc4nc(C)ns4)[C@@H](C2)N(C)CC[C@]315,6.4
OPRK1,CHEMBL3922780,COc1ccc2c(c1)[C@]13CCN(CC4CC4)[C@H](C2)[C@]1(O)C[C@H](CCO)C(=O)C3,6.4
OPRK1,CHEMBL4639379,Cc1ccc2[nH]c(C(=O)N[C@H]3Cc4ccccc4[C@@H]3C(=O)NCCN(C)C)cc2c1,6.4
OPRK1,CHEMBL1672084,CO[C@@]12CC[C@H](NCC(=O)O)[C@@H]3Oc4c(O)ccc5c4[C@@]31CCN(C)[C@@H]2C5,6.4
OPRK1,CHEMBL3187407,CC(C)OC(=O)c1cc(Br)cnc1N1CCC(NC2CCCCC2)CC1,6.4
OPRK1,CHEMBL6060565,C[C@H]1[C@H]2C(=O)c3ccc(NC(C)(C)CO)cc3[C@]1(C)CCN2CC1CC1,6.4
OPRK1,CHEMBL2113372,CCCCCCC(=O)N[C@@]12Cc3c([nH]c4ccccc34)[C@@H]3Oc4c(O)ccc5c4[C@@]31CCN(C)C2C5,6.39
OPRK1,CHEMBL40859,CC(C)(C)NC(=O)NC[C@@H]1Cc2ccccc2CN1/C(S)=N/C[C@H]1CCCN1C(=O)c1ccccc1,6.39
OPRK1,CHEMBL210775,COC(=O)[C@@H]1C[C@H](OC(C)=O)C(=O)[C@H]2[C@@]1(C)CC[C@H]1C(=O)O[C@H](c3ccn(S(=O)(=O)c4ccccc4)c3)C[C@]21C,6.39
OPRK1,CHEMBL408900,COC(=O)[C@@H]1C[C@H](OC(=O)c2cccc3ccccc23)C(=O)[C@H]2[C@@]1(C)CC[C@H]1C(=O)O[C@H](c3ccoc3)C[C@]21C,6.39
OPRK1,CHEMBL3325714,Cc1nn(-c2ccc(Br)cc2Br)c2c1C(=O)CC(C)(C)C2,6.39
OPRK1,CHEMBL3409116,Oc1ccc2c(c1)[C@]1(CCCCc3ccccc3)CCN(CCCCc3ccccc3)C[C@@H]1O2,6.39
OPRK1,CHEMBL3695664,COc1ccc(CN2C[C@H]3[C@H]4Cc5ccc(OC)cc5[C@@]3(CCN4CC3CC3)CC2=O)cc1,6.39
OPRK1,CHEMBL4107642,COCCOCCO[C@H]1CC[C@@]2(O)C3Cc4ccc(O)c5c4[C@@]2(CCN3C)[C@H]1O5,6.39
OPRK1,CHEMBL4113753,CCOC(=O)C[C@H]1C[C@@]2(O)[C@H]3Cc4ccc(OC)cc4[C@@]2(CCN3CC2CC2)CC1=O,6.39
OPRK1,CHEMBL4096314,O=C(c1ccccc1)N1C[C@H]2OC34CCC1C2C31CCN(CCc2ccccc2)C4Cc2ccc(O)cc21,6.39
OPRK1,CHEMBL4460430,Cc1cc(O)cc(C)c1C[C@H](N)C(=O)NCc1cccc(Cc2ccccc2)c1.O=C(O)C(F)(F)F,6.39
OPRK1,CHEMBL4440903,CCNc1ccc(Cc2ccccc2)cc1CNC(=O)[C@@H](N)Cc1c(C)cc(O)cc1C.O=C(O)C(F)(F)F,6.39
OPRK1,CHEMBL4761627,c1ccc2c(c1)CCO[C@@]21CCC[C@H](NCC2CCCCC2)C1,6.39
OPRK1,CHEMBL5267695,CC[C@H](C)[C@H](NC(=O)[C@H](CCC(N)=O)NC(=O)[C@H](C)NC(=O)[C@H](CCCNC(=N)N)NC(=O)[C@@H]1CSSC[C@H](NC(=O)[C@@H](N)CC(N)=O)C(=O)N1)C(=O)N[C@H]1CSSC[C@@H](C(N)=O)NC1=O,6.39
OPRK1,CHEMBL5419235,CCOC(=O)NCc1cc2ccccc2n1C1CCN([C@H]2CC[C@@H](C(C)C)CC2)CC1,6.39
OPRK1,CHEMBL4202825,N#Cc1c(N)nc(SCC(N)=O)c(C#N)c1-c1ccc(OCC2CC2)cc1,6.39
OPRK1,CHEMBL5613381,Cc1ccc(CCc2nnc(-c3ccccc3)n2Cc2cccs2)cc1C(F)(F)F,6.39
OPRK1,CHEMBL5934181,COC(=O)c1cc(C)cnc1N1CCC(NC2CCCCC2)CC1,6.39
OPRK1,CHEMBL5938666,Cc1ccc2nc(N3CCC(NC4CCOCC4)CC3)c(-c3nc(C)no3)nc2c1,6.39
OPRK1,CHEMBL6195807,C[C@@H]1C[C@@H]2C[C@H](C1)C[C@H](N1[C@@H]3CCC[C@H]1C[C@@H](n1c(=O)c(/C=C/P(=O)(O)O)nc4ccccc41)C3)C2,6.39
OPRK1,CHEMBL5831768,COCCOCCO[C@H]1C=CC2C3Cc4ccc(O)c5c4[C@@]2(CCN3C)[C@H]1O5,6.39
OPRK1,CHEMBL15429,O=C(O)COc1cccc(C(CN2CCCC2)n2cccc(-c3ccc(C(F)(F)F)cc3)c2=O)c1,6.38
OPRK1,CHEMBL219317,C[C@H]1CN2CCN(C(=O)Nc3ccccc3)C[C@H]2C[C@@]1(C)c1cccc(O)c1,6.38
OPRK1,CHEMBL226732,COC(=O)[C@@H]1C[C@H](OC(C)=O)C(=O)[C@H]2[C@@]1(C)CC[C@H]1C(=O)O[C@H](C3=C[C@@H](OC)O[C@@H]3OC)C[C@]21C,6.38
OPRK1,CHEMBL270133,CC(C)C1CCC(N2CCC3(CC2)C(=O)N(C)Cc2cccc(F)c23)CC1,6.38
OPRK1,CHEMBL568309,CC[C@@]12CCN(C[C@@H](O)c3ccccc3)C[C@@H]1Oc1ccc(O)cc12,6.38
OPRK1,CHEMBL1257609,COC(=O)[C@@H]1C[C@H](Br)C(=O)[C@H]2[C@@]1(C)CC[C@H]1C(=O)O[C@H](c3ccoc3)C[C@]21C,6.38
OPRK1,CHEMBL1726077,CC(C)N(CCNC(=O)c1ccc(CNS(=O)(=O)c2ccc(Br)cc2)cc1)Cc1ccccc1,6.38
OPRK1,CHEMBL1939699,FCCCCC1OC2(CCN(Cc3ccccc3)CC2)c2ccccc21,6.38
OPRK1,CHEMBL2260849,CN(C[C@@H]1C[C@@]1(CO)c1ccccc1)C12CC3CC(CC(C3)C1)C2,6.38
OPRK1,CHEMBL3237723,Cc1cc(O)cc(C)c1C[C@H](N)C(=O)N[C@@H]1CSCCSC(C)(C)[C@H](C(=O)N[C@@H](CO[C@@H]2O[C@H](CO)[C@@H](O)[C@H](O)[C@H]2O)C(N)=O)NC(=O)C2(Cc3ccccc3C2)NC1=O,6.38
OPRK1,CHEMBL3897499,CCCN1CC[C@H]2c3cc4ccc(C(F)(F)F)cc4nc3[C@H](CC)[C@H]3CCC[C@@H]1[C@@H]32,6.38
OPRK1,CHEMBL3898898,C[C@]12CC[C@H](C[C@H](N3C(=O)C(N[C@@H](CO)C(=O)O)Nc4ccccc43)C1)N2C1CCCCCCC1,6.38
OPRK1,CHEMBL3698768,NC(=O)c1nc2ccccc2n(C2CCN(C3CCCCCCC3)CC2)c1=O,6.38
OPRK1,CHEMBL4463767,Cc1cc(O)cc(C)c1C[C@H](N)C(=O)N[C@@H]1CCN(C(=O)C2CC2)c2ccc(Cc3ccc4c(c3)OCCO4)cc21.O=C(O)C(F)(F)F,6.38
OPRK1,CHEMBL6437,CN1CCN2c3ccccc3Cc3ccccc3C2C1,6.38
OPRK1,CHEMBL5909245,COC(=O)c1cc(Br)cnc1N1CCC(NC2CCCCC2C)C(O)C1,6.38
OPRK1,CHEMBL5864083,Cc1noc(-c2cc3c(nc2N2CCC(NC4CCCCC4)C(CO)C2)CCCC3)n1,6.38
OPRK1,CHEMBL5931230,COC1CCCCC1NC1CCN(c2ncc(C)cc2-c2nc(C)no2)CC1CO,6.38
OPRK1,CHEMBL5836131,Cc1ccc2nc(N3CCC(NC4(C)CCOCC4)CC3)c(-c3nc(C)no3)cc2c1,6.38
OPRK1,CHEMBL5763909,Cc1ccc2nc(N3CCC(NC[C@H](C)O)CC3)c(-c3noc(C)n3)cc2c1,6.38
OPRK1,CHEMBL6169446,O=c1[nH]nc2ccc(CCN(CCc3ccccc3)CC3CCC3)cn12,6.38
OPRK1,CHEMBL121963,COc1ccc(C[C@@H]2CN3C(=NC[C@@H]3C)N2CC2CCC(C)CC2)cc1,6.37
OPRK1,CHEMBL360404,COC(=O)C(=O)O[C@H]1C[C@@H](C(=O)OC)[C@]2(C)CC[C@H]3C(=O)O[C@H](c4ccoc4)C[C@]3(C)[C@H]2C1=O,6.37
OPRK1,CHEMBL199248,O=C1Nc2ccccc2C12CCN(CC1CCCCCCC1)CC2,6.37
OPRK1,CHEMBL218506,C[C@H]1CN2C[C@@H](c3ccccc3)NC[C@H]2C[C@@]1(C)c1cccc(O)c1,6.37
OPRK1,CHEMBL374455,C[C@H]1CN2CCN(Cc3ccco3)C[C@H]2C[C@@]1(C)c1cccc(O)c1,6.37
OPRK1,CHEMBL387248,C[C@H]1CN2C[C@H](c3ccccc3)CC[C@@H]2C[C@@]1(C)c1cccc(O)c1,6.37
OPRK1,CHEMBL398794,NCc1ccccc1C1(O)CCN(C(c2ccccc2)c2ccccc2Cl)CC1,6.37
OPRK1,CHEMBL1258048,NC(=O)c1cccc(O[C@@H]2C[C@H]3CC[C@@H](C2)N3Cc2cccnc2)c1,6.37
OPRK1,CHEMBL1707989,CC(C)N(CCNC(=O)c1ccc(CNS(=O)(=O)c2ccc(-c3ccccc3)cc2)cc1)Cc1ccccc1,6.37
OPRK1,CHEMBL1717075,FC(F)(F)c1cc(CSc2nnc(-c3ccccn3)n2Cc2cccs2)ccc1Cl,6.37
OPRK1,CHEMBL2381594,CCOC(=O)/C=C/C(=O)O[C@H]1C[C@@H](C(=O)OC)[C@]2(C)CC[C@H]3C(=O)O[C@H](c4ccoc4)C[C@]3(C)[C@H]2C1=O,6.37
OPRK1,CHEMBL3359801,COC(=O)[C@@H]1C[C@H](OC(C)=O)C(=O)[C@H]2[C@@]1(C)CC[C@H]1C(=O)O[C@H](c3ccoc3C#Cc3ccccc3C(F)(F)F)C[C@]21C,6.37
OPRK1,CHEMBL3359806,COC(=O)[C@@H]1C[C@H](OC(C)=O)C(=O)[C@H]2[C@@]1(C)CC[C@H]1C(=O)O[C@H](c3ccoc3-c3ccccc3N)C[C@]21C,6.37
OPRK1,CHEMBL3393882,O=C(Nc1nc2ccccc2n1CCN1CCCC1)c1ccccc1F,6.37
OPRK1,CHEMBL3409112,Oc1ccc2c(c1)[C@]1(CCCCc3ccccc3)CCN(CCCc3ccccc3)C[C@@H]1O2,6.37
OPRK1,CHEMBL3597077,CC(C)C[C@H](NC(=O)[C@H](CO[C@@H]1O[C@H](CO)[C@@H](O)[C@H](O)[C@H]1O)NC(=O)[C@H](CCCCN)NC(=O)[C@H](CC(C)C)NC(=O)[C@H](C)NC(=O)[C@H](CCCCN)NC(=O)[C@H](CCCCN)NC(=O)C(C)(C)NC(=O)[C@H](CC(C)C)NC(=O)[C@H](CC(N)=O)NC(=O)CNC(=O)CNC(=O)[C@H](Cc1ccccc1)N(C)C(=O)CNC(=O)[C@@H](C)NC(=O)[C@@H](N)Cc1ccc(O)cc1)C(N)=O,6.37
OPRK1,CHEMBL3745782,COc1nnc(OCCCC(=O)NCCCCCCNC(=O)[C@H]2C[C@@]34CC[C@]2(OC)[C@@H]2Oc5c(O)ccc6c5[C@@]23CCN(C)[C@@H]4C6)nn1,6.37
OPRK1,CHEMBL3698874,NC1(C(=O)O)CCN(c2nc3ccccc3n([C@H]3C[C@H]4CC[C@@H](C3)N4C3CCCCCCC3)c2=O)C1,6.37
OPRK1,CHEMBL3698902,O=C(O)c1nc2ccccc2n([C@H]2C[C@H]3CC[C@@H](C2)N3C2CCCCCCCCC2)c1=O,6.37
OPRK1,CHEMBL4564309,CCOc1ccc(CN2CCCC2)cc1CNC(=O)[C@@H](N)Cc1c(C)cc(O)cc1C.O=C(O)C(F)(F)F,6.37
OPRK1,CHEMBL4879175,COc1ccc2c3c1O[C@H]1[C@@]4(OC)CC[C@@]5(C[C@@H]4c4cccc(NCc6ccc(OC(F)(F)F)cc6)c4)[C@@H](C2)N(CC2CC2)CC[C@]315,6.37
OPRK1,CHEMBL5266854,CC[C@H](C)[C@H](NC(=O)[C@H](CCC(N)=O)NC(=O)[C@H](CCCNC(=N)N)NC(=O)[C@H](CCCCN)NC(=O)[C@@H]1CSSC[C@H](NC(=O)[C@@H](N)CC(N)=O)C(=O)N1)C(=O)N[C@H]1CSSC[C@@H](C(N)=O)NC1=O,6.37
OPRK1,CHEMBL5436422,COc1cccc(Cn2nc(CNCc3cccc4ccccc34)c3c4cc(OC)c(OC)cc4c(-c4ccccc4Cl)nc32)c1,6.37
OPRK1,CHEMBL5612656,Cc1ccc(CCc2nnc(-c3cccc4ccccc34)n2Cc2cccs2)cc1C(F)(F)F,6.37
OPRK1,CHEMBL5611993,FC(F)(F)c1ccccc1CCc1nnc(-c2ccccn2)n1Cc1cccs1,6.37
OPRK1,CHEMBL6059350,COC(=O)c1cc2ccccc2nc1N1CCC(NC2CCCCC2)C(OC)C1,6.37
OPRK1,CHEMBL6055988,Cc1nc(-c2cc3cc(F)ccc3nc2N2CCC(NC3CCCCC3)CC2)no1,6.37
OPRK1,CHEMBL5816057,Cc1noc(-c2cc3cc(F)ccc3nc2N2CCC(NC3CCOCC3)CC2)n1,6.37
OPRK1,CHEMBL5937215,CO[C@H]1CN(c2nc3ccc(C)cc3cc2-c2nc(C)no2)CC[C@H]1NC1CCOCC1,6.37
OPRK1,CHEMBL6167342,COc1ccc2c3c1O[C@H]1[C@@]4(OC)C=C[C@@]5(C[C@@H]4C(=O)c4cccc(NC(=O)c6ccc(Cl)c(Cl)c6)c4)[C@@H](C2)N(CC2CC2)CC[C@]315,6.37
OPRK1,CHEMBL146013,CCn1c(=O)n(C2CCN(CC3CCCCCCC3)CC2)c2ccccc21,6.36
OPRK1,CHEMBL355931,CC(=O)N[C@@H](CCCN=C(N)N)C(=O)N[C@@H](CC1CCCCC1)C(=O)NC1CC[C@H]2CCC[C@@H](C(=O)N[C@H](CCCN=C(N)N)C(=O)NC(Cc3ccc(Cl)cc3)C(N)=O)N2C1=O,6.36
OPRK1,CHEMBL322875,CC(C)=CC[C@@]12Cc3c([nH]c4ccccc34)[C@]3(C)Oc4c(O)ccc5c4[C@]13CCN(C)C2C5,6.36
OPRK1,CHEMBL374559,C[C@H]1CN2C[C@@H](c3ccccc3)CC[C@H]2C[C@@]1(C)c1cccc(O)c1,6.36
OPRK1,CHEMBL387557,COC(=O)[C@@H]1C[C@H](OC(C)=O)C(=O)[C@H]2[C@@]1(C)CC[C@H]1C(=O)O[C@H](C3=CC(OC)OC3OC)C[C@]21C,6.36
OPRK1,CHEMBL595245,CCN(CC)C(=O)c1ccc(C2(c3cccc(O)c3)CCN(CC3CC3)CC2)cc1,6.36
OPRK1,CHEMBL2381588,CCOC(=O)CCC(=O)O[C@H]1C[C@@H](C(=O)OC)[C@]2(C)CC[C@H]3C(=O)O[C@H](c4ccoc4)C[C@]3(C)[C@H]2C1=O,6.36
OPRK1,CHEMBL3698878,O=C(O)c1nc2ccccc2n([C@H]2C[C@H]3CCC[C@@H](C2)N3C2CCCCCCC2)c1=O,6.36
OPRK1,CHEMBL3665423,O=c1[nH]c2ccccc2n(C2CCN(C3Cc4cccc5cccc3c45)CC2)c1=O,6.36
OPRK1,CHEMBL4106505,COc1ccc2c3c1O[C@H]1[C@@]4(OC)CC[C@@]5(C[C@@H]4COCc4ccc(C(=O)NCC(=O)O)cc4)[C@@H](C2)N(CC2CC2)CC[C@]315,6.36
OPRK1,CHEMBL4106506,COCCOCCOCCOCCO[C@H]1CC[C@@]2(O)C3Cc4ccc(O)c5c4[C@@]2(CCN3C)[C@H]1O5,6.36
OPRK1,CHEMBL4092125,CN1CCc2ccccc2C1CNC(=O)c1ccc(Cl)c(Cl)c1,6.36
OPRK1,CHEMBL6004359,Cc1ccc2nc(N3CCC(NC4CCOC4)CC3)c(-c3ccc(C)nn3)cc2c1,6.36
OPRK1,CHEMBL5937028,Cc1nc(-c2cc3cc(F)ccc3nc2N2CCC(NC3CCOCC3)CC2)no1,6.36
OPRK1,CHEMBL6020491,COCCOCCOCCOCCO[C@H]1C=CC2C3Cc4ccc(O)c5c4[C@@]2(CCN3C)[C@H]1O5,6.36
OPRK1,CHEMBL6064889,CN(C)C(CNC(=O)NCCc1ccccc1F)Cc1ccc(O)cc1,6.36
OPRK1,CHEMBL63367,O=C(OCc1ccccc1)N1CCN(C(=O)Cc2ccc(Cl)c(Cl)c2)C(CN2CCCC2)C1,6.35
OPRK1,CHEMBL400035,Cc1ccccc1C(c1ccccc1C)N1CCC(O)(c2ccccc2CN)CC1,6.35
OPRK1,CHEMBL1400,CN(C)C[C@H]1CCCC[C@]1(O)c1cccc(O)c1,6.35
OPRK1,CHEMBL430441,CC[C@@]12CCN(C)C[C@@H]1Oc1ccc(O)cc12,6.35
OPRK1,CHEMBL1223870,CN(C)C(=O)N[C@H]1CC[C@H](CCN2[C@@H]3CC[C@H]2C[C@@H](Oc2cccc(C(N)=O)c2)C3)CC1,6.35
OPRK1,CHEMBL3359284,COC(=O)[C@@H]1C[C@H](OC(C)=O)C(=O)[C@H]2[C@@]1(C)CC[C@H]1C(=O)O[C@H](c3ccoc3-c3cccc([N+](=O)[O-])c3)C[C@]21C,6.35
OPRK1,CHEMBL3698895,O=C(O)N[C@@H]1CCN(c2nc3ccccc3n([C@H]3C[C@H]4CC[C@@H](C3)N4C3CCCCCCC3)c2=O)C1,6.35
OPRK1,CHEMBL3704634,O=C(O)CCN1CCC[C@H]1Cc1nc2ccccc2n1[C@H]1C[C@H]2CCC[C@@H](C1)N2[C@@H]1C[C@@H]2CCCC[C@@H](C2)C1,6.35
OPRK1,CHEMBL4110373,COCCO[C@H]1CC[C@@]2(O)C3Cc4ccc(O)c5c4[C@@]2(CCN3C)[C@H]1O5,6.35
OPRK1,CHEMBL4473383,CC(C)[C@H]1CC[C@@H](N2CCC(n3cc(C(N)=O)c4ccccc43)CC2)CC1,6.35
OPRK1,CHEMBL1256844,CC1CCN(CC[C@H]2CCCN2S(=O)(=O)c2cccc(O)c2)CC1.Cl,6.35
OPRK1,CHEMBL1200776,C[C@@H](NCCCc1cccc(C(F)(F)F)c1)c1cccc2ccccc12.Cl,6.35
OPRK1,CHEMBL6050310,COCCO[C@H]1C=CC2C3Cc4ccc(O)c5c4[C@@]2(CCN3C)[C@H]1O5,6.35
OPRK1,CHEMBL117319,CCCN1CC[C@@]2(C)c3cc(O)ccc3CC1[C@H]2C,6.34
OPRK1,CHEMBL138778,C[C@H]1CN(Cc2ccc(N(C)C)cc2)CC[C@@]1(C)c1cccc(C(N)=O)c1,6.34
OPRK1,CHEMBL373925,C[C@H]1CN2C[C@H](c3ccccc3)N(Cc3ccccc3)C[C@H]2C[C@@]1(C)c1cccc(C(N)=O)c1,6.34
OPRK1,CHEMBL246956,CSCC[C@H](NC(=O)[C@H](Cc1ccccc1)NC(=O)CNC(=O)CNC(=O)[C@@H](N)Cc1ccc(C(N)=O)cc1)C(N)=O,6.34
OPRK1,CHEMBL271662,C[C@H]1CN(CCC(=O)N(Cc2cccc(Cl)c2)[C@@H](Cc2ccccc2)C(=O)O)CC[C@@]1(C)c1cccc(O)c1,6.34
OPRK1,CHEMBL568803,CCN(CC)C(=O)c1ccc(N(c2cccc(O)c2)C2CCN(CCc3cccs3)CC2)cc1,6.34
OPRK1,CHEMBL1732125,COc1ccc(CN(CCNC(=O)c2ccc(CNS(=O)(=O)Cc3ccccc3)cc2)C(C)C)cc1,6.34
OPRK1,CHEMBL1719624,FC(F)(F)c1cc(CSc2nnc(-c3ccccn3)n2Cc2ccco2)ccc1Cl,6.34
OPRK1,CHEMBL1289,Clc1cc(Cl)c(OCC#CI)cc1Cl,6.34
OPRK1,CHEMBL3695236,CONC(=O)c1nc2ccccc2n([C@H]2C[C@H]3CC[C@@H](C2)N3C2CCCCCCC2)c1=O,6.34
OPRK1,CHEMBL3698754,CC(=O)N[C@H]1CCN(c2nc3ccccc3n(C3CCN(C4CCCCCCC4)CC3)c2=O)C1,6.34
OPRK1,CHEMBL4541337,CC(C)[C@H]1CC[C@@H](N2CCC(n3cc(CN4CCCC4)c4ccccc43)CC2)CC1,6.34
OPRK1,CHEMBL4638703,CN(C)c1cccc2c(S(=O)(=O)NCCN3C(=O)C4=C(SC[C@@H](NC(=O)[C@@H](N)Cc5ccc(O)cc5)C(=O)NCC(=O)N[C@@H](Cc5ccccc5)C(=O)NNC(=O)[C@H](Cc5ccccc5)NC(=O)CNC(=O)[C@H](NC(=O)[C@@H](N)Cc5ccc(O)cc5)CS4)C3=O)cccc12.O=C(O)C(F)(F)F.O=C(O)C(F)(F)F,6.34
OPRK1,CHEMBL6042085,COC(=O)c1cc(Br)cnc1N1CC(O)C(NC2CCCCC2)C1,6.34
OPRK1,CHEMBL5886003,CC(C)C(CNC(=O)c1ccc([N+](=O)[O-])s1)N1CCc2ccccc2C1,6.34
OPRK1,CHEMBL5993003,C[C@H](Cc1ccsc1)NC(=O)NC[C@@H](Cc1ccccc1)N(C)C,6.34
OPRK1,CHEMBL149143,CNC(c1ccccc1)C(C)(C)C(=O)NCc1ccccc1,6.33
OPRK1,CHEMBL14893,O=c1c(-c2ccccc2)cccn1C(CN1CCC(O)C1)c1ccccc1,6.33
OPRK1,CHEMBL3219942,CCNC(=O)O[C@H]1C[C@@H](C(=O)OC)[C@]2(C)CC[C@H]3C(=O)O[C@H](c4ccoc4)C[C@]3(C)[C@H]2C1=O,6.33
OPRK1,CHEMBL518325,CC(C)NCCN1CN(c2ccccc2)C2(CCN(C(c3ccccc3Cl)c3ccccc3Cl)CC2)C1=O,6.33
OPRK1,CHEMBL1224215,Cc1cc(C(N)=O)ccc1O[C@H]1C[C@H]2CC[C@@H](C1)N2Cc1ccccc1,6.33
OPRK1,CHEMBL1728799,CCc1ccc(S(=O)(=O)NCc2ccc(C(=O)NCCN(Cc3ccccc3)C(C)CC)cc2)cc1,6.33
OPRK1,CHEMBL611438,CN1CC[C@]23c4c5ccc(O)c4O[C@H]2c2ncc(-c4ccc(Cl)cc4)cc2C[C@@]3(O)[C@H]1C5,6.33
OPRK1,CHEMBL3262551,CCC1C(=O)N(C2CCN(CCCc3ccccc3)CC2)c2ccccc21,6.33
OPRK1,CHEMBL3323519,O=C(c1ccccc1)N1CCN(C(=O)Cc2ccc(Cl)c(Cl)c2)C2C(N3CCC(O)C3)CCCC21,6.33
OPRK1,CHEMBL3596363,CCN1CC[C@]23c4c5ccc(O)c4O[C@H]2c2[nH]c4ccccc4c2C[C@@]3(O)[C@H]1C5.Cl,6.33
OPRK1,CHEMBL3698904,O=C(O)c1nc2ccccc2n([C@H]2C[C@H]3CC[C@@H](C2)N3C2CCCCCCCC2)c1=O,6.33
OPRK1,CHEMBL4113984,COc1ccc2c3c1O[C@H]1[C@@]4(OC)CC[C@@]5(C[C@@H]4CSc4nncs4)[C@@H](C2)N(C)CC[C@]315,6.33
OPRK1,CHEMBL4793953,CO[C@@]12CC[C@H](N[C@H](C(=O)O)C(C)C)[C@@H]3Oc4c(O)ccc5c4[C@@]31CCN(C)[C@@H]2C5,6.33
OPRK1,CHEMBL5173537,COc1ccc2c3c1O[C@H]1[C@@]4(OC)CC[C@@]5(C[C@@]4(C)C(=O)c4ccc(-c6ccccc6)cc4)[C@@H](C2)N(CC2CC2)CC[C@]315,6.33
OPRK1,CHEMBL5289743,N=C(N)NCCC[C@@H](NC(=O)[C@@H](CCCNC(=N)N)NC(=O)[C@@H]1CCCN1C(=O)c1ccccc1)C(=O)N[C@@H](CCC(N)=O)C(=O)N[C@@H](CC1CCCCC1)C(=O)N[C@H]1CSSCCN(CC(N)=O)C1=O,6.33
OPRK1,CHEMBL5923466,COC(=O)c1cc(Br)cnc1N1CCC(NC2CCCCC[C@H]2O)CC1,6.33
OPRK1,CHEMBL5764147,CO[C@H]1CN(/C(N)=C(/C=C(/C)N)c2nc(C3CC3)no2)CC[C@H]1NCC(C)C,6.33
OPRK1,CHEMBL5917933,CO[C@H]1CN(c2nnc(C)cc2-c2nc(C3CC3)no2)CC[C@H]1NCC(C)C,6.33
OPRK1,CHEMBL40825,CC(C)(C)NC(=O)NC[C@@H]1Cc2ccccc2CN1/C(S)=N/C[C@H]1CCCN1Cc1ccccc1,6.32
OPRK1,CHEMBL289137,CC(C)(C)NC(=O)NC[C@@H]1Cc2ccccc2CN1/C(S)=N/CC1CCCO1,6.32
OPRK1,CHEMBL194896,CC(=O)O[C@H]1C[C@@H](C(=O)NC2CC2)[C@]2(C)CC[C@@H]3C(=O)O[C@H](c4ccoc4)C[C@]3(C)[C@H]2C1=O,6.32
OPRK1,CHEMBL198867,O=C1N(CC2CO2)c2ccccc2C12CCN(CC1CCCCCCC1)CC2,6.32
OPRK1,CHEMBL201038,O=C(O)C(O)c1ccccc1.Oc1ccc2c(c1)[C@]13CCCCC1[C@H](C2)N(CC1CC1)CC3,6.32
OPRK1,CHEMBL1672186,Cl.Oc1cccc([C@@]23CCC[C@@H](C2)N(C[C@H]2C[C@H]2c2ccccc2)CC3)c1,6.32
OPRK1,CHEMBL1341190,COC(=O)[C@H](Cc1c[nH]c2ccccc12)n1cc(-c2cc(C(=O)N3CCNCC3)cc(-c3cn([C@@H](Cc4ccc(O)cc4)C(=O)O)nn3)c2)nn1.Cl,6.32
OPRK1,CHEMBL1951704,CN1C2CCC[C@@](c3cccc(O)c3)(C2)[C@@H]1CO,6.32
OPRK1,CHEMBL3393891,CS(=O)(=O)Oc1cccc(C(=O)Nc2nc3ccccc3n2CCN2CCCC2)c1,6.32
OPRK1,CHEMBL3596368,CCN1CC[C@]23c4c5ccc(O)c4O[C@H]2c2nc4ccccc4cc2C[C@@]3(O)[C@H]1C5.Cl,6.32
OPRK1,CHEMBL3695242,O=C(NO)c1nc2ccccc2n([C@H]2C[C@H]3CC[C@@H](C2)N3C2CCCCCCC2)c1=O,6.32
OPRK1,CHEMBL3695265,NC(=O)C1CCN(c2nc3ccccc3n(C3CCN(C4CCCCCCC4)CC3)c2=O)CC1,6.32
OPRK1,CHEMBL3698789,CN(CC(=O)O)C(=O)c1nc2ccccc2n([C@H]2C[C@H]3CC[C@@H](C2)N3C2CCCCCCC2)c1=O,6.32
OPRK1,CHEMBL3698828,CC(C)CC(C)N1[C@@H]2CC[C@H]1C[C@@H](n1c(=O)c(C(=O)O)nc3ccccc31)C2,6.32
OPRK1,CHEMBL5927872,O[C@@H]1CN(c2nc3ccccc3cc2-c2ncco2)CC[C@H]1NC1CCCCC1,6.32
OPRK1,CHEMBL5881262,Cc1ccc2nc(N3CCC(NCC(C)(C)O)CC3)c(-c3noc(C)n3)cc2c1,6.32
OPRK1,CHEMBL200478,CN(C(=O)c1cc2ccccc2o1)[C@H](CN1CC[C@H](O)C1)c1ccccc1,6.31
OPRK1,CHEMBL229016,CCOC1(c2ccccc2)CCN(C(c2ccccc2)c2ccccc2)CC1,6.31
OPRK1,CHEMBL1725847,COc1ccc(N2CCN(CCCNC(=O)Cn3c(=O)c4cccn4c4cccnc43)CC2)c(OC)c1,6.31
OPRK1,CHEMBL1189234,OC12C3C4CC5C6C4C1C6C(C53)N2Cc1ccccc1,6.31
OPRK1,CHEMBL4296720,CN1CC[C@]23Cc4nc5ccccc5cc4C[C@@]2(O)[C@H]1Cc1ccc(O)cc13.Cl.Cl,6.31
OPRK1,CHEMBL3970903,CCCN1CC[C@H]2c3cc4ccccc4nc3[C@H](CC)[C@H]3CCC[C@@H]1[C@@H]32,6.31
OPRK1,CHEMBL3698872,O=C(O)C(=O)N1CC2CN(c3nc4ccccc4n(C4CCN(C5CCCCCCC5)CC4)c3=O)CC2C1,6.31
OPRK1,CHEMBL4070288,CCc1ccc(C(=O)NCC2c3ccccc3CCN2C)cc1,6.31
OPRK1,CHEMBL256470,Cc1csc2c(N[C@@H](C)CN3CCN(S(=O)(=O)c4ccc(Cl)c(Cl)c4)CC3)ncnc12,6.31
OPRK1,CHEMBL288178,C=C(Cl)C(=O)N[C@@]12CCC(=O)[C@@H]3Oc4c(O)ccc5c4C31CCN(CC1CC1)C2C5,6.3
OPRK1,CHEMBL123097,COc1ccc(C[C@@H]2CN3C(=NC[C@@H]3C)N2CCCC2CCCCC2)cc1,6.3
OPRK1,CHEMBL202238,c1ccc(Cn2ccnc2C2(c3ccccc3)CCN(c3ncccn3)CC2)cc1,6.3
OPRK1,CHEMBL255509,O=C1COc2cc(Cl)c(Cl)cc2N1CC(=O)N1CCCC(c2ccccc2)C1CN1CCCC1,6.3
OPRK1,CHEMBL458869,CCOC[C@@H]1C[C@]2(C)[C@H]3C(=O)[C@@H](OC(C)=O)C[C@@H](C(=O)OC)[C@]3(C)CC[C@H]2C(=O)O1,6.3
OPRK1,CHEMBL474091,CCN1CN(c2ccccc2)C2(CCN(C(c3ccccc3)c3ccccc3)CC2)C1=O,6.3
OPRK1,CHEMBL475096,CCNCCN1CN(c2ccccc2)C2(CCN(C(c3ccccc3Cl)c3ccccc3Cl)CC2)C1=O,6.3
OPRK1,CHEMBL584941,CCN(CC)C(=O)c1ccc(N(c2cccc(O)c2)C2CCN(CCc3ccsc3)CC2)cc1,6.3
OPRK1,CHEMBL1642737,CC(C)CCNCc1ccc(N2CCCc3cc(C(N)=O)ccc32)cc1,6.3
OPRK1,CHEMBL1698708,FC(F)(F)c1cc(CSc2nnc(-c3ccccn3)n2Cc2cccnc2)ccc1Cl,6.3
OPRK1,CHEMBL508112,c1ccc2sc(SSc3nc4ccccc4s3)nc2c1,6.3
OPRK1,CHEMBL2022293,COC(=O)[C@@H]1C[C@H](OC(C)=O)C(=O)[C@H]2[C@@]1(C)CC[C@H]1C(=O)O[C@H](C(=O)c3ccccc3O)C[C@]21C,6.3
OPRK1,CHEMBL2048783,COc1cccc(CNc2ccc3c4c2O[C@H]2[C@@H](O)C=C[C@H]5[C@@H](C3)N(C)CC[C@@]452)c1,6.3
OPRK1,CHEMBL3747555,CCN1/C(=C/C=C/C=C/C2=[N+](CCCCCC(=O)NCCCCCCNC(=O)[C@H]3C[C@@]45CC[C@]3(OC)[C@@H]3Oc6c(O)ccc7c6[C@@]34CCN(C)[C@@H]5C7)c3ccc(S(=O)(=O)O)cc3C2(C)C)C(C)(C)c2cc(S(=O)(=O)O)ccc21,6.3
OPRK1,CHEMBL3698785,O=C(O)c1nc2ccc(F)cc2n([C@H]2C[C@H]3CC[C@@H](C2)N3C2CCCCCCC2)c1=O,6.3
OPRK1,CHEMBL4066432,Oc1ccc(CCC2CCCCN2Cc2ccc(Cl)o2)cc1,6.3
OPRK1,CHEMBL4434948,N[C@@H](Cc1ccc(O)cc1)C(=O)N[C@@H]1C/C=C\C[C@@H](NC(=O)[C@@H](N)Cc2ccc(O)cc2)C(=O)NCC(=O)N[C@@H](Cc2ccccc2)C(=O)NNC(=O)[C@H](Cc2ccccc2)NC(=O)CNC1=O.O=C(O)C(F)(F)F.O=C(O)C(F)(F)F,6.3
OPRK1,CHEMBL4636535,O=C(NO)c1ccc(Oc2ccc(CN3CCCC3c3cccc(F)c3)cc2)c(F)c1,6.3
OPRK1,CHEMBL5401796,CN1C(=O)CNC(=O)[C@H](N[C@@H](Cc2ccc(O)cc2)C(=O)O)CCCC/C=C\CC[C@@H](C(=O)N2CCC[C@H]2C(=O)N[C@@H](CCC(N)=O)C(=O)N[C@@H](CCCNC(=N)N)C(=O)N[C@@H](Cc2ccccc2)C(N)=O)NC(=O)[C@@H]1Cc1ccccc1,6.3
OPRK1,CHEMBL259656,O=C(c1cc2c(cc1F)OC(c1ccc(F)cc1)(c1ccc(Cl)cc1Cl)O2)N1CCOCC1,6.3
OPRK1,CHEMBL5566245,CN1C(=O)CNC(=O)[C@H](NC(=O)[C@@H](N)Cc2ccc(O)cc2)CCCCNC(=O)C[C@H](C(=O)N2CCC[C@H]2C(N)=O)NC(=O)[C@@H]1Cc1ccccc1,6.3
OPRK1,CHEMBL5614365,Cc1ccc(/C=C/c2nnc(-c3ccccn3)n2Cc2cccs2)cc1C(F)(F)F,6.3
OPRK1,CHEMBL5625124,COc1ccc2c3c1O[C@H]1[C@@]4(OC)C=C[C@@]5(C[C@@H]4C(=O)c4ccc(NC(=O)Cc6ccccc6)cc4)[C@@H](C2)N(CC2CC2)CC[C@]315,6.3
OPRK1,CHEMBL114280,Oc1nc2ccccc2n1CCCNCc1cc2c(cc1Cl)OCO2,6.29
OPRK1,CHEMBL651,CCC(=O)C(CC(C)N(C)C)(c1ccccc1)c1ccccc1,6.29
OPRK1,CHEMBL2112347,CC(C)[C@H]1CC[C@@H](N2CCC3(CC2)[C@@H]2CN(c4ccccc4)C[C@@H]2CN3c2ccccc2)CC1,6.29
OPRK1,CHEMBL41883,CC(C)(C)NC(=O)NC[C@@H]1Cc2ccccc2CN1/C(S)=N/C[C@H]1CCCO1,6.29
OPRK1,CHEMBL201530,C[C@H]1CN(CCc2ccccc2)[C@H](CCN)C[C@@]1(C)c1cccc(O)c1,6.29
OPRK1,CHEMBL228857,COc1ccccc1C(c1ccccc1)N1CCC(O)(c2ccccc2)CC1,6.29
OPRK1,CHEMBL240001,O=C1NCN(c2ccccc2)C12CCN(CC1CCCCC1)CC2,6.29
OPRK1,CHEMBL557978,CN1CC[C@]23c4c5ccc(O)c4O[C@H]2c2[nH]c4ccccc4c2C[C@@]3(O)[C@H]1C5.Cl,6.29
OPRK1,CHEMBL256010,C[C@H]1CN(C[C@H](Cc2ccccc2)C(=O)N[C@@H](CCc2ccccc2)C(=O)O)CC[C@@]1(C)c1cccc(O)c1,6.29
OPRK1,CHEMBL3084634,Clc1ccccc1C(c1ccccc1Cl)N1[C@@H]2CC[C@H]1C[C@@H](c1ccccn1)C2,6.29
OPRK1,CHEMBL585900,CCN(CC)C(=O)c1ccc(N(c2cccc(O)c2)C2CCN(CCC3CC3)CC2)cc1,6.29
OPRK1,CHEMBL1405968,O=C(NC(NC(=S)Nc1c(Cl)cc(Cl)cc1Cl)C(Cl)(Cl)Cl)OCc1ccccc1,6.29
OPRK1,CHEMBL3262542,O=C1Cc2ccccc2N1C1CCN([C@H]2CC[C@@H]3CCCc4cccc2c43)CC1,6.29
OPRK1,CHEMBL3695261,CC(=O)NC1CCN(c2nc3ccccc3n(C3CCN(C4CCCCCCC4)CC3)c2=O)CC1,6.29
OPRK1,CHEMBL3698755,NC(=O)C1CCCN(c2nc3ccccc3n(C3CCN(C4CCCCCCC4)CC3)c2=O)C1,6.29
OPRK1,CHEMBL4115119,COc1ccc2c3c1O[C@H]1[C@@]4(OC)CC[C@@]5(C[C@@H]4COCc4ccc(CC(=O)O)cc4)[C@@H](C2)N(CC2CC2)CC[C@]315,6.29
OPRK1,CHEMBL1701606,Cc1c(C(=O)NCC(c2ccco2)N2CCCC2)oc2ccc(Cl)cc12,6.29
OPRK1,CHEMBL277535,c1ccc(-c2ccc(C(c3ccccc3)n3ccnc3)cc2)cc1,6.29
OPRK1,CHEMBL5403335,COc1cc(CC2NC(=O)CN(Cc3ccccc3)C2=O)c(I)c(OC)c1,6.29
OPRK1,CHEMBL5887356,CN(C)[C@H](CNC(=O)NCc1cccc([N+](=O)[O-])c1)Cc1ccccc1,6.29
OPRK1,CHEMBL59891,O=c1ccc(-c2ccc(Cl)cc2)cn1C(CN1CCCC1)c1ccccc1,6.28
OPRK1,CHEMBL80197,Cc1cc(O)cc(C)c1C[C@H](N)C(=O)N1Cc2ccccc2C[C@H]1CN,6.28
OPRK1,CHEMBL121935,C1CCC([C@H]2CN3C(=NC[C@H]3C3CCCCC3)N2CCC2CC3CCC2C3)CC1,6.28
OPRK1,CHEMBL40548,O=C(NC[C@@H]1Cc2ccccc2CN1/C(S)=N/C[C@H]1CCCN1Cc1ccc(O)cc1)Nc1ccccc1,6.28
OPRK1,CHEMBL216662,C[C@H]1[C@H]2CCCCN2CC[C@@]1(C)c1cccc(O)c1,6.28
OPRK1,CHEMBL219011,C[C@H]1CN2CCCC[C@@H]2C[C@@]1(C)c1cccc(O)c1,6.28
OPRK1,CHEMBL494265,COC(=O)c1ccc(C2=CC3(CCNCC3)Oc3ccccc32)cc1,6.28
OPRK1,CHEMBL466648,Cc1ncc(-c2c(C)c(CN[C@H]3CC[C@@H](F)C3)nn2-c2ncccc2Cl)cc1F,6.28
OPRK1,CHEMBL1258392,Cn1cc(CN2[C@@H]3CC[C@H]2C[C@H](Oc2cccc(C(N)=O)c2)C3)cn1,6.28
OPRK1,CHEMBL1700772,CC(C)c1ccc(S(=O)(=O)NCc2ccc(C(=O)NCCN(Cc3ccccc3)C(C)C)cc2)cc1,6.28
OPRK1,CHEMBL1729980,CCc1ccc(S(=O)(=O)NCc2ccc(C(=O)NCCN(Cc3ccc(Br)cc3)C(C)C)cc2)cc1,6.28
OPRK1,CHEMBL3698820,CC(C)CC(C)N1[C@@H]2CCC[C@H]1C[C@@H](n1c(=O)c(C(=O)O)nc3ccccc31)C2,6.28
OPRK1,CHEMBL4437304,Cc1cc(O)cc(C)c1C[C@H](N)C(=O)NCc1cc(Cc2ccccc2)ccc1Cl.O=C(O)C(F)(F)F,6.28
OPRK1,CHEMBL331325,Cc1cc(O)cc(C)c1C[C@H](N)C(=O)N1CCC[C@H]1C(=O)N[C@@H](Cc1ccccc1)C(=O)N[C@@H](Cc1ccccc1)C(N)=O,6.28
OPRK1,CHEMBL4741873,CO[C@@]12CC[C@@H](N[C@@H](CCCCN)C(=O)O)[C@@H]3Oc4c(O)ccc5c4[C@@]31CCN(C)[C@@H]2C5,6.28
OPRK1,CHEMBL6029901,CCc1cnc(N2CCC(NC3CCCCC3)C(OC)C2)c(-c2nc(C)no2)c1,6.28
OPRK1,CHEMBL369945,Cc1ccc2c(c1)C1(CCN(CC3CCCCCCC3)CC1)C(=O)N2C,6.27
OPRK1,CHEMBL374678,C[C@H]1CN2CCCN(Cc3ccccc3)C[C@H]2C[C@@]1(C)c1cccc(O)c1,6.27
OPRK1,CHEMBL218135,C[C@H]1CN2CCN(C(=O)Cc3ccccc3)C[C@H]2C[C@@]1(C)c1cccc(O)c1,6.27
OPRK1,CHEMBL228848,CCc1ccccc1C(c1ccccc1)N1CCC(O)(c2ccccc2)CC1,6.27
OPRK1,CHEMBL239822,CC1(C)CCC(N2CCC3(CC2)C(=O)NCN3c2ccccc2)c2ccccc21,6.27
OPRK1,CHEMBL260286,COC(=O)[C@@H]1C[C@H](OC(=O)c2ccc(OC)cc2)C(=O)[C@H]2[C@@]1(C)CC[C@H]1C(=O)O[C@H](c3ccoc3)C[C@]21C,6.27
OPRK1,CHEMBL1369123,Oc1c(C=Nc2cccc3cccnc23)sc2ccccc12,6.27
OPRK1,CHEMBL1714925,COc1ccc(CN(CCNC(=O)c2ccc(CNS(=O)(=O)c3ccc(C)cc3)cc2)C(C)C)cc1,6.27
OPRK1,CHEMBL479,CSc1ccc2c(c1)N(CCC1CCCCN1C)c1ccccc1S2,6.27
OPRK1,CHEMBL2386904,Oc1ccc2c(c1)[C@]1(CCc3ccccc3)CCN(CCc3cccc(C(F)(F)F)c3)C[C@@H]1O2,6.27
OPRK1,CHEMBL3393069,CC(=O)c1ccc(C(=O)Nc2nc3ccccc3n2CCN2CCCC2)cc1,6.27
OPRK1,CHEMBL3695252,O=C(O)[C@H](Cc1ccccc1)Nc1nc2ccccc2n([C@H]2C[C@H]3CC[C@@H](C2)N3C2CCCCCCC2)c1=O,6.27
OPRK1,CHEMBL3698776,N#Cc1nc2ccccc2n(C2CCN(C3CCCCCCC3)CC2)c1=O,6.27
OPRK1,CHEMBL3183418,COC(=O)c1cc(Br)cnc1N1CCC(NC2CCC(C)CC2)CC1,6.27
OPRK1,CHEMBL148117,C=C1CCN(CC2CCCCN2C(=O)Cc2ccc(Cl)c(Cl)c2)CC1,6.26
OPRK1,CHEMBL274686,O=c1c(-c2ccccc2)ccnn1C(CN1CCCC1)c1ccccc1,6.26
OPRK1,CHEMBL339910,COc1ccc(C[C@@H]2CN3C(=NC[C@H]3C3CCCCC3)N2CCCC2CCCCC2)cc1,6.26
OPRK1,CHEMBL41946,COc1cccc(CN2CCC[C@@H]2C/N=C(\S)N2Cc3ccccc3C[C@H]2CNC(=O)Nc2ccccc2)c1O,6.26
OPRK1,CHEMBL365410,CCCN(CCC)C1CCc2ccc(O)cc2C1(C)C,6.26
OPRK1,CHEMBL255555,C[C@H]1CN(CCC(=O)N(Cc2ccccc2)[C@@H](Cc2ccccc2)C(=O)O)CC[C@@]1(C)c1cccc(O)c1,6.26
OPRK1,CHEMBL260485,COC(=O)[C@@H]1C[C@H](OC(=O)c2cccc(OC)c2)C(=O)[C@H]2[C@@]1(C)CC[C@H]1C(=O)O[C@H](c3ccoc3)C[C@]21C,6.26
OPRK1,CHEMBL472676,CC(C)N1CN(c2ccccc2)C2(CCN(C(c3ccccc3)c3ccccc3)CC2)C1=O,6.26
OPRK1,CHEMBL3695277,O=c1c(N2CCc3ccccc3C2)nc2ccccc2n1C1CCN(C2CCCCCCC2)CC1,6.26
OPRK1,CHEMBL3698751,O=C(O)[C@H](CO)Nc1nc2ccccc2n(C2CCN(C3CCCCCCC3)CC2)c1=O,6.26
OPRK1,CHEMBL5915589,COCCOCCOCCOCCOCCNc1ccc2c(c1)[C@@]1(C)CCN(CC3CC3)[C@H](C2=O)[C@@H]1C,6.26
OPRK1,CHEMBL1169584,CCO[C@@H](C)[C@@H]1CC23C=C[C@]1(OC)[C@H]1Oc4c(O)ccc5c4C12CCN(C)C3C5,6.25
OPRK1,CHEMBL1423,O=c1[nH]c2ccccc2n1C1CCN(CCCC(c2ccc(F)cc2)c2ccc(F)cc2)CC1,6.25
OPRK1,CHEMBL339278,C1CCC([C@H]2CN3C(=NC[C@@H]3C3CCCCC3)N2CCC2CC3CCC2C3)CC1,6.25
OPRK1,CHEMBL437505,Cc1cccc2c1C1(CCN(CC3CCCCCCC3)CC1)C(=O)N2C,6.25
OPRK1,CHEMBL237071,NC(=O)c1ccc(Oc2ccc3c(c2)CCN(CCCc2ccccc2)C3)nc1,6.25
OPRK1,CHEMBL272852,CC(C)C1CCC(N2CCC3(CC2)C(=O)N(C)Cc2ccccc23)CC1,6.25
OPRK1,CHEMBL502583,C[C@H]1C2Cc3cc4ncnc(N)c4cc3[C@@]1(C)CCN2CC1CC1,6.25
OPRK1,CHEMBL455906,Oc1ccc2c(c1)[C@]13CCC[C@H](C1)N(CCc1ccccc1)C[C@@H]3O2,6.25
OPRK1,CHEMBL550063,NC(=O)c1ccc(C2=CC3(CCNCC3)Oc3ccccc32)cc1,6.25
OPRK1,CHEMBL585536,COc1cccc2c1O[C@H]1CCC[C@@H]3CN(C)CC[C@@]231,6.25
OPRK1,CHEMBL2048787,CN1CC[C@]23c4c5ccc(NCc6ccc(O)cc6)c4O[C@H]2[C@@H](O)C=C[C@H]3[C@H]1C5,6.25
OPRK1,CHEMBL3939135,O=C(O)C1CCN(CCNc2nc3ccccc3n([C@H]3C[C@H]4CC[C@@H](C3)N4C3CCCCCCC3)c2=O)CC1,6.25
OPRK1,CHEMBL3698899,O=C(O)c1nc2ccccc2n([C@H]2C[C@H]3CCC[C@@H](C2)N3C2CCCCCCCCC2)c1=O,6.25
OPRK1,CHEMBL3665436,O=c1[nH]c2ccc(N3CCOCC3)cc2n(C2CCN(C3CCCCCCC3)CC2)c1=O,6.25
OPRK1,CHEMBL3704616,c1ccc2c(c1)nc(-c1nn[nH]n1)n2[C@H]1C[C@H]2CCC[C@@H](C1)N2[C@@H]1C[C@@H]2CCCC[C@@H](C2)C1,6.25
OPRK1,CHEMBL4108649,COCCOCCOCCOCCOCCO[C@H]1CC[C@@]2(O)C3Cc4ccc(O)c5c4[C@@]2(CCN3C)[C@H]1O5,6.25
OPRK1,CHEMBL4104275,CCN(Cc1csc(C)n1)C(C)c1cccc(O)c1,6.25
OPRK1,CHEMBL4570328,CC(C)[C@H]1CC[C@@H](N2CCC(N3CCc4ccccc43)CC2)CC1,6.25
OPRK1,CHEMBL4745148,C[C@@H](NC(=O)[C@@H](N)Cc1ccc(O)cc1)C(=O)NCC(=O)N[C@@H](Cc1ccccc1)C(=O)N[C@@H](CCC(N)=O)C(=O)N1CCC[C@H]1C(=O)N[C@@H](CCC(N)=O)C(=O)N[C@@H](CCCNC(=N)N)C(=O)N[C@@H](Cc1ccccc1)C(N)=O,6.25
OPRK1,CHEMBL5924708,COC(=O)c1cccnc1N1CCC(NC2CCCCC2OC)C(O)C1,6.25
OPRK1,CHEMBL5965979,Cc1cnc(N2CC[C@@H](NC3CCCCC3)[C@H](O)C2)c(-c2ncccn2)c1,6.25
OPRK1,CHEMBL5764641,Cc1ccc2nc(N3CCC(N[C@H]4CCCC[C@@H]4O)CC3)c(-c3ccncn3)cc2c1,6.25
OPRK1,CHEMBL5949315,Cc1ccc2nc(N3CCC(NC4CCCC[C@@H]4O)CC3)c(-c3ccncn3)cc2c1,6.25
OPRK1,CHEMBL5954769,COCCOCCOCCOCCOCCO[C@H]1C=CC2C3Cc4ccc(O)c5c4[C@@]2(CCN3C)[C@H]1O5,6.25
OPRK1,CHEMBL329719,C=C(C)CN1CCC23c4c5ccc(O)c4O[C@H]2c2oc4ccccc4c2C[C@@]3(O)C1C5,6.24
OPRK1,CHEMBL202200,CCCCCN1C[C@H](C)[C@](C)(c2cccc(O)c2)C[C@H]1CCC,6.24
OPRK1,CHEMBL241079,Cc1ccccc1C(c1ccccc1)N1CCC2(CC1)C(=O)NCN2c1ccccc1,6.24
OPRK1,CHEMBL246003,COc1c(O)ccc2c1[C@]13CCN(C)[C@H](C2)[C@]1(O)Cc1c([nH]c2ccccc12)C3,6.24
OPRK1,CHEMBL401615,C[C@H]1CN(C[C@H](Cc2ccccc2)C(=O)N[C@@H](CCCCN)C(=O)O)CC[C@@]1(C)c1cccc(O)c1,6.24
OPRK1,CHEMBL265195,COC(=O)[C@@H]1C[C@H](OC(=O)c2ccc([N+](=O)[O-])cc2)C(=O)[C@H]2[C@@]1(C)CC[C@H]1C(=O)O[C@H](c3ccoc3)C[C@]21C,6.24
OPRK1,CHEMBL494613,C[C@H]1C2Cc3cc([N+](=O)[O-])c(O)cc3[C@@]1(C)CCN2CC1CC1,6.24
OPRK1,CHEMBL574640,CCN(CC)C(=O)c1ccc(N(c2cccc(NC(=O)OC)c2)C2CCN(Cc3ccccc3)CC2)cc1,6.24
OPRK1,CHEMBL1719256,CCC(C)(C)c1ccc(S(=O)(=O)NCc2ccc(C(=O)NCCN(Cc3ccccc3)C(C)C)cc2)cc1,6.24
OPRK1,CHEMBL2380325,COC(=O)CCCCC(=O)O[C@H]1C[C@@H](C(=O)OC)[C@]2(C)CC[C@H]3C(=O)O[C@H](c4ccoc4)C[C@]3(C)[C@H]2C1=O,6.24
OPRK1,CHEMBL3325715,Cc1nn(-c2ccc(Cl)cc2Br)c2c1C(=O)CC(C)(C)C2,6.24
OPRK1,CHEMBL4112562,COCCOCCOCCO[C@H]1CC[C@@]2(O)C3Cc4ccc(O)c5c4[C@@]2(CCN3C)[C@H]1O5,6.24
OPRK1,CHEMBL4097865,CCc1ccc(C(=O)NCC2NCCc3ccccc32)cc1,6.24
OPRK1,CHEMBL4459283,Cc1cc(O)cc(C)c1C[C@H](N)C(=O)NCc1cc(Cc2ccccc2)ccc1OCc1ccccc1.O=C(O)C(F)(F)F,6.24
OPRK1,CHEMBL4781006,CC[C@H](N[C@@H]1CC[C@@]2(OC)[C@H]3Cc4ccc(O)c5c4[C@@]2(CCN3C)[C@H]1O5)C(=O)O,6.24
OPRK1,CHEMBL4793250,N=C(N)NCCC[C@H](NC(=O)[C@H](CCC(N)=O)NC(=O)[C@@H]1CCCN1C(=O)[C@H](CS)NC(=O)[C@H](Cc1ccccc1)NC(=O)CNC(=O)[C@@H](CS)NC(=O)[C@@H](N)Cc1ccc(O)cc1)C(=O)N[C@@H](Cc1ccccc1)C(N)=O,6.24
OPRK1,CHEMBL5276128,C/C=C1/CN2CC[C@@]34c5cc(O)c(I)cc5N(C)[C@]35OC[C@@]4(C(=O)OC)[C@H]1C[C@H]25,6.24
OPRK1,CHEMBL5290432,C/C=C1\CN2CC[C@@]34c5ccccc5N(CCc5ccccc5)[C@]35OC[C@@]4(C(=O)OC)[C@H]1C[C@H]25,6.24
OPRK1,CHEMBL5270697,CC[C@H](C)[C@@H]1NC(=O)[C@H](CCC(N)=O)NC(=O)[C@H](CCCNC(=N)N)NC(=O)[C@H](CCCNC(=N)N)NC(=O)[C@@H]2CSSC[C@H](NC1=O)C(=O)N[C@H](C(N)=O)CSSC[C@H](NC(=O)[C@@H](N)CC(N)=O)C(=O)N2,6.24
OPRK1,CHEMBL5882121,CCOC(=O)c1cc(Br)cnc1N1CCC(NC2CCCC[C@@H]2O)CC1,6.24
OPRK1,CHEMBL5819818,COCCOCCOCCO[C@H]1C=CC2C3Cc4ccc(O)c5c4[C@@]2(CCN3C)[C@H]1O5,6.24
OPRK1,CHEMBL146632,O=C(Cc1ccc(Cl)c(Cl)c1)N1CCC[C@@H](O)[C@H]1CN1CCCC1,6.23
OPRK1,CHEMBL261048,CN1CC[C@]23c4c5cccc4O[C@H]2CCC[C@H]3[C@H]1C5,6.23
OPRK1,CHEMBL516263,O=C(O[C@@]12CCC(=O)[C@@H]3Oc4c(O)ccc5c4[C@@]31CCN(CC1CC1)[C@@H]2C5)c1ccccc1,6.23
OPRK1,CHEMBL1818227,CC(C)CNCc1ccc(-c2cnccc2S(=O)(=O)N2CCCC2)cc1,6.23
OPRK1,CHEMBL3086760,Cl.O=C(O[C@@]12CCC(=O)[C@@H]3Oc4c(O)ccc5c4[C@@]31CCN(CC1CC1)[C@@H]2C5)c1ccccc1,6.23
OPRK1,CHEMBL3287469,Oc1ccc2c(c1)[C@]13CCN(Cc4ccccc4)C[C@@]1(C2)Cc1cc2ccccc2nc1C3,6.23
OPRK1,CHEMBL3695263,COC(=O)[C@@H]1CCCN1c1nc2ccccc2n(C2CCN(C3CCCCCCC3)CC2)c1=O,6.23
OPRK1,CHEMBL3698761,CS(=O)(=O)N[C@@H]1CCN(c2nc3ccccc3n(C3CCN(C4CCCCCCC4)CC3)c2=O)C1,6.23
OPRK1,CHEMBL3698774,CONC(=O)c1nc2ccccc2n(C2CCN(C3CCCCCCC3)CC2)c1=O,6.23
OPRK1,CHEMBL3698821,CN(CC(=O)O)[C@H]1CCN(c2nc3ccccc3n([C@H]3C[C@H]4CCC[C@@H](C3)N4C3CCCCCCC3)c2=O)C1,6.23
OPRK1,CHEMBL3704610,COC(=O)/N=c1\n(CC(N)=O)c2ccccc2n1C1CCN(C2CCCCCCC2)CC1,6.23
OPRK1,CHEMBL1626,CN1CCC[C@@H]1CCO[C@](C)(c1ccccc1)c1ccc(Cl)cc1,6.23
OPRK1,CHEMBL108904,N[C@@H](c1ccc(Cl)cc1)[C@@H]1CCN1C(c1ccccc1)c1ccccc1,6.22
OPRK1,CHEMBL337341,C[C@H]1CN(Cc2ccc3ccccc3n2)CC[C@@]1(C)c1cccc(C(N)=O)c1,6.22
OPRK1,CHEMBL495058,O=C(N[C@H]1CC[C@@]2(O)[C@H]3Cc4ccc(O)c5c4[C@@]2(CCN3CC2CC2)[C@H]1O5)c1ccc2ccccc2c1,6.22
OPRK1,CHEMBL1223952,NC(=O)c1cccc(C[C@H]2C[C@H]3CC[C@@H](C2)N3Cc2ccccc2)c1,6.22
OPRK1,CHEMBL1505687,CC(C)(C)c1ccc(CSc2nnc(-c3ccccn3)n2Cc2ccco2)cc1,6.22
OPRK1,CHEMBL1723702,CC(C)Cc1ccc(S(=O)(=O)NCc2ccc(C(=O)NCCN(Cc3ccccc3)C(C)C)cc2)cc1,6.22
OPRK1,CHEMBL1765684,COc1ccc(-c2c(C)c(C(=O)NC3(C#N)CCCCC3)nn2-c2ccccc2Br)cc1,6.22
OPRK1,CHEMBL1951702,Oc1cccc([C@@]23CCC[C@@H](C2)N(CCc2ccccc2)C[C@H]3O)c1,6.22
OPRK1,CHEMBL3323521,CCC(=O)N1CCN(C(=O)Cc2ccc(Cl)c(Cl)c2)C2C(N3CCCC3)CCCC21,6.22
OPRK1,CHEMBL4094170,O=C1/C(=C/c2ccccc2)C[C@@]2(O)[C@H]3Cc4ccc(O)c5c4[C@@]2(CCN3CCc2ccccc2)[C@H]1O5,6.22
OPRK1,CHEMBL4647851,CC(=O)Nc1cccc(-c2cnc3c(c2)C[C@@]2(OCCCc4ccccc4)[C@H]4Cc5ccc(O)c6c5[C@@]2(CCN4CC2CC2)[C@H]3O6)c1,6.22
OPRK1,CHEMBL5429995,COc1cccc(CC2NC(=O)CN(Cc3ccccc3)C2=O)c1C,6.22
OPRK1,CHEMBL5995231,Cc1noc(-c2cc3ccccc3nc2N2CC(NC3CCCCC3)C2)n1,6.22
OPRK1,CHEMBL6023470,Cc1ccc2nc(N3CCC(NCC(C)C)CC3)c(-c3ccncn3)cc2c1,6.22
OPRK1,CHEMBL325674,O=C(OC1CCc2ccccc21)N1CCC2(CC1)C(=O)NCN2c1ccccc1,6.21
OPRK1,CHEMBL202150,CCCCN1C[C@H](C)[C@](C)(c2cccc(O)c2)C[C@H]1CCC,6.21
OPRK1,CHEMBL383491,CC(=O)NCC[C@@H]1C[C@@](C)(c2cccc(O)c2)[C@@H](C)CN1CCc1ccccc1,6.21
OPRK1,CHEMBL218706,CC(=O)N1C[C@H]2C[C@@](C)(c3cccc(O)c3)[C@@H](C)CN2C[C@@H]1c1ccccc1,6.21
OPRK1,CHEMBL392477,COCC(=O)N1CCC(c2ccccc2)(c2nccn2Cc2ccccc2)CC1,6.21
OPRK1,CHEMBL392476,CC(C)C(=O)N1CCC(c2ccccc2)(c2nccn2Cc2ccccc2)CC1,6.21
OPRK1,CHEMBL509260,CN1C[C@@H]2Oc3ccc(O)cc3[C@@]23CCC[C@@H]1C3,6.21
OPRK1,CHEMBL1257938,Cc1ccccc1CN1[C@@H]2CC[C@H]1C[C@H](Oc1cccc(C(N)=O)c1)C2,6.21
OPRK1,CHEMBL1714496,FC(F)(F)c1ccc(CSc2nnc(-c3ccccn3)n2Cc2cccs2)cc1,6.21
OPRK1,CHEMBL64894,CN(C)c1ccc(C(=C2C=CC(=[N+](C)C)C=C2)c2ccc(N(C)C)cc2)cc1.[Cl-],6.21
OPRK1,CHEMBL2205825,COc1ccc(CN2C3C4C5CC6C7C5C3C7C2(O)C64)cc1,6.21
OPRK1,CHEMBL3359808,COC(=O)[C@@H]1C[C@H](OC(C)=O)C(=O)[C@H]2[C@@]1(C)CC[C@H]1C(=O)O[C@H](c3ccoc3-c3ccc(N)cc3)C[C@]21C,6.21
OPRK1,CHEMBL3698847,CC(=O)Nc1nc2ccccc2n(C2CCN(C3CCCCCCC3)CC2)c1=O,6.21
OPRK1,CHEMBL3695276,NC(=O)[C@@H]1CCCN1c1nc2ccccc2n(C2CCN(C3CCCCCCC3)CC2)c1=O,6.21
OPRK1,CHEMBL3698769,CNC(=O)c1nc2ccccc2n(C2CCN(C3CCCCCCC3)CC2)c1=O,6.21
OPRK1,CHEMBL3704625,O=C(O)CCN1CC[C@@H](Cc2nc3ccccc3n2[C@H]2C[C@H]3CCC[C@@H](C2)N3[C@@H]2C[C@@H]3CCCC[C@@H](C3)C2)C1,6.21
OPRK1,CHEMBL4464497,COc1ccc(Cc2ccccc2)cc1CNC(=O)[C@@H](N)Cc1c(C)cc(O)cc1C.O=C(O)C(F)(F)F,6.21
OPRK1,CHEMBL4757463,CO[C@@]12CC[C@@H](NCCC(=O)O)[C@@H]3Oc4c(O)ccc5c4[C@@]31CCN(C)[C@@H]2C5,6.21
OPRK1,CHEMBL4783612,CO[C@@]12CC[C@@H](N[C@H](Cc3ccccc3)C(=O)O)[C@@H]3Oc4c(O)ccc5c4[C@@]31CCN(C)[C@@H]2C5,6.21
OPRK1,CHEMBL643,CC(CN1c2ccccc2Sc2ccccc21)N(C)C,6.21
OPRK1,CHEMBL3186807,COC(=O)c1cc(Br)cnc1N1CCC(NC2CCOCC2)CC1,6.21
OPRK1,CHEMBL5749078,CCOC(=O)c1cc(C(=O)OC)c(C)nc1N1CCC(NC2CCCCC2)C(CO)C1,6.21
OPRK1,CHEMBL5757311,Cc1nc(-c2cc3cc(F)ccc3nc2N2CCC(NC3CCCCCC3)CC2)no1,6.21
OPRK1,CHEMBL5768878,COCCOCCOCCN1CCN(c2ccc3c(c2)[C@]2(C)CCN(CC4CC4)[C@H](C3=O)[C@@H]2C)CC1,6.21
OPRK1,CHEMBL6160504,c1ccc(CCN(CCc2ccc3cc[nH]c3c2)CC2CCC2)cc1,6.21
OPRK1,CHEMBL228911,OC1(c2ccccc2)CCN(C(c2ccccc2Cl)c2ccccc2Cl)CC1,6.2
OPRK1,CHEMBL498330,N#Cc1cccc(S(=O)(=O)N2CCN(C(=O)Cn3c(=O)oc4ccc(Cl)cc43)C(CN3CCCC3)C2)c1,6.2
OPRK1,CHEMBL524546,CN(CC(=O)N1CCN(C(=O)c2ccncc2)CC1CN1CCCC1)c1ccc(Cl)c(Cl)c1,6.2
OPRK1,CHEMBL472677,O=C1N(CC2CC2)CN(c2ccccc2)C12CCN(C(c1ccccc1)c1ccccc1)CC2,6.2
OPRK1,CHEMBL1642743,NC(=O)c1ccc2c(c1)CCCN2c1ccc(CNCCc2cccs2)cc1,6.2
OPRK1,CHEMBL1642744,NC(=O)c1ccc2c(c1)CCCN2c1ccc(CNCc2cccc(F)c2)cc1,6.2
OPRK1,CHEMBL1642755,NC(=O)c1ccc2c(c1)CCCN2c1cc(F)c(CNC2Cc3ccccc3C2)c(F)c1,6.2
OPRK1,CHEMBL1642756,NC(=O)c1ccc2c(c1)CCCN2c1ccc(CNC2Cc3ccccc3C2)c(C(F)(F)F)c1,6.2
OPRK1,CHEMBL1642760,Cc1cc(N2CCCc3cc(C(N)=O)ccc32)ccc1CNCCC1=CCCCC1,6.2
OPRK1,CHEMBL71,CN(C)CCCN1c2ccccc2Sc2ccc(Cl)cc21,6.2
OPRK1,CHEMBL3359807,COC(=O)[C@@H]1C[C@H](OC(C)=O)C(=O)[C@H]2[C@@]1(C)CC[C@H]1C(=O)O[C@H](c3ccoc3-c3cccc(N)c3)C[C@]21C,6.2
OPRK1,CHEMBL3980626,O=C1C[C@@H]2CCN(Cc3cccs3)[C@@H]3CCC[C@@H]([C@@H]23)[C@H]1Cc1ccccc1,6.2
OPRK1,CHEMBL3698765,O=C(O)c1nc2ccccc2n([C@H]2C[C@H]3CC[C@@H](C2)N3C2CCCCCCC2)c1=O,6.2
OPRK1,CHEMBL5630046,COc1ccc(C(=O)Nc2ccc(C(=O)[C@H]3C[C@@]45C=C[C@]3(OC)[C@@H]3Oc6c(OC)ccc7c6[C@@]34CCN(CC3CC3)[C@@H]5C7)cc2)cc1,6.2
OPRK1,CHEMBL5624634,COc1ccc(CC(=O)Nc2ccc(C(=O)[C@H]3C[C@@]45C=C[C@]3(OC)[C@@H]3Oc6c(OC)ccc7c6[C@@]34CCN(CC3CC3)[C@@H]5C7)cc2)cc1,6.2
OPRK1,CHEMBL3188111,COC(=O)c1cc(NC(C)=O)cnc1N1CCC(NC2CCCCC2)CC1,6.2
OPRK1,CHEMBL5956779,Cc1ccc2cc(-c3nc(C)no3)c(N3CCC(NC4CCCCC4O)CC3)nc2c1,6.2
OPRK1,CHEMBL5824313,Cc1ccc2nc(N3CCC(NC4CCC[C@@H]4O)CC3)c(-c3ccc(C)nn3)cc2c1,6.2
OPRK1,CHEMBL5833614,CN(C)[C@H](CNC(=O)NCCc1c[nH]nn1)Cc1ccc(O)cc1,6.2
OPRK1,CHEMBL6145469,C=CC[N+]12CC[C@]34C(=C(C(=O)OC)[C@@H](C[C@@H]31)/C(=C\C)C2)Nc1ccc(Br)cc14.[Br-],6.2
OPRK1,CHEMBL317479,N[C@H](c1cccc(C(F)(F)F)c1)[C@H]1CCN1C(c1ccccc1)c1ccccc1,6.19
OPRK1,CHEMBL3707102,C[C@@H]1[C@H]2c3cc(NCc4ccccc4)ccc3C[C@@H](c3ccc(NCc4ccccc4)cc32)N1C,6.19
OPRK1,CHEMBL363482,COC(=O)[C@@H]1C[C@H](OC(C)=O)[C@H](OC(C)=O)[C@H]2[C@@]1(C)CC[C@H]1C(=O)O[C@H](c3ccoc3)C[C@]21C,6.19
OPRK1,CHEMBL434944,COC(=O)CN1C(=O)C2(CCN(CC3CCCCCCC3)CC2)c2ccccc21,6.19
OPRK1,CHEMBL385846,CCC(=O)O[C@@H]1C[C@@H](C(=O)OC)[C@]2(C)CC[C@H]3C(=O)O[C@H](c4ccoc4)C[C@]3(C)[C@H]2C1=O,6.19
OPRK1,CHEMBL81,O=C(c1ccc(OCCN2CCCCC2)cc1)c1c(-c2ccc(O)cc2)sc2cc(O)ccc12,6.19
OPRK1,CHEMBL3330680,COC(=O)[C@@H]1C[C@H](OC(=O)/C=C/c2ccc(C(F)(F)F)cc2)C(=O)[C@H]2[C@@]1(C)CC[C@H]1C(=O)O[C@H](c3ccoc3)C[C@]21C,6.19
OPRK1,CHEMBL3647960,O=C(O)c1nc2ccccc2n([C@H]2C[C@H]3CC[C@@H](C2)N3C2CCCCCCCCCC2)c1=O,6.19
OPRK1,CHEMBL4077345,Cc1ccc(C(CNC(=O)c2oc3ccc(F)cc3c2C)N2CCCC2)o1,6.19
OPRK1,CHEMBL5274117,CN(C)CC1CN(C(=O)CCc2ccccc2)CCC1(O)c1cccc(O)c1,6.19
OPRK1,CHEMBL5400250,COc1cccc(Cn2nc(CNCc3ccc(OC)c(OC)c3)c3c4cc(OC)c(OC)cc4c(-c4ccccc4Cl)nc32)c1,6.19
OPRK1,CHEMBL3187546,COC(=O)c1cc(Br)cnc1N1CCC(NC2CCCC(O)C2)CC1,6.19
OPRK1,CHEMBL110126,Cc1ccc([C@H](N)[C@@H]2CCN2C(c2ccccc2)c2ccccc2)cc1,6.18
OPRK1,CHEMBL214491,CCCC(=O)O[C@@H]1C[C@@H](C(=O)OC)[C@]2(C)CC[C@H]3C(=O)O[C@H](c4ccoc4)C[C@]3(C)[C@H]2C1=O,6.18
OPRK1,CHEMBL233535,NCc1ccccc1C1(O)CCN(CC2CCCCCC2)CC1,6.18
OPRK1,CHEMBL474283,CC1(C)CCC(N2CCC3(CC2)C(=O)N(CCO)CN3c2ccccc2)c2ccccc21,6.18
OPRK1,CHEMBL1824777,Cl.OC12CC3CC(CC(C3)N1Cc1ccccc1)C2,6.18
OPRK1,CHEMBL3695219,O=C(O)C1CCN(c2nc3ccccc3n([C@H]3C[C@H]4CC[C@@H](C3)N4C3CCCCCCC3)c2=O)CC1,6.18
OPRK1,CHEMBL3698762,O=c1c(NC(CO)CO)nc2ccccc2n1C1CCN(C2CCCCCCC2)CC1,6.18
OPRK1,CHEMBL4291048,OC1(c2ccc(Cl)c(C(F)(F)F)c2)CCN(CCCN(c2ccc(F)cc2)c2ccc(F)cc2)CC1,6.18
OPRK1,CHEMBL5206240,C[C@@H]1NC(=O)[C@H]2CCCN2C(=O)[C@H](Cc2ccccc2)NC(=O)[C@H](Cc2c[nH]c3ccccc23)NC1=O,6.18
OPRK1,CHEMBL5285832,CC(C)[C@H](NC(=O)[C@H](CCC(N)=O)NC(=O)[C@H](CCCNC(=N)N)NC(=O)[C@H](CCCNC(=N)N)NC(=O)[C@@H]1CSSC[C@H](NC(=O)[C@@H](N)CC(N)=O)C(=O)N1)C(=O)N[C@H]1CSSC[C@@H](C(N)=O)NC1=O,6.18
OPRK1,CHEMBL19299,CC(C(=O)O)c1ccc(CC2CCCC2=O)cc1,6.18
OPRK1,CHEMBL5916627,COC(=O)c1cc(Br)cnc1N1CCC(NC2CCCCCC2)C(C(=O)OC)C1,6.18
OPRK1,CHEMBL212575,Cc1[nH]c2ccc(Cl)cc2c1C1CCN(C2Cc3cccc4cccc2c34)CC1,6.17
OPRK1,CHEMBL269068,C[C@H](NC(=O)[C@H](CO)NC(=O)[C@H](CCCCN)NC(=O)[C@H](CCCNC(=N)N)NC(=O)C(C)(C)NC(=O)CNC(=O)[C@@H](NC(=O)[C@H](Cc1ccccc1)NC(=O)CNC(=O)CNC(=O)[C@@H](N)Cc1ccccc1)[C@@H](C)O)C(=O)N[C@@H](CCCNC(=N)N)C(=O)N[C@@H](CCCCN)C(=O)N[C@@H](CCCNC(=N)N)C(=O)N[C@@H](CCCCN)C(=O)N[C@@H](CC(N)=O)C(=O)N[C@@H](CCC(N)=O)C(N)=O,6.17
OPRK1,CHEMBL499169,CC(C)N(CCN1CN(c2ccccc2)C2(CCN(C(c3ccccc3Cl)c3ccccc3Cl)CC2)C1=O)C(C)C,6.17
OPRK1,CHEMBL604476,COc1ccc2c3c1O[C@@H]1[C@]34CCN(C)[C@H](C2)[C@]42C=C[C@]1(OC)C[C@H]2c1ccc([N+](=O)[O-])cc1,6.17
OPRK1,CHEMBL1257226,C[C@H](c1ccccc1)N1[C@@H]2CC[C@H]1C[C@H](Oc1cccc(C(N)=O)c1)C2,6.17
OPRK1,CHEMBL1710945,Cc1ccc(CN(CCNC(=O)c2ccc(CNS(=O)(=O)c3cccc(C)c3)cc2)C(C)C)cc1,6.17
OPRK1,CHEMBL2386897,Oc1ccc2c(c1)[C@]1(CCc3ccccc3)CCN(CCCc3ccccc3)C[C@@H]1O2,6.17
OPRK1,CHEMBL2387193,O=C1Cc2ccccc2N1C1CCN(C2CC[C@H]3CCCc4cccc2c43)CC1,6.17
OPRK1,CHEMBL3665444,O=c1[nH]c2ccccc2n([C@@H]2C[C@H]3C=C[C@@H](C2)N3C2/C=C\CCCCC2)c1=O,6.17
OPRK1,CHEMBL3698772,CN(C)C(=O)c1nc2ccccc2n(C2CCN(C3CCCCCCC3)CC2)c1=O,6.17
OPRK1,CHEMBL3698808,O=C(O)[C@@H]1CN(CCNc2nc3ccccc3n([C@H]3C[C@H]4CC[C@@H](C3)N4C3CCCCCCC3)c2=O)C[C@H]1C(=O)O,6.17
OPRK1,CHEMBL4110642,COCCOCCOCCOCCOCCOCCOCCO[C@H]1CC[C@@]2(O)C3Cc4ccc(O)c5c4[C@@]2(CCN3C)[C@H]1O5,6.17
OPRK1,CHEMBL4101810,Oc1cccc(CNCc2cc3ccccc3[nH]2)c1,6.17
OPRK1,CHEMBL4594096,CC(C)[C@H]1CC[C@@H](N2CCC(n3cc(CNC(=O)[C@@H](N)CCCNC(=N)N)c4ccccc43)CC2)CC1,6.17
OPRK1,CHEMBL5277743,COc1cccc(C2(O)CCN(CCc3cccc(C(F)(F)F)c3)CC2CN(C)C)c1,6.17
OPRK1,CHEMBL5277164,CN(C)CC1CN(C(=O)Cc2ccccc2OC(F)(F)F)CCC1(O)c1cccc(O)c1,6.17
OPRK1,CHEMBL5418213,COc1cc2c(-c3ccccc3Cl)nc3c(c(CNCc4cccc(Oc5ccccc5)c4)nn3CC3CCN(C(=O)OC(C)(C)C)CC3)c2cc1OC,6.17
OPRK1,CHEMBL5872901,Cc1nc(-c2cc3ccc(F)cc3nc2N2CCC(NC3CCCC[C@@H]3O)CC2)no1,6.17
OPRK1,CHEMBL6011505,COCCOCCOCCOCCOCCOCCOCCO[C@H]1C=CC2C3Cc4ccc(O)c5c4[C@@]2(CCN3C)[C@H]1O5,6.17
OPRK1,CHEMBL343661,N#C/C=C1\CCN(CC2CCCCN2C(=O)Cc2ccc(Cl)c(Cl)c2)C1,6.16
OPRK1,CHEMBL15005,O=c1c(-c2ccc(C(F)(F)F)cc2)cccn1C(CN1CCOCC1)c1ccccc1,6.16
OPRK1,CHEMBL201295,CCC[C@@H]1C[C@@](C)(c2cccc(O)c2)[C@@H](C)CN1,6.16
OPRK1,CHEMBL243092,Oc1cccc([C@@]23CCC[C@@H]([C@H]2O)N(CCc2ccccc2)CC3)c1,6.16
OPRK1,CHEMBL403325,C[C@H]1CN(CCC(=O)N[C@@H](CCc2ccccc2)C(=O)O)CC[C@@]1(C)c1cccc(O)c1,6.16
OPRK1,CHEMBL514965,C=CCN1CN(c2ccccc2)C2(CCN(C(c3ccccc3)c3ccccc3)CC2)C1=O,6.16
OPRK1,CHEMBL1732877,Clc1ccc(CSc2nnc(-c3ccccn3)n2Cc2cccs2)c(Cl)c1,6.16
OPRK1,CHEMBL1603353,CS(=O)(=O)O.O.Oc1ccc2c3c1O[C@H]1c4oc5ccccc5c4C[C@@]4(O)[C@@H](C2)N(CC2CC2)CC[C@]314,6.16
OPRK1,CHEMBL1711929,COc1ccc(N2CCN(CCCNC(=O)Cn3c(=O)c4cccn4c4cc(Br)cnc43)CC2)cc1,6.16
OPRK1,CHEMBL3698779,O=c1c(N2CC[C@@H](O)C2)nc2ccccc2n1C1CCN(C2CCCCCCC2)CC1,6.16
OPRK1,CHEMBL3704591,O=C(O)CN1CCC[C@H](c2nc3ccccc3n2[C@H]2C[C@H]3CCC[C@@H](C2)N3[C@@H]2C[C@@H]3CCCC[C@@H](C3)C2)C1,6.16
OPRK1,CHEMBL4473857,N[C@@H](Cc1ccc(O)cc1)C(=O)N[C@@H]1C/C=C/C[C@@H](NC(=O)[C@@H](N)Cc2ccc(O)cc2)C(=O)NCC(=O)N[C@@H](Cc2ccccc2)C(=O)NNC(=O)[C@H](Cc2ccccc2)NC(=O)CNC1=O.O=C(O)C(F)(F)F.O=C(O)C(F)(F)F,6.16
OPRK1,CHEMBL445,CNCCC=C1c2ccccc2CCc2ccccc21,6.16
OPRK1,CHEMBL728,CN1CCN(CCCN2c3ccccc3Sc3ccc(Cl)cc32)CC1,6.16
OPRK1,CHEMBL1652,CC[N+](CC)(CCNC(=O)C(=O)NCC[N+](CC)(CC)Cc1ccccc1Cl)Cc1ccccc1Cl,6.16
OPRK1,CHEMBL5542870,Oc1cccc(N2[C@@H]3CC[C@H]2CN(CCc2ccccc2)C3)c1,6.16
OPRK1,CHEMBL5777852,Cc1cnc(N2CCC(NC3CCOCC3)C(CO)C2)c(-c2nc(C)no2)c1,6.16
OPRK1,CHEMBL326548,CCCCCCCCCN1CC[C@]2(C)c3cc(O)ccc3CC1[C@@H]2C,6.15
OPRK1,CHEMBL371970,CC[C@@H]1C[C@@](C)(c2cccc(O)c2)[C@@H](C)CN1CCc1ccccc1,6.15
OPRK1,CHEMBL377402,c1ccc2c(CN3CCC(c4c[nH]c5ncccc45)CC3)cccc2c1,6.15
OPRK1,CHEMBL238157,NC(=O)c1ccc(Oc2ccc3c(c2)CCCN(CCCC2CCCCC2)C3)nc1,6.15
OPRK1,CHEMBL512394,COCCN[C@@H]1c2ccccc2CC[C@H]1c1ccsc1,6.15
OPRK1,CHEMBL1585944,C=CCN1CC[C@]23c4c5ccc(O)c4OC2C(=O)CC[C@@]3(O)C1C5,6.15
OPRK1,CHEMBL3361418,N=C(N)NCC(=O)NCC1(Nc2cccc3ccccc23)CCN(Cc2ccccc2)CC1,6.15
OPRK1,CHEMBL3948140,CC(C)CCN1CC[C@H]2CC(=O)[C@H](Cc3ccccc3)[C@H]3CCC[C@@H]1[C@H]23,6.15
OPRK1,CHEMBL3639941,O=C(O)CNCCNc1nc2ccccc2n([C@H]2C[C@H]3CC[C@@H](C2)N3C2CCCCCCC2)c1=O,6.15
OPRK1,CHEMBL3695286,O=c1c(N2CCC(O)CC2)nc2ccccc2n1C1CCN(C2CCCCCCC2)CC1,6.15
OPRK1,CHEMBL4083805,COc1ccc2oc(C(=O)NCC(c3ccco3)N3CCCC3)c(C)c2c1,6.15
OPRK1,CHEMBL5431371,CCN(CC)CCCC(C)Nc1cnc(C(=O)Nc2cc(F)cc3cccnc23)cn1,6.15
OPRK1,CHEMBL300555,O=C1NCN(c2ccccc2)C12CCN(CC1COc3ccccc3O1)CC2,6.15
OPRK1,CHEMBL2110363,Cc1nc(C(=O)N2CCC[C@H]2Cc2nnc(-c3ccccc3)o2)c(-c2ccccc2F)s1,6.15
OPRK1,CHEMBL115998,CCCCCCCN1CC[C@]2(C)c3cc(O)ccc3CC1[C@H]2C,6.14
OPRK1,CHEMBL340724,CCN(CC)C(=O)c1ccc(C(C2CCCCC2)N2CCNCC2)cc1,6.14
OPRK1,CHEMBL233327,Cc1ccccc1C(c1ccccc1)N1CCC(O)(c2ccccc2CN)CC1,6.14
OPRK1,CHEMBL270401,C[C@H]1CN(C[C@H](Cc2ccccc2)C(=O)N[C@@H](CC2CCCCC2)C(=O)O)CC[C@@]1(C)c1cccc(O)c1,6.14
OPRK1,CHEMBL577615,CCN(CC)C(=O)c1ccc(N(c2cccc(C(N)=O)c2)C2CCN(Cc3ccccc3)CC2)cc1,6.14
OPRK1,CHEMBL569728,CCN(CC)C(=O)c1ccc(N(c2cccc(O)c2)C2CCN(CCc3ccc(C)cc3)CC2)cc1,6.14
OPRK1,CHEMBL570233,CCN(CC)C(=O)c1ccc(N(c2cccc(O)c2)C2CCN(CCC3CCCCC3)CC2)cc1,6.14
OPRK1,CHEMBL592300,CC[C@@]12CCN(CCc3ccc([N+](=O)[O-])cc3)C[C@@H]1Oc1c(O)cccc12,6.14
OPRK1,CHEMBL2386898,Oc1ccc2c(c1)[C@]1(CCc3ccccc3)CCN(CCc3ccc(F)cc3)C[C@@H]1O2,6.14
OPRK1,CHEMBL2386896,Oc1ccc2c(c1)[C@]1(CCc3ccccc3)CCN(CCc3ccccc3)C[C@@H]1O2,6.14
OPRK1,CHEMBL3695281,NC(=O)CCNc1nc2ccccc2n(C2CCN(C3CCCCCCC3)CC2)c1=O,6.14
OPRK1,CHEMBL4213351,C[C@H]1[C@H]2C(=O)c3ccc(O)cc3[C@@]1(C)CCN2CC1CCCO1,6.14
OPRK1,CHEMBL4800532,CN(C)CC1CN(C(=O)Nc2cccc(Cl)c2)CCC1(O)c1ccccc1.Cl,6.14
OPRK1,CHEMBL4761040,CC[C@H](C)[C@H](NC(=O)[C@H](CCCNC(=N)N)NC(=O)[C@H](CC(C)C)NC(=O)[C@H](Cc1ccccc1)NC(=O)[C@@H]1CCCN1C(=O)CNC(=O)[C@H](Cc1ccc(O)cc1)NC(C)=O)C(=O)N[C@@H](CCCNC(=N)N)C(=O)N1CCC[C@H]1C(=O)N[C@@H](CCCCN)C(N)=O,6.14
OPRK1,CHEMBL5752424,COC1CN(c2nc3c(cc2-c2nc(C)no2)CCCC3)CCC1NC1CCCCC1,6.14
OPRK1,CHEMBL324392,CCCCCN1CC[C@@]2(C)c3cc(O)ccc3CC1[C@H]2C,6.13
OPRK1,CHEMBL385736,CC(C)C[C@H](NC(=O)[C@H](CCCN=C(N)N)NC(=O)[C@H](CCCN=C(N)N)NC(=O)[C@H](CC(C)C)NC(=O)[C@H](Cc1ccccc1)NC(=O)CNC(=O)CN(C)C(=O)[C@@H](N)Cc1ccc(O)cc1)C(N)=O,6.13
OPRK1,CHEMBL125607,CC(C)C[C@@H]1CN2C(=NC[C@H]2C2CCCCC2)N1CC1CCC(C)CC1,6.13
OPRK1,CHEMBL233750,NCc1ccccc1C1(O)CCN(C(c2ccccc2Cl)c2ccccc2Cl)CC1,6.13
OPRK1,CHEMBL259299,COC(=O)[C@@H]1C[C@H](OC(=O)c2ccc(Br)cc2)C(=O)[C@H]2[C@@]1(C)CC[C@H]1C(=O)O[C@H](c3ccoc3)C[C@]21C,6.13
OPRK1,CHEMBL567604,CCN(CC)C(=O)c1ccc(N(c2cccc(O)c2)C2CCN(Cc3ccccc3)CC2)cc1,6.13
OPRK1,CHEMBL569755,CCN(CC)C(=O)c1ccc(N(c2cccc(O)c2)C2CCN(CCc3ccccc3)CC2)cc1,6.13
OPRK1,CHEMBL1461661,O=C(NC(NC(=S)Nc1c(Cl)cccc1Cl)C(Cl)(Cl)Cl)OCc1ccccc1,6.13
OPRK1,CHEMBL586135,Cc1ccc(Nc2cc(C)nn2-c2nc(C)cc(O)n2)cc1,6.13
OPRK1,CHEMBL1726781,CCc1ccc(S(=O)(=O)NCc2ccc(C(=O)NCCN(C)[C@@H](C)c3ccccc3)cc2)cc1,6.13
OPRK1,CHEMBL104,Clc1ccccc1C(c1ccccc1)(c1ccccc1)n1ccnc1,6.13
OPRK1,CHEMBL3326796,C[C@H]1CN(CC[C@H](O)C2CCCCC2)CC[C@@]1(C)c1ccccc1,6.13
OPRK1,CHEMBL3393996,CC(=O)c1ccc(C(=O)Nc2nc3ccccc3n2CCN2CCCC2)s1,6.13
OPRK1,CHEMBL3809510,CC[C@H](C)[C@@H](NC(=O)[C@H](CCCNC(=N)N)NC(=O)[C@H](Cc1ccc(O)cc1)NC(=O)[C@H](Cc1ccc(O)cc1)NC(=O)[C@H](CCCNC(=N)N)NC(C)=O)C(=O)N[C@@H](CCCCN)C(N)=O,6.13
OPRK1,CHEMBL3695238,COc1ccc(NC(=O)c2nc3ccccc3n([C@@H]3C[C@H]4CC[C@@H](C3)N4C3CCCCCCC3)c2=O)cn1,6.13
OPRK1,CHEMBL3698865,NC(=O)CN(CCNc1nc2ccccc2n([C@H]2C[C@H]3CC[C@@H](C2)N3C2CCCCCCC2)c1=O)CC(=O)O,6.13
OPRK1,CHEMBL4788060,N=C(N)NCCC[C@H](NC(=O)[C@H](CCC(N)=O)NC(=O)[C@@H]1CCCN1C(=O)[C@H]1CSSC[C@H](NC(=O)[C@@H](N)Cc2ccc(O)cc2)C(=O)NCC(=O)N[C@@H](Cc2ccccc2)C(=O)N1)C(=O)N[C@@H](Cc1ccccc1)C(N)=O,6.13
OPRK1,CHEMBL4802039,CC(=O)Nc1ncc(CN2CCC[C@H](Cc3cc(C)nc(C)c3)C2)s1,6.13
OPRK1,CHEMBL77196,Cc1cc(O)cc(C)c1C[C@H](N)C(=O)N1Cc2ccccc2C[C@H]1C,6.12
OPRK1,CHEMBL438965,Cc1[nH]c2ccc(Cl)cc2c1C1CCN(Cc2cccc3ccccc23)CC1,6.12
OPRK1,CHEMBL232066,OC1(c2ccc(F)cc2)CCN(C(c2ccccc2)c2ccccc2)CC1,6.12
OPRK1,CHEMBL466921,NC(=O)C1(c2ccc(F)cc2)CC2CCC(C1)N2C(c1ccccc1Cl)c1ccccc1Cl,6.12
OPRK1,CHEMBL1257698,NC(=O)c1cccc(O[C@@H]2C[C@H]3CC[C@@H](C2)N3CCc2ccccc2)c1,6.12
OPRK1,CHEMBL1703196,Clc1ccc(CSc2nnc(-c3ccccn3)n2Cc2cccnc2)cc1Cl,6.12
OPRK1,CHEMBL1951701,Oc1cccc([C@@]23CCC[C@@H](C2)N(CCc2ccccc2)C[C@@H]3O)c1,6.12
OPRK1,CHEMBL3394002,Cn1cccc1C(=O)Nc1nc2ccccc2n1CCN1CCCC1,6.12
OPRK1,CHEMBL3698870,O=C(O)C1CCCN1C(=O)CNc1nc2ccccc2n([C@H]2C[C@H]3CC[C@@H](C2)N3C2CCCCCCC2)c1=O,6.12
OPRK1,CHEMBL4115381,CC(C)(C)[C@@]1(C)OCO[C@]23CC[C@@]4(C[C@@H]21)[C@H]1Cc2ccc(OCc5ccccc5)c5c2[C@@]4(CCN1CC1CC1)[C@H]3O5,6.12
OPRK1,CHEMBL4102551,Cl.Oc1cccc([C@]23CCC[C@H]([C@H]2O)N(CCc2ccc(C(F)(F)F)cc2)CC3)c1,6.12
OPRK1,CHEMBL4747179,CO[C@@]12CC[C@@H](N[C@@H](CC(=O)O)C(=O)O)[C@@H]3Oc4c(O)ccc5c4[C@@]31CCN(C)[C@@H]2C5,6.12
OPRK1,CHEMBL5398392,COC(=O)C(Cc1cccc(OC)c1I)NC(=O)CNC(C)c1ccccc1,6.12
OPRK1,CHEMBL5858798,COC(=O)c1cc(Br)cnc1N1CCC(NC2CCC[C@H]2O)CC1,6.12
OPRK1,CHEMBL326571,CCCCN1CC[C@@]2(C)c3cc(O)ccc3CC1[C@H]2C,6.11
OPRK1,CHEMBL3144467,CC(=O)N[C@@H](CCCN=C(N)N)C(=O)N[C@H]1CC[C@H]2CCC[C@@H](C(=O)N[C@H](CCCNC(N)=O)C(=O)N[C@H](Cc3ccc(Cl)cc3)C(N)=O)N2C1=O,6.11
OPRK1,CHEMBL199378,COc1ccccc1NC(=O)N1CCC(c2ccccc2)(c2nccn2Cc2ccccc2)CC1,6.11
OPRK1,CHEMBL385591,COC[C@@H]1C[C@H](OC(C)=O)C(=O)[C@@H]2C3(C)C[C@@H](c4ccoc4)OC[C@H]3C(=O)C[C@@]12C,6.11
OPRK1,CHEMBL400036,NCc1ccccc1C1(O)CCN(C(c2cccc(F)c2)c2cccc(F)c2)CC1,6.11
OPRK1,CHEMBL241067,O=C1NCN(c2ccccc2)C12CCN(C1c3ccccc3C=Cc3ccccc31)CC2,6.11
OPRK1,CHEMBL514606,CCCCN1CN(c2ccccc2)C2(CCN(C(c3ccccc3)c3ccccc3)CC2)C1=O,6.11
OPRK1,CHEMBL1715436,O=C(Cn1c(=O)c2cccn2c2cccnc21)NCCCN1CCN(c2ccc3c(c2)OCO3)CC1,6.11
OPRK1,CHEMBL1726155,Cc1ccc(N2CCN(CCCNC(=O)Cn3c(=O)c4cccn4c4cccnc43)CC2)cc1,6.11
OPRK1,CHEMBL3237720,Cc1cc(O)cc(C)c1C[C@H](N)C(=O)N[C@@H]1CSCCSC(C)(C)[C@H](C(=O)O)NC(=O)C2(Cc3ccccc3C2)NC1=O,6.11
OPRK1,CHEMBL3698787,O=C(O)c1cccc(CNc2nc3ccccc3n([C@H]3C[C@H]4CC[C@@H](C3)N4C3CCCCCCC3)c2=O)c1,6.11
OPRK1,CHEMBL4112722,COCCOCCOCCOCCOCCOCCO[C@H]1CC[C@@]2(O)C3Cc4ccc(O)c5c4[C@@]2(CCN3C)[C@H]1O5,6.11
OPRK1,CHEMBL4093524,CCCCN1CCc2ccccc2C1CNC(=O)c1ccc(C)cc1,6.11
OPRK1,CHEMBL4745745,CO[C@@]12CC[C@@H](N[C@@H](Cc3ccc(O)cc3)C(=O)O)[C@@H]3Oc4c(O)ccc5c4[C@@]31CCN(C)[C@@H]2C5,6.11
OPRK1,CHEMBL5272099,N=C(N)NCCC[C@@H](NC(=O)[C@@H]1CCC(=O)N1)C(=O)N[C@H](CCCNC(=N)N)C(=O)N[C@@H](CCC(N)=O)C(=O)N[C@@H](CC1CCCCC1)C(=O)N[C@H]1CCSSC[C@@H](C(N)=O)NC1=O,6.11
OPRK1,CHEMBL5291379,N=C(N)NCCC[C@@H](NC(=O)[C@@H](CCCNC(=N)N)NC(=O)[C@@H]1CCCN1C(=O)c1ccccc1)C(=O)N[C@@H](CCC(N)=O)C(=O)N[C@@H](CC1CCCCC1)C(=O)N1C[C@@H]2C[C@H]1C(=O)N[C@H](C(N)=O)CSS2,6.11
OPRK1,CHEMBL5742169,CCc1ccc(-c2cc3cc(C)ccc3nc2N2CCC(NC3CCCC[C@@H]3O)CC2)nn1,6.11
OPRK1,CHEMBL6045906,COCCOCCOCCOCCOCCOCCO[C@H]1C=CC2C3Cc4ccc(O)c5c4[C@@]2(CCN3C)[C@H]1O5,6.11
OPRK1,CHEMBL5933710,COCCOCCOCCOCCOCCOCCOCCNc1ccc2c(c1)[C@@]1(C)CCN(CC3CC3)[C@H](C2=O)[C@@H]1C,6.11
OPRK1,CHEMBL5813242,O=C(NCCc1ccccc1)NC[C@H](Cc1ccc(O)cc1)N1CCCC1,6.11
OPRK1,CHEMBL326320,Cc1ccc2nc(O)n(C3CCN(C(=O)OCc4cc5c(cc4Cl)OCO5)CC3)c2c1,6.1
OPRK1,CHEMBL80464,Cc1cc(O)cc(C)c1C[C@H](N)C(=O)N1Cc2ccccc2C[C@H]1CN(C)C,6.1
OPRK1,CHEMBL362329,COc1ccc([C@H]2CC=CCN(C(CN3CCCC3)c3ccccc3)C2=O)cc1,6.1
OPRK1,CHEMBL201434,C[C@H]1CN(CCc2ccccc2)[C@H](CCc2ccccc2)C[C@@]1(C)c1cccc(O)c1,6.1
OPRK1,CHEMBL388123,Cc1ccccc1C(c1ccccc1)N1CCC(O)(c2ccccc2)CC1,6.1
OPRK1,CHEMBL260809,COC(=O)[C@@H]1C[C@H](OC(=O)c2cccc([N+](=O)[O-])c2)C(=O)[C@H]2[C@@]1(C)CC[C@H]1C(=O)O[C@H](c3ccoc3)C[C@]21C,6.1
OPRK1,CHEMBL257767,N#CCN(CC(=O)N1CCCC(c2ccccc2)C1CN1CCCC1)c1ccc(Cl)c(Cl)c1,6.1
OPRK1,CHEMBL525554,COc1ccc(Br)cc1S(=O)(=O)N1CCN(C(=O)Cn2c(=O)oc3ccc(Cl)cc32)C(CN2CCCC2)C1,6.1
OPRK1,CHEMBL498329,O=C(Cn1c(=O)oc2ccc(Cl)cc21)N1CCN(S(=O)(=O)c2ccccc2)CC1CN1CCCC1,6.1
OPRK1,CHEMBL499352,CN(CC(=O)N1CCN(S(=O)(=O)c2ccc(Cl)cc2)CC1CN1CCCC1)c1ccc(Cl)c(Cl)c1,6.1
OPRK1,CHEMBL453075,CN(C(=O)CN1C(=O)COc2cc(Cl)c(Cl)cc21)[C@@H](CN1CCOCC1)c1ccc(-c2ccccc2)cc1,6.1
OPRK1,CHEMBL449192,CC(=O)Nc1ccc(-c2ccc(C(CN3CCOCC3)N(C)C(=O)CN3C(=O)COc4cc(C)c(C)cc43)cc2)cc1,6.1
OPRK1,CHEMBL551412,CCNC(=O)c1ccc(C2=CC3(CCNCC3)Oc3ccccc32)cc1,6.1
OPRK1,CHEMBL1642745,NC(=O)c1ccc2c(c1)CCCN2c1ccc(CNCCc2cccc(F)c2)cc1,6.1
OPRK1,CHEMBL1701674,CC(C)N(CCNC(=O)c1ccc(CNS(=O)(=O)c2ccc(C(C)(C)C)cc2)cc1)Cc1ccccc1,6.1
OPRK1,CHEMBL1765683,COc1ccc(-c2c(C)c(C(=O)NC3(C#N)CCOCC3)nn2-c2ccccc2Br)cc1,6.1
OPRK1,CHEMBL1773749,COC(=O)[C@@H]1C[C@H](OC(C)=O)C(=O)[C@H]2[C@@]1(C)CC[C@H]1C(=O)O[C@H](C3=CC4OC3c3ccccc34)C[C@]21C,6.1
OPRK1,CHEMBL3409107,Oc1ccc2c(c1)[C@]1(CCCc3ccccc3)CCN(CCc3ccccc3C(F)(F)F)C[C@@H]1O2,6.1
OPRK1,CHEMBL3797228,C[C@H]1[C@H]2Cc3ccc(O)cc3[C@]1(C)CCN2CCC(=O)Nc1cccc2ccccc12,6.1
OPRK1,CHEMBL4073537,O=C1/C(=C/c2ccccc2)C[C@@]2(O)[C@H]3Cc4ccc(O)c5c4[C@@]2(CCN3CCCc2ccccc2)[C@H]1O5,6.1
OPRK1,CHEMBL4097541,O=C(O)/C(=C/c1ccccc1)CN1CCN(c2cccc(Cl)c2Cl)CC1,6.1
OPRK1,CHEMBL4639111,O=C(N[C@H]1CN(S(=O)(=O)c2ccccc2)C[C@@H]1C(=O)N[C@H]1CCCNC1)c1cc(-c2ccccc2Cl)on1,6.1
OPRK1,CHEMBL5283425,N=C(N)NCCC[C@@H](NC(=O)[C@@H](CCCNC(=N)N)NC(=O)[C@@H]1CCCN1C(=O)c1ccc(Cl)cc1)C(=O)N[C@@H](CCC(N)=O)C(=O)N[C@@H](CC1CCCCC1)C(=O)N[C@H]1CSSC[C@@H](C(=O)O)NC1=O,6.1
OPRK1,CHEMBL1213033,CCN(CC)CCCN(c1ccccc1)C1Cc2ccccc2C1,6.1
OPRK1,CHEMBL5419716,COC(=O)C(Cc1cccc(OC)c1I)NC(=O)CNCCc1ccccc1,6.1
OPRK1,CHEMBL5613932,Cc1ccc(/C=C/c2nnc(-c3nccn3C)n2Cc2cccs2)cc1C(F)(F)F,6.1
OPRK1,CHEMBL5756261,COC(=O)c1cc(Br)cnc1N1CCC(NC2CCCCC2)C(C(=O)OC)C1,6.1
OPRK1,CHEMBL5924212,O=Cc1cc(Br)cnc1N1CC[C@@H](NC2CCCCC2)[C@H](O)C1,6.1
OPRK1,CHEMBL5788934,CN(C)C(CNC(=O)NC(C)(C)Cc1ccsc1)Cc1ccccc1,6.1
OPRK1,CHEMBL179350,COC(=O)C12CN(C)CC(C(=O)OC)(C1=O)C(c1cccc(C)c1)N(C)C2c1cccc(C)c1,6.09
OPRK1,CHEMBL43104,CN(C(=O)Cc1cccc2[nH]ccc12)[C@@H]1CCCC[C@H]1N1CCCC1,6.09
OPRK1,CHEMBL340110,COc1ccc(C[C@H]2CN3C(=NC[C@H]3C3CCCCC3)N2CC2CCC(C)CC2)cc1,6.09
OPRK1,CHEMBL378458,Fc1ccc2[nH]cc(C3CCN(Cc4cccc5ccccc45)CC3)c2c1,6.09
OPRK1,CHEMBL232273,Cc1ccccc1C1(O)CCN(C(c2ccccc2)c2ccccc2)CC1,6.09
OPRK1,CHEMBL1508445,CCC(C)(C(=O)NC1CCCC1)N(Cc1cccs1)C(=O)c1ccccn1,6.09
OPRK1,CHEMBL1713635,COc1ccc(S(=O)(=O)NCc2ccc(C(=O)NCCN(Cc3ccccc3)C(C)C)cc2)cc1,6.09
OPRK1,CHEMBL2432039,C1C2C3CC4C2C2C1C3[C@H](NCC13C5C6C7C5C1C7C63)C42,6.09
OPRK1,CHEMBL3262543,O=C1Cc2ccccc2N1C1CCN([C@@H]2CC[C@@H]3CCCc4cccc2c43)CC1,6.09
OPRK1,CHEMBL3752900,C=CCN(CC=C)CCc1c[nH]c2ccc(Cl)cc12,6.09
OPRK1,CHEMBL3765406,NC(=O)[C@H]1CC(F)(F)CN1C(=O)[C@H](Cc1ccccc1)NC(=O)[C@@H]1CC(F)(F)CN1C(=O)[C@@H](N)Cc1ccc(O)cc1,6.09
OPRK1,CHEMBL3695279,O=c1ccc(Nc2nc3ccccc3n(C3CCN(C4CCCCCCC4)CC3)c2=O)c[nH]1,6.09
OPRK1,CHEMBL3698756,CCOC(=O)CN(C)c1nc2ccccc2n(C2CCN(C3CCCCCCC3)CC2)c1=O,6.09
OPRK1,CHEMBL4065924,O=C(NCC1NCCc2ccccc21)c1ccc(Cl)c(Cl)c1,6.09
OPRK1,CHEMBL1213351,CCC(=O)O[C@](Cc1ccccc1)(c1ccccc1)[C@H](C)CN(C)C,6.09
OPRK1,CHEMBL5613302,Cc1ccc(CCCc2nnc(-c3ccccn3)n2Cc2ccco2)cc1C(F)(F)F,6.09
OPRK1,CHEMBL318723,C[C@H]1CN(C)CC[C@@]1(C)c1cccc(O)c1,6.08
OPRK1,CHEMBL138036,C[C@H]1CN(CCc2ccccc2)CC[C@@]1(C)c1cccc(CO)c1,6.08
OPRK1,CHEMBL339710,CC(C)C[C@@H]1CN2C(=NC[C@@H]2C2CCCCC2)N1CCC1CC2CCC1C2,6.08
OPRK1,CHEMBL206044,COC(=O)[C@@H]1C[C@H](OC(C)=O)C(=O)[C@H]2[C@@]1(C)CC[C@H]1C(=O)O[C@H](c3ccn(S(C)(=O)=O)c3)C[C@]21C,6.08
OPRK1,CHEMBL494479,CCN(CC)C(=O)c1ccc(C2=CC3(CCNCC3)Oc3ccc(O)cc32)cc1,6.08
OPRK1,CHEMBL1384726,Cc1ccc(CN2C3CCCC2CC(NC(=O)c2ccc(C)cc2)C3)cc1,6.08
OPRK1,CHEMBL2386899,Oc1ccc2c(c1)[C@]1(CCc3ccccc3)CCN(CCc3ccccc3F)C[C@@H]1O2,6.08
OPRK1,CHEMBL3698799,O=C(O)c1ccc(CNC(=O)c2nc3ccccc3n([C@H]3C[C@H]4CC[C@@H](C3)N4C3CCCCCCC3)c2=O)nc1,6.08
OPRK1,CHEMBL3704586,O=C(O)CCN1CCC[C@@H]1c1nc2ccccc2n1[C@H]1C[C@H]2CCC[C@@H](C1)N2[C@@H]1C[C@@H]2CCCC[C@@H](C2)C1,6.08
OPRK1,CHEMBL3704598,O=C(O)CCN1CCC(Cc2nc3ccccc3n2[C@H]2C[C@H]3CCC[C@@H](C2)N3[C@@H]2C[C@@H]3CCCC[C@@H](C3)C2)CC1,6.08
OPRK1,CHEMBL3945031,O=C1C[C@]23CCN(CC4CC4)[C@H](Cc4ccc(OCc5ccccc5)cc42)[C@]3(O)C[C@@H]1CCO,6.08
OPRK1,CHEMBL4591048,CC(C)[C@H]1CC[C@@H](N2CCC(n3cc(CCCNC(N)=S)c4ccccc43)CC2)CC1,6.08
OPRK1,CHEMBL4520788,CNCc1ccccc1-c1csc([C@H](C)Nc2nc(C)nc3cc(OC)c(OC)cc23)c1,6.08
OPRK1,CHEMBL178581,CN(C(=O)[C@H](NC(=O)OCc1ccccc1)c1ccccc1)[C@H](CN1CCCC1)c1ccccc1,6.07
OPRK1,CHEMBL426470,CN1CCN(C(=O)N2CCC(c3ccccc3)(c3nccn3Cc3ccccc3)CC2)CC1,6.07
OPRK1,CHEMBL239820,O=C1NCN(c2ccccc2)C12CCN(C(c1ccccc1F)c1ccccc1F)CC2,6.07
OPRK1,CHEMBL472867,NCCN1CN(c2ccccc2)C2(CCN(C(c3ccccc3Cl)c3ccccc3Cl)CC2)C1=O,6.07
OPRK1,CHEMBL1096475,COC(=O)N1C[C@H]2[C@@H](N3CCCC3)CC[C@@H]1CN2C(=O)Cc1ccc(Cl)c(Cl)c1,6.07
OPRK1,CHEMBL1258724,Cc1ccccc1C(C)N1[C@@H]2CC[C@H]1C[C@H](Oc1cccc(C(N)=O)c1)C2,6.07
OPRK1,CHEMBL3596370,Cl.Oc1ccc2c3c1O[C@H]1c4nc5ccccc5cc4C[C@@]4(O)[C@@H](C2)N(CCF)CC[C@]314,6.07
OPRK1,CHEMBL3667196,CO[C@@]12CCC(=O)C[C@@]13CCN(C)[C@@H]2Cc1ccc(C(=O)NCCc2ccc(-c4c[nH]c(=O)[nH]c4=O)cc2)c(O)c13,6.07
OPRK1,CHEMBL3667191,CN1CC[C@]23CC(=O)CC[C@@]2(O)[C@H]1Cc1ccc(C(=O)NCCc2nc4ccccc4[nH]2)c(O)c13,6.07
OPRK1,CHEMBL3698850,C=CCNc1nc2ccccc2n(C2CCN(C3CCCCCCC3)CC2)c1=O,6.07
OPRK1,CHEMBL5907311,COC(=O)c1cc(Br)cnc1N1CCC(NC2CCCC(C)C2C)CC1,6.07
OPRK1,CHEMBL6024686,Cc1cnc(N2CCC(NCC(C)C)CC2)c(-c2cc(C)no2)c1,6.07
OPRK1,CHEMBL473068,CNCCN1CN(c2ccccc2)C2(CCN(C(c3ccccc3Cl)c3ccccc3Cl)CC2)C1=O,6.06
OPRK1,CHEMBL1710618,O=C(NC(NC(=S)Nc1ccc(Cl)cc1Cl)C(Cl)(Cl)Cl)OCc1ccccc1,6.06
OPRK1,CHEMBL1704494,Cc1ccc(N2CCN(CCCNC(=O)Cn3c(=O)c4cccn4c4c(C)ccnc43)CC2)cc1,6.06
OPRK1,CHEMBL1721558,Cc1cccc(S(=O)(=O)NCc2ccc(C(=O)NCCN(Cc3ccccc3)C(C)C)cc2)c1,6.06
OPRK1,CHEMBL1762409,Cc1cc(N)c2cc(NC(=O)c3ccccc3COc3ccc(CNCCCCCCCCN)cc3)ccc2n1,6.06
OPRK1,CHEMBL3287468,Oc1ccc2c(c1)[C@]13CCN(CC4(O)CC4)C[C@@]1(C2)Cc1cc2ccccc2nc1C3,6.06
OPRK1,CHEMBL3393879,Cc1ccc(C(=O)Nc2nc3ccccc3n2CCCN2CCCC2)cc1,6.06
OPRK1,CHEMBL3695253,O=C(O)C1(O)CCN(c2nc3ccccc3n([C@H]3C[C@H]4CC[C@@H](C3)N4C3CCCCCCC3)c2=O)CC1,6.06
OPRK1,CHEMBL3698862,O=C(O)C(CO)NCCNc1nc2ccccc2n([C@H]2C[C@H]3CC[C@@H](C2)N3C2CCCCCCC2)c1=O,6.06
OPRK1,CHEMBL3665422,CC(C)C1CCC(N2CCC(n3c(=O)c(=O)[nH]c4ccccc43)CC2)CC1,6.06
OPRK1,CHEMBL3942489,COc1ccc2c(c1)[C@]13CCN(CC4CC4)[C@H](C2)[C@]1(O)C[C@H](O)C(=O)C3,6.06
OPRK1,CHEMBL4800237,N=C(N)NCCC[C@H](NC(=O)[C@H](CCC(N)=O)NC(=O)[C@@H]1CCCN1C(=O)[C@@H]1CSSC[C@@H](NC(=O)[C@@H](N)Cc2ccc(O)cc2)C(=O)NCC(=O)N[C@@H](Cc2ccccc2)C(=O)N1)C(=O)N[C@@H](Cc1ccccc1)C(N)=O,6.06
OPRK1,CHEMBL5612903,Cc1ccc(CCc2nnc(-c3ccc4ccccc4n3)n2Cc2cccs2)cc1C(F)(F)F,6.06
OPRK1,CHEMBL260521,C=CCN1C[C@@H]2C(c3ccccc3)=CC[C@H]1CN2Cc1ccc(C(=O)N(CC)CC)cc1,6.05
OPRK1,CHEMBL408775,COC(=O)[C@@H]1C[C@H](OC(=O)c2ccccc2[N+](=O)[O-])C(=O)[C@H]2[C@@]1(C)CC[C@H]1C(=O)O[C@H](c3ccoc3)C[C@]21C,6.05
OPRK1,CHEMBL551613,O=C(c1ccc(C2=CC3(CCNCC3)Oc3ccccc32)cc1)N1Cc2ccccc2C1,6.05
OPRK1,CHEMBL1762388,Cc1cc(N)c2cc(NC(=O)c3ccccc3COc3ccc(CNCCCCCCCCCCNCc4ccc(OCc5ccccc5C(=O)Nc5ccc6nc(C)cc(N)c6c5)cc4)cc3)ccc2n1,6.05
OPRK1,CHEMBL2443278,c1ccc([C@]2(CCNCc3cccs3)CCOC3(CCCC3)C2)nc1,6.05
OPRK1,CHEMBL3359803,COC(=O)[C@@H]1C[C@H](OC(C)=O)C(=O)[C@H]2[C@@]1(C)CC[C@H]1C(=O)O[C@H](c3ccoc3C#CCCCO)C[C@]21C,6.05
OPRK1,CHEMBL3754166,C=CCN(CC=C)CCc1c[nH]c2ccc(Br)cc12,6.05
OPRK1,CHEMBL3698866,CC(C)(Nc1nc2ccccc2n([C@H]2C[C@H]3CC[C@@H](C2)N3C2CCCCCCC2)c1=O)C(=O)O,6.05
OPRK1,CHEMBL3698835,O=c1c(NCCO)nc2ccccc2n1C1CCN(C2CCCCCCC2)CC1,6.05
OPRK1,CHEMBL4083221,NC(=O)[C@@H]1CC(=O)NCCCC[C@@H](NC(=O)[C@@H](N)Cc2ccc(O)cc2)C(=O)N[C@@H](Cc2ccccc2)C(=O)N2CCC[C@H]2C(=O)N1,6.05
OPRK1,CHEMBL4754111,CO[C@@]12CC[C@@H](NCC(=O)NCC(=O)O)[C@@H]3Oc4c(O)ccc5c4[C@@]31CCN(C)[C@@H]2C5,6.05
OPRK1,CHEMBL542139,COc1ccc(NS(=O)(=O)c2sc3ccc(Cl)cc3c2C)cc1N1CCNCC1.Cl,6.05
OPRK1,CHEMBL5827433,CC(=O)c1cc2cc(C)ccc2nc1N1CCC(NC2CCOCC2)CC1,6.05
OPRK1,CHEMBL203150,C[C@H]1CN(CCc2ccccc2)[C@H](Cc2ccccc2)C[C@@]1(C)c1cccc(O)c1,6.04
OPRK1,CHEMBL226677,COC(=O)[C@@H]1C[C@H](OC(C)=O)C(=O)[C@@H]2[C@@](C)(CCC3CCOC3)[C@H](C(=O)O)CC[C@]21C,6.04
OPRK1,CHEMBL255354,C[C@@H](NC(=O)[C@@H](Cc1ccccc1)CN1CC[C@@](C)(c2cccc(O)c2)[C@@H](C)C1)C(=O)O,6.04
OPRK1,CHEMBL450850,CN1CC[C@@]23C[C@@H]1CC[C@H]2Oc1c(O)cccc13,6.04
OPRK1,CHEMBL459387,COCCN(C(=O)Cc1ccc(Cl)cc1)C1c2cc(OC)c(OC)cc2CCC1N(C)C,6.04
OPRK1,CHEMBL571324,CCN(CC)C(=O)c1ccc(N(c2cccc(O)c2)C2CCN(C)CC2)cc1,6.04
OPRK1,CHEMBL1096473,O=C(Cc1ccc(Cl)c(Cl)c1)N1C[C@@H]2CC[C@@H](N3CCCC3)[C@H]1CN2Cc1ccccc1,6.04
OPRK1,CHEMBL1939698,FCC1OC2(CCN(Cc3ccccc3)CC2)c2ccccc21,6.04
OPRK1,CHEMBL2048786,CN1CC[C@]23c4c5ccc(NCc6cccc(O)c6)c4O[C@H]2[C@@H](O)C=C[C@H]3[C@H]1C5,6.04
OPRK1,CHEMBL3409108,Oc1ccc2c(c1)[C@]1(CCCc3ccccc3)CCN(CCc3cccc(C(F)(F)F)c3)C[C@@H]1O2,6.04
OPRK1,CHEMBL3698867,O=C(O)C1(Nc2nc3ccccc3n([C@H]3C[C@H]4CC[C@@H](C3)N4C3CCCCCCC3)c2=O)CCCCC1,6.04
OPRK1,CHEMBL3698842,CS(=O)(=O)NCCNc1nc2ccccc2n(C2CCN(C3CCCCCCC3)CC2)c1=O,6.04
OPRK1,CHEMBL3698796,O=C(O)c1ccc(CNC(=O)c2nc3ccccc3n([C@H]3C[C@H]4CC[C@@H](C3)N4C3CCCCCCC3)c2=O)cc1,6.04
OPRK1,CHEMBL4067441,CC(C)C(NC(=O)/C(=C/c1ccccc1)CN1CCN(c2ccc(Cl)cc2)CC1)C(=O)O,6.04
OPRK1,CHEMBL4063789,O=C(NC[C@@H](c1ccco1)N1CCCC1)c1cc2ccccc2o1,6.04
OPRK1,CHEMBL4760163,CO[C@@]12CC[C@@H](N[C@@H](CC(N)=O)C(=O)O)[C@@H]3Oc4c(O)ccc5c4[C@@]31CCN(C)[C@@H]2C5,6.04
OPRK1,CHEMBL495997,C[C@H]1NC(=O)[C@H](Cc2ccccc2)NC(=O)[C@H]2CCCN2C(=O)[C@H](Cc2ccccc2)NC1=O,6.04
OPRK1,CHEMBL79834,O=C1NCN(c2ccccc2)C12CCN(CCCOc1ccc(F)cc1)CC2,6.04
OPRK1,CHEMBL5557408,Cl.O=C(CCN1CCCCC1)NCC1(Cc2cccc3ccccc23)CCN(Cc2ccccc2)CC1,6.04
OPRK1,CHEMBL5854803,COC(=O)c1cc(Br)cnc1N1CCC(NC2CCCCC2)CC1C,6.04
OPRK1,CHEMBL5898089,COC(=O)c1cc(C)c(C)nc1N1CCC(NC2CCCCC2)C(OC)C1,6.04
OPRK1,CHEMBL5940024,CC(C)N(C[C@H](Cc1ccc(O)cc1)N(C)C)C(=O)N[C@@H](C)c1cccc2ccccc12,6.04
OPRK1,CHEMBL170603,O=C(Cc1cccc2occc12)NCC12CCCN1CCC2,6.03
OPRK1,CHEMBL340710,COc1ccc(C[C@@H]2CN3C(=NC[C@@H]3C3CCCCC3)N2CCC2CC3CCC2C3)cc1,6.03
OPRK1,CHEMBL194200,CN1C(=O)C2(CCN(CC3CCCCCCC3)CC2)c2ccccc21,6.03
OPRK1,CHEMBL393980,CC1(C)CCC(N2CCC3(CC2)C(=O)NCN3c2ccccc2)c2cc(Cl)c(Cl)cc21,6.03
OPRK1,CHEMBL409621,CC(C)C1CCC(N2CCC3(CC2)C(=O)N(Cc2ccccc2)Cc2ccccc23)CC1,6.03
OPRK1,CHEMBL592302,CC[C@@]12CCN(CCc3ccc(F)cc3)C[C@@H]1Oc1c(O)cccc12,6.03
OPRK1,CHEMBL1585267,Clc1ccc(CSc2nnc(-c3ccccn3)n2Cc2ccco2)c(Cl)c1,6.03
OPRK1,CHEMBL2432059,CN(CCc1ccccn1)[C@H]1C2C3CC4C5C3CC2C5C41,6.03
OPRK1,CHEMBL3698750,O=c1c(NC[C@H](O)CO)nc2ccccc2n1C1CCN(C2CCCCCCC2)CC1,6.03
OPRK1,CHEMBL4797321,CC[C@H](N[C@H]1CC[C@@]2(OC)[C@H]3Cc4ccc(O)c5c4[C@@]2(CCN3C)[C@H]1O5)C(=O)O,6.03
OPRK1,CHEMBL2107430,Fc1ccc(C(c2ccccc2)(c2ccccc2F)n2ccnc2)cc1,6.03
OPRK1,CHEMBL5426289,COc1cccc(CC2NC(=O)CN(Cc3ccccc3)C2=O)c1I,6.03
OPRK1,CHEMBL5614060,c1ccc(CCc2nnc(-c3ccccn3)n2Cc2cccs2)cc1,6.03
OPRK1,CHEMBL5992624,Cc1ccc2cc(-c3nc(C)no3)c(N3CCC(NC4CCOCC4)CC3)nc2c1,6.03
OPRK1,CHEMBL5780581,CN(C)C(CNC(=O)NC(C)(C)Cc1ccccc1)Cc1ccccc1,6.03
OPRK1,CHEMBL6102888,C/C=C1/C[N+]2(C)CC[C@]34C(=C(C(=O)OC)[C@H]1C[C@@H]32)Nc1ccc(Br)cc14.[Br-],6.03
OPRK1,CHEMBL3707083,C[C@@H]1[C@H]2c3cc(O)ccc3C[C@@H](c3ccc(O)cc32)N1C,6.02
OPRK1,CHEMBL202225,O=C(NCCCN1CCC2(CCc3ccccc32)CC1)[C@H]1CCCN1Cc1ccccc1,6.02
OPRK1,CHEMBL375165,C[C@H]1CN2CCN(CCCc3ccccc3)C[C@H]2C[C@@]1(C)c1cccc(O)c1,6.02
OPRK1,CHEMBL1698808,O=[N+]([O-])c1ccc(CSc2nnc(-c3ccccn3)n2Cc2cccs2)cc1,6.02
OPRK1,CHEMBL2307889,N=C(N)NCCC[C@@H](NC(=O)CC1(CC(=O)N2CCN(C3c4ccccc4NC(=O)c4ccccc43)CC2)CCCC1)C(=O)NCCn1c(=O)n(-c2ccccc2)n(-c2ccccc2)c1=O,6.02
OPRK1,CHEMBL3927022,CN1CC[C@]23CC(=O)[C@@H](CC(=O)O)C[C@@]2(O)[C@H]1Cc1ccc(O)cc13,6.02
OPRK1,CHEMBL998,CCOC(=O)N1CCC(=C2c3ccc(Cl)cc3CCc3cccnc32)CC1,6.02
OPRK1,CHEMBL5863842,CO[C@@H]1CN(c2ncc(C)cc2-c2noc(C)n2)CC[C@@H]1NC1CCCCC1,6.02
OPRK1,CHEMBL5820617,COCCOCCOCCOCCO[C@@H]1c2ccc(O)cc2[C@]2(C)CCN(CC3CC3)[C@H]1[C@@H]2C,6.02
OPRK1,CHEMBL147275,O=C(Cc1ccc(Cl)c(Cl)c1)N1CCC[C@H](O)[C@H]1CN1CCCC1,6.01
OPRK1,CHEMBL126141,CCN(CC)C(=O)c1ccc(C(=C2CCN(CC=C(C)C)CC2)c2ccccc2)cc1,6.01
OPRK1,CHEMBL299660,CCn1c(=O)n([C@H]2CCN3[C@H](CCC[C@H]3c3ccccc3)C2)c2ccccc21,6.01
OPRK1,CHEMBL218136,C[C@H]1CN2CCN(Cc3ccc4ccccc4c3)C[C@H]2C[C@@]1(C)c1cccc(O)c1,6.01
OPRK1,CHEMBL228740,OC1(c2ccccc2)CCN(C(c2ccccc2)c2cccs2)CC1,6.01
OPRK1,CHEMBL576267,CCN(CC)C(=O)c1ccc(N(c2cccc(O)c2)C2CCN(CCc3ccccc3F)CC2)cc1,6.01
OPRK1,CHEMBL942,CC(=O)Oc1ccc(C(c2ccc(OC(C)=O)cc2)c2ccccn2)cc1,6.01
OPRK1,CHEMBL2386893,CCCCC[C@@]12CCN(C)C[C@@H]1Oc1ccc(O)cc12,6.01
OPRK1,CHEMBL3393890,CC(=O)c1cccc(C(=O)Nc2nc3ccccc3n2CCN2CCCC2)c1,6.01
OPRK1,CHEMBL3695283,CC(=O)N1CCC(Nc2nc3ccccc3n(C3CCN(C4CCCCCCC4)CC3)c2=O)CC1,6.01
OPRK1,CHEMBL4576555,CN1CCN(C(=O)C(C)(C)c2ccc(C(=O)Nc3cn4cc(-c5cc(C(C)(C)C)cc(C(C)(C)C)c5)ccc4n3)cc2)CC1,6.01
OPRK1,CHEMBL5837169,CO[C@H]1CN(c2nc3cc(F)ccc3cc2-c2nc(C)no2)CC[C@H]1NCC(C)C,6.01
OPRK1,CHEMBL431445,N[C@@H](c1cccc(F)c1)[C@@H]1CCN1C(c1ccccc1)c1ccccc1,6.0
OPRK1,CHEMBL114824,O=C(Cc1c[nH]c2ccc(Br)cc12)N1CCN(c2ccc([N+](=O)[O-])c3nonc23)CC1,6.0
OPRK1,CHEMBL98324,C=C(C)CN1CCC23c4c5ccc(O)c4O[C@H]2C(=O)C2(Cc4ccccc4C2)C[C@@]3(O)C1C5,6.0
OPRK1,CHEMBL310146,CC(=N)NC[C@@H]1Cc2ccccc2CN1C(=O)[C@@H](N)Cc1c(C)cc(O)cc1C,6.0
OPRK1,CHEMBL125875,CC(C)C[C@@H]1CN2C(=NC[C@@H]2C2CCCCC2)N1CC1CCC(C)CC1,6.0
OPRK1,CHEMBL211723,Clc1ccc2[nH]cc(C3=CCN(Cc4ccccc4)CC3)c2c1,6.0
OPRK1,CHEMBL215938,CC(=O)O[C@H]1C[C@@H](CO)[C@]2(C)CC(=O)[C@H]3CO[C@H](c4ccoc4)CC3(C)[C@H]2C1=O,6.0
OPRK1,CHEMBL226731,COC(=O)[C@@H]1C[C@H](OC(C)=O)C(=O)[C@@H]2[C@@]3(C)C[C@@H](c4nc(C)no4)OC(=O)[C@H]3CC[C@]21C,6.0
OPRK1,CHEMBL232383,CC(=O)N1CCC(c2ccccc2)(c2nccn2Cc2ccccc2)CC1,6.0
OPRK1,CHEMBL256937,COCCN(CC(=O)N1CCCC(c2ccccc2)C1CN1CCCC1)c1ccc(Cl)c(Cl)c1,6.0
OPRK1,CHEMBL402805,CN(CC(=O)N1CCCC(c2ccccc2)C1CN1CCOCC1)c1ccc(Cl)c(Cl)c1,6.0
OPRK1,CHEMBL503582,O=C(Cn1c(=O)oc2ccc(Cl)cc21)N1CCN(S(=O)(=O)c2cc(C(F)(F)F)ccc2Cl)CC1CN1CCCC1,6.0
OPRK1,CHEMBL524288,O=C(Cn1c(=O)oc2ccccc21)N1CCN(S(=O)(=O)c2ccccc2)CC1CN1CCCC1,6.0
OPRK1,CHEMBL525046,C[C@@H](O)[C@H](NC(=O)[C@H]1NC(=O)[C@H]([C@@H](C)O)NC(=O)[C@H](CCCNC(=N)N)NC(=O)[C@@H](Cc2c[nH]c3ccccc23)NC(=O)[C@H](Cc2ccc(O)cc2)NC(=O)[C@@H](NC(=O)[C@H]2Cc3ccccc3CN2)CSSC1(C)C)C(N)=O,6.0
OPRK1,CHEMBL500766,C[C@@H](O)[C@H](NC(=O)[C@H](NC(=O)[C@@H](NC(=O)[C@H](CCCNC(=N)N)NC(=O)[C@H](Cc1c[nH]c2ccccc12)NC(=O)[C@@H](Cc1ccc(O)cc1)NC(=O)[C@H](CS)NC(=O)[C@H](N)Cc1ccccc1)[C@@H](C)O)C(C)(C)S)C(=O)O,6.0
OPRK1,CHEMBL459388,COCCN(C(=O)Cc1ccccc1Br)C1c2cc(OC)c(OC)cc2CCC1N(C)C,6.0
OPRK1,CHEMBL1258615,CC(c1ccccc1)N1[C@@H]2CC[C@H]1C[C@H](Oc1cccc(C(N)=O)c1)C2,6.0
OPRK1,CHEMBL1642740,CCCCCNCc1ccc(N2CCCc3cc(C(N)=O)ccc32)cc1,6.0
OPRK1,CHEMBL1762408,Cc1cc(N)c2cc(NC(=O)c3ccccc3COc3ccc(CNCCCCCCCN)cc3)ccc2n1,6.0
OPRK1,CHEMBL3667195,C=C1CC[C@@]2(O)[C@H]3Cc4ccc(C(=O)NCCc5ccc(-c6c[nH]c(=O)[nH]c6=O)cc5)c(O)c4[C@@]2(CCN3C)C1,6.0
OPRK1,CHEMBL3695230,O=C(O)[C@@H](CO)Nc1nc2ccccc2n([C@H]2C[C@H]3CC[C@@H](C2)N3C2CCCCCCC2)c1=O,6.0
OPRK1,CHEMBL3698770,O=C(NCC(O)CO)c1nc2ccccc2n(C2CCN(C3CCCCCCC3)CC2)c1=O,6.0
OPRK1,CHEMBL47050,OC1(c2ccc(Cl)c(C(F)(F)F)c2)CCN(CCCC(c2ccc(F)cc2)c2ccc(F)cc2)CC1,6.0
OPRK1,CHEMBL4641588,Cc1cc(=O)oc2cc(NC(=O)CCN3C(=O)C4=C(SC[C@@H](NC(=O)[C@@H](N)Cc5ccc(O)cc5)C(=O)NCC(=O)N[C@@H](Cc5ccccc5)C(=O)NNC(=O)[C@H](Cc5ccccc5)NC(=O)CNC(=O)[C@H](NC(=O)[C@@H](N)Cc5ccc(O)cc5)CS4)C3=O)ccc12.O=C(O)C(F)(F)F.O=C(O)C(F)(F)F,6.0
OPRK1,CHEMBL4780909,CO[C@@]12CC[C@@H](N[C@H](C)C(=O)O)[C@@H]3Oc4c(O)ccc5c4[C@@]31CCN(C)[C@@H]2C5,6.0
OPRK1,CHEMBL4874877,C/C=C1/CN2CC[C@]34C(=Nc5ccccc53)[C@@H]2C[C@@H]1[C@@]4(COC(C)=O)C(=O)OC,6.0
OPRK1,CHEMBL5281114,COc1cccc(C2(O)CCN(C(=O)Cc3cccc(Cl)c3)CC2CN(C)C)c1,6.0
OPRK1,CHEMBL5275914,COC(=O)[C@@H]1C[C@H](OC(C)=O)C(=O)[C@H]2[C@@]1(C)CC[C@H]1C(=O)O[C@H](C(=O)Nc3ccccc3)C[C@]21C,6.0
OPRK1,CHEMBL305187,CC(C(O)c1ccc(O)cc1)N1CCC(Cc2ccccc2)CC1,6.0
OPRK1,CHEMBL1201203,CN1[C@@H]2CC[C@H]1C[C@@H](OC(c1ccccc1)c1ccccc1)C2,6.0
OPRK1,CHEMBL28333,CN1CCN=C(c2ccccc2)c2cc(Cl)ccc21,6.0
OPRK1,CHEMBL3342358,CNc1nc(NCc2ccc(NS(C)(=O)=O)cc2Cl)cc(-c2ccccn2)n1,6.0
OPRK1,CHEMBL5614114,Cc1ccc(CCc2nnc(-c3ccncn3)n2Cc2cccs2)cc1C(F)(F)F,6.0
OPRK1,CHEMBL5878411,COC(=O)c1cc(Br)cnc1N1CC2CN(C3CCCC3)CC2C1,6.0
OPRK1,CHEMBL5976446,CCc1cnc(N2CC[C@@H](NC3CCCCC3)[C@H](O)C2)c(-c2nc(C)no2)c1,6.0
OPRK1,CHEMBL5951707,CO[C@@H]1CN(c2nc(C)ccc2-c2noc(C)n2)CC[C@@H]1NC1CCCCC1,6.0
OPRK1,CHEMBL5806422,CO[C@H]1CN(/C(N)=C(/C=C(/C)N)c2nc(C)no2)CC[C@H]1NCC(C)C,6.0
OPRK1,CHEMBL5903005,CO[C@H]1CN(c2nnc(C)cc2-c2nc(C)no2)CC[C@H]1NCC(C)C,6.0
OPRK1,CHEMBL5896351,C[C@@H](Cc1ccsc1)NC(=O)NCC(Cc1ccccc1)N(C)C,6.0
OPRK1,CHEMBL146682,COC(=O)/C=C1\CCN(CC2CCCCN2C(=O)Cc2ccc(Cl)c(Cl)c2)C1,5.99
OPRK1,CHEMBL228687,CCOCC(c1ccccc1)N1CCC(O)(c2ccccc2)CC1,5.99
OPRK1,CHEMBL391580,CSCC[C@H](NC(=O)[C@H](Cc1ccccc1)NC(=O)CNC(=O)CNC(=O)[C@@H](N)Cc1ccc(C(N)=O)cc1)C(=O)O,5.99
OPRK1,CHEMBL517265,O=C1N(CCNC2CC2)CN(c2ccccc2)C12CCN(C(c1ccccc1Cl)c1ccccc1Cl)CC2,5.99
OPRK1,CHEMBL1762385,Cc1cc(N)c2cc(NC(=O)c3ccccc3COc3ccc(CNCCCCCCCNCc4ccc(OCc5ccccc5C(=O)Nc5ccc6nc(C)cc(N)c6c5)cc4)cc3)ccc2n1,5.99
OPRK1,CHEMBL3359279,COC(=O)[C@@H]1C[C@H](OC(C)=O)C(=O)[C@H]2[C@@]1(C)CC[C@H]1C(=O)O[C@H](c3ccoc3-c3ccc(C(F)(F)F)cc3)C[C@]21C,5.99
OPRK1,CHEMBL3698853,O=C(O)c1nc2ccccc2n(C2CCN(C3CCCCCCC3)CC2)c1=O,5.99
OPRK1,CHEMBL4109521,COc1ccc2c3c1O[C@H]1[C@@]4(OC)CC[C@@]5(C[C@@H]4COCc4ccc(C(N)=O)cc4)[C@@H](C2)[N+](C)(CC2CC2)CC[C@]315,5.99
OPRK1,CHEMBL4287623,OC1(c2ccc(Cl)c(C(F)(F)F)c2)CCN(CCCC=C(c2ccc(F)cc2)c2ccc(F)cc2)CC1,5.99
OPRK1,CHEMBL27289,C=C(c1ccccc1OCc1cccc(Cl)c1)n1ccnc1,5.99
OPRK1,CHEMBL5574202,COc1ccc2c3c1O[C@H]1[C@@]4(OC)CC[C@@]5(C[C@@H]4c4ccccc4NC(=O)c4ccc(Cl)c(Cl)c4)[C@@H](C2)N(CC2CC2)CC[C@]315,5.99
OPRK1,CHEMBL5773531,COc1nc(C)cc(C)c1CNC(=O)NC[C@@H](Cc1ccccc1)N(C)C,5.99
OPRK1,CHEMBL140979,CCc1ccc(OCc2ccccc2C(=O)Nc2ccc3nc(C)cc(N)c3c2)cc1,5.98
OPRK1,CHEMBL379991,CNC[C@H](Cc1ccccc1)N(C)C[C@H](Cc1ccc(O)cc1)N(C)C[C@H](Cc1ccc(O)cc1)N(C)C,5.98
OPRK1,CHEMBL233748,Cc1ccc(C(c2ccc(C)cc2)N2CCC(O)(c3ccccc3CN)CC2)cc1,5.98
OPRK1,CHEMBL1762387,Cc1cc(N)c2cc(NC(=O)c3ccccc3COc3ccc(CNCCCCCCCCCNCc4ccc(OCc5ccccc5C(=O)Nc5ccc6nc(C)cc(N)c6c5)cc4)cc3)ccc2n1,5.98
OPRK1,CHEMBL3393995,O=C(Nc1nc2ccccc2n1CCN1CCCC1)c1cccs1,5.98
OPRK1,CHEMBL3695264,COC(=O)[C@@H]1C[C@@H](O)CN1c1nc2ccccc2n(C2CCN(C3CCCCCCC3)CC2)c1=O,5.98
OPRK1,CHEMBL567,OCCN1CCN(CCCN2c3ccccc3Sc3ccc(Cl)cc32)CC1,5.98
OPRK1,CHEMBL5934583,COc1ccc2c(c1)[C@]13CCN(CC4CC4)[C@H](C2=O)[C@]1(O)CC[C@@]1(C3)NC(=O)NC1=O,5.98
OPRK1,CHEMBL115284,O=C(OCc1cc2c(cc1Cl)OCO2)N1CCC(N2C(=O)CNc3ccccc32)CC1,5.97
OPRK1,CHEMBL114299,O=C(OCc1cc2c(cc1Cl)OCO2)N1CCC(n2c(=O)c(=O)[nH]c3ccccc32)CC1,5.97
OPRK1,CHEMBL76846,Cc1cc(O)cc(C)c1C[C@H](N)C(=O)N1Cc2ccccc2C[C@H]1CN=[N+]=[N-],5.97
OPRK1,CHEMBL234771,CC(C)(C)C1(O)CCN(C(c2ccccc2)c2ccccc2)CC1,5.97
OPRK1,CHEMBL3192432,C/C(=N\NC(=O)c1ccc(Cl)cc1)c1ccccn1,5.97
OPRK1,CHEMBL1814703,CN1C[C@H]2Oc3ccc(O)cc3[C@@]23CCC[C@@H]1C3,5.97
OPRK1,CHEMBL2022020,COC(=O)[C@@H]1C[C@H](OC(C)=O)C(=O)[C@H]2[C@@]1(C)CC[C@H]1C(=O)O[C@H](C(=O)c3ccccc3OC)C[C@]21C,5.97
OPRK1,CHEMBL4083911,CN1CC[C@]23c4c5ccc(O)c4O[C@H]2C(=O)/C(=C/c2ccccc2)C[C@@]3(O)[C@H]1C5,5.97
OPRK1,CHEMBL1163,COC(=O)N[C@H](C(=O)N[C@@H](Cc1ccccc1)[C@@H](O)CN(Cc1ccc(-c2ccccn2)cc1)NC(=O)[C@@H](NC(=O)OC)C(C)(C)C)C(C)(C)C,5.97
OPRK1,CHEMBL5407033,COc1cccc(CCNCc2nn(Cc3cccc(OC)c3)c3nc(-c4ccccc4Cl)c4cc(OC)c(OC)cc4c23)c1,5.97
OPRK1,CHEMBL5613241,FC(Cc1nnc(-c2ccccn2)n1Cc1cccs1)c1ccccc1,5.97
OPRK1,CHEMBL5800216,Cc1nc(-c2cc3ccc(F)cc3nc2N2CCC(NC3CCCOC3)CC2)no1,5.97
OPRK1,CHEMBL6164008,c1ccc(CCN(CCc2ccc3cn[nH]c3c2)CC2CCC2)cc1,5.97
OPRK1,CHEMBL356210,CC(=O)N[C@@H](CCCN=C(N)N)C(=O)N[C@@H](CC1CCCCC1)C(=O)NC1S[C@H]2CCC[C@@H](C(=O)N[C@H](CCCN=C(N)N)C(=O)NC(Cc3ccc(Cl)cc3)C(N)=O)N2C1=O,5.96
OPRK1,CHEMBL138750,CC(=O)Nc1cccc([C@]2(C)CCN(CCc3ccccc3)C[C@@H]2C)c1,5.96
OPRK1,CHEMBL372184,O=C1N(Cc2ccccc2)c2ccccc2C12CCN(CC1CCCCCCC1)CC2,5.96
OPRK1,CHEMBL390279,Cc1cccc(C(c2ccccc2)N2CCC(O)(c3ccccc3)CC2)c1,5.96
OPRK1,CHEMBL428563,O=C1NCN(c2ccccc2)C12CCN(C(c1ccccc1)c1ccccc1Cl)CC2,5.96
OPRK1,CHEMBL259681,CC(C)(C)C1CCC(N2CCC3(CC2)C(=O)N(Cc2ccccc2)Cc2cc(F)ccc23)CC1,5.96
OPRK1,CHEMBL441899,C[C@H]1CN(CCC(=O)N[C@@H](Cc2ccc(-c3ccccc3)cc2)C(=O)O)CC[C@@]1(C)c1cccc(O)c1,5.96
OPRK1,CHEMBL407728,C=CCN1C[C@@H]2[C@@H](c3ccccc3)CC[C@H]1CN2Cc1ccc(C(=O)N(CC)CC)cc1,5.96
OPRK1,CHEMBL566527,CC[C@@]12CCN(C[C@H](O)c3ccccc3)C[C@@H]1Oc1ccc(O)cc12,5.96
OPRK1,CHEMBL1569631,Cc1cccc(C)c1NC(=O)C1(N(Cc2ccco2)C(=O)c2ccccn2)CCCC1,5.96
OPRK1,CHEMBL1733721,Brc1ccc(CSc2nnc(-c3ccccn3)n2Cc2cccs2)cc1,5.96
OPRK1,CHEMBL1762382,Cc1cc(N)c2cc(NC(=O)c3ccccc3COc3ccc(CNCCCCNCc4ccc(OCc5ccccc5C(=O)Nc5ccc6nc(C)cc(N)c6c5)cc4)cc3)ccc2n1,5.96
OPRK1,CHEMBL2205836,COc1ccccc1CCN1C2C3C4CC5C6C4C2C6C1(O)C53,5.96
OPRK1,CHEMBL2205823,COc1ccccc1CN1C2C3C4CC5C6C4C2C6C1(O)C53,5.96
OPRK1,CHEMBL3325841,Cc1nn(-c2ccc(Br)cc2Br)c2c1C(O)CC(C)(C)C2,5.96
OPRK1,CHEMBL1875314,Cc1cc2oc(C(=O)NCC(c3ccco3)N3CCCC3)c(C)c2cc1C,5.96
OPRK1,CHEMBL4573912,CCC(=O)Nc1ccc(Cc2ccccc2)cc1CNC(=O)[C@@H](N)Cc1c(C)cc(O)cc1C.O=C(O)C(F)(F)F,5.96
OPRK1,CHEMBL5070958,NCCCCN(C[C@H]1Cc2ncccc2CN1)[C@H]1CCCc2cccnc21,5.96
OPRK1,CHEMBL629,CN(C)CCC=C1c2ccccc2CCc2ccccc21,5.96
OPRK1,CHEMBL134,Clc1cccc(Cl)c1NC1=NCCN1,5.96
OPRK1,CHEMBL5395401,CCN(CC)CCCC(C)Nc1cnc(C(=O)Nc2ccc(Cl)c3cccnc23)cn1,5.96
OPRK1,CHEMBL2391908,C[C@H](NC[C@H](O)CP(=O)(O)CC1CCCCC1)c1ccc(Cl)c(Cl)c1.Cl,5.96
OPRK1,CHEMBL5868388,COC(=O)c1cc([N+](=O)[O-])cnc1N1CCC(NC2CCCCC2)C(O)C1,5.96
OPRK1,CHEMBL5881021,CCc1noc(-c2cc(C)cnc2N2CCC(NC3CCCCC3)C(CO)C2)n1,5.96
OPRK1,CHEMBL228849,OC1(c2ccccc2)CCN(C(c2ccccc2)c2ccccc2Cl)CC1,5.95
OPRK1,CHEMBL1258845,NC(=O)c1cccc(O[C@@H]2C[C@H]3CC[C@@H](C2)N3C2CCCCC2)c1,5.95
OPRK1,CHEMBL1735687,CCc1ccc(S(=O)(=O)NCc2ccc(C(=O)NCCN(Cc3ccccc3)C(C)C)cc2)cc1,5.95
OPRK1,CHEMBL3190827,Oc1c(/C=N/c2cccc3cccnc23)sc2ccccc12,5.95
OPRK1,CHEMBL2022017,COC(=O)[C@@H]1C[C@H](OC(C)=O)C(=O)[C@H]2[C@@]1(C)CC[C@H]1C(=O)O[C@H](/C=C/c3ccoc3)C[C@]21C,5.95
OPRK1,CHEMBL3409123,Oc1ccc2c(c1)[C@]1(CCCCCc3ccccc3)CCN(CCc3ccccc3C(F)(F)F)C[C@@H]1O2,5.95
OPRK1,CHEMBL2391541,C=CCN(CC=C)CCc1c[nH]c2ccc(OC)cc12,5.95
OPRK1,CHEMBL3698890,CC1(N2CCC(n3c(=O)c(C(=O)O)nc4ccccc43)CC2)CCCCCCC1,5.95
OPRK1,CHEMBL4066436,O=C(NCC1NCCc2ccccc21)c1cccc(Cl)c1,5.95
OPRK1,CHEMBL333357,NC(=O)[C@H](Cc1ccccc1)NC(=O)[C@H](Cc1ccccc1)NC(=O)[C@@H]1CCCN1C(=O)[C@@H](N)Cc1ccc(O)cc1,5.95
OPRK1,CHEMBL4782629,CO[C@@]12CC[C@@H](N[C@H](C(=O)O)C(C)C)[C@@H]3Oc4c(O)ccc5c4[C@@]31CCN(C)[C@@H]2C5,5.95
OPRK1,CHEMBL103769,S=C(NCCCc1c[nH]cn1)NCCCN(Cc1ccc(Cl)c(Cl)c1)c1ccc(Br)cn1,5.95
OPRK1,CHEMBL2181226,Cc1ccc(C)c(Oc2ccncc2C(=O)N2CCN(C3CC3)c3ccccc32)c1,5.95
OPRK1,CHEMBL5595358,Cl.O=C(c1ccoc1)N(c1ccccc1)C1CCN(CCc2ccccc2)CC1,5.95
OPRK1,CHEMBL5612633,Cc1ccc(/C=C/c2nnc(-c3ccccn3)n2Cc2nccs2)cc1C(F)(F)F,5.95
OPRK1,CHEMBL341524,CC1CCC(CN2C3=NC[C@@H](C4CCCCC4)N3C[C@@H]2C2CCCCC2)CC1,5.94
OPRK1,CHEMBL388314,OC1(c2ccccc2)CCN(C(c2ccccc2)c2ccccc2Br)CC1,5.94
OPRK1,CHEMBL437380,Cc1cccc(C2(O)CCN(C(c3ccccc3)c3ccccc3)CC2)c1,5.94
OPRK1,CHEMBL238280,N=C(N)c1ccc(Oc2ccc(CNCCc3ccccc3)cc2)nc1,5.94
OPRK1,CHEMBL407275,CN1Cc2cc(F)ccc2C2(CCN(C3CCC(C(C)(C)C)CC3)CC2)C1=O,5.94
OPRK1,CHEMBL571862,COc1cccc2c1O[C@H]1CCC[C@H]3CN(CCc4ccccc4)CC[C@@]231,5.94
OPRK1,CHEMBL1762400,CCCCCCNCc1ccc(OCc2ccccc2C(=O)Nc2ccc3nc(C)cc(N)c3c2)cc1,5.94
OPRK1,CHEMBL2205827,COc1ccc(CN2C3C4C5CC6C7C5C3C7C2(O)C64)cc1OC,5.94
OPRK1,CHEMBL3698873,O=C(O)CC1CCN(c2nc3ccccc3n([C@H]3C[C@H]4CC[C@@H](C3)N4C3CCCCCCC3)c2=O)CC1,5.94
OPRK1,CHEMBL3698760,CN(CC(O)CO)c1nc2ccccc2n(C2CCN(C3CCCCCCC3)CC2)c1=O,5.94
OPRK1,CHEMBL3935944,CN(C)C1(c2ccccc2)CCC(c2ccccc2)(N(C)C)CC1,5.94
OPRK1,CHEMBL5286045,CC1(C)SSC[C@@H](C(N)=O)NC(=O)[C@H]1NC(=O)[C@H](CC1CCCCC1)NC(=O)[C@H](CCC(N)=O)NC(=O)[C@@H](CCCNC(=N)N)NC(=O)[C@@H](CCCNC(=N)N)NC(=O)[C@@H]1CCCN1C(=O)c1ccccc1,5.94
OPRK1,CHEMBL297302,O=C(CCCN1CCC(n2c(=O)[nH]c3ccccc32)CC1)c1ccc(F)cc1,5.94
OPRK1,CHEMBL1491,CCOC(=O)C1=C(COCCN)NC(C)=C(C(=O)OC)C1c1ccccc1Cl,5.94
OPRK1,CHEMBL5569493,Cl.O=C(Cc1ccccc1)N(c1ccccc1)C1CCN(CCc2ccccc2)CC1,5.94
OPRK1,CHEMBL5986367,Cc1nc(-c2c(N3CCC(NC4CCOCC4)CC3)nc3ccccc3c2C)no1,5.94
OPRK1,CHEMBL5955618,Cc1cnc(N2CCC(NC3CCCCC3)CC2)c(-c2ccncn2)c1,5.94
OPRK1,CHEMBL305339,O=c1c(-c2cccs2)cccn1C(CN1CCCC1)c1ccccc1,5.93
OPRK1,CHEMBL274875,CN[C@@H](Cc1ccc(O)cc1)C(=O)NCC(=O)NCC(=O)N[C@H](Cc1ccccc1)C(=O)N[C@H](CC(C)C)C(=O)N[C@@H](CCCN=C(N)N)C(=O)N[C@@H](CCCN=C(N)N)C(=O)N[C@@H](CC(C)C)C(N)=O,5.93
OPRK1,CHEMBL199545,O=C(Nc1ccccc1)N1CCC(c2ccccc2)(c2nccn2C(=O)c2ccccc2)CC1,5.93
OPRK1,CHEMBL427395,Clc1cccc2c(C3CCN(CC4CCCCCCC4)CC3)c[nH]c12,5.93
OPRK1,CHEMBL228912,OC1(c2ccccc2)CCN(C(c2ccccc2F)c2ccccc2F)CC1,5.93
OPRK1,CHEMBL228858,OCc1ccccc1C(c1ccccc1)N1CCC(O)(c2ccccc2)CC1,5.93
OPRK1,CHEMBL392969,O=C1NCN(c2ccccc2)C12CCN(C(c1ccccc1)c1ccccc1F)CC2,5.93
OPRK1,CHEMBL1711389,O=C(Cn1c(=O)c2cccn2c2cccnc21)NCCCN1CCN(c2ccccc2)CC1,5.93
OPRK1,CHEMBL3959941,CNC1(c2ccccc2)CCC(c2ccccc2)(N(C)C)CC1,5.93
OPRK1,CHEMBL4455826,CCOc1ccc(Cc2ccccc2)cc1CNC(=O)[C@@H](N)Cc1c(C)cc(O)cc1C.O=C(O)C(F)(F)F,5.93
OPRK1,CHEMBL4761211,CO[C@@]12CC[C@H](N[C@@H](CCC(=O)O)C(=O)O)[C@@H]3Oc4c(O)ccc5c4[C@@]31CCN(C)[C@@H]2C5,5.93
OPRK1,CHEMBL4795312,CO[C@@]12CC[C@@H](N[C@@H](Cc3ccccc3)C(=O)O)[C@@H]3Oc4c(O)ccc5c4[C@@]31CCN(C)[C@@H]2C5,5.93
OPRK1,CHEMBL5280172,C/C=C1\CN2CC[C@@]34c5ccccc5N(CC)[C@]35OC[C@@]4(C(=O)OC)[C@H]1C[C@H]25,5.93
OPRK1,CHEMBL5094181,O=C(NCCCn1ccnc1)c1cc2nc(-c3ccccc3)cc(-c3ccccc3)n2n1,5.93
OPRK1,CHEMBL5613209,Cc1ccc(/C=C/c2nnc(-c3ccccn3)n2Cc2ccco2)cc1C(F)(F)F,5.93
OPRK1,CHEMBL5838013,CO[C@@H]1CN(c2ncc(C)cc2-n2ccc(C)n2)CC[C@@H]1NC1CCCCC1,5.93
OPRK1,CHEMBL146140,NC(=O)[C@@H]1CCN(C(=O)Cc2ccc(Cl)c(Cl)c2)[C@H](CN2CCCC2)C1,5.92
OPRK1,CHEMBL3707103,C[C@@H]1[C@H]2c3cc(Nc4ccccc4)ccc3C[C@@H](c3ccc(Nc4ccccc4)cc32)N1CC1CC1,5.92
OPRK1,CHEMBL127486,CC(C)C[C@@H]1CN2C(=NC[C@@H]2C2CCCCC2)N1C(C)C12CC3CC(CC(C3)C1)C2,5.92
OPRK1,CHEMBL541636,Br.Cc1ccccc1C(c1ccccc1)N1CCC(O)(c2ccccc2)CC1,5.92
OPRK1,CHEMBL403191,C[C@H]1CN(CCC(=O)N(CCc2ccccc2)[C@@H](Cc2ccccc2)C(=O)O)CC[C@@]1(C)c1cccc(O)c1,5.92
OPRK1,CHEMBL562139,CN1CC[C@]23Cc4[nH]c5ccccc5c4C[C@]2(Cc2ccc(O)cc23)C1,5.92
OPRK1,CHEMBL569956,CCN(CC)C(=O)c1ccc(N(c2cccc(O)c2)C2CCN(CCc3ncc[nH]3)CC2)cc1,5.92
OPRK1,CHEMBL1824778,Cl.OC12CC3CC(CC(C3)N1Cc1cccc(F)c1)C2,5.92
OPRK1,CHEMBL2322565,Cc1cc(O)cc(C)c1C[C@H](N)C(=O)N[C@H]1CCNc2ccc(CCc3ccccc3)cc21,5.92
OPRK1,CHEMBL3330681,COC(=O)[C@@H]1C[C@H](OC(=O)/C=C/c2cc(C(F)(F)F)ccc2C(F)(F)F)C(=O)[C@H]2[C@@]1(C)CC[C@H]1C(=O)O[C@H](c3ccoc3)C[C@]21C,5.92
OPRK1,CHEMBL3809864,Nc1ccnc(-c2cc(-c3ccon3)n(Cc3ccccc3F)n2)n1,5.92
OPRK1,CHEMBL3695229,O=C(O)CC1CCN(c2nc3ccccc3n([C@H]3C[C@H]4CC[C@@H](C3)N4C3CCCCCCC3)c2=O)C1,5.92
OPRK1,CHEMBL3695288,O=c1c(NC[C@@H](O)CO)nc2ccccc2n1C1CCN(C2CCCCCCC2)CC1,5.92
OPRK1,CHEMBL3963622,CN1CC[C@]23CC(=O)[C@@H](CC(=O)N4CCCCC4)C[C@@]2(O)[C@H]1Cc1ccc(O)cc13,5.92
OPRK1,CHEMBL4066784,Cc1cccc(Cl)c1-c1nc(CN2CCC(C(=O)NCCCN3C[C@H](C)C[C@H](C)C3)CC2)c(C)o1,5.92
OPRK1,CHEMBL4453368,CCOc1ccc(Cc2ccccc2)cc1CNC(=O)[C@@H](N)Cc1c(C)cc(O)cc1C,5.92
OPRK1,CHEMBL4741308,CO[C@@]12CC[C@H](N[C@@H](CO)C(=O)O)[C@@H]3Oc4c(O)ccc5c4[C@@]31CCN(C)[C@@H]2C5,5.92
OPRK1,CHEMBL2106915,COc1cc2c(cc1OC)C(CCc1ccc(Cl)cc1)N(C)CC2,5.92
OPRK1,CHEMBL20734,CNc1cc(OC)c(C(=O)NC2CCN(Cc3ccccc3)C2C)cc1Cl,5.92
OPRK1,CHEMBL655,Cc1ncc2n1-c1ccc(Cl)cc1C(c1ccccc1F)=NC2,5.92
OPRK1,CHEMBL5631091,COc1ccc2c3c1O[C@H]1[C@@]4(OC)C=C[C@@]5(C[C@@H]4C(=O)c4ccc(NC(=O)C6CC6)cc4)[C@@H](C2)N(CC2CC2)CC[C@]315,5.92
OPRK1,CHEMBL5885308,CCOC(=O)c1cccnc1N1CCC(NC2CCCCC2)C1,5.92
OPRK1,CHEMBL6026073,COC(=O)c1cc(Br)cnc1N1CCC(NC2CC2)CC1,5.92
OPRK1,CHEMBL5961549,COC(=O)c1cc(Br)cnc1N1CCC(NC2CCCC2)C(C(=O)OC)C1,5.92
OPRK1,CHEMBL5994117,Cc1noc(-c2cc(C(F)(F)F)cnc2N2CC[C@@H](NC3CCCCC3)[C@H](O)C2)n1,5.92
OPRK1,CHEMBL5800753,C[C@@H](Cc1ccsc1)NC(=O)NC[C@H](Cc1ccnc(O)c1)N(C)C,5.92
OPRK1,CHEMBL5983873,CN(C)[C@H](CNC(=O)NCCc1cn(CCOCCN=[N+]=[N-])nn1)Cc1ccc(O)cc1,5.92
OPRK1,CHEMBL324635,N[C@@H](c1cccc(Cl)c1)[C@@H]1CCN1C(c1ccccc1)c1ccccc1,5.91
OPRK1,CHEMBL381429,COc1ccc2c(c1)N(C)C(=O)C21CCN(CC2CCCCCCC2)CC1,5.91
OPRK1,CHEMBL397148,NC(=O)c1ccc(Oc2ccc3c(c2)CCN(CCc2ccccc2)C3)nc1,5.91
OPRK1,CHEMBL1717720,CC(C)N(CCNC(=O)c1ccc(CNS(=O)(=O)c2ccc(C3CCCCC3)cc2)cc1)Cc1ccccc1,5.91
OPRK1,CHEMBL1700286,FC(F)(F)c1ccc(CSc2nnc(-c3ccccn3)n2Cc2ccco2)cc1,5.91
OPRK1,CHEMBL1708833,Clc1ccc(CSc2nnc(-c3ccccn3)n2Cc2ccccc2)cc1Cl,5.91
OPRK1,CHEMBL1760025,Cc1cc(N)c2cc(NC(=O)c3ccccc3COc3ccc(CNCCCCCCN)cc3)ccc2n1,5.91
OPRK1,CHEMBL1814704,Oc1ccc2c(c1)[C@]13CCC[C@H](C1)N(CCc1ccccc1)C[C@H]3O2,5.91
OPRK1,CHEMBL2418736,CN1CC[C@]2(c3cccc(O)c3)C[C@H](O)C[C@@H]1C2,5.91
OPRK1,CHEMBL3219938,CCO[C@H](C)O[C@H]1C[C@@H](C(=O)OC)[C@]2(C)CC[C@H]3C(=O)O[C@H](c4ccoc4)C[C@]3(C)[C@H]2C1=O,5.91
OPRK1,CHEMBL3361416,N=C(N)NCC(=O)NCC1(Nc2ccccc2)CCN(Cc2ccccc2)CC1,5.91
OPRK1,CHEMBL3393884,N#Cc1ccccc1C(=O)Nc1nc2ccccc2n1CCN1CCCC1,5.91
OPRK1,CHEMBL3753318,C=CCN(CC=C)CCc1c[nH]c2ccc(C)cc12,5.91
OPRK1,CHEMBL3945203,O=C1C[C@@H]2CCN(CC3CCCCC3)[C@@H]3CCC[C@@H]([C@@H]23)[C@H]1Cc1ccccc1,5.91
OPRK1,CHEMBL5405049,COC(=O)C(Cc1cccc(OC)c1I)NC(=O)CCNCc1ccccc1,5.91
OPRK1,CHEMBL5427400,CN1C(=O)CNC(=O)[C@@H](N[C@@H](Cc2ccc(O)cc2)C(=O)O)C/C=C/CCCC[C@H](C(=O)N2CCC[C@H]2C(=O)N[C@@H](CCC(N)=O)C(=O)N[C@@H](CCCNC(=N)N)C(=O)N[C@@H](Cc2ccccc2)C(N)=O)NC(=O)[C@@H]1Cc1ccccc1,5.91
OPRK1,CHEMBL5583707,Cl.O=C(Cc1ccsc1)N(c1ccccc1)C1CCN(CCc2ccccc2)CC1,5.91
OPRK1,CHEMBL435305,CC1(C)c2cc(O)ccc2CCC1N(C/C=C/c1ccccc1)C/C=C/c1ccccc1,5.9
OPRK1,CHEMBL474708,C#CCN1CN(c2ccccc2)C2(CCN(C(c3ccccc3)c3ccccc3)CC2)C1=O,5.9
OPRK1,CHEMBL1642738,CC(C)CNCc1ccc(N2CCCc3cc(C(N)=O)ccc32)cc1,5.9
OPRK1,CHEMBL1642751,NC(=O)c1ccc2c(c1)CCCN2c1cccc(CNCCC2=CCCCC2)c1,5.9
OPRK1,CHEMBL1762386,Cc1cc(N)c2cc(NC(=O)c3ccccc3COc3ccc(CNCCCCCCCCNCc4ccc(OCc5ccccc5C(=O)Nc5ccc6nc(C)cc(N)c6c5)cc4)cc3)ccc2n1,5.9
OPRK1,CHEMBL841,CN(C)C(=O)C(CCN1CCC(O)(c2ccc(Cl)cc2)CC1)(c1ccccc1)c1ccccc1,5.9
OPRK1,CHEMBL4108525,COCCOCCOCCOCCOCCOCCOCCOCCOCCO[C@H]1CC[C@@]2(O)C3Cc4ccc(O)c5c4[C@@]2(CCN3C)[C@H]1O5,5.9
OPRK1,CHEMBL4243112,COc1ccc2c3c1O[C@H]1[C@@]4(OC)CC[C@@]5(C[C@]4(C)OC(=O)c4ccccc4)[C@@H](C2)N(CC2CC2)CC[C@]315,5.9
OPRK1,CHEMBL4759079,CSCC[C@@H](NC(=O)[C@@H](N)Cc1ccc(O)cc1)C(=O)NCC(=O)N[C@@H](Cc1ccccc1)C(=O)N[C@@H](CCC(N)=O)C(=O)N1CCC[C@H]1C(=O)N[C@@H](CCC(N)=O)C(=O)N[C@@H](CCCNC(=N)N)C(=O)N[C@@H](Cc1ccccc1)C(N)=O,5.9
OPRK1,CHEMBL5782871,COCCOCCOCCOCCOCCOCCOCCOCCOCCO[C@H]1C=CC2C3Cc4ccc(O)c5c4[C@@]2(CCN3C)[C@H]1O5,5.9
OPRK1,CHEMBL136421,CNC(=O)c1cccc([C@]2(C)CCN(CCc3ccccc3)C[C@@H]2C)c1,5.89
OPRK1,CHEMBL246739,Cc1cc(C(N)=O)cc(C)c1C[C@H](N)C(=O)NCC(=O)NCC(=O)N[C@@H](Cc1ccccc1)C(=O)N[C@@H](CC(C)C)C(=O)O,5.89
OPRK1,CHEMBL255462,O=C(Cn1c(=O)sc2ccc(Cl)cc21)N1CCCC(c2ccccc2)C1CN1CCCC1,5.89
OPRK1,CHEMBL404289,O=C(Cn1c(=O)oc2ccc(Cl)cc21)N1CCCC(c2ccccc2)C1CN1CCOCC1,5.89
OPRK1,CHEMBL525823,CC(=O)Nc1ccc(S(=O)(=O)N2CCN(C(=O)Cn3c(=O)oc4ccc(Cl)cc43)C(CN3CCCC3)C2)cc1,5.89
OPRK1,CHEMBL505188,COc1ccc(S(=O)(=O)N2CCN(C(=O)Cn3c(=O)oc4ccc(Cl)cc43)C(CN3CCCC3)C2)c(Br)c1OC,5.89
OPRK1,CHEMBL1223817,CN(C)C(=O)N[C@H]1CC[C@H](CN2[C@@H]3CC[C@H]2C[C@@H](Oc2cccc(C(N)=O)c2)C3)CC1,5.89
OPRK1,CHEMBL428064,O=S1(=O)Nc2c(ccc3cccnc23)-c2ccccc21,5.89
OPRK1,CHEMBL3758969,Cc1cc(O)cc(C)c1C[C@H](N)C(=O)N[C@@H]1CCCCNC(=O)C[C@@H](C(N)=O)NC(=O)[C@H](Cc2ccccc2)NC(=O)[C@@H](Cc2cccc3ccccc23)NC1=O,5.89
OPRK1,CHEMBL3918997,CC[C@H]1C(=O)C[C@@H]2CCN(CCC(C)C)[C@@H]3CCC[C@H]1[C@@H]23,5.89
OPRK1,CHEMBL3698851,O=c1c(NCC(O)CO)nc2ccccc2n1C1CCN(C2CCCCCCC2)CC1,5.89
OPRK1,CHEMBL3695269,NC(=O)[C@H](CO)Nc1nc2ccccc2n(C2CCN(C3CCCCCCC3)CC2)c1=O,5.89
OPRK1,CHEMBL4795517,CO[C@@]12CC[C@@H](N[C@@H](C(=O)O)C(C)C)[C@@H]3Oc4c(O)ccc5c4[C@@]31CCN(C)[C@@H]2C5,5.89
OPRK1,CHEMBL5270488,CN(C)CC1CN(C(=O)Cc2ccccc2)CCC1(O)c1ccccc1,5.89
OPRK1,CHEMBL5568812,NC(=O)[C@H]1CC(=O)NCCCC[C@@H](NC(=O)[C@@H](N)Cc2ccc(O)cc2)C(=O)NCC(=O)N[C@@H](Cc2ccccc2)C(=O)N1,5.89
OPRK1,CHEMBL5786279,COC(=O)c1cc(Br)cnc1N1CC2CN(C3CCCCC3)CC2C1,5.89
OPRK1,CHEMBL5874313,Cc1noc(-c2cc(C3CC3)cnc2N2CC[C@@H](NC3CCCCC3)[C@H](O)C2)n1,5.89
OPRK1,CHEMBL5847834,Cc1cnc(N2CCC(NCC(C)C)CC2)c(-c2nc(C3CC3)no2)c1,5.89
OPRK1,CHEMBL6047808,C[C@H](Cc1ccsc1)NC(=O)NCC(Cc1ccccc1)N(C)C,5.89
OPRK1,CHEMBL5950212,CN(CCO)C(CNC(=O)NCCc1ccccc1)Cc1ccc(O)cc1,5.89
OPRK1,CHEMBL5848660,COc1cccc(CCNC(=O)NCC(Cc2ccc(O)cc2)N(C)C)c1,5.89
OPRK1,CHEMBL340476,CCN(CC)C(=O)c1ccc(C(=C2CCN(C3CCCCC3)CC2)c2ccccc2)cc1,5.88
OPRK1,CHEMBL114204,COc1cc(CC(=O)N2CCC(n3c(O)nc4ccccc43)CC2)c([N+](=O)[O-])cc1OC,5.88
OPRK1,CHEMBL461050,COCCN(C(=O)c1sccc1Cl)[C@@H]1c2ccccc2C=C[C@H]1N1CCN(c2ccccc2)CC1,5.88
OPRK1,CHEMBL1545811,O=C(c1cnccn1)N(Cc1ccco1)C1(C(=O)NC2CCCCC2)CCCCC1,5.88
OPRK1,CHEMBL1725577,O=C(Cn1c(=O)c2cccn2c2cccnc21)NCCCN1CCC(Cc2ccccc2)CC1,5.88
OPRK1,CHEMBL3665435,O=c1[nH]c2ncccc2n(C2CCN(C3CCCCCCC3)CC2)c1=O,5.88
OPRK1,CHEMBL4095952,O=C(Nc1ccc(Cl)c(C(F)(F)F)c1)[C@H]1CC=C[C@H]2CCN(Cc3ccccc3)C(=O)[C@@H]12,5.88
OPRK1,CHEMBL1644980,OC1(c2ccc(Cl)c(C(F)(F)F)c2)CCN(CCCC(c2ccccc2)c2ccccc2)CC1,5.88
OPRK1,CHEMBL4451073,CC(C)[C@H]1CC[C@@H](N2CCC(n3cc(CCCN)c4ccccc43)CC2)CC1.Cl.Cl,5.88
OPRK1,CHEMBL4460695,CC(C)[C@H]1CC[C@@H](N2CCC(n3cc(CNC(N)=S)c4ccccc43)CC2)CC1,5.88
OPRK1,CHEMBL448155,COc1ccc([C@H](N)[C@@H]2CCN2C(c2ccccc2)c2ccccc2)cc1,5.87
OPRK1,CHEMBL228794,OC1(c2ccccc2)CCN(C(c2ccccc2)c2ccccc2C(F)(F)F)CC1,5.87
OPRK1,CHEMBL233957,CC1(C)CCC(N2CCC(O)(c3ccccc3CN)CC2)c2ccccc21,5.87
OPRK1,CHEMBL475308,CCCN1CN(c2ccccc2)C2(CCN(C(c3ccccc3)c3ccccc3)CC2)C1=O,5.87
OPRK1,CHEMBL569006,CCN(CC)C(=O)c1ccc(N(c2cccc(O)c2)C2CCN(CCc3cccc(F)c3)CC2)cc1,5.87
OPRK1,CHEMBL1311570,Brc1ccc(CSc2nnc(-c3ccccn3)n2Cc2ccco2)cc1,5.87
OPRK1,CHEMBL1391476,CCC(C)(C(=O)NC1CCCCC1)N(Cc1ccco1)C(=O)c1cnccn1,5.87
OPRK1,CHEMBL1701631,CC(C)N(CCNC(=O)c1ccc(CNS(=O)(=O)c2ccc(C#N)cc2)cc1)Cc1ccccc1,5.87
OPRK1,CHEMBL1762384,Cc1cc(N)c2cc(NC(=O)c3ccccc3COc3ccc(CNCCCCCCNCc4ccc(OCc5ccccc5C(=O)Nc5ccc6nc(C)cc(N)c6c5)cc4)cc3)ccc2n1,5.87
OPRK1,CHEMBL3698868,O=C(O)N1CCN(c2nc3ccccc3n([C@H]3C[C@H]4CC[C@@H](C3)N4C3CCCCCCC3)c2=O)CC1=O,5.87
OPRK1,CHEMBL5562538,Cl.O=C(Cc1ccoc1)N(c1ccccc1)C1CCN(CCc2ccccc2)CC1,5.87
OPRK1,CHEMBL5933066,COC1CN(c2nc3ccc(C)cc3cc2C(=O)N2CCCC2)CCC1NC1CCCCC1,5.87
OPRK1,CHEMBL5898752,O=C(Cc1cn2ccccc2n1)NCC1(c2ccccc2)CCC1,5.87
OPRK1,CHEMBL2113262,O=C1N[C@@H]2CCCC[C@H]2N1C1CCN(C2CCC3CCCCC3C2)CC1,5.86
OPRK1,CHEMBL102690,CC(=O)N[C@@H](Cc1ccc(O)cc1)C(=O)N[C@@H](CCCCN)C(=O)N[C@@H](Cc1c[nH]c2ccccc12)C(=O)N[C@@H](Cc1c[nH]c2ccccc12)C(N)=O,5.86
OPRK1,CHEMBL215319,CNC(=O)[C@@H]1C[C@H](OC(C)=O)C(=O)[C@H]2[C@@]1(C)CC[C@H]1C(=O)O[C@H](c3ccoc3)C[C@]21C,5.86
OPRK1,CHEMBL471262,CCCN1CN(c2ccccc2)C2(CCN(C3CCC(C)(C)c4ccccc43)CC2)C1=O,5.86
OPRK1,CHEMBL1718365,COc1ccc(S(=O)(=O)NCc2ccc(C(=O)NCCN(Cc3ccc(Br)cc3)C(C)C)cc2)cc1,5.86
OPRK1,CHEMBL3262552,CCC1C(=O)N(C2CCN(C/C=C/c3ccccc3)CC2)c2ccccc21,5.86
OPRK1,CHEMBL3910552,O=C1C[C@@H]2CCN(Cc3nccs3)[C@@H]3CCC[C@@H]([C@@H]23)[C@H]1Cc1ccccc1,5.86
OPRK1,CHEMBL5559768,Cl.O=C(CN1CCC(Cc2ccccc2)CC1)NCC1(Nc2cccc3ccccc23)CCN(Cc2ccccc2)CC1,5.86
OPRK1,CHEMBL345269,O=C(Cc1ccc(Cl)c(Cl)c1)N1CC[C@H](O)C[C@H]1CN1CCCC1,5.85
OPRK1,CHEMBL357076,CCn1c(=O)n([C@@H]2CCN(CC3CCCCCCC3)C[C@H]2CO)c2ccccc21,5.85
OPRK1,CHEMBL136612,C[C@H]1CN(CCc2ccccc2)CC[C@@]1(C)c1cccc(N)c1,5.85
OPRK1,CHEMBL14967,O=c1c(-c2ccc(C(F)(F)F)cc2)cccn1C(CN1C=CC=CC=N1)c1ccccc1,5.85
OPRK1,CHEMBL219079,C[C@H]1CN2C[C@@H](c3ccccc3)CC[C@@H]2C[C@@]1(C)c1cccc(O)c1,5.85
OPRK1,CHEMBL433814,CCC(c1ccccc1)N1CCC(O)(c2ccccc2)CC1,5.85
OPRK1,CHEMBL404583,C[C@H]1CN(CCC(=O)N(c2ccccc2)[C@@H](Cc2ccccc2)C(=O)O)CC[C@@]1(C)c1cccc(O)c1,5.85
OPRK1,CHEMBL262346,COC(=O)[C@@H]1C[C@H](SC(=O)c2ccccc2)C(=O)[C@H]2[C@@]1(C)CC[C@H]1C(=O)O[C@H](c3ccoc3)C[C@]21C,5.85
OPRK1,CHEMBL438561,COC(=O)[C@@H]1C[C@H](NS(=O)(=O)c2ccccc2)C(=O)[C@H]2[C@@]1(C)CC[C@H]1C(=O)O[C@H](c3ccoc3)C[C@]21C,5.85
OPRK1,CHEMBL466308,CCN1CCN(c2cc3[nH]c(C(=O)[C@]4(C)CC[C@@](C)(O)CC4)nc3cc2Cl)CC1,5.85
OPRK1,CHEMBL1258962,CC(c1ccncc1)N1[C@@H]2CC[C@H]1C[C@H](Oc1cccc(C(N)=O)c1)C2,5.85
OPRK1,CHEMBL726,OCCN1CCN(CCCN2c3ccccc3Sc3ccc(C(F)(F)F)cc32)CC1,5.85
OPRK1,CHEMBL2205811,COc1cccc(CCN2C3C4C5CC6C7C5C3C7C2(O)C64)c1,5.85
OPRK1,CHEMBL2205829,OC12C3C4CC5C6C4C1C6C(C53)N2Cc1ccc2c(c1)OCO2,5.85
OPRK1,CHEMBL2443262,COc1ccsc1CNCC[C@@]1(c2ccccn2)CCOC2(CCCC2)C1,5.85
OPRK1,CHEMBL3393880,O=C(Cc1ccccc1)Nc1nc2ccccc2n1CCN1CCCC1,5.85
OPRK1,CHEMBL4084408,CC(C)C(NC(=O)/C(=C/c1ccccc1)CN1CCN(c2cccc(Cl)c2)CC1)C(=O)O,5.85
OPRK1,CHEMBL4638966,Cc1cc(C)cc(C2CCCN2Cc2ccc(Oc3ccc4c(=O)[nH]oc4c3)cc2)c1,5.85
OPRK1,CHEMBL4763225,CO[C@@]12CC[C@@H](N[C@@H](CCC(N)=O)C(=O)O)[C@@H]3Oc4c(O)ccc5c4[C@@]31CCN(C)[C@@H]2C5,5.85
OPRK1,CHEMBL5186673,CN(C(=O)/C=C/c1ccoc1)[C@@H]1CC=C2[C@H]3Cc4ccc(O)c5c4[C@@]2(CN3CC2CC2)[C@H]1O5,5.85
OPRK1,CHEMBL1182210,CC(C)(C)CC(C)(C)c1ccc(OCCOCC[N+](C)(C)Cc2ccccc2)cc1,5.85
OPRK1,CHEMBL338667,O=C(Nc1ccccc1)OCC(CN1CCCCC1)OC(=O)Nc1ccccc1,5.85
OPRK1,CHEMBL2107572,COc1cccc([C@@H](C)NCCCc2ccccc2Cl)c1.Cl,5.85
OPRK1,CHEMBL5561242,Cl.O=C(CN1CCCCC1)NCC1(Cc2cccc3ccccc23)CCN(Cc2ccccc2)CC1,5.85
OPRK1,CHEMBL5590096,CC(=O)C(C(C)=O)=C1N(CC2CC2)C2Cc3ccc(O)c4c3[C@]35CCN1[C@]23CCC(=O)C5O4,5.85
OPRK1,CHEMBL5828821,COC(=O)c1cc(Br)cnc1N1CC(NC2CCCCC2)C1,5.85
OPRK1,CHEMBL5991928,COC(=O)c1cc(C)c(C)nc1N1CCC(NC2CCCCC2)C(CO)C1,5.85
OPRK1,CHEMBL5908743,O=c1c(P(=O)(O)O)nc2ccccc2n1[C@H]1C[C@H]2CCC[C@@H](C1)N2C1CCCCCCC1,5.85
OPRK1,CHEMBL5746286,COCCOCCOCCOCCOCCOCCOCCOc1ccc2c(c1)[C@@]1(C)CCN(CC3CC3)[C@H](C2=O)[C@@H]1C,5.85
OPRK1,CHEMBL6007639,CN(C)[C@H](CNC(=O)NCCc1cn(Cc2ccccc2)nn1)Cc1ccc(O)cc1,5.85
OPRK1,CHEMBL102497,C=CCN1CC[C@H](N(c2ccccc2)c2ccc(C(=O)N(CC)CC)cc2)[C@H](C)C1,5.84
OPRK1,CHEMBL80319,C=CCOC[C@@H]1Cc2ccccc2CN1C(=O)[C@@H](N)Cc1c(C)cc(O)cc1C,5.84
OPRK1,CHEMBL212699,CNC[C@@H](Cc1ccccc1)N(C)C[C@H](Cc1ccc(O)cc1)N(C)C[C@@H](N)Cc1ccc(O)cc1,5.84
OPRK1,CHEMBL231661,OC1(Cc2ccccc2)CCN(C(c2ccccc2)c2ccccc2)CC1,5.84
OPRK1,CHEMBL239821,O=C1NCN(c2ccccc2)C12CCN(C(c1cccc(F)c1)c1cccc(F)c1)CC2,5.84
OPRK1,CHEMBL400157,COc1ccc2c(c1OC)[C@]13CCN(CC4CC4)[C@H](C2)[C@]1(O)Cc1c([nH]c2ccccc12)C3,5.84
OPRK1,CHEMBL584727,CCN(CC)C(=O)c1ccc(N(c2cccc(O)c2)C2CCN(CCc3c[nH]cn3)CC2)cc1,5.84
OPRK1,CHEMBL1490629,C(=C/c1ccccc1)\CSc1nnc(-c2ccccn2)n1Cc1ccco1,5.84
OPRK1,CHEMBL1311831,Cc1ccc(C(=O)N[C@@H](C)CN2C3=NC[C@@H](Cc4ccccc4)N3C[C@H]2Cc2ccc(O)cc2)cc1Br,5.84
OPRK1,CHEMBL3394001,O=C(Nc1nc2ccccc2n1CCN1CCCC1)c1ccn[nH]1,5.84
OPRK1,CHEMBL3698892,CC12CC3CC(C)(C1)CC(N1[C@@H]4CC[C@H]1C[C@@H](n1c(=O)c(C(=O)O)nc5ccccc51)C4)(C3)C2,5.84
OPRK1,CHEMBL3900292,Cc1ccc(C2(N(C)C)CCC(O)(c3ccccc3)CC2)cc1,5.84
OPRK1,CHEMBL4519453,CCNCC(=O)NCc1cn(C2CCN([C@H]3CC[C@@H](C(C)C)CC3)CC2)c2ccccc12,5.84
OPRK1,CHEMBL490,Fc1ccc([C@@H]2CCNC[C@H]2COc2ccc3c(c2)OCO3)cc1,5.84
OPRK1,CHEMBL5416937,COc1cccc(CC(NC(=O)CNCc2ccccc2)C(=O)OC(C)C)c1I,5.84
OPRK1,CHEMBL267777,Cc1nc2sccn2c(=O)c1CCN1CCC(=C(c2ccc(F)cc2)c2ccc(F)cc2)CC1,5.84
OPRK1,CHEMBL5967577,CO[C@@H]1CN(c2ncc(C)cc2C(=O)OC(C)C)CC[C@@H]1NC1CCCCC1,5.84
OPRK1,CHEMBL320582,N[C@H](c1cccc(Cl)c1)[C@@H]1CCN1C(c1ccc(Br)cc1)c1ccc(Br)cc1,5.83
OPRK1,CHEMBL324257,O=C(OCc1ccc2nsnc2c1)N1CCC2(CC1)C(=O)NCN2c1ccccc1,5.83
OPRK1,CHEMBL59924,O=c1ccc(-c2ccc(Cl)c(Cl)c2)cn1C(CN1CCCC1)c1ccccc1,5.83
OPRK1,CHEMBL127485,CC(N1C2=NC[C@H](C3CCCCC3)N2C[C@@H]1C1CCCCC1)C12CC3CC(CC(C3)C1)C2,5.83
OPRK1,CHEMBL229017,CCCOC1(c2ccccc2)CCN(C(c2ccccc2)c2ccccc2)CC1,5.83
OPRK1,CHEMBL228802,OC1(c2ccccc2)CCN(C(c2ccccc2)c2ccccc2F)CC1,5.83
OPRK1,CHEMBL1079079,COc1ccc(-c2c(C#N)c(C(=O)NN3CCCCC3)nn2-c2ccccc2[125I])cc1,5.83
OPRK1,CHEMBL1224065,NC(=O)c1cccc(N[C@H]2C[C@H]3CC[C@@H](C2)N3Cc2ccccc2)c1,5.83
OPRK1,CHEMBL1762383,Cc1cc(N)c2cc(NC(=O)c3ccccc3COc3ccc(CNCCCCCNCc4ccc(OCc5ccccc5C(=O)Nc5ccc6nc(C)cc(N)c6c5)cc4)cc3)ccc2n1,5.83
OPRK1,CHEMBL2032450,CC(C)C[C@@H](NC(=O)[C@@H](Cc1ccccc1)NC(=O)[C@H](N)Cc1ccccc1)C(=O)N[C@H](CCCCN)C(=O)NCC(=O)NCCSC1CC(=O)N(CCC(=O)NCCOCCOCCC(=O)Nc2ccc(CCC(=O)N3CCC3=O)cc2)C1=O,5.83
OPRK1,CHEMBL3361433,N=C(N)NCC(=O)NCC1(Cc2cccc3ccccc23)CCN(Cc2ccccc2)CC1,5.83
OPRK1,CHEMBL3946273,CC[C@H]1C(=O)C[C@@H]2CCN(Cc3cccs3)[C@@H]3CCC[C@H]1[C@@H]23,5.83
OPRK1,CHEMBL3695255,O=C(O)CNC(=O)CNc1nc2ccccc2n([C@H]2C[C@H]3CC[C@@H](C2)N3C2CCCCCCC2)c1=O,5.83
OPRK1,CHEMBL3698763,O=c1c(N2CC[C@H](O)C2)nc2ccccc2n1C1CCN(C2CCCCCCC2)CC1,5.83
OPRK1,CHEMBL4518220,CC(C)[C@H]1CC[C@@H](N2CCC(n3cc(CNCCO)c4ccccc43)CC2)CC1,5.83
OPRK1,CHEMBL4796596,C[C@@H](NC(=O)[C@@H](N)Cc1ccc(O)cc1)C(=O)NCC(=O)N(C)[C@@H](Cc1ccccc1)C(=O)NCC(=O)N1CCC[C@H]1C(=O)N[C@@H](CCC(N)=O)C(=O)N[C@@H](CCCNC(=N)N)C(=O)N[C@@H](Cc1ccccc1)C(N)=O,5.83
OPRK1,CHEMBL4785222,N=C(N)NCCC[C@H](NC(=O)[C@H](CCC(N)=O)NC(=O)[C@@H]1CCCN1C(=O)[C@H](CCC(N)=O)NC(=O)[C@H](Cc1ccccc1)NC(=O)CNC(=O)[C@@H](CO)NC(=O)[C@@H](N)Cc1ccc(O)cc1)C(=O)N[C@@H](Cc1ccccc1)C(N)=O,5.83
OPRK1,CHEMBL5270075,CC[C@H](C)[C@@H]1NC(=O)[C@H](CCC(N)=O)NC(=O)[C@H](CCCNC(=N)N)NC(=O)[C@H](CCCNC(=N)N)NC(=O)[C@@H]2CSSC[C@@H](C(N)=O)NC(=O)[C@H](CSSC[C@H](NC(=O)[C@@H](N)CC(N)=O)C(=O)N2)NC1=O,5.83
OPRK1,CHEMBL46516,O=C1NCN(c2ccccc2)C12CCN(CCCC(c1ccc(F)cc1)c1ccc(F)cc1)CC2,5.83
OPRK1,CHEMBL5563534,Cl.O=C(CCc1ccco1)N(c1ccccc1)C1CCN(CCc2ccccc2)CC1,5.83
OPRK1,CHEMBL6023397,Cc1ccc2nc(N3CCC(NCC4CCCCC4)CC3)c(-c3nc(C)no3)cc2c1,5.83
OPRK1,CHEMBL127814,COc1ccc(C[C@H]2CN3C(=NC[C@@H]3C)N2C(C)C23CC4CC(CC(C4)C2)C3)cc1,5.82
OPRK1,CHEMBL377340,CC(C)(C)c1cccc(-c2nncn2-c2cccc(O)c2)c1,5.82
OPRK1,CHEMBL558135,Cn1c2c(c3ccccc31)C[C@@]13Cc4ccc(O)cc4[C@@]1(CCN(CC1CC1)C3)C2,5.82
OPRK1,CHEMBL1096474,O=C(Cc1ccc(Cl)c(Cl)c1)N1C[C@H]2CC[C@H](N3CCCC3)[C@@H]1CN2Cc1ccccc1,5.82
OPRK1,CHEMBL1430337,Cc1ccc(C)c(NC(S)=NC(NC(=O)OCc2ccccc2)C(Cl)(Cl)Cl)c1,5.82
OPRK1,CHEMBL4469848,FC(F)(F)c1cc(Oc2nccc3occc23)ccc1-c1cccc2nccn12,5.82
OPRK1,CHEMBL1591365,COc1cccc(N(C)C(=S)Oc2ccc3c(c2)CCCC3)n1,5.82
OPRK1,CHEMBL2107431,C#C[C@]1(O)CC[C@H]2[C@@H]3CCC4=CCCC[C@@H]4[C@H]3CC[C@@]21C,5.82
OPRK1,CHEMBL708,O=C1Cc2cc(CCN3CCN(c4nsc5ccccc45)CC3)c(Cl)cc2N1,5.82
OPRK1,CHEMBL2074972,COC(=O)C1=C(C)NC(C)=C(C(=O)OC2CCCN(Cc3ccccc3)C2)C1c1cccc([N+](=O)[O-])c1,5.82
OPRK1,CHEMBL5799447,COc1ccc(CCNC(=O)NCC(Cc2ccc(O)cc2)N(C)C)cc1,5.82
OPRK1,CHEMBL3393989,NS(=O)(=O)c1cc(C(=O)Nc2nc3ccccc3n2CCN2CCCC2)ccc1Cl,5.81
OPRK1,CHEMBL3393886,COC(=O)c1ccc(C(=O)Nc2nc3ccccc3n2CCN2CCCC2)cc1,5.81
OPRK1,CHEMBL3797616,C[C@H]1[C@H]2Cc3ccc(O)cc3[C@]1(C)CCN2CCC(=O)Nc1cccc2ncccc12,5.81
OPRK1,CHEMBL3698903,O=C(O)c1nc2ccccc2n([C@H]2C[C@H]3CC[C@@H](C2)N3C2C3CCCC2CCC3)c1=O,5.81
OPRK1,CHEMBL3704614,O=C(O)CO/N=C/c1nc2ccccc2n1[C@H]1C[C@H]2CCC[C@@H](C1)N2[C@H]1C[C@@H]2CCC[C@@H](C2)C1,5.81
OPRK1,CHEMBL4559381,COc1ccc2c3c1O[C@H]1[C@@]4(OC)CC[C@@]5(C[C@@H]4c4ccc(N6CCN(S(=O)(=O)c7ccc(C)cc7)CC6)cc4)[C@@H](C2)N(CC2CC2)CC[C@]315,5.81
OPRK1,CHEMBL4473111,CC(=O)Nc1ccc(Cc2ccccc2)cc1CNC(=O)[C@@H](N)Cc1c(C)cc(O)cc1C.O=C(O)C(F)(F)F,5.81
OPRK1,CHEMBL5186131,C[C@@H]1NC(=O)[C@H](Cc2ccccc2)NC(=O)[C@H]2CCCN2C(=O)[C@H](Cc2ccccc2)NC1=O,5.81
OPRK1,CHEMBL41,CNCCC(Oc1ccc(C(F)(F)F)cc1)c1ccccc1,5.81
OPRK1,CHEMBL6195804,O=C(O)CO/N=C/c1nc2ccccc2n1C1C[C@H]2CCC[C@@H](C1)N2[C@H]1CC[C@@H]2CCC[C@H]1C2,5.81
OPRK1,CHEMBL3707088,C[C@@H]1[C@H]2c3cc(N4CCN(C)CC4)ccc3C[C@@H](c3ccc(N4CCN(C)CC4)cc32)N1CC1CC1,5.8
OPRK1,CHEMBL339031,COc1ccc(C[C@H]2CN3C(=NC[C@@H]3C)N2CC2CCC(C)CC2)cc1,5.8
OPRK1,CHEMBL122321,N[C@@H](Cc1ccc(O)cc1)C(=O)N[C@@H]1CSC[C@H](C(=O)O)NC(=O)[C@H](Cc2ccccc2)NC(=O)CNC1=O,5.8
OPRK1,CHEMBL452298,CN(CC(=O)N(C)C(CN1CCOCC1)c1ccc(-c2ccccc2)cc1)c1ccc(Cl)c(Cl)c1,5.8
OPRK1,CHEMBL551413,CNC(=O)c1ccc(C2=CC3(CCNCC3)Oc3ccccc32)cc1,5.8
OPRK1,CHEMBL1730588,CCC(C)c1ccc(S(=O)(=O)NCc2ccc(C(=O)NCCN(Cc3ccccc3)C(C)C)cc2)cc1,5.8
OPRK1,CHEMBL1987579,O=C(N/N=C/c1ccccn1)c1cc(-c2ccc(Cl)cc2)nc2ccccc12,5.8
OPRK1,CHEMBL2158990,NC(=O)[C@H](Cc1ccccc1)NC(=O)[C@H](Cc1c[nH]c2ccccc12)NC(=O)[C@@H]1CCCN1C(=O)[C@H](Cc1ccc(O)cc1)NC(=O)CCC(=O)N[C@@H]1O[C@H](CO)[C@@H](O[C@@H]2O[C@H](CO)[C@H](O)[C@H](O)[C@H]2O)[C@H](O)[C@H]1O,5.8
OPRK1,CHEMBL2205812,COc1ccc(CCN2C3C4C5CC6C7C5C3C7C2(O)C64)cc1,5.8
OPRK1,CHEMBL2418739,C[C@@H]1C[C@H]2[C@H]3Cc4ccc(O)c5c4[C@@]2(CCN3C)[C@@H](O5)[C@H]1O,5.8
OPRK1,CHEMBL3698889,O=C(O)c1nc2ccccc2n([C@H]2C[C@H]3CC[C@@H](C2)N3C2Cc3cccc4cccc2c34)c1=O,5.8
OPRK1,CHEMBL3698819,CC(C)CCC(C)N1[C@@H]2CCC[C@H]1C[C@@H](n1c(=O)c(C(=O)O)nc3ccccc31)C2,5.8
OPRK1,CHEMBL4444964,COc1ccc2c3c1O[C@H]1[C@@]4(OC)CC[C@@]5(C[C@@H]4c4ccc(/N=N/c6ccc(O)cc6)cc4)[C@@H](C2)N(CC2CC2)CC[C@]315,5.8
OPRK1,CHEMBL4435280,CC(C)[C@H]1CC[C@@H](N2CCC(n3ccc4ccccc43)CC2)CC1,5.8
OPRK1,CHEMBL4871880,C/C=C1/CN2CC[C@@]34c5cc(O)ccc5N(C)[C@]35OC[C@@]4(C(=O)OC)[C@H]1C[C@H]25,5.8
OPRK1,CHEMBL3091687,NCCCCN(C[C@H]1Cc2ccccc2CN1)[C@H]1CCCc2cccnc21,5.8
OPRK1,CHEMBL5280506,N=C(N)NCCC[C@@H](NC(=O)[C@@H]1CCC(=O)N1)C(=O)N[C@H](CCCNC(=N)N)C(=O)N[C@@H](CCC(N)=O)C(=O)N[C@@H](CC1CCCCC1)C(=O)N[C@H]1CSSCC[C@@H](C(N)=O)NC1=O,5.8
OPRK1,CHEMBL294951,CN1CCC(=C2c3ccccc3CCc3sccc32)CC1,5.8
OPRK1,CHEMBL716,OCCOCCN1CCN(C2=Nc3ccccc3Sc3ccccc32)CC1,5.8
OPRK1,CHEMBL5631194,COc1ccc2c3c1O[C@H]1[C@@]4(OC)C=C[C@@]5(C[C@@H]4C(=O)c4ccc(NC(=O)C(C)(C)C)cc4)[C@@H](C2)N(CC2CC2)CC[C@]315,5.8
OPRK1,CHEMBL6043526,CCc1noc(-c2cc(Br)cnc2N2CC[C@@H](NC3CCCCC3)[C@H](O)C2)n1,5.8
OPRK1,CHEMBL3103111,CC[C@@H]1CN2CC[C@]34C(=C(C(=O)OC)[C@H]1C[C@H]23)Nc1ccccc14,5.8
OPRK1,CHEMBL316961,N[C@@H](c1cccc(C(F)(F)F)c1)[C@@H]1CCN1C(c1ccccc1)c1ccccc1,5.79
OPRK1,CHEMBL427337,COC(=O)[C@@H]1C[C@H](O[Si](C)(C)C)C(=O)[C@H]2[C@@]1(C)CC[C@H]1C(=O)O[C@H](c3ccoc3)C[C@]21C,5.79
OPRK1,CHEMBL378314,COC(=O)[C@@H]1C[C@H](OC(C)=O)C(=O)[C@H]2[C@@]1(C)CC[C@H]1C(=O)O[C@H](c3ccn(S(=O)(=O)c4ccc(OC)cc4)c3)C[C@]21C,5.79
OPRK1,CHEMBL439212,Cc1ccccc1C(c1ccccc1C)N1CCC2(CC1)C(=O)NCN2c1ccccc1,5.79
OPRK1,CHEMBL3084529,NC(=O)[C@]1(c2ccc(F)cn2)C[C@H]2CC[C@@H](C1)N2C(c1ccccc1Cl)c1ccccc1Cl,5.79
OPRK1,CHEMBL546170,COc1cccc2sc(Nc3nc(-c4ccccn4)cs3)nc12,5.79
OPRK1,CHEMBL3889749,COc1ccc(C[C@H]2C(=O)C[C@@H]3CCN(CC4CCCCC4)[C@@H]4CCC[C@H]2[C@@H]34)cc1,5.79
OPRK1,CHEMBL4792870,C[C@@H](NC(=O)[C@@H](N)Cc1ccc(O)cc1)C(=O)NCC(=O)N[C@@H](Cc1ccccc1)C(=O)NCC(=O)N1CCC[C@H]1C(=O)N[C@@H](CCC(N)=O)C(=O)N[C@@H](CCCNC(=N)N)C(=O)N[C@@H](Cc1ccccc1)C(N)=O,5.79
OPRK1,CHEMBL5860373,CC(C)OC(=O)c1cc(Br)cnc1N1CC[C@@H](NC2CCCCC2)[C@H](O)C1,5.79
OPRK1,CHEMBL5997625,CCc1ccc(-c2cc3cc(C)ccc3nc2N2CCC(NC3CCCCC3)CC2)nn1,5.79
OPRK1,CHEMBL129034,CCN(CC)C(=O)c1ccc(C(=C2CCNCC2)c2cccc3ccccc23)cc1,5.78
OPRK1,CHEMBL109598,OC1(c2ccc(Cl)c(C(F)(F)F)c2)CCN(CC2CCCCCCC2)CC1,5.78
OPRK1,CHEMBL233503,NCc1ccccc1C1(O)CCN(C(c2ccccc2)c2ccccc2)CC1,5.78
OPRK1,CHEMBL240870,O=C1NCN(c2ccccc2)C12CCN(C1c3ccccc3CCc3ccccc31)CC2,5.78
OPRK1,CHEMBL402074,COC(=O)[C@@H]1C[C@H](OCOCC[Si](C)(C)C)C(=O)[C@H]2[C@@]1(C)CC[C@H]1C(=O)O[C@H](c3ccoc3)C[C@]21C,5.78
OPRK1,CHEMBL1442698,CC1CN(c2ncnc3c2c(-c2ccccc2)cn3-c2ccc(F)cc2)CC(C)O1,5.78
OPRK1,CHEMBL1762405,Cc1cc(N)c2cc(NC(=O)c3ccccc3COc3ccc(CNCCCN)cc3)ccc2n1,5.78
OPRK1,CHEMBL2386891,CCC[C@@]12CCN(C)C[C@@H]1Oc1ccc(O)cc12,5.78
OPRK1,CHEMBL2432057,CN(Cc1cccnc1)[C@H]1C2C3CC4C5C3CC2C5C41,5.78
OPRK1,CHEMBL3698864,O=C(O)C1(O)CCN(c2nc3ccccc3n([C@H]3C[C@H]4CC[C@@H](C3)N4C3CCCCCCC3)c2=O)C1,5.78
OPRK1,CHEMBL5758205,Cc1cc(C(N)=O)cc(C)c1C[C@@H](CNC(=O)C1CC1c1ncccn1)N(C)C,5.78
OPRK1,CHEMBL5925722,C[C@H](CC(=O)NC[C@H](Cc1ccc(C(N)=O)cc1Cl)N(C)C)c1ccccc1,5.78
OPRK1,CHEMBL5896700,Cc1ncc([C@@H](CC(=O)NC[C@H](Cc2ccc(C(N)=O)cc2Cl)N(C)C)C2CC2)cn1,5.78
OPRK1,CHEMBL5954918,Cc1ncc([C@@H](CC(=O)NC[C@H](Cc2ccc(C(N)=O)c(F)c2)N2CCCC2)C2(C(F)(F)F)CC2)cn1,5.78
OPRK1,CHEMBL6050538,C[C@@H](CC(=O)NC[C@H](Cc1ccc2[nH]c(=O)oc2c1)N(C)C)c1ccccc1,5.78
OPRK1,CHEMBL5940723,Cc1ccc(S(=O)(=O)n2ncc3cc(C[C@@H](CNC(=O)C[C@H](c4ccccc4)C4CC4)N(C)C)ccc32)cc1,5.78
OPRK1,CHEMBL5946161,C[C@@H](CC(=O)NC[C@H](Cc1ccc(O)c(Cl)c1)N(C)C)c1ccccc1,5.78
OPRK1,CHEMBL5783357,C[C@H](CC(=O)NC[C@H](Cc1ccc(O)c(Cl)c1)N(C)C)c1ccccc1,5.78
OPRK1,CHEMBL6002752,CN(C)[C@H](CNC(=O)CC(C)(C)c1ccccc1)Cc1ccc(O)cc1,5.78
OPRK1,CHEMBL5437684,C[C@@H](CC(=O)NC[C@H](Cc1ccc(O)cc1)N(C)C)c1ccccc1,5.78
OPRK1,CHEMBL280778,O=C1N[C@@H]2CCCC[C@H]2N1C1CCN(CC2CCCCCCC2)CC1,5.77
OPRK1,CHEMBL2112841,CN1[C@@H]2Cc3ccccc3[C@@H](c3ccccc32)[C@@H]1Cc1ccccc1,5.77
OPRK1,CHEMBL389665,Cc1ccccc1C(c1ccccc1C)N1CCC(O)(c2ccccc2)CC1,5.77
OPRK1,CHEMBL392753,OC1(c2ccc(Cl)cc2)CCN(C(c2ccccc2)c2ccccc2)CC1,5.77
OPRK1,CHEMBL258791,C=CCN1C[C@@H]2[C@H](c3ccccc3)CC[C@H]1CN2Cc1ccc(C(=O)N(CC)CC)cc1,5.77
OPRK1,CHEMBL3759981,Cc1cc(O)cc(C)c1C[C@H](N)C(=O)N[C@@H]1CCCCNC(=O)C[C@@H](C(N)=O)NC(=O)[C@H](Cc2ccccc2)NC(=O)[C@@H](Cc2ccc3ccccc3c2)NC1=O,5.77
OPRK1,CHEMBL3959852,CCCN1CC[C@H]2c3cc4cccc(OC)c4nc3[C@H](CC)[C@H]3CCC[C@@H]1[C@@H]32,5.77
OPRK1,CHEMBL4282702,OC1(c2ccc(Cl)c(C(F)(F)F)c2)CCN(CCCCCc2ccc(F)cc2)CC1,5.77
OPRK1,CHEMBL4514672,CC1=NC2(CCN(C)CC2)C(=O)N(c2c(C)cccc2C)C1=O,5.77
OPRK1,CHEMBL5285920,COc1cccc(C2(O)CCN(C(=O)Cc3cccc4ccccc34)CC2CN(C)C)c1,5.77
OPRK1,CHEMBL1201210,CCC(=O)c1ccc2c(c1)N(CC(C)N(C)C)c1ccccc1S2,5.77
OPRK1,CHEMBL2218861,CCCN1CC(NS(=O)(=O)N(CC)CC)CC2Cc3c(O)cccc3CC21,5.77
OPRK1,CHEMBL111,Cc1c(C(=O)NN2CCCCC2)nn(-c2ccc(Cl)cc2Cl)c1-c1ccc(Cl)cc1,5.77
OPRK1,CHEMBL1221,Clc1ccc(CSC(Cn2ccnc2)c2ccc(Cl)cc2Cl)cc1,5.77
OPRK1,CHEMBL5909796,COC(=O)c1cc(Br)cnc1N1CCCC(NC2CCCCC2)CC1,5.77
OPRK1,CHEMBL5756029,C=CCN(CC(Cc1ccccc1)N(C)C)C(=O)N[C@@H](C)Cc1ccsc1,5.77
OPRK1,CHEMBL6170631,C=C(C)[C@@H]1CCC(C)=C[C@H]1c1c(O)cc(CCCCC)cc1OCCCCCCCCCCCCOc1cc(CCCCC)cc(O)c1[C@@H]1C=C(C)CC[C@H]1C(=C)C,5.77
OPRK1,CHEMBL333843,O=C(NCCCn1c(O)nc2ccccc21)OCc1cc2c(cc1Cl)OCO2,5.76
OPRK1,CHEMBL125130,CC(C)C[C@@H]1CN2C(=NC[C@H]2C2CCCCC2)N1C(C)C12CC3CC(CC(C3)C1)C2,5.76
OPRK1,CHEMBL232476,OC1(c2ccccc2F)CCN(C(c2ccccc2)c2ccccc2)CC1,5.76
OPRK1,CHEMBL473884,O=C1N(CCO)CN(c2ccccc2)C12CCN(C(c1ccccc1Cl)c1ccccc1Cl)CC2,5.76
OPRK1,CHEMBL577359,CCN(CC)C(=O)c1ccc(N(c2cccc(CN(C)C)c2)C2CCN(Cc3ccccc3)CC2)cc1,5.76
OPRK1,CHEMBL1224140,Cc1cc(O[C@H]2C[C@H]3CC[C@@H](C2)N3Cc2ccccc2)cc(C(N)=O)c1,5.76
OPRK1,CHEMBL1724786,Fc1ccc(CSc2nnc(-c3ccccn3)n2Cc2cccs2)c(F)c1F,5.76
OPRK1,CHEMBL3698798,O=C(NCc1nn[nH]n1)c1nc2ccccc2n([C@H]2C[C@H]3CC[C@@H](C2)N3C2CCCCCCC2)c1=O,5.76
OPRK1,CHEMBL4087860,Cc1cccc(C2CCCN2Cc2ccc(Oc3ccc(C(N)=O)c4ccccc34)cc2)c1,5.76
OPRK1,CHEMBL289480,C1COC(NC(C2CC2)C2CC2)=N1,5.76
OPRK1,CHEMBL646,Cc1nnc2n1-c1ccc(Cl)cc1C(c1ccccc1Cl)=NC2,5.76
OPRK1,CHEMBL5891832,Cc1ccc2nc(N3CCC(N4CCCCC4)CC3)c(-c3nc(C)no3)cc2c1,5.76
OPRK1,CHEMBL15027,O=c1c(-c2ccccc2)cncn1C(CN1CCCC1)c1ccccc1,5.75
OPRK1,CHEMBL3215749,Cl.Cl.Fc1ccc(C(OCCN2CCN(C/C=C/c3ccccc3)CC2)c2ccc(F)cc2)cc1,5.75
OPRK1,CHEMBL333321,CC(C)C[C@@H]1CN2C(=NC[C@H]2C2CCCCC2)N1CCCC1CCCCC1,5.75
OPRK1,CHEMBL228686,COCC(c1ccccc1)N1CCC(O)(c2ccccc2)CC1,5.75
OPRK1,CHEMBL1241328,Cl.Cn1c(=O)[nH]c2c([nH]c(=O)n2C)c1=N,5.75
OPRK1,CHEMBL1387605,Oc1nc(-c2ccccn2)nc2sc(-c3ccccc3)cc12,5.75
OPRK1,CHEMBL1713943,COc1ccc(CN(CCNC(=O)c2ccc(CNS(=O)(=O)c3ccccc3)cc2)C(C)C)cc1,5.75
OPRK1,CHEMBL3330675,COC(=O)[C@@H]1C[C@H](OC(=O)/C=C/c2cc(OC)c(OC)c(OC)c2)C(=O)[C@H]2[C@@]1(C)CC[C@H]1C(=O)O[C@H](c3ccoc3)C[C@]21C,5.75
OPRK1,CHEMBL3330682,COC(=O)[C@@H]1C[C@H](OC(=O)/C=C/c2cccnc2)C(=O)[C@H]2[C@@]1(C)CC[C@H]1C(=O)O[C@H](c3ccoc3)C[C@]21C,5.75
OPRK1,CHEMBL3393990,O=C(Nc1nc2ccccc2n1CCN1CCCC1)c1ccc(Cl)c(-n2cccn2)c1,5.75
OPRK1,CHEMBL3409115,Oc1ccc2c(c1)[C@]1(CCCCc3ccccc3)CCN(CCc3ccccc3C(F)(F)F)C[C@@H]1O2,5.75
OPRK1,CHEMBL3698825,O=C(O)c1nc2ccccc2n([C@H]2C[C@H]3CCCC[C@@H](C2)N3C2/C=C\CCCCC2)c1=O,5.75
OPRK1,CHEMBL3926298,CC1(C)[C@H]2CC[C@@H](CCN3[C@@H]4CCC[C@H]3C[C@@H](n3c(=O)c(N5CC(C(=O)O)C5)nc5ccccc53)C4)[C@@H]1C2,5.75
OPRK1,CHEMBL4061439,CCOC(=O)C(NC(=O)/C(=C/c1ccccc1)CN1CCN(c2nsc3ccccc23)CC1)C(C)C,5.75
OPRK1,CHEMBL4105243,CC(C)CC(NC(=O)/C(=C/c1ccccc1)CN1CCN(c2cccc(Cl)c2)CC1)C(=O)O,5.75
OPRK1,CHEMBL641,CNCC[C@@H](Oc1ccccc1C)c1ccccc1,5.75
OPRK1,CHEMBL855,Cc1ccc(/C(=C\CN2CCCC2)c2ccccn2)cc1,5.75
OPRK1,CHEMBL1200438,Clc1ccc(C(Cn2ccnc2)OCc2ccsc2Cl)c(Cl)c1,5.75
OPRK1,CHEMBL1295,Clc1ccc(CCC(Cn2ccnc2)Sc2c(Cl)cccc2Cl)cc1,5.75
OPRK1,CHEMBL5409958,OC[C@H]1O[C@@H](n2cc(C(F)(F)F)c3c(NCc4ccccc4)ncnc32)[C@H](O)[C@@H]1O,5.75
OPRK1,CHEMBL5593059,COc1ccc2c3c1O[C@H]1[C@@]4(OC)CC[C@@]5(C[C@@H]4c4ccccc4NCC4CCN(C(=O)OC(C)(C)C)CC4)[C@@H](C2)N(CC2CC2)CC[C@]315,5.75
OPRK1,CHEMBL5612333,C(=C\c1nnc(-c2ccccn2)n1Cc1ccco1)\c1ccccc1,5.75
OPRK1,CHEMBL5918660,COC(=O)c1cccnc1N1CCC(NC2CCCCCC2)C(O)C1,5.75
OPRK1,CHEMBL5937170,COC(=O)c1cc(N)cnc1N1CCC(NC2CCCCC2)CC1,5.75
OPRK1,CHEMBL5910018,COC1CN(c2nc3ccccc3cc2-c2ncccn2)CCC1NC1CCCCC1,5.75
OPRK1,CHEMBL110138,Cc1ccc(C(c2ccc(C)cc2)N2CC[C@H]2[C@H](N)c2cccc(Cl)c2)cc1,5.74
OPRK1,CHEMBL326538,O=C(OCc1cccc(Oc2ccccc2)c1)N1CCC2(CC1)C(=O)NCN2c1ccccc1,5.74
OPRK1,CHEMBL188411,CC1(C)c2cc(O)ccc2CCC1N(CC1CC1)CC1CC1,5.74
OPRK1,CHEMBL231664,OC1(CCCc2ccccc2)CCN(C(c2ccccc2)c2ccccc2)CC1,5.74
OPRK1,CHEMBL516024,COCCN1CN(c2ccccc2)C2(CCN(C(c3ccccc3Cl)c3ccccc3Cl)CC2)C1=O,5.74
OPRK1,CHEMBL1984876,C/C(=N\NC(=O)c1cccc(Br)c1)c1ccccn1,5.74
OPRK1,CHEMBL411,CC/C(=C(/CC)c1ccc(O)cc1)c1ccc(O)cc1,5.74
OPRK1,CHEMBL4165704,CN(C)[C@H](CNC(=O)Nc1ccc(C(N)=O)cc1)c1cccs1,5.74
OPRK1,CHEMBL126224,CN(C)CCCn1c2c(c3ccccc31)CCCCCC2,5.74
OPRK1,CHEMBL381674,O=C(Nc1ccccc1)N1CCC(c2ccccc2)(c2nccn2Cc2cccc(F)c2)CC1,5.73
OPRK1,CHEMBL515901,O=C1N(CC2CCC2)CN(c2ccccc2)C12CCN(C(c1ccccc1)c1ccccc1)CC2,5.73
OPRK1,CHEMBL1702904,CCCCN(Cc1cc2cc(Cl)ccc2nc1O)C(=O)c1ccccn1,5.73
OPRK1,CHEMBL1762401,CCCCCCCNCc1ccc(OCc2ccccc2C(=O)Nc2ccc3nc(C)cc(N)c3c2)cc1,5.73
OPRK1,CHEMBL185964,O=C1C(c2cccc(S(=O)(=O)N3CCCC3)c2)CC=CCN1C(CN1CCCC1)c1ccccc1,5.72
OPRK1,CHEMBL384681,CN(C)C[C@@H](O)Cn1cc(C2CCN(CC3CCCCCCC3)CC2)c2cc(F)ccc21,5.72
OPRK1,CHEMBL211722,Fc1ccc2[nH]cc(C3CCN(C4Cc5cccc6cccc4c56)CC3)c2c1,5.72
OPRK1,CHEMBL412290,CC(C)C1CCC(N2CCC3(CC2)C(=O)N(Cc2ccccc2)Cc2cc(F)ccc23)CC1,5.72
OPRK1,CHEMBL2386903,Oc1ccc2c(c1)[C@]1(CCc3ccccc3)CCN(CCc3ccccc3C(F)(F)F)C[C@@H]1O2,5.72
OPRK1,CHEMBL2386892,CCCC[C@@]12CCN(C)C[C@@H]1Oc1ccc(O)cc12,5.72
OPRK1,CHEMBL3810101,CC[C@H](C)[C@H](NC(=O)[C@H](CCCNC(=N)N)NC(=O)[C@H](Cc1ccc(O)cc1)NC(=O)[C@H](Cc1ccc(O)cc1)NC(=O)[C@@H](N)CCCNC(=N)N)C(=O)N[C@@H](CCCCN)C(N)=O,5.72
OPRK1,CHEMBL60533,CC[C@@H]1CN2CCc3c([nH]c4ccccc34)[C@@H]2C[C@@H]1/C(=C\OC)C(=O)OC,5.72
OPRK1,CHEMBL4792012,CO[C@@]12CC[C@@H](N[C@H](C(=O)N[C@@H](Cc3ccc(O)cc3)C(=O)O)C(C)C)[C@@H]3Oc4c(O)ccc5c4[C@@]31CCN(C)[C@@H]2C5,5.72
OPRK1,CHEMBL597,Cc1ccc(N(CC2=NCCN2)c2cccc(O)c2)cc1,5.72
OPRK1,CHEMBL5397467,C[C@H](Nc1ncnc2c1c(C(F)(F)F)cn2[C@@H]1O[C@H](CO)[C@@H](O)[C@H]1O)c1ccccc1,5.72
OPRK1,CHEMBL5614056,Cc1ccc(CCc2nnc(-c3cccnc3)n2Cc2cccs2)cc1C(F)(F)F,5.72
OPRK1,CHEMBL6000965,COC1CN(c2nc(C)c(C)nc2-c2nc(C)no2)CCC1NC1CCCCC1,5.72
OPRK1,CHEMBL5864662,Cc1nc(-c2cc3cc(F)ccc3nc2N2CCC(N[C@H]3CCC[C@@H]3O)CC2)no1,5.72
OPRK1,CHEMBL6011706,Cc1nc(-c2cc3cc(F)ccc3nc2N2CCC(NC3CCC[C@@H]3O)CC2)no1,5.72
OPRK1,CHEMBL322717,CCCCCCC(c1ccccc1)N1CC[C@H]1[C@@H](N)c1cccc(Cl)c1,5.71
OPRK1,CHEMBL122092,CC(N1C2=NC[C@H](C)N2C[C@@H]1C1CCCCC1)C12CC3CC(CC(C3)C1)C2,5.71
OPRK1,CHEMBL191014,COC(=O)[C@@H]1C[C@H](OC(=O)c2cccnc2)C(=O)[C@H]2[C@@]1(C)CC[C@H]1C(=O)O[C@H](c3ccoc3)C[C@]21C,5.71
OPRK1,CHEMBL210514,COc1nc(NCCCN2CCOCC2)nc(OC)c1NC(=O)c1ccc(Oc2cc3c(cc2C)CCC3(C)C)o1,5.71
OPRK1,CHEMBL390498,OC1(c2ccccc2)CCN(C(c2ccccc2)c2cccc(Cl)c2)CC1,5.71
OPRK1,CHEMBL1175,CNCC[C@H](Oc1cccc2ccccc12)c1cccs1,5.71
OPRK1,CHEMBL53904,OCCN1CCN(CC/C=C2/c3ccccc3Sc3ccc(Cl)cc32)CC1,5.71
OPRK1,CHEMBL3545985,C[C@@H](Cc1ccccc1)N(C)Cc1ccccc1,5.71
OPRK1,CHEMBL59898,CCOC(=O)c1c(C)[nH]c2ccc3c(c12)CN1CCc2cc(OC)ccc2C1O3,5.71
OPRK1,CHEMBL5752732,CO[C@H]1CN(c2nc(C)ccc2-c2ccc(C)nn2)CC[C@H]1NC1CCCCC1,5.71
OPRK1,CHEMBL148417,O=C1CCCN(C(=O)Cc2ccc(Cl)c(Cl)c2)C1CN1CCCC1,5.7
OPRK1,CHEMBL366367,CCOC(=O)C12CN(C)CC(C(=O)OCC)(C1=O)C(c1ccc(Cl)cc1)N(C)C2c1ccc(Cl)cc1,5.7
OPRK1,CHEMBL542102,CCCCCN(CCN1CCCC1)C(=O)Cc1cccc2sccc12.Cl,5.7
OPRK1,CHEMBL3707080,CC(=O)Oc1ccc2c(c1)[C@H]1c3cc(OC(C)=O)ccc3[C@H](C2)N(CC2CC2)[C@@H]1C,5.7
OPRK1,CHEMBL116463,N#Cc1ccc(CCOC(=O)NC2CCN(CCCC(c3ccc(F)cc3)c3ccc(F)cc3)CC2)cc1,5.7
OPRK1,CHEMBL200700,CS(=O)(=O)N1CCC(c2ccccc2)(c2nccn2Cc2ccccc2)CC1,5.7
OPRK1,CHEMBL395838,OC1(c2cccc(F)c2)CCN(C(c2ccccc2)c2ccccc2)CC1,5.7
OPRK1,CHEMBL391703,O=C1NCN(c2ccccc2)C12CCN(C(c1ccc(F)cc1)c1ccc(F)cc1)CC2,5.7
OPRK1,CHEMBL258754,COC(=O)[C@@H]1C[C@H](OC(=O)C2CCCCC2)C(=O)[C@H]2[C@@]1(C)CC[C@H]1C(=O)O[C@H](c3ccoc3)C[C@]21C,5.7
OPRK1,CHEMBL497667,O=C(O)c1ccc(S(=O)(=O)N2CCN(C(=O)Cn3c(=O)oc4ccc(Cl)cc43)C(CN3CCCC3)C2)cc1,5.7
OPRK1,CHEMBL526842,COc1ccc(S(=O)(=O)N2CCN(C(=O)Cn3c(=O)oc4ccc(Cl)cc43)C(CN3CCCC3)C2)cc1,5.7
OPRK1,CHEMBL525922,O=C(Cn1c(=O)oc2ccc(Cl)cc21)N1CCN(S(=O)(=O)c2ccccc2Br)CC1CN1CCCC1,5.7
OPRK1,CHEMBL503322,O=C(Cn1c(=O)oc2ccc(Cl)cc21)N1CCN(S(=O)(=O)c2cccc(C(F)(F)F)c2)CC1CN1CCCC1,5.7
OPRK1,CHEMBL492449,FC(F)(F)c1ccc(C2=CC3(CCNCC3)Oc3ccccc32)cc1,5.7
OPRK1,CHEMBL254153,CN(CC(=O)N1CCC[C@@H](c2ccccc2)[C@H]1CN1CCCC1)c1ccc(Cl)c(Cl)c1,5.7
OPRK1,CHEMBL507691,CNC(=O)c1cccc(-c2ccc(C(CN3CCOCC3)N(C)C(=O)Cn3c(=O)cnc4cc(Cl)c(Cl)cc43)cc2)c1,5.7
OPRK1,CHEMBL1731563,CCCc1ccc(S(=O)(=O)NCc2ccc(C(=O)NCCN(Cc3ccccc3)C(C)C)cc2)cc1,5.7
OPRK1,CHEMBL1710676,Cc1ccc(NC(=S)NC(NC(=O)OCc2ccccc2)C(Cl)(Cl)Cl)c(C)c1,5.7
OPRK1,CHEMBL1384373,COc1cc2ccccc2cc1C(=O)Nc1sc2c(c1C(N)=O)CCN(C(C)C)C2.Cl,5.7
OPRK1,CHEMBL1721727,CCc1ccc(S(=O)(=O)NCc2ccc(C(=O)NCCN(CC)Cc3ccccc3)cc2)cc1,5.7
OPRK1,CHEMBL2432051,COc1cc(CN[C@H]2C3C4CC5C6C4CC3C6C52)cc(OC)c1OC,5.7
OPRK1,CHEMBL3104091,CN1CCc2c(c3cccc4c3n2-c2ccccc2CC4)C1,5.7
OPRK1,CHEMBL1427072,Cc1ccc(C(=O)Nc2nc3ccccc3[nH]2)cc1,5.7
OPRK1,CHEMBL3597154,CC1(C)SCCSC[C@@H](NC(=O)[C@@H](N)Cc2ccc(O)cc2)C(=O)N[C@@H](Cc2ccccc2)C(=O)N[C@H]1C(N)=O,5.7
OPRK1,CHEMBL4214547,C[C@@]12C[C@H](c3ccoc3)OC(=O)[C@@H]1CC[C@]1(C)[C@H]2[C@H]2CC[C@]1(O)C(=O)O2,5.7
OPRK1,CHEMBL4640438,O=C(N[C@H]1CN(S(=O)(=O)c2ccccc2)C[C@@H]1C(=O)N[C@H]1CCCNC1)c1cc(-c2ccccc2)on1,5.7
OPRK1,CHEMBL5283662,COc1cccc(C2(O)CCN(C(=O)Cc3cccc([N+](=O)[O-])c3)CC2CN(C)C)c1,5.7
OPRK1,CHEMBL564,CN(C)CCCN1c2ccccc2Sc2ccccc21,5.7
OPRK1,CHEMBL656,COc1ccc2c3c1O[C@H]1C(=O)CC[C@@]4(O)[C@@H](C2)N(C)CC[C@]314,5.7
OPRK1,CHEMBL5569988,Cl.O=C(CCc1ccoc1)N(c1ccccc1)C1CCN(CCc2ccccc2)CC1,5.7
OPRK1,CHEMBL5818570,CC(=O)c1cc(Br)cnc1N1CCC(NC2CCCCC2)C(CO)C1,5.7
OPRK1,CHEMBL199289,COc1cccc(Cn2ccnc2C2(c3ccccc3)CCN(C(=O)Nc3ccccc3)CC2)c1,5.69
OPRK1,CHEMBL569316,CCN(CC)C(=O)c1ccc(N(c2cccc(O)c2)C2CCN(CCc3ccccn3)CC2)cc1,5.69
OPRK1,CHEMBL1724354,CC(C)N(CCNC(=O)c1ccc(CNS(=O)(=O)c2ccc(Br)cc2)cc1)Cc1ccc(Br)cc1,5.69
OPRK1,CHEMBL316446,NC(=O)[C@H](Cc1ccccc1)NC(=O)[C@H](Cc1c[nH]c2ccccc12)NC(=O)[C@@H]1CCCN1C(=O)[C@@H](N)Cc1ccc(O)cc1,5.69
OPRK1,CHEMBL3393992,O=C(Nc1nc2ccccc2n1CCN1CCCC1)c1cnccn1,5.69
OPRK1,CHEMBL3698876,O=C(O)CN(CCO)c1nc2ccccc2n([C@H]2C[C@H]3CC[C@@H](C2)N3C2CCCCCCC2)c1=O,5.69
OPRK1,CHEMBL3698879,CC(C)C1CCC(N2[C@@H]3CC[C@H]2C[C@@H](n2c(=O)c(C(=O)O)nc4ccccc42)C3)CC1,5.69
OPRK1,CHEMBL4743953,CO[C@@]12CC[C@H](NCCCC(=O)O)[C@@H]3Oc4c(O)ccc5c4[C@@]31CCN(C)[C@@H]2C5,5.69
OPRK1,CHEMBL360648,Cc1cc(C(=O)N2Cc3cnn(C)c3Nc3ccccc32)ccc1CNC(=O)N1CCC[C@H]1C(=S)N1CCCN(C)CC1,5.69
OPRK1,CHEMBL5573081,COc1ccc2c3c1O[C@H]1[C@@]4(OC)CC[C@@]5(C[C@@H]4c4ccccc4NC(=O)c4ccc6[nH]ccc6c4)[C@@H](C2)N(CC2CC2)CC[C@]315,5.69
OPRK1,CHEMBL233749,NCc1ccccc1C1(O)CCN(C(c2ccc(Cl)cc2)c2ccc(Cl)cc2)CC1,5.68
OPRK1,CHEMBL1530899,COc1ccc(C[C@H]2CN3C(=NC[C@@H]3C(C)C)N2C[C@H](C)NC(=O)c2ccc(C)c(Br)c2)cc1,5.68
OPRK1,CHEMBL2205813,COc1cccc(CCN2C3C4C5CC6C7C5C3C7C2(O)C64)c1OC,5.68
OPRK1,CHEMBL357995,Cc1cc2c(OCC(CNC(C)(C)C)OC(=O)c3ccccc3)cccc2[nH]1,5.68
OPRK1,CHEMBL5572878,Cl.O=C(CCc1ccsc1)N(c1ccccc1)C1CCN(CCc2ccccc2)CC1,5.68
OPRK1,CHEMBL5910454,COC(=O)c1cc(Br)cnc1N1CCC(N2CCCCC2)CC1,5.68
OPRK1,CHEMBL5968796,OCC1CN(c2ncc(Br)cc2-c2nc(C3CC3)no2)CCC1NC1CCCCC1,5.68
OPRK1,CHEMBL110379,CCCCC(c1cccc(F)c1)N1CC[C@H]1[C@H](N)c1cccc(Cl)c1,5.67
OPRK1,CHEMBL115076,O=C(OCc1cc2c(cc1Cl)OCO2)N1CCC2(CC1)C(=O)NCN2c1ccccc1,5.67
OPRK1,CHEMBL543876,Cl.Cl.Fc1ccc(C(OCCN2CCN(CCCc3ccccc3)CC2)c2ccc(F)cc2)cc1,5.67
OPRK1,CHEMBL117537,O=C(CCCc1ccccc1)N1CCN(CCCC(c2ccc(F)cc2)c2ccc(F)cc2)CC1,5.67
OPRK1,CHEMBL199684,O=C(Nc1ccccc1)N1CCC(c2ccccc2)(c2nccn2Cc2ccc(F)cc2)CC1,5.67
OPRK1,CHEMBL235155,NC(=O)c1ccc(Oc2ccc3c(c2)CCN(Cc2ccccc2)C3)nc1,5.67
OPRK1,CHEMBL1223953,NC(=O)c1cccc(C[C@@H]2C[C@H]3CC[C@@H](C2)N3Cc2ccccc2)c1,5.67
OPRK1,CHEMBL1990174,C/C(=N\NC(=O)c1cc2ccccc2cc1O)c1ccccn1,5.67
OPRK1,CHEMBL1510156,CC(NC(=O)Cn1ncc(Cl)c(Cl)c1=O)C12CC3CC(CC(C3)C1)C2,5.67
OPRK1,CHEMBL1762407,Cc1cc(N)c2cc(NC(=O)c3ccccc3COc3ccc(CNCCCCCN)cc3)ccc2n1,5.67
OPRK1,CHEMBL4644052,COc1cccc(C2CCCN2Cc2ccc(Oc3ccc(C(=O)NO)cc3F)cc2)c1,5.67
OPRK1,CHEMBL4636799,O=C(CCc1ccccc1)N1CC[C@]23c4c5ccc(O)c4O[C@H]2c2[nH]c4ccccc4c2C[C@@]3(O)[C@H]1C5,5.67
OPRK1,CHEMBL5273967,N=C(N)NCCC[C@@H](NC(=O)[C@@H](CCCNC(=N)N)NC(=O)[C@@H]1CCCN1C(=O)c1ccccc1)C(=O)N[C@@H](CCC(N)=O)C(=O)N[C@@H](CC1CCCCC1)C(=O)N[C@H]1CSSC[C@@H](C(=O)O)NC1=O,5.67
OPRK1,CHEMBL668,CNCCCC1c2ccccc2C=Cc2ccccc21,5.67
OPRK1,CHEMBL1600943,Cl.Cl.Cl.c1ccc(N2CCN(Cc3nc4ccccc4[nH]3)CC2)nc1,5.67
OPRK1,CHEMBL4594444,C[C@H](O)c1nc(Cn2nc(-c3ccc(Cl)cc3)n(C[C@H](O)C(F)(F)F)c2=O)nn1-c1cccc(Cl)c1,5.67
OPRK1,CHEMBL146474,O=C(Cc1ccc(Cl)c(Cl)c1)N1[C@@H](CO)CCC[C@H]1CN1CCCC1,5.66
OPRK1,CHEMBL114613,COc1ccc(SCCC(=O)N2CCN(Cc3cccc(Oc4ccc(Cl)cc4)c3)CC2)cc1,5.66
OPRK1,CHEMBL253597,CC(=O)N(Cc1ccccc1O[11CH3])c1cnccc1Oc1ccccc1,5.66
OPRK1,CHEMBL258294,C[C@H]1CN(CCC(=O)N(CC2CC2)[C@@H](Cc2ccccc2)C(=O)O)CC[C@@]1(C)c1cccc(O)c1,5.66
OPRK1,CHEMBL258115,CC(C)CN(C(=O)CCN1CC[C@@](C)(c2cccc(O)c2)[C@@H](C)C1)[C@@H](Cc1ccccc1)C(=O)O,5.66
OPRK1,CHEMBL450500,COCCNC1c2ccccc2CCC1c1ccsc1,5.66
OPRK1,CHEMBL568865,CCN(CC)C(=O)c1ccc(N(c2cccc(O)c2)C2CCN(CC(C)c3ccccc3)CC2)cc1,5.66
OPRK1,CHEMBL1258725,NC(=O)c1cccc(O[C@@H]2C[C@H]3CC[C@@H](C2)N3C2CCCc3ccccc32)c1,5.66
OPRK1,CHEMBL1442120,CC1CCc2c(nc3sc4c(c3c2N)CCCC4)C1,5.66
OPRK1,CHEMBL1710821,CC(C)c1ccc(CSc2nnc(-c3ccccn3)n2Cc2cccs2)cc1,5.66
OPRK1,CHEMBL2413879,CN(CCCc1ccccc1)[C@H]1CCCC[C@@H]1OCCCc1ccccc1,5.66
OPRK1,CHEMBL3754496,C=CCN(CC=C)CCc1c[nH]c2ccc(F)cc12,5.66
OPRK1,CHEMBL3480577,Cc1ccc2nc(CNCCCOc3ccccc3)cc(O)c2c1,5.66
OPRK1,CHEMBL94,CNC(=O)Oc1ccc2c(c1)[C@]1(C)CCN(C)[C@@H]1N2C,5.66
OPRK1,CHEMBL142635,COc1ccccc1N1CCN(CC(O)COc2cccc3ccccc23)CC1,5.66
OPRK1,CHEMBL5417743,COC(=O)C(Cc1cccc(OC)c1I)NC(=O)[C@@H](N)Cc1ccccc1,5.66
OPRK1,CHEMBL3183897,COC(=O)c1cccnc1N1CCC(NC2CCCCC2)C(O)C1,5.66
OPRK1,CHEMBL6046407,CCOC(=O)c1cc(C(=O)OC)c(C)nc1N1CCC(NC2CCCCC2)C1,5.66
OPRK1,CHEMBL321462,N[C@H](c1cccc(Cl)c1)[C@@H]1CCN1C(c1ccc(F)cc1)c1ccc(F)cc1,5.65
OPRK1,CHEMBL420500,O=C(OCc1ccc2c(c1)OCO2)N1CCC2(CC1)C(=O)NCN2c1ccccc1,5.65
OPRK1,CHEMBL599175,CC[C@@]12CCN(CCc3ccccc3)C[C@@H]1Oc1c(O)cccc12,5.65
OPRK1,CHEMBL1704269,Fc1ccc(CSc2nnc(-c3ccccn3)n2Cc2cccs2)c(C(F)(F)F)c1,5.65
OPRK1,CHEMBL1705524,FC(F)(F)c1cc(CSc2nnc(-c3ccccn3)n2Cc2ccccc2)ccc1Cl,5.65
OPRK1,CHEMBL2022299,COC(=O)[C@@H]1C[C@H](OC(C)=O)C(=O)[C@H]2[C@@]1(C)CC[C@H]1C(=O)O[C@H](C(=O)c3cccc(C(F)(F)F)c3)C[C@]21C,5.65
OPRK1,CHEMBL2386895,CN1CC[C@@]2(CCc3ccccc3F)c3cc(O)ccc3O[C@H]2C1,5.65
OPRK1,CHEMBL3924824,CN(C)C1(c2ccccc2)CCC(O)(c2ccccc2)CC1,5.65
OPRK1,CHEMBL4741203,CO[C@@]12CC[C@H](N[C@@H](C(=O)O)C(C)C)[C@@H]3Oc4c(O)ccc5c4[C@@]31CCN(C)[C@@H]2C5,5.65
OPRK1,CHEMBL4740918,CO[C@@]12CC[C@@H](N[C@@H](CCC(=O)O)C(=O)O)[C@@H]3Oc4c(O)ccc5c4[C@@]31CCN(C)[C@@H]2C5,5.65
OPRK1,CHEMBL4846243,C/C=C1/CN2CC[C@@]34c5ccccc5N(C)[C@]35OC[C@@]4(C(=O)OC)[C@H]1C[C@H]25,5.65
OPRK1,CHEMBL12,CN1C(=O)CN=C(c2ccccc2)c2cc(Cl)ccc21,5.65
OPRK1,CHEMBL126255,C=CCN1CCC(=C(c2ccccc2)c2ccc(C(=O)N(CC)CC)cc2)CC1,5.64
OPRK1,CHEMBL113811,O=C(NCc1ccc2c(c1)OCO2)N1CCC2(CC1)C(=O)NCN2c1ccccc1,5.64
OPRK1,CHEMBL324505,CCCCCCCCCCN1CC[C@]2(C)c3cc(O)ccc3CC1[C@H]2C,5.64
OPRK1,CHEMBL116643,CCCCCCN1CC[C@@]2(C)c3cc(O)ccc3CC1[C@H]2C,5.64
OPRK1,CHEMBL114163,CCCCCCCCN1CC[C@]2(C)c3cc(O)ccc3CC1[C@H]2C,5.64
OPRK1,CHEMBL117321,CCCCCCCCCN1CC[C@]2(C)c3cc(O)ccc3CC1[C@H]2C,5.64
OPRK1,CHEMBL116354,CCCCCCCCCCN1CC[C@]2(C)c3cc(O)ccc3CC1[C@@H]2C,5.64
OPRK1,CHEMBL122342,CC(C)C[C@@H]1CN2C(=NC[C@@H]2C)N1CCC1CC2CCC1C2,5.64
OPRK1,CHEMBL362458,CN(C(=O)Cc1ccc(C(F)(F)F)cc1)[C@H](CN1CCCC1)c1cccc(N(CC(=O)O)CC(=O)O)c1,5.64
OPRK1,CHEMBL201805,O=C(NCCCN1CCC2(CCc3ccccc32)CC1)c1ccccc1OCc1ccccc1,5.64
OPRK1,CHEMBL516077,COC(=O)CN1CN(c2ccccc2)C2(CCN(C(c3ccccc3Cl)c3ccccc3Cl)CC2)C1=O,5.64
OPRK1,CHEMBL2381595,COC(=O)[C@@H]1C[C@H](OC(=O)c2ccccc2C(=O)O)C(=O)[C@H]2[C@@]1(C)CC[C@H]1C(=O)O[C@H](c3ccoc3)C[C@]21C,5.64
OPRK1,CHEMBL3647958,O=C(O)c1nc2ccccc2n([C@H]2C[C@H]3CCC[C@@H](C2)N3C2CC3CCCC(C3)C2)c1=O,5.64
OPRK1,CHEMBL4089032,CN(Cc1ccccc1NC(=O)NCc1ccoc1)C1CCCCC1,5.64
OPRK1,CHEMBL4452474,COCc1ccc(-c2ccc(N(C[C@@H](N)[C@@H](C)OC)C(=O)[C@@H]3C[C@H]3c3ccccn3)cc2)cc1.Cl.Cl,5.64
OPRK1,CHEMBL190461,C=C(C)[C@@H]1CCC(C)=C[C@H]1c1c(O)cc(CCCCC)cc1O,5.64
OPRK1,CHEMBL4761246,N=C(N)NCCC[C@H](NC(=O)[C@H](CCC(N)=O)NC(=O)[C@@H]1CCCN1C(=O)[C@@H](CS)NC(=O)[C@H](Cc1ccccc1)NC(=O)CNC(=O)[C@@H](CS)NC(=O)[C@@H](N)Cc1ccc(O)cc1)C(=O)N[C@@H](Cc1ccccc1)C(N)=O,5.64
OPRK1,CHEMBL1008,CC(C)COCC(CN(Cc1ccccc1)c1ccccc1)N1CCCC1,5.64
OPRK1,CHEMBL5567549,NC(=O)[C@H]1CCCCN1C(=O)[C@H]1CC(=O)NCCCC[C@@H](NC(=O)[C@@H](N)Cc2ccc(O)cc2)C(=O)NCC(=O)N[C@@H](Cc2ccccc2)C(=O)N1,5.64
OPRK1,CHEMBL5574624,Cl.O=C(Cc1cccs1)N(c1ccccc1)C1CCN(CCc2ccccc2)CC1,5.64
OPRK1,CHEMBL5752418,COC(=O)c1cc(Br)cnc1N1CCC(NC2CCCCC2CO)CC1,5.64
OPRK1,CHEMBL5826009,Cc1cnc(N2CCC(NC3CCOCC3)CC2)c(-c2nc(C3CC3)no2)c1,5.64
OPRK1,CHEMBL5926966,C[C@@H](Cc1ccsc1)NC(=O)NCC(Cc1ccc(O)cc1)N(C)C,5.64
OPRK1,CHEMBL386531,CN(C)[C@@H](Cc1ccc(O)cc1)CN(C)[C@H](CNCc1ccccc1)Cc1ccc(O)cc1,5.63
OPRK1,CHEMBL515554,O=C1N(CC2CCCCC2)CN(c2ccccc2)C12CCN(C(c1ccccc1)c1ccccc1)CC2,5.63
OPRK1,CHEMBL568076,CC[C@]12CCN(CCc3ccccc3)C[C@H]1Oc1ccc(O)cc12,5.63
OPRK1,CHEMBL1713718,Cc1ccccc1S(=O)(=O)NCc1ccc(C(=O)NCCN(Cc2ccccc2)C(C)C)cc1,5.63
OPRK1,CHEMBL1311879,Oc1c(N=Nc2ccccn2)ccc2ccccc12,5.63
OPRK1,CHEMBL1710674,O=[N+]([O-])c1ccc(CSc2nnc(-c3ccccn3)n2Cc2ccco2)cc1,5.63
OPRK1,CHEMBL808,Clc1ccc(COC(Cn2ccnc2)c2ccc(Cl)cc2Cl)cc1,5.63
OPRK1,CHEMBL5278225,COc1cccc(C2(O)CCN(C(=O)Cc3cccc(F)c3)CC2CN(C)C)c1,5.63
OPRK1,CHEMBL611,COc1cc2nc(N3CCN(C(=O)C4CCCO4)CC3)nc(N)c2cc1OC,5.63
OPRK1,CHEMBL6148318,COc1ccc2c3c1O[C@H]1[C@@]4(OC)C=C[C@@]5(C[C@@H]4C(=O)c4cccc(Nc6ccccc6)c4)[C@@H](C2)N(CC2CC2)CC[C@]315,5.63
OPRK1,CHEMBL607,CCOC(=O)C1(c2ccccc2)CCN(C)CC1,5.62
OPRK1,CHEMBL199011,Cc1ccc2c(c1)N(C)C(=O)C21CCN(CC2CCCCCCC2)CC1,5.62
OPRK1,CHEMBL398089,NC(=O)c1ccc(Oc2ccc3c(c2)CN(Cc2ccccc2)CC3)nc1,5.62
OPRK1,CHEMBL247758,Cc1cc(C(N)=O)cc(C)c1C[C@H](N)C(=O)N[C@@H](C)C(=O)NCC(=O)N[C@@H](Cc1ccccc1)C(=O)N[C@@H](CC(C)C)C(=O)O,5.62
OPRK1,CHEMBL409266,CCCN1C[C@@H]2[C@H](c3ccccc3)CC[C@H]1CN2Cc1ccc(C(=O)N(CC)CC)cc1,5.62
OPRK1,CHEMBL1734849,Cc1ccc(S(=O)(=O)NCc2ccc(C(=O)NCCN(C)[C@H](C)c3ccccc3)cc2)cc1,5.62
OPRK1,CHEMBL1705658,Cc1ccc(CSc2nnc(-c3ccccn3)n2Cc2cccs2)cc1,5.62
OPRK1,CHEMBL3393988,NS(=O)(=O)c1cccc(C(=O)Nc2nc3ccccc3n2CCN2CCCC2)c1,5.62
OPRK1,CHEMBL4852987,C/C=C1/CN2[C@@H]3C[C@@]45c6ccccc6N[C@]4(O3)[C@@H]2C[C@@H]1[C@@]5(COC(C)=O)C(=O)OC,5.62
OPRK1,CHEMBL5169420,CN(CCCNC(=O)c1cc2ccccc2o1)Cc1ccccc1,5.62
OPRK1,CHEMBL2181202,Cc1cc(O)cc(C)c1C[C@H](N)C(=O)N[C@H](CCCNC(=N)N)C(=O)N[C@@H](Cc1ccccc1)C(=O)N[C@@H](CCCCN)C(N)=O,5.62
OPRK1,CHEMBL5189127,COc1ccc2c3c1O[C@H]1[C@@]4(OC)CC[C@@]5(C[C@@]4(C)[C@H](O)c4ccc(Cl)c(Cl)c4)[C@@H](C2)N(CC2CC2)CC[C@]315,5.62
OPRK1,CHEMBL1200374,C=C1C[C@@H]2[C@H](CC[C@]3(C)C(=O)CC[C@@H]23)[C@@]2(C)C=CC(=O)C=C12,5.62
OPRK1,CHEMBL502182,COc1cccc(-c2c(C)n(Cc3c(F)cccc3C(F)(F)F)c(=O)n(C[C@H](NCCCC(=O)[O-])c3ccccc3)c2=O)c1F.[Na+],5.62
OPRK1,CHEMBL13470,C=CCN1C[C@H](C)N([C@H](c2ccc(C(=O)N(CC)CC)cc2)c2cccc(OC)c2)C[C@H]1C,5.61
OPRK1,CHEMBL14734,O=c1c(-c2ccccc2)nccn1C(CN1CCCC1)c1ccccc1,5.61
OPRK1,CHEMBL332830,C[C@H]1CN=C2N(CCCC3CCCCC3)[C@@H](C3CCCCC3)CN21,5.61
OPRK1,CHEMBL228856,OC1(c2ccccc2)CCN(C(c2ccccc2)c2ccc(Br)cc2)CC1,5.61
OPRK1,CHEMBL3190555,CC/C(=N\Nc1ccnc2cc(Cl)ccc12)c1ccc(O)cc1,5.61
OPRK1,CHEMBL964,CCN(CC)C(=S)SSC(=S)N(CC)CC,5.61
OPRK1,CHEMBL114,CC(C)(C)NC(=O)[C@@H]1C[C@@H]2CCCC[C@@H]2CN1C[C@@H](O)[C@H](Cc1ccccc1)NC(=O)[C@H](CC(N)=O)NC(=O)c1ccc2ccccc2n1,5.61
OPRK1,CHEMBL2386900,Oc1ccc2c(c1)[C@]1(CCc3ccccc3)CCN(CCc3ccc(C(F)(F)F)cc3)C[C@@H]1O2,5.61
OPRK1,CHEMBL3752576,C=CCN(CC=C)CCc1c[nH]c2ccccc12,5.61
OPRK1,CHEMBL3695245,O=C(O)c1nc2ccccc2n([C@H]2C[C@H]3CC[C@@H](C2)N3C23CC4CC(CC(C4)C2)C3)c1=O,5.61
OPRK1,CHEMBL3889570,CCC1(N2CCC(n3c(=O)c(C(=O)O)nc4ccccc43)CC2)CCCCCCC1,5.61
OPRK1,CHEMBL4750006,N=C(N)NCCC[C@H](NC(=O)[C@H](CCC(N)=O)NC(=O)[C@@H]1CCCN1C(=O)[C@H]1CSSC[C@@H](NC(=O)[C@@H](N)Cc2ccc(O)cc2)C(=O)NCC(=O)N[C@@H](Cc2ccccc2)C(=O)N1)C(=O)N[C@@H](Cc1ccccc1)C(N)=O,5.61
OPRK1,CHEMBL4749564,CSCC[C@@H](NC(=O)[C@H](Cc1ccccc1)NC(=O)CNC(=O)[C@@H](C)NC(=O)[C@@H](N)Cc1ccc(O)cc1)C(=O)N1CCC[C@H]1C(=O)N[C@@H](CCC(N)=O)C(=O)N[C@@H](CCCNC(=N)N)C(=O)N[C@@H](Cc1ccccc1)C(N)=O,5.61
OPRK1,CHEMBL5277750,C[C@H](NC(=O)[C@H](CCC(N)=O)NC(=O)[C@H](CCCNC(=N)N)NC(=O)[C@H](CCCNC(=N)N)NC(=O)[C@@H]1CSSC[C@H](NC(=O)[C@@H](N)CC(N)=O)C(=O)N1)C(=O)N[C@H]1CSSC[C@@H](C(N)=O)NC1=O,5.61
OPRK1,CHEMBL5571171,Cc1ccc(C[C@@H]2NC(=O)CNC(=O)[C@H](NC(=O)[C@@H](N)Cc3ccc(O)cc3)CCCCNC(=O)C[C@H](C(=O)N3CCC[C@H]3C(N)=O)NC2=O)cc1,5.61
OPRK1,CHEMBL5571451,O=C(c1cccs1)N(c1ccccc1)C1CCN(CCc2ccccc2)CC1,5.61
OPRK1,CHEMBL5624647,COc1ccc2c3c1O[C@H]1[C@@]4(OC)C=C[C@@]5(C[C@@H]4C(=O)c4ccc(NC(=O)c6cnn(C)c6)cc4)[C@@H](C2)N(CC2CC2)CC[C@]315,5.61
OPRK1,CHEMBL76493,COC[C@@H]1Cc2ccccc2CN1C(=O)[C@@H](N)Cc1c(C)cc(O)cc1C,5.6
OPRK1,CHEMBL436323,c1ccc(Cn2ccnc2C2(c3ccccc3)CCN(c3nccs3)CC2)cc1,5.6
OPRK1,CHEMBL201945,O=C(NCCCN1CCC2(CC1)OCc1ccccc12)[C@H]1CCCN1Cc1ccccc1,5.6
OPRK1,CHEMBL69018,C=C[C@@H](O)C#CC#C[C@@H](O)/C=C\CCCCCCC,5.6
OPRK1,CHEMBL3331545,COC(=O)[C@@H]1C[C@H](OC(C)=O)C(=O)[C@H]2[C@@]1(C)CC[C@H]1C(=O)O[C@H](CC3=CC(=O)C=CC3=O)C[C@]21C,5.6
OPRK1,CHEMBL3770284,N[C@@H](Cc1ccc2cccc(O)c2c1)C(=O)N[C@@H]1CCNc2ccc(Cc3ccccc3)cc21,5.6
OPRK1,CHEMBL1289779,CCc1cc2c(s1)-n1c(C)nnc1CN=C2c1ccccc1Cl,5.6
OPRK1,CHEMBL51149,COc1ccc(CCN(C)CCCC(C#N)(c2cc(OC)c(OC)c(OC)c2)C(C)C)cc1OC,5.6
OPRK1,CHEMBL1651990,Clc1ccc(C(Cn2ccnc2)OCc2ccc(Sc3ccccc3)cc2)c(Cl)c1,5.6
OPRK1,CHEMBL5563335,Cl.O=C(Cc1ccco1)N(c1ccccc1)C1CCN(CCc2ccccc2)CC1,5.6
OPRK1,CHEMBL5584028,Cl.O=C(CCc1cccs1)N(c1ccccc1)C1CCN(CCc2ccccc2)CC1,5.6
OPRK1,CHEMBL5935499,Cc1cnc(N2CC[C@@H](NC3CCCCC3)[C@H](O)C2)c(-c2ncco2)c1,5.6
OPRK1,CHEMBL6051903,O=C1NC(=O)[C@@]2(CC[C@@]3(O)[C@H]4C(=O)c5ccc(O)c6c5[C@@]3(CCN4CC3CC3)[C@H]2O6)N1,5.6
OPRK1,CHEMBL393356,Cc1ccsc1C1(O)CCN(C(c2ccccc2)c2ccccc2)CC1,5.59
OPRK1,CHEMBL554292,COc1ccc2c(c1)[C@]13CCN(CC4CC4)C[C@@]1(C2)Cc1c([nH]c2ccccc12)C3,5.59
OPRK1,CHEMBL569945,CCN(CC)C(=O)c1ccc(N(c2cccc(OC)c2)C2CCN(CCc3ccsc3)CC2)cc1,5.59
OPRK1,CHEMBL1358924,CCOc1cc(CNC2CCCC2)cc(Cl)c1OCc1ccccc1.Cl,5.59
OPRK1,CHEMBL1487635,Cc1ccc(S(=O)(=O)Nc2cccc3cccnc23)cc1,5.59
OPRK1,CHEMBL1520214,CCC(=O)OCCNc1cc(Sc2nc3ccccc3[nH]2)c2nonc2c1[N+](=O)[O-],5.59
OPRK1,CHEMBL1717312,Cc1ccnc2c1n1cccc1c(=O)n2CC(=O)NCCCN1CCN(c2ccccc2)CC1,5.59
OPRK1,CHEMBL1762403,CCCCCCCCCNCc1ccc(OCc2ccccc2C(=O)Nc2ccc3nc(C)cc(N)c3c2)cc1,5.59
OPRK1,CHEMBL4099178,c1ccc(CN2CCC(Nc3nc4ccccc4o3)C2)cc1,5.59
OPRK1,CHEMBL4755334,CN[C@@H](Cc1ccc(O)cc1)C(=O)N[C@H](C)C(=O)NCC(=O)N[C@@H](Cc1ccccc1)C(=O)N[C@@H](CCC(N)=O)C(=O)N1CCC[C@H]1C(=O)N[C@@H](CCC(N)=O)C(=O)N[C@@H](CCCNC(=N)N)C(=O)N[C@@H](Cc1ccccc1)C(N)=O,5.59
OPRK1,CHEMBL4848517,C=C[C@H]1CN2CCc3c([nH]c4cccc(OC)c34)[C@@H]2C[C@@H]1/C(=C\OC)C(=O)OC,5.59
OPRK1,CHEMBL5170333,O=C1N[C@H](Cc2ccccc2)C(=O)N2CCC[C@@H]2C(=O)N[C@H](Cc2ccccc2)C(=O)N[C@H]1Cc1c[nH]c2ccccc12,5.59
OPRK1,CHEMBL5630411,COc1ccc2c3c1O[C@H]1[C@@]4(OC)C=C[C@@]5(C[C@@H]4C(=O)c4ccc(NC(=O)c6ccc(C(F)(F)F)cc6)cc4)[C@@H](C2)N(CC2CC2)CC[C@]315,5.59
OPRK1,CHEMBL126884,CCN(CC)C(=O)c1ccc(C(=C2CCNCC2)c2c(C)cccc2C)cc1,5.58
OPRK1,CHEMBL146462,CCn1c(=O)n([C@H]2CCN(CC3CCCCCCC3)C[C@@H]2CO)c2ccccc21,5.58
OPRK1,CHEMBL373190,CC(=O)OCCN1C(=O)C2(CCN(CC3CCCCCCC3)CC2)c2ccccc21,5.58
OPRK1,CHEMBL208862,Clc1cccc2c(C3CCN(C4Cc5cccc6cccc4c56)CC3)c[nH]c12,5.58
OPRK1,CHEMBL232067,OC1(c2ccc(Br)cc2)CCN(C(c2ccccc2)c2ccccc2)CC1,5.58
OPRK1,CHEMBL408980,CC(C)=CC(O)C/C(C)=C/COc1ccc2ccc(=O)oc2c1,5.58
OPRK1,CHEMBL1343705,O=S(=O)(Nc1cccc2ncccc12)c1cccs1,5.58
OPRK1,CHEMBL296419,COc1ccc(CCN2CCC(Nc3nc4ccccc4n3Cc3ccc(F)cc3)CC2)cc1,5.58
OPRK1,CHEMBL91,Clc1ccc(COC(Cn2ccnc2)c2ccc(Cl)cc2Cl)c(Cl)c1,5.58
OPRK1,CHEMBL3325713,Cc1nn(-c2ccc(Cl)cc2Cl)c2c1C(=O)CC(C)(C)C2,5.58
OPRK1,CHEMBL3695239,O=C(Nc1ccc(=O)[nH]c1)c1nc2ccccc2n([C@@H]2C[C@H]3CC[C@@H](C2)N3C2CCCCCCC2)c1=O,5.58
OPRK1,CHEMBL4081151,Oc1cccc(C(O)CNCc2c(Cl)cccc2Cl)c1,5.58
OPRK1,CHEMBL4579650,O=C(NCCO)[C@@]12C[C@@H]1[C@@H](n1cnc3c(N[C@H]4C[C@H]5CC[C@@H]4C5)nc(Cl)nc31)[C@H](O)[C@@H]2O,5.58
OPRK1,CHEMBL5287093,COc1cccc(C2(O)CCN(C(=O)Cc3ccc4ccccc4c3)CC2CN(C)C)c1,5.58
OPRK1,CHEMBL11,CN(C)CCCN1c2ccccc2CCc2ccccc21,5.58
OPRK1,CHEMBL3181819,CCOC(=O)c1cc(C(=O)OC)c(C)nc1N1CCC(NC2CCCCC2)CC1,5.58
OPRK1,CHEMBL228793,Cc1ccc(C(c2ccccc2)N2CCC(O)(c3ccccc3)CC2)cc1,5.57
OPRK1,CHEMBL439569,COC(=O)[C@@H]1C[C@H](OC(C)=O)[C@H](OS(C)(=O)=O)[C@H]2[C@@]1(C)CC[C@H]1C(=O)O[C@H](c3ccoc3)C[C@]21C,5.57
OPRK1,CHEMBL1224216,NC(=O)c1ccc(O[C@H]2C[C@H]3CC[C@@H](C2)N3Cc2ccccc2)c(F)c1,5.57
OPRK1,CHEMBL1300269,Cc1ccc([S+](C)[O-])cc1-n1c(=O)n(Cc2ccccc2)c(=O)c2[nH]cnc21,5.57
OPRK1,CHEMBL2205832,OC12C3C4CC5C6C4C1C6C(C53)N2Cc1ccccn1,5.57
OPRK1,CHEMBL3647959,O=C(O)c1nc2ccccc2n([C@H]2C[C@H]3CC[C@@H](C2)N3C2CC3CCCC(C3)C2)c1=O,5.57
OPRK1,CHEMBL3906430,O=C(O)c1nc2ccccc2n(C2CC3CCC(C2)N3C2CC3CCCC(C3)C2)c1=O,5.57
OPRK1,CHEMBL4161204,CN(C)[C@H](CNC(=O)C1CCN(C(N)=O)CC1)c1cccs1,5.57
OPRK1,CHEMBL1644978,OC1(c2ccc(Cl)c(C(F)(F)F)c2)CCN(CCCCC(c2ccc(F)cc2)c2ccc(F)cc2)CC1,5.57
OPRK1,CHEMBL1628227,CN(C)CCC=C1c2ccccc2COc2ccccc21,5.57
OPRK1,CHEMBL669,CN(C)CCC=C1c2ccccc2C=Cc2ccccc21,5.57
OPRK1,CHEMBL1492500,CN(C)CC/C=C1\c2ccccc2CSc2ccccc21,5.57
OPRK1,CHEMBL58,O=C1c2c(O)ccc(O)c2C(=O)c2c(NCCNCCO)ccc(NCCNCCO)c21,5.57
OPRK1,CHEMBL5432768,COc1cc2c(-c3ccccc3Cl)nc3c(c(CNCc4cccc(Oc5ccccc5)c4)nn3CC3CCNCC3)c2cc1OC,5.57
OPRK1,CHEMBL5653592,O=C(c1nnc(NC2CCCC2)c2cc(Cl)c(Cl)cc12)N1CCC(O)CC1,5.57
OPRK1,CHEMBL3187156,COC(=O)c1cc(Br)cnc1N1CCC(N(C)C2CCCCC2)CC1,5.57
OPRK1,CHEMBL5894711,COC(=O)c1cc(Br)cnc1N1CC(O)C(NC2CCCCC2)C(O)C1,5.57
OPRK1,CHEMBL106043,N[C@@H](c1ccc(Oc2ccccc2)cc1)[C@@H]1CCN1C(c1ccccc1)c1ccccc1,5.56
OPRK1,CHEMBL418080,Cc1cc(O)cc(C)c1CC(N)C(=O)N1Cc2cc(-c3ccsc3)ccc2C[C@H]1C(=O)O,5.56
OPRK1,CHEMBL379297,c1cc2c3c(cccc3c1)C(N1CCC(c3c[nH]c4ncccc34)CC1)C2,5.56
OPRK1,CHEMBL233502,OCc1ccccc1C1(O)CCN(C(c2ccccc2)c2ccccc2)CC1,5.56
OPRK1,CHEMBL3698781,O=C(NO)c1nc2ccccc2n(C2CCN(C3CCCCCCC3)CC2)c1=O,5.56
OPRK1,CHEMBL4465668,CC(C)[C@H]1CC[C@@H](N2CCC(n3cc(CCN)c4ccccc43)CC2)CC1.Cl.Cl,5.56
OPRK1,CHEMBL5575312,Cl.O=C(c1ccsc1)N(c1ccccc1)C1CCN(CCc2ccccc2)CC1,5.56
OPRK1,CHEMBL327745,CN1CC[C@]2(c3cccc(O)c3)Cc3nc4ccccc4cc3C[C@H]2C1,5.56
OPRK1,CHEMBL5805048,CN1CC[C@]23Cc4[nH]c(=O)c(S(=O)(=O)c5ccccc5)cc4C[C@H]2[C@H]1Cc1ccc(O)cc13,5.56
OPRK1,CHEMBL116735,O=C(CCc1ccc(F)cc1)N1CCN(CCCC(c2ccc(F)cc2)c2ccc(F)cc2)CC1,5.55
OPRK1,CHEMBL238283,CCNC(=O)c1ccc(Oc2ccc(CNCCc3ccccc3)cc2)nc1,5.55
OPRK1,CHEMBL1445491,COc1ccc(S(=O)(=O)N(CC(=O)Nc2ccc(S(=O)(=O)N3CCOCC3)cc2)c2ccccc2)cc1,5.55
OPRK1,CHEMBL1337227,O=C(Cn1ncc(Cl)c(Cl)c1=O)N1CCc2ccccc21,5.55
OPRK1,CHEMBL2094567,C/C(=N\NC(=O)c1ccc(Cl)c(Cl)c1)c1ccccn1,5.55
OPRK1,CHEMBL1702752,COc1ccc(N2CCN(CCCNC(=O)Cn3c(=O)c4cccn4c4cc(Br)cnc43)CC2)c(OC)c1,5.55
OPRK1,CHEMBL1723174,CC(C)c1ccc(CSc2nnc(-c3ccccn3)n2Cc2ccco2)cc1,5.55
OPRK1,CHEMBL219916,O=c1[nH]c2ccccc2n1CCCN1CCC(n2c(=O)[nH]c3cc(Cl)ccc32)CC1,5.55
OPRK1,CHEMBL3695224,O=C(O)CNc1nc2ccccc2n([C@H]2C[C@H]3CC[C@@H](C2)N3C2CCCCCCC2)c1=O,5.55
OPRK1,CHEMBL4513786,CCCCN(CCCC)C(=O)CN1C[C@@H](c2cc(OC)c3c(c2)OCO3)[C@H](C(=O)O)[C@H]1CC(C)(C)CCC,5.55
OPRK1,CHEMBL5184444,COc1ccc(N2CCN(CCCNC(=O)CN3C(=O)C4CCCN4c4c(C)ccnc43)CC2)cc1,5.55
OPRK1,CHEMBL4796803,CCCCN(CCCC)C(=O)CN1C[C@@H](c2cc(OC)c3c(c2)OCO3)[C@H](C(=O)O)[C@H]1CC(C)(C)CCC.Cl,5.55
OPRK1,CHEMBL6995,CC(=O)Nc1ccc(OCC(O)CNC(C)C)cc1,5.55
OPRK1,CHEMBL5555400,NC(=O)[C@@H]1CCCN1C(=O)[C@H]1CC(=O)NCCCC[C@@H](NC(=O)[C@@H](N)Cc2ccc(O)cc2)C(=O)NCC(=O)N[C@@H](Cc2ccccc2)C(=O)N1,5.55
OPRK1,CHEMBL5888006,COC(=O)c1cc(Br)cnc1N1CCC(NC2C3CC4CC(C3)CC2C4)CC1,5.55
OPRK1,CHEMBL5752129,COC(=O)c1cc(Br)cnc1N1CCC(O)C(NC2CCCCC2)C1,5.55
OPRK1,CHEMBL106155,CCCCCCC(c1ccccc1)N1CC[C@H]1[C@H](N)c1cccc(Cl)c1,5.54
OPRK1,CHEMBL430562,COCC(=O)N1CCN(C(=O)Cc2ccc(Cl)c(Cl)c2)C(CN2CCCC2)C1,5.54
OPRK1,CHEMBL388122,COc1ccc(C(c2ccc(OC)cc2)N2CCC(O)(c3ccccc3)CC2)cc1,5.54
OPRK1,CHEMBL237293,NC(=O)c1ccc(Oc2ccc3c(c2)CCN(Cc2ccccc2)CC3)nc1,5.54
OPRK1,CHEMBL598977,CN1CC[C@@]2(CCc3ccccc3)c3cccc(O)c3O[C@H]2C1,5.54
OPRK1,CHEMBL528694,Cc1cccnc1Nc1nc(-c2ccccn2)cs1,5.54
OPRK1,CHEMBL1319867,O=[N+]([O-])c1c(Nc2ccccc2O)cc(Cl)c2nonc12,5.54
OPRK1,CHEMBL2386894,CN1CC[C@@]2(CCc3ccc(F)cc3)c3cc(O)ccc3O[C@H]2C1,5.54
OPRK1,CHEMBL2386819,CN1CC[C@@]2(Cc3ccccc3)c3cc(O)ccc3O[C@H]2C1,5.54
OPRK1,CHEMBL3647961,O=C(O)c1nc2ccccc2n([C@H]2C[C@H]3CCC[C@@H](C2)N3C23CCCC(CCC2)C3)c1=O,5.54
OPRK1,CHEMBL3797702,C[C@H]1[C@H]2Cc3ccc(O)cc3[C@]1(C)CCN2CCC(=O)Nc1cccc2cnccc12,5.54
OPRK1,CHEMBL83894,O=S1(=O)c2cccc3cccc(c23)N1CCCN1CCN(c2ccc(F)cc2)CC1,5.54
OPRK1,CHEMBL5567322,Cl.O=C(CCc1ccccc1)N(c1ccccc1)C1CCN(CCc2ccccc2)CC1,5.54
OPRK1,CHEMBL5625000,COc1ccc2c3c1O[C@H]1[C@@]4(OC)C=C[C@@]5(C[C@@H]4C(=O)c4ccc(NC(C)=O)cc4)[C@@H](C2)N(CC2CC2)CC[C@]315,5.54
OPRK1,CHEMBL110933,CCCC(c1ccccc1)N1CC[C@H]1[C@@H](N)c1cccc(Cl)c1,5.53
OPRK1,CHEMBL2112842,CC(C)C[C@H]1[C@H]2c3ccccc3C[C@H](c3ccccc32)N1C,5.53
OPRK1,CHEMBL577356,CCN(CC)C(=O)c1ccc(N(c2cccc(CN)c2)C2CCN(Cc3ccccc3)CC2)cc1,5.53
OPRK1,CHEMBL1585390,CNc1cc(Cl)c2nonc2c1[N+](=O)[O-],5.53
OPRK1,CHEMBL1597627,Cc1ccc2nc(NC(=O)c3ccccn3)sc2c1,5.53
OPRK1,CHEMBL1736339,CCN(CCNC(=O)c1ccc(CNS(=O)(=O)c2ccc(C)cc2)cc1)Cc1ccccc1,5.53
OPRK1,CHEMBL3393987,NS(=O)(=O)c1ccc(C(=O)Nc2nc3ccccc3n2CCN2CCCC2)cc1,5.53
OPRK1,CHEMBL4061620,Cc1ccc(C(=O)NCC2c3ccccc3CCN2CCCl)cc1,5.53
OPRK1,CHEMBL4171269,Nc1nc(Cl)cc(NC[C@@H](O)CN2CCc3ccccc3C2)n1,5.53
OPRK1,CHEMBL52440,COc1ccc2c(c1)[C@]13CCCC[C@@H]1[C@H](C2)N(C)CC3,5.53
OPRK1,CHEMBL5612268,Cc1ccc(CCc2nnc(-c3ccc4ccccc4c3)n2Cc2cccs2)cc1C(F)(F)F,5.53
OPRK1,CHEMBL5841928,COC1CN(c2ncc(C)cc2-c2cn(C)nn2)CCC1NC1CCCCC1,5.53
OPRK1,CHEMBL6004512,COCCOCCOCCOCCOCCOc1ccc2c(c1)[C@@]1(C)CCN(CC3CC3)[C@H](C2=O)[C@@H]1C,5.53
OPRK1,CHEMBL108995,CCCCCC(c1ccccc1)N1CC[C@H]1[C@H](N)c1cccc(Cl)c1,5.52
OPRK1,CHEMBL329755,COC(=O)C1(C(=O)N(C)[C@H]2CCCC[C@@H]2N2CCCC2)C(c2ccccc2)=C1c1ccccc1,5.52
OPRK1,CHEMBL374603,OC1(c2ccccc2)CCN(C(c2ccccc2)c2cccnc2)CC1,5.52
OPRK1,CHEMBL594828,COCc1nnc(N2CC(Oc3ccc(F)cc3Cl)C2)n1-c1ccc(OC)nc1,5.52
OPRK1,CHEMBL4070528,Cc1ccc(-c2ccccc2CN2CC3CNCC3C2)o1,5.52
OPRK1,CHEMBL4091446,CSc1ccc(CN(CCO)Cc2ccc(-c3ccn[nH]3)s2)cc1,5.52
OPRK1,CHEMBL4740360,CO[C@@]12CC[C@H](N[C@@H](CC(=O)O)C(=O)O)[C@@H]3Oc4c(O)ccc5c4[C@@]31CCN(C)[C@@H]2C5,5.52
OPRK1,CHEMBL4638406,CCOc1cc(N2C3COCC2CN(C(=O)[C@H]2C[C@H](O)CN2c2ccc(Cl)cc2)C3)ccc1Cl,5.52
OPRK1,CHEMBL5268603,COc1cccc(C2(O)CCN(C(=O)Cc3cccc(C(F)(F)F)c3)CC2CN(C)C)c1,5.52
OPRK1,CHEMBL5993687,COC(=O)c1cc(Br)cnc1N1CCC(N(C)C2CCCCC2)C(O)C1,5.52
OPRK1,CHEMBL95847,C=C(C)CN1CCC23c4c5ccc(OC)c4O[C@H]2c2n[nH]cc2C[C@@]3(O)C1C5,5.51
OPRK1,CHEMBL277834,CCN(CC)c1ccc(C(CN2CCCC2)n2cccc(-c3ccc(C(F)(F)F)cc3)c2=O)cc1,5.51
OPRK1,CHEMBL312792,CC(=O)OC[C@@H]1Cc2ccccc2CN1C(=O)[C@@H](N)Cc1c(C)cc(O)cc1C,5.51
OPRK1,CHEMBL234389,CCOC(=O)N1CCC(c2ccccc2)(c2nccn2-c2ccc3ccccc3c2C)CC1,5.51
OPRK1,CHEMBL408422,COc1ccc2c3c1O[C@H]1CC=C[C@H]4[C@@H](C2)N(C)CC[C@]314,5.51
OPRK1,CHEMBL1762397,CCCNCc1ccc(OCc2ccccc2C(=O)Nc2ccc3nc(C)cc(N)c3c2)cc1,5.51
OPRK1,CHEMBL3698801,O=C(O)c1nc2ccccc2n([C@H]2C[C@H]3CC[C@@H](C2)N3C23CC4CC(CC2C4)C3)c1=O,5.51
OPRK1,CHEMBL4111757,COc1ccc2c(c1)[C@]13CCN(CC4CC4)[C@H](C2)[C@]1(O)C/C(=C\CC(C)C)C(=O)C3,5.51
OPRK1,CHEMBL4277264,Cc1cc(Oc2nccc3occc23)ccc1-c1c(C)ncc2nccn12,5.51
OPRK1,CHEMBL5288272,COc1cccc(C2(O)CCN(C(=O)Cc3c[nH]c4ccccc34)CC2CN(C)C)c1,5.51
OPRK1,CHEMBL799,O=C1CCc2cc(OCCCCc3nnnn3C3CCCCC3)ccc2N1,5.51
OPRK1,CHEMBL5982492,CO[C@H]1CN(c2nnc(C)cc2-c2nc(C)no2)CC[C@H]1NC1CCOCC1,5.51
OPRK1,CHEMBL5756753,CN(C)C(CNC(=O)NCCc1ccsc1)Cc1ccccc1,5.51
OPRK1,CHEMBL6053805,C=CCN(CC(Cc1ccccc1)N(C)C)C(=O)N[C@H](C)Cc1ccsc1,5.51
OPRK1,CHEMBL338089,CCN(CC)C(=O)c1ccc(C(=C2CCN(c3ccccc3)CC2)c2ccccc2)cc1,5.5
OPRK1,CHEMBL3707094,C[C@@H]1[C@H]2c3cc(N4CCN(C)CC4)ccc3C[C@@H](c3ccc(N4CCN(C)CC4)cc32)N1C,5.5
OPRK1,CHEMBL318957,C=C(C)CN1CCC23c4c5ccc(OC)c4O[C@H]2c2ncc(-c4ccc(Cl)cc4)cc2C[C@@]3(O)C1C5,5.5
OPRK1,CHEMBL126819,CCN(CC)C(=O)c1ccc(C(c2ccc3cccnc3c2)N2CCNCC2)cc1,5.5
OPRK1,CHEMBL190910,COC(=O)[C@@H]1C[C@H](O)[C@H](O)[C@H]2[C@@]1(C)CC[C@H]1C(=O)O[C@H](c3ccoc3)C[C@]21C,5.5
OPRK1,CHEMBL254356,CN(CC(=O)N1CCCC(c2ccccc2)C1CN1CCCC1)c1ccc(Cl)c(Cl)c1,5.5
OPRK1,CHEMBL256989,O=C(Cn1c(=O)cnc2cc(Cl)c(Cl)cc21)N1CCCC(c2ccccc2)C1CN1CCCC1,5.5
OPRK1,CHEMBL502825,CN(CC(=O)N1CCN(C(=O)c2ccc(C#N)cc2)CC1CN1CCCC1)c1ccc(Cl)c(Cl)c1,5.5
OPRK1,CHEMBL416647,COc1ccc2c(c1O)[C@]13CCN(C)[C@H](C2)[C@]1(O)Cc1c([nH]c2ccccc12)C3,5.5
OPRK1,CHEMBL1258164,NC(=O)c1cccc(O[C@@H]2C[C@H]3CC[C@@H](C2)N3Cc2ccccn2)c1,5.5
OPRK1,CHEMBL1388755,CCCCN(Cc1cc2ccccc2nc1O)C(=O)c1ccccn1,5.5
OPRK1,CHEMBL3210072,C/C(=N\NC(=O)C(C)Oc1ccc([N+](=O)[O-])cc1)c1ccccn1,5.5
OPRK1,CHEMBL3409117,Oc1ccc2c(c1)[C@]1(CCCCc3ccccc3)CCN(CCc3cccc(C(F)(F)F)c3)C[C@@H]1O2,5.5
OPRK1,CHEMBL4172508,C[C@H](c1ccco1)N(C)CC(=O)N1CCC(C(N)=O)CC1,5.5
OPRK1,CHEMBL4167315,COc1cccc(-c2ccc3c(c2)CN(Cc2ccccc2)C3)c1,5.5
OPRK1,CHEMBL4466483,FC(F)(F)c1cc(Oc2nccc3ccsc23)ccc1-c1cccc2nccn12,5.5
OPRK1,CHEMBL4592872,O=C(Nc1ccc(Oc2ccc(F)cc2)cc1)N1CCc2ncccc2[C@H]1c1ccc(F)cc1,5.5
OPRK1,CHEMBL4859858,CC[C@H]1CN2CCc3c([nH]c4cccc(OC)c34)[C@@H]2C[C@@H]1/C(=C\OC)C(=O)OC,5.5
OPRK1,CHEMBL500,CC(C)NCC(O)COc1cccc2[nH]ccc12,5.5
OPRK1,CHEMBL5959802,CN(C)C(=O)c1cc(Br)cnc1N1CC[C@@H](NC2CCCCC2)[C@H](O)C1,5.5
OPRK1,CHEMBL106785,N[C@H](c1cccc(Cl)c1)[C@@H]1CCN1C(c1ccc(Cl)cc1)c1ccc(Cl)cc1,5.49
OPRK1,CHEMBL238364,NC(=O)c1ccc(Oc2ccc3c(c2)CCCN(CCCN2CCOCC2)C3)nc1,5.49
OPRK1,CHEMBL1420325,CS(=O)(=O)c1sc(C#N)c2c1C(=O)CC(c1ccccc1)C2,5.49
OPRK1,CHEMBL455284,C=CCNC(=S)N/N=C(\C)c1ccccn1,5.49
OPRK1,CHEMBL3698894,CCCC1(N2CCC(n3c(=O)c(C(=O)O)nc4ccccc43)CC2)CCCCCCC1,5.49
OPRK1,CHEMBL4867565,O=S(=O)(c1cccc(F)c1)n1ccc2c(N3CCNCC3)nc3ccccc3c21,5.49
OPRK1,CHEMBL1800685,O=C(O)c1cc(-c2ccc(C3CCNCC3)cc2)c2ccc(-c3ccc(C(F)(F)F)cc3)cc2c1,5.49
OPRK1,CHEMBL707,COc1cc2nc(N3CCN(C(=O)C4COc5ccccc5O4)CC3)nc(N)c2cc1OC,5.49
OPRK1,CHEMBL5959692,Cc1cnc(N2CCC(NC3CCOCC3)CC2)c(-c2cnc(C)cn2)c1,5.49
OPRK1,CHEMBL115730,C=CCN1CCC(N(c2ccccc2)c2ccc(C(=O)N(CC)CC)cc2)C(C)C1,5.48
OPRK1,CHEMBL1501598,CC(Sc1nnc(CN2CCCC2)n1Cc1ccccc1)C(=O)Nc1ccc(F)cc1,5.48
OPRK1,CHEMBL1421770,O=c1cc(-c2c(F)c(F)c(F)c(F)c2F)oc2ccccc12,5.48
OPRK1,CHEMBL3695249,O=C(O)CN(CCNc1nc2ccccc2n([C@H]2C[C@H]3CC[C@@H](C2)N3C2CCCCCCC2)c1=O)CC(=O)O,5.48
OPRK1,CHEMBL4558518,CC(C)(C)OC(=O)N1CCCC1CNC1CCC(c2cc(F)ccc2F)(S(=O)(=O)c2ccc(Cl)cc2)CC1,5.48
OPRK1,CHEMBL328250,CN(C)Cc1nnc2n1-c1ccc(Cl)cc1C(c1ccccc1)=NC2,5.48
OPRK1,CHEMBL1242,Nc1ccc(/N=N/c2ccccc2)c(N)n1,5.48
OPRK1,CHEMBL2112843,CC(C)[C@H]1[C@H]2c3ccccc3C[C@H](c3ccccc32)N1C,5.47
OPRK1,CHEMBL226730,COC(=O)[C@@H]1C[C@H](OC(C)=O)C(=O)[C@H]2[C@@]1(C)CC[C@H]1C(=O)OCC[C@]21C,5.47
OPRK1,CHEMBL233323,OC1(c2cccs2)CCN(C(c2ccccc2)c2ccccc2)CC1,5.47
OPRK1,CHEMBL492447,C1=C(c2ccccc2)c2ccccc2OC12CCNCC2,5.47
OPRK1,CHEMBL592301,CC[C@@]12CCN(Cc3ccc(F)cc3)C[C@@H]1Oc1c(O)cccc12,5.47
OPRK1,CHEMBL1258502,NC(=O)c1cccc(O[C@@H]2C[C@H]3CC[C@@H](C2)N3CC(=O)N2CCCC2)c1,5.47
OPRK1,CHEMBL4107030,O=C(O)CC1(CC(=O)O)C[C@@]2(O)[C@H]3Cc4ccc(O)cc4[C@@]2(CCN3CC2CC2)CC1=O,5.47
OPRK1,CHEMBL579408,CCC1(C)CC(CCNCc2ccccc2O)(c2ccccc2OC)CCO1,5.47
OPRK1,CHEMBL4740464,CO[C@@]12CC[C@@H](NCCCC(=O)O)[C@@H]3Oc4c(O)ccc5c4[C@@]31CCN(C)[C@@H]2C5,5.47
OPRK1,CHEMBL2103773,CCCCCCCCOc1ccccc1C(=O)Nc1ccc(C(=O)OCC[N+](C)(CC)CC)cc1.[Br-],5.47
OPRK1,CHEMBL5760474,COC(=O)c1cc(Br)cnc1N1CCC(NC2CCCCC2)C(F)C1,5.47
OPRK1,CHEMBL5972626,COc1ccc2c(c1)[C@]13CCN(CC4CC4)[C@H](C2=O)[C@]12CC[C@](O)(C3)C(=O)O2,5.47
OPRK1,CHEMBL108893,CCCCC(c1ccccc1)N1CC[C@H]1[C@H](N)c1cccc(Cl)c1,5.46
OPRK1,CHEMBL331764,COc1ccc(C[C@H]2CN3C(=NC[C@H]3C3CCCCC3)N2CCCC2CCCCC2)cc1,5.46
OPRK1,CHEMBL461571,Cc1c(C(=O)c2ccc(Cl)cc2)c2ccc(OC(F)(F)F)cc2n1Cc1cccc(O[C@H](C)C(=O)O)c1,5.46
OPRK1,CHEMBL571610,COc1cccc2c1O[C@H]1CCC[C@H]3CN(C)CC[C@@]231,5.46
OPRK1,CHEMBL1224141,Cc1ccc(C(N)=O)cc1O[C@H]1C[C@H]2CC[C@@H](C1)N2Cc1ccccc1,5.46
OPRK1,CHEMBL1976308,C/C(=N\Nc1ncc(Cl)cc1Cl)c1ccccn1,5.46
OPRK1,CHEMBL1706033,CC(C)N(CCNC(=O)c1ccc(CNS(=O)(=O)Cc2ccccc2)cc1)Cc1ccccc1,5.46
OPRK1,CHEMBL3952259,CC[C@H]1c2nc3ccccc3cc2[C@@H]2CCN(C)[C@@H]3CCC[C@H]1[C@H]32,5.46
OPRK1,CHEMBL4590786,CC(C)[C@H]1CC[C@@H](N2CCC(n3cc(CN4CCC(N)CC4)c4ccccc43)CC2)CC1,5.46
OPRK1,CHEMBL3188656,COC(=O)c1cc(Br)cnc1N1CCC(CNC2CCCCC2)CC1,5.46
OPRK1,CHEMBL324897,N[C@H](c1cccc(Cl)c1)[C@@H]1CCN1C(c1cccc(F)c1)c1cccc(F)c1,5.45
OPRK1,CHEMBL325874,O=C(OCc1cccnc1)N1CCC2(CC1)C(=O)NCN2c1ccccc1,5.45
OPRK1,CHEMBL420499,COc1ccc(CN2CCN(C(=O)CCn3cc(C)c4ccccc43)CC2)cc1OCc1ccccc1,5.45
OPRK1,CHEMBL241080,O=C1NCN(c2ccccc2)C12CCN(C(c1ccccc1)c1ccc(Cl)cc1)CC2,5.45
OPRK1,CHEMBL583331,CCN(CC)C(=O)c1ccc(N(c2cccc(NS(C)(=O)=O)c2)C2CCN(Cc3ccccc3)CC2)cc1,5.45
OPRK1,CHEMBL1479335,O=C(c1ccc([N+](=O)[O-])cc1)N(Cc1ccc(Br)cc1)N1C(=O)CCCC1=O,5.45
OPRK1,CHEMBL1594497,CCC(=NNc1ccnc2cc(Cl)ccc12)c1ccc(O)cc1,5.45
OPRK1,CHEMBL1350432,S=c1sc2c(Cl)ncnc2n1-c1ccccc1,5.45
OPRK1,CHEMBL3195760,C/C(=N\NC(=O)c1cc(Br)ccc1O)c1ccccn1,5.45
OPRK1,CHEMBL1700695,N#Cc1ccc(CSc2nnc(-c3ccccn3)n2Cc2cccs2)cc1,5.45
OPRK1,CHEMBL1735782,Fc1cc(F)cc(CSc2nnc(-c3ccccn3)n2Cc2cccs2)c1,5.45
OPRK1,CHEMBL2386820,CN1CC[C@@]2(CCc3ccccc3)c3cc(O)ccc3O[C@H]2C1,5.45
OPRK1,CHEMBL5201355,CN(CCCNC(=O)c1ccc2ccccc2n1)Cc1ccccc1,5.45
OPRK1,CHEMBL5563689,Cc1cc(O)cc(C)c1C[C@H](N)C(=O)N[C@@H]1CCCCNC(=O)C[C@H](C(=O)N2CCC[C@H]2C(N)=O)NC(=O)[C@H](Cc2ccccc2)NC(=O)CNC1=O,5.45
OPRK1,CHEMBL5761336,COc1ccc2c(c1)[C@]13CCN(CC4CC4)[C@H]([C@@H]2O)[C@@H]1CC[C@@]1(C3)NC(=O)NC1=O,5.45
OPRK1,CHEMBL3707095,C[C@@H]1[C@H]2c3cc(Nc4ccccc4)ccc3C[C@@H](c3ccc(Nc4ccccc4)cc32)N1C,5.44
OPRK1,CHEMBL124028,CC(C)C[C@@H]1CN2C(=NC[C@@H]2C)N1C(C)C12CC3CC(CC(C3)C1)C2,5.44
OPRK1,CHEMBL233494,COc1cccc(C2(O)CCN(C(c3ccccc3)c3ccccc3)CC2)c1,5.44
OPRK1,CHEMBL237072,NC(=O)c1ccc(Oc2ccc3c(c2)CN(CCc2ccccc2)CC3)nc1,5.44
OPRK1,CHEMBL272592,CC(C)(C)C1CCC(N2CCC3(CC2)C(=O)NCc2cc(F)ccc23)CC1,5.44
OPRK1,CHEMBL272600,CN1Cc2cccc(F)c2C2(CCN(C3CCC(C(C)(C)C)CC3)CC2)C1=O,5.44
OPRK1,CHEMBL569084,CCN(CC)C(=O)c1ccc(N(c2cccc(OC)c2)C2CCN(CCc3ccccc3)CC2)cc1,5.44
OPRK1,CHEMBL1564473,Clc1cccc(CSc2nnc(-c3ccccn3)n2Cc2ccco2)c1,5.44
OPRK1,CHEMBL1428935,N#CC(C#N)=C1C=CC=CN1/C(=C\c1ccco1)C(=O)c1ccc(Cl)cc1,5.44
OPRK1,CHEMBL163,CC(C)c1nc(CN(C)C(=O)N[C@H](C(=O)N[C@@H](Cc2ccccc2)C[C@H](O)[C@H](Cc2ccccc2)NC(=O)OCc2cncs2)C(C)C)cs1,5.44
OPRK1,CHEMBL3954961,CCCN1CC[C@H]2CC(=O)[C@H](Cc3ccccc3)[C@H]3CCC[C@@H]1[C@H]23,5.44
OPRK1,CHEMBL4113236,COC(=O)c1cc2c([nH]c1=O)C[C@@]13CCN(CC4CC4)C[C@@]1(Cc1ccc(OC)cc13)C2,5.44
OPRK1,CHEMBL4788135,CC(=O)N[C@@H](Cc1ccc(O)cc1)C(=O)NCC(=O)N1CCC[C@H]1C(=O)N[C@@H](Cc1ccccc1)C(=O)N[C@@H](CC(C)C)C(=O)N[C@@H](CCCNC(=N)N)C(=O)N[C@H](C)C(=O)N[C@@H](CCCNC(=N)N)C(=O)N1CCC[C@@H]1C(=O)N[C@@H](CCCCN)C(N)=O,5.44
OPRK1,CHEMBL1187011,CCCCCCCCCCCC[N+](C)(C)CCOc1ccccc1,5.44
OPRK1,CHEMBL315838,COc1ccc(C(=O)Nc2ccccc2CCC2CCCCN2C)cc1,5.44
OPRK1,CHEMBL107288,CCCCC(c1ccccc1)N1CC[C@H]1[C@@H](N)c1cccc(Cl)c1,5.43
OPRK1,CHEMBL22650,C=CCN1CC[C@@H](N(c2ccccc2)c2ccc(C(=O)N(CC)CC)cc2)[C@@H](C)C1,5.43
OPRK1,CHEMBL339697,CC(C)C[C@@H]1CN2C(=NC[C@@H]2C2CCCCC2)N1CCCC1CCCCC1,5.43
OPRK1,CHEMBL413571,O=C(NCCCN1CCC2(CCc3ccccc32)CC1)c1ccccc1-c1ccccc1,5.43
OPRK1,CHEMBL220248,C[C@H]1CN2CCN(c3ccccc3)C[C@H]2C[C@@]1(C)c1cccc(O)c1,5.43
OPRK1,CHEMBL1464745,Cc1ccc(CN2C3CCCC2CC(NC(=O)c2ccc(F)cc2)C3)cc1,5.43
OPRK1,CHEMBL3195898,O=C(N/N=C/c1ccccn1)c1cc(-c2ccc(Br)cc2)nc2ccccc12,5.43
OPRK1,CHEMBL1572001,CC(C)(C)c1ccc(-n2nc(C#N)c(Cl)cc2=O)cc1,5.43
OPRK1,CHEMBL1762399,CCCCCNCc1ccc(OCc2ccccc2C(=O)Nc2ccc3nc(C)cc(N)c3c2)cc1,5.43
OPRK1,CHEMBL3361419,COc1cc(NC2(CNC(=O)CNC(=N)N)CCN(Cc3ccccc3)CC2)cc(OC)c1,5.43
OPRK1,CHEMBL3951213,CN(C)C1(Cc2ccccc2)CCC(c2ccccc2)(N(C)C)CC1,5.43
OPRK1,CHEMBL416956,OC(c1cc(C(F)(F)F)nc2c(C(F)(F)F)cccc12)C1CCCCN1,5.43
OPRK1,CHEMBL12713,O=C1NCCN1CCN1CCC(c2cn(-c3ccc(F)cc3)c3ccc(Cl)cc23)CC1,5.43
OPRK1,CHEMBL451,CNC1=Nc2ccc(Cl)cc2C(c2ccccc2)=[N+]([O-])C1,5.43
OPRK1,CHEMBL465026,CN1CCOC(c2ccccc2)c2ccccc2C1,5.43
OPRK1,CHEMBL5910420,COC(=O)c1cc(C)ccc1N1CCC(NC2CCCCC2)C(OC)C1,5.43
OPRK1,CHEMBL325052,CCN1CC[C@@]2(C)c3cc(O)ccc3CC1[C@H]2C,5.42
OPRK1,CHEMBL117128,C[C@@H]1C2Cc3ccc(O)cc3[C@]1(C)CCN2C,5.42
OPRK1,CHEMBL326370,C[C@@H]1C2Cc3ccc(O)cc3[C@]1(C)CCN2,5.42
OPRK1,CHEMBL95319,C=C(C)CN1CCC23c4c5ccc(O)c4O[C@H]2c2[nH]c4ccccc4c2C[C@@]3(O)C1C5,5.42
OPRK1,CHEMBL2113282,O=C1[C@@H]2CCC[C@@]1(c1cccc(O)c1)CCN2CCc1ccccc1,5.42
OPRK1,CHEMBL272640,CC(C)(C)C1CCC(N2CCC3(CC2)C(=O)NCc2ccccc23)CC1,5.42
OPRK1,CHEMBL271590,CC(C)C1CCC(N2CCC3(CC2)C(=O)NCc2ccccc23)CC1,5.42
OPRK1,CHEMBL557252,COc1ccc2c(c1)[C@]13CCN(C)C[C@@]1(C2)Cc1c(n(C)c2ccccc12)C3,5.42
OPRK1,CHEMBL1644773,COC(=O)[C@@H]1C[C@H](OC(=O)[C@H](C)N)C(=O)[C@H]2[C@@]1(C)CC[C@H]1C(=O)O[C@H](c3ccoc3)C[C@]21C,5.42
OPRK1,CHEMBL1344225,COc1ccc(NC(=O)/C(Cl)=C(/Cl)[S+]([O-])Cc2ccc(C)cc2)cn1,5.42
OPRK1,CHEMBL1951699,CN1C[C@H](O)[C@]2(c3cccc(O)c3)CCC[C@H]1C2,5.42
OPRK1,CHEMBL4550088,CC(C)[C@H]1CC[C@@H](N2CCC(n3cc(CN4CCC(O)CC4)c4ccccc43)CC2)CC1,5.42
OPRK1,CHEMBL4789678,Cl.O=C([C@@H](Cc1cccc(C(F)(F)F)c1)NS(=O)(=O)c1cc(F)c2c(c1)CCNC2)N1CCCC1,5.42
OPRK1,CHEMBL250270,COC(=O)C1=C(C)NC(C)=C(C(=O)OC(C)(C)CN(C)CCC(c2ccccc2)c2ccccc2)C1c1cccc([N+](=O)[O-])c1,5.42
OPRK1,CHEMBL894,CC(NC(C)(C)C)C(=O)c1cccc(Cl)c1,5.42
OPRK1,CHEMBL5613503,FC(Cc1ccccc1)c1nnc(-c2ccccn2)n1Cc1ccco1,5.42
OPRK1,CHEMBL3414622,O=C([C@@H](Cc1cccc(C(F)(F)F)c1)NS(=O)(=O)c1cc(F)c2c(c1)CCNC2)N1CCCC1,5.42
OPRK1,CHEMBL5902311,C[C@@H](Cc1ccsc1)NC(=O)NC[C@H](Cc1ccc(O)nc1)N(C)C,5.42
OPRK1,CHEMBL106084,CCCCCC(c1ccccc1)N1CC[C@H]1[C@@H](N)c1cccc(Cl)c1,5.41
OPRK1,CHEMBL126857,CCN(CC)C(=O)c1ccc(C(=C2CCNCC2)c2ccc(Cl)c(Cl)c2)cc1,5.41
OPRK1,CHEMBL97979,CC(c1ccc(C2CCCCC2)cc1)N1CCC(N2C(=O)Cc3ccccc32)CC1,5.41
OPRK1,CHEMBL125424,COc1ccc(C[C@H]2CN3C(=NC[C@@H]3C3CCCCC3)N2CCCC2CCCCC2)cc1,5.41
OPRK1,CHEMBL378633,c1cnc2[nH]cc(C3CCN(CC4CCCCCCC4)CC3)c2c1,5.41
OPRK1,CHEMBL212405,CN[C@@H](Cc1ccc(O)cc1)CN(C)[C@H](CNCc1ccccc1)Cc1ccc(O)cc1,5.41
OPRK1,CHEMBL1713658,Cc1ccc(N2CCN(CCCNC(=O)Cn3c(=O)c4cccn4c4cc(Br)cnc43)CC2)cc1,5.41
OPRK1,CHEMBL3199359,COCC/N=c1\scc(-c2cc(OC)ccc2OC)n1/N=C/c1c[nH]c2ccccc12,5.41
OPRK1,CHEMBL3145240,Cc1ccc(-n2[nH]c(C)c(C=Nc3ccc(Cl)c4cccnc34)c2=O)cc1,5.41
OPRK1,CHEMBL3698823,O=C(O)c1nc2ccccc2n([C@H]2C[C@H]3CC[C@@H](C2)N3C23CCC(CC2)C3)c1=O,5.41
OPRK1,CHEMBL4442460,COc1ccccc1N1CCN(CCCNC(=O)NN(Cc2ccccc2)c2ccccc2)CC1,5.41
OPRK1,CHEMBL92870,Cc1cccc(C)c1NC(=O)CN1CCN(CCCC(c2ccc(F)cc2)c2ccc(F)cc2)CC1,5.41
OPRK1,CHEMBL419179,N[C@@H](c1cc(F)cc(F)c1)[C@@H]1CCN1C(c1ccccc1)c1ccccc1,5.4
OPRK1,CHEMBL2112649,CCN(CC)C(=O)c1ccc(C(c2ccc3cc[nH]c3c2)N2CCNCC2)cc1,5.4
OPRK1,CHEMBL373220,CCCN1C(=O)C2(CCN(CC3CCCCCCC3)CC2)c2cc(C(C)C)ccc21,5.4
OPRK1,CHEMBL407846,CC(C)C1CCC(N2CCC3(CC2)C(=O)NCc2cc(F)ccc23)CC1,5.4
OPRK1,CHEMBL502819,CN(CC(=O)N1CCN(C(=O)Nc2ccccc2)CC1CN1CCCC1)c1ccc(Cl)c(Cl)c1,5.4
OPRK1,CHEMBL499582,CNC(=O)c1cccc(-c2ccc(C(CN3CCOCC3)N(C)C(=O)Cn3c(=O)cnc4cc(C)c(C)cc43)cc2)c1,5.4
OPRK1,CHEMBL4463039,N#Cc1ccc2nnc(C(=O)N3CCC(c4ccccc4C(F)(F)F)CC3)n2c1,5.4
OPRK1,CHEMBL5076569,NCCCCN(C[C@H]1Cc2cccnc2CN1)[C@H]1CCCc2cccnc21,5.4
OPRK1,CHEMBL790,N=C(NCCCCCCNC(=N)NC(=N)Nc1ccc(Cl)cc1)NC(=N)Nc1ccc(Cl)cc1,5.4
OPRK1,CHEMBL1294,C=C[C@H]1CN2CC[C@H]1C[C@@H]2[C@@H](O)c1ccnc2ccc(OC)cc12,5.4
OPRK1,CHEMBL1584,CC(=O)c1ccc2c(c1)N(CCCN1CCC(CCO)CC1)c1ccccc1S2,5.4
OPRK1,CHEMBL2426364,O=C(c1ccc(C(=O)N2CCC(N3CCCC3)CC2)c(Nc2ccccc2)c1)N1CCC(N2CCCC2)CC1,5.4
OPRK1,CHEMBL6006804,Cc1cnc(N2CC[C@@H](NC3CCCCC3)[C@H](O)C2)c(Br)c1,5.4
OPRK1,CHEMBL6005782,CCO/N=C/c1cc(Br)cnc1N1CCC(NC2CCCCC2)CC1,5.4
OPRK1,CHEMBL6051481,O=c1c(P(=O)(O)O)nc2ccccc2n1[C@H]1C[C@H]2CC[C@@H](C1)N2C12CC3CC(CC1C3)C2,5.4
OPRK1,CHEMBL108417,CC(c1ccccc1)N1CC[C@H]1[C@@H](N)c1cccc(Cl)c1,5.39
OPRK1,CHEMBL332697,COc1cc(/C=C/C(=O)N2CCC(n3c(O)nc4ccccc43)CC2)c([N+](=O)[O-])cc1OC,5.39
OPRK1,CHEMBL393985,Cc1ccc(C2(O)CCN(C(c3ccccc3)c3ccccc3)CC2)cc1,5.39
OPRK1,CHEMBL1570958,CCC(=O)OCCNc1cc(Sc2nccn2C)c2nonc2c1[N+](=O)[O-],5.39
OPRK1,CHEMBL1422078,Cc1ccccc1N=Nc1ccc(O)c2ncccc12,5.39
OPRK1,CHEMBL1727555,Clc1ccccc1CSc1nnc(-c2ccccn2)n1Cc1cccs1,5.39
OPRK1,CHEMBL1701080,Brc1ccc(CSc2nnc(-c3ccccn3)n2Cc2ccccc2)cc1,5.39
OPRK1,CHEMBL2381590,COC(=O)[C@@H]1C[C@H](OC(=O)CCC(=O)O)C(=O)[C@H]2[C@@]1(C)CC[C@H]1C(=O)O[C@H](c3ccoc3)C[C@]21C,5.39
OPRK1,CHEMBL4217398,CC(C)(C)OC(=O)NCCCCCCn1cc(CCCCN2CCC(c3ccc(-c4cc(C(=O)O)cc5cc(-c6ccc(C(F)(F)F)cc6)ccc45)cc3)CC2)nn1,5.39
OPRK1,CHEMBL4636807,Cc1cc(=O)oc2ccc(N3C(=O)C4=C(SC[C@@H](NC(=O)[C@@H](N)Cc5ccc(O)cc5)C(=O)NCC(=O)N[C@@H](Cc5ccccc5)C(=O)NNC(=O)[C@H](Cc5ccccc5)NC(=O)CNC(=O)[C@H](NC(=O)[C@@H](N)Cc5ccc(O)cc5)CS4)C3=O)cc12.O=C(O)C(F)(F)F.O=C(O)C(F)(F)F,5.39
OPRK1,CHEMBL5273683,COc1cccc(C2(O)CCN(C(=O)Cn3ccc4ccccc43)CC2CN(C)C)c1,5.39
OPRK1,CHEMBL415,CN(C)CCCN1c2ccccc2CCc2ccc(Cl)cc21,5.39
OPRK1,CHEMBL2023898,COC(=O)N[C@H](C(=O)N1CCC[C@H]1c1ncc(-c2ccc(-c3ccc(-c4cnc([C@@H]5CCCN5C(=O)[C@@H](NC(=O)OC)C(C)C)[nH]4)cc3)cc2)[nH]1)C(C)C,5.39
OPRK1,CHEMBL106190,CCCCC(c1cccc(F)c1)N1CC[C@H]1[C@@H](N)c1cccc(Cl)c1,5.38
OPRK1,CHEMBL108900,CCCCC(c1cc(F)cc(F)c1)N1CC[C@H]1[C@H](N)c1cccc(Cl)c1,5.38
OPRK1,CHEMBL111192,CC(C)C1CCC(N2CCC(O)(c3cccc(C(F)(F)F)c3)CC2)CC1,5.38
OPRK1,CHEMBL113956,CCOc1ccc(CCNC(=O)N2CCN(CCCC(c3ccc(F)cc3)c3ccc(F)cc3)CC2)cc1,5.38
OPRK1,CHEMBL210024,CN(C[C@@H](N)Cc1ccc(O)cc1)[C@H](CNCc1ccccc1)Cc1ccc(O)cc1,5.38
OPRK1,CHEMBL230249,CC(c1ccccc1)N1CCC(O)(c2ccccc2)CC1,5.38
OPRK1,CHEMBL233493,COc1ccccc1C1(O)CCN(C(c2ccccc2)c2ccccc2)CC1,5.38
OPRK1,CHEMBL1223871,CN(C)C(=O)N[C@H]1CC[C@@H](CN2[C@@H]3CC[C@H]2C[C@@H](Oc2cccc(C(N)=O)c2)C3)CC1,5.38
OPRK1,CHEMBL1224142,Cc1c(O[C@H]2C[C@H]3CC[C@@H](C2)N3Cc2ccccc2)cccc1C(N)=O,5.38
OPRK1,CHEMBL1564311,Cc1cccc(-n2ccnc2CN2CCC(CO)(Cc3ccccc3)CC2)c1,5.38
OPRK1,CHEMBL1303426,Cc1c(Nc2cc(Cl)c3nonc3c2[N+](=O)[O-])c(=O)n(-c2ccccc2)n1C,5.38
OPRK1,CHEMBL1416089,CCS(=O)(=O)c1ncc(Cl)c(C(=O)Nc2ccc(S(=O)(=O)N(C)c3ccccc3)cc2)n1,5.38
OPRK1,CHEMBL1725083,Cc1c(CSc2nnc(-c3ccccn3)n2Cc2cccs2)cccc1[N+](=O)[O-],5.38
OPRK1,CHEMBL1375133,CCCN(CCC)CC(O)Cn1cc(/C=C/C(=O)c2cccs2)c2ccccc21,5.38
OPRK1,CHEMBL2386824,CN1CC[C@@]2(C)c3cc(O)ccc3O[C@H]2C1,5.38
OPRK1,CHEMBL3262550,CCC1C(=O)N(C2CCN(C(C)CC(c3ccccc3)c3ccccc3)CC2)c2ccccc21,5.38
OPRK1,CHEMBL5201238,COc1ccc(CN(C)CCCNC(=O)c2ccco2)cc1OC,5.38
OPRK1,CHEMBL5437720,COC(=O)C(Cc1ccccc1I)NC(=O)CN(Cc1ccccc1)C(=O)OC(C)(C)C,5.38
OPRK1,CHEMBL5574811,Cl.O=C(c1ccc[nH]1)N(c1ccccc1)C1CCN(CCc2ccccc2)CC1,5.38
OPRK1,CHEMBL127802,CCCCN1CCC(=C(c2ccccc2)c2ccc(C(=O)N(CC)CC)cc2)CC1,5.37
OPRK1,CHEMBL106359,CCCCC(CCCC)N1CC[C@H]1[C@@H](N)c1cccc(Cl)c1,5.37
OPRK1,CHEMBL113684,OC1(c2cccc(C(F)(F)F)c2)CCN(CC2CCCCCCC2)CC1,5.37
OPRK1,CHEMBL325516,O=C(OCCc1ccc(F)cc1)N1CCN(CCCC(c2ccc(F)cc2)c2ccc(F)cc2)CC1,5.37
OPRK1,CHEMBL3144468,CC(=O)N[C@@H](CCCNC(N)=O)C(=O)N[C@H](CC1CCCCC1)C(=O)N[C@H]1CC[C@H]2CCC[C@@H](C(=O)N[C@H](CCCN=C(N)N)C(=O)N[C@H](Cc3ccc(Cl)cc3)C(N)=O)N2C1=O,5.37
OPRK1,CHEMBL212525,Cn1cc(C2CCN(C3Cc4cccc5cccc3c45)CC2O)c2cccnc21,5.37
OPRK1,CHEMBL228795,OC1(c2ccccc2)CCN(C(c2ccccc2)c2ccc(C(F)(F)F)cc2)CC1,5.37
OPRK1,CHEMBL573757,CCN(CC)C(=O)c1ccc(N(c2cccc(N)c2)C2CCN(Cc3ccccc3)CC2)cc1,5.37
OPRK1,CHEMBL1588996,COc1ccc(N2CCN(CCCNC(=O)Cn3c(=O)c4cccn4c4ccccc43)CC2)cc1,5.37
OPRK1,CHEMBL1549254,Cc1ccc(C)c(N2CCN(C(=O)C(Cc3ccccc3)n3cccc3)CC2)c1,5.37
OPRK1,CHEMBL1723687,FC(F)(F)c1cc(CSc2nnc(-c3ccccn3)n2Cc2ccccc2Cl)ccc1Cl,5.37
OPRK1,CHEMBL1762406,Cc1cc(N)c2cc(NC(=O)c3ccccc3COc3ccc(CNCCCCN)cc3)ccc2n1,5.37
OPRK1,CHEMBL3361423,N=C(N)NCC(=O)NCC1(Cc2ccccc2)CCN(Cc2ccccc2)CC1,5.37
OPRK1,CHEMBL3393887,COC(=O)c1cccc(C(=O)Nc2nc3ccccc3n2CCN2CCCC2)c1,5.37
OPRK1,CHEMBL3665433,N#CCn1c(=O)c(=O)n(C2CCN(C3CCCCCCC3)CC2)c2ccccc21,5.37
OPRK1,CHEMBL4113521,COc1ccc2c(c1)[C@]13CCN(CC4CC4)C[C@@]1(C2)Cc1cc(C(N)=O)c(=O)[nH]c1C3,5.37
OPRK1,CHEMBL4544086,COc1ccccc1N1CCN(CCCNC(=O)NN(Cc2ccc(F)cc2)c2ccccc2)CC1,5.37
OPRK1,CHEMBL4745504,CC(=O)N[C@@H](Cc1ccc(O)cc1)C(=O)NCC(=O)N1CCC[C@H]1C(=O)N[C@@H](Cc1ccccc1)C(=O)N[C@@H](CC(C)C)C(=O)N[C@@H](CCCN)C(=O)N[C@H](C)C(=O)N[C@@H](CCCNC(=N)N)C(=O)N1CCC[C@H]1C(=O)N[C@@H](CCCCN)C(N)=O,5.37
OPRK1,CHEMBL5085511,c1cnc2c(c1)CN[C@@H](CN(CCCCNC1CCOCC1)[C@H]1CCCc3cccnc31)C2,5.37
OPRK1,CHEMBL60444,NCCCC[C@H](NC(=O)[C@H](Cc1ccccc1)NC(=O)[C@@H](CCCN=C(N)N)NC(=O)[C@@H](N)Cc1ccc(O)cc1)C(N)=O,5.37
OPRK1,CHEMBL255863,Cc1cn(-c2cc(NC(=O)c3ccc(C)c(Nc4nccc(-c5cccnc5)n4)c3)cc(C(F)(F)F)c2)cn1,5.37
OPRK1,CHEMBL188921,COc1cc(OC)c(C(=O)CCCN2CCCC2)c(OC)c1,5.37
OPRK1,CHEMBL77622,Oc1ccc(CCNCCCCCCNCCc2ccccc2)cc1O,5.37
OPRK1,CHEMBL228738,O=C(Nc1c(F)cccc1F)C(c1ccccc1)N1CCC(O)(c2ccccc2)CC1,5.36
OPRK1,CHEMBL1711136,Cc1ccc(S(=O)(=O)NCc2ccc(C(=O)NCCN(Cc3ccccc3)CC(C)C)cc2)cc1,5.36
OPRK1,CHEMBL1762404,CCCCCCCCCCNCc1ccc(OCc2ccccc2C(=O)Nc2ccc3nc(C)cc(N)c3c2)cc1,5.36
OPRK1,CHEMBL3799570,C[C@H]1[C@H]2Cc3ccc(O)cc3[C@]1(C)CCN2CCC(=O)Nc1ccc2ncccc2c1,5.36
OPRK1,CHEMBL3698759,NC(=O)CNc1nc2ccccc2n(C2CCN(C34CC5CC(CC(C5)C3)C4)CC2)c1=O,5.36
OPRK1,CHEMBL3698783,NC(=O)CNc1nc2ccccc2n([C@@H]2C[C@H]3CC[C@@H](C2)N3C2CCCCCCC2)c1=O,5.36
OPRK1,CHEMBL5828755,CCOC(=O)c1noc(-c2cc3cc(C)ccc3nc2N2CCC(NC3CCCCC3O)CC2)n1,5.36
OPRK1,CHEMBL319592,C=C(C)CN1CCC23c4c5ccc(O)c4O[C@H]2C(=O)/C(=C/c2ccccc2)C[C@@]3(O)C1C5,5.35
OPRK1,CHEMBL125137,C[C@H]1CN=C2N(CCC3CC4CCC3C4)[C@@H](C3CCCCC3)CN21,5.35
OPRK1,CHEMBL125276,C1CCC(CCCN2C3=NC[C@H](C4CCCCC4)N3C[C@@H]2C2CCCCC2)CC1,5.35
OPRK1,CHEMBL1497139,N#CC(C#N)=C1C=CC=CN1/C(=C\c1ccco1)C(=O)c1ccc(Br)cc1,5.35
OPRK1,CHEMBL1460705,O=C(Nc1nnc(SCc2ccc(F)cc2)s1)c1ccccn1,5.35
OPRK1,CHEMBL3698901,O=C(O)c1nc2ccccc2n([C@H]2C[C@H]3CCC[C@@H](C2)N3C2C3CCCC2CCC3)c1=O,5.35
OPRK1,CHEMBL3698777,O=c1c(NC[C@@H](O)CO)nc2ccccc2n1C1CCN(C23CC4CC(CC(C4)C2)C3)CC1,5.35
OPRK1,CHEMBL4475274,COc1cc(C[C@H](N)C(=O)N2CCC[C@H]2C(=O)N[C@@H](Cc2ccccc2)C(=O)N[C@@H](Cc2ccccc2)C(N)=O)cc(OC)c1O,5.35
OPRK1,CHEMBL5290025,COc1cccc(C2(O)CCN(C(=O)Cc3cc(C(F)(F)F)cc(C(F)(F)F)c3)CC2CN(C)C)c1,5.35
OPRK1,CHEMBL5903778,CCOC(=O)c1c(Cl)cc(C)nc1N1CCC(NC2CCCC[C@H]2O)CC1,5.35
OPRK1,CHEMBL5796876,CC(=O)c1cc(Br)cnc1N1CCC(NC2CCCCC2)C(O)C1,5.35
OPRK1,CHEMBL5946448,Cc1cnc(N2CCC(NC3CCCCC3)C(CO)C2)c(C=O)c1,5.35
OPRK1,CHEMBL5845843,Cc1ccc2nc(N3CCC(NC4COC4)CC3)c(-c3nc(C)no3)cc2c1,5.35
OPRK1,CHEMBL127507,CCN(CC)C(=O)c1ccc(C(c2ccccc2)N2CCCNCC2)cc1,5.34
OPRK1,CHEMBL397761,CCCCC1(O)CCN(C(c2ccccc2)c2ccccc2)CC1,5.34
OPRK1,CHEMBL576740,CCN(CC)C(=O)c1ccc(N(c2cccc(C(C)=O)c2)C2CCN(Cc3ccccc3)CC2)cc1,5.34
OPRK1,CHEMBL569529,CCN(CC)C(=O)c1ccc(N(c2cccc(O)c2)C2CCN(CCc3ccncc3)CC2)cc1,5.34
OPRK1,CHEMBL570448,CCN(CC)C(=O)c1ccc(N(c2cccc(O)c2)C2CCN(CCc3nccn3C)CC2)cc1,5.34
OPRK1,CHEMBL1200596,Oc1c(Cl)cc(Cl)c2cccnc12,5.34
OPRK1,CHEMBL1309573,O=C(Nc1nc2ccc(F)cc2s1)c1ccccn1,5.34
OPRK1,CHEMBL3197021,O=C(N/N=C/c1ccccn1)c1cc(-c2ccccc2)nc2ccccc12,5.34
OPRK1,CHEMBL1368060,CCCCN(CCCNC(=O)C1CCN(S(=O)(=O)N2CCOCC2)CC1)c1ccccc1,5.34
OPRK1,CHEMBL4067922,COc1ccc(C2CCCN2Cc2ccc(Oc3ccc(C(N)=O)c4ccccc34)cc2)cc1,5.34
OPRK1,CHEMBL6056478,CO[C@@H]1CN(c2nc(C)ccc2-c2ccc(C)nn2)CC[C@@H]1NC1CCCCC1,5.34
OPRK1,CHEMBL239819,O=C1NCN(c2ccccc2)C12CCN(C(c1cccc(Cl)c1)c1cccc(Cl)c1)CC2,5.33
OPRK1,CHEMBL1511139,CC(=O)c1ccc(S(=O)(=O)NCc2ccc(C(=O)NCC(c3ccccc3)N(C)C)cc2)cc1,5.33
OPRK1,CHEMBL1558590,CCCc1nc2oc3c(Cl)ncnc3c2c2c1CCCC2,5.33
OPRK1,CHEMBL4095366,NC(=O)[C@@H]1CC(=O)NCCCC[C@@H](NC(=O)[C@@H](N)Cc2ccc(O)cc2)C(=O)N[C@@H](Cc2ccccc2)C(=O)N2CCC[C@H](C2)C(=O)N1,5.33
OPRK1,CHEMBL4176316,C[C@H](NC(C)(C)CN(C)C(=O)C1(C(N)=O)CC1)c1ccccc1,5.33
OPRK1,CHEMBL4466953,Cc1cc(C[C@H](N)C(=O)N2CCC[C@H]2C(=O)N[C@@H](Cc2ccccc2)C(=O)N[C@@H](Cc2ccccc2)C(N)=O)cc(C)c1O,5.33
OPRK1,CHEMBL5770182,CNC(=O)c1cc2cc(C)ccc2nc1N1CCC(NC2CCCCC2)C(OC)C1,5.33
OPRK1,CHEMBL6078042,C/C=C1/C[N+]2(CC3CC3)CC[C@]34C(=C(C(=O)OC)[C@H]1C[C@@H]32)Nc1ccccc14.[Br-],5.33
OPRK1,CHEMBL554230,COCCC1CC2CN3CCc4c([nH]c5ccccc45)C(C(=O)OC)(C2)C13.Cl,5.32
OPRK1,CHEMBL457389,CN1C[C@@H]2Oc3c(O)cccc3[C@@]23CCC[C@@H]1C3,5.32
OPRK1,CHEMBL572669,CCN(CC)C(=O)c1ccc(N(c2cccc(C(C)O)c2)C2CCN(Cc3ccccc3)CC2)cc1,5.32
OPRK1,CHEMBL567818,CCN(CC)C(=O)c1ccc(N(c2cccc(C=O)c2)C2CCN(Cc3ccccc3)CC2)cc1,5.32
OPRK1,CHEMBL1417841,CCCCN(Cc1cc2cc(C)ccc2nc1O)C(=O)c1ccccn1,5.32
OPRK1,CHEMBL1377278,CCOc1ccccc1C(=O)NC1CC2CCCC(C1)N2Cc1ccc(C)cc1,5.32
OPRK1,CHEMBL1719053,CCN(CCNC(=O)c1ccc(CNS(=O)(=O)c2ccc(Br)cc2)cc1)Cc1ccccc1,5.32
OPRK1,CHEMBL3944286,COc1ccc2c(c1)[C@]13CCN(CC4CC4)C[C@]1(CC[C@@]1(C3)NC(=O)NC1=O)C2,5.32
OPRK1,CHEMBL5081505,c1cnc2c(c1)CN[C@@H](CN(CCCC1CCNCC1)[C@H]1CCCc3cccnc31)C2,5.32
OPRK1,CHEMBL87708,CN(CCCN1c2ccccc2CCc2ccccc21)CC(=O)c1ccc(Cl)cc1,5.32
OPRK1,CHEMBL1419,CC(C)CC(N(C)C)C1(c2ccc(Cl)cc2)CCC1,5.32
OPRK1,CHEMBL3640116,CC[C@H](CC(=O)O)n1c(=O)c2ncccc2n(Cc2cn(C)c3cc(C)cc(C)c23)c1=O,5.32
OPRK1,CHEMBL5566297,C[C@@H]1NC(=O)[C@H](NC(=O)[C@@H](N)Cc2ccc(O)cc2)CCCCNC(=O)C[C@H](C(=O)N2CCC[C@H]2C(N)=O)NC(=O)[C@H](Cc2ccccc2)NC1=O,5.32
OPRK1,CHEMBL5867844,CCN(CC)C(=O)c1cc(Br)cnc1N1CC[C@@H](NC2CCCCC2)[C@H](O)C1,5.32
OPRK1,CHEMBL125734,CCN(CC)C(=O)c1ccc(C(c2cccc3ccccc23)N2CCNCC2)cc1,5.31
OPRK1,CHEMBL121933,COc1ccc(C[C@H]2CN3C(=NC[C@@H]3C3CCCCC3)N2C(C)C23CC4CC(CC(C4)C2)C3)cc1,5.31
OPRK1,CHEMBL258669,CN1CC[C@]23c4c5cccc4O[C@H]2[C@@H](O)CC[C@H]3[C@H]1C5,5.31
OPRK1,CHEMBL1539624,Oc1ccc(N=Nc2ccc3c(c2)OCCO3)c2ncccc12,5.31
OPRK1,CHEMBL1578482,Oc1cc(CSc2ccc(Cl)cc2)nc(-c2ccccn2)n1,5.31
OPRK1,CHEMBL3192235,O=C(N/N=C/c1ccccn1)c1cc([N+](=O)[O-])cc([N+](=O)[O-])c1,5.31
OPRK1,CHEMBL1301723,N#CC(C#N)=C1C=CC=CN1/C(=C\c1ccco1)C(=O)c1ccccc1,5.31
OPRK1,CHEMBL1999049,CCn1c(Cl)c(C=O)s/c1=N\S(=O)(=O)c1ccccc1,5.31
OPRK1,CHEMBL1698780,CCN(CCNC(=O)c1ccc(CNS(=O)(=O)c2ccccc2)cc1)Cc1ccccc1,5.31
OPRK1,CHEMBL1342964,COc1ccc(CN(CC2CCCO2)C(=O)CN2C(=O)COc3ccccc32)cc1OC,5.31
OPRK1,CHEMBL2432045,c1ccc(CN[C@H]2C3C4CC5C6C4CC3C6C52)cc1,5.31
OPRK1,CHEMBL2,COc1cc2nc(N3CCN(C(=O)c4ccco4)CC3)nc(N)c2cc1OC,5.31
OPRK1,CHEMBL223228,O=C1Nc2ccc(Cl)cc2[C@@](C#CC2CC2)(C(F)(F)F)O1,5.31
OPRK1,CHEMBL485,COc1ccc2c3c1O[C@H]1[C@@H](O)C=C[C@H]4[C@@H](C2)N(C)CC[C@@]341,5.31
OPRK1,CHEMBL76370,CCCCCNC(=N)N/N=C/c1c[nH]c2ccc(OC)cc12,5.31
OPRK1,CHEMBL480,Cc1c(OCC(F)(F)F)ccnc1C[S+]([O-])c1nc2ccccc2[nH]1,5.31
OPRK1,CHEMBL125494,COc1ccc(C[C@@H]2CN3C(=NC[C@@H]3C3CCCCC3)N2CCCC2CCCCC2)cc1,5.3
OPRK1,CHEMBL126169,CC1CCC(CN2C3=NC[C@H](C)N3C[C@@H]2C2CCCCC2)CC1,5.3
OPRK1,CHEMBL257150,O=C(Cn1c(=O)oc2ccc(Cl)cc21)N1CCCC(c2ccccc2)C1CN1CCCC1,5.3
OPRK1,CHEMBL257171,Cc1cc2c(cc1C)N(CC(=O)N1CCCC(c3ccccc3)C1CN1CCCC1)C(=O)CO2,5.3
OPRK1,CHEMBL258251,N#CCN(CC(=O)N1CCCC(c2ccccc2)C1CN1CCOCC1)c1ccc(Cl)c(Cl)c1,5.3
OPRK1,CHEMBL569704,CCN(CC)C(=O)c1ccc(N(c2cccc(OC)c2)C2CCN(CCc3ccoc3)CC2)cc1,5.3
OPRK1,CHEMBL1714581,Cc1cc(C)c(S(=O)(=O)NCc2ccc(C(=O)NCCN3Cc4ccccc4C3)cc2)c(C)c1,5.3
OPRK1,CHEMBL1964464,C/C(=N\NC(=O)Cc1ccc(Cl)cc1)c1ccccn1,5.3
OPRK1,CHEMBL1562926,CCc1nnc(NC(=O)c2cccc(C(=O)Nc3nnc(CC)s3)n2)s1,5.3
OPRK1,CHEMBL1491626,COc1ccc(C(=O)/C=C/C(=O)N(CC(=O)NC2CCCCC2)Cc2ccccc2)c(O)c1,5.3
OPRK1,CHEMBL1609419,CC(=O)OCCNc1cc(Sc2nc3ccccc3[nH]2)c2nonc2c1[N+](=O)[O-],5.3
OPRK1,CHEMBL1762402,CCCCCCCCNCc1ccc(OCc2ccccc2C(=O)Nc2ccc3nc(C)cc(N)c3c2)cc1,5.3
OPRK1,CHEMBL2418745,COc1cc(C)c2c3c1O[C@H]1[C@H](F)[C@H](C)C[C@H]4[C@@H](C2)N(C)CC[C@@]341,5.3
OPRK1,CHEMBL3698893,O=C(O)c1nc2ccccc2n([C@H]2C[C@H]3CCC[C@@H](C2)N3C23CC4CC(CC(C4)C2)C3)c1=O,5.3
OPRK1,CHEMBL114655,CC(CCc1ccccc1)NC(C)C(O)c1ccc(O)cc1,5.3
OPRK1,CHEMBL5572773,Cl.O=C(c1ccccc1)N(c1ccccc1)C1CCN(CCc2ccccc2)CC1,5.3
OPRK1,CHEMBL324170,O=C(OCc1cc2c(cc1[N+](=O)[O-])OCO2)N1CCC2(CC1)C(=O)NCN2c1ccccc1,5.29
OPRK1,CHEMBL551072,COc1ccc2c(c1)[C@]13CCN(C)C[C@@]1(C2)Cc1c([nH]c2ccccc12)C3,5.29
OPRK1,CHEMBL1554920,Cc1cn(-c2cc(NC(=O)c3ccc(C)c(NC(=O)c4cccc(-c5cnnc(O)c5)c4)c3)cc(C(F)(F)F)c2)cn1.O=C(O)C(F)(F)F,5.29
OPRK1,CHEMBL1310782,COc1ccc(N=C(S)NC(NC(=O)c2ccccc2Cl)C(Cl)(Cl)Cl)c([N+](=O)[O-])c1,5.29
OPRK1,CHEMBL1400298,Oc1ccc2ccccc2c1N=Nc1ccccn1,5.29
OPRK1,CHEMBL3698813,CC1(N2[C@@H]3CCC[C@H]2C[C@@H](n2c(=O)c(C(=O)O)nc4ccccc42)C3)CCCCCCC1,5.29
OPRK1,CHEMBL5198915,NC(=O)CNC(=O)[C@@H]1CCC(=O)NCCCC[C@@H](NC(=O)[C@@H](N)Cc2ccc(O)cc2)C(=O)N[C@@H](Cc2c[nH]c3ccccc23)C(=O)N[C@@H](Cc2ccccc2)C(=O)N1,5.29
OPRK1,CHEMBL5186247,O=C1N[C@H](Cc2ccccc2)C(=O)N2CCC[C@@H]2C(=O)N[C@@H](Cc2ccccc2)C(=O)N[C@H]1Cc1c[nH]c2ccccc12,5.29
OPRK1,CHEMBL1113,Clc1ccc2c(c1)C(N1CCNCC1)=Nc1ccccc1O2,5.29
OPRK1,CHEMBL5425679,COc1cccc(CC2NC(=O)CN(CCc3ccccc3)C2=O)c1I,5.29
OPRK1,CHEMBL5858873,CO[C@H]1CN(c2nc3ccc(F)cc3cc2-c2nc(C)no2)CC[C@H]1NCC(C)C,5.29
OPRK1,CHEMBL1725867,Cc1ccc(CSc2nnc(-c3ccccn3)n2Cc2ccco2)cc1,5.28
OPRK1,CHEMBL1411665,Oc1nc(Nc2nc3ccccc3o2)nc2c1CCCC2,5.28
OPRK1,CHEMBL1377737,COc1ccc(C[S+]([O-])/C(Cl)=C(/Cl)C(=O)Nc2ccc(OC)nc2)cc1,5.28
OPRK1,CHEMBL1565646,COc1cc2c(cc1OC)C1(CCCC1)CNC2c1cccc([N+](=O)[O-])c1,5.28
OPRK1,CHEMBL1714511,Fc1ccc(CSc2nnc(-c3ccccn3)n2Cc2ccco2)c(F)c1F,5.28
OPRK1,CHEMBL3219939,CCO[C@@H](CBr)O[C@H]1C[C@@H](C(=O)OC)[C@]2(C)CC[C@H]3C(=O)O[C@H](c4ccoc4)C[C@]3(C)[C@H]2C1=O,5.28
OPRK1,CHEMBL4755568,CC(=O)N[C@@H](Cc1ccc(O)cc1)C(=O)NCC(=O)N1CCC[C@H]1C(=O)N[C@@H](Cc1ccccc1)C(=O)N[C@@H](CC(C)C)C(=O)N[C@@H](CCCNC(=N)N)C(=O)N[C@H](C)C(=O)N[C@@H](CCCNC(=N)N)C(=O)N1CCC[C@H]1C(=O)N[C@@H](CCCCN)C(N)=O,5.28
OPRK1,CHEMBL5902428,COC(=O)c1cc(-c2ccsc2)cnc1N1CCC(NC2CCCCC2)CC1,5.28
OPRK1,CHEMBL3186863,O=C(O)c1cc(Br)cnc1N1CCC(NC2CCCCC2)CC1,5.28
OPRK1,CHEMBL339898,CCN(CC)C(=O)c1ccc(C(=C2CCNCC2)c2cccc(C(F)(F)F)c2)cc1,5.27
OPRK1,CHEMBL3707101,COc1ccc2c(c1)[C@H]1c3cc(OC)ccc3[C@H](C2)N(CC2CC2)[C@@H]1C,5.27
OPRK1,CHEMBL1599708,CC(Oc1ccc(Br)cc1)C(=O)Nc1nc(-c2ccccn2)cs1,5.27
OPRK1,CHEMBL1456130,CCc1nc2sc3c(Cl)ncnc3c2c2c1CCCC2,5.27
OPRK1,CHEMBL1727975,Fc1ccc(CSc2nnc(-c3ccccn3)n2Cc2ccco2)c(C(F)(F)F)c1,5.27
OPRK1,CHEMBL3695222,NC(=O)[C@H](CO)Nc1nc2ccccc2n([C@@H]2C[C@H]3CC[C@@H](C2)N3C2CCCCCCC2)c1=O,5.27
OPRK1,CHEMBL4114883,N[C@]12CCC[C@H](C[C@H](n3c(=O)c(C(=O)O)nc4ccccc43)C1)N2C1CC2CCCC(C2)C1,5.27
OPRK1,CHEMBL534,CN1CCC(=C2c3ccccc3CC(=O)c3sccc32)CC1,5.27
OPRK1,CHEMBL142130,CC(=O)[C@@]1(O)CC[C@H]2[C@@H]3C=C(Cl)C4=CC(=O)[C@@H]5C[C@@H]5[C@]4(C)[C@H]3CC[C@@]21C,5.27
OPRK1,CHEMBL1729803,CCN(CC)CCn1c(=O)c(Cc2ccc(OC)cc2)nc2ccccc21,5.27
OPRK1,CHEMBL6032921,COC(=O)c1cccnc1N1CCC(NC2CCCCC2)C(CO)C1,5.27
OPRK1,CHEMBL123902,CC(C)C[C@@H]1CN2C(=NC[C@@H]2C)N1CCCC1CCCCC1,5.26
OPRK1,CHEMBL412301,COc1ccc2c3c1O[C@H]1[C@@H](OC)C=C[C@H]4[C@@H](C2)N(C)CC[C@@]341,5.26
OPRK1,CHEMBL261807,COC(=O)[C@@H]1C[C@H](OC(=O)c2ccc3ccccc3c2)C(=O)[C@H]2[C@@]1(C)CC[C@H]1C(=O)O[C@H](c3ccoc3)C[C@]21C,5.26
OPRK1,CHEMBL575926,CCN(CC)C(=O)c1ccc(N(c2cccc(C(=O)OC)c2)C2CCN(Cc3ccccc3)CC2)cc1,5.26
OPRK1,CHEMBL1578607,Cc1cccc(-c2nnc(NC(=O)c3ccc(Cl)cc3)o2)c1,5.26
OPRK1,CHEMBL256042,Cc1ccc(S(=O)(=O)Nc2cccc3cccnc23)c([N+](=O)[O-])c1,5.26
OPRK1,CHEMBL3193629,COc1ccccc1/N=c1\scc(-c2ccc3c(c2)NC(=O)CO3)n1CC1CCCO1,5.26
OPRK1,CHEMBL1385690,CCCC(=O)OCCNc1cc(Sc2nccn2C)c2nonc2c1[N+](=O)[O-],5.26
OPRK1,CHEMBL1762381,Cc1cc(N)c2cc(NC(=O)c3ccccc3COc3ccc(CNCCCNCc4ccc(OCc5ccccc5C(=O)Nc5ccc6nc(C)cc(N)c6c5)cc4)cc3)ccc2n1,5.26
OPRK1,CHEMBL4085033,NC(=O)[C@@H]1CC(=O)NCCCC[C@@H](NC(=O)[C@@H](N)Cc2ccc(O)cc2)C(=O)N[C@@H](Cc2ccccc2)C(=O)N2CCC(CC2)C(=O)N1,5.26
OPRK1,CHEMBL4177061,N[C@@H](Cc1ccc(O)cc1)C(=O)N1CCC[C@H]1C(=O)N[C@@H](Cc1c[nH]c2ccccc12)C(=O)N[C@@H](Cc1ccccc1)C(=O)O,5.26
OPRK1,CHEMBL623,CCc1nn(CCCN2CCN(c3cccc(Cl)c3)CC2)c(=O)n1CCOc1ccccc1,5.26
OPRK1,CHEMBL2369394,CC(C)C[C@H](NC(=O)[C@H](Cc1ccccc1)NC(=O)[C@@H]1CCCN1C(=O)CNC(=O)[C@@H](N)Cc1ccc(O)cc1)C(=O)N[C@@H](CCCN=C(N)N)C(N)=O,5.25
OPRK1,CHEMBL1464584,O=C(c1ccc([N+](=O)[O-])cc1)N(Cc1ccc(Cl)cc1)N1C(=O)CCCC1=O,5.25
OPRK1,CHEMBL1715518,Fc1ccc(CSc2nnc(-c3ccccn3)n2Cc2cccs2)c(F)c1,5.25
OPRK1,CHEMBL1324005,Cc1cccc(Cc2cnc(N3C(=N)SC(C)C3=O)s2)c1,5.25
OPRK1,CHEMBL1447284,COc1ccc(N=Nc2ccc(O)c3ncccc23)cc1,5.25
OPRK1,CHEMBL4111457,COc1ccc2c(c1)[C@]13CCN(CC4CC4)[C@H](C2)C1C[C@H](OCC(C)C)C(=O)C3,5.25
OPRK1,CHEMBL4172964,Nc1nc(Cl)cc(NC2CCN(Cc3ccccc3F)CC2)n1,5.25
OPRK1,CHEMBL5853267,COC(=O)c1cccnc1N1CCC(NC2CCCCC2C)C(O)C1,5.25
OPRK1,CHEMBL2114980,Cc1cc(O)cc(C)c1C[C@H](N)C(=O)N1Cc2cc(-c3ccccc3)ccc2C[C@H]1C(=O)O,5.24
OPRK1,CHEMBL1080787,CC(C)CN(C(=O)c1cccc(Cl)c1Cl)[C@H]1CCNC1,5.24
OPRK1,CHEMBL497,Oc1c(I)cc(Cl)c2cccnc12,5.24
OPRK1,CHEMBL1493936,N=C1S/C(=C\c2ccc(-c3cccc(Cl)c3)o2)C(=O)N1c1nccs1,5.24
OPRK1,CHEMBL1724710,Cc1cccc(-n2ccnc2CN2CCC(CO)(CC3CCCCO3)CC2)c1,5.24
OPRK1,CHEMBL5987267,COC(=O)c1cccnc1N1CC[C@@H](NC2CCCCC2)[C@H](O)C1,5.24
OPRK1,CHEMBL374602,OC1(c2ccccc2)CCN(C(c2ccccc2)c2ccccn2)CC1,5.23
OPRK1,CHEMBL241272,O=C1NCN(c2ccccc2)C12CCN(C(c1ccccc1Cl)c1ccccc1Cl)CC2,5.23
OPRK1,CHEMBL567213,CC[C@]12CCN(C[C@@H](O)c3ccccc3)C[C@H]1Oc1ccc(O)cc12,5.23
OPRK1,CHEMBL1966192,COc1ccc(CCN2C(=O)CS/C2=N\c2ccc(C(C)C)cc2)cc1OC,5.23
OPRK1,CHEMBL1350780,COc1cccc(N=Nc2ccc3cccnc3c2O)c1,5.23
OPRK1,CHEMBL1426792,COc1ccc(C(=O)/C(=C\c2ccco2)N2C=CC=CC2=C(C#N)C#N)cc1,5.23
OPRK1,CHEMBL1762398,CCCCNCc1ccc(OCc2ccccc2C(=O)Nc2ccc3nc(C)cc(N)c3c2)cc1,5.23
OPRK1,CHEMBL862,N=C(N)NC(=O)Cc1c(Cl)cccc1Cl,5.23
OPRK1,CHEMBL833,Clc1ccccc1CN1CCc2sccc2C1,5.23
OPRK1,CHEMBL422,CN1CCN(CCCN2c3ccccc3Sc3ccc(C(F)(F)F)cc32)CC1,5.23
OPRK1,CHEMBL3187698,COC(=O)c1cc(Br)cnc1N1CCC(N)C(O)C1,5.23
OPRK1,CHEMBL327118,N[C@H](c1cccc(Cl)c1)[C@@H]1CCN1C(c1cccc(Cl)c1)c1cccc(Cl)c1,5.22
OPRK1,CHEMBL109563,CCCC1CCC(N2CCC(O)(c3cccc(C(F)(F)F)c3)CC2)CC1,5.22
OPRK1,CHEMBL213416,CNC[C@H](Cc1ccccc1)N(C)C[C@@H](Cc1ccc(O)cc1)N(C)C[C@@H](Cc1ccc(O)cc1)N(C)C,5.22
OPRK1,CHEMBL461258,COCCN(C(=O)c1ccc(Cl)c(Cl)c1)C1c2cc(OC)c(OC)cc2CCC1N(C)C,5.22
OPRK1,CHEMBL1727109,COc1ccc(CSc2nnc(-c3ccccn3)n2Cc2cccs2)cc1,5.22
OPRK1,CHEMBL1735732,Cc1ccc(S(=O)(=O)NCc2ccc(C(=O)NCCN3CCc4ccccc4C3)cc2)cc1,5.22
OPRK1,CHEMBL1724187,COC(=O)c1ccc(CSc2nnc(-c3ccccn3)n2Cc2cccs2)cc1,5.22
OPRK1,CHEMBL1732727,O=C(NCCN(Cc1ccccc1)Cc1ccccc1)c1ccc(CNS(=O)(=O)c2ccc(Br)cc2)cc1,5.22
OPRK1,CHEMBL1718305,O=C(NC(NC(=S)Nc1ccc(F)cc1)C(Cl)(Cl)Cl)OCc1ccccc1,5.22
OPRK1,CHEMBL3698882,O=C(O)c1nc2ccccc2n([C@H]2C[C@H]3COC[C@@H](C2)N3C2CCCCCCC2)c1=O,5.22
OPRK1,CHEMBL4211267,C[C@@]12C[C@H](c3ccoc3)OC(=O)[C@@H]1CC[C@]1(C)[C@H]2[C@H]2C=C[C@]1(OC(=O)/C=C/c1ccccc1)C(=O)O2,5.22
OPRK1,CHEMBL4638693,O=C(Cc1ccccc1)N1CC[C@]23c4c5ccc(O)c4O[C@H]2c2[nH]c4ccccc4c2C[C@@]3(O)[C@H]1C5,5.22
OPRK1,CHEMBL127788,CCN(CC)C(=O)c1ccc(C(=C2CCN(CC3CC3)CC2)c2ccccc2)cc1,5.21
OPRK1,CHEMBL286411,CC(C)C1CCC(N2CCC(N3C(=O)N[C@@H]4CCCC[C@H]43)CC2)CC1,5.21
OPRK1,CHEMBL3707087,c1ccc2c(c1)C[C@H]1c3ccccc3[C@H]2[C@@H]2CCCN12,5.21
OPRK1,CHEMBL577786,CCN(CC)C(=O)c1ccc(N(c2ccc(C(N)=O)cc2)C2CCN(Cc3ccccc3)CC2)cc1,5.21
OPRK1,CHEMBL3212029,Fc1ccccc1/C=N/Nc1nc(-c2ccccn2)nc2ccccc12,5.21
OPRK1,CHEMBL1588411,Cc1nnc(Sc2cc(NCCCO)c([N+](=O)[O-])c3nonc23)s1,5.21
OPRK1,CHEMBL1351467,COc1ccc(N2CCN(CCCNC(=O)C(=O)c3c(C)n(C)c4ccccc34)CC2)cc1,5.21
OPRK1,CHEMBL1762410,Cc1cc(N)c2cc(NC(=O)c3ccccc3COc3ccc(CNCCCCCCCCCN)cc3)ccc2n1,5.21
OPRK1,CHEMBL1479,C#C[C@]1(O)CC[C@H]2[C@@H]3CCC4=Cc5oncc5C[C@]4(C)[C@H]3CC[C@@]21C,5.21
OPRK1,CHEMBL3359800,COC(=O)[C@@H]1C[C@H](OC(C)=O)C(=O)[C@H]2[C@@]1(C)CC[C@H]1C(=O)O[C@H](c3ccoc3C#Cc3ccccc3OC)C[C@]21C,5.21
OPRK1,CHEMBL4100033,Cc1cc(S(=O)(=O)NCC(=O)NC2CCC2NC(C)C)ccc1F,5.21
OPRK1,CHEMBL5933536,COC(=O)c1cc([N+](=O)[O-])cnc1N1CCC(NC2CCCCC2)CC1,5.21
OPRK1,CHEMBL257415,Cc1cc2ncc(=O)n(CC(=O)N3CCCC(c4ccccc4)C3CN3CCCC3)c2cc1C,5.2
OPRK1,CHEMBL402303,CN(CC(=O)N1CCC[C@H](c2ccccc2)[C@@H]1CN1CCCC1)c1ccc(Cl)c(Cl)c1,5.2
OPRK1,CHEMBL1442788,Cc1c(Cl)sn(-c2ccc(Cl)cc2)c1=O,5.2
OPRK1,CHEMBL3145316,Cc1ccc(-n2[nH]c(C)c(/C=N/N3C(=O)c4cccc5cccc(c45)C3=O)c2=O)cc1,5.2
OPRK1,CHEMBL83,CC/C(=C(\c1ccccc1)c1ccc(OCCN(C)C)cc1)c1ccccc1,5.2
OPRK1,CHEMBL1241,CN(C)CCN(Cc1ccccc1)c1ccccn1,5.2
OPRK1,CHEMBL2106822,CCN(CC)Cc1nccn1-c1ccc([N+](=O)[O-])cc1C(=O)c1ccccc1Cl,5.2
OPRK1,CHEMBL13280,CN1C(=O)CN=C(c2ccccc2F)c2cc([N+](=O)[O-])ccc21,5.2
OPRK1,CHEMBL285802,CN(C)CCOC1=Cc2ccccc2Sc2ccc(Cl)cc21,5.2
OPRK1,CHEMBL603,COc1cc(C(=O)NS(=O)(=O)c2ccccc2C)ccc1Cc1cn(C)c2ccc(NC(=O)OC3CCCC3)cc12,5.2
OPRK1,CHEMBL324895,CCCCC(c1cc(F)cc(F)c1)N1CC[C@H]1[C@@H](N)c1cccc(Cl)c1,5.19
OPRK1,CHEMBL125326,CC(C)C[C@@H]1CN2C(=NC[C@@H]2C)N1CC1CCC(C)CC1,5.19
OPRK1,CHEMBL420903,N[C@@H](Cc1ccc(O)cc1)C(=O)N[C@@H]1CSC[C@@H](C(=O)O)NC(=O)[C@H](Cc2ccccc2)NC(=O)CNC1=O,5.19
OPRK1,CHEMBL570645,CCN(CC)C(=O)c1ccc(N(c2cccc(OC)c2)C2CCN(CCc3cccs3)CC2)cc1,5.19
OPRK1,CHEMBL1384246,COC(=O)c1ccc(C)c(-n2c(=O)n(Cc3ccccc3)c(=O)c3[nH]cnc32)c1,5.19
OPRK1,CHEMBL1490336,CCOc1ccc2nc(NC(=O)c3ccccn3)sc2c1,5.19
OPRK1,CHEMBL1276308,CC#C[C@]1(O)CC[C@H]2[C@@H]3CCC4=CC(=O)CCC4=C3[C@@H](c3ccc(N(C)C)cc3)C[C@@]21C,5.19
OPRK1,CHEMBL3800620,C[C@H]1[C@H]2Cc3ccc(O)cc3[C@]1(C)CCN2CCC(=O)Nc1cnc2ccccc2c1,5.19
OPRK1,CHEMBL3925461,CN1CC[C@]23CC(=O)[C@@H](CC(=O)N4CCC(O)CC4)C[C@@]2(O)[C@H]1Cc1ccc(O)cc13,5.19
OPRK1,CHEMBL4075479,Cc1cccc(C(O)CNC(C)Cn2cc(Br)cn2)c1,5.19
OPRK1,CHEMBL5280329,C[C@@H]1[C@@H]2Cc3ccccc3[C@]1(C)CCN2CCN1CCCC1,5.19
OPRK1,CHEMBL5289807,C[C@@H]1[C@@H]2Cc3ccccc3[C@]1(C)CCN2CCNc1ccccc1,5.19
OPRK1,CHEMBL1346,NC(=O)C(c1ccccc1)(c1ccccc1)[C@@H]1CCN(CCc2ccc3c(c2)CCO3)C1,5.19
OPRK1,CHEMBL114940,O=C(OCc1cc2c(cc1[N+](=O)[O-])OCO2)N1CC=C(n2c(O)nc3ccccc32)CC1,5.18
OPRK1,CHEMBL111918,O=C(O)CN1CN(c2ccccc2)C2(CCN(C(=O)OCc3cc4c(cc3Cl)OCO4)CC2)C1=O,5.18
OPRK1,CHEMBL390280,OC1(c2ccccc2)CCN(C(c2ccccc2)c2cccc(C(F)(F)F)c2)CC1,5.18
OPRK1,CHEMBL577394,CCN(CC)C(=O)c1ccc(N(c2cccc(CO)c2)C2CCN(Cc3ccccc3)CC2)cc1,5.18
OPRK1,CHEMBL1472570,N=C1SCC(=O)N1c1ncc(Cc2ccccc2Cl)s1,5.18
OPRK1,CHEMBL1711584,COC(=O)c1ccc(CSc2nnc(-c3ccccn3)n2Cc2ccco2)cc1,5.18
OPRK1,CHEMBL633,CCCCc1oc2ccccc2c1C(=O)c1cc(I)c(OCCN(CC)CC)c(I)c1,5.18
OPRK1,CHEMBL4090036,CC(CCc1ccc(O)cc1)NCCc1ccccc1,5.18
OPRK1,CHEMBL42,CN1CCN(C2=Nc3cc(Cl)ccc3Nc3ccccc32)CC1,5.18
OPRK1,CHEMBL3186108,COC(=O)c1cc(F)cnc1N1CCC(NC2CCCCC2)CC1,5.18
OPRK1,CHEMBL228736,COC(=O)C(c1ccccc1)N1CCC(O)(c2ccccc2)CC1,5.17
OPRK1,CHEMBL563980,Cl.O=c1n(C[C@H](O)CO)c2ccccc2n1C1CCN(C[C@H]2[C@H]3CC[C@H](C3)C23CC3)CC1,5.17
OPRK1,CHEMBL1258166,NC(=O)c1cccc(O[C@@H]2C[C@H]3CC[C@@H](C2)N3CC2CC2)c1,5.17
OPRK1,CHEMBL1964873,O=C(N/N=C/c1ccccn1)c1sc2ccccc2c1Cl,5.17
OPRK1,CHEMBL1546739,N=C1SCC(=O)N1c1ncc(Cc2cccc(Cl)c2)s1,5.17
OPRK1,CHEMBL1306723,COc1ccc(C)c(-n2c(=O)n(Cc3ccccc3)c(=O)c3[nH]cnc32)c1,5.17
OPRK1,CHEMBL1390716,Cc1[nH]c2ccccc2c1/C=C1\SC(=N)N(c2nccs2)C1=O,5.17
OPRK1,CHEMBL140425,O=[N+]([O-])c1cc(Cl)c(O)c2ncccc12,5.17
OPRK1,CHEMBL1485010,O=C(OCn1ncc(Br)c(Br)c1=O)c1ccc(F)cc1,5.17
OPRK1,CHEMBL1710468,N#Cc1ccc(CSc2nnc(-c3ccccn3)n2Cc2ccco2)cc1,5.17
OPRK1,CHEMBL3704606,O=C(O)CN1CCN(Cc2nc3ccccc3n2[C@H]2C[C@H]3CCC[C@@H](C2)N3[C@H]2C[C@@H]3CCC[C@@H](C3)C2)CC1,5.17
OPRK1,CHEMBL4074931,NC(=O)[C@@H]1CC(=O)NCCCC[C@@H](NC(=O)[C@@H](N)Cc2ccc(O)cc2)C(=O)N[C@@H](Cc2ccccc2)C(=O)N2CCCC[C@H]2C(=O)N1,5.17
OPRK1,CHEMBL5175179,C=C(C(N)=O)[C@@H](NC(=O)[C@H](Cc1c[nH]c2ccccc12)NC(=O)[C@@H](C)N(C)C(=O)[C@@H](N)Cc1c(C)cc(O)cc1C)c1ccco1,5.17
OPRK1,CHEMBL517,CC(C)N(CCC(C(N)=O)(c1ccccc1)c1ccccn1)C(C)C,5.17
OPRK1,CHEMBL1382,Cc1ccc(O)c([C@H](CCN(C(C)C)C(C)C)c2ccccc2)c1,5.17
OPRK1,CHEMBL3183786,COC(=O)c1cc(Br)cnc1N1CCC(N[C@H](C)C2CCCCC2)CC1,5.17
OPRK1,CHEMBL5832980,CC(=O)c1cc(Br)cnc1N1CCC(NC2CCCCC2)CC1,5.17
OPRK1,CHEMBL3707076,Brc1ccc(CNc2ccc3c(c2)[C@H]2c4cc(NCc5ccc(Br)cc5)ccc4[C@H](C3)N3CCC[C@@H]23)cc1,5.16
OPRK1,CHEMBL3707086,C[C@@H]1[C@H]2c3cc(Br)ccc3C[C@@H](c3ccc(Br)cc32)N1C,5.16
OPRK1,CHEMBL124642,CCN(CC)C(=O)c1ccc(C(c2ccccc2)N2CCN(C)CC2)cc1,5.16
OPRK1,CHEMBL199639,O=C(NCCCN1CCC2(CCc3ccccc32)CC1)[C@@H](O)Cc1ccccc1,5.16
OPRK1,CHEMBL1504142,Nc1c2c(nc3sc4c(c13)CCCC4)CCCC2,5.16
OPRK1,CHEMBL3192010,C/C(=N\NC(=O)C1COc2ccccc2O1)c1ccccn1,5.16
OPRK1,CHEMBL1557648,O=C(Nc1nnc(-c2ccccc2)o1)c1ccc(Cl)cc1,5.16
OPRK1,CHEMBL3665424,NC(=O)Cn1c(=O)c(=O)n(C2CCN(C3Cc4cccc5cccc3c45)CC2)c2ccccc21,5.16
OPRK1,CHEMBL926,CC(CCc1ccc(O)cc1)NCCc1ccc(O)c(O)c1,5.16
OPRK1,CHEMBL43,COc1cc(NS(C)(=O)=O)ccc1Nc1c2ccccc2nc2ccccc12,5.16
OPRK1,CHEMBL5405776,COc1cccc(CC2NC(=O)CN(CCCc3ccccc3)C2=O)c1I,5.16
OPRK1,CHEMBL5771093,COC(=O)c1cccnc1N1CCC(NC2CCOCC2)C(O)C1,5.16
OPRK1,CHEMBL5944215,CCc1noc(-c2cc(C)cnc2N2CC[C@@H](NC3CCCCC3)[C@H](O)C2)n1,5.16
OPRK1,CHEMBL129420,CCN(CC)C(=O)c1ccc(C(c2cccc3cccnc23)N2CCNCC2)cc1,5.15
OPRK1,CHEMBL2113369,COC(=O)[C@@H]1C[C@H](OC(C)=O)C(=O)[C@@H]2[C@@]3(C)C[C@@H]([C@]4(O)[C@@H](OC)O[C@@H](OC)[C@H]4O)CC(=O)[C@@H]3CC[C@]21C,5.15
OPRK1,CHEMBL460631,COCCN(C(=O)c1sccc1Cl)C1c2ccccc2C=CC1N1CCN(c2ccccc2)CC1,5.15
OPRK1,CHEMBL570446,CCN(CC)C(=O)c1ccc(N(c2cccc(OC)c2)C2CCN(CCc3ccco3)CC2)cc1,5.15
OPRK1,CHEMBL1574879,COc1ccc(NC(=O)/C(Cl)=C(/Cl)[S+]([O-])Cc2ccccc2)cn1,5.15
OPRK1,CHEMBL1477197,COCCN(CC(=O)NC1CCCCC1)C(=O)/C=C/C(=O)c1ccc(OC)cc1O,5.15
OPRK1,CHEMBL1492017,COCc1cc(O)nc(Nc2nc3ccc(C)cc3o2)n1,5.15
OPRK1,CHEMBL3237721,Cc1cc(O)cc(C)c1C[C@H](N)C(=O)N[C@@H]1CSCCSC(C)(C)[C@H](C(=O)N[C@@H](CO)C(=O)O)NC(=O)C2(Cc3ccccc3C2)NC1=O,5.15
OPRK1,CHEMBL4112220,CC12C[C@H]3C[C@@H](N4[C@@H]5COC[C@H]4C[C@@H](n4c(=O)c(N6CC[C@H]6C(=O)O)nc6ccccc64)C5)C[C@@H]1C[C@@H]2C3,5.15
OPRK1,CHEMBL1201313,CN(C)CCC(O)(c1ccccc1)c1ccccc1Cl,5.15
OPRK1,CHEMBL652,O=C(NCC1CCCCN1)c1cc(OCC(F)(F)F)ccc1OCC(F)(F)F,5.15
OPRK1,CHEMBL106366,CCCC(c1ccccc1)N1CC[C@H]1[C@H](N)c1cccc(Cl)c1,5.14
OPRK1,CHEMBL324479,COC(=O)c1csc(S(=O)(=O)N2CCN(C(=O)c3ccccc3Nc3ccccc3)CC2)c1OC,5.14
OPRK1,CHEMBL3707075,Oc1ccc2c(c1)[C@H]1c3cc(O)ccc3[C@H](C2)N2CCC[C@@H]12,5.14
OPRK1,CHEMBL1458833,COc1ccc(/C=C2\SC(=N)N(c3nccs3)C2=O)cc1OC,5.14
OPRK1,CHEMBL1423597,COc1ccc(-n2nc(C#N)c(Cl)cc2=O)cc1,5.14
OPRK1,CHEMBL1307050,CCc1ccc(NC(=O)c2nc(S(=O)(=O)Cc3ccccc3)ncc2Cl)cc1,5.14
OPRK1,CHEMBL3924522,COc1ccc2c(c1)[C@]13CCN(CC4CC4)[C@H](C2)[C@]1(O)C[C@H](NC(=O)C(C)C)C(=O)C3,5.14
OPRK1,CHEMBL4572614,Cc1ncc2nccn2c1-c1ccc(Oc2nccc3occc23)cc1C(F)(F)F,5.14
OPRK1,CHEMBL305660,CC(C)(C)c1ccc(C(=O)CCCN2CCC(OC(c3ccccc3)c3ccccc3)CC2)cc1,5.14
OPRK1,CHEMBL5567205,CC1(C)NC(=O)[C@H](NC(=O)[C@@H](N)Cc2ccc(O)cc2)CCCCNC(=O)C[C@H](C(=O)N2CCC[C@H]2C(N)=O)NC(=O)[C@H](Cc2ccccc2)NC1=O,5.14
OPRK1,CHEMBL6037893,COC1CN(c2nc3ccccc3cc2C2=NCC(C)O2)CCC1NC1CCCCC1,5.14
OPRK1,CHEMBL5962316,COC1CN(c2nc3ccccc3cc2C2=NCC(C)O2)CCC1NC1CCCCC1O,5.14
OPRK1,CHEMBL415521,CCN(CC)C(=O)c1ccc(C(=C2CCNCC2)c2ccccc2)cc1,5.13
OPRK1,CHEMBL3707097,Brc1ccc2c(c1)[C@H]1c3cc(Br)ccc3[C@H](C2)N2CCC[C@@H]12,5.13
OPRK1,CHEMBL3706637,c1ccc2c(c1)C[C@@H]1c3ccccc3[C@H]2[C@@H]2CCCCN12,5.13
OPRK1,CHEMBL317956,CC(C)[C@H](NC(=O)[C@H](CC(=O)O)NC(=O)[C@H](Cc1ccccc1)NC(=O)[C@@H](C)NC(=O)[C@@H](N)Cc1ccc(O)cc1)C(=O)N[C@H](C(=O)NCC(N)=O)C(C)C,5.13
OPRK1,CHEMBL233721,CC(C)C1(O)CCN(C(c2ccccc2)c2ccccc2)CC1,5.13
OPRK1,CHEMBL259658,COC(=O)[C@@H]1C[C@H](NC(=O)c2ccccc2)C(=O)[C@H]2[C@@]1(C)CC[C@H]1C(=O)O[C@H](c3ccoc3)C[C@]21C,5.13
OPRK1,CHEMBL1572356,N=C1SCC(=O)N1c1ncc(Cc2ccc(F)cc2)s1,5.13
OPRK1,CHEMBL1545369,Cc1cc(OCC(=O)Nc2ccc(S(=O)(=O)N3CCN(C)CC3)cc2)cc(C)c1Cl,5.13
OPRK1,CHEMBL1706901,Cc1ccc(S(=O)(=O)NCc2ccc(C(=O)NCCN(Cc3ccccc3)Cc3ccccc3)cc2)cc1,5.13
OPRK1,CHEMBL3219940,CCO[C@H](CBr)O[C@H]1C[C@@H](C(=O)OC)[C@]2(C)CC[C@H]3C(=O)O[C@H](c4ccoc4)C[C@]3(C)[C@H]2C1=O,5.13
OPRK1,CHEMBL1086,CCCCOc1cc(C(=O)NCCN(CC)CC)c2ccccc2n1,5.13
OPRK1,CHEMBL661,Cc1nnc2n1-c1ccc(Cl)cc1C(c1ccccc1)=NC2,5.13
OPRK1,CHEMBL5851429,O=C(NP(=O)(O)O)c1nc2ccccc2n([C@H]2C[C@H]3CCC[C@@H](C2)N3C2CCCCCCC2)c1=O,5.13
OPRK1,CHEMBL24035,C=CCN1CCN(C(c2ccccc2)c2ccc(C(=O)N(CC)CC)cc2)CC1,5.12
OPRK1,CHEMBL2114978,Cc1cc(O)cc(C)c1C[C@H](N)C(=O)N1Cc2cc(-c3ccc(F)cc3)ccc2C[C@H]1C(=O)O,5.12
OPRK1,CHEMBL1359415,CCOc1ccc(C(=O)NC2CC3CCCC(C2)N3Cc2ccccc2)cc1,5.12
OPRK1,CHEMBL1403666,O=C(CSc1nnc(-c2ccccn2)n1Cc1ccco1)c1ccc(Cl)cc1,5.12
OPRK1,CHEMBL1808299,CN1CC[C@]23C[C@H]1CC[C@H]2Oc1c(O)cccc13,5.12
OPRK1,CHEMBL3759092,C[C@H]1[C@H]2Cc3ccc(O)cc3[C@]1(C)CCN2CCC(=O)Nc1ccccc1,5.12
OPRK1,CHEMBL4458424,O=C(Nc1cnc(Oc2ccc(F)cc2)nc1)N1CCc2ncccc2[C@@H]1c1ccc(F)cc1,5.12
OPRK1,CHEMBL5942146,Cc1cnc(-c2cc(C)cnc2N2CCC(NC3CCCCC3)CC2)nc1,5.12
OPRK1,CHEMBL320804,CCC(c1ccccc1)N1CC[C@H]1[C@H](N)c1cccc(Cl)c1,5.11
OPRK1,CHEMBL1708361,COc1ccc(CSc2nnc(-c3ccccn3)n2Cc2ccco2)cc1,5.11
OPRK1,CHEMBL1302391,Cc1n[nH]c(C)c1S(=O)(=O)N1CCC(C(=O)N2CCn3c2nc2ccccc23)CC1,5.11
OPRK1,CHEMBL270605,O=[N+]([O-])c1ccccc1S(=O)(=O)Nc1cccc2cccnc12,5.11
OPRK1,CHEMBL1170,CCC(=O)O[C@H]1CC[C@H]2[C@@H]3CCC4=CC(=O)CC[C@]4(C)[C@H]3CC[C@]12C,5.11
OPRK1,CHEMBL972,C#CCN(C)[C@H](C)Cc1ccccc1,5.11
OPRK1,CHEMBL5978872,COC(=O)c1cc(Br)cnc1N1C2CCC1CC(NC1CCCCC1)C2,5.11
OPRK1,CHEMBL370870,O=C(NCCCN1CCC2(CCc3ccccc32)CC1)[C@@H]1CCCN1Cc1ccccc1,5.1
OPRK1,CHEMBL255460,O=C(Cn1c(=O)sc2ccc(Cl)cc21)N1CCCC(c2ccccc2)C1CN1CCOCC1,5.1
OPRK1,CHEMBL402520,O=C1COc2cc(Cl)c(Cl)cc2N1CC(=O)N1CCCC(c2ccccc2)C1CN1CCOCC1,5.1
OPRK1,CHEMBL526192,O=C(O)c1ccc(S(=O)(=O)N2CCN(C(=O)Cn3c(=O)oc4ccc(Cl)cc43)C(CN3CCCC3)C2)cc1O,5.1
OPRK1,CHEMBL501461,CN(CC(=O)N1CCN(C(=O)c2ccccc2)CC1CN1CCCC1)c1ccc(Cl)c(Cl)c1,5.1
OPRK1,CHEMBL459784,COCCN(C(=O)Cc1ccc(Cl)cc1)C1c2ccccc2C=CC1N1CCN(c2ccccc2)CC1,5.1
OPRK1,CHEMBL1965132,COc1ccc(C(=O)Nc2ccccc2C(=O)N/N=C/c2ccccn2)cc1OC,5.1
OPRK1,CHEMBL1544221,COc1ccc(-c2csc(Cc3nc(O)cs3)n2)cc1,5.1
OPRK1,CHEMBL1522211,CCCOc1ccc(C(=O)NNC(=S)NC(=O)CC)cc1,5.1
OPRK1,CHEMBL1729515,Fc1cc(F)cc(CSc2nnc(-c3ccccn3)n2Cc2ccco2)c1,5.1
OPRK1,CHEMBL1704158,Clc1ccc(CSc2nnc(-c3ccc(Br)cc3)n2Cc2ccco2)cc1Cl,5.1
OPRK1,CHEMBL2261248,COc1ccc2c3c1O[C@H]1[C@@]4(OC)C=C[C@@]5(C[C@@H]4c4ccc(N)cc4)[C@@H](C2)N(C)CC[C@]315,5.1
OPRK1,CHEMBL3904456,COc1ccc2c(c1)[C@]13CCN(C)[C@H](C2)[C@]1(O)C[C@H](CCOCc1ccccc1)C(=O)C3,5.1
OPRK1,CHEMBL4208735,CC(=O)O[C@@]12C=C[C@@H](OC1=O)[C@H]1[C@]3(C)C[C@H](c4ccoc4)OC(=O)[C@@H]3CC[C@]12C,5.1
OPRK1,CHEMBL1085699,COC(=O)C1=C(C)NC(C)=C(C(=O)OCCN2CCN(C(c3ccccc3)c3ccccc3)CC2)C1c1cccc([N+](=O)[O-])c1,5.1
OPRK1,CHEMBL1201271,CC(C)(C)c1ccc(CN2CCN(C(c3ccccc3)c3ccc(Cl)cc3)CC2)cc1,5.1
OPRK1,CHEMBL555649,CN(CCc1cccc2sccc12)[C@@H]1CCCC[C@H]1N1CCCC1.Cl,5.09
OPRK1,CHEMBL437742,O=C(O)c1ccccc1C(c1ccccc1)N1CCC(O)(c2ccccc2)CC1,5.09
OPRK1,CHEMBL1461585,CC(=O)Nc1ccc(NC(=O)C(C)OC(=O)c2ccccc2C(=O)c2ccc(Cl)c([N+](=O)[O-])c2)cc1,5.09
OPRK1,CHEMBL1387060,Cc1ccc(C(=O)NC2CC3CCCC(C2)N3Cc2ccccc2)cc1,5.09
OPRK1,CHEMBL1610025,CCC(=O)OCCNc1cc(Sc2nc3ccccc3s2)c2nonc2c1[N+](=O)[O-],5.09
OPRK1,CHEMBL1726372,Cc1c(CSc2nnc(-c3ccccn3)n2Cc2ccco2)cccc1[N+](=O)[O-],5.09
OPRK1,CHEMBL4061999,Cc1nc(O)cc(C2CCN(Cc3ccc(C4CCCC4)s3)CC2)n1,5.09
OPRK1,CHEMBL278789,C[C@@H](NC(=O)[C@@H](N)Cc1ccc(O)cc1)C(=O)N[C@@H](Cc1ccccc1)C(=O)NCC(=O)N[C@@H](Cc1ccc(O)cc1)C(=O)N1CCC[C@H]1C(=O)N[C@@H](CO)C(N)=O,5.09
OPRK1,CHEMBL2105617,CCC1C2CC3C4N(C)c5ccccc5C45CC(C2[C@H]5O)N3C1O,5.09
OPRK1,CHEMBL22097,CN1C(=O)C(O)N=C(c2ccccc2Cl)c2cc(Cl)ccc21,5.09
OPRK1,CHEMBL5778534,CN(C)[C@H](CNC(=O)NCCN1C(=O)C2C3C=CC(O3)C2C1=O)Cc1ccc(O)cc1,5.09
OPRK1,CHEMBL127007,CCN(CC)C(=O)c1ccc(C(=C2CCNCC2)c2ccc(Cl)cc2)cc1,5.08
OPRK1,CHEMBL1223955,NC(=O)c1cccc([S+]([O-])[C@H]2C[C@H]3CC[C@@H](C2)N3Cc2ccccc2)c1,5.08
OPRK1,CHEMBL341910,Nc1ccc(C2(c3ccc(N)cc3)c3ccccc3-c3ccccc32)cc1,5.08
OPRK1,CHEMBL1477640,Cc1[nH]c(N=Nc2ccccc2)nc1N=Nc1ccccc1,5.08
OPRK1,CHEMBL1978355,CSC(=S)N/N=C(\C)c1ccccc1,5.08
OPRK1,CHEMBL1605583,COc1cc(/C=C2\SC(=S)N(Nc3ccccc3)C2=O)ccc1O,5.08
OPRK1,CHEMBL1391094,Cc1ccc(NC(=O)c2cc(N3C(=O)C=CC3=O)ccc2N2CCOCC2)cc1,5.08
OPRK1,CHEMBL1505604,O=C(Nc1nc2c(F)cc(F)cc2s1)c1ccccn1,5.08
OPRK1,CHEMBL1598011,CC1=NN(c2ccccc2)C(=O)/C1=C/C=C/c1ccc(N(C)C)cc1,5.08
OPRK1,CHEMBL1951700,CN1C[C@@H](O)[C@]2(c3cccc(O)c3)CCC[C@H]1C2,5.08
OPRK1,CHEMBL3986032,COc1ccc2c(c1)[C@]13CCN(CC4CC4)C[C@]1(CC[C@]1(C3)NC(=O)NC1=O)C2,5.08
OPRK1,CHEMBL144439,NC1CCc2cc(O)ccc2C1,5.08
OPRK1,CHEMBL5182849,C=C(C(N)=O)[C@@H](NC(=O)[C@H](Cc1ccccc1)NC(=O)[C@@H](C)N(C)C(=O)[C@@H](N)Cc1c(C)cc(O)cc1C)c1ccco1,5.08
OPRK1,CHEMBL363295,CC(CC(c1ccccc1)c1ccccc1)NC(C)(C)C,5.08
OPRK1,CHEMBL376359,Cn1c(=O)cc(N2CCC[C@@H](N)C2)n(Cc2ccccc2C#N)c1=O,5.08
OPRK1,CHEMBL831,CN1CCN(C2=Nc3ccccc3Oc3ccc(Cl)cc32)CC1,5.08
OPRK1,CHEMBL377182,COC(=O)c1coc([C@@H]2C[C@]3(C)[C@H]4C(=O)[C@@H](OC(C)=O)C[C@@H](C(=O)OC)[C@]4(C)CC[C@H]3C(=O)O2)n1,5.07
OPRK1,CHEMBL3189289,CCCOc1cccc(-c2cc(C(=O)N/N=C/c3ccccn3)c3ccccc3n2)c1,5.07
OPRK1,CHEMBL1463088,Cc1cc2nc(N3C(=O)CNC3=S)sc2cc1C,5.07
OPRK1,CHEMBL1323553,O=S(=O)(Nc1cccc2cccnc12)c1ccc(S(=O)(=O)N2CCCC2)cc1,5.07
OPRK1,CHEMBL3189245,C/C(=N\NC(=O)c1ccccc1Cl)c1ccccn1,5.07
OPRK1,CHEMBL1699229,Brc1ccc(CSc2nnc(-c3ccccn3)n2Cc2cccnc2)cc1,5.07
OPRK1,CHEMBL2022295,COC(=O)[C@@H]1C[C@H](OC(C)=O)C(=O)[C@H]2[C@@]1(C)CC[C@H]1C(=O)O[C@H](C(=O)c3ccc(O)cc3)C[C@]21C,5.07
OPRK1,CHEMBL460291,CCOC(=O)C1=C(C)NC(C)=C(C(=O)OCC)C1c1ccccc1/C=C/C(=O)OC(C)(C)C,5.07
OPRK1,CHEMBL2103772,CC(=O)SCC(Cc1ccccc1)C(=O)NCC(=O)OCc1ccccc1,5.07
OPRK1,CHEMBL321092,C=CCN1CC[C@H](N(c2ccccc2)c2ccc(C(=O)N(CC)CC)cc2)[C@@H](C)C1,5.06
OPRK1,CHEMBL379941,CNC[C@@H](Cc1ccccc1)N(C)C[C@@H](Cc1ccc(O)cc1)N(C)C[C@@H](Cc1ccc(O)cc1)N(C)C,5.06
OPRK1,CHEMBL1224066,NC(=O)c1ccnc(O[C@H]2C[C@H]3CC[C@@H](C2)N3Cc2ccccc2)c1,5.06
OPRK1,CHEMBL1384550,Cc1cccc(CSc2cccc3cccnc23)c1,5.06
OPRK1,CHEMBL1332111,O=C(Nc1nnc(-c2ccc(F)cc2)o1)c1cc(Cl)sc1Cl,5.06
OPRK1,CHEMBL1724470,COc1cccc(CSc2nnc(-c3ccccn3)n2Cc2cccs2)c1,5.06
OPRK1,CHEMBL5176887,C=C(C(N)=O)[C@@H](NC(=O)[C@H](Cc1c[nH]c2ccccc12)NC(=O)[C@@H](C)N(C)C(=O)[C@@H](N)Cc1c(C)cc(O)cc1C)c1ccccc1,5.06
OPRK1,CHEMBL896,OCCOCCN1CCN(C(c2ccccc2)c2ccc(Cl)cc2)CC1,5.06
OPRK1,CHEMBL5834605,C/C(N)=C/C(=C(\N)N1CCC(NC2CCOCC2)CC1)c1nc(C)no1,5.06
OPRK1,CHEMBL5873468,Cc1cc(-c2nc(C)no2)c(N2CCC(NC3CCOCC3)CC2)nn1,5.06
OPRK1,CHEMBL297452,COc1ccc2c(c1)CN(C(=O)C(N)Cc1c(C)cc(O)cc1C)[C@H](C(=O)O)C2,5.05
OPRK1,CHEMBL1553074,O=[N+]([O-])c1ccc2nc(Cl)nc(-c3ccccc3)c2c1,5.05
OPRK1,CHEMBL4105599,Cc1ccc(C(=O)NCC2NCCc3ccccc32)cc1C,5.05
OPRK1,CHEMBL5077132,CN(CCCCN(C[C@H]1Cc2ncccc2CN1)[C@H]1CCCc2cccnc21)C1CCOCC1,5.05
OPRK1,CHEMBL1480,CCOC(=O)C1=C(C)NC(C)=C(C(=O)OC)C1c1cccc(Cl)c1Cl,5.05
OPRK1,CHEMBL1201213,CCC(NC(C)C)C(O)c1ccc(O)c(O)c1,5.05
OPRK1,CHEMBL1571863,Clc1ccc(C(Cn2ccnc2)OCc2c(Cl)cccc2Cl)c(Cl)c1,5.05
OPRK1,CHEMBL234773,CCCCCCC1(O)CCN(C(c2ccccc2)c2ccccc2)CC1,5.04
OPRK1,CHEMBL1391435,CCC(C)(C(=O)NC1CCCC1)N(Cc1ccco1)C(=O)c1ccccn1,5.04
OPRK1,CHEMBL3145108,COc1ccc(-c2cc(=O)n(-c3nc4ccccc4[nH]3)[nH]2)cc1,5.04
OPRK1,CHEMBL3199851,O=C(N/N=C/c1ccccn1)c1cc(Br)ccc1O,5.04
OPRK1,CHEMBL1566610,C=C1C(=O)O[C@@H]2C[C@@H](C)[C@@H]3C=CC(=O)[C@@]3(C)[C@@H](OC(=O)CC(=O)O[C@H]3[C@@H]4C(=C)C(=O)O[C@@H]4C[C@@H](C)[C@@H]4C=CC(=O)[C@]43C)[C@H]12,5.04
OPRK1,CHEMBL1724632,COc1ccc(CN(CCNC(=O)c2cccc(CNS(=O)(=O)c3ccc(C)cc3)c2)C(C)C)cc1,5.04
OPRK1,CHEMBL1412822,Clc1ccccc1CSc1nnc(-c2ccccn2)n1Cc1ccco1,5.04
OPRK1,CHEMBL1762411,Cc1cc(N)c2cc(NC(=O)c3ccccc3COc3ccc(CNCCCCCCCCCCN)cc3)ccc2n1,5.04
OPRK1,CHEMBL2022304,COC(=O)[C@@H]1C[C@H](OC(C)=O)C(=O)[C@H]2[C@@]1(C)CC[C@H]1C(=O)O[C@H](C(=O)c3cc4ccccc4s3)C[C@]21C,5.04
OPRK1,CHEMBL4527584,NC(=O)[C@H](Cc1ccccc1)NC(=O)[C@H](Cc1ccccc1)NC(=O)[C@@H]1CCCN1C(=O)[C@@H](N)Cc1cccc(O)c1,5.04
OPRK1,CHEMBL2104523,CCOc1cc(N)c([N+](=O)[O-])cc1C(=O)NC1CCN(CC2CC=CCC2)CC1,5.04
OPRK1,CHEMBL967,CN1C(=O)C(O)N=C(c2ccccc2)c2cc(Cl)ccc21,5.04
OPRK1,CHEMBL5583961,NC(=O)CNC(=O)[C@H]1CC(=O)NCCCC[C@@H](NC(=O)[C@@H](N)Cc2ccc(O)cc2)C(=O)NCC(=O)N[C@@H](Cc2ccccc2)C(=O)N1,5.04
OPRK1,CHEMBL3183532,COC(=O)c1cc(Br)cnc1N1CCC(NCCO)CC1,5.04
OPRK1,CHEMBL5934921,O[C@@H]1CN(c2ncc(Br)cc2-c2nc(C3CC3)no2)CC[C@H]1NC1CCCCC1,5.04
OPRK1,CHEMBL2114982,COc1ccc2c(c1)CN(C(=O)[C@@H](N)Cc1c(C)cc(O)cc1C)[C@H](C(=O)O)C2,5.03
OPRK1,CHEMBL44732,Cc1cc(O)cc(C)c1CC(N)C(=O)N1Cc2cc(O)ccc2C[C@H]1C(=O)O,5.03
OPRK1,CHEMBL80823,CC(=O)NC[C@@H]1Cc2ccccc2CN1C(=O)[C@@H](N)Cc1c(C)cc(O)cc1C,5.03
OPRK1,CHEMBL1976317,CC(=O)/C(=N\Nc1ccc(Cl)cc1Cl)Sc1cccc2cccnc12,5.03
OPRK1,CHEMBL1310734,COc1cc2c(c(OC)c1OC)-c1c(cc3c(c1OC)OCO3)C1OC2[C@@H](C)[C@H]1C,5.03
OPRK1,CHEMBL1471189,CC(=O)O.Cc1nc2scc(-c3ccccc3)c2c(=O)n1N=C1C=CC(=O)C=C1,5.03
OPRK1,CHEMBL1731013,Cc1ccc2nc(O)c(CN(Cc3ccccc3)C(=O)c3ccccn3)cc2c1,5.03
OPRK1,CHEMBL3359802,CCCC#Cc1occc1[C@@H]1C[C@]2(C)[C@H]3C(=O)[C@@H](OC(C)=O)C[C@@H](C(=O)OC)[C@]3(C)CC[C@H]2C(=O)O1,5.03
OPRK1,CHEMBL1623,Cc1cccc(CN2CCN(C(c3ccccc3)c3ccc(Cl)cc3)CC2)c1,5.03
OPRK1,CHEMBL946,CN1CCC(=C2c3ccccc3CCc3cccnc32)CC1,5.03
OPRK1,CHEMBL1405973,CCCCCCOc1ccccc1C(N)=O,5.03
OPRK1,CHEMBL1454910,O=[N+]([O-])c1ccc(O)c2ncccc12,5.03
OPRK1,CHEMBL552659,Cl.Cl.Fc1ccc(C(c2ccc(F)cc2)N2CCN(C/C=C/c3ccccc3)CC2)cc1,5.02
OPRK1,CHEMBL202443,O=C(NCCCN1CCC2(CCc3ccccc32)CC1)c1ccccc1Oc1ccccc1,5.02
OPRK1,CHEMBL231874,OC1(c2ccco2)CCN(C(c2ccccc2)c2ccccc2)CC1,5.02
OPRK1,CHEMBL566557,CC[C@]12CCN(C[C@H](O)c3ccccc3)C[C@H]1Oc1ccc(O)cc12,5.02
OPRK1,CHEMBL1448582,CCN(CCCNC(=O)C1CCN(S(=O)(=O)N2CCC3(CC2)OCCO3)CC1)c1ccccc1,5.02
OPRK1,CHEMBL1462003,Cc1ccccc1NC(=O)c1ccc(Nc2c([N+](=O)[O-])cc([N+](=O)[O-])c3ccccc23)cc1,5.02
OPRK1,CHEMBL1981951,CC1=C/C(=N\NC(=S)Nc2cccnc2)CC(C)(C)C1,5.02
OPRK1,CHEMBL1363376,O=C(Nc1nccs1)c1sc2cc(Cl)ccc2c1Cl,5.02
OPRK1,CHEMBL1736750,Cc1cc(C)c(CSc2nnc(-c3ccccn3)n2Cc2cccs2)c(C)c1,5.02
OPRK1,CHEMBL282121,CCN(CCCCOC(=O)c1ccc(OC)c(OC)c1)C(C)Cc1ccc(OC)cc1,5.02
OPRK1,CHEMBL379870,CN[C@H](CN[C@H](CN)Cc1ccc(O)cc1)Cc1ccc(O)cc1,5.01
OPRK1,CHEMBL460893,Cc1nn(-c2ccccc2)cc1CN1CCC2(CC1)OCc1ccccc12,5.01
OPRK1,CHEMBL560667,Cc1c(CN[C@H]2CC[C@@H](F)C2)nn(CCC#N)c1-c1cc(F)cc(F)c1,5.01
OPRK1,CHEMBL1542886,O=C(Nc1nnc(-c2cccs2)o1)c1cccc(Oc2ccccc2)c1,5.01
OPRK1,CHEMBL1608776,O=C(C#Cc1ccccc1)c1ccc([N+](=O)[O-])cc1,5.01
OPRK1,CHEMBL4100198,NC(=O)c1cc(S(=O)(=O)NC2CCN(Cc3ccccc3)CC2)cs1,5.01
OPRK1,CHEMBL2040682,CC(C)C(=O)OCC(=O)[C@@]12O[C@H](C3CCCCC3)O[C@@H]1C[C@H]1[C@@H]3CCC4=CC(=O)C=C[C@]4(C)[C@H]3[C@@H](O)C[C@@]12C,5.01
OPRK1,CHEMBL402813,COCCN(CC(=O)N1CCCC(c2ccccc2)C1CN1CCOCC1)c1ccc(Cl)c(Cl)c1,5.0
OPRK1,CHEMBL517866,CN1CC[C@@]23C[C@@H]1CC[C@H]2Oc1ccc(O)cc13,5.0
OPRK1,CHEMBL564840,Cl.O=c1n(C[C@@H](O)CO)c2ccccc2n1C1CCN(C[C@H]2[C@H]3CC[C@H](C3)C23CC3)CC1,5.0
OPRK1,CHEMBL606343,COc1ccc2c3c1O[C@H]1[C@]4(OC)C=C[C@@]5(C[C@@H]4c4ccc([N+](=O)[O-])cc4)[C@@H](C2)N(C)CC[C@]315,5.0
OPRK1,CHEMBL589260,CC[C@@]12CCN(CC3CC3)C[C@@H]1Oc1c(O)cccc12,5.0
OPRK1,CHEMBL3194040,O=C(N/N=C/c1ccccn1)c1ccc(Cl)cc1,5.0
OPRK1,CHEMBL3193056,C=CC/N=c1\scc(-c2ccc3c(c2)NC(=O)CO3)n1/N=C(\C)c1ccccn1,5.0
OPRK1,CHEMBL1702487,Cc1cc(C)c(CSc2nnc(-c3ccccn3)n2Cc2ccco2)c(C)c1,5.0
OPRK1,CHEMBL1726942,COc1ccc(CN(Cc2ccccn2)C(=O)CN2C(=O)COc3ccccc32)cc1,5.0
OPRK1,CHEMBL2261250,COc1ccc2c3c1O[C@H]1[C@@]4(OC)C=C[C@@]5(C[C@@H]4c4ccccc4N)[C@@H](C2)N(C)CC[C@]315,5.0
OPRK1,CHEMBL3393070,O=C(Nc1nc2ccccc2n1CCN1CCCC1)c1cccc(-c2nnn[nH]2)c1,5.0
OPRK1,CHEMBL4278465,OC1(c2ccc(Cl)c(C(F)(F)F)c2)CCN(CCCCN(c2ccc(F)cc2)c2ccc(F)cc2)CC1,5.0
OPRK1,CHEMBL4293307,COc1ccc(N(CCCCN2CCC(O)(c3ccc(Cl)c(C(F)(F)F)c3)CC2)c2ccc(OC)cc2)cc1,5.0
OPRK1,CHEMBL4526351,Cc1cc(NC(=O)c2cccc(S(F)(F)(F)(F)F)c2)cc(-n2ccn3nc(-c4cccnc4)cc23)c1,5.0
OPRK1,CHEMBL5083458,c1cnc2c(c1)CN[C@@H](CN(CCCCNC1COC1)[C@H]1CCCc3cccnc31)C2,5.0
OPRK1,CHEMBL288441,COc1cc(Nc2c(C#N)cnc3cc(OCCCN4CCN(C)CC4)c(OC)cc23)c(Cl)cc1Cl,5.0
OPRK1,CHEMBL523,O=C1CN=C(c2ccccc2)c2cc(Cl)ccc2N1,5.0
OPRK1,CHEMBL434394,OC(CNCC(O)C1CCc2cc(F)ccc2O1)C1CCc2cc(F)ccc2O1,5.0
OPRK1,CHEMBL203266,COc1ccc(CN2CCNCC2)c(OC)c1OC,5.0
OPRK1,CHEMBL28218,O=C(CCCN1CCC(O)(c2ccc(Br)cc2)CC1)c1ccc(F)cc1,5.0
OPRK1,CHEMBL5814228,COC(=O)c1cc(Br)cnc1N1CCC(NC2CC3CCC2(C)C3(C)C)CC1,5.0
OPRK1,CHEMBL6057039,COC1CN(c2ncc(Br)cc2C(C)=O)CCC1NC1CCCCC1,5.0
