target,molecule_chembl_id,canonical_smiles,pchembl_value
OPRM1,CHEMBL199832,Oc1ccc2c(c1)[C@@]13CCCCC1[C@@H](C2)N(C[C@@H]1CCCO1)CC3,11.0
OPRM1,CHEMBL58362,CC[C@@H]1CN2CC[C@]3(Nc4cccc(OC)c4C3=O)[C@@H]2C[C@@H]1/C(=C\OC)C(=O)OC,11.0
OPRM1,CHEMBL326684,CO[C@@]12CCC(=O)[C@]3(C)Oc4c(O)ccc5c4[C@@]31CCN(C)[C@@H]2C5,11.0
OPRM1,CHEMBL4550234,C=C(C(N)=O)C(NC(=O)[C@H](Cc1ccccc1)NC(=O)[C@@H](C)N(C)C(=O)C(N)Cc1c(C)cc(O)cc1C)c1ccco1,10.96
OPRM1,CHEMBL4521879,C=C(C(N)=O)C(NC(=O)[C@H](Cc1ccccc1)NC(=O)[C@@H](C)N(C)C(=O)C(N)Cc1c(C)cc(O)cc1C)c1ccccc1,10.96
OPRM1,CHEMBL4439415,C=C(C(N)=O)C(NC(=O)[C@H](Cc1c[nH]c2ccccc12)NC(=O)[C@@H](C)N(C)C(=O)C(N)Cc1c(C)cc(O)cc1C)c1ccco1,10.96
OPRM1,CHEMBL4450250,C=C(C(N)=O)C(NC(=O)[C@H](Cc1c[nH]c2ccccc12)NC(=O)[C@@H](C)N(C)C(=O)C(N)Cc1c(C)cc(O)cc1C)c1ccccc1,10.96
OPRM1,CHEMBL5175179,C=C(C(N)=O)[C@@H](NC(=O)[C@H](Cc1c[nH]c2ccccc12)NC(=O)[C@@H](C)N(C)C(=O)[C@@H](N)Cc1c(C)cc(O)cc1C)c1ccco1,10.96
OPRM1,CHEMBL443311,O=C1CC[C@@]2(NCCCc3ccc(Cl)cc3)[C@H]3Cc4ccc(O)c5c4[C@@]2(CCN3CC2CC2)[C@H]1O5,10.9
OPRM1,CHEMBL331883,CCC(=O)N(c1ccccc1)[C@H]1CCN(C[C@H](O)c2ccccc2)C[C@H]1C,10.89
OPRM1,CHEMBL2334775,C=C(C(N)=O)[C@@H](NC(=O)[C@H](Cc1c[nH]c2ccccc12)NC(=O)[C@H]1CCN(C(=O)[C@@H](N)Cc2c(C)cc(O)cc2C)C1)c1ccco1,10.89
OPRM1,CHEMBL2334774,C=C(C(N)=O)[C@@H](NC(=O)[C@H](Cc1c[nH]c2ccccc12)NC(=O)[C@H]1CCN(C(=O)[C@@H](N)Cc2c(C)cc(O)cc2C)C1)c1ccccc1,10.86
OPRM1,CHEMBL4588535,CCC(=O)N(c1ccccc1)C1(C(=O)OC)CCN(CCc2cccc(O)c2)CC1,10.85
OPRM1,CHEMBL5182849,C=C(C(N)=O)[C@@H](NC(=O)[C@H](Cc1ccccc1)NC(=O)[C@@H](C)N(C)C(=O)[C@@H](N)Cc1c(C)cc(O)cc1C)c1ccco1,10.85
OPRM1,CHEMBL464230,CC1C2Cc3ccc(C(N)=O)cc3C1(C)CCN2CCc1ccccc1,10.82
OPRM1,CHEMBL583066,NC(=O)[C@@H]1CSCSC[C@@H](NC(=O)[C@@H](N)Cc2ccc(O)cc2)C(=O)N[C@@H](Cc2ccccc2)C(=O)N[C@@H](Cc2ccccc2)C(=O)N1,10.8
OPRM1,CHEMBL4169199,NC(=O)[C@H](Cc1ccccc1)NC(=O)[C@@H](Cc1c[nH]c2ccccc12)N1C(=O)O[C@H](CNC(=O)[C@@H](N)Cc2ccc(O)cc2)C1=O,10.8
OPRM1,CHEMBL4798954,Oc1cccc([C@@]23CCC[C@H]([C@H]2O)N(CCc2ccccc2)CC3)c1,10.77
OPRM1,CHEMBL2208358,COc1cccc(-c2ccc(CCNC(=O)c3ccc4c(c3)C3(C)CCN(CC5CC5)C(C4)C3C)cc2)c1,10.74
OPRM1,CHEMBL6067846,O=C(NC12CC[C@@]3(OC1)[C@H]1Cc4ccc(O)cc4[C@@]3(CCN1CC1CC1)C2)c1ccccc1,10.72
OPRM1,CHEMBL12391,CCC(=O)N(c1ccccc1)[C@H]1CCN(CCc2ccccc2)C[C@H]1C,10.7
OPRM1,CHEMBL2208348,CC1C2Cc3ccc(C(=O)NCCc4ccc(-c5cccc(O)c5)cc4)cc3C1(C)CCN2CC1CC1,10.68
OPRM1,CHEMBL5431513,O=C(N[C@@H]1C=C[C@H]2[C@H]3Cc4ccc(O)c5c4[C@@]2(CCN3CC2CC2)[C@H]1O5)c1cccc(I)c1,10.68
OPRM1,CHEMBL290429,CCC(=O)N(c1ccccc1)C1(C(=O)OC)CCN(CCc2ccccc2)CC1,10.62
OPRM1,CHEMBL571767,COc1ccc(Nc2ccc3c(c2)[C@@]24CCCC[C@H]2[C@@H](C3)N(CC2CC2)CC4)cc1,10.59
OPRM1,CHEMBL267027,O=C(CCc1ccc(Cl)cc1)N[C@@]12CCC(=O)[C@@H]3Oc4c(O)ccc5c4[C@@]31CCN(CC1CC1)[C@@H]2C5,10.55
OPRM1,CHEMBL4578287,CCC(=O)N(c1ccccc1)C1(C(=O)OC)CCN(CCc2ccc(O)cc2)CC1,10.55
OPRM1,CHEMBL452991,CNC(=O)COCC(=O)NCCCCNC(=O)COCC(=O)N[C@H]1CC[C@@]2(O)[C@H]3Cc4cc(O)cc5c4[C@@]2(CCN3C)[C@H]1O5,10.53
OPRM1,CHEMBL217395,COc1ccc2c3c1O[C@H]1C(=O)CC[C@@]4(NC(=O)CCc5ccc(Cl)cc5)[C@@H](C2)N(CC2CC2)CC[C@]314,10.52
OPRM1,CHEMBL5186887,COC(=O)[C@@H]1C[C@H](OC(=O)c2ccc(CO)cc2)C(=O)[C@H]2[C@@]1(C)CC[C@H]1C(=O)O[C@H](c3ccoc3)C[C@]21C,10.52
OPRM1,CHEMBL3759292,Cc1cc(O)cc(C)c1C[C@H](N)C(=O)N1Cc2ccccc2C[C@@H]1C(=O)NCC(=O)NCc1ccccc1,10.51
OPRM1,CHEMBL2334772,C=C(C(=O)O)[C@@H](NC(=O)[C@H](Cc1c[nH]c2ccccc12)NC(=O)[C@@H]1CCCN1C(=O)[C@@H](N)Cc1c(C)cc(O)cc1C)c1ccccc1,10.49
OPRM1,CHEMBL5176887,C=C(C(N)=O)[C@@H](NC(=O)[C@H](Cc1c[nH]c2ccccc12)NC(=O)[C@@H](C)N(C)C(=O)[C@@H](N)Cc1c(C)cc(O)cc1C)c1ccccc1,10.49
OPRM1,CHEMBL2163916,C=C(C(N)=O)[C@@H](NC(=O)[C@H](Cc1c[nH]c2ccccc12)NC(=O)[C@@H]1CCCN1C(=O)[C@@H](N)Cc1ccc(O)cc1)c1ccco1,10.48
OPRM1,CHEMBL2163917,C=C(C(N)=O)[C@@H](NC(=O)[C@H](Cc1c[nH]c2ccccc12)NC(=O)[C@@H]1CCCN1C(=O)[C@@H](N)Cc1ccc(O)cc1)c1ccoc1,10.47
OPRM1,CHEMBL4276875,Cc1cc(O)cc(C)c1C[C@H](N)C(=O)N[C@H](CCCNC(=N)N)C(=O)N[C@@H](Cc1ccccc1)C(=O)N[C@@H](Cc1ccccc1)C(N)=O,10.43
OPRM1,CHEMBL333357,NC(=O)[C@H](Cc1ccccc1)NC(=O)[C@H](Cc1ccccc1)NC(=O)[C@@H]1CCCN1C(=O)[C@@H](N)Cc1ccc(O)cc1,10.4
OPRM1,CHEMBL2113666,CN1CC[C@]23c4c5cccc4O[C@H]2C(=O)CC[C@@]3(NC(=O)/C=C/c2ccccc2Cl)[C@H]1C5,10.4
OPRM1,CHEMBL607125,Cc1ccccc1/C=C/C(=O)N[C@@]12CCC(=O)[C@@H]3Oc4c(O)ccc5c4[C@@]31CCN(C)[C@@H]2C5,10.4
OPRM1,CHEMBL2334770,C=C(C(N)=O)[C@@H](NC(=O)[C@H](Cc1c[nH]c2ccccc12)NC(=O)[C@@H]1CCN(C(=O)[C@@H](N)Cc2ccc(O)cc2)C1)c1ccccc1,10.4
OPRM1,CHEMBL3919397,COc1ccc2c3c1O[C@H]1[C@@]4(OC)CC[C@@]5(C[C@@H]4COCc4ccc(Cl)c(Cl)c4)[C@@H](C2)N(C)CC[C@]315,10.4
OPRM1,CHEMBL5757634,Fc1ccc([C@]2(CCN[C@H]3CCc4ccccc43)CCO[C@]3(CCOC3)C2)nc1,10.4
OPRM1,CHEMBL2334773,C=C(C(=O)O)[C@@H](NC(=O)[C@H](Cc1c[nH]c2ccccc12)NC(=O)[C@@H]1CCCN1C(=O)[C@@H](N)Cc1c(C)cc(O)cc1C)c1ccco1,10.39
OPRM1,CHEMBL3758712,Cc1cc(O)cc(C)c1C[C@H](N)C(=O)N1Cc2ccccc2C[C@@H]1C(=O)NCC(=O)Nc1ccccc1,10.38
OPRM1,CHEMBL300662,C[C@H]1CN(CC[C@H](O)C2CCCCC2)CC[C@@]1(C)c1cccc(O)c1,10.37
OPRM1,CHEMBL4103328,CN1CC[C@]23c4c5ccc(O)c4O[C@H]2CCC[C@@]3(OCc2ccccc2)[C@H]1C5,10.32
OPRM1,CHEMBL19019,O=C1CC[C@@]2(O)[C@H]3Cc4ccc(O)c5c4[C@@]2(CCN3CC2CC2)[C@H]1O5,10.3
OPRM1,CHEMBL409458,O=C(N[C@@H]1CC[C@@]2(O)[C@H]3Cc4ccc(O)c5c4[C@@]2(CCN3CC2CC2)[C@H]1O5)c1ccc(Cl)cc1,10.3
OPRM1,CHEMBL3908275,COc1ccc2c3c1O[C@H]1[C@@]4(OC)CC[C@@]5(C[C@@H]4COCC4CCCCC4)[C@@H](C2)N(C)CC[C@]315,10.3
OPRM1,CHEMBL3893577,COc1ccc2c3c1O[C@H]1[C@@]4(OC)CC[C@@]5(C[C@@H]4COCc4cccc(C)c4)[C@@H](C2)N(C)CC[C@]315,10.3
OPRM1,CHEMBL3939227,C[C@H]1[C@H]2Cc3ccc(C(N)=O)cc3[C@@]1(C)CCN2C[C@H]1CCCO1,10.3
OPRM1,CHEMBL596,CCC(=O)N(c1ccccc1)C1CCN(CCc2ccccc2)CC1,10.29
OPRM1,CHEMBL5198856,C=C(C(N)=O)[C@@H](NC(=O)[C@H](Cc1ccccc1)NC(=O)[C@@H](C)N(C)C(=O)[C@@H](N)Cc1c(C)cc(O)cc1C)c1ccccc1,10.29
OPRM1,CHEMBL426084,NC(=O)c1ccc2c(c1O)[C@]13CCN(CC4CC4)[C@H](C2)[C@]1(O)CCC(=O)C3,10.28
OPRM1,CHEMBL471243,Cl.NC(=O)c1ccc2c(c1O)[C@]13CCN(CC4CC4)[C@H](C2)[C@]1(O)CCC(=O)C3,10.28
OPRM1,CHEMBL5856261,CC(C)(C)C(=O)NC12CC[C@@]3(OC1)[C@H]1Cc4ccc(O)cc4[C@@]3(CCN1CC1CC1)C2,10.25
OPRM1,CHEMBL2334768,C=C(C(N)=O)[C@@H](NC(=O)[C@H](Cc1c[nH]c2ccccc12)NC(=O)[C@H]1CCN(C(=O)[C@@H](N)Cc2ccc(O)cc2)C1)c1ccccc1,10.24
OPRM1,CHEMBL412923,Cc1cc(O)cc(C)c1C[C@H](N)C(=O)N1CCC[C@H]1C(=O)N[C@@H](Cc1c[nH]c2ccccc12)C(=O)N[C@@H](Cc1ccccc1)C(N)=O,10.23
OPRM1,CHEMBL2208352,COc1ccc(-c2ccc(CCNC(=O)c3ccc4c(c3)C3(C)CCN(CC5CC5)C(C4)C3C)cc2)cc1C,10.23
OPRM1,CHEMBL121403,CCC(=O)N(c1ccccc1)[C@@H]1CCN(C[C@@H](O)c2ccccc2)C[C@H]1C,10.22
OPRM1,CHEMBL438413,O=C(/C=C/Cc1ccccc1)N[C@@H]1CC[C@@]2(O)[C@H]3Cc4ccc(O)c5c4[C@@]2(CCN3CC2CC2)[C@H]1O5,10.22
OPRM1,CHEMBL49269,Oc1ccc2c(c1)[C@@]13CCCC[C@H]1[C@@H](C2)N(CC1CC1)CC3,10.21
OPRM1,CHEMBL500419,Cl.O=C(COc1ccccc1)Oc1ccc2c(c1)[C@@]13CCCC[C@@]1(O)[C@@H](C2)N(CC1CCC1)CC3,10.21
OPRM1,CHEMBL514774,O=C1CC[C@@]2(OCCCc3ccccc3)[C@H]3Cc4ccc(O)c5c4[C@@]2(CCN3CC2CC2)[C@H]1O5,10.21
OPRM1,CHEMBL6195783,O=C1CC[C@]2(OCCCc3ccccc3)[C@H]3Cc4ccc(O)c5c4[C@@]2(CCN3CC2CC2)C1O5,10.21
OPRM1,CHEMBL3629337,C=C(C(N)=O)[C@H](NC(=O)[C@H](Cc1c[nH]c2ccccc12)NC(=O)[C@@H]1CCCN1C(=O)[C@@H](N)Cc1ccc(O)cc1)c1cccs1,10.2
OPRM1,CHEMBL2208354,COc1ccc2cc(CCNC(=O)c3ccc4c(c3)C3(C)CCN(CC5CC5)C(C4)C3C)ccc2c1,10.19
OPRM1,CHEMBL2347236,C[C@H]1C2Cc3ccc(C(=O)NCCc4ccc(-c5cccnc5)cc4)cc3[C@@]1(C)CCN2CC1CC1,10.19
OPRM1,CHEMBL2347235,C[C@H]1C2Cc3ccc(C(=O)NCCc4ccc(-c5ccncc5)cc4)cc3[C@@]1(C)CCN2CC1CC1,10.19
OPRM1,CHEMBL3627737,C=C(C(N)=O)[C@H](NC(=O)[C@H](Cc1c[nH]c2ccccc12)NC(=O)[C@@H]1CCCN1C(=O)[C@@H](N)Cc1ccc(O)cc1)c1ccsc1,10.19
OPRM1,CHEMBL6067859,COC12CC[C@@]3(C[C@]1(C)COCc1ccccc1)[C@H]1Cc4ccc(O)c5c4[C@@]3(CCN1CC1CC1)[C@H]2O5,10.19
OPRM1,CHEMBL281786,CO[C@]12CC[C@@]3(C[C@@H]1C(C)(C)O)[C@H]1Cc4ccc(O)c5c4[C@@]3(CCN1CC1CC1)[C@H]2O5,10.15
OPRM1,CHEMBL2311157,CCC(=O)N(c1ccccc1)C1(C(=O)O[11CH3])CCN(CCc2ccccc2)CC1,10.15
OPRM1,CHEMBL238361,NC(=O)c1ccc(Oc2ccc(CNCCc3ccccc3)cc2)nc1,10.15
OPRM1,CHEMBL495057,O=C(N[C@@H]1CC[C@@]2(O)[C@H]3Cc4ccc(O)c5c4[C@@]2(CCN3CC2CC2)[C@H]1O5)c1cnc2ccccc2c1,10.15
OPRM1,CHEMBL3944046,COc1ccc2c3c1O[C@H]1[C@@]4(OC)CC[C@@]5(C[C@@H]4COCc4ccccc4C)[C@@H](C2)N(CC2CC2)CC[C@]315,10.15
OPRM1,CHEMBL5074742,Fc1ccc([C@]2(CCNCc3scc4c3CCC4)CCOC3(CCOC3)C2)cc1,10.15
OPRM1,CHEMBL5801313,Fc1ccc([C@]2(CCNCc3scc4c3CCC4)CCO[C@]3(CCOC3)C2)cc1,10.15
OPRM1,CHEMBL511645,NC(=O)c1ccc2c(c1O)[C@]13CCN(CC4CCC4)[C@H](C2)[C@]1(O)CC[C@@H](O)C3,10.14
OPRM1,CHEMBL5405541,CN1CC[C@]23c4c5ccc(O)c4O[C@H]2C(=O)CC[C@@]3(OCCCc2ccccc2)[C@H]1C5,10.14
OPRM1,CHEMBL56585,C[C@H]1[C@H]2Cc3ccc(O)cc3[C@]1(C)CCN2CC1CC1,10.1
OPRM1,CHEMBL568757,c1ccc(Nc2ccc3c(c2)[C@@]24CCCC[C@H]2[C@@H](C3)N(CC2CC2)CC4)cc1,10.1
OPRM1,CHEMBL104042,Oc1cccc2c1O[C@H]1CCC[C@H]3CN(CC4CC4)CC[C@@]231,10.1
OPRM1,CHEMBL1795716,CN1CC[C@]23c4c5ccc(O)c4O[C@H]2[C@H](NC(=O)c2cccc([125I])c2)CC[C@@]3(O)[C@H]1C5,10.1
OPRM1,CHEMBL1957843,CC[C@]1(c2cccc(NS(C)(=O)=O)c2)[C@@H]2CN(CC3Cc4ccccc4C3O)C[C@@H]21,10.1
OPRM1,CHEMBL2151734,Cc1cc(O)cc(C)c1C[C@H](N)C(=O)N(C)[C@H](C)C(=O)N[C@@H](Cc1ccccc1)C(=O)N(C)CC(N)=O,10.1
OPRM1,CHEMBL3911769,COc1ccc2c3c1O[C@H]1[C@@]4(OC)CC[C@@]5(C[C@@H]4COCc4cccc6ccccc46)[C@@H](C2)N(C)CC[C@]315,10.1
OPRM1,CHEMBL3930104,O=C(CO)N(CCN1[C@@H]2CC[C@H]1C[C@@H](c1cccc(O)c1)C2)Cc1ccccc1,10.1
OPRM1,CHEMBL6195781,C[C@H](C1CC1)N1CC[C@@]23CCCC[C@@]2(O)[C@H]1Cc1ccc(O)cc13,10.1
OPRM1,CHEMBL6067765,C[C@H](C1CC1)N1CC[C@@]23CCCC[C@H]2[C@H]1Cc1ccc(O)cc13,10.1
OPRM1,CHEMBL509528,CCCCCCC(N)C(=O)N[C@@H](Cc1c(C)cc(O)cc1C)C(=O)N1CCC[C@H]1C(=O)N[C@@H](Cc1c[nH]c2ccccc12)C(=O)N[C@@H](Cc1ccccc1)C(N)=O,10.09
OPRM1,CHEMBL249985,COc1ccc(-c2ccc(CCNC(=O)c3ccc4c(c3)[C@@]3(C)CCN(CC5CC5)C(C4)[C@@H]3C)cc2)cc1,10.08
OPRM1,CHEMBL1834247,Cc1cc(O)cc(C)c1C[C@H](N)C(=O)N[C@H](C)C(=O)N[C@H]1Cc2ccccc2CN(CC(N)=O)C1=O,10.08
OPRM1,CHEMBL2208356,COc1ccc(-c2ccc(CCNC(=O)c3ccc4c(c3)C3(C)CCN(CC5CC5)C(C4)C3C)cc2)cc1,10.08
OPRM1,CHEMBL4114285,C[C@H](C1CC1)N1CC[C@]23CCCC[C@H]2[C@H]1Cc1ccc(C(N)=O)cc13,10.08
OPRM1,CHEMBL6067736,C[C@H](C1CC1)N1CC[C@@]23CCCC[C@H]2[C@H]1Cc1ccc(C(N)=O)cc13,10.08
OPRM1,CHEMBL6195927,C[C@H](C1CC1)N1CC[C@@]23CCCC[C@@]2(O)[C@H]1Cc1ccc(C(N)=O)cc13,10.08
OPRM1,CHEMBL6009370,NC(=O)c1ccc2c(c1)[C@]13CCN(CC4CC4)[C@H](C2)C1CCC(=O)C3,10.08
OPRM1,CHEMBL3086305,CC(=O)Nc1nc2c(s1)C[C@H]1[C@H]3Cc4ccc(O)cc4[C@@]1(CCN3CC1CC1)C2,10.07
OPRM1,CHEMBL511142,CO[C@@]12CC[C@@]3(C[C@@H]1[C@](C)(O)C(C)(C)C)[C@H]1Cc4ccc(O)c5c4[C@@]3(CCN1CC1CC1)[C@H]2O5,10.05
OPRM1,CHEMBL147511,O=C(CCCCCCCCC(=O)Oc1ccc2c(c1)[C@@]13CCCC[C@H]1[C@@H](C2)N(CC1CCC1)CC3)Oc1ccc2c(c1)[C@@]13CCCC[C@H]1[C@@H](C2)N(CC1CCC1)CC3,10.05
OPRM1,CHEMBL609147,CCC(=O)N(c1ccccc1)C1(COC)CCN(CCc2ccccc2)CC1,10.05
OPRM1,CHEMBL494853,O=C(N[C@H]1CC[C@@]2(O)[C@H]3Cc4ccc(O)c5c4[C@@]2(CCN3CC2CC2)[C@H]1O5)c1ccc2ccccc2n1,10.05
OPRM1,CHEMBL1774949,O=C(CCCCCCCCC(=O)Oc1ccc2c(c1)[C@@]13CCCC[C@@]1(O)[C@@H](C2)N(CC1CCC1)CC3)Oc1ccc2c(c1)[C@@]13CCCC[C@H]1[C@@H](C2)N(CC1CCC1)CC3,10.05
OPRM1,CHEMBL4860528,CCCCCNC(=O)/N=C(\N)NCCCc1sc(N)nc1C,10.05
OPRM1,CHEMBL5207281,CCCCCNC(=O)/N=C(\N)NCCCc1nnc(N)s1.O=C(O)C(F)(F)F.O=C(O)C(F)(F)F,10.05
OPRM1,CHEMBL5206565,N/C(=N\C(=O)NCc1ccccc1)NCCCc1nnc(N)s1.O=C(O)C(F)(F)F.O=C(O)C(F)(F)F,10.05
OPRM1,CHEMBL5201074,C[C@@H](NC(=O)/N=C(\N)NCCCc1ncn[nH]1)c1ccccc1.Cl.Cl,10.05
OPRM1,CHEMBL2334769,C=C(C(N)=O)[C@@H](NC(=O)[C@H](Cc1c[nH]c2ccccc12)NC(=O)[C@H]1CCN(C(=O)[C@@H](N)Cc2ccc(O)cc2)C1)c1ccco1,10.03
OPRM1,CHEMBL370029,NC(=O)c1ccc2c(c1O)[C@]13CCN(CC4CCC4)[C@H](C2)[C@]1(O)CCC(=O)C3,10.01
OPRM1,CHEMBL4108846,C=C1CC[C@@]2(O)[C@H]3Cc4ccc(C(N)=O)c(O)c4[C@@]2(CCN3CC2CCC2)C1,10.01
OPRM1,CHEMBL3948892,C=C1CC[C@H]2[C@H]3Cc4ccc(C(N)=O)c(O)c4[C@@]2(CCN3CC2CCC2)C1,10.01
OPRM1,CHEMBL3954177,NC(=O)c1ccc2c(c1O)[C@]13CCN(CC4CCC4)[C@H](C2)[C@@H]1CCC(=O)C3,10.01
OPRM1,CHEMBL4114055,NC(=O)c1ccc2c(c1)[C@@]13CCCCC1[C@@H](C2)N(CC1CCC1)CC3,10.01
OPRM1,CHEMBL272215,O=C(N[C@@H]1CC[C@@]2(O)[C@H]3Cc4ccc(O)c5c4[C@@]2(CCN3CC2CC2)[C@H]1O5)c1ccc(Cl)c(Cl)c1,10.0
OPRM1,CHEMBL521854,O=C(N[C@@H]1CC[C@@]2(O)[C@H]3Cc4ccc(O)c5c4[C@@]2(CCN3CC2CC2)[C@H]1O5)c1cc2ccccc2cn1,10.0
OPRM1,CHEMBL1824509,Cl.O=C(N[C@@H]1CC[C@@]2(O)[C@H]3Cc4ccc(O)c5c4[C@@]2(CCN3CC2CC2)[C@H]1O5)c1ccnc(Cl)c1,10.0
OPRM1,CHEMBL1852788,O=C(N[C@@H]1CC[C@@]2(O)[C@H]3Cc4ccc(O)c5c4[C@@]2(CCN3CC2CC2)[C@H]1O5)c1ccnc(Cl)c1,10.0
OPRM1,CHEMBL3291216,CN1CC[C@]23c4c5ccc(O)c4O[C@H]2[C@]2(OCCF)C=C[C@@]3(C[C@@H]2[C@@](C)(O)CCc2ccccc2)[C@H]1C5,10.0
OPRM1,CHEMBL3952829,COc1ccc2c3c1O[C@H]1[C@@]4(OC)CC[C@@]5(C[C@@H]4COCc4ccccc4C)[C@@H](C2)N(C)CC[C@]315,10.0
OPRM1,CHEMBL3408737,Cc1cc(O)cc(C)c1C[C@H](N)C(=O)N[C@H](CCCNC(=N)N)C(=O)N[C@H]1Cc2ccccc2CN(CCC(N)=O)C1=O,10.0
OPRM1,CHEMBL3919761,CS(=O)(=O)CC(=O)N(CCN1[C@@H]2CC[C@H]1C[C@@H](c1cccc(C(N)=O)c1)C2)CC1CCCCC1,10.0
OPRM1,CHEMBL3954068,NC(=O)c1cccc([C@H]2C[C@H]3CC[C@@H](C2)N3CCN(CC2CCCCC2)C(=O)CO)c1,10.0
OPRM1,CHEMBL3906031,NC(=O)c1cccc([C@H]2C[C@H]3CC[C@@H](C2)N3CCN(Cc2ccccc2)C(=O)CO)c1,10.0
OPRM1,CHEMBL3903900,C[C@H]1[C@H]2Cc3ccc(C(N)=O)cc3[C@]1(C)CCN2CC1CCC1,10.0
OPRM1,CHEMBL4110274,CC1[C@H]2Cc3ccc(O)cc3[C@@]1(C)CCN2[C@H](C)C1CC1,10.0
OPRM1,CHEMBL4108288,NC(=O)c1ccc2c(c1)[C@@]13CCCCC1[C@@H](C2)N(CC1CC1)CC3,10.0
OPRM1,CHEMBL4092037,Oc1cccc(C2C[C@H]3CC[C@H](C2)N3CCCc2ccccc2)c1,10.0
OPRM1,CHEMBL4071120,Oc1cccc(C2C[C@H]3CC[C@H](C2)N3CCCOc2ccccc2)c1,10.0
OPRM1,CHEMBL4084184,CC(C)(C)c1ccc(CN2[C@@H]3CC[C@@H]2CC(c2cccc(O)c2)C3)cc1,10.0
OPRM1,CHEMBL4067358,CC(C)(C)c1ccc(CN2[C@@H]3CC[C@@H]2CC(c2cccc(C(N)=O)c2)C3)cc1,10.0
OPRM1,CHEMBL4077003,O=C(CN1[C@@H]2CC[C@@H]1CC(c1cccc(O)c1)C2)C1CCCCC1,10.0
OPRM1,CHEMBL331325,Cc1cc(O)cc(C)c1C[C@H](N)C(=O)N1CCC[C@H]1C(=O)N[C@@H](Cc1ccccc1)C(=O)N[C@@H](Cc1ccccc1)C(N)=O,10.0
OPRM1,CHEMBL4284813,Cc1cc(O)cc(C)c1C[C@H](N)C(=O)N[C@H](CCCCN)C(=O)N[C@@H](Cc1ccccc1)C(=O)N[C@@H](Cc1ccccc1)C(N)=O,10.0
OPRM1,CHEMBL4463675,CCC(CC)CN(CCCN1[C@@H]2CC[C@H]1C[C@@H](c1cccc(C(N)=O)c1)C2)C(=O)CO,10.0
OPRM1,CHEMBL4471516,NC(=O)c1cccc([C@H]2C[C@H]3CC[C@@H](C2)N3CCN(CC2CCCCC2)C(=O)c2ccco2)c1,10.0
OPRM1,CHEMBL4467513,CC(=O)N(CCN1[C@@H]2CC[C@H]1C[C@@H](c1cccc(C(N)=O)c1)C2)CC1CCCCC1,10.0
OPRM1,CHEMBL320218,C[C@H]1CN(CCCc2ccccc2)CC[C@@]1(C)c1cccc(O)c1,10.0
OPRM1,CHEMBL5082714,FC1(F)Cc2csc(CNCC[C@@]3(c4ccccn4)CCOC4(CCCC4)C3)c2C1,10.0
OPRM1,CHEMBL5630390,CN(C)C(CNC(=O)Nc1cccc(Cl)c1)c1cccc(F)c1,10.0
OPRM1,CHEMBL5088559,Fc1ccc([C@]2(CCNCc3scc4c3CCC4)CCO[C@]3(CCOC3)C2)nc1,10.0
OPRM1,CHEMBL5934477,Cc1cccc(CNCC[C@@]2(c3ccc(F)cn3)CCO[C@]3(CCOC3)C2)c1,10.0
OPRM1,CHEMBL1649941,CCCC[C@@H](NC(=O)[C@@H](N)Cc1c(C)cc(O)cc1C)C(=O)NCC(=O)N[C@@H](Cc1ccc(Cl)cc1)C(=O)N1CCC(N(C(=O)CC)c2ccccc2)CC1,10.0
OPRM1,CHEMBL421665,CN(C)C(=O)C(CCN1CCC(O)(c2ccc(Cl)c(C(F)(F)F)c2)CC1)(c1ccccc1)c1ccccc1,9.96
OPRM1,CHEMBL364625,COC(=O)C(CCN1CCC(O)(c2cccc(C(F)(F)F)c2)CC1)(c1ccccc1)c1ccccc1,9.96
OPRM1,CHEMBL397035,O=C(Nc1ccccc1)Oc1ccc2c(c1)C13CCCCC1C(C2)N(CC1CC1)CC3,9.96
OPRM1,CHEMBL494854,O=C(N[C@@H]1CC[C@@]2(O)[C@H]3Cc4ccc(O)c5c4[C@@]2(CCN3CC2CC2)[C@H]1O5)c1ccc2ccccc2n1,9.96
OPRM1,CHEMBL574142,N[C@@H](Cc1ccc(O)cc1)C(=O)N[C@H](CCCN(C(=O)CBr)C(=O)CBr)C(=O)N[C@@H](Cc1ccccc1)C(=O)NCC(=O)N[C@@H](Cc1ccc(O)cc1)C(=O)N1CCC[C@H]1C(=O)N[C@@H](CO)C(=O)O,9.96
OPRM1,CHEMBL1795714,O=C(N[C@@H]1CC[C@@]2(O)[C@H]3Cc4ccc(O)c5c4[C@@]2(CCN3CC2CC2)[C@H]1O5)c1cccc([125I])c1,9.96
OPRM1,CHEMBL3309518,O=C1CCC2=C([C@@H]3Oc4c(O)ccc5c4[C@@]34CCN(CC3CC3)[C@H](C5)[C@]4(O)C2)N1CC1CCCCC1,9.96
OPRM1,CHEMBL3958318,COCCN1CC[C@@]2(C)c3cc(O)ccc3C[C@@H]1[C@@H]2C,9.96
OPRM1,CHEMBL301160,Oc1ccc2c(c1)[C@@]13CCCC[C@H]1[C@@H](C2)N(CC1CCC1)CC3,9.92
OPRM1,CHEMBL384497,COc1ccc2c3c1O[C@H]1C(=O)CC[C@@]4(NCCCc5ccc(Cl)cc5)[C@@H](C2)N(CC2CC2)CC[C@]314,9.92
OPRM1,CHEMBL226217,Nc1nc2c(s1)C[C@H]1[C@H]3Cc4ccc(O)cc4[C@@]1(CCN3CC1CC1)C2,9.92
OPRM1,CHEMBL242048,O=C(Nc1ccccc1)Oc1ccc2c(c1)C13CCCCC1C(C2)N(CC1CCC1)CC3,9.92
OPRM1,CHEMBL412050,O=C(CCc1ccccc1)N[C@@H]1CC[C@@]2(O)[C@H]3Cc4ccc(O)c5c4[C@@]2(CCN3CC2CC2)[C@H]1O5,9.92
OPRM1,CHEMBL410526,COc1cccc(C(=O)N[C@@H]2CC[C@@]3(O)[C@H]4Cc5ccc(O)c6c5[C@@]3(CCN4CC3CC3)[C@H]2O6)c1,9.92
OPRM1,CHEMBL33986,Oc1ccc2c(c1)[C@@]13CCCC[C@@]1(O)[C@@H](C2)N(CC1CCC1)CC3,9.92
OPRM1,CHEMBL523382,O=C(N[C@H]1CC[C@@]2(O)[C@H]3Cc4ccc(O)c5c4[C@@]2(CCN3CC2CC2)[C@H]1O5)c1cnc2ccccc2c1,9.92
OPRM1,CHEMBL2208363,CC(C)Oc1ccccc1-c1ccc(CCNC(=O)c2ccc3c(c2)C2(C)CCN(CC4CC4)C(C3)C2C)cc1,9.92
OPRM1,CHEMBL2208359,COc1ccccc1-c1ccc(CCNC(=O)c2ccc3c(c2)C2(C)CCN(CC4CC4)C(C3)C2C)cc1,9.92
OPRM1,CHEMBL120758,Cc1cc(O)cc(C)c1C[C@H](N)C(=O)N1CCC[C@H]1C(=O)N[C@@H](Cc1ccccc1)C(N)=O,9.92
OPRM1,CHEMBL3907149,COc1ccc2c3c1O[C@H]1[C@@]4(OC)CC[C@@]5(C[C@@H]4COCc4ccc(Cl)cc4)[C@@H](C2)N(C)CC[C@]315,9.92
OPRM1,CHEMBL3916122,COc1ccc2c3c1O[C@H]1[C@@]4(OC)CC[C@@]5(C[C@@H]4COCc4ccccc4)[C@@H](C2)N(CC2CC2)CC[C@]315,9.92
OPRM1,CHEMBL3983967,NC(=O)c1ccc2c(c1O)[C@@]13CCCC[C@H]1[C@@H](C2)N(CC1CCC1)CC3,9.92
OPRM1,CHEMBL3911427,COCCN1CC[C@@]2(C)c3cc(C(N)=O)ccc3C[C@@H]1[C@@H]2C,9.92
OPRM1,CHEMBL236662,Cc1cc(O)cc(C)c1C[C@H](N)C(=O)NCCCCc1nc(C)c(CCc2ccccc2)[nH]c1=O,9.9
OPRM1,CHEMBL3910689,NC(=O)c1cccc([C@H]2C[C@H]3CC[C@@H](C2)N3CCN(CC2CCC(F)(F)CC2)C(=O)CO)c1,9.9
OPRM1,CHEMBL3895543,NC(=O)c1cccc([C@H]2C[C@H]3CC[C@@H](C2)N3CCN(CC2CCCCC2)C(=O)[C@@H](O)CO)c1.O=C(O)C(=O)O,9.9
OPRM1,CHEMBL3898217,O=C(CO)ONC(=O)c1cccc([C@H]2C[C@H]3CC[C@@H](C2)N3CCN(CC2CCCCC2)C(=O)[C@@H](O)CO)c1,9.9
OPRM1,CHEMBL3137319,NC(=O)c1cccc([C@H]2C[C@H]3CC[C@@H](C2)N3CCN(CC2CCCCC2)C(=O)[C@@H](O)CO)c1.O=S(=O)(O)O,9.9
OPRM1,CHEMBL3137313,NC(=O)c1cccc([C@H]2C[C@H]3CC[C@@H](C2)N3CCN(CC2CCCCC2)C(=O)[C@@H](O)CO)c1,9.9
OPRM1,CHEMBL4059786,NC(=O)c1cccc(C2C[C@H]3CC[C@H](C2)N3CCCc2ccccc2)c1,9.9
OPRM1,CHEMBL4520212,COC(=O)N(CCN1[C@@H]2CC[C@H]1C[C@@H](c1cccc(C(N)=O)c1)C2)CC1CCCCC1,9.9
OPRM1,CHEMBL4567073,CC(C)(C)C(=O)N(CCN1[C@@H]2CC[C@H]1C[C@@H](c1cccc(C(N)=O)c1)C2)CC1CCCCC1,9.9
OPRM1,CHEMBL5200218,O=C(CCc1ccccc1)N[C@@H]1C[C@]23CCN(CC4CC4)[C@H](Cc4ccc(O)cc42)[C@]32CC[C@@H]1O2,9.9
OPRM1,CHEMBL592,CN1CC[C@]23CCCC[C@H]2[C@H]1Cc1ccc(O)cc13,9.89
OPRM1,CHEMBL200456,CCC(=O)N(c1ccccc1)C1(C(=O)OC[18F])CCN(CCc2ccccc2)CC1,9.89
OPRM1,CHEMBL196960,COCC1(N(C(=O)C(C)[18F])c2ccccc2)CCN(CCc2cccs2)CC1,9.89
OPRM1,CHEMBL273105,COc1cccc(CC(=O)N[C@@H]2CC[C@@]3(O)[C@H]4Cc5ccc(O)c6c5[C@@]3(CCN4CC3CC3)[C@H]2O6)c1,9.89
OPRM1,CHEMBL410122,O=C(N[C@@H]1CC[C@@]2(O)[C@H]3Cc4ccc(O)c5c4[C@@]2(CCN3CC2CC2)[C@H]1O5)c1cccc(O)c1,9.89
OPRM1,CHEMBL4114524,NC(=O)c1ccc2c(c1O)[C@]13CCN(CC4CCC4)[C@H](C2)[C@@H]1CC[C@@H](O)C3,9.89
OPRM1,CHEMBL6067860,COC12CC[C@@]3(C[C@]1(C)COCc1ccoc1)[C@H]1Cc4ccc(O)c5c4[C@@]3(CCN1CC1CC1)[C@H]2O5,9.89
OPRM1,CHEMBL13470,C=CCN1C[C@H](C)N([C@H](c2ccc(C(=O)N(CC)CC)cc2)c2cccc(OC)c2)C[C@H]1C,9.85
OPRM1,CHEMBL63309,CNC(=O)c1ccc(C(=C2CC3CCC(C2)N3CCc2ccccc2)c2ccccc2)cc1,9.85
OPRM1,CHEMBL70,CN1CC[C@]23c4c5ccc(O)c4O[C@H]2[C@@H](O)C=C[C@H]3[C@H]1C5,9.85
OPRM1,CHEMBL413512,O=C(CCC(=O)Oc1ccc2c(c1)[C@@]13CCCC[C@H]1[C@@H](C2)N(CC1CC1)CC3)Oc1ccc2c(c1)[C@@]13CCCC[C@H]1[C@@H](C2)N(CC1CC1)CC3,9.85
OPRM1,CHEMBL28198,CCC(=O)N(c1ccccc1)[C@@]1(C(=O)OC)CCN(CCc2ccccc2)C[C@H]1C,9.85
OPRM1,CHEMBL2113304,CO[C@@]12CC[C@@]3(C[C@@H]1CNC(=O)/C=C/c1ccccc1C)[C@H]1Cc4ccc(O)c5c4[C@@]3(CCN1C)[C@H]2O5,9.85
OPRM1,CHEMBL472937,O=C(N[C@@H]1CC[C@@]2(O)[C@H]3Cc4ccc(O)c5c4[C@@]2(CCN3CC2CC2)[C@H]1O5)c1cccnc1,9.85
OPRM1,CHEMBL476600,O=C(O[C@@]12CCC(=O)[C@@H]3Oc4c(O)ccc5c4[C@@]31CCN(CC1CC1)[C@@H]2C5)c1ccccn1,9.85
OPRM1,CHEMBL1774946,CO[C@@]12CCCC[C@@]13CCN(CC1CCC1)[C@@H]2Cc1ccc(O)cc13,9.85
OPRM1,CHEMBL2181202,Cc1cc(O)cc(C)c1C[C@H](N)C(=O)N[C@H](CCCNC(=N)N)C(=O)N[C@@H](Cc1ccccc1)C(=O)N[C@@H](CCCCN)C(N)=O,9.85
OPRM1,CHEMBL3086757,Cl.O=C(O[C@@]12CCC(=O)[C@@H]3Oc4c(O)ccc5c4[C@@]31CCN(CC1CC1)[C@@H]2C5)c1ccccn1,9.85
OPRM1,CHEMBL3086308,Br.CNc1nc2c(s1)C[C@H]1[C@H]3Cc4ccc(O)cc4[C@@]1(CCN3CC1CC1)C2,9.85
OPRM1,CHEMBL6067676,C[C@@H](C1CC1)N1CC[C@@]23CC(=O)CC[C@@]2(O)[C@H]1Cc1ccc(C(N)=O)c(O)c13,9.85
OPRM1,CHEMBL60444,NCCCC[C@H](NC(=O)[C@H](Cc1ccccc1)NC(=O)[C@@H](CCCN=C(N)N)NC(=O)[C@@H](N)Cc1ccc(O)cc1)C(N)=O,9.85
OPRM1,CHEMBL5831758,COC12CC[C@]3(C[C@]1(C)COCc1cc4ccccc4s1)[C@H]1Cc4ccc(O)c5c4[C@@]3(CCN1CC1CC1)[C@H]2O5,9.85
OPRM1,CHEMBL238317,NC(=O)c1ccc(Oc2ccc(CNCCc3ccccc3)cc2)cc1,9.82
OPRM1,CHEMBL517779,NC(=O)c1ccc2c(c1)[C@@]13CCCC[C@@]1(O)[C@@H](C2)N(CC1CCC1)CC3,9.82
OPRM1,CHEMBL514769,O=C(N[C@H]1CC[C@@]2(O)[C@H]3Cc4ccc(O)c5c4[C@@]2(CCN3CC2CC2)[C@H]1O5)c1cccnc1,9.82
OPRM1,CHEMBL1773091,CO[C@@]12CCCC[C@@]13CCN(CC1CCC1)[C@@H]2Cc1ccc(OC(=O)CCCCCCCCC(=O)OCc2ccccc2)cc13,9.82
OPRM1,CHEMBL2208351,CC1C2Cc3ccc(C(=O)NCCc4ccc(-c5ccc6c(c5)OCO6)cc4)cc3C1(C)CCN2CC1CC1,9.82
OPRM1,CHEMBL3951177,COc1ccc2c3c1O[C@H]1[C@@]4(OC)CC[C@@]5(C[C@@H]4COCC4CCC4)[C@@H](C2)N(C)CC[C@]315,9.82
OPRM1,CHEMBL3912511,COc1ccc2c3c1O[C@H]1[C@@]4(OC)CC[C@@]5(C[C@@H]4COCC4CCCCC4)[C@@H](C2)N(CC2CC2)CC[C@]315,9.82
OPRM1,CHEMBL3667197,CN1CC[C@]23CC(=O)CC[C@@]2(O)[C@H]1Cc1ccc(C(=O)NCCc2ccc(-c4cn[nH]c4)cc2)c(O)c13,9.82
OPRM1,CHEMBL3892737,COc1ccc2c3c1O[C@H]1[C@@]4(OC)CC[C@@]5(C[C@@H]4COCc4cccc(C)c4)[C@@H](C2)N(CC2CC2)CC[C@]315,9.82
OPRM1,CHEMBL3901699,COc1ccc2c3c1O[C@H]1[C@@]4(OC)CC[C@@]5(C[C@@H]4COc4ccccc4)[C@@H](C2)N(CC2CC2)CC[C@]315,9.82
OPRM1,CHEMBL3927136,CC[C@H](C)[C@H](N)C(=O)OC[C@H]1C[C@@]23CC[C@]1(OC)[C@@H]1Oc4c(O)ccc5c4[C@@]12CCN(CC1CC1)[C@@H]3C5,9.82
OPRM1,CHEMBL1782140,Cc1cc(O)cc(C)c1C[C@H](N)C(=O)N[C@H](CCCNC(=N)N)C(=O)N[C@H]1Cc2ccccc2CN(CC(N)=O)C1=O,9.82
OPRM1,CHEMBL1161427,Cc1cc(O)cc(C)c1C[C@H](N)[C@@H](O)C/C=C/[C@H](O)[C@@H](Cc1ccccc1)C(=O)N[C@H](CO)Cc1ccccc1,9.8
OPRM1,CHEMBL433697,O=C(CCC(=O)Oc1ccc2c(c1)[C@@]13CCCC[C@H]1[C@@H](C2)N(CC1CCC1)CC3)Oc1ccc2c(c1)[C@@]13CCCC[C@H]1[C@@H](C2)N(CC1CCC1)CC3,9.8
OPRM1,CHEMBL609747,CN1CC[C@]23c4c5ccc(O)c4O[C@H]2c2[nH]c4c(c2C[C@H]3[C@H]1C5)C[C@@]1(O)[C@H]2Cc3ccc(O)c5c3[C@@]1(CCN2CC1CC1)[C@H]4O5,9.8
OPRM1,CHEMBL186795,CN(C)C(=O)C(CCN1CCC(O)(c2cccc(C(F)(F)F)c2)CC1)(c1ccccc1)c1ccccc1,9.8
OPRM1,CHEMBL203251,O=C(CCC(=O)Oc1ccc2c(c1)[C@@]13CCCCC1[C@@H](C2)N(CC1CCC1)CC3)Oc1ccc2c(c1)[C@@]13CCCCC1[C@@H](C2)N(CC1CCC1)CC3,9.8
OPRM1,CHEMBL501451,Cc1cc(O)cc(C)c1C[C@H](N)C(=O)N1Cc2ccccc2C[C@H]1C(=O)NCC(=O)Nc1ccccc1,9.8
OPRM1,CHEMBL458631,Cc1cc(O)cc(C)c1C[C@H](N)C(=O)N1Cc2ccccc2C[C@H]1C(=O)NCC(=O)NCc1ccccc1,9.8
OPRM1,CHEMBL13786,CSCC[C@H](NC(=O)[C@H](Cc1ccccc1)NC(=O)CNC(=O)CNC(=O)[C@@H](N)Cc1ccc(O)cc1)C(=O)O,9.8
OPRM1,CHEMBL3085528,C[C@H]1[C@H]2Cc3ccc(O)cc3[C@@]1(C)CCN2CC1CC1,9.8
OPRM1,CHEMBL411927,O=C(Cc1ccccc1)N[C@@H]1CC[C@@]2(O)[C@H]3Cc4ccc(O)c5c4[C@@]2(CCN3CC2CC2)[C@H]1O5,9.8
OPRM1,CHEMBL429929,COc1cccc(C(=O)N[C@H]2CC[C@@]3(O)[C@H]4Cc5ccc(O)c6c5[C@@]3(CCN4CC3CC3)[C@H]2O6)c1,9.8
OPRM1,CHEMBL470005,NC(=O)c1ccc2c(c1O)[C@@]13CCCC[C@@]1(O)[C@@H](C2)N(CC1CC1)CC3,9.8
OPRM1,CHEMBL2048772,Oc1cccc(CNc2ccc3c(c2)[C@@]24CCCC[C@H]2[C@@H](C3)N(CC2CC2)CC4)c1,9.8
OPRM1,CHEMBL2163921,C=C(C(N)=O)[C@@H](NC(=O)[C@H](Cc1c[nH]c2ccccc12)NC(=O)[C@@H]1CCCN1C(=O)[C@@H](N)Cc1ccc(O)cc1)c1ccccc1,9.8
OPRM1,CHEMBL289683,CC1C2Cc3ccc(O)cc3C1(C)CCN2CC1CC1,9.8
OPRM1,CHEMBL3219615,CC[C@]1(c2cccc(C(N)=O)c2)[C@@H]2CN(CC3(O)Cc4ccccc4C3)C[C@@H]21,9.8
OPRM1,CHEMBL3915579,CS(=O)(=O)CC(=O)N(CCc1ccccc1)CCN1[C@@H]2CC[C@H]1C[C@@H](c1cccc(C(N)=O)c1)C2.O=C(O)C(F)(F)F,9.8
OPRM1,CHEMBL4071225,Oc1cccc(C2CC3CCC(C2)N3CCCc2ccccc2)c1,9.8
OPRM1,CHEMBL4062974,NC(=O)c1cccc(C2C[C@H]3CC[C@H](C2)N3CC(=O)C2CCCCC2)c1,9.8
OPRM1,CHEMBL4468796,CCC(CC)CN(CCN1[C@@H]2CC[C@H]1C[C@@H](c1cccc(C(N)=O)c1)C2)C(=O)CO,9.8
OPRM1,CHEMBL4792012,CO[C@@]12CC[C@@H](N[C@H](C(=O)N[C@@H](Cc3ccc(O)cc3)C(=O)O)C(C)C)[C@@H]3Oc4c(O)ccc5c4[C@@]31CCN(C)[C@@H]2C5,9.8
OPRM1,CHEMBL5185211,CN(C(=O)/C=C/c1ccoc1)[C@@H]1CCC2[C@H]3Cc4ccc(O)c5c4[C@@]2(CCN3CC2CC2)[C@H]1O5,9.8
OPRM1,CHEMBL411916,CN(C)c1cccc(C(=O)NC2CC[C@@]3(O)[C@H]4Cc5ccc(O)c6c5[C@@]3(CCN4CC3CC3)[C@H]2O6)c1,9.78
OPRM1,CHEMBL2334771,C=C(C(N)=O)[C@@H](NC(=O)[C@H](Cc1c[nH]c2ccccc12)NC(=O)[C@@H]1CCN(C(=O)[C@@H](N)Cc2ccc(O)cc2)C1)c1ccco1,9.78
OPRM1,CHEMBL5186730,O=C(N[C@@H]1C[C@]23CCN(CC4CC4)[C@H](Cc4ccc(O)cc42)[C@]32CC[C@@H]1O2)c1ccccc1,9.78
OPRM1,CHEMBL5776568,O=C(CCc1c[nH]c2ccccc12)N[C@@H]1CC[C@@]2(O)[C@H]3Cc4ccc(O)c5c4[C@@]2(CCN3CC2CC2)[C@H]1O5,9.78
OPRM1,CHEMBL1161414,Cc1cc(O)cc(C)c1C[C@H](N)[C@@H](O)C/C=C/[C@H](O)[C@@H](Cc1ccccc1)C(=O)N[C@@H](Cc1ccccc1)C(N)=O,9.77
OPRM1,CHEMBL58646,C[C@H]1C2Cc3ccc(C(N)=O)cc3[C@@]1(C)CCN2CC1CC1,9.77
OPRM1,CHEMBL2048766,c1cc2c(cc1CNc1ccc3c(c1)[C@@]14CCCC[C@H]1[C@@H](C3)N(CC1CC1)CC4)OCO2,9.77
OPRM1,CHEMBL3664525,COc1ccc2c3c1OC1C4(OC)CCC5(CC4COCc4ccccc4)[C@@H](C2)N(C)CC[C@]315,9.77
OPRM1,CHEMBL2113307,CO[C@@]12CC[C@@]3(C[C@@H]1CNC(=O)/C=C/c1ccc(Cl)cc1)[C@H]1Cc4ccc(O)c5c4[C@@]3(CCN1C)[C@H]2O5,9.74
OPRM1,CHEMBL399344,C[C@H]1C2Cc3ccc(C(=O)NCCc4ccc5ccccc5c4)cc3[C@@]1(C)CCN2CC1CC1,9.74
OPRM1,CHEMBL271815,O=C(N[C@@H]1CC[C@@]2(O)[C@H]3Cc4ccc(O)c5c4[C@@]2(CCN3CC2CC2)[C@H]1O5)c1ccccc1,9.74
OPRM1,CHEMBL578629,CO[C@]12C=C[C@@]3(C[C@@H]1[C@@](C)(O)CCc1ccccc1)[C@H]1Cc4ccc(O)c5c4[C@@]3(CCN1C)[C@H]2O5,9.74
OPRM1,CHEMBL2208355,CC1C2Cc3ccc(C(=O)NCCc4ccc5ccccc5c4)cc3C1(C)CCN2CC1CC1,9.74
OPRM1,CHEMBL3219614,CC[C@]1(c2cccc(NS(C)(=O)=O)c2)[C@@H]2CN(CCCC3(O)CCCCC3)C[C@@H]21,9.74
OPRM1,CHEMBL3309515,O=C1CCC2=C([C@@H]3Oc4c(O)ccc5c4[C@@]34CCN(CC3CC3)[C@H](C5)[C@]4(O)C2)N1Cc1ccccc1,9.74
OPRM1,CHEMBL6195782,C=CCN1CC[C@]23c4c5ccc(O)c4OC2C(=O)CC[C@]3(OCCCc2ccccc2)[C@H]1C5,9.74
OPRM1,CHEMBL606925,C=CCN1CC[C@]23c4c5ccc(O)c4O[C@H]2C(=O)CC[C@@]3(OCCCc2ccccc2)[C@H]1C5,9.74
OPRM1,CHEMBL5821107,O=C(N[C@@H]1CC[C@@]2(O)[C@H]3Cc4ccc(O)c5c4[C@@]2(CCN3C2CC2)C1O5)c1cccc2cc[nH]c12,9.73
OPRM1,CHEMBL610550,Oc1ccc2c3c1O[C@H]1[C@@H](Nc4ccccc4)CC[C@@]4(O)[C@@H](C2)N(CC2CC2)CC[C@]314,9.72
OPRM1,CHEMBL242226,C=C1[C@H]2CCC[C@@]1(c1cccc(O)c1)CCN2CCc1ccccc1,9.72
OPRM1,CHEMBL388873,Oc1cccc([C@]23CCC[C@H]([C@H]2O)N(CCc2ccccc2)CC3)c1,9.72
OPRM1,CHEMBL2113308,CO[C@@]12CC[C@@]3(C[C@@H]1CNC(=O)/C=C/c1ccc([N+](=O)[O-])cc1)[C@H]1Cc4ccc(O)c5c4[C@@]3(CCN1C)[C@H]2O5,9.72
OPRM1,CHEMBL411738,COc1cc(OC)cc(C(=O)N[C@H]2CC[C@@]3(O)[C@H]4Cc5ccc(O)c6c5[C@@]3(CCN4CC3CC3)[C@H]2O6)c1,9.72
OPRM1,CHEMBL407466,O=C(N[C@@H]1CC[C@@]2(O)[C@H]3Cc4ccc(O)c5c4[C@@]2(CCN3CC2CC2)[C@H]1O5)c1cccc([N+](=O)[O-])c1,9.72
OPRM1,CHEMBL415284,C=CCN1CC[C@]23c4c5ccc(O)c4O[C@H]2[C@@H](O)C=C[C@H]3[C@H]1C5,9.72
OPRM1,CHEMBL140278,Oc1ccc2c3c1O[C@H]1[C@H](O)CC[C@@]4(O)[C@@H](C2)N(CC2CC2)CC[C@]314,9.72
OPRM1,CHEMBL4115222,CO[C@]12CC[C@@]3(C[C@@H]1COC(=O)[C@@H](N)Cc1ccccc1)[C@H]1Cc4ccc(O)c5c4[C@@]3(CCN1CC1CC1)[C@H]2O5,9.72
OPRM1,CHEMBL5624758,CN(C)C(CNC(=O)NCc1ccc(C(F)(F)F)cc1)c1cccc(F)c1,9.72
OPRM1,CHEMBL5886165,C[C@H](C1CC1)N1CC[C@]2(C)c3cc(O)ccc3C[C@@H]1[C@@H]2C,9.72
OPRM1,CHEMBL5932511,O=C(N[C@@H]1CC[C@@]2(O)[C@H]3Cc4ccc(O)c5c4[C@@]2(CCN3C2CC2)C1O5)c1c[nH]c2ccccc12,9.72
OPRM1,CHEMBL146756,O=C(/C=C/C(=O)Oc1ccc2c(c1)[C@@]13CCCC[C@H]1[C@@H](C2)N(CC1CCC1)CC3)Oc1ccc2c(c1)[C@@]13CCCC[C@H]1[C@@H](C2)N(CC1CCC1)CC3,9.7
OPRM1,CHEMBL607068,CN1CC[C@]23c4c5ccc(O)c4O[C@H]2C(=O)CC[C@@]3(NC(=O)/C=C/c2ccc([N+](=O)[O-])cc2)[C@H]1C5,9.7
OPRM1,CHEMBL438871,C[C@H]1C2Cc3ccc(C(=O)NCCc4ccc(-c5ccc(Cl)cc5)cc4)cc3[C@@]1(C)CCN2CC1CC1,9.7
OPRM1,CHEMBL3275494,C[C@H]1C2Cc3ccc(O)cc3[C@@]1(C)CCN2CCc1ccccc1,9.7
OPRM1,CHEMBL3326228,CN(C)[C@]1(c2ccccc2)CC[C@]2(CC1)NCCc1c3ccccc3[nH]c12.Cl,9.7
OPRM1,CHEMBL3971059,CC(C)NC(=O)N(CCN1[C@@H]2CC[C@H]1C[C@@H](c1cccc(C(N)=O)c1)C2)CC1CCCCC1,9.7
OPRM1,CHEMBL4062483,NC(=O)c1cccc(C2C[C@H]3CC[C@H](C2)N3CCCOc2ccccc2)c1,9.7
OPRM1,CHEMBL312040,CCOc1ccc(Cc2nc3cc([N+](=O)[O-])ccc3n2CCN(CC)CC)cc1,9.7
OPRM1,CHEMBL4436170,CC(C)C1OC2(CCN(CCc3ccccc3)CC2)CN(c2ccccc2)C1=O,9.7
OPRM1,CHEMBL4548662,CCC(=O)N(c1ccccc1)C1(C(=O)OC)CCN(CC(=O)c2ccccc2)CC1,9.7
OPRM1,CHEMBL3990868,CN(C)S(=O)(=O)N(CCN1[C@@H]2CC[C@H]1C[C@@H](c1cccc(C(N)=O)c1)C2)CC1CCCCC1,9.7
OPRM1,CHEMBL5084800,Fc1ccc([C@]2(CCNCc3scc4c3CCCC4)CCO[C@]3(CCOC3)C2)nc1,9.7
OPRM1,CHEMBL4085956,C[C@H]1[C@H]2Cc3ccc(O)cc3[C@@]1(C)CCN2CCc1ccccc1,9.7
OPRM1,CHEMBL5415879,CC(C)(O)[C@H]1C[C@@]23CC[C@]1(O[11CH3])[C@@H]1Oc4c(O)ccc5c4[C@@]12CCN(CC1CC1)[C@@H]3C5,9.7
OPRM1,CHEMBL5523564,CCC(=O)N(c1c(C)cccc1Cl)C1CCN(CCc2ccccc2)CC1,9.7
OPRM1,CHEMBL5505857,CCC(=O)N(c1c(C)cccc1F)C1CCN(CCc2ccccc2)CC1,9.7
OPRM1,CHEMBL5766191,C[C@H]1[C@H]2Cc3ccc(C(=O)NCCc4ccc(-c5ccc6c(c5)OCO6)cc4)cc3[C@@]1(C)CCN2CC1CC1,9.7
OPRM1,CHEMBL6002964,Fc1ccc([C@]2(CCNCc3scc4c3CCCC4)CCO[C@]3(CCOC3)C2)cc1,9.7
OPRM1,CHEMBL5931948,Fc1ccc([C@]2(CCNCc3cc(Cl)cc(Cl)c3)CCO[C@]3(CCOC3)C2)nc1,9.7
OPRM1,CHEMBL6036437,Fc1ccc([C@]2(CCN[C@H]3CCCc4ccccc43)CCO[C@]3(CCOC3)C2)nc1,9.7
OPRM1,CHEMBL5772208,O=C(CCCc1c[nH]c2ccccc12)N[C@@H]1CC[C@@]2(O)[C@H]3Cc4ccc(O)c5c4[C@@]2(CCN3CC2CC2)[C@H]1O5,9.69
OPRM1,CHEMBL38874,C[C@@H](NC(=O)[C@@H](N)Cc1ccc(O)cc1)C(=O)NCC(=O)N(C)[C@@H](Cc1ccccc1)C(=O)NCCO,9.68
OPRM1,CHEMBL410884,COC(=O)c1ccc(C(=O)N[C@@H]2CC[C@@]3(O)[C@H]4Cc5ccc(O)c6c5[C@@]3(CCN4CC3CC3)[C@H]2O6)cc1,9.68
OPRM1,CHEMBL271797,O=C(N[C@H]1CC[C@@]2(O)[C@H]3Cc4ccc(O)c5c4[C@@]2(CCN3CC2CC2)[C@H]1O5)c1ccccc1,9.68
OPRM1,CHEMBL406116,O=C(C[C@@H]1O[C@H](COCc2ccccc2)[C@@H](OCc2ccccc2)[C@H](OCc2ccccc2)[C@H]1OCc1ccccc1)N[C@H]1CC[C@@]2(O)[C@H]3Cc4ccc(O)c5c4[C@@]2(CCN3CC2CC2)[C@H]1O5,9.68
OPRM1,CHEMBL468469,Oc1ccc2c3c1O[C@H]1[C@@H](O)CC[C@@]4(O)[C@@H](C2)N(CC2CC2)CC[C@]314,9.68
OPRM1,CHEMBL1080925,CCCCCCCCCC(=O)Oc1ccc2c(c1)[C@@]13CCCC[C@H]1[C@@H](C2)N(CC1CCC1)CC3,9.68
OPRM1,CHEMBL3664526,COc1cccc(COC[C@H]2C[C@@]34CC[C@]2(OC)[C@@H]2Oc5c(OC)ccc6c5[C@@]23CCN(C)[C@@H]4C6)c1,9.68
OPRM1,CHEMBL3319610,O=C(N[C@@H]1CC[C@@]2(O)[C@H]3Cc4ccc(O)c5c4[C@@]2(CCN3CC2CC2)[C@H]1O5)c1cc2ccccc2[nH]1,9.68
OPRM1,CHEMBL80,C=CCN1CC[C@]23c4c5ccc(O)c4O[C@H]2C(=O)CC[C@@]3(O)[C@H]1C5,9.66
OPRM1,CHEMBL199931,CN1CC[C@]23c4c5ccc(OC(=O)CCCCCCCCC(=O)Oc6ccc7c(c6)[C@@]68CCCCC6[C@@H](C7)N(CC6CCC6)CC8)c4O[C@H]2[C@@H](O)C=C[C@H]3[C@H]1C5,9.66
OPRM1,CHEMBL2113313,CO[C@@]12C=C[C@@]3([C@@H]4CN(C(=O)/C=C/c5ccccc5C)C[C@@H]41)[C@H]1Cc4ccc(O)c5c4[C@@]3(CCN1C)[C@H]2O5,9.66
OPRM1,CHEMBL521543,COc1ccc(CC(=O)Oc2ccc3c(c2)[C@@]24CCCC[C@@]2(O)[C@@H](C3)N(CC2CCC2)CC4)cc1.Cl,9.66
OPRM1,CHEMBL1795715,C=CCN1CC[C@]23c4c5ccc(O)c4O[C@H]2[C@H](NC(=O)c2cccc([125I])c2)CC[C@@]3(O)[C@H]1C5,9.66
OPRM1,CHEMBL3986245,NC(=O)c1ccc2c(c1O)[C@]13CCN(CC4CCC4)[C@H](C2)[C@@H]1CC[C@H](O)C3,9.66
OPRM1,CHEMBL5082165,CCC(=O)N(CC(C)N1CCC(c2ccccc2)CC1)c1ccccc1,9.66
OPRM1,CHEMBL419621,CCNC(=O)c1ccc(C(=C2CC3CCC(C2)N3CCc2ccccc2)c2cccc(O)c2)cc1,9.65
OPRM1,CHEMBL357334,COC(=O)CCCCCCCCC(=O)Oc1ccc2c(c1)[C@@]13CCCC[C@H]1[C@@H](C2)N(CC1CCC1)CC3,9.64
OPRM1,CHEMBL186300,COC(=O)C(CCN1CCC(O)(c2ccc(Cl)cc2)CC1)(c1ccccc1)c1ccccc1,9.64
OPRM1,CHEMBL2113306,CO[C@@]12CC[C@@]3(C[C@@H]1CNC(=O)/C=C/c1ccc(C)cc1)[C@H]1Cc4ccc(O)c5c4[C@@]3(CCN1C)[C@H]2O5,9.64
OPRM1,CHEMBL2208361,CC(C)Oc1ccc(-c2ccc(CCNC(=O)c3ccc4c(c3)C3(C)CCN(CC5CC5)C(C4)C3C)cc2)cc1,9.64
OPRM1,CHEMBL2208353,COc1ccc(-c2ccc(CCNC(=O)c3ccc4c(c3)C3(C)CCN(CC5CC5)C(C4)C3C)cc2)c(C)c1,9.64
OPRM1,CHEMBL3923372,COc1ccc2c3c1O[C@H]1[C@@]4(OC)CC[C@@]5(C[C@@H]4COCc4ccc(Cl)c(Cl)c4)[C@@H](C2)N(CC2CC2)CC[C@]315,9.64
OPRM1,CHEMBL4440537,CCOc1ccc(CN2CCc3ccccc3C2)cc1CNC(=O)[C@@H](N)Cc1c(C)cc(O)cc1C.O=C(O)C(F)(F)F,9.64
OPRM1,CHEMBL5400535,Cc1ccc(C(CNC(=O)c2cc3ccccc3s2)N(C)C)cc1,9.64
OPRM1,CHEMBL4595328,O=C(N[C@H]1CC[C@@]2(O)[C@H]3Cc4ccc(O)c5c4[C@@]2(CCN3CC2CC2)[C@H]1O5)c1cccc2cc[nH]c12,9.64
OPRM1,CHEMBL5965220,O=C(N[C@@H]1CC[C@@]2(O)[C@H]3Cc4ccc(O)c5c4[C@@]2(CCN3C2CC2)C1O5)c1cccc2[nH]ccc12,9.63
OPRM1,CHEMBL1161413,Cc1cc(O)cc(C)c1C[C@H](N)[C@H](O)C/C=C/[C@H](O)[C@@H](Cc1ccccc1)C(=O)NCCc1ccccc1,9.62
OPRM1,CHEMBL1161424,Cc1cc(O)cc(C)c1C[C@H](N)[C@@H](O)C/C=C/[C@H](O)[C@@H](Cc1ccccc1)C(=O)OCCc1ccccc1,9.62
OPRM1,CHEMBL383896,O=C1CC[C@@]2(NCC/C=C/c3ccc(Cl)cc3)[C@H]3Cc4ccc(O)c5c4[C@@]2(CCN3CC2CC2)[C@H]1O5,9.62
OPRM1,CHEMBL982,C=C1CC[C@@]2(O)[C@H]3Cc4ccc(O)c5c4[C@@]2(CCN3CC2CC2)[C@H]1O5,9.62
OPRM1,CHEMBL511816,Oc1ccc2c3c1O[C@H]1CCC[C@@]4(O)[C@@H](C2)N(CC2CC2)CC[C@]314,9.62
OPRM1,CHEMBL1076579,OC(COc1ccc(Cc2ccc(OCC(O)COc3ccc4c(c3)[C@@]35CCCC[C@H]3[C@@H](C4)N(CC3CCC3)CC5)cc2)cc1)COc1ccc2c(c1)[C@@]13CCCC[C@H]1[C@@H](C2)N(CC1CCC1)CC3,9.62
OPRM1,CHEMBL3291215,CC(C)(C)[C@@](C)(O)[C@H]1C[C@@]23CC[C@]1(OCCF)[C@@H]1Oc4c(O)ccc5c4[C@@]12CCN(CC1CC1)[C@@H]3C5,9.62
OPRM1,CHEMBL3291214,CC(C)(O)[C@H]1C[C@@]23CC[C@@]1(OCCF)[C@@H]1Oc4c(O)ccc5c4[C@@]12CCN(CC1CC1)[C@@H]3C5,9.62
OPRM1,CHEMBL3326229,CN(C)[C@]1(c2ccccc2)CC[C@@]2(CC1)c1[nH]c3ccccc3c1CCN2C.Cl,9.62
OPRM1,CHEMBL3597078,CC(C)C[C@H](NC(=O)[C@H](CO[C@@H]1O[C@H](CO)[C@@H](O)[C@H](O)[C@H]1O)NC(=O)[C@H](CCCCN)NC(=O)[C@H](CC(C)C)NC(=O)[C@H](C)NC(=O)[C@H](CC(N)=O)NC(=O)[C@H](CCCCN)NC(=O)C(C)(C)NC(=O)[C@H](CC(C)C)NC(=O)[C@H](CC(N)=O)NC(=O)CNC(=O)CNC(=O)[C@H](Cc1ccccc1)N(C)C(=O)CNC(=O)[C@@H](C)NC(=O)[C@@H](N)Cc1ccc(O)cc1)C(N)=O,9.62
OPRM1,CHEMBL4065490,CO[C@@]12CCC[C@@H]3Oc4c(O)ccc5c4[C@@]31CCN(C)[C@@H]2C5,9.62
OPRM1,CHEMBL4747769,CCOC(=O)CC[C@H]1[C@@H]2CCC[C@@]1(c1cccc(O)c1)CCN2CCc1ccccc1,9.62
OPRM1,CHEMBL6195932,COC12CC[C@@]3(C[C@]1(C)COCc1cc4ccccc4s1)[C@H]1c4ccc(O)c5c4[C@@]3(CCN1C)[C@H]2O5,9.62
OPRM1,CHEMBL5745418,O=C(Cc1c[nH]c2ccccc12)N[C@@H]1CC[C@@]2(O)[C@H]3Cc4ccc(O)c5c4[C@@]2(CCN3CC2CC2)[C@H]1O5,9.62
OPRM1,CHEMBL386492,O=C(/C=C/c1ccc(Cl)cc1)N[C@@]12CCC(=O)[C@@H]3Oc4c(O)ccc5c4[C@@]31CCN(CC1CC1)[C@@H]2C5,9.6
OPRM1,CHEMBL210005,C[C@H]1[C@H]2Cc3ccc(C(=O)NCCc4ccc(-c5ccccc5)cc4)cc3[C@]1(C)CCN2CC1CC1,9.6
OPRM1,CHEMBL2113305,CO[C@@]12CC[C@@]3(C[C@@H]1CNC(=O)/C=C/c1ccccc1Cl)[C@H]1Cc4ccc(O)c5c4[C@@]3(CCN1C)[C@H]2O5,9.6
OPRM1,CHEMBL2113303,CO[C@@]12CC[C@@]3(C[C@@H]1CNC(=O)/C=C/c1ccccc1)[C@H]1Cc4ccc(O)c5c4[C@@]3(CCN1C)[C@H]2O5,9.6
OPRM1,CHEMBL4082678,CCCCCCCN1[C@@H]2CC[C@@H]1CC(c1cccc(O)c1)C2,9.6
OPRM1,CHEMBL4065743,Oc1cccc(C2C[C@H]3CC[C@H](C2)N3CC(O)Cc2ccccc2)c1,9.6
OPRM1,CHEMBL4069933,NC(=O)c1cccc(C2C[C@H]3CC[C@H](C2)N3CC(O)Cc2ccccc2)c1,9.6
OPRM1,CHEMBL3990213,NC(=O)c1cccc([C@H]2C[C@H]3CC[C@@H](C2)N3CCN(CC2CCCC2)C(=O)CO)c1,9.6
OPRM1,CHEMBL4475360,CS(=O)(=O)N(CCN1[C@@H]2CC[C@H]1C[C@@H](c1cccc(C(N)=O)c1)C2)CC1CCCCC1,9.6
OPRM1,CHEMBL4474822,NC(=O)c1cccc([C@H]2C[C@H]3CC[C@@H](C2)N3CCNCC2CCCCC2)c1,9.6
OPRM1,CHEMBL5186493,N[C@@H](Cc1ccc(O)cc1)C(=O)N[C@@H]1CCCCNC(=O)[C@H](Cc2ccccc2)NC(=O)[C@H](Cc2c[nH]c3ccccc23)NC1=O,9.6
OPRM1,CHEMBL5997985,O=C(N[C@@H]1CC[C@@]2(O)[C@H]3Cc4ccc(O)c5c4[C@@]2(CCN3C2CC2)C1O5)c1ccc2cc[nH]c2c1,9.6
OPRM1,CHEMBL63651,CCNC(=O)c1ccc(/C(=C2\C[C@H]3CC[C@@H](C2)N3CCc2ccccc2)c2ccccc2)cc1,9.59
OPRM1,CHEMBL416765,CO[C@]12C=CC3(CC14CCC[C@H]4O)C1Cc4ccc(O)c5c4C3(CCN1C)[C@@H]2O5,9.59
OPRM1,CHEMBL377789,C[C@H]1C2Cc3ccc(C(=O)NCCc4ccc(-c5ccccc5)cc4)cc3[C@@]1(C)CCN2CC1CC1,9.59
OPRM1,CHEMBL448428,O=C(Cc1ccc(Cl)cc1)N[C@@]12CCC(=O)[C@@H]3Oc4c(O)ccc5c4[C@@]31CCN(CC1CC1)[C@@H]2C5,9.59
OPRM1,CHEMBL271811,COc1cc(OC)cc(C(=O)N[C@@H]2CC[C@@]3(O)[C@H]4Cc5ccc(O)c6c5[C@@]3(CCN4CC3CC3)[C@H]2O6)c1,9.59
OPRM1,CHEMBL571998,c1ccc(CNc2ccc3c(c2)[C@@]24CCCC[C@H]2[C@@H](C3)N(CC2CC2)CC4)cc1,9.59
OPRM1,CHEMBL1774947,CO[C@@]12CCCC[C@@]13CCN(CC1CCC1)[C@@H]2Cc1ccc(OC(=O)CCCCCCCCC(=O)Oc2ccc4c(c2)[C@@]25CCCC[C@@]2(OC)[C@@H](C4)N(CC2CCC2)CC5)cc13,9.59
OPRM1,CHEMBL3326224,CN(C)[C@]1(c2ccccc2)CC[C@]2(CC1)OCCc1c3ccccc3[nH]c12.Cl,9.59
OPRM1,CHEMBL4514319,Cc1cc(O)c(Cl)c(C)c1C[C@H](N)C(=O)N1CCC[C@H]1C(=O)N[C@@H](Cc1ccccc1)C(=O)N[C@@H](Cc1ccccc1)C(N)=O,9.59
OPRM1,CHEMBL5568344,Oc1cccc(N2C[C@H]3CC[C@@H](C2)N3CCCc2ccccc2)c1,9.59
OPRM1,CHEMBL5970380,O=C(N[C@@H]1CC[C@@]2(O)[C@H]3Cc4ccc(O)c5c4[C@@]2(CCN3C2CC2)C1O5)c1ccc2[nH]ccc2c1,9.59
OPRM1,CHEMBL5900583,O=C(N[C@H]1CC[C@@]2(O)[C@H]3Cc4ccc(O)c5c4[C@@]2(CCN3CC2CC2)[C@H]1O5)c1cccc2[nH]ccc12,9.58
OPRM1,CHEMBL841,CN(C)C(=O)C(CCN1CCC(O)(c2ccc(Cl)cc2)CC1)(c1ccccc1)c1ccccc1,9.57
OPRM1,CHEMBL270918,COc1ccc(CC(=O)N[C@@H]2CC[C@@]3(O)[C@H]4Cc5ccc(O)c6c5[C@@]3(CCN4CC3CC3)[C@H]2O6)cc1,9.57
OPRM1,CHEMBL3928839,C[C@H]1[C@H]2Cc3ccc(C(=O)NCCc4ccc(-c5cn[nH]c5)cc4)cc3[C@@]1(C)CCN2CC1CC1,9.57
OPRM1,CHEMBL4130303,Cc1cc(O)cc(C)c1C[C@H](N)C(=O)N[C@@H]1CSSC[C@@H](NC(=O)[C@@H](N)Cc2c(C)cc(O)cc2C)C(=O)NCC(=O)N[C@@H](Cc2ccccc2)C(=O)NCCSSCCNC(=O)[C@H](Cc2ccccc2)NC(=O)CNC1=O,9.57
OPRM1,CHEMBL5178511,O=C(Cc1ccccc1)N[C@@H]1C[C@]23CCN(CC4CC4)[C@H](Cc4ccc(O)cc42)[C@]32CC[C@@H]1O2,9.57
OPRM1,CHEMBL5416899,CC(C)[C@H]1CC[C@@H](N2CCC(n3c(CNC(=O)c4cnco4)cc4ccccc43)CC2)CC1,9.57
OPRM1,CHEMBL5542870,Oc1cccc(N2[C@@H]3CC[C@H]2CN(CCc2ccccc2)C3)c1,9.57
OPRM1,CHEMBL6001709,CC1[C@H]2Cc3ccc(C(=O)NCCc4ccc(-c5cn[nH]c5)cc4)cc3[C@@]1(C)CCN2CC1CC1,9.57
OPRM1,CHEMBL150061,O=C(Oc1ccc2c(c1)[C@@]13CCCC[C@H]1[C@@H](C2)N(CC1CCC1)CC3)[C@H]1C[C@H]1C(=O)Oc1ccc2c(c1)[C@@]13CCCC[C@H]1[C@@H](C2)N(CC1CCC1)CC3,9.55
OPRM1,CHEMBL398707,CN1CC[C@]23c4c5ccc(O)c4O[C@H]2C(=O)CC[C@H]3[C@H]1C5,9.55
OPRM1,CHEMBL2048773,Oc1ccc(CNc2ccc3c(c2)[C@@]24CCCC[C@H]2[C@@H](C3)N(CC2CC2)CC4)cc1,9.55
OPRM1,CHEMBL3216613,C[C@@H]1CN(CCCc2ccccc2)[C@H]2C[C@H](N(C)C)C[C@]1(c1cccc(O)c1)C2.Cl.Cl,9.55
OPRM1,CHEMBL3219616,CC[C@]1(c2cccc(NS(C)(=O)=O)c2)[C@@H]2CN(CC3(O)Cc4ccccc4C3)C[C@@H]21,9.55
OPRM1,CHEMBL4115660,NC(=O)c1ccc2c(c1O)[C@@]13CCCC[C@@]1(O)[C@@H](C2)N(CC1CCC1)CC3,9.55
OPRM1,CHEMBL4288649,Cc1cc(O)cc(C)c1C[C@H](N)C(=O)N[C@H](CCCNC(=N)N)C(=O)N[C@@H](Cc1ccccc1)C(=O)N[C@@H](Cc1ccccc1)C(=O)N[C@@H](CCC(N)=O)C(=O)O,9.55
OPRM1,CHEMBL4524446,COC(=O)C1(N(C(=O)CCO)c2ccccc2)CCN(CCc2ccccc2)CC1,9.55
OPRM1,CHEMBL4874437,Cl.O=C(N[C@@H]1C=C[C@@]2(O)[C@H]3Cc4ccc(O)c5c4[C@@]2(CCN3CC2CC2)[C@H]1O5)c1c[nH]c2ncccc12,9.55
OPRM1,CHEMBL6067731,CO[C@@]12CC[C@@]3(CC1[C@](C)(O)CCc1cccs1)[C@H]1Cc4ccc(O)c5c4[C@@]3(CCN1CC1CC1)C2O5,9.55
OPRM1,CHEMBL6067766,CO[C@@]12CC[C@@]3(CC1[C@](C)(O)CCc1cccs1)[C@H]1Cc4ccc(O)c5c4[C@@]3(CCN1CC1CC1)[C@@H]2O5,9.55
OPRM1,CHEMBL1161430,Cc1cc(O)cc(C)c1C[C@H](N)[C@@H](O)C/C=C/[C@H](O)[C@@H](Cc1ccccc1)C(=O)NCCc1ccccc1,9.54
OPRM1,CHEMBL326171,CC1(C)SSC[C@H](NC(=O)[C@@H](N)Cc2ccc(O)cc2)C(=O)N[C@H](Cc2ccccc2)C(=O)N[C@@H]1C(N)=O,9.54
OPRM1,CHEMBL217102,O=C1CC[C@@]2(NCCCCc3ccc(Cl)cc3)[C@H]3Cc4ccc(O)c5c4[C@@]2(CCN3CC2CC2)[C@H]1O5,9.54
OPRM1,CHEMBL224014,O=C(CCCCCCCCC(=O)Oc1ccc2c3c1O[C@H]1C(=O)CC[C@@]4(O)[C@@H](C2)N(CC2CC2)CC[C@]314)Oc1ccc2c(c1)[C@@]13CCCCC1[C@@H](C2)N(CC1CCC1)CC3,9.54
OPRM1,CHEMBL427862,CCNC(=O)Oc1ccc2c(c1)C13CCCCC1C(C2)N(CC1CC1)CC3,9.54
OPRM1,CHEMBL250387,Cc1ccc(-c2ccc(CCNC(=O)c3ccc4c(c3)[C@@]3(C)CCN(CC5CC5)C(C4)[C@@H]3C)cc2)cc1,9.54
OPRM1,CHEMBL316446,NC(=O)[C@H](Cc1ccccc1)NC(=O)[C@H](Cc1c[nH]c2ccccc12)NC(=O)[C@@H]1CCCN1C(=O)[C@@H](N)Cc1ccc(O)cc1,9.54
OPRM1,CHEMBL3086754,Cl.O=C(Cc1ccccn1)N[C@@]12CCC(=O)[C@@H]3Oc4c(O)ccc5c4[C@@]31CCN(CC1CC1)[C@@H]2C5,9.54
OPRM1,CHEMBL3309507,CN1CC[C@]23c4c5ccc(O)c4O[C@H]2C2=C(CCC(=O)N2Cc2ccccc2)C[C@@]3(O)[C@H]1C5,9.54
OPRM1,CHEMBL4443759,CCOc1ccc(C(=O)N2Cc3ccccc3C2)cc1CNC(=O)[C@@H](N)Cc1c(C)cc(O)cc1C.O=C(O)C(F)(F)F,9.54
OPRM1,CHEMBL6067844,COc1ccc2c(c1)[C@]13CCN(CC4CC4)[C@H](C2)[C@]12CCC(NS(=O)(=O)c1ccc(Cl)cc1)(CO2)C3,9.54
OPRM1,CHEMBL5916764,O=C(N[C@H]1CC[C@@]2(O)[C@H]3Cc4ccc(O)c5c4[C@@]2(CCN3CC2CC2)[C@H]1O5)c1c[nH]c2ccccc12,9.54
OPRM1,CHEMBL5890617,O=C(N[C@@H]1CC[C@@]2(O)[C@H]3Cc4ccc(O)c5c4[C@@]2(CCN3C2CC2)C1O5)c1cc2ccccc2[nH]1,9.54
OPRM1,CHEMBL5837803,O=C(CCCc1c[nH]c2ccccc12)N[C@H]1CC[C@@]2(O)[C@H]3Cc4ccc(O)c5c4[C@@]2(CCN3CC2CC2)[C@H]1O5,9.53
OPRM1,CHEMBL186938,COC(=O)C(CCN1CCC(O)(c2ccc(Cl)c(C(F)(F)F)c2)CC1)(c1ccccc1)c1ccccc1,9.52
OPRM1,CHEMBL263096,O=C(NCc1ccccc1)Oc1ccc2c(c1)C13CCCCC1C(C2)N(CC1CC1)CC3,9.52
OPRM1,CHEMBL493846,O=C(N[C@@H]1CC[C@@]2(O)[C@H]3Cc4ccc(O)c5c4[C@@]2(CCN3CC2CC2)[C@H]1O5)c1ccc2ccccc2c1,9.52
OPRM1,CHEMBL471048,CN1CC[C@]23CC(=O)CC[C@H]2[C@H]1Cc1ccc(C(N)=O)c(O)c13,9.52
OPRM1,CHEMBL585721,Oc1cccc2c1O[C@H]1CCC[C@H]3CN(CCc4ccccc4)CC[C@@]231,9.52
OPRM1,CHEMBL1957717,C[C@]1(c2cccc(NS(C)(=O)=O)c2)[C@@H]2CN(CC3Cc4ccccc4C3)C[C@@H]21,9.52
OPRM1,CHEMBL2208346,CC1C2Cc3ccc(C(=O)NCCc4ccc(-c5ccc(OC(F)F)cc5)cc4)cc3C1(C)CCN2CC1CC1,9.52
OPRM1,CHEMBL3086756,Cl.O=C(CNC(=O)c1ccccn1)N[C@@]12CCC(=O)[C@@H]3Oc4c(O)ccc5c4[C@@]31CCN(CC1CC1)[C@@H]2C5,9.52
OPRM1,CHEMBL3326220,CN(C)[C@]1(c2ccccc2)CC[C@@H](NC(=O)CCC2CCCC2)CC1.Cl,9.52
OPRM1,CHEMBL3917891,CO[C@@H]1C([C@](C)(O)C(C)(C)C)[C@H]2CC[C@@]13Oc1c(O)ccc4c1[C@@]31CCN(CC3CC3)[C@H](C4)C21,9.52
OPRM1,CHEMBL5208747,C=C(C(N)=O)[C@@H](NC(=O)[C@H](Cc1c[nH]c2ccccc12)NC(=O)[C@@H](C)N(C)C(=O)[C@@H](N)Cc1ccc(O)cc1)c1ccco1,9.52
OPRM1,CHEMBL5862161,COc1cccc(-c2ccc(CCNC(=O)c3ccc4c(c3)[C@@]3(C)CCN(CC5CC5)[C@H](C4)[C@@H]3C)cc2)c1,9.52
OPRM1,CHEMBL260528,O=C(N[C@@H]1CC[C@@]2(O)[C@H]3Cc4ccc(O)c5c4[C@@]2(CCN3CC2CC2)[C@H]1O5)c1ccccn1,9.51
OPRM1,CHEMBL297428,CC1C2Cc3ccc(C(N)=O)cc3C1(C)CCN2CC1CC1,9.51
OPRM1,CHEMBL518712,C[C@H]1C2Cc3cc4nc[nH]c4cc3[C@@]1(C)CCN2CC1CC1,9.51
OPRM1,CHEMBL568877,COc1ccc(CNc2ccc3c(c2)[C@@]24CCCC[C@H]2[C@@H](C3)N(CC2CC2)CC4)cc1,9.51
OPRM1,CHEMBL4081856,O=S(=O)(c1ccccc1)N1C[C@H]2OC34CCC1C2C31CCN(CC2CC2)C4Cc2ccc(O)cc21,9.51
OPRM1,CHEMBL270190,C[C@H]1CN(C[C@H](Cc2ccccc2)C(=O)NCC(=O)O)CC[C@@]1(C)c1cccc(O)c1,9.5
OPRM1,CHEMBL4441036,C[C@H]1CN(C[C@H](Cc2ccccc2)C(=O)O)CC[C@@]1(C)c1cccc(O)c1,9.5
OPRM1,CHEMBL4577852,C[C@H]1CN(C[C@H](Cc2ccccc2)C(=O)NCC(=O)O)CC[C@H]1c1cccc(O)c1,9.5
OPRM1,CHEMBL59092,C[C@H]1C2Cc3ccc(O)cc3[C@]1(C)CCN2CC1CC1,9.49
OPRM1,CHEMBL281986,CO[C@]12C=CC3(CC14CCC[C@H]4O)C1Cc4ccc(O)c5c4C3(CCN1CC1CC1)[C@@H]2O5,9.49
OPRM1,CHEMBL385482,O=C1CC[C@@]2(NC/C=C/c3ccc(Cl)cc3)[C@H]3Cc4ccc(O)c5c4[C@@]2(CCN3CC2CC2)[C@H]1O5,9.49
OPRM1,CHEMBL501739,Cl.O=C(Cc1ccccc1)Oc1ccc2c(c1)[C@@]13CCCC[C@@]1(O)[C@@H](C2)N(CC1CCC1)CC3,9.49
OPRM1,CHEMBL2048769,Oc1cccc(CNc2ccc3c(c2)[C@@]24CCCC[C@H]2[C@@H](C3)N(CC2CCC2)CC4)c1,9.49
OPRM1,CHEMBL3086755,Cl.O=C(CCc1ccccn1)N[C@@]12CCC(=O)[C@@H]3Oc4c(O)ccc5c4[C@@]31CCN(CC1CC1)[C@@H]2C5,9.49
OPRM1,CHEMBL409938,CN1CC[C@]23c4c5ccc(O)c4O[C@H]2[C@@H](O)C=CC3C1C5,9.49
OPRM1,CHEMBL607405,CO[C@@]12CCC(=O)[C@@H]3Oc4c(O)ccc5c4[C@@]31CCN(C)[C@@H]2C5,9.49
OPRM1,CHEMBL607351,CN1CC[C@]23c4c5ccc(O)c4O[C@H]2C(=O)CC[C@@]3(OCc2ccccc2)[C@H]1C5,9.49
OPRM1,CHEMBL2364605,CN(C)[C@]1(c2ccccc2)CC[C@]2(CC1)OCCc1c3cc(F)ccc3[nH]c12,9.49
OPRM1,CHEMBL4878281,Cl.O=C(N[C@@H]1C=C[C@@]2(O)[C@H]3Cc4ccc(O)c5c4[C@@]2(CCN3CC2CC2)[C@H]1O5)c1n[nH]c2ccccc12,9.49
OPRM1,CHEMBL5665374,CN1CC[C@@]23c4c5ccc(O)c4O[C@@H]2[C@H](O)C=C[C@@H]3[C@@H]1C5,9.49
OPRM1,CHEMBL2347237,C[C@H]1C2Cc3ccc(C(=O)NCCc4ccc(-c5ccccn5)cc4)cc3[C@@]1(C)CCN2CC1CC1,9.48
OPRM1,CHEMBL4862035,Cl.O=C(N[C@H]1C=C[C@@]2(O)[C@H]3Cc4ccc(O)c5c4[C@@]2(CCN3CC2CC2)[C@H]1O5)c1n[nH]c2ccccc12,9.48
OPRM1,CHEMBL5411716,Cc1cc(O)ccc1C[C@@H](CNC(=O)[C@@H]1C[C@@]1(C)c1ccccc1)N(C)C,9.48
OPRM1,CHEMBL5571451,O=C(c1cccs1)N(c1ccccc1)C1CCN(CCc2ccccc2)CC1,9.48
OPRM1,CHEMBL201271,O=C(CCCCCCCCC(=O)Oc1ccc2c(c1)[C@@]13CCCCC1[C@@H](C2)N(CC1CC1)CC3)Oc1ccc2c(c1)[C@@]13CCCCC1[C@@H](C2)N(CC1CCC1)CC3,9.47
OPRM1,CHEMBL607018,Cc1ccc(/C=C/C(=O)N[C@@]23CCC(=O)[C@@H]4Oc5c(O)ccc6c5[C@@]42CCN(C)[C@@H]3C6)cc1,9.47
OPRM1,CHEMBL568989,CN1CC[C@]23CCCC[C@H]2[C@H]1Cc1ccc(OC(=O)Nc2ccc(I)cc2)cc13,9.47
OPRM1,CHEMBL593214,Cc1ccc(C(=O)N[C@@H]2CC[C@@]3(O)[C@H]4Cc5ccc(O)c6c5[C@@]3(CCN4CC3CC3)[C@H]2O6)cc1.O=C(O)C(=O)O,9.47
OPRM1,CHEMBL2048764,c1cc2c(cc1CNc1ccc3c(c1)[C@@]14CCCC[C@H]1[C@@H](C3)N(CC1CCC1)CC4)OCO2,9.47
OPRM1,CHEMBL4106746,CO[C@]12CC[C@@]3(C[C@@H]1COCc1ccccc1)[C@H]1Cc4ccc(C(N)=O)c5c4[C@@]3(CCN1CC1CC1)[C@H]2O5,9.47
OPRM1,CHEMBL4088589,CO[C@@]12CCC[C@]3(C)Oc4c(O)ccc5c4[C@@]31CCN(C)[C@@H]2C5,9.47
OPRM1,CHEMBL2368218,C[C@H]1[C@H]2Cc3ccc(C(N)=O)cc3[C@@]1(C)CCN2CC1CC1,9.47
OPRM1,CHEMBL607126,Cc1ccc(CCC(=O)N[C@@]23CCC(=O)[C@@H]4Oc5c(O)ccc6c5[C@@]42CCN(C)[C@@H]3C6)cc1,9.46
OPRM1,CHEMBL250993,C[C@H]1C2Cc3ccc(C(=O)NCCc4cccc(Br)c4)cc3[C@@]1(C)CCN2CC1CC1,9.46
OPRM1,CHEMBL2048770,Oc1ccc(CNc2ccc3c(c2)[C@@]24CCCC[C@H]2[C@@H](C3)N(CC2CCC2)CC4)cc1,9.46
OPRM1,CHEMBL3948231,COc1ccc2c3c1O[C@H]1[C@@]4(OC)CC[C@@]5(C[C@@H]4COCc4ccc(C(F)(F)F)cc4)[C@@H](C2)N(C)CC[C@]315,9.46
OPRM1,CHEMBL4113162,CCC1O[C@]23CC[C@@]4(C[C@@H]2[C@@](C)(C(C)(C)C)O1)[C@H]1Cc2ccc(O)c5c2[C@@]4(CCN1CC1CC1)[C@H]3O5,9.46
OPRM1,CHEMBL3889835,CN(C)C1(c2ccccc2)CCC(c2ccccc2)(N(C)C(=O)c2cccc(F)c2)CC1,9.46
OPRM1,CHEMBL5083403,Fc1ccc([C@]2(CCNCc3cccc(Cl)c3)CCO[C@]3(CCOC3)C2)nc1,9.46
OPRM1,CHEMBL603370,COC(=O)N1CCN(C(=O)Cc2ccc(Cl)c(Cl)c2)C(CN2CCCC2)C1,9.44
OPRM1,CHEMBL3326232,CN[C@]1(c2ccccc2)CC[C@]2(CC1)OCCc1c3ccccc3[nH]c12.O=C(O)CC(O)(CC(=O)O)C(=O)O,9.44
OPRM1,CHEMBL3691864,CO[C@]12CC[C@@]3(C[C@@H]1CNC(=O)[C@H](Cc1ccccc1)NC(C)=O)[C@H]1Cc4ccc(O)c5c4[C@@]3(CCN1CC1CC1)[C@H]2O5,9.44
OPRM1,CHEMBL3894898,CN(C)C1(c2ccccc2)CCC2(CC1)NCCc1c2[nH]c2ccccc12,9.44
OPRM1,CHEMBL4177061,N[C@@H](Cc1ccc(O)cc1)C(=O)N1CCC[C@H]1C(=O)N[C@@H](Cc1c[nH]c2ccccc12)C(=O)N[C@@H](Cc1ccccc1)C(=O)O,9.44
OPRM1,CHEMBL5409322,CN(C)C(=O)C(CCN1CCN(c2nsc3ccccc23)CC1)(c1ccccc1)c1ccccc1,9.44
OPRM1,CHEMBL6067862,COC12CC[C@@]3(C[C@]1(C)COCc1ccccc1)[C@H]1Cc4ccc(O)c5c4[C@@]3(CCN1C)[C@H]2O5,9.44
OPRM1,CHEMBL5943700,O=C(N[C@H]1CC[C@@]2(O)[C@H]3Cc4ccc(O)c5c4[C@@]2(CCN3CC2CC2)[C@H]1O5)c1cc2ccccc2[nH]1,9.44
OPRM1,CHEMBL1161429,Cc1cc(O)cc(C)c1C[C@H](N)[C@@H](O)C/C=C/[C@@H](O)[C@@H](Cc1ccccc1)C(=O)NCCc1ccccc1,9.43
OPRM1,CHEMBL376355,Nc1nc2c(s1)C[C@H]1[C@H]3Cc4ccc(O)cc4[C@@]1(CCN3CC1CCC1)C2,9.43
OPRM1,CHEMBL522143,O=C(N[C@@H]1CC[C@@]2(O)[C@H]3Cc4ccc(O)c5c4[C@@]2(CCN3CC2CC2)[C@H]1O5)c1ccncc1,9.43
OPRM1,CHEMBL3217272,CN[C@H]1C[C@H]2C[C@@](c3cccc(O)c3)(C1)[C@H](C)CN2CCCc1ccccc1.Cl.Cl,9.43
OPRM1,CHEMBL4106879,O=C1CC[C@@]2(O)[C@H]3Cc4ccc(C(=O)NCCc5ccc(-c6cccnc6)cc5)c(O)c4[C@@]2(CCN3CC2CC2)C1,9.43
OPRM1,CHEMBL429588,O=C(Cc1cccs1)N[C@H]1CC[C@@]2(O)[C@H]3Cc4ccc(O)c5c4[C@@]2(CCN3CC2CC2)[C@H]1O5,9.42
OPRM1,CHEMBL584995,N[C@@H](Cc1ccc(O)cc1)C(=O)N[C@H](CCCCN(N=C=S)N=C=S)C(=O)N[C@@H](Cc1ccccc1)C(=O)NCC(=O)N[C@@H](Cc1ccc(O)cc1)C(=O)N1CCC[C@H]1C(=O)N[C@@H](CO)C(=O)O,9.42
OPRM1,CHEMBL3759238,O=C1c2ccc(O)cc2[C@@]23CCCC[C@H]2[C@@H]1N(CC1CCCO1)CC3,9.42
OPRM1,CHEMBL4754944,CO[C@@]12CC[C@H](N[C@@H](Cc3ccccc3)C(=O)O)[C@@H]3Oc4c(O)ccc5c4[C@@]31CCN(C)[C@@H]2C5,9.42
OPRM1,CHEMBL5077645,Oc1cccc([C@@]23CCC[C@@H]([C@H]2O)N(C/C=C/c2ccccc2)CC3)c1,9.42
OPRM1,CHEMBL2113311,CO[C@@]12CC[C@@]3(C[C@@H]1CNC/C=C/c1ccccc1)[C@H]1Cc4ccc(O)c5c4[C@@]3(CCN1C)[C@H]2O5,9.41
OPRM1,CHEMBL1824512,Cc1cc(C(=O)N[C@@H]2CC[C@@]3(O)[C@H]4Cc5ccc(O)c6c5[C@@]3(CCN4CC3CC3)[C@H]2O6)ccn1.Cl,9.41
OPRM1,CHEMBL1852558,Cc1cc(C(=O)N[C@@H]2CC[C@@]3(O)[C@H]4Cc5ccc(O)c6c5[C@@]3(CCN4CC3CC3)[C@H]2O6)ccn1,9.41
OPRM1,CHEMBL3667190,CN1CC[C@]23CC(=O)CC[C@@]2(O)[C@H]1Cc1ccc(C(=O)NCCc2ccc(-c4ccccc4)cc2)c(O)c13,9.41
OPRM1,CHEMBL5523416,Oc1cccc(N2[C@@H]3CC[C@H]2CN(CCCc2ccccc2)C3)c1,9.41
OPRM1,CHEMBL607017,COc1ccc2c3c1O[C@H]1C(=O)CC[C@@]4(NC(=O)/C=C/c5ccccc5C)[C@@H](C2)N(C)CC[C@]314,9.4
OPRM1,CHEMBL3325961,CN(C)[C@]1(c2ccccc2)CC[C@]2(CC1)OCCc1c3cc(O)ccc3[nH]c12.O=C(O)CC(O)(CC(=O)O)C(=O)O,9.4
OPRM1,CHEMBL3339378,O=C(NCc1ccccc1)C1=N[C@@]23CC[C@]1(O)C1Oc4c(O)ccc5c4C12CCN(CC1CC1)C3C5,9.4
OPRM1,CHEMBL3904663,COc1ccc2c3c1O[C@H]1[C@@]4(OC)CC[C@@]5(C[C@@H]4COCc4ccc(C(F)(F)F)cc4)[C@@H](C2)N(CC2CC2)CC[C@]315,9.4
OPRM1,CHEMBL4299415,Cc1cc(O)cc(C)c1C[C@H](N)C(=O)N[C@@H](C)C(=O)NCC(=O)N(C)[C@@H](Cc1ccc(F)cc1)C(=O)N1CCC[C@H]1C(=O)N[C@@H](CC(C)C)C(=O)N[C@@H](Cc1c[nH]c2ccccc12)C(=O)NCc1cc(C(F)(F)F)cc(C(F)(F)F)c1,9.4
OPRM1,CHEMBL3921976,CN(CC1(C)CCC(c2ccccc2)(N(C)C)CC1)c1c[nH]c2ccccc12,9.4
OPRM1,CHEMBL4060795,CCCCCCCN1[C@@H]2CC[C@@H]1CC(c1cccc(C(N)=O)c1)C2,9.4
OPRM1,CHEMBL4246433,COc1ccc(C(O)[C@@]2(C)C[C@@]34CC[C@]2(OC)[C@@H]2Oc5c(OC)ccc6c5[C@@]23CCN(CC2CC2)[C@@H]4C6)cc1,9.4
OPRM1,CHEMBL4460387,NC(=O)c1cccc([C@H]2C[C@H]3CC[C@@H](C2)N3CCN(CC2CCCCC2)C(=O)Cc2nnn[nH]2)c1,9.4
OPRM1,CHEMBL4466096,COC1(CCN2CC3(CCC(c4cccs4)(N(C)C)CC3)CC2=O)CCC1,9.4
OPRM1,CHEMBL4795492,CCC(=O)N(Cc1ccccc1)C1(C(=O)NCCc2cccc(F)c2)CCN(CCc2ccccc2)CC1,9.4
OPRM1,CHEMBL5629956,CN(C)C(CNC(=O)NCc1cccc(Cl)c1)c1cccc(F)c1,9.4
OPRM1,CHEMBL5981270,COc1ccc(C(C)N2CCC(n3c(=O)[nH]c4c(Cl)cc(Cl)cc43)CC2)cc1,9.4
OPRM1,CHEMBL6189395,COc1cc(CNC2Cc3ccccc3C2)ccc1Oc1ccc(C(N)=O)cn1,9.4
OPRM1,CHEMBL437983,C[C@H]1CN(C[C@H](Cc2ccccc2)C(=O)N[C@@H](CCCN)C(=O)O)CC[C@@]1(C)c1cccc(O)c1,9.39
OPRM1,CHEMBL473136,COC(=O)/C=C/C(=O)N[C@@H]1CC[C@@]2(O)[C@H]3Cc4ccc(O)c5c4[C@@]2(CCN3CC2CC2)[C@H]1O5,9.39
OPRM1,CHEMBL2179655,CN1CC[C@]23c4c5ccc(O)c4O[C@H]2c2ncc(-c4ccc(Cl)cc4)cc2C[C@@]3(OC/C=C/c2ccccc2)[C@H]1C5,9.39
OPRM1,CHEMBL4852470,Cl.O=C(N[C@@H]1C=C[C@@]2(O)[C@H]3Cc4ccc(O)c5c4[C@@]2(CCN3CC2CC2)[C@H]1O5)c1c[nH]c2cccnc12,9.39
OPRM1,CHEMBL1161416,Cc1cc(O)cc(C)c1C[C@H](N)[C@@H](O)C/C=C/[C@@H](O)[C@@H](Cc1ccccc1)C(=O)N[C@@H](Cc1ccccc1)C(N)=O,9.38
OPRM1,CHEMBL392057,Cc1cc(O)cc(C)c1C[C@H](N)C(=O)NCCCCc1nc(C)c(Cc2ccccc2)[nH]c1=O,9.38
OPRM1,CHEMBL2048774,CN1CC[C@]23CCCC[C@H]2[C@H]1Cc1ccc(NCc2cccc(O)c2)cc13,9.38
OPRM1,CHEMBL3309512,C[C@H]1CC2=C([C@@H]3Oc4c(O)ccc5c4[C@@]34CCN(CC3CC3)[C@H](C5)[C@]4(O)C2)N(Cc2ccccc2)C1=O,9.38
OPRM1,CHEMBL109040,COc1ccc2c(c1O)[C@]13CCN(C)C(C2)[C@]12CCC(=O)[C@H]3/C(=C/c1ccccc1)C2,9.37
OPRM1,CHEMBL2113275,C=CCN1CC[C@]23c4c5ccc(OC(=O)CCCCCCCCC(=O)Oc6ccc7c(c6)[C@@]68CCCCC6[C@@H](C7)N(CC6CCC6)CC8)c4O[C@H]2C(=O)CC[C@@]3(O)[C@H]1C5,9.37
OPRM1,CHEMBL443326,O=C(Cc1cccs1)N[C@@H]1CC[C@@]2(O)[C@H]3Cc4ccc(O)c5c4[C@@]2(CCN3CC2CC2)[C@H]1O5,9.37
OPRM1,CHEMBL272051,Nc1ccc(C(=O)N[C@@H]2CC[C@@]3(O)[C@H]4Cc5ccc(O)c6c5[C@@]3(CCN4CC3CC3)[C@H]2O6)cc1,9.37
OPRM1,CHEMBL584791,C=CCN1CC[C@]23c4c5ccc(OC(=O)CCCCCCCCC(=O)Oc6ccc7c(c6)[C@@]68CCCC[C@H]6C(C7)N(CC6CCC6)CC8)c4O[C@H]2CCC[C@H]3[C@H]1C5,9.37
OPRM1,CHEMBL3215669,CCOc1ccc(Cc2nc3cc([N+](=O)[O-])ccc3n2CCC2CCCN2C)cc1.Cl.Cl,9.37
OPRM1,CHEMBL2048767,O=[N+]([O-])c1cccc(CNc2ccc3c(c2)[C@@]24CCCC[C@H]2[C@@H](C3)N(CC2CCC2)CC4)c1,9.37
OPRM1,CHEMBL2178339,COc1cnccc1C(=O)N[C@@H]1CC[C@@]2(O)[C@H]3Cc4ccc(O)c5c4[C@@]2(CCN3CC2CC2)[C@H]1O5,9.37
OPRM1,CHEMBL2208362,CC(C)Oc1cccc(-c2ccc(CCNC(=O)c3ccc4c(c3)C3(C)CCN(CC5CC5)C(C4)C3C)cc2)c1,9.37
OPRM1,CHEMBL3217271,C[C@@H]1CN(CCCc2ccccc2)[C@H]2C[C@H](N(C)CC3CC3)C[C@]1(c1cccc(O)c1)C2.Cl.Cl,9.37
OPRM1,CHEMBL3309513,O=C1[C@H](CCO)CC2=C([C@@H]3Oc4c(O)ccc5c4[C@@]34CCN(CC3CC3)[C@H](C5)[C@]4(O)C2)N1Cc1ccccc1,9.37
OPRM1,CHEMBL3947184,C=CCOC[C@H]1C[C@@]23CC[C@]1(OC)[C@@H]1Oc4c(OC)ccc5c4[C@@]12CCN(CC1CC1)[C@@H]3C5,9.37
OPRM1,CHEMBL3667199,CN1CC[C@]23CC(=O)CC[C@@]2(O)[C@H]1Cc1ccc(C(=O)NCCc2ccc(-c4cc[nH]c(=O)c4)cc2)c(O)c13,9.37
OPRM1,CHEMBL5197271,NC(=O)[C@@H]1CCC(=O)NCCCC[C@@H](NC(=O)[C@@H](N)Cc2ccc(O)cc2)C(=O)N[C@@H](Cc2c[nH]c3ccccc23)C(=O)N[C@@H](Cc2ccccc2)C(=O)N1,9.37
OPRM1,CHEMBL1161423,Cc1cc(O)cc(C)c1C[C@H](N)[C@@H](O)C/C=C/[C@H](O)[C@@H](Cc1ccccc1)C(=O)O[C@H](CO)Cc1ccccc1,9.36
OPRM1,CHEMBL199827,O=C(CCCCCCCCC(=O)Oc1ccc2c(c1)[C@@]13CCCCC1[C@@H](C2)N(CC1CCC1)CC3)Oc1ccccc1,9.36
OPRM1,CHEMBL236376,NC(=O)c1ccc(Oc2ccc(CNCCc3ccccc3)cc2)cn1,9.36
OPRM1,CHEMBL5768232,O=C(N[C@H]1CC[C@@]2(O)[C@H]3Cc4ccc(O)c5c4[C@@]2(CCN3CC2CC2)[C@H]1O5)c1ccc2cc[nH]c2c1,9.36
OPRM1,CHEMBL6029450,O=C(CCc1c[nH]c2ccccc12)N[C@H]1CC[C@@]2(O)[C@H]3Cc4ccc(O)c5c4[C@@]2(CCN3CC2CC2)[C@H]1O5,9.36
OPRM1,CHEMBL1161425,Cc1cc(O)cc(C)c1C[C@H](N)[C@@H](O)C/C=C/[C@H](O)[C@@H](Cc1ccccc1)C(=O)O[C@@H](Cc1ccccc1)C(N)=O,9.35
OPRM1,CHEMBL610541,O=Cc1ccc(C(=O)NCC(=O)N[C@@H]2CC[C@@]3(O)[C@H]4Cc5ccc(O)c6c5C3(CCN4CC3CC3)C2O6)cc1C=O,9.35
OPRM1,CHEMBL1824513,Cl.O=C(N[C@@H]1CC[C@@]2(O)[C@H]3Cc4ccc(O)c5c4[C@@]2(CCN3CC2CC2)[C@H]1O5)c1ccncc1Br,9.35
OPRM1,CHEMBL1852602,O=C(N[C@@H]1CC[C@@]2(O)[C@H]3Cc4ccc(O)c5c4[C@@]2(CCN3CC2CC2)[C@H]1O5)c1ccncc1Br,9.35
OPRM1,CHEMBL4107585,CC(C)(C)[C@@]1(C)OCO[C@]23CC[C@@]4(C[C@@H]21)[C@H]1Cc2ccc(O)c5c2[C@@]4(CCN1CC1CC1)[C@H]3O5,9.35
OPRM1,CHEMBL4592669,CCOc1ccc(CNCc2ccccc2)cc1CNC(=O)[C@@H](N)Cc1c(C)cc(O)cc1C.O=C(O)C(F)(F)F,9.35
OPRM1,CHEMBL5190232,C=C(C(N)=O)[C@@H](NC(=O)[C@H](Cc1ccccc1)NC(=O)[C@@H](C)N(C)C(=O)[C@@H](N)Cc1ccc(O)cc1)c1ccco1,9.35
OPRM1,CHEMBL386272,COc1ccc2c3c1O[C@H]1C(=O)CC[C@@]4(NC(=O)/C=C/c5ccc(Cl)cc5)[C@@H](C2)N(CC2CC2)CC[C@]314,9.34
OPRM1,CHEMBL208683,Cc1cc(O)cc(C)c1C[C@H](N)C(=O)N[C@H]1Cc2ccccc2CN(CC(=O)NCc2ccccc2)C1=O,9.34
OPRM1,CHEMBL224671,O=C(CCCCCCCCC(=O)Oc1ccc2c3c1O[C@H]1[C@H](O)CC[C@@]4(O)[C@@H](C2)N(CC2CCC2)CC[C@]314)Oc1ccc2c(c1)[C@@]13CCCCC1[C@@H](C2)N(CC1CCC1)CC3,9.34
OPRM1,CHEMBL565679,CC(CCCCCCC(C)C(=O)Oc1ccc2c(c1)[C@@]13CCCC[C@H]1[C@@H](C2)N(CC1CCC1)CC3)C(=O)O,9.34
OPRM1,CHEMBL4103044,O=C(c1ccoc1)N1C[C@H]2CC34CCC1C2C31CCN(CC2CC2)C4Cc2ccc(O)cc21,9.34
OPRM1,CHEMBL4083221,NC(=O)[C@@H]1CC(=O)NCCCC[C@@H](NC(=O)[C@@H](N)Cc2ccc(O)cc2)C(=O)N[C@@H](Cc2ccccc2)C(=O)N2CCC[C@H]2C(=O)N1,9.34
OPRM1,CHEMBL4754352,COC(=O)CC[C@H]1[C@@H]2CCC[C@@]1(c1cccc(O)c1)CCN2CCc1ccccc1,9.34
OPRM1,CHEMBL5075300,c1ccc([C@]2(CCNCc3scc4c3CCC4)CCO[C@]3(CCOC3)C2)nc1,9.34
OPRM1,CHEMBL219318,C[C@H]1CN2CCN(Cc3ccccc3Cl)C[C@H]2C[C@@]1(C)c1cccc(O)c1,9.33
OPRM1,CHEMBL409036,O=C(C[C@@H]1O[C@H](CO)[C@@H](O)[C@H](O)[C@H]1O)N[C@@H]1CC[C@@]2(O)[C@H]3Cc4ccc(O)c5c4[C@@]2(CCN3CC2CC2)[C@H]1O5,9.33
OPRM1,CHEMBL584790,CC(C)(CCCCCCC(C)(C)C(=O)Oc1ccc2c(c1)[C@@]13CCCC[C@H]1[C@@H](C2)N(CC1CCC1)CC3)C(=O)Oc1ccc2c(c1)[C@@]13CCCC[C@H]1[C@@H](C2)N(CC1CCC1)CC3,9.33
OPRM1,CHEMBL611929,O=C(N[C@@H]1CC[C@@]2(O)[C@H]3Cc4ccc(O)c5c4[C@@]2(CCN3CC2CC2)[C@H]1O5)c1ccc(C(F)(F)F)cc1.O=C(O)C(=O)O,9.33
OPRM1,CHEMBL3758259,NC(=O)[C@H]1CSCSC[C@H](NC(=O)[C@@H](N)Cc2ccc(O)cc2)C(=O)N[C@@H](Cc2ccccc2)C(=O)N[C@@H](Cc2ccc3ccccc3c2)C(=O)N1,9.33
OPRM1,CHEMBL5199625,CCCCCCCCC(N)C(=O)N[C@@H](Cc1c(C)cc(O)cc1C)C(=O)N1CCC[C@H]1C(=O)N[C@@H](Cc1c[nH]c2ccccc12)C(=O)N[C@@H](Cc1ccccc1)C(N)=O,9.33
OPRM1,CHEMBL5559772,CN(C(=O)/C=C/c1ccoc1)[C@H]1CC[C@@]2(O)[C@H]3Cc4ccc(O)c5c4[C@@]2(CCN3CC2CC2)[C@H]1O5.Cl,9.33
OPRM1,CHEMBL2113314,CO[C@@]12C=C[C@@]3([C@@H]4CN(C(=O)/C=C/c5ccc(C)cc5)C[C@@H]41)[C@H]1Cc4ccc(O)c5c4[C@@]3(CCN1C)[C@H]2O5,9.32
OPRM1,CHEMBL515864,O=C(N[C@H]1CC[C@@]2(O)[C@H]3Cc4ccc(O)c5c4[C@@]2(CCN3CC2CC2)[C@H]1O5)c1ccncc1,9.32
OPRM1,CHEMBL593215,O=C(N[C@@H]1CC[C@@]2(O)[C@H]3Cc4ccc(O)c5c4[C@@]2(CCN3CC2CC2)[C@H]1O5)c1ccc(Cl)c(Cl)c1.O=C(O)C(=O)O,9.32
OPRM1,CHEMBL1254682,C=CCN1CC[C@]23CCCC[C@H]2[C@H]1Cc1ccc(O)cc13,9.32
OPRM1,CHEMBL4587201,CCOc1ccc(CN(C)Cc2ccccc2)cc1CNC(=O)[C@@H](N)Cc1c(C)cc(O)cc1C.O=C(O)C(F)(F)F,9.32
OPRM1,CHEMBL5571484,Cl.O=C(c1ccco1)N(c1ccccc1)C1CCN(CCc2ccccc2)CC1,9.32
OPRM1,CHEMBL326235,Cc1cc(O)cc(C)c1C[C@H](N)C(=O)N[C@@H](C)C(=O)NCC(=O)N[C@@H](Cc1ccccc1)C(=O)N[C@@H](CC(C)C)C(N)=O,9.31
OPRM1,CHEMBL607127,COc1ccc2c3c1O[C@H]1C(=O)CC[C@@]4(NC(=O)/C=C/c5ccc(C)cc5)[C@@H](C2)N(C)CC[C@]314,9.31
OPRM1,CHEMBL226167,CN1CC[C@]23Cc4nc(N)sc4C[C@H]2[C@H]1Cc1ccc(O)cc13,9.31
OPRM1,CHEMBL571843,CN1CC[C@]23c4cccc(O)c4O[C@H]2CCC[C@H]3C1,9.31
OPRM1,CHEMBL299031,CC[C@@H]1CN2CCc3c([nH]c4cccc(OC)c34)[C@@H]2C[C@@H]1/C(=C\OC)C(=O)OC,9.31
OPRM1,CHEMBL5171745,NC(=O)[C@@H]1CC(=O)NCCCC[C@@H](NC(=O)[C@@H](N)Cc2ccc(O)cc2)C(=O)N[C@@H](Cc2c[nH]c3ccccc23)C(=O)N[C@@H](Cc2ccccc2)C(=O)N1,9.31
OPRM1,CHEMBL5755629,CN1CCC23c4cccc(O)c4O[C@H]2CCC[C@H]3C1,9.31
OPRM1,CHEMBL6041877,CN1CCC23c4cccc(O)c4OC2CCC[C@H]3C1,9.31
OPRM1,CHEMBL138930,CC(CCN1CC[C@@](C)(c2cccc(C(N)=O)c2)[C@@H](C)C1)CC(C)(C)C,9.3
OPRM1,CHEMBL31605,CO[C@]12C=CC3(CC14CCC(C)(C)[C@H]4O)C1Cc4ccc(O)c5c4C3(CCN1C)[C@@H]2O5,9.3
OPRM1,CHEMBL366917,COC1[C@H](NC(=O)CC2OC(COCc3ccccc3)C(OCc3ccccc3)C(OCc3ccccc3)C2OCc2ccccc2)C=C[C@H]2[C@H]3Cc4ccc(O)cc4[C@@]12CCN3C,9.3
OPRM1,CHEMBL2375157,Cc1cc(O)cc(C)c1C[C@@H](C)CN1Cc2ccccc2C[C@H]1C(=O)NCC(=O)NCc1nc2ccccc2[nH]1,9.3
OPRM1,CHEMBL607016,COc1ccc2c3c1O[C@H]1C(=O)CC[C@@]4(NC(=O)/C=C/c5ccccc5Cl)[C@@H](C2)N(C)CC[C@]314,9.3
OPRM1,CHEMBL401615,C[C@H]1CN(C[C@H](Cc2ccccc2)C(=O)N[C@@H](CCCCN)C(=O)O)CC[C@@]1(C)c1cccc(O)c1,9.3
OPRM1,CHEMBL2208347,C[C@H]1[C@H]2Cc3ccc(C(=O)NCCc4ccc(-c5ccc(O)cc5)cc4)cc3[C@]1(C)CCN2CC1CC1,9.3
OPRM1,CHEMBL3758292,Cc1cc(O)cc(C)c1C[C@H](N)C(=O)N1Cc2ccccc2C[C@@H]1C(=O)NCc1nc2ccccc2[nH]1,9.3
OPRM1,CHEMBL3894557,CC1Cc2c([nH]c3ccccc23)C2(CCC(c3ccccc3)(N(C)C)CC2)N1,9.3
OPRM1,CHEMBL4114707,C=C1CC[C@@]2(O)[C@H]3Cc4ccc(C(N)=O)c(O)c4[C@@]2(CCN3CC=C(C)C)C1,9.3
OPRM1,CHEMBL4575464,C[C@H]1[C@H]2Cc3ccc(O)cc3[C@]1(C)CCN2CCC(=O)NCC(c1ccccc1)c1ccccc1,9.3
OPRM1,CHEMBL5082522,FC1(F)CCc2c(csc2CNCC[C@@]2(c3ccccn3)CCOC3(CCOC3)C2)C1,9.3
OPRM1,CHEMBL6067735,C=C1CC[C@@]2(O)[C@H]3Cc4ccc(C(N)=O)c(O)c4[C@]2(CCN3CC=C(C)C)C1,9.3
OPRM1,CHEMBL5816519,CN(C)[C@]1(c2ccccc2)CC[C@]2(CC1)CN(Cc1cccnc1)C(=O)N2CC1CCC1,9.3
OPRM1,CHEMBL469815,NC(=O)c1ccc2c(c1O)[C@]13CCN(CC4CC4)[C@H](C2)[C@]1(O)Cc1c([nH]c2ccccc12)C3,9.29
OPRM1,CHEMBL2048765,COc1cccc(CNc2ccc3c(c2)[C@@]24CCCC[C@H]2[C@@H](C3)N(CC2CC2)CC4)c1,9.29
OPRM1,CHEMBL4755067,CO[C@@]12CC[C@H](N[C@@H](Cc3c[nH]c4ccccc34)C(=O)O)[C@@H]3Oc4c(O)ccc5c4[C@@]31CCN(C)[C@@H]2C5,9.29
OPRM1,CHEMBL426523,C[C@H]1CN2C[C@H](c3ccccc3)CC[C@H]2C[C@@]1(C)c1cccc(O)c1,9.28
OPRM1,CHEMBL512150,NC(=O)c1ccc2c(c1O)[C@]13CCN(CC4CCC4)[C@H](C2)[C@]1(O)CC[C@H](O)C3,9.28
OPRM1,CHEMBL3667196,CO[C@@]12CCC(=O)C[C@@]13CCN(C)[C@@H]2Cc1ccc(C(=O)NCCc2ccc(-c4c[nH]c(=O)[nH]c4=O)cc2)c(O)c13,9.28
OPRM1,CHEMBL3982823,COc1ccc2c3c1O[C@H]1[C@@]4(OC)CC[C@@]5(C[C@@H]4COC/C=C/c4ccccc4)[C@@H](C2)N(CC2CC2)CC[C@]315,9.28
OPRM1,CHEMBL3691865,CO[C@]12CC[C@@]3(C[C@@H]1CNC(=O)CN)[C@H]1Cc4ccc(O)c5c4[C@@]3(CCN1CC1CC1)[C@H]2O5,9.28
OPRM1,CHEMBL4290989,Cc1cc(O)cc(C)c1C[C@H](N)C(=O)N[C@H](CCCNC(=N)N)C(=O)N[C@@H](Cc1ccccc1)C(=O)O,9.28
OPRM1,CHEMBL5630484,Cc1cccc(CNC(=O)NCC(c2cccc(F)c2)N(C)C)c1,9.28
OPRM1,CHEMBL278789,C[C@@H](NC(=O)[C@@H](N)Cc1ccc(O)cc1)C(=O)N[C@@H](Cc1ccccc1)C(=O)NCC(=O)N[C@@H](Cc1ccc(O)cc1)C(=O)N1CCC[C@H]1C(=O)N[C@@H](CO)C(N)=O,9.27
OPRM1,CHEMBL610542,O=C(/C=C/c1ccc(Cl)cc1)NC12CCC(=O)C3Oc4cccc5c4[C@@]31CCN(CC1CC1)[C@@H]2C5,9.27
OPRM1,CHEMBL1685,C[C@@]12CCCCC[C@@H](Cc3ccc(O)cc31)[C@@H]2N,9.27
OPRM1,CHEMBL2179656,CN1CC[C@]23c4c5ccc(O)c4O[C@H]2c2ncc(-c4ccc(Cl)cc4)cc2C[C@@]3(OCCCc2ccccc2)[C@H]1C5,9.27
OPRM1,CHEMBL4111049,CCCC1O[C@]23CC[C@@]4(C[C@@H]2[C@@](C)(C(C)(C)C)O1)[C@H]1Cc2ccc(O)c5c2[C@@]4(CCN1CC1CC1)[C@H]3O5,9.27
OPRM1,CHEMBL5820029,CC12CCCCC[C@@H](Cc3ccc(O)cc31)[C@@H]2N,9.27
OPRM1,CHEMBL236462,Cc1cc(O)cc(C)c1C[C@H](N)C(=O)NCCCc1nc(C)c(CCc2ccccc2)[nH]c1=O,9.26
OPRM1,CHEMBL522375,C[C@H]1C2Cc3ccc(C(N)=O)c(N)c3[C@@]1(C)CCN2CC1CC1,9.26
OPRM1,CHEMBL469189,C[C@H]1C2Cc3ccc4c(N)ncnc4c3[C@@]1(C)CCN2CC1CC1,9.26
OPRM1,CHEMBL522201,O=C(N[C@H]1CC[C@@]2(O)[C@H]3Cc4ccc(O)c5c4[C@@]2(CCN3CC2CC2)[C@H]1O5)c1cc2ccccc2cn1,9.26
OPRM1,CHEMBL1774948,C=CCN1CC[C@]23c4c5ccc(OC(=O)CCCCCCCCC(=O)Oc6ccc7c(c6)[C@@]68CCCC[C@@]6(OC)[C@@H](C7)N(CC6CCC6)CC8)c4O[C@H]2C(=O)CC[C@@]3(O)[C@H]1C5,9.26
OPRM1,CHEMBL4076632,O=C(Nc1ccccc1)N1C[C@H]2CC34CCC1C2C31CCN(CC2CC2)C4Cc2ccc(O)cc21,9.26
OPRM1,CHEMBL554617,O=C(O[C@@H]1CC[C@@]2(O)[C@H]3Cc4ccc(O)c5c4[C@@]2(CCN3CC2CC2)[C@H]1O5)N(c1ccccc1)c1ccccc1,9.25
OPRM1,CHEMBL3309511,C[C@@H]1CC2=C([C@@H]3Oc4c(O)ccc5c4[C@@]34CCN(CC3CC3)[C@H](C5)[C@]4(O)C2)N(Cc2ccccc2)C1=O,9.25
OPRM1,CHEMBL1927270,NC(=O)[C@@H]1CC(=O)NCCCC[C@@H](NC(=O)[C@@H](N)Cc2ccc(O)cc2)C(=O)N[C@@H](Cc2ccccc2)C(=O)N[C@@H](Cc2ccccc2)C(=O)N1,9.25
OPRM1,CHEMBL4114677,CC(C)=CCN1CC[C@]23CC(=O)CC[C@@]2(O)[C@H]1Cc1ccc(C(N)=O)c(O)c13,9.25
OPRM1,CHEMBL4878105,Cl.O=C(N[C@@H]1C=C[C@@]2(O)[C@H]3Cc4ccc(O)c5c4[C@@]2(CCN3CC2CC2)[C@H]1O5)c1c[nH]c2cnccc12,9.25
OPRM1,CHEMBL4875882,Cl.O=C(N[C@H]1C=C[C@@]2(O)[C@H]3Cc4ccc(O)c5c4[C@@]2(CCN3CC2CC2)[C@H]1O5)c1c[nH]c2cccnc12,9.25
OPRM1,CHEMBL5208385,O=C(N[C@H]1C[C@]23CCN(CC4CC4)[C@H](Cc4ccc(O)cc42)[C@]32CC[C@@H]1O2)c1ccccc1,9.25
OPRM1,CHEMBL6067734,CC(C)=CCN1CC[C@@]23CC(=O)CC[C@@]2(O)[C@H]1Cc1ccc(C(N)=O)c(O)c13,9.25
OPRM1,CHEMBL570429,O=C(Nc1ccc(I)cc1)Oc1ccc2c(c1)[C@@]13CCCC[C@H]1[C@@H](C2)N(CC1CC1)CC3,9.24
OPRM1,CHEMBL1824515,Cc1cnccc1C(=O)N[C@@H]1CC[C@@]2(O)[C@H]3Cc4ccc(O)c5c4[C@@]2(CCN3CC2CC2)[C@H]1O5.Cl,9.24
OPRM1,CHEMBL1824511,Cl.O=C(CCc1ccncc1)N[C@@H]1CC[C@@]2(O)[C@H]3Cc4ccc(O)c5c4[C@@]2(CCN3CC2CC2)[C@H]1O5,9.24
OPRM1,CHEMBL1852555,O=C(CCc1ccncc1)N[C@@H]1CC[C@@]2(O)[C@H]3Cc4ccc(O)c5c4[C@@]2(CCN3CC2CC2)[C@H]1O5,9.24
OPRM1,CHEMBL1852393,Cc1cnccc1C(=O)N[C@@H]1CC[C@@]2(O)[C@H]3Cc4ccc(O)c5c4[C@@]2(CCN3CC2CC2)[C@H]1O5,9.24
OPRM1,CHEMBL4083940,O=C(c1ccccc1)N1C[C@H]2CC34CCC1C2C31CCN(CC2CC2)C4Cc2ccc(O)cc21,9.24
OPRM1,CHEMBL5173837,C=C(C(N)=O)[C@@H](NC(=O)[C@H](Cc1c[nH]c2ccccc12)NC(=O)[C@@H](C)N(C)C(=O)[C@@H](N)Cc1ccc(O)cc1)c1ccccc1,9.24
OPRM1,CHEMBL5416582,CC(C)[C@H]1CC[C@@H](N2CCC(n3c(CN4CCCC4)cc4ccccc43)CC2)CC1,9.24
OPRM1,CHEMBL31030,CO[C@]12C=CC3(CC14CCC(C)(C)[C@H]4O)C1Cc4ccc(O)c5c4C3(CCN1CC1CC1)[C@@H]2O5,9.23
OPRM1,CHEMBL481366,CC1(N2CCC(n3c([C@H]4CCCNC4)nc4ccccc43)CC2)CCCCCCC1,9.23
OPRM1,CHEMBL169552,CO[C@@]12CCC3(C[C@H]1[C@@](C)(O)C(C)(C)C)[C@H]1Cc4ccc(O)c5c4C3(CCN1C)[C@H]2O5,9.22
OPRM1,CHEMBL2113671,CO[C@]12C=C[C@@]3(C[C@H]1[C@@H](C)OCc1ccccc1)[C@H]1Cc4ccc(O)c5c4C3(CCN1C)[C@@H]2O5,9.22
OPRM1,CHEMBL200129,N[C@@H](Cc1ccc(O)cc1)C(=O)N[C@@H]1CSSC[C@@H](NC(=O)[C@@H](N)Cc2ccc(O)cc2)C(=O)NCC(=O)N[C@@H](Cc2ccccc2)C(=O)NNC(=O)[C@H](Cc2ccccc2)NC(=O)CNC1=O,9.22
OPRM1,CHEMBL607069,COc1ccc2c3c1O[C@H]1C(=O)CC[C@@]4(NC(=O)/C=C/c5ccc(Cl)cc5)[C@@H](C2)N(C)CC[C@]314,9.22
OPRM1,CHEMBL397276,C[C@H]1[C@H]2CCC[C@]1(c1cccc(O)c1)CCN2CCc1ccccc1,9.22
OPRM1,CHEMBL1627,CNC(=O)C(CCN1CCC(O)(c2ccc(Cl)cc2)CC1)(c1ccccc1)c1ccccc1,9.22
OPRM1,CHEMBL2178338,COc1cc(C(=O)N[C@@H]2CC[C@@]3(O)[C@H]4Cc5ccc(O)c6c5[C@@]3(CCN4CC3CC3)[C@H]2O6)ccn1,9.22
OPRM1,CHEMBL3959398,CN(C)C1(c2ccccc2)CCC2(CC1)OCCc1c2[nH]c2ccccc12,9.22
OPRM1,CHEMBL3966641,CN(C)C1(Cc2ccccc2)CCC2(CC1)NCCc1c2[nH]c2ccccc12,9.22
OPRM1,CHEMBL4458273,CN(C)C1(c2ccccc2)CCC2(CCN(C(=O)CC3CCC3)C2)CC1,9.22
OPRM1,CHEMBL5415173,CCC(=O)N(CC(CC)N1CCC(c2ccccc2)CC1)c1ccccn1,9.22
OPRM1,CHEMBL392828,Cc1c[nH]c(=O)c(CCCCNC(=O)[C@@H](N)Cc2c(C)cc(O)cc2C)n1,9.21
OPRM1,CHEMBL571990,COc1ccc(Nc2ccc3c(c2)[C@@]24CCCC[C@H]2[C@@H](C3)N(CC2CCC2)CC4)cc1,9.21
OPRM1,CHEMBL611933,O=C(N[C@@H]1CC[C@@]2(O)[C@H]3Cc4ccc(O)c5c4[C@@]2(CCN3CC2CC2)[C@H]1O5)c1ccc(Cl)cc1.O=C(O)C(=O)O,9.21
OPRM1,CHEMBL2347238,C[C@H]1C2Cc3ccc(C(=O)NCCc4ccc(-c5ccccc5)nc4)cc3[C@@]1(C)CCN2CC1CC1,9.21
OPRM1,CHEMBL5188741,C=C(C(N)=O)[C@@H](NC(=O)[C@H](Cc1ccccc1)NC(=O)[C@@H](C)N(C)C(=O)[C@@H](N)Cc1ccc(O)cc1)c1ccccc1,9.21
OPRM1,CHEMBL5568330,Oc1ccccc1N1[C@@H]2CC[C@H]1CN(CCCc1ccccc1)C2,9.21
OPRM1,CHEMBL373446,C[C@H]1CN2CCN(Cc3cccs3)C[C@H]2C[C@@]1(C)c1cccc(O)c1,9.2
OPRM1,CHEMBL2113296,COc1ccc2c3c1O[C@H]1[C@]4(OC)CC[C@@]5(C[C@@H]4CNC(=O)/C=C/c4ccccc4Cl)[C@@H](C2)N(C)CC[C@]315,9.2
OPRM1,CHEMBL403633,C[C@H](NC(=O)[C@@H](Cc1ccccc1)CN1CC[C@@](C)(c2cccc(O)c2)[C@@H](C)C1)C(=O)O,9.2
OPRM1,CHEMBL1824510,Cl.O=C(N[C@@H]1CC[C@@]2(O)[C@H]3Cc4ccc(O)c5c4[C@@]2(CCN3CC2CC2)[C@H]1O5)c1ccnc(Br)c1,9.2
OPRM1,CHEMBL1852385,O=C(N[C@@H]1CC[C@@]2(O)[C@H]3Cc4ccc(O)c5c4[C@@]2(CCN3CC2CC2)[C@H]1O5)c1ccnc(Br)c1,9.2
OPRM1,CHEMBL3667193,CN1CC[C@]23CC(=O)CC[C@@]2(O)[C@H]1Cc1ccc(C(=O)NCCc2ccc(-c4ccc(=O)[nH]c4)cc2)c(O)c13,9.2
OPRM1,CHEMBL3959336,NC(=O)c1cccc([C@H]2C[C@H]3CC[C@@H](C2)N3CCN(CCc2ccccc2)C(=O)CO)c1,9.2
OPRM1,CHEMBL4066752,O=C(c1ccccc1)N1C[C@H]2OC34CCC1C2C31CCN(CC2CC2)C4Cc2ccc(O)cc21,9.2
OPRM1,CHEMBL4519976,CCC(CC)CN(CCCCCN1[C@@H]2CC[C@H]1C[C@@H](c1cccc(C(N)=O)c1)C2)C(=O)CO,9.2
OPRM1,CHEMBL4541806,CCC(CC)CN(CCCCN1[C@@H]2CC[C@H]1C[C@@H](c1cccc(C(N)=O)c1)C2)C(=O)CO,9.2
OPRM1,CHEMBL5080654,CCOC(=O)/C=C1\[C@@H]2CCC[C@@]1(c1cccc(O)c1)CCN2CCc1ccccc1,9.2
OPRM1,CHEMBL5624945,CN(C)C(CNC(=O)NCCCc1ccccc1)c1cccc(F)c1,9.2
OPRM1,CHEMBL6191731,COc1cc(CNCCc2ccccc2)ccc1Oc1ccc(C(N)=O)cn1,9.2
OPRM1,CHEMBL1161428,Cc1cc(O)cc(C)c1C[C@H](N)[C@@H](O)C/C=C/[C@@H](O)[C@H](Cc1ccccc1)C(=O)NCCc1ccccc1,9.19
OPRM1,CHEMBL77001,Cc1cc(O)cc(C)c1C[C@H](N)C(=O)N1Cc2ccccc2C[C@H]1CNCc1ccccc1,9.19
OPRM1,CHEMBL200881,O=C(CCCCCCCCC(=O)Oc1ccc2c(c1)[C@@]13CCCCC1[C@@H](C2)N(CC1CCC1)CC3)Nc1ccc2c(c1)[C@@]13CCCCC1[C@@H](C2)N(CC1CCC1)CC3,9.19
OPRM1,CHEMBL254927,Cc1cc(O)cc(C)c1C[C@H](N)C(=O)N(C)CC(=O)N[C@@H](Cc1ccccc1)C(=O)N[C@H](Cc1ccc2ccccc2c1)C(N)=O,9.19
OPRM1,CHEMBL2208360,CCOc1ccc(-c2ccc(CCNC(=O)c3ccc4c(c3)C3(C)CCN(CC5CC5)C(C4)C3C)cc2)cc1,9.19
OPRM1,CHEMBL67289,CCNC(=O)c1ccc(C(=C2CC3CCC(C2)N3CCc2ccccc2)c2cccc(OC)c2)cc1,9.18
OPRM1,CHEMBL68412,CCNC(=O)c1ccc(C(=C2CC3CCC(C2)N3Cc2cccs2)c2cccc(O)c2)cc1,9.18
OPRM1,CHEMBL1169585,CCC[C@@](C)(O)[C@@H]1CC23C=C[C@]1(OC)[C@H]1Oc4c(O)ccc5c4C12CCN(C)C3C5,9.18
OPRM1,CHEMBL236663,Cc1cccc(C)c1Cc1[nH]c(=O)c(CCCCNC(=O)[C@@H](N)Cc2c(C)cc(O)cc2C)nc1C,9.18
OPRM1,CHEMBL2179652,Oc1ccc2c3c1O[C@H]1c4ncc(-c5ccc(Cl)cc5)cc4C[C@@]4(OCCCc5ccccc5)[C@@H](C2)N(CC2CC2)CC[C@]314,9.18
OPRM1,CHEMBL3667192,O=C1CC[C@@]2(O)[C@H]3Cc4ccc(C(=O)NCCc5ccc(-c6c[nH]c(=O)[nH]c6=O)cc5)c(O)c4[C@@]2(CCN3CCc2ccccc2)C1,9.18
OPRM1,CHEMBL5423260,CC(C)[C@H]1CC[C@@H](N2CCC(n3c(CNS(N)(=O)=O)cc4ccccc43)CC2)CC1,9.18
OPRM1,CHEMBL2113672,CO[C@]12C=C[C@@]3(C[C@H]1[C@H](C)OCc1ccccc1)[C@H]1Cc4ccc(O)c5c4C3(CCN1C)[C@@H]2O5,9.17
OPRM1,CHEMBL369919,O=C(CCCCCCCCC(=O)Oc1ccc2c(c1)[C@@]13CCCCC1[C@@H](C2)N(C[C@@H]1CCCO1)CC3)Oc1ccc2c(c1)[C@@]13CCCCC1[C@@H](C2)N(C[C@@H]1CCCO1)CC3,9.17
OPRM1,CHEMBL2113312,CO[C@@]12CC[C@@]3(C[C@@H]1CNC/C=C/c1ccc(Cl)cc1)[C@H]1Cc4ccc(O)c5c4[C@@]3(CCN1C)[C@H]2O5,9.17
OPRM1,CHEMBL272181,O=C(C[C@@H]1O[C@H](CO)[C@@H](O)[C@H](O)[C@H]1O)N[C@H]1CC[C@@]2(O)[C@H]3Cc4ccc(O)c5c4[C@@]2(CCN3CC2CC2)[C@H]1O5,9.17
OPRM1,CHEMBL1824514,Cl.O=C(N[C@@H]1CC[C@@]2(O)[C@H]3Cc4ccc(O)c5c4[C@@]2(CCN3CC2CC2)[C@H]1O5)c1ccncc1Cl,9.17
OPRM1,CHEMBL1852672,O=C(N[C@@H]1CC[C@@]2(O)[C@H]3Cc4ccc(O)c5c4[C@@]2(CCN3CC2CC2)[C@H]1O5)c1ccncc1Cl,9.17
OPRM1,CHEMBL3977887,C[C@H]1[C@H]2Cc3ccc(C(=O)NCCc4ccc(-c5ccc(O)nc5)cc4)cc3[C@@]1(C)CCN2CC1CC1,9.17
OPRM1,CHEMBL4783612,CO[C@@]12CC[C@@H](N[C@H](Cc3ccccc3)C(=O)O)[C@@H]3Oc4c(O)ccc5c4[C@@]31CCN(C)[C@@H]2C5,9.17
OPRM1,CHEMBL5198915,NC(=O)CNC(=O)[C@@H]1CCC(=O)NCCCC[C@@H](NC(=O)[C@@H](N)Cc2ccc(O)cc2)C(=O)N[C@@H](Cc2c[nH]c3ccccc23)C(=O)N[C@@H](Cc2ccccc2)C(=O)N1,9.17
OPRM1,CHEMBL5882810,CC1[C@H]2Cc3ccc(C(=O)NCCc4ccc(-c5ccc(O)nc5)cc4)cc3[C@@]1(C)CCN2CC1CC1,9.17
OPRM1,CHEMBL1161419,NC(=O)[C@H](Cc1ccccc1)NC(=O)[C@H](Cc1ccccc1)NC(=O)[C@H]1CCCN1C(=O)[C@@H](N)Cc1ccccc1,9.16
OPRM1,CHEMBL373984,Cc1cc(O)cc(C)c1C[C@H](N)C(=O)N1Cc2ccccc2C[C@H]1C(=O)NCCC(=O)Oc1ccc2c(c1)[C@@]13CCCC[C@H]1[C@@H](C2)N(CC1CCC1)CC3,9.16
OPRM1,CHEMBL3216476,Cl.Cl.O=C(O)CN[C@H]1CC[C@@]2(OCCCc3ccccc3)[C@H]3Cc4ccc(O)c5c4[C@@]2(CCN3CC2CC2)[C@H]1O5,9.16
OPRM1,CHEMBL2048761,COc1cccc(CNc2ccc3c(c2)[C@@]24CCCC[C@H]2[C@@H](C3)N(CC2CCC2)CC4)c1,9.16
OPRM1,CHEMBL3786675,O=C1CCC[C@@]2(O)[C@H]3Cc4ccc(O)cc4[C@@]2(CCN3CC2CC2)C1,9.16
OPRM1,CHEMBL56695,NC(=O)c1ccc2c3c1O[C@H]1C(=O)CC[C@@]4(O)[C@@H](C2)N(CC2CC2)CC[C@]314,9.15
OPRM1,CHEMBL383320,O=C(O)CCCCCCCCC(=O)Oc1ccc2c(c1)[C@@]13CCCCC1[C@@H](C2)N(CC1CCC1)CC3,9.15
OPRM1,CHEMBL611402,O=C(/C=C/c1ccccc1Cl)N[C@@]12CCC(=O)[C@@H]3Oc4c(O)ccc5c4[C@@]31CCN(CC1CC1)[C@@H]2C5,9.15
OPRM1,CHEMBL394624,O=C(NCc1ccccc1)Oc1ccc2c(c1)C13CCCCC1C(C2)N(CC1CCC1)CC3,9.15
OPRM1,CHEMBL72180,CC[C@@]12CCN(CCc3ccccc3)C[C@@H]1Oc1ccc(O)cc12,9.15
OPRM1,CHEMBL566346,O=C(O)CCCCCCCCC(=O)Oc1ccc2c(c1)[C@@]13CCCC[C@H]1[C@@H](C2)N(CC1CCC1)CC3,9.15
OPRM1,CHEMBL216251,COc1ccc2c3c1O[C@H]1C(=O)CC[C@@]4(NC/C=C/c5ccc(Cl)cc5)[C@@H](C2)N(CC2CC2)CC[C@]314,9.15
OPRM1,CHEMBL568876,Ic1ccc(CNc2ccc3c(c2)[C@@]24CCCC[C@H]2[C@@H](C3)N(CC2CC2)CC4)cc1,9.15
OPRM1,CHEMBL1795712,C=CCN1CC[C@]23c4c5ccc(O)c4O[C@H]2[C@H](NC(=O)c2cccc(I)c2)CC[C@@]3(O)[C@H]1C5,9.15
OPRM1,CHEMBL3262089,CO[C@]12CC[C@@]3(C[C@@H]1[C@](C)(O)c1ccccc1)[C@H]1Cc4ccc(O)c5c4[C@@]3(CCN1CC1CC1)[C@H]2O5,9.15
OPRM1,CHEMBL3325881,CN(C)[C@]1(c2ccccc2)CC[C@@H](NC(=O)NCCCc2ccccc2)CC1.Cl,9.15
OPRM1,CHEMBL3325957,CN(C)[C@]1(c2ccccc2)CC[C@]2(CC1)OCCc1c3cc(F)ccc3[nH]c12.O=C(O)CC(O)(CC(=O)O)C(=O)O,9.15
OPRM1,CHEMBL267495,CN(C(=O)/C=C/c1ccoc1)[C@@H]1CC[C@@]2(O)[C@H]3Cc4ccc(O)c5c4[C@@]2(CCN3CC2CC2)[C@H]1O5,9.15
OPRM1,CHEMBL3954763,CN(C)C1(c2ccccc2)CCC2(CC1)NCCc1c2[nH]c2ccc(F)cc12,9.15
OPRM1,CHEMBL4471584,CCC(=O)N(c1ccccc1)C1CCN(CCc2ccccc2)CC1F,9.15
OPRM1,CHEMBL4468844,CCC(=O)N(c1ccccc1)C1CCN(CC(F)c2ccccc2)CC1,9.15
OPRM1,CHEMBL4868660,Cl.O=C(N[C@H]1C=C[C@@]2(O)[C@H]3Cc4ccc(O)c5c4[C@@]2(CCN3CC2CC2)[C@H]1O5)c1c[nH]c2ccncc12,9.15
OPRM1,CHEMBL5277326,CN(C)CC1CN(CCc2cccc(C(F)(F)F)c2)CCC1(O)c1cccc(O)c1,9.15
OPRM1,CHEMBL1161422,Cc1cc(O)cc(C)c1C[C@H](N)[C@H](O)C/C=C/[C@@H](O)[C@@H](Cc1ccccc1)C(=O)NCCc1ccccc1,9.14
OPRM1,CHEMBL610883,Cc1ccccc1/C=C/C(=O)N[C@@]12CCC(=O)[C@@H]3Oc4c(O)ccc5c4[C@@]31CCN(CC1CC1)[C@@H]2C5,9.14
OPRM1,CHEMBL376690,C[C@H]1CN2CCN(Cc3ccccc3)C[C@H]2C[C@@]1(C)c1cccc(O)c1,9.14
OPRM1,CHEMBL1824517,Cl.O=C(CNC(=O)c1ccncc1)N[C@@H]1CC[C@@]2(O)[C@H]3Cc4ccc(O)c5c4[C@@]2(CCN3CC2CC2)[C@H]1O5,9.14
OPRM1,CHEMBL2158957,CSCC[C@H](NC(=O)[C@H](CC(C)C)NC(=O)CNC(=O)[C@H](Cc1ccccc1)NC(=O)[C@H](Cc1ccccc1)NC(=O)[C@H](Cc1c[nH]c2ccccc12)NC(=O)[C@@H]1CCCN1C(=O)[C@@H](N)Cc1ccc(O)cc1)C(N)=O,9.14
OPRM1,CHEMBL2163912,C=C(C(N)=O)[C@@H](NC(=O)[C@H](Cc1c[nH]c2ccccc12)NC(=O)[C@@H]1CCCN1C(=O)[C@@H](N)Cc1ccc(O)cc1)c1cccc(Cl)c1,9.14
OPRM1,CHEMBL1852458,O=C(CNC(=O)c1ccncc1)N[C@@H]1CC[C@@]2(O)[C@H]3Cc4ccc(O)c5c4[C@@]2(CCN3CC2CC2)[C@H]1O5,9.14
OPRM1,CHEMBL490665,CN(C(=O)/C=C/c1ccoc1)[C@@H]1CC[C@@]2(O)[C@H]3Cc4ccc(O)c5c4[C@@]2(CCN3CC2CC2)[C@H]1O5.Cl,9.14
OPRM1,CHEMBL4068691,O=C(c1ccccn1)N1C[C@H]2CC34CCC1C2C31CCN(CC2CC2)C4Cc2ccc(O)cc21,9.14
OPRM1,CHEMBL5087973,CCC(=O)N(C[C@H](C)N1CCC(Cc2ccccc2)CC1)c1ccccc1,9.14
OPRM1,CHEMBL555713,Cl.O=Cc1cc2ccc(C(=O)N[C@@H]3CC[C@@]4(O)C5Cc6ccc(O)c7c6[C@@]4(CCN5CC4CC4)[C@H]3O7)cc2cc1C=O,9.13
OPRM1,CHEMBL328902,C[C@@H](NC(=O)[C@@H](N)Cc1ccc(O)cc1)C(=O)NCC(=O)N[C@@H](Cc1ccccc1)C(=O)NNC(=O)[C@H](N)Cc1ccccc1,9.13
OPRM1,CHEMBL371710,CCC(=O)N(c1ccccc1)C1(C(=O)OC)CCN(CCCCC[18F])CC1,9.13
OPRM1,CHEMBL2113295,COc1ccc2c3c1O[C@H]1[C@]4(OC)CC[C@@]5(C[C@@H]4CNC(=O)/C=C/c4ccccc4C)[C@@H](C2)N(C)CC[C@]315,9.13
OPRM1,CHEMBL3915488,COc1ccc2c3c1O[C@H]1[C@@]4(OC)CC[C@@]5(C[C@@H]4COCc4ccc6ccccc6c4)[C@@H](C2)N(CC2CC2)CC[C@]315,9.13
OPRM1,CHEMBL2397021,O=C(N[C@@]12CCC(=O)[C@@H]3Oc4c(O)ccc5c4[C@@]31CCN(CC1CC1)[C@@H]2C5)c1cccnc1,9.12
OPRM1,CHEMBL3086747,Cl.O=C(N[C@@]12CCC(=O)[C@@H]3Oc4c(O)ccc5c4[C@@]31CCN(CC1CC1)[C@@H]2C5)c1cccnc1,9.12
OPRM1,CHEMBL5948841,O=C(N[C@H]1CC[C@@]2(O)[C@H]3Cc4ccc(O)c5c4[C@@]2(CCN3CC2CC2)[C@H]1O5)c1ccc2[nH]ccc2c1,9.12
OPRM1,CHEMBL517567,CO[C@@]12CC[C@@]3(C[C@@H]1[C@@](C)(O)C(C)(C)C)[C@H]1Cc4ccc(C(N)=O)c5c4[C@@]3(CCN1CC1CC1)[C@H]2O5,9.11
OPRM1,CHEMBL473699,Cc1nc2cc3c(cc2[nH]1)[C@@]1(C)CCN(CC2CC2)C(C3)[C@@H]1C,9.11
OPRM1,CHEMBL1797689,O=C1CC[C@@]2(O)[C@H]3Cc4ccc(O)cc4[C@@]2(CCN3CC2CC2)C1,9.11
OPRM1,CHEMBL3691860,CO[C@]12CC[C@@]3(C[C@@H]1CNC(=O)[C@@H](N)Cc1ccc(O)cc1)[C@H]1Cc4ccc(O)c5c4[C@@]3(CCN1CC1CC1)[C@H]2O5,9.11
OPRM1,CHEMBL55033,CCC12CCN(CC3CC3)C(C(=O)c3ccc(O)cc31)C2C,9.11
OPRM1,CHEMBL4757240,CO[C@@]12CC[C@H](N[C@H](Cc3ccccc3)C(=O)O)[C@@H]3Oc4c(O)ccc5c4[C@@]31CCN(C)[C@@H]2C5,9.11
OPRM1,CHEMBL6067733,CO[C@@]12CC[C@@]3(C[C@@H]1[C@](C)(O)C(C)(C)C)[C@H]1Cc4ccc(C(N)=O)c5c4[C@@]3(CCN1CC1CC1)C2O5,9.11
OPRM1,CHEMBL6067767,CO[C@@]12CC[C@@]3(C[C@@H]1[C@](C)(O)C(C)(C)C)[C@H]1Cc4ccc(C(N)=O)c5c4[C@@]3(CCN1CC1CC1)[C@H]2O5,9.11
OPRM1,CHEMBL108068,C[C@@]12CCCCS[C@@H](Cc3ccc(O)cc31)C2N,9.1
OPRM1,CHEMBL563988,Cc1ccc(S(=O)(=O)O[C@@H]2CC[C@@]3(O)[C@H]4Cc5ccc(O)c6c5[C@@]3(CCN4CC3CC3)[C@H]2O6)cc1,9.1
OPRM1,CHEMBL3962054,NC(=O)c1cccc([C@H]2C[C@H]3CC[C@@H](C2)N3CCN(CCCc2ccccc2)C(=O)CO)c1,9.1
OPRM1,CHEMBL4088609,O=C1c2ccccc2C(=O)N1CCCCN1[C@@H]2CC[C@@H]1CC(c1cccc(O)c1)C2,9.1
OPRM1,CHEMBL4443716,CCOc1ccc(CN2Cc3ccccc3C2)cc1CNC(=O)[C@@H](N)Cc1c(C)cc(O)cc1C.O=C(O)C(F)(F)F,9.1
OPRM1,CHEMBL4569252,CCCCCCN(CCN1[C@@H]2CC[C@H]1C[C@@H](c1cccc(C(N)=O)c1)C2)C(=O)CO,9.1
OPRM1,CHEMBL4544814,NC(=O)c1cccc([C@H]2C[C@H]3CC[C@@H](C2)N3CCN(CC2CCCCC2)C(=O)C(F)(F)F)c1,9.1
OPRM1,CHEMBL5918158,NC12CC[C@@]3(OC1)[C@H]1Cc4ccc(O)cc4[C@@]3(CCN1CC1CC1)C2,9.1
OPRM1,CHEMBL5759716,O=C1C[C@@H]2C[C@@]3(O)[C@H]4Cc5ccc(O)cc5[C@@]3(CCN4CC3CC3)C[C@@H]2N1,9.1
OPRM1,CHEMBL5848002,CN(C)[C@]1(c2ccccc2)CC[C@]2(CC1)CN(Cc1ccccc1C(N)=O)C(=O)N2CC1CCC1,9.1
OPRM1,CHEMBL5840765,CN(C)[C@]1(c2ccccc2)CC[C@]2(CC1)CN(Cc1cccc(S(C)(=O)=O)c1)C(=O)N2CC1CCC1,9.1
OPRM1,CHEMBL6041305,c1ccc([C@]2(CCN[C@H]3CCCc4ccccc43)CCO[C@]3(CCOC3)C2)nc1,9.1
OPRM1,CHEMBL584993,N[C@@H](Cc1ccc(O)cc1)C(=O)N[C@H](CCCN(N=C=S)N=C=S)C(=O)N[C@@H](Cc1ccccc1)C(=O)NCC(=O)N[C@@H](Cc1ccc(O)cc1)C(=O)N1CCC[C@H]1C(=O)N[C@@H](CO)C(=O)O,9.09
OPRM1,CHEMBL611931,O=C(N[C@@H]1CC[C@@]2(O)[C@H]3Cc4ccc(O)c5c4[C@@]2(CCN3CC2CC2)[C@H]1O5)c1ccc(I)cc1.O=C(O)C(=O)O,9.09
OPRM1,CHEMBL1774950,C=CCN1CC[C@]23c4c5ccc(OC(=O)CCCCCCCCC(=O)Oc6ccc7c(c6)[C@@]68CCCC[C@@]6(O)[C@@H](C7)N(CC6CCC6)CC8)c4O[C@H]2C(=O)CC[C@@]3(O)[C@H]1C5,9.09
OPRM1,CHEMBL2347239,C[C@H]1C2Cc3ccc(C(=O)NCCc4ccc(-c5ccccc5)cn4)cc3[C@@]1(C)CCN2CC1CC1,9.09
OPRM1,CHEMBL2397022,O=C(N[C@@]12CCC(=O)[C@@H]3Oc4c(O)ccc5c4[C@@]31CCN(CC1CC1)[C@@H]2C5)c1ccncc1,9.09
OPRM1,CHEMBL3086748,Cl.O=C(N[C@@]12CCC(=O)[C@@H]3Oc4c(O)ccc5c4[C@@]31CCN(CC1CC1)[C@@H]2C5)c1ccncc1,9.09
OPRM1,CHEMBL3262092,CO[C@]12CC[C@@]3(C[C@@H]1[C@@H](O)c1ccccc1)[C@H]1Cc4ccc(O)c5c4[C@@]3(CCN1CC1CC1)[C@H]2O5,9.09
OPRM1,CHEMBL4109400,CC1C2Cc3ccc(O)cc3[C@]1(C)CCN2CC1(C)CC1,9.09
OPRM1,CHEMBL4094845,Oc1ccc2c(c1)C13CCN(CC4CC4)C(C2)C12CCC1C3[C@@H](CN1c1cnccn1)C2,9.09
OPRM1,CHEMBL5405339,CC(C)[C@H]1CC[C@@H](N2CCC(n3c(CN)cc4ccccc43)CC2)CC1,9.09
OPRM1,CHEMBL5589843,N[C@@]12CCC(=O)C3Oc4c(O)ccc5c4[C@@]31CCN(CC1CC1)C2C5,9.09
OPRM1,CHEMBL2163913,C=C(C(N)=O)[C@@H](NC(=O)[C@H](Cc1c[nH]c2ccccc12)NC(=O)[C@@H]1CCCN1C(=O)[C@@H](N)Cc1ccc(O)cc1)c1ccccc1Cl,9.08
OPRM1,CHEMBL3759092,C[C@H]1[C@H]2Cc3ccc(O)cc3[C@]1(C)CCN2CCC(=O)Nc1ccccc1,9.08
OPRM1,CHEMBL3948713,CC(C)[C@@H]1C[C@H]2[C@H]3Cc4ccc(O)cc4[C@@]2(CCN3CC2CC2)CC1=O,9.08
OPRM1,CHEMBL4076681,O=C(Oc1ccccc1)N1C[C@H]2CC34CCC1C2C31CCN(CC2CC2)C4Cc2ccc(O)cc21,9.08
OPRM1,CHEMBL4761784,CO[C@@]12CC[C@H](N[C@@H](CC(N)=O)C(=O)O)[C@@H]3Oc4c(O)ccc5c4[C@@]31CCN(C)[C@@H]2C5,9.08
OPRM1,CHEMBL5085974,CN(C)C(=O)C(CCN1CCN(c2cccc(Cl)c2Cl)CC1)(c1ccccc1)c1ccccc1,9.08
OPRM1,CHEMBL5986491,O=C(Cc1c[nH]c2ccccc12)N[C@H]1CC[C@@]2(O)[C@H]3Cc4ccc(O)c5c4[C@@]2(CCN3CC2CC2)[C@H]1O5,9.08
OPRM1,CHEMBL217658,O=C1CC[C@@]2(NCCc3ccc(Cl)cc3)[C@H]3Cc4ccc(O)c5c4[C@@]2(CCN3CC2CC2)[C@H]1O5,9.07
OPRM1,CHEMBL1824516,Cl.O=C(Cc1ccncc1)N[C@@H]1CC[C@@]2(O)[C@H]3Cc4ccc(O)c5c4[C@@]2(CCN3CC2CC2)[C@H]1O5,9.07
OPRM1,CHEMBL2048762,COc1ccc(CNc2ccc3c(c2)[C@@]24CCCC[C@H]2[C@@H](C3)N(CC2CCC2)CC4)cc1,9.07
OPRM1,CHEMBL1852814,O=C(Cc1ccncc1)N[C@@H]1CC[C@@]2(O)[C@H]3Cc4ccc(O)c5c4[C@@]2(CCN3CC2CC2)[C@H]1O5,9.07
OPRM1,CHEMBL5088070,CCc1cccc(N2CCN(CCC(C(=O)N(C)C)(c3ccccc3)c3ccccc3)CC2)c1Cl,9.07
OPRM1,CHEMBL92503,C[C@@H](NC(=O)[C@@H](N)Cc1ccc(O)cc1)C(=O)NCC(=O)N[C@@H](Cc1ccccc1)C(=O)NNC(=O)[C@@H](N)Cc1ccccc1,9.06
OPRM1,CHEMBL217479,O=C(CCCc1ccc(Cl)cc1)N[C@@]12CCC(=O)[C@@H]3Oc4c(O)ccc5c4[C@@]31CCN(CC1CC1)[C@@H]2C5,9.06
OPRM1,CHEMBL2113299,COc1ccc2c3c1O[C@H]1[C@]4(OC)CC[C@@]5(C[C@@H]4CNC(=O)/C=C/c4ccc([N+](=O)[O-])cc4)[C@@H](C2)N(C)CC[C@]315,9.06
OPRM1,CHEMBL611930,O=C(N[C@@H]1CC[C@@]2(O)[C@H]3Cc4ccc(O)c5c4[C@@]2(CCN3CC2CC2)[C@H]1O5)c1ccc(Br)cc1.O=C(O)C(=O)O,9.06
OPRM1,CHEMBL1824518,CN1CCC(C(=O)N[C@@H]2CC[C@@]3(O)[C@H]4Cc5ccc(O)c6c5[C@@]3(CCN4CC3CC3)[C@H]2O6)CC1.Cl,9.06
OPRM1,CHEMBL1852475,CN1CCC(C(=O)N[C@@H]2CC[C@@]3(O)[C@H]4Cc5ccc(O)c6c5[C@@]3(CCN4CC3CC3)[C@H]2O6)CC1,9.06
OPRM1,CHEMBL5422389,CN(C)[C@H](CNC(=O)[C@@H]1C[C@@]1(C)c1ccccc1)Cc1ccc(O)cc1,9.06
OPRM1,CHEMBL3303774,CN(C)[C@]1(c2ccc(Br)cc2)CC[C@](O)(CCc2ccccc2)CC1,9.06
OPRM1,CHEMBL115222,CNC(=O)CN1CN(c2ccccc2)C2(CCN(Cc3cc4c(cc3Cl)OCO4)CC2)C1=O,9.05
OPRM1,CHEMBL895,Oc1ccc2c3c1O[C@H]1[C@@H](O)CC[C@@]4(O)[C@@H](C2)N(CC2CCC2)CC[C@]314,9.05
OPRM1,CHEMBL405131,O=C(CCCCCCC(=O)Oc1ccc2c(c1)[C@@]13CCCC[C@H]1[C@@H](C2)N(CC1CCC1)CC3)Oc1ccc2c(c1)[C@@]13CCCC[C@H]1[C@@H](C2)N(CC1CCC1)CC3,9.05
OPRM1,CHEMBL438821,C[C@H]1[C@@H]2CC[C@@H](c3ccccc3)CN2CC[C@@]1(C)c1cccc(O)c1,9.05
OPRM1,CHEMBL592627,Oc1ccc2c(c1)C1CCN(CCc3ccccc3)CC1O2,9.05
OPRM1,CHEMBL2418733,CN1CC[C@]2(c3cccc(O)c3)C[C@H]3CCCC[C@@H]3[C@H]1C2,9.05
OPRM1,CHEMBL4095366,NC(=O)[C@@H]1CC(=O)NCCCC[C@@H](NC(=O)[C@@H](N)Cc2ccc(O)cc2)C(=O)N[C@@H](Cc2ccccc2)C(=O)N2CCC[C@H](C2)C(=O)N1,9.05
OPRM1,CHEMBL4789014,CO[C@@]12CC[C@H](N[C@H](C(=O)N[C@@H](Cc3ccc(O)cc3)C(=O)O)C(C)C)[C@@H]3Oc4c(O)ccc5c4[C@@]31CCN(C)[C@@H]2C5,9.05
OPRM1,CHEMBL5564464,NC(=O)[C@@H]1CCCN1C(=O)[C@H]1CC(=O)NCCCC[C@@H](NC(=O)[C@@H](N)Cc2ccc(O)cc2)C(=O)NCC(=O)N[C@@H](Cc2ccc(F)cc2)C(=O)N1,9.05
OPRM1,CHEMBL5570801,NC(=O)[C@@H]1CCCCN1C(=O)[C@H]1CC(=O)NCCCC[C@@H](NC(=O)[C@@H](N)Cc2ccc(O)cc2)C(=O)NCC(=O)N[C@@H](Cc2ccccc2)C(=O)N1,9.05
OPRM1,CHEMBL5945695,c1ccc([C@]2(CCNCc3cc4c(s3)CCC4)CCOC3(CCCC3)C2)nc1,9.05
OPRM1,CHEMBL271755,CC(C)(C)OC(=O)Nc1ccc(C(=O)N[C@@H]2CC[C@@]3(O)[C@H]4Cc5ccc(O)c6c5[C@@]3(CCN4CC3CC3)[C@H]2O6)cc1,9.04
OPRM1,CHEMBL1076736,Cc1cc(O)cc(C)c1C[C@H](N)C(=O)N1Cc2ccccc2C[C@H]1C(=O)NCCNC(=O)[C@@H]1Cc2ccccc2CN1C(=O)[C@@H](N)Cc1c(C)cc(O)cc1C,9.04
OPRM1,CHEMBL573214,Oc1ccc2c3c1O[C@H]1c4[nH]c5c(c4C[C@@]4(O)[C@@H](C2)N(CC2CC2)CC[C@]314)C[C@@]1(O)[C@H]2Cc3ccc(O)c4c3[C@@]1(CCN2CC1CC1)[C@H]5O4,9.03
OPRM1,CHEMBL358104,O=C(CCCCCCCCC(=O)Oc1ccc2c(c1)[C@@]13CCCC[C@H]1[C@@H](C2)N(CC1CC1)CC3)Oc1ccc2c(c1)[C@@]13CCCC[C@H]1[C@@H](C2)N(CC1CC1)CC3,9.03
OPRM1,CHEMBL2179662,CN1CC[C@]23c4c5ccc(O)c4O[C@H]2c2ncc(-c4ccc(Cl)cc4)cc2C[C@@]3(OC(=O)CCc2ccccc2)[C@H]1C5,9.03
OPRM1,CHEMBL3759383,Cc1cc(O)cc(C)c1C[C@H](N)C(=O)N1Cc2ccccc2C[C@H]1CN[C@@H](Cc1ccccc1)C(=O)N[C@@H](Cc1ccccc1)C(N)=O,9.03
OPRM1,CHEMBL4110639,CO[C@]12CC[C@@]3(C[C@@H]1COc1ccc(-n4ccnc4)cc1)[C@H]1Cc4ccc(O)c5c4[C@@]3(CCN1CC1CC1)[C@H]2O5,9.03
OPRM1,CHEMBL4784791,CC[C@H](C)[C@H](NC(=O)[C@H](CCCNC(=N)N)NC(=O)[C@H](CC(C)C)NC(=O)[C@H](Cc1ccccc1)NC(=O)CNC(=O)CNC(=O)[C@@H](N)Cc1ccc(O)cc1)C(=O)N[C@@H](CCCNC(=N)N)C(=O)N1CCC[C@H]1C(=O)N[C@@H](CCCCN)C(N)=O,9.03
OPRM1,CHEMBL4864454,Cl.O=C(N[C@@H]1C=C[C@@]2(O)[C@H]3Cc4ccc(O)c5c4[C@@]2(CCN3CC2CC2)[C@H]1O5)c1c[nH]c2ccncc12,9.03
OPRM1,CHEMBL6067838,COc1ccc2c(c1)[C@]13CCN(CC4CC4)[C@H](C2)[C@]12CCC(NCC1CCCCC1)(CO2)C3,9.03
OPRM1,CHEMBL415247,CC(C)[C@@H](CN1CC[C@@](C)(c2cccc(O)c2)[C@@H](C)C1)NC(=O)[C@H]1Cc2ccc(O)cc2CN1,9.02
OPRM1,CHEMBL401278,C[C@H]1C2Cc3ccc(C(=O)NCCc4cccc(-c5ccccc5)c4)cc3[C@@]1(C)CCN2CC1CC1,9.02
OPRM1,CHEMBL582930,CC(CCCCCCC(C)C(=O)Oc1ccc2c(c1)[C@@]13CCCC[C@H]1[C@@H](C2)N(CC1CCC1)CC3)C(=O)Oc1ccc2c(c1)[C@@]13CCCC[C@H]1[C@@H](C2)N(CC1CCC1)CC3,9.02
OPRM1,CHEMBL1076572,OC(COc1ccc2c(c1)[C@@]13CCCC[C@H]1[C@@H](C2)N(CC1CCC1)CC3)COc1ccc2c(c1)[C@@]13CCCC[C@H]1[C@@H](C2)N(CC1CCC1)CC3,9.02
OPRM1,CHEMBL4067629,Oc1ccc2c(c1)C13CCN(CC4CC4)C(C2)C12CCC1C3[C@@H](CN1c1ccccc1)C2,9.02
OPRM1,CHEMBL4534307,CC(=O)C1=C(O)[C@@H]2Oc3c(O)ccc4c3[C@@]23CCN(CC2CC2)[C@H](C4)[C@]3(O)C1,9.02
OPRM1,CHEMBL4781853,CCC[C@H]1[C@@H]2CCC[C@@]1(c1cccc(O)c1)CCN2CCc1ccccc1,9.02
OPRM1,CHEMBL5196331,NC(=O)[C@@H]1CCCCNC(=O)CC[C@@H](NC(=O)[C@@H](N)Cc2ccc(O)cc2)C(=O)N[C@@H](Cc2ccccc2)C(=O)N[C@@H](Cc2ccccc2)C(=O)N1,9.02
OPRM1,CHEMBL346436,O=C(CCCCCCCC(=O)Oc1ccc2c(c1)[C@@]13CCCC[C@H]1[C@@H](C2)N(CC1CCC1)CC3)Oc1ccc2c(c1)[C@@]13CCCC[C@H]1[C@@H](C2)N(CC1CCC1)CC3,9.01
OPRM1,CHEMBL309307,Cc1cc(O)cc(C)c1C[C@H](N)C(=O)N1Cc2ccccc2C[C@H]1CNC(=O)c1ccccc1,9.01
OPRM1,CHEMBL219599,Cc1ccccc1CN1CCN2C[C@H](C)[C@](C)(c3cccc(O)c3)C[C@@H]2C1,9.01
OPRM1,CHEMBL250186,C[C@H]1C2Cc3ccc(C(=O)NCCc4ccc(-c5ccc(Cl)c(Cl)c5)cc4)cc3[C@@]1(C)CCN2CC1CC1,9.01
OPRM1,CHEMBL574175,O=C1CC[C@@]2(NCC#Cc3ccc(Cl)cc3)[C@H]3Cc4ccc(O)c5c4[C@@]2(CCN3CC2CC2)[C@H]1O5,9.01
OPRM1,CHEMBL3039334,Oc1ccc2c3c1OC1[C@@H](O)CC[C@@]4(O)[C@@H](C2)N(CC2CCC2)CC[C@]314,9.01
OPRM1,CHEMBL5185581,C[C@@H](NC(=O)[C@@H](N)Cc1ccc(O)cc1)C(=O)N[C@@H](Cc1ccccc1)C(=O)NCC(=O)N[C@@H](Cc1ccc(O)cc1)C(N)=O,9.01
OPRM1,CHEMBL5278521,NC(=O)[C@@H]1CCC(=O)NCCC[C@H](NC(=O)[C@@H](N)Cc2ccc(O)cc2)C(=O)N[C@@H](Cc2ccccc2)C(=O)N1,9.01
OPRM1,CHEMBL307973,O=C(NC1CC1)c1ccc(C(=C2CC3CCC(C2)N3CCc2ccccc2)c2ccccc2)cc1,9.0
OPRM1,CHEMBL2096625,CN1CC[C@]23c4c5ccc(O)c4O[C@H]2[C@@H](O)C=C[C@H]3[C@H]1C5.CN1CC[C@]23c4c5ccc(O)c4O[C@H]2[C@@H](O)C=C[C@H]3[C@H]1C5.O=S(=O)(O)O,9.0
OPRM1,CHEMBL322515,OC1(c2cccc(C(F)(F)F)c2)CCN(CCC(c2ccccc2)c2ccccc2)CC1,9.0
OPRM1,CHEMBL200199,C[C@@H](NC(=O)[C@@H](N)Cc1ccc(O)cc1)C(=O)NCC(=O)N[C@@H](Cc1ccccc1)C(=O)NNC(=O)[C@H](Cc1ccccc1)NC(=O)CNC(=O)[C@@H](C)NC(=O)[C@@H](N)Cc1ccc(O)cc1,9.0
OPRM1,CHEMBL80463,Cc1cc(O)cc(C)c1C[C@H](N)C(=O)N1Cc2ccccc2C[C@H]1CNC(=O)Nc1ccccc1,9.0
OPRM1,CHEMBL385583,Cc1cc(C[C@H](N)C(=O)N2CCC[C@H]2C(=O)N[C@@H](Cc2ccccc2)C(=O)N[C@H](Cc2cccc3ccccc23)C(N)=O)cc(C)c1O,9.0
OPRM1,CHEMBL236461,Cc1cc(O)cc(C)c1C[C@H](N)C(=O)NCCCc1nc(C)c(Cc2ccccc2)[nH]c1=O,9.0
OPRM1,CHEMBL2159122,COc1ccc(CN(C(=O)[C@@H](N)Cc2c(C)cc(C(N)=O)cc2C)[C@@H](C)c2ncc(-c3ccccc3)[nH]2)cc1C(=O)O,9.0
OPRM1,CHEMBL3262091,CC[C@@](O)(c1ccccc1)[C@H]1C[C@@]23CC[C@]1(OC)[C@@H]1Oc4c(O)ccc5c4[C@@]12CCN(CC1CC1)[C@@H]3C5,9.0
OPRM1,CHEMBL4299371,Cc1cc(O)cc(C)c1C[C@H](N)C(=O)N[C@@H](C)C(=O)NCC(=O)N(C)[C@@H](Cc1ccccc1)C(=O)N1CCC[C@H]1C(=O)N[C@@H](CC(C)C)C(=O)N[C@@H](Cc1c[nH]c2ccccc12)C(=O)NCc1cc(C(F)(F)F)cc(C(F)(F)F)c1,9.0
OPRM1,CHEMBL4299423,Cc1cc(O)cc(C)c1C[C@H](N)C(=O)N[C@@H](C)C(=O)NCC(=O)N[C@@H](Cc1ccc(F)cc1)C(=O)N1CCC[C@H]1C(=O)N[C@@H](CC(C)C)C(=O)N[C@@H](Cc1c[nH]c2ccccc12)C(=O)NCc1cc(C(F)(F)F)cc(C(F)(F)F)c1,9.0
OPRM1,CHEMBL4529950,O=C(Nc1ccccc1)C1=C(O)[C@@H]2Oc3c(O)ccc4c3[C@@]23CCN(CC2CC2)[C@H](C4)[C@]3(O)C1,9.0
OPRM1,CHEMBL4515812,CCC1OC2(CCN(CCc3ccccc3)CC2)CN(c2ccccc2)C1=O,9.0
OPRM1,CHEMBL4452042,CC1OC2(CCN(CCc3ccccc3)CC2)CN(c2ccccc2Cl)C1=O,9.0
OPRM1,CHEMBL4476487,CCC(CC)CN(CCCCCCN1[C@@H]2CC[C@H]1C[C@@H](c1cccc(C(N)=O)c1)C2)C(=O)CO,9.0
OPRM1,CHEMBL4557245,CN(C)C1(c2ccccc2)CCC2(CCN(C(=O)CC3(C#N)CCC3)C2)CC1,9.0
OPRM1,CHEMBL3736287,Cc1cc(O)cc(C)c1CC(N)C(=O)NC(C)C(=O)NCC(=O)N(C)C(Cc1ccccc1)C(=O)N1CCCC1C(=O)NC(CC(C)C)C(=O)NC(Cc1c[nH]c2ccccc12)C(=O)NCc1cc(C(F)(F)F)cc(C(F)(F)F)c1,9.0
OPRM1,CHEMBL6009340,CC(c1ccc(Br)cc1)N1CCC(n2c(=O)[nH]c3ccc(Cl)cc32)CC1,9.0
OPRM1,CHEMBL5976952,CC(c1ccc(Br)cc1)N1CCC(n2c(=O)[nH]c3ccc(Br)cc32)CC1,9.0
OPRM1,CHEMBL6029994,CC(c1ccc(Br)cc1)N1CCC(n2c(=O)[nH]c3c(Cl)cccc32)CC1,9.0
OPRM1,CHEMBL5978127,CN(C)[C@]1(c2ccccc2)CC[C@]2(CC1)CN(c1cnc(N3CCNCC3)nc1)C(=O)N2CC1(O)CCC1,9.0
OPRM1,CHEMBL5839910,CN[C@]1(c2ccccc2)CC[C@]2(CC1)CN(c1cnc(N3CCNCC3)nc1)C(=O)N2CC1(O)CCC1,9.0
OPRM1,CHEMBL6044726,Cc1cc(C(F)(F)F)ncc1N1C[C@]2(CC[C@](c3ccccc3)(N(C)C)CC2)N(CC2CCC2)C1=O,9.0
OPRM1,CHEMBL5865602,Fc1ccc([C@]2(CCNCc3cccc(F)c3)CCO[C@]3(CCOC3)C2)nc1,9.0
OPRM1,CHEMBL422551,CC[C@]12CCN(CC3CC3)[C@H](C(=O)c3ccc(O)cc31)[C@@H]2C,8.99
OPRM1,CHEMBL147044,CCC(=O)N(CCCCCCNC(=N)N)C1CCN(CCc2ccccc2)CC1,8.98
OPRM1,CHEMBL481512,CC1(N2CCC(n3c([C@@H]4CCCNC4)nc4ccccc43)CC2)CCCCCCC1,8.98
OPRM1,CHEMBL2179658,O=C(Cc1ccccc1)O[C@@]12Cc3cc(-c4ccc(Cl)cc4)cnc3[C@@H]3Oc4c(O)ccc5c4[C@@]31CCN(CC1CC1)[C@@H]2C5,8.98
OPRM1,CHEMBL3262546,CCC1C(=O)N(C2CCN(C3CCCc4ccccc43)CC2)c2ccccc21,8.98
OPRM1,CHEMBL4645508,Cc1cc(-c2cnc3c(c2)C[C@@]2(OCCCc4ccccc4)[C@H]4Cc5ccc(O)c6c5[C@@]2(CCN4CC2CC2)[C@H]3O6)ccn1,8.98
OPRM1,CHEMBL1795717,C[C@@H](O)[C@H](NC(=O)[C@H]1NC(=O)[C@H]([C@@H](C)O)NC(=O)[C@H](CCCNC(=N)N)NC(=O)[C@@H](Cc2c[nH]c3ccccc23)NC(=O)[C@H](Cc2ccc(O)cc2)NC(=O)[C@@H](NC(=O)[C@H](N)Cc2ccccc2)CSSC1(C)C)C(N)=O,8.97
OPRM1,CHEMBL2387196,CCC1C(=O)N(C2CCN([C@H]3CC[C@@H](C(C)C)CC3)CC2)c2ccccc21,8.97
OPRM1,CHEMBL5170301,O=C(CCc1ccccc1)N[C@H]1C[C@]23CCN(CC4CC4)[C@H](Cc4ccc(O)cc42)[C@]32CC[C@@H]1O2,8.97
OPRM1,CHEMBL1766021,CN1CC[C@]23CCCC[C@H]2[C@H]1Cc1cc2sc(N)nc2cc13,8.96
OPRM1,CHEMBL319536,C[C@H]1CN(CCc2ccccc2)CC[C@@]1(C)c1cccc(O)c1,8.96
OPRM1,CHEMBL104169,CS[C@@H]1Cc2ccc(O)cc2C(C)(C)[C@@H]1N,8.96
OPRM1,CHEMBL77804,Cc1cc(O)cc(C)c1C[C@H](N)C(=O)N1Cc2ccccc2C[C@H]1CNC(=O)NC12CC3CC(CC(C3)C1)C2,8.96
OPRM1,CHEMBL39272,COc1cc(O)ccc1CN1CCC[C@@H]1C/N=C(\S)N1Cc2ccccc2C[C@H]1CNC(=O)Nc1ccccc1,8.96
OPRM1,CHEMBL376413,C[C@H]1CN2CCN(CC3CCCCC3)C[C@H]2C[C@@]1(C)c1cccc(O)c1,8.96
OPRM1,CHEMBL219319,C[C@H]1CN2C[C@H](c3ccccc3)NC[C@H]2C[C@@]1(C)c1cccc(O)c1,8.96
OPRM1,CHEMBL226166,Oc1ccc2c(c1)[C@]13CCN(CC4CC4)[C@H](C2)[C@@H]1Cc1c([nH]c2ccccc12)C3,8.96
OPRM1,CHEMBL358043,CO[C@H]1C=C[C@H]2[C@H]3Cc4ccc(O)c5c4[C@@]2(CCN3C)[C@H]1O5,8.96
OPRM1,CHEMBL551074,CS(=O)(=O)O[C@@H]1CC[C@@]2(O)[C@H]3Cc4ccc(O)c5c4[C@@]2(CCN3CC2CC2)[C@H]1O5,8.96
OPRM1,CHEMBL570654,O=C(Nc1ccc(I)cc1)Oc1ccc2c(c1)[C@@]13CCCC[C@H]1[C@@H](C2)N(CC1CCC1)CC3,8.96
OPRM1,CHEMBL611932,CC(C)(C)c1ccc(C(=O)N[C@@H]2CC[C@@]3(O)[C@H]4Cc5ccc(O)c6c5[C@@]3(CCN4CC3CC3)[C@H]2O6)cc1.O=C(O)C(=O)O,8.96
OPRM1,CHEMBL1080464,CNC(=O)CN1N=C(c2ccccc2)C2(CCN(C3CCCCCCCCC3)CC2)C1=O,8.96
OPRM1,CHEMBL1743604,Cc1cc(O)cc(C)c1C[C@@H](C(=O)N1Cc2ccccc2C[C@H]1C(=O)OC1=C2O[C@H]3[C@@H](O)C=C[C@H]4[C@H]5CC(C=C1)C2[C@]43CCN5C)N(C)C.O=C(O)C(F)(F)F.O=C(O)C(F)(F)F,8.96
OPRM1,CHEMBL1766040,CCNc1nc2cc3c(cc2s1)C[C@@H]1[C@@H]2CCCC[C@]32CCN1CC1CCC1,8.96
OPRM1,CHEMBL1814705,Oc1cccc2c1O[C@@H]1CN(CCc3ccccc3)[C@@H]3CCC[C@]21C3,8.96
OPRM1,CHEMBL3325962,COc1ccc2[nH]c3c(c2c1)CCO[C@]31CC[C@](c2ccccc2)(N(C)C)CC1.Cl,8.96
OPRM1,CHEMBL3339379,O=C(NCCc1ccccc1)C1=N[C@@]23CC[C@]1(O)C1Oc4c(O)ccc5c4C12CCN(CC1CC1)C3C5,8.96
OPRM1,CHEMBL3959597,CN(C)C1(c2ccccc2)CCC2(CC1)OCCc1c2[nH]c2ccc(O)cc12,8.96
OPRM1,CHEMBL3937167,CN(C)C1(c2ccccc2)CCC(CO)(CCCCc2ccccc2)CC1,8.96
OPRM1,CHEMBL4128926,CC(C)(C)NS(=O)(=O)c1ccc(-c2sc(C(=O)N[C@H]3C[C@H](C(=O)O)C3)nc2CC2CCCCC2)c2ccccc12,8.96
OPRM1,CHEMBL4561876,O=C(NCc1ccccc1)C1=C(O)[C@@H]2Oc3c(O)ccc4c3[C@@]23CCN(CC2CC2)[C@H](C4)[C@]3(O)C1,8.96
OPRM1,CHEMBL2105755,CC(C)(NC(=O)C1=C(O)[C@@H]2Oc3c(O)ccc4c3[C@@]23CCN(CC2CC2)[C@H](C4)[C@]3(O)C1)c1nc(-c2ccccc2)no1,8.96
OPRM1,CHEMBL4467777,C[C@@H](Cc1ccsc1)NC(=O)NC[C@H](Cc1ccc(O)cc1)N(C)C,8.96
OPRM1,CHEMBL4798887,Cc1cc(O)cc(C)c1C[C@H](NC(=O)[C@@H]1CCCN1C(=O)[C@H](CCCNC(=N)N)NC(=O)[C@H](CCCNC(=N)N)NC(=O)CCN1Cc2ccccc2C[C@H](NC(=O)[C@@H](CCCNC(=N)N)NC(=O)[C@@H](N)Cc2c(C)cc(O)cc2C)C1=O)C(=O)N[C@H](C(=O)N[C@@H](CC(C)C)C(=O)O)C(C)(C)C,8.96
OPRM1,CHEMBL5175678,Cc1cccc([C@@H]2NC(=O)[C@H](c3ccccc3)NC(=O)[C@H](NC(=O)[C@@H](N)Cc3c(C)cc(O)cc3C)CCCCNC(=O)C[C@@H](C(N)=O)NC2=O)c1,8.96
OPRM1,CHEMBL485583,CN(C(=O)/C=C/c1ccoc1)[C@@H]1CC[C@@]2(O)[C@H]3Cc4cccc5c4[C@@]2(CCN3CC2CC2)[C@H]1O5,8.96
OPRM1,CHEMBL5945849,CN(C)[C@]1(c2ccccc2)CC[C@]2(CC1)CN(Cc1cnccn1)C(=O)N2CC1CCC1,8.96
OPRM1,CHEMBL5897111,CCC(O)[C@@H](C)[C@H]1C=CN([C@@H]2O[C@H](COP(=O)(O)OP(=O)(O)OC[C@H]3O[C@@H](n4cnc5c(N)ncnc54)[C@H](O)[C@@H]3O)[C@@H](O)[C@H]2O)C=C1C(N)=O,8.96
OPRM1,CHEMBL266538,CSCC[C@H](NC(=O)[C@H](Cc1ccccc1)NC(=O)[C@H](CCCN=C(N)N)NC(C)=O)C(=O)N[C@@H](Cc1c[nH]c2ccccc12)C(=O)N[C@@H](CCSC)C(=O)N[C@@H](CCCN=C(N)N)C(=O)N[C@@H](CCCN=C(N)N)C(=O)N[C@@H](C)C(=O)N[C@@H](CCCN=C(N)N)C(=O)N1CCC[C@H]1C(=O)N[C@@H](CCCCN)C(N)=O,8.95
OPRM1,CHEMBL2397018,O=C(N[C@@]12CCC(=O)[C@@H]3Oc4c(O)ccc5c4[C@@]31CCN(CC1CC1)[C@@H]2C5)c1cnc2ccccc2c1,8.95
OPRM1,CHEMBL3086752,Cl.O=C(N[C@@]12CCC(=O)[C@@H]3Oc4c(O)ccc5c4[C@@]31CCN(CC1CC1)[C@@H]2C5)c1cnc2ccccc2c1,8.95
OPRM1,CHEMBL4640139,Oc1cccc(-c2cnc3c(c2)C[C@@]2(OCCCc4ccccc4)[C@H]4Cc5ccc(O)c6c5[C@@]2(CCN4CC2CC2)[C@H]3O6)c1,8.95
OPRM1,CHEMBL411089,COc1ccc2c3c1O[C@H]1C(=O)CC[C@@]4(NCC/C=C/c5ccc(Cl)cc5)[C@@H](C2)N(CC2CC2)CC[C@]314,8.94
OPRM1,CHEMBL375068,Cc1cc(C[C@H](N)C(=O)N2CCC[C@H]2C(=O)N[C@@H](Cc2c[nH]c3ccccc23)C(=O)N[C@H](Cc2cccc3ccccc23)C(N)=O)cc(C)c1O,8.94
OPRM1,CHEMBL4085033,NC(=O)[C@@H]1CC(=O)NCCCC[C@@H](NC(=O)[C@@H](N)Cc2ccc(O)cc2)C(=O)N[C@@H](Cc2ccccc2)C(=O)N2CCC(CC2)C(=O)N1,8.94
OPRM1,CHEMBL4454146,CN(C)C1(c2cccs2)CCC2(CCN(CC3CCCC3)C2)CC1,8.94
OPRM1,CHEMBL1672084,CO[C@@]12CC[C@H](NCC(=O)O)[C@@H]3Oc4c(O)ccc5c4[C@@]31CCN(C)[C@@H]2C5,8.94
OPRM1,CHEMBL4879114,Cl.O=C(N[C@H]1C=C[C@@]2(O)[C@H]3Cc4ccc(O)c5c4[C@@]2(CCN3CC2CC2)[C@H]1O5)c1c[nH]c2cnccc12,8.94
OPRM1,CHEMBL4866007,Cl.O=C(N[C@H]1C=C[C@@]2(O)[C@H]3Cc4ccc(O)c5c4[C@@]2(CCN3CC2CC2)[C@H]1O5)c1c[nH]c2ncccc12,8.94
OPRM1,CHEMBL4115153,CO[C@]12CC[C@@]3(C[C@@H]1COCc1cccc(NC(=O)c4ccccc4)c1)[C@H]1Cc4ccc(O)c5c4[C@@]3(CCN1CC1CC1)[C@H]2O5,8.93
OPRM1,CHEMBL1161415,Cc1cc(O)cc(C)c1C[C@H](N)[C@H](O)C/C=C/[C@H](O)[C@@H](Cc1ccccc1)C(=O)N[C@@H](Cc1ccccc1)C(N)=O,8.92
OPRM1,CHEMBL1161412,Cc1cc(O)cc(C)c1C[C@H](N)[C@@H](O)C/C=C/[C@@H](O)[C@H](Cc1ccccc1)C(=O)N[C@@H](Cc1ccccc1)C(N)=O,8.92
OPRM1,CHEMBL114379,Oc1nc2ccccc2n1C1CCN(Cc2cc3c(cc2Cl)OCO3)CC1,8.92
OPRM1,CHEMBL200392,CCC(=O)N(c1ccccc1)C1(C(=O)OCC[18F])CCN(CCc2ccccc2)CC1,8.92
OPRM1,CHEMBL216558,O=C1CC[C@@]2(NC/C=C/Cc3ccc(Cl)cc3)[C@H]3Cc4ccc(O)c5c4[C@@]2(CCN3CC2CC2)[C@H]1O5,8.92
OPRM1,CHEMBL242046,CNC(=O)Oc1ccc2c(c1)C13CCCCC1C(C2)N(CC1CCC1)CC3,8.92
OPRM1,CHEMBL471049,CN1CC[C@]23c4c5ccc(C(N)=O)c4O[C@H]2C(=O)CC[C@H]3[C@H]1C5,8.92
OPRM1,CHEMBL1076573,OC(COc1ccc2c(c1)[C@@]13CCCC[C@H]1[C@@H](C2)N(CC1CCC1)CC3)CC(O)COc1ccc2c(c1)[C@@]13CCCC[C@H]1[C@@H](C2)N(CC1CCC1)CC3,8.92
OPRM1,CHEMBL2046467,COc1ccccc1CNc1ccc2c(c1)[C@@]13CCCC[C@H]1[C@@H](C2)N(CC1CC1)CC3,8.92
OPRM1,CHEMBL4296726,Cl.Cl.Oc1ccc2c(c1)[C@]13CCN(Cc4ccco4)[C@H](C2)[C@]1(O)Cc1cc2ccccc2nc1C3,8.92
OPRM1,CHEMBL3264747,O=C1[C@H]2O[C@@]34CC[C@@]5(OCOc6c(O)ccc7c6[C@@]3(CCN(CC3CC3)[C@@H]4C7)[C@H]25)N1c1ccccc1,8.92
OPRM1,CHEMBL538700,Cc1cc(O)cc(C)c1C[C@H](N)C(=O)N1Cc2ccccc2C[C@H]1C(=O)N[C@@H](Cc1ccccc1)C(=O)N[C@@H](Cc1ccccc1)C(N)=O,8.92
OPRM1,CHEMBL285479,C[C@H](NC(=O)[C@@H](N)Cc1ccc(O)cc1)C(=O)N[C@@H](Cc1ccccc1)C(=O)NCC(=O)N[C@@H](Cc1ccc(O)cc1)C(=O)N1CCC[C@H]1C(=O)N[C@@H](CO)C(N)=O,8.92
OPRM1,CHEMBL3953613,CNC1(c2ccccc2)CCC2(CC1)OCCc1c2[nH]c2ccccc12,8.92
OPRM1,CHEMBL4108042,CC1C2Cc3ccc(C(N)=O)cc3[C@]1(C)CCN2CC1(C)CC1,8.92
OPRM1,CHEMBL4115016,C[C@H](C1CCC1)N1CC[C@]23CC(=O)CC[C@@]2(O)[C@H]1Cc1ccc(C(N)=O)c(O)c13,8.92
OPRM1,CHEMBL3980782,CN(C)C1(c2ccccc2)CCC(c2ccccc2)(N(C)C(=O)c2cccc(C(F)(F)F)c2)CC1,8.92
OPRM1,CHEMBL3967435,COc1ccc(C(=O)N(C)C2(c3ccccc3)CCC(c3ccccc3)(N(C)C)CC2)cc1,8.92
OPRM1,CHEMBL4536065,CN(C)C1(c2ccccc2)CCC2(CC1)CC(=O)N(CCC1(C#N)CCC1)C2,8.92
OPRM1,CHEMBL4795160,OCCC[C@H]1[C@@H]2CCC[C@@]1(c1cccc(O)c1)CCN2CCc1ccccc1,8.92
OPRM1,CHEMBL4786506,COC(=O)[C@@H]1C=C(OC(=O)c2ccccc2)C(=O)[C@H]2[C@@]1(C)CC[C@H]1C(=O)O[C@H](c3ccoc3)C[C@]21C,8.92
OPRM1,CHEMBL5406732,CN1C(=O)CNC(=O)[C@H](N[C@@H](Cc2ccc(O)cc2)C(=O)O)CCCC/C=C/CC[C@@H](C(=O)N2CCC[C@H]2C(=O)N[C@@H](CCC(N)=O)C(=O)N[C@@H](CCCNC(=N)N)C(=O)N[C@@H](Cc2ccccc2)C(N)=O)NC(=O)[C@@H]1Cc1ccccc1,8.92
OPRM1,CHEMBL6067738,C[C@H](C1CCC1)N1CC[C@@]23CC(=O)CC[C@@]2(O)[C@H]1Cc1ccc(C(N)=O)c(O)c13,8.92
OPRM1,CHEMBL6002070,C[C@H]1C2C(=O)c3ccc(C(N)=O)cc3[C@@]1(C)CCN2CC1CC1,8.92
OPRM1,CHEMBL5743040,CN(C)[C@]1(c2ccccc2)CC[C@]2(CC1)CN(Cc1cccc(C#N)c1)C(=O)N2CC1CCC1,8.92
OPRM1,CHEMBL3309506,CN1C(=O)CCC2=C1[C@@H]1Oc3c(O)ccc4c3[C@@]13CCN(C)[C@H](C4)[C@]3(O)C2,8.91
OPRM1,CHEMBL3899387,CN(C)C1(c2cccc(F)c2)CCC(C)(CNS(=O)(=O)/C=C/c2ccccc2)CC1,8.91
OPRM1,CHEMBL5417253,CN(C)C(=O)C(CCN1CCN(c2cccc(C(F)(F)F)n2)CC1)(c1ccccc1)c1ccccc1,8.91
OPRM1,CHEMBL216365,COc1ccc2c3c1O[C@H]1C(=O)CC[C@@]4(NC(=O)C/C=C/c5ccc(Cl)cc5)[C@@H](C2)N(CC2CC2)CC[C@]314,8.9
OPRM1,CHEMBL2177697,N#Cc1cc(C(=O)N[C@@H]2CC[C@@]3(O)[C@H]4Cc5ccc(O)c6c5[C@@]3(CCN4CC3CC3)[C@H]2O6)ccn1,8.9
OPRM1,CHEMBL3942616,CN(C)C1(c2ccccc2)CCC(C)(CNS(=O)(=O)c2ccc(Cl)cc2)CC1,8.9
OPRM1,CHEMBL4633209,Oc1ccc2c3c1O[C@H]1c4ncc(-c5ccccc5)cc4C[C@@]4(OCCCc5ccccc5)[C@@H](C2)N(CC2CC2)CC[C@]314,8.9
OPRM1,CHEMBL6191555,NC(=O)c1ccc(Oc2ccc(CNCCc3ccccc3)cc2Cl)nc1,8.9
OPRM1,CHEMBL8234,CC(C)C[C@H](NC(=O)[C@H](Cc1ccccc1)NC(=O)CNC(=O)CNC(=O)[C@@H](N)Cc1ccc(O)cc1)C(=O)O,8.89
OPRM1,CHEMBL328443,CCCC[C@H](N)C(=O)NNC(=O)[C@H](Cc1ccccc1)NC(=O)CNC(=O)[C@@H](C)NC(=O)[C@@H](N)Cc1ccc(O)cc1,8.89
OPRM1,CHEMBL76573,Cc1cc(O)cc(C)c1C[C@H](N)C(=O)N1Cc2ccccc2C[C@H]1CNCC(C)(C)C,8.89
OPRM1,CHEMBL375119,C[C@H]1CN2C[C@H](C3CCCCC3)NC[C@H]2C[C@@]1(C)c1cccc(O)c1,8.89
OPRM1,CHEMBL217998,Cc1cccc(CN2CCN3C[C@H](C)[C@](C)(c4cccc(O)c4)C[C@@H]3C2)c1,8.89
OPRM1,CHEMBL254919,Cc1cc(O)cc(C)c1C[C@H](N)C(=O)N1CCC[C@H]1C(=O)N[C@@H](Cc1ccccc1)C(=O)N[C@H](Cc1ccc2ccccc2c1)C(N)=O,8.89
OPRM1,CHEMBL299220,Nc1ccc2c(c1)[C@@]13CCCC[C@H]1[C@@H](C2)N(CC1CC1)CC3,8.89
OPRM1,CHEMBL250388,C[C@H]1C2Cc3ccc(C(=O)NCc4ccc5ccccc5c4)cc3[C@@]1(C)CCN2CC1CC1,8.89
OPRM1,CHEMBL511302,C[N+]1(CC2CC2)CC[C@]23CC(=O)CC[C@@]2(O)[C@H]1Cc1ccc(C(N)=O)c(O)c13.[I-],8.89
OPRM1,CHEMBL3262090,CO[C@]12CC[C@@]3(C[C@@H]1[C@H](O)c1ccccc1)[C@H]1Cc4ccc(O)c5c4[C@@]3(CCN1CC1CC1)[C@H]2O5,8.89
OPRM1,CHEMBL3667194,CN1CC[C@]23CC(=O)CC[C@@]2(O)[C@H]1Cc1ccc(C(=O)NCCc2ccc(-c4cnc(O)nc4O)cc2)c(O)c13,8.89
OPRM1,CHEMBL4107573,COc1ccc2c3c1O[C@H]1C4(OC)CC[C@@]5(C[C@@H]4COCC#N)[C@@H](C2)N(CC2CC2)CC[C@]315,8.89
OPRM1,CHEMBL658,CCC(=O)N(c1ccccc1)C1(COC)CCN(CCc2cccs2)CC1,8.89
OPRM1,CHEMBL469,O=C(c1ccccc1)c1ccc2n1CCC2C(=O)O,8.89
OPRM1,CHEMBL5905635,CCC1(c2cccc(NS(=O)(=O)C3CC3)c2)[C@@H]2CN(CCCC3(OC)CCC(F)(F)CC3)C[C@@H]21,8.89
OPRM1,CHEMBL5923506,CCOC1(CCCN2C[C@@H]3[C@H](C2)C3(CC)c2cccc(NS(=O)(=O)C3CC3)c2)CCC(F)(F)CC1,8.89
OPRM1,CHEMBL5821257,CCC1(c2cccc(NS(=O)(=O)C3CC3)c2)[C@@H]2CNC[C@@H]21,8.89
OPRM1,CHEMBL5966783,CN(C)[C@]1(c2ccccc2)CC[C@]2(CC1)CN(Cc1ccccc1)C(=O)N2CC1CCC1,8.89
OPRM1,CHEMBL387101,COc1ccc2c3c1O[C@H]1C(=O)CC[C@@]4(NCCc5ccc(Cl)cc5)[C@@H](C2)N(CC2CC2)CC[C@]314,8.88
OPRM1,CHEMBL575682,O=C(C#Cc1ccccc1)N[C@@]12CCC(=O)[C@@H]3Oc4c(O)ccc5c4[C@@]31CCN(CC1CC1)[C@@H]2C5,8.88
OPRM1,CHEMBL4111231,CO[C@]12CC[C@@]3(C[C@@H]1COCc1ccccc1)[C@H]1Cc4ccc(O)c5c4[C@@]3(CCN1)[C@H]2O5,8.88
OPRM1,CHEMBL4789659,Cc1cc(O)cc(C)c1C[C@H](N)C(=O)N[C@H](CCCNC(=N)N)C(=O)N[C@H]1Cc2ccccc2CN(CCC(=O)N[C@@H](CCCNC(=N)N)C(=O)N[C@@H](CCCNC(=N)N)C(=O)N2CCC[C@H]2C(=O)N[C@@H](Cc2ccc(O)cc2)C(=O)N[C@H](C(=O)N[C@@H](CC(C)C)C(=O)O)C(C)(C)C)C1=O,8.88
OPRM1,CHEMBL3678966,CO[C@]12CC[C@@]3(C[C@@H]1COCc1ccc(C)cc1)[C@H]1Cc4ccc(O)c5c4[C@@]3(CC[N+]1(C)CC1CC1)[C@H]2O5,8.87
OPRM1,CHEMBL4782642,CO[C@@]12CC[C@H](N[C@@H](C)C(=O)O)[C@@H]3Oc4c(O)ccc5c4[C@@]31CCN(C)[C@@H]2C5,8.87
OPRM1,CHEMBL610046,O=C1[C@@H](Cc2ccccc2)C[C@@]2(O)[C@H]3Cc4ccc(O)c5c4[C@@]2(CCN3CC2CC2)[C@H]1O5,8.85
OPRM1,CHEMBL610293,O=C1[C@@H]2Oc3c(O)ccc4c3[C@@]23CCN(CC2CC2)[C@H](C4)[C@]3(O)CC12Cc1ccccc1C2,8.85
OPRM1,CHEMBL610292,Oc1ccc2c3c1O[C@H]1[C@H](Nc4ccccc4)CC[C@@]4(O)[C@@H](C2)N(CC2CC2)CC[C@]314,8.85
OPRM1,CHEMBL219554,C[C@H]1CN2CCN(Cc3ccsc3)C[C@H]2C[C@@]1(C)c1cccc(O)c1,8.85
OPRM1,CHEMBL245049,CNC(=O)Oc1ccc2c(c1)C13CCCCC1C(C2)N(C)CC3,8.85
OPRM1,CHEMBL242968,NC(=O)Nc1ccc2c(c1)[C@@]13CCCC[C@H]1[C@@H](C2)N(CC1CC1)CC3,8.85
OPRM1,CHEMBL475108,C[C@H]1C2Cc3ccc4[nH]nnc4c3[C@@]1(C)CCN2CC1CC1,8.85
OPRM1,CHEMBL2179661,CN1CC[C@]23c4c5ccc(O)c4O[C@H]2c2ncc(-c4ccc(Cl)cc4)cc2C[C@@]3(OC(=O)Cc2ccccc2)[C@H]1C5,8.85
OPRM1,CHEMBL3597153,CC(C)C[C@H](NC(=O)[C@H](CO[C@@H]1O[C@H](CO)[C@@H](O)[C@H](O)[C@H]1O)NC(=O)[C@H](CCCCN)NC(=O)[C@H](CC(C)C)NC(=O)[C@H](C)NC(=O)[C@H](CCCCN)NC(=O)[C@H](CCC(=O)O)NC(=O)C(C)(C)NC(=O)[C@H](CC(C)C)NC(=O)[C@H](CC(N)=O)NC(=O)CCCCNC(=O)[C@H](CC(C)C)NC(=O)[C@H](Cc1ccccc1)NC(=O)CNC(=O)[C@@H](NC(=O)[C@@H](N)Cc1ccc(O)cc1)[C@@H](C)O)C(N)=O,8.85
OPRM1,CHEMBL3939745,CO[C@]12CC[C@@]3(C[C@@H]1COC(=O)[C@H](C)N)[C@H]1Cc4ccc(O)c5c4[C@@]3(CCN1CC1CC1)[C@H]2O5,8.85
OPRM1,CHEMBL4551066,CCC(=O)C1=C(O)[C@@H]2Oc3c(O)ccc4c3[C@@]23CCN(CC2CC2)[C@H](C4)[C@]3(O)C1,8.85
OPRM1,CHEMBL4458337,CC[C@@H]1CN2CC[C@]3(Nc4cccc(-c5ccccc5)c4C3=O)[C@@H]2C[C@@H]1/C(=C\OC)C(=O)OC,8.85
OPRM1,CHEMBL5200050,CN(C(=O)c1ccccc1)[C@@H]1C[C@]23CCN(CC4CC4)[C@H](Cc4ccc(O)cc42)[C@]32CC[C@@H]1O2,8.85
OPRM1,CHEMBL5557427,CCC(=O)N(c1c(F)cccc1Cl)C1CCN(CCc2ccccc2)CC1,8.85
OPRM1,CHEMBL5568812,NC(=O)[C@H]1CC(=O)NCCCC[C@@H](NC(=O)[C@@H](N)Cc2ccc(O)cc2)C(=O)NCC(=O)N[C@@H](Cc2ccccc2)C(=O)N1,8.85
OPRM1,CHEMBL5981928,CCC1(c2cccc(NS(=O)(=O)C3CC3)c2)[C@@H]2CN(CCCN3CCC(F)(F)CC3)C[C@@H]21,8.85
OPRM1,CHEMBL5798289,c1ccc([C@]2(CCNCc3cccc4c3CCCC4)CCO[C@]3(CCOC3)C2)nc1,8.85
OPRM1,CHEMBL215926,COc1ccc2c3c1O[C@H]1C(=O)CC[C@@]4(NCCCCc5ccc(Cl)cc5)[C@@H](C2)N(CC2CC2)CC[C@]314,8.84
OPRM1,CHEMBL472843,O=C(O[C@@]12CCC(=O)[C@@H]3Oc4c(O)ccc5c4[C@@]31CCN(CC1CC1)[C@@H]2C5)c1ccc2ccccc2n1,8.84
OPRM1,CHEMBL575451,COc1ccc2c3c1O[C@H]1C(=O)CC[C@@]4(NC(=O)C#Cc5ccccc5)[C@@H](C2)N(CC2CC2)CC[C@]314,8.84
OPRM1,CHEMBL1618305,C=CCN1CC[C@]23c4c5ccc(O)c4O[C@H]2/C(=N/N=C2\CC[C@@]4(O)[C@H]6Cc7ccc(O)c8c7[C@@]4(CCN6CC=C)[C@H]2O8)CC[C@@]3(O)[C@H]1C5,8.84
OPRM1,CHEMBL2443262,COc1ccsc1CNCC[C@@]1(c2ccccn2)CCOC2(CCCC2)C1,8.84
OPRM1,CHEMBL3086762,Cl.O=C(O[C@@]12CCC(=O)[C@@H]3Oc4c(O)ccc5c4[C@@]31CCN(CC1CC1)[C@@H]2C5)c1ccc2ccccc2n1,8.84
OPRM1,CHEMBL3262545,CCC1C(=O)N(C2CCN([C@@H]3CC[C@@H]4CCCc5cccc3c54)CC2)c2ccccc21,8.84
OPRM1,CHEMBL4577301,C=C(C(N)=O)C(NC(=O)[C@H](Cc1c[nH]c2ccccc12)NC(=O)[C@@H](C)N(C)C(=O)[C@@H](N)Cc1ccc(O)cc1)c1ccco1,8.84
OPRM1,CHEMBL4789975,CCCCCCCCCCCCCCCC(=O)NCCCN1C(=O)CC(SC[C@H](NC(=O)[C@H](CO)NC(=O)[C@@H]2CCCN2C(=O)[C@H](Cc2ccc(O)cc2)NC(=O)CNC(=O)[C@H](Cc2ccccc2)NC(=O)[C@@H](C)NC(=O)[C@@H](N)Cc2ccc(O)cc2)C(N)=O)C1=O,8.84
OPRM1,CHEMBL4777389,CO[C@@]12CC[C@H](N[C@H](C)C(=O)O)[C@@H]3Oc4c(O)ccc5c4[C@@]31CCN(C)[C@@H]2C5,8.84
OPRM1,CHEMBL4747179,CO[C@@]12CC[C@@H](N[C@@H](CC(=O)O)C(=O)O)[C@@H]3Oc4c(O)ccc5c4[C@@]31CCN(C)[C@@H]2C5,8.84
OPRM1,CHEMBL5200992,CN(C(=O)CCc1ccccc1)[C@@H]1C[C@]23CCN(CC4CC4)[C@H](Cc4ccc(O)cc42)[C@]32CC[C@@H]1O2,8.84
OPRM1,CHEMBL377392,Cc1cc(O)cc(C)c1C[C@H](N)C(=O)N[C@H]1Cc2ccccc2CN(CC(=O)Nc2ccccc2)C1=O,8.83
OPRM1,CHEMBL2418571,C[C@H]1CC[C@@]2(c3cccc(O)c3)CCN(C)[C@@H]1C2,8.83
OPRM1,CHEMBL324297,O=[N+]([O-])c1cc2c(cc1CN1CCC(n3c(O)nc4ccccc43)CC1)OCO2,8.82
OPRM1,CHEMBL1707,CN(C)C(=O)C(CCN1CCC(O)(c2ccc(Cl)cc2)CC1)(c1ccccc1)c1ccccc1.Cl,8.82
OPRM1,CHEMBL117379,CCCN1CC[C@]2(C)c3cc(O)ccc3CC1[C@@H]2C,8.82
OPRM1,CHEMBL2111838,CN1c2ccccc2C(c2ccccc2F)=NC[C@@H]1CCNC(=O)c1ccsc1,8.82
OPRM1,CHEMBL242756,Nc1nc2cc3c(cc2s1)C[C@@H]1[C@@H]2CCCC[C@]32CCN1CC1CC1,8.82
OPRM1,CHEMBL373707,C[C@H]1CN2C[C@H](c3ccccc3)NC[C@H]2C[C@@]1(C)c1cccc(C(N)=O)c1,8.82
OPRM1,CHEMBL373641,C[C@H]1CN2CCN(Cc3cccc(Cl)c3)C[C@H]2C[C@@]1(C)c1cccc(O)c1,8.82
OPRM1,CHEMBL403190,C[C@H]1CN(C[C@H](Cc2ccccc2)C(=O)N[C@@H](Cc2ccccc2)C(=O)O)CC[C@@]1(C)c1cccc(O)c1,8.82
OPRM1,CHEMBL2208349,CC1C2Cc3ccc(C(=O)NCCc4ccc(-c5ccccc5O)cc4)cc3C1(C)CCN2CC1CC1,8.82
OPRM1,CHEMBL2397020,O=C(N[C@@]12CCC(=O)[C@@H]3Oc4c(O)ccc5c4[C@@]31CCN(CC1CC1)[C@@H]2C5)c1ccccn1,8.82
OPRM1,CHEMBL3086746,Cl.O=C(N[C@@]12CCC(=O)[C@@H]3Oc4c(O)ccc5c4[C@@]31CCN(CC1CC1)[C@@H]2C5)c1ccccn1,8.82
OPRM1,CHEMBL3759660,Nc1nc2cc3c(cc2s1)C[C@H]1[C@@H]2CCCC[C@]32CCN1CC1CC1,8.82
OPRM1,CHEMBL3691886,COC12CC[C@@]3(C[C@@H]1CNC(=O)c1ccccc1C(=O)O)[C@H]1Cc4ccc(O)c5c4[C@@]3(CCN1CC1CC1)[C@H]2O5,8.82
OPRM1,CHEMBL3962932,CN(C)C1(c2ccccc2)CCC2(CC1)OCCc1c2[nH]c2ccc(F)cc12,8.82
OPRM1,CHEMBL3977883,CN(C)C1(c2ccccc2)CCC(c2ccccc2)(N(C)C(=O)NCc2ccccc2)CC1,8.82
OPRM1,CHEMBL4634021,CN(C)c1cccc(-c2cnc3c(c2)C[C@@]2(OCCCc4ccccc4)[C@H]4Cc5ccc(O)c6c5[C@@]2(CCN4CC2CC2)[C@H]3O6)c1,8.82
OPRM1,CHEMBL5575312,Cl.O=C(c1ccsc1)N(c1ccccc1)C1CCN(CCc2ccccc2)CC1,8.82
OPRM1,CHEMBL5630967,CN(C)C(CNC(=O)NCc1ccc(OC(F)(F)F)cc1)c1cccc(F)c1,8.82
OPRM1,CHEMBL5808009,CCC1(c2cccc(NS(=O)(=O)C3CC3)c2)[C@@H]2CN(CC3(O)Cc4ccccc4C3)C[C@@H]21,8.82
OPRM1,CHEMBL5926802,CCC1(c2cccc(NS(=O)(=O)C3CC3)c2)[C@@H]2CN(CCCC3CCC(F)(F)CC3)C[C@@H]21,8.82
OPRM1,CHEMBL5793663,CN(C)[C@]1(c2ccccc2)CC[C@]2(CC1)CN(Cc1ccncc1)C(=O)N2CC1CCC1,8.82
OPRM1,CHEMBL3309514,O=C1[C@@H](CCO)CC2=C([C@@H]3Oc4c(O)ccc5c4[C@@]34CCN(CC3CC3)[C@H](C5)[C@]4(O)C2)N1Cc1ccccc1,8.81
OPRM1,CHEMBL4109805,CC(C)(C)[C@@]1(C)OCO[C@]23C=C[C@@]4(C[C@@H]21)[C@H]1Cc2ccc(O)c5c2[C@@]4(CCN1CC1CC1)[C@H]3O5,8.81
OPRM1,CHEMBL4100943,Oc1ccc2c(c1)C13CCN(CC4CC4)C(C2)C12CCC1C3[C@@H](CN1Cc1ccccc1)O2,8.81
OPRM1,CHEMBL5903589,Cc1ccc(CNC(=O)[C@H]2C[C@]34CCN(CC5CC5)[C@H](Cc5ccc(O)cc53)[C@]4(O)C2)cc1,8.81
OPRM1,CHEMBL1161417,Cc1cc(O)cc(C)c1C[C@H](N)[C@H](O)C/C=C/[C@@H](O)[C@@H](Cc1ccccc1)C(=O)N[C@@H](Cc1ccccc1)C(N)=O,8.8
OPRM1,CHEMBL67615,CCCNC(=O)c1ccc(C(=C2CC3CCC(C2)N3CCc2ccccc2)c2ccccc2)cc1,8.8
OPRM1,CHEMBL1169583,CO[C@H](C)[C@@H]1CC23C=C[C@]1(OC)[C@H]1Oc4c(O)ccc5c4C12CCN(C)C3C5,8.8
OPRM1,CHEMBL88560,CN1CCNC(=O)[C@H](Cc2ccccc2)NC(=O)CNC(=O)[C@H](NC(=O)[C@@H](N)Cc2ccc(O)cc2)C1,8.8
OPRM1,CHEMBL31421,CC1(C)SSC(C)(C)[C@@H](NC(=O)[C@@H](N)Cc2ccc(O)cc2)C(=O)NCC(=O)N[C@@H](Cc2ccccc2)C(=O)N[C@H]1C(=O)O,8.8
OPRM1,CHEMBL432041,C[C@@H](NC(=O)[C@@H](N)Cc1ccc(O)cc1)C(=O)NCC(=O)N[C@@H](Cc1ccccc1)C(=O)NNC(=O)[C@H](N)Cc1ccc(O)cc1,8.8
OPRM1,CHEMBL218242,C[C@H]1CN2CCN(Cc3ccccc3O)C[C@H]2C[C@@]1(C)c1cccc(O)c1,8.8
OPRM1,CHEMBL511884,CC1C2Cc3ccc(C(N)=O)cc3C1(C)CCN2C,8.8
OPRM1,CHEMBL476603,O=C(O[C@@]12CCC(=O)[C@@H]3Oc4c(O)ccc5c4[C@@]31CCN(CC1CC1)[C@@H]2C5)c1cccnc1,8.8
OPRM1,CHEMBL1642758,Cc1cc(CNC2Cc3ccccc3C2)ccc1N1CCCc2cc(C(N)=O)ccc21,8.8
OPRM1,CHEMBL2158955,CSCC[C@H](NC(=O)[C@H](CC(C)C)NC(=O)CNC(=O)[C@H](Cc1ccccc1)NC(=O)[C@H](Cc1c[nH]c2ccccc12)NC(=O)[C@@H]1CCCN1C(=O)[C@@H](N)Cc1ccc(O)cc1)C(N)=O,8.8
OPRM1,CHEMBL2208350,COc1ccc(-c2ccc(CCNC(=O)c3ccc4c(c3)C3(C)CCN(CC5CC5)C(C4)C3C)cc2)cc1OC,8.8
OPRM1,CHEMBL3086758,Cl.O=C(O[C@@]12CCC(=O)[C@@H]3Oc4c(O)ccc5c4[C@@]31CCN(CC1CC1)[C@@H]2C5)c1cccnc1,8.8
OPRM1,CHEMBL3667200,CN1CC[C@]23CC(=O)CC[C@@]2(O)[C@H]1Cc1ccc(C(=O)NCCc2ccc(-c4cnc(=O)[nH]c4)cc2)c(O)c13,8.8
OPRM1,CHEMBL4082129,NC(=O)c1cccc(C2C[C@H]3CC[C@H](C2)N3CCCCN2C(=O)c3ccccc3C2=O)c1,8.8
OPRM1,CHEMBL3679612,COC(=O)C1(NC(=O)C2=C(O)[C@@H]3Oc4c(O)ccc5c4[C@@]34CCN(CC3CC3)[C@H](C5)[C@]4(O)C2)CC1,8.8
OPRM1,CHEMBL3990727,NC(=O)c1cccc([C@H]2C[C@H]3CC[C@@H](C2)N3CCN(CC2CCC2)C(=O)CO)c1,8.8
OPRM1,CHEMBL4741308,CO[C@@]12CC[C@H](N[C@@H](CO)C(=O)O)[C@@H]3Oc4c(O)ccc5c4[C@@]31CCN(C)[C@@H]2C5,8.8
OPRM1,CHEMBL5185861,C[C@@H](NC(=O)[C@@H](N)Cc1ccc(O)cc1)C(=O)N[C@@H](Cc1ccccc1)C(=O)NCC(=O)N[C@@H](Cc1ccc(O)cc1)C(=O)N1CCC[C@H]1C(N)=O,8.8
OPRM1,CHEMBL5761560,CCC1(c2cc(NS(=O)(=O)C3CC3)ccc2F)[C@@H]2CN(CCCC3CCC(F)(F)CC3)C[C@@H]21,8.8
OPRM1,CHEMBL189571,CO[C@H]1Cc2ccc(O)cc2C(C)(C)[C@@H]1NC/C=C/c1ccccc1,8.79
OPRM1,CHEMBL3086466,C[C@@H]1CN(CCCc2ccccc2)[C@@H]2CCC[C@]1(c1cccc(O)c1)C2.Cl,8.79
OPRM1,CHEMBL4634079,Oc1ccc2c3c1O[C@H]1c4ncc(-n5cccc5)cc4C[C@@]4(OCCCc5ccccc5)[C@@H](C2)N(CC2CC2)CC[C@]314,8.79
OPRM1,CHEMBL4788003,CO[C@@]12CC[C@@H](N[C@@H](Cc3c[nH]c4ccccc34)C(=O)O)[C@@H]3Oc4c(O)ccc5c4[C@@]31CCN(C)[C@@H]2C5,8.79
OPRM1,CHEMBL2113382,CN1CC[C@]23c4c5ccc(O)c4O[C@H]2c2[nH]c4ccccc4c2C[C@@]3(NCCc2ccccc2)C1C5,8.78
OPRM1,CHEMBL3215960,CCCN[C@H]1C[C@H]2C[C@@](c3cccc(O)c3)(C1)[C@H](C)CN2CCCc1ccccc1.Cl.Cl,8.78
OPRM1,CHEMBL3580749,Cc1cc(O)cc(C)c1C[C@H](N)C(=O)N[C@@H]1CCCCNC(=O)C[C@@H](C(N)=O)NC(=O)[C@H](Cc2ccc(F)cc2F)NC(=O)[C@H](Cc2ccccc2)NC1=O,8.78
OPRM1,CHEMBL4074110,CN1CC[C@]23c4c5ccc(O)c4O[C@H]2CCC[C@@]3(O)[C@H]1C5,8.78
OPRM1,CHEMBL4742666,Cc1cc(O)cc(C)c1C[C@H](N)C(=O)N[C@H](CCCNC(=N)N)C(=O)N[C@H]1Cc2ccccc2CN(CCC(=O)N[C@@H](CCCNC(=N)N)C(=O)N[C@@H](CCCNC(=N)N)C(=O)N2CCC[C@H]2C(=O)N2Cc3ccc(O)cc3C[C@H]2C(=O)N[C@H](C(=O)N[C@@H](CC(C)C)C(=O)O)C(C)(C)C)C1=O,8.78
OPRM1,CHEMBL2368861,CO[C@@]12CC[C@@]3(C[C@@H]1[C@](C)(O)C(C)(C)C)[C@H]1Cc4ccc(O)c5c4[C@@]3(CCN1CC1CC1)[C@H]2O5.Cl,8.77
OPRM1,CHEMBL336664,CSc1ccc(CN2CC[C@@](C)(c3cccc(C(N)=O)c3)[C@@H](C)C2)cc1,8.77
OPRM1,CHEMBL226113,COc1ccc2c(c1)[C@]13CCN(CC4CC4)[C@H](C2)[C@@H]1Cc1c([nH]c2ccccc12)C3,8.77
OPRM1,CHEMBL2113294,COc1ccc2c3c1O[C@H]1[C@]4(OC)CC[C@@]5(C[C@@H]4CNC(=O)/C=C/c4ccccc4)[C@@H](C2)N(C)CC[C@]315,8.77
OPRM1,CHEMBL566762,COC(=O)C(C)CCCCCCC(C)C(=O)Oc1ccc2c(c1)[C@@]13CCCC[C@H]1[C@@H](C2)N(CC1CCC1)CC3,8.77
OPRM1,CHEMBL571560,c1ccc(CNc2ccc3c(c2)[C@@]24CCCC[C@H]2[C@@H](C3)N(CC2CCC2)CC4)cc1,8.77
OPRM1,CHEMBL570225,c1ccc(Nc2ccc3c(c2)[C@@]24CCCC[C@H]2[C@@H](C3)N(CC2CCC2)CC4)cc1,8.77
OPRM1,CHEMBL1818334,CC(C)C[C@]1(c2cccc(O)c2)CCN(CC2CC2)C1,8.77
OPRM1,CHEMBL2048768,Oc1ccccc1CNc1ccc2c(c1)[C@@]13CCCC[C@H]1[C@@H](C2)N(CC1CCC1)CC3,8.77
OPRM1,CHEMBL2048763,Clc1ccc(CNc2ccc3c(c2)[C@@]24CCCC[C@H]2[C@@H](C3)N(CC2CCC2)CC4)cc1,8.77
OPRM1,CHEMBL4299173,COc1ccc(CN(C(=O)[C@@H](N)Cc2c(C)cc(C(N)=O)cc2C)[C@H](C)c2nc(-c3ccccc3)c[nH]2)cc1C(=O)O.Cl.Cl,8.77
OPRM1,CHEMBL3667198,CN1CC[C@]23CC(=O)CCC2[C@H]1Cc1ccc(C(=O)NCCc2nc4ccccc4[nH]2)c(O)c13,8.77
OPRM1,CHEMBL3759541,Cc1cc(O)cc(C)c1C[C@H](N)C(=O)N1Cc2ccccc2C[C@@H]1C(=O)NCC(=O)N(c1ccccc1)c1ccccc1,8.77
OPRM1,CHEMBL3890825,CC(=O)N1CCc2c([nH]c3cc(F)ccc23)C12CCC(c1ccccc1)(N(C)C)CC2,8.77
OPRM1,CHEMBL5742875,CCC1(c2cc(NS(=O)(=O)C3CC3)ccc2F)[C@@H]2CN(CCCN3CCC(F)(F)CC3)C[C@@H]21,8.77
OPRM1,CHEMBL5981930,CN(C)[C@]1(c2ccccc2)CC[C@]2(CC1)CN(CCC(=O)NCC1(O)CCC1)C(=O)N2CC1CCC1,8.77
OPRM1,CHEMBL112035,CN1CCC23c4c5ccc(O)c4OC2c2n[nH]cc2CC3(O)C1C5,8.76
OPRM1,CHEMBL1672190,C[C@H]1CN(CC2CC2c2ccccc2)CC[C@@]1(C)c1cccc(O)c1,8.76
OPRM1,CHEMBL1795713,CN1CC[C@]23c4c5ccc(O)c4O[C@H]2[C@H](NC(=O)c2cccc(I)c2)CC[C@@]3(O)[C@H]1C5,8.76
OPRM1,CHEMBL4776986,Cc1cc(O)cc(C)c1C[C@H](NC(=O)[C@@H]1CCCN1C(=O)[C@H](CCCNC(=N)N)NC(=O)C[C@H](CCCNC(=N)N)NC(=O)CCN1Cc2ccccc2C[C@H](NC(=O)[C@@H](CCCNC(=N)N)NC(=O)[C@@H](N)Cc2c(C)cc(O)cc2C)C1=O)C(=O)N[C@H](C(=O)N[C@@H](CC(C)C)C(=O)O)C(C)(C)C,8.76
OPRM1,CHEMBL4745899,Cc1cc(O)cc(C)c1C[C@H](N)C(=O)N[C@H](CCCNC(=N)N)C(=O)N[C@H]1Cc2ccccc2CN(CCC(=O)N[C@@H](CCCNC(=N)N)C(=O)N[C@@H](CCCNC(=N)N)C(=O)N2CCC[C@H]2C(=O)N[C@@H](Cc2cccc(O)c2)C(=O)N[C@H](C(=O)N[C@@H](CC(C)C)C(=O)O)C(C)(C)C)C1=O,8.76
OPRM1,CHEMBL5171420,Cc1cc(O)cc(C)c1C[C@H](N)C(=O)N[C@@H]1CCCCNC(=O)C[C@@H](C(N)=O)NC(=O)[C@H](c2ccccc2)NC(=O)[C@H](c2ccccc2)NC1=O,8.76
OPRM1,CHEMBL5185996,CN(C(=O)Cc1ccccc1)[C@@H]1C[C@]23CCN(CC4CC4)[C@H](Cc4ccc(O)cc42)[C@]32CC[C@@H]1O2,8.76
OPRM1,CHEMBL4112287,COc1ccc2c3c1O[C@H]1[C@@]4(OC)CC[C@@]5(C[C@@H]4C(C)(C)OCc4ccccc4)[C@@H](C2)N(CC2CC2)CC[C@]315,8.75
OPRM1,CHEMBL963,CN1CC[C@]23c4c5ccc(O)c4O[C@H]2C(=O)CC[C@@]3(O)[C@H]1C5,8.75
OPRM1,CHEMBL424328,O=C(CCCCCCCCCCC(=O)Oc1ccc2c(c1)[C@@]13CCCC[C@H]1[C@@H](C2)N(CC1CCC1)CC3)Oc1ccc2c(c1)[C@@]13CCCC[C@H]1[C@@H](C2)N(CC1CCC1)CC3,8.74
OPRM1,CHEMBL106432,CO[C@@H]1Cc2ccc(O)cc2C(C)(C)[C@@H]1N,8.74
OPRM1,CHEMBL1766039,CNc1nc2cc3c(cc2s1)C[C@@H]1[C@@H]2CCCC[C@]32CCN1CC1CCC1,8.74
OPRM1,CHEMBL2208345,CC1C2Cc3ccc(C(=O)NCCc4ccc(-c5ccc(OC(F)(F)F)cc5)cc4)cc3C1(C)CCN2CC1CC1,8.74
OPRM1,CHEMBL3086304,Br.Nc1nc2c(s1)C[C@H]1[C@H]3Cc4ccc(O)cc4[C@@]1(CCN3CC1CC1)C2,8.74
OPRM1,CHEMBL3264742,O=C1[C@H]2O[C@@]34CC[C@@]5(OCOc6c(O)ccc7c6[C@@]3(CCN(CC3CC3)[C@@H]4C7)[C@H]25)N1Cc1ccccc1,8.74
OPRM1,CHEMBL3971169,O=C1C[C@]23CCN(CC4CC4)[C@H](Cc4ccc(O)cc42)[C@]3(O)C[C@@H]1CCO,8.74
OPRM1,CHEMBL3890424,CN(C)C1(c2cccc(F)c2)CCC(C)(CNC(=O)/C=C/c2ccccc2)CC1,8.74
OPRM1,CHEMBL5078909,FC1(F)CCc2csc(CNCC[C@@]3(c4ccccn4)CCOC4(CCCC4)C3)c2C1,8.74
OPRM1,CHEMBL5563072,O=C1CN2c3c(cccc3[C@@H]3CN(CCCOc4ccc(F)c(F)c4)CC[C@@H]32)N1,8.74
OPRM1,CHEMBL5573294,NC(=O)[C@@H]1CCCN1C(=O)[C@H]1CC(=O)NCCCC[C@@H](NC(=O)[C@@H](N)Cc2ccc(O)cc2)C(=O)NCC(=O)N[C@@H](Cc2ccc3ccccc3c2)C(=O)N1,8.74
OPRM1,CHEMBL5948330,CN(C)[C@]1(c2ccccc2)CC[C@]2(CC1)CN(Cc1ccc(O)cc1)C(=O)N2CC1CCC1,8.74
OPRM1,CHEMBL5993250,Fc1ccnc([C@]2(CCNCc3scc4c3CCC4)CCO[C@]3(CCOC3)C2)c1,8.74
OPRM1,CHEMBL5828732,Clc1cccc(CNCC[C@@]2(c3ccccn3)CCO[C@]3(CCOC3)C2)c1,8.74
OPRM1,CHEMBL217710,O=C(C/C=C/c1ccc(Cl)cc1)N[C@@]12CCC(=O)[C@@H]3Oc4c(O)ccc5c4[C@@]31CCN(CC1CC1)[C@@H]2C5,8.73
OPRM1,CHEMBL560200,CN(C)C(=O)O[C@@H]1CC[C@@]2(O)[C@H]3Cc4ccc(O)c5c4[C@@]2(CCN3CC2CC2)[C@H]1O5,8.73
OPRM1,CHEMBL4753934,CO[C@@]12CC[C@H](N[C@@H](Cc3ccc(O)cc3)C(=O)O)[C@@H]3Oc4c(O)ccc5c4[C@@]31CCN(C)[C@@H]2C5,8.73
OPRM1,CHEMBL5505909,CCc1cccc(C)c1N(C(=O)c1ccco1)C1CCN(CCc2ccccc2)CC1,8.73
OPRM1,CHEMBL101519,O=C1/C(=C\c2ccccc2)C[C@@]2(O)[C@H]3Cc4ccc(O)c5c4[C@@]2(CCN3CC2CC2)[C@H]1O5,8.72
OPRM1,CHEMBL2110315,CN1CC[C@]23c4c5ccc(O)c4O[C@H]2[C@@]24CC[C@@]3(C[C@H]2C(C)(C)C(C)(C)O4)C1C5,8.72
OPRM1,CHEMBL336234,C[C@H]1CN(CCc2ccccc2)CC[C@@]1(C)c1cccc(C(N)=O)c1,8.72
OPRM1,CHEMBL430397,C[C@H]1C2Cc3ccc(C(=O)NCCCc4ccc5ccccc5c4)cc3[C@@]1(C)CCN2CC1CC1,8.72
OPRM1,CHEMBL402964,C[C@H]1CN(C[C@H](Cc2ccccc2)C(=O)N[C@@H](Cc2ccc(-c3ccccc3)cc2)C(=O)O)CC[C@@]1(C)c1cccc(O)c1,8.72
OPRM1,CHEMBL2048771,Oc1ccccc1CNc1ccc2c(c1)[C@@]13CCCC[C@H]1[C@@H](C2)N(CC1CC1)CC3,8.72
OPRM1,CHEMBL3325747,CN(C)[C@]1(c2ccccc2)CC[C@@](O)(CCc2ccccc2)CC1.Cl,8.72
OPRM1,CHEMBL3954498,COc1ccc2c3c1O[C@H]1[C@@]4(OC)CC[C@@]5(C[C@@H]4COCc4ccc(-c6ccccc6)cc4)[C@@H](C2)N(CC2CC2)CC[C@]315,8.72
OPRM1,CHEMBL4789321,CCC(=O)N(CCN1CCC(Cc2ccc(F)cc2)CC1)c1ccc(OC)cc1,8.72
OPRM1,CHEMBL5767844,CN(C)[C@]1(c2ccccc2)CC[C@]2(CC1)CN(Cc1cccc(C(N)=O)c1)C(=O)N2CC1CCC1,8.72
OPRM1,CHEMBL216696,CC(C)C[C@H](NC(=O)[C@H](Cc1ccccc1)NC(=O)CNC(=O)CNC(=O)[C@@H](N)Cc1ccc(O)cc1)C(=O)N[C@@H](CCCN=C(N)N)C(=O)N[C@@H](CCCN=C(N)N)C(=O)N[C@@H](C)C(=O)N[C@@H](CCCN=C(N)N)C(=O)N1CCC[C@H]1C(=O)N[C@@H](CCCCN)C(N)=O,8.71
OPRM1,CHEMBL110640,COc1cccc2c1C13CCN(CC4CC4)[C@H](C2)[C@]1(OCCCc1ccccc1)CCC(=O)C3,8.71
OPRM1,CHEMBL407084,CC(C)C[C@H](NC(=O)[C@H](Cc1ccccc1)NC(=O)CNC(=O)CNC(=O)[C@@H](N)Cc1ccc(O)cc1)C(=O)N[C@@H](CCCN=C(N)N)C(=O)N[C@@H](CCCN=C(N)N)C(=O)N[C@H](C)C(=O)N[C@@H](CCCN=C(N)N)C(=O)N1CCC[C@H]1C(=O)N[C@@H](CCCCN)C(N)=O,8.71
OPRM1,CHEMBL3262549,CCC1C(=O)N(C2CCN(CCC(c3ccccc3)c3ccccc3)CC2)c2ccccc21,8.71
OPRM1,CHEMBL3326231,CN(C)[C@]1(c2ccccc2)CC[C@@]2(CCCc3c4ccccc4[nH]c32)CC1,8.71
OPRM1,CHEMBL115652,O=C1NCN(c2ccccc2)C12CCN(Cc1cc3c(cc1Cl)OCO3)CC2,8.7
OPRM1,CHEMBL92286,C[C@@H](NC(=O)[C@@H](N)Cc1ccc(O)cc1)C(=O)NCC(=O)N[C@@H](Cc1ccccc1)C(=O)NNC(=O)[C@H](N)Cc1c[nH]c2ccccc12,8.7
OPRM1,CHEMBL122321,N[C@@H](Cc1ccc(O)cc1)C(=O)N[C@@H]1CSC[C@H](C(=O)O)NC(=O)[C@H](Cc2ccccc2)NC(=O)CNC1=O,8.7
OPRM1,CHEMBL219495,C[C@H]1CN2CCN(CCc3ccccc3)C[C@H]2C[C@@]1(C)c1cccc(O)c1,8.7
OPRM1,CHEMBL218404,C[C@H]1CN2CCN(C(=O)c3ccccc3)C[C@H]2C[C@@]1(C)c1cccc(O)c1,8.7
OPRM1,CHEMBL2113301,COc1ccccc1/C=C/C(=O)NC[C@H]1C[C@@]23CC[C@@]1(OC)[C@@H]1Oc4c(OC)ccc5c4[C@@]12CCN(C)[C@@H]3C5,8.7
OPRM1,CHEMBL441914,CCCCCC(c1ccccc1)N1CCC(O)(c2ccccc2CN)CC1,8.7
OPRM1,CHEMBL233326,CCCCC(c1ccccc1)N1CCC(O)(c2ccccc2CN)CC1,8.7
OPRM1,CHEMBL270187,C[C@H]1CN(C[C@H](Cc2ccccc2)C(=O)N[C@@H](Cc2ccc3ccccc3c2)C(=O)O)CC[C@@]1(C)c1cccc(O)c1,8.7
OPRM1,CHEMBL525046,C[C@@H](O)[C@H](NC(=O)[C@H]1NC(=O)[C@H]([C@@H](C)O)NC(=O)[C@H](CCCNC(=N)N)NC(=O)[C@@H](Cc2c[nH]c3ccccc23)NC(=O)[C@H](Cc2ccc(O)cc2)NC(=O)[C@@H](NC(=O)[C@H]2Cc3ccccc3CN2)CSSC1(C)C)C(N)=O,8.7
OPRM1,CHEMBL470617,C[N+]1(CC2CC2)CC[C@]23c4c5ccc(O)c4O[C@H]2C(=O)CC[C@@]3(O)[C@H]1C5.[I-],8.7
OPRM1,CHEMBL500766,C[C@@H](O)[C@H](NC(=O)[C@H](NC(=O)[C@@H](NC(=O)[C@H](CCCNC(=N)N)NC(=O)[C@H](Cc1c[nH]c2ccccc12)NC(=O)[C@@H](Cc1ccc(O)cc1)NC(=O)[C@H](CS)NC(=O)[C@H](N)Cc1ccccc1)[C@@H](C)O)C(C)(C)S)C(=O)O,8.7
OPRM1,CHEMBL1672177,Cl.Oc1cccc([C@]23CCC[C@H](C2)N(C/C=C/c2ccccc2)CC3)c1,8.7
OPRM1,CHEMBL377069,Cc1cc(O)cc(C)c1C[C@H](N)C(=O)N1CCCC[C@H]1c1nc(-c2ccccc2)c[nH]1,8.7
OPRM1,CHEMBL3325959,CN[C@]1(c2ccccc2)CC[C@]2(CC1)OCCc1c3cc(F)ccc3[nH]c12.O=C(O)CC(O)(CC(=O)O)C(=O)O,8.7
OPRM1,CHEMBL3924497,COc1ccc2[nH]c3c(c2c1)CCOC31CCC(c2ccccc2)(N(C)C)CC1,8.7
OPRM1,CHEMBL4748898,CC1OC2(CCN(CCc3ccccc3)CC2)CN(Cc2ccccc2)C1=O,8.7
OPRM1,CHEMBL5087472,CCC(=O)N(CC1(N2CCN(Cc3ccccc3)CC2)CC1)c1ccccc1,8.7
OPRM1,CHEMBL5077763,c1ccc([C@]2(CCNCc3scc4c3COC4)CCOC3(CCCC3)C2)nc1,8.7
OPRM1,CHEMBL5407881,Cc1cc(O)cc(C)c1C[C@@H](CNC(=O)[C@@H]1C[C@@]1(C)c1ccccc1)N(C)C,8.7
OPRM1,CHEMBL5907154,CCC1(c2cc(NS(=O)(=O)C3CC3)ccc2F)[C@@H]2CN(CC3(O)Cc4ccccc4C3)C[C@@H]21,8.7
OPRM1,CHEMBL5990569,CN(C)[C@]1(c2ccccc2)C[C@]2(CN(CC(=O)N3CCS(=O)(=O)CC3)C(=O)N2CC2CCC2)C1,8.7
OPRM1,CHEMBL6188329,COc1cc(CNCCC(C)C)ccc1Oc1ccc(C(N)=O)cn1,8.7
OPRM1,CHEMBL67240,CCNC(=O)c1ccc(C(=C2CC3CCC(C2)N3CC=C(C)C)c2cccc(OC)c2)cc1,8.69
OPRM1,CHEMBL3309264,CN1CC[C@]23c4c5ccc(O)c4O[C@H]2C2=C(C[C@@H](CCO)C(=O)N2Cc2ccccc2)C[C@@]3(O)[C@H]1C5,8.69
OPRM1,CHEMBL4107680,CO[C@]12CC[C@@]3(C[C@@H]1COCc1ccccc1)[C@H]1Cc4ccc(N)c5c4[C@@]3(CCN1C)[C@H]2O5,8.69
OPRM1,CHEMBL4760163,CO[C@@]12CC[C@@H](N[C@@H](CC(N)=O)C(=O)O)[C@@H]3Oc4c(O)ccc5c4[C@@]31CCN(C)[C@@H]2C5,8.69
OPRM1,CHEMBL25230,C=CCN1C[C@H](C)N([C@H](c2ccc(C(=O)N(CC)CC)cc2)c2cccc(O)c2)C[C@H]1C,8.68
OPRM1,CHEMBL138036,C[C@H]1CN(CCc2ccccc2)CC[C@@]1(C)c1cccc(CO)c1,8.68
OPRM1,CHEMBL197479,CC([18F])C(=O)N(c1ccccc1)C1CCN(CCc2ccccc2)CC1,8.68
OPRM1,CHEMBL60869,CC[C@@]12CCN(CC3CC3)C(C(=O)c3ccc(C(N)=O)cc31)[C@@H]2C,8.68
OPRM1,CHEMBL410907,CN1CC[C@]23c4c5ccc(O)c4O[C@H]2CC=C[C@H]3[C@H]1C5,8.68
OPRM1,CHEMBL461227,CC(C)=CCN1CC[C@@]2(C)c3cc(C(N)=O)ccc3C[C@@H]1[C@@H]2C,8.68
OPRM1,CHEMBL2178340,O=C(N[C@@H]1CC[C@@]2(O)[C@H]3Cc4ccc(O)c5c4[C@@]2(CCN3CC2CC2)[C@H]1O5)c1ccnnc1,8.68
OPRM1,CHEMBL3264748,O=C1[C@H]2O[C@@]34CC[C@@]5(OCOc6c(O)ccc7c6[C@@]3(CCN(CC3CC3)[C@@H]4C7)[C@H]25)N1CCc1ccccc1,8.68
OPRM1,CHEMBL3325880,CN(C)C1(c2ccccc2)CCC(NC(=O)Cc2ccccc2)CC1.Cl,8.68
OPRM1,CHEMBL3678967,CO[C@]12CC[C@@]3(C[C@@H]1COCc1ccccc1)[C@H]1Cc4ccc(O)c5c4[C@@]3(CC[N+]1(C)CC1CC1)[C@H]2O5,8.68
OPRM1,CHEMBL3961861,CN(C)C1(c2cccc(F)c2)CCC2(CC1)OCCc1c2[nH]c2ccccc12,8.68
OPRM1,CHEMBL4641271,CN(C)c1ccc(-c2cnc3c(c2)C[C@@]2(OCCCc4ccccc4)[C@H]4Cc5ccc(O)c6c5[C@@]2(CCN4CC2CC2)[C@H]3O6)cc1,8.68
OPRM1,CHEMBL5875096,CC(C)=CCN1CC[C@]2(C)c3cc(C(N)=O)ccc3C[C@@H]1C2C,8.68
OPRM1,CHEMBL471806,CCCCCCC(N)C(=O)N[C@@H](Cc1ccc(O)cc1)C(=O)N1CCC[C@H]1C(=O)N[C@@H](Cc1c[nH]c2ccccc12)C(=O)N[C@@H](Cc1ccccc1)C(N)=O,8.67
OPRM1,CHEMBL558140,Cl.Oc1ccc2c3c1O[C@H]1[C@H](O)CC[C@@]4(O)[C@@H](C2)N(CC2CC2)CC[C@]314,8.67
OPRM1,CHEMBL1834409,CCC(C)(C)[C@](C)(O)[C@H]1C[C@@]23CC[C@]1(OC)[C@@H]1Oc4c(O)ccc5c4[C@@]12CCN(CC1CC1)[C@@H]3C5,8.67
OPRM1,CHEMBL2178341,O=C(N[C@@H]1CC[C@@]2(O)[C@H]3Cc4ccc(O)c5c4[C@@]2(CCN3CC2CC2)[C@H]1O5)c1ccncn1,8.67
OPRM1,CHEMBL5572565,CCCCC(=O)N(c1ccccc1)C1CCN(CCc2ccccc2)CC1,8.67
OPRM1,CHEMBL193039,O=C(CCCCCCCCC(=O)Oc1ccc2c(c1)[C@]13CCCCC1[C@H](C2)N(CC1CCC1)CC3)Oc1ccc2c(c1)[C@@]13CCCCC1[C@@H](C2)N(CC1CCC1)CC3,8.66
OPRM1,CHEMBL1079400,CNC(=O)CN1Cc2ccccc2N(C2CCN(C3CCCCCCCCC3)CC2)S1(=O)=O,8.66
OPRM1,CHEMBL1834411,CO[C@]12CC[C@@]3(C[C@@H]1[C@](C)(O)CC(C)(C)c1ccccc1)[C@H]1Cc4ccc(O)c5c4[C@@]3(CCN1CC1CC1)[C@H]2O5,8.66
OPRM1,CHEMBL3746697,CO[C@]12CC[C@@]3(C[C@@H]1C(=O)NCCCCCCNC(=O)OC(C)(C)C)[C@H]1Cc4ccc(O)c5c4[C@@]3(CCN1C)[C@H]2O5,8.66
OPRM1,CHEMBL3919062,CC(=O)N1CCc2c([nH]c3ccccc23)C12CCC(c1ccccc1)(N(C)C)CC2,8.66
OPRM1,CHEMBL5898777,Clc1cc(Cl)cc(CNCC[C@@]2(c3ccccn3)CCO[C@]3(CCOC3)C2)c1,8.66
OPRM1,CHEMBL237066,NC(=O)c1ccc(Oc2ccc(CCNCc3ccccc3)cc2)nc1,8.65
OPRM1,CHEMBL2418572,C[C@H]1CC[C@@]2(c3cccc(O)c3)CCN(CCc3ccccc3)[C@@H]1C2,8.65
OPRM1,CHEMBL4113900,CC(C)(C)[C@@]1(C)OC(c2ccccc2)O[C@]23CC[C@@]4(C[C@@H]21)[C@H]1Cc2ccc(O)c5c2[C@@]4(CCN1CC1CC1)[C@H]3O5,8.65
OPRM1,CHEMBL4793888,CO[C@@]12CC[C@H](N[C@@H](CCCCN)C(=O)O)[C@@H]3Oc4c(O)ccc5c4[C@@]31CCN(C)[C@@H]2C5,8.65
OPRM1,CHEMBL5595358,Cl.O=C(c1ccoc1)N(c1ccccc1)C1CCN(CCc2ccccc2)CC1,8.65
OPRM1,CHEMBL420903,N[C@@H](Cc1ccc(O)cc1)C(=O)N[C@@H]1CSC[C@@H](C(=O)O)NC(=O)[C@H](Cc2ccccc2)NC(=O)CNC1=O,8.64
OPRM1,CHEMBL500154,Cc1ccc(C(C)C(=O)Oc2ccc3c(c2)[C@@]24CCCC[C@@]2(O)[C@@H](C3)N(CC2CCC2)CC4)cc1.Cl,8.64
OPRM1,CHEMBL3264746,O=C1[C@H]2O[C@@]34CC[C@@]5(OCOc6c(O)ccc7c6[C@@]3(CCN(CCc3ccccc3)[C@@H]4C7)[C@H]25)N1Cc1ccccc1,8.64
OPRM1,CHEMBL3959791,COc1ccc2c3c1O[C@H]1[C@@]4(OC)CC[C@@]5(C[C@@H]4COCc4ccncc4)[C@@H](C2)N(C)CC[C@]315,8.64
OPRM1,CHEMBL3765059,N[C@@H](Cc1ccc(O)cc1)C(=O)N[C@@H]1CCCCNC(=O)CNC(=O)[C@H](Cc2ccc(O)cc2)NC(=O)[C@H](Cc2ccccc2)NC1=O,8.64
OPRM1,CHEMBL3678965,CO[C@]12CC[C@@]3(C[C@@H]1COCc1cc4ccccc4s1)[C@H]1Cc4ccc(O)c5c4[C@@]3(CC[N+]1(C)CC1CC1)[C@H]2O5,8.64
OPRM1,CHEMBL3892859,COC(=O)C1Cc2c([nH]c3ccccc23)C2(CCC(c3ccccc3)(N(C)C)CC2)N1,8.64
OPRM1,CHEMBL3919938,C[C@@]12CCCCC[C@@H](Cc3ccc(C(N)=O)cc31)[C@@H]2N,8.64
OPRM1,CHEMBL4111936,CC(C)[C@H]1C[C@H]2[C@H]3Cc4ccc(O)cc4[C@@]2(CCN3CC2CC2)CC1=O,8.64
OPRM1,CHEMBL4070288,CCc1ccc(C(=O)NCC2c3ccccc3CCN2C)cc1,8.64
OPRM1,CHEMBL4647696,Cc1ccc(-c2cnc3c(c2)C[C@@]2(OCCCc4ccccc4)[C@H]4Cc5ccc(O)c6c5[C@@]2(CCN4CC2CC2)[C@H]3O6)cc1,8.64
OPRM1,CHEMBL4755501,CO[C@@]12CC[C@H](N[C@@H](CCC(N)=O)C(=O)O)[C@@H]3Oc4c(O)ccc5c4[C@@]31CCN(C)[C@@H]2C5,8.64
OPRM1,CHEMBL4752583,OC/C=C/[C@H]1[C@@H]2CCC[C@@]1(c1cccc(O)c1)CCN2CCc1ccccc1,8.64
OPRM1,CHEMBL5081993,Cc1cc(O)cc(C)c1C[C@H](NC(=O)[C@H](Cc1ccccc1)NC(=O)CNC(=O)CNC(=O)[C@@H](N)Cc1c(C)cc(O)cc1C)C(=O)NCC(=O)N[C@@H](C)C(=O)N[C@@H](CCCNC(=N)N)C(=O)N[C@@H](CCCCN)C(=O)N[C@@H](CO)C(=O)N[C@@H](C)C(=O)N[C@@H](CCCNC(=N)N)C(=O)N[C@@H](CCCCN)C(N)=O,8.64
OPRM1,CHEMBL5094951,CCC(=O)N(CC(C)N1CCC(Cc2ccccc2)CC1)c1ccccc1,8.64
OPRM1,CHEMBL5969058,Cc1cccc(CNC(=O)CN2C[C@]3(CC[C@](c4ccccc4)(N(C)C)CC3)N(CC3CCC3)C2=O)n1,8.64
OPRM1,CHEMBL375025,N[C@@H](Cc1ccc(O)cc1)C(=O)N[C@@H]1C/C=C\C[C@H](C(=O)O)NC(=O)[C@H](Cc2ccccc2)NC(=O)CNC1=O,8.63
OPRM1,CHEMBL577745,CC(C)[C@@H](NC(=O)[C@H](Cc1c[nH]c2ccccc12)NC(=O)[C@@H]1CCCN1C(=O)[C@@H](N)Cc1ccc(O)cc1)C(=O)NCc1ccccc1,8.63
OPRM1,CHEMBL2387192,CC(c1ccccc1)N1CCC(N2C(=O)Cc3ccccc32)CC1,8.63
OPRM1,CHEMBL4299390,Cc1cc(O)cc(C)c1C[C@H](N)C(=O)N[C@@H](C)C(=O)NCC(=O)N[C@@H](Cc1ccccc1)C(=O)N1CCC[C@H]1C(=O)N[C@@H](CC(C)C)C(=O)N[C@@H](Cc1c[nH]c2ccccc12)C(=O)NCc1cc(C(F)(F)F)cc(C(F)(F)F)c1,8.63
OPRM1,CHEMBL4129668,N[C@@H](Cc1ccc(O)cc1)C(=O)N[C@@H]1CSSC[C@@H](NC(=O)[C@@H](N)Cc2ccc(O)cc2)C(=O)NCC(=O)N[C@@H](Cc2ccccc2)C(=O)NCCSSCCNC(=O)[C@H](Cc2ccccc2)NC(=O)CNC1=O,8.63
OPRM1,CHEMBL4644543,Oc1ccc2c3c1O[C@H]1c4ncc(-c5ccc(F)cc5)cc4C[C@@]4(OCCCc5ccccc5)[C@@H](C2)N(CC2CC2)CC[C@]314,8.63
OPRM1,CHEMBL6045297,O=C1C=C2C[C@@]3(O)[C@H]4Cc5ccc(O)cc5[C@@]3(CCN4CC3CC3)CC2N1,8.63
OPRM1,CHEMBL5741282,CN(C)[C@]1(c2ccccc2)CC[C@]2(CC1)CN(Cc1cn(CC(N)=O)nn1)C(=O)N2CC1CCC1,8.63
OPRM1,CHEMBL420863,Cc1ccc2nc(O)n(C3CCN(Cc4cc5c(cc4Cl)OCO5)CC3)c2c1,8.62
OPRM1,CHEMBL428055,C[C@H]1C2Cc3ccc(C(=O)NCCCc4cccc5ccccc45)cc3[C@@]1(C)CCN2CC1CC1,8.62
OPRM1,CHEMBL249567,C[C@H]1C2Cc3ccc(C(=O)NCCc4ccc(Br)cc4)cc3[C@@]1(C)CCN2CC1CC1,8.62
OPRM1,CHEMBL1076578,OC(CCCCCCC(O)COc1ccc2c(c1)[C@@]13CCCC[C@H]1[C@@H](C2)N(CC1CCC1)CC3)COc1ccc2c(c1)[C@@]13CCCC[C@H]1[C@@H](C2)N(CC1CCC1)CC3,8.62
OPRM1,CHEMBL1766023,Nc1nc2cc3c(cc2s1)C[C@@H]1[C@@H]2CCCC[C@]32CCN1C[C@@H]1CCCO1,8.62
OPRM1,CHEMBL3309508,CN1C(=O)[C@H](CCO)CC2=C1[C@@H]1Oc3c(O)ccc4c3[C@@]13CCN(C)[C@H](C4)[C@]3(O)C2,8.62
OPRM1,CHEMBL4574150,O=C(Nc1ccc2cc[nH]c2c1)C1=C(O)[C@@H]2Oc3c(O)ccc4c3[C@@]23CCN(CC2CC2)[C@H](C4)[C@]3(O)C1,8.62
OPRM1,CHEMBL4548515,CC(C)[C@H]1CC[C@@H](N2CCC(n3cc(CN)c4ccccc43)CC2)CC1,8.62
OPRM1,CHEMBL4795517,CO[C@@]12CC[C@@H](N[C@@H](C(=O)O)C(C)C)[C@@H]3Oc4c(O)ccc5c4[C@@]31CCN(C)[C@@H]2C5,8.62
OPRM1,CHEMBL5505874,Cc1cccc(Cl)c1N(C(=O)c1ccco1)C1CCN(CCc2ccccc2)CC1,8.62
OPRM1,CHEMBL5523512,Cc1cc(O)cc(C)c1C[C@H](N)C(=O)N[C@H](CCCNC(=N)N)C(=O)N[C@H]1Cc2ccccc2CN(CCC(=O)N[C@@H](CCCN2CCc3ccccc3C2)C(=O)N[C@@H](Cc2ccccc2)C(N)=O)C1=O,8.62
OPRM1,CHEMBL5849592,CN(C)[C@]1(c2ccccc2)CC[C@]2(CC1)CN(Cc1ncccn1)C(=O)N2CC1CCOC1,8.62
OPRM1,CHEMBL238316,NC(=O)c1ccc(Oc2ccc(CNCc3ccccc3)cc2)nc1,8.61
OPRM1,CHEMBL65259,CCNC(=O)c1ccc(C(=C2CC3CCC(C2)N3CC=C(C)C)c2cccc(O)c2)cc1,8.6
OPRM1,CHEMBL52604,CCn1c(=O)n([C@@H]2CCN3[C@H](CCC[C@H]3c3ccccc3)C2)c2ccccc21,8.6
OPRM1,CHEMBL111233,OC1(c2ccc(Cl)c(C(F)(F)F)c2)CCN(Cc2ccc3ccccc3c2)CC1,8.6
OPRM1,CHEMBL213291,C[C@H]1C2Cc3ccc(C(=O)NCCCc4ccccc4)cc3[C@@]1(C)CCN2CC1CC1,8.6
OPRM1,CHEMBL222597,Oc1ccc2c3c1O[C@H]1c4c(c5c(n4CC4CC4)CCCC5)C[C@@]4(O)C(C2)N(CC2CC2)CC[C@]314,8.6
OPRM1,CHEMBL251160,C[C@H]1C2Cc3ccc(C(=O)NCc4cccc5ccccc45)cc3[C@@]1(C)CCN2CC1CC1,8.6
OPRM1,CHEMBL442719,NC(=O)c1ccc2c3c1O[C@H]1[C@H](O)CC[C@@]4(O)[C@@H](C2)N(CC2CC2)CC[C@]314,8.6
OPRM1,CHEMBL511621,NC(=O)c1ccc2c3c1O[C@H]1CCC[C@@]4(O)[C@@H](C2)N(CC2CC2)CC[C@]314,8.6
OPRM1,CHEMBL506290,Cc1nc2c3c(ccc2[nH]1)CC1[C@H](C)[C@]3(C)CCN1CC1CC1,8.6
OPRM1,CHEMBL474755,COc1ccc2c3c1O[C@H]1C(=O)CC[C@@]4(OC(=O)/C=C/c5ccccc5)[C@@H](C2)N(CC2CC2)CC[C@]314,8.6
OPRM1,CHEMBL568988,COc1ccc(CN(Cc2ccc(OC)cc2)c2ccc3c(c2)[C@@]24CCCC[C@H]2[C@@H](C3)N(CC2CC2)CC4)cc1,8.6
OPRM1,CHEMBL1774952,c1c2c(cc3sc(NCCCCCCCCCCNc4nc5cc6c(cc5s4)C[C@@H]4[C@@H]5CCCC[C@]65CCN4CC4CC4)nc13)C[C@@H]1[C@@H]3CCCC[C@]23CCN1CC1CC1,8.6
OPRM1,CHEMBL1795711,O=C(N[C@@H]1CC[C@@]2(O)[C@H]3Cc4ccc(O)c5c4[C@@]2(CCN3CC2CC2)[C@H]1O5)c1cccc(I)c1,8.6
OPRM1,CHEMBL1957842,CC[C@]1(c2cccc(NS(C)(=O)=O)c2)[C@@H]2CN(CC(O)Cc3ccccc3)C[C@@H]21,8.6
OPRM1,CHEMBL2443272,Clc1cccc(CNCC[C@@]2(c3ccccn3)CCOC3(CCCC3)C2)c1,8.6
OPRM1,CHEMBL3580745,Cc1cc(O)cc(C)c1C[C@H](N)C(=O)N[C@@H]1CCCCNC(=O)C[C@@H](C(N)=O)NC(=O)[C@H](Cc2ccccc2)NC(=O)[C@H](Cc2ccc(F)cc2)NC1=O,8.6
OPRM1,CHEMBL4098662,Oc1ccc2c(c1)C13CCN(CC4CC4)C(C2)C12CCC1C3[C@@H](CN1CC1CCCCC1)C2,8.6
OPRM1,CHEMBL4126803,Cc1cc(O)cc(C)c1C[C@H](N)C(=O)N[C@@H]1CSSC[C@@H](NC(=O)[C@@H](N)Cc2c(C)cc(O)cc2C)C(=O)NCC(=O)N[C@@H](Cc2ccccc2)C(=O)N2CCN(CC2)C(=O)[C@H](Cc2ccccc2)NC(=O)CNC1=O,8.6
OPRM1,CHEMBL5413519,CC(C)[C@H]1CC[C@@H](N2CCC(n3c(CNS(C)(=O)=O)cc4ccccc43)CC2)CC1,8.6
OPRM1,CHEMBL5566245,CN1C(=O)CNC(=O)[C@H](NC(=O)[C@@H](N)Cc2ccc(O)cc2)CCCCNC(=O)C[C@H](C(=O)N2CCC[C@H]2C(N)=O)NC(=O)[C@@H]1Cc1ccccc1,8.6
OPRM1,CHEMBL5970292,CCC1(c2cc(NS(=O)(=O)C3CC3)ccc2F)[C@@H]2CN(CCCN3CCC(F)(F)C3)C[C@@H]21,8.6
OPRM1,CHEMBL27729,CN1CN(c2ccccc2)C2(CCN(C3CCc4c(Cl)ccc(Cl)c4C3)CC2)C1=O,8.59
OPRM1,CHEMBL611400,COc1ccc2c3c1O[C@H]1C(=O)CC[C@@]4(NC(=O)/C=C/c5ccccc5C)[C@@H](C2)N(CC2CC2)CC[C@]314,8.59
OPRM1,CHEMBL518083,C=C1CC[C@@]2(O)[C@H]3Cc4ccc(C(N)=O)c5c4[C@@]2(CCN3CC2CC2)[C@H]1O5,8.59
OPRM1,CHEMBL1834410,CO[C@]12CC[C@@]3(C[C@@H]1[C@](C)(O)CC(C)(C)C)[C@H]1Cc4ccc(O)c5c4[C@@]3(CCN1CC1CC1)[C@H]2O5,8.59
OPRM1,CHEMBL2179659,O=C(CCc1ccccc1)O[C@@]12Cc3cc(-c4ccc(Cl)cc4)cnc3[C@@H]3Oc4c(O)ccc5c4[C@@]31CCN(CC1CC1)[C@@H]2C5,8.59
OPRM1,CHEMBL3582484,NC(=O)[C@@H]1CC(=O)NCCCC[C@@H](NC(=O)[C@@H](N)Cc2ccc(O)cc2)C(=O)N[C@@H](Cc2ccc(F)cc2)C(=O)N[C@@H](Cc2ccccc2)C(=O)N1,8.59
OPRM1,CHEMBL3597084,CC(C)C[C@H](NC(=O)[C@H](CO[C@@H]1O[C@H](CO)[C@@H](O)[C@H](O)[C@H]1O)NC(=O)[C@H](CCCCN)NC(=O)[C@H](CC(C)C)NC(=O)[C@H](C)NC(=O)[C@H](CCCCN)NC(=O)[C@H](CCC(=O)O)NC(=O)C(C)(C)NC(=O)[C@H](CC(C)C)NC(=O)[C@H](CC(N)=O)NC(=O)[C@@H]1CCCN1C(=O)[C@H](CC(C)C)NC(=O)[C@H](Cc1ccccc1)NC(=O)CNC(=O)[C@@H](NC(=O)[C@@H](N)Cc1ccc(O)cc1)[C@@H](C)O)C(N)=O,8.59
OPRM1,CHEMBL3948400,COc1ccc2c3c1O[C@H]1[C@@]4(OC)CC[C@@]5(C[C@@H]4COCc4ccc6ccccc6c4)[C@@H](C2)N(C)CC[C@]315,8.59
OPRM1,CHEMBL5093645,Clc1cccc(CNCC[C@@]2(c3ccccn3)CCOC3(CCOC3)C2)c1,8.59
OPRM1,CHEMBL277530,COc1ccc2c3c1O[C@H]1C(=O)CC[C@@]4(NC(=O)Cc5ccc(Cl)cc5)[C@@H](C2)N(CC2CC2)CC[C@]314,8.58
OPRM1,CHEMBL229440,N[C@@H](Cc1ccc(O)cc1)C(=O)N[C@@H]1C/C=C/C[C@H](C(=O)O)NC(=O)[C@H](Cc2ccccc2)NC(=O)CNC1=O,8.58
OPRM1,CHEMBL2113298,COc1ccc2c3c1O[C@H]1[C@]4(OC)CC[C@@]5(C[C@@H]4CNC(=O)/C=C/c4ccc(Cl)cc4)[C@@H](C2)N(C)CC[C@]315,8.58
OPRM1,CHEMBL514781,O=C(N[C@H]1CC[C@@]2(O)[C@H]3Cc4ccc(O)c5c4[C@@]2(CCN3CC2CC2)[C@H]1O5)c1ccccn1,8.58
OPRM1,CHEMBL610523,COc1ccc2c3c1O[C@H]1c4[nH]c5c(c4C[C@@]4(O)[C@@H](C2)N(CC2CC2)CC[C@]314)C[C@@]1(O)[C@H]2Cc3ccc(O)c4c3[C@@]1(CCN2CC1CC1)[C@H]5O4,8.57
OPRM1,CHEMBL102900,O=C1Cc2ccccc2N1C1CCN(C2C3CCCC2CCC3)CC1,8.57
OPRM1,CHEMBL288468,COc1cccc(CN2CCC[C@@H]2C/N=C(\S)N2Cc3ccccc3C[C@H]2CNC(=O)Nc2ccccc2)c1OC,8.57
OPRM1,CHEMBL404303,C[C@H]1CN(C[C@H](Cc2ccccc2)C(=O)N[C@@H](Cc2cccc3ccccc23)C(=O)O)CC[C@@]1(C)c1cccc(O)c1,8.57
OPRM1,CHEMBL503457,Cl.O=C(Cc1ccc(-c2ccccc2)cc1)Oc1ccc2c(c1)[C@@]13CCCC[C@@]1(O)[C@@H](C2)N(CC1CCC1)CC3,8.57
OPRM1,CHEMBL2367604,C[C@H]1[C@H]2Cc3ccc(O)cc3[C@@]1(C)CCN2C[C@@H]1CCCO1,8.57
OPRM1,CHEMBL473253,O=C(O[C@@]12CCC(=O)[C@@H]3Oc4c(O)ccc5c4[C@@]31CCN(CC1CC1)[C@@H]2C5)c1cnc2ccccc2c1,8.57
OPRM1,CHEMBL1766022,Nc1nc2cc3c(cc2s1)C[C@@H]1[C@@H]2CCCC[C@]32CCN1CCCF,8.57
OPRM1,CHEMBL2048760,COc1ccccc1CNc1ccc2c(c1)[C@@]13CCCC[C@H]1[C@@H](C2)N(CC1CCC1)CC3,8.57
OPRM1,CHEMBL3086744,Cl.O=C(O[C@@]12CCC(=O)[C@@H]3Oc4c(O)ccc5c4[C@@]31CCN(CC1CC1)[C@@H]2C5)c1cnc2ccccc2c1,8.57
OPRM1,CHEMBL3264745,C=CCN1CC[C@@]23c4c5ccc(O)c4OCO[C@]46CC[C@@]2(O[C@H](C(=O)N4Cc2ccccc2)[C@H]63)[C@H]1C5,8.57
OPRM1,CHEMBL3325960,Cc1ccc2[nH]c3c(c2c1)CCO[C@]31CC[C@](c2ccccc2)(N(C)C)CC1.O=C(O)CC(O)(CC(=O)O)C(=O)O,8.57
OPRM1,CHEMBL3911529,COc1ccc2c3c1O[C@H]1[C@@]4(OC)CC[C@@]5(C[C@@H]4COCc4ccc(C(C)(C)C)cc4)[C@@H](C2)N(C)CC[C@]315,8.57
OPRM1,CHEMBL3914982,Cc1ccc2[nH]c3c(c2c1)CCOC31CCC(c2ccccc2)(N(C)C)CC1,8.57
OPRM1,CHEMBL3958404,CN(C)C1(c2ccccc2)CCC2(CC1)NC(CO)Cc1c2[nH]c2ccccc12,8.57
OPRM1,CHEMBL4636598,COc1cc(-c2cnc3c(c2)C[C@@]2(OCCCc4ccccc4)[C@H]4Cc5ccc(O)c6c5[C@@]2(CCN4CC2CC2)[C@H]3O6)ccn1,8.57
OPRM1,CHEMBL100116,CC(C)=CCN1CCC2(C)c3cc(O)ccc3CC1C2C,8.57
OPRM1,CHEMBL5986336,COc1ccnc(CNC(=O)CN2C[C@]3(CC[C@](c4ccccc4)(N(C)C)CC3)N(CC3CCC3)C2=O)n1,8.57
OPRM1,CHEMBL5979583,CN(C)[C@]1(c2ccccc2)CC[C@]2(CC1)CN(Cc1ccc(S(C)(=O)=O)cc1)C(=O)N2CC1CCC1,8.57
OPRM1,CHEMBL3262093,CO[C@]12C=C[C@@]3(C[C@@H]1[C@H](O)c1ccccc1)[C@H]1Cc4ccc(O)c5c4[C@@]3(CCN1CC1CC1)[C@H]2O5,8.56
OPRM1,CHEMBL3580748,Cc1cc(O)cc(C)c1C[C@H](N)C(=O)N[C@@H]1CCCCNC(=O)C[C@@H](C(N)=O)NC(=O)[C@H](Cc2ccc(F)cc2)NC(=O)[C@H](Cc2ccccc2)NC1=O,8.56
OPRM1,CHEMBL5426012,CC(C)[C@H]1CC[C@@H](N2CCC(n3c(CCN)cc4ccccc43)CC2)CC1,8.56
OPRM1,CHEMBL5747299,CN(Cc1ccccc1)C(=O)C1=C[C@@]23CC[C@]1(O)[C@@H]1Oc4c(O)ccc5c4[C@@]12CCN(CC1CC1)[C@@H]3C5,8.56
OPRM1,CHEMBL381750,O=C(/C=C/C=C/C(=O)Oc1ccc2c(c1)[C@@]13CCCCC1[C@@H](C2)N(CC1CCC1)CC3)Oc1ccc2c(c1)[C@@]13CCCCC1[C@@H](C2)N(CC1CCC1)CC3,8.55
OPRM1,CHEMBL435746,C[C@H]1CN2C[C@H](Cc3ccccc3)NC[C@H]2C[C@@]1(C)c1cccc(O)c1,8.55
OPRM1,CHEMBL3597076,CC(C)C[C@H](NC(=O)[C@H](CO[C@@H]1O[C@H](CO)[C@@H](O)[C@H](O)[C@H]1O)NC(=O)[C@H](CCCCN)NC(=O)[C@H](CC(C)C)NC(=O)[C@H](C)NC(=O)[C@H](CCCCN)NC(=O)[C@H](CCC(=O)O)NC(=O)C(C)(C)NC(=O)[C@H](CC(C)C)NC(=O)[C@H](CC(N)=O)NC(=O)CNC(=O)CNC(=O)[C@H](Cc1ccccc1)N(C)C(=O)CNC(=O)[C@@H](C)NC(=O)[C@@H](N)Cc1ccc(O)cc1)C(N)=O,8.55
OPRM1,CHEMBL4476510,CCCCN1CCC2(CCC(c3cccs3)(N(C)C)CC2)C1,8.55
OPRM1,CHEMBL5194625,Cc1ccc([C@@H]2NC(=O)[C@H](NC(=O)[C@@H](N)Cc3c(C)cc(O)cc3C)CCCCNC(=O)C[C@@H](C(N)=O)NC(=O)[C@H](c3ccccc3)NC2=O)cc1,8.55
OPRM1,CHEMBL5287792,CN(C)CC1CN(C(=O)CCc2cccc(C(F)(F)F)c2)CCC1(O)c1cccc(O)c1,8.55
OPRM1,CHEMBL5428360,CN1C(=O)CNC(=O)[C@H](N[C@@H](Cc2ccc(O)cc2)C(=O)O)CCCC/C=C\C[C@@H](C(=O)N2CCC[C@H]2C(=O)N[C@@H](CCC(N)=O)C(=O)N[C@@H](CCCNC(=N)N)C(=O)N[C@@H](Cc2ccccc2)C(N)=O)NC(=O)[C@@H]1Cc1ccccc1,8.55
OPRM1,CHEMBL5559314,Cc1cc(O)cc(C)c1C[C@H](N)C(=O)N[C@H](CCCNC(=N)N)C(=O)N[C@H]1Cc2c(ccc3ccccc23)CN(CC(=O)N[C@@H](CCCN2CCC(Cc3ccccc3)CC2)C(=O)N[C@H](C(N)=O)C(C)C)C1=O,8.55
OPRM1,CHEMBL5872852,CCC1(c2cc(NS(=O)(=O)C3CC3)ccc2F)[C@@H]2CN(CC3(OC)Cc4ccccc4C3)C[C@@H]21,8.55
OPRM1,CHEMBL5853307,COc1ccc(CN2C[C@]3(CC[C@](c4ccccc4)(N(C)C)CC3)N(CC3CC(F)(F)C3)C2=O)cc1,8.55
OPRM1,CHEMBL255354,C[C@@H](NC(=O)[C@@H](Cc1ccccc1)CN1CC[C@@](C)(c2cccc(O)c2)[C@@H](C)C1)C(=O)O,8.54
OPRM1,CHEMBL510939,CCCCCC[C@@H](N)C(=O)N[C@@H](Cc1ccc(O)cc1)C(=O)N1CCC[C@H]1C(=O)N[C@@H](Cc1c[nH]c2ccccc12)C(=O)N[C@@H](Cc1ccccc1)C(N)=O,8.54
OPRM1,CHEMBL575031,CC(CCCCC(C)C(=O)Oc1ccc2c(c1)[C@@]13CCCC[C@H]1[C@@H](C2)N(CC1CCC1)CC3)C(=O)Oc1ccc2c(c1)[C@@]13CCCC[C@H]1[C@@H](C2)N(CC1CCC1)CC3,8.54
OPRM1,CHEMBL1076737,Cc1cc(O)cc(C)c1C[C@H](N)C(=O)N[C@H]1Cc2ccccc2CN(CC(=O)NCCNC(=O)CN2Cc3ccccc3C[C@H](NC(=O)[C@@H](N)Cc3c(C)cc(O)cc3C)C2=O)C1=O,8.54
OPRM1,CHEMBL4128853,CC1(C)SSC(C)(C)[C@H](NC(=O)[C@@H](N)Cc2ccc(O)cc2)C(=O)NCC(=O)N[C@@H](Cc2ccccc2)C(=O)N2CCN(CC2)C(=O)[C@H](Cc2ccccc2)NC(=O)CNC(=O)[C@H]1NC(=O)[C@@H](N)Cc1ccc(O)cc1,8.54
OPRM1,CHEMBL4743953,CO[C@@]12CC[C@H](NCCCC(=O)O)[C@@H]3Oc4c(O)ccc5c4[C@@]31CCN(C)[C@@H]2C5,8.54
OPRM1,CHEMBL4748047,CO[C@@]12CC[C@H](N[C@H](C(=O)O)C3CCCCC3)[C@@H]3Oc4c(O)ccc5c4[C@@]31CCN(C)[C@@H]2C5,8.54
OPRM1,CHEMBL5079432,Cc1cc(O)cc(C)c1C[C@H](N)C(=O)NCC(=O)NCC(=O)N[C@@H](Cc1ccccc1)C(=O)N[C@H](C(=O)NCC(=O)N[C@@H](C)C(=O)N[C@@H](CCCNC(=N)N)C(=O)N[C@@H](CCCCN)C(=O)N[C@@H](CO)C(=O)N[C@@H](C)C(=O)N[C@@H](CCCNC(=N)N)C(=O)N[C@@H](CCCCN)C(N)=O)c1ccccc1,8.54
OPRM1,CHEMBL5914955,CCC1(c2cccc(NS(=O)(=O)C3CC3)c2)[C@@H]2CN(CCCN3CCC(F)(F)C3)C[C@@H]21,8.54
OPRM1,CHEMBL2113300,COc1ccc2c3c1O[C@H]1[C@]4(OC)CC[C@@]5(C[C@@H]4CNC(=O)/C=C/c4ccccc4[N+](=O)[O-])[C@@H](C2)N(C)CC[C@]315,8.53
OPRM1,CHEMBL3955920,COc1ccc2c3c1O[C@H]1[C@@]4(OC)CC[C@@]5(C[C@@H]4COc4ccccc4)[C@@H](C2)N(C)CC[C@]315,8.53
OPRM1,CHEMBL5189745,Cc1cccc([C@@H]2NC(=O)[C@H](NC(=O)[C@@H](N)Cc3c(C)cc(O)cc3C)CCCCNC(=O)C[C@@H](C(N)=O)NC(=O)[C@H](c3ccccc3)NC2=O)c1,8.53
OPRM1,CHEMBL67735,O=C(NCCF)c1ccc(C(=C2CC3CCC(C2)N3CCc2ccccc2)c2ccccc2)cc1,8.52
OPRM1,CHEMBL127828,CN1c2ccccc2C(c2ccccc2F)=NCC1CCNC(=O)c1ccsc1,8.52
OPRM1,CHEMBL77196,Cc1cc(O)cc(C)c1C[C@H](N)C(=O)N1Cc2ccccc2C[C@H]1C,8.52
OPRM1,CHEMBL500704,CCCCCC[C@H](N)C(=O)N[C@@H](Cc1ccc(O)cc1)C(=O)N1CCC[C@H]1C(=O)N[C@@H](Cc1c[nH]c2ccccc12)C(=O)N[C@@H](Cc1ccccc1)C(N)=O,8.52
OPRM1,CHEMBL1672182,Cl.Oc1cccc([C@@]23CCC[C@@H](C2)N(C[C@H]2C[C@@H]2c2ccccc2)CC3)c1,8.52
OPRM1,CHEMBL1766024,CNc1nc2cc3c(cc2s1)C[C@@H]1[C@@H]2CCCC[C@]32CCN1CC1CC1,8.52
OPRM1,CHEMBL2179651,Oc1ccc2c3c1O[C@H]1c4ncc(-c5ccc(Cl)cc5)cc4C[C@@]4(OC/C=C/c5ccccc5)[C@@H](C2)N(CC2CC2)CC[C@]314,8.52
OPRM1,CHEMBL2313631,CCOC(=O)N(c1ccccc1)C1CCN(CCn2c(=O)n(C3CC3)c3ccccc32)CC1,8.52
OPRM1,CHEMBL3309510,CN1CC[C@]23c4c5ccc(O)c4O[C@H]2C2=C(C[C@H](CCO)C(=O)N2Cc2ccccc2)C[C@@]3(O)[C@H]1C5,8.52
OPRM1,CHEMBL3325751,CN(C)[C@]1(c2ccccc2)CC[C@@H](NCc2ccccc2)CC1.Cl.Cl,8.52
OPRM1,CHEMBL3900292,Cc1ccc(C2(N(C)C)CCC(O)(c3ccccc3)CC2)cc1,8.52
OPRM1,CHEMBL4516327,CC1(C)OC2(CCN(CCc3ccccc3)CC2)CN(c2ccccc2)C1=O,8.52
OPRM1,CHEMBL4783674,CC(=O)O[C@@H]1C[C@H](NC(=O)c2ccccc2)C(=O)[C@H]2[C@@]1(C)CC[C@H]1C(=O)O[C@H](c3ccoc3)C[C@]21C,8.52
OPRM1,CHEMBL5437840,CN(C)C(CNC(=O)c1cc2ccccc2s1)c1ccccc1Cl,8.52
OPRM1,CHEMBL5591953,Cl.O=C(c1cc[nH]c1)N(c1ccccc1)C1CCN(CCc2ccccc2)CC1,8.52
OPRM1,CHEMBL6029373,COC1(c2cccc(C(N)=O)c2)C2CCCC1CN(CC1CCS(=O)(=O)CC1)C2,8.52
OPRM1,CHEMBL5847339,COC1(c2ccnc(C(N)=O)c2)C2CCCC1CN(C1CCC(F)(F)CC1)C2,8.52
OPRM1,CHEMBL5786577,COC1(c2cccc(C(N)=O)c2)C2CCCC1CN(C1CC3CCC(C1)O3)C2,8.52
OPRM1,CHEMBL5898215,COC1(c2cccc(C(N)=O)c2)C2CCCC1CN([C@H](C)c1cnc[nH]1)C2,8.52
OPRM1,CHEMBL6012308,COC1(c2ccnc(C(N)=O)c2)C2CCCC1CN(CC1CC1)C2,8.52
OPRM1,CHEMBL5744591,CN1CC2CCCC(C1)C2(OCC(F)(F)F)c1cccc(C(N)=O)c1,8.52
OPRM1,CHEMBL5792632,COC1(c2cccc(C(N)=O)c2F)C2CCCC1CN(C)C2,8.52
OPRM1,CHEMBL5932197,COC1(c2cc(C(N)=O)ccn2)C2CCCC1CN(C)C2,8.52
OPRM1,CHEMBL6062172,COC1(c2cccc(C(N)=O)c2)C2CCCC1CN(C1CCOCC1)C2,8.52
OPRM1,CHEMBL5839476,COC1(c2cccc(C(N)=O)c2)C2CCCC1CN(C1COC1)C2,8.52
OPRM1,CHEMBL5845330,COC1(c2ccnc(C(N)=O)c2F)C2CCCC1CN(C)C2,8.52
OPRM1,CHEMBL5761809,COC1(c2cc(C(N)=O)cs2)C2CCCC1CN(CC1CC1)C2,8.52
OPRM1,CHEMBL5919735,COC1(c2ccnc(C(N)=O)c2)C2CCCC1CN([C@@H]1CCCOC1)C2,8.52
OPRM1,CHEMBL5858933,COC[C@H](C)N1CC2CCCC(C1)C2(OC)c1ccnc(C(N)=O)c1,8.52
OPRM1,CHEMBL6004067,CCN1CC2CCCC(C1)C2(OC)c1ccnc(C(N)=O)c1,8.52
OPRM1,CHEMBL5832983,COC1(c2ccnc(C(N)=O)c2)C2CCCC1CN(Cc1ccccn1)C2,8.52
OPRM1,CHEMBL5817398,COC1(c2ccnc(C(N)=O)c2)C2CCCC1CN(Cc1cccnc1)C2,8.52
OPRM1,CHEMBL5853902,COC1(c2ccnc(C(N)=O)c2)C2CCCC1CNC2,8.52
OPRM1,CHEMBL5828206,COC1(c2ccnc(C(N)=O)c2)C2CCCC1CN(CC1(O)CC1)C2,8.52
OPRM1,CHEMBL5758348,COC1(c2ccnc(C(N)=O)c2)C2CCCC1CN(C1CCOC1)C2,8.52
OPRM1,CHEMBL5831337,COC1(c2ccnc(C(N)=O)c2)C2CCCC1CN(C(C)C)C2,8.52
OPRM1,CHEMBL6036020,COC1(c2ccnc(C(N)=O)c2)C2CCCC1CN([C@@H]1CCOC1)C2,8.52
OPRM1,CHEMBL6043034,COC1(c2ccnc(C(N)=O)c2)C2CCCC1CN([C@H]1CCOC1)C2,8.52
OPRM1,CHEMBL6046332,COC1(c2ccnc(C(N)=O)c2)C2CCCC1CN(C1CC(F)(F)C1)C2,8.52
OPRM1,CHEMBL5895082,COCCN1CC2CCCC(C1)C2(OC)c1ccnc(C(N)=O)c1,8.52
OPRM1,CHEMBL5833536,COC1(c2ccnc(C(N)=O)c2)C2CCCC1CN(CCN1CCNC1=O)C2,8.52
OPRM1,CHEMBL5795182,COC1(c2ccnc(C(N)=O)c2)C2CCCC1CN(CCC1CC1)C2,8.52
OPRM1,CHEMBL5879356,COC1(c2ccnc(C(N)=O)c2)C2CCCC1CN(CCN1CCCS1(=O)=O)C2,8.52
OPRM1,CHEMBL5797107,COC1(c2ccnc(C(N)=O)c2)C2CCCC1CN(C1CCC1)C2,8.52
OPRM1,CHEMBL5750778,CCCN1CC2CCCC(C1)C2(OC)c1ccnc(C(N)=O)c1,8.52
OPRM1,CHEMBL5859988,COC1(c2ccnc(C(N)=O)c2)C2CCCC1CN([C@@H]1C[C@H]3C[C@H]3C1)C2,8.52
OPRM1,CHEMBL5888287,COC1(c2ccc(C(N)=O)s2)C2CCCC1CN(CCN1CCNC1=O)C2,8.52
OPRM1,CHEMBL5829007,COC1(c2ccnc(C(N)=O)c2)C2CCCC1CN(Cc1ncc[nH]1)C2,8.52
OPRM1,CHEMBL5848569,COC1(c2ccc(C(N)=O)s2)C2CCCC1CN(C1CCCCC1)C2,8.52
OPRM1,CHEMBL6040804,COC1(c2ccnc(C(N)=O)c2)C2CCCC1CN(C13CC(C1)C3)C2,8.52
OPRM1,CHEMBL5806490,COC1(c2ccnc(C(N)=O)c2)C2CCCC1CN(C(C)(C)C)C2,8.52
OPRM1,CHEMBL5893918,COC1(c2ccnc(C(N)=O)c2)C2CCCC1CN(Cc1cnn[nH]1)C2,8.52
OPRM1,CHEMBL6056517,COC1(c2ccc(C(N)=O)s2)C2CCCC1CN(C13CC(C1)C3)C2,8.52
OPRM1,CHEMBL5978534,COC1(c2ccnc(C(N)=O)c2)C2CCCC1CN(Cc1cnco1)C2,8.52
OPRM1,CHEMBL5851535,COC1(c2ccnc(C(N)=O)c2)C2CCCC1CN([C@H]1CC[C@@H]1c1ccccc1)C2,8.52
OPRM1,CHEMBL5985514,CCCC(C)N1CC2CCCC(C1)C2(OC)c1ccnc(C(N)=O)c1,8.52
OPRM1,CHEMBL6028351,COC1(c2ccnc(C(N)=O)c2)C2CCCC1CN(Cc1cncn1C)C2,8.52
OPRM1,CHEMBL5864169,COC1(c2cccc(C(N)=O)c2)C2CCCC1CN(CC1CCOCC1)C2,8.52
OPRM1,CHEMBL5807739,COC1(c2ccnc(C(N)=O)c2)C2CCCC1CN(Cc1cn(C)cn1)C2,8.52
OPRM1,CHEMBL5863104,COC1(c2ccnc(C(N)=O)c2)C2CCCC1CN(CC1CCOCC1)C2,8.52
OPRM1,CHEMBL5835759,COC1(c2ccnc(C(N)=O)c2)C2CCCC1CN(C1CC(C)C1)C2,8.52
OPRM1,CHEMBL5839036,COC1(c2ccnc(C(N)=O)c2)C2CCCC1CN([C@H]1CCCOC1)C2,8.52
OPRM1,CHEMBL5868382,COC1(c2ccnc(C(N)=O)c2)C2CCCC1CN(C[C@@H]1CCCO1)C2,8.52
OPRM1,CHEMBL5800015,CCC[C@@H](C)N1CC2CCCC(C1)C2(OC)c1ccnc(C(N)=O)c1,8.52
OPRM1,CHEMBL5773958,COC1(c2ccnc(C(N)=O)c2)C2CCCC1CN([C@H]1CC[C@@H]1C)C2,8.52
OPRM1,CHEMBL5900465,COC1(c2cccc(C(N)=O)c2)C2CCCC1CN(CCS(C)(=O)=O)C2,8.52
OPRM1,CHEMBL5874597,COC1(c2ccnc(C(N)=O)c2)C2CCCC1CN(C1CCC3(CC1)COC3)C2,8.52
OPRM1,CHEMBL5999536,CCOC1(c2cccc(C(N)=O)c2)C2CCCC1CNC2,8.52
OPRM1,CHEMBL5972737,COc1nc(C#N)ncc1N1C[C@]2(C[C@@](c3ccccc3)(N(C)C)C2)N(CC2CCC2)C1=O,8.52
OPRM1,CHEMBL5777672,CC(c1ccc(Cl)cc1F)N1CCC(n2c(=O)[nH]c3ccc(Cl)cc32)CC1,8.52
OPRM1,CHEMBL5876434,CC(c1ccc(Cl)cc1)N1CCC(n2c(=O)[nH]c3c(Cl)cccc32)CC1,8.52
OPRM1,CHEMBL6049305,CN[C@]1(c2ccccc2)CC[C@]2(CC1)CN(c1cnc(N3CCN(C)CC3)nc1)C(=O)N2CC1(O)CCC1,8.52
OPRM1,CHEMBL5956123,COc1ccsc1CNCC[C@@]1(c2ccc(F)cc2)CCO[C@]2(CCOC2)C1,8.52
OPRM1,CHEMBL5748049,COC1(c2ccc(C(N)=O)s2)C2CCCC1CC(N1CCNC1=O)C2,8.52
OPRM1,CHEMBL136196,C[C@H]1CN(CCCc2ccccc2)CC[C@@]1(C)c1cccc(C(N)=O)c1,8.51
OPRM1,CHEMBL214104,CC[C@@]12CCN(CC3CC3)C(C(=O)c3ccc(C(=O)NCCc4ccc(-c5ccccc5)cc4)cc31)[C@@H]2C,8.51
OPRM1,CHEMBL334898,C[C@H]1C2CCCC1(c1cccc(O)c1)CCN2CCc1ccccc1,8.51
OPRM1,CHEMBL259658,COC(=O)[C@@H]1C[C@H](NC(=O)c2ccccc2)C(=O)[C@H]2[C@@]1(C)CC[C@H]1C(=O)O[C@H](c3ccoc3)C[C@]21C,8.51
OPRM1,CHEMBL3287470,CN1CC[C@]23Cc4nc5ccccc5cc4C[C@]2(Cc2ccc(O)cc23)C1,8.51
OPRM1,CHEMBL3326230,CN(C)[C@]1(c2ccccc2)CC[C@]2(CC1)SCCc1c3ccccc3[nH]c12.O=C(O)CC(O)(CC(=O)O)C(=O)O,8.51
OPRM1,CHEMBL3409121,Oc1ccc2c(c1)[C@]1(CCCCCc3ccccc3)CCN(CCc3ccc(C(F)(F)F)cc3)C[C@@H]1O2,8.51
OPRM1,CHEMBL3980449,CN(C)C1(c2ccccc2)CCC2(CC1)SCCc1c2[nH]c2ccccc12,8.51
OPRM1,CHEMBL4761211,CO[C@@]12CC[C@H](N[C@@H](CCC(=O)O)C(=O)O)[C@@H]3Oc4c(O)ccc5c4[C@@]31CCN(C)[C@@H]2C5,8.51
OPRM1,CHEMBL5879857,CCC1(c2cccc(NS(=O)(=O)C3CC3)c2)[C@@H]2CN(CCCN3CCCC(F)(F)C3)C[C@@H]21,8.51
OPRM1,CHEMBL5830596,COc1ccc(CN2C[C@]3(CC[C@](c4ccccc4)(N(C)C)CC3)N(CCC(C)C)C2=O)cc1,8.51
OPRM1,CHEMBL5748551,Clc1ccc(CNCC[C@@]2(c3ccccn3)CCO[C@]3(CCOC3)C2)cc1Cl,8.51
OPRM1,CHEMBL3691862,CO[C@]12CC[C@@]3(C[C@@H]1CNC(=O)[C@@H](N)Cc1c[nH]cn1)[C@H]1Cc4ccc(O)c5c4[C@@]3(CCN1CC1CC1)[C@H]2O5,8.5
OPRM1,CHEMBL4074931,NC(=O)[C@@H]1CC(=O)NCCCC[C@@H](NC(=O)[C@@H](N)Cc2ccc(O)cc2)C(=O)N[C@@H](Cc2ccccc2)C(=O)N2CCCC[C@H]2C(=O)N1,8.5
OPRM1,CHEMBL4646678,Cc1nnc(-c2cnc3c(c2)C[C@@]2(OCCCc4ccccc4)[C@H]4Cc5ccc(O)c6c5[C@@]2(CCN4CC2CC2)[C@H]3O6)o1,8.5
OPRM1,CHEMBL6190635,NC(=O)c1ccc(Oc2ccc(CNCCc3ccccc3)cc2OCc2ccccc2)nc1,8.5
OPRM1,CHEMBL6192089,COc1cc(CNCCC2CCCCC2)ccc1Oc1ccc(C(N)=O)cn1,8.5
OPRM1,CHEMBL485832,N=C(N)Nc1ccc2[nH]c3c(c2c1)C[C@@]1(O)[C@H]2Cc4ccc(O)c5c4[C@@]1(CCN2CC1CC1)[C@H]3O5,8.49
OPRM1,CHEMBL136838,C[C@H]1CN(Cc2ccc(C(C)(C)C)cc2)CC[C@@]1(C)c1cccc(C(N)=O)c1,8.49
OPRM1,CHEMBL394573,NC(=O)Nc1ccc2c(c1)[C@@]13CCCC[C@H]1[C@@H](C2)N(CC1CCC1)CC3,8.49
OPRM1,CHEMBL1076576,OC(CCCCC(O)COc1ccc2c(c1)[C@@]13CCCC[C@H]1[C@@H](C2)N(CC1CCC1)CC3)COc1ccc2c(c1)[C@@]13CCCC[C@H]1[C@@H](C2)N(CC1CCC1)CC3,8.49
OPRM1,CHEMBL2048780,CN(Cc1ccc(O)cc1)c1ccc2c(c1)[C@@]13CCCC[C@H]1[C@@H](C2)N(CC1CCC1)CC3,8.49
OPRM1,CHEMBL3262361,CC[C@@](O)(c1ccccc1)[C@H]1C[C@@]23C=C[C@]1(OC)[C@@H]1Oc4c(O)ccc5c4[C@@]12CCN(CC1CC1)[C@@H]3C5,8.49
OPRM1,CHEMBL3582487,NC(=O)[C@@H]1CC(=O)NCCCC[C@@H](NC(=O)[C@@H](N)Cc2ccc(O)cc2)C(=O)N[C@@H](Cc2ccccc2)C(=O)N[C@@H](Cc2ccc(F)cc2)C(=O)N1,8.49
OPRM1,CHEMBL3597073,CC(C)C[C@H](NC(=O)[C@H](CO[C@@H]1O[C@H](CO)[C@@H](O)[C@H](O)[C@H]1O)NC(=O)[C@H](CCCCN)NC(=O)[C@H](CC(C)C)NC(=O)[C@H](C)NC(=O)[C@H](CCCCN)NC(=O)[C@H](CCC(=O)O)NC(=O)C(C)(C)NC(=O)[C@H](CC(C)C)NC(=O)[C@H](CC(N)=O)NC(=O)[C@@H]1CCCN1C(=O)CNC(=O)[C@H](Cc1ccccc1)N(C)C(=O)CNC(=O)[C@@H](C)NC(=O)[C@@H](N)Cc1ccc(O)cc1)C(N)=O,8.49
OPRM1,CHEMBL3758348,CN1CC[C@]23c4c5ccc(O)c4O[C@@]2(CO)C(=O)CC[C@@]3(O)[C@H]1C5,8.49
OPRM1,CHEMBL60542,CC(C)=CCN1CC[C@]2(C)c3cc(O)ccc3C[C@H]1[C@H]2C,8.49
OPRM1,CHEMBL5826871,CCC1(c2cc(F)cc(NS(=O)(=O)C3CC3)c2)[C@@H]2CN(CC3(O)Cc4ccccc4C3)C[C@@H]21,8.49
OPRM1,CHEMBL48241,O=C1c2ccc(O)cc2[C@@]23CCCC[C@H]2[C@@H]1N(CC1CCC1)CC3,8.48
OPRM1,CHEMBL435084,O=C(Oc1ccc2c(c1)[C@@]13CCCC[C@H]1[C@@H](C2)N(CC1CCC1)CC3)c1cccc(C(=O)Oc2ccc3c(c2)[C@@]24CCCC[C@H]2[C@@H](C3)N(CC2CCC2)CC4)c1,8.48
OPRM1,CHEMBL346885,O=C(CCCC(=O)Oc1ccc2c(c1)[C@@]13CCCC[C@H]1[C@@H](C2)N(CC1CCC1)CC3)Oc1ccc2c(c1)[C@@]13CCCC[C@H]1[C@@H](C2)N(CC1CCC1)CC3,8.48
OPRM1,CHEMBL26987,O=C1N(CCO)CN(c2ccccc2)C12CCN(C1CCc3cccc(Cl)c3C1)CC2,8.48
OPRM1,CHEMBL372598,O=C(CCC(=O)Nc1ccc2c(c1)[C@@]13CCCCC1[C@@H](C2)N(CC1CCC1)CC3)Nc1ccc2c(c1)[C@@]13CCCCC1[C@@H](C2)N(CC1CCC1)CC3,8.48
OPRM1,CHEMBL218520,C[C@H]1CN2C[C@H](c3ccccc3)N(C)C[C@H]2C[C@@]1(C)c1cccc(O)c1,8.48
OPRM1,CHEMBL260120,C[C@H](C(=O)N[C@@H](Cc1ccccc1)C(=O)N(C)CC(N)=O)N(C)C(=O)[C@@H](N)Cc1ccc(O)cc1,8.48
OPRM1,CHEMBL2409169,NC(=O)[C@H](CNC(=O)C[C@H](Cc1ccccc1)NC(=O)[C@@H]1CCCN1C(=O)[C@@H](N)Cc1ccc(O)cc1)Cc1ccccc1.O=C(O)C(F)(F)F,8.48
OPRM1,CHEMBL3758563,Cc1cc(O)cc(C)c1C[C@H](N)C(=O)N1Cc2ccccc2C[C@@H]1C(=O)NCC(=O)N1CCc2ccccc2C1,8.48
OPRM1,CHEMBL4106722,COc1ccc2c3c1O[C@H]1[C@@]4(O)CC[C@@]5(C[C@@H]4COCc4ccccc4)[C@@H](C2)N(CC2CC2)CC[C@]315,8.48
OPRM1,CHEMBL4634007,Oc1ccc2c3c1O[C@H]1c4ncc(-c5cn[nH]c5)cc4C[C@@]4(OCCCc5ccccc5)[C@@H](C2)N(CC2CC2)CC[C@]314,8.48
OPRM1,CHEMBL5933852,CN(C)[C@]1(c2ccccc2)CC[C@]2(CC1)CN(Cc1ccccn1)C(=O)N2CC1CCC1,8.48
OPRM1,CHEMBL113703,CCCCN1CC[C@]2(C)c3cc(O)ccc3CC1[C@@H]2C,8.47
OPRM1,CHEMBL284414,O=C1NCN(c2ccccc2)C12CCN(C1CCc3ccccc31)CC2,8.47
OPRM1,CHEMBL3217051,CCN[C@H]1C[C@H]2C[C@@](c3cccc(O)c3)(C1)[C@H](C)CN2CCCc1ccccc1.Cl.Cl,8.47
OPRM1,CHEMBL3360832,N=C(N)NCCC[C@H](N)C(=O)NCC1(Nc2ccccc2)CCN(Cc2ccccc2)CC1,8.47
OPRM1,CHEMBL4542825,CC(C)NC(=O)C1=C(O)[C@@H]2Oc3c(O)ccc4c3[C@@]23CCN(CC2CC2)[C@H](C4)[C@]3(O)C1,8.47
OPRM1,CHEMBL4473632,N[C@@H](Cc1ccc(O)cc1)C(=O)N[C@@H]1CSCc2ccccc2CSC[C@@H](NC(=O)[C@@H](N)Cc2ccc(O)cc2)C(=O)NCC(=O)N[C@@H](Cc2ccc(F)cc2)C(=O)N2CCN(CC2)C(=O)[C@H](Cc2ccc(F)cc2)NC(=O)CNC1=O.O=C(O)C(F)(F)F.O=C(O)C(F)(F)F,8.47
OPRM1,CHEMBL4649820,Cc1cccc(C)c1-c1cnc2c(c1)C[C@@]1(OCCCc3ccccc3)[C@H]3Cc4ccc(O)c5c4[C@@]1(CCN3CC1CC1)[C@H]2O5,8.47
OPRM1,CHEMBL164627,CCC(=O)N(c1ccccc1C)C1CCN(CCc2ccccc2)CC1,8.47
OPRM1,CHEMBL6067861,COC12CC[C@@]3(C[C@]1(C)CNCc1ccccc1)[C@H]1Cc4ccc(O)c5c4[C@@]3(CCN1CC1CC1)[C@H]2O5,8.47
OPRM1,CHEMBL6022451,COc1ccc(CN2C[C@]3(CC[C@](c4ccccc4)(N(C)C)CC3)N(CC3(C#N)CCC3)C2=O)cc1,8.47
OPRM1,CHEMBL5748577,COc1ccc(CN2C[C@]3(CC[C@](c4ccccc4)(N(C)C)CC3)N(CC3CCC3)C2=O)cc1,8.47
OPRM1,CHEMBL325347,O=C1CC[C@@]2(OCCCc3ccccc3)[C@H]3Cc4cccc(O)c4C2(CCN3CC2CC2)C1,8.46
OPRM1,CHEMBL362202,COC1[C@H](NC(=O)CC2OC(CO)C(O)C(O)C2O)C=C[C@H]2[C@H]3Cc4ccc(O)cc4[C@@]12CCN3C,8.46
OPRM1,CHEMBL209550,C[C@H]1C2Cc3ccc(C(=O)NCCc4ccccc4)cc3[C@@]1(C)CCN2CC1CC1,8.46
OPRM1,CHEMBL375633,C[C@H]1CN2CCN(Cc3cccc4ccccc34)C[C@H]2C[C@@]1(C)c1cccc(O)c1,8.46
OPRM1,CHEMBL512526,COc1ccc2c3c1O[C@H]1C(=O)CC[C@@]4(OC(=O)/C=C/c5ccc(Cl)cc5)[C@@H](C2)N(CC2CC2)CC[C@]314,8.46
OPRM1,CHEMBL1743605,Cc1cc(O)cc(C)c1C[C@@H](C(=O)N1Cc2ccccc2C[C@H]1C(=O)NCCC(=O)OC1=C2O[C@H]3[C@@H](O)C=C[C@H]4[C@H]5CC(C=C1)C2[C@]43CCN5C)N(C)C.O=C(O)C(F)(F)F.O=C(O)C(F)(F)F,8.46
OPRM1,CHEMBL1808384,C[C@]1(c2cccc(NS(C)(=O)=O)c2)[C@@H]2CN(CCCc3ccccc3)C[C@@H]21,8.46
OPRM1,CHEMBL2387191,CC(C1CCCCC1)N1CCC(N2C(=O)Cc3ccccc32)CC1,8.46
OPRM1,CHEMBL2397016,O=C(N[C@@]12CCC(=O)[C@@H]3Oc4c(O)ccc5c4[C@@]31CCN(CC1CC1)[C@@H]2C5)c1cc2ccccc2cn1,8.46
OPRM1,CHEMBL3086750,Cl.O=C(N[C@@]12CCC(=O)[C@@H]3Oc4c(O)ccc5c4[C@@]31CCN(CC1CC1)[C@@H]2C5)c1cc2ccccc2cn1,8.46
OPRM1,CHEMBL3667195,C=C1CC[C@@]2(O)[C@H]3Cc4ccc(C(=O)NCCc5ccc(-c6c[nH]c(=O)[nH]c6=O)cc5)c(O)c4[C@@]2(CCN3C)C1,8.46
OPRM1,CHEMBL4061334,Oc1ccc2c(c1)C13CCN(CC4CC4)C(C2)C12CCC1C3[C@@H](CN1Cc1ccccc1)C2,8.46
OPRM1,CHEMBL4517646,CN(C)C1(c2ccccc2)CCC2(CCN(CCC3(C#N)CCC3)C2)CC1,8.46
OPRM1,CHEMBL4643256,Cc1nocc1-c1cnc2c(c1)C[C@@]1(OCCCc3ccccc3)[C@H]3Cc4ccc(O)c5c4[C@@]1(CCN3CC1CC1)[C@H]2O5,8.46
OPRM1,CHEMBL5401204,O=C(N[C@@H]1CC[C@@]2(O)[C@H]3Cc4ccc(O)c5c4[C@@]2(CCN3CC2CC2)[C@H]1O5)c1cc[n+](Cc2ccccc2)cc1.[Br-],8.46
OPRM1,CHEMBL6067845,COc1ccc2c(c1)[C@]13CCN(CC4CC4)[C@H](C2)[C@]12CCC(NC(=O)Nc1ccc(Cl)cc1)(CO2)C3,8.46
OPRM1,CHEMBL6067863,COC12CC[C@@]3(C[C@]1(C)COCc1ccoc1)[C@@H]1Cc4ccc(O)c5c4[C@@]3(CCN1C)[C@H]2O5,8.46
OPRM1,CHEMBL5867207,CN(C)[C@]1(c2ccccc2)CC[C@]2(CC1)CN(Cc1ccc(C(F)(F)F)nc1)C(=O)N2CC1CCC1,8.46
OPRM1,CHEMBL610042,N/C(=N\CCc1ccc2[nH]c3c(c2c1)C[C@@]1(O)[C@H]2Cc4ccc(O)c5c4[C@@]1(CCN2CC1CC1)[C@H]3O5)NCc1ccccc1,8.45
OPRM1,CHEMBL3900482,COc1ccc2c3c1O[C@H]1[C@@]4(OC)CC[C@@]5(C[C@@H]4COCc4ccc(C(C)(C)C)cc4)[C@@H](C2)N(CC2CC2)CC[C@]315,8.45
OPRM1,CHEMBL4776879,CO[C@@]12CC[C@H](NCCC(=O)O)[C@@H]3Oc4c(O)ccc5c4[C@@]31CCN(C)[C@@H]2C5,8.45
OPRM1,CHEMBL4788604,CO[C@@]12CC[C@@H](N[C@@H](CO)C(=O)O)[C@@H]3Oc4c(O)ccc5c4[C@@]31CCN(C)[C@@H]2C5,8.45
OPRM1,CHEMBL5188658,CN(C(=O)/C=C/c1ccoc1)[C@@H]1CC=C2[C@H]3Cc4ccc(O)c5c4[C@@]2(CCN3CC2CC2)[C@H]1O5,8.45
OPRM1,CHEMBL5572773,Cl.O=C(c1ccccc1)N(c1ccccc1)C1CCN(CCc2ccccc2)CC1,8.45
OPRM1,CHEMBL2387194,CC1C(=O)N(C2CCN([C@H]3CC[C@@H](C(C)C)CC3)CC2)c2ccccc21,8.44
OPRM1,CHEMBL3319079,O=C1CNC(=O)[C@H](Cc2ccccc2)NC(=O)[C@@H](Cc2c[nH]c3ccccc23)NC(=O)CNC(=O)[C@H](Cc2ccc(O)cc2)N1,8.44
OPRM1,CHEMBL3759179,Cc1cc(O)cc(C)c1C[C@H](N)C(=O)N[C@@H]1CCCCNC(=O)C[C@@H](C(N)=O)NC(=O)[C@@H](Cc2ccc3ccccc3c2)NC(=O)[C@H](Cc2ccccc2)NC1=O,8.44
OPRM1,CHEMBL3691854,CO[C@]12CC[C@@]3(C[C@@H]1CNC(=O)[C@@H](N)Cc1ccccc1)[C@H]1Cc4ccc(O)c5c4[C@@]3(CCN1CC1CC1)[C@H]2O5,8.44
OPRM1,CHEMBL4453368,CCOc1ccc(Cc2ccccc2)cc1CNC(=O)[C@@H](N)Cc1c(C)cc(O)cc1C,8.44
OPRM1,CHEMBL6040884,CCC1(c2cccc(NS(=O)(=O)C3CC3)c2)[C@@H]2CN(CC3(OC)Cc4ccccc4C3)C[C@@H]21,8.44
OPRM1,CHEMBL114803,CN1CCC23c4c5ccc(O)c4OC2c2nc(O)ncc2CC3(O)C1C5,8.43
OPRM1,CHEMBL49143,Nc1ccc2c(c1)[C@@]13CCCC[C@H]1[C@@H](C2)N(CC1CCC1)CC3,8.43
OPRM1,CHEMBL242047,CCNC(=O)Oc1ccc2c(c1)C13CCCCC1C(C2)N(CC1CCC1)CC3,8.43
OPRM1,CHEMBL518950,CN1CCC[C@@H](c2nc3ccccc3n2C2CCN(C3(C)CCCCCCC3)CC2)C1,8.43
OPRM1,CHEMBL584792,C=CCN1CC[C@]23c4c5ccc(OC(=O)C(C)CCCCCCC(C)C(=O)Oc6ccc7c(c6)[C@@]68CCCC[C@H]6C(C7)N(CC6CCC6)CC8)c4O[C@H]2CCC[C@H]3C1C5,8.43
OPRM1,CHEMBL574397,O=C(C#Cc1ccc(Cl)cc1)N[C@@]12CCC(=O)[C@@H]3Oc4c(O)ccc5c4[C@@]31CCN(CC1CC1)[C@@H]2C5,8.43
OPRM1,CHEMBL1079562,CNC(=O)Cn1c(=O)n(C2CCN(Cc3ccccc3-c3ccccc3)CC2)c2ccccc21,8.43
OPRM1,CHEMBL4788719,CCC(=O)N(CCN1CCC(Cc2ccccc2)CC1)c1ccccc1,8.43
OPRM1,CHEMBL66741,CCNC(=O)c1ccc(C(=C2CC3CCC(C2)N3Cc2cccs2)c2cccc(OC)c2)cc1,8.42
OPRM1,CHEMBL2112473,CC(C)[C@@H](CN1CC[C@@](C)(c2cccc(O)c2)[C@@H](C)C1)NC[C@H]1Cc2ccc(O)cc2CN1,8.42
OPRM1,CHEMBL611139,COc1ccc2c3c1O[C@H]1C(=O)CC[C@@]4(NC(=O)/C=C/c5ccccc5Cl)[C@@H](C2)N(CC2CC2)CC[C@]314,8.42
OPRM1,CHEMBL401789,C[C@H]1CN(C[C@H](Cc2ccccc2)C(=O)N[C@@H](CC(=O)O)C(=O)O)CC[C@@]1(C)c1cccc(O)c1,8.42
OPRM1,CHEMBL257661,C[C@H]1[C@@H]2Cc3ccc(O)cc3[C@]1(C)CCN2C,8.42
OPRM1,CHEMBL513762,NC(=O)c1ccc2c3c1O[C@H]1[C@@H](O)CC[C@@]4(O)[C@@H](C2)N(CC2CCC2)CC[C@]314,8.42
OPRM1,CHEMBL585901,O/N=C\c1cc2c(cc1O)[C@@]13CCCC[C@H]1[C@@H](C2)N(CC1CCC1)CC3,8.42
OPRM1,CHEMBL3409113,Oc1ccc2c(c1)[C@]1(CCCCc3ccccc3)CCN(CCc3ccc(C(F)(F)F)cc3)C[C@@H]1O2,8.42
OPRM1,CHEMBL3597088,CC(C)C[C@H](NC(=O)[C@H](CO)NC(=O)CCCNC(=O)[C@H](CC(C)C)NC(=O)[C@H](Cc1ccccc1)NC(=O)CNC(=O)[C@@H](NC(=O)[C@@H](N)Cc1ccc(O)cc1)[C@@H](C)O)C(N)=O,8.42
OPRM1,CHEMBL4644731,Cn1cc(-c2cnc3c(c2)C[C@@]2(OCCCc4ccccc4)[C@H]4Cc5ccc(O)c6c5[C@@]2(CCN4CC2CC2)[C@H]3O6)cn1,8.42
OPRM1,CHEMBL4644964,Oc1ccc2c3c1O[C@H]1c4ncc(-c5ccccc5)cc4C[C@@]4(OCCCc5ccncc5)[C@@H](C2)N(CC2CC2)CC[C@]314,8.42
OPRM1,CHEMBL4755734,CN1CC[C@]23c4c5ccc(O)c4O[C@H]2[C@H](NCC(=O)O)CC[C@@]3(O)[C@H]1C5,8.42
OPRM1,CHEMBL5175717,O=C(Cc1ccccc1)N[C@H]1C[C@]23CCN(CC4CC4)[C@H](Cc4ccc(O)cc42)[C@]32CC[C@@H]1O2,8.42
OPRM1,CHEMBL5572063,N[C@@H](Cc1ccc(O)cc1)C(=O)N[C@@H]1CCCCNC(=O)C[C@H](C(=O)N2CCC[C@H]2C(=O)O)NC(=O)[C@H](Cc2ccccc2)NC(=O)CNC1=O,8.42
OPRM1,CHEMBL5829677,COc1ccc(CN2C[C@]3(CC[C@](c4ccccc4)(N(C)C)CC3)N(CC3CCCC3)C2=O)cc1,8.42
OPRM1,CHEMBL5930524,CN(C)[C@]1(c2ccccc2)CC[C@]2(CC1)CN(Cc1ccc(C#N)cc1)C(=O)N2CC1CCC1,8.42
OPRM1,CHEMBL263482,COc1ccc2c3c1O[C@H]1C(=O)CC[C@@]4(NC(=O)CCCc5ccc(Cl)cc5)[C@@H](C2)N(CC2CC2)CC[C@]314,8.41
OPRM1,CHEMBL375504,Oc1ccc2c(c1)[C@]13CCN(CC4CCC4)[C@H](C2)[C@@H]1Cc1c([nH]c2ccccc12)C3,8.41
OPRM1,CHEMBL499868,Cl.Nc1ccc(Oc2ccc3c(c2)[C@@]24CCCC[C@@]2(O)[C@@H](C3)N(CC2CCC2)CC4)cc1,8.41
OPRM1,CHEMBL560,CC(C)=CCN1CC[C@@]2(C)c3cc(O)ccc3C[C@@H]1[C@@H]2C,8.41
OPRM1,CHEMBL571561,O=C(Nc1ccccc1)Nc1ccc2c(c1)[C@@]13CCCC[C@H]1[C@@H](C2)N(CC1CC1)CC3,8.41
OPRM1,CHEMBL2158958,CCCCCCCCC(N)C(=O)N[C@@H](Cc1ccc(O)cc1)C(=O)N1CCC[C@H]1C(=O)N[C@@H](Cc1c[nH]c2ccccc12)C(=O)N[C@@H](Cc1ccccc1)C(=O)N[C@@H](Cc1ccccc1)C(=O)NCC(=O)N[C@@H](CC(C)C)C(=O)N[C@@H](CCSC)C(N)=O,8.41
OPRM1,CHEMBL3409122,Oc1ccc2c(c1)[C@]1(CCCCCc3ccccc3)CCN(CC3CC3)C[C@@H]1O2,8.41
OPRM1,CHEMBL94350,C[C@@H]1[C@@H]2Cc3ccc(O)cc3[C@@]1(C)CCN2CCc1ccccc1,8.41
OPRM1,CHEMBL5517990,Cc1cc(O)cc(C)c1C[C@H](N)C(=O)N[C@H](CCCCNC(=O)c1cccnc1)C(=O)N[C@H]1Cc2ccccc2CN(CCC(=O)N[C@@H](CCCN2CCC(Cc3ccccc3)CC2)C(=O)N[C@@H](Cc2ccccc2)C(N)=O)C1=O,8.41
OPRM1,CHEMBL1790710,CC(C)C[C@H](NC(=O)[C@H](Cc1ccccc1)NC(=O)CNC(=O)[C@H](NC(=O)[C@@H](N)Cc1ccc(O)cc1)[C@@H](C)O)C(=O)N[C@@H](CO)C(N)=O,8.4
OPRM1,CHEMBL325536,OC1(c2ccc(Cl)c(C(F)(F)F)c2)CCN(CCC(c2ccccc2)c2ccccc2)CC1,8.4
OPRM1,CHEMBL78156,O=C1NCN(c2cccc(F)c2)C12CCN(C1Cc3cccc4cccc1c34)CC2,8.4
OPRM1,CHEMBL355202,O=C1NCN(c2ccccc2)C12CCN([C@@H]1Cc3cccc4cccc1c34)CC2,8.4
OPRM1,CHEMBL398294,C[C@H]1C2Cc3ccc(C(=O)NCCc4ccccc4Br)cc3[C@@]1(C)CCN2CC1CC1,8.4
OPRM1,CHEMBL589587,Oc1ccc2c(c1)C1CCN(CC3CC3)CC1O2,8.4
OPRM1,CHEMBL1672184,Cl.Oc1cccc([C@@]23CCC[C@@H](C2)N(C[C@@H]2C[C@H]2c2ccccc2)CC3)c1,8.4
OPRM1,CHEMBL1766043,CCNc1nc2cc3c(cc2s1)C[C@@H]1[C@@H]2CCCC[C@]32CCN1CCCF,8.4
OPRM1,CHEMBL1196093,CC[C@@]12CCN(CC3CC3)C[C@@H]1Oc1ccc(O)cc12,8.4
OPRM1,CHEMBL2418734,Oc1cccc([C@]23CCN(CCc4ccccc4)[C@H](C2)[C@H]2CCCC[C@@H]2C3)c1,8.4
OPRM1,CHEMBL3262088,CC[C@](O)([C@H]1C[C@@]23CC[C@]1(OC)[C@@H]1Oc4c(O)ccc5c4[C@@]12CCN(CC1CC1)[C@@H]3C5)C(C)(C)C,8.4
OPRM1,CHEMBL4299479,CC(C)C[C@H](NC(=O)[C@@H]1CCCN1C(=O)[C@H](Cc1ccc(F)cc1)NC(=O)CNC(=O)[C@H](C)NC(=O)[C@@H](N)Cc1ccc(O)cc1)C(=O)N[C@@H](Cc1c[nH]c2ccccc12)C(=O)NCc1cc(C(F)(F)F)cc(C(F)(F)F)c1,8.4
OPRM1,CHEMBL4299483,Cc1cc(O)cc(C)c1C[C@H](N)C(=O)N[C@@H](C)C(=O)NCC(=O)N[C@@H](Cc1ccc(Cl)cc1)C(=O)N1CCC[C@H]1C(=O)N[C@@H](CC(C)C)C(=O)N[C@@H](Cc1c[nH]c2ccccc12)C(=O)NCc1cc(C(F)(F)F)cc(C(F)(F)F)c1,8.4
OPRM1,CHEMBL4299476,Cc1cc(O)cc(C)c1C[C@H](N)C(=O)N[C@@H](C)C(=O)NCC(=O)N[C@@H](Cc1ccc(Br)cc1)C(=O)N1CCC[C@H]1C(=O)N[C@@H](CC(C)C)C(=O)N[C@@H](Cc1c[nH]c2ccccc12)C(=O)NCc1cc(C(F)(F)F)cc(C(F)(F)F)c1,8.4
OPRM1,CHEMBL4452187,O=C(C1=C(O)[C@@H]2Oc3c(O)ccc4c3[C@@]23CCN(CC2CC2)[C@H](C4)[C@]3(O)C1)N1CCCC1,8.4
OPRM1,CHEMBL4584335,CC1OC2(CCN(CCc3ccccc3)CC2)CN(c2ccccc2F)C1=O,8.4
OPRM1,CHEMBL4536259,CC1OC2(CCN(CCc3ccccc3F)CC2)CN(c2ccccc2)C1=O,8.4
OPRM1,CHEMBL4544686,C=C(C(N)=O)C(NC(=O)[C@H](Cc1ccccc1)NC(=O)[C@@H](C)N(C)C(=O)[C@@H](N)Cc1ccc(O)cc1)c1ccccc1,8.4
OPRM1,CHEMBL4460776,CN(C)C1(C2CCCC2)CCC2(CCN(C(=O)CC3CC3)C2)CC1,8.4
OPRM1,CHEMBL4646687,Oc1ccc2c3c1O[C@H]1c4ncc(-c5ccccc5)cc4C[C@@]4(OCCCc5ccccn5)[C@@H](C2)N(CC2CC2)CC[C@]314,8.4
OPRM1,CHEMBL4747286,Cc1cc(O)cc(C)c1C[C@H](N)C(=O)N[C@H](CCCNC(=N)N)C(=O)N[C@H]1Cc2ccccc2CN(CCC(=O)N[C@@H](CCCCN)C(=O)N[C@@H](CCCCN)C(=O)N2CCC[C@H]2C(=O)N[C@@H](Cc2cccc(O)c2)C(=O)N[C@H](C(=O)N[C@@H](CC(C)C)C(=O)O)C(C)(C)C)C1=O,8.4
OPRM1,CHEMBL5089000,CCC(=O)N(CC1(N2CCN(Cc3ccccc3)CC2)CCSCC1)c1cccc(C(F)(F)F)n1,8.4
OPRM1,CHEMBL5505882,CCCC(=O)N(c1ccccc1C)C1CCN(CCc2ccccc2)CC1,8.4
OPRM1,CHEMBL5556337,Cc1cc(O)cc(C)c1C[C@H](N)C(=O)N[C@H](CCCNC(=N)N)C(=O)N[C@@H](Cc1ccccc1)C(=O)NCCC(=O)N[C@@H](CCCN1CCC(Cc2ccccc2)CC1)C(=O)N[C@@H](Cc1ccccc1)C(N)=O,8.4
OPRM1,CHEMBL5848399,CC(c1ccc(Br)cc1F)N1CCC(n2c(=O)[nH]c3c(Cl)cccc32)CC1,8.4
OPRM1,CHEMBL5804437,COc1ccc(CN2C[C@]3(CC[C@](c4ccccc4)(N(C)C)CC3)N(CC3CCCO3)C2=O)cc1,8.4
OPRM1,CHEMBL5963840,CN(C)[C@]1(c2ccccc2)CC[C@]2(CC1)CN(CCc1ccccc1)C(=O)N2CC1(O)CCC1,8.4
OPRM1,CHEMBL5960428,CN(C)[C@]1(c2ccccc2)CC[C@]2(CC1)CN(Cc1cn(CCO)nn1)C(=O)N2CC1CCC1,8.4
OPRM1,CHEMBL5884904,c1ccc([C@]2(CCN[C@H]3CCc4ccccc43)CCO[C@]3(CCOC3)C2)nc1,8.4
OPRM1,CHEMBL651,CCC(=O)C(CC(C)N(C)C)(c1ccccc1)c1ccccc1,8.39
OPRM1,CHEMBL3319091,CC(=O)N[C@H](Cc1c(C)[nH]c2c(Br)cccc12)C(=O)N[C@@H](Cc1ccccc1)C(=O)NCC(N)=O,8.39
OPRM1,CHEMBL3582485,NC(=O)[C@@H]1CC(=O)NCCCC[C@@H](NC(=O)[C@@H](N)Cc2ccc(O)cc2)C(=O)N[C@@H](Cc2ccc(F)cc2F)C(=O)N[C@@H](Cc2ccccc2)C(=O)N1,8.39
OPRM1,CHEMBL4469560,O=C1NCCC(=O)N2CCC[C@@H]2C(=O)N[C@@H](Cc2ccccc2)C(=O)N[C@H]1Cc1c[nH]c2ccccc12,8.39
OPRM1,CHEMBL4747671,CCCCCCCCCCCCCCCC(=O)NCCCN1C(=O)CC(SC[C@H](NC(=O)[C@H](CC(C)C)NC(=O)[C@H](Cc2ccccc2)NC(=O)CNC(=O)CNC(=O)[C@@H](N)Cc2ccc(O)cc2)C(N)=O)C1=O,8.39
OPRM1,CHEMBL4740360,CO[C@@]12CC[C@H](N[C@@H](CC(=O)O)C(=O)O)[C@@H]3Oc4c(O)ccc5c4[C@@]31CCN(C)[C@@H]2C5,8.39
OPRM1,CHEMBL4760958,CC[C@H](C)[C@H](NC(=O)[C@H](CCCNC(=N)N)NC(=O)[C@H](CC(C)C)NC(=O)[C@H](Cc1ccccc1)NC(=O)CNC(=O)CNC(=O)[C@@H](N)Cc1ccc(O)cc1)C(=O)N[C@@H](CCCNC(=N)N)C(=O)N1CCC[C@H]1C(=O)N[C@@H](CCCCN)C(=O)N[C@@H](CC(C)C)C(=O)N[C@@H](CCCCN)C(=O)O,8.39
OPRM1,CHEMBL5093937,Cc1ccsc1CNCC[C@@]1(c2ccc(F)cc2)CCOC2(CCOC2)C1,8.39
OPRM1,CHEMBL5270915,CN(C)CC1CN(C(=O)Cc2cccc(Cl)c2)CCC1(O)c1cccc(O)c1,8.39
OPRM1,CHEMBL5531948,O=C1CN2c3c(cccc3[C@@H]3CN(CCCCc4ccc(F)cc4)CC[C@@H]32)N1,8.39
OPRM1,CHEMBL5789332,CCOC1(CN2C[C@@H]3[C@H](C2)C3(CC)c2cccc(NS(=O)(=O)C3CC3)c2)Cc2ccccc2C1,8.39
OPRM1,CHEMBL5814322,CCC1(c2cccc(NS(=O)(=O)C3CC3)c2)[C@@H]2CN(CC3(O)Cc4cc(F)c(F)cc4C3)C[C@@H]21,8.39
OPRM1,CHEMBL6050043,Cc1ccsc1CNCC[C@@]1(c2ccc(F)cc2)CCO[C@]2(CCOC2)C1,8.39
OPRM1,CHEMBL5745275,Cc1cc(O)cc(C)c1C[C@@H](CNC(=O)NC(C)Cc1ccsc1)N(C)C,8.39
OPRM1,CHEMBL115917,C[C@H]1C2Cc3ccc(O)cc3[C@@]1(C)CCN2C,8.38
OPRM1,CHEMBL251161,C[C@H]1C2Cc3ccc(C(=O)NCCc4cccc5ccccc45)cc3[C@@]1(C)CCN2CC1CC1,8.38
OPRM1,CHEMBL511691,CC1C2C(=O)c3ccc(C(N)=O)cc3C1(C)CCN2CC1CC1,8.38
OPRM1,CHEMBL471543,COc1ccc2c3c1O[C@H]1C(=O)CC[C@@]4(OC(=O)/C=C/c5ccc(C)cc5)[C@@H](C2)N(CC2CC2)CC[C@]314,8.38
OPRM1,CHEMBL3262362,CC[C@](O)([C@H]1C[C@@]23C=C[C@]1(OC)[C@@H]1Oc4c(O)ccc5c4[C@@]12CCN(CC1CC1)[C@@H]3C5)C(C)(C)C,8.38
OPRM1,CHEMBL3409119,Oc1ccc2c(c1)[C@]1(CCCCCc3ccccc3)CCN(CCc3ccc(F)cc3)C[C@@H]1O2,8.38
OPRM1,CHEMBL4111224,CO[C@]12CC[C@@]3(C[C@@H]1COCc1ccccc1C)[C@H]1Cc4ccc(OCCO)c5c4[C@@]3(CCN1C)[C@H]2O5,8.38
OPRM1,CHEMBL4761165,Cc1cc(O)cc(C)c1C[C@H](N)C(=O)N[C@H](CCCCN)C(=O)N[C@@H](Cc1ccccc1)C(=O)N[C@@H](Cc1ccccc1)C(=O)N[C@@H](CCCCN)C(=O)N[C@@H](CCCCN)C(=O)N1CCC[C@H]1C(=O)N[C@@H](Cc1ccccc1)C(=O)N[C@H](C(=O)N[C@@H](CC(C)C)C(=O)O)C(C)(C)C,8.38
OPRM1,CHEMBL5282233,NC(=O)[C@@H]1CCC(=O)NCCC[C@H](NC(=O)[C@@H](N)Cc2ccc(O)cc2)C(=O)NC2(Cc3ccccc3C2)C(=O)N1,8.38
OPRM1,CHEMBL349167,CCC(=O)N(c1ccccc1Cl)C1CCN(CCc2ccccc2)CC1,8.38
OPRM1,CHEMBL5562440,Cc1cc(O)cc(C)c1C[C@H](N)C(=O)N[C@H](CCCNC(=N)N)C(=O)N[C@H]1Cc2ccccc2CN(CCC(=O)N[C@@H](CCCN2CCC(Cc3ccccc3)CC2)C(=O)N[C@@H](Cc2ccc(O)cc2)C(N)=O)C1=O,8.38
OPRM1,CHEMBL5874951,Fc1cc(Cl)cc(CNCC[C@@]2(c3ccccn3)CCO[C@]3(CCOC3)C2)c1,8.38
OPRM1,CHEMBL567175,Oc1ccc2c3c1O[C@H]1c4[nH]c5ccccc5c4C[C@@]4(O)[C@@H](C2)N(CC2CC2)CC[C@]314,8.37
OPRM1,CHEMBL218909,C[C@H]1CN2CCN(Cc3cccc(O)c3)C[C@H]2C[C@@]1(C)c1cccc(O)c1,8.37
OPRM1,CHEMBL235239,CO[C@]12CC(O)[C@@]3(C[C@@H]1[C@@H](C)O)[C@H]1Cc4ccc(O)c5c4[C@@]3(CCN1C)[C@H]2O5,8.37
OPRM1,CHEMBL413703,Cc1cc(O)cc(C)c1C[C@H](N)C(=O)NCCCCc1nc(C)c(C)[nH]c1=O,8.37
OPRM1,CHEMBL584994,CC(=O)N(CCC[C@@H](NC(=O)[C@@H](N)Cc1ccc(O)cc1)C(=O)N[C@@H](Cc1ccccc1)C(=O)NCC(=O)N[C@@H](Cc1ccc(O)cc1)C(=O)N1CCC[C@H]1C(=O)N[C@@H](CO)C(=O)O)C(C)=O,8.37
OPRM1,CHEMBL3216936,Cl.Cl.O=C(O)CN[C@@H]1CC[C@@]2(OCCCc3ccccc3)[C@H]3Cc4ccc(O)c5c4[C@@]2(CCN3CC2CC2)[C@H]1O5,8.37
OPRM1,CHEMBL3597151,CC(C)C[C@H](NC(=O)[C@H](CO[C@@H]1O[C@H](CO)[C@@H](O)[C@H](O)[C@H]1O)NC(=O)[C@H](CCCCN)NC(=O)[C@H](CC(C)C)NC(=O)[C@H](C)NC(=O)[C@H](CCCCN)NC(=O)[C@H](CCC(=O)O)NC(=O)C(C)(C)NC(=O)[C@H](CC(C)C)NC(=O)[C@H](CC(N)=O)NC(=O)CCCNC(=O)[C@H](CC(C)C)NC(=O)[C@H](Cc1ccccc1)NC(=O)CNC(=O)[C@@H](NC(=O)[C@@H](N)Cc1ccc(O)cc1)[C@@H](C)O)C(N)=O,8.37
OPRM1,CHEMBL3746198,CO[C@]12CC[C@@]3(C[C@@H]1C(=O)NCCCCCCNC(=O)CCCCCNC(=O)COc1ccc(/C=C/C4=[N+]5C(=Cc6ccc(-c7cccs7)n6[B-]5(F)F)C=C4)cc1)[C@H]1Cc4ccc(O)c5c4[C@@]3(CCN1C)[C@H]2O5,8.37
OPRM1,CHEMBL3678977,CO[C@]12CC[C@@]3(C[C@@H]1COCc1cccc(C)c1)[C@H]1Cc4ccc(O)c5c4[C@@]3(CC[N+]1(C)CC1CC1)[C@H]2O5,8.37
OPRM1,CHEMBL4243649,COc1cccc(C(=O)[C@@]2(C)C[C@@]34CC[C@]2(OC)[C@@H]2Oc5c(OC)ccc6c5[C@@]23CCN(CC2CC2)[C@@H]4C6)c1,8.37
OPRM1,CHEMBL5562417,Cc1cc(F)cc(C)c1OCCCN1CC[C@H]2[C@@H](C1)c1cccc3c1N2CC(=O)N3,8.37
OPRM1,CHEMBL5919417,COc1cccc(CN2C[C@]3(CC[C@](c4ccccc4)(N(C)C)CC3)N(CC3CCC3)C2=O)c1,8.37
OPRM1,CHEMBL2397015,O=C(N[C@@]12CCC(=O)[C@@H]3Oc4c(O)ccc5c4[C@@]31CCN(CC1CC1)[C@@H]2C5)c1ccccc1,8.36
OPRM1,CHEMBL3086749,Cl.O=C(N[C@@]12CCC(=O)[C@@H]3Oc4c(O)ccc5c4[C@@]31CCN(CC1CC1)[C@@H]2C5)c1ccccc1,8.36
OPRM1,CHEMBL3946351,COc1ccc2c3c1O[C@H]1[C@@]4(OC)CC[C@@]5(C[C@@H]4COCc4ccc(OC(F)(F)F)cc4)[C@@H](C2)N(C)CC[C@]315,8.36
OPRM1,CHEMBL3946804,CCCCCCN1CCC(C(=O)N(C)CC)(c2cccc(O)c2)CC1,8.36
OPRM1,CHEMBL4107906,CO[C@]12CC[C@@]3(C[C@@H]1COCc1ccccc1)[C@H]1Cc4ccc(F)c5c4[C@@]3(CCN1C)[C@H]2O5,8.36
OPRM1,CHEMBL4475274,COc1cc(C[C@H](N)C(=O)N2CCC[C@H]2C(=O)N[C@@H](Cc2ccccc2)C(=O)N[C@@H](Cc2ccccc2)C(N)=O)cc(OC)c1O,8.36
OPRM1,CHEMBL4457592,CCC(=O)N(c1ccccc1)C1(C(=O)OC)CC[N+]([O-])(CCc2ccccc2)CC1,8.36
OPRM1,CHEMBL4754111,CO[C@@]12CC[C@@H](NCC(=O)NCC(=O)O)[C@@H]3Oc4c(O)ccc5c4[C@@]31CCN(C)[C@@H]2C5,8.36
OPRM1,CHEMBL6061794,CN(C)[C@]1(c2ccccc2)CC[C@]2(CC1)CN(c1cnc(C(N)=O)nc1)C(=O)N2CC1(O)CCC1,8.36
OPRM1,CHEMBL5997231,COc1ccccc1CNC(=O)CN1C[C@]2(CC[C@](c3ccccc3)(N(C)C)CC2)N(CC2CCC2)C1=O,8.36
OPRM1,CHEMBL5946490,CN(C)[C@]1(c2ccccc2)CC[C@@]2(CC1)CN(CC(=O)N1CCS(=O)(=O)CC1)C(=O)N2CC1CC1,8.36
OPRM1,CHEMBL464250,C=CCN1CC[C@]23c4c5ccc(C(N)=O)c4O[C@H]2C(=O)CC[C@@]3(O)[C@H]1C5,8.35
OPRM1,CHEMBL3678976,CO[C@]12CC[C@@]3(C[C@@H]1COCc1ccccc1F)[C@H]1Cc4ccc(O)c5c4[C@@]3(CC[N+]1(C)CC1CC1)[C@H]2O5,8.35
OPRM1,CHEMBL4552146,CCCCN1CCC2(CCC(Cc3ccccc3)(N(C)C)CC2)C1,8.35
OPRM1,CHEMBL4741203,CO[C@@]12CC[C@H](N[C@@H](C(=O)O)C(C)C)[C@@H]3Oc4c(O)ccc5c4[C@@]31CCN(C)[C@@H]2C5,8.35
OPRM1,CHEMBL423089,CCC(=O)N(c1c(C)cccc1C)C1CCN(CCc2ccccc2)CC1,8.35
OPRM1,CHEMBL5537038,Cc1cc(O)cc(C)c1C[C@H](N)C(=O)N(C)[C@H](C)C(=O)N[C@H]1Cc2c(ccc3ccccc23)CN(CCC(=O)N[C@@H](CCCN2CCC(Cc3ccccc3)CC2)C(=O)N[C@@H](Cc2ccccc2)C(N)=O)C1=O,8.35
OPRM1,CHEMBL5857655,C=CC1(c2cccc(NS(=O)(=O)C3CC3)c2)[C@@H]2CN(CC3(O)Cc4ccccc4C3)C[C@@H]21,8.35
OPRM1,CHEMBL6058701,COc1ccncc1CNC(=O)CN1C[C@]2(CC[C@](c3ccccc3)(N(C)C)CC2)N(CC2CCC2)C1=O,8.35
OPRM1,CHEMBL5928165,c1ccc([C@]2(CCNCc3cccc4c3CCC4)CCO[C@]3(CCOC3)C2)nc1,8.35
OPRM1,CHEMBL110124,COc1ccc2c(c1O)[C@]13CCN(C)C(C2)[C@]12CCC(=O)[C@H]3/C(=C(\C)c1ccccc1)C2,8.34
OPRM1,CHEMBL577747,C[C@@H](NC(=O)[C@H](Cc1c[nH]c2ccccc12)NC(=O)[C@@H]1CCCN1C(=O)[C@@H](N)Cc1ccc(O)cc1)C(=O)NCc1ccccc1,8.34
OPRM1,CHEMBL1951702,Oc1cccc([C@@]23CCC[C@@H](C2)N(CCc2ccccc2)C[C@H]3O)c1,8.34
OPRM1,CHEMBL3785265,O=C1C[C@]23CCN(CC4CC4)[C@H](Cc4ccc(O)cc42)[C@]3(O)C/C1=C/c1ccccc1,8.34
OPRM1,CHEMBL4113472,CC1C2Cc3ccc(O)cc3[C@]1(C)CCN2CC(C)(C)O,8.34
OPRM1,CHEMBL4474914,C[C@@H](Cc1ccsc1)NC(=O)NC[C@H](Cc1ccccc1)N(C)C,8.34
OPRM1,CHEMBL5787047,CN[C@]1(c2ccccc2)CC[C@]2(CC1)CN(Cc1cccnc1)C(=O)N2CC1CCC1,8.34
OPRM1,CHEMBL5860692,Fc1ccc([C@]2(CCN[C@@H]3CCc4ccccc43)CCO[C@]3(CCOC3)C2)nc1,8.34
OPRM1,CHEMBL431060,COc1ccc(CNC(=O)c2ccc3[nH]c4c(c3c2)C[C@@]2(O)C3Cc5ccc(O)c6c5[C@@]2(CCN3CC2CC2)[C@H]4O6)cc1,8.33
OPRM1,CHEMBL91760,C[C@@H](NC(=O)[C@@H](N)Cc1ccc(O)cc1)C(=O)NCC(=O)N[C@@H](Cc1ccccc1)C(=O)NN,8.33
OPRM1,CHEMBL149074,O=C(Oc1ccc2c(c1)[C@@]13CCCC[C@H]1[C@@H](C2)N(CC1CCC1)CC3)c1ccc(C(=O)Oc2ccc3c(c2)[C@@]24CCCC[C@H]2[C@@H](C3)N(CC2CCC2)CC4)cc1,8.33
OPRM1,CHEMBL312792,CC(=O)OC[C@@H]1Cc2ccccc2CN1C(=O)[C@@H](N)Cc1c(C)cc(O)cc1C,8.33
OPRM1,CHEMBL412996,C[C@H]1CN2C[C@H](c3ccccc3)N(Cc3ccccc3)C[C@H]2C[C@@]1(C)c1cccc(O)c1,8.33
OPRM1,CHEMBL256010,C[C@H]1CN(C[C@H](Cc2ccccc2)C(=O)N[C@@H](CCc2ccccc2)C(=O)O)CC[C@@]1(C)c1cccc(O)c1,8.33
OPRM1,CHEMBL1766025,CCNc1nc2cc3c(cc2s1)C[C@@H]1[C@@H]2CCCC[C@]32CCN1CC1CC1,8.33
OPRM1,CHEMBL2179654,CN1CC[C@]23c4c5ccc(O)c4O[C@H]2c2ncc(-c4ccc(Cl)cc4)cc2C[C@@]3(OCc2ccccc2)[C@H]1C5,8.33
OPRM1,CHEMBL3765406,NC(=O)[C@H]1CC(F)(F)CN1C(=O)[C@H](Cc1ccccc1)NC(=O)[C@@H]1CC(F)(F)CN1C(=O)[C@@H](N)Cc1ccc(O)cc1,8.33
OPRM1,CHEMBL4107918,COc1ccc2c3c1O[C@H]1[C@@]4(OC)CC[C@@]5(C[C@@H]4CSCc4ccccc4)[C@@H](C2)N(CC2CC2)CC[C@]315,8.33
OPRM1,CHEMBL4097865,CCc1ccc(C(=O)NCC2NCCc3ccccc32)cc1,8.33
OPRM1,CHEMBL4577032,CO[C@H](CN1CC[C@@]2(C)c3cc(O)ccc3C[C@@H]1[C@@H]2C)c1ccccc1,8.33
OPRM1,CHEMBL4782368,CC(=O)O[C@@H]1C=C(OC(=O)c2cccc(F)c2)C(=O)[C@H]2[C@@]1(C)CC[C@H]1C(=O)O[C@H](c3ccoc3)C[C@]21C,8.33
OPRM1,CHEMBL67894,CCNC(=O)c1ccc(C(=C2CC3CCC(C2)N3CCCc2ccccc2)c2ccccc2)cc1,8.32
OPRM1,CHEMBL107655,CCCCNC(=O)NCCc1ccc2[nH]c3c(c2c1)C[C@@]1(O)C2Cc4ccc(O)c5c4[C@@]1(CCN2CC1CC1)[C@H]3O5,8.32
OPRM1,CHEMBL1169582,CO[C@@H](C)[C@@H]1CC23C=C[C@]1(OC)[C@H]1Oc4c(O)ccc5c4C12CCN(C)C3C5,8.32
OPRM1,CHEMBL241823,CCNC(=O)Oc1ccc2c(c1)C13CCCCC1C(C2)N(C)CC3,8.32
OPRM1,CHEMBL1076577,OC(CCCCCC(O)COc1ccc2c(c1)[C@@]13CCCC[C@H]1[C@@H](C2)N(CC1CCC1)CC3)COc1ccc2c(c1)[C@@]13CCCC[C@H]1[C@@H](C2)N(CC1CCC1)CC3,8.32
OPRM1,CHEMBL1254685,C[C@H]1CN(CCC(=O)Nc2ccccc2)[C@@H]2Cc3ccc(O)cc3[C@]1(C)C2,8.32
OPRM1,CHEMBL2163914,C=C(C(N)=O)[C@@H](NC(=O)[C@H](Cc1c[nH]c2ccccc12)NC(=O)[C@@H]1CCCN1C(=O)[C@@H](N)Cc1ccc(O)cc1)c1ccc(OC)cc1,8.32
OPRM1,CHEMBL3597071,CC(C)C[C@H](NC(=O)[C@H](CO[C@@H]1O[C@H](CO)[C@@H](O)[C@H](O)[C@H]1O)NC(=O)[C@H](CCCCN)NC(=O)[C@H](CC(C)C)NC(=O)[C@H](C)NC(=O)[C@H](CCCCN)NC(=O)[C@H](CCC(=O)O)NC(=O)C(C)(C)NC(=O)[C@H](CC(C)C)NC(=O)[C@H](CC(N)=O)NC(=O)CCNC(=O)[C@H](Cc1ccccc1)N(C)C(=O)CNC(=O)[C@@H](C)NC(=O)[C@@H](N)Cc1ccc(O)cc1)C(N)=O,8.32
OPRM1,CHEMBL4203403,CC(c1ccc(Br)cc1)N1CCC(n2c(=O)[nH]c3ccccc32)CC1,8.32
OPRM1,CHEMBL4474067,Cc1ccsc1C1(N(C)C)CCC2(CCN(C(=O)CC(C)C)C2)CC1,8.32
OPRM1,CHEMBL4763725,COC(=O)[C@@H]1C=C(OC(=O)c2ccccc2F)C(=O)[C@H]2[C@@]1(C)CC[C@H]1C(=O)O[C@H](c3ccoc3)C[C@]21C,8.32
OPRM1,CHEMBL2113670,CCO[C@H](C)[C@@H]1C[C@@]23C=C[C@]1(OC)[C@H]1Oc4c(O)ccc5c4C12CCN(C)[C@@H]3C5,8.31
OPRM1,CHEMBL2113380,CN1CC[C@]23c4c5ccc(O)c4O[C@H]2c2[nH]c4ccccc4c2C[C@@]3(CCCc2ccccc2)C1C5,8.31
OPRM1,CHEMBL1076724,Cc1cc(O)cc(C)c1C[C@H](N)C(=O)N1Cc2ccccc2C[C@H]1C(=O)NCC/C=C/CCNC(=O)[C@@H]1Cc2ccccc2CN1C(=O)[C@@H](N)Cc1c(C)cc(O)cc1C,8.31
OPRM1,CHEMBL2418729,C[C@H]1C[C@H]2C[C@](c3cccc(O)c3)(CCN2C)C1,8.31
OPRM1,CHEMBL3691861,CO[C@]12CC[C@@]3(C[C@@H]1CNC(=O)[C@@H](N)CC(=O)O)[C@H]1Cc4ccc(O)c5c4[C@@]3(CCN1CC1CC1)[C@H]2O5,8.31
OPRM1,CHEMBL4744531,Cc1cc(O)cc(C)c1C[C@H](N)C(=O)N[C@H](CCCNC(=N)N)C(=O)N[C@H]1Cc2ccccc2CN(CCC(=O)N[C@@H](CCCCN)C(=O)N[C@@H](CCCCN)C(=O)N2CCC[C@H]2C(=O)N[C@@H](Cc2ccc(O)cc2)C(=O)N[C@H](C(=O)N[C@@H](CC(C)C)C(=O)O)C(C)(C)C)C1=O,8.31
OPRM1,CHEMBL5567549,NC(=O)[C@H]1CCCCN1C(=O)[C@H]1CC(=O)NCCCC[C@@H](NC(=O)[C@@H](N)Cc2ccc(O)cc2)C(=O)NCC(=O)N[C@@H](Cc2ccccc2)C(=O)N1,8.31
OPRM1,CHEMBL139180,CC(CCN1CC[C@@](C)(c2cccc(C(N)=O)c2)[C@@H](C)C1)c1ccccc1,8.3
OPRM1,CHEMBL384118,COc1ccc2c3c1O[C@H]1C(=O)CC[C@@]4(NC/C=C/Cc5ccc(Cl)cc5)[C@@H](C2)N(CC2CC2)CC[C@]314,8.3
OPRM1,CHEMBL222486,CCn1c2c(c3c1[C@@H]1Oc4c(O)ccc5c4[C@@]14CCN(CC1CC1)C(C5)[C@]4(O)C3)CCCC2,8.3
OPRM1,CHEMBL237295,NC(=O)c1ccc(Oc2ccc(CCN3CCc4ccccc4C3)cc2)nc1,8.3
OPRM1,CHEMBL577746,CC(C)[C@@H](NC(=O)[C@H](Cc1ccccc1)NC(=O)[C@@H]1CCCN1C(=O)[C@@H](N)Cc1ccc(O)cc1)C(=O)NCc1ccccc1,8.3
OPRM1,CHEMBL1642747,NC(=O)c1ccc2c(c1)CCCN2c1ccc(CNC2Cc3ccccc3C2)cc1,8.3
OPRM1,CHEMBL2386901,Oc1ccc2c(c1)[C@]1(CCc3ccccc3)CCN(CC3CC3)C[C@@H]1O2,8.3
OPRM1,CHEMBL2443260,Cc1cc(CNCC[C@@]2(c3ccccn3)CCOC3(CCCC3)C2)sc1C,8.3
OPRM1,CHEMBL2443256,Cc1csc(CNCC[C@@]2(c3ccccn3)CCOC3(CCCC3)C2)c1,8.3
OPRM1,CHEMBL3597083,CC(C)C[C@H](NC(=O)[C@H](Cc1ccccc1)NC(=O)CNC(=O)[C@@H](NC(=O)[C@@H](N)Cc1ccc(O)cc1)[C@@H](C)O)C(=O)N[C@@H](CO[C@@H]1O[C@H](CO)[C@@H](O[C@@H]2O[C@H](CO)[C@@H](O)[C@H](O)[C@H]2O)[C@H](O)[C@H]1O)C(N)=O,8.3
OPRM1,CHEMBL3808415,CC[C@H](C)[C@H](NC(=O)[C@H](CCCNC(=N)N)NC(=O)[C@H](Cc1ccc(O)cc1)NC(=O)[C@H](Cc1ccc(O)cc1)NC(=O)[C@H](CCCNC(=N)N)NC(=O)CCN1Cc2ccccc2C[C@H](NC(=O)[C@@H](CCCNC(=N)N)NC(=O)[C@@H](N)Cc2c(C)cc(O)cc2C)C1=O)C(=O)N[C@@H](CCCCN)C(N)=O,8.3
OPRM1,CHEMBL4071324,O=C1/C(=C/c2ccc(Br)cc2)C[C@@]2(O)[C@H]3Cc4ccc(O)c5c4[C@@]2(CCN3CC2CC2)[C@H]1O5,8.3
OPRM1,CHEMBL4277122,Cc1cc(O)cc(C)c1C[C@H](N)C(=O)N[C@H](CCCNC(=N)N)C(=O)N[C@@H](Cc1ccccc1)C(=O)N[C@@H](Cc1ccccc1)C(=O)N[C@@H](CCC(N)=O)C(=O)N[C@H](CC(=O)N[C@@H](Cc1ccccc1)C(=O)N[C@@H](CCC(N)=O)C(=O)N[C@@H](Cc1ccccc1)C(=O)N[C@@H](CCCCN)C(N)=O)Cc1ccccc1,8.3
OPRM1,CHEMBL4287777,Cc1cc(O)cc(C)c1C[C@H](N)C(=O)N[C@H](CCCCN)C(=O)N[C@@H](Cc1ccccc1)C(=O)N[C@@H](Cc1ccccc1)C(=O)N[C@@H](CCC(=O)O)C(=O)N[C@@H](Cc1ccccc1)C(=O)N[C@@H](CCC(N)=O)C(=O)N[C@@H](Cc1ccccc1)C(=O)N[C@@H](CCCCN)C(N)=O,8.3
OPRM1,CHEMBL4280549,Cc1cc(O)cc(C)c1C[C@H](N)C(=O)N[C@H](CCCCN)C(=O)N[C@@H](Cc1ccccc1)C(=O)N[C@@H](Cc1ccccc1)C(=O)N[C@@H](CCC(N)=O)C(=O)N[C@@H](Cc1ccccc1)C(=O)N[C@@H](CCC(N)=O)C(=O)N[C@@H](Cc1ccccc1)C(=O)N[C@@H](CCCCN)C(N)=O,8.3
OPRM1,CHEMBL4291181,Cc1cc(O)cc(C)c1C[C@H](N)C(=O)N[C@H](CCCNC(=N)N)C(=O)N[C@H]1Cc2ccccc2CN(CCC(=O)N[C@@H](Cc2ccccc2)C(=O)N[C@@H](CCC(N)=O)C(=O)N[C@@H](Cc2ccccc2)C(=O)N[C@@H](CCC(N)=O)C(=O)N[C@@H](Cc2ccccc2)C(=O)N[C@@H](CCCCN)C(N)=O)C1=O,8.3
OPRM1,CHEMBL4283991,Cc1cc(O)cc(C)c1C[C@H](N)C(=O)N1CCC[C@H]1C(=O)N[C@@H](Cc1ccccc1)C(=O)N[C@@H](Cc1ccccc1)C(=O)N[C@@H](CCC(=O)O)C(=O)N[C@@H](Cc1ccccc1)C(=O)N[C@@H](CCC(N)=O)C(=O)N[C@@H](Cc1ccccc1)C(=O)N[C@@H](CCCCN)C(N)=O,8.3
OPRM1,CHEMBL4294583,Cc1cc(O)cc(C)c1C[C@H](N)C(=O)N1CCC[C@H]1C(=O)N[C@@H](Cc1ccccc1)C(=O)N[C@@H](Cc1ccccc1)C(=O)N[C@@H](CCC(N)=O)C(=O)N[C@@H](Cc1ccccc1)C(=O)N[C@@H](CCC(N)=O)C(=O)N[C@@H](Cc1ccccc1)C(=O)N[C@@H](CCCCN)C(N)=O,8.3
OPRM1,CHEMBL4278603,Cc1cc(O)cc(C)c1C[C@H](N)C(=O)N1CCC[C@H]1C(=O)N[C@@H](Cc1c[nH]c2ccccc12)C(=O)N[C@@H](Cc1ccccc1)C(=O)N[C@@H](CCC(N)=O)C(=O)N[C@@H](Cc1ccccc1)C(=O)N[C@@H](CCC(N)=O)C(=O)N[C@@H](Cc1ccccc1)C(=O)N[C@@H](CCCCN)C(N)=O,8.3
OPRM1,CHEMBL4482942,CCOc1ccc(CN2CCCCC2)cc1CNC(=O)[C@@H](N)Cc1c(C)cc(O)cc1C.O=C(O)C(F)(F)F,8.3
OPRM1,CHEMBL4466953,Cc1cc(C[C@H](N)C(=O)N2CCC[C@H]2C(=O)N[C@@H](Cc2ccccc2)C(=O)N[C@@H](Cc2ccccc2)C(N)=O)cc(C)c1O,8.3
OPRM1,CHEMBL5084344,CCC(=O)N(CC1(N2CCN(Cc3ccccc3)CC2)CCOCC1)c1cccc(C(F)(F)F)n1,8.3
OPRM1,CHEMBL5200728,CCNC(=O)C[C@H](NC(=O)[C@H](Cc1ccccc1)NC(=O)[C@H](Cc1ccccc1)NC(=O)[C@@H](CCCCNC(=O)C[C@H](NC(=O)[C@H](Cc1ccccc1)NC(=O)[C@H](Cc1ccccc1)NC(=O)CNC(=O)[C@@H](N)Cc1ccc(O)cc1)C(N)=O)NC(=O)[C@@H](N)Cc1ccc(O)cc1)C(N)=O,8.3
OPRM1,CHEMBL5555916,Cc1cc(O)cc(C)c1C[C@H](N)C(=O)N[C@H](CCCNC(=N)N)C(=O)N[C@H]1Cc2ccccc2CN(CCCC(=O)N[C@@H](CCCN2CCC(Cc3ccccc3)CC2)C(=O)N[C@@H](Cc2c[nH]c3ccccc23)C(N)=O)C1=O,8.3
OPRM1,CHEMBL6195966,COCCN1CC[C@@]23CC(=O)CC[C@@H]2[C@H]1Cc1ccc(O)cc13,8.3
OPRM1,CHEMBL5875958,COc1ccc(Nc2ccc3c(c2)[C@@]24CCCC[C@H]2[C@@H](C3)N(C)CC4)cc1,8.3
OPRM1,CHEMBL6062284,COc1cccc(Nc2ccc3c(c2)[C@@]24CCCC[C@H]2[C@@H](C3)N(C)CC4)c1,8.3
OPRM1,CHEMBL5955755,COCCO[C@@H]1CCC2[C@H]3Cc4ccc(O)cc4[C@@]2(CCN3C)C1,8.3
OPRM1,CHEMBL5773547,COCCOCCOc1cccc(Nc2ccc3c(c2)[C@@]24CCCC[C@H]2[C@@H](C3)N(C)CC4)c1,8.3
OPRM1,CHEMBL6195976,CN1CC[C@@]23CCCC[C@H]2[C@H]1Cc1ccc(Nc2cccnc2)cc13,8.3
OPRM1,CHEMBL5770077,COCCOCCOCCO[C@@H]1CCC2[C@H]3Cc4ccc(O)cc4[C@@]2(CCN3C)C1,8.3
OPRM1,CHEMBL6195984,CN1CC[C@@]23CCCC[C@@H]2[C@H]1Cc1ccc(Nc2cnccn2)cc13,8.3
OPRM1,CHEMBL6195995,COCCN1CC[C@@]23CCCC[C@H]2[C@H]1Cc1ccc(Nc2cccnc2)cc13,8.3
OPRM1,CHEMBL5917716,Oc1ccc2c(c1)[C@@]13CCCC[C@H]1[C@@H](C2)N(CC1CCO1)CC3,8.3
OPRM1,CHEMBL6196010,COCCN1CC[C@@]23CCCC[C@H]2[C@H]1Cc1ccc(O)cc13,8.3
OPRM1,CHEMBL5962633,CN(C)[C@]1(c2cccs2)CC[C@@]2(CC1)CN(c1cnc(C(F)(F)F)nc1)C(=O)N2,8.3
OPRM1,CHEMBL392798,O=C1NCN(c2ccccc2)C12CCN(C1CCCc3cccc(F)c31)CC2,8.29
OPRM1,CHEMBL409225,C[C@H](C(=O)N[C@H]1Cc2ccccc2CN(CC(N)=O)C1=O)N1Cc2cc(O)ccc2C[C@H](N)C1=O,8.29
OPRM1,CHEMBL3580746,Cc1cc(O)cc(C)c1C[C@H](N)C(=O)N[C@@H]1CCCCNC(=O)C[C@@H](C(N)=O)NC(=O)[C@H](Cc2ccccc2)NC(=O)[C@H](Cc2ccc(F)cc2F)NC1=O,8.29
OPRM1,CHEMBL2059382,COc1ccc(/C=C2\C[C@@]3(O)[C@H]4Cc5ccc(O)c6c5[C@@]3(CCN4CC3CC3)[C@@H](O6)C2=O)cc1,8.29
OPRM1,CHEMBL4457877,N#Cc1ccc(NC(=O)C2=C(O)[C@@H]3Oc4c(O)ccc5c4[C@@]34CCN(CC3CC3)[C@H](C5)[C@]4(O)C2)cc1,8.29
OPRM1,CHEMBL4797321,CC[C@H](N[C@H]1CC[C@@]2(OC)[C@H]3Cc4ccc(O)c5c4[C@@]2(CCN3C)[C@H]1O5)C(=O)O,8.29
OPRM1,CHEMBL5197033,Oc1ccc2c3c1O[C@H]1C(=C(F)F)CC[C@@]4(O)[C@@H](C2)N(CC2CC2)CC[C@]314,8.29
OPRM1,CHEMBL5272258,CN(C)CC1CN(C(=O)Cc2ccc(Cl)cc2)CCC1(O)c1cccc(O)c1,8.29
OPRM1,CHEMBL610290,Oc1ccc2c3c1O[C@H]1C4(CC[C@@]5(O)[C@@H](C2)N(CC2CC2)CC[C@]315)Oc1ccccc1O4,8.28
OPRM1,CHEMBL431074,Cc1ncc2c(n1)C1Oc3c(O)ccc4c3C13CCN(C)C(C4)C3(O)C2,8.28
OPRM1,CHEMBL2113373,CN1CC[C@]23c4c5ccc(O)c4O[C@H]2c2[nH]c4ccccc4c2C[C@@]3(NC(=O)CCc2ccccc2)C1C5,8.28
OPRM1,CHEMBL138778,C[C@H]1CN(Cc2ccc(N(C)C)cc2)CC[C@@]1(C)c1cccc(C(N)=O)c1,8.28
OPRM1,CHEMBL41736,O=C(NC[C@@H]1Cc2ccccc2CN1/C(S)=N/C[C@H]1CCCN1Cc1cccc(O)c1)Nc1ccccc1,8.28
OPRM1,CHEMBL51972,Oc1nc2ccccc2n1[C@@H]1CCN2[C@H](CCC[C@H]2c2ccccc2)C1,8.28
OPRM1,CHEMBL241824,CNC(=O)Oc1ccc2c(c1)C13CCCCC1C(C2)N(CC1CC1)CC3,8.28
OPRM1,CHEMBL270401,C[C@H]1CN(C[C@H](Cc2ccccc2)C(=O)N[C@@H](CC2CCCCC2)C(=O)O)CC[C@@]1(C)c1cccc(O)c1,8.28
OPRM1,CHEMBL512394,COCCN[C@@H]1c2ccccc2CC[C@H]1c1ccsc1,8.28
OPRM1,CHEMBL575349,N[C@@H](Cc1ccc(O)cc1)C(=O)N[C@H](CCCCN(C(=O)CBr)C(=O)CBr)C(=O)N[C@@H](Cc1ccccc1)C(=O)NCC(=O)N[C@@H](Cc1ccc(O)cc1)C(=O)N1CCC[C@H]1C(=O)N[C@@H](CO)C(=O)O,8.28
OPRM1,CHEMBL1081191,CNC(=O)CN1N=C(c2ccccc2)C2(CCN(C3CCC(C(C)C)CC3)CC2)C1=O,8.28
OPRM1,CHEMBL3580744,NC(=O)[C@@H]1CC(=O)NCCCC[C@@H](NC(=O)[C@@H](N)Cc2ccc(O)cc2)C(=O)N[C@@H](Cc2ccccc2)C(=O)N[C@@H](Cc2ccc(C(F)(F)F)cc2)C(=O)N1,8.28
OPRM1,CHEMBL3597082,CC(C)C[C@H](NC(=O)[C@H](CO[C@@H]1O[C@H](CO)[C@@H](O)[C@H](O)[C@H]1O)NC(=O)[C@H](CC(N)=O)NC(=O)[C@H](CC(C)C)NC(=O)[C@H](C)NC(=O)[C@H](CC(N)=O)NC(=O)[C@H](CC(N)=O)NC(=O)C(C)(C)NC(=O)[C@H](CC(C)C)NC(=O)[C@H](CC(N)=O)NC(=O)CNC(=O)CNC(=O)[C@H](Cc1ccccc1)N(C)C(=O)CNC(=O)[C@@H](C)NC(=O)[C@@H](N)Cc1ccc(O)cc1)C(N)=O,8.28
OPRM1,CHEMBL3965425,CN(C)C1(CC2CCCC2)CCC(c2ccccc2)(N(C)C(=O)/C=C/c2ccccc2)CC1,8.28
OPRM1,CHEMBL4097466,Cc1ccc(C(=O)NCC2c3ccccc3CCN2C)cc1,8.28
OPRM1,CHEMBL4096314,O=C(c1ccccc1)N1C[C@H]2OC34CCC1C2C31CCN(CCc2ccccc2)C4Cc2ccc(O)cc21,8.28
OPRM1,CHEMBL5074977,CC[C@@H]1CN2CC[C@@]3(O)C(=Nc4cccc(C)c43)[C@@H]2C[C@@H]1/C(=C\OC)C(=O)OC,8.28
OPRM1,CHEMBL5568103,Cc1cc(O)cc(C)c1C[C@H](N)C(=O)N[C@H](CCCNC(=N)N)C(=O)N[C@H]1Cc2c(ccc3ccccc23)CN(CCC(=O)N[C@@H](CCCN2CCC(Cc3ccccc3)CC2)C(=O)N[C@@H](Cc2ccccc2)C(N)=O)C1=O,8.28
OPRM1,CHEMBL5537105,Cc1cc(O)cc(C)c1C[C@H](N)C(=O)N(C)[C@H](C)C(=O)N[C@H]1Cc2c(ccc3ccccc23)CN(CC(=O)N[C@@H](CCCN2CCC(Cc3ccccc3)CC2)C(=O)N[C@@H](Cc2ccccc2)C(N)=O)C1=O,8.28
OPRM1,CHEMBL5567205,CC1(C)NC(=O)[C@H](NC(=O)[C@@H](N)Cc2ccc(O)cc2)CCCCNC(=O)C[C@H](C(=O)N2CCC[C@H]2C(N)=O)NC(=O)[C@H](Cc2ccccc2)NC1=O,8.28
OPRM1,CHEMBL75802,Cc1cc(O)cc(C)c1C[C@H](N)C(=O)N1Cc2ccccc2C[C@H]1C/N=C(/S)Nc1ccccc1,8.27
OPRM1,CHEMBL70693,CCCCC(=N)NCCc1ccc2[nH]c3c(c2c1)C[C@@]1(O)C2Cc4ccc(O)c5c4C1(CCN2CC1CC1)C3O5,8.27
OPRM1,CHEMBL359644,COC1[C@H](SC2OC(CO)C(O)C(O)C2O)C=C[C@H]2[C@H]3Cc4ccc(O)cc4[C@@]12CCN3C,8.27
OPRM1,CHEMBL222647,Oc1ccc2c3c1O[C@H]1c4c(c5c(n4Cc4ccccc4)CCCC5)C[C@@]4(O)C(C2)N(CC2CC2)CC[C@]314,8.27
OPRM1,CHEMBL576273,Ic1ccc(CNc2ccc3c(c2)[C@@]24CCCC[C@H]2[C@@H](C3)N(CC2CCC2)CC4)cc1,8.27
OPRM1,CHEMBL3216999,CCOc1ccc(Cc2nc3cc(NC(=N)c4cccs4)ccc3n2CCN(CC)CC)cc1.Cl.Cl,8.27
OPRM1,CHEMBL2387188,CCC[C@H]1CC[C@@H](N2CCC(N3C(=O)Cc4ccccc43)CC2)CC1,8.27
OPRM1,CHEMBL3678979,CO[C@]12CC[C@@]3(C[C@@H]1COCc1cccc(F)c1)[C@H]1Cc4ccc(O)c5c4[C@@]3(CC[N+]1(C)CC1CC1)[C@H]2O5,8.27
OPRM1,CHEMBL3908063,CC[C@H](C)[C@H](N)C(=O)OC[C@H]1C[C@@]23CC[C@]1(OC)[C@@H]1Oc4c(OC)ccc5c4[C@@]12CCN(CC1CC1)[C@@H]3C5,8.27
OPRM1,CHEMBL4283681,CCCCC(=N)NCCc1ccc2c(c1)C1C[C@@]3(O)[C@H]4Cc5ccc(O)c6c5[C@@]3(CCN4CC3CC3)[C@@H](O6)C1N2,8.27
OPRM1,CHEMBL4635711,Oc1ccc2c3c1O[C@H]1c4ncc(-c5ccc(Cl)cc5)cc4C[C@@]4(OCCCc5ccncc5)[C@@H](C2)N(CC2CC2)CC[C@]314,8.27
OPRM1,CHEMBL4750229,CO[C@@]12CC[C@@H](N[C@H](C(=O)O)C3CCCCC3)[C@@H]3Oc4c(O)ccc5c4[C@@]31CCN(C)[C@@H]2C5,8.27
OPRM1,CHEMBL5407403,CC(C)[C@H]1CC[C@@H](N2CCC(n3c(CNC(=O)c4cccnc4)cc4ccccc43)CC2)CC1,8.27
OPRM1,CHEMBL5978371,CC1(c2cccc(NS(=O)(=O)C3CC3)c2)[C@@H]2CN(CC3(O)Cc4ccccc4C3)C[C@@H]21,8.27
OPRM1,CHEMBL5867803,COc1cccc(CN2C[C@]3(CC[C@](c4ccccc4)(N(C)C)CC3)N(CC3(O)CCC3)C2=O)c1,8.27
OPRM1,CHEMBL138842,COc1ccc(CN2CC[C@@](C)(c3cccc(C(N)=O)c3)[C@@H](C)C2)cc1,8.26
OPRM1,CHEMBL279968,CC[C@@]12CCN(CC3CC3)C(C(=O)c3ccc(O)cc31)[C@@H]2C,8.26
OPRM1,CHEMBL401508,C[C@H]1CN(CCC(=O)N[C@@H](CC2CCCCC2)C(=O)O)CC[C@@]1(C)c1cccc(O)c1,8.26
OPRM1,CHEMBL493621,C[C@H]1C2Cc3cc4cc[nH]c(=O)c4cc3[C@@]1(C)CCN2CC1CC1,8.26
OPRM1,CHEMBL1834412,CO[C@]12CC[C@@]3(C[C@@H]1[C@@](C)(O)c1ccc(C(C)(C)C)cc1)[C@H]1Cc4ccc(O)c5c4[C@@]3(CCN1CC1CC1)[C@H]2O5,8.26
OPRM1,CHEMBL2409168,NC(=O)[C@@H](CNC(=O)C[C@H](Cc1ccccc1)NC(=O)[C@@H]1CCCN1C(=O)[C@@H](N)Cc1ccc(O)cc1)Cc1ccccc1.O=C(O)C(F)(F)F,8.26
OPRM1,CHEMBL1186579,C[N+]1(CC2CC2)CC[C@]23c4c5ccc(O)c4O[C@H]2C(=O)CC[C@@]3(O)[C@H]1C5,8.26
OPRM1,CHEMBL4441320,CCC(=O)N(c1ccccc1)C1CCN(CC(F)c2ccccc2F)CC1,8.26
OPRM1,CHEMBL1201770,C[N+]1(CC2CC2)CC[C@]23c4c5ccc(O)c4O[C@H]2C(=O)CC[C@@]3(O)[C@H]1C5.[Br-],8.26
OPRM1,CHEMBL4633020,Cc1ccccc1-c1cnc2c(c1)C[C@@]1(OCCCc3ccccc3)[C@H]3Cc4ccc(O)c5c4[C@@]1(CCN3CC1CC1)[C@H]2O5,8.26
OPRM1,CHEMBL4781006,CC[C@H](N[C@@H]1CC[C@@]2(OC)[C@H]3Cc4ccc(O)c5c4[C@@]2(CCN3C)[C@H]1O5)C(=O)O,8.26
OPRM1,CHEMBL5518012,Cc1cc(O)cc(C)c1C[C@H](N)C(=O)N[C@H](CCCNC(=N)N)C(=O)N[C@H]1Cc2ccccc2CN(CCCC(=O)N[C@@H](CCCN2CCC(Cc3ccccc3)CC2)C(=O)N[C@@H](Cc2ccccc2)C(N)=O)C1=O,8.26
OPRM1,CHEMBL5921449,CCc1cc(C#N)c2nc(N3CCC(N[C@@H]4CCCOC4)CC3)c(-c3nc(C)no3)c(C)c2c1,8.26
OPRM1,CHEMBL5784697,Cc1cc(F)c2nc(N3CCC(NC4CCOCC4)CC3)c(-c3nc(C)no3)c(C)c2c1,8.26
OPRM1,CHEMBL5814123,Cc1cc(F)c2nc(N3CCC(N[C@@H]4CCCOC4)CC3)c(-c3nc(C)no3)c(C)c2c1,8.26
OPRM1,CHEMBL5854188,CCc1cc(F)c2nc(N3CC[C@H](NC4CCOCC4)C[C@H]3C)c(-c3nc(C)no3)c(C)c2c1,8.26
OPRM1,CHEMBL5902229,Cc1cc(Cl)c2nc(N3CC[C@H](NC4CCOCC4)C[C@H]3C)c(-c3nc(C)no3)c(C)c2c1,8.26
OPRM1,CHEMBL5836373,Cc1cc(Cl)c2nc(N3CC[C@H](N[C@H]4CCOC4)C[C@H]3C)c(-c3nc(C)no3)c(C)c2c1,8.26
OPRM1,CHEMBL5905071,Cc1cc(C#N)c2nc(N3CC[C@@H](NC4CCOCC4)C[C@H]3C)c(-c3nc(C)no3)c(C)c2c1,8.26
OPRM1,CHEMBL6026336,CCc1cc(Cl)c2nc(N3CC[C@@H](NC4CCOCC4)C[C@H]3C)c(-c3nc(C)no3)c(C)c2c1,8.26
OPRM1,CHEMBL6054963,CCc1cc(C#N)c2nc(N3CC[C@@H](NC4CCOCC4)C[C@H]3C)c(-c3nc(C)no3)c(C)c2c1,8.26
OPRM1,CHEMBL5977376,CCc1cc(F)c2nc(N3CC[C@@H](NC4CCOCC4)C[C@@H]3C)c(-c3nc(C)no3)c(C)c2c1,8.26
OPRM1,CHEMBL5761698,Cc1cc(C#N)c2nc(N3CC[C@@H](NC4CCOCC4)[C@@H](F)C3)c(-c3nc(C)no3)c(C)c2c1,8.26
OPRM1,CHEMBL5757952,Cc1cc(C#N)c2nc(N3CC[C@@H](NC[C@H]4CCCO4)C[C@H]3C)c(-c3nc(C)no3)c(C)c2c1,8.26
OPRM1,CHEMBL5818932,Cc1cc(C#N)c2nc(N3CC[C@@H](NC[C@@H]4CCCO4)C[C@H]3C)c(-c3nc(C)no3)c(C)c2c1,8.26
OPRM1,CHEMBL6009520,Cc1cc(C#N)c2nc(N3CC[C@@H](NCC4CCOCC4)C[C@H]3C)c(-c3nc(C)no3)c(C)c2c1,8.26
OPRM1,CHEMBL216640,CC[C@H](C)[C@H](NC(=O)[C@H](CCCN=C(N)N)NC(=O)[C@H](CCCN=C(N)N)NC(=O)[C@H](CC(C)C)NC(=O)[C@H](Cc1ccccc1)NC(=O)CNC(=O)CNC(=O)[C@@H](N)Cc1ccc(O)cc1)C(=O)N[C@@H](CCCN=C(N)N)C(=O)N1CCC[C@H]1C(=O)N[C@@H](CCCCN)C(N)=O,8.25
OPRM1,CHEMBL515621,O=C(O[C@@]12CCC(=O)[C@@H]3Oc4c(O)ccc5c4[C@@]31CCN(CC1CC1)[C@@H]2C5)c1ccncc1,8.25
OPRM1,CHEMBL2178733,CC(=O)N[C@H](Cc1c[nH]c2ccccc12)C(=O)N[C@@H](Cc1ccccc1)C(=O)NCC(N)=O,8.25
OPRM1,CHEMBL3086759,Cl.O=C(O[C@@]12CCC(=O)[C@@H]3Oc4c(O)ccc5c4[C@@]31CCN(CC1CC1)[C@@H]2C5)c1ccncc1,8.25
OPRM1,CHEMBL3409118,Oc1ccc2c(c1)[C@]1(CCCCCc3ccccc3)CCN(CCc3ccccc3)C[C@@H]1O2,8.25
OPRM1,CHEMBL3597074,CC(C)C[C@H](NC(=O)[C@H](CO[C@@H]1O[C@H](CO)[C@@H](O)[C@H](O)[C@H]1O)NC(=O)[C@H](CCCCN)NC(=O)[C@H](CC(C)C)NC(=O)[C@H](C)NC(=O)[C@H](CCCCN)NC(=O)[C@H](CCC(=O)O)NC(=O)C(C)(C)NC(=O)[C@H](CC(C)C)NC(=O)[C@H](CC(N)=O)NC(=O)[C@@H]1CCCN1C(=O)CCNC(=O)[C@H](Cc1ccccc1)N(C)C(=O)CNC(=O)[C@@H](C)NC(=O)[C@@H](N)Cc1ccc(O)cc1)C(N)=O,8.25
OPRM1,CHEMBL3695670,O=C1C[C@]23CCN(CC4CC4)[C@H](Cc4ccc(O)cc42)[C@@H]3CN1,8.25
OPRM1,CHEMBL3759167,Cc1cc(O)cc(C)c1C[C@H](N)C(=O)N[C@@H]1CCCCNC(=O)C[C@@H](C(N)=O)NC(=O)[C@@H](Cc2cccc3ccccc23)NC(=O)[C@H](Cc2ccccc2)NC1=O,8.25
OPRM1,CHEMBL4776178,CCC(=O)N(CCN1CCC(Cc2ccc(F)cc2)CC1)c1ccc(F)cc1,8.25
OPRM1,CHEMBL5171242,Cc1ccccc1[C@@H]1NC(=O)[C@H](NC(=O)[C@@H](N)Cc2c(C)cc(O)cc2C)CCCCNC(=O)C[C@@H](C(N)=O)NC(=O)[C@H](c2ccccc2)NC1=O,8.25
OPRM1,CHEMBL5199205,Cc1ccccc1[C@@H]1NC(=O)[C@H](c2ccccc2)NC(=O)[C@H](NC(=O)[C@@H](N)Cc2c(C)cc(O)cc2C)CCCCNC(=O)C[C@@H](C(N)=O)NC1=O,8.25
OPRM1,CHEMBL5275873,Cc1ccc(CC(=O)N2CCC(O)(c3cccc(O)c3)C(CN(C)C)C2)cc1,8.25
OPRM1,CHEMBL5819330,CN(C)[C@]1(c2ccccc2)CC[C@]2(CC1)CN(Cc1ccccc1C#N)C(=O)N2CC1CCC1,8.25
OPRM1,CHEMBL2112373,N=C(N)NCCc1ccc2[nH]c3c(c2c1)C[C@@]1(O)[C@H]2Cc4ccc(O)c5c4[C@@]1(CCN2CC1CC1)[C@H]3O5,8.24
OPRM1,CHEMBL430298,CCCC[C@@H](C(=O)N[C@@H](CC(=O)O)C(=O)N[C@@H](Cc1ccccc1)C(N)=O)N(C)C(=O)[C@H](Cc1c[nH]c2ccccc12)NC(=O)CNC(=O)[C@H](Cc1ccccc1)NC(=O)[C@@H](N)Cc1ccc(O)cc1,8.24
OPRM1,CHEMBL201220,O=C(CCCCCCCCC(=O)Nc1ccc2c(c1)[C@@]13CCCCC1[C@@H](C2)N(CC1CCC1)CC3)Nc1ccc2c(c1)[C@@]13CCCCC1[C@@H](C2)N(CC1CCC1)CC3,8.24
OPRM1,CHEMBL212434,C[C@H]1C2Cc3ccc(C(=O)NCCCc4ccc(-c5ccccc5)cc4)cc3[C@@]1(C)CCN2CC1CC1,8.24
OPRM1,CHEMBL375803,C[C@H]1CN2CCN(Cc3ccc(O)cc3)C[C@H]2C[C@@]1(C)c1cccc(O)c1,8.24
OPRM1,CHEMBL610534,Cn1c2c(c3c1[C@@H]1Oc4c(O)ccc5c4[C@@]14CCN(CC1CC1)[C@H](C5)[C@]4(O)C3)CCCC2,8.24
OPRM1,CHEMBL390912,O=c1[nH]c2cc3c(cc2o1)[C@@]12CCCC[C@H]1[C@@H](C3)N(CC1CCC1)CC2,8.24
OPRM1,CHEMBL509792,CN1C(=O)[C@H](NC(=O)Nc2cccc(OCCNC(=O)COCC(=O)NCCNC(=O)COCC(=O)N[C@H]3CC[C@@]4(O)[C@H]5Cc6cc(O)cc7c6[C@@]4(CCN5C)[C@H]3O7)c2)N=C(c2ccccc2)c2ccccc21,8.24
OPRM1,CHEMBL1079942,CNC(=O)CN1N=C(c2ccccc2)C2(CCN(C3CCC4CCCCC4C3)CC2)C1=O,8.24
OPRM1,CHEMBL3319084,CC(=O)N[C@H](Cc1c[nH]c2cc(F)ccc12)C(=O)N[C@@H](Cc1ccccc1)C(=O)NCC(N)=O,8.24
OPRM1,CHEMBL3409120,Oc1ccc2c(c1)[C@]1(CCCCCc3ccccc3)CCN(CCc3ccccc3F)C[C@@H]1O2,8.24
OPRM1,CHEMBL3787016,Oc1ccc2c(c1)[C@]13CCN(CC4CC4)[C@H](C2)[C@]1(O)CCc1c([nH]c2ccccc12)C3,8.24
OPRM1,CHEMBL3786218,O=C1C[C@]23CCN(CC4CC4)[C@H](Cc4ccc(O)cc42)[C@]3(O)CC/C1=C\c1ccccc1,8.24
OPRM1,CHEMBL4108566,C[C@H](C1CC1)N1CC[C@]23CC(=O)CC[C@@]2(O)[C@H]1Cc1ccc(C(N)=O)c(O)c13,8.24
OPRM1,CHEMBL4757463,CO[C@@]12CC[C@@H](NCCC(=O)O)[C@@H]3Oc4c(O)ccc5c4[C@@]31CCN(C)[C@@H]2C5,8.24
OPRM1,CHEMBL6067737,C[C@H](C1CC1)N1CC[C@@]23CC(=O)CC[C@@]2(O)[C@H]1Cc1ccc(C(N)=O)c(O)c13,8.24
OPRM1,CHEMBL214929,CCCC[C@@H](N)C(=O)NNC(=O)[C@H](Cc1ccccc1)NC(=O)CNC(=O)[C@@H](C)NC(=O)[C@@H](N)Cc1ccc(O)cc1,8.23
OPRM1,CHEMBL1907858,O=C1NCN(c2ccccc2)C12CCN([C@H]1Cc3cccc4cccc1c34)CC2,8.23
OPRM1,CHEMBL283910,O=C1NCN(c2ccccc2)C12CCN([C@H]1CCc3c(Cl)ccc(Cl)c3C1)CC2,8.23
OPRM1,CHEMBL281274,O=C1NCN(c2ccccc2)C12CCN(C1Cc3cccc4cccc1c34)CC2,8.23
OPRM1,CHEMBL283265,C=CCN1CN(c2ccccc2)C2(CCN(C3CCc4c(Cl)ccc(Cl)c4C3)CC2)C1=O,8.23
OPRM1,CHEMBL257355,COc1cc(CC(=O)N(C)[C@H](CN2CC[C@H](O)C2)c2ccccc2)c(S(=O)(=O)N2CCCC2)cc1OC,8.23
OPRM1,CHEMBL2178731,NC(=O)[C@H]1CC(=O)NCCC(=O)N[C@H](Cc2c[nH]c3ccccc23)C(=O)N[C@@H](Cc2ccccc2)C(=O)N1,8.23
OPRM1,CHEMBL3664540,C#CCOCC1CC23CCC1(OC)C1Oc4c(OC)ccc5c4[C@@]12CCN(C)[C@@H]3C5,8.23
OPRM1,CHEMBL3691875,CO[C@]12CC[C@@]3(C[C@@H]1CNC(=O)[C@H](CO)NC(C)=O)[C@H]1Cc4ccc(O)c5c4[C@@]3(CCN1CC1CC1)[C@H]2O5,8.23
OPRM1,CHEMBL4076303,CN1CCC23c4cc(O)ccc4CC1C21CCC2C3[C@@H](CN2C(=O)c2ccccc2)O1,8.23
OPRM1,CHEMBL61630,CC[C@@H]1CN2CC[C@@]3(O)C(=Nc4cccc(OC)c43)[C@@H]2C[C@@H]1/C(=C\OC)C(=O)OC,8.23
OPRM1,CHEMBL2104132,CN(C)[C@@H](c1cccc(O)c1)[C@H]1CCCC[C@H]1O,8.23
OPRM1,CHEMBL5562477,Cc1cc(O)cc(C)c1C[C@H](N)C(=O)N[C@H](CCCNC(=N)N)C(=O)N[C@H]1Cc2ccccc2CN(CCC(=O)N[C@@H](CCCN2CCC(Cc3ccccc3)CC2)C(=O)N[C@H](Cc2ccccc2)C(N)=O)C1=O,8.23
OPRM1,CHEMBL6065602,C[C@@H](Cc1ccsc1)NC(=O)NC[C@]1(N(C)C)Cc2ccc(O)cc2C1,8.23
OPRM1,CHEMBL40548,O=C(NC[C@@H]1Cc2ccccc2CN1/C(S)=N/C[C@H]1CCCN1Cc1ccc(O)cc1)Nc1ccccc1,8.22
OPRM1,CHEMBL1672178,Cl.Oc1cccc([C@@]23CCC[C@@H](C2)N(C/C=C/c2ccccc2)CC3)c1,8.22
OPRM1,CHEMBL2204031,CN1CC[C@]23c4c5ccc(O)c4O[C@H]2[C@]2(CC[C@@]3(O)[C@H]1C5)O[C@H]1N3[C@H](OC1(C)C)C(C)(C)O[C@@H]32,8.22
OPRM1,CHEMBL4299402,Cc1cc(O)cc(C)c1C[C@H](N)C(=O)N[C@@H](C)C(=O)NCC(=O)N[C@@H](Cc1ccc(I)cc1)C(=O)N1CCC[C@H]1C(=O)N[C@@H](CC(C)C)C(=O)N[C@@H](Cc1c[nH]c2ccccc12)C(=O)NCc1cc(C(F)(F)F)cc(C(F)(F)F)c1,8.22
OPRM1,CHEMBL4466859,COc1ccsc1CNCC[C@@]1(c2ccccn2)CCC2(CCCC2)OC1,8.22
OPRM1,CHEMBL4645533,Oc1ccc2c3c1O[C@H]1c4ncc(-c5ccccc5)cc4C[C@@]4(OCCCC5CCOCC5)[C@@H](C2)N(CC2CC2)CC[C@]314,8.22
OPRM1,CHEMBL4789005,C[C@H]1OC2(CCN(CCc3ccccc3)CC2)CN(C2CC2)C1=O,8.22
OPRM1,CHEMBL5071286,CC[C@@H]1CN2CC[C@@]3(O)C(=Nc4cccc(-c5ccoc5)c43)[C@@H]2C[C@@H]1/C(=C\OC)C(=O)OC,8.22
OPRM1,CHEMBL5081133,CCC(=O)N(CC1(N2CCN(Cc3ccccc3)CC2)CC1)c1cccc(C(F)(F)F)n1,8.22
OPRM1,CHEMBL5090595,CCC(=O)N(CC1(N2CCN(Cc3ccccc3)CC2)CCOC(C)(C)C1)c1cccc(C(F)(F)F)n1,8.22
OPRM1,CHEMBL5079619,CCC(=O)N(CC(C)N1CCC(Cc2ccccc2)CC1)c1ccc(F)cc1,8.22
OPRM1,CHEMBL5403724,CC(C)[C@H]1CC[C@@H](N2CCC(n3c(CO)cc4ccccc43)CC2)CC1,8.22
OPRM1,CHEMBL5923753,CN1CCN(c2ncc(N3C[C@]4(CC[C@](c5ccccc5)(N(C)C)CC4)N(CC4(O)CCC4)C3=O)cn2)CC1,8.22
OPRM1,CHEMBL5966078,COc1cccc(CNC(=O)CN2C[C@]3(CC[C@](c4ccccc4)(N(C)C)CC3)N(CC3CCC3)C2=O)n1,8.22
OPRM1,CHEMBL67123,CCNC(=O)c1ccc(C(=C2CC3CCC(C2)N3CCc2ccccc2)c2ccc(OC)cc2)cc1,8.21
OPRM1,CHEMBL138910,C[C@H]1CN(Cc2cc3ccccc3o2)CC[C@@]1(C)c1cccc(C(N)=O)c1,8.21
OPRM1,CHEMBL217950,C[C@H]1CN2CCN(Cc3ccoc3)C[C@H]2C[C@@]1(C)c1cccc(O)c1,8.21
OPRM1,CHEMBL1834413,CO[C@]12CC[C@@]3(C[C@@H]1[C@](C)(O)CC1CC4CCC1C4)[C@H]1Cc4ccc(O)c5c4[C@@]3(CCN1CC1CC1)[C@H]2O5,8.21
OPRM1,CHEMBL2397019,O=C(N[C@@]12CCC(=O)[C@@H]3Oc4c(O)ccc5c4[C@@]31CCN(CC1CC1)[C@@H]2C5)c1ccc2ccccc2c1,8.21
OPRM1,CHEMBL3086753,Cl.O=C(N[C@@]12CCC(=O)[C@@H]3Oc4c(O)ccc5c4[C@@]31CCN(CC1CC1)[C@@H]2C5)c1ccc2ccccc2c1,8.21
OPRM1,CHEMBL3890527,O=C(O)C[C@H]1C[C@@]2(O)[C@H]3Cc4ccc(O)cc4[C@@]2(CCN3CC2CC2)CC1=O,8.21
OPRM1,CHEMBL4070277,O=C1/C(=C/c2ccc(Cl)cc2)C[C@@]2(O)[C@H]3Cc4ccc(O)c5c4[C@@]2(CCN3CC2CC2)[C@H]1O5,8.21
OPRM1,CHEMBL4280750,Cc1cc(O)cc(C)c1C[C@H](N)C(=O)N[C@H](CCCNC(=N)N)C(=O)N[C@@H](Cc1ccccc1)C(=O)N[C@@H](Cc1ccccc1)C(=O)N[C@@H](CCC(N)=O)C(=O)N[C@@H](Cc1ccccc1)C(=O)N[C@@H](CCC(N)=O)C(=O)O,8.21
OPRM1,CHEMBL4551481,N[C@@H](Cc1ccc(O)cc1)C(=O)N[C@@H]1CSSC[C@@H](NC(=O)[C@@H](N)Cc2ccc(O)cc2)C(=O)NCC(=O)N[C@@H](Cc2ccc(F)cc2)C(=O)N2CCN(CC2)C(=O)[C@H](Cc2ccc(F)cc2)NC(=O)CNC1=O.O=C(O)C(F)(F)F.O=C(O)C(F)(F)F,8.21
OPRM1,CHEMBL4763643,CO[C@@]12CC[C@@H](N[C@@H](C)C(=O)O)[C@@H]3Oc4c(O)ccc5c4[C@@]31CCN(C)[C@@H]2C5,8.21
OPRM1,CHEMBL4750783,Cc1cc(O)cc(C)c1C[C@H](N)C(=O)N[C@H](CCCNC(=N)N)C(=O)N[C@H]1Cc2ccccc2CN(CCC(=O)N[C@@H](CCCCN)C(=O)N[C@@H](CCCCN)C(=O)N2CCC[C@H]2C(=O)N2Cc3ccc(O)cc3C[C@H]2C(=O)N[C@H](C(=O)N[C@@H](CC(C)C)C(=O)O)C(C)(C)C)C1=O,8.21
OPRM1,CHEMBL5088860,Cc1cccc(CNCC[C@@]2(c3ccccn3)CCOC3(CCOC3)C2)c1,8.21
OPRM1,CHEMBL5830803,CN(C)[C@]1(c2ccccc2)CC[C@]2(CC1)CN(CC(N)=O)C(=O)N2CC1CCC1,8.21
OPRM1,CHEMBL6055562,Cc1cccc(CNCC[C@@]2(c3ccccn3)CCO[C@]3(CCOC3)C2)c1,8.21
OPRM1,CHEMBL5988995,Cc1cc(O)cc(C)c1C[C@@H](CNC(=O)NCCc1ccsc1)N(C)C,8.21
OPRM1,CHEMBL325842,O=C1CNc2ccccc2N1C1CCN(Cc2cc3c(cc2Cl)OCO3)CC1,8.2
OPRM1,CHEMBL108608,COc1ccc2c(c1O)[C@]13CCN(C)C(C2)[C@@]12C/C(=C\c1ccccc1)[C@@H]3c1[nH]c3ccccc3c1C2,8.2
OPRM1,CHEMBL325945,O=c1[nH]c2ccccc2n(C2CCN(Cc3cc4c(cc3Cl)OCO4)CC2)c1=O,8.2
OPRM1,CHEMBL481367,CC1(N2CCC(n3c(-c4cccc(S(C)(=O)=O)c4)nc4ccccc43)CC2)CCCCCCC1,8.2
OPRM1,CHEMBL2443255,Cc1ccsc1CNCC[C@@]1(c2ccccn2)CCOC2(CCCC2)C1,8.2
OPRM1,CHEMBL3233197,Cc1cc(O)cc(C)c1C[C@H](N)C(=O)N1CCC[C@H]1C(=O)N[C@@H](Cc1c[nH]c2ccccc12)C(N)=O,8.2
OPRM1,CHEMBL3580743,NC(=O)[C@@H]1CC(=O)NCCCC[C@@H](NC(=O)[C@@H](N)Cc2ccc(O)cc2)C(=O)N[C@@H](Cc2ccccc2)C(=O)N[C@@H](Cc2ccc(F)cc2F)C(=O)N1,8.2
OPRM1,CHEMBL3678980,CO[C@]12CC[C@@]3(C[C@@H]1COCc1cccc(Cl)c1)[C@H]1Cc4ccc(O)c5c4[C@@]3(CC[N+]1(C)CC1CC1)[C@H]2O5,8.2
OPRM1,CHEMBL4106985,CO[C@]12CC[C@@]3(C[C@@H]1COCc1cc4ccccc4s1)[C@H]1Cc4ccc(OCCO)c5c4[C@@]3(CCN1CC1CC1)[C@H]2O5,8.2
OPRM1,CHEMBL3982651,CN(C)C1(c2ccccc2)CCC(c2ccccc2)(N(C)C(=O)c2ccn(C)n2)CC1,8.2
OPRM1,CHEMBL4242847,COc1cccc(C(O)[C@@]2(C)C[C@@]34CC[C@]2(OC)[C@@H]2Oc5c(OC)ccc6c5[C@@]23CCN(CC2CC2)[C@@H]4C6)c1,8.2
OPRM1,CHEMBL4757601,CC[C@H](C)[C@H](NC(=O)[C@H](CCCNC(=N)N)NC(=O)[C@H](CC(C)C)NC(=O)[C@H](Cc1ccccc1)NC(=O)CNC(=O)CNC(=O)[C@@H](N)Cc1ccc(O)cc1)C(=O)N[C@@H](CCCNC(=N)N)C(=O)N1CCC[C@H]1C(=O)N[C@@H](CCCCN)C(=O)O,8.2
OPRM1,CHEMBL5567839,Cc1cc(O)cc(C)c1C[C@H](N)C(=O)N[C@H](CCCNC(=N)N)C(=O)N[C@H]1Cc2ccccc2CN(CCCC(=O)N[C@@H](CCCN2CCC(Cc3ccccc3)CC2)C(=O)N[C@H](C(N)=O)C(C)C)C1=O,8.2
OPRM1,CHEMBL3707082,C[C@@H]1[C@H]2c3cc(O)ccc3C[C@@H](c3ccc(O)cc32)N1CC1CC1,8.19
OPRM1,CHEMBL378355,C[C@@H]1[C@@H]2Cc3ccc(C(=O)NCCc4ccc(-c5ccccc5)cc4)cc3[C@]1(C)CCN2CC1CC1,8.19
OPRM1,CHEMBL257140,CN(C(=O)Cc1cc2c(cc1S(=O)(=O)N(C)Cc1ccccc1)OCO2)[C@H](CN1CCCC1)c1ccccc1,8.19
OPRM1,CHEMBL1081608,OC(COc1ccccc1)COc1ccc2c(c1)[C@@]13CCCC[C@H]1[C@@H](C2)N(CC1CCC1)CC3,8.19
OPRM1,CHEMBL3326221,CN(C)C1(c2ccccc2)CCC(NCc2c[nH]c3ccccc23)CC1,8.19
OPRM1,CHEMBL3664541,C=CCOCC1CC23CCC1(OC)C1Oc4c(OC)ccc5c4[C@@]12CCN(C)[C@@H]3C5,8.19
OPRM1,CHEMBL4070750,Cc1ccc(C(=O)NCC2NCCc3ccccc32)cc1,8.19
OPRM1,CHEMBL4458454,CCC(=O)N(c1ccccc1)C1CCN(CC(F)c2cccc(F)c2)CC1,8.19
OPRM1,CHEMBL5092388,Cc1cc(O)cc(C)c1C[C@H](N)C(=O)NCC(=O)NCC(=O)N[C@@H](Cc1ccccc1)C(=O)N[C@@H](Cc1ccccc1)C(=O)NCC(=O)N[C@@H](C)C(=O)N[C@@H](CCCNC(=N)N)C(=O)N[C@@H](CCCCN)C(=O)N[C@@H](CO)C(=O)N[C@@H](C)C(=O)N[C@@H](CCCNC(=N)N)C(=O)N[C@@H](CCCCN)C(N)=O,8.19
OPRM1,CHEMBL5179132,O=C(c1ccco1)N(Cc1cccc(F)c1)C1CCN(CCc2ccccc2)CC1,8.19
OPRM1,CHEMBL5272486,CN(C)CC1CN(C(=O)Cc2ccc(F)cc2)CCC1(O)c1cccc(O)c1,8.19
OPRM1,CHEMBL5398301,CN(C)C(CNC(=O)c1cc2ccccc2s1)c1ccc(F)cc1,8.19
OPRM1,CHEMBL5914328,CCCCN1C(=O)N(Cc2ccc(OC)cc2)C[C@]12CC[C@](c1ccccc1)(N(C)C)CC2,8.19
OPRM1,CHEMBL2409225,CC(C)C[C@H](NC(=O)[C@H](Cc1ccccc1)NC(=O)CNC(=O)[C@@H](C)NC(=O)[C@@H](N)Cc1ccc(O)cc1)C(=O)N[C@@H](CCCNC(=N)N)C(=O)N[C@@H](CCCCN)C(=O)N[C@@H](Cc1ccc(I)cc1)C(=O)N1CCC[C@H]1C(=O)N[C@@H](CCCCN)C(=O)O,8.18
OPRM1,CHEMBL3086306,COc1ccc2c(c1)[C@]13CCN(CC4CC4)[C@H](C2)[C@@H]1Cc1sc(NC(C)=O)nc1C3,8.18
OPRM1,CHEMBL3264440,C[C@H]1CN(CCCOC(=O)[C@H]2Cc3ccc(O)cc3CN2)CC[C@@]1(C)c1cccc(O)c1,8.18
OPRM1,CHEMBL3597150,CC(C)C[C@H](NC(=O)[C@H](CO[C@@H]1O[C@H](CO)[C@@H](O)[C@H](O)[C@H]1O)NC(=O)CCCNC(=O)[C@H](CC(C)C)NC(=O)[C@H](Cc1ccccc1)NC(=O)CNC(=O)[C@@H](NC(=O)[C@@H](N)Cc1ccc(O)cc1)[C@@H](C)O)C(N)=O,8.18
OPRM1,CHEMBL3942233,CC1Cc2c([nH]c3ccc([N+](=O)[O-])cc23)C2(CCC(c3ccccc3)(N(C)C)CC2)O1,8.18
OPRM1,CHEMBL3909426,CN(C)C1(CC2CCCC2)CCC(c2ccccc2)(N(C)C)CC1,8.18
OPRM1,CHEMBL4079574,C[C@H]1[C@H]2Cc3ccc(O)cc3[C@]1(C)CCN2C[C@@H](O)c1ccccc1,8.18
OPRM1,CHEMBL67790,CCNC(=O)c1ccc(C(=C2CC3CCC(C2)N3Cc2cccs2)c2ccc(O)cc2)cc1,8.17
OPRM1,CHEMBL41946,COc1cccc(CN2CCC[C@@H]2C/N=C(\S)N2Cc3ccccc3C[C@H]2CNC(=O)Nc2ccccc2)c1O,8.17
OPRM1,CHEMBL215594,C[C@H]1C2Cc3ccc(C(=O)N(C)CCc4ccc(-c5ccccc5)cc4)cc3[C@@]1(C)CCN2CC1CC1,8.17
OPRM1,CHEMBL218135,C[C@H]1CN2CCN(C(=O)Cc3ccccc3)C[C@H]2C[C@@]1(C)c1cccc(O)c1,8.17
OPRM1,CHEMBL399465,C[C@H]1C2Cc3ccc(C(=O)NCCc4ccccc4-c4ccccc4)cc3[C@@]1(C)CCN2CC1CC1,8.17
OPRM1,CHEMBL271662,C[C@H]1CN(CCC(=O)N(Cc2cccc(Cl)c2)[C@@H](Cc2ccccc2)C(=O)O)CC[C@@]1(C)c1cccc(O)c1,8.17
OPRM1,CHEMBL499884,C[C@H]1[C@H]2Cc3ccc(C(=O)N(C)CCc4ccc(-c5ccccc5)cc4)cc3[C@@]1(C)CCN2CC1CC1,8.17
OPRM1,CHEMBL569215,Oc1cc2c(cc1CNCCCCNCc1cc3c(cc1O)[C@@]14CCCC[C@H]1[C@@H](C3)N(CC1CCC1)CC4)C[C@@H]1[C@@H]3CCCC[C@]23CCN1CC1CCC1,8.17
OPRM1,CHEMBL3086303,COc1ccc2c(c1)[C@]13CCN(CC4CC4)[C@H](C2)[C@@H]1Cc1sc(N)nc1C3,8.17
OPRM1,CHEMBL3580750,Cc1cc(O)cc(C)c1C[C@H](N)C(=O)N[C@@H]1CCCCNC(=O)C[C@@H](C(N)=O)NC(=O)[C@H](Cc2ccc(C(F)(F)F)cc2)NC(=O)[C@H](Cc2ccccc2)NC1=O,8.17
OPRM1,CHEMBL3909973,CNC1(c2ccccc2)CCC2(CC1)OCCc1c2[nH]c2ccc(F)cc12,8.17
OPRM1,CHEMBL4111124,COCCOCCOCCOc1ccc2c3c1O[C@H]1[C@@]4(OC)CC[C@@]5(C[C@@H]4COCc4ccccc4)[C@@H](C2)N(CC2CC2)CC[C@]315,8.17
OPRM1,CHEMBL4113124,O=C1C[C@]23CCN(CC4CC4)[C@H](Cc4ccc(O)cc42)[C@]3(O)C[C@@H]1Cc1ccccc1,8.17
OPRM1,CHEMBL4795312,CO[C@@]12CC[C@@H](N[C@@H](Cc3ccccc3)C(=O)O)[C@@H]3Oc4c(O)ccc5c4[C@@]31CCN(C)[C@@H]2C5,8.17
OPRM1,CHEMBL5087703,Fc1ccc([C@]2(CCNCc3scc4c3COC4)CCOC3(CCOC3)C2)cc1,8.17
OPRM1,CHEMBL5532297,COC(=O)N(c1cccc(OC)c1)C1CCN(CCc2ccccc2)CC1,8.17
OPRM1,CHEMBL5523408,Cc1cccc(C(C)C)c1N(C(=O)c1ccco1)C1CCN(CCc2ccccc2)CC1,8.17
OPRM1,CHEMBL5907830,Fc1ccc([C@]2(CCNCc3scc4c3COC4)CCO[C@]3(CCOC3)C2)cc1,8.17
OPRM1,CHEMBL219044,COC(=O)c1cccc(CN2CCN3C[C@H](C)[C@](C)(c4cccc(O)c4)C[C@@H]3C2)c1,8.16
OPRM1,CHEMBL468857,C[C@H]1C2Cc3ccc4c(NCCc5ccc(-c6ccccc6)cc5)ncnc4c3[C@@]1(C)CCN2CC1CC1,8.16
OPRM1,CHEMBL4092125,CN1CCc2ccccc2C1CNC(=O)c1ccc(Cl)c(Cl)c1,8.16
OPRM1,CHEMBL4649485,CN(C)c1ccccc1-c1cnc2c(c1)C[C@@]1(OCCCc3ccccc3)[C@H]3Cc4ccc(O)c5c4[C@@]1(CCN3CC1CC1)[C@H]2O5,8.16
OPRM1,CHEMBL4741873,CO[C@@]12CC[C@@H](N[C@@H](CCCCN)C(=O)O)[C@@H]3Oc4c(O)ccc5c4[C@@]31CCN(C)[C@@H]2C5,8.16
OPRM1,CHEMBL390866,Nc1nc2cc3c(cc2s1)C[C@@H]1[C@@H]2CCCC[C@]32CCN1CC1CCC1,8.15
OPRM1,CHEMBL3707089,C[C@@H]1[C@H]2c3cc(NCc4ccccc4)ccc3C[C@@H](c3ccc(NCc4ccccc4)cc32)N1CC1CC1,8.15
OPRM1,CHEMBL437949,C=C1[C@@H]2CCC[C@]1(c1cccc(O)c1)CCN2CCc1ccccc1,8.15
OPRM1,CHEMBL511588,NC(=O)c1ccc2c3c1O[C@H]1[C@@H](O)CC[C@@]4(O)[C@@H](C2)N(CC2CC2)CC[C@]314,8.15
OPRM1,CHEMBL514724,Oc1cccc2c1O[C@@H]1[C@@H]3CCC[C@]21CCN3CCc1ccccc1,8.15
OPRM1,CHEMBL1075629,c1cc2c(cc1OCCCOc1ccc3c(c1)[C@@]14CCCC[C@H]1[C@@H](C3)N(CC1CCC1)CC4)[C@@]13CCCC[C@H]1[C@@H](C2)N(CC1CCC1)CC3,8.15
OPRM1,CHEMBL2048786,CN1CC[C@]23c4c5ccc(NCc6cccc(O)c6)c4O[C@H]2[C@@H](O)C=C[C@H]3[C@H]1C5,8.15
OPRM1,CHEMBL2163911,C=C(C(N)=O)[C@@H](NC(=O)[C@H](Cc1c[nH]c2ccccc12)NC(=O)[C@@H]1CCCN1C(=O)[C@@H](N)Cc1ccc(O)cc1)c1ccc(Cl)cc1,8.15
OPRM1,CHEMBL2386899,Oc1ccc2c(c1)[C@]1(CCc3ccccc3)CCN(CCc3ccccc3F)C[C@@H]1O2,8.15
OPRM1,CHEMBL2396991,CC[C@@H]1CN2CC[C@@]34OCCO[C@@]3(Nc3ccc(F)c(OC)c34)[C@@H]2C[C@@H]1/C(=C\OC)C(=O)OC,8.15
OPRM1,CHEMBL4238309,COc1ccc2c3c1O[C@H]1[C@@]4(OC)CC[C@@]5(C[C@]4(C)OC(=O)c4ccc(C(F)(F)F)cc4)[C@@H](C2)N(CC2CC2)CC[C@]315,8.15
OPRM1,CHEMBL4541206,CC1OC2(CCN(CCc3ccccc3)CC2)CN(c2ccccc2)C1=O,8.15
OPRM1,CHEMBL4758754,Cc1cc(O)cc(C)c1C[C@H](NC(=O)[C@@H]1CCCN1C(=O)[C@H](CCCCN)NC(=O)[C@H](CCCCN)NC(=O)CCN1Cc2ccccc2C[C@H](NC(=O)[C@@H](CCCNC(=N)N)NC(=O)[C@@H](N)Cc2c(C)cc(O)cc2C)C1=O)C(=O)N[C@H](C(=O)N[C@@H](CC(C)C)C(=O)O)C(C)(C)C,8.15
OPRM1,CHEMBL4749016,Cc1cc(O)cc(C)c1C[C@H](NC(=O)[C@@H]1CCCN1C(=O)[C@H](CCCCN)NC(=O)C[C@H](CCCCN)NC(=O)CCN1Cc2ccccc2C[C@H](NC(=O)[C@@H](CCCNC(=N)N)NC(=O)[C@@H](N)Cc2c(C)cc(O)cc2C)C1=O)C(=O)N[C@H](C(=O)N[C@@H](CC(C)C)C(=O)O)C(C)(C)C,8.15
OPRM1,CHEMBL5192115,CC(C)C[C@H](NC(=O)[C@H](Cc1ccccc1)NC(=O)CNC(=O)C/C=C(\F)[C@@H](N)Cc1ccc(O)cc1)C(N)=O,8.15
OPRM1,CHEMBL5565763,Cc1cc(O)cc(C)c1C[C@H](N)C(=O)N[C@H](CCCNC(=N)N)C(=O)N[C@@H](Cc1ccccc1)C(=O)N(C)CC(=O)N[C@@H](CCCN1CCC(Cc2ccccc2)CC1)C(=O)N[C@H](C(N)=O)C(C)C,8.15
OPRM1,CHEMBL5532572,Cn1nc(CCCN2CC[C@H]3[C@@H](C2)c2cccc4c2N3CC(=O)N4)c2ccc(F)cc21,8.15
OPRM1,CHEMBL6004923,CC(c1ccc(Br)cc1)N1CCC(n2c(=O)[nH]c3cc(Cl)c(Cl)cc32)CC1,8.15
OPRM1,CHEMBL66954,CCNC(=O)c1ccc(/C(=C2/C[C@H]3CC[C@@H](C2)N3CCc2ccccc2)c2ccccc2)cc1,8.14
OPRM1,CHEMBL1169580,CCC[C@](C)(O)[C@@H]1CC23C=C[C@]1(OC)[C@H]1Oc4c(O)ccc5c4C12CCN(C)C3C5,8.14
OPRM1,CHEMBL283480,O=C1NCN(c2ccccc2)C12CCN(C1CCc3c(Cl)ccc(Cl)c3C1)CC2,8.14
OPRM1,CHEMBL374455,C[C@H]1CN2CCN(Cc3ccco3)C[C@H]2C[C@@]1(C)c1cccc(O)c1,8.14
OPRM1,CHEMBL1081084,c1cc2c(cc1OCC1CO1)[C@@]13CCCC[C@H]1[C@@H](C2)N(CC1CCC1)CC3,8.14
OPRM1,CHEMBL1079940,CNC(=O)CN1N=C(c2ccccc2)C2(CCN(C3CCC(C(C)(C)C)CC3)CC2)C1=O,8.14
OPRM1,CHEMBL2409222,CC(C)C[C@H](NC(=O)[C@H](Cc1ccccc1)NC(=O)CNC(=O)CNC(=O)[C@@H](N)Cc1ccc(O)cc1)C(=O)N[C@@H](CCCNC(=N)N)C(=O)N[C@@H](CCCCN)C(=O)N[C@@H](Cc1ccc(O)cc1)C(=O)N1CCC[C@H]1C(=O)N[C@@H](CCCCN)C(=O)O,8.14
OPRM1,CHEMBL2418730,C[C@H]1C[C@H]2C[C@](c3cccc(O)c3)(CCN2CCc2ccccc2)C1,8.14
OPRM1,CHEMBL3787263,Oc1ccc2c(c1)[C@]13CCN(CC4CC4)[C@@H](C2)[C@]1(O)Cc1cc2ccccc2nc1C3,8.14
OPRM1,CHEMBL3909755,CN(C)C1(c2ccc(F)cc2)CCC2(CC1)OCCc1c2[nH]c2ccccc12,8.14
OPRM1,CHEMBL4111594,COc1ccc2c3c1O[C@H]1[C@@]4(OC)CC[C@@]5(C[C@@H]4CS(=O)(=O)Cc4ccccc4)[C@@H](C2)N(CC2CC2)CC[C@]315,8.14
OPRM1,CHEMBL4241031,COc1ccc2c3c1O[C@H]1[C@@]4(OC)CC[C@@]5(C[C@]4(C)OC(C)=O)[C@@H](C2)N(CC2CC2)CC[C@]315,8.14
OPRM1,CHEMBL4445736,Cc1noc(C(C)(C)NC(=O)C2=C(O)[C@@H]3Oc4c(O)ccc5c4[C@@]34CCN(CC3CC3)[C@H](C5)[C@]4(O)C2)n1,8.14
OPRM1,CHEMBL4644691,COc1ccccc1-c1cnc2c(c1)C[C@@]1(OCCCc3ccccc3)[C@H]3Cc4ccc(O)c5c4[C@@]1(CCN3CC1CC1)[C@H]2O5,8.14
OPRM1,CHEMBL5208537,O=C(c1ccco1)N(Cc1ccccc1)C1CCN(CCc2ccccc2)CC1,8.14
OPRM1,CHEMBL5433189,CN(C)[C@H](CNC(=O)N[C@H](c1ccccc1)C1CC1)Cc1ccc(O)cc1,8.14
OPRM1,CHEMBL5556681,O=C1CN2c3c(cccc3[C@@H]3CN(CCCOc4ccc(Cl)cc4)CC[C@@H]32)N1,8.14
OPRM1,CHEMBL5563689,Cc1cc(O)cc(C)c1C[C@H](N)C(=O)N[C@@H]1CCCCNC(=O)C[C@H](C(=O)N2CCC[C@H]2C(N)=O)NC(=O)[C@H](Cc2ccccc2)NC(=O)CNC1=O,8.14
OPRM1,CHEMBL5857354,CCN(CCO)C(=O)c1ccc(N2C[C@]3(CC[C@](c4ccccc4)(N(C)C)CC3)N(CC3CCC3)C2=O)cc1,8.14
OPRM1,CHEMBL5835412,Cc1ccccc1CNC(=O)CN1C[C@]2(CC[C@](c3ccccc3)(N(C)C)CC2)N(CC2CCC2)C1=O,8.14
OPRM1,CHEMBL332947,CN1CCC23c4c5ccc(O)c4OC2c2nc(N)ncc2CC3(O)C1C5,8.13
OPRM1,CHEMBL112656,CN1CCC23c4c5ccc(O)c4OC2c2nc(-c4ccccc4)ncc2CC3(O)C1C5,8.13
OPRM1,CHEMBL222762,Oc1ccc2c3c1O[C@H]1c4c(c5c(n4CCc4ccccc4)CCCC5)C[C@@]4(O)C(C2)N(CC2CC2)CC[C@]314,8.13
OPRM1,CHEMBL578422,COc1ccc2c3c1O[C@H]1C(=O)CC[C@@]4(NC(=O)C#Cc5ccc(Cl)cc5)[C@@H](C2)N(CC2CC2)CC[C@]314,8.13
OPRM1,CHEMBL1081250,CCCCCCCCC(O)COc1ccc2c(c1)[C@@]13CCCC[C@H]1[C@@H](C2)N(CC1CCC1)CC3,8.13
OPRM1,CHEMBL1766041,CNc1nc2cc3c(cc2s1)C[C@@H]1[C@@H]2CCCC[C@]32CCN1CCCF,8.13
OPRM1,CHEMBL2163910,C=C(C(N)=O)[C@@H](NC(=O)[C@H](Cc1c[nH]c2ccccc12)NC(=O)[C@@H]1CCCN1C(=O)[C@@H](N)Cc1ccc(O)cc1)c1ccc(F)cc1,8.13
OPRM1,CHEMBL3747778,CO[C@]12C=C[C@@]3(C[C@@H]1C(=O)NCCCCCCNC(=O)OC(C)(C)C)[C@H]1Cc4ccc(O)c5c4[C@@]3(CCN1C)[C@H]2O5,8.13
OPRM1,CHEMBL283432,COCN1CN(c2ccccc2)C2(CCN(C3CCc4cccc(Cl)c4C3)CC2)C1=O,8.12
OPRM1,CHEMBL219099,C[C@H]1CN2CCN(Cc3cccnc3)C[C@H]2C[C@@]1(C)c1cccc(O)c1,8.12
OPRM1,CHEMBL221419,Cn1cc(-c2ccccc2)c2c1[C@@H]1Oc3c(O)ccc4c3[C@@]13CCN(CC1CC1)C(C4)[C@]3(O)C2,8.12
OPRM1,CHEMBL396636,CC(C)CCCN1CCCc2cc(Oc3ccc(C(N)=O)cn3)ccc2C1,8.12
OPRM1,CHEMBL3215668,CCOc1ccc(Cc2nc3cc(NC(=N)N[N+](=O)[O-])ccc3n2CCN(CC)CC)cc1.Cl.Cl,8.12
OPRM1,CHEMBL2387198,CC(C)C1CCC(N2CCC(N3C(=O)CCc4ccccc43)CC2)CC1,8.12
OPRM1,CHEMBL3217273,C[C@@H]1CN(CCCc2ccccc2)[C@H]2C[C@H](NCC3CC3)C[C@]1(c1cccc(O)c1)C2.Cl.Cl,8.12
OPRM1,CHEMBL4107821,COc1ccc2c3c1O[C@H]1[C@@]4(OC)CC[C@@]5(C[C@@H]4COC(=O)[C@@H](N)CC(C)C)[C@@H](C2)N(CC2CC2)CC[C@]315,8.12
OPRM1,CHEMBL4284374,Cc1cc(O)cc(C)c1C[C@H](N)C(=O)N[C@H](CCCNC(=N)N)C(=O)N[C@@H](Cc1ccccc1)C(=O)N[C@@H](Cc1ccccc1)C(=O)N[C@@H](CCC(N)=O)C(=O)N[C@@H](Cc1ccccc1)C(=O)N[C@@H](CCC(N)=O)C(=O)N[C@@H](Cc1ccccc1)C(=O)N[C@@H](CCCCN)C(N)=O,8.12
OPRM1,CHEMBL4586954,N[C@@H](Cc1ccc(O)cc1)C(=O)N[C@@H]1CSCc2ccccc2CSC[C@@H](NC(=O)[C@@H](N)Cc2ccc(O)cc2)C(=O)NCC(=O)N[C@@H](Cc2ccc(F)cc2)C(=O)NNC(=O)[C@H](Cc2ccc(F)cc2)NC(=O)CNC1=O.O=C(O)C(F)(F)F.O=C(O)C(F)(F)F,8.12
OPRM1,CHEMBL4474989,CCCC(=O)N1CCC2(CCC(c3sccc3C)(N(C)C)CC2)C1,8.12
OPRM1,CHEMBL5430632,CN1C(=O)CNC(=O)[C@H](N[C@@H](Cc2ccc(O)cc2)C(=O)O)CCC/C=C/CC[C@@H](C(=O)N2CCC[C@H]2C(=O)N[C@@H](CCC(N)=O)C(=O)N[C@@H](CCCNC(=N)N)C(=O)N[C@@H](Cc2ccccc2)C(N)=O)NC(=O)[C@@H]1Cc1ccccc1,8.12
OPRM1,CHEMBL5437684,C[C@@H](CC(=O)NC[C@H](Cc1ccc(O)cc1)N(C)C)c1ccccc1,8.12
OPRM1,CHEMBL5834969,CN(C)[C@]1(c2ccccc2)CC[C@]2(CC1)CN(CCC(=O)N1CCCC(O)C1)C(=O)N2CC1CCC1,8.12
OPRM1,CHEMBL610038,N/C(=N\CCc1ccc2[nH]c3c(c2c1)C[C@@]1(O)[C@H]2Cc4ccc(O)c5c4[C@@]1(CCN2CC1CC1)[C@H]3O5)NCc1ccc(N)cc1,8.11
OPRM1,CHEMBL610041,N/C(=N\CCc1ccc2[nH]c3c(c2c1)C[C@@]1(O)[C@H]2Cc4ccc(O)c5c4[C@@]1(CCN2CC1CC1)[C@H]3O5)NCc1ccc(Cl)cc1,8.11
OPRM1,CHEMBL401716,C[C@H]1CN(CCC(=O)N[C@@H](Cc2ccccc2)C(=O)O)CC[C@@]1(C)c1cccc(O)c1,8.11
OPRM1,CHEMBL3217001,CCOc1ccc(Cc2nc3ccc(NC(=N)c4cccs4)cc3n2CCN(CC)CC)cc1.Cl.Cl,8.11
OPRM1,CHEMBL2163915,C=C(C(N)=O)[C@@H](NC(=O)[C@H](Cc1c[nH]c2ccccc12)NC(=O)[C@@H]1CCCN1C(=O)[C@@H](N)Cc1ccc(O)cc1)c1ccc2c(c1)OCO2,8.11
OPRM1,CHEMBL3326796,C[C@H]1CN(CC[C@H](O)C2CCCCC2)CC[C@@]1(C)c1ccccc1,8.11
OPRM1,CHEMBL3409109,Oc1ccc2c(c1)[C@]1(CCCCc3ccccc3)CCN(CCc3ccccc3)C[C@@H]1O2,8.11
OPRM1,CHEMBL4109653,COCCOCCOCCO[C@]12CC[C@@]3(C[C@@H]1COCc1ccccc1)[C@H]1Cc4ccc(OC)c5c4[C@@]3(CCN1CC1CC1)[C@H]2O5,8.11
OPRM1,CHEMBL5199190,Cc1ccc([C@@H]2NC(=O)[C@H](c3ccccc3)NC(=O)[C@H](NC(=O)[C@@H](N)Cc3c(C)cc(O)cc3C)CCCCNC(=O)C[C@@H](C(N)=O)NC2=O)cc1,8.11
OPRM1,CHEMBL5574811,Cl.O=C(c1ccc[nH]1)N(c1ccccc1)C1CCN(CCc2ccccc2)CC1,8.11
OPRM1,CHEMBL5860369,CN[C@]1(c2ccccc2)CC[C@]2(CC1)CN(c1cnc(C#N)nc1)C(=O)N2CC1(C#N)CCC1,8.11
OPRM1,CHEMBL5889040,CN(C)[C@H](CNC(=O)NC1Cc2ccccc2C1)Cc1ccc(O)cc1,8.11
OPRM1,CHEMBL265813,CC[C@H](C)[C@H](NC(=O)[C@H](CCCN=C(N)N)NC(=O)[C@H](CCCN=C(N)N)NC(=O)[C@H](CC(C)C)NC(=O)[C@H](Cc1ccccc1)NC(=O)CNC(=O)CNC(=O)[C@@H](N)Cc1ccc(O)cc1)C(=O)N[C@@H](CCCN=C(N)N)C(=O)N1CCC[C@@H]1C(=O)N[C@@H](CCCCN)C(=O)N[C@@H](CC(C)C)C(=O)N[C@@H](CCCCN)C(=O)O,8.1
OPRM1,CHEMBL610044,N/C(=N/Cc1ccc(N)cc1)Nc1ccc2[nH]c3c(c2c1)C[C@@]1(O)[C@H]2Cc4ccc(O)c5c4[C@@]1(CCN2CC1CC1)[C@H]3O5,8.1
OPRM1,CHEMBL610039,CCCC/N=C(\NCCCC)NCCc1ccc2[nH]c3c(c2c1)C[C@@]1(O)[C@H]2Cc4ccc(O)c5c4[C@@]1(CCN2CC1CC1)[C@H]3O5,8.1
OPRM1,CHEMBL3707102,C[C@@H]1[C@H]2c3cc(NCc4ccccc4)ccc3C[C@@H](c3ccc(NCc4ccccc4)cc32)N1C,8.1
OPRM1,CHEMBL111230,CC(C)C1CCC(N2CCC(O)(c3ccc(Cl)c(C(F)(F)F)c3)CC2)CC1,8.1
OPRM1,CHEMBL337341,C[C@H]1CN(Cc2ccc3ccccc3n2)CC[C@@]1(C)c1cccc(C(N)=O)c1,8.1
OPRM1,CHEMBL77877,O=C1NCN(c2cccc(C(F)(F)F)c2)C12CCN(C1Cc3cccc4cccc1c34)CC2,8.1
OPRM1,CHEMBL418980,CC(C)[C@H]1CC[C@@H](N2CCC(N3C(=O)Cc4ccccc43)CC2)CC1,8.1
OPRM1,CHEMBL414889,C[C@@H]1[C@@H]2CCC[C@@]1(c1cccc(O)c1)CCN2CCc1ccccc1,8.1
OPRM1,CHEMBL1642753,Cc1cc(N2CCCc3cc(C(N)=O)ccc32)ccc1CNC1Cc2ccccc2C1,8.1
OPRM1,CHEMBL1642754,NC(=O)c1ccc2c(c1)CCCN2c1ccc(CNC2Cc3ccccc3C2)c(F)c1,8.1
OPRM1,CHEMBL48420,CN1CC[C@]23CCCC[C@H]2[C@H]1Cc1ccc(N)cc13,8.1
OPRM1,CHEMBL2179653,CO[C@@]12Cc3cc(-c4ccc(Cl)cc4)cnc3[C@@H]3Oc4c(O)ccc5c4[C@@]31CCN(C)[C@@H]2C5,8.1
OPRM1,CHEMBL2386900,Oc1ccc2c(c1)[C@]1(CCc3ccccc3)CCN(CCc3ccc(C(F)(F)F)cc3)C[C@@H]1O2,8.1
OPRM1,CHEMBL2387187,CC(C)C1CCC(N2CCC(N3C(=O)Cc4ccccc43)CC2)CC1,8.1
OPRM1,CHEMBL405618,CC[C@H](C)[C@H](NC(=O)[C@H](CCCNC(=N)N)NC(=O)[C@H](CCCNC(=N)N)NC(=O)[C@H](CC(C)C)NC(=O)[C@H](Cc1ccccc1)NC(=O)CNC(=O)CNC(=O)[C@@H](N)Cc1ccc(O)cc1)C(=O)N[C@@H](CCCNC(=N)N)C(=O)N1CCC[C@H]1C(=O)N[C@@H](CCCCN)C(=O)N[C@@H](CC(C)C)C(=O)N[C@@H](CCCCN)C(=O)O,8.1
OPRM1,CHEMBL4450665,C[C@H]1OC2(CCN(CCc3ccccc3)CC2)CN(c2ccccc2)C1=O,8.1
OPRM1,CHEMBL4790712,COC(=O)[C@@H]1C=C(OC(=O)c2ccc(OC)cc2)C(=O)[C@H]2[C@@]1(C)CC[C@H]1C(=O)O[C@H](c3ccoc3)C[C@]21C,8.1
OPRM1,CHEMBL5076404,CCC(=O)N(CC1(N2CCN(Cc3ccccc3)CC2)CC1)c1ccccn1,8.1
OPRM1,CHEMBL5183712,O=C(c1ccco1)N(Cc1ccc(F)cc1)C1CCN(CCc2ccccc2)CC1,8.1
OPRM1,CHEMBL5565851,Cc1cc(O)cc(C)c1C[C@H](N)C(=O)N[C@H](CCCNC(=N)N)C(=O)N[C@H]1Cc2ccccc2CN(CCC(=O)N[C@@H](CCCN2CCC(Cc3ccccc3)CC2)C(=O)N[C@@H](Cc2c[nH]c3ccccc23)C(N)=O)C1=O,8.1
OPRM1,CHEMBL5561599,Cc1cc(O)cc(C)c1C[C@H](N)C(=O)N1CCC[C@@H]1C(=O)N[C@H]1Cc2ccccc2CN(CCC(=O)N[C@@H](CCCN2CCC(Cc3ccccc3)CC2)C(=O)N[C@@H](Cc2ccccc2)C(N)=O)C1=O,8.1
OPRM1,CHEMBL1790709,CC(C)C[C@H](NC(=O)[C@H](Cc1ccccc1)NC(=O)CNC(=O)[C@H](NC(=O)[C@@H](N)Cc1ccc(O)cc1)[C@@H](C)O)C(=O)N[C@@H](CO[C@H]1O[C@@H](CO)[C@H](O)[C@@H](O)[C@H]1O)C(N)=O,8.09
OPRM1,CHEMBL217790,COc1ccc2c3c1O[C@H]1C(=O)CC[C@@]4(NC(=O)/C=C/Cc5ccc(Cl)cc5)[C@@H](C2)N(CC2CC2)CC[C@]314,8.09
OPRM1,CHEMBL499595,C[C@@H]1NC(=O)[C@@H](Cc2c[nH]c3ccccc23)NC(=O)[C@H](Cc2ccccc2)NC(=O)[C@H]2CCCN2C1=O,8.09
OPRM1,CHEMBL3262544,CCC1C(=O)N(C2CCN([C@H]3CC[C@@H]4CCCc5cccc3c54)CC2)c2ccccc21,8.09
OPRM1,CHEMBL3928190,CN(C)C1(c2ccccc2)CCC(c2ccccc2)(N(C)C(=O)/C=C/c2ccccc2)CC1,8.09
OPRM1,CHEMBL4752423,CNC(=O)COCC(=O)NCCCCNC(=O)COCC(=O)N[C@@H]1CC[C@@]2(O)[C@H]3Cc4ccc(O)c5c4[C@@]2(CCN3CC2CC2)[C@H]1O5,8.09
OPRM1,CHEMBL5566297,C[C@@H]1NC(=O)[C@H](NC(=O)[C@@H](N)Cc2ccc(O)cc2)CCCCNC(=O)C[C@H](C(=O)N2CCC[C@H]2C(N)=O)NC(=O)[C@H](Cc2ccccc2)NC1=O,8.09
OPRM1,CHEMBL5827514,CN(C)[C@]1(c2ccccc2)CC[C@]2(CC1)CN(CCC(=O)NCc1ncco1)C(=O)N2CC1CCC1,8.09
OPRM1,CHEMBL5880273,CN(C)[C@]1(c2ccccc2)CC[C@]2(CC1)CN(C(C)(C)c1ccccc1)C(=O)N2CC1(O)CCC1,8.09
OPRM1,CHEMBL301701,C[C@H]1[C@H]2Cc3cc4sc(N)nc4cc3[C@]1(C)CCN2CC1CCC1,8.08
OPRM1,CHEMBL319822,C[C@@H](NC(=O)[C@@H](N)Cc1ccc(O)cc1)C(=O)NCC(=O)N[C@@H](Cc1c[nH]c2ccccc12)C(=O)NNC(=O)[C@H](N)Cc1ccccc1,8.08
OPRM1,CHEMBL138653,C[C@H]1CN(Cc2cccn2S(=O)(=O)c2ccccc2)CC[C@@]1(C)c1cccc(C(N)=O)c1,8.08
OPRM1,CHEMBL418020,O=C1NCN(c2ccccc2)C12CCN([C@@H]1CCc3c(Cl)ccc(Cl)c3C1)CC2,8.08
OPRM1,CHEMBL501238,CN1C(=O)[C@H](NC(=O)Nc2cccc(OCCNC(=O)COCC(=O)NNC(=O)COCC(=O)N[C@H]3CC[C@@]4(O)[C@H]5Cc6cc(O)cc7c6[C@@]4(CCN5C)[C@H]3O7)c2)N=C(c2ccccc2)c2ccccc21,8.08
OPRM1,CHEMBL2107292,C[C@H]1[C@H]2C(=O)c3ccc(O)cc3[C@]1(C)CCN2CC1CC1,8.08
OPRM1,CHEMBL495058,O=C(N[C@H]1CC[C@@]2(O)[C@H]3Cc4ccc(O)c5c4[C@@]2(CCN3CC2CC2)[C@H]1O5)c1ccc2ccccc2c1,8.08
OPRM1,CHEMBL4211113,C[C@H]1[C@H]2Cc3cc4sc(N)nc4cc3[C@@]1(C)CCN2CC1CCC1,8.08
OPRM1,CHEMBL6039799,C[C@@H](Cc1csc2ccccc12)NC(=O)NC[C@H](Cc1ccc(O)cc1)N(C)C,8.08
OPRM1,CHEMBL1400,CN(C)C[C@H]1CCCC[C@]1(O)c1cccc(O)c1,8.07
OPRM1,CHEMBL575647,CC(C)(CCCCCCC(C)(C)C(=O)Oc1ccc2c(c1)[C@@]13CCCC[C@H]1[C@@H](C2)N(CC1CCC1)CC3)C(=O)OCc1ccccc1,8.07
OPRM1,CHEMBL2048782,COc1ccccc1CNc1ccc2c3c1O[C@H]1[C@@H](O)C=C[C@H]4[C@@H](C2)N(C)CC[C@@]341,8.07
OPRM1,CHEMBL2179650,Oc1ccc2c3c1O[C@H]1c4ncc(-c5ccc(Cl)cc5)cc4C[C@@]4(OCc5ccccc5)[C@@H](C2)N(CC2CC2)CC[C@]314,8.07
OPRM1,CHEMBL3923831,CO[C@H]1C=CC2C3Cc4ccc(O)c5c4[C@@]2(CCN3C)C1O5,8.07
OPRM1,CHEMBL4516674,Cc1nc(N)nc2c1C[C@@]1(O)[C@H]3Cc4ccc(O)c5c4[C@@]1(CCN3CC1CC1)[C@H]2O5,8.07
OPRM1,CHEMBL63232,CCNC(=O)c1ccc(C(=C2CC3CCC(C2)N3Cc2ccccc2Cl)c2ccc(O)cc2)cc1,8.06
OPRM1,CHEMBL141261,COc1ccc(CN2CC[C@@](C)(c3cccc(C(N)=O)c3)[C@@H](C)C2)c(OC)c1,8.06
OPRM1,CHEMBL40993,COc1ccccc1CN1CCC[C@@H]1C/N=C(\S)N1Cc2ccccc2C[C@H]1CNC(=O)Nc1ccccc1,8.06
OPRM1,CHEMBL359534,COC1[C@H](SC2OC(C(=O)O)C(O)C(O)C2O)C=C[C@H]2[C@H]3Cc4ccc(O)cc4[C@@]12CCN3C,8.06
OPRM1,CHEMBL373910,CCn1cc(-c2ccccc2)c2c1[C@@H]1Oc3c(O)ccc4c3[C@@]13CCN(CC1CC1)C(C4)[C@]3(O)C2,8.06
OPRM1,CHEMBL577748,C[C@@H](NC(=O)[C@H](Cc1ccccc1)NC(=O)[C@@H]1CCCN1C(=O)[C@@H](N)Cc1ccc(O)cc1)C(=O)NCc1ccccc1,8.06
OPRM1,CHEMBL1774951,O=C(CCCCCCCCC(=O)Nc1nc2cc3c(cc2s1)C[C@@H]1[C@@H]2CCCC[C@]32CCN1CC1CC1)Nc1nc2cc3c(cc2s1)C[C@@H]1[C@@H]2CCCC[C@]32CCN1CC1CC1,8.06
OPRM1,CHEMBL3357967,CCOC(=O)Cc1c2c(n(Cc3ccccc3)c1O)[C@@H]1Oc3c(O)ccc4c3[C@@]13CCN(CC1CC1)[C@H](C4)[C@]3(O)C2,8.06
OPRM1,CHEMBL3597072,CC(C)C[C@H](NC(=O)[C@H](CO[C@@H]1O[C@H](CO)[C@@H](O)[C@H](O)[C@H]1O)NC(=O)[C@H](CCCCN)NC(=O)[C@H](CC(C)C)NC(=O)[C@H](C)NC(=O)[C@H](CCCCN)NC(=O)[C@H](CCC(=O)O)NC(=O)C(C)(C)NC(=O)[C@H](CC(C)C)NC(=O)[C@H](CC(N)=O)NC(=O)[C@@H]1CCCN1C(=O)[C@H](Cc1ccccc1)N(C)C(=O)CNC(=O)[C@@H](C)NC(=O)[C@@H](N)Cc1ccc(O)cc1)C(N)=O,8.06
OPRM1,CHEMBL4109061,CO[C@]12CC[C@@]3(C[C@@H]1COCc1ccccc1)[C@H]1Cc4ccc(OCC(N)=O)c5c4[C@@]3(CCN1CC1CC1)[C@H]2O5,8.06
OPRM1,CHEMBL575508,CC(C)[C@@H](CN1CC[C@@](C)(c2cccc(O)c2)[C@@H](C)C1)NC(=O)[C@H]1Cc2ccc(O)cc2CN1C,8.05
OPRM1,CHEMBL27699,O=C1NCN(c2ccccc2)C12CCN(C1CCc3c(Cl)cccc3C1)CC2,8.05
OPRM1,CHEMBL383094,CCCCCCCN1C[C@H](C)[C@](C)(c2cccc(O)c2)C[C@H]1CCC,8.05
OPRM1,CHEMBL228848,CCc1ccccc1C(c1ccccc1)N1CCC(O)(c2ccccc2)CC1,8.05
OPRM1,CHEMBL437372,Cc1cc(O)cc(C)c1C[C@H](N)C(=O)NCCCc1nc(C)c(C)[nH]c1=O,8.05
OPRM1,CHEMBL239045,CCOCn1c(=O)n(C2CCN(CCC(Oc3cc(OC)ccc3C)C(C)C)CC2)c2ccccc21,8.05
OPRM1,CHEMBL429677,COc1cc(CC(=O)N(C)[C@H](CN2CC[C@H](O)C2)c2ccccc2)c(S(=O)(=O)N2CCOCC2)cc1OC,8.05
OPRM1,CHEMBL205049,Cc1cc(C(N)=O)cc(C)c1C[C@H](N)C(=O)N1CCCC[C@H]1c1nc(-c2ccccc2)c[nH]1,8.05
OPRM1,CHEMBL2386896,Oc1ccc2c(c1)[C@]1(CCc3ccccc3)CCN(CCc3ccccc3)C[C@@H]1O2,8.05
OPRM1,CHEMBL3326223,CN(C)[C@]1(c2ccccc2)CC[C@@H](NCCc2c[nH]c3ccc(F)cc23)CC1.Cl.Cl,8.05
OPRM1,CHEMBL4130069,N[C@@H](Cc1ccc(O)cc1)C(=O)N[C@@H]1CSSC[C@@H](NC(=O)[C@@H](N)Cc2ccc(O)cc2)C(=O)NCC(=O)N[C@@H](Cc2ccccc2)C(=O)N2CCN(CC2)C(=O)[C@H](Cc2ccccc2)NC(=O)CNC1=O,8.05
OPRM1,CHEMBL5089489,CCC(=O)N(CC1(N2CCN(Cc3ccccc3)CC2)CC1)c1ccccc1O,8.05
OPRM1,CHEMBL5075502,CCC(=O)N(CC1(N2CCN(Cc3ccccc3)CC2)CC1)c1ccccc1F,8.05
OPRM1,CHEMBL5558455,CC[C@H](C)[C@H](NC(=O)[C@H](CCCN1CCC(Cc2ccccc2)CC1)NC(=O)CCN1Cc2ccccc2C[C@H](NC(=O)[C@@H](CCCNC(=N)N)NC(=O)[C@@H](N)Cc2c(C)cc(O)cc2C)C1=O)C(N)=O,8.05
OPRM1,CHEMBL5560739,Cc1cc(O)cc(C)c1C[C@@H](N)C(=O)N[C@H](CCCNC(=N)N)C(=O)N[C@@H](Cc1ccccc1)C(=O)N(C)CCC(=O)N[C@@H](CCCN1CCC(Cc2ccccc2)CC1)C(=O)N[C@@H](Cc1ccccc1)C(N)=O,8.05
OPRM1,CHEMBL5567322,Cl.O=C(CCc1ccccc1)N(c1ccccc1)C1CCN(CCc2ccccc2)CC1,8.05
OPRM1,CHEMBL5630308,COc1ccc2c3c1O[C@H]1[C@@]4(OC)C=C[C@@]5(C[C@@H]4C(=O)c4ccc(NC(=O)c6ccccc6)cc4)[C@@H](C2)N(CC2CC2)CC[C@]315,8.05
OPRM1,CHEMBL5925494,COc1ccc2c3c1O[C@H]1C4(OC)CC[C@@]5(C[C@]4(C)COCc4ccccc4)[C@@H](C2)N(CC2CC2)CC[C@]315,8.05
OPRM1,CHEMBL5971731,COc1ccc(CN2C[C@]3(CC[C@](c4ccccc4)(N(C)C)CC3)N(CC3(O)CCC3)C2=O)cc1,8.05
OPRM1,CHEMBL6046435,Fc1ccc([C@]2(CCNCc3ccc(Cl)cc3)CCO[C@]3(CCOC3)C2)nc1,8.05
OPRM1,CHEMBL610033,N/C(=N\CCc1ccc2[nH]c3c(c2c1)C[C@@]1(O)[C@H]2Cc4ccc(O)c5c4[C@@]1(CCN2CC1CC1)[C@H]3O5)NCc1ccc([N+](=O)[O-])cc1,8.04
OPRM1,CHEMBL2111836,CN1c2ccccc2C(c2ccccc2)=NC[C@@H]1CCNC(=O)c1cccs1,8.04
OPRM1,CHEMBL1766031,COc1cccc(CNc2nc3cc4c(cc3s2)C[C@@H]2[C@@H]3CCCC[C@]43CCN2CC2CC2)c1,8.04
OPRM1,CHEMBL2397017,O=C(N[C@@]12CCC(=O)[C@@H]3Oc4c(O)ccc5c4[C@@]31CCN(CC1CC1)[C@@H]2C5)c1ccc2ccccc2n1,8.04
OPRM1,CHEMBL3086751,Cl.O=C(N[C@@]12CCC(=O)[C@@H]3Oc4c(O)ccc5c4[C@@]31CCN(CC1CC1)[C@@H]2C5)c1ccc2ccccc2n1,8.04
OPRM1,CHEMBL3219778,CNC(=O)COCC(=O)NCCCCCCCNC(=O)COCC(=O)N[C@@H]1CC[C@@]2(O)[C@H]3Cc4ccc(O)c5c4[C@@]2(CCN3CC2CC2)[C@H]1O5,8.04
OPRM1,CHEMBL3697625,Cc1nnc(C(C)C)n1C1CC2CCC(C1)N2CC[C@H](NC(=O)C1CCC(F)(F)CC1)c1cccc(NC(=O)COCC(=O)NCCCCCCCNC(=O)COCC(=O)N[C@@H]2CC[C@@]3(O)[C@H]4Cc5ccc(O)c6c5[C@@]3(CCN4CC3CC3)[C@H]2O6)c1,8.04
OPRM1,CHEMBL4113058,COc1ccc2c3c1O[C@H]1[C@@]4(OC)CC[C@@]5(C[C@@H]4CNCc4ccccc4)[C@@H](C2)N(CC2CC2)CC[C@]315,8.04
OPRM1,CHEMBL361922,COC(=O)[C@H](Cc1ccccc1)NC(=O)[C@H](Cc1ccccc1)NC(=O)[C@@H]1CCCN1C(=O)[C@@H](N)Cc1ccc(O)cc1,8.04
OPRM1,CHEMBL5557493,Cc1cccc(C)c1N(C(=O)c1ccco1)C1CCN(CCc2ccccc2)CC1,8.04
OPRM1,CHEMBL6023175,COc1ccc(CN2C[C@]3(CC[C@](c4ccccc4)(N(C)C)CC3)N(CC3(O)CCCC3)C2=O)cc1,8.04
OPRM1,CHEMBL127969,CN1c2ccccc2C(c2ccccc2)=NCC1CCNC(=O)c1cccs1,8.03
OPRM1,CHEMBL411557,CC[C@H](C)[C@H](NC(=O)[C@H](CCCNC(=N)N)NC(=O)[C@H](CCCNC(=N)N)NC(=O)[C@H](CC(C)C)NC(=O)[C@H](Cc1ccccc1)NC(=O)CNC(=O)CNC(=O)[C@@H](N)Cc1ccc(O)cc1)C(=O)N[C@@H](CCCNC(=N)N)C(=O)N1CCC[C@H]1C(=O)N[C@@H](CCCCN)C(=O)N[C@@H](CC(C)C)C(=O)N[C@@H](CCCCN)C(=O)N[C@@H](Cc1c[nH]c2ccccc12)C(=O)N[C@@H](CC(=O)O)C(=O)N[C@@H](CC(N)=O)C(=O)N[C@@H](CCC(N)=O)C(=O)O,8.03
OPRM1,CHEMBL568309,CC[C@@]12CCN(C[C@@H](O)c3ccccc3)C[C@@H]1Oc1ccc(O)cc12,8.03
OPRM1,CHEMBL2409224,CC(C)C[C@H](NC(=O)[C@H](Cc1ccccc1)NC(=O)CNC(=O)[C@@H](C)NC(=O)[C@@H](N)Cc1ccc(O)cc1)C(=O)N[C@@H](CCCNC(=N)N)C(=O)N[C@@H](CCCCN)C(=O)N[C@@H](Cc1ccc(O)cc1)C(=O)N1CCC[C@H]1C(=O)N[C@@H](CCCCN)C(=O)O,8.03
OPRM1,CHEMBL4115091,CO[C@]12CC[C@@]3(C[C@@H]1COc1ccc(-n4ccnc4)cc1)[C@H]1Cc4ccc(O)c5c4[C@@]3(CCN1C)[C@H]2O5,8.03
OPRM1,CHEMBL4790994,Cc1cc(O)cc(C)c1C[C@H](N)C(=O)N[C@H](CCCNC(=N)N)C(=O)N[C@H]1Cc2ccccc2CN(CCC(=O)N[C@@H](CCCN2CCC(Cc3ccccc3)CC2)C(=O)N[C@@H](Cc2ccccc2)C(N)=O)C1=O,8.03
OPRM1,CHEMBL5282901,CN(C)CC1CN(C(=O)Cc2ccccc2Cl)CCC1(O)c1cccc(O)c1,8.03
OPRM1,CHEMBL1255661,Cl.Oc1ccc2c3c1O[C@H]1c4[nH]c5c(c4C[C@@]4(O)[C@@H](C2)N(CC2CC2)CC[C@]314)C[C@@]1(O)[C@H]2Cc3ccc(O)c4c3[C@@]1(CCN2CC1CC1)[C@H]5O4,8.03
OPRM1,CHEMBL6067840,COc1ccc2c(c1)[C@]13CCN(CC4CC4)[C@H](C2)[C@]12CCC(NC(=O)CCc1ccccc1)(CO2)C3,8.03
OPRM1,CHEMBL434018,C=CCN1C2CCC1CC(=C(c1ccc(C(=O)NCC)cc1)c1cccc(O)c1)C2,8.02
OPRM1,CHEMBL217999,Cc1ccc(CN2CCN3C[C@H](C)[C@](C)(c4cccc(O)c4)C[C@@H]3C2)cc1,8.02
OPRM1,CHEMBL443601,CN(C)C[C@H]1CCCC[C@]1(O)c1cccc(C(N)=O)c1,8.02
OPRM1,CHEMBL475107,C[C@H]1C2Cc3ccc4[nH]cnc4c3[C@@]1(C)CCN2CC1CC1,8.02
OPRM1,CHEMBL1457,COc1ccc2c3c1O[C@H]1C(=O)CC[C@H]4[C@@H](C2)N(C)CC[C@]314,8.02
OPRM1,CHEMBL2048777,COc1ccc(CN(C)c2ccc3c(c2)[C@@]24CCCC[C@H]2[C@@H](C3)N(CC2CCC2)CC4)cc1,8.02
OPRM1,CHEMBL3086307,CNc1nc2c(s1)C[C@H]1[C@H]3Cc4ccc(OC)cc4[C@@]1(CCN3CC1CC1)C2,8.02
OPRM1,CHEMBL3326222,CN(C)[C@]1(c2ccccc2)CC[C@@H](NCCc2c[nH]c3ccccc23)CC1.Cl.Cl,8.02
OPRM1,CHEMBL438389,CC(C)C[C@H](NC(=O)[C@@H]1CCCN1C(=O)[C@H](Cc1ccccc1)NC(=O)CNC(=O)[C@@H](C)NC(=O)[C@@H](N)Cc1ccc(O)cc1)C(=O)N[C@@H](Cc1c[nH]c2ccccc12)C(=O)NCc1cc(C(F)(F)F)cc(C(F)(F)F)c1,8.02
OPRM1,CHEMBL3808523,Cc1cc(O)cc(C)c1C[C@H](N)C(=O)N[C@H](CCCNC(=N)N)C(=O)N[C@H]1Cc2ccccc2CN(CCC(=O)N[C@@H](CCCNC(=N)N)C(=O)N[C@@H](Cc2ccc(O)cc2)C(=O)N[C@@H](Cc2ccc(O)cc2)C(=O)N[C@@H](CCCNC(=N)N)C(=O)N[C@@H](Cc2c[nH]c3ccccc23)C(=O)N[C@@H](CCCNC(=N)N)C(N)=O)C1=O,8.02
OPRM1,CHEMBL3678964,CO[C@]12CC[C@@]3(C[C@@H]1COCc1ccc(F)cc1)[C@H]1Cc4ccc(O)c5c4[C@@]3(CC[N+]1(C)CC1CC1)[C@H]2O5,8.02
OPRM1,CHEMBL4108329,CC(C)CCC(=O)N[C@H]1C[C@@]2(O)[C@H]3Cc4ccc(O)cc4[C@@]2(CCN3CC2CC2)CC1=O,8.02
OPRM1,CHEMBL4112548,CC(C)CCCC(=O)N[C@H]1C[C@@]2(O)[C@H]3Cc4ccc(O)cc4[C@@]2(CCN3CC2CC2)CC1=O,8.02
OPRM1,CHEMBL4763225,CO[C@@]12CC[C@@H](N[C@@H](CCC(N)=O)C(=O)O)[C@@H]3Oc4c(O)ccc5c4[C@@]31CCN(C)[C@@H]2C5,8.02
OPRM1,CHEMBL5549759,CC(=O)N(c1ccccc1C)C1CCN(CCc2ccccc2)CC1,8.02
OPRM1,CHEMBL5827187,CNC(=O)CN1C[C@]2(CC[C@](c3ccccc3)(N(C)C)CC2)N(CC2CC2)C1=O,8.02
OPRM1,CHEMBL610035,CCC/N=C(\NCCC)Nc1ccc2[nH]c3c(c2c1)C[C@@]1(O)[C@H]2Cc4ccc(O)c5c4[C@@]1(CCN2CC1CC1)[C@H]3O5,8.01
OPRM1,CHEMBL321170,O=C1CC[C@@]2(OCCCc3ccccc3)[C@H]3Cc4cccc5c4C2(CCN3CC2CC2)C1O5,8.01
OPRM1,CHEMBL138473,C[C@H]1CN(Cc2cccc(Cl)c2)CC[C@@]1(C)c1cccc(C(N)=O)c1,8.01
OPRM1,CHEMBL219154,C[C@H]1CN2CCN(Cc3cccc(Oc4ccccc4)c3)C[C@H]2C[C@@]1(C)c1cccc(O)c1,8.01
OPRM1,CHEMBL246739,Cc1cc(C(N)=O)cc(C)c1C[C@H](N)C(=O)NCC(=O)NCC(=O)N[C@@H](Cc1ccccc1)C(=O)N[C@@H](CC(C)C)C(=O)O,8.01
OPRM1,CHEMBL247758,Cc1cc(C(N)=O)cc(C)c1C[C@H](N)C(=O)N[C@@H](C)C(=O)NCC(=O)N[C@@H](Cc1ccccc1)C(=O)N[C@@H](CC(C)C)C(=O)O,8.01
OPRM1,CHEMBL577168,COc1ccc2c3c1O[C@H]1C(=O)CC[C@@]4(NCC#Cc5ccc(Cl)cc5)[C@@H](C2)N(CC2CC2)CC[C@]314,8.01
OPRM1,CHEMBL3745782,COc1nnc(OCCCC(=O)NCCCCCCNC(=O)[C@H]2C[C@@]34CC[C@]2(OC)[C@@H]2Oc5c(O)ccc6c5[C@@]23CCN(C)[C@@H]4C6)nn1,8.01
OPRM1,CHEMBL4543425,O=C(Nc1ccccn1)C1=C(O)[C@@H]2Oc3c(O)ccc4c3[C@@]23CCN(CC2CC2)[C@H](C4)[C@]3(O)C1,8.01
OPRM1,CHEMBL308522,Cc1cccc(N2CNC(=O)C23CCN(C2Cc4cccc5cccc2c45)CC3)c1,8.0
OPRM1,CHEMBL237073,NC(=O)c1ccc(Oc2ccc3c(c2)CCCN(CCc2ccccc2)C3)nc1,8.0
OPRM1,CHEMBL272021,O=C(O)c1ccc(C(=O)N[C@@H]2CC[C@@]3(O)[C@H]4Cc5ccc(O)c6c5[C@@]3(CCN4CC3CC3)[C@H]2O6)cc1,8.0
OPRM1,CHEMBL403325,C[C@H]1CN(CCC(=O)N[C@@H](CCc2ccccc2)C(=O)O)CC[C@@]1(C)c1cccc(O)c1,8.0
OPRM1,CHEMBL410436,COC(=O)[C@@H]1C[C@H](OC(=O)c2ccsc2)C(=O)[C@H]2[C@@]1(C)CC[C@H]1C(=O)O[C@H](c3ccoc3)C[C@]21C,8.0
OPRM1,CHEMBL264967,COC(=O)[C@@H]1C[C@H](OC(=O)c2cccs2)C(=O)[C@H]2[C@@]1(C)CC[C@H]1C(=O)O[C@H](c3ccoc3)C[C@]21C,8.0
OPRM1,CHEMBL260121,COC(=O)[C@@H]1C[C@H](OC(=O)c2cc3ccccc3o2)C(=O)[C@H]2[C@@]1(C)CC[C@H]1C(=O)O[C@H](c3ccoc3)C[C@]21C,8.0
OPRM1,CHEMBL259299,COC(=O)[C@@H]1C[C@H](OC(=O)c2ccc(Br)cc2)C(=O)[C@H]2[C@@]1(C)CC[C@H]1C(=O)O[C@H](c3ccoc3)C[C@]21C,8.0
OPRM1,CHEMBL501447,Cl.O[C@@]12CCCC[C@@]13CCN(CC1CCC1)[C@@H]2Cc1ccc(OCCc2ccccc2)cc13,8.0
OPRM1,CHEMBL515593,C[C@H]1C2Cc3cc4nn[nH]c4cc3[C@@]1(C)CCN2CC1CC1,8.0
OPRM1,CHEMBL1642746,CC1(C)CCC(NCc2ccc(N3CCCc4cc(C(N)=O)ccc43)cc2)CC1,8.0
OPRM1,CHEMBL1766036,CN(C)c1nc2cc3c(cc2s1)C[C@@H]1[C@@H]2CCCC[C@]32CCN1CC1CC1,8.0
OPRM1,CHEMBL1766030,c1ccc(CNc2nc3cc4c(cc3s2)C[C@@H]2[C@@H]3CCCC[C@]43CCN2CC2CC2)cc1,8.0
OPRM1,CHEMBL1766032,Oc1cccc(CNc2nc3cc4c(cc3s2)C[C@@H]2[C@@H]3CCCC[C@]43CCN2CC2CC2)c1,8.0
OPRM1,CHEMBL1818341,CC(C)CNCc1ccc(-c2ccccc2S(=O)(=O)N2CCCC2)cc1,8.0
OPRM1,CHEMBL2443271,Clc1ccccc1CNCC[C@@]1(c2ccccn2)CCOC2(CCCC2)C1,8.0
OPRM1,CHEMBL3409111,Oc1ccc2c(c1)[C@]1(CCCCc3ccccc3)CCN(CCc3ccccc3F)C[C@@H]1O2,8.0
OPRM1,CHEMBL3890980,CC(=O)N(CCN1[C@@H]2CC[C@H]1C[C@@H](c1cccc(O)c1)C2)Cc1ccccc1,8.0
OPRM1,CHEMBL3975037,O=C(C1CCCC1)N(CCN1[C@@H]2CC[C@H]1C[C@@H](c1cccc(O)c1)C2)Cc1ccccc1,8.0
OPRM1,CHEMBL3911562,CCC(CC)C(=O)N(CCN1[C@@H]2CC[C@H]1C[C@@H](c1cccc(O)c1)C2)Cc1ccccc1,8.0
OPRM1,CHEMBL3914215,COC(=O)CCC(=O)N(CCN1[C@@H]2CC[C@H]1C[C@@H](c1cccc(O)c1)C2)Cc1ccccc1,8.0
OPRM1,CHEMBL3949382,O=C(O)CCC(=O)N(CCN1[C@@H]2CC[C@H]1C[C@@H](c1cccc(O)c1)C2)Cc1ccccc1,8.0
OPRM1,CHEMBL3958806,CC(=O)N(CCN1[C@@H]2CC[C@H]1C[C@@H](c1cccc(O)c1)C2)CC1CCCCC1,8.0
OPRM1,CHEMBL3897058,CCC(=O)N(CCN1[C@@H]2CC[C@H]1C[C@@H](c1cccc(O)c1)C2)CC1CCCCC1,8.0
OPRM1,CHEMBL3899784,O=C(C1CCCC1)N(CCN1[C@@H]2CC[C@H]1C[C@@H](c1cccc(O)c1)C2)CC1CCCCC1,8.0
OPRM1,CHEMBL3935092,O=C(C1CCCCC1)N(CCN1[C@@H]2CC[C@H]1C[C@@H](c1cccc(O)c1)C2)CC1CCCCC1,8.0
OPRM1,CHEMBL3937881,O=C(CCC1CCCC1)N(CCN1[C@@H]2CC[C@H]1C[C@@H](c1cccc(O)c1)C2)CC1CCCCC1,8.0
OPRM1,CHEMBL3983714,CC(C)CC(=O)N(CCN1[C@@H]2CC[C@H]1C[C@@H](c1cccc(O)c1)C2)CC1CCCCC1,8.0
OPRM1,CHEMBL3914068,O=C(CO)N(CCN1[C@@H]2CC[C@H]1C[C@@H](c1cccc(O)c1)C2)CC1CCCCC1,8.0
OPRM1,CHEMBL3915013,O=C(Cc1ccccc1)N(CCN1[C@@H]2CC[C@H]1C[C@@H](c1cccc(O)c1)C2)CC1CCCCC1,8.0
OPRM1,CHEMBL3912364,O=C(O)CC1(CC(=O)N(CCN2[C@@H]3CC[C@H]2C[C@@H](c2cccc(O)c2)C3)CC2CCCCC2)CCCCC1,8.0
OPRM1,CHEMBL3919593,O=C(O)CC1(CC(=O)N(CCN2[C@@H]3CC[C@H]2C[C@@H](c2cccc(O)c2)C3)CC2CCCCC2)CCCC1,8.0
OPRM1,CHEMBL3955687,O=C(O)C1CCCCC1C(=O)N(CCN1[C@@H]2CC[C@H]1C[C@@H](c1cccc(O)c1)C2)CC1CCCCC1,8.0
OPRM1,CHEMBL3911517,O=C(O)CCC(=O)N(CCN1[C@@H]2CC[C@H]1C[C@@H](c1cccc(O)c1)C2)CC1CCCCC1,8.0
OPRM1,CHEMBL3954518,CC(C)(CC(=O)O)CC(=O)N(CCN1[C@@H]2CC[C@H]1C[C@@H](c1cccc(O)c1)C2)CC1CCCCC1,8.0
OPRM1,CHEMBL3938671,O=C(O)CS(=O)(=O)CC(=O)N(CCN1[C@@H]2CC[C@H]1C[C@@H](c1cccc(O)c1)C2)CC1CCCCC1,8.0
OPRM1,CHEMBL3930987,O=C(O)CC(=O)N(CCN1[C@@H]2CC[C@H]1C[C@@H](c1cccc(O)c1)C2)CC1CCCCC1,8.0
OPRM1,CHEMBL3981775,CCC(C)NC(=O)N(CCN1[C@@H]2CC[C@H]1C[C@@H](c1cccc(O)c1)C2)CC1CCCCC1,8.0
OPRM1,CHEMBL3973947,O=C(NCc1ccccc1)N(CCN1[C@@H]2CC[C@H]1C[C@@H](c1cccc(O)c1)C2)CC1CCCCC1,8.0
OPRM1,CHEMBL3931758,O=C(Nc1ccc2c(c1)OCO2)N(CCN1[C@@H]2CC[C@H]1C[C@@H](c1cccc(O)c1)C2)CC1CCCCC1,8.0
OPRM1,CHEMBL3934448,O=C(Nc1cccc(F)c1)N(CCN1[C@@H]2CC[C@H]1C[C@@H](c1cccc(O)c1)C2)CC1CCCCC1,8.0
OPRM1,CHEMBL3977132,CCCCCNC(=O)N(CCN1[C@@H]2CC[C@H]1C[C@@H](c1cccc(O)c1)C2)CC1CCCCC1,8.0
OPRM1,CHEMBL3929945,O=C(NCc1ccc(F)cc1)N(CCN1[C@@H]2CC[C@H]1C[C@@H](c1cccc(O)c1)C2)CC1CCCCC1,8.0
OPRM1,CHEMBL3930802,NC(=O)c1cccc([C@H]2C[C@H]3CC[C@@H](C2)N3CCN(C[C@H]2CC[C@@H](O)CC2)C(=O)[C@@H](O)CO)c1,8.0
OPRM1,CHEMBL3895484,NC(=O)c1cccc([C@H]2C[C@H]3CC[C@@H](C2)N3CCN(C[C@H]2CC[C@H](O)CC2)C(=O)[C@@H](O)CO)c1,8.0
OPRM1,CHEMBL3892763,CC1(C)C(CN(CCN2[C@@H]3CC[C@H]2C[C@@H](c2cccc(C(N)=O)c2)C3)C(=O)CO)C1(C)C,8.0
OPRM1,CHEMBL3954621,NC(=O)c1cccc([C@H]2C[C@H]3CC[C@@H](C2)N3CCN(CC2CCCCC2)C(=O)[C@H](O)CO)c1,8.0
OPRM1,CHEMBL3911639,NC(=O)c1cccc([C@H]2C[C@H]3CC[C@@H](C2)N3CCN(CC2CCC(C(F)(F)F)CC2)C(=O)[C@@H](O)CO)c1.O=C(O)C(F)(F)F,8.0
OPRM1,CHEMBL3909993,CS(=O)(=O)CC(=O)N(CCN1[C@@H]2CC[C@H]1C[C@@H](c1cccc(C(N)=O)c1)C2)CC1CCC(C(F)(F)F)CC1.O=C(O)C(F)(F)F,8.0
OPRM1,CHEMBL3907179,NC(=O)c1cccc([C@H]2C[C@H]3CC[C@@H](C2)N3CCN(CC2CCC(C(F)(F)F)CC2)C(=O)CO)c1.O=C(O)C(F)(F)F,8.0
OPRM1,CHEMBL3971000,CC1CCC(CN(CCN2[C@@H]3CC[C@H]2C[C@@H](c2cccc(C(N)=O)c2)C3)C(=O)[C@@H](O)CO)CC1.O=C(O)C(F)(F)F,8.0
OPRM1,CHEMBL3968243,CC1CCC(CN(CCN2[C@@H]3CC[C@H]2C[C@@H](c2cccc(C(N)=O)c2)C3)C(=O)CS(C)(=O)=O)CC1.O=C(O)C(F)(F)F,8.0
OPRM1,CHEMBL3949956,NC(=O)c1cccc([C@H]2C[C@H]3CC[C@@H](C2)N3CCN(CC(F)(F)c2ccccc2)C(=O)[C@@H](O)CO)c1.O=C(O)C(F)(F)F,8.0
OPRM1,CHEMBL3952629,CS(=O)(=O)CC(=O)N(CCN1[C@@H]2CC[C@H]1C[C@@H](c1cccc(C(N)=O)c1)C2)Cc1cccc(F)c1.O=C(O)C(F)(F)F,8.0
OPRM1,CHEMBL3954319,NC(=O)c1cccc([C@H]2C[C@H]3CC[C@@H](C2)N3CCN(Cc2cccc(F)c2)C(=O)CO)c1.O=C(O)C(F)(F)F,8.0
OPRM1,CHEMBL3966240,CS(=O)(=O)CC(=O)N(CCc1ccc(O)cc1)CCN1[C@@H]2CC[C@H]1C[C@@H](c1cccc(C(N)=O)c1)C2.O=C(O)C(F)(F)F,8.0
OPRM1,CHEMBL3963911,NC(=O)c1cccc([C@H]2C[C@H]3CC[C@@H](C2)N3CCN(CCc2ccc(O)cc2)C(=O)CO)c1.O=C(O)C(F)(F)F,8.0
OPRM1,CHEMBL3904914,CS(=O)(=O)CC(=O)N(CCc1ccc(F)cc1)CCN1[C@@H]2CC[C@H]1C[C@@H](c1cccc(C(N)=O)c1)C2.O=C(O)C(F)(F)F,8.0
OPRM1,CHEMBL3921767,NC(=O)c1cccc([C@H]2C[C@H]3CC[C@@H](C2)N3CCN(CCc2ccc(F)cc2)C(=O)CO)c1.O=C(O)C(F)(F)F,8.0
OPRM1,CHEMBL3979596,NC(=O)c1cccc([C@H]2C[C@H]3CC[C@@H](C2)N3CCN(CCc2cccc(F)c2)C(=O)CO)c1.O=C(O)C(F)(F)F,8.0
OPRM1,CHEMBL3954546,CN(C)S(=O)(=O)N(CCN1[C@@H]2CC[C@H]1C[C@@H](c1cccc(C(N)=O)c1)C2)Cc1ccc(CF)cc1.O=C(O)C(F)(F)F,8.0
OPRM1,CHEMBL3936633,NC(=O)c1cccc([C@H]2C[C@H]3CC[C@@H](C2)N3CCN(Cc2ccc(F)cc2)C(=O)CO)c1.O=C(O)C(F)(F)F,8.0
OPRM1,CHEMBL3981656,CS(=O)(=O)CC(=O)N(CCN1[C@@H]2CC[C@H]1C[C@@H](c1cccc(C(N)=O)c1)C2)Cc1ccc(F)cc1.O=C(O)C(F)(F)F,8.0
OPRM1,CHEMBL3979255,CS(=O)(=O)CC(=O)N(CCN1[C@@H]2CC[C@H]1C[C@@H](c1cccc(C(N)=O)c1)C2)Cc1ccc(C(F)(F)F)cc1.O=C(O)C(F)(F)F,8.0
OPRM1,CHEMBL3920969,CN(C)S(=O)(=O)N(CCN1[C@@H]2CC[C@H]1C[C@@H](c1cccc(C(N)=O)c1)C2)Cc1ccc(C(F)(F)F)cc1.O=C(O)C(F)(F)F,8.0
OPRM1,CHEMBL3911241,NC(=O)c1cccc([C@H]2C[C@H]3CC[C@@H](C2)N3CCN(Cc2ccc(C(F)(F)F)cc2)C(=O)CO)c1.O=C(O)C(F)(F)F,8.0
OPRM1,CHEMBL3958491,CS(=O)(=O)N(CCN1[C@@H]2CC[C@H]1C[C@@H](c1cccc(C(N)=O)c1)C2)CC1CCCC1.O=C(O)C(F)(F)F,8.0
OPRM1,CHEMBL3955853,CC(C)(C)C(=O)N(CCN1[C@@H]2CC[C@H]1C[C@@H](c1cccc(C(N)=O)c1)C2)CC1CCCC1.O=C(O)C(F)(F)F,8.0
OPRM1,CHEMBL3898530,NC(=O)c1cccc([C@H]2C[C@H]3CC[C@@H](C2)N3CCN(CC2CCCC2)C(=O)[C@H]2CC[C@H](O)CC2)c1.O=C(O)C(F)(F)F,8.0
OPRM1,CHEMBL3964639,CC(C)(CO)C(=O)N(CCN1[C@@H]2CC[C@H]1C[C@@H](c1cccc(C(N)=O)c1)C2)CC1CCCC1.O=C(O)C(F)(F)F,8.0
OPRM1,CHEMBL3974741,NC(=O)c1cccc([C@H]2C[C@H]3CC[C@@H](C2)N3CCN(CC2CCCC2)C(=O)CCO)c1.O=C(O)C(F)(F)F,8.0
OPRM1,CHEMBL3965191,NC(=O)c1cccc([C@H]2C[C@H]3CC[C@@H](C2)N3CCN(Cc2ccccc2)C(=O)[C@H](O)CO)c1.O=C(O)C(F)(F)F,8.0
OPRM1,CHEMBL3919667,C[C@@H](O)[C@H](O)C(=O)N(CCN1[C@@H]2CC[C@H]1C[C@@H](c1cccc(C(N)=O)c1)C2)Cc1ccccc1.O=C(O)C(F)(F)F,8.0
OPRM1,CHEMBL3929334,N#CCC(=O)N(CCN1[C@@H]2CC[C@H]1C[C@@H](c1cccc(C(N)=O)c1)C2)Cc1ccccc1.O=C(O)C(F)(F)F,8.0
OPRM1,CHEMBL3972887,NC(=O)c1cccc([C@H]2C[C@H]3CC[C@@H](C2)N3CCN(Cc2ccccc2)C(=O)C2(O)CC2)c1.O=C(O)C(F)(F)F,8.0
OPRM1,CHEMBL3975358,CC(C)(CO)C(=O)N(CCN1[C@@H]2CC[C@H]1C[C@@H](c1cccc(C(N)=O)c1)C2)Cc1ccccc1.O=C(O)C(F)(F)F,8.0
OPRM1,CHEMBL3963804,COCC(=O)N(CCN1[C@@H]2CC[C@H]1C[C@@H](c1cccc(C(N)=O)c1)C2)Cc1ccccc1.O=C(O)C(F)(F)F,8.0
OPRM1,CHEMBL3907942,CS(=O)(=O)N(CCN1[C@@H]2CC[C@H]1C[C@@H](c1cccc(C(N)=O)c1)C2)Cc1ccccc1.O=C(O)C(F)(F)F,8.0
OPRM1,CHEMBL3956478,CC(C)(C)C(=O)N(CCN1[C@@H]2CC[C@H]1C[C@@H](c1cccc(C(N)=O)c1)C2)Cc1ccccc1.O=C(O)C(F)(F)F,8.0
OPRM1,CHEMBL3959139,CC(O)C(=O)N(CCN1[C@@H]2CC[C@H]1C[C@@H](c1cccc(C(N)=O)c1)C2)Cc1ccccc1.O=C(O)C(F)(F)F,8.0
OPRM1,CHEMBL3911926,CC(C)(O)C(=O)N(CCN1[C@@H]2CC[C@H]1C[C@@H](c1cccc(C(N)=O)c1)C2)Cc1ccccc1.O=C(O)C(F)(F)F,8.0
OPRM1,CHEMBL3921673,CS(=O)(=O)CC(=O)N(CCN1[C@@H]2CC[C@H]1C[C@@H](c1cccc(C(N)=O)c1)C2)Cc1ccccc1.O=C(O)C(F)(F)F,8.0
OPRM1,CHEMBL3896588,C[C@H](O)C(=O)N(CCN1[C@@H]2CC[C@H]1C[C@@H](c1cccc(C(N)=O)c1)C2)CC1CCC1.O=C(O)C(F)(F)F,8.0
OPRM1,CHEMBL3984601,NC(=O)c1cccc([C@H]2C[C@H]3CC[C@@H](C2)N3CCN(CC2CCC2)C(=O)CO)c1.O=C(O)C(F)(F)F,8.0
OPRM1,CHEMBL3956373,CC(C)(C(=O)N(CCN1[C@@H]2CC[C@H]1C[C@@H](c1cccc(C(N)=O)c1)C2)CC1CCC1)S(C)(=O)=O.O=C(O)C(F)(F)F,8.0
OPRM1,CHEMBL3953788,CS(=O)(=O)CC(=O)N(CCN1[C@@H]2CC[C@H]1C[C@@H](c1cccc(C(N)=O)c1)C2)CC1CCC1.O=C(O)C(F)(F)F,8.0
OPRM1,CHEMBL3918827,NC(=O)c1cccc([C@H]2C[C@H]3CC[C@@H](C2)N3CCN(CC2CCC2)C(=O)[C@H](O)CO)c1.O=C(O)C(F)(F)F,8.0
OPRM1,CHEMBL3916056,NC(=O)c1cccc([C@H]2C[C@H]3CC[C@@H](C2)N3CCN(CC2CCC2)C(=O)[C@@H](O)CO)c1.O=C(O)C(F)(F)F,8.0
OPRM1,CHEMBL3942380,CC(CO)(CO)C(=O)N(CCN1[C@@H]2CC[C@H]1C[C@@H](c1cccc(C(N)=O)c1)C2)CC1CCC1.O=C(O)C(F)(F)F,8.0
OPRM1,CHEMBL3939720,NC(=O)c1cccc([C@H]2C[C@H]3CC[C@@H](C2)N3CCN(CC2CCCC2)C(=O)CO)c1.O=C(O)C(F)(F)F,8.0
OPRM1,CHEMBL3904332,CS(=O)(=O)CC(=O)N(CCN1[C@@H]2CC[C@H]1C[C@@H](c1cccc(C(N)=O)c1)C2)CC1CCCC1.O=C(O)C(F)(F)F,8.0
OPRM1,CHEMBL3894611,NC(=O)c1cccc([C@H]2C[C@H]3CC[C@@H](C2)N3CCN(CC2CCCC2)C(=O)[C@H](O)CO)c1.O=C(O)C(F)(F)F,8.0
OPRM1,CHEMBL3941359,NC(=O)c1cccc([C@H]2C[C@H]3CC[C@@H](C2)N3CCN(CC2CCCC2)C(=O)[C@@H](O)CO)c1.O=C(O)C(F)(F)F,8.0
OPRM1,CHEMBL3944063,CC(CO)(CO)C(=O)N(CCN1[C@@H]2CC[C@H]1C[C@@H](c1cccc(C(N)=O)c1)C2)CC1CCCC1.O=C(O)C(F)(F)F,8.0
OPRM1,CHEMBL3910717,NC(=O)c1cccc([C@H]2C[C@H]3CC[C@@H](C2)N3CCN(CC2CCC(F)CC2)C(=O)CO)c1.O=C(O)C(F)(F)F,8.0
OPRM1,CHEMBL3928220,NC(=O)c1cccc([C@H]2C[C@H]3CC[C@@H](C2)N3CCN(CC2CCC(F)CC2)C(=O)[C@@H](O)CO)c1.O=C(O)C(F)(F)F,8.0
OPRM1,CHEMBL3962974,C[C@H](O)C(=O)N(CCN1[C@@H]2CC[C@H]1C[C@@H](c1cccc(C(N)=O)c1)C2)CC1CCC(F)(F)CC1.O=C(O)C(F)(F)F,8.0
OPRM1,CHEMBL3967870,CN(C)CC[C@H](O)C(=O)N(CCN1[C@@H]2CC[C@H]1C[C@@H](c1cccc(C(N)=O)c1)C2)CC1CCC(F)(F)CC1.O=C(O)C(F)(F)F.O=C(O)C(F)(F)F,8.0
OPRM1,CHEMBL3904035,CS(=O)(=O)CC(=O)N(CCN1[C@@H]2CC[C@H]1C[C@@H](c1cccc(C(N)=O)c1)C2)CC1CCC(F)(F)CC1.O=C(O)C(F)(F)F,8.0
OPRM1,CHEMBL3913816,NC(=O)c1cccc([C@H]2C[C@H]3CC[C@@H](C2)N3CCN(CC2CCC(F)(F)CC2)C(=O)[C@H](O)CO)c1.O=C(O)C(F)(F)F,8.0
OPRM1,CHEMBL3948980,NC(=O)c1cccc([C@H]2C[C@H]3CC[C@@H](C2)N3CCN(CC2CCC(F)(F)CC2)C(=O)[C@@H](O)CO)c1.O=C(O)C(F)(F)F,8.0
OPRM1,CHEMBL3951589,CC(CO)(CO)C(=O)N(CCN1[C@@H]2CC[C@H]1C[C@@H](c1cccc(C(N)=O)c1)C2)CC1CCC(F)(F)CC1.O=C(O)C(F)(F)F,8.0
OPRM1,CHEMBL3951192,CC(C)(C)C(=O)N(CCCN1[C@@H]2CC[C@H]1C[C@@H](c1cccc(C(N)=O)c1)C2)Cc1ccccc1.O=C(O)C(F)(F)F,8.0
OPRM1,CHEMBL3948566,CC(C)(O)C(=O)N(CCCN1[C@@H]2CC[C@H]1C[C@@H](c1cccc(C(N)=O)c1)C2)Cc1ccccc1.O=C(O)C(F)(F)F,8.0
OPRM1,CHEMBL3891950,CS(=O)(=O)CC(=O)N(CCCN1[C@@H]2CC[C@H]1C[C@@H](c1cccc(C(N)=O)c1)C2)Cc1ccccc1.O=C(O)C(F)(F)F,8.0
OPRM1,CHEMBL3986988,CC(O)C(O)C(=O)N(CCCN1[C@@H]2CC[C@H]1C[C@@H](c1cccc(C(N)=O)c1)C2)Cc1ccccc1.O=C(O)C(F)(F)F,8.0
OPRM1,CHEMBL3929973,NC(=O)c1cccc([C@H]2C[C@H]3CC[C@@H](C2)N3CCCN(Cc2ccccc2)C(=O)[C@H](O)CO)c1.O=C(O)C(F)(F)F,8.0
OPRM1,CHEMBL3927259,NC(=O)c1cccc([C@H]2C[C@H]3CC[C@@H](C2)N3CCCN(Cc2ccccc2)C(=O)[C@@H](O)CO)c1.O=C(O)C(F)(F)F,8.0
OPRM1,CHEMBL3964093,NC(=O)c1cccc([C@H]2C[C@H]3CC[C@@H](C2)N3CCN(Cc2ccccc2)C(=O)[C@@H](O)CO)c1.O=C(O)C(F)(F)F,8.0
OPRM1,CHEMBL3967052,CC(=O)OCC(=O)N(CCN1[C@@H]2CC[C@H]1C[C@@H](c1cccc(O)c1)C2)Cc1ccccc1.O=C(O)C(F)(F)F,8.0
OPRM1,CHEMBL3912877,NC(=O)c1cccc([C@H]2C[C@H]3CC[C@@H](C2)N3CCN(CCc2ccccc2)C(=O)[C@@H](O)CO)c1.O=C(O)C(F)(F)F,8.0
OPRM1,CHEMBL3972035,C[C@H](O)C(=O)N(CCCN1[C@@H]2CC[C@H]1C[C@@H](c1cccc(C(N)=O)c1)C2)Cc1ccccc1,8.0
OPRM1,CHEMBL3974531,NC(=O)c1cccc([C@H]2C[C@H]3CC[C@@H](C2)N3CCCN(Cc2ccccc2)C(=O)CO)c1,8.0
OPRM1,CHEMBL3932397,CS(=O)(=O)CC(=O)N(CCCN1[C@@H]2CC[C@H]1C[C@@H](c1cccc(C(N)=O)c1)C2)CC1CCCCC1,8.0
OPRM1,CHEMBL3935106,CC(=O)N(CCCN1[C@@H]2CC[C@H]1C[C@@H](c1cccc(C(N)=O)c1)C2)CC1CCCCC1,8.0
OPRM1,CHEMBL3985084,NC(=O)c1cccc([C@H]2C[C@H]3CC[C@@H](C2)N3CCCN(CC2CCCCC2)C(=O)CO)c1,8.0
OPRM1,CHEMBL3897075,NC(=O)c1cccc([C@H]2C[C@H]3CC[C@@H](C2)N3CCN(Cc2c(F)cccc2F)C(=O)[C@H]2CC[C@H](O)CC2)c1.O=C(O)C(F)(F)F,8.0
OPRM1,CHEMBL3946714,CC(C)(C)OCC(=O)N(CCN1[C@@H]2CC[C@H]1C[C@@H](c1cccc(C(N)=O)c1)C2)Cc1c(F)cccc1F.O=C(O)C(F)(F)F,8.0
OPRM1,CHEMBL3949391,NC(=O)c1cccc([C@H]2C[C@H]3CC[C@@H](C2)N3CCN(Cc2c(F)cccc2F)C(=O)C2(O)CC2)c1.O=C(O)C(F)(F)F,8.0
OPRM1,CHEMBL3908840,N#CCC(=O)N(CCN1[C@@H]2CC[C@H]1C[C@@H](c1cccc(C(N)=O)c1)C2)Cc1c(F)cccc1F.O=C(O)C(F)(F)F,8.0
OPRM1,CHEMBL3911576,CC(C)(CO)C(=O)N(CCN1[C@@H]2CC[C@H]1C[C@@H](c1cccc(C(N)=O)c1)C2)Cc1c(F)cccc1F.O=C(O)C(F)(F)F,8.0
OPRM1,CHEMBL3904165,C[C@H](O)C(=O)N(CCN1[C@@H]2CC[C@H]1C[C@@H](c1cccc(C(N)=O)c1)C2)Cc1c(F)cccc1F.O=C(O)C(F)(F)F,8.0
OPRM1,CHEMBL3901466,NC(=O)c1cccc([C@H]2C[C@H]3CC[C@@H](C2)N3CCN(Cc2c(F)cccc2F)C(=O)[C@@H](O)CO)c1.O=C(O)C(F)(F)F,8.0
OPRM1,CHEMBL3960780,NC(=O)c1cccc([C@H]2C[C@H]3CC[C@@H](C2)N3CCN(Cc2c(F)cccc2F)C(=O)[C@H](O)CO)c1.O=C(O)C(F)(F)F,8.0
OPRM1,CHEMBL3958117,CC(C)C[C@H](O)C(=O)N(CCN1[C@@H]2CC[C@H]1C[C@@H](c1cccc(C(N)=O)c1)C2)Cc1c(F)cccc1F.O=C(O)C(F)(F)F,8.0
OPRM1,CHEMBL3923303,NC(=O)c1cccc([C@H]2C[C@H]3CC[C@@H](C2)N3CCN(Cc2c(F)cccc2F)C(=O)[C@@H](O)Cc2ccccc2)c1.O=C(O)C(F)(F)F,8.0
OPRM1,CHEMBL3913557,CS(=O)(=O)CC(=O)N(CCN1[C@@H]2CC[C@H]1C[C@@H](c1cccc(C(N)=O)c1)C2)Cc1c(F)cccc1F,8.0
OPRM1,CHEMBL3976888,CS(=O)(=O)N(CCN1[C@@H]2CC[C@H]1C[C@@H](c1cccc(C(N)=O)c1)C2)Cc1c(F)cccc1F.O=C(O)C(F)(F)F,8.0
OPRM1,CHEMBL3974425,CC(C)(C)C(=O)N(CCN1[C@@H]2CC[C@H]1C[C@@H](c1cccc(C(N)=O)c1)C2)Cc1c(F)cccc1F.O=C(O)C(F)(F)F,8.0
OPRM1,CHEMBL3937755,COCC(=O)N(CCN1[C@@H]2CC[C@H]1C[C@@H](c1cccc(C(N)=O)c1)C2)Cc1c(F)cccc1F.O=C(O)C(F)(F)F,8.0
OPRM1,CHEMBL3934968,CC(C)(O)C(=O)N(CCN1[C@@H]2CC[C@H]1C[C@@H](c1cccc(C(N)=O)c1)C2)Cc1c(F)cccc1F.O=C(O)C(F)(F)F,8.0
OPRM1,CHEMBL3948803,CN(C)S(=O)(=O)N(CCN1[C@@H]2CC[C@H]1C[C@@H](c1cccc(C(N)=O)c1)C2)Cc1c(F)cccc1F.O=C(O)C(F)(F)F,8.0
OPRM1,CHEMBL3951426,O=C(O)CCC(=O)N(CCN1[C@@H]2CC[C@H]1C[C@@H](c1cccc(O)c1)C2)Cc1c(F)cccc1F,8.0
OPRM1,CHEMBL3923014,O=C(O)C(F)(F)F.O=C(O)CCC(=O)N(CCN1[C@@H]2CC[C@H]1C[C@@H](c1cccc(O)c1)C2)Cc1c(F)cccc1F,8.0
OPRM1,CHEMBL3932748,CC(=O)N(CCN1[C@@H]2CC[C@H]1C[C@@H](c1cccc(C(N)=O)c1)C2)CC12CC3CC(CC(C3)C1)C2.O=C(O)C(F)(F)F,8.0
OPRM1,CHEMBL3969678,NC(=O)c1cccc([C@H]2C[C@H]3CC[C@@H](C2)N3CCN(CC23CC4CC(CC(C4)C2)C3)C(=O)CCC(=O)O)c1.O=C(O)C(F)(F)F,8.0
OPRM1,CHEMBL3972380,NC(=O)c1cccc([C@H]2C[C@H]3CC[C@@H](C2)N3CCN(CC23CC4CC(CC(C4)C2)C3)C(=O)CO)c1.O=C(O)C(F)(F)F,8.0
OPRM1,CHEMBL3944414,O=C(O)C(F)(F)F.O=C(O)CCC(=O)N(CCN1[C@@H]2CC[C@H]1C[C@@H](c1cccc(O)c1)C2)CC12CC3CC(CC(C3)C1)C2,8.0
OPRM1,CHEMBL3947039,CC(=O)N(CCN1[C@@H]2CC[C@H]1C[C@@H](c1cccc(O)c1)C2)CC12CC3CC(CC(C3)C1)C2.O=C(O)C(F)(F)F,8.0
OPRM1,CHEMBL3959422,O=C(CO)N(CCN1[C@@H]2CC[C@H]1C[C@@H](c1cccc(O)c1)C2)CC12CC3CC(CC(C3)C1)C2.O=C(O)C(F)(F)F,8.0
OPRM1,CHEMBL3985420,NC(=O)c1cccc([C@H]2C[C@H]3CC[C@@H](C2)N3CCN(CC23CC4CC(CC(O)(C4)C2)C3)C(=O)CO)c1,8.0
OPRM1,CHEMBL3953728,NC(=O)c1cccc([C@H]2C[C@H]3CC[C@@H](C2)N3CCN(CC23CC4CC(CC(O)(C4)C2)C3)C(=O)[C@@H](O)CO)c1,8.0
OPRM1,CHEMBL3965695,COCC(=O)N(CCN1[C@@H]2CC[C@H]1C[C@@H](c1cccc(C(N)=O)c1)C2)CC1CCCCC1.O=C(O)C(F)(F)F,8.0
OPRM1,CHEMBL3908268,CN(C)S(=O)(=O)N(CCN1[C@@H]2CC[C@H]1C[C@@H](c1cccc(C(N)=O)c1)C2)CC1CCCCC1.O=C(O)C(F)(F)F,8.0
OPRM1,CHEMBL3920943,CN(C)CC(=O)N(CCN1[C@@H]2CC[C@H]1C[C@@H](c1cccc(C(N)=O)c1)C2)CC1CCCCC1,8.0
OPRM1,CHEMBL3973434,NC(=O)c1cccc([C@H]2C[C@H]3CC[C@@H](C2)N3CCN(CC2CCCCC2)C(=O)C[C@H](O)CO)c1.O=C(O)C(F)(F)F,8.0
OPRM1,CHEMBL3975896,NC(=O)c1cccc([C@H]2C[C@H]3CC[C@@H](C2)N3CCN(CC2CCCCC2)C(=O)[C@@H](O)CCO)c1.O=C(O)C(F)(F)F,8.0
OPRM1,CHEMBL3970586,NC(=O)c1cccc([C@H]2C[C@H]3CC[C@@H](C2)N3CCN(CC2CCCCC2)C(=O)CCCO)c1,8.0
OPRM1,CHEMBL3958731,CN(C)CC(O)C(=O)N(CCN1[C@@H]2CC[C@H]1C[C@@H](c1cccc(C(N)=O)c1)C2)CC1CCCCC1,8.0
OPRM1,CHEMBL3956988,CCN(CC)CC[C@H](O)C(=O)N(CCN1[C@@H]2CC[C@H]1C[C@@H](c1cccc(C(N)=O)c1)C2)CC1CCCCC1,8.0
OPRM1,CHEMBL3954387,CC(C)(C)NCC[C@H](O)C(=O)N(CCN1[C@@H]2CC[C@H]1C[C@@H](c1cccc(C(N)=O)c1)C2)CC1CCCCC1,8.0
OPRM1,CHEMBL3947390,CN(C)CC[C@H](O)C(=O)N(CCN1[C@@H]2CC[C@H]1C[C@@H](c1cccc(C(N)=O)c1)C2)CC1CCCCC1,8.0
OPRM1,CHEMBL3944763,CC(CO)(CO)C(=O)N(CCN1[C@@H]2CC[C@H]1C[C@@H](c1cccc(C(N)=O)c1)C2)CC1CCCCC1,8.0
OPRM1,CHEMBL3942979,CN[C@@H](CO)C(=O)N(CCN1[C@@H]2CC[C@H]1C[C@@H](c1cccc(C(N)=O)c1)C2)CC1CCCCC1.O=C(O)C(F)(F)F.O=C(O)C(F)(F)F,8.0
OPRM1,CHEMBL3940352,NC(=O)c1cccc([C@H]2C[C@H]3CC[C@@H](C2)N3CCN(CC2CCCCC2)C(=O)C2(O)CC2)c1.O=C(O)C(F)(F)F,8.0
OPRM1,CHEMBL3904974,CN(C)CCCC(=O)N(CCN1[C@@H]2CC[C@H]1C[C@@H](c1cccc(C(N)=O)c1)C2)CC1CCCCC1,8.0
OPRM1,CHEMBL3924084,CC(C)(CO)C(=O)N(CCN1[C@@H]2CC[C@H]1C[C@@H](c1cccc(C(N)=O)c1)C2)CC1CCCCC1,8.0
OPRM1,CHEMBL3952624,CN(C)[C@@H](Cc1ccccc1)C(=O)N(CCN1[C@@H]2CC[C@H]1C[C@@H](c1cccc(C(N)=O)c1)C2)CC1CCCCC1,8.0
OPRM1,CHEMBL3938376,NC(=O)c1cccc([C@H]2C[C@H]3CC[C@@H](C2)N3CCN(CC2CCCCC2)C(=O)C2(O)CC2)c1,8.0
OPRM1,CHEMBL3979589,CC(C)C[C@H](O)C(=O)N(CCN1[C@@H]2CC[C@H]1C[C@@H](c1cccc(C(N)=O)c1)C2)CC1CCCCC1,8.0
OPRM1,CHEMBL3982022,NC(=O)c1cccc([C@H]2C[C@H]3CC[C@@H](C2)N3CCN(CC2CCCCC2)C(=O)[C@@H](O)Cc2ccccc2)c1,8.0
OPRM1,CHEMBL3940842,O=C([C@@H](O)C1CCCCC1)N(CCN1[C@@H]2CC[C@H]1C[C@@H](c1cccc(O)c1)C2)CC1CCCCC1,8.0
OPRM1,CHEMBL3912914,O=C([C@H](O)C1CCCCC1)N(CCN1[C@@H]2CC[C@H]1C[C@@H](c1cccc(O)c1)C2)CC1CCCCC1,8.0
OPRM1,CHEMBL3936278,O=C([C@H](O)CCc1ccccc1)N(CCN1[C@@H]2CC[C@H]1C[C@@H](c1cccc(O)c1)C2)CC1CCCCC1,8.0
OPRM1,CHEMBL3939047,CN(C)[C@@H](Cc1ccccc1)C(=O)N(CCN1[C@@H]2CC[C@H]1C[C@@H](c1cccc(O)c1)C2)CC1CCCCC1,8.0
OPRM1,CHEMBL3899996,CC(C)C[C@H](O)C(=O)N(CCN1[C@@H]2CC[C@H]1C[C@@H](c1cccc(O)c1)C2)CC1CCCCC1,8.0
OPRM1,CHEMBL3929089,O=C(N(CCN1[C@@H]2CC[C@H]1C[C@@H](c1cccc(O)c1)C2)CC1CCCCC1)C1(O)CC1,8.0
OPRM1,CHEMBL3983741,O=C(C(O)CCc1ccccc1)N(CCN1[C@@H]2CC[C@H]1C[C@@H](c1cccc(O)c1)C2)CC1CCCCC1,8.0
OPRM1,CHEMBL3981257,O=C([C@@H](O)Cc1ccccc1)N(CCN1[C@@H]2CC[C@H]1C[C@@H](c1cccc(O)c1)C2)CC1CCCCC1,8.0
OPRM1,CHEMBL3897435,O=C([C@@H](O)c1ccccc1)N(CCN1[C@@H]2CC[C@H]1C[C@@H](c1cccc(O)c1)C2)CC1CCCCC1,8.0
OPRM1,CHEMBL3905164,CS(=O)(=O)Nc1cccc([C@H]2C[C@H]3CC[C@@H](C2)N3CCN(CC2CCCCC2)C(=O)CO)c1,8.0
OPRM1,CHEMBL3907395,CC(=O)N(Cc1ccccc1)[C@H](C)CN1[C@@H]2CC[C@H]1C[C@@H](c1cccc(O)c1)C2,8.0
OPRM1,CHEMBL3904639,C[C@H](CN1[C@@H]2CC[C@H]1C[C@@H](c1cccc(O)c1)C2)N(Cc1ccccc1)C(=O)C1CCCC1,8.0
OPRM1,CHEMBL3965427,C[C@H](CN1[C@@H]2CC[C@H]1C[C@@H](c1cccc(O)c1)C2)N(Cc1ccccc1)C(=O)CCC(=O)O,8.0
OPRM1,CHEMBL3909222,CCC(CC)C(=O)N(Cc1ccccc1)[C@H](C)CN1[C@@H]2CC[C@H]1C[C@@H](c1cccc(O)c1)C2,8.0
OPRM1,CHEMBL3949757,C[C@H](CN1[C@@H]2CC[C@H]1C[C@@H](c1cccc(O)c1)C2)N(Cc1ccccc1)C(=O)C1CCCCC1,8.0
OPRM1,CHEMBL3947053,C[C@H](CN1[C@@H]2CC[C@H]1C[C@@H](c1cccc(O)c1)C2)N(Cc1ccccc1)C(=O)CC1CCCC1,8.0
OPRM1,CHEMBL3900924,CC(C)CC(=O)N(Cc1ccccc1)[C@H](C)CN1[C@@H]2CC[C@H]1C[C@@H](c1cccc(O)c1)C2,8.0
OPRM1,CHEMBL3898149,C[C@H](CN1[C@@H]2CC[C@H]1C[C@@H](c1cccc(O)c1)C2)N(Cc1ccccc1)C(=O)Cc1ccccc1,8.0
OPRM1,CHEMBL3893866,C[C@H](CN1[C@@H]2CC[C@H]1C[C@@H](c1cccc(O)c1)C2)N(Cc1ccccc1)C(=O)CCC1CCCC1,8.0
OPRM1,CHEMBL3936213,C[C@H](CN1[C@@H]2CC[C@H]1C[C@@H](c1cccc(O)c1)C2)N(Cc1ccccc1)C(=O)C1CC1,8.0
OPRM1,CHEMBL3978023,CC(=O)N(CCN1[C@@H]2CC[C@H]1C[C@@H](c1cccc(C(=O)NOP(=O)(O)O)c1)C2)CC1CCC(F)(F)CC1,8.0
OPRM1,CHEMBL3924562,NC(=O)c1cccc([C@H]2C[C@H]3CC[C@@H](C2)N3CCN(CCCC2CCCCC2)C(=O)CO)c1,8.0
OPRM1,CHEMBL3914747,NC(=O)c1cccc([C@H]2C[C@H]3CC[C@@H](C2)N3CCN(CCC2CCCCC2)C(=O)CO)c1,8.0
OPRM1,CHEMBL3952923,NCC(=O)N(CCN1[C@@H]2CC[C@H]1C[C@@H](c1cccc(C(N)=O)c1)C2)CC1CCCCC1,8.0
OPRM1,CHEMBL3973639,NC(=O)c1cccc([C@H]2C[C@H]3CC[C@@H](C2)N3CCN(CC2CCCCC2)C(=O)Nc2ccc3c(c2)OCO3)c1,8.0
OPRM1,CHEMBL3931401,NC(=O)c1cccc([C@H]2C[C@H]3CC[C@@H](C2)N3CCN(CC2CCCCC2)C(=O)NCc2ccc(F)cc2)c1,8.0
OPRM1,CHEMBL3934103,CCCCCNC(=O)N(CCN1[C@@H]2CC[C@H]1C[C@@H](c1cccc(C(N)=O)c1)C2)CC1CCCCC1,8.0
OPRM1,CHEMBL3930269,CCC(C)NC(=O)N(CCN1[C@@H]2CC[C@H]1C[C@@H](c1cccc(C(N)=O)c1)C2)CC1CCCCC1,8.0
OPRM1,CHEMBL3978967,COC(=O)CCC(=O)N(CCN1[C@@H]2CC[C@H]1C[C@@H](c1cccc(C(N)=O)c1)C2)CC1CCCCC1,8.0
OPRM1,CHEMBL3918766,NC(=O)c1cccc([C@H]2C[C@H]3CC[C@@H](C2)N3CCN(CC2CCCCC2)C(=O)Cc2ccccc2)c1,8.0
OPRM1,CHEMBL3908846,NC(=O)c1cccc([C@H]2C[C@H]3CC[C@@H](C2)N3CCN(CC2CCCCC2)C(=O)CCC(=O)O)c1,8.0
OPRM1,CHEMBL3904261,O=C(CO)N(CCN1[C@@H]2CC[C@H]1C[C@@H](c1cccc(O)c1)C2)Cc1ccc(C(F)(F)F)cc1,8.0
OPRM1,CHEMBL3901553,O=C(CO)N(CCN1[C@@H]2CC[C@H]1C[C@@H](c1cccc(O)c1)C2)Cc1ccc(Cl)cc1,8.0
OPRM1,CHEMBL3965686,O=C(CO)N(CCN1[C@@H]2CC[C@H]1C[C@@H](c1cccc(O)c1)C2)Cc1ccc(F)cc1,8.0
OPRM1,CHEMBL3953716,CS(=O)(=O)CC(=O)N(CCN1[C@@H]2CC[C@H]1C[C@@H](c1cccc(O)c1)C2)Cc1c(F)cccc1F,8.0
OPRM1,CHEMBL3949332,O=C(O)CC(=O)N(CCN1[C@@H]2CC[C@H]1C[C@@H](c1cccc(O)c1)C2)Cc1c(F)cccc1F,8.0
OPRM1,CHEMBL3951949,CS(=O)(=O)CC(=O)N(CCN1[C@@H]2CC[C@H]1C[C@@H](c1cccc(O)c1)C2)Cc1cccc(F)c1,8.0
OPRM1,CHEMBL3889993,O=C(O)CC(=O)N(CCN1[C@@H]2CC[C@H]1C[C@@H](c1cccc(O)c1)C2)Cc1cccc(F)c1,8.0
OPRM1,CHEMBL3892743,CC(=O)N(CCN1[C@@H]2CC[C@H]1C[C@@H](c1cccc(O)c1)C2)Cc1c(F)cccc1F,8.0
OPRM1,CHEMBL3899890,CC(C)CC(=O)N(CCN1[C@@H]2CC[C@H]1C[C@@H](c1cccc(O)c1)C2)Cc1c(F)cccc1F,8.0
OPRM1,CHEMBL3964041,O=C(CO)N(CCN1[C@@H]2CC[C@H]1C[C@@H](c1cccc(O)c1)C2)Cc1c(F)cccc1F,8.0
OPRM1,CHEMBL3937988,CC(C)CC(=O)N(CCN1[C@@H]2CC[C@H]1C[C@@H](c1cccc(O)c1)C2)Cc1cccc(F)c1,8.0
OPRM1,CHEMBL3947549,O=C(O)C(O)CC(=O)N(CCN1[C@@H]2CC[C@H]1C[C@@H](c1cccc(O)c1)C2)Cc1cccc(F)c1,8.0
OPRM1,CHEMBL3983302,O=C(CO)N(CCN1[C@@H]2CC[C@H]1C[C@@H](c1cccc(O)c1)C2)Cc1cccc(F)c1,8.0
OPRM1,CHEMBL3980164,COc1ccc(NC(=O)N(CCN2[C@@H]3CC[C@H]2C[C@@H](c2cccc(O)c2)C3)CC2CCCCC2)cc1OC,8.0
OPRM1,CHEMBL3908565,NC(=O)CCC(=O)N(CCN1[C@@H]2CC[C@H]1C[C@@H](c1cccc(O)c1)C2)CC1CCCCC1,8.0
OPRM1,CHEMBL3905743,CS(=O)(=O)CC(=O)N(CCN1[C@@H]2CC[C@H]1C[C@@H](c1cccc(O)c1)C2)CC1CCCCC1,8.0
OPRM1,CHEMBL3915012,COC(=O)CCC(=O)N(CCN1[C@@H]2CC[C@H]1C[C@@H](c1cccc(O)c1)C2)CC1CCCCC1,8.0
OPRM1,CHEMBL3980392,O=C(Nc1ccc(OC(F)F)cc1)N(CCN1[C@@H]2CC[C@H]1C[C@@H](c1cccc(O)c1)C2)CC1CCCCC1,8.0
OPRM1,CHEMBL4071332,Cc1ccc(C(=O)NCC2c3ccccc3CCN2C)cc1C,8.0
OPRM1,CHEMBL4534193,CC1OC2(CCN(CCc3cccc(F)c3)CC2)CN(c2ccccc2)C1=O,8.0
OPRM1,CHEMBL4776743,CCN1CC2(CCN(CCc3cccc(F)c3F)CC2)O[C@H](C)C1=O,8.0
OPRM1,CHEMBL5080554,COc1ccsc1CNCC[C@@]1(c2ccccn2)CCO[C@]2(CCOC2)C1,8.0
OPRM1,CHEMBL5173456,CNC(=O)[C@H](CC(C)C)NC(=O)[C@H](Cc1ccccc1)NC(=O)CNC(=O)C/C=C(\F)[C@@H](N)Cc1ccc(O)cc1,8.0
OPRM1,CHEMBL5560467,Cc1cc(O)cc(C)c1C[C@H](N)C(=O)N[C@H](CCCNC(=N)N)C(=O)N[C@@H](Cc1ccccc1)C(=O)N(C)CC(=O)N[C@@H](CCCN1CCC(Cc2ccccc2)CC1)C(=O)N[C@@H](Cc1ccccc1)C(N)=O,8.0
OPRM1,CHEMBL5568142,Cc1cc(O)cc(C)c1C[C@H](NC(=N)N)C(=O)N[C@H](CCCNC(=N)N)C(=O)N[C@H]1Cc2ccccc2CN(CCC(=O)N[C@@H](CCCN2CCC(Cc3ccccc3)CC2)C(=O)N[C@@H](Cc2ccccc2)C(N)=O)C1=O,8.0
OPRM1,CHEMBL5865032,O=C1O[C@@]23CCC1(O)C[C@@]21CCN(CC2CC2)[C@@H]3Cc2ccc(O)cc21,8.0
OPRM1,CHEMBL5907944,CC(c1ccc(Br)cc1)N1CCC(n2c(=O)[nH]c3cc(Cl)ccc32)CC1,8.0
OPRM1,CHEMBL5870084,COc1ccc(NC(=O)CCN2C[C@]3(CC[C@](c4ccccc4)(N(C)C)CC3)N(CC3CCC3)C2=O)cn1,8.0
OPRM1,CHEMBL6040469,CN(C)[C@]1(c2ccccc2)CC[C@]2(CC1)CN(CC(=O)NCc1cnco1)C(=O)N2CC1CCC1,8.0
OPRM1,CHEMBL6047096,COc1ncccc1CNC(=O)CN1C[C@]2(CC[C@](c3ccccc3)(N(C)C)CC2)N(CC2CCC2)C1=O,8.0
OPRM1,CHEMBL5866983,COc1ccc(CN2C[C@]3(CC[C@](c4ccccc4)(N(C)C)CC3)N(CCC(C)(C)OC)C2=O)cc1,8.0
OPRM1,CHEMBL5905642,CN(C)CC1CN(CCCc2ccccc2)CCC1(O)c1cccc(C#N)c1,8.0
OPRM1,CHEMBL2113378,CN1CC[C@]23c4c5ccc(O)c4O[C@H]2c2[nH]c4ccccc4c2C[C@@]3(NCCCc2ccccc2)C1C5,7.99
OPRM1,CHEMBL290919,CC(=O)Nc1ccc(CN2CCC[C@@H]2C/N=C(\S)N2Cc3ccccc3C[C@H]2CNC(=O)Nc2ccccc2)cc1,7.99
OPRM1,CHEMBL3262547,CCC1C(=O)N(C2CCN(C3CCc4ccccc4C3)CC2)c2ccccc21,7.99
OPRM1,CHEMBL3262551,CCC1C(=O)N(C2CCN(CCCc3ccccc3)CC2)c2ccccc21,7.99
OPRM1,CHEMBL3759489,CN1CC[C@]23c4c5ccc(O)c4O[C@@]2(C)c2[nH]c4ccccc4c2C[C@@]3(CCCc2ccccc2)[C@H]1C5,7.99
OPRM1,CHEMBL4110263,O=C(N[C@H]1C[C@@]2(O)[C@H]3Cc4ccc(O)cc4[C@@]2(CCN3CC2CC2)CC1=O)C1CCCCC1,7.99
OPRM1,CHEMBL4099423,CN[C@@H](Cc1ccc(O)cc1)C(=O)N[C@@H]1CCCCNC(=O)C[C@@H](C(N)=O)NC(=O)[C@H](Cc2ccccc2)N(C)C(=O)[C@H](Cc2ccccc2)NC1=O,7.99
OPRM1,CHEMBL68342,C=CCN1[C@@H]2CC[C@H]1C/C(=C(/c1ccccc1)c1ccc(C(=O)NCC)cc1)C2,7.98
OPRM1,CHEMBL252172,O=C1/C(=C/c2ccccc2)C[C@@]2(O)[C@H]3Cc4ccc(O)c5c4[C@@]2(CCN3CC2CC2)[C@H]1O5,7.98
OPRM1,CHEMBL610043,N/C(=N/Cc1ccccc1)Nc1ccc2[nH]c3c(c2c1)C[C@@]1(O)[C@H]2Cc4ccc(O)c5c4[C@@]1(CCN2CC1CC1)[C@H]3O5,7.98
OPRM1,CHEMBL1834416,CO[C@]12CC[C@@]3(C[C@@H]1[C@@](C)(O)C(C)(C)C)[C@H]1Cc4cc(Br)c(O)c5c4[C@@]3(CCN1CC1CC1)[C@H]2O5,7.98
OPRM1,CHEMBL2387195,CC1C(=O)N(C2CCN(C3CCCCCCC3)CC2)c2ccccc21,7.98
OPRM1,CHEMBL2418737,Oc1cccc([C@@]23CCN(CCc4ccccc4)[C@H](C[C@@H](O)C2)C3)c1,7.98
OPRM1,CHEMBL4793953,CO[C@@]12CC[C@H](N[C@H](C(=O)O)C(C)C)[C@@H]3Oc4c(O)ccc5c4[C@@]31CCN(C)[C@@H]2C5,7.98
OPRM1,CHEMBL5561862,Cc1cc(O)cc(C)c1C[C@H](N)C(=O)N[C@H](CCCNC(=N)N)C(=O)N[C@H]1Cc2c(ccc3ccccc23)CN(CC(=O)N[C@@H](CCCN2CCC(Cc3ccccc3)CC2)C(=O)N[C@@H](Cc2c[nH]c3ccccc23)C(N)=O)C1=O,7.98
OPRM1,CHEMBL6056018,CN(C)C(=O)c1ccc(N2C[C@]3(CC[C@](c4ccccc4)(N(C)C)CC3)N(CC3CCC3)C2=O)cc1,7.98
OPRM1,CHEMBL5858014,CN(C)[C@]1(c2ccccc2)CC[C@]2(CC1)CN(CC(=O)NCc1ccncn1)C(=O)N2CC1CCC1,7.98
OPRM1,CHEMBL322796,COc1cccc2c1[C@]13CCN(CC4CC4)[C@H](C2)[C@]1(OC)CCC(=O)C3,7.97
OPRM1,CHEMBL316699,O=C1Cc2ccccc2N1C1CCN(C2CCC3CCCCC3C2)CC1,7.97
OPRM1,CHEMBL189243,CC1(C)c2cc(O)ccc2CCC1NC/C=C/c1ccccc1,7.97
OPRM1,CHEMBL3262548,CCC1C(=O)N(C2CCN(Cc3cccc4[nH]ccc34)CC2)c2ccccc21,7.97
OPRM1,CHEMBL4081053,O=C1/C(=C/c2cccc(F)c2)C[C@@]2(O)[C@H]3Cc4ccc(O)c5c4[C@@]2(CCN3CC2CC2)[C@H]1O5,7.97
OPRM1,CHEMBL5561643,Cc1cc(O)cc(C)c1C[C@H](N)C(=O)N(C)[C@H](C)C(=O)N[C@H]1Cc2ccccc2CN(CCCC(=O)N[C@@H](CCCN2CCC(Cc3ccccc3)CC2)C(=O)N[C@@H](Cc2ccccc2)C(N)=O)C1=O,7.97
OPRM1,CHEMBL5563721,O=C1CN2c3c(cccc3[C@@H]3CN(CCCNc4ccc(F)cc4)CC[C@@H]32)N1,7.97
OPRM1,CHEMBL5931884,CN[C@]1(c2ccccc2)CC[C@]2(CC1)CN(Cc1ccc(OC)cc1)C(=O)N2CC1CCC1,7.97
OPRM1,CHEMBL447779,O=C1NCN(c2ccccc2)C12CCN(C1CCc3ccc(Cl)cc3C1)CC2,7.96
OPRM1,CHEMBL195285,COc1c(C(N)=O)ccc2c1[C@]13CCN(CC4CC4)[C@H](C2)[C@]1(O)CCC(=O)C3,7.96
OPRM1,CHEMBL1162933,C[C@H]1C2Cc3ccc(C(=O)NCc4ccc(-c5ccccc5)cc4)cc3[C@@]1(C)CCN2CC1CC1,7.96
OPRM1,CHEMBL393781,O=C1NCN(c2ccccc2)C12CCN(C1CCCc3cccc(Cl)c31)CC2,7.96
OPRM1,CHEMBL257895,C[C@H]1CN(C[C@H](Cc2ccccc2)C(=O)N[C@@H](CCC(=O)O)C(=O)O)CC[C@@]1(C)c1cccc(O)c1,7.96
OPRM1,CHEMBL501331,CN1CCC[C@H](c2nc3ccccc3n2C2CCN(C3(C)CCCCCCC3)CC2)C1,7.96
OPRM1,CHEMBL480425,CC1(N2CCC(n3c(-c4cccc(OCCO)c4)nc4ccccc43)CC2)CCCCCCC1,7.96
OPRM1,CHEMBL480619,CC1(N2CCC(n3cnc4ccccc43)CC2)CCCCCCC1,7.96
OPRM1,CHEMBL1627325,CSCC[C@H](NC(=O)CNC(=O)[C@@H](NC(=O)CNC(=O)[C@@H](NC(=O)[C@H](NC(=O)[C@H](CC(N)=O)NC(=O)[C@H](CCCNC(=N)N)NC(=O)[C@H](Cc1ccccc1)NC(=O)[C@@H](N)CO)C(C)(C)C)C(C)C)[C@@H](C)O)C(=O)N[C@@H](CCCCN)C(=O)N[C@@H](CCCCN)C(=O)N[C@H](C(=O)N[C@@H](CO)C(=O)N[C@@H](Cc1ccccc1)C(=O)N[C@@H](CCC(N)=O)C(=O)N[C@@H](CCCNC(=N)N)C(=O)N[C@@H](C)C(=O)N[C@@H](CCCCN)C(=O)N[C@@H](CO)C(=O)O)[C@@H](C)O,7.96
OPRM1,CHEMBL568829,CN1CC[C@]23CCCC[C@H]2[C@H]1Cc1ccc(NC(=O)Nc2ccccc2)cc13,7.96
OPRM1,CHEMBL1088036,CNC(=O)Cn1c(=O)n(C2CCN(C3CCCCCCCCC3)CC2)c2ccccc21,7.96
OPRM1,CHEMBL1672188,Cl.Oc1cccc([C@@]23CCC[C@@H](C2)N(C[C@@H]2C[C@@H]2c2ccccc2)CC3)c1,7.96
OPRM1,CHEMBL1834249,C[C@@H](NC(=O)[C@@H](N)Cc1ccc(O)cc1)C(=O)NC1Cc2ccccc2CN(CC(=O)N[C@@H](Cc2ccc(O)cc2)C(=O)N2CCC[C@H]2C(=O)N[C@@H](CO)C(N)=O)C1=O,7.96
OPRM1,CHEMBL3325878,CN(C)[C@]1(c2ccccc2)CC[C@@H](NCCc2ccccc2)CC1.Cl.Cl,7.96
OPRM1,CHEMBL3763920,N[C@@H](Cc1ccc(O)cc1)C(=O)N[C@@H]1CCCCNC(=O)CNC(=O)[C@H](Cc2ccc(O)cc2)NC(=O)[C@H](Cc2cccnc2)NC1=O,7.96
OPRM1,CHEMBL4438550,O=C1N(c2ccccc2)CC2(CCN(CCc3ccccc3)CC2)OC12CC2,7.96
OPRM1,CHEMBL4576031,C[C@H]1OC2(CCN(CCc3ccccc3F)CC2)CN(c2cnccc2C(F)(F)F)C1=O,7.96
OPRM1,CHEMBL4745430,COC(=O)[C@@H]1C=C(OC(=O)c2cccc(OC)c2)C(=O)[C@H]2[C@@]1(C)CC[C@H]1C(=O)O[C@H](c3ccoc3)C[C@]21C,7.96
OPRM1,CHEMBL5568594,O=C1CN2c3c(cccc3[C@@H]3CN(CCCOc4cccc5cccnc45)CC[C@@H]32)N1,7.96
OPRM1,CHEMBL5558524,O=C1CN2c3c(cccc3[C@@H]3CN(CCCOc4ccc(F)cc4)CC[C@@H]32)N1,7.96
OPRM1,CHEMBL3704590,O=C(O)CN1CCCC[C@@H]1c1nc2ccccc2n1[C@H]1C[C@H]2CCC[C@@H](C1)N2[C@@H]1C[C@@H]2CCCC[C@@H](C2)C1,7.96
OPRM1,CHEMBL5766591,Cc1cc(C(F)F)ncc1N1CC2(CC(c3cccc(F)c3)(N(C)C)C2)NC1=O,7.96
OPRM1,CHEMBL6039228,CN(C)[C@]1(c2ccccc2)CC[C@]2(CC1)CN(CC(=O)NCc1ncco1)C(=O)N2CC1CCC1,7.96
OPRM1,CHEMBL5866966,CN(C)[C@]1(c2ccccc2)CC[C@@]2(CC1)CN(CC(=O)N1CCS(=O)(=O)CC1)C(=O)N2,7.96
OPRM1,CHEMBL6050824,CN[C@]1(c2ccccc2)CC[C@]2(CC1)CN(Cc1cccc(OC)c1)C(=O)N2CC1CCC1,7.96
OPRM1,CHEMBL375069,NC(=O)[C@@H](Cc1cccc2ccccc12)NC(=O)[C@H](Cc1ccccc1)NC(=O)[C@@H]1CCCN1C(=O)[C@@H](N)Cc1ccc(O)cc1,7.95
OPRM1,CHEMBL2113309,COc1ccc2c3c1O[C@H]1[C@]4(OC)CC[C@@]5(C[C@@H]4CNC/C=C/c4ccccc4)[C@@H](C2)N(C)CC[C@]315,7.95
OPRM1,CHEMBL237718,CC(C)CCN1CCCc2cc(Oc3ccc(C(N)=O)cn3)ccc2C1,7.95
OPRM1,CHEMBL5081106,CC[C@@H]1CN2CC[C@@]3(O)C(=Nc4c(C)ccc(OC)c43)[C@@H]2C[C@@H]1/C(=C\OC)C(=O)OC,7.95
OPRM1,CHEMBL5562236,Cc1cc(O)cc(C)c1C[C@H](N)C(=O)N[C@H](CCCNC(=N)N)C(=O)N[C@H]1Cc2ccccc2CN(CC(=O)N[C@@H](CCCN2CCC(Cc3ccccc3)CC2)C(=O)N[C@@H](Cc2ccccc2)C(N)=O)C1=O,7.95
OPRM1,CHEMBL5569493,Cl.O=C(Cc1ccccc1)N(c1ccccc1)C1CCN(CCc2ccccc2)CC1,7.95
OPRM1,CHEMBL5770664,CNC(=O)CCN1C[C@]2(CC[C@](c3ccccc3)(N(C)C)CC2)N(CC2CCC2)C1=O,7.95
OPRM1,CHEMBL6043900,CCCN1C(=O)N(Cc2ccc(OC)cc2)C[C@]12CC[C@](c1ccccc1)(N(C)C)CC2,7.95
OPRM1,CHEMBL35838,CC(C)C[C@H](NC(=O)[C@H](Cc1ccccc1)NC(=O)CNC(=O)CNC(=O)[C@@H](N)Cc1ccc(O)cc1)C(N)=O,7.94
OPRM1,CHEMBL3759981,Cc1cc(O)cc(C)c1C[C@H](N)C(=O)N[C@@H]1CCCCNC(=O)C[C@@H](C(N)=O)NC(=O)[C@H](Cc2ccccc2)NC(=O)[C@@H](Cc2ccc3ccccc3c2)NC1=O,7.94
OPRM1,CHEMBL3787663,Oc1ccc2c(c1)[C@]13CCN(CC4CC4)[C@H](C2)[C@]1(O)CCc1cc2ccccc2nc1C3,7.94
OPRM1,CHEMBL4108017,CO[C@]12CC[C@@]3(C[C@@H]1COCc1ccccc1)[C@H]1Cc4ccc(F)c5c4[C@@]3(CCN1CC1CC1)[C@H]2O5,7.94
OPRM1,CHEMBL5079835,Cc1cc(C)cc(CNCC[C@@]2(c3ccccn3)CCOC3(CCOC3)C2)c1,7.94
OPRM1,CHEMBL5181954,O=C(c1ccco1)N(Cc1ccccc1F)C1CCN(CCc2ccccc2)CC1,7.94
OPRM1,CHEMBL5798331,COCCCN1C(=O)N(Cc2ccc(OC)cc2)C[C@]12CC[C@](c1ccccc1)(N(C)C)CC2,7.94
OPRM1,CHEMBL5827834,Cc1cc(C)cc(CNCC[C@@]2(c3ccccn3)CCO[C@]3(CCOC3)C2)c1,7.94
OPRM1,CHEMBL40409,O=C(NC[C@@H]1Cc2ccccc2CN1/C(S)=N/C[C@H]1CCCN1Cc1ccccc1O)Nc1ccccc1,7.93
OPRM1,CHEMBL2113297,COc1ccc2c3c1O[C@H]1[C@]4(OC)CC[C@@]5(C[C@@H]4CNC(=O)/C=C/c4ccc(C)cc4)[C@@H](C2)N(C)CC[C@]315,7.93
OPRM1,CHEMBL237506,CCCCCN1CCCc2cc(Oc3ccc(C(N)=O)cn3)ccc2C1,7.93
OPRM1,CHEMBL4112771,COc1ccc2c3c1O[C@H]1[C@@]4(OC)CC[C@@]5(C[C@@H]4CN(Cc4ccccc4)C(C)=O)[C@@H](C2)N(CC2CC2)CC[C@]315,7.93
OPRM1,CHEMBL4550454,CCC(=O)N(c1ccccc1)C1CCN(CC(F)c2ccc(F)cc2F)CC1,7.93
OPRM1,CHEMBL4782629,CO[C@@]12CC[C@@H](N[C@H](C(=O)O)C(C)C)[C@@H]3Oc4c(O)ccc5c4[C@@]31CCN(C)[C@@H]2C5,7.93
OPRM1,CHEMBL5840422,COc1ccc(CN2C[C@]3(CC[C@](c4ccccc4)(N(C)C)CC3)N(CC(C)(C)C#N)C2=O)cc1,7.93
OPRM1,CHEMBL269483,CC[C@H](C)[C@H](NC(=O)[C@H](CCCN=C(N)N)NC(=O)[C@H](CCCN=C(N)N)NC(=O)[C@H](CC(C)C)NC(=O)[C@H](Cc1ccccc1)NC(=O)CNC(=O)CNC(=O)[C@@H](N)Cc1ccc(O)cc1)C(=O)N[C@@H](CCCN=C(N)N)C(=O)N1CCC[C@@H]1C(=O)O,7.92
OPRM1,CHEMBL363324,COC(=O)[C@@H]1C[C@H](OC(=O)c2ccccc2)C(=O)[C@H]2[C@@]1(C)CC[C@H]1C(=O)O[C@H](c3ccoc3)C[C@]21C,7.92
OPRM1,CHEMBL428038,CNC(=O)Nc1ccc2c(c1)[C@@]13CCCC[C@H]1[C@@H](C2)N(CC1CC1)CC3,7.92
OPRM1,CHEMBL237934,CC(C)CCCCN1CCCc2cc(Oc3ccc(C(N)=O)cn3)ccc2C1,7.92
OPRM1,CHEMBL237716,CCCCCCN1CCCc2cc(Oc3ccc(C(N)=O)cn3)ccc2C1,7.92
OPRM1,CHEMBL247368,CSCC[C@H](NC(=O)[C@H](Cc1ccccc1)NC(=O)CNC(=O)CNC(=O)[C@@H](N)Cc1ccc(O)cc1)C(N)=O,7.92
OPRM1,CHEMBL504973,CC(C)C[C@H](NC(=O)[C@H](Cc1c[nH]c2ccccc12)NC(=O)CNC(=O)CNC(=O)[C@@H](N)Cc1ccc(O)cc1)C(N)=O,7.92
OPRM1,CHEMBL1076575,OC(CCCC(O)COc1ccc2c(c1)[C@@]13CCCC[C@H]1[C@@H](C2)N(CC1CCC1)CC3)COc1ccc2c(c1)[C@@]13CCCC[C@H]1[C@@H](C2)N(CC1CCC1)CC3,7.92
OPRM1,CHEMBL1081192,CNC(=O)CN1Cc2ccccc2N(C2CCN(C3CCC(C(C)C)CC3)CC2)S1(=O)=O,7.92
OPRM1,CHEMBL3217210,CCOc1ccc(Cc2nc3cc(NC(=N)c4ccsc4)ccc3n2CCN(CC)CC)cc1.Cl.Cl,7.92
OPRM1,CHEMBL656,COc1ccc2c3c1O[C@H]1C(=O)CC[C@@]4(O)[C@@H](C2)N(C)CC[C@]314,7.92
OPRM1,CHEMBL3325748,CN(C)[C@]1(c2ccccc2)CC[C@@H](OCc2ccccc2)CC1.Cl,7.92
OPRM1,CHEMBL3409110,Oc1ccc2c(c1)[C@]1(CCCCc3ccccc3)CCN(CCc3ccc(F)cc3)C[C@@H]1O2,7.92
OPRM1,CHEMBL3909041,CC1Cc2c([nH]c3ccccc23)C2(CCC(c3ccccc3)(N(C)C)CC2)O1,7.92
OPRM1,CHEMBL4797394,Cc1cc(O)cc(C)c1C[C@H](N)C(=O)N[C@H](CCCNC(=N)N)C(=O)N[C@H]1Cc2ccccc2CN(CCC(=O)N[C@@H](CCCNC(=N)N)C(=O)N[C@@H](Cc2ccccc2)C(N)=O)C1=O,7.92
OPRM1,CHEMBL5094899,CCC(=O)N(CC1(N2CCN(Cc3ccccc3)CC2)CC1)c1cccc(F)c1,7.92
OPRM1,CHEMBL5196508,C[C@@H](NC(=O)[C@@H](N)Cc1ccc(O)cc1)C(=O)N[C@@H](Cc1ccccc1)C(=O)NCC(=O)O,7.92
OPRM1,CHEMBL5290432,C/C=C1\CN2CC[C@@]34c5ccccc5N(CCc5ccccc5)[C@]35OC[C@@]4(C(=O)OC)[C@H]1C[C@H]25,7.92
OPRM1,CHEMBL5572878,Cl.O=C(CCc1ccsc1)N(c1ccccc1)C1CCN(CCc2ccccc2)CC1,7.92
OPRM1,CHEMBL5840499,CCC1(c2cc(F)cc(NS(=O)(=O)C3CC3)c2)[C@@H]2CN(CC3(OC)Cc4ccccc4C3)C[C@@H]21,7.92
OPRM1,CHEMBL5969367,CN(C)C1(c2ccccc2)CC2(CN(CC(=O)N3CCS(=O)(=O)CC3)C(=O)N2)C1,7.92
OPRM1,CHEMBL5977541,Cc1ccc(C(C)N2CCC(n3c(=O)n(CC4CC4)c4cc(Cl)ccc43)CC2)cc1,7.92
OPRM1,CHEMBL5904271,CN(C)[C@]1(c2ccccc2)CC[C@]2(CC1)CN(c1cnc(C(N)=O)nc1)C(=O)N2CC1CCC1,7.92
OPRM1,CHEMBL5878908,CCN(C)[C@]1(c2ccccc2)CC[C@]2(CC1)CN(Cc1cccc(C#N)c1)C(=O)N2CC1CCC1,7.92
OPRM1,CHEMBL5998144,Cc1cc(O)cc(C)c1C[C@@H](CNC(=O)N[C@@H](C)Cc1ccsc1)N(C)C,7.92
OPRM1,CHEMBL27716,O=C1NCN(c2ccccc2)C12CCN([C@@H]1CCCc3ccccc31)CC2,7.91
OPRM1,CHEMBL4740464,CO[C@@]12CC[C@@H](NCCCC(=O)O)[C@@H]3Oc4c(O)ccc5c4[C@@]31CCN(C)[C@@H]2C5,7.91
OPRM1,CHEMBL1201294,CCOC(=O)C1(c2ccccc2)CCN(CCC(C#N)(c2ccccc2)c2ccccc2)CC1,7.91
OPRM1,CHEMBL5398913,CN(C)C(=O)C(CCN[C@@H]1C[C@H]1c1ccc(Cl)cc1)(c1ccccc1)c1ccccc1,7.91
OPRM1,CHEMBL419272,O=C1NCN(c2cccc(Br)c2)C12CCN(C1Cc3cccc4cccc1c34)CC2,7.9
OPRM1,CHEMBL76089,Cc1cc(O)cc(C)c1C[C@H](N)C(=O)N1Cc2ccccc2C[C@H]1COCc1ccccc1,7.9
OPRM1,CHEMBL1642748,NC(=O)c1ccc2c(c1)CCCN2c1ccc(CNC2Cc3ccc(F)cc3C2)cc1,7.9
OPRM1,CHEMBL1642759,Cc1cc(CNCCC2=CCCCC2)ccc1N1CCCc2cc(C(N)=O)ccc21,7.9
OPRM1,CHEMBL2443279,c1ccc([C@]2(CCNCc3ccsc3)CCOC3(CCCC3)C2)nc1,7.9
OPRM1,CHEMBL2443269,c1ccc(CNCC[C@@]2(c3ccccn3)CCOC3(CCCC3)C2)cc1,7.9
OPRM1,CHEMBL4110493,O=C(N[C@H]1C[C@@]2(O)[C@H]3Cc4ccc(O)cc4[C@@]2(CCN3CC2CC2)CC1=O)c1ccccc1,7.9
OPRM1,CHEMBL4239240,COc1ccc2c3c1O[C@H]1[C@@]4(OC)CC[C@@]5(C[C@]4(C)C(O)c4ccc(C(F)(F)F)cc4)[C@@H](C2)N(CC2CC2)CC[C@]315,7.9
OPRM1,CHEMBL4102093,COC(CN1CC[C@@]2(C)c3cc(O)ccc3C[C@@H]1[C@@H]2C)c1ccccc1,7.9
OPRM1,CHEMBL4591528,NC(=O)c1cccc([C@H]2C[C@H]3CC[C@@H](C2)N3CCN(CC2CCOCC2)C(=O)CO)c1,7.9
OPRM1,CHEMBL4740918,CO[C@@]12CC[C@@H](N[C@@H](CCC(=O)O)C(=O)O)[C@@H]3Oc4c(O)ccc5c4[C@@]31CCN(C)[C@@H]2C5,7.9
OPRM1,CHEMBL5899083,CN(C)[C@]1(c2ccccc2)CC[C@]2(CC1)CN(c1ccc(C(=O)NCC3(O)CCC3)nc1)C(=O)N2CC1(O)CCC1,7.9
OPRM1,CHEMBL6031787,CN(C)[C@]1(c2ccccc2)CC[C@]2(CC1)CN(CC(=O)NC1CC1)C(=O)N2CC1CCC1,7.9
OPRM1,CHEMBL5798051,CN(C)[C@]1(c2ccccc2)CC[C@]2(CC1)CN(CC(=O)NCc1cnccn1)C(=O)N2CC1CCC1,7.9
OPRM1,CHEMBL5863059,COCCOCCNC(=O)CN1C[C@]2(CC[C@](c3ccccc3)(N(C)C)CC2)N(CC2CCC2)C1=O,7.9
OPRM1,CHEMBL5743594,CN(C)[C@]1(c2ccccc2)CC[C@]2(CC1)CN(Cc1cn(CC(N)=O)nn1)C(=O)N2CC1(O)CCC1,7.9
OPRM1,CHEMBL342479,Cc1nn(-c2ccccc2)c(C)c1CN1CC[C@@](C)(c2cccc(C(N)=O)c2)[C@@H](C)C1,7.89
OPRM1,CHEMBL27460,O=C1NCN(c2ccccc2)C12CCN(C1CCCc3ccccc31)CC2,7.89
OPRM1,CHEMBL309236,Cc1cc(O)cc(C)c1C[C@H](N)C(=O)N1Cc2ccccc2C[C@H]1CN=C(N)N,7.89
OPRM1,CHEMBL1330,CN1CC[C@]23c4c5ccc(O)c4O[C@H]2[C@@H](O[C@@H]2O[C@H](C(=O)O)[C@@H](O)[C@H](O)[C@H]2O)C=C[C@H]3[C@H]1C5,7.89
OPRM1,CHEMBL362160,O=S1(=O)NCc2ccccc2N1C1CCN(CCC(c2ccccc2)c2ccccc2)CC1,7.89
OPRM1,CHEMBL201219,O=C(/C=C/C(=O)Nc1ccc2c(c1)[C@@]13CCCCC1[C@@H](C2)N(CC1CCC1)CC3)Nc1ccc2c(c1)[C@@]13CCCCC1[C@@H](C2)N(CC1CCC1)CC3,7.89
OPRM1,CHEMBL375165,C[C@H]1CN2CCN(CCCc3ccccc3)C[C@H]2C[C@@]1(C)c1cccc(O)c1,7.89
OPRM1,CHEMBL219466,C[C@H]1CN2CCN(Cc3ccccn3)C[C@H]2C[C@@]1(C)c1cccc(O)c1,7.89
OPRM1,CHEMBL384895,C[C@H]1CN2CCN(Cc3cccc(OCc4ccccc4)c3)C[C@H]2C[C@@]1(C)c1cccc(O)c1,7.89
OPRM1,CHEMBL2113302,COc1ccc(/C=C/C(=O)NC[C@H]2C[C@@]34CC[C@@]2(OC)[C@@H]2Oc5c(OC)ccc6c5[C@@]23CCN(C)[C@@H]4C6)cc1,7.89
OPRM1,CHEMBL238017,CO[C@]12C(O)C[C@@]3(C[C@@H]1[C@H](C)O)[C@H]1Cc4ccc(O)c5c4[C@@]3(CCN1C)[C@H]2O5,7.89
OPRM1,CHEMBL2048785,CN1CC[C@]23c4c5ccc(NCc6ccccc6O)c4O[C@H]2[C@@H](O)C=C[C@H]3[C@H]1C5,7.89
OPRM1,CHEMBL2048776,COc1cccc(CN(C)c2ccc3c(c2)[C@@]24CCCC[C@H]2[C@@H](C3)N(CC2CCC2)CC4)c1,7.89
OPRM1,CHEMBL2179663,Oc1ccc2c3c1O[C@H]1c4ncc(-c5ccc(Cl)cc5)cc4C=C4[C@@H](C2)N(CC2CC2)CC[C@]431,7.89
OPRM1,CHEMBL2409223,CC(C)C[C@H](NC(=O)[C@H](Cc1ccccc1)NC(=O)CNC(=O)CNC(=O)[C@@H](N)Cc1ccc(O)cc1)C(=O)N[C@@H](CCCNC(=N)N)C(=O)N[C@@H](CCCCN)C(=O)N[C@@H](Cc1ccc(I)cc1)C(=O)N1CCC[C@H]1C(=O)N[C@@H](CCCCN)C(=O)O,7.89
OPRM1,CHEMBL3309509,CN1C(=O)[C@@H](CCO)CC2=C1[C@@H]1Oc3c(O)ccc4c3[C@@]13CCN(C)[C@H](C4)[C@]3(O)C2,7.89
OPRM1,CHEMBL3409106,Oc1ccc2c(c1)[C@]1(CCCc3ccccc3)CCN(CC3CC3)C[C@@H]1O2,7.89
OPRM1,CHEMBL3597152,CC(C)C[C@H](NC(=O)[C@H](CO[C@@H]1O[C@H](CO)[C@@H](O[C@@H]2O[C@H](CO)[C@@H](O)[C@H](O)[C@H]2O)[C@H](O)[C@H]1O)NC(=O)[C@H](CCCCN)NC(=O)[C@H](CC(C)C)NC(=O)[C@H](C)NC(=O)[C@H](CCCCN)NC(=O)[C@H](CCC(=O)O)NC(=O)C(C)(C)NC(=O)[C@H](CC(C)C)NC(=O)[C@H](CC(N)=O)NC(=O)CCCNC(=O)[C@H](CC(C)C)NC(=O)[C@H](Cc1ccccc1)NC(=O)CNC(=O)[C@@H](NC(=O)[C@@H](N)Cc1ccc(O)cc1)[C@@H](C)O)C(N)=O,7.89
OPRM1,CHEMBL3695668,O=C1C[C@]23CCN(CC4CC4)[C@H](Cc4ccc(O)cc42)[C@@H]3CN1Cc1ccc(O)cc1,7.89
OPRM1,CHEMBL4105306,O=C1/C(=C/c2ccccc2F)C[C@@]2(O)[C@H]3Cc4ccc(O)c5c4[C@@]2(CCN3CC2CC2)[C@H]1O5,7.89
OPRM1,CHEMBL4210647,COc1ccc(C(C)N2CCC(n3c(=O)[nH]c4ccccc43)CC2)cc1,7.89
OPRM1,CHEMBL4439285,COCC1OC2(CCN(CCc3ccccc3)CC2)CN(c2ccccc2)C1=O,7.89
OPRM1,CHEMBL4633907,COc1cccc(-c2cnc3c(c2)C[C@@]2(OCCCc4ccccc4)[C@H]4Cc5ccc(O)c6c5[C@@]2(CCN4CC2CC2)[C@H]3O6)c1,7.89
OPRM1,CHEMBL5084268,Fc1ccc([C@]2(CCNCc3cncc(Cl)c3)CCOC3(CCOC3)C2)cc1,7.89
OPRM1,CHEMBL300555,O=C1NCN(c2ccccc2)C12CCN(CC1COc3ccccc3O1)CC2,7.89
OPRM1,CHEMBL5558436,O=C1CN2c3c(cccc3[C@@H]3CN(CCCSc4ccc(F)cc4)CC[C@@H]32)N1,7.89
OPRM1,CHEMBL5844233,Cc1nc(N2CCOCC2)ncc1N1CC2(CC(c3ccccc3)(N(C)C)C2)NC1=O,7.89
OPRM1,CHEMBL6031031,CN[C@]1(c2ccccc2)CC[C@]2(CC1)CN(Cc1cn(CC(N)=O)nn1)C(=O)N2CC1CCC1,7.89
OPRM1,CHEMBL2112474,CC(C)[C@@H](CN1CC[C@@](C)(c2cccc(O)c2)[C@@H](C)C1)NC(=O)[C@H]1Cc2ccc(O)cc2CN1C(=O)CN(C)C,7.88
OPRM1,CHEMBL26638,O=C1NCN(c2ccccc2)C12CCN([C@H]1CCCc3ccccc31)CC2,7.88
OPRM1,CHEMBL1834415,CO[C@]12CC[C@@]3(C[C@@H]1[C@@](C)(O)C(C)(C)C)[C@H]1Cc4c(Cl)cc(O)c5c4[C@@]3(CCN1CC1CC1)[C@H]2O5,7.88
OPRM1,CHEMBL3357966,CCOC(=O)Cc1c2c(n(Cc3ccccc3)c1O)[C@@H]1Oc3c(O)ccc4c3[C@@]13CCN(C)[C@H](C4)[C@]3(O)C2,7.88
OPRM1,CHEMBL3397593,CC(C)[C@@H](CN1CC[C@@](C)(c2cccc(O)c2)[C@@H](C)C1)NC(=O)[C@H]1Cc2ccc(O)cc2CN1CCF,7.88
OPRM1,CHEMBL4110146,COc1ccc2c3c1O[C@H]1[C@@]4(c5ccccc5)CC[C@@]5(C[C@@H]4COCc4ccccc4)[C@@H](C2)N(CC2CC2)CC[C@]315,7.88
OPRM1,CHEMBL67326,CCNC(=O)c1ccc(C(=C2CC3CCC(C2)N3Cc2cccs2)c2ccc(OC)cc2)cc1,7.87
OPRM1,CHEMBL106758,CCC/N=C(\N)Cc1ccc2[nH]c3c(c2c1)C[C@@]1(O)C2Cc4ccc(O)c5c4[C@@]1(CCN2CC1CC1)[C@H]3O5,7.87
OPRM1,CHEMBL323398,CCCCCCNC(=O)NCCc1ccc2[nH]c3c(c2c1)C[C@@]1(O)C2Cc4ccc(O)c5c4[C@@]1(CCN2CC1CC1)[C@H]3O5,7.87
OPRM1,CHEMBL324390,CC1(C)SSC[C@H](NC(=O)[C@@H](N)Cc2ccccc2)C(=O)N[C@H](Cc2ccccc2)C(=O)N[C@@H]1C(N)=O,7.87
OPRM1,CHEMBL1169584,CCO[C@@H](C)[C@@H]1CC23C=C[C@]1(OC)[C@H]1Oc4c(O)ccc5c4C12CCN(C)C3C5,7.87
OPRM1,CHEMBL107420,COc1ccc2c(c1O)[C@]13CCN(C)C(C2)[C@@]12C/C(=C(/C)c1ccccc1)[C@@H]3c1[nH]c3ccccc3c1C2,7.87
OPRM1,CHEMBL371268,CCC(=O)N(c1ccccc1)C1CCN(CCCCC[18F])CC1,7.87
OPRM1,CHEMBL3746169,CO[C@]12CC[C@@]3(C[C@@H]1C(=O)NCCCCCCNC(=O)CCN1C(=O)c4cccc5c(N)ccc(c45)C1=O)[C@H]1Cc4ccc(O)c5c4[C@@]3(CCN1C)[C@H]2O5,7.87
OPRM1,CHEMBL5076581,Cc1cc(O)cc(C)c1C[C@H](N)C(=O)N[C@H]1CSSC[C@@H](C(=O)NCC(=O)N[C@H](CCCNC(=N)N)C(=O)N[C@H](CCCNC(=N)N)C(=O)O)NC(=O)[C@H](Cc2ccc(Cl)cc2)NC(=O)[C@H](Cc2c[nH]c3ccccc23)NC1=O,7.87
OPRM1,CHEMBL5077114,CCOC(=O)/C=C1\[C@@H]2CCC[C@@]1(c1cccc(O)c1)CCN2C[C@H]1C[C@@H]1CCNC(=O)c1cc2ccccc2[nH]1,7.87
OPRM1,CHEMBL5938895,COc1ncc(NC(=O)CN2C[C@]3(CC[C@](c4ccccc4)(N(C)C)CC3)N(CC3CCC3)C2=O)cn1,7.87
OPRM1,CHEMBL5980737,CN(C)[C@]1(c2ccccc2)CC[C@]2(CC1)CN(CC(=O)Nc1ncccc1O)C(=O)N2CC1CCC1,7.87
OPRM1,CHEMBL5981404,COc1ccc(CN2C[C@]3(CC[C@](c4ccccc4)(N(C)C)CC3)N(CCC3CCC3)C2=O)cc1,7.87
OPRM1,CHEMBL303875,C=CCN1C2CCC1CC(=C(c1ccc(C(=O)NCC)cc1)c1cccc(OC)c1)C2,7.86
OPRM1,CHEMBL4539430,Cc1cc(O)cc(C)c1C[C@H](N)C(=O)N[C@@H]1CSCc2ccccc2CSC[C@@H](NC(=O)[C@@H](N)Cc2c(C)cc(O)cc2C)C(=O)NCC(=O)N[C@@H](Cc2ccc(F)cc2)C(=O)NNC(=O)[C@H](Cc2ccc(F)cc2)NC(=O)CNC1=O.O=C(O)C(F)(F)F.O=C(O)C(F)(F)F,7.86
OPRM1,CHEMBL6001834,CN(C)[C@]1(c2ccccc2)CC[C@]2(CC1)CN(CC(=O)NCCS(C)(=O)=O)C(=O)N2CC1CCC1,7.86
OPRM1,CHEMBL610040,N/C(=N/Cc1cccc(O)c1)Nc1ccc2[nH]c3c(c2c1)C[C@@]1(O)[C@H]2Cc4ccc(O)c5c4[C@@]1(CCN2CC1CC1)[C@H]3O5,7.85
OPRM1,CHEMBL123693,CCCCCC(C)N,7.85
OPRM1,CHEMBL372823,C#CCN1CC[C@]23CCCCC2[C@H]1Cc1ccc(OC(=O)CCCCCCCCC(=O)Oc2ccc4c(c2)[C@@]25CCCCC2[C@@H](C4)N(CC#C)CC5)cc13,7.85
OPRM1,CHEMBL256834,C[C@H]1CN(CCC(=O)N(C)[C@@H](Cc2ccccc2)C(=O)O)CC[C@@]1(C)c1cccc(O)c1,7.85
OPRM1,CHEMBL402820,COc1cc(CC(=O)N(C)[C@H](CN2CCCC2)c2ccccc2)c(S(=O)(=O)N2CCCC2)cc1OC,7.85
OPRM1,CHEMBL511649,CC(=O)CN1CN(c2ccccc2)C2(CCN(C3CCC(C)(C)c4ccccc43)CC2)C1=O,7.85
OPRM1,CHEMBL1079943,CNC(=O)CN1Cc2ccccc2N(C2CCN(C3CCC4CCCCC4C3)CC2)S1(=O)=O,7.85
OPRM1,CHEMBL1672180,Cl.Oc1cccc([C@@]23CCC[C@@H](C2)N(C/C=C\c2ccccc2)CC3)c1,7.85
OPRM1,CHEMBL2048775,COc1ccccc1CN(C)c1ccc2c(c1)[C@@]13CCCC[C@H]1[C@@H](C2)N(CC1CCC1)CC3,7.85
OPRM1,CHEMBL2409034,NC(=O)[C@H]1Cc2ccccc2CN(C(=O)C[C@H](Cc2ccccc2)NC(=O)[C@@H]2CCCN2C(=O)[C@@H](N)Cc2ccc(O)cc2)C1.O=C(O)C(F)(F)F,7.85
OPRM1,CHEMBL3409114,Oc1ccc2c(c1)[C@]1(CCCCc3ccccc3)CCN(CC3CC3)C[C@@H]1O2,7.85
OPRM1,CHEMBL3409100,Oc1ccc2c(c1)[C@]1(CCCc3ccccc3)CCN(CCc3ccccc3)C[C@@H]1O2,7.85
OPRM1,CHEMBL3758231,Cc1cc(O)cc(C)c1C[C@H](N)C(=O)N[C@H](CCCNC(=N)N)C(=O)N[C@@H](Cc1ccccc1)C(=O)N[C@@H](CCCCN)C(=O)NCCN(CC1Cc2ccccc2CN1C(=O)[C@@H](N)Cc1ccc(O)cc1)[C@@H](Cc1ccccc1)C(=O)NC(CC1CCCCC1)C(=O)O,7.85
OPRM1,CHEMBL3973336,CC1Cc2c([nH]c3ccc(Br)cc23)C2(CCC(c3ccccc3)(N(C)C)CC2)O1,7.85
OPRM1,CHEMBL3892273,Cc1ccc2[nH]c3c(c2c1)CC(C)OC31CCC(c2ccccc2)(N(C)C)CC1,7.85
OPRM1,CHEMBL4108066,COc1ccc2c3c1O[C@H]1[C@@]4(OC)CC[C@@]5(C[C@@H]4C[S+]([O-])Cc4ccccc4)[C@@H](C2)N(CC2CC2)CC[C@]315,7.85
OPRM1,CHEMBL5070613,CCC(=O)N(CC1(N2CCN(Cc3ccccc3)CC2)CCOCC1)c1ccccc1,7.85
OPRM1,CHEMBL5079983,c1ccc([C@]2(CCNCc3scc4c3COC4)CCOC3(CCOC3)C2)nc1,7.85
OPRM1,CHEMBL5532345,Cc1ccccc1N(C(=O)C1CCCC1)C1CCN(CCc2ccccc2)CC1,7.85
OPRM1,CHEMBL5564019,Cc1cc(O)cc(C)c1C[C@H](N)C(=O)N[C@H](CCCNC(=N)N)C(=O)N[C@H]1Cc2ccccc2CN(CCC(=O)N[C@H](CCCN2CCC(Cc3ccccc3)CC2)C(=O)N[C@@H](Cc2ccccc2)C(N)=O)C1=O,7.85
OPRM1,CHEMBL6005226,Cc1cc(C(F)(F)F)ncc1N1C[C@]2(CC[C@@](c3cccs3)(N(C)C)CC2)NC1=O,7.85
OPRM1,CHEMBL5959819,COc1ccc(CN2C[C@]3(CC[C@](c4ccccc4)(N(C)C)CC3)N(CC3(C)CCC3)C2=O)cc1,7.85
OPRM1,CHEMBL5879807,c1ccc([C@]2(CCNCc3scc4c3COC4)CCO[C@]3(CCOC3)C2)nc1,7.85
OPRM1,CHEMBL5803638,CC(Cc1csc2ccccc12)NC(=O)NC[C@H](Cc1ccc(O)cc1)N(C)C,7.85
OPRM1,CHEMBL317152,O=C1Cc2ccccc2N1C1CCN(CC2CCCCCCC2)CC1,7.84
OPRM1,CHEMBL399708,CN1CC[C@]23c4c5ccc(O)c4O[C@H]2C(=O)C2(Cc4ccccc4C2)C[C@@]3(O)[C@H]1C5,7.84
OPRM1,CHEMBL1834414,CO[C@]12CC[C@@]3(C[C@@H]1[C@@](C)(O)C(C)(C)C)[C@H]1Cc4c(Br)cc(O)c5c4[C@@]3(CCN1CC1CC1)[C@H]2O5,7.84
OPRM1,CHEMBL4107627,COc1ccc2c3c1O[C@H]1[C@@]4(OC)CC[C@@]5(C[C@@H]4COC(=O)[C@@H](N)Cc4ccccc4)[C@@H](C2)N(CC2CC2)CC[C@]315,7.84
OPRM1,CHEMBL5085104,Cc1cc(O)cc(C)c1C[C@H](N)C(=O)N[C@H]1CSSC[C@@H](C(=O)NCC(=O)N[C@H](CCCNC(=N)N)C(=O)N[C@H](CCCNC(=N)N)C(=O)O)NC(=O)[C@H](Cc2ccc(Cl)cc2)NC(=O)[C@H](Cc2ccccc2)NC1=O,7.84
OPRM1,CHEMBL5434293,C[C@@H](CC(=O)NC[C@H](Cc1c(F)cc(O)cc1F)N(C)C)c1ccccc1,7.84
OPRM1,CHEMBL5864552,COc1ccc2c3c1O[C@H]1C4(OC)CC[C@@]5(C[C@]4(C)COCc4cc6ccccc6s4)[C@@H](C2)N(CC2CC2)CC[C@]315,7.84
OPRM1,CHEMBL5913304,CN(C)[C@]1(c2ccccc2)CC[C@]2(CC1)CN(c1ccc(C(N)=O)cc1)C(=O)N2CC1CCC1,7.84
OPRM1,CHEMBL610036,N/C(=N/Cc1ccc(O)cc1)Nc1ccc2[nH]c3c(c2c1)C[C@@]1(O)[C@H]2Cc4ccc(O)c5c4[C@@]1(CCN2CC1CC1)[C@H]3O5,7.83
OPRM1,CHEMBL609998,O=Cc1ccc(C(=O)Nc2cccc3c4c([nH]c23)C2Oc3c(O)ccc5c3[C@@]23CCN(CC2CC2)[C@H](C5)[C@]3(O)C4)cc1C=O,7.83
OPRM1,CHEMBL38495,N#Cc1ccccc1CN1CCC[C@@H]1CNC(=S)N1Cc2ccccc2C[C@H]1CNC(=O)Nc1ccccc1,7.83
OPRM1,CHEMBL2151735,Cc1cc(O)cc(C)c1C[C@H](N)C(=O)N(C)[C@H](C)C(=O)N[C@H]1Cc2ccccc2CN(CC(N)=O)C1=O,7.83
OPRM1,CHEMBL2158990,NC(=O)[C@H](Cc1ccccc1)NC(=O)[C@H](Cc1c[nH]c2ccccc12)NC(=O)[C@@H]1CCCN1C(=O)[C@H](Cc1ccc(O)cc1)NC(=O)CCC(=O)N[C@@H]1O[C@H](CO)[C@@H](O[C@@H]2O[C@H](CO)[C@H](O)[C@H](O)[C@H]2O)[C@H](O)[C@H]1O,7.83
OPRM1,CHEMBL505502,CCOC(=O)[C@H](Cc1ccccc1)NC(=O)[C@H](Cc1ccccc1)NC(=O)[C@@H]1CCCN1C(=O)[C@@H](N)Cc1ccc(O)cc1,7.83
OPRM1,CHEMBL433500,CCNC(=O)c1ccc(C(=C2CC3CCC(C2)N3Cc2ccccc2Cl)c2cccc(O)c2)cc1,7.82
OPRM1,CHEMBL117183,CCCCCN1CC[C@]2(C)c3cc(O)ccc3CC1[C@@H]2C,7.82
OPRM1,CHEMBL138408,COc1cccc(CN2CC[C@@](C)(c3cccc(C(N)=O)c3)[C@@H](C)C2)c1,7.82
OPRM1,CHEMBL26999,O=C1NCN(c2ccccc2)C12CCN(C1CCc3ccccc3C1)CC2,7.82
OPRM1,CHEMBL2367916,C[C@H]1[C@H]2Cc3ccc(Nc4ccccc4)cc3[C@@]1(C)CCN2CC1CC1,7.82
OPRM1,CHEMBL382919,CCC[C@@H]1C[C@@](C)(c2cccc(O)c2)[C@@H](C)CN1CCc1ccccc1,7.82
OPRM1,CHEMBL203307,C[C@@H]1C[C@@](C)(c2cccc(O)c2)[C@@H](C)CN1CCc1ccccc1,7.82
OPRM1,CHEMBL403515,O=C1NCN(c2ccccc2)C12CCN(C1(c3ccccc3)CCCCC1)CC2,7.82
OPRM1,CHEMBL374678,C[C@H]1CN2CCCN(Cc3ccccc3)C[C@H]2C[C@@]1(C)c1cccc(O)c1,7.82
OPRM1,CHEMBL219152,C[C@H]1CN2CCN(Cc3ccncc3)C[C@H]2C[C@@]1(C)c1cccc(O)c1,7.82
OPRM1,CHEMBL402189,COc1cc(CC(=O)N(C)[C@H](CN2CCCC2)c2ccccc2)c(S(=O)(=O)N2CCOCC2)cc1OC,7.82
OPRM1,CHEMBL451320,Cl.O=C(Oc1ccc2c(c1)[C@@]13CCCC[C@@]1(O)[C@@H](C2)N(CC1CCC1)CC3)c1ccc(-c2ccccc2)cc1,7.82
OPRM1,CHEMBL570449,CN1CC[C@]23CCCC[C@H]2[C@H]1Cc1cc(CO)c(O)cc13,7.82
OPRM1,CHEMBL1766042,CC(=O)Nc1nc2cc3c(cc2s1)C[C@@H]1[C@@H]2CCCC[C@]32CCN1CCCF,7.82
OPRM1,CHEMBL4296737,Cl.Cl.Oc1ccc2c(c1)[C@]13CCN(C[C@@H]4CCCO4)[C@H](C2)[C@]1(O)Cc1cc2ccccc2nc1C3,7.82
OPRM1,CHEMBL3597075,CC(C)C[C@H](NC(=O)[C@H](CO[C@@H]1O[C@H](CO)[C@@H](O)[C@H](O)[C@H]1O)NC(=O)[C@H](CCCCN)NC(=O)[C@H](CC(C)C)NC(=O)[C@H](C)NC(=O)[C@H](CCCCN)NC(=O)[C@H](CCC(=O)O)NC(=O)C(C)(C)NC(=O)[C@H](CC(C)C)NC(=O)[C@H](CC(N)=O)NC(=O)[C@@H]1CCCN1C(=O)[C@@H]1CCCN1C(=O)[C@H](Cc1ccccc1)N(C)C(=O)CNC(=O)[C@@H](C)NC(=O)[C@@H](N)Cc1ccc(O)cc1)C(N)=O,7.82
OPRM1,CHEMBL3808398,Cc1cc(O)cc(C)c1C[C@H](N)C(=O)N[C@H](CCCNC(=N)N)C(=O)N[C@H]1Cc2ccccc2CN(CCC(=O)N[C@@H](CCCNC(=N)N)C(=O)N[C@@H](Cc2ccc(O)cc2)C(=O)N[C@@H](Cc2ccc(F)cc2)C(=O)N[C@@H](CCCNC(=N)N)C(=O)N[C@@H](Cc2c[nH]c3ccccc23)C(=O)N[C@@H](CCCNC(=N)N)C(N)=O)C1=O,7.82
OPRM1,CHEMBL3810104,Cc1cc(O)cc(C)c1C[C@H](NC(=O)[C@H](Cc1ccc(O)cc1)NC(=O)[C@H](CCCNC(=N)N)NC(=O)CCN1Cc2ccccc2C[C@H](NC(=O)[C@@H](CCCNC(=N)N)NC(=O)[C@@H](N)Cc2c(C)cc(O)cc2C)C1=O)C(=O)N[C@@H](CCCNC(=N)N)C(=O)N[C@@H](Cc1c[nH]c2ccccc12)C(=O)N[C@@H](CCCNC(=N)N)C(N)=O,7.82
OPRM1,CHEMBL3979202,Cc1ccc2[nH]c3c(c2c1)CCNC31CCC(c2ccccc2)(N(C)C)CC1,7.82
OPRM1,CHEMBL4109267,COCCOCCOCCOCCOCCO[C@]12CC[C@@]3(C[C@@H]1COCc1ccccc1)[C@H]1Cc4ccc(OC)c5c4[C@@]3(CCN1CC1CC1)[C@H]2O5,7.82
OPRM1,CHEMBL3969293,CCOC(=O)CC[C@H]1[C@H](COCc2ccccc2)[C@]2(OC)CC[C@]13[C@H]1Cc4ccc(OC)c5c4[C@@]3(CCN1CC1CC1)[C@H]2O5,7.82
OPRM1,CHEMBL4564309,CCOc1ccc(CN2CCCC2)cc1CNC(=O)[C@@H](N)Cc1c(C)cc(O)cc1C.O=C(O)C(F)(F)F,7.82
OPRM1,CHEMBL4756271,COC(=O)[C@@H]1C=C(OC(=O)c2ccc(F)cc2)C(=O)[C@H]2[C@@]1(C)CC[C@H]1C(=O)O[C@H](c3ccoc3)C[C@]21C,7.82
OPRM1,CHEMBL5086786,CC[C@@H]1CN2CC[C@@]3(O)C(=Nc4cccc(-c5ccccc5)c43)[C@@H]2C[C@@H]1/C(=C\OC)C(=O)OC,7.82
OPRM1,CHEMBL5094655,Cc1cc(O)cc(C)c1C[C@H](N)C(=O)NCC(=O)NCC(=O)N[C@@H](Cc1ccccc1)C(=O)N[C@@H](Cc1ccc(N)cc1)C(=O)NCC(=O)N[C@@H](C)C(=O)N[C@@H](CCCNC(=N)N)C(=O)N[C@@H](CCCCN)C(=O)N[C@@H](CO)C(=O)N[C@@H](C)C(=O)N[C@@H](CCCNC(=N)N)C(=O)N[C@@H](CCCCN)C(N)=O,7.82
OPRM1,CHEMBL5179531,O=C(c1ccccc1)N(Cc1cccc(F)c1)C1CCN(CCc2ccccc2)CC1,7.82
OPRM1,CHEMBL5394355,CC(C)[C@H]1CC[C@@H](N2CCC(n3c(CNC(=O)c4ccc(C(F)(F)F)o4)cc4ccccc43)CC2)CC1,7.82
OPRM1,CHEMBL5559643,Cc1cc(O)cc(C)c1C[C@H](N)C(=O)N[C@H](CCCNC(=N)N)C(=O)N[C@H]1Cc2c(ccc3ccccc23)CN(CC(=O)N[C@@H](CCCN2CCC(Cc3ccccc3)CC2)C(=O)N[C@@H](Cc2ccccc2)C(N)=O)C1=O,7.82
OPRM1,CHEMBL5517931,N#Cc1ccc(OCCCN2CC[C@H]3[C@@H](C2)c2cccc4c2N3CC(=O)N4)cc1,7.82
OPRM1,CHEMBL5563534,Cl.O=C(CCc1ccco1)N(c1ccccc1)C1CCN(CCc2ccccc2)CC1,7.82
OPRM1,CHEMBL5624474,Cc1ccc(CCNC(=O)NCC(c2cccc(F)c2)N(C)C)cc1,7.82
OPRM1,CHEMBL5775254,COc1ccc2c3c1O[C@H]1C4(OC)CC[C@@]5(C[C@]4(C)COCc4ccoc4)[C@@H](C2)N(CC2CC2)CC[C@]315,7.82
OPRM1,CHEMBL5789756,CN(C)[C@]1(c2ccccc2)C[C@]2(CN(CC(=O)N3CCS(=O)(=O)CC3)C(=O)N2)C1,7.82
OPRM1,CHEMBL6043040,CC(c1ccc(OC(F)F)cc1)N1CCC(n2c(=O)[nH]c3cc(Cl)ccc32)CC1,7.82
OPRM1,CHEMBL6040630,Cc1ncccc1NC(=O)CN1C[C@]2(CC[C@](c3ccccc3)(N(C)C)CC2)N(CC2CCC2)C1=O,7.82
OPRM1,CHEMBL5877974,Cc1ncccc1CNC(=O)CN1C[C@]2(CC[C@](c3ccccc3)(N(C)C)CC2)N(CC2CCC2)C1=O,7.82
OPRM1,CHEMBL5941724,CN(C)[C@]1(c2ccccc2)CC[C@]2(CC1)CN(CC(=O)NCC1(O)CCCC1)C(=O)N2CC1CCC1,7.82
OPRM1,CHEMBL222814,CN1CC[C@]23c4c5ccc(O)c4O[C@H]2c2c(c4c(n2CCc2ccccc2)CCCC4)C[C@@]3(O)C1C5,7.81
OPRM1,CHEMBL237074,Cc1cc(O)cc(C)c1C[C@H](N)C(=O)NCCCCc1[nH]c(=O)c(C)nc1C,7.81
OPRM1,CHEMBL505960,CCCCCCCCCCC(N)C(=O)N[C@@H](Cc1ccc(O)cc1)C(=O)N1CCC[C@H]1C(=O)N[C@@H](Cc1c[nH]c2ccccc12)C(=O)N[C@@H](Cc1ccccc1)C(N)=O,7.81
OPRM1,CHEMBL2178732,CC(=O)N[C@H](Cc1c[nH]c2ccccc12)C(=O)N[C@@H](Cc1ccccc1)C(N)=O,7.81
OPRM1,CHEMBL3969636,CC(=O)N(C)C1(c2ccccc2)CCC(c2ccccc2)(N(C)C)CC1,7.81
OPRM1,CHEMBL4452384,O=c1[nH]c2cc(Cl)c(Cl)cc2n1C1CCN(Cc2ccc(Cl)cc2)CC1,7.81
OPRM1,CHEMBL4780909,CO[C@@]12CC[C@@H](N[C@H](C)C(=O)O)[C@@H]3Oc4c(O)ccc5c4[C@@]31CCN(C)[C@@H]2C5,7.81
OPRM1,CHEMBL5087383,Cc1cc(O)cc(C)c1C[C@H](N)C(=O)NCC(=O)NCC(=O)N[C@@H](Cc1ccccc1)C(=O)N[C@@H](Cc1ccc(O)cc1)C(=O)NCC(=O)N[C@@H](C)C(=O)N[C@@H](CCCNC(=N)N)C(=O)N[C@@H](CCCCN)C(=O)N[C@@H](CO)C(=O)N[C@@H](C)C(=O)N[C@@H](CCCNC(=N)N)C(=O)N[C@@H](CCCCN)C(N)=O,7.81
OPRM1,CHEMBL6054004,Cc1ccncc1CNC(=O)CN1C[C@]2(CC[C@](c3ccccc3)(N(C)C)CC2)N(CC2CCC2)C1=O,7.81
OPRM1,CHEMBL5968575,CN(C)[C@]1(c2ccccc2)CC[C@@]2(CC1)CN(CC(=O)N1CCOCC1)C(=O)N2CC1CC1,7.81
OPRM1,CHEMBL6029644,COCCOCCOCCOCCOCCOCCOc1cccc(CN2C[C@]3(CC[C@](c4ccccc4)(N(C)C)CC3)N(CC3CCC3)C2=O)c1,7.81
OPRM1,CHEMBL112191,COc1ccc(CN2CCC(n3c(O)nc4ccccc43)CC2)c(Cl)c1,7.8
OPRM1,CHEMBL326103,CCN1CC[C@]2(C)c3cc(O)ccc3CC1[C@@H]2C,7.8
OPRM1,CHEMBL3707083,C[C@@H]1[C@H]2c3cc(O)ccc3C[C@@H](c3ccc(O)cc32)N1C,7.8
OPRM1,CHEMBL33868,CC[C@H](NC(=O)c1c(CN2CCN(C3CCCCC3)CC2)c(-c2ccccc2)nc2ccccc12)c1ccccc1,7.8
OPRM1,CHEMBL343063,C[C@H]1CN(Cc2ccccc2)CC[C@@]1(C)c1cccc(C(N)=O)c1,7.8
OPRM1,CHEMBL138750,CC(=O)Nc1cccc([C@]2(C)CCN(CCc3ccccc3)C[C@@H]2C)c1,7.8
OPRM1,CHEMBL114484,Cc1ccc(CN2CCC(n3c(O)nc4ccccc43)CC2)c(Cl)c1,7.8
OPRM1,CHEMBL190785,COC(=O)[C@@H]1C[C@H](OC(=O)Nc2ccccc2)C(=O)[C@H]2[C@@]1(C)CC[C@H]1C(=O)O[C@H](c3ccoc3)C[C@]21C,7.8
OPRM1,CHEMBL201661,CCC[C@@H]1C[C@@](C)(c2cccc(O)c2)[C@@H](C)CN1CCCc1ccccc1,7.8
OPRM1,CHEMBL219317,C[C@H]1CN2CCN(C(=O)Nc3ccccc3)C[C@H]2C[C@@]1(C)c1cccc(O)c1,7.8
OPRM1,CHEMBL397148,NC(=O)c1ccc(Oc2ccc3c(c2)CCN(CCc2ccccc2)C3)nc1,7.8
OPRM1,CHEMBL391631,CNC(=O)CN1CN(c2ccccc2)C2(CCN(CCC(Oc3cc(OC)ccc3C)C(C)C)CC2)C1=O,7.8
OPRM1,CHEMBL258294,C[C@H]1CN(CCC(=O)N(CC2CC2)[C@@H](Cc2ccccc2)C(=O)O)CC[C@@]1(C)c1cccc(O)c1,7.8
OPRM1,CHEMBL526362,Cl.O=[N+]([O-])c1ccc(Oc2ccc3c(c2)[C@@]24CCCC[C@@]2(O)[C@@H](C3)N(CC2CCC2)CC4)cc1,7.8
OPRM1,CHEMBL430441,CC[C@@]12CCN(C)C[C@@H]1Oc1ccc(O)cc12,7.8
OPRM1,CHEMBL568813,Ic1ccc(CN(Cc2ccc(I)cc2)c2ccc3c(c2)[C@@]24CCCC[C@H]2[C@@H](C3)N(CC2CCC2)CC4)cc1,7.8
OPRM1,CHEMBL1642757,NC(=O)c1ccc2c(c1)CCCN2c1ccc(CNC2Cc3ccccc3C2)c(Cl)c1,7.8
OPRM1,CHEMBL1650851,O=c1[nH]c2ccccc2n1C1CCN(C2(CO)CCCCCCC2)CC1,7.8
OPRM1,CHEMBL1672183,Cl.Oc1cccc([C@]23CCC[C@H](C2)N(C[C@H]2C[C@@H]2c2ccccc2)CC3)c1,7.8
OPRM1,CHEMBL2163922,C=C(C(N)=O)[C@@H](NC(=O)C(=C)[C@@H](NC(=O)[C@@H]1CCCN1C(=O)[C@@H](N)Cc1ccc(O)cc1)c1ccccc1)c1ccccc1,7.8
OPRM1,CHEMBL2386904,Oc1ccc2c(c1)[C@]1(CCc3ccccc3)CCN(CCc3cccc(C(F)(F)F)c3)C[C@@H]1O2,7.8
OPRM1,CHEMBL2443278,c1ccc([C@]2(CCNCc3cccs3)CCOC3(CCCC3)C2)nc1,7.8
OPRM1,CHEMBL2443257,Cc1ccc(CNCC[C@@]2(c3ccccn3)CCOC3(CCCC3)C2)s1,7.8
OPRM1,CHEMBL4113804,COc1ccc2c3c1O[C@H]1[C@@]4(OC)CC[C@@]5(C[C@@H]4COc4ccc(-n6ccnc6)cc4)[C@@H](C2)N(CC2CC2)CC[C@]315,7.8
OPRM1,CHEMBL4110373,COCCO[C@H]1CC[C@@]2(O)C3Cc4ccc(O)c5c4[C@@]2(CCN3C)[C@H]1O5,7.8
OPRM1,CHEMBL4069480,Oc1cccc(C2C[C@H]3CC[C@H](C2)N3Cc2c(F)cccc2F)c1,7.8
OPRM1,CHEMBL4218547,CC(c1ccc(Cl)cc1)N1CCC(n2c(=O)[nH]c3ccccc32)CC1,7.8
OPRM1,CHEMBL4756310,CCN1CC2(CCN(CCc3c(F)cccc3F)CC2)O[C@H](C)C1=O,7.8
OPRM1,CHEMBL4751847,CCC(=O)N(Cc1ccco1)C1(C(=O)Nc2ccc(OC)cc2)CCN(CCc2ccccc2)CC1,7.8
OPRM1,CHEMBL5072270,Cc1cc(O)cc(C)c1C[C@H](N)C(=O)NCC(=O)NCC(=O)N[C@@H](Cc1ccccc1)C(=O)N[C@@H](Cc1cccc2ccccc12)C(=O)NCC(=O)N[C@@H](C)C(=O)N[C@@H](CCCNC(=N)N)C(=O)N[C@@H](CCCCN)C(=O)N[C@@H](CO)C(=O)N[C@@H](C)C(=O)N[C@@H](CCCNC(=N)N)C(=O)N[C@@H](CCCCN)C(N)=O,7.8
OPRM1,CHEMBL5435869,CN1C(=O)CNC(=O)[C@H](N[C@@H](Cc2ccc(O)cc2)C(=O)O)CCCC/C=C/C[C@@H](C(=O)N2CCC[C@H]2C(=O)N[C@@H](CCC(N)=O)C(=O)N[C@@H](CCCNC(=N)N)C(=O)N[C@@H](Cc2ccccc2)C(N)=O)NC(=O)[C@@H]1Cc1ccccc1,7.8
OPRM1,CHEMBL5918084,COC1(CN2C[C@@H]3[C@H](C2)C3(C)c2cccc(NS(=O)(=O)C3CC3)c2)Cc2ccccc2C1,7.8
OPRM1,CHEMBL6050310,COCCO[C@H]1C=CC2C3Cc4ccc(O)c5c4[C@@]2(CCN3C)[C@H]1O5,7.8
OPRM1,CHEMBL5949857,COCCOCCN1C[C@]2(CC[C@](c3ccccc3)(N(C)C)CC2)N(CC2CCC2)C1=O,7.8
OPRM1,CHEMBL5911468,CN(C)[C@]1(c2ccccc2)CC[C@]2(CC1)CN(CC(=O)Nc1cncnc1O)C(=O)N2CC1CCC1,7.8
OPRM1,CHEMBL80823,CC(=O)NC[C@@H]1Cc2ccccc2CN1C(=O)[C@@H](N)Cc1c(C)cc(O)cc1C,7.79
OPRM1,CHEMBL319307,O=C1Cc2ccccc2N1C1CCN(C2CCC3CCCC[C@@H]3C2)CC1,7.79
OPRM1,CHEMBL1921847,Cc1cc(C)cc([C@@H]2CCCN2Cc2ccc(Oc3ccc(C(N)=O)cc3F)cc2)c1,7.79
OPRM1,CHEMBL2387189,CCC(C)(C)[C@H]1CC[C@@H](N2CCC(N3C(=O)Cc4ccccc43)CC2)CC1,7.79
OPRM1,CHEMBL2387197,CCC1C(=O)N(C2CCN(C3CCCCCCC3)CC2)c2ccccc21,7.79
OPRM1,CHEMBL4115338,C=Cc1ccc2c3c1O[C@H]1[C@@]4(OC)CC[C@@]5(C[C@@H]4COCc4ccccc4)[C@@H](C2)N(C)CC[C@]315,7.79
OPRM1,CHEMBL4094512,Cl.Oc1ccc(CCN(CCc2cccc(O)c2)CC2CCC2)cc1,7.79
OPRM1,CHEMBL1909424,CC[C@@H]1CN2CC[C@@]3(C(=O)Nc4ccccc43)[C@@H]2C[C@@H]1/C(=C\OC)C(=O)OC,7.79
OPRM1,CHEMBL326962,O=C1NCN(c2ccccc2)C12CCN(Cc1ccc3c(c1)OCO3)CC2,7.78
OPRM1,CHEMBL346879,Oc1ccc2c3c1O[C@H]1c4c(c(-c5ccccc5)cn4Cc4ccccc4)C[C@@]4(O)C(C2)N(CC2CC2)CC[C@]314,7.78
OPRM1,CHEMBL283617,O=C1NCN(c2ccccc2)C12CCN(C1CCc3cccc(Cl)c3C1)CC2,7.78
OPRM1,CHEMBL182819,Cc1ccc(Cl)c(OC(CCN2CCC(n3c(O)nc4ccccc43)CC2)c2ccccc2)c1,7.78
OPRM1,CHEMBL236168,NC(=O)c1ccc(Oc2ccc(CCNCCc3ccccc3)cc2)nc1,7.78
OPRM1,CHEMBL4459343,COC(=O)C(C)(C)NC(=O)C1=C(O)[C@@H]2Oc3c(O)ccc4c3[C@@]23CCN(CC2CC2)[C@H](C4)[C@]3(O)C1,7.78
OPRM1,CHEMBL4778918,CCC(=O)N(CCN1CCC(Cc2ccccc2)CC1)c1ccc(C)cc1,7.78
OPRM1,CHEMBL5402310,CCC(=O)N(CC(C)N1CCC(c2ccccc2)CC1)c1ccccn1,7.78
OPRM1,CHEMBL5946686,COc1ccc2c3c1O[C@H]1C4(OC)CC[C@@]5(C[C@]4(C)COCc4ccccc4)[C@@H](C2)N(C)CC[C@]315,7.78
OPRM1,CHEMBL5936554,COc1ncncc1NC(=O)CN1C[C@]2(CC[C@](c3ccccc3)(N(C)C)CC2)N(CC2CCC2)C1=O,7.78
OPRM1,CHEMBL5884789,CSc1[nH]nc(NC(=O)CN2C[C@]3(CC[C@](c4ccccc4)(N(C)C)CC3)N(CC3CCC3)C2=O)c1C#N,7.78
OPRM1,CHEMBL6035443,CN(C)[C@]1(c2ccccc2)CC[C@]2(CC1)CN(CC(=O)NCc1ccccc1O)C(=O)N2CC1CCC1,7.78
OPRM1,CHEMBL5855923,CNC(=O)CN1C[C@]2(CC[C@](c3ccccc3)(N(C)C)CC2)N(CC2(C)CCC2)C1=O,7.78
OPRM1,CHEMBL5864088,COc1ccc(CN2C[C@]3(CC[C@](c4ccccc4)(N(C)C)CC3)N(CC(=O)OC(C)(C)C)C2=O)cc1,7.78
OPRM1,CHEMBL5791973,COc1ccc(C#N)cc1CN1C[C@]2(CC[C@](c3ccccc3)(N(C)C)CC2)N(Cc2cc(C#N)ccc2OC)C1=O,7.78
OPRM1,CHEMBL6065861,CN(C)[C@]1(c2ccccc2)CC[C@]2(CC1)CN(Cc1cccc(C(N)=O)c1)C(=O)N2CC1(O)CCC1,7.78
OPRM1,CHEMBL291357,CCNC(=O)c1ccc(C(=C2CC3CCC(C2)N3Cc2ccccn2)c2ccccc2)cc1,7.77
OPRM1,CHEMBL195787,O=C1CC[C@@]2(O)[C@H]3Cc4ccc(O)c(O)c4[C@@]2(CCN3CC2CC2)C1,7.77
OPRM1,CHEMBL373925,C[C@H]1CN2C[C@H](c3ccccc3)N(Cc3ccccc3)C[C@H]2C[C@@]1(C)c1cccc(C(N)=O)c1,7.77
OPRM1,CHEMBL218705,C[C@H]1CN2CCN(Cc3ccc(Cl)cc3)C[C@H]2C[C@@]1(C)c1cccc(O)c1,7.77
OPRM1,CHEMBL569724,CN1CC[C@]23CCCC[C@H]2[C@H]1Cc1ccc(NC(=O)Nc2ccc(I)cc2)cc13,7.77
OPRM1,CHEMBL571322,CCCCC(O)c1cc2c(cc1O)[C@@]13CCCC[C@H]1[C@@H](C2)N(CC1CCC1)CC3,7.77
OPRM1,CHEMBL1076574,OC(CCC(O)COc1ccc2c(c1)[C@@]13CCCC[C@H]1[C@@H](C2)N(CC1CCC1)CC3)COc1ccc2c(c1)[C@@]13CCCC[C@H]1[C@@H](C2)N(CC1CCC1)CC3,7.77
OPRM1,CHEMBL1766027,CCCNc1nc2cc3c(cc2s1)C[C@@H]1[C@@H]2CCCC[C@]32CCN1CC1CC1,7.77
OPRM1,CHEMBL2048779,CN(Cc1cccc(O)c1)c1ccc2c(c1)[C@@]13CCCC[C@H]1[C@@H](C2)N(CC1CCC1)CC3,7.77
OPRM1,CHEMBL4296732,C[C@H](O)CN1CC[C@]23Cc4nc5ccccc5cc4C[C@@]2(O)[C@H]1Cc1ccc(O)cc13.Cl.Cl,7.77
OPRM1,CHEMBL3409102,Oc1ccc2c(c1)[C@]1(CCCc3ccccc3)CCN(CCc3ccccc3F)C[C@@H]1O2,7.77
OPRM1,CHEMBL3899983,CN(C)C1(c2ccccc2)CCC2(CC1)NCCc1c2[nH]c2cc(F)ccc12,7.77
OPRM1,CHEMBL4243463,COc1ccc2c3c1O[C@H]1[C@@]4(OC)CC[C@@]5(C[C@]4(C)C(O)c4ccc(-c6ccccc6)cc4)[C@@H](C2)N(CC2CC2)CC[C@]315,7.77
OPRM1,CHEMBL4457304,CN(C)C1(Cc2ccccc2)CCN(c2cc(C(F)(F)F)ccc2CNC(=O)Nc2ccc3cnccc3c2)CC1,7.77
OPRM1,CHEMBL4562635,CCC(=O)N(c1ccccc1)C1(C(=O)OC)CCNCC1,7.77
OPRM1,CHEMBL4761273,Cc1nnc(C(C)C)n1[C@H]1C[C@H]2CC[C@@H](C1)N2CC[C@H](NC(=O)C1CCC(F)(F)CC1)c1cccc(NC(=O)COCC(=O)NCCCCCCCNC(=O)COCC(=O)N[C@@H]2CC[C@@]3(O)[C@H]4Cc5ccc(O)c6c5[C@@]3(CCN4CC3CC3)[C@H]2O6)c1,7.77
OPRM1,CHEMBL5421526,CN(C)[C@H](CNC(=O)N[C@H](c1ccccc1)C(C)(C)C)Cc1ccc(O)cc1,7.77
OPRM1,CHEMBL5567717,Cc1cc(O)cc(C)c1C[C@H](N)C(=O)N[C@H](CCCNC(=N)N)C(=O)N[C@H]1Cc2ccccc2CN(CCC(=O)N[C@@H](CCCN2CCC(Cc3ccccc3)CC2)C(=O)N[C@H](C(N)=O)C(C)C)C1=O,7.77
OPRM1,CHEMBL5542949,Cc1cc(O)cc(C)c1C[C@H](N)C(=O)N[C@H](CCCNC(=N)N)C(=O)N[C@@H](Cc1ccccc1)C(=O)N(C)[C@@H](C)C(=O)N[C@@H](CCCN1CCC(Cc2ccccc2)CC1)C(=O)N[C@@H](Cc1ccccc1)C(N)=O,7.77
OPRM1,CHEMBL6038812,CN(C)[C@]1(c2ccccc2)CC[C@]2(CC1)CN(CCC1(O)CCS(=O)(=O)CC1)C(=O)N2CC1CCC1,7.77
OPRM1,CHEMBL5936760,CN(C)[C@]1(c2ccccc2)CC[C@]2(CC1)CN(CC(C)(C)N1CCCS1(=O)=O)C(=O)N2CC1(O)CCC1,7.77
OPRM1,CHEMBL6048360,CN(C)[C@]1(c2ccccc2)CC[C@]2(CC1)CN(CC(N)=O)C(=O)N2CC1(C#N)CCC1,7.77
OPRM1,CHEMBL6030849,CN(C)[C@]1(c2ccccc2)CC[C@]2(CC1)CN(Cc1ccccc1C(N)=O)C(=O)N2CC1(O)CCC1,7.77
OPRM1,CHEMBL72885,NCCc1ccc2[nH]c3c(c2c1)C[C@@]1(O)C2Cc4ccc(O)c5c4C1(CCN2CC1CC1)C3O5,7.76
OPRM1,CHEMBL187635,CO[C@H]1Cc2ccc(O)cc2C(C)(C)[C@@H]1N,7.76
OPRM1,CHEMBL4114477,CO[C@]12CC[C@@]3(C[C@@H]1COCc1ccccc1)[C@H]1Cc4ccc(C(N)=O)c5c4[C@@]3(CCN1C)[C@H]2O5,7.76
OPRM1,CHEMBL3973162,COCCOCCOCCOCCO[C@H]1CC[C@@]2(O)[C@H]3Cc4ccc(O)c5c4[C@@]2(CCN3CC2CCC2)C1O5,7.76
OPRM1,CHEMBL4083911,CN1CC[C@]23c4c5ccc(O)c4O[C@H]2C(=O)/C(=C/c2ccccc2)C[C@@]3(O)[C@H]1C5,7.76
OPRM1,CHEMBL3632690,CN(C)c1ccc(/C=C2\C[C@@]3(O)[C@H]4Cc5ccc(O)c6c5[C@@]3(CCN4CC3CC3)[C@@H](O6)C2=O)cc1,7.76
OPRM1,CHEMBL5749913,COCCOCCOCCOCCO[C@H]1CC[C@@]2(O)[C@H]3Cc4ccc(O)c5c4[C@@]2(CCN3CC2CCC2)[C@H]1O5,7.76
OPRM1,CHEMBL610037,Oc1ccc2c3c1O[C@H]1c4[nH]c5ccc(N/C(=N/CC6CC6)NCc6ccccc6)cc5c4C[C@@]4(O)[C@@H](C2)N(CC2CC2)CC[C@]314,7.75
OPRM1,CHEMBL285769,COc1ccc(CN2CCC[C@@H]2C/N=C(\S)N2Cc3ccccc3C[C@H]2CNC(=O)Nc2ccccc2)cc1O,7.75
OPRM1,CHEMBL299660,CCn1c(=O)n([C@H]2CCN3[C@H](CCC[C@H]3c3ccccc3)C2)c2ccccc21,7.75
OPRM1,CHEMBL215760,C[C@H]1C2Cc3ccc(C(=O)Nc4ccc(-c5ccccc5)cc4)cc3[C@@]1(C)CCN2CC1CC1,7.75
OPRM1,CHEMBL222579,CN1CC[C@]23c4c5ccc(O)c4O[C@H]2c2c(c4c(n2CC2CCCCC2)CCCC4)C[C@@]3(O)C1C5,7.75
OPRM1,CHEMBL246956,CSCC[C@H](NC(=O)[C@H](Cc1ccccc1)NC(=O)CNC(=O)CNC(=O)[C@@H](N)Cc1ccc(C(N)=O)cc1)C(N)=O,7.75
OPRM1,CHEMBL500123,Cl.OCCCOc1ccc2c(c1)[C@@]13CCCC[C@@]1(O)[C@@H](C2)N(CC1CCC1)CC3,7.75
OPRM1,CHEMBL516552,C=CCN1CC[C@]23c4c5ccc(C(N)=O)c4O[C@@H]2[C@@H](O)C=C[C@H]3[C@H]1C5,7.75
OPRM1,CHEMBL170384,C[C@H]1C2Cc3cc4cc[nH]c4cc3[C@@]1(C)CCN2CC1CC1,7.75
OPRM1,CHEMBL3330683,COC(=O)[C@@H]1C[C@H](OC(=O)/C=C/c2ccsc2)C(=O)[C@H]2[C@@]1(C)CC[C@H]1C(=O)O[C@H](c3ccoc3)C[C@]21C,7.75
OPRM1,CHEMBL3960588,CN(C)C1(c2ccccc2)CCC(c2ccccc2)(N(C)C(=O)C(c2ccccc2)c2ccccc2)CC1,7.75
OPRM1,CHEMBL4100902,CC1(c2cccc(O)c2)CCN(C/C(=C\c2ccccc2)C(=O)O)CC1,7.75
OPRM1,CHEMBL4211411,CC(c1ccc(Br)cc1F)N1CCC(n2c(=O)[nH]c3ccccc32)CC1,7.75
OPRM1,CHEMBL4462756,O=C(O)c1ccc2c3c([nH]c2c1)[C@@H]1Oc2c(O)ccc4c2[C@@]12CCN(CC1CC1)[C@H](C4)[C@]2(O)C3,7.75
OPRM1,CHEMBL1779999,COC1Cc2ccccc2[C@]2(CC[C@@H](N(C)Cc3ccccc3)CC2)O1,7.75
OPRM1,CHEMBL4473857,N[C@@H](Cc1ccc(O)cc1)C(=O)N[C@@H]1C/C=C/C[C@@H](NC(=O)[C@@H](N)Cc2ccc(O)cc2)C(=O)NCC(=O)N[C@@H](Cc2ccccc2)C(=O)NNC(=O)[C@H](Cc2ccccc2)NC(=O)CNC1=O.O=C(O)C(F)(F)F.O=C(O)C(F)(F)F,7.75
OPRM1,CHEMBL4776924,CCN1CC2(CCN(CCc3ccccc3F)CC2)O[C@H](C)C1=O,7.75
OPRM1,CHEMBL5556092,O=C(c1ccc[nH]1)N(c1ccccc1)C1CCN(CCc2ccccc2)CC1,7.75
OPRM1,CHEMBL6067732,C[C@@H](C1CC1)N1CC[C@@]23CCCC[C@@H]2[C@H]1Cc1ccc(O)cc13,7.75
OPRM1,CHEMBL5954216,Cc1cc(N2CCC2)ncc1N1CC2(CC(c3ccccc3)(N(C)C)C2)NC1=O,7.75
OPRM1,CHEMBL5779193,CN(C)[C@]1(c2ccccc2)CC[C@]2(CC1)CN(c1cccc(C(N)=O)c1)C(=O)N2CC1CCC1,7.75
OPRM1,CHEMBL5955811,CN(C)[C@]1(c2ccccc2)CC[C@]2(CC1)CN(c1cnc(N3CCOCC3)nc1)C(=O)N2CC1(O)CCC1,7.75
OPRM1,CHEMBL5890935,CN(C)[C@]1(c2ccccc2)CC[C@]2(CC1)CN(Cc1ccc(C(N)=O)cc1)C(=O)N2CC1CCC1,7.75
OPRM1,CHEMBL5910984,COc1ccc(CN2C[C@]3(CC[C@](c4ccccc4)(N(C)C)CC3)N(CC(=O)N(C)C)C2=O)cc1,7.75
OPRM1,CHEMBL5947423,CN(C)[C@]1(c2ccccc2)CC[C@]2(CC1)CN(C1(c3ccccc3)CC1)C(=O)N2CC1(O)CCC1,7.75
OPRM1,CHEMBL5852351,Cc1cc(O)cc(C)c1C[C@@H](CNC(=O)NCCN1C(=O)C=CC1=O)N(C)C,7.75
OPRM1,CHEMBL610034,CCCC/N=C(\NCCCC)Nc1ccc2[nH]c3c(c2c1)C[C@@]1(O)[C@H]2Cc4ccc(O)c5c4[C@@]1(CCN2CC1CC1)[C@H]3O5,7.74
OPRM1,CHEMBL396637,CC(C)(C)CCN1CCCc2cc(Oc3ccc(C(N)=O)cn3)ccc2C1,7.74
OPRM1,CHEMBL5084145,CN(C)C(=O)C(CCN1CCc2ccc(C#N)cc2C1)(c1ccccc1)c1ccccc1,7.74
OPRM1,CHEMBL385316,Oc1ccc2c3c1O[C@H]1c4c(c5c(n4CC4CCCCC4)CCCC5)C[C@@]4(O)C(C2)N(CC2CC2)CC[C@]314,7.73
OPRM1,CHEMBL236169,NC(=O)c1ccc(Oc2ccc(CCNCCCc3ccccc3)cc2)nc1,7.73
OPRM1,CHEMBL3233014,Cc1cc(C)c(C[C@H](NC(=O)[C@@H]2CCCN2C(=O)[C@@H](N)Cc2c(C)cc(O)cc2C)C(N)=O)c(C)c1,7.73
OPRM1,CHEMBL3891748,CC(C)(C)C(=O)N[C@H]1C[C@@]2(O)[C@H]3Cc4ccc(O)cc4[C@@]2(CCN3CC2CC2)CC1=O,7.73
OPRM1,CHEMBL5195239,CC(c1ccccc1)N(C(=O)c1ccco1)C1CCN(CCc2ccccc2)CC1,7.73
OPRM1,CHEMBL5279890,CN(C)C[C@@H]1CN(C(=O)Cc2cc(F)c(F)cc2F)CC[C@@]1(O)c1cccc(O)c1,7.73
OPRM1,CHEMBL5989174,CCCN1C(=O)N(CC(=O)NC)C[C@]12CC[C@](c1ccccc1)(N(C)C)CC2,7.73
OPRM1,CHEMBL5797203,CN(C)[C@]1(c2ccccc2)CC[C@]2(CC1)CN(CC(=O)NCC#N)C(=O)N2CC1CCC1,7.73
OPRM1,CHEMBL5884877,COc1ccc(CN2C[C@]3(CC[C@](c4ccccc4)(N(C)C)CC3)N(CC3(O)CCCCC3)C2=O)cc1,7.73
OPRM1,CHEMBL302142,C=CCN1[C@@H]2CC[C@H]1C/C(=C(\c1ccccc1)c1ccc(C(=O)NCC)cc1)C2,7.72
OPRM1,CHEMBL112974,OC1(c2ccc(Cl)c(C(F)(F)F)c2)CCN(C2Cc3ccccc3C2)CC1,7.72
OPRM1,CHEMBL285377,O=C1N(Cc2ccccc2)CN(c2ccccc2)C12CCN(C1CCc3c(Cl)ccc(Cl)c3C1)CC2,7.72
OPRM1,CHEMBL247760,Cc1cc(C(N)=O)cc(C)c1C[C@H](N)C(=O)N[C@@H](CO)C(=O)NCC(=O)N[C@@H](Cc1ccccc1)C(=O)N[C@@H](CC(C)C)C(=O)N[C@H](C(=O)O)[C@@H](C)O,7.72
OPRM1,CHEMBL403324,CCN(C(=O)CCN1CC[C@@](C)(c2cccc(O)c2)[C@@H](C)C1)[C@@H](Cc1ccccc1)C(=O)O,7.72
OPRM1,CHEMBL1079941,CNC(=O)CN1Cc2ccccc2N(C2CCN(Cc3ccc(C)c4ccccc34)CC2)C1=O,7.72
OPRM1,CHEMBL2313629,C=C(C)n1c(=O)n(CCN2CCC(N(C(=O)CC)c3cc(Cl)ccc3Cl)CC2)c2ccccc21,7.72
OPRM1,CHEMBL2409171,NC(=O)C[C@H](Cc1ccccc1)NC(=O)C[C@H](Cc1ccccc1)NC(=O)[C@@H]1CCCN1C(=O)[C@@H](N)Cc1ccc(O)cc1.O=C(O)C(F)(F)F,7.72
OPRM1,CHEMBL3659473,CCC(=O)N(c1ccccc1)C1CCN(CCC(C(=O)N2CCCC2)(c2ccccc2)c2ccccc2)CC1,7.72
OPRM1,CHEMBL3786083,O=C1C[C@]23CCN(CC4CC4)[C@H](Cc4ccc(O)cc42)[C@]3(O)CC/C1=C/c1ccccc1,7.72
OPRM1,CHEMBL3895920,CN(C)C1(c2ccccc2)CCC2(CC1)OCCc1c2[nH]c2ccc(Br)cc12,7.72
OPRM1,CHEMBL4111803,COC(=O)COc1ccc(COC[C@H]2C[C@@]34CC[C@]2(OC)[C@@H]2Oc5c(OC)ccc6c5[C@@]23CCN(CC2CC2)[C@@H]4C6)cc1,7.72
OPRM1,CHEMBL4468216,O=C(O)c1ccc2c3c([nH]c2c1Cl)[C@@H]1Oc2c(O)ccc4c2[C@@]12CCN(CC1CC1)[C@H](C4)[C@]2(O)C3,7.72
OPRM1,CHEMBL4544352,CC1OC2(CCN(CCc3ccc(F)cc3)CC2)CN(c2ccccc2)C1=O,7.72
OPRM1,CHEMBL4527584,NC(=O)[C@H](Cc1ccccc1)NC(=O)[C@H](Cc1ccccc1)NC(=O)[C@@H]1CCCN1C(=O)[C@@H](N)Cc1cccc(O)c1,7.72
OPRM1,CHEMBL5079816,CCC(=O)N(CC1(N2CCN(CCc3ccccc3)CC2)CCOCC1)c1cccc(C(F)(F)F)n1,7.72
OPRM1,CHEMBL5557311,Cc1cc(O)cc(C)c1C[C@H](N)C(=O)N[C@H](CCCNC(=N)N)C(=O)N[C@H]1Cc2ccccc2CN(CCC(=O)N[C@@H](CCCN2CCC(Cc3ccccc3)CC2)C(=O)N[C@@H](Cc2ccccc2)C(=O)NCCC(N)=O)C1=O,7.72
OPRM1,CHEMBL5583707,Cl.O=C(Cc1ccsc1)N(c1ccccc1)C1CCN(CCc2ccccc2)CC1,7.72
OPRM1,CHEMBL5865499,CN(C)C1(c2ccccc2)CC2(CN(CC(N)=O)C(=O)N2)C1,7.72
OPRM1,CHEMBL5987115,COc1cncc(NC(=O)CCN2C[C@]3(CC[C@](c4ccccc4)(N(C)C)CC3)N(CC3CCC3)C2=O)n1,7.72
OPRM1,CHEMBL6050863,CN[C@]1(c2ccccc2)CC[C@]2(CC1)CN(c1cnc(N3CCOCC3)nc1)C(=O)N2CC1(O)CCC1,7.72
OPRM1,CHEMBL5947428,COC1(CCN2C(=O)N(c3ccccc3C(N)=O)C[C@]23CC[C@](c2ccccc2)(N(C)C)CC3)CCC1,7.72
OPRM1,CHEMBL5773509,COc1ccc(CN2C[C@]3(CC[C@](c4ccccc4)(N(C)C)CC3)N(CC3CCOC3)C2=O)cc1,7.72
OPRM1,CHEMBL5762658,CCN1C(=O)N(Cc2ccc(OC)cc2)C[C@]12CC[C@](c1ccccc1)(N(C)C)CC2,7.72
OPRM1,CHEMBL115229,O=[N+]([O-])c1cc2c(cc1CN1CC=C(n3c(O)nc4ccccc43)CC1)OCO2,7.71
OPRM1,CHEMBL3216611,C[C@@H]1CN(CCCc2ccccc2)[C@H]2C[C@H](N)C[C@]1(c1cccc(O)c1)C2.Cl.Cl,7.71
OPRM1,CHEMBL3397594,CC(C)[C@@H](CN1CC[C@@](C)(c2cccc(O)c2)[C@@H](C)C1)NC(=O)[C@H]1Cc2ccc(O)cc2CN1CCCF,7.71
OPRM1,CHEMBL4112051,COc1ccc2c3c1O[C@H]1[C@@]4(OC)CC[C@@]5(C[C@@H]4CN(Cc4ccccc4)S(C)(=O)=O)[C@@H](C2)N(CC2CC2)CC[C@]315,7.71
OPRM1,CHEMBL4521187,C[C@H](CO)NC(=O)C1=C(O)[C@@H]2Oc3c(O)ccc4c3[C@@]23CCN(CC2CC2)[C@H](C4)[C@]3(O)C1,7.71
OPRM1,CHEMBL4437661,CCOc1ccc(CN2CC3CC3C2)cc1CNC(=O)[C@@H](N)Cc1c(C)cc(O)cc1C.O=C(O)C(F)(F)F,7.71
OPRM1,CHEMBL4434948,N[C@@H](Cc1ccc(O)cc1)C(=O)N[C@@H]1C/C=C\C[C@@H](NC(=O)[C@@H](N)Cc2ccc(O)cc2)C(=O)NCC(=O)N[C@@H](Cc2ccccc2)C(=O)NNC(=O)[C@H](Cc2ccccc2)NC(=O)CNC1=O.O=C(O)C(F)(F)F.O=C(O)C(F)(F)F,7.71
OPRM1,CHEMBL4785048,CCC(=O)N(CCN1CCC(Cc2ccccc2)CC1)c1ccc(F)cc1,7.71
OPRM1,CHEMBL5083186,CCOC(=O)/C=C1\[C@@H]2CCC[C@@]1(c1cccc(O)c1)CCN2CC1CC1CCNC(=O)c1cc2ccccc2[nH]1,7.71
OPRM1,CHEMBL5557899,O=C1CN2c3c(cccc3[C@@H]3CN(CCCOc4ccccc4)CC[C@@H]32)N1,7.71
OPRM1,CHEMBL5831431,CN1C[C@]2(CC[C@](c3ccccc3)(N(C)C)CC2)N(CC2CCC2)C1=O,7.71
OPRM1,CHEMBL5746640,CN(C)[C@]1(c2ccccc2)CC[C@]2(CC1)CN(CC(=O)Nc1cnc(C#N)nc1)C(=O)N2CC1CCC1,7.71
OPRM1,CHEMBL6039388,CN(C)[C@]1(c2ccccc2)CC[C@]2(CC1)CN(CC(=O)Nc1nccc(C#N)n1)C(=O)N2CC1CCC1,7.71
OPRM1,CHEMBL6003677,CN(C)[C@]1(c2ccccc2)CC[C@]2(CC1)CN(CC(=O)NCc1ccnnc1)C(=O)N2CC1CCC1,7.71
OPRM1,CHEMBL6065149,COc1ccc(CN2C[C@]3(CC[C@](c4ccccc4)(N(C)C)CC3)N(CCCOC(F)(F)F)C2=O)cc1,7.71
OPRM1,CHEMBL6046145,COc1ccc(CN2C[C@]3(CC[C@](c4ccccc4)(N(C)C)CC3)N(CC3(F)CCC3)C2=O)cc1,7.71
OPRM1,CHEMBL206974,CCCC[C@@H](C(=O)N[C@@H](CC(=O)O)C(=O)N[C@@H](Cc1ccccc1)C(N)=O)N(C)C(=O)[C@@H](Cc1c[nH]c2ccccc12)NC(=O)CNC(=O)[C@@H](C)NC(=O)[C@@H](N)Cc1ccc(O)cc1,7.7
OPRM1,CHEMBL312021,O=C1NCN(c2cccc(Cl)c2)C12CCN(C1Cc3cccc4cccc1c34)CC2,7.7
OPRM1,CHEMBL78163,Cc1cc(C)cc(N2CNC(=O)C23CCN(C2Cc4cccc5cccc2c45)CC3)c1,7.7
OPRM1,CHEMBL328411,CC(c1ccc2c(c1)Cc1ccccc1-2)N1CCC(N2C(=O)Cc3ccccc32)CC1,7.7
OPRM1,CHEMBL369540,CC(C)c1ccccc1OC(CCN1CCC(n2c(O)nc3ccccc32)CC1)C(C)C,7.7
OPRM1,CHEMBL211543,Cc1cc(O)cc(C)c1C[C@H](N)C(=O)N[C@H]1Cc2ccccc2CN(Cc2nc3ccccc3[nH]2)C1=O,7.7
OPRM1,CHEMBL401245,CO[C@]12C(O)C[C@@]3(C[C@@H]1[C@@H](C)O)[C@H]1Cc4ccc(O)c5c4[C@@]3(CCN1C)[C@H]2O5,7.7
OPRM1,CHEMBL494614,C[C@H]1C2Cc3ccc(C(N)=O)c([N+](=O)[O-])c3[C@@]1(C)CCN2CC1CC1,7.7
OPRM1,CHEMBL480426,CC1(N2CCC(n3c(-c4cccc(CN)c4)nc4ccccc43)CC2)CCCCCCC1,7.7
OPRM1,CHEMBL2409170,NC(=O)C[C@@H]1Cc2ccccc2CN1C(=O)C[C@H](Cc1ccccc1)NC(=O)[C@@H]1CCCN1C(=O)[C@@H](N)Cc1ccc(O)cc1.O=C(O)C(F)(F)F,7.7
OPRM1,CHEMBL2418739,C[C@@H]1C[C@H]2[C@H]3Cc4ccc(O)c5c4[C@@]2(CCN3C)[C@@H](O5)[C@H]1O,7.7
OPRM1,CHEMBL3758969,Cc1cc(O)cc(C)c1C[C@H](N)C(=O)N[C@@H]1CCCCNC(=O)C[C@@H](C(N)=O)NC(=O)[C@H](Cc2ccccc2)NC(=O)[C@@H](Cc2cccc3ccccc23)NC1=O,7.7
OPRM1,CHEMBL4092119,O=C1/C(=C/c2ccc(I)cc2)C[C@@]2(O)[C@H]3Cc4ccc(O)c5c4[C@@]2(CCN3CC2CC2)[C@H]1O5,7.7
OPRM1,CHEMBL4796605,CC1OC2(CCN(CCc3ccccc3)CC2)CN(CCc2ccccc2)C1=O,7.7
OPRM1,CHEMBL4777999,C[C@@H](NC(=O)[C@@H](N)Cc1ccc(O)cc1)C(=O)NCC(=O)N(C)[C@@H](Cc1ccccc1)C(=O)N[C@@H](CCC(N)=O)C(=O)N1CCC[C@H]1C(=O)N[C@@H](CCC(N)=O)C(=O)N[C@@H](CCCNC(=N)N)C(=O)N[C@@H](Cc1ccccc1)C(N)=O,7.7
OPRM1,CHEMBL5085321,Fc1ccc([C@]2(CCNCc3cccs3)CCOC3(CCOC3)C2)cc1,7.7
OPRM1,CHEMBL5198168,CCNC(=O)[C@H](CC(C)C)NC(=O)[C@H](Cc1ccccc1)NC(=O)CNC(=O)C/C=C(\F)[C@@H](N)Cc1ccc(O)cc1,7.7
OPRM1,CHEMBL5561367,Cc1cc(O)cc(C)c1C[C@H](N)C(=O)N[C@H](CCCNC(=N)N)C(=O)N[C@H]1Cc2ccccc2CN(CCC(=O)N[C@@H](CCCN2CCC(Cc3ccccc3)CC2)C(=O)N[C@@H](CC(C)C)C(N)=O)C1=O,7.7
OPRM1,CHEMBL5597092,O=C1CC[C@]23C4[C@@H](CN(CC5CC5)C[N@@]42)[C@]32c3cccc(O)c3OC12,7.7
OPRM1,CHEMBL6058146,COC1(CCN2C(=O)N(c3cnc(C)nc3)C[C@]23CC[C@](c2ccccc2)(N(C)C)CC3)CCC1,7.7
OPRM1,CHEMBL5827328,Fc1ccc([C@]2(CCNCc3cccs3)CCO[C@]3(CCOC3)C2)cc1,7.7
OPRM1,CHEMBL238280,N=C(N)c1ccc(Oc2ccc(CNCCc3ccccc3)cc2)nc1,7.69
OPRM1,CHEMBL3086465,C[C@H]1CN(CCCc2ccccc2)[C@@H]2C[C@@H](N)C[C@@]1(c1cccc(O)c1)C2,7.69
OPRM1,CHEMBL3764219,NC(=O)[C@H]1CC(F)(F)CN1C(=O)[C@H](Cc1ccccc1)NC(=O)[C@@H]1CCCN1C(=O)[C@@H](N)Cc1ccc(O)cc1,7.69
OPRM1,CHEMBL4109142,CO[C@]12CC[C@@]3(C[C@@H]1COCc1ccccc1)[C@H]1Cc4ccc(OCc5nn[nH]n5)c5c4[C@@]3(CCN1CC1CC1)[C@H]2O5,7.69
OPRM1,CHEMBL4633223,Cc1cccc(-c2cnc3c(c2)C[C@@]2(OCCCc4ccccc4)[C@H]4Cc5ccc(O)c6c5[C@@]2(CCN4CC2CC2)[C@H]3O6)c1,7.69
OPRM1,CHEMBL4797982,CCC(=O)N(CCN1CCC(Cc2ccccc2)CC1)c1ccc(OC)cc1,7.69
OPRM1,CHEMBL5404274,CC(C)[C@H]1CC[C@@H](N2CCC(n3c(CCO)cc4ccccc43)CC2)CC1,7.69
OPRM1,CHEMBL610279,N=C(N)Nc1ccc2c3c([nH]c2c1)[C@@H]1Oc2c(O)ccc4c2[C@@]12CCN(CC1CC1)[C@H](C4)[C@]2(O)C3,7.69
OPRM1,CHEMBL5841471,CN(C)[C@]1(c2ccccc2)CC[C@]2(CC1)CN(CC(=O)NCC1CCCC[C@H]1O)C(=O)N2CC1CCC1,7.69
OPRM1,CHEMBL5887964,Cc1ccncc1NC(=O)CN1C[C@]2(CC[C@](c3ccccc3)(N(C)C)CC2)N(CC2CCC2)C1=O,7.69
OPRM1,CHEMBL5938031,CN(C)[C@]1(c2ccccc2)CC[C@]2(CC1)CN(CC(=O)Nc1ncccc1C#N)C(=O)N2CC1CCC1,7.69
OPRM1,CHEMBL5896649,COc1ccc(CN2C[C@]3(CC[C@](c4ccccc4)(N(C)C)CC3)N(CC(=O)N3CCCC3)C2=O)cc1,7.69
OPRM1,CHEMBL111347,OC1(c2cccc(C(F)(F)F)c2)CCN(C2CCC3CCCCC3C2)CC1,7.68
OPRM1,CHEMBL421038,CC[C@@H]1Cc2ccc(O)cc2C(C)(C)[C@@H]1N,7.68
OPRM1,CHEMBL436273,Oc1ccc2c3c1O[C@H]1c4[nH]cc(-c5ccccc5)c4C[C@@]4(O)C(C2)N(CC2CC2)CC[C@]314,7.68
OPRM1,CHEMBL354172,C[C@H]1C2C(=O)c3ccc(O)cc3[C@@]1(C)CCN2CC1CC1,7.68
OPRM1,CHEMBL369786,Cc1ccccc1OC(CCN1CCC(n2c(O)nc3ccccc32)CC1)C(C)C,7.68
OPRM1,CHEMBL237505,CCCCN1CCCc2cc(Oc3ccc(C(N)=O)cn3)ccc2C1,7.68
OPRM1,CHEMBL248839,CN1CC[C@]23c4c5ccc(O)c4O[C@H]2c2[nH]c4ccc(F)cc4c2C[C@@]3(O)[C@H]1C5,7.68
OPRM1,CHEMBL401594,COc1cc(CC(=O)N(C)[C@H](CN2CCCC2)c2ccccc2)c(S(=O)(=O)N(C)Cc2ccccc2)cc1OC,7.68
OPRM1,CHEMBL524505,Cl.O[C@@]12CCCC[C@@]13CCN(CC1CCC1)[C@@H]2Cc1ccc(OCc2ccccc2)cc13,7.68
OPRM1,CHEMBL519925,CC1CN(c2nc3ccccc3n2C2CCN(C3(C)CCCCCCC3)CC2)CC(C)N1,7.68
OPRM1,CHEMBL502411,O=C1N[C@H](Cc2c[nH]c3ccccc23)C(=O)N[C@@H](Cc2ccccc2)C(=O)N2CCC[C@@H]2C(=O)N[C@H]1Cc1ccccc1,7.68
OPRM1,CHEMBL1082092,CNC(=O)CN1Cc2ccccc2N(C2CCN(C3CCC(C(C)C)CC3)CC2)C1=O,7.68
OPRM1,CHEMBL1766026,FC(F)(F)CNc1nc2cc3c(cc2s1)C[C@@H]1[C@@H]2CCCC[C@]32CCN1CC1CC1,7.68
OPRM1,CHEMBL1818335,O=S(=O)(c1ccccc1-c1ccc(CN[C@H]2c3ccccc3C[C@H]2O)cc1)N1CCCCC1,7.68
OPRM1,CHEMBL1834250,C[C@H](C(=O)NC1Cc2ccccc2CN(CC(N)=O)C1=O)N1Cc2cc(O)ccc2CC(N)C1=O,7.68
OPRM1,CHEMBL2409033,NC(=O)[C@@H]1Cc2ccccc2CN(C(=O)C[C@H](Cc2ccccc2)NC(=O)[C@@H]2CCCN2C(=O)[C@@H](N)Cc2ccc(O)cc2)C1.O=C(O)C(F)(F)F,7.68
OPRM1,CHEMBL3319085,CC(=O)N[C@H](Cc1c[nH]c2ccc(Cl)cc12)C(=O)N[C@@H](Cc1ccccc1)C(=O)NCC(N)=O,7.68
OPRM1,CHEMBL610012,Oc1ccc2c3c1O[C@H]1c4nc5ccccc5cc4C[C@@]4(O)[C@@H](C2)N(CC2CC2)CC[C@]314,7.68
OPRM1,CHEMBL3597077,CC(C)C[C@H](NC(=O)[C@H](CO[C@@H]1O[C@H](CO)[C@@H](O)[C@H](O)[C@H]1O)NC(=O)[C@H](CCCCN)NC(=O)[C@H](CC(C)C)NC(=O)[C@H](C)NC(=O)[C@H](CCCCN)NC(=O)[C@H](CCCCN)NC(=O)C(C)(C)NC(=O)[C@H](CC(C)C)NC(=O)[C@H](CC(N)=O)NC(=O)CNC(=O)CNC(=O)[C@H](Cc1ccccc1)N(C)C(=O)CNC(=O)[C@@H](C)NC(=O)[C@@H](N)Cc1ccc(O)cc1)C(N)=O,7.68
OPRM1,CHEMBL4111233,CO[C@]12CC[C@@]3(C[C@@H]1COCc1ccccc1)[C@H]1Cc4ccc(NS(C)(=O)=O)c5c4[C@@]3(CCN1C)[C@H]2O5,7.68
OPRM1,CHEMBL4112656,COc1ccc2c3c1O[C@H]1[C@@]4(OC)CC[C@@]5(C[C@@H]4COCc4ccccc4)[C@@H](C2)NCC[C@]315,7.68
OPRM1,CHEMBL2059381,O=C1/C(=C/c2ccc(F)cc2)C[C@@]2(O)[C@H]3Cc4ccc(O)c5c4[C@@]2(CCN3CC2CC2)[C@H]1O5,7.68
OPRM1,CHEMBL4474536,NCc1ccccc1C1(O)CC2CCC(C1)N2C(c1ccccc1Cl)c1ccccc1Cl,7.68
OPRM1,CHEMBL4638703,CN(C)c1cccc2c(S(=O)(=O)NCCN3C(=O)C4=C(SC[C@@H](NC(=O)[C@@H](N)Cc5ccc(O)cc5)C(=O)NCC(=O)N[C@@H](Cc5ccccc5)C(=O)NNC(=O)[C@H](Cc5ccccc5)NC(=O)CNC(=O)[C@H](NC(=O)[C@@H](N)Cc5ccc(O)cc5)CS4)C3=O)cccc12.O=C(O)C(F)(F)F.O=C(O)C(F)(F)F,7.68
OPRM1,CHEMBL4759184,CC1OC2(CCN(CCc3ccccc3)CC2)CN(C(C)C)C1=O,7.68
OPRM1,CHEMBL5431714,CCCCCc1cc(O)c([C@@H]2C=C(C)CC[C@H]2C(C)C)c(O)c1,7.68
OPRM1,CHEMBL5399232,C[C@H](NC(=O)NC[C@H](Cc1ccc(O)cc1)N(C)C)c1ccccc1,7.68
OPRM1,CHEMBL5562953,Cc1cc(O)cc(C)c1C[C@H](N)C(=O)N1CCC[C@@H]1C(=O)N[C@H]1Cc2ccccc2CN(CC(=O)N[C@@H](CCCN2CCC(Cc3ccccc3)CC2)C(=O)N[C@@H](Cc2ccccc2)C(N)=O)C1=O,7.68
OPRM1,CHEMBL5624836,CN(C)C(CNC(=O)NCCc1ccccc1)c1cccc(F)c1,7.68
OPRM1,CHEMBL5808184,CC(c1ccc(Cl)cc1F)N1CCC(n2c(=O)[nH]c3ccc(Br)cc32)CC1,7.68
OPRM1,CHEMBL5843184,COC(=O)CN1C(=O)N(Cc2ccc(OC)cc2)C[C@]12CC[C@](c1ccccc1)(N(C)C)CC2,7.68
OPRM1,CHEMBL101118,O=C1Cc2ccccc2N1C1CCN(C2CCCc3ccccc32)CC1,7.67
OPRM1,CHEMBL287989,O=C(NC[C@@H]1Cc2ccccc2CN1/C(S)=N/C[C@H]1CCCN1Cc1ccc(O)c(O)c1)Nc1ccccc1,7.67
OPRM1,CHEMBL3695671,O=C(O)CN1C[C@H]2[C@H]3Cc4ccc(O)cc4[C@@]2(CCN3CC2CC2)CC1=O,7.67
OPRM1,CHEMBL5980140,Cc1ncc(NC(=O)CN2C[C@]3(CC[C@](c4ccccc4)(N(C)C)CC3)N(CC3CCC3)C2=O)cn1,7.67
OPRM1,CHEMBL5882094,Cc1ccc(NC(=O)CN2C[C@]3(CC[C@](c4ccccc4)(N(C)C)CC3)N(CC3CCC3)C2=O)cn1,7.67
OPRM1,CHEMBL5906600,CNC(=O)CNC(=O)CN1C[C@]2(CC[C@](c3ccccc3)(N(C)C)CC2)N(CC2CCC2)C1=O,7.67
OPRM1,CHEMBL5880933,COc1ccc(CN2C[C@]3(CC[C@](c4ccccc4)(N(C)C)CC3)N(CC3CC3)C2=O)cc1,7.67
OPRM1,CHEMBL303381,CCNC(=O)c1ccc(C(=C2CC3CCC(C2)N3CCc2ccccc2)c2ccc(O)cc2)cc1,7.66
OPRM1,CHEMBL68358,CCCCNC(=O)c1ccc(C(=C2CC3CCC(C2)N3CCc2ccccc2)c2ccccc2)cc1,7.66
OPRM1,CHEMBL318859,CN(C(=O)Cc1cccc2occc12)[C@H]1CC[C@@]2(CCCO2)C[C@@H]1N1CCCC1,7.66
OPRM1,CHEMBL352965,CC[C@@]12CCN(CC3CC3)C(C(=O)c3ccc(Nc4ccccc4)cc31)[C@@H]2C,7.66
OPRM1,CHEMBL218980,C[C@H]1CN2C[C@@H](Cc3ccccc3)NC[C@H]2C[C@@]1(C)c1cccc(O)c1,7.66
OPRM1,CHEMBL226114,CN1CC[C@]23Cc4[nH]c5ccccc5c4C[C@H]2[C@H]1Cc1ccc(O)cc13,7.66
OPRM1,CHEMBL243195,CNC(=O)Nc1ccc2c(c1)[C@@]13CCCC[C@H]1[C@@H](C2)N(CC1CCC1)CC3,7.66
OPRM1,CHEMBL391082,CCCCC(c1ccccc1)N1CCC2(CC1)C(=O)NCN2c1ccccc1,7.66
OPRM1,CHEMBL466847,OC1(c2ccccc2)CC2CCC(C1)N2C(c1ccccc1Cl)c1ccccc1Cl,7.66
OPRM1,CHEMBL1951705,CN1CC2(OCCO2)[C@]2(c3cccc(O)c3)CCC[C@H]1C2,7.66
OPRM1,CHEMBL2386898,Oc1ccc2c(c1)[C@]1(CCc3ccccc3)CCN(CCc3ccc(F)cc3)C[C@@H]1O2,7.66
OPRM1,CHEMBL2418736,CN1CC[C@]2(c3cccc(O)c3)C[C@H](O)C[C@@H]1C2,7.66
OPRM1,CHEMBL3325879,CN(C)[C@]1(c2ccccc2)CC[C@@H](NCCCc2ccccc2)CC1.Cl.Cl,7.66
OPRM1,CHEMBL3786970,O=C1C[C@]23CCN(CC4CC4)[C@H](Cc4ccc(O)cc42)[C@]3(O)C/C1=C\c1ccccc1,7.66
OPRM1,CHEMBL3971916,CC1[C@H]2Cc3ccc(O)cc3[C@@]1(C)CCN2[C@@H](C)C1CC1,7.66
OPRM1,CHEMBL4107642,COCCOCCO[C@H]1CC[C@@]2(O)C3Cc4ccc(O)c5c4[C@@]2(CCN3C)[C@H]1O5,7.66
OPRM1,CHEMBL3982674,CCNC(=O)N(C)C1(c2ccccc2)CCC(c2ccccc2)(N(C)C)CC1,7.66
OPRM1,CHEMBL4076673,COCCCN1CCC23c4cc(O)ccc4CC1C21CCC2C3[C@@H](CN2C(=O)c2ccccc2)O1,7.66
OPRM1,CHEMBL4211924,CC(c1ccc(Cl)cc1F)N1CCC(n2c(=O)[nH]c3ccccc32)CC1,7.66
OPRM1,CHEMBL4761986,Cc1nnc(C(C)C)n1[C@H]1C[C@H]2CC[C@@H](C1)N2CC[C@H](NC(=O)C1CCC(F)(F)CC1)c1ccc(NC(=O)COCC(=O)NCCCCCCCCCNC(=O)COCC(=O)N[C@@H]2CC[C@@]3(O)[C@H]4Cc5ccc(O)c6c5[C@@]3(CCN4CC3CC3)[C@H]2O6)cc1,7.66
OPRM1,CHEMBL4797451,Cc1nnc(C(C)C)n1[C@H]1C[C@H]2CC[C@@H](C1)N2CC[C@H](NC(=O)C1CCC(F)(F)CC1)c1ccc(NC(=O)COCC(=O)NCCCCCNC(=O)COCC(=O)N[C@@H]2CC[C@@]3(O)[C@H]4Cc5ccc(O)c6c5[C@@]3(CCN4CC3CC3)[C@H]2O6)cc1,7.66
OPRM1,CHEMBL4741711,COC(=O)[C@@H]1C=C(OC(=O)c2ccc(C)cc2)C(=O)[C@H]2[C@@]1(C)CC[C@H]1C(=O)O[C@H](c3ccoc3)C[C@]21C,7.66
OPRM1,CHEMBL5596704,O=C1CC[C@@]23C4Cc5ccc(O)c6c5[C@@]2(CCN3CN4CCc2ccccc2)C1O6,7.66
OPRM1,CHEMBL2104504,CCCCCCN1CCC(C(=O)N(C)CC)(c2ccccc2)CC1,7.66
OPRM1,CHEMBL5831768,COCCOCCO[C@H]1C=CC2C3Cc4ccc(O)c5c4[C@@]2(CCN3C)[C@H]1O5,7.66
OPRM1,CHEMBL6048043,CN(C)[C@]1(c2ccccc2)CC[C@]2(CC1)CN(c1ccc(C(F)(F)F)cc1S(C)(=O)=O)C(=O)N2CC1CCC1,7.66
OPRM1,CHEMBL5830467,CN(C)[C@]1(c2ccccc2)CC[C@]2(CC1)CN(CC(=O)N1CCCC(O)C1)C(=O)N2CC1CCC1,7.66
OPRM1,CHEMBL5889613,CN(C)[C@]1(c2ccccc2)CC[C@]2(CC1)CN(Cc1cn(CCO)nn1)C(=O)N2CC1(O)CCC1,7.66
OPRM1,CHEMBL5997271,COc1ccccc1CCNC(=O)NCC(Cc1ccc(O)cc1)N(C)C,7.66
OPRM1,CHEMBL91683,CC(=N)NCCc1ccc2[nH]c3c(c2c1)C[C@@]1(O)C2Cc4ccc(O)c5c4[C@@]1(CCN2CC1CC1)[C@H]3O5,7.65
OPRM1,CHEMBL610799,CCCN/C(=N\CC1CC1)Nc1ccc2[nH]c3c(c2c1)C[C@@]1(O)[C@H]2Cc4ccc(O)c5c4[C@@]1(CCN2CC1CC1)[C@H]3O5,7.65
OPRM1,CHEMBL67192,CCN(CC)C(=O)c1ccc(C(=C2CC3CCC(C2)N3Cc2ccc3c(c2)OCO3)c2ccccc2)cc1,7.65
OPRM1,CHEMBL99738,CC(C)[C@H]1CC[C@H](N2CCC(N3C(=O)Cc4ccccc43)CC2)CC1,7.65
OPRM1,CHEMBL236170,NC(=O)c1ccc(Oc2ccc(CCCNCc3ccccc3)cc2)nc1,7.65
OPRM1,CHEMBL4063074,Cc1cc(C)cc(C2CCCN2Cc2ccc(Oc3ccc(C(N)=O)cc3F)cc2)c1,7.65
OPRM1,CHEMBL4066846,C[C@H]1[C@H]2Cc3ccc(O)cc3[C@]1(C)CCN2C[C@H](O)c1ccccc1,7.65
OPRM1,CHEMBL5083135,Clc1ccc(CNCC[C@@]2(c3ccccn3)CCOC3(CCOC3)C2)s1,7.65
OPRM1,CHEMBL5174391,CCCC(=O)N(Cc1ccc(F)cc1)C1CCN(CCc2ccccc2)CC1,7.65
OPRM1,CHEMBL5820483,CNC(=O)CN1C[C@]2(CC[C@](c3ccccc3)(N(C)C)CC2)N(CC2CCC2)C1=O,7.65
OPRM1,CHEMBL110816,CCC(=O)NCCc1ccc2[nH]c3c(c2c1)C[C@@]1(O)C2Cc4ccc(O)c5c4[C@@]1(CCN2CC1CC1)[C@H]3O5,7.64
OPRM1,CHEMBL147949,CCC(=O)N(CCCN=C(N)N)C1CCN(CCc2ccccc2)CC1,7.64
OPRM1,CHEMBL40581,O=C(NC[C@@H]1Cc2ccccc2CN1C(=S)NC[C@H]1CCCN1Cc1ccoc1)Nc1ccccc1,7.64
OPRM1,CHEMBL41649,COc1ccc(CN2CCC[C@@H]2C/N=C(\S)N2Cc3ccccc3C[C@H]2CNC(=O)Nc2ccccc2)cc1,7.64
OPRM1,CHEMBL181830,CCc1ccccc1OC(CCN1CCC(n2c(O)nc3ccccc32)CC1)C(C)C,7.64
OPRM1,CHEMBL240074,COc1ccc(C)c(OC(CCN2CCC(n3c(=O)n(CSC)c4ccccc43)CC2)C(C)C)c1,7.64
OPRM1,CHEMBL255555,C[C@H]1CN(CCC(=O)N(Cc2ccccc2)[C@@H](Cc2ccccc2)C(=O)O)CC[C@@]1(C)c1cccc(O)c1,7.64
OPRM1,CHEMBL261048,CN1CC[C@]23c4c5cccc4O[C@H]2CCC[C@H]3[C@H]1C5,7.64
OPRM1,CHEMBL569725,O=C(Nc1ccc(I)cc1)Nc1ccc2c(c1)[C@@]13CCCC[C@H]1[C@@H](C2)N(CC1CC1)CC3,7.64
OPRM1,CHEMBL2386902,C=CCN1CC[C@@]2(CCc3ccccc3)c3cc(O)ccc3O[C@H]2C1,7.64
OPRM1,CHEMBL2418731,CN1CC[C@]2(c3cccc(O)c3)C[C@@H](c3ccccc3)C[C@H]1C2,7.64
OPRM1,CHEMBL3695669,O=C1C[C@]23CCN(CC4CC4)[C@H](Cc4ccc(O)cc42)C3=CN1Cc1ccc(O)cc1,7.64
OPRM1,CHEMBL3972934,CN1CC[C@]23c4cccc(C(N)=O)c4O[C@H]2CCC[C@H]3C1,7.64
OPRM1,CHEMBL4106506,COCCOCCOCCOCCO[C@H]1CC[C@@]2(O)C3Cc4ccc(O)c5c4[C@@]2(CCN3C)[C@H]1O5,7.64
OPRM1,CHEMBL4210181,C[C@H]1[C@H]2Cc3ccc(O)cc3[C@@]1(C)CC[N+]2(C)CC1CC1,7.64
OPRM1,CHEMBL5563335,Cl.O=C(Cc1ccco1)N(c1ccccc1)C1CCN(CCc2ccccc2)CC1,7.64
OPRM1,CHEMBL5828587,CN1CCC23c4cccc(C(N)=O)c4OC2CCC[C@H]3C1,7.64
OPRM1,CHEMBL6020491,COCCOCCOCCOCCO[C@H]1C=CC2C3Cc4ccc(O)c5c4[C@@]2(CCN3C)[C@H]1O5,7.64
OPRM1,CHEMBL5788381,CN1CCC23c4cccc(C(N)=O)c4O[C@H]2CCC[C@H]3C1,7.64
OPRM1,CHEMBL5853399,CN(C)[C@]1(c2ccccc2)CC[C@]2(CC1)CN(c1ccc(S(C)(=O)=O)cc1C#N)C(=O)N2CC1CCC1,7.64
OPRM1,CHEMBL5769763,CN(C)[C@]1(c2ccccc2)CC[C@]2(CC1)CN(CC(=O)N1CCn3ncnc3C1)C(=O)N2CC1CCC1,7.64
OPRM1,CHEMBL5744115,CNC(=O)c1ccc(NC(=O)CN2C[C@]3(CC[C@](c4ccccc4)(N(C)C)CC3)N(CC3CCC3)C2=O)nc1,7.64
OPRM1,CHEMBL5857411,CN(C)[C@]1(c2ccccc2)CC[C@]2(CC1)CN(CC(=O)Nc1cccc(O)n1)C(=O)N2CC1CCC1,7.64
OPRM1,CHEMBL108083,O=C(NCCc1ccccc1)c1ccc2[nH]c3c(c2c1)C[C@@]1(O)C2Cc4ccc(O)c5c4[C@@]1(CCN2CC1CC1)[C@H]3O5,7.63
OPRM1,CHEMBL40825,CC(C)(C)NC(=O)NC[C@@H]1Cc2ccccc2CN1/C(S)=N/C[C@H]1CCCN1Cc1ccccc1,7.63
OPRM1,CHEMBL2387200,CC1CC(=O)N(C2CCN(C3CCCCCCC3)CC2)c2ccccc21,7.63
OPRM1,CHEMBL4636159,COc1ccc(-c2cnc3c(c2)C[C@@]2(OCCCc4ccccc4)[C@H]4Cc5ccc(O)c6c5[C@@]2(CCN4CC2CC2)[C@H]3O6)cc1,7.63
OPRM1,CHEMBL4646507,Oc1ccc2c3c1O[C@H]1c4ncc(-c5ccccc5)cc4C[C@@]4(OCCCC5CCCCC5)[C@@H](C2)N(CC2CC2)CC[C@]314,7.63
OPRM1,CHEMBL5418819,CN(C)C(=O)C(CCN1CCC(CCN2CCN(c3cccc(Cl)c3Cl)CC2)C1)(c1ccccc1)c1ccccc1,7.63
OPRM1,CHEMBL5808228,CN(C)[C@]1(c2ccccc2)CC[C@]2(CC1)CN(CC(=O)NCC(N)=O)C(=O)N2CC1CCC1,7.63
OPRM1,CHEMBL5976209,CN(C)[C@]1(c2ccccc2)CC[C@]2(CC1)CN(CC(=O)Nc1cccc(S(C)(=O)=O)n1)C(=O)N2CC1CCC1,7.63
OPRM1,CHEMBL5946007,COc1ccc(CN2C[C@]3(CC[C@](c4ccccc4)(N(C)C)CC3)N(CC(C)C)C2=O)cc1,7.63
OPRM1,CHEMBL407832,CC[C@H](C)[C@H](NC(=O)[C@H](CCCN=C(N)N)NC(=O)[C@H](CCCN=C(N)N)NC(=O)[C@H](CC(C)C)NC(=O)[C@H](Cc1ccccc1)NC(=O)CNC(=O)CNC(=O)[C@@H](N)Cc1ccc(O)cc1)C(=O)N[C@@H](CCCN=C(N)N)C(=O)O,7.62
OPRM1,CHEMBL136421,CNC(=O)c1cccc([C@]2(C)CCN(CCc3ccccc3)C[C@@H]2C)c1,7.62
OPRM1,CHEMBL40528,O=C(NC[C@@H]1Cc2ccccc2CN1C(=S)NC[C@H]1CCCN1Cc1ccsc1)Nc1ccccc1,7.62
OPRM1,CHEMBL183135,CC(C)C(CCN1CCC(n2c(O)nc3ccccc32)CC1)Oc1ccccc1C(F)(F)F,7.62
OPRM1,CHEMBL397945,OC1(c2ccccc2)CCN(C(Cc2ccccc2)c2ccccc2)CC1,7.62
OPRM1,CHEMBL442943,CN1C(=O)[C@H](NC(=O)Nc2cccc(OCCNC(=O)COCC(=O)N[C@H]3CC[C@@]4(O)[C@H]5Cc6cc(O)cc7c6[C@@]4(CCN5C)[C@H]3O7)c2)N=C(c2ccccc2)c2ccccc21,7.62
OPRM1,CHEMBL568076,CC[C@]12CCN(CCc3ccccc3)C[C@H]1Oc1ccc(O)cc12,7.62
OPRM1,CHEMBL572216,O=C(Nc1ccc(I)cc1)Nc1ccc2c(c1)[C@@]13CCCC[C@H]1[C@@H](C2)N(CC1CCC1)CC3,7.62
OPRM1,CHEMBL569448,Oc1cc2c(cc1CNCCCCCCCCNCc1cc3c(cc1O)[C@@]14CCCC[C@H]1[C@@H](C3)N(CC1CCC1)CC4)C[C@@H]1[C@@H]3CCCC[C@]23CCN1CC1CCC1,7.62
OPRM1,CHEMBL571862,COc1cccc2c1O[C@H]1CCC[C@H]3CN(CCc4ccccc4)CC[C@@]231,7.62
OPRM1,CHEMBL1766044,CCCNc1nc2cc3c(cc2s1)C[C@@H]1[C@@H]2CCCC[C@]32CCN1CCCF,7.62
OPRM1,CHEMBL2419121,COc1c(C(=O)N[C@H]2CC[C@@]3(O)[C@H]4Cc5ccc(O)c6c5[C@@]3(CCN4CC3CC3)[C@H]2O6)nc(Cl)c2ccccc12,7.62
OPRM1,CHEMBL3764556,N[C@@H](Cc1ccc(O)cc1)C(=O)N[C@@H]1CCCCNC(=O)CNC(=O)[C@H](Cc2ccc(O)cc2)NC(=O)[C@H](Cc2c[nH]c3ccccc23)NC1=O,7.62
OPRM1,CHEMBL3678975,CO[C@]12CC[C@@]3(C[C@@H]1COCc1ccsc1)[C@H]1Cc4ccc(O)c5c4[C@@]3(CC[N+]1(C)CC1CC1)[C@H]2O5,7.62
OPRM1,CHEMBL4439770,Cc1n[nH]c2c1C[C@@]1(O)[C@H]3Cc4ccc(O)c5c4[C@@]1(CCN3CC1CC1)[C@H]2O5,7.62
OPRM1,CHEMBL5083736,CCC(=O)N(CC1(N2CCN(Cc3ccccc3)CC2)CC1)c1ncccc1F,7.62
OPRM1,CHEMBL5073754,CN(C)C(=O)C(CCNCCCCN1CCN(c2cccc(Cl)c2Cl)CC1)(c1ccccc1)c1ccccc1,7.62
OPRM1,CHEMBL5180599,C=CCN1CC[C@]23c4c5ccc(O)c4O[C@H]2C(=C(F)F)CC[C@@]3(O)[C@H]1C5,7.62
OPRM1,CHEMBL5406129,CN(C)C(=O)C(CCN1C[C@H](O)C/C1=C\N1CCN(c2cccc(Cl)c2Cl)CC1)(c1ccccc1)c1ccccc1,7.62
OPRM1,CHEMBL5556123,Cc1cc(O)cc(C)c1C[C@H](N)C(=O)N[C@H](CCCCNC(=N)N)C(=O)N[C@H]1Cc2ccccc2CN(CCC(=O)N[C@@H](CCCN2CCC(Cc3ccccc3)CC2)C(=O)N[C@@H](Cc2ccccc2)C(N)=O)C1=O,7.62
OPRM1,CHEMBL5747558,Cc1cn2cc(N3C[C@]4(CC[C@](c5ccccc5)(N(C)C)CC4)N(CC4CCC4)C3=O)ncc2n1,7.62
OPRM1,CHEMBL5771060,CCCNC(=O)CN1C(=O)N(Cc2ccc(OC)cc2)C[C@]12CC[C@](c1ccccc1)(N(C)C)CC2,7.62
OPRM1,CHEMBL2448130,CN1c2ccccc2C(c2ccccc2F)=NC[C@H]1CCNC(=O)c1ccsc1,7.61
OPRM1,CHEMBL218433,Cc1cc(C[C@H](N)C(=O)N2CCC[C@H]2C(=O)N[C@@H](Cc2c[nH]c3ccccc23)C(=O)N[C@H](Cc2ccc3ccccc3c2)C(N)=O)cc(C)c1O,7.61
OPRM1,CHEMBL439038,NC(=O)c1ccc(Oc2ccc3c(c2)CCCN(CCCC(F)(F)F)C3)nc1,7.61
OPRM1,CHEMBL3695667,NC(=O)CN1C[C@H]2[C@H]3Cc4ccc(O)cc4[C@@]2(CCN3CC2CC2)CC1=O,7.61
OPRM1,CHEMBL3785854,Oc1ccc2c(c1)[C@]13CCN(CC4CC4)[C@@H](C2)[C@]1(O)Cc1c([nH]c2ccccc12)C3,7.61
OPRM1,CHEMBL3930729,CCOC(=O)CC[C@H]1[C@H](COCc2ccccc2)[C@@]23CC[C@]1(OC)[C@@H]1Oc4c(OC)ccc5c4[C@@]12CCN(CC1CC1)[C@@H]3C5,7.61
OPRM1,CHEMBL4634862,Oc1ccc2c3c1O[C@H]1c4ncc(-c5ccccc5)cc4C[C@@]4(OCCCCc5ccccc5)[C@@H](C2)N(CC2CC2)CC[C@]314,7.61
OPRM1,CHEMBL4745745,CO[C@@]12CC[C@@H](N[C@@H](Cc3ccc(O)cc3)C(=O)O)[C@@H]3Oc4c(O)ccc5c4[C@@]31CCN(C)[C@@H]2C5,7.61
OPRM1,CHEMBL5412738,CC(=O)NCc1cc2ccccc2n1C1CCN([C@H]2CC[C@@H](C(C)C)CC2)CC1,7.61
OPRM1,CHEMBL5979051,COc1ccc2c(c1)[C@]13CCN(CC4CC4)[C@H](C2)[C@]12CCC(NC(=O)c1ccc(Cl)cc1)(CO2)C3,7.61
OPRM1,CHEMBL5865658,COc1ccc(NC(=O)CCN2C[C@]3(CC[C@](c4ccccc4)(N(C)C)CC3)N(CC3CCC3)C2=O)nn1,7.61
OPRM1,CHEMBL5814134,CN(C)[C@]1(c2ccccc2)CC[C@]2(CC1)CN(CCC(=O)N1C[C@H](O)[C@@H](O)C1)C(=O)N2CC1CCC1,7.61
OPRM1,CHEMBL5768495,CN(C)[C@]1(c2ccccc2)CC[C@]2(CC1)CN(CC(=O)Nc1ccc(S(C)(=O)=O)nc1)C(=O)N2CC1CCC1,7.61
OPRM1,CHEMBL325750,O=C1NCN(c2ccccc2)C12CCN(Cc1ccc3nsnc3c1)CC2,7.6
OPRM1,CHEMBL110894,CCCCC/N=C(\N)Cc1ccc2[nH]c3c(c2c1)C[C@@]1(O)C2Cc4ccc(O)c5c4[C@@]1(CCN2CC1CC1)[C@H]3O5,7.6
OPRM1,CHEMBL132314,CCCC[C@H](NC(=O)[C@@H](N)Cc1ccc(O)cc1)C(=O)NCC(=O)N[C@@H](Cc1c[nH]c2ccccc12)C(=O)N(C)[C@@H](CCCC)C(=O)N[C@@H](CC(=O)O)C(=O)N[C@@H](Cc1ccccc1)C(N)=O,7.6
OPRM1,CHEMBL306150,O=C1NCN(c2ccc(F)cc2)C12CCN(C1Cc3cccc4cccc1c34)CC2,7.6
OPRM1,CHEMBL307889,Cc1cc(O)cc(C)c1C[C@H](N)C(=O)N1Cc2ccccc2C[C@H]1CNC(=O)C(C)(C)C,7.6
OPRM1,CHEMBL185415,CC(C)C1CCC(N2CCC(N3c4ccccc4CN(CC#N)S3(=O)=O)CC2)CC1,7.6
OPRM1,CHEMBL374228,CN1CC[C@]23c4c5ccc(O)c4O[C@H]2c2c(c4c(n2C)CCCC4)C[C@@]3(O)C1C5,7.6
OPRM1,CHEMBL259291,COc1ccc(C)c(OC(CCN2CCC(n3c(=O)n(Cc4n[nH]c(=O)[nH]4)c4ccccc43)CC2)C(C)C)c1,7.6
OPRM1,CHEMBL254960,COc1cc(CC(=O)N(C)[C@H](CN2CC[C@H](O)C2)c2ccccc2)c(S(=O)(=O)N(C)C)cc1OC,7.6
OPRM1,CHEMBL495402,C[C@H]1CN(CCO)CCN1c1cc2[nH]c(SC(C)(C)C)nc2cc1Cl,7.6
OPRM1,CHEMBL506616,O=C1N[C@@H](Cc2ccccc2)C(=O)N2CCC[C@@H]2C(=O)N[C@@H](Cc2ccccc2)C(=O)N[C@H]1Cc1c[nH]c2ccccc12,7.6
OPRM1,CHEMBL1642742,NC(=O)c1ccc2c(c1)CCCN2c1ccc(CNCCC2=CCCCC2)cc1,7.6
OPRM1,CHEMBL1642743,NC(=O)c1ccc2c(c1)CCCN2c1ccc(CNCCc2cccs2)cc1,7.6
OPRM1,CHEMBL1642755,NC(=O)c1ccc2c(c1)CCCN2c1cc(F)c(CNC2Cc3ccccc3C2)c(F)c1,7.6
OPRM1,CHEMBL2443259,Cc1cc(C)c(CNCC[C@@]2(c3ccccn3)CCOC3(CCCC3)C2)s1,7.6
OPRM1,CHEMBL4516683,CCC(=O)N(c1ccccc1)C1CCN(CC(F)c2ccc(F)cc2)CC1,7.6
OPRM1,CHEMBL4460762,CC1OC2(CCN(CCc3ccccc3)CC2)CN(c2cnccc2C(F)(F)F)C1=O,7.6
OPRM1,CHEMBL4638667,Cc1cc(F)ccc1-c1cnc2c(c1)C[C@@]1(OCCCc3ccccc3)[C@H]3Cc4ccc(O)c5c4[C@@]1(CCN3CC1CC1)[C@H]2O5,7.6
OPRM1,CHEMBL5419235,CCOC(=O)NCc1cc2ccccc2n1C1CCN([C@H]2CC[C@@H](C(C)C)CC2)CC1,7.6
OPRM1,CHEMBL1773189,C[C@H]1CN(CCCc2ccccc2)CCN1c1cccc(O)c1,7.6
OPRM1,CHEMBL5929835,CC(c1ccc(Br)cc1F)N1CCC(n2c(=O)[nH]c3cc(Cl)ccc32)CC1,7.6
OPRM1,CHEMBL5748491,COc1ccc(NC(=O)CCN2C[C@]3(CC[C@](c4ccccc4)(N(C)C)CC3)N(CC3CCC3)C2=O)nc1,7.6
OPRM1,CHEMBL5871204,CNC(=O)c1ccnc(NC(=O)CN2C[C@]3(CC[C@](c4ccccc4)(N(C)C)CC3)N(CC3CCC3)C2=O)c1,7.6
OPRM1,CHEMBL5953138,CN(C)[C@]1(c2ccccc2)CC[C@]2(CC1)CN(CC(=O)NCC1CCS(=O)(=O)CC1)C(=O)N2CC1CCC1,7.6
OPRM1,CHEMBL5945592,CN(C)[C@]1(c2ccccc2)CC[C@]2(CC1)CN(Cc1ccnc(N3CCCCC3)c1)C(=O)N2,7.6
OPRM1,CHEMBL5972109,CN(C)[C@H](CNC(=O)NC(C)(C)Cc1ccsc1)Cc1cccc(O)c1,7.6
OPRM1,CHEMBL222704,CCn1c2c(c3c1[C@@H]1Oc4c(O)ccc5c4[C@@]14CCN(C)C(C5)[C@]4(O)C3)CCCC2,7.59
OPRM1,CHEMBL1921842,NC(=O)c1ccc(Oc2ccc(CN3CCC[C@H]3c3cccnc3)cc2)c(Cl)c1,7.59
OPRM1,CHEMBL3104104,Cc1cc(O)cc(C)c1C[C@H](N)C(=O)N1CCCc2ccccc21,7.59
OPRM1,CHEMBL5200686,CCCCCCCCC(N)C(=O)N[C@@H](Cc1ccc(O)cc1)C(=O)N1CCC[C@H]1C(=O)N[C@@H](Cc1c[nH]c2ccccc12)C(=O)N[C@@H](Cc1ccccc1)C(N)=O,7.59
OPRM1,CHEMBL5421947,N[11C](=O)c1ccc(Oc2ccc(CN3CCC[C@H]3c3cccnc3)cc2)c(Cl)c1,7.59
OPRM1,CHEMBL6067837,COc1ccc2c(c1)[C@]13CCN(CC4CC4)[C@H](C2)[C@]12CCC(NCc1ccccc1)(CO2)C3,7.59
OPRM1,CHEMBL5778531,COCCOCCOCCNC(=O)CN1C[C@]2(CC[C@](c3ccccc3)(N(C)C)CC2)N(CC2CCC2)C1=O,7.59
OPRM1,CHEMBL5929717,CN(C)[C@]1(c2ccccc2)CC[C@]2(CC1)CN(CC(=O)NCCC#N)C(=O)N2CC1CCC1,7.59
OPRM1,CHEMBL323987,CCC(=N)NCCc1ccc2[nH]c3c(c2c1)C[C@@]1(O)C2Cc4ccc(O)c5c4[C@@]1(CCN2CC1CC1)[C@H]3O5,7.58
OPRM1,CHEMBL610032,N/C(=N/Cc1ccc([N+](=O)[O-])cc1)Nc1ccc2[nH]c3c(c2c1)C[C@@]1(O)[C@H]2Cc4ccc(O)c5c4[C@@]1(CCN2CC1CC1)[C@H]3O5,7.58
OPRM1,CHEMBL124015,CN1c2ccc(Cl)cc2C(c2ccccc2)=NCC1CCNC(=O)c1cccs1,7.58
OPRM1,CHEMBL28172,O=C1NCN(c2ccccc2)C12CCN(C1Cc3ccccc3C1)CC2,7.58
OPRM1,CHEMBL41205,O=C(NC[C@@H]1Cc2ccccc2CN1/C(S)=N/C[C@H]1CCCN1Cc1ccc(F)cc1)Nc1ccccc1,7.58
OPRM1,CHEMBL385280,C[C@H]1[C@H]2CC[C@H](c3ccccc3)CN2CC[C@@]1(C)c1cccc(O)c1,7.58
OPRM1,CHEMBL3084532,Cc1ccc([C@@]2(C(N)=O)C[C@H]3CC[C@@H](C2)N3C(c2ccccc2Cl)c2ccccc2Cl)nc1,7.58
OPRM1,CHEMBL475310,CC(C)CNCCN1CN(c2ccccc2)C2(CCN(Cc3c(Cl)cccc3Cl)CC2)C1=O,7.58
OPRM1,CHEMBL1672179,Cl.Oc1cccc([C@]23CCC[C@H](C2)N(C/C=C\c2ccccc2)CC3)c1,7.58
OPRM1,CHEMBL2048778,CN(Cc1ccc(Cl)cc1)c1ccc2c(c1)[C@@]13CCCC[C@H]1[C@@H](C2)N(CC1CCC1)CC3,7.58
OPRM1,CHEMBL2163918,C=C(C(N)=O)[C@@H](NC(=O)[C@H](Cc1c[nH]c2ccccc12)NC(=O)[C@@H]1CCCN1C(=O)[C@@H](N)Cc1ccc(O)cc1)c1cccc2ccccc12,7.58
OPRM1,CHEMBL3264441,CCOC(=O)C(CN1CC[C@@](C)(c2cccc(O)c2)[C@@H](C)C1)OC(=O)[C@H]1Cc2ccc(O)cc2CN1,7.58
OPRM1,CHEMBL3597085,CC(C)C[C@H](NC(=O)[C@H](CO[C@@H]1O[C@H](CO)[C@@H](O)[C@H](O)[C@H]1O)NC(=O)[C@H](CCCCN)NC(=O)[C@H](CC(C)C)NC(=O)[C@H](C)NC(=O)[C@H](CCCCN)NC(=O)[C@H](CCC(=O)O)NC(=O)C(C)(C)NC(=O)[C@H](CC(C)C)NC(=O)[C@H](CC(N)=O)NC(=O)CNC(=O)[C@H](CC(C)C)NC(=O)[C@H](Cc1ccccc1)NC(=O)CNC(=O)[C@@H](NC(=O)[C@@H](N)Cc1ccc(O)cc1)[C@@H](C)O)C(N)=O,7.58
OPRM1,CHEMBL4515245,CN(C)C1(c2ccccc2)CCC2(CC1)CNC(=O)C2,7.58
OPRM1,CHEMBL4641670,Oc1ccc2c3c1O[C@H]1c4ncc(-c5ccc(Br)cc5)cc4C[C@@]4(OCCCc5ccccc5)[C@@H](C2)N(CC2CC2)CC[C@]314,7.58
OPRM1,CHEMBL4741494,CCN1CC2(CCN(CCc3ccccc3)CC2)O[C@H](C)C1=O,7.58
OPRM1,CHEMBL4783182,CCC(=O)N(CCN1CCC(c2ccccc2)CC1)c1ccc(OC)cc1,7.58
OPRM1,CHEMBL5069961,Fc1ccc(CNCC[C@@]2(c3ccccn3)CCOC3(CCOC3)C2)cc1Cl,7.58
OPRM1,CHEMBL5172639,CC(C)C[C@H](NC(=O)[C@H](Cc1ccccc1)NC(=O)CNC(=O)C/C=C(\F)[C@@H](N)Cc1ccc(O)cc1)C(=O)NC1CC1,7.58
OPRM1,CHEMBL5562301,O=C1CN2c3c(cccc3[C@@H]3CN(CCCOc4ccc(F)cc4)CC[C@H]32)N1,7.58
OPRM1,CHEMBL5584028,Cl.O=C(CCc1cccs1)N(c1ccccc1)C1CCN(CCc2ccccc2)CC1,7.58
OPRM1,CHEMBL5806382,CN(C)[C@]1(c2ccccc2)CC[C@]2(CC1)CN(c1ccccc1C(N)=O)C(=O)N2CC1(O)CCC1,7.58
OPRM1,CHEMBL5763960,CN[C@]1(c2ccccc2)CC[C@]2(CC1)CN(c1ccc(C#N)cc1OC)C(=O)N2CC1(O)CCC1,7.58
OPRM1,CHEMBL5858869,CN(C)[C@]1(c2ccccc2)CC[C@]2(CC1)CN(CC(=O)NCC1(O)CCCCC1)C(=O)N2CC1CCC1,7.58
OPRM1,CHEMBL6025250,CN(C)C(=O)CNC(=O)CN1C[C@]2(CC[C@](c3ccccc3)(N(C)C)CC2)N(CC2CCC2)C1=O,7.58
OPRM1,CHEMBL5811645,CN(C)[C@]1(c2ccccc2)CC[C@]2(CC1)CN(CC(=O)Nc1ccc(C(N)=O)cn1)C(=O)N2CC1CCC1,7.58
OPRM1,CHEMBL6033896,CN(C)[C@]1(c2ccccc2)CC[C@]2(CC1)CN(CC(=O)NCc1ncccn1)C(=O)N2CC1CCC1,7.58
OPRM1,CHEMBL5966130,CN(C)[C@]1(c2ccccc2)CC[C@]2(CC1)CN(CC(=O)Nc1cncnc1)C(=O)N2CC1CCC1,7.58
OPRM1,CHEMBL6059748,COCCN1C(=O)N(Cc2ccc(OC)cc2)C[C@]12CC[C@](c1ccccc1)(N(C)C)CC2,7.58
OPRM1,CHEMBL6022818,COc1ccc(CN2C[C@]3(CC[C@](c4ccccc4)(N(C)C)CC3)N(CC3(OC)CCC3)C2=O)cc1,7.58
OPRM1,CHEMBL27539,O=C1N[C@@H]2CCCC[C@H]2N1C1CCN(CCC(c2ccccc2)c2ccccc2)CC1,7.57
OPRM1,CHEMBL114358,CCCCCCCN1CC[C@]2(C)c3cc(O)ccc3CC1[C@@H]2C,7.57
OPRM1,CHEMBL182410,CCCC(Oc1cc(C)ccc1Cl)C(O)CN1CCC(n2c(O)nc3ccccc32)CC1,7.57
OPRM1,CHEMBL213880,C[C@H]1C2Cc3ccc(C(=O)NCc4ccccc4)cc3[C@@]1(C)CCN2CC1CC1,7.57
OPRM1,CHEMBL393960,COc1ccc(C)c(OC(CCN2CCC(n3c(=O)n(CCSC)c4ccccc43)CC2)C(C)C)c1,7.57
OPRM1,CHEMBL254754,COc1cc(CC(=O)N(C)[C@H](CN2CC[C@H](O)C2)c2ccccc2)c(S(=O)(=O)N2CCN(C)CC2)cc1OC,7.57
OPRM1,CHEMBL467314,CNC(=O)NC1(c2ccccc2)CC2CCC(C1)N2C(c1ccccc1Cl)c1ccccc1Cl,7.57
OPRM1,CHEMBL585536,COc1cccc2c1O[C@H]1CCC[C@@H]3CN(C)CC[C@@]231,7.57
OPRM1,CHEMBL1080463,CNC(=O)CN1C(=O)OC2(CCN(C3CCCCCCCCC3)CC2)c2ccccc21,7.57
OPRM1,CHEMBL3215667,CCOc1ccc(Cc2nc3cc(NC(=N)c4ccco4)ccc3n2CCN(CC)CC)cc1.Cl.Cl,7.57
OPRM1,CHEMBL208454,Cc1cc(O)cc(C)c1C[C@H](N)C(=O)N1Cc2ccccc2C[C@H]1c1nc(-c2ccccc2)c[nH]1,7.57
OPRM1,CHEMBL3409104,Oc1ccc2c(c1)[C@]1(CCCc3ccccc3)CCN(CCc3ccc(C(F)(F)F)cc3)C[C@@H]1O2,7.57
OPRM1,CHEMBL3597087,CC(C)C[C@H](NC(=O)[C@H](CO[C@@H]1O[C@H](CO)[C@@H](O)[C@H](O)[C@H]1O)NC(=O)[C@H](CCCCN)NC(=O)[C@H](CC(C)C)NC(=O)[C@H](C)NC(=O)[C@H](CCCCN)NC(=O)[C@H](CCC(=O)O)NC(=O)C(C)(C)NC(=O)[C@H](CC(C)C)NC(=O)[C@H](CC(N)=O)NC(=O)[C@H]1CCCN1C(=O)[C@H](CC(C)C)NC(=O)[C@H](Cc1ccccc1)NC(=O)CNC(=O)[C@@H](NC(=O)[C@@H](N)Cc1ccc(O)cc1)[C@@H](C)O)C(N)=O,7.57
OPRM1,CHEMBL3667191,CN1CC[C@]23CC(=O)CC[C@@]2(O)[C@H]1Cc1ccc(C(=O)NCCc2nc4ccccc4[nH]2)c(O)c13,7.57
OPRM1,CHEMBL4299466,CC(C)C[C@H](NC(=O)[C@@H]1CCCN1C(=O)[C@H](Cc1ccccc1)N(C)C(=O)CNC(=O)[C@H](C)NC(=O)[C@@H](N)Cc1ccc(O)cc1)C(=O)N[C@@H](Cc1c[nH]c2ccccc12)C(=O)NCc1cc(C(F)(F)F)cc(C(F)(F)F)c1,7.57
OPRM1,CHEMBL4110312,COCCOCCOCCOCCOCCOc1ccc2c3c1O[C@H]1[C@@]4(OC)CC[C@@]5(C[C@@H]4COCc4ccccc4)[C@@H](C2)N(CC2CC2)CC[C@]315,7.57
OPRM1,CHEMBL3907138,CN(C)C1(c2ccccc2)CCC(c2ccc(C(F)(F)F)cc2)(N(C)C)CC1,7.57
OPRM1,CHEMBL5179109,O=C(C1CCCC1)N(Cc1cccc(F)c1)C1CCN(CCc2ccccc2)CC1,7.57
OPRM1,CHEMBL5410159,CN(C)C(=O)C(CCN(CCO)[C@@H]1C[C@H]1c1ccc(Cl)cc1)(c1ccccc1)c1ccccc1,7.57
OPRM1,CHEMBL5937847,CCN(C)[C@]1(c2ccccc2)CC[C@]2(CC1)CN(Cc1cccnc1)C(=O)N2CC1CCC1,7.57
OPRM1,CHEMBL6023270,CCCN(C)C(=O)CN1C(=O)N(Cc2ccc(OC)cc2)C[C@]12CC[C@](c1ccccc1)(N(C)C)CC2,7.57
OPRM1,CHEMBL5799508,CN(C)C(CNC(=O)NCCc1ccc(F)cc1)Cc1ccc(O)cc1,7.57
OPRM1,CHEMBL2111837,CN1c2ccc(Cl)cc2C(c2ccccc2)=NC[C@@H]1CCNC(=O)c1cccs1,7.56
OPRM1,CHEMBL100938,CC1(C)C2CCC(CN3CCC(N4C(=O)Cc5ccccc54)CC3)C1C2,7.56
OPRM1,CHEMBL2163919,C=C(C(N)=O)[C@@H](NC(=O)[C@H](Cc1c[nH]c2ccccc12)NC(=O)[C@@H]1CCCN1C(=O)[C@@H](N)Cc1ccc(O)cc1)c1ccc2ccccc2c1,7.56
OPRM1,CHEMBL3954154,COCCOCCOCCO[C@H]1CC[C@@]2(O)[C@H]3Cc4ccc(O)c5c4[C@@]2(CCN3CC2CCC2)C1O5,7.56
OPRM1,CHEMBL5558919,Cc1cc(O)cc(C)c1C[C@H](N)C(=O)N[C@H](CCCNC(=N)N)C(=O)N[C@@H](Cc1ccccc1)C(=O)N(C)[C@H](C)C(=O)N[C@@H](CCCN1CCC(Cc2ccccc2)CC1)C(=O)N[C@@H](Cc1ccccc1)C(N)=O,7.56
OPRM1,CHEMBL5833373,COCCOCCOCCO[C@H]1CC[C@@]2(O)[C@H]3Cc4ccc(O)c5c4[C@@]2(CCN3CC2CCC2)[C@H]1O5,7.56
OPRM1,CHEMBL6059621,Cn1cnc(CNC(=O)CN2C[C@]3(CC[C@](c4ccccc4)(N(C)C)CC3)N(CC3CCC3)C2=O)c1,7.56
OPRM1,CHEMBL228857,COc1ccccc1C(c1ccccc1)N1CCC(O)(c2ccccc2)CC1,7.55
OPRM1,CHEMBL233327,Cc1ccccc1C(c1ccccc1)N1CCC(O)(c2ccccc2CN)CC1,7.55
OPRM1,CHEMBL391580,CSCC[C@H](NC(=O)[C@H](Cc1ccccc1)NC(=O)CNC(=O)CNC(=O)[C@@H](N)Cc1ccc(C(N)=O)cc1)C(=O)O,7.55
OPRM1,CHEMBL258115,CC(C)CN(C(=O)CCN1CC[C@@](C)(c2cccc(O)c2)[C@@H](C)C1)[C@@H](Cc1ccccc1)C(=O)O,7.55
OPRM1,CHEMBL441899,C[C@H]1CN(CCC(=O)N[C@@H](Cc2ccc(-c3ccccc3)cc2)C(=O)O)CC[C@@]1(C)c1cccc(O)c1,7.55
OPRM1,CHEMBL255467,CN1CC[C@]23c4c5ccc(O)c4O[C@H]2C(=O)C=C[C@H]3[C@H]1C5,7.55
OPRM1,CHEMBL463518,C[C@H]1C2Cc3cc4ncnc(NCCc5ccc(-c6ccccc6)cc5)c4cc3[C@@]1(C)CCN2CC1CC1,7.55
OPRM1,CHEMBL514662,CCCNCCN1CN(c2ccccc2)C2(CCN(Cc3c(Cl)cccc3Cl)CC2)C1=O,7.55
OPRM1,CHEMBL2064161,CN(C)C(=O)[C@@H]1Cc2ccccc2N1C(=O)CCN1CC2CCC(C1)C2c1ccccc1,7.55
OPRM1,CHEMBL2386823,CN1CC[C@@]2(CCCCCc3ccccc3)c3cc(O)ccc3O[C@H]2C1,7.55
OPRM1,CHEMBL4062024,Cc1cc(C)cc(C2CCCN2Cc2ccc(Oc3ccc(C(N)=O)cc3F)c(F)c2)c1,7.55
OPRM1,CHEMBL4792870,C[C@@H](NC(=O)[C@@H](N)Cc1ccc(O)cc1)C(=O)NCC(=O)N[C@@H](Cc1ccccc1)C(=O)NCC(=O)N1CCC[C@H]1C(=O)N[C@@H](CCC(N)=O)C(=O)N[C@@H](CCCNC(=N)N)C(=O)N[C@@H](Cc1ccccc1)C(N)=O,7.55
OPRM1,CHEMBL4789528,CCC(=O)N(CCN1CCC(Cc2ccc(F)cc2)CC1)c1ccc(C)cc1,7.55
OPRM1,CHEMBL5073189,CCC(=O)N(CC1(N2CCN(Cc3ccccc3)CC2)CC1)c1ncccc1C(F)(F)F,7.55
OPRM1,CHEMBL5089766,CCC(=O)N(CC1(N2CCN(CCOC(C)C)CC2)CCOCC1)c1cccc(C(F)(F)F)n1,7.55
OPRM1,CHEMBL6195805,C[C@@H]1C[C@@H]2C[C@H](C1)C[C@H](N1[C@@H]3CCC[C@H]1C[C@@H](n1c(=O)c(P(=O)(O)O)nc4ccccc41)C3)C2,7.55
OPRM1,CHEMBL5848171,CN(C)[C@]1(c2ccccc2)CC[C@]2(CC1)CN(CCC(=O)NCc1cnco1)C(=O)N2CC1CCC1,7.55
OPRM1,CHEMBL5879696,CN(C)C(=O)CN1C(=O)N(c2ccnc(C#N)n2)C[C@]12CC[C@](c1ccccc1)(N(C)C)CC2,7.55
OPRM1,CHEMBL5790213,COc1cnc(NC(=O)CN2C[C@]3(CC[C@](c4ccccc4)(N(C)C)CC3)N(CC3CCC3)C2=O)cn1,7.55
OPRM1,CHEMBL348023,c1cc2c(cc1OCCCCOc1ccc3c(c1)[C@@]14CCCC[C@H]1[C@@H](C3)N(CC1CCC1)CC4)[C@@]13CCCC[C@H]1[C@@H](C2)N(CC1CCC1)CC3,7.54
OPRM1,CHEMBL138465,C[C@H]1CN(Cc2cccc(O)c2)CC[C@@]1(C)c1cccc(C(N)=O)c1,7.54
OPRM1,CHEMBL390882,CCCCC(c1ccccc1)N1CCC(O)(c2ccccc2)CC1,7.54
OPRM1,CHEMBL240215,O=C1NCN(c2ccccc2)C12CCN(Cc1c(Cl)cccc1Cl)CC2,7.54
OPRM1,CHEMBL3394743,COc1ccc(CNC[C@H](O)CN2CN(c3ccccc3)C3(CCN(CCc4ccccc4-c4cccs4)CC3)C2=O)cc1,7.54
OPRM1,CHEMBL3394747,O=C1N(C[C@@H](O)CNCc2cccs2)CN(c2ccccc2)C12CCN(CCc1ccccc1-c1cccs1)CC2,7.54
OPRM1,CHEMBL3986914,C[C@@H]1C[C@@H]2C[C@H](C1)C[C@@H](N1[C@@H]3CCC[C@H]1C[C@@H](n1c(=O)c(N4CC(C(=O)O)C4)nc4ccccc41)C3)C2,7.54
OPRM1,CHEMBL4438974,CN(C)C1(Cc2ccccc2)CCN(c2cc(C(F)(F)F)ccc2CNC(=O)Nc2cccc3ncccc23)CC1,7.54
OPRM1,CHEMBL4648920,CN(C)Cc1ccccc1-c1cnc2c(c1)C[C@@]1(OCCCc3ccccc3)[C@H]3Cc4ccc(O)c5c4[C@@]1(CCN3CC1CC1)[C@H]2O5,7.54
OPRM1,CHEMBL5410817,C[C@H](CC(=O)NC[C@H](Cc1ccc(O)cc1)N(C)C)c1ccccc1,7.54
OPRM1,CHEMBL5414957,CN(C)[C@H](CNC(=O)[C@@H]1C[C@]1(C)c1ccccc1)Cc1ccc(O)cc1Cl,7.54
OPRM1,CHEMBL5571171,Cc1ccc(C[C@@H]2NC(=O)CNC(=O)[C@H](NC(=O)[C@@H](N)Cc3ccc(O)cc3)CCCCNC(=O)C[C@H](C(=O)N3CCC[C@H]3C(N)=O)NC2=O)cc1,7.54
OPRM1,CHEMBL5569988,Cl.O=C(CCc1ccoc1)N(c1ccccc1)C1CCN(CCc2ccccc2)CC1,7.54
OPRM1,CHEMBL5867102,COc1ccnc(NC(=O)CN2C[C@]3(CC[C@](c4ccccc4)(N(C)C)CC3)N(CC3CCC3)C2=O)n1,7.54
OPRM1,CHEMBL5774706,CN(C)[C@]1(c2ccccc2)CC[C@]2(CC1)CN(CC(=O)N1C[C@@H](O)[C@@H](O)C1)C(=O)N2CC1CCC1,7.54
OPRM1,CHEMBL6039109,CN(C)C(CNC(=S)NCCc1ccsc1)Cc1ccc(O)cc1,7.54
OPRM1,CHEMBL610045,N/C(=N/Cc1ccc(Cl)cc1)Nc1ccc2[nH]c3c(c2c1)C[C@@]1(O)[C@H]2Cc4ccc(O)c5c4[C@@]1(CCN2CC1CC1)[C@H]3O5,7.53
OPRM1,CHEMBL2113379,CN1CC[C@]23c4c5ccc(O)c4O[C@H]2c2[nH]c4ccccc4c2C[C@@]3(NC(=O)Cc2ccccc2)C1C5,7.53
OPRM1,CHEMBL502398,CN1C(=O)[C@H](NC(=O)Nc2cccc(OCCNC(=O)COCC(=O)NCCCCCCNC(=O)COCC(=O)N[C@H]3CC[C@@]4(O)[C@H]5Cc6cc(O)cc7c6[C@@]4(CCN5C)[C@H]3O7)c2)N=C(c2ccccc2)c2ccccc21,7.53
OPRM1,CHEMBL574143,CC(=O)N(CCCC[C@@H](NC(=O)[C@@H](N)Cc1ccc(O)cc1)C(=O)N[C@@H](Cc1ccccc1)C(=O)NCC(=O)N[C@@H](Cc1ccc(O)cc1)C(=O)N1CCC[C@H]1C(=O)N[C@@H](CO)C(=O)O)C(C)=O,7.53
OPRM1,CHEMBL2064132,CCOc1ccccc1N1CCN(CCC(=O)N2c3ccccc3CC2C(=O)N(C)C)CC1,7.53
OPRM1,CHEMBL4111717,COc1ccc2c3c1O[C@H]1[C@@]4(OC)CC[C@@]5(C[C@@H]4COCc4cccc(NC(N)=O)c4)[C@@H](C2)N(CC2CC2)CC[C@]315,7.53
OPRM1,CHEMBL5562538,Cl.O=C(Cc1ccoc1)N(c1ccccc1)C1CCN(CCc2ccccc2)CC1,7.53
OPRM1,CHEMBL5630896,COc1ccc2c3c1O[C@H]1[C@@]4(OC)C=C[C@@]5(C[C@@H]4C(=O)c4ccc(N)cc4)[C@@H](C2)N(CC2CC2)CC[C@]315,7.53
OPRM1,CHEMBL6195806,CCOP(=O)(/C=C/c1nc2c(n([C@H]3C[C@H]4CCC[C@@H](C3)N4[C@H]3C[C@@H]4C[C@@H](C)C[C@@H](C4)C3)c1=O)=CCC=2)OCC,7.53
OPRM1,CHEMBL5999280,CN(C)[C@]1(c2ccccc2)CC[C@]2(CC1)CN(c1ncc(C#N)cn1)C(=O)N2CC1CCC1,7.53
OPRM1,CHEMBL5884802,COCCN1C(=O)N(c2ncc(C#N)cn2)C[C@]12CC[C@](c1ccccc1)(N(C)C)CC2,7.53
OPRM1,CHEMBL6033505,COc1ncc(CNC(=O)CN2C[C@]3(CC[C@](c4ccccc4)(N(C)C)CC3)N(CC3CCC3)C2=O)cn1,7.53
OPRM1,CHEMBL294168,CN1CC[C@]23c4c5cc6sc(N)nc6c4OC2[C@@H](O)CCC3[C@H]1C5,7.52
OPRM1,CHEMBL101454,O=C1Cc2ccccc2N1C1CCN(C2CCCCCCC2)CC1,7.52
OPRM1,CHEMBL428033,CC(C)CCC(c1ccccc1)N1CCC2(CC1)C(=O)NCN2c1ccccc1,7.52
OPRM1,CHEMBL260485,COC(=O)[C@@H]1C[C@H](OC(=O)c2cccc(OC)c2)C(=O)[C@H]2[C@@]1(C)CC[C@H]1C(=O)O[C@H](c3ccoc3)C[C@]21C,7.52
OPRM1,CHEMBL583881,COc1cccc2c1O[C@H]1CCC[C@H]3CN(CC4CC4)CC[C@@]231,7.52
OPRM1,CHEMBL1080484,CNC(=O)Cn1c(=O)n(C2CCN([C@H]3CC[C@H](C(C)C)CC3)CC2)c2ccccc21,7.52
OPRM1,CHEMBL3262543,O=C1Cc2ccccc2N1C1CCN([C@@H]2CC[C@@H]3CCCc4cccc2c43)CC1,7.52
OPRM1,CHEMBL4061620,Cc1ccc(C(=O)NCC2c3ccccc3CCN2CCCl)cc1,7.52
OPRM1,CHEMBL4245818,COc1ccc2c3c1O[C@H]1[C@@]4(OC)CC[C@@]5(C[C@]4(C)CO)[C@@H](C2)N(CC2CC2)CC[C@]315,7.52
OPRM1,CHEMBL4463703,CCCC(=O)N1CCC2(CCC(c3ccccc3)(N(C)C)CC2)C1,7.52
OPRM1,CHEMBL4799292,COC(=O)[C@@H]1C=C(OC(=O)c2ccc(Cl)cc2)C(=O)[C@H]2[C@@]1(C)CC[C@H]1C(=O)O[C@H](c3ccoc3)C[C@]21C,7.52
OPRM1,CHEMBL4784104,CC1(C)CN2C(CS/C(N)=N\[C@H]3CC[C@H](CNC(=O)COCC(=O)NCCCCNC(=O)COCC(=O)N[C@@H]4CC[C@@]5(O)[C@H]6Cc7ccc(O)c8c7[C@@]5(CCN6CC5CC5)[C@H]4O8)CC3)=CSC2=N1,7.52
OPRM1,CHEMBL5086376,CC[C@@H]1CN2CC[C@@]3(O)C(=Nc4ccc(C)c(OC)c43)[C@@H]2C[C@@H]1/C(=C\OC)C(=O)OC,7.52
OPRM1,CHEMBL5087458,CCC(=O)N(CC1(N2CCN(CCOCC(C)C)CC2)CCOCC1)c1cccc(C(F)(F)F)n1,7.52
OPRM1,CHEMBL5558394,Cc1cc(O)cc(C)c1C[C@H](N)C(=O)N[C@H](CCCCN)C(=O)N[C@H]1Cc2ccccc2CN(CCC(=O)N[C@@H](CCCN2CCC(Cc3ccccc3)CC2)C(=O)N[C@@H](Cc2ccccc2)C(N)=O)C1=O,7.52
OPRM1,CHEMBL5556819,O=C1CN2c3c(cccc3[C@@H]3CN(CCCc4noc5cc(F)ccc45)CC[C@@H]32)N1,7.52
OPRM1,CHEMBL5884392,CC(c1ccc(OC(F)(F)F)cc1)N1CCC(n2c(=O)[nH]c3c(Cl)cccc32)CC1,7.52
OPRM1,CHEMBL5943396,CNC(=O)c1ccc(N2C[C@]3(CC[C@](c4ccccc4)(N(C)C)CC3)N(CC3CCC3)C2=O)cc1,7.52
OPRM1,CHEMBL5757155,CN(C)[C@]1(c2ccccc2)CC[C@]2(CC1)CN(CC(=O)Nc1ccc(O)cn1)C(=O)N2CC1CCC1,7.52
OPRM1,CHEMBL5751703,CN(C)[C@]1(c2ccccc2)CC[C@]2(CC1)CN(CC(=O)NC1CCS(=O)(=O)CC1)C(=O)N2CC1CCC1,7.52
OPRM1,CHEMBL5940872,CN(C)[C@]1(c2ccccc2)CC[C@]2(CC1)CN(CC(=O)N1CCS(=O)(=O)CC1)C(=O)N2CC1CCC1,7.52
OPRM1,CHEMBL110487,CCCC(=O)NCCc1ccc2[nH]c3c(c2c1)C[C@@]1(O)C2Cc4ccc(O)c5c4[C@@]1(CCN2CC1CC1)[C@H]3O5,7.51
OPRM1,CHEMBL146054,CC(c1ccccc1Cl)N1CCC(n2c(O)nc3ccccc32)CC1,7.51
OPRM1,CHEMBL288205,O=C(NC[C@@H]1Cc2ccccc2CN1C(=S)NC[C@H]1CCCN1Cc1ccccc1)Nc1ccccc1,7.51
OPRM1,CHEMBL43682,O=C(NC[C@@H]1Cc2ccccc2CN1C(=S)NC[C@H]1CCCN1Cc1ccccn1)Nc1ccccc1,7.51
OPRM1,CHEMBL4216374,CC(c1ccc(OC(F)(F)F)cc1)N1CCC(n2c(=O)[nH]c3ccccc32)CC1,7.51
OPRM1,CHEMBL4461337,Cc1cnc(N2CC[C@H](NC3CCCCC3)[C@@H](O)C2)c(-c2nc(C)no2)c1,7.51
OPRM1,CHEMBL4468676,CCn1c(=O)n([C@@H]2CCN(C3CCCCCCC3)C[C@H]2CO)c2ccccc21,7.51
OPRM1,CHEMBL4760942,COC(=O)[C@@H]1C=C(OC(=O)c2ccc([N+](=O)[O-])cc2)C(=O)[C@H]2[C@@]1(C)CC[C@H]1C(=O)O[C@H](c3ccoc3)C[C@]21C,7.51
OPRM1,CHEMBL5397609,CCCN(CCC(C(=O)N(C)C)(c1ccccc1)c1ccccc1)[C@@H]1C[C@H]1c1ccc(Cl)cc1,7.51
OPRM1,CHEMBL5555400,NC(=O)[C@@H]1CCCN1C(=O)[C@H]1CC(=O)NCCCC[C@@H](NC(=O)[C@@H](N)Cc2ccc(O)cc2)C(=O)NCC(=O)N[C@@H](Cc2ccccc2)C(=O)N1,7.51
OPRM1,CHEMBL5772039,CN(C)[C@]1(c2ccccc2)CC[C@]2(CC1)CN(CCC(=O)N1C[C@@H](O)[C@@H](O)C1)C(=O)N2CC1CCC1,7.51
OPRM1,CHEMBL5743043,CN[C@]1(c2ccccc2)CC[C@]2(CC1)CN(c1cnc(C(F)(F)F)nc1)C(=O)N2CC1COC1,7.51
OPRM1,CHEMBL5803740,COc1ccc(CN2C[C@]3(CC[C@](c4ccccc4)(N(C)C)CC3)N(CC3CCCCC3)C2=O)cc1,7.51
OPRM1,CHEMBL5898911,CN[C@]1(c2ccccc2)CC[C@]2(CC1)CN(Cc1cn(CCO)nn1)C(=O)N2CC1CCC1,7.51
OPRM1,CHEMBL324644,CCCCC(=O)NCCc1ccc2[nH]c3c(c2c1)C[C@@]1(O)C2Cc4ccc(O)c5c4[C@@]1(CCN2CC1CC1)[C@H]3O5,7.5
OPRM1,CHEMBL77324,O=C1NCN(c2ccc(Cl)cc2)C12CCN(C1Cc3cccc4cccc1c34)CC2,7.5
OPRM1,CHEMBL280827,Cc1cccc2c1CCCC2N1CCC2(CC1)C(=O)NCN2c1ccccc1,7.5
OPRM1,CHEMBL254926,CN(CC(=O)N[C@@H](Cc1ccccc1)C(=O)N[C@H](Cc1ccc2ccccc2c1)C(N)=O)C(=O)[C@@H](N)Cc1ccc(O)cc1,7.5
OPRM1,CHEMBL404583,C[C@H]1CN(CCC(=O)N(c2ccccc2)[C@@H](Cc2ccccc2)C(=O)O)CC[C@@]1(C)c1cccc(O)c1,7.5
OPRM1,CHEMBL509054,C[C@H]1C2Cc3ccc(O)c([N+](=O)[O-])c3[C@@]1(C)CCN2CC1CC1,7.5
OPRM1,CHEMBL1642745,NC(=O)c1ccc2c(c1)CCCN2c1ccc(CNCCc2cccc(F)c2)cc1,7.5
OPRM1,CHEMBL1818236,O=S(=O)(c1ccccc1-c1ccc(CN2CCC(CCO)CC2)cc1)N1CCCC[C@H]1CO,7.5
OPRM1,CHEMBL1921841,NC(=O)c1ccc(Oc2ccc(CN3CCCC3c3cccnc3)cc2)c(Cl)c1,7.5
OPRM1,CHEMBL2443261,Cc1cc(CNCC[C@@]2(c3ccccn3)CCOC3(CCCC3)C2)oc1C,7.5
OPRM1,CHEMBL2443263,Fc1ccc([C@]2(CCNCc3ccccc3)CCOC3(CCCC3)C2)cc1,7.5
OPRM1,CHEMBL2443254,c1ccc([C@]2(CCNCC3CCCC3)CCOC3(CCCC3)C2)nc1,7.5
OPRM1,CHEMBL3763985,N[C@@H](Cc1ccc(O)cc1)C(=O)N[C@@H]1CCCCNC(=O)CNC(=O)[C@H](Cc2ccc(O)cc2)NC(=O)[C@H](Cc2ccncc2)NC1=O,7.5
OPRM1,CHEMBL3977691,CNC1(c2ccccc2)CCC(CC2CCCC2)(N(C)C)CC1,7.5
OPRM1,CHEMBL4065740,NC(=O)c1cccc(C2C[C@H]3CC[C@H](C2)N3Cc2c(F)cccc2F)c1,7.5
OPRM1,CHEMBL4744284,COC(=O)CC[C@@H]1[C@H]2CCC[C@]1(c1cccc(O)c1)CCN2CCc1ccccc1,7.5
OPRM1,CHEMBL4764587,O=C(O)CC[C@H]1[C@@H]2CCC[C@@]1(c1cccc(O)c1)CCN2CCc1ccccc1,7.5
OPRM1,CHEMBL4788377,CCC(=O)N(Cc1ccccc1)C1(C(=O)Nc2ccc(OC)cc2)CCN(CCc2ccccc2)CC1,7.5
OPRM1,CHEMBL314437,CCC1(c2cccc(O)c2)CCCCN(C)C1,7.5
OPRM1,CHEMBL6046528,Cc1ccc(CN2CCC(n3c(=O)[nH]c4cc(Cl)c(Cl)cc43)CC2)c(F)c1,7.5
OPRM1,CHEMBL5970884,CN(C)C(=O)CCNC(=O)CN1C[C@]2(CC[C@](c3ccccc3)(N(C)C)CC2)N(CC2CCC2)C1=O,7.5
OPRM1,CHEMBL5914090,CN(C)[C@]1(c2ccccc2)CC[C@]2(CC1)CN(CC(=O)Nc1cnc(O)nc1)C(=O)N2CC1CCC1,7.5
OPRM1,CHEMBL4107537,CCCc1cc(COC[C@H]2C[C@@]34CC[C@]2(OC)[C@@H]2Oc5c(OC)ccc6c5[C@@]23CCN(C)[C@@H]4C6)on1,7.49
OPRM1,CHEMBL4089193,N#Cc1ccc(/C=C2\C[C@@]3(O)[C@H]4Cc5ccc(O)c6c5[C@@]3(CCN4CC3CC3)[C@@H](O6)C2=O)cc1,7.49
OPRM1,CHEMBL4082214,Cc1cc(C)cc(C2CCCN2Cc2ccc(Oc3ccc(C(N)=O)cc3)c(Cl)c2)c1,7.49
OPRM1,CHEMBL5182362,C[C@@H]1NC(=O)[C@H](Cc2c[nH]c3ccccc23)NC(=O)[C@H](Cc2ccccc2)NC(=O)[C@H]2CCCN2C1=O,7.49
OPRM1,CHEMBL5972826,COc1ncc(N2C[C@]3(CC[C@](c4ccccc4)(N(C)C)CC3)N(CC3(O)CCC3)C2=O)cn1,7.49
OPRM1,CHEMBL5939197,CN(C)[C@]1(c2ccccc2)CC[C@]2(CC1)CN(CC(=O)Nc1cccnn1)C(=O)N2CC1CCC1,7.49
OPRM1,CHEMBL2448129,CN1c2ccc(Cl)cc2C(c2ccccc2)=NC[C@H]1CCNC(=O)c1cccs1,7.48
OPRM1,CHEMBL2113372,CCCCCCC(=O)N[C@@]12Cc3c([nH]c4ccccc34)[C@@H]3Oc4c(O)ccc5c4[C@@]31CCN(C)C2C5,7.48
OPRM1,CHEMBL10872,CC(C)[C@@H](CN1CC[C@@](C)(c2cccc(O)c2)[C@@H](C)C1)NC(=O)[C@H]1Cc2ccccc2CN1,7.48
OPRM1,CHEMBL310146,CC(=N)NC[C@@H]1Cc2ccccc2CN1C(=O)[C@@H](N)Cc1c(C)cc(O)cc1C,7.48
OPRM1,CHEMBL196071,CCC(=O)N(CCCCNC(=N)N)C1CCN(CCc2ccccc2)CC1,7.48
OPRM1,CHEMBL243091,O=C1[C@H]2CCC[C@]1(c1cccc(O)c1)CCN2CCc1ccccc1,7.48
OPRM1,CHEMBL562340,Oc1ccc2c(c1)[C@]13CCN(CC4CC4)C[C@@]1(C2)Cc1c([nH]c2ccccc12)C3,7.48
OPRM1,CHEMBL1076725,Cc1cc(O)cc(C)c1C[C@H](N)C(=O)N1Cc2ccccc2C[C@H]1C(=O)NCCN(CCNC(=O)[C@@H]1Cc2ccccc2CN1C(=O)[C@@H](N)Cc1c(C)cc(O)cc1C)CCNC(=O)[C@@H]1Cc2ccccc2CN1C(=O)[C@@H](N)Cc1c(C)cc(O)cc1C,7.48
OPRM1,CHEMBL1946023,CCN(CC)C(=O)c1ccc(C(=C2CCN(Cc3ccc(F)cc3)CC2)c2cccc(NC(=O)OC)c2)cc1,7.48
OPRM1,CHEMBL3262552,CCC1C(=O)N(C2CCN(C/C=C/c3ccccc3)CC2)c2ccccc21,7.48
OPRM1,CHEMBL4443773,CCOc1ccc(C(=O)N2CCCC2)cc1CNC(=O)[C@@H](N)Cc1c(C)cc(O)cc1C.O=C(O)C(F)(F)F,7.48
OPRM1,CHEMBL5181914,O=C(c1cccs1)N(Cc1cccc(F)c1)C1CCN(CCc2ccccc2)CC1,7.48
OPRM1,CHEMBL6013300,CN(C)[C@]1(c2ccccc2)CC[C@]2(CC1)CN(CCC(=O)N1CC[C@H](O)[C@@H](O)C1)C(=O)N2CC1CCC1,7.48
OPRM1,CHEMBL5961228,CN(C)[C@]1(c2ccccc2)CC[C@]2(CC1)CN(CC(=O)NCC1(O)CCC1)C(=O)N2CC1CCC1,7.48
OPRM1,CHEMBL356473,Cc1ccc(-c2cn(Cc3ccccc3)c3c2C[C@@]2(O)C4Cc5ccc(O)c6c5[C@@]2(CCN4CC2CC2)[C@H]3O6)cc1,7.47
OPRM1,CHEMBL289512,N#Cc1ccc(CN2CCC[C@@H]2CNC(=S)N2Cc3ccccc3C[C@H]2CNC(=O)Nc2ccccc2)cc1,7.47
OPRM1,CHEMBL427683,COc1ccc(C)c(OC(CCN2CCC(n3c(=O)[nH]c4ccccc43)CC2)C(C)C)c1,7.47
OPRM1,CHEMBL2113310,COc1ccc2c3c1O[C@H]1[C@]4(OC)CC[C@@]5(C[C@@H]4CNC/C=C/c4ccc(Cl)cc4)[C@@H](C2)N(C)CC[C@]315,7.47
OPRM1,CHEMBL392269,CO[C@]12CC(O)[C@@]3(C[C@@H]1[C@H](C)O)[C@H]1Cc4ccc(O)c5c4[C@@]3(CCN1C)[C@H]2O5,7.47
OPRM1,CHEMBL391650,COc1ccc(C)c(OC(CCN2CCC3(CC2)C(=O)NCN3c2ccccc2)C(C)C)c1,7.47
OPRM1,CHEMBL257139,CN(C(=O)Cc1cc2c(cc1S(=O)(=O)N(C)C)OCO2)[C@H](CN1CC[C@H](O)C1)c1ccccc1,7.47
OPRM1,CHEMBL1088171,CNC(=O)Cn1c(=O)n(C2CCN(C3CCCC4(CCCCC4)C3)CC2)c2ccccc21,7.47
OPRM1,CHEMBL3985824,CCCCC1(N(C)C)CCC(c2ccccc2)(N(C)C)CC1,7.47
OPRM1,CHEMBL4237854,COc1ccc2c3c1O[C@H]1[C@@]4(OC)CC[C@@]5(C[C@]4(C)OC(=O)C(C)C)[C@@H](C2)N(CC2CC2)CC[C@]315,7.47
OPRM1,CHEMBL4522004,C[C@H]1OC2(CCN(CCc3ccccc3F)CC2)CN(c2ncccc2C(F)(F)F)C1=O,7.47
OPRM1,CHEMBL5523370,Cc1cc(O)cc(C)c1C[C@H](N)C(=O)N[C@H](CCCN)C(=O)N[C@H]1Cc2ccccc2CN(CCC(=O)N[C@@H](CCCN2CCC(Cc3ccccc3)CC2)C(=O)N[C@@H](Cc2ccccc2)C(N)=O)C1=O,7.47
OPRM1,CHEMBL5835094,CN(C)[C@]1(c2ccccc2)CC[C@]2(CC1)CN(CC(=O)NCCO)C(=O)N2CC1CCC1,7.47
OPRM1,CHEMBL5831512,CN(CC(N)=O)C(=O)CN1C[C@]2(CC[C@](c3ccccc3)(N(C)C)CC2)N(CC2CCC2)C1=O,7.47
OPRM1,CHEMBL5945912,COc1ccc(CN2C[C@]3(CC[C@](c4ccccc4)(N(C)CC#N)CC3)N(CC3CCC3)C2=O)cc1,7.47
OPRM1,CHEMBL5755128,COc1ccc(CN2C[C@]3(CC[C@](c4ccccc4)(N(C)C)CC3)N(CCC3CCOCC3)C2=O)cc1,7.47
OPRM1,CHEMBL5977166,CN(C)CC1CN(CCc2ccccc2)CCC1(O)c1cccc(C(N)=O)c1,7.47
OPRM1,CHEMBL5987534,C[C@@H](Cc1ccsc1)NC(=O)NC[C@H](Cc1cccc(O)c1)N(C)C,7.47
OPRM1,CHEMBL418241,COc1cccc(CN2CCC[C@@H]2C/N=C(\S)N2Cc3ccccc3C[C@H]2CNC(=O)Nc2ccccc2)c1,7.46
OPRM1,CHEMBL535844,Cc1ccccc1C(c1ccccc1)N1CCC(O)(c2ccccc2)CC1.Cl,7.46
OPRM1,CHEMBL474485,CNCCN1CN(c2ccccc2)C2(CCN(C3CCC(C)(C)c4ccccc43)CC2)C1=O,7.46
OPRM1,CHEMBL568758,Oc1cc2c(cc1C(O)CCCCCCCCCCC(O)c1cc3c(cc1O)[C@@]14CCCC[C@H]1[C@@H](C3)N(CC1CCC1)CC4)C[C@@H]1[C@@H]3CCCC[C@]23CCN1CC1CCC1,7.46
OPRM1,CHEMBL605293,CCN(CC)C(=O)c1ccc(C2(c3cccc(O)c3)CCCN(CC3CC3)C2)cc1,7.46
OPRM1,CHEMBL277863,COC(=O)N1CCN(C(=O)Cc2ccc(Cl)c(Cl)c2)[C@H](CN2CCCC2)C1,7.46
OPRM1,CHEMBL3901176,COCCOCCOCCOCCOCCO[C@H]1CC[C@@]2(O)[C@H]3Cc4ccc(O)c5c4[C@@]2(CCN3CC2CCC2)C1O5,7.46
OPRM1,CHEMBL4544227,CNC(=O)Cn1c(=O)n(C2CCN([C@H]3Cc4cccc5cccc3c45)CC2)c2ccccc21,7.46
OPRM1,CHEMBL5178409,CC[C@@H]1CN2CC[C@]3(O)c4c(cccc4OC)NC3[C@@H]2C[C@@H]1/C(=C\OC)C(=O)OC,7.46
OPRM1,CHEMBL5542753,CCC(=O)N(c1c(C)cccc1CC)C1CCN(CCc2ccccc2)CC1,7.46
OPRM1,CHEMBL6020991,COCCOCCOCCOCCOCCO[C@H]1CC[C@@]2(O)[C@H]3Cc4ccc(O)c5c4[C@@]2(CCN3CC2CCC2)[C@H]1O5,7.46
OPRM1,CHEMBL5869155,CC(c1ccc(C(F)(F)F)cc1)N1CCC(n2c(=O)[nH]c3ccc(Cl)cc32)CC1,7.46
OPRM1,CHEMBL5881854,COc1ccc(NC(=O)CN2C[C@]3(CC[C@](c4ccccc4)(N(C)C)CC3)N(CC3CCC3)C2=O)cn1,7.46
OPRM1,CHEMBL5940008,COCCCCN1C(=O)N(Cc2ccc(OC)cc2)C[C@]12CC[C@](c1ccccc1)(N(C)C)CC2,7.46
OPRM1,CHEMBL217379,CC[C@H](C)[C@H](NC(=O)[C@H](CCCN=C(N)N)NC(=O)[C@H](CCCN=C(N)N)NC(=O)[C@H](CC(C)C)NC(=O)[C@H](Cc1ccccc1)NC(=O)CNC(=O)CNC(=O)[C@@H](N)Cc1ccc(O)cc1)C(=O)O,7.45
OPRM1,CHEMBL1921845,NC(=O)c1ccc(Oc2ccc(CN3CCC[C@H]3c3cccc(F)c3)cc2)c(F)c1,7.45
OPRM1,CHEMBL4110056,COc1ccc2c3c1O[C@H]1[C@@]4(OC)CC[C@@]5(C[C@@H]4COCc4cccc(C(=N)N)c4)[C@@H](C2)N(CC2CC2)CC[C@]315,7.45
OPRM1,CHEMBL4748573,OCCC[C@@H]1[C@H]2CCC[C@]1(c1cccc(O)c1)CCN2CCc1ccccc1,7.45
OPRM1,CHEMBL346331,CCC(=O)C(CCN(C)C)(c1ccccc1)c1ccccc1,7.45
OPRM1,CHEMBL5574624,Cl.O=C(Cc1cccs1)N(c1ccccc1)C1CCN(CCc2ccccc2)CC1,7.45
OPRM1,CHEMBL5631194,COc1ccc2c3c1O[C@H]1[C@@]4(OC)C=C[C@@]5(C[C@@H]4C(=O)c4ccc(NC(=O)C(C)(C)C)cc4)[C@@H](C2)N(CC2CC2)CC[C@]315,7.45
OPRM1,CHEMBL6067839,COc1ccc2c(c1)[C@]13CCN(CC4CC4)[C@H](C2)[C@]12CCC(NC(=O)c1ccccc1)(CO2)C3,7.45
OPRM1,CHEMBL5849708,COc1ncc(N2C[C@]3(CC[C@](c4ccccc4)(N(C)C)CC3)N(CC3CCC3)C2=O)cn1,7.45
OPRM1,CHEMBL111192,CC(C)C1CCC(N2CCC(O)(c3cccc(C(F)(F)F)c3)CC2)CC1,7.44
OPRM1,CHEMBL421520,Cc1cc(O)cc(C)c1C[C@H](N)C(=O)N1Cc2ccccc2C[C@H]1C/N=C(/S)NC(C)(C)C,7.44
OPRM1,CHEMBL270833,C[C@H]1CN(CCC(=O)N(Cc2ccc(-c3ccccc3)cc2)[C@@H](Cc2ccccc2)C(=O)O)CC[C@@]1(C)c1cccc(O)c1,7.44
OPRM1,CHEMBL260556,COc1ccc(C)c(OC(CCN2CCC(n3c(=O)n(Cc4ncn[nH]4)c4ccccc43)CC2)C(C)C)c1,7.44
OPRM1,CHEMBL473700,CCCCNCCN1CN(c2ccccc2)C2(CCN(Cc3c(Cl)cccc3Cl)CC2)C1=O,7.44
OPRM1,CHEMBL570428,CCCCCCCCCC(O)c1cc2c(cc1O)[C@@]13CCCC[C@H]1[C@@H](C2)N(CC1CCC1)CC3,7.44
OPRM1,CHEMBL572217,OCCCCCCCCCCC(O)c1cc2c(cc1O)[C@@]13CCCC[C@H]1[C@@H](C2)N(CC1CCC1)CC3,7.44
OPRM1,CHEMBL569009,O=C(CCCCC(=O)NCc1cc2c(cc1O)[C@@]13CCCC[C@H]1[C@@H](C2)N(CC1CCC1)CC3)NCc1cc2c(cc1O)[C@@]13CCCC[C@H]1[C@@H](C2)N(CC1CCC1)CC3,7.44
OPRM1,CHEMBL2163920,C=C(C(=O)N[C@@H](Cc1ccccc1)C(N)=O)[C@@H](NC(=O)[C@@H]1CCCN1C(=O)[C@@H](N)Cc1ccc(O)cc1)c1ccccc1,7.44
OPRM1,CHEMBL3394745,CCCCN(Cc1ccccc1)C[C@H](O)CN1CN(c2ccccc2)C2(CCN(CCc3ccccc3-c3cccs3)CC2)C1=O,7.44
OPRM1,CHEMBL3659472,CCC(=O)N(c1ccccc1)C1CCN(CCC(C(=O)N(C)C)(c2ccccc2)c2ccccc2)CC1,7.44
OPRM1,CHEMBL4105599,Cc1ccc(C(=O)NCC2NCCc3ccccc32)cc1C,7.44
OPRM1,CHEMBL4207047,O=c1[nH]c2c(Cl)cccc2n1C1CCN(Cc2ccccc2Cl)CC1,7.44
OPRM1,CHEMBL5569287,NC(=O)[C@@H]1CCCN1C(=O)[C@H]1CC(=O)NCCCC[C@@H](NC(=O)[C@@H](N)Cc2ccc(O)cc2)C(=O)NCC(=O)N(Cc2ccccc2)CC(=O)N1,7.44
OPRM1,CHEMBL5952056,CN(C)[C@]1(c2ccccc2)CC[C@]2(CC1)CN(c1cnc(O)nc1)C(=O)N2CC1(O)CCC1,7.44
OPRM1,CHEMBL5839462,COc1ccc(NC(=O)CN2C[C@]3(CC[C@](c4ccccc4)(N(C)C)CC3)N(CC3CCC3)C2=O)nc1,7.44
OPRM1,CHEMBL5875305,CN(C)[C@]1(c2ccccc2)CC[C@]2(CC1)CN(CC(=O)Nc1ccncn1)C(=O)N2CC1CCC1,7.44
OPRM1,CHEMBL5837585,COc1ccc(CN2C[C@]3(CC[C@](c4ccccc4)(N(C)C)CC3)N(CC3COC3)C2=O)cc1,7.44
OPRM1,CHEMBL5793743,CN(C)C(CNC(=O)NCCc1cccc(F)c1)Cc1ccc(O)cc1,7.44
OPRM1,CHEMBL109009,O=C(NCCCCc1ccccc1)c1ccc2[nH]c3c(c2c1)C[C@@]1(O)C2Cc4ccc(O)c5c4[C@@]1(CCN2CC1CC1)[C@H]3O5,7.43
OPRM1,CHEMBL2112374,N=C(N)NCc1ccc2[nH]c3c(c2c1)C[C@@]1(O)[C@H]2Cc4ccc(O)c5c4[C@@]1(CCN2CC1CC1)[C@H]3O5,7.43
OPRM1,CHEMBL2113377,CCCCN[C@@]12Cc3c([nH]c4ccccc34)[C@@H]3Oc4c(O)ccc5c4[C@@]31CCN(C)C2C5,7.43
OPRM1,CHEMBL320182,O=C1Cc2ccccc2N1C1CCN(C2CCCC3CCCCC32)CC1,7.43
OPRM1,CHEMBL146997,CCC(=O)N(CCCCCCCCNC(=N)N)C1CCN(CCc2ccccc2)CC1,7.43
OPRM1,CHEMBL186426,OC1(c2ccc(Cl)cc2)CCN(CCC(c2ccccc2)c2ccccc2)CC1,7.43
OPRM1,CHEMBL262420,C[C@H]1[C@H]2CC[C@@H](c3ccccc3)CN2CC[C@@]1(C)c1cccc(O)c1,7.43
OPRM1,CHEMBL230253,CCCCCC(c1ccccc1)N1CCC(O)(c2ccccc2)CC1,7.43
OPRM1,CHEMBL233955,NCc1ccccc1C1(O)CCN(C(c2ccccc2F)c2ccccc2F)CC1,7.43
OPRM1,CHEMBL401451,O=C1NCN(c2ccccc2)C12CCN(Cc1ccccc1Cl)CC2,7.43
OPRM1,CHEMBL500212,CC(=O)N[C@@H](Cc1ccc(O)cc1)C(=O)NCC(=O)NCC(=O)N[C@@H](Cc1ccccc1)C(=O)N[C@@H](CC(C)C)C(N)=O,7.43
OPRM1,CHEMBL511461,C[N+]1(CC2CC2)CC[C@]23c4c5ccc(C(N)=O)c4O[C@H]2C(=O)CC[C@@]3(O)[C@H]1C5.[I-],7.43
OPRM1,CHEMBL473904,O=C1N(CCN2CCCC2)CN(c2ccccc2)C12CCN(Cc1c(Cl)cccc1Cl)CC2,7.43
OPRM1,CHEMBL474687,CCNCCN1CN(c2ccccc2)C2(CCN(C3CCC(C)(C)c4ccccc43)CC2)C1=O,7.43
OPRM1,CHEMBL510506,O=C1N[C@H](Cc2c[nH]c3ccccc23)C(=O)N[C@@H](Cc2cccc(O)c2)C(=O)N2CCC[C@@H]2C(=O)N[C@H]1Cc1ccccc1,7.43
OPRM1,CHEMBL2313628,C=C(C)n1c(=O)n(CCN2CCC(N(C(=O)CC)c3cccc(Cl)c3)CC2)c2ccccc21,7.43
OPRM1,CHEMBL4112358,CO[C@]12CC[C@@]3(C[C@@H]1CNCc1ccccc1)[C@H]1Cc4ccc(O)c5c4[C@@]3(CCN1CC1CC1)[C@H]2O5,7.43
OPRM1,CHEMBL349816,C[C@@H](NC(=O)[C@@H](N)Cc1ccc(O)cc1)C(=O)N[C@@H](Cc1ccccc1)C(=O)NCC(N)=O,7.43
OPRM1,CHEMBL5967055,CN(C)[C@]1(c2ccccc2)C[C@@]2(CN(CCC#N)C(=O)N2CC2CC2)C1,7.43
OPRM1,CHEMBL5991031,CN(C)[C@]1(c2ccccc2)CC[C@]2(CC1)CN(CCS(C)(=O)=O)C(=O)N2CC1CCC1,7.43
OPRM1,CHEMBL5782641,CN(C)[C@]1(c2ccccc2)CC[C@]2(CC1)CN(c1cnc(C(F)(F)F)nc1)C(=O)N2CC1CCC1,7.43
OPRM1,CHEMBL6042244,CN[C@]1(c2ccccc2)CC[C@]2(CC1)CN(c1cnc(C#N)nc1)C(=O)N2CC1(O)CCC1,7.43
OPRM1,CHEMBL5900343,CN(C)[C@]1(c2ccccc2)CC[C@]2(CC1)CN(CC(=O)Nc1ccc(S(C)(=O)=O)cn1)C(=O)N2CC1CCC1,7.43
OPRM1,CHEMBL5747207,COc1cncnc1NC(=O)CN1C[C@]2(CC[C@](c3ccccc3)(N(C)C)CC2)N(CC2CCC2)C1=O,7.43
OPRM1,CHEMBL5826537,CN(C)[C@]1(c2ccccc2)CC[C@]2(CC1)CN(CC(=O)Nc1ncncc1C#N)C(=O)N2CC1CCC1,7.43
OPRM1,CHEMBL5753311,CN(C)[C@]1(c2ccccc2)CC[C@]2(CC1)CN(CC(=O)Nc1cccc([S+](C)[O-])n1)C(=O)N2CC1CCC1,7.43
OPRM1,CHEMBL5817863,CN(C)[C@]1(c2ccccc2)CC[C@]2(CC1)CN(CC(=O)NC1COC1)C(=O)N2CC1CCC1,7.43
OPRM1,CHEMBL293465,CC(C)C[C@H](NC(=O)[C@H](Cc1ccccc1)NC(=O)CNC(=O)CNC(=O)[C@@H](N)Cc1ccc(O)cc1)C(=O)N[C@@H](CCCN=C(N)N)C(=O)N[C@@H](CCCN=C(N)N)C(=O)O,7.42
OPRM1,CHEMBL321408,CCNC(=O)NCCc1ccc2[nH]c3c(c2c1)C[C@@]1(O)C2Cc4ccc(O)c5c4[C@@]1(CCN2CC1CC1)[C@H]3O5,7.42
OPRM1,CHEMBL39968,O=C(NC[C@@H]1Cc2ccccc2CN1C(=S)NC[C@H]1CCCN1)Nc1ccccc1,7.42
OPRM1,CHEMBL367367,Cc1cc(F)ccc1OC(CCN1CCC(n2c(O)nc3ccccc32)CC1)C(C)C,7.42
OPRM1,CHEMBL186773,CCCCN1Cc2ccccc2N(C2CCN(C3CCC(C(C)C)CC3)CC2)S1(=O)=O,7.42
OPRM1,CHEMBL512414,NC(=O)C1(c2ccccc2)CC2CCC(C1)N2C(c1ccccc1Cl)c1ccccc1Cl,7.42
OPRM1,CHEMBL2171847,N[C@@H](Cc1ccc(O)cc1)C(=O)N1C[C@@H]2C[C@H]1C(=O)N[C@H](Cc1ccccc1)C(=O)N[C@@H](Cc1ccccc1)C(=O)N2.O=C(O)C(F)(F)F,7.42
OPRM1,CHEMBL3409117,Oc1ccc2c(c1)[C@]1(CCCCc3ccccc3)CCN(CCc3cccc(C(F)(F)F)c3)C[C@@H]1O2,7.42
OPRM1,CHEMBL4557264,CCOc1ccc(CN2CCOCC2)cc1CNC(=O)[C@@H](N)Cc1c(C)cc(O)cc1C.O=C(O)C(F)(F)F,7.42
OPRM1,CHEMBL4749747,CCCCCCCCCCCCCCCC(=O)NCCCN1C(=O)CC(SC[C@H](NC(=O)[C@H](CC(=O)O)NC(=O)[C@H](CCSC)NC(=O)[C@H](CC(C)C)NC(=O)[C@H](Cc2c[nH]cn2)NC(=O)[C@H](Cc2ccccc2)NC(=O)[C@@H](CCSC)NC(=O)[C@@H](N)Cc2ccc(O)cc2)C(N)=O)C1=O,7.42
OPRM1,CHEMBL5091560,CN1C(=O)CNC(=O)[C@H](NC(=O)[C@@H](N)Cc2ccc(O)cc2)CCNC(=O)C[C@@H](C(=O)N2CCC[C@H]2C(=O)N[C@@H](CCC(N)=O)C(=O)N[C@@H](CCCNC(=N)N)C(=O)N[C@@H](Cc2ccccc2)C(N)=O)NC(=O)[C@@H]1Cc1ccccc1,7.42
OPRM1,CHEMBL5415010,CC(C)[C@H]1CC[C@@H](N2CCC(n3c(CN4CCS(=O)(=O)CC4)cc4ccccc43)CC2)CC1,7.42
OPRM1,CHEMBL5407379,CN(C)[C@H](CNC(=O)N[C@@H](CC1CC1)c1ccccc1)Cc1ccc(O)cc1,7.42
OPRM1,CHEMBL5985132,CN(C)[C@]1(c2ccccc2)CC[C@]2(CC1)CN(c1ccnc(C#N)n1)C(=O)N2CC1CCC1,7.42
OPRM1,CHEMBL5883894,CN(C)[C@]1(c2ccccc2)CC[C@]2(CC1)CN(c1ccc(C#N)nc1)C(=O)N2CC1(C#N)CCC1,7.42
OPRM1,CHEMBL5830136,CN(C)[C@]1(c2ccccc2)CC[C@]2(CC1)CN(c1ncc(F)cn1)C(=O)N2CC1CCC1,7.42
OPRM1,CHEMBL6012908,CCOC(=O)CN1C[C@]2(CC[C@](c3ccccc3)(N(C)C)CC2)N(CC2CCC2)C1=O,7.42
OPRM1,CHEMBL5805198,CN(C)[C@]1(c2ccccc2)CC[C@]2(CC1)CN(CC(=O)N1CCNC(=O)C1)C(=O)N2CC1CCC1,7.42
OPRM1,CHEMBL6047702,CC(=O)NCCNC(=O)CN1C[C@]2(CC[C@](c3ccccc3)(N(C)C)CC2)N(CC2CCC2)C1=O,7.42
OPRM1,CHEMBL6042469,CN(C)[C@]1(c2ccccc2)CC[C@]2(CC1)C(=O)N(CC(=O)N1CCS(=O)(=O)CC1)C(=O)N2CC1(O)CCC1,7.42
OPRM1,CHEMBL6055529,CN(C)C(CNC(=O)NC(C)(C)Cc1ccsc1)Cc1ccc(O)cc1,7.42
OPRM1,CHEMBL114123,CCCCCCN1CC[C@]2(C)c3cc(O)ccc3CC1[C@@H]2C,7.41
OPRM1,CHEMBL101676,O=C1Cc2ccccc2N1C1CCN(C2CCc3ccccc3C2)CC1,7.41
OPRM1,CHEMBL202327,CCCCCCN1C[C@H](C)[C@](C)(c2cccc(O)c2)C[C@H]1CCC,7.41
OPRM1,CHEMBL2364732,[11CH3]n1c2c(c3ccccc31)C[C@@]1(O)[C@H]3Cc4ccc(O)c5c4[C@@]1(CCN3CC1CC1)[C@H]2O5,7.41
OPRM1,CHEMBL406926,COc1ccc(C)c(OC(CCN2CCC(n3c(=O)n(Cc4csc(C)n4)c4ccccc43)CC2)C(C)C)c1,7.41
OPRM1,CHEMBL259511,COc1ccc(C)c(OC(CCN2CCC(n3c(=O)n(Cc4ccsc4)c4ccccc43)CC2)C(C)C)c1,7.41
OPRM1,CHEMBL411643,COc1ccc(C)c(OC(CCN2CCC(n3c(=O)n(Cn4cncn4)c4ccccc43)CC2)C(C)C)c1,7.41
OPRM1,CHEMBL1818232,CC(C)(C)CCNCc1ccc(-c2cccnc2S(=O)(=O)N2CCCC2)cc1,7.41
OPRM1,CHEMBL3597086,CC(C)C[C@H](NC(=O)[C@H](CO[C@@H]1O[C@H](CO)[C@@H](O)[C@H](O)[C@H]1O)NC(=O)[C@H](CCCCN)NC(=O)[C@H](CC(C)C)NC(=O)[C@H](C)NC(=O)[C@H](CCCCN)NC(=O)[C@H](CCC(=O)O)NC(=O)C(C)(C)NC(=O)[C@H](CC(C)C)NC(=O)[C@H](CC(N)=O)NC(=O)[C@H](C)NC(=O)[C@H](CC(C)C)NC(=O)[C@H](Cc1ccccc1)NC(=O)CNC(=O)[C@@H](NC(=O)[C@@H](N)Cc1ccc(O)cc1)[C@@H](C)O)C(N)=O,7.41
OPRM1,CHEMBL4108649,COCCOCCOCCOCCOCCO[C@H]1CC[C@@]2(O)C3Cc4ccc(O)c5c4[C@@]2(CCN3C)[C@H]1O5,7.41
OPRM1,CHEMBL4115318,CC12C[C@H]3C[C@@H](N4[C@@H]5CCC[C@H]4C[C@@H](n4c(=O)c(N6CC[C@@H]6C(=O)O)nc6ccccc64)C5)C[C@@H]1C[C@@H]2C3,7.41
OPRM1,CHEMBL4106563,COc1ccc2c(c1)[C@]13CCN(CC4CC4)[C@H](C2)[C@]1(O)C[C@H](CCOCc1ccccc1)C(=O)C3,7.41
OPRM1,CHEMBL3951319,CN(C)C1(c2ccccc2)CCC(c2ccccc2)(N(C)Cc2cccc(F)c2)CC1,7.41
OPRM1,CHEMBL4238289,COc1ccc(C(=O)[C@@]2(C)C[C@@]34CC[C@]2(OC)[C@@H]2Oc5c(OC)ccc6c5[C@@]23CCN(CC2CC2)[C@@H]4C6)cc1,7.41
OPRM1,CHEMBL4546925,CC[C@@H]1CN2CCc3c([nH]c4cccc(OC)c34)[C@H]2C[C@@H]1/C(=C\OC)C(=O)OC,7.41
OPRM1,CHEMBL4796596,C[C@@H](NC(=O)[C@@H](N)Cc1ccc(O)cc1)C(=O)NCC(=O)N(C)[C@@H](Cc1ccccc1)C(=O)NCC(=O)N1CCC[C@H]1C(=O)N[C@@H](CCC(N)=O)C(=O)N[C@@H](CCCNC(=N)N)C(=O)N[C@@H](Cc1ccccc1)C(N)=O,7.41
OPRM1,CHEMBL5410237,CN1C(=O)CNC(=O)[C@H](N[C@@H](Cc2ccc(O)cc2)C(=O)O)CCC/C=C/C[C@@H](C(=O)N2CCC[C@H]2C(=O)N[C@@H](CCC(N)=O)C(=O)N[C@@H](CCCNC(=N)N)C(=O)N[C@@H](Cc2ccccc2)C(N)=O)NC(=O)[C@@H]1Cc1ccccc1,7.41
OPRM1,CHEMBL5558071,O=C1CN2c3c(cccc3[C@@H]3CN(CCCc4n[nH]c5cc(F)ccc45)CC[C@@H]32)N1,7.41
OPRM1,CHEMBL5954769,COCCOCCOCCOCCOCCO[C@H]1C=CC2C3Cc4ccc(O)c5c4[C@@]2(CCN3C)[C@H]1O5,7.41
OPRM1,CHEMBL6050989,CC(c1ccc(OC(F)(F)F)cc1)N1CCC(n2c(=O)[nH]c3ccc(Br)cc32)CC1,7.41
OPRM1,CHEMBL5808754,CN(C)[C@]1(c2ccccc2)CC[C@]2(CC1)CN(c1cnc(C#N)nc1)C(=O)N2CC1(O)CCC1,7.41
OPRM1,CHEMBL5955379,Cc1cnc(NC(=O)CN2C[C@]3(CC[C@](c4ccccc4)(N(C)C)CC3)N(CC3CCC3)C2=O)cn1,7.41
OPRM1,CHEMBL5998538,COc1ccc(CN2C[C@]3(CC[C@](c4ccccc4)(N(C)C)CC3)N(CC(C)(C)C)C2=O)cc1,7.41
OPRM1,CHEMBL66955,NC(=O)c1ccc(C(=C2CC3CCC(C2)N3CCc2ccccc2)c2ccccc2)cc1,7.4
OPRM1,CHEMBL440179,CCCN1CC[C@]23c4c5ccc(O)c4O[C@H]2c2c(c(-c4ccccc4)cn2Cc2ccccc2)C[C@@]3(O)C1C5,7.4
OPRM1,CHEMBL311185,COc1cccc(N2CNC(=O)C23CCN(C2Cc4cccc5cccc2c45)CC3)c1,7.4
OPRM1,CHEMBL365483,CN(C/C=C/c1ccccc1)C1CCc2ccc(O)cc2C1(C)C,7.4
OPRM1,CHEMBL242757,Nc1nc2cc3c(cc2o1)[C@@]12CCCC[C@H]1[C@@H](C3)N(CC1CCC1)CC2,7.4
OPRM1,CHEMBL509201,O=C1N[C@H](Cc2c[nH]c3ccccc23)C(=O)N[C@@H](Cc2ccccc2)C(=O)N2CCC[C@@H]2C(=O)N[C@H]1Cc1cccc(O)c1,7.4
OPRM1,CHEMBL557937,CN1CC[C@]23Cc4c(c5ccccc5n4C)C[C@]2(Cc2ccc(O)cc23)C1,7.4
OPRM1,CHEMBL1642739,NC(=O)c1ccc2c(c1)CCCN2c1ccc(CNCC2CCCCC2)cc1,7.4
OPRM1,CHEMBL1921840,NC(=O)c1ccc(Oc2ccc(CN3CCCC3c3cccnc3)cc2)nc1,7.4
OPRM1,CHEMBL2418735,O=C1C[C@H]2C[C@](c3cccc(O)c3)(CCN2CCc2ccccc2)C1,7.4
OPRM1,CHEMBL2443282,CC[C@]1(C)CC(CCNCc2ccccc2O)(c2ccc(F)cc2)CCO1,7.4
OPRM1,CHEMBL3219777,Cc1nnc(C(C)C)n1C1CC2CCC(C1)N2CC[C@H](NC(=O)C1CCC(F)(F)CC1)c1ccc(NC(=O)COCC(=O)NCCCCCCCNC(=O)COCC(=O)N[C@@H]2CC[C@@]3(O)[C@H]4Cc5ccc(O)c6c5[C@@]3(CCN4CC3CC3)[C@H]2O6)cc1,7.4
OPRM1,CHEMBL4463414,CN1/C(=C/C=C/C=C/C2=[N+](CCCCCC(=O)NCCCNC(=N)Nc3ccc4[nH]c5c(c4c3)C[C@@]3(O)[C@H]4Cc6ccc(O)c7c6[C@@]3(CCN4CC3CC3)[C@H]5O7)c3ccc(S(=O)(=O)[O-])cc3C2(C)C)C(C)(C)c2cc(S(=O)(=O)O)ccc21,7.4
OPRM1,CHEMBL4528962,O=C1C(COCc2ccccc2)OC2(CCN(CCc3ccccc3)CC2)CN1c1ccccc1,7.4
OPRM1,CHEMBL4748891,Cc1nnc(C(C)C)n1[C@H]1C[C@H]2CC[C@@H](C1)N2CC[C@H](NC(=O)C1CCC(F)(F)CC1)c1ccc(NC(=O)COCC(=O)NCCCCCCCNC(=O)COCC(=O)N[C@@H]2CC[C@@]3(O)[C@H]4Cc5ccc(O)c6c5[C@@]3(CCN4CC3CC3)[C@H]2O6)cc1,7.4
OPRM1,CHEMBL5403243,CC(C)C[C@H](NC(=O)NC[C@H](Cc1ccc(O)cc1)N(C)C)c1ccccc1,7.4
OPRM1,CHEMBL5559873,Cc1cc(O)cc(C)c1C[C@H](N)C(=O)N(C)[C@H](C)C(=O)N[C@H]1Cc2ccccc2CN(CCC(=O)N[C@@H](CCCN2CCC(Cc3ccccc3)CC2)C(=O)N[C@@H](Cc2ccccc2)C(N)=O)C1=O,7.4
OPRM1,CHEMBL6017441,CN(C)[C@]1(c2ccccc2)CC[C@]2(CC1)CN(CCC(=O)Nc1ccncc1)C(=O)N2CC1(O)CCC1,7.4
OPRM1,CHEMBL5906725,COCCOCCOCCN1C[C@]2(CC[C@](c3ccccc3)(N(C)C)CC2)N(CC2CCC2)C1=O,7.4
OPRM1,CHEMBL5969904,COc1ccc(CN2C[C@]3(CC[C@](c4ccccc4)(N(C)C)CC3)N(CCCCC#N)C2=O)cc1,7.4
OPRM1,CHEMBL5849407,CN(C)[C@]1(c2ccccc2)CC[C@]2(CC1)CN(Cc1ccnc(N3CCNCC3)c1)C(=O)N2,7.4
OPRM1,CHEMBL63188,CC(C)C[C@H](NC(=O)[C@H](Cc1ccccc1)NC(=O)CNC(=O)CNC(=O)[C@@H](N)Cc1ccc(O)cc1)C(=O)N[C@@H](CCCN=C(N)N)C(=O)O,7.39
OPRM1,CHEMBL108938,CCCC(=N)NCCc1ccc2[nH]c3c(c2c1)C[C@@]1(O)C2Cc4ccc(O)c5c4[C@@]1(CCN2CC1CC1)[C@H]3O5,7.39
OPRM1,CHEMBL40108,O=C(NC[C@@H]1Cc2ccccc2CN1/C(S)=N/C[C@H]1CCCN1Cc1ccccc1F)Nc1ccccc1,7.39
OPRM1,CHEMBL383539,O=C1NCN(c2ccccc2)C12CCN([C@@H]1CCCC[C@@H]1c1ccccc1)CC2,7.39
OPRM1,CHEMBL1921844,NC(=O)c1ccc(Oc2ccc(CN3CCCC3c3cccc(F)c3)cc2)c(F)c1,7.39
OPRM1,CHEMBL272939,CCOCO[C@H]1C[C@@H](C(=O)OC)[C@]2(C)CC[C@H]3C(=O)O[C@H](c4ccoc4)C[C@]3(C)[C@H]2C1=O,7.39
OPRM1,CHEMBL3325716,Cc1ccc(-n2nc(C)c3c2CC(C)(C)CC3=O)c(Br)c1,7.39
OPRM1,CHEMBL3325715,Cc1nn(-c2ccc(Cl)cc2Br)c2c1C(=O)CC(C)(C)C2,7.39
OPRM1,CHEMBL3325714,Cc1nn(-c2ccc(Br)cc2Br)c2c1C(=O)CC(C)(C)C2,7.39
OPRM1,CHEMBL4755446,CCN1CC2(CCN(CCc3ccccc3)CC2)OC(C)C1=O,7.39
OPRM1,CHEMBL5630720,COc1ccc2c3c1O[C@H]1[C@@]4(OC)C=C[C@@]5(C[C@@H]4C(=O)c4ccc(NC(=O)c6ccncc6)cc4)[C@@H](C2)N(CC2CC2)CC[C@]315,7.39
OPRM1,CHEMBL5924801,CNC(=O)CCCN1C[C@]2(CC[C@](c3ccccc3)(N(C)C)CC2)N(CC2CCC2)C1=O,7.39
OPRM1,CHEMBL6014487,CN(C)[C@]1(c2ccccc2)CC[C@]2(CC1)CN(c1ccccc1C(N)=O)C(=O)N2CC1CCC1,7.39
OPRM1,CHEMBL5945405,CN(C)[C@]1(c2ccccc2)CC[C@]2(CC1)CN(c1cnc(C(F)(F)F)nc1)C(=O)N2CC1(O)CCC1,7.39
OPRM1,CHEMBL5743608,CN(C)[C@]1(c2ccccc2)CC[C@]2(CC1)CN(CC(=O)Nc1cccnc1)C(=O)N2CC1(O)CCC1,7.39
OPRM1,CHEMBL5797672,COc1ccc(CN2C[C@]3(CC[C@](c4ccccc4)(N(C)C)CC3)N(CC(=O)NC3(C#N)CC3)C2=O)cc1,7.39
OPRM1,CHEMBL5853846,CC[C@@H](Cc1ccsc1)NC(=O)NC[C@H](Cc1ccc(O)cc1)N(C)C,7.39
OPRM1,CHEMBL606959,CN1CC[C@]23c4c5ccc(O)c4O[C@H]2c2[nH]c4c(c2C[C@@]3(O)[C@H]1C5)C[C@@]1(O)[C@H]2Cc3ccc(O)c5c3[C@@]1(CCN2C)[C@H]4O5,7.38
OPRM1,CHEMBL287752,CC(=O)N1CC[C@]23c4c5ccc(O)c4O[C@H]2c2[nH]c4c(c2C[C@@]3(O)[C@H]1C5)C[C@@]1(O)[C@H]2Cc3ccc(O)c5c3[C@@]1(CCN2CC1CC1)[C@H]4O5,7.38
OPRM1,CHEMBL238157,NC(=O)c1ccc(Oc2ccc3c(c2)CCCN(CCCC2CCCCC2)C3)nc1,7.38
OPRM1,CHEMBL238156,CCC(CC)CN1CCCc2cc(Oc3ccc(C(N)=O)cn3)ccc2C1,7.38
OPRM1,CHEMBL254959,COc1cc(CC(=O)N(C)[C@H](CN2CCCC2)c2ccccc2)c(S(=O)(=O)N(C)C)cc1OC,7.38
OPRM1,CHEMBL511374,OC1(c2cccnc2)CC2CCC(C1)N2C(c1ccccc1Cl)c1ccccc1Cl,7.38
OPRM1,CHEMBL3216560,CCOc1ccc(Cc2nc3cc(NC(=N)c4ccoc4)ccc3n2CCN(CC)CC)cc1.Cl.Cl,7.38
OPRM1,CHEMBL2179649,CO[C@@]12Cc3cc(-c4ccc(Cl)cc4)cnc3[C@@H]3Oc4c(O)ccc5c4[C@@]31CCN(CC1CC1)[C@@H]2C5,7.38
OPRM1,CHEMBL3262542,O=C1Cc2ccccc2N1C1CCN([C@H]2CC[C@@H]3CCCc4cccc2c43)CC1,7.38
OPRM1,CHEMBL4449152,CC(Cc1ccsc1)NC(=O)NCC(Cc1ccccc1)N(C)C,7.38
OPRM1,CHEMBL4741368,CNC(=O)COCC(=O)NCCCCCCCCCNC(=O)COCC(=O)N[C@@H]1CC[C@@]2(O)[C@H]3Cc4ccc(O)c5c4[C@@]2(CCN3CC2CC2)[C@H]1O5,7.38
OPRM1,CHEMBL5523393,Oc1cccc(N2[C@@H]3CC[C@H]2CN(Cc2ccccc2)C3)c1,7.38
OPRM1,CHEMBL5573751,NC(=O)[C@@H]1CCCN1C(=O)[C@H]1CC(=O)NCCCC[C@@H](NC(=O)[C@@H](N)Cc2ccc(O)cc2)C(=O)NCC(=O)N[C@H](Cc2ccccc2)C(=O)N1,7.38
OPRM1,CHEMBL5993003,C[C@H](Cc1ccsc1)NC(=O)NC[C@@H](Cc1ccccc1)N(C)C,7.38
OPRM1,CHEMBL5782611,CN(C)[C@]1(c2ccccc2)CC[C@]2(CC1)CN(CC(=O)Nc1ccncc1F)C(=O)N2CC1CCC1,7.38
OPRM1,CHEMBL6024077,CC(Cc1ccsc1)NC(=O)NCC(Cc1ccc(O)cc1)N(C)C,7.38
OPRM1,CHEMBL5850302,C[C@@H](Cc1ccccc1)NC(=O)NC[C@H](Cc1ccc(O)cc1)N(C)C,7.38
OPRM1,CHEMBL67893,CCNC(=O)c1ccc(/C(=C2/C[C@H]3CC[C@@H](C2)N3C)c2ccccc2)cc1,7.37
OPRM1,CHEMBL201556,[2H]C([2H])([2H])N(C[C@H]1CCCC[C@]1(O)c1cccc(O)c1)C([2H])([2H])[2H],7.37
OPRM1,CHEMBL409351,COc1ccc(C)c(OC(CCN2CCC(n3c(=O)n(Cc4ccncc4)c4ccccc43)CC2)C(C)C)c1,7.37
OPRM1,CHEMBL259263,COc1ccc(C)c(OC(CCN2CCC(n3c(=O)n(Cc4cscn4)c4ccccc43)CC2)C(C)C)c1,7.37
OPRM1,CHEMBL473272,CCCNCCN1CN(c2ccccc2)C2(CCN(C3CCC(C)(C)c4ccccc43)CC2)C1=O,7.37
OPRM1,CHEMBL506211,COc1ccc(C[C@@H]2NC(=O)[C@H]3CCCN3C(=O)[C@H](Cc3ccccc3)NC(=O)[C@@H](Cc3c[nH]c4ccccc34)NC2=O)cc1,7.37
OPRM1,CHEMBL1921850,CC1(C)CN(Cc2ccc(Oc3ccc(C(N)=O)cn3)cc2)[C@@H]1c1ccccc1,7.37
OPRM1,CHEMBL4531563,CC(C)C[C@H](NC(=O)[C@H](Cc1ccccc1)NC(=O)CNC(=O)C/C=C(\F)[C@@H](N)Cc1ccc(O)cc1)C(=O)O,7.37
OPRM1,CHEMBL4800237,N=C(N)NCCC[C@H](NC(=O)[C@H](CCC(N)=O)NC(=O)[C@@H]1CCCN1C(=O)[C@@H]1CSSC[C@@H](NC(=O)[C@@H](N)Cc2ccc(O)cc2)C(=O)NCC(=O)N[C@@H](Cc2ccccc2)C(=O)N1)C(=O)N[C@@H](Cc1ccccc1)C(N)=O,7.37
OPRM1,CHEMBL4797005,CCC(=O)N(CCCN1CCC(Cc2ccccc2)CC1)c1ccc(OC)cc1,7.37
OPRM1,CHEMBL5074745,Cc1cc(O)cc(C)c1C[C@H](N)C(=O)NCC(=O)NCC(=O)N[C@@H](Cc1ccccc1)C(=O)N[C@H](C(=O)NCC(=O)N[C@@H](C)C(=O)N[C@@H](CCCNC(=N)N)C(=O)N[C@@H](CCCCN)C(=O)N[C@@H](CO)C(=O)N[C@@H](C)C(=O)N[C@@H](CCCNC(=N)N)C(=O)N[C@@H](CCCCN)C(N)=O)[C@@H](C)O,7.37
OPRM1,CHEMBL5077829,CCC(=O)N(CC1(N2CCN(Cc3ccccc3)CC2)CCCCC1)c1ccccc1,7.37
OPRM1,CHEMBL5575827,NC(=O)[C@@H]1CCCN1C(=O)[C@H]1CC(=O)NCCCC[C@@H](NC(=O)[C@@H](N)Cc2ccc(O)cc2)C(=O)NCC(=O)N[C@@H](CC2CCCCC2)C(=O)N1,7.37
OPRM1,CHEMBL5964873,COc1cnc(NC(=O)CN2C[C@]3(CC[C@](c4ccccc4)(N(C)C)CC3)N(CC3CCC3)C2=O)nc1,7.37
OPRM1,CHEMBL5941970,CN(C)[C@]1(c2ccccc2)CC[C@]2(CC1)CN(CC(=O)Nc1ccc(F)cn1)C(=O)N2CC1CCC1,7.37
OPRM1,CHEMBL5801090,CN(C)[C@]1(c2ccccc2)CC[C@]2(CC1)CN(CC(=O)NCc1cccnn1)C(=O)N2CC1CCC1,7.37
OPRM1,CHEMBL5889159,CN(C)C(CNC(=O)NCCc1ccsc1)Cc1ccc(O)cc1,7.37
OPRM1,CHEMBL6064889,CN(C)C(CNC(=O)NCCc1ccccc1F)Cc1ccc(O)cc1,7.37
OPRM1,CHEMBL111530,O=C(NCc1ccccc1)c1ccc2[nH]c3c(c2c1)C[C@@]1(O)C2Cc4ccc(O)c5c4[C@@]1(CCN2CC1CC1)[C@H]3O5,7.36
OPRM1,CHEMBL3707080,CC(=O)Oc1ccc2c(c1)[C@H]1c3cc(OC(C)=O)ccc3[C@H](C2)N(CC2CC2)[C@@H]1C,7.36
OPRM1,CHEMBL110461,CN1CC[C@]23c4c5ccc(O)c4O[C@@]2(C)c2[nH]c4ccccc4c2C[C@@]3(C/C=C/c2ccccc2)C1C5,7.36
OPRM1,CHEMBL511243,C[C@H]1C2Cc3ccc4c(NCc5ccccc5)ncnc4c3[C@@]1(C)CCN2CC1CC1,7.36
OPRM1,CHEMBL2048787,CN1CC[C@]23c4c5ccc(NCc6ccc(O)cc6)c4O[C@H]2[C@@H](O)C=C[C@H]3[C@H]1C5,7.36
OPRM1,CHEMBL3903565,C[C@@H]1C[C@@H]2C[C@H](C1)C[C@@H](N1[C@@H]3CCC[C@H]1C[C@@H](n1c(=O)c(N4CC(CC(=O)O)C4)nc4ccccc41)C3)C2,7.36
OPRM1,CHEMBL3923032,C[C@H](NC(=O)C[C@H]1C[C@@]2(O)[C@H]3Cc4ccc(O)cc4[C@@]2(CCN3CC2CC2)CC1=O)C(=O)O,7.36
OPRM1,CHEMBL3934183,CN(C)C1(c2ccccc2)CCC(c2ccccc2)(N(C)Cc2ccccc2)CC1,7.36
OPRM1,CHEMBL6058797,C[C@H]1C2C(=O)c3ccc(Nc4ccc(NCCOCCOCCOCCOCCOC(F)(F)F)cc4)cc3[C@]1(C)CCN2CC1CC1,7.36
OPRM1,CHEMBL5913208,COC(C)(C)CN1CC2(CC(c3cccc(F)c3)(N(C)C)C2)N(CC2CC2)C1=O,7.36
OPRM1,CHEMBL6013191,CN(C)[C@]1(c2cccc(F)c2)C[C@@]2(CN(CCC3COC3)C(=O)N2CC2CC2)C1,7.36
OPRM1,CHEMBL5961041,CN(C)[C@]1(c2ccccc2)CC[C@]2(CC1)CN(CCC(=O)Nc1ccc(S(C)(=O)=O)nc1)C(=O)N2CC1CCC1,7.36
OPRM1,CHEMBL5793316,COc1ccc(N2C[C@]3(CC[C@](c4ccccc4)(N(C)C)CC3)N(CC3CCC3)C2=O)c(OC)c1,7.36
OPRM1,CHEMBL6032839,COc1cnccc1NC(=O)CN1C[C@]2(CC[C@](c3ccccc3)(N(C)C)CC2)N(CC2CCC2)C1=O,7.36
OPRM1,CHEMBL6058227,Cc1cc(NC(=O)CN2C[C@]3(CC[C@](c4ccccc4)(N(C)C)CC3)N(CC3CCC3)C2=O)no1,7.36
OPRM1,CHEMBL6025101,CN(C)[C@]1(c2ccccc2)CC[C@]2(CC1)CN(CC(=O)NCCNS(C)(=O)=O)C(=O)N2CC1CCC1,7.36
OPRM1,CHEMBL5884735,CN(C)[C@]1(c2ccccc2)CC[C@]2(CC1)CN(CC(=O)NC1COC1)C(=O)N2CC1(O)CCC1,7.36
OPRM1,CHEMBL5935307,CN(C)[C@]1(c2ccccc2)CC[C@]2(CC1)CN(CC(=O)NCC(N)=O)C(=O)N2CC1(C#N)CCC1,7.36
OPRM1,CHEMBL5843746,CCCCCCN1C(=O)N(Cc2ccc(OC)cc2)C[C@]12CC[C@](c1ccccc1)(N(C)C)CC2,7.36
OPRM1,CHEMBL183323,CCC(Oc1cc(C)ccc1Cl)C(O)CN1CCC(n2c(O)nc3ccccc32)CC1,7.35
OPRM1,CHEMBL243092,Oc1cccc([C@@]23CCC[C@@H]([C@H]2O)N(CCc2ccccc2)CC3)c1,7.35
OPRM1,CHEMBL260169,COc1ccc(C)c(OC(CCN2CCC(n3c(=O)n(Cc4cccs4)c4ccccc43)CC2)C(C)C)c1,7.35
OPRM1,CHEMBL481547,CC1(N2CCC(n3c(-c4ccc(F)c(Cl)c4)nc4ccccc43)CC2)CCCCCCC1,7.35
OPRM1,CHEMBL2048783,COc1cccc(CNc2ccc3c4c2O[C@H]2[C@@H](O)C=C[C@H]5[C@@H](C3)N(C)CC[C@@]452)c1,7.35
OPRM1,CHEMBL2386822,CN1CC[C@@]2(CCCCc3ccccc3)c3cc(O)ccc3O[C@H]2C1,7.35
OPRM1,CHEMBL3325745,CN(C)[C@]1(c2ccccc2)CC[C@@](O)(c2ccccc2)CC1,7.35
OPRM1,CHEMBL3947626,COCCOCCOCCOCCOCCOCCO[C@H]1CC[C@@]2(O)[C@H]3Cc4ccc(O)c5c4[C@@]2(CCN3CC2CCC2)C1O5,7.35
OPRM1,CHEMBL4218284,C[C@H]1[C@H]2Cc3ccc(O)cc3[C@@]1(C)CCN2C[C@@H]1C[C@@]1(CN1CCCCC1)c1ccccc1,7.35
OPRM1,CHEMBL5558729,COC(=O)N(c1ccc(OC)cc1)C1CCN(CCc2ccccc2)CC1,7.35
OPRM1,CHEMBL5929806,COCCOCCOCCOCCOCCOCCO[C@H]1CC[C@@]2(O)[C@H]3Cc4ccc(O)c5c4[C@@]2(CCN3CC2CCC2)[C@H]1O5,7.35
OPRM1,CHEMBL5848735,COc1cc(NC(=O)CCN2C[C@]3(CC[C@](c4ccccc4)(N(C)C)CC3)N(CC3CCC3)C2=O)ccn1,7.35
OPRM1,CHEMBL5782312,CN(C)[C@]1(c2ccccc2)CC[C@]2(CC1)CN(c1ncc(C(N)=O)cn1)C(=O)N2CC1CCC1,7.35
OPRM1,CHEMBL6047967,CN(C)[C@]1(c2ccccc2)CC[C@]2(CC1)CN(CC(=O)Nc1ncccc1F)C(=O)N2CC1CCC1,7.35
OPRM1,CHEMBL5937582,Cc1ccc(NC(=O)CN2C[C@]3(CC[C@](c4ccccc4)(N(C)C)CC3)N(CC3CCC3)C2=O)nc1,7.35
OPRM1,CHEMBL6001458,CN(C)[C@]1(c2ccccc2)CC[C@]2(CC1)CN(CC(=O)N1C[C@H](O)[C@@H](O)C1)C(=O)N2CC1CCC1,7.35
OPRM1,CHEMBL5939232,COc1nccc(NC(=O)CN2C[C@]3(CC[C@](c4ccccc4)(N(C)C)CC3)N(CC3CCC3)C2=O)n1,7.35
OPRM1,CHEMBL5893907,COCCCN1C(=O)N(CC(=O)NCc2ccncn2)C[C@]12CC[C@](c1ccccc1)(N(C)C)CC2,7.35
OPRM1,CHEMBL5897508,COCCNC(=O)CN1C(=O)N(Cc2ccc(OC)cc2)C[C@]12CC[C@](c1ccccc1)(N(C)C)CC2,7.35
OPRM1,CHEMBL109563,CCCC1CCC(N2CCC(O)(c3cccc(C(F)(F)F)c3)CC2)CC1,7.34
OPRM1,CHEMBL240084,CNCCn1c(=O)n(C2CCN(CCC(Oc3cc(OC)ccc3C)C(C)C)CC2)c2ccccc21,7.34
OPRM1,CHEMBL511795,NC(=O)c1ccc2c3c1O[C@H]1c4[nH]c5ccccc5c4C[C@@]4(O)[C@@H](C2)N(CC2CC2)CC[C@]314,7.34
OPRM1,CHEMBL3084561,NC(=O)[C@]1(c2ccc(Br)nc2)C[C@H]2CC[C@@H](C1)N2C(c1ccccc1Cl)c1ccccc1Cl,7.34
OPRM1,CHEMBL3325958,CN(C)[C@]1(c2ccccc2)CC[C@@]2(CC1)OCCc1c3cc(F)ccc3[nH]c12.O=C(O)CC(O)(CC(=O)O)C(=O)O,7.34
OPRM1,CHEMBL4435773,CC(C)(NC(=O)C1=C(O)[C@@H]2Oc3c(O)ccc4c3[C@@]23CCN(CC2CC2)[C@H](C4)[C@]3(O)C1)C(=O)O,7.34
OPRM1,CHEMBL4459117,O=C1C(CO)OC2(CCN(CCc3ccccc3)CC2)CN1c1ccccc1,7.34
OPRM1,CHEMBL4525653,CC(=O)Nc1cccc(CCN2CCC3(CC2)CN(c2ccccc2)C(=O)[C@@H](C)O3)c1,7.34
OPRM1,CHEMBL5092587,CCC(=O)N(CC1(N2CCN(CCOc3ccccc3)CC2)CCOCC1)c1cccc(C(F)(F)F)n1,7.34
OPRM1,CHEMBL5813289,CN(C)[C@]1(c2ccccc2)CC[C@]2(CC1)CN(c1cnc(S(C)(=O)=O)nc1C#N)C(=O)N2CC1CCC1,7.34
OPRM1,CHEMBL5871385,CN[C@]1(c2ccccc2)CC[C@]2(CC1)CN(c1ccc(C(F)(F)F)cc1S(C)(=O)=O)C(=O)N2CC1CCC1,7.34
OPRM1,CHEMBL5764129,CN(C)[C@]1(c2ccccc2)CC[C@]2(CC1)CN(c1ccccc1)C(=O)N2CC1CCC1,7.34
OPRM1,CHEMBL5862233,CN(C)[C@]1(c2ccccc2)CC[C@]2(CC1)CN(CC(=O)N1CCOC(CO)C1)C(=O)N2CC1CCC1,7.34
OPRM1,CHEMBL5795210,CN(C)C(CNC(=O)NC(C)(C)Cc1ccccc1)Cc1ccc(O)cc1,7.34
OPRM1,CHEMBL6148059,N=C(N)NCCC[C@@H]1C(=O)N[C@@H](Cc2ccccc2)C(=O)N(CC(N)=O)CCNC(=O)NCCCCCCN1C(=O)[C@@H](N)Cc1ccc(O)cc1,7.34
OPRM1,CHEMBL54735,Oc1nc2ccccc2n1[C@@H]1CCN2[C@H](CCC[C@H]2C2CCCCC2)C1,7.33
OPRM1,CHEMBL181389,Cc1ccc(N)cc1OC(CCN1CCC(n2c(O)nc3ccccc32)CC1)C(C)C,7.33
OPRM1,CHEMBL248840,CN1CC[C@]23c4c5ccc(O)c4O[C@H]2c2[nH]c4ccc(Cl)cc4c2C[C@@]3(O)[C@H]1C5,7.33
OPRM1,CHEMBL412098,O=C1NCN(c2ccccc2)C12CCN([C@@H]1CC[C@H]3CCCc4cccc1c43)CC2,7.33
OPRM1,CHEMBL402135,CN(C(=O)Cc1cc2c(cc1S(=O)(=O)N(C)C)OCO2)[C@H](CN1CCCC1)c1ccccc1,7.33
OPRM1,CHEMBL573918,CC(C)(CCCCCCC(C)(C)C(=O)Oc1ccc2c(c1)[C@@]13CCCC[C@H]1[C@@H](C2)N(CC1CCC1)CC3)C(=O)O,7.33
OPRM1,CHEMBL1087276,CNC(=O)Cn1c(=O)n(C2CCN(C3CCC(C)(C)CC3(C)C)CC2)c2ccccc21,7.33
OPRM1,CHEMBL1672181,Cl.Oc1cccc([C@]23CCC[C@H](C2)N(C[C@@H]2C[C@H]2c2ccccc2)CC3)c1,7.33
OPRM1,CHEMBL2387199,O=C1CCc2ccccc2N1C1CCN(C2CCCCCCC2)CC1,7.33
OPRM1,CHEMBL3394746,CCCCN(Cc1ccccc1)C[C@@H](O)CN1CN(c2ccccc2)C2(CCN(CCc3ccccc3-c3cccs3)CC2)C1=O,7.33
OPRM1,CHEMBL3409101,Oc1ccc2c(c1)[C@]1(CCCc3ccccc3)CCN(CCc3ccc(F)cc3)C[C@@H]1O2,7.33
OPRM1,CHEMBL3678971,CO[C@]12CC[C@@]3(C[C@@H]1COCc1ccoc1)[C@H]1Cc4ccc(O)c5c4[C@@]3(CC[N+]1(C)CC1CC1)[C@H]2O5,7.33
OPRM1,CHEMBL4451073,CC(C)[C@H]1CC[C@@H](N2CCC(n3cc(CCCN)c4ccccc43)CC2)CC1.Cl.Cl,7.33
OPRM1,CHEMBL4640826,Oc1ccc2c3c1O[C@H]1c4ncc(-c5ccncc5)cc4C[C@@]4(OCCCc5ccccc5)[C@@H](C2)N(CC2CC2)CC[C@]314,7.33
OPRM1,CHEMBL5436551,CN(C)C(=O)C(CCN[C@@H]1C[C@H]1c1ccc(F)cc1)(c1ccccc1)c1ccccc1,7.33
OPRM1,CHEMBL6016808,COc1cnccc1NC(=O)CCN1C[C@]2(CC[C@](c3ccccc3)(N(C)C)CC2)N(CC2CCC2)C1=O,7.33
OPRM1,CHEMBL5787858,COc1ccc(N2C[C@]3(CC[C@](c4ccccc4)(N(C)C)CC3)N(CC3CCC3)C2=O)c(C#N)c1,7.33
OPRM1,CHEMBL5963040,CN(C)[C@]1(c2ccccc2)CC[C@]2(CC1)CN(CC(=O)Nc1ccc(F)nc1)C(=O)N2CC1CCC1,7.33
OPRM1,CHEMBL5953721,COCCOCCOCCOCCOCCOCCOCCOCCOc1ccc(CN2C[C@]3(CC[C@](c4ccccc4)(N(C)C)CC3)N(CC3CCC3)C2=O)cc1,7.33
OPRM1,CHEMBL5882410,CN(C)[C@H](CNC(=O)NCCc1ccccc1)Cc1ccc(O)cc1,7.33
OPRM1,CHEMBL5797861,CN(CCCl)C(CNC(=O)NCCc1ccccc1)Cc1ccc(O)cc1,7.33
OPRM1,CHEMBL323726,CC(C)CC(=N)NCCc1ccc2[nH]c3c(c2c1)C[C@@]1(O)C2Cc4ccc(O)c5c4[C@@]1(CCN2CC1CC1)[C@H]3O5,7.32
OPRM1,CHEMBL56356,C[C@H]1[C@H]2Cc3cc4sc(N)nc4cc3[C@]1(C)CCN2CC1CC1,7.32
OPRM1,CHEMBL424327,Oc1ccc2c(c1)[C@@]13CCCC[C@H]1[C@@H](C2)N(CCCN1CC[C@]24CCCC[C@H]2[C@H]1Cc1ccc(O)cc14)CC3,7.32
OPRM1,CHEMBL435380,CCC(=O)N(c1ccccc1)[C@@H]1CCN(C[C@H](O)c2ccccc2)C[C@@H]1C,7.32
OPRM1,CHEMBL291901,Oc1nc2ccccc2n1[C@H]1CCN2[C@H](CCC[C@H]2c2ccccc2)C1,7.32
OPRM1,CHEMBL239822,CC1(C)CCC(N2CCC3(CC2)C(=O)NCN3c2ccccc2)c2ccccc21,7.32
OPRM1,CHEMBL402116,CNC[C@H]1CCCC[C@]1(OC)c1cccc(O)c1,7.32
OPRM1,CHEMBL258781,COc1ccc(C)c(OC(CCN2CCC(n3c(=O)n(Cc4cccnc4)c4ccccc43)CC2)C(C)C)c1,7.32
OPRM1,CHEMBL260555,COc1ccc(C)c(OC(CCN2CCC(n3c(=O)n(Cc4ncnn4C)c4ccccc43)CC2)C(C)C)c1,7.32
OPRM1,CHEMBL501888,O=C1N[C@H](Cc2c[nH]c3ccccc23)C(=O)N[C@@H](Cc2ccccc2)C(=O)N2CCC[C@@H]2C(=O)N[C@H]1Cc1ccc(F)cc1,7.32
OPRM1,CHEMBL567855,CC[C@@]12CCNC[C@@H]1Oc1ccc(O)cc12,7.32
OPRM1,CHEMBL3217211,CCOc1ccc(Cc2nc3cc(NC(C)=N)ccc3n2CCN(CC)CC)cc1.Cl.Cl,7.32
OPRM1,CHEMBL3966922,CCCCC1(CNS(=O)(=O)c2ccc(Cl)cc2)CCC(c2ccccc2)(N(C)C)CC1,7.32
OPRM1,CHEMBL4203753,C[C@H]1[C@H]2Cc3cc4sc(N)nc4cc3[C@@]1(C)CCN2CC1CC1,7.32
OPRM1,CHEMBL4647357,Oc1ccc2c3c1O[C@H]1c4ncc(-c5cncnc5)cc4C[C@@]4(OCCCc5ccccc5)[C@@H](C2)N(CC2CC2)CC[C@]314,7.32
OPRM1,CHEMBL5556862,Cc1cc(O)cc(C)c1C[C@H](N)C(=O)N(CCCCN)CC(=O)N[C@H]1Cc2ccccc2CN(CCC(=O)N[C@@H](CCCN2CCC(Cc3ccccc3)CC2)C(=O)N[C@@H](Cc2ccccc2)C(N)=O)C1=O,7.32
OPRM1,CHEMBL5938408,CN(C)C1(c2ccccc2)CC2(CN(CC(N)=O)C(=O)N2CC2CCC2)C1,7.32
OPRM1,CHEMBL6044051,CN(C)[C@]1(c2ccccc2)C[C@@]2(CN(c3cncc(C(F)(F)F)c3)C(=O)N2CC2CC2)C1,7.32
OPRM1,CHEMBL5940615,CN(C)[C@]1(c2ccccc2)C[C@@]2(CN(CC3(O)CCC3)C(=O)N2CC2CC2)C1,7.32
OPRM1,CHEMBL5948172,CN(C)C(=O)CCNC(=O)CCN1C[C@]2(CC[C@](c3ccccc3)(N(C)C)CC2)N(CC2CCC2)C1=O,7.32
OPRM1,CHEMBL6036796,CN(CCO)C(=O)CN1C[C@]2(CC[C@](c3ccccc3)(N(C)C)CC2)N(CC2CCC2)C1=O,7.32
OPRM1,CHEMBL6007857,CNC(=O)CN1C[C@]2(CC[C@](c3ccccc3)(N(C)C)CC2)N(CC(C)C)C1=O,7.32
OPRM1,CHEMBL5924140,CN(C)[C@]1(c2ccccc2)CC[C@]2(CC1)CN(CC(=O)N1CCC[C@H]1C(N)=O)C(=O)N2CC1CCC1,7.32
OPRM1,CHEMBL5941742,COc1ccc(CN2C[C@]3(CC[C@](c4ccccc4)(N(C)C)CC3)N(CC(C)(C)O)C2=O)cc1,7.32
OPRM1,CHEMBL393807,CC1(C)CCC(N2CCC3(CC2)C(=O)NCN3c2ccccc2)c2ccc(Cl)cc21,7.31
OPRM1,CHEMBL515842,Oc1cccc2c1O[C@@H]1CC[C@H]3C[C@@]21CCN3CCc1ccccc1,7.31
OPRM1,CHEMBL2386897,Oc1ccc2c(c1)[C@]1(CCc3ccccc3)CCN(CCCc3ccccc3)C[C@@H]1O2,7.31
OPRM1,CHEMBL3747555,CCN1/C(=C/C=C/C=C/C2=[N+](CCCCCC(=O)NCCCCCCNC(=O)[C@H]3C[C@@]45CC[C@]3(OC)[C@@H]3Oc6c(O)ccc7c6[C@@]34CCN(C)[C@@H]5C7)c3ccc(S(=O)(=O)O)cc3C2(C)C)C(C)(C)c2cc(S(=O)(=O)O)ccc21,7.31
OPRM1,CHEMBL3785605,c1ccc2c(c1)CC(CN1CCC3(CCc4ccccc43)CC1)CO2,7.31
OPRM1,CHEMBL4109652,CO[C@]12CC[C@@]3(C[C@@H]1COCc1ccccc1)[C@H]1Cc4ccc(Br)c5c4[C@@]3(CCN1CC1CC1)[C@H]2O5,7.31
OPRM1,CHEMBL3894621,C[C@@H]1C[C@@H]2C[C@H](C1)C[C@@H](N1[C@@H]3CCC[C@H]1C[C@@H](n1c(=O)c(N4CC[C@H]4C(=O)O)nc4ccccc41)C3)C2,7.31
OPRM1,CHEMBL3960085,CN(C)C1(c2ccccc2)CCC(C(=N)c2cc3ccccc3n2C)(N2CCCC2)CC1,7.31
OPRM1,CHEMBL4080324,CN(C(=O)/C=C/c1ccc(Cl)cc1)[C@@H]1CC[C@@]2(O)[C@H]3[C@@H](O)c4ccc(O)c5c4[C@@]2(CCN3CC2CC2)[C@H]1O5,7.31
OPRM1,CHEMBL4248801,COc1ccc2c3c1O[C@H]1[C@@]4(OC)CC[C@@]5(C[C@]4(C)C=O)[C@@H](C2)N(CC2CC2)CC[C@]315,7.31
OPRM1,CHEMBL4463621,CC1OC2(CCN(CCc3cccc(C#N)c3)CC2)CN(c2ccccc2)C1=O,7.31
OPRM1,CHEMBL5891126,CN(C)[C@]1(c2ccccc2)CC[C@]2(CC1)CN(CCC(=O)N1CCn3ncnc3C1)C(=O)N2CC1CCC1,7.31
OPRM1,CHEMBL6015021,CN(C)[C@]1(c2ccccc2)CC[C@]2(CC1)CN(c1ccc(C#N)nc1)C(=O)N2CC1(O)CCC1,7.31
OPRM1,CHEMBL5973502,Cc1cccnc1NC(=O)CN1C[C@]2(CC[C@](c3ccccc3)(N(C)C)CC2)N(CC2CCC2)C1=O,7.31
OPRM1,CHEMBL5900608,COc1ccc(NC(=O)CN2C[C@]3(CC[C@](c4ccccc4)(N(C)C)CC3)N(CC3CCC3)C2=O)nn1,7.31
OPRM1,CHEMBL6004128,CN(C)[C@]1(c2ccccc2)CC[C@]2(CC1)CN(CC(=O)N1CCN(S(C)(=O)=O)CC1)C(=O)N2CC1CCC1,7.31
OPRM1,CHEMBL5980771,CN(C)[C@]1(c2ccccc2)CC[C@]2(CC1)CN(C1(c3ccccc3)CC1)C(=O)N2,7.31
OPRM1,CHEMBL75676,Cc1ccc(N2CNC(=O)C23CCN(C2Cc4cccc5cccc2c45)CC3)cc1,7.3
OPRM1,CHEMBL151476,CN1CC[C@]23c4c5ccc(O)c4O[C@H]2c2c(c(-c4ccccc4)cn2Cc2ccccc2)C[C@@]3(O)C1C5,7.3
OPRM1,CHEMBL290240,N#Cc1cccc(CN2CCC[C@@H]2CNC(=S)N2Cc3ccccc3C[C@H]2CNC(=O)Nc2ccccc2)c1,7.3
OPRM1,CHEMBL467497,CNC(=O)C1(c2ccccc2)CC2CCC(C1)N2C(c1ccccc1Cl)c1ccccc1Cl,7.3
OPRM1,CHEMBL471880,CCCCNCCN1CN(c2ccccc2)C2(CCN(C3CCC(C)(C)c4cc(Cl)ccc43)CC2)C1=O,7.3
OPRM1,CHEMBL1642740,CCCCCNCc1ccc(N2CCCc3cc(C(N)=O)ccc32)cc1,7.3
OPRM1,CHEMBL1642741,CC(C)(C)CCNCc1ccc(N2CCCc3cc(C(N)=O)ccc32)cc1,7.3
OPRM1,CHEMBL1642751,NC(=O)c1ccc2c(c1)CCCN2c1cccc(CNCCC2=CCCCC2)c1,7.3
OPRM1,CHEMBL1642756,NC(=O)c1ccc2c(c1)CCCN2c1ccc(CNC2Cc3ccccc3C2)c(C(F)(F)F)c1,7.3
OPRM1,CHEMBL2443258,Cc1ccc(CNCC[C@@]2(c3ccccn3)CCOC3(CCCC3)C2)o1,7.3
OPRM1,CHEMBL2443268,c1ccc(CNCCC2(c3ccccn3)CCOC3(CCCC3)C2)cc1,7.3
OPRM1,CHEMBL3695676,Oc1ccc2c(c1)[C@@]13CCNC[C@H]1[C@@H](C2)N(CC1CC1)CC3,7.3
OPRM1,CHEMBL4107541,COc1ccc2c3c1O[C@H]1[C@@]4(OC)CC[C@@]5(C[C@@H]4[C@](O)(CC(O)CO)c4ccccc4)[C@@H](C2)N(CC2CC2)CC[C@]315,7.3
OPRM1,CHEMBL4106544,COc1ccc2c3c1O[C@H]1[C@@]4(OC)CC[C@@]5(C[C@@H]4CSc4nc6ccccc6s4)[C@@H](C2)N(CC2CC2)CC[C@]315,7.3
OPRM1,CHEMBL3906641,CC(C)C[C@H](NC(=O)C[C@H]1C[C@@]2(O)[C@H]3Cc4ccc(O)cc4[C@@]2(CCN3CC2CC2)CC1=O)C(=O)O,7.3
OPRM1,CHEMBL5070377,CN(C)C(=O)C(CCNCCc1ccccc1)(c1ccccc1)c1ccccc1,7.3
OPRM1,CHEMBL500195,CC(C)(C)OC(=O)[C@H](Cc1ccccc1)NC(=O)[C@H](Cc1ccccc1)NC(=O)[C@@H]1CCCN1C(=O)[C@@H](N)Cc1ccc(O)cc1,7.3
OPRM1,CHEMBL5288483,C/C=C1\CN2CC[C@@]34c5ccccc5N(Cc5ccccc5)[C@]35OC[C@@]4(C(=O)OC)[C@H]1C[C@H]25,7.3
OPRM1,CHEMBL5406584,COC(=O)[C@@H]1C[C@H](OC(=O)C2=Cc3ccccc3C2)C(=O)[C@H]2[C@@]1(C)CC[C@H]1C(=O)O[C@H](c3ccoc3)C[C@]21C,7.3
OPRM1,CHEMBL5983497,CN(C)[C@]1(c2ccccc2)C[C@@]2(CN(c3ccc(C4CC4)nc3)C(=O)N2CC2CC2)C1,7.3
OPRM1,CHEMBL6050589,COCCN1C(=O)N(c2cnc(C#N)cc2C)C[C@]12CC[C@](c1ccccc1)(N(C)C)CC2,7.3
OPRM1,CHEMBL5903475,CN(C)[C@]1(c2ccccc2)CC[C@]2(CC1)CN(c1ccc(C(N)=O)cc1)C(=O)N2CC1(O)CCC1,7.3
OPRM1,CHEMBL5762804,CN(C)[C@]1(c2ccccc2)CC[C@]2(CC1)CN(CC(=O)Nc1cc(C(N)=O)ccn1)C(=O)N2CC1CCC1,7.3
OPRM1,CHEMBL5834339,CN(C)[C@]1(c2ccccc2)CC[C@]2(CC1)CN(CC(=O)NCC1CCC(O)CC1)C(=O)N2CC1CCC1,7.3
OPRM1,CHEMBL5826193,COc1ccc(CN2C[C@]3(CC[C@](c4ccc(F)cc4)(N(C)C)CC3)N(CC3CCC3)C2=O)cc1,7.3
OPRM1,CHEMBL5995773,COc1ccc(CN2C[C@]3(CC[C@](c4cccc(OC)c4)(N(C)C)CC3)N(CC3CCC3)C2=O)cc1,7.3
OPRM1,CHEMBL5803744,COc1ccc(CN2C[C@]3(CC[C@](c4ccccc4)(N(C)C)CC3)N(CC(C)(C)OC)C2=O)cc1,7.3
OPRM1,CHEMBL5780955,COc1ccc(CN2C[C@]3(CC[C@](c4ccccc4)(N(C)C)CC3)N(Cc3cccnc3)C2=O)cc1,7.3
OPRM1,CHEMBL5817688,CCN(C)[C@]1(c2ccccc2)CC[C@]2(CC1)CN(Cc1cccc(OC)c1)C(=O)N2CC1CCC1,7.3
OPRM1,CHEMBL5754731,COc1ccccc1CN1C[C@]2(CC[C@](c3ccccc3)(N(C)C)CC2)N(Cc2ccccc2OC)C1=O,7.3
OPRM1,CHEMBL2113381,CCCCC(=O)N[C@@]12Cc3c([nH]c4ccccc34)[C@@H]3Oc4c(O)ccc5c4[C@@]31CCN(C)C2C5,7.29
OPRM1,CHEMBL610261,Oc1ccc2c3c1O[C@H]1c4ncc(-c5ccc(Cl)cc5)cc4C[C@@]4(O)[C@@H](C2)N(CC2CC2)CC[C@]314,7.29
OPRM1,CHEMBL3319089,CC(=O)N[C@H](Cc1c[nH]c2ccc([N+](=O)[O-])cc12)C(=O)N[C@@H](Cc1ccccc1)C(=O)NCC(N)=O,7.29
OPRM1,CHEMBL4113830,COCCOCCOCCOC[C@H]1C[C@@]23CC[C@]1(OC)[C@@H]1Oc4c(OC)ccc5c4[C@@]12CCN(CC1CC1)[C@@H]3C5,7.29
OPRM1,CHEMBL4112562,COCCOCCOCCO[C@H]1CC[C@@]2(O)C3Cc4ccc(O)c5c4[C@@]2(CCN3C)[C@H]1O5,7.29
OPRM1,CHEMBL445102,OC1(c2ccc(Cl)cc2)CCN(Cc2c[nH]c3ccccc23)CC1,7.29
OPRM1,CHEMBL5819818,COCCOCCOCCO[C@H]1C=CC2C3Cc4ccc(O)c5c4[C@@]2(CCN3C)[C@H]1O5,7.29
OPRM1,CHEMBL5967739,COc1ccnc(NC(=O)CCN2C[C@]3(CC[C@](c4ccccc4)(N(C)C)CC3)N(CC3CCC3)C2=O)c1,7.29
OPRM1,CHEMBL5869501,CN(C)[C@]1(c2ccccc2)CC[C@]2(CC1)CN(CC(=O)NCCOCCO)C(=O)N2CC1CCC1,7.29
OPRM1,CHEMBL5953813,Cc1cccc(NC(=O)CN2C[C@]3(CC[C@](c4ccccc4)(N(C)C)CC3)N(CC3CCC3)C2=O)n1,7.29
OPRM1,CHEMBL5858039,CN(C)[C@]1(c2ccccc2)CC[C@]2(CC1)CN(CC(=O)N1CCOCC1)C(=O)N2CC1CCC1,7.29
OPRM1,CHEMBL6050822,CN(C)[C@]1(c2ccccc2)CC[C@@]2(CC1)CN(CC(=O)N1CCOCC1)C(=O)N2,7.29
OPRM1,CHEMBL5789606,CN(C)[C@]1(c2ccccc2)CC[C@]2(CC1)CN(Cc1ccccc1Br)C(=O)N2CC1CCC1,7.29
OPRM1,CHEMBL67428,O=C(Nc1nccs1)c1ccc(C(=C2CC3CCC(C2)N3CCc2ccccc2)c2ccccc2)cc1,7.28
OPRM1,CHEMBL358403,CC(=O)N[C@@H](CCCN=C(N)N)C(=O)N[C@@H](CC1CCCCC1)C(=O)N[C@H]1CC[C@@H]2SC[C@H](C(=O)N[C@H](CCCN=C(N)N)C(=O)NC(Cc3ccc(Cl)cc3)C(N)=O)N2C1=O,7.28
OPRM1,CHEMBL3707094,C[C@@H]1[C@H]2c3cc(N4CCN(C)CC4)ccc3C[C@@H](c3ccc(N4CCN(C)CC4)cc32)N1C,7.28
OPRM1,CHEMBL356889,Oc1ccc2c(c1)[C@@]13CCCC[C@H]1[C@@H](C2)N(CCCCCCN1CC[C@]24CCCC[C@H]2[C@H]1Cc1ccc(O)cc14)CC3,7.28
OPRM1,CHEMBL334700,C[C@H]1CN(CC2CC2)CC[C@@]1(C)c1cccc(C(N)=O)c1,7.28
OPRM1,CHEMBL610524,COc1ccc2c3c1O[C@H]1c4[nH]c5c(c4C[C@@]4(O)[C@@H](C2)N(CC2CC2)CC[C@]314)C[C@@]1(O)[C@H]2Cc3ccc(O)c4c3[C@@]1(CCN2C)[C@H]5O4,7.28
OPRM1,CHEMBL348268,Cc1c(-c2ccccc2)c2c(n1Cc1ccccc1)[C@@H]1Oc3c(O)ccc4c3[C@@]13CCN(CC1CC1)C(C4)[C@]3(O)C2,7.28
OPRM1,CHEMBL3144471,CC(=O)N[C@@H](CCCN=C(N)N)C(=O)N[C@H](CC1CCCCC1)C(=O)N[C@H]1CC[C@@H]2SC[C@@H](C(=O)N[C@H](CCCN=C(N)N)C(=O)NC(Cc3ccc(Cl)cc3)C(N)=O)N2C1=O,7.28
OPRM1,CHEMBL320882,CN(C(=O)Cc1ccc(Cl)c(Cl)c1)C(CN1CCCC1)c1ccccc1,7.28
OPRM1,CHEMBL38576,CN(C(=O)Cc1ccc(Cl)c(Cl)c1)[C@H](CN1CCCC1)c1ccccc1,7.28
OPRM1,CHEMBL218506,C[C@H]1CN2C[C@@H](c3ccccc3)NC[C@H]2C[C@@]1(C)c1cccc(O)c1,7.28
OPRM1,CHEMBL238305,CC(C)NC(=O)c1ccc(Oc2ccc(CNCCc3ccccc3)cc2)nc1,7.28
OPRM1,CHEMBL396392,CNC(=O)c1ccc(Oc2ccc(CNCCc3ccccc3)cc2)nc1,7.28
OPRM1,CHEMBL408909,COc1ccc(C)c(OC(CCN2CCC(n3c(=O)n(Cc4ccccn4)c4ccccc43)CC2)C(C)C)c1,7.28
OPRM1,CHEMBL437784,COc1cc(CC(=O)N(C)[C@H](CN2CCCC2)c2ccccc2)c(S(=O)(=O)N2CCN(C)CC2)cc1OC,7.28
OPRM1,CHEMBL3084528,NC(=O)[C@]1(c2ccccn2)C[C@H]2CC[C@@H](C1)N2C(c1ccccc1Cl)c1ccccc1Cl,7.28
OPRM1,CHEMBL592908,CCN(C)C(=O)c1ccc(C2(c3cccc(O)c3)CCCN(CC3CC3)C2)cc1,7.28
OPRM1,CHEMBL1921849,CC1(C)CN(Cc2ccc(Oc3ccc(C(N)=O)cn3)cc2)C1c1ccccc1,7.28
OPRM1,CHEMBL2418732,Oc1cccc([C@@]23CCN(CCc4ccccc4)[C@@H](C[C@H](c4ccccc4)C2)C3)c1,7.28
OPRM1,CHEMBL3330670,COC(=O)[C@@H]1C[C@H](OC(=O)/C=C/c2ccccc2)C(=O)[C@H]2[C@@]1(C)CC[C@H]1C(=O)O[C@H](c3ccoc3)C[C@]21C,7.28
OPRM1,CHEMBL3409105,C=CCN1CC[C@@]2(CCCc3ccccc3)c3cc(O)ccc3O[C@H]2C1,7.28
OPRM1,CHEMBL4111934,COc1ccc2c3c1O[C@H]1[C@@]4(OC)CC[C@@]5(C[C@@H]4C(NC(C)C(N)=O)c4ccccc4)[C@@H](C2)N(CC2CC2)CC[C@]315,7.28
OPRM1,CHEMBL4533745,CN(C)[C@H](CNC(=O)NCCc1cccs1)Cc1cccc2ccccc12,7.28
OPRM1,CHEMBL4577586,C[C@H](Cc1ccsc1)NC(=O)NC[C@H](Cc1ccc2ccccc2c1)N(C)C,7.28
OPRM1,CHEMBL4581231,C[C@@H](Cc1ccsc1)NC(=O)NC[C@H](Cc1ccc2ccccc2c1)N(C)C,7.28
OPRM1,CHEMBL4456635,CN(C)[C@H](CNC(=O)NCCc1ccsc1)Cc1ccc2ccccc2c1,7.28
OPRM1,CHEMBL4781352,CCN1CC2(CCN(CCc3cc(F)ccc3F)CC2)O[C@H](C)C1=O,7.28
OPRM1,CHEMBL4777859,CCN1CC2(CCN(CCc3ccc(F)cc3F)CC2)O[C@H](C)C1=O,7.28
OPRM1,CHEMBL5933629,COc1cncc(NC(=O)CN2C[C@]3(CC[C@](c4ccccc4)(N(C)C)CC3)N(CC3CCC3)C2=O)n1,7.28
OPRM1,CHEMBL114203,C[C@H]1C2Cc3ccc(O)cc3[C@@]1(C)CCN2,7.27
OPRM1,CHEMBL220248,C[C@H]1CN2CCN(c3ccccc3)C[C@H]2C[C@@]1(C)c1cccc(O)c1,7.27
OPRM1,CHEMBL243301,Oc1cccc([C@@]23CCC[C@@H]([C@@H]2O)N(CCc2ccccc2)CC3)c1,7.27
OPRM1,CHEMBL391487,CNC(=O)Cn1c(=O)n(C2CCN(CCC(Oc3cc(OC)ccc3C)C(C)C)CC2)c2ccccc21,7.27
OPRM1,CHEMBL260767,CNC(=O)Cn1c(=O)n(C2CCN(CC[C@H](Oc3cc(OC)ccc3C)C(C)C)CC2)c2ccccc21,7.27
OPRM1,CHEMBL4109258,CO[C@]12CC[C@@]3(C[C@@H]1COCc1ccccc1)[C@H]1Cc4ccc(C(=O)O)c5c4[C@@]3(CCN1C)[C@H]2O5,7.27
OPRM1,CHEMBL4113014,CC12C[C@H]3C[C@@H](N4[C@@H]5CCC[C@H]4C[C@@H](n4c(=O)c(N6CC(C(=O)O)C6)nc6ccccc64)C5)C[C@@H]1C[C@@H]2C3,7.27
OPRM1,CHEMBL1612697,CCOC(=O)C1(CCc2ccccc2)CCN(Cc2ccc(NC(C)=O)cc2)CC1,7.27
OPRM1,CHEMBL5816202,Cc1ccnc(NC(=O)CN2C[C@]3(CC[C@](c4ccccc4)(N(C)C)CC3)N(CC3CCC3)C2=O)c1,7.27
OPRM1,CHEMBL5847213,CN(C)[C@]1(c2ccccc2)CC[C@]2(CC1)CN(CC(=O)Nc1ccnnc1)C(=O)N2CC1CCC1,7.27
OPRM1,CHEMBL6061972,CN(C)[C@]1(c2ccccc2)CC[C@]2(CC1)CN(CC(=O)Nc1ccccn1)C(=O)N2CC1CCC1,7.27
OPRM1,CHEMBL2448128,CN1c2ccccc2C(c2ccccc2)=NC[C@H]1CCNC(=O)c1cccs1,7.26
OPRM1,CHEMBL497108,Cl.NC(=O)COc1ccc2c(c1)[C@@]13CCCC[C@@]1(O)[C@@H](C2)N(CC1CCC1)CC3,7.26
OPRM1,CHEMBL467131,NC(=O)C1(c2ccc(Cl)cc2)CC2CCC(C1)N2C(c1ccccc1Cl)c1ccccc1Cl,7.26
OPRM1,CHEMBL4109220,COc1ccc2c3c1O[C@H]1[C@@]4(OC)CC[C@@]5(C[C@@H]4COCc4ccc(C(O)CO)cc4)[C@@H](C2)N(CC2CC2)CC[C@]315,7.26
OPRM1,CHEMBL4065924,O=C(NCC1NCCc2ccccc21)c1ccc(Cl)c(Cl)c1,7.26
OPRM1,CHEMBL4216968,O=c1[nH]c2c(Cl)cccc2n1C1CCN(Cc2ccc(Br)cc2F)CC1,7.26
OPRM1,CHEMBL4073004,C[C@@H]1[C@@H]2Cc3ccc(O)cc3[C@]1(C)CCN2CCc1ccccc1,7.26
OPRM1,CHEMBL5412995,COc1ccccc1[C@@H]1C[C@H]1NCCC(C(=O)N(C)C)(c1ccccc1)c1ccccc1,7.26
OPRM1,CHEMBL5415557,Fc1cncc(CNCC[C@@]2(c3ccccn3)CCOC3(CCCC3)C2)c1,7.26
OPRM1,CHEMBL5803765,COCCOCCOCCO[C@H]1CC[C@H]2[C@H]3Cc4ccc(O)cc4[C@@]2(CCN3C)C1,7.26
OPRM1,CHEMBL6067931,COCCOCCN1CC[C@@]23CCCC[C@H]2[C@H]1Cc1ccc(O)cc13,7.26
OPRM1,CHEMBL5988312,COCCOc1c(O)ccc2c1[C@@]13CCCC[C@H]1[C@@H](C2)N(C)CC3,7.26
OPRM1,CHEMBL5951543,COc1ccc(NC(=O)Nc2ccc3c(c2)[C@@]24CCCC[C@H]2[C@@H](C3)N(C)CC4)cc1,7.26
OPRM1,CHEMBL6024727,COc1ccccc1Nc1ccc2c(c1)[C@@]13CCCC[C@H]1[C@@H](C2)N(C)CC3,7.26
OPRM1,CHEMBL6025876,COCCOCCOc1ccc(Nc2ccc3c(c2)[C@@]24CCCC[C@H]2[C@@H](C3)N(C)CC4)cc1,7.26
OPRM1,CHEMBL6195977,CN1CC[C@@]23CCCC[C@H]2[C@H]1Cc1ccc(-c2cn[nH]c2)cc13,7.26
OPRM1,CHEMBL6195978,CN1CC[C@@]23CCCC[C@H]2[C@H]1Cc1ccc(Nc2nccs2)cc13,7.26
OPRM1,CHEMBL5949044,COCCOCCOc1cncc(Nc2ccc3c(c2)[C@@]24CCCC[C@H]2[C@@H](C3)N(C)CC4)c1,7.26
OPRM1,CHEMBL6195981,CN1CC[C@@]23CCCC[C@H]2[C@H]1Cc1ccc(-c2ccoc2)cc13,7.26
OPRM1,CHEMBL6195983,CN1CC[C@@]23CCCC[C@H]2[C@H]1Cc1ccc(Nc2cncnc2)cc13,7.26
OPRM1,CHEMBL5739827,COCCOCCOCCOCCOCCOc1cncc(Nc2ccc3c(c2)[C@@]24CCCC[C@H]2[C@@H](C3)N(C)CC4)c1,7.26
OPRM1,CHEMBL6019392,COCCOCCOc1ccc(Nc2ccc3c(c2)[C@@]24CCCC[C@H]2[C@@H](C3)N(C)CC4)cn1,7.26
OPRM1,CHEMBL6195988,CN1CC[C@@]23CCCC[C@@H]2[C@H]1Cc1ccc(-n2ccnc2)cc13,7.26
OPRM1,CHEMBL5823689,COCCOCCOCCOCCOCCOc1ccc(Nc2ccc3c(c2)[C@@]24CCCC[C@H]2[C@@H](C3)N(C)CC4)cn1,7.26
OPRM1,CHEMBL5991103,COCCOCCOCCO[C@H]1CCC[C@H]2[C@H]3Cc4ccc(O)cc4[C@@]12CCN3C,7.26
OPRM1,CHEMBL6195990,CN1CC[C@@]23CCCC[C@H]2[C@H]1Cc1cc2nc[nH]c2cc13,7.26
OPRM1,CHEMBL5926249,Oc1ccc2c(c1)[C@@]13CCCC[C@H]1[C@@H](C2)N(CC1COC1)CC3,7.26
OPRM1,CHEMBL6195997,COCCN1CC[C@@]23CCCC[C@H]2[C@H]1Cc1ccc(Nc2ccncc2)cc13,7.26
OPRM1,CHEMBL6196005,CN1CC[C@@]23CCCC[C@H]2[C@H]1Cc1cc2ccc(N)nc2cc13,7.26
OPRM1,CHEMBL6196007,COCCOCCN1CC[C@@]23CCCC[C@H]2[C@H]1Cc1ccc(Nc2cncc(F)c2)cc13,7.26
OPRM1,CHEMBL6196012,CN1CC[C@@]23CCCC[C@@H]2[C@H]1Cc1cc2sc(N)nc2cc13,7.26
OPRM1,CHEMBL5763873,CN(C)[C@]1(c2ccccc2)CC[C@]2(CC1)CN(c1cccc(C#N)c1)C(=O)N2CC1(O)CCC1,7.26
OPRM1,CHEMBL5755483,COC(=O)c1cc(C)c(N2C[C@]3(CC[C@](c4ccccc4)(N(C)C)CC3)N(CC3CCC3)C2=O)cn1,7.26
OPRM1,CHEMBL5903987,COC(=O)c1cccnc1NC(=O)CN1C[C@]2(CC[C@](c3ccccc3)(N(C)C)CC2)N(CC2CCC2)C1=O,7.26
OPRM1,CHEMBL5743916,CN(C)[C@]1(c2ccccc2)CC[C@]2(CC1)CN(CC(=O)Nc1cc([S+](C)[O-])ccn1)C(=O)N2CC1CCC1,7.26
OPRM1,CHEMBL432403,CCCCCCC/N=C(\N)Cc1ccc2[nH]c3c(c2c1)C[C@@]1(O)C2Cc4ccc(O)c5c4[C@@]1(CCN2CC1CC1)[C@H]3O5,7.25
OPRM1,CHEMBL3707095,C[C@@H]1[C@H]2c3cc(Nc4ccccc4)ccc3C[C@@H](c3ccc(Nc4ccccc4)cc32)N1C,7.25
OPRM1,CHEMBL290463,O=C(NC[C@@H]1Cc2ccccc2CN1/C(S)=N/C[C@H]1CCCN1Cc1cccc(F)c1)Nc1ccccc1,7.25
OPRM1,CHEMBL182995,CC(C)C(CCN1CCC(n2c(O)nc3ccccc32)CC1)Oc1cc(F)ccc1Cl,7.25
OPRM1,CHEMBL236868,Cc1cc(O)cc(C)c1C[C@H](N)C(=O)NCCCCc1[nH]c(=O)cnc1C,7.25
OPRM1,CHEMBL270642,CO[C@]1(c2cccc(O)c2)CCCC[C@@H]1CN(C)C,7.25
OPRM1,CHEMBL259120,COc1ccc(C)c(OC(CCN2CCC(n3c(=O)n(Cc4c(C)noc4C)c4ccccc43)CC2)C(C)C)c1,7.25
OPRM1,CHEMBL570634,N[C@@H](Cc1ccc(O)cc1)C(=O)N1CCC[C@H]1C(=O)N[C@@H](Cc1c[nH]c2ccccc12)C(=O)NCC(=O)NCc1ccccc1,7.25
OPRM1,CHEMBL4114486,COc1ccc2c3c1O[C@H]1[C@@]4(OC)CC[C@@]5(C[C@@H]4CNCC(N)=O)[C@@H](C2)N(CC2CC2)CC[C@]315,7.25
OPRM1,CHEMBL4110642,COCCOCCOCCOCCOCCOCCOCCO[C@H]1CC[C@@]2(O)C3Cc4ccc(O)c5c4[C@@]2(CCN3C)[C@H]1O5,7.25
OPRM1,CHEMBL4094170,O=C1/C(=C/c2ccccc2)C[C@@]2(O)[C@H]3Cc4ccc(O)c5c4[C@@]2(CCN3CCc2ccccc2)[C@H]1O5,7.25
OPRM1,CHEMBL4213336,C=CC[N+]1(C)CC[C@]2(C)c3cc(O)ccc3C[C@@H]1[C@@H]2C,7.25
OPRM1,CHEMBL4439811,CC(C)[C@H]1CC[C@@H](N2CCC(n3cc(/C=N/O)c4ccccc43)CC2)CC1,7.25
OPRM1,CHEMBL4754130,CCN1CC2(CCN(CCc3cccc(F)c3)CC2)O[C@H](C)C1=O,7.25
OPRM1,CHEMBL5086564,CCOC(=O)/C=C1\[C@@H]2CCC[C@@]1(c1cccc(O)c1)CCN2C[C@@H]1C[C@H]1CCNC(=O)c1cc2ccccc2[nH]1,7.25
OPRM1,CHEMBL5187029,COc1ccc(CN(C)CCCNC(=O)c2ccc3ccccc3n2)cc1OC,7.25
OPRM1,CHEMBL5435711,CC(C)[C@H](NC(=O)NC[C@H](Cc1ccc(O)cc1)N(C)C)c1ccccc1,7.25
OPRM1,CHEMBL6011505,COCCOCCOCCOCCOCCOCCOCCO[C@H]1C=CC2C3Cc4ccc(O)c5c4[C@@]2(CCN3C)[C@H]1O5,7.25
OPRM1,CHEMBL6026933,CNC(=O)CN1C[C@]2(CC[C@](c3ccccc3)(N(C)C)CC2)N(CC2(C#N)CCC2)C1=O,7.25
OPRM1,CHEMBL304214,CCNC(=O)c1ccc(C(=C2CC3CCC(C2)N3Cc2ccccc2Cl)c2cccc(OC)c2)cc1,7.24
OPRM1,CHEMBL424971,Cc1ccc(Cl)c(OC2(C(O)CN3CCC(n4c(O)nc5ccccc54)CC3)CCCCC2)c1,7.24
OPRM1,CHEMBL262104,COc1ccc(Cl)c(OC(CCN2CCC(n3c(O)nc4ccccc43)CC2)C(C)C)c1,7.24
OPRM1,CHEMBL238283,CCNC(=O)c1ccc(Oc2ccc(CNCCc3ccccc3)cc2)nc1,7.24
OPRM1,CHEMBL238833,COCn1c(=O)n(C2CCN(CCC(Oc3cc(OC)ccc3C)C(C)C)CC2)c2ccccc21,7.24
OPRM1,CHEMBL517166,C[C@@H]1[C@@H]2Cc3ccc(C(N)=O)cc3[C@@]1(C)CCN2C[C@@H]1CCCO1,7.24
OPRM1,CHEMBL467488,Cc1ccc(C(c2ccccc2Cl)N2C3CCC2CC(O)(c2cccc(F)c2)C3)c(Cl)c1,7.24
OPRM1,CHEMBL466694,CC(O)CNC(=O)C1(c2ccccc2)CC2CCC(C1)N2C(c1ccccc1Cl)c1ccccc1Cl,7.24
OPRM1,CHEMBL461050,COCCN(C(=O)c1sccc1Cl)[C@@H]1c2ccccc2C=C[C@H]1N1CCN(c2ccccc2)CC1,7.24
OPRM1,CHEMBL1766028,CC(=O)Nc1nc2cc3c(cc2s1)C[C@@H]1[C@@H]2CCCC[C@]32CCN1CC1CC1,7.24
OPRM1,CHEMBL3287466,O=C1CC[C@@]23Cc4ccc(O)cc4[C@@]2(CCN(CC2CC2)C3)C1,7.24
OPRM1,CHEMBL3338874,C[C@@]1(c2ccccc2O)O[C@@H]2N3[C@H](CO[C@H]31)O[C@]2(C)c1ccccc1O,7.24
OPRM1,CHEMBL3394752,CC(C)(C)NC[C@@H](O)CN1CN(c2ccccc2)C2(CCN(CCc3ccccc3-c3cccs3)CC2)C1=O,7.24
OPRM1,CHEMBL3397596,CC(C)[C@@H](CN1CC[C@@](C)(c2cccc(O)c2)[C@@H](C)C1)NC(=O)[C@H]1Cc2ccc(OCCCF)cc2CN1,7.24
OPRM1,CHEMBL3664512,CC1(C)c2[nH]nc(Nc3ncnc4ccoc34)c2CN1C(=O)N[C@H]1C[C@@H]1c1ccccc1,7.24
OPRM1,CHEMBL3786338,CN1Cc2ccccc2CC1CN1CCC2(CCc3ccccc32)CC1,7.24
OPRM1,CHEMBL3936891,CN(C)C1(c2ccc(F)cc2)CCC2(CC1)c1sc3ccccc3c1CC[S+]2[O-],7.24
OPRM1,CHEMBL4110144,CN(C)[C@@H]1CN(c2nc3ccccc3n([C@H]3C[C@H]4CCC[C@@H](C3)N4[C@@H]3C[C@@H]4CCCC[C@@H](C4)C3)c2=O)[C@@H]1C(=O)O,7.24
OPRM1,CHEMBL4208784,O=c1[nH]c2cc(Br)ccc2n1C1CCN(Cc2ccccc2Cl)CC1,7.24
OPRM1,CHEMBL4526087,COc1ccccc1N1CC2(CCN(CCc3ccccc3)CC2)OC(C)C1=O,7.24
OPRM1,CHEMBL4461774,O=C1N(c2cccnc2C(F)(F)F)CC2(CCN(CCc3ccccc3F)CC2)OC12CC2,7.24
OPRM1,CHEMBL559569,Cc1cccc2c1CC[C@H](CN1CCC(c3c(Cl)cccc3Cl)CC1)C[C@@H]2O,7.24
OPRM1,CHEMBL5082465,CCOC(=O)/C=C1\[C@@H]2CCC[C@@]1(c1cccc(O)c1)CCN2CCCCNC(=O)c1cc2ccccc2[nH]1,7.24
OPRM1,CHEMBL5273356,CN(C)CC1CN(C(=O)Cc2cc(F)c(F)cc2F)CCC1(O)c1cccc(O)c1,7.24
OPRM1,CHEMBL5596729,C[C@H](O)C[C@H]1NC2Cc3ccc(O)c4c3[C@]35CCN1[C@]23CCC(=O)C5O4,7.24
OPRM1,CHEMBL5631152,COc1ccc2c3c1O[C@H]1[C@@]4(OC)C=C[C@@]5(C[C@@H]4C(=O)c4ccc(NC(=O)c6ccsc6)cc4)[C@@H](C2)N(CC2CC2)CC[C@]315,7.24
OPRM1,CHEMBL6060876,COCCOCCOCCOCCOCCNc1ccc(Nc2ccc3c(c2)[C@]2(C)CCN(CC4CC4)C(C3=O)[C@@H]2C)cc1,7.24
OPRM1,CHEMBL5892337,C[C@@H](Cc1ccsc1)NC(=O)NC[C@]1(N(C)C)CCc2cc(O)ccc2C1,7.24
OPRM1,CHEMBL5979792,COCCN1C[C@]2(CC[C@](c3ccccc3)(N(C)C)CC2)N(CC2CCC2)C1=O,7.24
OPRM1,CHEMBL6034591,Cc1cnccc1NC(=O)CN1C[C@]2(CC[C@](c3ccccc3)(N(C)C)CC2)N(CC2CCC2)C1=O,7.24
OPRM1,CHEMBL6054912,CN(C)[C@]1(c2ccccc2)CC[C@]2(CC1)CN(CC(=O)NCCS(C)(=O)=O)C(=O)N2CC1(O)CCC1,7.24
OPRM1,CHEMBL5916933,COc1ccc(CN2C[C@]3(CC[C@](c4ccccc4)(N(C)C)CC3)N(CCC(C)(C)O)C2=O)cc1,7.24
OPRM1,CHEMBL63563,CCNC(=O)c1ccc(C(=C2CC3CCC(C2)N3c2cccn2C)c2ccccc2)cc1,7.23
OPRM1,CHEMBL116738,CCCCCCCCN1CC[C@]2(C)c3cc(O)ccc3CC1[C@@H]2C,7.23
OPRM1,CHEMBL3707087,c1ccc2c(c1)C[C@H]1c3ccccc3[C@H]2[C@@H]2CCCN12,7.23
OPRM1,CHEMBL201845,C[C@H]1CN(CCc2ccccc2)[C@H](CCNC(=O)c2ccccc2)C[C@@]1(C)c1cccc(O)c1,7.23
OPRM1,CHEMBL243300,Oc1cccc([C@]23CCC[C@H]([C@@H]2O)N(CCc2ccccc2)CC3)c1,7.23
OPRM1,CHEMBL241087,CC1(C)CCC(N2CCC3(CC2)C(=O)NCN3c2ccccc2)c2ccc(F)cc21,7.23
OPRM1,CHEMBL512612,COc1ccc(C2(C(N)=O)CC3CCC(C2)N3C(c2ccccc2Cl)c2ccccc2Cl)cc1,7.23
OPRM1,CHEMBL474283,CC1(C)CCC(N2CCC3(CC2)C(=O)N(CCO)CN3c2ccccc2)c2ccccc21,7.23
OPRM1,CHEMBL3664542,Cc1nc(Nc2[nH]nc3c2CN(C(=O)N[C@@H]2C[C@H]2c2ccccc2)C3(C)C)c2sccc2n1,7.23
OPRM1,CHEMBL5087543,CN(C)C(=O)C(CCNCCC(O)CN1CCN(c2cccc(Cl)c2Cl)CC1)(c1ccccc1)c1ccccc1,7.23
OPRM1,CHEMBL5190421,CCCC(=O)N(Cc1cccc(F)c1)C1CCN(CCc2ccccc2)CC1,7.23
OPRM1,CHEMBL5173931,O=C(c1ccco1)N(Cc1ccc(F)cc1F)C1CCN(CCc2ccccc2)CC1,7.23
OPRM1,CHEMBL5871101,COCCNC(=O)CCN1C[C@]2(CC[C@](c3ccccc3)(N(C)C)CC2)N(CC2(O)CCC2)C1=O,7.23
OPRM1,CHEMBL6012547,CN[C@]1(c2ccccc2)CC[C@]2(CC1)CN(c1ccc(S(C)(=O)=O)cc1)C(=O)N2CC1CCC1,7.23
OPRM1,CHEMBL5948287,CN(C)[C@]1(c2ccccc2)CC[C@]2(CC1)CN(CC(=O)Nc1ccon1)C(=O)N2CC1CCC1,7.23
OPRM1,CHEMBL5997662,CN(C)[C@]1(c2ccccc2)CC[C@]2(CC1)CN(CC(=O)NCC(C)(C)O)C(=O)N2CC1CCC1,7.23
OPRM1,CHEMBL381117,O=C(O)C(O)c1ccccc1.Oc1ccc2c(c1)[C@]13CCCCC1[C@H](C2)N(CC1CCC1)CC3,7.22
OPRM1,CHEMBL239043,COCCn1c(=O)n(C2CCN(CCC(Oc3cc(OC)ccc3C)C(C)C)CC2)c2ccccc21,7.22
OPRM1,CHEMBL466693,COCCNC(=O)C1(c2ccccc2)CC2CCC(C1)N2C(c1ccccc1Cl)c1ccccc1Cl,7.22
OPRM1,CHEMBL515257,C[C@H]1C2Cc3cc4nc(O)[nH]c4cc3[C@@]1(C)CCN2CC1CC1,7.22
OPRM1,CHEMBL2048784,COc1ccc(CNc2ccc3c4c2O[C@H]2[C@@H](O)C=C[C@H]5[C@@H](C3)N(C)CC[C@@]452)cc1,7.22
OPRM1,CHEMBL2386819,CN1CC[C@@]2(Cc3ccccc3)c3cc(O)ccc3O[C@H]2C1,7.22
OPRM1,CHEMBL3217050,CCN(C)[C@H]1C[C@H]2C[C@@](c3cccc(O)c3)(C1)[C@H](C)CN2CCCc1ccccc1.Cl.Cl,7.22
OPRM1,CHEMBL3698790,CC(C)(NC(=O)c1nc2ccccc2n([C@H]2C[C@H]3CC[C@@H](C2)N3C2CCCCCCC2)c1=O)C(=O)O,7.22
OPRM1,CHEMBL4108290,COc1ccc2c3c1O[C@H]1[C@@]4(OC)CC[C@@]5(C[C@@H]4COC(=O)[C@@H](N)C(C)O)[C@@H](C2)N(CC2CC2)CC[C@]315,7.22
OPRM1,CHEMBL4114384,COc1ccc2c3c1O[C@H]1[C@@]4(OC)CC[C@@]5([C@@H](CC#N)[C@@H]4COCc4ccccc4)[C@@H](C2)N(CC2CC2)CC[C@]315,7.22
OPRM1,CHEMBL4451045,Cc1ccc(C[C@H](N)/C(F)=C/CC(=O)NCC(=O)N[C@@H](Cc2ccccc2)C(=O)N[C@@H](CC(C)C)C(=O)O)cc1,7.22
OPRM1,CHEMBL5077104,N#CC(CCNCCCCC(=O)N1CCN(c2cccc(Cl)c2Cl)CC1)(c1ccccc1)c1ccccc1,7.22
OPRM1,CHEMBL5715927,Cl.N=C(N)NC(=O)c1cnn(-c2cccc3ncccc23)c1C1CC1,7.22
OPRM1,CHEMBL6051759,CN(C)[C@]1(c2ccccc2)CC[C@]2(CC1)CN(CC(=O)Nc1cc(S(C)(=O)=O)ccn1)C(=O)N2CC1CCC1,7.22
OPRM1,CHEMBL6060843,COCCNC(=O)CN1C[C@]2(CC[C@](c3ccccc3)(N(C)C)CC2)N(CC2CCC2)C1=O,7.22
OPRM1,CHEMBL306463,CCNC(=O)c1ccc(C(=C2CC3CCC(C2)N3Cc2[nH]cnc2C)c2ccccc2)cc1,7.21
OPRM1,CHEMBL108024,CCCCCCCNC(=O)c1ccc2[nH]c3c(c2c1)C[C@@]1(O)C2Cc4ccc(O)c5c4[C@@]1(CCN2CC1CC1)[C@H]3O5,7.21
OPRM1,CHEMBL26483,O=C(CN1CN(c2ccccc2)C2(CCN(C3CCc4cccc(Cl)c4C3)CC2)C1=O)c1ccccc1,7.21
OPRM1,CHEMBL310842,Cc1cc(O)cc(C)c1C[C@H](N)C(=O)N1Cc2ccccc2C[C@H]1CNC(=O)NC(C)(C)C,7.21
OPRM1,CHEMBL169346,CC[C@@]12CCN(CC3CC3)C(C(=O)c3ccc(N)cc31)[C@@H]2C,7.21
OPRM1,CHEMBL182202,Cc1ccc([N+](=O)[O-])c(OC(CCN2CCC(n3c(O)nc4ccccc43)CC2)C(C)C)c1,7.21
OPRM1,CHEMBL391518,COc1ccc(C)c(OC(CCN2CCC(n3c(=O)n(CCO)c4ccccc43)CC2)C(C)C)c1,7.21
OPRM1,CHEMBL473279,CC(C)CNCCN1CN(c2ccccc2)C2(CCN(C3CCC(C)(C)c4ccccc43)CC2)C1=O,7.21
OPRM1,CHEMBL569728,CCN(CC)C(=O)c1ccc(N(c2cccc(O)c2)C2CCN(CCc3ccc(C)cc3)CC2)cc1,7.21
OPRM1,CHEMBL2159120,Cc1cc(C(N)=O)cc(C)c1C[C@H](N)C(=O)N(Cc1cccc(C(=O)O)c1)[C@@H](C)c1nc(-c2ccccc2)c[nH]1,7.21
OPRM1,CHEMBL3647962,C[C@@H]1C[C@@H]2C[C@H](C1)C[C@@H](N1[C@@H]3CCC[C@H]1C[C@@H](n1c(=O)c(C(=O)O)nc4ccccc41)C3)C2,7.21
OPRM1,CHEMBL3983394,CC1Cc2c([nH]c3ccc(F)cc23)C2(CCC(c3ccccc3)(N(C)C)CC2)O1,7.21
OPRM1,CHEMBL3898034,CCCCN(C)C1(c2ccccc2)CCC(c2ccccc2)(N(C)C)CC1,7.21
OPRM1,CHEMBL5091110,c1ccc([C@]2(CCNCC3CCCCC3)CCOC3(CCOC3)C2)nc1,7.21
OPRM1,CHEMBL316632,C[C@H]1[C@H]2Cc3ccc(O)cc3[C@]1(C)CCN2CCc1ccccc1,7.21
OPRM1,CHEMBL5422499,C[C@@H](OC(=O)NC[C@H](Cc1ccc(O)cc1)N(C)C)c1ccccc1,7.21
OPRM1,CHEMBL5570322,C[C@H]1NC(=O)[C@H](NC(=O)[C@@H](N)Cc2ccc(O)cc2)CCCCNC(=O)C[C@H](C(=O)N2CCC[C@H]2C(N)=O)NC(=O)[C@H](Cc2ccccc2)NC1=O,7.21
OPRM1,CHEMBL5776213,Cc1ncc(N2C[C@]3(CC[C@](c4ccccc4)(N(C)C)CC3)N(CC3(O)CCC3)C2=O)cn1,7.21
OPRM1,CHEMBL5892738,CN(C)[C@]1(c2ccccc2)CC[C@]2(CC1)CN(CC(=O)Nc1ccc(C#N)cn1)C(=O)N2CC1CCC1,7.21
OPRM1,CHEMBL416431,O=C(NC[C@@H]1Cc2ccccc2CN1C(=S)NC[C@H]1CCCN1Cc1ccc2ccccc2c1)Nc1ccccc1,7.2
OPRM1,CHEMBL403191,C[C@H]1CN(CCC(=O)N(CCc2ccccc2)[C@@H](Cc2ccccc2)C(=O)O)CC[C@@]1(C)c1cccc(O)c1,7.2
OPRM1,CHEMBL1946020,CCN(CC)C(=O)c1ccc(C(=C2CCN(Cc3ccc(F)cc3)CC2)c2cccc(NC(C)=O)c2)cc1,7.2
OPRM1,CHEMBL2171846,N[C@@H](Cc1ccc(O)cc1)C(=O)N1C[C@@H]2C[C@H]1C(=O)N[C@H](Cc1ccccc1)C(=O)N[C@H](Cc1ccccc1)C(=O)N2.O=C(O)C(F)(F)F,7.2
OPRM1,CHEMBL3397595,CC(C)[C@@H](CN1CC[C@@](C)(c2cccc(O)c2)[C@@H](C)C1)NC(=O)[C@H]1Cc2ccc(OCCF)cc2CN1,7.2
OPRM1,CHEMBL3972755,CN(C)C1(c2ccccc2)CCC(c2ccccc2)(N(C)Cc2ccn(C)n2)CC1,7.2
OPRM1,CHEMBL4069892,Cc1cc(C)cc(C2CCCN2Cc2ccc(Oc3ccc(C(N)=O)cc3)c(F)c2)c1,7.2
OPRM1,CHEMBL5073904,N#CC(CCNCCC(O)CN1CCN(c2cccc(Cl)c2Cl)CC1)(c1ccccc1)c1ccccc1,7.2
OPRM1,CHEMBL5881199,COc1ccc2c3c1O[C@H]1C(=O)CCC([C@H](N(C)C)C2)[C@@]31C,7.2
OPRM1,CHEMBL5741663,CN(C)[C@]1(c2ccccc2)CC[C@]2(CC1)CN(CC1CCN(c3cncnc3)CC1)C(=O)N2CC1CC1,7.2
OPRM1,CHEMBL5806709,COCCN1C(=O)N(c2ccnc(C#N)n2)C[C@]12CC[C@](c1ccccc1)(N(C)C)CC2,7.2
OPRM1,CHEMBL5914066,CN(C)[C@]1(c2ccccc2)CC[C@]2(CC1)CN(c1cncnc1)C(=O)N2CC1(O)CCC1,7.2
OPRM1,CHEMBL5873151,CN(C)[C@]1(c2ccccc2)CC[C@]2(CC1)CN(CC(=O)Nc1ccncn1)C(=O)N2CC1(C)CCC1,7.2
OPRM1,CHEMBL5930864,CN(C)CCNC(=O)CN1C[C@]2(CC[C@](c3ccccc3)(N(C)C)CC2)N(CC2CCC2)C1=O,7.2
OPRM1,CHEMBL6015905,CN1CCN(c2cc(CN3C[C@]4(CC[C@](c5ccccc5)(N(C)C)CC4)NC3=O)ccn2)CC1,7.2
OPRM1,CHEMBL360326,Cc1ccc(Cl)c(OC(CCN2CCC(n3c(O)nc4ccccc43)CC2)C(C)C)c1,7.19
OPRM1,CHEMBL183355,Cc1ccc(C)c(OC(CCN2CCC(n3c(O)nc4ccccc43)CC2)C(C)C)c1,7.19
OPRM1,CHEMBL519100,CC1(N2CCC(n3c(-c4cccc(C(F)(F)F)c4)nc4ccccc43)CC2)CCCCCCC1,7.19
OPRM1,CHEMBL513136,Cc1ccccc1C(c1ccccc1C)N1C2CCC1CC(O)(c1ccccc1)C2,7.19
OPRM1,CHEMBL474092,CC1(C)CCC(N2CCC3(CC2)C(=O)N(CCNC2CCC2)CN3c2ccccc2)c2ccccc21,7.19
OPRM1,CHEMBL566128,CCN(CCCCCCN(CC)Cc1cc2c(cc1O)[C@@]13CCCC[C@H]1[C@@H](C2)N(CC1CCC1)CC3)Cc1cc2c(cc1O)[C@@]13CCCC[C@H]1[C@@H](C2)N(CC1CCC1)CC3,7.19
OPRM1,CHEMBL5078587,CCC(=O)N(CC1(N2CCN(CC(O)c3ccccc3)CC2)CCOCC1)c1cccc(C(F)(F)F)n1,7.19
OPRM1,CHEMBL5187961,O=C(C1CC1)N(Cc1ccccc1)C1CCN(CCc2ccccc2)CC1,7.19
OPRM1,CHEMBL5631091,COc1ccc2c3c1O[C@H]1[C@@]4(OC)C=C[C@@]5(C[C@@H]4C(=O)c4ccc(NC(=O)C6CC6)cc4)[C@@H](C2)N(CC2CC2)CC[C@]315,7.19
OPRM1,CHEMBL6067835,COc1ccc2c(c1)[C@]13CCN(CC4CC4)[C@H](C2)[C@]12CCC(N(Cc1ccccc1)Cc1ccccc1)(CO2)C3,7.19
OPRM1,CHEMBL5813447,CN(C)[C@]1(c2ccccc2)C[C@@]2(CN(c3ccc(OC(F)(F)F)cn3)C(=O)N2CC2(F)COC2)C1,7.19
OPRM1,CHEMBL5997797,CN(C)[C@]1(c2ccccc2)CC[C@]2(CC1)CN(CC(C)(C)C(=O)NCC(N)=O)C(=O)N2CC1CCC1,7.19
OPRM1,CHEMBL5998622,COCCOCCOCCOCCOCCN1C[C@]2(CC[C@](c3ccccc3)(N(C)C)CC2)N(CC2CCC2)C1=O,7.19
OPRM1,CHEMBL5912241,CN(C)[C@]1(c2ccccc2)CC[C@]2(CC1)CN(c1ccc(C#N)cc1)C(=O)N2CC1(O)CCC1,7.19
OPRM1,CHEMBL5794434,CN(C)[C@]1(c2ccccc2)CC[C@]2(CC1)CN(CC(=O)Nc1nncs1)C(=O)N2CC1CCC1,7.19
OPRM1,CHEMBL6133235,CCC(=O)N(c1ccccc1)C1(COC)CCN(CC(=O)N2CCCCC2)CC1,7.19
OPRM1,CHEMBL151872,c1cc2c(cc1OCCCCCCCCCCOc1ccc3c(c1)[C@@]14CCCC[C@H]1[C@@H](C3)N(CC1CCC1)CC4)[C@@]13CCCC[C@H]1[C@@H](C2)N(CC1CCC1)CC3,7.18
OPRM1,CHEMBL219097,CC(C)[C@H]1CN2C[C@H](C)[C@](C)(c3cccc(O)c3)C[C@@H]2CN1,7.18
OPRM1,CHEMBL427706,CN1CC[C@]23c4c5ccc(O)c4O[C@H]2c2[nH]c4ccc(I)cc4c2C[C@@]3(O)[C@H]1C5,7.18
OPRM1,CHEMBL474096,CCCCNCCN1CN(c2ccccc2)C2(CCN(C3CCC(C)(C)c4ccccc43)CC2)C1=O,7.18
OPRM1,CHEMBL595472,CCN(CC)C(=O)c1ccc(C2(c3cccc(O)c3)CCN(CCc3ccccc3)CC2)cc1,7.18
OPRM1,CHEMBL1818234,O=S(=O)(c1ccccc1-c1ccc(CN2C[C@@H]3CCC[C@H]2C3)cc1)N1CCCC1,7.18
OPRM1,CHEMBL2386820,CN1CC[C@@]2(CCc3ccccc3)c3cc(O)ccc3O[C@H]2C1,7.18
OPRM1,CHEMBL4649042,Oc1ccc2c3c1O[C@H]1c4ncc(-c5ccncn5)cc4C[C@@]4(OCCCc5ccccc5)[C@@H](C2)N(CC2CC2)CC[C@]314,7.18
OPRM1,CHEMBL5090298,CN1C(=O)CNC(=O)[C@H](NC(=O)[C@@H](N)Cc2ccc(O)cc2)CC(=O)NCCCC[C@@H](C(=O)N2CCC[C@H]2C(=O)N[C@@H](CCC(N)=O)C(=O)N[C@@H](CCCNC(=N)N)C(=O)N[C@@H](Cc2ccccc2)C(N)=O)NC(=O)[C@@H]1Cc1ccccc1,7.18
OPRM1,CHEMBL6039334,CN(C)[C@]1(c2ccccc2)CC[C@]2(CC1)CN(CCC(=O)Nc1ccc(S(C)(=O)=O)cn1)C(=O)N2CC1CCC1,7.18
OPRM1,CHEMBL5980218,COCCNC(=O)CN1C[C@]2(CC[C@](c3ccccc3)(N(C)C)CC2)N(CC2(O)CCC2)C1=O,7.18
OPRM1,CHEMBL5878755,C[C@@H](Cc1ccsc1)NC(=O)NC[C@H](Cc1ccc(O)c(CO)c1)N(C)C,7.18
OPRM1,CHEMBL405190,CC[C@H](C)[C@H](NC(=O)[C@H](CCCN=C(N)N)NC(=O)[C@H](CCCN=C(N)N)NC(=O)[C@H](CC(C)C)NC(=O)[C@H](Cc1ccccc1)NC(=O)[C@@H](C)NC(=O)CNC(=O)[C@@H](N)Cc1ccc(O)cc1)C(=O)N[C@@H](CCCN=C(N)N)C(=O)N1CCC[C@@H]1C(=O)N[C@@H](CCCCN)C(N)=O,7.17
OPRM1,CHEMBL361576,Cc1ccc(F)c(OC(CCN2CCC(n3c(O)nc4ccccc43)CC2)C(C)C)c1,7.17
OPRM1,CHEMBL516085,O=C(O[C@@]12CCC(=O)[C@@H]3Oc4c(O)ccc5c4[C@@]31CCN(CC1CC1)[C@@H]2C5)c1cc2ccccc2cn1,7.17
OPRM1,CHEMBL1080507,CNC(=O)Cn1c(=O)n(C2CCN(Cc3cccc4ccccc34)CC2)c2ccccc21,7.17
OPRM1,CHEMBL1814704,Oc1ccc2c(c1)[C@]13CCC[C@H](C1)N(CCc1ccccc1)C[C@H]3O2,7.17
OPRM1,CHEMBL2064156,Cc1ccccc1C1CCN(CCC(=O)N2c3ccccc3C[C@H]2C(=O)N(C)C)CC1,7.17
OPRM1,CHEMBL3086761,Cl.O=C(O[C@@]12CCC(=O)[C@@H]3Oc4c(O)ccc5c4[C@@]31CCN(CC1CC1)[C@@H]2C5)c1cc2ccccc2cn1,7.17
OPRM1,CHEMBL3764157,NC(=O)NCCC[C@@H]1NC(=O)[C@H](NC(=O)[C@@H](N)Cc2ccc(O)cc2)CCCCNC(=O)CNC(=O)[C@H](Cc2ccc(O)cc2)NC1=O,7.17
OPRM1,CHEMBL4112289,COc1ccc2c3c1O[C@H]1[C@@]4(OC)CC[C@@]5(C[C@@H]4COCc4ccc(Cl)c(Cl)c4)[C@@H](C2)[N+](C)(CC2CC2)CC[C@]315,7.17
OPRM1,CHEMBL4210060,O=c1[nH]c2cc(Cl)c(Cl)cc2n1C1CCN(Cc2ccc(Br)cc2F)CC1,7.17
OPRM1,CHEMBL5625000,COc1ccc2c3c1O[C@H]1[C@@]4(OC)C=C[C@@]5(C[C@@H]4C(=O)c4ccc(NC(C)=O)cc4)[C@@H](C2)N(CC2CC2)CC[C@]315,7.17
OPRM1,CHEMBL5916152,CN(C)[C@]1(c2ccccc2)CC[C@]2(CC1)CN(c1ccccc1C#N)C(=O)N2CC1CCC1,7.17
OPRM1,CHEMBL5852531,CN(C)[C@]1(c2ccccc2)CC[C@]2(CC1)CN(CC(=O)Nc1cccc(C#N)n1)C(=O)N2CC1CCC1,7.17
OPRM1,CHEMBL6001487,CN(C)CC1CN(CCc2ccsc2)CCC1(O)c1cccc(C(N)=O)c1,7.17
OPRM1,CHEMBL6160986,CCC(=O)N(c1ccccc1)C1(COC)CCN(CCN2CCCC2)CC1,7.17
OPRM1,CHEMBL140138,C[C@H]1CN(CC2CCCCC2)CC[C@@]1(C)c1cccc(C(N)=O)c1,7.16
OPRM1,CHEMBL241357,COc1ccc(C)c(OC(CCN2CCC(n3c(=O)n(CS(C)(=O)=O)c4ccccc43)CC2)C(C)C)c1,7.16
OPRM1,CHEMBL260286,COC(=O)[C@@H]1C[C@H](OC(=O)c2ccc(OC)cc2)C(=O)[C@H]2[C@@]1(C)CC[C@H]1C(=O)O[C@H](c3ccoc3)C[C@]21C,7.16
OPRM1,CHEMBL514489,CC(C)NCCN1CN(c2ccccc2)C2(CCN(C3CCC(C)(C)c4ccccc43)CC2)C1=O,7.16
OPRM1,CHEMBL473898,CC1(C)CCC(N2CCC3(CC2)C(=O)N(CCN2CCCC2)CN3c2ccccc2)c2ccccc21,7.16
OPRM1,CHEMBL450500,COCCNC1c2ccccc2CCC1c1ccsc1,7.16
OPRM1,CHEMBL1081093,CCCCCCCCCCOc1ccc2c(c1)[C@@]13CCCC[C@H]1[C@@H](C2)N(CC1CCC1)CC3,7.16
OPRM1,CHEMBL1080485,CNC(=O)Cn1c(=O)n(C2CCN([C@H]3CC[C@@H](C(C)C)CC3)CC2)c2ccccc21,7.16
OPRM1,CHEMBL1818328,O=S(=O)(c1ccccc1-c1ccc(CNC2CCOCC2)cc1)N1CCCC1,7.16
OPRM1,CHEMBL3394749,Cc1ccccc1CNC[C@H](O)CN1CN(c2ccccc2)C2(CCN(CCc3ccccc3-c3cccs3)CC2)C1=O,7.16
OPRM1,CHEMBL3785560,Oc1ccc(Cl)c2c1CNC(CN1CCC3(CCc4ccccc43)CC1)C2,7.16
OPRM1,CHEMBL1644980,OC1(c2ccc(Cl)c(C(F)(F)F)c2)CCN(CCCC(c2ccccc2)c2ccccc2)CC1,7.16
OPRM1,CHEMBL4467749,C[C@@H]1OC2(CCN(CCc3ccccc3)CC2)CN(c2ccccc2)C1=O,7.16
OPRM1,CHEMBL4784041,CCC(=O)N(Cc1ccncc1)C1(C(=O)NCCc2cccc(F)c2)CCN(CCc2ccccc2)CC1,7.16
OPRM1,CHEMBL5598475,C[C@@H](O)C[C@H]1NC2Cc3ccc(O)c4c3[C@]35CCN1[C@]23CCC(=O)C5O4,7.16
OPRM1,CHEMBL5876202,CN(C)[C@]1(c2ccccc2)CC[C@]2(CC1)CN(CCC(N)=O)C(=O)N2CC1CCC1,7.16
OPRM1,CHEMBL5889963,COCCOCCOCCOCCN1C[C@]2(CC[C@](c3ccccc3)(N(C)C)CC2)N(CC2CCC2)C1=O,7.16
OPRM1,CHEMBL5914160,COC(=O)c1ccnc(NC(=O)CN2C[C@]3(CC[C@](c4ccccc4)(N(C)C)CC3)N(CC3CCC3)C2=O)c1,7.16
OPRM1,CHEMBL401094,CN1CC[C@]23c4c5ccc(O)c4O[C@H]2c2[nH]c4ccc(Br)cc4c2C[C@@]3(O)[C@H]1C5,7.15
OPRM1,CHEMBL3084559,NC(=O)[C@]1(c2cccnc2)C[C@H]2CC[C@@H](C1)N2C(c1ccccc1Cl)c1ccccc1Cl,7.15
OPRM1,CHEMBL3763905,N[C@@H](Cc1ccc(O)cc1)C(=O)N[C@@H]1CCCCNC(=O)CNC(=O)[C@H](Cc2ccc(O)cc2)NC(=O)[C@H](Cc2ccc(O)cc2)NC1=O,7.15
OPRM1,CHEMBL3943372,CN(C)C1(C(=O)c2cc3ccccc3n2C)CCC(c2ccccc2)(N(C)C)CC1,7.15
OPRM1,CHEMBL4460695,CC(C)[C@H]1CC[C@@H](N2CCC(n3cc(CNC(N)=S)c4ccccc43)CC2)CC1,7.15
OPRM1,CHEMBL4633348,Oc1ccc2c3c1O[C@H]1c4ncc(-c5ccccc5)cc4C[C@@]4(OCCCc5ccc(F)cc5)[C@@H](C2)N(CC2CC2)CC[C@]314,7.15
OPRM1,CHEMBL5093673,CC[C@@H]1CN2CCc3c([nH]c4c(C)ccc(OC)c34)[C@@H]2C[C@@H]1/C(=C\OC)C(=O)OC,7.15
OPRM1,CHEMBL6021153,Cn1ccc(NC(=O)CN2C[C@]3(CC[C@](c4ccccc4)(N(C)C)CC3)N(CC3CCC3)C2=O)n1,7.15
OPRM1,CHEMBL5985156,CN[C@]1(c2ccccc2)CC[C@]2(CC1)CN(CC(N)=O)C(=O)N2CC1(O)CCC1,7.15
OPRM1,CHEMBL5850679,COc1ccc(CN2C[C@]3(CC[C@](c4cccc(O)c4)(N(C)C)CC3)N(CC3CCC3)C2=O)cc1,7.15
OPRM1,CHEMBL302801,CCN(CC)C(=O)c1ccc(/C(=C2\C[C@H]3CC[C@@H](C2)N3CCc2ccccc2)c2ccccc2)cc1,7.14
OPRM1,CHEMBL184381,CC(C)CCC(C)N1CCC(N2c3ccccc3CNS2(=O)=O)CC1,7.14
OPRM1,CHEMBL191014,COC(=O)[C@@H]1C[C@H](OC(=O)c2cccnc2)C(=O)[C@H]2[C@@]1(C)CC[C@H]1C(=O)O[C@H](c3ccoc3)C[C@]21C,7.14
OPRM1,CHEMBL385392,C[C@H]1[C@@H]2CC[C@H](c3ccccc3)CN2CC[C@@]1(C)c1cccc(O)c1,7.14
OPRM1,CHEMBL233536,NCc1ccccc1C1(O)CCN(C(c2ccccc2)c2ccccc2Br)CC1,7.14
OPRM1,CHEMBL398794,NCc1ccccc1C1(O)CCN(C(c2ccccc2)c2ccccc2Cl)CC1,7.14
OPRM1,CHEMBL240005,O=C1NCN(c2ccccc2)C12CCN(C1CCCc3c(F)cccc31)CC2,7.14
OPRM1,CHEMBL512955,C[C@H](NC(=O)[C@H](Cc1c[nH]c2ccccc12)NC(=O)[C@@H]1CCCN1C(=O)[C@@H](N)Cc1ccc(O)cc1)C(N)=O,7.14
OPRM1,CHEMBL3409103,Oc1ccc2c(c1)[C@]1(CCCc3ccccc3)CCN(CCCc3ccccc3)C[C@@H]1O2,7.14
OPRM1,CHEMBL4112722,COCCOCCOCCOCCOCCOCCO[C@H]1CC[C@@]2(O)C3Cc4ccc(O)c5c4[C@@]2(CCN3C)[C@H]1O5,7.14
OPRM1,CHEMBL4536869,CN(C)C1(Cc2ccccc2)CCN(c2cc(C(F)(F)F)ccc2CNC(=O)Nc2ccc(CNS(N)(=O)=O)c(F)c2)CC1,7.14
OPRM1,CHEMBL5070185,COCC(=O)N(CC1(N2CCN(Cc3ccccc3)CC2)CC1)c1ccccc1,7.14
OPRM1,CHEMBL5083271,CCCCN1CCN(C2(CN(C(=O)CC)c3cccc(C(F)(F)F)n3)CCOCC2)CC1,7.14
OPRM1,CHEMBL5086601,CN1C(=O)CNC(=O)[C@@H](NC(=O)[C@@H](N)Cc2ccc(O)cc2)CCCCNC(=O)C[C@@H](C(=O)N2CCC[C@H]2C(=O)N[C@@H](CCC(N)=O)C(=O)N[C@@H](CCCNC(=N)N)C(=O)N[C@@H](Cc2ccccc2)C(N)=O)NC(=O)[C@@H]1Cc1ccccc1,7.14
OPRM1,CHEMBL6045906,COCCOCCOCCOCCOCCOCCO[C@H]1C=CC2C3Cc4ccc(O)c5c4[C@@]2(CCN3C)[C@H]1O5,7.14
OPRM1,CHEMBL5855522,CN(C)[C@]1(c2ccccc2)CC[C@]2(CC1)CN(CC(=O)Nc1cccc(C(N)=O)n1)C(=O)N2CC1CCC1,7.14
OPRM1,CHEMBL5904992,CN(C)[C@]1(c2ccccc2)CC[C@]2(CC1)CN(CC(=O)Nc1ccnc(C#N)n1)C(=O)N2CC1CCC1,7.14
OPRM1,CHEMBL5960063,CN(C)[C@]1(c2ccccc2)CC[C@]2(CC1)CN(CC(=O)NCC(N)=O)C(=O)N2CC1(C)CCC1,7.14
OPRM1,CHEMBL5892025,CN(C)[C@H](CNC(=O)CCCc1ccccc1)Cc1ccc(O)cc1,7.14
OPRM1,CHEMBL307525,CCNC(=O)c1ccc(/C(=C2/C[C@H]3CC[C@@H](C2)N3)c2ccccc2)cc1,7.13
OPRM1,CHEMBL363718,CN(C(=O)Cc1ccc2c(c1)CN(S(C)(=O)=O)C2)[C@H](CN1CCCC1)c1ccccc1,7.13
OPRM1,CHEMBL218136,C[C@H]1CN2CCN(Cc3ccc4ccccc4c3)C[C@H]2C[C@@]1(C)c1cccc(O)c1,7.13
OPRM1,CHEMBL232273,Cc1ccccc1C1(O)CCN(C(c2ccccc2)c2ccccc2)CC1,7.13
OPRM1,CHEMBL409969,C[C@H](NC(=O)[C@H](CO)NC(=O)[C@H](CCCCN)NC(=O)[C@H](CCCNC(=N)N)NC(=O)C(C)(C)NC(=O)CNC(=O)[C@@H](NC(=O)[C@H](Cc1ccc(F)cc1)NC(=O)CNC(=O)CNC(=O)[C@@H](N)Cc1ccccc1)[C@@H](C)O)C(=O)N[C@@H](CCCNC(=N)N)C(=O)N[C@@H](CCCCN)C(=O)N[C@@H](CCCNC(=N)N)C(=O)N[C@@H](CCCCN)C(=O)N[C@@H](CC(N)=O)C(=O)N[C@@H](CCC(N)=O)C(N)=O,7.13
OPRM1,CHEMBL392893,CC(c1ccccc1)N1CCC2(CC1)C(=O)NCN2c1ccccc1,7.13
OPRM1,CHEMBL3084544,NC(=O)[C@]1(c2cc(F)c(F)cn2)C[C@H]2CC[C@@H](C1)N2C(c1ccccc1Cl)c1ccccc1Cl,7.13
OPRM1,CHEMBL567170,Oc1cc2c(cc1C(O)CCCCC(O)c1cc3c(cc1O)[C@@]14CCCC[C@H]1[C@@H](C3)N(CC1CCC1)CC4)C[C@@H]1[C@@H]3CCCC[C@]23CCN1CC1CCC1,7.13
OPRM1,CHEMBL1951701,Oc1cccc([C@@]23CCC[C@@H](C2)N(CCc2ccccc2)C[C@@H]3O)c1,7.13
OPRM1,CHEMBL3787051,CC(=O)N1Cc2ccccc2CC1CN1CCC2(CCc3ccccc32)CC1,7.13
OPRM1,CHEMBL4243112,COc1ccc2c3c1O[C@H]1[C@@]4(OC)CC[C@@]5(C[C@]4(C)OC(=O)c4ccccc4)[C@@H](C2)N(CC2CC2)CC[C@]315,7.13
OPRM1,CHEMBL4787348,CCC(=O)N(CCN1CCC(CCCc2ccccc2)CC1)c1ccc(OC)cc1,7.13
OPRM1,CHEMBL5926158,COc1ccc2c3c1O[C@H]1C4(OC)CC[C@@]5(C[C@]4(C)COCc4cc6ccccc6s4)[C@@H](C2)N(C)CC[C@]315,7.13
OPRM1,CHEMBL5770756,CN(C)[C@]1(c2ccccc2)CC[C@]2(CC1)CN(CCC(=O)NC1COC1)C(=O)N2CC1(O)CCC1,7.13
OPRM1,CHEMBL5766602,CN(C)[C@]1(c2ccccc2)CC[C@]2(CC1)CN(CCC1(O)CCS(=O)(=O)CC1)C(=O)N2CC1(O)CCC1,7.13
OPRM1,CHEMBL6009462,COc1ccnc(NC(=O)CN2C[C@]3(CC[C@](c4ccccc4)(N(C)C)CC3)N(CC3CCC3)C2=O)c1,7.13
OPRM1,CHEMBL5848887,CN(C)[C@]1(c2ccccc2)CC[C@]2(CC1)CN(CC(=O)Nc1cc(C#N)ccn1)C(=O)N2CC1CCC1,7.13
OPRM1,CHEMBL5833339,CN(C)[C@]1(c2ccccc2)CC[C@]2(CC1)CN(CC(=O)Nc1ncc(O)cn1)C(=O)N2CC1CCC1,7.13
OPRM1,CHEMBL5758217,CN(C)[C@]1(c2ccccc2)CC[C@]2(CC1)CN(CC(=O)NCC(=O)N1CCOCC1)C(=O)N2CC1CCC1,7.13
OPRM1,CHEMBL5896588,CNC(=O)CN1C[C@]2(CC[C@@](c3ccccc3)(N(C)C)CC2)N(CC2CC2)C1=O,7.13
OPRM1,CHEMBL292332,CCNC(=O)c1ccc(C(=C2CC3CCC(C2)N3CCO)c2ccccc2)cc1,7.12
OPRM1,CHEMBL266609,CC(=O)N[C@@H](CCCN=C(N)N)C(=O)N[C@@H](CC1CCCCC1)C(=O)N[C@H]1CC[C@H]2SC[C@@H](C(=O)N[C@H](CCCN=C(N)N)C(=O)NC(Cc3ccc(Cl)cc3)C(N)=O)N2C1=O,7.12
OPRM1,CHEMBL2113383,CCN[C@@]12Cc3c([nH]c4ccccc34)[C@@H]3Oc4c(O)ccc5c4[C@@]31CCN(C)C2C5,7.12
OPRM1,CHEMBL371970,CC[C@@H]1C[C@@](C)(c2cccc(O)c2)[C@@H](C)CN1CCc1ccccc1,7.12
OPRM1,CHEMBL236253,Cc1cc(O)cc(C)c1C[C@H](N)C(=O)NCCc1nc(C)c(C)[nH]c1=O,7.12
OPRM1,CHEMBL241155,COc1ccc(C)c(OC(CCN2CCC(n3c(=O)n(CC(=O)NCCO)c4ccccc43)CC2)C(C)C)c1,7.12
OPRM1,CHEMBL259964,COc1ccc(C)c(OC(CCN2CCC(n3c(=O)n(Cc4cnccn4)c4ccccc43)CC2)C(C)C)c1,7.12
OPRM1,CHEMBL574640,CCN(CC)C(=O)c1ccc(N(c2cccc(NC(=O)OC)c2)C2CCN(Cc3ccccc3)CC2)cc1,7.12
OPRM1,CHEMBL569313,Oc1cc2c(cc1CNCCCCCCNCc1cc3c(cc1O)[C@@]14CCCC[C@H]1[C@@H](C3)N(CC1CCC1)CC4)C[C@@H]1[C@@H]3CCCC[C@]23CCN1CC1CCC1,7.12
OPRM1,CHEMBL1672187,Cl.Oc1cccc([C@]23CCC[C@H](C2)N(C[C@H]2C[C@H]2c2ccccc2)CC3)c1,7.12
OPRM1,CHEMBL1766045,CN(C)c1nc2cc3c(cc2s1)C[C@@H]1[C@@H]2CCCC[C@]32CCN1CCCF,7.12
OPRM1,CHEMBL3287469,Oc1ccc2c(c1)[C@]13CCN(Cc4ccccc4)C[C@@]1(C2)Cc1cc2ccccc2nc1C3,7.12
OPRM1,CHEMBL4211973,CC(c1ccc(F)cc1)N1CCC(n2c(=O)[nH]c3ccccc32)CC1,7.12
OPRM1,CHEMBL4476530,CN(C)C1(Cc2ccccc2)CCN(c2cc(C(F)(F)F)ccc2CNC(=O)NCc2ccc(NS(C)(=O)=O)c(F)c2)CC1,7.12
OPRM1,CHEMBL6054451,NC(=O)[C@@H]1C[C@]23CCN(CC4CC4)[C@H](Cc4ccc(O)cc42)[C@]3(O)C1,7.12
OPRM1,CHEMBL5826236,CN[C@]1(c2ccccc2)CC[C@]2(CC1)CN(c1cnc(C(F)(F)F)nc1)C(=O)N2CC1CCC1,7.12
OPRM1,CHEMBL5825161,CN(C)[C@]1(c2ccccc2)CC[C@]2(CC1)CN(CC(=O)NC[C@H]1C[C@@H](O)C1)C(=O)N2CC1CCC1,7.12
OPRM1,CHEMBL5904551,COc1cc(NC(=O)CN2C[C@]3(CC[C@](c4ccccc4)(N(C)C)CC3)N(CC3CCC3)C2=O)ccn1,7.12
OPRM1,CHEMBL6003780,COCCCN1C(=O)N(CC(=O)NCCC#N)C[C@]12CC[C@](c1ccccc1)(N(C)C)CC2,7.12
OPRM1,CHEMBL27093,O=C1NCN(c2ccccc2)C12CCN(C1CCc3cc(Cl)ccc3C1)CC2,7.11
OPRM1,CHEMBL384336,C[C@H]1CN2CCN(C(=O)CCc3ccccc3)C[C@H]2C[C@@]1(C)c1cccc(O)c1,7.11
OPRM1,CHEMBL259048,COc1ccc(C)c(OC(CCN2CCC(n3c(=O)n(Cc4ncon4)c4ccccc43)CC2)C(C)C)c1,7.11
OPRM1,CHEMBL1087658,CNC(=O)Cn1c(=O)n(C2CCN(C3CCC(C(C)(C)C)CC3)CC2)c2ccccc21,7.11
OPRM1,CHEMBL3966308,COCCOCCOCCOCCOCCOCCOCCO[C@H]1CC[C@@]2(O)[C@H]3Cc4ccc(O)c5c4[C@@]2(CCN3CC2CCC2)C1O5,7.11
OPRM1,CHEMBL4777042,CCC(=O)N(CCCCN1CCC(Cc2ccccc2)CC1)c1ccc(OC)cc1,7.11
OPRM1,CHEMBL4790304,CCC(=O)N(CCN1CCC(Cc2ccc(C)cc2)CC1)c1ccc(OC)cc1,7.11
OPRM1,CHEMBL6051015,COCCOCCOCCOCCOCCOCCOCCO[C@H]1CC[C@@]2(O)[C@H]3Cc4ccc(O)c5c4[C@@]2(CCN3CC2CCC2)[C@H]1O5,7.11
OPRM1,CHEMBL5991496,CN(C)[C@]1(c2cccc(F)c2)C[C@@]2(CN(c3ccc(C(C)(C)O)cc3)C(=O)N2CC2CC2)C1,7.11
OPRM1,CHEMBL5983390,Cc1cc(C#N)ncc1N1C[C@]2(CC[C@](c3ccccc3)(N(C)C)CC2)N(CC2CCC2)C1=O,7.11
OPRM1,CHEMBL5916747,COCCOCCOCCOCCNC(=O)c1ncc(N2C[C@]3(CC[C@](c4ccccc4)(N(C)C)CC3)N(CC3(O)CCC3)C2=O)cn1,7.11
OPRM1,CHEMBL5755206,CN(C)[C@]1(c2ccccc2)CC[C@]2(CC1)CN(CC(=O)N1CC[C@H](O)[C@@H](O)C1)C(=O)N2CC1CCC1,7.11
OPRM1,CHEMBL318723,C[C@H]1CN(C)CC[C@@]1(C)c1cccc(O)c1,7.1
OPRM1,CHEMBL373709,C[C@H]1CN2CCN(Cc3ccnc4ccccc34)C[C@H]2C[C@@]1(C)c1cccc(O)c1,7.1
OPRM1,CHEMBL566527,CC[C@@]12CCN(C[C@H](O)c3ccccc3)C[C@@H]1Oc1ccc(O)cc12,7.1
OPRM1,CHEMBL1642737,CC(C)CCNCc1ccc(N2CCCc3cc(C(N)=O)ccc32)cc1,7.1
OPRM1,CHEMBL2387193,O=C1Cc2ccccc2N1C1CCN(C2CC[C@H]3CCCc4cccc2c43)CC1,7.1
OPRM1,CHEMBL2443285,Fc1ccc(C2(CCNCc3ccccc3)CCOC3(CCCC3)C2)cc1,7.1
OPRM1,CHEMBL3394748,O=C1N(C[C@H](O)CNCc2cccs2)CN(c2ccccc2)C12CCN(CCc1ccccc1-c1cccs1)CC2,7.1
OPRM1,CHEMBL3394751,COc1ccc(CCNC[C@@H](O)CN2CN(c3ccccc3)C3(CCN(CCc4ccccc4-c4cccs4)CC3)C2=O)cc1OC,7.1
OPRM1,CHEMBL3409112,Oc1ccc2c(c1)[C@]1(CCCCc3ccccc3)CCN(CCCc3ccccc3)C[C@@H]1O2,7.1
OPRM1,CHEMBL3953339,COCCOCCOCCOCCOCCOCCOCCOCCO[C@H]1CC[C@@]2(O)[C@H]3Cc4ccc(O)c5c4[C@@]2(CCN3CC2CCC2)C1O5,7.1
OPRM1,CHEMBL4164328,CN(C)CCNC(=O)[C@H]1c2ccccc2C[C@@H]1NC(=O)c1cc2ccccc2[nH]1,7.1
OPRM1,CHEMBL4440935,Cc1ccc2nc(N3CCC(NC4CCOCC4)CC3)c(-c3nc(C)no3)cc2c1,7.1
OPRM1,CHEMBL4527189,O=C1Cc2ccccc2N1C1CCN([C@@H]2CC[C@H]3CCCc4cccc2c43)CC1,7.1
OPRM1,CHEMBL4639379,Cc1ccc2[nH]c(C(=O)N[C@H]3Cc4ccccc4[C@@H]3C(=O)NCCN(C)C)cc2c1,7.1
OPRM1,CHEMBL5753846,COCCOCCOCCOCCOCCOCCOCCOCCO[C@H]1CC[C@@]2(O)[C@H]3Cc4ccc(O)c5c4[C@@]2(CCN3CC2CCC2)[C@H]1O5,7.1
OPRM1,CHEMBL5781693,CN(C)[C@]1(c2ccccc2)CC[C@]2(CC1)CN(c1cnc(C#N)nc1)C(=O)N2CC1(C#N)CCC1,7.1
OPRM1,CHEMBL6063346,COc1ccc(CN2C[C@]3(CC[C@](c4cccc(F)c4)(N(C)C)CC3)NC2=O)cc1,7.1
OPRM1,CHEMBL3707103,C[C@@H]1[C@H]2c3cc(Nc4ccccc4)ccc3C[C@@H](c3ccc(Nc4ccccc4)cc32)N1CC1CC1,7.09
OPRM1,CHEMBL219108,NC(=O)[C@@H](Cc1cccc2ccccc12)NC(=O)[C@H](Cc1c[nH]c2ccccc12)NC(=O)[C@@H]1CCCN1C(=O)[C@@H](N)Cc1ccc(O)cc1,7.09
OPRM1,CHEMBL482496,[3H]C([3H])([3H])Oc1cc(I)c(OC)cc1CCNCc1ccccc1OC([3H])([3H])[3H],7.09
OPRM1,CHEMBL473280,CC(C)N(CCN1CN(c2ccccc2)C2(CCN(C3CCC(C)(C)c4ccccc43)CC2)C1=O)C(C)C,7.09
OPRM1,CHEMBL2064157,CN(C)C(=O)[C@@H]1Cc2ccccc2N1C(=O)CCN1CCC(c2ccccc2)CC1,7.09
OPRM1,CHEMBL2064160,Cc1cccc(C)c1C1CCN(CCC(=O)N2c3ccccc3C[C@H]2C(=O)N(C)C)CC1,7.09
OPRM1,CHEMBL3951213,CN(C)C1(Cc2ccccc2)CCC(c2ccccc2)(N(C)C)CC1,7.09
OPRM1,CHEMBL4241369,COc1ccc2c3c1O[C@H]1[C@@]4(OC)CC[C@@]5(C[C@]4(C)C(=O)c4ccc(C(F)(F)F)cc4)[C@@H](C2)N(CC2CC2)CC[C@]315,7.09
OPRM1,CHEMBL4777040,CCC(=O)N(CCN1CCC(CCc2ccccc2)CC1)c1ccc(OC)cc1,7.09
OPRM1,CHEMBL4788466,CCC(=O)N(CCN1CCC(Cc2ccc(C)cc2)CC1)c1ccc(C)cc1,7.09
OPRM1,CHEMBL5089365,CCC(=O)N(CC1(C2CCN(Cc3ccccc3)CC2)CCOCC1)c1cccc(C(F)(F)F)n1,7.09
OPRM1,CHEMBL5417643,COc1ccc([C@@H]2C[C@H]2NCCC(C(=O)N(C)C)(c2ccccc2)c2ccccc2)cc1,7.09
OPRM1,CHEMBL5740801,CN(C)[C@]1(c2ccccc2)CC[C@]2(CC1)CN(CCCC(N)=O)C(=O)N2CC1CCC1,7.09
OPRM1,CHEMBL5892300,CN(C)[C@]1(c2ccccc2)CC[C@]2(CC1)CN(CC(=O)Nc1nccs1)C(=O)N2CC1CCC1,7.09
OPRM1,CHEMBL5856474,CN(C)[C@]1(c2ccccc2)CC[C@]2(CC1)CN(CC(N)=O)C(=O)N2CC1(O)CCC1,7.09
OPRM1,CHEMBL5950310,CN(C)[C@]1(c2ccccc2)CC[C@@]2(CC1)CN(CC(=O)NCCO)C(=O)N2CC1CCC1,7.09
OPRM1,CHEMBL5942121,CC(Cc1ccccc1)NC(=O)NC[C@H](Cc1ccc(O)cc1)N(C)C,7.09
OPRM1,CHEMBL5840977,CNC(CNC(=O)N[C@@H](C)Cc1ccsc1)Cc1ccc(O)cc1,7.09
OPRM1,CHEMBL66800,CCNC(=O)c1ccc(C(=C2CC3CCC(C2)N3CCc2c[nH]c3ccccc23)c2ccccc2)cc1,7.08
OPRM1,CHEMBL115280,O=C1NCN(c2ccccc2)C12CCN(Cc1cccc(Oc3ccccc3)c1)CC2,7.08
OPRM1,CHEMBL80464,Cc1cc(O)cc(C)c1C[C@H](N)C(=O)N1Cc2ccccc2C[C@H]1CN(C)C,7.08
OPRM1,CHEMBL407563,CNC[C@@H]1CCCC[C@@]1(OC)c1cccc(O)c1,7.08
OPRM1,CHEMBL262062,COc1ccc(C)c(OC(CCN2CCC(n3c(=O)n(Cc4ncco4)c4ccccc43)CC2)C(C)C)c1,7.08
OPRM1,CHEMBL2179660,CN1CC[C@]23c4c5ccc(O)c4O[C@H]2c2ncc(-c4ccc(Cl)cc4)cc2C[C@@]3(OC(=O)c2ccccc2)[C@H]1C5,7.08
OPRM1,CHEMBL2386891,CCC[C@@]12CCN(C)C[C@@H]1Oc1ccc(O)cc12,7.08
OPRM1,CHEMBL3659474,CCC(=O)N(c1ccccc1)C1CCN(CCC(C#N)(c2ccccc2)c2ccccc2)CC1,7.08
OPRM1,CHEMBL4107681,COc1ccc2c3c1O[C@H]1[C@@]4(OC)CC[C@@]5(C[C@@H]4COCc4cccc(NCC(=O)O)c4)[C@@H](C2)N(CC2CC2)CC[C@]315,7.08
OPRM1,CHEMBL4109954,CO[C@]12CC[C@@]3(C[C@@H]1COCc1ccccc1)[C@H]1Cc4ccc(C#N)c5c4[C@@]3(CCN1CC1CC1)[C@H]2O5,7.08
OPRM1,CHEMBL4107295,N[C@@H]1CN(c2nc3ccccc3n([C@H]3C[C@H]4CCC[C@@H](C3)N4[C@@H]3C[C@@H]4CCCC[C@@H](C4)C3)c2=O)[C@@H]1C(=O)O,7.08
OPRM1,CHEMBL4442357,C[C@H]1[C@H]2Cc3ccc(O)cc3[C@]1(C)CCN2CCC(=O)NC(c1ccccc1)c1ccccc1,7.08
OPRM1,CHEMBL4640141,Oc1ccc2c3c1O[C@H]1c4ncc(-c5cccnc5)cc4C[C@@]4(OCCCc5ccccc5)[C@@H](C2)N(CC2CC2)CC[C@]314,7.08
OPRM1,CHEMBL4758061,CCC(=O)N(c1ccccc1)C1(C(=O)NCc2ccccc2)CCN(CCc2ccccc2)CC1,7.08
OPRM1,CHEMBL5084960,CC[C@@H]1CN2CCc3c([nH]c4cccc(-c5ccccc5)c34)[C@@H]2C[C@@H]1/C(=C\OC)C(=O)OC,7.08
OPRM1,CHEMBL5075424,CC[C@@H]1CN2CCc3c([nH]c4cccc(C)c34)[C@@H]2C[C@@H]1/C(=C\OC)C(=O)OC,7.08
OPRM1,CHEMBL5085771,CCC(=O)N(CC1(N2CCN(C(C)c3ccccc3)CC2)CCOCC1)c1cccc(C(F)(F)F)n1,7.08
OPRM1,CHEMBL5425299,CCC(=O)N(CC(CC)N1CCC(c2ccccc2)CC1)c1cc(C)ccn1,7.08
OPRM1,CHEMBL5849433,CN(C)[C@]1(c2ccccc2)C[C@@]2(CN(c3cnc(-c4ccncc4)nc3)C(=O)N2CC2CC2)C1,7.08
OPRM1,CHEMBL6040559,CN(C)[C@]1(c2ccccc2)CC[C@]2(CC1)CN(CC(C)(C)C#N)C(=O)N2CC1CCC1,7.08
OPRM1,CHEMBL5752972,C[C@@H](CO)NC(=O)CN1C[C@]2(CC[C@](c3ccccc3)(N(C)C)CC2)N(CC2CCC2)C1=O,7.08
OPRM1,CHEMBL5790482,Cc1cc(NC(=O)CN2C[C@]3(CC[C@](c4ccccc4)(N(C)C)CC3)N(CC3CCC3)C2=O)ccn1,7.08
OPRM1,CHEMBL3144465,N=C(N)NCCCCC(=O)N[C@H](CC1CCCCC1)C(=O)N[C@H]1CC[C@H]2CCC[C@@H](C(=O)N[C@H](CCCNC(N)=O)C(=O)N[C@H](Cc3ccc(Cl)cc3)C(N)=O)N2C1=O,7.07
OPRM1,CHEMBL41245,CC(C)(C)NC(=O)NC[C@@H]1Cc2ccccc2CN1C(=S)NC[C@H]1CCCN1,7.07
OPRM1,CHEMBL364398,CC(C)C1CCC(N2CCC(N3c4ccccc4CN(CCO)S3(=O)=O)CC2)CC1,7.07
OPRM1,CHEMBL186154,CCCN(C)C1CCc2ccc(O)cc2C1(C)C,7.07
OPRM1,CHEMBL387016,COc1ccc2c3c1O[C@H]1C(=O)CC[C@@]4(O)[C@@H](C2)N(CC2CC2)CC[C@]314,7.07
OPRM1,CHEMBL3084526,NC(=O)[C@@]1(Cc2ccc(F)cc2)C[C@H]2CC[C@@H](C1)N2C(c1ccccc1Cl)c1ccccc1Cl,7.07
OPRM1,CHEMBL1766038,CCN(C(C)=O)c1nc2cc3c(cc2s1)C[C@@H]1[C@@H]2CCCC[C@]32CCN1CC1CC1,7.07
OPRM1,CHEMBL148291,Cc1cc(O)cc(C)c1C[C@H](N)C(=O)N1Cc2ccccc2C[C@H]1C(=O)NC12C[C@H]3C[C@@H](C1)C[C@@H](C2)C3,7.07
OPRM1,CHEMBL4112615,CC12C[C@H]3C[C@@H](N4[C@@H]5CCC[C@H]4C[C@@H](n4c(=O)c(N6CCC[C@H]6C(=O)O)nc6ccccc64)C5)C[C@@H]1C[C@@H]2C3,7.07
OPRM1,CHEMBL4783765,O=C(c1ccccc1)N(c1ccccc1)C1(C(=O)NCCc2cccc(F)c2)CCN(CCc2ccccc2)CC1,7.07
OPRM1,CHEMBL5094492,CC[C@@H]1CN2CCc3c([nH]c4ccc(-c5ccoc5)c(OC)c34)[C@@H]2C[C@@H]1/C(=C\OC)C(=O)OC,7.07
OPRM1,CHEMBL5080761,CCCOCCN1CCN(C2(CN(C(=O)CC)c3cccc(C(F)(F)F)n3)CCOCC2)CC1,7.07
OPRM1,CHEMBL5203813,CC(C)C[C@H](NC(=O)[C@H](Cc1ccccc1)NC(=O)CNC(=O)C/C=C(\F)[C@@H](N)Cc1ccc(O)cc1)C(=O)N(C)C,7.07
OPRM1,CHEMBL5433458,Clc1ccc([C@@H]2C[C@H]2NCCC2(c3ccccn3)CCOC3(CCCC3)C2)cc1,7.07
OPRM1,CHEMBL5532241,CCc1cccc(C)c1N(C(=O)C1CC1)C1CCN(CCc2ccccc2)CC1,7.07
OPRM1,CHEMBL5568271,C[C@@H]1CN(c2cccc(O)c2)C[C@H](C)N1CCCc1ccccc1,7.07
OPRM1,CHEMBL5969969,CN(C)[C@]1(c2ccccc2)CC[C@]2(CC1)CN(CC(=O)NC1(C#N)CC1)C(=O)N2CC1CCC1,7.07
OPRM1,CHEMBL5788155,CNC(=O)CN1C[C@]2(CC[C@](c3ccccc3)(N(C)C)CC2)N(CC2(O)CCC2)C1=O,7.07
OPRM1,CHEMBL5920360,COCCCN1C(=O)N(CC(=O)NCC(N)=O)C[C@]12CC[C@](c1ccccc1)(N(C)C)CC2,7.07
OPRM1,CHEMBL6024838,CN(C)[C@]1(c2ccc(F)cc2)CC[C@]2(CC1)CN(CC(=O)NCCO)C(=O)N2CC1CCC1,7.07
OPRM1,CHEMBL6026086,COc1ccc(CN2C[C@]3(CC[C@](c4ccccc4)(N(C)C)CC3)N(Cc3ccccc3)C2=O)cc1,7.07
OPRM1,CHEMBL5842914,COc1ccc(CN2C[C@]3(CC[C@](c4ccccc4)(N(C)C)CC3)N(C[C@H](C)O)C2=O)cc1,7.07
OPRM1,CHEMBL5907496,C[C@H](NC(=O)NC[C@H](Cc1ccc(O)cc1)N(C)C)c1cccc2ccccc12,7.07
OPRM1,CHEMBL315551,CN1C[C@@H]2CN(c3ccccc3)C3(CCN(C4CCCCCCCCC4)CC3)[C@@H]2C1,7.06
OPRM1,CHEMBL182144,Cc1ccc(Cl)c(OC(C(C)C)C(O)CN2CCC(n3c(O)nc4ccccc43)CC2)c1,7.06
OPRM1,CHEMBL495462,C[C@H]1C2Cc3cc(N)c(C(N)=O)cc3[C@@]1(C)CCN2CC1CC1,7.06
OPRM1,CHEMBL468182,C[C@H]1C2Cc3cc4ncnc(NCc5ccccc5)c4cc3[C@@]1(C)CCN2CC1CC1,7.06
OPRM1,CHEMBL567604,CCN(CC)C(=O)c1ccc(N(c2cccc(O)c2)C2CCN(Cc3ccccc3)CC2)cc1,7.06
OPRM1,CHEMBL569755,CCN(CC)C(=O)c1ccc(N(c2cccc(O)c2)C2CCN(CCc3ccccc3)CC2)cc1,7.06
OPRM1,CHEMBL571324,CCN(CC)C(=O)c1ccc(N(c2cccc(O)c2)C2CCN(C)CC2)cc1,7.06
OPRM1,CHEMBL4109389,COCCOCCOCCOc1ccc(COC[C@H]2C[C@@]34CC[C@]2(OC)[C@@H]2Oc5c(OC)ccc6c5[C@@]23CCN(CC2CC2)[C@@H]4C6)cc1,7.06
OPRM1,CHEMBL5887356,CN(C)[C@H](CNC(=O)NCc1cccc([N+](=O)[O-])c1)Cc1ccccc1,7.06
OPRM1,CHEMBL5801277,CN[C@]1(c2ccccc2)CC[C@]2(CC1)CN(CCS(C)(=O)=O)C(=O)N2CC1CCC1,7.06
OPRM1,CHEMBL5930710,COc1ccc(CN2C[C@]3(CC[C@](c4ccccc4)(N(C)C)CC3)N(CCC3CCCCC3)C2=O)cc1,7.06
OPRM1,CHEMBL3144469,CC(=O)N[C@@H](CCCN=C(N)N)C(=O)N[C@H](CC1CCCCC1)C(=O)N[C@H]1CC[C@H]2CCC[C@@H](C(=O)N[C@H](CCCN=C(N)N)C(=O)N[C@H](Cc3ccc(Cl)cc3)C(N)=O)N2C1=O,7.05
OPRM1,CHEMBL184127,CC(C)C1CCC(N2CCC(N3c4ccccc4CNS3(=O)=O)CC2)CC1,7.05
OPRM1,CHEMBL221421,CN1CC[C@]23c4c5ccc(O)c4O[C@H]2c2c(c4c(n2Cc2ccccc2)CCCC4)C[C@@]3(O)C1C5,7.05
OPRM1,CHEMBL472669,O=C1N(CCNCC2CC2)CN(c2ccccc2)C12CCN(Cc1c(Cl)cccc1Cl)CC2,7.05
OPRM1,CHEMBL1818330,COC1CCN(Cc2ccc(-c3ccccc3S(=O)(=O)N3CCCC3)cc2)CC1,7.05
OPRM1,CHEMBL4538620,CC1OC2(CCN(CCc3ccccc3)CC2)CN(c2cccc(C(F)(F)F)n2)C1=O,7.05
OPRM1,CHEMBL4473746,CC1OC2(CCN(CCc3ccccn3)CC2)CN(c2ccccc2)C1=O,7.05
OPRM1,CHEMBL4638691,C=C(C(N)=O)[C@@H](NC(=O)[C@H](Cc1c[nH]c2ccccc12)NC(=O)[C@@H](CCCN)NC(=O)[C@@H](N)Cc1ccc(O)cc1)c1ccco1,7.05
OPRM1,CHEMBL4649607,Oc1ccc2c3c1O[C@H]1c4ncc(-c5cnccn5)cc4C[C@@]4(OCCCc5ccccc5)[C@@H](C2)N(CC2CC2)CC[C@]314,7.05
OPRM1,CHEMBL5204518,COc1ccc(CN(C(=O)c2ccco2)C2CCN(CCc3ccccc3)CC2)cc1,7.05
OPRM1,CHEMBL499322,C=C(C)[C@@H]1CCC(C)=C[C@H]1c1c(OC)cc(CCCCC)cc1OC,7.05
OPRM1,CHEMBL5790684,CN[C@]1(c2ccccc2)CC[C@]2(CC1)CN(CCC(=O)NC1COC1)C(=O)N2CC1(O)CCC1,7.05
OPRM1,CHEMBL5874932,COc1ccc(CN2C[C@]3(CC[C@](c4cccc(F)c4)(N(C)C)CC3)N(CC3CCC3)C2=O)cc1,7.05
OPRM1,CHEMBL6000875,C[C@H](CN1C(=O)C=CC1=O)NC(=O)NC[C@H](Cc1ccc(O)cc1)N(C)C,7.05
OPRM1,CHEMBL1355638,CN(CC(=O)O)C(=O)[C@H](Cc1ccccc1)NC(=O)[C@@H](CCCN=C(N)N)NC(=O)[C@@H](N)Cc1ccc(O)cc1,7.05
OPRM1,CHEMBL320874,O=C1Cc2ccccc2N1C1CCN(Cc2ccccc2)CC1,7.04
OPRM1,CHEMBL184234,O=S1(=O)NCc2ccccc2N1C1CCN(C2CCC3CCCCC3C2)CC1,7.04
OPRM1,CHEMBL186822,CC(C)C1CCC(N2CCC(N3c4ccccc4CN(CC(N)=O)S3(=O)=O)CC2)CC1,7.04
OPRM1,CHEMBL237294,NC(=O)c1ccc(Oc2ccc3c(c2)CCN(CCc2ccccc2)CC3)nc1,7.04
OPRM1,CHEMBL2386893,CCCCC[C@@]12CCN(C)C[C@@H]1Oc1ccc(O)cc12,7.04
OPRM1,CHEMBL4217435,O=c1[nH]c2cc(Cl)c(Cl)cc2n1C1CCN(Cc2ccc(Br)cc2)CC1,7.04
OPRM1,CHEMBL4446209,COC(=O)CC1OC2(CCN(CCc3ccccc3)CC2)CN(c2ccccc2)C1=O,7.04
OPRM1,CHEMBL4753006,C[C@H]1OC2(CCN(CCc3ccccc3)CC2)CN(C)C1=O,7.04
OPRM1,CHEMBL2151247,CNC(=O)COCC(=O)NCCCCCNC(=O)COCC(=O)N[C@@H]1CC[C@@]2(O)[C@H]3Cc4ccc(O)c5c4[C@@]2(CCN3CC2CC2)[C@H]1O5,7.04
OPRM1,CHEMBL5401796,CN1C(=O)CNC(=O)[C@H](N[C@@H](Cc2ccc(O)cc2)C(=O)O)CCCC/C=C\CC[C@@H](C(=O)N2CCC[C@H]2C(=O)N[C@@H](CCC(N)=O)C(=O)N[C@@H](CCCNC(=N)N)C(=O)N[C@@H](Cc2ccccc2)C(N)=O)NC(=O)[C@@H]1Cc1ccccc1,7.04
OPRM1,CHEMBL5757673,COc1cc(C#N)ccc1N1C[C@]2(CC[C@](c3ccccc3)(N(C)C)CC2)N(CC2CCC2)C1=O,7.04
OPRM1,CHEMBL5983386,CN(C)[C@]1(c2ccccc2)CC[C@]2(CC1)CN(CC(=O)NCCO)C(=O)N2CC1(C)CCC1,7.04
OPRM1,CHEMBL5942641,COc1ccc(CN2C[C@]3(CC[C@](c4ccccc4)(N(C)C)CC3)NC2=O)cc1,7.04
OPRM1,CHEMBL5862504,CN(C)[C@]1(c2ccccc2)CC[C@]2(CC1)CN(Cc1cccc(C3CC3)c1)C(=O)N2,7.04
OPRM1,CHEMBL67088,CCNC(=O)c1ccc(C(=C2CC3CCC(C2)N3CCOc2ccccc2)c2ccccc2)cc1,7.03
OPRM1,CHEMBL218706,CC(=O)N1C[C@H]2C[C@@](C)(c3cccc(O)c3)[C@@H](C)CN2C[C@@H]1c1ccccc1,7.03
OPRM1,CHEMBL511920,OC1(c2ccccc2)CC2CCC(C1)N2C(c1ccccc1)c1ccccc1,7.03
OPRM1,CHEMBL1818233,CC1(O)CCN(Cc2ccc(-c3ccccc3S(=O)(=O)N3CCCC3)cc2)CC1,7.03
OPRM1,CHEMBL3409108,Oc1ccc2c(c1)[C@]1(CCCc3ccccc3)CCN(CCc3cccc(C(F)(F)F)c3)C[C@@H]1O2,7.03
OPRM1,CHEMBL4112472,COc1ccc2c3c1O[C@H]1[C@@]4(OC)CC[C@@]5(C[C@@H]4COCc4c(C)noc4C)[C@@H](C2)N(CC2CC2)CC[C@]315,7.03
OPRM1,CHEMBL4472077,CC(C)(NC(=O)C1=C(O)[C@@H]2Oc3c(O)ccc4c3[C@@]23CCN(CC2CC2)[C@H](C4)[C@]3(O)C1)C(=O)NS(C)(=O)=O,7.03
OPRM1,CHEMBL4483643,CC1OC2(CCN(CCc3ccccc3)CC2)CN(c2ncccc2F)C1=O,7.03
OPRM1,CHEMBL5091787,CC[C@@H]1CN2CCc3c([nH]c4cccc(-c5ccoc5)c34)[C@@H]2C[C@@H]1/C(=C\OC)C(=O)OC,7.03
OPRM1,CHEMBL5085455,CN1C(=O)CNC(=O)[C@H](NC(=O)[C@@H](N)Cc2ccc(O)cc2)CCCCNC(=O)C[C@@H](C(=O)N2CCC[C@H]2C(=O)N[C@@H](CCC(N)=O)C(=O)N[C@@H](CCCNC(=N)N)C(=O)N[C@@H](Cc2ccccc2)C(N)=O)NC(=O)[C@@H]1Cc1ccccc1,7.03
OPRM1,CHEMBL5075726,CCOC(=O)/C=C1\[C@@H]2CCC[C@@]1(c1cccc(O)c1)CCN2CCN1CCN(c2cccc(Cl)c2Cl)CC1,7.03
OPRM1,CHEMBL5828364,CN(C)[C@]1(c2ccccc2)CC[C@]2(CC1)CN(CC(=O)NCC1CCC(O)C1)C(=O)N2CC1CCC1,7.03
OPRM1,CHEMBL64933,CCNC(=O)c1ccc(C(=C2CC3CCC(C2)N3)c2cccc(OC)c2)cc1,7.02
OPRM1,CHEMBL76846,Cc1cc(O)cc(C)c1C[C@H](N)C(=O)N1Cc2ccccc2C[C@H]1CN=[N+]=[N-],7.02
OPRM1,CHEMBL259157,COc1ccc(C)c(OC(CCN2CCC(n3c(=O)n(Cc4nc(C)no4)c4ccccc43)CC2)C(C)C)c1,7.02
OPRM1,CHEMBL515091,CC1(C)CCC(N2CCC3(CC2)C(=O)N(CCNC2CCCC2)CN3c2ccccc2)c2ccccc21,7.02
OPRM1,CHEMBL118865,CN(C(=O)Cc1ccc(Cl)c(Cl)c1)C1CCC2(CCCO2)CC1N1CCCC1,7.02
OPRM1,CHEMBL2386895,CN1CC[C@@]2(CCc3ccccc3F)c3cc(O)ccc3O[C@H]2C1,7.02
OPRM1,CHEMBL4545050,C[C@H]1[C@H]2Cc3ccc(O)cc3[C@]1(C)CCN2CCC(=O)N1CCc2ccccc2C1c1ccccc1,7.02
OPRM1,CHEMBL5084697,CCC(=O)N(CC(C)(C)N1CCN(Cc2ccccc2)CC1)c1ccccc1,7.02
OPRM1,CHEMBL5747989,CN(C)[C@]1(c2cccc(F)c2)CC[C@]2(CC1)CN(CC1(O)CCS(=O)(=O)CC1)C(=O)N2CC1(O)CCC1,7.02
OPRM1,CHEMBL5870736,CN[C@]1(c2ccccc2)CC[C@]2(CC1)CN(c1ccc(C#N)cc1OC)C(=O)N2CC1CCC1,7.02
OPRM1,CHEMBL5786529,CN(C)[C@]1(c2ccccc2)CC[C@]2(CC1)CN(CC(N)=O)C(=O)N2CC1CC1,7.02
OPRM1,CHEMBL5848559,CCC(Cc1ccsc1)NC(=O)NC[C@H](Cc1ccc(O)cc1)N(C)C,7.02
OPRM1,CHEMBL47713,CC[C@H](NC(=O)c1c(CN2CCN(C(C)C)CC2)c(-c2ccccc2)nc2ccccc12)c1ccccc1,7.01
OPRM1,CHEMBL270570,CCCCO[C@]1(c2cccc(O)c2)CCCC[C@@H]1CN(C)C,7.01
OPRM1,CHEMBL494350,C[C@@H]1CN(CCO)CCN1c1cc2[nH]c(SC(C)(C)C)nc2cc1Cl,7.01
OPRM1,CHEMBL2386892,CCCC[C@@]12CCN(C)C[C@@H]1Oc1ccc(O)cc12,7.01
OPRM1,CHEMBL4212107,CC(c1ccc2c(c1)OCO2)N1CCC(n2c(=O)[nH]c3ccccc32)CC1,7.01
OPRM1,CHEMBL5998592,CN(C)[C@]1(c2ccccc2)CC[C@]2(CC1)CN(c1ccc(S(C)(=O)=O)nc1)C(=O)N2CC1CC1,7.01
OPRM1,CHEMBL5827835,CCCN1C(=O)N(CC(=O)N2CCS(=O)(=O)CC2)C[C@]12CC[C@](c1ccccc1)(N(C)C)CC2,7.01
OPRM1,CHEMBL5902466,CN(C)[C@]1(c2ccccc2)CC[C@]2(CC1)CN(CC(=O)NCCS(C)(=O)=O)C(=O)N2CC1CC1,7.01
OPRM1,CHEMBL5776324,COc1ccc(CN2C[C@]3(CC[C@](c4ccccc4)(N(C)C)CC3)N(CC3CCOCC3)C2=O)cc1,7.01
OPRM1,CHEMBL5945746,COc1ccc(CN2C[C@]3(CC[C@](c4ccccc4)(N(C)C)CC3)N(CCC#N)C2=O)cc1,7.01
OPRM1,CHEMBL416680,CCNC(=O)c1ccc(C(=C2CC3CCC(C2)N3Cc2c[nH]cn2)c2ccccc2)cc1,7.0
OPRM1,CHEMBL202462,CCC[C@@H]1C[C@@](C)(c2cccc(O)c2)[C@@H](C)CN1CC,7.0
OPRM1,CHEMBL393138,COc1ccc(C)c(OC(CCN2CCC(n3c(=O)n(CC(=O)NCC4CC4)c4ccccc43)CC2)C(C)C)c1,7.0
OPRM1,CHEMBL246572,CSCC[C@H](NC(=O)[C@H](Cc1ccccc1)NC(=O)CNC(=O)[C@H](C)NC(=O)[C@@H](N)Cc1ccc2nc(N)sc2c1)C(=O)O,7.0
OPRM1,CHEMBL261839,COc1ccc(C)c(OC(CCN2CCC(n3c(=O)n(Cc4ncsn4)c4ccccc43)CC2)C(C)C)c1,7.0
OPRM1,CHEMBL406409,COc1ccc(C)c(OC(CCN2CCC(n3c(=O)n(Cc4ncn(C)n4)c4ccccc43)CC2)C(C)C)c1,7.0
OPRM1,CHEMBL459746,C[C@@H]1[C@@H]2Cc3ccc(C(N)=O)cc3[C@@]1(C)CCN2C[C@H]1CCCO1,7.0
OPRM1,CHEMBL513660,Clc1ccccc1C(c1ccccc1Cl)N1C2CCC1CC(c1ccccc1)(c1nc[nH]n1)C2,7.0
OPRM1,CHEMBL460631,COCCN(C(=O)c1sccc1Cl)C1c2ccccc2C=CC1N1CCN(c2ccccc2)CC1,7.0
OPRM1,CHEMBL1642744,NC(=O)c1ccc2c(c1)CCCN2c1ccc(CNCc2cccc(F)c2)cc1,7.0
OPRM1,CHEMBL1642760,Cc1cc(N2CCCc3cc(C(N)=O)ccc32)ccc1CNCCC1=CCCCC1,7.0
OPRM1,CHEMBL1818331,CN(C)CCNCc1ccc(-c2ccccc2S(=O)(=O)N2CCCC2)cc1,7.0
OPRM1,CHEMBL1921848,Cc1cc(C)cc([C@H]2CCCN2Cc2ccc(Oc3ccc(C(N)=O)cc3F)cc2)c1,7.0
OPRM1,CHEMBL2409172,NC(=O)[C@H](CNC(=O)[C@H](CNC(=O)[C@@H]1CCCN1C(=O)[C@@H](N)Cc1ccc(O)cc1)Cc1ccccc1)Cc1ccccc1.O=C(O)C(F)(F)F,7.0
OPRM1,CHEMBL3262550,CCC1C(=O)N(C2CCN(C(C)CC(c3ccccc3)c3ccccc3)CC2)c2ccccc21,7.0
OPRM1,CHEMBL3325841,Cc1nn(-c2ccc(Br)cc2Br)c2c1C(O)CC(C)(C)C2,7.0
OPRM1,CHEMBL4438046,CN1/C(=C/C=C/C=C/C2=[N+](CCCCCC(=O)NCC(=O)NCC(=O)NCCCNC(=N)Nc3ccc4[nH]c5c(c4c3)C[C@@]3(O)[C@H]4Cc6ccc(O)c7c6[C@@]3(CCN4CC3CC3)[C@H]5O7)c3ccc(S(=O)(=O)[O-])cc3C2(C)C)C(C)(C)c2cc(S(=O)(=O)O)ccc21,7.0
OPRM1,CHEMBL4544914,CCc1cc(F)c2nc(N3CCC(N[C@@H]4CCCOC4)CC3)c(-c3nc(C)no3)c(C)c2c1,7.0
OPRM1,CHEMBL5086571,CCC(=O)N(CC1(N2CCN(CC(C)C)CC2)CCOCC1)c1cccc(C(F)(F)F)n1,7.0
OPRM1,CHEMBL5275633,CCC(=O)N(CCN1CCC(N(C)Cc2ccccc2)C1)c1ccccc1,7.0
OPRM1,CHEMBL5284021,CN1CC2(CCN(CCc3ccccc3)CC2)c2ccccc2C1=O,7.0
OPRM1,CHEMBL5280075,CCN1CC2(CCN(CCc3ccccc3)CC2)c2ccccc2C1=O,7.0
OPRM1,CHEMBL5280172,C/C=C1\CN2CC[C@@]34c5ccccc5N(CC)[C@]35OC[C@@]4(C(=O)OC)[C@H]1C[C@H]25,7.0
OPRM1,CHEMBL6050847,COc1nc(C#N)ncc1N1C[C@]2(C[C@@](c3ccccc3)(N(C)C)C2)NC1=O,7.0
OPRM1,CHEMBL5823984,CN(C)[C@]1(c2ccccc2)C[C@]2(CN(CC(N)=O)C(=O)N2CC2CCC2)C1,7.0
OPRM1,CHEMBL5963101,CN(C)[C@]1(c2ccccc2)C[C@@]2(CN(c3ccc(OC(F)(F)F)cn3)C(=O)N2CC2CC2)C1,7.0
OPRM1,CHEMBL5942864,CN(C)[C@]1(c2ccccc2)CC[C@]2(CC1)CN(CCC(=O)Nc1cnc(C#N)nc1)C(=O)N2CC1(O)CCC1,7.0
OPRM1,CHEMBL6001437,CN(C)[C@]1(c2ccccc2)CC[C@]2(CC1)CN(CCCC#N)C(=O)N2CC1CCC1,7.0
OPRM1,CHEMBL5794620,COCCCN1C(=O)N(c2ccc(C#N)nc2OC)C[C@]12CC[C@](c1ccccc1)(N(C)C)CC2,7.0
OPRM1,CHEMBL5935539,CN(C)[C@]1(c2ccccc2)CC[C@]2(CC1)CN(c1cc(S(C)(=O)=O)ccc1C#N)C(=O)N2CC1CCC1,7.0
OPRM1,CHEMBL5835124,CN(C)[C@]1(c2ccccc2)CC[C@]2(CC1)CN(CC(=O)Nc1cncnc1)C(=O)N2CC1(O)CCC1,7.0
OPRM1,CHEMBL5907025,CN(C)[C@]1(c2ccccc2)CC[C@]2(CC1)CN(CC(=O)Nc1ccccn1)C(=O)N2CC1(O)CCC1,7.0
OPRM1,CHEMBL5990158,CN[C@]1(c2ccccc2)CC[C@]2(CC1)CN(Cc1cn(CC(N)=O)nn1)C(=O)N2CC1(O)CCC1,7.0
OPRM1,CHEMBL140979,CCc1ccc(OCc2ccccc2C(=O)Nc2ccc3nc(C)cc(N)c3c2)cc1,6.99
OPRM1,CHEMBL305225,CC(C)N(C(=O)c1ccc(C(=C2CC3CCC(C2)N3CCc2ccccc2)c2ccccc2)cc1)C(C)C,6.99
OPRM1,CHEMBL3707078,Fc1ccc2c(c1)[C@H]1c3cc(F)ccc3[C@H](C2)N2CCC[C@@H]12,6.99
OPRM1,CHEMBL179797,Cc1cc(OC(CCN2CCC(n3c(O)nc4ccccc43)CC2)C(C)C)ccc1F,6.99
OPRM1,CHEMBL264288,Cc1ccc(Cl)c(OC(C(O)CN2CCC(n3c(O)nc4ccccc43)CC2)C2CCCCC2)c1,6.99
OPRM1,CHEMBL183918,Cc1ccc(Cl)c(OC2(C(CN3CCC(n4c(O)nc5ccccc54)CC3)N(C)C)CCCCC2)c1,6.99
OPRM1,CHEMBL401248,COc1ccc(C)c(OC(CCN2CCC(n3c(=O)n(CCOC(C)=O)c4ccccc43)CC2)C(C)C)c1,6.99
OPRM1,CHEMBL481707,CC1(N2CCC(n3c(-c4cc5ccccc5o4)nc4ccccc43)CC2)CCCCCCC1,6.99
OPRM1,CHEMBL471882,CC1(C)CCC(N2CCC3(CC2)C(=O)N(CCNCC2CCCCC2)CN3c2ccccc2)c2ccccc21,6.99
OPRM1,CHEMBL1474387,Cc1c(P(=S)(c2ccccc2)c2ccccc2)n2ccccc2[n+]1C/C=C/c1ccccc1.[Br-],6.99
OPRM1,CHEMBL3394750,Cc1ccccc1CNC[C@@H](O)CN1CN(c2ccccc2)C2(CCN(CCc3ccccc3-c3cccs3)CC2)C1=O,6.99
OPRM1,CHEMBL4206287,CC(c1ccccc1)N1CCC(n2c(=O)[nH]c3ccccc32)CC1,6.99
OPRM1,CHEMBL5630046,COc1ccc(C(=O)Nc2ccc(C(=O)[C@H]3C[C@@]45C=C[C@]3(OC)[C@@H]3Oc6c(OC)ccc7c6[C@@]34CCN(CC3CC3)[C@@H]5C7)cc2)cc1,6.99
OPRM1,CHEMBL5624634,COc1ccc(CC(=O)Nc2ccc(C(=O)[C@H]3C[C@@]45C=C[C@]3(OC)[C@@H]3Oc6c(OC)ccc7c6[C@@]34CCN(CC3CC3)[C@@H]5C7)cc2)cc1,6.99
OPRM1,CHEMBL5772574,CN(C)[C@]1(c2ccccc2)C[C@@]2(CN(c3cnc(C#N)c(C(F)(F)F)c3)C(=O)N2CC2CC2)C1,6.99
OPRM1,CHEMBL5880553,CCCN1C(=O)N(c2cnc(C#N)nc2)C[C@]12CC[C@](c1ccccc1)(N(C)C)CC2,6.99
OPRM1,CHEMBL5852583,C[C@H](CO)NC(=O)CN1C[C@]2(CC[C@](c3ccccc3)(N(C)C)CC2)N(CC2CCC2)C1=O,6.99
OPRM1,CHEMBL5879960,CNC(=O)CN1C[C@]2(CC[C@](c3ccccc3)(N(C)C)CC2)N(CCCOC)C1=O,6.99
OPRM1,CHEMBL5895874,CN(C)CC1CN(Cc2ccc(F)cc2Cl)CCC1(O)c1cccc(C(N)=O)c1,6.99
OPRM1,CHEMBL401093,CN1CC[C@]23c4c5ccc(O)c4O[C@H]2c2[nH]c4ccccc4c2C[C@@]3(O)[C@H]1C5,6.98
OPRM1,CHEMBL63750,CCN(CC)C(=O)c1ccc(C(=C2CC3CCC(C2)N3CCCc2ccccc2)c2ccccc2)cc1,6.98
OPRM1,CHEMBL485,COc1ccc2c3c1O[C@H]1[C@@H](O)C=C[C@H]4[C@@H](C2)N(C)CC[C@@]341,6.98
OPRM1,CHEMBL109509,OC1(c2ccc(Cl)c(C(F)(F)F)c2)CCN(Cc2ccc(C(F)(F)F)cc2)CC1,6.98
OPRM1,CHEMBL365228,CN(CC1CC1)C1CCc2ccc(O)cc2C1(C)C,6.98
OPRM1,CHEMBL364133,C=CCN(CC=C)C1CCc2ccc(O)cc2C1(C)C,6.98
OPRM1,CHEMBL191987,CN(C(=O)Cc1ccc(NS(C)(=O)=O)cc1)[C@H](CN1CC[C@H](O)C1)c1ccccc1,6.98
OPRM1,CHEMBL262064,COc1ccc(C)c(OC(CCN2CCC(n3c(=O)n(Cc4cocn4)c4ccccc43)CC2)C(C)C)c1,6.98
OPRM1,CHEMBL466067,Cc1ccc(C(c2ccccc2Cl)N2C3CCC2CC(O)(C2CCCC2)C3)c(Cl)c1,6.98
OPRM1,CHEMBL562139,CN1CC[C@]23Cc4[nH]c5ccccc5c4C[C@]2(Cc2ccc(O)cc23)C1,6.98
OPRM1,CHEMBL292521,CC[C@@H]1CN2CCc3c([nH]c4cccc(O)c34)[C@@H]2C[C@@H]1/C(=C\OC)C(=O)OC,6.98
OPRM1,CHEMBL4448866,CN(C)C1(Cc2ccccc2)CCN(c2cc(C(F)(F)F)ccc2CNC(=O)Nc2cccc3c(=O)[nH]ccc23)CC1,6.98
OPRM1,CHEMBL4648628,Oc1ccc2c3c1O[C@H]1c4ncc(-c5ccccn5)cc4C[C@@]4(OCCCc5ccccc5)[C@@H](C2)N(CC2CC2)CC[C@]314,6.98
OPRM1,CHEMBL5075279,CC[C@@H]1CN2CC[C@@]3(O)C(=Nc4ccc(-c5ccccc5)c(OC)c43)[C@@H]2C[C@@H]1/C(=C\OC)C(=O)OC,6.98
OPRM1,CHEMBL5412978,CN(C)[C@H](CNC(=O)N[C@@H](c1ccccc1)C1CC1)Cc1ccc(O)cc1,6.98
OPRM1,CHEMBL5429304,CCC(=O)N(CC(CC)N1CCC(c2ccccc2)CC1)c1cccc(C)n1,6.98
OPRM1,CHEMBL5873266,COc1cccnc1NC(=O)CN1C[C@]2(CC[C@](c3ccccc3)(N(C)C)CC2)N(CC2CCC2)C1=O,6.98
OPRM1,CHEMBL80319,C=CCOC[C@@H]1Cc2ccccc2CN1C(=O)[C@@H](N)Cc1c(C)cc(O)cc1C,6.97
OPRM1,CHEMBL182967,CC(C)C1CCC(N2CCC(N3c4ccccc4CN(CCNS(C)(=O)=O)S3(=O)=O)CC2)CC1,6.97
OPRM1,CHEMBL238819,COc1ccc(C)c(OC(CCN2CCC(n3c(=O)n(CC(=O)NC4CCC4)c4ccccc43)CC2)C(C)C)c1,6.97
OPRM1,CHEMBL238795,COc1ccc(C)c(OC(CCN2CCC(n3c(=O)n(CCN(C)C)c4ccccc43)CC2)C(C)C)c1,6.97
OPRM1,CHEMBL1079571,CNC(=O)CN1c2ccccc2N(C2CCN(C3CCCCCCCCC3)CC2)S1(=O)=O,6.97
OPRM1,CHEMBL1076208,CNC(=O)CN1C(=O)OC2(CCN(C3CCC(C(C)C)CC3)CC2)c2ccccc21,6.97
OPRM1,CHEMBL1921851,CC1(C)CN(Cc2ccc(Oc3ccc(C(N)=O)cn3)cc2)[C@H]1c1ccccc1,6.97
OPRM1,CHEMBL4296733,CCN1CC[C@]23Cc4nc5ccccc5cc4C[C@@]2(O)[C@H]1Cc1ccc(O)cc13.Cl.Cl,6.97
OPRM1,CHEMBL3746149,CO[C@]12CC[C@@]3(C[C@@H]1C(=O)NCCCCCCN)[C@H]1Cc4ccc(O)c5c4[C@@]3(CCN1C)[C@H]2O5.Cl.Cl,6.97
OPRM1,CHEMBL3785839,NC(=O)N1Cc2ccccc2CC1CN1CCC2(CCc3ccccc32)CC1,6.97
OPRM1,CHEMBL4451128,CC(c1ccc2c(c1)OCCO2)N1CCC(n2c(=O)[nH]c3ccccc32)CC1,6.97
OPRM1,CHEMBL4788650,CCN1CC2(CCN(CCc3ccc(F)cc3)CC2)O[C@H](C)C1=O,6.97
OPRM1,CHEMBL5080086,CCC(=O)N(CC1(N2CCN(Cc3ccccc3)CC2)COC1)c1ccccc1,6.97
OPRM1,CHEMBL5075990,CCc1cc(Cl)c(OC)c(C(=O)NCC2CCCN2CCCCNCCC(C(=O)N(C)C)(c2ccccc2)c2ccccc2)c1O,6.97
OPRM1,CHEMBL5512515,CCCC(=O)N(c1c(C)cccc1CC)C1CCN(CCc2ccccc2)CC1,6.97
OPRM1,CHEMBL5762261,CN(C)[C@]1(c2ccccc2)CC[C@]2(CC1)CN(c1ccc(C(F)(F)F)nc1)C(=O)N2CC1CCC1,6.97
OPRM1,CHEMBL6007868,CN(C)[C@]1(c2ccccc2)CC[C@]2(CC1)CN(CC(=O)NCC1(O)CC1)C(=O)N2CC1CCC1,6.97
OPRM1,CHEMBL5855825,CN(C)[C@]1(c2ccccc2)CC[C@]2(CC1)CN(CC(=O)NCC(N)=O)C(=O)N2CC1(O)CCC1,6.97
OPRM1,CHEMBL5978207,COCCCN1C(=O)N(CC(=O)Nc2cc(OC)ccn2)C[C@]12CC[C@](c1ccccc1)(N(C)C)CC2,6.97
OPRM1,CHEMBL5906170,CCN(C)[C@]1(c2ccccc2)CC[C@]2(CC1)CN(Cc1ccc(OC)cc1)C(=O)N2CC1CCC1,6.97
OPRM1,CHEMBL5884225,CN(C)[C@]1(c2ccccc2)CC[C@]2(CC1)CN(CCc1ccncc1)C(=O)N2,6.97
OPRM1,CHEMBL6057819,COc1ccccc1CN1C[C@]2(CC[C@](c3ccccc3)(N(C)C)CC2)NC1=O,6.97
OPRM1,CHEMBL202352,CCCC[C@@H]1C[C@@](C)(c2cccc(O)c2)[C@@H](C)CN1CCc1ccccc1,6.96
OPRM1,CHEMBL374559,C[C@H]1CN2C[C@@H](c3ccccc3)CC[C@H]2C[C@@]1(C)c1cccc(O)c1,6.96
OPRM1,CHEMBL387248,C[C@H]1CN2C[C@H](c3ccccc3)CC[C@@H]2C[C@@]1(C)c1cccc(O)c1,6.96
OPRM1,CHEMBL261024,COC(=O)[C@@H]1C[C@H](OC(=O)c2cccc(Br)c2)C(=O)[C@H]2[C@@]1(C)CC[C@H]1C(=O)O[C@H](c3ccoc3)C[C@]21C,6.96
OPRM1,CHEMBL407155,COC(=O)[C@@H]1C[C@H](OC(=O)c2ccccc2Br)C(=O)[C@H]2[C@@]1(C)CC[C@H]1C(=O)O[C@H](c3ccoc3)C[C@]21C,6.96
OPRM1,CHEMBL576065,CN1CC[C@]23CCCC[C@H]2[C@H]1Cc1cc2c(cc13)OCN(Cc1ccccc1)C2,6.96
OPRM1,CHEMBL595233,CC(C)(O)c1ccc(C2(c3cccc(O)c3)CCCN(CC3CC3)C2)cc1,6.96
OPRM1,CHEMBL1766037,CC(=O)N(C)c1nc2cc3c(cc2s1)C[C@@H]1[C@@H]2CCCC[C@]32CCN1CC1CC1,6.96
OPRM1,CHEMBL1818336,CO[C@@H]1CCCN1S(=O)(=O)c1ccccc1-c1ccc(CNCC(C)C)cc1,6.96
OPRM1,CHEMBL3217000,CCOc1ccc(Cc2nc3cc(NC(=N)c4cccs4)ccc3n2CCN(C)C)cc1.Cl.Cl,6.96
OPRM1,CHEMBL3394744,COc1ccc(CNC[C@@H](O)CN2CN(c3ccccc3)C3(CCN(CCc4ccccc4-c4cccs4)CC3)C2=O)cc1,6.96
OPRM1,CHEMBL4089738,Cc1ccc(C(=O)NCC2c3ccccc3CCN2CC(C)C)cc1,6.96
OPRM1,CHEMBL4066058,CN(C(=O)/C=C/c1ccsc1)[C@@H]1CC[C@@]2(O)[C@H]3[C@@H](O)c4ccc(O)c5c4[C@@]2(CCN3CC2CC2)[C@H]1O5,6.96
OPRM1,CHEMBL4211596,O=c1[nH]c2ccccc2n1C1CCN(Cc2ccc(Br)cc2F)CC1,6.96
OPRM1,CHEMBL4212370,O=c1[nH]c2cc(F)ccc2n1C1CCN(Cc2ccccc2Cl)CC1,6.96
OPRM1,CHEMBL4514226,CN1/C(=C/C=C/C2=[N+](CCCCCC(=O)NCC(=O)NCC(=O)NCC(=O)NCC(=O)NCCCNC(=N)Nc3ccc4[nH]c5c(c4c3)C[C@@]3(O)[C@H]4Cc6ccc(O)c7c6[C@@]3(CCN4CC3CC3)[C@H]5O7)c3ccc(S(=O)(=O)[O-])cc3C2(C)C)C(C)(C)c2cc(S(=O)(=O)O)ccc21,6.96
OPRM1,CHEMBL4592045,CCc1cc(F)c2nc(N3CCC(NC4CCOCC4)CC3)c(-c3nc(C)no3)c(C)c2c1,6.96
OPRM1,CHEMBL4761310,CCC(=O)N(c1ccccc1)C1(C(=O)NCCc2cccc(F)c2)CCN(CCc2ccccc2)CC1,6.96
OPRM1,CHEMBL1909423,CC[C@@H]1CN2CC[C@]3(C(=O)Nc4ccccc43)[C@@H]2C[C@@H]1/C(=C\OC)C(=O)OC,6.96
OPRM1,CHEMBL5287134,CN(C)C[C@H]1CN(C(=O)Cc2cc(F)c(F)cc2F)CC[C@]1(O)c1cccc(O)c1,6.96
OPRM1,CHEMBL5397104,CN(C)[C@H](CNC(=O)[C@@H]1C[C@]1(C)c1ccccc1)Cc1ccc(O)cc1,6.96
OPRM1,CHEMBL5439322,CCC(=O)N(CC(C)N1CCN(C(=O)c2ccccc2)CC1)c1ccccn1,6.96
OPRM1,CHEMBL5532325,Cc1cccc(C)c1N(C(=O)c1c(F)cccc1F)C1CCN(CCc2ccccc2)CC1,6.96
OPRM1,CHEMBL5782871,COCCOCCOCCOCCOCCOCCOCCOCCOCCO[C@H]1C=CC2C3Cc4ccc(O)c5c4[C@@]2(CCN3C)[C@H]1O5,6.96
OPRM1,CHEMBL5982041,CN(C)C1(c2cccc(F)c2)CC2(CN(CCC#N)C(=O)N2CC2CC2)C1,6.96
OPRM1,CHEMBL5995828,CN(C)[C@]1(c2ccccc2)CC[C@]2(CC1)CN(Cc1cccc3c1OCO3)C(=O)N2,6.96
OPRM1,CHEMBL5848660,COc1cccc(CCNC(=O)NCC(Cc2ccc(O)cc2)N(C)C)c1,6.96
OPRM1,CHEMBL113684,OC1(c2cccc(C(F)(F)F)c2)CCN(CC2CCCCCCC2)CC1,6.95
OPRM1,CHEMBL80197,Cc1cc(O)cc(C)c1C[C@H](N)C(=O)N1Cc2ccccc2C[C@H]1CN,6.95
OPRM1,CHEMBL239260,CCC(=O)Cn1c(=O)n(C2CCN(CCC(Oc3cc(OC)ccc3C)C(C)C)CC2)c2ccccc21,6.95
OPRM1,CHEMBL455502,CC(C)C[C@H](NC(=O)[C@H](Cc1ccccc1)NC(=O)[C@H](Cc1c[nH]c2ccccc12)NC(=O)CNC(=O)[C@@H](N)Cc1ccc(O)cc1)C(N)=O,6.95
OPRM1,CHEMBL516389,O=C1N(CCNC2CCC2)CN(c2ccccc2)C12CCN(Cc1c(Cl)cccc1Cl)CC2,6.95
OPRM1,CHEMBL1076726,Cc1cc(O)cc(C)c1C[C@H](N)C(=O)N[C@H]1Cc2ccccc2CN(CC(=O)NCCN(CCNC(=O)CN2Cc3ccccc3C[C@H](NC(=O)[C@@H](N)Cc3c(C)cc(O)cc3C)C2=O)CCNC(=O)CN2Cc3ccccc3C[C@H](NC(=O)[C@@H](N)Cc3c(C)cc(O)cc3C)C2=O)C1=O,6.95
OPRM1,CHEMBL1079418,CNC(=O)CN1C(=O)OC2(CCN(C3CCC(C(C)(C)C)CC3)CC2)c2ccccc21,6.95
OPRM1,CHEMBL1818325,O=S(=O)(c1ccccc1-c1ccc(CN2CCC(CCO)CC2)c(F)c1)N1CCCCC1,6.95
OPRM1,CHEMBL3264743,CN1CC[C@@]23c4c5ccc(O)c4OCO[C@]46CC[C@@]2(O[C@H](C(=O)N4Cc2ccccc2)[C@H]63)[C@H]1C5,6.95
OPRM1,CHEMBL3287467,Oc1ccc2c(c1)[C@]13CCN(CC4CC4)C[C@@]1(C2)Cc1cc2ccccc2nc1C3,6.95
OPRM1,CHEMBL4108525,COCCOCCOCCOCCOCCOCCOCCOCCOCCO[C@H]1CC[C@@]2(O)C3Cc4ccc(O)c5c4[C@@]2(CCN3C)[C@H]1O5,6.95
OPRM1,CHEMBL4513533,O=c1[nH]c2cc(Cl)c(Cl)cc2n1C1CCN(Cc2ccc(Cl)cc2F)CC1,6.95
OPRM1,CHEMBL5583961,NC(=O)CNC(=O)[C@H]1CC(=O)NCCCC[C@@H](NC(=O)[C@@H](N)Cc2ccc(O)cc2)C(=O)NCC(=O)N[C@@H](Cc2ccccc2)C(=O)N1,6.95
OPRM1,CHEMBL6037625,CN(C)[C@]1(c2ccccc2)CC[C@]2(CC1)CN(CC(C)(C)C(N)=O)C(=O)N2CC1CCC1,6.95
OPRM1,CHEMBL6009793,CN(C)[C@]1(c2ccccc2)CC[C@]2(CC1)CN(CC(=O)NC(C)(C)C(N)=O)C(=O)N2CC1CCC1,6.95
OPRM1,CHEMBL2112407,O=C1Cc2ccccc2N1C1CCN(C[C@H]2CC3CCC2C3)CC1,6.94
OPRM1,CHEMBL182328,Cc1ccc(Cl)c(OC(c2ccccc2)C(O)CN2CCC(n3c(O)nc4ccccc43)CC2)c1,6.94
OPRM1,CHEMBL188841,CN(C)C1CCc2ccc(O)cc2C1(C)C,6.94
OPRM1,CHEMBL499141,NC(=O)[C@H](Cc1ccccc1)NC(=O)[C@H](Cc1c[nH]c2ccccc12)NC(=O)[C@@H]1CCCN1C(=O)[C@H](Cc1ccc(O)cc1)NC(=O)CCC(=O)N[C@@H]1O[C@H](CO)[C@@H](O)[C@H](O)[C@H]1O,6.94
OPRM1,CHEMBL570000,CCN(CC)C(=O)c1ccc(N(c2cccc(O)c2)C2CCN(CCc3ccco3)CC2)cc1,6.94
OPRM1,CHEMBL4296731,Cl.Cl.Oc1ccc2c(c1)[C@]13CCN(CCF)[C@H](C2)[C@]1(O)Cc1cc2ccccc2nc1C3,6.94
OPRM1,CHEMBL3319087,CC(=O)N[C@H](Cc1c[nH]c2ccc(Br)cc12)C(=O)N[C@@H](Cc1ccccc1)C(=O)NCC(N)=O,6.94
OPRM1,CHEMBL3942346,C[C@@H]1C[C@@H]2C[C@H](C1)C[C@@H](N1[C@@H]3CC[C@H]1C[C@@H](n1c(=O)c(N4CC[C@H]4C(=O)O)nc4ccccc41)C3)C2,6.94
OPRM1,CHEMBL3929120,CN(C)C1(c2ccccc2)CCC(c2ccccc2)(N(C)Cc2cccnc2)CC1,6.94
OPRM1,CHEMBL4755342,CC(C)C1OC2(CCN(CCc3ccccc3)CC2)CN(C)C1=O,6.94
OPRM1,CHEMBL6021914,CN(C)[C@]1(c2cccc(F)c2)C[C@@]2(CN(CC3(F)COC3)C(=O)N2CC2CC2)C1,6.94
OPRM1,CHEMBL5991851,CN(C)[C@]1(c2ccccc2)CC[C@]2(CC1)CN(c1ccc(S(C)(=O)=O)cc1F)C(=O)N2CC1CC1,6.94
OPRM1,CHEMBL5920985,CN(C)[C@]1(c2ccccc2)CC[C@]2(CC1)CN(c1ccccc1CS(C)(=O)=O)C(=O)N2CC1CC1,6.94
OPRM1,CHEMBL5879440,CNC(=O)CN(C)C(=O)CN1C[C@]2(CC[C@](c3ccccc3)(N(C)C)CC2)N(CC2CCC2)C1=O,6.94
OPRM1,CHEMBL5964695,CSc1ccc(NC(=O)CN2C[C@]3(CC[C@](c4ccccc4)(N(C)C)CC3)N(CC3CCC3)C2=O)nc1,6.94
OPRM1,CHEMBL5955242,CN[C@]1(c2ccccc2)CC[C@]2(CC1)CN(CC(=O)NCCO)C(=O)N2CC1CCC1,6.94
OPRM1,CHEMBL5938435,CN(C)[C@]1(c2ccccc2)CC[C@]2(CC1)CN(Cc1ccnc(N3CCOCC3)c1)C(=O)N2,6.94
OPRM1,CHEMBL1423,O=c1[nH]c2ccccc2n1C1CCN(CCCC(c2ccc(F)cc2)c2ccc(F)cc2)CC1,6.93
OPRM1,CHEMBL2111608,O=C1Cc2ccccc2N1C1CCN(C[C@@H]2CC3CCC2C3)CC1,6.93
OPRM1,CHEMBL183603,Cc1ccc(Cl)c(OC(C)C(O)CN2CCC(n3c(O)nc4ccccc43)CC2)c1,6.93
OPRM1,CHEMBL4111378,COc1ccc2c3c1O[C@H]1[C@@]4(OC)CC[C@@]5(C[C@@H]4CSc4nc(C)ns4)[C@@H](C2)N(CC2CC2)CC[C@]315,6.93
OPRM1,CHEMBL4571738,CC1OC2(CCN(CCc3cccnc3)CC2)CN(c2ccccc2)C1=O,6.93
OPRM1,CHEMBL60533,CC[C@@H]1CN2CCc3c([nH]c4ccccc34)[C@@H]2C[C@@H]1/C(=C\OC)C(=O)OC,6.93
OPRM1,CHEMBL6014512,CN(C)[C@]1(c2ccccc2)CC[C@]2(CC1)CN(CCC(N)=O)C(=O)N2CC1(O)CCC1,6.93
OPRM1,CHEMBL5743144,CN(C)[C@]1(c2ccccc2)CC[C@]2(CC1)CN(c1ccc(-c3ccccn3)s1)C(=O)N2CC1CCC1,6.93
OPRM1,CHEMBL5756788,CNC(=O)C(C)(C)NC(=O)CN1C[C@]2(CC[C@](c3ccccc3)(N(C)C)CC2)N(CC2CCC2)C1=O,6.93
OPRM1,CHEMBL3707076,Brc1ccc(CNc2ccc3c(c2)[C@H]2c4cc(NCc5ccc(Br)cc5)ccc4[C@H](C3)N3CCC[C@@H]23)cc1,6.92
OPRM1,CHEMBL296857,CC(C)[C@H](NC(=O)c1c(CN2CCN(C(C)C)CC2)c(-c2ccccc2)nc2ccccc12)c1ccccc1,6.92
OPRM1,CHEMBL54603,Oc1nc2ccccc2n1[C@H]1CCN2[C@H](CCC[C@H]2C2CCCCC2)C1,6.92
OPRM1,CHEMBL219012,C[C@H]1[C@@H]2CCCCN2CC[C@@]1(C)c1cccc(O)c1,6.92
OPRM1,CHEMBL228858,OCc1ccccc1C(c1ccccc1)N1CCC(O)(c2ccccc2)CC1,6.92
OPRM1,CHEMBL394222,OC1(c2ccccc2CN2CCOCC2)CCN(C(c2ccccc2Cl)c2ccccc2Cl)CC1,6.92
OPRM1,CHEMBL238818,COc1ccc(C)c(OC(CCN2CCC(n3c(=O)n(CC(=O)NC4CC4)c4ccccc43)CC2)C(C)C)c1,6.92
OPRM1,CHEMBL260784,COc1ccc(C)c(OC(CCN2CCC(n3c(=O)n(Cn4ccnc4)c4ccccc43)CC2)C(C)C)c1,6.92
OPRM1,CHEMBL258897,COc1ccc(C)c(OC(CCN2CCC(n3c(=O)n(Cc4nnc(C)[nH]4)c4ccccc43)CC2)C(C)C)c1,6.92
OPRM1,CHEMBL503367,CCCCCCC(NC(=O)[C@H](Cc1ccccc1)NC(=O)[C@H](Cc1c[nH]c2ccccc12)NC(=O)[C@@H]1CCCN1C(=O)[C@@H](N)Cc1ccc(O)cc1)C(N)=O,6.92
OPRM1,CHEMBL514463,CC1(C)CCC(N2CCC3(CC2)C(=O)N(CCNC2CCCCC2)CN3c2ccccc2)c2ccccc21,6.92
OPRM1,CHEMBL486388,O=C1N[C@H](Cc2c[nH]c3ccccc23)C(=O)N[C@@H](Cc2ccccc2)C(=O)N2CCC[C@@H]2C(=O)N[C@H]1Cc1ccc(O)cc1,6.92
OPRM1,CHEMBL1080520,CNC(=O)Cn1c(=O)n(C2CCN(Cc3ccc(OC)c4ccccc34)CC2)c2ccccc21,6.92
OPRM1,CHEMBL1204084,CC(C)[C@@H](CN1CC[C@@](C)(c2cccc(O)c2)[C@@H](C)C1)NC(=O)c1ccc2cc(O)ccc2c1.Cl,6.92
OPRM1,CHEMBL1085023,CC(C)[C@@H](CN1CC[C@@](C)(c2cccc(O)c2)[C@@H](C)C1)NC(=O)[C@@H]1CCc2cc(O)ccc2C1,6.92
OPRM1,CHEMBL1085024,CC(C)[C@@H](CN1CC[C@@](C)(c2cccc(O)c2)[C@@H](C)C1)NC(=O)[C@H]1CCc2cc(O)ccc2C1,6.92
OPRM1,CHEMBL1085025,CC(C)[C@@H](CN1CC[C@@](C)(c2cccc(O)c2)[C@@H](C)C1)NC(=O)[C@H]1Cc2ccc(O)cc2CO1,6.92
OPRM1,CHEMBL1084529,CC(C)[C@@H](CN1CC[C@@](C)(c2cccc(O)c2)[C@@H](C)C1)NC(=O)[C@@H]1Cc2ccc(O)cc2CO1,6.92
OPRM1,CHEMBL1083062,CC(C)[C@@H](CN1CC[C@@](C)(c2cccc(O)c2)[C@@H](C)C1)NC(=O)[C@H]1Cc2ccc(O)cc2CS1,6.92
OPRM1,CHEMBL1204085,CC(C)[C@@H](CN1CC[C@@](C)(c2cccc(O)c2)[C@@H](C)C1)NC(=O)[C@@H]1Cc2ccc(O)cc2CS1.Cl,6.92
OPRM1,CHEMBL1083372,CC(C)[C@@H](CN1CC[C@@](C)(c2cccc(O)c2)[C@@H](C)C1)NC(=O)[C@H]1Cc2ccc(O)cc2C[S+]1[O-],6.92
OPRM1,CHEMBL3597079,CC(C)C[C@H](NC(=O)[C@H](CO[C@@H]1O[C@H](CO)[C@@H](O)[C@H](O)[C@H]1O)NC(=O)[C@H](CCCCN)NC(=O)[C@H](CC(C)C)NC(=O)[C@H](C)NC(=O)[C@H](CC(N)=O)NC(=O)[C@H](CC(N)=O)NC(=O)C(C)(C)NC(=O)[C@H](CC(C)C)NC(=O)[C@H](CC(N)=O)NC(=O)CNC(=O)CNC(=O)[C@H](Cc1ccccc1)N(C)C(=O)CNC(=O)[C@@H](C)NC(=O)[C@@H](N)Cc1ccc(O)cc1)C(N)=O,6.92
OPRM1,CHEMBL4204767,O=c1[nH]c2ccc(Cl)cc2n1C1CCN(Cc2ccc(Br)cc2F)CC1,6.92
OPRM1,CHEMBL5291340,C/C=C1/CN2CC[C@@]34c5cc(O)c(Br)cc5N(C)[C@]35OC[C@@]4(C(=O)OC)[C@H]1C[C@H]25,6.92
OPRM1,CHEMBL5542788,Cc1cccc(C)c1N(C(=O)c1ccccc1F)C1CCN(CCc2ccccc2)CC1,6.92
OPRM1,CHEMBL5517979,CN1C[C@H]2CC[C@@H](C1)N2c1cccc(O)c1,6.92
OPRM1,CHEMBL5918269,CN(C)[C@]1(c2ccccc2)CC[C@]2(CC1)CN(c1cnc(C#N)nc1)C(=O)N2CC1CCC1,6.92
OPRM1,CHEMBL5837782,CN[C@]1(c2ccccc2)CC[C@]2(CC1)CN(c1cnc(C#N)nc1OC)C(=O)N2CC1CCC1,6.92
OPRM1,CHEMBL5907083,CN[C@]1(c2ccccc2)CC[C@]2(CC1)CN(c1ccccc1C#N)C(=O)N2CC1(O)CCC1,6.92
OPRM1,CHEMBL5803130,CN[C@]1(c2ccccc2)CC[C@]2(CC1)CN(CC(=O)N1C[C@@H](O)[C@@H](O)C1)C(=O)N2CC1CCC1,6.92
OPRM1,CHEMBL5851840,CN(C)[C@]1(c2ccccc2)CC[C@]2(CC1)CN(CC(=O)NCCO)C(=O)N2CC1(O)CCC1,6.92
OPRM1,CHEMBL5776767,CNC(=O)CN1C[C@]2(CC[C@@](NC)(c3ccccc3)CC2)N(CC2CCC2)C1=O,6.92
OPRM1,CHEMBL279638,CCNC(=O)c1ccc(C(=C2CC3CCC(C2)N3Cc2ccccc2Cl)c2ccc(OC)cc2)cc1,6.91
OPRM1,CHEMBL320306,C/C=C1\C[C@@]23Cc4c([nH]c5ccccc45)[C@@H]1[C@@]21CCN(C)C3Cc2ccc(OC)c(O)c21,6.91
OPRM1,CHEMBL109598,OC1(c2ccc(Cl)c(C(F)(F)F)c2)CCN(CC2CCCCCCC2)CC1,6.91
OPRM1,CHEMBL445154,CNC(=O)CCn1c(=O)n(C2CCN(CCC(Oc3cc(OC)ccc3C)C(C)C)CC2)c2ccccc21,6.91
OPRM1,CHEMBL406647,COc1ccc(C)c(OC(CCN2CCC(n3c(=O)n(Cn4ccnc4C)c4ccccc43)CC2)C(C)C)c1,6.91
OPRM1,CHEMBL258669,CN1CC[C@]23c4c5cccc4O[C@H]2[C@@H](O)CC[C@H]3[C@H]1C5,6.91
OPRM1,CHEMBL516263,O=C(O[C@@]12CCC(=O)[C@@H]3Oc4c(O)ccc5c4[C@@]31CCN(CC1CC1)[C@@H]2C5)c1ccccc1,6.91
OPRM1,CHEMBL3084529,NC(=O)[C@]1(c2ccc(F)cn2)C[C@H]2CC[C@@H](C1)N2C(c1ccccc1Cl)c1ccccc1Cl,6.91
OPRM1,CHEMBL513471,O=C(O)C1(c2ccccc2)CC2CCC(C1)N2C(c1ccccc1Cl)c1ccccc1Cl,6.91
OPRM1,CHEMBL3349272,COc1cccc([C@]2(CN)C[C@H]3CC[C@@H](C2)N3C(c2ccccc2Cl)c2ccccc2Cl)n1,6.91
OPRM1,CHEMBL473701,CCN(CC)CCN1CN(c2ccccc2)C2(CCN(Cc3c(Cl)cccc3Cl)CC2)C1=O,6.91
OPRM1,CHEMBL577749,C[C@H](NC(=O)[C@H](Cc1ccccc1)NC(=O)[C@@H]1CCCN1C(=O)[C@@H](N)Cc1ccc(O)cc1)C(=O)NCc1ccccc1,6.91
OPRM1,CHEMBL3086760,Cl.O=C(O[C@@]12CCC(=O)[C@@H]3Oc4c(O)ccc5c4[C@@]31CCN(CC1CC1)[C@@H]2C5)c1ccccc1,6.91
OPRM1,CHEMBL3596369,CCCN1CC[C@]23c4c5ccc(O)c4O[C@H]2c2nc4ccccc4cc2C[C@@]3(O)[C@H]1C5.Cl,6.91
OPRM1,CHEMBL4107606,COc1ccc2c3c1O[C@H]1[C@@]4(OC)CC[C@@]5(C[C@@H]4C(N[C@@H](C(N)=O)c4ccccc4)c4ccccc4)[C@@H](C2)N(CC2CC2)CC[C@]315,6.91
OPRM1,CHEMBL3919846,COCCOCCOCCOCCOCCOCCOCCOCCOCCO[C@H]1CC[C@@]2(O)[C@H]3Cc4ccc(O)c5c4[C@@]2(CCN3CC2CCC2)C1O5,6.91
OPRM1,CHEMBL4535897,CC1OC2(CCN(CCc3ccccc3)CC2)CN(c2cccnc2C(F)(F)F)C1=O,6.91
OPRM1,CHEMBL5542571,c1ccc(CCCN2C[C@H]3CC[C@@H](C2)N3c2ccccc2)cc1,6.91
OPRM1,CHEMBL5842048,COCCOCCOCCOCCOCCOCCOCCOCCOCCO[C@H]1CC[C@@]2(O)[C@H]3Cc4ccc(O)c5c4[C@@]2(CCN3CC2CCC2)[C@H]1O5,6.91
OPRM1,CHEMBL5746991,CN[C@]1(c2ccccc2)CC[C@]2(CC1)CN(CC(C)(C)C(=O)NCC(N)=O)C(=O)N2CC1CCC1,6.91
OPRM1,CHEMBL5836313,CN(C)[C@]1(c2ccccc2)CC[C@]2(CC1)CN(CC1(O)CCS(=O)(=O)CC1)C(=O)N2CC1CCC1,6.91
OPRM1,CHEMBL5864661,CCN[C@]1(c2ccccc2)CC[C@]2(CC1)CN(c1cnc(C(F)(F)F)nc1)C(=O)N2CC1(O)CCC1,6.91
OPRM1,CHEMBL5859933,COc1cc(NC(=O)CN2C[C@]3(CC[C@](c4ccccc4)(N(C)C)CC3)N(CC3CCC3)C2=O)ncn1,6.91
OPRM1,CHEMBL5741935,COCCCN1C(=O)N(CC(=O)Nc2cncnc2)C[C@]12CC[C@](c1ccccc1)(N(C)C)CC2,6.91
OPRM1,CHEMBL117321,CCCCCCCCCN1CC[C@]2(C)c3cc(O)ccc3CC1[C@H]2C,6.9
OPRM1,CHEMBL228794,OC1(c2ccccc2)CCN(C(c2ccccc2)c2ccccc2C(F)(F)F)CC1,6.9
OPRM1,CHEMBL413791,CC(C)CCC(c1ccccc1)N1CCC(O)(c2ccccc2)CC1,6.9
OPRM1,CHEMBL233503,NCc1ccccc1C1(O)CCN(C(c2ccccc2)c2ccccc2)CC1,6.9
OPRM1,CHEMBL391422,COc1ccc(C)c(OC(CCN2CCC(n3c(=O)n(C[S+](C)[O-])c4ccccc43)CC2)C(C)C)c1,6.9
OPRM1,CHEMBL466921,NC(=O)C1(c2ccc(F)cc2)CC2CCC(C1)N2C(c1ccccc1Cl)c1ccccc1Cl,6.9
OPRM1,CHEMBL460623,COCCN(C(=O)c1ccco1)C1c2ccccc2C=CC1N1CCN(c2ccccc2)CC1,6.9
OPRM1,CHEMBL584941,CCN(CC)C(=O)c1ccc(N(c2cccc(O)c2)C2CCN(CCc3ccsc3)CC2)cc1,6.9
OPRM1,CHEMBL585900,CCN(CC)C(=O)c1ccc(N(c2cccc(O)c2)C2CCN(CCC3CC3)CC2)cc1,6.9
OPRM1,CHEMBL1087278,CNC(=O)Cn1c(=O)n(C2CCN(C3CCC4CCCCC4C3)CC2)c2ccccc21,6.9
OPRM1,CHEMBL1642749,NC(=O)c1ccc2c(c1)CCCN2c1ccc(CNCCC2CCOCC2)cc1,6.9
OPRM1,CHEMBL4550656,COc1cccc(N2CC3(CCN(CCc4ccccc4)CC3)OC(C)C2=O)c1,6.9
OPRM1,CHEMBL4540888,CC1OC2(CCN(CCc3ccccn3)CC2)CN(c2cnccc2C(F)(F)F)C1=O,6.9
OPRM1,CHEMBL4777803,CSCC[C@H](NC(=O)[C@H](Cc1ccccc1)NC(=O)CNC(=O)[C@@H](C)NC(=O)[C@@H](N)Cc1ccc(O)cc1)C(=O)N1CCC[C@H]1C(=O)N[C@@H](CCC(N)=O)C(=O)N[C@@H](CCCNC(=N)N)C(=O)N[C@@H](Cc1ccccc1)C(N)=O,6.9
OPRM1,CHEMBL6067842,COc1ccc2c(c1)[C@]13CCN(CC4CC4)[C@H](C2)[C@]12CCC(NC(=O)C1CC1)(CO2)C3,6.9
OPRM1,CHEMBL5783143,CN(C)[C@]1(c2cccc(F)c2)C[C@@]2(CN(CC3(O)CCC3)C(=O)N2CC2CC2)C1,6.9
OPRM1,CHEMBL5818280,COCCOCCOCCOCCOCCNC(=O)CN1C[C@]2(CC[C@](c3ccccc3)(N(C)C)CC2)N(CC2CCC2)C1=O,6.9
OPRM1,CHEMBL5984799,CSc1cccc(NC(=O)CN2C[C@]3(CC[C@](c4ccccc4)(N(C)C)CC3)N(CC3CCC3)C2=O)n1,6.9
OPRM1,CHEMBL5880540,CN(C)[C@]1(c2ccccc2)CC[C@]2(CC1)CN(CC(=O)NCC(N)=O)C(=O)N2CC1CC1,6.9
OPRM1,CHEMBL5827317,COc1ccc(CN2C[C@]3(CC[C@](c4ccc(OC)cc4)(N(C)C)CC3)N(CC3CCC3)C2=O)cc1,6.9
OPRM1,CHEMBL3707075,Oc1ccc2c(c1)[C@H]1c3cc(O)ccc3[C@H](C2)N2CCC[C@@H]12,6.89
OPRM1,CHEMBL331043,CC1(C)SC[C@@H](C(=O)O)NC(=O)[C@H](Cc2ccccc2)NC(=O)CNC(=O)[C@@H]1NC(=O)[C@@H](N)Cc1ccc(O)cc1,6.89
OPRM1,CHEMBL372787,N[C@@H](Cc1ccc(O)cc1)C(=O)N[C@H]1CSSC[C@H](NC(=O)[C@@H](N)Cc2ccc(O)cc2)C(=O)NCC(=O)N[C@@H](Cc2ccccc2)C(=O)NNC(=O)[C@H](Cc2ccccc2)NC(=O)CNC1=O,6.89
OPRM1,CHEMBL200295,O=C(CCCCCCCCC(=O)Oc1ccc2c(c1)[C@]13CCCCC1[C@H](C2)N(CC1CCC1)CC3)Oc1ccc2c(c1)[C@]13CCCCC1[C@H](C2)N(CC1CCC1)CC3,6.89
OPRM1,CHEMBL383491,CC(=O)NCC[C@@H]1C[C@@](C)(c2cccc(O)c2)[C@@H](C)CN1CCc1ccccc1,6.89
OPRM1,CHEMBL236460,Cc1cc(O)cc(C)c1C[C@H](N)C(=O)NCc1nc(C)c(C)[nH]c1=O,6.89
OPRM1,CHEMBL238363,NC(=O)c1ccc(Oc2ccc3c(c2)CCCN(CCN2CCOCC2)C3)nc1,6.89
OPRM1,CHEMBL255768,CN(C)C[C@H]1CCCC[C@]1(OCC1CC1)c1cccc(O)c1,6.89
OPRM1,CHEMBL272063,CCO[C@]1(c2cccc(O)c2)CCCC[C@@H]1CN(C)C,6.89
OPRM1,CHEMBL570232,C=CCCN1CCC(N(c2ccc(C(=O)N(CC)CC)cc2)c2cccc(O)c2)CC1,6.89
OPRM1,CHEMBL1650845,OCC1(N2CCC(n3c(N4CC5CN(Cc6ccccc6)CC5C4)nc4ccccc43)CC2)CCCCCCC1,6.89
OPRM1,CHEMBL1766033,CCNC(=S)Nc1nc2cc3c(cc2s1)C[C@@H]1[C@@H]2CCCC[C@]32CCN1CC1CC1,6.89
OPRM1,CHEMBL340032,CC(C)C[C@@H](NC(=O)[C@H](Cc1ccccc1)NC(=O)CNC(=O)[C@@H](C)NC(=O)[C@@H](N)Cc1ccc(O)cc1)C(=O)O,6.89
OPRM1,CHEMBL3941054,O=C(O)[C@@H]1CCN1c1nc2ccccc2n([C@H]2C[C@H]3CCC[C@@H](C2)N3[C@@H]2C[C@@H]3CCCC[C@@H](C3)C2)c1=O,6.89
OPRM1,CHEMBL3914240,CN(C)C1(c2ccccc2)CCC(c2ccccc2)(N(C)Cc2cccc(C(F)(F)F)c2)CC1,6.89
OPRM1,CHEMBL4249256,COc1ccc2c3c1O[C@H]1[C@@]4(OC)C=C[C@@]5(C[C@@H]4C(=O)c4ccccc4)[C@@H](C2)N(CC2CC2)CC[C@]315,6.89
OPRM1,CHEMBL4644694,C=C(C(N)=O)[C@@H](NC(=O)[C@H](Cc1ccccc1)NC(=O)[C@@H](CCCNC(N)=O)NC(=O)[C@@H](N)Cc1ccc(O)cc1)c1ccco1,6.89
OPRM1,CHEMBL4636305,Oc1ccc2c3c1O[C@H]1c4ncc(-c5ccc(F)cc5F)cc4C[C@@]4(OCCCc5ccccc5)[C@@H](C2)N(CC2CC2)CC[C@]314,6.89
OPRM1,CHEMBL4784650,CCC(=O)N(Cc1cccs1)C1(C(=O)NCCc2cccc(F)c2)CCN(CCc2ccccc2)CC1,6.89
OPRM1,CHEMBL405355,COC(=O)C1=C(C)NC(C)=C(C(=O)OCCCN2CCC(c3ccccc3)(c3ccccc3)CC2)[C@H]1c1cccc([N+](=O)[O-])c1,6.89
OPRM1,CHEMBL5630841,COc1ccc2c3c1O[C@@H]1[C@]34CCN(CC3CC3)[C@H](C2)[C@]42C=C[C@@]1(OC)C(C(=O)c1ccccc1)C2,6.89
OPRM1,CHEMBL6195808,C[C@@H]1C[C@@H]2C[C@H](C1)C[C@H](N1[C@@H]3CCC[C@H]1C[C@@H](n1c(=O)c(CCP(=O)(O)O)nc4ccccc41)C3)C2,6.89
OPRM1,CHEMBL5744834,Cc1nc(CNC(=O)NC[C@@H](Cc2ccccc2)N(C)C)sc1C,6.89
OPRM1,CHEMBL6061669,COc1ccnc(NC(=O)CCN2C[C@]3(CC[C@](c4ccccc4)(N(C)C)CC3)N(CC3(O)CCC3)C2=O)n1,6.89
OPRM1,CHEMBL5871992,COCCCN1C(=O)N(CCC(=O)NCCS(C)(=O)=O)C[C@]12CC[C@](c1ccccc1)(N(C)C)CC2,6.89
OPRM1,CHEMBL5816339,CN(C)[C@]1(c2ccccc2)CC[C@]2(CC1)CN(c1cccc(S(C)(=O)=O)c1)C(=O)N2,6.89
OPRM1,CHEMBL5840129,CN[C@]1(c2ccccc2)CC[C@]2(CC1)CN(c1cnc(C)nc1)C(=O)N2CC1(O)CCC1,6.89
OPRM1,CHEMBL5851196,CN(C)[C@]1(c2ccccc2)CC[C@]2(CC1)CN(CC(=O)NC[C@H]1C[C@H](O)C1)C(=O)N2CC1CCC1,6.89
OPRM1,CHEMBL5824861,CCCN1C(=O)N(CC(=O)NCC(N)=O)C[C@]12CC[C@](c1ccccc1)(N(C)C)CC2,6.89
OPRM1,CHEMBL5816031,COCCCN1C(=O)N(CC(=O)Nc2ccnnc2)C[C@]12CC[C@](c1ccccc1)(N(C)C)CC2,6.89
OPRM1,CHEMBL6035387,CN(C)[C@]1(c2ccccc2)CC[C@]2(CC1)CN(CC(=O)Nc1ccncc1)C(=O)N2CC1(O)CCC1,6.89
OPRM1,CHEMBL6000393,CN[C@]1(c2ccccc2)CC[C@]2(CC1)CN(Cc1cn(CCO)nn1)C(=O)N2CC1(O)CCC1,6.89
OPRM1,CHEMBL5942078,CN(C)[C@]1(c2ccccc2)CC[C@]2(CC1)CN(CCc1cccnc1)C(=O)N2,6.89
OPRM1,CHEMBL241086,O=C1NCN(c2ccccc2)C12CCN(C1CCCc3c(Cl)cccc31)CC2,6.88
OPRM1,CHEMBL239824,O=C1NCN(c2ccccc2)C12CCN(C1CCCc3ccc(F)cc31)CC2,6.88
OPRM1,CHEMBL240033,O=C1NCN(c2ccccc2)C12CCN(Cc1ccsc1)CC2,6.88
OPRM1,CHEMBL3084533,COc1ccc([C@@]2(C(N)=O)C[C@H]3CC[C@@H](C2)N3C(c2ccccc2Cl)c2ccccc2Cl)nc1,6.88
OPRM1,CHEMBL2158956,CCCCCCCCC(N)C(=O)N[C@@H](Cc1ccc(O)cc1)C(=O)N1CCC[C@H]1C(=O)N[C@@H](Cc1c[nH]c2ccccc12)C(=O)N[C@@H](Cc1ccccc1)C(=O)NCC(=O)N[C@@H](CC(C)C)C(=O)N[C@@H](CCSC)C(N)=O,6.88
OPRM1,CHEMBL3596364,CCCN1CC[C@]23c4c5ccc(O)c4O[C@H]2c2[nH]c4ccccc4c2C[C@@]3(O)[C@H]1C5.Cl,6.88
OPRM1,CHEMBL3765741,N=C(N)NCCC[C@@H]1NC(=O)[C@H](NC(=O)[C@@H](N)Cc2ccc(O)cc2)CCCCNC(=O)CNC(=O)[C@H](Cc2ccc(O)cc2)NC1=O,6.88
OPRM1,CHEMBL4110440,CO[C@]12CC[C@@]3(C[C@@H]1COCc1ccccc1)[C@H]1Cc4ccc(NC(C)=O)c5c4[C@@]3(CCN1C)[C@H]2O5,6.88
OPRM1,CHEMBL3959501,CC(NC(=O)/C=C/c1ccccc1)C1CCC(c2cccc(F)c2)(N(C)C)CC1,6.88
OPRM1,CHEMBL4577693,CN1/C(=C/C=C/C=C/C2=[N+](CCCCCC(=O)NCC(=O)NCC(=O)NCC(=O)NCC(=O)NCCCNC(=N)Nc3ccc4[nH]c5c(c4c3)C[C@@]3(O)[C@H]4Cc6ccc(O)c7c6[C@@]3(CCN4CC3CC3)[C@H]5O7)c3ccc(S(=O)(=O)[O-])cc3C2(C)C)C(C)(C)c2cc(S(=O)(=O)O)ccc21,6.88
OPRM1,CHEMBL4748689,COC(=O)/C=C/[C@H]1[C@@H]2CCC[C@@]1(c1cccc(O)c1)CCN2CCc1ccccc1,6.88
OPRM1,CHEMBL5427406,COCC(=O)N(CC(C)N1CCC(c2ccccc2)CC1)c1ccccn1,6.88
OPRM1,CHEMBL5785050,CN1CC[C@]23c4c5ccc(CO)c4O[C@H]2[C@@H](O)CC[C@@]3(O)C1C5,6.88
OPRM1,CHEMBL411201,CCCC[C@@H](C(=O)N[C@@H](CC(=O)O)C(=O)N[C@@H](Cc1ccccc1)C(N)=O)N(C)C(=O)[C@H](Cc1c[nH]c2ccccc12)NC(=O)[C@H](CCC(=O)O)NC(=O)[C@H](Cc1ccccc1)NC(=O)[C@@H](N)Cc1ccc(O)cc1,6.87
OPRM1,CHEMBL107737,CC[C@H]1Cc2ccc(O)cc2C(C)(C)[C@@H]1N,6.87
OPRM1,CHEMBL2112347,CC(C)[C@H]1CC[C@@H](N2CCC3(CC2)[C@@H]2CN(c4ccccc4)C[C@@H]2CN3c2ccccc2)CC1,6.87
OPRM1,CHEMBL475707,CC(C)NCCN1CN(c2ccccc2)C2(CCN(Cc3c(Cl)cccc3Cl)CC2)C1=O,6.87
OPRM1,CHEMBL4115652,COCCOCCOCCOCCOCCOc1ccc(COC[C@H]2C[C@@]34CC[C@]2(OC)[C@@H]2Oc5c(OC)ccc6c5[C@@]23CCN(CC2CC2)[C@@H]4C6)cc1,6.87
OPRM1,CHEMBL4107594,O=C(O)[C@H]1CCN1c1nc2ccccc2n([C@H]2C[C@H]3CCC[C@@H](C2)N3[C@@H]2C[C@@H]3CCCC[C@@H](C3)C2)c1=O,6.87
OPRM1,CHEMBL4647353,Oc1ccc2c3c1O[C@H]1c4ncc(-c5ccccc5C5CC5)cc4C[C@@]4(OCCCc5ccccc5)[C@@H](C2)N(CC2CC2)CC[C@]314,6.87
OPRM1,CHEMBL5412869,CC(CN(C(=O)c1ccco1)c1ccccn1)N1CCC(c2ccccc2)CC1,6.87
OPRM1,CHEMBL6067843,COc1ccc2c(c1)[C@]13CCN(CC4CC4)[C@H](C2)[C@]12CCC(NC(=O)CC(F)(F)F)(CO2)C3,6.87
OPRM1,CHEMBL5817092,COCCCN1C(=O)N(c2cnc(C#N)nc2)C[C@]12CC[C@](c1ccccc1)(N(C)C)CC2,6.87
OPRM1,CHEMBL5934773,CN[C@]1(c2ccccc2)CC[C@]2(CC1)CN(c1cnc(OC)cn1)C(=O)N2CC1CCC1,6.87
OPRM1,CHEMBL5874567,CN(C)[C@]1(c2cccc(F)c2)CC[C@]2(CC1)CN(c1cnc(C(=O)NCC3CCC3)nc1)C(=O)N2CC1CCC1,6.87
OPRM1,CHEMBL5938301,CN(C)[C@]1(c2cccc(F)c2)CC[C@]2(CC1)CN(CC(=O)NCCO)C(=O)N2CC1CCC1,6.87
OPRM1,CHEMBL5845910,CCCN(C)[C@]1(c2ccccc2)CC[C@]2(CC1)CN(Cc1cccc(OC)c1)C(=O)N2CC1CCC1,6.87
OPRM1,CHEMBL5907929,COC(=O)c1ccccc1CN1C(=O)N(Cc2ccc(OC)cc2)C[C@]12CC[C@](c1ccccc1)(N(C)C)CC2,6.87
OPRM1,CHEMBL5919668,CN[C@]1(c2ccccc2)CC[C@]2(CC1)CN(Cc1ccc(OC)cc1)C(=O)N2CC1(O)CCC1,6.87
OPRM1,CHEMBL287981,CC(C)(C)NC(=O)NC[C@@H]1Cc2ccccc2CN1/C(S)=N/C[C@H]1CCCN1C(C)(C)C,6.86
OPRM1,CHEMBL391486,COc1ccc(C)c(OC(CCN2CCC(n3c(=O)n(CC(N)=O)c4ccccc43)CC2)C(C)C)c1,6.86
OPRM1,CHEMBL511162,CC1(C)CCC(N2CCC3(CC2)C(=O)N(CCNCc2ccccc2)CN3c2ccccc2)c2ccccc21,6.86
OPRM1,CHEMBL1080508,CNC(=O)Cn1c(=O)n(C2CCN(Cc3ccc(C)c4ccccc34)CC2)c2ccccc21,6.86
OPRM1,CHEMBL1951699,CN1C[C@H](O)[C@]2(c3cccc(O)c3)CCC[C@H]1C2,6.86
OPRM1,CHEMBL2064130,Cc1ccccc1C1CCN(CCC(=O)N2c3ccccc3CC2C(=O)N(C)C)CC1,6.86
OPRM1,CHEMBL2064159,Cc1cc(F)ccc1C1CCN(CCC(=O)N2c3ccccc3C[C@H]2C(=O)N(C)C)CC1,6.86
OPRM1,CHEMBL3785095,Oc1ccc(Br)c2c1CNC(CN1CCC3(CCc4ccccc43)CC1)C2,6.86
OPRM1,CHEMBL4471708,CN(C)C1(Cc2ccccc2)CCN(c2cc(C(F)(F)F)ccc2CNC(=O)Nc2cccc3ccc(O)cc23)CC1,6.86
OPRM1,CHEMBL5413536,CCCCCc1cc(O)c([C@@H]2C[C@@H](CO)CC[C@H]2C(C)C)c(O)c1,6.86
OPRM1,CHEMBL316930,C=C(C)CN1CCC23c4c5ccc(O)c4O[C@H]2c2n[nH]cc2C[C@@]3(O)C1C5,6.85
OPRM1,CHEMBL418080,Cc1cc(O)cc(C)c1CC(N)C(=O)N1Cc2cc(-c3ccsc3)ccc2C[C@H]1C(=O)O,6.85
OPRM1,CHEMBL374324,C[C@H]1CN2CCN(S(=O)(=O)c3ccccc3)C[C@H]2C[C@@]1(C)c1cccc(O)c1,6.85
OPRM1,CHEMBL471262,CCCN1CN(c2ccccc2)C2(CCN(C3CCC(C)(C)c4ccccc43)CC2)C1=O,6.85
OPRM1,CHEMBL511161,CCCCNCCN1CN(c2ccccc2)C2(CCN(C3CCCc4c(Cl)cccc43)CC2)C1=O,6.85
OPRM1,CHEMBL1094880,COC(=O)N1C[C@H]2[C@H](N3CCCC3)CC[C@@H]1CN2C(=O)Cc1ccc(Cl)c(Cl)c1,6.85
OPRM1,CHEMBL1946026,O=C(c1ccc(C(=C2CCN(Cc3cscn3)CC2)c2cccc3cccnc23)cc1)N1CCCC1,6.85
OPRM1,CHEMBL3945941,CC(=O)NCC1(C)CCC(c2ccccc2)(N(C)C)CC1,6.85
OPRM1,CHEMBL4639005,NC(=O)Nc1ccccc1-c1cnc2c(c1)C[C@@]1(OCCCc3ccccc3)[C@H]3Cc4ccc(O)c5c4[C@@]1(CCN3CC1CC1)[C@H]2O5,6.85
OPRM1,CHEMBL5177485,C[C@@H]1C(=O)N[C@@H](Cc2ccccc2)C(=O)N[C@@H](Cc2c[nH]c3ccccc23)C(=O)N[C@@H](Cc2ccccc2)C(=O)N1C,6.85
OPRM1,CHEMBL5087624,CC1(C)SSC(C)(C)[C@@H](NC(=O)[C@@H](N)Cc2ccc(O)cc2)C(=O)NCC(=O)N[C@@H](Cc2ccccc2)C(=O)N[C@H]1C(=O)O.O=C(O)C(F)(F)F,6.85
OPRM1,CHEMBL5949577,C[C@@H](Cc1ccsc1)NC(=O)NC[C@@]1(N(C)C)CCc2cc(O)ccc2C1,6.85
OPRM1,CHEMBL5925849,CN(C)[C@]1(c2ccccc2)CC[C@]2(CC1)CN(CCC(=O)Nc1cccnc1)C(=O)N2CC1(O)CCC1,6.85
OPRM1,CHEMBL5787031,CNC(=O)c1cccc(NC(=O)CN2C[C@]3(CC[C@](c4ccccc4)(N(C)C)CC3)N(CC3CCC3)C2=O)n1,6.85
OPRM1,CHEMBL5990781,CN[C@]1(c2ccccc2)CC[C@]2(CC1)CN(CC(=O)N(C)CC(N)=O)C(=O)N2CC1CCC1,6.85
OPRM1,CHEMBL5896351,C[C@@H](Cc1ccsc1)NC(=O)NCC(Cc1ccccc1)N(C)C,6.85
OPRM1,CHEMBL231607,CCCCCCC(c1ccccc1)N1CCC(O)(c2ccccc2)CC1,6.84
OPRM1,CHEMBL2113281,O=Cc1cc2ccc(C(=O)Nc3cccc4c5c([nH]c34)[C@@H]3Oc4c(O)ccc6c4[C@@]34CCN(CC3CC3)[C@H](C6)[C@]4(O)C5)cc2cc1C=O,6.84
OPRM1,CHEMBL232075,OC1(c2ccccc2CN2CCNCC2)CCN(C(c2ccccc2Cl)c2ccccc2Cl)CC1,6.84
OPRM1,CHEMBL410706,COc1ccc(C)c(OC(CCN2CCC(n3c(=O)n(Cc4cc(C)on4)c4ccccc43)CC2)C(C)C)c1,6.84
OPRM1,CHEMBL3084530,NC(=O)[C@]1(c2ccc(Cl)cn2)C[C@H]2CC[C@@H](C1)N2C(c1ccccc1Cl)c1ccccc1Cl,6.84
OPRM1,CHEMBL517167,CNCCN1CN(c2ccccc2)C2(CCN(Cc3c(Cl)cccc3Cl)CC2)C1=O,6.84
OPRM1,CHEMBL4090064,Cc1cc(C)cc(C2CCCN2Cc2ccc(Oc3ccc(C(N)=O)cc3F)c(Cl)c2)c1,6.84
OPRM1,CHEMBL4573960,CC(=O)Nc1cccc(CCN2CCC3(CC2)CN(c2ccccc2)C(=O)C(C)O3)c1,6.84
OPRM1,CHEMBL4776176,CCC(=O)N(CCc1ccccc1)C1(C(=O)NCCc2cccc(F)c2)CCN(CCc2ccccc2)CC1,6.84
OPRM1,CHEMBL5395539,CN(C)C(=O)C(CCN1C[C@H](F)C[C@H]1C(=O)NCCCCN1CCN(c2nsc3ccccc23)CC1)(c1ccccc1)c1ccccc1,6.84
OPRM1,CHEMBL5768671,CC(C)CN1C(=O)N(c2cnc(C#N)nc2)C[C@]12CC[C@](c1ccccc1)(N(C)C)CC2,6.84
OPRM1,CHEMBL5827861,CNC(=O)CN1C[C@]2(CC[C@](c3ccccc3)(N(C)C)CC2)N(CCOC)C1=O,6.84
OPRM1,CHEMBL5988154,CC(C)CN1C(=O)N(CC(=O)NCC(N)=O)C[C@]12CC[C@](c1ccccc1)(N(C)C)CC2,6.84
OPRM1,CHEMBL5981088,CN(C)[C@]1(c2ccccc2)CC[C@]2(CC1)CN(CC(=O)NCCO)C(=O)N2CC1CC1,6.84
OPRM1,CHEMBL5798703,CN(C)[C@]1(c2ccccc2)CC[C@]2(CC1)CN(Cc1cccc(S(C)(=O)=O)c1)C(=O)N2,6.84
OPRM1,CHEMBL115444,O=C(OCc1cc2c(cc1Cl)OCO2)N1CCC(n2c(O)nc3ccccc32)CC1,6.83
OPRM1,CHEMBL228912,OC1(c2ccccc2)CCN(C(c2ccccc2F)c2ccccc2F)CC1,6.83
OPRM1,CHEMBL390279,Cc1cccc(C(c2ccccc2)N2CCC(O)(c3ccccc3)CC2)c1,6.83
OPRM1,CHEMBL446814,CCCCCCC(N)C(=O)N[C@@H](Cc1ccc(O)cc1)C(=O)N1CCC[C@H]1C(=O)N[C@@H](Cc1c[nH]c2ccccc12)C(=O)N[C@@H](Cc1ccccc1)C(=O)N[C@@H]1O[C@H](C(N)=O)[C@@H](O)[C@H](O)[C@H]1O,6.83
OPRM1,CHEMBL4107470,COc1ccc2c3c1O[C@H]1[C@@]4(OC)CC[C@@]5(C[C@@H]4CSc4nc6ccccc6s4)[C@@H](C2)N(C)CC[C@]315,6.83
OPRM1,CHEMBL4107210,CO[C@]12CC[C@@]3(C[C@@H]1COCc1ccccc1)[C@H]1Cc4ccc(C#N)c5c4[C@@]3(CCN1C)[C@H]2O5,6.83
OPRM1,CHEMBL3930597,COc1ccc2c3c1O[C@H]1[C@@]4(OC)CC[C@@]5(C[C@@H]4COC(=O)[C@H](C)N)[C@@H](C2)N(CC2CC2)CC[C@]315,6.83
OPRM1,CHEMBL3904456,COc1ccc2c(c1)[C@]13CCN(C)[C@H](C2)[C@]1(O)C[C@H](CCOCc1ccccc1)C(=O)C3,6.83
OPRM1,CHEMBL4203641,O=c1[nH]c2ccc(Cl)cc2n1C1CCN(Cc2ccccc2Cl)CC1,6.83
OPRM1,CHEMBL4792476,CCC(=O)N(CCN1CCC(Cc2ccc(C)cc2)CC1)c1ccc(F)cc1,6.83
OPRM1,CHEMBL108894,Cc1ccc([C@H](N)[C@@H]2CCN2C(c2ccccc2)c2ccccc2)cc1F,6.82
OPRM1,CHEMBL362991,NC(=O)[C@@H]1CCCN1C(=O)[C@H](Cc1ccccc1)NC(=O)[C@@H]1CCCN1C(=O)[C@@H](N)Cc1ccc(O)cc1,6.82
OPRM1,CHEMBL136612,C[C@H]1CN(CCc2ccccc2)CC[C@@]1(C)c1cccc(N)c1,6.82
OPRM1,CHEMBL425897,CN(C(=O)Cc1ccc(CNS(C)(=O)=O)cc1)[C@H](CN1CC[C@H](O)C1)c1ccccc1,6.82
OPRM1,CHEMBL383610,O=C1NCN(c2ccccc2)C12CCN([C@H]1CCCC[C@H]1c1ccccc1)CC2,6.82
OPRM1,CHEMBL377140,O=C1NCN(c2ccccc2)C12CCN(C1CCCCC1c1ccccc1)CC2,6.82
OPRM1,CHEMBL390911,Nc1nc2cc3c(cc2o1)[C@@]12CCCC[C@H]1[C@@H](C3)N(CC1CC1)CC2,6.82
OPRM1,CHEMBL451830,NC(=O)[C@H]1O[C@@H](NC(=O)[C@H](Cc2ccccc2)NC(=O)[C@H](Cc2c[nH]c3ccccc23)NC(=O)[C@@H]2CCCN2C(=O)[C@@H](N)Cc2ccc(O)cc2)[C@H](O)[C@@H](O)[C@@H]1O,6.82
OPRM1,CHEMBL481548,CC1(N2CCC(n3c(-c4ccc5cc[nH]c5c4)nc4ccccc43)CC2)CCCCCCC1,6.82
OPRM1,CHEMBL3084531,NC(=O)[C@]1(c2ccc(Br)cn2)C[C@H]2CC[C@@H](C1)N2C(c1ccccc1Cl)c1ccccc1Cl,6.82
OPRM1,CHEMBL459783,COCCN(C(=O)Cc1cccc(OC)c1)C1c2ccccc2C=CC1N1CCN(c2ccccc2)CC1,6.82
OPRM1,CHEMBL566749,CC[C@]12CCNC[C@H]1Oc1ccc(O)cc12,6.82
OPRM1,CHEMBL2048781,Oc1cccc(CNc2ccc3c(c2)C[C@@H]2[C@@H]4CCCC[C@]34CCN2CC2CC2)c1,6.82
OPRM1,CHEMBL3325713,Cc1nn(-c2ccc(Cl)cc2Cl)c2c1C(=O)CC(C)(C)C2,6.82
OPRM1,CHEMBL3394005,O=C(Nc1nc2ccccc2n1CCN1CCCC1)c1cc2ccccc2[nH]1,6.82
OPRM1,CHEMBL4216570,Cc1cc(Cl)ccc1CN1CCC(n2c(=O)[nH]c3ccccc32)CC1,6.82
OPRM1,CHEMBL4209633,O=c1[nH]c2c(Cl)cc(Cl)cc2n1C1CCN(Cc2ccc(Br)cc2F)CC1,6.82
OPRM1,CHEMBL5090215,CN(C)C(=O)C(CCNCCCCN1CCc2ccc(C#N)cc2C1)(c1ccccc1)c1ccccc1,6.82
OPRM1,CHEMBL5395529,CN(C)C(CNC(=O)c1cc2ccccc2s1)c1ccc(Br)cc1,6.82
OPRM1,CHEMBL5596196,CN1CN2CC[C@]34c5c6ccc(O)c5OC3C(=O)CC[C@]24C1C6,6.82
OPRM1,CHEMBL6017979,CN(C)C1(c2cccc(F)c2)CC2(CN(CCS(C)(=O)=O)C(=O)N2CC2CC2)C1,6.82
OPRM1,CHEMBL6065721,CN[C@]1(c2ccccc2)CC[C@]2(CC1)CN(c1cnc(C(F)(F)F)nc1)C(=O)N2CC1(O)CCC1,6.82
OPRM1,CHEMBL5814829,COC(=O)c1ccc(NC(=O)CN2C[C@]3(CC[C@](c4ccccc4)(N(C)C)CC3)N(CC3CCC3)C2=O)nc1,6.82
OPRM1,CHEMBL5829016,CN[C@]1(c2ccccc2)CC[C@]2(CC1)CN(CC(=O)N(C)C(C)(C)C(N)=O)C(=O)N2CC1CCC1,6.82
OPRM1,CHEMBL5924995,COCCCN1C(=O)N(CC(=O)NC[C@H]2C[C@@H](O)C2)C[C@]12CC[C@](c1ccccc1)(N(C)C)CC2,6.82
OPRM1,CHEMBL6063658,COCCCN1C(=O)N(CC(=O)Nc2ccncn2)C[C@]12CC[C@](c1ccccc1)(N(C)C)CC2,6.82
OPRM1,CHEMBL5763340,Cc1ccc([C@H](C)NC(=O)NC[C@H](Cc2ccc(O)cc2)N(C)C)cc1,6.82
OPRM1,CHEMBL2112343,CC(C)[C@H]1CC[C@@H](N2CCC3(CC2)[C@@H]2CN(Cc4ccccc4)C[C@@H]2CN3c2ccccc2)CC1,6.81
OPRM1,CHEMBL4109818,CO[C@]12CC[C@@]3(C[C@@H]1COCc1ccccc1)[C@H]1Cc4ccc(C(O)CO)c5c4[C@@]3(CCN1CC1CC1)[C@H]2O5,6.81
OPRM1,CHEMBL4106647,COc1ccc2c3c1O[C@H]1[C@@]4(OC)CC[C@@]5(C[C@@H]4COCc4ccc(NC(C)=O)cc4)[C@@H](C2)N(CC2CC2)CC[C@]315,6.81
OPRM1,CHEMBL4114020,CC12C[C@H]3C[C@@H](N4[C@@H]5CCC[C@H]4C[C@@H](n4c(=O)c(N6CC[C@H]6C(=O)O)nc6ccccc64)C5)C[C@@H]1C[C@@H]2C3,6.81
OPRM1,CHEMBL3916201,CNC1(c2[nH]c3ccccc3c2C)CCC(c2cccc(F)c2)(N(C)C)CC1,6.81
OPRM1,CHEMBL4786209,CC1OC2(CCN(CCc3ccccc3)CC2)CN(C)C1=O,6.81
OPRM1,CHEMBL5084034,N=C(N)NCCC[C@@H](NC(=O)[C@@H](CCCNC(=N)N)NC(=O)CNC(=O)[C@@H]1CSSC[C@H](NC(=O)[C@@H](N)Cc2ccc(O)cc2)C(=O)N[C@@H](Cc2ccccc2)C(=O)N[C@@H](Cc2ccccc2)C(=O)N1)C(=O)O,6.81
OPRM1,CHEMBL5094439,C[C@H](NC(=O)CNC(=O)[C@@H](NC(=O)[C@H](Cc1ccccc1)NC(=O)CNC(=O)CNC(=O)[C@@H](N)Cc1ccc(O)cc1)c1ccccc1)C(=O)N[C@@H](CCCNC(=N)N)C(=O)N[C@@H](CCCCN)C(=O)N[C@@H](CO)C(=O)N[C@@H](C)C(=O)N[C@@H](CCCNC(=N)N)C(=O)N[C@@H](CCCCN)C(N)=O,6.81
OPRM1,CHEMBL79834,O=C1NCN(c2ccccc2)C12CCN(CCCOc1ccc(F)cc1)CC2,6.81
OPRM1,CHEMBL1200517,CN1C[C@H](C(=O)N[C@]2(C)O[C@@]3(O)[C@@H]4CCCN4C(=O)[C@H](Cc4ccccc4)N3C2=O)C[C@@H]2c3cccc4[nH]cc(c34)C[C@H]21.CS(=O)(=O)O,6.81
OPRM1,CHEMBL114163,CCCCCCCCN1CC[C@]2(C)c3cc(O)ccc3CC1[C@H]2C,6.8
OPRM1,CHEMBL3707096,COc1ccc2c(c1)[C@H]1c3cc(OC)ccc3[C@H](C2)N2CCC[C@@H]12,6.8
OPRM1,CHEMBL201434,C[C@H]1CN(CCc2ccccc2)[C@H](CCc2ccccc2)C[C@@]1(C)c1cccc(O)c1,6.8
OPRM1,CHEMBL242967,O=c1[nH]c2cc3c(cc2o1)[C@@]12CCCC[C@H]1[C@@H](C3)N(CC1CC1)CC2,6.8
OPRM1,CHEMBL568071,CCN(CCCCN(CC)Cc1cc2c(cc1O)[C@@]13CCCC[C@H]1[C@@H](C2)N(CC1CCC1)CC3)Cc1cc2c(cc1O)[C@@]13CCCC[C@H]1[C@@H](C2)N(CC1CCC1)CC3,6.8
OPRM1,CHEMBL1201776,CC[C@@H](c1cccc(O)c1)[C@@H](C)CN(C)C,6.8
OPRM1,CHEMBL2443253,c1ccc([C@]2(CCNCc3ccc4ccccc4c3)CCOC3(CCCC3)C2)nc1,6.8
OPRM1,CHEMBL2443273,c1ccc(CNCC[C@@]2(c3ccccn3)CCOC3(CCCC3)C2)nc1,6.8
OPRM1,CHEMBL4296735,Cl.Cl.OCCN1CC[C@]23Cc4nc5ccccc5cc4C[C@@]2(O)[C@H]1Cc1ccc(O)cc13,6.8
OPRM1,CHEMBL3409123,Oc1ccc2c(c1)[C@]1(CCCCCc3ccccc3)CCN(CCc3ccccc3C(F)(F)F)C[C@@H]1O2,6.8
OPRM1,CHEMBL3698818,CCOC(=O)c1nc2ccccc2n([C@H]2C[C@H]3CCC[C@@H](C2)N3C(C)CC(C)C)c1=O,6.8
OPRM1,CHEMBL4093524,CCCCN1CCc2ccccc2C1CNC(=O)c1ccc(C)cc1,6.8
OPRM1,CHEMBL4453773,C[C@H]1[C@H]2Cc3ccc(O)cc3[C@]1(C)CCN2CCC(=O)N(C)C(c1ccccc1)c1ccccc1,6.8
OPRM1,CHEMBL4634141,CC(=O)Nc1ccc(-c2cnc3c(c2)C[C@@]2(OCCCc4ccccc4)[C@H]4Cc5ccc(O)c6c5[C@@]2(CCN4CC2CC2)[C@H]3O6)cc1,6.8
OPRM1,CHEMBL4864739,CCC[C@H](c1nc2ccc(Br)cc2c(=O)n1CC)N1CCN[C@@H](C)C1,6.8
OPRM1,CHEMBL5084395,CCC(=O)N(CC1(N2CCN(CCOCC(F)(F)F)CC2)CCOCC1)c1cccc(C(F)(F)F)n1,6.8
OPRM1,CHEMBL5202810,CCC(=O)N(Cc1cccc(F)c1)C1CCN(CCc2ccccc2)CC1,6.8
OPRM1,CHEMBL5276128,C/C=C1/CN2CC[C@@]34c5cc(O)c(I)cc5N(C)[C@]35OC[C@@]4(C(=O)OC)[C@H]1C[C@H]25,6.8
OPRM1,CHEMBL5773391,COc1nc(C#N)ncc1N1C[C@]2(C[C@](c3ccccc3)(N(C)C)C2)N(CC2CCC2)C1=O,6.8
OPRM1,CHEMBL5798707,CN(C)[C@]1(c2ccccc2)CC[C@]2(CC1)CN(CCC(=O)Nc1nccc(O)n1)C(=O)N2CC1(O)CCC1,6.8
OPRM1,CHEMBL5885978,CN(C)[C@]1(c2ccccc2)CC[C@]2(CC1)CN(CCC(=O)Nc1ccccn1)C(=O)N2CC1(O)CCC1,6.8
OPRM1,CHEMBL6024236,CN(C)[C@]1(c2ccccc2)CC[C@]2(CC1)CN(CCC(=O)NCCO)C(=O)N2CC1(O)CCC1,6.8
OPRM1,CHEMBL5897891,COC(=O)c1cccc(NC(=O)CN2C[C@]3(CC[C@](c4ccccc4)(N(C)C)CC3)N(CC3CCC3)C2=O)n1,6.8
OPRM1,CHEMBL5780457,CN[C@]1(c2ccccc2)CC[C@]2(CC1)CN(CC(=O)NC(C)(C)C(N)=O)C(=O)N2CC1CCC1,6.8
OPRM1,CHEMBL5804359,COc1ccc(CN2C[C@]3(CC[C@](c4ccccc4)(N(C)C)CC3)N(CCS(C)(=O)=O)C2=O)cc1,6.8
OPRM1,CHEMBL6039396,COc1ccc(CN2C[C@]3(CC[C@](c4ccccc4)(N(C)C)CC3)N(C(=O)OCc3ccccc3)C2=O)cc1,6.8
OPRM1,CHEMBL5946750,CN(C)CC1CN(CCc2ccc(O)cc2)CCC1(O)c1cccc(C(N)=O)c1,6.8
OPRM1,CHEMBL67144,COCCNC(=O)c1ccc(C(=C2CC3CCC(C2)N3CCc2ccccc2)c2ccccc2)cc1,6.79
OPRM1,CHEMBL104200,CC1(C)c2cc(O)ccc2C[C@@H](S)[C@H]1N,6.79
OPRM1,CHEMBL437177,CC(C)S(=O)(=O)NCc1ccccc1C1(O)CCN(C(c2ccccc2Cl)c2ccccc2Cl)CC1,6.79
OPRM1,CHEMBL240298,CCCCNC(=O)Cn1c(=O)n(C2CCN(CCC(Oc3cc(OC)ccc3C)C(C)C)CC2)c2ccccc21,6.79
OPRM1,CHEMBL241085,O=C1NCN(c2ccccc2)C12CCN(C1CCCc3ccc(Cl)cc31)CC2,6.79
OPRM1,CHEMBL576267,CCN(CC)C(=O)c1ccc(N(c2cccc(O)c2)C2CCN(CCc3ccccc3F)CC2)cc1,6.79
OPRM1,CHEMBL1818230,CC(C)CNCc1ccc(-c2cccnc2S(=O)(=O)N2CCCC2)cc1,6.79
OPRM1,CHEMBL427214,Cc1cc(C(N)=O)cc(C)c1C[C@H](N)C(=O)N1Cc2ccccc2C[C@H]1c1nc(-c2ccccc2)c[nH]1,6.79
OPRM1,CHEMBL4106939,COc1ccc2c3c1O[C@H]1[C@@]4(OC)CC[C@@]5(C[C@@H]4COCc4cc6c(cc4Cl)OCO6)[C@@H](C2)[N+](C)(CC2CC2)CC[C@]315,6.79
OPRM1,CHEMBL4109778,CO[C@]12CC[C@@]3(C[C@@H]1COCc1ccccc1)[C@H]1Cc4ccc(OCC(=O)O)c5c4[C@@]3(CCN1CC1CC1)[C@H]2O5,6.79
OPRM1,CHEMBL4633024,C=C(C(N)=O)[C@@H](NC(=O)[C@H](Cc1c[nH]c2ccccc12)NC(=O)[C@@H](CCCNC(N)=O)NC(=O)[C@@H](N)Cc1ccc(O)cc1)c1ccco1,6.79
OPRM1,CHEMBL4638662,C=C(C(N)=O)[C@@H](NC(=O)[C@H](Cc1c[nH]c2ccccc12)NC(=O)[C@@H](CCN)NC(=O)[C@@H](N)Cc1ccc(O)cc1)c1ccco1,6.79
OPRM1,CHEMBL4783653,CCC(=O)N(Cc1ccco1)C1(C(=O)NCCc2cccc(F)c2)CCN(CCc2ccccc2)CC1,6.79
OPRM1,CHEMBL5080666,N=C(N)NCCC[C@@H](NC(=O)[C@@H](CCCNC(=N)N)NC(=O)CNC(=O)[C@@H]1CSSC[C@H](NC(=O)[C@@H](N)Cc2ccc(O)cc2)C(=O)N[C@@H](Cc2c[nH]c3ccccc23)C(=O)N[C@@H](Cc2ccccc2)C(=O)N1)C(=O)O,6.79
OPRM1,CHEMBL5625124,COc1ccc2c3c1O[C@H]1[C@@]4(OC)C=C[C@@]5(C[C@@H]4C(=O)c4ccc(NC(=O)Cc6ccccc6)cc4)[C@@H](C2)N(CC2CC2)CC[C@]315,6.79
OPRM1,CHEMBL6052956,CN(C)C[C@H]1CN(Cc2ccc(F)cc2Cl)CC[C@]1(O)c1cccc(C(N)=O)c1,6.79
OPRM1,CHEMBL178318,Cc1ccc(Cl)c(OC(CC(C)C)C(O)CN2CCC(n3c(O)nc4ccccc43)CC2)c1,6.78
OPRM1,CHEMBL232477,CNCc1ccccc1C1(O)CCN(C(c2ccccc2Cl)c2ccccc2Cl)CC1,6.78
OPRM1,CHEMBL515142,CCNCCN1CN(c2ccccc2)C2(CCN(Cc3c(Cl)cccc3Cl)CC2)C1=O,6.78
OPRM1,CHEMBL1808383,CS(=O)(=O)Nc1cccc([C@H]2[C@@H]3CN(CCCc4ccccc4)C[C@@H]32)c1,6.78
OPRM1,CHEMBL1808300,Oc1cccc2c1O[C@@H]1CC[C@@H]3C[C@]21CCN3CCc1ccccc1,6.78
OPRM1,CHEMBL2386894,CN1CC[C@@]2(CCc3ccc(F)cc3)c3cc(O)ccc3O[C@H]2C1,6.78
OPRM1,CHEMBL2386821,CN1CC[C@@]2(CCCc3ccccc3)c3cc(O)ccc3O[C@H]2C1,6.78
OPRM1,CHEMBL3262553,CCC1C(=O)N(C2CCN(CCCCc3ccc(-c4ccccc4)cc3)CC2)c2ccccc21,6.78
OPRM1,CHEMBL4065350,Cl.Oc1cccc(CCN(CCc2cccc(O)c2)CC2CCCCC2)c1,6.78
OPRM1,CHEMBL4459611,CN(C)C1(Cc2ccccc2)CCN(c2cc(C(F)(F)F)ccc2CNC(=O)Nc2ccc3cccnc3c2)CC1,6.78
OPRM1,CHEMBL4779284,CCC(=O)N(CCCCCN1CCC(Cc2ccccc2)CC1)c1ccc(OC)cc1,6.78
OPRM1,CHEMBL5085090,C[C@H](NC(=O)CNC(=O)[C@@H](NC(=O)[C@H](Cc1ccccc1)NC(=O)CNC(=O)CNC(=O)[C@@H](N)Cc1ccc(O)cc1)C(c1ccccc1)c1ccccc1)C(=O)N[C@@H](CCCNC(=N)N)C(=O)N[C@@H](CCCCN)C(=O)N[C@@H](CO)C(=O)N[C@@H](C)C(=O)N[C@@H](CCCNC(=N)N)C(=O)N[C@@H](CCCCN)C(N)=O,6.78
OPRM1,CHEMBL5090993,CCOCCN1CCN(C2(CN(C(=O)CC)c3cccc(C(F)(F)F)n3)CCOCC2)CC1,6.78
OPRM1,CHEMBL5085013,CN1C(=O)CNC(=O)[C@@H](NC(=O)[C@@H](N)Cc2ccc(O)cc2)CCCCNC(=O)C[C@H](C(=O)N2CCC[C@H]2C(=O)N[C@@H](CCC(N)=O)C(=O)N[C@@H](CCCNC(=N)N)C(=O)N[C@@H](Cc2ccccc2)C(N)=O)NC(=O)[C@@H]1Cc1ccccc1,6.78
OPRM1,CHEMBL5094675,CN1C(=O)CNC(=O)[C@H](NC(=O)[C@@H](N)Cc2ccc(O)cc2)CCCNC(=O)C[C@@H](C(=O)N2CCC[C@H]2C(=O)N[C@@H](CCC(N)=O)C(=O)N[C@@H](CCCNC(=N)N)C(=O)N[C@@H](Cc2ccccc2)C(N)=O)NC(=O)[C@@H]1Cc1ccccc1,6.78
OPRM1,CHEMBL5413807,FC(F)(F)c1cccc(N2CCN(CCC3(c4ccccn4)CCOC4(CCCC4)C3)CC2)n1,6.78
OPRM1,CHEMBL5425711,CC(CN(C(=O)C1CC1)c1ccccn1)N1CCC(c2ccccc2)CC1,6.78
OPRM1,CHEMBL5751131,CN(C)[C@]1(c2ccccc2)CC[C@]2(CC1)CN(CC1CCS(=O)(=O)CC1)C(=O)N2CC1(O)CCC1,6.78
OPRM1,CHEMBL5809922,CN[C@]1(c2ccccc2)CC[C@]2(CC1)CN(c1ccc(S(C)(=O)=O)cc1)C(=O)N2CC1CC1,6.78
OPRM1,CHEMBL5791924,CN[C@]1(c2ccccc2)CC[C@]2(CC1)CN(CC(=O)C1CCS(=O)(=O)CC1)C(=O)N2CC1CCC1,6.78
OPRM1,CHEMBL5779918,COCCCN1C(=O)N(CC(=O)NC[C@H]2C[C@H](O)C2)C[C@]12CC[C@](c1ccccc1)(N(C)C)CC2,6.78
OPRM1,CHEMBL5765764,CN(CC(N)=O)C(=O)CN1C[C@]2(CC[C@](c3cccc(F)c3)(N(C)C)CC2)N(CC2CCC2)C1=O,6.78
OPRM1,CHEMBL309783,CCNC(=O)NC[C@@H]1Cc2ccccc2CN1C(=O)[C@@H](N)Cc1c(C)cc(O)cc1C,6.77
OPRM1,CHEMBL202461,CCC[C@@H]1C[C@@](C)(c2cccc(O)c2)[C@@H](C)CN1C,6.77
OPRM1,CHEMBL201296,CCC[C@@H]1C[C@@](C)(c2cccc(O)c2)[C@@H](C)CN1Cc1ccccc1,6.77
OPRM1,CHEMBL212525,Cn1cc(C2CCN(C3Cc4cccc5cccc3c45)CC2O)c2cccnc21,6.77
OPRM1,CHEMBL388314,OC1(c2ccccc2)CCN(C(c2ccccc2)c2ccccc2Br)CC1,6.77
OPRM1,CHEMBL469188,C[C@H]1C2Cc3cc4nc[nH]c(=O)c4cc3[C@@]1(C)CCN2CC1CC1,6.77
OPRM1,CHEMBL507127,COc1ccc(C[C@@H]2NC(=O)[C@@H](Cc3c[nH]c4ccccc34)NC(=O)[C@H](Cc3ccccc3)NC(=O)[C@H]3CCCN3C2=O)cc1,6.77
OPRM1,CHEMBL1946021,CCN(CC)C(=O)c1ccc(C(=C2CCN(Cc3ccc(F)cc3)CC2)c2ccc(NC(C)=O)cc2)cc1,6.77
OPRM1,CHEMBL3216780,CCOc1ccc(Cc2nc3cc(NC(=N)c4cccs4)ccc3n2CCC2CCCN2C)cc1.Cl.Cl,6.77
OPRM1,CHEMBL4113588,COc1ccc2c3c1O[C@H]1[C@@]4(OC)CC[C@@]5(C[C@@H]4COC(=O)[C@@H](N)CCC(N)=O)[C@@H](C2)N(CC2CC2)CC[C@]315,6.77
OPRM1,CHEMBL4466714,CCCCN1CCC2(CCC(c3cccs3)(N(C)C)CC2)C1=O,6.77
OPRM1,CHEMBL4761246,N=C(N)NCCC[C@H](NC(=O)[C@H](CCC(N)=O)NC(=O)[C@@H]1CCCN1C(=O)[C@@H](CS)NC(=O)[C@H](Cc1ccccc1)NC(=O)CNC(=O)[C@@H](CS)NC(=O)[C@@H](N)Cc1ccc(O)cc1)C(=O)N[C@@H](Cc1ccccc1)C(N)=O,6.77
OPRM1,CHEMBL5093833,CCC(=O)N(CC1(N2CCN(C(CO)c3ccccc3)CC2)CCOCC1)c1cccc(C(F)(F)F)n1,6.77
OPRM1,CHEMBL5187144,CCCC(=O)N(Cc1ccccc1)C1CCN(CCc2ccccc2)CC1,6.77
OPRM1,CHEMBL1213351,CCC(=O)O[C@](Cc1ccccc1)(c1ccccc1)[C@H](C)CN(C)C,6.77
OPRM1,CHEMBL5955367,CN(C)[C@]1(c2ccccc2)CC[C@]2(CC1)CN(c1cc(C#N)ncn1)C(=O)N2CC1CCC1,6.77
OPRM1,CHEMBL6027435,CN(C)[C@]1(c2ccccc2)CC[C@]2(CC1)CN(c1ccccc1C#N)C(=O)N2CC1(O)CCC1,6.77
OPRM1,CHEMBL5847966,CN[C@]1(c2ccccc2)CC[C@]2(CC1)CN(c1cnc(C#N)nc1OC)C(=O)N2CC1(O)CCC1,6.77
OPRM1,CHEMBL5927439,CN(C)[C@]1(c2ccccc2)CC[C@]2(CC1)CN(CC(=O)NCCC(=O)N1CCOCC1)C(=O)N2CC1CCC1,6.77
OPRM1,CHEMBL5739571,CCCNC(=O)CCN1C(=O)N(Cc2ccc(OC)cc2)C[C@]12CC[C@](c1ccccc1)(N(C)C)CC2,6.77
OPRM1,CHEMBL5815820,CN(C)C(CNC(=O)OCCc1ccsc1)Cc1ccc(O)cc1,6.77
OPRM1,CHEMBL47412,C[C@H](NC(=O)c1c(CN2CCNCC2)c(-c2ccccc2)nc2ccccc12)C1CCCCC1,6.76
OPRM1,CHEMBL2112348,CC(C)[C@H]1CC[C@@H](N2CCC3(CC2)[C@@H]2CN(CCO)C[C@@H]2CN3c2ccccc2)CC1,6.76
OPRM1,CHEMBL418616,CN1CCC[C@@H]1C/N=C(\S)N1Cc2ccccc2C[C@H]1CNC(=O)NC(C)(C)C,6.76
OPRM1,CHEMBL439035,COc1ccc(C)c(OC(CCN2CCC(n3c(=O)n(CCN(C)Cc4ccccc4)c4ccccc43)CC2)C(C)C)c1,6.76
OPRM1,CHEMBL2386903,Oc1ccc2c(c1)[C@]1(CCc3ccccc3)CCN(CCc3ccccc3C(F)(F)F)C[C@@H]1O2,6.76
OPRM1,CHEMBL4115057,COc1ccc2c3c1O[C@H]1[C@@]4(OC)CC[C@@]5(C[C@@H]4C(NCC(=O)O)c4ccccc4)[C@@H](C2)N(CC2CC2)CC[C@]315,6.76
OPRM1,CHEMBL4110838,COc1ccc2c3c1O[C@H]1[C@@]4(OC)CC[C@@]5(C[C@@H]4C(NC(C)C(=O)O)c4ccccc4)[C@@H](C2)N(CC2CC2)CC[C@]315,6.76
OPRM1,CHEMBL5081900,C[C@H](NC(=O)CNC(=O)[C@H](Cc1ccc(O)cc1)NC(=O)[C@H](Cc1ccccc1)NC(=O)CNC(=O)CNC(=O)[C@@H](N)Cc1ccc(O)cc1)C(=O)N[C@@H](CCCNC(=N)N)C(=O)N[C@@H](CCCCN)C(=O)N[C@@H](CO)C(=O)N[C@@H](C)C(=O)N[C@@H](CCCNC(=N)N)C(=O)N[C@@H](CCCCN)C(N)=O,6.76
OPRM1,CHEMBL5092009,c1ccc([C@]2(CCNCc3ccc4ccccc4c3)CCOC3(CCOC3)C2)nc1,6.76
OPRM1,CHEMBL5091335,Oc1cccc([C@]23CCC[C@H](NCC2)[C@H]3O)c1,6.76
OPRM1,CHEMBL5190596,C=C(C)[C@@H]1CCC(C)=C[C@H]1c1c(O)cc(CCCC)cc1O,6.76
OPRM1,CHEMBL5824696,COCCCN1C(=O)N(CCC(=O)NC(C)(C)C(N)=O)C[C@]12CC[C@](c1ccccc1)(N(C)C)CC2,6.76
OPRM1,CHEMBL5952242,CN(C)[C@]1(c2ccccc2)CC[C@]2(CC1)CN(C1CCN(C(=O)c3ccncc3)CC1)C(=O)N2CC1CC1,6.76
OPRM1,CHEMBL5767833,CN(C)C(=O)CN(C)C(=O)CN1C[C@]2(CC[C@](c3ccccc3)(N(C)C)CC2)N(CC2CCC2)C1=O,6.76
OPRM1,CHEMBL5790351,COCCCN1C(=O)N(CC(=O)Nc2cccc(OC)n2)C[C@]12CC[C@](c1ccccc1)(N(C)C)CC2,6.76
OPRM1,CHEMBL5924154,CN(C)[C@]1(c2ccccc2)CC[C@]2(CC1)CN(CCc1ccccn1)C(=O)N2,6.76
OPRM1,CHEMBL114825,CNC(=O)CN1CN(c2ccccc2)C2(CCN(C(=O)OCc3cc4c(cc3Cl)OCO4)CC2)C1=O,6.75
OPRM1,CHEMBL2112341,CC(C)[C@H]1CC[C@@H](N2CCC3(CC2)[C@@H]2CN(CCN4CCOCC4)C[C@@H]2CN3c2ccccc2)CC1,6.75
OPRM1,CHEMBL422560,C[C@H]1C2C(=O)c3ccc(N)cc3[C@@]1(C)CCN2CC1CC1,6.75
OPRM1,CHEMBL228802,OC1(c2ccccc2)CCN(C(c2ccccc2)c2ccccc2F)CC1,6.75
OPRM1,CHEMBL235155,NC(=O)c1ccc(Oc2ccc3c(c2)CCN(Cc2ccccc2)C3)nc1,6.75
OPRM1,CHEMBL241157,COCCNC(=O)Cn1c(=O)n(C2CCN(CCC(Oc3cc(OC)ccc3C)C(C)C)CC2)c2ccccc21,6.75
OPRM1,CHEMBL261807,COC(=O)[C@@H]1C[C@H](OC(=O)c2ccc3ccccc3c2)C(=O)[C@H]2[C@@]1(C)CC[C@H]1C(=O)O[C@H](c3ccoc3)C[C@]21C,6.75
OPRM1,CHEMBL584530,CCC(O)c1cc2c(cc1O)[C@@]13CCCC[C@H]1[C@@H](C2)N(CC1CCC1)CC3,6.75
OPRM1,CHEMBL568818,CCN(CC)C(=O)c1ccc(N(c2cccc(O)c2)C2CCN(CCc3ccoc3)CC2)cc1,6.75
OPRM1,CHEMBL1096474,O=C(Cc1ccc(Cl)c(Cl)c1)N1C[C@H]2CC[C@H](N3CCCC3)[C@@H]1CN2Cc1ccccc1,6.75
OPRM1,CHEMBL1650843,OCC1(N2CCC(n3c(-c4ccc(Cl)cc4)nc4ccccc43)CC2)CCCCCCC1,6.75
OPRM1,CHEMBL1766029,c1ccc(Nc2nc3cc4c(cc3s2)C[C@@H]2[C@@H]3CCCC[C@]43CCN2CC2CC2)cc1,6.75
OPRM1,CHEMBL1946025,CCN(CC)C(=O)c1ccc(C(=C2CCN(Cc3cscn3)CC2)c2cccc3cccnc23)cc1,6.75
OPRM1,CHEMBL4106487,COc1ccc2c3c1O[C@H]1[C@@]4(OC)CC[C@@]5(C[C@@H]4COCc4ccccc4)[C@@H](C2)N(CC(N)=O)CC[C@]315,6.75
OPRM1,CHEMBL3906866,CNC(=O)CN(C)C1(c2ccccc2)CCC(c2ccccc2)(N(C)C)CC1,6.75
OPRM1,CHEMBL4453980,CN(C)C1(Cc2ccccc2)CCN(c2cc(C(F)(F)F)ccc2CNC(=O)Nc2ccc3ccncc3c2)CC1,6.75
OPRM1,CHEMBL4526669,Cc1ccc2nc(N3CCC(NCC(C)C)CC3)c(-c3nc(C)no3)cc2c1,6.75
OPRM1,CHEMBL4740521,N=C(N)NCCC[C@H](NC(=O)[C@H](CCC(N)=O)NC(=O)[C@@H]1CCCN1C(=O)[C@@H](CS)NC(=O)[C@H](Cc1ccccc1)NC(=O)CNC(=O)[C@H](CS)NC(=O)[C@@H](N)Cc1ccc(O)cc1)C(=O)N[C@@H](Cc1ccccc1)C(N)=O,6.75
OPRM1,CHEMBL5093051,CCCN1CCN(C2(CN(C(=O)CC)c3cccc(C(F)(F)F)n3)CCOCC2)CC1,6.75
OPRM1,CHEMBL5077091,Fc1ccc([C@]2(CCNCc3scc4c3CCC4)CCOC3(CCOCC3)C2)nc1,6.75
OPRM1,CHEMBL5409642,C[C@H](OC(=O)NC[C@H](Cc1ccc(O)cc1)N(C)C)c1ccccc1,6.75
OPRM1,CHEMBL5560156,Cc1cc(O)cc(C)c1C[C@H](N)C(=O)N[C@H](CCCNC(=N)N)C(=O)N[C@H](Cc1ccccc1)C(=O)N(C)CCC(=O)N[C@@H](CCCN1CCC(Cc2ccccc2)CC1)C(=O)N[C@@H](Cc1ccccc1)C(N)=O,6.75
OPRM1,CHEMBL5797878,CN(C)[C@]1(c2ccccc2)CC[C@]2(CC1)CN(CC(C)(C)C(N)=O)C(=O)N2CC1(C#N)CCC1,6.75
OPRM1,CHEMBL5839552,Cc1ncc(N2C[C@]3(CC[C@](c4ccccc4)(N(C)C)CC3)N(Cc3ccccn3)C2=O)cn1,6.75
OPRM1,CHEMBL5897234,CNC(=O)C(C)(C)NC(=O)CN1C[C@]2(CC[C@@](NC)(c3ccccc3)CC2)N(CC2CCC2)C1=O,6.75
OPRM1,CHEMBL5830607,CSc1ccnc(NC(=O)CN2C[C@]3(CC[C@](c4ccccc4)(N(C)C)CC3)N(CC3CCC3)C2=O)c1,6.75
OPRM1,CHEMBL5749103,CN(CC(N)=O)C(=O)CN1C[C@]2(CC[C@](c3ccc(F)cc3)(N(C)C)CC2)N(CC2CCC2)C1=O,6.75
OPRM1,CHEMBL6045887,COc1ccc(CN2C[C@]3(CC[C@](c4ccccc4)(N(C)C)CC3)N(C)C2=O)cc1,6.75
OPRM1,CHEMBL5788934,CN(C)C(CNC(=O)NC(C)(C)Cc1ccsc1)Cc1ccccc1,6.75
OPRM1,CHEMBL6143195,CCC(=O)N(c1ccccc1)C1(COC)CCN(CCN2CCCCC2)CC1,6.75
OPRM1,CHEMBL326548,CCCCCCCCCN1CC[C@]2(C)c3cc(O)ccc3CC1[C@@H]2C,6.74
OPRM1,CHEMBL364844,COC(=O)CN1Cc2ccccc2N(C2CCN(C3CCC(C(C)C)CC3)CC2)S1(=O)=O,6.74
OPRM1,CHEMBL228913,OC1(c2ccccc2)CCN(C(c2ccc(F)cc2)c2ccc(F)cc2)CC1,6.74
OPRM1,CHEMBL233957,CC1(C)CCC(N2CCC(O)(c3ccccc3CN)CC2)c2ccccc21,6.74
OPRM1,CHEMBL259292,COc1ccc(C)c(OC(CCN2CCC(n3c(=O)n(Cc4cnn[nH]4)c4ccccc43)CC2)C(C)C)c1,6.74
OPRM1,CHEMBL459784,COCCN(C(=O)Cc1ccc(Cl)cc1)C1c2ccccc2C=CC1N1CCN(c2ccccc2)CC1,6.74
OPRM1,CHEMBL568803,CCN(CC)C(=O)c1ccc(N(c2cccc(O)c2)C2CCN(CCc3cccs3)CC2)cc1,6.74
OPRM1,CHEMBL4106588,COc1ccc2c3c1O[C@H]1[C@@]4(OC)CC[C@@]5(C[C@@H]4COCc4ccc6ccccc6c4)[C@@H](C2)[N+](C)(CC2CC2)CC[C@]315,6.74
OPRM1,CHEMBL4205961,O=c1[nH]c2cc(Cl)ccc2n1C1CCN(Cc2ccccc2Cl)CC1,6.74
OPRM1,CHEMBL4461844,CCc1ccc2nc(N3CCC(NC4CCOCC4)CC3)c(-c3nc(C)no3)cc2c1,6.74
OPRM1,CHEMBL4513822,O=C1NCCCC(=O)N2CCC[C@@H]2C(=O)N[C@@H](Cc2ccccc2)C(=O)N[C@H]1Cc1c[nH]c2ccccc12,6.74
OPRM1,CHEMBL5073561,CCCC[C@H](NC(=O)[C@H](Cc1ccccc1)NC(=O)CNC(=O)CNC(=O)[C@@H](N)Cc1ccc(O)cc1)C(=O)NCC(=O)N[C@@H](C)C(=O)N[C@@H](CCCNC(=N)N)C(=O)N[C@@H](CCCCN)C(=O)N[C@@H](CO)C(=O)N[C@@H](C)C(=O)N[C@@H](CCCNC(=N)N)C(=O)N[C@@H](CCCCN)C(N)=O,6.74
OPRM1,CHEMBL5571215,NC(=O)[C@@H]1CCCN1C(=O)[C@H]1CC(=O)NCCCC[C@@H](NC(=O)[C@@H](N)Cc2ccc(O)cc2)C(=O)NCC(=O)N[C@@H](CCc2ccccc2)C(=O)N1,6.74
OPRM1,CHEMBL340724,CCN(CC)C(=O)c1ccc(C(C2CCCCC2)N2CCNCC2)cc1,6.73
OPRM1,CHEMBL184260,CCCC1CCC(N2CCC(N3c4ccccc4CNS3(=O)=O)CC2)CC1,6.73
OPRM1,CHEMBL233502,OCc1ccccc1C1(O)CCN(C(c2ccccc2)c2ccccc2)CC1,6.73
OPRM1,CHEMBL237071,NC(=O)c1ccc(Oc2ccc3c(c2)CCN(CCCc2ccccc2)C3)nc1,6.73
OPRM1,CHEMBL392548,COc1ccc(C)c(OC(CCN2CCC(n3c(=O)n(CC(=O)N(C)C)c4ccccc43)CC2)C(C)C)c1,6.73
OPRM1,CHEMBL3264439,C[C@H]1CN(CCOC(=O)[C@H]2Cc3ccc(O)cc3CN2)CC[C@@]1(C)c1cccc(O)c1,6.73
OPRM1,CHEMBL3695242,O=C(NO)c1nc2ccccc2n([C@H]2C[C@H]3CC[C@@H](C2)N3C2CCCCCCC2)c1=O,6.73
OPRM1,CHEMBL3911970,CCCCC1(N(C)C)CCC(NC)(c2ccccc2)CC1,6.73
OPRM1,CHEMBL5079202,CC[C@@H]1CN2CCc3c([nH]c4c(-c5ccoc5)ccc(OC)c34)[C@@H]2C[C@@H]1/C(=C\OC)C(=O)OC,6.73
OPRM1,CHEMBL1256844,CC1CCN(CC[C@H]2CCCN2S(=O)(=O)c2cccc(O)c2)CC1.Cl,6.73
OPRM1,CHEMBL2138684,CN[C@@H]1CCc2[nH]c3ccc(C(N)=O)cc3c2C1.O.O=C(O)CCC(=O)O,6.73
OPRM1,CHEMBL5624736,COc1ccc2c3c1O[C@H]1[C@@]4(OC)C=C[C@@]5(C[C@@H]4C(=O)c4ccc(NC(=O)c6cccnc6)cc4)[C@@H](C2)N(CC2CC2)CC[C@]315,6.73
OPRM1,CHEMBL5900535,Cc1cc(C2CC2)ncc1N1C[C@]2(C[C@](c3ccccc3)(N(C)C)C2)N(CC2CC2)C1=O,6.73
OPRM1,CHEMBL5888143,Cc1cc(C(F)(F)F)ncc1N1C[C@]2(CC[C@](c3cccc(O)c3)(N(C)C)CC2)NC1=O,6.73
OPRM1,CHEMBL5745410,COCCCN1C(=O)N(CC(=O)N(C)CC(N)=O)C[C@]12CC[C@](c1ccccc1)(N(C)C)CC2,6.73
OPRM1,CHEMBL5868082,CN(CCO)C(=O)CN1C[C@]2(CC[C@](c3cccc(F)c3)(N(C)C)CC2)N(CC2CCC2)C1=O,6.73
OPRM1,CHEMBL109659,Cc1cc(O)cc(C)c1C[C@H](C)C(=O)N[C@@H](C)C(=O)NCC(=O)N[C@@H](Cc1ccccc1)C(=O)N[C@@H](CC(C)C)C(N)=O,6.72
OPRM1,CHEMBL15428,COc1ccc(Cl)cc1-c1cccn(C(CN2CCC(O)C2)c2ccccc2)c1=O,6.72
OPRM1,CHEMBL219337,C[C@H]1CN2CCN(Cc3ccc(N(C)C)cc3)C[C@H]2C[C@@]1(C)c1cccc(O)c1,6.72
OPRM1,CHEMBL232076,CN1CCN(Cc2ccccc2C2(O)CCN(C(c3ccccc3Cl)c3ccccc3Cl)CC2)CC1,6.72
OPRM1,CHEMBL400035,Cc1ccccc1C(c1ccccc1C)N1CCC(O)(c2ccccc2CN)CC1,6.72
OPRM1,CHEMBL257264,CN(C)C[C@H]1CCCC[C@]1(OCCO)c1cccc(O)c1,6.72
OPRM1,CHEMBL270786,CCCO[C@]1(c2cccc(O)c2)CCCC[C@@H]1CN(C)C,6.72
OPRM1,CHEMBL3084555,NC(=O)C[C@]1(Cc2ccc(F)cc2)C[C@H]2CC[C@@H](C1)N2C(c1ccccc1Cl)c1ccccc1Cl,6.72
OPRM1,CHEMBL578173,CN1CC[C@]23CCCC[C@H]2[C@H]1Cc1cc(CNCc2ccccc2)c(O)cc13,6.72
OPRM1,CHEMBL1163015,COc1cc(N)c(Cl)cc1C(=O)NCCN(C)CC1CCCCC1(O)c1cccc(O)c1,6.72
OPRM1,CHEMBL1783826,O=C(NCCCN1CCC(c2c(Cl)cccc2Cl)CC1)[C@H]1CCCN1Cc1ccccc1,6.72
OPRM1,CHEMBL2179657,O=C(O[C@@]12Cc3cc(-c4ccc(Cl)cc4)cnc3[C@@H]3Oc4c(O)ccc5c4[C@@]31CCN(CC1CC1)[C@@H]2C5)c1ccccc1,6.72
OPRM1,CHEMBL3319088,CC(=O)N[C@H](Cc1c[nH]c2c(Br)cccc12)C(=O)N[C@@H](Cc1ccccc1)C(=O)NCC(N)=O,6.72
OPRM1,CHEMBL3965826,COc1ccc2c3c1O[C@H]1[C@@]4(OC)CC[C@@]5(C[C@@H]4CNC(=O)[C@H](C)N)[C@@H](C2)N(CC2CC2)CC[C@]315,6.72
OPRM1,CHEMBL4108301,COc1ccc2c3c1O[C@H]1[C@@]4(OC)CC[C@@]5(C[C@@H]4CSc4nncs4)[C@@H](C2)N(CC2CC2)CC[C@]315,6.72
OPRM1,CHEMBL4102256,C=CCN(CCc1ccc(O)cc1)CCc1cccc(O)c1.Cl,6.72
OPRM1,CHEMBL4061882,O=C1/C(=C/c2ccc(C(F)(F)F)cc2)C[C@@]2(O)[C@H]3Cc4ccc(O)c5c4[C@@]2(CCN3CC2CC2)[C@H]1O5,6.72
OPRM1,CHEMBL4215601,CCOc1ccc(C(C)N2CCC(n3c(=O)[nH]c4ccccc43)CC2)cc1,6.72
OPRM1,CHEMBL4451838,CC(=O)Nc1ccccc1CCN1CCC2(CC1)CN(c1ccccc1)C(=O)C(C)O2,6.72
OPRM1,CHEMBL4640310,C=C(C(N)=O)[C@@H](NC(=O)[C@H](Cc1c[nH]c2ccccc12)NC(=O)[C@@H](CN)NC(=O)[C@@H](N)Cc1ccc(O)cc1)c1ccco1,6.72
OPRM1,CHEMBL4752386,CC[C@H]1OC2(CCN(CCc3ccccc3)CC2)CN(C)C1=O,6.72
OPRM1,CHEMBL4779684,CCC(=O)N(Cc1ccc(C)cc1)C1(C(=O)NCCc2cccc(F)c2)CCN(CCc2ccccc2)CC1,6.72
OPRM1,CHEMBL5080233,N=C(N)NCCC[C@@H](NC(=O)[C@@H](CCCNC(=N)N)NC(=O)CNC(=O)[C@@H]1CSSC[C@H](NC(=O)[C@@H](N)Cc2ccc(O)cc2)C(=O)N[C@@H](Cc2c[nH]c3ccccc23)C(=O)N[C@@H](Cc2ccc(Cl)cc2)C(=O)N1)C(=O)O,6.72
OPRM1,CHEMBL5081955,CCC(=O)N(C[C@@H](C)N1CCC(Cc2ccccc2)CC1)c1ccccc1,6.72
OPRM1,CHEMBL5435537,C=Cc1cc(O)c([C@@H]2C=C(C)CC[C@H]2C(=C)C)c(O)c1,6.72
OPRM1,CHEMBL5412606,CN(C)C(=O)C(CCN1C[C@H](F)C[C@H]1C(=O)NCCCCN1CCN(c2cccc(C(F)(F)F)n2)CC1)(c1ccccc1)c1ccccc1,6.72
OPRM1,CHEMBL5412750,CCC(=O)N(CCCN1CCC(c2ccccc2)CC1)c1ccccn1,6.72
OPRM1,CHEMBL5531995,CCc1cccc(C)c1N(C(C)=O)C1CCN(CCc2ccccc2)CC1,6.72
OPRM1,CHEMBL1773188,Oc1cccc(N2CCN(CCCc3ccccc3)CC2)c1,6.72
OPRM1,CHEMBL6065362,C[C@@H](Cc1ccsc1)NC(=O)NC[C@@]1(N(C)C)Cc2ccc(O)cc2C1,6.72
OPRM1,CHEMBL5929691,COCCCN1C(=O)N(CCC(=O)N2CCC[C@@H]2C(N)=O)C[C@]12CC[C@](c1ccccc1)(N(C)C)CC2,6.72
OPRM1,CHEMBL5992003,CN(C(=O)CN1C[C@]2(CC[C@](c3ccccc3)(N(C)C)CC2)N(CC2CCC2)C1=O)C(C)(C)C(N)=O,6.72
OPRM1,CHEMBL6039430,CN(C)[C@]1(c2ccccc2)CC[C@]2(CC1)CN(Cc1ccccn1)C(=O)N2,6.72
OPRM1,CHEMBL302121,CCN(CC)C(=O)c1ccc(C(=C2CC3CCC(C2)N3C)c2ccc(O)cc2)cc1,6.71
OPRM1,CHEMBL47775,CC(C)N1CCN(Cc2c(-c3ccccc3)nc3ccccc3c2C(=O)N[C@@H](C)C2CCCCC2)CC1,6.71
OPRM1,CHEMBL115709,N#Cc1ccc(CCOC(=O)N2CCN(C/C=C/c3ccccc3)CC2)cc1,6.71
OPRM1,CHEMBL180499,Cc1ccc([N+](=O)[O-])cc1OC(CCN1CCC(n2c(O)nc3ccccc32)CC1)C(C)C,6.71
OPRM1,CHEMBL1818332,CC1(CNCc2ccc(-c3ccccc3S(=O)(=O)N3CCCC3)cc2)COC1,6.71
OPRM1,CHEMBL3747317,CO[C@]12C=C[C@@]3(C[C@@H]1C(=O)NCCCCCCN)[C@H]1Cc4ccc(O)c5c4[C@@]3(CCN1C)[C@H]2O5.Cl.Cl,6.71
OPRM1,CHEMBL3698858,O=c1c(N2CC3CNCC3C2)nc2ncccc2n1C1CCN(C2CCCCCCC2)CC1,6.71
OPRM1,CHEMBL4750006,N=C(N)NCCC[C@H](NC(=O)[C@H](CCC(N)=O)NC(=O)[C@@H]1CCCN1C(=O)[C@H]1CSSC[C@@H](NC(=O)[C@@H](N)Cc2ccc(O)cc2)C(=O)NCC(=O)N[C@@H](Cc2ccccc2)C(=O)N1)C(=O)N[C@@H](Cc1ccccc1)C(N)=O,6.71
OPRM1,CHEMBL4755334,CN[C@@H](Cc1ccc(O)cc1)C(=O)N[C@H](C)C(=O)NCC(=O)N[C@@H](Cc1ccccc1)C(=O)N[C@@H](CCC(N)=O)C(=O)N1CCC[C@H]1C(=O)N[C@@H](CCC(N)=O)C(=O)N[C@@H](CCCNC(=N)N)C(=O)N[C@@H](Cc1ccccc1)C(N)=O,6.71
OPRM1,CHEMBL5093399,Cc1cc(O)cc(C)c1C[C@H](NC(=O)[C@H](Cc1ccccc1)NC(=O)CNC(=O)CNC(=O)[C@@H](N)Cc1ccc(O)cc1)C(=O)NCC(=O)N[C@@H](C)C(=O)N[C@@H](CCCNC(=N)N)C(=O)N[C@@H](CCCCN)C(=O)N[C@@H](CO)C(=O)N[C@@H](C)C(=O)N[C@@H](CCCNC(=N)N)C(=O)N[C@@H](CCCCN)C(N)=O,6.71
OPRM1,CHEMBL256907,Cc1nnc(C(C)C)n1[C@H]1C[C@H]2CC[C@@H](C1)N2CC[C@H](NC(=O)C1CCC(F)(F)CC1)c1ccccc1,6.71
OPRM1,CHEMBL5936758,CN(C)[C@]1(c2ccccc2)CC[C@]2(CC1)CN(CC(=O)NC1CCS(=O)(=O)CC1)C(=O)N2CC1(O)CCC1,6.71
OPRM1,CHEMBL5931497,COCCN(C)[C@]1(c2ccccc2)CC[C@]2(CC1)CN(Cc1ccc(OC)cc1)C(=O)N2CC1CCC1,6.71
OPRM1,CHEMBL5961039,COc1ccc(CN2C[C@]3(CC[C@](c4ccccc4)(N(C)C)CC3)N(C[C@@H](C)O)C2=O)cc1,6.71
OPRM1,CHEMBL283301,CCN1C(=O)N(C2CCN(Cc3ccc4ccccc4c3)CC2)[C@@H]2CCCC[C@H]21,6.7
OPRM1,CHEMBL299713,Nc1nc2cc3c(cc2s1)C(=O)[C@@H]1C2CCCC[C@]32CCN1CC1CCC1,6.7
OPRM1,CHEMBL3707081,CC(=O)Oc1ccc2c(c1)[C@H]1c3cc(OC(C)=O)ccc3[C@H](C2)N(C)[C@@H]1C,6.7
OPRM1,CHEMBL188805,C=CCNC1CCc2ccc(O)cc2C1(C)C,6.7
OPRM1,CHEMBL390498,OC1(c2ccccc2)CCN(C(c2ccccc2)c2cccc(Cl)c2)CC1,6.7
OPRM1,CHEMBL231866,CNC(=O)NCc1ccccc1C1(O)CCN(C(c2ccccc2Cl)c2ccccc2Cl)CC1,6.7
OPRM1,CHEMBL238602,C=CCNC(=O)Cn1c(=O)n(C2CCN(CCC(Oc3cc(OC)ccc3C)C(C)C)CC2)c2ccccc21,6.7
OPRM1,CHEMBL475094,C=CCNCCN1CN(c2ccccc2)C2(CCN(C3CCC(C)(C)c4ccccc43)CC2)C1=O,6.7
OPRM1,CHEMBL575994,FCCCC1OC2(CCN(Cc3ccccc3)CC2)c2ccccc21,6.7
OPRM1,CHEMBL1087657,CNC(=O)Cn1c(=O)n(C2CCN(C3CCC(C(C)C)CC3)CC2)c2ccccc21,6.7
OPRM1,CHEMBL1650844,OCC1(N2CCC(n3c(N4CC5CNCC5C4)nc4ccccc43)CC2)CCCCCCC1,6.7
OPRM1,CHEMBL1818337,CC(C)CNCc1ccc(-c2ccccc2S(=O)(=O)N2CCOC[C@H]2C)cc1,6.7
OPRM1,CHEMBL1946616,CN1CCN(C(=O)c2ccc(C(=C3CCN(Cc4cscn4)CC3)c3cccc4cccnc34)cc2)CC1,6.7
OPRM1,CHEMBL2443274,c1ccc([C@]2(CCNCc3cccnc3)CCOC3(CCCC3)C2)nc1,6.7
OPRM1,CHEMBL3361425,N=C(N)NCCNC(=O)C1(Nc2ccccc2)CCN(Cc2ccccc2)CC1,6.7
OPRM1,CHEMBL4210229,O=c1[nH]c2ccccc2n1C1CCN(Cc2ccccc2Cl)CC1,6.7
OPRM1,CHEMBL4648915,COc1ccc(C2CCCN2Cc2ccc(Oc3ccc(C(=O)NO)cc3)cc2)cc1,6.7
OPRM1,CHEMBL5078349,N=C(N)NCCC[C@@H](NC(=O)[C@@H](CCCNC(=N)N)NC(=O)CNC(=O)[C@@H]1CSSC[C@H](NC(=O)[C@@H](N)Cc2ccc(O)cc2)C(=O)N[C@@H](Cc2ccccc2)C(=O)N[C@@H](Cc2ccc(Cl)cc2)C(=O)N1)C(=O)O,6.7
OPRM1,CHEMBL190044,CCC(COC(=O)c1cc(OC)c(OC)c(OC)c1)(c1ccccc1)N(C)C,6.7
OPRM1,CHEMBL5424782,CC(C)C(=O)N(CC(C)N1CCC(c2ccccc2)CC1)c1ccccn1,6.7
OPRM1,CHEMBL5791255,CN[C@]1(c2ccccc2)CC[C@]2(CC1)CN(CC(=O)NCC(=O)N(C)C)C(=O)N2CC1CCC1,6.7
OPRM1,CHEMBL5962472,COc1ccc(CN2C[C@]3(CC[C@](c4ccccc4)(N(C)CCO)CC3)N(CC3CCC3)C2=O)cc1,6.7
OPRM1,CHEMBL6007639,CN(C)[C@H](CNC(=O)NCCc1cn(Cc2ccccc2)nn1)Cc1ccc(O)cc1,6.7
OPRM1,CHEMBL47408,CC[C@H](NC(=O)c1c(CN2CCNCC2)c(-c2ccccc2)nc2ccccc12)c1ccccc1,6.69
OPRM1,CHEMBL107334,CC1(C)c2cc(O)ccc2C[C@@H](O)[C@H]1N,6.69
OPRM1,CHEMBL438919,COc1ccc(C)c(OC(CCN2CCC(n3c(=O)n(Cc4noc(C)n4)c4ccccc43)CC2)C(C)C)c1,6.69
OPRM1,CHEMBL3084534,NC(=O)[C@]1(c2ccc(N)cn2)C[C@H]2CC[C@@H](C1)N2C(c1ccccc1Cl)c1ccccc1Cl,6.69
OPRM1,CHEMBL515575,CC(C)CCNCCN1CN(c2ccccc2)C2(CCN(C3CCC(C)(C)c4ccccc43)CC2)C1=O,6.69
OPRM1,CHEMBL569316,CCN(CC)C(=O)c1ccc(N(c2cccc(O)c2)C2CCN(CCc3ccccn3)CC2)cc1,6.69
OPRM1,CHEMBL4296736,CCOCCN1CC[C@]23Cc4nc5ccccc5cc4C[C@@]2(O)[C@H]1Cc1ccc(O)cc13.Cl.Cl,6.69
OPRM1,CHEMBL4470425,CC1OC2(CCN(CCc3ccccc3)CC2)CN(c2cncc(F)c2)C1=O,6.69
OPRM1,CHEMBL4442473,CN(C)C1(Cc2ccccc2)CCN(c2cc(C(F)(F)F)ccc2CNC(=O)Nc2cccc3ccncc23)CC1,6.69
OPRM1,CHEMBL4530626,CN(C)[C@H](CNC(=O)NCCc1ccsc1)Cc1cccc2ccccc12,6.69
OPRM1,CHEMBL4781906,CCC(=O)N(c1ccccc1)C1(C(=O)Nc2ccc(OC)cc2)CCN(CCc2ccccc2)CC1,6.69
OPRM1,CHEMBL468,O=C1CCC(N2C(=O)c3ccccc3C2=O)C(=O)N1,6.69
OPRM1,CHEMBL5991987,CN(C)[C@]1(c2ccccc2)CC[C@]2(CC1)CN(CCN1CCOCC1)C(=O)N2CC1(O)CCC1,6.69
OPRM1,CHEMBL5837968,COCCOCCOCCOCCOCCOCCOCCNC(=O)CN1C[C@]2(CC[C@](c3ccccc3)(N(C)C)CC2)N(CC2CCC2)C1=O,6.69
OPRM1,CHEMBL5986224,CN(C)[C@]1(c2ccccc2)CC[C@]2(CC1)CN(CC(=O)N1CCC(S(C)(=O)=O)CC1)C(=O)N2CC1CC1,6.69
OPRM1,CHEMBL2113262,O=C1N[C@@H]2CCCC[C@H]2N1C1CCN(C2CCC3CCCCC3C2)CC1,6.68
OPRM1,CHEMBL97979,CC(c1ccc(C2CCCCC2)cc1)N1CCC(N2C(=O)Cc3ccccc32)CC1,6.68
OPRM1,CHEMBL202200,CCCCCN1C[C@H](C)[C@](C)(c2cccc(O)c2)C[C@H]1CCC,6.68
OPRM1,CHEMBL228690,OC1(c2ccccc2)CCN(C(c2ccccc2)c2ccccc2)CC1,6.68
OPRM1,CHEMBL3084548,N[C@]1(c2ccc(F)cn2)C[C@H]2CC[C@@H](C1)N2C(c1ccccc1Cl)c1ccccc1Cl,6.68
OPRM1,CHEMBL459573,COCCN(C(=O)COCc1ccccc1)C1c2ccccc2C=CC1N1CCN(c2ccccc2)CC1,6.68
OPRM1,CHEMBL446754,O=C1N[C@H](Cc2c[nH]c3ccccc23)C(=O)N[C@@H](Cc2ccc(F)cc2)C(=O)N2CCC[C@@H]2C(=O)N[C@H]1Cc1ccccc1,6.68
OPRM1,CHEMBL1818235,COC[C@@H]1CCCN1S(=O)(=O)c1ccccc1-c1ccc(CN2C[C@@H]3CCC[C@H]2C3)cc1,6.68
OPRM1,CHEMBL3695235,COc1ccc(NC(=O)c2nc3ccccc3n([C@@]3(C)C[C@H]4CC[C@@H](C3)N4C3CCCCCCC3)c2=O)cn1,6.68
OPRM1,CHEMBL4115536,COc1ccc2c3c1O[C@H]1[C@@]4(OC)CC[C@@]5(C[C@@H]4COCC(N)=O)[C@@H](C2)N(CC2CC2)CC[C@]315,6.68
OPRM1,CHEMBL4073963,CC(C)CCN(CCc1cccc(O)c1)CCc1cccc(O)c1.Cl,6.68
OPRM1,CHEMBL4082823,CN(C(=O)/C=C/c1ccccc1)[C@@H]1CC[C@@]2(O)[C@H]3[C@@H](O)c4ccc(O)c5c4[C@@]2(CCN3CC2CC2)[C@H]1O5,6.68
OPRM1,CHEMBL5082031,CCC(=O)N(CC1(N2CCNCC2)CCOCC1)c1cccc(C(F)(F)F)n1,6.68
OPRM1,CHEMBL5429557,CN(C)[C@H](CNC(=O)[C@H]1C[C@]1(C)c1ccccc1)Cc1ccc(O)cc1,6.68
OPRM1,CHEMBL5801633,COCCCN1C(=O)N(CCC(=O)NCC(N)=O)C[C@]12CC[C@](c1ccccc1)(N(C)C)CC2,6.68
OPRM1,CHEMBL5996732,CN(C)[C@]1(c2ccccc2)CC[C@]2(CC1)CN(CCS(C)(=O)=O)C(=O)N2CC1(O)CCC1,6.68
OPRM1,CHEMBL5911741,CN(CC(N)=O)C(=O)CN1C[C@]2(CC[C@@](c3ccccc3)(N(C)C)CC2)N(CC2CCC2)C1=O,6.68
OPRM1,CHEMBL5800753,C[C@@H](Cc1ccsc1)NC(=O)NC[C@H](Cc1ccnc(O)c1)N(C)C,6.68
OPRM1,CHEMBL238364,NC(=O)c1ccc(Oc2ccc3c(c2)CCCN(CCCN2CCOCC2)C3)nc1,6.67
OPRM1,CHEMBL272805,CC(C)(C)C1CCC(N2CCC3(CC2)C(=O)N(Cc2ccccc2)Cc2ccccc23)CC1,6.67
OPRM1,CHEMBL410257,COc1ccc(C)c(OC(CCN2CCC(n3c(=O)n(Cc4c[nH]cn4)c4ccccc43)CC2)C(C)C)c1,6.67
OPRM1,CHEMBL513667,CCNC(=O)C1(c2ccccc2)CC2CCC(C1)N2C(c1ccccc1Cl)c1ccccc1Cl,6.67
OPRM1,CHEMBL4106700,COCCOCCOCCOCCOCCOC[C@H]1C[C@@]23CC[C@]1(OC)[C@@H]1Oc4c(OC)ccc5c4[C@@]12CCN(CC1CC1)[C@@H]3C5,6.67
OPRM1,CHEMBL3976681,COc1ccc2c(c1)[C@]13CCN(CC4CC4)[C@H](C2)[C@@H]1C[C@@H](C(C)C)C(=O)C3,6.67
OPRM1,CHEMBL3932117,CN(C)CC1(Cc2ccccc2)CCC(c2ccccc2)(N(C)C)CC1,6.67
OPRM1,CHEMBL5076707,CCC(=O)N(CCN1CCN(Cc2ccccc2)CC1)c1ccccc1,6.67
OPRM1,CHEMBL5087504,Oc1cccc(C(CCNCCCCN2CCN(c3ccccc3)CC2)c2cccc(O)c2)c1,6.67
OPRM1,CHEMBL5568049,Oc1cccc(CN2[C@@H]3CC[C@H]2CN(CCCc2ccccc2)C3)c1,6.67
OPRM1,CHEMBL5790997,COCCN1C(=O)N(c2ccccc2)C[C@]12CC[C@](c1ccccc1)(N(C)C)CC2,6.67
OPRM1,CHEMBL5833187,CNC(=O)CNC(=O)CN1C[C@]2(CC[C@@](NC)(c3ccccc3)CC2)N(CC2CCC2)C1=O,6.67
OPRM1,CHEMBL5870298,CN[C@]1(c2ccccc2)CC[C@]2(CC1)CN(CC(=O)NC1COC1)C(=O)N2CC1(O)CCC1,6.67
OPRM1,CHEMBL5806590,COc1ccc(CN2C[C@]3(CC[C@](c4ccccc4)(N(C)C)CC3)N(Cc3ccncn3)C2=O)cc1,6.67
OPRM1,CHEMBL326875,CCCCC(=N)NCCc1ccc2[nH]c3c(c2c1)C[C@@]1(O)C2Cc4ccc(O)c5c4[C@@]1(CCN2CC1CC1)[C@H]3O5,6.66
OPRM1,CHEMBL3707077,CC(=O)Oc1ccc2c(c1)[C@H]1c3cc(OC(C)=O)ccc3[C@H](C2)N2CCC[C@@H]12,6.66
OPRM1,CHEMBL500122,COC(=O)[C@@H]1C[C@H](OS(=O)(=O)c2ccc(C)cc2)C(=O)[C@H]2[C@@]1(C)CC[C@H]1C(=O)O[C@H](c3ccoc3)C[C@]21C,6.66
OPRM1,CHEMBL562898,CCN(CC)C(=O)c1cc(C2=CC3(CCNCC3)Oc3ccccc32)cs1,6.66
OPRM1,CHEMBL1946617,O=C(c1ccc(C(=C2CCN(Cc3cscn3)CC2)c2cccc3cccnc23)cc1)N1CCC(O)CC1,6.66
OPRM1,CHEMBL3695665,COc1ccc(CN2C=C3[C@H]4Cc5ccc(OC)cc5[C@@]3(CCN4CC3CC3)CC2=O)cc1,6.66
OPRM1,CHEMBL4111763,COc1ccc2c3c1O[C@H]1[C@@]4(OC)CC[C@@]5(C[C@@H]4CNCC(=O)O)[C@@H](C2)N(CC2CC2)CC[C@]315,6.66
OPRM1,CHEMBL4090148,O=C(NCC1NCCc2ccccc21)c1ccc(Cl)cc1,6.66
OPRM1,CHEMBL4202958,O=c1[nH]c2cc(Cl)ccc2n1C1CCN(Cc2ccc(Br)cc2F)CC1,6.66
OPRM1,CHEMBL4642564,C=C(C(N)=O)[C@@H](NC(=O)[C@H](Cc1c[nH]c2ccccc12)NC(=O)[C@@H](CCCNC(=N)N)NC(=O)[C@@H](N)Cc1ccc(O)cc1)c1ccco1,6.66
OPRM1,CHEMBL4762816,CN1CC2(CCN(CCc3ccccc3)CC2)OC2(CC2)C1=O,6.66
OPRM1,CHEMBL4793250,N=C(N)NCCC[C@H](NC(=O)[C@H](CCC(N)=O)NC(=O)[C@@H]1CCCN1C(=O)[C@H](CS)NC(=O)[C@H](Cc1ccccc1)NC(=O)CNC(=O)[C@@H](CS)NC(=O)[C@@H](N)Cc1ccc(O)cc1)C(=O)N[C@@H](Cc1ccccc1)C(N)=O,6.66
OPRM1,CHEMBL5076040,C=CCOc1ccc(C[C@H](NC(C)=O)C(=O)N[C@@H](Cc2ccc(OCC=C)cc2)C(=O)N[C@@H](Cc2ccccc2)C(=O)N[C@@H](CCCNC(=N)N)C(=O)N[C@@H](CC(C)C)C(=O)N[C@@H](CCCNC(=N)N)C(=O)N[C@@H](CCCNC(=N)N)C(=O)N[C@H](C)C(=O)N[C@@H](CCCNC(=N)N)C(=O)N2CCC[C@H]2C(=O)N[C@@H](CCCCN)C(N)=O)cc1,6.66
OPRM1,CHEMBL5981218,CN(C)[C@]1(c2ccccc2)CC[C@]2(CC1)CN(c1cnc(C#N)nc1)C(=O)N2CC1(C)CCC1,6.66
OPRM1,CHEMBL5899155,COc1cccc(NC(=O)CN2C[C@]3(CC[C@](c4ccccc4)(N(C)C)CC3)N(CC3CCC3)C2=O)n1,6.66
OPRM1,CHEMBL5916363,COc1ccc(CN2C[C@]3(CC[C@](c4ccccc4)(N(C)C)CC3)N(CC#N)C2=O)cc1,6.66
OPRM1,CHEMBL6000714,COc1ccc(CN2C[C@]3(CC[C@](c4ccccc4)(N(C)C)CC3)N(CCCO)C2=O)cc1,6.66
OPRM1,CHEMBL5790843,C[C@@H](Cc1ccsc1)NC(=O)NCC(Cc1ccc(O)cc1)N(C)Cc1ccccc1,6.66
OPRM1,CHEMBL45362,CC(C)N1CCN(Cc2c(-c3ccccc3)nc3ccccc3c2C(=O)NC2CCCCC2)CC1,6.65
OPRM1,CHEMBL317956,CC(C)[C@H](NC(=O)[C@H](CC(=O)O)NC(=O)[C@H](Cc1ccccc1)NC(=O)[C@@H](C)NC(=O)[C@@H](N)Cc1ccc(O)cc1)C(=O)N[C@H](C(=O)NCC(N)=O)C(C)C,6.65
OPRM1,CHEMBL428253,COc1ccc(C)c(OC(CCN2CCC(n3c(=O)n(Cn4cccn4)c4ccccc43)CC2)C(C)C)c1,6.65
OPRM1,CHEMBL387816,C[C@H](NC(=O)[C@@H]1CCCN1C(=O)[C@@H](N)Cc1ccc(O)cc1)C(=O)N[C@@H](Cc1ccccc1)C(N)=O,6.65
OPRM1,CHEMBL513990,O=C(O[C@@]12CCC(=O)[C@@H]3Oc4c(O)ccc5c4[C@@]31CCN(CC1CC1)[C@@H]2C5)c1ccc2ccccc2c1,6.65
OPRM1,CHEMBL3086745,Cl.O=C(O[C@@]12CCC(=O)[C@@H]3Oc4c(O)ccc5c4[C@@]31CCN(CC1CC1)[C@@H]2C5)c1ccc2ccccc2c1,6.65
OPRM1,CHEMBL3264744,CC(C)CN1CC[C@@]23c4c5ccc(O)c4OCO[C@]46CC[C@@]2(O[C@H](C(=O)N4Cc2ccccc2)[C@H]63)[C@H]1C5,6.65
OPRM1,CHEMBL3786899,c1ccc2c(c1)CNC(CN1CCC3(CCc4ccccc43)CC1)C2,6.65
OPRM1,CHEMBL4215851,Cc1ccc2c(c1)[nH]c(=O)n2C1CCN(Cc2ccccc2Cl)CC1,6.65
OPRM1,CHEMBL4457595,CN(C)C1(Cc2ccccc2)CCN(c2cc(C(F)(F)F)ccc2CNC(=O)Nc2ccc3c(c2)OCC3)CC1,6.65
OPRM1,CHEMBL5208375,CCC(=O)N(Cc1ccc(F)cc1)C1CCN(CCc2ccccc2)CC1,6.65
OPRM1,CHEMBL5885706,CN(C)[C@]1(c2ccccc2)CC[C@@]2(CC1)CN(CC(N)=O)C(=O)N2CC1CC1,6.65
OPRM1,CHEMBL2112215,C=C(C)CN(CC)C(=O)c1ccc(/C(=C2\C[C@H]3CC[C@@H](C2)N3CCc2ccccc2)c2ccccc2)cc1,6.64
OPRM1,CHEMBL3707100,C[C@@H]1[C@H]2c3ccccc3C[C@@H](c3ccccc32)N1C,6.64
OPRM1,CHEMBL100574,O=C1Cc2ccccc2N1C1CCN(C(C2CCCCC2)C2CCCCC2)CC1,6.64
OPRM1,CHEMBL425929,O=C1NCN(c2ccc(Cl)cc2)C12CCN([C@H]1CCCC[C@H]1c1ccccc1)CC2,6.64
OPRM1,CHEMBL383044,C[C@H]1CN(CCc2ccccc2)[C@H](CCCc2ccccc2)C[C@@]1(C)c1cccc(O)c1,6.64
OPRM1,CHEMBL210770,Clc1ccc2[nH]cc(C3CCN(Cc4ccccc4)CC3)c2c1,6.64
OPRM1,CHEMBL1650847,CN1CCN(c2nc3ccccc3n2C2CCN(C3(CO)CCCCCCC3)CC2)CC1,6.64
OPRM1,CHEMBL611438,CN1CC[C@]23c4c5ccc(O)c4O[C@H]2c2ncc(-c4ccc(Cl)cc4)cc2C[C@@]3(O)[C@H]1C5,6.64
OPRM1,CHEMBL3786486,CN1C(=O)c2ccccc2CC1CN1CCC2(CCc3ccccc32)CC1,6.64
OPRM1,CHEMBL4096973,Cl.Oc1cccc(CCN(CCc2cccc(O)c2)CC2CCC2)c1,6.64
OPRM1,CHEMBL4467156,CC(C)[C@H]1CC[C@@H](N2CCC(n3cc(CCNC(N)=S)c4ccccc43)CC2)CC1,6.64
OPRM1,CHEMBL4578716,CCCCN1CCC2(CCC(Cc3ccccc3)(N(C)C)CC2)C1=O,6.64
OPRM1,CHEMBL5896222,CN(C)[C@]1(c2ccccc2)CC[C@@]2(CC1)CN(CC(C)(C)C#N)C(=O)N2CC1CC1,6.64
OPRM1,CHEMBL5979595,COCCCN1C(=O)N(CC(=O)NCCO)C[C@]12CC[C@](c1ccccc1)(N(C)C)CC2,6.64
OPRM1,CHEMBL114280,Oc1nc2ccccc2n1CCCNCc1cc2c(cc1Cl)OCO2,6.63
OPRM1,CHEMBL199434,Cn1c(N2CCC(c3ccccc3)(c3nccn3Cc3ccccc3)CC2)nc2ccccc21,6.63
OPRM1,CHEMBL238282,CNC(=N)c1ccc(Oc2ccc(CNCCc3ccccc3)cc2)nc1,6.63
OPRM1,CHEMBL398089,NC(=O)c1ccc(Oc2ccc3c(c2)CN(Cc2ccccc2)CC3)nc1,6.63
OPRM1,CHEMBL240896,O=C1NCN(c2ccccc2)C12CCN(Cc1cccnc1)CC2,6.63
OPRM1,CHEMBL3084655,Oc1ccc([C@H]2C[C@H]3CC[C@@H](C2)N3C(c2ccccc2Cl)c2ccccc2Cl)nc1,6.63
OPRM1,CHEMBL571610,COc1cccc2c1O[C@H]1CCC[C@H]3CN(C)CC[C@@]231,6.63
OPRM1,CHEMBL1921839,NC(=O)c1ccc(Oc2ccc(CN3CCCC3c3ccccc3)cc2)nc1,6.63
OPRM1,CHEMBL2064134,CN(C)C(=O)C1Cc2ccccc2N1C(=O)CCN1CCN(c2cnccn2)CC1,6.63
OPRM1,CHEMBL4296720,CN1CC[C@]23Cc4nc5ccccc5cc4C[C@@]2(O)[C@H]1Cc1ccc(O)cc13.Cl.Cl,6.63
OPRM1,CHEMBL3955335,CCCC(=O)OC1(c2[nH]c3ccccc3c2C)CCC(c2cccc(F)c2)(N(C)C)CC1,6.63
OPRM1,CHEMBL4084291,Cl.Oc1ccc(CCN(CCc2cccc(O)c2)CC2CCCCC2)cc1,6.63
OPRM1,CHEMBL4435280,CC(C)[C@H]1CC[C@@H](N2CCC(n3ccc4ccccc43)CC2)CC1,6.63
OPRM1,CHEMBL5176125,Cc1ccc(CN(C(=O)c2ccco2)C2CCN(CCc3ccccc3)CC2)cc1,6.63
OPRM1,CHEMBL5624553,CCCC(CCC)C(=O)Nc1ccc(C(=O)[C@H]2C[C@@]34C=C[C@]2(OC)[C@@H]2Oc5c(OC)ccc6c5[C@@]23CCN(CC2CC2)[C@@H]4C6)cc1,6.63
OPRM1,CHEMBL5852709,CN(C)[C@]1(c2ccccc2)CC[C@]2(CC1)CN(CC(C)(C)NS(C)(=O)=O)C(=O)N2CC1(O)CCC1,6.63
OPRM1,CHEMBL5998675,CN(C)[C@]1(c2ccccc2)CC[C@]2(CC1)CN(c1cccc(C#N)c1)C(=O)N2CC1CCC1,6.63
OPRM1,CHEMBL5905643,CN(C)S(=O)(=O)c1ccc(N2C[C@]3(CC[C@](c4ccccc4)(N(C)C)CC3)N(CC3CCC3)C2=O)c(C(F)(F)F)c1,6.63
OPRM1,CHEMBL5801778,CN(C)[C@]1(c2ccccc2)CC[C@]2(CC1)CN(CC(=O)N1CCC(S(C)(=O)=O)CC1)C(=O)N2CC1(O)CCC1,6.63
OPRM1,CHEMBL63948,O=C(c1ccc(C(=C2CC3CCC(C2)N3CCc2ccccc2)c2ccccc2)cc1)N1CCOCC1,6.62
OPRM1,CHEMBL240941,COc1ccc(C)c(OC(CCN2CCC(n3c(=O)n(CC(=O)NC(C)C)c4ccccc43)CC2)C(C)C)c1,6.62
OPRM1,CHEMBL473278,CC1(C)CCC(N2CCC3(CC2)C(=O)N(CCNCC2CC2)CN3c2ccccc2)c2ccccc21,6.62
OPRM1,CHEMBL582929,CC[C@]12CCN(C)C[C@H]1Oc1ccc(O)cc12,6.62
OPRM1,CHEMBL2064158,CN(C)C(=O)[C@@H]1Cc2ccccc2N1C(=O)CCN1CCC(c2ccc(F)cc2)CC1,6.62
OPRM1,CHEMBL4108501,COc1ccc2c3c1O[C@H]1[C@@]4(OC)CC[C@@]5(C[C@@H]4COCc4ccc(C)cc4)[C@@H](C2)[N+](C)(CC2CC2)CC[C@]315,6.62
OPRM1,CHEMBL4555508,CN(C)C1(Cc2ccccc2)CCN(c2cc(C(F)(F)F)ccc2CNC(=O)Nc2ccc(CO)c(F)c2)CC1,6.62
OPRM1,CHEMBL4562769,CN(C)C1(Cc2ccccc2)CCN(c2cc(C(F)(F)F)ccc2CNC(=O)Nc2cccc3[nH]c(=O)ccc23)CC1,6.62
OPRM1,CHEMBL4790216,CCC(=O)N(CCN1CCC(Cc2ccccc2)CC1)c1ccccn1,6.62
OPRM1,CHEMBL5082892,CN1C(=O)CNC(=O)[C@H](NC(=O)[C@@H](N)Cc2ccc(O)cc2)CNC(=O)C[C@@H](C(=O)N2CCC[C@H]2C(=O)N[C@@H](CCC(N)=O)C(=O)N[C@@H](CCCNC(=N)N)C(=O)N[C@@H](Cc2ccccc2)C(N)=O)NC(=O)[C@@H]1Cc1ccccc1,6.62
OPRM1,CHEMBL5083473,CCc1cccc(N2CCN(CCC(c3cccc(O)c3)c3cccc(OC)c3)CC2)c1Cl,6.62
OPRM1,CHEMBL5187189,COCC(=O)N(Cc1ccc(F)cc1)C1CCN(CCc2ccccc2)CC1,6.62
OPRM1,CHEMBL5413043,C=C(C)[C@@H]1CCC(C)=C[C@H]1c1c(O)cc(CC(C)C)cc1O,6.62
OPRM1,CHEMBL5557000,CCc1cccc(C)c1N(C(=O)C1CCCC1)C1CCN(CCc2ccccc2)CC1,6.62
OPRM1,CHEMBL5559659,C[C@@H]1CN(CCCc2ccccc2)C[C@H](C)N1c1cccc(O)c1,6.62
OPRM1,CHEMBL5665379,CN1CCC2(c3cccc(O)c3)Cc3nc4ccccc4cc3CC2C1,6.62
OPRM1,CHEMBL5806044,COc1ccccc1CN1C(=O)N(c2cnc(C)nc2)C[C@]12CC[C@](c1ccccc1)(N(C)C)CC2,6.62
OPRM1,CHEMBL6051359,CN[C@]1(c2ccccc2)CC[C@]2(CC1)CN(c1cncnc1)C(=O)N2CC1(O)CCC1,6.62
OPRM1,CHEMBL5923477,CN(C)[C@]1(c2ccccc2)CC[C@]2(CC1)CN(CC(=O)N1CCC(C(N)=O)CC1)C(=O)N2CC1CC1,6.62
OPRM1,CHEMBL5943353,CN(C)[C@]1(c2ccccc2)CC[C@]2(CC1)CN(CCc1cncnc1)C(=O)N2,6.62
OPRM1,CHEMBL5840056,CN(C)[C@]1(c2ccccc2)CC[C@]2(CC1)CN(Cc1ccncc1)C(=O)N2,6.62
OPRM1,CHEMBL5776546,CN(C)[C@H](CNC(=O)NCCN1C(=O)C=CC1=O)Cc1ccc(O)cc1,6.62
OPRM1,CHEMBL440765,CN(C(=O)Cc1ccccc1)[C@H]1CC[C@@]2(CCCO2)C[C@@H]1N1CCCC1,6.61
OPRM1,CHEMBL267211,NC(=O)[C@@H](Cc1ccc2ccccc2c1)NC(=O)[C@H](Cc1c[nH]c2ccccc12)NC(=O)[C@@H]1CCCN1C(=O)[C@@H](N)Cc1ccc(O)cc1,6.61
OPRM1,CHEMBL388123,Cc1ccccc1C(c1ccccc1)N1CCC(O)(c2ccccc2)CC1,6.61
OPRM1,CHEMBL399393,COc1ccc(C)c(OC(CCN2CCC(n3c(=O)n(CC(=O)NC(C)(C)C)c4ccccc43)CC2)C(C)C)c1,6.61
OPRM1,CHEMBL241112,CCCC(c1ccccc1)N1CCC2(CC1)C(=O)NCN2c1ccccc1,6.61
OPRM1,CHEMBL259473,CC(C)(C)C1CCC(N2CCC3(CC2)C(=O)N(Cc2ccccc2)Cc2cccc(F)c23)CC1,6.61
OPRM1,CHEMBL461257,COCCN(C(=O)COc1ccc(Cl)cc1)C1c2cc(OC)c(OC)cc2CCC1N(C)C,6.61
OPRM1,CHEMBL3698764,COc1nc2ccccc2n([C@H]2C[C@H]3CC[C@@H](C2)N3C2CCCCCCC2)c1=O,6.61
OPRM1,CHEMBL3970857,O=C(O)[C@@H]1CCN1c1nc2ccccc2n([C@H]2C[C@H]3CCC[C@@H](C2)N3[C@H]2C[C@@H]3CCC[C@@H](C3)C2)c1=O,6.61
OPRM1,CHEMBL4790011,C[C@@H](NC(=O)[C@@H](N)Cc1ccc(O)cc1)C(=O)NCC(=O)N[C@@H](Cc1ccccc1)C(=O)N[C@H](C)C(=O)N1CCC[C@H]1C(=O)N[C@@H](CCC(N)=O)C(=O)N[C@@H](CCCNC(=N)N)C(=O)N[C@@H](Cc1ccccc1)C(N)=O,6.61
OPRM1,CHEMBL5074744,CC(C)c1nnc(CCNC(=O)COCC(=O)NCCCCCCCNC(=O)COCC(=O)N[C@@H]2CC[C@@]3(O)[C@H]4Cc5ccc(O)c6c5[C@@]3(CCN4CC3CC3)[C@H]2O6)n1C1C[C@H]2CC[C@@H](C1)N2CC[C@H](NC(=O)C1CCC(F)(F)CC1)c1ccccc1,6.61
OPRM1,CHEMBL5409840,CN(C)[C@@H](CNC(=O)N[C@@H](c1ccccc1)C1CC1)Cc1ccc(O)cc1,6.61
OPRM1,CHEMBL5930543,CN(C)[C@]1(c2ccccc2)CC[C@]2(CC1)CN(CCC(=O)Nc1ncccn1)C(=O)N2CC1(O)CCC1,6.61
OPRM1,CHEMBL5890134,CN[C@]1(c2ccccc2)CC[C@]2(CC1)CN(c1ccc(S(=O)(=O)N(C)C)cc1C(F)(F)F)C(=O)N2CC1CCC1,6.61
OPRM1,CHEMBL5992973,CN[C@]1(c2ccccc2)CC[C@]2(CC1)CN(c1ccccc1)C(=O)N2CC(=O)N(C)C,6.61
OPRM1,CHEMBL5886905,CN[C@]1(c2ccccc2)CC[C@]2(CC1)CN(c1cnc(C(F)(F)F)nc1)C(=O)N2CC1CC1,6.61
OPRM1,CHEMBL412248,CC(=O)N[C@@H](Cc1ccc(O)cc1)C(=O)N[C@@H](CCCCN)C(=O)N[C@@H](Cc1c[nH]c2ccccc12)C(=O)N[C@@H](Cc1c[nH]c2ccccc12)C(=O)N[C@@H](CC(C)C)C(=O)N[C@@H](CCCN=C(N)N)C(=O)N[C@@H](CCCN=C(N)N)C(=O)N[C@H](C)C(=O)N[C@@H](CCCN=C(N)N)C(=O)N1CCC[C@H]1C(=O)N[C@@H](CCCCN)C(N)=O,6.6
OPRM1,CHEMBL438571,CC(=O)N[C@@H](Cc1ccc(O)cc1)C(=O)N[C@@H](CCCCN)C(=O)N[C@@H](Cc1c[nH]c2ccccc12)C(=O)N[C@@H](Cc1c[nH]c2ccccc12)C(=O)N[C@@H](CC(C)C)C(=O)N[C@@H](CCCN=C(N)N)C(=O)N[C@@H](CCCN=C(N)N)C(=O)N[C@@H](C)C(=O)N[C@@H](CCCN=C(N)N)C(=O)N1CCC[C@H]1C(=O)N[C@@H](CCCCN)C(N)=O,6.6
OPRM1,CHEMBL233750,NCc1ccccc1C1(O)CCN(C(c2ccccc2Cl)c2ccccc2Cl)CC1,6.6
OPRM1,CHEMBL260519,C=CCN1C[C@H]2C(c3ccccc3)=CC[C@@H]1CN2Cc1ccc(C(=O)N(CC)CC)cc1,6.6
OPRM1,CHEMBL3349258,COc1cccc([C@]2(CNC(C)=O)C[C@H]3CC[C@@H](C2)N3C(c2ccccc2Cl)c2ccccc2Cl)n1,6.6
OPRM1,CHEMBL1258503,NC(=O)c1cccc(O[C@@H]2C[C@H]3CC[C@@H](C2)N3CC(=O)Nc2ccccc2)c1,6.6
OPRM1,CHEMBL1808303,Oc1ccc2c(c1)[C@]13CCN(CCc4ccccc4)[C@H](CC[C@@H]1O2)C3,6.6
OPRM1,CHEMBL2443284,CCC1(CC)CC(CCNCc2ccccc2)(c2ccc(F)cc2)CCO1,6.6
OPRM1,CHEMBL4639111,O=C(N[C@H]1CN(S(=O)(=O)c2ccccc2)C[C@@H]1C(=O)N[C@H]1CCCNC1)c1cc(-c2ccccc2Cl)on1,6.6
OPRM1,CHEMBL4788431,CC(C)C[C@H](NC(=O)[C@H](Cc1ccccc1)NC(=O)CNC(=O)[C@@H](C)NC(=O)[C@@H](N)Cc1ccc(O)cc1)C(=O)N1CCC[C@H]1C(=O)N[C@@H](CCC(N)=O)C(=O)N[C@@H](CCCNC(=N)N)C(=O)N[C@@H](Cc1ccccc1)C(N)=O,6.6
OPRM1,CHEMBL4783373,CCC(=O)N(CCN1CCC(Cc2ccccc2)CC1)c1ncccc1F,6.6
OPRM1,CHEMBL540612,COc1ccccc1N1CCN(CCCCNC(=O)c2ccc3ccccc3c2)CC1.Cl,6.6
OPRM1,CHEMBL5860146,Cc1ccc2c(c1)n(CC1CC1)c(=O)n2C1CCN(Cc2ccccc2Cl)CC1,6.6
OPRM1,CHEMBL5861771,CNC(=O)CCN1C[C@]2(CC[C@](c3ccccc3)(N(C)C)CC2)N(CC2(O)CCC2)C1=O,6.6
OPRM1,CHEMBL5788051,CN(C)[C@]1(c2ccccc2)CC[C@]2(CC1)CN(c1cnc(C#N)cn1)C(=O)N2CC1CCC1,6.6
OPRM1,CHEMBL5845648,CN(C)[C@]1(c2ccccc2)CC[C@]2(CC1)CN(c1cnccn1)C(=O)N2CC1CCC1,6.6
OPRM1,CHEMBL5868767,CN(C)[C@]1(c2ccccc2)CC[C@]2(CC1)CN(Cc1cccnc1)C(=O)N2,6.6
OPRM1,CHEMBL115998,CCCCCCCN1CC[C@]2(C)c3cc(O)ccc3CC1[C@H]2C,6.59
OPRM1,CHEMBL322875,CC(C)=CC[C@@]12Cc3c([nH]c4ccccc34)[C@]3(C)Oc4c(O)ccc5c4[C@]13CCN(C)C2C5,6.59
OPRM1,CHEMBL228911,OC1(c2ccccc2)CCN(C(c2ccccc2Cl)c2ccccc2Cl)CC1,6.59
OPRM1,CHEMBL3394003,CSc1c[nH]c(C(=O)Nc2nc3ccccc3n2CCN2CCCC2)c1,6.59
OPRM1,CHEMBL3935191,O=C(O)[C@@H]1CCN1c1nc2ccccc2n([C@H]2C[C@H]3CC[C@@H](C2)N3[C@@H]2C[C@@H]3CCCC[C@@H](C3)C2)c1=O,6.59
OPRM1,CHEMBL3961206,Cc1c(C2(N(C)C)CCC(c3ccccc3)(N(C)C)CC2)[nH]c2ccc(F)cc12,6.59
OPRM1,CHEMBL3946171,CN(C)c1nc(N(C)C)nc(N(C)C2(c3ccccc3)CCC(c3ccccc3)(N(C)C)CC2)n1,6.59
OPRM1,CHEMBL4078954,CC(C)CCN(CCc1ccccc1)CCc1cccc(O)c1.Cl,6.59
OPRM1,CHEMBL5208252,O=C(C1CC1)N(Cc1cccc(F)c1)C1CCN(CCc2ccccc2)CC1,6.59
OPRM1,CHEMBL5424620,CCC(=O)N(CC(CC)N1CCN(c2ccccc2)CC1)c1ccccn1,6.59
OPRM1,CHEMBL5517852,COc1ccccc1N1[C@@H]2CC[C@H]1CN(CCCc1ccccc1)C2,6.59
OPRM1,CHEMBL5911909,CC(c1ccc(C(F)(F)F)cc1)N1CCC(n2c(=O)[nH]c3cc(Cl)ccc32)CC1,6.59
OPRM1,CHEMBL5827905,CN(C)[C@]1(c2ccccc2)CC[C@]2(CC1)CN(CC(=O)N1CCC(C)(O)CC1)C(=O)N2CC1CC1,6.59
OPRM1,CHEMBL6006249,CN(C)[C@]1(c2ccccc2)CC[C@]2(CC1)CN(CCn1ccnc1)C(=O)N2,6.59
OPRM1,CHEMBL63912,CCNC(=O)c1ccc(C(=C2CC3CCC(C2)N3)c2ccc(O)cc2)cc1,6.58
OPRM1,CHEMBL370912,C=C(C)C(=O)O[C@H]1C[C@@H](C(=O)OC)[C@]2(C)CC[C@H]3C(=O)O[C@H](c4ccoc4)C[C@]3(C)[C@H]2C1=O,6.58
OPRM1,CHEMBL381419,Cc1ccccc1[C@]1(O)CCCC[C@H]1N1CCC2(CC1)C(=O)NCN2c1ccccc1,6.58
OPRM1,CHEMBL208862,Clc1cccc2c(C3CCN(C4Cc5cccc6cccc4c56)CC3)c[nH]c12,6.58
OPRM1,CHEMBL212575,Cc1[nH]c2ccc(Cl)cc2c1C1CCN(C2Cc3cccc4cccc2c34)CC1,6.58
OPRM1,CHEMBL265195,COC(=O)[C@@H]1C[C@H](OC(=O)c2ccc([N+](=O)[O-])cc2)C(=O)[C@H]2[C@@]1(C)CC[C@H]1C(=O)O[C@H](c3ccoc3)C[C@]21C,6.58
OPRM1,CHEMBL526349,CCCCCCC(NC(=O)[C@H](Cc1ccccc1)NC(=O)[C@H](Cc1c[nH]c2ccccc12)NC(=O)[C@@H]1CCCN1C(=O)[C@H](Cc1ccc(O)cc1)NC(=O)CCC(=O)N[C@@H]1O[C@H](CO)[C@@H](O)[C@H](O)[C@H]1O)C(N)=O,6.58
OPRM1,CHEMBL3084560,NC(=O)[C@]1(c2ccncc2)C[C@H]2CC[C@@H](C1)N2C(c1ccccc1Cl)c1ccccc1Cl,6.58
OPRM1,CHEMBL1672185,Cl.Oc1cccc([C@]23CCC[C@H](C2)N(C[C@@H]2C[C@@H]2c2ccccc2)CC3)c1,6.58
OPRM1,CHEMBL3746274,CO[C@]12C=C[C@@]3([C@@H]4C(=O)N(CCCCCCNC(=O)OC(C)(C)C)C(=O)[C@@H]41)[C@H]1Cc4ccc(O)c5c4[C@@]3(CCN1C)[C@H]2O5,6.58
OPRM1,CHEMBL3698794,CC(NC(=O)c1nc2ccccc2n([C@H]2C[C@H]3CC[C@@H](C2)N3C2CCCCCCC2)c1=O)C(=O)O,6.58
OPRM1,CHEMBL4108094,COc1ccc2c3c1O[C@H]1[C@@]4(OC)CC[C@@]5(C[C@@H]4COCc4ccc(C(C)(F)F)cc4)[C@@H](C2)[N+](C)(CC2CC2)CC[C@]315,6.58
OPRM1,CHEMBL4114584,CO[C@]12CC[C@@]3(C[C@@H]1COCc1ccccc1)[C@H]1Cc4ccc(CC(O)CO)c5c4[C@@]3(CCN1CC1CC1)[C@H]2O5,6.58
OPRM1,CHEMBL4448670,CC1OC2(CCN(CCc3ccccc3)CC2)CN(c2ncccc2C(F)(F)F)C1=O,6.58
OPRM1,CHEMBL4593220,CC1OC2(CCN(CCc3ccccc3)CC2)CN(c2cncc(C(F)(F)F)c2)C1=O,6.58
OPRM1,CHEMBL4438643,CN(C)C1(Cc2ccccc2)CCN(c2cc(C(F)(F)F)ccc2CNC(=O)Nc2cccc3c2CC(O)CC3)CC1,6.58
OPRM1,CHEMBL4793926,CCC(=O)N(Cc1cccnc1)C1(C(=O)NCCc2cccc(F)c2)CCN(CCc2ccccc2)CC1,6.58
OPRM1,CHEMBL5079903,N#CC(CCN1CCN(c2cccc(Cl)c2Cl)CC1)(c1ccccc1)c1ccccc1,6.58
OPRM1,CHEMBL5074399,CCc1cccc(N2CCN(CCCCNCCC(C(=O)N(C)C)(c3ccccc3)c3ccccc3)CC2)c1Cl,6.58
OPRM1,CHEMBL6067841,COc1ccc2c(c1)[C@]13CCN(CC4CC4)[C@H](C2)[C@]12CCC(NC(=O)C(C)(C)C)(CO2)C3,6.58
OPRM1,CHEMBL5815205,CN(C)[C@]1(c2ccccc2)CC[C@]2(CC1)CN(CC1(O)CCS(=O)(=O)CC1)C(=O)N2CC1(O)CCC1,6.58
OPRM1,CHEMBL5959794,COc1cnc(N2C[C@]3(CC[C@](c4ccccc4)(N(C)C)CC3)N(CC3CCC3)C2=O)cn1,6.58
OPRM1,CHEMBL5780679,CN(CCO)C(=O)CN1C[C@]2(CC[C@](c3ccc(F)cc3)(N(C)C)CC2)N(CC2CCC2)C1=O,6.58
OPRM1,CHEMBL418197,CCN1C(=O)N(C2CCN(CCC(c3ccccc3)c3ccccc3)CC2)[C@@H]2CCCC[C@H]21,6.57
OPRM1,CHEMBL396460,CC(C)C[C@H](NC(=O)[C@H](CCCCN)NC(=O)[C@H](CCCNC(=N)N)NC(=O)[C@H](C)NC(=O)[C@H](CO)NC(=O)[C@H](CCCCN)NC(=O)[C@H](CCCNC(=N)N)NC(=O)[C@H](C)NC(=O)CNC(=O)[C@@H](NC(=O)[C@H](Cc1ccccc1)NC(=O)CNC(=O)CNC(=O)[C@@H](N)Cc1ccccc1)[C@@H](C)O)C(=O)N[C@@H](C)C(=O)N[C@@H](CC(N)=O)C(=O)N[C@@H](CCC(N)=O)C(=O)O,6.57
OPRM1,CHEMBL435305,CC1(C)c2cc(O)ccc2CCC1N(C/C=C/c1ccccc1)C/C=C/c1ccccc1,6.57
OPRM1,CHEMBL425758,CC(C)[C@@H]1C[C@@](C)(c2cccc(O)c2)[C@@H](C)CN1CCc1ccccc1,6.57
OPRM1,CHEMBL232478,CCCS(=O)(=O)NCc1ccccc1C1(O)CCN(C(c2ccccc2Cl)c2ccccc2Cl)CC1,6.57
OPRM1,CHEMBL397761,CCCCC1(O)CCN(C(c2ccccc2)c2ccccc2)CC1,6.57
OPRM1,CHEMBL240086,CCCNC(=O)Cn1c(=O)n(C2CCN(CCC(Oc3cc(OC)ccc3C)C(C)C)CC2)c2ccccc21,6.57
OPRM1,CHEMBL391234,COC(=O)CCn1c(=O)n(C2CCN(CCC(Oc3cc(OC)ccc3C)C(C)C)CC2)c2ccccc21,6.57
OPRM1,CHEMBL238637,COC(=O)Cn1c(=O)n(C2CCN(CCC(Oc3cc(OC)ccc3C)C(C)C)CC2)c2ccccc21,6.57
OPRM1,CHEMBL3216904,Cc1ccc2nc(NC(=O)c3ccc(Cl)cc3)nc(N[C@@H]3CCCC[C@@H]3NC(=N)N)c2c1.Cl.Cl.Cl,6.57
OPRM1,CHEMBL512474,C[C@H]1C2Cc3ccc4c(=O)[nH]cnc4c3[C@@]1(C)CCN2CC1CC1,6.57
OPRM1,CHEMBL1080483,CNC(=O)CN1c2ccccc2N(C2CCN(C3CCC4CCCCC4C3)CC2)S1(=O)=O,6.57
OPRM1,CHEMBL4519453,CCNCC(=O)NCc1cn(C2CCN([C@H]3CC[C@@H](C(C)C)CC3)CC2)c2ccccc12,6.57
OPRM1,CHEMBL4641588,Cc1cc(=O)oc2cc(NC(=O)CCN3C(=O)C4=C(SC[C@@H](NC(=O)[C@@H](N)Cc5ccc(O)cc5)C(=O)NCC(=O)N[C@@H](Cc5ccccc5)C(=O)NNC(=O)[C@H](Cc5ccccc5)NC(=O)CNC(=O)[C@H](NC(=O)[C@@H](N)Cc5ccc(O)cc5)CS4)C3=O)ccc12.O=C(O)C(F)(F)F.O=C(O)C(F)(F)F,6.57
OPRM1,CHEMBL4647561,C=C(C(N)=O)[C@@H](NC(=O)[C@H](Cc1c[nH]c2ccccc12)NC(=O)[C@@H](CNC(C)=O)NC(=O)[C@@H](N)Cc1ccc(O)cc1)c1ccco1,6.57
OPRM1,CHEMBL5091094,CCC(=O)N(CC1(N2CCN(CCCOC)CC2)CCOCC1)c1cccc(C(F)(F)F)n1,6.57
OPRM1,CHEMBL5186423,CCC(=O)N(Cc1ccccc1)C1CCN(CCc2ccccc2)CC1,6.57
OPRM1,CHEMBL2146883,O=C(c1ccc(F)c(F)c1Nc1ccc(I)cc1F)N1CC(O)([C@@H]2CCCCN2)C1,6.57
OPRM1,CHEMBL6056908,COCCOCCOCCOCCNC(=O)CN1C[C@]2(CC[C@](c3ccccc3)(N(C)C)CC2)N(CC2CCC2)C1=O,6.57
OPRM1,CHEMBL68416,O=C(c1ccc(C(=C2CC3CCC(C2)N3CCc2ccccc2)c2ccccc2)cc1)N1CCCC1,6.56
OPRM1,CHEMBL2112342,CCCCN1C[C@@H]2CN(c3ccccc3)C3(CCN([C@H]4CC[C@@H](C(C)C)CC4)CC3)[C@@H]2C1,6.56
OPRM1,CHEMBL437380,Cc1cccc(C2(O)CCN(C(c3ccccc3)c3ccccc3)CC2)c1,6.56
OPRM1,CHEMBL437602,COC1=CC=C2[C@H]3Cc4ccc(O)c5c4[C@@]2(CCN3C)[C@H]1O5,6.56
OPRM1,CHEMBL3084667,Cc1cccc([C@H]2C[C@H]3CC[C@@H](C2)N3C(c2ccccc2Cl)c2ccccc2Cl)n1,6.56
OPRM1,CHEMBL4108315,COc1ccc2c3c1O[C@H]1[C@@]4(OC)CC[C@@]5(C[C@@H]4COCc4cc6ccccc6o4)[C@@H](C2)[N+](C)(CC2CC2)CC[C@]315,6.56
OPRM1,CHEMBL4071862,Cl.Oc1cccc(CCN(CCc2ccccc2)CC2CCCC2)c1,6.56
OPRM1,CHEMBL5418375,CCC(=O)N(CC(C)N1CCN(c2ccccc2)CC1)c1ccccn1,6.56
OPRM1,CHEMBL2113273,CCN1C(=O)N(C2CCN(C3CCC4CCCCC4C3)CC2)[C@@H]2CCCC[C@H]21,6.55
OPRM1,CHEMBL434817,CCN(CC)C(=O)c1ccc(C(c2cccc(OC)c2)N2CC(C)NCC2(C)C)cc1,6.55
OPRM1,CHEMBL203150,C[C@H]1CN(CCc2ccccc2)[C@H](Cc2ccccc2)C[C@@]1(C)c1cccc(O)c1,6.55
OPRM1,CHEMBL201480,C[C@H]1CN(CCc2ccccc2)[C@H](c2ccccc2)C[C@@]1(C)c1cccc(O)c1,6.55
OPRM1,CHEMBL3084554,NC(=O)[C@]1(Cc2ccc(Cl)cc2)C[C@H]2CC[C@@H](C1)N2C(c1ccccc1Cl)c1ccccc1Cl,6.55
OPRM1,CHEMBL526686,COC(=O)[C@@H]1C[C@H](OC(=O)CCc2ccccc2)C(=O)[C@H]2[C@@]1(C)CC[C@H]1C(=O)O[C@H](c3ccoc3)C[C@]21C,6.55
OPRM1,CHEMBL577615,CCN(CC)C(=O)c1ccc(N(c2cccc(C(N)=O)c2)C2CCN(Cc3ccccc3)CC2)cc1,6.55
OPRM1,CHEMBL1087532,CNC(=O)Cn1c(=O)n(C2CCN(C3CCC(C)(C)CC3)CC2)c2ccccc21,6.55
OPRM1,CHEMBL3330664,COC(=O)[C@@H]1C[C@H](OC(=O)C=C(C)C)C(=O)[C@H]2[C@@]1(C)CC[C@H]1C(=O)O[C@H](c3ccoc3)C[C@]21C,6.55
OPRM1,CHEMBL4108359,COc1ccc2c3c1O[C@H]1[C@@]4(OC)CC[C@@]5(C[C@@H]4C(NC(C(=O)O)c4ccccc4)c4ccccc4)[C@@H](C2)N(CC2CC2)CC[C@]315,6.55
OPRM1,CHEMBL5081159,CCOC(=O)CCN1CCN(C2(CN(C(=O)CC)c3cccc(C(F)(F)F)n3)CCOCC2)CC1,6.55
OPRM1,CHEMBL6166956,c1ccc(CCN(CCc2ccc3nc[nH]c3c2)CC2CC2)cc1,6.55
OPRM1,CHEMBL67673,CCN(CCO)C(=O)c1ccc(C(=C2CC3CCC(C2)N3CCc2ccccc2)c2ccccc2)cc1,6.54
OPRM1,CHEMBL63571,CCCN1C2CCC1CC(=C(c1ccccc1)c1ccc(C(=O)N(CC)CC)cc1)C2,6.54
OPRM1,CHEMBL290543,CN(C(=O)Cc1ccc(Cl)c(Cl)c1)C1CCCCC1N1CCCC1,6.54
OPRM1,CHEMBL420653,CS[C@H]1Cc2ccc(O)cc2C(C)(C)[C@@H]1N,6.54
OPRM1,CHEMBL181545,CC(C)C1CCC(N2CCC(N3c4ccccc4CN(CC(=O)OC(C)(C)C)S3(=O)=O)CC2)CC1,6.54
OPRM1,CHEMBL202150,CCCCN1C[C@H](C)[C@](C)(c2cccc(O)c2)C[C@H]1CCC,6.54
OPRM1,CHEMBL240085,CCNC(=O)Cn1c(=O)n(C2CCN(CCC(Oc3cc(OC)ccc3C)C(C)C)CC2)c2ccccc21,6.54
OPRM1,CHEMBL262346,COC(=O)[C@@H]1C[C@H](SC(=O)c2ccccc2)C(=O)[C@H]2[C@@]1(C)CC[C@H]1C(=O)O[C@H](c3ccoc3)C[C@]21C,6.54
OPRM1,CHEMBL3084637,Clc1ccccc1C(c1ccccc1Cl)N1[C@@H]2CC[C@H]1C[C@@H](c1cccnc1)C2,6.54
OPRM1,CHEMBL568830,NCc1cc2c(cc1O)[C@@]13CCCC[C@H]1[C@@H](C2)N(CC1CCC1)CC3,6.54
OPRM1,CHEMBL570233,CCN(CC)C(=O)c1ccc(N(c2cccc(O)c2)C2CCN(CCC3CCCCC3)CC2)cc1,6.54
OPRM1,CHEMBL54,O=C(CCCN1CCC(O)(c2ccc(Cl)cc2)CC1)c1ccc(F)cc1,6.54
OPRM1,CHEMBL3785718,Oc1cccc2c1CNC(CN1CCC3(CCc4ccccc43)CC1)C2,6.54
OPRM1,CHEMBL3787174,c1ccc2c(c1)CCC(CN1CCC3(CCc4ccccc43)CC1)C2,6.54
OPRM1,CHEMBL3984664,CCOC(=O)c1nc2ccccc2n([C@@H]2C[C@H]3CCC[C@@H](C2)N3C/C=C2\CCC3CC2C3(C)C)c1=O,6.54
OPRM1,CHEMBL4636807,Cc1cc(=O)oc2ccc(N3C(=O)C4=C(SC[C@@H](NC(=O)[C@@H](N)Cc5ccc(O)cc5)C(=O)NCC(=O)N[C@@H](Cc5ccccc5)C(=O)NNC(=O)[C@H](Cc5ccccc5)NC(=O)CNC(=O)[C@H](NC(=O)[C@@H](N)Cc5ccc(O)cc5)CS4)C3=O)cc12.O=C(O)C(F)(F)F.O=C(O)C(F)(F)F,6.54
OPRM1,CHEMBL5560998,O=C1CN2c3c(cccc3[C@H]3CN(CCCOc4ccc(F)cc4)CC[C@H]32)N1,6.54
OPRM1,CHEMBL5771878,CN(C)C1(c2ccccc2)CC2(CN(CC(=O)N3CCS(=O)(=O)CC3)C(=O)N2CC2CCC2)C1,6.54
OPRM1,CHEMBL5862989,CCSc1ccc(C(C)N2CCC(n3c(=O)[nH]c4cc(Cl)ccc43)CC2)cc1,6.54
OPRM1,CHEMBL5810847,CN(C)[C@]1(c2ccccc2)CC[C@]2(CC1)CN(c1cnc(C#N)nc1)C(=O)N2CC1CC1,6.54
OPRM1,CHEMBL5837310,CN[C@H](CNC(=O)NCCc1ccccc1)Cc1ccc(O)cc1,6.54
OPRM1,CHEMBL67068,COCCN(CCOC)C(=O)c1ccc(C(=C2CC3CCC(C2)N3CCc2ccccc2)c2ccccc2)cc1,6.53
OPRM1,CHEMBL184865,O=S1(=O)NCc2ccccc2N1C1CCN(Cc2ccc3ccccc3c2)CC1,6.53
OPRM1,CHEMBL257627,COc1ccc2c3c1O[C@H]1C(=O)C=C[C@H]4[C@@H](C2)N(C)CC[C@]314,6.53
OPRM1,CHEMBL516187,CCCCNCCN1CN(c2ccccc2)C2(CCN(C3CCCc4ccc(Cl)cc43)CC2)C1=O,6.53
OPRM1,CHEMBL3409115,Oc1ccc2c(c1)[C@]1(CCCCc3ccccc3)CCN(CCc3ccccc3C(F)(F)F)C[C@@H]1O2,6.53
OPRM1,CHEMBL5082661,CN1CCN(C2(CNC(=O)C(C)(c3ccccc3)c3ccccc3)CCCCC2)CC1,6.53
OPRM1,CHEMBL68341,CCNC(=O)c1ccc(/C(=C2\C[C@H]3CC[C@@H](C2)N3C)c2ccccc2)cc1,6.52
OPRM1,CHEMBL350943,COc1cccc2c1CC[C@H](N1CCCC1)[C@H]2N(C)C(=O)Cc1ccc(Cl)c(Cl)c1.CS(=O)(=O)O,6.52
OPRM1,CHEMBL41883,CC(C)(C)NC(=O)NC[C@@H]1Cc2ccccc2CN1/C(S)=N/C[C@H]1CCCO1,6.52
OPRM1,CHEMBL232074,CCNC(=O)NCc1ccccc1C1(O)CCN(C(c2ccccc2Cl)c2ccccc2Cl)CC1,6.52
OPRM1,CHEMBL408422,COc1ccc2c3c1O[C@H]1CC=C[C@H]4[C@@H](C2)N(C)CC[C@]314,6.52
OPRM1,CHEMBL1650842,OCC1(N2CCC(n3c(-c4ccc(F)c(Cl)c4)nc4ccccc43)CC2)CCCCCCC1,6.52
OPRM1,CHEMBL4114002,COc1ccc2c3c1O[C@H]1[C@@]4(OC)CC[C@@]5(C[C@@H]4COCc4c(C)noc4C)[C@@H](C2)N(C)CC[C@]315,6.52
OPRM1,CHEMBL4240426,COc1ccc2c3c1O[C@H]1[C@@]4(OC)CC[C@@]5(C[C@]4(C)C(=O)c4ccccc4)[C@@H](C2)N(CC2CC2)CC[C@]315,6.52
OPRM1,CHEMBL4440055,CC1OC2(CCN(CCc3ccccc3)CC2)CN(c2cccnc2)C1=O,6.52
OPRM1,CHEMBL4439718,CC1OC2(CCN(CCc3ccccc3)CC2)CN(c2cnccn2)C1=O,6.52
OPRM1,CHEMBL4871880,C/C=C1/CN2CC[C@@]34c5cc(O)ccc5N(C)[C@]35OC[C@@]4(C(=O)OC)[C@H]1C[C@H]25,6.52
OPRM1,CHEMBL5932607,O=C(c1ccno1)N(c1ccn(-c2ccc(F)cc2)n1)C1CCN(Cc2ccccc2)CC1,6.52
OPRM1,CHEMBL5963447,O=C(c1cnco1)N(c1ccn(-c2ccc(F)cc2)n1)C1CCN(Cc2ccccc2)CC1,6.52
OPRM1,CHEMBL5903100,O=C(c1cccs1)N(c1cnc(-c2ccc(F)cc2)cn1)C1CCN(Cc2ccccc2)CC1,6.52
OPRM1,CHEMBL6057899,O=C(c1ccccn1)N(c1ccn(-c2ccccc2)n1)C1CCN(Cc2ccccc2)CC1,6.52
OPRM1,CHEMBL5760099,O=C(c1ccc(F)s1)N(c1ccn(-c2ccccc2)n1)C1CCN(Cc2ccccc2)CC1,6.52
OPRM1,CHEMBL5952010,O=C(c1ccc(Cl)s1)N(c1ccn(-c2ccccc2)n1)C1CCN(Cc2ccccc2)CC1,6.52
OPRM1,CHEMBL5815496,O=C(c1sccc1Cl)N(c1ccn(-c2ccccc2)n1)C1CCN(Cc2ccccc2)CC1,6.52
OPRM1,CHEMBL6032542,O=C(c1ccns1)N(c1ccn(-c2ccccc2)n1)C1CCN(Cc2ccccc2)CC1,6.52
OPRM1,CHEMBL6002151,COc1ccc(C(=O)N(c2ccn(-c3ccccc3)n2)C2CCN(Cc3ccccc3)CC2)cc1,6.52
OPRM1,CHEMBL5959474,CN1CCC(N(C(=O)c2cccs2)c2ccn(-c3ccccc3)n2)CC1,6.52
OPRM1,CHEMBL5788355,Cc1ccc(C(=O)N(c2ccn(-c3ccccc3)n2)C2CCN(C)CC2)cn1,6.52
OPRM1,CHEMBL5786709,CC1CC(N(C(=O)c2cccs2)c2ccn(-c3ccccc3)n2)CC(C)N1Cc1ccccc1,6.52
OPRM1,CHEMBL5961567,Cc1nnc(-c2cccc(-n3ccc(N(C(=O)c4nccs4)C4CCN(Cc5ccccc5)CC4)n3)c2)o1,6.52
OPRM1,CHEMBL5769572,O=C(c1cccs1)N(c1ncn(-c2ccccc2)n1)C1CCN(Cc2ccccc2)CC1,6.52
OPRM1,CHEMBL5880193,O=C(c1ccco1)N(c1ncn(-c2ccccc2)n1)C1CCN(Cc2ccccc2)CC1,6.52
OPRM1,CHEMBL5793005,Cc1nnc(-c2cccc(-n3ccc(N(C(=O)c4cccc(O)c4)C4CCN(C)CC4)n3)c2)o1,6.52
OPRM1,CHEMBL5948067,CCN1CCC(N(C(=O)c2cccs2)c2ccn(-c3ccccc3)n2)CC1,6.52
OPRM1,CHEMBL6016342,CC(C)N1CCC(N(C(=O)c2cccs2)c2ccn(-c3ccccc3)n2)CC1,6.52
OPRM1,CHEMBL5815986,CN(CCN(C(=O)c1cccs1)c1ccn(-c2ccccc2)n1)Cc1ccccn1,6.52
OPRM1,CHEMBL5813725,CCNCCN(C(=O)c1cccs1)c1ccn(-c2ccccc2)n1,6.52
OPRM1,CHEMBL5779872,CN1CCC(N(C(=O)c2cccs2)c2ccn(-c3ccccn3)n2)CC1,6.52
OPRM1,CHEMBL5828035,Cc1ccccc1-n1ccc(N(C(=O)c2cccs2)C2CCN(Cc3ccccc3)CC2)n1,6.52
OPRM1,CHEMBL6018721,CCOc1cccc(-n2ccc(N(C(=O)c3cccs3)C3CCN(C)CC3)n2)c1,6.52
OPRM1,CHEMBL5930772,CN1CCC(N(C(=O)c2cccs2)c2ccn(-c3ccc(C#N)cc3)n2)CC1,6.52
OPRM1,CHEMBL5977427,COc1ccc(-n2ccc(N(C(=O)c3cccs3)C3CCN(C)CC3)n2)cn1,6.52
OPRM1,CHEMBL5872168,CN1CCC(N(C(=O)c2cccs2)c2ccn(-c3ccc(Cl)cc3Cl)n2)CC1,6.52
OPRM1,CHEMBL5819673,CN1CCC(N(C(=O)c2cccs2)c2ccn(-c3cccc(OC(F)(F)F)c3)n2)CC1,6.52
OPRM1,CHEMBL5773419,COc1cc(F)cc(-n2ccc(N(C(=O)c3cccs3)C3CCN(C)CC3)n2)c1,6.52
OPRM1,CHEMBL5889805,COc1cc(-n2ccc(N(C(=O)c3cccs3)C3CCN(C)CC3)n2)ccn1,6.52
OPRM1,CHEMBL5796645,CN1CCC(N(C(=O)c2cccs2)c2ccn(-c3cccc(O)c3)n2)CC1,6.52
OPRM1,CHEMBL6033484,Cc1nnc(-c2cccc(-n3ccc(N(C(=O)c4cccs4)C4CCN(Cc5ccccc5)CC4)n3)c2)o1,6.52
OPRM1,CHEMBL5989024,Cc1nnc(-c2cccc(-n3ccc(N(C(=O)c4ccco4)C4CCN(Cc5ccccc5)CC4)n3)c2)o1,6.52
OPRM1,CHEMBL5891094,COc1cccc(-n2ccc(N(C(=O)c3cccs3)C3CCN(Cc4ccc(C(F)(F)F)nc4)CC3)n2)c1,6.52
OPRM1,CHEMBL5780982,CN(Cc1ccccc1)C1CCC(N(C(=O)c2cccs2)c2ccn(-c3ccccc3)n2)CC1,6.52
OPRM1,CHEMBL5971667,CN1CCC(N(C(=O)c2cccs2)c2cccc(-c3ccc(F)cc3)n2)CC1,6.52
OPRM1,CHEMBL5795502,Cc1nnc(-c2cccc(-n3ccc(N(C(=O)c4cccc(-c5ncc[nH]5)c4)C4CCN(C)CC4)n3)c2)o1,6.52
OPRM1,CHEMBL5824486,COc1cccc(-n2ccc(N(C(=O)c3cccs3)C3CCN(Cc4cccc(C(F)(F)F)n4)CC3)n2)c1,6.52
OPRM1,CHEMBL5873150,COCCOCCOCCOCCOCCOCCOCCN1C[C@]2(CC[C@](c3ccccc3)(N(C)C)CC2)N(CC2CCC2)C1=O,6.52
OPRM1,CHEMBL6026543,CN[C@]1(c2ccccc2)CC[C@]2(CC1)CN(c1cnc(C#N)cc1C)C(=O)N2CC1CCC1,6.52
OPRM1,CHEMBL5830960,CN[C@]1(c2ccccc2)CC[C@]2(CC1)CN(c1ccc(S(C)(=O)=O)cc1F)C(=O)N2CC1CC1,6.52
OPRM1,CHEMBL5978055,Cc1cc(C(F)(F)F)ncc1N1C[C@]2(CC[C@](c3ccccc3)(N(C)C)CC2)N(CC2CC2)C1=O,6.52
OPRM1,CHEMBL6041576,COCCOCCOCCOCCOCCOCCNC(=O)CN1C[C@]2(CC[C@](c3ccccc3)(N(C)C)CC2)N(CC2CCC2)C1=O,6.52
OPRM1,CHEMBL6032200,CN(CC(N)=O)C(=O)CN1C[C@]2(CC[C@](c3ccccc3)(N(C)C)CC2)N(CC2CC2)C1=O,6.52
OPRM1,CHEMBL5969752,CN(C)[C@]1(c2ccccc2)CC[C@]2(CC1)CN(Cc1ccccc1)C(=O)N2,6.52
OPRM1,CHEMBL294174,O=c1c(-c2cccc(Cl)c2)cccn1C(CN1CCCC1)c1ccccc1,6.51
OPRM1,CHEMBL188920,CC1(C)c2cc(O)ccc2CCC1NCC1CC1,6.51
OPRM1,CHEMBL3216439,Cc1ccc2nc(NC(=O)c3ccc(Cl)cc3)nc(NC3CCCCC3NC(=N)N)c2c1.Cl.Cl.Cl,6.51
OPRM1,CHEMBL3084549,CC(=O)N[C@]1(c2ccccn2)C[C@H]2CC[C@@H](C1)N2C(c1ccccc1Cl)c1ccccc1Cl,6.51
OPRM1,CHEMBL512247,Cc1ccc(C(c2ccccc2Cl)N2C3CCC2CC(O)(CCCO)C3)c(Cl)c1,6.51
OPRM1,CHEMBL498442,CCCCC(=O)O[C@H]1C[C@@H](C(=O)OC)[C@]2(C)CC[C@H]3C(=O)O[C@H](c4ccoc4)C[C@]3(C)[C@H]2C1=O,6.51
OPRM1,CHEMBL472086,CCCCNCCN1CN(c2ccccc2)C2(CCN(C3CCC(C)(C)c4cc(Cl)c(Cl)cc43)CC2)C1=O,6.51
OPRM1,CHEMBL561115,N#CCN1CCCCC1C1C[C@@H]2CC[C@@H](C1)N2C(c1ccccc1Cl)c1ccccc1Cl,6.51
OPRM1,CHEMBL584727,CCN(CC)C(=O)c1ccc(N(c2cccc(O)c2)C2CCN(CCc3c[nH]cn3)CC2)cc1,6.51
OPRM1,CHEMBL1258280,NC(=O)c1cccc(O[C@@H]2C[C@H]3CC[C@@H](C2)N3Cc2ccc3c(c2)OCO3)c1,6.51
OPRM1,CHEMBL3326227,CN(C)[C@]1(c2ccccc2)CC[C@@]2(CC1)OCCc1c3ccccc3[nH]c12.Cl,6.51
OPRM1,CHEMBL1455766,Cc1ccc(S(=O)(=O)NCc2ccc(C(=O)NCCN(Cc3ccccc3)C(C)C)cc2)cc1,6.51
OPRM1,CHEMBL3698907,O=C(NC(Cc1ccccc1)C(=O)O)c1nc2ccccc2n([C@H]2C[C@H]3CC[C@@H](C2)N3C2CCCCCCC2)c1=O,6.51
OPRM1,CHEMBL4106505,COc1ccc2c3c1O[C@H]1[C@@]4(OC)CC[C@@]5(C[C@@H]4COCc4ccc(C(=O)NCC(=O)O)cc4)[C@@H](C2)N(CC2CC2)CC[C@]315,6.51
OPRM1,CHEMBL4114882,COc1ccc2c3c1O[C@H]1[C@@]4(OC)CC[C@@]5(C[C@@H]4COCc4ccccc4)[C@@H](C2)N(CC(=O)O)CC[C@]315,6.51
OPRM1,CHEMBL3981333,O=C1NC(=O)[C@]2(CC[C@@]34Cc5ccc(O)cc5[C@@]3(CCN(CC3CC3)C4)C2)N1,6.51
OPRM1,CHEMBL4090628,Cc1ccc(/C=C/C(=O)N(C)[C@@H]2CC[C@@]3(O)[C@H]4[C@@H](O)c5ccc(O)c6c5[C@@]3(CCN4CC3CC3)[C@H]2O6)cc1,6.51
OPRM1,CHEMBL4473045,CC(C)[C@H]1CC[C@@H](N2CCC(n3cc(CN4CC[C@@H](O)C4)c4ccccc43)CC2)CC1,6.51
OPRM1,CHEMBL190461,C=C(C)[C@@H]1CCC(C)=C[C@H]1c1c(O)cc(CCCCC)cc1O,6.51
OPRM1,CHEMBL4745148,C[C@@H](NC(=O)[C@@H](N)Cc1ccc(O)cc1)C(=O)NCC(=O)N[C@@H](Cc1ccccc1)C(=O)N[C@@H](CCC(N)=O)C(=O)N1CCC[C@H]1C(=O)N[C@@H](CCC(N)=O)C(=O)N[C@@H](CCCNC(=N)N)C(=O)N[C@@H](Cc1ccccc1)C(N)=O,6.51
OPRM1,CHEMBL68113,CCN(CC)C(=O)c1ccc(/C(=C2/C[C@H]3CC[C@@H](C2)N3CCc2ccccc2)c2ccccc2)cc1,6.5
OPRM1,CHEMBL607,CCOC(=O)C1(c2ccccc2)CCN(C)CC1,6.5
OPRM1,CHEMBL116643,CCCCCCN1CC[C@@]2(C)c3cc(O)ccc3CC1[C@H]2C,6.5
OPRM1,CHEMBL192718,CN(C(=O)Cc1ccc(CCCNS(C)(=O)=O)cc1)[C@H](CN1CC[C@H](O)C1)c1ccccc1,6.5
OPRM1,CHEMBL202139,CCC[C@@H]1C[C@@](C)(c2cccc(O)c2)[C@@H](C)CN1CCC,6.5
OPRM1,CHEMBL1951704,CN1C2CCC[C@@](c3cccc(O)c3)(C2)[C@@H]1CO,6.5
OPRM1,CHEMBL2064145,Cc1ccccc1N1CCN(CCC(=O)N2c3ccccc3CC2C(=O)N(C)C)CC1,6.5
OPRM1,CHEMBL3319080,CC(=O)N[C@H](Cc1c(C)[nH]c2ccccc12)C(=O)N[C@@H](Cc1ccccc1)C(=O)NCC(N)=O,6.5
OPRM1,CHEMBL4073537,O=C1/C(=C/c2ccccc2)C[C@@]2(O)[C@H]3Cc4ccc(O)c5c4[C@@]2(CCN3CCCc2ccccc2)[C@H]1O5,6.5
OPRM1,CHEMBL4856018,C/C=C1/CN2[C@H]3Cc4c([nH]c5ccccc45)[C@@H]2C[C@@H]1[C@]3(CO)C(=O)OC,6.5
OPRM1,CHEMBL5849917,CN(C)[C@]1(c2ccccc2)CC[C@]2(CC1)CN(CCC(=O)Nc1cncnc1)C(=O)N2CC1(O)CCC1,6.5
OPRM1,CHEMBL5885547,CCN(C)[C@]1(c2ccccc2)CC[C@]2(CC1)CN(c1cnc(C#N)nc1)C(=O)N2CC1(C#N)CCC1,6.5
OPRM1,CHEMBL5757094,COCCCN1C(=O)N(CC(=O)N2CCNC(=O)C2)C[C@]12CC[C@](c1ccccc1)(N(C)C)CC2,6.5
OPRM1,CHEMBL5756552,CN(CCc1ccccc1)C(=O)NC[C@H](Cc1ccc(O)cc1)N(C)C,6.5
OPRM1,CHEMBL63732,C=CCN1[C@@H]2CC[C@H]1C/C(=C(\c1ccccc1)c1ccc(C(=O)N(CC)CC)cc1)C2,6.49
OPRM1,CHEMBL551111,OCCN1CCCCC1C1C[C@@H]2CC[C@@H](C1)N2C(c1ccccc1Cl)c1ccccc1Cl,6.49
OPRM1,CHEMBL1762409,Cc1cc(N)c2cc(NC(=O)c3ccccc3COc3ccc(CNCCCCCCCCN)cc3)ccc2n1,6.49
OPRM1,CHEMBL2180637,CCCCCN(CCc1ccccc1)CCc1cccc(O)c1,6.49
OPRM1,CHEMBL2307889,N=C(N)NCCC[C@@H](NC(=O)CC1(CC(=O)N2CCN(C3c4ccccc4NC(=O)c4ccccc43)CC2)CCCC1)C(=O)NCCn1c(=O)n(-c2ccccc2)n(-c2ccccc2)c1=O,6.49
OPRM1,CHEMBL3264446,COC(=O)c1cc(Br)cnc1N1CC[C@@H](NC2CCCCC2)[C@H](O)C1,6.49
OPRM1,CHEMBL3809510,CC[C@H](C)[C@@H](NC(=O)[C@H](CCCNC(=N)N)NC(=O)[C@H](Cc1ccc(O)cc1)NC(=O)[C@H](Cc1ccc(O)cc1)NC(=O)[C@H](CCCNC(=N)N)NC(C)=O)C(=O)N[C@@H](CCCCN)C(N)=O,6.49
OPRM1,CHEMBL4571845,CN(C)C1(Cc2ccccc2)CCN(c2cc(C(F)(F)F)ccc2CNC(=O)Nc2ccc(CNS(C)(=O)=O)c(F)c2)CC1,6.49
OPRM1,CHEMBL5083441,CCc1cccc(N2CCN(CCC(c3cccc(O)c3)c3cccc(O)c3)CC2)c1Cl,6.49
OPRM1,CHEMBL5203994,C[C@@H]1C(=O)N[C@@H](Cc2ccccc2)C(=O)N[C@H](Cc2c[nH]c3ccccc23)C(=O)N[C@@H](Cc2ccccc2)C(=O)N1C,6.49
OPRM1,CHEMBL1256750,CN(C(=O)Cc1ccc(Cl)c(Cl)c1)C(CN1CCCC1)c1cccc(OCC(=O)O)c1.Cl,6.49
OPRM1,CHEMBL5560603,C=CCN1C[C@H]2CC[C@@H](C1)N2c1cccc(O)c1,6.49
OPRM1,CHEMBL5630653,COc1ccc2c3c1O[C@H]1[C@@]4(OC)C=C[C@@]5(C[C@@H]4C(=O)c4ccc(NC(=O)c6ccc(C)c(C)c6)cc4)[C@@H](C2)N(CC2CC2)CC[C@]315,6.49
OPRM1,CHEMBL5630811,COc1ccc2c3c1O[C@H]1[C@@]4(OC)C=C[C@@]5(C[C@@H]4C(=O)c4ccc(NC(=O)Cc6ccc(C)c(C)c6)cc4)[C@@H](C2)N(CC2CC2)CC[C@]315,6.49
OPRM1,CHEMBL6026667,CN(C)[C@]1(c2ccccc2)CC[C@]2(CC1)CN(c1ccc(C#N)cc1)C(=O)N2CC1CCC1,6.49
OPRM1,CHEMBL5953471,CN(C)[C@]1(c2ccccc2)CC[C@]2(CC1)CN(CC(=O)N1CCC(C)(O)CC1)C(=O)N2CC1(O)CCC1,6.49
OPRM1,CHEMBL5987156,CNC(=O)CCN1C(=O)N(Cc2ccc(OC)cc2)C[C@]12CC[C@](c1ccccc1)(N(C)C)CC2,6.49
OPRM1,CHEMBL5847254,CN(C)[C@]1(c2ccccc2)CC[C@]2(CC1)CN(C(C)(C)c1ccccc1)C(=O)N2,6.49
OPRM1,CHEMBL414369,CC[C@H](C)[C@H](NC(=O)[C@H](CCCN=C(N)N)NC(=O)[C@H](CCCN=C(N)N)NC(=O)[C@@H]1CCC(=O)N[C@@H](Cc2ccc(O)cc2)C(=O)NCC(=O)N[C@@H](Cc2c[nH]c3ccccc23)C(=O)N[C@@H](Cc2c[nH]c3ccccc23)C(=O)N1)C(=O)N[C@@H](CCCN=C(N)N)C(=O)N1CCC[C@@H]1C(=O)N[C@@H](CCCCN)C(=O)O,6.48
OPRM1,CHEMBL107207,COc1ccc2c(c1O)[C@]13CCN(C)C(C2)[C@@]12CC(=C(C)C)[C@@H]3c1[nH]c3ccccc3c1C2,6.48
OPRM1,CHEMBL187648,O=C(O)C(CCN1CCC(O)(c2cccc(C(F)(F)F)c2)CC1)(c1ccccc1)c1ccccc1,6.48
OPRM1,CHEMBL377033,c1ccc(Oc2ccc(CN3CCC(c4c[nH]c5ncccc45)CC3)cc2)cc1,6.48
OPRM1,CHEMBL375503,COc1ccc2c(c1)[C@]13CCN(CC4CCC4)[C@H](C2)[C@@H]1Cc1c([nH]c2ccccc12)C3,6.48
OPRM1,CHEMBL3216666,Cc1ccc2nc(NC(=O)c3ccc(Cl)cc3)nc(N[C@H]3CCCC[C@H]3NC(=N)N)c2c1.Cl.Cl.Cl,6.48
OPRM1,CHEMBL467699,CC(C)NC(=O)C1(c2ccccc2)CC2CCC(C1)N2C(c1ccccc1Cl)c1ccccc1Cl,6.48
OPRM1,CHEMBL3084668,Clc1ccccc1C(c1ccccc1Cl)N1[C@@H]2CC[C@H]1C[C@@H](c1ccccc1)C2,6.48
OPRM1,CHEMBL583265,CCCNCc1cc2c(cc1O)[C@@]13CCCC[C@H]1[C@@H](C2)N(CC1CCC1)CC3,6.48
OPRM1,CHEMBL1946028,O=C(c1ccc(C(=C2CCN(Cc3cscn3)CC2)c2cccc3cccnc23)cc1)N1CCC1,6.48
OPRM1,CHEMBL3330682,COC(=O)[C@@H]1C[C@H](OC(=O)/C=C/c2cccnc2)C(=O)[C@H]2[C@@]1(C)CC[C@H]1C(=O)O[C@H](c3ccoc3)C[C@]21C,6.48
OPRM1,CHEMBL3659471,CCC(=O)N(c1ccccc1)C1CCN(CCC(c2ccccc2)c2ccccc2)CC1,6.48
OPRM1,CHEMBL4287623,OC1(c2ccc(Cl)c(C(F)(F)F)c2)CCN(CCCC=C(c2ccc(F)cc2)c2ccc(F)cc2)CC1,6.48
OPRM1,CHEMBL4846243,C/C=C1/CN2CC[C@@]34c5ccccc5N(C)[C@]35OC[C@@]4(C(=O)OC)[C@H]1C[C@H]25,6.48
OPRM1,CHEMBL5071238,CCc1cccc(N2CCN(CC(O)CCNCCC(C(=O)N(C)C)(c3ccccc3)c3ccccc3)CC2)c1Cl,6.48
OPRM1,CHEMBL5561242,Cl.O=C(CN1CCCCC1)NCC1(Cc2cccc3ccccc23)CCN(Cc2ccccc2)CC1,6.48
OPRM1,CHEMBL5791765,Cc1cc(C2CC2)ncc1N1C[C@]2(C[C@](c3ccccc3)(N(C)C)C2)N(CC2(F)COC2)C1=O,6.48
OPRM1,CHEMBL5962471,CN(C)[C@]1(c2ccccc2)CC[C@]2(CC1)CN(c1ccc(S(C)(=O)=O)cc1)C(=O)N2CC1CCC1,6.48
OPRM1,CHEMBL5821139,COc1ccc(CN2C[C@]3(CC[C@](c4ccccc4)(N(C)C)CC3)N(CC(=O)NCC#N)C2=O)cc1,6.48
OPRM1,CHEMBL5799447,COc1ccc(CCNC(=O)NCC(Cc2ccc(O)cc2)N(C)C)cc1,6.48
OPRM1,CHEMBL63213,CCN(CC)C(=O)c1ccc(C(=C2CC3CCC(C2)N3CCc2c[nH]c3ccccc23)c2ccccc2)cc1,6.47
OPRM1,CHEMBL263595,CC(=O)N[C@@H](Cc1ccc(O)cc1)C(=O)NCC(=O)N[C@@H](Cc1c[nH]c2ccccc12)C(=O)N[C@@H](Cc1c[nH]c2ccccc12)C(=O)N[C@@H](CC(C)C)C(=O)N[C@@H](CCCN=C(N)N)C(=O)N[C@@H](CCCN=C(N)N)C(=O)N[C@@H](C)C(=O)N[C@@H](CCCN=C(N)N)C(=O)N1CCC[C@H]1C(=O)N[C@@H](CCCCN)C(N)=O,6.47
OPRM1,CHEMBL2112345,CC(C)[C@H]1CC[C@@H](N2CCC3(CC2)[C@@H]2CN(C)C[C@@H]2CN3c2ccccc2)CC1,6.47
OPRM1,CHEMBL377402,c1ccc2c(CN3CCC(c4c[nH]c5ncccc45)CC3)cccc2c1,6.47
OPRM1,CHEMBL389072,COc1ccc2c(c1)[C@]13CCN(C)[C@H](C2)[C@@H]1Cc1c([nH]c2ccccc12)C3,6.47
OPRM1,CHEMBL230145,CCCC(c1ccccc1)N1CCC(O)(c2ccccc2)CC1,6.47
OPRM1,CHEMBL450818,CC(=O)N1CCC[C@@H]1C(=O)N[C@@H](Cc1ccccc1)C(=O)N[C@H](Cc1c[nH]c2ccccc12)C(=O)N[C@@H](Cc1ccccc1)C(N)=O,6.47
OPRM1,CHEMBL569357,COc1cc(N)c(Cl)cc1C(=O)NCCN(C)C[C@H]1CCCC[C@]1(O)c1cccc(O)c1,6.47
OPRM1,CHEMBL1946027,CCN(C)C(=O)c1ccc(C(=C2CCN(Cc3cscn3)CC2)c2cccc3cccnc23)cc1,6.47
OPRM1,CHEMBL3735756,COc1ccc(CCN(CCCc2ccccc2)CCc2ccc3c(c2)OCO3)cc1OC,6.47
OPRM1,CHEMBL3786469,Cc1cc(F)ccc1C1CCN(CC2Cc3ccccc3CN2)CC1,6.47
OPRM1,CHEMBL3704608,NC(=O)/N=c1\[nH]c2ccccc2n1C1CCN(C2CCCCCCC2)CC1,6.47
OPRM1,CHEMBL4113221,COc1ccc2c3c1O[C@H]1[C@@]4(OC)CC[C@@]5(C[C@@H]4COCC(O)CO)[C@@H](C2)N(CC2CC2)CC[C@]315,6.47
OPRM1,CHEMBL4108808,CO[C@]12CC[C@@]3(C[C@@H]1COCc1ccccc1)[C@H]1Cc4ccc(-c5nn[nH]n5)c5c4[C@@]3(CCN1CC1CC1)[C@H]2O5,6.47
OPRM1,CHEMBL4638811,C=C(C(N)=O)[C@@H](NC(=O)[C@H](Cc1c[nH]c2ccccc12)NC(=O)[C@@H](CCC)NC(=O)[C@@H](N)Cc1ccc(O)cc1)c1ccco1,6.47
OPRM1,CHEMBL4634908,C=C(C(N)=O)[C@@H](NC(=O)[C@H](Cc1c[nH]c2ccccc12)NC(=O)[C@@H](CCCCNC(=N)N)NC(=O)[C@@H](N)Cc1ccc(O)cc1)c1ccco1,6.47
OPRM1,CHEMBL4647851,CC(=O)Nc1cccc(-c2cnc3c(c2)C[C@@]2(OCCCc4ccccc4)[C@H]4Cc5ccc(O)c6c5[C@@]2(CCN4CC2CC2)[C@H]3O6)c1,6.47
OPRM1,CHEMBL2110775,NC(=O)C1(N2CCCCC2)CCN(CCCN2c3ccccc3CCc3ccccc32)CC1,6.47
OPRM1,CHEMBL5631161,COc1ccc2c3c1O[C@H]1[C@@]4(OC)C=C[C@@]5(C[C@@H]4C(=O)c4ccc(NCc6ccccc6)cc4)[C@@H](C2)N(CC2CC2)CC[C@]315,6.47
OPRM1,CHEMBL5815957,CN(C)[C@]1(c2cccc(F)c2)C[C@@]2(CN(c3ccc(OC(F)(F)F)cn3)C(=O)N2CC2(O)CCC2)C1,6.47
OPRM1,CHEMBL5780263,COCCCN1C(=O)N(c2cnc(C#N)nc2OC)C[C@]12CC[C@](c1ccccc1)(N(C)C)CC2,6.47
OPRM1,CHEMBL5896708,CN(C)C1(c2ccccc2)CCC2(CC1)CN(Cc1cn(CC(N)=O)nn1)C(=O)N2,6.47
OPRM1,CHEMBL232285,CCS(=O)(=O)N1CCN(Cc2ccccc2C2(O)CCN(C(c3ccccc3Cl)c3ccccc3Cl)CC2)CC1,6.46
OPRM1,CHEMBL439212,Cc1ccccc1C(c1ccccc1C)N1CCC2(CC1)C(=O)NCN2c1ccccc1,6.46
OPRM1,CHEMBL3084540,NC(=O)[C@]1(c2cccc(F)n2)C[C@H]2CC[C@@H](C1)N2C(c1ccccc1Cl)c1ccccc1Cl,6.46
OPRM1,CHEMBL3084547,N[C@]1(c2ccccn2)C[C@H]2CC[C@@H](C1)N2C(c1ccccc1Cl)c1ccccc1Cl,6.46
OPRM1,CHEMBL461258,COCCN(C(=O)c1ccc(Cl)c(Cl)c1)C1c2cc(OC)c(OC)cc2CCC1N(C)C,6.46
OPRM1,CHEMBL1076242,CNC(=O)CN1c2ccccc2N(C2CCN(C3CCC(C(C)C)CC3)CC2)S1(=O)=O,6.46
OPRM1,CHEMBL1087531,CNC(=O)Cn1c(=O)n(C2CCN(C3CCCC3(C)C)CC2)c2ccccc21,6.46
OPRM1,CHEMBL1255837,CC(C)[C@@]1(NC(=O)[C@@H]2C[C@@H]3c4cccc5[nH]cc(c45)C[C@H]3N(C)C2)O[C@@]2(O)[C@@H]3CCCN3C(=O)[C@H](Cc3ccccc3)N2C1=O.CS(=O)(=O)O,6.46
OPRM1,CHEMBL1946029,CN(C)C(=O)c1ccc(C(=C2CCN(Cc3cscn3)CC2)c2cccc3cccnc23)cc1,6.46
OPRM1,CHEMBL1951700,CN1C[C@@H](O)[C@]2(c3cccc(O)c3)CCC[C@H]1C2,6.46
OPRM1,CHEMBL3409107,Oc1ccc2c(c1)[C@]1(CCCc3ccccc3)CCN(CCc3ccccc3C(F)(F)F)C[C@@H]1O2,6.46
OPRM1,CHEMBL5192862,O=C(c1ccco1)N(Cc1ccc(Cl)cc1)C1CCN(CCc2ccccc2)CC1,6.46
OPRM1,CHEMBL5436233,C=C(C)[C@H]1CC[C@]2(C)C[C@H]1c1c(O)cc(CCCCC)cc1O2,6.46
OPRM1,CHEMBL5403495,CN(C)[C@@H](CNC(=O)N[C@H](c1ccccc1)C1CC1)Cc1ccc(O)cc1,6.46
OPRM1,CHEMBL267777,Cc1nc2sccn2c(=O)c1CCN1CCC(=C(c2ccc(F)cc2)c2ccc(F)cc2)CC1,6.46
OPRM1,CHEMBL5770480,COc1nc(C#N)ncc1N1C[C@]2(CC[C@](c3ccccc3)(N(C)C)CC2)N(CC2CCC2)C1=O,6.46
OPRM1,CHEMBL5756753,CN(C)C(CNC(=O)NCCc1ccsc1)Cc1ccccc1,6.46
OPRM1,CHEMBL181342,Cc1ccc(Cl)c(OC(Cc2ccccc2)C(O)CN2CCC(n3c(O)nc4ccccc43)CC2)c1,6.45
OPRM1,CHEMBL232286,CC(C)S(=O)(=O)N1CCN(Cc2ccccc2C2(O)CCN(C(c3ccccc3Cl)c3ccccc3Cl)CC2)CC1,6.45
OPRM1,CHEMBL2372052,C[C@H](NC(=O)[C@H](CO)NC(=O)[C@H](CCCCN)NC(=O)[C@H](CCCNC(=N)N)NC(=O)C(C)(C)NC(=O)CNC(=O)[C@@H](NC(=O)[C@H](Cc1ccc(F)cc1)NC(=O)CNC(=O)[C@H](CN)NC(=O)[C@@H](N)Cc1ccccc1)[C@@H](C)O)C(=O)N[C@@H](CCCNC(=N)N)C(=O)N[C@@H](CCCCN)C(=O)N[C@@H](CCCNC(=N)N)C(=O)N[C@@H](CCCCN)C(=O)N[C@@H](CC(N)=O)C(=O)N[C@@H](CCC(N)=O)C(N)=O,6.45
OPRM1,CHEMBL240216,CCC(c1ccccc1)N1CCC2(CC1)C(=O)NCN2c1ccccc1,6.45
OPRM1,CHEMBL515681,Oc1ccc2c(c1)[C@@]13CCN(CCc4ccccc4)[C@@H](CC[C@H]1O2)C3,6.45
OPRM1,CHEMBL592302,CC[C@@]12CCN(CCc3ccc(F)cc3)C[C@@H]1Oc1c(O)cccc12,6.45
OPRM1,CHEMBL4111642,C[C@@H]1C[C@@H]2C[C@H](C1)C[C@@H](N1[C@@H]3CC[C@H]1C[C@@H](n1c(=O)c(N4CC[C@@H]4C(=O)O)nc4ccccc41)C3)C2,6.45
OPRM1,CHEMBL4078930,C=CCN(CCc1cccc(O)c1)CCc1cccc(O)c1.Cl,6.45
OPRM1,CHEMBL1644978,OC1(c2ccc(Cl)c(C(F)(F)F)c2)CCN(CCCCC(c2ccc(F)cc2)c2ccc(F)cc2)CC1,6.45
OPRM1,CHEMBL5542288,Cl.N=C(N)NCC(=O)NCC1(Cc2cccc3ccccc23)CCN(Cc2ccccc2)CC1,6.45
OPRM1,CHEMBL5776282,CN(C)C(=O)CN1C(=O)N(c2ccccc2)C[C@]12CC[C@](c1ccccc1)(N(C)C)CC2,6.45
OPRM1,CHEMBL5886623,COCCCN1C(=O)N(CC(=O)NCC2CCC(O)C2)C[C@]12CC[C@](c1ccccc1)(N(C)C)CC2,6.45
OPRM1,CHEMBL3707086,C[C@@H]1[C@H]2c3cc(Br)ccc3C[C@@H](c3ccc(Br)cc32)N1C,6.44
OPRM1,CHEMBL541636,Br.Cc1ccccc1C(c1ccccc1)N1CCC(O)(c2ccccc2)CC1,6.44
OPRM1,CHEMBL442612,CC(=O)N[C@@H](Cc1ccccc1)C(=O)N[C@H](Cc1c[nH]c2ccccc12)C(=O)N[C@@H](Cc1ccccc1)C(=O)N1CCC[C@@H]1C(N)=O,6.44
OPRM1,CHEMBL568878,OCc1cc2c(cc1O)[C@@]13CCCC[C@H]1[C@@H](C2)N(CC1CCC1)CC3,6.44
OPRM1,CHEMBL2180640,CCCCN(CCc1ccccc1)CCc1cccc(O)c1,6.44
OPRM1,CHEMBL3330665,C=C(C)CC(=O)O[C@H]1C[C@@H](C(=O)OC)[C@]2(C)CC[C@H]3C(=O)O[C@H](c4ccoc4)C[C@]3(C)[C@H]2C1=O,6.44
OPRM1,CHEMBL4110981,COc1ccc2c3c1O[C@H]1[C@@]4(OC)CC[C@@]5(C[C@@H]4COC(=O)[C@@H](N)CO)[C@@H](C2)N(CC2CC2)CC[C@]315,6.44
OPRM1,CHEMBL5204271,CCC(=O)N(Cc1ccc(OC)cc1)C1CCN(CCc2ccccc2)CC1,6.44
OPRM1,CHEMBL5400733,CN(C)C(CNC(=O)c1sc2ccccc2c1Cl)c1ccccc1Cl,6.44
OPRM1,CHEMBL6045947,CCCNC(=O)CN1C(=O)N(c2cnc(C#N)nc2)C[C@]12CC[C@](c1ccccc1)(N(C)C)CC2,6.44
OPRM1,CHEMBL5987080,COCCOCCOCCOCCOCCOCCOCCOCCNC(=O)CN1C[C@]2(CC[C@](c3ccccc3)(N(C)C)CC2)N(CC2CCC2)C1=O,6.44
OPRM1,CHEMBL5850715,CN(C)[C@]1(c2ccccc2)CC[C@]2(CC1)CN(CC(=O)N1CCS(=O)(=O)CC1)C(=O)N2CC1(O)CCC1,6.44
OPRM1,CHEMBL2371034,CC(=O)N[C@@H](CCCN=C(N)N)C(=O)N[C@@H](CC1CCCCC1)C(=O)N[C@@H](Cc1ccccc1)C(=O)N1[C@H](C(=O)N[C@H](CCCN=C(N)N)C(=O)N[C@@H](Cc2ccc(Cl)cc2)C(N)=O)CC[C@@H]1C(C)(C)C,6.43
OPRM1,CHEMBL3084545,NC(=O)[C@]1(c2cc(CF)c(F)cn2)C[C@H]2CC[C@@H](C1)N2C(c1ccccc1Cl)c1ccccc1Cl,6.43
OPRM1,CHEMBL3349248,CC(=O)NC[C@@]1(c2ccccn2)C[C@H]2CC[C@@H](C1)N2C(c1ccccc1Cl)c1ccccc1Cl,6.43
OPRM1,CHEMBL3325719,CC1(C)CC(=O)c2c(C3CC3)nn(-c3ccc(Cl)cc3Cl)c2C1,6.43
OPRM1,CHEMBL3325710,Cc1cc(Cl)ccc1-n1nc(C)c2c1CC(C)(C)CC2=O,6.43
OPRM1,CHEMBL3325707,Cc1ccc(-n2nc(C)c3c2CC(C)(C)CC3=O)c(C)c1,6.43
OPRM1,CHEMBL3695237,O=C(Nc1ccc(=O)[nH]c1)c1nc2ccccc2n([C@H]2C[C@H]3CC[C@@H](C2)N3C2CCCCCCC2)c1=O,6.43
OPRM1,CHEMBL3698906,O=C(NC(Cc1c[nH]cn1)C(=O)O)c1nc2ccccc2n([C@H]2C[C@H]3CC[C@@H](C2)N3C2CCCCCCC2)c1=O,6.43
OPRM1,CHEMBL4087761,Cc1cccc(C(=O)NCC2NCCc3ccccc32)c1,6.43
OPRM1,CHEMBL4100317,COc1ccc(C(=O)NCC2NCCc3ccccc32)cc1,6.43
OPRM1,CHEMBL4082299,O=C(NCC1NCCc2ccccc21)c1ccc(OC(F)(F)F)cc1,6.43
OPRM1,CHEMBL4215250,O=c1[nH]c2ccccc2n1C1CCN(Cc2ccc(Br)cc2)CC1,6.43
OPRM1,CHEMBL4216907,O=c1[nH]c2cc(Cl)c(Cl)cc2n1[C@H]1CCN(Cc2ccc(Br)cc2)C1,6.43
OPRM1,CHEMBL4483060,CN(C)C1(Cc2ccccc2)CCN(c2cc(C(F)(F)F)ccc2CNC(=O)Nc2ccc(NS(C)(=O)=O)c(F)c2)CC1,6.43
OPRM1,CHEMBL4645094,C=C(C(N)=O)[C@@H](NC(=O)[C@H](Cc1ccccc1)NC(=O)[C@@H](CCCNC(=N)N)NC(=O)[C@@H](N)Cc1ccc(O)cc1)c1ccco1,6.43
OPRM1,CHEMBL4645952,Oc1ccc2c3c1O[C@H]1c4ncc(-c5ccc(F)c(F)c5)cc4C[C@@]4(OCCCc5ccccc5)[C@@H](C2)N(CC2CC2)CC[C@]314,6.43
OPRM1,CHEMBL5075806,CC[C@@H]1CN2CCc3c([nH]c4ccc(C)c(OC)c34)[C@@H]2C[C@@H]1/C(=C\OC)C(=O)OC,6.43
OPRM1,CHEMBL5081139,C[C@H](NC(=O)CNC(=O)[C@H](Cc1ccc(N)cc1)NC(=O)[C@H](Cc1ccccc1)NC(=O)CNC(=O)CNC(=O)[C@@H](N)Cc1ccc(O)cc1)C(=O)N[C@@H](CCCNC(=N)N)C(=O)N[C@@H](CCCCN)C(=O)N[C@@H](CO)C(=O)N[C@@H](C)C(=O)N[C@@H](CCCNC(=N)N)C(=O)N[C@@H](CCCCN)C(N)=O,6.43
OPRM1,CHEMBL5177001,CCC(=O)N(c1ccccc1)C1CCN(C(=O)[C@H](Cc2ccccc2)NC(=O)CNC(=O)C/C=C(\F)[C@@H](N)Cc2ccc(O)cc2)CC1,6.43
OPRM1,CHEMBL5747402,COCCOCCO[C@H]1CCC2C3Cc4ccc(CO)c5c4[C@@]2(CCN3C)[C@H]1O5,6.43
OPRM1,CHEMBL5874507,COCCOCCOCCO[C@H]1CCC2C3Cc4ccc(CO)c5c4[C@@]2(CCN3C)[C@H]1O5,6.43
OPRM1,CHEMBL5774809,COCCOCCOCCOCCOCCOCCOCCOCCN1C[C@]2(CC[C@](c3ccccc3)(N(C)C)CC2)N(CC2CCC2)C1=O,6.43
OPRM1,CHEMBL5949989,CNC(=O)CN(C)C(=O)CN1C[C@]2(CC[C@@](NC)(c3ccccc3)CC2)N(CC2CCC2)C1=O,6.43
OPRM1,CHEMBL5920410,CCN(C)[C@]1(c2ccccc2)CC[C@]2(CC1)CN(CC(=O)NC)C(=O)N2CC1CCC1,6.43
OPRM1,CHEMBL375070,NC(=O)[C@@H](Cc1ccc2ccccc2c1)NC(=O)[C@H](Cc1ccccc1)NC(=O)[C@@H]1CCCN1C(=O)[C@@H](N)Cc1ccc(O)cc1,6.42
OPRM1,CHEMBL229016,CCOC1(c2ccccc2)CCN(C(c2ccccc2)c2ccccc2)CC1,6.42
OPRM1,CHEMBL466066,COc1ccc(CC2(O)CC3CCC(C2)N3C(c2ccccc2Cl)c2ccc(C)cc2Cl)nc1,6.42
OPRM1,CHEMBL593824,CCCC(C)CN1CCC(c2ccc(C(O)(CC)CC)cc2)(c2cccc(C(N)=O)c2)CC1,6.42
OPRM1,CHEMBL1808304,Oc1cccc2c1O[C@H]1CC[C@@H]3C[C@]21CCN3CCc1ccccc1,6.42
OPRM1,CHEMBL1818324,CC(C)CNCc1ccc(-c2ccccc2S(=O)(=O)N2CCOC[C@H]2C)cc1F,6.42
OPRM1,CHEMBL3695252,O=C(O)[C@H](Cc1ccccc1)Nc1nc2ccccc2n([C@H]2C[C@H]3CC[C@@H](C2)N3C2CCCCCCC2)c1=O,6.42
OPRM1,CHEMBL4112155,COc1ccc2c3c1O[C@H]1[C@@]4(OC)CC[C@@]5(C[C@@H]4COCc4ccccc4)[C@@H](C2)N(CCC(N)=O)CC[C@]315,6.42
OPRM1,CHEMBL3937593,CN(Cc1c[nH]c2ccccc12)CC1(C)CCC(c2ccccc2)(N(C)C)CC1,6.42
OPRM1,CHEMBL4066436,O=C(NCC1NCCc2ccccc21)c1cccc(Cl)c1,6.42
OPRM1,CHEMBL4459592,CN1/C(=C/C=C/C2=[N+](CCCCCC(=O)NCCCNC(=N)Nc3ccc4[nH]c5c(c4c3)C[C@@]3(O)[C@H]4Cc6ccc(O)c7c6[C@@]3(CCN4CC3CC3)[C@H]5O7)c3ccc(S(=O)(=O)[O-])cc3C2(C)C)C(C)(C)c2cc(S(=O)(=O)O)ccc21,6.42
OPRM1,CHEMBL4591048,CC(C)[C@H]1CC[C@@H](N2CCC(n3cc(CCCNC(N)=S)c4ccccc43)CC2)CC1,6.42
OPRM1,CHEMBL4562025,C[C@H]1[C@H]2Cc3ccc(O)cc3[C@]1(C)CCN2CCC(=O)N1CCc2ccccc2[C@@H]1c1ccccc1,6.42
OPRM1,CHEMBL4755700,CCC(=O)N(Cc1cccc(Cl)c1)C1(C(=O)NCCc2cccc(F)c2)CCN(CCc2ccccc2)CC1,6.42
OPRM1,CHEMBL4754961,CC[C@H](C)[C@H](NC(=O)[C@H](CCCNC(=N)N)NC(=O)[C@H](CC(C)C)NC(=O)[C@H](Cc1ccccc1)NC(=O)CNC(=O)CNC(=O)[C@@H](N)Cc1ccc(O)cc1)C(=O)N[C@@H](CCCNC(=N)N)C(N)=O,6.42
OPRM1,CHEMBL5179620,CCC(=O)N(Cc1ccccc1F)C1CCN(CCc2ccccc2)CC1,6.42
OPRM1,CHEMBL5434650,CCc1cc(Cl)c(OC)c(N2CCN(C[C@@H]3C[C@@H](O)CN3CCC(C(=O)N(C)C)(c3ccccc3)c3ccccc3)CC2)c1,6.42
OPRM1,CHEMBL5590334,CC(=O)/C=C1/NC2Cc3ccc(O)c4c3[C@]35CCN1[C@]23CCC(=O)C5O4,6.42
OPRM1,CHEMBL5779904,COCCO[C@H]1CCC2C3Cc4ccc(CO)c5c4[C@@]2(CCN3C)[C@H]1O5,6.42
OPRM1,CHEMBL5884227,COCCCCN1C(=O)N(c2cnc(C#N)nc2)C[C@]12CC[C@](c1cccc(F)c1)(N(C)C)CC2,6.42
OPRM1,CHEMBL5956666,COc1ccsc1CNCC[C@]1(c2ccccn2)CCO[C@@]2(CCOC2)C1,6.42
OPRM1,CHEMBL6047808,C[C@H](Cc1ccsc1)NC(=O)NCC(Cc1ccccc1)N(C)C,6.42
OPRM1,CHEMBL63400,CCN(CC)C(=O)c1ccc(C(=C2CC3CCC(C2)N3CCc2ccc(F)cc2)c2ccccc2)cc1,6.41
OPRM1,CHEMBL3706637,c1ccc2c(c1)C[C@@H]1c3ccccc3[C@H]2[C@@H]2CCCCN12,6.41
OPRM1,CHEMBL289494,CC(C)(C)NC(=O)NC[C@@H]1Cc2ccccc2CN1C(=O)NC[C@H]1CCCO1,6.41
OPRM1,CHEMBL201530,C[C@H]1CN(CCc2ccccc2)[C@H](CCN)C[C@@]1(C)c1cccc(O)c1,6.41
OPRM1,CHEMBL379297,c1cc2c3c(cccc3c1)C(N1CCC(c3c[nH]c4ncccc34)CC1)C2,6.41
OPRM1,CHEMBL399814,O=C(c1ccc(Oc2ccc(CNCCc3ccccc3)cc2)nc1)N1CCCCC1,6.41
OPRM1,CHEMBL1818339,CC(C)N(C)S(=O)(=O)c1ccccc1-c1ccc(CNC2CCCC2)cc1,6.41
OPRM1,CHEMBL258098,COCO[C@H]1C[C@@H](C(=O)OC)[C@]2(C)CC[C@H]3C(=O)O[C@H](c4ccoc4)C[C@]3(C)[C@H]2C1=O,6.41
OPRM1,CHEMBL3785728,Oc1ccc2c(c1)CC(CN1CCC3(CCc4ccccc43)CC1)NC2,6.41
OPRM1,CHEMBL3695240,O=C(NCC(O)CO)c1nc2ccccc2n([C@H]2C[C@H]3CC[C@@H](C2)N3C2CCCCCCC2)c1=O,6.41
OPRM1,CHEMBL5070616,C[C@H](NC(=O)CNC(=O)[C@H](Cc1ccccc1)NC(=O)[C@H](Cc1ccccc1)NC(=O)CNC(=O)CNC(=O)[C@@H](N)Cc1ccc(O)cc1)C(=O)N[C@@H](CCCNC(=N)N)C(=O)N[C@@H](CCCCN)C(=O)N[C@@H](CO)C(=O)N[C@@H](C)C(=O)N[C@@H](CCCNC(=N)N)C(=O)N[C@@H](CCCCN)C(N)=O,6.41
OPRM1,CHEMBL5558566,COc1cccc(N2[C@@H]3CC[C@H]2CN(CCCc2ccccc2)C3)c1,6.41
OPRM1,CHEMBL6067667,O=C(O)CN1CCC/C(=C2\N(CC(=O)O)c3ccccc3N2[C@H]2C[C@H]3CCC[C@@H](C2)N3[C@@H]2C[C@@H]3CCCC[C@@H](C3)C2)C1,6.41
OPRM1,CHEMBL5745620,CNC(=O)C(C)(C)N(C)C(=O)CN1C[C@]2(CC[C@](c3ccccc3)(N(C)C)CC2)N(CC2CCC2)C1=O,6.41
OPRM1,CHEMBL5931285,CCN(C)[C@]1(c2ccccc2)CC[C@]2(CC1)CN(CC(=O)NCC(N)=O)C(=O)N2CC1CCC1,6.41
OPRM1,CHEMBL5899225,CNC(=O)CN1C(=O)N(Cc2ccc(OC)cc2)C[C@]12CC[C@](c1ccccc1)(N(C)C)CC2,6.41
OPRM1,CHEMBL5828605,COc1ccccc1CN1C[C@]2(CC[C@](c3ccccc3)(N(C)C)CC2)N(Cc2ccc(C#N)cc2)C1=O,6.41
OPRM1,CHEMBL281322,CCN1C(=O)N(C2CCN(C(C)CCC(C)C)CC2)[C@@H]2CCCC[C@H]21,6.4
OPRM1,CHEMBL431002,O=C1NCN(c2ccccc2F)C12CCN(C1Cc3cccc4cccc1c34)CC2,6.4
OPRM1,CHEMBL289320,CC(C)(C)NC(=O)NC[C@@H]1Cc2ccccc2CN1/C(S)=N/C[C@H]1CCCN1C(=O)Nc1ccccc1,6.4
OPRM1,CHEMBL2113282,O=C1[C@@H]2CCC[C@@]1(c1cccc(O)c1)CCN2CCc1ccccc1,6.4
OPRM1,CHEMBL391083,O=C1NCN(c2ccccc2)C12CCN(C(c1ccccc1)C1CCCC1)CC2,6.4
OPRM1,CHEMBL506457,NC(=O)c1ccc2c3c1O[C@H]1C4NC5C(C[C@@]6(O)[C@H]7Cc8ccc(C(N)=O)c9c8[C@@]6(CCN7CC6CC6)[C@H]5O9)C4C[C@@]4(O)[C@@H](C2)N(CC2CC2)CC[C@]314,6.4
OPRM1,CHEMBL510745,O=C1N(CCNC2CCCCC2)CN(c2ccccc2)C12CCN(C(c1ccccc1Cl)c1ccccc1Cl)CC2,6.4
OPRM1,CHEMBL1642761,C1=C(CCNCc2ccc(N3CCCc4ccccc43)cc2)CCCC1,6.4
OPRM1,CHEMBL2064133,CN(C)C(=O)C1Cc2ccccc2N1C(=O)CCN1CCN(c2ccccc2)CC1,6.4
OPRM1,CHEMBL2158541,CC(C)C[C@H](CN(C=O)[C@H](Cc1ccccc1)CN(C=O)CCN(C=O)CCN(C=O)[C@@H](CN)Cc1ccc(O)cc1)NS(C)(=O)=O,6.4
OPRM1,CHEMBL2443265,Fc1ccc(C2(CCNCc3ccccc3)CCOC3(CCCCC3)C2)cc1,6.4
OPRM1,CHEMBL3764033,NC(=O)[C@@H]1CC(F)(F)CN1C(=O)[C@H](Cc1ccccc1)NC(=O)[C@@H]1CC(F)(F)CN1C(=O)[C@@H](N)Cc1ccc(O)cc1,6.4
OPRM1,CHEMBL3695217,O=c1c(NCC(O)CO)nc2ccccc2n1[C@H]1C[C@H]2CC[C@@H](C1)N2C1CCCCCCC1,6.4
OPRM1,CHEMBL3698904,O=C(O)c1nc2ccccc2n([C@H]2C[C@H]3CC[C@@H](C2)N3C2CCCCCCCC2)c1=O,6.4
OPRM1,CHEMBL3698793,O=C(N[C@H](C(=O)O)c1ccccc1)c1nc2ccccc2n([C@H]2C[C@H]3CC[C@@H](C2)N3C2CCCCCCC2)c1=O,6.4
OPRM1,CHEMBL3698820,CC(C)CC(C)N1[C@@H]2CCC[C@H]1C[C@@H](n1c(=O)c(C(=O)O)nc3ccccc31)C2,6.4
OPRM1,CHEMBL4090181,Cl.Oc1cccc(CCN(CCc2ccccc2)CC2CCC2)c1F,6.4
OPRM1,CHEMBL4207227,CC(C)Oc1ccc(C(C)N2CCC(n3c(=O)[nH]c4ccccc43)CC2)cc1,6.4
OPRM1,CHEMBL4461864,O=C1OC2(CCN(CCc3ccccc3)CC2)CN1c1ccccc1,6.4
OPRM1,CHEMBL4440683,CCc1cc(F)c2nc(N3CCC(N[C@H]4CCCOC4)CC3)c(-c3nc(C)no3)c(C)c2c1,6.4
OPRM1,CHEMBL5422222,CN(C)C(CNC(=O)c1cccs1)c1ccccc1Cl,6.4
OPRM1,CHEMBL5398451,CCC(=O)N(CC(C)N1CCN(c2cccc(C)c2)CC1)c1ccccn1,6.4
OPRM1,CHEMBL6195809,CC1C[C@@H]2C[C@H](C1)C[C@H](N1[C@@H]3CCC[C@H]1C[C@@H](n1c(=O)c(P(=O)(O)OCOC(=O)c4ccccc4)nc4ccccc41)C3)C2,6.4
OPRM1,CHEMBL5828549,COc1ccc2c3c1O[C@H]1C4(OC)CC[C@@]5(C[C@]4(C)COCc4ccoc4)[C@@H](C2)N(C)CC[C@]315,6.4
OPRM1,CHEMBL5899211,COCCOCCOCCOCCOCCO[C@H]1CCC2C3Cc4ccc(CO)c5c4[C@@]2(CCN3C)[C@H]1O5,6.4
OPRM1,CHEMBL5805314,COCCCN1C(=O)N(CCC(=O)NCCO)C[C@]12CC[C@](c1ccccc1)(N(C)C)CC2,6.4
OPRM1,CHEMBL5951558,CN[C@]1(c2ccccc2)CC[C@]2(CC1)CN(CC(=O)NCCOC)C(=O)N2CC1(O)CCC1,6.4
OPRM1,CHEMBL5955044,CN(C)[C@]1(c2cccc(F)c2)CC[C@]2(CC1)CN(CC(=O)OC(C)(C)C)C(=O)N2CC1CCC1,6.4
OPRM1,CHEMBL5940024,CC(C)N(C[C@H](Cc1ccc(O)cc1)N(C)C)C(=O)N[C@@H](C)c1cccc2ccccc12,6.4
OPRM1,CHEMBL2219418,C=CCN1CC[C@]23c4c5ccc(O)c4O[C@H]2[C@@H](OCCOCCOCCOCCOCCOCCOCCOC)CC[C@@]3(O)[C@H]1C5,6.4
OPRM1,CHEMBL544960,CN(C(=O)Cc1cccc2sccc12)[C@@H]1CCCC[C@H]1N1CCCC1.Cl,6.39
OPRM1,CHEMBL3706645,C[C@H]1[C@@H]2c3ccccc3C[C@H](c3ccccc32)N1CO,6.39
OPRM1,CHEMBL180402,Cc1ccc(Cl)c(OCCCN2CCC(n3c(O)nc4ccccc43)CC2)c1,6.39
OPRM1,CHEMBL228740,OC1(c2ccccc2)CCN(C(c2ccccc2)c2cccs2)CC1,6.39
OPRM1,CHEMBL394695,OC1(C2CCCCC2)CCN(C(c2ccccc2)c2ccccc2)CC1,6.39
OPRM1,CHEMBL237293,NC(=O)c1ccc(Oc2ccc3c(c2)CCN(Cc2ccccc2)CC3)nc1,6.39
OPRM1,CHEMBL585567,COc1cc(N)c(Cl)cc1C(=O)N[C@H]1CCN(C[C@@H]2CCCC[C@@]2(O)c2cccc(O)c2)C[C@H]1OC,6.39
OPRM1,CHEMBL3698825,O=C(O)c1nc2ccccc2n([C@H]2C[C@H]3CCCC[C@@H](C2)N3C2/C=C\CCCCC2)c1=O,6.39
OPRM1,CHEMBL3922780,COc1ccc2c(c1)[C@]13CCN(CC4CC4)[C@H](C2)[C@]1(O)C[C@H](CCO)C(=O)C3,6.39
OPRM1,CHEMBL3959625,Cc1c(C2(N(C)C)CCC(c3ccccc3)(N(C)C)CC2)[nH]c2ccccc12,6.39
OPRM1,CHEMBL4575948,FC(CCN1CCc2ccccc2CC1)Cc1ccccc1,6.39
OPRM1,CHEMBL4749564,CSCC[C@@H](NC(=O)[C@H](Cc1ccccc1)NC(=O)CNC(=O)[C@@H](C)NC(=O)[C@@H](N)Cc1ccc(O)cc1)C(=O)N1CCC[C@H]1C(=O)N[C@@H](CCC(N)=O)C(=O)N[C@@H](CCCNC(=N)N)C(=O)N[C@@H](Cc1ccccc1)C(N)=O,6.39
OPRM1,CHEMBL4848517,C=C[C@H]1CN2CCc3c([nH]c4cccc(OC)c34)[C@@H]2C[C@@H]1/C(=C\OC)C(=O)OC,6.39
OPRM1,CHEMBL344159,Cc1ccccc1C(=O)Nc1ccc(C(=O)N2CCCC(O)c3cc(Cl)ccc32)c(C)c1,6.39
OPRM1,CHEMBL5797440,CN(C)[C@]1(c2ccccc2)CC[C@]2(CC1)CN(CCC(=O)Nc1cccnn1)C(=O)N2CC1(O)CCC1,6.39
OPRM1,CHEMBL5761198,CN[C@]1(c2ccccc2)CC[C@]2(CC1)CN(CC(=O)NCC(N)=O)C(=O)N2CC1CCC1,6.39
OPRM1,CHEMBL6056814,COCCOCCOCCOCCOCCOCCOCCOCCN1C(=O)N(Cc2ccc(OC)cc2)CC12CCC(c1ccccc1)(N(C)C)CC2,6.39
OPRM1,CHEMBL5883301,CN(C)[C@]1(c2ccccc2)CC[C@]2(CC1)CN(Cc1c[nH]nn1)C(=O)N2,6.39
OPRM1,CHEMBL5929440,C[C@@H](CN1C(=O)C=CC1=O)NC(=O)NC[C@H](Cc1ccc(O)cc1)N(C)C,6.39
OPRM1,CHEMBL282195,CCN1C(=O)N(C2CCN(C3CCC(C(C)C)CC3)CC2)[C@@H]2CCCC[C@H]21,6.38
OPRM1,CHEMBL65772,CCN(CC)C(=O)c1ccc(C(=C2CC3CCC(C2)N3CCc2ccccc2)c2cccc(OC)c2)cc1,6.38
OPRM1,CHEMBL3707084,COc1ccc2c(c1)[C@H]1c3cc(OC)ccc3[C@H](C2)N(C)[C@@H]1C,6.38
OPRM1,CHEMBL308128,Cc1cc(O)cc(C)c1C[C@H](N)C(=O)N1Cc2ccccc2C[C@H]1CO,6.38
OPRM1,CHEMBL316086,CN1C[C@@H]2CN(c3ccccc3)C3(CCN([C@H]4CC[C@@H]5CCCC[C@@H]5C4)CC3)[C@@H]2C1,6.38
OPRM1,CHEMBL188411,CC1(C)c2cc(O)ccc2CCC1N(CC1CC1)CC1CC1,6.38
OPRM1,CHEMBL228965,COC1(c2ccccc2)CCN(C(c2ccccc2)c2ccccc2)CC1,6.38
OPRM1,CHEMBL431660,COc1ccc(C[C@H]2CN3C(=NC[C@@H]3C)N2CCCC2CCCCC2)cc1,6.38
OPRM1,CHEMBL460636,CN(C)CCN1CN(c2ccccc2)C2(CCN(C(c3ccccc3Cl)c3ccccc3Cl)CC2)C1=O,6.38
OPRM1,CHEMBL3084636,COc1cccc([C@H]2C[C@H]3CC[C@@H](C2)N3C(c2ccccc2Cl)c2ccccc2Cl)n1,6.38
OPRM1,CHEMBL561373,Clc1ccccc1C(c1ccccc1Cl)N1[C@H]2CC[C@H]1CC(C1CCCCN1)C2,6.38
OPRM1,CHEMBL1091995,O=CN1CC[C@]23c4c5ccc(O)c4O[C@H]2[C@@H](O)C=C[C@H]3[C@H]1C5,6.38
OPRM1,CHEMBL1224215,Cc1cc(C(N)=O)ccc1O[C@H]1C[C@H]2CC[C@@H](C1)N2Cc1ccccc1,6.38
OPRM1,CHEMBL1944652,CCN(CC)C(=O)c1ccc(C(=C2CCN(Cc3ccc(F)cc3)CC2)c2cccc3cccnc23)cc1,6.38
OPRM1,CHEMBL3287468,Oc1ccc2c(c1)[C@]13CCN(CC4(O)CC4)C[C@@]1(C2)Cc1cc2ccccc2nc1C3,6.38
OPRM1,CHEMBL3596370,Cl.Oc1ccc2c3c1O[C@H]1c4nc5ccccc5cc4C[C@@]4(O)[C@@H](C2)N(CCF)CC[C@]314,6.38
OPRM1,CHEMBL3898898,C[C@]12CC[C@H](C[C@H](N3C(=O)C(N[C@@H](CO)C(=O)O)Nc4ccccc43)C1)N2C1CCCCCCC1,6.38
OPRM1,CHEMBL4108929,NC(=O)c1cc2c([nH]c1=O)C[C@@]13CCN(CC4CC4)C[C@@]1(Cc1ccc(O)cc13)C2,6.38
OPRM1,CHEMBL3916263,O=C1NC(=O)[C@@]2(CC[C@@]34Cc5ccc(O)cc5[C@@]3(CCN(CC3CC3)C4)C2)N1,6.38
OPRM1,CHEMBL3939293,Cc1c(C2(N3CCCCC3)CCC(c3ccccc3)(N(C)C)CC2)[nH]c2ccccc12,6.38
OPRM1,CHEMBL3972320,CN(C)C1(c2ccccc2)CCC(c2ccccc2)(N(C)CCCCO)CC1,6.38
OPRM1,CHEMBL5557681,Oc1cccc(N2[C@@H]3CC[C@H]2CNC3)c1,6.38
OPRM1,CHEMBL6009475,CN(C)[C@H](CNC(=O)NCCc1cn(CCSSCCN=[N+]=[N-])nn1)Cc1ccc(O)cc1,6.38
OPRM1,CHEMBL26909,CC(C)CCC(C)N1CCC(N2C(=O)N[C@@H]3CCCC[C@H]32)CC1,6.37
OPRM1,CHEMBL558227,CN(C(=O)Cc1ccc2ccsc2c1)[C@@H]1CCCC[C@H]1N1CCCC1.Cl,6.37
OPRM1,CHEMBL199871,O=C(Nc1ccccc1)N1CCC(c2ccccc2)(c2nccn2Cc2ccccc2F)CC1,6.37
OPRM1,CHEMBL427395,Clc1cccc2c(C3CCN(CC4CCCCCCC4)CC3)c[nH]c12,6.37
OPRM1,CHEMBL219079,C[C@H]1CN2C[C@@H](c3ccccc3)CC[C@@H]2C[C@@]1(C)c1cccc(O)c1,6.37
OPRM1,CHEMBL210564,COC(=O)[C@@H]1C[C@H](OC(C)=O)C(=O)[C@H]2[C@@]1(C)CC[C@H]1C(=O)O[C@H](c3nc(C)no3)C[C@]21C,6.37
OPRM1,CHEMBL238600,COc1ccc(C)c(OC(CCN2CCC(n3c(=O)n(CC(=O)NCc4ccccc4)c4ccccc43)CC2)C(C)C)c1,6.37
OPRM1,CHEMBL1257698,NC(=O)c1cccc(O[C@@H]2C[C@H]3CC[C@@H](C2)N3CCc2ccccc2)c1,6.37
OPRM1,CHEMBL2386824,CN1CC[C@@]2(C)c3cc(O)ccc3O[C@H]2C1,6.37
OPRM1,CHEMBL3319081,CC(=O)N[C@H](Cc1c[nH]c2ccc(C)cc12)C(=O)N[C@@H](Cc1ccccc1)C(=O)NCC(N)=O,6.37
OPRM1,CHEMBL4586277,CC(C(=O)NCc1ccc(C(F)(F)F)cc1N1CCC(Cc2ccccc2)(N(C)C)CC1)c1ccc(NS(C)(=O)=O)c(F)c1,6.37
OPRM1,CHEMBL4760974,CCC(=O)N(c1ccccc1)C1(C(=O)NC2CCCCCC2)CCN(CCc2ccccc2)CC1,6.37
OPRM1,CHEMBL4759079,CSCC[C@@H](NC(=O)[C@@H](N)Cc1ccc(O)cc1)C(=O)NCC(=O)N[C@@H](Cc1ccccc1)C(=O)N[C@@H](CCC(N)=O)C(=O)N1CCC[C@H]1C(=O)N[C@@H](CCC(N)=O)C(=O)N[C@@H](CCCNC(=N)N)C(=O)N[C@@H](Cc1ccccc1)C(N)=O,6.37
OPRM1,CHEMBL5869160,CCOP(=O)(OCC)c1nc2ccccc2n([C@H]2C[C@H]3CC[C@@H](C2)N3C23CC4CC(CC2C4)C3)c1=O,6.37
OPRM1,CHEMBL6056633,CN[C@]1(c2ccccc2)CC[C@]2(CC1)CN(c1ccccc1CS(C)(=O)=O)C(=O)N2CC1CC1,6.37
OPRM1,CHEMBL26681,CCCC1CCC(N2CCC(N3C(=O)N[C@@H]4CCCC[C@H]43)CC2)CC1,6.36
OPRM1,CHEMBL308928,CCN(CC)C(=O)c1ccc(C(=C2CC3CCC(C2)N3)c2ccc(O)cc2)cc1,6.36
OPRM1,CHEMBL358089,CCC(=O)N(CCNC(=N)N)C1CCN(CCc2ccccc2)CC1,6.36
OPRM1,CHEMBL189683,CN(C(=O)Cc1ccc(CNS(C)(=O)=O)cc1)[C@H](CN1CCCC1)c1ccccc1,6.36
OPRM1,CHEMBL3349264,CCNC[C@@]1(c2cccc(OC)n2)C[C@H]2CC[C@@H](C1)N2C(c1ccccc1Cl)c1ccccc1Cl,6.36
OPRM1,CHEMBL457451,O=C1N(CCN2CCCC2)CN(c2ccccc2)C12CCN(C(c1ccccc1Cl)c1ccccc1Cl)CC2,6.36
OPRM1,CHEMBL464191,O=C1N(CCCN2CCCC2)CN(c2ccccc2)C12CCN(C(c1ccccc1Cl)c1ccccc1Cl)CC2,6.36
OPRM1,CHEMBL1818329,COC[C@H](C)NCc1ccc(-c2ccccc2S(=O)(=O)N2CCCC2)cc1,6.36
OPRM1,CHEMBL3330669,C=CC(C)C(=O)O[C@H]1C[C@@H](C(=O)OC)[C@]2(C)CC[C@H]3C(=O)O[C@H](c4ccoc4)C[C@]3(C)[C@H]2C1=O,6.36
OPRM1,CHEMBL3928651,COc1ccc(CN(C)C2(c3ccccc3)CCC(c3ccccc3)(N(C)C)CC2)cc1,6.36
OPRM1,CHEMBL4217675,Cc1ccc(CN2CCC(n3c(=O)[nH]c4ccccc43)CC2)cc1,6.36
OPRM1,CHEMBL4439908,O=C1COC2(CCN(CCc3ccccc3)CC2)CN1c1ccccc1,6.36
OPRM1,CHEMBL4465668,CC(C)[C@H]1CC[C@@H](N2CCC(n3cc(CCN)c4ccccc43)CC2)CC1.Cl.Cl,6.36
OPRM1,CHEMBL5094913,CCC(=O)N(Cc1ccccc1)CC1(N2CCN(Cc3ccccc3)CC2)CC1,6.36
OPRM1,CHEMBL6055433,CNC(=O)CN(C)C(=O)CN1C[C@]2(CC[C@](c3ccccc3)(N(C)C)CC2)N(CCCOC)C1=O,6.36
OPRM1,CHEMBL29953,CCN1C(=O)N(C2CCN(CC3CCCCCCC3)CC2)[C@@H]2CCCC[C@H]21,6.35
OPRM1,CHEMBL67734,CCN(CC)C(=O)c1ccc(C(=C2CC3CCC(C2)N3CCC2CCCCC2)c2ccccc2)cc1,6.35
OPRM1,CHEMBL228687,CCOCC(c1ccccc1)N1CCC(O)(c2ccccc2)CC1,6.35
OPRM1,CHEMBL403273,CN(C(=O)Cc1ccc2c(c1)OCO2)[C@H](CN1CCCC1)c1ccccc1,6.35
OPRM1,CHEMBL3084557,N[C@]1(Cc2ccc(Cl)cc2)C[C@H]2CC[C@@H](C1)N2C(c1ccccc1Cl)c1ccccc1Cl,6.35
OPRM1,CHEMBL460832,COCCN(C(=O)c1ccc(Cl)c(Cl)c1)C1c2ccccc2C=CC1N1CCN(c2ccccc2)CC1,6.35
OPRM1,CHEMBL551613,O=C(c1ccc(C2=CC3(CCNCC3)Oc3ccccc32)cc1)N1Cc2ccccc2C1,6.35
OPRM1,CHEMBL3698816,O=C(N[C@H](C(=O)O)c1ccccc1)c1nc2ccccc2n([C@H]2C[C@H]3CCC[C@@H](C2)N3C2CCCCCCC2)c1=O,6.35
OPRM1,CHEMBL3982887,CN(C)C1(c2ccccc2)CCC(c2cccs2)(N(C)C)CC1,6.35
OPRM1,CHEMBL5887603,COCCCN1C(=O)N(CCC(=O)N2CCNC(=O)C2)C[C@]12CC[C@](c1ccccc1)(N(C)C)CC2,6.35
OPRM1,CHEMBL350719,CCC(=O)C(C[C@H](C)N(C)C)(c1ccccc1)c1ccccc1,6.35
OPRM1,CHEMBL76493,COC[C@@H]1Cc2ccccc2CN1C(=O)[C@@H](N)Cc1c(C)cc(O)cc1C,6.34
OPRM1,CHEMBL233535,NCc1ccccc1C1(O)CCN(CC2CCCCCC2)CC1,6.34
OPRM1,CHEMBL512258,NC1(c2ccccc2)CC2CCC(C1)N2C(c1ccccc1Cl)c1ccccc1Cl,6.34
OPRM1,CHEMBL3349287,CC(=O)NC[C@@]1(Cc2ccccc2)C[C@H]2CC[C@@H](C1)N2C(c1ccccc1Cl)c1ccccc1Cl,6.34
OPRM1,CHEMBL1645202,FCCC1OC2(CCN(Cc3ccccc3)CC2)c2ccccc21,6.34
OPRM1,CHEMBL1672186,Cl.Oc1cccc([C@@]23CCC[C@@H](C2)N(C[C@H]2C[C@H]2c2ccccc2)CC3)c1,6.34
OPRM1,CHEMBL1946618,CN(CCO)C(=O)c1ccc(C(=C2CCN(Cc3cscn3)CC2)c2cccc3cccnc23)cc1,6.34
OPRM1,CHEMBL3698884,CCOC(=O)c1nc2ccccc2n([C@H]2C[C@H]3CC[C@@H](C2)N3C2CCCCCCC2)c1=O,6.34
OPRM1,CHEMBL3698778,NC(=O)CNc1nc2ccccc2n([C@H]2C[C@H]3CC[C@@H](C2)N3C2CCCCCCC2)c1=O,6.34
OPRM1,CHEMBL3698795,CC(C)CC(NC(=O)c1nc2ccccc2n([C@H]2C[C@H]3CC[C@@H](C2)N3C2CCCCCCC2)c1=O)C(=O)O,6.34
OPRM1,CHEMBL3908066,CN1CC[C@]23CC(=O)[C@@H](CC(=O)NCc4ccccc4)C[C@@]2(O)[C@H]1Cc1ccc(O)cc13,6.34
OPRM1,CHEMBL4069115,Cl.Oc1ccc(CCN(CCc2cccc(O)c2)CC2CC2)cc1,6.34
OPRM1,CHEMBL4541337,CC(C)[C@H]1CC[C@@H](N2CCC(n3cc(CN4CCCC4)c4ccccc43)CC2)CC1,6.34
OPRM1,CHEMBL4473383,CC(C)[C@H]1CC[C@@H](N2CCC(n3cc(C(N)=O)c4ccccc43)CC2)CC1,6.34
OPRM1,CHEMBL4462475,C[C@@H](Cc1ccsc1)NC(=O)NC[C@H](Cc1cccc2ccccc12)N(C)C,6.34
OPRM1,CHEMBL5081183,CCC(=O)N(CC1(N2CCN(Cc3ccccc3)CC2)CCN(C)CC1)c1ccccc1,6.34
OPRM1,CHEMBL5169886,O=C(C1CCCC1)N(Cc1ccccc1)C1CCN(CCc2ccccc2)CC1,6.34
OPRM1,CHEMBL5414844,CCC(=O)N(CC(CC)N1CCC(c2ccccc2)CC1)c1ccc(C)cn1,6.34
OPRM1,CHEMBL6024267,COCCOCCOCCOCCO[C@H]1CCC2C3Cc4ccc(CO)c5c4[C@@]2(CCN3C)[C@H]1O5,6.34
OPRM1,CHEMBL5886003,CC(C)C(CNC(=O)c1ccc([N+](=O)[O-])s1)N1CCc2ccccc2C1,6.34
OPRM1,CHEMBL5966800,CCN[C@]1(c2ccccc2)CC[C@]2(CC1)CN(c1ccc(C#N)cc1OC)C(=O)N2CC1(O)CCC1,6.34
OPRM1,CHEMBL5934161,CN[C@]1(c2cccc(F)c2)CC[C@]2(CC1)CN(c1cnc(C(F)(F)F)nc1)C(=O)N2CC1CCC1,6.34
OPRM1,CHEMBL6029954,COCCC[C@]1(N(C)C)CC[C@@]2(CC1)CN(Cc1ccc(OC)cc1)C(=O)N2CC1CCC1,6.34
OPRM1,CHEMBL3084541,NC(=O)[C@]1(c2cc(F)cc(F)n2)C[C@H]2CC[C@@H](C1)N2C(c1ccccc1Cl)c1ccccc1Cl,6.33
OPRM1,CHEMBL513171,OC1(c2cccnn2)CC2CCC(C1)N2C(c1ccccc1Cl)c1ccccc1Cl,6.33
OPRM1,CHEMBL558135,Cn1c2c(c3ccccc31)C[C@@]13Cc4ccc(O)cc4[C@@]1(CCN(CC1CC1)C3)C2,6.33
OPRM1,CHEMBL583331,CCN(CC)C(=O)c1ccc(N(c2cccc(NS(C)(=O)=O)c2)C2CCN(Cc3ccccc3)CC2)cc1,6.33
OPRM1,CHEMBL569006,CCN(CC)C(=O)c1ccc(N(c2cccc(O)c2)C2CCN(CCc3cccc(F)c3)CC2)cc1,6.33
OPRM1,CHEMBL1095521,O=C(Cc1ccc(Cl)c(Cl)c1)N1C[C@H]2CC[C@@H](N3CCCC3)[C@@H]1CN2Cc1ccccc1,6.33
OPRM1,CHEMBL1712885,Cc1ccc(S(=O)(=O)NCc2ccc(C(=O)NCCCN3CCN(c4ccccc4)CC3)cc2)cc1,6.33
OPRM1,CHEMBL1762381,Cc1cc(N)c2cc(NC(=O)c3ccccc3COc3ccc(CNCCCNCc4ccc(OCc5ccccc5C(=O)Nc5ccc6nc(C)cc(N)c6c5)cc4)cc3)ccc2n1,6.33
OPRM1,CHEMBL296419,COc1ccc(CCN2CCC(Nc3nc4ccccc4n3Cc3ccc(F)cc3)CC2)cc1,6.33
OPRM1,CHEMBL3695244,O=C(NC(CO)C(=O)O)c1nc2ccccc2n([C@H]2C[C@H]3CC[C@@H](C2)N3C2CCCCCCC2)c1=O,6.33
OPRM1,CHEMBL4115581,COc1ccc2c(c1)[C@]13CCN(CC4CC4)[C@H](C2)C1[C@@H](O)[C@H](OCc1ccccc1)C(=O)C3,6.33
OPRM1,CHEMBL3927022,CN1CC[C@]23CC(=O)[C@@H](CC(=O)O)C[C@@]2(O)[C@H]1Cc1ccc(O)cc13,6.33
OPRM1,CHEMBL4063231,Cl.Oc1cccc(CCN(CCc2ccccc2)Cc2ccccc2)c1,6.33
OPRM1,CHEMBL4464491,C[C@H]1[C@H]2Cc3ccc(O)cc3[C@]1(C)CCN2CCC(=O)N1CCc2ccccc2[C@H]1c1ccccc1,6.33
OPRM1,CHEMBL5072449,O=C(NCCCCN1CC[C@]2(c3cccc(O)c3)CCC[C@H]1[C@H]2O)c1cc2ccccc2[nH]1,6.33
OPRM1,CHEMBL5818104,O=C1NC(=O)[C@@]2(CC[C@@]3(O)[C@H]4C(=O)c5ccc(O)cc5[C@@]3(CCN4CC3CC3)C2)N1,6.33
OPRM1,CHEMBL5800219,CN(C)C1(c2cccc(F)c2)CC2(CN(Cc3ccc(N4CCOCC4)cc3)C(=O)N2)C1,6.33
OPRM1,CHEMBL5938916,CN(C)[C@]1(c2ccccc2)CC[C@]2(CC1)CN(c1cnccc1C#N)C(=O)N2CC1CC1,6.33
OPRM1,CHEMBL5806020,CN(C)C[C@@H]1CN(Cc2ccc(F)cc2Cl)CC[C@@]1(O)c1cccc(C(N)=O)c1,6.33
OPRM1,CHEMBL5959297,COc1ccc(CCN2CCC(O)(c3cccc(C(N)=O)c3)C(CN(C)C)C2)cc1,6.33
OPRM1,CHEMBL536550,CN(C(=O)Cc1ccc2sccc2c1)[C@@H]1CCCC[C@H]1N1CCCC1.Cl,6.32
OPRM1,CHEMBL147569,CCC(=O)N(CCCCCCCCCCCCNC(=N)N)C1CCN(CCc2ccccc2)CC1,6.32
OPRM1,CHEMBL362240,Cc1ccc(Cl)c(OC2(C(CN3CCC(n4c(O)nc5ccccc54)CC3)n3ccnc3)CCCCC2)c1,6.32
OPRM1,CHEMBL365410,CCCN(CCC)C1CCc2ccc(O)cc2C1(C)C,6.32
OPRM1,CHEMBL189643,CN(C(=O)Cc1ccc(CNS(=O)(=O)Cc2ccccc2)cc1)[C@H](CN1CC[C@H](O)C1)c1ccccc1,6.32
OPRM1,CHEMBL437505,Cc1cccc2c1C1(CCN(CC3CCCCCCC3)CC1)C(=O)N2C,6.32
OPRM1,CHEMBL241067,O=C1NCN(c2ccccc2)C12CCN(C1c3ccccc3C=Cc3ccccc31)CC2,6.32
OPRM1,CHEMBL272852,CC(C)C1CCC(N2CCC3(CC2)C(=O)N(C)Cc2ccccc23)CC1,6.32
OPRM1,CHEMBL512962,NC(=O)C1(C2CCCCN2)C[C@H]2CC[C@H](C1)N2C(c1ccccc1Cl)c1ccccc1Cl,6.32
OPRM1,CHEMBL3084536,N#Cc1ccc([C@@]2(C(N)=O)C[C@H]3CC[C@@H](C2)N3C(c2ccccc2Cl)c2ccccc2Cl)nc1,6.32
OPRM1,CHEMBL473884,O=C1N(CCO)CN(c2ccccc2)C12CCN(C(c1ccccc1Cl)c1ccccc1Cl)CC2,6.32
OPRM1,CHEMBL246003,COc1c(O)ccc2c1[C@]13CCN(C)[C@H](C2)[C@]1(O)Cc1c([nH]c2ccccc12)C3,6.32
OPRM1,CHEMBL566557,CC[C@]12CCN(C[C@H](O)c3ccccc3)C[C@H]1Oc1ccc(O)cc12,6.32
OPRM1,CHEMBL1257821,Cc1ccc(CN2[C@@H]3CC[C@H]2C[C@H](Oc2cccc(C(N)=O)c2)C3)cc1,6.32
OPRM1,CHEMBL81,O=C(c1ccc(OCCN2CCCCC2)cc1)c1c(-c2ccc(O)cc2)sc2cc(O)ccc12,6.32
OPRM1,CHEMBL1939698,FCC1OC2(CCN(Cc3ccccc3)CC2)c2ccccc21,6.32
OPRM1,CHEMBL1946615,O=C(c1ccc(C(=C2CCN(Cc3cscn3)CC2)c2cccc3cccnc23)cc1)N1CCOCC1,6.32
OPRM1,CHEMBL3698877,CCOC(=O)c1nc2ccccc2n([C@H]2C[C@H]3CCC[C@@H](C2)N3C2CCCCCCC2)c1=O,6.32
OPRM1,CHEMBL4165704,CN(C)[C@H](CNC(=O)Nc1ccc(C(N)=O)cc1)c1cccs1,6.32
OPRM1,CHEMBL5087408,CCOC(=O)/C=C1\[C@@H]2CCC[C@@]1(c1cccc(O)c1)CCN2,6.32
OPRM1,CHEMBL5094885,C=CCOc1ccc(C[C@H](NC(=O)[C@H](Cc2cccc(OCC=C)c2)NC(C)=O)C(=O)N[C@@H](Cc2ccccc2)C(=O)N[C@@H](CCCNC(=N)N)C(=O)N[C@@H](CC(C)C)C(=O)N[C@@H](CCCNC(=N)N)C(=O)N[C@@H](CCCNC(=N)N)C(=O)N[C@H](C)C(=O)N[C@@H](CCCNC(=N)N)C(=O)N2CCC[C@H]2C(=O)N[C@@H](CCCCN)C(N)=O)cc1,6.32
OPRM1,CHEMBL5783021,COc1ccc2c3c1O[C@H]1[C@@H](O)CCC([C@H](N(C)C)C2)[C@@]31C,6.32
OPRM1,CHEMBL6044439,CN(C)[C@]1(c2ccccc2)CC[C@]2(CC1)CN(CC(C)(C)C(N)=O)C(=O)N2CC1CC1,6.32
OPRM1,CHEMBL5760392,COCCN1C(=O)N(CC(=O)NCC(N)=O)C[C@]12CC[C@](c1ccccc1)(N(C)C)CC2,6.32
OPRM1,CHEMBL5926966,C[C@@H](Cc1ccsc1)NC(=O)NCC(Cc1ccc(O)cc1)N(C)C,6.32
OPRM1,CHEMBL110126,Cc1ccc([C@H](N)[C@@H]2CCN2C(c2ccccc2)c2ccccc2)cc1,6.31
OPRM1,CHEMBL123679,CCCCN1CCN(C(c2ccccc2)c2ccc(C(=O)N(CC)CC)cc2)CC1,6.31
OPRM1,CHEMBL187038,O=C(O)C(CCN1CCC(O)(c2ccc(Cl)c(C(F)(F)F)c2)CC1)(c1ccccc1)c1ccccc1,6.31
OPRM1,CHEMBL185763,CCCNC1CCc2ccc(O)cc2C1(C)C,6.31
OPRM1,CHEMBL240657,O=C1NCN(c2ccccc2)C12CCN(C(c1ccccc1)c1ccccc1)CC2,6.31
OPRM1,CHEMBL577786,CCN(CC)C(=O)c1ccc(N(c2ccc(C(N)=O)cc2)C2CCN(Cc3ccccc3)CC2)cc1,6.31
OPRM1,CHEMBL1808302,Oc1ccc2c(c1)[C@]13CCN(CCc4ccccc4)[C@H](CC[C@H]1O2)C3,6.31
OPRM1,CHEMBL1946024,CCN(CC)C(=O)c1ccc(C(=C2CCN(Cc3ccc(F)cc3)CC2)c2ccc(NC(=O)OC)cc2)cc1,6.31
OPRM1,CHEMBL3695243,C[C@@]12CC[C@@H](C[C@@H](n3c(=O)c(C(=O)NCC(=O)O)nc4ccccc43)C1)N2C1CCCCCCC1,6.31
OPRM1,CHEMBL3698817,CCOC(=O)c1nc2ccccc2n([C@H]2C[C@H]3CCC[C@@H](C2)N3C(C)CCC(C)C)c1=O,6.31
OPRM1,CHEMBL3973642,O=C(O)CC1CN(c2nc3ccccc3n([C@H]3C[C@H]4CC[C@@H](C3)N4[C@@H]3C[C@@H]4CCCC[C@@H](C4)C3)c2=O)C1,6.31
OPRM1,CHEMBL4245987,COc1ccc2c3c1O[C@H]1[C@@]4(OC)CC[C@@]5(C[C@]4(C)C(=O)c4ccc(-c6ccccc6)cc4)[C@@H](C2)N(CC2CC2)CC[C@]315,6.31
OPRM1,CHEMBL5089655,N#CC(CCNCCCCN1CCN(c2cccc(Cl)c2Cl)CC1)(c1ccccc1)c1ccccc1,6.31
OPRM1,CHEMBL5070938,C=CCOc1ccc(C[C@H](NC(C)=O)C(=O)N[C@@H](Cc2cccc(OCC=C)c2)C(=O)N[C@@H](Cc2ccccc2)C(=O)N[C@@H](CCCNC(=N)N)C(=O)N[C@@H](CC(C)C)C(=O)N[C@@H](CCCNC(=N)N)C(=O)N[C@@H](CCCNC(=N)N)C(=O)N[C@H](C)C(=O)N[C@@H](CCCNC(=N)N)C(=O)N2CCC[C@H]2C(=O)N[C@@H](CCCCN)C(N)=O)cc1,6.31
OPRM1,CHEMBL5092332,C=CCOc1cccc(C[C@H](NC(C)=O)C(=O)N[C@@H](Cc2cccc(OCC=C)c2)C(=O)N[C@@H](Cc2ccccc2)C(=O)N[C@@H](CCCNC(=N)N)C(=O)N[C@@H](CC(C)C)C(=O)N[C@@H](CCCNC(=N)N)C(=O)N[C@@H](CCCNC(=N)N)C(=O)N[C@H](C)C(=O)N[C@@H](CCCNC(=N)N)C(=O)N2CCC[C@H]2C(=O)N[C@@H](CCCCN)C(N)=O)c1,6.31
OPRM1,CHEMBL172155,CCC(=O)N(c1ccccc1)C1CCN(Cc2ccccc2)CC1,6.31
OPRM1,CHEMBL6062861,CN(C)[C@]1(c2ccccc2)CC[C@]2(CC1)CN(CC(C)(C)C(=O)NCCO)C(=O)N2CC1(O)CCC1,6.31
OPRM1,CHEMBL5809760,COc1ccc(CN2C[C@]3(CC[C@](c4ccccc4)(N(C)C)CC3)N(CCO)C2=O)cc1,6.31
OPRM1,CHEMBL5780581,CN(C)C(CNC(=O)NC(C)(C)Cc1ccccc1)Cc1ccccc1,6.31
OPRM1,CHEMBL5934087,CN(CCc1ccccc1)C(=O)N(C)C[C@H](Cc1ccc(O)cc1)N(C)C,6.31
OPRM1,CHEMBL355931,CC(=O)N[C@@H](CCCN=C(N)N)C(=O)N[C@@H](CC1CCCCC1)C(=O)NC1CC[C@H]2CCC[C@@H](C(=O)N[C@H](CCCN=C(N)N)C(=O)NC(Cc3ccc(Cl)cc3)C(N)=O)N2C1=O,6.3
OPRM1,CHEMBL3707097,Brc1ccc2c(c1)[C@H]1c3cc(Br)ccc3[C@H](C2)N2CCC[C@@H]12,6.3
OPRM1,CHEMBL2112344,CC(C)[C@H]1CC[C@@H](N2CCC3(CC2)[C@@H]2CNC[C@@H]2CN3c2ccccc2)CC1,6.3
OPRM1,CHEMBL370613,O=C1N(CC(O)CNCCN2CCOCC2)c2ccccc2C12CCN(CC1CCCCCCC1)CC2,6.3
OPRM1,CHEMBL200067,CC(c1ccccc1)n1ccnc1C1(c2ccccc2)CCN(C(=O)Nc2ccccc2)CC1,6.3
OPRM1,CHEMBL211722,Fc1ccc2[nH]cc(C3CCN(C4Cc5cccc6cccc4c56)CC3)c2c1,6.3
OPRM1,CHEMBL378458,Fc1ccc2[nH]cc(C3CCN(Cc4cccc5ccccc45)CC3)c2c1,6.3
OPRM1,CHEMBL211723,Clc1ccc2[nH]cc(C3=CCN(Cc4ccccc4)CC3)c2c1,6.3
OPRM1,CHEMBL233748,Cc1ccc(C(c2ccc(C)cc2)N2CCC(O)(c3ccccc3CN)CC2)cc1,6.3
OPRM1,CHEMBL203356,O=C1NCN(c2ccccc2)C12CCN(Cc1ccccc1)CC2,6.3
OPRM1,CHEMBL2064139,CN(C)C(=O)C1Cc2ccccc2N1C(=O)CCN1CCC(c2ccccc2)CC1,6.3
OPRM1,CHEMBL1732484,COc1ccc(C(CNC(=O)c2ccc3c(c2)CCC3)N(C)C)cc1,6.3
OPRM1,CHEMBL2443264,Fc1ccc([C@@]2(CCNCc3ccccc3)CCOC3(CCCC3)C2)cc1,6.3
OPRM1,CHEMBL2443280,CC[C@]1(C)CC(CCNCc2ccccc2O)(c2ccc(C)cc2)CCO1,6.3
OPRM1,CHEMBL2443266,C[C@H](NCC[C@@]1(c2ccc(F)cc2)CCOC2(CCCC2)C1)c1ccccc1,6.3
OPRM1,CHEMBL4112393,COc1ccc2c3c1O[C@H]1[C@@]4(OC)CC[C@@]5(C[C@@H]4COCc4cccc(CC(=O)O)c4)[C@@H](C2)N(CC2CC2)CC[C@]315,6.3
OPRM1,CHEMBL4082936,CCOc1ccc(Cc2nc3cc(C(=O)N(CC)CC)ccc3n2CCN2CCCCC2)cc1,6.3
OPRM1,CHEMBL4090365,COc1ccc2c3c1O[C@H]1C(=O)/C(=C/c4ccccc4)C[C@@]4(O)[C@@H](C2)N(CC2CC2)CC[C@]314,6.3
OPRM1,CHEMBL4457077,CC(C)[C@H]1CC[C@@H](N2CCC(n3cc(CN(C)C)c4ccccc43)CC2)CC1,6.3
OPRM1,CHEMBL4640438,O=C(N[C@H]1CN(S(=O)(=O)c2ccccc2)C[C@@H]1C(=O)N[C@H]1CCCNC1)c1cc(-c2ccccc2)on1,6.3
OPRM1,CHEMBL4638709,CCO[C@@]12Cc3cc(-c4ccccc4)cnc3[C@@H]3Oc4c(O)ccc5c4[C@@]31CCN(CC1CC1)[C@@H]2C5,6.3
OPRM1,CHEMBL5072730,CC(=O)N[C@H]1Cc2ccc(cc2)OC/C=C/COc2cccc(c2)C[C@@H](C(=O)N[C@@H](Cc2ccccc2)C(=O)N[C@@H](CCCNC(=N)N)C(=O)N[C@@H](CC(C)C)C(=O)N[C@@H](CCCNC(=N)N)C(=O)N[C@@H](CCCNC(=N)N)C(=O)N[C@H](C)C(=O)N[C@@H](CCCNC(=N)N)C(=O)N2CCC[C@H]2C(=O)N[C@@H](CCCCN)C(N)=O)NC1=O,6.3
OPRM1,CHEMBL5408683,C=C(I)[C@H]1CC[C@]2(C)C[C@H]1c1c(O)cc(CCCCC)cc1O2,6.3
OPRM1,CHEMBL531742,CCc1ccc(OCc2ccccc2C(=O)Nc2ccc3nc(C)cc(N)c3c2)cc1.Cl,6.3
OPRM1,CHEMBL6195807,C[C@@H]1C[C@@H]2C[C@H](C1)C[C@H](N1[C@@H]3CCC[C@H]1C[C@@H](n1c(=O)c(/C=C/P(=O)(O)O)nc4ccccc41)C3)C2,6.3
OPRM1,CHEMBL5810099,C[C@@H](Cc1ccsc1)NC(=O)NCC1(N(C)C)Cc2ccccc2C1,6.3
OPRM1,CHEMBL5889462,CN(C)[C@]1(c2ccccc2)CC[C@]2(CC1)CN(CC1(O)CCS(=O)(=O)CC1)C(=O)N2CC1CC1,6.3
OPRM1,CHEMBL317479,N[C@H](c1cccc(C(F)(F)F)c1)[C@H]1CCN1C(c1ccccc1)c1ccccc1,6.29
OPRM1,CHEMBL466846,OC1(c2ccccc2)CC2CCCC(C1)N2C(c1ccccc1)c1ccccc1,6.29
OPRM1,CHEMBL1818338,CC(C)CNCc1ccc(-c2ccccc2S(=O)(=O)NC(C)C)cc1,6.29
OPRM1,CHEMBL3695278,COC(=O)c1ccc2c(c1)CN(c1nc3ccccc3n(C3CCN(C4CCCCCCC4)CC3)c1=O)CC2,6.29
OPRM1,CHEMBL3695285,N[C@@H]1CCN(c2nc3ccccc3n(C3CCN(C4CCCCCCC4)CC3)c2=O)C1,6.29
OPRM1,CHEMBL3704607,CCOC(=N)/N=c1\[nH]c2ccccc2n1C1CCN(C2CCCCCCC2)CC1,6.29
OPRM1,CHEMBL4445578,CC1OC2(CCN(CCc3ccncc3)CC2)CN(c2ccccc2)C1=O,6.29
OPRM1,CHEMBL4553702,CN(C)C1(Cc2ccccc2)CCN(c2cc(C(F)(F)F)ccc2CNC(=O)Nc2cccc3cnccc23)CC1,6.29
OPRM1,CHEMBL5560034,Oc1cccc(N2[C@@H]3CC[C@H]2CN(CC2CC2)C3)c1,6.29
OPRM1,CHEMBL5624647,COc1ccc2c3c1O[C@H]1[C@@]4(OC)C=C[C@@]5(C[C@@H]4C(=O)c4ccc(NC(=O)c6cnn(C)c6)cc4)[C@@H](C2)N(CC2CC2)CC[C@]315,6.29
OPRM1,CHEMBL6009481,COCCN1C(=O)N(CCC(=O)NCCO)C[C@]12CC[C@](c1ccccc1)(N(C)C)CC2,6.29
OPRM1,CHEMBL5927845,CN(C)[C@]1(c2ccccc2)CC[C@]2(CC1)CN(CC(C)(C)C(=O)N1CCS(=O)(=O)CC1)C(=O)N2CC1(O)CCC1,6.29
OPRM1,CHEMBL5829316,COCCN1C(=O)N(c2cnc(C#N)cn2)C[C@]12CC[C@](c1ccccc1)(N(C)C)CC2,6.29
OPRM1,CHEMBL6028959,CN(C)C(=O)CN1C(=O)N(CC(=O)NCCO)C[C@]12CC[C@](c1ccccc1)(N(C)C)CC2,6.29
OPRM1,CHEMBL5921717,CN(C)[C@]1(c2ccccc2)CC[C@]2(CC1)CN(CC(=O)N1CCC(C(N)=O)CC1)C(=O)N2CC1(O)CCC1,6.29
OPRM1,CHEMBL369475,COc1ccc2c3c1O[C@H]1[C@@H](O)C=C[C@H]4[C@@H](C2)N(C)CC[C@@]341.O,6.28
OPRM1,CHEMBL212630,OCCn1cc(C2CCN(C3Cc4cccc5cccc3c45)CC2)c2cccnc21,6.28
OPRM1,CHEMBL426173,CC(=O)N1CCN2C[C@H](C)[C@](C)(c3cccc(O)c3)C[C@@H]2C1,6.28
OPRM1,CHEMBL442469,COc1ccc(C)c(OC(CCN2CCC(n3c(=O)n(Cc4noc(C(C)(C)C)n4)c4ccccc43)CC2)C(C)C)c1,6.28
OPRM1,CHEMBL409743,CO[C@H]1CC[C@H]2[C@H]3Cc4cccc5c4[C@@]2(CCN3C)[C@H]1O5,6.28
OPRM1,CHEMBL408901,OCCN1CCN(c2cc3[nH]c(SC4CCCCC4)nc3cc2Cl)CC1,6.28
OPRM1,CHEMBL498116,CCCCCC(=O)O[C@H]1C[C@@H](C(=O)OC)[C@]2(C)CC[C@H]3C(=O)O[C@H](c4ccoc4)C[C@]3(C)[C@H]2C1=O,6.28
OPRM1,CHEMBL379138,CCCC(=O)O[C@H]1C[C@@H](C(=O)OC)[C@]2(C)CC[C@H]3C(=O)O[C@H](c4ccoc4)C[C@]3(C)[C@H]2C1=O,6.28
OPRM1,CHEMBL1081741,CNC(=O)CN1C(=O)OC2(CCN(C3CCCCCC3)CC2)c2ccccc21,6.28
OPRM1,CHEMBL3665439,O=c1[nH]c2ccccc2n([C@H]2C[C@H]3CCC[C@@H](C2)N3C2CCCCCCC2)c1=O,6.28
OPRM1,CHEMBL3698753,NCC(O)CNc1nc2ccccc2n(C2CCN(C3CCCCCCC3)CC2)c1=O,6.28
OPRM1,CHEMBL6067671,c1ccc2c(c1)nc(-c1cnc[nH]1)n2[C@H]1C[C@H]2CCC[C@@H](C1)N2[C@@H]1C[C@@H]2CCC[C@@H](C2)C1,6.28
OPRM1,CHEMBL6067672,c1ccc2c(c1)nc(-c1cc[nH]n1)n2[C@H]1C[C@H]2CCC[C@@H](C1)N2[C@@H]1C[C@@H]2CCC[C@@H](C2)C1,6.28
OPRM1,CHEMBL4093848,Cl.Oc1ccc(CCN(CCc2cccc(O)c2F)CC2CCC2)cc1,6.28
OPRM1,CHEMBL5432993,CN(C)C(=O)C(CCN1C[C@H](O)C[C@H]1CN1CCN(c2cccc(Cl)c2Cl)CC1)(c1ccccc1)c1ccccc1,6.28
OPRM1,CHEMBL5822938,CN[C@]1(c2ccccc2)CC[C@]2(CC1)CN(c1cnc(C#N)nc1OC)C(=O)N2CCCOC,6.28
OPRM1,CHEMBL5793208,COc1ccc(CN2C[C@]3(CC[C@](c4ccccc4)(N(C)C)CC3)N(CC(=O)O)C2=O)cc1,6.28
OPRM1,CHEMBL6153183,CCC(=O)N(c1ccccc1)C1(COC)CCN(CC(=O)N2CCCC2)CC1,6.28
OPRM1,CHEMBL371267,O=C1NCN(c2ccccc2)C12CCN([C@@H]1CCCC[C@H]1c1ccccc1)CC2,6.27
OPRM1,CHEMBL272601,CC(C)C1CCC(N2CCC3(CC2)C(=O)N(C)Cc2cc(F)ccc23)CC1,6.27
OPRM1,CHEMBL512411,Cc1ccc(C(c2ccccc2Cl)N2C3CCC2CC(O)(c2ccncn2)C3)c(Cl)c1,6.27
OPRM1,CHEMBL2180639,Oc1cccc(CCN(CCc2ccccc2)CC2CCC2)c1,6.27
OPRM1,CHEMBL2313630,C=C(C)n1c(=O)n(CCN2CCC(N(C(=O)OCC)c3ccc(Cl)c(Cl)c3)CC2)c2ccccc21,6.27
OPRM1,CHEMBL2387190,O=C1Cc2ccccc2N1C1CCN(CC2CCCCC2)CC1,6.27
OPRM1,CHEMBL3330666,C/C=C/C(=O)O[C@H]1C[C@@H](C(=O)OC)[C@]2(C)CC[C@H]3C(=O)O[C@H](c4ccoc4)C[C@]3(C)[C@H]2C1=O,6.27
OPRM1,CHEMBL3394754,Cc1cccc(SC[C@H](O)CN2CN(c3ccc(F)cc3)C3(CCN(CC4CCCCCCC4)CC3)C2=O)c1,6.27
OPRM1,CHEMBL4062124,O=C(NCC1NCCc2ccccc21)c1ccc(F)cc1,6.27
OPRM1,CHEMBL4092640,Cl.Oc1cccc(CCN(CCc2ccccc2)CC2CCCCC2)c1,6.27
OPRM1,CHEMBL4282702,OC1(c2ccc(Cl)c(C(F)(F)F)c2)CCN(CCCCCc2ccc(F)cc2)CC1,6.27
OPRM1,CHEMBL4446292,O=C1COC2(CCN(Cc3ccccc3)CC2)CN1c1ccccc1,6.27
OPRM1,CHEMBL4592081,CC1OC2(CCN(CCc3ccccc3)CC2)CN(c2ccccc2O)C1=O,6.27
OPRM1,CHEMBL5089366,CC[C@@H]1CN2CC[C@@]3(O)C(=Nc4ccc(-c5ccoc5)c(OC)c43)[C@@H]2C[C@@H]1/C(=C\OC)C(=O)OC,6.27
OPRM1,CHEMBL5206240,C[C@@H]1NC(=O)[C@H]2CCCN2C(=O)[C@H](Cc2ccccc2)NC(=O)[C@H](Cc2c[nH]c3ccccc23)NC1=O,6.27
OPRM1,CHEMBL5407845,CCC1(CC)CC(OCCCNCc2cccc(Cl)c2Cl)(c2ccccn2)CCO1,6.27
OPRM1,CHEMBL6032492,COc1ccc2c(c1)[C@]13CCN(CC4CC4)[C@H](C2)[C@]1(O)C[C@H]1CC(=O)N[C@H]1C3,6.27
OPRM1,CHEMBL5856606,CN(C)[C@]1(c2ccccc2)CC[C@]2(CC1)CN(C1CCN(c3cncnc3)CC1)C(=O)N2CC1CC1,6.27
OPRM1,CHEMBL538806,CN(C(=O)Cc1ccc(Cl)c(Cl)c1)[C@H]1c2ccccc2CC[C@@H]1N1CCCC1.Cl,6.26
OPRM1,CHEMBL512950,COC1(c2ccccc2)CC2CCC(C1)N2C(c1ccccc1Cl)c1ccccc1Cl,6.26
OPRM1,CHEMBL3678968,COc1ccc(COC[C@H]2C[C@@]34CC[C@]2(OC)[C@@H]2Oc5c(OC)ccc6c5[C@@]23CC[N+](C)(CC2CC2)[C@@H]4C6)cc1,6.26
OPRM1,CHEMBL4111244,COc1ccc2c3c1O[C@H]1[C@@]4(OC)CC[C@@]5(C[C@@H]4COCc4ccc(OCC(=O)O)cc4)[C@@H](C2)N(CC2CC2)CC[C@]315,6.26
OPRM1,CHEMBL3945501,CNC1(c2ccccc2)CCC(c2cccs2)(N(C)C)CC1,6.26
OPRM1,CHEMBL4212726,O=c1[nH]c2ccccc2n1C1CCN(Cc2ccc(Cl)cc2)CC1,6.26
OPRM1,CHEMBL4865995,CC[C@@H]1C[N+]2([O-])CCc3c([nH]c4cccc(OC)c34)[C@H]2C[C@@H]1/C(=C\OC)C(=O)OC,6.26
OPRM1,CHEMBL3349607,NCCCC[C@@H]1NC(=O)[C@@H](Cc2c[nH]c3ccccc23)NC(=O)[C@H](c2ccccc2)NC(=O)[C@@H]2C[C@@H](OC(=O)NCCN)CN2C(=O)[C@H](Cc2ccccc2)NC(=O)[C@H](Cc2ccc(OCc3ccccc3)cc2)NC1=O,6.26
OPRM1,CHEMBL5555993,Cc1ccccc1N(C(=O)C1CCCCC1)C1CCN(CCc2ccccc2)CC1,6.26
OPRM1,CHEMBL5773531,COc1nc(C)cc(C)c1CNC(=O)NC[C@@H](Cc1ccccc1)N(C)C,6.26
OPRM1,CHEMBL5833076,CN(C)[C@]1(c2cccc(F)c2)C[C@@]2(CN(c3ccc(OC(F)(F)F)cn3)C(=O)N2CC2(F)COC2)C1,6.26
OPRM1,CHEMBL6195968,COCCOCCN1CC[C@@]23CC(=O)CC[C@H]2[C@H]1Cc1ccc(OC)cc13,6.26
OPRM1,CHEMBL6067930,COCCOCCOCCN1CC[C@@]23CC(=O)CC[C@H]2[C@H]1Cc1ccc(O)cc13,6.26
OPRM1,CHEMBL6017786,COCCOc1ccc2c(c1)[C@]13CCN(C)[C@H](C2)[C@@H]1CCC(=O)C3,6.26
OPRM1,CHEMBL5816848,COCCOCCOCCOCCOCCO[C@H]1CC[C@H]2[C@H]3Cc4ccc(O)cc4[C@@]2(CCN3C)C1,6.26
OPRM1,CHEMBL6195969,COCCN1CC[C@@]23CCCC[C@H]2[C@H]1Cc1ccc(OC)cc13,6.26
OPRM1,CHEMBL6055025,COCCNC(=O)Oc1ccc2c(c1)[C@@]13CCCC[C@H]1[C@@H](C2)N(C)CC3,6.26
OPRM1,CHEMBL5839699,COCCOc1c(OC)ccc2c1[C@@]13CCCC[C@H]1[C@@H](C2)N(C)CC3,6.26
OPRM1,CHEMBL5955581,COCCNC(=O)Nc1ccc2c(c1)[C@@]13CCCC[C@H]1[C@@H](C2)N(C)CC3,6.26
OPRM1,CHEMBL5984099,COc1ccc(C(=O)Nc2ccc3c(c2)[C@@]24CCCC[C@H]2[C@@H](C3)N(C)CC4)cc1,6.26
OPRM1,CHEMBL5784426,COCCOCCOCC(=O)Nc1ccc2c(c1)[C@@]13CCCC[C@H]1[C@@H](C2)N(C)CC3,6.26
OPRM1,CHEMBL5743641,COCCOCCOc1ccccc1Nc1ccc2c(c1)[C@@]13CCCC[C@H]1[C@@H](C2)N(C)CC3,6.26
OPRM1,CHEMBL6195974,CN1CC[C@@]23CCCC[C@H]2[C@H]1Cc1ccc(NS(C)(=O)=O)cc13,6.26
OPRM1,CHEMBL5751803,COc1ccc(NC(=O)c2ccc3c(c2)[C@@]24CCCC[C@H]2[C@@H](C3)N(C)CC4)cc1,6.26
OPRM1,CHEMBL5925496,COCCOCCNC(=O)c1ccc2c(c1)[C@@]13CCCC[C@H]1[C@@H](C2)N(C)CC3,6.26
OPRM1,CHEMBL6195975,CN1CC[C@@]23CCCC[C@H]2[C@H]1Cc1ccc(NC(=O)OC(C)(C)C)cc13,6.26
OPRM1,CHEMBL5797172,COCCOCCOCCOCCOCCOCC(=O)Nc1ccc2c(c1)[C@@]13CCCC[C@H]1[C@@H](C2)N(C)CC3,6.26
OPRM1,CHEMBL6195979,CN1CC[C@@]23CCCC[C@H]2[C@H]1Cc1ccc(Nc2ccncc2)cc13,6.26
OPRM1,CHEMBL6195980,CN1CC[C@@]23CCCC[C@H]2[C@H]1Cc1ccc(Nc2ccncn2)cc13,6.26
OPRM1,CHEMBL6195985,CN1CC[C@@]23CCCC[C@H]2[C@H]1Cc1ccc(Nc2ccnnc2)cc13,6.26
OPRM1,CHEMBL5804239,COCCNc1ccc2c(c1)[C@@]13CCCC[C@H]1[C@@H](C2)N(C)CC3,6.26
OPRM1,CHEMBL5989205,COCCOCCOCCOCCOCCNc1ccc2c(c1)[C@@]13CCCC[C@H]1[C@@H](C2)N(C)CC3,6.26
OPRM1,CHEMBL6195987,CN1CC[C@@]23CCCC[C@H]2[C@H]1Cc1ccc(Nc2cccnn2)cc13,6.26
OPRM1,CHEMBL6195989,CN1CC[C@@]23CCCC[C@H]2[C@H]1Cc1ccc(Nc2ccccn2)cc13,6.26
OPRM1,CHEMBL5773253,COCCOCCOc1cnccc1Nc1ccc2c(c1)[C@@]13CCCC[C@H]1[C@@H](C2)N(C)CC3,6.26
OPRM1,CHEMBL5990086,COCCOCCOc1cc(Nc2ccc3c(c2)[C@@]24CCCC[C@H]2[C@@H](C3)N(C)CC4)ccn1,6.26
OPRM1,CHEMBL6048880,COCCOCCOCCOCCOCCOCC(=O)Nc1nc2cc3c(cc2s1)C[C@@H]1[C@@H]2CCCC[C@]32CCN1C,6.26
OPRM1,CHEMBL5807407,COCCOCCOCCNc1nc2cc3c(cc2s1)C[C@@H]1[C@@H]2CCCC[C@]32CCN1C,6.26
OPRM1,CHEMBL5787157,COCCOc1cc2c(cc1O)[C@@]13CCCCC1[C@@H](C2)N(C)CC3,6.26
OPRM1,CHEMBL6195991,CN1CC[C@@]23CCCC[C@H]2[C@H]1Cc1cc2nc(N)[nH]c2cc13,6.26
OPRM1,CHEMBL6195992,COCCOCCN1CC[C@@]23CCCC[C@H]2[C@H]1Cc1ccc(Nc2cccnc2)cc13,6.26
OPRM1,CHEMBL6195993,CN1CC[C@@]23CCCC[C@@H]2[C@H]1Cc1cc2sc(NC(=N)N)nc2cc13,6.26
OPRM1,CHEMBL6195996,CN1CC[C@@]23CCCC[C@H]2[C@H]1Cc1cc2cccnc2cc13,6.26
OPRM1,CHEMBL5904936,COCCNC(=N)Nc1nc2cc3c(cc2s1)C[C@@H]1[C@@H]2CCCC[C@]32CCN1C,6.26
OPRM1,CHEMBL6196002,COCCOCCN1CC[C@@]23CCCC[C@H]2[C@H]1Cc1ccc(Nc2ccncc2)cc13,6.26
OPRM1,CHEMBL6196008,COCCOCCN1CC[C@@]23CCCC[C@H]2[C@H]1Cc1ccc(Nc2nccs2)cc13,6.26
OPRM1,CHEMBL6196009,COCCOCCN1CC[C@@]23CCCC[C@H]2[C@H]1Cc1ccc(-c2ccoc2)cc13,6.26
OPRM1,CHEMBL6196011,CN1CC[C@@]23CCCC[C@H]2[C@H]1Cc1ccc(N)cc13,6.26
OPRM1,CHEMBL5766690,CNC1(c2ccccc2)CCC2(CC1)CN(CC(C)(C)C(N)=O)C(=O)N2CC1CCC1,6.26
OPRM1,CHEMBL5987198,CN(C)[C@]1(c2ccccc2)CC[C@]2(CC1)CN(CC(C)(C)C(N)=O)C(=O)N2CC1(O)CCC1,6.26
OPRM1,CHEMBL5801828,CN(C)[C@]1(c2ccccc2)CC[C@]2(CC1)CN(c1c[nH]c3ccccc13)C(=O)N2,6.26
OPRM1,CHEMBL5809483,CN(C)CC1CN(Cc2ccsc2)CCC1(O)c1cccc(C(N)=O)c1,6.26
OPRM1,CHEMBL5995872,Cc1noc(-c2c(N3CCC(NCC4CC4)CC3)nc3c(F)cc(C4CC4)cc3c2C)n1,6.26
OPRM1,CHEMBL6054379,Cc1noc(-c2c(N3CCC(NCC4CCC4)CC3)nc3c(F)cc(C4CC4)cc3c2C)n1,6.26
OPRM1,CHEMBL5786144,Cc1noc(-c2c(N3CCC(N[C@@H]4CCCOC4)CC3)nc3c(F)cc(C4CC4)cc3c2C)n1,6.26
OPRM1,CHEMBL5897582,Cc1noc(-c2c(N3CCC(NC4CCOCC4)CC3)nc3c(F)cc(C4CC4)cc3c2C)n1,6.26
OPRM1,CHEMBL5799994,CCc1cc2cc(-c3nc(C)no3)c(N3CCC(NC4CCOCC4)CC3)nc2cc1F,6.26
OPRM1,CHEMBL5875020,CCc1cc2cc(-c3nc(C)no3)c(N3CCC(N[C@@H]4CCCOC4)CC3)nc2cc1F,6.26
OPRM1,CHEMBL5920313,CCc1cc2cc(-c3nc(C)no3)c(N3CCC(N[C@H]4CCCOC4)CC3)nc2cc1F,6.26
OPRM1,CHEMBL6027334,Cc1noc(-c2c(N3CCC(NC4CCOCC4)CC3)nc3cc(F)c(C4CC4)cc3c2C)n1,6.26
OPRM1,CHEMBL6012546,Cc1noc(-c2c(N3CCC(N[C@@H]4CCCOC4)CC3)nc3cc(F)c(C4CC4)cc3c2C)n1,6.26
OPRM1,CHEMBL5856242,Cc1noc(-c2c(N3CCC(NC4CCOCC4)CC3)nc3c(F)cc(Br)cc3c2C)n1,6.26
OPRM1,CHEMBL5836160,Cc1noc(-c2c(N3CCC(N[C@@H]4CCCOC4)CC3)nc3c(F)cc(Br)cc3c2C)n1,6.26
OPRM1,CHEMBL5838463,Cc1noc(-c2c(N3CCC(N[C@H]4CCCOC4)CC3)nc3c(F)cc(Br)cc3c2C)n1,6.26
OPRM1,CHEMBL5870701,COc1cc(F)c2nc(N3CCC(N[C@@H]4CCCOC4)CC3)c(-c3nc(C)no3)c(C)c2c1,6.26
OPRM1,CHEMBL5898831,COc1cc(F)c2nc(N3CCC(NC4CCOCC4)CC3)c(-c3nc(C)no3)c(C)c2c1,6.26
OPRM1,CHEMBL5850624,CCc1cc(Cl)c2nc(N3CCC(N[C@H]4CCCOC4)CC3)c(-c3nc(C)no3)c(C)c2c1,6.26
OPRM1,CHEMBL5774874,CCc1cc(Cl)c2nc(N3CCC(NC4CCOCC4)CC3)c(-c3nc(C)no3)c(C)c2c1,6.26
OPRM1,CHEMBL5862336,CCc1cc(C#N)c2nc(N3CCC(N[C@@H]4CCOC4)CC3)c(-c3nc(C)no3)c(C)c2c1,6.26
OPRM1,CHEMBL6040953,CCc1cc(C#N)c2nc(N3CCC(N[C@H]4CCCOC4)CC3)c(-c3nc(C)no3)cc2c1,6.26
OPRM1,CHEMBL5741337,CCc1ccc2nc(N3CCC(NC4CCOCC4)CC3)c(-c3nc(C)no3)c(Cl)c2c1,6.26
OPRM1,CHEMBL5920626,Cc1noc(-c2c(N3CCC(NC4CCOCC4)CC3)nc3c(F)cc([C@H](C)F)cc3c2C)n1,6.26
OPRM1,CHEMBL5854362,Cc1noc(-c2c(N3CCC(NC4CCOCC4)CC3)nc3c(F)cc([C@@H](C)F)cc3c2C)n1,6.26
OPRM1,CHEMBL5915724,Cc1noc(-c2c(N3CCC(NC4CCOCC4)CC3)nc3c(F)cc(CCF)cc3c2C)n1,6.26
OPRM1,CHEMBL5877143,Cc1noc(-c2c(N3CCC(N[C@H]4CCCOC4)CC3)nc3c(F)cc(CCF)cc3c2C)n1,6.26
OPRM1,CHEMBL5891394,Cc1noc(-c2c(N3CCC(NC4CCOCC4)CC3)nc3c(C#N)cc(CC(F)(F)F)cc3c2C)n1,6.26
OPRM1,CHEMBL5961770,Cc1noc(-c2c(N3CCC(N[C@@H]4CCCOC4)CC3)nc3c(C#N)cc(CC(F)(F)F)cc3c2C)n1,6.26
OPRM1,CHEMBL5942817,Cc1noc(-c2c(N3CCC(N[C@H]4CCCOC4)CC3)nc3c(C#N)cc(CC(F)(F)F)cc3c2C)n1,6.26
OPRM1,CHEMBL5860686,Cc1cc(F)c2nc(N3CCC(N[C@H]4CCCOC4)CC3)c(-c3nc(C)no3)c(C)c2c1,6.26
OPRM1,CHEMBL6013503,CCc1cc(F)c2nc(N3CC[C@@H](NC4CCOCC4)[C@@H](F)C3)c(-c3nc(C)no3)c(C)c2c1,6.26
OPRM1,CHEMBL5990866,CCc1cc(F)c2nc(N3CC[C@H](NC4CCOCC4)[C@H](F)C3)c(-c3nc(C)no3)c(C)c2c1,6.26
OPRM1,CHEMBL5893874,CCc1cc(F)c2nc(N3CC[C@H](NC4CCOCC4)[C@@H](F)C3)c(-c3nc(C)no3)c(C)c2c1,6.26
OPRM1,CHEMBL5828892,CCc1cc(F)c2nc(N3CC[C@@H](NC4CCOCC4)[C@H](F)C3)c(-c3nc(C)no3)c(C)c2c1,6.26
OPRM1,CHEMBL5916736,CCc1cc(F)c2nc(N3CCC(NCC4CC4)CC3)c(-c3nc(C)no3)c(C)c2c1,6.26
OPRM1,CHEMBL6035919,CCc1cc(F)c2nc(N3CCC(NC4CCOCC4)CC3)c(-c3noc(C)n3)c(C)c2c1,6.26
OPRM1,CHEMBL6021107,CCc1cc(F)c2nc(N3CCC(N[C@@H]4CCCOC4)CC3)c(-c3noc(C)n3)c(C)c2c1,6.26
OPRM1,CHEMBL6006827,CCc1cc2c(C)c(-c3nc(C)no3)c(N3CCC(NC4CCOCC4)CC3)nc2c(F)c1F,6.26
OPRM1,CHEMBL6064634,CCc1cc2c(C)c(-c3nc(C)no3)c(N3CCC(N[C@H]4CCCOC4)CC3)nc2c(F)c1F,6.26
OPRM1,CHEMBL6022074,CCc1cc2c(C)c(-c3nc(C)no3)c(N3CCC(N[C@H]4CCOC4)CC3)nc2c(F)c1F,6.26
OPRM1,CHEMBL5976319,Cc1noc(-c2c(N3CC[C@@H](NC4CCOCC4)C[C@H]3C)nc3c(F)cc(Cl)cc3c2C)n1,6.26
OPRM1,CHEMBL5846961,Cc1cc(F)c2nc(N3CCC(N[C@H]4CCOC4)C[C@H]3C)c(-c3nc(C)no3)c(C)c2c1,6.26
OPRM1,CHEMBL5740466,Cc1cc(F)c2nc(N3CCC(N[C@@H]4CCOC4)C[C@H]3C)c(-c3nc(C)no3)c(C)c2c1,6.26
OPRM1,CHEMBL5756381,Cc1noc(-c2c(N3CCC(N[C@H]4CCCOC4)CC3)nc3c(F)cc(Cl)cc3c2C)n1,6.26
OPRM1,CHEMBL5999786,Cc1cc(F)c2nc(N3CCC(N[C@@H]4CCOC4)CC3)c(-c3nc(C)no3)c(C)c2c1,6.26
OPRM1,CHEMBL5767997,CCOc1cc(F)c2nc(N3CCC(NC4CCOCC4)CC3)c(-c3nc(C)no3)c(C)c2c1,6.26
OPRM1,CHEMBL5817644,Cc1cc(Cl)c2nc(N3CC[C@H](N[C@@H]4CCOC4)C[C@H]3C)c(-c3nc(C)no3)c(C)c2c1,6.26
OPRM1,CHEMBL5777010,Cc1cc(C#N)c2nc(N3CC[C@@H](N[C@H]4CCOC4)C[C@H]3C)c(-c3nc(C)no3)c(C)c2c1,6.26
OPRM1,CHEMBL5926530,Cc1cc(C#N)c2nc(N3CC[C@@H](N[C@@H]4CCOC4)C[C@H]3C)c(-c3nc(C)no3)c(C)c2c1,6.26
OPRM1,CHEMBL5799375,CCc1cc(Cl)c2nc(N3CC[C@@H](N[C@H]4CCOC4)C[C@H]3C)c(-c3nc(C)no3)c(C)c2c1,6.26
OPRM1,CHEMBL5884537,CCc1cc(C#N)c2nc(N3CC[C@@H](N[C@@H]4CCOC4)C[C@H]3C)c(-c3nc(C)no3)c(C)c2c1,6.26
OPRM1,CHEMBL5874046,CCc1cc(C#N)c2nc(N3CC[C@@H](N[C@H]4CCOC4)C[C@H]3C)c(-c3nc(C)no3)c(C)c2c1,6.26
OPRM1,CHEMBL5848950,COc1cc(F)c2nc(N3CC[C@H](N[C@@H]4CCOC4)C[C@H]3C)c(-c3nc(C)no3)c(C)c2c1,6.26
OPRM1,CHEMBL5944247,COc1cc(F)c2nc(N3CC[C@@H](N[C@@H]4CCOC4)C[C@@H]3C)c(-c3nc(C)no3)c(C)c2c1,6.26
OPRM1,CHEMBL5851964,COc1cc(F)c2nc(N3CC[C@H](N[C@H]4CCOC4)C[C@H]3C)c(-c3nc(C)no3)c(C)c2c1,6.26
OPRM1,CHEMBL5862259,COc1cc(F)c2nc(N3CC[C@@H](N[C@H]4CCOC4)C[C@@H]3C)c(-c3nc(C)no3)c(C)c2c1,6.26
OPRM1,CHEMBL5779450,Cc1cc(F)c2nc(N3CC[C@@H](N[C@@H]4CCOC4)C[C@H]3C)c(-c3nc(C)no3)c(C)c2c1,6.26
OPRM1,CHEMBL5896286,Cc1cc(F)c2nc(N3CC[C@@H](NC4CCOCC4)C[C@H]3C)c(-c3nc(C)no3)c(C)c2c1,6.26
OPRM1,CHEMBL5832591,CCc1cc(F)c2nc(N3CC[C@@H](NC4CCOCC4)[C@@H](C)C3)c(-c3nc(C)no3)c(C)c2c1,6.26
OPRM1,CHEMBL5763777,CCc1cc(F)c2nc(N3CC[C@H](NC4CCOCC4)[C@H](C)C3)c(-c3nc(C)no3)c(C)c2c1,6.26
OPRM1,CHEMBL541804,CN(C(=O)Cc1cccc2sccc12)[C@@H]1CCCC[C@H]1N1CCC(CO)C1.Cl,6.25
OPRM1,CHEMBL201295,CCC[C@@H]1C[C@@](C)(c2cccc(O)c2)[C@@H](C)CN1,6.25
OPRM1,CHEMBL239820,O=C1NCN(c2ccccc2)C12CCN(C(c1ccccc1F)c1ccccc1F)CC2,6.25
OPRM1,CHEMBL246682,CC(C)C[C@H](NC(=O)[C@H](Cc1ccccc1)NC(=O)CNC(=O)[C@H](C)NC(=O)[C@@H](N)Cc1cccc(C(N)=O)c1)C(=O)O,6.25
OPRM1,CHEMBL3349274,CNC[C@@]1(c2ccccc2)C[C@H]2CC[C@@H](C1)N2C(c1ccccc1Cl)c1ccccc1Cl,6.25
OPRM1,CHEMBL455905,Oc1cccc2c1O[C@H]1CN(CCc3ccccc3)[C@@H]3CCC[C@]21C3,6.25
OPRM1,CHEMBL567213,CC[C@]12CCN(C[C@@H](O)c3ccccc3)C[C@H]1Oc1ccc(O)cc12,6.25
OPRM1,CHEMBL3926298,CC1(C)[C@H]2CC[C@@H](CCN3[C@@H]4CCC[C@H]3C[C@@H](n3c(=O)c(N5CC(C(=O)O)C5)nc5ccccc53)C4)[C@@H]1C2,6.25
OPRM1,CHEMBL3957299,CC1(C)[C@H]2CC[C@@H](CCN3[C@@H]4CCC[C@H]3C[C@@H](n3c(=O)c(N5CC[C@H]5C(=O)O)nc5ccccc53)C4)[C@@H]1C2,6.25
OPRM1,CHEMBL4083571,Cl.Oc1cccc(CCN(CCc2cccc(O)c2F)CC2CCC2)c1,6.25
OPRM1,CHEMBL4785222,N=C(N)NCCC[C@H](NC(=O)[C@H](CCC(N)=O)NC(=O)[C@@H]1CCCN1C(=O)[C@H](CCC(N)=O)NC(=O)[C@H](Cc1ccccc1)NC(=O)CNC(=O)[C@@H](CO)NC(=O)[C@@H](N)Cc1ccc(O)cc1)C(=O)N[C@@H](Cc1ccccc1)C(N)=O,6.25
OPRM1,CHEMBL5079758,CCC[C@H](NC(=O)[C@H](Cc1ccccc1)NC(=O)CNC(=O)CNC(=O)[C@@H](N)Cc1ccc(O)cc1)C(=O)NCC(=O)N[C@@H](C)C(=O)N[C@@H](CCCNC(=N)N)C(=O)N[C@@H](CCCCN)C(=O)N[C@@H](CO)C(=O)N[C@@H](C)C(=O)N[C@@H](CCCNC(=N)N)C(=O)N[C@@H](CCCCN)C(N)=O,6.25
OPRM1,CHEMBL5081136,CCc1cc(Cl)c(OC)c(C(=O)NC[C@@H]2C[C@@H](OCCCCNCCC(C(=O)N(C)C)(c3ccccc3)c3ccccc3)CN2)c1O,6.25
OPRM1,CHEMBL5188409,CCC(=O)N(CCc1ccccc1)C1CCN(CCc2ccccc2)CC1,6.25
OPRM1,CHEMBL5398409,C=C(I)[C@@H]1CC[C@@]2(C)C[C@@H]1c1c(O)cc(CCCCC)cc1O2,6.25
OPRM1,CHEMBL2387742,C=C(C)[C@@H]1CCC(C)=C[C@H]1c1c(O)cc(CCC)cc1O,6.25
OPRM1,CHEMBL5414796,CN(C)C(=O)C(CCN1C[C@H](O)C[C@H]1C(=O)NCCCCN1CCN(c2cccc(Cl)c2Cl)CC1)(c1ccccc1)c1ccccc1,6.25
OPRM1,CHEMBL5918758,CN(C)[C@]1(c2ccccc2)CC[C@]2(CC1)CN(c1cncc3ccccc13)C(=O)N2,6.25
OPRM1,CHEMBL5863233,CN(CCO)c1nc2cc(N3C[C@]4(CC[C@](c5ccccc5)(N(C)C)CC4)NC3=O)ccc2[nH]1,6.25
OPRM1,CHEMBL2112214,CC1CCCC(C)N1C(=O)c1ccc(/C(=C2\C[C@H]3CC[C@@H](C2)N3CCc2ccccc2)c2ccccc2)cc1,6.24
OPRM1,CHEMBL364907,CN(C(=O)Cc1ccccc1CNS(C)(=O)=O)[C@H](CN1CCCC1)c1ccccc1,6.24
OPRM1,CHEMBL467313,COC(=O)NC1(c2ccccc2)CC2CCC(C1)N2C(c1ccccc1Cl)c1ccccc1Cl,6.24
OPRM1,CHEMBL1258391,CS(=O)(=O)Cc1ccc(CN2[C@@H]3CC[C@H]2C[C@H](Oc2cccc(C(N)=O)c2)C3)cc1,6.24
OPRM1,CHEMBL3698782,O=c1c(NC[C@@H](O)CO)nc2ccccc2n1[C@H]1C[C@H]2CC[C@@H](C1)N2C1CCCCCCC1,6.24
OPRM1,CHEMBL4113404,COc1ccc2c3c1O[C@H]1[C@@]4(OC)CC[C@@]5(C[C@@H]4COCc4ccco4)[C@@H](C2)[N+](C)(CC2CC2)CC[C@]315,6.24
OPRM1,CHEMBL3942489,COc1ccc2c(c1)[C@]13CCN(CC4CC4)[C@H](C2)[C@]1(O)C[C@H](O)C(=O)C3,6.24
OPRM1,CHEMBL3963622,CN1CC[C@]23CC(=O)[C@@H](CC(=O)N4CCCCC4)C[C@@]2(O)[C@H]1Cc1ccc(O)cc13,6.24
OPRM1,CHEMBL4792467,CCC(=O)N(CCN1CCC(Cc2ccccc2)CC1)Cc1ccccc1,6.24
OPRM1,CHEMBL5775609,C[C@H]1[C@H]2C(=O)c3ccc(NC(CO)CO)cc3[C@]1(C)CCN2CC1CC1,6.24
OPRM1,CHEMBL5882320,CN(C)[C@H](CNC(=O)NCCCN1C(=O)C=CC1=O)Cc1ccc(O)cc1,6.24
OPRM1,CHEMBL108904,N[C@@H](c1ccc(Cl)cc1)[C@@H]1CCN1C(c1ccccc1)c1ccccc1,6.23
OPRM1,CHEMBL2114978,Cc1cc(O)cc(C)c1C[C@H](N)C(=O)N1Cc2cc(-c3ccc(F)cc3)ccc2C[C@H]1C(=O)O,6.23
OPRM1,CHEMBL232476,OC1(c2ccccc2F)CCN(C(c2ccccc2)c2ccccc2)CC1,6.23
OPRM1,CHEMBL3084666,CSc1ccc([C@H]2C[C@H]3CC[C@@H](C2)N3C(c2ccccc2Cl)c2ccccc2Cl)nc1,6.23
OPRM1,CHEMBL1188090,CCCN(CCc1ccccc1)CCc1cccc(O)c1,6.23
OPRM1,CHEMBL3695221,N[C@@H]1CCN(c2nc3ccccc3n([C@H]3C[C@H]4CC[C@@H](C3)N4C3CCCCCCC3)c2=O)C1,6.23
OPRM1,CHEMBL4086783,Cl.Oc1cccc(CCN(CCc2cccc(O)c2)CC2CCCC2)c1,6.23
OPRM1,CHEMBL4219000,COc1ccc(CN2CCC(n3c(=O)[nH]c4ccccc43)CC2)cc1,6.23
OPRM1,CHEMBL4576339,CCc1ccc2nc(N3CCC(N[C@H]4CCCC[C@@H]4O)CC3)c(-c3nc(C)no3)cc2c1,6.23
OPRM1,CHEMBL4784329,CC(C)C[C@@H](NC(=O)[C@H](Cc1ccccc1)NC(=O)CNC(=O)[C@@H](C)NC(=O)[C@@H](N)Cc1ccc(O)cc1)C(=O)N1CCC[C@H]1C(=O)N[C@@H](CCC(N)=O)C(=O)N[C@@H](CCCNC(=N)N)C(=O)N[C@@H](Cc1ccccc1)C(N)=O,6.23
OPRM1,CHEMBL5086463,CN1C(=O)CNC(=O)[C@H](NC(=O)[C@@H](N)Cc2ccc(O)cc2)CCCCNC(=O)C[C@H](C(=O)N2CCC[C@H]2C(=O)N[C@@H](CCC(N)=O)C(=O)N[C@@H](CCCNC(=N)N)C(=O)N[C@@H](Cc2ccccc2)C(N)=O)NC(=O)[C@@H]1Cc1ccccc1,6.23
OPRM1,CHEMBL5630651,COc1cccc(C(=O)Nc2ccc(C(=O)[C@H]3C[C@@]45C=C[C@]3(OC)[C@@H]3Oc6c(OC)ccc7c6[C@@]34CCN(CC3CC3)[C@@H]5C7)cc2)c1,6.23
OPRM1,CHEMBL5766515,COc1ccc(CN2C[C@]3(CC[C@](c4ccccc4)(N(C)C)CC3)N(C(C)C)C2=O)cc1,6.23
OPRM1,CHEMBL340476,CCN(CC)C(=O)c1ccc(C(=C2CCN(C3CCCCC3)CC2)c2ccccc2)cc1,6.22
OPRM1,CHEMBL67781,CC(C)(C)NC(=O)c1ccc(C(=C2CC3CCC(C2)N3CCc2ccccc2)c2ccccc2)cc1,6.22
OPRM1,CHEMBL241272,O=C1NCN(c2ccccc2)C12CCN(C(c1ccccc1Cl)c1ccccc1Cl)CC2,6.22
OPRM1,CHEMBL3084550,CC(=O)N[C@]1(c2ccc(F)cn2)C[C@H]2CC[C@@H](C1)N2C(c1ccccc1Cl)c1ccccc1Cl,6.22
OPRM1,CHEMBL467119,O/N=C/C1(c2ccccc2)CC2CCC(C1)N2C(c1ccccc1Cl)c1ccccc1Cl,6.22
OPRM1,CHEMBL3084677,CN1CCCCC1[C@H]1C[C@H]2CC[C@@H](C1)N2C(c1ccccc1Cl)c1ccccc1Cl,6.22
OPRM1,CHEMBL1086749,CNC(=O)Cn1c(=O)n(C2CCN(C3CCCCCCC3)CC2)c2ccccc21,6.22
OPRM1,CHEMBL1939699,FCCCCC1OC2(CCN(Cc3ccccc3)CC2)c2ccccc21,6.22
OPRM1,CHEMBL3935944,CN(C)C1(c2ccccc2)CCC(c2ccccc2)(N(C)C)CC1,6.22
OPRM1,CHEMBL4445674,O=C(Oc1cccc(Cl)c1)N(c1ccccc1)C1CCN(CCc2ccccc2)CC1,6.22
OPRM1,CHEMBL4513933,CC1OC2(CCN(CCc3ccccc3)CC2)CN(c2ccc(O)cc2)C1=O,6.22
OPRM1,CHEMBL4570328,CC(C)[C@H]1CC[C@@H](N2CCC(N3CCc4ccccc43)CC2)CC1,6.22
OPRM1,CHEMBL5076268,CC(=O)N[C@@H](Cc1ccccc1)C(=O)N[C@H]1Cc2ccc(cc2)OC/C=C/COc2cccc(c2)C[C@@H](C(=O)N[C@@H](CCCNC(=N)N)C(=O)N[C@@H](CC(C)C)C(=O)N[C@@H](CCCNC(=N)N)C(=O)N[C@@H](CCCNC(=N)N)C(=O)N[C@H](C)C(=O)N[C@@H](CCCNC(=N)N)C(=O)N2CCC[C@H]2C(=O)N[C@@H](CCCCN)C(N)=O)NC1=O,6.22
OPRM1,CHEMBL5556645,CCc1cccc(C)c1N(C(=O)C1CCCCC1)C1CCN(CCc2ccccc2)CC1,6.22
OPRM1,CHEMBL2112838,C[C@H]1[C@H]2c3ccccc3C[C@H](c3ccccc32)N1C,6.21
OPRM1,CHEMBL336381,CCCC[C@@H](C(=O)N[C@@H](CC(=O)O)C(=O)N[C@@H](Cc1ccccc1)C(N)=O)N(C)C(=O)[C@H](Cc1c[nH]c2ccccc12)NC(=O)CNC(=O)CNC(=O)[C@@H](N)Cc1ccc(O)cc1,6.21
OPRM1,CHEMBL127434,CCN(CC)C(=O)c1ccc(C(c2cccc(OC)c2)N2CC(C)(C)NCC2C)cc1,6.21
OPRM1,CHEMBL198604,CCN(Cc1ccc(C)cc1)CC(O)CN1C(=O)C2(CCN(CC3CCCCCCC3)CC2)c2ccccc21,6.21
OPRM1,CHEMBL228849,OC1(c2ccccc2)CCN(C(c2ccccc2)c2ccccc2Cl)CC1,6.21
OPRM1,CHEMBL233956,NCc1ccccc1C1(O)CCN(C(c2ccccc2Br)c2ccccc2Br)CC1,6.21
OPRM1,CHEMBL400036,NCc1ccccc1C1(O)CCN(C(c2cccc(F)c2)c2cccc(F)c2)CC1,6.21
OPRM1,CHEMBL466679,Cc1ccc(C(c2ccccc2Cl)N2C3CCC2CC(O)(C2=NCCCN2)C3)c(Cl)c1,6.21
OPRM1,CHEMBL3349263,NC[C@@]1(c2ccccn2)C[C@H]2CC[C@@H](C1)N2C(c1ccccc1Cl)c1ccccc1Cl,6.21
OPRM1,CHEMBL1766034,c1ccc(Nc2nc3cc4c(cc3s2)C[C@@H]2[C@@H]3CCCC[C@]43CCN2CC2CC2)nc1,6.21
OPRM1,CHEMBL1814702,CN1C[C@H]2Oc3c(O)cccc3[C@@]23CCC[C@@H]1C3,6.21
OPRM1,CHEMBL3695273,N[C@H]1CCN(c2nc3ccccc3n(C3CCN(C4CCCCCCC4)CC3)c2=O)C1,6.21
OPRM1,CHEMBL4114012,O=C(O)/C=C1\[C@H]2Cc3ccc(O)cc3[C@]1(CCCC(=O)O)CCN2CC1CC1,6.21
OPRM1,CHEMBL4751130,CN1CC2(CCN(CCc3ccccc3)CC2)OC(C)(C)C1=O,6.21
OPRM1,CHEMBL5402755,C=C(COC(C)=O)[C@@H]1CCC(C)=C[C@H]1c1c(O)cc(CCCCC)cc1O,6.21
OPRM1,CHEMBL5966669,CN(C)C(=O)CCN1C[C@]2(CC[C@](c3cccc(F)c3)(N(C)C)CC2)N(CC2CC2)C1=O,6.21
OPRM1,CHEMBL5777232,CN(CCO)C(=O)CN1C[C@]2(CC[C@](c3ccccc3)(N(C)C)CC2)N(CC2CC2)C1=O,6.21
OPRM1,CHEMBL5811136,COc1ccc(CN2C[C@]3(CC[C@](c4ccccc4)(N(C)C)CC3)N(CCC(N)=O)C2=O)cc1,6.21
OPRM1,CHEMBL5935401,CN(C[C@H](Cc1ccc(O)cc1)N(C)C)C(=O)NCCc1ccccc1,6.21
OPRM1,CHEMBL65151,CCN(CC)C(=O)c1ccc(C(=C2CC3CCC(C2)N3CCOc2ccccc2)c2ccccc2)cc1,6.2
OPRM1,CHEMBL320991,OC1(c2ccc(Cl)cc2)CCN(CC2CCCCCCC2)CC1,6.2
OPRM1,CHEMBL129420,CCN(CC)C(=O)c1ccc(C(c2cccc3cccnc23)N2CCNCC2)cc1,6.2
OPRM1,CHEMBL2114980,Cc1cc(O)cc(C)c1C[C@H](N)C(=O)N1Cc2cc(-c3ccccc3)ccc2C[C@H]1C(=O)O,6.2
OPRM1,CHEMBL122981,CC1(C)SC[C@H](C(=O)O)NC(=O)[C@H](Cc2ccccc2)NC(=O)CNC(=O)[C@@H]1NC(=O)[C@@H](N)Cc1ccc(O)cc1,6.2
OPRM1,CHEMBL495461,C[C@H]1C2Cc3cc([N+](=O)[O-])c(C(N)=O)cc3[C@@]1(C)CCN2CC1CC1,6.2
OPRM1,CHEMBL468952,OCC1(c2ccccc2)CC2CCC(C1)N2C(c1ccccc1Cl)c1ccccc1Cl,6.2
OPRM1,CHEMBL456225,O=C1N(CCNC2CCCC2)CN(c2ccccc2)C12CCN(C(c1ccccc1Cl)c1ccccc1Cl)CC2,6.2
OPRM1,CHEMBL1642738,CC(C)CNCc1ccc(N2CCCc3cc(C(N)=O)ccc32)cc1,6.2
OPRM1,CHEMBL2443276,c1ccc([C@]2(CCNCc3cnccn3)CCOC3(CCCC3)C2)nc1,6.2
OPRM1,CHEMBL2443270,c1ccc(CNCC[C@]2(c3ccccn3)CCOC3(CCCC3)C2)cc1,6.2
OPRM1,CHEMBL3958393,CCCCCCCN1CC[C@H]2CC(=O)[C@H](CC)[C@H]3CCC[C@@H]1[C@H]23,6.2
OPRM1,CHEMBL3695262,N=C(N)NCCNc1nc2ccccc2n(C2CCN(C3CCCCCCC3)CC2)c1=O,6.2
OPRM1,CHEMBL3695270,COc1ccc(Nc2nc3ccccc3n(C3CCN(C4CCCCCCC4)CC3)c2=O)cn1,6.2
OPRM1,CHEMBL3695284,CS(=O)(=O)N1CCC(Nc2nc3ccccc3n(C3CCN(C4CCCCCCC4)CC3)c2=O)CC1,6.2
OPRM1,CHEMBL4112234,COCCOCCO[C@H]1CC[C@@]2(O)C3Cc4ccc(OC)c5c4[C@@]2(CCN3C)[C@H]1O5,6.2
OPRM1,CHEMBL4103205,Cl.Oc1cccc(CCN(CCc2cccc(O)c2)CC2CC2)c1,6.2
OPRM1,CHEMBL4458456,CN(C)C(=O)CC1OC2(CCN(CCc3ccccc3)CC2)CN(c2ccccc2)C1=O,6.2
OPRM1,CHEMBL4465208,C[C@H]1CN(CCC(=O)O)CC[C@@]1(C)c1cccc(O)c1,6.2
OPRM1,CHEMBL5201437,CCOC(=O)[C@]12C[C@@H]1[C@@H](n1ccc3c(NC)nc(C#Cc4ccc(Cl)s4)nc31)[C@H](O)[C@@H]2O,6.2
OPRM1,CHEMBL5408125,CCC(=O)N(CCCN1CCN(c2ccccc2)CC1)c1ccccn1,6.2
OPRM1,CHEMBL5754228,COCCOCCO[C@H]1CC[C@@]2(O)C3Cc4ccc(CO)c5c4[C@@]2(CCN3C)[C@H]1O5,6.2
OPRM1,CHEMBL5997454,CN[C@]1(c2ccccc2)CC[C@]2(CC1)CN(CCS(C)(=O)=O)C(=O)N2CC1(O)CCC1,6.2
OPRM1,CHEMBL5805070,CN(C)[C@]1(c2ccccc2)CC[C@]2(CC1)CN(C1CCN(c3cncnc3)CC1)C(=O)N2CC1(O)CCC1,6.2
OPRM1,CHEMBL5978558,CC(=O)n1cc(N2C[C@]3(CC[C@](c4ccccc4)(N(C)C)CC3)NC2=O)c2ccccc21,6.2
OPRM1,CHEMBL6016979,CN[C@]1(c2cccc(F)c2)CC[C@]2(CC1)CN(c1ccc(S(C)(=O)=O)cn1)C(=O)N2CC1CC1,6.2
OPRM1,CHEMBL6029649,COCCN1C(=O)N(CC(=O)NCCO)C[C@]12CC[C@](c1ccccc1)(N(C)C)CC2,6.2
OPRM1,CHEMBL5802400,CCN[C@]1(c2ccccc2)CC[C@@]2(CC1)CN(CC(=O)N1CCS(=O)(=O)CC1)C(=O)N2,6.2
OPRM1,CHEMBL6064325,COc1ccc(CN2C[C@]3(CC[C@](c4ccccc4)(N(C)C)CC3)N(CC[S+](C)[O-])C2=O)cc1,6.2
OPRM1,CHEMBL1514361,C=CC[N+]1(C)CC[C@]23c4c5ccc(O)c4O[C@H]2C(=O)CC[C@@]3(O)[C@H]1C5.[I-],6.2
OPRM1,CHEMBL555100,CN(C(=O)Cc1cccc2ccsc12)[C@@H]1CCCC[C@H]1N1CCCC1.Cl,6.19
OPRM1,CHEMBL292794,CCCN(CCC)C(=O)c1ccc(C(=C2CC3CCC(C2)N3CCc2ccccc2)c2ccccc2)cc1,6.19
OPRM1,CHEMBL2112844,C[C@H]1N[C@@H]2Cc3ccccc3[C@H]1c1ccccc12,6.19
OPRM1,CHEMBL191180,C=CCNC(=O)O[C@H]1C[C@@H](C(=O)OC)[C@]2(C)CC[C@H]3C(=O)O[C@H](c4ccoc4)C[C@]3(C)[C@H]2C1=O,6.19
OPRM1,CHEMBL235560,NC(=O)c1cccc(Oc2ccc(CCNCc3ccccc3)cc2)n1,6.19
OPRM1,CHEMBL246479,CC(C)C[C@H](NC(=O)[C@H](Cc1ccccc1)NC(=O)CNC(=O)[C@H](CO)NC(=O)[C@@H](N)Cc1ccc2nc(N)sc2c1)C(=O)N[C@H](C(=O)O)[C@@H](C)O,6.19
OPRM1,CHEMBL568865,CCN(CC)C(=O)c1ccc(N(c2cccc(O)c2)C2CCN(CC(C)c3ccccc3)CC2)cc1,6.19
OPRM1,CHEMBL1094237,CCC(=O)N1C[C@H]2[C@H](N3CCCC3)CC[C@@H]1CN2C(=O)Cc1ccc(Cl)c(Cl)c1,6.19
OPRM1,CHEMBL3695254,O=C1NC(=O)C2(CCN(c3nc4ccccc4n([C@H]4C[C@H]5CC[C@@H](C4)N5C4CCCCCCC4)c3=O)CC2)N1,6.19
OPRM1,CHEMBL3959941,CNC1(c2ccccc2)CCC(c2ccccc2)(N(C)C)CC1,6.19
OPRM1,CHEMBL3926333,CNC1(c2ccccc2)CCC(c2ccc(OC)cc2)(N(C)C)CC1,6.19
OPRM1,CHEMBL4075084,CC(C)C(NC(=O)/C(=C/c1ccccc1)CN1CCC(C)(c2cccc(O)c2)C(C)C1)C(=O)O,6.19
OPRM1,CHEMBL5094044,CN(C)CCC(C(=O)N(C)C)(c1ccccc1)c1ccccc1,6.19
OPRM1,CHEMBL1346,NC(=O)C(c1ccccc1)(c1ccccc1)[C@@H]1CCN(CCc2ccc3c(c2)CCO3)C1,6.19
OPRM1,CHEMBL2112346,CC(C)[C@H]1CC[C@@H](N2CCC3(CC2)[C@@H]2CN(CC4CC4)C[C@@H]2CN3c2ccc(F)cc2)CC1,6.18
OPRM1,CHEMBL184328,O=S1(=O)NCc2ccccc2N1C1CCN(C2Cc3ccccc3C2)CC1,6.18
OPRM1,CHEMBL235154,NC(=O)c1ccc(Oc2ccc3c(c2)CN(CCc2ccccc2)C3)nc1,6.18
OPRM1,CHEMBL3084648,Cc1ccc([C@H]2C[C@H]3CC[C@@H](C2)N3C(c2ccccc2Cl)c2ccccc2Cl)nc1,6.18
OPRM1,CHEMBL1257820,NC(=O)c1cccc(O[C@@H]2C[C@H]3CC[C@@H](C2)N3CCCc2ccccc2)c1,6.18
OPRM1,CHEMBL1700772,CC(C)c1ccc(S(=O)(=O)NCc2ccc(C(=O)NCCN(Cc3ccccc3)C(C)C)cc2)cc1,6.18
OPRM1,CHEMBL3698819,CC(C)CCC(C)N1[C@@H]2CCC[C@H]1C[C@@H](n1c(=O)c(C(=O)O)nc3ccccc31)C2,6.18
OPRM1,CHEMBL4110656,COCCO[C@H]1CC[C@@]2(O)C3Cc4ccc(OC)c5c4[C@@]2(CCN3C)[C@H]1O5,6.18
OPRM1,CHEMBL3919659,COc1ccc(C2(N(C)C)CCC(c3ccccc3)(N(C)C)CC2)cc1,6.18
OPRM1,CHEMBL4081344,Cc1ccc(C(=O)NCC2NCCc3ccccc32)c(C)c1,6.18
OPRM1,CHEMBL5075588,CC(=O)N[C@H]1Cc2cccc(c2)OC/C=C/COc2ccc(cc2)C[C@@H](C(=O)N[C@@H](Cc2ccccc2)C(=O)N[C@@H](CCCNC(=N)N)C(=O)N[C@@H](CC(C)C)C(=O)N[C@@H](CCCNC(=N)N)C(=O)N[C@@H](CCCNC(=N)N)C(=O)N[C@H](C)C(=O)N[C@@H](CCCNC(=N)N)C(=O)N2CCC[C@H]2C(=O)N[C@@H](CCCCN)C(N)=O)NC1=O,6.18
OPRM1,CHEMBL6051481,O=c1c(P(=O)(O)O)nc2ccccc2n1[C@H]1C[C@H]2CC[C@@H](C1)N2C12CC3CC(CC1C3)C2,6.18
OPRM1,CHEMBL5745000,COCCO[C@H]1CC[C@@]2(O)C3Cc4ccc(CO)c5c4[C@@]2(CCN3C)[C@H]1O5,6.18
OPRM1,CHEMBL5899315,CN[C@]1(c2ccccc2)CC[C@]2(CC1)CN(c1cnc(C#N)nc1)C(=O)N2CCCOC,6.18
OPRM1,CHEMBL5922679,CCN(C)[C@]1(c2ccccc2)CC[C@]2(CC1)CN(CC(=O)NCCO)C(=O)N2CC1CCC1,6.18
OPRM1,CHEMBL5813242,O=C(NCCc1ccccc1)NC[C@H](Cc1ccc(O)cc1)N1CCCC1,6.18
OPRM1,CHEMBL442090,O=C1NCN(c2ccccc2)C12CCN(C1CCCCc3ccccc31)CC2,6.17
OPRM1,CHEMBL3349273,NC[C@@]1(c2ccccc2)C[C@H]2CC[C@@H](C1)N2C(c1ccccc1Cl)c1ccccc1Cl,6.17
OPRM1,CHEMBL516077,COC(=O)CN1CN(c2ccccc2)C2(CCN(C(c3ccccc3Cl)c3ccccc3Cl)CC2)C1=O,6.17
OPRM1,CHEMBL464192,O=C1N(CCN2CCCCC2)CN(c2ccccc2)C12CCN(C(c1ccccc1Cl)c1ccccc1Cl)CC2,6.17
OPRM1,CHEMBL506217,O=C1N[C@H](Cc2c[nH]c3ccccc23)C(=O)N[C@@H](Cc2ccc(O)cc2)C(=O)N2CCC[C@@H]2C(=O)N[C@H]1Cc1ccccc1,6.17
OPRM1,CHEMBL592300,CC[C@@]12CCN(CCc3ccc([N+](=O)[O-])cc3)C[C@@H]1Oc1c(O)cccc12,6.17
OPRM1,CHEMBL1818222,CC(C)CN(C)Cc1ccc(-c2ccccc2S(=O)(=O)N2CCCC2)cc1,6.17
OPRM1,CHEMBL3596368,CCN1CC[C@]23c4c5ccc(O)c4O[C@H]2c2nc4ccccc4cc2C[C@@]3(O)[C@H]1C5.Cl,6.17
OPRM1,CHEMBL3596365,Cl.Oc1ccc2c3c1O[C@H]1c4[nH]c5ccccc5c4C[C@@]4(O)[C@@H](C2)N(CCF)CC[C@]314,6.17
OPRM1,CHEMBL3764234,N[C@@H](Cc1ccc(O)cc1)C(=O)[C@H]1CCCCNC(=O)CNC(=O)[C@H](Cc2ccc(O)cc2)N2Cc3ccccc3C[C@H]2C(=O)N1,6.17
OPRM1,CHEMBL3698878,O=C(O)c1nc2ccccc2n([C@H]2C[C@H]3CCC[C@@H](C2)N3C2CCCCCCC2)c1=O,6.17
OPRM1,CHEMBL3698892,CC12CC3CC(C)(C1)CC(N1[C@@H]4CC[C@H]1C[C@@H](n1c(=O)c(C(=O)O)nc5ccccc51)C4)(C3)C2,6.17
OPRM1,CHEMBL3698765,O=C(O)c1nc2ccccc2n([C@H]2C[C@H]3CC[C@@H](C2)N3C2CCCCCCC2)c1=O,6.17
OPRM1,CHEMBL3698827,CC1(C)[C@H]2CC[C@@H](CCN3[C@@H]4CC[C@H]3C[C@@H](n3c(=O)c(C(=O)O)nc5ccccc53)C4)[C@@H]1C2,6.17
OPRM1,CHEMBL4084881,Cl.Oc1cccc(CCN(CCc2ccccc2)C2CCC2)c1,6.17
OPRM1,CHEMBL333826,Cc1cc(N)c2ccccc2[n+]1CCCCCCCCCC[n+]1c(C)cc(N)c2ccccc21,6.17
OPRM1,CHEMBL5631213,COc1ccc2c3c1O[C@H]1[C@@]4(OC)C=C[C@@]5(C[C@@H]4C(=O)c4ccc(NC(=O)OCc6ccccc6)cc4)[C@@H](C2)N(CC2CC2)CC[C@]315,6.17
OPRM1,CHEMBL5762960,CN(C)[C@]1(c2ccccc2)CC[C@]2(CC1)CN(CC(C)(C)C(=O)N1CCOCC1)C(=O)N2CC1(O)CCC1,6.17
OPRM1,CHEMBL6061675,CN(C)[C@]1(c2ccccc2)CC[C@]2(CC1)CN(c1ccc(N3CCNCC3)nc1)C(=O)N2,6.17
OPRM1,CHEMBL5835724,CCN(C)[C@]1(c2ccccc2)CC[C@]2(CC1)CN(CC(=O)Nc1cccc(OC)n1)C(=O)N2CC1CCC1,6.17
OPRM1,CHEMBL543780,CN(C(=S)Cc1cccc2sccc12)[C@@H]1CCCC[C@H]1N1CCCC1.Cl,6.16
OPRM1,CHEMBL307327,CCN(CC)C(=O)c1ccc(C(=C2CC3CCC(C2)N3C)c2cccc(OC)c2)cc1,6.16
OPRM1,CHEMBL3707093,C[C@@H]1[C@H]2c3cc(N4CCOCC4)ccc3C[C@@H](c3ccc(N4CCOCC4)cc32)N1C,6.16
OPRM1,CHEMBL3707088,C[C@@H]1[C@H]2c3cc(N4CCN(C)CC4)ccc3C[C@@H](c3ccc(N4CCN(C)CC4)cc32)N1CC1CC1,6.16
OPRM1,CHEMBL2112843,CC(C)[C@H]1[C@H]2c3ccccc3C[C@H](c3ccccc32)N1C,6.16
OPRM1,CHEMBL289137,CC(C)(C)NC(=O)NC[C@@H]1Cc2ccccc2CN1/C(S)=N/CC1CCCO1,6.16
OPRM1,CHEMBL510201,CN1CN(c2ccccc2)C2(CCN(C(c3ccccc3)c3ccccc3)CC2)C1=O,6.16
OPRM1,CHEMBL3361419,COc1cc(NC2(CNC(=O)CNC(=N)N)CCN(Cc3ccccc3)CC2)cc(OC)c1,6.16
OPRM1,CHEMBL3698900,O=C(O)c1nc2ccccc2n([C@H]2C[C@H]3CCC[C@@H](C2)N3C2CCCCCCCC2)c1=O,6.16
OPRM1,CHEMBL3698821,CN(CC(=O)O)[C@H]1CCN(c2nc3ccccc3n([C@H]3C[C@H]4CCC[C@@H](C3)N4C3CCCCCCC3)c2=O)C1,6.16
OPRM1,CHEMBL4761627,c1ccc2c(c1)CCO[C@@]21CCC[C@H](NCC2CCCCC2)C1,6.16
OPRM1,CHEMBL4787061,CCCN1Cc2ccccc2CN2CCC1(c1ccccc1)C2,6.16
OPRM1,CHEMBL4797585,CCC(=O)N(CCN1CCC(Cc2ccccc2)CC1)C(C)c1ccccc1,6.16
OPRM1,CHEMBL5186131,C[C@@H]1NC(=O)[C@H](Cc2ccccc2)NC(=O)[C@H]2CCCN2C(=O)[C@H](Cc2ccccc2)NC1=O,6.16
OPRM1,CHEMBL5399270,Clc1cccc(N2CCN(CCC3(c4ccccn4)CCOCC3)CC2)c1Cl,6.16
OPRM1,CHEMBL5590096,CC(=O)C(C(C)=O)=C1N(CC2CC2)C2Cc3ccc(O)c4c3[C@]35CCN1[C@]23CCC(=O)C5O4,6.16
OPRM1,CHEMBL5780348,CN1CCN(c2ccc(N3C[C@]4(CC[C@](c5ccccc5)(N(C)C)CC4)NC3=O)cn2)CC1,6.16
OPRM1,CHEMBL5833190,C=CCN(C)[C@]1(c2ccccc2)CC[C@]2(CC1)CN(Cc1ccc(OC)cc1)C(=O)N2CC1CCC1,6.16
OPRM1,CHEMBL192998,Cc1ccc(S(=O)(=O)NCc2ccc(CC(=O)N(C)[C@H](CN3CC[C@H](O)C3)c3ccccc3)cc2)cc1,6.15
OPRM1,CHEMBL219011,C[C@H]1CN2CCCC[C@@H]2C[C@@]1(C)c1cccc(O)c1,6.15
OPRM1,CHEMBL390280,OC1(c2ccccc2)CCN(C(c2ccccc2)c2cccc(C(F)(F)F)c2)CC1,6.15
OPRM1,CHEMBL395838,OC1(c2cccc(F)c2)CCN(C(c2ccccc2)c2ccccc2)CC1,6.15
OPRM1,CHEMBL466147,C[C@H](NC(=O)[C@H](C)NC(=O)[C@@H]1CCCN1C(=O)[C@@H](N)Cc1ccc(O)cc1)C(N)=O,6.15
OPRM1,CHEMBL466126,Cc1ccnc(C2(O)CC3CCC(C2)N3C(c2ccccc2Cl)c2ccc(C)cc2Cl)c1,6.15
OPRM1,CHEMBL557252,COc1ccc2c(c1)[C@]13CCN(C)C[C@@]1(C2)Cc1c(n(C)c2ccccc12)C3,6.15
OPRM1,CHEMBL2381593,COC(=O)/C=C/C(=O)O[C@H]1C[C@@H](C(=O)OC)[C@]2(C)CC[C@H]3C(=O)O[C@H](c4ccoc4)C[C@]3(C)[C@H]2C1=O,6.15
OPRM1,CHEMBL3939135,O=C(O)C1CCN(CCNc2nc3ccccc3n([C@H]3C[C@H]4CC[C@@H](C3)N4C3CCCCCCC3)c2=O)CC1,6.15
OPRM1,CHEMBL3698902,O=C(O)c1nc2ccccc2n([C@H]2C[C@H]3CC[C@@H](C2)N3C2CCCCCCCCC2)c1=O,6.15
OPRM1,CHEMBL3698786,O=C(O)CN1CCN(c2nc3ccccc3n([C@H]3C[C@H]4CC[C@@H](C3)N4C3CCCCCCC3)c2=O)CC1,6.15
OPRM1,CHEMBL3935417,COc1ccc2c(c1)[C@]13CCN(CC4CC4)[C@H](C2)[C@]1(O)C[C@H](CC(=O)O)C(=O)C3,6.15
OPRM1,CHEMBL5763988,COCCOCCOCCOCCOCCOCCO[C@H]1CCC2C3Cc4ccc(CO)c5c4[C@@]2(CCN3C)[C@H]1O5,6.15
OPRM1,CHEMBL5862152,CN[C@]1(c2ccccc2)CC[C@]2(CC1)CN(c1cnc(C#N)nc1)C(=O)N2CCOC,6.15
OPRM1,CHEMBL5917871,CN(C)C1(c2ccccc2)CCC2(CC1)CN(Cc1cn(CCO)nn1)C(=O)N2,6.15
OPRM1,CHEMBL303148,O=C(NC1CCCCC1)c1ccc(C(=C2CC3CCC(C2)N3CCc2ccccc2)c2ccccc2)cc1,6.14
OPRM1,CHEMBL27018,CCN1C(=O)N(C2CCN(Cc3ccccc3)CC2)[C@@H]2CCCC[C@H]21,6.14
OPRM1,CHEMBL67996,CCN(CC)C(=O)c1ccc(C(=C2CC3CCC(C2)N3C)c2cccc(O)c2)cc1,6.14
OPRM1,CHEMBL133719,Cc1cc(O)cc(C)c1[C@H](C)[C@H](N)C(=O)N[C@H](C(=O)NCC(=O)N[C@@H](Cc1ccccc1)C(=O)N[C@H](C(=O)O)C(C)(C)S)C(C)(C)S,6.14
OPRM1,CHEMBL330291,CN1C[C@@H]2CN(c3ccccc3)C3(CCN(C4CCCCCCCC4)CC3)[C@@H]2C1,6.14
OPRM1,CHEMBL516024,COCCN1CN(c2ccccc2)C2(CCN(C(c3ccccc3Cl)c3ccccc3Cl)CC2)C1=O,6.14
OPRM1,CHEMBL572393,CCC(=O)N(c1ccc(C(C)NC(=O)[C@H]2O[C@@H](c3nc4c(NC5CCCC5)ncnc4[nH]3)[C@H](O)[C@@H]2O)cc1)C1CCN(CCc2ccccc2)CC1,6.14
OPRM1,CHEMBL1223815,Cc1ccc(CN2[C@@H]3CC[C@H]2C[C@@H](Oc2cccc(C(N)=O)c2)C3)s1,6.14
OPRM1,CHEMBL1257578,Cc1ccc(CN2[C@@H]3CC[C@H]2C[C@H](Oc2cccc(C(N)=O)c2)C3)s1,6.14
OPRM1,CHEMBL104,Clc1ccccc1C(c1ccccc1)(c1ccccc1)n1ccnc1,6.14
OPRM1,CHEMBL2381594,CCOC(=O)/C=C/C(=O)O[C@H]1C[C@@H](C(=O)OC)[C@]2(C)CC[C@H]3C(=O)O[C@H](c4ccoc4)C[C@]3(C)[C@H]2C1=O,6.14
OPRM1,CHEMBL3890511,Oc1ccc(CCN(CCc2ccccc2)CC2CCC2)cc1,6.14
OPRM1,CHEMBL3695253,O=C(O)C1(O)CCN(c2nc3ccccc3n([C@H]3C[C@H]4CC[C@@H](C3)N4C3CCCCCCC3)c2=O)CC1,6.14
OPRM1,CHEMBL4471711,CC1OC2(CCN(CCc3ccccc3)CC2)CN(c2cccc(O)c2)C1=O,6.14
OPRM1,CHEMBL4439997,CC(C)[C@H]1CC[C@@H](N2CCC(n3cc(CO)c4ccccc43)CC2)CC1,6.14
OPRM1,CHEMBL4859858,CC[C@H]1CN2CCc3c([nH]c4cccc(OC)c34)[C@@H]2C[C@@H]1/C(=C\OC)C(=O)OC,6.14
OPRM1,CHEMBL5079087,CCC(=O)N(CC1(N2CCN(CCOC)CC2)CCOCC1)c1cccc(C(F)(F)F)n1,6.14
OPRM1,CHEMBL254832,CC(NCCC(c1ccccc1)c1ccccc1)c1ccccc1,6.14
OPRM1,CHEMBL1615374,Cl.N#Cc1ccc2[nH]cc(CCCCN3CCN(c4ccc5oc(C(N)=O)cc5c4)CC3)c2c1,6.14
OPRM1,CHEMBL6031259,CCN(C)[C@]1(c2ccccc2)CC[C@]2(CC1)CN(c1cnc(C(F)(F)F)nc1)C(=O)N2CC1CCC1,6.14
OPRM1,CHEMBL5937403,CCN1C(=O)N(Cc2ccccc2)C[C@]12CC[C@](c1ccccc1)(N(C)C)CC2,6.14
OPRM1,CHEMBL6142706,C/C=C1/CN2CC[C@]34C(=C(C(=O)OC)[C@H]1C[C@H]23)Nc1ccc(-c2ccoc2)cc14,6.14
OPRM1,CHEMBL111918,O=C(O)CN1CN(c2ccccc2)C2(CCN(C(=O)OCc3cc4c(cc3Cl)OCO4)CC2)C1=O,6.13
OPRM1,CHEMBL184698,CC(C)C1CCC(N2CCC(N3c4ccccc4NS3(=O)=O)CC2)CC1,6.13
OPRM1,CHEMBL3084551,COC(=O)N[C@]1(c2ccccn2)C[C@H]2CC[C@@H](C1)N2C(c1ccccc1Cl)c1ccccc1Cl,6.13
OPRM1,CHEMBL467933,C[C@@H]1CN(C(c2ccccc2)c2ccccc2)CC[C@@]1(O)c1ccccc1,6.13
OPRM1,CHEMBL3349249,CCNC[C@@]1(c2ccccn2)C[C@H]2CC[C@@H](C1)N2C(c1ccccc1Cl)c1ccccc1Cl,6.13
OPRM1,CHEMBL518325,CC(C)NCCN1CN(c2ccccc2)C2(CCN(C(c3ccccc3Cl)c3ccccc3Cl)CC2)C1=O,6.13
OPRM1,CHEMBL598977,CN1CC[C@@]2(CCc3ccccc3)c3cccc(O)c3O[C@H]2C1,6.13
OPRM1,CHEMBL1818327,C[C@@H]1COCCN1S(=O)(=O)c1ccccc1-c1ccc(CNC2CCOCC2)cc1,6.13
OPRM1,CHEMBL1818231,O=S(=O)(c1ncccc1-c1ccc(CN2C[C@@H]3CCC[C@H]2C3)cc1)N1CCCC1,6.13
OPRM1,CHEMBL3323514,COc1ccc(CN2CCN(C(=O)Cc3ccc(Cl)c(Cl)c3)C3C(N4CCCC4)CCCC32)cc1,6.13
OPRM1,CHEMBL3695236,CONC(=O)c1nc2ccccc2n([C@H]2C[C@H]3CC[C@@H](C2)N3C2CCCCCCC2)c1=O,6.13
OPRM1,CHEMBL3896402,CNc1nc(Oc2ccc(OC)cc2)nc(N(C)C2(c3ccccc3)CCC(c3ccccc3)(N(C)C)CC2)n1,6.13
OPRM1,CHEMBL2203406,CCCN(CC[C@]1(O)C[C@H](NC(=O)c2ccc3ccccc3c2)C1)[C@H]1CCc2nc(N)sc2C1,6.13
OPRM1,CHEMBL4764883,C[C@H]1CO[C@@H](c2ccc(N)nc2)CN1CC(O)CCNC(=O)c1cc2ccccc2[nH]1,6.13
OPRM1,CHEMBL5415842,CCC1(CC)CC(OCCCN2CCN(c3cccc(C(F)(F)F)n3)CC2)(c2ccccn2)CCO1,6.13
OPRM1,CHEMBL5948975,CN(C)[C@]1(c2ccccc2)CC[C@]2(CC1)CN(c1ccc(-c3cccc4c3CC(=O)N4)cn1)C(=O)N2,6.13
OPRM1,CHEMBL324505,CCCCCCCCCCN1CC[C@]2(C)c3cc(O)ccc3CC1[C@H]2C,6.12
OPRM1,CHEMBL553665,CN(C(=O)Cc1cccc2occc12)[C@@H]1CCCC[C@H]1N1CCC(COC(=O)CCCC(=O)OCC2CCN([C@H]3CCCC[C@@H]3N(C)C(=O)Cc3cccc4occc34)C2)C1.Cl.Cl,6.12
OPRM1,CHEMBL3706646,C[C@H]1[C@@H]2c3ccccc3C[C@H](c3ccccc32)N1CCO,6.12
OPRM1,CHEMBL379971,CN(C)C[C@@H](O)Cn1cc(C2CCN(C3Cc4cccc5cccc3c45)CC2)c2ccc(F)cc21,6.12
OPRM1,CHEMBL393356,Cc1ccsc1C1(O)CCN(C(c2ccccc2)c2ccccc2)CC1,6.12
OPRM1,CHEMBL3349268,CC(=O)NC[C@@]1(c2ncccc2CN2CCCCC2)C[C@H]2CC[C@@H](C1)N2C(c1ccccc1Cl)c1ccccc1Cl,6.12
OPRM1,CHEMBL3349270,CC(=O)NC[C@@]1(c2ccc(Br)cn2)C[C@H]2CC[C@@H](C1)N2C(c1ccccc1Cl)c1ccccc1Cl,6.12
OPRM1,CHEMBL1818342,CC(C)CNCc1ccc(-c2ccccc2S(=O)(=O)N2CCC(F)(F)C2)cc1,6.12
OPRM1,CHEMBL1818223,CC(C)CNCc1ccc(-c2ccccc2S(=O)(=O)N2CCCC2)nc1,6.12
OPRM1,CHEMBL2171852,Br.NC(=O)[C@H](Cc1ccccc1)NC(=O)[C@@H](Cc1ccccc1)NC(=O)[C@@H]1C[C@H](N)CN1C(=O)[C@@H](N)Cc1ccc(O)cc1,6.12
OPRM1,CHEMBL2171850,Br.N[C@H]1C[C@@H](C(=O)N[C@@H](Cc2ccccc2)C(=O)N[C@H](Cc2ccccc2)C(=O)O)N(C(=O)[C@@H](N)Cc2ccc(O)cc2)C1,6.12
OPRM1,CHEMBL4070138,O=C(NCC1NCCc2ccccc21)c1ccccc1,6.12
OPRM1,CHEMBL4203421,CC(=O)Nc1ccc(CN2CCC(n3c(=O)[nH]c4ccccc43)CC2)cc1,6.12
OPRM1,CHEMBL4520788,CNCc1ccccc1-c1csc([C@H](C)Nc2nc(C)nc3cc(OC)c(OC)cc23)c1,6.12
OPRM1,CHEMBL1078261,CCCOC(C(=O)OC1CCN(C)CC1)(c1ccccc1)c1ccccc1,6.12
OPRM1,CHEMBL278623,CC(C)(N)C(=O)N[C@H](Cc1c[nH]c2ccccc12)C(=O)N[C@H](Cc1c[nH]c2ccccc12)NC=O,6.12
OPRM1,CHEMBL5860315,CS(=O)(=O)c1cc2c([nH]c1=O)C[C@]13CCN(CC4CC4)[C@H](Cc4ccc(O)cc41)[C@]3(O)C2,6.12
OPRM1,CHEMBL5749307,COCCOCCOCCOCCOCCOCCN1C[C@]2(CC[C@](c3ccccc3)(N(C)C)CC2)N(CC2CCC2)C1=O,6.12
OPRM1,CHEMBL5829165,CN(CC1CC1)[C@H](CNC(=O)NCCc1ccccc1)Cc1ccc(O)cc1,6.12
OPRM1,CHEMBL146191,Oc1nc2ccccc2n1C1CCN(CC2CCCCCCC2)CC1,6.11
OPRM1,CHEMBL324392,CCCCCN1CC[C@@]2(C)c3cc(O)ccc3CC1[C@H]2C,6.11
OPRM1,CHEMBL127761,CCN(CC)C(=O)c1ccc(C(c2cccc3c2OC(C)(C)C3)N2CCNCC2)cc1,6.11
OPRM1,CHEMBL125734,CCN(CC)C(=O)c1ccc(C(c2cccc3ccccc23)N2CCNCC2)cc1,6.11
OPRM1,CHEMBL189430,CN(C(=O)Cc1ccc(CCNS(C)(=O)=O)cc1)[C@H](CN1CC[C@H](O)C1)c1ccccc1,6.11
OPRM1,CHEMBL228686,COCC(c1ccccc1)N1CCC(O)(c2ccccc2)CC1,6.11
OPRM1,CHEMBL232066,OC1(c2ccc(F)cc2)CCN(C(c2ccccc2)c2ccccc2)CC1,6.11
OPRM1,CHEMBL428563,O=C1NCN(c2ccccc2)C12CCN(C(c1ccccc1)c1ccccc1Cl)CC2,6.11
OPRM1,CHEMBL506634,Cc1ccc(C(c2ccccc2Cl)N2C3CCC2CC(O)(C2CCNC2=O)C3)c(Cl)c1,6.11
OPRM1,CHEMBL3349276,CC(=O)NC[C@@]1(c2ccccc2)C[C@H]2CC[C@@H](C1)N2C(c1ccccc1Cl)c1ccccc1Cl,6.11
OPRM1,CHEMBL3349261,CC(=O)NC[C@@]1(Cc2ccc(F)cc2)C[C@H]2CC[C@@H](C1)N2C(c1ccccc1Cl)c1ccccc1Cl,6.11
OPRM1,CHEMBL3349250,CN(C)C[C@@]1(c2ccccn2)C[C@H]2CC[C@@H](C1)N2C(c1ccccc1Cl)c1ccccc1Cl,6.11
OPRM1,CHEMBL475096,CCNCCN1CN(c2ccccc2)C2(CCN(C(c3ccccc3Cl)c3ccccc3Cl)CC2)C1=O,6.11
OPRM1,CHEMBL457247,COCCN[C@H]1c2ccccc2CC[C@@H]1c1ccsc1,6.11
OPRM1,CHEMBL522071,O=C1N[C@H](Cc2c[nH]c3ccccc23)C(=O)NCC(=O)N2CCC[C@@H]2C(=O)N[C@H]1Cc1ccccc1,6.11
OPRM1,CHEMBL570448,CCN(CC)C(=O)c1ccc(N(c2cccc(O)c2)C2CCN(CCc3nccn3C)CC2)cc1,6.11
OPRM1,CHEMBL1200531,CCC(=O)N(c1ccccc1)C1(COC)CCN(CCn2nnn(CC)c2=O)CC1.Cl,6.11
OPRM1,CHEMBL3219937,CCO[C@@H](C)O[C@H]1C[C@@H](C(=O)OC)[C@]2(C)CC[C@H]3C(=O)O[C@H](c4ccoc4)C[C@]3(C)[C@H]2C1=O,6.11
OPRM1,CHEMBL3695230,O=C(O)[C@@H](CO)Nc1nc2ccccc2n([C@H]2C[C@H]3CC[C@@H](C2)N3C2CCCCCCC2)c1=O,6.11
OPRM1,CHEMBL3665440,O=c1[nH]c2ccccc2n([C@@H]2C[C@H]3CCC[C@@H](C2)N3C2CCCCCCC2)c1=O,6.11
OPRM1,CHEMBL3698791,CSCCC(NC(=O)c1nc2ccccc2n([C@H]2C[C@H]3CC[C@@H](C2)N3C2CCCCCCC2)c1=O)C(=O)O,6.11
OPRM1,CHEMBL3698792,O=C(O)CC(NC(=O)c1nc2ccccc2n([C@H]2C[C@H]3CC[C@@H](C2)N3C2CCCCCCC2)c1=O)C(=O)O,6.11
OPRM1,CHEMBL4111500,COCCOCCOCCO[C@H]1CC[C@@]2(O)C3Cc4ccc(OC)c5c4[C@@]2(CCN3C)[C@H]1O5,6.11
OPRM1,CHEMBL4072866,O=C(NCC1NCCc2ccccc21)c1cccc(F)c1,6.11
OPRM1,CHEMBL4104814,CC(C)CC(NC(=O)/C(=C/c1ccccc1)CN1CCC(C)(c2cccc(O)c2)C(C)C1)C(=O)O,6.11
OPRM1,CHEMBL4237758,COc1ccc2c3c1O[C@H]1[C@@]4(OC)CC[C@@]5(C[C@]4(C)C(O)c4ccccc4)[C@@H](C2)N(CC2CC2)CC[C@]315,6.11
OPRM1,CHEMBL1405,C[C@]12CC[C@@H]3c4ccc(O)cc4CC[C@H]3[C@@H]1CCC2=O,6.11
OPRM1,CHEMBL5398747,CN(C)C(=O)C(CCN1C[C@H](O)C[C@H]1CN1CCN(c2cccc(C(F)(F)F)n2)CC1)(c1ccccc1)c1ccccc1,6.11
OPRM1,CHEMBL5419159,CN(C)[C@H](CNC(=O)O[C@H](c1ccccc1)C1CC1)Cc1ccc(O)cc1,6.11
OPRM1,CHEMBL6067836,COc1ccc2c(c1)[C@]13CCN(CC4CC4)[C@H](C2)[C@]12CCC(N)(CO2)C3,6.11
OPRM1,CHEMBL6039940,COCCOCCOCCO[C@H]1CC[C@@]2(O)C3Cc4ccc(CO)c5c4[C@@]2(CCN3C)[C@H]1O5,6.11
OPRM1,CHEMBL5862769,CN(C)C(=O)CN1C(=O)N(c2cnc(C#N)nc2)C[C@]12CC[C@](c1ccccc1)(N(C)C)CC2,6.11
OPRM1,CHEMBL5766685,CN(C)[C@]1(c2ccccc2)CC[C@]2(CC1)CN(c1ccc(F)c(C#N)c1)C(=O)N2CC1CCC1,6.11
OPRM1,CHEMBL5811281,CCN1C(=O)N(Cc2ccc(S(C)(=O)=O)cc2)C[C@]12CC[C@](c1ccccc1)(N(C)C)CC2,6.11
OPRM1,CHEMBL6144710,C/C=C1/CN2CC[C@]34C(=C(C(=O)OC)[C@H]1C[C@H]23)Nc1ccc(-c2ccccc2)cc14,6.11
OPRM1,CHEMBL6142815,CCC(=O)N(c1ccccc1)C1(COC)CCN(CC(=O)N2CCc3ccccc32)CC1,6.11
OPRM1,CHEMBL110138,Cc1ccc(C(c2ccc(C)cc2)N2CC[C@H]2[C@H](N)c2cccc(Cl)c2)cc1,6.1
OPRM1,CHEMBL540277,CN(C(=O)Cc1cccc2occc12)[C@@H]1CCCC[C@H]1N1CCC(COC(=O)CCC(=O)OCC2CCN([C@H]3CCCC[C@@H]3N(C)C(=O)Cc3cccc4occc34)C2)C1.Cl.Cl,6.1
OPRM1,CHEMBL325258,N#Cc1ccc(CCOC(=O)N2CCN(CCCc3ccccc3)CC2)cc1,6.1
OPRM1,CHEMBL228850,OC1(c2ccccc2)CCN(C(c2ccccc2)c2ccc(Cl)cc2)CC1,6.1
OPRM1,CHEMBL231608,OC1(c2ccccc2)CCN(C(c2ccccc2)C2CCCC2)CC1,6.1
OPRM1,CHEMBL391703,O=C1NCN(c2ccccc2)C12CCN(C(c1ccc(F)cc1)c1ccc(F)cc1)CC2,6.1
OPRM1,CHEMBL3084642,Clc1ccccc1C(c1ccccc1Cl)N1[C@@H]2CC[C@H]1C[C@@H](c1ccncc1)C2,6.1
OPRM1,CHEMBL599174,CC[C@@]12CCN(C)C[C@@H]1Oc1c(O)cccc12,6.1
OPRM1,CHEMBL2180641,CCCCCCN(CCc1ccccc1)CCc1cccc(O)c1,6.1
OPRM1,CHEMBL2443277,c1ccc([C@]2(CCNCc3ccncn3)CCOC3(CCCC3)C2)nc1,6.1
OPRM1,CHEMBL3596363,CCN1CC[C@]23c4c5ccc(O)c4O[C@H]2c2[nH]c4ccccc4c2C[C@@]3(O)[C@H]1C5.Cl,6.1
OPRM1,CHEMBL3945031,O=C1C[C@]23CCN(CC4CC4)[C@H](Cc4ccc(OCc5ccccc5)cc42)[C@]3(O)C[C@@H]1CCO,6.1
OPRM1,CHEMBL4640017,Oc1ccc2c3c1O[C@H]1c4ncc(-c5ccc(Cl)cc5)cc4C[C@@]4(OCc5ccc6ccccc6n5)[C@@H](C2)N(CC2CC2)CC[C@]314,6.1
OPRM1,CHEMBL4744365,N=C(N)NCCC[C@H](NC(=O)[C@H](CCC(N)=O)NC(=O)[C@@H]1CCCN1C(=O)[C@@H]1CSSC[C@H](NC(=O)[C@@H](N)Cc2ccc(O)cc2)C(=O)NCC(=O)N[C@@H](Cc2ccccc2)C(=O)N1)C(=O)N[C@@H](Cc1ccccc1)C(N)=O,6.1
OPRM1,CHEMBL4852167,CC[C@@H]1CN2CC[C@@]3(C(=O)Nc4cccc(O)c43)[C@H]2C[C@@H]1/C(=C\OC)C(=O)OC,6.1
OPRM1,CHEMBL5404724,CN(C)C(=O)C(CCN1C[C@H](O)C[C@H]1C(=O)NCCCCN1CCN(c2cccc(C(F)(F)F)n2)CC1)(c1ccccc1)c1ccccc1,6.1
OPRM1,CHEMBL5421714,CN(C)C(=O)C(CCN1C[C@H](F)C[C@H]1C(=O)NCCCCN1CCN(c2cccc(Cl)c2Cl)CC1)(c1ccccc1)c1ccccc1,6.1
OPRM1,CHEMBL5563878,Cc1cc(O)cc(C)c1C[C@H](N)C(=O)N[C@H](CCCN1CCC(Cc2ccccc2)CC1)C(=O)N[C@H]1Cc2ccccc2CN(CCC(=O)N[C@@H](CCCN2CCC(Cc3ccccc3)CC2)C(=O)N[C@@H](Cc2ccccc2)C(N)=O)C1=O,6.1
OPRM1,CHEMBL5953799,CN(C)[C@]1(c2ccccc2)CC[C@@]2(CC1)CN(CC(C)(C)C(N)=O)C(=O)N2,6.1
OPRM1,CHEMBL6031657,CN(C)[C@]1(c2ccccc2)CC[C@]2(CC1)CN(c1cccc(F)c1)C(=O)N2,6.1
OPRM1,CHEMBL6102129,C/C=C1/CN2CC[C@]34C(=C(C(=O)OC)[C@H]1C[C@H]23)Nc1ccc(-c2ccsc2)cc14,6.1
OPRM1,CHEMBL129034,CCN(CC)C(=O)c1ccc(C(=C2CCNCC2)c2cccc3ccccc23)cc1,6.09
OPRM1,CHEMBL555835,CO[C@H]1C[C@H](N(C)C(=O)Cc2cccc3occc23)[C@@H](N2CCCC2)C[C@H]1OC.Cl,6.09
OPRM1,CHEMBL374603,OC1(c2ccccc2)CCN(C(c2ccccc2)c2cccnc2)CC1,6.09
OPRM1,CHEMBL392969,O=C1NCN(c2ccccc2)C12CCN(C(c1ccccc1)c1ccccc1F)CC2,6.09
OPRM1,CHEMBL3394756,Cc1ccc(CN(C[C@H](O)CN2CN(c3ccc(F)cc3)C3(CCN(CC4CCCCCCC4)CC3)C2=O)C(=O)[C@H](N)C(C)C)cc1,6.09
OPRM1,CHEMBL3695218,NC(=O)c1nc2ccccc2n([C@H]2C[C@H]3CC[C@@H](C2)N3C2CCCCCCC2)c1=O,6.09
OPRM1,CHEMBL3695277,O=c1c(N2CCc3ccccc3C2)nc2ccccc2n1C1CCN(C2CCCCCCC2)CC1,6.09
OPRM1,CHEMBL4168822,COC(=O)N1CC[C@]23c4c5ccc(O)c4O[C@H]2[C@@H](O)C=C[C@H]3[C@H]1C5,6.09
OPRM1,CHEMBL4647180,Oc1ccc2c3c1O[C@H]1c4ncc(-c5ccc(Cl)cc5)cc4C[C@@]4(OCCOc5ccccc5)[C@@H](C2)N(CC2CC2)CC[C@]314,6.09
OPRM1,CHEMBL4779988,CC[C@H](C)[C@H](NC(=O)[C@H](CCCNC(=N)N)NC(=O)[C@H](CC(C)C)NC(=O)[C@H](Cc1ccccc1)NC(=O)CNC(=O)CNC(=O)[C@H](Cc1ccc(O)cc1)NC(C)=O)C(=O)N[C@@H](CCCNC(=N)N)C(=O)N1CCC[C@H]1C(=O)N[C@@H](CCCCN)C(N)=O,6.09
OPRM1,CHEMBL5219510,O=C(NCCc1ccccc1)[C@H]1CCN(C(=O)Cc2ccc(O)cc2)[C@@H]1C(=O)NCCc1c[nH]c2ccccc12,6.09
OPRM1,CHEMBL493982,CCOC(=O)N[C@@H]1CC[C@@H]2[C@@H](C1)C[C@H]1C(=O)O[C@H](C)[C@H]1[C@H]2/C=C/c1ccc(-c2cccc(F)c2)cn1,6.09
OPRM1,CHEMBL5828287,CN(C)[C@]1(c2cccc(F)c2)C[C@@]2(CN(c3ccc(OC(F)(F)F)cn3)C(=O)N2CC2CC2)C1,6.09
OPRM1,CHEMBL5983269,CN[C@]1(c2ccccc2)CC[C@]2(CC1)CN(CCC(=O)Nc1cccnn1)C(=O)N2CC1(O)CCC1,6.09
OPRM1,CHEMBL5971432,COCCN1C(=O)N(CC(C)(C)C(N)=O)C[C@]12CC[C@](c1ccccc1)(N(C)C)CC2,6.09
OPRM1,CHEMBL5782412,CN[C@]1(c2cccc(F)c2)CC[C@]2(CC1)CN(c1cc(C(F)(F)F)nn1C)C(=O)N2CC1CC1,6.09
OPRM1,CHEMBL43104,CN(C(=O)Cc1cccc2[nH]ccc12)[C@@H]1CCCC[C@H]1N1CCCC1,6.08
OPRM1,CHEMBL3144467,CC(=O)N[C@@H](CCCN=C(N)N)C(=O)N[C@H]1CC[C@H]2CCC[C@@H](C(=O)N[C@H](CCCNC(N)=O)C(=O)N[C@H](Cc3ccc(Cl)cc3)C(N)=O)N2C1=O,6.08
OPRM1,CHEMBL198867,O=C1N(CC2CO2)c2ccccc2C12CCN(CC1CCCCCCC1)CC2,6.08
OPRM1,CHEMBL293103,C[C@H]1C2Cc3ccc(C(=O)Nc4ccccc4)cc3[C@@]1(C)CCN2CC1CC1,6.08
OPRM1,CHEMBL3084553,CN(C)[C@]1(c2ccccn2)C[C@H]2CC[C@@H](C1)N2C(c1ccccc1Cl)c1ccccc1Cl,6.08
OPRM1,CHEMBL467057,CCN1CCN(c2cc3[nH]c(S[C@]4(C)CC[C@@H](N(C)C(C)=O)CC4)nc3cc2Cl)CC1,6.08
OPRM1,CHEMBL577356,CCN(CC)C(=O)c1ccc(N(c2cccc(CN)c2)C2CCN(Cc3ccccc3)CC2)cc1,6.08
OPRM1,CHEMBL2180638,Oc1cccc(CCN(CCc2ccccc2)CC2CC2)c1,6.08
OPRM1,CHEMBL3220706,CCC[C@@H](C)CN1CCC(c2cccc(O)c2)(c2ncc(C(=O)N(CC)CC)cn2)CC1,6.08
OPRM1,CHEMBL3325749,CN(C)[C@]1(c2ccccc2)CC[C@H](OCc2ccccc2)CC1.Cl,6.08
OPRM1,CHEMBL3665422,CC(C)C1CCC(N2CCC(n3c(=O)c(=O)[nH]c4ccccc43)CC2)CC1,6.08
OPRM1,CHEMBL4471169,Cc1ccc2nc(N3CCC(NCC4CC4)CC3)c(-c3nc(C)no3)cc2c1,6.08
OPRM1,CHEMBL5085161,CC(C)C[C@H](NC(=O)[C@H](Cc1ccccc1)NC(=O)CNC(=O)CNC(=O)[C@@H](N)Cc1ccc(O)cc1)C(=O)NCC(=O)N[C@@H](C)C(=O)N[C@@H](CCCNC(=N)N)C(=O)N[C@@H](CCCCN)C(=O)N[C@@H](CO)C(=O)N[C@@H](C)C(=O)N[C@@H](CCCNC(=N)N)C(=O)N[C@@H](CCCCN)C(N)=O,6.08
OPRM1,CHEMBL5081432,C[C@H](NC(=O)CNC(=O)[C@H](Cc1cccc2ccccc12)NC(=O)[C@H](Cc1ccccc1)NC(=O)CNC(=O)CNC(=O)[C@@H](N)Cc1ccc(O)cc1)C(=O)N[C@@H](CCCNC(=N)N)C(=O)N[C@@H](CCCCN)C(=O)N[C@@H](CO)C(=O)N[C@@H](C)C(=O)N[C@@H](CCCNC(=N)N)C(=O)N[C@@H](CCCCN)C(N)=O,6.08
OPRM1,CHEMBL5069790,CC(=O)N[C@@H](Cc1ccccc1)C(=O)N[C@H]1Cc2cccc(c2)OC/C=C\COc2cccc(c2)C[C@@H](C(=O)N[C@@H](CCCNC(=N)N)C(=O)N[C@@H](CC(C)C)C(=O)N[C@@H](CCCNC(=N)N)C(=O)N[C@@H](CCCNC(=N)N)C(=O)N[C@H](C)C(=O)N[C@@H](CCCNC(=N)N)C(=O)N2CCC[C@H]2C(=O)N[C@@H](CCCCN)C(N)=O)NC1=O,6.08
OPRM1,CHEMBL5086847,C=CCOc1cccc(C[C@H](NC(=O)[C@H](Cc2ccccc2)NC(C)=O)C(=O)N[C@@H](Cc2cccc(OCC=C)c2)C(=O)N[C@@H](CCCNC(=N)N)C(=O)N[C@@H](CC(C)C)C(=O)N[C@@H](CCCNC(=N)N)C(=O)N[C@@H](CCCNC(=N)N)C(=O)N[C@H](C)C(=O)N[C@@H](CCCNC(=N)N)C(=O)N2CCC[C@H]2C(=O)N[C@@H](CCCCN)C(N)=O)c1,6.08
OPRM1,CHEMBL5198980,CCC(=O)N(Cc1ccccc1)C1CCN(Cc2ccccc2)CC1,6.08
OPRM1,CHEMBL19215,CN1C[C@H](CNC(=O)OCc2ccccc2)C[C@@H]2c3cccc4c3c(cn4C)C[C@H]21,6.08
OPRM1,CHEMBL67846,CCN(CC)C(=O)c1ccc(/C(=C2\C[C@H]3CC[C@@H](C2)N3)c2ccccc2)cc1,6.07
OPRM1,CHEMBL423726,COC(=O)c1cccc([C@]2(C)CCN(CCc3ccccc3)C[C@@H]2C)c1,6.07
OPRM1,CHEMBL377340,CC(C)(C)c1cccc(-c2nncn2-c2cccc(O)c2)c1,6.07
OPRM1,CHEMBL388122,COc1ccc(C(c2ccc(OC)cc2)N2CCC(O)(c3ccccc3)CC2)cc1,6.07
OPRM1,CHEMBL228964,COc1ccccc1C(c1ccccc1OC)N1CCC(O)(c2ccccc2)CC1,6.07
OPRM1,CHEMBL4106660,CN(C)C(=O)CCC[C@]12CCN(CC3CC3)[C@H](Cc3ccc(O)cc31)/C2=C\C(=O)O,6.07
OPRM1,CHEMBL4114011,COc1ccc2c3c1O[C@H]1[C@@]4(OC)CC[C@@]5(C[C@@H]4COCc4ccccc4)[C@@H](C2)N(CCC(=O)O)CC[C@]315,6.07
OPRM1,CHEMBL4099749,COc1cccc(C(=O)NCC2NCCc3ccccc32)c1,6.07
OPRM1,CHEMBL4101576,Cl.Oc1cccc(CCN(CCc2ccccc2)CC2CCCCC2)c1F,6.07
OPRM1,CHEMBL4594096,CC(C)[C@H]1CC[C@@H](N2CCC(n3cc(CNC(=O)[C@@H](N)CCCNC(=N)N)c4ccccc43)CC2)CC1,6.07
OPRM1,CHEMBL4748910,COC(=O)CC[C@@H]1[C@@H]2CCC[C@@]1(c1cccc(O)c1)CCN2CCc1ccccc1,6.07
OPRM1,CHEMBL4445645,C[C@@H]1CN(c2ncc(Cl)c(Nc3ccc4c(c3)n(CCC(C)(C)O)c(=O)n4C)n2)C[C@H](C)C1(F)F,6.07
OPRM1,CHEMBL5806722,CN[C@]1(c2ccccc2)CC[C@]2(CC1)CN(c1ncc(C#N)cn1)C(=O)N2CCCOC,6.07
OPRM1,CHEMBL5830696,COCCN1C(=O)N(CC(=O)Nc2ccncn2)C[C@]12CC[C@](c1ccccc1)(N(C)C)CC2,6.07
OPRM1,CHEMBL448155,COc1ccc([C@H](N)[C@@H]2CCN2C(c2ccccc2)c2ccccc2)cc1,6.06
OPRM1,CHEMBL190600,CN(C(=O)Cc1ccc(CNS(=O)(=O)c2ccccc2)cc1)[C@H](CN1CC[C@H](O)C1)c1ccccc1,6.06
OPRM1,CHEMBL438965,Cc1[nH]c2ccc(Cl)cc2c1C1CCN(Cc2cccc3ccccc23)CC1,6.06
OPRM1,CHEMBL64894,CN(C)c1ccc(C(=C2C=CC(=[N+](C)C)C=C2)c2ccc(N(C)C)cc2)cc1.[Cl-],6.06
OPRM1,CHEMBL3698771,COc1ccc(NC(=O)c2nc3ccccc3n(C3CCN(C4CCCCCCC4)CC3)c2=O)cn1,6.06
OPRM1,CHEMBL47050,OC1(c2ccc(Cl)c(C(F)(F)F)c2)CCN(CCCC(c2ccc(F)cc2)c2ccc(F)cc2)CC1,6.06
OPRM1,CHEMBL5079310,CCC(=O)N(CC1(N2CCN(CC(C)(C)O)CC2)CCOCC1)c1cccc(C(F)(F)F)n1,6.06
OPRM1,CHEMBL5089932,CCc1cc(Cl)c(OC)c(C(=O)NC[C@@H]2CCCN2CCCCNCCC(C(=O)N(C)C)(c2ccccc2)c2ccccc2)c1O,6.06
OPRM1,CHEMBL5435235,CC1CCC(CN2CCN(c3cccc(Cl)c3Cl)CC2)CN1CCC(C(=O)N(C)C)(c1ccccc1)c1ccccc1,6.06
OPRM1,CHEMBL5809773,CN(C)[C@]1(c2ccccc2)CC[C@]2(CC1)CN(c1ccc(C(N)=O)cc1F)C(=O)N2,6.06
OPRM1,CHEMBL571492,Cc1cc(O)cc(C)c1C[C@H](N)C(=O)N1Cc2ccccc2C[C@H]1C(=O)O,6.05
OPRM1,CHEMBL416788,Cc1cc(O)cc(C)c1C(NC(=O)C1Cc2ccccc2CN1)C(=O)O,6.05
OPRM1,CHEMBL379657,Cn1cc(C2CCN(C3Cc4cccc5cccc3c45)CC2)c2cccnc21,6.05
OPRM1,CHEMBL377237,Fc1ccc2c(C3CCN(C4Cc5cccc6cccc4c56)CC3)c[nH]c2c1,6.05
OPRM1,CHEMBL240001,O=C1NCN(c2ccccc2)C12CCN(CC1CCCCC1)CC2,6.05
OPRM1,CHEMBL502583,C[C@H]1C2Cc3cc4ncnc(N)c4cc3[C@@]1(C)CCN2CC1CC1,6.05
OPRM1,CHEMBL511232,COC(=O)NC1(c2ccc(F)cn2)C[C@H]2CC[C@H](C1)N2C(c1ccccc1Cl)c1ccccc1Cl,6.05
OPRM1,CHEMBL472867,NCCN1CN(c2ccccc2)C2(CCN(C(c3ccccc3Cl)c3ccccc3Cl)CC2)C1=O,6.05
OPRM1,CHEMBL3084656,Clc1ccccc1C(c1ccccc1Cl)N1[C@@H]2CC[C@H]1C[C@@H](c1ccc(Br)cn1)C2,6.05
OPRM1,CHEMBL3084635,Cc1ccnc([C@H]2C[C@H]3CC[C@@H](C2)N3C(c2ccccc2Cl)c2ccccc2Cl)c1,6.05
OPRM1,CHEMBL1369123,Oc1c(C=Nc2cccc3cccnc23)sc2ccccc12,6.05
OPRM1,CHEMBL139835,CC(=O)O[C@]1(C(C)=O)CC[C@H]2[C@@H]3C=C(Cl)C4=CC(=O)[C@@H]5C[C@@H]5[C@]4(C)[C@H]3CC[C@@]21C,6.05
OPRM1,CHEMBL3946273,CC[C@H]1C(=O)C[C@@H]2CCN(Cc3cccs3)[C@@H]3CCC[C@H]1[C@@H]23,6.05
OPRM1,CHEMBL3698854,CC(C)(C)OC(=O)N1CC2CN(C(=O)c3nc4ccccc4n(C4CCN(C5CCCCCCC5)CC4)c3=O)CC2C1,6.05
OPRM1,CHEMBL4112727,COCCOCCOCCOCCO[C@H]1CC[C@@]2(O)C3Cc4ccc(OC)c5c4[C@@]2(CCN3C)[C@H]1O5,6.05
OPRM1,CHEMBL142635,COc1ccccc1N1CCN(CC(O)COc2cccc3ccccc23)CC1,6.05
OPRM1,CHEMBL5941990,COCCOCCOCCOCCO[C@H]1CC[C@@]2(O)C3Cc4ccc(CO)c5c4[C@@]2(CCN3C)[C@H]1O5,6.05
OPRM1,CHEMBL5887810,CN[C@]1(c2ccccc2)CC[C@]2(CC1)CN(CCC(N)=O)C(=O)N2CC1(O)CCC1,6.05
OPRM1,CHEMBL26464,CCN1C(=O)N(C2CCN(C3CCCCCCC3)CC2)[C@@H]2CCCC[C@H]21,6.04
OPRM1,CHEMBL47544,CC[C@H](NC(=O)c1c(CN2CCC(N3CCCCC3)CC2)c(-c2ccccc2)nc2ccccc12)c1ccccc1,6.04
OPRM1,CHEMBL1701,CCOC(=O)C1(c2ccccc2)CCN(C)CC1.Cl,6.04
OPRM1,CHEMBL3349277,COC(=O)NC[C@@]1(c2ccccc2)C[C@H]2CC[C@@H](C1)N2C(c1ccccc1Cl)c1ccccc1Cl,6.04
OPRM1,CHEMBL3084669,Clc1ccccc1C(c1ccccc1Cl)N1[C@@H]2CC[C@H]1C[C@@H](c1ncccc1CN1CCCCC1)C2,6.04
OPRM1,CHEMBL43064,C(=C/c1ccccc1)\CN1CCN(C(c2ccccc2)c2ccccc2)CC1,6.04
OPRM1,CHEMBL3895142,O=C(O)[C@@H]1CCCN1c1nc2ccccc2n([C@H]2C[C@H]3CCC[C@@H](C2)N3[C@H]2C[C@@H]3CCC[C@@H](C3)C2)c1=O,6.04
OPRM1,CHEMBL4069608,CN(C(=O)C#Cc1ccccc1)[C@@H]1CC[C@@]2(O)[C@H]3[C@@H](O)c4ccc(O)c5c4[C@@]2(CCN3CC2CC2)[C@H]1O5,6.04
OPRM1,CHEMBL4291048,OC1(c2ccc(Cl)c(C(F)(F)F)c2)CCN(CCCN(c2ccc(F)cc2)c2ccc(F)cc2)CC1,6.04
OPRM1,CHEMBL4761093,CCN1CC2(CCN(CCc3cc(F)ccc3F)CC2)O[C@@H](C)C1=O,6.04
OPRM1,CHEMBL5794342,CCN(C)[C@]1(c2ccccc2)CC[C@]2(CC1)CN(CC(C)(C)C(N)=O)C(=O)N2CC1CCC1,6.04
OPRM1,CHEMBL5795024,CCN[C@]1(c2ccccc2)CC[C@]2(CC1)CN(c1ccccc1C#N)C(=O)N2CC1(O)CCC1,6.04
OPRM1,CHEMBL117319,CCCN1CC[C@@]2(C)c3cc(O)ccc3CC1[C@H]2C,6.03
OPRM1,CHEMBL373398,C[C@H]1CN2CCCC[C@H]2C[C@@]1(C)c1cccc(O)c1,6.03
OPRM1,CHEMBL393985,Cc1ccc(C2(O)CCN(C(c3ccccc3)c3ccccc3)CC2)cc1,6.03
OPRM1,CHEMBL392753,OC1(c2ccc(Cl)cc2)CCN(C(c2ccccc2)c2ccccc2)CC1,6.03
OPRM1,CHEMBL1818237,CC(C)CNCc1ccc(-c2ccccc2S(=O)(=O)N2CCCC2)cn1,6.03
OPRM1,CHEMBL3956140,COc1ccc2c3c1O[C@H]1[C@@]4(OC)CC[C@@]5([C@@H](CCC(=O)O)[C@@H]4COCc4ccccc4)[C@@H](C2)N(CC2CC2)CC[C@]315,6.03
OPRM1,CHEMBL4578955,CC1OC2(CCN(CCc3ccccc3)CC2)CN(c2ccccn2)C1=O,6.03
OPRM1,CHEMBL4646736,C=C(C(N)=O)[C@@H](NC(=O)[C@H](Cc1c[nH]c2ccccc12)NC(=O)[C@@H](CCCCNC(C)=O)NC(=O)[C@@H](N)Cc1ccc(O)cc1)c1ccco1,6.03
OPRM1,CHEMBL267930,O=C(CCCN1CCC2(CC1)C(=O)NCN2c1ccccc1)c1ccc(F)cc1,6.03
OPRM1,CHEMBL5981316,CSc1cc(N2C[C@]3(CC[C@](c4ccccc4)(N(C)C)CC3)N(CC3CCC3)C2=O)ncn1,6.03
OPRM1,CHEMBL6019616,CN(C)[C@]1(c2ccccc2)CC[C@]2(CC1)CN(c1ccc3[nH]c(N4CCOCC4)nc3c1)C(=O)N2,6.03
OPRM1,CHEMBL5873508,Cn1nc(C(F)(F)F)cc1N1C[C@]2(CC[C@](c3cccc(F)c3)(N(C)C)CC2)N(CC2CC2)C1=O,6.03
OPRM1,CHEMBL332697,COc1cc(/C=C/C(=O)N2CCC(n3c(O)nc4ccccc43)CC2)c([N+](=O)[O-])cc1OC,6.02
OPRM1,CHEMBL286411,CC(C)C1CCC(N2CCC(N3C(=O)N[C@@H]4CCCC[C@H]43)CC2)CC1,6.02
OPRM1,CHEMBL146013,CCn1c(=O)n(C2CCN(CC3CCCCCCC3)CC2)c2ccccc21,6.02
OPRM1,CHEMBL372184,O=C1N(Cc2ccccc2)c2ccccc2C12CCN(CC1CCCCCCC1)CC2,6.02
OPRM1,CHEMBL3084552,COC(=O)N[C@]1(c2ccc(Cl)cn2)C[C@H]2CC[C@@H](C1)N2C(c1ccccc1Cl)c1ccccc1Cl,6.02
OPRM1,CHEMBL6067673,Cn1cc(Cl)c(-c2nc3ccccc3n2[C@H]2C[C@H]3CCC[C@@H](C2)N3[C@@H]2C[C@@H]3CCC[C@@H](C3)C2)n1,6.02
OPRM1,CHEMBL4115119,COc1ccc2c3c1O[C@H]1[C@@]4(OC)CC[C@@]5(C[C@@H]4COCc4ccc(CC(=O)O)cc4)[C@@H](C2)N(CC2CC2)CC[C@]315,6.02
OPRM1,CHEMBL4115381,CC(C)(C)[C@@]1(C)OCO[C@]23CC[C@@]4(C[C@@H]21)[C@H]1Cc2ccc(OCc5ccccc5)c5c2[C@@]4(CCN1CC1CC1)[C@H]3O5,6.02
OPRM1,CHEMBL4521436,CC(C)[C@H]1CC[C@@H](N2CCC(n3cc(CNC(=O)CCCCCN)c4ccccc43)CC2)CC1,6.02
OPRM1,CHEMBL5435875,C[C@@H](OC(=O)NC[C@@H](Cc1ccc(O)cc1)N(C)C)c1ccccc1,6.02
OPRM1,CHEMBL5764576,CN(C)[C@]1(c2ccccc2)CC[C@]2(CC1)CN(CC(=O)N1CCOCC1)C(=O)N2CC1(O)CCC1,6.02
OPRM1,CHEMBL5833614,CN(C)[C@H](CNC(=O)NCCc1c[nH]nn1)Cc1ccc(O)cc1,6.02
OPRM1,CHEMBL197895,CC(C)c1ccc2c(c1)C1(CCN(CC3CCCCCCC3)CC1)C(=O)N2C,6.01
OPRM1,CHEMBL199518,O=S(=O)(Nc1ccccc1)N1CCC(c2ccccc2)(c2nccn2Cc2ccccc2)CC1,6.01
OPRM1,CHEMBL233493,COc1ccccc1C1(O)CCN(C(c2ccccc2)c2ccccc2)CC1,6.01
OPRM1,CHEMBL393980,CC1(C)CCC(N2CCC3(CC2)C(=O)NCN3c2ccccc2)c2cc(Cl)c(Cl)cc21,6.01
OPRM1,CHEMBL517265,O=C1N(CCNC2CC2)CN(c2ccccc2)C12CCN(C(c1ccccc1Cl)c1ccccc1Cl)CC2,6.01
OPRM1,CHEMBL1403281,CC(C)C[C@H]1C(=O)N2CCC[C@H]2[C@]2(O)O[C@](NC(=O)[C@@H]3C=C4c5cccc6[nH]cc(c56)C[C@H]4N(C)C3)(C(C)C)C(=O)N12,6.01
OPRM1,CHEMBL3330663,C=CC(=O)O[C@H]1C[C@@H](C(=O)OC)[C@]2(C)CC[C@H]3C(=O)O[C@H](c4ccoc4)C[C@]3(C)[C@H]2C1=O,6.01
OPRM1,CHEMBL3688135,O=C(O)CCC[C@]12CCN(CC3CC3)[C@H](Cc3ccc(O)cc31)[C@@H]2CC(=O)O,6.01
OPRM1,CHEMBL4113890,COc1ccc2c3c1O[C@H]1[C@@]4(OC)CC[C@@]5(C[C@@H]4COCc4ccccc4)[C@@H](C2)N(Cc2nn[nH]n2)CC[C@]315,6.01
OPRM1,CHEMBL4101758,CN(C)c1ccc(S(=O)(=O)N2CC[C@]34c5c6ccc(O)c5O[C@H]3[C@H](N(C)C(=O)/C=C/c3ccoc3)CC[C@@]4(O)[C@H]2C6)cc1.CS(=O)(=O)O,6.01
OPRM1,CHEMBL4518220,CC(C)[C@H]1CC[C@@H](N2CCC(n3cc(CNCCO)c4ccccc43)CC2)CC1,6.01
OPRM1,CHEMBL4585935,OC1(c2ncccn2)CC2CCC(C1)N2C(c1ccccc1Cl)c1ccccc1Cl,6.01
OPRM1,CHEMBL45816,COCC(=O)O[C@]1(CCN(C)CCCc2nc3ccccc3[nH]2)CCc2cc(F)ccc2[C@@H]1C(C)C,6.01
OPRM1,CHEMBL5570337,NC(=O)[C@@H]1CCCN1C(=O)[C@H]1CC(=O)NCCCC[C@@H](NC(=O)[C@@H](N)Cc2ccc(O)cc2)C(=O)NCCC(=O)N[C@@H](Cc2ccccc2)C(=O)N1,6.01
OPRM1,CHEMBL5858695,CN(C)[C@]1(c2ccccc2)CC[C@]2(CC1)CN(c1ccc3nc(N4CCOCC4)ncc3c1)C(=O)N2,6.01
OPRM1,CHEMBL5950212,CN(CCO)C(CNC(=O)NCCc1ccccc1)Cc1ccc(O)cc1,6.01
OPRM1,CHEMBL116354,CCCCCCCCCCN1CC[C@]2(C)c3cc(O)ccc3CC1[C@@H]2C,6.0
OPRM1,CHEMBL276502,NCCCC[C@H](C(=O)[C@H](CO)NC(=O)[C@@H]1CCCN1C(=O)[C@@H](N)Cc1ccc(O)cc1)C(=O)N1CCC[C@H]1C(=O)N[C@H](CC(=O)O)C(=O)O,6.0
OPRM1,CHEMBL538230,CN(C(=O)Cc1cccc2sccc12)[C@@H]1CCCCC[C@H]1N1CCCC1.Cl,6.0
OPRM1,CHEMBL2112842,CC(C)C[C@H]1[C@H]2c3ccccc3C[C@H](c3ccccc32)N1C,6.0
OPRM1,CHEMBL184811,O=C1C(c2ccc(Cl)c(Cl)c2)CC=CCN1C(CN1CCCC1)c1ccccc1,6.0
OPRM1,CHEMBL197727,CN1C(=O)C2(CCN(CC3CCCCCCC3)CC2)c2cc(F)ccc21,6.0
OPRM1,CHEMBL372995,O=C1NCN(c2ccccc2)C12CCN([C@@H]1CCCC[C@@]1(O)c1ccncc1)CC2,6.0
OPRM1,CHEMBL212743,Oc1cccc(-n2cnnc2-c2cccc(-c3ccccc3)c2)c1,6.0
OPRM1,CHEMBL238362,NC(=O)c1ccc(Oc2ccc3c(c2)CN(Cc2ccccc2)C3)nc1,6.0
OPRM1,CHEMBL272390,CN1Cc2ccccc2C2(CCN(C3CCC(C(C)(C)C)CC3)CC2)C1=O,6.0
OPRM1,CHEMBL466919,O=C(NC1(c2ccccc2)CC2CCC(C1)N2C(c1ccccc1Cl)c1ccccc1Cl)C1CC1,6.0
OPRM1,CHEMBL3349285,Cc1ccc2c(c1)[C@]1(CN2)C[C@H]2CC[C@@H](C1)N2C(c1ccccc1Cl)c1ccccc1Cl,6.0
OPRM1,CHEMBL1818326,O=S(=O)(c1ccccc1-c1ccc(CNC2CCOCC2)cc1)N1CCC(F)(F)C1,6.0
OPRM1,CHEMBL1276308,CC#C[C@]1(O)CC[C@H]2[C@@H]3CCC4=CC(=O)CCC4=C3[C@@H](c3ccc(N(C)C)cc3)C[C@@]21C,6.0
OPRM1,CHEMBL1946019,CCN(C)C(=O)c1ccc(C(=C2CCN(Cc3ccc(F)cc3)CC2)c2ccccc2NC(C)=O)cc1,6.0
OPRM1,CHEMBL2171849,Br.N[C@H]1C[C@@H](C(=O)N[C@H](Cc2ccccc2)C(=O)N[C@@H](Cc2ccccc2)C(=O)O)N(C(=O)[C@@H](N)Cc2ccc(O)cc2)C1,6.0
OPRM1,CHEMBL2443267,C[C@@H](NCC[C@@]1(c2ccc(F)cc2)CCOC2(CCCC2)C1)c1ccccc1,6.0
OPRM1,CHEMBL3326226,CN(C)[C@]1(c2ccccc2)CC[C@]2(CC1)OCCc1c3ccccc3[nH]c12.O=C(O)CC(O)(CC(=O)O)C(=O)O,6.0
OPRM1,CHEMBL3394753,COc1ccc(CCNC[C@H](O)CN2CN(c3ccc(F)cc3)C3(CCN(CC4CCCCCCC4)CC3)C2=O)cc1OC,6.0
OPRM1,CHEMBL3403995,COCCCOc1cc(C(=O)N(C[C@@H]2CNC[C@H]2OC(=O)NCc2ccccc2)C(C)C)ccc1OC,6.0
OPRM1,CHEMBL1066,COc1cccc([C@@]2(O)CCCC[C@@H]2CN(C)C)c1,6.0
OPRM1,CHEMBL3925461,CN1CC[C@]23CC(=O)[C@@H](CC(=O)N4CCC(O)CC4)C[C@@]2(O)[C@H]1Cc1ccc(O)cc13,6.0
OPRM1,CHEMBL4562437,Cc1cccc(C)c1N1C(=O)[C@H](CC2CNc3ccccc32)NC2(CCN(C)CC2)C1=O,6.0
OPRM1,CHEMBL5085710,CN1CCN(C2(CNC(=O)c3ccccc3Oc3ccccc3)CCCCC2)CC1,6.0
OPRM1,CHEMBL5075014,O=C(NCCCCN1CC[C@]2(c3cccc(O)c3)CCC[C@H]1[C@@H]2O)c1cc2ccccc2[nH]1,6.0
OPRM1,CHEMBL5908700,CN(C)[C@H](CNC(=O)NCCCCN1C(=O)C=CC1=O)Cc1ccc(O)cc1,6.0
OPRM1,CHEMBL6134589,CC[C@@]1(C)CN2CC[C@]34C(=C(C(=O)OC)[C@H]1C[C@H]23)Nc1ccc(Br)cc14,6.0
OPRM1,CHEMBL126884,CCN(CC)C(=O)c1ccc(C(=C2CCNCC2)c2c(C)cccc2C)cc1,5.99
OPRM1,CHEMBL126141,CCN(CC)C(=O)c1ccc(C(=C2CCN(CC=C(C)C)CC2)c2ccccc2)cc1,5.99
OPRM1,CHEMBL3707101,COc1ccc2c(c1)[C@H]1c3cc(OC)ccc3[C@H](C2)N(CC2CC2)[C@@H]1C,5.99
OPRM1,CHEMBL126819,CCN(CC)C(=O)c1ccc(C(c2ccc3cccnc3c2)N2CCNCC2)cc1,5.99
OPRM1,CHEMBL190766,CCS(=O)(=O)NCc1ccc(CC(=O)N(C)[C@H](CN2CC[C@H](O)C2)c2ccccc2)cc1,5.99
OPRM1,CHEMBL259262,COc1ccc(C)c(OC(CCN2CCC(n3c(=O)n(Cc4nnn[nH]4)c4ccccc43)CC2)C(C)C)c1,5.99
OPRM1,CHEMBL258754,COC(=O)[C@@H]1C[C@H](OC(=O)C2CCCCC2)C(=O)[C@H]2[C@@]1(C)CC[C@H]1C(=O)O[C@H](c3ccoc3)C[C@]21C,5.99
OPRM1,CHEMBL573775,CCN(CC)C(=O)c1ccc(N(c2cccc(NC(C)=O)c2)C2CCN(Cc3ccccc3)CC2)cc1,5.99
OPRM1,CHEMBL3698903,O=C(O)c1nc2ccccc2n([C@H]2C[C@H]3CC[C@@H](C2)N3C2C3CCCC2CCC3)c1=O,5.99
OPRM1,CHEMBL1201349,C[N+](C)(CCCCCC[N+](C)(C)C1c2ccccc2-c2ccccc21)C1c2ccccc2-c2ccccc21,5.99
OPRM1,CHEMBL5978908,O=C1NC(=O)[C@@]2(CC[C@@]3(O)[C@H]4[C@H](O)c5ccc(O)cc5[C@@]3(CCN4CC3CC3)C2)N1,5.99
OPRM1,CHEMBL5955888,CN(C)[C@]1(c2cccc(F)c2)C[C@@]2(CN(c3ccc(OC(F)(F)F)cn3)C(=O)N2CC2(F)CC2)C1,5.99
OPRM1,CHEMBL5913176,COCCN1C(=O)N(CCC(=O)Nc2cncnc2)C[C@]12CC[C@](c1ccccc1)(N(C)C)CC2,5.99
OPRM1,CHEMBL6063204,COCCCN1C(=O)N(c2ncc(C#N)cn2)C[C@]12CC[C@](c1ccccc1)(N(C)C)CC2,5.99
OPRM1,CHEMBL5961301,CN[C@]1(c2ccccc2)CC[C@]2(CC1)CN(c1cnc(C(F)(F)F)cc1C)C(=O)N2CC1CC1,5.99
OPRM1,CHEMBL5894266,CN(C)[C@]1(c2ccccc2)CC[C@]2(CC1)CN(c1ccnc3[nH]ccc13)C(=O)N2,5.99
OPRM1,CHEMBL5964790,CCCN1C(=O)N(CC(=O)N2CCS(=O)(=O)CC2)C[C@]12CC[C@@](NC)(c1ccccc1)CC2,5.99
OPRM1,CHEMBL115549,O=C(OCc1cc2c(cc1[N+](=O)[O-])OCO2)N1CCC(n2c(O)nc3ccccc32)CC1,5.98
OPRM1,CHEMBL2113376,CN1CC[C@]23c4c5ccc(O)c4O[C@H]2c2[nH]c4ccccc4c2C[C@@]3(N)C1C5,5.98
OPRM1,CHEMBL2112841,CN1[C@@H]2Cc3ccccc3[C@@H](c3ccccc32)[C@@H]1Cc1ccccc1,5.98
OPRM1,CHEMBL107533,C[S+]([O-])[C@@H]1Cc2ccc(O)cc2C(C)(C)[C@@H]1N,5.98
OPRM1,CHEMBL363822,CCCS(=O)(=O)NCc1ccc(CC(=O)N(C)[C@H](CN2CC[C@H](O)C2)c2ccccc2)cc1,5.98
OPRM1,CHEMBL362741,CCCCS(=O)(=O)NCc1ccc(CC(=O)N(C)[C@H](CN2CC[C@H](O)C2)c2ccccc2)cc1,5.98
OPRM1,CHEMBL232067,OC1(c2ccc(Br)cc2)CCN(C(c2ccccc2)c2ccccc2)CC1,5.98
OPRM1,CHEMBL1257348,COc1cccc([C@@H](C)N2[C@@H]3CC[C@H]2C[C@H](Oc2cccc(C(N)=O)c2)C3)c1,5.98
OPRM1,CHEMBL1762385,Cc1cc(N)c2cc(NC(=O)c3ccccc3COc3ccc(CNCCCCCCCNCc4ccc(OCc5ccccc5C(=O)Nc5ccc6nc(C)cc(N)c6c5)cc4)cc3)ccc2n1,5.98
OPRM1,CHEMBL3758257,N[C@@H](Cc1ccc(O)cc1)C(=O)N1Cc2ccccc2CC1CN[C@@H](Cc1ccccc1)C(=O)NC(CC1CCCCC1)C(=O)O,5.98
OPRM1,CHEMBL3950879,CNc1nc(NC)nc(N(C)C2(c3ccccc3)CCC(c3ccccc3)(N(C)C)CC2)n1,5.98
OPRM1,CHEMBL5968793,COCCOCCOCCOCCOCCOCCOCCOCCOCCO[C@H]1CCC2C3Cc4ccc(CO)c5c4[C@@]2(CCN3C)[C@H]1O5,5.98
OPRM1,CHEMBL5984241,CCN(C)[C@]1(c2ccccc2)CC[C@]2(CC1)CN(c1cnc(C#N)nc1)C(=O)N2CC1CCC1,5.98
OPRM1,CHEMBL5872567,CN(C)[C@]1(c2ccccc2)CC[C@]2(CC1)CN(c1cccnn1)C(=O)N2,5.98
OPRM1,CHEMBL280778,O=C1N[C@@H]2CCCC[C@H]2N1C1CCN(CC2CCCCCCC2)CC1,5.97
OPRM1,CHEMBL3707098,C[C@@H]1[C@H]2c3ccccc3C[C@@H](c3ccccc32)N1CC1CC1,5.97
OPRM1,CHEMBL442413,C=CCN(C)C1CCc2ccc(O)cc2C1(C)C,5.97
OPRM1,CHEMBL370538,CN(C(=O)Cc1ccc(CNS(=O)(=O)Cc2cccs2)cc1)[C@H](CN1CC[C@H](O)C1)c1ccccc1,5.97
OPRM1,CHEMBL190353,CN(C(=O)Cc1ccc(CNS(=O)(=O)c2ccc(F)cc2)cc1)[C@H](CN1CC[C@H](O)C1)c1ccccc1,5.97
OPRM1,CHEMBL211846,Fc1ccc2[nH]cc(C3CCN(CC4CCCCCCC4)CC3)c2c1,5.97
OPRM1,CHEMBL236393,N#Cc1ccc(Oc2ccc(CCNCc3ccccc3)cc2)nc1,5.97
OPRM1,CHEMBL473068,CNCCN1CN(c2ccccc2)C2(CCN(C(c3ccccc3Cl)c3ccccc3Cl)CC2)C1=O,5.97
OPRM1,CHEMBL3084634,Clc1ccccc1C(c1ccccc1Cl)N1[C@@H]2CC[C@H]1C[C@@H](c1ccccn1)C2,5.97
OPRM1,CHEMBL3698838,CC(C)(C)OC(=O)NCCNc1nc2ccccc2n(C2CCN(C3CCCCCCC3)CC2)c1=O,5.97
OPRM1,CHEMBL4073160,c1ccc(CCN(CCc2ccccc2)CC2CCC2)cc1,5.97
OPRM1,CHEMBL4168247,COC(=O)N1CC[C@]23c4c5ccc(O)c4O[C@H]2[C@@H](O)[C@H](O)C(=O)[C@H]3[C@H]1C5,5.97
OPRM1,CHEMBL1187833,OC(c1ccccc1)(c1ccccc1)C12CC[N+](CCOCc3ccccc3)(CC1)CC2,5.97
OPRM1,CHEMBL5398541,CN(C)C(CNC(=O)c1sccc1Cl)c1ccccc1Cl,5.97
OPRM1,CHEMBL6058148,Cc1ccc(N2C[C@]3(CC[C@](c4ccccc4)(N(C)C)CC3)NC2=O)cc1,5.97
OPRM1,CHEMBL61426,O=c1c(-c2ccc(OC(F)(F)F)cc2)cccn1C(CN1CCCC1)c1ccccc1,5.96
OPRM1,CHEMBL1052,CCOC(=O)C1(c2ccccc2)CCNCC1,5.96
OPRM1,CHEMBL447185,CC(C)S(=O)(=O)NCc1ccc(CC(=O)N(C)[C@H](CN2CC[C@H](O)C2)c2ccccc2)cc1,5.96
OPRM1,CHEMBL199248,O=C1Nc2ccccc2C12CCN(CC1CCCCCCC1)CC2,5.96
OPRM1,CHEMBL200882,O=C1NCN(c2ccccc2)C12CCN([C@@H]1CCCC[C@@]1(O)c1cccc(Cl)c1)CC2,5.96
OPRM1,CHEMBL201038,O=C(O)C(O)c1ccccc1.Oc1ccc2c(c1)[C@]13CCCCC1[C@H](C2)N(CC1CC1)CC3,5.96
OPRM1,CHEMBL378686,O=C1NC[C@@H](c2ccc(F)cc2)C12CCN([C@@H]1CCCC[C@@H]1c1ccc(F)cc1)CC2,5.96
OPRM1,CHEMBL384915,Cc1cc(O)cc(C)c1C[C@H](N)C(=O)N1Cc2ccccc2C[C@H]1C(=O)NCCC(=O)O,5.96
OPRM1,CHEMBL241079,Cc1ccccc1C(c1ccccc1)N1CCC2(CC1)C(=O)NCN2c1ccccc1,5.96
OPRM1,CHEMBL393867,CC(C)C[C@H](NC(=O)[C@H](Cc1ccccc1)NC(=O)CNC(=O)[C@H](CO)NC(=O)[C@@H](N)Cc1cccc(C(N)=O)c1)C(=O)N[C@H](C(=O)O)[C@@H](C)O,5.96
OPRM1,CHEMBL499315,COC(=O)[C@@H]1C[C@H](OC(=O)Cc2ccccc2)C(=O)[C@H]2[C@@]1(C)CC[C@H]1C(=O)O[C@H](c3ccoc3)C[C@]21C,5.96
OPRM1,CHEMBL3695249,O=C(O)CN(CCNc1nc2ccccc2n([C@H]2C[C@H]3CC[C@@H](C2)N3C2CCCCCCC2)c1=O)CC(=O)O,5.96
OPRM1,CHEMBL4114523,CO[C@]12CC[C@@]3(C[C@@H]1COCc1ccccc1)[C@H]1Cc4ccc(C(=O)O)c5c4[C@@]3(CCN1CC1CC1)[C@H]2O5,5.96
OPRM1,CHEMBL3893777,CNC1(c2ccccc2)CCC(Cc2ccccc2)(CN(C)C)CC1,5.96
OPRM1,CHEMBL4103819,CN(C(=O)/C=C/c1ccoc1)[C@@H]1CC[C@@]2(O)[C@H]3[C@@H](O)c4ccc(O)c5c4[C@@]2(CCN3CC2CC2)[C@H]1O5,5.96
OPRM1,CHEMBL579408,CCC1(C)CC(CCNCc2ccccc2O)(c2ccccc2OC)CCO1,5.96
OPRM1,CHEMBL4456582,CCc1cc(F)c2nc(N3CCC(N[C@@H]4CCOC4)CC3)c(-c3nc(C)no3)c(C)c2c1,5.96
OPRM1,CHEMBL495997,C[C@H]1NC(=O)[C@H](Cc2ccccc2)NC(=O)[C@H]2CCCN2C(=O)[C@H](Cc2ccccc2)NC1=O,5.96
OPRM1,CHEMBL304902,CN1CCN(C2=Nc3ccccc3Sc3ccc(Cl)cc32)CC1,5.96
OPRM1,CHEMBL5560213,COc1ccc(N2[C@@H]3CC[C@H]2CN(CCCc2ccccc2)C3)cc1,5.96
OPRM1,CHEMBL5851375,CN(C)[C@]1(c2ccccc2)CC[C@]2(CC1)CN(c1cccc(N3CCCC3)c1)C(=O)N2CC1CCC1,5.96
OPRM1,CHEMBL6055184,CN(C)[C@]1(c2ccccc2)CC[C@]2(CC1)CN(c1cnc(N3CCNCC3)nc1)C(=O)N2,5.96
OPRM1,CHEMBL5846521,COC(=O)COc1ccccc1N1C[C@]2(CC[C@](c3ccccc3)(N(C)C)CC2)NC1=O,5.96
OPRM1,CHEMBL459387,COCCN(C(=O)Cc1ccc(Cl)cc1)C1c2cc(OC)c(OC)cc2CCC1N(C)C,5.95
OPRM1,CHEMBL3084673,Fc1ccc([C@H]2C[C@H]3CC[C@@H](C2)N3C(c2ccccc2Cl)c2ccccc2Cl)nc1,5.95
OPRM1,CHEMBL3325700,Cc1nn(-c2ccccc2Br)c2c1C(=O)CC(C)(C)C2,5.95
OPRM1,CHEMBL3704584,O=C(O)CN1CCC[C@@H]1c1nc2ccccc2n1[C@H]1C[C@H]2CCC[C@@H](C1)N2[C@@H]1C[C@@H]2CCCC[C@@H](C2)C1,5.95
OPRM1,CHEMBL4102638,O=C(NCC1c2ccccc2CCN1S(=O)(=O)c1ccc(Br)cc1OC(F)(F)F)C1CCCCC1,5.95
OPRM1,CHEMBL4100195,CCC1CCC(C(=O)NCC2NCCc3ccccc32)CC1,5.95
OPRM1,CHEMBL4635184,C=C(C(N)=O)[C@@H](NC(=O)[C@H](Cc1c[nH]c2ccccc12)NC(=O)[C@@H](CCCCN)NC(=O)[C@@H](N)Cc1ccc(O)cc1)c1ccco1,5.95
OPRM1,CHEMBL5093143,CC[C@@H]1CN2CCc3c([nH]c4c(-c5ccccc5)ccc(OC)c34)[C@@H]2C[C@@H]1/C(=C\OC)C(=O)OC,5.95
OPRM1,CHEMBL59898,CCOC(=O)c1c(C)[nH]c2ccc3c(c12)CN1CCc2cc(OC)ccc2C1O3,5.95
OPRM1,CHEMBL5630411,COc1ccc2c3c1O[C@H]1[C@@]4(OC)C=C[C@@]5(C[C@@H]4C(=O)c4ccc(NC(=O)c6ccc(C(F)(F)F)cc6)cc4)[C@@H](C2)N(CC2CC2)CC[C@]315,5.95
OPRM1,CHEMBL5948453,CNC(=O)CCN1C[C@]2(CC[C@](c3ccccc3)(N(C)C)CC2)N(CCOC)C1=O,5.95
OPRM1,CHEMBL6020481,CNC(=O)CN1C[C@]2(CC[C@](c3ccccc3)(N(C)C)CC2)N(CC(=O)N(C)C)C1=O,5.95
OPRM1,CHEMBL2112835,CN1[C@@H]2Cc3ccccc3[C@@H](c3ccccc32)[C@@H]1CCCO,5.94
OPRM1,CHEMBL107442,CC1(C)c2cc(O)ccc2C[C@@H](S(C)(=O)=O)[C@H]1N,5.94
OPRM1,CHEMBL2114977,COc1ccc(-c2ccc3c(c2)CN(C(=O)[C@@H](N)Cc2c(C)cc(O)cc2C)[C@H](C(=O)O)C3)cc1,5.94
OPRM1,CHEMBL1096473,O=C(Cc1ccc(Cl)c(Cl)c1)N1C[C@@H]2CC[C@@H](N3CCCC3)[C@H]1CN2Cc1ccccc1,5.94
OPRM1,CHEMBL1762387,Cc1cc(N)c2cc(NC(=O)c3ccccc3COc3ccc(CNCCCCCCCCCNCc4ccc(OCc5ccccc5C(=O)Nc5ccc6nc(C)cc(N)c6c5)cc4)cc3)ccc2n1,5.94
OPRM1,CHEMBL3698861,O=C1CN(c2nc3ccccc3n([C@H]3C[C@H]4CC[C@@H](C3)N4C3CCCCCCC3)c2=O)CCN1,5.94
OPRM1,CHEMBL3698837,O=c1c(NCc2ccccc2)nc2ccccc2n1C1CCN(C2CCCCCCC2)CC1,5.94
OPRM1,CHEMBL3698798,O=C(NCc1nn[nH]n1)c1nc2ccccc2n([C@H]2C[C@H]3CC[C@@H](C2)N3C2CCCCCCC2)c1=O,5.94
OPRM1,CHEMBL3895514,C[C@H](NC(=O)C[C@H]1C[C@@]2(O)[C@H]3Cc4ccc(O)cc4[C@@]2(CCN3C)CC1=O)C(=O)O,5.94
OPRM1,CHEMBL3975775,CN(C)C1(c2ccccc2)CCC(C(=O)c2cc3ccccc3n2C)(N2CCCC2)CC1,5.94
OPRM1,CHEMBL4202891,COc1cccc(CN2CCC(n3c(=O)[nH]c4ccccc43)CC2)c1,5.94
OPRM1,CHEMBL5574436,CN1CC(=O)N[C@@H](Cc2ccccc2)C(=O)N[C@@H](C(=O)N2CCC[C@H]2C(N)=O)CC(=O)NCCCC[C@@H](NC(=O)[C@@H](N)Cc2ccc(O)cc2)C1=O,5.94
OPRM1,CHEMBL6014705,CN(C)[C@]1(c2ccccc2)CC[C@]2(CC1)CN(c1cnc3[nH]ccc3c1)C(=O)N2,5.94
OPRM1,CHEMBL6164882,CCC(=O)N(c1ccccc1)C1CCN(CC(=O)N2CCCCC2)CC1,5.94
OPRM1,CHEMBL3084649,Clc1ccccc1C(c1ccccc1Cl)N1[C@@H]2CC[C@H]1C[C@@H](c1ncccn1)C2,5.93
OPRM1,CHEMBL3695224,O=C(O)CNc1nc2ccccc2n([C@H]2C[C@H]3CC[C@@H](C2)N3C2CCCCCCC2)c1=O,5.93
OPRM1,CHEMBL3704612,O=C(O)CNc1nc2ccccc2n1C1C[C@H]2CCC[C@@H](C1)N2C1CCCCCCCCC1,5.93
OPRM1,CHEMBL5090346,N#CC(CCNCCc1ccccc1)(c1ccccc1)c1ccccc1,5.93
OPRM1,CHEMBL5435390,C=C(CO)[C@@H]1CCC(C)=C[C@H]1c1c(OC(C)=O)cc(CCCCC)cc1OC(C)=O,5.93
OPRM1,CHEMBL5836172,Cc1cc(C(F)F)ncc1N1C[C@]2(C[C@](c3cccc(F)c3)(N(C)C)C2)N(CC2CC2)C1=O,5.93
OPRM1,CHEMBL5750418,COCCCN1C(=O)N(CC(C)(C)C(N)=O)C[C@]12CC[C@](c1ccccc1)(N(C)C)CC2,5.93
OPRM1,CHEMBL304263,COc1ccccc1-c1cccn(C(CN2CCCC2)c2ccccc2)c1=O,5.92
OPRM1,CHEMBL138448,C[C@H]1CN(CCc2ccccc2)CC[C@@]1(C)c1cccc(C(=O)N(C)C)c1,5.92
OPRM1,CHEMBL201453,O=C(Nc1ccc(F)cc1)N1CCC(c2ccccc2)(c2nccn2Cc2ccccc2)CC1,5.92
OPRM1,CHEMBL228795,OC1(c2ccccc2)CCN(C(c2ccccc2)c2ccc(C(F)(F)F)cc2)CC1,5.92
OPRM1,CHEMBL247759,CC(C)C[C@H](NC(=O)[C@H](Cc1ccccc1)NC(=O)CNC(=O)CNC(=O)[C@@H](N)Cc1ccc2nc(N)sc2c1)C(=O)O,5.92
OPRM1,CHEMBL247064,CC(C)C[C@H](NC(=O)[C@H](Cc1ccccc1)NC(=O)CNC(=O)[C@H](C)NC(=O)[C@@H](N)Cc1ccc2nc(N)sc2c1)C(=O)O,5.92
OPRM1,CHEMBL3349283,Clc1ccccc1C(c1ccccc1Cl)N1[C@@H]2CC[C@H]1C[C@@]1(CNc3ccccc31)C2,5.92
OPRM1,CHEMBL567818,CCN(CC)C(=O)c1ccc(N(c2cccc(C=O)c2)C2CCN(Cc3ccccc3)CC2)cc1,5.92
OPRM1,CHEMBL1946017,CCN(CC)C(=O)c1ccc(C(=C2CCN(Cc3ccc(F)cc3)CC2)c2cccnc2)cc1,5.92
OPRM1,CHEMBL3394742,CCCCN(Cc1ccccc1)C[C@H](O)CN1CN(c2ccc(F)cc2)C2(CCN(CC3CCCCCCC3)CC2)C1=O,5.92
OPRM1,CHEMBL3597080,CC(C)C[C@H](NC(=O)[C@H](CO[C@@H]1O[C@H](CO)[C@@H](O)[C@H](O)[C@H]1O)NC(=O)[C@H](CCCCN)NC(=O)[C@H](CC(C)C)NC(=O)[C@H](C)NC(=O)[C@H](CC(N)=O)NC(=O)[C@H](CCC(=O)O)NC(=O)C(C)(C)NC(=O)[C@H](CC(C)C)NC(=O)[C@H](CC(N)=O)NC(=O)CNC(=O)CNC(=O)[C@H](Cc1ccccc1)N(C)C(=O)CNC(=O)[C@@H](C)NC(=O)[C@@H](N)Cc1ccc(O)cc1)C(N)=O,5.92
OPRM1,CHEMBL3698846,Nc1nc2ccccc2n(C2CCN(C3CCCCCCC3)CC2)c1=O,5.92
OPRM1,CHEMBL3698785,O=C(O)c1nc2ccc(F)cc2n([C@H]2C[C@H]3CC[C@@H](C2)N3C2CCCCCCC2)c1=O,5.92
OPRM1,CHEMBL3946074,CNC1(c2ccccc2)CCC(c2ccc(C(F)(F)F)cc2)(N(C)C)CC1,5.92
OPRM1,CHEMBL4584410,CCc1cc(F)c2nc(N3CCC(NC4CCOCC4)CC3)c(-c3nc(C)no3)cc2c1,5.92
OPRM1,CHEMBL5191541,CC(C)OCCn1c2cc[nH]c2c(=O)[nH][11c]1=S,5.92
OPRM1,CHEMBL13828,O=c1[nH]c2ccccc2n1CCCN1CCN(C(c2ccccc2)c2ccccc2)CC1,5.92
OPRM1,CHEMBL970,O=C1CN=C(c2ccccc2)c2cc(Cl)ccc2N1CC(F)(F)F,5.92
OPRM1,CHEMBL46516,O=C1NCN(c2ccccc2)C12CCN(CCCC(c1ccc(F)cc1)c1ccc(F)cc1)CC2,5.92
OPRM1,CHEMBL119,COc1cc(NCc2ccc3nc(N)nc(N)c3c2C)cc(OC)c1OC,5.92
OPRM1,CHEMBL5874561,COCCOCCOCCOCCOCCO[C@@H]1c2ccc(O)cc2[C@]2(C)CCN(CC3CC3)[C@H]1[C@@H]2C,5.92
OPRM1,CHEMBL5784735,CN[C@]1(c2ccccc2)CC[C@]2(CC1)CN(CCC(=O)NCCO)C(=O)N2CC1(O)CCC1,5.92
OPRM1,CHEMBL5882849,CN[C@]1(c2ccccc2)CC[C@]2(CC1)CN(CC(=O)NCCOCCOCCOCCOCCOCCOCCOC)C(=O)N2CC1CCC1,5.92
OPRM1,CHEMBL5959029,CN(C)C(=O)CN1C(=O)N(CC(=O)Nc2ccncn2)C[C@]12CC[C@](c1ccccc1)(N(C)C)CC2,5.92
OPRM1,CHEMBL5841773,COc1ccc(CN2C[C@]3(CC[C@](c4ccc(O)cc4)(N(C)C)CC3)N(CC3CCC3)C2=O)cc1,5.92
OPRM1,CHEMBL29571,O=C1N[C@@H]2CCCC[C@H]2N1C1CCN(Cc2ccc3ccccc3c2)CC1,5.91
OPRM1,CHEMBL326320,Cc1ccc2nc(O)n(C3CCN(C(=O)OCc4cc5c(cc4Cl)OCO5)CC3)c2c1,5.91
OPRM1,CHEMBL293143,COc1ccc(Cl)cc1-c1cccn(C(CN2CCCC2)c2ccccc2)c1=O,5.91
OPRM1,CHEMBL326571,CCCCN1CC[C@@]2(C)c3cc(O)ccc3CC1[C@H]2C,5.91
OPRM1,CHEMBL2114986,Cc1cc(O)cc(C)c1C[C@H](N)C(=O)N1Cc2c(cc(Br)c(O)c2Br)C[C@H]1C(=O)O,5.91
OPRM1,CHEMBL539685,CC(=O)NCc1ccccc1CC(=O)N(C)[C@H](CN1CCCC1)c1ccccc1,5.91
OPRM1,CHEMBL455906,Oc1ccc2c(c1)[C@]13CCC[C@H](C1)N(CCc1ccccc1)C[C@@H]3O2,5.91
OPRM1,CHEMBL3698768,NC(=O)c1nc2ccccc2n(C2CCN(C3CCCCCCC3)CC2)c1=O,5.91
OPRM1,CHEMBL4205780,O=c1[nH]c2cc(OC(F)(F)F)ccc2n1C1CCN(Cc2ccccc2Cl)CC1,5.91
OPRM1,CHEMBL5089230,C=CCOc1ccc(C[C@H](NC(=O)[C@H](Cc2ccccc2)NC(C)=O)C(=O)N[C@@H](Cc2ccc(OCC=C)cc2)C(=O)N[C@@H](CCCNC(=N)N)C(=O)N[C@@H](CC(C)C)C(=O)N[C@@H](CCCNC(=N)N)C(=O)N[C@@H](CCCNC(=N)N)C(=O)N[C@H](C)C(=O)N[C@@H](CCCNC(=N)N)C(=O)N2CCC[C@H]2C(=O)N[C@@H](CCCCN)C(N)=O)cc1,5.91
OPRM1,CHEMBL5207122,COc1ccc(CN(C)CCCNC(=O)c2ccc3ccccc3c2)cc1OC,5.91
OPRM1,CHEMBL5414604,CN(C)C(CNC(=O)c1cc2ccccc2s1)c1ccccc1F,5.91
OPRM1,CHEMBL5928196,CN(C)[C@]1(c2ccccc2)CC[C@]2(CC1)CN(c1ccc3c(c1)OCO3)C(=O)N2,5.91
OPRM1,CHEMBL5753902,CN(C)[C@]1(c2ccccc2)CC[C@]2(CC1)CN(c1cncc(C#N)c1)C(=O)N2,5.91
OPRM1,CHEMBL5902544,CN1CCN(c2ncc(N3C[C@]4(CC[C@](c5ccccc5)(N(C)C)CC4)NC3=O)cn2)CC1,5.91
OPRM1,CHEMBL5805863,CN(C)[C@]1(c2cccs2)CC[C@]2(CC1)CN(c1ccccc1CS(C)(=O)=O)C(=O)N2,5.91
OPRM1,CHEMBL5868261,CN(C)[C@]1(c2ccccc2)CC[C@]2(CC1)CN(c1cnc(-c3cccc4c3CC(=O)N4)cc1C#N)C(=O)N2,5.91
OPRM1,CHEMBL5784350,CN(C)[C@]1(c2ccccc2)CC[C@]2(CC1)CN(c1ccc(-c3cccc4c3CC(=O)N4)nc1)C(=O)N2,5.91
OPRM1,CHEMBL569956,CCN(CC)C(=O)c1ccc(N(c2cccc(O)c2)C2CCN(CCc3ncc[nH]3)CC2)cc1,5.9
OPRM1,CHEMBL1818340,CC(C)N(C)S(=O)(=O)c1ccccc1-c1ccc(CN2CCCCC2)cc1,5.9
OPRM1,CHEMBL508112,c1ccc2sc(SSc3nc4ccccc4s3)nc2c1,5.9
OPRM1,CHEMBL1946016,CCN(CC)C(=O)c1ccc(C(=C2CCN(Cc3ccc(F)cc3)CC2)c2ccccn2)cc1,5.9
OPRM1,CHEMBL2205827,COc1ccc(CN2C3C4C5CC6C7C5C3C7C2(O)C64)cc1OC,5.9
OPRM1,CHEMBL2443275,c1ccc([C@]2(CCNCc3ccncc3)CCOC3(CCCC3)C2)nc1,5.9
OPRM1,CHEMBL3763452,N[C@@H](Cc1ccc(O)cc1)C(=O)[C@H]1CCCCNC(=O)CNC(=O)[C@H](Cc2ccc(O)cc2)N2Cc3cc(O)ccc3C[C@H]2C(=O)N1,5.9
OPRM1,CHEMBL3965507,CN1CC[C@]23CC(=O)[C@@H](CC(=O)NCC4CC4)C[C@@]2(O)[C@H]1Cc1ccc(O)cc13,5.9
OPRM1,CHEMBL4096255,CC1CN(C/C(=C\c2ccccc2)C(=O)NCC(=O)O)CCC1(C)c1cccc(O)c1,5.9
OPRM1,CHEMBL5182393,CCC(=O)N(CCc1ccccc1)C1CCN(Cc2ccccc2)CC1,5.9
OPRM1,CHEMBL5400876,c1ccc(N2CCN(CCCc3nc4ccccc4s3)CC2)nc1,5.9
OPRM1,CHEMBL5435116,CN(C)C(CNC(=O)c1cc2ccccc2s1)c1ccc(Cl)cc1,5.9
OPRM1,CHEMBL5948296,Cc1cc(C(F)(F)F)ncc1N1C[C@]2(CC[C@@](Cc3ccccc3)(N(C)C)CC2)NC1=O,5.9
OPRM1,CHEMBL1237044,COc1cccc(C2(O)CCCCC2CN(C)C)c1,5.89
OPRM1,CHEMBL66668,CCN(CC)C(=O)c1ccc(C(=C2CC3CCC(C2)N3CCc2cccs2)c2ccccc2)cc1,5.89
OPRM1,CHEMBL329719,C=C(C)CN1CCC23c4c5ccc(O)c4O[C@H]2c2oc4ccccc4c2C[C@@]3(O)C1C5,5.89
OPRM1,CHEMBL194200,CN1C(=O)C2(CCN(CC3CCCCCCC3)CC2)c2ccccc21,5.89
OPRM1,CHEMBL3349256,CC(=O)NC[C@@]1(c2cccc(F)n2)C[C@H]2CC[C@@H](C1)N2C(c1ccccc1Cl)c1ccccc1Cl,5.89
OPRM1,CHEMBL569704,CCN(CC)C(=O)c1ccc(N(c2cccc(OC)c2)C2CCN(CCc3ccoc3)CC2)cc1,5.89
OPRM1,CHEMBL3323518,O=C(c1ccccc1)N1CCN(C(=O)Cc2ccc(Cl)c(Cl)c2)C2C(N3CCCC3)CCCC21,5.89
OPRM1,CHEMBL3695251,O=C(O)[C@@H](Nc1nc2ccccc2n([C@H]2C[C@H]3CC[C@@H](C2)N3C2CCCCCCC2)c1=O)c1ccccc1,5.89
OPRM1,CHEMBL3665423,O=c1[nH]c2ccccc2n(C2CCN(C3Cc4cccc5cccc3c45)CC2)c1=O,5.89
OPRM1,CHEMBL4172930,O=C(NCCN1CCc2ccccc2C1)c1ccc(O)c(Cl)c1,5.89
OPRM1,CHEMBL2391908,C[C@H](NC[C@H](O)CP(=O)(O)CC1CCCCC1)c1ccc(Cl)c(Cl)c1.Cl,5.89
OPRM1,CHEMBL1200776,C[C@@H](NCCCc1cccc(C(F)(F)F)c1)c1cccc2ccccc12.Cl,5.89
OPRM1,CHEMBL6052382,C[C@@H](Cc1ccsc1)NC(=O)NC[C@]1(N(C)C)CCc2ccccc2C1,5.89
OPRM1,CHEMBL47739,C[C@H](NC(=O)c1c(CN2CCC(N3CCCCC3)CC2)c(-c2ccccc2)nc2ccccc12)C1CCCCC1,5.88
OPRM1,CHEMBL3084538,NC(=O)c1ccc([C@@]2(C(N)=O)C[C@H]3CC[C@@H](C2)N3C(c2ccccc2Cl)c2ccccc2Cl)nc1,5.88
OPRM1,CHEMBL1762388,Cc1cc(N)c2cc(NC(=O)c3ccccc3COc3ccc(CNCCCCCCCCCCNCc4ccc(OCc5ccccc5C(=O)Nc5ccc6nc(C)cc(N)c6c5)cc4)cc3)ccc2n1,5.88
OPRM1,CHEMBL1818228,CC(C)(C)CCNCc1ccc(-c2cnccc2S(=O)(=O)N2CCCC2)cc1,5.88
OPRM1,CHEMBL3695245,O=C(O)c1nc2ccccc2n([C@H]2C[C@H]3CC[C@@H](C2)N3C23CC4CC(CC(C4)C2)C3)c1=O,5.88
OPRM1,CHEMBL4590786,CC(C)[C@H]1CC[C@@H](N2CCC(n3cc(CN4CCC(N)CC4)c4ccccc43)CC2)CC1,5.88
OPRM1,CHEMBL4751700,CN1Cc2ccccc2CN2CC[C@@]1(c1ccccc1)C2,5.88
OPRM1,CHEMBL5080421,C=CCOc1ccc(C[C@H](NC(=O)[C@H](Cc2cccc(OCC=C)c2)NC(=O)[C@H](Cc2ccccc2)NC(C)=O)C(=O)N[C@@H](CCCNC(=N)N)C(=O)N[C@@H](CC(C)C)C(=O)N[C@@H](CCCNC(=N)N)C(=O)N[C@@H](CCCNC(=N)N)C(=O)N[C@H](C)C(=O)N[C@@H](CCCNC(=N)N)C(=O)N2CCC[C@H]2C(=O)N[C@@H](CCCCN)C(N)=O)cc1,5.88
OPRM1,CHEMBL231068,O=c1[nH]c2ccccc2n1CCN1CCN(c2cccc(C(F)(F)F)c2)CC1,5.88
OPRM1,CHEMBL5558883,N=C(N)NCCC[C@@H](NC(=O)[C@@H]1Cc2ccc(O)cc2CN1)C(=O)N[C@H]1Cc2ccccc2CN(CCC(=O)N[C@@H](CCCN2CCC(Cc3ccccc3)CC2)C(=O)N[C@@H](Cc2ccccc2)C(N)=O)C1=O,5.88
OPRM1,CHEMBL5753083,COc1ccc2c(c1)[C@]13CCN(CC4CC4)[C@H](C2)[C@]12CCC(N)(C3)C(=O)O2,5.88
OPRM1,CHEMBL5879288,Cc1cc(C#N)ncc1N1CC2(CC(c3cccc(F)c3)(N(C)C)C2)N(CC2CC2)C1=O,5.88
OPRM1,CHEMBL5914275,Cc1cc(C#N)cnc1N1C[C@]2(C[C@](c3cccc(F)c3)(N(C)C)C2)N(CC2CC2)C1=O,5.88
OPRM1,CHEMBL5895004,COC(=O)c1ccc(N2C[C@]3(CC[C@](c4ccccc4)(N(C)C)CC3)N(CC3CCC3)C2=O)cc1,5.88
OPRM1,CHEMBL5778535,CN(C)[C@]1(c2ccccc2)CC[C@]2(CC1)CN(c1cnc(-c3ccccn3)nc1)C(=O)N2,5.88
OPRM1,CHEMBL212574,Cc1[nH]c2ccc(Cl)cc2c1C1CCN(CC2CCCCCCC2)CC1,5.87
OPRM1,CHEMBL409621,CC(C)C1CCC(N2CCC3(CC2)C(=O)N(Cc2ccccc2)Cc2ccccc23)CC1,5.87
OPRM1,CHEMBL3349286,NC[C@@]1(Cc2ccccc2)C[C@H]2CC[C@@H](C1)N2C(c1ccccc1Cl)c1ccccc1Cl,5.87
OPRM1,CHEMBL3695283,CC(=O)N1CCC(Nc2nc3ccccc3n(C3CCN(C4CCCCCCC4)CC3)c2=O)CC1,5.87
OPRM1,CHEMBL3698752,CCOC(=O)CNc1nc2ccccc2n(C2CCN(C3CCCCCCC3)CC2)c1=O,5.87
OPRM1,CHEMBL4215165,O=c1[nH]c2ccccc2n1C1CCN(Cc2cccc(Cl)c2)CC1,5.87
OPRM1,CHEMBL4635430,C=C(C(N)=O)[C@@H](NC(=O)[C@H](Cc1ccccc1)NC(=O)[C@@H](CNC(C)=O)NC(=O)[C@@H](N)Cc1ccc(O)cc1)c1ccco1,5.87
OPRM1,CHEMBL5832704,CN(C)[C@]1(c2ccccc2)CC[C@]2(CC1)CN(c1ccc(-c3ccncc3)s1)C(=O)N2,5.87
OPRM1,CHEMBL5898752,O=C(Cc1cn2ccccc2n1)NCC1(c2ccccc2)CCC1,5.87
OPRM1,CHEMBL117128,C[C@@H]1C2Cc3ccc(O)cc3[C@]1(C)CCN2C,5.86
OPRM1,CHEMBL184451,O=S1(=O)NCc2ccccc2N1C1CCN(C2CCCCCCC2)CC1,5.86
OPRM1,CHEMBL200098,COc1cccc(NC(=O)N2CCC(c3ccccc3)(c3nccn3Cc3ccccc3)CC2)c1,5.86
OPRM1,CHEMBL226784,COC(=O)[C@@H]1C[C@H](OC(C)=O)C(=O)[C@H]2[C@@]1(C)CC[C@H]1C(=O)O[C@H]([C@@H]3C[C@@H](OC)O[C@@H]3OC)C[C@]21C,5.86
OPRM1,CHEMBL445332,COC(=O)[C@@H]1C[C@H](OC(C)=O)C(=O)[C@H]2[C@@]1(C)CC[C@H]1C(=O)O[C@H](c3ccoc3)C[C@]21C,5.86
OPRM1,CHEMBL457244,CC(C)CNCCN1CN(c2ccccc2)C2(CCN(C(c3ccccc3Cl)c3ccccc3Cl)CC2)C1=O,5.86
OPRM1,CHEMBL1713967,Cc1ccc(S(=O)(=O)NCc2ccc(C(=O)NCCN(Cc3ccccc3)C(C)(C)C)cc2)cc1,5.86
OPRM1,CHEMBL1762384,Cc1cc(N)c2cc(NC(=O)c3ccccc3COc3ccc(CNCCCCCCNCc4ccc(OCc5ccccc5C(=O)Nc5ccc6nc(C)cc(N)c6c5)cc4)cc3)ccc2n1,5.86
OPRM1,CHEMBL3665443,O=c1[nH]c2ccccc2n([C@H]2C[C@H]3C=C[C@@H](C2)N3C2/C=C\CCCCC2)c1=O,5.86
OPRM1,CHEMBL3698840,NCCNc1nc2ccccc2n(C2CCN(C3CCCCCCC3)CC2)c1=O,5.86
OPRM1,CHEMBL3698789,CN(CC(=O)O)C(=O)c1nc2ccccc2n([C@H]2C[C@H]3CC[C@@H](C2)N3C2CCCCCCC2)c1=O,5.86
OPRM1,CHEMBL3937789,COCCOCCO[C@H]1C=CC2C3Cc4ccc(OC)c5c4[C@@]2(CCN3C)C1O5,5.86
OPRM1,CHEMBL5086984,CC(=O)N[C@@H](Cc1ccccc1)C(=O)N[C@H]1Cc2ccc(cc2)OC/C=C/COc2ccc(cc2)C[C@@H](C(=O)N[C@@H](CCCNC(=N)N)C(=O)N[C@@H](CC(C)C)C(=O)N[C@@H](CCCNC(=N)N)C(=O)N[C@@H](CCCNC(=N)N)C(=O)N[C@H](C)C(=O)N[C@@H](CCCNC(=N)N)C(=O)N2CCC[C@H]2C(=O)N[C@@H](CCCCN)C(N)=O)NC1=O,5.86
OPRM1,CHEMBL5086931,C=CCOc1ccc(C[C@H](NC(=O)[C@H](Cc2ccccc2)NC(C)=O)C(=O)N[C@@H](Cc2cccc(OCC=C)c2)C(=O)N[C@@H](CCCNC(=N)N)C(=O)N[C@@H](CC(C)C)C(=O)N[C@@H](CCCNC(=N)N)C(=O)N[C@@H](CCCNC(=N)N)C(=O)N[C@H](C)C(=O)N[C@@H](CCCNC(=N)N)C(=O)N2CCC[C@H]2C(=O)N[C@@H](CCCCN)C(N)=O)cc1,5.86
OPRM1,CHEMBL716,OCCOCCN1CCN(C2=Nc3ccccc3Sc3ccccc32)CC1,5.86
OPRM1,CHEMBL441765,CN(C(=O)Cc1ccc(Cl)c(Cl)c1)[C@@H]1CCCC[C@H]1N1CCCC1,5.86
OPRM1,CHEMBL5875789,COCCOCCO[C@H]1C=CC2[C@H](N(C)C)Cc3ccc(OC)c4c3[C@@]2(C)[C@H]1O4,5.86
OPRM1,CHEMBL5950235,CN(C)[C@]1(c2ccccc2)CC[C@]2(CC1)CN(c1ccccc1C(N)=O)C(=O)N2CC1COC1,5.86
OPRM1,CHEMBL6003802,CN(C)[C@]1(c2ccccc2)CC[C@]2(CC1)CN(c1ccccc1OCC(N)=O)C(=O)N2,5.86
OPRM1,CHEMBL497318,CCCCCc1cc(O)c(C/C=C(\C)CCC=C(C)C)c(O)c1,5.86
OPRM1,CHEMBL284217,O=C1N[C@@H]2CCCC[C@H]2N1C1CCN(C2CCCCCCC2)CC1,5.85
OPRM1,CHEMBL544956,CN(C(=O)Cc1csc2ccccc12)[C@@H]1CCCC[C@H]1N1CCCC1.Cl,5.85
OPRM1,CHEMBL373190,CC(=O)OCCN1C(=O)C2(CCN(CC3CCCCCCC3)CC2)c2ccccc21,5.85
OPRM1,CHEMBL197917,O=C(Nc1ccccc1)N1CCC(c2ccccc2)(c2nccn2Cc2ccccn2)CC1,5.85
OPRM1,CHEMBL371550,O=C1NCN(c2ccccc2)C12CCN([C@@H]1CCCC[C@@]1(O)c1ccccn1)CC2,5.85
OPRM1,CHEMBL210514,COc1nc(NCCCN2CCOCC2)nc(OC)c1NC(=O)c1ccc(Oc2cc3c(cc2C)CCC3(C)C)o1,5.85
OPRM1,CHEMBL247363,CC(C)C[C@H](NC(=O)[C@H](Cc1ccccc1)NC(=O)CNC(=O)[C@H](C)NC(=O)[C@@H](N)Cc1ccc(N)cc1)C(=O)O,5.85
OPRM1,CHEMBL263917,CC1(Sc2nc3cc(Cl)c(N4CCN(CCO)CC4)cc3[nH]2)CCCCC1,5.85
OPRM1,CHEMBL3349260,NC[C@@]1(Cc2ccc(F)cc2)C[C@H]2CC[C@@H](C1)N2C(c1ccccc1Cl)c1ccccc1Cl,5.85
OPRM1,CHEMBL554292,COc1ccc2c(c1)[C@]13CCN(CC4CC4)C[C@@]1(C2)Cc1c([nH]c2ccccc12)C3,5.85
OPRM1,CHEMBL1762405,Cc1cc(N)c2cc(NC(=O)c3ccccc3COc3ccc(CNCCCN)cc3)ccc2n1,5.85
OPRM1,CHEMBL1762411,Cc1cc(N)c2cc(NC(=O)c3ccccc3COc3ccc(CNCCCCCCCCCCN)cc3)ccc2n1,5.85
OPRM1,CHEMBL964,CCN(CC)C(=S)SSC(=S)N(CC)CC,5.85
OPRM1,CHEMBL1717557,COc1ccc(C(CNC(=O)CCc2ccsc2)N(C)C)cc1,5.85
OPRM1,CHEMBL3695280,COC(=O)C(CO)Nc1nc2ccccc2n(C2CCN(C3CCCCCCC3)CC2)c1=O,5.85
OPRM1,CHEMBL3937815,CN(C)C(=O)CN(C)C1(c2ccccc2)CCC(c2ccccc2)(N(C)C)CC1,5.85
OPRM1,CHEMBL4212478,O=c1[nH]c2cc(Cl)c(Cl)cc2n1C1CCCN(Cc2ccc(Br)cc2)CC1,5.85
OPRM1,CHEMBL4549826,CCc1cc(F)c2nc(N3CCC(N[C@H]4CCOC4)CC3)c(-c3nc(C)no3)c(C)c2c1,5.85
OPRM1,CHEMBL4583245,CCc1cc(F)c2nc(N3CCC(N[C@@H]4CCCOC4)CC3)c(-c3nc(C)no3)cc2c1,5.85
OPRM1,CHEMBL273575,CN1Cc2c(N)cccc2C(c2ccccc2)C1,5.85
OPRM1,CHEMBL5433984,CCCCCc1cc(O)c([C@@H]2C[C@@H](C)CC[C@H]2C(C)C)c(O)c1,5.85
OPRM1,CHEMBL5406692,C=CCc1cc(O)c([C@@H]2C=C(C)CC[C@H]2C(=C)C)c(O)c1,5.85
OPRM1,CHEMBL6048597,CN(C)[C@]1(c2ccccc2)CC[C@]2(CC1)CN(c1nc(-c3ccccc3)cs1)C(=O)N2,5.85
OPRM1,CHEMBL199095,CCN1C(=O)C2(CCN(CC3CCCCCCC3)CC2)c2ccc(OC)cc21,5.84
OPRM1,CHEMBL390935,COC(=O)[C@@H]1C[C@H](OC(C)=O)C(=O)[C@H]2[C@@]1(C)CC[C@H]1C(=O)O[C@H](c3ccoc3Br)C[C@]21C,5.84
OPRM1,CHEMBL3330667,C=CCC(=O)O[C@H]1C[C@@H](C(=O)OC)[C@]2(C)CC[C@H]3C(=O)O[C@H](c4ccoc4)C[C@]3(C)[C@H]2C1=O,5.84
OPRM1,CHEMBL3647963,O=C(O)c1nc2ccccc2n([C@H]2C[C@H]3CC[C@@H](C2)N3C2CCCCCCCCCCC2)c1=O,5.84
OPRM1,CHEMBL3698896,O=C(O)c1ccncc1Nc1nc2ccccc2n([C@H]2C[C@H]3CC[C@@H](C2)N3C2CCCCCCC2)c1=O,5.84
OPRM1,CHEMBL3695272,O=c1c(N2CCc3ccccc32)nc2ccccc2n1C1CCN(C2CCCCCCC2)CC1,5.84
OPRM1,CHEMBL3698788,O=C(O)C1CCCN1C(=O)c1nc2ccccc2n([C@H]2C[C@H]3CC[C@@H](C2)N3C2CCCCCCC2)c1=O,5.84
OPRM1,CHEMBL4459625,CCc1ccc2nc(N3CCC(N[C@@H]4CCCOC4)CC3)c(-c3nc(C)no3)cc2c1,5.84
OPRM1,CHEMBL5074966,CC(=O)N[C@H]1Cc2ccc(cc2)OC/C=C/COc2ccc(cc2)C[C@@H](C(=O)N[C@@H](Cc2ccccc2)C(=O)N[C@@H](CCCNC(=N)N)C(=O)N[C@@H](CC(C)C)C(=O)N[C@@H](CCCNC(=N)N)C(=O)N[C@@H](CCCNC(=N)N)C(=O)N[C@H](C)C(=O)N[C@@H](CCCNC(=N)N)C(=O)N2CCC[C@H]2C(=O)N[C@@H](CCCCN)C(N)=O)NC1=O,5.84
OPRM1,CHEMBL643,CC(CN1c2ccccc2Sc2ccccc21)N(C)C,5.84
OPRM1,CHEMBL5407747,Clc1cccc(N2CCN(CCCCNCCC3(c4ccccn4)CCOCC3)CC2)c1Cl,5.84
OPRM1,CHEMBL5971561,COC(=O)CCCN1C[C@]2(CC[C@](c3ccccc3)(N(C)C)CC2)N(CC2CCC2)C1=O,5.84
OPRM1,CHEMBL5995499,CN[C@]1(c2cccc(F)c2)CC[C@]2(CC1)CN(c1cnc(C(F)(F)F)nc1)C(=O)N2CC1CC1,5.84
OPRM1,CHEMBL106155,CCCCCCC(c1ccccc1)N1CC[C@H]1[C@H](N)c1cccc(Cl)c1,5.83
OPRM1,CHEMBL325674,O=C(OC1CCc2ccccc21)N1CCC2(CC1)C(=O)NCN2c1ccccc1,5.83
OPRM1,CHEMBL305552,COc1ccc(-c2cccn(C(CN3CCCC3)c3ccccc3)c2=O)cc1,5.83
OPRM1,CHEMBL126366,CCN(CC)C(=O)c1ccc(C(c2cccc3cnccc23)N2CCNCC2)cc1,5.83
OPRM1,CHEMBL326263,N#Cc1ccc(CCOC(=O)N2CCN(CCCC(c3ccc(F)cc3)c3ccc(F)cc3)CC2)cc1,5.83
OPRM1,CHEMBL539845,CCOC(=O)C1(c2ccc(F)cc2)CCN(C)CC1.Cl,5.83
OPRM1,CHEMBL184689,O=C(O)C(CCN1CCC(O)(c2ccc(Cl)cc2)CC1)(c1ccccc1)c1ccccc1,5.83
OPRM1,CHEMBL511373,OC1(c2cncs2)CC2CCC(C1)N2C(c1ccccc1Cl)c1ccccc1Cl,5.83
OPRM1,CHEMBL3349275,CN(C)C[C@@]1(c2ccccc2)C[C@H]2CC[C@@H](C1)N2C(c1ccccc1Cl)c1ccccc1Cl,5.83
OPRM1,CHEMBL525580,C[C@@H]1NC(=O)[C@H]2CCCN2C(=O)[C@H](Cc2ccccc2)NC(=O)[C@@H](Cc2c[nH]c3ccccc23)NC1=O,5.83
OPRM1,CHEMBL1079079,COc1ccc(-c2c(C#N)c(C(=O)NN3CCCCC3)nn2-c2ccccc2[125I])cc1,5.83
OPRM1,CHEMBL2022019,COC(=O)[C@@H]1C[C@H](OC(C)=O)C(=O)[C@H]2[C@@]1(C)CC[C@H]1C(=O)O[C@H](C(=O)c3ccccc3)C[C@]21C,5.83
OPRM1,CHEMBL3698870,O=C(O)C1CCCN1C(=O)CNc1nc2ccccc2n([C@H]2C[C@H]3CC[C@@H](C2)N3C2CCCCCCC2)c1=O,5.83
OPRM1,CHEMBL3698841,O=c1c(N2CCNCC2)nc2ccccc2n1C1CCN(C2CCCCCCC2)CC1,5.83
OPRM1,CHEMBL3695267,O=c1c(NC2CCNCC2)nc2ccccc2n1C1CCN(C2CCCCCCC2)CC1,5.83
OPRM1,CHEMBL3704614,O=C(O)CO/N=C/c1nc2ccccc2n1[C@H]1C[C@H]2CCC[C@@H](C1)N2[C@H]1C[C@@H]2CCC[C@@H](C2)C1,5.83
OPRM1,CHEMBL4111313,COc1ccc2c3c1O[C@H]1[C@@]4(OC)CC[C@@]5(C[C@@H]4COc4ccccc4)[C@@H](C2)[N+](C)(CC2CC2)CC[C@]315,5.83
OPRM1,CHEMBL4638966,Cc1cc(C)cc(C2CCCN2Cc2ccc(Oc3ccc4c(=O)[nH]oc4c3)cc2)c1,5.83
OPRM1,CHEMBL5075152,COCC(=O)N(CC(C)(C)N1CCN(Cc2ccccc2)CC1)c1ccccc1,5.83
OPRM1,CHEMBL5093200,CN(C)CCC(C(=O)NCCCCN1CCN(c2cccc(Cl)c2Cl)CC1)(c1ccccc1)c1ccccc1,5.83
OPRM1,CHEMBL5393886,CN(C)C(CNC(=O)c1cc2ccccc2s1)c1cccc(F)c1,5.83
OPRM1,CHEMBL6195804,O=C(O)CO/N=C/c1nc2ccccc2n1C1C[C@H]2CCC[C@@H](C1)N2[C@H]1CC[C@@H]2CCC[C@H]1C2,5.83
OPRM1,CHEMBL5892424,CN(C)[C@]1(c2ccccc2)CC[C@]2(CC1)CN(c1cnc3c(ccn3S(C)(=O)=O)c1)C(=O)N2,5.83
OPRM1,CHEMBL339898,CCN(CC)C(=O)c1ccc(C(=C2CCNCC2)c2cccc(C(F)(F)F)c2)cc1,5.82
OPRM1,CHEMBL67157,CCN(CC)C(=O)c1ccc(C(=C2CC3CCC(C2)N3C)c2ccc(OC)cc2)cc1,5.82
OPRM1,CHEMBL226731,COC(=O)[C@@H]1C[C@H](OC(C)=O)C(=O)[C@@H]2[C@@]3(C)C[C@@H](c4nc(C)no4)OC(=O)[C@H]3CC[C@]21C,5.82
OPRM1,CHEMBL1814703,CN1C[C@H]2Oc3ccc(O)cc3[C@@]23CCC[C@@H]1C3,5.82
OPRM1,CHEMBL3698842,CS(=O)(=O)NCCNc1nc2ccccc2n(C2CCN(C3CCCCCCC3)CC2)c1=O,5.82
OPRM1,CHEMBL3698761,CS(=O)(=O)N[C@@H]1CCN(c2nc3ccccc3n(C3CCN(C4CCCCCCC4)CC3)c2=O)C1,5.82
OPRM1,CHEMBL4094890,CC1CCC(C(=O)NCC2NCCc3ccccc32)CC1,5.82
OPRM1,CHEMBL4572131,CCc1ccc2nc(N3CCC(N[C@H]4CCCOC4)CC3)c(-c3nc(C)no3)cc2c1,5.82
OPRM1,CHEMBL4642698,C=C(C(N)=O)[C@@H](NC(=O)[C@H](Cc1ccccc1)NC(=O)[C@@H](CN)NC(=O)[C@@H](N)Cc1ccc(O)cc1)c1ccco1,5.82
OPRM1,CHEMBL4750243,CCN1CC2(CCN(CCc3ccccn3)CC2)OC2(CC2)C1=O,5.82
OPRM1,CHEMBL490,Fc1ccc([C@@H]2CCNC[C@H]2COc2ccc3c(c2)OCO3)cc1,5.82
OPRM1,CHEMBL5938985,CN(C)[C@]1(C2C=CC=CC2)CC[C@]2(CC1)CN(c1cnc(C#N)nc1)C(=O)N2CCO,5.82
OPRM1,CHEMBL5995915,CN(C)[C@]1(c2ccccc2)CC[C@]2(CC1)CN(c1cnc(-c3cccc4c3CC(=O)N4)nc1)C(=O)N2,5.82
OPRM1,CHEMBL5866982,CN(CCO)c1ncc(N2C[C@]3(CC[C@](c4cccs4)(N(C)C)CC3)NC2=O)cn1,5.82
OPRM1,CHEMBL387193,O=C1NC[C@@H](c2ccc(F)cc2)C12CCN([C@H]1CCCC[C@H]1c1ccc(F)cc1)CC2,5.81
OPRM1,CHEMBL3084558,COC(=O)N[C@]1(Cc2ccc(Cl)cc2)C[C@H]2CC[C@@H](C1)N2C(c1ccccc1Cl)c1ccccc1Cl,5.81
OPRM1,CHEMBL513303,Cc1ccc(C(c2ccccc2Cl)N2C3CCC2CC(O)(C2CCCN2Cc2ccccc2)C3)c(Cl)c1,5.81
OPRM1,CHEMBL576740,CCN(CC)C(=O)c1ccc(N(c2cccc(C(C)=O)c2)C2CCN(Cc3ccccc3)CC2)cc1,5.81
OPRM1,CHEMBL569529,CCN(CC)C(=O)c1ccc(N(c2cccc(O)c2)C2CCN(CCc3ccncc3)CC2)cc1,5.81
OPRM1,CHEMBL2431120,COc1cc2nc(C3CC3)nc(N3CCN(c4ccccc4OC)CC3)c2cc1OC,5.81
OPRM1,CHEMBL3219942,CCNC(=O)O[C@H]1C[C@@H](C(=O)OC)[C@]2(C)CC[C@H]3C(=O)O[C@H](c4ccoc4)C[C@]3(C)[C@H]2C1=O,5.81
OPRM1,CHEMBL3325718,CC1(C)CC(=O)c2c(C(F)(F)F)nn(-c3ccc(Cl)cc3Cl)c2C1,5.81
OPRM1,CHEMBL4110417,COc1ccc2c3c1O[C@H]1[C@@]4(OC)CC[C@@]5(C[C@@H]4CSc4nc(C)ns4)[C@@H](C2)N(C)CC[C@]315,5.81
OPRM1,CHEMBL4746919,N=C(N)NCCC[C@H](NC(=O)[C@H](CCC(N)=O)NC(=O)[C@@H]1CCCN1C(=O)[C@H](CS)NC(=O)[C@H](Cc1ccccc1)NC(=O)CNC(=O)[C@H](CS)NC(=O)[C@@H](N)Cc1ccc(O)cc1)C(=O)N[C@@H](Cc1ccccc1)C(N)=O,5.81
OPRM1,CHEMBL5091971,CC[C@@H]1CN2CC[C@@]3(O)C(=Nc4c(-c5ccoc5)ccc(OC)c43)[C@@H]2C[C@@H]1/C(=C\OC)C(=O)OC,5.81
OPRM1,CHEMBL5505849,CCc1cccc(C)c1N(C(=O)c1ccoc1)C1CCN(CCc2ccccc2)CC1,5.81
OPRM1,CHEMBL327745,CN1CC[C@]2(c3cccc(O)c3)Cc3nc4ccccc4cc3C[C@H]2C1,5.81
OPRM1,CHEMBL322717,CCCCCCC(c1ccccc1)N1CC[C@H]1[C@@H](N)c1cccc(Cl)c1,5.8
OPRM1,CHEMBL110379,CCCCC(c1cccc(F)c1)N1CC[C@H]1[C@H](N)c1cccc(Cl)c1,5.8
OPRM1,CHEMBL200371,O=C1NCN(c2ccccc2)C12CCN([C@H]1CCCC[C@@]1(O)c1ccccc1)CC2,5.8
OPRM1,CHEMBL425112,C[C@H]1CN2C[C@H](c3ccccc3)N(Cc3ccccc3)C[C@H]2C[C@@]1(C)c1ccccc1,5.8
OPRM1,CHEMBL259681,CC(C)(C)C1CCC(N2CCC3(CC2)C(=O)N(Cc2ccccc2)Cc2cc(F)ccc23)CC1,5.8
OPRM1,CHEMBL569945,CCN(CC)C(=O)c1ccc(N(c2cccc(OC)c2)C2CCN(CCc3ccsc3)CC2)cc1,5.8
OPRM1,CHEMBL1762382,Cc1cc(N)c2cc(NC(=O)c3ccccc3COc3ccc(CNCCCCNCc4ccc(OCc5ccccc5C(=O)Nc5ccc6nc(C)cc(N)c6c5)cc4)cc3)ccc2n1,5.8
OPRM1,CHEMBL1946022,CCN(CC)C(=O)c1ccc(C(=C2CCN(Cc3ccc(F)cc3)CC2)c2ccccc2NC(=O)OC)cc1,5.8
OPRM1,CHEMBL2413877,CN(CCc1ccccc1)[C@H]1CCCC[C@@H]1OCCCc1ccccc1,5.8
OPRM1,CHEMBL2443283,CC1(C)CC(CCNCc2ccccc2)(c2ccc(F)cc2)CCO1,5.8
OPRM1,CHEMBL3647960,O=C(O)c1nc2ccccc2n([C@H]2C[C@H]3CC[C@@H](C2)N3C2CCCCCCCCCC2)c1=O,5.8
OPRM1,CHEMBL3698868,O=C(O)N1CCN(c2nc3ccccc3n([C@H]3C[C@H]4CC[C@@H](C3)N4C3CCCCCCC3)c2=O)CC1=O,5.8
OPRM1,CHEMBL3704613,OCc1nc2ccccc2n1C1C[C@H]2CCC[C@@H](C1)N2[C@H]1C[C@@H]2CCC[C@@H](C2)C1,5.8
OPRM1,CHEMBL3943962,Cc1c(C2(N3CCCC3)CCC(c3ccccc3)(N(C)C)CC2)[nH]c2ccc(F)cc12,5.8
OPRM1,CHEMBL4081855,CCC(C)C(NC(=O)/C(=C/c1ccccc1)CN1CCC(C)(c2cccc(O)c2)C(C)C1)C(=O)O,5.8
OPRM1,CHEMBL4212298,CCC(c1ccc(Cl)cc1)N1CCC(n2c(=O)[nH]c3ccccc32)CC1,5.8
OPRM1,CHEMBL4449491,N=C(N)NCCC[C@H](NC(=O)C12CC3CC(CC(C3)C1)C2)C(=O)N[C@@H](Cc1ccccc1)C(=O)NCCCC[C@H](NC(=O)[C@H](Cc1ccccc1)NC(=O)[C@H](Cc1ccccc1)NC(=O)[C@@H]1CCCN1C(=O)[C@@H](N)Cc1ccc(O)cc1)C(N)=O,5.8
OPRM1,CHEMBL4539568,CC(=O)N1CCC2(CCC(Cc3ccccc3)(N(C)C)CC2)C1,5.8
OPRM1,CHEMBL4740220,CCC(=O)N(Cc1ccncc1)C1(C(=O)Nc2ccc(OC)cc2)CCN(CCc2ccccc2)CC1,5.8
OPRM1,CHEMBL4754076,CC[C@H](C)[C@H](NC(=O)[C@H](CCCNC(=N)N)NC(=O)[C@H](CC(C)C)NC(=O)[C@H](Cc1ccccc1)NC(=O)CNC(=O)CNC(=O)[C@@H](C)Cc1c(C)cc(O)cc1C)C(=O)N[C@@H](CCCNC(=N)N)C(=O)N1CCC[C@H]1C(=O)N[C@@H](CCCCN)C(N)=O,5.8
OPRM1,CHEMBL5418730,Clc1ccc([C@@H]2C[C@H]2NCCC2(c3ccccn3)CCOCC2)cc1,5.8
OPRM1,CHEMBL5787828,CN(C)[C@]1(c2ccccc2)CC[C@]2(CC1)CN(c1cccc3ncccc13)C(=O)N2,5.8
OPRM1,CHEMBL6032573,Cc1cc(-c2ccccn2)ncc1N1C[C@]2(CC[C@](c3ccccc3)(N(C)C)CC2)NC1=O,5.8
OPRM1,CHEMBL381429,COc1ccc2c(c1)N(C)C(=O)C21CCN(CC2CCCCCCC2)CC1,5.79
OPRM1,CHEMBL239819,O=C1NCN(c2ccccc2)C12CCN(C(c1cccc(Cl)c1)c1cccc(Cl)c1)CC2,5.79
OPRM1,CHEMBL429685,COC(=O)[C@@H]1C[C@H](OC(=O)c2ccccc2OC)C(=O)[C@H]2[C@@]1(C)CC[C@H]1C(=O)O[C@H](c3ccoc3)C[C@]21C,5.79
OPRM1,CHEMBL599175,CC[C@@]12CCN(CCc3ccccc3)C[C@@H]1Oc1c(O)cccc12,5.79
OPRM1,CHEMBL3647958,O=C(O)c1nc2ccccc2n([C@H]2C[C@H]3CCC[C@@H](C2)N3C2CC3CCCC(C3)C2)c1=O,5.79
OPRM1,CHEMBL3698839,CC(C)(C)OC(=O)N1CCN(c2nc3ccccc3n(C3CCN(C4CCCCCCC4)CC3)c2=O)CC1,5.79
OPRM1,CHEMBL4114370,COCCOCCOCCOCCOCCOCCOCCO[C@H]1CC[C@@]2(O)C3Cc4ccc(OC)c5c4[C@@]2(CCN3C)[C@H]1O5,5.79
OPRM1,CHEMBL4211156,O=c1[nH]c2ccccc2n1C1CCN(Cc2cccc(OC(F)(F)F)c2)CC1,5.79
OPRM1,CHEMBL4552298,Cc1cccc(C)c1N1C(=O)[C@H](CO)NC2(CCN(C)CC2)C1=O,5.79
OPRM1,CHEMBL5077286,CC(=O)N[C@H]1Cc2cccc(c2)OC/C=C/COc2cccc(c2)C[C@@H](C(=O)N[C@@H](Cc2ccccc2)C(=O)N[C@@H](CCCNC(=N)N)C(=O)N[C@@H](CC(C)C)C(=O)N[C@@H](CCCNC(=N)N)C(=O)N[C@@H](CCCNC(=N)N)C(=O)N[C@H](C)C(=O)N[C@@H](CCCNC(=N)N)C(=O)N2CCC[C@H]2C(=O)N[C@@H](CCCCN)C(N)=O)NC1=O,5.79
OPRM1,CHEMBL3040082,C[C@@H]1[C@@H]2Cc3ccc(O)cc3[C@]1(C)CCN2Cc1ccccc1,5.79
OPRM1,CHEMBL5396293,Cc1ccc2c(Cl)c(C(=O)NCC(c3ccccc3)N(C)C)sc2c1,5.79
OPRM1,CHEMBL5423250,FC(F)(F)c1cccc(N2CCN(CCCOC3(c4ccccn4)CCOC4(CCCC4)C3)CC2)n1,5.79
OPRM1,CHEMBL6034731,COCCOCCOCCOCCOCCOCCOCCO[C@H]1CC[C@@]2(O)C3Cc4ccc(CO)c5c4[C@@]2(CCN3C)[C@H]1O5,5.79
OPRM1,CHEMBL5849338,CNC(=O)CCN1C[C@]2(CC[C@@](NC)(c3ccccc3)CC2)N(CC2(O)CCC2)C1=O,5.79
OPRM1,CHEMBL6012758,CN(C)[C@]1(c2ccccc2)CC[C@]2(CC1)CN(c1cnc(C(=O)N3CCOCC3)nc1)C(=O)N2,5.79
OPRM1,CHEMBL5934825,CN(C)[C@]1(Cc2ccccc2)CC[C@@]2(CC1)CN(c1cnc(C(F)(F)F)nc1)C(=O)N2,5.79
OPRM1,CHEMBL5950273,CN(C)[C@]1(c2ccccc2)CC[C@]2(CC1)CN(c1ccccc1F)C(=O)N2,5.79
OPRM1,CHEMBL5910330,CN(C)[C@]1(c2ccccc2)CC[C@@]2(CC1)NC(=O)N(CC(=O)Nc1ccccc1)C2=O,5.79
OPRM1,CHEMBL324635,N[C@@H](c1cccc(Cl)c1)[C@@H]1CCN1C(c1ccccc1)c1ccccc1,5.78
OPRM1,CHEMBL2369366,CC[C@H](C)[C@H](NC(=O)[C@H](CCCN=C(N)N)NC(=O)[C@H](CCCN=C(N)N)NC(=O)[C@H](CC(C)C)NC(=O)[C@H](Cc1ccccc1)NC(=O)[C@@H]1CCCN1C(=O)CNC(=O)[C@@H](N)Cc1ccc(O)cc1)C(=O)N[C@@H](CCCN=C(N)N)C(=O)N[C@H](CCCN=C(N)N)C(=O)N[C@@H](CCCCN)C(N)=O,5.78
OPRM1,CHEMBL59995,O=c1c(-c2ccccc2C(F)(F)F)cccn1C(CN1CCCC1)c1ccccc1,5.78
OPRM1,CHEMBL44722,CC[C@H](NC(=O)c1c(CN(C)C)c(-c2ccccc2)nc2ccccc12)c1ccccc1,5.78
OPRM1,CHEMBL2114981,COc1c(Br)cc2c(c1Br)CN(C(=O)[C@@H](N)Cc1c(C)cc(O)cc1C)[C@H](C(=O)O)C2,5.78
OPRM1,CHEMBL229017,CCCOC1(c2ccccc2)CCN(C(c2ccccc2)c2ccccc2)CC1,5.78
OPRM1,CHEMBL3695219,O=C(O)C1CCN(c2nc3ccccc3n([C@H]3C[C@H]4CC[C@@H](C3)N4C3CCCCCCC3)c2=O)CC1,5.78
OPRM1,CHEMBL3698776,N#Cc1nc2ccccc2n(C2CCN(C3CCCCCCC3)CC2)c1=O,5.78
OPRM1,CHEMBL3704588,NC(=O)CN1CCC[C@H]1c1nc2ccccc2n1[C@H]1C[C@H]2CCC[C@@H](C1)N2[C@@H]1C[C@@H]2CCCC[C@@H](C2)C1,5.78
OPRM1,CHEMBL3704631,c1ccc2c(c1)nc(C[C@H]1COCCN1)n2[C@H]1C[C@H]2CCC[C@@H](C1)N2[C@@H]1C[C@@H]2CCCC[C@@H](C2)C1,5.78
OPRM1,CHEMBL3704632,c1ccc2c(c1)nc(C[C@@H]1COCCN1)n2[C@H]1C[C@H]2CCC[C@@H](C1)N2[C@@H]1C[C@@H]2CCCC[C@@H](C2)C1,5.78
OPRM1,CHEMBL5429207,FC(F)(F)c1cccc(N2CCN(CCC3(c4ccccn4)CCOCC3)CC2)n1,5.78
OPRM1,CHEMBL5936314,COCCOCCOCCOCCOCCOCCOCCO[C@H]1CCC2C3Cc4ccc(CO)c5c4[C@@]2(CCN3C)[C@H]1O5,5.78
OPRM1,CHEMBL5749550,CN(C)[C@]1(c2ccccc2)CC[C@]2(CC1)CN(c1ccc3c(c1)NCC3)C(=O)N2,5.78
OPRM1,CHEMBL5928821,CN(C)[C@]1(c2ccccc2)CC[C@]2(CC1)CN(c1ncc(-c3cccc4c3CC(=O)N4)cc1F)C(=O)N2,5.78
OPRM1,CHEMBL5948745,CN(C)[C@H](CNC(=O)C[C@@H](c1ncc(Cl)cn1)C1(C(F)(F)F)CC1)Cc1cc(F)c(C(N)=O)cc1F,5.78
OPRM1,CHEMBL5758205,Cc1cc(C(N)=O)cc(C)c1C[C@@H](CNC(=O)C1CC1c1ncccn1)N(C)C,5.78
OPRM1,CHEMBL5875604,Cc1cnc([C@@H](CC(=O)NC[C@H](Cc2ccc(C(N)=O)c(F)c2)N(C)C)C2(C(F)(F)F)CC2)s1,5.78
OPRM1,CHEMBL5826422,Cc1cnc([C@@H](CC(=O)NC[C@H](Cc2ccc(C(N)=O)c(F)c2)N(C)C)C2(C(F)(F)F)CC2)nc1,5.78
OPRM1,CHEMBL5839985,CNC(=O)c1cc(F)c(C[C@@H](CNC(=O)C[C@H](c2cnc(C)nc2)C2(C(F)(F)F)CC2)N(C)C)c(F)c1,5.78
OPRM1,CHEMBL5791539,CNC(=O)c1ccc(C[C@@H](CNC(=O)CC(c2ccc(OC)nc2)C2(C(F)(F)F)CC2)N(C)C)c(Cl)c1,5.78
OPRM1,CHEMBL5797182,CNC(=O)c1ccc(C[C@@H](CNC(=O)C[C@H](c2ccccc2)C(C)C)N(C)C)cc1Cl,5.78
OPRM1,CHEMBL5901389,CNC(=O)c1ccc(C[C@@H](CNC(=O)C[C@@H](c2cncc(F)c2)C(C)(C)C)N(C)C)cc1F,5.78
OPRM1,CHEMBL5926345,CNC(=O)c1ccc2c(c1)CN(C)[C@H](CNC(=O)C[C@H](c1ccccc1)C(C)(C)C)C2,5.78
OPRM1,CHEMBL5915481,CN(C)[C@H](CNC(=O)CC(c1ncccn1)C1(C(F)(F)F)CC1)Cc1ccc2c(c1)CC(=O)N2,5.78
OPRM1,CHEMBL5949902,Cc1ccc(S(=O)(=O)n2ncc3cc(C[C@@H](CNC(=O)C[C@@H](c4ccccc4)C4(C(F)(F)F)CC4)N(C)C)ccc32)cc1,5.78
OPRM1,CHEMBL5907008,Cc1ccc(S(=O)(=O)n2ncc3c(Cl)c(C[C@@H](CNC(=O)C[C@@H](C)c4ccccc4)N(C)C)ccc32)cc1,5.78
OPRM1,CHEMBL5918188,CN(Cc1ccccc1)[C@H](CNC(=O)C[C@H](c1cccnc1)C1(C(F)(F)F)CC1)Cc1ccc2[nH]ncc2c1,5.78
OPRM1,CHEMBL5870562,Cc1ccc(S(=O)(=O)n2ncc3cc(C[C@@H](CNC(=O)C[C@@H](c4cncc(C)c4)C4(C(F)(F)F)CC4)N(C)C)ccc32)cc1,5.78
OPRM1,CHEMBL5947281,Cc1ccc(S(=O)(=O)n2ncc3cc(C[C@@H](CNC(=O)C[C@H](c4cccnc4)C(C)C)N(C)C)ccc32)cc1,5.78
OPRM1,CHEMBL5783321,Cc1ccc(S(=O)(=O)n2ncc3ccc(C[C@@H](CNC(=O)C[C@H](c4cccnc4)C4(C(F)(F)F)CC4)N(C)C)cc32)cc1,5.78
OPRM1,CHEMBL6060748,Cc1cc(O)cc(C)c1C[C@@H](CNC(=O)C1CC1c1ncccn1)N(C)C,5.78
OPRM1,CHEMBL6025783,Cc1cc(O)cc(C)c1C[C@@H](CNC(=O)C[C@H](C)c1ccc(Cl)cc1)N(C)C,5.78
OPRM1,CHEMBL5896965,Cc1ncc(C(CC(=O)NC[C@H](Cc2ccc(O)c(Cl)c2)N(C)C)C2CC2)cn1,5.78
OPRM1,CHEMBL5927279,CN(C)[C@H](CNC(=O)C[C@H](c1cncs1)C1CC1)Cc1ccc(O)cc1,5.78
OPRM1,CHEMBL6036294,CN(C)[C@H](CNC(=O)C[C@H](c1cccnc1)C1CC1)Cc1ccc(O)cc1,5.78
OPRM1,CHEMBL5997970,Cc1ncc([C@@H](CC(=O)NC[C@H](Cc2ccc(O)cc2)N(C)C)C2CC2)cn1,5.78
OPRM1,CHEMBL5782746,Cc1cnc([C@@H](CC(=O)NC[C@H](Cc2ccc(C(=O)/N=C/N(C)C)cc2)N(C)C)C2(C(F)(F)F)CC2)s1,5.78
OPRM1,CHEMBL5758622,CC(C)C[C@H](CC(=O)NC[C@H](Cc1ccc(Br)cc1Cl)N(C)C)c1ccccc1,5.78
OPRM1,CHEMBL300616,Oc1nc2ccccc2n1C1CCN(Cc2ccccc2)CC1,5.77
OPRM1,CHEMBL269377,CC[C@H](C)[C@H](NC(=O)[C@H](CCCN=C(N)N)NC(=O)[C@H](CCCN=C(N)N)NC(=O)[C@H](CC(C)C)NC(=O)[C@H](Cc1ccccc1)NC(=O)CNC(=O)[C@@H]1CCCN1C(=O)[C@@H](N)Cc1ccc(O)cc1)C(=O)N[C@@H](CCCN=C(N)N)C(=O)N1CCC[C@@H]1C(=O)N[C@@H](CCCCN)C(N)=O,5.77
OPRM1,CHEMBL115249,CCOc1ccc(CCOC(=O)N2CCN(CCCc3ccccc3)CC2)cc1,5.77
OPRM1,CHEMBL380603,O=C1N(CCO)c2ccccc2C12CCN(CC1CCCCCCC1)CC2,5.77
OPRM1,CHEMBL238796,COc1ccc(C)c(OC(CCN2CCC(n3c(=O)n(CC(=O)O)c4ccccc43)CC2)C(C)C)c1,5.77
OPRM1,CHEMBL3349284,Fc1ccc2c(c1)[C@]1(CN2)C[C@H]2CC[C@@H](C1)N2C(c1ccccc1Cl)c1ccccc1Cl,5.77
OPRM1,CHEMBL3084672,Cc1cccnc1[C@H]1C[C@H]2CC[C@@H](C1)N2C(c1ccccc1Cl)c1ccccc1Cl,5.77
OPRM1,CHEMBL1728022,CN(CCNC(=O)c1ccc(CNS(=O)(=O)c2ccc([N+](=O)[O-])cc2)cc1)Cc1ccccc1,5.77
OPRM1,CHEMBL219916,O=c1[nH]c2ccccc2n1CCCN1CCC(n2c(=O)[nH]c3cc(Cl)ccc32)CC1,5.77
OPRM1,CHEMBL772,COC(=O)[C@H]1[C@H]2C[C@@H]3c4[nH]c5cc(OC)ccc5c4CCN3C[C@H]2C[C@@H](OC(=O)c2cc(OC)c(OC)c(OC)c2)[C@@H]1OC,5.77
OPRM1,CHEMBL4864537,CC[C@@H]1CN2CC[C@]3(C(=O)Nc4cccc(OC)c43)[C@@H]2C[C@@H]1/C(=C\OC)C(=O)OC,5.77
OPRM1,CHEMBL5289078,CC(C)=CCN1CC[C@@]2(C)c3cc(O)ccc3C[C@H]1[C@H]2C,5.77
OPRM1,CHEMBL723,COc1ccccc1OCCNCC(O)COc1cccc2[nH]c3ccccc3c12,5.77
OPRM1,CHEMBL926,CC(CCc1ccc(O)cc1)NCCc1ccc(O)c(O)c1,5.77
OPRM1,CHEMBL5960836,CN(C)[C@]1(c2ccccc2)CC[C@]2(CC1)CN(c1cnc(C(=O)NCCO)nc1)C(=O)N2,5.77
OPRM1,CHEMBL5805308,CN(C)[C@]1(c2ccccc2)CC[C@]2(CC1)CN(c1cnc(-n3ncc4ccccc43)nc1)C(=O)N2,5.77
OPRM1,CHEMBL115076,O=C(OCc1cc2c(cc1Cl)OCO2)N1CCC2(CC1)C(=O)NCN2c1ccccc1,5.76
OPRM1,CHEMBL326370,C[C@@H]1C2Cc3ccc(O)cc3[C@]1(C)CCN2,5.76
OPRM1,CHEMBL384227,CC(=O)N[C@@H](Cc1ccccc1)C(=O)N[C@@H](Cc1ccccc1)C(=O)N[C@@H](Cc1ccccc1)C(=O)N[C@@H](CCCN=C(N)N)C(=O)N[C@@H](CC(C)C)C(=O)N[C@@H](CCCN=C(N)N)C(=O)N[C@@H](CCCN=C(N)N)C(=O)N[C@@H](C)C(=O)N[C@@H](CCCN=C(N)N)C(=O)N1CCC[C@H]1C(=O)N[C@@H](CCCCN)C(N)=O,5.76
OPRM1,CHEMBL14653,CC(=O)c1ccc(-c2cccn(C(CN3CCC(O)C3)c3ccccc3)c2=O)cc1,5.76
OPRM1,CHEMBL233323,OC1(c2cccs2)CCN(C(c2ccccc2)c2ccccc2)CC1,5.76
OPRM1,CHEMBL3394006,O=C(Nc1nc2ccccc2n1CCN1CC[C@H](O)C1)c1ccc(Cl)cc1,5.76
OPRM1,CHEMBL3590195,Cc1ccc(S(=O)(=O)N2CCc3cc(C(=O)NCCN(Cc4ccccc4)C(C)(C)C)ccc3C2)cc1,5.76
OPRM1,CHEMBL3754166,C=CCN(CC=C)CCc1c[nH]c2ccc(Br)cc12,5.76
OPRM1,CHEMBL3950863,Oc1ccc(CCN(CCc2ccccc2)CC2CC2)cc1,5.76
OPRM1,CHEMBL3698769,CNC(=O)c1nc2ccccc2n(C2CCN(C3CCCCCCC3)CC2)c1=O,5.76
OPRM1,CHEMBL4290635,CC(=O)N[C@@H](Cc1ccccc1)C(=O)N[C@@H](Cc1ccccc1)C(=O)N[C@@H](Cc1ccccc1)C(=O)N[C@@H](CCCNC(=N)N)C(=O)N[C@@H](CC(C)C)C(=O)N[C@@H](CCCNC(=N)N)C(=O)N[C@@H](CCCNC(=N)N)C(=O)N[C@H](C)C(=O)N[C@@H](CCCNC(=N)N)C(=O)N1CCC[C@H]1C(=O)N[C@@H](CCCCN)C(N)=O,5.76
OPRM1,CHEMBL5425944,Clc1cccc(N2CCN(CCCOC3(c4ccccn4)CCOCC3)CC2)c1Cl,5.76
OPRM1,CHEMBL5845510,CN(CCO)c1ncc2cc(N3C[C@]4(CC[C@](c5ccccc5)(N(C)C)CC4)NC3=O)ccc2n1,5.76
OPRM1,CHEMBL5940684,CN(C)[C@]1(c2ccccc2)CC[C@]2(CC1)CN(c1cccc3c1CC(=O)N3)C(=O)N2,5.76
OPRM1,CHEMBL5984028,CNC(=O)CN1C[C@]2(CC[C@](c3ccccc3)(N(C)CC(C)C)CC2)N(CC2CCC2)C1=O,5.76
OPRM1,CHEMBL431445,N[C@@H](c1cccc(F)c1)[C@@H]1CCN1C(c1ccccc1)c1ccccc1,5.75
OPRM1,CHEMBL432301,C[C@H](NC(=O)c1c(CN2CCC(N)CC2)c(-c2ccccc2)nc2ccccc12)C1CCCCC1,5.75
OPRM1,CHEMBL200695,O=C1NCN(c2ccccc2)C12CCN([C@@H]1CCCC[C@@]1(O)c1cccnc1)CC2,5.75
OPRM1,CHEMBL240895,O=C1NCN(c2ccccc2)C12CCN(Cc1ccccn1)CC2,5.75
OPRM1,CHEMBL501088,O=C1N(CCNCC2CCCCC2)CN(c2ccccc2)C12CCN(C(c1ccccc1Cl)c1ccccc1Cl)CC2,5.75
OPRM1,CHEMBL551536,CN(Cc1ccccc1)C(=O)c1ccc(C2=CC3(CCNCC3)Oc3ccccc32)cc1,5.75
OPRM1,CHEMBL1086622,CNC(=O)Cn1c(=O)n(C2CCN(C3CCCCCC3)CC2)c2ccccc21,5.75
OPRM1,CHEMBL1650848,CC1CN(c2nc3ccccc3n2C2CCN(C3(CO)CCCCCCC3)CC2)CCN1,5.75
OPRM1,CHEMBL3323523,CCOC(=O)N1CCN(C(=O)Cc2ccc(Cl)c(Cl)c2)C2C(N3CCCC3)CCCC21,5.75
OPRM1,CHEMBL3393991,O=C(Nc1nc2ccccc2n1CCN1CCCC1)c1ccc(Cl)c(Cl)c1,5.75
OPRM1,CHEMBL3698796,O=C(O)c1ccc(CNC(=O)c2nc3ccccc3n([C@H]3C[C@H]4CC[C@@H](C3)N4C3CCCCCCC3)c2=O)cc1,5.75
OPRM1,CHEMBL3698828,CC(C)CC(C)N1[C@@H]2CC[C@H]1C[C@@H](n1c(=O)c(C(=O)O)nc3ccccc31)C2,5.75
OPRM1,CHEMBL4111263,COc1ccc2c3c1O[C@H]1[C@@]4(OC)CC[C@@]5(C[C@@H]4COCc4ccc(Cc6nn[nH]n6)cc4)[C@@H](C2)N(CC2CC2)CC[C@]315,5.75
OPRM1,CHEMBL4170683,FCC[C@@H]1Cc2ccccc2C2(CCC(N3CCN(C4CCCCC4)CC3)CC2)O1,5.75
OPRM1,CHEMBL4214973,O=c1[nH]c2c(Cl)c(Cl)cc(Cl)c2n1C1CCN(Cc2ccc(Br)cc2F)CC1,5.75
OPRM1,CHEMBL4649733,O=C(CCc1ccccc1)N1CC[C@]23Cc4nc5ccccc5cc4C[C@@]2(O)[C@H]1Cc1ccc(O)cc13,5.75
OPRM1,CHEMBL4761794,C[C@@H]1OC2(CCN(CCc3ccccc3)CC2)CN(C)C1=O,5.75
OPRM1,CHEMBL4787539,CC[C@H](C)[C@H](NC(=O)[C@H](CCCNC(=N)N)NC(=O)[C@H](CC(C)C)NC(=O)[C@H](Cc1ccccc1)NC(=O)CNC(=O)CNC(=O)[C@@H](C)Cc1c(C)cc(O)cc1C)C(=O)N[C@@H](CCCNC(=N)N)C(=O)N1CCC[C@H]1C(=O)N[C@@H](CCCCN)C(=O)O,5.75
OPRM1,CHEMBL5169420,CN(CCCNC(=O)c1cc2ccccc2o1)Cc1ccccc1,5.75
OPRM1,CHEMBL338667,O=C(Nc1ccccc1)OCC(CN1CCCCC1)OC(=O)Nc1ccccc1,5.75
OPRM1,CHEMBL24072,CC(Cc1ccccc1)NCCC(c1ccccc1)c1ccccc1,5.75
OPRM1,CHEMBL1558,COc1cc2nc(N3CCN(C(=O)c4ccco4)CC3)nc(N)c2cc1OC.Cl,5.75
OPRM1,CHEMBL5770312,CN(CCO)c1ncc(N2C[C@]3(CC[C@](c4ccccc4)(N(C)C)CC3)NC2=O)cc1C(F)(F)F,5.75
OPRM1,CHEMBL108893,CCCCC(c1ccccc1)N1CC[C@H]1[C@H](N)c1cccc(Cl)c1,5.74
OPRM1,CHEMBL551072,COc1ccc2c(c1)[C@]13CCN(C)C[C@@]1(C2)Cc1c([nH]c2ccccc12)C3,5.74
OPRM1,CHEMBL1223816,NC(=O)c1cccc(O[C@H]2C[C@H]3CC[C@@H](C2)N3CC2CCCCC2)c1,5.74
OPRM1,CHEMBL1258279,NC(=O)c1cccc(O[C@@H]2C[C@H]3CC[C@@H](C2)N3CC2CCCCC2)c1,5.74
OPRM1,CHEMBL3704620,CS(=O)(=O)NCCN1CCC[C@H]1Cc1nc2ccccc2n1[C@H]1C[C@H]2CCC[C@@H](C1)N2[C@@H]1C[C@@H]2CCCC[C@@H](C2)C1,5.74
OPRM1,CHEMBL3895828,COCCO[C@H]1C=CC2C3Cc4ccc(OC)c5c4[C@@]2(CCN3C)C1O5,5.74
OPRM1,CHEMBL107360,c1ccc2c(c1)CCc1ccccc1N2C1CN2CCC1CC2,5.74
OPRM1,CHEMBL5891665,COCCO[C@H]1C=CC2[C@H](N(C)C)Cc3ccc(OC)c4c3[C@@]2(C)[C@H]1O4,5.74
OPRM1,CHEMBL5942348,CN(C)[C@]1(c2ccccc2)CC[C@]2(CC1)CN(c1ccc(C#N)cn1)C(=O)N2,5.74
OPRM1,CHEMBL5770360,CN(C)[C@]1(c2ccccc2)CC[C@@]2(CC1)CN(CC(N)=O)C(=O)N2,5.74
OPRM1,CHEMBL10188,CC[C@H](NC(=O)c1c(O)c(-c2ccccc2)nc2ccccc12)c1ccccc1,5.73
OPRM1,CHEMBL213683,CCCC1CNC(=O)C12CCN(C1(c3ccccc3)CCCCC1)CC2,5.73
OPRM1,CHEMBL412290,CC(C)C1CCC(N2CCC3(CC2)C(=O)N(Cc2ccccc2)Cc2cc(F)ccc23)CC1,5.73
OPRM1,CHEMBL461571,Cc1c(C(=O)c2ccc(Cl)cc2)c2ccc(OC(F)(F)F)cc2n1Cc1cccc(O[C@H](C)C(=O)O)c1,5.73
OPRM1,CHEMBL416647,COc1ccc2c(c1O)[C@]13CCN(C)[C@H](C2)[C@]1(O)Cc1c([nH]c2ccccc12)C3,5.73
OPRM1,CHEMBL3647961,O=C(O)c1nc2ccccc2n([C@H]2C[C@H]3CCC[C@@H](C2)N3C23CCCC(CCC2)C3)c1=O,5.73
OPRM1,CHEMBL3695276,NC(=O)[C@@H]1CCCN1c1nc2ccccc2n(C2CCN(C3CCCCCCC3)CC2)c1=O,5.73
OPRM1,CHEMBL3698801,O=C(O)c1nc2ccccc2n([C@H]2C[C@H]3CC[C@@H](C2)N3C23CC4CC(CC2C4)C3)c1=O,5.73
OPRM1,CHEMBL3704627,CS(=O)(=O)NCCN1CC[C@@H](Cc2nc3ccccc3n2[C@H]2C[C@H]3CCC[C@@H](C2)N3[C@@H]2C[C@@H]3CCCC[C@@H](C3)C2)C1,5.73
OPRM1,CHEMBL4108425,COCCOCCOCCOCCOCCO[C@H]1CC[C@@]2(O)C3Cc4ccc(OC)c5c4[C@@]2(CCN3C)[C@H]1O5,5.73
OPRM1,CHEMBL5944388,COCCOCCOCCOCCOCCO[C@H]1CC[C@@]2(O)C3Cc4ccc(CO)c5c4[C@@]2(CCN3C)[C@H]1O5,5.73
OPRM1,CHEMBL5928881,CN(C)[C@@H](CNC(=O)NC[C@@H](O)c1cnn(C)c1)Cc1ccccc1,5.73
OPRM1,CHEMBL5977661,CN(C)[C@]1(c2ccccc2)CC[C@]2(CC1)CN(c1ccccc1C#N)C(=O)N2,5.73
OPRM1,CHEMBL190030,CN(C(=O)Cc1cccc(CNS(C)(=O)=O)c1)[C@H](CN1CCCC1)c1ccccc1,5.72
OPRM1,CHEMBL412301,COc1ccc2c3c1O[C@H]1[C@@H](OC)C=C[C@H]4[C@@H](C2)N(C)CC[C@@]341,5.72
OPRM1,CHEMBL499169,CC(C)N(CCN1CN(c2ccccc2)C2(CCN(C(c3ccccc3Cl)c3ccccc3Cl)CC2)C1=O)C(C)C,5.72
OPRM1,CHEMBL1087370,CNC(=O)Cn1c(=O)n(C2CCN(CC3CCCCC3)CC2)c2ccccc21,5.72
OPRM1,CHEMBL1257458,Cc1ccc([C@@H](C)N2[C@@H]3CC[C@H]2C[C@H](Oc2cccc(C(N)=O)c2)C3)cn1,5.72
OPRM1,CHEMBL1511139,CC(=O)c1ccc(S(=O)(=O)NCc2ccc(C(=O)NCC(c3ccccc3)N(C)C)cc2)cc1,5.72
OPRM1,CHEMBL1762386,Cc1cc(N)c2cc(NC(=O)c3ccccc3COc3ccc(CNCCCCCCCCNCc4ccc(OCc5ccccc5C(=O)Nc5ccc6nc(C)cc(N)c6c5)cc4)cc3)ccc2n1,5.72
OPRM1,CHEMBL3890935,CC[C@H]1C(=O)C[C@@H]2CCN(CC3CCCCC3)[C@@H]3CCC[C@H]1[C@@H]23,5.72
OPRM1,CHEMBL3695266,CS(=O)(=O)NC1CCN(c2nc3ccccc3n(C3CCN(C4CCCCCCC4)CC3)c2=O)CC1,5.72
OPRM1,CHEMBL3698774,CONC(=O)c1nc2ccccc2n(C2CCN(C3CCCCCCC3)CC2)c1=O,5.72
OPRM1,CHEMBL3698775,O=C(NOCc1ccccc1)c1nc2ccccc2n(C2CCN(C3CCCCCCC3)CC2)c1=O,5.72
OPRM1,CHEMBL4109078,COCCOCCOCCOCCOCCOCCO[C@H]1CC[C@@]2(O)C3Cc4ccc(OC)c5c4[C@@]2(CCN3C)[C@H]1O5,5.72
OPRM1,CHEMBL3924824,CN(C)C1(c2ccccc2)CCC(O)(c2ccccc2)CC1,5.72
OPRM1,CHEMBL4442534,N=C(N)NCCC[C@H](NC(=O)C12CC3CC(CC(C3)C1)C2)C(=O)N[C@@H](Cc1ccccc1)C(=O)N[C@@H](CCCCNC(=O)[C@H](Cc1ccccc1)NC(=O)[C@H](Cc1ccccc1)NC(=O)[C@@H]1CCCN1C(=O)[C@@H](N)Cc1ccc(O)cc1)C(N)=O,5.72
OPRM1,CHEMBL1201284,C[C@@H](NCCCc1cccc(C(F)(F)F)c1)c1cccc2ccccc12,5.72
OPRM1,CHEMBL415,CN(C)CCCN1c2ccccc2CCc2ccc(Cl)cc21,5.72
OPRM1,CHEMBL5418969,Cc1ccc2cc(C(=O)NCC(c3ccccc3Cl)N(C)C)sc2c1,5.72
OPRM1,CHEMBL4458783,Cc1ccc(CSc2nnc(-c3ccccn3)n2Cc2ccco2)cc1C(F)(F)F,5.72
OPRM1,CHEMBL5768330,COCCOCCOCCOCCOCCOCCO[C@H]1CC[C@@]2(O)C3Cc4ccc(CO)c5c4[C@@]2(CCN3C)[C@H]1O5,5.72
OPRM1,CHEMBL6024877,CN(Cc1ccccc1)c1ncc(N2C[C@]3(CC[C@](c4ccccc4)(N(C)C)CC3)NC2=O)cn1,5.72
OPRM1,CHEMBL316961,N[C@@H](c1cccc(C(F)(F)F)c1)[C@@H]1CCN1C(c1ccccc1)c1ccccc1,5.71
OPRM1,CHEMBL108995,CCCCCC(c1ccccc1)N1CC[C@H]1[C@H](N)c1cccc(Cl)c1,5.71
OPRM1,CHEMBL2115429,Cc1cc(O)cc(C)c1C[C@@H](N)C(=O)N1Cc2cc(-c3ccccc3)ccc2C[C@H]1C(=O)O,5.71
OPRM1,CHEMBL2370989,NC(=O)[C@@H](CCC(=O)O)NC(=O)[C@H](Cc1ccccc1)NC(=O)[C@H](Cc1ccccc1)NC(=O)[C@@H]1Cc2ccccc2CN1C(=O)[C@@H](N)Cc1ccc(O)cc1,5.71
OPRM1,CHEMBL570645,CCN(CC)C(=O)c1ccc(N(c2cccc(OC)c2)C2CCN(CCc3cccs3)CC2)cc1,5.71
OPRM1,CHEMBL1257579,C[C@H](c1ccc(Cl)nc1)N1[C@@H]2CC[C@H]1C[C@H](Oc1cccc(C(N)=O)c1)C2,5.71
OPRM1,CHEMBL3698799,O=C(O)c1ccc(CNC(=O)c2nc3ccccc3n([C@H]3C[C@H]4CC[C@@H](C3)N4C3CCCCCCC3)c2=O)nc1,5.71
OPRM1,CHEMBL2448883,COc1ccc2c3c1O[C@H]1[C@@H](O)C=CC4[C@@H](C2)N(C)CC[C@@]341,5.71
OPRM1,CHEMBL3932459,COCC[C@H]1C[C@@]2(O)[C@H]3Cc4ccc(OC)cc4[C@@]2(CCN3CC2CC2)CC1=O,5.71
OPRM1,CHEMBL20226,CC(C)[C@H](NC(=O)[C@H](CCC(=O)O)NC(=O)[C@H](Cc1ccccc1)NC(=O)[C@@H](C)NC(=O)[C@@H](N)Cc1ccc(O)cc1)C(=O)N[C@H](C(=O)NCC(N)=O)C(C)C,5.71
OPRM1,CHEMBL5090537,COc1ccsc1CNCC[C@@]1(c2ccccn2)CCO[C@@]2(CCOC2)C1,5.71
OPRM1,CHEMBL5090249,CC(=O)N[C@@H](Cc1ccccc1)C(=O)N[C@H]1Cc2cccc(c2)OC/C=C/COc2ccc(cc2)C[C@@H](C(=O)N[C@@H](CCCNC(=N)N)C(=O)N[C@@H](CC(C)C)C(=O)N[C@@H](CCCNC(=N)N)C(=O)N[C@@H](CCCNC(=N)N)C(=O)N[C@H](C)C(=O)N[C@@H](CCCNC(=N)N)C(=O)N2CCC[C@H]2C(=O)N[C@@H](CCCCN)C(N)=O)NC1=O,5.71
OPRM1,CHEMBL570,CN(C)CCCN1c2ccccc2Sc2ccc(C(F)(F)F)cc21,5.71
OPRM1,CHEMBL5797988,COc1ccc2c3c1O[C@H]1[C@@H](O)C=CC([C@H](N(C)C)C2)[C@@]31C,5.71
OPRM1,CHEMBL5746134,CN(C)[C@]1(c2ccccc2)CC[C@]2(CC1)CN(c1cnc(NCCO)nc1)C(=O)N2,5.71
OPRM1,CHEMBL6034765,Cc1nc(N2CCOCC2)ncc1N1C[C@]2(CC[C@](c3cccs3)(N(C)C)CC2)NC1=O,5.71
OPRM1,CHEMBL5960219,Cc1cc(C(F)(F)F)ncc1N1C[C@]2(CC[C@](c3ccccc3)(N(C)C)CC2)N(CC(=O)N(C)C)C1=O,5.71
OPRM1,CHEMBL5746059,CN(C)[C@]1(c2ccccc2)CC[C@]2(CC1)CN(c1cnc(N3CCC3)c(C(F)(F)F)c1)C(=O)N2,5.71
OPRM1,CHEMBL5946499,CN(C)[C@]1(c2ccccc2)CC[C@]2(CC1)CN(CC(=O)Nc1ccccc1)C(=O)N2,5.71
OPRM1,CHEMBL3707099,C=CCN1[C@H](C)[C@H]2c3ccccc3C[C@H]1c1ccccc12,5.7
OPRM1,CHEMBL98324,C=C(C)CN1CCC23c4c5ccc(O)c4O[C@H]2C(=O)C2(Cc4ccccc4C2)C[C@@]3(O)C1C5,5.7
OPRM1,CHEMBL378633,c1cnc2[nH]cc(C3CCN(CC4CCCCCCC4)CC3)c2c1,5.7
OPRM1,CHEMBL490632,COc1c(OCCF)cccc1C(=O)C1CCN(CCc2ccc(C)cc2)CC1,5.7
OPRM1,CHEMBL1642752,NC(=O)c1ccc2c(c1)CCCN2c1cccc(C(=O)NCCC2=CCCCC2)c1,5.7
OPRM1,CHEMBL1762401,CCCCCCCNCc1ccc(OCc2ccccc2C(=O)Nc2ccc3nc(C)cc(N)c3c2)cc1,5.7
OPRM1,CHEMBL2418738,COc1ccc2c3c1O[C@H]1[C@@H](O)[C@H](C)C[C@H]4[C@@H](C2)N(C)CC[C@@]341,5.7
OPRM1,CHEMBL3426794,CC1(C)CC(=O)C2=C(C1)OC1=C(C(=O)CC(C)(C)C1)C2c1ccc(OCc2ccc(F)cc2)cc1,5.7
OPRM1,CHEMBL3426799,CC1(C)CC(=O)C2=C(C1)OC1=C(C(=O)CC(C)(C)C1)C2c1ccc(OCc2ccccc2OC(F)(F)F)cc1,5.7
OPRM1,CHEMBL3695255,O=C(O)CNC(=O)CNc1nc2ccccc2n([C@H]2C[C@H]3CC[C@@H](C2)N3C2CCCCCCC2)c1=O,5.7
OPRM1,CHEMBL4472703,CC[C@H]1c2cc(OC)ccc2CC[C@@]1(C)N,5.7
OPRM1,CHEMBL4442460,COc1ccccc1N1CCN(CCCNC(=O)NN(Cc2ccccc2)c2ccccc2)CC1,5.7
OPRM1,CHEMBL28218,O=C(CCCN1CCC(O)(c2ccc(Br)cc2)CC1)c1ccc(F)cc1,5.7
OPRM1,CHEMBL253371,CCN(CCCc1ccccc1)CCCc1ccccc1,5.7
OPRM1,CHEMBL5973320,CCN(C)[C@]1(c2ccccc2)CC[C@]2(CC1)CN(c1cnc(C#N)nc1OC)C(=O)N2CC1CCC1,5.7
OPRM1,CHEMBL5825930,CN(C)[C@]1(c2ccccc2)CC[C@]2(CC1)CN(c1cnc(N3CCCC3)nc1)C(=O)N2,5.7
OPRM1,CHEMBL5875971,CN(C)[C@]1(c2ccccc2)CC[C@]2(CC1)CN(c1cnc(N3CCN(CCO)CC3)nc1)C(=O)N2,5.7
OPRM1,CHEMBL3707085,C[C@@H]1[C@H]2c3cc(Br)ccc3C[C@@H](c3ccc(Br)cc32)N1CC1CC1,5.69
OPRM1,CHEMBL541124,CCOC(=O)C1(c2ccc(Cl)c(Cl)c2)CCN(C)CC1.Cl,5.69
OPRM1,CHEMBL536952,CCOC(=O)C1(c2ccc3ccccc3c2)CCN(C)CC1.Cl,5.69
OPRM1,CHEMBL1698780,CCN(CCNC(=O)c1ccc(CNS(=O)(=O)c2ccccc2)cc1)Cc1ccccc1,5.69
OPRM1,CHEMBL3099899,COc1ccc(CNC(=O)c2cc(-c3cc(Cl)cc(Cl)c3)cnc2-c2cccnc2)cc1OC,5.69
OPRM1,CHEMBL3361418,N=C(N)NCC(=O)NCC1(Nc2cccc3ccccc23)CCN(Cc2ccccc2)CC1,5.69
OPRM1,CHEMBL3746843,CO[C@]12C=C[C@@]3([C@@H]4C(=O)N(CCCCCCN)C(=O)[C@@H]41)[C@H]1Cc4ccc(O)c5c4[C@@]3(CCN1C)[C@H]2O5.Cl.Cl,5.69
OPRM1,CHEMBL3698899,O=C(O)c1nc2ccccc2n([C@H]2C[C@H]3CCC[C@@H](C2)N3C2CCCCCCCCC2)c1=O,5.69
OPRM1,CHEMBL3698834,CN(C)c1nc2ccccc2n(C2CCN(C3CCCCCCC3)CC2)c1=O,5.69
OPRM1,CHEMBL5755927,Cc1cc(N2CCNC(=O)C2)ncc1N1C[C@]2(CC[C@](c3ccccc3)(N(C)C)CC2)NC1=O,5.69
OPRM1,CHEMBL61212,O=c1c(-c2ccc(Cl)c(Cl)c2)cccn1C(CN1CCCC1)c1ccccc1,5.68
OPRM1,CHEMBL14969,O=c1c(-c2ccc(Cl)cc2Cl)cccn1C(CN1CCCC1)c1ccccc1,5.68
OPRM1,CHEMBL270133,CC(C)C1CCC(N2CCC3(CC2)C(=O)N(C)Cc2cccc(F)c23)CC1,5.68
OPRM1,CHEMBL3349281,CC(=O)NC[C@@]1(c2ccc(F)cc2)C[C@H]2CC[C@@H](C1)N2C(c1ccccc1Cl)c1ccccc1Cl,5.68
OPRM1,CHEMBL569084,CCN(CC)C(=O)c1ccc(N(c2cccc(OC)c2)C2CCN(CCc3ccccc3)CC2)cc1,5.68
OPRM1,CHEMBL3698848,O=C1CN(c2nc3ccccc3n(C3CCN(C4CCCCCCC4)CC3)c2=O)CCN1,5.68
OPRM1,CHEMBL3695271,CC(=O)N[C@@H]1CCN(c2nc3ccccc3n(C3CCN(C4CCCCCCC4)CC3)c2=O)C1,5.68
OPRM1,CHEMBL3698750,O=c1c(NC[C@H](O)CO)nc2ccccc2n1C1CCN(C2CCCCCCC2)CC1,5.68
OPRM1,CHEMBL4111457,COc1ccc2c(c1)[C@]13CCN(CC4CC4)[C@H](C2)C1C[C@H](OCC(C)C)C(=O)C3,5.68
OPRM1,CHEMBL4466483,FC(F)(F)c1cc(Oc2nccc3ccsc23)ccc1-c1cccc2nccn12,5.68
OPRM1,CHEMBL55,N=C(N)c1ccc(OCCCCCOc2ccc(C(=N)N)cc2)cc1,5.68
OPRM1,CHEMBL5400356,FC(F)(F)c1cccc(N2CCN(CCCOC3(c4ccccn4)CCOCC3)CC2)n1,5.68
OPRM1,CHEMBL5542917,NC(=O)[C@@H]1CCCN1C(=O)[C@H]1CC(=O)NCCCC[C@@H](NC(=O)[C@@H](N)Cc2ccc(O)cc2)C(=O)N2CCC[C@H]2C(=O)N[C@@H](Cc2ccccc2)C(=O)N1,5.68
OPRM1,CHEMBL5858853,COCCN1C(=O)N(c2cnc(C#N)nc2OC)C[C@]12CC[C@](c1ccccc1)(N(C)C)CC2,5.68
OPRM1,CHEMBL5886434,CN(C)[C@]1(c2ccccc2)CC[C@]2(CC1)CN(c1c(F)cc(C(N)=O)cc1F)C(=O)N2,5.68
OPRM1,CHEMBL106084,CCCCCC(c1ccccc1)N1CC[C@H]1[C@@H](N)c1cccc(Cl)c1,5.67
OPRM1,CHEMBL282376,CCCC1CCC(N2CCC(N3C(=O)N(CC)[C@@H]4CCCC[C@H]43)CC2)CC1,5.67
OPRM1,CHEMBL44732,Cc1cc(O)cc(C)c1CC(N)C(=O)N1Cc2cc(O)ccc2C[C@H]1C(=O)O,5.67
OPRM1,CHEMBL389665,Cc1ccccc1C(c1ccccc1C)N1CCC(O)(c2ccccc2)CC1,5.67
OPRM1,CHEMBL30008,Fc1ccc(C(c2ccc(F)cc2)N2CCN(C/C=C/c3ccccc3)CC2)cc1,5.67
OPRM1,CHEMBL2205825,COc1ccc(CN2C3C4C5CC6C7C5C3C7C2(O)C64)cc1,5.67
OPRM1,CHEMBL2432059,CN(CCc1ccccn1)[C@H]1C2C3CC4C5C3CC2C5C41,5.67
OPRM1,CHEMBL3698773,O=C(Nc1ccc(=O)[nH]c1)c1nc2ccccc2n(C2CCN(C3CCCCCCC3)CC2)c1=O,5.67
OPRM1,CHEMBL4209504,COc1ccc2c(c1)[nH]c(=O)n2C1CCN(Cc2ccccc2Cl)CC1,5.67
OPRM1,CHEMBL5415451,CCc1cc(Cl)c(OC)c(N2CCN(CCCCc3cn(CCC(C(=O)N(C)C)(c4ccccc4)c4ccccc4)nn3)CC2)c1,5.67
OPRM1,CHEMBL5908743,O=c1c(P(=O)(O)O)nc2ccccc2n1[C@H]1C[C@H]2CCC[C@@H](C1)N2C1CCCCCCC1,5.67
OPRM1,CHEMBL5862254,Cc1cc(C(F)(F)F)ncc1N1C[C@]2(CC[C@](c3cccs3)(N(C)C)CC2)NC1=O,5.67
OPRM1,CHEMBL5878322,CN(C)[C@]1(c2ccccc2)CC[C@]2(CC1)CN(c1cccc3nc(O)oc13)C(=O)N2,5.67
OPRM1,CHEMBL321462,N[C@H](c1cccc(Cl)c1)[C@@H]1CCN1C(c1ccc(F)cc1)c1ccc(F)cc1,5.66
OPRM1,CHEMBL357076,CCn1c(=O)n([C@@H]2CCN(CC3CCCCCCC3)C[C@H]2CO)c2ccccc21,5.66
OPRM1,CHEMBL200883,O=C1NCN(c2ccc(Cl)cc2)C12CCN([C@@H]1CCCC[C@@]1(O)c1ccc(F)cc1)CC2,5.66
OPRM1,CHEMBL373198,COc1cccc([C@]2(O)CCCC[C@H]2N2CCC3(CC2)C(=O)NCN3c2ccccc2)c1,5.66
OPRM1,CHEMBL200728,CCCCCN1CNC(=O)C12CCN([C@H]1CCCC[C@H]1c1ccccc1)CC2,5.66
OPRM1,CHEMBL1762403,CCCCCCCCCNCc1ccc(OCc2ccccc2C(=O)Nc2ccc3nc(C)cc(N)c3c2)cc1,5.66
OPRM1,CHEMBL3323526,COC(=O)CC(=O)N1CCN(C(=O)Cc2ccc(Cl)c(Cl)c2)C2C(N3CCCC3)CCCC21,5.66
OPRM1,CHEMBL3665419,O=c1[nH]c2ccccc2n(C2CCN(C3CCCCCCC3)CC2)c1=O,5.66
OPRM1,CHEMBL2107572,COc1cccc([C@@H](C)NCCCc2ccccc2Cl)c1.Cl,5.66
OPRM1,CHEMBL5557408,Cl.O=C(CCN1CCCCC1)NCC1(Cc2cccc3ccccc23)CCN(Cc2ccccc2)CC1,5.66
OPRM1,CHEMBL5575787,CCCC[C@@H]1NC(=O)[C@H](NC(=O)[C@@H](N)Cc2ccc(O)cc2)CCCCNC(=O)C[C@H](C(=O)N2CCC[C@H]2C(N)=O)NC(=O)[C@H](Cc2ccccc2)NC1=O,5.66
OPRM1,CHEMBL5912597,Cc1ccccc1N1C[C@]2(CC[C@](c3ccccc3)(N(C)C)CC2)NC1=O,5.66
OPRM1,CHEMBL5962458,CN(C)[C@]1(c2ccccc2)CC[C@]2(CC1)CN(c1cccc3[nH]ccc13)C(=O)N2,5.66
OPRM1,CHEMBL107288,CCCCC(c1ccccc1)N1CC[C@H]1[C@@H](N)c1cccc(Cl)c1,5.65
OPRM1,CHEMBL2112649,CCN(CC)C(=O)c1ccc(C(c2ccc3cc[nH]c3c2)N2CCNCC2)cc1,5.65
OPRM1,CHEMBL275176,COc1ccc(OC)c(-c2cccn(C(CN3CCC(O)C3)c3ccccc3)c2=O)c1,5.65
OPRM1,CHEMBL290106,Oc1c(Cl)cc(Cl)cc1Sc1cc(Cl)cc(Cl)c1O,5.65
OPRM1,CHEMBL3323515,O=C(Cc1ccc(Cl)c(Cl)c1)N1CCN(Cc2ccccn2)C2CCCC(N3CCCC3)C21,5.65
OPRM1,CHEMBL3698869,O=C(O)CN1CC2CN(c3nc4ccccc4n([C@H]4C[C@H]5CC[C@@H](C4)N5C4CCCCCCC4)c3=O)CC2C1,5.65
OPRM1,CHEMBL5512548,CCCCCC(=O)N(c1cccc(OC)c1)C1CCN(CCc2ccccc2)CC1,5.65
OPRM1,CHEMBL5784664,CN(C)[C@]1(c2ccccc2)CC[C@]2(CC1)CN(c1ccccc1S(C)(=O)=O)C(=O)N2,5.65
OPRM1,CHEMBL5831088,CN(C)[C@]1(c2ccccc2)CC[C@]2(CC1)CN(c1ccc(C(N)=O)cc1)C(=O)N2,5.65
OPRM1,CHEMBL5950750,CN(C)[C@]1(c2ccccc2)CC[C@]2(CC1)CN(c1csc(-c3ccccc3)n1)C(=O)N2,5.65
OPRM1,CHEMBL6053193,Cc1cccc(N2C[C@]3(CC[C@](c4ccccc4)(N(C)C)CC3)NC2=O)c1,5.65
OPRM1,CHEMBL325697,O=C(c1cc2cc(Cl)ccc2[nH]1)N1CCN(S(=O)(=O)c2ccc([N+](=O)[O-])cc2[N+](=O)[O-])CC1,5.64
OPRM1,CHEMBL420500,O=C(OCc1ccc2c(c1)OCO2)N1CCC2(CC1)C(=O)NCN2c1ccccc1,5.64
OPRM1,CHEMBL63477,CCN(CC)C(=O)c1ccc(/C(=C2/C[C@H]3CC[C@@H](C2)N3)c2ccccc2)cc1,5.64
OPRM1,CHEMBL127507,CCN(CC)C(=O)c1ccc(C(c2ccccc2)N2CCCNCC2)cc1,5.64
OPRM1,CHEMBL297452,COc1ccc2c(c1)CN(C(=O)C(N)Cc1c(C)cc(O)cc1C)[C@H](C(=O)O)C2,5.64
OPRM1,CHEMBL192734,CN(C(=O)Cc1cccc(CN)c1)[C@H](CN1CCCC1)c1ccccc1,5.64
OPRM1,CHEMBL433814,CCC(c1ccccc1)N1CCC(O)(c2ccccc2)CC1,5.64
OPRM1,CHEMBL474091,CCN1CN(c2ccccc2)C2(CCN(C(c3ccccc3)c3ccccc3)CC2)C1=O,5.64
OPRM1,CHEMBL1214049,Cc1cc(O)cc(C)c1C[C@@H](C(=O)N1Cc2ccccc2C[C@H]1C(=O)O)N(C)C,5.64
OPRM1,CHEMBL808,Clc1ccc(COC(Cn2ccnc2)c2ccc(Cl)cc2Cl)cc1,5.64
OPRM1,CHEMBL2413795,CN(C)[C@H]1CCCC[C@@H]1OCCCc1ccccc1,5.64
OPRM1,CHEMBL3325696,Cc1nn(-c2ccccc2Cl)c2c1C(=O)CC(C)(C)C2,5.64
OPRM1,CHEMBL3323513,CCCCN1CCN(C(=O)Cc2ccc(Cl)c(Cl)c2)C2C(N3CCCC3)CCCC21,5.64
OPRM1,CHEMBL3695257,COC(=O)C1CCN(c2nc3ccccc3n(C3CCN(C4CCCCCCC4)CC3)c2=O)CC1,5.64
OPRM1,CHEMBL4544086,COc1ccccc1N1CCN(CCCNC(=O)NN(Cc2ccc(F)cc2)c2ccccc2)CC1,5.64
OPRM1,CHEMBL5398167,CN(C)C(CNC(=O)c1cc2ccccc2s1)c1cccc(Cl)c1,5.64
OPRM1,CHEMBL5415691,CCC1(CC)CC(OCCCN2CCN(c3cccc(Cl)c3Cl)CC2)(c2ccccn2)CCO1,5.64
OPRM1,CHEMBL5752452,CN(C)[C@H](CNC(=O)Cc1ccc([N+](=O)[O-])s1)Cc1ccccc1,5.64
OPRM1,CHEMBL5816181,CN(C)[C@]1(c2ccccc2)CC[C@]2(CC1)CN(c1cccc3ncsc13)C(=O)N2,5.64
OPRM1,CHEMBL5778534,CN(C)[C@H](CNC(=O)NCCN1C(=O)C2C3C=CC(O3)C2C1=O)Cc1ccc(O)cc1,5.64
OPRM1,CHEMBL6141816,C/C=C1/C[N+]2(Cc3ccccc3)CC[C@]34C(=C(C(=O)OC)[C@H]1C[C@@H]32)Nc1ccccc14.[Br-],5.64
OPRM1,CHEMBL6152274,CC[C@@H](O)C(C[C@@H](C)NC)(c1ccccc1)c1ccccc1,5.64
OPRM1,CHEMBL2369365,CC[C@H](C)[C@H](NC(=O)[C@H](CCCN=C(N)N)NC(=O)[C@H](CCCN=C(N)N)NC(=O)[C@H](CC(C)C)NC(=O)[C@H](Cc1ccccc1)NC(=O)[C@@H]1CCCN1C(=O)CNC(=O)[C@@H](N)Cc1ccc(O)cc1)C(=O)N[C@@H](CCCN=C(N)N)C(=O)N[C@H](CCCN=C(N)N)C(N)=O,5.63
OPRM1,CHEMBL536264,CCOC(=O)C1(c2ccc(I)cc2)CCN(C)CC1.Cl,5.63
OPRM1,CHEMBL226732,COC(=O)[C@@H]1C[C@H](OC(C)=O)C(=O)[C@H]2[C@@]1(C)CC[C@H]1C(=O)O[C@H](C3=C[C@@H](OC)O[C@@H]3OC)C[C@]21C,5.63
OPRM1,CHEMBL411,CC/C(=C(/CC)c1ccc(O)cc1)c1ccc(O)cc1,5.63
OPRM1,CHEMBL1946015,CCN(CC)C(=O)c1ccc(C(=C2CCN(Cc3ccc(F)cc3)CC2)c2cccc(F)c2)cc1,5.63
OPRM1,CHEMBL2205824,COc1cccc(CN2C3C4C5CC6C7C5C3C7C2(O)C64)c1,5.63
OPRM1,CHEMBL3299005,COC(=O)N1CCN(C(=O)Cc2ccc(Cl)c(Cl)c2)[C@H]2[C@H]1CCC[C@@H]2N1CCCC1,5.63
OPRM1,CHEMBL3897499,CCCN1CC[C@H]2c3cc4ccc(C(F)(F)F)cc4nc3[C@H](CC)[C@H]3CCC[C@@H]1[C@@H]32,5.63
OPRM1,CHEMBL3695281,NC(=O)CCNc1nc2ccccc2n(C2CCN(C3CCCCCCC3)CC2)c1=O,5.63
OPRM1,CHEMBL3964571,CC(C)CNC(=O)C[C@H]1C[C@@]2(O)[C@H]3Cc4ccc(O)cc4[C@@]2(CCN3C)CC1=O,5.63
OPRM1,CHEMBL4081523,CCCC(NC(=O)/C(=C/c1ccccc1)CN1CCC(C)(c2cccc(O)c2)C(C)C1)C(=O)O,5.63
OPRM1,CHEMBL76370,CCCCCNC(=N)N/N=C/c1c[nH]c2ccc(OC)cc12,5.63
OPRM1,CHEMBL5909351,CN(C)[C@]1(c2ccccc2)CC[C@]2(CC1)CN(c1cnc(C(N)=O)nc1)C(=O)N2,5.63
OPRM1,CHEMBL6021698,CN(C)[C@]1(c2ccccc2)CC[C@]2(CC1)CN(c1cccc3cnccc13)C(=O)N2,5.63
OPRM1,CHEMBL6055671,COc1ccsc1CNCC[C@]1(c2ccccn2)CCO[C@]2(CCOC2)C1,5.63
OPRM1,CHEMBL125248,CCN(CC)C(=O)c1ccc(C(c2ccccc2)N2CCN(CC3CC3)CC2)cc1,5.62
OPRM1,CHEMBL552659,Cl.Cl.Fc1ccc(C(c2ccc(F)cc2)N2CCN(C/C=C/c3ccccc3)CC2)cc1,5.62
OPRM1,CHEMBL372567,O=C1NCN(c2ccc(F)cc2)C12CCN([C@@H]1CCCC[C@@]1(O)c1ccc(Cl)cc1)CC2,5.62
OPRM1,CHEMBL3349282,COc1ccc([C@]2(CNC(C)=O)C[C@H]3CC[C@@H](C2)N3C(c2ccccc2Cl)c2ccccc2Cl)cc1,5.62
OPRM1,CHEMBL1463894,Cc1ccc(-n2cc(CNC(C)c3cnn(C)c3)c(-c3ccc(F)cc3)n2)cc1,5.62
OPRM1,CHEMBL3393881,O=C(Nc1nc2ccccc2n1CCN1CCCC1)c1ccc(F)cc1,5.62
OPRM1,CHEMBL3698843,CN1CC2CN(c3nc4ccccc4n(C4CCN(C5CCCCCCC5)CC4)c3=O)CC2C1,5.62
OPRM1,CHEMBL3933053,COCCOCCOCCOCCOCCO[C@H]1C=CC2C3Cc4ccc(OC)c5c4[C@@]2(CCN3C)C1O5,5.62
OPRM1,CHEMBL3943194,COc1ccc(Oc2nc(Oc3ccc(OC)cc3)nc(N(C)C3(c4ccccc4)CCC(c4ccccc4)(N(C)C)CC3)n2)cc1,5.62
OPRM1,CHEMBL4756393,CN1Cc2ccc(O)cc2CN2CC[C@@]1(c1ccccc1)C2,5.62
OPRM1,CHEMBL1372950,CO[C@]12C[C@@H](COC(=O)c3cncc(Br)c3)CN(C)[C@@H]1Cc1cn(C)c3cccc2c13,5.62
OPRM1,CHEMBL429,CC(CCc1ccccc1)NCC(O)c1ccc(O)c(C(N)=O)c1,5.62
OPRM1,CHEMBL39560,CC(=O)c1ccc2c(c1)N(CCCN(C)C)c1ccccc1S2,5.62
OPRM1,CHEMBL5407131,CCc1cc(Cl)c(OC)c(N2CCN(Cc3cn(CCC(C(=O)N(C)C)(c4ccccc4)c4ccccc4)nn3)CC2)c1,5.62
OPRM1,CHEMBL5900914,COCCOCCOCCOCCOCCO[C@H]1C=CC2[C@H](N(C)C)Cc3ccc(OC)c4c3[C@@]2(C)[C@H]1O4,5.62
OPRM1,CHEMBL5956403,CN(C)[C@]1(c2ccccc2)CC[C@]2(CC1)CN(c1cnccn1)C(=O)N2,5.62
OPRM1,CHEMBL5905861,CN(C)[C@]1(c2ccccc2)CC[C@]2(CC1)CN(c1cnc(N)nc1)C(=O)N2,5.62
OPRM1,CHEMBL6007185,CN(C)[C@]1(c2ccccc2)CC[C@]2(CC1)CN(c1ccc(S(C)(=O)=O)cc1)C(=O)N2,5.62
OPRM1,CHEMBL5873248,CN(C)[C@]1(c2ccccc2)CC[C@]2(CC1)CN(c1cnc(-n3cc(C4CC4)nn3)nc1)C(=O)N2,5.62
OPRM1,CHEMBL333843,O=C(NCCCn1c(O)nc2ccccc21)OCc1cc2c(cc1Cl)OCO2,5.61
OPRM1,CHEMBL46160,Cc1cc(O)cc(C)c1CC(N)C(=O)N1Cc2cc(-c3cc4ccccc4o3)ccc2C[C@H]1C(=O)O,5.61
OPRM1,CHEMBL228856,OC1(c2ccccc2)CCN(C(c2ccccc2)c2ccc(Br)cc2)CC1,5.61
OPRM1,CHEMBL240870,O=C1NCN(c2ccccc2)C12CCN(C1c3ccccc3CCc3ccccc31)CC2,5.61
OPRM1,CHEMBL1717720,CC(C)N(CCNC(=O)c1ccc(CNS(=O)(=O)c2ccc(C3CCCCC3)cc2)cc1)Cc1ccccc1,5.61
OPRM1,CHEMBL91,Clc1ccc(COC(Cn2ccnc2)c2ccc(Cl)cc2Cl)c(Cl)c1,5.61
OPRM1,CHEMBL361274,N[C@@H](Cc1ccc(O)cc1)C(=O)N1Cc2ccccc2C[C@H]1c1nc(-c2ccccc2)c[nH]1,5.61
OPRM1,CHEMBL3785955,O=C(Cc1ccc(Cl)c(Cl)c1)N1CCN(Cc2cccnc2)C2CCCC(N3CCCC3)C21,5.61
OPRM1,CHEMBL3695263,COC(=O)[C@@H]1CCCN1c1nc2ccccc2n(C2CCN(C3CCCCCCC3)CC2)c1=O,5.61
OPRM1,CHEMBL3704609,CONC(=N)/N=c1\[nH]c2ccccc2n1C1CCN(C2CCCCCCC2)CC1,5.61
OPRM1,CHEMBL3974883,CN(C)CC1(c2ccccc2)CCC(c2ccccc2)(N(C)C)CC1,5.61
OPRM1,CHEMBL4160217,CN(C)[C@H](CNC(=O)c1c[nH]nc1-c1ccccc1)c1cccs1,5.61
OPRM1,CHEMBL4161204,CN(C)[C@H](CNC(=O)C1CCN(C(N)=O)CC1)c1cccs1,5.61
OPRM1,CHEMBL189963,CC(=O)c1c(C)c2cnc(Nc3ccc(N4CCNCC4)cn3)nc2n(C2CCCC2)c1=O,5.61
OPRM1,CHEMBL420762,Cc1ccccc1C(=O)Nc1ccc(C(=O)N2CCCC(N(C)C)c3ccccc32)cc1,5.61
OPRM1,CHEMBL6003009,CN(C)[C@]1(c2cccc(F)c2)CC[C@]2(CC1)CN(CC(C)(C)C(N)=O)C(=O)N2CC1CC1,5.61
OPRM1,CHEMBL6008225,COC(=O)c1cccc(N2C[C@]3(CC[C@](c4ccccc4)(N(C)C)CC3)NC2=O)c1,5.61
OPRM1,CHEMBL5894521,COc1ccc(N2C[C@]3(CC[C@](c4ccccc4)(N(C)C)CC3)NC2=O)cn1,5.61
OPRM1,CHEMBL5997034,CN(C)[C@]1(c2ccccc2)CC[C@]2(CC1)CN(c1cccc(C(F)(F)F)c1)C(=O)N2,5.61
OPRM1,CHEMBL5822926,CN(C)[C@]1(c2ccccc2)CC[C@]2(CC1)CN(c1ncc(F)cn1)C(=O)N2,5.61
OPRM1,CHEMBL320582,N[C@H](c1cccc(Cl)c1)[C@@H]1CCN1C(c1ccc(Br)cc1)c1ccc(Br)cc1,5.6
OPRM1,CHEMBL371266,O=C(Nc1ccccc1F)N1CCC(c2ccccc2)(c2nccn2Cc2ccccc2)CC1,5.6
OPRM1,CHEMBL371966,COc1ccc([C@]2(O)CCCC[C@H]2N2CCC3(CC2)C(=O)NCN3c2ccccc2)cc1,5.6
OPRM1,CHEMBL200053,O=C1NCN(c2ccccc2)C12CCN([C@@H]1CCOC[C@@]1(O)c1ccccc1)CC2,5.6
OPRM1,CHEMBL570446,CCN(CC)C(=O)c1ccc(N(c2cccc(OC)c2)C2CCN(CCc3ccco3)CC2)cc1,5.6
OPRM1,CHEMBL1762383,Cc1cc(N)c2cc(NC(=O)c3ccccc3COc3ccc(CNCCCCCNCc4ccc(OCc5ccccc5C(=O)Nc5ccc6nc(C)cc(N)c6c5)cc4)cc3)ccc2n1,5.6
OPRM1,CHEMBL2022302,COC(=O)[C@@H]1C[C@H](OC(C)=O)C(=O)[C@H]2[C@@]1(C)CC[C@H]1C(=O)O[C@H](C(=O)c3ccsc3)C[C@]21C,5.6
OPRM1,CHEMBL3695229,O=C(O)CC1CCN(c2nc3ccccc3n([C@H]3C[C@H]4CC[C@@H](C3)N4C3CCCCCCC3)c2=O)C1,5.6
OPRM1,CHEMBL3698862,O=C(O)C(CO)NCCNc1nc2ccccc2n([C@H]2C[C@H]3CC[C@@H](C2)N3C2CCCCCCC2)c1=O,5.6
OPRM1,CHEMBL3665421,O=c1[nH]c2ccc(F)cc2n(C2CCN(C3CCCCCCC3)CC2)c1=O,5.6
OPRM1,CHEMBL3698852,CCOC(=O)c1nc2ccccc2n(C2CCN(C3CCCCCCC3)CC2)c1=O,5.6
OPRM1,CHEMBL4463417,CN(C)[C@H](CNC(=O)Nc1cccnc1Cl)Cc1ccccc1,5.6
OPRM1,CHEMBL5413237,CCC1(CC)CC(OCCCNCc2cccc(C(F)(F)F)n2)(c2ccccn2)CCO1,5.6
OPRM1,CHEMBL5891809,CN(C)[C@]1(c2ccccc2)CC[C@]2(CC1)CN(c1cnc(C(=O)N3CCNCC3)nc1)C(=O)N2,5.6
OPRM1,CHEMBL5859271,CN(CCO)c1ncc(N2C[C@]3(CC[C@](c4ccccc4)(N(C)C)CC3)NC2=O)cn1,5.6
OPRM1,CHEMBL126857,CCN(CC)C(=O)c1ccc(C(=C2CCNCC2)c2ccc(Cl)c(Cl)c2)cc1,5.59
OPRM1,CHEMBL115284,O=C(OCc1cc2c(cc1Cl)OCO2)N1CCC(N2C(=O)CNc3ccccc32)CC1,5.59
OPRM1,CHEMBL114299,O=C(OCc1cc2c(cc1Cl)OCO2)N1CCC(n2c(=O)c(=O)[nH]c3ccccc32)CC1,5.59
OPRM1,CHEMBL3144468,CC(=O)N[C@@H](CCCNC(N)=O)C(=O)N[C@H](CC1CCCCC1)C(=O)N[C@H]1CC[C@H]2CCC[C@@H](C(=O)N[C@H](CCCN=C(N)N)C(=O)N[C@H](Cc3ccc(Cl)cc3)C(N)=O)N2C1=O,5.59
OPRM1,CHEMBL258336,CO[C@]1(c2ccccc2)CCCC[C@@H]1CN(C)C,5.59
OPRM1,CHEMBL515829,CCCCNCCN1CN(c2ccccc2)C2(CCN(C(c3ccccc3Cl)c3ccccc3Cl)CC2)C1=O,5.59
OPRM1,CHEMBL1762400,CCCCCCNCc1ccc(OCc2ccccc2C(=O)Nc2ccc3nc(C)cc(N)c3c2)cc1,5.59
OPRM1,CHEMBL1017,CCCc1nc2c(C)cc(-c3nc4ccccc4n3C)cc2n1Cc1ccc(-c2ccccc2C(=O)O)cc1,5.59
OPRM1,CHEMBL5411010,Cc1ccc2c(Cl)c(C(=O)NCC(c3ccccc3Cl)N(C)C)sc2c1,5.59
OPRM1,CHEMBL5869793,COCCOCCOCCOCCOCCOCCOCCOCCO[C@H]1CCC2C3Cc4ccc(CO)c5c4[C@@]2(CCN3C)[C@H]1O5,5.59
OPRM1,CHEMBL5980316,CN(C)[C@]1(c2ccccc2)CC[C@]2(CC1)CN(c1cnc(NCc3ccccc3)nc1)C(=O)N2,5.59
OPRM1,CHEMBL5767886,CN(CC(N)=O)c1ncc(N2C[C@]3(CC[C@](c4ccccc4)(N(C)C)CC3)NC2=O)cn1,5.59
OPRM1,CHEMBL5816047,CN(C)[C@]1(c2ccccc2)CC[C@]2(CC1)CN(c1cnc(N3CCOCC3)c(C(F)(F)F)c1)C(=O)N2,5.59
OPRM1,CHEMBL5924883,CN(C)[C@]1(c2ccccc2)CC[C@]2(CC1)CN(c1cnc(-n3cc(C(F)(F)F)nn3)nc1)C(=O)N2,5.59
OPRM1,CHEMBL48098,COc1ccc(-c2ccc3c(c2)CN(C(=O)C(N)Cc2c(C)cc(O)cc2C)[C@H](C(=O)O)C3)cc1,5.58
OPRM1,CHEMBL449966,CC(C)C1CCC(N2CCC(C(=O)NCc3ccccc3)(c3ccccc3)CC2)CC1,5.58
OPRM1,CHEMBL3349278,CC(=O)N(C)C[C@@]1(c2ccccc2)C[C@H]2CC[C@@H](C1)N2C(c1ccccc1Cl)c1ccccc1Cl,5.58
OPRM1,CHEMBL1257937,Cc1cccc(CN2[C@@H]3CC[C@H]2C[C@H](Oc2cccc(C(N)=O)c2)C3)c1,5.58
OPRM1,CHEMBL2022018,COC(=O)[C@@H]1C[C@H](OC(C)=O)C(=O)[C@H]2[C@@]1(C)CC[C@H]1C(=O)O[C@H](/C=C\c3ccoc3)C[C@]21C,5.58
OPRM1,CHEMBL3394755,COc1ccc(CCOC[C@H](O)CN2CN(c3ccc(F)cc3)C3(CCN(CC4CCCCCCC4)CC3)C2=O)cc1OC,5.58
OPRM1,CHEMBL3426789,Cc1ccccc1COc1ccc(C2C3=C(CC(C)(C)CC3=O)OC3=C2C(=O)CC(C)(C)C3)cc1,5.58
OPRM1,CHEMBL3698889,O=C(O)c1nc2ccccc2n([C@H]2C[C@H]3CC[C@@H](C2)N3C2Cc3cccc4cccc2c34)c1=O,5.58
OPRM1,CHEMBL1289110,CN1c2ccccc2C(NCCCCCCC(=O)O)c2ccc(Cl)cc2S1(=O)=O,5.58
OPRM1,CHEMBL707,COc1cc2nc(N3CCN(C(=O)C4COc5ccccc5O4)CC3)nc(N)c2cc1OC,5.58
OPRM1,CHEMBL5776881,C[C@@H](Cc1ccsc1)NC(=O)NC[C@@]1(N(C)C)CCc2ccccc2C1,5.58
OPRM1,CHEMBL5848980,CCN(C)[C@]1(c2ccccc2)CC[C@]2(CC1)CN(CC(C)(C)C(N)=O)C(=O)N2CC1(O)CCC1,5.58
OPRM1,CHEMBL304404,O=c1c(-c2ccc3ccccc3c2)cccn1C(CN1CCCC1)c1ccccc1,5.57
OPRM1,CHEMBL280037,O=c1c(-c2ccc(C(F)(F)F)cc2)cccn1C(CN1CCCC1)c1ccccc1,5.57
OPRM1,CHEMBL356210,CC(=O)N[C@@H](CCCN=C(N)N)C(=O)N[C@@H](CC1CCCCC1)C(=O)NC1S[C@H]2CCC[C@@H](C(=O)N[C@H](CCCN=C(N)N)C(=O)NC(Cc3ccc(Cl)cc3)C(N)=O)N2C1=O,5.57
OPRM1,CHEMBL126223,CCN(CC)C(=O)c1ccc(C(c2ccc3ccccc3c2)N2CCNCC2)cc1,5.57
OPRM1,CHEMBL3215749,Cl.Cl.Fc1ccc(C(OCCN2CCN(C/C=C/c3ccccc3)CC2)c2ccc(F)cc2)cc1,5.57
OPRM1,CHEMBL539075,CCOC(=O)C1(c2ccc(C)cc2)CCN(C)CC1.Cl,5.57
OPRM1,CHEMBL200204,O=C1NCN(c2ccccc2)C12CCN([C@@H]1CCCC[C@@]1(O)c1ccccc1)CC2,5.57
OPRM1,CHEMBL384681,CN(C)C[C@@H](O)Cn1cc(C2CCN(CC3CCCCCCC3)CC2)c2cc(F)ccc21,5.57
OPRM1,CHEMBL211373,O=C1NCN(c2ccccc2)C12CCN(C1CCCCC1(O)c1ccccc1)CC2,5.57
OPRM1,CHEMBL563980,Cl.O=c1n(C[C@H](O)CO)c2ccccc2n1C1CCN(C[C@H]2[C@H]3CC[C@H](C3)C23CC3)CC1,5.57
OPRM1,CHEMBL550063,NC(=O)c1ccc(C2=CC3(CCNCC3)Oc3ccccc32)cc1,5.57
OPRM1,CHEMBL1088569,CNC(=O)Cn1c(=O)n(C2CCN(CCC(C)(C)C)CC2)c2ccccc21,5.57
OPRM1,CHEMBL1257347,Cc1ccc([C@@H](C)N2[C@@H]3CC[C@H]2C[C@H](Oc2cccc(C(N)=O)c2)C3)s1,5.57
OPRM1,CHEMBL1766035,c1c2c(cc3sc(NN4CCNCC4)nc13)C[C@@H]1[C@@H]3CCCC[C@]23CCN1CC1CC1,5.57
OPRM1,CHEMBL3695238,COc1ccc(NC(=O)c2nc3ccccc3n([C@@H]3C[C@H]4CC[C@@H](C3)N4C3CCCCCCC3)c2=O)cn1,5.57
OPRM1,CHEMBL52440,COc1ccc2c(c1)[C@]13CCCC[C@@H]1[C@H](C2)N(C)CC3,5.57
OPRM1,CHEMBL1651913,COc1cccc(C(=O)CCN[C@@H](C)[C@H](O)c2ccccc2)c1,5.57
OPRM1,CHEMBL1378,CCSc1ccc2c(c1)N(CCCN1CCN(C)CC1)c1ccccc1S2,5.57
OPRM1,CHEMBL340131,CCN(CC)C(=O)c1ccc(C(=C2CCNCC2)c2cccc([N+](=O)[O-])c2)cc1,5.56
OPRM1,CHEMBL2369408,CC(C)C[C@H](NC(=O)[C@H](Cc1ccccc1)NC(=O)[C@@H]1CCCN1C(=O)CNC(=O)[C@@H](N)Cc1ccc(O)cc1)C(=O)N[C@@H](CCCN=C(N)N)C(=O)N[C@@H](CCCN=C(N)N)C(=O)N[C@@H](CCCN=C(N)N)C(=O)N[C@@H](CCCN=C(N)N)C(=O)N1CCC[C@@H]1C(=O)N[C@@H](CCCCN)C(N)=O,5.56
OPRM1,CHEMBL540110,CCCC1CNC(=O)C12CCN(C1(c3ccccc3)CCCCC1)CC2.Cl,5.56
OPRM1,CHEMBL232740,CCOC(=O)N1CCC(c2ccccc2)(c2nccn2Cc2ccccc2)CC1,5.56
OPRM1,CHEMBL3145240,Cc1ccc(-n2[nH]c(C)c(C=Nc3ccc(Cl)c4cccnc34)c2=O)cc1,5.56
OPRM1,CHEMBL1762404,CCCCCCCCCCNCc1ccc(OCc2ccccc2C(=O)Nc2ccc3nc(C)cc(N)c3c2)cc1,5.56
OPRM1,CHEMBL1307063,Cc1cccc(NC(S)=NCC(c2cccnc2)N(C)C)c1C,5.56
OPRM1,CHEMBL3401554,O=C(N[C@H]1CC[C@@]2(O)[C@H]3Cc4ccc(O)c5c4[C@@]2(CCN3CC2CC2)[C@H]1O5)c1cc2cc([N+](=O)[O-])ccc2cn1,5.56
OPRM1,CHEMBL3698770,O=C(NCC(O)CO)c1nc2ccccc2n(C2CCN(C3CCCCCCC3)CC2)c1=O,5.56
OPRM1,CHEMBL3704610,COC(=O)/N=c1\n(CC(N)=O)c2ccccc2n1C1CCN(C2CCCCCCC2)CC1,5.56
OPRM1,CHEMBL3933752,COc1ccc2c(c1)[C@]13CCN(CC4CC4)[C@H](C2)[C@]1(O)C[C@H](CC(=O)N[C@@H](CC(C)C)C(=O)O)C(=O)C3,5.56
OPRM1,CHEMBL4513786,CCCCN(CCCC)C(=O)CN1C[C@@H](c2cc(OC)c3c(c2)OCO3)[C@H](C(=O)O)[C@H]1CC(C)(C)CCC,5.56
OPRM1,CHEMBL5201355,CN(CCCNC(=O)c1ccc2ccccc2n1)Cc1ccccc1,5.56
OPRM1,CHEMBL4796803,CCCCN(CCCC)C(=O)CN1C[C@@H](c2cc(OC)c3c(c2)OCO3)[C@H](C(=O)O)[C@H]1CC(C)(C)CCC.Cl,5.56
OPRM1,CHEMBL556414,CO[C@H]1C[C@H](N(C)C(=O)Cc2cccc3sccc23)[C@@H](N2CCCC2)C[C@H]1OC.Cl,5.55
OPRM1,CHEMBL263918,CCC(C)(CC)Sc1nc2cc(Cl)c(N3CCN(CCO)CC3)cc2[nH]1,5.55
OPRM1,CHEMBL461481,COCCN(C(=O)c1sccc1Cl)[C@H]1c2ccccc2C=C[C@@H]1N1CCN(c2ccccc2)CC1,5.55
OPRM1,CHEMBL1331866,Cc1ccc(C2(O)C[N+](c3ccccc3C)=C3SCCN32)cc1.[Br-],5.55
OPRM1,CHEMBL3323509,O=C(Cc1ccc(Cl)c(Cl)c1)N1CCNC2CCCC(N3CCCC3)C21,5.55
OPRM1,CHEMBL3323520,CC(=O)N1CCN(C(=O)Cc2ccc(Cl)c(Cl)c2)C2C(N3CCCC3)CCCC21,5.55
OPRM1,CHEMBL3330676,COC(=O)[C@@H]1C[C@H](OC(=O)/C=C/c2ccc3c(c2)OCO3)C(=O)[C@H]2[C@@]1(C)CC[C@H]1C(=O)O[C@H](c3ccoc3)C[C@]21C,5.55
OPRM1,CHEMBL3752900,C=CCN(CC=C)CCc1c[nH]c2ccc(Cl)cc12,5.55
OPRM1,CHEMBL3698874,NC1(C(=O)O)CCN(c2nc3ccccc3n([C@H]3C[C@H]4CC[C@@H](C3)N4C3CCCCCCC3)c2=O)C1,5.55
OPRM1,CHEMBL3698772,CN(C)C(=O)c1nc2ccccc2n(C2CCN(C3CCCCCCC3)CC2)c1=O,5.55
OPRM1,CHEMBL3698804,CCC(C#CC(C)(C)C)N1[C@@H]2CC[C@H]1C[C@@H](n1c(=O)c(C(=O)O)nc3ccccc31)C2,5.55
OPRM1,CHEMBL3704623,O=C(O)CN1CCC[C@H]1Cc1nc2ccccc2n1[C@H]1C[C@H]2CCC[C@@H](C1)N2[C@@H]1C[C@@H]2CCCC[C@@H](C2)C1,5.55
OPRM1,CHEMBL4112220,CC12C[C@H]3C[C@@H](N4[C@@H]5COC[C@H]4C[C@@H](n4c(=O)c(N6CC[C@H]6C(=O)O)nc6ccccc64)C5)C[C@@H]1C[C@@H]2C3,5.55
OPRM1,CHEMBL4456958,CCc1cccc(C)c1Nc1nc(-c2sc(C)nc2C)cs1,5.55
OPRM1,CHEMBL4636535,O=C(NO)c1ccc(Oc2ccc(CN3CCCC3c3cccc(F)c3)cc2)c(F)c1,5.55
OPRM1,CHEMBL479,CSc1ccc2c(c1)N(CCC1CCCCN1C)c1ccccc1S2,5.55
OPRM1,CHEMBL1516474,CCCCCNC(=N)N/N=C/c1c[nH]c2ccc(OC)cc12.O=C(O)/C=C\C(=O)O,5.55
OPRM1,CHEMBL5823701,CCN[C@]1(c2ccccc2)CC[C@]2(CC1)CN(CC(C)(C)C(N)=O)C(=O)N2CC1CCC1,5.55
OPRM1,CHEMBL6163115,CC[C@H](O)C(C[C@@H](C)NC)(c1ccccc1)c1ccccc1,5.55
OPRM1,CHEMBL419214,Cc1ncc([N+](=O)[O-])n1CCNC(=O)N1CCC(c2cc(-c3ccc(Cl)cc3Cl)[nH]n2)CC1,5.54
OPRM1,CHEMBL63597,CCN(CC)C(=O)c1ccc(/C(=C2\C[C@H]3CC[C@@H](C2)N3C)c2ccccc2)cc1,5.54
OPRM1,CHEMBL14959,Nc1cccc(-c2cccn(C(CN3CCC(O)C3)c3ccccc3)c2=O)c1,5.54
OPRM1,CHEMBL2114982,COc1ccc2c(c1)CN(C(=O)[C@@H](N)Cc1c(C)cc(O)cc1C)[C@H](C(=O)O)C2,5.54
OPRM1,CHEMBL437742,O=C(O)c1ccccc1C(c1ccccc1)N1CCC(O)(c2ccccc2)CC1,5.54
OPRM1,CHEMBL573757,CCN(CC)C(=O)c1ccc(N(c2cccc(N)c2)C2CCN(Cc3ccccc3)CC2)cc1,5.54
OPRM1,CHEMBL1258048,NC(=O)c1cccc(O[C@@H]2C[C@H]3CC[C@@H](C2)N3Cc2cccnc2)c1,5.54
OPRM1,CHEMBL1718184,Cc1ccc(S(=O)(=O)N2CCc3ccc(C(=O)NCCN(Cc4ccccc4)C(C)C)cc3C2)cc1,5.54
OPRM1,CHEMBL3215885,CCOc1ccc(Cc2nc3cc(NC(=N)c4cccs4)ccc3n2C2CCN(C)CC2)cc1.Cl.Cl,5.54
OPRM1,CHEMBL3325712,Cc1nn(-c2cc(Cl)ccc2Cl)c2c1C(=O)CC(C)(C)C2,5.54
OPRM1,CHEMBL3698872,O=C(O)C(=O)N1CC2CN(c3nc4ccccc4n(C4CCN(C5CCCCCCC5)CC4)c3=O)CC2C1,5.54
OPRM1,CHEMBL3967811,COCCOCCOCCOCCO[C@H]1C=CC2C3Cc4ccc(OC)c5c4[C@@]2(CCN3C)C1O5,5.54
OPRM1,CHEMBL3899856,CN(C)C1(c2ccccc2)CCC(c2ccccc2)(N(C)CCO)CC1,5.54
OPRM1,CHEMBL4077552,CN(C(=O)/C=C/c1ccccn1)[C@@H]1CC[C@@]2(O)[C@H]3[C@@H](O)c4ccc(O)c5c4[C@@]2(CCN3CC2CC2)[C@H]1O5,5.54
OPRM1,CHEMBL4213351,C[C@H]1[C@H]2C(=O)c3ccc(O)cc3[C@@]1(C)CCN2CC1CCCO1,5.54
OPRM1,CHEMBL4867565,O=S(=O)(c1cccc(F)c1)n1ccc2c(N3CCNCC3)nc3ccccc3c21,5.54
OPRM1,CHEMBL5182253,COc1ccc(CN(C)CCCNC(=O)c2cc3ccccc3o2)cc1OC,5.54
OPRM1,CHEMBL564,CN(C)CCCN1c2ccccc2Sc2ccccc21,5.54
OPRM1,CHEMBL1206,CCN(CC)C(C)CN1c2ccccc2Sc2ccccc21,5.54
OPRM1,CHEMBL5427400,CN1C(=O)CNC(=O)[C@@H](N[C@@H](Cc2ccc(O)cc2)C(=O)O)C/C=C/CCCC[C@H](C(=O)N2CCC[C@H]2C(=O)N[C@@H](CCC(N)=O)C(=O)N[C@@H](CCCNC(=N)N)C(=O)N[C@@H](Cc2ccccc2)C(N)=O)NC(=O)[C@@H]1Cc1ccccc1,5.54
OPRM1,CHEMBL5803774,COCCOCCOCCOCCO[C@H]1C=CC2[C@H](N(C)C)Cc3ccc(OC)c4c3[C@@]2(C)[C@H]1O4,5.54
OPRM1,CHEMBL5911875,Cc1cc(C(F)(F)F)ncc1N1C[C@]2(CC[C@](c3ccccc3)(N(C)C)CC2)N(CC(=O)N2CCCC2)C1=O,5.54
OPRM1,CHEMBL5746877,CN(CC(N)=O)C(=O)CN1C[C@]2(CC[C@](c3ccccc3)(N(C)C)CC2)N(CC2COC2)C1=O,5.54
OPRM1,CHEMBL126370,CCN(CC)C(=O)c1ccc(C(=C2CCNCC2)c2ccccc2F)cc1,5.53
OPRM1,CHEMBL188553,COC(=O)[C@@H]1C[C@H](OC(=O)C(C)C)C(=O)[C@H]2[C@@]1(C)CC[C@H]1C(=O)O[C@H](c3ccoc3)C[C@]21C,5.53
OPRM1,CHEMBL434746,COC(=O)[C@@H]1C[C@H](OC(C)=O)C(=O)[C@H]2[C@@]1(C)CC[C@H]1C(=O)O[C@H](C3=C[C@@H](OC)O[C@H]3OC)C[C@]21C,5.53
OPRM1,CHEMBL233494,COc1cccc(C2(O)CCN(C(c3ccccc3)c3ccccc3)CC2)c1,5.53
OPRM1,CHEMBL3665429,CC(C)C1CCC(N2CCC(N3C(=O)CC(=O)Nc4ccccc43)CC2)CC1,5.53
OPRM1,CHEMBL4205200,O=c1[nH]c2cc(Cl)c(Cl)cc2n1[C@@H]1CCN(Cc2ccc(Br)cc2)C1,5.53
OPRM1,CHEMBL4540091,CCc1ccc2nc(N3CCC(NCC4CC4)CC3)c(-c3nc(C)no3)cc2c1,5.53
OPRM1,CHEMBL6048201,CN(C)[C@]1(c2ccccc2)CC[C@]2(CC1)CN(CC(C)(C)C#N)C(=O)N2CC1(F)CC1,5.53
OPRM1,CHEMBL5934125,CC(=O)N1CCN(c2cc(C)c(N3C[C@]4(CC[C@](c5ccccc5)(N(C)C)CC4)NC3=O)cn2)CC1,5.53
OPRM1,CHEMBL200257,Cc1ccc([C@]2(O)CCCC[C@H]2N2CCC3(CC2)C(=O)NCN3c2ccccc2)cc1,5.52
OPRM1,CHEMBL214057,CCCC1CNC(=O)C12CCN(C1(c3ccc(F)cc3)CCCCC1)CC2,5.52
OPRM1,CHEMBL3426798,CC1(C)CC(=O)C2=C(C1)OC1=C(C(=O)CC(C)(C)C1)C2c1ccc(OCc2ccccc2OC(F)F)cc1,5.52
OPRM1,CHEMBL3426790,Cc1cccc(COc2ccc(C3C4=C(CC(C)(C)CC4=O)OC4=C3C(=O)CC(C)(C)C4)cc2)c1,5.52
OPRM1,CHEMBL3695260,NC1CCN(c2nc3ccccc3n(C3CCN(C4CCCCCCC4)CC3)c2=O)CC1,5.52
OPRM1,CHEMBL3704629,CCN(CC)C(=O)CN1CC[C@@H](Cc2nc3ccccc3n2[C@H]2C[C@H]3CCC[C@@H](C2)N3[C@@H]2C[C@@H]3CCCC[C@@H](C3)C2)C1,5.52
OPRM1,CHEMBL3704635,O=C(O)CN1CCCC[C@H]1Cc1nc2ccccc2n1[C@H]1C[C@H]2CCC[C@@H](C1)N2[C@@H]1C[C@@H]2CCCC[C@@H](C2)C1,5.52
OPRM1,CHEMBL4160669,CN(Cc1cnn(C)c1)C(=O)NCCN1Cc2ccccc2C1,5.52
OPRM1,CHEMBL4758906,CN1Cc2ccccc2CN2CC[C@]1(c1ccccc1)C2,5.52
OPRM1,CHEMBL611,COc1cc2nc(N3CCN(C(=O)C4CCCO4)CC3)nc(N)c2cc1OC,5.52
OPRM1,CHEMBL1088,CN1CCCCC1CCN1c2ccccc2Sc2ccc([S+](C)[O-])cc21,5.52
OPRM1,CHEMBL1493,Cc1c(-c2ccccc2)oc2c(C(=O)OCCN3CCCCC3)cccc2c1=O,5.52
OPRM1,CHEMBL5505890,CCc1cccc(C)c1N(C(=O)c1cccs1)C1CCN(CCc2ccccc2)CC1,5.52
OPRM1,CHEMBL6051853,CN(C)[C@]1(c2ccccc2)CC[C@]2(CC1)CN(c1cnc(N3CCC(O)CC3)nc1)C(=O)N2,5.52
OPRM1,CHEMBL6133364,Cc1cc2cc(C(=O)N(Cc3ccc(C(F)(F)F)cn3)[C@H](C)c3ncccn3)ccc2nc1N,5.52
OPRM1,CHEMBL2369370,CC(C)C[C@H](NC(=O)[C@H](Cc1ccccc1)NC(=O)[C@@H]1CCCN1C(=O)CNC(=O)[C@@H](N)Cc1ccc(O)cc1)C(=O)N[C@@H](CCCN=C(N)N)C(=O)N[C@@H](CCCN=C(N)N)C(=O)N[C@@H](CCCN=C(N)N)C(N)=O,5.51
OPRM1,CHEMBL233749,NCc1ccccc1C1(O)CCN(C(c2ccc(Cl)cc2)c2ccc(Cl)cc2)CC1,5.51
OPRM1,CHEMBL407325,CCC(CC)Sc1nc2cc(Cl)c(N3CCN(CCO)CC3)cc2[nH]1,5.51
OPRM1,CHEMBL263904,CC(C)Sc1nc2cc(Cl)c(N3CCN(CCO)CC3)cc2[nH]1,5.51
OPRM1,CHEMBL1223954,NC(=O)c1cccc(S[C@H]2C[C@H]3CC[C@@H](C2)N3Cc2ccccc2)c1,5.51
OPRM1,CHEMBL2022021,COC(=O)[C@@H]1C[C@H](OC(C)=O)C(=O)[C@H]2[C@@]1(C)CC[C@H]1C(=O)O[C@H](C(=O)c3cccc(OC)c3)C[C@]21C,5.51
OPRM1,CHEMBL2413879,CN(CCCc1ccccc1)[C@H]1CCCC[C@@H]1OCCCc1ccccc1,5.51
OPRM1,CHEMBL4212828,O=c1[nH]c2cccc(Cl)c2n1C1CCN(Cc2ccccc2Cl)CC1,5.51
OPRM1,CHEMBL37744,CN(C)C/C=C(/c1ccc(Br)cc1)c1cccnc1,5.51
OPRM1,CHEMBL184412,CCCCc1oc2ccc(NS(C)(=O)=O)cc2c1C(=O)c1ccc(OCCCN(CCCC)CCCC)cc1,5.51
OPRM1,CHEMBL1262,Clc1ccc(CO/N=C(\Cn2ccnc2)c2ccc(Cl)cc2Cl)c(Cl)c1,5.51
OPRM1,CHEMBL5590309,C/C(=N\N=c1/[nH]c2cc(F)c(F)cc2n1C)c1ccc(F)cn1,5.51
OPRM1,CHEMBL5790206,CN(C)[C@]1(c2ccccc2)CC[C@]2(CC1)CN(c1cnc(N3CCN(S(C)(=O)=O)CC3)nc1)C(=O)N2,5.51
OPRM1,CHEMBL5942340,N[C@]1(c2ccccc2)CC[C@]2(CC1)CN(c1cnc(C(F)(F)F)nc1)C(=O)N2CC1(O)CCC1,5.51
OPRM1,CHEMBL5868774,Cc1cc(C(F)(F)F)ncc1N1C[C@]2(CC[C@](c3ccc(Cl)s3)(N(C)C)CC2)NC1=O,5.51
OPRM1,CHEMBL405097,CC[C@H](C)[C@H](NC(=O)[C@H](CCCN=C(N)N)NC(=O)[C@H](CCCN=C(N)N)NC(=O)[C@H](CC(C)C)NC(=O)[C@H](Cc1ccccc1)NC(=O)CNC(=O)[C@H]1CCCN1C(=O)[C@@H](N)Cc1ccc(O)cc1)C(=O)N[C@@H](CCCN=C(N)N)C(=O)N1CCC[C@@H]1C(=O)N[C@@H](CCCCN)C(N)=O,5.5
OPRM1,CHEMBL2370980,NC(=O)C[C@@H](NC(=O)[C@H](Cc1ccccc1)NC(=O)[C@H](Cc1ccccc1)NC(=O)[C@@H]1Cc2ccccc2CN1C(=O)[C@@H](N)Cc1ccc(O)cc1)C(=O)O,5.5
OPRM1,CHEMBL373053,O=C1NCN(CCc2ccccc2)C12CCN([C@H]1CCCC[C@H]1c1ccccc1)CC2,5.5
OPRM1,CHEMBL239821,O=C1NCN(c2ccccc2)C12CCN(C(c1cccc(F)c1)c1cccc(F)c1)CC2,5.5
OPRM1,CHEMBL445690,C[C@H](NC(=O)[C@@H](N)Cc1ccc(O)cc1)C(=O)N[C@@H](Cc1c[nH]c2ccccc12)C(=O)N[C@@H](Cc1ccccc1)C(N)=O,5.5
OPRM1,CHEMBL460893,Cc1nn(-c2ccccc2)cc1CN1CCC2(CC1)OCc1ccccc12,5.5
OPRM1,CHEMBL1082013,Cc1cccc(O)c1C(=O)C1=CCN2CCC[C@@H]12,5.5
OPRM1,CHEMBL1079417,CNC(=O)CN1c2ccccc2N(C2CCN(C3CCCCCC3)CC2)S1(=O)=O,5.5
OPRM1,CHEMBL2418745,COc1cc(C)c2c3c1O[C@H]1[C@H](F)[C@H](C)C[C@H]4[C@@H](C2)N(C)CC[C@@]341,5.5
OPRM1,CHEMBL2418743,COc1ccc2c3c1O[C@H]1[C@@H](OC)[C@H](C)C[C@H]4[C@@H](C2)N(C)CC[C@@]341,5.5
OPRM1,CHEMBL2440150,CC(C)(NCC[C@@]1(c2ccc(F)cc2)CCOC2(CCCC2)C1)c1ccccc1,5.5
OPRM1,CHEMBL3810101,CC[C@H](C)[C@H](NC(=O)[C@H](CCCNC(=N)N)NC(=O)[C@H](Cc1ccc(O)cc1)NC(=O)[C@H](Cc1ccc(O)cc1)NC(=O)[C@@H](N)CCCNC(=N)N)C(=O)N[C@@H](CCCCN)C(N)=O,5.5
OPRM1,CHEMBL3639941,O=C(O)CNCCNc1nc2ccccc2n([C@H]2C[C@H]3CC[C@@H](C2)N3C2CCCCCCC2)c1=O,5.5
OPRM1,CHEMBL3698845,CC(C)(C)OC(=O)Nc1nc2ccccc2n(C2CCN(C3CCCCCCC3)CC2)c1=O,5.5
OPRM1,CHEMBL3698754,CC(=O)N[C@H]1CCN(c2nc3ccccc3n(C3CCN(C4CCCCCCC4)CC3)c2=O)C1,5.5
OPRM1,CHEMBL4111282,COc1ccc2c3c1O[C@H]1C(O)CC[C@@]4(O)[C@@H](C2)N(C)CC[C@]314,5.5
OPRM1,CHEMBL508955,C/C=C1/CN2CC[C@]34C(=C(C(=O)OC)[C@H]1C[C@H]23)Nc1ccccc14,5.5
OPRM1,CHEMBL5091775,Oc1cccc([C@]23CCC[C@H](NCC2)[C@@H]3O)c1,5.5
OPRM1,CHEMBL259656,O=C(c1cc2c(cc1F)OC(c1ccc(F)cc1)(c1ccc(Cl)cc1Cl)O2)N1CCOCC1,5.5
OPRM1,CHEMBL5743221,COc1ccc2c3c1O[C@H]1C(O)CCC([C@H](N(C)C)C2)[C@@]31C,5.5
OPRM1,CHEMBL6038155,Cc1cnc(N2C[C@]3(CC[C@](c4ccccc4)(N(C)C)CC3)NC2=O)cn1,5.5
OPRM1,CHEMBL5756029,C=CCN(CC(Cc1ccccc1)N(C)C)C(=O)N[C@@H](C)Cc1ccsc1,5.5
OPRM1,CHEMBL199289,COc1cccc(Cn2ccnc2C2(c3ccccc3)CCN(C(=O)Nc3ccccc3)CC2)c1,5.49
OPRM1,CHEMBL450850,CN1CC[C@@]23C[C@@H]1CC[C@H]2Oc1c(O)cccc13,5.49
OPRM1,CHEMBL1726077,CC(C)N(CCNC(=O)c1ccc(CNS(=O)(=O)c2ccc(Br)cc2)cc1)Cc1ccccc1,5.49
OPRM1,CHEMBL2103761,COC(=O)C1=C(C)NC(C)=C(C(=O)O[C@H]2CCN(Cc3ccccc3)C2)[C@H]1c1cccc([N+](=O)[O-])c1,5.49
OPRM1,CHEMBL5980252,CN(C)[C@]1(c2ccccc2)CC[C@]2(CC1)CN(c1ccc(C(F)(F)F)cn1)C(=O)N2,5.49
OPRM1,CHEMBL74415,CCCCCc1cc(O)c2c(c1)OC(C)(C)c1ccc(C)cc1-2,5.49
OPRM1,CHEMBL126255,C=CCN1CCC(=C(c2ccccc2)c2ccc(C(=O)N(CC)CC)cc2)CC1,5.48
OPRM1,CHEMBL129300,CCN(CC)C(=O)c1ccc(C(=C2CCNCC2)c2cccc(C(C)=O)c2)cc1,5.48
OPRM1,CHEMBL146462,CCn1c(=O)n([C@H]2CCN(CC3CCCCCCC3)C[C@@H]2CO)c2ccccc21,5.48
OPRM1,CHEMBL545654,Cl.O=C(Cc1cccc2sccc12)O[C@@H]1CCCC[C@H]1N1CCCC1,5.48
OPRM1,CHEMBL102150,C=CCN1C[C@H](C)N([C@H](c2ccc(C(=O)N(CC)CCCC)cc2)c2cccc(OC)c2)C[C@H]1C,5.48
OPRM1,CHEMBL2370979,NC(=O)[C@@H](CC(=O)O)NC(=O)[C@H](Cc1ccccc1)NC(=O)[C@H](Cc1ccccc1)NC(=O)[C@@H]1Cc2ccccc2CN1C(=O)[C@@H](N)Cc1ccc(O)cc1,5.48
OPRM1,CHEMBL1725537,Cc1ccc(S(=O)(=O)NCc2ccc(C(=O)NCCN(Cc3ccccc3)C3CCCC3)cc2)cc1,5.48
OPRM1,CHEMBL1762397,CCCNCc1ccc(OCc2ccccc2C(=O)Nc2ccc3nc(C)cc(N)c3c2)cc1,5.48
OPRM1,CHEMBL1581674,CN(C)CCCN(C(=O)c1ccc(S(=O)(=O)N2CCc3ccccc3C2)cc1)c1nc2ccc(F)cc2s1.Cl,5.48
OPRM1,CHEMBL3323521,CCC(=O)N1CCN(C(=O)Cc2ccc(Cl)c(Cl)c2)C2C(N3CCCC3)CCCC21,5.48
OPRM1,CHEMBL3393998,O=C(Nc1nc2ccccc2n1CCN1CCCC1)c1cc2ccccc2s1,5.48
OPRM1,CHEMBL3695234,O=C1CCN(c2nc3ccccc3n(C3CCN(C4CCCCCCC4)CC3)c2=O)N1,5.48
OPRM1,CHEMBL3665424,NC(=O)Cn1c(=O)c(=O)n(C2CCN(C3Cc4cccc5cccc3c45)CC2)c2ccccc21,5.48
OPRM1,CHEMBL3698844,CC(=O)N1CC2CN(c3nc4ccccc4n(C4CCN(C5CCCCCCC5)CC4)c3=O)CC2C1,5.48
OPRM1,CHEMBL3695269,NC(=O)[C@H](CO)Nc1nc2ccccc2n(C2CCN(C3CCCCCCC3)CC2)c1=O,5.48
OPRM1,CHEMBL3698762,O=c1c(NC(CO)CO)nc2ccccc2n1C1CCN(C2CCCCCCC2)CC1,5.48
OPRM1,CHEMBL3698814,O=C(O)c1nc2ccccc2n([C@H]2C[C@H]3CCC[C@@H](C2)N3C2/C=C\CCCCC2)c1=O,5.48
OPRM1,CHEMBL4091515,O=C(NCC1NCCc2ccccc21)N1CCCCC1,5.48
OPRM1,CHEMBL4091098,COc1ccccc1C(=O)NCC1NCCc2ccccc21,5.48
OPRM1,CHEMBL4061477,O=C(NCC1NCCc2ccccc21)c1ccccc1OC(F)(F)F,5.48
OPRM1,CHEMBL4083309,O=C(NCC1NCCc2ccccc21)c1ccccc1F,5.48
OPRM1,CHEMBL4518522,CCc1ccccc1Nc1nc(-c2oc(C)nc2C)cs1,5.48
OPRM1,CHEMBL4467654,COc1cccc(Nc2nc(-c3sc(C)nc3C)cs2)c1C,5.48
OPRM1,CHEMBL4523014,CCc1ccc2nc(N3CCC(N[C@@H](C)C(C)C)CC3)c(-c3nc(C)no3)cc2c1,5.48
OPRM1,CHEMBL434394,OC(CNCC(O)C1CCc2cc(F)ccc2O1)C1CCc2cc(F)ccc2O1,5.48
OPRM1,CHEMBL29188,COc1ccc(CN2CCN(C(c3ccc(F)cc3)c3ccc(F)cc3)CC2)c(OC)c1OC,5.48
OPRM1,CHEMBL24778,C[C@H](Cc1cc2c(c(C(N)=O)c1)N(CCCO)CC2)NCCOc1ccccc1OCC(F)(F)F,5.48
OPRM1,CHEMBL6060565,C[C@H]1[C@H]2C(=O)c3ccc(NC(C)(C)CO)cc3[C@]1(C)CCN2CC1CC1,5.48
OPRM1,CHEMBL5890780,CN(C)[C@]1(c2ccccc2)CC[C@]2(CC1)CN(c1ccccc1CS(C)(=O)=O)C(=O)N2,5.48
OPRM1,CHEMBL5873921,CN(C)[C@]1(c2ccccc2)CC[C@]2(CC1)CN(c1ccc(C(N)=O)cn1)C(=O)N2,5.48
OPRM1,CHEMBL127788,CCN(CC)C(=O)c1ccc(C(=C2CCN(CC3CC3)CC2)c2ccccc2)cc1,5.47
OPRM1,CHEMBL170603,O=C(Cc1cccc2occc12)NCC12CCCN1CCC2,5.47
OPRM1,CHEMBL231664,OC1(CCCc2ccccc2)CCN(C(c2ccccc2)c2ccccc2)CC1,5.47
OPRM1,CHEMBL550669,CCN(CC)C(=O)c1ccc(C2=CC3(CCNCC3)Oc3ccccc32)o1,5.47
OPRM1,CHEMBL562478,CCN(CC)C(=O)c1ccc(C2=CC3(CCNCC3)Oc3ccccc32)c(C)c1,5.47
OPRM1,CHEMBL2022299,COC(=O)[C@@H]1C[C@H](OC(C)=O)C(=O)[C@H]2[C@@]1(C)CC[C@H]1C(=O)O[C@H](C(=O)c3cccc(C(F)(F)F)c3)C[C@]21C,5.47
OPRM1,CHEMBL2205832,OC12C3C4CC5C6C4C1C6C(C53)N2Cc1ccccn1,5.47
OPRM1,CHEMBL508044,COc1cccc(OC)c1-c1cc(C(=O)N[C@@H](CC(C)C)C(=O)O)nn1-c1ccnc2cc(Cl)ccc12,5.47
OPRM1,CHEMBL3695259,CC(C)(C)OC(=O)NC1CCN(c2nc3ccccc3n(C3CCN(C4CCCCCCC4)CC3)c2=O)CC1,5.47
OPRM1,CHEMBL4113984,COc1ccc2c3c1O[C@H]1[C@@]4(OC)CC[C@@]5(C[C@@H]4CSc4nncs4)[C@@H](C2)N(C)CC[C@]315,5.47
OPRM1,CHEMBL3920823,CC1(C)[C@H]2CC[C@@H](CCN3[C@@H]4CCC[C@H]3C[C@@H](n3c(=O)c(N5CC[C@@H]5C(=O)O)nc5ccccc53)C4)[C@@H]1C2,5.47
OPRM1,CHEMBL4113753,CCOC(=O)C[C@H]1C[C@@]2(O)[C@H]3Cc4ccc(OC)cc4[C@@]2(CCN3CC2CC2)CC1=O,5.47
OPRM1,CHEMBL398880,CN(C)S(=O)(=O)c1ccc2c(c1)N(CCCN1CCC(CCO)CC1)c1ccccc1S2,5.47
OPRM1,CHEMBL5918945,CN(C)[C@]1(c2cccs2)CC[C@]2(CC1)CN(c1cnc(N3CCOCC3)nc1)C(=O)N2,5.47
OPRM1,CHEMBL278078,CCN(CC)C(=O)c1ccc(C(=C2CCNCC2)c2ccccc2OC)cc1,5.46
OPRM1,CHEMBL106785,N[C@H](c1cccc(Cl)c1)[C@@H]1CCN1C(c1ccc(Cl)cc1)c1ccc(Cl)cc1,5.46
OPRM1,CHEMBL64284,COc1ccc(F)cc1-c1cccn(C(CN2CCCC2)c2ccccc2)c1=O,5.46
OPRM1,CHEMBL386658,O=C1NC[C@H](c2ccccc2)C12CCN([C@H]1CCCC[C@H]1c1ccccc1)CC2,5.46
OPRM1,CHEMBL234543,CCc1ccc(C2(O)CCN(C(c3ccccc3)c3ccccc3)CC2)cc1,5.46
OPRM1,CHEMBL407275,CN1Cc2cc(F)ccc2C2(CCN(C3CCC(C(C)(C)C)CC3)CC2)C1=O,5.46
OPRM1,CHEMBL263919,CCC(C)(C)Sc1nc2cc(Cl)c(N3CCN(CCO)CC3)cc2[nH]1,5.46
OPRM1,CHEMBL3349269,COc1ccc([C@]2(CNC(C)=O)C[C@H]3CC[C@@H](C2)N3C(c2ccccc2Cl)c2ccccc2Cl)nc1,5.46
OPRM1,CHEMBL3786545,O=C(Cc1ccc(Cl)c(Cl)c1)N1CCN(Cc2cccnc2)C2CCCC(N3CCC(O)C3)C21,5.46
OPRM1,CHEMBL3698901,O=C(O)c1nc2ccccc2n([C@H]2C[C@H]3CCC[C@@H](C2)N3C2C3CCCC2CCC3)c1=O,5.46
OPRM1,CHEMBL4215093,N#Cc1ccc(CN2CCC(n3c(=O)[nH]c4ccccc43)CC2)cc1,5.46
OPRM1,CHEMBL4636799,O=C(CCc1ccccc1)N1CC[C@]23c4c5ccc(O)c4O[C@H]2c2[nH]c4ccccc4c2C[C@@]3(O)[C@H]1C5,5.46
OPRM1,CHEMBL5186843,CN(CCCNC(=O)c1ccc2ccccc2c1)Cc1ccccc1,5.46
OPRM1,CHEMBL908,CN(C)CC/C=C1/c2ccccc2Sc2ccc(Cl)cc21,5.46
OPRM1,CHEMBL493,CC(C)C[C@H]1C(=O)N2CCC[C@H]2[C@]2(O)O[C@](NC(=O)[C@@H]3C=C4c5cccc6[nH]c(Br)c(c56)C[C@H]4N(C)C3)(C(C)C)C(=O)N12,5.46
OPRM1,CHEMBL2170801,O[C@@H]1[C@H](O)[C@@H]2C[C@@H]2[C@H]1n1cnc2c(NC(C3CCCC3)C3CCCC3)nc(Cl)nc21,5.46
OPRM1,CHEMBL5969864,CN(CCO)C(=O)c1ncc(N2C[C@]3(CC[C@](c4ccccc4)(N(C)C)CC3)NC2=O)cn1,5.46
OPRM1,CHEMBL5800170,CN(C)[C@]1(c2ccccc2)CC[C@]2(CC1)CN(c1ccc(C#N)cc1F)C(=O)N2,5.46
OPRM1,CHEMBL6019607,CN(C)[C@]1(c2ccccc2)CC[C@]2(CC1)CN(c1ccccc1OCC(=O)O)C(=O)N2,5.46
OPRM1,CHEMBL5958178,CN(C)[C@]1(c2ccccc2)CC[C@]2(CC1)CN(c1ccc(C(F)(F)F)cc1)C(=O)N2,5.46
OPRM1,CHEMBL5970955,CN(C)[C@]1(c2ccccc2)CC[C@]2(CC1)CN(c1ccc3nonc3c1)C(=O)N2,5.46
OPRM1,CHEMBL5743935,C/C=C(\C)[C@]1(N(C)C)CC[C@@]2(CC1)CN(c1cnc(NCC(N)=O)nc1)C(=O)N2,5.46
OPRM1,CHEMBL5978678,CN(C)[C@]1(c2ccccc2)CC[C@]2(CC1)CN(c1cnccc1CS(C)(=O)=O)C(=O)N2,5.46
OPRM1,CHEMBL5983873,CN(C)[C@H](CNC(=O)NCCc1cn(CCOCCN=[N+]=[N-])nn1)Cc1ccc(O)cc1,5.46
OPRM1,CHEMBL339457,CCN(CC)C(=O)c1ccc(C(=C2CCNCC2)c2cccc(F)c2)cc1,5.45
OPRM1,CHEMBL102690,CC(=O)N[C@@H](Cc1ccc(O)cc1)C(=O)N[C@@H](CCCCN)C(=O)N[C@@H](Cc1c[nH]c2ccccc12)C(=O)N[C@@H](Cc1c[nH]c2ccccc12)C(N)=O,5.45
OPRM1,CHEMBL543876,Cl.Cl.Fc1ccc(C(OCCN2CCN(CCCc3ccccc3)CC2)c2ccc(F)cc2)cc1,5.45
OPRM1,CHEMBL434944,COC(=O)CN1C(=O)C2(CCN(CC3CCCCCCC3)CC2)c2ccccc21,5.45
OPRM1,CHEMBL466082,Cc1ccnc(C2(O)C3CCC2CN(C(c2ccccc2Cl)c2ccccc2Cl)C3)c1,5.45
OPRM1,CHEMBL3219940,CCO[C@H](CBr)O[C@H]1C[C@@H](C(=O)OC)[C@]2(C)CC[C@H]3C(=O)O[C@H](c4ccoc4)C[C@]3(C)[C@H]2C1=O,5.45
OPRM1,CHEMBL3695286,O=c1c(N2CCC(O)CC2)nc2ccccc2n1C1CCN(C2CCCCCCC2)CC1,5.45
OPRM1,CHEMBL3704583,O=C(O)CN1CCC[C@H]1c1nc2ccccc2n1[C@H]1C[C@H]2CCC[C@@H](C1)N2[C@@H]1C[C@@H]2CCCC[C@@H](C2)C1,5.45
OPRM1,CHEMBL1201196,Clc1ccc(C(Cn2ccnc2)OCc2csc3c(Cl)cccc23)c(Cl)c1,5.45
OPRM1,CHEMBL542139,COc1ccc(NS(=O)(=O)c2sc3ccc(Cl)cc3c2C)cc1N1CCNCC1.Cl,5.45
OPRM1,CHEMBL5559768,Cl.O=C(CN1CCC(Cc2ccccc2)CC1)NCC1(Nc2cccc3ccccc23)CCN(Cc2ccccc2)CC1,5.45
OPRM1,CHEMBL5899834,Cc1cc(C(C)(C)O)ccc1N1C[C@]2(C[C@](c3ccccc3)(N(C)C)C2)NC1=O,5.45
OPRM1,CHEMBL5956950,CCN[C@]1(c2ccccc2)CC[C@@]2(CC1)CN(c1cnc(C#N)nc1OC)C(=O)N2,5.45
OPRM1,CHEMBL5870980,CN(C)[C@]1(c2ccccc2)CC[C@]2(CC1)CN(c1ccc(S(C)(=O)=O)cc1F)C(=O)N2,5.45
OPRM1,CHEMBL5971653,CN(C)[C@]1(c2ccccc2)CC[C@]2(CC1)CN(c1ncc(C#N)cc1F)C(=O)N2,5.45
OPRM1,CHEMBL5874483,Cc1nc(N2CCOCC2)ncc1N1C[C@]2(CC[C@](c3ccc(Cl)s3)(N(C)C)CC2)NC1=O,5.45
OPRM1,CHEMBL553010,CN(C(=O)Cc1cccc2sccc12)[C@@H]1CCC[C@H]1N1CCCC1.Cl,5.44
OPRM1,CHEMBL67545,C=CCN1[C@@H]2CC[C@H]1CC(N(c1ccccc1)c1ccc(C(=O)N(CC)CC)cc1)C2,5.44
OPRM1,CHEMBL116735,O=C(CCc1ccc(F)cc1)N1CCN(CCCC(c2ccc(F)cc2)c2ccc(F)cc2)CC1,5.44
OPRM1,CHEMBL373170,O=C1NCN(c2ccccc2)C12CCN([C@@H]1CCCC[C@@]1(O)c1ccc(Cl)cc1)CC2,5.44
OPRM1,CHEMBL211422,O=C1NCC(c2ccccc2)C12CCN(C1(c3ccc(Cl)cc3)CCCCC1)CC2,5.44
OPRM1,CHEMBL234771,CC(C)(C)C1(O)CCN(C(c2ccccc2)c2ccccc2)CC1,5.44
OPRM1,CHEMBL2022293,COC(=O)[C@@H]1C[C@H](OC(C)=O)C(=O)[C@H]2[C@@]1(C)CC[C@H]1C(=O)O[C@H](C(=O)c3ccccc3O)C[C@]21C,5.44
OPRM1,CHEMBL1700847,CN(C)C(CN=C(S)Nc1ccccc1Cl)c1cccnc1,5.44
OPRM1,CHEMBL3323519,O=C(c1ccccc1)N1CCN(C(=O)Cc2ccc(Cl)c(Cl)c2)C2C(N3CCC(O)C3)CCCC21,5.44
OPRM1,CHEMBL3698760,CN(CC(O)CO)c1nc2ccccc2n(C2CCN(C3CCCCCCC3)CC2)c1=O,5.44
OPRM1,CHEMBL4108254,COCCOCCOCCOCCOCCOCCOCCOCCOCCO[C@H]1CC[C@@]2(O)C3Cc4ccc(OC)c5c4[C@@]2(CCN3C)[C@H]1O5,5.44
OPRM1,CHEMBL55400,Nc1ccc2cc3ccc(N)cc3nc2c1,5.44
OPRM1,CHEMBL1742452,CC(OCCN1CCCCCC1)(c1ccccc1)c1ccc(Cl)cc1,5.44
OPRM1,CHEMBL5923324,COCCOCCOCCOCCOCCOCCOCCOCCOCCO[C@H]1CC[C@@]2(O)C3Cc4ccc(CO)c5c4[C@@]2(CCN3C)[C@H]1O5,5.44
OPRM1,CHEMBL5982044,COc1nc(C#N)ncc1N1CC2(CC(c3ccccc3)(N(C)C)C2)NC1=O,5.44
OPRM1,CHEMBL5849259,CN(C)[C@]1(c2ccccc2)CC[C@]2(CC1)CN(c1cnc(N3CCCCC3)nc1)C(=O)N2,5.44
OPRM1,CHEMBL5809089,CN(C)[C@]1(c2ccccc2)CC[C@]2(CC1)CN(c1ncncc1F)C(=O)N2,5.44
OPRM1,CHEMBL5843965,CN(C)[C@]1(c2cccc(F)c2)CC[C@]2(CC1)CN(c1cnc(C(F)(F)F)nc1)C(=O)N2CC1CC1,5.44
OPRM1,CHEMBL6146975,C/C=C1/CN2CC[C@]34C(=C(C(=O)OC)[C@H]1C[C@H]23)Nc1ccc(I)cc14,5.44
OPRM1,CHEMBL200227,O=C1NCN(c2ccccc2)C12CCN([C@@H]1CCCC[C@@]1(O)c1ccc(Cl)c(Cl)c1)CC2,5.43
OPRM1,CHEMBL228793,Cc1ccc(C(c2ccccc2)N2CCC(O)(c3ccccc3)CC2)cc1,5.43
OPRM1,CHEMBL228738,O=C(Nc1c(F)cccc1F)C(c1ccccc1)N1CCC(O)(c2ccccc2)CC1,5.43
OPRM1,CHEMBL572669,CCN(CC)C(=O)c1ccc(N(c2cccc(C(C)O)c2)C2CCN(Cc3ccccc3)CC2)cc1,5.43
OPRM1,CHEMBL2171851,Br.NC(=O)[C@@H](Cc1ccccc1)NC(=O)[C@@H](Cc1ccccc1)NC(=O)[C@@H]1C[C@H](N)CN1C(=O)[C@@H](N)Cc1ccc(O)cc1,5.43
OPRM1,CHEMBL465026,CN1CCOC(c2ccccc2)c2ccccc2C1,5.43
OPRM1,CHEMBL6003924,CN(C)[C@]1(c2ccccc2)CC[C@]2(CC1)CN(c1cnc(-c3ccc(C#N)cc3)nc1)C(=O)N2,5.43
OPRM1,CHEMBL5868294,CN(C)[C@]1(c2cccs2)CC[C@]2(CC1)CN(c1cnc(C(F)(F)F)nc1)C(=O)N2,5.43
OPRM1,CHEMBL5950333,Cc1noc(C)c1-c1ncc(N2C[C@]3(CC[C@](c4ccccc4)(N(C)C)CC3)NC2=O)cn1,5.43
OPRM1,CHEMBL415521,CCN(CC)C(=O)c1ccc(C(=C2CCNCC2)c2ccccc2)cc1,5.42
OPRM1,CHEMBL117537,O=C(CCCc1ccccc1)N1CCN(CCCC(c2ccc(F)cc2)c2ccc(F)cc2)CC1,5.42
OPRM1,CHEMBL494613,C[C@H]1C2Cc3cc([N+](=O)[O-])c(O)cc3[C@@]1(C)CCN2CC1CC1,5.42
OPRM1,CHEMBL577394,CCN(CC)C(=O)c1ccc(N(c2cccc(CO)c2)C2CCN(Cc3ccccc3)CC2)cc1,5.42
OPRM1,CHEMBL3394004,CS(=O)(=O)c1c[nH]c(C(=O)Nc2nc3ccccc3n2CCN2CCCC2)c1,5.42
OPRM1,CHEMBL3647959,O=C(O)c1nc2ccccc2n([C@H]2C[C@H]3CC[C@@H](C2)N3C2CC3CCCC(C3)C2)c1=O,5.42
OPRM1,CHEMBL3665427,O=C1CC(=O)N(C2CCN(C3CCCCCCC3)CC2)c2cc(F)ccc2N1,5.42
OPRM1,CHEMBL3695265,NC(=O)C1CCN(c2nc3ccccc3n(C3CCN(C4CCCCCCC4)CC3)c2=O)CC1,5.42
OPRM1,CHEMBL3906430,O=C(O)c1nc2ccccc2n(C2CC3CCC(C2)N3C2CC3CCCC(C3)C2)c1=O,5.42
OPRM1,CHEMBL4086255,CN(C(=O)/C=C/c1cccnc1)[C@@H]1CC[C@@]2(O)[C@H]3[C@@H](O)c4ccc(O)c5c4[C@@]2(CCN3CC2CC2)[C@H]1O5,5.42
OPRM1,CHEMBL4788060,N=C(N)NCCC[C@H](NC(=O)[C@H](CCC(N)=O)NC(=O)[C@@H]1CCCN1C(=O)[C@H]1CSSC[C@H](NC(=O)[C@@H](N)Cc2ccc(O)cc2)C(=O)NCC(=O)N[C@@H](Cc2ccccc2)C(=O)N1)C(=O)N[C@@H](Cc1ccccc1)C(N)=O,5.42
OPRM1,CHEMBL5088382,CC[C@@H]1CN2CCc3c([nH]c4ccc(-c5ccccc5)c(OC)c34)[C@@H]2C[C@@H]1/C(=C\OC)C(=O)OC,5.42
OPRM1,CHEMBL623,CCc1nn(CCCN2CCN(c3cccc(Cl)c3)CC2)c(=O)n1CCOc1ccccc1,5.42
OPRM1,CHEMBL836,CCOc1ccccc1OCCN[C@H](C)Cc1ccc(OC)c(S(N)(=O)=O)c1,5.42
OPRM1,CHEMBL553,C#Cc1cccc(Nc2ncnc3cc(OCCOC)c(OCCOC)cc23)c1,5.42
OPRM1,CHEMBL5995363,CN(C)[C@]1(c2ccccc2)CC[C@]2(CC1)CN(c1ncc(C(F)(F)F)cc1F)C(=O)N2,5.42
OPRM1,CHEMBL5996055,CN1CCN(c2ccc(N3C[C@]4(CC[C@](c5ccccc5)(N(C)C)CC4)NC3=O)cn2)CC1=O,5.42
OPRM1,CHEMBL293619,O=c1c(-c2cccc([N+](=O)[O-])c2)cccn1C(CN1CCCC1)c1ccccc1,5.41
OPRM1,CHEMBL410260,CC[C@H](C)[C@H](NC(=O)[C@H](Cc1ccc(O)cc1)NC(=O)[C@H](Cc1c[nH]cn1)NC(=O)[C@H](CCCN=C(N)N)NC(=O)[C@@H](N)CC(C)C)C(=O)N[C@@H](CC(N)=O)C(=O)N[C@@H](CC(C)C)C(=O)N[C@H](C(=O)N[C@H](C(=O)N[C@@H](CCCN=C(N)N)C(=O)N[C@@H](CCC(N)=O)C(=O)N[C@@H](CCCN=C(N)N)C(=O)N[C@@H](Cc1ccc(O)cc1)C(=O)O)[C@@H](C)O)[C@@H](C)CC,5.41
OPRM1,CHEMBL417260,COc1cccc(OC)c1-c1cccn(C(CN2CCC(O)C2)c2ccccc2)c1=O,5.41
OPRM1,CHEMBL378665,Cc1ccccc1C1(N2CCC3(CC2)C(=O)NCC3c2ccc(F)cc2)CCCCC1,5.41
OPRM1,CHEMBL214039,O=C1NCC(c2ccccc2)C12CCN(C1CCCCC1c1ccccc1)CC2,5.41
OPRM1,CHEMBL2096837,O=C1NC[C@@H](c2ccccc2)C12CCN(C1CCCCC1c1ccccc1)CC2,5.41
OPRM1,CHEMBL1702166,Cc1ccc(S(=O)(=O)NCc2ccc(C(=O)NCCN3CCC(c4ccccc4)CC3)cc2)cc1,5.41
OPRM1,CHEMBL114,CC(C)(C)NC(=O)[C@@H]1C[C@@H]2CCCC[C@@H]2CN1C[C@@H](O)[C@H](Cc1ccccc1)NC(=O)[C@H](CC(N)=O)NC(=O)c1ccc2ccccc2n1,5.41
OPRM1,CHEMBL3299002,O=C(Cc1ccc(Cl)c(Cl)c1)N1CCN(Cc2ccccc2)[C@@H]2CCC[C@H](N3CCCC3)[C@H]21,5.41
OPRM1,CHEMBL3695216,CC(C)(C)OC(=O)N1CC2CN(c3nc4ccccc4n(C4CCN(C5CCCCCCC5)CC4)c3=O)CC2C1,5.41
OPRM1,CHEMBL3698863,CC(=O)NC1(C(=O)O)CCN(c2nc3ccccc3n([C@H]3C[C@H]4CC[C@@H](C3)N4C3CCCCCCC3)c2=O)CC1,5.41
OPRM1,CHEMBL3698809,CN(C)C1(C(=O)O)CCN(c2nc3ccccc3n([C@H]3C[C@H]4CC[C@@H](C3)N4C3CCCCCCC3)c2=O)CC1,5.41
OPRM1,CHEMBL4541902,Cc1cc(C)c(Nc2nc(-c3oc(C)nc3C)cs2)c(C)c1,5.41
OPRM1,CHEMBL346898,CN(C)CCC(C#N)(c1ccccc1)c1ccccc1,5.41
OPRM1,CHEMBL5092243,CCc1cccc(N2CCN(CCC(c3cccc(OC)c3)c3cccc(OC)c3)CC2)c1Cl,5.41
OPRM1,CHEMBL5189722,O=C1N[C@@H](Cc2ccccc2)C(=O)N2CCC[C@@H]2C(=O)N[C@H](Cc2ccccc2)C(=O)N[C@H]1Cc1c[nH]c2ccccc12,5.41
OPRM1,CHEMBL5394687,CN(C)C(CNC(=O)c1cc2ccccc2s1)c1ccccc1,5.41
OPRM1,CHEMBL6002277,COc1cccnc1N1C[C@]2(CC[C@](c3ccccc3)(N(C)C)CC2)NC1=O,5.41
OPRM1,CHEMBL108900,CCCCC(c1cc(F)cc(F)c1)N1CC[C@H]1[C@H](N)c1cccc(Cl)c1,5.4
OPRM1,CHEMBL356584,CCC1=C(C(N)=O)C(c2ccc(F)c(F)c2)N(C(=O)NCCCN2CCC(C(=O)OC)(c3ccccc3)CC2)C(=O)N1,5.4
OPRM1,CHEMBL420499,COc1ccc(CN2CCN(C(=O)CCn3cc(C)c4ccccc43)CC2)cc1OCc1ccccc1,5.4
OPRM1,CHEMBL325516,O=C(OCCc1ccc(F)cc1)N1CCN(CCCC(c2ccc(F)cc2)c2ccc(F)cc2)CC1,5.4
OPRM1,CHEMBL436295,O=C1NCN(c2ccc(F)cc2)C12CCN([C@@H]1CCCC[C@@]1(O)c1ccc(F)cc1)CC2,5.4
OPRM1,CHEMBL425753,O=C1NCN(c2ccccc2)C12CCN([C@@H]1CCCC[C@@]1(O)c1ccc(F)cc1)CC2,5.4
OPRM1,CHEMBL377904,CN(C)c1nnc(-c2ccc(C(C)(C)C)cc2)n1-c1cccc(O)c1,5.4
OPRM1,CHEMBL3349257,CN(C)C[C@@]1(c2cccc(F)n2)C[C@H]2CC[C@@H](C1)N2C(c1ccccc1Cl)c1ccccc1Cl,5.4
OPRM1,CHEMBL1223952,NC(=O)c1cccc(C[C@H]2C[C@H]3CC[C@@H](C2)N3Cc2ccccc2)c1,5.4
OPRM1,CHEMBL1699195,Cc1ccc(Cl)cc1N1CCN(CCNC(=O)Cn2c(=O)c3cccn3c3cccnc32)CC1,5.4
OPRM1,CHEMBL3426791,Cc1ccc(COc2ccc(C3C4=C(CC(C)(C)CC4=O)OC4=C3C(=O)CC(C)(C)C4)cc2)cc1,5.4
OPRM1,CHEMBL3695261,CC(=O)NC1CCN(c2nc3ccccc3n(C3CCN(C4CCCCCCC4)CC3)c2=O)CC1,5.4
OPRM1,CHEMBL3695279,O=c1ccc(Nc2nc3ccccc3n(C3CCN(C4CCCCCCC4)CC3)c2=O)c[nH]1,5.4
OPRM1,CHEMBL4098842,O=C(NCC1NCCc2ccccc21)N1CCCC1,5.4
OPRM1,CHEMBL4457219,CCc1ccccc1Nc1nc(-c2sc(C)nc2C)cs1,5.4
OPRM1,CHEMBL4750490,CCN1Cc2ccccc2CN2CC[C@@]1(c1ccccc1)C2,5.4
OPRM1,CHEMBL4576555,CN1CCN(C(=O)C(C)(C)c2ccc(C(=O)Nc3cn4cc(-c5cc(C(C)(C)C)cc(C(C)(C)C)c5)ccc4n3)cc2)CC1,5.4
OPRM1,CHEMBL945,N=C(N)NC(=O)c1nc(Cl)c(N)nc1N,5.4
OPRM1,CHEMBL480,Cc1c(OCC(F)(F)F)ccnc1C[S+]([O-])c1nc2ccccc2[nH]1,5.4
OPRM1,CHEMBL354541,O=C(NC1CCN(CCCCC2(C(=O)NCC(F)(F)F)c3ccccc3-c3ccccc32)CC1)c1ccccc1-c1ccc(C(F)(F)F)cc1,5.4
OPRM1,CHEMBL5919110,CCN[C@]1(c2ccccc2)CC[C@@]2(CC1)CN(c1ccccc1C#N)C(=O)N2,5.4
OPRM1,CHEMBL5783389,CN(C)[C@]1(c2ccccc2)CC[C@]2(CC1)CN(c1ccc(N3CCOCC3)nc1)C(=O)N2,5.4
OPRM1,CHEMBL5947105,COc1cc(C)c(N2C[C@]3(CC[C@](c4ccccc4)(N(C)C)CC3)NC2=O)cn1,5.4
OPRM1,CHEMBL5745556,CN(C)[C@]1(c2ccccc2)CC[C@]2(CC1)CN(c1cnccc1S(C)(=O)=O)C(=O)N2,5.4
OPRM1,CHEMBL5976299,CN(C)[C@]1(c2ccccc2)CC[C@]2(CC1)CN(c1cnc(N3CCOCC3)c(C#N)c1)C(=O)N2,5.4
OPRM1,CHEMBL6134259,C/C=C1/CN2CC[C@]34C(=C(C(=O)OC)[C@H]1C[C@H]23)Nc1ccc([N+](=O)[O-])cc14,5.4
OPRM1,CHEMBL543301,CN(C(=O)Cc1cccc2occc12)[C@@H]1CCCC[C@H]1N1CCC(CO)C1.Cl,5.39
OPRM1,CHEMBL472676,CC(C)N1CN(c2ccccc2)C2(CCN(C(c3ccccc3)c3ccccc3)CC2)C1=O,5.39
OPRM1,CHEMBL3698856,O=C1CNc2ccccc2N1C1CCN(C2CCCCCCC2)CC1,5.39
OPRM1,CHEMBL4114883,N[C@]12CCC[C@H](C[C@H](n3c(=O)c(C(=O)O)nc4ccccc43)C1)N2C1CC2CCCC(C2)C1,5.39
OPRM1,CHEMBL2,COc1cc2nc(N3CCN(C(=O)c4ccco4)CC3)nc(N)c2cc1OC,5.39
OPRM1,CHEMBL14376,COc1cc(C(C)=O)ccc1OCCCN1CCC(c2noc3cc(F)ccc23)CC1,5.39
OPRM1,CHEMBL5406046,Cc1cccc(C(CNC(=O)c2cc3ccccc3s2)N(C)C)c1,5.39
OPRM1,CHEMBL6011642,CN(C)[C@]1(c2ccccc2)CC[C@@]2(CC1)CN(CC(C)(C)C(N)=O)C(=O)N2CC1(O)CCC1,5.39
OPRM1,CHEMBL5948194,Cc1nc(N2CCNC(=O)C2)ncc1N1C[C@]2(CC[C@](c3ccccc3)(N(C)C)CC2)NC1=O,5.39
OPRM1,CHEMBL6039679,CN(C)[C@]1(c2ccccc2)CC[C@]2(CC1)CN(c1ccc(N3CCS(=O)(=O)CC3)nc1)C(=O)N2,5.39
OPRM1,CHEMBL6053805,C=CCN(CC(Cc1ccccc1)N(C)C)C(=O)N[C@H](C)Cc1ccsc1,5.39
OPRM1,CHEMBL5807023,COC(=O)C1(N)CCN(C(=O)[C@@H](CCCCN)NC(=O)[C@@H](CC(C)C)NC(=O)[C@@H](Cc2ccccc2)NC(=O)[C@H](N)[C@H](C)c2ccccc2)C1,5.39
OPRM1,CHEMBL127802,CCCCN1CCC(=C(c2ccccc2)c2ccc(C(=O)N(CC)CC)cc2)CC1,5.38
OPRM1,CHEMBL110933,CCCC(c1ccccc1)N1CC[C@H]1[C@@H](N)c1cccc(Cl)c1,5.38
OPRM1,CHEMBL325052,CCN1CC[C@@]2(C)c3cc(O)ccc3CC1[C@H]2C,5.38
OPRM1,CHEMBL378453,N#Cc1ccc2c(c1)c(C1=CCN(C3Cc4cccc5cccc3c45)CC1)cn2C[C@H](O)CN,5.38
OPRM1,CHEMBL213155,COC(=O)[C@@H]1C[C@H](NC(C)=O)C(=O)[C@H]2[C@@]1(C)CC[C@H]1C(=O)O[C@H](c3ccoc3)C[C@]21C,5.38
OPRM1,CHEMBL3349279,Clc1ccccc1C(c1ccccc1Cl)N1[C@@H]2CC[C@H]1C[C@](CN1CCCC1)(c1ccccc1)C2,5.38
OPRM1,CHEMBL577359,CCN(CC)C(=O)c1ccc(N(c2cccc(CN(C)C)c2)C2CCN(Cc3ccccc3)CC2)cc1,5.38
OPRM1,CHEMBL1380599,Cc1ccc(C)c(NC(S)=NCC(c2ccccc2)N(C)C)c1,5.38
OPRM1,CHEMBL2413796,CN(C)[C@H]1CCCC[C@@H]1OC/C=C/c1ccccc1,5.38
OPRM1,CHEMBL4455986,Cc1nc(C)c(-c2csc(Nc3c(C)cccc3F)n2)s1,5.38
OPRM1,CHEMBL4857492,O=C(O)c1ccc(C#Cc2ccc3c(c2)C=C([N+](=O)[O-])C(C(F)(F)F)O3)cc1,5.38
OPRM1,CHEMBL1508,CN(C)CCC[C@@]1(c2ccc(F)cc2)OCc2cc(C#N)ccc21,5.38
OPRM1,CHEMBL496,Oc1c(Cl)cc(Cl)c(Cl)c1Cc1c(O)c(Cl)cc(Cl)c1Cl,5.38
OPRM1,CHEMBL5901596,CNC(=O)CCN1C[C@]2(CC[C@](c3ccccc3)(N(C)CC(C)C)CC2)N(CC2CCC2)C1=O,5.38
OPRM1,CHEMBL5767772,CN(C)[C@]1(c2ccccc2)CC[C@]2(CC1)CN(c1ccc(C#N)cc1)C(=O)N2,5.38
OPRM1,CHEMBL324897,N[C@H](c1cccc(Cl)c1)[C@@H]1CCN1C(c1cccc(F)c1)c1cccc(F)c1,5.37
OPRM1,CHEMBL419179,N[C@@H](c1cc(F)cc(F)c1)[C@@H]1CCN1C(c1ccccc1)c1ccccc1,5.37
OPRM1,CHEMBL304466,O=C(Nc1ccccc1)c1ccc(C(=C2CC3CCC(C2)N3CCc2ccccc2)c2ccccc2)cc1,5.37
OPRM1,CHEMBL64809,N#Cc1cccc(-c2cccn(C(CN3CCCC3)c3ccccc3)c2=O)c1,5.37
OPRM1,CHEMBL334369,Cc1cc(O)cc(C)c1[C@@H](C)[C@H](N)C(=O)N[C@H](C(=O)NCC(=O)N[C@@H](Cc1ccccc1)C(=O)N[C@H](C(=O)O)C(C)(C)S)C(C)(C)S,5.37
OPRM1,CHEMBL369945,Cc1ccc2c(c1)C1(CCN(CC3CCCCCCC3)CC1)C(=O)N2C,5.37
OPRM1,CHEMBL202225,O=C(NCCCN1CCC2(CCc3ccccc32)CC1)[C@H]1CCCN1Cc1ccccc1,5.37
OPRM1,CHEMBL474708,C#CCN1CN(c2ccccc2)C2(CCN(C(c3ccccc3)c3ccccc3)CC2)C1=O,5.37
OPRM1,CHEMBL3323508,O=C(Cc1ccc(Cl)c(Cl)c1)N1CCN(Cc2ccccc2)C2CCCC(N3CCC(O)C3)C21,5.37
OPRM1,CHEMBL3934684,COCCOCCOCCO[C@H]1C=CC2C3Cc4ccc(OC)c5c4[C@@]2(CCN3C)C1O5,5.37
OPRM1,CHEMBL4750644,CC[C@H](C)[C@H](NC(=O)[C@H](CCCNC(=N)N)NC(=O)[C@H](CC(C)C)NC(=O)[C@H](Cc1ccccc1)NC(=O)CNC(=O)CNC(=O)[C@H](Cc1ccc(O)cc1)NC(C)=O)C(=O)N[C@@H](CCCNC(=N)N)C(N)=O,5.37
OPRM1,CHEMBL1652,CC[N+](CC)(CCNC(=O)C(=O)NCC[N+](CC)(CC)Cc1ccccc1Cl)Cc1ccccc1Cl,5.37
OPRM1,CHEMBL5927323,COCCOCCOCCO[C@H]1C=CC2[C@H](N(C)C)Cc3ccc(OC)c4c3[C@@]2(C)[C@H]1O4,5.37
OPRM1,CHEMBL5949689,CN(C)[C@]1(c2ccccc2)CC[C@]2(CC1)CN(c1cnc(-c3ccncc3)nc1)C(=O)N2,5.37
OPRM1,CHEMBL5851538,COC(=O)c1ccccc1N1C[C@]2(CC[C@](c3ccccc3)(N(C)C)CC2)NC1=O,5.37
OPRM1,CHEMBL5977346,Cc1nc(N2CCS(=O)(=O)CC2)ncc1N1C[C@]2(CC[C@](c3ccccc3)(N(C)C)CC2)NC1=O,5.37
OPRM1,CHEMBL6028424,Cc1cc(-c2ccncc2)ncc1N1C[C@]2(CC[C@](c3ccccc3)(N(C)C)CC2)NC1=O,5.37
OPRM1,CHEMBL5864863,Cn1nc(C(F)(F)F)cc1N1C[C@]2(CC[C@](c3cccs3)(N(C)C)CC2)NC1=O,5.37
OPRM1,CHEMBL304989,C=CCN1[C@@H]2CC[C@H]1C/C(=C(/c1ccccc1)c1ccc(C(=O)N(CC)CC)cc1)C2,5.36
OPRM1,CHEMBL539076,CCOC(=O)C1(c2ccc(Cl)cc2)CCN(C)CC1.Cl,5.36
OPRM1,CHEMBL200621,COc1ccc(N2CNC(=O)C23CCN([C@@H]2CCCC[C@@]2(O)c2ccc(Cl)cc2)CC3)cc1,5.36
OPRM1,CHEMBL259185,CC(C)(C)Sc1nc2cc(Cl)c(N3CCN(CCO)CC3)cc2[nH]1,5.36
OPRM1,CHEMBL470951,Cc1cccnc1-n1cc(CN2CCC3(CC2)OCc2ccccc23)c(C)n1,5.36
OPRM1,CHEMBL1762402,CCCCCCCCNCc1ccc(OCc2ccccc2C(=O)Nc2ccc3nc(C)cc(N)c3c2)cc1,5.36
OPRM1,CHEMBL141343,Cc1c(C)c2c(c(C)c1O)CCC(C)(CN1CCN(c3cc(N4CCCC4)nc(N4CCCC4)n3)CC1)O2,5.36
OPRM1,CHEMBL3323517,O=C(Cc1ccc(Cl)c(Cl)c1)N1CCN(Cc2cnc[nH]2)C2CCCC(N3CCC(O)C3)C21,5.36
OPRM1,CHEMBL3698836,O=c1c(N2CC3CNCC3C2)nc2ccccc2n1C1CCN(C2CCCCCCC2)CC1,5.36
OPRM1,CHEMBL3698756,CCOC(=O)CN(C)c1nc2ccccc2n(C2CCN(C3CCCCCCC3)CC2)c1=O,5.36
OPRM1,CHEMBL3698787,O=C(O)c1cccc(CNc2nc3ccccc3n([C@H]3C[C@H]4CC[C@@H](C3)N4C3CCCCCCC3)c2=O)c1,5.36
OPRM1,CHEMBL3704634,O=C(O)CCN1CCC[C@H]1Cc1nc2ccccc2n1[C@H]1C[C@H]2CCC[C@@H](C1)N2[C@@H]1C[C@@H]2CCCC[C@@H](C2)C1,5.36
OPRM1,CHEMBL4469848,FC(F)(F)c1cc(Oc2nccc3occc23)ccc1-c1cccc2nccn12,5.36
OPRM1,CHEMBL4464264,CCc1ccc2nc(N3CCC(NCC(C)C)CC3)c(-c3nc(C)no3)cc2c1,5.36
OPRM1,CHEMBL4751491,CCC(=O)N(Cc1cccs1)C1(C(=O)Nc2ccc(OC)cc2)CCN(CCc2ccccc2)CC1,5.36
OPRM1,CHEMBL5437720,COC(=O)C(Cc1ccccc1I)NC(=O)CN(Cc1ccccc1)C(=O)OC(C)(C)C,5.36
OPRM1,CHEMBL319592,C=C(C)CN1CCC23c4c5ccc(O)c4O[C@H]2C(=O)/C(=C/c2ccccc2)C[C@@]3(O)C1C5,5.35
OPRM1,CHEMBL430675,C=CCN1C[C@H](C)N([C@H](c2ccc(C(=O)N3CCCCCC3)cc2)c2cccc(OC)c2)C[C@H]1C,5.35
OPRM1,CHEMBL2370996,NC(=O)[C@H](CCC(=O)O)NC(=O)[C@H](Cc1ccccc1)NC(=O)[C@@H]1Cc2ccccc2CN1C(=O)[C@@H](N)Cc1ccc(O)cc1,5.35
OPRM1,CHEMBL564840,Cl.O=c1n(C[C@@H](O)CO)c2ccccc2n1C1CCN(C[C@H]2[C@H]3CC[C@H](C3)C23CC3)CC1,5.35
OPRM1,CHEMBL570181,CCN(CC)C(=O)c1ccc(N(c2cccc(OC)c2)C2CCN(CCc3ncc[nH]3)CC2)cc1,5.35
OPRM1,CHEMBL572038,COc1cccc([C@@]2(O)CCCC[C@@H]2CN(C)CCNC(=O)c2cc(Cl)c(N)cc2OC)c1,5.35
OPRM1,CHEMBL1743603,Cc1cc(O)cc(C)c1C[C@@H](C(=O)N1Cc2ccccc2C[C@H]1C(=O)NCCC(=O)O)N(C)C.O=C(O)C(F)(F)F,5.35
OPRM1,CHEMBL1762399,CCCCCNCc1ccc(OCc2ccccc2C(=O)Nc2ccc3nc(C)cc(N)c3c2)cc1,5.35
OPRM1,CHEMBL3323522,COC(=O)N1CCN(C(=O)Cc2ccc(Cl)c(Cl)c2)C2C(N3CCC(O)C3)CCCC21,5.35
OPRM1,CHEMBL3704625,O=C(O)CCN1CC[C@@H](Cc2nc3ccccc3n2[C@H]2C[C@H]3CCC[C@@H](C2)N3[C@@H]2C[C@@H]3CCCC[C@@H](C3)C2)C1,5.35
OPRM1,CHEMBL1946170,CNC(=O)c1cc(Oc2ccc(NC(=O)Nc3ccc(Cl)c(C(F)(F)F)c3)c(F)c2)ccn1,5.35
OPRM1,CHEMBL5771227,CN(C)[C@]1(c2ccccc2)CC[C@]2(CC1)CN(c1cnc(N3CCOCC3)c(F)c1)C(=O)N2,5.35
OPRM1,CHEMBL127638,CCN(CC)C(=O)c1ccc(C(c2ccc(OC)cc2)N2CCNCC2)cc1,5.34
OPRM1,CHEMBL113956,CCOc1ccc(CCNC(=O)N2CCN(CCCC(c3ccc(F)cc3)c3ccc(F)cc3)CC2)cc1,5.34
OPRM1,CHEMBL231874,OC1(c2ccco2)CCN(C(c2ccccc2)c2ccccc2)CC1,5.34
OPRM1,CHEMBL2381591,COC(=O)[C@@H]1C[C@H](OC(=O)CCCC(=O)O)C(=O)[C@H]2[C@@]1(C)CC[C@H]1C(=O)O[C@H](c3ccoc3)C[C@]21C,5.34
OPRM1,CHEMBL3183148,CCOC(=O)c1cc(C(=O)OC)c(C)nc1N1CCC(NC2CCCCC2O)CC1,5.34
OPRM1,CHEMBL3913034,COc1ccc2c(c1)[C@]13CCN(CC4CC4)[C@H](C2)[C@]1(O)C[C@H](CC(=O)N[C@@H](C)C(=O)O)C(=O)C3,5.34
OPRM1,CHEMBL251940,N#Cc1ccc2c(c1)N(CCCN1CCC(O)CC1)c1ccccc1S2,5.34
OPRM1,CHEMBL5912708,CN(C)[C@]1(c2ccccc2)CC[C@]2(CC1)CN(c1cnc(-c3cccc(C#N)c3)nc1)C(=O)N2,5.34
OPRM1,CHEMBL6039596,Cc1nc(N2CCOCC2)ncc1N1C[C@]2(CC[C@](c3ccccc3)(N(C)C)CC2)NC1=O,5.34
OPRM1,CHEMBL5763731,CN(C)[C@]1(c2ccccc2)CC[C@]2(CC1)CN(c1cnc(N3CCN(CC(N)=O)CC3)nc1)C(=O)N2,5.34
OPRM1,CHEMBL5959341,CN(C)[C@]1(c2ccccc2)CC[C@]2(CC1)CN(c1ccc(C#N)nc1)C(=O)N2,5.34
OPRM1,CHEMBL5916898,CC(=O)N1CCN(c2ncc(N3C[C@]4(CC[C@](c5ccccc5)(N(C)C)CC4)NC3=O)c(C)n2)CC1,5.34
OPRM1,CHEMBL5747896,CN(C)[C@]1(c2ccccc2)CC[C@]2(CC1)CN(c1cnc(N3CCC3)nc1)C(=O)N2,5.34
OPRM1,CHEMBL5902311,C[C@@H](Cc1ccsc1)NC(=O)NC[C@H](Cc1ccc(O)nc1)N(C)C,5.34
OPRM1,CHEMBL106190,CCCCC(c1cccc(F)c1)N1CC[C@H]1[C@@H](N)c1cccc(Cl)c1,5.33
OPRM1,CHEMBL45842,COc1ccc(-c2cc3c(cc2OC)CN(C(=O)C(N)Cc2c(C)cc(O)cc2C)[C@H](C(=O)O)C3)cc1,5.33
OPRM1,CHEMBL573739,CCN(CC)C(=O)c1ccc(N(c2cccc(C(=O)NC)c2)C2CCN(Cc3ccccc3)CC2)cc1,5.33
OPRM1,CHEMBL589260,CC[C@@]12CCN(CC3CC3)C[C@@H]1Oc1c(O)cccc12,5.33
OPRM1,CHEMBL1416425,CN(C)C(CN=C(S)Nc1cccc(Cl)c1)c1ccccc1,5.33
OPRM1,CHEMBL1388222,CN(C)C(CNC(=O)c1cnc(Cl)c(Cl)c1)c1ccccc1,5.33
OPRM1,CHEMBL3325702,Cc1ccccc1-n1nc(C)c2c1CC(C)(C)CC2=O,5.33
OPRM1,CHEMBL3323516,O=C(Cc1ccc(Cl)c(Cl)c1)N1CCN(Cc2cnc[nH]2)C2CCCC(N3CCCC3)C21,5.33
OPRM1,CHEMBL3698873,O=C(O)CC1CCN(c2nc3ccccc3n([C@H]3C[C@H]4CC[C@@H](C3)N4C3CCCCCCC3)c2=O)CC1,5.33
OPRM1,CHEMBL3698779,O=c1c(N2CC[C@@H](O)C2)nc2ccccc2n1C1CCN(C2CCCCCCC2)CC1,5.33
OPRM1,CHEMBL3704589,O=C(O)CN1CCCC[C@H]1c1nc2ccccc2n1[C@H]1C[C@H]2CCC[C@@H](C1)N2[C@@H]1C[C@@H]2CCCC[C@@H](C2)C1,5.33
OPRM1,CHEMBL1014,CCOc1nc2cccc(C(=O)OC(C)OC(=O)OC3CCCCC3)c2n1Cc1ccc(-c2ccccc2-c2nn[nH]n2)cc1,5.33
OPRM1,CHEMBL21333,O=C(Nc1cccc2c(=O)cc(-c3nnn[nH]3)oc12)c1ccc(OCCCCc2ccccc2)cc1,5.33
OPRM1,CHEMBL5815434,Cc1ccc2[nH]c(=O)c(CN3CCN[C@@H](c4ccccc4)C3)cc2c1,5.33
OPRM1,CHEMBL6028120,CN(C)[C@]1(c2ccccc2)CC[C@]2(CC1)CN(CC(C)(C)C(N)=O)C(=O)N2CC1COC1,5.33
OPRM1,CHEMBL6027070,CN(C)[C@]1(c2ccccc2)CC[C@]2(CC1)CN(c1cnc(-c3ccc4ncsc4c3)nc1)C(=O)N2,5.33
OPRM1,CHEMBL5962948,CN(C)[C@]1(c2ccccc2)CC[C@]2(CC1)CN(c1cnccc1C#N)C(=O)N2,5.33
OPRM1,CHEMBL5308250,CCC[C@@H]1CNCc2c1[nH]c(=O)c(C#N)c2N1CCC2(CC1)CC2,5.33
OPRM1,CHEMBL60030,O=c1c(-c2ccc(Cl)cc2)cccn1C(CN1CCCC1)c1ccccc1,5.32
OPRM1,CHEMBL545182,Cl.O=C(Cc1cccc2sccc12)N[C@@H]1CCCC[C@H]1N1CCCC1,5.32
OPRM1,CHEMBL2113278,COC(=O)[C@@H]1C[C@H](OC(C)=O)C(=O)[C@H]2[C@@]1(C)CC[C@H]1C(=O)O[C@H](C3CC(OC)OC3OC)C[C@]21C,5.32
OPRM1,CHEMBL459388,COCCN(C(=O)Cc1ccccc1Br)C1c2cc(OC)c(OC)cc2CCC1N(C)C,5.32
OPRM1,CHEMBL2022298,COC(=O)[C@@H]1C[C@H](OC(C)=O)C(=O)[C@H]2[C@@]1(C)CC[C@H]1C(=O)O[C@H](C(=O)c3cccc(OC(F)(F)F)c3)C[C@]21C,5.32
OPRM1,CHEMBL1522542,CN(C)CCCN(C(=O)c1ccc(S(=O)(=O)N(C)C2CCCCC2)cc1)c1nc2ccc(F)cc2s1.Cl,5.32
OPRM1,CHEMBL2205829,OC12C3C4CC5C6C4C1C6C(C53)N2Cc1ccc2c(c1)OCO2,5.32
OPRM1,CHEMBL4644052,COc1cccc(C2CCCN2Cc2ccc(Oc3ccc(C(=O)NO)cc3F)cc2)c1,5.32
OPRM1,CHEMBL6038776,CN(Cc1nnc(C2CC2)n1C)C(=O)NC[C@@H](Cc1ccccc1)N(C)C,5.32
OPRM1,CHEMBL5838788,CN(C)[C@]1(c2ccccc2)CC[C@]2(CC1)CN(c1cnc(N3CCOCC3)cc1C#N)C(=O)N2,5.32
OPRM1,CHEMBL5943843,CC(C)c1cn(-c2ncc(N3C[C@]4(CC[C@](c5ccccc5)(N(C)C)CC4)NC3=O)cn2)nn1,5.32
OPRM1,CHEMBL5897550,Cc1cnccc1N1C[C@]2(CC[C@](c3ccccc3)(N(C)C)CC2)NC1=O,5.32
OPRM1,CHEMBL5826157,CC(=O)n1ccc2c(N3C[C@]4(CC[C@](c5ccccc5)(N(C)C)CC4)NC3=O)cccc21,5.32
OPRM1,CHEMBL518489,COCCN(C(=O)c1cc(C)nn1C)C1c2ccccc2CCC1c1ccsc1,5.31
OPRM1,CHEMBL1762407,Cc1cc(N)c2cc(NC(=O)c3ccccc3COc3ccc(CNCCCCCN)cc3)ccc2n1,5.31
OPRM1,CHEMBL3323510,O=C(Cc1ccc(Cl)c(Cl)c1)N1CCNC2CCCC(N3CCC(O)C3)C21,5.31
OPRM1,CHEMBL4087151,CN(C(=O)/C=C/c1cccs1)[C@@H]1CC[C@@]2(O)[C@H]3[C@@H](O)c4ccc(O)c5c4[C@@]2(CCN3CC2CC2)[C@H]1O5,5.31
OPRM1,CHEMBL4586970,CCc1cc(Br)ccc1Nc1nc(-c2sc(C)nc2C)cs1,5.31
OPRM1,CHEMBL535,CCN(CC)CCNC(=O)c1c(C)[nH]c(/C=C2\C(=O)Nc3ccc(F)cc32)c1C,5.31
OPRM1,CHEMBL144673,CCCCC(CC)CN1CN(CC(CC)CCCC)CC(C)(N)C1,5.31
OPRM1,CHEMBL588,Oc1ccc(C2CNCCc3c2cc(O)c(O)c3Cl)cc1,5.31
OPRM1,CHEMBL1076347,O=C(Nc1ccc(Cl)cc1)Nc1ccc(Cl)c(Cl)c1,5.31
OPRM1,CHEMBL278255,NC1CCN(c2c(F)cc3c(=O)c(C(=O)O)cn(C4CC4)c3c2Cl)C1,5.31
OPRM1,CHEMBL5633355,O[C@H]1[C@H](n2cnc3c(NC(C4CCCC4)C4CCCC4)nc(Cl)nc32)[C@H]2C[C@@]2(CSc2ccccc2F)[C@H]1O,5.31
OPRM1,CHEMBL127007,CCN(CC)C(=O)c1ccc(C(=C2CCNCC2)c2ccc(Cl)cc2)cc1,5.3
OPRM1,CHEMBL324479,COC(=O)c1csc(S(=O)(=O)N2CCN(C(=O)c3ccccc3Nc3ccccc3)CC2)c1OC,5.3
OPRM1,CHEMBL304196,CCN(CC)C(=O)c1ccc(N(c2ccccc2)C2C[C@H]3CC[C@@H](C2)N3)cc1,5.3
OPRM1,CHEMBL24035,C=CCN1CCN(C(c2ccccc2)c2ccc(C(=O)N(CC)CC)cc2)CC1,5.3
OPRM1,CHEMBL573517,CCN(CC)C(=O)c1ccc(N(c2ccccc2C(N)=O)C2CCN(Cc3ccccc3)CC2)cc1,5.3
OPRM1,CHEMBL2381589,COC(=O)CCCC(=O)O[C@H]1C[C@@H](C(=O)OC)[C@]2(C)CC[C@H]3C(=O)O[C@H](c4ccoc4)C[C@]3(C)[C@H]2C1=O,5.3
OPRM1,CHEMBL2418744,COc1cc(C)c2c3c1O[C@H]1[C@@H](O)[C@H](C)C[C@H]4[C@@H](C2)N(C)CC[C@@]341,5.3
OPRM1,CHEMBL3426792,CC1(C)CC(=O)C2=C(C1)OC1=C(C(=O)CC(C)(C)C1)C2c1ccc(OCc2ccccc2F)cc1,5.3
OPRM1,CHEMBL3426800,CC1(C)CC(=O)C2=C(C1)OC1=C(C(=O)CC(C)(C)C1)C2c1ccc(OCc2ccccc2S(C)(=O)=O)cc1,5.3
OPRM1,CHEMBL3665430,CCC1(CC)C(=O)Nc2ccccc2N(C2CCN(C3CCC(C(C)C)CC3)CC2)C1=O,5.3
OPRM1,CHEMBL3698751,O=C(O)[C@H](CO)Nc1nc2ccccc2n(C2CCN(C3CCCCCCC3)CC2)c1=O,5.3
OPRM1,CHEMBL4113657,COc1ccc2c3c1O[C@H]1[C@@]4(OC)CC[C@@]5(C[C@@H]4C(N[C@H](C(N)=O)c4ccccc4)c4ccccc4)[C@@H](C2)N(CC2CC2)CC[C@]315,5.3
OPRM1,CHEMBL829,CC(CN(C)C)CN1c2ccccc2Sc2ccccc21,5.3
OPRM1,CHEMBL708,O=C1Cc2cc(CCN3CCN(c4nsc5ccccc45)CC3)c(Cl)cc2N1,5.3
OPRM1,CHEMBL6031919,CN(C)[C@]1(c2ccccc2)CC[C@]2(CC1)CN(c1cnc(N3CCNC(=O)C3)nc1)C(=O)N2,5.3
OPRM1,CHEMBL5782693,CN(C)[C@]1(c2ccccc2)CC[C@]2(CC1)CN(c1nnc(C(F)(F)F)s1)C(=O)N2,5.3
OPRM1,CHEMBL428276,CC[C@H](C)[C@H](NC(=O)[C@H](Cc1ccc(O)cc1)NC(=O)[C@H](Cc1c[nH]cn1)NC(=O)[C@H](CCCN=C(N)N)NC(=O)[C@H](CC(C)C)NC(=O)[C@H](C)NC(=O)[C@@H](N)CO)C(=O)N[C@@H](CC(N)=O)C(=O)N[C@@H](CC(C)C)C(=O)N[C@H](C(=O)N[C@H](C(=O)N[C@@H](CCCN=C(N)N)C(=O)N[C@@H](CCC(N)=O)C(=O)N[C@@H](CCCN=C(N)N)C(=O)N[C@@H](Cc1ccc(O)cc1)C(=O)O)[C@@H](C)O)[C@@H](C)CC,5.29
OPRM1,CHEMBL241080,O=C1NCN(c2ccccc2)C12CCN(C(c1ccccc1)c1ccc(Cl)cc1)CC2,5.29
OPRM1,CHEMBL272592,CC(C)(C)C1CCC(N2CCC3(CC2)C(=O)NCc2cc(F)ccc23)CC1,5.29
OPRM1,CHEMBL572248,COc1cc(N)c(Cl)cc1C(=O)NCCN(C)C[C@@H]1CCCC[C@@]1(O)c1cccc(O)c1,5.29
OPRM1,CHEMBL1762398,CCCCNCc1ccc(OCc2ccccc2C(=O)Nc2ccc3nc(C)cc(N)c3c2)cc1,5.29
OPRM1,CHEMBL71,CN(C)CCCN1c2ccccc2Sc2ccc(Cl)cc21,5.29
OPRM1,CHEMBL1609119,CN(C)CCCN(C(=O)c1ccc(S(=O)(=O)N2CCc3ccccc3C2)cc1)c1nc2c(F)cc(F)cc2s1.Cl,5.29
OPRM1,CHEMBL3323511,CN1CCN(C(=O)Cc2ccc(Cl)c(Cl)c2)C2C1CCCC2N1CCCC1,5.29
OPRM1,CHEMBL305906,CCCCCCCCCCCCCCCC[n+]1ccccc1,5.29
OPRM1,CHEMBL1630575,CC[C@H](C)C[C@H](C)CCCCCCCCC(=O)N[C@H]1C[C@@H](O)[C@@H](NCCN)NC(=O)[C@@H]2[C@@H](O)CCN2C(=O)[C@H]([C@H](O)CCN)NC(=O)[C@H]([C@H](O)[C@@H](O)c2ccc(O)cc2)NC(=O)[C@@H]2C[C@@H](O)CN2C(=O)[C@H]([C@@H](C)O)NC1=O,5.29
OPRM1,CHEMBL420,N=C(N)N/N=C/c1c(Cl)cccc1Cl,5.29
OPRM1,CHEMBL5987202,COC(=O)c1ccc(N2C[C@]3(CC[C@](c4ccccc4)(N(C)C)CC3)NC2=O)cc1,5.29
OPRM1,CHEMBL5839589,Cc1cc(C(N)=O)cnc1N1C[C@]2(CC[C@](c3ccccc3)(N(C)C)CC2)NC1=O,5.29
OPRM1,CHEMBL423694,CCN(CC)C(=O)c1ccc(C(=C2CCNCC2)c2cccc(OC)c2)cc1,5.28
OPRM1,CHEMBL413729,CC[C@H](C)[C@H](NC(=O)[C@H](CCCN=C(N)N)NC(=O)[C@H](CCCN=C(N)N)NC(=O)[C@H](CC(C)C)NC(=O)[C@H](Cc1ccccc1)NC(=O)[C@@H]1CCCN1C(=O)CNC(=O)[C@@H](N)Cc1ccc(O)cc1)C(=O)N[C@@H](CCCN=C(N)N)C(=O)N1CCC[C@@H]1C(=O)N[C@@H](CCCCN)C(N)=O,5.28
OPRM1,CHEMBL542102,CCCCCN(CCN1CCCC1)C(=O)Cc1cccc2sccc12.Cl,5.28
OPRM1,CHEMBL265595,CCCC[C@@H](C(=O)N[C@@H](CC(=O)O)C(=O)N[C@@H](Cc1ccccc1)C(N)=O)N(C)C(=O)[C@H](Cc1c[nH]c2ccccc12)NC(=O)CNC(=O)[C@H](Cc1ccccc1)NC(=O)[C@H](Cc1ccc(O)cc1)NC(=O)[C@@H](N)CC(=O)O,5.28
OPRM1,CHEMBL125742,CCN(CC)C(=O)c1ccc(C(c2cccc(OC)c2)N2CCNCC2)cc1,5.28
OPRM1,CHEMBL198600,CN1C(=O)C2(CCN(CC3CCCCCCC3)CC2)c2cc(C(F)(F)F)ccc21,5.28
OPRM1,CHEMBL201226,O=C1NCN(c2ccccc2)C12CCN([C@@H]1COCC[C@@]1(O)c1ccccc1)CC2,5.28
OPRM1,CHEMBL379021,[2H]C([2H])([2H])Oc1cccc([C@@]2(O)CCCC[C@@H]2CN(C([2H])([2H])[2H])C([2H])([2H])[2H])c1,5.28
OPRM1,CHEMBL472677,O=C1N(CC2CC2)CN(c2ccccc2)C12CCN(C(c1ccccc1)c1ccccc1)CC2,5.28
OPRM1,CHEMBL3698864,O=C(O)C1(O)CCN(c2nc3ccccc3n([C@H]3C[C@H]4CC[C@@H](C3)N4C3CCCCCCC3)c2=O)C1,5.28
OPRM1,CHEMBL3698879,CC(C)C1CCC(N2[C@@H]3CC[C@H]2C[C@@H](n2c(=O)c(C(=O)O)nc4ccccc42)C3)CC1,5.28
OPRM1,CHEMBL3698847,CC(=O)Nc1nc2ccccc2n(C2CCN(C3CCCCCCC3)CC2)c1=O,5.28
OPRM1,CHEMBL3698850,C=CCNc1nc2ccccc2n(C2CCN(C3CCCCCCC3)CC2)c1=O,5.28
OPRM1,CHEMBL3695264,COC(=O)[C@@H]1C[C@@H](O)CN1c1nc2ccccc2n(C2CCN(C3CCCCCCC3)CC2)c1=O,5.28
OPRM1,CHEMBL3920864,CN(C)C1(c2ccccc2)CCC(c2ccccc2)(N(C)CC(=O)O)CC1,5.28
OPRM1,CHEMBL1201203,CN1[C@@H]2CC[C@H]1C[C@@H](OC(c1ccccc1)c1ccccc1)C2,5.28
OPRM1,CHEMBL1194287,CN(C)CCN(Cc1ccc(Cl)cc1)c1ccccn1,5.28
OPRM1,CHEMBL6045047,CN(C)[C@]1(c2cccs2)CC[C@]2(CC1)CN(c1cnc(-c3cccc4c3CC(=O)N4)nc1)C(=O)N2,5.28
OPRM1,CHEMBL106043,N[C@@H](c1ccc(Oc2ccccc2)cc1)[C@@H]1CCN1C(c1ccccc1)c1ccccc1,5.27
OPRM1,CHEMBL128006,CCN(CC)C(=O)c1ccc(C(c2ccc(Cl)cc2)N2CCNCC2)cc1,5.27
OPRM1,CHEMBL271590,CC(C)C1CCC(N2CCC3(CC2)C(=O)NCc2ccccc23)CC1,5.27
OPRM1,CHEMBL3084661,Fc1cccc([C@H]2C[C@H]3CC[C@@H](C2)N3C(c2ccccc2Cl)c2ccccc2Cl)n1,5.27
OPRM1,CHEMBL1707988,O=C(Cn1c(=O)c2cccn2c2cc(Br)cnc21)NCCCN1CCN(c2ccc(Cl)cc2)CC1,5.27
OPRM1,CHEMBL1762406,Cc1cc(N)c2cc(NC(=O)c3ccccc3COc3ccc(CNCCCCN)cc3)ccc2n1,5.27
OPRM1,CHEMBL1946621,CN(C)C(=O)c1ccc(C(=C2CCN(Cc3cscn3)CC2)c2ccccn2)cc1,5.27
OPRM1,CHEMBL2205811,COc1cccc(CCN2C3C4C5CC6C7C5C3C7C2(O)C64)c1,5.27
OPRM1,CHEMBL2205836,COc1ccccc1CCN1C2C3C4CC5C6C4C2C6C1(O)C53,5.27
OPRM1,CHEMBL3695288,O=c1c(NC[C@@H](O)CO)nc2ccccc2n1C1CCN(C2CCCCCCC2)CC1,5.27
OPRM1,CHEMBL25336,C(=N/NC1=NCCN1)\c1c2ccccc2c(/C=N/NC2=NCCN2)c2ccccc12,5.27
OPRM1,CHEMBL6055625,CN(C)[C@]1(c2ccccc2)CC[C@]2(CC1)CN(c1cnc(N3CC(F)(F)C3)nc1)C(=O)N2,5.27
OPRM1,CHEMBL5980473,CN(C)[C@]1(c2ccccc2)CC[C@]2(CC1)CN(c1ccc(C(N)=O)nc1)C(=O)N2,5.27
OPRM1,CHEMBL6009762,CN(C)[C@]1(c2ccccc2)CC[C@]2(CC1)CN(c1ccc3ncncc3c1)C(=O)N2,5.27
OPRM1,CHEMBL5939254,COC(=O)C1(N)CCN(C(=O)[C@@H](CCCCN)NC(=O)[C@@H](CC(C)C)NC(=O)[C@@H](Cc2ccccc2)NC(=O)[C@H](N)[C@H](C)c2ccccc2)CC1,5.27
OPRM1,CHEMBL324895,CCCCC(c1cc(F)cc(F)c1)N1CC[C@H]1[C@@H](N)c1cccc(Cl)c1,5.26
OPRM1,CHEMBL129315,CCN(CC)C(=O)c1ccc(C(=C2CCNCC2)c2cccs2)cc1,5.26
OPRM1,CHEMBL339922,CCN(CC)C(=O)c1ccc(C(=C2CCNCC2)c2ccc(OC)cc2)cc1,5.26
OPRM1,CHEMBL184646,O=S1(=O)Nc2ccccc2N1C1CCN(C2CCC3CCCCC3C2)CC1,5.26
OPRM1,CHEMBL377164,O=C1NCC(c2ccccc2)C12CCN(C1(c3ccccc3)CCCCC1)CC2,5.26
OPRM1,CHEMBL211568,O=C1NC[C@H](c2ccccc2)C12CCN([C@@H]1CCCC[C@@H]1c1ccccc1)CC2,5.26
OPRM1,CHEMBL3698823,O=C(O)c1nc2ccccc2n([C@H]2C[C@H]3CC[C@@H](C2)N3C23CCC(CC2)C3)c1=O,5.26
OPRM1,CHEMBL3704586,O=C(O)CCN1CCC[C@@H]1c1nc2ccccc2n1[C@H]1C[C@H]2CCC[C@@H](C1)N2[C@@H]1C[C@@H]2CCCC[C@@H](C2)C1,5.26
OPRM1,CHEMBL3786343,C=CC(=O)Nc1cccc(Oc2nc(Nc3ccc(N4CCN(C)CC4)cc3)nc3ccsc23)c1,5.26
OPRM1,CHEMBL1626,CN1CCC[C@@H]1CCO[C@](C)(c1ccccc1)c1ccc(Cl)cc1,5.26
OPRM1,CHEMBL5755502,CN(C)[C@]1(c2ccccc2)CC[C@]2(CC1)CN(c1cnc(NC3CCOCC3)nc1)C(=O)N2,5.26
OPRM1,CHEMBL5826232,Cc1ncc(N2C[C@]3(CC[C@](c4ccccc4)(N(C)C)CC3)NC2=O)c(N2CCC2)n1,5.26
OPRM1,CHEMBL5751399,CC(=O)Nc1ncc(N2C[C@]3(CC[C@](c4ccccc4)(N(C)C)CC3)NC2=O)cn1,5.26
OPRM1,CHEMBL6133333,C/C=C1/CN2CC[C@]34C(=C(C(=O)OC)[C@H]1C[C@H]23)Nc1ccc(Br)cc14,5.26
OPRM1,CHEMBL6166259,CCC(=O)N(c1ccccc1)C1CCN(CC(=O)N2CCCC2)CC1,5.26
OPRM1,CHEMBL340834,CCN(CC)C(=O)c1ccc(C(c2cccc(F)c2)N2CCNCC2)cc1,5.25
OPRM1,CHEMBL403893,COC1=CC=C2[C@H]3Cc4ccc(OC)c5c4[C@@]2(CCN3C)[C@H]1O5,5.25
OPRM1,CHEMBL524522,COC(=O)[C@@H]1C[C@H](OC(=O)CNC(=O)OC(C)(C)C)C(=O)[C@H]2[C@@]1(C)CC[C@H]1C(=O)O[C@H](c3ccoc3)C[C@]21C,5.25
OPRM1,CHEMBL466648,Cc1ncc(-c2c(C)c(CN[C@H]3CC[C@@H](F)C3)nn2-c2ncccc2Cl)cc1F,5.25
OPRM1,CHEMBL3698781,O=C(NO)c1nc2ccccc2n(C2CCN(C3CCCCCCC3)CC2)c1=O,5.25
OPRM1,CHEMBL1766103,Cc1cc(C)cc(-c2cnc3cc(Cl)c(-c4cccc(O)c4)cc3c2OCCCN)c1,5.25
OPRM1,CHEMBL5986665,COc1ncc(N2C[C@]3(CC[C@](c4ccccc4)(N(C)C)CC3)NC2=O)cn1,5.25
OPRM1,CHEMBL6058287,CN(C)[C@]1(c2ccccc2)CC[C@]2(CC1)CN(c1cnc(-c3ccccc3)nc1)C(=O)N2,5.25
OPRM1,CHEMBL6010470,Cc1cc(N2C[C@]3(CC[C@](c4ccccc4)(N(C)C)CC3)NC2=O)cnc1N1CCOCC1,5.25
OPRM1,CHEMBL407389,CC[C@H](C)[C@H](NC(=O)[C@H](CCCN=C(N)N)NC(=O)[C@H](CCCN=C(N)N)NC(=O)[C@H](CC(C)C)NC(=O)[C@H](Cc1ccccc1)NC(=O)[C@H]1CCCN1C(=O)CNC(=O)[C@@H](N)Cc1ccc(O)cc1)C(=O)N[C@@H](CCCN=C(N)N)C(=O)N1CCC[C@@H]1C(=O)N[C@@H](CCCCN)C(N)=O,5.24
OPRM1,CHEMBL190910,COC(=O)[C@@H]1C[C@H](O)[C@H](O)[C@H]2[C@@]1(C)CC[C@H]1C(=O)O[C@H](c3ccoc3)C[C@]21C,5.24
OPRM1,CHEMBL409266,CCCN1C[C@@H]2[C@H](c3ccccc3)CC[C@H]1CN2Cc1ccc(C(=O)N(CC)CC)cc1,5.24
OPRM1,CHEMBL1479,C#C[C@]1(O)CC[C@H]2[C@@H]3CCC4=Cc5oncc5C[C@]4(C)[C@H]3CC[C@@]21C,5.24
OPRM1,CHEMBL4108857,COc1ccc2c3c1O[C@H]1[C@@]4(OC)CC[C@@]5(C[C@@H]4COCc4ccoc4)[C@@H](C2)[N+](C)(CC2CC2)CC[C@]315,5.24
OPRM1,CHEMBL4162636,NC(=O)c1ccc(N2CCCN(Cc3ccc(F)cc3)CC2)nc1,5.24
OPRM1,CHEMBL4537210,CCC(=O)N(c1ccccc1)C1CCN(CC(F)(F)c2ccccc2)CC1,5.24
OPRM1,CHEMBL5208209,O=C1N[C@H](Cc2ccccc2)C(=O)N[C@H](Cc2c[nH]c3ccccc23)C(=O)N[C@@H](Cc2ccccc2)C(=O)N2CCC[C@H]12,5.24
OPRM1,CHEMBL94,CNC(=O)Oc1ccc2c(c1)[C@]1(C)CCN(C)[C@@H]1N2C,5.24
OPRM1,CHEMBL1492,CN1CCC(OC(c2ccccc2)c2ccccc2)CC1,5.24
OPRM1,CHEMBL644,CC(CN(C)C)CN1c2ccccc2CCc2ccccc21,5.24
OPRM1,CHEMBL5632857,O[C@H]1[C@H](n2cnc3c(NC(C4CCCC4)C4CCCC4)nc(Cl)nc32)[C@H]2C[C@@]2(CCl)[C@H]1O,5.24
OPRM1,CHEMBL5916796,CN(C)[C@H](CNC(=O)Cc1cn2ccccc2n1)Cc1ccccc1,5.24
OPRM1,CHEMBL5823815,CN(C)[C@]1(Cc2ccccc2)CC[C@@]2(CC1)CN(c1cnc(N3CCOCC3)nc1)C(=O)N2,5.24
OPRM1,CHEMBL5841783,CN(C)[C@]1(c2ccccc2)CC[C@]2(CC1)CN(c1cnc(N3CCNC(=O)C3)nc1C(F)(F)F)C(=O)N2,5.24
OPRM1,CHEMBL5998929,CN(C)[C@]1(c2ccccc2)CC[C@]2(CC1)CN(c1ccc(S(C)(=O)=O)nc1)C(=O)N2,5.24
OPRM1,CHEMBL5805241,CN(C)[C@]1(c2ccccc2)CC[C@]2(CC1)CN(c1cnccc1CC(N)=O)C(=O)N2,5.24
OPRM1,CHEMBL495549,N#CC1(c2ccccc2)CCN(Cc2ccccc2)CC1,5.23
OPRM1,CHEMBL584,Cc1c(O)cccc1C(=O)N[C@@H](CSc1ccccc1)[C@H](O)CN1C[C@H]2CCCC[C@H]2C[C@H]1C(=O)NC(C)(C)C,5.23
OPRM1,CHEMBL2372399,CC[C@H](C)[C@@H]1NC(=O)[C@H](CCCNC(=N)N)NC(=O)[C@@H](NC(=O)[C@H](Cc2ccccc2)NC(=O)CNC(=O)CNC(=O)[C@H](Cc2ccc(O)cc2)NCc2ccccc2)CC(=O)NC[C@@H](C(=O)N[C@@H](CCCNC(=N)N)C(=O)N2CCC[C@H]2C(=O)N[C@@H](CCCCN)C(N)=O)NC1=O,5.23
OPRM1,CHEMBL7568,CCN(CC)CCCC(C)Nc1c2ccc(Cl)cc2nc2ccc(OC)cc12,5.23
OPRM1,CHEMBL5911404,Cc1cc(N2CCOCC2)ncc1N1C[C@]2(C[C@](c3ccccc3)(N(C)C)C2)NC1=O,5.23
OPRM1,CHEMBL5744351,Cc1cc(C(C)(C)O)ncc1N1C[C@]2(C[C@](c3ccccc3)(N(C)C)C2)NC1=O,5.23
OPRM1,CHEMBL5895395,CC(=O)N1CCN(c2ncc(N3C[C@]4(CC[C@](c5ccccc5)(N(C)C)CC4)NC3=O)cn2)CC1,5.23
OPRM1,CHEMBL6050652,COC(=O)c1cc(C)c(N2C[C@]3(CC[C@](c4ccccc4)(N(C)C)CC3)NC2=O)cn1,5.23
OPRM1,CHEMBL5828374,CN(C)[C@]1(c2ccccc2)CC[C@]2(CC1)CN(c1cnc(NC(=O)c3ccccc3)nc1)C(=O)N2,5.23
OPRM1,CHEMBL127495,CCN(CC)C(=O)c1ccc(C(=C2CCNCC2)c2cccc(N)c2)cc1,5.22
OPRM1,CHEMBL106366,CCCC(c1ccccc1)N1CC[C@H]1[C@H](N)c1cccc(Cl)c1,5.22
OPRM1,CHEMBL2369390,CC[C@H](C)[C@H](NC(=O)[C@H](CCCN=C(N)N)NC(=O)[C@H](CCCN=C(N)N)NC(=O)[C@H](CC(C)C)NC(=O)[C@H](Cc1ccccc1)NC(=O)[C@@H]1CCCN1C(=O)CNC(=O)[C@@H](N)Cc1ccc(O)cc1)C(=O)N[C@@H](CCCN=C(N)N)C(N)=O,5.22
OPRM1,CHEMBL344967,Cc1ccc(C2(c3ccccc3C)CCNCC2)cc1,5.22
OPRM1,CHEMBL98691,C=CCN1C[C@H](C)N([C@H](c2ccc(C(=O)N3CCCCC3)cc2)c2cccc(OC)c2)C[C@H]1C,5.22
OPRM1,CHEMBL101316,C=CCN1C[C@H](C)N([C@H](c2ccc(C(=O)N(CCC)CCC)cc2)c2cccc(OC)c2)C[C@H]1C,5.22
OPRM1,CHEMBL1760025,Cc1cc(N)c2cc(NC(=O)c3ccccc3COc3ccc(CNCCCCCCN)cc3)ccc2n1,5.22
OPRM1,CHEMBL3323512,CN1CCN(C(=O)Cc2ccc(Cl)c(Cl)c2)C2C1CCCC2N1CCC(O)C1,5.22
OPRM1,CHEMBL3323527,COC(=O)CC(=O)N1CCN(C(=O)Cc2ccc(Cl)c(Cl)c2)C2C(N3CCC(O)C3)CCCC21,5.22
OPRM1,CHEMBL3426788,CC1(C)CC(=O)C2=C(C1)OC1=C(C(=O)CC(C)(C)C1)C2c1ccc(OCc2ccccc2)cc1,5.22
OPRM1,CHEMBL3698851,O=c1c(NCC(O)CO)nc2ccccc2n1C1CCN(C2CCCCCCC2)CC1,5.22
OPRM1,CHEMBL50588,CC[C@H]1CN2CCc3cc(OC)c(OC)cc3[C@@H]2C[C@@H]1C[C@H]1NCCc2cc(OC)c(OC)cc21,5.22
OPRM1,CHEMBL395110,CN1CCCC(CN2c3ccccc3Sc3ccccc32)C1,5.22
OPRM1,CHEMBL1182210,CC(C)(C)CC(C)(C)c1ccc(OCCOCC[N+](C)(C)Cc2ccccc2)cc1,5.22
OPRM1,CHEMBL5811751,CN(C)[C@]1(c2ccccc2)CC[C@]2(CC1)CN(c1ccccc1C(N)=O)C(=O)N2,5.22
OPRM1,CHEMBL5793087,CN(C)[C@]1(c2ccccc2)CC[C@]2(CC1)CN(CC(N)=O)C(=O)N2,5.22
OPRM1,CHEMBL2369389,CC[C@H](C)[C@H](NC(=O)[C@H](CCCN=C(N)N)NC(=O)[C@H](CCCN=C(N)N)NC(=O)[C@H](CC(C)C)NC(=O)[C@H](Cc1ccccc1)NC(=O)[C@@H]1CCCN1C(=O)CNC(=O)[C@@H](N)Cc1ccc(O)cc1)C(=O)N[C@@H](CCCN=C(N)N)C(=O)N1CCC[C@@H]1C(N)=O,5.21
OPRM1,CHEMBL101231,C=CCN1C[C@H](C)N([C@H](c2ccc(C(=O)N3CCCC3)cc2)c2cccc(OC)c2)C[C@H]1C,5.21
OPRM1,CHEMBL272640,CC(C)(C)C1CCC(N2CCC3(CC2)C(=O)NCc2ccccc23)CC1,5.21
OPRM1,CHEMBL563657,Cl.O=c1n(C(CO)CO)c2ccccc2n1C1CCN(C[C@H]2[C@H]3CC[C@H](C3)C23CC3)CC1,5.21
OPRM1,CHEMBL1096475,COC(=O)N1C[C@H]2[C@@H](N3CCCC3)CC[C@@H]1CN2C(=O)Cc1ccc(Cl)c(Cl)c1,5.21
OPRM1,CHEMBL1449023,O=C(Nc1nc2ccccc2n1CCN1CCCC1)c1ccc(Cl)cc1,5.21
OPRM1,CHEMBL3695256,NC1(C(=O)O)CCN(c2nc3ccccc3n([C@H]3C[C@H]4CC[C@@H](C3)N4C3CCCCCCC3)c2=O)CC1,5.21
OPRM1,CHEMBL3665428,CCC1(CC)C(=O)Nc2ccccc2N(C2CCN(C3CCCCCCC3)CC2)C1=O,5.21
OPRM1,CHEMBL3698763,O=c1c(N2CC[C@H](O)C2)nc2ccccc2n1C1CCN(C2CCCCCCC2)CC1,5.21
OPRM1,CHEMBL4454089,Cc1cc(C)c(Nc2nc(-c3sc(C)nc3C)cs2)c(C)c1,5.21
OPRM1,CHEMBL4443303,CCc1cc(F)c2nc(N3CCC(N[C@H]4CCCOC4)CC3)c(-c3nc(C)no3)cc2c1,5.21
OPRM1,CHEMBL809,CN[C@H]1CC[C@@H](c2ccc(Cl)c(Cl)c2)c2ccccc21,5.21
OPRM1,CHEMBL1294,C=C[C@H]1CN2CC[C@H]1C[C@@H]2[C@@H](O)c1ccnc2ccc(OC)cc12,5.21
OPRM1,CHEMBL6035272,COCCOCCOCCOCCNC(=O)c1ncc(N2C[C@]3(CC[C@](c4ccccc4)(N(C)C)CC3)NC2=O)cn1,5.21
OPRM1,CHEMBL230249,CC(c1ccccc1)N1CCC(O)(c2ccccc2)CC1,5.2
OPRM1,CHEMBL407728,C=CCN1C[C@@H]2[C@@H](c3ccccc3)CC[C@H]1CN2Cc1ccc(C(=O)N(CC)CC)cc1,5.2
OPRM1,CHEMBL1714715,Cc1cccc(N2CCN(CCNC(=O)Cn3c(=O)c4cccn4c4cccnc43)CC2)c1C,5.2
OPRM1,CHEMBL542581,Cl.c1ccc(C2(N3CCCCC3)CCCCC2)cc1,5.2
OPRM1,CHEMBL3944286,COc1ccc2c(c1)[C@]13CCN(CC4CC4)C[C@]1(CC[C@@]1(C3)NC(=O)NC1=O)C2,5.2
OPRM1,CHEMBL4074409,O=C(NCC1NCCc2ccccc21)C1CCCCC1,5.2
OPRM1,CHEMBL471980,CCOc1ccc(Cc2nc3cc(C(=O)N(CC)CC)ccc3n2CCC(C)C)cc1,5.2
OPRM1,CHEMBL2440454,CCc1cc2c(c(CC)n1)CCC(=O)N2Cc1ccc(-c2ccccc2-c2nnn[nH]2)cc1.Cl,5.2
OPRM1,CHEMBL5895298,COc1ccc2c(c1)[C@]13CCN(CC4CC4)[C@H](C2)[C@]12CCC(O)(C3)C(=O)O2,5.2
OPRM1,CHEMBL6028337,CN(C)[C@]1(c2ccccc2)CC[C@]2(CC1)CN(c1c(F)cc(C#N)cc1F)C(=O)N2,5.2
OPRM1,CHEMBL199011,Cc1ccc2c(c1)N(C)C(=O)C21CCN(CC2CCCCCCC2)CC1,5.19
OPRM1,CHEMBL270756,CC(C)C1CCC(N2CCC3(CC2)C(=O)N(Cc2ccccc2)Cc2cccc(F)c23)CC1,5.19
OPRM1,CHEMBL258140,CCCCO[C@]1(c2cccc(OC)c2)CCCC[C@@H]1CN(C)C,5.19
OPRM1,CHEMBL3695268,NC(=O)CNc1nc2ccccc2n(C2CCN(C3CCCCCCC3)CC2)c1=O,5.19
OPRM1,CHEMBL4214930,O=c1[nH]c2ccccc2n1C1CCN(Cc2ccc(Cl)c(Cl)c2)CC1,5.19
OPRM1,CHEMBL4566736,CCc1cc(F)c2nc(N3CCC(N[C@@H]4CCOC4)CC3)c(-c3nc(C)no3)cc2c1,5.19
OPRM1,CHEMBL4525666,CCc1cc(F)c2nc(N3CCC(N[C@H]4CCOC4)CC3)c(-c3nc(C)no3)cc2c1,5.19
OPRM1,CHEMBL5184521,C=C(C)[C@@H]1CCC(C)=C[C@H]1c1c(O)cc(CC)cc1O,5.19
OPRM1,CHEMBL5415292,Cc1ccccc1C(CNC(=O)c1cc2ccccc2s1)N(C)C,5.19
OPRM1,CHEMBL6001319,CN1CCN(C(=O)c2ncc(N3C[C@]4(CC[C@](c5ccccc5)(N(C)C)CC4)NC3=O)cn2)CC1,5.19
OPRM1,CHEMBL116463,N#Cc1ccc(CCOC(=O)NC2CCN(CCCC(c3ccc(F)cc3)c3ccc(F)cc3)CC2)cc1,5.18
OPRM1,CHEMBL570516,CCC(=O)N(CCCCCCCNC(=O)c1nn(-c2ccc(Cl)cc2Cl)c(-c2ccc(Cl)cc2)c1C)C1CCN(CCc2ccccc2)CC1,5.18
OPRM1,CHEMBL3698755,NC(=O)C1CCCN(c2nc3ccccc3n(C3CCN(C4CCCCCCC4)CC3)c2=O)C1,5.18
OPRM1,CHEMBL4073340,COC1CCC(C(=O)NCC2NCCc3ccccc32)CC1,5.18
OPRM1,CHEMBL5973700,CN(C)[C@]1(c2cccc(F)c2)CC[C@]2(CC1)CN(c1ccccc1CS(C)(=O)=O)C(=O)N2,5.18
OPRM1,CHEMBL129693,CCN(CC)C(=O)c1ccc(C(=C2CCNCC2)c2ccc(SC)cc2)cc1,5.17
OPRM1,CHEMBL98800,C=CCN1C[C@H](C)N([C@H](c2ccc(C(=O)N(C(C)C)C(C)C)cc2)c2cccc(OC)c2)C[C@H]1C,5.17
OPRM1,CHEMBL365216,COC(=O)[C@@H]1C[C@H](OS(C)(=O)=O)C(=O)[C@H]2[C@@]1(C)CC[C@H]1C(=O)O[C@H](c3ccoc3)C[C@]21C,5.17
OPRM1,CHEMBL201945,O=C(NCCCN1CCC2(CC1)OCc1ccccc12)[C@H]1CCCN1Cc1ccccc1,5.17
OPRM1,CHEMBL378330,O=C1NC[C@H](c2ccc(F)cc2)C12CCN([C@@H]1CCCC[C@@H]1c1ccc(F)cc1)CC2,5.17
OPRM1,CHEMBL407846,CC(C)C1CCC(N2CCC3(CC2)C(=O)NCc2cc(F)ccc23)CC1,5.17
OPRM1,CHEMBL260521,C=CCN1C[C@@H]2C(c3ccccc3)=CC[C@H]1CN2Cc1ccc(C(=O)N(CC)CC)cc1,5.17
OPRM1,CHEMBL1720462,Cc1ccc(S(=O)(=O)NCc2ccc(C(=O)NC3CCCN(Cc4ccccc4)C3)cc2)cc1,5.17
OPRM1,CHEMBL1946018,CCN(CC)C(=O)c1ccc(C(=C2CCN(Cc3ccc(F)cc3)CC2)c2ccncc2)cc1,5.17
OPRM1,CHEMBL3394000,O=C(Nc1nc2ccccc2n1CCN1CCCC1)c1ccc[nH]1,5.17
OPRM1,CHEMBL3698857,O=C1CN(C2CCN(C3CCCCCCC3)CC2)c2ccccc2N1,5.17
OPRM1,CHEMBL3698783,NC(=O)CNc1nc2ccccc2n([C@@H]2C[C@H]3CC[C@@H](C2)N3C2CCCCCCC2)c1=O,5.17
OPRM1,CHEMBL4111713,COc1ccc2c(c1)[C@]13CCN(CC4CC4)[C@H](C2)[C@]1(O)C[C@H](CC(=O)N1CCC[C@H]1C(=O)O)C(=O)C3,5.17
OPRM1,CHEMBL4070613,O=C(NCC1NCCc2ccccc21)C1CCC1,5.17
OPRM1,CHEMBL46740,Cc1c(-c2ccc(O)cc2)n(Cc2ccc(OCCN3CCCCCC3)cc2)c2ccc(O)cc12,5.17
OPRM1,CHEMBL553025,CCC1=C[C@@H]2CN(C1)Cc1c([nH]c3ccccc13)[C@@](C(=O)OC)(c1cc3c(cc1OC)N(C)[C@H]1[C@@](O)(C(=O)OC)[C@H](OC(C)=O)[C@]4(CC)C=CCN5CC[C@]31[C@@H]54)C2,5.17
OPRM1,CHEMBL5999724,CN(C)[C@]1(c2ccccc2)CC[C@]2(CC1)CN(c1ccc(C(F)(F)F)cc1F)C(=O)N2,5.17
OPRM1,CHEMBL5782970,Cc1ncc(N2C[C@]3(CC[C@](c4ccccc4)(N(C)C)CC3)NC2=O)c(NCC(N)=O)n1,5.17
OPRM1,CHEMBL338436,CCN(CC)C(=O)c1ccc(C(c2ccccc2)N(C)CCNC)cc1,5.16
OPRM1,CHEMBL470585,CC(C)N[C@H]1CCn2c(=O)[nH]c3cccc(c32)[C@@H]1O.Cl,5.16
OPRM1,CHEMBL3426793,CC1(C)CC(=O)C2=C(C1)OC1=C(C(=O)CC(C)(C)C1)C2c1ccc(OCc2cccc(F)c2)cc1,5.16
OPRM1,CHEMBL4172508,C[C@H](c1ccco1)N(C)CC(=O)N1CCC(C(N)=O)CC1,5.16
OPRM1,CHEMBL4526351,Cc1cc(NC(=O)c2cccc(S(F)(F)(F)(F)F)c2)cc(-n2ccn3nc(-c4cccnc4)cc23)c1,5.16
OPRM1,CHEMBL1113,Clc1ccc2c(c1)C(N1CCNCC1)=Nc1ccccc1O2,5.16
OPRM1,CHEMBL5778994,CN(C)[C@]1(c2ccccc2)CC[C@]2(CC1)CN(c1cnc(N3CCS(=O)(=O)CC3)nc1)C(=O)N2,5.16
OPRM1,CHEMBL6031735,CN[C@]1(c2ccccc2)CC[C@]2(CC1)CN(c1cnc(N3CCOCC3)c(C(F)(F)F)c1)C(=O)N2,5.16
OPRM1,CHEMBL128005,CCN(CC)C(=O)c1ccc(C(c2ccc(C)cc2)N2CCNCC2)cc1,5.15
OPRM1,CHEMBL575926,CCN(CC)C(=O)c1ccc(N(c2cccc(C(=O)OC)c2)C2CCN(Cc3ccccc3)CC2)cc1,5.15
OPRM1,CHEMBL1762410,Cc1cc(N)c2cc(NC(=O)c3ccccc3COc3ccc(CNCCCCCCCCCN)cc3)ccc2n1,5.15
OPRM1,CHEMBL83,CC/C(=C(\c1ccccc1)c1ccc(OCCN(C)C)cc1)c1ccccc1,5.15
OPRM1,CHEMBL3698810,CCOC(=O)C1CN(CCNc2nc3ccccc3n([C@H]3C[C@H]4CC[C@@H](C3)N4C3CCCCCCC3)c2=O)C[C@H]1C(=O)OCC,5.15
OPRM1,CHEMBL3924522,COc1ccc2c(c1)[C@]13CCN(CC4CC4)[C@H](C2)[C@]1(O)C[C@H](NC(=O)C(C)C)C(=O)C3,5.15
OPRM1,CHEMBL440294,NC(=O)C1(N2CCCCC2)CCN(CCCC(=O)c2ccc(F)cc2)CC1,5.15
OPRM1,CHEMBL404849,CCCCCCCCNC(C)C(O)c1ccc(SC(C)C)cc1,5.15
OPRM1,CHEMBL22108,CC(C1=C(CCN(C)C)Cc2ccccc21)c1ccccn1,5.15
OPRM1,CHEMBL5765943,Cc1cc(C#N)ncc1N1C[C@]2(CC[C@](c3ccccc3)(N(C)C)CC2)NC1=O,5.15
OPRM1,CHEMBL5796488,CN(c1ncc(N2C[C@]3(CC[C@](c4ccccc4)(N(C)C)CC3)NC2=O)cn1)C1CCOCC1,5.15
OPRM1,CHEMBL5976219,Cc1cc(C#N)cnc1N1C[C@]2(CC[C@](c3ccccc3)(N(C)C)CC2)NC1=O,5.15
OPRM1,CHEMBL327118,N[C@H](c1cccc(Cl)c1)[C@@H]1CCN1C(c1cccc(Cl)c1)c1cccc(Cl)c1,5.14
OPRM1,CHEMBL320804,CCC(c1ccccc1)N1CC[C@H]1[C@H](N)c1cccc(Cl)c1,5.14
OPRM1,CHEMBL47564,COc1cc2c(cc1-c1ccc(F)cc1)C[C@@H](C(=O)O)N(C(=O)C(N)Cc1c(C)cc(O)cc1C)C2,5.14
OPRM1,CHEMBL436752,O=C1NCC(c2ccc(F)cc2)C12CCN(C1(c3cccc(F)c3)CCCCC1)CC2,5.14
OPRM1,CHEMBL364058,COC(=O)[C@@H]1C[C@H](OC(C)=O)C(=O)[C@H]2[C@@]1(C)CC[C@H]1C(=O)O[C@H](C3CCOC3)C[C@]21C,5.14
OPRM1,CHEMBL258791,C=CCN1C[C@@H]2[C@H](c3ccccc3)CC[C@H]1CN2Cc1ccc(C(=O)N(CC)CC)cc1,5.14
OPRM1,CHEMBL512982,OC1(c2cccnc2)C2CCC1CN(C(c1ccccc1Cl)c1ccccc1Cl)C2,5.14
OPRM1,CHEMBL467094,COc1cc2c3c(c1OC)-c1cc4c(cc1CC3N(C)CC2)OCO4,5.14
OPRM1,CHEMBL1811938,CCCCC/C=C/c1c(O)cc(CC=C(C)C)c(O)c1C=O,5.14
OPRM1,CHEMBL5174205,Clc1ccc(Nc2nc3ccccc3c3[nH]c([C@@H]4C[C@@H]5CCC[C@@H](C5)C4)nc23)cc1Cl,5.14
OPRM1,CHEMBL111,Cc1c(C(=O)NN2CCCCC2)nn(-c2ccc(Cl)cc2Cl)c1-c1ccc(Cl)cc1,5.14
OPRM1,CHEMBL1104,CC[N+](C)(C)c1cccc(O)c1,5.14
OPRM1,CHEMBL1620794,CCN(CC)CCOC(=O)C(Cc1cccc2ccccc12)CC1CCCO1,5.14
OPRM1,CHEMBL5905152,Cn1cc(CNCCn2cnc3ccccc32)c(-c2ccncc2)n1,5.14
OPRM1,CHEMBL377114,O=C1NCC(c2ccc(F)cc2)C12CCN(C1(c3ccc(F)cc3)CCCCC1)CC2,5.13
OPRM1,CHEMBL512520,Cc1nn(-c2ncccc2Cl)cc1CN1CCC2(CC1)OCc1ccccc12,5.13
OPRM1,CHEMBL2205823,COc1ccccc1CN1C2C3C4CC5C6C4C2C6C1(O)C53,5.13
OPRM1,CHEMBL3184427,COc1ccccc1C1CCN(Cc2ccc3c(c2)CCC(C)(C)O3)CC1,5.13
OPRM1,CHEMBL3698853,O=C(O)c1nc2ccccc2n(C2CCN(C3CCCCCCC3)CC2)c1=O,5.13
OPRM1,CHEMBL3704591,O=C(O)CN1CCC[C@H](c2nc3ccccc3n2[C@H]2C[C@H]3CCC[C@@H](C2)N3[C@@H]2C[C@@H]3CCCC[C@@H](C3)C2)C1,5.13
OPRM1,CHEMBL2105458,CN1CCC(N(Cc2cccs2)c2ccccc2)CC1,5.13
OPRM1,CHEMBL1484,COC(=O)C1=C(C)NC(C)=C(C(=O)OCCN(C)Cc2ccccc2)C1c1cccc([N+](=O)[O-])c1,5.13
OPRM1,CHEMBL1515447,CN1CCCN(C(c2ccccc2)c2ccc(Cl)cc2)CC1,5.13
OPRM1,CHEMBL5902825,CN(C)[C@]1(c2ccccc2)CC[C@]2(CC1)CN(CC(C)(C)C(N)=O)C(=O)N2,5.13
OPRM1,CHEMBL8072,NCCCC[C@H](NC(=O)[C@H](CO)NC(=O)[C@@H]1CCCN1C(=O)[C@@H](N)Cc1ccccc1)C(=O)N1CCC[C@H]1C(=O)O,5.12
OPRM1,CHEMBL404197,COc1cccc([C@@]2(OCC3CC3)CCCC[C@@H]2CN(C)C)c1,5.12
OPRM1,CHEMBL408775,COC(=O)[C@@H]1C[C@H](OC(=O)c2ccccc2[N+](=O)[O-])C(=O)[C@H]2[C@@]1(C)CC[C@H]1C(=O)O[C@H](c3ccoc3)C[C@]21C,5.12
OPRM1,CHEMBL1698841,CN(C)C(CN=C(S)Nc1cccc(Cl)c1)c1cccnc1,5.12
OPRM1,CHEMBL4213520,CS(=O)(=O)c1ccc2c(c1)[nH]c(=O)n2C1CCN(Cc2ccccc2Cl)CC1,5.12
OPRM1,CHEMBL742,CNC1(c2ccccc2Cl)CCCCC1=O,5.12
OPRM1,CHEMBL5971180,COC(=O)CN1CCN(c2ncc(N3C[C@]4(CC[C@](c5ccccc5)(N(C)C)CC4)NC3=O)cn2)CC1,5.12
OPRM1,CHEMBL5904481,CN(C)[C@]1(c2ccccc2)CC[C@]2(CC1)CN(c1cnc(-n3ccc4cccnc43)nc1)C(=O)N2,5.12
OPRM1,CHEMBL209380,Cc1cccc(C2(N3CCC4(CC3)C(=O)NCC4c3ccc(F)cc3)CCCCC2)c1,5.11
OPRM1,CHEMBL272600,CN1Cc2cccc(F)c2C2(CCN(C3CCC(C(C)(C)C)CC3)CC2)C1=O,5.11
OPRM1,CHEMBL1258047,NC(=O)c1cccc(O[C@@H]2C[C@H]3CC[C@@H](C2)N3Cc2ccncc2)c1,5.11
OPRM1,CHEMBL633,CCCCc1oc2ccccc2c1C(=O)c1cc(I)c(OCCN(CC)CC)c(I)c1,5.11
OPRM1,CHEMBL3393885,N#Cc1cccc(C(=O)Nc2nc3ccccc3n2CCN2CCCC2)c1,5.11
OPRM1,CHEMBL5170333,O=C1N[C@H](Cc2ccccc2)C(=O)N2CCC[C@@H]2C(=O)N[C@H](Cc2ccccc2)C(=O)N[C@H]1Cc1c[nH]c2ccccc12,5.11
OPRM1,CHEMBL457547,CCCCCOc1ccc(-c2cc(-c3ccc(C(=O)N[C@H]4C[C@@H](O)[C@@H](O)NC(=O)[C@@H]5[C@@H](O)[C@@H](C)CN5C(=O)[C@H]([C@H](O)CC(N)=O)NC(=O)[C@H]([C@H](O)[C@@H](O)c5ccc(O)c(OS(=O)(=O)O)c5)NC(=O)[C@@H]5C[C@@H](O)CN5C(=O)[C@H]([C@@H](C)O)NC4=O)cc3)no2)cc1,5.11
OPRM1,CHEMBL1376064,C[C@@H](NCCc1ccc(O)cc1)[C@@H](O)c1ccc(O)cc1.Cl,5.11
OPRM1,CHEMBL3675743,CCc1nn2c(C)cc(C)nc2c1Cc1ccc(-c2nnc(C3CCNCC3)o2)cc1,5.11
OPRM1,CHEMBL5853921,N=C(N)NCCNC(=O)[C@@H]1C[C@]23CCN(CC4CC4)[C@H](Cc4ccc(O)cc42)[C@]3(O)C1,5.11
OPRM1,CHEMBL5959185,CN(C)[C@]1(c2ccccc2)CC[C@]2(CC1)CN(c1cnc(N3CCOCC3)nc1C(F)(F)F)C(=O)N2,5.11
OPRM1,CHEMBL95319,C=C(C)CN1CCC23c4c5ccc(O)c4O[C@H]2c2[nH]c4ccccc4c2C[C@@]3(O)C1C5,5.1
OPRM1,CHEMBL256902,COc1cccc([C@@]2(OCCCO)CCCC[C@@H]2CN(C)C)c1,5.1
OPRM1,CHEMBL256227,CCCO[C@]1(c2cccc(OC)c2)CCCC[C@@H]1CN(C)C,5.1
OPRM1,CHEMBL272533,COc1cccc([C@@]2(OC)CCCC[C@@H]2CN(C)C)c1,5.1
OPRM1,CHEMBL1721558,Cc1cccc(S(=O)(=O)NCc2ccc(C(=O)NCCN(Cc3ccccc3)C(C)C)cc2)c1,5.1
OPRM1,CHEMBL374478,CO[C@H]1/C=C/O[C@@]2(C)Oc3c(C)c(O)c4c(O)c(c(/C=N/N5CCN(C)CC5)c(O)c4c3C2=O)NC(=O)/C(C)=C\C=C\[C@H](C)[C@H](O)[C@@H](C)[C@@H](O)[C@@H](C)[C@H](OC(C)=O)[C@@H]1C,5.1
OPRM1,CHEMBL1510,CN1CCC[C@@H]1Cc1c[nH]c2ccc(CCS(=O)(=O)c3ccccc3)cc12,5.1
OPRM1,CHEMBL659,COc1ccc2c3c1O[C@H]1C[C@@H](O)C=C[C@@]31CCN(C)C2,5.1
OPRM1,CHEMBL1219,COCCCOc1ccnc(C[S+]([O-])c2nc3ccccc3[nH]2)c1C,5.1
OPRM1,CHEMBL338980,CCN(CC)C(=O)c1ccc(C(c2ccccc2)N2CCNCC2)cc1,5.09
OPRM1,CHEMBL106235,CCC(c1ccccc1)N1CC[C@H]1[C@@H](N)c1cccc(Cl)c1,5.09
OPRM1,CHEMBL2115434,Cc1cc(O)cc(C)c1C[C@@H](N)C(=O)N1Cc2c(cc(Br)c(O)c2Br)C[C@H]1C(=O)O,5.09
OPRM1,CHEMBL184496,[O-][N+]1(CCC(c2ccccc2)c2ccccc2)CCC(O)(c2cccc(C(F)(F)F)c2)CC1,5.09
OPRM1,CHEMBL380244,O=C1NCC(c2ccccc2)C12CCN(C1(c3cccc(F)c3)CCCCC1)CC2,5.09
OPRM1,CHEMBL1224139,NC(=O)c1cc(F)cc(O[C@H]2C[C@H]3CC[C@@H](C2)N3Cc2ccccc2)c1,5.09
OPRM1,CHEMBL1224216,NC(=O)c1ccc(O[C@H]2C[C@H]3CC[C@@H](C2)N3Cc2ccccc2)c(F)c1,5.09
OPRM1,CHEMBL3265238,COc1cccc(NC[C@H](F)Cn2c3ccc(Br)cc3c3cc(Br)ccc32)n1,5.09
OPRM1,CHEMBL3590193,Cc1ccc(S(=O)(=O)N2CCc3cc(C(=O)NCCN(Cc4ccc(Br)cc4)C(C)C)ccc3C2)cc1,5.09
OPRM1,CHEMBL4080799,O=C(NCC1NCCc2ccccc21)N1CCOCC1,5.09
OPRM1,CHEMBL4277264,Cc1cc(Oc2nccc3occc23)ccc1-c1c(C)ncc2nccn12,5.09
OPRM1,CHEMBL83063,CC(NCCc1ccc(O)cc1)C(O)c1ccc(O)cc1,5.09
OPRM1,CHEMBL11,CN(C)CCCN1c2ccccc2CCc2ccccc21,5.09
OPRM1,CHEMBL998,CCOC(=O)N1CCC(=C2c3ccc(Cl)cc3CCc3cccnc32)CC1,5.09
OPRM1,CHEMBL588934,CC[C@H]1CN2CC[C@H]1C[C@H]2[C@H](O)c1ccnc2ccc(OC)cc12,5.09
OPRM1,CHEMBL2115430,COc1c(Br)cc2c(c1Br)CN(C(=O)[C@H](N)Cc1c(C)cc(O)cc1C)[C@H](C(=O)O)C2,5.08
OPRM1,CHEMBL233501,N#Cc1ccc(C2(O)CCN(C(c3ccccc3)c3ccccc3)CC2)cc1,5.08
OPRM1,CHEMBL3084660,Clc1ccccc1C(c1ccccc1Cl)N1[C@@H]2CC[C@H]1C[C@@H](c1ncccc1Br)C2,5.08
OPRM1,CHEMBL726,OCCN1CCN(CCCN2c3ccccc3Sc3ccc(C(F)(F)F)cc32)CC1,5.08
OPRM1,CHEMBL4293307,COc1ccc(N(CCCCN2CCC(O)(c3ccc(Cl)c(C(F)(F)F)c3)CC2)c2ccc(OC)cc2)cc1,5.08
OPRM1,CHEMBL1200515,COC(=O)[C@H]1[C@H]2C[C@@H]3c4[nH]c5ccccc5c4CCN3C[C@H]2C[C@@H](OC(=O)c2cc(OC)c(OC)c(OC)c2)[C@@H]1OC,5.08
OPRM1,CHEMBL170,C=C[C@H]1CN2CC[C@H]1C[C@H]2[C@H](O)c1ccnc2ccc(OC)cc12,5.08
OPRM1,CHEMBL761,c1ccc2c(CC3=NCCN3)cccc2c1,5.08
OPRM1,CHEMBL514606,CCCCN1CN(c2ccccc2)C2(CCN(C(c3ccccc3)c3ccccc3)CC2)C1=O,5.07
OPRM1,CHEMBL1258616,Cc1ccc(C(C)N2[C@@H]3CC[C@H]2C[C@H](Oc2cccc(C(N)=O)c2)C3)s1,5.07
OPRM1,CHEMBL1719053,CCN(CCNC(=O)c1ccc(CNS(=O)(=O)c2ccc(Br)cc2)cc1)Cc1ccccc1,5.07
OPRM1,CHEMBL1461661,O=C(NC(NC(=S)Nc1c(Cl)cccc1Cl)C(Cl)(Cl)Cl)OCc1ccccc1,5.07
OPRM1,CHEMBL4465237,CCc1nc(C)c(-c2csc(Nc3ccccc3CC)n2)s1,5.07
OPRM1,CHEMBL4463839,Cc1nc(C)c(-c2csc(Nc3ccccc3CC(F)(F)F)n2)s1,5.07
OPRM1,CHEMBL5091479,CN1CCC(c2ccccc2)(c2ccccc2)C1,5.07
OPRM1,CHEMBL997,CCCCCN(C)CCC(O)(P(=O)(O)O)P(=O)(O)O,5.07
OPRM1,CHEMBL1303,CCCN(CCc1cccs1)[C@H]1CCc2c(O)cccc2C1,5.07
OPRM1,CHEMBL152408,CN1CCC(=C2c3ccccc3Sc3ccccc32)CC1,5.07
OPRM1,CHEMBL831,CN1CCN(C2=Nc3ccccc3Oc3ccc(Cl)cc32)CC1,5.07
OPRM1,CHEMBL4164624,Cc1ccc2nc(CNCc3nnc4n3CCCCC4)[nH]c2c1C,5.06
OPRM1,CHEMBL4472829,Cc1ccc(Nc2nc(-c3sc(C)nc3C)cs2)c(C)c1,5.06
OPRM1,CHEMBL4638693,O=C(Cc1ccccc1)N1CC[C@]23c4c5ccc(O)c4O[C@H]2c2[nH]c4ccccc4c2C[C@@]3(O)[C@H]1C5,5.06
OPRM1,CHEMBL376359,Cn1c(=O)cc(N2CCC[C@@H](N)C2)n(Cc2ccccc2C#N)c1=O,5.06
OPRM1,CHEMBL1197051,CC(COc1ccccc1)NC(C)C(O)c1ccc(O)cc1,5.06
OPRM1,CHEMBL234773,CCCCCCC1(O)CCN(C(c2ccccc2)c2ccccc2)CC1,5.05
OPRM1,CHEMBL584725,CN1CC[C@]23c4cccc(O)c4O[C@H]2CCC[C@@H]3C1,5.05
OPRM1,CHEMBL1241328,Cl.Cn1c(=O)[nH]c2c([nH]c(=O)n2C)c1=N,5.05
OPRM1,CHEMBL3325708,Cc1cccc(-n2nc(C)c3c2CC(C)(C)CC3=O)c1C,5.05
OPRM1,CHEMBL3698866,CC(C)(Nc1nc2ccccc2n([C@H]2C[C@H]3CC[C@@H](C2)N3C2CCCCCCC2)c1=O)C(=O)O,5.05
OPRM1,CHEMBL3698897,CN(C(=O)O)[C@@H]1CCN(c2nc3ccccc3n([C@H]3C[C@H]4CC[C@@H](C3)N4C3CCCCCCC3)c2=O)C1,5.05
OPRM1,CHEMBL4064752,O=C(NCC1NCCc2ccccc21)C1CCCC1,5.05
OPRM1,CHEMBL753,CC(COc1ccccc1)N(CCCl)Cc1ccccc1,5.05
OPRM1,CHEMBL86754,Oc1c(I)cc(I)c2cccnc12,5.05
OPRM1,CHEMBL213592,Cc1ccc(C2(N3CCC4(CC3)C(=O)NCC4c3ccccc3)CCCCC2)cc1,5.04
OPRM1,CHEMBL3919376,CN(C)C1(c2ccccc2)CCC(c2ccccc2)(N(C)C(=O)CCC(=O)O)CC1,5.04
OPRM1,CHEMBL1200430,CC(=O)Oc1ccc2c(c1)CC[C@@H]1[C@@H]2CC[C@]2(C)[C@@H](O)CC[C@@H]12,5.04
OPRM1,CHEMBL511,COc1ccc(CN(CCN(C)C)c2ccccn2)cc1,5.04
OPRM1,CHEMBL374602,OC1(c2ccccc2)CCN(C(c2ccccc2)c2ccccn2)CC1,5.03
OPRM1,CHEMBL1257577,NC(=O)c1cccc(O[C@@H]2C[C@H]3CC[C@@H](C2)N3Cc2cccs2)c1,5.03
OPRM1,CHEMBL1258392,Cn1cc(CN2[C@@H]3CC[C@H]2C[C@H](Oc2cccc(C(N)=O)c2)C3)cn1,5.03
OPRM1,CHEMBL1258845,NC(=O)c1cccc(O[C@@H]2C[C@H]3CC[C@@H](C2)N3C2CCCCC2)c1,5.03
OPRM1,CHEMBL3698759,NC(=O)CNc1nc2ccccc2n(C2CCN(C34CC5CC(CC(C5)C3)C4)CC2)c1=O,5.03
OPRM1,CHEMBL4572614,Cc1ncc2nccn2c1-c1ccc(Oc2nccc3occc23)cc1C(F)(F)F,5.03
OPRM1,CHEMBL1726,COC(=O)C1=C(C)NC(C)=C(C(=O)OCC(C)C)C1c1ccccc1[N+](=O)[O-],5.03
OPRM1,CHEMBL1112,O=C1CCc2ccc(OCCCCN3CCN(c4cccc(Cl)c4Cl)CC3)cc2N1,5.03
OPRM1,CHEMBL66387,CCN(CC)C(=O)c1ccc(C(=C2CC3CCC(C2)N3CC(=O)c2ccccc2)c2ccccc2)cc1,5.02
OPRM1,CHEMBL15257,O=c1c(-c2ccc(Cl)cc2Cl)cncn1C(CN1CCCC1)c1ccccc1,5.02
OPRM1,CHEMBL1713635,COc1ccc(S(=O)(=O)NCc2ccc(C(=O)NCCN(Cc3ccccc3)C(C)C)cc2)cc1,5.02
OPRM1,CHEMBL3665433,N#CCn1c(=O)c(=O)n(C2CCN(C3CCCCCCC3)CC2)c2ccccc21,5.02
OPRM1,CHEMBL4113236,COC(=O)c1cc2c([nH]c1=O)C[C@@]13CCN(CC4CC4)C[C@@]1(Cc1ccc(OC)cc13)C2,5.02
OPRM1,CHEMBL629,CN(C)CCC=C1c2ccccc2CCc2ccccc21,5.02
OPRM1,CHEMBL232201,CCc1oc2ccccc2c1C(=O)c1cc(I)c(O)c(I)c1,5.02
OPRM1,CHEMBL106359,CCCCC(CCCC)N1CC[C@H]1[C@@H](N)c1cccc(Cl)c1,5.01
OPRM1,CHEMBL307775,CCN(CC)C(=O)c1ccc(/C(=C2/C[C@H]3CC[C@@H](C2)N3C)c2ccccc2)cc1,5.01
OPRM1,CHEMBL316845,C=CCN1C[C@H](C)N([C@H](c2ccc(C(=O)N(C)C)cc2)c2cccc(OC)c2)C[C@H]1C,5.01
OPRM1,CHEMBL427280,COC(=O)[C@@H]1C[C@H](OC(C)=O)C(=O)[C@H]2[C@@]1(C)CC[C@H]1C(=O)O[C@H]([C@@H]3CCOC3)C[C@]21C,5.01
OPRM1,CHEMBL495760,N#CC1(c2ccccc2)CCN(CCCCc2ccccc2)CC1,5.01
OPRM1,CHEMBL2022300,COC(=O)[C@@H]1C[C@H](OC(C)=O)C(=O)[C@H]2[C@@]1(C)CC[C@H]1C(=O)O[C@H](C(=O)c3ccco3)C[C@]21C,5.01
OPRM1,CHEMBL3695239,O=C(Nc1ccc(=O)[nH]c1)c1nc2ccccc2n([C@@H]2C[C@H]3CC[C@@H](C2)N3C2CCCCCCC2)c1=O,5.01
OPRM1,CHEMBL3889746,O=C(Nc1ccc(OC(F)(F)F)cc1)c1cncc(-c2cccnc2)c1,5.01
OPRM1,CHEMBL589,CCCN(CCC)CCc1cccc2c1CC(=O)N2,5.01
OPRM1,CHEMBL1472975,O=C1[C@H]2CCCC[C@H]2C(=O)N1CCCCN1CCN(c2nsc3ccccc23)CC1,5.01
OPRM1,CHEMBL6028097,CC(C)C[C@@H](NC(=O)[C@@H](Cc1ccccc1)NC(=O)[C@H](N)[C@H](C)c1ccccc1)C(=O)N[C@H](CCCCN)C(=O)N1CCC(N)(C(=O)O)CC1,5.01
OPRM1,CHEMBL554205,Cl.O=C(Cc1cccc2sccc12)NCCN1CCCC1,5.0
OPRM1,CHEMBL15264,O=c1c(Nc2ccc(C(F)(F)F)cc2)cccn1C(CN1CCCC1)c1ccccc1,5.0
OPRM1,CHEMBL197959,COc1ccc2c(c1)N(CC1CC1)C(=O)C21CCN(CC2CCCCCCC2)CC1,5.0
OPRM1,CHEMBL250699,COc1cc(NC(=O)c2ccc(-c3ccc(Cl)cc3)o2)cc(OC)c1,5.0
OPRM1,CHEMBL1762408,Cc1cc(N)c2cc(NC(=O)c3ccccc3COc3ccc(CNCCCCCCCN)cc3)ccc2n1,5.0
OPRM1,CHEMBL1531675,Cc1ccc(C)c(-n2cc(CNCCCn3cccn3)c(-c3ccccc3)n2)c1,5.0
OPRM1,CHEMBL2443281,Cc1ccc(C2(CCNCc3ccccc3O)CCOCC2)cc1,5.0
OPRM1,CHEMBL3325709,Cc1ccc(C)c(-n2nc(C)c3c2CC(C)(C)CC3=O)c1,5.0
OPRM1,CHEMBL3325706,COC(=O)c1ccc(-n2nc(C)c3c2CC(C)(C)CC3=O)cc1,5.0
OPRM1,CHEMBL3325701,Cc1nn(-c2ccc(Br)cc2)c2c1C(=O)CC(C)(C)C2,5.0
OPRM1,CHEMBL3426801,CC1(C)CC(=O)C2=C(C1)OC1=C(C(=O)CC(C)(C)C1)C2c1ccc(OCc2ccccc2CO)cc1,5.0
OPRM1,CHEMBL3698807,CCOC(=O)[C@@H]1CN(CCNc2nc3ccccc3n([C@H]3C[C@H]4CC[C@@H](C3)N4C3CCCCCCC3)c2=O)C[C@H]1C(=O)OCC,5.0
OPRM1,CHEMBL3984515,COCCOCCOCCOCCOCCOCCOCCO[C@H]1C=CC2C3Cc4ccc(OC)c5c4[C@@]2(CCN3C)C1O5,5.0
OPRM1,CHEMBL3911284,COCCOCCOCCOCCOCCOCCOCCOCCOCCO[C@H]1C=CC2C3Cc4ccc(OC)c5c4[C@@]2(CCN3C)C1O5,5.0
OPRM1,CHEMBL4092452,CC1CCCCC1C(=O)NCC1NCCc2ccccc21,5.0
OPRM1,CHEMBL4063837,CC(C)(C)C[C@@H]1COCc2nc(OCc3ccccn3)cc(=O)n21,5.0
OPRM1,CHEMBL4278465,OC1(c2ccc(Cl)c(C(F)(F)F)c2)CCN(CCCCN(c2ccc(F)cc2)c2ccc(F)cc2)CC1,5.0
OPRM1,CHEMBL4561162,Cc1nc(C)c(-c2csc(Nc3cccc(F)c3C)n2)s1,5.0
OPRM1,CHEMBL4472251,Cc1cccc(C)c1N1C(=O)CNC2(CCN(C)CC2)C1=O,5.0
OPRM1,CHEMBL3480577,Cc1ccc2nc(CNCCCOc3ccccc3)cc(O)c2c1,5.0
OPRM1,CHEMBL5076359,COc1cccc(C(=CCNCCCCN2CCN(c3cccc(Cl)c3Cl)CC2)c2cccc(OC)c2)c1,5.0
OPRM1,CHEMBL114655,CC(CCc1ccccc1)NC(C)C(O)c1ccc(O)cc1,5.0
OPRM1,CHEMBL5907441,COCCOCCOCCOCCOCCOCCOCCO[C@H]1C=CC2[C@H](N(C)C)Cc3ccc(OC)c4c3[C@@]2(C)[C@H]1O4,5.0
OPRM1,CHEMBL5749907,COCCOCCOCCOCCOCCOCCOCCOCCOCCO[C@H]1C=CC2[C@H](N(C)C)Cc3ccc(OC)c4c3[C@@]2(C)[C@H]1O4,5.0
OPRM1,CHEMBL5935189,CN(C)[C@@H](CNC(=O)Nc1cccnc1Cl)Cc1ccccc1,5.0
