候选编号,所属赛道,候选SMILES,结构文件,关键预测指标_类药性综合分,关键预测指标_QED,关键预测指标_SA,关键预测指标_新颖性最大Tanimoto,关键预测指标_对接分Vina(kcal/mol),关键预测指标_ADMET分级,关键预测指标_选择性SI百分位,关键预测指标_六维综合Tier,MW,LogP,TPSA,LogS,HBD,HBA,可旋转键,环数,Lipinski违反数,ADMET警报,可测性,姿态能量差(kcal/mol),Murcko骨架,同骨架候选数,排序,靶点,模型名称,模型版本,代码版本,随机种子,运行编号,备注
C0001,赛道 3 · 离子通道/GPCR 小分子药物虚拟筛选 · 子任务 2,CC(C)c1ccc2c(c1)CC1(CCC(C)(C(=O)NC3CCN4C(=O)COC=C4C3)O1)CO2,results/5HT2B/structures/cand001_mol_84f61009_a6b5347d44ab.sdf,1.287,0.782,4.946,0.221,-11.82,B,,,440.54,3.032,77.1,-4.78,1.0,5.0,3,5.0,0,1,,,O=C(NC1CCN2C(=O)COC=C2C1)C1CCC2(COc3ccccc3C2)O1,4,1,5HT2B,"7-eonmol (Pocket2Mol 等变图神经网络 + 口袋引导束搜索, GPCR 微调版)","7-eonmol_ft_gpcr_v10.pt — 本项目自训(官方权重起点 + gpcr_mass_v1 微调); 同种子成对十臂 vs 官方: 原始对接分 4 更好/4 打平/2 更差(均值 -0.15, 非全面超越), 生成尺寸与官方一致(MW 390-410)",7-eonmol-competition-submission,2024,5HT2B_20260930_094211,
C0002,赛道 3 · 离子通道/GPCR 小分子药物虚拟筛选 · 子任务 2,O=C(NCC(=O)N1CCC2C3CC4=C(C=C3CC21)C1OCCC1CC4O)c1ccccc1,results/5HT2B/structures/cand002_mol_9691cd93_b06e78fbfe95.sdf,1.306,0.766,4.6,0.274,-11.79,B,,,434.54,2.45,78.87,-4.31,2.0,4.0,3,6.0,0,1,,,O=C(NCC(=O)N1CCC2C3CC4=C(C=C3CC21)C1OCCC1CC4)c1ccccc1,1,2,5HT2B,"7-eonmol (Pocket2Mol 等变图神经网络 + 口袋引导束搜索, GPCR 微调版)","7-eonmol_ft_gpcr_v10.pt — 本项目自训(官方权重起点 + gpcr_mass_v1 微调); 同种子成对十臂 vs 官方: 原始对接分 4 更好/4 打平/2 更差(均值 -0.15, 非全面超越), 生成尺寸与官方一致(MW 390-410)",7-eonmol-competition-submission,2024,5HT2B_20260930_094211,
C0003,赛道 3 · 离子通道/GPCR 小分子药物虚拟筛选 · 子任务 2,O=C1c2cc(N3CCOCC3)cnc2C(N2Cc3ccc(C(F)(F)F)cc3C2)CN1C1CCCC1,results/5HT2B/structures/cand003_mol_766c345f_6eb9aae94a64.sdf,1.3,0.644,3.444,0.218,-11.68,C,,,486.54,4.392,48.91,-6.14,0.0,5.0,3,6.0,0,5,,,O=C1c2cc(N3CCOCC3)cnc2C(N2Cc3ccccc3C2)CN1C1CCCC1,1,3,5HT2B,"7-eonmol (Pocket2Mol 等变图神经网络 + 口袋引导束搜索, GPCR 微调版)","7-eonmol_ft_gpcr_v10.pt — 本项目自训(官方权重起点 + gpcr_mass_v1 微调); 同种子成对十臂 vs 官方: 原始对接分 4 更好/4 打平/2 更差(均值 -0.15, 非全面超越), 生成尺寸与官方一致(MW 390-410)",7-eonmol-competition-submission,2024,5HT2B_20260930_094211,
C0004,赛道 3 · 离子通道/GPCR 小分子药物虚拟筛选 · 子任务 2,O=C1CN(c2cnc3c(c2)C(=O)N(C2CCCC2)CC3N2Cc3ccc(C(=O)O)cc3C2)C(=O)C=N1,results/5HT2B/structures/cand004_mol_db45ce4a_56b34c1c9867.sdf,1.322,0.701,3.793,0.219,-11.51,B,,,487.52,2.179,123.48,-4.47,1.0,6.0,4,6.0,0,2,,,O=C1CN(c2cnc3c(c2)C(=O)N(C2CCCC2)CC3N2Cc3ccccc3C2)C(=O)C=N1,1,4,5HT2B,"7-eonmol (Pocket2Mol 等变图神经网络 + 口袋引导束搜索, GPCR 微调版)","7-eonmol_ft_gpcr_v10.pt — 本项目自训(官方权重起点 + gpcr_mass_v1 微调); 同种子成对十臂 vs 官方: 原始对接分 4 更好/4 打平/2 更差(均值 -0.15, 非全面超越), 生成尺寸与官方一致(MW 390-410)",7-eonmol-competition-submission,2024,5HT2B_20260930_094211,
C0005,赛道 3 · 离子通道/GPCR 小分子药物虚拟筛选 · 子任务 2,C=C(C)C1=CC=C2C(=O)N(C3CN(C4CCCC4)C(=O)c4cc(Nc5ccccc5)cnc43)CC2C1=O,results/5HT2B/structures/cand005_mol_787a6d72_63e856e06aa6.sdf,1.239,0.65,4.103,0.255,-11.49,C,,,494.6,4.735,82.61,-6.39,1.0,5.0,5,6.0,0,6,,,O=C1C=CC=C2C(=O)N(C3CN(C4CCCC4)C(=O)c4cc(Nc5ccccc5)cnc43)CC12,2,5,5HT2B,"7-eonmol (Pocket2Mol 等变图神经网络 + 口袋引导束搜索, GPCR 微调版)","7-eonmol_ft_gpcr_v10.pt — 本项目自训(官方权重起点 + gpcr_mass_v1 微调); 同种子成对十臂 vs 官方: 原始对接分 4 更好/4 打平/2 更差(均值 -0.15, 非全面超越), 生成尺寸与官方一致(MW 390-410)",7-eonmol-competition-submission,2024,5HT2B_20260930_094211,
C0006,赛道 3 · 离子通道/GPCR 小分子药物虚拟筛选 · 子任务 2,CC1CN2c3c(cccc3C1C)ONC1C3CCN(C(=O)CC4C=CC(=O)C5=C4CCO5)C3CCC12,results/5HT2B/structures/cand006_mol_98943a10_49830fcb60d0.sdf,1.151,0.683,5.322,0.204,-11.45,B,,,489.62,3.711,71.11,-5.61,1.0,6.0,2,7.0,0,1,,,O=C1C=CC(CC(=O)N2CCC3C4NOc5cccc6c5N(CCC6)C4CCC32)C2=C1OCC2,1,6,5HT2B,"7-eonmol (Pocket2Mol 等变图神经网络 + 口袋引导束搜索, GPCR 微调版)","7-eonmol_ft_gpcr_v10.pt — 本项目自训(官方权重起点 + gpcr_mass_v1 微调); 同种子成对十臂 vs 官方: 原始对接分 4 更好/4 打平/2 更差(均值 -0.15, 非全面超越), 生成尺寸与官方一致(MW 390-410)",7-eonmol-competition-submission,2024,5HT2B_20260930_094211,
C0007,赛道 3 · 离子通道/GPCR 小分子药物虚拟筛选 · 子任务 2,O=C(NCC(=O)N1CCc2cc(OC3CCCc4ccccc43)ccc21)c1ccccc1,results/5HT2B/structures/cand007_mol_a1bd745a_a1bd745a6bcd.sdf,1.382,0.655,2.73,0.362,-11.42,A,,,426.52,4.462,58.64,-5.84,1.0,3.0,5,5.0,0,0,,,O=C(NCC(=O)N1CCc2cc(OC3CCCc4ccccc43)ccc21)c1ccccc1,1,7,5HT2B,"7-eonmol (Pocket2Mol 等变图神经网络 + 口袋引导束搜索, GPCR 微调版)","7-eonmol_ft_gpcr_v10.pt — 本项目自训(官方权重起点 + gpcr_mass_v1 微调); 同种子成对十臂 vs 官方: 原始对接分 4 更好/4 打平/2 更差(均值 -0.15, 非全面超越), 生成尺寸与官方一致(MW 390-410)",7-eonmol-competition-submission,2024,5HT2B_20260930_094211,
C0008,赛道 3 · 离子通道/GPCR 小分子药物虚拟筛选 · 子任务 2,Cc1cc(C)c2c(=O)nc3n(c2c1)CCC1C3CCN1C(=O)CNC(=O)c1ccccc1,results/5HT2B/structures/cand008_mol_ccb68ee7_9e354be1e434.sdf,1.346,0.692,3.459,0.298,-11.42,B,,,430.51,2.532,84.3,-4.45,1.0,4.0,3,5.0,0,1,,,O=C(NCC(=O)N1CCC2c3nc(=O)c4ccccc4n3CCC21)c1ccccc1,1,8,5HT2B,"7-eonmol (Pocket2Mol 等变图神经网络 + 口袋引导束搜索, GPCR 微调版)","7-eonmol_ft_gpcr_v10.pt — 本项目自训(官方权重起点 + gpcr_mass_v1 微调); 同种子成对十臂 vs 官方: 原始对接分 4 更好/4 打平/2 更差(均值 -0.15, 非全面超越), 生成尺寸与官方一致(MW 390-410)",7-eonmol-competition-submission,2024,5HT2B_20260930_094211,
C0009,赛道 3 · 离子通道/GPCR 小分子药物虚拟筛选 · 子任务 2,O=C1C=CC(=O)N(c2cnc3c(c2)C(=O)N(C2CCCC2)CC3N2Cc3ccc(C(=O)O)cc3C2)C1,results/5HT2B/structures/cand009_mol_b70d900a_51f312f33863.sdf,1.334,0.707,3.734,0.226,-11.37,B,,,486.53,2.707,111.12,-4.86,1.0,6.0,4,6.0,0,2,,,O=C1C=CC(=O)N(c2cnc3c(c2)C(=O)N(C2CCCC2)CC3N2Cc3ccccc3C2)C1,1,9,5HT2B,"7-eonmol (Pocket2Mol 等变图神经网络 + 口袋引导束搜索, GPCR 微调版)","7-eonmol_ft_gpcr_v10.pt — 本项目自训(官方权重起点 + gpcr_mass_v1 微调); 同种子成对十臂 vs 官方: 原始对接分 4 更好/4 打平/2 更差(均值 -0.15, 非全面超越), 生成尺寸与官方一致(MW 390-410)",7-eonmol-competition-submission,2024,5HT2B_20260930_094211,
C0010,赛道 3 · 离子通道/GPCR 小分子药物虚拟筛选 · 子任务 2,O=C1NC(Cn2ccccc2=O)CCC1N1c2cc(C(=O)N3CCCC3)ccc2CC2CCCC21,results/5HT2B/structures/cand010_mol_57e00a2b_57e00a2b2a63.sdf,1.343,0.74,3.965,0.291,-11.35,B,,,474.61,2.963,74.65,-4.98,1.0,4.0,4,6.0,0,2,,,O=C1NC(Cn2ccccc2=O)CCC1N1c2cc(C(=O)N3CCCC3)ccc2CC2CCCC21,2,10,5HT2B,"7-eonmol (Pocket2Mol 等变图神经网络 + 口袋引导束搜索, GPCR 微调版)","7-eonmol_ft_gpcr_v10.pt — 本项目自训(官方权重起点 + gpcr_mass_v1 微调); 同种子成对十臂 vs 官方: 原始对接分 4 更好/4 打平/2 更差(均值 -0.15, 非全面超越), 生成尺寸与官方一致(MW 390-410)",7-eonmol-competition-submission,2024,5HT2B_20260930_094211,
C0011,赛道 3 · 离子通道/GPCR 小分子药物虚拟筛选 · 子任务 2,CC(=O)c1ccc2c(c1)CC1(CCC(C)(C(=O)NC3CCN4C(=O)COC=C4C3)O1)CO2,results/5HT2B/structures/cand011_mol_84f61009_c82a05b03297.sdf,1.232,0.724,4.924,0.222,-11.31,B,,,440.5,2.111,94.17,-4.1,1.0,6.0,3,5.0,0,1,,,O=C(NC1CCN2C(=O)COC=C2C1)C1CCC2(COc3ccccc3C2)O1,4,11,5HT2B,"7-eonmol (Pocket2Mol 等变图神经网络 + 口袋引导束搜索, GPCR 微调版)","7-eonmol_ft_gpcr_v10.pt — 本项目自训(官方权重起点 + gpcr_mass_v1 微调); 同种子成对十臂 vs 官方: 原始对接分 4 更好/4 打平/2 更差(均值 -0.15, 非全面超越), 生成尺寸与官方一致(MW 390-410)",7-eonmol-competition-submission,2024,5HT2B_20260930_094211,
C0012,赛道 3 · 离子通道/GPCR 小分子药物虚拟筛选 · 子任务 2,Cc1c(F)ccc2c1CC1CC3C(CCN3C(=O)CNC(=O)c3ccccc3)C1C2,results/5HT2B/structures/cand012_mol_d5a493ec_61523ca4503e.sdf,1.478,0.848,3.706,0.31,-11.29,B,,,406.5,3.516,49.41,-5.0,1.0,2.0,3,5.0,0,2,,,O=C(NCC(=O)N1CCC2C3Cc4ccccc4CC3CC21)c1ccccc1,3,12,5HT2B,"7-eonmol (Pocket2Mol 等变图神经网络 + 口袋引导束搜索, GPCR 微调版)","7-eonmol_ft_gpcr_v10.pt — 本项目自训(官方权重起点 + gpcr_mass_v1 微调); 同种子成对十臂 vs 官方: 原始对接分 4 更好/4 打平/2 更差(均值 -0.15, 非全面超越), 生成尺寸与官方一致(MW 390-410)",7-eonmol-competition-submission,2024,5HT2B_20260930_094211,
C0013,赛道 3 · 离子通道/GPCR 小分子药物虚拟筛选 · 子任务 2,O=C(Cc1ccc(O)c2c1CCO2)N1CCC2CC(C=CC=C3C=CC=CC3)=CCC21,results/5HT2B/structures/cand013_mol_258bab1a_3fcf2b113537.sdf,1.328,0.768,4.401,0.2,-11.16,B,,,415.53,4.806,49.77,-5.92,1.0,3.0,4,5.0,0,2,,,O=C(Cc1cccc2c1CCO2)N1CCC2CC(C=CC=C3C=CC=CC3)=CCC21,1,13,5HT2B,"7-eonmol (Pocket2Mol 等变图神经网络 + 口袋引导束搜索, GPCR 微调版)","7-eonmol_ft_gpcr_v10.pt — 本项目自训(官方权重起点 + gpcr_mass_v1 微调); 同种子成对十臂 vs 官方: 原始对接分 4 更好/4 打平/2 更差(均值 -0.15, 非全面超越), 生成尺寸与官方一致(MW 390-410)",7-eonmol-competition-submission,2024,5HT2B_20260930_094211,
C0014,赛道 3 · 离子通道/GPCR 小分子药物虚拟筛选 · 子任务 2,O=C(O)c1ccc2c(c1)CN(C1CN(C3CCCC3)C(=O)c3cc(N4CCOCC4=O)cnc31)C2,results/5HT2B/structures/cand014_mol_74a1df6b_514fb7fba5ef.sdf,1.371,0.724,3.524,0.221,-11.11,B,,,476.53,2.598,103.28,-4.72,1.0,6.0,4,6.0,0,2,,,O=C1COCCN1c1cnc2c(c1)C(=O)N(C1CCCC1)CC2N1Cc2ccccc2C1,1,14,5HT2B,"7-eonmol (Pocket2Mol 等变图神经网络 + 口袋引导束搜索, GPCR 微调版)","7-eonmol_ft_gpcr_v10.pt — 本项目自训(官方权重起点 + gpcr_mass_v1 微调); 同种子成对十臂 vs 官方: 原始对接分 4 更好/4 打平/2 更差(均值 -0.15, 非全面超越), 生成尺寸与官方一致(MW 390-410)",7-eonmol-competition-submission,2024,5HT2B_20260930_094211,
C0015,赛道 3 · 离子通道/GPCR 小分子药物虚拟筛选 · 子任务 2,O=C(NCC(=O)N1CC2CCCC2C1)c1ccc2c(c1)C(C(F)(F)F)Cc1n[nH]nc1-2,results/5HT2B/structures/cand015_mol_ac277136_8e273c19e282.sdf,1.375,0.779,4.038,0.198,-11.06,B,,,433.43,2.662,90.98,-4.52,2.0,4.0,3,5.0,0,2,,,O=C(NCC(=O)N1CC2CCCC2C1)c1ccc2c(c1)CCc1n[nH]nc1-2,1,15,5HT2B,"7-eonmol (Pocket2Mol 等变图神经网络 + 口袋引导束搜索, GPCR 微调版)","7-eonmol_ft_gpcr_v10.pt — 本项目自训(官方权重起点 + gpcr_mass_v1 微调); 同种子成对十臂 vs 官方: 原始对接分 4 更好/4 打平/2 更差(均值 -0.15, 非全面超越), 生成尺寸与官方一致(MW 390-410)",7-eonmol-competition-submission,2024,5HT2B_20260930_094211,
C0016,赛道 3 · 离子通道/GPCR 小分子药物虚拟筛选 · 子任务 2,Cc1ccn(CC2CCC(N3c4cc(C(=O)N5CCCC5)ccc4CC4CCCC43)C(=O)N2)c(=O)c1,results/5HT2B/structures/cand016_mol_57e00a2b_0eaac2690ecc.sdf,1.314,0.717,4.029,0.25,-11.06,C,,,488.63,3.271,74.65,-5.29,1.0,4.0,4,6.0,0,3,,,O=C1NC(Cn2ccccc2=O)CCC1N1c2cc(C(=O)N3CCCC3)ccc2CC2CCCC21,2,16,5HT2B,"7-eonmol (Pocket2Mol 等变图神经网络 + 口袋引导束搜索, GPCR 微调版)","7-eonmol_ft_gpcr_v10.pt — 本项目自训(官方权重起点 + gpcr_mass_v1 微调); 同种子成对十臂 vs 官方: 原始对接分 4 更好/4 打平/2 更差(均值 -0.15, 非全面超越), 生成尺寸与官方一致(MW 390-410)",7-eonmol-competition-submission,2024,5HT2B_20260930_094211,
C0017,赛道 3 · 离子通道/GPCR 小分子药物虚拟筛选 · 子任务 2,O=C(NCC(=O)N1CC2CCCC2C1)c1ccc2c(c1)C(C(F)(F)F)CC1=NN=NC12,results/5HT2B/structures/cand017_mol_62e258e9_4be52837444a.sdf,1.349,0.79,4.41,0.198,-10.97,C,,,433.43,3.587,86.49,-5.15,1.0,5.0,3,5.0,0,3,,,O=C(NCC(=O)N1CC2CCCC2C1)c1ccc2c(c1)CCC1=NN=NC12,1,17,5HT2B,"7-eonmol (Pocket2Mol 等变图神经网络 + 口袋引导束搜索, GPCR 微调版)","7-eonmol_ft_gpcr_v10.pt — 本项目自训(官方权重起点 + gpcr_mass_v1 微调); 同种子成对十臂 vs 官方: 原始对接分 4 更好/4 打平/2 更差(均值 -0.15, 非全面超越), 生成尺寸与官方一致(MW 390-410)",7-eonmol-competition-submission,2024,5HT2B_20260930_094211,
C0018,赛道 3 · 离子通道/GPCR 小分子药物虚拟筛选 · 子任务 2,Cc1c(F)cc(F)c2c1CC1CC3C(CCN3C(=O)CNC(=O)c3ccccc3)C1C2,results/5HT2B/structures/cand018_mol_d5a493ec_436de01c3a3f.sdf,1.436,0.818,3.817,0.275,-10.92,B,,,424.49,3.655,49.41,-5.21,1.0,2.0,3,5.0,0,2,,,O=C(NCC(=O)N1CCC2C3Cc4ccccc4CC3CC21)c1ccccc1,3,18,5HT2B,"7-eonmol (Pocket2Mol 等变图神经网络 + 口袋引导束搜索, GPCR 微调版)","7-eonmol_ft_gpcr_v10.pt — 本项目自训(官方权重起点 + gpcr_mass_v1 微调); 同种子成对十臂 vs 官方: 原始对接分 4 更好/4 打平/2 更差(均值 -0.15, 非全面超越), 生成尺寸与官方一致(MW 390-410)",7-eonmol-competition-submission,2024,5HT2B_20260930_094211,
C0019,赛道 3 · 离子通道/GPCR 小分子药物虚拟筛选 · 子任务 2,O=C(NCC(=O)N1CC2CCCC2C1)c1ccc2c(c1)C(C(F)(F)F)CC=C2,results/5HT2B/structures/cand019_mol_4bd80dd0_737f414bed24.sdf,1.476,0.852,3.765,0.214,-10.91,B,,,392.42,3.738,49.41,-5.01,1.0,2.0,3,4.0,0,2,,,O=C(NCC(=O)N1CC2CCCC2C1)c1ccc2c(c1)CCC=C2,1,19,5HT2B,"7-eonmol (Pocket2Mol 等变图神经网络 + 口袋引导束搜索, GPCR 微调版)","7-eonmol_ft_gpcr_v10.pt — 本项目自训(官方权重起点 + gpcr_mass_v1 微调); 同种子成对十臂 vs 官方: 原始对接分 4 更好/4 打平/2 更差(均值 -0.15, 非全面超越), 生成尺寸与官方一致(MW 390-410)",7-eonmol-competition-submission,2024,5HT2B_20260930_094211,
C0020,赛道 3 · 离子通道/GPCR 小分子药物虚拟筛选 · 子任务 2,CCc1ccc2c(c1)CC1(CCC(C)(C(=O)NC3CCN4C(=O)COC=C4C3)O1)CO2,results/5HT2B/structures/cand020_mol_84f61009_311ff9059aed.sdf,1.31,0.804,4.932,0.241,-10.91,B,,,426.51,2.471,77.1,-4.28,1.0,5.0,3,5.0,0,1,,,O=C(NC1CCN2C(=O)COC=C2C1)C1CCC2(COc3ccccc3C2)O1,4,20,5HT2B,"7-eonmol (Pocket2Mol 等变图神经网络 + 口袋引导束搜索, GPCR 微调版)","7-eonmol_ft_gpcr_v10.pt — 本项目自训(官方权重起点 + gpcr_mass_v1 微调); 同种子成对十臂 vs 官方: 原始对接分 4 更好/4 打平/2 更差(均值 -0.15, 非全面超越), 生成尺寸与官方一致(MW 390-410)",7-eonmol-competition-submission,2024,5HT2B_20260930_094211,
C0021,赛道 3 · 离子通道/GPCR 小分子药物虚拟筛选 · 子任务 2,O=C1C(N2CC(=O)N3CCC(CCc4ccccc4)CC3C2)CCCN1c1ccccc1,results/5HT2B/structures/cand021_mol_da373777_da373777faa5.sdf,1.386,0.725,3.389,0.373,-10.9,B,,,431.58,3.738,43.86,-5.27,0.0,3.0,5,5.0,0,2,,,O=C1C(N2CC(=O)N3CCC(CCc4ccccc4)CC3C2)CCCN1c1ccccc1,1,21,5HT2B,"7-eonmol (Pocket2Mol 等变图神经网络 + 口袋引导束搜索, GPCR 微调版)","7-eonmol_ft_gpcr_v10.pt — 本项目自训(官方权重起点 + gpcr_mass_v1 微调); 同种子成对十臂 vs 官方: 原始对接分 4 更好/4 打平/2 更差(均值 -0.15, 非全面超越), 生成尺寸与官方一致(MW 390-410)",7-eonmol-competition-submission,2024,5HT2B_20260930_094211,
C0022,赛道 3 · 离子通道/GPCR 小分子药物虚拟筛选 · 子任务 2,O=C(NCC(=O)N1CC2CCCC2C1)c1ccc2c(c1)C(C(F)(F)F)Cc1n[nH]cc1-2,results/5HT2B/structures/cand022_mol_9071ebc6_5bfe33b5cee1.sdf,1.376,0.782,4.06,0.204,-10.88,C,,,432.45,3.267,78.09,-4.96,2.0,3.0,3,5.0,0,3,,,O=C(NCC(=O)N1CC2CCCC2C1)c1ccc2c(c1)CCc1n[nH]cc1-2,1,22,5HT2B,"7-eonmol (Pocket2Mol 等变图神经网络 + 口袋引导束搜索, GPCR 微调版)","7-eonmol_ft_gpcr_v10.pt — 本项目自训(官方权重起点 + gpcr_mass_v1 微调); 同种子成对十臂 vs 官方: 原始对接分 4 更好/4 打平/2 更差(均值 -0.15, 非全面超越), 生成尺寸与官方一致(MW 390-410)",7-eonmol-competition-submission,2024,5HT2B_20260930_094211,
C0023,赛道 3 · 离子通道/GPCR 小分子药物虚拟筛选 · 子任务 2,O=C(NCC(=O)N1CC2CCCC2C1)c1ccc2c(c1)C(C(F)(F)F)CCC2=O,results/5HT2B/structures/cand023_mol_5af90598_96aefef392d4.sdf,1.469,0.835,3.656,0.22,-10.87,B,,,408.42,3.297,66.48,-4.78,1.0,3.0,3,4.0,0,2,,,O=C(NCC(=O)N1CC2CCCC2C1)c1ccc2c(c1)CCCC2=O,1,23,5HT2B,"7-eonmol (Pocket2Mol 等变图神经网络 + 口袋引导束搜索, GPCR 微调版)","7-eonmol_ft_gpcr_v10.pt — 本项目自训(官方权重起点 + gpcr_mass_v1 微调); 同种子成对十臂 vs 官方: 原始对接分 4 更好/4 打平/2 更差(均值 -0.15, 非全面超越), 生成尺寸与官方一致(MW 390-410)",7-eonmol-competition-submission,2024,5HT2B_20260930_094211,
C0024,赛道 3 · 离子通道/GPCR 小分子药物虚拟筛选 · 子任务 2,O=C(O)c1ccc2c(c1)CN(C1CN(C3CCCC3)C(=O)c3cc(N4CC=NCC4=O)cnc31)C2,results/5HT2B/structures/cand024_mol_a6d1f62c_40a3bde5086b.sdf,1.348,0.732,3.837,0.222,-10.87,B,,,473.53,2.653,106.41,-4.74,1.0,6.0,4,6.0,0,2,,,O=C1CN=CCN1c1cnc2c(c1)C(=O)N(C1CCCC1)CC2N1Cc2ccccc2C1,1,24,5HT2B,"7-eonmol (Pocket2Mol 等变图神经网络 + 口袋引导束搜索, GPCR 微调版)","7-eonmol_ft_gpcr_v10.pt — 本项目自训(官方权重起点 + gpcr_mass_v1 微调); 同种子成对十臂 vs 官方: 原始对接分 4 更好/4 打平/2 更差(均值 -0.15, 非全面超越), 生成尺寸与官方一致(MW 390-410)",7-eonmol-competition-submission,2024,5HT2B_20260930_094211,
C0025,赛道 3 · 离子通道/GPCR 小分子药物虚拟筛选 · 子任务 2,O=C(NCC(=O)N1CC2CCCC2C1)c1ccc2c(c1)C(C(F)(F)F)Cc1nncn1-2,results/5HT2B/structures/cand025_mol_2aadf98c_fb6b1c97d53c.sdf,1.411,0.807,3.952,0.204,-10.85,B,,,433.43,2.458,80.12,-4.37,1.0,4.0,3,5.0,0,2,,,O=C(NCC(=O)N1CC2CCCC2C1)c1ccc2c(c1)CCc1nncn1-2,1,25,5HT2B,"7-eonmol (Pocket2Mol 等变图神经网络 + 口袋引导束搜索, GPCR 微调版)","7-eonmol_ft_gpcr_v10.pt — 本项目自训(官方权重起点 + gpcr_mass_v1 微调); 同种子成对十臂 vs 官方: 原始对接分 4 更好/4 打平/2 更差(均值 -0.15, 非全面超越), 生成尺寸与官方一致(MW 390-410)",7-eonmol-competition-submission,2024,5HT2B_20260930_094211,
C0026,赛道 3 · 离子通道/GPCR 小分子药物虚拟筛选 · 子任务 2,O=C(NCC(=O)N1CC2CCCC2C1)c1ccc2c(c1)C(C(F)(F)F)Cc1nonc1-2,results/5HT2B/structures/cand026_mol_c1ec05cd_dab19e4e5d48.sdf,1.401,0.803,4.012,0.198,-10.85,B,,,434.42,2.927,88.33,-4.72,1.0,5.0,3,5.0,0,2,,,O=C(NCC(=O)N1CC2CCCC2C1)c1ccc2c(c1)CCc1nonc1-2,1,26,5HT2B,"7-eonmol (Pocket2Mol 等变图神经网络 + 口袋引导束搜索, GPCR 微调版)","7-eonmol_ft_gpcr_v10.pt — 本项目自训(官方权重起点 + gpcr_mass_v1 微调); 同种子成对十臂 vs 官方: 原始对接分 4 更好/4 打平/2 更差(均值 -0.15, 非全面超越), 生成尺寸与官方一致(MW 390-410)",7-eonmol-competition-submission,2024,5HT2B_20260930_094211,
C0027,赛道 3 · 离子通道/GPCR 小分子药物虚拟筛选 · 子任务 2,CC1CCc2c(CC3CCC(C)(C(=O)NC4CCN5C(=O)CCCC5C4)O3)cccc21,results/5HT2B/structures/cand027_mol_68257dff_92e327563a75.sdf,1.363,0.798,4.349,0.256,-10.85,B,,,424.59,3.876,58.64,-5.28,1.0,3.0,4,5.0,0,1,,,O=C(NC1CCN2C(=O)CCCC2C1)C1CCC(Cc2cccc3c2CCC3)O1,2,27,5HT2B,"7-eonmol (Pocket2Mol 等变图神经网络 + 口袋引导束搜索, GPCR 微调版)","7-eonmol_ft_gpcr_v10.pt — 本项目自训(官方权重起点 + gpcr_mass_v1 微调); 同种子成对十臂 vs 官方: 原始对接分 4 更好/4 打平/2 更差(均值 -0.15, 非全面超越), 生成尺寸与官方一致(MW 390-410)",7-eonmol-competition-submission,2024,5HT2B_20260930_094211,
C0028,赛道 3 · 离子通道/GPCR 小分子药物虚拟筛选 · 子任务 2,O=C(NCC(=O)N1CCC2c3nc(=O)c4cccnc4n3CCC21)c1ccccc1,results/5HT2B/structures/cand028_mol_b0ead027_b0ead027d1c1.sdf,1.372,0.711,3.388,0.339,-10.82,B,,,403.44,1.31,97.19,-3.39,1.0,5.0,3,5.0,0,1,,,O=C(NCC(=O)N1CCC2c3nc(=O)c4cccnc4n3CCC21)c1ccccc1,3,28,5HT2B,"7-eonmol (Pocket2Mol 等变图神经网络 + 口袋引导束搜索, GPCR 微调版)","7-eonmol_ft_gpcr_v10.pt — 本项目自训(官方权重起点 + gpcr_mass_v1 微调); 同种子成对十臂 vs 官方: 原始对接分 4 更好/4 打平/2 更差(均值 -0.15, 非全面超越), 生成尺寸与官方一致(MW 390-410)",7-eonmol-competition-submission,2024,5HT2B_20260930_094211,
C0029,赛道 3 · 离子通道/GPCR 小分子药物虚拟筛选 · 子任务 2,CC1(C(=O)NC2CCN3C(=O)CCCC3C2)CCC(Cc2cccc3c2CCC3O)O1,results/5HT2B/structures/cand029_mol_68257dff_85a827458b56.sdf,1.34,0.776,4.359,0.267,-10.81,B,,,426.56,2.806,78.87,-4.5,2.0,4.0,4,5.0,0,1,,,O=C(NC1CCN2C(=O)CCCC2C1)C1CCC(Cc2cccc3c2CCC3)O1,2,29,5HT2B,"7-eonmol (Pocket2Mol 等变图神经网络 + 口袋引导束搜索, GPCR 微调版)","7-eonmol_ft_gpcr_v10.pt — 本项目自训(官方权重起点 + gpcr_mass_v1 微调); 同种子成对十臂 vs 官方: 原始对接分 4 更好/4 打平/2 更差(均值 -0.15, 非全面超越), 生成尺寸与官方一致(MW 390-410)",7-eonmol-competition-submission,2024,5HT2B_20260930_094211,
C0030,赛道 3 · 离子通道/GPCR 小分子药物虚拟筛选 · 子任务 2,O=C(NC1CCCCC1)c1ccc(=O)n2c1Cc1c(F)ccc3c1C(CCC3)N2,results/5HT2B/structures/cand030_mol_80736c60_3c9625544a72.sdf,1.469,0.817,3.478,0.24,-10.77,B,,,395.48,3.575,63.13,-5.0,2.0,3.0,2,5.0,0,1,,,O=C(NC1CCCCC1)c1ccc(=O)n2c1Cc1cccc3c1C(CCC3)N2,1,30,5HT2B,"7-eonmol (Pocket2Mol 等变图神经网络 + 口袋引导束搜索, GPCR 微调版)","7-eonmol_ft_gpcr_v10.pt — 本项目自训(官方权重起点 + gpcr_mass_v1 微调); 同种子成对十臂 vs 官方: 原始对接分 4 更好/4 打平/2 更差(均值 -0.15, 非全面超越), 生成尺寸与官方一致(MW 390-410)",7-eonmol-competition-submission,2024,5HT2B_20260930_094211,
C0031,赛道 3 · 离子通道/GPCR 小分子药物虚拟筛选 · 子任务 2,CCC(C)OC(=O)N1CCN2C(=O)c3ccc(Oc4cccc5c4C(O)CC=N5)cc3C2C1,results/5HT2B/structures/cand031_mol_99d66348_ebcac9dd34b0.sdf,1.344,0.749,4.042,0.254,-10.76,B,,,449.51,4.366,91.67,-5.87,1.0,6.0,4,5.0,0,2,,,O=C1c2ccc(Oc3cccc4c3CCC=N4)cc2C2CNCCN12,5,31,5HT2B,"7-eonmol (Pocket2Mol 等变图神经网络 + 口袋引导束搜索, GPCR 微调版)","7-eonmol_ft_gpcr_v10.pt — 本项目自训(官方权重起点 + gpcr_mass_v1 微调); 同种子成对十臂 vs 官方: 原始对接分 4 更好/4 打平/2 更差(均值 -0.15, 非全面超越), 生成尺寸与官方一致(MW 390-410)",7-eonmol-competition-submission,2024,5HT2B_20260930_094211,
C0032,赛道 3 · 离子通道/GPCR 小分子药物虚拟筛选 · 子任务 2,Cc1cc2c(=O)nc3n(c2[nH]1)CCC1C3CCN1C(=O)CNC(=O)c1ccccc1,results/5HT2B/structures/cand032_mol_4630baa2_a98d8fef781c.sdf,1.329,0.691,3.613,0.299,-10.72,A,,,405.46,1.551,100.09,-3.57,2.0,4.0,3,5.0,0,0,,,O=C(NCC(=O)N1CCC2c3nc(=O)c4cc[nH]c4n3CCC21)c1ccccc1,1,32,5HT2B,"7-eonmol (Pocket2Mol 等变图神经网络 + 口袋引导束搜索, GPCR 微调版)","7-eonmol_ft_gpcr_v10.pt — 本项目自训(官方权重起点 + gpcr_mass_v1 微调); 同种子成对十臂 vs 官方: 原始对接分 4 更好/4 打平/2 更差(均值 -0.15, 非全面超越), 生成尺寸与官方一致(MW 390-410)",7-eonmol-competition-submission,2024,5HT2B_20260930_094211,
C0033,赛道 3 · 离子通道/GPCR 小分子药物虚拟筛选 · 子任务 2,O=C(NCC(=O)N1CC2CCCC2C1)c1ccc2c(c1)C(C(F)(F)F)CC=N2,results/5HT2B/structures/cand033_mol_1b129f34_035714c07bc7.sdf,1.468,0.855,3.877,0.208,-10.67,B,,,393.41,3.427,61.77,-4.78,1.0,3.0,3,4.0,0,2,,,O=C(NCC(=O)N1CC2CCCC2C1)c1ccc2c(c1)CCC=N2,1,33,5HT2B,"7-eonmol (Pocket2Mol 等变图神经网络 + 口袋引导束搜索, GPCR 微调版)","7-eonmol_ft_gpcr_v10.pt — 本项目自训(官方权重起点 + gpcr_mass_v1 微调); 同种子成对十臂 vs 官方: 原始对接分 4 更好/4 打平/2 更差(均值 -0.15, 非全面超越), 生成尺寸与官方一致(MW 390-410)",7-eonmol-competition-submission,2024,5HT2B_20260930_094211,
C0034,赛道 3 · 离子通道/GPCR 小分子药物虚拟筛选 · 子任务 2,Cc1cnc2c(c1)c(=O)nc1n2CCC2C1CCN2C(=O)CNC(=O)c1ccccc1,results/5HT2B/structures/cand034_mol_b0ead027_657d8efb019f.sdf,1.35,0.699,3.487,0.302,-10.65,B,,,417.47,1.618,97.19,-3.7,1.0,5.0,3,5.0,0,1,,,O=C(NCC(=O)N1CCC2c3nc(=O)c4cccnc4n3CCC21)c1ccccc1,3,34,5HT2B,"7-eonmol (Pocket2Mol 等变图神经网络 + 口袋引导束搜索, GPCR 微调版)","7-eonmol_ft_gpcr_v10.pt — 本项目自训(官方权重起点 + gpcr_mass_v1 微调); 同种子成对十臂 vs 官方: 原始对接分 4 更好/4 打平/2 更差(均值 -0.15, 非全面超越), 生成尺寸与官方一致(MW 390-410)",7-eonmol-competition-submission,2024,5HT2B_20260930_094211,
C0035,赛道 3 · 离子通道/GPCR 小分子药物虚拟筛选 · 子任务 2,CC1C=C(O)C2=CCNC3C4CCN(C(=O)CC5C=CC(=O)C6=C5CCO6)C4CCC3N2C1,results/5HT2B/structures/cand035_mol_a7e3b0e6_6a1ec1939dfe.sdf,1.129,0.671,5.419,0.177,-10.64,B,,,451.57,2.435,82.11,-4.36,2.0,6.0,2,6.0,0,1,,,O=C1C=CC(CC(=O)N2CCC3C4NCC=C5C=CCCN5C4CCC32)C2=C1OCC2,1,35,5HT2B,"7-eonmol (Pocket2Mol 等变图神经网络 + 口袋引导束搜索, GPCR 微调版)","7-eonmol_ft_gpcr_v10.pt — 本项目自训(官方权重起点 + gpcr_mass_v1 微调); 同种子成对十臂 vs 官方: 原始对接分 4 更好/4 打平/2 更差(均值 -0.15, 非全面超越), 生成尺寸与官方一致(MW 390-410)",7-eonmol-competition-submission,2024,5HT2B_20260930_094211,
C0036,赛道 3 · 离子通道/GPCR 小分子药物虚拟筛选 · 子任务 2,O=C(NCC(=O)N1CC2CCCC2C1)c1cc2c(s1)-c1ccccc1CCO2,results/5HT2B/structures/cand036_mol_2603491f_2603491f7f02.sdf,1.527,0.866,3.383,0.258,-10.63,B,,,396.51,3.338,58.64,-4.8,1.0,4.0,3,5.0,0,2,,,O=C(NCC(=O)N1CC2CCCC2C1)c1cc2c(s1)-c1ccccc1CCO2,1,36,5HT2B,"7-eonmol (Pocket2Mol 等变图神经网络 + 口袋引导束搜索, GPCR 微调版)","7-eonmol_ft_gpcr_v10.pt — 本项目自训(官方权重起点 + gpcr_mass_v1 微调); 同种子成对十臂 vs 官方: 原始对接分 4 更好/4 打平/2 更差(均值 -0.15, 非全面超越), 生成尺寸与官方一致(MW 390-410)",7-eonmol-competition-submission,2024,5HT2B_20260930_094211,
C0037,赛道 3 · 离子通道/GPCR 小分子药物虚拟筛选 · 子任务 2,O=C1c2cc(N3CCNCC3)cnc2C(N2Cc3ccc(C(F)(F)F)cc3C2)CN1C1CCCC1,results/5HT2B/structures/cand037_mol_eeff97f6_baa840f66abe.sdf,1.363,0.713,3.509,0.218,-10.61,C,,,485.55,3.965,51.71,-5.81,1.0,5.0,3,6.0,0,4,,,O=C1c2cc(N3CCNCC3)cnc2C(N2Cc3ccccc3C2)CN1C1CCCC1,1,37,5HT2B,"7-eonmol (Pocket2Mol 等变图神经网络 + 口袋引导束搜索, GPCR 微调版)","7-eonmol_ft_gpcr_v10.pt — 本项目自训(官方权重起点 + gpcr_mass_v1 微调); 同种子成对十臂 vs 官方: 原始对接分 4 更好/4 打平/2 更差(均值 -0.15, 非全面超越), 生成尺寸与官方一致(MW 390-410)",7-eonmol-competition-submission,2024,5HT2B_20260930_094211,
C0038,赛道 3 · 离子通道/GPCR 小分子药物虚拟筛选 · 子任务 2,Cc1cccc(N2CCC3C(CCN3C(=O)CNC(=O)c3ccccc3)C2)c1,results/5HT2B/structures/cand038_mol_546a690e_485035491b07.sdf,1.608,0.891,2.833,0.379,-10.58,B,,,377.49,2.852,52.65,-4.31,1.0,3.0,4,4.0,0,1,,,O=C(NCC(=O)N1CCC2CN(c3ccccc3)CCC21)c1ccccc1,1,38,5HT2B,"7-eonmol (Pocket2Mol 等变图神经网络 + 口袋引导束搜索, GPCR 微调版)","7-eonmol_ft_gpcr_v10.pt — 本项目自训(官方权重起点 + gpcr_mass_v1 微调); 同种子成对十臂 vs 官方: 原始对接分 4 更好/4 打平/2 更差(均值 -0.15, 非全面超越), 生成尺寸与官方一致(MW 390-410)",7-eonmol-competition-submission,2024,5HT2B_20260930_094211,
C0039,赛道 3 · 离子通道/GPCR 小分子药物虚拟筛选 · 子任务 2,O=C(NCC(=O)N1CC2CCCC2C1)c1ccc2c(c1)C(C(F)(F)F)CC1=NCN=C12,results/5HT2B/structures/cand039_mol_a1cf2687_17520039ed1f.sdf,1.379,0.798,4.19,0.198,-10.58,B,,,432.45,2.926,74.13,-4.65,1.0,4.0,3,5.0,0,2,,,O=C(NCC(=O)N1CC2CCCC2C1)c1ccc2c(c1)CCC1=NCN=C12,1,39,5HT2B,"7-eonmol (Pocket2Mol 等变图神经网络 + 口袋引导束搜索, GPCR 微调版)","7-eonmol_ft_gpcr_v10.pt — 本项目自训(官方权重起点 + gpcr_mass_v1 微调); 同种子成对十臂 vs 官方: 原始对接分 4 更好/4 打平/2 更差(均值 -0.15, 非全面超越), 生成尺寸与官方一致(MW 390-410)",7-eonmol-competition-submission,2024,5HT2B_20260930_094211,
C0040,赛道 3 · 离子通道/GPCR 小分子药物虚拟筛选 · 子任务 2,CC1(CCC(=O)NC2CCCC2)CC(C(=O)Nc2cccc3ccccc23)N(C(=O)O)C1,results/5HT2B/structures/cand040_mol_063189e6_8f727db8d2f9.sdf,1.294,0.625,3.306,0.287,-10.58,C,,,437.54,4.376,98.74,-5.73,3.0,3.0,6,4.0,0,3,,,O=C(CCC1CNC(C(=O)Nc2cccc3ccccc23)C1)NC1CCCC1,1,40,5HT2B,"7-eonmol (Pocket2Mol 等变图神经网络 + 口袋引导束搜索, GPCR 微调版)","7-eonmol_ft_gpcr_v10.pt — 本项目自训(官方权重起点 + gpcr_mass_v1 微调); 同种子成对十臂 vs 官方: 原始对接分 4 更好/4 打平/2 更差(均值 -0.15, 非全面超越), 生成尺寸与官方一致(MW 390-410)",7-eonmol-competition-submission,2024,5HT2B_20260930_094211,
C0041,赛道 3 · 离子通道/GPCR 小分子药物虚拟筛选 · 子任务 2,CNC(=O)c1cccc(-c2ccc(CN3CC(=O)N4CCC(C)CC4C3)c(=O)[nH]2)c1,results/5HT2B/structures/cand041_mol_53488878_8399230b963e.sdf,1.476,0.808,3.329,0.262,-10.56,B,,,408.5,1.844,85.51,-3.75,2.0,4.0,4,4.0,0,1,,,O=C1CN(Cc2ccc(-c3ccccc3)[nH]c2=O)CC2CCCCN12,11,41,5HT2B,"7-eonmol (Pocket2Mol 等变图神经网络 + 口袋引导束搜索, GPCR 微调版)","7-eonmol_ft_gpcr_v10.pt — 本项目自训(官方权重起点 + gpcr_mass_v1 微调); 同种子成对十臂 vs 官方: 原始对接分 4 更好/4 打平/2 更差(均值 -0.15, 非全面超越), 生成尺寸与官方一致(MW 390-410)",7-eonmol-competition-submission,2024,5HT2B_20260930_094211,
C0042,赛道 3 · 离子通道/GPCR 小分子药物虚拟筛选 · 子任务 2,O=C(NCC(=O)N1CCC2C3CC=C(C4CCCC4)C=C3CC21)c1ccccc1,results/5HT2B/structures/cand042_mol_6261036e_6261036e5fcd.sdf,1.468,0.841,3.734,0.302,-10.56,B,,,390.53,4.1,49.41,-5.24,1.0,2.0,4,5.0,0,1,,,O=C(NCC(=O)N1CCC2C3CC=C(C4CCCC4)C=C3CC21)c1ccccc1,1,42,5HT2B,"7-eonmol (Pocket2Mol 等变图神经网络 + 口袋引导束搜索, GPCR 微调版)","7-eonmol_ft_gpcr_v10.pt — 本项目自训(官方权重起点 + gpcr_mass_v1 微调); 同种子成对十臂 vs 官方: 原始对接分 4 更好/4 打平/2 更差(均值 -0.15, 非全面超越), 生成尺寸与官方一致(MW 390-410)",7-eonmol-competition-submission,2024,5HT2B_20260930_094211,
C0043,赛道 3 · 离子通道/GPCR 小分子药物虚拟筛选 · 子任务 2,CC(O)C1=CC=C2C(=O)N(C3CN(C4CCCC4)C(=O)c4cc(Nc5ccccc5)cnc43)CC2C1=O,results/5HT2B/structures/cand043_mol_787a6d72_89608d886102.sdf,1.226,0.654,4.276,0.241,-10.51,C,,,498.58,3.539,102.84,-5.53,2.0,6.0,5,6.0,0,4,,,O=C1C=CC=C2C(=O)N(C3CN(C4CCCC4)C(=O)c4cc(Nc5ccccc5)cnc43)CC12,2,43,5HT2B,"7-eonmol (Pocket2Mol 等变图神经网络 + 口袋引导束搜索, GPCR 微调版)","7-eonmol_ft_gpcr_v10.pt — 本项目自训(官方权重起点 + gpcr_mass_v1 微调); 同种子成对十臂 vs 官方: 原始对接分 4 更好/4 打平/2 更差(均值 -0.15, 非全面超越), 生成尺寸与官方一致(MW 390-410)",7-eonmol-competition-submission,2024,5HT2B_20260930_094211,
C0044,赛道 3 · 离子通道/GPCR 小分子药物虚拟筛选 · 子任务 2,CC1(CCC(=O)NC2CCOC2)CC(C(=O)Nc2cccc3ccccc23)N(C(=O)O)C1,results/5HT2B/structures/cand044_mol_4e944673_1906b2eb3b49.sdf,1.276,0.641,3.641,0.269,-10.48,B,,,439.51,3.222,107.97,-4.89,3.0,4.0,6,4.0,0,2,,,O=C(CCC1CNC(C(=O)Nc2cccc3ccccc23)C1)NC1CCOC1,1,44,5HT2B,"7-eonmol (Pocket2Mol 等变图神经网络 + 口袋引导束搜索, GPCR 微调版)","7-eonmol_ft_gpcr_v10.pt — 本项目自训(官方权重起点 + gpcr_mass_v1 微调); 同种子成对十臂 vs 官方: 原始对接分 4 更好/4 打平/2 更差(均值 -0.15, 非全面超越), 生成尺寸与官方一致(MW 390-410)",7-eonmol-competition-submission,2024,5HT2B_20260930_094211,
C0045,赛道 3 · 离子通道/GPCR 小分子药物虚拟筛选 · 子任务 2,COC(=O)N1CC(=O)N2CC34CC5CC(C)CC6=CC=CC(=C3C4C2C1)N65,results/5HT2B/structures/cand045_mol_7c8878d5_3701d19cdb1e.sdf,1.107,0.658,5.506,0.194,-10.48,B,,,367.45,2.107,53.09,-3.63,0.0,4.0,0,6.0,0,1,,,O=C1CNCC2C3C4=C5C=CC=C6CCCC(CC43CN12)N65,1,45,5HT2B,"7-eonmol (Pocket2Mol 等变图神经网络 + 口袋引导束搜索, GPCR 微调版)","7-eonmol_ft_gpcr_v10.pt — 本项目自训(官方权重起点 + gpcr_mass_v1 微调); 同种子成对十臂 vs 官方: 原始对接分 4 更好/4 打平/2 更差(均值 -0.15, 非全面超越), 生成尺寸与官方一致(MW 390-410)",7-eonmol-competition-submission,2024,5HT2B_20260930_094211,
C0046,赛道 3 · 离子通道/GPCR 小分子药物虚拟筛选 · 子任务 2,O=C(NCC(=O)N1CC2CCCC2C1)c1cc2c(s1)-c1ccccc1OCO2,results/5HT2B/structures/cand046_mol_48e98b7c_48e98b7ca90c.sdf,1.524,0.863,3.386,0.254,-10.47,B,,,398.48,3.132,67.87,-4.66,1.0,5.0,3,5.0,0,2,,,O=C(NCC(=O)N1CC2CCCC2C1)c1cc2c(s1)-c1ccccc1OCO2,1,46,5HT2B,"7-eonmol (Pocket2Mol 等变图神经网络 + 口袋引导束搜索, GPCR 微调版)","7-eonmol_ft_gpcr_v10.pt — 本项目自训(官方权重起点 + gpcr_mass_v1 微调); 同种子成对十臂 vs 官方: 原始对接分 4 更好/4 打平/2 更差(均值 -0.15, 非全面超越), 生成尺寸与官方一致(MW 390-410)",7-eonmol-competition-submission,2024,5HT2B_20260930_094211,
C0047,赛道 3 · 离子通道/GPCR 小分子药物虚拟筛选 · 子任务 2,CC1(C(=O)NC2CCN3C(=O)CCCC3C2)CCC(Cc2cccc3ccccc23)O1,results/5HT2B/structures/cand047_mol_7aed15ee_8d03a3c238cc.sdf,1.425,0.814,3.895,0.328,-10.46,B,,,420.55,3.98,58.64,-5.38,1.0,3.0,4,5.0,0,2,,,O=C(NC1CCN2C(=O)CCCC2C1)C1CCC(Cc2cccc3ccccc23)O1,1,47,5HT2B,"7-eonmol (Pocket2Mol 等变图神经网络 + 口袋引导束搜索, GPCR 微调版)","7-eonmol_ft_gpcr_v10.pt — 本项目自训(官方权重起点 + gpcr_mass_v1 微调); 同种子成对十臂 vs 官方: 原始对接分 4 更好/4 打平/2 更差(均值 -0.15, 非全面超越), 生成尺寸与官方一致(MW 390-410)",7-eonmol-competition-submission,2024,5HT2B_20260930_094211,
C0048,赛道 3 · 离子通道/GPCR 小分子药物虚拟筛选 · 子任务 2,Cc1cc2c(c(C)n1)c(=O)nc1n2CCC2C1CCN2C(=O)CNC(=O)c1ccccc1,results/5HT2B/structures/cand048_mol_a53a90a7_de1100bee58b.sdf,1.329,0.683,3.542,0.288,-10.46,B,,,431.5,1.927,97.19,-4.01,1.0,5.0,3,5.0,0,1,,,O=C(NCC(=O)N1CCC2c3nc(=O)c4cnccc4n3CCC21)c1ccccc1,1,48,5HT2B,"7-eonmol (Pocket2Mol 等变图神经网络 + 口袋引导束搜索, GPCR 微调版)","7-eonmol_ft_gpcr_v10.pt — 本项目自训(官方权重起点 + gpcr_mass_v1 微调); 同种子成对十臂 vs 官方: 原始对接分 4 更好/4 打平/2 更差(均值 -0.15, 非全面超越), 生成尺寸与官方一致(MW 390-410)",7-eonmol-competition-submission,2024,5HT2B_20260930_094211,
C0049,赛道 3 · 离子通道/GPCR 小分子药物虚拟筛选 · 子任务 2,Cc1ccc2c(C)c(CCNC(=O)c3ncc(-c4ccccc4)n(C)c3=O)c(C)nc2c1,results/5HT2B/structures/cand049_mol_d3871a64_bd0e59858993.sdf,1.276,0.525,2.491,0.338,-10.46,B,,,426.52,3.893,76.88,-5.46,1.0,4.0,5,4.0,0,1,,,O=C(NCCc1cnc2ccccc2c1)c1ncc(-c2ccccc2)[nH]c1=O,2,49,5HT2B,"7-eonmol (Pocket2Mol 等变图神经网络 + 口袋引导束搜索, GPCR 微调版)","7-eonmol_ft_gpcr_v10.pt — 本项目自训(官方权重起点 + gpcr_mass_v1 微调); 同种子成对十臂 vs 官方: 原始对接分 4 更好/4 打平/2 更差(均值 -0.15, 非全面超越), 生成尺寸与官方一致(MW 390-410)",7-eonmol-competition-submission,2024,5HT2B_20260930_094211,
C0050,赛道 3 · 离子通道/GPCR 小分子药物虚拟筛选 · 子任务 2,Cc1cc(CO)cc(-c2nc(CN3CC(=O)N4C(CCCO)CCCC4C3)c3ccccc3n2)c1,results/5HT2B/structures/cand050_mol_c16c2db1_b1a1ffc4e160.sdf,1.191,0.545,3.547,0.227,-10.43,B,,,474.61,3.435,89.79,-5.3,2.0,6.0,7,5.0,0,2,,,O=C1CN(Cc2nc(-c3ccccc3)nc3ccccc23)CC2CCCCN12,4,50,5HT2B,"7-eonmol (Pocket2Mol 等变图神经网络 + 口袋引导束搜索, GPCR 微调版)","7-eonmol_ft_gpcr_v10.pt — 本项目自训(官方权重起点 + gpcr_mass_v1 微调); 同种子成对十臂 vs 官方: 原始对接分 4 更好/4 打平/2 更差(均值 -0.15, 非全面超越), 生成尺寸与官方一致(MW 390-410)",7-eonmol-competition-submission,2024,5HT2B_20260930_094211,
C0051,赛道 3 · 离子通道/GPCR 小分子药物虚拟筛选 · 子任务 2,CC1CCN2C(=O)CN(Cc3ccc(C4CCn5c(nccc5=O)C4)[nH]c3=O)CC2C1,results/5HT2B/structures/cand051_mol_2851084a_7a86db8119e5.sdf,1.387,0.798,4.117,0.216,-10.41,B,,,423.52,1.104,91.3,-3.31,1.0,5.0,3,5.0,0,1,,,O=C1CN(Cc2ccc(C3CCn4c(nccc4=O)C3)[nH]c2=O)CC2CCCCN12,1,51,5HT2B,"7-eonmol (Pocket2Mol 等变图神经网络 + 口袋引导束搜索, GPCR 微调版)","7-eonmol_ft_gpcr_v10.pt — 本项目自训(官方权重起点 + gpcr_mass_v1 微调); 同种子成对十臂 vs 官方: 原始对接分 4 更好/4 打平/2 更差(均值 -0.15, 非全面超越), 生成尺寸与官方一致(MW 390-410)",7-eonmol-competition-submission,2024,5HT2B_20260930_094211,
C0052,赛道 3 · 离子通道/GPCR 小分子药物虚拟筛选 · 子任务 2,CC12CC(C(=O)Nc3cccc4ccccc34)N(C(=O)O)C1CCC2=O,results/5HT2B/structures/cand052_mol_0b1074c2_5127bbc41b44.sdf,1.52,0.868,3.488,0.308,-10.4,B,,,352.39,3.268,86.71,-4.49,2.0,3.0,2,4.0,0,2,,,O=C(Nc1cccc2ccccc12)C1CC2C(=O)CCC2N1,1,52,5HT2B,"7-eonmol (Pocket2Mol 等变图神经网络 + 口袋引导束搜索, GPCR 微调版)","7-eonmol_ft_gpcr_v10.pt — 本项目自训(官方权重起点 + gpcr_mass_v1 微调); 同种子成对十臂 vs 官方: 原始对接分 4 更好/4 打平/2 更差(均值 -0.15, 非全面超越), 生成尺寸与官方一致(MW 390-410)",7-eonmol-competition-submission,2024,5HT2B_20260930_094211,
C0053,赛道 3 · 离子通道/GPCR 小分子药物虚拟筛选 · 子任务 2,O=C1c2cc(Nc3ccccc3)cnc2C(N2CC3C(O)CCC3C2=O)CN1C1CCCC1,results/5HT2B/structures/cand053_mol_0318ed9a_f5695a11e4e3.sdf,1.35,0.751,4.009,0.246,-10.37,C,,,446.55,3.494,85.77,-5.2,2.0,5.0,4,6.0,0,4,,,O=C1c2cc(Nc3ccccc3)cnc2C(N2CC3CCCC3C2=O)CN1C1CCCC1,1,53,5HT2B,"7-eonmol (Pocket2Mol 等变图神经网络 + 口袋引导束搜索, GPCR 微调版)","7-eonmol_ft_gpcr_v10.pt — 本项目自训(官方权重起点 + gpcr_mass_v1 微调); 同种子成对十臂 vs 官方: 原始对接分 4 更好/4 打平/2 更差(均值 -0.15, 非全面超越), 生成尺寸与官方一致(MW 390-410)",7-eonmol-competition-submission,2024,5HT2B_20260930_094211,
C0054,赛道 3 · 离子通道/GPCR 小分子药物虚拟筛选 · 子任务 2,CC1CCN2C(=O)CN(Cc3ccc(-c4cccc(F)c4)[nH]c3=O)CC2C1,results/5HT2B/structures/cand054_mol_53488878_4cf1e5c682e3.sdf,1.577,0.905,3.282,0.248,-10.36,B,,,369.44,2.624,56.41,-4.12,1.0,3.0,3,4.0,0,2,,,O=C1CN(Cc2ccc(-c3ccccc3)[nH]c2=O)CC2CCCCN12,11,54,5HT2B,"7-eonmol (Pocket2Mol 等变图神经网络 + 口袋引导束搜索, GPCR 微调版)","7-eonmol_ft_gpcr_v10.pt — 本项目自训(官方权重起点 + gpcr_mass_v1 微调); 同种子成对十臂 vs 官方: 原始对接分 4 更好/4 打平/2 更差(均值 -0.15, 非全面超越), 生成尺寸与官方一致(MW 390-410)",7-eonmol-competition-submission,2024,5HT2B_20260930_094211,
C0055,赛道 3 · 离子通道/GPCR 小分子药物虚拟筛选 · 子任务 2,CCCc1ccc2c(c1)CC1(CCC(C)(C(=O)NC3CCN4C(=O)COC=C4C3)O1)CO2,results/5HT2B/structures/cand055_mol_84f61009_d37d88002e59.sdf,1.287,0.779,4.921,0.236,-10.36,B,,,440.54,2.861,77.1,-4.63,1.0,5.0,4,5.0,0,1,,,O=C(NC1CCN2C(=O)COC=C2C1)C1CCC2(COc3ccccc3C2)O1,4,55,5HT2B,"7-eonmol (Pocket2Mol 等变图神经网络 + 口袋引导束搜索, GPCR 微调版)","7-eonmol_ft_gpcr_v10.pt — 本项目自训(官方权重起点 + gpcr_mass_v1 微调); 同种子成对十臂 vs 官方: 原始对接分 4 更好/4 打平/2 更差(均值 -0.15, 非全面超越), 生成尺寸与官方一致(MW 390-410)",7-eonmol-competition-submission,2024,5HT2B_20260930_094211,
C0056,赛道 3 · 离子通道/GPCR 小分子药物虚拟筛选 · 子任务 2,CC1CCN2C(=O)CN(Cc3ccc(-c4cccc(O)c4)[nH]c3=O)CC2C1,results/5HT2B/structures/cand056_mol_53488878_650e15bc7ac7.sdf,1.538,0.872,3.339,0.254,-10.33,B,,,367.45,2.19,76.64,-3.78,2.0,4.0,3,4.0,0,2,,,O=C1CN(Cc2ccc(-c3ccccc3)[nH]c2=O)CC2CCCCN12,11,56,5HT2B,"7-eonmol (Pocket2Mol 等变图神经网络 + 口袋引导束搜索, GPCR 微调版)","7-eonmol_ft_gpcr_v10.pt — 本项目自训(官方权重起点 + gpcr_mass_v1 微调); 同种子成对十臂 vs 官方: 原始对接分 4 更好/4 打平/2 更差(均值 -0.15, 非全面超越), 生成尺寸与官方一致(MW 390-410)",7-eonmol-competition-submission,2024,5HT2B_20260930_094211,
C0057,赛道 3 · 离子通道/GPCR 小分子药物虚拟筛选 · 子任务 2,O=C(NCC(=O)N1CC2CCCC2C1)c1ccc2c(c1)C(C(F)(F)F)Cc1nccn1-2,results/5HT2B/structures/cand057_mol_8b1c2f21_928b2e90dd60.sdf,1.421,0.811,3.9,0.211,-10.33,C,,,432.45,3.063,67.23,-4.81,1.0,3.0,3,5.0,0,3,,,O=C(NCC(=O)N1CC2CCCC2C1)c1ccc2c(c1)CCc1nccn1-2,1,57,5HT2B,"7-eonmol (Pocket2Mol 等变图神经网络 + 口袋引导束搜索, GPCR 微调版)","7-eonmol_ft_gpcr_v10.pt — 本项目自训(官方权重起点 + gpcr_mass_v1 微调); 同种子成对十臂 vs 官方: 原始对接分 4 更好/4 打平/2 更差(均值 -0.15, 非全面超越), 生成尺寸与官方一致(MW 390-410)",7-eonmol-competition-submission,2024,5HT2B_20260930_094211,
C0058,赛道 3 · 离子通道/GPCR 小分子药物虚拟筛选 · 子任务 2,CC1CCCN1C(=O)c1ccc2c(c1)CCN2C(=O)CNC(=O)c1ccccc1,results/5HT2B/structures/cand058_mol_bbe3af7e_9c41c608d063.sdf,1.615,0.871,2.566,0.339,-10.3,B,,,391.47,2.63,69.72,-4.23,1.0,3.0,4,4.0,0,1,,,O=C(NCC(=O)N1CCc2cc(C(=O)N3CCCC3)ccc21)c1ccccc1,6,58,5HT2B,"7-eonmol (Pocket2Mol 等变图神经网络 + 口袋引导束搜索, GPCR 微调版)","7-eonmol_ft_gpcr_v10.pt — 本项目自训(官方权重起点 + gpcr_mass_v1 微调); 同种子成对十臂 vs 官方: 原始对接分 4 更好/4 打平/2 更差(均值 -0.15, 非全面超越), 生成尺寸与官方一致(MW 390-410)",7-eonmol-competition-submission,2024,5HT2B_20260930_094211,
C0059,赛道 3 · 离子通道/GPCR 小分子药物虚拟筛选 · 子任务 2,CCCC1CCCN1C(=O)c1ccc2c(c1)CCN2C(=O)CNC(=O)c1ccccc1,results/5HT2B/structures/cand059_mol_bbe3af7e_ec393427ace9.sdf,1.513,0.78,2.673,0.355,-10.3,B,,,419.53,3.41,69.72,-4.93,1.0,3.0,6,4.0,0,2,,,O=C(NCC(=O)N1CCc2cc(C(=O)N3CCCC3)ccc21)c1ccccc1,6,59,5HT2B,"7-eonmol (Pocket2Mol 等变图神经网络 + 口袋引导束搜索, GPCR 微调版)","7-eonmol_ft_gpcr_v10.pt — 本项目自训(官方权重起点 + gpcr_mass_v1 微调); 同种子成对十臂 vs 官方: 原始对接分 4 更好/4 打平/2 更差(均值 -0.15, 非全面超越), 生成尺寸与官方一致(MW 390-410)",7-eonmol-competition-submission,2024,5HT2B_20260930_094211,
C0060,赛道 3 · 离子通道/GPCR 小分子药物虚拟筛选 · 子任务 2,Cc1ccccc1-c1ccc(CN2CC(=O)N3CCC(C)CC3C2)c(=O)[nH]1,results/5HT2B/structures/cand060_mol_53488878_4923cfb2c353.sdf,1.583,0.91,3.269,0.28,-10.27,B,,,365.48,2.793,56.41,-4.22,1.0,3.0,3,4.0,0,2,,,O=C1CN(Cc2ccc(-c3ccccc3)[nH]c2=O)CC2CCCCN12,11,60,5HT2B,"7-eonmol (Pocket2Mol 等变图神经网络 + 口袋引导束搜索, GPCR 微调版)","7-eonmol_ft_gpcr_v10.pt — 本项目自训(官方权重起点 + gpcr_mass_v1 微调); 同种子成对十臂 vs 官方: 原始对接分 4 更好/4 打平/2 更差(均值 -0.15, 非全面超越), 生成尺寸与官方一致(MW 390-410)",7-eonmol-competition-submission,2024,5HT2B_20260930_094211,
C0061,赛道 3 · 离子通道/GPCR 小分子药物虚拟筛选 · 子任务 2,O=C(NC1CCCCC1)c1ccc(=O)n2c1Cc1c(F)ccc3c1C(CCC3)O2,results/5HT2B/structures/cand061_mol_5209df23_873528cb1cf3.sdf,1.493,0.846,3.531,0.24,-10.24,B,,,396.46,3.46,60.33,-4.92,1.0,3.0,2,5.0,0,1,,,O=C(NC1CCCCC1)c1ccc(=O)n2c1Cc1cccc3c1C(CCC3)O2,1,61,5HT2B,"7-eonmol (Pocket2Mol 等变图神经网络 + 口袋引导束搜索, GPCR 微调版)","7-eonmol_ft_gpcr_v10.pt — 本项目自训(官方权重起点 + gpcr_mass_v1 微调); 同种子成对十臂 vs 官方: 原始对接分 4 更好/4 打平/2 更差(均值 -0.15, 非全面超越), 生成尺寸与官方一致(MW 390-410)",7-eonmol-competition-submission,2024,5HT2B_20260930_094211,
C0062,赛道 3 · 离子通道/GPCR 小分子药物虚拟筛选 · 子任务 2,O=C1CN(C2CCc3cccc(=O)n3C2=O)CC2CC(CCNc3ccccc3)CCN12,results/5HT2B/structures/cand062_mol_833eb9b9_833eb9b9a19c.sdf,1.395,0.781,3.864,0.336,-10.22,C,,,434.54,2.228,74.65,-4.17,1.0,5.0,5,5.0,0,3,,,O=C1CN(C2CCc3cccc(=O)n3C2=O)CC2CC(CCNc3ccccc3)CCN12,1,62,5HT2B,"7-eonmol (Pocket2Mol 等变图神经网络 + 口袋引导束搜索, GPCR 微调版)","7-eonmol_ft_gpcr_v10.pt — 本项目自训(官方权重起点 + gpcr_mass_v1 微调); 同种子成对十臂 vs 官方: 原始对接分 4 更好/4 打平/2 更差(均值 -0.15, 非全面超越), 生成尺寸与官方一致(MW 390-410)",7-eonmol-competition-submission,2024,5HT2B_20260930_094211,
C0063,赛道 3 · 离子通道/GPCR 小分子药物虚拟筛选 · 子任务 2,CCCc1ccc2c(c1)CC1(CCC(C)(C(=O)NC3CCN4C(=O)CCCC4C3)O1)CO2,results/5HT2B/structures/cand063_mol_df0d9ccf_a8f3b0205406.sdf,1.316,0.778,4.622,0.271,-10.22,B,,,440.58,3.542,67.87,-5.13,1.0,4.0,4,5.0,0,1,,,O=C(NC1CCN2C(=O)CCCC2C1)C1CCC2(COc3ccccc3C2)O1,1,63,5HT2B,"7-eonmol (Pocket2Mol 等变图神经网络 + 口袋引导束搜索, GPCR 微调版)","7-eonmol_ft_gpcr_v10.pt — 本项目自训(官方权重起点 + gpcr_mass_v1 微调); 同种子成对十臂 vs 官方: 原始对接分 4 更好/4 打平/2 更差(均值 -0.15, 非全面超越), 生成尺寸与官方一致(MW 390-410)",7-eonmol-competition-submission,2024,5HT2B_20260930_094211,
C0064,赛道 3 · 离子通道/GPCR 小分子药物虚拟筛选 · 子任务 2,O=C1CN(Cc2nc(-c3ccccc3CO)nc3ccccc23)CC2CCCC(CCCO)N12,results/5HT2B/structures/cand064_mol_c16c2db1_08d6b6a60d5b.sdf,1.215,0.563,3.48,0.322,-10.22,B,,,460.58,3.127,89.79,-4.99,2.0,6.0,7,5.0,0,2,,,O=C1CN(Cc2nc(-c3ccccc3)nc3ccccc23)CC2CCCCN12,4,64,5HT2B,"7-eonmol (Pocket2Mol 等变图神经网络 + 口袋引导束搜索, GPCR 微调版)","7-eonmol_ft_gpcr_v10.pt — 本项目自训(官方权重起点 + gpcr_mass_v1 微调); 同种子成对十臂 vs 官方: 原始对接分 4 更好/4 打平/2 更差(均值 -0.15, 非全面超越), 生成尺寸与官方一致(MW 390-410)",7-eonmol-competition-submission,2024,5HT2B_20260930_094211,
C0065,赛道 3 · 离子通道/GPCR 小分子药物虚拟筛选 · 子任务 2,O=C1c2cc(Nc3ccccc3)cnc2C(N2CC3C(O)COCC3C2=O)CN1C1CCCC1,results/5HT2B/structures/cand065_mol_c26c6ad5_72e1272ed181.sdf,1.311,0.726,4.146,0.236,-10.21,C,,,462.55,2.73,95.0,-4.73,2.0,6.0,4,6.0,0,3,,,O=C1c2cc(Nc3ccccc3)cnc2C(N2CC3CCOCC3C2=O)CN1C1CCCC1,1,65,5HT2B,"7-eonmol (Pocket2Mol 等变图神经网络 + 口袋引导束搜索, GPCR 微调版)","7-eonmol_ft_gpcr_v10.pt — 本项目自训(官方权重起点 + gpcr_mass_v1 微调); 同种子成对十臂 vs 官方: 原始对接分 4 更好/4 打平/2 更差(均值 -0.15, 非全面超越), 生成尺寸与官方一致(MW 390-410)",7-eonmol-competition-submission,2024,5HT2B_20260930_094211,
C0066,赛道 3 · 离子通道/GPCR 小分子药物虚拟筛选 · 子任务 2,CC1CCN2C(=O)CN(Cc3ccc(C4CCN5CC(C)CN=C5C4)[nH]c3=O)CC2C1,results/5HT2B/structures/cand066_mol_e71a33b9_07f64d882a2b.sdf,1.363,0.805,4.415,0.2,-10.2,B,,,425.58,2.045,72.01,-3.95,1.0,5.0,3,5.0,0,2,,,O=C1CN(Cc2ccc(C3CCN4CCCN=C4C3)[nH]c2=O)CC2CCCCN12,1,66,5HT2B,"7-eonmol (Pocket2Mol 等变图神经网络 + 口袋引导束搜索, GPCR 微调版)","7-eonmol_ft_gpcr_v10.pt — 本项目自训(官方权重起点 + gpcr_mass_v1 微调); 同种子成对十臂 vs 官方: 原始对接分 4 更好/4 打平/2 更差(均值 -0.15, 非全面超越), 生成尺寸与官方一致(MW 390-410)",7-eonmol-competition-submission,2024,5HT2B_20260930_094211,
C0067,赛道 3 · 离子通道/GPCR 小分子药物虚拟筛选 · 子任务 2,Cc1cccc(NC(=O)CC2CCCN2C(=O)CC2CC=CC3=C2CCO3)c1,results/5HT2B/structures/cand067_mol_392feaf1_23b41d231ba7.sdf,1.484,0.841,3.578,0.25,-10.19,B,,,380.49,3.955,58.64,-5.05,1.0,3.0,5,4.0,0,1,,,O=C(CC1CCCN1C(=O)CC1CC=CC2=C1CCO2)Nc1ccccc1,1,67,5HT2B,"7-eonmol (Pocket2Mol 等变图神经网络 + 口袋引导束搜索, GPCR 微调版)","7-eonmol_ft_gpcr_v10.pt — 本项目自训(官方权重起点 + gpcr_mass_v1 微调); 同种子成对十臂 vs 官方: 原始对接分 4 更好/4 打平/2 更差(均值 -0.15, 非全面超越), 生成尺寸与官方一致(MW 390-410)",7-eonmol-competition-submission,2024,5HT2B_20260930_094211,
C0068,赛道 3 · 离子通道/GPCR 小分子药物虚拟筛选 · 子任务 2,CCc1cnc(O)c2c1-c1sc(C(=O)NCC(=O)N3CC4CCCC4C3)cc1OCC2,results/5HT2B/structures/cand068_mol_c808ba92_f8475e310351.sdf,1.367,0.761,3.94,0.185,-10.18,C,,,441.55,3.001,91.76,-4.8,2.0,6.0,4,5.0,0,3,,,O=C(NCC(=O)N1CC2CCCC2C1)c1cc2c(s1)-c1ccncc1CCO2,2,68,5HT2B,"7-eonmol (Pocket2Mol 等变图神经网络 + 口袋引导束搜索, GPCR 微调版)","7-eonmol_ft_gpcr_v10.pt — 本项目自训(官方权重起点 + gpcr_mass_v1 微调); 同种子成对十臂 vs 官方: 原始对接分 4 更好/4 打平/2 更差(均值 -0.15, 非全面超越), 生成尺寸与官方一致(MW 390-410)",7-eonmol-competition-submission,2024,5HT2B_20260930_094211,
C0069,赛道 3 · 离子通道/GPCR 小分子药物虚拟筛选 · 子任务 2,CCCc1ccc2c(c1)CC1(CCC(C)(C(=O)NC3CCN4C(=O)COCC4C3)O1)CO2,results/5HT2B/structures/cand069_mol_1141be53_ed6d4d7a3b87.sdf,1.298,0.775,4.766,0.236,-10.16,B,,,442.56,2.388,77.1,-4.29,1.0,5.0,4,5.0,0,1,,,O=C(NC1CCN2C(=O)COCC2C1)C1CCC2(COc3ccccc3C2)O1,1,69,5HT2B,"7-eonmol (Pocket2Mol 等变图神经网络 + 口袋引导束搜索, GPCR 微调版)","7-eonmol_ft_gpcr_v10.pt — 本项目自训(官方权重起点 + gpcr_mass_v1 微调); 同种子成对十臂 vs 官方: 原始对接分 4 更好/4 打平/2 更差(均值 -0.15, 非全面超越), 生成尺寸与官方一致(MW 390-410)",7-eonmol-competition-submission,2024,5HT2B_20260930_094211,
C0070,赛道 3 · 离子通道/GPCR 小分子药物虚拟筛选 · 子任务 2,CCCc1cccc2c1CC1CC3C(CCN3C(=O)CNC(=O)c3ccccc3)C1C2,results/5HT2B/structures/cand070_mol_d5a493ec_2076481cbb13.sdf,1.435,0.8,3.65,0.341,-10.13,B,,,416.57,4.021,49.41,-5.39,1.0,2.0,5,5.0,0,2,,,O=C(NCC(=O)N1CCC2C3Cc4ccccc4CC3CC21)c1ccccc1,3,70,5HT2B,"7-eonmol (Pocket2Mol 等变图神经网络 + 口袋引导束搜索, GPCR 微调版)","7-eonmol_ft_gpcr_v10.pt — 本项目自训(官方权重起点 + gpcr_mass_v1 微调); 同种子成对十臂 vs 官方: 原始对接分 4 更好/4 打平/2 更差(均值 -0.15, 非全面超越), 生成尺寸与官方一致(MW 390-410)",7-eonmol-competition-submission,2024,5HT2B_20260930_094211,
C0071,赛道 3 · 离子通道/GPCR 小分子药物虚拟筛选 · 子任务 2,COc1cc(C(=O)NCC(=O)N2CC3CCCC3C2)cc(-c2ccc(F)cc2)c1,results/5HT2B/structures/cand071_mol_25f1b74d_600b1266b239.sdf,1.551,0.842,2.911,0.262,-10.12,B,,,396.46,3.49,58.64,-4.87,1.0,3.0,5,4.0,0,2,,,O=C(NCC(=O)N1CC2CCCC2C1)c1cccc(-c2ccccc2)c1,2,71,5HT2B,"7-eonmol (Pocket2Mol 等变图神经网络 + 口袋引导束搜索, GPCR 微调版)","7-eonmol_ft_gpcr_v10.pt — 本项目自训(官方权重起点 + gpcr_mass_v1 微调); 同种子成对十臂 vs 官方: 原始对接分 4 更好/4 打平/2 更差(均值 -0.15, 非全面超越), 生成尺寸与官方一致(MW 390-410)",7-eonmol-competition-submission,2024,5HT2B_20260930_094211,
C0072,赛道 3 · 离子通道/GPCR 小分子药物虚拟筛选 · 子任务 2,CC=Cc1ccc(C)cc1-c1nc(CN2CC(=O)N3C(CCCO)CCCC3C2)c2ccccc2n1,results/5HT2B/structures/cand072_mol_c16c2db1_23ccd573056b.sdf,1.143,0.512,3.697,0.245,-10.11,C,,,484.64,4.976,69.56,-6.5,1.0,5.0,7,5.0,0,4,,,O=C1CN(Cc2nc(-c3ccccc3)nc3ccccc23)CC2CCCCN12,4,72,5HT2B,"7-eonmol (Pocket2Mol 等变图神经网络 + 口袋引导束搜索, GPCR 微调版)","7-eonmol_ft_gpcr_v10.pt — 本项目自训(官方权重起点 + gpcr_mass_v1 微调); 同种子成对十臂 vs 官方: 原始对接分 4 更好/4 打平/2 更差(均值 -0.15, 非全面超越), 生成尺寸与官方一致(MW 390-410)",7-eonmol-competition-submission,2024,5HT2B_20260930_094211,
C0073,赛道 3 · 离子通道/GPCR 小分子药物虚拟筛选 · 子任务 2,O=C(NCC(=O)N1CCC2c3nc(=O)c4cc(F)cnc4n3CCC21)c1ccccc1,results/5HT2B/structures/cand073_mol_b0ead027_54efd9d88210.sdf,1.339,0.691,3.515,0.302,-10.1,B,,,421.43,1.449,97.19,-3.6,1.0,5.0,3,5.0,0,1,,,O=C(NCC(=O)N1CCC2c3nc(=O)c4cccnc4n3CCC21)c1ccccc1,3,73,5HT2B,"7-eonmol (Pocket2Mol 等变图神经网络 + 口袋引导束搜索, GPCR 微调版)","7-eonmol_ft_gpcr_v10.pt — 本项目自训(官方权重起点 + gpcr_mass_v1 微调); 同种子成对十臂 vs 官方: 原始对接分 4 更好/4 打平/2 更差(均值 -0.15, 非全面超越), 生成尺寸与官方一致(MW 390-410)",7-eonmol-competition-submission,2024,5HT2B_20260930_094211,
C0074,赛道 3 · 离子通道/GPCR 小分子药物虚拟筛选 · 子任务 2,O=C(NCC(=O)N1CC2CCCC2C1)c1cc2c(s1)C(C(F)(F)F)=C1N=NN=C1CO2,results/5HT2B/structures/cand074_mol_f91799c9_a9c22d7902cf.sdf,1.336,0.761,4.251,0.175,-10.09,C,,,453.45,3.224,95.72,-4.99,1.0,7.0,3,5.0,0,3,,,O=C(NCC(=O)N1CC2CCCC2C1)c1cc2c(s1)C=C1N=NN=C1CO2,1,74,5HT2B,"7-eonmol (Pocket2Mol 等变图神经网络 + 口袋引导束搜索, GPCR 微调版)","7-eonmol_ft_gpcr_v10.pt — 本项目自训(官方权重起点 + gpcr_mass_v1 微调); 同种子成对十臂 vs 官方: 原始对接分 4 更好/4 打平/2 更差(均值 -0.15, 非全面超越), 生成尺寸与官方一致(MW 390-410)",7-eonmol-competition-submission,2024,5HT2B_20260930_094211,
C0075,赛道 3 · 离子通道/GPCR 小分子药物虚拟筛选 · 子任务 2,CC(C)C1CCN(C(=O)C2CCC(C)(C(=O)NC3CCN4C(=O)CCCC4C3)O2)C1,results/5HT2B/structures/cand075_mol_6b4209ba_55323f17eec8.sdf,1.326,0.757,4.312,0.177,-10.05,B,,,419.57,2.088,78.95,-3.86,1.0,4.0,4,4.0,0,1,,,O=C(NC1CCN2C(=O)CCCC2C1)C1CCC(C(=O)N2CCCC2)O1,2,75,5HT2B,"7-eonmol (Pocket2Mol 等变图神经网络 + 口袋引导束搜索, GPCR 微调版)","7-eonmol_ft_gpcr_v10.pt — 本项目自训(官方权重起点 + gpcr_mass_v1 微调); 同种子成对十臂 vs 官方: 原始对接分 4 更好/4 打平/2 更差(均值 -0.15, 非全面超越), 生成尺寸与官方一致(MW 390-410)",7-eonmol-competition-submission,2024,5HT2B_20260930_094211,
C0076,赛道 3 · 离子通道/GPCR 小分子药物虚拟筛选 · 子任务 2,O=C1CC(C(F)(F)F)c2cc(C(=O)NCC(=O)N3CC4CCCC4C3)ccc2N1,results/5HT2B/structures/cand076_mol_46e90a5f_f2645cbcc2a0.sdf,1.438,0.806,3.681,0.22,-10.04,B,,,409.41,2.663,78.51,-4.32,2.0,3.0,3,4.0,0,2,,,O=C1CCc2cc(C(=O)NCC(=O)N3CC4CCCC4C3)ccc2N1,1,76,5HT2B,"7-eonmol (Pocket2Mol 等变图神经网络 + 口袋引导束搜索, GPCR 微调版)","7-eonmol_ft_gpcr_v10.pt — 本项目自训(官方权重起点 + gpcr_mass_v1 微调); 同种子成对十臂 vs 官方: 原始对接分 4 更好/4 打平/2 更差(均值 -0.15, 非全面超越), 生成尺寸与官方一致(MW 390-410)",7-eonmol-competition-submission,2024,5HT2B_20260930_094211,
C0077,赛道 3 · 离子通道/GPCR 小分子药物虚拟筛选 · 子任务 2,CC1CCN2C(=O)CN(Cc3ccc(-c4ccccc4O)[nH]c3=O)CC2C1,results/5HT2B/structures/cand077_mol_53488878_cd837d3544fc.sdf,1.538,0.872,3.341,0.28,-10.0,B,,,367.45,2.19,76.64,-3.78,2.0,4.0,3,4.0,0,2,,,O=C1CN(Cc2ccc(-c3ccccc3)[nH]c2=O)CC2CCCCN12,11,77,5HT2B,"7-eonmol (Pocket2Mol 等变图神经网络 + 口袋引导束搜索, GPCR 微调版)","7-eonmol_ft_gpcr_v10.pt — 本项目自训(官方权重起点 + gpcr_mass_v1 微调); 同种子成对十臂 vs 官方: 原始对接分 4 更好/4 打平/2 更差(均值 -0.15, 非全面超越), 生成尺寸与官方一致(MW 390-410)",7-eonmol-competition-submission,2024,5HT2B_20260930_094211,
C0078,赛道 3 · 离子通道/GPCR 小分子药物虚拟筛选 · 子任务 2,CC1CCN2C(=O)CN(Cc3ccc(-c4ccc(O)cc4)[nH]c3=O)CC2C1,results/5HT2B/structures/cand078_mol_53488878_880d7243cc4e.sdf,1.543,0.872,3.29,0.238,-9.97,B,,,367.45,2.19,76.64,-3.78,2.0,4.0,3,4.0,0,2,,,O=C1CN(Cc2ccc(-c3ccccc3)[nH]c2=O)CC2CCCCN12,11,78,5HT2B,"7-eonmol (Pocket2Mol 等变图神经网络 + 口袋引导束搜索, GPCR 微调版)","7-eonmol_ft_gpcr_v10.pt — 本项目自训(官方权重起点 + gpcr_mass_v1 微调); 同种子成对十臂 vs 官方: 原始对接分 4 更好/4 打平/2 更差(均值 -0.15, 非全面超越), 生成尺寸与官方一致(MW 390-410)",7-eonmol-competition-submission,2024,5HT2B_20260930_094211,
C0079,赛道 3 · 离子通道/GPCR 小分子药物虚拟筛选 · 子任务 2,CC1CC=C2CN(C(=O)c3ccc4c(c3O)OCCC(C)O4)CC(=O)N2C1,results/5HT2B/structures/cand079_mol_49865002_bcac693de036.sdf,1.422,0.817,3.951,0.218,-9.97,B,,,372.42,2.15,79.31,-3.75,1.0,5.0,1,4.0,0,1,,,O=C(c1ccc2c(c1)OCCCO2)N1CC(=O)N2CCCC=C2C1,1,79,5HT2B,"7-eonmol (Pocket2Mol 等变图神经网络 + 口袋引导束搜索, GPCR 微调版)","7-eonmol_ft_gpcr_v10.pt — 本项目自训(官方权重起点 + gpcr_mass_v1 微调); 同种子成对十臂 vs 官方: 原始对接分 4 更好/4 打平/2 更差(均值 -0.15, 非全面超越), 生成尺寸与官方一致(MW 390-410)",7-eonmol-competition-submission,2024,5HT2B_20260930_094211,
C0080,赛道 3 · 离子通道/GPCR 小分子药物虚拟筛选 · 子任务 2,CC(C)NCC1CCc2ccc(C3CCCCC3)cc2N1C1CCC(CN2CCCCC2)NC1=O,results/5HT2B/structures/cand080_mol_9a6f3be2_ed196ba8d234.sdf,1.191,0.577,3.865,0.236,-9.96,C,,,480.74,4.987,47.61,-6.39,2.0,4.0,7,5.0,0,3,,,O=C1NC(CN2CCCCC2)CCC1N1CCCc2ccc(C3CCCCC3)cc21,1,80,5HT2B,"7-eonmol (Pocket2Mol 等变图神经网络 + 口袋引导束搜索, GPCR 微调版)","7-eonmol_ft_gpcr_v10.pt — 本项目自训(官方权重起点 + gpcr_mass_v1 微调); 同种子成对十臂 vs 官方: 原始对接分 4 更好/4 打平/2 更差(均值 -0.15, 非全面超越), 生成尺寸与官方一致(MW 390-410)",7-eonmol-competition-submission,2024,5HT2B_20260930_094211,
C0081,赛道 3 · 离子通道/GPCR 小分子药物虚拟筛选 · 子任务 2,COc1cc(C(=O)NCC(=O)N2CC3CCCC3C2)cc(-c2ccccc2)c1,results/5HT2B/structures/cand081_mol_25f1b74d_6860e18f8aca.sdf,1.583,0.868,2.845,0.33,-9.95,B,,,378.47,3.351,58.64,-4.66,1.0,3.0,5,4.0,0,2,,,O=C(NCC(=O)N1CC2CCCC2C1)c1cccc(-c2ccccc2)c1,2,81,5HT2B,"7-eonmol (Pocket2Mol 等变图神经网络 + 口袋引导束搜索, GPCR 微调版)","7-eonmol_ft_gpcr_v10.pt — 本项目自训(官方权重起点 + gpcr_mass_v1 微调); 同种子成对十臂 vs 官方: 原始对接分 4 更好/4 打平/2 更差(均值 -0.15, 非全面超越), 生成尺寸与官方一致(MW 390-410)",7-eonmol-competition-submission,2024,5HT2B_20260930_094211,
C0082,赛道 3 · 离子通道/GPCR 小分子药物虚拟筛选 · 子任务 2,O=C(NCC(=O)N1CCC2CN(C(=O)NC3CCCC3)CCC21)c1ccccc1,results/5HT2B/structures/cand082_mol_2d15f9f0_2d15f9f0c831.sdf,1.517,0.814,2.968,0.294,-9.95,A,,,398.51,1.991,81.75,-3.72,2.0,3.0,4,4.0,0,0,,,O=C(NCC(=O)N1CCC2CN(C(=O)NC3CCCC3)CCC21)c1ccccc1,1,82,5HT2B,"7-eonmol (Pocket2Mol 等变图神经网络 + 口袋引导束搜索, GPCR 微调版)","7-eonmol_ft_gpcr_v10.pt — 本项目自训(官方权重起点 + gpcr_mass_v1 微调); 同种子成对十臂 vs 官方: 原始对接分 4 更好/4 打平/2 更差(均值 -0.15, 非全面超越), 生成尺寸与官方一致(MW 390-410)",7-eonmol-competition-submission,2024,5HT2B_20260930_094211,
C0083,赛道 3 · 离子通道/GPCR 小分子药物虚拟筛选 · 子任务 2,Cc1nc2ccccc2c(C)c1CCNC(=O)c1ncc(-c2ccccc2)n(C)c1=O,results/5HT2B/structures/cand083_mol_d3871a64_f190ac1ec355.sdf,1.304,0.543,2.396,0.367,-9.94,B,,,412.49,3.585,76.88,-5.15,1.0,4.0,5,4.0,0,1,,,O=C(NCCc1cnc2ccccc2c1)c1ncc(-c2ccccc2)[nH]c1=O,2,83,5HT2B,"7-eonmol (Pocket2Mol 等变图神经网络 + 口袋引导束搜索, GPCR 微调版)","7-eonmol_ft_gpcr_v10.pt — 本项目自训(官方权重起点 + gpcr_mass_v1 微调); 同种子成对十臂 vs 官方: 原始对接分 4 更好/4 打平/2 更差(均值 -0.15, 非全面超越), 生成尺寸与官方一致(MW 390-410)",7-eonmol-competition-submission,2024,5HT2B_20260930_094211,
C0084,赛道 3 · 离子通道/GPCR 小分子药物虚拟筛选 · 子任务 2,O=C(NC1CCCCC1)C1=C(Cc2cc3c(cc2F)OCCCC3)NCCC1,results/5HT2B/structures/cand084_mol_166bf35d_8d0fe7044e8b.sdf,1.528,0.817,2.884,0.202,-9.93,B,,,386.51,4.17,50.36,-5.27,2.0,3.0,4,4.0,0,1,,,O=C(NC1CCCCC1)C1=C(Cc2ccc3c(c2)CCCCO3)NCCC1,1,84,5HT2B,"7-eonmol (Pocket2Mol 等变图神经网络 + 口袋引导束搜索, GPCR 微调版)","7-eonmol_ft_gpcr_v10.pt — 本项目自训(官方权重起点 + gpcr_mass_v1 微调); 同种子成对十臂 vs 官方: 原始对接分 4 更好/4 打平/2 更差(均值 -0.15, 非全面超越), 生成尺寸与官方一致(MW 390-410)",7-eonmol-competition-submission,2024,5HT2B_20260930_094211,
C0085,赛道 3 · 离子通道/GPCR 小分子药物虚拟筛选 · 子任务 2,O=C1CN(Cc2nc(-c3ccccc3)nc3ccccc23)CC2CCCC(CCCO)N12,results/5HT2B/structures/cand085_mol_c16c2db1_aee190afc4c7.sdf,1.317,0.647,3.297,0.341,-9.93,B,,,430.55,3.635,69.56,-5.2,1.0,5.0,6,5.0,0,2,,,O=C1CN(Cc2nc(-c3ccccc3)nc3ccccc23)CC2CCCCN12,4,85,5HT2B,"7-eonmol (Pocket2Mol 等变图神经网络 + 口袋引导束搜索, GPCR 微调版)","7-eonmol_ft_gpcr_v10.pt — 本项目自训(官方权重起点 + gpcr_mass_v1 微调); 同种子成对十臂 vs 官方: 原始对接分 4 更好/4 打平/2 更差(均值 -0.15, 非全面超越), 生成尺寸与官方一致(MW 390-410)",7-eonmol-competition-submission,2024,5HT2B_20260930_094211,
C0086,赛道 3 · 离子通道/GPCR 小分子药物虚拟筛选 · 子任务 2,CC1CCN(C(=O)c2ccc3c(c2)CCN3C(=O)CNC(=O)c2ccccc2)C1,results/5HT2B/structures/cand086_mol_bbe3af7e_11043ed2adf0.sdf,1.617,0.871,2.535,0.339,-9.9,B,,,391.47,2.488,69.72,-4.12,1.0,3.0,4,4.0,0,1,,,O=C(NCC(=O)N1CCc2cc(C(=O)N3CCCC3)ccc21)c1ccccc1,6,86,5HT2B,"7-eonmol (Pocket2Mol 等变图神经网络 + 口袋引导束搜索, GPCR 微调版)","7-eonmol_ft_gpcr_v10.pt — 本项目自训(官方权重起点 + gpcr_mass_v1 微调); 同种子成对十臂 vs 官方: 原始对接分 4 更好/4 打平/2 更差(均值 -0.15, 非全面超越), 生成尺寸与官方一致(MW 390-410)",7-eonmol-competition-submission,2024,5HT2B_20260930_094211,
C0087,赛道 3 · 离子通道/GPCR 小分子药物虚拟筛选 · 子任务 2,CC(=O)NC(C)C1CCC(N2c3cc(C4CCCCC4)ccc3CCC2CNC(C)C)C(=O)N1,results/5HT2B/structures/cand087_mol_645f8199_59974c7ce716.sdf,1.151,0.565,4.14,0.255,-9.9,B,,,468.69,4.025,73.47,-5.6,3.0,4.0,7,4.0,0,1,,,O=C1NCCCC1N1CCCc2ccc(C3CCCCC3)cc21,1,87,5HT2B,"7-eonmol (Pocket2Mol 等变图神经网络 + 口袋引导束搜索, GPCR 微调版)","7-eonmol_ft_gpcr_v10.pt — 本项目自训(官方权重起点 + gpcr_mass_v1 微调); 同种子成对十臂 vs 官方: 原始对接分 4 更好/4 打平/2 更差(均值 -0.15, 非全面超越), 生成尺寸与官方一致(MW 390-410)",7-eonmol-competition-submission,2024,5HT2B_20260930_094211,
C0088,赛道 3 · 离子通道/GPCR 小分子药物虚拟筛选 · 子任务 2,CC1CCC(Oc2ccc3c(c2)CCN3C(=O)CNC(=O)c2ccccc2)C1,results/5HT2B/structures/cand088_mol_8fd945d6_de9b926f06e8.sdf,1.575,0.865,2.905,0.345,-9.89,A,,,378.47,3.573,58.64,-4.83,1.0,3.0,5,4.0,0,0,,,O=C(NCC(=O)N1CCc2cc(OC3CCCC3)ccc21)c1ccccc1,1,88,5HT2B,"7-eonmol (Pocket2Mol 等变图神经网络 + 口袋引导束搜索, GPCR 微调版)","7-eonmol_ft_gpcr_v10.pt — 本项目自训(官方权重起点 + gpcr_mass_v1 微调); 同种子成对十臂 vs 官方: 原始对接分 4 更好/4 打平/2 更差(均值 -0.15, 非全面超越), 生成尺寸与官方一致(MW 390-410)",7-eonmol-competition-submission,2024,5HT2B_20260930_094211,
C0089,赛道 3 · 离子通道/GPCR 小分子药物虚拟筛选 · 子任务 2,CC1CCN2C(=O)CN(Cc3ccc(C4CCCCC4)[nH]c3=O)CC2C1,results/5HT2B/structures/cand089_mol_12ab66fb_317d73af245d.sdf,1.559,0.905,3.458,0.238,-9.89,B,,,357.5,2.865,56.41,-4.14,1.0,3.0,3,4.0,0,2,,,O=C1CN(Cc2ccc(C3CCCCC3)[nH]c2=O)CC2CCCCN12,1,89,5HT2B,"7-eonmol (Pocket2Mol 等变图神经网络 + 口袋引导束搜索, GPCR 微调版)","7-eonmol_ft_gpcr_v10.pt — 本项目自训(官方权重起点 + gpcr_mass_v1 微调); 同种子成对十臂 vs 官方: 原始对接分 4 更好/4 打平/2 更差(均值 -0.15, 非全面超越), 生成尺寸与官方一致(MW 390-410)",7-eonmol-competition-submission,2024,5HT2B_20260930_094211,
C0090,赛道 3 · 离子通道/GPCR 小分子药物虚拟筛选 · 子任务 2,Cc1cccc(NC(=O)CC2CCCN2C(=O)Cc2ccc(O)c3c2CCO3)c1,results/5HT2B/structures/cand090_mol_12720584_570b9840105d.sdf,1.52,0.816,2.964,0.266,-9.89,B,,,394.47,3.198,78.87,-4.64,2.0,4.0,5,4.0,0,2,,,O=C(CC1CCCN1C(=O)Cc1cccc2c1CCO2)Nc1ccccc1,2,90,5HT2B,"7-eonmol (Pocket2Mol 等变图神经网络 + 口袋引导束搜索, GPCR 微调版)","7-eonmol_ft_gpcr_v10.pt — 本项目自训(官方权重起点 + gpcr_mass_v1 微调); 同种子成对十臂 vs 官方: 原始对接分 4 更好/4 打平/2 更差(均值 -0.15, 非全面超越), 生成尺寸与官方一致(MW 390-410)",7-eonmol-competition-submission,2024,5HT2B_20260930_094211,
C0091,赛道 3 · 离子通道/GPCR 小分子药物虚拟筛选 · 子任务 2,O=C(NCC(=O)N1CCc2cc(Oc3ccccc3O)ccc21)c1ccccc1,results/5HT2B/structures/cand091_mol_277f168c_d36fdebe8eeb.sdf,1.494,0.701,2.074,0.347,-9.89,A,,,388.42,3.504,78.87,-4.91,2.0,4.0,5,4.0,0,0,,,O=C(NCC(=O)N1CCc2cc(Oc3ccccc3)ccc21)c1ccccc1,2,91,5HT2B,"7-eonmol (Pocket2Mol 等变图神经网络 + 口袋引导束搜索, GPCR 微调版)","7-eonmol_ft_gpcr_v10.pt — 本项目自训(官方权重起点 + gpcr_mass_v1 微调); 同种子成对十臂 vs 官方: 原始对接分 4 更好/4 打平/2 更差(均值 -0.15, 非全面超越), 生成尺寸与官方一致(MW 390-410)",7-eonmol-competition-submission,2024,5HT2B_20260930_094211,
C0092,赛道 3 · 离子通道/GPCR 小分子药物虚拟筛选 · 子任务 2,CCC1CCCN1C(=O)c1ccc2c(c1)CCN2C(=O)CNC(=O)c1ccccc1,results/5HT2B/structures/cand092_mol_bbe3af7e_89dd6d9c970a.sdf,1.57,0.831,2.615,0.341,-9.88,B,,,405.5,3.02,69.72,-4.58,1.0,3.0,5,4.0,0,2,,,O=C(NCC(=O)N1CCc2cc(C(=O)N3CCCC3)ccc21)c1ccccc1,6,92,5HT2B,"7-eonmol (Pocket2Mol 等变图神经网络 + 口袋引导束搜索, GPCR 微调版)","7-eonmol_ft_gpcr_v10.pt — 本项目自训(官方权重起点 + gpcr_mass_v1 微调); 同种子成对十臂 vs 官方: 原始对接分 4 更好/4 打平/2 更差(均值 -0.15, 非全面超越), 生成尺寸与官方一致(MW 390-410)",7-eonmol-competition-submission,2024,5HT2B_20260930_094211,
C0093,赛道 3 · 离子通道/GPCR 小分子药物虚拟筛选 · 子任务 2,O=C(O)c1ccc(=O)n(CCC2CCN(C(=O)CNC(=O)c3ccccc3)C2)c1,results/5HT2B/structures/cand093_mol_7e1ca295_c917dd20ed35.sdf,1.462,0.73,2.679,0.376,-9.88,B,,,397.43,1.215,108.71,-3.15,2.0,4.0,7,3.0,0,1,,,O=C(NCC(=O)N1CCC(CCn2ccccc2=O)C1)c1ccccc1,3,93,5HT2B,"7-eonmol (Pocket2Mol 等变图神经网络 + 口袋引导束搜索, GPCR 微调版)","7-eonmol_ft_gpcr_v10.pt — 本项目自训(官方权重起点 + gpcr_mass_v1 微调); 同种子成对十臂 vs 官方: 原始对接分 4 更好/4 打平/2 更差(均值 -0.15, 非全面超越), 生成尺寸与官方一致(MW 390-410)",7-eonmol-competition-submission,2024,5HT2B_20260930_094211,
C0094,赛道 3 · 离子通道/GPCR 小分子药物虚拟筛选 · 子任务 2,O=C(NCC(=O)N1CC2CCCC2C1)c1cc2c(s1)C(C(F)(F)F)=C1N=CN=C1CO2,results/5HT2B/structures/cand094_mol_0f5b26dd_69da302c4175.sdf,1.344,0.766,4.213,0.184,-9.87,B,,,452.46,2.885,83.36,-4.74,1.0,6.0,3,5.0,0,2,,,O=C(NCC(=O)N1CC2CCCC2C1)c1cc2c(s1)C=C1N=CN=C1CO2,1,94,5HT2B,"7-eonmol (Pocket2Mol 等变图神经网络 + 口袋引导束搜索, GPCR 微调版)","7-eonmol_ft_gpcr_v10.pt — 本项目自训(官方权重起点 + gpcr_mass_v1 微调); 同种子成对十臂 vs 官方: 原始对接分 4 更好/4 打平/2 更差(均值 -0.15, 非全面超越), 生成尺寸与官方一致(MW 390-410)",7-eonmol-competition-submission,2024,5HT2B_20260930_094211,
C0095,赛道 3 · 离子通道/GPCR 小分子药物虚拟筛选 · 子任务 2,O=C(NCC(=O)N1CC2CCCC2C1)c1cc2c(s1)-c1ccncc1OCO2,results/5HT2B/structures/cand095_mol_643ab598_643ab598be5b.sdf,1.497,0.858,3.613,0.227,-9.85,B,,,399.47,2.527,80.76,-4.22,1.0,6.0,3,5.0,0,2,,,O=C(NCC(=O)N1CC2CCCC2C1)c1cc2c(s1)-c1ccncc1OCO2,1,95,5HT2B,"7-eonmol (Pocket2Mol 等变图神经网络 + 口袋引导束搜索, GPCR 微调版)","7-eonmol_ft_gpcr_v10.pt — 本项目自训(官方权重起点 + gpcr_mass_v1 微调); 同种子成对十臂 vs 官方: 原始对接分 4 更好/4 打平/2 更差(均值 -0.15, 非全面超越), 生成尺寸与官方一致(MW 390-410)",7-eonmol-competition-submission,2024,5HT2B_20260930_094211,
C0096,赛道 3 · 离子通道/GPCR 小分子药物虚拟筛选 · 子任务 2,O=C1C=CC(CC(=O)N2CCC3C4NCCCC4CCC32)C2=C1OCC2,results/5HT2B/structures/cand096_mol_238047b7_238047b71ac4.sdf,1.352,0.824,4.722,0.172,-9.84,B,,,356.47,2.185,58.64,-3.57,1.0,4.0,2,5.0,0,1,,,O=C1C=CC(CC(=O)N2CCC3C4NCCCC4CCC32)C2=C1OCC2,1,96,5HT2B,"7-eonmol (Pocket2Mol 等变图神经网络 + 口袋引导束搜索, GPCR 微调版)","7-eonmol_ft_gpcr_v10.pt — 本项目自训(官方权重起点 + gpcr_mass_v1 微调); 同种子成对十臂 vs 官方: 原始对接分 4 更好/4 打平/2 更差(均值 -0.15, 非全面超越), 生成尺寸与官方一致(MW 390-410)",7-eonmol-competition-submission,2024,5HT2B_20260930_094211,
C0097,赛道 3 · 离子通道/GPCR 小分子药物虚拟筛选 · 子任务 2,CC12CC(C(=O)Nc3cccc4ccccc34)N(C(=O)O)C1OCC2O,results/5HT2B/structures/cand097_mol_3d84ffc7_a8ec63883ef1.sdf,1.385,0.766,3.816,0.256,-9.83,B,,,356.38,2.254,99.1,-3.76,3.0,4.0,2,4.0,0,1,,,O=C(Nc1cccc2ccccc12)C1CC2CCOC2N1,1,97,5HT2B,"7-eonmol (Pocket2Mol 等变图神经网络 + 口袋引导束搜索, GPCR 微调版)","7-eonmol_ft_gpcr_v10.pt — 本项目自训(官方权重起点 + gpcr_mass_v1 微调); 同种子成对十臂 vs 官方: 原始对接分 4 更好/4 打平/2 更差(均值 -0.15, 非全面超越), 生成尺寸与官方一致(MW 390-410)",7-eonmol-competition-submission,2024,5HT2B_20260930_094211,
C0098,赛道 3 · 离子通道/GPCR 小分子药物虚拟筛选 · 子任务 2,COc1ccc(-c2ccc(CN3CC(=O)N4CCC(C)CC4C3)c(=O)[nH]2)c(C)c1,results/5HT2B/structures/cand098_mol_53488878_6553662a3947.sdf,1.531,0.865,3.334,0.266,-9.82,B,,,395.5,2.802,65.64,-4.38,1.0,4.0,4,4.0,0,2,,,O=C1CN(Cc2ccc(-c3ccccc3)[nH]c2=O)CC2CCCCN12,11,98,5HT2B,"7-eonmol (Pocket2Mol 等变图神经网络 + 口袋引导束搜索, GPCR 微调版)","7-eonmol_ft_gpcr_v10.pt — 本项目自训(官方权重起点 + gpcr_mass_v1 微调); 同种子成对十臂 vs 官方: 原始对接分 4 更好/4 打平/2 更差(均值 -0.15, 非全面超越), 生成尺寸与官方一致(MW 390-410)",7-eonmol-competition-submission,2024,5HT2B_20260930_094211,
C0099,赛道 3 · 离子通道/GPCR 小分子药物虚拟筛选 · 子任务 2,COc1cc(C(=O)NCC(=O)N2CC3CCCC3C2)cc(C2=CCC=C2)c1,results/5HT2B/structures/cand099_mol_b4ba1497_1c1dd673a51f.sdf,1.531,0.871,3.401,0.243,-9.81,B,,,366.46,3.027,58.64,-4.27,1.0,3.0,5,4.0,0,1,,,O=C(NCC(=O)N1CC2CCCC2C1)c1cccc(C2=CCC=C2)c1,1,99,5HT2B,"7-eonmol (Pocket2Mol 等变图神经网络 + 口袋引导束搜索, GPCR 微调版)","7-eonmol_ft_gpcr_v10.pt — 本项目自训(官方权重起点 + gpcr_mass_v1 微调); 同种子成对十臂 vs 官方: 原始对接分 4 更好/4 打平/2 更差(均值 -0.15, 非全面超越), 生成尺寸与官方一致(MW 390-410)",7-eonmol-competition-submission,2024,5HT2B_20260930_094211,
C0100,赛道 3 · 离子通道/GPCR 小分子药物虚拟筛选 · 子任务 2,O=C(O)N(c1ccc2c(c1)oc1cc(F)ccc12)C1CCN2CCC1C2,results/5HT2B/structures/cand100_mol_f66dddaf_988e8f75bd3c.sdf,1.313,0.745,4.327,0.286,-9.8,C,,,354.38,4.304,56.92,-5.31,1.0,3.0,2,5.0,0,4,,,c1ccc2c(c1)oc1cc(NC3CCN4CCC3C4)ccc12,1,100,5HT2B,"7-eonmol (Pocket2Mol 等变图神经网络 + 口袋引导束搜索, GPCR 微调版)","7-eonmol_ft_gpcr_v10.pt — 本项目自训(官方权重起点 + gpcr_mass_v1 微调); 同种子成对十臂 vs 官方: 原始对接分 4 更好/4 打平/2 更差(均值 -0.15, 非全面超越), 生成尺寸与官方一致(MW 390-410)",7-eonmol-competition-submission,2024,5HT2B_20260930_094211,
C0101,赛道 3 · 离子通道/GPCR 小分子药物虚拟筛选 · 子任务 2,CC1CCN2C(=O)CN(Cc3ccc(-c4ccccc4)[nH]c3=O)CC2C1,results/5HT2B/structures/cand101_mol_53488878_eb115b22b287.sdf,1.607,0.924,3.172,0.327,-9.79,B,,,351.45,2.485,56.41,-3.9,1.0,3.0,3,4.0,0,2,,,O=C1CN(Cc2ccc(-c3ccccc3)[nH]c2=O)CC2CCCCN12,11,101,5HT2B,"7-eonmol (Pocket2Mol 等变图神经网络 + 口袋引导束搜索, GPCR 微调版)","7-eonmol_ft_gpcr_v10.pt — 本项目自训(官方权重起点 + gpcr_mass_v1 微调); 同种子成对十臂 vs 官方: 原始对接分 4 更好/4 打平/2 更差(均值 -0.15, 非全面超越), 生成尺寸与官方一致(MW 390-410)",7-eonmol-competition-submission,2024,5HT2B_20260930_094211,
C0102,赛道 3 · 离子通道/GPCR 小分子药物虚拟筛选 · 子任务 2,CCOC(=O)N1CCN2C(=O)c3ccc(Oc4cccc5c4C(O)CC=N5)cc3C2C1,results/5HT2B/structures/cand102_mol_99d66348_2395847362f5.sdf,1.445,0.818,3.726,0.263,-9.77,B,,,421.45,3.587,91.67,-5.14,1.0,6.0,3,5.0,0,2,,,O=C1c2ccc(Oc3cccc4c3CCC=N4)cc2C2CNCCN12,5,102,5HT2B,"7-eonmol (Pocket2Mol 等变图神经网络 + 口袋引导束搜索, GPCR 微调版)","7-eonmol_ft_gpcr_v10.pt — 本项目自训(官方权重起点 + gpcr_mass_v1 微调); 同种子成对十臂 vs 官方: 原始对接分 4 更好/4 打平/2 更差(均值 -0.15, 非全面超越), 生成尺寸与官方一致(MW 390-410)",7-eonmol-competition-submission,2024,5HT2B_20260930_094211,
C0103,赛道 3 · 离子通道/GPCR 小分子药物虚拟筛选 · 子任务 2,O=C1CN(Cc2nccc3ccccc23)CC2CCCC(CCCO)N12,results/5HT2B/structures/cand103_mol_878ace04_00ce9928a032.sdf,1.568,0.898,3.3,0.271,-9.75,B,,,353.47,2.573,56.67,-3.91,1.0,4.0,5,4.0,0,2,,,O=C1CN(Cc2nccc3ccccc23)CC2CCCCN12,1,103,5HT2B,"7-eonmol (Pocket2Mol 等变图神经网络 + 口袋引导束搜索, GPCR 微调版)","7-eonmol_ft_gpcr_v10.pt — 本项目自训(官方权重起点 + gpcr_mass_v1 微调); 同种子成对十臂 vs 官方: 原始对接分 4 更好/4 打平/2 更差(均值 -0.15, 非全面超越), 生成尺寸与官方一致(MW 390-410)",7-eonmol-competition-submission,2024,5HT2B_20260930_094211,
C0104,赛道 3 · 离子通道/GPCR 小分子药物虚拟筛选 · 子任务 2,O=C(NCC(=O)N1CCC2CN(C(=O)NCC(F)(F)F)CCC21)c1ccccc1,results/5HT2B/structures/cand104_mol_a6bcf5a1_4bc85312695b.sdf,1.479,0.789,3.097,0.311,-9.71,B,,,412.41,1.611,81.75,-3.53,2.0,3.0,4,3.0,0,1,,,O=C(NCC(=O)N1CCC2CNCCC21)c1ccccc1,2,104,5HT2B,"7-eonmol (Pocket2Mol 等变图神经网络 + 口袋引导束搜索, GPCR 微调版)","7-eonmol_ft_gpcr_v10.pt — 本项目自训(官方权重起点 + gpcr_mass_v1 微调); 同种子成对十臂 vs 官方: 原始对接分 4 更好/4 打平/2 更差(均值 -0.15, 非全面超越), 生成尺寸与官方一致(MW 390-410)",7-eonmol-competition-submission,2024,5HT2B_20260930_094211,
C0105,赛道 3 · 离子通道/GPCR 小分子药物虚拟筛选 · 子任务 2,NC1C2CCN(C(=O)CC3C=CC(=O)C4=C3CCO4)C2CCC1N1C=CC=CC1,results/5HT2B/structures/cand105_mol_d8cde817_a41424aa3ede.sdf,1.28,0.79,5.097,0.185,-9.71,A,,,395.5,1.898,75.87,-3.59,1.0,5.0,3,5.0,0,0,,,O=C1C=CC(CC(=O)N2CCC3CC(N4C=CC=CC4)CCC32)C2=C1OCC2,1,105,5HT2B,"7-eonmol (Pocket2Mol 等变图神经网络 + 口袋引导束搜索, GPCR 微调版)","7-eonmol_ft_gpcr_v10.pt — 本项目自训(官方权重起点 + gpcr_mass_v1 微调); 同种子成对十臂 vs 官方: 原始对接分 4 更好/4 打平/2 更差(均值 -0.15, 非全面超越), 生成尺寸与官方一致(MW 390-410)",7-eonmol-competition-submission,2024,5HT2B_20260930_094211,
C0106,赛道 3 · 离子通道/GPCR 小分子药物虚拟筛选 · 子任务 2,CCc1ccnc2c1-c1sc(C(=O)NCC(=O)N3CC4CCCC4C3)cc1OCC2,results/5HT2B/structures/cand106_mol_2731f6ca_07ebb1a566f7.sdf,1.442,0.816,3.742,0.193,-9.7,C,,,425.55,3.296,71.53,-4.92,1.0,5.0,4,5.0,0,3,,,O=C(NCC(=O)N1CC2CCCC2C1)c1cc2c(s1)-c1cccnc1CCO2,2,106,5HT2B,"7-eonmol (Pocket2Mol 等变图神经网络 + 口袋引导束搜索, GPCR 微调版)","7-eonmol_ft_gpcr_v10.pt — 本项目自训(官方权重起点 + gpcr_mass_v1 微调); 同种子成对十臂 vs 官方: 原始对接分 4 更好/4 打平/2 更差(均值 -0.15, 非全面超越), 生成尺寸与官方一致(MW 390-410)",7-eonmol-competition-submission,2024,5HT2B_20260930_094211,
C0107,赛道 3 · 离子通道/GPCR 小分子药物虚拟筛选 · 子任务 2,O=C(NCC(=O)N1CC2CCCC2C1)c1cc2c(s1)-c1c(CO)ccnc1CCO2,results/5HT2B/structures/cand107_mol_2731f6ca_25dd088246a1.sdf,1.401,0.781,3.796,0.193,-9.69,B,,,427.53,2.226,91.76,-4.14,2.0,6.0,4,5.0,0,2,,,O=C(NCC(=O)N1CC2CCCC2C1)c1cc2c(s1)-c1cccnc1CCO2,2,107,5HT2B,"7-eonmol (Pocket2Mol 等变图神经网络 + 口袋引导束搜索, GPCR 微调版)","7-eonmol_ft_gpcr_v10.pt — 本项目自训(官方权重起点 + gpcr_mass_v1 微调); 同种子成对十臂 vs 官方: 原始对接分 4 更好/4 打平/2 更差(均值 -0.15, 非全面超越), 生成尺寸与官方一致(MW 390-410)",7-eonmol-competition-submission,2024,5HT2B_20260930_094211,
C0108,赛道 3 · 离子通道/GPCR 小分子药物虚拟筛选 · 子任务 2,COC(=O)N1CCN2C(=O)c3ccc(Oc4cc(C)cc5c4C(O)CC=N5)cc3C2C1,results/5HT2B/structures/cand108_mol_99d66348_aca122c1f5ad.sdf,1.417,0.801,3.843,0.213,-9.67,B,,,421.45,3.506,91.67,-5.1,1.0,6.0,2,5.0,0,2,,,O=C1c2ccc(Oc3cccc4c3CCC=N4)cc2C2CNCCN12,5,108,5HT2B,"7-eonmol (Pocket2Mol 等变图神经网络 + 口袋引导束搜索, GPCR 微调版)","7-eonmol_ft_gpcr_v10.pt — 本项目自训(官方权重起点 + gpcr_mass_v1 微调); 同种子成对十臂 vs 官方: 原始对接分 4 更好/4 打平/2 更差(均值 -0.15, 非全面超越), 生成尺寸与官方一致(MW 390-410)",7-eonmol-competition-submission,2024,5HT2B_20260930_094211,
C0109,赛道 3 · 离子通道/GPCR 小分子药物虚拟筛选 · 子任务 2,O=C1C=C(C(F)(F)F)c2sc(C(=O)NCC(=O)N3CC4CCCC4C3)cc2OC1,results/5HT2B/structures/cand109_mol_d0922b60_b44867607d70.sdf,1.411,0.803,3.919,0.186,-9.67,B,,,428.43,2.644,75.71,-4.41,1.0,5.0,3,4.0,0,2,,,O=C1C=Cc2sc(C(=O)NCC(=O)N3CC4CCCC4C3)cc2OC1,1,109,5HT2B,"7-eonmol (Pocket2Mol 等变图神经网络 + 口袋引导束搜索, GPCR 微调版)","7-eonmol_ft_gpcr_v10.pt — 本项目自训(官方权重起点 + gpcr_mass_v1 微调); 同种子成对十臂 vs 官方: 原始对接分 4 更好/4 打平/2 更差(均值 -0.15, 非全面超越), 生成尺寸与官方一致(MW 390-410)",7-eonmol-competition-submission,2024,5HT2B_20260930_094211,
C0110,赛道 3 · 离子通道/GPCR 小分子药物虚拟筛选 · 子任务 2,COc1ccc(-c2ccc(CN3CC(=O)N4CCC(C)CC4C3)c(=O)[nH]2)cc1,results/5HT2B/structures/cand110_mol_53488878_b5cfd60eb66f.sdf,1.563,0.884,3.203,0.257,-9.65,B,,,381.48,2.493,65.64,-4.07,1.0,4.0,4,4.0,0,2,,,O=C1CN(Cc2ccc(-c3ccccc3)[nH]c2=O)CC2CCCCN12,11,110,5HT2B,"7-eonmol (Pocket2Mol 等变图神经网络 + 口袋引导束搜索, GPCR 微调版)","7-eonmol_ft_gpcr_v10.pt — 本项目自训(官方权重起点 + gpcr_mass_v1 微调); 同种子成对十臂 vs 官方: 原始对接分 4 更好/4 打平/2 更差(均值 -0.15, 非全面超越), 生成尺寸与官方一致(MW 390-410)",7-eonmol-competition-submission,2024,5HT2B_20260930_094211,
C0111,赛道 3 · 离子通道/GPCR 小分子药物虚拟筛选 · 子任务 2,CCC(=O)C1CCC(N2CCn3c(cc(-c4ccccc4)cc3=O)C2)C1,results/5HT2B/structures/cand111_mol_2a2bee26_35a7bbbc8bdb.sdf,1.512,0.848,3.355,0.337,-9.64,C,,,350.46,3.479,42.31,-4.61,0.0,3.0,4,4.0,0,3,,,O=c1cc(-c2ccccc2)cc2n1CCN(C1CCCC1)C2,1,111,5HT2B,"7-eonmol (Pocket2Mol 等变图神经网络 + 口袋引导束搜索, GPCR 微调版)","7-eonmol_ft_gpcr_v10.pt — 本项目自训(官方权重起点 + gpcr_mass_v1 微调); 同种子成对十臂 vs 官方: 原始对接分 4 更好/4 打平/2 更差(均值 -0.15, 非全面超越), 生成尺寸与官方一致(MW 390-410)",7-eonmol-competition-submission,2024,5HT2B_20260930_094211,
C0112,赛道 3 · 离子通道/GPCR 小分子药物虚拟筛选 · 子任务 2,O=C1CC2CCCN2C(=O)Cc2ccc(O)c3c2C(CO3)NOc2ccccc2N1,results/5HT2B/structures/cand112_mol_27aac516_961c944e8cf8.sdf,1.186,0.617,4.31,0.243,-9.64,B,,,409.44,2.285,100.13,-4.17,3.0,6.0,0,5.0,0,1,,,O=C1CC2CCCN2C(=O)Cc2cccc3c2C(CO3)NOc2ccccc2N1,1,112,5HT2B,"7-eonmol (Pocket2Mol 等变图神经网络 + 口袋引导束搜索, GPCR 微调版)","7-eonmol_ft_gpcr_v10.pt — 本项目自训(官方权重起点 + gpcr_mass_v1 微调); 同种子成对十臂 vs 官方: 原始对接分 4 更好/4 打平/2 更差(均值 -0.15, 非全面超越), 生成尺寸与官方一致(MW 390-410)",7-eonmol-competition-submission,2024,5HT2B_20260930_094211,
C0113,赛道 3 · 离子通道/GPCR 小分子药物虚拟筛选 · 子任务 2,O=C(NCC(=O)N1CCc2cc(C(=O)N3CCCC3)ccc21)c1ccccc1,results/5HT2B/structures/cand113_mol_bbe3af7e_bbe3af7ed3ae.sdf,1.688,0.888,2.006,0.382,-9.62,B,,,377.44,2.242,69.72,-3.85,1.0,3.0,4,4.0,0,1,,,O=C(NCC(=O)N1CCc2cc(C(=O)N3CCCC3)ccc21)c1ccccc1,6,113,5HT2B,"7-eonmol (Pocket2Mol 等变图神经网络 + 口袋引导束搜索, GPCR 微调版)","7-eonmol_ft_gpcr_v10.pt — 本项目自训(官方权重起点 + gpcr_mass_v1 微调); 同种子成对十臂 vs 官方: 原始对接分 4 更好/4 打平/2 更差(均值 -0.15, 非全面超越), 生成尺寸与官方一致(MW 390-410)",7-eonmol-competition-submission,2024,5HT2B_20260930_094211,
C0114,赛道 3 · 离子通道/GPCR 小分子药物虚拟筛选 · 子任务 2,O=C(NCC(=O)N1CCc2cc(Oc3ccccc3)ccc21)c1ccccc1,results/5HT2B/structures/cand114_mol_277f168c_277f168c3f80.sdf,1.549,0.741,1.922,0.376,-9.59,A,,,372.42,3.798,58.64,-5.03,1.0,3.0,5,4.0,0,0,,,O=C(NCC(=O)N1CCc2cc(Oc3ccccc3)ccc21)c1ccccc1,2,114,5HT2B,"7-eonmol (Pocket2Mol 等变图神经网络 + 口袋引导束搜索, GPCR 微调版)","7-eonmol_ft_gpcr_v10.pt — 本项目自训(官方权重起点 + gpcr_mass_v1 微调); 同种子成对十臂 vs 官方: 原始对接分 4 更好/4 打平/2 更差(均值 -0.15, 非全面超越), 生成尺寸与官方一致(MW 390-410)",7-eonmol-competition-submission,2024,5HT2B_20260930_094211,
C0115,赛道 3 · 离子通道/GPCR 小分子药物虚拟筛选 · 子任务 2,O=C(NCC(=O)N1CCc2cc(C(=O)N3CCCC3CO)ccc21)c1ccccc1,results/5HT2B/structures/cand115_mol_bbe3af7e_98b861ca0c0d.sdf,1.524,0.788,2.638,0.341,-9.58,A,,,407.47,1.603,89.95,-3.54,2.0,4.0,5,4.0,0,0,,,O=C(NCC(=O)N1CCc2cc(C(=O)N3CCCC3)ccc21)c1ccccc1,6,115,5HT2B,"7-eonmol (Pocket2Mol 等变图神经网络 + 口袋引导束搜索, GPCR 微调版)","7-eonmol_ft_gpcr_v10.pt — 本项目自训(官方权重起点 + gpcr_mass_v1 微调); 同种子成对十臂 vs 官方: 原始对接分 4 更好/4 打平/2 更差(均值 -0.15, 非全面超越), 生成尺寸与官方一致(MW 390-410)",7-eonmol-competition-submission,2024,5HT2B_20260930_094211,
C0116,赛道 3 · 离子通道/GPCR 小分子药物虚拟筛选 · 子任务 2,O=C(NCC(=O)N1CC2CCCC2C1)c1cccc(CC(F)(F)F)c1,results/5HT2B/structures/cand116_mol_01862a99_b9593770053c.sdf,1.599,0.904,3.045,0.252,-9.55,B,,,354.37,2.78,49.41,-4.04,1.0,2.0,4,3.0,0,2,,,O=C(NCC(=O)N1CC2CCCC2C1)c1ccccc1,4,116,5HT2B,"7-eonmol (Pocket2Mol 等变图神经网络 + 口袋引导束搜索, GPCR 微调版)","7-eonmol_ft_gpcr_v10.pt — 本项目自训(官方权重起点 + gpcr_mass_v1 微调); 同种子成对十臂 vs 官方: 原始对接分 4 更好/4 打平/2 更差(均值 -0.15, 非全面超越), 生成尺寸与官方一致(MW 390-410)",7-eonmol-competition-submission,2024,5HT2B_20260930_094211,
C0117,赛道 3 · 离子通道/GPCR 小分子药物虚拟筛选 · 子任务 2,O=C1CCC(CN(CC(=O)NC2CCCCC2)C(=O)C2C=Cc3ccccc3C2)CC1,results/5HT2B/structures/cand117_mol_bf761ffe_bf761ffefaa4.sdf,1.424,0.756,3.319,0.234,-9.55,B,,,422.57,3.909,66.48,-5.25,1.0,3.0,6,4.0,0,1,,,O=C1CCC(CN(CC(=O)NC2CCCCC2)C(=O)C2C=Cc3ccccc3C2)CC1,1,117,5HT2B,"7-eonmol (Pocket2Mol 等变图神经网络 + 口袋引导束搜索, GPCR 微调版)","7-eonmol_ft_gpcr_v10.pt — 本项目自训(官方权重起点 + gpcr_mass_v1 微调); 同种子成对十臂 vs 官方: 原始对接分 4 更好/4 打平/2 更差(均值 -0.15, 非全面超越), 生成尺寸与官方一致(MW 390-410)",7-eonmol-competition-submission,2024,5HT2B_20260930_094211,
C0118,赛道 3 · 离子通道/GPCR 小分子药物虚拟筛选 · 子任务 2,O=C(CC1CCCN1C(=O)Cc1ccc(O)c2c1CCO2)Nc1ccccc1,results/5HT2B/structures/cand118_mol_12720584_8d49f13aef7c.sdf,1.547,0.836,2.888,0.36,-9.54,B,,,380.44,2.889,78.87,-4.33,2.0,4.0,5,4.0,0,1,,,O=C(CC1CCCN1C(=O)Cc1cccc2c1CCO2)Nc1ccccc1,2,118,5HT2B,"7-eonmol (Pocket2Mol 等变图神经网络 + 口袋引导束搜索, GPCR 微调版)","7-eonmol_ft_gpcr_v10.pt — 本项目自训(官方权重起点 + gpcr_mass_v1 微调); 同种子成对十臂 vs 官方: 原始对接分 4 更好/4 打平/2 更差(均值 -0.15, 非全面超越), 生成尺寸与官方一致(MW 390-410)",7-eonmol-competition-submission,2024,5HT2B_20260930_094211,
C0119,赛道 3 · 离子通道/GPCR 小分子药物虚拟筛选 · 子任务 2,CC1CCN2C(=O)CN(Cc3ccc(-c4ccc(CO)cc4)[nH]c3=O)CC2C1,results/5HT2B/structures/cand119_mol_53488878_aba290e133f0.sdf,1.52,0.849,3.288,0.242,-9.54,B,,,381.48,1.977,76.64,-3.68,2.0,4.0,4,4.0,0,1,,,O=C1CN(Cc2ccc(-c3ccccc3)[nH]c2=O)CC2CCCCN12,11,119,5HT2B,"7-eonmol (Pocket2Mol 等变图神经网络 + 口袋引导束搜索, GPCR 微调版)","7-eonmol_ft_gpcr_v10.pt — 本项目自训(官方权重起点 + gpcr_mass_v1 微调); 同种子成对十臂 vs 官方: 原始对接分 4 更好/4 打平/2 更差(均值 -0.15, 非全面超越), 生成尺寸与官方一致(MW 390-410)",7-eonmol-competition-submission,2024,5HT2B_20260930_094211,
C0120,赛道 3 · 离子通道/GPCR 小分子药物虚拟筛选 · 子任务 2,O=C(CCCC1CCCN1C(=O)Cc1ccc(O)c2c1CCO2)NCc1ccccc1,results/5HT2B/structures/cand120_mol_2ace1ac6_0087389acb22.sdf,1.388,0.684,2.963,0.336,-9.53,B,,,422.53,3.347,78.87,-4.86,2.0,4.0,8,4.0,0,2,,,O=C(CCCC1CCCN1C(=O)Cc1cccc2c1CCO2)NCc1ccccc1,1,120,5HT2B,"7-eonmol (Pocket2Mol 等变图神经网络 + 口袋引导束搜索, GPCR 微调版)","7-eonmol_ft_gpcr_v10.pt — 本项目自训(官方权重起点 + gpcr_mass_v1 微调); 同种子成对十臂 vs 官方: 原始对接分 4 更好/4 打平/2 更差(均值 -0.15, 非全面超越), 生成尺寸与官方一致(MW 390-410)",7-eonmol-competition-submission,2024,5HT2B_20260930_094211,
C0121,赛道 3 · 离子通道/GPCR 小分子药物虚拟筛选 · 子任务 2,O=C1CN2C(=O)c3ccccc3C3CCC4CCCN1C4C32,results/5HT2B/structures/cand121_mol_a4c7d1cb_a4c7d1cb95b6.sdf,1.361,0.735,3.739,0.253,-9.53,B,,,296.37,2.009,40.62,-3.2,0.0,2.0,0,5.0,0,1,,,O=C1CN2C(=O)c3ccccc3C3CCC4CCCN1C4C32,1,121,5HT2B,"7-eonmol (Pocket2Mol 等变图神经网络 + 口袋引导束搜索, GPCR 微调版)","7-eonmol_ft_gpcr_v10.pt — 本项目自训(官方权重起点 + gpcr_mass_v1 微调); 同种子成对十臂 vs 官方: 原始对接分 4 更好/4 打平/2 更差(均值 -0.15, 非全面超越), 生成尺寸与官方一致(MW 390-410)",7-eonmol-competition-submission,2024,5HT2B_20260930_094211,
C0122,赛道 3 · 离子通道/GPCR 小分子药物虚拟筛选 · 子任务 2,Nc1nc(CN2CC(=O)N3C(CCCO)CCCC3C2)c2ccccc2n1,results/5HT2B/structures/cand122_mol_71d7e35e_9144839b3a57.sdf,1.489,0.83,3.415,0.269,-9.52,B,,,369.47,1.55,95.58,-3.25,2.0,6.0,5,4.0,0,1,,,O=C1CN(Cc2ncnc3ccccc23)CC2CCCCN12,1,122,5HT2B,"7-eonmol (Pocket2Mol 等变图神经网络 + 口袋引导束搜索, GPCR 微调版)","7-eonmol_ft_gpcr_v10.pt — 本项目自训(官方权重起点 + gpcr_mass_v1 微调); 同种子成对十臂 vs 官方: 原始对接分 4 更好/4 打平/2 更差(均值 -0.15, 非全面超越), 生成尺寸与官方一致(MW 390-410)",7-eonmol-competition-submission,2024,5HT2B_20260930_094211,
C0123,赛道 3 · 离子通道/GPCR 小分子药物虚拟筛选 · 子任务 2,O=C(NCC(=O)N1CCC(CCn2cc(CO)ccc2=O)C1)c1ccccc1,results/5HT2B/structures/cand123_mol_7e1ca295_2571e2d30fcb.sdf,1.473,0.747,2.731,0.395,-9.5,B,,,383.45,1.009,91.64,-2.91,2.0,4.0,7,3.0,0,1,,,O=C(NCC(=O)N1CCC(CCn2ccccc2=O)C1)c1ccccc1,3,123,5HT2B,"7-eonmol (Pocket2Mol 等变图神经网络 + 口袋引导束搜索, GPCR 微调版)","7-eonmol_ft_gpcr_v10.pt — 本项目自训(官方权重起点 + gpcr_mass_v1 微调); 同种子成对十臂 vs 官方: 原始对接分 4 更好/4 打平/2 更差(均值 -0.15, 非全面超越), 生成尺寸与官方一致(MW 390-410)",7-eonmol-competition-submission,2024,5HT2B_20260930_094211,
C0124,赛道 3 · 离子通道/GPCR 小分子药物虚拟筛选 · 子任务 2,O=C(Nc1ccccc1-c1ccccc1)C1CC2C(CCN2CC(F)(F)F)N1C(=O)O,results/5HT2B/structures/cand124_mol_1757700f_1fe9b156c7e5.sdf,1.409,0.763,3.543,0.32,-9.5,C,,,433.43,4.05,72.88,-5.54,2.0,3.0,4,4.0,0,4,,,O=C(Nc1ccccc1-c1ccccc1)C1CC2NCCC2N1,2,124,5HT2B,"7-eonmol (Pocket2Mol 等变图神经网络 + 口袋引导束搜索, GPCR 微调版)","7-eonmol_ft_gpcr_v10.pt — 本项目自训(官方权重起点 + gpcr_mass_v1 微调); 同种子成对十臂 vs 官方: 原始对接分 4 更好/4 打平/2 更差(均值 -0.15, 非全面超越), 生成尺寸与官方一致(MW 390-410)",7-eonmol-competition-submission,2024,5HT2B_20260930_094211,
C0125,赛道 3 · 离子通道/GPCR 小分子药物虚拟筛选 · 子任务 2,CC1CCN2C(=O)CN(Cc3c(=O)[nH]cc4ccccc34)CC2C1,results/5HT2B/structures/cand125_mol_69c4bb4c_53ad2ecfa4c9.sdf,1.577,0.918,3.414,0.265,-9.49,B,,,325.41,1.971,56.41,-3.37,1.0,3.0,2,4.0,0,1,,,O=C1CN(Cc2c(=O)[nH]cc3ccccc23)CC2CCCCN12,1,125,5HT2B,"7-eonmol (Pocket2Mol 等变图神经网络 + 口袋引导束搜索, GPCR 微调版)","7-eonmol_ft_gpcr_v10.pt — 本项目自训(官方权重起点 + gpcr_mass_v1 微调); 同种子成对十臂 vs 官方: 原始对接分 4 更好/4 打平/2 更差(均值 -0.15, 非全面超越), 生成尺寸与官方一致(MW 390-410)",7-eonmol-competition-submission,2024,5HT2B_20260930_094211,
C0126,赛道 3 · 离子通道/GPCR 小分子药物虚拟筛选 · 子任务 2,CCc1ccc(F)cc1-c1sc(C(=O)NCC(=O)N2CC3CCCC3C2)cc1OC,results/5HT2B/structures/cand126_mol_57b71395_f4c9e791e492.sdf,1.409,0.75,3.417,0.236,-9.49,B,,,430.55,4.114,58.64,-5.51,1.0,4.0,6,4.0,0,2,,,O=C(NCC(=O)N1CC2CCCC2C1)c1ccc(-c2ccccc2)s1,1,126,5HT2B,"7-eonmol (Pocket2Mol 等变图神经网络 + 口袋引导束搜索, GPCR 微调版)","7-eonmol_ft_gpcr_v10.pt — 本项目自训(官方权重起点 + gpcr_mass_v1 微调); 同种子成对十臂 vs 官方: 原始对接分 4 更好/4 打平/2 更差(均值 -0.15, 非全面超越), 生成尺寸与官方一致(MW 390-410)",7-eonmol-competition-submission,2024,5HT2B_20260930_094211,
C0127,赛道 3 · 离子通道/GPCR 小分子药物虚拟筛选 · 子任务 2,O=C(NC1CCCCC1)C1=C(Cc2cccc(C(F)(F)F)c2)NCCC1,results/5HT2B/structures/cand127_mol_5425ae65_d0a2f35c7c0f.sdf,1.572,0.833,2.606,0.228,-9.48,B,,,366.43,4.334,41.13,-5.27,2.0,2.0,4,3.0,0,2,,,O=C(NC1CCCCC1)C1=C(Cc2ccccc2)NCCC1,5,127,5HT2B,"7-eonmol (Pocket2Mol 等变图神经网络 + 口袋引导束搜索, GPCR 微调版)","7-eonmol_ft_gpcr_v10.pt — 本项目自训(官方权重起点 + gpcr_mass_v1 微调); 同种子成对十臂 vs 官方: 原始对接分 4 更好/4 打平/2 更差(均值 -0.15, 非全面超越), 生成尺寸与官方一致(MW 390-410)",7-eonmol-competition-submission,2024,5HT2B_20260930_094211,
C0128,赛道 3 · 离子通道/GPCR 小分子药物虚拟筛选 · 子任务 2,CC12CCCC1C1CC(CCc3ccccc3)CC(C(=O)O)N1C2=O,results/5HT2B/structures/cand128_mol_cb1bfa76_0333dfdbc729.sdf,1.52,0.912,3.915,0.282,-9.48,B,,,341.45,3.5,57.61,-4.49,1.0,2.0,4,4.0,0,1,,,O=C1C2CCCC2C2CC(CCc3ccccc3)CCN12,1,128,5HT2B,"7-eonmol (Pocket2Mol 等变图神经网络 + 口袋引导束搜索, GPCR 微调版)","7-eonmol_ft_gpcr_v10.pt — 本项目自训(官方权重起点 + gpcr_mass_v1 微调); 同种子成对十臂 vs 官方: 原始对接分 4 更好/4 打平/2 更差(均值 -0.15, 非全面超越), 生成尺寸与官方一致(MW 390-410)",7-eonmol-competition-submission,2024,5HT2B_20260930_094211,
C0129,赛道 3 · 离子通道/GPCR 小分子药物虚拟筛选 · 子任务 2,COCc1ccc(-c2ccc(CN3CC(=O)N4CCC(C)CC4C3)c(=O)[nH]2)cc1,results/5HT2B/structures/cand129_mol_53488878_90c0179653d9.sdf,1.517,0.845,3.288,0.236,-9.46,B,,,395.5,2.631,65.64,-4.23,1.0,4.0,5,4.0,0,2,,,O=C1CN(Cc2ccc(-c3ccccc3)[nH]c2=O)CC2CCCCN12,11,129,5HT2B,"7-eonmol (Pocket2Mol 等变图神经网络 + 口袋引导束搜索, GPCR 微调版)","7-eonmol_ft_gpcr_v10.pt — 本项目自训(官方权重起点 + gpcr_mass_v1 微调); 同种子成对十臂 vs 官方: 原始对接分 4 更好/4 打平/2 更差(均值 -0.15, 非全面超越), 生成尺寸与官方一致(MW 390-410)",7-eonmol-competition-submission,2024,5HT2B_20260930_094211,
C0130,赛道 3 · 离子通道/GPCR 小分子药物虚拟筛选 · 子任务 2,CC12CC(C(=O)Nc3cccc4ccccc34)N(C(=O)O)C1OCC2=O,results/5HT2B/structures/cand130_mol_7013bc4e_7c67d2813621.sdf,1.499,0.864,3.645,0.278,-9.44,B,,,354.36,2.462,95.94,-3.9,2.0,4.0,2,4.0,0,1,,,O=C(Nc1cccc2ccccc12)C1CC2C(=O)COC2N1,1,130,5HT2B,"7-eonmol (Pocket2Mol 等变图神经网络 + 口袋引导束搜索, GPCR 微调版)","7-eonmol_ft_gpcr_v10.pt — 本项目自训(官方权重起点 + gpcr_mass_v1 微调); 同种子成对十臂 vs 官方: 原始对接分 4 更好/4 打平/2 更差(均值 -0.15, 非全面超越), 生成尺寸与官方一致(MW 390-410)",7-eonmol-competition-submission,2024,5HT2B_20260930_094211,
C0131,赛道 3 · 离子通道/GPCR 小分子药物虚拟筛选 · 子任务 2,CCCCC(=O)N1CCN2C(=O)c3ccc(Oc4cc(C)nc5c4C(O)CC=N5)cc3C2C1,results/5HT2B/structures/cand131_mol_483dd055_174c50e405ff.sdf,1.357,0.75,3.926,0.245,-9.44,C,,,448.52,3.851,95.33,-5.45,1.0,6.0,5,5.0,0,3,,,O=C1c2ccc(Oc3ccnc4c3CCC=N4)cc2C2CNCCN12,1,131,5HT2B,"7-eonmol (Pocket2Mol 等变图神经网络 + 口袋引导束搜索, GPCR 微调版)","7-eonmol_ft_gpcr_v10.pt — 本项目自训(官方权重起点 + gpcr_mass_v1 微调); 同种子成对十臂 vs 官方: 原始对接分 4 更好/4 打平/2 更差(均值 -0.15, 非全面超越), 生成尺寸与官方一致(MW 390-410)",7-eonmol-competition-submission,2024,5HT2B_20260930_094211,
C0132,赛道 3 · 离子通道/GPCR 小分子药物虚拟筛选 · 子任务 2,Cc1ccccc1CCNC(=O)c1ncc(-c2ccccc2)n(C)c1=O,results/5HT2B/structures/cand132_mol_3675b25b_5280f383645a.sdf,1.558,0.772,2.143,0.378,-9.43,A,,,347.42,2.728,63.99,-4.1,1.0,3.0,5,3.0,0,0,,,O=C(NCCc1ccccc1)c1ncc(-c2ccccc2)[nH]c1=O,1,132,5HT2B,"7-eonmol (Pocket2Mol 等变图神经网络 + 口袋引导束搜索, GPCR 微调版)","7-eonmol_ft_gpcr_v10.pt — 本项目自训(官方权重起点 + gpcr_mass_v1 微调); 同种子成对十臂 vs 官方: 原始对接分 4 更好/4 打平/2 更差(均值 -0.15, 非全面超越), 生成尺寸与官方一致(MW 390-410)",7-eonmol-competition-submission,2024,5HT2B_20260930_094211,
C0133,赛道 3 · 离子通道/GPCR 小分子药物虚拟筛选 · 子任务 2,CC1CN2C3=C(CN=C3C1C)C(=O)NC1C3CCN(C(=O)CC4C=CC(=O)C5=C4CCO5)C3CCC12,results/5HT2B/structures/cand133_mol_de596220_b07d817dcc28.sdf,1.084,0.639,5.55,0.173,-9.43,A,,,490.6,1.98,91.31,-4.27,1.0,6.0,2,7.0,0,0,,,O=C1C=CC(CC(=O)N2CCC3C4NC(=O)C5=C6C(=NC5)CCCN6C4CCC32)C2=C1OCC2,1,133,5HT2B,"7-eonmol (Pocket2Mol 等变图神经网络 + 口袋引导束搜索, GPCR 微调版)","7-eonmol_ft_gpcr_v10.pt — 本项目自训(官方权重起点 + gpcr_mass_v1 微调); 同种子成对十臂 vs 官方: 原始对接分 4 更好/4 打平/2 更差(均值 -0.15, 非全面超越), 生成尺寸与官方一致(MW 390-410)",7-eonmol-competition-submission,2024,5HT2B_20260930_094211,
C0134,赛道 3 · 离子通道/GPCR 小分子药物虚拟筛选 · 子任务 2,CC1CCN2C(=O)CN(Cc3ccc(C4CCN(C)CC4)[nH]c3=O)CC2C1,results/5HT2B/structures/cand134_mol_3139daeb_973e014e50b3.sdf,1.522,0.876,3.541,0.231,-9.39,B,,,372.51,1.627,59.65,-3.32,1.0,4.0,3,4.0,0,1,,,O=C1CN(Cc2ccc(C3CCNCC3)[nH]c2=O)CC2CCCCN12,1,134,5HT2B,"7-eonmol (Pocket2Mol 等变图神经网络 + 口袋引导束搜索, GPCR 微调版)","7-eonmol_ft_gpcr_v10.pt — 本项目自训(官方权重起点 + gpcr_mass_v1 微调); 同种子成对十臂 vs 官方: 原始对接分 4 更好/4 打平/2 更差(均值 -0.15, 非全面超越), 生成尺寸与官方一致(MW 390-410)",7-eonmol-competition-submission,2024,5HT2B_20260930_094211,
C0135,赛道 3 · 离子通道/GPCR 小分子药物虚拟筛选 · 子任务 2,CCc1cncc2c1-c1sc(C(=O)NCC(=O)N3CC4CCCC4C3)cc1OCC2,results/5HT2B/structures/cand135_mol_c808ba92_4f73cfa433a9.sdf,1.438,0.816,3.777,0.19,-9.38,C,,,425.55,3.296,71.53,-4.92,1.0,5.0,4,5.0,0,3,,,O=C(NCC(=O)N1CC2CCCC2C1)c1cc2c(s1)-c1ccncc1CCO2,2,135,5HT2B,"7-eonmol (Pocket2Mol 等变图神经网络 + 口袋引导束搜索, GPCR 微调版)","7-eonmol_ft_gpcr_v10.pt — 本项目自训(官方权重起点 + gpcr_mass_v1 微调); 同种子成对十臂 vs 官方: 原始对接分 4 更好/4 打平/2 更差(均值 -0.15, 非全面超越), 生成尺寸与官方一致(MW 390-410)",7-eonmol-competition-submission,2024,5HT2B_20260930_094211,
C0136,赛道 3 · 离子通道/GPCR 小分子药物虚拟筛选 · 子任务 2,O=C1NCCC2CC(N(C(=O)O)c3ccc4cc(C(F)(F)F)oc4c3)CCN12,results/5HT2B/structures/cand136_mol_b39e208a_4b7425ea8efd.sdf,1.428,0.805,3.774,0.196,-9.35,C,,,397.35,3.882,86.02,-5.21,2.0,3.0,2,4.0,0,5,,,O=C1NCCC2CC(Nc3ccc4ccoc4c3)CCN12,1,136,5HT2B,"7-eonmol (Pocket2Mol 等变图神经网络 + 口袋引导束搜索, GPCR 微调版)","7-eonmol_ft_gpcr_v10.pt — 本项目自训(官方权重起点 + gpcr_mass_v1 微调); 同种子成对十臂 vs 官方: 原始对接分 4 更好/4 打平/2 更差(均值 -0.15, 非全面超越), 生成尺寸与官方一致(MW 390-410)",7-eonmol-competition-submission,2024,5HT2B_20260930_094211,
C0137,赛道 3 · 离子通道/GPCR 小分子药物虚拟筛选 · 子任务 2,CC(CO)=C1C=CCOc2cc(C(=O)NCC(=O)N3CC4CCCC4C3)sc21,results/5HT2B/structures/cand137_mol_56aa829f_f8b25a95c700.sdf,1.407,0.811,4.037,0.2,-9.34,B,,,402.52,2.451,78.87,-4.08,2.0,5.0,4,4.0,0,1,,,C=C1C=CCOc2cc(C(=O)NCC(=O)N3CC4CCCC4C3)sc21,1,137,5HT2B,"7-eonmol (Pocket2Mol 等变图神经网络 + 口袋引导束搜索, GPCR 微调版)","7-eonmol_ft_gpcr_v10.pt — 本项目自训(官方权重起点 + gpcr_mass_v1 微调); 同种子成对十臂 vs 官方: 原始对接分 4 更好/4 打平/2 更差(均值 -0.15, 非全面超越), 生成尺寸与官方一致(MW 390-410)",7-eonmol-competition-submission,2024,5HT2B_20260930_094211,
C0138,赛道 3 · 离子通道/GPCR 小分子药物虚拟筛选 · 子任务 2,Cn1c(-c2ccccc2)cnc(C(=O)Nc2ccccc2C(=O)NC(=O)O)c1=O,results/5HT2B/structures/cand138_mol_86a7ad5d_7b16ccda4f53.sdf,1.393,0.623,2.307,0.308,-9.34,A,,,392.37,2.107,130.39,-3.92,3.0,5.0,4,3.0,0,0,,,O=C(Nc1ccccc1)c1ncc(-c2ccccc2)[nH]c1=O,1,138,5HT2B,"7-eonmol (Pocket2Mol 等变图神经网络 + 口袋引导束搜索, GPCR 微调版)","7-eonmol_ft_gpcr_v10.pt — 本项目自训(官方权重起点 + gpcr_mass_v1 微调); 同种子成对十臂 vs 官方: 原始对接分 4 更好/4 打平/2 更差(均值 -0.15, 非全面超越), 生成尺寸与官方一致(MW 390-410)",7-eonmol-competition-submission,2024,5HT2B_20260930_094211,
C0139,赛道 3 · 离子通道/GPCR 小分子药物虚拟筛选 · 子任务 2,CC(C)OC(=O)N1CCN2C(=O)c3ccc(Oc4cccc5c4C(O)CC=N5)cc3C2C1,results/5HT2B/structures/cand139_mol_99d66348_f8f2d66a455d.sdf,1.408,0.788,3.799,0.255,-9.33,B,,,435.48,3.976,91.67,-5.51,1.0,6.0,3,5.0,0,2,,,O=C1c2ccc(Oc3cccc4c3CCC=N4)cc2C2CNCCN12,5,139,5HT2B,"7-eonmol (Pocket2Mol 等变图神经网络 + 口袋引导束搜索, GPCR 微调版)","7-eonmol_ft_gpcr_v10.pt — 本项目自训(官方权重起点 + gpcr_mass_v1 微调); 同种子成对十臂 vs 官方: 原始对接分 4 更好/4 打平/2 更差(均值 -0.15, 非全面超越), 生成尺寸与官方一致(MW 390-410)",7-eonmol-competition-submission,2024,5HT2B_20260930_094211,
C0140,赛道 3 · 离子通道/GPCR 小分子药物虚拟筛选 · 子任务 2,CC1CN2C3=C(CN=C3C1C)CNC1C3CCN(C(=O)CC4C=CC(=O)C5=C4CCO5)C3CCC12,results/5HT2B/structures/cand140_mol_52f2e5ef_f1327ef7c745.sdf,1.1,0.663,5.627,0.175,-9.26,B,,,476.62,2.454,74.24,-4.54,1.0,6.0,2,7.0,0,1,,,O=C1C=CC(CC(=O)N2CCC3C4NCC5=C6C(=NC5)CCCN6C4CCC32)C2=C1OCC2,1,140,5HT2B,"7-eonmol (Pocket2Mol 等变图神经网络 + 口袋引导束搜索, GPCR 微调版)","7-eonmol_ft_gpcr_v10.pt — 本项目自训(官方权重起点 + gpcr_mass_v1 微调); 同种子成对十臂 vs 官方: 原始对接分 4 更好/4 打平/2 更差(均值 -0.15, 非全面超越), 生成尺寸与官方一致(MW 390-410)",7-eonmol-competition-submission,2024,5HT2B_20260930_094211,
C0141,赛道 3 · 离子通道/GPCR 小分子药物虚拟筛选 · 子任务 2,COC(=O)N1CCC2(CC1)CCN1C(=O)CN(C3CCCN(c4ccoc4)C3=O)CC1C2,results/5HT2B/structures/cand141_mol_c4bfab14_48cbe6c9d4cb.sdf,1.255,0.693,4.378,0.22,-9.25,B,,,444.53,1.93,86.54,-4.0,0.0,6.0,2,5.0,0,1,,,O=C1C(N2CC(=O)N3CCC4(CCNCC4)CC3C2)CCCN1c1ccoc1,1,141,5HT2B,"7-eonmol (Pocket2Mol 等变图神经网络 + 口袋引导束搜索, GPCR 微调版)","7-eonmol_ft_gpcr_v10.pt — 本项目自训(官方权重起点 + gpcr_mass_v1 微调); 同种子成对十臂 vs 官方: 原始对接分 4 更好/4 打平/2 更差(均值 -0.15, 非全面超越), 生成尺寸与官方一致(MW 390-410)",7-eonmol-competition-submission,2024,5HT2B_20260930_094211,
C0142,赛道 3 · 离子通道/GPCR 小分子药物虚拟筛选 · 子任务 2,CC1CCN2C(=O)CN(Cc3ccc(C4CCCC4)[nH]c3=O)CC2C1,results/5HT2B/structures/cand142_mol_71810b21_2d2727d03fd2.sdf,1.57,0.917,3.47,0.245,-9.23,B,,,343.47,2.475,56.41,-3.77,1.0,3.0,3,4.0,0,2,,,O=C1CN(Cc2ccc(C3CCCC3)[nH]c2=O)CC2CCCCN12,1,142,5HT2B,"7-eonmol (Pocket2Mol 等变图神经网络 + 口袋引导束搜索, GPCR 微调版)","7-eonmol_ft_gpcr_v10.pt — 本项目自训(官方权重起点 + gpcr_mass_v1 微调); 同种子成对十臂 vs 官方: 原始对接分 4 更好/4 打平/2 更差(均值 -0.15, 非全面超越), 生成尺寸与官方一致(MW 390-410)",7-eonmol-competition-submission,2024,5HT2B_20260930_094211,
C0143,赛道 3 · 离子通道/GPCR 小分子药物虚拟筛选 · 子任务 2,O=C(NC1CCCCC1)C1=C(Cc2cc(C(F)(F)F)ccc2F)NCCC1,results/5HT2B/structures/cand143_mol_5425ae65_e30a8ec95f4f.sdf,1.48,0.752,2.724,0.197,-9.22,B,,,384.42,4.473,41.13,-5.48,2.0,2.0,4,3.0,0,2,,,O=C(NC1CCCCC1)C1=C(Cc2ccccc2)NCCC1,5,143,5HT2B,"7-eonmol (Pocket2Mol 等变图神经网络 + 口袋引导束搜索, GPCR 微调版)","7-eonmol_ft_gpcr_v10.pt — 本项目自训(官方权重起点 + gpcr_mass_v1 微调); 同种子成对十臂 vs 官方: 原始对接分 4 更好/4 打平/2 更差(均值 -0.15, 非全面超越), 生成尺寸与官方一致(MW 390-410)",7-eonmol-competition-submission,2024,5HT2B_20260930_094211,
C0144,赛道 3 · 离子通道/GPCR 小分子药物虚拟筛选 · 子任务 2,CC(C)c1cccc(C(=O)NCC(=O)N2CC3CCCC3C2)c1,results/5HT2B/structures/cand144_mol_01862a99_602f28222e65.sdf,1.645,0.929,2.841,0.255,-9.2,B,,,314.43,2.798,49.41,-3.81,1.0,2.0,4,3.0,0,1,,,O=C(NCC(=O)N1CC2CCCC2C1)c1ccccc1,4,144,5HT2B,"7-eonmol (Pocket2Mol 等变图神经网络 + 口袋引导束搜索, GPCR 微调版)","7-eonmol_ft_gpcr_v10.pt — 本项目自训(官方权重起点 + gpcr_mass_v1 微调); 同种子成对十臂 vs 官方: 原始对接分 4 更好/4 打平/2 更差(均值 -0.15, 非全面超越), 生成尺寸与官方一致(MW 390-410)",7-eonmol-competition-submission,2024,5HT2B_20260930_094211,
C0145,赛道 3 · 离子通道/GPCR 小分子药物虚拟筛选 · 子任务 2,COc1cc(C(=O)NCC(=O)N2CC3CCCC3C2)cc(C(C)C)c1,results/5HT2B/structures/cand145_mol_01862a99_77f9d0796dbc.sdf,1.595,0.893,2.98,0.237,-9.18,B,,,344.46,2.807,58.64,-3.98,1.0,3.0,5,3.0,0,1,,,O=C(NCC(=O)N1CC2CCCC2C1)c1ccccc1,4,145,5HT2B,"7-eonmol (Pocket2Mol 等变图神经网络 + 口袋引导束搜索, GPCR 微调版)","7-eonmol_ft_gpcr_v10.pt — 本项目自训(官方权重起点 + gpcr_mass_v1 微调); 同种子成对十臂 vs 官方: 原始对接分 4 更好/4 打平/2 更差(均值 -0.15, 非全面超越), 生成尺寸与官方一致(MW 390-410)",7-eonmol-competition-submission,2024,5HT2B_20260930_094211,
C0146,赛道 3 · 离子通道/GPCR 小分子药物虚拟筛选 · 子任务 2,CC1CCN2C(=O)CN(Cc3cc4ccccc4[nH]c3=O)CC2C1,results/5HT2B/structures/cand146_mol_004d9e8f_155e2133697b.sdf,1.603,0.918,3.148,0.265,-9.15,B,,,325.41,1.971,56.41,-3.37,1.0,3.0,2,4.0,0,1,,,O=C1CN(Cc2cc3ccccc3[nH]c2=O)CC2CCCCN12,1,146,5HT2B,"7-eonmol (Pocket2Mol 等变图神经网络 + 口袋引导束搜索, GPCR 微调版)","7-eonmol_ft_gpcr_v10.pt — 本项目自训(官方权重起点 + gpcr_mass_v1 微调); 同种子成对十臂 vs 官方: 原始对接分 4 更好/4 打平/2 更差(均值 -0.15, 非全面超越), 生成尺寸与官方一致(MW 390-410)",7-eonmol-competition-submission,2024,5HT2B_20260930_094211,
C0147,赛道 3 · 离子通道/GPCR 小分子药物虚拟筛选 · 子任务 2,CC1(O)CC(C(=O)Nc2cccc3ccccc23)N(C(=O)O)C1,results/5HT2B/structures/cand147_mol_921fa5ac_c6c74351e8bc.sdf,1.491,0.793,3.018,0.274,-9.15,B,,,314.34,2.282,89.87,-3.53,3.0,3.0,2,3.0,0,1,,,O=C(Nc1cccc2ccccc12)C1CCCN1,1,147,5HT2B,"7-eonmol (Pocket2Mol 等变图神经网络 + 口袋引导束搜索, GPCR 微调版)","7-eonmol_ft_gpcr_v10.pt — 本项目自训(官方权重起点 + gpcr_mass_v1 微调); 同种子成对十臂 vs 官方: 原始对接分 4 更好/4 打平/2 更差(均值 -0.15, 非全面超越), 生成尺寸与官方一致(MW 390-410)",7-eonmol-competition-submission,2024,5HT2B_20260930_094211,
C0148,赛道 3 · 离子通道/GPCR 小分子药物虚拟筛选 · 子任务 2,COC(=O)N1CCN2C(=O)c3ccc(Oc4cccc5c4C(O)CC=N5)cc3C2C1,results/5HT2B/structures/cand148_mol_99d66348_df17c5d3af1b.sdf,1.45,0.826,3.756,0.241,-9.14,B,,,407.43,3.197,91.67,-4.79,1.0,6.0,2,5.0,0,2,,,O=C1c2ccc(Oc3cccc4c3CCC=N4)cc2C2CNCCN12,5,148,5HT2B,"7-eonmol (Pocket2Mol 等变图神经网络 + 口袋引导束搜索, GPCR 微调版)","7-eonmol_ft_gpcr_v10.pt — 本项目自训(官方权重起点 + gpcr_mass_v1 微调); 同种子成对十臂 vs 官方: 原始对接分 4 更好/4 打平/2 更差(均值 -0.15, 非全面超越), 生成尺寸与官方一致(MW 390-410)",7-eonmol-competition-submission,2024,5HT2B_20260930_094211,
C0149,赛道 3 · 离子通道/GPCR 小分子药物虚拟筛选 · 子任务 2,CCCNC(=O)N1CCC2C(CCN2C(=O)CNC(=O)c2ccccc2)C1,results/5HT2B/structures/cand149_mol_a6bcf5a1_a5cbeeb44fe1.sdf,1.53,0.821,2.91,0.345,-9.12,A,,,372.47,1.459,81.75,-3.15,2.0,3.0,5,3.0,0,0,,,O=C(NCC(=O)N1CCC2CNCCC21)c1ccccc1,2,149,5HT2B,"7-eonmol (Pocket2Mol 等变图神经网络 + 口袋引导束搜索, GPCR 微调版)","7-eonmol_ft_gpcr_v10.pt — 本项目自训(官方权重起点 + gpcr_mass_v1 微调); 同种子成对十臂 vs 官方: 原始对接分 4 更好/4 打平/2 更差(均值 -0.15, 非全面超越), 生成尺寸与官方一致(MW 390-410)",7-eonmol-competition-submission,2024,5HT2B_20260930_094211,
C0150,赛道 3 · 离子通道/GPCR 小分子药物虚拟筛选 · 子任务 2,CC(=O)N1CCC(N(C(=O)O)c2ccc3cc(C(F)(F)F)oc3c2)CC1,results/5HT2B/structures/cand150_mol_49b4ef01_70584139378b.sdf,1.595,0.869,2.735,0.227,-9.09,C,,,370.33,3.947,73.99,-5.09,1.0,3.0,2,3.0,0,5,,,c1cc2ccc(NC3CCNCC3)cc2o1,4,150,5HT2B,"7-eonmol (Pocket2Mol 等变图神经网络 + 口袋引导束搜索, GPCR 微调版)","7-eonmol_ft_gpcr_v10.pt — 本项目自训(官方权重起点 + gpcr_mass_v1 微调); 同种子成对十臂 vs 官方: 原始对接分 4 更好/4 打平/2 更差(均值 -0.15, 非全面超越), 生成尺寸与官方一致(MW 390-410)",7-eonmol-competition-submission,2024,5HT2B_20260930_094211,
C0151,赛道 3 · 离子通道/GPCR 小分子药物虚拟筛选 · 子任务 2,O=C1CCC(C(=O)NC2CCN3C(=O)CCCC3C2)(C2CCCC2)C1,results/5HT2B/structures/cand151_mol_771a45ac_771a45ac5f8a.sdf,1.474,0.854,3.799,0.196,-9.09,B,,,346.47,2.576,66.48,-3.78,1.0,3.0,3,4.0,0,1,,,O=C1CCC(C(=O)NC2CCN3C(=O)CCCC3C2)(C2CCCC2)C1,1,151,5HT2B,"7-eonmol (Pocket2Mol 等变图神经网络 + 口袋引导束搜索, GPCR 微调版)","7-eonmol_ft_gpcr_v10.pt — 本项目自训(官方权重起点 + gpcr_mass_v1 微调); 同种子成对十臂 vs 官方: 原始对接分 4 更好/4 打平/2 更差(均值 -0.15, 非全面超越), 生成尺寸与官方一致(MW 390-410)",7-eonmol-competition-submission,2024,5HT2B_20260930_094211,
C0152,赛道 3 · 离子通道/GPCR 小分子药物虚拟筛选 · 子任务 2,O=C(NCC(=O)N1CCC(CCN2C=CC=CC2)C1)c1ccccc1,results/5HT2B/structures/cand152_mol_224b93f9_224b93f9fd99.sdf,1.565,0.863,2.981,0.394,-9.05,B,,,339.44,2.04,52.65,-3.35,1.0,3.0,6,3.0,0,1,,,O=C(NCC(=O)N1CCC(CCN2C=CC=CC2)C1)c1ccccc1,1,152,5HT2B,"7-eonmol (Pocket2Mol 等变图神经网络 + 口袋引导束搜索, GPCR 微调版)","7-eonmol_ft_gpcr_v10.pt — 本项目自训(官方权重起点 + gpcr_mass_v1 微调); 同种子成对十臂 vs 官方: 原始对接分 4 更好/4 打平/2 更差(均值 -0.15, 非全面超越), 生成尺寸与官方一致(MW 390-410)",7-eonmol-competition-submission,2024,5HT2B_20260930_094211,
C0153,赛道 3 · 离子通道/GPCR 小分子药物虚拟筛选 · 子任务 2,COC(=O)N1C=CC2(CC1)CCN1C(=O)CN(C3CCCN(c4ccoc4)C3=O)CC1C2,results/5HT2B/structures/cand153_mol_59a0cabc_4cae94f681ab.sdf,1.198,0.697,4.986,0.228,-9.05,B,,,442.52,2.054,86.54,-4.08,0.0,6.0,2,5.0,0,2,,,O=C1C(N2CC(=O)N3CCC4(C=CNCC4)CC3C2)CCCN1c1ccoc1,1,153,5HT2B,"7-eonmol (Pocket2Mol 等变图神经网络 + 口袋引导束搜索, GPCR 微调版)","7-eonmol_ft_gpcr_v10.pt — 本项目自训(官方权重起点 + gpcr_mass_v1 微调); 同种子成对十臂 vs 官方: 原始对接分 4 更好/4 打平/2 更差(均值 -0.15, 非全面超越), 生成尺寸与官方一致(MW 390-410)",7-eonmol-competition-submission,2024,5HT2B_20260930_094211,
C0154,赛道 3 · 离子通道/GPCR 小分子药物虚拟筛选 · 子任务 2,CC12CC(C(=O)Nc3ccccc3-c3ccccc3)N(C(=O)O)C1CCC2=O,results/5HT2B/structures/cand154_mol_b4f55be0_185460bdd889.sdf,1.508,0.851,3.426,0.327,-9.03,C,,,378.43,3.782,86.71,-5.03,2.0,3.0,3,4.0,0,3,,,O=C(Nc1ccccc1-c1ccccc1)C1CC2C(=O)CCC2N1,1,154,5HT2B,"7-eonmol (Pocket2Mol 等变图神经网络 + 口袋引导束搜索, GPCR 微调版)","7-eonmol_ft_gpcr_v10.pt — 本项目自训(官方权重起点 + gpcr_mass_v1 微调); 同种子成对十臂 vs 官方: 原始对接分 4 更好/4 打平/2 更差(均值 -0.15, 非全面超越), 生成尺寸与官方一致(MW 390-410)",7-eonmol-competition-submission,2024,5HT2B_20260930_094211,
C0155,赛道 3 · 离子通道/GPCR 小分子药物虚拟筛选 · 子任务 2,COc1cc(C(=O)NCC(=O)N2CC3CCCC3C2)cc(-c2ccoc2)c1,results/5HT2B/structures/cand155_mol_3e81868e_573cd6646682.sdf,1.563,0.881,3.174,0.243,-8.98,B,,,368.43,2.944,71.78,-4.29,1.0,4.0,5,4.0,0,2,,,O=C(NCC(=O)N1CC2CCCC2C1)c1cccc(-c2ccoc2)c1,1,155,5HT2B,"7-eonmol (Pocket2Mol 等变图神经网络 + 口袋引导束搜索, GPCR 微调版)","7-eonmol_ft_gpcr_v10.pt — 本项目自训(官方权重起点 + gpcr_mass_v1 微调); 同种子成对十臂 vs 官方: 原始对接分 4 更好/4 打平/2 更差(均值 -0.15, 非全面超越), 生成尺寸与官方一致(MW 390-410)",7-eonmol-competition-submission,2024,5HT2B_20260930_094211,
C0156,赛道 3 · 离子通道/GPCR 小分子药物虚拟筛选 · 子任务 2,CC1CC2=CC(=O)NC3C4CCN(C(=O)CC5C=CC(=O)C6=C5CCO6)C4CCC3N2CC1C,results/5HT2B/structures/cand156_mol_0aec3aee_0118565b756c.sdf,1.136,0.678,5.425,0.172,-8.98,B,,,465.59,2.546,78.95,-4.53,1.0,5.0,2,6.0,0,1,,,O=C1C=C2CCCCN2C2CCC3C(CCN3C(=O)CC3C=CC(=O)C4=C3CCO4)C2N1,1,156,5HT2B,"7-eonmol (Pocket2Mol 等变图神经网络 + 口袋引导束搜索, GPCR 微调版)","7-eonmol_ft_gpcr_v10.pt — 本项目自训(官方权重起点 + gpcr_mass_v1 微调); 同种子成对十臂 vs 官方: 原始对接分 4 更好/4 打平/2 更差(均值 -0.15, 非全面超越), 生成尺寸与官方一致(MW 390-410)",7-eonmol-competition-submission,2024,5HT2B_20260930_094211,
C0157,赛道 3 · 离子通道/GPCR 小分子药物虚拟筛选 · 子任务 2,CC1CN(C2CCCC2)C(=O)c2cc(N3C(=O)C=CNC3=C3C=C=CC=C3)cn21,results/5HT2B/structures/cand157_mol_b5839708_7a64022efd00.sdf,1.327,0.79,4.637,0.221,-8.97,B,,,388.47,3.39,57.58,-4.73,1.0,3.0,2,5.0,0,1,,,O=C1C=CNC(=C2C=C=CC=C2)N1c1cc2n(c1)CCN(C1CCCC1)C2=O,1,157,5HT2B,"7-eonmol (Pocket2Mol 等变图神经网络 + 口袋引导束搜索, GPCR 微调版)","7-eonmol_ft_gpcr_v10.pt — 本项目自训(官方权重起点 + gpcr_mass_v1 微调); 同种子成对十臂 vs 官方: 原始对接分 4 更好/4 打平/2 更差(均值 -0.15, 非全面超越), 生成尺寸与官方一致(MW 390-410)",7-eonmol-competition-submission,2024,5HT2B_20260930_094211,
C0158,赛道 3 · 离子通道/GPCR 小分子药物虚拟筛选 · 子任务 2,O=C(NCC(=O)N1CCC(CCn2ccccc2=O)C1)c1ccccc1,results/5HT2B/structures/cand158_mol_7e1ca295_7e1ca2956f7a.sdf,1.599,0.856,2.568,0.439,-8.95,B,,,353.42,1.517,71.41,-3.13,1.0,3.0,6,3.0,0,1,,,O=C(NCC(=O)N1CCC(CCn2ccccc2=O)C1)c1ccccc1,3,158,5HT2B,"7-eonmol (Pocket2Mol 等变图神经网络 + 口袋引导束搜索, GPCR 微调版)","7-eonmol_ft_gpcr_v10.pt — 本项目自训(官方权重起点 + gpcr_mass_v1 微调); 同种子成对十臂 vs 官方: 原始对接分 4 更好/4 打平/2 更差(均值 -0.15, 非全面超越), 生成尺寸与官方一致(MW 390-410)",7-eonmol-competition-submission,2024,5HT2B_20260930_094211,
C0159,赛道 3 · 离子通道/GPCR 小分子药物虚拟筛选 · 子任务 2,CC1CCN2C(=O)CN(Cc3nc4ccccc4[nH]c3=O)CC2C1,results/5HT2B/structures/cand159_mol_75fd067f_c148abdd24de.sdf,1.581,0.905,3.241,0.254,-8.95,A,,,326.4,1.366,69.3,-2.92,1.0,4.0,2,4.0,0,0,,,O=C1CN(Cc2nc3ccccc3[nH]c2=O)CC2CCCCN12,1,159,5HT2B,"7-eonmol (Pocket2Mol 等变图神经网络 + 口袋引导束搜索, GPCR 微调版)","7-eonmol_ft_gpcr_v10.pt — 本项目自训(官方权重起点 + gpcr_mass_v1 微调); 同种子成对十臂 vs 官方: 原始对接分 4 更好/4 打平/2 更差(均值 -0.15, 非全面超越), 生成尺寸与官方一致(MW 390-410)",7-eonmol-competition-submission,2024,5HT2B_20260930_094211,
C0160,赛道 3 · 离子通道/GPCR 小分子药物虚拟筛选 · 子任务 2,COCC1CCN2C(=O)CN(C3CCCN(c4ccccc4)C3=O)CC2C1,results/5HT2B/structures/cand160_mol_b0b07b25_e30fd5327ced.sdf,1.459,0.809,3.501,0.287,-8.88,A,,,371.48,1.751,53.09,-3.38,0.0,4.0,4,4.0,0,0,,,O=C1C(N2CC(=O)N3CCCCC3C2)CCCN1c1ccccc1,1,160,5HT2B,"7-eonmol (Pocket2Mol 等变图神经网络 + 口袋引导束搜索, GPCR 微调版)","7-eonmol_ft_gpcr_v10.pt — 本项目自训(官方权重起点 + gpcr_mass_v1 微调); 同种子成对十臂 vs 官方: 原始对接分 4 更好/4 打平/2 更差(均值 -0.15, 非全面超越), 生成尺寸与官方一致(MW 390-410)",7-eonmol-competition-submission,2024,5HT2B_20260930_094211,
C0161,赛道 3 · 离子通道/GPCR 小分子药物虚拟筛选 · 子任务 2,CC(CO)C1CCN(C(=O)C2CCC(C)(C(=O)NC3CCN4C(=O)CCCC4C3)O2)C1,results/5HT2B/structures/cand161_mol_6b4209ba_a927962ad8e2.sdf,1.22,0.673,4.528,0.181,-8.86,A,,,435.57,1.061,99.18,-3.17,2.0,5.0,5,4.0,0,0,,,O=C(NC1CCN2C(=O)CCCC2C1)C1CCC(C(=O)N2CCCC2)O1,2,161,5HT2B,"7-eonmol (Pocket2Mol 等变图神经网络 + 口袋引导束搜索, GPCR 微调版)","7-eonmol_ft_gpcr_v10.pt — 本项目自训(官方权重起点 + gpcr_mass_v1 微调); 同种子成对十臂 vs 官方: 原始对接分 4 更好/4 打平/2 更差(均值 -0.15, 非全面超越), 生成尺寸与官方一致(MW 390-410)",7-eonmol-competition-submission,2024,5HT2B_20260930_094211,
C0162,赛道 3 · 离子通道/GPCR 小分子药物虚拟筛选 · 子任务 2,O=C(O)CC1CCC(C(=O)NC2CCN3C(=O)CCCC3C2)(C2CCCC2)C1,results/5HT2B/structures/cand162_mol_4a9118fd_52c96289ff6e.sdf,1.362,0.755,3.927,0.173,-8.85,B,,,390.52,3.098,86.71,-4.4,2.0,3.0,5,4.0,0,1,,,O=C1CCCC2CC(NC(=O)C3(C4CCCC4)CCCC3)CCN12,1,162,5HT2B,"7-eonmol (Pocket2Mol 等变图神经网络 + 口袋引导束搜索, GPCR 微调版)","7-eonmol_ft_gpcr_v10.pt — 本项目自训(官方权重起点 + gpcr_mass_v1 微调); 同种子成对十臂 vs 官方: 原始对接分 4 更好/4 打平/2 更差(均值 -0.15, 非全面超越), 生成尺寸与官方一致(MW 390-410)",7-eonmol-competition-submission,2024,5HT2B_20260930_094211,
C0163,赛道 3 · 离子通道/GPCR 小分子药物虚拟筛选 · 子任务 2,Cc1ccccc1C1CC(O)CCC1CC(=O)NCC1CCC(=O)N1C,results/5HT2B/structures/cand163_mol_5a4e6864_b0ffbe7efda2.sdf,1.481,0.849,3.683,0.263,-8.82,B,,,358.48,2.367,69.64,-3.74,2.0,3.0,5,3.0,0,1,,,O=C(CC1CCCCC1c1ccccc1)NCC1CCC(=O)N1,1,163,5HT2B,"7-eonmol (Pocket2Mol 等变图神经网络 + 口袋引导束搜索, GPCR 微调版)","7-eonmol_ft_gpcr_v10.pt — 本项目自训(官方权重起点 + gpcr_mass_v1 微调); 同种子成对十臂 vs 官方: 原始对接分 4 更好/4 打平/2 更差(均值 -0.15, 非全面超越), 生成尺寸与官方一致(MW 390-410)",7-eonmol-competition-submission,2024,5HT2B_20260930_094211,
C0164,赛道 3 · 离子通道/GPCR 小分子药物虚拟筛选 · 子任务 2,CCc1cnccc1-c1sc(C(=O)NCC(=O)N2CC3CCCC3C2)cc1OC,results/5HT2B/structures/cand164_mol_f88afe19_5234978c7a93.sdf,1.438,0.788,3.499,0.21,-8.82,C,,,413.54,3.369,71.53,-4.86,1.0,5.0,6,4.0,0,3,,,O=C(NCC(=O)N1CC2CCCC2C1)c1ccc(-c2ccncc2)s1,1,164,5HT2B,"7-eonmol (Pocket2Mol 等变图神经网络 + 口袋引导束搜索, GPCR 微调版)","7-eonmol_ft_gpcr_v10.pt — 本项目自训(官方权重起点 + gpcr_mass_v1 微调); 同种子成对十臂 vs 官方: 原始对接分 4 更好/4 打平/2 更差(均值 -0.15, 非全面超越), 生成尺寸与官方一致(MW 390-410)",7-eonmol-competition-submission,2024,5HT2B_20260930_094211,
C0165,赛道 3 · 离子通道/GPCR 小分子药物虚拟筛选 · 子任务 2,CN1CCC(N(C(=O)O)c2ccc3cc(CCC(=O)O)oc3c2)CC1,results/5HT2B/structures/cand165_mol_49b4ef01_e568ca18ff16.sdf,1.604,0.864,2.598,0.268,-8.81,C,,,346.38,3.029,94.22,-4.2,2.0,4.0,5,3.0,0,3,,,c1cc2ccc(NC3CCNCC3)cc2o1,4,165,5HT2B,"7-eonmol (Pocket2Mol 等变图神经网络 + 口袋引导束搜索, GPCR 微调版)","7-eonmol_ft_gpcr_v10.pt — 本项目自训(官方权重起点 + gpcr_mass_v1 微调); 同种子成对十臂 vs 官方: 原始对接分 4 更好/4 打平/2 更差(均值 -0.15, 非全面超越), 生成尺寸与官方一致(MW 390-410)",7-eonmol-competition-submission,2024,5HT2B_20260930_094211,
C0166,赛道 3 · 离子通道/GPCR 小分子药物虚拟筛选 · 子任务 2,Cc1[nH]nc2c1N(c1cc3n(c1)C(C(=O)O)CN(C1CCCC1)C3=O)C(=O)CC2,results/5HT2B/structures/cand166_mol_63baf97c_51573b056cb2.sdf,1.432,0.824,3.927,0.229,-8.8,B,,,397.44,2.155,111.53,-3.91,2.0,4.0,3,5.0,0,1,,,O=C1CCc2n[nH]cc2N1c1cc2n(c1)CCN(C1CCCC1)C2=O,1,166,5HT2B,"7-eonmol (Pocket2Mol 等变图神经网络 + 口袋引导束搜索, GPCR 微调版)","7-eonmol_ft_gpcr_v10.pt — 本项目自训(官方权重起点 + gpcr_mass_v1 微调); 同种子成对十臂 vs 官方: 原始对接分 4 更好/4 打平/2 更差(均值 -0.15, 非全面超越), 生成尺寸与官方一致(MW 390-410)",7-eonmol-competition-submission,2024,5HT2B_20260930_094211,
C0167,赛道 3 · 离子通道/GPCR 小分子药物虚拟筛选 · 子任务 2,O=C(c1cccc(OC(F)(F)F)c1O)N1CC(=O)N2CCCCC2C1,results/5HT2B/structures/cand167_mol_3f407a63_c647a6c1b920.sdf,1.585,0.879,2.944,0.28,-8.79,B,,,358.32,2.128,70.08,-3.63,1.0,4.0,2,3.0,0,2,,,O=C(c1ccccc1)N1CC(=O)N2CCCCC2C1,2,167,5HT2B,"7-eonmol (Pocket2Mol 等变图神经网络 + 口袋引导束搜索, GPCR 微调版)","7-eonmol_ft_gpcr_v10.pt — 本项目自训(官方权重起点 + gpcr_mass_v1 微调); 同种子成对十臂 vs 官方: 原始对接分 4 更好/4 打平/2 更差(均值 -0.15, 非全面超越), 生成尺寸与官方一致(MW 390-410)",7-eonmol-competition-submission,2024,5HT2B_20260930_094211,
C0168,赛道 3 · 离子通道/GPCR 小分子药物虚拟筛选 · 子任务 2,CC1CC(C(=O)Nc2ccccc2-c2cccc(F)c2)N(C(=O)O)C1,results/5HT2B/structures/cand168_mol_13bdba8c_769cfc6fd225.sdf,1.609,0.891,2.814,0.303,-8.76,C,,,342.37,3.82,69.64,-4.84,2.0,2.0,3,3.0,0,3,,,O=C(Nc1ccccc1-c1ccccc1)C1CCCN1,2,168,5HT2B,"7-eonmol (Pocket2Mol 等变图神经网络 + 口袋引导束搜索, GPCR 微调版)","7-eonmol_ft_gpcr_v10.pt — 本项目自训(官方权重起点 + gpcr_mass_v1 微调); 同种子成对十臂 vs 官方: 原始对接分 4 更好/4 打平/2 更差(均值 -0.15, 非全面超越), 生成尺寸与官方一致(MW 390-410)",7-eonmol-competition-submission,2024,5HT2B_20260930_094211,
C0169,赛道 3 · 离子通道/GPCR 小分子药物虚拟筛选 · 子任务 2,CC1CN(C2CCCC2)C(=O)c2cc(N3C(=O)C=CNC3=CC=CCO)cn21,results/5HT2B/structures/cand169_mol_7b909860_eeda8052b3a6.sdf,1.409,0.838,4.288,0.215,-8.73,B,,,382.46,2.287,77.81,-3.83,2.0,4.0,4,4.0,0,1,,,C=C1NC=CC(=O)N1c1cc2n(c1)CCN(C1CCCC1)C2=O,1,169,5HT2B,"7-eonmol (Pocket2Mol 等变图神经网络 + 口袋引导束搜索, GPCR 微调版)","7-eonmol_ft_gpcr_v10.pt — 本项目自训(官方权重起点 + gpcr_mass_v1 微调); 同种子成对十臂 vs 官方: 原始对接分 4 更好/4 打平/2 更差(均值 -0.15, 非全面超越), 生成尺寸与官方一致(MW 390-410)",7-eonmol-competition-submission,2024,5HT2B_20260930_094211,
C0170,赛道 3 · 离子通道/GPCR 小分子药物虚拟筛选 · 子任务 2,O=C(CCCC1CCCN1C(=O)Cc1ccc(O)c2c1CCO2)NCC(F)(F)F,results/5HT2B/structures/cand170_mol_f6e01a39_dddefe8492ad.sdf,1.395,0.719,3.242,0.204,-8.69,B,,,414.42,2.709,78.87,-4.29,2.0,4.0,7,3.0,0,2,,,O=C(Cc1cccc2c1CCO2)N1CCCC1,5,170,5HT2B,"7-eonmol (Pocket2Mol 等变图神经网络 + 口袋引导束搜索, GPCR 微调版)","7-eonmol_ft_gpcr_v10.pt — 本项目自训(官方权重起点 + gpcr_mass_v1 微调); 同种子成对十臂 vs 官方: 原始对接分 4 更好/4 打平/2 更差(均值 -0.15, 非全面超越), 生成尺寸与官方一致(MW 390-410)",7-eonmol-competition-submission,2024,5HT2B_20260930_094211,
C0171,赛道 3 · 离子通道/GPCR 小分子药物虚拟筛选 · 子任务 2,O=C(CCCC1CCCN1C(=O)Cc1ccc(O)c2c1CCO2)NCCO,results/5HT2B/structures/cand171_mol_f6e01a39_668c6b6fbe0b.sdf,1.318,0.632,3.138,0.229,-8.69,A,,,376.45,1.139,99.1,-2.87,3.0,5.0,8,3.0,0,0,,,O=C(Cc1cccc2c1CCO2)N1CCCC1,5,171,5HT2B,"7-eonmol (Pocket2Mol 等变图神经网络 + 口袋引导束搜索, GPCR 微调版)","7-eonmol_ft_gpcr_v10.pt — 本项目自训(官方权重起点 + gpcr_mass_v1 微调); 同种子成对十臂 vs 官方: 原始对接分 4 更好/4 打平/2 更差(均值 -0.15, 非全面超越), 生成尺寸与官方一致(MW 390-410)",7-eonmol-competition-submission,2024,5HT2B_20260930_094211,
C0172,赛道 3 · 离子通道/GPCR 小分子药物虚拟筛选 · 子任务 2,CC1CC=C2CN(C(=O)c3cccc(OC(F)(F)F)c3O)CC(=O)N2C1,results/5HT2B/structures/cand172_mol_2410be91_088b4dbbc7c2.sdf,1.519,0.869,3.496,0.207,-8.66,B,,,370.33,2.499,70.08,-3.98,1.0,4.0,2,3.0,0,2,,,O=C(c1ccccc1)N1CC(=O)N2CCCC=C2C1,1,172,5HT2B,"7-eonmol (Pocket2Mol 等变图神经网络 + 口袋引导束搜索, GPCR 微调版)","7-eonmol_ft_gpcr_v10.pt — 本项目自训(官方权重起点 + gpcr_mass_v1 微调); 同种子成对十臂 vs 官方: 原始对接分 4 更好/4 打平/2 更差(均值 -0.15, 非全面超越), 生成尺寸与官方一致(MW 390-410)",7-eonmol-competition-submission,2024,5HT2B_20260930_094211,
C0173,赛道 3 · 离子通道/GPCR 小分子药物虚拟筛选 · 子任务 2,Cc1oc(=O)n(CCCC2=C(C(=O)NC3CCCCC3)C=CCN2)c(=O)c1F,results/5HT2B/structures/cand173_mol_e0e85c3e_cb94bbd2ab1e.sdf,1.443,0.772,3.298,0.195,-8.66,A,,,391.44,1.892,93.34,-3.56,2.0,5.0,6,3.0,0,0,,,O=C(NC1CCCCC1)C1=C(CCCn2c(=O)ccoc2=O)NCC=C1,1,173,5HT2B,"7-eonmol (Pocket2Mol 等变图神经网络 + 口袋引导束搜索, GPCR 微调版)","7-eonmol_ft_gpcr_v10.pt — 本项目自训(官方权重起点 + gpcr_mass_v1 微调); 同种子成对十臂 vs 官方: 原始对接分 4 更好/4 打平/2 更差(均值 -0.15, 非全面超越), 生成尺寸与官方一致(MW 390-410)",7-eonmol-competition-submission,2024,5HT2B_20260930_094211,
C0174,赛道 3 · 离子通道/GPCR 小分子药物虚拟筛选 · 子任务 2,CCCc1cc2c(NC(=O)C3CC(C)CN3C(=O)O)cccc2nc1C,results/5HT2B/structures/cand174_mol_081611dd_72d76754ae27.sdf,1.56,0.873,3.127,0.255,-8.65,C,,,355.44,3.823,82.53,-4.87,2.0,3.0,4,3.0,0,4,,,O=C(Nc1cccc2ncccc12)C1CCCN1,1,174,5HT2B,"7-eonmol (Pocket2Mol 等变图神经网络 + 口袋引导束搜索, GPCR 微调版)","7-eonmol_ft_gpcr_v10.pt — 本项目自训(官方权重起点 + gpcr_mass_v1 微调); 同种子成对十臂 vs 官方: 原始对接分 4 更好/4 打平/2 更差(均值 -0.15, 非全面超越), 生成尺寸与官方一致(MW 390-410)",7-eonmol-competition-submission,2024,5HT2B_20260930_094211,
C0175,赛道 3 · 离子通道/GPCR 小分子药物虚拟筛选 · 子任务 2,O=C(O)N1CCC(N(C(=O)O)c2ccc3cc(C(F)(F)F)oc3c2)CC1,results/5HT2B/structures/cand175_mol_49b4ef01_3339e096d750.sdf,1.552,0.829,2.766,0.218,-8.64,C,,,372.3,4.078,94.22,-5.2,2.0,3.0,2,3.0,0,5,,,c1cc2ccc(NC3CCNCC3)cc2o1,4,175,5HT2B,"7-eonmol (Pocket2Mol 等变图神经网络 + 口袋引导束搜索, GPCR 微调版)","7-eonmol_ft_gpcr_v10.pt — 本项目自训(官方权重起点 + gpcr_mass_v1 微调); 同种子成对十臂 vs 官方: 原始对接分 4 更好/4 打平/2 更差(均值 -0.15, 非全面超越), 生成尺寸与官方一致(MW 390-410)",7-eonmol-competition-submission,2024,5HT2B_20260930_094211,
C0176,赛道 3 · 离子通道/GPCR 小分子药物虚拟筛选 · 子任务 2,CN1CCC(N(C(=O)O)c2ccc3cc(C(F)(F)F)oc3c2)CC1,results/5HT2B/structures/cand176_mol_49b4ef01_395379730997.sdf,1.62,0.895,2.749,0.221,-8.49,C,,,342.32,4.03,56.92,-4.99,1.0,3.0,2,3.0,0,5,,,c1cc2ccc(NC3CCNCC3)cc2o1,4,176,5HT2B,"7-eonmol (Pocket2Mol 等变图神经网络 + 口袋引导束搜索, GPCR 微调版)","7-eonmol_ft_gpcr_v10.pt — 本项目自训(官方权重起点 + gpcr_mass_v1 微调); 同种子成对十臂 vs 官方: 原始对接分 4 更好/4 打平/2 更差(均值 -0.15, 非全面超越), 生成尺寸与官方一致(MW 390-410)",7-eonmol-competition-submission,2024,5HT2B_20260930_094211,
C0177,赛道 3 · 离子通道/GPCR 小分子药物虚拟筛选 · 子任务 2,O=C(NC1CCCCC1)C1=C(CCCn2ccccc2=O)NCC=C1,results/5HT2B/structures/cand177_mol_9eff23df_9eff23df6351.sdf,1.544,0.836,2.915,0.241,-8.49,B,,,341.46,2.491,63.13,-3.7,2.0,3.0,6,3.0,0,2,,,O=C(NC1CCCCC1)C1=C(CCCn2ccccc2=O)NCC=C1,4,177,5HT2B,"7-eonmol (Pocket2Mol 等变图神经网络 + 口袋引导束搜索, GPCR 微调版)","7-eonmol_ft_gpcr_v10.pt — 本项目自训(官方权重起点 + gpcr_mass_v1 微调); 同种子成对十臂 vs 官方: 原始对接分 4 更好/4 打平/2 更差(均值 -0.15, 非全面超越), 生成尺寸与官方一致(MW 390-410)",7-eonmol-competition-submission,2024,5HT2B_20260930_094211,
C0178,赛道 3 · 离子通道/GPCR 小分子药物虚拟筛选 · 子任务 2,CC(O)CCOC(=O)CC1CCCN1C(=O)Cc1ccc(O)c2c1CCO2,results/5HT2B/structures/cand178_mol_f6e01a39_86c971a51466.sdf,1.349,0.7,3.511,0.219,-8.49,A,,,377.44,1.565,96.3,-3.21,2.0,6.0,7,3.0,0,0,,,O=C(Cc1cccc2c1CCO2)N1CCCC1,5,178,5HT2B,"7-eonmol (Pocket2Mol 等变图神经网络 + 口袋引导束搜索, GPCR 微调版)","7-eonmol_ft_gpcr_v10.pt — 本项目自训(官方权重起点 + gpcr_mass_v1 微调); 同种子成对十臂 vs 官方: 原始对接分 4 更好/4 打平/2 更差(均值 -0.15, 非全面超越), 生成尺寸与官方一致(MW 390-410)",7-eonmol-competition-submission,2024,5HT2B_20260930_094211,
C0179,赛道 3 · 离子通道/GPCR 小分子药物虚拟筛选 · 子任务 2,CC(C(=O)NCC(=O)N1CCCCCC1C)c1ccccc1,results/5HT2B/structures/cand179_mol_562a649d_3b9f173ae6d8.sdf,1.661,0.929,2.682,0.304,-8.47,B,,,302.42,2.697,49.41,-3.66,1.0,2.0,4,2.0,0,1,,,O=C(Cc1ccccc1)NCC(=O)N1CCCCCC1,1,179,5HT2B,"7-eonmol (Pocket2Mol 等变图神经网络 + 口袋引导束搜索, GPCR 微调版)","7-eonmol_ft_gpcr_v10.pt — 本项目自训(官方权重起点 + gpcr_mass_v1 微调); 同种子成对十臂 vs 官方: 原始对接分 4 更好/4 打平/2 更差(均值 -0.15, 非全面超越), 生成尺寸与官方一致(MW 390-410)",7-eonmol-competition-submission,2024,5HT2B_20260930_094211,
C0180,赛道 3 · 离子通道/GPCR 小分子药物虚拟筛选 · 子任务 2,O=C(NC1CCCCC1)C1=C(CCCn2ccc(F)c(F)c2=O)NCC=C1,results/5HT2B/structures/cand180_mol_9eff23df_74216006c7e6.sdf,1.485,0.801,3.165,0.205,-8.47,B,,,377.44,2.769,63.13,-4.13,2.0,3.0,6,3.0,0,2,,,O=C(NC1CCCCC1)C1=C(CCCn2ccccc2=O)NCC=C1,4,180,5HT2B,"7-eonmol (Pocket2Mol 等变图神经网络 + 口袋引导束搜索, GPCR 微调版)","7-eonmol_ft_gpcr_v10.pt — 本项目自训(官方权重起点 + gpcr_mass_v1 微调); 同种子成对十臂 vs 官方: 原始对接分 4 更好/4 打平/2 更差(均值 -0.15, 非全面超越), 生成尺寸与官方一致(MW 390-410)",7-eonmol-competition-submission,2024,5HT2B_20260930_094211,
C0181,赛道 3 · 离子通道/GPCR 小分子药物虚拟筛选 · 子任务 2,Cc1ccc(CN2CC(=O)N3CCC(C)CC3C2)c(=O)n1C,results/5HT2B/structures/cand181_mol_85237009_f797c6ae7725.sdf,1.485,0.823,3.379,0.231,-8.44,B,,,303.41,1.136,45.55,-2.56,0.0,3.0,2,3.0,0,1,,,O=C1CN(Cc2ccc[nH]c2=O)CC2CCCCN12,1,181,5HT2B,"7-eonmol (Pocket2Mol 等变图神经网络 + 口袋引导束搜索, GPCR 微调版)","7-eonmol_ft_gpcr_v10.pt — 本项目自训(官方权重起点 + gpcr_mass_v1 微调); 同种子成对十臂 vs 官方: 原始对接分 4 更好/4 打平/2 更差(均值 -0.15, 非全面超越), 生成尺寸与官方一致(MW 390-410)",7-eonmol-competition-submission,2024,5HT2B_20260930_094211,
C0182,赛道 3 · 离子通道/GPCR 小分子药物虚拟筛选 · 子任务 2,O=C1CCC(CN(CC(=O)NC2CCOC(CO)C2)C(=O)C2CCCC2)CC1,results/5HT2B/structures/cand182_mol_dae30fcd_f39e4f6bb2b5.sdf,1.335,0.681,3.454,0.168,-8.44,A,,,394.51,1.421,95.94,-3.13,2.0,5.0,7,3.0,0,0,,,O=C1CCC(CN(CC(=O)NC2CCOCC2)C(=O)C2CCCC2)CC1,1,182,5HT2B,"7-eonmol (Pocket2Mol 等变图神经网络 + 口袋引导束搜索, GPCR 微调版)","7-eonmol_ft_gpcr_v10.pt — 本项目自训(官方权重起点 + gpcr_mass_v1 微调); 同种子成对十臂 vs 官方: 原始对接分 4 更好/4 打平/2 更差(均值 -0.15, 非全面超越), 生成尺寸与官方一致(MW 390-410)",7-eonmol-competition-submission,2024,5HT2B_20260930_094211,
C0183,赛道 3 · 离子通道/GPCR 小分子药物虚拟筛选 · 子任务 2,O=C(NC1CCCCC1)c1ccc(=O)[nH]c1Cc1ccccc1F,results/5HT2B/structures/cand183_mol_c824c062_743a8d5c106c.sdf,1.675,0.905,2.309,0.321,-8.43,B,,,328.39,3.167,61.96,-4.26,2.0,2.0,4,3.0,0,1,,,O=C(NC1CCCCC1)c1ccc(=O)[nH]c1Cc1ccccc1,1,183,5HT2B,"7-eonmol (Pocket2Mol 等变图神经网络 + 口袋引导束搜索, GPCR 微调版)","7-eonmol_ft_gpcr_v10.pt — 本项目自训(官方权重起点 + gpcr_mass_v1 微调); 同种子成对十臂 vs 官方: 原始对接分 4 更好/4 打平/2 更差(均值 -0.15, 非全面超越), 生成尺寸与官方一致(MW 390-410)",7-eonmol-competition-submission,2024,5HT2B_20260930_094211,
C0184,赛道 3 · 离子通道/GPCR 小分子药物虚拟筛选 · 子任务 2,CC1(C)CCN(C(=O)CN2CCC(c3ccccc3)C2)C1,results/5HT2B/structures/cand184_mol_4f334250_c03608437f9d.sdf,1.592,0.853,2.609,0.294,-8.42,B,,,286.42,2.734,23.55,-3.62,0.0,2.0,3,3.0,0,1,,,O=C(CN1CCC(c2ccccc2)C1)N1CCCC1,1,184,5HT2B,"7-eonmol (Pocket2Mol 等变图神经网络 + 口袋引导束搜索, GPCR 微调版)","7-eonmol_ft_gpcr_v10.pt — 本项目自训(官方权重起点 + gpcr_mass_v1 微调); 同种子成对十臂 vs 官方: 原始对接分 4 更好/4 打平/2 更差(均值 -0.15, 非全面超越), 生成尺寸与官方一致(MW 390-410)",7-eonmol-competition-submission,2024,5HT2B_20260930_094211,
C0185,赛道 3 · 离子通道/GPCR 小分子药物虚拟筛选 · 子任务 2,COc1cc(F)c(=O)n(CCCC2=C(C(=O)NC3CCCCC3)C=CCN2)c1,results/5HT2B/structures/cand185_mol_9eff23df_7120a0d848e6.sdf,1.437,0.752,3.15,0.25,-8.39,B,,,389.47,2.639,72.36,-4.08,2.0,4.0,7,3.0,0,2,,,O=C(NC1CCCCC1)C1=C(CCCn2ccccc2=O)NCC=C1,4,185,5HT2B,"7-eonmol (Pocket2Mol 等变图神经网络 + 口袋引导束搜索, GPCR 微调版)","7-eonmol_ft_gpcr_v10.pt — 本项目自训(官方权重起点 + gpcr_mass_v1 微调); 同种子成对十臂 vs 官方: 原始对接分 4 更好/4 打平/2 更差(均值 -0.15, 非全面超越), 生成尺寸与官方一致(MW 390-410)",7-eonmol-competition-submission,2024,5HT2B_20260930_094211,
C0186,赛道 3 · 离子通道/GPCR 小分子药物虚拟筛选 · 子任务 2,O=C(O)CC1CCCN1C(=O)Cc1ccc(O)c2c1CCO2,results/5HT2B/structures/cand186_mol_f6e01a39_2f3121750da5.sdf,1.57,0.876,3.06,0.225,-8.33,A,,,305.33,1.335,87.07,-2.67,2.0,4.0,4,3.0,0,0,,,O=C(Cc1cccc2c1CCO2)N1CCCC1,5,186,5HT2B,"7-eonmol (Pocket2Mol 等变图神经网络 + 口袋引导束搜索, GPCR 微调版)","7-eonmol_ft_gpcr_v10.pt — 本项目自训(官方权重起点 + gpcr_mass_v1 微调); 同种子成对十臂 vs 官方: 原始对接分 4 更好/4 打平/2 更差(均值 -0.15, 非全面超越), 生成尺寸与官方一致(MW 390-410)",7-eonmol-competition-submission,2024,5HT2B_20260930_094211,
C0187,赛道 3 · 离子通道/GPCR 小分子药物虚拟筛选 · 子任务 2,O=C(NC1CCCCC1)C1=C(CCCn2cccc(F)c2=O)NCC=C1,results/5HT2B/structures/cand187_mol_9eff23df_04ac0e55420a.sdf,1.517,0.821,3.035,0.218,-8.33,B,,,359.45,2.63,63.13,-3.91,2.0,3.0,6,3.0,0,2,,,O=C(NC1CCCCC1)C1=C(CCCn2ccccc2=O)NCC=C1,4,187,5HT2B,"7-eonmol (Pocket2Mol 等变图神经网络 + 口袋引导束搜索, GPCR 微调版)","7-eonmol_ft_gpcr_v10.pt — 本项目自训(官方权重起点 + gpcr_mass_v1 微调); 同种子成对十臂 vs 官方: 原始对接分 4 更好/4 打平/2 更差(均值 -0.15, 非全面超越), 生成尺寸与官方一致(MW 390-410)",7-eonmol-competition-submission,2024,5HT2B_20260930_094211,
C0188,赛道 3 · 离子通道/GPCR 小分子药物虚拟筛选 · 子任务 2,O=C(Nc1ccccc1)N1CC2CC(O)CC1CN2,results/5HT2B/structures/cand188_mol_73619764_942ed049ec46.sdf,1.303,0.707,4.034,0.316,-8.31,A,,,261.32,1.016,64.6,-2.24,3.0,3.0,1,4.0,0,0,,,O=C(Nc1ccccc1)N1CC2CCCC1CN2,1,188,5HT2B,"7-eonmol (Pocket2Mol 等变图神经网络 + 口袋引导束搜索, GPCR 微调版)","7-eonmol_ft_gpcr_v10.pt — 本项目自训(官方权重起点 + gpcr_mass_v1 微调); 同种子成对十臂 vs 官方: 原始对接分 4 更好/4 打平/2 更差(均值 -0.15, 非全面超越), 生成尺寸与官方一致(MW 390-410)",7-eonmol-competition-submission,2024,5HT2B_20260930_094211,
C0189,赛道 3 · 离子通道/GPCR 小分子药物虚拟筛选 · 子任务 2,O=C(NCC(=O)N1CC2CCCC2C1)c1ccccc1O,results/5HT2B/structures/cand189_mol_01862a99_3f60da2123fc.sdf,1.601,0.883,2.812,0.258,-8.2,A,,,288.35,1.38,69.64,-2.62,2.0,3.0,3,3.0,0,0,,,O=C(NCC(=O)N1CC2CCCC2C1)c1ccccc1,4,189,5HT2B,"7-eonmol (Pocket2Mol 等变图神经网络 + 口袋引导束搜索, GPCR 微调版)","7-eonmol_ft_gpcr_v10.pt — 本项目自训(官方权重起点 + gpcr_mass_v1 微调); 同种子成对十臂 vs 官方: 原始对接分 4 更好/4 打平/2 更差(均值 -0.15, 非全面超越), 生成尺寸与官方一致(MW 390-410)",7-eonmol-competition-submission,2024,5HT2B_20260930_094211,
C0190,赛道 3 · 离子通道/GPCR 小分子药物虚拟筛选 · 子任务 2,CC1C(=O)CC(C(=O)Nc2ccccc2-c2ccccc2)N1C(=O)O,results/5HT2B/structures/cand190_mol_a9b1ad9d_f2227f5a137e.sdf,1.6,0.9,3.007,0.347,-8.18,B,,,338.36,3.002,86.71,-4.21,2.0,3.0,3,3.0,0,2,,,O=C1CNC(C(=O)Nc2ccccc2-c2ccccc2)C1,1,190,5HT2B,"7-eonmol (Pocket2Mol 等变图神经网络 + 口袋引导束搜索, GPCR 微调版)","7-eonmol_ft_gpcr_v10.pt — 本项目自训(官方权重起点 + gpcr_mass_v1 微调); 同种子成对十臂 vs 官方: 原始对接分 4 更好/4 打平/2 更差(均值 -0.15, 非全面超越), 生成尺寸与官方一致(MW 390-410)",7-eonmol-competition-submission,2024,5HT2B_20260930_094211,
C0191,赛道 3 · 离子通道/GPCR 小分子药物虚拟筛选 · 子任务 2,CCOc1ccc(CC2=C(C(=O)NC3CCCCC3)CCCN2)c(F)c1,results/5HT2B/structures/cand191_mol_5425ae65_3b76bbf3497c.sdf,1.549,0.81,2.613,0.252,-8.13,B,,,360.47,3.853,50.36,-4.83,2.0,3.0,6,3.0,0,1,,,O=C(NC1CCCCC1)C1=C(Cc2ccccc2)NCCC1,5,191,5HT2B,"7-eonmol (Pocket2Mol 等变图神经网络 + 口袋引导束搜索, GPCR 微调版)","7-eonmol_ft_gpcr_v10.pt — 本项目自训(官方权重起点 + gpcr_mass_v1 微调); 同种子成对十臂 vs 官方: 原始对接分 4 更好/4 打平/2 更差(均值 -0.15, 非全面超越), 生成尺寸与官方一致(MW 390-410)",7-eonmol-competition-submission,2024,5HT2B_20260930_094211,
C0192,赛道 3 · 离子通道/GPCR 小分子药物虚拟筛选 · 子任务 2,COCc1ccc(F)c(CC2=C(C(=O)NC3CCCCC3)CCCN2)c1,results/5HT2B/structures/cand192_mol_5425ae65_e8b6ef78e8ea.sdf,1.546,0.815,2.693,0.225,-8.1,B,,,360.47,3.601,50.36,-4.64,2.0,3.0,6,3.0,0,1,,,O=C(NC1CCCCC1)C1=C(Cc2ccccc2)NCCC1,5,192,5HT2B,"7-eonmol (Pocket2Mol 等变图神经网络 + 口袋引导束搜索, GPCR 微调版)","7-eonmol_ft_gpcr_v10.pt — 本项目自训(官方权重起点 + gpcr_mass_v1 微调); 同种子成对十臂 vs 官方: 原始对接分 4 更好/4 打平/2 更差(均值 -0.15, 非全面超越), 生成尺寸与官方一致(MW 390-410)",7-eonmol-competition-submission,2024,5HT2B_20260930_094211,
C0193,赛道 3 · 离子通道/GPCR 小分子药物虚拟筛选 · 子任务 2,COC(=O)CC1CCCN1C(=O)Cc1ccc(O)c2c1CCO2,results/5HT2B/structures/cand193_mol_f6e01a39_3a718842913b.sdf,1.542,0.85,3.077,0.219,-8.08,A,,,319.36,1.424,76.07,-2.82,1.0,5.0,4,3.0,0,0,,,O=C(Cc1cccc2c1CCO2)N1CCCC1,5,193,5HT2B,"7-eonmol (Pocket2Mol 等变图神经网络 + 口袋引导束搜索, GPCR 微调版)","7-eonmol_ft_gpcr_v10.pt — 本项目自训(官方权重起点 + gpcr_mass_v1 微调); 同种子成对十臂 vs 官方: 原始对接分 4 更好/4 打平/2 更差(均值 -0.15, 非全面超越), 生成尺寸与官方一致(MW 390-410)",7-eonmol-competition-submission,2024,5HT2B_20260930_094211,
C0194,赛道 3 · 离子通道/GPCR 小分子药物虚拟筛选 · 子任务 2,O=C1CC2(CCN1CC(F)F)CCN1C(=O)CN(C3CCCN(c4ccoc4)C3=O)CC1C2,results/5HT2B/structures/cand194_mol_0d7fbc68_9cd7bceed35f.sdf,1.201,0.681,4.803,0.201,-8.08,B,,,464.51,1.955,77.31,-4.1,0.0,5.0,4,5.0,0,1,,,O=C1CC2(CCN1)CCN1C(=O)CN(C3CCCN(c4ccoc4)C3=O)CC1C2,1,194,5HT2B,"7-eonmol (Pocket2Mol 等变图神经网络 + 口袋引导束搜索, GPCR 微调版)","7-eonmol_ft_gpcr_v10.pt — 本项目自训(官方权重起点 + gpcr_mass_v1 微调); 同种子成对十臂 vs 官方: 原始对接分 4 更好/4 打平/2 更差(均值 -0.15, 非全面超越), 生成尺寸与官方一致(MW 390-410)",7-eonmol-competition-submission,2024,5HT2B_20260930_094211,
C0195,赛道 3 · 离子通道/GPCR 小分子药物虚拟筛选 · 子任务 2,CCN(C(=O)c1nnc(-c2cccc(F)c2)[nH]1)c1cnccc1OC,results/5HT2B/structures/cand195_mol_0b6520d0_0a8282b6c0ca.sdf,1.487,0.771,2.84,0.255,-8.07,B,,,341.35,2.681,84.0,-4.02,1.0,5.0,5,3.0,0,1,,,O=C(Nc1cccnc1)c1nnc(-c2ccccc2)[nH]1,1,195,5HT2B,"7-eonmol (Pocket2Mol 等变图神经网络 + 口袋引导束搜索, GPCR 微调版)","7-eonmol_ft_gpcr_v10.pt — 本项目自训(官方权重起点 + gpcr_mass_v1 微调); 同种子成对十臂 vs 官方: 原始对接分 4 更好/4 打平/2 更差(均值 -0.15, 非全面超越), 生成尺寸与官方一致(MW 390-410)",7-eonmol-competition-submission,2024,5HT2B_20260930_094211,
C0196,赛道 3 · 离子通道/GPCR 小分子药物虚拟筛选 · 子任务 2,O=C(Nc1ccccc1-c1ccccc1)C1CC2C(CCN2CCO)N1C(=O)O,results/5HT2B/structures/cand196_mol_1757700f_382eedcba555.sdf,1.381,0.723,3.423,0.353,-8.04,B,,,395.46,2.48,93.11,-4.12,3.0,4.0,5,4.0,0,1,,,O=C(Nc1ccccc1-c1ccccc1)C1CC2NCCC2N1,2,196,5HT2B,"7-eonmol (Pocket2Mol 等变图神经网络 + 口袋引导束搜索, GPCR 微调版)","7-eonmol_ft_gpcr_v10.pt — 本项目自训(官方权重起点 + gpcr_mass_v1 微调); 同种子成对十臂 vs 官方: 原始对接分 4 更好/4 打平/2 更差(均值 -0.15, 非全面超越), 生成尺寸与官方一致(MW 390-410)",7-eonmol-competition-submission,2024,5HT2B_20260930_094211,
C0197,赛道 3 · 离子通道/GPCR 小分子药物虚拟筛选 · 子任务 2,COc1ccc(CC2=C(C(=O)NC3CCCCC3)CCCN2)c(F)c1,results/5HT2B/structures/cand197_mol_5425ae65_0d80e877a969.sdf,1.6,0.858,2.586,0.284,-7.96,B,,,346.45,3.463,50.36,-4.48,2.0,3.0,5,3.0,0,1,,,O=C(NC1CCCCC1)C1=C(Cc2ccccc2)NCCC1,5,197,5HT2B,"7-eonmol (Pocket2Mol 等变图神经网络 + 口袋引导束搜索, GPCR 微调版)","7-eonmol_ft_gpcr_v10.pt — 本项目自训(官方权重起点 + gpcr_mass_v1 微调); 同种子成对十臂 vs 官方: 原始对接分 4 更好/4 打平/2 更差(均值 -0.15, 非全面超越), 生成尺寸与官方一致(MW 390-410)",7-eonmol-competition-submission,2024,5HT2B_20260930_094211,
C0198,赛道 3 · 离子通道/GPCR 小分子药物虚拟筛选 · 子任务 2,CC1CCCCC1NC(=O)CNC(=O)c1ccccn1,results/5HT2B/structures/cand198_mol_40fada34_a301ca639e99.sdf,1.607,0.875,2.674,0.244,-7.94,B,,,275.35,1.506,71.09,-2.62,2.0,3.0,4,2.0,0,1,,,O=C(CNC(=O)c1ccccn1)NC1CCCCC1,1,198,5HT2B,"7-eonmol (Pocket2Mol 等变图神经网络 + 口袋引导束搜索, GPCR 微调版)","7-eonmol_ft_gpcr_v10.pt — 本项目自训(官方权重起点 + gpcr_mass_v1 微调); 同种子成对十臂 vs 官方: 原始对接分 4 更好/4 打平/2 更差(均值 -0.15, 非全面超越), 生成尺寸与官方一致(MW 390-410)",7-eonmol-competition-submission,2024,5HT2B_20260930_094211,
C0199,赛道 3 · 离子通道/GPCR 小分子药物虚拟筛选 · 子任务 2,CCCc1sc(C(=O)NCC(=O)N2CC3CCCC3C2)cc1OC,results/5HT2B/structures/cand199_mol_5a57f94c_cfb367399e14.sdf,1.523,0.858,3.349,0.193,-7.89,B,,,350.48,2.698,58.64,-3.9,1.0,4.0,6,3.0,0,1,,,O=C(NCC(=O)N1CC2CCCC2C1)c1cccs1,1,199,5HT2B,"7-eonmol (Pocket2Mol 等变图神经网络 + 口袋引导束搜索, GPCR 微调版)","7-eonmol_ft_gpcr_v10.pt — 本项目自训(官方权重起点 + gpcr_mass_v1 微调); 同种子成对十臂 vs 官方: 原始对接分 4 更好/4 打平/2 更差(均值 -0.15, 非全面超越), 生成尺寸与官方一致(MW 390-410)",7-eonmol-competition-submission,2024,5HT2B_20260930_094211,
C0200,赛道 3 · 离子通道/GPCR 小分子药物虚拟筛选 · 子任务 2,O=C(O)CC1CCCN1C(=O)CC1CC=CC2=C1CCO2,results/5HT2B/structures/cand200_mol_dac9521e_cb5255fe00c5.sdf,1.478,0.861,3.827,0.194,-7.88,B,,,291.35,2.093,66.84,-3.05,1.0,3.0,4,3.0,0,1,,,O=C(CC1CC=CC2=C1CCO2)N1CCCC1,1,200,5HT2B,"7-eonmol (Pocket2Mol 等变图神经网络 + 口袋引导束搜索, GPCR 微调版)","7-eonmol_ft_gpcr_v10.pt — 本项目自训(官方权重起点 + gpcr_mass_v1 微调); 同种子成对十臂 vs 官方: 原始对接分 4 更好/4 打平/2 更差(均值 -0.15, 非全面超越), 生成尺寸与官方一致(MW 390-410)",7-eonmol-competition-submission,2024,5HT2B_20260930_094211,
C0201,赛道 3 · 离子通道/GPCR 小分子药物虚拟筛选 · 子任务 2,COc1cc(F)cc(C(=O)N2CC(=O)N3CCCCC3C2)c1O,results/5HT2B/structures/cand201_mol_3f407a63_3d72cccc5a37.sdf,1.609,0.893,2.84,0.281,-7.86,A,,,322.34,1.377,70.08,-2.85,1.0,4.0,2,3.0,0,0,,,O=C(c1ccccc1)N1CC(=O)N2CCCCC2C1,2,201,5HT2B,"7-eonmol (Pocket2Mol 等变图神经网络 + 口袋引导束搜索, GPCR 微调版)","7-eonmol_ft_gpcr_v10.pt — 本项目自训(官方权重起点 + gpcr_mass_v1 微调); 同种子成对十臂 vs 官方: 原始对接分 4 更好/4 打平/2 更差(均值 -0.15, 非全面超越), 生成尺寸与官方一致(MW 390-410)",7-eonmol-competition-submission,2024,5HT2B_20260930_094211,
C0202,赛道 3 · 离子通道/GPCR 小分子药物虚拟筛选 · 子任务 2,O=C(CN1CCCC1)NCC(=O)N1C2=CCCC1CCCC2,results/5HT2B/structures/cand202_mol_c17c14c1_c17c14c13006.sdf,1.478,0.859,3.813,0.2,-7.79,A,,,305.42,1.647,52.65,-2.81,1.0,3.0,4,3.0,0,0,,,O=C(CN1CCCC1)NCC(=O)N1C2=CCCC1CCCC2,1,202,5HT2B,"7-eonmol (Pocket2Mol 等变图神经网络 + 口袋引导束搜索, GPCR 微调版)","7-eonmol_ft_gpcr_v10.pt — 本项目自训(官方权重起点 + gpcr_mass_v1 微调); 同种子成对十臂 vs 官方: 原始对接分 4 更好/4 打平/2 更差(均值 -0.15, 非全面超越), 生成尺寸与官方一致(MW 390-410)",7-eonmol-competition-submission,2024,5HT2B_20260930_094211,
C0203,赛道 3 · 离子通道/GPCR 小分子药物虚拟筛选 · 子任务 2,O=C(Nc1ccccc1-c1ccccc1)C1CC(O)CN1C(=O)O,results/5HT2B/structures/cand203_mol_13bdba8c_6f114509e36a.sdf,1.54,0.808,2.679,0.34,-7.76,B,,,326.35,2.405,89.87,-3.7,3.0,3.0,3,3.0,0,1,,,O=C(Nc1ccccc1-c1ccccc1)C1CCCN1,2,203,5HT2B,"7-eonmol (Pocket2Mol 等变图神经网络 + 口袋引导束搜索, GPCR 微调版)","7-eonmol_ft_gpcr_v10.pt — 本项目自训(官方权重起点 + gpcr_mass_v1 微调); 同种子成对十臂 vs 官方: 原始对接分 4 更好/4 打平/2 更差(均值 -0.15, 非全面超越), 生成尺寸与官方一致(MW 390-410)",7-eonmol-competition-submission,2024,5HT2B_20260930_094211,
C0204,赛道 3 · 离子通道/GPCR 小分子药物虚拟筛选 · 子任务 2,CC1CC(C)N2C(=O)C(Nc3ccccc3)NCC12,results/5HT2B/structures/cand204_mol_ce1ea68c_c84ca41e058c.sdf,1.445,0.849,4.041,0.262,-7.68,B,,,259.35,1.653,44.37,-2.68,2.0,3.0,2,3.0,0,1,,,O=C1C(Nc2ccccc2)NCC2CCCN12,1,204,5HT2B,"7-eonmol (Pocket2Mol 等变图神经网络 + 口袋引导束搜索, GPCR 微调版)","7-eonmol_ft_gpcr_v10.pt — 本项目自训(官方权重起点 + gpcr_mass_v1 微调); 同种子成对十臂 vs 官方: 原始对接分 4 更好/4 打平/2 更差(均值 -0.15, 非全面超越), 生成尺寸与官方一致(MW 390-410)",7-eonmol-competition-submission,2024,5HT2B_20260930_094211,
C0205,赛道 3 · 离子通道/GPCR 小分子药物虚拟筛选 · 子任务 2,CCC(O)C(=O)N(CC(=O)NC1CCCCC1)CC1CCC(=O)CC1,results/5HT2B/structures/cand205_mol_85d794a3_b10ff3c8ba91.sdf,1.422,0.731,3.089,0.188,-7.68,A,,,352.48,1.794,86.71,-3.15,2.0,4.0,7,2.0,0,0,,,O=C1CCC(CNCC(=O)NC2CCCCC2)CC1,1,205,5HT2B,"7-eonmol (Pocket2Mol 等变图神经网络 + 口袋引导束搜索, GPCR 微调版)","7-eonmol_ft_gpcr_v10.pt — 本项目自训(官方权重起点 + gpcr_mass_v1 微调); 同种子成对十臂 vs 官方: 原始对接分 4 更好/4 打平/2 更差(均值 -0.15, 非全面超越), 生成尺寸与官方一致(MW 390-410)",7-eonmol-competition-submission,2024,5HT2B_20260930_094211,
C0206,赛道 3 · 离子通道/GPCR 小分子药物虚拟筛选 · 子任务 2,CC(O)CCC(=O)NC1CCC2CCCCC(C)N2C1=O,results/5HT2B/structures/cand206_mol_54c0aca9_5f121ed76b8d.sdf,1.473,0.827,3.548,0.227,-7.3,A,,,296.41,1.586,69.64,-2.7,2.0,3.0,4,2.0,0,0,,,O=C1CCCC2CCCCCN12,1,206,5HT2B,"7-eonmol (Pocket2Mol 等变图神经网络 + 口袋引导束搜索, GPCR 微调版)","7-eonmol_ft_gpcr_v10.pt — 本项目自训(官方权重起点 + gpcr_mass_v1 微调); 同种子成对十臂 vs 官方: 原始对接分 4 更好/4 打平/2 更差(均值 -0.15, 非全面超越), 生成尺寸与官方一致(MW 390-410)",7-eonmol-competition-submission,2024,5HT2B_20260930_094211,
