smiles,来源runs,qed,sa,mw,logp,tpsa,hbd,hba,rings,murcko_scaffold,pdbqt_ready
C=C(C)c1cc(CC(=O)O)c2cccc(C(=O)C(C)CO)c2c1,batch_8,0.8025,3.07,312.37,3.311,74.6,2,3,2,c1ccc2ccccc2c1,True
C=C(C)c1cc(CC(=O)O)c2cccc(C3C(=O)NCC3C(=O)O)c2c1,batch_8,0.7658,3.618,353.37,2.414,103.7,3,3,3,O=C1NCCC1c1cccc2ccccc12,True
C=C1CCC(CO)C(CCCO)CNC(=O)CCC(=O)NCc2cccc1c2,batch_23,0.634,4.973,388.51,2.003,98.66,4,4,2,C=C1CCCCCNC(=O)CCC(=O)NCc2cccc1c2,True
C=C1CCC2(C)Oc3ccc(C(=O)O)cc3-c3cc(CC(=O)O)cc1c32,batch_8,0.8708,3.431,350.37,4.094,83.83,2,3,4,C=C1CCC2Oc3ccccc3-c3cccc1c32,True
C=C1CCC2(C)Oc3ccc(C(=O)OC)cc3-c3cc(CC(=O)O)cc1c32,batch_8,0.8273,3.41,364.4,4.182,72.83,1,4,4,C=C1CCC2Oc3ccccc3-c3cccc1c32,True
C=C1N=C(C)C(Cn2ccc(C(=O)Nc3cccc(CCC)c3)c2)=C1F,batch_27,0.79,2.94,351.43,4.905,46.39,1,2,3,C=C1C=C(Cn2ccc(C(=O)Nc3ccccc3)c2)C=N1,True
C=C1OCCCOc2cc(CCN3CCNCC3)c(C(F)(F)F)cc2O1,batch_19,0.884,3.444,372.39,2.802,42.96,1,5,3,C=C1OCCCOc2cc(CCN3CCNCC3)ccc2O1,True
C=C1Oc2c(cc(-c3cccc(CO)c3)c3c2OCC(O)C3)C(F)(F)O1,batch_13,0.8595,3.959,362.33,3.071,68.15,2,5,4,C=C1OCc2cc(-c3ccccc3)c3c(c2O1)OCCC3,True
C=CC1=CCC2=C(C1=O)C1(C=C2)CCC(C(O)CN2CCC3CCCCC3C2)O1,batch_10,0.7881,5.365,395.54,3.729,49.77,1,4,5,O=C1C=CCC2=C1C1(C=C2)CCC(CCN2CCC3CCCCC3C2)O1,True
C=c1c(=CCC)ccc2c3c(c(C)c(C)c12)CCC(C(=O)O)C3,batch_17,0.9245,3.769,308.42,3.247,37.3,1,1,3,C=c1ccc2c3c(ccc2c1=C)CCCC3,True
CC(=C1C=CC(=O)c2cc(Cl)ccc21)C(CO)CCC1CCCCN1,batch_1,0.8189,3.768,359.9,4.397,49.33,2,3,3,O=C1C=CC(=CCCCC2CCCCN2)c2ccccc21,True
CC(=C1C=CC(=O)c2cc3ccccc3cc21)C(CO)CCC1CC(O)CN1,batch_1,0.7462,4.051,377.48,3.477,69.56,3,4,4,O=C1C=CC(=CCCCC2CCCN2)c2cc3ccccc3cc21,True
CC(=C1C=CC(=O)c2cc3ccccc3cc21)C(CO)CCC1CCCN1,batch_1,0.8239,3.714,361.49,4.507,49.33,2,3,4,O=C1C=CC(=CCCCC2CCCN2)c2cc3ccccc3cc21,True
CC(=O)CC(C)NC(=O)C1Cc2c(ccc3ccc(C(=O)O)cc23)C2CCCC12,batch_9,0.8018,3.759,393.48,4.078,83.47,2,3,4,c1ccc2c3c(ccc2c1)C1CCCC1CC3,True
CC(=O)CN1Cc2nc3c4c5c6c(cc4c2CC1=O)C(CC(=O)O)=CCC6C=CC5=CC3,batch_16,0.8078,4.359,426.47,3.563,87.57,1,4,6,O=C1Cc2c(nc3c4c5c6c(cc24)C=CCC6C=CC5=CC3)CN1,True
CC(=O)N1CCC(NCC(C)C2Cc3cncc4cc(CO)cc(c34)C2)CC1,batch_9,0.8358,3.677,381.52,2.679,65.46,2,4,4,c1cc2c3c(cncc3c1)CC(CCNC1CCNCC1)C2,True
CC(=O)N1CCc2cc(C)c(CCCC(=O)O)cc2C1,batch_28,0.917,2.232,275.35,2.307,57.61,1,2,2,c1ccc2c(c1)CCNC2,True
CC(=O)NC(=O)CCc1cc2c3c(c1)-c1cc(C4CCN(C)CC4)ccc1CC3CCC2,batch_3,0.7626,3.2,430.59,4.734,49.41,1,3,5,c1cc2c3c(c1)-c1cc(C4CCNCC4)ccc1CC3CCC2,True
CC(=O)NC(=O)CCc1ccc(C)c(-c2cc(CO)cc(C3CCC(C(=O)O)C3)c2)c1,batch_3,0.6297,3.232,423.51,3.718,103.7,3,4,3,c1ccc(-c2cccc(C3CCCC3)c2)cc1,True
CC(=O)NC(=O)CCc1ccc(C)c(-c2cc(CO)cc(C3CCC(C(N)=O)C3)c2)c1,batch_3,0.6367,3.274,422.53,3.119,109.49,3,4,3,c1ccc(-c2cccc(C3CCCC3)c2)cc1,True
CC(=O)NC(=O)CCc1ccc2c(c1)-c1cc(-c3cccc(Cl)c3)cc(F)c1CS2(=O)=O,batch_3,0.5979,2.746,471.94,4.696,80.31,1,4,4,O=S1(=O)Cc2ccc(-c3ccccc3)cc2-c2ccccc21,True
CC(=O)NC(=O)CCc1ccc2c(c1)C=C(C(C)CO)CS2,batch_3,0.8744,3.396,319.43,2.399,66.4,2,4,2,C1=Cc2ccccc2SC1,True
CC(=O)NC(=O)Cc1cc2c3c(c1)C(=O)N(C(=O)C(F)(F)F)C1CCCC(CC2)N31,batch_22,0.7872,3.893,423.39,2.068,86.79,1,5,4,O=C1NC2CCCC3CCc4cccc1c4N32,True
CC(=O)NC(=O)Cc1cc2c3c(c1)C(=O)N(C(C)CN)CC3=C(C)CC2,batch_22,0.8541,3.539,355.44,1.414,92.5,2,4,3,O=C1NCC2=CCCc3cccc1c32,True
CC(=O)NC(=O)Cc1cc2c3c(c1)C(=O)N(C1=CC(=O)CC1)C1CCCC(CC2)N31,batch_22,0.8304,3.986,407.47,2.226,86.79,1,5,5,O=C1C=C(N2C(=O)c3cccc4c3N3C(CCCC23)CC4)CC1,True
CC(=O)NC(=O)Cc1cc2c3c(c1)C(=O)N(C1CCCCC1)C1CCCC(CC2)N31,batch_22,0.8316,3.706,409.53,3.312,69.72,1,4,5,O=C1c2cccc3c2N2C(CCCC2N1C1CCCCC1)CC3,True
CC(=O)NC(=O)Cc1cc2c3c(c1)C(=O)N(C1CCNC1)CC3=C(C)CC2,batch_22,0.8472,3.538,367.45,1.429,78.51,2,4,4,O=C1c2cccc3c2C(=CCC3)CN1C1CCNC1,True
CC(=O)NC(=O)Cc1cc2c3c(c1)C(=O)N(CC(F)(F)F)C1CCCC(CC2)N31,batch_22,0.8332,3.844,409.41,2.541,69.72,1,4,4,O=C1NC2CCCC3CCc4cccc1c4N32,True
CC(=O)NC(=O)Cc1cc2c3c(c1)C(=O)N1C(CN)CCC1C3=C(C)CC2,batch_22,0.8479,3.851,367.45,1.557,92.5,2,4,4,O=C1c2cccc3c2C(=CCC3)C2CCCN12,True
CC(=O)NC(=O)Cc1cc2c3c(c1)C(=O)N1CC(CO)CC1C3=CCC2,batch_22,0.8497,3.844,354.41,1.058,86.71,2,4,4,O=C1c2cccc3c2C(=CCC3)C2CCCN12,True
CC(=O)NC(=O)Cc1cc2c3c(c4n(c(=O)c3c1)C1=CCCCC1C=4)=CCC2,batch_22,0.8633,3.972,374.44,1.368,68.17,1,3,5,O=c1c2cccc3c2c(c2n1C1=CCCCC1C=2)=CCC3,True
CC(=O)NC(=O)Cc1cc2c3c(c4n(c(=O)c3c1)C1CCCCC1C=4)=CCC2,batch_22,0.8629,4.034,376.46,1.459,68.17,1,3,5,O=c1c2cccc3c2c(c2n1C1CCCCC1C=2)=CCC3,True
CC(=O)NC(=O)Cc1cc2c3c(cccc3c1)C(F)C(C(CO)CO)=C2,batch_22,0.7644,3.639,357.38,2.053,86.63,3,4,3,C1=Cc2cccc3cccc(c23)C1,True
CC(=O)NC(=O)Cc1cc2c3c(cccc3c1)C1CCCC(CO)C1=C2,batch_22,0.8933,3.67,349.43,3.318,66.4,2,3,4,C1=C2CCCCC2c2cccc3cccc1c23,True
CC(=O)NC(=O)Cc1cc2c3c(cccc3c1)CC(C)(C)C(CCN1CCCC1)=C2,batch_22,0.7984,2.95,404.55,4.497,49.41,1,3,4,C1=C(CCN2CCCC2)CCc2cccc3cccc1c23,True
CC(=O)NC(=O)Cc1cc2c3c(cccc3c1)CC1(C)CCCc3cccc-2c31,batch_22,0.6867,3.243,383.49,4.862,46.17,1,2,5,c1cc2c3c(c1)-c1cccc4cccc(c14)CC3CCC2,True
CC(=O)NC(=O)Cc1ccc2c(-c3cccnc3)cccc2c1,batch_22,0.8086,2.036,304.35,3.107,59.06,1,3,3,c1cncc(-c2cccc3ccccc23)c1,True
CC(=O)NC(=O)Cc1ccc2c(C3=CNC(=O)C3)cccc2c1,batch_22,0.9092,2.653,308.34,1.906,75.27,2,3,3,O=C1CC(c2cccc3ccccc23)=CN1,True
CC(=O)NC(=O)Cc1ccc2c(CCC(=O)NCC3CCCCC3)cccc2c1,batch_22,0.7523,2.239,394.52,3.674,75.27,2,3,3,O=C(CCc1cccc2ccccc12)NCC1CCCCC1,True
CC(=O)NC(=O)Cc1ccc2c(CCC(C)C)cccc2c1,batch_22,0.9156,2.079,297.4,3.634,46.17,1,2,2,c1ccc2ccccc2c1,True
CC(=O)NC(=O)NCc1cccc(CC2CCNCC2)c1,batch_21,0.7878,2.203,289.38,1.574,70.23,3,3,2,c1ccc(CC2CCNCC2)cc1,True
CC(=O)NC1C=C2c3c(ccc4c(O)c5c(cc34)C=CCO5)OC3CC(C1)C23,batch_26,0.7986,4.682,375.42,3.64,67.79,2,4,6,C1=Cc2cc3c4c(ccc3cc2OC1)OC1CC2CCC=C4C21,True
CC(=O)NC1C=C2c3c(ccc4c(O)c5c(cc34)C=CCO5)OC3CC(C1)C2C3,batch_26,0.7728,5.429,389.45,4.03,67.79,2,4,6,C1=Cc2cc3c4c(ccc3cc2OC1)OC1CC2CCC=C4C2C1,True
CC(=O)NCc1ccc2cc1C1NCCC(=C3CCOc4ccc(cc43)CNC(=O)CC2)O1,batch_23,0.6585,5.584,447.54,3.087,88.69,3,5,5,O=C1CCc2cccc(c2)C2NCCC(=C3CCOc4ccc(cc43)CN1)O2,True
CC(=O)Nc1cnc2c(O)c(C)c(C(F)(F)F)cc2c1,batch_15,0.8448,2.556,284.24,3.226,62.22,2,3,2,c1ccc2ncccc2c1,True
CC(=O)Nc1cnc2c(O)cc(C3CC(=O)C(O)C3)cc2c1,batch_15,0.7837,3.488,300.31,1.706,99.52,3,5,3,O=C1CCC(c2ccc3ncccc3c2)C1,True
CC(=O)Nc1cnc2c(O)cc(C3CCCC3)cc2c1,batch_15,0.8767,2.347,270.33,3.556,62.22,2,3,3,c1cnc2ccc(C3CCCC3)cc2c1,True
CC(=O)Nc1cnc2ccc3c(c2c1)OC1CCCCC1C3(F)F,batch_15,0.8498,3.611,332.35,4.236,51.22,1,3,4,c1cnc2ccc3c(c2c1)OC1CCCCC1C3,True
CC(=O)c1cc(CCC(=O)O)c2c(c1)N(C)C(=O)CC2,batch_17,0.8504,2.471,275.3,1.815,74.68,1,3,2,O=C1CCc2ccccc2N1,True
CC(=O)c1cc(CCC(=O)O)c2c3c1CNC(=O)N3CCC2,batch_17,0.8314,2.933,302.33,1.882,86.71,2,3,3,O=C1NCc2cccc3c2N1CCC3,True
CC(C)(C)CC1CCC(C(O)CN2CCC3CCCCC3C2)O1,batch_10,0.8529,4.012,323.52,3.843,32.7,1,3,3,C1COC(CCN2CCC3CCCCC3C2)C1,True
CC(C)(C)CNC(=O)CCc1ccc(O)c(C(=O)NCCC(=O)O)c1,batch_20,0.5693,2.19,350.42,1.692,115.73,4,4,1,c1ccccc1,True
CC(C)(C)CNC(=O)CCc1ccc(O)c(C(=O)NCc2ccccc2)c1,batch_20,0.7006,2.03,368.48,3.417,78.43,3,3,2,O=C(NCc1ccccc1)c1ccccc1,True
CC(C)(C)CNC(=O)CCc1ccc(O)c(COC2CCCC2)c1,batch_20,0.7942,2.35,333.47,3.946,58.56,2,3,2,c1ccc(COC2CCCC2)cc1,True
CC(C)(C)COc1cc(O)cc2c(O)c3c(cc12)C(=CCO)CCC3=O,batch_5,0.7729,3.156,356.42,4.028,86.99,3,5,3,C=C1CCC(=O)c2cc3ccccc3cc21,True
CC(C)(C)Cc1cc2c(c(CC(=O)O)c1)Cc1cnccc1CC2,batch_18,0.929,2.777,323.44,3.987,50.19,1,2,3,c1ccc2c(c1)CCc1ccncc1C2,True
CC(C)(C)Cc1ccc(O)c(-c2cccc(CCC(=O)O)c2)c1,batch_3,0.8435,2.112,312.41,4.665,57.53,2,2,2,c1ccc(-c2ccccc2)cc1,True
CC(C)(C)c1cc(CC(=O)O)cc(-c2ccc(CN3CCCCC3=O)cc2)c1,batch_8,0.8124,2.187,379.5,4.791,57.61,1,2,3,O=C1CCCCN1Cc1ccc(-c2ccccc2)cc1,True
CC(C)(C)c1cc(CC(=O)O)cc(-c2cccc(C(=O)O)c2)c1,batch_8,0.8953,1.988,312.37,3.976,74.6,2,2,2,c1ccc(-c2ccccc2)cc1,True
CC(C)(C)c1cc(CC(=O)O)cc(-c2ccccc2)c1,batch_8,0.9018,1.801,268.36,4.278,37.3,1,1,2,c1ccc(-c2ccccc2)cc1,True
CC(C)(C)c1ccc(CCC(=O)O)c2ccccc12,batch_3,0.8951,1.959,256.34,4.155,37.3,1,1,2,c1ccc2ccccc2c1,True
CC(C)(C=CC1=COCC1)Cc1cc2c(c(CC(=O)O)c1)Cc1cnccc1CC2,batch_18,0.7507,3.541,403.52,4.827,59.42,1,3,4,C(=CC1=COCC1)CCc1ccc2c(c1)CCc1ccncc1C2,True
CC(C)(CCCN)NC(=O)CCc1ccc(O)c(CCC(=O)O)c1,batch_20,0.5217,2.433,336.43,1.976,112.65,4,4,1,c1ccccc1,True
CC(C)(Cc1ccc(O)c(-c2cccc(CCC(=O)O)c2)c1)C(=O)O,batch_3,0.7125,2.233,342.39,3.73,94.83,3,3,2,c1ccc(-c2ccccc2)cc1,True
CC(C)(O)CNC(=O)CCc1ccc(O)c(C2CCC3CC(=O)C=CN3C2)c1,batch_20,0.6977,3.737,386.49,2.246,89.87,3,5,3,O=C1C=CN2CC(c3ccccc3)CCC2C1,True
CC(C)C(O)c1cc(O)c(-c2ccccc2)cc1CCN1CCNCC1,batch_19,0.7456,2.95,354.49,3.196,55.73,3,4,3,c1ccc(-c2cccc(CCN3CCNCC3)c2)cc1,True
CC(C)C(O)c1cc2c(cc1CCN1CCNCC1)CCCCO2,batch_19,0.8697,3.151,332.49,2.539,44.73,2,4,3,c1cc2c(cc1CCN1CCNCC1)CCCCO2,True
CC(C)C1C=C(c2cccc(CNC(=O)CC3CCC(C(N)=O)CC3)c2)N2CCCC2C1,batch_6,0.661,3.554,437.63,4.466,75.43,2,3,4,O=C(CC1CCCCC1)NCc1cccc(C2=CCCC3CCCN23)c1,True
CC(C)CCNc1c(-c2ccc(F)cc2)cc(F)c(F)c1C(=O)O,batch_27,0.7859,2.357,337.34,4.927,49.33,2,2,2,c1ccc(-c2ccccc2)cc1,True
CC(C)Cc1cc2ccc(O)cc2c2c1C(=O)CCCO2,batch_5,0.9028,2.627,284.35,4.099,46.53,1,3,3,O=C1CCCOc2c1ccc1ccccc21,True
CC(C)Cc1cc2ccc(O)cc2c2c1C(=O)NCCO2,batch_5,0.8917,2.751,285.34,2.866,58.56,2,3,3,O=C1NCCOc2c1ccc1ccccc21,True
CC(C)N1CC2c3ccc(O)cc3C3CCCCc4ccc(c2c43)C1=O,batch_8,0.8214,3.613,347.46,4.56,40.54,1,2,5,O=C1NCC2c3ccccc3C3CCCCc4ccc1c2c43,True
CC(C)c1cc(C(O)C(N)=O)cc2c(C3CCN(CCCO)C3)nccc12,batch_1,0.6916,3.494,371.48,2.049,99.68,3,5,3,c1ccc2c(C3CCNC3)nccc2c1,True
CC(C)c1cc(CC(=O)O)cc(-c2cccc(O)c2)c1,batch_8,0.8878,2.039,270.33,3.81,57.53,2,2,2,c1ccc(-c2ccccc2)cc1,True
CC(C)c1cc(CCC(=O)O)c2c3c(cccc13)CC(=O)C2,batch_17,0.9367,2.714,296.37,3.648,54.37,1,2,3,O=C1Cc2cccc3cccc(c23)C1,True
CC(C)c1cc(CCO)cc2c1CCC(C(=O)O)C2,batch_21,0.8763,2.971,262.35,2.534,57.53,2,2,2,c1ccc2c(c1)CCCC2,True
CC(C)c1cc2c(C(N)=O)cccc2cc1OCC(O)CCC(N)=O,batch_29,0.6795,2.821,344.41,2.067,115.64,3,4,2,c1ccc2ccccc2c1,True
CC(CC(=O)O)c1ccc(OC(C)c2cnco2)cc1,batch_17,0.8743,3.219,275.3,3.393,72.56,1,4,2,c1ccc(OCc2cnco2)cc1,True
CC(CC(=O)O)c1cccc(C2CC(=O)N(C)C2)c1,batch_17,0.9037,3.063,261.32,2.21,57.61,1,2,2,O=C1CC(c2ccccc2)CN1,True
CC(CC(=O)O)c1cccc(N2CC(CO)CN(C)C2=O)c1,batch_17,0.8681,3.239,306.36,1.745,81.08,2,3,2,O=C1NCCCN1c1ccccc1,True
CC(CC(=O)O)c1csc2cc(C(N)=O)ccc12,batch_17,0.8892,2.812,263.32,2.578,80.39,2,3,2,c1ccc2sccc2c1,True
CC(CC(N)=O)NC(=O)C1Cc2c(ccc3ccc(C(=O)O)cc23)C2CCCC12,batch_9,0.7241,3.736,394.47,2.974,109.49,3,3,4,c1ccc2c3c(ccc2c1)C1CCCC1CC3,True
CC(CCC(N)=O)NC(=O)CCc1ccc(O)c(-c2ccccc2)c1,batch_20,0.6897,2.458,340.42,2.762,92.42,3,3,2,c1ccc(-c2ccccc2)cc1,True
CC(CCCN)NC(=O)CCc1ccc(O)c(-c2ccccc2)c1,batch_20,0.6969,2.455,326.44,3.235,75.35,3,3,2,c1ccc(-c2ccccc2)cc1,True
CC(CCCN)NC(=O)CCc1ccc(O)c(-c2ccccc2F)c1,batch_20,0.6871,2.583,344.43,3.375,75.35,3,3,2,c1ccc(-c2ccccc2)cc1,True
CC(CCCN)NC(=O)CCc1cccc(C2CCC(=O)C2)c1,batch_20,0.7743,3.029,316.45,2.699,72.19,2,3,2,O=C1CCC(c2ccccc2)C1,True
CC(CCN)CCN1CCCC(c2cc(O)cc(CCCC(=O)O)c2)C1=O,batch_14,0.5824,3.422,376.5,2.881,103.86,3,4,2,O=C1NCCCC1c1ccccc1,True
CC(CO)C1C=CC(CCC(=O)O)=C2CC=CC=C21,batch_3,0.7988,4.275,260.33,2.849,57.53,2,2,2,C1=CCC2=CC=CCC2=C1,True
CC(O)c1cc(CCC(=O)O)c2c3c1CNC(=O)N3CCC2,batch_17,0.79,3.471,304.35,1.733,89.87,3,3,3,O=C1NCc2cccc3c2N1CCC3,True
CC(O)c1ccc2c(c1)C1COC(CCCC(=O)O)CC1CC2,batch_23,0.8726,3.758,318.41,3.43,66.76,2,3,3,c1ccc2c(c1)CCC1CCOCC21,True
CC1(C)C(=O)CC(N2CCCC2)COc2cc3cccc(C(N)=O)c3cc21,batch_29,0.8867,3.257,366.46,3.032,72.63,1,4,4,O=C1Cc2cc3ccccc3cc2OCC(N2CCCC2)C1,True
CC1(C)C(=O)N2CC(CC(N)=O)CC2c2cc3cccc(C(N)=O)c3cc21,batch_29,0.8684,3.68,365.43,1.995,106.49,2,3,4,O=C1Cc2cc3ccccc3cc2C2CCCN12,True
CC1(C)C(=O)N2CC(CCCN)CC2c2cc3cccc(C(N)=O)c3cc21,batch_29,0.8729,3.689,365.48,2.858,89.42,2,3,4,O=C1Cc2cc3ccccc3cc2C2CCCN12,True
CC1(C)C(=O)N2CC3(C)CCCCC3C2c2cc3cccc(C(N)=O)c3cc21,batch_29,0.806,4.026,376.5,4.31,63.4,1,2,5,O=C1Cc2cc3ccccc3cc2C2C3CCCCC3CN12,True
CC1(C)C(=O)N2CCC(CC(N)=O)CC2c2cc3cccc(C(N)=O)c3cc21,batch_29,0.8548,3.615,379.46,2.385,106.49,2,3,4,O=C1Cc2cc3ccccc3cc2C2CCCCN12,True
CC1(C)C(=O)NC(CCc2ccsn2)c2cc3cccc(C(N)=O)c3cc21,batch_29,0.7277,3.684,379.49,3.477,85.08,2,4,4,O=C1Cc2cc3ccccc3cc2C(CCc2ccsn2)N1,True
CC1(C)C(=O)NC(c2ccc(CN)cc2)c2cc3cccc(C(N)=O)c3cc21,batch_29,0.6582,3.15,373.46,2.894,98.21,3,3,4,O=C1Cc2cc3ccccc3cc2C(c2ccccc2)N1,True
CC1(C)C(=O)NC(c2ccc(Cl)c(F)c2)c2cc3cccc(C(N)=O)c3cc21,batch_29,0.68,3.203,396.85,4.228,72.19,2,2,4,O=C1Cc2cc3ccccc3cc2C(c2ccccc2)N1,True
CC1(C)CC=CC(=O)C2CCC(CC2)CC(=O)NCc2cccc(c2)-c2ncnc(n2)N1,batch_6,0.65,5.155,433.56,4.071,96.87,2,6,5,O=C1CC2CCC(CC2)C(=O)C=CCCNc2ncnc(n2)-c2cccc(c2)CN1,True
CC1(C)CCC2c3c(cc(CC(=O)O)cc31)-c1cc(C(=O)O)ccc1C2(C)O,batch_8,0.7465,3.614,380.44,4.055,94.83,3,3,4,c1ccc2c(c1)CC1CCCc3cccc-2c31,True
CC1(C)CCC2c3c(cc(Oc4cccc(CO)c4)cc31)C(O)C2C(=O)O,batch_24,0.7624,3.738,368.43,3.874,86.99,3,4,4,c1ccc(Oc2cc3c4c(c2)CCC4CCC3)cc1,True
CC1(C)Cc2c(c(=O)n(CCCO)c3ccccc23)CC1C(=O)NCc1ccccc1,batch_5,0.6442,3.063,418.54,3.441,71.33,2,3,4,O=C(NCc1ccccc1)C1CCc2c(c(=O)[nH]c3ccccc23)C1,True
CC1(C)Cc2cc(O)n(Cc3ccccc3)c(=O)c2CC1C(=O)NCc1ccccc1,batch_5,0.6668,3.1,416.52,3.66,71.33,2,3,4,O=C(NCc1ccccc1)C1CCc2ccn(Cc3ccccc3)c(=O)c2C1,True
CC1(C)c2ccc(C(N)=O)cc2-c2cc(CC(=O)O)cc3c2C1CCC3=O,batch_8,0.8728,3.281,363.41,3.431,97.46,2,3,4,O=C1CCC2Cc3ccccc3-c3cccc1c32,True
CC1(NC(=O)CCc2ccc(O)c(CCC(N)=O)c2)CCCC1,batch_20,0.7193,2.441,318.42,2.192,92.42,3,3,2,O=C(CCc1ccccc1)NC1CCCC1,True
CC1(O)c2ccc(C(=O)O)cc2-c2cc(CC(=O)O)cc3c2C1CCC3=O,batch_8,0.7699,3.539,366.37,2.96,111.9,3,4,4,O=C1CCC2Cc3ccccc3-c3cccc1c32,True
CC1(O)c2ccc(C(N)=O)cc2-c2cc(CC(=O)O)cc3c2C1CCC3=O,batch_8,0.7717,3.574,365.39,2.361,117.69,3,4,4,O=C1CCC2Cc3ccccc3-c3cccc1c32,True
CC12CCC(C3=C(CN)C(=O)NC4(CCCC4)C3=O)=CC1C(C1COCCO1)CC2,batch_27,0.7402,5.221,414.55,2.421,90.65,2,5,5,O=C1C=C(C2=CC3C(CC2)CCC3C2COCCO2)C(=O)C2(CCCC2)N1,True
CC12CCC(O)CC1Cc1c(cccc1C(=O)Nc1ccccc1)C2,batch_7,0.8638,3.31,335.45,4.205,49.33,2,2,4,O=C(Nc1ccccc1)c1cccc2c1CC1CCCCC1C2,True
CC12CCCC1CC(=O)C1CCC(C(=O)NCc3ccccc3)CC12,batch_5,0.9004,3.563,339.48,4.115,46.17,1,2,4,O=C(NCc1ccccc1)C1CCC2C(=O)CC3CCCC3C2C1,True
CC12CCOc3cc4cc(c31)-c1c(ccc3c1CC(CO3)CC(=O)NCc1cccc(c1)C4=O)C2,batch_6,0.5204,5.911,465.55,4.752,64.63,1,4,7,O=C1CC2COc3ccc4c(c3C2)-c2cc(cc3c2C(CCO3)C4)C(=O)c2cccc(c2)CN1,True
CC12CCc3cc4cc(c31)-c1c(ccc3c1CC(CO3)CC(=O)NCc1cccc(c1)C4=O)C2,batch_6,0.5303,5.872,449.55,4.916,55.4,1,3,7,O=C1CC2COc3ccc4c(c3C2)-c2cc(cc3c2C(CC3)C4)C(=O)c2cccc(c2)CN1,True
CC1=C(CCC2CCCN2C(=O)c2cc(C)c(O)c3c2NC(=O)CC3)CN=C1N,batch_11,0.7269,3.82,396.49,2.657,108.02,3,5,4,O=C1CCc2cccc(C(=O)N3CCCC3CCC3=CC=NC3)c2N1,True
CC1=C(CCC2CCCN2C(=O)c2cc(C)c(O)c3c2NC(=O)CC3)CNC1=O,batch_11,0.7266,3.744,397.48,2.416,98.74,3,4,4,O=C1C=C(CCC2CCCN2C(=O)c2cccc3c2NC(=O)CC3)CN1,True
CC1=C2C=CC(=O)C=C2C2CC(NC3CCCCC3)C(O)CC2CC1,batch_19,0.8022,4.194,341.5,3.84,49.33,2,3,4,O=C1C=CC2=CCCC3CCC(NC4CCCCC4)CC3C2=C1,True
CC1=C2C=CC(C(=O)O)C=C2C2CC(NC3CCCCC3)C(O)CC2CC1,batch_19,0.702,4.556,371.52,3.972,69.56,3,3,4,C1=CC2=CCCC3CCC(NC4CCCCC4)CC3C2=CC1,True
CC1=C2C=CC(C(N)=O)C=C2C2CC(NC3CCCCC3)C(O)CC2CC1,batch_19,0.7128,4.606,370.54,3.372,75.35,3,3,4,C1=CC2=CCCC3CCC(NC4CCCCC4)CC3C2=CC1,True
CC1=C2C=CC(O)C=C2C2CC(c3ccc[nH]c3=O)CCC2C1=O,batch_18,0.8345,4.534,323.39,2.631,70.16,2,3,4,O=C1C=C2C=CCC=C2C2CC(c3ccc[nH]c3=O)CCC12,True
CC1=C2C=CC3=C2Cc2c(ccc4cc(C)cc(c24)C=CC(=O)NCC1)NC3=O,batch_10,0.7113,4.582,382.46,4.359,58.2,2,2,5,O=C1C=Cc2cccc3ccc4c(c23)CC2=C(C=CC2=CCCN1)C(=O)N4,True
CC1=CC2(C)Cc3ccc(C(=O)O)cc3-c3cc(CC(=O)O)cc(c32)O1,batch_8,0.8798,3.454,350.37,3.789,83.83,2,3,4,C1=CC2Cc3ccccc3-c3cccc(c32)O1,True
CC1=CC=C(C)c2cc(CCN3CCNCC3)c(C(F)(F)F)cc2O1,batch_19,0.8942,3.151,352.4,3.853,24.5,1,3,3,C1=COc2ccc(CCN3CCNCC3)cc2C=C1,True
CC1=CC=CC(=O)C1C1NC(=O)C(C)(C)c2cc3c(C(N)=O)cccc3cc21,batch_29,0.8464,3.896,374.44,3.089,89.26,2,3,4,O=C1Cc2cc3ccccc3cc2C(C2C=CC=CC2=O)N1,True
CC1=CC=CCC1C1NC(=O)C(C)(C)c2cc3c(C(N)=O)cccc3cc21,batch_29,0.8522,3.879,360.46,3.91,72.19,2,2,4,O=C1Cc2cc3ccccc3cc2C(C2C=CC=CC2)N1,True
CC1=CCCOc2cc(C(F)(F)F)c(CCN3CCNCC3)cc21,batch_19,0.9134,2.86,340.39,3.339,24.5,1,3,3,C1=Cc2cc(CCN3CCNCC3)ccc2OCC1,True
CC1=Cc2c(cc(-c3c(O)ccc(CN)c3C)c3c2OC=C(O)C3)C(F)(F)O1,batch_13,0.7013,3.946,387.38,4.601,84.94,3,5,4,C1=COc2c3c(cc(-c4ccccc4)c2C1)COC=C3,True
CC1=Cc2c(cc(-c3cccc(CC(=O)O)c3)c3c2OC=C(O)C3)C(F)(F)O1,batch_13,0.7958,3.571,386.35,4.755,75.99,2,4,4,C1=COc2c3c(cc(-c4ccccc4)c2C1)COC=C3,True
CC1=Cc2ccccc2-c2cc(CCN3CCNCC3)c(C(F)(F)F)cc2O1,batch_19,0.8335,2.871,388.43,4.573,24.5,1,3,4,C1=Cc2ccccc2-c2cc(CCN3CCNCC3)ccc2O1,True
CC1=NC(=O)C(C2CC3(CCC(NC(=O)CN4CCCC4)C3)CO2)C1,batch_2,0.8372,4.709,347.46,1.534,71.0,1,4,4,O=C(CN1CCCC1)NC1CCC2(COC(C3CC=NC3=O)C2)C1,True
CC1=NCC(c2ccc3c(c2)Oc2c(ccc4c2CCCC4)N(C)C3=O)C1,batch_26,0.726,3.483,360.46,4.896,41.9,0,3,5,O=C1Nc2ccc3c(c2Oc2cc(C4CC=NC4)ccc21)CCCC3,True
CC1=NCC(c2ccc3c(c2)Oc2cc(CO)ccc2N(C)C3=O)C1,batch_26,0.9127,3.306,336.39,3.509,62.13,1,4,4,O=C1Nc2ccccc2Oc2cc(C3CC=NC3)ccc21,True
CC1C2=C3c4c(cc(O)cc4C1(C)C)CC(O)C3CCC2,batch_7,0.7607,4.254,284.4,3.79,40.46,2,2,4,c1cc2c3c(c1)CCC1CCCC(=C31)CC2,True
CC1CC(C)C(CC2C(C)CC3C(O)CC(CCN)CC23)C1,batch_9,0.8222,4.811,307.52,4.067,46.25,2,2,3,C1CCC(CC2CCC3CCCCC32)C1,True
CC1CC(C2=CCCc3cc4c(cc32)CC(C(N)=O)CC4)CC1CC(=O)O,batch_8,0.8505,4.164,367.49,3.743,80.39,2,2,4,C1=C(C2CCCC2)c2cc3c(cc2CC1)CCCC3,True
CC1CC(CCC(=O)O)CCCCC(O)CC(O)COC1=O,batch_26,0.6849,4.134,316.39,1.723,104.06,3,5,1,O=C1CCCCCCCCCCCO1,True
CC1CC2=C(C=CCS2)c2cc(CCN3CCNCC3)c(C(F)(F)F)cc2O1,batch_19,0.8014,3.855,410.51,4.338,24.5,1,4,4,C1=CC2=C(CCOc3ccc(CCN4CCNCC4)cc32)SC1,True
CC1CC2=CC3CC(C(=O)O)CC4CCC(C(=O)N2C1)C34,batch_12,0.8066,4.689,289.38,2.506,57.61,1,2,4,O=C1C2CCC3CCCC(C=C4CCCN14)C32,True
CC1CC2CC(C(C)C)C=C(c3cccc(CNC(=O)CC4CCC(C(N)=O)CC4)c3)N2C1,batch_6,0.6302,3.868,451.66,4.712,75.43,2,3,4,O=C(CC1CCCCC1)NCc1cccc(C2=CCCC3CCCN23)c1,True
CC1CC2Cc3c(nc4c5c6c7c(cc35)C(CC(=O)O)=CCC7CC(=O)C6=CC4)CN2C1,batch_16,0.7771,4.766,426.52,4.259,70.5,1,4,7,O=C1CC2CC=Cc3cc4c5c(nc6c4c(c32)C1=CC6)CN1CCCC1C5,True
CC1CC=CC(=O)C2CCC(CC2)CC(=O)NCc2cccc(c2)-c2ncnc(n2)N1,batch_6,0.6761,5.544,419.53,3.681,96.87,2,6,5,O=C1CC2CCC(CC2)C(=O)C=CCCNc2ncnc(n2)-c2cccc(c2)CN1,True
CC1CCC(C2=C(CN)C(=O)NC3(CCCC3)C2)=CC1=O,batch_27,0.816,4.342,288.39,2.0,72.19,2,3,3,O=C1C=C(C2=CC(=O)NC3(CCCC3)C2)CCC1,True
CC1CCC(CNC(=O)CCc2ccc(O)c(-c3ccccc3)c2)CN1,batch_20,0.7456,2.963,352.48,3.496,61.36,3,3,3,O=C(CCc1cccc(-c2ccccc2)c1)NCC1CCCNC1,True
CC1CCC(NC2C(=O)N3C(CC(C)C4C(C)C(CO)CC43)CC2O)CC1,batch_9,0.7037,4.837,378.56,2.158,72.8,3,4,4,O=C1C(NC2CCCCC2)CCC2CCC3CCCC3N12,True
CC1CCC(c2cccc(CCC(=O)NC(C)CCC(N)=O)c2)C1,batch_20,0.7675,3.102,330.47,3.293,72.19,2,2,2,c1ccc(C2CCCC2)cc1,True
CC1CCC2=C(C1=O)C1(C=C2)CCC(C(O)CN2CCC3CCCCC3C2)O1,batch_10,0.8058,5.221,385.55,3.643,49.77,1,4,5,O=C1CCCC2=C1C1(C=C2)CCC(CCN2CCC3CCCCC3C2)O1,True
CC1CCC2CC(=O)NC(C3CCN(CCCO)C3)c3cc(CC(=O)O)cc1c32,batch_1,0.6829,4.097,400.52,2.56,89.87,3,4,4,O=C1CC2CCCc3cccc(c32)C(C2CCNC2)N1,True
CC1CCC2c3c(cc(CC(=O)O)cc31)-c1cc(C(=O)O)ccc1C2(C)O,batch_8,0.7662,3.757,366.41,3.881,94.83,3,3,4,c1ccc2c(c1)CC1CCCc3cccc-2c31,True
CC1CCCC1C1CCCC(CCC(=O)O)CCC(=O)CCC1=O,batch_26,0.8256,4.088,336.47,4.402,71.44,1,3,2,O=C1CCCCCCC(C2CCCC2)C(=O)CC1,True
CC1CCNC(=O)C(c2cn(CCCC(=O)O)c(=O)c3ccccc23)O1,batch_14,0.8498,3.5,358.39,1.832,97.63,2,4,3,O=C1NCCCOC1c1c[nH]c(=O)c2ccccc12,True
CC1CCc2cc(O)c3c(c2C1)CC(C(=O)NCc1ccccc1)C(C)(C)C3,batch_5,0.8228,3.5,377.53,4.574,49.33,2,2,4,O=C(NCc1ccccc1)C1CCc2ccc3c(c2C1)CCCC3,True
CC1CN(C2CCC(CCN)C2)C(=O)c2c(C3C=CC=C3)cc(O)cc21,batch_7,0.8686,4.205,352.48,3.679,66.56,2,3,4,O=C1c2c(cccc2C2C=CC=C2)CCN1C1CCCC1,True
CC1CNC(=CCc2ccccc2)C1=C1CCC(O)CC1,batch_21,0.8692,3.502,283.42,3.584,32.26,2,2,3,C(Cc1ccccc1)=C1NCCC1=C1CCCCC1,True
CC1Cc2cc(O)cc(OCc3ccccc3)c2CC1(C)C,batch_20,0.8868,2.919,296.41,4.732,29.46,1,2,3,c1ccc(COc2cccc3c2CCCC3)cc1,True
CC1Cc2nc(N)c3ccc4c5c3c2C(C1)CN5c1ccccc1C4,batch_21,0.659,3.726,327.43,4.539,42.15,1,3,6,c1ccc2c(c1)Cc1ccc3cnc4c5c3c1N2CC5CCC4,True
CC1c2ccc(C(N)=O)cc2-c2cc(CC(=O)O)cc3c2C1CCC3=O,batch_8,0.8885,3.494,349.39,3.257,97.46,2,3,4,O=C1CCC2Cc3ccccc3-c3cccc1c32,True
CC=C(C)c1cc(Cc2cccc(O)c2)cc2c1CCC(C(=O)O)C2,batch_21,0.858,3.113,336.43,4.596,57.53,2,2,3,c1ccc(Cc2ccc3c(c2)CCCC3)cc1,True
CC=C(C)c1cc(Cc2ccccc2)cc2c1CCC(C(=O)O)C2,batch_21,0.8706,2.927,320.43,4.89,37.3,1,1,3,c1ccc(Cc2ccc3c(c2)CCCC3)cc1,True
CC=C(C)c1cc(Cc2ccoc2)cc2c1CCC(C(=O)O)C2,batch_21,0.9053,3.378,310.39,4.483,50.44,1,2,3,c1cc(Cc2ccc3c(c2)CCCC3)co1,True
CC=C1CCCc2c(Cc3ccccc3CNC)cc3c(c21)CCC(C(=O)O)C3,batch_21,0.7626,3.388,389.54,4.926,49.33,2,2,4,C=C1CCCc2c(Cc3ccccc3)cc3c(c21)CCCC3,True
CC=C1OCCCOc2cc(C(O)CN3CCNCC3)c(C(C)C)cc2O1,batch_19,0.8426,4.064,376.5,2.788,63.19,2,6,3,C=C1OCCCOc2cc(CCN3CCNCC3)ccc2O1,True
CC=Cc1cc(-c2cc(OC)cc3c2OCCO3)oc1C(O)CO,batch_9,0.8761,3.576,332.35,2.785,81.29,2,6,3,c1coc(-c2cccc3c2OCCO3)c1,True
CC=c1c2c(c3cc(CCC(=O)O)c(C)c4c(O)ccc1c43)=CC(=CCC(C)C(N)=O)N=2,batch_16,0.5571,4.247,430.5,2.353,112.98,3,4,4,C=C1C=c2c(c(=C)c3cccc4cccc2c43)=N1,True
CC=c1ccc2cc(CO)c(C)c3c(C)ccc1c23,batch_17,0.6991,2.899,250.34,3.621,20.23,1,1,3,C=c1ccc2cccc3cccc1c32,True
CCC(=C1CC=NO1)c1ccc(C(=O)N(C)C)cc1CCCC(=O)NC,batch_4,0.8154,3.266,357.45,2.984,71.0,1,4,2,C1=NOC(=Cc2ccccc2)C1,True
CCC(=C1CCCC1)c1ccc(OC)cc1CCCC(=O)NC,batch_4,0.8042,2.648,315.46,4.502,38.33,1,2,2,C(=C1CCCC1)c1ccccc1,True
CCC(C)(C)c1ccc2c(OC)ccc(C(=O)OC)c2c1,batch_29,0.785,2.089,286.37,4.323,35.53,0,3,2,c1ccc2ccccc2c1,True
CCC(C)NC(=O)C1=CC=CCC1Oc1cc(OC)cc2ccc(C(=O)NC)cc12,batch_25,0.7315,3.471,408.5,3.756,76.66,2,4,3,C1=CCC(Oc2cccc3ccccc23)C=C1,True
CCC(CCN1C(=O)c2c(c(C)c(O)c3c2CCCC3)CC1C(=O)O)CC(=O)O,batch_11,0.6447,3.737,403.48,2.922,115.14,3,4,3,O=C1NCCc2ccc3c(c21)CCCC3,True
CCC(CN)NC(=O)C1=CC=CCC1Oc1cc(OC)cc2ccc(C(=O)NC)cc12,batch_25,0.6058,3.627,423.51,2.695,102.68,3,5,3,C1=CCC(Oc2cccc3ccccc23)C=C1,True
CCC(O)C(C)NC(=O)C1=CCCCC1Oc1cc(OC)cc2ccc(C(=O)NC)cc12,batch_25,0.585,3.801,440.54,3.341,96.89,3,5,3,C1=CC(Oc2cccc3ccccc23)CCC1,True
CCC1(O)CCC(C2CCCC(CCC(=O)O)CCC(=O)CCC2=O)C1,batch_26,0.7696,4.329,366.5,3.907,91.67,2,4,2,O=C1CCCCCCC(C2CCCC2)C(=O)CC1,True
CCC1=C2OCCC2=COc2cc(C(=O)N(C)C)cc(CCCC(=O)NC)c21,batch_4,0.8174,3.261,384.48,3.275,67.87,1,4,3,C1=C2CCOC2=Cc2ccccc2O1,True
CCC1=CCC2=C(C1=O)C1(C=C2)CCC(C(O)CN2CCC3CCCCC3C2)O1,batch_10,0.7803,5.233,397.56,3.953,49.77,1,4,5,O=C1C=CCC2=C1C1(C=C2)CCC(CCN2CCC3CCCCC3C2)O1,True
CCC1CC(=O)C2(C)CCc3c(cc(CCC(=O)O)c(C)c3C)C12,batch_26,0.8934,3.9,328.45,4.356,54.37,1,2,3,O=C1CCC2c3ccccc3CCC12,True
CCC1CC(C)(C)Oc2cc(CNC)cc(CCCC(=O)NC)c21,batch_4,0.803,3.268,332.49,3.529,50.36,2,3,2,c1ccc2c(c1)CCCO2,True
CCC1CC(C)Cc2cc(CC(C)O)cc(CCCC(=O)NC)c21,batch_4,0.7992,3.717,331.5,3.755,49.33,2,2,2,c1ccc2c(c1)CCCC2,True
CCC1CC(C)Oc2cc(-c3cn(C)nc3C)cc(CCCC(=O)NC)c21,batch_4,0.8329,3.639,369.51,4.129,56.15,1,3,3,c1cc2c(cc1-c1cn[nH]c1)OCCC2,True
CCC1CC(C)Oc2cc(-c3cn(C)nc3OC)cc(CCCC(=O)NC)c21,batch_4,0.7867,3.698,385.51,3.829,65.38,1,4,3,c1cc2c(cc1-c1cn[nH]c1)OCCC2,True
CCC1CC(C)Oc2cc(C(N)=O)cc(CCCC(=O)NC)c21,batch_4,0.8454,3.453,318.42,2.519,81.42,2,3,2,c1ccc2c(c1)CCCO2,True
CCC1CC(CO)C(=O)c2cc(C(=O)NC)cc(CCCC(=O)NC)c21,batch_4,0.6909,3.616,360.45,1.803,95.5,3,4,2,O=C1CCCc2ccccc21,True
CCC1CC(CO)C(=O)c2cc(C3=CC=NC3)cc(CCCC(=O)NC)c21,batch_4,0.7766,4.161,368.48,2.912,78.76,2,4,3,O=C1CCCc2ccc(C3=CC=NC3)cc21,True
CCC1CC(O)C2C(O)C3C4CCOc5c4c(c4ccccc4c5C)C(=O)N3C12,batch_15,0.7815,4.746,393.48,2.989,70.0,2,4,6,O=C1c2c3c(cc4ccccc24)OCCC3C2CC3CCCC3N12,True
CCC1CC2=C(C)OCc3cc(OC)c(OC4CCC(N)CC4)cc3N2C1,batch_4,0.8518,3.556,372.51,4.342,56.95,1,5,4,C1=C2CCCN2c2cc(OC3CCCCC3)ccc2CO1,True
CCC1CC2C3=CCCc4cc(CC(=O)NC(C)=O)cc(c43)C(=O)N2C1,batch_22,0.9087,3.814,352.43,2.476,66.48,1,3,4,O=C1c2cccc3c2C(=CCC3)C2CCCN12,True
CCC1CC2c3cc(CCC(=O)O)c4c5c(ccc(c35)CC2(C)O1)C(O)CC4,batch_16,0.8232,4.499,380.48,4.434,66.76,2,3,5,c1cc2c3c(ccc4c3c1CCC4)C1CCOC1C2,True
CCC1CC=C(C)c2cc(CCN3CCNCC3)c(C(F)(F)F)cc2O1,batch_19,0.8653,3.38,368.44,4.118,24.5,1,3,3,C1=Cc2cc(CCN3CCNCC3)ccc2OCC1,True
CCC1CCC2=C(C1=O)C1(C=C2)CCC(C(O)CN2CCC3CCCCC3C2)O1,batch_10,0.7753,5.249,399.58,4.033,49.77,1,4,5,O=C1CCCC2=C1C1(C=C2)CCC(CCN2CCC3CCCCC3C2)O1,True
CCC1CN(c2ccc(OC)c(OC3CCC(N)CC3)c2)c2ccccc21,batch_4,0.8098,2.947,366.51,4.989,47.72,1,4,4,c1cc(OC2CCCCC2)cc(N2CCc3ccccc32)c1,True
CCC1CN2C(=CC(C)Cc3cc(OC)c(OC4CCC(N)CC4)cc32)C1O,batch_4,0.8271,4.152,386.54,3.627,67.95,2,5,4,C1=C2CCCN2c2cc(OC3CCCCC3)ccc2CC1,True
CCC1COCc2c(C)cc3c(c21)C=CCC3CC(=O)O,batch_17,0.9134,4.116,286.37,3.994,46.53,1,2,3,C1=Cc2c(ccc3c2CCOC3)CC1,True
CCC1COc2cc(CO)c3ccc(C(CC(=O)O)C(=O)O)cc3c2O1,batch_12,0.7252,3.451,360.36,2.525,113.29,3,5,3,c1ccc2c3c(ccc2c1)OCCO3,True
CCC1c2ccc(C(=O)O)cc2-c2cc(CC(=O)O)cc3c2C1CCC3=O,batch_8,0.8462,3.489,364.4,4.246,91.67,2,3,4,O=C1CCC2Cc3ccccc3-c3cccc1c32,True
CCC1c2ccccc2C=C2CC(C(=O)O)CCC21,batch_28,0.8654,3.636,256.34,4.078,37.3,1,1,3,C1=C2CCCCC2Cc2ccccc21,True
CCC=C(CCC)c1ccc(C(=O)N(C)C)cc1CCCC(=O)NC,batch_4,0.7345,2.623,344.5,4.051,49.41,1,2,1,c1ccccc1,True
CCC=Cc1cc(CCCC(=O)NC)c2c(c1)C(=O)C(C)CC2CC,batch_4,0.7669,3.729,341.5,4.895,46.17,1,2,2,O=C1CCCc2ccccc21,True
CCCC(=CCC(C)C)c1ccc(C(=O)N(C)C)cc1CCCC(=O)NC,batch_4,0.6478,2.705,372.55,4.687,49.41,1,2,1,c1ccccc1,True
CCCC(=CCCO)c1ccc(C(=O)N(C)C)cc1CCCC(=O)NC,batch_4,0.6738,2.715,360.5,3.023,69.64,2,3,1,c1ccccc1,True
CCCC(=O)NCc1ccc(-c2cccc(OC)c2)cc1C(F)(F)F,batch_29,0.812,2.008,351.37,4.797,38.33,1,2,2,c1ccc(-c2ccccc2)cc1,True
CCCC(C)C(=O)NC1Cc2c(cc(C)c3ccc(-c4ccco4)cc23)CC1O,batch_18,0.6573,3.686,391.51,4.789,62.47,2,3,4,c1coc(-c2ccc3ccc4c(c3c2)CCCC4)c1,True
CCCC(C)C(=O)NC1Cc2c(cc3c4c(c5c(cc24)C=CCC=5)=CC3C)CC1O,batch_18,0.8258,4.853,401.55,3.315,49.33,2,2,5,C1=Cc2cc3c4c(cc5c3c(c2=CC1)=CC5)CCCC4,True
CCCC(C)C(=O)NC1Cc2c(cc3c4c(c5c(cc24)C=CCC=5)=CCO3)CC1O,batch_18,0.8251,4.703,403.52,2.591,58.56,2,3,5,C1=Cc2cc3c4c(cc5c3c(c2=CC1)=CCO5)CCCC4,True
CCCC(C)C(=O)NC1Cc2c(cc3cccc4c5c(cc2c34)C=CCC=5)CC1O,batch_18,0.6876,4.244,399.53,4.29,49.33,2,2,5,C1=Cc2cc3c4c(cc5cccc(c2=CC1)c53)CCCC4,True
CCCC(C)C(=O)NC1Cc2c(cc3scc4c5c(cc2c34)C=CCC=5)CC1O,batch_18,0.6779,4.517,405.56,4.351,49.33,2,3,5,C1=Cc2cc3c4c(cc5scc(c2=CC1)c53)CCCC4,True
CCCC(C)CN1C(=O)c2c3c(c(C)c4c2C(CCO4)C1CO)CCCCC3,batch_15,0.7653,4.062,385.55,4.383,49.77,1,3,4,O=C1NCC2CCOc3cc4c(c1c32)CCCCC4,True
CCCC(C)Cc1cc(-c2cc(OC)cc3c2OC(CO)CO3)oc1CCO,batch_9,0.6809,3.822,390.48,3.601,81.29,2,6,3,c1coc(-c2cccc3c2OCCO3)c1,True
CCCC(C)NC(=O)C1=CCCCC1Oc1cc(OC)cc2ccc(C(=O)NC)cc12,batch_25,0.6597,3.427,424.54,4.371,76.66,2,4,3,C1=CC(Oc2cccc3ccccc23)CCC1,True
CCCC(C)NC(=O)C1Cc2c(cc(O)c3ccc(COC)cc23)CC1O,batch_14,0.7291,3.626,371.48,3.072,78.79,3,4,3,c1ccc2c3c(ccc2c1)CCCC3,True
CCCC(CO)NC(=O)C1CCC(Oc2cc(-c3ccc(OC)cc3)ccc2O)C1,batch_27,0.5804,3.243,413.51,3.893,88.02,3,5,3,c1ccc(-c2cccc(OC3CCCC3)c2)cc1,True
CCCC(c1cc(CC(=O)O)c2c(c1)C(C)CCC2)C1CCN(CCCO)C1,batch_1,0.6616,3.805,387.56,4.342,60.77,2,3,3,c1cc2c(cc1CC1CCNC1)CCCC2,True
CCCC1=C(Cc2cccc(O)c2C2CCN(CCC)C2)C(C)N(C)C1=O,batch_24,0.7861,3.774,370.54,4.091,43.78,1,3,3,O=C1C=C(Cc2ccccc2C2CCNC2)CN1,True
CCCC1=CC2CCCC2Cc2cc(C(=O)N(C)C)cc(CCCC(=O)NC)c21,batch_4,0.7314,3.693,396.58,4.613,49.41,1,2,3,C1=CC2CCCC2Cc2ccccc21,True
CCCC1=CC=C(O)CC1=CC1CCCC(NC(=O)CCc2nn[nH]c2C)C1,batch_21,0.6563,4.456,384.52,4.219,90.9,3,4,3,O=C(CCc1c[nH]nn1)NC1CCCC(C=C2C=CC=CC2)C1,True
CCCC1=NC2CCOc3ccc4c(O)c5c(cc4c3C2=C1)C=CCO5,batch_26,0.8535,4.102,347.41,4.74,51.05,1,4,5,C1=Cc2cc3c4c(ccc3cc2OC1)OCCC1N=CC=C41,True
CCCC1C(O)C(O)C2C3CCOc4c3c(c3ccccc3c4C)C(=O)N12,batch_15,0.8563,4.327,367.45,2.743,70.0,2,4,5,O=C1c2c3c(cc4ccccc24)OCCC3C2CCCN12,True
CCCC1CC(=O)CC(c2cc(OC)c(O)c3c2CCCC3)C1,batch_11,0.8873,3.473,316.44,4.533,46.53,1,3,3,O=C1CCCC(c2cccc3c2CCCC3)C1,True
CCCC1CC2C=C(CCCC(=O)O)c3cccc4c3C2C(C1)C(O)O4,batch_10,0.7831,4.394,356.46,4.575,66.76,2,3,4,C1=CC2CCCC3COc4cccc1c4C23,True
CCCC1CCN2C(=O)C(C)(C)c3cc4c(C(N)=O)cccc4cc3C2C1,batch_29,0.8819,3.532,364.49,4.31,63.4,1,2,4,O=C1Cc2cc3ccccc3cc2C2CCCCN12,True
CCCC1COC2C(O)C3C4CCOc5c(C)c6c(c(c54)C(=O)N3C2C1)C=CCCC6,batch_15,0.7817,4.975,423.55,3.983,59.0,1,4,6,O=C1c2c3c(cc4c2C(CCO4)C2CC4OCCCC4N12)CCCC=C3,True
CCCC1Cc2c(C(=O)NC3CCC(N)CC3)cccc2-c2cnccc21,batch_9,0.8558,3.145,363.51,4.188,68.01,2,3,4,O=C(NC1CCCCC1)c1cccc2c1CCc1ccncc1-2,True
CCCCC(=O)N1Cc2c(C)c(O)cc3c2C(CC(O)C3C)C1,batch_12,0.8999,3.883,317.43,3.185,60.77,2,3,3,c1cc2c3c(c1)CNCC3CCC2,True
CCCCC(=O)N1Cc2c(C)c(O)cc3c2C(CCC2CCCC32)C1,batch_12,0.8408,3.687,341.5,4.994,40.54,1,2,4,c1cc2c3c(c1)C1CCCC1CCC3CNC2,True
CCCCC(=O)NC1CC2=CC(OCCC(=O)O)=C(C)C(=O)C2=CC1=O,batch_23,0.6825,3.73,361.39,1.835,109.77,2,5,2,O=C1C=C2C(=O)C=CC=C2CC1,True
CCCCC(=O)NC1CC2=CC(OCCC(=O)O)=C(C)C(C)C2=CC1=O,batch_23,0.6933,4.054,361.44,2.902,92.7,2,4,2,O=C1C=C2CC=CC=C2CC1,True
CCCCC(=O)NC1CC2=CC(OCCC(=O)O)=C(OC)CC2=CC1=O,batch_23,0.6513,3.822,363.41,2.24,101.93,2,5,2,O=C1C=C2CC=CC=C2CC1,True
CCCCC(=O)NC1CC2=CC(OCCC(=O)OC)=C3C(O)CCCC3C2=CC1=O,batch_23,0.5886,4.319,417.5,2.495,101.93,2,6,3,O=C1C=C2C(=CC=C3CCCCC32)CC1,True
CCCCC(=O)NC1CC2=CC(OCCC(=O)OC)=C3CCCCC3C2=CC1=O,batch_23,0.6295,4.03,401.5,3.525,81.7,1,5,3,O=C1C=C2C(=CC=C3CCCCC32)CC1,True
CCCCC(=O)NC1COCC(c2ccc(O)c3ccc(C(N)=O)cc23)C1,batch_3,0.7275,3.298,370.45,2.823,101.65,3,4,3,c1ccc2c(C3CCCOC3)cccc2c1,True
CCCCC(=O)NCC(=O)c1ccc(C(=O)N(C)C)c(OC)c1,batch_13,0.7422,2.042,320.39,1.886,75.71,1,4,1,c1ccccc1,True
CCCCC(=O)NCC1C(C)CCC1Cc1ccccc1O,batch_2,0.8022,3.342,303.45,3.903,49.33,2,2,2,c1ccc(CC2CCCC2)cc1,True
CCCCC(=O)NCC1C(C)CCC1Cc1ccccc1OC,batch_2,0.7799,3.232,317.47,4.206,38.33,1,2,2,c1ccc(CC2CCCC2)cc1,True
CCCCC(=O)NCc1ccc2c(c1C)Oc1c(C3CC(O)CO3)ccc(O)c1O2,batch_11,0.5596,3.811,413.47,4.227,97.25,3,6,4,c1ccc2c(c1)Oc1cccc(C3CCCO3)c1O2,True
CCCCC(=O)NCc1ccc2c3c1CCCN1CCC4=C(C(=C=CC4=O)O2)C31,batch_11,0.7821,4.005,390.48,3.497,58.64,1,4,5,O=C1C=C=C2Oc3cccc4c3C3C2=C1CCN3CCC4,True
CCCCC(=O)NCc1ccc2c3c1CCCN1CCC4=C(C(=CCC4=O)O2)C31,batch_11,0.8295,3.663,392.5,3.732,58.64,1,4,5,O=C1CC=C2Oc3cccc4c3C3C2=C1CCN3CCC4,True
CCCCC(=O)NCc1ccc2c3c1CCCN1CCC4=C(C(C=CC4=O)O2)C31,batch_11,0.8346,3.923,392.5,3.383,58.64,1,4,5,O=C1C=CC2Oc3cccc4c3C3C2=C1CCN3CCC4,True
CCCCC(=O)NCc1ccc2c3c1CCCN1CCc4cccc(c4C31)O2,batch_11,0.8358,3.169,376.5,4.492,41.57,1,3,5,c1cc2c3c(c1)Oc1cccc4c1C3N(CCC2)CC4,True
CCCCC(=O)NCc1ccc2c3c1Cc1cccc(OC)c1OC3C(C)C(C)O2,batch_11,0.734,3.73,409.53,4.943,56.79,1,4,4,c1ccc2c(c1)Cc1cccc3c1C(CCO3)O2,True
CCCCC1CC(O)Cc2cc(C)c(C(C)C)cc21,batch_23,0.8317,3.323,260.42,4.699,20.23,1,1,2,c1ccc2c(c1)CCCC2,True
CCCCC1CC2c3c4c(c(O)c(OC)c3OCC2(C)C1O)CCC(C)C4,batch_11,0.8099,4.533,374.52,4.579,58.92,2,4,4,c1cc2c(c3c1CCCC3)C1CCCC1CO2,True
CCCCC1c2cc3c4c(c2OCC1O)C(=O)CCC4CCC(CC(=O)NCC)O3,batch_7,0.7374,4.217,415.53,3.841,84.86,2,5,4,O=C1CCC2CCCOc3cc4c(c1c32)OCCC4,True
CCCCN(CC)CC1C(=O)c2c(ccc3ccc(C(=O)O)cc23)CC1(C)N,batch_9,0.7622,3.629,382.5,3.732,83.63,2,4,3,O=C1CCCc2ccc3ccccc3c21,True
CCCCN1CC2c3c(cc(O)c4ccc(COC)cc34)CCC2C1=O,batch_14,0.8844,3.426,353.46,3.98,49.77,1,3,4,O=C1NCC2c3c(ccc4ccccc34)CCC12,True
CCCCc1c(C)c(O)cc2c1C(=O)N(CC(C)C(=O)O)C1CCCC21,batch_23,0.8085,3.838,359.47,3.856,77.84,2,3,3,O=C1NC2CCCC2c2ccccc21,True
CCCCc1cc(C)c2c(c1)C1CC(C)(O)C(CO)C1(C)CC2,batch_20,0.8763,4.08,316.49,4.137,40.46,2,2,3,c1ccc2c(c1)CCC1CCCC21,True
CCCCc1cc2c(C(C)CC(=O)O)csc2cc1C(N)=O,batch_17,0.8113,3.08,319.43,3.921,80.39,2,3,2,c1ccc2sccc2c1,True
CCCCc1cc2c(CNC3CCC(N)CC3)cccc2cc1OC,batch_9,0.7771,2.304,340.51,4.551,47.28,2,3,3,c1ccc2c(CNC3CCCCC3)cccc2c1,True
CCCCc1ccc2c(c1)C(=O)Cc1c-2cn(C)c1C,batch_8,0.8209,2.654,267.37,4.082,22.0,0,1,3,O=C1Cc2c[nH]cc2-c2ccccc21,True
CCCN(C)CC1CC(C)(c2cccc(C(=O)O)c2C)CCO1,batch_1,0.872,3.515,319.45,3.472,49.77,1,3,2,c1ccc(C2CCOCC2)cc1,True
CCCN1CC(C(=O)NC(C)=O)C=C1c1cccc(CNC(=O)CC2CCC(C)CC2)c1,batch_6,0.6446,3.346,439.6,3.865,78.51,2,4,3,O=C(CC1CCCCC1)NCc1cccc(C2=CCCN2)c1,True
CCCN1CC2C=C1c1cccc(c1)CNC(=O)CC1CCC(CC1)C(=O)NC=CCN(C)C2=O,batch_6,0.6836,5.712,478.64,3.284,81.75,2,4,5,O=C1CC2CCC(CC2)C(=O)NC=CCNC(=O)C2C=C(NC2)c2cccc(c2)CN1,True
CCCN1CC2C=C1c1cccc(c1)CNC(=O)CC1CCC(CC1)C(=O)NCCCN(C)C2=O,batch_6,0.6814,5.527,480.65,3.16,81.75,2,4,5,O=C1CC2CCC(CC2)C(=O)NCCCNC(=O)C2C=C(NC2)c2cccc(c2)CN1,True
CCCN1CC2COc3cc(C)ccc3-c3cccnc3C2C1,batch_24,0.8418,3.287,308.43,3.875,25.36,0,3,4,c1ccc2c(c1)OCC1CNCC1c1ncccc1-2,True
CCCN1CCC(C2C(O)=CCc3cc(C)c(CC(=O)O)cc32)C1,batch_24,0.8686,3.63,329.44,3.436,60.77,2,3,3,C1=CC(C2CCNC2)c2ccccc2C1,True
CCCN1CCC(c2c(O)ccc3c2CCC(C(=O)O)C3)C1,batch_24,0.8977,3.257,303.4,2.781,60.77,2,3,3,c1cc2c(c(C3CCNC3)c1)CCCC2,True
CCCN1CCC(c2c(O)ccc3c2CCC(C(N)=O)C3)C1,batch_24,0.8956,3.307,302.42,2.182,66.56,2,3,3,c1cc2c(c(C3CCNC3)c1)CCCC2,True
CCCN1CCC(c2c(O)ccc3c2CCC(C)(C(=O)O)C3)C1,batch_24,0.8952,3.495,317.43,3.171,60.77,2,3,3,c1cc2c(c(C3CCNC3)c1)CCCC2,True
CCCN1CCC(c2c(O)ccc3cc(C(=O)O)ccc23)C1,batch_24,0.9076,2.677,299.37,3.443,60.77,2,3,3,c1ccc2c(C3CCNC3)cccc2c1,True
CCCN1CCC(c2c(O)cccc2CC2=C(CC(F)(F)F)C(=O)N=C2C)C1,batch_24,0.7789,3.59,394.44,4.384,52.9,1,3,3,O=C1C=C(Cc2ccccc2C2CCNC2)C=N1,True
CCCN1CCC(c2c(O)cccc2Cc2c(CC(=O)OC)oc(C)c2C)C1,batch_24,0.727,3.332,385.5,4.108,62.91,1,5,3,c1ccc(C2CCNC2)c(Cc2ccoc2)c1,True
CCCN1CCC(c2c(O)cccc2Cc2c(CCC(=O)O)oc(C)c2C)C1,batch_24,0.7041,3.289,385.5,4.409,73.91,2,4,3,c1ccc(C2CCNC2)c(Cc2ccoc2)c1,True
CCCN1CCC(c2c(O)cccc2Cc2cc(OC)c(O)cc2OC)C1,batch_24,0.7728,2.929,371.48,3.905,62.16,2,5,3,c1ccc(Cc2ccccc2C2CCNC2)cc1,True
CCCN1CCC(c2c(O)cccc2Cc2cc(OC)ccc2OCC)C1,batch_24,0.7389,2.789,369.51,4.59,41.93,1,4,3,c1ccc(Cc2ccccc2C2CCNC2)cc1,True
CCCN1CCC(c2c(O)cccc2Cc2cc(OCC)ccc2OC)C1,batch_24,0.7389,2.787,369.51,4.59,41.93,1,4,3,c1ccc(Cc2ccccc2C2CCNC2)cc1,True
CCCN1CCC(c2c(O)cccc2Cc2cc(OCC)ccc2OCC)C1,batch_24,0.6631,2.827,383.53,4.98,41.93,1,4,3,c1ccc(Cc2ccccc2C2CCNC2)cc1,True
CCCN1CCC(c2c(O)cccc2Cc2ccc(O)cc2OCC)C1,batch_24,0.778,2.895,355.48,4.287,52.93,2,4,3,c1ccc(Cc2ccccc2C2CCNC2)cc1,True
CCCN1CCC(c2c(O)cccc2Cc2ccccc2)C1,batch_24,0.8941,2.556,295.43,4.182,23.47,1,2,3,c1ccc(Cc2ccccc2C2CCNC2)cc1,True
CCCN1CCC(c2cc(C)c(F)c(C(CCC(=O)O)CC(=O)O)c2)C1,batch_18,0.6967,3.394,365.45,3.757,77.84,2,3,2,c1ccc(C2CCNC2)cc1,True
CCCN1CCC(c2ncccc2-c2c(O)cc(C)c3c2CN(C)CC3)C1,batch_24,0.8905,3.222,365.52,3.95,39.6,1,4,4,c1cnc(C2CCNC2)c(-c2cccc3c2CNCC3)c1,True
CCCN1CCC(c2ncccc2-c2cc(CN)c(C)cc2O)C1,batch_24,0.884,3.018,325.46,3.421,62.38,2,4,3,c1ccc(-c2cccnc2C2CCNC2)cc1,True
CCCN1CCC(c2ncccc2-c2cc(CO)c(C)cc2O)C1,batch_24,0.8834,2.993,326.44,3.454,56.59,2,4,3,c1ccc(-c2cccnc2C2CCNC2)cc1,True
CCCN1CCC(c2ncccc2-c2cc(F)c(OC)cc2O)C1,batch_24,0.9056,2.894,330.4,3.801,45.59,1,4,3,c1ccc(-c2cccnc2C2CCNC2)cc1,True
CCCN1CCC(c2ncccc2-c2cc(NC(N)=O)ccc2CC(C)C)C1,batch_24,0.7351,2.954,380.54,4.637,71.25,2,3,3,c1ccc(-c2cccnc2C2CCNC2)cc1,True
CCCN1CCC(c2ncccc2-c2ccc(Cl)cc2CC(N)=O)C1,batch_24,0.8583,2.879,357.89,3.629,59.22,1,3,3,c1ccc(-c2cccnc2C2CCNC2)cc1,True
CCCN1CCC(c2ncccc2-c2ccc(O)cc2O)C1,batch_24,0.9085,2.821,298.39,3.359,56.59,2,4,3,c1ccc(-c2cccnc2C2CCNC2)cc1,True
CCCN1CCC(c2ncccc2-c2ccc(OC)c(CN)c2)C1,batch_24,0.884,2.752,325.46,3.415,51.38,1,4,3,c1ccc(-c2cccnc2C2CCNC2)cc1,True
CCCN1CCC(c2ncccc2-c2ccc(OC)c(OC)c2)C1,batch_24,0.8045,2.575,326.44,3.965,34.59,0,4,3,c1ccc(-c2cccnc2C2CCNC2)cc1,True
CCCN1CCC(c2ncccc2-c2ccc(OC)c3c2CC(C)O3)C1,batch_24,0.8044,3.36,352.48,4.28,34.59,0,4,4,c1cnc(C2CCNC2)c(-c2cccc3c2CCO3)c1,True
CCCN1CCC2(C1)C(O)CCN2C(=O)c1cc(OC)ccc1NC(=O)c1ccsc1,batch_27,0.7171,3.989,443.57,3.07,82.11,2,6,4,O=C(Nc1ccccc1C(=O)N1CCCC12CCNC2)c1ccsc1,True
CCCN1CCC2C(=Cc3c4c(c(O)c5c(O)ccc2c35)OCC=C4)C1,batch_26,0.8508,3.985,349.43,4.253,52.93,2,4,5,C1=Cc2c(cc3cccc4c3c2C=C2CNCCC24)OC1,True
CCCN1CCC2CC(C(=O)O)CCC2CC1=O,batch_12,0.838,3.301,253.34,2.136,57.61,1,2,2,O=C1CC2CCCCC2CCN1,True
CCCN1Cc2nc3c4c5c6c(cc4c2CC1=O)C(CC(=O)O)=CCC6C=CC5=CC3,batch_16,0.8089,4.295,412.49,4.384,70.5,1,3,6,O=C1Cc2c(nc3c4c5c6c(cc24)C=CCC6C=CC5=CC3)CN1,True
CCCNC(=O)C1=CC=CCC1Oc1cc(OC)cc2ccc(C(=O)NC)cc12,batch_25,0.7549,3.14,394.47,3.368,76.66,2,4,3,C1=CCC(Oc2cccc3ccccc23)C=C1,True
CCCNC(=O)c1ccc2cc(C)c(CCCC(=O)O)cc2c1,batch_28,0.8189,2.01,313.4,3.695,66.4,2,2,2,c1ccc2ccccc2c1,True
CCCNC1CCC(c2cc(OC)c(O)c3c2CCCC3)C2CCCC12,batch_11,0.784,3.767,357.54,4.942,41.49,2,3,4,c1cc2c(c(C3CCCC4CCCC43)c1)CCCC2,True
CCCNC1CCC(c2cc(OC)c(O)c3c2CCCC3)C2SCCC12,batch_11,0.7861,4.15,375.58,4.647,41.49,2,4,4,c1cc2c(c(C3CCCC4CCSC43)c1)CCCC2,True
CCCOc1ccc2c(C)c(C)c(CCCC(=O)O)cc2c1,batch_28,0.8091,2.154,300.4,4.653,46.53,1,2,2,c1ccc2ccccc2c1,True
CCCc1c(C)c(C)cc2c1C=CC1C(NC(=O)CCC(=O)NC)CCC21,batch_16,0.8026,3.907,368.52,3.787,58.2,2,2,3,C1=CC2CCCC2c2ccccc21,True
CCCc1cc(C)cc(O)c1-c1cccnc1C1CCN(CCC)C1,batch_24,0.8124,2.97,338.5,4.914,36.36,1,3,3,c1ccc(-c2cccnc2C2CCNC2)cc1,True
CCCc1cc(O)c(-c2ccccc2)cc1CCN1CCNCC1,batch_19,0.854,2.281,324.47,3.459,35.5,2,3,3,c1ccc(-c2cccc(CCN3CCNCC3)c2)cc1,True
CCCc1cc(O)c(C)c(C)c1CCC(NC(=O)C(C)CCC)C(=O)O,batch_18,0.5883,3.265,363.5,3.9,86.63,3,3,1,c1ccccc1,True
CCCc1cc(OC)c(-c2ccccc2)cc1CCN1CCNCC1,batch_19,0.8317,2.195,338.5,3.762,24.5,1,3,3,c1ccc(-c2cccc(CCN3CCNCC3)c2)cc1,True
CCCc1ccc(NC(C)=O)cc1-c1cccnc1C1CC2CC(C)CN2C1,batch_24,0.8095,3.574,377.53,4.857,45.23,1,3,4,c1ccc(-c2cccnc2C2CC3CCCN3C2)cc1,True
CCCc1ccc(O)c2c1CC(C(=O)NCc1ccccc1)C(C)(C)C2,batch_5,0.8386,2.996,351.49,4.402,49.33,2,2,3,O=C(NCc1ccccc1)C1CCc2ccccc2C1,True
CCCc1ccc(OC)c2c1C(=O)N(CCO)CC2,batch_13,0.8783,2.422,263.34,1.638,49.77,1,3,2,O=C1NCCc2ccccc21,True
CCCc1ccc(OCc2ncc(C)cc2N)cc1,batch_2,0.8902,2.137,256.35,3.504,48.14,1,3,2,c1ccc(OCc2ccccn2)cc1,True
CCCc1cccc(NC(=O)c2ccn(-c3ccccc3)c2)c1,batch_27,0.7292,1.935,304.39,4.682,34.03,1,1,3,O=C(Nc1ccccc1)c1ccn(-c2ccccc2)c1,True
CCCc1cccc(NC(=O)c2ccn(C(C)=O)c2)c1,batch_27,0.9258,2.215,270.33,3.353,51.1,1,2,2,O=C(Nc1ccccc1)c1cc[nH]c1,True
CCCc1cccc(NC(=O)c2ccn(Cc3c(C)nn(C)c3F)c2)c1,batch_27,0.7293,2.579,354.43,3.922,51.85,1,2,3,O=C(Nc1ccccc1)c1ccn(Cc2cn[nH]c2)c1,True
CCCc1cccc(NC(=O)c2ccn(Cc3cccnc3C)c2)c1,batch_27,0.7245,2.257,333.44,4.445,46.92,1,2,3,O=C(Nc1ccccc1)c1ccn(Cc2cccnc2)c1,True
CCCc1ncc2c3c(c4c(cc13)C(C(F)(F)F)C(CN1CCCC1)O4)CCC(=O)N2,batch_15,0.7674,4.066,433.47,4.575,54.46,1,4,5,O=C1CCc2c3c(cc4cncc(c24)N1)CC(CN1CCCC1)O3,True
CCCc1ncc2c3c(c4c(cc13)C(C(F)(F)F)C(CN1CCCCC1)O4)CCC(=O)N2,batch_15,0.7196,4.049,447.5,4.965,54.46,1,4,5,O=C1CCc2c3c(cc4cncc(c24)N1)CC(CN1CCCCC1)O3,True
CCCc1ncc2c3c(c4c(cc13)C(O)(C(F)(F)F)CO4)CCC(=O)N2,batch_15,0.8562,3.955,366.34,3.214,71.45,2,4,4,O=C1CCc2c3c(cc4cncc(c24)N1)CCO3,True
CCCc1ncc2c3c(cc(C(C)(C)C(=O)O)cc13)C1=CC(=O)CC1C(=O)N2,batch_15,0.8491,3.792,378.43,3.474,96.36,2,4,4,O=C1C=C2c3cccc4cncc(c34)NC(=O)C2C1,True
CCCc1ncc2c3c(cc(C(C)(C)CO)cc13)C1=CC=CCC1C(=O)N2,batch_15,0.8489,3.837,362.47,4.369,62.22,2,3,4,O=C1Nc2cncc3cccc(c23)C2=CC=CCC12,True
CCCc1ncc2c3c(cc(C(C)C(=O)O)cc13)C1=CC=CCC1C(=O)N2,batch_15,0.8504,4.005,362.43,4.287,79.29,2,3,4,O=C1Nc2cncc3cccc(c23)C2=CC=CCC12,True
CCCc1ncc2c3c(cc(C4(C(=O)O)CCCC4)cc13)C1=CC=CCC1C(=O)N2,batch_15,0.7546,3.843,402.49,4.995,79.29,2,3,5,O=C1Nc2cncc3cc(C4CCCC4)cc(c23)C2=CC=CCC12,True
CCCc1ncc2c3c(cc(C4CCOC4=O)cc13)C1=CC=CCC1C(=O)N2,batch_15,0.8205,4.156,374.44,4.129,68.29,1,4,5,O=C1Nc2cncc3cc(C4CCOC4=O)cc(c23)C2=CC=CCC12,True
CCCc1ncc2c3c4c5c(cc13)C1(C(F)(F)F)CC(CC5C=C4CC(=O)N2)N(CCO)C1,batch_15,0.7195,5.484,457.5,4.281,65.46,2,4,6,O=C1CC2=CC3CC4CC(CN4)c4cc5cncc(c5c2c43)N1,True
CCCc1ncc2c3c4c5c(cc13)C1(C(F)(F)F)CC3C(CCN3C1)C5C=C4CC(=O)N2,batch_15,0.7228,5.655,439.48,4.918,45.23,1,3,7,O=C1CC2=CC3c4c(cc5cncc(c5c42)N1)C1CC2C3CCN2C1,True
CCCn1c2c(c3c(c1=O)C(=O)C(O)=C(OC1CCCCC1)C3)C=CCCCC2,batch_7,0.7881,3.358,397.52,4.856,68.53,1,4,4,O=C1C=C(OC2CCCCC2)Cc2c3c([nH]c(=O)c21)CCCCC=C3,True
CCCn1c2c(c3c(c1=O)C(O)C(O)=C(CCC(=O)N(C)CC)C3)C=CCCCC2,batch_7,0.7442,3.942,414.55,3.658,82.77,2,4,3,O=c1[nH]c2c(c3c1CC=CC3)C=CCCCC2,True
CCCn1c2c(c3c(c1=O)C(O)C(O)=C1CC(N(C)CC)CC13)C=CCCCC2,batch_7,0.8029,4.613,398.55,4.055,65.7,2,4,4,O=c1[nH]c2c(c3c1CC=C1CCCC13)C=CCCCC2,True
CCCn1c2c(c3c(c1=O)C(O)C(O)C(O)C3)C=CCCCC2,batch_7,0.7674,4.108,319.4,1.309,82.69,3,4,3,O=c1[nH]c2c(c3c1CCCC3)C=CCCCC2,True
CCCn1c2c(c3c(c1=O)CC(=O)N(CC1=CC=CC1)C3)C=CCCCC2,batch_7,0.8161,3.534,364.49,3.769,42.31,0,2,4,O=C1Cc2c(c3c([nH]c2=O)CCCCC=C3)CN1CC1=CC=CC1,True
CCCn1c2c(c3c(c1=O)CC(=O)N(CC1CCCCCN1)C3)C=CCCCC2,batch_7,0.847,3.729,397.56,3.415,54.34,1,3,4,O=C1Cc2c(c3c([nH]c2=O)CCCCC=C3)CN1CC1CCCCCN1,True
CCCn1c2c(c3c(c1=O)CC(=O)N(CC1CCCN(C)C1)C3)C=CCCCC2,batch_7,0.7836,3.653,397.56,3.224,45.55,0,3,4,O=C1Cc2c(c3c([nH]c2=O)CCCCC=C3)CN1CC1CCCNC1,True
CCCn1c2c(c3c(c1=O)CC(=O)N(CC1CCN(C(C)=O)C1)C3)C=CCCCC2,batch_7,0.7654,3.655,411.55,2.751,62.62,0,3,4,O=C1Cc2c(c3c([nH]c2=O)CCCCC=C3)CN1CC1CCNC1,True
CCCn1c2c(c3c(c1=O)CC(=O)N(CC1CCN(C(N)=O)C1)C3)C=CCCCC2,batch_7,0.8228,3.709,412.53,2.283,88.64,1,3,4,O=C1Cc2c(c3c([nH]c2=O)CCCCC=C3)CN1CC1CCNC1,True
CCCn1c2c(c3c(c1=O)CC(=O)N(CC1CCN(CC)C1)C3)C=CCCCC2,batch_7,0.7663,3.642,397.56,3.224,45.55,0,3,4,O=C1Cc2c(c3c([nH]c2=O)CCCCC=C3)CN1CC1CCNC1,True
CCCn1c2c(c3c(c1=O)CC(=O)N1CC(CCCO)CC31)C=CCCCC2,batch_7,0.8478,4.038,384.52,3.216,62.54,1,3,4,O=C1Cc2c(c3c([nH]c2=O)CCCCC=C3)C2CCCN12,True
CCCn1c2c(c3c(c1=O)CC(=O)N1CC(CNC)CC31)C=CCCCC2,batch_7,0.8877,4.078,369.51,2.663,54.34,1,3,4,O=C1Cc2c(c3c([nH]c2=O)CCCCC=C3)C2CCCN12,True
CCCn1c2c(c3c(c1=O)CC(=O)N=C3)C=CCCCC2,batch_7,0.8375,3.412,284.36,2.5,51.43,0,2,3,O=C1Cc2c(c3c([nH]c2=O)CCCCC=C3)C=N1,True
CCCn1c2c(cc(C(O)CO)c1=O)C=CCCCC2,batch_7,0.8848,3.514,277.36,2.024,62.46,2,3,2,O=c1ccc2c([nH]1)CCCCC=C2,True
CCN(C)C(=O)C1CC2C(O1)C(O)C1C3CCOc4c3c(c3ccccc3c4C)C(=O)N21,batch_15,0.7811,4.746,436.51,2.218,79.31,1,5,6,O=C1c2c3c(cc4ccccc24)OCCC3C2CC3OCCC3N12,True
CCN(C)C(=O)NCc1cccc(CC2CCNCC2)c1,batch_21,0.874,2.262,289.42,2.39,44.37,2,2,2,c1ccc(CC2CCNCC2)cc1,True
CCN(C)CCNc1cc(C=C2CC(O)CCC2C(=O)O)ccc1OC,batch_1,0.6596,3.474,362.47,2.688,82.03,3,5,2,C(=C1CCCCC1)c1ccccc1,True
CCN(CCO)CC1C(=O)c2c(ccc3ccc(C(=O)O)cc23)CC1(C)N,batch_9,0.7177,3.697,370.45,1.925,103.86,3,5,3,O=C1CCCc2ccc3ccccc3c21,True
CCN1C(=O)C(CC2=C=CC=C2)c2cc(CCC(=O)O)c3c4c(ccc1c24)C(=O)CCC3,batch_16,0.6678,4.158,427.5,4.868,74.68,1,3,5,O=C1CCCc2ccc3c4c(ccc1c24)NC(=O)C3CC1=C=CC=C1,True
CCN1C(=O)c2c(-c3ccccc3)ccc(OC)c2CC1C(F)(F)F,batch_27,0.8263,2.975,349.35,4.311,29.54,0,2,3,O=C1NCCc2cccc(-c3ccccc3)c21,True
CCN1C(=O)c2ccc3cc(OC)cc(OC4CCC(O)C4)c3c2CC1C,batch_25,0.8954,3.672,369.46,3.547,59.0,1,4,4,O=C1NCCc2c1ccc1cccc(OC3CCCC3)c21,True
CCN1CCC(c2cc(C)c(F)c(C(=CN3CCCC3)CC(=O)O)c2)C1,batch_18,0.8367,3.473,360.47,3.855,43.78,1,3,3,C(=CN1CCCC1)c1cccc(C2CCNC2)c1,True
CCN1CCC(c2cc(C)c(F)c(C(=Cn3ccc(CC(=O)O)c3)CC(=O)O)c2)C1,batch_18,0.6858,3.678,414.48,3.845,82.77,2,3,3,C(=Cn1cccc1)c1cccc(C2CCNC2)c1,True
CCN1CCC(c2cc(C)c(F)c(C(=Cn3cccc3)CC(=O)O)c2)C1,batch_18,0.8429,3.611,356.44,4.218,45.47,1,2,3,C(=Cn1cccc1)c1cccc(C2CCNC2)c1,True
CCN1CCC(c2cc(CCC(=O)O)ccc2OC)CC1,batch_18,0.8753,1.994,291.39,2.912,49.77,1,3,2,c1ccc(C2CCNCC2)cc1,True
CCN1CCc2nc3c4c5c6c(cc4c2CC1)C(CC(=O)O)=CCC6NC(=O)C5=CC3,batch_16,0.8053,4.177,415.49,3.028,82.53,2,4,6,O=C1NC2CC=Cc3cc4c5c(nc6c4c(c32)C1=CC6)CCNCC5,True
CCN1Cc2nc3ccccc3c3c2C(Cc2cc(C(N)=O)ccc2-3)C1,batch_12,0.7749,3.069,343.43,3.476,59.22,1,3,5,c1ccc2c(c1)CC1CNCc3nc4ccccc4c-2c31,True
CCNC(=O)C1=Cc2c(ccc3c2CC(C(=O)NCc2ccccc2)C(C)(C)C3)CC1,batch_5,0.7671,3.337,416.57,4.21,58.2,2,2,4,O=C(NCc1ccccc1)C1CCc2ccc3c(c2C1)C=CCC3,True
CCNC(=O)CC1Cc2cccc3c2C2=C1C(C(=O)O)CC(=O)C2=CC3=O,batch_6,0.8492,3.904,365.39,1.935,100.54,2,4,4,O=C1CCC2=C3C1=CC(=O)c1cccc(c13)CC2,True
CCNC(=O)CCC1=C2C(=C(C)C(=O)c3ccccc32)C(=O)CC1C(=O)O,batch_6,0.8329,3.298,367.4,2.543,100.54,2,4,3,O=C1CCC=C2C1=CC(=O)c1ccccc12,True
CCNC(=O)CCC1=C2C=C(CC(=O)O)C(=O)C3=C2C(CCC3)CC1C(=O)O,batch_6,0.6167,3.984,387.43,2.384,120.77,3,4,3,O=C1C=CC2=CCCC3CCCC1=C23,True
CCNC(=O)CCC1=C2C=C(CCC(=O)O)C(=O)C(C)=C2CCC1C(=O)O,batch_6,0.5989,3.63,375.42,2.384,120.77,3,4,2,O=C1C=CC2=CCCCC2=C1,True
CCNC(=O)CCC1=C2C=C(CCC(=O)O)C(=O)C3=C2C(CCC3)CC1C(=O)O,batch_6,0.5751,3.953,401.46,2.774,120.77,3,4,3,O=C1C=CC2=CCCC3CCCC1=C23,True
CCNC(=O)CCC1=C2C=C(CCC3=CC(O)=CCO3)C(=O)C3=C2C(CCC3)CC1C(=O)O,batch_6,0.5111,4.532,453.54,4.046,112.93,3,5,4,O=C1C(CCC2=CC=CCO2)=CC2=CCCC3CCCC1=C23,True
CCNC(=O)CCC1=C2C=C(CCC3=CC=C=C(O)O3)C(=O)C3=C2C(CCC3)CC1C(=O)O,batch_6,0.4778,4.818,451.52,4.158,112.93,3,5,4,O=C1C(CCC2=CC=C=CO2)=CC2=CCCC3CCCC1=C23,True
CCNC(=O)CCC1=C2C=C(CCC3=CC=CCO3)C(=O)C3=C2C(CCC3)CC1C(=O)O,batch_6,0.5948,4.462,437.54,4.16,92.7,2,4,4,O=C1C(CCC2=CC=CCO2)=CC2=CCCC3CCCC1=C23,True
CCNC(=O)CCC1=C2C=C(CCCC(=O)O)C(=O)C3=C2C(CCC3)CC1C(=O)O,batch_6,0.5319,3.937,415.49,3.165,120.77,3,4,3,O=C1C=CC2=CCCC3CCCC1=C23,True
CCNC(=O)CCC1=C2C=C(CCOC)C(=O)C(C)=C2CCC1C(=O)O,batch_6,0.693,3.702,361.44,2.556,92.7,2,4,2,O=C1C=CC2=CCCCC2=C1,True
CCNC(=O)CCC1=C2C=C(CCc3cccc(=O)o3)C(=O)C3=C2C(CCC3)CC1C(=O)O,batch_6,0.6254,4.106,451.52,3.496,113.68,2,5,4,O=C1C(CCc2cccc(=O)o2)=CC2=CCCC3CCCC1=C23,True
CCNC(=O)CCC1=C2C=C(CCc3ccccc3)C(=O)C3=C2C(CCC3)CC1C(=O)O,batch_6,0.6304,3.772,433.55,4.542,83.47,2,3,4,O=C1C(CCc2ccccc2)=CC2=CCCC3CCCC1=C23,True
CCNC(=O)CCC1=C2C=C(OC)CC3=C2C(CCC3)CC1C(=O)O,batch_6,0.7741,4.075,345.44,3.335,75.63,2,3,3,C1=CC2=CCCC3CCCC(=C23)C1,True
CCNC(=O)CCC1=C2C=C=C(O)C=C2C(O)CC1C(=O)O,batch_6,0.571,4.547,305.33,1.202,106.86,4,4,2,C1=CC=C2CCCC=C2C=1,True
CCNC(=O)CCC1=C2CC(C(=O)O)=CC=C2C(=O)CC1C(=O)O,batch_6,0.6718,3.738,333.34,1.214,120.77,3,4,2,O=C1CCC=C2CC=CC=C12,True
CCNC(=O)CCC1=C2CC(OC)CC(C)=C2C(=O)CC1C(=O)O,batch_6,0.7743,3.928,335.4,1.998,92.7,2,4,2,O=C1CCC=C2CCCC=C12,True
CCNC(=O)CCc1ccc(CC)c(-c2cc(Cl)cc(-n3ccn(CC)c3=O)c2)c1,batch_3,0.5725,2.608,425.96,4.61,56.03,1,2,3,O=c1[nH]ccn1-c1cccc(-c2ccccc2)c1,True
CCNC(=O)CCc1ccc(CC)c(-c2cc(Cl)cc(N3CC(CC(N)=O)CC3=O)c2)c1,batch_3,0.6007,3.045,455.99,3.866,92.5,2,3,3,O=C1CCCN1c1cccc(-c2ccccc2)c1,True
CCNC(=O)Cc1ccc2c(=O)ccc3c(=O)cc4c(c1C(C(=O)O)CC4=O)c23,batch_6,0.6973,3.427,391.38,1.584,117.61,2,5,4,O=C1CCc2cccc3c(=O)ccc4c(=O)cc1c2c34,True
CCNC(=O)Cc1ccc2c3c(c(=O)cc4c-3c1C(C(=O)O)CC4=O)C=CC2O,batch_6,0.7263,4.094,393.4,1.645,120.77,3,5,4,O=C1CCc2cccc3c4c(c(=O)cc1c2-4)C=CC3,True
CCNC(=O)c1cc(CC(C)C(=O)O)cc(CC)c1C,batch_28,0.8395,2.743,277.36,2.57,66.4,2,2,1,c1ccccc1,True
CCNC(=O)c1cc(CCCC(=O)NC)c2c(c1)C(=O)C(CO)CC2CC,batch_4,0.6499,3.59,374.48,2.193,95.5,3,4,2,O=C1CCCc2ccccc21,True
CCNC(=O)c1ccc(C(CCO)=C2CCCCC2)c(CCCC(=O)NC)c1,batch_4,0.6066,2.777,386.54,3.605,78.43,3,3,2,C(=C1CCCCC1)c1ccccc1,True
CCNC(=O)c1ccc2c(C)c(C)c(CCCC(=O)O)cc2c1,batch_28,0.8558,2.174,313.4,3.614,66.4,2,2,2,c1ccc2ccccc2c1,True
CCNC(=O)c1ccc2c(c1)CC=C1C(CCCO)CC(=O)N1C2,batch_25,0.8684,3.323,328.41,1.997,69.64,2,3,3,O=C1CCC2=CCc3ccccc3CN12,True
CCNC(=O)c1ccc2cc(C)c(CCCC(=O)O)cc2c1,batch_28,0.8597,2.024,299.37,3.305,66.4,2,2,2,c1ccc2ccccc2c1,True
CCNC1CC2C(=O)C3COC4=C5C(=CCc6c(CCC(=O)O)cc(c3c65)C2C1)OC=C4,batch_16,0.7387,4.984,433.5,3.567,84.86,2,5,6,O=C1C2COC3=C4C(=CCc5ccc(c2c54)C2CCCC12)OC=C3,True
CCNC1CC2c3cc(CCC(=O)O)c4c5c3C(COC3=C5C(=CC4)OC=C3)C(C)C2C1,batch_16,0.7085,5.121,433.55,4.634,67.79,2,4,6,C1=CC2=C3C(=CCc4ccc5c(c43)C(CO2)CC2CCCC52)O1,True
CCNCC(=O)NCc1cc2cc(CC(=O)O)cc(C(=O)O)c2cc1C,batch_11,0.5708,2.397,358.39,1.699,115.73,4,4,2,c1ccc2ccccc2c1,True
CCNCC(=O)NCc1cc2cc(OC)c(OC)cc2cc1CC,batch_11,0.7811,2.234,330.43,2.645,59.59,2,4,2,c1ccc2ccccc2c1,True
CCOCC(C)Oc1ccc(C(C)CC(=O)O)cc1,batch_17,0.7853,2.814,266.34,3.069,55.76,1,3,1,c1ccccc1,True
CCOCc1ccc2cc1C1CC(=O)CC(Cc3cc(ccc3OC)CNC(=O)CC2)C1,batch_23,0.7686,5.54,435.56,4.49,64.63,1,4,4,O=C1CC2Cc3cccc(c3)CNC(=O)CCc3cccc(c3)C(C1)C2,True
CCOCc1ccc2cc1C=CC(C)Cc1cc(ccc1OC)CNC(=O)CC2,batch_23,0.82,5.06,393.53,4.686,47.56,1,3,3,O=C1CCc2cccc(c2)C=CCCc2cccc(c2)CN1,True
CCOCc1ccc2cc1C=CCCc1cc(ccc1OC)CNC(=O)CC2,batch_23,0.8543,4.516,379.5,4.44,47.56,1,3,3,O=C1CCc2cccc(c2)C=CCCc2cccc(c2)CN1,True
CCOCc1ccc2cc1CCC(C)Cc1cc(ccc1OC)CNC(=O)CC2,batch_23,0.8226,4.813,395.54,4.606,47.56,1,3,3,O=C1CCc2cccc(c2)CCCCc2cccc(c2)CN1,True
CCOc1c(CCCO)cc2c(c1O)CCCC2,batch_22,0.8442,2.479,250.34,2.595,49.69,2,3,2,c1ccc2c(c1)CCCC2,True
CCOc1cc(CC(=O)O)cc(-c2cccc(C(=O)O)c2)c1,batch_8,0.8562,1.896,300.31,3.078,83.83,2,3,2,c1ccc(-c2ccccc2)cc1,True
CCOc1ccc(C(=O)Cc2ccc(Cc3ccccc3)c(CC(=O)O)c2)c(F)c1,batch_18,0.5153,2.185,406.45,4.868,63.6,1,3,3,O=C(Cc1ccc(Cc2ccccc2)cc1)c1ccccc1,True
CCOc1ccc(C(=O)Cc2ccc(Cc3ccccc3)c(CC(=O)O)c2)cc1,batch_18,0.5385,2.024,388.46,4.729,63.6,1,3,3,O=C(Cc1ccc(Cc2ccccc2)cc1)c1ccccc1,True
CCOc1ccc(C)c2c1C=CCC(C(=O)O)CC2,batch_12,0.9051,2.998,260.33,3.444,46.53,1,2,2,C1=Cc2ccccc2CCCC1,True
CCOc1ccc(CNC(=O)Cc2ccc(C)o2)c(Cc2ccc(OC)cc2)c1,batch_11,0.5836,2.195,393.48,4.445,60.7,1,4,3,O=C(Cc1ccco1)NCc1ccccc1Cc1ccccc1,True
CCOc1ccc2cncc(CCC(O)C3COCC(O)CO3)c2c1,batch_4,0.8279,3.746,347.41,1.703,81.04,2,6,3,c1ccc2c(CCCC3COCCCO3)cncc2c1,True
CCc1c(CCO)c(C)cc2c1CCC(C(=O)O)C2,batch_21,0.8749,3.081,262.35,2.282,57.53,2,2,2,c1ccc2c(c1)CCCC2,True
CCc1c(CCOC(C)=O)ccc2c1CCC(C(=O)O)C2,batch_21,0.8465,2.933,290.36,2.544,63.6,1,3,2,c1ccc2c(c1)CCCC2,True
CCc1cc(CCC(=O)O)c2c3c1C=NC1CCC(C)(CC2)N31,batch_17,0.9276,4.387,312.41,3.33,52.9,1,3,4,C1=NC2CCC3CCc4cccc1c4N32,True
CCc1cc2c(-c3cc(CC(N)=O)nn3C)cc(C)c(F)c2cc1C(=O)NC,batch_24,0.7108,2.91,382.44,2.638,90.01,2,3,3,c1ccc2c(-c3ccn[nH]3)cccc2c1,True
CCc1cc2c(-c3cc(CC(N)=O)nn3C)cc(C)c(F)c2cc1C(C)=O,batch_24,0.7014,2.897,367.42,3.481,77.98,1,3,3,c1ccc2c(-c3ccn[nH]3)cccc2c1,True
CCc1cc2c3c(cncc3c1)CC(C(C)CNC1CCN(C(C)=O)CC1)C2,batch_9,0.8605,3.641,379.55,3.749,45.23,1,3,4,c1cc2c3c(cncc3c1)CC(CCNC1CCNCC1)C2,True
CCc1cc2c3c(cncc3c1)CC1C2CC(NC2CCN(C(C)=O)CC2)C1C,batch_9,0.8581,4.103,391.56,4.062,45.23,1,3,5,c1cc2c3c(cncc3c1)CC1CC(NC3CCNCC3)CC21,True
CCc1cc2cc(OC)c(NCC3=CC=NC3=O)cc2cc1Cc1ccoc1,batch_10,0.6592,3.088,374.44,4.544,63.83,1,4,4,O=C1N=CC=C1CNc1ccc2ccc(Cc3ccoc3)cc2c1,True
CCc1ccc(C2NC(=O)C(C)(C)c3cc4c(C(N)=O)cccc4cc32)cc1,batch_29,0.7294,3.076,372.47,3.998,72.19,2,2,4,O=C1Cc2cc3ccccc3cc2C(c2ccccc2)N1,True
CCc1ccc(CC2C(NC(=O)CN3CCCC3)CCC2(C)C)cc1,batch_2,0.8525,3.126,342.53,3.808,32.34,1,2,3,O=C(CN1CCCC1)NC1CCCC1Cc1ccccc1,True
CCc1ccc(CCC(=O)NC(C)=O)cc1-c1cc(CO)cc(-c2cccc(OC)c2)c1,batch_3,0.5431,2.365,431.53,4.679,75.63,2,4,3,c1ccc(-c2cccc(-c3ccccc3)c2)cc1,True
CCc1ccc(CCC(=O)NC)cc1-c1cc(Cl)cc(-n2ccc(OC)c(OC)c2=O)c1,batch_3,0.5468,2.616,454.95,4.416,69.56,1,4,3,O=c1ccccn1-c1cccc(-c2ccccc2)c1,True
CCc1ccc(F)c(-c2ccc3c(c2)-c2cc(CCC(=O)NC)ccc2S(=O)(=O)C3)c1,batch_3,0.63,2.654,437.54,4.688,63.24,1,3,4,O=S1(=O)Cc2ccc(-c3ccccc3)cc2-c2ccccc21,True
CCc1cccc(C2=CCCC3Oc4cccc(C(=O)NCC(=O)O)c4C=C23)c1F,batch_7,0.7781,3.477,407.44,4.224,75.63,2,3,4,C1=C(c2ccccc2)C2=Cc3ccccc3OC2CC1,True
CCc1cccc(C2CCC(C)(C(=O)CCC(=O)O)C2)c1,batch_7,0.8618,3.242,288.39,3.957,54.37,1,2,2,c1ccc(C2CCCC2)cc1,True
CN(C)C(=O)CC1CCCc2c(O)cc(C(CO)CCC(C)(C)CCCO)cc21,batch_10,0.5506,3.816,405.58,3.945,81.0,3,4,2,c1ccc2c(c1)CCCC2,True
CN(C)C(=O)CCc1cc2c(C(CO)CCN3CCC(O)C3)cccc2n(C)c1=O,batch_5,0.6742,3.473,415.53,1.092,86.01,2,5,3,O=c1ccc2c(CCCN3CCCC3)cccc2[nH]1,True
CN(C)C(=O)CCc1cc2c(C3COCC(N4CCCC4)C3)cccc2n(C)c1=O,batch_5,0.7588,3.469,411.55,2.528,54.78,0,4,4,O=c1ccc2c(C3COCC(N4CCCC4)C3)cccc2[nH]1,True
CN(C)CC1=C2C=C3C(=C(O)C2)CCc2ccc4c(c23)CC(CO4)CC(=O)NCc2cccc1c2,batch_6,0.6636,5.889,468.6,4.818,61.8,2,4,6,O=C1CC2COc3ccc4c(c3C2)C2=CC(=Cc3cccc(c3)CN1)CC=C2CC4,True
CN(C)c1cccc(-c2cccc(CC(=O)NCc3ccccc3)c2)c1,batch_21,0.7238,1.793,344.46,4.279,32.34,1,2,3,O=C(Cc1cccc(-c2ccccc2)c1)NCc1ccccc1,True
CN(CCC(=O)O)C(=O)NCc1cccc(CC2CCNCC2)c1,batch_21,0.7111,2.305,333.43,1.845,81.67,3,3,2,c1ccc(CC2CCNCC2)cc1,True
CN1C(=O)C(CC(=O)O)CC2=C1C(=O)C=C1C2=CC=C(OCC2C=CC=C2)C1O,batch_13,0.7336,4.702,395.41,1.646,104.14,2,5,4,O=C1CCC2=C(N1)C(=O)C=C1CC(OCC3C=CC=C3)=CC=C12,True
CN1C(=O)C(CC(=O)O)CC2=C1C(=O)C=C1C2=CC=C(OCC2C=CN=C2)C1O,batch_13,0.7193,5.099,396.4,1.118,116.5,2,6,4,O=C1CCC2=C(N1)C(=O)C=C1CC(OCC3C=CN=C3)=CC=C12,True
CN1C(=O)C2CC3Cc4c(cc5c(CO)c(O)cc1c5c42)C=CCCO3,batch_10,0.8289,5.555,351.4,2.846,70.0,2,4,5,O=C1Nc2cccc3cc4c5c(c23)C1CC(C5)OCCC=C4,True
CN1C(=O)C2CCOCCC=Cc3cc2c2c1cc(O)c(CO)c2c3,batch_10,0.838,5.034,339.39,2.921,70.0,2,4,4,O=C1Nc2cccc3cc4cc(c23)C1CCOCCC=C4,True
CN1C(=O)CCc2c(CCC(=O)O)cc(C(=O)O)cc21,batch_17,0.8648,2.43,277.28,1.311,94.91,2,3,2,O=C1CCc2ccccc2N1,True
CN1C(=O)CCc2c(CCC(=O)O)cc(C(C)(C)C)cc21,batch_17,0.9305,2.503,289.38,2.91,57.61,1,2,2,O=C1CCc2ccccc2N1,True
CN1C(=O)c2ccc(C3CC=NC3)cc2Oc2c(CC(N)=O)cccc21,batch_26,0.9243,3.425,349.39,2.655,84.99,1,4,4,O=C1Nc2ccccc2Oc2cc(C3CC=NC3)ccc21,True
CN1C(=O)c2ccc(C3CC=NC3)cc2Oc2c1ccc1c2CCCC1,batch_26,0.7625,3.465,346.43,4.506,41.9,0,3,5,O=C1Nc2ccc3c(c2Oc2cc(C4CC=NC4)ccc21)CCCC3,True
CN1CC(C2CC(O)C(C)(CO)C2)c2cc(CO)ccc2C1=O,batch_8,0.7797,4.044,319.4,1.118,81.0,3,4,3,O=C1NCC(C2CCCC2)c2ccccc21,True
CN1CC2CCCC(C3CCCC(NC(=O)CCCN)C3)C2C1=O,batch_3,0.8056,3.947,335.49,1.905,75.43,2,3,3,O=C1NCC2CCCC(C3CCCCC3)C12,True
CN1CC2CN(CCc3cccc(-c4ccccc4)c3)CNC2C1,batch_21,0.934,3.235,321.47,2.689,18.51,1,3,4,c1ccc(-c2cccc(CCN3CNC4CNCC4C3)c2)cc1,True
CN1CC=C(c2cn(CCCC(=O)O)c(=O)c3ccccc23)C1=O,batch_14,0.9072,2.657,326.35,1.722,79.61,1,3,3,O=C1NCC=C1c1c[nH]c(=O)c2ccccc12,True
CN1CCC(=O)OCCC2CC(CCN2)Cc2cccc(c2)CNC1=O,batch_21,0.696,5.516,359.47,2.076,70.67,2,4,3,O=C1NCCC(=O)OCCC2CC(CCN2)Cc2cccc(c2)CN1,True
CN1CCc2c(nc3ccccc3c2-c2ccc(C(N)=O)cc2)C1,batch_12,0.7903,2.194,317.39,2.989,59.22,1,3,4,c1ccc(-c2c3c(nc4ccccc24)CNCC3)cc1,True
CNC(=O)C(C)CN1C(=O)c2c3c(c(C)c4c2C(CCO4)C1CO)CCC(C)O3,batch_15,0.8015,4.458,402.49,1.773,88.1,2,5,4,O=C1NCC2CCOc3cc4c(c1c32)OCCC4,True
CNC(=O)C1=Cc2c(ccc3c2CC(C(=O)NCc2ccccc2)C(C)(C)C3)CC1,batch_5,0.8168,3.365,402.54,3.82,58.2,2,2,4,O=C(NCc1ccccc1)C1CCc2ccc3c(c2C1)C=CCC3,True
CNC(=O)CCCc1cc(C(=O)N(C)C)ccc1C(=CCC(C)(C)C)CCO,batch_4,0.6782,2.861,388.55,3.659,69.64,2,3,1,c1ccccc1,True
CNC(=O)CCCc1cc(C(=O)N(C)C)ccc1C(=CCC(C)(C)O)CCO,batch_4,0.5722,2.938,390.52,2.384,89.87,3,4,1,c1ccccc1,True
CNC(=O)CCCc1cc(C(=O)N(C)C)ccc1C(=CCC(C)C)CCO,batch_4,0.6603,2.781,374.53,3.269,69.64,2,3,1,c1ccccc1,True
CNC(=O)CCCc1cc(C(=O)N(C)C)ccc1C(CCO)=C1CCCCC1,batch_4,0.7177,2.824,386.54,3.557,69.64,2,3,2,C(=C1CCCCC1)c1ccccc1,True
CNC(=O)CCCc1cc(C(=O)N2CCCC2)ccc1C(=CCC(C)C)CCO,batch_4,0.6275,2.708,400.56,3.803,69.64,2,3,2,O=C(c1ccccc1)N1CCCC1,True
CNC(=O)CCCc1cc(C(=O)NC)ccc1C(=CCC(C)C)CCO,batch_4,0.6002,2.748,360.5,2.927,78.43,3,3,1,c1ccccc1,True
CNC(=O)CCCc1cc(C(=O)NC)ccc1C(CCO)=C1CCCCC1,batch_4,0.6556,2.791,372.51,3.215,78.43,3,3,2,C(=C1CCCCC1)c1ccccc1,True
CNC(=O)CCCc1ccc(C(=O)NC2CCC(C)(C)C2)cc1,batch_12,0.8472,2.552,316.45,3.064,58.2,2,2,2,O=C(NC1CCCC1)c1ccccc1,True
CNC(=O)CCCc1ccc(C(=O)NC2CCC(C)C2)cc1,batch_12,0.8485,2.643,302.42,2.674,58.2,2,2,2,O=C(NC1CCCC1)c1ccccc1,True
CNC(=O)CCCc1ccc(C(=O)NCC2CCCC2)cc1,batch_12,0.8133,1.865,302.42,2.675,58.2,2,2,2,O=C(NCC1CCCC1)c1ccccc1,True
CNC(=O)CCc1cc(C)c2c(c1)C1=C(CC2)C(O)CC(c2cc(C)cc(OC)c2)=C1,batch_3,0.751,3.48,417.55,4.539,58.56,2,3,4,C1=C(c2ccccc2)CCC2=C1c1ccccc1CC2,True
CNC(=O)CCc1ccc2c(c1)-c1cc(-c3cc(Cl)ccc3F)ccc1CS2(=O)=O,batch_3,0.6308,2.619,443.93,4.779,63.24,1,3,4,O=S1(=O)Cc2ccc(-c3ccccc3)cc2-c2ccccc21,True
CNC(=O)c1cc(CC(C)C(=O)O)cc(C(F)(F)F)c1C,batch_28,0.8983,2.865,303.28,2.637,66.4,2,2,1,c1ccccc1,True
CNC(=O)c1ccc(OC)c2ccc(C3(C)CCCC3)cc12,batch_29,0.9282,2.367,297.4,4.04,38.33,1,2,3,c1ccc2cc(C3CCCC3)ccc2c1,True
CNC(=O)c1ccc2c(c1)CC=C1C(CCCO)CC(=O)N1C2,batch_25,0.8869,3.358,314.39,1.607,69.64,2,3,3,O=C1CCC2=CCc3ccccc3CN12,True
CNC(=O)c1ccc2cc(OC)cc(OC3CC=CC=C3C(=O)NC3CCCC3)c2c1,batch_25,0.7432,3.206,420.51,3.901,76.66,2,4,4,O=C(NC1CCCC1)C1=CC=CCC1Oc1cccc2ccccc12,True
CNC(=O)c1ccc2cc(OC)cc(OC3CC=CC=C3C(=O)NC3CCCCC3)c2c1,batch_25,0.7111,3.21,434.54,4.291,76.66,2,4,4,O=C(NC1CCCCC1)C1=CC=CCC1Oc1cccc2ccccc12,True
CNC(=O)c1ccc2cc(OC)cc(OC3CC=CC=C3C(=O)NC3CCCNC3)c2c1,batch_25,0.6494,3.623,435.52,2.71,88.69,3,5,4,O=C(NC1CCCNC1)C1=CC=CCC1Oc1cccc2ccccc12,True
CNC(=O)c1ccc2cc(OC)cc(OC3CC=CC=C3C(=O)NC3CNC(C)C3)c2c1,batch_25,0.6494,3.951,435.52,2.708,88.69,3,5,4,O=C(NC1CCNC1)C1=CC=CCC1Oc1cccc2ccccc12,True
CNC(=O)c1ccc2cc(OC)cc(OC3CC=CC=C3C(=O)NCCO)c2c1,batch_25,0.6648,3.197,396.44,1.95,96.89,3,5,3,C1=CCC(Oc2cccc3ccccc23)C=C1,True
CNC(=O)c1ccc2cc(OC)cc(OC3CC=CC=C3C3=CCC(C(N)=O)C3)c2c1,batch_25,0.749,3.786,418.49,3.663,90.65,2,4,4,C1=CCC(Oc2cccc3ccccc23)C(C2=CCCC2)=C1,True
CNC(=O)c1ccc2cc(OC)cc(OC3CC=CC=C3c3cccc(CN)c3)c2c1,batch_25,0.6247,3.177,414.51,4.458,73.58,2,4,4,C1=CCC(Oc2cccc3ccccc23)C(c2ccccc2)=C1,True
CNC(=O)c1ccc2cc(OC)cc(OC3CC=CC=C3c3ccccc3)c2c1,batch_25,0.6724,3.003,385.46,4.999,47.56,1,3,4,C1=CCC(Oc2cccc3ccccc23)C(c2ccccc2)=C1,True
CNC(=O)c1ccc2cc(OC)cc(OC3CCCC=C3C3=CCC(C(N)=O)C3)c2c1,batch_25,0.7418,3.699,420.51,3.887,90.65,2,4,4,C1=C(C2=CCCCC2Oc2cccc3ccccc23)CCC1,True
CNC(=O)c1ccc2cc(OC)cc(OC3CCCC=C3C=CCCC(N)=O)c2c1,batch_25,0.6933,3.352,408.5,3.887,90.65,2,4,3,C1=CC(Oc2cccc3ccccc23)CCC1,True
CNC(=O)c1cccc2c(-c3ccc(O)cc3)cc(C(C)(C)C)cc12,batch_29,0.7028,2.096,333.43,4.87,49.33,2,2,3,c1ccc(-c2cccc3ccccc23)cc1,True
CNC(=O)c1cccc2c(-c3ccccc3)cc(C(C)(C)O)cc12,batch_29,0.7636,2.082,319.4,4.094,49.33,2,2,3,c1ccc(-c2cccc3ccccc23)cc1,True
CNC(=O)c1cccc2c(-c3ccsc3)cc(C(F)(F)F)cc12,batch_29,0.7055,2.312,335.35,4.947,29.1,1,2,3,c1ccc2c(-c3ccsc3)cccc2c1,True
CNC(=O)c1cccc2c(C3=C=CC=C3)cc(C(C)(C)C)cc12,batch_29,0.8068,3.174,303.41,4.605,29.1,1,1,3,C1=CC=CC=1c1cccc2ccccc12,True
CNC(=O)c1cccc2ccc(C(C)(C)CO)cc12,batch_29,0.8871,2.15,257.33,2.469,49.33,2,2,2,c1ccc2ccccc2c1,True
CNC(=O)c1cccc2ccc(C(CO)OC3CCC(O)C3C)cc12,batch_16,0.7789,3.713,343.42,2.409,78.79,3,4,3,c1ccc2cc(COC3CCCC3)ccc2c1,True
CNC1CC(Oc2ccc(-c3cccc(OC)c3)cc2OC)CN1,batch_29,0.8537,3.159,328.41,2.657,51.75,2,5,3,c1ccc(-c2ccc(OC3CCNC3)cc2)cc1,True
CNC1c2ccc(C(=O)O)cc2-c2cc(CC(=O)O)cc3c2C1CCC3C,batch_8,0.7641,3.773,365.43,3.934,86.63,3,3,4,c1ccc2c(c1)CC1CCCc3cccc-2c31,True
CNC1c2ccc(C)cc2-c2cc(CC(=O)O)cc3c2C1CCC3=O,batch_8,0.8989,3.528,335.4,3.623,66.4,2,3,4,O=C1CCC2Cc3ccccc3-c3cccc1c32,True
CNCCC(=O)NC1CCCC(C2CCCC3CN(C)C(=O)C32)C1,batch_3,0.8049,3.963,335.49,1.775,61.44,2,3,3,O=C1NCC2CCCC(C3CCCCC3)C12,True
CNCCC(=O)NCc1ccc2cc(O)ccc2c1Cc1ccc(OC)cc1,batch_11,0.5621,2.237,378.47,3.371,70.59,3,4,3,c1ccc(Cc2cccc3ccccc23)cc1,True
CNCCC(=O)NCc1ccccc1Cc1ccc(OC)cc1,batch_11,0.7873,1.849,312.41,2.512,50.36,2,3,2,c1ccc(Cc2ccccc2)cc1,True
CNCCc1ccc2c(=O)n3c4c(c2c1)-c1ccc(N)nc1CC4CCC3,batch_4,0.7533,3.322,360.46,2.841,72.94,2,4,5,O=c1c2ccccc2c2c3n1CCCC3Cc1ncccc1-2,True
CNCCc1ccc2c(=O)n3c4c(c2c1)-c1ccccc1C(O)C4CCC3,batch_4,0.7531,3.376,360.46,3.355,54.26,2,3,5,O=c1c2ccccc2c2c3n1CCCC3Cc1ccccc1-2,True
CNCCc1ccc2c(=O)n3c4c(c2c1)-c1ccccc1CC4CCC3,batch_4,0.7827,2.996,344.46,3.864,34.03,1,2,5,O=c1c2ccccc2c2c3n1CCCC3Cc1ccccc1-2,True
CNCCc1ccc2c(=O)n3c4c(c2c1)C1=C(CC=C=C1)CC4CCC3,batch_4,0.8567,4.043,344.46,3.913,34.03,1,2,5,O=c1c2ccccc2c2c3n1CCCC3CC1=C2C=C=CC1,True
CNCCc1ccc2c(=O)n3c4c5c6c(cc1c25)SCC(=O)C=6CC4CCC3,batch_4,0.7472,3.909,390.51,2.742,51.1,1,4,6,O=C1CSc2cc3cccc4c(=O)n5c6c(c2=C1CC6CCC5)c34,True
CNCc1ccc(OC)c2ccc(C3(C)CCCC3)cc12,batch_29,0.8977,2.432,283.41,4.4,21.26,1,2,3,c1ccc2cc(C3CCCC3)ccc2c1,True
CNCc1cccc(C2=CC=CCC2Oc2cc(OC)cc3ccc(C(=O)NC)cc23)c1,batch_25,0.5718,3.191,428.53,4.718,59.59,2,4,4,C1=CCC(Oc2cccc3ccccc23)C(c2ccccc2)=C1,True
COC(=O)C1CCCCc2c(cc3c(c2C)CCC(C(=O)O)C3)C1,batch_21,0.8456,3.351,330.42,3.243,63.6,1,3,3,c1c2c(cc3c1CCCC3)CCCCCC2,True
COC(=O)CCC(=O)N(C)C1CCC2C(CNC(=O)CCC(N)=O)CCCC2C1,batch_13,0.5575,3.767,409.53,1.365,118.8,2,5,2,C1CCC2CCCCC2C1,True
COC(=O)CCC(=O)N(C)C1CCC2CCCCC2C1,batch_13,0.7444,3.218,281.4,2.757,46.61,0,3,2,C1CCC2CCCCC2C1,True
COC(=O)CCC(=O)N(C)c1ccc(OC)cc1,batch_10,0.746,1.844,251.28,1.611,55.84,0,4,1,c1ccccc1,True
COC(=O)CCC(=O)N(C)c1ccc2c(c1)OC(=O)NC2C,batch_10,0.8569,3.204,306.32,1.766,84.94,1,5,2,O=C1NCc2ccccc2O1,True
COC(=O)CCC(=O)N(C)c1ccc2c(c1)OC1(CC3CCCCC3C1)NC2=O,batch_10,0.7856,4.125,400.48,3.021,84.94,1,5,4,O=C1NC2(CC3CCCCC3C2)Oc2ccccc21,True
COC(=O)CCC(=O)N(C)c1ccc2c(c1)OC1(CCC(CCO)C1)NC2=O,batch_10,0.7152,4.161,390.44,1.604,105.17,2,6,3,O=C1NC2(CCCC2)Oc2ccccc21,True
COC(=O)CCC(=O)n1ccc2cc(C(=O)O)ccc21,batch_10,0.8616,2.224,275.26,1.933,85.6,1,4,2,c1ccc2[nH]ccc2c1,True
COC(=O)CCC(=O)n1ccc2cc(C(C)O)ccc21,batch_10,0.8692,2.804,275.3,2.288,68.53,1,4,2,c1ccc2[nH]ccc2c1,True
COC(=O)CCC(=O)n1ccc2cc(OC)c(OC3CC4CCCN4C3)cc21,batch_10,0.7113,3.378,386.45,2.859,70.0,0,6,4,c1cc2ccc(OC3CC4CCCN4C3)cc2[nH]1,True
COC(=O)CCC(=O)n1ccc2cc(OC)c(OC3CCC(O)C3)cc21,batch_10,0.7958,3.332,361.39,2.536,86.99,1,6,3,c1cc2ccc(OC3CCCC3)cc2[nH]1,True
COC(=O)CCC(=O)n1ccc2cc3c(cc21)C(CC(=O)O)CCC3O,batch_10,0.7951,3.598,359.38,2.62,105.83,2,5,3,c1cc2cc3c(cc2[nH]1)CCCC3,True
COC(=O)CCC(=O)n1ccc2cc3c(cc21)N(C)C(=O)CC3O,batch_10,0.8643,3.296,330.34,1.635,88.84,1,5,3,O=C1CCc2cc3cc[nH]c3cc2N1,True
COC(=O)CCCc1c(C)c(O)cc2c1C(=O)C1(CCC(CO)CC1)C1CCCC21,batch_23,0.6959,4.301,414.54,4.445,83.83,2,5,4,O=C1c2ccccc2C2CCCC2C12CCCCC2,True
COC(=O)CCCc1cc2c(c(F)c1C)CCN1CCCCC21,batch_18,0.7924,3.049,319.42,3.713,29.54,0,3,3,c1ccc2c(c1)CCN1CCCCC21,True
COC(=O)CCN1C=CC2CC(C(=O)O)CC3CCC(C1=O)C23,batch_12,0.7962,4.329,321.37,1.659,83.91,1,4,3,O=C1NC=CC2CCCC3CCC1C23,True
COC(=O)CCc1cc(O)c2ccc(C3CCCC3)cc2c1,batch_19,0.8556,2.203,298.38,4.309,46.53,1,3,3,c1ccc2cc(C3CCCC3)ccc2c1,True
COC(=O)COc1cc(CCC(=O)O)cc(C)c1C,batch_2,0.7957,2.005,266.29,1.872,72.83,1,4,1,c1ccccc1,True
COC(=O)Cc1cc(C)c2c(c1)CC(C(=O)NCc1ccccc1)CC2,batch_5,0.8422,2.652,351.45,3.132,55.4,1,3,3,O=C(NCc1ccccc1)C1CCc2ccccc2C1,True
COC(=O)Cc1cc(C)c2c(c1)CC(C(=O)O)COC2=O,batch_28,0.8397,2.961,292.29,1.124,89.9,1,5,2,O=C1OCCCc2ccccc21,True
COC(=O)Cc1cc2c(C(=O)NC3CCC(N)CC3)cccc2cc1C,batch_9,0.8274,2.317,354.45,2.863,81.42,2,4,3,O=C(NC1CCCCC1)c1cccc2ccccc12,True
COC(=O)c1ccc(OC)c2cc3c(cc12)C(C)(C)CC(O)C3,batch_29,0.8648,3.006,314.38,3.22,55.76,1,4,3,c1ccc2cc3c(cc2c1)CCCC3,True
COC(=O)c1ccc(OC)c2ccc(C(C)(C)CO)cc12,batch_29,0.8789,2.195,288.34,2.905,55.76,1,4,2,c1ccc2ccccc2c1,True
COC(=O)c1ccc2c(C)c(C)c(CCCC(=O)O)cc2c1,batch_28,0.8561,2.137,300.35,3.651,63.6,1,3,2,c1ccc2ccccc2c1,True
COC(=O)c1ccc2c(c1)-c1cc(CC(=O)O)cc(C)c1C(OC)C2C,batch_8,0.8437,3.389,354.4,3.88,72.83,1,4,3,c1ccc2c(c1)CCc1ccccc1-2,True
COC(=O)c1ccc2c(c1)-c1cc(CC(=O)O)cc(C)c1C1CCCC(O)C21,batch_8,0.7915,3.587,380.44,3.801,83.83,2,4,4,c1ccc2c(c1)-c1ccccc1C1CCCCC21,True
COC(=O)c1ccc2c(c1)-c1cc(CC(=O)O)cc(C)c1C1CCCCC21,batch_8,0.7924,3.215,364.44,4.831,63.6,1,3,4,c1ccc2c(c1)-c1ccccc1C1CCCCC21,True
COC(=O)c1ccc2c(c1)-c1cc(CC(=O)O)cc3c1C(CCC3)C2(C)O,batch_8,0.8136,3.424,366.41,3.408,83.83,2,4,4,c1ccc2c(c1)CC1CCCc3cccc-2c31,True
COC(=O)c1ccc2c(c1)-c1cc(CC(=O)O)cc3c1C(CCC3=O)C2(C)O,batch_8,0.794,3.527,380.4,3.049,100.9,2,5,4,O=C1CCC2Cc3ccccc3-c3cccc1c32,True
COC(=O)c1ccc2c(c1)-c1cc(CC(=O)O)cc3c1C(CCC3=O)C2CO,batch_8,0.7912,3.5,380.4,2.917,100.9,2,5,4,O=C1CCC2Cc3ccccc3-c3cccc1c32,True
COC(=O)c1ccc2c(c1)-c1cc(CC(=O)O)cc3c1C(CCC3C)C2(C)O,batch_8,0.7874,3.742,380.44,3.969,83.83,2,4,4,c1ccc2c(c1)CC1CCCc3cccc-2c31,True
COC(=O)c1ccc2c(c1)-c1cc(CC(=O)O)ccc1C1CC3CCC21C3,batch_8,0.8268,4.719,362.43,4.306,63.6,1,3,5,c1ccc2c(c1)-c1ccccc1C13CCC(CC21)C3,True
COC(=O)c1ccc2c(c1)C(c1cc(CC(C)CCCN)ccc1O)CO2,batch_10,0.7286,3.304,369.46,3.621,81.78,2,5,3,c1ccc(C2COc3ccccc32)cc1,True
COC1=C2C(=C(C)C(=O)C3CCC(c4ccc[nH]c4=O)CC23)CC(O)C1=O,batch_18,0.8312,4.491,369.42,2.008,96.46,2,5,4,O=C1C=C2C(=CC(=O)C3CCC(c4ccc[nH]c4=O)CC23)CC1,True
COC1=C2C(=C(C)C(=O)C3CCC(c4ccc[nH]c4=O)CC23)CC2CCCC12,batch_18,0.8233,4.553,379.5,4.495,59.16,1,3,5,O=C1C=C2CC3CCCC3C=C2C2CC(c3ccc[nH]c3=O)CCC12,True
COC1=C=C(c2cc3c4c(c(O)ccc4c2)OCCC(C(=O)O)=C3)C=C1,batch_27,0.8235,3.783,348.35,3.878,75.99,2,4,4,C1=CC=CC=1c1cc2c3c(cccc3c1)OCCC=C2,True
COC1=CCOc2c(ccc(O)c2C(=O)Nc2cccc(C(N)=O)c2)CC1,batch_14,0.7681,2.726,368.39,2.599,110.88,3,5,3,O=C(Nc1ccccc1)c1cccc2c1OCC=CCC2,True
COC1=CCOc2c(ccc(O)c2C(=O)Nc2cccc(OC)c2)CC1,batch_14,0.8776,2.656,355.39,3.508,77.02,2,5,3,O=C(Nc1ccccc1)c1cccc2c1OCC=CCC2,True
COC1CC=C(C)c2cc(CCN3CCNCC3)c(C(F)(F)F)cc2O1,batch_19,0.8818,3.505,370.41,3.311,33.73,1,4,3,C1=Cc2cc(CCN3CCNCC3)ccc2OCC1,True
COC1CCC2C(C1)C(O)C1C3CCOc4c(C)c5c(c(c43)C(=O)N21)C=CCCC5,batch_15,0.7701,4.911,409.53,3.593,59.0,1,4,6,O=C1c2c3c(cc4c2C(CCO4)C2CC4CCCCC4N12)CCCC=C3,True
COC1CCc2c(CCC(=O)O)cc(C)c3c2N1CNC3=O,batch_17,0.8797,3.658,304.35,1.438,78.87,2,4,3,O=C1NCN2CCCc3cccc1c32,True
COC1COC2C(O)C3C4CCOc5c(C)c6c(c(c54)C(=O)N3C2C1)C=CCCC6,batch_15,0.7694,5.035,411.5,2.582,68.23,1,5,6,O=C1c2c3c(cc4c2C(CCO4)C2CC4OCCCC4N12)CCCC=C3,True
COCC1(C)CC(c2ccc3c(c2)N(CCC(=O)NCC(=O)O)C=CO3)CCN1,batch_5,0.6087,4.13,403.48,1.82,100.13,3,6,3,C1=COc2ccc(C3CCNCC3)cc2N1,True
COCC1CC2(CCC(NC(=O)CN3CCCC3)C2)CO1,batch_2,0.8274,4.167,296.41,1.173,50.8,1,4,3,O=C(CN1CCCC1)NC1CCC2(CCOC2)C1,True
COCC1CCNC(=O)C(c2cn(CCCC(=O)O)c(=O)c3ccccc23)O1,batch_14,0.7437,3.525,388.42,1.459,106.86,2,5,3,O=C1NCCCOC1c1c[nH]c(=O)c2ccccc12,True
COCCC(=O)NC1CC2=CC(OCCC(=O)O)=C(C)C(C)C2=CC1=O,batch_23,0.6811,4.121,363.41,1.748,101.93,2,5,2,O=C1C=C2CC=CC=C2CC1,True
COCCC(=O)NC1CC2=CC(OCCC(=O)O)=C3CCCCC3C2=CC1=O,batch_23,0.6604,4.1,389.45,2.282,101.93,2,5,3,O=C1C=C2C(=CC=C3CCCCC32)CC1,True
COCCC(=O)NC1CCCC(C2CCCC3CN(C)C(=O)C32)C1,batch_3,0.8372,3.921,336.48,2.202,58.64,1,3,3,O=C1NCC2CCCC(C3CCCCC3)C12,True
COCCC1=C(OC)CCc2ccc(O)c(C(=O)Nc3ccccc3)c2OC1,batch_14,0.791,2.757,383.44,3.907,77.02,2,5,3,O=C(Nc1ccccc1)c1cccc2c1OCC=CCC2,True
COCCC1CN(c2ccc(OC)c(OC3CCC(N)CC3)c2)c2ccccc21,batch_4,0.7403,3.024,396.53,4.616,56.95,1,5,4,c1cc(OC2CCCCC2)cc(N2CCc3ccccc32)c1,True
COCCC1CNC(=O)CCCCOCCCC(=O)N(C)CCCC(O)C1,batch_10,0.7711,3.894,386.53,1.726,88.1,2,5,1,O=C1CCCCOCCCC(=O)NCCCCCCCN1,True
COCCc1cc(O)c2ccc3c(c2c1)CC(CN1CCC(C)C1)CCC3,batch_19,0.7859,3.299,367.53,4.571,32.7,1,3,4,c1ccc2c3c(ccc2c1)CCCC(CN1CCCC1)C3,True
COCCc1ncc2ccc(C3CCOC3)cn2c1=O,batch_22,0.8451,3.405,274.32,1.387,52.83,0,4,3,O=c1cncc2ccc(C3CCOC3)cn12,True
COCc1ccc(OC)c2ccc(C3(C)CCCC3)cc12,batch_29,0.8005,2.395,284.4,4.827,18.46,0,2,3,c1ccc2cc(C3CCCC3)ccc2c1,True
COCc1ccc2c(O)cc3c(c2c1)C1CN(C2CCCCC2)C(=O)C1CC3,batch_14,0.8534,3.421,379.5,4.513,49.77,1,3,5,O=C1C2CCc3ccc4ccccc4c3C2CN1C1CCCCC1,True
COCc1ccc2c(O)cc3c(c2c1)C1CN(C2CCNCC2)C(=O)C1CC3,batch_14,0.8595,3.578,380.49,2.932,61.8,2,4,5,O=C1C2CCc3ccc4ccccc4c3C2CN1C1CCNCC1,True
COCc1ccc2c(O)cc3c(c2c1)C1CN(CC(=O)O)C(=O)C1CC3,batch_14,0.8785,3.488,355.39,2.265,87.07,2,4,4,O=C1NCC2c3c(ccc4ccccc34)CCC12,True
COCc1ccc2c(O)cc3c(c2c1)C1CN(CCCN)C(=O)C1CC3,batch_14,0.8651,3.517,354.45,2.529,75.79,2,4,4,O=C1NCC2c3c(ccc4ccccc34)CCC12,True
COCc1ccc2c(O)cc3c(c2c1)C1CN(c2ccccc2)C(=O)C1CC3,batch_14,0.741,3.293,373.45,4.385,49.77,1,3,5,O=C1C2CCc3ccc4ccccc4c3C2CN1c1ccccc1,True
COCc1ccc2c(O)cc3c(c2c1)CC(C(=O)NC1CCCCC1)C(O)C3,batch_14,0.7575,3.382,383.49,3.216,78.79,3,4,4,O=C(NC1CCCCC1)C1CCc2ccc3ccccc3c2C1,True
COCc1ccc2c(O)cc3c(c2c1)CC1C(=O)NCCC1C3,batch_14,0.8959,3.495,311.38,2.543,58.56,2,3,4,O=C1NCCC2Cc3ccc4ccccc4c3CC12,True
COCc1ccc2c(O)ccc(CCC(O)CN3CCCC3)c2c1,batch_14,0.8195,2.76,329.44,3.081,52.93,2,4,3,c1ccc2c(CCCCN3CCCC3)cccc2c1,True
COCc1ccc2ccc3c(c2c1)OC1CCCC31,batch_14,0.8057,3.13,254.33,4.015,18.46,0,2,4,c1ccc2c3c(ccc2c1)C1CCCC1O3,True
COCc1ccc2ccc3c(c2c1)OCCC1CCCC31,batch_14,0.7978,3.134,282.38,4.652,18.46,0,2,4,c1ccc2c3c(ccc2c1)C1CCCC1CCO3,True
COCc1ccc2cccc(OC(CO)CC3=CC(C(N)=O)=CC3)c2c1,batch_14,0.7645,3.447,353.42,2.858,81.78,2,4,3,C1=CCC(CCOc2cccc3ccccc23)=C1,True
COCc1ccc2cccc(OC(CO)CC3CCC(C)C3)c2c1,batch_14,0.81,3.35,328.45,4.552,38.69,1,3,3,c1ccc2c(OCCC3CCCC3)cccc2c1,True
COCc1ccc2cccc(OC(CO)Cc3ccccc3)c2c1,batch_14,0.7152,2.546,322.4,3.969,38.69,1,3,3,c1ccc(CCOc2cccc3ccccc23)cc1,True
COc1c(C)c(CC(=O)O)cc2c1CCC(NC(=O)C1CCC(CO)C1)C2,batch_19,0.7069,3.633,375.47,2.013,95.86,3,4,3,O=C(NC1CCc2ccccc2C1)C1CCCC1,True
COc1c(C)c(CCO)c(C)c2c1CCC(NC(=O)C1CCC(=O)N1)C2,batch_19,0.7337,3.571,360.45,1.099,87.66,3,4,3,O=C1CCC(C(=O)NC2CCc3ccccc3C2)N1,True
COc1c(C)c2c(c3c1CCC(NC(=O)C1CCC(=O)C1)C3)CC=CC=CC2,batch_19,0.8737,3.947,379.5,3.557,55.4,1,3,4,O=C1CCC(C(=O)NC2CCc3ccc4c(c3C2)CC=CC=CC4)C1,True
COc1c(C)c2c(c3c1CCC(NC(=O)C1CCCCC1)C3)CCCCC2,batch_19,0.7754,3.026,369.55,4.826,38.33,1,2,4,O=C(NC1CCc2ccc3c(c2C1)CCCCC3)C1CCCCC1,True
COc1c(CC2CC(O)CCC2F)cc2c(c1O)CCCC2,batch_22,0.9004,3.884,308.39,3.321,49.69,2,3,3,c1cc2c(cc1CC1CCCCC1)CCCC2,True
COc1c(O)c2c(c3c1OCC1(C)C3CC(CCCN)C1O)CC(C)CC2,batch_11,0.7528,4.618,375.51,3.128,84.94,3,5,4,c1cc2c(c3c1CCCC3)C1CCCC1CO2,True
COc1c(O)cc(-c2ccccc2)cc1CC(C)(C)CC(=O)N1CCCC1,batch_5,0.8085,2.393,367.49,4.649,49.77,1,3,3,O=C(CCCc1cccc(-c2ccccc2)c1)N1CCCC1,True
COc1c(O)cc(-c2ccccc2)cc1CC1CCOCC1,batch_5,0.9256,2.213,298.38,4.037,38.69,1,3,3,c1ccc(-c2cccc(CC3CCOCC3)c2)cc1,True
COc1c(O)ccc2c1CC(CC(=O)O)c1csc(CO)c1-2,batch_25,0.8061,3.507,320.37,2.736,86.99,3,5,3,c1ccc2c(c1)CCc1cscc1-2,True
COc1c(O)ccc2c1CC(CC(N)=O)c1csc(C(=O)O)c1-2,batch_25,0.7953,3.432,333.37,2.343,109.85,3,5,3,c1ccc2c(c1)CCc1cscc1-2,True
COc1c(OCC2CCCC2)ccc2c(C(C)CC(=O)O)cc(O)cc12,batch_1,0.7501,2.931,358.43,4.701,75.99,2,4,3,c1ccc2cc(OCC3CCCC3)ccc2c1,True
COc1c2c(cc3c1C(=O)CCC3(C)C)CC(NC(=O)C1CCC(=O)N1)CC2,batch_19,0.8368,3.741,384.48,2.201,84.5,2,4,4,O=C1CCC(C(=O)NC2CCc3cc4c(cc3C2)CCCC4=O)N1,True
COc1c2c(cc3c1CCCC3=O)CC(NC(=O)C1CCC(CO)C1)CC2,batch_19,0.853,3.703,371.48,2.596,75.63,2,4,4,O=C1CCCc2cc3c(cc21)CC(NC(=O)C1CCCC1)CC3,True
COc1cc(C(=O)O)cc2c1CCC(C(=O)O)C2,batch_28,0.8505,2.647,250.25,1.583,83.83,2,3,2,c1ccc2c(c1)CCCC2,True
COc1cc(C(O)C(C)C)c(CCN2CCNCC2)cc1-c1ccccc1,batch_19,0.7851,2.864,368.52,3.499,44.73,2,4,3,c1ccc(-c2cccc(CCN3CCNCC3)c2)cc1,True
COc1cc(C(O)C(C)O)c(CCN2CCNCC2)cc1-c1ccccc1,batch_19,0.6975,3.169,370.49,2.224,64.96,3,5,3,c1ccc(-c2cccc(CCN3CCNCC3)c2)cc1,True
COc1cc(C2CCC(N)C(O)C2)c2c(c1O)CCCC2,batch_11,0.7808,3.602,291.39,2.235,75.71,3,4,3,c1cc2c(c(C3CCCCC3)c1)CCCC2,True
COc1cc(C2CCC(N)C(O)C2C)c2c(c1O)CCC(C)C2,batch_11,0.7833,4.093,319.45,2.727,75.71,3,4,3,c1cc2c(c(C3CCCCC3)c1)CCCC2,True
COc1cc(C2CCC(O)C(O)C2)c2c(c1O)CCC(C)C2,batch_11,0.785,3.799,306.4,2.515,69.92,3,4,3,c1cc2c(c(C3CCCCC3)c1)CCCC2,True
COc1cc(C2CCC(O)C(O)C2C)c2c(c1O)CCC(C)C2,batch_11,0.7835,4.035,320.43,2.761,69.92,3,4,3,c1cc2c(c(C3CCCCC3)c1)CCCC2,True
COc1cc(C2CCCC2)cc2c(CNC3CCC(N)CC3)cccc12,batch_9,0.8072,2.37,352.52,4.866,47.28,2,3,4,c1cc(CNC2CCCCC2)c2cc(C3CCCC3)ccc2c1,True
COc1cc(CC(=O)O)cc(-c2cccc(C(=O)O)c2)c1,batch_8,0.8825,1.838,286.28,2.688,83.83,2,3,2,c1ccc(-c2ccccc2)cc1,True
COc1cc(CC(=O)O)cc2c1C(=O)CC1(Cc3ccccc3C1O)C2,batch_8,0.8873,3.926,352.39,2.727,83.83,2,4,4,O=C1CC2(Cc3ccccc3C2)Cc2ccccc21,True
COc1cc(CC(=O)O)cc2c1CCC(C(=O)O)C2,batch_28,0.8608,2.727,264.28,1.512,83.83,2,3,2,c1ccc2c(c1)CCCC2,True
COc1cc(CC(C(=O)O)C2CCC(OCCO)C2)c2c(c1O)CCC(C)C2,batch_11,0.6295,4.068,392.49,2.947,96.22,3,5,3,c1cc2c(c(CCC3CCCC3)c1)CCCC2,True
COc1cc(CC(C)C)cc2c(CNC3CCC(N)CC3)cccc12,batch_9,0.8188,2.32,340.51,4.406,47.28,2,3,3,c1ccc2c(CNC3CCCCC3)cccc2c1,True
COc1cc(CC(N)=O)cc2c(CNC3CCC(N)CC3)cccc12,batch_9,0.7514,2.375,341.46,2.236,90.37,3,4,3,c1ccc2c(CNC3CCCCC3)cccc2c1,True
COc1cc(CC2CCCC2NC(=O)CN2CCCC2)cc(C)c1O,batch_2,0.8312,3.029,346.47,2.632,61.8,2,4,3,O=C(CN1CCCC1)NC1CCCC1Cc1ccccc1,True
COc1cc(CCO)cc2c(CNC3CCC(N)CC3)cccc12,batch_9,0.7626,2.349,328.46,2.743,67.51,3,4,3,c1ccc2c(CNC3CCCCC3)cccc2c1,True
COc1cc(CN(C)CC(=O)O)cc2c(CNC3CCC(N)CC3)cccc12,batch_9,0.6476,2.461,385.51,2.724,87.82,3,5,3,c1ccc2c(CNC3CCCCC3)cccc2c1,True
COc1cc(F)c2c(c1)-c1cc(O)ccc1CCC(NC1CCCCC1)C2,batch_19,0.8011,2.982,369.48,4.987,41.49,2,3,4,c1ccc2c(c1)CCC(NC1CCCCC1)Cc1ccccc1-2,True
COc1cc(O)cc(-c2cc3c4c(c(O)ccc4c2)OCCC(C(=O)O)=C3)c1,batch_27,0.6328,2.829,378.38,4.177,96.22,3,5,4,C1=Cc2cc(-c3ccccc3)cc3cccc(c23)OCC1,True
COc1cc(O)cc2c(C)c(C)c(CCCC(=O)O)cc12,batch_28,0.8822,2.334,288.34,3.578,66.76,2,3,2,c1ccc2ccccc2c1,True
COc1cc(OC2CCC(=O)C2)c2c3c(ccc2c1)C(=O)N1C=CC=CC1C3,batch_25,0.8189,3.919,375.42,3.799,55.84,0,4,5,O=C1CCC(Oc2cccc3ccc4c(c23)CC2C=CC=CN2C4=O)C1,True
COc1cc(OC2CCC(C)(O)C2)c2cc(C(=O)N3CCCC3)ccc2c1,batch_25,0.8913,3.146,369.46,3.767,59.0,1,4,4,O=C(c1ccc2cccc(OC3CCCC3)c2c1)N1CCCC1,True
COc1cc(OC2CCC(C)C2CO)c2c3c(ccc2c1)C(=O)N1CC=CC=C1N3,batch_25,0.8056,4.263,406.48,3.913,71.03,2,5,5,O=C1c2ccc3cccc(OC4CCCC4)c3c2NC2=CC=CCN12,True
COc1cc(OC2CCC(O)C2)c2cc(C(=O)N3CCCC3)ccc2c1,batch_25,0.9134,2.956,355.43,3.377,59.0,1,4,4,O=C(c1ccc2cccc(OC3CCCC3)c2c1)N1CCCC1,True
COc1cc(OC2CCC(O)C2)c2cc(C(=O)N3CCNC(=O)C3)ccc2c1,batch_25,0.838,3.219,384.43,1.713,88.1,2,5,4,O=C1CN(C(=O)c2ccc3cccc(OC4CCCC4)c3c2)CCN1,True
COc1cc(OCCC(=O)O)c2cc(C(=O)NCC(=O)O)ccc2c1,batch_25,0.6614,2.098,347.32,1.516,122.16,3,5,2,c1ccc2ccccc2c1,True
COc1cc2c(c(-c3cc(-c4ccccc4)c(C(C)O)o3)c1)OCCO2,batch_9,0.7517,3.093,352.39,4.447,61.06,1,5,4,c1ccc(-c2coc(-c3cccc4c3OCCO4)c2)cc1,True
COc1cc2c(c(-c3cc(-c4ccccc4OC)c(C(C)O)o3)c1)OCCO2,batch_9,0.7028,3.159,382.41,4.455,70.29,1,6,4,c1ccc(-c2coc(-c3cccc4c3OCCO4)c2)cc1,True
COc1cc2c(c(-c3cc(CC4CCC(C)C4)c(C(C)O)o3)c1)OC(CO)CO2,batch_9,0.7565,4.195,402.49,4.119,81.29,2,6,4,c1cc2c(c(-c3cc(CC4CCCC4)co3)c1)OCCO2,True
COc1cc2c(c(OC)c1C)CCC(C(=O)O)C2,batch_28,0.8931,2.765,250.29,2.202,55.76,1,3,2,c1ccc2c(c1)CCCC2,True
COc1cc2c(c(OC)c1O)CCC(C(=O)O)C2,batch_28,0.8541,2.844,252.27,1.599,75.99,2,4,2,c1ccc2c(c1)CCCC2,True
COc1cc2c(c3c1CCC1CCCCC31)OC1=CC(=O)OC1C2CO,batch_11,0.8247,4.401,356.42,3.193,64.99,1,5,5,O=C1C=C2Oc3c(ccc4c3C3CCCCC3CC4)CC2O1,True
COc1cc2c(c3c1CCC1CCCCC31)OC1CC(C)(CO)OC1C2CO,batch_11,0.8317,4.649,388.5,3.292,68.15,2,5,5,c1cc2c(c3c1CC1OCCC1O3)C1CCCCC1CC2,True
COc1cc2c(c3c1CCC1CCCCC31)OCC(OCCO)C2C(=O)O,batch_11,0.822,4.122,376.45,2.853,85.22,2,5,4,c1cc2c(c3c1CCCO3)C1CCCCC1CC2,True
COc1cc2c(c3c1CCC1CCCCC31)OCC(OCCO)C2CO,batch_11,0.843,4.151,362.47,2.761,68.15,2,5,4,c1cc2c(c3c1CCCO3)C1CCCCC1CC2,True
COc1cc2c(c3cc(C(=O)O)ccc13)CC(NC(=O)C(C)CCC(=O)O)C(O)C2,batch_18,0.5434,3.607,415.44,1.992,133.16,4,5,3,c1ccc2c3c(ccc2c1)CCCC3,True
COc1cc2c(c3cc(C(=O)O)ccc13)CC(NC(=O)C(C)CCCO)C(O)C2,batch_18,0.5632,3.642,401.46,1.899,116.09,4,5,3,c1ccc2c3c(ccc2c1)CCCC3,True
COc1cc2c(c3cc(C(N)=O)ccc13)CC(NC(=O)C(C)CCC(=O)O)C(O)C2,batch_18,0.54,3.638,414.46,1.392,138.95,4,5,3,c1ccc2c3c(ccc2c1)CCCC3,True
COc1cc2c3c(c1)C(CO)CCC3C(C(=O)O)C2,batch_24,0.8728,3.691,262.31,1.905,66.76,2,3,3,c1cc2c3c(c1)CCC3CCC2,True
COc1cc2c3c(c1)OC=C(O3)C(O)CCCC=C(C(=O)O)CC(C)=C2,batch_9,0.8392,5.089,358.39,3.657,85.22,2,5,3,C1=CCCCCC2=COc3cccc(c3O2)C=CC1,True
COc1cc2c3c(c4c(cc3c1)C1C(C=CCCN)=CC=CC1CO4)C(=O)OC2,batch_13,0.8003,4.295,389.45,4.012,70.78,1,5,5,O=C1OCc2cccc3cc4c(c1c23)OCC1C=CC=CC41,True
COc1cc2c3c(cncc3c1)CC(C(C)CNC1CCN(C(C)=O)CC1)C2,batch_9,0.8642,3.587,381.52,3.195,54.46,1,4,4,c1cc2c3c(cncc3c1)CC(CCNC1CCNCC1)C2,True
COc1cc2c3c(cncc3c1)CC1C2CC(NC2CCN(C(C)=O)CC2)C1C,batch_9,0.8671,4.043,393.53,3.508,54.46,1,4,5,c1cc2c3c(cncc3c1)CC1CC(NC3CCNCC3)CC21,True
COc1cc2c3c4c(ccc3c1)C(=O)N1CC=CC(=C1N4)C(=O)NCC1C(C)CCC1O2,batch_25,0.7234,5.511,431.49,3.421,79.9,2,5,6,O=C1NCC2CCCC2Oc2cccc3ccc4c(c23)NC2=C1C=CCN2C4=O,True
COc1cc2c3cc(ccc3c1)C(=O)NCC=CC=CCNCC1C(=O)CCC1O2,batch_25,0.7614,5.052,406.48,3.02,76.66,2,5,4,O=C1NCC=CC=CCNCC2C(=O)CCC2Oc2cccc3ccc1cc23,True
COc1cc2cccc(CNC3CCC(N)CC3)c2cc1C(=O)N1CCCC1,batch_9,0.8325,2.324,381.52,3.444,67.59,2,4,4,O=C(c1ccc2cccc(CNC3CCCCC3)c2c1)N1CCCC1,True
COc1ccc(-c2c(CC(=O)O)ccc(C)c2O)cc1NCCN1CCCC1,batch_1,0.6461,2.373,384.48,3.511,82.03,3,5,3,c1ccc(-c2cccc(NCCN3CCCC3)c2)cc1,True
COc1ccc(-c2c(CC(=O)O)cccc2OC)cc1NCCN1CCCC1,batch_1,0.6895,2.228,384.48,3.506,71.03,2,5,3,c1ccc(-c2cccc(NCCN3CCCC3)c2)cc1,True
COc1ccc(-c2cc(O)cc(CCCO)c2)cc1,batch_8,0.8664,1.855,258.32,2.993,49.69,2,3,2,c1ccc(-c2ccccc2)cc1,True
COc1ccc(-c2cc(O)cc3c(OC)c(OC)ccc23)cc1,batch_1,0.7828,1.941,310.35,4.238,47.92,1,4,3,c1ccc(-c2cccc3ccccc23)cc1,True
COc1ccc(-c2ccc(O)c(OC3CC(O)C(C(=O)NC4CCCCC4)C3)c2)cc1,batch_27,0.6503,3.338,425.53,4.035,88.02,3,5,4,O=C(NC1CCCCC1)C1CCC(Oc2cccc(-c3ccccc3)c2)C1,True
COc1ccc(-c2ccc(O)c(OC3CCC(C(=O)NCCC(N)=O)C3)c2)cc1,batch_27,0.633,2.943,398.46,2.607,110.88,3,5,3,c1ccc(-c2cccc(OC3CCCC3)c2)cc1,True
COc1ccc(-c2ccc(O)c(OCC(F)(F)C(O)CO)c2)cc1,batch_12,0.7214,2.793,340.32,2.435,79.15,3,5,2,c1ccc(-c2ccccc2)cc1,True
COc1ccc(-c2ccc(O)c(OCC(F)(F)F)c2)cc1,batch_12,0.9266,1.891,298.26,4.009,38.69,1,3,2,c1ccc(-c2ccccc2)cc1,True
COc1ccc(C(=O)N2c3c(ccc4ccc(C(=O)O)cc34)C3CCCC32)cc1,batch_9,0.6981,3.048,387.44,4.843,66.84,1,3,5,O=C(c1ccccc1)N1c2c(ccc3ccccc23)C2CCCC21,True
COc1ccc(C(N)=O)c2cc(C3(C)CCCC3)ccc12,batch_29,0.9316,2.375,283.37,3.779,52.32,1,2,3,c1ccc2cc(C3CCCC3)ccc2c1,True
COc1ccc(C(N)=O)c2cc3c(cc12)CC(O)C(=O)C3(C)C,batch_29,0.883,3.24,313.35,1.711,89.62,2,4,3,O=C1CCc2cc3ccccc3cc2C1,True
COc1ccc(C2=C3CC(=O)CCC3C(=O)C=C2)cc1NCCN1CCOCC1,batch_1,0.7975,3.416,396.49,2.701,67.87,1,6,4,O=C1CCC2C(=O)C=CC(c3cccc(NCCN4CCOCC4)c3)=C2C1,True
COc1ccc(C2=C3CC(=O)CCC3C=NC2=O)cc1NCCN1CCOCC1,batch_1,0.7926,3.487,397.48,2.173,80.23,1,6,4,O=C1CCC2C=NC(=O)C(c3cccc(NCCN4CCOCC4)c3)=C2C1,True
COc1ccc(C2=C3CC(C)CCC3C(=O)C=C2)cc1NCCN1CCOCC1,batch_1,0.7933,3.565,396.53,3.768,50.8,1,5,4,O=C1C=CC(c2cccc(NCCN3CCOCC3)c2)=C2CCCCC12,True
COc1ccc(C2=C3CC(C)CCC3C=CC2=O)cc1NCCN1CCOCC1,batch_1,0.7933,3.524,396.53,3.768,50.8,1,5,4,O=C1C=CC2CCCCC2=C1c1cccc(NCCN2CCOCC2)c1,True
COc1ccc(C2=C3CC(C)CCC3C=NC2=O)cc1NCCN1CCOCC1,batch_1,0.7984,3.624,397.52,3.24,63.16,1,5,4,O=C1N=CC2CCCCC2=C1c1cccc(NCCN2CCOCC2)c1,True
COc1ccc(C2=C3CC(O)CCC3C(=O)C=C2)cc1NCCN1CCOCC1,batch_1,0.7673,3.619,398.5,2.493,71.03,2,6,4,O=C1C=CC(c2cccc(NCCN3CCOCC3)c2)=C2CCCCC12,True
COc1ccc(C2=C3CC(O)CCC3C=NC2=O)cc1NCCN1CCOCC1,batch_1,0.761,3.678,399.49,1.965,83.39,2,6,4,O=C1N=CC2CCCCC2=C1c1cccc(NCCN2CCOCC2)c1,True
COc1ccc(C2CCCC2)c(C(=O)N2CCC(O)C2CC2CCCN2)c1,batch_27,0.8339,3.688,372.51,3.07,61.8,2,4,4,O=C(c1ccccc1C1CCCC1)N1CCCC1CC1CCCN1,True
COc1ccc(C2CCCC2)c2c1CC1CC(=O)C(CC3CCCN3)N1C2=O,batch_27,0.8688,4.048,382.5,3.203,58.64,1,4,5,O=C1CC2Cc3cccc(C4CCCC4)c3C(=O)N2C1CC1CCCN1,True
COc1ccc(C2CCCC2)c2c1CC1CC(O)C(CC3CCCN3)N1C2=O,batch_27,0.8378,4.187,384.52,2.995,61.8,2,4,5,O=C1c2c(cccc2C2CCCC2)CC2CCC(CC3CCCN3)N12,True
COc1ccc(C2CCCN2)c(C(=O)N2CCC(=O)C2)c1,batch_27,0.9162,2.988,288.35,1.535,58.64,1,4,3,O=C1CCN(C(=O)c2ccccc2C2CCCN2)C1,True
COc1ccc(CC(O)C2COc3c2cc(CCC(=O)O)c(C)c3C)cc1OC,batch_22,0.7063,3.382,400.47,3.417,85.22,2,5,3,c1ccc(CCC2COc3ccccc32)cc1,True
COc1ccc(CCC(=O)O)cc1C1CCCC(O)C1,batch_18,0.8688,2.826,278.35,2.731,66.76,2,3,2,c1ccc(C2CCCCC2)cc1,True
COc1ccc(CCC(=O)O)cc1C1CCN(C(C)=O)CC1,batch_18,0.9071,2.029,305.37,2.438,66.84,1,3,2,c1ccc(C2CCNCC2)cc1,True
COc1ccc(CNC(=O)CCc2ccc(C(O)c3ccccc3)cc2)cc1C=CCCO,batch_23,0.4082,2.764,445.56,4.422,78.79,3,4,3,O=C(CCc1ccc(Cc2ccccc2)cc1)NCc1ccccc1,True
COc1ccc(CNC(=O)CCc2cccc(-c3ccccc3)c2)cc1,batch_20,0.6789,1.628,345.44,4.611,38.33,1,2,3,O=C(CCc1cccc(-c2ccccc2)c1)NCc1ccccc1,True
COc1ccc(NC(C)=O)c(C(=O)N2CCCCC2)c1,batch_27,0.9211,1.75,276.34,2.28,58.64,1,3,2,O=C(c1ccccc1)N1CCCCC1,True
COc1ccc2c(-c3c(F)cc(F)cc3F)c(C(N)=O)ccc2c1,batch_13,0.7876,2.192,331.29,4.032,52.32,1,2,3,c1ccc(-c2cccc3ccccc23)cc1,True
COc1ccc2c(-c3ccccc3)cc(O)cc2c1OC,batch_1,0.78,1.882,280.32,4.23,38.69,1,3,3,c1ccc(-c2cccc3ccccc23)cc1,True
COc1ccc2c(C)c(C)c(CCCC(=O)O)cc2c1,batch_28,0.8983,2.071,272.34,3.873,46.53,1,2,2,c1ccc2ccccc2c1,True
COc1ccc2c(C3=CC(C)(C(=O)NC(C)CCO)C=C3)c(C(N)=O)ccc2c1,batch_13,0.672,3.714,394.47,2.794,101.65,3,4,3,C1=CC(c2cccc3ccccc23)=CC1,True
COc1ccc2c(C3OCC(CO)O3)ccnc2c1,batch_5,0.9099,3.182,261.28,1.65,60.81,1,5,3,c1ccc2c(C3OCCO3)ccnc2c1,True
COc1ccc2c(CCC(N)=O)cc(O)cc2c1OC,batch_1,0.8738,2.2,275.3,1.98,81.78,2,4,2,c1ccc2ccccc2c1,True
COc1ccc2c(c1)CC1C(C2)CC(O)C1OCCO,batch_10,0.8678,3.722,278.35,1.168,58.92,2,4,3,c1ccc2c(c1)CC1CCCC1C2,True
COc1ccc2c(c1)CCNC2c1ccc(C(C)C)cc1,batch_13,0.916,2.509,281.4,4.054,21.26,1,2,3,c1ccc(C2NCCc3ccccc32)cc1,True
COc1ccc2c(c1)CCNC2c1ccc(O)c(Cc2ccccc2)c1,batch_13,0.7436,2.637,345.44,4.227,41.49,2,3,4,c1ccc(Cc2cccc(C3NCCc4ccccc43)c2)cc1,True
COc1ccc2c(c1)CCNC2c1ccc2c(c1)CCCC2,batch_13,0.9089,2.68,293.41,3.809,21.26,1,2,4,c1ccc2c(c1)CCNC2c1ccc2c(c1)CCCC2,True
COc1ccc2c(c1)Cc1ccc3c(N)nc4c5c3c1N2CC5CC(C)C4,batch_21,0.6942,3.748,357.46,4.547,51.38,1,4,6,c1ccc2c(c1)Cc1ccc3cnc4c5c3c1N2CC5CCC4,True
COc1ccc2c(c1)Oc1cc(C3CN=C(C)C3)ccc1C(=O)N2C,batch_26,0.8319,3.213,336.39,4.026,51.13,0,4,4,O=C1Nc2ccccc2Oc2cc(C3CC=NC3)ccc21,True
COc1ccc2cc(C(=O)O)c(C(C)CCO)cc2c1,batch_27,0.8791,2.655,274.32,3.033,66.76,2,3,2,c1ccc2ccccc2c1,True
COc1ccc2cc(C(=O)O)c(C3CCCCC3)cc2c1,batch_27,0.896,2.019,284.35,4.594,46.53,1,2,3,c1ccc2cc(C3CCCCC3)ccc2c1,True
COc1ccc2cc(CO)c(C)c3c2c1C(=O)C=C3C,batch_17,0.9091,2.709,268.31,3.249,46.53,1,3,3,O=C1C=Cc2cccc3cccc1c23,True
COc1ccc2cc1CC(C)CC(N)c1cc(ccc1COC(C)=O)CCC(=O)NC2,batch_23,0.7351,5.222,424.54,3.589,90.65,2,5,3,O=C1CCc2cccc(c2)CCCCc2cccc(c2)CN1,True
COc1cccc(-c2ccc(CN3CCCC3)c(C(F)(F)F)c2)c1,batch_29,0.7815,1.958,335.37,4.977,12.47,0,2,3,c1ccc(-c2ccc(CN3CCCC3)cc2)cc1,True
COc1cccc(-c2ccc(OC3CC4CC(=O)CC4C3)c(C(=O)O)c2)c1,batch_29,0.8586,3.156,366.41,4.197,72.83,1,4,4,O=C1CC2CC(Oc3ccc(-c4ccccc4)cc3)CC2C1,True
COc1cccc(-c2ccc(OC3CC4CC(=O)NC4C3)c(C(=O)O)c2)c1,batch_29,0.8482,3.421,367.4,3.106,84.86,2,4,4,O=C1CC2CC(Oc3ccc(-c4ccccc4)cc3)CC2N1,True
COc1cccc(-c2ccc(OC3CCC(C)C3)c(C(=O)O)c2)c1,batch_29,0.8703,2.743,326.39,4.628,55.76,1,3,3,c1ccc(-c2ccc(OC3CCCC3)cc2)cc1,True
COc1cccc(-c2ccc(OC3CCN(C(C)=O)C3)c(C(=O)O)c2)c1,batch_29,0.892,2.551,355.39,3.06,76.07,1,4,3,c1ccc(-c2ccc(OC3CCNC3)cc2)cc1,True
COc1cccc(-c2ccc(OC3CCN(C(C)=O)CC3)c(C(C)O)c2)c1,batch_29,0.8708,2.632,369.46,3.805,59.0,1,4,3,c1ccc(-c2ccc(OC3CCNCC3)cc2)cc1,True
COc1cccc(-c2ccc(Oc3ccc(N)nc3)c(C(C)O)c2)c1,batch_29,0.7305,2.6,336.39,4.185,77.6,2,5,3,c1ccc(-c2ccc(Oc3cccnc3)cc2)cc1,True
Cc1c(C(F)(F)F)cc2cc(NC(=O)CCC(=O)NCc3ccncc3)cnc2c1O,batch_15,0.5511,2.611,432.4,3.698,104.21,3,5,3,O=C(CCC(=O)Nc1cnc2ccccc2c1)NCc1ccncc1,True
Cc1c(CC(=O)O)cc2c(c1C)CCC(C(=O)NCc1ccccc1)C2,batch_5,0.868,2.732,351.45,3.352,66.4,2,2,3,O=C(NCc1ccccc1)C1CCc2ccccc2C1,True
Cc1c(CC(=O)O)cc2c3c(cccc13)CC(O)C2C1CCN(CCCO)C1,batch_1,0.7141,3.779,383.49,2.48,81.0,3,4,4,c1cc2c3c(cccc3c1)C(C1CCNC1)CC2,True
Cc1c(CCC(=O)O)cc(-c2ccccc2)c(C)c1C,batch_2,0.8974,1.976,268.36,4.296,37.3,1,1,2,c1ccc(-c2ccccc2)cc1,True
Cc1c(CCC(=O)O)cc(Cc2ccccc2)c(C)c1C,batch_2,0.8912,2.054,282.38,4.22,37.3,1,1,2,c1ccc(Cc2ccccc2)cc1,True
Cc1c(CCC(=O)O)cc(Oc2ccccc2)c(C)c1C,batch_27,0.8836,1.999,284.36,4.421,46.53,1,2,2,c1ccc(Oc2ccccc2)cc1,True
Cc1c(CCC(=O)O)cc2c(c1C)CCC1(C)C(=O)CC3(CCC(O)CC3)C21,batch_26,0.8169,4.347,384.52,4.251,74.6,2,3,4,O=C1CC2(CCCCC2)C2c3ccccc3CCC12,True
Cc1c(CCC(=O)O)cc2c(c1C)CCC1(C)C(=O)CC3(CCCC3)C21,batch_26,0.8406,4.262,354.49,4.89,54.37,1,2,4,O=C1CC2(CCCC2)C2c3ccccc3CCC12,True
Cc1c(CCC(=O)O)cc2c(c1CCCO)CC(=O)C1NC=CC=C21,batch_16,0.736,3.842,341.41,1.931,86.63,3,4,3,O=C1Cc2ccccc2C2=CC=CNC12,True
Cc1c(CCC(=O)O)cc2c(c1CCCO)CC(=O)c1ccccc1-2,batch_16,0.847,2.631,338.4,3.343,74.6,2,3,3,O=C1Cc2ccccc2-c2ccccc21,True
Cc1c(CCC(=O)O)cc2c3c(ccc(C(=O)O)c13)C(=O)C=C2CC1CCC(N)CC1,batch_16,0.6381,3.024,421.49,4.351,117.69,3,4,4,O=C1C=C(CC2CCCCC2)c2cccc3cccc1c23,True
Cc1c(CCC(=O)O)cc2c3c(ccc(C(=O)O)c13)C(=O)C=C2CC1CCCNC1,batch_16,0.6723,3.459,407.47,3.833,103.7,3,4,4,O=C1C=C(CC2CCCNC2)c2cccc3cccc1c23,True
Cc1c(CCCC(=O)O)cc2c(OCCO)cc(O)cc2c1C,batch_28,0.7304,2.467,318.37,2.941,86.99,3,4,2,c1ccc2ccccc2c1,True
Cc1c(CCCC(=O)O)cc2c(c1C)CC(=O)N(C)C2,batch_28,0.9164,2.725,275.35,2.225,57.61,1,2,2,O=C1Cc2ccccc2CN1,True
Cc1c(CCCC(=O)O)cc2c(c1C)CC(=O)N=C2,batch_28,0.9011,3.037,259.3,2.212,66.73,1,2,2,O=C1Cc2ccccc2C=N1,True
Cc1c(CCCC(=O)O)cc2c(c1C)CC(=O)OC2,batch_28,0.8457,2.798,262.31,2.31,63.6,1,3,2,O=C1Cc2ccccc2CO1,True
Cc1c(CCCC(=O)O)cc2c(c1C)CCC(C)(O)C2,batch_28,0.8886,3.195,276.38,2.95,57.53,2,2,2,c1ccc2c(c1)CCCC2,True
Cc1c(CCCC(=O)O)cc2cc(C(=O)NCCO)ccc2c1C,batch_28,0.7285,2.228,329.4,2.586,86.63,3,3,2,c1ccc2ccccc2c1,True
Cc1c(CCCC(=O)O)cc2cc(C(=O)NCCO)ccc2c1O,batch_28,0.6205,2.287,331.37,1.983,106.86,4,4,2,c1ccc2ccccc2c1,True
Cc1c(CCCC(=O)O)cc2cc(C(N)=O)ccc2c1C,batch_28,0.8858,2.18,285.34,2.963,80.39,2,2,2,c1ccc2ccccc2c1,True
Cc1c(CCCC(=O)O)cc2cc(CC(=O)O)ccc2c1C,batch_28,0.856,2.209,300.35,3.491,74.6,2,2,2,c1ccc2ccccc2c1,True
Cc1c(CCCC(=O)O)cc2cc(CCC(=O)O)ccc2c1C,batch_28,0.813,2.207,314.38,3.881,74.6,2,2,2,c1ccc2ccccc2c1,True
Cc1c(CCCC(=O)O)cc2cc(CCC(N)=O)ccc2c1C,batch_28,0.8228,2.262,313.4,3.282,80.39,2,2,2,c1ccc2ccccc2c1,True
Cc1c(CCCC(=O)O)cc2cc(CCCO)ccc2c1C,batch_28,0.8177,2.248,300.4,3.789,57.53,2,2,2,c1ccc2ccccc2c1,True
Cc1c(CCCC(=O)O)cc2cc(OCC(=O)O)c(O)cc2c1C,batch_28,0.7198,2.416,332.35,3.033,104.06,3,4,2,c1ccc2ccccc2c1,True
Cc1c(CCCC(=O)O)cc2cc(OCCC(=O)O)ccc2c1O,batch_28,0.686,2.303,332.35,3.115,104.06,3,4,2,c1ccc2ccccc2c1,True
Cc1c(CCCC(=O)O)cc2cc(OCCO)c(O)cc2c1C,batch_28,0.7304,2.447,318.37,2.941,86.99,3,4,2,c1ccc2ccccc2c1,True
Cc1c(CO)ccc2c1C(C)CC(=O)N2CCCC(=O)O,batch_17,0.8714,2.998,291.35,2.192,77.84,2,3,2,O=C1CCc2ccccc2N1,True
Cc1c(Cc2ccc(C(=O)O)cc2)cc2c(c1C)OCC2CO,batch_22,0.9103,2.953,312.37,3.061,66.76,2,3,3,c1ccc(Cc2ccc3c(c2)CCO3)cc1,True
Cc1c(Cc2ccc(C(N)=O)cc2)cc2c(c1C)OCC2C(=O)O,batch_22,0.9038,2.984,325.36,2.554,89.62,2,3,3,c1ccc(Cc2ccc3c(c2)CCO3)cc1,True
Cc1c(Cc2ccc(C(N)=O)cc2)cc2c(c1C)OCC2CO,batch_22,0.9108,2.994,311.38,2.461,72.55,2,3,3,c1ccc(Cc2ccc3c(c2)CCO3)cc1,True
Cc1c(Cc2ccccc2)cc2c(c1C)OCC2CO,batch_22,0.9246,2.892,268.36,3.363,29.46,1,2,3,c1ccc(Cc2ccc3c(c2)CCO3)cc1,True
Cc1c(O)c(C2CCN(C)CC2)cc(C(C)CC(=O)O)c1F,batch_18,0.8962,3.198,309.38,3.227,60.77,2,3,2,c1ccc(C2CCNCC2)cc1,True
Cc1c(O)c(C2CCNCC2)cc(C(C)CC(=O)O)c1F,batch_18,0.7986,3.311,295.35,2.885,69.56,3,3,2,c1ccc(C2CCNCC2)cc1,True
Cc1c(O)c(CCC(=O)O)cc2c1CCC(C(=O)NCc1ccccc1)C2,batch_5,0.732,2.765,367.45,3.139,86.63,3,3,3,O=C(NCc1ccccc1)C1CCc2ccccc2C1,True
Cc1c(O)cc(C2CCCC2)cc1CN1Cc2ccccc2CC1=O,batch_12,0.9005,2.503,335.45,4.443,40.54,1,2,4,O=C1Cc2ccccc2CN1Cc1cccc(C2CCCC2)c1,True
Cc1c(O)cc(C2CCCO2)cc1CN1CCC(C(=O)O)CC1=O,batch_12,0.8832,3.362,333.38,2.375,87.07,2,4,3,O=C1CCCCN1Cc1cccc(C2CCCO2)c1,True
Cc1c(O)cc2c(c1CCN(C)C)C(=O)C(CNCC(C)C)C1CNCC21,batch_23,0.6836,4.153,373.54,2.166,64.6,3,5,3,O=C1CC2CNCC2c2ccccc21,True
Cc1c(O)cc2c(c1CCN(C)C)C(=O)C1=CC(=O)CC3CCC2C13,batch_23,0.9196,4.193,339.44,3.01,57.61,1,4,4,O=C1C=C2C(=O)c3ccccc3C3CCC(C1)C23,True
Cc1c(O)cc2c(c1Oc1cccc(N3CCC(CCO)C3)c1)CCCC2,batch_3,0.8121,3.03,367.49,4.58,52.93,2,4,4,c1cc(Oc2cccc3c2CCCC3)cc(N2CCCC2)c1,True
Cc1c(O)cc2c(c1Oc1cccc(NC(=O)N(C)CCCO)c1)CCCC2,batch_3,0.6965,2.566,384.48,4.218,82.03,3,4,3,c1ccc(Oc2cccc3c2CCCC3)cc1,True
Cc1c(O)cc2c(c1Oc1cccc(NC(=O)N3CC4=C(CC3=O)OCC4)c1)CCCC2,batch_3,0.7238,3.229,434.49,4.81,88.1,2,5,5,O=C1CC2=C(CCO2)CN1C(=O)Nc1cccc(Oc2cccc3c2CCCC3)c1,True
Cc1c(O)cc2c(c1Oc1cccc(NC(=O)N3CCN4CCCC4C3)c1)CCCC2,batch_3,0.7551,3.015,421.54,4.684,65.04,2,4,5,O=C(Nc1cccc(Oc2cccc3c2CCCC3)c1)N1CCN2CCCC2C1,True
Cc1c(O)cc2c(c1Oc1cccc(NC(=O)NC(=O)Cc3ccco3)c1)CCCC2,batch_3,0.5475,2.627,420.47,4.856,100.8,3,5,4,O=C(Cc1ccco1)NC(=O)Nc1cccc(Oc2cccc3c2CCCC3)c1,True
Cc1c(O)cc2c3c1CN(C(=O)CCC(=O)O)CC3C(=O)N1CCCC21,batch_12,0.8564,3.706,358.39,1.668,98.15,2,4,4,O=C1C2CNCc3cccc(c32)C2CCCN12,True
Cc1c(O)cc2c3c1CN(C(=O)CCC(=O)O)CC3CC1CCCC21,batch_12,0.8828,3.769,343.42,3.279,77.84,2,3,4,c1cc2c3c(c1)C1CCCC1CC3CNC2,True
Cc1c(O)cc2c3c1CN(C(=O)CCC(=O)O)CC3CCC1CCCC21,batch_12,0.8651,3.714,357.45,3.669,77.84,2,3,4,c1cc2c3c(c1)C1CCCC1CCC3CNC2,True
Cc1c(O)cc2c3c1CN(C(=O)CCC(=O)O)CC3N(C)C1CCCC21,batch_12,0.8678,3.883,358.44,2.53,81.08,2,4,4,c1cc2c3c(c1)C1CCCC1NC3CNC2,True
Cc1c(O)cc2c3c1CN(C(=O)CCC(=O)O)CC3NC1CCCC21,batch_12,0.7819,3.966,344.41,2.188,89.87,3,4,4,c1cc2c3c(c1)C1CCCC1NC3CNC2,True
Cc1c(O)cc2c3c1CN(C(=O)CCC(N)=O)CC3CCC1CCCC21,batch_12,0.8729,3.774,356.47,3.069,83.63,2,3,4,c1cc2c3c(c1)C1CCCC1CCC3CNC2,True
Cc1c(O)cc2c3c1CN(C(=O)CCN(C)C)CC3CC(C)(O)C2C,batch_12,0.8817,4.127,346.47,2.336,64.01,2,4,3,c1cc2c3c(c1)CNCC3CCC2,True
Cc1c(O)cc2c3c1CN(C(=O)CCN(C)C)CC3CC1(C)CCCC21,batch_12,0.8968,4.079,356.51,3.756,43.78,1,3,4,c1cc2c3c(c1)C1CCCC1CC3CNC2,True
Cc1c(O)cc2c3c1CN(C(=O)CCN(C)C)CC3CC1(O)CCCC21,batch_12,0.8713,4.167,358.48,2.48,64.01,2,4,4,c1cc2c3c(c1)C1CCCC1CC3CNC2,True
Cc1c(O)cc2c3c1CN(C(=O)CCN(C)C)CC3CCC2C,batch_12,0.9322,3.61,316.45,2.975,43.78,1,3,3,c1cc2c3c(c1)CNCC3CCC2,True
Cc1c(O)cc2c3c1CN(C(=O)CCO)CC3CCC1CCCC21,batch_12,0.8758,3.81,329.44,3.186,60.77,2,3,4,c1cc2c3c(c1)C1CCCC1CCC3CNC2,True
Cc1c(O)cc2c3c1CN(CCC(=O)O)CC3CC1CCCC21,batch_12,0.8977,3.795,315.41,3.362,60.77,2,3,4,c1cc2c3c(c1)C1CCCC1CC3CNC2,True
Cc1c2c(c(=O)n(CC3=CC=NC3)c1C)CC(C(=O)NCc1ccccc1)C(C)(C)C2,batch_5,0.8089,3.738,417.55,3.533,63.46,1,3,4,O=C(NCc1ccccc1)C1CCc2ccn(CC3=CC=NC3)c(=O)c2C1,True
Cc1c2c(c(=O)n(CC3=CC=NC3)c1O)CC(C(=O)NCc1ccccc1)C(C)(C)C2,batch_5,0.7816,3.813,419.53,2.931,83.69,2,4,4,O=C(NCc1ccccc1)C1CCc2ccn(CC3=CC=NC3)c(=O)c2C1,True
Cc1c2c(c(=O)n(CCCC(=O)O)c1C)CC(C(=O)NCc1ccccc1)C(C)(C)C2,batch_5,0.7131,3.214,424.54,3.387,88.4,2,3,3,O=C(NCc1ccccc1)C1CCc2cc[nH]c(=O)c2C1,True
Cc1c2c(c(=O)n(CCCC(N)=O)c1C)CC(C(=O)NCc1ccccc1)C(C)(C)C2,batch_5,0.717,3.261,423.56,2.788,94.19,2,3,3,O=C(NCc1ccccc1)C1CCc2cc[nH]c(=O)c2C1,True
Cc1c2c(c3c4c1OCCC4C(CO)N(CC(C)CCC(N)=O)C3=O)CCCCC2,batch_15,0.7003,4.098,414.55,2.848,92.86,2,4,4,O=C1NCC2CCOc3cc4c(c1c32)CCCCC4,True
Cc1c2c(c3c4c1OCCC4C1C(O)C4CC(CO)OCC4N1C3=O)C=CCCC2,batch_15,0.7406,5.044,411.5,2.176,79.23,2,5,6,O=C1c2c3c(cc4c2C(CCO4)C2CC4CCOCC4N12)CCCC=C3,True
Cc1c2c(c3c4c1OCCC4C1C(O)C4CCC(C)C4N1C3=O)CCCCC2,batch_15,0.6966,4.651,381.52,3.744,49.77,1,3,6,O=C1c2c3c(cc4c2C(CCO4)C2CC4CCCC4N12)CCCCC3,True
Cc1c2c(c3cc(C(N)=O)ccc3c1O)CC(C(=O)NCc1ccccc1)C(C)(C)C2,batch_5,0.5999,3.12,416.52,4.01,92.42,3,3,4,O=C(NCc1ccccc1)C1CCc2ccc3ccccc3c2C1,True
Cc1c2c(c3cc4c(cc3c1O)C(C)CC1=NC(CC(N)=O)CC14)C=CCC2,batch_6,0.8123,4.589,374.48,4.493,75.68,2,3,5,C1=Cc2c(ccc3cc4c(cc23)C2CCN=C2CC4)CC1,True
Cc1c2c(c3cc4c(cc3c1O)C(C)CC1=NC(CO)CC14)C=CCC2,batch_6,0.7914,4.579,347.46,4.61,52.82,2,3,5,C1=Cc2c(ccc3cc4c(cc23)C2CCN=C2CC4)CC1,True
Cc1c2c(c3cc4c(cc3c1O)C(C)CC1NC(CO)CC41)C=CCC2,batch_6,0.7256,4.582,349.47,4.127,52.49,3,3,5,C1=Cc2c(ccc3cc4c(cc23)C2CCNC2CC4)CC1,True
Cc1c2c(cc3c1CCC(C(=O)O)C3)CC(C(=O)O)CCCC2,batch_21,0.8787,3.33,316.4,3.154,74.6,2,2,3,c1c2c(cc3c1CCCC3)CCCCCC2,True
Cc1c2c3c(c4ccccc14)C(=O)N1C4CC(C)(C)CC4C(O)C1C3CCO2,batch_15,0.7544,4.489,377.48,4.018,49.77,1,3,6,O=C1c2c3c(cc4ccccc24)OCCC3C2CC3CCCC3N12,True
Cc1c2c3c(c4ccccc14)C(=O)N1C4CC(CCCN)OC4C(O)C1C3CCO2,batch_15,0.8151,4.662,408.5,2.478,85.02,2,5,6,O=C1c2c3c(cc4ccccc24)OCCC3C2CC3OCCC3N12,True
Cc1c2c3c(c4ccccc14)C(=O)N1C4CC5CCOC5C4C(O)C1C3CCO2,batch_15,0.7501,4.818,391.47,3.007,59.0,1,4,7,O=C1c2c3c(cc4ccccc24)OCCC3C2CC3C4OCCC4CC3N12,True
Cc1c2c3c(c4ccccc14)C(=O)N1C4CCC(O)C4C(O)C1C3CCO2,batch_15,0.7519,4.562,365.43,2.353,70.0,2,4,6,O=C1c2c3c(cc4ccccc24)OCCC3C2CC3CCCC3N12,True
Cc1c2c3c4c(cccc4c1C)C=CC3CC(C(=O)O)CC2,batch_28,0.8334,3.556,292.38,4.604,37.3,1,1,4,C1=CC2CCCCc3ccc4cccc1c4c32,True
Cc1cc(-c2cccc(=O)o2)cc(CCC(=O)O)c1C,batch_2,0.9288,2.343,272.3,2.941,67.51,1,3,2,O=c1cccc(-c2ccccc2)o1,True
Cc1cc(-c2ccccc2)cc(CCC(=O)O)c1C,batch_2,0.8954,1.82,254.33,3.988,37.3,1,1,2,c1ccc(-c2ccccc2)cc1,True
Cc1cc(-c2ccccc2O)cc(CCC(=O)O)c1C,batch_2,0.8904,2.059,270.33,3.693,57.53,2,2,2,c1ccc(-c2ccccc2)cc1,True
Cc1cc(C(=O)N2CCCC2)c2c(c1O)CCC(=O)N2,batch_11,0.8204,2.548,274.32,1.821,69.64,2,3,3,O=C1CCc2cccc(C(=O)N3CCCC3)c2N1,True
Cc1cc(C(=O)N2CCCC2CCc2cccnc2)c2c(c1O)CCC(=O)N2,batch_11,0.8545,3.186,379.46,3.218,82.53,2,4,4,O=C1CCc2cccc(C(=O)N3CCCC3CCc3cccnc3)c2N1,True
Cc1cc(C(=O)N2CCCC2CCc2cnc(N)nc2)c2c(c1O)CCC(=O)N2,batch_11,0.7296,3.377,395.46,2.195,121.44,3,6,4,O=C1CCc2cccc(C(=O)N3CCCC3CCc3cncnc3)c2N1,True
Cc1cc(C)c(C(=O)NC(=O)CCc2ccc(C)c(C3=CCCO3)c2)c(C)c1,batch_20,0.8303,2.597,377.48,4.571,55.4,1,3,3,O=C(CCc1cccc(C2=CCCO2)c1)NC(=O)c1ccccc1,True
Cc1cc(C)c(C(=O)NC(=O)CCc2ccc(C)c(C3CCCC3)c2)c(C)n1,batch_20,0.808,2.365,378.52,4.862,59.06,1,3,3,O=C(CCc1cccc(C2CCCC2)c1)NC(=O)c1cccnc1,True
Cc1cc(C2=CC=CC(=CCC(N)=O)O2)cc(CCC(=O)O)c1C,batch_2,0.8402,3.336,327.38,3.007,89.62,2,3,2,C=C1C=CC=C(c2ccccc2)O1,True
Cc1cc(C2CCN(CC(C)C)C2)cc(C(CC(=O)O)c2ccc(N)nc2)c1F,batch_18,0.7307,3.496,399.51,4.163,79.45,2,4,3,c1cncc(Cc2cccc(C3CCNC3)c2)c1,True
Cc1cc(CC(=O)O)cc(-c2cc(CCCC(=O)O)cc(O)c2C)c1,batch_26,0.7128,2.33,342.39,3.71,94.83,3,3,2,c1ccc(-c2ccccc2)cc1,True
Cc1cc(CC2CCCC2NC(=O)CN2CCCC2)ccc1O,batch_2,0.8778,2.926,316.45,2.624,52.57,2,3,3,O=C(CN1CCCC1)NC1CCCC1Cc1ccccc1,True
Cc1cc(CCC(=O)O)c2c3c1C(O)=NCN3C(=O)CC2,batch_17,0.8829,3.199,288.3,1.567,90.2,2,3,3,O=C1CCc2cccc3c2N1CN=C3,True
Cc1cc(CCC(=O)O)c2c3c1C=NC1CCC(CC2)N31,batch_17,0.9281,4.121,284.36,2.686,52.9,1,3,4,C1=NC2CCC3CCc4cccc1c4N32,True
Cc1cc(CCC(=O)O)c2c3c1CCC1COCC(CC2)N31,batch_17,0.9316,3.674,301.39,2.478,49.77,1,3,4,c1cc2c3c(c1)CCC1COCC(CC2)N31,True
Cc1cc(CCC(=O)O)c2c3c1CN=C(O)N3CCC2,batch_17,0.8858,3.173,274.32,2.192,73.13,2,3,3,C1=NCc2cccc3c2N1CCC3,True
Cc1cc(CCC(=O)O)c2c3c1CNC(=O)N3CCC2,batch_17,0.8852,2.88,274.32,1.988,69.64,2,2,3,O=C1NCc2cccc3c2N1CCC3,True
Cc1cc(CCC(=O)O)c2c3c1CNC(O)N3CCC2,batch_17,0.772,3.627,276.34,1.144,72.8,3,4,3,c1cc2c3c(c1)CNCN3CCC2,True
Cc1cc(CCC(=O)O)c2c3c1CNCN3C(=O)CC2,batch_17,0.8727,3.119,274.32,1.352,69.64,2,3,3,O=C1CCc2cccc3c2N1CNC3,True
Cc1cc(CCC2NC(=O)C(C)(C)c3cc4c(C(N)=O)cccc4cc32)ns1,batch_29,0.7072,3.709,393.51,3.785,85.08,2,4,4,O=C1Cc2cc3ccccc3cc2C(CCc2ccsn2)N1,True
Cc1cc(O)c2c(C3COCC(NC(=O)CCCC(=O)O)C3)cccc2c1,batch_3,0.7251,3.315,371.43,3.097,95.86,3,4,3,c1ccc2c(C3CCCOC3)cccc2c1,True
Cc1cc(OC(F)(F)c2ccccc2)cc(CCC(=O)O)c1C,batch_2,0.8552,2.26,320.34,4.449,46.53,1,2,2,c1ccc(COc2ccccc2)cc1,True
Cc1cc(OC2CCOC2)cc(CCC(=O)O)c1C,batch_2,0.8874,2.813,264.32,2.488,55.76,1,3,2,c1ccc(OC2CCOC2)cc1,True
Cc1cc2c(=O)[nH]c3cccn3c2c(C)c1CCC(=O)O,batch_17,0.7753,2.909,284.31,2.415,74.57,2,2,3,O=c1[nH]c2cccn2c2ccccc12,True
Cc1cc2c(c3c1C=CC(C(N)=O)C3)CC(C(=O)NCc1ccccc1)C(C)(C)C2,batch_5,0.818,3.881,402.54,3.723,72.19,2,2,4,O=C(NCc1ccccc1)C1CCc2ccc3c(c2C1)CCC=C3,True
Cc1cc2c(c3c4c(cc(O)c13)C(=O)CC=C4)CC(NC(=O)C(C)CC(=O)O)CC2,batch_18,0.7193,3.931,407.47,3.538,103.7,3,4,4,O=C1CC=Cc2c1ccc1ccc3c(c21)CCCC3,True
Cc1cc2c(c3c4c(cc(O)c13)C(=O)N=C=C4)CC(NC(=O)C(C)CC(=O)O)CC2,batch_18,0.722,4.381,406.44,2.775,116.06,3,4,4,O=C1N=C=Cc2c1ccc1ccc3c(c21)CCCC3,True
Cc1cc2c(c3c4c(cc(O)c13)C(=O)N=CC4)CC(NC(=O)C(C)CC(=O)O)CC2,batch_18,0.7193,4.038,408.45,2.705,116.06,3,4,4,O=C1N=CCc2c1ccc1ccc3c(c21)CCCC3,True
Cc1cc2c(cc1CC(=O)O)CC(NC1CCCCC1)CC2,batch_19,0.8958,2.819,301.43,3.402,49.33,2,2,3,c1ccc2c(c1)CCC(NC1CCCCC1)C2,True
Cc1cc2c(cc1CCCC(=O)O)CN(c1ccccc1)CC2,batch_28,0.9084,2.108,309.41,3.965,40.54,1,2,3,c1ccc(N2CCc3ccccc3C2)cc1,True
Cc1cc2c(cc1O)SCC21CCC(C(O)CN2CCC3CCCCC3C2)O1,batch_10,0.7973,4.923,403.59,4.054,52.93,2,5,5,c1ccc2c(c1)SCC21CCC(CCN2CCC3CCCCC3C2)O1,True
Cc1cc2c3c(cc(CCC(=O)O)c4c3c1CCC4)C1CC(=O)CC1(O)C2,batch_16,0.8755,4.084,364.44,3.388,74.6,2,3,5,O=C1CC2Cc3ccc4c5c(ccc(c35)C2C1)CCC4,True
Cc1cc2c3c(cc(CCC(=O)O)c4c3c1CCC4)CC(O)(CO)C2,batch_16,0.799,3.593,340.42,2.476,77.76,3,3,4,c1cc2c3c(ccc4c3c1CCC4)CCC2,True
Cc1cc2c3c(cccc3c1C)OCC(C(=O)O)C2,batch_28,0.8525,2.962,256.3,3.092,46.53,1,2,3,c1cc2c3c(cccc3c1)OCCC2,True
Cc1cc2ccc(C(=O)NCCO)cc2cc1CCCC(=O)O,batch_28,0.7314,2.085,315.37,2.278,86.63,3,3,2,c1ccc2ccccc2c1,True
Cc1cc2ccc(CCC(N)=O)cc2cc1CCCC(=O)O,batch_28,0.8244,2.115,299.37,2.973,80.39,2,2,2,c1ccc2ccccc2c1,True
Cc1cc2cccc(C(=O)NC3CCC(N)CC3)c2cc1CC(=O)O,batch_9,0.7978,2.291,340.42,2.775,92.42,3,3,3,O=C(NC1CCCCC1)c1cccc2ccccc12,True
Cc1cc2cccc(CNC3CCC(N)CC3)c2cc1CN1CCNC1=O,batch_9,0.7617,2.641,366.51,3.033,70.39,3,3,4,O=C1NCCN1Cc1ccc2cccc(CNC3CCCCC3)c2c1,True
Cc1cc2ccccc2c2c1CC(CO)C(C(=O)NCc1ccccc1)C2,batch_5,0.7446,3.112,359.47,3.788,49.33,2,2,4,O=C(NCc1ccccc1)C1CCc2ccc3ccccc3c2C1,True
Cc1ccc(-c2cc(C)c(C)c(CCC(=O)O)c2)o1,batch_2,0.9047,2.207,258.32,3.889,50.44,1,2,2,c1ccc(-c2ccco2)cc1,True
Cc1ccc(C2C(=O)NC3CCCC32)c2c1C(O)c1cccc(F)c1O2,batch_1,0.8218,4.205,353.39,3.704,58.56,2,3,5,O=C1NC2CCCC2C1c1cccc2c1Oc1ccccc1C2,True
Cc1ccc(C2C(C)C(=O)CC2C(N)=O)c2c1C(O)c1cccc(F)c1O2,batch_1,0.8511,4.214,369.39,3.116,89.62,2,4,4,O=C1CCC(c2cccc3c2Oc2ccccc2C3)C1,True
Cc1ccc(C2C(CN)CCC2CO)c2c1C(O)c1cccc(F)c1O2,batch_1,0.7871,4.189,357.43,3.382,75.71,3,4,4,c1ccc2c(c1)Cc1cccc(C3CCCC3)c1O2,True
Cc1ccc(C2C(CO)CC3(C)CC(O)CC23)c2c1C(O)c1cccc(F)c1O2,batch_1,0.7094,4.653,398.47,4.195,69.92,3,4,5,c1ccc2c(c1)Cc1cccc(C3CCC4CCCC43)c1O2,True
Cc1ccc(C2C(CO)OC3COCCC32)c2c1C(O)c1cccc(F)c1O2,batch_1,0.8297,4.406,386.42,3.201,68.15,2,5,5,c1ccc2c(c1)Cc1cccc(C3COC4COCCC43)c1O2,True
Cc1ccc(C2CCCC(NC3CCCCC3)C2)cc1,batch_19,0.8204,2.708,271.45,4.944,12.03,1,1,3,c1ccc(C2CCCC(NC3CCCCC3)C2)cc1,True
Cc1ccc(C2CNC(=O)C2)cc1C1CC2CCNC2C1,batch_5,0.8757,3.93,284.4,2.454,41.13,2,2,4,O=C1CC(c2cccc(C3CC4CCNC4C3)c2)CN1,True
Cc1ccc(CC(=O)NCc2ccc3c4c2ccn4-c2ccnc4c2C(CC4)O3)o1,batch_11,0.5593,3.543,399.45,4.166,69.29,1,4,6,O=C(Cc1ccco1)NCc1ccc2c3c1ccn3-c1ccnc3c1C(CC3)O2,True
Cc1ccc(CCC(=O)NC(=O)c2cc3ccccc3s2)cc1CCC(=O)O,batch_20,0.6304,2.243,395.48,4.116,83.47,2,4,3,O=C(CCc1ccccc1)NC(=O)c1cc2ccccc2s1,True
Cc1ccc(CCC(=O)NC(=O)c2cc3ccccc3s2)cc1CCC(N)=O,batch_20,0.6425,2.287,394.5,3.517,89.26,2,4,3,O=C(CCc1ccccc1)NC(=O)c1cc2ccccc2s1,True
Cc1ccc(CCC(=O)NC(=O)c2ccc(C)c(C)c2C)cc1C(=O)CCN,batch_20,0.7211,2.303,380.49,3.341,89.26,2,4,2,O=C(CCc1ccccc1)NC(=O)c1ccccc1,True
Cc1ccc2c(c1)CC1(CCC(NC(=O)CN3CCCC3)C1)C2,batch_2,0.9306,3.656,312.46,2.845,32.34,1,2,4,O=C(CN1CCCC1)NC1CCC2(Cc3ccccc3C2)C1,True
Cc1ccc2c(c1O)CC1(CCC(NC(=O)CN3CCCC3)C1)C2,batch_2,0.8965,3.862,328.46,2.55,52.57,2,3,4,O=C(CN1CCCC1)NC1CCC2(Cc3ccccc3C2)C1,True
Cc1ccc2c3c1Cc1c(c4c(cccc4n(C)c1=O)C(CO)CCCOC2=O)C3,batch_5,0.495,4.607,403.48,3.368,68.53,1,4,5,O=C1OCCCCc2cccc3[nH]c(=O)c4c(c23)Cc2c(cccc21)C4,True
Cc1ccccc1-c1cc2c(cc1C)S(=O)(=O)N=C2C(=O)NC1CCC(N)CC1,batch_9,0.8107,2.841,411.53,2.848,101.62,2,4,4,O=C(NC1CCCCC1)C1=NS(=O)(=O)c2ccc(-c3ccccc3)cc21,True
Cc1cncc2c3c(c(O)cc12)C(C)(O)c1ccc(CCCN(C)C)cc1O3,batch_10,0.7154,3.474,378.47,4.105,65.82,2,5,4,c1ccc2c(c1)Cc1ccc3ccncc3c1O2,True
Cc1cncc2c3c(c(O)cc12)C(O)c1ccc(Cl)cc1O3,batch_10,0.6559,3.305,313.74,4.09,62.58,2,4,4,c1ccc2c(c1)Cc1ccc3ccncc3c1O2,True
Cn1c(=O)c2c3c4c(cccc41)C(CO)CC(=O)NC3c1ccccc1C2,batch_5,0.6984,3.665,360.41,2.128,71.33,2,3,5,O=C1CCc2cccc3[nH]c(=O)c4c(c23)C(N1)c1ccccc1C4,True
Cn1c(=O)c2c3c4c(cccc41)C(CO)CCCC3c1ccc(O)cc1C2,batch_5,0.6968,3.666,361.44,3.54,62.46,2,3,5,O=c1[nH]c2cccc3c2c2c1Cc1ccccc1C2CCCC3,True
Cn1c(=O)c2c3c4c(cccc41)C(CO)CCOc1ccccc1C(=CC2)C3,batch_5,0.7094,4.567,373.45,3.579,51.46,1,3,5,O=c1[nH]c2cccc3c2c2c1CC=C(C2)c1ccccc1OCCC3,True
Cn1c(=O)c2c3c4c(cccc41)C1COCCC1C(=O)NC3c1ccccc1C2,batch_5,0.6464,3.919,386.45,2.782,60.33,1,3,6,O=C1NC2c3ccccc3Cc3c2c2c(cccc2[nH]c3=O)C2COCCC12,True
Cn1cc(C=CCOc2cc(O)cc3c2CC(C(=O)NCc2ccccc2)CC3)cn1,batch_5,0.6154,3.105,417.51,3.639,76.38,2,4,4,O=C(NCc1ccccc1)C1CCc2cccc(OCC=Cc3cn[nH]c3)c2C1,True
Cn1cc2c3c(cccc3c1=O)OC1CC(O)CCC21,batch_7,0.7962,3.788,271.32,1.928,51.46,1,3,4,O=c1[nH]cc2c3c(cccc13)OC1CCCCC21,True
Cn1ccc(C=C(CC(=O)O)c2cc(C3CC4CCCCN4C3)c(O)c(F)c2F)c1,batch_18,0.7599,3.959,416.47,4.366,65.7,2,3,4,C(=Cc1cccc(C2CC3CCCCN3C2)c1)c1cc[nH]c1,True
FC(F)(F)c1cc(OCc2ccccc2)ccc1CCN1CCNCC1,batch_19,0.8453,2.146,364.41,3.732,24.5,1,3,3,c1ccc(COc2ccc(CCN3CCNCC3)cc2)cc1,True
FC(F)(F)c1cc2c(cc1CCN1CCNCC1)-c1ccccc1C=CCO2,batch_19,0.8519,2.838,388.43,4.226,24.5,1,3,4,C1=Cc2ccccc2-c2cc(CCN3CCNCC3)ccc2OC1,True
FC(F)(F)c1cc2c(cc1CCN1CCNCC1)-c1cnoc1CCO2,batch_19,0.9042,3.089,367.37,2.743,50.53,1,5,4,c1cc2c(cc1CCN1CCNCC1)-c1cnoc1CCO2,True
FC(F)(F)c1cc2c(cc1CCN1CCNCC1)C1=C(CCO2)CN=C1,batch_19,0.895,3.299,365.4,2.774,36.86,1,4,4,C1=NCC2=C1c1cc(CCN3CCNCC3)ccc1OCC2,True
FC(F)(F)c1cc2c(cc1CCN1CCNCC1)C1C=NC=C1CCO2,batch_19,0.8948,3.775,365.4,2.988,36.86,1,4,4,C1=NC=C2CCOc3ccc(CCN4CCNCC4)cc3C12,True
NC(=O)C1CCC2CN(CCc3cccc(-c4ccccc4)c3)CCC2C1,batch_21,0.8696,3.034,362.52,4.12,46.33,1,2,4,c1ccc(-c2cccc(CCN3CCC4CCCCC4C3)c2)cc1,True
NC(=O)C1CCc2cc3c(cc2C1)C(C1CCC(C(=O)O)C1)=CCC3,batch_8,0.8877,3.764,339.44,3.107,80.39,2,2,4,C1=C(C2CCCC2)c2cc3c(cc2CC1)CCCC3,True
NC(=O)C1CCc2cc3c(cc2C1)C(C1CCC(O)C1)=CCC3,batch_8,0.8819,3.821,311.43,2.767,63.32,2,2,4,C1=C(C2CCCC2)c2cc3c(cc2CC1)CCCC3,True
NC(=O)C1CCc2cc3c(cc2C1)C(C1CNC(C(=O)O)C1)=CCC3,batch_8,0.7803,3.993,340.42,1.669,92.42,3,3,4,C1=C(C2CCNC2)c2cc3c(cc2CC1)CCCC3,True
NC(=O)CC1CCC(C2CCCC(CCC(=O)O)CCC(=O)CCC2=O)C1,batch_26,0.7349,4.174,379.5,3.258,114.53,2,4,2,O=C1CCCCCCC(C2CCCC2)C(=O)CC1,True
NC(=O)Cc1c(F)cc2c3c1Oc1cc(C4CC=NC4)ccc1C(=O)N3CC=N2,batch_26,0.8696,4.112,392.39,2.88,97.35,1,5,5,O=C1c2ccc(C3CC=NC3)cc2Oc2cccc3c2N1CC=N3,True
NC(=O)Cc1c(F)cc2c3c1Oc1cc(C4CC=NC4)ccc1C(=O)N3CCC2,batch_26,0.8695,3.75,393.42,3.11,84.99,1,4,5,O=C1c2ccc(C3CC=NC3)cc2Oc2cccc3c2N1CCC3,True
NC(=O)Cc1c(F)cc2c3c1Oc1cc(C4CC=NC4)ccc1C(=O)N3CCN2,batch_26,0.8362,3.888,394.41,2.59,97.02,2,5,5,O=C1c2ccc(C3CC=NC3)cc2Oc2cccc3c2N1CCN3,True
NC(=O)Cc1c(F)cc2c3c1Oc1cc(C4CC=NC4)ccc1C(=O)N3CCO2,batch_26,0.8642,3.812,395.39,2.557,94.22,1,5,5,O=C1c2ccc(C3CC=NC3)cc2Oc2cccc3c2N1CCO3,True
NC(=O)Cc1ccc2c(=O)n3c4c(c2c1)-c1cccc(O)c1CC4=CCC3,batch_4,0.7386,2.945,358.4,2.745,85.32,2,3,5,O=c1c2ccccc2c2c3n1CCC=C3Cc1ccccc1-2,True
NC(=O)Cc1ccc2c(=O)n3c4c(c2c1)-c1ccccc1C(=O)C4=CCC3,batch_4,0.7663,2.718,356.38,2.68,82.16,1,3,5,O=C1C2=CCCn3c2c(c2ccccc2c3=O)-c2ccccc21,True
NC(=O)Cc1ccc2c(=O)n3c4c(c2c1)-c1ccccc1CC4CCC3,batch_4,0.7761,2.99,344.41,3.13,65.09,1,2,5,O=c1c2ccccc2c2c3n1CCCC3Cc1ccccc1-2,True
NC(=O)Cc1ccc2c3c1Oc1cc(C4CC=NC4)ccc1C(=O)N3C=CO2,batch_26,0.8924,4.053,375.38,2.889,94.22,1,5,5,O=C1c2ccc(C3CC=NC3)cc2Oc2cccc3c2N1C=CO3,True
NC(=O)Cc1ccc2c3c1Oc1cc(C4CC=NC4)ccc1C(=O)N3CC2,batch_26,0.9117,3.645,361.4,2.581,84.99,1,4,5,O=C1c2ccc(C3CC=NC3)cc2Oc2cccc3c2N1CC3,True
NC(=O)Cc1ccc2c3c1Oc1cc(C4CC=NC4)ccc1C(=O)N3CC=N2,batch_26,0.8943,3.991,374.4,2.741,97.35,1,5,5,O=C1c2ccc(C3CC=NC3)cc2Oc2cccc3c2N1CC=N3,True
NC(=O)Cc1ccc2c3c1Oc1cc(C4CC=NC4)ccc1C(=O)N3CCC2,batch_26,0.8949,3.627,375.43,2.971,84.99,1,4,5,O=C1c2ccc(C3CC=NC3)cc2Oc2cccc3c2N1CCC3,True
NC(=O)Cc1ccc2c3c1Oc1cc(C4CC=NC4)ccc1C(=O)N3CCN2,batch_26,0.8598,3.76,376.42,2.45,97.02,2,5,5,O=C1c2ccc(C3CC=NC3)cc2Oc2cccc3c2N1CCN3,True
NC(=O)Cc1ccc2c3c1Oc1cc(C4CC=NC4)ccc1C(=O)N3CCO2,batch_26,0.8887,3.688,377.4,2.417,94.22,1,5,5,O=C1c2ccc(C3CC=NC3)cc2Oc2cccc3c2N1CCO3,True
NC(=O)Cc1ccc2c3c1Oc1cc(C4CC=NC4)ccc1C(=O)N3CO2,batch_26,0.9058,3.813,363.37,2.375,94.22,1,5,5,O=C1c2ccc(C3CC=NC3)cc2Oc2cccc3c2N1CO3,True
NC(=O)Cc1ccc2c3c1Oc1cc(C4CC=NC4)ccc1C(=O)N3CS2,batch_26,0.888,3.869,379.44,3.088,84.99,1,5,5,O=C1c2ccc(C3CC=NC3)cc2Oc2cccc3c2N1CS3,True
NC(=O)NC(=O)NCc1cccc(CC2CCNCC2)c1,batch_21,0.6685,2.242,290.37,1.107,96.25,4,3,2,c1ccc(CC2CCNCC2)cc1,True
NC(=O)NCC1=C2C=C3C(=CC2)CCc2ccc4c(c23)CC(CO4)CC(=O)NCc2cccc1c2,batch_6,0.6224,5.82,467.57,4.039,93.45,3,3,6,O=C1CC2COc3ccc4c(c3C2)C2=CC(=Cc3cccc(c3)CN1)CC=C2CC4,True
NC(=O)c1cc(CC(=O)O)cc(-c2ccc(CN3CCCCC3=O)cc2)c1,batch_8,0.8204,2.164,366.42,2.592,100.7,2,3,3,O=C1CCCCN1Cc1ccc(-c2ccccc2)cc1,True
NC(=O)c1cc2c3c(ccc(C4CCN(CCCO)C4)c3c1)Oc1ccccc1-2,batch_1,0.544,3.074,388.47,3.883,75.79,2,4,5,c1ccc2c(c1)Oc1ccc(C3CCNC3)c3cccc-2c13,True
NC(=O)c1ccc(C2=CCCC3Oc4cccc(C(=O)NCC(=O)O)c4C=C23)cc1,batch_7,0.7079,3.336,404.42,2.622,118.72,3,4,4,C1=C(c2ccccc2)C2=Cc3ccccc3OC2CC1,True
NC(=O)c1ccc(Oc2cc(Cl)cc(CCC(=O)O)c2)cc1,batch_2,0.8548,1.903,319.74,3.248,89.62,2,3,2,c1ccc(Oc2ccccc2)cc1,True
NC(=O)c1ccc2c(CCC(=O)NCC3=CN=NC3)ccc(O)c2c1,batch_20,0.7478,2.934,338.37,2.043,117.14,3,5,3,O=C(CCc1cccc2ccccc12)NCC1=CN=NC1,True
NC(=O)c1ccc2c(CCC(=O)O)cc(C(F)(F)F)cc2c1,batch_17,0.9106,2.16,311.26,2.975,80.39,2,2,2,c1ccc2ccccc2c1,True
NC(=O)c1cccc(-c2cc3c4c(c(O)ccc4c2)OCCC(C(=O)O)=C3)c1,batch_27,0.6483,2.708,375.38,3.562,109.85,3,4,4,C1=Cc2cc(-c3ccccc3)cc3cccc(c23)OCC1,True
NC(N)=CCC1CCC(C2CCOc3ccc4c(O)c5c(cc4c32)C=CCO5)C1,batch_26,0.7209,4.424,392.5,4.382,90.73,3,5,5,C1=Cc2cc3c4c(ccc3cc2OC1)OCCC4C1CCCC1,True
NC1=NCCC(CCC2CC(C3COCC(CCCO)O3)CCC2C(=O)O)CC1,batch_23,0.5666,4.613,410.56,2.598,114.37,3,6,3,C1=NCCC(CCC2CCCC(C3COCCO3)C2)CC1,True
NC1CCC(NC(=O)c2cccc(-c3cccnc3)c2)CC1,batch_9,0.9146,1.991,295.39,2.748,68.01,2,3,3,O=C(NC1CCCCC1)c1cccc(-c2cccnc2)c1,True
NC1CCC(NC(=O)c2cccc(C3=COCO3)c2)CC1,batch_9,0.8918,2.609,288.35,1.989,73.58,2,4,3,O=C(NC1CCCCC1)c1cccc(C2=COCO2)c1,True
NC1CCC(NC(=O)c2cccc3c2CC(C(=O)O)c2ccncc2-3)CC1,batch_9,0.7748,3.121,365.43,2.473,105.31,3,4,4,O=C(NC1CCCCC1)c1cccc2c1CCc1ccncc1-2,True
NC1CCC(NC(=O)c2cccc3c2CC(CC(=O)O)c2ccncc2-3)CC1,batch_9,0.7575,3.145,379.46,2.863,105.31,3,4,4,O=C(NC1CCCCC1)c1cccc2c1CCc1ccncc1-2,True
NC1CCC(c2cc(O)ccc2CCCC(=O)O)CC1,batch_3,0.7724,2.319,277.36,2.784,83.55,3,3,2,c1ccc(C2CCCCC2)cc1,True
NCCC1CCC(C2CCCC(CCC(=O)O)CCC(=O)CCC2=O)C1,batch_26,0.7472,4.174,365.51,3.731,97.46,2,4,2,O=C1CCCCCCC(C2CCCC2)C(=O)CC1,True
NCCCC(=O)NC1COCC(c2ccc(O)c3ccc(C(N)=O)cc23)C1,batch_3,0.6097,3.383,371.44,1.372,127.67,4,5,3,c1ccc2c(C3CCCOC3)cccc2c1,True
NCc1ccc(CNC(=O)CCc2cccc(-c3ccccc3)c2)cc1,batch_20,0.6789,1.744,344.46,4.061,55.12,2,2,3,O=C(CCc1cccc(-c2ccccc2)c1)NCc1ccccc1,True
Nc1nc2c3c4c5c(cc3c1C=CC1=CCCC1)C(CC(=O)O)=CCC5NC(=O)C4=CC2,batch_16,0.6768,4.481,425.49,4.313,105.31,3,4,6,O=C1NC2CC=Cc3cc4c(C=CC5=CCCC5)cnc5c4c(c32)C1=CC5,True
Nc1nc2c3c4c5c(cc3c1Cc1ccccc1O)C(CC(=O)O)=CCC5C=CC4=CC2,batch_16,0.5517,4.065,422.48,4.968,96.44,3,4,6,C1=Cc2cc3c(Cc4ccccc4)cnc4c3c3c2C(C=CC3=CC4)C1,True
Nc1nc2c3c4c5c(ccc14)CC1=C4C5C(CCN4C(=O)C1)C3=CC(=O)C2,batch_21,0.7877,4.559,355.4,2.485,76.29,1,4,7,O=C1C=C2c3c(ncc4ccc5c(c34)C3C4=C(CC(=O)N4CCC23)C5)C1,True
Nc1nc2c3c4c5c(ccc14)CC1=C4C5C(CCN4C(=O)C1)C3CC(=O)C2,batch_21,0.7862,4.701,357.41,2.576,76.29,1,4,7,O=C1Cc2ncc3ccc4c5c3c2C(C1)C1CCN2C(=O)CC(=C2C51)C4,True
O=C(CCc1ccc(O)c(-c2ccccc2)c1)NCC1CCCCC1,batch_20,0.8033,1.949,337.46,4.688,49.33,2,2,3,O=C(CCc1cccc(-c2ccccc2)c1)NCC1CCCCC1,True
O=C(CCc1ccc(O)c2cc(C(=O)O)ccc12)NCC1=CN=NC1,batch_20,0.7509,2.897,339.35,2.642,111.35,3,5,3,O=C(CCc1cccc2ccccc12)NCC1=CN=NC1,True
O=C(CN1CCCC1)NC1CCC2(Cc3ccc(F)cc3C2)C1,batch_2,0.9297,3.675,316.42,2.675,32.34,1,2,4,O=C(CN1CCCC1)NC1CCC2(Cc3ccccc3C2)C1,True
O=C(CN1CCCC1)NC1CCC2(Cc3ccc(O)cc3C2)C1,batch_2,0.8995,3.73,314.43,2.242,52.57,2,3,4,O=C(CN1CCCC1)NC1CCC2(Cc3ccccc3C2)C1,True
O=C(Cc1cccc(-c2ccccc2)c1)NCC1CCCN1,batch_21,0.8901,2.383,294.4,2.764,41.13,2,2,3,O=C(Cc1cccc(-c2ccccc2)c1)NCC1CCCN1,True
O=C(NCCO)c1cccc2c1C=C1C(c3ccc(F)cc3F)=CCCC1O2,batch_7,0.8464,3.411,383.39,3.709,58.56,2,3,4,C1=C(c2ccccc2)C2=Cc3ccccc3OC2CC1,True
O=C(NCCO)c1cccc2c1C=C1C(c3ccccc3F)=CCCC1O2,batch_7,0.8709,3.338,365.4,3.57,58.56,2,3,4,C1=C(c2ccccc2)C2=Cc3ccccc3OC2CC1,True
O=C(NCc1cccc(CC2CCNCC2)c1)N1C=CC=CC1,batch_21,0.8979,2.766,311.43,2.824,44.37,2,2,3,O=C(NCc1cccc(CC2CCNCC2)c1)N1C=CC=CC1,True
O=C(NCc1cccc(CC2CCNCC2)c1)N1CCCC1,batch_21,0.8974,2.118,301.43,2.534,44.37,2,2,3,O=C(NCc1cccc(CC2CCNCC2)c1)N1CCCC1,True
O=C(NCc1ccccc1)C1CCc2cc(O)cc(OCC=Cc3cnoc3)c2C1,batch_5,0.624,3.273,404.47,3.894,84.59,2,5,4,O=C(NCc1ccccc1)C1CCc2cccc(OCC=Cc3cnoc3)c2C1,True
O=C(NCc1ccccc1)C1CCc2cc(O)cc(OCc3ccccc3)c2C1,batch_5,0.6594,2.569,387.48,4.393,58.56,2,3,4,O=C(NCc1ccccc1)C1CCc2cccc(OCc3ccccc3)c2C1,True
O=C(Nc1ccccc1)c1cccc2c1CC1CC(O)CCC1C2,batch_7,0.8833,3.111,321.42,3.815,49.33,2,2,4,O=C(Nc1ccccc1)c1cccc2c1CC1CCCCC1C2,True
O=C(O)C1=C2Cc3c(cc(O)cc3OCc3ccccc3)CC2C(=O)C=C1,batch_20,0.8726,3.391,362.38,3.206,83.83,2,4,4,O=C1C=CC=C2Cc3c(cccc3OCc3ccccc3)CC12,True
O=C(O)C1=CC=CN(C(=O)NCc2cccc(CC3CCNCC3)c2)C1,batch_21,0.7568,2.87,355.44,2.279,81.67,3,3,3,O=C(NCc1cccc(CC2CCNCC2)c1)N1C=CC=CC1,True
O=C(O)C1=CCCC2CC(O)C(NC3CCCCC3)CC2C1,batch_19,0.7497,3.988,307.43,2.859,69.56,3,3,3,C1=CCC2CC(NC3CCCCC3)CCC2CC1,True
O=C(O)C1=Cc2c3c(cc4ccc(O)c(c24)OCC1)-c1ccccc1C(=O)C3,batch_27,0.6688,2.996,372.38,4.202,83.83,2,4,5,O=C1Cc2c(cc3cccc4c3c2C=CCCO4)-c2ccccc21,True
O=C(O)C1=Cc2cc(-c3ccccc3)cc3ccc(O)c(c23)OCC1,batch_27,0.7268,2.56,332.36,4.463,66.76,2,3,4,C1=Cc2cc(-c3ccccc3)cc3cccc(c23)OCC1,True
O=C(O)C1CC2CC3CCCN3C(=O)C3CCOC(C1)C23,batch_12,0.7956,4.275,293.36,1.513,66.84,1,3,4,O=C1C2CCOC3CCCC(CC4CCCN14)C32,True
O=C(O)C1CC2CCC3C(=O)n4cccc4CC(C1)C23,batch_12,0.8546,4.366,273.33,2.438,59.3,1,2,4,O=C1C2CCC3CCCC(Cc4cccn41)C32,True
O=C(O)C1CC2CCCC3C(=O)N4CCCC4CC(C1)C23,batch_12,0.8074,4.046,291.39,2.524,57.61,1,2,4,O=C1C2CCCC3CCCC(CC4CCCN14)C32,True
O=C(O)C1CCC2CC(=O)N3CCCCC3CC2C1,batch_12,0.791,3.526,265.35,2.278,57.61,1,2,3,O=C1CC2CCCCC2CC2CCCCN12,True
O=C(O)CC1=CCC2C=CC3=CCc4nc5c(c6cc1c2c3c46)CC1CCCN1C5,batch_16,0.8054,4.492,396.49,4.61,53.43,1,3,7,C1=Cc2cc3c4c(nc5c3c3c2C(C=CC3=CC5)C1)CN1CCCC1C4,True
O=C(O)CC1=CCC2CC(=O)C3=CCc4nc5c(c6cc1c2c3c46)CC1CC(O)CN1C5,batch_16,0.7644,4.792,428.49,2.984,90.73,2,5,7,O=C1CC2CC=Cc3cc4c5c(nc6c4c(c32)C1=CC6)CN1CCCC1C5,True
O=C(O)CC1=CCC2NC(=O)C3=CCc4nc5c(c6cc1c2c3c46)CC1CC(O)CN1C5,batch_16,0.6758,4.873,429.48,2.098,102.76,3,5,7,O=C1NC2CC=Cc3cc4c5c(nc6c4c(c32)C1=CC6)CN1CCCC1C5,True
O=C(O)CCCC(F)(F)c1ccc2[nH]c(=O)ccc2c1,batch_26,0.8849,2.434,281.26,2.875,70.16,2,2,2,O=c1ccc2ccccc2[nH]1,True
O=C(O)CCCC1CC2CC(=O)c3ccc4c5c(cc(c2c35)O1)C1CCC(=O)C1C4C(=O)O,batch_23,0.705,4.479,448.47,4.16,117.97,2,5,6,O=C1CC2CCOc3cc4c5c(ccc1c5c32)CC1C(=O)CCC41,True
O=C(O)CCCC1CC2CC(=O)c3ccc4c5c(cc(c2c35)O1)C1CCCC1C4C(=O)O,batch_23,0.6882,4.376,434.49,4.981,100.9,2,4,6,O=C1CC2CCOc3cc4c5c(ccc1c5c32)CC1CCCC41,True
O=C(O)CCCc1cc(-c2ccnc3c2C=CC3)ccc1O,batch_14,0.8862,2.616,295.34,3.431,70.42,2,3,3,C1=Cc2c(-c3ccccc3)ccnc2C1,True
O=C(O)CCCc1cc(-c2ccnc3sccc23)ccc1O,batch_14,0.7444,2.368,313.38,4.076,70.42,2,4,3,c1ccc(-c2ccnc3sccc23)cc1,True
O=C(O)CCCc1cc(C2CCC3CCCC32)ccc1O,batch_14,0.8575,3.265,288.39,4.093,57.53,2,2,3,c1ccc(C2CCC3CCCC32)cc1,True
O=C(O)CCCc1cccc(OC2CCCCC2)c1,batch_14,0.8477,1.864,262.35,3.805,46.53,1,2,2,c1ccc(OC2CCCCC2)cc1,True
O=C(O)CCCc1cccc2c1CC1CCCC1(C(F)(F)F)O2,batch_14,0.9038,3.721,328.33,4.13,46.53,1,2,3,c1ccc2c(c1)CC1CCCC1O2,True
O=C(O)CCNC(=O)c1cccc2c1C=C1C(c3cccc(F)c3)=CCCC1O2,batch_7,0.8036,3.333,393.41,4.052,75.63,2,3,4,C1=C(c2ccccc2)C2=Cc3ccccc3OC2CC1,True
O=C(O)CCNC(=O)c1cccc2c1C=C1C(c3ccccc3)=CCCC1O2,batch_7,0.8307,3.229,375.42,3.913,75.63,2,3,4,C1=C(c2ccccc2)C2=Cc3ccccc3OC2CC1,True
O=C(O)CCc1cc(C(F)(F)F)cc2cc(C(=O)O)ccc12,batch_17,0.9047,2.116,312.24,3.574,74.6,2,2,2,c1ccc2ccccc2c1,True
O=C(O)CCc1cc(Cl)cc(Oc2ccccc2)c1,batch_2,0.8922,1.74,276.72,4.15,46.53,1,2,2,c1ccc(Oc2ccccc2)cc1,True
O=C(O)CCc1cc2c(cc1CO)CCc1ccc3ccccc3c1-2,batch_6,0.7556,2.371,332.4,4.115,57.53,2,2,4,c1ccc2c(c1)CCc1ccc3ccccc3c1-2,True
O=C(O)CCc1cc2c3c(ccc4c3c1C=CC4=O)C(=O)C(O)=C2,batch_16,0.9061,3.201,320.3,3.162,91.67,2,4,4,O=C1C=Cc2ccc3c4c(ccc1c24)C(=O)C=C3,True
O=C(O)CCc1cc2c3c(ccc4c3c1CC=NC4=O)C(=O)C=C2CC1CCNCC1,batch_16,0.7766,3.463,416.48,3.594,95.83,2,4,5,O=C1N=CCc2ccc3c4c(ccc1c24)C(=O)C=C3CC1CCNCC1,True
O=C(O)CCc1cc2c3c(ccc4c3c1CCC4=O)C(=O)C(O)=C2,batch_16,0.9058,3.092,322.32,3.081,91.67,2,4,4,O=C1C=Cc2ccc3c4c(ccc1c24)C(=O)CC3,True
O=C(O)CCc1ccc(CC(=O)O)c2ccccc12,batch_3,0.8636,1.88,258.27,2.484,74.6,2,2,2,c1ccc2ccccc2c1,True
O=C(O)CCc1ccc2c(=O)nc(O)n3c2c1CCC3,batch_17,0.8729,2.827,274.28,1.065,92.42,2,4,3,O=c1ncn2c3c(cccc13)CCC2,True
O=C(O)CNC(=O)CCN1C=COc2ccc(C3CCCC(N4CCCC4)C3)cc21,batch_5,0.715,3.687,413.52,3.07,82.11,2,5,4,C1=COc2ccc(C3CCCC(N4CCCC4)C3)cc2N1,True
O=C(O)CNC(=O)CCN1CCOc2ccc(C3CCCC(N4CCCC4)C3)cc21,batch_5,0.7124,3.274,415.53,2.598,82.11,2,5,4,c1cc2c(cc1C1CCCC(N3CCCC3)C1)NCCO2,True
O=C(O)Cc1cc(CC(=O)O)cc(-c2cccc(O)c2)c1,batch_8,0.7837,2.049,286.28,2.313,94.83,3,3,2,c1ccc(-c2ccccc2)cc1,True
O=C(O)Cc1cc(CC(=O)c2ccc(F)cc2F)ccc1Cc1ccccc1,batch_18,0.6093,2.129,380.39,4.608,54.37,1,2,3,O=C(Cc1ccc(Cc2ccccc2)cc1)c1ccccc1,True
O=C(O)Cc1cc(Cl)cc2c1CC(c1ccc[nH]c1=O)CC2,batch_18,0.9141,3.097,317.77,2.928,70.16,2,2,3,O=c1[nH]cccc1C1CCc2ccccc2C1,True
O=C(O)Cc1ccc(Cc2ccccc2)c(CC(=O)O)c1,batch_18,0.8545,1.9,284.31,2.532,74.6,2,2,2,c1ccc(Cc2ccccc2)cc1,True
O=C(O)NCC1=C2C=C3C(=CC2)CCc2ccc4c(c23)CC(CO4)CC(=O)NCc2cccc1c2,batch_6,0.5994,5.816,468.55,4.639,87.66,3,3,6,O=C1CC2COc3ccc4c(c3C2)C2=CC(=Cc3cccc(c3)CN1)CC=C2CC4,True
O=C(O)c1cc2c(cc1C1CCCC(O)C1)CCCC2,batch_22,0.8698,3.097,274.36,3.282,57.53,2,2,3,c1cc2c(cc1C1CCCCC1)CCCC2,True
O=C(O)c1cc2c(cc1C1CCCCC1)CCCC2,batch_22,0.8578,2.164,258.36,4.311,37.3,1,1,3,c1cc2c(cc1C1CCCCC1)CCCC2,True
O=C(O)c1ccc2c3cc(ccc13)C1C(CN3CCCCC13)OCCCc1cc-2ccc1CO,batch_6,0.568,5.201,457.57,4.98,70.0,2,4,6,c1cc2cc(c1)-c1cccc3ccc(cc13)C1C(CN3CCCCC13)OCCC2,True
O=C(O)c1ccc2ccc3c(c2c1)C(CC(=O)N1CCCC1)C1CCCC31,batch_9,0.8714,3.461,363.46,4.531,57.61,1,2,5,O=C(CC1c2c(ccc3ccccc23)C2CCCC21)N1CCCC1,True
O=C(O)c1ccc2ccc3c(c2c1)N(C(=O)c1ccccc1)C1CCCC31,batch_9,0.7142,3.011,357.41,4.835,57.61,1,2,5,O=C(c1ccccc1)N1c2c(ccc3ccccc23)C2CCCC21,True
O=C(O)c1cccc(Oc2cc(O)cc3c2CC(C(=O)NCc2ccccc2)CC3)c1,batch_5,0.5556,2.729,417.46,4.304,95.86,3,4,4,O=C(NCc1ccccc1)C1CCc2cccc(Oc3ccccc3)c2C1,True
O=C(OC1C=CC=CC1)c1c(O)ccc2c1Cc1sccc1C2,batch_14,0.7251,3.755,324.4,3.99,46.53,1,4,4,O=C(OC1C=CC=CC1)c1cccc2c1Cc1sccc1C2,True
O=C(OC1C=CC=CC1)c1c(O)ccc2c1Nc1sccc1C2,batch_14,0.6952,3.862,325.39,4.143,58.56,2,5,4,O=C(OC1C=CC=CC1)c1cccc2c1Nc1sccc1C2,True
O=C(OC1C=CC=CC1)c1cc(Cc2ccsc2)ccc1O,batch_14,0.8651,3.231,312.39,4.086,46.53,1,4,3,O=C(OC1C=CC=CC1)c1cccc(Cc2ccsc2)c1,True
O=C1C2=C(C=CC23CCC(C(O)CN2CCC4CCCCC4C2)O3)CCC1O,batch_10,0.7781,5.262,387.52,2.367,70.0,2,5,5,O=C1CCCC2=C1C1(C=C2)CCC(CCN2CCC3CCCCC3C2)O1,True
O=C1C2=Cc3c4c(c(O)c5c(O)ccc(c35)C2CCN1C1CCCC1)OCC=C4,batch_26,0.7624,3.965,389.45,4.312,70.0,2,4,6,O=C1C2=Cc3c4c(cc5cccc(c35)C2CCN1C1CCCC1)OCC=C4,True
O=C1C=C2C=C3C=C2N(C1)c1cccc(c1)-c1cccc(c1)CC(=O)NCCO3,batch_21,0.7582,5.039,384.44,3.139,58.64,1,4,5,O=C1C=C2C=C3C=C2N(C1)c1cccc(c1)-c1cccc(c1)CC(=O)NCCO3,True
O=C1C=CCc2c1cc1c3c(c(O)ccc23)OCCC(CO)=C1,batch_27,0.8497,3.409,308.33,2.999,66.76,2,4,4,O=C1C=CCc2c1cc1c3c(cccc23)OCCC=C1,True
O=C1CC(Cc2cc3c(c(O)c2OCCO)CCCC3)CCN1,batch_22,0.7719,3.309,319.4,1.711,78.79,3,4,3,O=C1CC(Cc2ccc3c(c2)CCCC3)CCN1,True
O=C1CC2CCC(CC2)C(=O)NC=CCCC2C=C(c3cccc(c3)CN1)N1CCCC1C2,batch_6,0.6034,5.863,447.62,4.748,61.44,2,3,6,O=C1CC2CCC(CC2)C(=O)NC=CCCC2C=C(c3cccc(c3)CN1)N1CCCC1C2,True
O=C1COc2cc(C(=O)O)cc3c2C1=CCC(C(=O)O)C3,batch_28,0.8521,3.381,288.26,1.377,100.9,2,4,3,O=C1COc2cccc3c2C1=CCCC3,True
O=C1Cc2c(C3CCNC3=O)c3ccccc3c(=O)n2C2=C1CCC2,batch_14,0.8685,3.589,334.38,2.125,68.17,1,3,5,O=C1Cc2c(C3CCNC3=O)c3ccccc3c(=O)n2C2=C1CCC2,True
O=C1NCC2Cc3c(C4CCNC4=O)c4ccccc4c(=O)n3C3=C2C1C=C3,batch_14,0.7909,4.422,373.41,1.304,80.2,2,3,6,O=C1NCC2Cc3c(C4CCNC4=O)c4ccccc4c(=O)n3C3=C2C1C=C3,True
O=C1NCC2Cc3c(C4CCNC4=O)c4ccccc4c(=O)n3C3=C2C1CC3,batch_14,0.7933,4.334,375.43,1.528,80.2,2,3,6,O=C1NCC2Cc3c(C4CCNC4=O)c4ccccc4c(=O)n3C3=C2C1CC3,True
O=C1NCCC1c1c2n(c(=O)c3ccccc13)-c1cccc(O)c1C(O)C2,batch_14,0.6165,3.736,362.39,1.889,91.56,3,4,5,O=C1NCCC1c1c2n(c(=O)c3ccccc13)-c1ccccc1CC2,True
O=C1NCCC1c1c2n(c(=O)c3ccccc13)-c1cccc3cccc(c13)C2,batch_14,0.4923,3.256,366.42,3.652,51.1,1,2,6,O=C1NCCC1c1c2n(c(=O)c3ccccc13)-c1cccc3cccc(c13)C2,True
O=C1NCCC1c1c2n(c(=O)c3ccccc13)-c1ccccc1CC2,batch_14,0.7457,3.057,330.39,2.693,51.1,1,2,5,O=C1NCCC1c1c2n(c(=O)c3ccccc13)-c1ccccc1CC2,True
O=C1NCCC1c1c2n(c(=O)c3ccccc13)C1=C3C(CCCC3NC1)C2,batch_14,0.8181,4.268,361.45,2.144,63.13,2,3,6,O=C1NCCC1c1c2n(c(=O)c3ccccc13)C1=C3C(CCCC3NC1)C2,True
O=C1Nc2ccccc2CCCCCC(O)CCc2ccc(O)c1c2,batch_14,0.6779,4.01,339.43,4.055,69.56,3,3,3,O=C1Nc2ccccc2CCCCCCCCc2cccc1c2,True
O=C1Nc2ccccc2CCCCCCC(O)CCc2ccc(O)c1c2,batch_14,0.6555,4.009,353.46,4.445,69.56,3,3,3,O=C1Nc2ccccc2CCCCCCCCCc2cccc1c2,True
O=C1Nc2ccccc2CCCCNCCCCc2ccc(O)c1c2,batch_14,0.6827,3.61,338.45,3.893,61.36,3,3,3,O=C1Nc2ccccc2CCCCNCCCCc2cccc1c2,True
O=C1OCCC2CC(CCN2)Cc2cccc(c2)CNC(=O)N2CCCC1C2,batch_21,0.6733,5.928,385.51,2.466,70.67,2,4,4,O=C1OCCC2CC(CCN2)Cc2cccc(c2)CNC(=O)N2CCCC1C2,True
O=C1OCc2cccc3c4c(cc1c23)C(C1CCN(CCCO)C1)CC=C4,batch_1,0.8415,3.714,363.46,3.715,49.77,1,4,5,O=C1OCc2cccc3c4c(cc1c23)C(C1CCNC1)CC=C4,True
O=C1OCc2cccc3c4c(cc1c23)C(C1CCN(CCCO)C1)CCC4,batch_1,0.8408,3.498,365.47,3.634,49.77,1,4,5,O=C1OCc2cccc3c4c(cc1c23)C(C1CCNC1)CCC4,True
O=C1c2ccc(C3CC=NC3)cc2OC(C2CC(O)C(O)CO2)C2CCCN12,batch_26,0.7949,4.621,386.45,1.121,91.59,2,6,5,O=C1c2ccc(C3CC=NC3)cc2OC(C2CCCCO2)C2CCCN12,True
O=C1c2ccc(C3CC=NC3)cc2OC2=C3C(=C(O)C=CN13)CC1CCCCC21,batch_26,0.7487,4.698,388.47,4.84,62.13,1,4,6,O=C1c2ccc(C3CC=NC3)cc2OC2=C3C(=CC=CN13)CC1CCCCC21,True
O=C1c2ccc(C3CC=NC3)cc2OC2=C3C(=CC=CN13)CC1CCCCC21,batch_26,0.6995,4.563,372.47,4.955,41.9,0,3,6,O=C1c2ccc(C3CC=NC3)cc2OC2=C3C(=CC=CN13)CC1CCCCC21,True
O=C1c2ccc(C3CC=NC3)cc2OC2=C3C(CCCN13)CC1CCCCC21,batch_26,0.6987,4.418,376.5,4.911,41.9,0,3,6,O=C1c2ccc(C3CC=NC3)cc2OC2=C3C(CCCN13)CC1CCCCC21,True
O=C1c2cccc3c2C=C2C(c4cccc(c4)O3)C(O)C3CCCN1C23,batch_25,0.7941,5.655,345.4,3.568,49.77,1,3,6,O=C1c2cccc3c2C=C2C(CC4CCCN1C24)c1cccc(c1)O3,True
O=c1[nH]cccc1C1CCc2cc(Cl)cc(CC(O)CO)c2C1,batch_18,0.8028,3.516,333.82,2.196,73.32,3,3,3,O=c1[nH]cccc1C1CCc2ccccc2C1,True
O=c1c2ccccc2c(C2CC(O)C(O)C2)cn1-c1ccccc1,batch_7,0.7625,3.007,321.38,2.59,62.46,2,3,4,O=c1c2ccccc2c(C2CCCC2)cn1-c1ccccc1,True
OC(CN1CCC2CCCCC2C1)C1CCC2(CCCc3ccccc32)O1,batch_10,0.8636,4.409,369.55,4.27,32.7,1,3,5,c1ccc2c(c1)CCCC21CCC(CCN2CCC3CCCCC3C2)O1,True
OCC(F)(F)c1cc(O)c(-c2ccccc2)cc1CCN1CCNCC1,batch_19,0.7394,2.662,362.42,2.591,55.73,3,4,3,c1ccc(-c2cccc(CCN3CCNCC3)c2)cc1,True
OCCC(O)CCOc1cc(-c2ccccc2)ccc1O,batch_12,0.7321,2.441,288.34,2.571,69.92,3,4,2,c1ccc(-c2ccccc2)cc1,True
OCc1ccc(-c2cccc3ccccc23)cc1CO,batch_6,0.7599,1.88,264.32,3.491,40.46,2,2,3,c1ccc(-c2cccc3ccccc23)cc1,True
OCc1cccc(CC2CCC(Nc3ccccc3)C2)c1,batch_3,0.8679,2.655,281.4,4.002,32.26,2,2,3,c1ccc(CC2CCC(Nc3ccccc3)C2)cc1,True
Oc1cc(-c2ccccc2)c2c(c1)C1CCCC1CC2,batch_7,0.7772,2.902,264.37,4.889,20.23,1,1,4,c1ccc(-c2cccc3c2CCC2CCCC32)cc1,True
Oc1cc(C(F)(F)F)c(CCN2CCNCC2)cc1-c1ccccc1,batch_19,0.8856,2.357,350.38,3.526,35.5,2,3,3,c1ccc(-c2cccc(CCN3CCNCC3)c2)cc1,True
Oc1cc(OCC2CCCCC2)c2c(c1)OC(C(F)(F)F)=CC2,batch_20,0.8714,2.99,328.33,4.732,38.69,1,3,3,C1=COc2cccc(OCC3CCCCC3)c2C1,True
Oc1ccc2c(c1)CCCC21CCC(C(O)CN2CCC3CCCCC3C2)O1,batch_10,0.8265,4.546,385.55,3.976,52.93,2,4,5,c1ccc2c(c1)CCCC21CCC(CCN2CCC3CCCCC3C2)O1,True
Oc1ccc2cc(Cc3ccccc3)c3c(c2c1)OCCC3,batch_5,0.7547,2.278,290.36,4.461,29.46,1,2,4,c1ccc(Cc2cc3ccccc3c3c2CCCO3)cc1,True
c1ccc(-c2cccc(CCN3CCC4CNCCC4C3)c2)cc1,batch_21,0.9209,2.789,320.48,3.828,15.27,1,2,4,c1ccc(-c2cccc(CCN3CCC4CNCCC4C3)c2)cc1,True
c1ccc(-c2cccc(CCN3CNC4CN(c5ccccc5)CC4C3)c2)cc1,batch_21,0.71,3.104,383.54,4.264,18.51,1,3,5,c1ccc(-c2cccc(CCN3CNC4CN(c5ccccc5)CC4C3)c2)cc1,True
