候选编号,所属赛道,候选SMILES,结构文件,关键预测指标_类药性综合分,关键预测指标_QED,关键预测指标_SA,关键预测指标_新颖性最大Tanimoto,关键预测指标_对接分Vina(kcal/mol),关键预测指标_ADMET分级,关键预测指标_选择性SI百分位,关键预测指标_六维综合Tier,MW,LogP,TPSA,LogS,HBD,HBA,可旋转键,环数,Lipinski违反数,ADMET警报,可测性,姿态能量差(kcal/mol),Murcko骨架,同骨架候选数,排序,靶点,模型名称,模型版本,代码版本,随机种子,运行编号,备注
C0001,赛道 3 · 离子通道/GPCR 小分子药物虚拟筛选 · 子任务 2,O=C1CN2Cc3cc(C(=O)NC4C(=O)OC5=CC=CCC54)cc4c3C2=C(N1)n1c(=O)oc2cccc-4c21,outputs/results_b2ar_final/structures/cand001_mol_95814d6c_95814d6c6bbd.sdf,1.071,0.522,4.512,0.241,-15.4,A,,,494.46,1.919,122.88,-4.39,2.0,7.0,2,8.0,0,0,,,O=C1CN2Cc3cc(C(=O)NC4C(=O)OC5=CC=CCC54)cc4c3C2=C(N1)n1c(=O)oc2cccc-4c21,1,1,B2AR,"7-eonmol (Pocket2Mol 等变图神经网络 + 口袋引导束搜索, GPCR 微调版)","7-eonmol_ft_gpcr_v2.pt — 本项目自训, 经两轮 A/B(种子 2024/2025)晋级; 基线为 ICML 2022 官方权重",7-eonmol-competition-submission,2024,B2AR_20260927_002520,
C0002,赛道 3 · 离子通道/GPCR 小分子药物虚拟筛选 · 子任务 2,O=C1CN2Cc3cc(C(=O)NC4COc5ccccc54)cc4c3C2=C(N1)n1c(=O)oc2cccc-4c21,outputs/results_b2ar_final/structures/cand002_mol_2e54c8b0_2e54c8b063e0.sdf,1.084,0.459,3.748,0.281,-15.24,B,,,478.46,2.667,105.81,-4.91,2.0,6.0,2,8.0,0,1,,,O=C1CN2Cc3cc(C(=O)NC4COc5ccccc54)cc4c3C2=C(N1)n1c(=O)oc2cccc-4c21,1,2,B2AR,"7-eonmol (Pocket2Mol 等变图神经网络 + 口袋引导束搜索, GPCR 微调版)","7-eonmol_ft_gpcr_v2.pt — 本项目自训, 经两轮 A/B(种子 2024/2025)晋级; 基线为 ICML 2022 官方权重",7-eonmol-competition-submission,2024,B2AR_20260927_002520,
C0003,赛道 3 · 离子通道/GPCR 小分子药物虚拟筛选 · 子任务 2,O=C1CN2Cc3cc(C(=O)NC4COC5=CC=CCC54)cc4c3C2=C(N1)n1c(=O)oc2cccc-4c21,outputs/results_b2ar_final/structures/cand003_mol_50b6a74b_50b6a74b90b0.sdf,1.135,0.584,4.486,0.237,-14.94,B,,,480.48,2.392,105.81,-4.66,2.0,6.0,2,8.0,0,1,,,O=C1CN2Cc3cc(C(=O)NC4COC5=CC=CCC54)cc4c3C2=C(N1)n1c(=O)oc2cccc-4c21,1,3,B2AR,"7-eonmol (Pocket2Mol 等变图神经网络 + 口袋引导束搜索, GPCR 微调版)","7-eonmol_ft_gpcr_v2.pt — 本项目自训, 经两轮 A/B(种子 2024/2025)晋级; 基线为 ICML 2022 官方权重",7-eonmol-competition-submission,2024,B2AR_20260927_002520,
C0004,赛道 3 · 离子通道/GPCR 小分子药物虚拟筛选 · 子任务 2,O=C1Cc2cccc(OCC3=C4c5cc6c(c7c(=O)[nH]c(=O)n(c57)CC4CC3)CCCC6)c2N1,outputs/results_b2ar_final/structures/cand004_mol_0bbc3c4e_0bbc3c4e40a0.sdf,1.252,0.634,3.817,0.262,-13.94,A,,,455.51,3.319,93.19,-5.19,2.0,4.0,3,7.0,0,0,,,O=C1Cc2cccc(OCC3=C4c5cc6c(c7c(=O)[nH]c(=O)n(c57)CC4CC3)CCCC6)c2N1,1,4,B2AR,"7-eonmol (Pocket2Mol 等变图神经网络 + 口袋引导束搜索, GPCR 微调版)","7-eonmol_ft_gpcr_v2.pt — 本项目自训, 经两轮 A/B(种子 2024/2025)晋级; 基线为 ICML 2022 官方权重",7-eonmol-competition-submission,2024,B2AR_20260927_002520,
C0005,赛道 3 · 离子通道/GPCR 小分子药物虚拟筛选 · 子任务 2,O=C1CN2Cc3cc(C(=O)NC4COC5=CCCCC54)cc4c3C2=C(N1)n1c(=O)oc2cccc-4c21,outputs/results_b2ar_final/structures/cand005_mol_57427140_57427140abe1.sdf,1.138,0.582,4.438,0.229,-13.88,B,,,482.5,2.616,105.81,-4.84,2.0,6.0,2,8.0,0,1,,,O=C1CN2Cc3cc(C(=O)NC4COC5=CCCCC54)cc4c3C2=C(N1)n1c(=O)oc2cccc-4c21,1,5,B2AR,"7-eonmol (Pocket2Mol 等变图神经网络 + 口袋引导束搜索, GPCR 微调版)","7-eonmol_ft_gpcr_v2.pt — 本项目自训, 经两轮 A/B(种子 2024/2025)晋级; 基线为 ICML 2022 官方权重",7-eonmol-competition-submission,2024,B2AR_20260927_002520,
C0006,赛道 3 · 离子通道/GPCR 小分子药物虚拟筛选 · 子任务 2,CCC1CC(C2CC(=O)N3CC(O)CCC3C2)=C2c3cc4c(c5c(=O)[nH]c(=O)n(c35)CC21)CCCC4,outputs/results_b2ar_final/structures/cand006_mol_2277d371_01c2a6887fae.sdf,1.207,0.678,4.709,0.213,-13.74,B,,,489.62,3.144,95.4,-5.23,2.0,4.0,2,7.0,0,2,,,O=C1CC(C2=C3c4cc5c(c6c(=O)[nH]c(=O)n(c46)CC3CC2)CCCC5)CC2CCCCN12,3,6,B2AR,"7-eonmol (Pocket2Mol 等变图神经网络 + 口袋引导束搜索, GPCR 微调版)","7-eonmol_ft_gpcr_v2.pt — 本项目自训, 经两轮 A/B(种子 2024/2025)晋级; 基线为 ICML 2022 官方权重",7-eonmol-competition-submission,2024,B2AR_20260927_002520,
C0007,赛道 3 · 离子通道/GPCR 小分子药物虚拟筛选 · 子任务 2,O=c1[nH]c2cccc(OCC3=C4c5cc6c(c7c(=O)[nH]c(=O)n(c57)CC4CC3)CCCC6)c2[nH]1,outputs/results_b2ar_final/structures/cand007_mol_3cb9342b_3cb9342b5cd1.sdf,1.059,0.44,3.806,0.271,-13.73,A,,,456.5,2.994,112.74,-4.98,3.0,4.0,3,7.0,0,0,,,O=c1[nH]c2cccc(OCC3=C4c5cc6c(c7c(=O)[nH]c(=O)n(c57)CC4CC3)CCCC6)c2[nH]1,1,7,B2AR,"7-eonmol (Pocket2Mol 等变图神经网络 + 口袋引导束搜索, GPCR 微调版)","7-eonmol_ft_gpcr_v2.pt — 本项目自训, 经两轮 A/B(种子 2024/2025)晋级; 基线为 ICML 2022 官方权重",7-eonmol-competition-submission,2024,B2AR_20260927_002520,
C0008,赛道 3 · 离子通道/GPCR 小分子药物虚拟筛选 · 子任务 2,O=C(NCc1ccccc1)c1cc2c3c(c1)-c1cccc4oc(=O)n(c14)C1=C3N(CC=C1)C2,outputs/results_b2ar_final/structures/cand008_mol_c12e1dcd_c12e1dcd36d7.sdf,1.219,0.525,3.07,0.303,-13.49,B,,,433.47,4.216,67.48,-5.77,1.0,4.0,3,7.0,0,2,,,O=C(NCc1ccccc1)c1cc2c3c(c1)-c1cccc4oc(=O)n(c14)C1=C3N(CC=C1)C2,1,8,B2AR,"7-eonmol (Pocket2Mol 等变图神经网络 + 口袋引导束搜索, GPCR 微调版)","7-eonmol_ft_gpcr_v2.pt — 本项目自训, 经两轮 A/B(种子 2024/2025)晋级; 基线为 ICML 2022 官方权重",7-eonmol-competition-submission,2024,B2AR_20260927_002520,
C0009,赛道 3 · 离子通道/GPCR 小分子药物虚拟筛选 · 子任务 2,O=C1CN2Cc3cc(C(=O)NC4CCCC4)cc4c3C2=C(N1)n1c(=O)oc2cccc-4c21,outputs/results_b2ar_final/structures/cand009_mol_93052efe_93052efe5315.sdf,1.333,0.654,3.204,0.286,-13.45,B,,,428.45,2.476,96.58,-4.41,2.0,5.0,2,7.0,0,1,,,O=C1CN2Cc3cc(C(=O)NC4CCCC4)cc4c3C2=C(N1)n1c(=O)oc2cccc-4c21,1,9,B2AR,"7-eonmol (Pocket2Mol 等变图神经网络 + 口袋引导束搜索, GPCR 微调版)","7-eonmol_ft_gpcr_v2.pt — 本项目自训, 经两轮 A/B(种子 2024/2025)晋级; 基线为 ICML 2022 官方权重",7-eonmol-competition-submission,2024,B2AR_20260927_002520,
C0010,赛道 3 · 离子通道/GPCR 小分子药物虚拟筛选 · 子任务 2,O=C1CN2Cc3cc(C(=O)NCC4=C=CC=C4)cc4c3C2=C(N1)n1c(=O)oc2cccc-4c21,outputs/results_b2ar_final/structures/cand010_mol_bcc2972c_bcc2972c3c49.sdf,1.222,0.614,3.924,0.25,-13.43,B,,,436.43,2.185,96.58,-4.22,2.0,5.0,3,7.0,0,1,,,O=C1CN2Cc3cc(C(=O)NCC4=C=CC=C4)cc4c3C2=C(N1)n1c(=O)oc2cccc-4c21,1,10,B2AR,"7-eonmol (Pocket2Mol 等变图神经网络 + 口袋引导束搜索, GPCR 微调版)","7-eonmol_ft_gpcr_v2.pt — 本项目自训, 经两轮 A/B(种子 2024/2025)晋级; 基线为 ICML 2022 官方权重",7-eonmol-competition-submission,2024,B2AR_20260927_002520,
C0011,赛道 3 · 离子通道/GPCR 小分子药物虚拟筛选 · 子任务 2,O=c1nc(N2CCc3ncccc3C2)c(F)c2n1CCCN2c1ccc2ccccc2c1,outputs/results_b2ar_final/structures/cand011_mol_ebcc377b_7947e31c401e.sdf,1.194,0.483,2.893,0.308,-13.35,B,,,427.48,4.035,54.26,-5.64,0.0,5.0,2,6.0,0,1,,,O=c1nc(N2CCc3ncccc3C2)cc2n1CCCN2c1ccc2ccccc2c1,1,11,B2AR,"7-eonmol (Pocket2Mol 等变图神经网络 + 口袋引导束搜索, GPCR 微调版)","7-eonmol_ft_gpcr_v2.pt — 本项目自训, 经两轮 A/B(种子 2024/2025)晋级; 基线为 ICML 2022 官方权重",7-eonmol-competition-submission,2024,B2AR_20260927_002520,
C0012,赛道 3 · 离子通道/GPCR 小分子药物虚拟筛选 · 子任务 2,O=C1CN2Cc3cc(C(=O)NCC4C=CC=C4)cc4c3C2=C(N1)n1c(=O)oc2cccc-4c21,outputs/results_b2ar_final/structures/cand012_mol_289f1ee1_289f1ee1fce6.sdf,1.293,0.654,3.613,0.242,-13.33,B,,,438.44,2.276,96.58,-4.3,2.0,5.0,3,7.0,0,1,,,O=C1CN2Cc3cc(C(=O)NCC4C=CC=C4)cc4c3C2=C(N1)n1c(=O)oc2cccc-4c21,1,12,B2AR,"7-eonmol (Pocket2Mol 等变图神经网络 + 口袋引导束搜索, GPCR 微调版)","7-eonmol_ft_gpcr_v2.pt — 本项目自训, 经两轮 A/B(种子 2024/2025)晋级; 基线为 ICML 2022 官方权重",7-eonmol-competition-submission,2024,B2AR_20260927_002520,
C0013,赛道 3 · 离子通道/GPCR 小分子药物虚拟筛选 · 子任务 2,O=C1OC2CC=CC=C2CN1c1cccc2c1OC1=CC(OC3CCC4=NC=CCC4C3)C(O)C1O2,outputs/results_b2ar_final/structures/cand013_mol_909e04e5_18c7667dd47a.sdf,1.134,0.686,5.516,0.188,-13.31,A,,,488.54,4.209,89.82,-5.95,1.0,7.0,3,7.0,0,0,,,O=C1OC2CC=CC=C2CN1c1cccc2c1OC1=CC(OC3CCC4=NC=CCC4C3)CC1O2,1,13,B2AR,"7-eonmol (Pocket2Mol 等变图神经网络 + 口袋引导束搜索, GPCR 微调版)","7-eonmol_ft_gpcr_v2.pt — 本项目自训, 经两轮 A/B(种子 2024/2025)晋级; 基线为 ICML 2022 官方权重",7-eonmol-competition-submission,2024,B2AR_20260927_002520,
C0014,赛道 3 · 离子通道/GPCR 小分子药物虚拟筛选 · 子任务 2,CCC1CC(C2CCc3ccc(O)cc3C2)=C2c3cc4c(c5c(=O)[nH]c(=O)n(c35)CC21)CCCC4,outputs/results_b2ar_final/structures/cand014_mol_2f8155f6_a8327c03f69f.sdf,1.132,0.562,4.304,0.241,-13.3,B,,,468.6,4.893,75.09,-6.46,2.0,3.0,2,7.0,0,2,,,O=c1[nH]c(=O)n2c3c(cc4c(c13)CCCC4)C1=C(C3CCc4ccccc4C3)CCC1C2,1,14,B2AR,"7-eonmol (Pocket2Mol 等变图神经网络 + 口袋引导束搜索, GPCR 微调版)","7-eonmol_ft_gpcr_v2.pt — 本项目自训, 经两轮 A/B(种子 2024/2025)晋级; 基线为 ICML 2022 官方权重",7-eonmol-competition-submission,2024,B2AR_20260927_002520,
C0015,赛道 3 · 离子通道/GPCR 小分子药物虚拟筛选 · 子任务 2,CC(=O)NC(=O)c1cc2c3c(c1)-c1cccc4oc(=O)n(c14)C1=C3N(CC(=O)N1)C2,outputs/results_b2ar_final/structures/cand015_mol_8a2bcbcd_f8d6cf2e0c7b.sdf,1.298,0.63,3.313,0.256,-13.28,A,,,402.37,1.08,113.65,-3.24,2.0,6.0,1,6.0,0,0,,,O=C1CN2Cc3cccc4c3C2=C(N1)n1c(=O)oc2cccc-4c21,2,15,B2AR,"7-eonmol (Pocket2Mol 等变图神经网络 + 口袋引导束搜索, GPCR 微调版)","7-eonmol_ft_gpcr_v2.pt — 本项目自训, 经两轮 A/B(种子 2024/2025)晋级; 基线为 ICML 2022 官方权重",7-eonmol-competition-submission,2024,B2AR_20260927_002520,
C0016,赛道 3 · 离子通道/GPCR 小分子药物虚拟筛选 · 子任务 2,O=c1[nH]c(=O)n2c3c(cc4c(c13)CCCC4)C1=C(COc3cccc4c3N=CC4)CCC1C2,outputs/results_b2ar_final/structures/cand016_mol_d5bd48ae_d5bd48ae88c0.sdf,1.269,0.668,3.986,0.257,-13.22,A,,,439.52,4.083,76.45,-5.66,1.0,4.0,3,7.0,0,0,,,O=c1[nH]c(=O)n2c3c(cc4c(c13)CCCC4)C1=C(COc3cccc4c3N=CC4)CCC1C2,1,16,B2AR,"7-eonmol (Pocket2Mol 等变图神经网络 + 口袋引导束搜索, GPCR 微调版)","7-eonmol_ft_gpcr_v2.pt — 本项目自训, 经两轮 A/B(种子 2024/2025)晋级; 基线为 ICML 2022 官方权重",7-eonmol-competition-submission,2024,B2AR_20260927_002520,
C0017,赛道 3 · 离子通道/GPCR 小分子药物虚拟筛选 · 子任务 2,O=C(CCn1c(=O)[nH]c(=O)c2c3c(ccc21)CCCC3)NCC1CCc2ccc(O)nc2CN1,outputs/results_b2ar_final/structures/cand017_mol_35e0d32b_3822587eab54.sdf,1.092,0.451,3.592,0.283,-13.16,B,,,463.54,1.28,129.11,-3.68,4.0,6.0,5,5.0,0,1,,,O=C(CCn1c(=O)[nH]c(=O)c2c3c(ccc21)CCCC3)NCC1CCc2cccnc2CN1,5,17,B2AR,"7-eonmol (Pocket2Mol 等变图神经网络 + 口袋引导束搜索, GPCR 微调版)","7-eonmol_ft_gpcr_v2.pt — 本项目自训, 经两轮 A/B(种子 2024/2025)晋级; 基线为 ICML 2022 官方权重",7-eonmol-competition-submission,2024,B2AR_20260927_002520,
C0018,赛道 3 · 离子通道/GPCR 小分子药物虚拟筛选 · 子任务 2,O=C1Cc2cccc(N3C=C4OCCCC4OC3=O)c2OC1Cc1ccccc1,outputs/results_b2ar_final/structures/cand018_mol_5a6306b1_5a6306b1b7b1.sdf,1.402,0.797,3.948,0.301,-13.03,A,,,391.42,3.779,65.07,-5.1,0.0,5.0,3,5.0,0,0,,,O=C1Cc2cccc(N3C=C4OCCCC4OC3=O)c2OC1Cc1ccccc1,1,18,B2AR,"7-eonmol (Pocket2Mol 等变图神经网络 + 口袋引导束搜索, GPCR 微调版)","7-eonmol_ft_gpcr_v2.pt — 本项目自训, 经两轮 A/B(种子 2024/2025)晋级; 基线为 ICML 2022 官方权重",7-eonmol-competition-submission,2024,B2AR_20260927_002520,
C0019,赛道 3 · 离子通道/GPCR 小分子药物虚拟筛选 · 子任务 2,CC1(CNC(=O)CCn2c(=O)[nH]c(=O)c3c4c(ccc32)CCCC4)CCc2c(F)cccc2CN1,outputs/results_b2ar_final/structures/cand019_mol_93327411_de40a0290fb1.sdf,1.165,0.525,3.601,0.285,-12.96,B,,,478.57,2.709,95.99,-4.83,3.0,4.0,5,5.0,0,1,,,O=C(CCn1c(=O)[nH]c(=O)c2c3c(ccc21)CCCC3)NCC1CCc2ccccc2CN1,1,19,B2AR,"7-eonmol (Pocket2Mol 等变图神经网络 + 口袋引导束搜索, GPCR 微调版)","7-eonmol_ft_gpcr_v2.pt — 本项目自训, 经两轮 A/B(种子 2024/2025)晋级; 基线为 ICML 2022 官方权重",7-eonmol-competition-submission,2024,B2AR_20260927_002520,
C0020,赛道 3 · 离子通道/GPCR 小分子药物虚拟筛选 · 子任务 2,O=C(CCn1c(=O)[nH]c(=O)c2c3c(ccc21)CCCC3)NCC1CCc2cccnc2CN1,outputs/results_b2ar_final/structures/cand020_mol_35e0d32b_35e0d32bab81.sdf,1.211,0.55,3.395,0.268,-12.85,B,,,447.54,1.574,108.88,-3.8,3.0,5.0,5,5.0,0,1,,,O=C(CCn1c(=O)[nH]c(=O)c2c3c(ccc21)CCCC3)NCC1CCc2cccnc2CN1,5,20,B2AR,"7-eonmol (Pocket2Mol 等变图神经网络 + 口袋引导束搜索, GPCR 微调版)","7-eonmol_ft_gpcr_v2.pt — 本项目自训, 经两轮 A/B(种子 2024/2025)晋级; 基线为 ICML 2022 官方权重",7-eonmol-competition-submission,2024,B2AR_20260927_002520,
C0021,赛道 3 · 离子通道/GPCR 小分子药物虚拟筛选 · 子任务 2,Cc1ccc2c(n1)C(CC1C(=O)N3CCC4Cc5cc6ccccc6cc5N4C3=C1F)OCC2=O,outputs/results_b2ar_final/structures/cand021_mol_023470b4_525388a4e3a1.sdf,1.107,0.548,4.412,0.29,-12.85,C,,,469.52,4.619,62.74,-6.26,0.0,5.0,2,7.0,0,5,,,O=C1COC(CC2C=C3N(CCC4Cc5cc6ccccc6cc5N34)C2=O)c2ncccc21,3,21,B2AR,"7-eonmol (Pocket2Mol 等变图神经网络 + 口袋引导束搜索, GPCR 微调版)","7-eonmol_ft_gpcr_v2.pt — 本项目自训, 经两轮 A/B(种子 2024/2025)晋级; 基线为 ICML 2022 官方权重",7-eonmol-competition-submission,2024,B2AR_20260927_002520,ADMET 分级 C(风险较高)
C0022,赛道 3 · 离子通道/GPCR 小分子药物虚拟筛选 · 子任务 2,O=c1[nH]c(=O)n2c3c(cc4c(c13)CCCC4)C1=C(COc3ccccc3)CCC1C2,outputs/results_b2ar_final/structures/cand022_mol_f6268e9a_f6268e9a3b1d.sdf,1.382,0.727,3.453,0.285,-12.68,A,,,400.48,3.825,64.09,-5.24,1.0,3.0,3,6.0,0,0,,,O=c1[nH]c(=O)n2c3c(cc4c(c13)CCCC4)C1=C(COc3ccccc3)CCC1C2,2,22,B2AR,"7-eonmol (Pocket2Mol 等变图神经网络 + 口袋引导束搜索, GPCR 微调版)","7-eonmol_ft_gpcr_v2.pt — 本项目自训, 经两轮 A/B(种子 2024/2025)晋级; 基线为 ICML 2022 官方权重",7-eonmol-competition-submission,2024,B2AR_20260927_002520,
C0023,赛道 3 · 离子通道/GPCR 小分子药物虚拟筛选 · 子任务 2,CC1CN(C(=O)c2cccc(CO)c2)C2c3cc4c(c5c(=O)[nH]c(=O)n(c35)CC12)CCCC4,outputs/results_b2ar_final/structures/cand023_mol_fd7961c2_292ca95f9fd4.sdf,1.233,0.634,4.008,0.281,-12.68,B,,,445.52,2.524,95.4,-4.56,2.0,4.0,2,6.0,0,1,,,O=C(c1ccccc1)N1CCC2Cn3c(=O)[nH]c(=O)c4c5c(cc(c43)C21)CCCC5,2,23,B2AR,"7-eonmol (Pocket2Mol 等变图神经网络 + 口袋引导束搜索, GPCR 微调版)","7-eonmol_ft_gpcr_v2.pt — 本项目自训, 经两轮 A/B(种子 2024/2025)晋级; 基线为 ICML 2022 官方权重",7-eonmol-competition-submission,2024,B2AR_20260927_002520,
C0024,赛道 3 · 离子通道/GPCR 小分子药物虚拟筛选 · 子任务 2,O=C1Cc2cccc(N3CC4OCCCC4OC3=O)c2OC1Cc1ccccc1,outputs/results_b2ar_final/structures/cand024_mol_1697dbb8_1697dbb886c5.sdf,1.421,0.801,3.8,0.291,-12.65,A,,,393.44,3.306,65.07,-4.76,0.0,5.0,3,5.0,0,0,,,O=C1Cc2cccc(N3CC4OCCCC4OC3=O)c2OC1Cc1ccccc1,1,24,B2AR,"7-eonmol (Pocket2Mol 等变图神经网络 + 口袋引导束搜索, GPCR 微调版)","7-eonmol_ft_gpcr_v2.pt — 本项目自训, 经两轮 A/B(种子 2024/2025)晋级; 基线为 ICML 2022 官方权重",7-eonmol-competition-submission,2024,B2AR_20260927_002520,
C0025,赛道 3 · 离子通道/GPCR 小分子药物虚拟筛选 · 子任务 2,Cc1[nH]nc2c1CC(OC1C=C3Oc4c(cccc4N4CC5=CC=CCC5OC4=O)OC3C1O)CC2,outputs/results_b2ar_final/structures/cand025_mol_7877dccb_2c066f222fd5.sdf,1.155,0.682,5.266,0.219,-12.63,A,,,489.53,3.271,106.14,-5.31,2.0,7.0,3,7.0,0,0,,,O=C1OC2CC=CC=C2CN1c1cccc2c1OC1=CC(OC3CCc4n[nH]cc4C3)CC1O2,2,25,B2AR,"7-eonmol (Pocket2Mol 等变图神经网络 + 口袋引导束搜索, GPCR 微调版)","7-eonmol_ft_gpcr_v2.pt — 本项目自训, 经两轮 A/B(种子 2024/2025)晋级; 基线为 ICML 2022 官方权重",7-eonmol-competition-submission,2024,B2AR_20260927_002520,
C0026,赛道 3 · 离子通道/GPCR 小分子药物虚拟筛选 · 子任务 2,CCC1CC(C2CCN(C(C)O)C(=O)C2)=C2c3cc4c(c5c(=O)[nH]c(=O)n(c35)CC21)CCCC4,outputs/results_b2ar_final/structures/cand026_mol_fc4a4ba9_42f44606dc0c.sdf,1.269,0.732,4.624,0.224,-12.55,B,,,463.58,2.959,95.4,-4.91,2.0,4.0,3,6.0,0,1,,,O=C1CC(C2=C3c4cc5c(c6c(=O)[nH]c(=O)n(c46)CC3CC2)CCCC5)CCN1,6,26,B2AR,"7-eonmol (Pocket2Mol 等变图神经网络 + 口袋引导束搜索, GPCR 微调版)","7-eonmol_ft_gpcr_v2.pt — 本项目自训, 经两轮 A/B(种子 2024/2025)晋级; 基线为 ICML 2022 官方权重",7-eonmol-competition-submission,2024,B2AR_20260927_002520,
C0027,赛道 3 · 离子通道/GPCR 小分子药物虚拟筛选 · 子任务 2,CC1(CNC(=O)CCn2c(=O)[nH]c(=O)c3c4c(ccc32)CCCC4)CCc2cncnc2CN1,outputs/results_b2ar_final/structures/cand027_mol_b52cf383_1d4c966f8af5.sdf,1.151,0.526,3.755,0.264,-12.53,A,,,462.55,1.36,121.77,-3.73,3.0,6.0,5,5.0,0,0,,,O=C(CCn1c(=O)[nH]c(=O)c2c3c(ccc21)CCCC3)NCC1CCc2cncnc2CN1,1,27,B2AR,"7-eonmol (Pocket2Mol 等变图神经网络 + 口袋引导束搜索, GPCR 微调版)","7-eonmol_ft_gpcr_v2.pt — 本项目自训, 经两轮 A/B(种子 2024/2025)晋级; 基线为 ICML 2022 官方权重",7-eonmol-competition-submission,2024,B2AR_20260927_002520,
C0028,赛道 3 · 离子通道/GPCR 小分子药物虚拟筛选 · 子任务 2,CC1=CC2=C(C=CN(c3nc(=O)n4c(c3F)N(c3ccc5ccccc5c3)CCC4)C2)N(C)N1,outputs/results_b2ar_final/structures/cand028_mol_2cee09d0_ed01a5e534fc.sdf,1.267,0.629,3.616,0.309,-12.46,C,,,456.53,4.019,56.64,-5.74,1.0,6.0,2,6.0,0,3,,,O=c1nc(N2C=CC3=C(C=CNN3)C2)cc2n1CCCN2c1ccc2ccccc2c1,2,28,B2AR,"7-eonmol (Pocket2Mol 等变图神经网络 + 口袋引导束搜索, GPCR 微调版)","7-eonmol_ft_gpcr_v2.pt — 本项目自训, 经两轮 A/B(种子 2024/2025)晋级; 基线为 ICML 2022 官方权重",7-eonmol-competition-submission,2024,B2AR_20260927_002520,ADMET 分级 C(风险较高)
C0029,赛道 3 · 离子通道/GPCR 小分子药物虚拟筛选 · 子任务 2,O=C1C=C(CNC(=O)CC2Oc3c(cccc3N3CC4CCCCC4OC3=O)CC2=O)C=N1,outputs/results_b2ar_final/structures/cand029_mol_9b9e5f94_9b9e5f945ce3.sdf,1.3,0.734,4.34,0.215,-12.43,A,,,451.48,2.118,114.37,-4.12,1.0,6.0,5,5.0,0,0,,,O=C1C=C(CNC(=O)CC2Oc3c(cccc3N3CC4CCCCC4OC3=O)CC2=O)C=N1,1,29,B2AR,"7-eonmol (Pocket2Mol 等变图神经网络 + 口袋引导束搜索, GPCR 微调版)","7-eonmol_ft_gpcr_v2.pt — 本项目自训, 经两轮 A/B(种子 2024/2025)晋级; 基线为 ICML 2022 官方权重",7-eonmol-competition-submission,2024,B2AR_20260927_002520,
C0030,赛道 3 · 离子通道/GPCR 小分子药物虚拟筛选 · 子任务 2,CCC(=O)CNC(=O)c1cc2c3c(c1)-c1cccc4oc(=O)n(c14)C1=C3N(CC(=O)N1)C2,outputs/results_b2ar_final/structures/cand030_mol_8a2bcbcd_6c3dbe490c07.sdf,1.313,0.649,3.357,0.258,-12.42,A,,,430.42,1.512,113.65,-3.66,2.0,6.0,4,6.0,0,0,,,O=C1CN2Cc3cccc4c3C2=C(N1)n1c(=O)oc2cccc-4c21,2,30,B2AR,"7-eonmol (Pocket2Mol 等变图神经网络 + 口袋引导束搜索, GPCR 微调版)","7-eonmol_ft_gpcr_v2.pt — 本项目自训, 经两轮 A/B(种子 2024/2025)晋级; 基线为 ICML 2022 官方权重",7-eonmol-competition-submission,2024,B2AR_20260927_002520,
C0031,赛道 3 · 离子通道/GPCR 小分子药物虚拟筛选 · 子任务 2,CC1Cn2c(c(F)c(N3CCc4ncccc4C3)nc2=O)N1c1ccc2ccccc2c1,outputs/results_b2ar_final/structures/cand031_mol_3d8b027d_e9c37707e94f.sdf,1.14,0.483,3.432,0.293,-12.39,B,,,427.48,4.034,54.26,-5.64,0.0,5.0,2,6.0,0,1,,,O=c1nc(N2CCc3ncccc3C2)cc2n1CCN2c1ccc2ccccc2c1,1,31,B2AR,"7-eonmol (Pocket2Mol 等变图神经网络 + 口袋引导束搜索, GPCR 微调版)","7-eonmol_ft_gpcr_v2.pt — 本项目自训, 经两轮 A/B(种子 2024/2025)晋级; 基线为 ICML 2022 官方权重",7-eonmol-competition-submission,2024,B2AR_20260927_002520,
C0032,赛道 3 · 离子通道/GPCR 小分子药物虚拟筛选 · 子任务 2,CN1NC=CC2=C1C=CN(c1nc(=O)n3c(c1F)N(c1ccc4ccccc4c1)CCC3)C2,outputs/results_b2ar_final/structures/cand032_mol_2cee09d0_318a329595b1.sdf,1.29,0.654,3.639,0.314,-12.37,C,,,442.5,3.629,56.64,-5.36,1.0,6.0,2,6.0,0,3,,,O=c1nc(N2C=CC3=C(C=CNN3)C2)cc2n1CCCN2c1ccc2ccccc2c1,2,32,B2AR,"7-eonmol (Pocket2Mol 等变图神经网络 + 口袋引导束搜索, GPCR 微调版)","7-eonmol_ft_gpcr_v2.pt — 本项目自训, 经两轮 A/B(种子 2024/2025)晋级; 基线为 ICML 2022 官方权重",7-eonmol-competition-submission,2024,B2AR_20260927_002520,ADMET 分级 C(风险较高)
C0033,赛道 3 · 离子通道/GPCR 小分子药物虚拟筛选 · 子任务 2,O=C(NC1CCNC1=O)c1cc2c3c(c1)-c1cccc4oc(=O)n(c14)C1=C3N(CC=C1)C2,outputs/results_b2ar_final/structures/cand033_mol_36e3a95e_36e3a95ee598.sdf,1.266,0.653,3.868,0.259,-12.32,A,,,426.43,1.904,96.58,-3.98,2.0,5.0,2,7.0,0,0,,,O=C(NC1CCNC1=O)c1cc2c3c(c1)-c1cccc4oc(=O)n(c14)C1=C3N(CC=C1)C2,1,33,B2AR,"7-eonmol (Pocket2Mol 等变图神经网络 + 口袋引导束搜索, GPCR 微调版)","7-eonmol_ft_gpcr_v2.pt — 本项目自训, 经两轮 A/B(种子 2024/2025)晋级; 基线为 ICML 2022 官方权重",7-eonmol-competition-submission,2024,B2AR_20260927_002520,
C0034,赛道 3 · 离子通道/GPCR 小分子药物虚拟筛选 · 子任务 2,Cc1ccccc1CNc1nc(=O)n2c(c1F)N(c1ccc3ccccc3c1)CC2,outputs/results_b2ar_final/structures/cand034_mol_bcc948a7_35fc31264a7e.sdf,1.284,0.544,2.599,0.358,-12.29,B,,,400.46,4.608,50.16,-5.86,1.0,4.0,4,5.0,0,2,,,O=c1nc(NCc2ccccc2)cc2n1CCN2c1ccc2ccccc2c1,3,34,B2AR,"7-eonmol (Pocket2Mol 等变图神经网络 + 口袋引导束搜索, GPCR 微调版)","7-eonmol_ft_gpcr_v2.pt — 本项目自训, 经两轮 A/B(种子 2024/2025)晋级; 基线为 ICML 2022 官方权重",7-eonmol-competition-submission,2024,B2AR_20260927_002520,
C0035,赛道 3 · 离子通道/GPCR 小分子药物虚拟筛选 · 子任务 2,O=C1OC2CC=CC=C2CN1c1cccc2c1OC1=CC(OC3CCc4ncccc4C3)C(O)C1O2,outputs/results_b2ar_final/structures/cand035_mol_efe55c17_74165e59327d.sdf,1.203,0.709,5.052,0.214,-12.25,B,,,486.52,3.634,90.35,-5.57,1.0,7.0,3,7.0,0,1,,,O=C1OC2CC=CC=C2CN1c1cccc2c1OC1=CC(OC3CCc4ncccc4C3)CC1O2,1,35,B2AR,"7-eonmol (Pocket2Mol 等变图神经网络 + 口袋引导束搜索, GPCR 微调版)","7-eonmol_ft_gpcr_v2.pt — 本项目自训, 经两轮 A/B(种子 2024/2025)晋级; 基线为 ICML 2022 官方权重",7-eonmol-competition-submission,2024,B2AR_20260927_002520,
C0036,赛道 3 · 离子通道/GPCR 小分子药物虚拟筛选 · 子任务 2,O=C1COC(CC2C(=O)N3CCC4Cc5cc6ccccc6cc5N4C3=C2F)c2nccc(O)c21,outputs/results_b2ar_final/structures/cand036_mol_023470b4_3a3180c18476.sdf,1.157,0.608,4.509,0.273,-12.24,C,,,471.49,4.017,82.97,-5.82,1.0,6.0,2,7.0,0,3,,,O=C1COC(CC2C=C3N(CCC4Cc5cc6ccccc6cc5N34)C2=O)c2ncccc21,3,36,B2AR,"7-eonmol (Pocket2Mol 等变图神经网络 + 口袋引导束搜索, GPCR 微调版)","7-eonmol_ft_gpcr_v2.pt — 本项目自训, 经两轮 A/B(种子 2024/2025)晋级; 基线为 ICML 2022 官方权重",7-eonmol-competition-submission,2024,B2AR_20260927_002520,ADMET 分级 C(风险较高)
C0037,赛道 3 · 离子通道/GPCR 小分子药物虚拟筛选 · 子任务 2,O=C1NN=C2CCC(OC3C=C4Oc5c(cccc5N5CC6=CC=CCC6OC5=O)OC4C3O)CC12,outputs/results_b2ar_final/structures/cand037_mol_ab2abfd0_bd44a2887732.sdf,1.12,0.666,5.464,0.204,-12.21,A,,,491.5,2.336,118.92,-4.58,2.0,8.0,3,7.0,0,0,,,O=C1NN=C2CCC(OC3C=C4Oc5c(cccc5N5CC6=CC=CCC6OC5=O)OC4C3)CC12,1,37,B2AR,"7-eonmol (Pocket2Mol 等变图神经网络 + 口袋引导束搜索, GPCR 微调版)","7-eonmol_ft_gpcr_v2.pt — 本项目自训, 经两轮 A/B(种子 2024/2025)晋级; 基线为 ICML 2022 官方权重",7-eonmol-competition-submission,2024,B2AR_20260927_002520,
C0038,赛道 3 · 离子通道/GPCR 小分子药物虚拟筛选 · 子任务 2,NC(=O)c1ccc2c(c1)CCN(CC1OCCC1c1ccc(COc3ccc(O)cc3)cc1)C2,outputs/results_b2ar_final/structures/cand038_mol_de13236e_d3c8c44ce94a.sdf,1.236,0.559,3.234,0.329,-12.2,B,,,458.56,4.001,85.02,-5.64,2.0,5.0,7,5.0,0,2,,,c1ccc(OCc2ccc(C3CCOC3CN3CCc4ccccc4C3)cc2)cc1,5,38,B2AR,"7-eonmol (Pocket2Mol 等变图神经网络 + 口袋引导束搜索, GPCR 微调版)","7-eonmol_ft_gpcr_v2.pt — 本项目自训, 经两轮 A/B(种子 2024/2025)晋级; 基线为 ICML 2022 官方权重",7-eonmol-competition-submission,2024,B2AR_20260927_002520,
C0039,赛道 3 · 离子通道/GPCR 小分子药物虚拟筛选 · 子任务 2,Nc1[nH]nc2c1CC(OC1C=C3Oc4c(cccc4N4CC5=CC=CCC5OC4=O)OC3C1O)CC2,outputs/results_b2ar_final/structures/cand039_mol_7877dccb_51a7decba01a.sdf,1.063,0.598,5.348,0.227,-12.18,B,,,490.52,2.544,132.16,-4.78,3.0,8.0,3,7.0,0,1,,,O=C1OC2CC=CC=C2CN1c1cccc2c1OC1=CC(OC3CCc4n[nH]cc4C3)CC1O2,2,39,B2AR,"7-eonmol (Pocket2Mol 等变图神经网络 + 口袋引导束搜索, GPCR 微调版)","7-eonmol_ft_gpcr_v2.pt — 本项目自训, 经两轮 A/B(种子 2024/2025)晋级; 基线为 ICML 2022 官方权重",7-eonmol-competition-submission,2024,B2AR_20260927_002520,
C0040,赛道 3 · 离子通道/GPCR 小分子药物虚拟筛选 · 子任务 2,NC(=O)C1CCC(COC2CCc3cccc4c3C2Cc2c(-c3ccccc3)c(=O)oc(=O)n2-4)O1,outputs/results_b2ar_final/structures/cand040_mol_f0f5977b_a8bbf0200b44.sdf,1.177,0.608,4.31,0.274,-12.17,A,,,474.51,2.462,113.76,-4.64,1.0,6.0,5,6.0,0,0,,,O=c1oc(=O)n2c(c1-c1ccccc1)CC1c3c(cccc3-2)CCC1OCC1CCCO1,1,40,B2AR,"7-eonmol (Pocket2Mol 等变图神经网络 + 口袋引导束搜索, GPCR 微调版)","7-eonmol_ft_gpcr_v2.pt — 本项目自训, 经两轮 A/B(种子 2024/2025)晋级; 基线为 ICML 2022 官方权重",7-eonmol-competition-submission,2024,B2AR_20260927_002520,
C0041,赛道 3 · 离子通道/GPCR 小分子药物虚拟筛选 · 子任务 2,O=C1COC(CC2C(=O)N3CCC4Cc5cc6ccccc6cc5N4C3=C2F)c2ncccc21,outputs/results_b2ar_final/structures/cand041_mol_023470b4_060bf1cda279.sdf,1.139,0.576,4.374,0.277,-12.17,C,,,455.49,4.311,62.74,-5.95,0.0,5.0,2,7.0,0,3,,,O=C1COC(CC2C=C3N(CCC4Cc5cc6ccccc6cc5N34)C2=O)c2ncccc21,3,41,B2AR,"7-eonmol (Pocket2Mol 等变图神经网络 + 口袋引导束搜索, GPCR 微调版)","7-eonmol_ft_gpcr_v2.pt — 本项目自训, 经两轮 A/B(种子 2024/2025)晋级; 基线为 ICML 2022 官方权重",7-eonmol-competition-submission,2024,B2AR_20260927_002520,ADMET 分级 C(风险较高)
C0042,赛道 3 · 离子通道/GPCR 小分子药物虚拟筛选 · 子任务 2,CCC1CC(C2CC(=O)N3C(N)=NCCC3C2)=C2c3cc4c(c5c(=O)[nH]c(=O)n(c35)CC21)CCCC4,outputs/results_b2ar_final/structures/cand042_mol_cd18f1ac_02b1a0ca5e80.sdf,1.195,0.678,4.828,0.216,-12.16,B,,,487.6,2.708,113.55,-4.89,2.0,5.0,2,7.0,0,1,,,O=C1CC(C2=C3c4cc5c(c6c(=O)[nH]c(=O)n(c46)CC3CC2)CCCC5)CC2CCN=CN12,1,42,B2AR,"7-eonmol (Pocket2Mol 等变图神经网络 + 口袋引导束搜索, GPCR 微调版)","7-eonmol_ft_gpcr_v2.pt — 本项目自训, 经两轮 A/B(种子 2024/2025)晋级; 基线为 ICML 2022 官方权重",7-eonmol-competition-submission,2024,B2AR_20260927_002520,
C0043,赛道 3 · 离子通道/GPCR 小分子药物虚拟筛选 · 子任务 2,CC1(CNC(=O)CCn2c(=O)[nH]c(=O)c3c4c(ccc32)CCCC4)CCc2ccc(O)nc2CN1,outputs/results_b2ar_final/structures/cand043_mol_35e0d32b_b1af14bf525f.sdf,1.059,0.443,3.839,0.279,-12.15,B,,,477.57,1.67,129.11,-4.05,4.0,6.0,5,5.0,0,1,,,O=C(CCn1c(=O)[nH]c(=O)c2c3c(ccc21)CCCC3)NCC1CCc2cccnc2CN1,5,43,B2AR,"7-eonmol (Pocket2Mol 等变图神经网络 + 口袋引导束搜索, GPCR 微调版)","7-eonmol_ft_gpcr_v2.pt — 本项目自训, 经两轮 A/B(种子 2024/2025)晋级; 基线为 ICML 2022 官方权重",7-eonmol-competition-submission,2024,B2AR_20260927_002520,
C0044,赛道 3 · 离子通道/GPCR 小分子药物虚拟筛选 · 子任务 2,CC(=O)NC(=O)c1cc2c3c(c1)-c1cccc4oc(=O)n(c14)C1=C3C(C=CN1)C2,outputs/results_b2ar_final/structures/cand044_mol_5fe5c4a9_1759cb0439ce.sdf,1.283,0.671,3.883,0.255,-12.13,B,,,385.38,2.466,93.34,-4.17,2.0,5.0,1,6.0,0,1,,,O=c1oc2cccc3c2n1C1=C2c4c(cccc4-3)CC2C=CN1,1,44,B2AR,"7-eonmol (Pocket2Mol 等变图神经网络 + 口袋引导束搜索, GPCR 微调版)","7-eonmol_ft_gpcr_v2.pt — 本项目自训, 经两轮 A/B(种子 2024/2025)晋级; 基线为 ICML 2022 官方权重",7-eonmol-competition-submission,2024,B2AR_20260927_002520,
C0045,赛道 3 · 离子通道/GPCR 小分子药物虚拟筛选 · 子任务 2,O=c1oc(=O)n2c(c1-c1ccccc1)CC1c3c(cc(O)cc3-2)CCC1OC1CCc2ccccc2C1,outputs/results_b2ar_final/structures/cand045_mol_29513289_c4acb1a102fe.sdf,1.041,0.448,4.07,0.282,-12.13,B,,,493.56,4.692,81.67,-6.51,1.0,5.0,3,7.0,0,2,,,O=c1oc(=O)n2c(c1-c1ccccc1)CC1c3c(cccc3-2)CCC1OC1CCc2ccccc2C1,1,45,B2AR,"7-eonmol (Pocket2Mol 等变图神经网络 + 口袋引导束搜索, GPCR 微调版)","7-eonmol_ft_gpcr_v2.pt — 本项目自训, 经两轮 A/B(种子 2024/2025)晋级; 基线为 ICML 2022 官方权重",7-eonmol-competition-submission,2024,B2AR_20260927_002520,
C0046,赛道 3 · 离子通道/GPCR 小分子药物虚拟筛选 · 子任务 2,CCC1CC(CCC(=O)NC2NCCC2C)=C2c3cc4c(c5c(=O)[nH]c(=O)n(c35)CC21)CCCC4,outputs/results_b2ar_final/structures/cand046_mol_b6654e69_c54e0f58cb43.sdf,1.138,0.617,4.792,0.261,-12.12,B,,,476.62,3.234,95.99,-5.15,3.0,4.0,5,6.0,0,2,,,O=C(CCC1=C2c3cc4c(c5c(=O)[nH]c(=O)n(c35)CC2CC1)CCCC4)NC1CCCN1,1,46,B2AR,"7-eonmol (Pocket2Mol 等变图神经网络 + 口袋引导束搜索, GPCR 微调版)","7-eonmol_ft_gpcr_v2.pt — 本项目自训, 经两轮 A/B(种子 2024/2025)晋级; 基线为 ICML 2022 官方权重",7-eonmol-competition-submission,2024,B2AR_20260927_002520,
C0047,赛道 3 · 离子通道/GPCR 小分子药物虚拟筛选 · 子任务 2,O=C1COC(CC2C(=O)N3CCC4Cc5cc6ccccc6cc5N4C3=C2F)c2ccccc21,outputs/results_b2ar_final/structures/cand047_mol_475365e4_bfaace708002.sdf,1.133,0.552,4.188,0.317,-12.06,C,,,454.5,4.916,49.85,-6.39,0.0,4.0,2,7.0,0,4,,,O=C1COC(CC2C=C3N(CCC4Cc5cc6ccccc6cc5N34)C2=O)c2ccccc21,1,47,B2AR,"7-eonmol (Pocket2Mol 等变图神经网络 + 口袋引导束搜索, GPCR 微调版)","7-eonmol_ft_gpcr_v2.pt — 本项目自训, 经两轮 A/B(种子 2024/2025)晋级; 基线为 ICML 2022 官方权重",7-eonmol-competition-submission,2024,B2AR_20260927_002520,ADMET 分级 C(风险较高)
C0048,赛道 3 · 离子通道/GPCR 小分子药物虚拟筛选 · 子任务 2,CCC1CC(C2CCNC(=O)C2)=C2c3cc4c(c5c(=O)[nH]c(=O)n(c35)CC21)CCCC4,outputs/results_b2ar_final/structures/cand048_mol_fc4a4ba9_3457098046da.sdf,1.345,0.785,4.4,0.235,-12.04,A,,,419.53,2.908,83.96,-4.62,2.0,3.0,2,6.0,0,0,,,O=C1CC(C2=C3c4cc5c(c6c(=O)[nH]c(=O)n(c46)CC3CC2)CCCC5)CCN1,6,48,B2AR,"7-eonmol (Pocket2Mol 等变图神经网络 + 口袋引导束搜索, GPCR 微调版)","7-eonmol_ft_gpcr_v2.pt — 本项目自训, 经两轮 A/B(种子 2024/2025)晋级; 基线为 ICML 2022 官方权重",7-eonmol-competition-submission,2024,B2AR_20260927_002520,
C0049,赛道 3 · 离子通道/GPCR 小分子药物虚拟筛选 · 子任务 2,O=C(CC1Oc2c(cccc2N2CC3CCCCC3OC2=O)CC1=O)NC1CCc2nnccc2C1,outputs/results_b2ar_final/structures/cand049_mol_9a6c4550_9a6c45506857.sdf,1.261,0.702,4.409,0.226,-12.03,A,,,490.56,2.928,110.72,-5.05,1.0,7.0,4,6.0,0,0,,,O=C(CC1Oc2c(cccc2N2CC3CCCCC3OC2=O)CC1=O)NC1CCc2nnccc2C1,1,49,B2AR,"7-eonmol (Pocket2Mol 等变图神经网络 + 口袋引导束搜索, GPCR 微调版)","7-eonmol_ft_gpcr_v2.pt — 本项目自训, 经两轮 A/B(种子 2024/2025)晋级; 基线为 ICML 2022 官方权重",7-eonmol-competition-submission,2024,B2AR_20260927_002520,
C0050,赛道 3 · 离子通道/GPCR 小分子药物虚拟筛选 · 子任务 2,CC1CC(CC2C(=O)N3CCC4Cc5cc6ccccc6cc5N4C3=C2F)ONC1=O,outputs/results_b2ar_final/structures/cand050_mol_10e99ef7_ac7ddfed2aca.sdf,1.348,0.807,4.591,0.259,-11.98,B,,,421.47,3.418,61.88,-5.02,1.0,4.0,2,6.0,0,2,,,O=C1CCC(CC2C=C3N(CCC4Cc5cc6ccccc6cc5N34)C2=O)ON1,1,50,B2AR,"7-eonmol (Pocket2Mol 等变图神经网络 + 口袋引导束搜索, GPCR 微调版)","7-eonmol_ft_gpcr_v2.pt — 本项目自训, 经两轮 A/B(种子 2024/2025)晋级; 基线为 ICML 2022 官方权重",7-eonmol-competition-submission,2024,B2AR_20260927_002520,
C0051,赛道 3 · 离子通道/GPCR 小分子药物虚拟筛选 · 子任务 2,COc1cc(F)c2c(n1)CNC(CNC(=O)CCn1c(=O)[nH]c(=O)c3c4c(ccc31)CCCC4)CC2,outputs/results_b2ar_final/structures/cand051_mol_35e0d32b_46693b72d405.sdf,1.118,0.479,3.611,0.282,-11.98,B,,,495.56,1.722,118.11,-4.18,3.0,6.0,6,5.0,0,1,,,O=C(CCn1c(=O)[nH]c(=O)c2c3c(ccc21)CCCC3)NCC1CCc2cccnc2CN1,5,51,B2AR,"7-eonmol (Pocket2Mol 等变图神经网络 + 口袋引导束搜索, GPCR 微调版)","7-eonmol_ft_gpcr_v2.pt — 本项目自训, 经两轮 A/B(种子 2024/2025)晋级; 基线为 ICML 2022 官方权重",7-eonmol-competition-submission,2024,B2AR_20260927_002520,
C0052,赛道 3 · 离子通道/GPCR 小分子药物虚拟筛选 · 子任务 2,CC1(CNC(=O)CCn2c(=O)[nH]c(=O)c3c4c(ccc32)CCCC4)CCc2c(F)ccnc2CN1,outputs/results_b2ar_final/structures/cand052_mol_35e0d32b_a10ad95f4576.sdf,1.143,0.519,3.769,0.271,-11.95,B,,,479.56,2.104,108.88,-4.39,3.0,5.0,5,5.0,0,2,,,O=C(CCn1c(=O)[nH]c(=O)c2c3c(ccc21)CCCC3)NCC1CCc2cccnc2CN1,5,52,B2AR,"7-eonmol (Pocket2Mol 等变图神经网络 + 口袋引导束搜索, GPCR 微调版)","7-eonmol_ft_gpcr_v2.pt — 本项目自训, 经两轮 A/B(种子 2024/2025)晋级; 基线为 ICML 2022 官方权重",7-eonmol-competition-submission,2024,B2AR_20260927_002520,
C0053,赛道 3 · 离子通道/GPCR 小分子药物虚拟筛选 · 子任务 2,CC(C)C1=CC=CN(c2nc(=O)n3c(c2F)N(c2ccc4ccccc4c2)C(C)C3)C1,outputs/results_b2ar_final/structures/cand053_mol_385690f9_93540b3e63a2.sdf,1.222,0.603,3.807,0.28,-11.91,B,,,416.5,4.992,41.37,-6.2,0.0,4.0,3,5.0,0,2,,,O=c1nc(N2C=CC=CC2)cc2n1CCN2c1ccc2ccccc2c1,1,53,B2AR,"7-eonmol (Pocket2Mol 等变图神经网络 + 口袋引导束搜索, GPCR 微调版)","7-eonmol_ft_gpcr_v2.pt — 本项目自训, 经两轮 A/B(种子 2024/2025)晋级; 基线为 ICML 2022 官方权重",7-eonmol-competition-submission,2024,B2AR_20260927_002520,
C0054,赛道 3 · 离子通道/GPCR 小分子药物虚拟筛选 · 子任务 2,O=C1Cc2cccc(N3CC4OCCCC4OC3=O)c2OC1Cc1ccc(-c2ccncn2)cc1,outputs/results_b2ar_final/structures/cand054_mol_a65fcec0_a65fcec0dc73.sdf,1.174,0.572,3.986,0.268,-11.88,A,,,471.51,3.763,90.85,-5.61,0.0,7.0,4,6.0,0,0,,,O=C1Cc2cccc(N3CC4OCCCC4OC3=O)c2OC1Cc1ccc(-c2ccncn2)cc1,1,54,B2AR,"7-eonmol (Pocket2Mol 等变图神经网络 + 口袋引导束搜索, GPCR 微调版)","7-eonmol_ft_gpcr_v2.pt — 本项目自训, 经两轮 A/B(种子 2024/2025)晋级; 基线为 ICML 2022 官方权重",7-eonmol-competition-submission,2024,B2AR_20260927_002520,
C0055,赛道 3 · 离子通道/GPCR 小分子药物虚拟筛选 · 子任务 2,O=C(CC1Oc2c(cccc2N2CC3CCCCC3OC2=O)CC1=O)Nc1ccccc1,outputs/results_b2ar_final/structures/cand055_mol_7cc66f09_7cc66f09ef80.sdf,1.413,0.783,3.698,0.358,-11.85,A,,,434.49,4.103,84.94,-5.58,1.0,5.0,4,5.0,0,0,,,O=C(CC1Oc2c(cccc2N2CC3CCCCC3OC2=O)CC1=O)Nc1ccccc1,3,55,B2AR,"7-eonmol (Pocket2Mol 等变图神经网络 + 口袋引导束搜索, GPCR 微调版)","7-eonmol_ft_gpcr_v2.pt — 本项目自训, 经两轮 A/B(种子 2024/2025)晋级; 基线为 ICML 2022 官方权重",7-eonmol-competition-submission,2024,B2AR_20260927_002520,
C0056,赛道 3 · 离子通道/GPCR 小分子药物虚拟筛选 · 子任务 2,NC(=O)c1ccc(NC(=O)CC2Oc3c(cccc3N3CC4CCCCC4OC3=O)CC2=O)cc1,outputs/results_b2ar_final/structures/cand056_mol_7cc66f09_c9d374068f8f.sdf,1.301,0.681,3.792,0.302,-11.85,A,,,477.52,3.202,128.03,-5.15,2.0,6.0,5,5.0,0,0,,,O=C(CC1Oc2c(cccc2N2CC3CCCCC3OC2=O)CC1=O)Nc1ccccc1,3,56,B2AR,"7-eonmol (Pocket2Mol 等变图神经网络 + 口袋引导束搜索, GPCR 微调版)","7-eonmol_ft_gpcr_v2.pt — 本项目自训, 经两轮 A/B(种子 2024/2025)晋级; 基线为 ICML 2022 官方权重",7-eonmol-competition-submission,2024,B2AR_20260927_002520,
C0057,赛道 3 · 离子通道/GPCR 小分子药物虚拟筛选 · 子任务 2,O=C(CCOc1cccc2c(O)c3c(cc12)C=C(C(=O)O)CC3)Nc1ccccc1,outputs/results_b2ar_final/structures/cand057_mol_c8a59bd7_ec49f62f732b.sdf,1.317,0.568,2.513,0.333,-11.84,B,,,403.43,4.367,95.86,-5.59,3.0,4.0,6,4.0,0,1,,,O=C(CCOc1cccc2cc3c(cc12)C=CCC3)Nc1ccccc1,1,57,B2AR,"7-eonmol (Pocket2Mol 等变图神经网络 + 口袋引导束搜索, GPCR 微调版)","7-eonmol_ft_gpcr_v2.pt — 本项目自训, 经两轮 A/B(种子 2024/2025)晋级; 基线为 ICML 2022 官方权重",7-eonmol-competition-submission,2024,B2AR_20260927_002520,
C0058,赛道 3 · 离子通道/GPCR 小分子药物虚拟筛选 · 子任务 2,CCCc1ccccc1COC1CC2=C3Nc4cc(OC)ccc4-c4c3n(c(=O)[nH]c4=O)CC2C1C,outputs/results_b2ar_final/structures/cand058_mol_c3d24906_4b19c960956b.sdf,1.115,0.535,4.194,0.328,-11.84,C,,,485.58,4.556,85.35,-6.24,2.0,5.0,6,6.0,0,3,,,O=c1[nH]c(=O)n2c3c1-c1ccccc1NC3=C1CC(OCc3ccccc3)CC1C2,2,58,B2AR,"7-eonmol (Pocket2Mol 等变图神经网络 + 口袋引导束搜索, GPCR 微调版)","7-eonmol_ft_gpcr_v2.pt — 本项目自训, 经两轮 A/B(种子 2024/2025)晋级; 基线为 ICML 2022 官方权重",7-eonmol-competition-submission,2024,B2AR_20260927_002520,ADMET 分级 C(风险较高)
C0059,赛道 3 · 离子通道/GPCR 小分子药物虚拟筛选 · 子任务 2,O=c1[nH]c(=O)n2c3c(cc4c(c13)CCCC4)C1=C(COc3cccc4[nH]cnc34)CCC1C2,outputs/results_b2ar_final/structures/cand059_mol_4fc31a13_4fc31a13b427.sdf,1.131,0.508,3.769,0.284,-11.81,A,,,440.5,3.701,92.77,-5.41,2.0,4.0,3,7.0,0,0,,,O=c1[nH]c(=O)n2c3c(cc4c(c13)CCCC4)C1=C(COc3cccc4[nH]cnc34)CCC1C2,1,59,B2AR,"7-eonmol (Pocket2Mol 等变图神经网络 + 口袋引导束搜索, GPCR 微调版)","7-eonmol_ft_gpcr_v2.pt — 本项目自训, 经两轮 A/B(种子 2024/2025)晋级; 基线为 ICML 2022 官方权重",7-eonmol-competition-submission,2024,B2AR_20260927_002520,
C0060,赛道 3 · 离子通道/GPCR 小分子药物虚拟筛选 · 子任务 2,Cc1cc2c(nn1)C=CN(c1nc(=O)n3c(c1F)N(c1ccc4ccccc4c1)CCC3)C2,outputs/results_b2ar_final/structures/cand060_mol_fc0348ca_c9a90825f666.sdf,1.125,0.466,3.407,0.304,-11.81,A,,,440.48,4.167,67.15,-5.81,0.0,6.0,2,6.0,0,0,,,O=c1nc(N2C=Cc3nnccc3C2)cc2n1CCCN2c1ccc2ccccc2c1,1,60,B2AR,"7-eonmol (Pocket2Mol 等变图神经网络 + 口袋引导束搜索, GPCR 微调版)","7-eonmol_ft_gpcr_v2.pt — 本项目自训, 经两轮 A/B(种子 2024/2025)晋级; 基线为 ICML 2022 官方权重",7-eonmol-competition-submission,2024,B2AR_20260927_002520,
C0061,赛道 3 · 离子通道/GPCR 小分子药物虚拟筛选 · 子任务 2,O=C1COC2CC3(Cc4cccc1c42)C(=O)N1CCC2Cc4cc5ccccc5cc4N2C1=C3F,outputs/results_b2ar_final/structures/cand061_mol_024d43c9_524134565ced.sdf,0.998,0.476,4.782,0.309,-11.8,C,,,466.51,4.842,49.85,-6.45,0.0,4.0,0,8.0,0,4,,,O=C1COC2CC3(C=C4N(CCC5Cc6cc7ccccc7cc6N45)C3=O)Cc3cccc1c32,2,61,B2AR,"7-eonmol (Pocket2Mol 等变图神经网络 + 口袋引导束搜索, GPCR 微调版)","7-eonmol_ft_gpcr_v2.pt — 本项目自训, 经两轮 A/B(种子 2024/2025)晋级; 基线为 ICML 2022 官方权重",7-eonmol-competition-submission,2024,B2AR_20260927_002520,ADMET 分级 C(风险较高)
C0062,赛道 3 · 离子通道/GPCR 小分子药物虚拟筛选 · 子任务 2,CCC1CC(C2CCN(C(=O)CNC)C(=O)C2)=C2c3cc4c(c5c(=O)[nH]c(=O)n(c35)CC21)CCCC4,outputs/results_b2ar_final/structures/cand062_mol_fc4a4ba9_922bb1ae7898.sdf,1.239,0.685,4.461,0.231,-11.79,B,,,490.6,2.366,104.27,-4.61,2.0,5.0,4,6.0,0,1,,,O=C1CC(C2=C3c4cc5c(c6c(=O)[nH]c(=O)n(c46)CC3CC2)CCCC5)CCN1,6,62,B2AR,"7-eonmol (Pocket2Mol 等变图神经网络 + 口袋引导束搜索, GPCR 微调版)","7-eonmol_ft_gpcr_v2.pt — 本项目自训, 经两轮 A/B(种子 2024/2025)晋级; 基线为 ICML 2022 官方权重",7-eonmol-competition-submission,2024,B2AR_20260927_002520,
C0063,赛道 3 · 离子通道/GPCR 小分子药物虚拟筛选 · 子任务 2,CC1CC(C2C=CC3=CC=CC(=O)C3=C2)=C2c3cc4c(c5c(=O)[nH]c(=O)n(c35)CC21)CCCC4,outputs/results_b2ar_final/structures/cand063_mol_c56ba918_734c30243500.sdf,1.233,0.709,4.761,0.224,-11.76,A,,,450.54,4.17,71.93,-5.77,1.0,3.0,1,7.0,0,0,,,O=C1C=CC=C2C=CC(C3=C4c5cc6c(c7c(=O)[nH]c(=O)n(c57)CC4CC3)CCCC6)C=C12,1,63,B2AR,"7-eonmol (Pocket2Mol 等变图神经网络 + 口袋引导束搜索, GPCR 微调版)","7-eonmol_ft_gpcr_v2.pt — 本项目自训, 经两轮 A/B(种子 2024/2025)晋级; 基线为 ICML 2022 官方权重",7-eonmol-competition-submission,2024,B2AR_20260927_002520,
C0064,赛道 3 · 离子通道/GPCR 小分子药物虚拟筛选 · 子任务 2,O=C(O)C1=Cc2cc3c(OCCC4=CC=CC4)cccc3c(O)c2CC1,outputs/results_b2ar_final/structures/cand064_mol_bd221e81_4e03f50bd2df.sdf,1.521,0.828,3.063,0.257,-11.75,B,,,348.4,4.615,66.76,-5.39,2.0,3.0,5,4.0,0,1,,,C1=CCC(CCOc2cccc3cc4c(cc23)C=CCC4)=C1,1,64,B2AR,"7-eonmol (Pocket2Mol 等变图神经网络 + 口袋引导束搜索, GPCR 微调版)","7-eonmol_ft_gpcr_v2.pt — 本项目自训, 经两轮 A/B(种子 2024/2025)晋级; 基线为 ICML 2022 官方权重",7-eonmol-competition-submission,2024,B2AR_20260927_002520,
C0065,赛道 3 · 离子通道/GPCR 小分子药物虚拟筛选 · 子任务 2,Cc1ccccc1OC1CCc2cc(O)cc3c2C1Cc1c(-c2ccccc2)c(=O)oc(=O)n1-3,outputs/results_b2ar_final/structures/cand065_mol_3bc6d8f3_1a0401db280b.sdf,1.123,0.494,3.71,0.303,-11.74,B,,,453.49,4.505,81.67,-6.14,1.0,5.0,3,6.0,0,2,,,O=c1oc(=O)n2c(c1-c1ccccc1)CC1c3c(cccc3-2)CCC1Oc1ccccc1,1,65,B2AR,"7-eonmol (Pocket2Mol 等变图神经网络 + 口袋引导束搜索, GPCR 微调版)","7-eonmol_ft_gpcr_v2.pt — 本项目自训, 经两轮 A/B(种子 2024/2025)晋级; 基线为 ICML 2022 官方权重",7-eonmol-competition-submission,2024,B2AR_20260927_002520,
C0066,赛道 3 · 离子通道/GPCR 小分子药物虚拟筛选 · 子任务 2,CC(C)C1=CC(=O)CN(c2nc(=O)n3c(c2F)N(c2ccc4ccccc4c2)C(C)C3)C1,outputs/results_b2ar_final/structures/cand066_mol_3dfacbd3_8f16ebbd47d9.sdf,1.248,0.625,3.776,0.276,-11.73,A,,,432.5,4.047,58.44,-5.59,0.0,5.0,3,5.0,0,0,,,O=C1C=CCN(c2cc3n(c(=O)n2)CCN3c2ccc3ccccc3c2)C1,1,66,B2AR,"7-eonmol (Pocket2Mol 等变图神经网络 + 口袋引导束搜索, GPCR 微调版)","7-eonmol_ft_gpcr_v2.pt — 本项目自训, 经两轮 A/B(种子 2024/2025)晋级; 基线为 ICML 2022 官方权重",7-eonmol-competition-submission,2024,B2AR_20260927_002520,
C0067,赛道 3 · 离子通道/GPCR 小分子药物虚拟筛选 · 子任务 2,O=C(CC1Oc2c(cccc2N2CC3CCCCC3OC2=O)CC1=O)Nc1ccccc1C(=O)O,outputs/results_b2ar_final/structures/cand067_mol_7cc66f09_d1a497482767.sdf,1.291,0.67,3.794,0.261,-11.71,B,,,478.5,3.802,122.24,-5.6,2.0,6.0,5,5.0,0,1,,,O=C(CC1Oc2c(cccc2N2CC3CCCCC3OC2=O)CC1=O)Nc1ccccc1,3,67,B2AR,"7-eonmol (Pocket2Mol 等变图神经网络 + 口袋引导束搜索, GPCR 微调版)","7-eonmol_ft_gpcr_v2.pt — 本项目自训, 经两轮 A/B(种子 2024/2025)晋级; 基线为 ICML 2022 官方权重",7-eonmol-competition-submission,2024,B2AR_20260927_002520,
C0068,赛道 3 · 离子通道/GPCR 小分子药物虚拟筛选 · 子任务 2,O=c1[nH]ccc2c1CC1CN(CC3OCCC3c3ccc(COc4ccc(O)cc4)cc3)CCC1=C2,outputs/results_b2ar_final/structures/cand068_mol_6d168345_5e724234598a.sdf,1.14,0.539,3.992,0.286,-11.71,C,,,484.6,4.494,74.79,-6.18,2.0,5.0,6,6.0,0,4,,,O=c1[nH]ccc2c1CC1CN(CC3OCCC3c3ccc(COc4ccccc4)cc3)CCC1=C2,1,68,B2AR,"7-eonmol (Pocket2Mol 等变图神经网络 + 口袋引导束搜索, GPCR 微调版)","7-eonmol_ft_gpcr_v2.pt — 本项目自训, 经两轮 A/B(种子 2024/2025)晋级; 基线为 ICML 2022 官方权重",7-eonmol-competition-submission,2024,B2AR_20260927_002520,ADMET 分级 C(风险较高)
C0069,赛道 3 · 离子通道/GPCR 小分子药物虚拟筛选 · 子任务 2,CC1Cn2c(c(F)c(N3C=CC4=C(CCO4)C3)nc2=O)N1c1ccc2ccccc2c1,outputs/results_b2ar_final/structures/cand069_mol_4a2e3f2c_67c7bb7929bf.sdf,1.231,0.63,3.994,0.289,-11.68,A,,,416.46,4.084,50.6,-5.55,0.0,5.0,2,6.0,0,0,,,O=c1nc(N2C=CC3=C(CCO3)C2)cc2n1CCN2c1ccc2ccccc2c1,1,69,B2AR,"7-eonmol (Pocket2Mol 等变图神经网络 + 口袋引导束搜索, GPCR 微调版)","7-eonmol_ft_gpcr_v2.pt — 本项目自训, 经两轮 A/B(种子 2024/2025)晋级; 基线为 ICML 2022 官方权重",7-eonmol-competition-submission,2024,B2AR_20260927_002520,
C0070,赛道 3 · 离子通道/GPCR 小分子药物虚拟筛选 · 子任务 2,O=C(CCOc1cccc2c(O)c3c(cc12)C=C(C(=O)O)CC3)Nc1ccc[nH]1,outputs/results_b2ar_final/structures/cand070_mol_264237b0_2d9aa9e192a0.sdf,1.211,0.511,3.005,0.261,-11.66,B,,,392.41,3.695,111.65,-5.01,4.0,4.0,6,4.0,0,1,,,O=C(CCOc1cccc2cc3c(cc12)C=CCC3)Nc1ccc[nH]1,1,70,B2AR,"7-eonmol (Pocket2Mol 等变图神经网络 + 口袋引导束搜索, GPCR 微调版)","7-eonmol_ft_gpcr_v2.pt — 本项目自训, 经两轮 A/B(种子 2024/2025)晋级; 基线为 ICML 2022 官方权重",7-eonmol-competition-submission,2024,B2AR_20260927_002520,
C0071,赛道 3 · 离子通道/GPCR 小分子药物虚拟筛选 · 子任务 2,CCC1CC(C2CC(=O)n3c(cccc3=O)O2)=C2c3cc4c(c5c(=O)[nH]c(=O)n(c35)CC21)CCCC4,outputs/results_b2ar_final/structures/cand071_mol_944d4076_dc895f3f1df4.sdf,1.136,0.601,4.654,0.24,-11.66,B,,,485.54,3.035,103.16,-5.18,1.0,5.0,2,7.0,0,1,,,O=C1CC(C2=C3c4cc5c(c6c(=O)[nH]c(=O)n(c46)CC3CC2)CCCC5)Oc2cccc(=O)n21,1,71,B2AR,"7-eonmol (Pocket2Mol 等变图神经网络 + 口袋引导束搜索, GPCR 微调版)","7-eonmol_ft_gpcr_v2.pt — 本项目自训, 经两轮 A/B(种子 2024/2025)晋级; 基线为 ICML 2022 官方权重",7-eonmol-competition-submission,2024,B2AR_20260927_002520,
C0072,赛道 3 · 离子通道/GPCR 小分子药物虚拟筛选 · 子任务 2,COc1ccc2c(c1)NC1=C3CC(OCc4ccccc4)C(C)C3Cn3c1c-2c(=O)[nH]c3=O,outputs/results_b2ar_final/structures/cand072_mol_c3d24906_d9b304903a62.sdf,1.238,0.644,4.053,0.339,-11.65,B,,,443.5,3.604,85.35,-5.33,2.0,5.0,4,6.0,0,1,,,O=c1[nH]c(=O)n2c3c1-c1ccccc1NC3=C1CC(OCc3ccccc3)CC1C2,2,72,B2AR,"7-eonmol (Pocket2Mol 等变图神经网络 + 口袋引导束搜索, GPCR 微调版)","7-eonmol_ft_gpcr_v2.pt — 本项目自训, 经两轮 A/B(种子 2024/2025)晋级; 基线为 ICML 2022 官方权重",7-eonmol-competition-submission,2024,B2AR_20260927_002520,
C0073,赛道 3 · 离子通道/GPCR 小分子药物虚拟筛选 · 子任务 2,O=C(CC1Oc2c(cccc2N2CC3CCCCC3OC2=O)CC1=O)NC1CCc2ncccc2C1,outputs/results_b2ar_final/structures/cand073_mol_e8ae364e_e8ae364e56a0.sdf,1.281,0.706,4.251,0.24,-11.62,B,,,489.57,3.533,97.83,-5.49,1.0,6.0,4,6.0,0,1,,,O=C(CC1Oc2c(cccc2N2CC3CCCCC3OC2=O)CC1=O)NC1CCc2ncccc2C1,1,73,B2AR,"7-eonmol (Pocket2Mol 等变图神经网络 + 口袋引导束搜索, GPCR 微调版)","7-eonmol_ft_gpcr_v2.pt — 本项目自训, 经两轮 A/B(种子 2024/2025)晋级; 基线为 ICML 2022 官方权重",7-eonmol-competition-submission,2024,B2AR_20260927_002520,
C0074,赛道 3 · 离子通道/GPCR 小分子药物虚拟筛选 · 子任务 2,CCC1CC(C2CC(=O)n3c(cccc3=O)N2)=C2c3cc4c(c5c(=O)[nH]c(=O)n(c35)CC21)CCCC4,outputs/results_b2ar_final/structures/cand074_mol_cac43ca4_a8b476b440fc.sdf,1.114,0.582,4.672,0.247,-11.62,B,,,484.56,3.068,105.96,-5.2,2.0,5.0,2,7.0,0,2,,,O=C1CC(C2=C3c4cc5c(c6c(=O)[nH]c(=O)n(c46)CC3CC2)CCCC5)Nc2cccc(=O)n21,1,74,B2AR,"7-eonmol (Pocket2Mol 等变图神经网络 + 口袋引导束搜索, GPCR 微调版)","7-eonmol_ft_gpcr_v2.pt — 本项目自训, 经两轮 A/B(种子 2024/2025)晋级; 基线为 ICML 2022 官方权重",7-eonmol-competition-submission,2024,B2AR_20260927_002520,
C0075,赛道 3 · 离子通道/GPCR 小分子药物虚拟筛选 · 子任务 2,CC1CC(CCc2ccccc2)=C2c3cc4c(c5c(=O)[nH]c(=O)n(c35)CC21)CCCC4,outputs/results_b2ar_final/structures/cand075_mol_af71c976_2c79d98045dd.sdf,1.297,0.682,3.854,0.271,-11.58,B,,,412.53,4.625,54.86,-5.9,1.0,2.0,3,6.0,0,1,,,O=c1[nH]c(=O)n2c3c(cc4c(c13)CCCC4)C1=C(CCc3ccccc3)CCC1C2,1,75,B2AR,"7-eonmol (Pocket2Mol 等变图神经网络 + 口袋引导束搜索, GPCR 微调版)","7-eonmol_ft_gpcr_v2.pt — 本项目自训, 经两轮 A/B(种子 2024/2025)晋级; 基线为 ICML 2022 官方权重",7-eonmol-competition-submission,2024,B2AR_20260927_002520,
C0076,赛道 3 · 离子通道/GPCR 小分子药物虚拟筛选 · 子任务 2,CCC1CC(C2CC(=O)N3C(O)CCCC3C2)=C2c3cc4c(c5c(=O)[nH]c(=O)n(c35)CC21)CCCC4,outputs/results_b2ar_final/structures/cand076_mol_2277d371_9a06a62f8e87.sdf,1.195,0.675,4.8,0.213,-11.58,B,,,489.62,3.491,95.4,-5.49,2.0,4.0,2,7.0,0,2,,,O=C1CC(C2=C3c4cc5c(c6c(=O)[nH]c(=O)n(c46)CC3CC2)CCCC5)CC2CCCCN12,3,76,B2AR,"7-eonmol (Pocket2Mol 等变图神经网络 + 口袋引导束搜索, GPCR 微调版)","7-eonmol_ft_gpcr_v2.pt — 本项目自训, 经两轮 A/B(种子 2024/2025)晋级; 基线为 ICML 2022 官方权重",7-eonmol-competition-submission,2024,B2AR_20260927_002520,
C0077,赛道 3 · 离子通道/GPCR 小分子药物虚拟筛选 · 子任务 2,O=C1C(Cc2ccccc2)C(F)=C2N1CCC1Cc3cc4ccccc4cc3N21,outputs/results_b2ar_final/structures/cand077_mol_be481322_1941da8609de.sdf,1.279,0.633,3.536,0.346,-11.54,C,,,384.45,4.814,23.55,-5.9,0.0,2.0,2,6.0,0,3,,,O=C1C(Cc2ccccc2)C=C2N1CCC1Cc3cc4ccccc4cc3N21,2,77,B2AR,"7-eonmol (Pocket2Mol 等变图神经网络 + 口袋引导束搜索, GPCR 微调版)","7-eonmol_ft_gpcr_v2.pt — 本项目自训, 经两轮 A/B(种子 2024/2025)晋级; 基线为 ICML 2022 官方权重",7-eonmol-competition-submission,2024,B2AR_20260927_002520,ADMET 分级 C(风险较高)
C0078,赛道 3 · 离子通道/GPCR 小分子药物虚拟筛选 · 子任务 2,CCC1CC(CCC(=O)NC(N)=O)=C2c3cc4c(c5c(=O)[nH]c(=O)n(c35)CC21)CCCC4,outputs/results_b2ar_final/structures/cand078_mol_e5dedfaa_57a350d3513d.sdf,1.265,0.68,4.147,0.29,-11.53,A,,,436.51,2.357,127.05,-4.27,3.0,4.0,4,5.0,0,0,,,O=c1[nH]c(=O)n2c3c(cc4c(c13)CCCC4)C1=CCCC1C2,2,78,B2AR,"7-eonmol (Pocket2Mol 等变图神经网络 + 口袋引导束搜索, GPCR 微调版)","7-eonmol_ft_gpcr_v2.pt — 本项目自训, 经两轮 A/B(种子 2024/2025)晋级; 基线为 ICML 2022 官方权重",7-eonmol-competition-submission,2024,B2AR_20260927_002520,
C0079,赛道 3 · 离子通道/GPCR 小分子药物虚拟筛选 · 子任务 2,O=c1nc(N2C=Cc3ncccc3C2)c(F)c2n1CCCN2c1ccc2ccccc2c1,outputs/results_b2ar_final/structures/cand079_mol_38a7b629_868069a423f5.sdf,1.151,0.475,3.231,0.316,-11.53,B,,,425.47,4.463,54.26,-5.94,0.0,5.0,2,6.0,0,1,,,O=c1nc(N2C=Cc3ncccc3C2)cc2n1CCCN2c1ccc2ccccc2c1,3,79,B2AR,"7-eonmol (Pocket2Mol 等变图神经网络 + 口袋引导束搜索, GPCR 微调版)","7-eonmol_ft_gpcr_v2.pt — 本项目自训, 经两轮 A/B(种子 2024/2025)晋级; 基线为 ICML 2022 官方权重",7-eonmol-competition-submission,2024,B2AR_20260927_002520,
C0080,赛道 3 · 离子通道/GPCR 小分子药物虚拟筛选 · 子任务 2,CCC1CC(C2CCN(C(=O)O)C(=O)C2)=C2c3cc4c(c5c(=O)[nH]c(=O)n(c35)CC21)CCCC4,outputs/results_b2ar_final/structures/cand080_mol_fc4a4ba9_77b8d21ac136.sdf,1.268,0.71,4.419,0.25,-11.52,B,,,463.53,3.299,112.47,-5.18,2.0,4.0,2,6.0,0,2,,,O=C1CC(C2=C3c4cc5c(c6c(=O)[nH]c(=O)n(c46)CC3CC2)CCCC5)CCN1,6,80,B2AR,"7-eonmol (Pocket2Mol 等变图神经网络 + 口袋引导束搜索, GPCR 微调版)","7-eonmol_ft_gpcr_v2.pt — 本项目自训, 经两轮 A/B(种子 2024/2025)晋级; 基线为 ICML 2022 官方权重",7-eonmol-competition-submission,2024,B2AR_20260927_002520,
C0081,赛道 3 · 离子通道/GPCR 小分子药物虚拟筛选 · 子任务 2,O=C(CC1Oc2c(cccc2N2CC3CCCCC3OC2=O)CC1=O)NCc1ccccc1,outputs/results_b2ar_final/structures/cand081_mol_cd52f3f4_cd52f3f4093a.sdf,1.381,0.752,3.72,0.298,-11.51,A,,,448.52,3.781,84.94,-5.4,1.0,5.0,5,5.0,0,0,,,O=C(CC1Oc2c(cccc2N2CC3CCCCC3OC2=O)CC1=O)NCc1ccccc1,1,81,B2AR,"7-eonmol (Pocket2Mol 等变图神经网络 + 口袋引导束搜索, GPCR 微调版)","7-eonmol_ft_gpcr_v2.pt — 本项目自训, 经两轮 A/B(种子 2024/2025)晋级; 基线为 ICML 2022 官方权重",7-eonmol-competition-submission,2024,B2AR_20260927_002520,
C0082,赛道 3 · 离子通道/GPCR 小分子药物虚拟筛选 · 子任务 2,CCC1CC(C2CC(=O)N3CC(=O)NCC3C2)=C2c3cc4c(c5c(=O)[nH]c(=O)n(c35)CC21)CCCC4,outputs/results_b2ar_final/structures/cand082_mol_199099ff_d39b6779fe53.sdf,1.207,0.676,4.688,0.213,-11.51,B,,,488.59,2.119,104.27,-4.46,2.0,4.0,2,7.0,0,1,,,O=C1CN2C(=O)CC(C3=C4c5cc6c(c7c(=O)[nH]c(=O)n(c57)CC4CC3)CCCC6)CC2CN1,1,82,B2AR,"7-eonmol (Pocket2Mol 等变图神经网络 + 口袋引导束搜索, GPCR 微调版)","7-eonmol_ft_gpcr_v2.pt — 本项目自训, 经两轮 A/B(种子 2024/2025)晋级; 基线为 ICML 2022 官方权重",7-eonmol-competition-submission,2024,B2AR_20260927_002520,
C0083,赛道 3 · 离子通道/GPCR 小分子药物虚拟筛选 · 子任务 2,CCC1CC(C2CC(=O)N(C(N)=O)C(C)C2)=C2c3cc4c(c5c(=O)[nH]c(=O)n(c35)CC21)CCCC4,outputs/results_b2ar_final/structures/cand083_mol_fc4a4ba9_7437a0b1fd80.sdf,1.225,0.692,4.669,0.229,-11.5,B,,,476.58,3.088,118.26,-5.11,2.0,4.0,2,6.0,0,2,,,O=C1CC(C2=C3c4cc5c(c6c(=O)[nH]c(=O)n(c46)CC3CC2)CCCC5)CCN1,6,83,B2AR,"7-eonmol (Pocket2Mol 等变图神经网络 + 口袋引导束搜索, GPCR 微调版)","7-eonmol_ft_gpcr_v2.pt — 本项目自训, 经两轮 A/B(种子 2024/2025)晋级; 基线为 ICML 2022 官方权重",7-eonmol-competition-submission,2024,B2AR_20260927_002520,
C0084,赛道 3 · 离子通道/GPCR 小分子药物虚拟筛选 · 子任务 2,CC1Cn2c(c(F)c(N3C=Cc4[nH]ccc4C3)nc2=O)N1c1ccc2ccccc2c1,outputs/results_b2ar_final/structures/cand084_mol_514d866a_e3ee6fbdac9d.sdf,1.136,0.529,3.931,0.286,-11.5,A,,,413.46,4.395,57.16,-5.81,1.0,4.0,2,6.0,0,0,,,O=c1nc(N2C=Cc3[nH]ccc3C2)cc2n1CCN2c1ccc2ccccc2c1,1,84,B2AR,"7-eonmol (Pocket2Mol 等变图神经网络 + 口袋引导束搜索, GPCR 微调版)","7-eonmol_ft_gpcr_v2.pt — 本项目自训, 经两轮 A/B(种子 2024/2025)晋级; 基线为 ICML 2022 官方权重",7-eonmol-competition-submission,2024,B2AR_20260927_002520,
C0085,赛道 3 · 离子通道/GPCR 小分子药物虚拟筛选 · 子任务 2,O=c1oc(=O)n2c(c1-c1ccccc1)CC1c3c(cc(O)cc3-2)CCC1OC1CCCCC1,outputs/results_b2ar_final/structures/cand085_mol_0fd0b017_04d0f275ade7.sdf,1.26,0.643,3.84,0.259,-11.49,B,,,445.52,4.467,81.67,-6.0,1.0,5.0,3,6.0,0,1,,,O=c1oc(=O)n2c(c1-c1ccccc1)CC1c3c(cccc3-2)CCC1OC1CCCCC1,2,85,B2AR,"7-eonmol (Pocket2Mol 等变图神经网络 + 口袋引导束搜索, GPCR 微调版)","7-eonmol_ft_gpcr_v2.pt — 本项目自训, 经两轮 A/B(种子 2024/2025)晋级; 基线为 ICML 2022 官方权重",7-eonmol-competition-submission,2024,B2AR_20260927_002520,
C0086,赛道 3 · 离子通道/GPCR 小分子药物虚拟筛选 · 子任务 2,CN1CC=CC2=C1C=CN(c1nc(=O)n3c(c1F)N(c1ccc4ccccc4c1)CCC3)C2,outputs/results_b2ar_final/structures/cand086_mol_5d2a3146_5c9f72095b40.sdf,1.241,0.598,3.562,0.304,-11.49,B,,,441.51,4.167,44.61,-5.76,0.0,5.0,2,6.0,0,2,,,O=c1nc(N2C=CC3=C(C=CCN3)C2)cc2n1CCCN2c1ccc2ccccc2c1,2,86,B2AR,"7-eonmol (Pocket2Mol 等变图神经网络 + 口袋引导束搜索, GPCR 微调版)","7-eonmol_ft_gpcr_v2.pt — 本项目自训, 经两轮 A/B(种子 2024/2025)晋级; 基线为 ICML 2022 官方权重",7-eonmol-competition-submission,2024,B2AR_20260927_002520,
C0087,赛道 3 · 离子通道/GPCR 小分子药物虚拟筛选 · 子任务 2,O=C(CCOc1cccc2c(O)c3c(cc12)C=C(C(=O)O)CC3)Nc1ccccn1,outputs/results_b2ar_final/structures/cand087_mol_c981af0f_32fb33edf4c2.sdf,1.309,0.577,2.686,0.312,-11.48,B,,,404.42,3.762,108.75,-5.15,3.0,5.0,6,4.0,0,2,,,O=C(CCOc1cccc2cc3c(cc12)C=CCC3)Nc1ccccn1,1,87,B2AR,"7-eonmol (Pocket2Mol 等变图神经网络 + 口袋引导束搜索, GPCR 微调版)","7-eonmol_ft_gpcr_v2.pt — 本项目自训, 经两轮 A/B(种子 2024/2025)晋级; 基线为 ICML 2022 官方权重",7-eonmol-competition-submission,2024,B2AR_20260927_002520,
C0088,赛道 3 · 离子通道/GPCR 小分子药物虚拟筛选 · 子任务 2,COc1cccc(CC(=O)NC2=C3CC(c4cccc(C(=O)O)c4)=CC=C3C=C2)c1C,outputs/results_b2ar_final/structures/cand088_mol_48c3870d_2d159143b552.sdf,1.431,0.726,2.949,0.294,-11.47,B,,,413.47,4.598,75.63,-5.77,2.0,3.0,6,4.0,0,1,,,O=C(Cc1ccccc1)NC1=C2CC(c3ccccc3)=CC=C2C=C1,2,88,B2AR,"7-eonmol (Pocket2Mol 等变图神经网络 + 口袋引导束搜索, GPCR 微调版)","7-eonmol_ft_gpcr_v2.pt — 本项目自训, 经两轮 A/B(种子 2024/2025)晋级; 基线为 ICML 2022 官方权重",7-eonmol-competition-submission,2024,B2AR_20260927_002520,
C0089,赛道 3 · 离子通道/GPCR 小分子药物虚拟筛选 · 子任务 2,O=C(COc1cccc2c(O)c3c(cc12)-c1cc[nH]c(=O)c1CC3)N1CCCC1,outputs/results_b2ar_final/structures/cand089_mol_a93dad84_7257c8c5666b.sdf,1.444,0.72,2.761,0.336,-11.46,C,,,390.44,3.001,82.63,-4.57,2.0,4.0,3,5.0,0,3,,,O=C(COc1cccc2cc3c(cc12)-c1cc[nH]c(=O)c1CC3)N1CCCC1,2,89,B2AR,"7-eonmol (Pocket2Mol 等变图神经网络 + 口袋引导束搜索, GPCR 微调版)","7-eonmol_ft_gpcr_v2.pt — 本项目自训, 经两轮 A/B(种子 2024/2025)晋级; 基线为 ICML 2022 官方权重",7-eonmol-competition-submission,2024,B2AR_20260927_002520,ADMET 分级 C(风险较高)
C0090,赛道 3 · 离子通道/GPCR 小分子药物虚拟筛选 · 子任务 2,O=C1C=CNC(=O)C(COc2cccc3c(O)c4c(cc23)C=C(C(=O)O)CC4)N1,outputs/results_b2ar_final/structures/cand090_mol_7b082bb2_b52a5d9898ab.sdf,1.249,0.622,3.731,0.258,-11.46,A,,,394.38,1.467,124.96,-3.36,4.0,5.0,4,4.0,0,0,,,O=C1C=CNC(=O)C(COc2cccc3cc4c(cc23)C=CCC4)N1,1,90,B2AR,"7-eonmol (Pocket2Mol 等变图神经网络 + 口袋引导束搜索, GPCR 微调版)","7-eonmol_ft_gpcr_v2.pt — 本项目自训, 经两轮 A/B(种子 2024/2025)晋级; 基线为 ICML 2022 官方权重",7-eonmol-competition-submission,2024,B2AR_20260927_002520,
C0091,赛道 3 · 离子通道/GPCR 小分子药物虚拟筛选 · 子任务 2,CC1CCCN1C(=O)COc1cccc2c(O)c3c(cc12)-c1cc[nH]c(=O)c1CC3,outputs/results_b2ar_final/structures/cand091_mol_a93dad84_6b60d9a818e2.sdf,1.372,0.701,3.295,0.288,-11.45,C,,,404.47,3.389,82.63,-4.94,2.0,4.0,3,5.0,0,3,,,O=C(COc1cccc2cc3c(cc12)-c1cc[nH]c(=O)c1CC3)N1CCCC1,2,91,B2AR,"7-eonmol (Pocket2Mol 等变图神经网络 + 口袋引导束搜索, GPCR 微调版)","7-eonmol_ft_gpcr_v2.pt — 本项目自训, 经两轮 A/B(种子 2024/2025)晋级; 基线为 ICML 2022 官方权重",7-eonmol-competition-submission,2024,B2AR_20260927_002520,ADMET 分级 C(风险较高)
C0092,赛道 3 · 离子通道/GPCR 小分子药物虚拟筛选 · 子任务 2,COc1cccc(CC(=O)Nc2ccccc2C(=O)N2C3=CC(CO)C=C3C3CC=CC=C32)c1C,outputs/results_b2ar_final/structures/cand092_mol_6bd9b21e_bee26aa4bf5e.sdf,1.255,0.653,3.982,0.297,-11.45,C,,,468.55,4.533,78.87,-6.06,2.0,4.0,6,5.0,0,4,,,O=C(Cc1ccccc1)Nc1ccccc1C(=O)N1C2=CCC=C2C2CC=CC=C21,1,92,B2AR,"7-eonmol (Pocket2Mol 等变图神经网络 + 口袋引导束搜索, GPCR 微调版)","7-eonmol_ft_gpcr_v2.pt — 本项目自训, 经两轮 A/B(种子 2024/2025)晋级; 基线为 ICML 2022 官方权重",7-eonmol-competition-submission,2024,B2AR_20260927_002520,ADMET 分级 C(风险较高)
C0093,赛道 3 · 离子通道/GPCR 小分子药物虚拟筛选 · 子任务 2,O=c1nc(NCc2ccccc2)c(F)c2n1CCN2c1ccc2ccccc2c1,outputs/results_b2ar_final/structures/cand093_mol_bcc948a7_c5ed9961f67c.sdf,1.318,0.568,2.506,0.355,-11.43,B,,,386.43,4.299,50.16,-5.55,1.0,4.0,4,5.0,0,1,,,O=c1nc(NCc2ccccc2)cc2n1CCN2c1ccc2ccccc2c1,3,93,B2AR,"7-eonmol (Pocket2Mol 等变图神经网络 + 口袋引导束搜索, GPCR 微调版)","7-eonmol_ft_gpcr_v2.pt — 本项目自训, 经两轮 A/B(种子 2024/2025)晋级; 基线为 ICML 2022 官方权重",7-eonmol-competition-submission,2024,B2AR_20260927_002520,
C0094,赛道 3 · 离子通道/GPCR 小分子药物虚拟筛选 · 子任务 2,NC1=NC2Cc3cc(-c4ccccc4)cc4c3N2C(N1)n1c(=O)oc2cccc-4c21,outputs/results_b2ar_final/structures/cand094_mol_7d000bc3_4546b9af83a0.sdf,1.11,0.517,4.074,0.289,-11.43,B,,,395.42,3.005,88.79,-4.7,2.0,6.0,1,7.0,0,2,,,O=c1oc2cccc3c2n1C1NC=NC2Cc4cc(-c5ccccc5)cc-3c4N21,1,94,B2AR,"7-eonmol (Pocket2Mol 等变图神经网络 + 口袋引导束搜索, GPCR 微调版)","7-eonmol_ft_gpcr_v2.pt — 本项目自训, 经两轮 A/B(种子 2024/2025)晋级; 基线为 ICML 2022 官方权重",7-eonmol-competition-submission,2024,B2AR_20260927_002520,
C0095,赛道 3 · 离子通道/GPCR 小分子药物虚拟筛选 · 子任务 2,O=C1CN2CCCC2CN1CC1OCCC1c1ccc(COc2ccc(O)cc2)cc1,outputs/results_b2ar_final/structures/cand095_mol_71ff2186_dbec2831161f.sdf,1.42,0.775,3.551,0.305,-11.42,B,,,422.53,3.15,62.24,-4.75,1.0,5.0,6,5.0,0,2,,,O=C1CN2CCCC2CN1CC1OCCC1c1ccc(COc2ccccc2)cc1,2,95,B2AR,"7-eonmol (Pocket2Mol 等变图神经网络 + 口袋引导束搜索, GPCR 微调版)","7-eonmol_ft_gpcr_v2.pt — 本项目自训, 经两轮 A/B(种子 2024/2025)晋级; 基线为 ICML 2022 官方权重",7-eonmol-competition-submission,2024,B2AR_20260927_002520,
C0096,赛道 3 · 离子通道/GPCR 小分子药物虚拟筛选 · 子任务 2,O=C1COC2CC3(Cc4ccc(O)c1c42)C(=O)N1CCC2Cc4cc5ccccc5cc4N2C1=C3F,outputs/results_b2ar_final/structures/cand096_mol_024d43c9_a571d31df741.sdf,1.021,0.509,4.883,0.267,-11.4,C,,,482.51,4.548,70.08,-6.33,1.0,5.0,0,8.0,0,4,,,O=C1COC2CC3(C=C4N(CCC5Cc6cc7ccccc7cc6N45)C3=O)Cc3cccc1c32,2,96,B2AR,"7-eonmol (Pocket2Mol 等变图神经网络 + 口袋引导束搜索, GPCR 微调版)","7-eonmol_ft_gpcr_v2.pt — 本项目自训, 经两轮 A/B(种子 2024/2025)晋级; 基线为 ICML 2022 官方权重",7-eonmol-competition-submission,2024,B2AR_20260927_002520,ADMET 分级 C(风险较高)
C0097,赛道 3 · 离子通道/GPCR 小分子药物虚拟筛选 · 子任务 2,CC1CCCCC1CNC(=O)CCn1c(=O)[nH]c(=O)c2c3c(ccc21)CCCC3,outputs/results_b2ar_final/structures/cand097_mol_c99e6093_3e71a9b12611.sdf,1.482,0.814,3.313,0.256,-11.38,A,,,397.52,2.901,83.96,-4.42,2.0,3.0,5,4.0,0,0,,,O=C(CCn1c(=O)[nH]c(=O)c2c3c(ccc21)CCCC3)NCC1CCCCC1,1,97,B2AR,"7-eonmol (Pocket2Mol 等变图神经网络 + 口袋引导束搜索, GPCR 微调版)","7-eonmol_ft_gpcr_v2.pt — 本项目自训, 经两轮 A/B(种子 2024/2025)晋级; 基线为 ICML 2022 官方权重",7-eonmol-competition-submission,2024,B2AR_20260927_002520,
C0098,赛道 3 · 离子通道/GPCR 小分子药物虚拟筛选 · 子任务 2,CCC1CC(C2CC(=O)N3CCCCC3C2)=C2c3cc4c(c5c(=O)[nH]c(=O)n(c35)CC21)CCCC4,outputs/results_b2ar_final/structures/cand098_mol_2277d371_9d8fac2a2735.sdf,1.261,0.711,4.5,0.208,-11.38,B,,,473.62,4.173,75.17,-5.89,1.0,3.0,2,7.0,0,2,,,O=C1CC(C2=C3c4cc5c(c6c(=O)[nH]c(=O)n(c46)CC3CC2)CCCC5)CC2CCCCN12,3,98,B2AR,"7-eonmol (Pocket2Mol 等变图神经网络 + 口袋引导束搜索, GPCR 微调版)","7-eonmol_ft_gpcr_v2.pt — 本项目自训, 经两轮 A/B(种子 2024/2025)晋级; 基线为 ICML 2022 官方权重",7-eonmol-competition-submission,2024,B2AR_20260927_002520,
C0099,赛道 3 · 离子通道/GPCR 小分子药物虚拟筛选 · 子任务 2,COCc1cnc2c(c1)CN(c1nc(=O)n3c(c1F)N(c1ccc4ccccc4c1)CCC3)C=C2,outputs/results_b2ar_final/structures/cand099_mol_38a7b629_923ddbad5984.sdf,1.099,0.435,3.357,0.301,-11.38,C,,,469.52,4.61,63.49,-6.27,0.0,6.0,4,6.0,0,3,,,O=c1nc(N2C=Cc3ncccc3C2)cc2n1CCCN2c1ccc2ccccc2c1,3,99,B2AR,"7-eonmol (Pocket2Mol 等变图神经网络 + 口袋引导束搜索, GPCR 微调版)","7-eonmol_ft_gpcr_v2.pt — 本项目自训, 经两轮 A/B(种子 2024/2025)晋级; 基线为 ICML 2022 官方权重",7-eonmol-competition-submission,2024,B2AR_20260927_002520,ADMET 分级 C(风险较高)
C0100,赛道 3 · 离子通道/GPCR 小分子药物虚拟筛选 · 子任务 2,Cc1cc2c(cc1O)CN(CC1OCCC1c1ccc(COc3ccc(O)cc3)cc1)CC2,outputs/results_b2ar_final/structures/cand100_mol_de13236e_e8cf0d8a9016.sdf,1.233,0.564,3.311,0.318,-11.37,C,,,445.56,4.916,62.16,-6.27,2.0,5.0,6,5.0,0,4,,,c1ccc(OCc2ccc(C3CCOC3CN3CCc4ccccc4C3)cc2)cc1,5,100,B2AR,"7-eonmol (Pocket2Mol 等变图神经网络 + 口袋引导束搜索, GPCR 微调版)","7-eonmol_ft_gpcr_v2.pt — 本项目自训, 经两轮 A/B(种子 2024/2025)晋级; 基线为 ICML 2022 官方权重",7-eonmol-competition-submission,2024,B2AR_20260927_002520,ADMET 分级 C(风险较高)
C0101,赛道 3 · 离子通道/GPCR 小分子药物虚拟筛选 · 子任务 2,CC1=CCC(OC2CCc3cc(O)cc4c3C2Cc2c(-c3ccccc3)c(=O)oc(=O)n2-4)C(C)O1,outputs/results_b2ar_final/structures/cand101_mol_06597db2_5ccf95e459e4.sdf,1.154,0.613,4.587,0.246,-11.35,A,,,473.53,4.216,90.9,-5.98,1.0,6.0,3,6.0,0,0,,,O=c1oc(=O)n2c(c1-c1ccccc1)CC1c3c(cccc3-2)CCC1OC1CC=COC1,1,101,B2AR,"7-eonmol (Pocket2Mol 等变图神经网络 + 口袋引导束搜索, GPCR 微调版)","7-eonmol_ft_gpcr_v2.pt — 本项目自训, 经两轮 A/B(种子 2024/2025)晋级; 基线为 ICML 2022 官方权重",7-eonmol-competition-submission,2024,B2AR_20260927_002520,
C0102,赛道 3 · 离子通道/GPCR 小分子药物虚拟筛选 · 子任务 2,NC(=O)NC(=O)CCOc1cccc2c(O)c3c(cc12)C=C(C(=O)O)CC3,outputs/results_b2ar_final/structures/cand102_mol_16b77b37_c2d2ea06171b.sdf,1.357,0.634,2.775,0.262,-11.32,A,,,370.36,1.923,138.95,-3.53,4.0,5.0,5,3.0,0,0,,,C1=Cc2cc3ccccc3cc2CC1,1,102,B2AR,"7-eonmol (Pocket2Mol 等变图神经网络 + 口袋引导束搜索, GPCR 微调版)","7-eonmol_ft_gpcr_v2.pt — 本项目自训, 经两轮 A/B(种子 2024/2025)晋级; 基线为 ICML 2022 官方权重",7-eonmol-competition-submission,2024,B2AR_20260927_002520,
C0103,赛道 3 · 离子通道/GPCR 小分子药物虚拟筛选 · 子任务 2,Oc1ccc(OCc2ccc(C3CCOC3CN3CCN(Cc4ccc(O)cc4F)CC3)cc2)cc1,outputs/results_b2ar_final/structures/cand103_mol_cc15c43e_46b58938710c.sdf,1.158,0.483,3.247,0.349,-11.32,C,,,492.59,4.506,65.4,-6.2,2.0,6.0,8,5.0,0,4,,,c1ccc(CN2CCN(CC3OCCC3c3ccc(COc4ccccc4)cc3)CC2)cc1,3,103,B2AR,"7-eonmol (Pocket2Mol 等变图神经网络 + 口袋引导束搜索, GPCR 微调版)","7-eonmol_ft_gpcr_v2.pt — 本项目自训, 经两轮 A/B(种子 2024/2025)晋级; 基线为 ICML 2022 官方权重",7-eonmol-competition-submission,2024,B2AR_20260927_002520,ADMET 分级 C(风险较高)
C0104,赛道 3 · 离子通道/GPCR 小分子药物虚拟筛选 · 子任务 2,O=C1Cc2cccc(N3C=C4OCCCC4OC3=O)c2OC1Cc1ccc(-c2cnccn2)cc1,outputs/results_b2ar_final/structures/cand104_mol_578742d6_578742d646fa.sdf,1.157,0.565,4.079,0.26,-11.32,A,,,469.5,4.236,90.85,-5.95,0.0,7.0,4,6.0,0,0,,,O=C1Cc2cccc(N3C=C4OCCCC4OC3=O)c2OC1Cc1ccc(-c2cnccn2)cc1,1,104,B2AR,"7-eonmol (Pocket2Mol 等变图神经网络 + 口袋引导束搜索, GPCR 微调版)","7-eonmol_ft_gpcr_v2.pt — 本项目自训, 经两轮 A/B(种子 2024/2025)晋级; 基线为 ICML 2022 官方权重",7-eonmol-competition-submission,2024,B2AR_20260927_002520,
C0105,赛道 3 · 离子通道/GPCR 小分子药物虚拟筛选 · 子任务 2,Nc1ncc(CNC(=O)CC2Oc3c(cccc3N3CC4CCCCC4OC3=O)CC2=O)cn1,outputs/results_b2ar_final/structures/cand105_mol_e961aa36_6fc74446d7e0.sdf,1.282,0.685,4.03,0.236,-11.31,B,,,465.51,2.153,136.74,-4.3,2.0,8.0,5,5.0,0,1,,,O=C(CC1Oc2c(cccc2N2CC3CCCCC3OC2=O)CC1=O)NCc1cncnc1,2,105,B2AR,"7-eonmol (Pocket2Mol 等变图神经网络 + 口袋引导束搜索, GPCR 微调版)","7-eonmol_ft_gpcr_v2.pt — 本项目自训, 经两轮 A/B(种子 2024/2025)晋级; 基线为 ICML 2022 官方权重",7-eonmol-competition-submission,2024,B2AR_20260927_002520,
C0106,赛道 3 · 离子通道/GPCR 小分子药物虚拟筛选 · 子任务 2,COc1cccc(CNc2nc(=O)n3c(c2F)N(c2ccc4ccccc4c2)CC3)c1C,outputs/results_b2ar_final/structures/cand106_mol_bcc948a7_9956a3a94819.sdf,1.228,0.501,2.724,0.322,-11.3,C,,,430.48,4.616,59.39,-6.02,1.0,5.0,5,5.0,0,3,,,O=c1nc(NCc2ccccc2)cc2n1CCN2c1ccc2ccccc2c1,3,106,B2AR,"7-eonmol (Pocket2Mol 等变图神经网络 + 口袋引导束搜索, GPCR 微调版)","7-eonmol_ft_gpcr_v2.pt — 本项目自训, 经两轮 A/B(种子 2024/2025)晋级; 基线为 ICML 2022 官方权重",7-eonmol-competition-submission,2024,B2AR_20260927_002520,ADMET 分级 C(风险较高)
C0107,赛道 3 · 离子通道/GPCR 小分子药物虚拟筛选 · 子任务 2,CC1CN=C2c3cc4c(c5c(=O)[nH]c(=O)n(c35)CC21)C=CC4,outputs/results_b2ar_final/structures/cand107_mol_78a87b42_b12a9ac82cab.sdf,1.353,0.796,4.425,0.208,-11.26,A,,,293.33,1.328,67.22,-2.74,1.0,3.0,0,5.0,0,0,,,O=c1[nH]c(=O)n2c3c(cc4c(c13)C=CC4)C1=NCCC1C2,1,107,B2AR,"7-eonmol (Pocket2Mol 等变图神经网络 + 口袋引导束搜索, GPCR 微调版)","7-eonmol_ft_gpcr_v2.pt — 本项目自训, 经两轮 A/B(种子 2024/2025)晋级; 基线为 ICML 2022 官方权重",7-eonmol-competition-submission,2024,B2AR_20260927_002520,
C0108,赛道 3 · 离子通道/GPCR 小分子药物虚拟筛选 · 子任务 2,COc1cccc(CC(=O)Nc2ccccc2C(=O)NC2=Cc3ccccc3CC2)c1C,outputs/results_b2ar_final/structures/cand108_mol_6c10941b_eee0bdb4482c.sdf,1.343,0.589,2.461,0.357,-11.26,B,,,426.52,4.902,67.43,-6.14,2.0,3.0,6,4.0,0,2,,,O=C(Cc1ccccc1)Nc1ccccc1C(=O)NC1=Cc2ccccc2CC1,1,108,B2AR,"7-eonmol (Pocket2Mol 等变图神经网络 + 口袋引导束搜索, GPCR 微调版)","7-eonmol_ft_gpcr_v2.pt — 本项目自训, 经两轮 A/B(种子 2024/2025)晋级; 基线为 ICML 2022 官方权重",7-eonmol-competition-submission,2024,B2AR_20260927_002520,
C0109,赛道 3 · 离子通道/GPCR 小分子药物虚拟筛选 · 子任务 2,CC1Cn2c(c(F)c(N3C=CC4=C(CC(=O)N4)C3)nc2=O)N1c1ccc2ccccc2c1,outputs/results_b2ar_final/structures/cand109_mol_55d90f57_01da8deffbe9.sdf,1.275,0.678,4.026,0.291,-11.26,A,,,429.46,3.184,70.47,-4.95,1.0,5.0,2,6.0,0,0,,,O=C1CC2=C(C=CN(c3cc4n(c(=O)n3)CCN4c3ccc4ccccc4c3)C2)N1,1,109,B2AR,"7-eonmol (Pocket2Mol 等变图神经网络 + 口袋引导束搜索, GPCR 微调版)","7-eonmol_ft_gpcr_v2.pt — 本项目自训, 经两轮 A/B(种子 2024/2025)晋级; 基线为 ICML 2022 官方权重",7-eonmol-competition-submission,2024,B2AR_20260927_002520,
C0110,赛道 3 · 离子通道/GPCR 小分子药物虚拟筛选 · 子任务 2,O=c1nc(N2C=Cc3ncc(CO)cc3C2)c(F)c2n1CCCN2c1ccc2ccccc2c1,outputs/results_b2ar_final/structures/cand110_mol_38a7b629_34ee589284b6.sdf,1.169,0.504,3.351,0.298,-11.26,B,,,455.49,3.956,74.49,-5.72,1.0,6.0,3,6.0,0,1,,,O=c1nc(N2C=Cc3ncccc3C2)cc2n1CCCN2c1ccc2ccccc2c1,3,110,B2AR,"7-eonmol (Pocket2Mol 等变图神经网络 + 口袋引导束搜索, GPCR 微调版)","7-eonmol_ft_gpcr_v2.pt — 本项目自训, 经两轮 A/B(种子 2024/2025)晋级; 基线为 ICML 2022 官方权重",7-eonmol-competition-submission,2024,B2AR_20260927_002520,
C0111,赛道 3 · 离子通道/GPCR 小分子药物虚拟筛选 · 子任务 2,O=C1CN2CC(O)CC2CN1CC1OCCC1c1ccc(COc2ccc(O)cc2)cc1,outputs/results_b2ar_final/structures/cand111_mol_71ff2186_fd653e2a0785.sdf,1.332,0.719,3.867,0.262,-11.25,B,,,438.52,2.121,82.47,-4.09,2.0,6.0,6,5.0,0,1,,,O=C1CN2CCCC2CN1CC1OCCC1c1ccc(COc2ccccc2)cc1,2,111,B2AR,"7-eonmol (Pocket2Mol 等变图神经网络 + 口袋引导束搜索, GPCR 微调版)","7-eonmol_ft_gpcr_v2.pt — 本项目自训, 经两轮 A/B(种子 2024/2025)晋级; 基线为 ICML 2022 官方权重",7-eonmol-competition-submission,2024,B2AR_20260927_002520,
C0112,赛道 3 · 离子通道/GPCR 小分子药物虚拟筛选 · 子任务 2,COc1cccc(CC(=O)NC2=C3CC(c4ccccc4)=CC=C3C=C2)c1C,outputs/results_b2ar_final/structures/cand112_mol_48c3870d_b8e57b563215.sdf,1.53,0.814,2.845,0.326,-11.2,B,,,369.46,4.9,38.33,-5.75,1.0,2.0,5,4.0,0,1,,,O=C(Cc1ccccc1)NC1=C2CC(c3ccccc3)=CC=C2C=C1,2,112,B2AR,"7-eonmol (Pocket2Mol 等变图神经网络 + 口袋引导束搜索, GPCR 微调版)","7-eonmol_ft_gpcr_v2.pt — 本项目自训, 经两轮 A/B(种子 2024/2025)晋级; 基线为 ICML 2022 官方权重",7-eonmol-competition-submission,2024,B2AR_20260927_002520,
C0113,赛道 3 · 离子通道/GPCR 小分子药物虚拟筛选 · 子任务 2,O=C(O)c1ccc2c(c1)CCN(CC1OCCC1c1ccc(COc3ccc(O)cc3)cc1)C2,outputs/results_b2ar_final/structures/cand113_mol_de13236e_03dd5611948e.sdf,1.217,0.538,3.208,0.337,-11.2,C,,,459.54,4.6,79.23,-6.09,2.0,5.0,7,5.0,0,4,,,c1ccc(OCc2ccc(C3CCOC3CN3CCc4ccccc4C3)cc2)cc1,5,113,B2AR,"7-eonmol (Pocket2Mol 等变图神经网络 + 口袋引导束搜索, GPCR 微调版)","7-eonmol_ft_gpcr_v2.pt — 本项目自训, 经两轮 A/B(种子 2024/2025)晋级; 基线为 ICML 2022 官方权重",7-eonmol-competition-submission,2024,B2AR_20260927_002520,ADMET 分级 C(风险较高)
C0114,赛道 3 · 离子通道/GPCR 小分子药物虚拟筛选 · 子任务 2,O=C1Cc2cccc(N3CC4OCCCC4OC3=O)c2OC1Cc1ccc2ccccc2c1,outputs/results_b2ar_final/structures/cand114_mol_414333c7_414333c7d40e.sdf,1.213,0.598,3.851,0.311,-11.19,A,,,443.5,4.459,65.07,-5.96,0.0,5.0,3,6.0,0,0,,,O=C1Cc2cccc(N3CC4OCCCC4OC3=O)c2OC1Cc1ccc2ccccc2c1,1,114,B2AR,"7-eonmol (Pocket2Mol 等变图神经网络 + 口袋引导束搜索, GPCR 微调版)","7-eonmol_ft_gpcr_v2.pt — 本项目自训, 经两轮 A/B(种子 2024/2025)晋级; 基线为 ICML 2022 官方权重",7-eonmol-competition-submission,2024,B2AR_20260927_002520,
C0115,赛道 3 · 离子通道/GPCR 小分子药物虚拟筛选 · 子任务 2,NC1N=C2C=C1CCOc1cccc3c(O)c4c(cc13)C=C(CC4)C(=O)OCCCC2,outputs/results_b2ar_final/structures/cand115_mol_2264ef64_f3fbcb8418a7.sdf,1.064,0.63,5.658,0.207,-11.19,A,,,418.49,4.037,94.14,-5.5,2.0,6.0,0,5.0,0,0,,,O=C1OCCCCC2=NCC(=C2)CCOc2cccc3cc4c(cc23)C=C1CC4,1,115,B2AR,"7-eonmol (Pocket2Mol 等变图神经网络 + 口袋引导束搜索, GPCR 微调版)","7-eonmol_ft_gpcr_v2.pt — 本项目自训, 经两轮 A/B(种子 2024/2025)晋级; 基线为 ICML 2022 官方权重",7-eonmol-competition-submission,2024,B2AR_20260927_002520,
C0116,赛道 3 · 离子通道/GPCR 小分子药物虚拟筛选 · 子任务 2,NC(=O)C(Nc1cccc(O)c1)c1cccc(Cc2ccccc2OC(F)(F)F)c1,outputs/results_b2ar_final/structures/cand116_mol_95887509_33eb761bf55f.sdf,1.249,0.529,2.802,0.388,-11.18,B,,,416.4,4.52,84.58,-5.78,3.0,4.0,7,3.0,0,2,,,c1ccc(Cc2cccc(CNc3ccccc3)c2)cc1,2,116,B2AR,"7-eonmol (Pocket2Mol 等变图神经网络 + 口袋引导束搜索, GPCR 微调版)","7-eonmol_ft_gpcr_v2.pt — 本项目自训, 经两轮 A/B(种子 2024/2025)晋级; 基线为 ICML 2022 官方权重",7-eonmol-competition-submission,2024,B2AR_20260927_002520,
C0117,赛道 3 · 离子通道/GPCR 小分子药物虚拟筛选 · 子任务 2,CN1CC(CO)=CC2=C1C=CN(c1nc(=O)n3c(c1F)N(c1ccc4ccccc4c1)CCC3)C2,outputs/results_b2ar_final/structures/cand117_mol_5d2a3146_f14c2c3cae76.sdf,1.261,0.631,3.698,0.303,-11.17,B,,,471.54,3.529,64.84,-5.44,1.0,6.0,3,6.0,0,2,,,O=c1nc(N2C=CC3=C(C=CCN3)C2)cc2n1CCCN2c1ccc2ccccc2c1,2,117,B2AR,"7-eonmol (Pocket2Mol 等变图神经网络 + 口袋引导束搜索, GPCR 微调版)","7-eonmol_ft_gpcr_v2.pt — 本项目自训, 经两轮 A/B(种子 2024/2025)晋级; 基线为 ICML 2022 官方权重",7-eonmol-competition-submission,2024,B2AR_20260927_002520,
C0118,赛道 3 · 离子通道/GPCR 小分子药物虚拟筛选 · 子任务 2,O=C1C(Cc2ccc(F)cc2)C(F)=C2N1CCC1Cc3cc4ccccc4cc3N21,outputs/results_b2ar_final/structures/cand118_mol_be481322_da4b209ea6d2.sdf,1.246,0.605,3.59,0.295,-11.17,C,,,402.44,4.953,23.55,-6.11,0.0,2.0,2,6.0,0,4,,,O=C1C(Cc2ccccc2)C=C2N1CCC1Cc3cc4ccccc4cc3N21,2,118,B2AR,"7-eonmol (Pocket2Mol 等变图神经网络 + 口袋引导束搜索, GPCR 微调版)","7-eonmol_ft_gpcr_v2.pt — 本项目自训, 经两轮 A/B(种子 2024/2025)晋级; 基线为 ICML 2022 官方权重",7-eonmol-competition-submission,2024,B2AR_20260927_002520,ADMET 分级 C(风险较高)
C0119,赛道 3 · 离子通道/GPCR 小分子药物虚拟筛选 · 子任务 2,O=C1Cc2cccc(N3C=C4OCCCC4OC3=O)c2OC1Cc1ccc(-c2ncn[nH]2)cc1,outputs/results_b2ar_final/structures/cand119_mol_afdc3388_afdc3388621f.sdf,1.218,0.637,4.191,0.24,-11.12,A,,,458.47,3.564,106.64,-5.38,1.0,7.0,4,6.0,0,0,,,O=C1Cc2cccc(N3C=C4OCCCC4OC3=O)c2OC1Cc1ccc(-c2ncn[nH]2)cc1,1,119,B2AR,"7-eonmol (Pocket2Mol 等变图神经网络 + 口袋引导束搜索, GPCR 微调版)","7-eonmol_ft_gpcr_v2.pt — 本项目自训, 经两轮 A/B(种子 2024/2025)晋级; 基线为 ICML 2022 官方权重",7-eonmol-competition-submission,2024,B2AR_20260927_002520,
C0120,赛道 3 · 离子通道/GPCR 小分子药物虚拟筛选 · 子任务 2,O=C(CCO)CCC1CCc2c(cc3c(c2O)CCc2c(O)cccc2-3)C1,outputs/results_b2ar_final/structures/cand120_mol_195b9108_53cd5c0e284c.sdf,1.414,0.754,3.404,0.248,-11.09,A,,,366.46,3.7,77.76,-4.85,3.0,4.0,5,4.0,0,0,,,c1ccc2c(c1)CCc1cc3c(cc1-2)CCCC3,2,120,B2AR,"7-eonmol (Pocket2Mol 等变图神经网络 + 口袋引导束搜索, GPCR 微调版)","7-eonmol_ft_gpcr_v2.pt — 本项目自训, 经两轮 A/B(种子 2024/2025)晋级; 基线为 ICML 2022 官方权重",7-eonmol-competition-submission,2024,B2AR_20260927_002520,
C0121,赛道 3 · 离子通道/GPCR 小分子药物虚拟筛选 · 子任务 2,COc1cccc(CC(=O)Nc2cccc(C(=O)NC3CCNCC3)c2)c1C,outputs/results_b2ar_final/structures/cand121_mol_eb1a1213_3dd49b50b3ec.sdf,1.504,0.719,2.148,0.328,-11.07,B,,,381.48,2.667,79.46,-4.15,3.0,4.0,6,3.0,0,1,,,O=C(Cc1ccccc1)Nc1cccc(C(=O)NC2CCNCC2)c1,1,121,B2AR,"7-eonmol (Pocket2Mol 等变图神经网络 + 口袋引导束搜索, GPCR 微调版)","7-eonmol_ft_gpcr_v2.pt — 本项目自训, 经两轮 A/B(种子 2024/2025)晋级; 基线为 ICML 2022 官方权重",7-eonmol-competition-submission,2024,B2AR_20260927_002520,
C0122,赛道 3 · 离子通道/GPCR 小分子药物虚拟筛选 · 子任务 2,O=C1Cc2cccc(N3C=C4OCCCC4OC3=O)c2OC1Cc1ccc(-c2cnncn2)cc1,outputs/results_b2ar_final/structures/cand122_mol_095684ce_095684cedc2e.sdf,1.145,0.57,4.244,0.245,-11.07,A,,,470.49,3.631,103.74,-5.51,0.0,8.0,4,6.0,0,0,,,O=C1Cc2cccc(N3C=C4OCCCC4OC3=O)c2OC1Cc1ccc(-c2cnncn2)cc1,1,122,B2AR,"7-eonmol (Pocket2Mol 等变图神经网络 + 口袋引导束搜索, GPCR 微调版)","7-eonmol_ft_gpcr_v2.pt — 本项目自训, 经两轮 A/B(种子 2024/2025)晋级; 基线为 ICML 2022 官方权重",7-eonmol-competition-submission,2024,B2AR_20260927_002520,
C0123,赛道 3 · 离子通道/GPCR 小分子药物虚拟筛选 · 子任务 2,CCOC(=O)C1=CC=C2CCN(CC3OCCC3c3ccc(COc4ccc(O)cc4)cc3)CC2C1,outputs/results_b2ar_final/structures/cand123_mol_14c34228_66d9d9038464.sdf,1.14,0.527,3.873,0.301,-11.05,C,,,489.61,4.985,68.23,-6.48,1.0,6.0,8,5.0,0,4,,,C1=CCC2CN(CC3OCCC3c3ccc(COc4ccccc4)cc3)CCC2=C1,2,123,B2AR,"7-eonmol (Pocket2Mol 等变图神经网络 + 口袋引导束搜索, GPCR 微调版)","7-eonmol_ft_gpcr_v2.pt — 本项目自训, 经两轮 A/B(种子 2024/2025)晋级; 基线为 ICML 2022 官方权重",7-eonmol-competition-submission,2024,B2AR_20260927_002520,ADMET 分级 C(风险较高)
C0124,赛道 3 · 离子通道/GPCR 小分子药物虚拟筛选 · 子任务 2,O=C(O)C1=CC=C2CCN(CC3OCCC3c3ccc(COc4ccc(O)cc4)cc3)CC2C1,outputs/results_b2ar_final/structures/cand124_mol_14c34228_9acf2e01d40b.sdf,1.247,0.632,3.854,0.298,-11.03,C,,,461.56,4.507,79.23,-5.97,2.0,5.0,7,5.0,0,3,,,C1=CCC2CN(CC3OCCC3c3ccc(COc4ccccc4)cc3)CCC2=C1,2,124,B2AR,"7-eonmol (Pocket2Mol 等变图神经网络 + 口袋引导束搜索, GPCR 微调版)","7-eonmol_ft_gpcr_v2.pt — 本项目自训, 经两轮 A/B(种子 2024/2025)晋级; 基线为 ICML 2022 官方权重",7-eonmol-competition-submission,2024,B2AR_20260927_002520,ADMET 分级 C(风险较高)
C0125,赛道 3 · 离子通道/GPCR 小分子药物虚拟筛选 · 子任务 2,CCCC1CC(COc2ccccc2)=C2c3cc4c(c5c(=O)[nH]c(=O)n(c35)CC21)CCCC4,outputs/results_b2ar_final/structures/cand125_mol_f6268e9a_0e9feadd14c4.sdf,1.224,0.614,3.9,0.287,-11.03,B,,,442.56,4.851,64.09,-6.2,1.0,3.0,5,6.0,0,2,,,O=c1[nH]c(=O)n2c3c(cc4c(c13)CCCC4)C1=C(COc3ccccc3)CCC1C2,2,125,B2AR,"7-eonmol (Pocket2Mol 等变图神经网络 + 口袋引导束搜索, GPCR 微调版)","7-eonmol_ft_gpcr_v2.pt — 本项目自训, 经两轮 A/B(种子 2024/2025)晋级; 基线为 ICML 2022 官方权重",7-eonmol-competition-submission,2024,B2AR_20260927_002520,
C0126,赛道 3 · 离子通道/GPCR 小分子药物虚拟筛选 · 子任务 2,Nc1nncc(-c2ccc(CC3Oc4c(cccc4N4CC5OCCCC5OC4=O)CC3=O)cc2)n1,outputs/results_b2ar_final/structures/cand126_mol_0cec4e8f_565ab4a38b3f.sdf,1.176,0.59,4.14,0.243,-11.03,B,,,487.52,2.74,129.76,-4.95,1.0,9.0,4,6.0,0,1,,,O=C1Cc2cccc(N3CC4OCCCC4OC3=O)c2OC1Cc1ccc(-c2cnncn2)cc1,2,126,B2AR,"7-eonmol (Pocket2Mol 等变图神经网络 + 口袋引导束搜索, GPCR 微调版)","7-eonmol_ft_gpcr_v2.pt — 本项目自训, 经两轮 A/B(种子 2024/2025)晋级; 基线为 ICML 2022 官方权重",7-eonmol-competition-submission,2024,B2AR_20260927_002520,
C0127,赛道 3 · 离子通道/GPCR 小分子药物虚拟筛选 · 子任务 2,O=C1OC2CC=CC=C2CN1c1cccc2c1OC1=CC(Oc3ccccc3)C(O)C1O2,outputs/results_b2ar_final/structures/cand127_mol_de968ade_3184519669b9.sdf,1.338,0.798,4.598,0.261,-11.02,A,,,431.44,3.744,77.46,-5.32,1.0,6.0,3,6.0,0,0,,,O=C1OC2CC=CC=C2CN1c1cccc2c1OC1=CC(Oc3ccccc3)CC1O2,1,127,B2AR,"7-eonmol (Pocket2Mol 等变图神经网络 + 口袋引导束搜索, GPCR 微调版)","7-eonmol_ft_gpcr_v2.pt — 本项目自训, 经两轮 A/B(种子 2024/2025)晋级; 基线为 ICML 2022 官方权重",7-eonmol-competition-submission,2024,B2AR_20260927_002520,
C0128,赛道 3 · 离子通道/GPCR 小分子药物虚拟筛选 · 子任务 2,Oc1ccc(OCc2ccc(C3CCOC3CN3CCN(Cc4ccccc4)CC3)cc2)cc1,outputs/results_b2ar_final/structures/cand128_mol_cc15c43e_f3401329f496.sdf,1.232,0.532,3.001,0.336,-11.02,C,,,458.6,4.662,45.17,-6.11,1.0,5.0,8,5.0,0,4,,,c1ccc(CN2CCN(CC3OCCC3c3ccc(COc4ccccc4)cc3)CC2)cc1,3,128,B2AR,"7-eonmol (Pocket2Mol 等变图神经网络 + 口袋引导束搜索, GPCR 微调版)","7-eonmol_ft_gpcr_v2.pt — 本项目自训, 经两轮 A/B(种子 2024/2025)晋级; 基线为 ICML 2022 官方权重",7-eonmol-competition-submission,2024,B2AR_20260927_002520,ADMET 分级 C(风险较高)
C0129,赛道 3 · 离子通道/GPCR 小分子药物虚拟筛选 · 子任务 2,O=C1CCOc2cccc3c(O)c4c(cc23)C(=C(C(=O)O)CC4)CCCCCCCN1,outputs/results_b2ar_final/structures/cand129_mol_c225bf7c_017f067fd2ed.sdf,1.213,0.625,4.115,0.273,-11.02,B,,,423.51,4.569,95.86,-5.91,3.0,4.0,1,4.0,0,1,,,O=C1CCOc2cccc3cc4c(cc23)C(=CCC4)CCCCCCCN1,1,129,B2AR,"7-eonmol (Pocket2Mol 等变图神经网络 + 口袋引导束搜索, GPCR 微调版)","7-eonmol_ft_gpcr_v2.pt — 本项目自训, 经两轮 A/B(种子 2024/2025)晋级; 基线为 ICML 2022 官方权重",7-eonmol-competition-submission,2024,B2AR_20260927_002520,
C0130,赛道 3 · 离子通道/GPCR 小分子药物虚拟筛选 · 子任务 2,Oc1ccc(OCc2ccc(C3CCOC3CN3CCc4ccccc4C3)cc2)cc1,outputs/results_b2ar_final/structures/cand130_mol_de13236e_33c2d198f43e.sdf,1.314,0.622,3.08,0.328,-11.01,C,,,415.53,4.902,41.93,-6.08,1.0,4.0,6,5.0,0,4,,,c1ccc(OCc2ccc(C3CCOC3CN3CCc4ccccc4C3)cc2)cc1,5,130,B2AR,"7-eonmol (Pocket2Mol 等变图神经网络 + 口袋引导束搜索, GPCR 微调版)","7-eonmol_ft_gpcr_v2.pt — 本项目自训, 经两轮 A/B(种子 2024/2025)晋级; 基线为 ICML 2022 官方权重",7-eonmol-competition-submission,2024,B2AR_20260927_002520,ADMET 分级 C(风险较高)
C0131,赛道 3 · 离子通道/GPCR 小分子药物虚拟筛选 · 子任务 2,COc1cc(-c2cccc(OCCC(=O)NC(C)=O)c2)cc2c1CN1CCCC1CO2,outputs/results_b2ar_final/structures/cand131_mol_c2803be0_abb80a346b66.sdf,1.461,0.768,3.072,0.277,-10.99,B,,,424.5,3.151,77.1,-4.77,1.0,6.0,6,4.0,0,2,,,c1ccc(-c2ccc3c(c2)OCC2CCCN2C3)cc1,8,131,B2AR,"7-eonmol (Pocket2Mol 等变图神经网络 + 口袋引导束搜索, GPCR 微调版)","7-eonmol_ft_gpcr_v2.pt — 本项目自训, 经两轮 A/B(种子 2024/2025)晋级; 基线为 ICML 2022 官方权重",7-eonmol-competition-submission,2024,B2AR_20260927_002520,
C0132,赛道 3 · 离子通道/GPCR 小分子药物虚拟筛选 · 子任务 2,O=c1nc(N2CCCC2)c(F)c2n1CCN2c1ccc2ccccc2c1,outputs/results_b2ar_final/structures/cand132_mol_c913a8e7_3f7fbc51b0f5.sdf,1.449,0.711,2.619,0.328,-10.99,A,,,350.4,3.288,41.37,-4.57,0.0,4.0,2,5.0,0,0,,,O=c1nc(N2CCCC2)cc2n1CCN2c1ccc2ccccc2c1,1,132,B2AR,"7-eonmol (Pocket2Mol 等变图神经网络 + 口袋引导束搜索, GPCR 微调版)","7-eonmol_ft_gpcr_v2.pt — 本项目自训, 经两轮 A/B(种子 2024/2025)晋级; 基线为 ICML 2022 官方权重",7-eonmol-competition-submission,2024,B2AR_20260927_002520,
C0133,赛道 3 · 离子通道/GPCR 小分子药物虚拟筛选 · 子任务 2,O=C1Cc2cccc(N3C=C4OCCCC4OC3=O)c2OC1Cc1ccc2ccccc2c1,outputs/results_b2ar_final/structures/cand133_mol_02f79411_02f7941139e7.sdf,1.181,0.577,3.959,0.311,-10.99,B,,,441.48,4.932,65.07,-6.3,0.0,5.0,3,6.0,0,2,,,O=C1Cc2cccc(N3C=C4OCCCC4OC3=O)c2OC1Cc1ccc2ccccc2c1,1,133,B2AR,"7-eonmol (Pocket2Mol 等变图神经网络 + 口袋引导束搜索, GPCR 微调版)","7-eonmol_ft_gpcr_v2.pt — 本项目自训, 经两轮 A/B(种子 2024/2025)晋级; 基线为 ICML 2022 官方权重",7-eonmol-competition-submission,2024,B2AR_20260927_002520,
C0134,赛道 3 · 离子通道/GPCR 小分子药物虚拟筛选 · 子任务 2,CC(C)NC(=O)COc1cccc2c(O)c3c(cc12)-c1cc[nH]c(=O)c1CC3,outputs/results_b2ar_final/structures/cand134_mol_5898091c_d412362aac96.sdf,1.373,0.651,2.784,0.294,-10.98,B,,,378.43,2.903,91.42,-4.4,3.0,4.0,4,4.0,0,1,,,O=c1[nH]ccc2c1CCc1cc3ccccc3cc1-2,2,134,B2AR,"7-eonmol (Pocket2Mol 等变图神经网络 + 口袋引导束搜索, GPCR 微调版)","7-eonmol_ft_gpcr_v2.pt — 本项目自训, 经两轮 A/B(种子 2024/2025)晋级; 基线为 ICML 2022 官方权重",7-eonmol-competition-submission,2024,B2AR_20260927_002520,
C0135,赛道 3 · 离子通道/GPCR 小分子药物虚拟筛选 · 子任务 2,O=C1CCC(CC2C(=O)N3CCC4Cc5cc6ccccc6cc5N4C3=C2F)OC1,outputs/results_b2ar_final/structures/cand135_mol_162815f9_17ca289965c0.sdf,1.336,0.763,4.268,0.245,-10.97,B,,,406.46,3.71,49.85,-5.14,0.0,4.0,2,6.0,0,2,,,O=C1CCC(CC2C=C3N(CCC4Cc5cc6ccccc6cc5N34)C2=O)OC1,1,135,B2AR,"7-eonmol (Pocket2Mol 等变图神经网络 + 口袋引导束搜索, GPCR 微调版)","7-eonmol_ft_gpcr_v2.pt — 本项目自训, 经两轮 A/B(种子 2024/2025)晋级; 基线为 ICML 2022 官方权重",7-eonmol-competition-submission,2024,B2AR_20260927_002520,
C0136,赛道 3 · 离子通道/GPCR 小分子药物虚拟筛选 · 子任务 2,CCC1CC(C2CCN(C(N)=O)C(=O)C2)=C2c3cc4c(c5c(=O)[nH]c(=O)n(c35)CC21)CCCC4,outputs/results_b2ar_final/structures/cand136_mol_fc4a4ba9_62e769ff74e9.sdf,1.268,0.713,4.449,0.232,-10.94,B,,,462.55,2.699,118.26,-4.73,2.0,4.0,2,6.0,0,1,,,O=C1CC(C2=C3c4cc5c(c6c(=O)[nH]c(=O)n(c46)CC3CC2)CCCC5)CCN1,6,136,B2AR,"7-eonmol (Pocket2Mol 等变图神经网络 + 口袋引导束搜索, GPCR 微调版)","7-eonmol_ft_gpcr_v2.pt — 本项目自训, 经两轮 A/B(种子 2024/2025)晋级; 基线为 ICML 2022 官方权重",7-eonmol-competition-submission,2024,B2AR_20260927_002520,
C0137,赛道 3 · 离子通道/GPCR 小分子药物虚拟筛选 · 子任务 2,O=C(CC1Oc2c(cccc2N2CC3CCCCC3OC2=O)CC1=O)NC1C=C(C(=O)O)C=CC1,outputs/results_b2ar_final/structures/cand137_mol_e506935d_0fe2368f5f94.sdf,1.211,0.664,4.532,0.244,-10.94,A,,,480.52,2.92,122.24,-4.9,2.0,6.0,5,5.0,0,0,,,O=C(CC1Oc2c(cccc2N2CC3CCCCC3OC2=O)CC1=O)NC1C=CC=CC1,2,137,B2AR,"7-eonmol (Pocket2Mol 等变图神经网络 + 口袋引导束搜索, GPCR 微调版)","7-eonmol_ft_gpcr_v2.pt — 本项目自训, 经两轮 A/B(种子 2024/2025)晋级; 基线为 ICML 2022 官方权重",7-eonmol-competition-submission,2024,B2AR_20260927_002520,
C0138,赛道 3 · 离子通道/GPCR 小分子药物虚拟筛选 · 子任务 2,NC(=O)C(c1cccc(Cc2ccccc2OC(F)(F)F)c1)N1C=CC=CC1,outputs/results_b2ar_final/structures/cand138_mol_67709cd2_d56a9091d0ef.sdf,1.481,0.811,3.298,0.333,-10.91,C,,,388.39,4.088,55.56,-5.25,1.0,3.0,6,3.0,0,3,,,C1=CCN(Cc2cccc(Cc3ccccc3)c2)C=C1,1,138,B2AR,"7-eonmol (Pocket2Mol 等变图神经网络 + 口袋引导束搜索, GPCR 微调版)","7-eonmol_ft_gpcr_v2.pt — 本项目自训, 经两轮 A/B(种子 2024/2025)晋级; 基线为 ICML 2022 官方权重",7-eonmol-competition-submission,2024,B2AR_20260927_002520,ADMET 分级 C(风险较高)
C0139,赛道 3 · 离子通道/GPCR 小分子药物虚拟筛选 · 子任务 2,CC1CC(C2C=CC(=O)C=C2)=C2c3cc4c(c5c(=O)[nH]c(=O)n(c35)CC21)CCCC4,outputs/results_b2ar_final/structures/cand139_mol_fa129ffc_d3564b00d7ee.sdf,1.36,0.798,4.38,0.241,-10.91,A,,,400.48,3.303,71.93,-4.82,1.0,3.0,1,6.0,0,0,,,O=C1C=CC(C2=C3c4cc5c(c6c(=O)[nH]c(=O)n(c46)CC3CC2)CCCC5)C=C1,1,139,B2AR,"7-eonmol (Pocket2Mol 等变图神经网络 + 口袋引导束搜索, GPCR 微调版)","7-eonmol_ft_gpcr_v2.pt — 本项目自训, 经两轮 A/B(种子 2024/2025)晋级; 基线为 ICML 2022 官方权重",7-eonmol-competition-submission,2024,B2AR_20260927_002520,
C0140,赛道 3 · 离子通道/GPCR 小分子药物虚拟筛选 · 子任务 2,O=c1[nH]c(=O)n(C2CCC(Nc3ccccc3)O2)c2ccc3c(c12)CCCC3,outputs/results_b2ar_final/structures/cand140_mol_57d6e42e_57d6e42e4a93.sdf,1.377,0.734,3.575,0.287,-10.9,B,,,377.44,3.316,76.12,-4.73,2.0,4.0,3,5.0,0,1,,,O=c1[nH]c(=O)n(C2CCC(Nc3ccccc3)O2)c2ccc3c(c12)CCCC3,1,140,B2AR,"7-eonmol (Pocket2Mol 等变图神经网络 + 口袋引导束搜索, GPCR 微调版)","7-eonmol_ft_gpcr_v2.pt — 本项目自训, 经两轮 A/B(种子 2024/2025)晋级; 基线为 ICML 2022 官方权重",7-eonmol-competition-submission,2024,B2AR_20260927_002520,
C0141,赛道 3 · 离子通道/GPCR 小分子药物虚拟筛选 · 子任务 2,COc1cccc(CC(=O)Nc2ccccc2C(=O)Nc2ccccc2)c1C,outputs/results_b2ar_final/structures/cand141_mol_730d9df2_d6eb67d8656f.sdf,1.49,0.67,1.804,0.421,-10.88,A,,,374.44,4.437,67.43,-5.49,2.0,3.0,6,3.0,0,0,,,O=C(Cc1ccccc1)Nc1ccccc1C(=O)Nc1ccccc1,1,141,B2AR,"7-eonmol (Pocket2Mol 等变图神经网络 + 口袋引导束搜索, GPCR 微调版)","7-eonmol_ft_gpcr_v2.pt — 本项目自训, 经两轮 A/B(种子 2024/2025)晋级; 基线为 ICML 2022 官方权重",7-eonmol-competition-submission,2024,B2AR_20260927_002520,
C0142,赛道 3 · 离子通道/GPCR 小分子药物虚拟筛选 · 子任务 2,Cc1ccc(CCC(N)=O)cc1COc1ccc(Oc2ccccc2F)cc1O,outputs/results_b2ar_final/structures/cand142_mol_945f3a8d_305dbbd2d7f4.sdf,1.365,0.583,2.177,0.359,-10.83,B,,,395.43,4.629,81.78,-5.72,2.0,4.0,8,3.0,0,1,,,c1ccc(COc2ccc(Oc3ccccc3)cc2)cc1,1,142,B2AR,"7-eonmol (Pocket2Mol 等变图神经网络 + 口袋引导束搜索, GPCR 微调版)","7-eonmol_ft_gpcr_v2.pt — 本项目自训, 经两轮 A/B(种子 2024/2025)晋级; 基线为 ICML 2022 官方权重",7-eonmol-competition-submission,2024,B2AR_20260927_002520,
C0143,赛道 3 · 离子通道/GPCR 小分子药物虚拟筛选 · 子任务 2,O=C(CC1Oc2c(cccc2N2CC3CCCCC3OC2=O)CC1=O)NCC1CCCCC1,outputs/results_b2ar_final/structures/cand143_mol_a6b12819_a6b12819ec6f.sdf,1.333,0.722,3.894,0.207,-10.83,A,,,454.57,4.161,84.94,-5.66,1.0,5.0,5,5.0,0,0,,,O=C(CC1Oc2c(cccc2N2CC3CCCCC3OC2=O)CC1=O)NCC1CCCCC1,1,143,B2AR,"7-eonmol (Pocket2Mol 等变图神经网络 + 口袋引导束搜索, GPCR 微调版)","7-eonmol_ft_gpcr_v2.pt — 本项目自训, 经两轮 A/B(种子 2024/2025)晋级; 基线为 ICML 2022 官方权重",7-eonmol-competition-submission,2024,B2AR_20260927_002520,
C0144,赛道 3 · 离子通道/GPCR 小分子药物虚拟筛选 · 子任务 2,O=c1[nH]ccc2c1CCc1c-2cc2ccccc2c1O,outputs/results_b2ar_final/structures/cand144_mol_5898091c_8f9f06b5d3c7.sdf,1.391,0.655,2.639,0.345,-10.79,B,,,263.3,2.999,53.09,-3.92,2.0,2.0,0,4.0,0,1,,,O=c1[nH]ccc2c1CCc1cc3ccccc3cc1-2,2,144,B2AR,"7-eonmol (Pocket2Mol 等变图神经网络 + 口袋引导束搜索, GPCR 微调版)","7-eonmol_ft_gpcr_v2.pt — 本项目自训, 经两轮 A/B(种子 2024/2025)晋级; 基线为 ICML 2022 官方权重",7-eonmol-competition-submission,2024,B2AR_20260927_002520,
C0145,赛道 3 · 离子通道/GPCR 小分子药物虚拟筛选 · 子任务 2,COc1cccc(CC(=O)NC2=CC(=CC=Cc3ccccc3)C=C2)c1C,outputs/results_b2ar_final/structures/cand145_mol_508f4ff5_193e4c1c0fd1.sdf,1.55,0.81,2.598,0.302,-10.78,B,,,357.45,4.756,38.33,-5.55,1.0,2.0,6,3.0,0,1,,,O=C(Cc1ccccc1)NC1=CC(=CC=Cc2ccccc2)C=C1,1,145,B2AR,"7-eonmol (Pocket2Mol 等变图神经网络 + 口袋引导束搜索, GPCR 微调版)","7-eonmol_ft_gpcr_v2.pt — 本项目自训, 经两轮 A/B(种子 2024/2025)晋级; 基线为 ICML 2022 官方权重",7-eonmol-competition-submission,2024,B2AR_20260927_002520,
C0146,赛道 3 · 离子通道/GPCR 小分子药物虚拟筛选 · 子任务 2,O=C1CCCCN1CC1OCCC1c1ccc(COc2ccc(O)cc2)cc1,outputs/results_b2ar_final/structures/cand146_mol_d8f4b0af_9c87f1ba71d4.sdf,1.514,0.826,3.118,0.317,-10.78,B,,,381.47,3.856,59.0,-5.03,1.0,4.0,6,4.0,0,2,,,O=C1CCCCN1CC1OCCC1c1ccc(COc2ccccc2)cc1,2,146,B2AR,"7-eonmol (Pocket2Mol 等变图神经网络 + 口袋引导束搜索, GPCR 微调版)","7-eonmol_ft_gpcr_v2.pt — 本项目自训, 经两轮 A/B(种子 2024/2025)晋级; 基线为 ICML 2022 官方权重",7-eonmol-competition-submission,2024,B2AR_20260927_002520,
C0147,赛道 3 · 离子通道/GPCR 小分子药物虚拟筛选 · 子任务 2,O=C(CC1Oc2c(cccc2N2CC3CCCCC3OC2=O)CC1=O)NCC1CCCNC1,outputs/results_b2ar_final/structures/cand147_mol_6d97c4bb_6d97c4bb89c0.sdf,1.29,0.709,4.182,0.205,-10.77,B,,,455.56,2.58,96.97,-4.49,2.0,6.0,5,5.0,0,1,,,O=C(CC1Oc2c(cccc2N2CC3CCCCC3OC2=O)CC1=O)NCC1CCCNC1,1,147,B2AR,"7-eonmol (Pocket2Mol 等变图神经网络 + 口袋引导束搜索, GPCR 微调版)","7-eonmol_ft_gpcr_v2.pt — 本项目自训, 经两轮 A/B(种子 2024/2025)晋级; 基线为 ICML 2022 官方权重",7-eonmol-competition-submission,2024,B2AR_20260927_002520,
C0148,赛道 3 · 离子通道/GPCR 小分子药物虚拟筛选 · 子任务 2,COc1ccc2c(c1)CCN(CC1OCCC1c1ccc(COc3ccc(O)cc3)cc1)C2,outputs/results_b2ar_final/structures/cand148_mol_de13236e_3560a0bd8976.sdf,1.244,0.56,3.16,0.359,-10.76,C,,,445.56,4.911,51.16,-6.24,1.0,5.0,7,5.0,0,4,,,c1ccc(OCc2ccc(C3CCOC3CN3CCc4ccccc4C3)cc2)cc1,5,148,B2AR,"7-eonmol (Pocket2Mol 等变图神经网络 + 口袋引导束搜索, GPCR 微调版)","7-eonmol_ft_gpcr_v2.pt — 本项目自训, 经两轮 A/B(种子 2024/2025)晋级; 基线为 ICML 2022 官方权重",7-eonmol-competition-submission,2024,B2AR_20260927_002520,ADMET 分级 C(风险较高)
C0149,赛道 3 · 离子通道/GPCR 小分子药物虚拟筛选 · 子任务 2,O=c1oc(=O)n2c(c1-c1ccccc1)CC1c3c(cccc3-2)CCC1OC1CCCCC1,outputs/results_b2ar_final/structures/cand149_mol_0fd0b017_0fd0b01701f3.sdf,1.232,0.602,3.704,0.299,-10.75,B,,,429.52,4.762,61.44,-6.12,0.0,4.0,3,6.0,0,2,,,O=c1oc(=O)n2c(c1-c1ccccc1)CC1c3c(cccc3-2)CCC1OC1CCCCC1,2,149,B2AR,"7-eonmol (Pocket2Mol 等变图神经网络 + 口袋引导束搜索, GPCR 微调版)","7-eonmol_ft_gpcr_v2.pt — 本项目自训, 经两轮 A/B(种子 2024/2025)晋级; 基线为 ICML 2022 官方权重",7-eonmol-competition-submission,2024,B2AR_20260927_002520,
C0150,赛道 3 · 离子通道/GPCR 小分子药物虚拟筛选 · 子任务 2,O=C(Nc1cccc2c1OC(CC1CCCNC1)CC2)OC1CCCOC1,outputs/results_b2ar_final/structures/cand150_mol_51a5cbde_51a5cbded4c8.sdf,1.468,0.844,3.76,0.215,-10.74,B,,,374.48,3.497,68.82,-4.7,2.0,5.0,4,4.0,0,1,,,O=C(Nc1cccc2c1OC(CC1CCCNC1)CC2)OC1CCCOC1,1,150,B2AR,"7-eonmol (Pocket2Mol 等变图神经网络 + 口袋引导束搜索, GPCR 微调版)","7-eonmol_ft_gpcr_v2.pt — 本项目自训, 经两轮 A/B(种子 2024/2025)晋级; 基线为 ICML 2022 官方权重",7-eonmol-competition-submission,2024,B2AR_20260927_002520,
C0151,赛道 3 · 离子通道/GPCR 小分子药物虚拟筛选 · 子任务 2,O=C1C(Cc2ccsc2)C(F)=C2N1CCC1Cc3cc4ccccc4cc3N21,outputs/results_b2ar_final/structures/cand151_mol_5958610b_8ea298c8f645.sdf,1.24,0.623,3.825,0.294,-10.74,C,,,390.48,4.876,23.55,-5.98,0.0,3.0,2,6.0,0,3,,,O=C1C(Cc2ccsc2)C=C2N1CCC1Cc3cc4ccccc4cc3N21,1,151,B2AR,"7-eonmol (Pocket2Mol 等变图神经网络 + 口袋引导束搜索, GPCR 微调版)","7-eonmol_ft_gpcr_v2.pt — 本项目自训, 经两轮 A/B(种子 2024/2025)晋级; 基线为 ICML 2022 官方权重",7-eonmol-competition-submission,2024,B2AR_20260927_002520,ADMET 分级 C(风险较高)
C0152,赛道 3 · 离子通道/GPCR 小分子药物虚拟筛选 · 子任务 2,O=C1CN2CC(=O)N(CC3OCCC3c3ccc(COc4ccc(O)cc4)cc3)CC2CN1,outputs/results_b2ar_final/structures/cand152_mol_13e32d09_7b97c5914bd4.sdf,1.309,0.692,3.828,0.265,-10.73,A,,,451.52,1.486,91.34,-3.7,2.0,6.0,6,5.0,0,0,,,O=C1CN2CC(=O)N(CC3OCCC3c3ccc(COc4ccccc4)cc3)CC2CN1,1,152,B2AR,"7-eonmol (Pocket2Mol 等变图神经网络 + 口袋引导束搜索, GPCR 微调版)","7-eonmol_ft_gpcr_v2.pt — 本项目自训, 经两轮 A/B(种子 2024/2025)晋级; 基线为 ICML 2022 官方权重",7-eonmol-competition-submission,2024,B2AR_20260927_002520,
C0153,赛道 3 · 离子通道/GPCR 小分子药物虚拟筛选 · 子任务 2,CC(=O)N1CC(CCCC2CCc3cccc(NC(=O)OC4CCCOC4)c3O2)=C2CC=CN=C21,outputs/results_b2ar_final/structures/cand153_mol_a687e42c_eb8ae772675b.sdf,1.214,0.636,4.217,0.222,-10.72,C,,,479.58,4.753,89.46,-6.23,1.0,6.0,6,5.0,0,3,,,O=C(Nc1cccc2c1OC(CCCC1=C3CC=CN=C3NC1)CC2)OC1CCCOC1,1,153,B2AR,"7-eonmol (Pocket2Mol 等变图神经网络 + 口袋引导束搜索, GPCR 微调版)","7-eonmol_ft_gpcr_v2.pt — 本项目自训, 经两轮 A/B(种子 2024/2025)晋级; 基线为 ICML 2022 官方权重",7-eonmol-competition-submission,2024,B2AR_20260927_002520,ADMET 分级 C(风险较高)
C0154,赛道 3 · 离子通道/GPCR 小分子药物虚拟筛选 · 子任务 2,CC(COC1CCc2cc(O)cc3c2C1Cc1c(-c2ccccc2)c(=O)oc(=O)n1-3)OCC(N)=O,outputs/results_b2ar_final/structures/cand154_mol_00b98594_8b4d56550bf0.sdf,1.108,0.531,4.225,0.258,-10.71,A,,,478.5,2.025,133.99,-4.3,2.0,7.0,7,5.0,0,0,,,O=c1oc(=O)n2c(c1-c1ccccc1)CC1CCCc3cccc-2c31,4,154,B2AR,"7-eonmol (Pocket2Mol 等变图神经网络 + 口袋引导束搜索, GPCR 微调版)","7-eonmol_ft_gpcr_v2.pt — 本项目自训, 经两轮 A/B(种子 2024/2025)晋级; 基线为 ICML 2022 官方权重",7-eonmol-competition-submission,2024,B2AR_20260927_002520,
C0155,赛道 3 · 离子通道/GPCR 小分子药物虚拟筛选 · 子任务 2,CC1=CC(NC(=O)CC2Oc3c(cccc3N3CC4CCCCC4OC3=O)CC2=O)CC=N1,outputs/results_b2ar_final/structures/cand155_mol_fb00786b_6011f33db04c.sdf,1.295,0.757,4.624,0.225,-10.7,A,,,451.52,3.328,97.3,-5.04,1.0,6.0,4,5.0,0,0,,,O=C(CC1Oc2c(cccc2N2CC3CCCCC3OC2=O)CC1=O)NC1C=CN=CC1,1,155,B2AR,"7-eonmol (Pocket2Mol 等变图神经网络 + 口袋引导束搜索, GPCR 微调版)","7-eonmol_ft_gpcr_v2.pt — 本项目自训, 经两轮 A/B(种子 2024/2025)晋级; 基线为 ICML 2022 官方权重",7-eonmol-competition-submission,2024,B2AR_20260927_002520,
C0156,赛道 3 · 离子通道/GPCR 小分子药物虚拟筛选 · 子任务 2,Oc1ccc(OCc2ccc(C3CCOC3CN3CCN(Cc4ccccc4F)CC3)cc2)cc1,outputs/results_b2ar_final/structures/cand156_mol_cc15c43e_a4dcd8cf952f.sdf,1.196,0.506,3.103,0.337,-10.7,C,,,476.59,4.801,45.17,-6.32,1.0,5.0,8,5.0,0,4,,,c1ccc(CN2CCN(CC3OCCC3c3ccc(COc4ccccc4)cc3)CC2)cc1,3,156,B2AR,"7-eonmol (Pocket2Mol 等变图神经网络 + 口袋引导束搜索, GPCR 微调版)","7-eonmol_ft_gpcr_v2.pt — 本项目自训, 经两轮 A/B(种子 2024/2025)晋级; 基线为 ICML 2022 官方权重",7-eonmol-competition-submission,2024,B2AR_20260927_002520,ADMET 分级 C(风险较高)
C0157,赛道 3 · 离子通道/GPCR 小分子药物虚拟筛选 · 子任务 2,O=C1Cc2cccc(N3CC4CCCCC4OC3=O)c2OC1CC1CC(O)CCN1,outputs/results_b2ar_final/structures/cand157_mol_ebaa9981_8617cc4e1e2d.sdf,1.341,0.79,4.498,0.212,-10.69,B,,,414.5,2.578,88.1,-4.28,2.0,6.0,3,5.0,0,1,,,O=C1Cc2cccc(N3CC4CCCCC4OC3=O)c2OC1CC1CCCCN1,2,157,B2AR,"7-eonmol (Pocket2Mol 等变图神经网络 + 口袋引导束搜索, GPCR 微调版)","7-eonmol_ft_gpcr_v2.pt — 本项目自训, 经两轮 A/B(种子 2024/2025)晋级; 基线为 ICML 2022 官方权重",7-eonmol-competition-submission,2024,B2AR_20260927_002520,
C0158,赛道 3 · 离子通道/GPCR 小分子药物虚拟筛选 · 子任务 2,COC1=CC2CN(CC3OCCC3c3ccc(COc4ccc(O)cc4)cc3)C(=O)CN2C1,outputs/results_b2ar_final/structures/cand158_mol_0271bf56_69a4dacf91f9.sdf,1.3,0.7,3.995,0.286,-10.69,B,,,450.54,2.9,71.47,-4.72,1.0,6.0,7,5.0,0,1,,,O=C1CN2CC=CC2CN1CC1OCCC1c1ccc(COc2ccccc2)cc1,1,158,B2AR,"7-eonmol (Pocket2Mol 等变图神经网络 + 口袋引导束搜索, GPCR 微调版)","7-eonmol_ft_gpcr_v2.pt — 本项目自训, 经两轮 A/B(种子 2024/2025)晋级; 基线为 ICML 2022 官方权重",7-eonmol-competition-submission,2024,B2AR_20260927_002520,
C0159,赛道 3 · 离子通道/GPCR 小分子药物虚拟筛选 · 子任务 2,Oc1ccc(OCc2ccc(C3CCOC3CN3CCN(C4CCNCC4)CC3)cc2)cc1,outputs/results_b2ar_final/structures/cand159_mol_9f6031b1_367b92f310f3.sdf,1.344,0.674,3.3,0.34,-10.68,B,,,451.61,3.213,57.2,-4.95,2.0,6.0,7,5.0,0,2,,,c1ccc(OCc2ccc(C3CCOC3CN3CCN(C4CCNCC4)CC3)cc2)cc1,1,159,B2AR,"7-eonmol (Pocket2Mol 等变图神经网络 + 口袋引导束搜索, GPCR 微调版)","7-eonmol_ft_gpcr_v2.pt — 本项目自训, 经两轮 A/B(种子 2024/2025)晋级; 基线为 ICML 2022 官方权重",7-eonmol-competition-submission,2024,B2AR_20260927_002520,
C0160,赛道 3 · 离子通道/GPCR 小分子药物虚拟筛选 · 子任务 2,O=C(CC1Oc2c(cccc2N2CC3CCCCC3OC2=O)CC1=O)NCc1cccnc1,outputs/results_b2ar_final/structures/cand160_mol_c8fef291_c8fef29191a5.sdf,1.368,0.753,3.853,0.273,-10.67,B,,,449.51,3.176,97.83,-4.96,1.0,6.0,5,5.0,0,1,,,O=C(CC1Oc2c(cccc2N2CC3CCCCC3OC2=O)CC1=O)NCc1cccnc1,1,160,B2AR,"7-eonmol (Pocket2Mol 等变图神经网络 + 口袋引导束搜索, GPCR 微调版)","7-eonmol_ft_gpcr_v2.pt — 本项目自训, 经两轮 A/B(种子 2024/2025)晋级; 基线为 ICML 2022 官方权重",7-eonmol-competition-submission,2024,B2AR_20260927_002520,
C0161,赛道 3 · 离子通道/GPCR 小分子药物虚拟筛选 · 子任务 2,CCCC(OC1CCC(CC2CCCC(O)C2)C1)n1c(=O)[nH]c(=O)c2c3c(ccc21)CCCC3,outputs/results_b2ar_final/structures/cand161_mol_08d8815a_60917079219a.sdf,1.163,0.599,4.367,0.204,-10.67,B,,,468.64,4.994,84.32,-6.36,2.0,4.0,7,5.0,0,2,,,O=c1[nH]c(=O)n(COC2CCC(CC3CCCCC3)C2)c2ccc3c(c12)CCCC3,1,161,B2AR,"7-eonmol (Pocket2Mol 等变图神经网络 + 口袋引导束搜索, GPCR 微调版)","7-eonmol_ft_gpcr_v2.pt — 本项目自训, 经两轮 A/B(种子 2024/2025)晋级; 基线为 ICML 2022 官方权重",7-eonmol-competition-submission,2024,B2AR_20260927_002520,
C0162,赛道 3 · 离子通道/GPCR 小分子药物虚拟筛选 · 子任务 2,CCC1=CC(C(=O)N2CC(C)C3Cn4c(=O)[nH]c(=O)c5c6c(cc(c54)C32)CCCC6)=CC1,outputs/results_b2ar_final/structures/cand162_mol_25afeca8_27770f486913.sdf,1.337,0.792,4.551,0.25,-10.66,B,,,431.54,3.384,75.17,-5.05,1.0,3.0,2,6.0,0,2,,,O=C(C1=CCC=C1)N1CCC2Cn3c(=O)[nH]c(=O)c4c5c(cc(c43)C21)CCCC5,1,162,B2AR,"7-eonmol (Pocket2Mol 等变图神经网络 + 口袋引导束搜索, GPCR 微调版)","7-eonmol_ft_gpcr_v2.pt — 本项目自训, 经两轮 A/B(种子 2024/2025)晋级; 基线为 ICML 2022 官方权重",7-eonmol-competition-submission,2024,B2AR_20260927_002520,
C0163,赛道 3 · 离子通道/GPCR 小分子药物虚拟筛选 · 子任务 2,O=C1Cc2cccc(N3CC4CCCCC4OC3=O)c2OC1CC1CCCN1,outputs/results_b2ar_final/structures/cand163_mol_eb062258_eb062258a1b3.sdf,1.441,0.867,4.255,0.222,-10.62,B,,,384.48,3.217,67.87,-4.57,1.0,5.0,3,5.0,0,1,,,O=C1Cc2cccc(N3CC4CCCCC4OC3=O)c2OC1CC1CCCN1,1,163,B2AR,"7-eonmol (Pocket2Mol 等变图神经网络 + 口袋引导束搜索, GPCR 微调版)","7-eonmol_ft_gpcr_v2.pt — 本项目自训, 经两轮 A/B(种子 2024/2025)晋级; 基线为 ICML 2022 官方权重",7-eonmol-competition-submission,2024,B2AR_20260927_002520,
C0164,赛道 3 · 离子通道/GPCR 小分子药物虚拟筛选 · 子任务 2,NC(=O)C(Nc1ccccc1)c1cccc(Cc2ccccc2OC(F)(F)F)c1,outputs/results_b2ar_final/structures/cand164_mol_95887509_655553547679.sdf,1.334,0.598,2.64,0.395,-10.62,B,,,400.4,4.815,64.35,-5.91,2.0,3.0,7,3.0,0,2,,,c1ccc(Cc2cccc(CNc3ccccc3)c2)cc1,2,164,B2AR,"7-eonmol (Pocket2Mol 等变图神经网络 + 口袋引导束搜索, GPCR 微调版)","7-eonmol_ft_gpcr_v2.pt — 本项目自训, 经两轮 A/B(种子 2024/2025)晋级; 基线为 ICML 2022 官方权重",7-eonmol-competition-submission,2024,B2AR_20260927_002520,
C0165,赛道 3 · 离子通道/GPCR 小分子药物虚拟筛选 · 子任务 2,OCc1ccc(F)c(Oc2ccc(-c3cccc(F)c3)cc2)c1,outputs/results_b2ar_final/structures/cand165_mol_4dcfd7d4_2a796e7e80bc.sdf,1.559,0.741,1.818,0.368,-10.59,B,,,312.32,4.916,29.46,-5.55,1.0,2.0,4,3.0,0,1,,,c1ccc(Oc2ccc(-c3ccccc3)cc2)cc1,2,165,B2AR,"7-eonmol (Pocket2Mol 等变图神经网络 + 口袋引导束搜索, GPCR 微调版)","7-eonmol_ft_gpcr_v2.pt — 本项目自训, 经两轮 A/B(种子 2024/2025)晋级; 基线为 ICML 2022 官方权重",7-eonmol-competition-submission,2024,B2AR_20260927_002520,
C0166,赛道 3 · 离子通道/GPCR 小分子药物虚拟筛选 · 子任务 2,O=C1CCC(NC(=O)CC2Oc3c(cccc3N3CC4CCCCC4OC3=O)CC2=O)CCN1,outputs/results_b2ar_final/structures/cand166_mol_1ab43728_1ab4372805de.sdf,1.278,0.699,4.214,0.22,-10.59,A,,,469.54,2.25,114.04,-4.36,2.0,6.0,4,5.0,0,0,,,O=C1CCC(NC(=O)CC2Oc3c(cccc3N3CC4CCCCC4OC3=O)CC2=O)CCN1,1,166,B2AR,"7-eonmol (Pocket2Mol 等变图神经网络 + 口袋引导束搜索, GPCR 微调版)","7-eonmol_ft_gpcr_v2.pt — 本项目自训, 经两轮 A/B(种子 2024/2025)晋级; 基线为 ICML 2022 官方权重",7-eonmol-competition-submission,2024,B2AR_20260927_002520,
C0167,赛道 3 · 离子通道/GPCR 小分子药物虚拟筛选 · 子任务 2,O=C1OCN=CCC2=NCC(=C2)CCOc2cccc3c(O)c4c(cc23)C=C1CC4,outputs/results_b2ar_final/structures/cand167_mol_d98b2287_982736029f19.sdf,1.11,0.676,5.654,0.215,-10.58,A,,,402.45,4.0,80.48,-5.38,1.0,6.0,0,5.0,0,0,,,O=C1OCN=CCC2=NCC(=C2)CCOc2cccc3cc4c(cc23)C=C1CC4,1,167,B2AR,"7-eonmol (Pocket2Mol 等变图神经网络 + 口袋引导束搜索, GPCR 微调版)","7-eonmol_ft_gpcr_v2.pt — 本项目自训, 经两轮 A/B(种子 2024/2025)晋级; 基线为 ICML 2022 官方权重",7-eonmol-competition-submission,2024,B2AR_20260927_002520,
C0168,赛道 3 · 离子通道/GPCR 小分子药物虚拟筛选 · 子任务 2,CC1CC(F)=C2N1CC1OC(O)Cc3c1n2c1cc2ccccc2cc31,outputs/results_b2ar_final/structures/cand168_mol_8a576f7d_d783b29be948.sdf,1.235,0.667,4.327,0.258,-10.57,B,,,350.39,3.93,37.63,-5.05,1.0,3.0,0,6.0,0,2,,,C1=C2N(CC1)CC1OCCc3c1n2c1cc2ccccc2cc31,1,168,B2AR,"7-eonmol (Pocket2Mol 等变图神经网络 + 口袋引导束搜索, GPCR 微调版)","7-eonmol_ft_gpcr_v2.pt — 本项目自训, 经两轮 A/B(种子 2024/2025)晋级; 基线为 ICML 2022 官方权重",7-eonmol-competition-submission,2024,B2AR_20260927_002520,
C0169,赛道 3 · 离子通道/GPCR 小分子药物虚拟筛选 · 子任务 2,O=c1[nH]c(=O)n2c(c1F)N(c1ccc3ccccc3c1)CC2,outputs/results_b2ar_final/structures/cand169_mol_1ca996a1_285214a8b814.sdf,1.492,0.747,2.553,0.356,-10.56,A,,,297.29,1.981,58.1,-3.33,1.0,3.0,1,4.0,0,0,,,O=c1cc2n(c(=O)[nH]1)CCN2c1ccc2ccccc2c1,1,169,B2AR,"7-eonmol (Pocket2Mol 等变图神经网络 + 口袋引导束搜索, GPCR 微调版)","7-eonmol_ft_gpcr_v2.pt — 本项目自训, 经两轮 A/B(种子 2024/2025)晋级; 基线为 ICML 2022 官方权重",7-eonmol-competition-submission,2024,B2AR_20260927_002520,
C0170,赛道 3 · 离子通道/GPCR 小分子药物虚拟筛选 · 子任务 2,CC1C(O)CC2c3cc4c(c5c(=O)[nH]c(=O)n(c35)CC21)CCCC4,outputs/results_b2ar_final/structures/cand170_mol_3cdbf19d_93f3e6bd8116.sdf,1.351,0.773,4.222,0.225,-10.56,A,,,326.4,1.683,75.09,-3.2,2.0,3.0,0,5.0,0,0,,,O=c1[nH]c(=O)n2c3c(cc4c(c13)CCCC4)C1CCCC1C2,2,170,B2AR,"7-eonmol (Pocket2Mol 等变图神经网络 + 口袋引导束搜索, GPCR 微调版)","7-eonmol_ft_gpcr_v2.pt — 本项目自训, 经两轮 A/B(种子 2024/2025)晋级; 基线为 ICML 2022 官方权重",7-eonmol-competition-submission,2024,B2AR_20260927_002520,
C0171,赛道 3 · 离子通道/GPCR 小分子药物虚拟筛选 · 子任务 2,O=C1OC2CCCC2CN1c1ccccc1OCC=Cc1c(O)cccc1F,outputs/results_b2ar_final/structures/cand171_mol_18bdad52_62deb132d4a8.sdf,1.464,0.81,3.46,0.289,-10.55,B,,,383.42,4.749,59.0,-5.73,1.0,4.0,5,4.0,0,1,,,O=C1OC2CCCC2CN1c1ccccc1OCC=Cc1ccccc1,1,171,B2AR,"7-eonmol (Pocket2Mol 等变图神经网络 + 口袋引导束搜索, GPCR 微调版)","7-eonmol_ft_gpcr_v2.pt — 本项目自训, 经两轮 A/B(种子 2024/2025)晋级; 基线为 ICML 2022 官方权重",7-eonmol-competition-submission,2024,B2AR_20260927_002520,
C0172,赛道 3 · 离子通道/GPCR 小分子药物虚拟筛选 · 子任务 2,CC(=O)N1CCN(CC2OCCC2c2ccc(COc3ccc(O)cc3)cc2)CC1,outputs/results_b2ar_final/structures/cand172_mol_9dc08dc7_31e39ab8450c.sdf,1.487,0.793,3.063,0.364,-10.54,B,,,410.51,3.008,62.24,-4.58,1.0,5.0,6,4.0,0,2,,,c1ccc(OCc2ccc(C3CCOC3CN3CCNCC3)cc2)cc1,2,172,B2AR,"7-eonmol (Pocket2Mol 等变图神经网络 + 口袋引导束搜索, GPCR 微调版)","7-eonmol_ft_gpcr_v2.pt — 本项目自训, 经两轮 A/B(种子 2024/2025)晋级; 基线为 ICML 2022 官方权重",7-eonmol-competition-submission,2024,B2AR_20260927_002520,
C0173,赛道 3 · 离子通道/GPCR 小分子药物虚拟筛选 · 子任务 2,O=C1CN2CC(=O)N(CC3OCCC3c3ccc(COc4ccc(O)cc4)cc3)CC2C=N1,outputs/results_b2ar_final/structures/cand173_mol_1d8d606d_dfaf87e4b5b5.sdf,1.322,0.725,4.031,0.272,-10.52,A,,,449.51,1.967,91.67,-4.04,1.0,6.0,6,5.0,0,0,,,O=C1CN2CC(=O)N(CC3OCCC3c3ccc(COc4ccccc4)cc3)CC2C=N1,1,173,B2AR,"7-eonmol (Pocket2Mol 等变图神经网络 + 口袋引导束搜索, GPCR 微调版)","7-eonmol_ft_gpcr_v2.pt — 本项目自训, 经两轮 A/B(种子 2024/2025)晋级; 基线为 ICML 2022 官方权重",7-eonmol-competition-submission,2024,B2AR_20260927_002520,
C0174,赛道 3 · 离子通道/GPCR 小分子药物虚拟筛选 · 子任务 2,CCCC1C(O)C(F)=C2N1CC1OC(=O)C=C3c4cc5ccccc5cc4N2N31,outputs/results_b2ar_final/structures/cand174_mol_d775797e_25399f5a7bb1.sdf,1.328,0.792,4.637,0.268,-10.5,C,,,393.42,3.098,56.25,-4.61,1.0,6.0,2,6.0,0,3,,,O=C1C=C2c3cc4ccccc4cc3N3C4=CCCN4CC(O1)N23,2,174,B2AR,"7-eonmol (Pocket2Mol 等变图神经网络 + 口袋引导束搜索, GPCR 微调版)","7-eonmol_ft_gpcr_v2.pt — 本项目自训, 经两轮 A/B(种子 2024/2025)晋级; 基线为 ICML 2022 官方权重",7-eonmol-competition-submission,2024,B2AR_20260927_002520,ADMET 分级 C(风险较高)
C0175,赛道 3 · 离子通道/GPCR 小分子药物虚拟筛选 · 子任务 2,O=C(NCc1cccc(Cl)c1)c1cc(Cc2ccccc2)c[nH]1,outputs/results_b2ar_final/structures/cand175_mol_82b3772c_89f3fc83f445.sdf,1.525,0.726,2.005,0.37,-10.48,A,,,324.81,4.189,44.89,-5.05,2.0,1.0,5,3.0,0,0,,,O=C(NCc1ccccc1)c1cc(Cc2ccccc2)c[nH]1,1,175,B2AR,"7-eonmol (Pocket2Mol 等变图神经网络 + 口袋引导束搜索, GPCR 微调版)","7-eonmol_ft_gpcr_v2.pt — 本项目自训, 经两轮 A/B(种子 2024/2025)晋级; 基线为 ICML 2022 官方权重",7-eonmol-competition-submission,2024,B2AR_20260927_002520,
C0176,赛道 3 · 离子通道/GPCR 小分子药物虚拟筛选 · 子任务 2,CC1CC(CC(=O)O)=C2c3cc4c(c5c(=O)[nH]c(=O)n(c35)CC21)CCCC4,outputs/results_b2ar_final/structures/cand176_mol_e5dedfaa_a148d1369945.sdf,1.449,0.854,4.055,0.303,-10.48,A,,,366.42,2.467,92.16,-3.98,2.0,3.0,2,5.0,0,0,,,O=c1[nH]c(=O)n2c3c(cc4c(c13)CCCC4)C1=CCCC1C2,2,176,B2AR,"7-eonmol (Pocket2Mol 等变图神经网络 + 口袋引导束搜索, GPCR 微调版)","7-eonmol_ft_gpcr_v2.pt — 本项目自训, 经两轮 A/B(种子 2024/2025)晋级; 基线为 ICML 2022 官方权重",7-eonmol-competition-submission,2024,B2AR_20260927_002520,
C0177,赛道 3 · 离子通道/GPCR 小分子药物虚拟筛选 · 子任务 2,O=C1OC2CCCCC2CN1c1cccc2c1Oc1c(F)cc(O)cc1C2,outputs/results_b2ar_final/structures/cand177_mol_36a1ad0d_09c27346a044.sdf,1.306,0.673,3.672,0.243,-10.48,B,,,369.39,4.743,59.0,-5.73,1.0,4.0,1,5.0,0,1,,,O=C1OC2CCCCC2CN1c1cccc2c1Oc1ccccc1C2,3,177,B2AR,"7-eonmol (Pocket2Mol 等变图神经网络 + 口袋引导束搜索, GPCR 微调版)","7-eonmol_ft_gpcr_v2.pt — 本项目自训, 经两轮 A/B(种子 2024/2025)晋级; 基线为 ICML 2022 官方权重",7-eonmol-competition-submission,2024,B2AR_20260927_002520,
C0178,赛道 3 · 离子通道/GPCR 小分子药物虚拟筛选 · 子任务 2,O=C1C=C2c3cc4ccccc4cc3N3C4=C(F)C(O)C(=O)N4CC(O1)N23,outputs/results_b2ar_final/structures/cand178_mol_c891ca37_426af9bfa115.sdf,1.271,0.713,4.415,0.283,-10.48,B,,,365.32,1.456,73.32,-3.27,1.0,6.0,0,6.0,0,1,,,O=C1C=C2c3cc4ccccc4cc3N3C4=CCC(=O)N4CC(O1)N23,1,178,B2AR,"7-eonmol (Pocket2Mol 等变图神经网络 + 口袋引导束搜索, GPCR 微调版)","7-eonmol_ft_gpcr_v2.pt — 本项目自训, 经两轮 A/B(种子 2024/2025)晋级; 基线为 ICML 2022 官方权重",7-eonmol-competition-submission,2024,B2AR_20260927_002520,
C0179,赛道 3 · 离子通道/GPCR 小分子药物虚拟筛选 · 子任务 2,O=C1C(O)C(F)=C2N1CC1OCCC3c4cc5ccccc5cc4N2N13,outputs/results_b2ar_final/structures/cand179_mol_dc60927a_3c037a11ac0a.sdf,1.341,0.785,4.448,0.268,-10.46,B,,,353.35,2.02,56.25,-3.61,1.0,5.0,0,6.0,0,2,,,O=C1CC=C2N1CC1OCCC3c4cc5ccccc5cc4N2N13,1,179,B2AR,"7-eonmol (Pocket2Mol 等变图神经网络 + 口袋引导束搜索, GPCR 微调版)","7-eonmol_ft_gpcr_v2.pt — 本项目自训, 经两轮 A/B(种子 2024/2025)晋级; 基线为 ICML 2022 官方权重",7-eonmol-competition-submission,2024,B2AR_20260927_002520,
C0180,赛道 3 · 离子通道/GPCR 小分子药物虚拟筛选 · 子任务 2,CCC1C(O)C(F)=C2N1CC1OC(=O)C=C3c4cc5ccccc5cc4N2N31,outputs/results_b2ar_final/structures/cand180_mol_d775797e_f3bf302bd8c9.sdf,1.305,0.769,4.647,0.275,-10.46,B,,,379.39,2.708,56.25,-4.26,1.0,6.0,1,6.0,0,2,,,O=C1C=C2c3cc4ccccc4cc3N3C4=CCCN4CC(O1)N23,2,180,B2AR,"7-eonmol (Pocket2Mol 等变图神经网络 + 口袋引导束搜索, GPCR 微调版)","7-eonmol_ft_gpcr_v2.pt — 本项目自训, 经两轮 A/B(种子 2024/2025)晋级; 基线为 ICML 2022 官方权重",7-eonmol-competition-submission,2024,B2AR_20260927_002520,
C0181,赛道 3 · 离子通道/GPCR 小分子药物虚拟筛选 · 子任务 2,O=C1Cc2cccc(N3CC4OCCCC4OC3=O)c2OC1Cc1ccc(-c2cnncn2)cc1,outputs/results_b2ar_final/structures/cand181_mol_0cec4e8f_0cec4e8fa651.sdf,1.155,0.571,4.152,0.243,-10.43,A,,,472.5,3.158,103.74,-5.17,0.0,8.0,4,6.0,0,0,,,O=C1Cc2cccc(N3CC4OCCCC4OC3=O)c2OC1Cc1ccc(-c2cnncn2)cc1,2,181,B2AR,"7-eonmol (Pocket2Mol 等变图神经网络 + 口袋引导束搜索, GPCR 微调版)","7-eonmol_ft_gpcr_v2.pt — 本项目自训, 经两轮 A/B(种子 2024/2025)晋级; 基线为 ICML 2022 官方权重",7-eonmol-competition-submission,2024,B2AR_20260927_002520,
C0182,赛道 3 · 离子通道/GPCR 小分子药物虚拟筛选 · 子任务 2,O=C(CC1Oc2c(cccc2N2CC3CCCCC3OC2=O)CC1=O)NC1C=CC=CC1,outputs/results_b2ar_final/structures/cand182_mol_e506935d_e506935d1853.sdf,1.339,0.781,4.424,0.225,-10.42,A,,,436.51,3.466,84.94,-5.05,1.0,5.0,4,5.0,0,0,,,O=C(CC1Oc2c(cccc2N2CC3CCCCC3OC2=O)CC1=O)NC1C=CC=CC1,2,182,B2AR,"7-eonmol (Pocket2Mol 等变图神经网络 + 口袋引导束搜索, GPCR 微调版)","7-eonmol_ft_gpcr_v2.pt — 本项目自训, 经两轮 A/B(种子 2024/2025)晋级; 基线为 ICML 2022 官方权重",7-eonmol-competition-submission,2024,B2AR_20260927_002520,
C0183,赛道 3 · 离子通道/GPCR 小分子药物虚拟筛选 · 子任务 2,CCCC(OC1CCC(Cc2c(C)cccc2O)C1)n1c(=O)[nH]c(=O)c2c(CC)cccc21,outputs/results_b2ar_final/structures/cand183_mol_4a1af389_241f39a446af.sdf,1.112,0.506,3.944,0.255,-10.41,B,,,450.58,4.993,84.32,-6.29,2.0,4.0,8,4.0,0,2,,,O=c1[nH]c(=O)n(COC2CCC(Cc3ccccc3)C2)c2ccccc12,2,183,B2AR,"7-eonmol (Pocket2Mol 等变图神经网络 + 口袋引导束搜索, GPCR 微调版)","7-eonmol_ft_gpcr_v2.pt — 本项目自训, 经两轮 A/B(种子 2024/2025)晋级; 基线为 ICML 2022 官方权重",7-eonmol-competition-submission,2024,B2AR_20260927_002520,
C0184,赛道 3 · 离子通道/GPCR 小分子药物虚拟筛选 · 子任务 2,O=c1nc(N2CCc3[nH]ccc3C2)c(F)c2n1CCCN2c1ccc2ccccc2c1,outputs/results_b2ar_final/structures/cand184_mol_11fe4551_af396292dfc1.sdf,1.228,0.538,3.109,0.316,-10.33,A,,,415.47,3.968,57.16,-5.51,1.0,4.0,2,6.0,0,0,,,O=c1nc(N2CCc3[nH]ccc3C2)cc2n1CCCN2c1ccc2ccccc2c1,1,184,B2AR,"7-eonmol (Pocket2Mol 等变图神经网络 + 口袋引导束搜索, GPCR 微调版)","7-eonmol_ft_gpcr_v2.pt — 本项目自训, 经两轮 A/B(种子 2024/2025)晋级; 基线为 ICML 2022 官方权重",7-eonmol-competition-submission,2024,B2AR_20260927_002520,
C0185,赛道 3 · 离子通道/GPCR 小分子药物虚拟筛选 · 子任务 2,COc1cccc(CC(=O)Nc2ccccc2C(=O)NC2=C3CCN(C)C=C3C=C2CCCO)c1C,outputs/results_b2ar_final/structures/cand185_mol_4484faa6_33344d44c932.sdf,1.187,0.495,3.087,0.301,-10.33,B,,,487.6,4.101,90.9,-5.79,3.0,5.0,9,4.0,0,2,,,O=C(Cc1ccccc1)Nc1ccccc1C(=O)NC1=C2CCNC=C2C=C1,1,185,B2AR,"7-eonmol (Pocket2Mol 等变图神经网络 + 口袋引导束搜索, GPCR 微调版)","7-eonmol_ft_gpcr_v2.pt — 本项目自训, 经两轮 A/B(种子 2024/2025)晋级; 基线为 ICML 2022 官方权重",7-eonmol-competition-submission,2024,B2AR_20260927_002520,
C0186,赛道 3 · 离子通道/GPCR 小分子药物虚拟筛选 · 子任务 2,CCC1Cn2c(c(F)c(N3CCCCC3)nc2=O)N1c1ccc2ccccc2c1,outputs/results_b2ar_final/structures/cand186_mol_25db0ab8_8d5bdecf88b1.sdf,1.336,0.66,3.238,0.339,-10.31,A,,,392.48,4.456,41.37,-5.66,0.0,4.0,3,5.0,0,0,,,O=c1nc(N2CCCCC2)cc2n1CCN2c1ccc2ccccc2c1,1,186,B2AR,"7-eonmol (Pocket2Mol 等变图神经网络 + 口袋引导束搜索, GPCR 微调版)","7-eonmol_ft_gpcr_v2.pt — 本项目自训, 经两轮 A/B(种子 2024/2025)晋级; 基线为 ICML 2022 官方权重",7-eonmol-competition-submission,2024,B2AR_20260927_002520,
C0187,赛道 3 · 离子通道/GPCR 小分子药物虚拟筛选 · 子任务 2,CC1CC(F)=C2N1CC1OC(O)C=C3c4cc5ccccc5cc4N2N31,outputs/results_b2ar_final/structures/cand187_mol_08b8ede7_6cc468483b06.sdf,1.323,0.789,4.663,0.268,-10.3,C,,,351.38,3.139,39.18,-4.43,1.0,5.0,0,6.0,0,3,,,C1=C2N(CC1)CC1OCC=C3c4cc5ccccc5cc4N2N31,1,187,B2AR,"7-eonmol (Pocket2Mol 等变图神经网络 + 口袋引导束搜索, GPCR 微调版)","7-eonmol_ft_gpcr_v2.pt — 本项目自训, 经两轮 A/B(种子 2024/2025)晋级; 基线为 ICML 2022 官方权重",7-eonmol-competition-submission,2024,B2AR_20260927_002520,ADMET 分级 C(风险较高)
C0188,赛道 3 · 离子通道/GPCR 小分子药物虚拟筛选 · 子任务 2,CCc1cccc2c1c(=O)[nH]c(=O)n2CCC(=O)NCCc1ccccc1C,outputs/results_b2ar_final/structures/cand188_mol_3af3904d_59ff6200d3dd.sdf,1.433,0.661,2.276,0.387,-10.29,A,,,379.46,2.31,83.96,-3.9,2.0,3.0,7,3.0,0,0,,,O=C(CCn1c(=O)[nH]c(=O)c2ccccc21)NCCc1ccccc1,2,188,B2AR,"7-eonmol (Pocket2Mol 等变图神经网络 + 口袋引导束搜索, GPCR 微调版)","7-eonmol_ft_gpcr_v2.pt — 本项目自训, 经两轮 A/B(种子 2024/2025)晋级; 基线为 ICML 2022 官方权重",7-eonmol-competition-submission,2024,B2AR_20260927_002520,
C0189,赛道 3 · 离子通道/GPCR 小分子药物虚拟筛选 · 子任务 2,O=C1CCc2c(cc3c(c2O)CCc2ccccc2-3)N1,outputs/results_b2ar_final/structures/cand189_mol_5411799c_61c642e3a971.sdf,1.511,0.769,2.583,0.269,-10.25,A,,,265.31,3.043,49.33,-3.89,2.0,2.0,0,4.0,0,0,,,O=C1CCc2cc3c(cc2N1)-c1ccccc1CC3,1,189,B2AR,"7-eonmol (Pocket2Mol 等变图神经网络 + 口袋引导束搜索, GPCR 微调版)","7-eonmol_ft_gpcr_v2.pt — 本项目自训, 经两轮 A/B(种子 2024/2025)晋级; 基线为 ICML 2022 官方权重",7-eonmol-competition-submission,2024,B2AR_20260927_002520,
C0190,赛道 3 · 离子通道/GPCR 小分子药物虚拟筛选 · 子任务 2,CCCCC1CC2=C3Nc4cc(OC)ccc4-c4c3n(c(=O)[nH]c4=O)CC2C1C,outputs/results_b2ar_final/structures/cand190_mol_fe2f4ebc_53b9ebb67863.sdf,1.405,0.828,4.229,0.266,-10.25,B,,,393.49,3.825,76.12,-5.13,2.0,4.0,4,5.0,0,1,,,O=c1[nH]c(=O)n2c3c1-c1ccccc1NC3=C1CCCC1C2,1,190,B2AR,"7-eonmol (Pocket2Mol 等变图神经网络 + 口袋引导束搜索, GPCR 微调版)","7-eonmol_ft_gpcr_v2.pt — 本项目自训, 经两轮 A/B(种子 2024/2025)晋级; 基线为 ICML 2022 官方权重",7-eonmol-competition-submission,2024,B2AR_20260927_002520,
C0191,赛道 3 · 离子通道/GPCR 小分子药物虚拟筛选 · 子任务 2,O=C(O)C1=Cc2c(c(O)c3cccc4c3c2CCCCCCO4)CC1,outputs/results_b2ar_final/structures/cand191_mol_0f624263_ab03667e9a7b.sdf,1.469,0.806,3.366,0.258,-10.24,B,,,338.4,4.455,66.76,-5.31,2.0,3.0,1,4.0,0,1,,,C1=Cc2c(cc3cccc4c3c2CCCCCCO4)CC1,1,191,B2AR,"7-eonmol (Pocket2Mol 等变图神经网络 + 口袋引导束搜索, GPCR 微调版)","7-eonmol_ft_gpcr_v2.pt — 本项目自训, 经两轮 A/B(种子 2024/2025)晋级; 基线为 ICML 2022 官方权重",7-eonmol-competition-submission,2024,B2AR_20260927_002520,
C0192,赛道 3 · 离子通道/GPCR 小分子药物虚拟筛选 · 子任务 2,OCc1ccc(F)c(Oc2ccc(-c3ccccc3)cc2)c1,outputs/results_b2ar_final/structures/cand192_mol_4dcfd7d4_b41d119cd11f.sdf,1.583,0.75,1.677,0.375,-10.23,B,,,294.33,4.777,29.46,-5.35,1.0,2.0,4,3.0,0,1,,,c1ccc(Oc2ccc(-c3ccccc3)cc2)cc1,2,192,B2AR,"7-eonmol (Pocket2Mol 等变图神经网络 + 口袋引导束搜索, GPCR 微调版)","7-eonmol_ft_gpcr_v2.pt — 本项目自训, 经两轮 A/B(种子 2024/2025)晋级; 基线为 ICML 2022 官方权重",7-eonmol-competition-submission,2024,B2AR_20260927_002520,
C0193,赛道 3 · 离子通道/GPCR 小分子药物虚拟筛选 · 子任务 2,O=C1CCC(O)CN1CC1OCCC1c1ccc(COc2ccc(O)cc2)cc1,outputs/results_b2ar_final/structures/cand193_mol_d8f4b0af_b1fc6dc0b1b9.sdf,1.438,0.784,3.459,0.285,-10.23,B,,,397.47,2.827,79.23,-4.37,2.0,5.0,6,4.0,0,1,,,O=C1CCCCN1CC1OCCC1c1ccc(COc2ccccc2)cc1,2,193,B2AR,"7-eonmol (Pocket2Mol 等变图神经网络 + 口袋引导束搜索, GPCR 微调版)","7-eonmol_ft_gpcr_v2.pt — 本项目自训, 经两轮 A/B(种子 2024/2025)晋级; 基线为 ICML 2022 官方权重",7-eonmol-competition-submission,2024,B2AR_20260927_002520,
C0194,赛道 3 · 离子通道/GPCR 小分子药物虚拟筛选 · 子任务 2,O=C(Nc1cccc2c1OC(CCCC1=CC=C=C1)CC2)OC1CCCOC1,outputs/results_b2ar_final/structures/cand194_mol_794c5548_794c5548bc85.sdf,1.295,0.71,4.15,0.214,-10.23,B,,,381.47,4.929,56.79,-5.75,1.0,4.0,6,4.0,0,1,,,O=C(Nc1cccc2c1OC(CCCC1=CC=C=C1)CC2)OC1CCCOC1,1,194,B2AR,"7-eonmol (Pocket2Mol 等变图神经网络 + 口袋引导束搜索, GPCR 微调版)","7-eonmol_ft_gpcr_v2.pt — 本项目自训, 经两轮 A/B(种子 2024/2025)晋级; 基线为 ICML 2022 官方权重",7-eonmol-competition-submission,2024,B2AR_20260927_002520,
C0195,赛道 3 · 离子通道/GPCR 小分子药物虚拟筛选 · 子任务 2,O=C(CC1Oc2c(cccc2N2CC3CCCCC3OC2=O)CC1=O)NCc1cncnc1,outputs/results_b2ar_final/structures/cand195_mol_e961aa36_e961aa360164.sdf,1.346,0.745,3.996,0.247,-10.2,A,,,450.5,2.571,110.72,-4.52,1.0,7.0,5,5.0,0,0,,,O=C(CC1Oc2c(cccc2N2CC3CCCCC3OC2=O)CC1=O)NCc1cncnc1,2,195,B2AR,"7-eonmol (Pocket2Mol 等变图神经网络 + 口袋引导束搜索, GPCR 微调版)","7-eonmol_ft_gpcr_v2.pt — 本项目自训, 经两轮 A/B(种子 2024/2025)晋级; 基线为 ICML 2022 官方权重",7-eonmol-competition-submission,2024,B2AR_20260927_002520,
C0196,赛道 3 · 离子通道/GPCR 小分子药物虚拟筛选 · 子任务 2,CCOc1cc2c(c3c1CN1CCC(C1)O3)C1C=CC(=O)NC1c1cccc(C)c1-2,outputs/results_b2ar_final/structures/cand196_mol_ef73ed07_16d4ed9b43c4.sdf,1.306,0.829,5.231,0.257,-10.15,B,,,402.49,3.852,50.8,-5.24,1.0,4.0,2,6.0,0,2,,,O=C1C=CC2c3c(ccc4c3OC3CCN(C4)C3)-c3ccccc3C2N1,1,196,B2AR,"7-eonmol (Pocket2Mol 等变图神经网络 + 口袋引导束搜索, GPCR 微调版)","7-eonmol_ft_gpcr_v2.pt — 本项目自训, 经两轮 A/B(种子 2024/2025)晋级; 基线为 ICML 2022 官方权重",7-eonmol-competition-submission,2024,B2AR_20260927_002520,
C0197,赛道 3 · 离子通道/GPCR 小分子药物虚拟筛选 · 子任务 2,Cc1cc(O)cc2c1Oc1c(cccc1N1CC3CCCCC3OC1=O)C2,outputs/results_b2ar_final/structures/cand197_mol_36a1ad0d_bfb1be9564c8.sdf,1.303,0.665,3.623,0.255,-10.14,B,,,365.43,4.913,59.0,-5.83,1.0,4.0,1,5.0,0,1,,,O=C1OC2CCCCC2CN1c1cccc2c1Oc1ccccc1C2,3,197,B2AR,"7-eonmol (Pocket2Mol 等变图神经网络 + 口袋引导束搜索, GPCR 微调版)","7-eonmol_ft_gpcr_v2.pt — 本项目自训, 经两轮 A/B(种子 2024/2025)晋级; 基线为 ICML 2022 官方权重",7-eonmol-competition-submission,2024,B2AR_20260927_002520,
C0198,赛道 3 · 离子通道/GPCR 小分子药物虚拟筛选 · 子任务 2,O=C(NCc1cccc(Cl)c1)c1cccc(C=C(F)F)c1,outputs/results_b2ar_final/structures/cand198_mol_2bf025f7_45d0abcfc4d8.sdf,1.678,0.885,2.066,0.344,-10.08,B,,,307.73,4.507,29.1,-5.14,1.0,1.0,4,2.0,0,1,,,O=C(NCc1ccccc1)c1ccccc1,1,198,B2AR,"7-eonmol (Pocket2Mol 等变图神经网络 + 口袋引导束搜索, GPCR 微调版)","7-eonmol_ft_gpcr_v2.pt — 本项目自训, 经两轮 A/B(种子 2024/2025)晋级; 基线为 ICML 2022 官方权重",7-eonmol-competition-submission,2024,B2AR_20260927_002520,
C0199,赛道 3 · 离子通道/GPCR 小分子药物虚拟筛选 · 子任务 2,O=C1Cc2cccc(N3CC4CCCCC4OC3=O)c2OC1CC1CCCCN1,outputs/results_b2ar_final/structures/cand199_mol_ebaa9981_ebaa998133f8.sdf,1.419,0.843,4.239,0.216,-10.08,B,,,398.5,3.607,67.87,-4.95,1.0,5.0,3,5.0,0,1,,,O=C1Cc2cccc(N3CC4CCCCC4OC3=O)c2OC1CC1CCCCN1,2,199,B2AR,"7-eonmol (Pocket2Mol 等变图神经网络 + 口袋引导束搜索, GPCR 微调版)","7-eonmol_ft_gpcr_v2.pt — 本项目自训, 经两轮 A/B(种子 2024/2025)晋级; 基线为 ICML 2022 官方权重",7-eonmol-competition-submission,2024,B2AR_20260927_002520,
C0200,赛道 3 · 离子通道/GPCR 小分子药物虚拟筛选 · 子任务 2,COCC=C1C=CCN(CC2OCCC2c2ccc(COc3ccc(O)cc3)cc2)C1,outputs/results_b2ar_final/structures/cand200_mol_8c01389a_fb45952f0ade.sdf,1.313,0.689,3.764,0.287,-10.06,B,,,421.54,4.288,51.16,-5.55,1.0,5.0,8,4.0,0,2,,,C=C1C=CCN(CC2OCCC2c2ccc(COc3ccccc3)cc2)C1,1,200,B2AR,"7-eonmol (Pocket2Mol 等变图神经网络 + 口袋引导束搜索, GPCR 微调版)","7-eonmol_ft_gpcr_v2.pt — 本项目自训, 经两轮 A/B(种子 2024/2025)晋级; 基线为 ICML 2022 官方权重",7-eonmol-competition-submission,2024,B2AR_20260927_002520,
C0201,赛道 3 · 离子通道/GPCR 小分子药物虚拟筛选 · 子任务 2,COCC1CCc2c(cc3c(c2O)CCc2ccccc2-3)C1,outputs/results_b2ar_final/structures/cand201_mol_195b9108_40baa63ede62.sdf,1.606,0.91,3.04,0.265,-10.05,A,,,294.39,3.909,29.46,-4.65,1.0,2.0,2,4.0,0,0,,,c1ccc2c(c1)CCc1cc3c(cc1-2)CCCC3,2,201,B2AR,"7-eonmol (Pocket2Mol 等变图神经网络 + 口袋引导束搜索, GPCR 微调版)","7-eonmol_ft_gpcr_v2.pt — 本项目自训, 经两轮 A/B(种子 2024/2025)晋级; 基线为 ICML 2022 官方权重",7-eonmol-competition-submission,2024,B2AR_20260927_002520,
C0202,赛道 3 · 离子通道/GPCR 小分子药物虚拟筛选 · 子任务 2,CCc1cccc2c1c(=O)[nH]c(=O)n2CCC(=O)NCCc1ccccc1,outputs/results_b2ar_final/structures/cand202_mol_3af3904d_33fafc39a93f.sdf,1.455,0.672,2.163,0.369,-10.04,A,,,365.43,2.001,83.96,-3.59,2.0,3.0,7,3.0,0,0,,,O=C(CCn1c(=O)[nH]c(=O)c2ccccc21)NCCc1ccccc1,2,202,B2AR,"7-eonmol (Pocket2Mol 等变图神经网络 + 口袋引导束搜索, GPCR 微调版)","7-eonmol_ft_gpcr_v2.pt — 本项目自训, 经两轮 A/B(种子 2024/2025)晋级; 基线为 ICML 2022 官方权重",7-eonmol-competition-submission,2024,B2AR_20260927_002520,
C0203,赛道 3 · 离子通道/GPCR 小分子药物虚拟筛选 · 子任务 2,Oc1cccc2c1CCc1c-2cc2ccccc2c1O,outputs/results_b2ar_final/structures/cand203_mol_839a2b00_ef5c909db78e.sdf,1.412,0.642,2.306,0.33,-10.03,A,,,262.31,4.017,40.46,-4.66,2.0,2.0,0,4.0,0,0,,,c1ccc2c(c1)CCc1cc3ccccc3cc1-2,1,203,B2AR,"7-eonmol (Pocket2Mol 等变图神经网络 + 口袋引导束搜索, GPCR 微调版)","7-eonmol_ft_gpcr_v2.pt — 本项目自训, 经两轮 A/B(种子 2024/2025)晋级; 基线为 ICML 2022 官方权重",7-eonmol-competition-submission,2024,B2AR_20260927_002520,
C0204,赛道 3 · 离子通道/GPCR 小分子药物虚拟筛选 · 子任务 2,CC1CC(F)=C2N3CC(CN21)OCCNc1cc2ccccc2cc13,outputs/results_b2ar_final/structures/cand204_mol_acde8c59_6554aaaae364.sdf,1.279,0.792,5.129,0.246,-10.01,C,,,339.41,3.703,27.74,-4.78,1.0,4.0,0,5.0,0,3,,,C1=C2N(CC1)CC1CN2c2cc3ccccc3cc2NCCO1,1,204,B2AR,"7-eonmol (Pocket2Mol 等变图神经网络 + 口袋引导束搜索, GPCR 微调版)","7-eonmol_ft_gpcr_v2.pt — 本项目自训, 经两轮 A/B(种子 2024/2025)晋级; 基线为 ICML 2022 官方权重",7-eonmol-competition-submission,2024,B2AR_20260927_002520,ADMET 分级 C(风险较高)
C0205,赛道 3 · 离子通道/GPCR 小分子药物虚拟筛选 · 子任务 2,CC(C)N1CCN(CC2OCCC2c2ccc(COc3ccc(O)cc3)cc2)CC1,outputs/results_b2ar_final/structures/cand205_mol_9dc08dc7_5e591b266678.sdf,1.441,0.751,3.102,0.299,-9.99,B,,,410.56,3.87,45.17,-5.19,1.0,5.0,7,4.0,0,2,,,c1ccc(OCc2ccc(C3CCOC3CN3CCNCC3)cc2)cc1,2,205,B2AR,"7-eonmol (Pocket2Mol 等变图神经网络 + 口袋引导束搜索, GPCR 微调版)","7-eonmol_ft_gpcr_v2.pt — 本项目自训, 经两轮 A/B(种子 2024/2025)晋级; 基线为 ICML 2022 官方权重",7-eonmol-competition-submission,2024,B2AR_20260927_002520,
C0206,赛道 3 · 离子通道/GPCR 小分子药物虚拟筛选 · 子任务 2,NCC(=O)CCCC1=CCc2c(cc3c4c2C(F)(F)C(O)=CN4CC(=O)N3)O1,outputs/results_b2ar_final/structures/cand206_mol_7f2c75df_a0805d60b67b.sdf,1.302,0.712,4.107,0.217,-9.98,A,,,391.37,2.467,104.89,-4.01,3.0,6.0,5,4.0,0,0,,,O=C1CN2C=CCc3c4c(cc(c32)N1)OC=CC4,1,206,B2AR,"7-eonmol (Pocket2Mol 等变图神经网络 + 口袋引导束搜索, GPCR 微调版)","7-eonmol_ft_gpcr_v2.pt — 本项目自训, 经两轮 A/B(种子 2024/2025)晋级; 基线为 ICML 2022 官方权重",7-eonmol-competition-submission,2024,B2AR_20260927_002520,
C0207,赛道 3 · 离子通道/GPCR 小分子药物虚拟筛选 · 子任务 2,O=C1OC2CCCCC2CN1c1cccc2c1Oc1ccc(O)cc1C2,outputs/results_b2ar_final/structures/cand207_mol_36a1ad0d_31a334c9d199.sdf,1.348,0.696,3.476,0.248,-9.92,B,,,351.4,4.604,59.0,-5.52,1.0,4.0,1,5.0,0,1,,,O=C1OC2CCCCC2CN1c1cccc2c1Oc1ccccc1C2,3,207,B2AR,"7-eonmol (Pocket2Mol 等变图神经网络 + 口袋引导束搜索, GPCR 微调版)","7-eonmol_ft_gpcr_v2.pt — 本项目自训, 经两轮 A/B(种子 2024/2025)晋级; 基线为 ICML 2022 官方权重",7-eonmol-competition-submission,2024,B2AR_20260927_002520,
C0208,赛道 3 · 离子通道/GPCR 小分子药物虚拟筛选 · 子任务 2,Oc1ccc(OCc2ccc(C3CCOC3CN3CCCCC3)cc2)cc1,outputs/results_b2ar_final/structures/cand208_mol_7d2abc75_5c61dfc4de22.sdf,1.529,0.825,2.963,0.345,-9.83,B,,,367.49,4.33,41.93,-5.3,1.0,4.0,6,4.0,0,2,,,c1ccc(OCc2ccc(C3CCOC3CN3CCCCC3)cc2)cc1,1,208,B2AR,"7-eonmol (Pocket2Mol 等变图神经网络 + 口袋引导束搜索, GPCR 微调版)","7-eonmol_ft_gpcr_v2.pt — 本项目自训, 经两轮 A/B(种子 2024/2025)晋级; 基线为 ICML 2022 官方权重",7-eonmol-competition-submission,2024,B2AR_20260927_002520,
C0209,赛道 3 · 离子通道/GPCR 小分子药物虚拟筛选 · 子任务 2,O=C(Nc1cccc2c1OC(CC1CCNCC1)CC2)OC1CCCOC1,outputs/results_b2ar_final/structures/cand209_mol_1b0a8ab8_1b0a8ab85e8f.sdf,1.49,0.844,3.543,0.209,-9.81,B,,,374.48,3.497,68.82,-4.7,2.0,5.0,4,4.0,0,1,,,O=C(Nc1cccc2c1OC(CC1CCNCC1)CC2)OC1CCCOC1,1,209,B2AR,"7-eonmol (Pocket2Mol 等变图神经网络 + 口袋引导束搜索, GPCR 微调版)","7-eonmol_ft_gpcr_v2.pt — 本项目自训, 经两轮 A/B(种子 2024/2025)晋级; 基线为 ICML 2022 官方权重",7-eonmol-competition-submission,2024,B2AR_20260927_002520,
C0210,赛道 3 · 离子通道/GPCR 小分子药物虚拟筛选 · 子任务 2,NC(=O)c1ccc2c(c1)Oc1ccccc1OC1OCCNC21,outputs/results_b2ar_final/structures/cand210_mol_95c6adbf_adad95029d73.sdf,1.504,0.841,3.366,0.265,-9.8,A,,,312.33,1.957,82.81,-3.33,2.0,5.0,1,4.0,0,0,,,c1ccc2c(c1)Oc1ccccc1C1NCCOC1O2,1,210,B2AR,"7-eonmol (Pocket2Mol 等变图神经网络 + 口袋引导束搜索, GPCR 微调版)","7-eonmol_ft_gpcr_v2.pt — 本项目自训, 经两轮 A/B(种子 2024/2025)晋级; 基线为 ICML 2022 官方权重",7-eonmol-competition-submission,2024,B2AR_20260927_002520,
C0211,赛道 3 · 离子通道/GPCR 小分子药物虚拟筛选 · 子任务 2,CCCC(OC1CCC(Cc2ccccc2)C1)n1c(=O)[nH]c(=O)c2c(CC)cccc21,outputs/results_b2ar_final/structures/cand211_mol_4a1af389_cc3e7ef6bff3.sdf,1.192,0.559,3.669,0.302,-9.78,B,,,420.55,4.979,64.09,-6.1,1.0,3.0,8,4.0,0,2,,,O=c1[nH]c(=O)n(COC2CCC(Cc3ccccc3)C2)c2ccccc12,2,211,B2AR,"7-eonmol (Pocket2Mol 等变图神经网络 + 口袋引导束搜索, GPCR 微调版)","7-eonmol_ft_gpcr_v2.pt — 本项目自训, 经两轮 A/B(种子 2024/2025)晋级; 基线为 ICML 2022 官方权重",7-eonmol-competition-submission,2024,B2AR_20260927_002520,
C0212,赛道 3 · 离子通道/GPCR 小分子药物虚拟筛选 · 子任务 2,CC(COC1CCc2cc(O)cc3c2C1Cc1c(-c2ccccc2)c(=O)oc(=O)n1-3)OCCO,outputs/results_b2ar_final/structures/cand212_mol_00b98594_c24af6b78d03.sdf,1.132,0.552,4.197,0.272,-9.7,A,,,465.5,2.532,111.13,-4.6,2.0,7.0,7,5.0,0,0,,,O=c1oc(=O)n2c(c1-c1ccccc1)CC1CCCc3cccc-2c31,4,212,B2AR,"7-eonmol (Pocket2Mol 等变图神经网络 + 口袋引导束搜索, GPCR 微调版)","7-eonmol_ft_gpcr_v2.pt — 本项目自训, 经两轮 A/B(种子 2024/2025)晋级; 基线为 ICML 2022 官方权重",7-eonmol-competition-submission,2024,B2AR_20260927_002520,
C0213,赛道 3 · 离子通道/GPCR 小分子药物虚拟筛选 · 子任务 2,COc1cccc(-c2coc3c2CC2=C(C=C3)C3CC3(O)CC2)c1,outputs/results_b2ar_final/structures/cand213_mol_e3bc8054_6088cbe7a352.sdf,1.477,0.893,4.163,0.278,-9.68,B,,,320.39,4.366,42.6,-5.13,1.0,3.0,2,5.0,0,1,,,C1=Cc2occ(-c3ccccc3)c2CC2=C1C1CC1CC2,1,213,B2AR,"7-eonmol (Pocket2Mol 等变图神经网络 + 口袋引导束搜索, GPCR 微调版)","7-eonmol_ft_gpcr_v2.pt — 本项目自训, 经两轮 A/B(种子 2024/2025)晋级; 基线为 ICML 2022 官方权重",7-eonmol-competition-submission,2024,B2AR_20260927_002520,
C0214,赛道 3 · 离子通道/GPCR 小分子药物虚拟筛选 · 子任务 2,CCOc1cc2c(c3c1CN1CCC(C1)O3)CCc1cccc(C)c1-2,outputs/results_b2ar_final/structures/cand214_mol_584ef3d1_a2ce6d581e25.sdf,1.376,0.824,4.481,0.256,-9.66,B,,,335.45,4.126,21.7,-5.05,0.0,3.0,2,5.0,0,2,,,c1ccc2c(c1)CCc1c-2ccc2c1OC1CCN(C2)C1,1,214,B2AR,"7-eonmol (Pocket2Mol 等变图神经网络 + 口袋引导束搜索, GPCR 微调版)","7-eonmol_ft_gpcr_v2.pt — 本项目自训, 经两轮 A/B(种子 2024/2025)晋级; 基线为 ICML 2022 官方权重",7-eonmol-competition-submission,2024,B2AR_20260927_002520,
C0215,赛道 3 · 离子通道/GPCR 小分子药物虚拟筛选 · 子任务 2,O=C(O)C1=Cc2cccc3c(C(F)(F)F)ccc(c23)C1,outputs/results_b2ar_final/structures/cand215_mol_3457885c_3b135f21ff01.sdf,1.59,0.859,2.69,0.291,-9.55,B,,,278.23,3.883,37.3,-4.54,1.0,1.0,1,3.0,0,2,,,C1=Cc2cccc3cccc(c23)C1,1,215,B2AR,"7-eonmol (Pocket2Mol 等变图神经网络 + 口袋引导束搜索, GPCR 微调版)","7-eonmol_ft_gpcr_v2.pt — 本项目自训, 经两轮 A/B(种子 2024/2025)晋级; 基线为 ICML 2022 官方权重",7-eonmol-competition-submission,2024,B2AR_20260927_002520,
C0216,赛道 3 · 离子通道/GPCR 小分子药物虚拟筛选 · 子任务 2,COc1cccc(CCC(=O)CC(O)C2CCc3ccccc32)c1,outputs/results_b2ar_final/structures/cand216_mol_fe3490d3_25f8dc289ef2.sdf,1.546,0.845,2.986,0.358,-9.55,A,,,324.42,3.678,46.53,-4.54,1.0,3.0,7,3.0,0,0,,,O=C(CCc1ccccc1)CCC1CCc2ccccc21,2,216,B2AR,"7-eonmol (Pocket2Mol 等变图神经网络 + 口袋引导束搜索, GPCR 微调版)","7-eonmol_ft_gpcr_v2.pt — 本项目自训, 经两轮 A/B(种子 2024/2025)晋级; 基线为 ICML 2022 官方权重",7-eonmol-competition-submission,2024,B2AR_20260927_002520,
C0217,赛道 3 · 离子通道/GPCR 小分子药物虚拟筛选 · 子任务 2,COc1cc(-c2cccc(O)c2)cc2c1CN1CCCC1CO2,outputs/results_b2ar_final/structures/cand217_mol_c2803be0_a41067be4fb0.sdf,1.632,0.922,2.906,0.3,-9.5,B,,,311.38,3.425,41.93,-4.39,1.0,4.0,2,4.0,0,2,,,c1ccc(-c2ccc3c(c2)OCC2CCCN2C3)cc1,8,217,B2AR,"7-eonmol (Pocket2Mol 等变图神经网络 + 口袋引导束搜索, GPCR 微调版)","7-eonmol_ft_gpcr_v2.pt — 本项目自训, 经两轮 A/B(种子 2024/2025)晋级; 基线为 ICML 2022 官方权重",7-eonmol-competition-submission,2024,B2AR_20260927_002520,
C0218,赛道 3 · 离子通道/GPCR 小分子药物虚拟筛选 · 子任务 2,CCc1ccc2c3c1C(C(=O)O)CC1CCCC1C3OC1CC(F)CNC21,outputs/results_b2ar_final/structures/cand218_mol_025c5e06_3ab893c74b88.sdf,1.329,0.821,4.924,0.183,-9.5,B,,,373.47,4.05,58.56,-5.14,2.0,3.0,2,5.0,0,2,,,c1cc2c3c(c1)C1NCCCC1OC3C1CCCC1CC2,1,218,B2AR,"7-eonmol (Pocket2Mol 等变图神经网络 + 口袋引导束搜索, GPCR 微调版)","7-eonmol_ft_gpcr_v2.pt — 本项目自训, 经两轮 A/B(种子 2024/2025)晋级; 基线为 ICML 2022 官方权重",7-eonmol-competition-submission,2024,B2AR_20260927_002520,
C0219,赛道 3 · 离子通道/GPCR 小分子药物虚拟筛选 · 子任务 2,CCCC(OC1CCC(CCCC(N)=O)C1)n1c(=O)[nH]c(=O)c2c(CC)cccc21,outputs/results_b2ar_final/structures/cand219_mol_d85cf8c1_6719a2d8c23f.sdf,1.232,0.62,3.881,0.226,-9.5,A,,,415.53,3.392,107.18,-4.78,2.0,4.0,10,3.0,0,0,,,O=c1[nH]c(=O)n(COC2CCCC2)c2ccccc12,7,219,B2AR,"7-eonmol (Pocket2Mol 等变图神经网络 + 口袋引导束搜索, GPCR 微调版)","7-eonmol_ft_gpcr_v2.pt — 本项目自训, 经两轮 A/B(种子 2024/2025)晋级; 基线为 ICML 2022 官方权重",7-eonmol-competition-submission,2024,B2AR_20260927_002520,
C0220,赛道 3 · 离子通道/GPCR 小分子药物虚拟筛选 · 子任务 2,COc1cccc(-c2coc3c2CC2=C(C=C3)CCC(O)CC2)c1,outputs/results_b2ar_final/structures/cand220_mol_262441ed_4bfb2f242866.sdf,1.511,0.867,3.559,0.29,-9.49,B,,,322.4,4.756,42.6,-5.43,1.0,3.0,2,4.0,0,2,,,C1=Cc2occ(-c3ccccc3)c2CC2=C1CCCCC2,1,220,B2AR,"7-eonmol (Pocket2Mol 等变图神经网络 + 口袋引导束搜索, GPCR 微调版)","7-eonmol_ft_gpcr_v2.pt — 本项目自训, 经两轮 A/B(种子 2024/2025)晋级; 基线为 ICML 2022 官方权重",7-eonmol-competition-submission,2024,B2AR_20260927_002520,
C0221,赛道 3 · 离子通道/GPCR 小分子药物虚拟筛选 · 子任务 2,COc1cc(-c2ccccc2C)cc2c1CN1CCCC1CO2,outputs/results_b2ar_final/structures/cand221_mol_c2803be0_9b1250305dd2.sdf,1.554,0.836,2.818,0.286,-9.45,B,,,309.41,4.027,21.7,-4.83,0.0,3.0,2,4.0,0,2,,,c1ccc(-c2ccc3c(c2)OCC2CCCN2C3)cc1,8,221,B2AR,"7-eonmol (Pocket2Mol 等变图神经网络 + 口袋引导束搜索, GPCR 微调版)","7-eonmol_ft_gpcr_v2.pt — 本项目自训, 经两轮 A/B(种子 2024/2025)晋级; 基线为 ICML 2022 官方权重",7-eonmol-competition-submission,2024,B2AR_20260927_002520,
C0222,赛道 3 · 离子通道/GPCR 小分子药物虚拟筛选 · 子任务 2,O=C1Cc2cccc(N3C=C4OCCCC4OC3=O)c2OC1Cc1ccc(C2=NC=NC2)cc1,outputs/results_b2ar_final/structures/cand222_mol_c171d02a_c171d02aa7ca.sdf,1.255,0.7,4.451,0.236,-9.45,A,,,457.49,3.61,89.79,-5.35,0.0,7.0,4,6.0,0,0,,,O=C1Cc2cccc(N3C=C4OCCCC4OC3=O)c2OC1Cc1ccc(C2=NC=NC2)cc1,1,222,B2AR,"7-eonmol (Pocket2Mol 等变图神经网络 + 口袋引导束搜索, GPCR 微调版)","7-eonmol_ft_gpcr_v2.pt — 本项目自训, 经两轮 A/B(种子 2024/2025)晋级; 基线为 ICML 2022 官方权重",7-eonmol-competition-submission,2024,B2AR_20260927_002520,
C0223,赛道 3 · 离子通道/GPCR 小分子药物虚拟筛选 · 子任务 2,COc1cccc(CC(=O)Nc2ccccc2C(=O)O)c1C,outputs/results_b2ar_final/structures/cand223_mol_a330d199_367e7052117c.sdf,1.711,0.89,1.792,0.306,-9.44,A,,,299.33,2.883,75.63,-3.85,2.0,3.0,5,2.0,0,0,,,O=C(Cc1ccccc1)Nc1ccccc1,2,223,B2AR,"7-eonmol (Pocket2Mol 等变图神经网络 + 口袋引导束搜索, GPCR 微调版)","7-eonmol_ft_gpcr_v2.pt — 本项目自训, 经两轮 A/B(种子 2024/2025)晋级; 基线为 ICML 2022 官方权重",7-eonmol-competition-submission,2024,B2AR_20260927_002520,
C0224,赛道 3 · 离子通道/GPCR 小分子药物虚拟筛选 · 子任务 2,COc1ccc(C)c(-c2cc(OC)c3c(c2)OCC2CCCN2C3)c1,outputs/results_b2ar_final/structures/cand224_mol_c2803be0_1ef90c4a658c.sdf,1.556,0.845,2.886,0.306,-9.44,B,,,339.44,4.036,30.93,-4.99,0.0,4.0,3,4.0,0,2,,,c1ccc(-c2ccc3c(c2)OCC2CCCN2C3)cc1,8,224,B2AR,"7-eonmol (Pocket2Mol 等变图神经网络 + 口袋引导束搜索, GPCR 微调版)","7-eonmol_ft_gpcr_v2.pt — 本项目自训, 经两轮 A/B(种子 2024/2025)晋级; 基线为 ICML 2022 官方权重",7-eonmol-competition-submission,2024,B2AR_20260927_002520,
C0225,赛道 3 · 离子通道/GPCR 小分子药物虚拟筛选 · 子任务 2,O=C(CCc1cccc(CO)c1)CC(O)C1CCc2ccccc21,outputs/results_b2ar_final/structures/cand225_mol_fe3490d3_f8ce225b11f7.sdf,1.513,0.822,3.095,0.286,-9.44,A,,,324.42,3.162,57.53,-4.16,2.0,3.0,7,3.0,0,0,,,O=C(CCc1ccccc1)CCC1CCc2ccccc21,2,225,B2AR,"7-eonmol (Pocket2Mol 等变图神经网络 + 口袋引导束搜索, GPCR 微调版)","7-eonmol_ft_gpcr_v2.pt — 本项目自训, 经两轮 A/B(种子 2024/2025)晋级; 基线为 ICML 2022 官方权重",7-eonmol-competition-submission,2024,B2AR_20260927_002520,
C0226,赛道 3 · 离子通道/GPCR 小分子药物虚拟筛选 · 子任务 2,COc1cccc(CC(=O)NC2=C3CC=CC=C3C=C2)c1C,outputs/results_b2ar_final/structures/cand226_mol_565fb26a_561c9b9abe1b.sdf,1.626,0.924,2.985,0.255,-9.41,A,,,293.37,3.373,38.33,-4.11,1.0,2.0,4,3.0,0,0,,,O=C(Cc1ccccc1)NC1=C2CC=CC=C2C=C1,1,226,B2AR,"7-eonmol (Pocket2Mol 等变图神经网络 + 口袋引导束搜索, GPCR 微调版)","7-eonmol_ft_gpcr_v2.pt — 本项目自训, 经两轮 A/B(种子 2024/2025)晋级; 基线为 ICML 2022 官方权重",7-eonmol-competition-submission,2024,B2AR_20260927_002520,
C0227,赛道 3 · 离子通道/GPCR 小分子药物虚拟筛选 · 子任务 2,CC1C(O)C(F)=C2N(c3ccc4ccccc4c3)CCN21,outputs/results_b2ar_final/structures/cand227_mol_f7cb9d6f_de37653b0968.sdf,1.524,0.872,3.48,0.286,-9.38,B,,,284.33,2.863,26.71,-3.81,1.0,3.0,1,4.0,0,1,,,C1=C2N(CC1)CCN2c1ccc2ccccc2c1,1,227,B2AR,"7-eonmol (Pocket2Mol 等变图神经网络 + 口袋引导束搜索, GPCR 微调版)","7-eonmol_ft_gpcr_v2.pt — 本项目自训, 经两轮 A/B(种子 2024/2025)晋级; 基线为 ICML 2022 官方权重",7-eonmol-competition-submission,2024,B2AR_20260927_002520,
C0228,赛道 3 · 离子通道/GPCR 小分子药物虚拟筛选 · 子任务 2,COc1cc(-c2cccc(OCCC(=O)O)c2)cc2c1CN1CCCC1CO2,outputs/results_b2ar_final/structures/cand228_mol_c2803be0_0bd503d927cc.sdf,1.528,0.823,2.941,0.293,-9.37,C,,,383.44,3.573,68.23,-4.83,1.0,5.0,6,4.0,0,3,,,c1ccc(-c2ccc3c(c2)OCC2CCCN2C3)cc1,8,228,B2AR,"7-eonmol (Pocket2Mol 等变图神经网络 + 口袋引导束搜索, GPCR 微调版)","7-eonmol_ft_gpcr_v2.pt — 本项目自训, 经两轮 A/B(种子 2024/2025)晋级; 基线为 ICML 2022 官方权重",7-eonmol-competition-submission,2024,B2AR_20260927_002520,ADMET 分级 C(风险较高)
C0229,赛道 3 · 离子通道/GPCR 小分子药物虚拟筛选 · 子任务 2,Cc1cc(Oc2ccccc2)cc(C(=O)N2CCCC(C)C2)c1,outputs/results_b2ar_final/structures/cand229_mol_7f6fb67e_0e295c76fe65.sdf,1.596,0.825,2.29,0.336,-9.35,C,,,309.41,4.659,29.54,-5.27,0.0,2.0,3,3.0,0,3,,,O=C(c1cccc(Oc2ccccc2)c1)N1CCCCC1,1,229,B2AR,"7-eonmol (Pocket2Mol 等变图神经网络 + 口袋引导束搜索, GPCR 微调版)","7-eonmol_ft_gpcr_v2.pt — 本项目自训, 经两轮 A/B(种子 2024/2025)晋级; 基线为 ICML 2022 官方权重",7-eonmol-competition-submission,2024,B2AR_20260927_002520,ADMET 分级 C(风险较高)
C0230,赛道 3 · 离子通道/GPCR 小分子药物虚拟筛选 · 子任务 2,CCc1ccc2c3c1c(=O)[nH]c(=O)n3C1CCCC1N2,outputs/results_b2ar_final/structures/cand230_mol_bdfcb528_71ed3567a7fa.sdf,1.469,0.83,3.619,0.225,-9.35,B,,,271.32,1.771,66.89,-2.93,2.0,3.0,1,4.0,0,1,,,O=c1[nH]c(=O)n2c3c(cccc13)NC1CCCC12,1,230,B2AR,"7-eonmol (Pocket2Mol 等变图神经网络 + 口袋引导束搜索, GPCR 微调版)","7-eonmol_ft_gpcr_v2.pt — 本项目自训, 经两轮 A/B(种子 2024/2025)晋级; 基线为 ICML 2022 官方权重",7-eonmol-competition-submission,2024,B2AR_20260927_002520,
C0231,赛道 3 · 离子通道/GPCR 小分子药物虚拟筛选 · 子任务 2,CC1CCC2c3cc4c(c5c(=O)[nH]c(=O)n(c35)CC12)CCCC4,outputs/results_b2ar_final/structures/cand231_mol_3cdbf19d_3581ba203583.sdf,1.42,0.813,3.935,0.218,-9.35,A,,,310.4,2.712,54.86,-3.87,1.0,2.0,0,5.0,0,0,,,O=c1[nH]c(=O)n2c3c(cc4c(c13)CCCC4)C1CCCC1C2,2,231,B2AR,"7-eonmol (Pocket2Mol 等变图神经网络 + 口袋引导束搜索, GPCR 微调版)","7-eonmol_ft_gpcr_v2.pt — 本项目自训, 经两轮 A/B(种子 2024/2025)晋级; 基线为 ICML 2022 官方权重",7-eonmol-competition-submission,2024,B2AR_20260927_002520,
C0232,赛道 3 · 离子通道/GPCR 小分子药物虚拟筛选 · 子任务 2,COc1cc(-c2ccccc2)cc2c1CN1CCCC1CO2,outputs/results_b2ar_final/structures/cand232_mol_c2803be0_86a9fd8fdda2.sdf,1.571,0.843,2.72,0.315,-9.32,B,,,295.38,3.719,21.7,-4.52,0.0,3.0,2,4.0,0,2,,,c1ccc(-c2ccc3c(c2)OCC2CCCN2C3)cc1,8,232,B2AR,"7-eonmol (Pocket2Mol 等变图神经网络 + 口袋引导束搜索, GPCR 微调版)","7-eonmol_ft_gpcr_v2.pt — 本项目自训, 经两轮 A/B(种子 2024/2025)晋级; 基线为 ICML 2022 官方权重",7-eonmol-competition-submission,2024,B2AR_20260927_002520,
C0233,赛道 3 · 离子通道/GPCR 小分子药物虚拟筛选 · 子任务 2,COc1cccc(-c2cc(OC)c3c(c2)OCC2CCCN2C3)c1,outputs/results_b2ar_final/structures/cand233_mol_c2803be0_e617f32e1ec7.sdf,1.58,0.86,2.801,0.348,-9.29,B,,,325.41,3.728,30.93,-4.68,0.0,4.0,3,4.0,0,2,,,c1ccc(-c2ccc3c(c2)OCC2CCCN2C3)cc1,8,233,B2AR,"7-eonmol (Pocket2Mol 等变图神经网络 + 口袋引导束搜索, GPCR 微调版)","7-eonmol_ft_gpcr_v2.pt — 本项目自训, 经两轮 A/B(种子 2024/2025)晋级; 基线为 ICML 2022 官方权重",7-eonmol-competition-submission,2024,B2AR_20260927_002520,
C0234,赛道 3 · 离子通道/GPCR 小分子药物虚拟筛选 · 子任务 2,NC(=O)c1ccc2c(c1)Oc1ccccc1OC1OCCOC21,outputs/results_b2ar_final/structures/cand234_mol_f42840bf_f55f3d8e2a9d.sdf,1.542,0.874,3.323,0.254,-9.28,A,,,313.31,2.384,80.01,-3.66,1.0,5.0,1,4.0,0,0,,,c1ccc2c(c1)Oc1ccccc1C1OCCOC1O2,1,234,B2AR,"7-eonmol (Pocket2Mol 等变图神经网络 + 口袋引导束搜索, GPCR 微调版)","7-eonmol_ft_gpcr_v2.pt — 本项目自训, 经两轮 A/B(种子 2024/2025)晋级; 基线为 ICML 2022 官方权重",7-eonmol-competition-submission,2024,B2AR_20260927_002520,
C0235,赛道 3 · 离子通道/GPCR 小分子药物虚拟筛选 · 子任务 2,CCc1cccc2c1c(=O)[nH]c(=O)n2C(CC)OC1CCC(CC(C)C)C1,outputs/results_b2ar_final/structures/cand235_mol_d85cf8c1_3121fc298edb.sdf,1.398,0.784,3.853,0.217,-9.27,A,,,372.51,4.392,64.09,-5.33,1.0,3.0,7,3.0,0,0,,,O=c1[nH]c(=O)n(COC2CCCC2)c2ccccc12,7,235,B2AR,"7-eonmol (Pocket2Mol 等变图神经网络 + 口袋引导束搜索, GPCR 微调版)","7-eonmol_ft_gpcr_v2.pt — 本项目自训, 经两轮 A/B(种子 2024/2025)晋级; 基线为 ICML 2022 官方权重",7-eonmol-competition-submission,2024,B2AR_20260927_002520,
C0236,赛道 3 · 离子通道/GPCR 小分子药物虚拟筛选 · 子任务 2,Oc1ccc(OCc2ccc(C3CCOC3)cc2)cc1,outputs/results_b2ar_final/structures/cand236_mol_67758986_71630853ce2a.sdf,1.689,0.924,2.347,0.272,-9.21,A,,,270.33,3.475,38.69,-4.15,1.0,3.0,4,3.0,0,0,,,c1ccc(OCc2ccc(C3CCOC3)cc2)cc1,1,236,B2AR,"7-eonmol (Pocket2Mol 等变图神经网络 + 口袋引导束搜索, GPCR 微调版)","7-eonmol_ft_gpcr_v2.pt — 本项目自训, 经两轮 A/B(种子 2024/2025)晋级; 基线为 ICML 2022 官方权重",7-eonmol-competition-submission,2024,B2AR_20260927_002520,
C0237,赛道 3 · 离子通道/GPCR 小分子药物虚拟筛选 · 子任务 2,CCCC(OC1CCC(CC(C)C)C1)n1c(=O)[nH]c(=O)c2c(CC)cccc21,outputs/results_b2ar_final/structures/cand237_mol_d85cf8c1_33affbcc51f8.sdf,1.323,0.71,3.868,0.221,-9.21,B,,,386.54,4.782,64.09,-5.68,1.0,3.0,8,3.0,0,1,,,O=c1[nH]c(=O)n(COC2CCCC2)c2ccccc12,7,237,B2AR,"7-eonmol (Pocket2Mol 等变图神经网络 + 口袋引导束搜索, GPCR 微调版)","7-eonmol_ft_gpcr_v2.pt — 本项目自训, 经两轮 A/B(种子 2024/2025)晋级; 基线为 ICML 2022 官方权重",7-eonmol-competition-submission,2024,B2AR_20260927_002520,
C0238,赛道 3 · 离子通道/GPCR 小分子药物虚拟筛选 · 子任务 2,COc1cccc(-c2coc3c2CC(CC(O)CO)=CC=C3)c1,outputs/results_b2ar_final/structures/cand238_mol_635e1892_6f8b8c164a8a.sdf,1.535,0.89,3.545,0.248,-9.19,B,,,312.36,3.194,62.83,-4.14,2.0,4.0,5,3.0,0,1,,,C1=CCc2c(-c3ccccc3)coc2C=C1,1,238,B2AR,"7-eonmol (Pocket2Mol 等变图神经网络 + 口袋引导束搜索, GPCR 微调版)","7-eonmol_ft_gpcr_v2.pt — 本项目自训, 经两轮 A/B(种子 2024/2025)晋级; 基线为 ICML 2022 官方权重",7-eonmol-competition-submission,2024,B2AR_20260927_002520,
C0239,赛道 3 · 离子通道/GPCR 小分子药物虚拟筛选 · 子任务 2,O=C1OC2CCCCC2CN1c1cccc2c1OCC(O)C2,outputs/results_b2ar_final/structures/cand239_mol_36ca7861_403a693cb3be.sdf,1.491,0.866,3.749,0.253,-9.17,A,,,303.36,2.498,59.0,-3.59,1.0,4.0,1,4.0,0,0,,,O=C1OC2CCCCC2CN1c1cccc2c1OCCC2,2,239,B2AR,"7-eonmol (Pocket2Mol 等变图神经网络 + 口袋引导束搜索, GPCR 微调版)","7-eonmol_ft_gpcr_v2.pt — 本项目自训, 经两轮 A/B(种子 2024/2025)晋级; 基线为 ICML 2022 官方权重",7-eonmol-competition-submission,2024,B2AR_20260927_002520,
C0240,赛道 3 · 离子通道/GPCR 小分子药物虚拟筛选 · 子任务 2,CC1CN(C(=O)c2ccccc2)C2c3cc4c(c5c(=O)[nH]c(=O)n(c35)CC12)CCCC4,outputs/results_b2ar_final/structures/cand240_mol_fd7961c2_9a2a27480554.sdf,1.275,0.664,3.886,0.263,-9.17,B,,,415.49,3.032,75.17,-4.78,1.0,3.0,1,6.0,0,2,,,O=C(c1ccccc1)N1CCC2Cn3c(=O)[nH]c(=O)c4c5c(cc(c43)C21)CCCC5,2,240,B2AR,"7-eonmol (Pocket2Mol 等变图神经网络 + 口袋引导束搜索, GPCR 微调版)","7-eonmol_ft_gpcr_v2.pt — 本项目自训, 经两轮 A/B(种子 2024/2025)晋级; 基线为 ICML 2022 官方权重",7-eonmol-competition-submission,2024,B2AR_20260927_002520,
C0241,赛道 3 · 离子通道/GPCR 小分子药物虚拟筛选 · 子任务 2,COc1cc(-c2cc(O)ccc2C)cc2c1CN1CCCC1CO2,outputs/results_b2ar_final/structures/cand241_mol_c2803be0_04717e70ec23.sdf,1.615,0.913,2.988,0.282,-9.16,B,,,325.41,3.733,41.93,-4.7,1.0,4.0,2,4.0,0,2,,,c1ccc(-c2ccc3c(c2)OCC2CCCN2C3)cc1,8,241,B2AR,"7-eonmol (Pocket2Mol 等变图神经网络 + 口袋引导束搜索, GPCR 微调版)","7-eonmol_ft_gpcr_v2.pt — 本项目自训, 经两轮 A/B(种子 2024/2025)晋级; 基线为 ICML 2022 官方权重",7-eonmol-competition-submission,2024,B2AR_20260927_002520,
C0242,赛道 3 · 离子通道/GPCR 小分子药物虚拟筛选 · 子任务 2,O=C1CCOc2cccc3c(O)c4c(cc23)C(=C(C(=O)O)CC4)NCCCCCCN1,outputs/results_b2ar_final/structures/cand242_mol_3bd9596c_a490c3a487fb.sdf,1.132,0.559,4.276,0.273,-9.12,B,,,424.5,3.336,107.89,-5.0,4.0,5.0,1,4.0,0,2,,,O=C1CCOc2cccc3cc4c(cc23)C(=CCC4)NCCCCCCN1,1,242,B2AR,"7-eonmol (Pocket2Mol 等变图神经网络 + 口袋引导束搜索, GPCR 微调版)","7-eonmol_ft_gpcr_v2.pt — 本项目自训, 经两轮 A/B(种子 2024/2025)晋级; 基线为 ICML 2022 官方权重",7-eonmol-competition-submission,2024,B2AR_20260927_002520,
C0243,赛道 3 · 离子通道/GPCR 小分子药物虚拟筛选 · 子任务 2,Oc1cc(Oc2ccccc2F)ccc1-c1ccc(F)cn1,outputs/results_b2ar_final/structures/cand243_mol_8967ddca_a49d5854ab94.sdf,1.567,0.773,2.061,0.348,-9.11,B,,,299.28,4.525,42.35,-5.21,1.0,3.0,3,3.0,0,2,,,c1ccc(Oc2ccc(-c3ccccn3)cc2)cc1,1,243,B2AR,"7-eonmol (Pocket2Mol 等变图神经网络 + 口袋引导束搜索, GPCR 微调版)","7-eonmol_ft_gpcr_v2.pt — 本项目自训, 经两轮 A/B(种子 2024/2025)晋级; 基线为 ICML 2022 官方权重",7-eonmol-competition-submission,2024,B2AR_20260927_002520,
C0244,赛道 3 · 离子通道/GPCR 小分子药物虚拟筛选 · 子任务 2,CCCC(CC)CC1Oc2c(cccc2NC(=O)OC2CCCOC2)CC1=O,outputs/results_b2ar_final/structures/cand244_mol_46335015_4bc8cd7a7d6c.sdf,1.353,0.743,3.898,0.233,-9.11,B,,,389.49,4.503,73.86,-5.47,1.0,5.0,7,3.0,0,1,,,O=C1COc2c(cccc2NC(=O)OC2CCCOC2)C1,1,244,B2AR,"7-eonmol (Pocket2Mol 等变图神经网络 + 口袋引导束搜索, GPCR 微调版)","7-eonmol_ft_gpcr_v2.pt — 本项目自训, 经两轮 A/B(种子 2024/2025)晋级; 基线为 ICML 2022 官方权重",7-eonmol-competition-submission,2024,B2AR_20260927_002520,
C0245,赛道 3 · 离子通道/GPCR 小分子药物虚拟筛选 · 子任务 2,O=C(Nc1cccc2c1OCC(O)C2O)OC1CCCOC1,outputs/results_b2ar_final/structures/cand245_mol_212eb71f_fa33f8d5fdc7.sdf,1.393,0.759,3.659,0.211,-9.09,A,,,309.32,1.201,97.25,-2.64,3.0,6.0,2,3.0,0,0,,,O=C(Nc1cccc2c1OCCC2)OC1CCCOC1,2,245,B2AR,"7-eonmol (Pocket2Mol 等变图神经网络 + 口袋引导束搜索, GPCR 微调版)","7-eonmol_ft_gpcr_v2.pt — 本项目自训, 经两轮 A/B(种子 2024/2025)晋级; 基线为 ICML 2022 官方权重",7-eonmol-competition-submission,2024,B2AR_20260927_002520,
C0246,赛道 3 · 离子通道/GPCR 小分子药物虚拟筛选 · 子任务 2,CCc1ccc2c3c1C(C(=O)O)CC(O)C(C)C3OC1CCCCC21,outputs/results_b2ar_final/structures/cand246_mol_d580159c_b5daddbd7829.sdf,1.411,0.853,4.419,0.197,-9.07,B,,,344.45,3.915,66.76,-4.87,2.0,3.0,2,4.0,0,1,,,c1cc2c3c(c1)C1CCCCC1OC3CCCC2,1,246,B2AR,"7-eonmol (Pocket2Mol 等变图神经网络 + 口袋引导束搜索, GPCR 微调版)","7-eonmol_ft_gpcr_v2.pt — 本项目自训, 经两轮 A/B(种子 2024/2025)晋级; 基线为 ICML 2022 官方权重",7-eonmol-competition-submission,2024,B2AR_20260927_002520,
C0247,赛道 3 · 离子通道/GPCR 小分子药物虚拟筛选 · 子任务 2,CCOc1cc(-c2ccccc2C)cc2c1CNC1CC1O2,outputs/results_b2ar_final/structures/cand247_mol_72cd077f_9eee21a2f1d9.sdf,1.604,0.937,3.33,0.265,-9.01,B,,,295.38,3.684,30.49,-4.47,1.0,3.0,3,4.0,0,2,,,c1ccc(-c2ccc3c(c2)OC2CC2NC3)cc1,1,247,B2AR,"7-eonmol (Pocket2Mol 等变图神经网络 + 口袋引导束搜索, GPCR 微调版)","7-eonmol_ft_gpcr_v2.pt — 本项目自训, 经两轮 A/B(种子 2024/2025)晋级; 基线为 ICML 2022 官方权重",7-eonmol-competition-submission,2024,B2AR_20260927_002520,
C0248,赛道 3 · 离子通道/GPCR 小分子药物虚拟筛选 · 子任务 2,CCc1cccc2c1c(=O)[nH]c(=O)n2CCC(=O)NCCC(C)C,outputs/results_b2ar_final/structures/cand248_mol_6f58dfa6_21938799a89f.sdf,1.579,0.811,2.327,0.27,-9.0,A,,,331.42,1.805,83.96,-3.17,2.0,3.0,7,2.0,0,0,,,O=c1[nH]c(=O)c2ccccc2[nH]1,1,248,B2AR,"7-eonmol (Pocket2Mol 等变图神经网络 + 口袋引导束搜索, GPCR 微调版)","7-eonmol_ft_gpcr_v2.pt — 本项目自训, 经两轮 A/B(种子 2024/2025)晋级; 基线为 ICML 2022 官方权重",7-eonmol-competition-submission,2024,B2AR_20260927_002520,
C0249,赛道 3 · 离子通道/GPCR 小分子药物虚拟筛选 · 子任务 2,O=C1OC2CCCCC2CN1c1cccc2c1OCC(O)C2O,outputs/results_b2ar_final/structures/cand249_mol_36ca7861_b08cd8f8133e.sdf,1.43,0.827,3.972,0.247,-8.98,A,,,319.36,1.989,79.23,-3.31,2.0,5.0,1,4.0,0,0,,,O=C1OC2CCCCC2CN1c1cccc2c1OCCC2,2,249,B2AR,"7-eonmol (Pocket2Mol 等变图神经网络 + 口袋引导束搜索, GPCR 微调版)","7-eonmol_ft_gpcr_v2.pt — 本项目自训, 经两轮 A/B(种子 2024/2025)晋级; 基线为 ICML 2022 官方权重",7-eonmol-competition-submission,2024,B2AR_20260927_002520,
C0250,赛道 3 · 离子通道/GPCR 小分子药物虚拟筛选 · 子任务 2,CCCC(OC1CCC(CCC(N)=O)C1)n1c(=O)[nH]c(=O)c2c(CC)cccc21,outputs/results_b2ar_final/structures/cand250_mol_d85cf8c1_cc437cdbdd33.sdf,1.287,0.673,3.859,0.231,-8.96,A,,,401.51,3.002,107.18,-4.43,2.0,4.0,9,3.0,0,0,,,O=c1[nH]c(=O)n(COC2CCCC2)c2ccccc12,7,250,B2AR,"7-eonmol (Pocket2Mol 等变图神经网络 + 口袋引导束搜索, GPCR 微调版)","7-eonmol_ft_gpcr_v2.pt — 本项目自训, 经两轮 A/B(种子 2024/2025)晋级; 基线为 ICML 2022 官方权重",7-eonmol-competition-submission,2024,B2AR_20260927_002520,
C0251,赛道 3 · 离子通道/GPCR 小分子药物虚拟筛选 · 子任务 2,O=C(Nc1cccc2c1OCC(O)C2=O)OC1CCCOC1,outputs/results_b2ar_final/structures/cand251_mol_1d46c5a5_05a757e736a5.sdf,1.505,0.856,3.513,0.235,-8.94,A,,,307.3,1.35,94.09,-2.74,2.0,6.0,2,3.0,0,0,,,O=C(Nc1cccc2c1OCCC2=O)OC1CCCOC1,1,251,B2AR,"7-eonmol (Pocket2Mol 等变图神经网络 + 口袋引导束搜索, GPCR 微调版)","7-eonmol_ft_gpcr_v2.pt — 本项目自训, 经两轮 A/B(种子 2024/2025)晋级; 基线为 ICML 2022 官方权重",7-eonmol-competition-submission,2024,B2AR_20260927_002520,
C0252,赛道 3 · 离子通道/GPCR 小分子药物虚拟筛选 · 子任务 2,CC(COC1CCc2cc(O)cc3c2C1Cc1c(-c2ccccc2)c(=O)oc(=O)n1-3)OCC(=O)O,outputs/results_b2ar_final/structures/cand252_mol_00b98594_d157c8adc014.sdf,1.11,0.529,4.194,0.258,-8.94,A,,,479.49,2.624,128.2,-4.75,2.0,7.0,7,5.0,0,0,,,O=c1oc(=O)n2c(c1-c1ccccc1)CC1CCCc3cccc-2c31,4,252,B2AR,"7-eonmol (Pocket2Mol 等变图神经网络 + 口袋引导束搜索, GPCR 微调版)","7-eonmol_ft_gpcr_v2.pt — 本项目自训, 经两轮 A/B(种子 2024/2025)晋级; 基线为 ICML 2022 官方权重",7-eonmol-competition-submission,2024,B2AR_20260927_002520,
C0253,赛道 3 · 离子通道/GPCR 小分子药物虚拟筛选 · 子任务 2,CC(OCCO)C(=O)OC1CCc2cc(O)cc3c2C1Cc1c(-c2ccccc2)c(=O)oc(=O)n1-3,outputs/results_b2ar_final/structures/cand253_mol_00b98594_03b39d43afac.sdf,1.097,0.514,4.175,0.26,-8.9,A,,,479.49,2.058,128.2,-4.35,2.0,8.0,6,5.0,0,0,,,O=c1oc(=O)n2c(c1-c1ccccc1)CC1CCCc3cccc-2c31,4,253,B2AR,"7-eonmol (Pocket2Mol 等变图神经网络 + 口袋引导束搜索, GPCR 微调版)","7-eonmol_ft_gpcr_v2.pt — 本项目自训, 经两轮 A/B(种子 2024/2025)晋级; 基线为 ICML 2022 官方权重",7-eonmol-competition-submission,2024,B2AR_20260927_002520,
C0254,赛道 3 · 离子通道/GPCR 小分子药物虚拟筛选 · 子任务 2,Oc1ccc(OCc2ccc(C(F)(F)F)cc2)cc1,outputs/results_b2ar_final/structures/cand254_mol_9859f46c_25cab71a79de.sdf,1.747,0.912,1.645,0.354,-8.87,B,,,268.23,3.99,29.46,-4.55,1.0,2.0,3,2.0,0,1,,,c1ccc(COc2ccccc2)cc1,1,254,B2AR,"7-eonmol (Pocket2Mol 等变图神经网络 + 口袋引导束搜索, GPCR 微调版)","7-eonmol_ft_gpcr_v2.pt — 本项目自训, 经两轮 A/B(种子 2024/2025)晋级; 基线为 ICML 2022 官方权重",7-eonmol-competition-submission,2024,B2AR_20260927_002520,
C0255,赛道 3 · 离子通道/GPCR 小分子药物虚拟筛选 · 子任务 2,CCCCc1ccc(OC)cc1NC(=O)c1cccc(O)c1,outputs/results_b2ar_final/structures/cand255_mol_071397bc_4c469174f2f9.sdf,1.663,0.847,1.845,0.37,-8.84,A,,,299.37,3.996,58.56,-4.66,2.0,3.0,6,2.0,0,0,,,O=C(Nc1ccccc1)c1ccccc1,1,255,B2AR,"7-eonmol (Pocket2Mol 等变图神经网络 + 口袋引导束搜索, GPCR 微调版)","7-eonmol_ft_gpcr_v2.pt — 本项目自训, 经两轮 A/B(种子 2024/2025)晋级; 基线为 ICML 2022 官方权重",7-eonmol-competition-submission,2024,B2AR_20260927_002520,
C0256,赛道 3 · 离子通道/GPCR 小分子药物虚拟筛选 · 子任务 2,FC(F)(F)Oc1ccccc1Cc1ccccc1,outputs/results_b2ar_final/structures/cand256_mol_d17123e6_313ee510e2ec.sdf,1.628,0.796,1.682,0.306,-8.8,B,,,252.24,4.176,9.23,-4.6,0.0,1.0,3,2.0,0,1,,,c1ccc(Cc2ccccc2)cc1,1,256,B2AR,"7-eonmol (Pocket2Mol 等变图神经网络 + 口袋引导束搜索, GPCR 微调版)","7-eonmol_ft_gpcr_v2.pt — 本项目自训, 经两轮 A/B(种子 2024/2025)晋级; 基线为 ICML 2022 官方权重",7-eonmol-competition-submission,2024,B2AR_20260927_002520,
C0257,赛道 3 · 离子通道/GPCR 小分子药物虚拟筛选 · 子任务 2,Cc1cc(C(O)C(F)(F)F)cc2c1CCC(O)C2,outputs/results_b2ar_final/structures/cand257_mol_b0c8442c_7c6d968a8db7.sdf,1.464,0.814,3.496,0.181,-8.79,B,,,260.25,2.44,40.46,-3.29,2.0,2.0,1,2.0,0,1,,,c1ccc2c(c1)CCCC2,1,257,B2AR,"7-eonmol (Pocket2Mol 等变图神经网络 + 口袋引导束搜索, GPCR 微调版)","7-eonmol_ft_gpcr_v2.pt — 本项目自训, 经两轮 A/B(种子 2024/2025)晋级; 基线为 ICML 2022 官方权重",7-eonmol-competition-submission,2024,B2AR_20260927_002520,
C0258,赛道 3 · 离子通道/GPCR 小分子药物虚拟筛选 · 子任务 2,COc1cccc(CC(=O)Nc2ccccc2)c1C,outputs/results_b2ar_final/structures/cand258_mol_a330d199_80f13c3865d5.sdf,1.751,0.911,1.603,0.362,-8.77,A,,,255.32,3.185,38.33,-3.85,1.0,2.0,4,2.0,0,0,,,O=C(Cc1ccccc1)Nc1ccccc1,2,258,B2AR,"7-eonmol (Pocket2Mol 等变图神经网络 + 口袋引导束搜索, GPCR 微调版)","7-eonmol_ft_gpcr_v2.pt — 本项目自训, 经两轮 A/B(种子 2024/2025)晋级; 基线为 ICML 2022 官方权重",7-eonmol-competition-submission,2024,B2AR_20260927_002520,
C0259,赛道 3 · 离子通道/GPCR 小分子药物虚拟筛选 · 子任务 2,CCCC(OC1CCC(CC)C1)n1c(=O)[nH]c(=O)c2c(CC)cccc21,outputs/results_b2ar_final/structures/cand259_mol_d85cf8c1_a6f470a11ffa.sdf,1.429,0.809,3.791,0.218,-8.77,A,,,358.48,4.146,64.09,-5.06,1.0,3.0,7,3.0,0,0,,,O=c1[nH]c(=O)n(COC2CCCC2)c2ccccc12,7,259,B2AR,"7-eonmol (Pocket2Mol 等变图神经网络 + 口袋引导束搜索, GPCR 微调版)","7-eonmol_ft_gpcr_v2.pt — 本项目自训, 经两轮 A/B(种子 2024/2025)晋级; 基线为 ICML 2022 官方权重",7-eonmol-competition-submission,2024,B2AR_20260927_002520,
C0260,赛道 3 · 离子通道/GPCR 小分子药物虚拟筛选 · 子任务 2,O=C(O)c1cc(C(=O)N2CCCC2)cc2c1NCCCO2,outputs/results_b2ar_final/structures/cand260_mol_8e69690f_08da6466f3eb.sdf,1.624,0.868,2.446,0.248,-8.73,B,,,290.32,1.815,78.87,-2.98,2.0,4.0,2,3.0,0,1,,,O=C(c1ccc2c(c1)OCCCN2)N1CCCC1,1,260,B2AR,"7-eonmol (Pocket2Mol 等变图神经网络 + 口袋引导束搜索, GPCR 微调版)","7-eonmol_ft_gpcr_v2.pt — 本项目自训, 经两轮 A/B(种子 2024/2025)晋级; 基线为 ICML 2022 官方权重",7-eonmol-competition-submission,2024,B2AR_20260927_002520,
C0261,赛道 3 · 离子通道/GPCR 小分子药物虚拟筛选 · 子任务 2,CCCC(OC1CCC(CCCC(=O)O)C1)n1c(=O)[nH]c(=O)c2c(CC)cccc21,outputs/results_b2ar_final/structures/cand261_mol_d85cf8c1_3c09fa2e0299.sdf,1.226,0.61,3.834,0.235,-8.66,B,,,416.52,3.991,101.39,-5.23,2.0,4.0,10,3.0,0,1,,,O=c1[nH]c(=O)n(COC2CCCC2)c2ccccc12,7,261,B2AR,"7-eonmol (Pocket2Mol 等变图神经网络 + 口袋引导束搜索, GPCR 微调版)","7-eonmol_ft_gpcr_v2.pt — 本项目自训, 经两轮 A/B(种子 2024/2025)晋级; 基线为 ICML 2022 官方权重",7-eonmol-competition-submission,2024,B2AR_20260927_002520,
C0262,赛道 3 · 离子通道/GPCR 小分子药物虚拟筛选 · 子任务 2,Oc1ccc2c(c1)OC(F)(C(F)(F)F)C2(F)F,outputs/results_b2ar_final/structures/cand262_mol_d513062a_add7abd7bf69.sdf,1.358,0.724,3.666,0.171,-8.48,B,,,258.12,3.104,29.46,-3.8,1.0,2.0,0,2.0,0,1,,,c1ccc2c(c1)CCO2,1,262,B2AR,"7-eonmol (Pocket2Mol 等变图神经网络 + 口袋引导束搜索, GPCR 微调版)","7-eonmol_ft_gpcr_v2.pt — 本项目自训, 经两轮 A/B(种子 2024/2025)晋级; 基线为 ICML 2022 官方权重",7-eonmol-competition-submission,2024,B2AR_20260927_002520,
C0263,赛道 3 · 离子通道/GPCR 小分子药物虚拟筛选 · 子任务 2,CCOc1cc(C(O)C(=O)OCC(=O)O)cc(N2CCC(C)OC2=O)c1,outputs/results_b2ar_final/structures/cand263_mol_f17496c5_b0c77e749253.sdf,1.357,0.695,3.384,0.233,-8.46,A,,,367.35,1.482,122.6,-3.09,2.0,7.0,7,2.0,0,0,,,O=C1OCCCN1c1ccccc1,1,263,B2AR,"7-eonmol (Pocket2Mol 等变图神经网络 + 口袋引导束搜索, GPCR 微调版)","7-eonmol_ft_gpcr_v2.pt — 本项目自训, 经两轮 A/B(种子 2024/2025)晋级; 基线为 ICML 2022 官方权重",7-eonmol-competition-submission,2024,B2AR_20260927_002520,
C0264,赛道 3 · 离子通道/GPCR 小分子药物虚拟筛选 · 子任务 2,NC(=O)c1ccc2c(c1)Oc1ccccc1OCC(=O)N2,outputs/results_b2ar_final/structures/cand264_mol_e0ad411e_a8bb64f5712c.sdf,1.574,0.837,2.626,0.283,-8.45,A,,,284.27,1.909,90.65,-3.14,2.0,4.0,1,3.0,0,0,,,O=C1COc2ccccc2Oc2ccccc2N1,1,264,B2AR,"7-eonmol (Pocket2Mol 等变图神经网络 + 口袋引导束搜索, GPCR 微调版)","7-eonmol_ft_gpcr_v2.pt — 本项目自训, 经两轮 A/B(种子 2024/2025)晋级; 基线为 ICML 2022 官方权重",7-eonmol-competition-submission,2024,B2AR_20260927_002520,
C0265,赛道 3 · 离子通道/GPCR 小分子药物虚拟筛选 · 子任务 2,Oc1cc(Oc2ccccc2F)ccc1-c1ccc[nH]1,outputs/results_b2ar_final/structures/cand265_mol_642d5ee0_3dec2e0b0169.sdf,1.524,0.743,2.189,0.33,-8.45,A,,,269.27,4.319,45.25,-4.88,2.0,2.0,3,3.0,0,0,,,c1ccc(Oc2ccc(-c3ccc[nH]3)cc2)cc1,1,265,B2AR,"7-eonmol (Pocket2Mol 等变图神经网络 + 口袋引导束搜索, GPCR 微调版)","7-eonmol_ft_gpcr_v2.pt — 本项目自训, 经两轮 A/B(种子 2024/2025)晋级; 基线为 ICML 2022 官方权重",7-eonmol-competition-submission,2024,B2AR_20260927_002520,
C0266,赛道 3 · 离子通道/GPCR 小分子药物虚拟筛选 · 子任务 2,O=C(O)CCC(O)CC1CCc2cccc(NC(=O)OC3CCCOC3)c2O1,outputs/results_b2ar_final/structures/cand266_mol_212eb71f_bc7a93691bd0.sdf,1.284,0.652,3.688,0.265,-8.36,A,,,393.44,2.724,114.32,-4.17,3.0,6.0,7,3.0,0,0,,,O=C(Nc1cccc2c1OCCC2)OC1CCCOC1,2,266,B2AR,"7-eonmol (Pocket2Mol 等变图神经网络 + 口袋引导束搜索, GPCR 微调版)","7-eonmol_ft_gpcr_v2.pt — 本项目自训, 经两轮 A/B(种子 2024/2025)晋级; 基线为 ICML 2022 官方权重",7-eonmol-competition-submission,2024,B2AR_20260927_002520,
C0267,赛道 3 · 离子通道/GPCR 小分子药物虚拟筛选 · 子任务 2,CCc1cccc2c1c(=O)[nH]c(=O)n2C(CCO)OC1CCC(CC)C1,outputs/results_b2ar_final/structures/cand267_mol_d85cf8c1_a807dd7a981b.sdf,1.41,0.795,3.848,0.217,-8.33,A,,,360.45,2.729,84.32,-4.02,2.0,4.0,7,3.0,0,0,,,O=c1[nH]c(=O)n(COC2CCCC2)c2ccccc12,7,267,B2AR,"7-eonmol (Pocket2Mol 等变图神经网络 + 口袋引导束搜索, GPCR 微调版)","7-eonmol_ft_gpcr_v2.pt — 本项目自训, 经两轮 A/B(种子 2024/2025)晋级; 基线为 ICML 2022 官方权重",7-eonmol-competition-submission,2024,B2AR_20260927_002520,
C0268,赛道 3 · 离子通道/GPCR 小分子药物虚拟筛选 · 子任务 2,O=C1OC2CCCOC2CN1c1cccc2c1OCC(O)O2,outputs/results_b2ar_final/structures/cand268_mol_313664a1_1d0114836391.sdf,1.445,0.842,3.974,0.22,-8.16,A,,,307.3,1.28,77.46,-2.71,1.0,6.0,1,4.0,0,0,,,O=C1OC2CCCOC2CN1c1cccc2c1OCCO2,1,268,B2AR,"7-eonmol (Pocket2Mol 等变图神经网络 + 口袋引导束搜索, GPCR 微调版)","7-eonmol_ft_gpcr_v2.pt — 本项目自训, 经两轮 A/B(种子 2024/2025)晋级; 基线为 ICML 2022 官方权重",7-eonmol-competition-submission,2024,B2AR_20260927_002520,
C0269,赛道 3 · 离子通道/GPCR 小分子药物虚拟筛选 · 子任务 2,O=C(O)Cc1ccc(CC(O)C(F)(F)F)cc1CC(=O)O,outputs/results_b2ar_final/structures/cand269_mol_975f4ba6_8814f9b30ac7.sdf,1.448,0.738,2.902,0.196,-8.15,B,,,306.24,1.407,94.83,-2.69,3.0,3.0,6,1.0,0,1,,,c1ccccc1,3,269,B2AR,"7-eonmol (Pocket2Mol 等变图神经网络 + 口袋引导束搜索, GPCR 微调版)","7-eonmol_ft_gpcr_v2.pt — 本项目自训, 经两轮 A/B(种子 2024/2025)晋级; 基线为 ICML 2022 官方权重",7-eonmol-competition-submission,2024,B2AR_20260927_002520,
C0270,赛道 3 · 离子通道/GPCR 小分子药物虚拟筛选 · 子任务 2,CC1CCN(C(=O)NCc2cccc(Cl)c2)C1,outputs/results_b2ar_final/structures/cand270_mol_bd19209f_e59e05502fd6.sdf,1.639,0.863,2.238,0.242,-7.97,B,,,252.75,2.891,32.34,-3.57,1.0,1.0,2,2.0,0,1,,,O=C(NCc1ccccc1)N1CCCC1,1,270,B2AR,"7-eonmol (Pocket2Mol 等变图神经网络 + 口袋引导束搜索, GPCR 微调版)","7-eonmol_ft_gpcr_v2.pt — 本项目自训, 经两轮 A/B(种子 2024/2025)晋级; 基线为 ICML 2022 官方权重",7-eonmol-competition-submission,2024,B2AR_20260927_002520,
C0271,赛道 3 · 离子通道/GPCR 小分子药物虚拟筛选 · 子任务 2,CCCC1COc2cc(C(N)=O)ccc2OCCO1,outputs/results_b2ar_final/structures/cand271_mol_712b6be7_8f6a8b84c4b0.sdf,1.598,0.903,3.052,0.209,-7.92,A,,,265.31,1.742,70.78,-2.76,1.0,4.0,3,2.0,0,0,,,c1ccc2c(c1)OCCOCCO2,1,271,B2AR,"7-eonmol (Pocket2Mol 等变图神经网络 + 口袋引导束搜索, GPCR 微调版)","7-eonmol_ft_gpcr_v2.pt — 本项目自训, 经两轮 A/B(种子 2024/2025)晋级; 基线为 ICML 2022 官方权重",7-eonmol-competition-submission,2024,B2AR_20260927_002520,
C0272,赛道 3 · 离子通道/GPCR 小分子药物虚拟筛选 · 子任务 2,CCOC(COc1cccc(C(N)=O)c1)CC(C)CC,outputs/results_b2ar_final/structures/cand272_mol_975f4ba6_d22b82f97c07.sdf,1.46,0.755,2.958,0.247,-7.67,A,,,279.38,3.006,61.55,-3.64,1.0,3.0,9,1.0,0,0,,,c1ccccc1,3,272,B2AR,"7-eonmol (Pocket2Mol 等变图神经网络 + 口袋引导束搜索, GPCR 微调版)","7-eonmol_ft_gpcr_v2.pt — 本项目自训, 经两轮 A/B(种子 2024/2025)晋级; 基线为 ICML 2022 官方权重",7-eonmol-competition-submission,2024,B2AR_20260927_002520,
C0273,赛道 3 · 离子通道/GPCR 小分子药物虚拟筛选 · 子任务 2,Oc1ccccc1OC1OCC(O)C2CCCC12,outputs/results_b2ar_final/structures/cand273_mol_8c33dbeb_d3c9b59a6f44.sdf,1.476,0.841,3.657,0.253,-7.5,A,,,250.29,1.904,58.92,-2.81,2.0,4.0,2,3.0,0,0,,,c1ccc(OC2OCCC3CCCC32)cc1,1,273,B2AR,"7-eonmol (Pocket2Mol 等变图神经网络 + 口袋引导束搜索, GPCR 微调版)","7-eonmol_ft_gpcr_v2.pt — 本项目自训, 经两轮 A/B(种子 2024/2025)晋级; 基线为 ICML 2022 官方权重",7-eonmol-competition-submission,2024,B2AR_20260927_002520,
C0274,赛道 3 · 离子通道/GPCR 小分子药物虚拟筛选 · 子任务 2,CCCC(COc1cccc(C(N)=O)c1)OCC,outputs/results_b2ar_final/structures/cand274_mol_975f4ba6_b076d2d66b5c.sdf,1.519,0.771,2.526,0.252,-7.24,A,,,251.33,2.37,61.55,-3.03,1.0,3.0,8,1.0,0,0,,,c1ccccc1,3,274,B2AR,"7-eonmol (Pocket2Mol 等变图神经网络 + 口袋引导束搜索, GPCR 微调版)","7-eonmol_ft_gpcr_v2.pt — 本项目自训, 经两轮 A/B(种子 2024/2025)晋级; 基线为 ICML 2022 官方权重",7-eonmol-competition-submission,2024,B2AR_20260927_002520,
C0275,赛道 3 · 离子通道/GPCR 小分子药物虚拟筛选 · 子任务 2,CCc1ccc2c3c1C(C(=O)O)CC1OCC(=O)CC1C3OC(CO)C2=O,outputs/results_b2ar_final/structures/cand275_mol_df7dd672_2805e397b405.sdf,1.348,0.823,4.75,0.211,-7.22,A,,,374.39,1.41,110.13,-3.17,2.0,6.0,3,4.0,0,0,,,O=C1COC2CCc3cccc4c3C(OCC4=O)C2C1,1,275,B2AR,"7-eonmol (Pocket2Mol 等变图神经网络 + 口袋引导束搜索, GPCR 微调版)","7-eonmol_ft_gpcr_v2.pt — 本项目自训, 经两轮 A/B(种子 2024/2025)晋级; 基线为 ICML 2022 官方权重",7-eonmol-competition-submission,2024,B2AR_20260927_002520,
