name,smiles,vina,n_modes,rmsd_lb_mean,rmsd_lb_max,energy_gap
lig_1651,CN1CCN2CC=C(c3cc4c5c(cccc5n3)-c3ccccc3C4=O)CC2C1=O,-13.51,6,2.107,2.601,0.62
lig_387,CC1=CC2Cc3cccc4c3C3=C(CNC(=C32)O1)CN4C(=O)C1(C)CCCC1,-13.42,4,2.302,2.397,2.11
lig_1682,CNC(=O)C1CCC2C3Cc4cc(C(C)=O)cc5c4-c4c(ccc(c43)CN12)CC5=O,-13.2,3,2.391,2.924,2.07
lig_2567,O=C(CC1C=c2cc3cc4oc(=O)cc4c4cccc(c34)n2C1=O)N1CCCNCC1,-13.14,6,2.064,2.514,1.2
lig_1730,CNC(=O)CN1Cc2ccc3c4c5c(cc(c24)C1)C(=O)CC1CCOCC(C3)C51,-12.89,3,2.325,2.847,1.32
lig_1732,CNC(=O)CN1Cc2ccc3c4c5c(cc(c24)C1)C(C)C(=O)C1CCOCC(C3)C51,-12.89,3,2.686,2.71,2.47
lig_2695,O=C(O)CN1Cc2ccc3c4c5c(cc(c24)C1)COC(=O)C5=C1C=CC=CC13,-12.82,3,2.263,2.735,0.8
lig_1681,CNC(=O)C1CCC2C3Cc4cc(C(=O)O)cc5c4-c4c(ccc(c43)CN12)CC5=O,-12.75,2,1.582,1.582,0.88
lig_2694,O=C(O)CN1Cc2ccc3c4c5c(cc(c24)C1)C=NC(=O)C5=C1C=CC=CC13,-12.63,3,1.715,2.218,1.28
lig_2372,Cc1ccc2c(c1)-c1ccc3c4c(ccc(c14)O2)Cn1c-3cn(CC(=O)O)c1=O,-12.6,4,2.48,2.872,0.17
lig_1686,CNC(=O)C1CCCN1C(=O)c1ccc2ccc3c(c2c1)COc1c(F)cccc1-3,-12.59,6,2.222,3.68,0.38
lig_1579,CN1C(=O)N2C(=CC3CC(N4CCCCC4=O)CCC32)C2=C1NC1=CC=CCC1=C2,-12.58,4,1.995,2.332,1.51
lig_2406,Cc1ccc2n(c1=O)-c1ccc3c([nH]c(=O)n3C3CCCCC3)c1C1CC21,-12.58,5,2.121,2.372,1.8
lig_1679,CNC(=O)C1=C2C=CC=CC2c2ccc3c4c(ccc1c24)CN(CC(=O)O)C3,-12.51,4,2.555,2.941,0.86
lig_381,CC1=CC2=C3CCCCN3c3nc(=O)n(C4CCCCC4)c4ncc(c2c34)C1,-12.48,3,1.475,1.525,0.84
lig_365,CC1=C2OC(N3CCCCC3=O)CC(=O)N2c2cccc3cc(C(=O)O)c(O)c1c23,-12.47,2,2.4,2.4,1.73
lig_2814,O=C1C(O)=CCC2=C1C1=CCc3cc4c(c5ccc(c1c35)C2=O)CCN(CCO)C4=O,-12.45,7,2.146,2.777,0.93
lig_585,CC1OCC2CC3CN(CC(=O)O)C(=O)c4cc5cccc6c5c(c43)C2C1C6,-12.44,2,2.409,2.409,0.38
lig_1530,CN(C)C(=O)CC1CCC2c3cc(O)c4c5c3C(CC(=O)C5=CCC4)CC2C1,-12.42,3,2.192,3.102,0.89
lig_538,CC1CCc2c3c(c4ccc(O)cc4c21)CC(N1C(=O)CCCC1C)C(O)=C3,-12.41,5,1.718,2.143,0.21
lig_529,CC1CCN2C(=O)Cc3cnc4c5c(cc1c2c35)CC(=O)N4C1CCCCC1,-12.35,5,1.658,2.183,0.21
lig_1727,CNC(=O)CN1Cc2ccc3c4c2C(CC2CC(=O)N=C5CC=C(C3=O)C5=C42)C1,-12.35,3,1.994,2.48,1.49
lig_323,CC1(C)CCN2C(=O)N(CC3CCCC(=O)N3)c3ccc4c5c(cc1c2c35)OCC4,-12.34,3,1.983,2.172,1.36
lig_336,CC12C3CCCC(=O)N1CCC(CN1Cc4cccc5cccc(c45)C1=O)C32,-12.34,6,1.581,2.177,1.35
lig_1742,CNC(=O)CN1Cc2ccc3cccc4c3c2C(C1)CC41CCCC1,-12.34,2,3.334,3.334,2.48
lig_2921,O=c1nc2c3c4c(cnc3n1C1CCCCC1)CC(O)=CC4=C1CCCCN12,-12.34,3,2.218,2.248,0.67
lig_016,C=C1C=C(C2CCCC2)c2cc(NC(=O)CC3C(=O)N(C)CCC3C)cc(O)c2C1,-12.29,5,1.753,2.022,1.24
lig_074,CC(=O)NC1CCC2c3ccc4c5c3C(COc3cccc(c3-5)OC4)C2C1,-12.29,6,2.485,3.214,1.1
lig_464,CC1C=C2c3cc(O)c4c5c3C(C)(CCCn5c(=O)n4C3CCCCC3)CN2C1,-12.29,2,2.217,2.217,2.17
lig_1650,CN1CCN2CC=C(c3cc4c5c(cc(O)cc5n3)-c3cscc3C4=O)CC2C1=O,-12.27,6,1.89,2.696,0.15
lig_2897,O=C1NCC2=C3OC(N4CCCCC4=O)CC(=O)N3c3cccc4c(O)cc1c2c34,-12.27,2,1.91,1.91,1.05
lig_2879,O=C1CCOc2cc3c(cc21)CC1=C2CCC(C(=O)O)N2Cc2cccc-3c21,-12.26,3,1.783,1.836,0.74
lig_2807,O=C(c1cc2ccc3c(c2cc1O)CC1COC2CCN(C3=O)C12)N1CCCC1,-12.25,3,2.472,2.994,1.89
lig_1609,CN1CC2=CC=CC3CN(C)C4=CC5=NC(=O)CC5c5ccc(n6c2c3c4c56)C1=O,-12.23,3,2.152,2.225,1.94
lig_073,CC(=O)NC1CCC2c3ccc4c5c3C(COc3cc(C)cc(c3-5)OC4)C2C1,-12.22,5,2.343,3.322,1.1
lig_2827,O=C1C=Cc2ccc3c4c(ccc1c24)C1C2CCC(C2)N1C(=O)CC3,-12.21,5,2.063,2.569,1.62
lig_2198,Cc1c2c(c3c4c1NC(=O)N(C1CCCCC1)C4CC(O)C3)CCCC2,-12.18,2,1.594,1.594,1.36
lig_2906,O=C1OC2CCCc3c(O)c4c5c(ncc1c5c32)N(C1CCCCC1)C(=O)C4,-12.14,4,1.739,2.246,0.54
lig_2300,Cc1cc2c3c(c(CO)cc4c3n(c(=O)n4C3CCCCC3)CCC2)c1O,-12.12,5,1.768,2.119,0.95
lig_782,CCC1CCC2c3c(ccc4c3CN(CC(=O)O)C4)-c3ccccc3C12,-12.1,3,3.54,4.912,2.29
lig_2396,Cc1ccc2c3c1Nc1[nH]c(=O)n(C4CCCCC4)c(=O)c1C3C=CC2=O,-12.1,6,2.06,2.566,0.7
lig_1676,CNC(=O)C1(C)CCCC(n2cc3c(O)c(C)cc4c3c(c2=O)C=C(C)C4=O)C1,-12.09,5,1.591,2.352,0.08
lig_312,CC1(C)CCC(O)N1c1cc2c3c(c1)-c1ccccc1CC3COC2,-12.08,7,2.238,3.84,0.57
lig_2898,O=C1NCC2=C=C(C(=O)N3CCCCC3)Nc3c2c1nc1ccccc31,-12.08,3,2.223,2.242,1.74
lig_617,CC=C1CCc2cccc3c(=O)n(CC4CCN5C(=O)CCOCC5C4)cc1c23,-12.07,9,2.258,5.734,0.02
lig_160,CC(C)(C)c1cc2c3c(c(N4CC(=O)N5CCCCC5C4)ccc3c1)C=NC2=O,-12.06,7,1.999,2.489,0.41
lig_659,CC=Cc1ccc2c(NC(=O)N3CCN4C(=O)CCCCC4C3)cccc2c1,-12.05,9,1.931,2.465,0.44
lig_2317,Cc1cc2c3c(ccc2c2c1OCc1c-2cnc2ccccc12)C(=O)N(CCO)CC3,-12.05,4,2.722,3.267,1.03
lig_2486,Cn1c(=O)c2c(N3CC4CCCCC(C4)C3)c(O)cc3c2n(c1=O)C1CCCCC1C3,-12.03,2,1.467,1.467,2.81
lig_2599,O=C(CN1CCc2cc3c4c(c2C1)OCCC4Cc1cc(O)ccc1-3)Nc1ccccc1,-12.03,9,2.423,2.967,0.42
lig_2429,Cc1cccc2c3c(c4c(ncn4CC4CCCC(C(=O)O)C4)c12)CCOC3=O,-12.02,5,2.329,2.531,0.73
lig_2622,O=C(O)C1CCC2=C3Cc4c(CO)cc(C(F)(F)F)cc4-c4cccc(c43)CN21,-12.02,3,4.276,4.313,1.98
lig_2553,Nc1nc(=O)[nH]c2c1-c1ccc(CC(=O)N3CCCCCC3)c(=O)n1C1C=NC=C21,-12.01,5,1.867,2.126,0.57
lig_1529,CN(C)C(=O)CC1CCC2c3cc(O)c4c5c3C(=CC(=O)C5=CCC4)CC2C1,-11.99,5,1.78,2.364,0.19
lig_2872,O=C1CCCN1Cc1cn2c3c(cc(O)cc13)Cc1ccccc1C2=O,-11.99,4,2.119,2.7,1.06
lig_135,CC(C)(C)C(=O)N1C=C(CO)c2nc3c(c4nccc1c24)CCCc1ccccc1-3,-11.98,3,1.621,1.783,1.97
lig_1320,CCc1c(O)c2c3c(ncc4c3c1CC(C)C4=O)N(C1CCCCC1)C(=O)C2,-11.97,5,1.731,1.986,0.37
lig_2134,Cc1c(C(=O)O)cc2c3c1CC1CCC4CCC(=O)C5C(CC2)C3C1C45,-11.96,3,1.725,2.061,0.22
lig_228,CC(C)Nc1nc(=O)n2c3c(cc4c(c13)CCC(=O)C4)OC1CCCCC12,-11.95,2,1.931,1.931,2.27
lig_2259,Cc1cc(CN2C(=O)CCCC2O)cc2c3c4n(c(=O)c12)C(=O)CCCC4CCC3,-11.95,4,1.732,2.532,0.74
lig_2910,O=C1c2ccc(O)cc2C2=CCc3cc4c(c5ccc1c2c35)CCN(CCO)C4=O,-11.95,4,2.929,3.038,0.05
lig_1580,CN1C(=O)N2C(=CC3CC(N4CCCCC4=O)CCC32)C2=C1NC1=CCC(=O)C1=C2,-11.94,4,2.352,2.797,1.82
lig_821,CCC=C(C)c1cc2c3c(c(N4CC(=O)N5CCCCC5C4)ccc3c1)C=NC2=O,-11.93,9,2.049,2.825,0.37
lig_559,CC1Cc2ccc3c4c(cc5c(c24)C1=CC(C)C5O)CC(CC(=O)O)C3,-11.92,6,2.788,3.269,0.02
lig_794,CCC1CCc2c3c(c4c(=O)n(C5CCCCC5)c(=O)[nH]c4c2C)NCC31,-11.91,6,1.882,2.305,0.72
lig_1684,CNC(=O)C1CCC2Cc3c(ccc4c3CC(C(=O)NC(C)=O)CC4)CN21,-11.9,6,2.391,2.946,0.78
lig_2240,Cc1cc(C)c2c3c1CCC1=C3C(=C(N3CCC(N4CCCCC4=O)C3)N2)NCC1,-11.9,2,1.858,1.858,1.94
lig_397,CC1=CCc2c(c3c4n(c2=O)-c2cncc5c2C(CN(CC(=O)O)C5)C4=CC3)C1=O,-11.89,4,2.308,2.882,1.25
lig_631,CC=CC1=CC(=O)c2cc3c4c(c2=C1)=C(C)CCn4c(=O)n3C1CCCCC1,-11.88,4,2.338,2.845,0.14
lig_2775,O=C(O)c1ccc2c3c4c(ccc13)CCC1C=c3cccc5c3=C(C41)N2CCO5,-11.88,7,1.801,2.14,0.19
lig_2307,Cc1cc2c3c(c1C(=O)O)CCCC3c1ccn3c1C2C(=O)c1cccnc1-3,-11.87,2,1.822,1.822,2.76
lig_2849,O=C1CCCCN1CC1CCC2c3c(ccc4c3-c3c(cccc3C2O)CO4)O1,-11.87,3,1.443,1.592,0.83
lig_2279,Cc1cc2c(C)cc3c(c2c2c1N(C(=O)N1CCNC(=O)C1)CC2)CCCC3,-11.86,5,1.795,2.94,0.11
lig_2623,O=C(O)C1CCC2=C3Cc4cc5c(cc4-c4cccc(c43)CN21)OCCC5O,-11.86,4,2.051,2.217,1.2
lig_2418,Cc1cccc(NC(=O)CN2CCc3c(cc4c5c3C(O)CC(=O)C5CCC4=O)C2)c1,-11.85,9,2.758,3.921,0.04
lig_1726,CNC(=O)CN1Cc2ccc3c(=O)n4c5c6c3c2C(CC6CC(=O)N=C5CC4)C1,-11.84,3,1.838,2.26,1.02
lig_2909,O=C1c2c(ccc3ccccc23)Cn2c1ccc(CC(=O)N1CCCNCC1)c2=O,-11.84,8,1.774,2.242,0.24
lig_1740,CNC(=O)CN1Cc2ccc3ccc4c5c3c2C(CC5CC(=O)N(C)C4)C1,-11.83,5,2.916,3.536,1.76
lig_2612,O=C(Nc1cccc2cc(-c3ccoc3)ccc12)N1CCN2C(=O)CCCCC2C1,-11.78,7,2.728,4.44,0.37
lig_133,CC(C)(C)C(=O)N1C=C(CO)c2nc3c(c4nccc1c24)C1CC1c1ccccc1-3,-11.77,5,2.26,3.316,0.31
lig_363,CC1=C2Nc3nc(N)ncc3C(=O)C2c2cc(C)c(C(=O)O)c3c2C1CCC3,-11.77,2,1.807,1.807,1.47
lig_2211,Cc1c2c3c(c4c(=O)n(C5CCCCC5)c(=O)[nH]c14)CCC(O)C3CCO2,-11.75,3,1.778,1.997,2.33
lig_2593,O=C(CN1CCc2cc3c(cc2C1)N1C(=O)CC=C1c1ccncc1-3)Nc1ccccc1,-11.75,9,2.539,3.343,0.54
lig_2889,O=C1N(C2CCCCC2)Cc2c3c4c(c(=O)oc-4cc4ncn1c24)CC=C3,-11.75,7,2.291,2.673,0.86
lig_2528,NC1=Cc2c(N3CCCC3)ccc3[nH]c(=O)c4c(c23)C1CC1=C4CCCC1,-11.74,8,2.175,3.134,0.8
lig_2873,O=C1CCCc2c1cc1c(c2C(=O)O)COc2c-1ccc1cccc(O)c21,-11.74,5,1.832,2.414,1.26
lig_1590,CN1C(=O)c2c(ccc3c2[nH]c(=O)n3C2CCCCC2)C2CCCCCC21,-11.73,7,2.059,2.489,0.61
lig_079,CC(=O)NC1CCc2c3c4c(ccc(O)c4c(=O)n2C1)-c1ccccc1C3,-11.72,4,2.64,2.991,0.61
lig_2766,O=C(O)c1cc2cccc3c2c(c1O)C=C1C2CC4CCCC(=O)N4C2CC(=O)N13,-11.71,3,2.397,3.491,0.28
lig_2824,O=C1C=Cc2c3c(cc4c(O)ccc1c24)N1CC(C(=O)O)CCC1CC3,-11.71,6,2.411,2.965,1.68
lig_736,CCC1=C=Cc2ccc3c(=O)n(C(=O)CC(C)C(=O)O)cc4c3c2C1=C=C4,-11.69,6,2.27,3.374,1.16
lig_458,CC1C=C(c2cccc3c2CN(C(=O)Cc2ccc(F)cc2C(=O)O)C3)C(=O)N1C,-11.68,7,3.601,5.517,1.21
lig_580,CC1OC(=O)c2cc3c4c(c2O1)C(=O)N(C)CCn4c(=O)n3C1CCCCC1,-11.67,2,1.937,1.937,2.36
lig_2071,COc1ccc2c(O)c3c4c(c2c1)C(=O)CCCn4c(=O)n3C1CCCCC1,-11.67,4,1.745,1.907,1.04
lig_2913,O=C1c2cccc3cccc(c23)CN1CC1CCN2C(=O)CCCCC2C1,-11.67,7,1.597,2.07,0.63
lig_2427,Cc1cccc2c1Cc1cc(O)cc3c(CN4CCCC4=O)cn(c13)C2=O,-11.66,5,1.931,2.312,0.23
lig_2912,O=C1c2cccc3cccc(c23)CN1CC1CCN2C(=O)CCCC3C1C32,-11.66,5,1.447,1.676,0.53
lig_1711,CNC(=O)CCC1=Cc2cc3c4c5c(cc(O)c4c2CC1)CCCC5=C(C)O3,-11.65,6,2.508,3.035,0.36
lig_1850,COC1=NCCC2C1=Cc1cn(C3CCCCC3)c(=O)c3cccc2c13,-11.65,6,2.102,2.312,0.71
lig_1673,CNC(=O)C1(C)CCCC(n2c(C)c3cc(C)cc4c3c(c2=O)CN(C)C4=O)C1,-11.64,6,1.834,2.263,0.6
lig_1728,CNC(=O)CN1Cc2ccc3c4c2C(CC2CCC(C)C(=CC3=O)C42)C1,-11.64,5,3.355,3.589,0.96
lig_2282,Cc1cc2c(CCCC(=O)N3CCCCC3)ccc3c2c(c1O)CCC3,-11.64,8,2.195,3.196,0.66
lig_2907,O=C1OCCc2c1c1ccccc1c1ncn(CC3CCCC(C(=O)O)C3)c21,-11.64,4,2.283,2.879,1.29
lig_2922,O=c1nc2c3c4c(cnc3n1C1CCCCC1)CC(O)=CC4C1CCCCN21,-11.62,3,2.146,2.164,1.25
lig_078,CC(=O)NC1CCc2c3c(cc(=O)n2C1)-c1ccccc1C(=O)C3,-11.61,4,2.53,2.78,2.14
lig_485,CC1CC2OCCC(c3ccc4cc(C(=O)N5CCOCC5)c(O)cc4c3)C2C1,-11.61,9,2.255,2.802,1.0
lig_1708,CNC(=O)CCC1=Cc2cc3c4c(ccc(O)c4c2CC1)-c1ccc(O)cc1O3,-11.61,8,3.215,3.8,0.3
lig_401,CC1=Cc2c(C(=O)O)c(O)c3c4c2C(CCCn4c(=O)n3C2CCCCC2)C1,-11.59,2,2.366,2.366,1.38
lig_729,CCC1=C2C(=O)CCC3Cc4cc5c(c6ccc(c(c46)C23)C1=O)CCN(CCO)C5=O,-11.59,5,2.296,3.129,0.36
lig_737,CCC1=CC(=O)C2CCCc3c4c(cc1c32)CN(CC(=O)Nc1ccccc1)CC4,-11.59,9,2.535,5.582,0.73
lig_1605,CN1CC(c2cccc3c2CN(C(=O)Cc2ccc(F)cc2C(=O)O)C3)=CC1=O,-11.59,9,3.662,7.957,1.34
lig_2020,COc1cc2c3c4c5c(cc3c1)CC(CC(=O)O)C(=O)N5CCC4=CC2=O,-11.59,7,1.749,2.298,0.05
lig_2908,O=C1c2c(ccc3ccc(O)cc23)Cn2c1ccc(CC(=O)N1CCCNCC1)c2=O,-11.59,9,2.08,2.792,0.45
lig_460,CC1C=C2C3=NCC4=C3c3c5c(cc(O)c3N2C1)-c1cn(CC(=O)O)c(=O)n1CC5=CC4,-11.58,4,2.935,3.606,1.06
lig_206,CC(C)CNC(=O)CN1CCc2cc3c(C(=O)O)ccc4c3c3c2C1CCC3=CC4,-11.57,4,2.529,2.616,1.28
lig_2223,Cc1cc(-c2ccccc2)c2[nH]c(N3CCC(N4CCCCC4=O)C3)c(C)c(=O)c2c1,-11.57,3,2.489,3.097,2.13
lig_2676,O=C(O)CN1CCc2c(cc3cccc4c3c2C2CCOCC2C4=O)C1=O,-11.57,2,3.03,3.03,1.39
lig_2689,O=C(O)CN1Cc2ccc3c(c2C1)C1CCC(C(=O)O)C1c1ccccc1-3,-11.57,5,2.942,3.333,0.88
lig_2903,O=C1Nc2ccc3c(c2=CN1C1CCCCC1)=CC=C1C=CC=CN13,-11.57,8,2.421,3.729,0.57
lig_082,CC(=O)NC1CCc2cc3c(Nc4cccc(O)c4)cccc3c(=O)n2C1,-11.56,8,2.723,3.218,1.52
lig_2417,Cc1cccc(NC(=O)CN2CCc3c(cc4c5c3C(O)CC(=O)C5CC(C)C4)C2)c1,-11.56,9,2.912,7.77,0.39
lig_1110,CCN(C(=O)CO)C1=CCn2c(c3c4c5c(cccc5ccc42)C(=O)C(C)C3)C1,-11.55,3,2.129,2.356,1.6
lig_2189,Cc1c2[nH]c(=O)n3c4c-2c(cc1=O)C(O)CC4CCC31CCCC1,-11.55,5,1.882,2.339,1.01
lig_210,CC(C)CNC(=O)c1cc2n(c1)-c1cccc3c1C(C2)C1CCCCN1C3=O,-11.52,4,1.983,2.327,2.3
lig_653,CC=Cc1cc2c3c4c(cnc3c1)CCCN4C(=O)N2C1CCCC(C(=O)O)C1,-11.52,5,4.211,8.267,1.27
lig_256,CC(C)n1cc2c3c(ccc(CN4CC(=O)N5CCCC5C4)c3c1=O)OC=C2,-11.51,2,1.599,1.599,2.49
lig_307,CC1(C)CC2=CC3=CC(CC(=O)N4CCCNCC4)C(=O)N3c3cccc(c32)C1,-11.51,6,2.048,2.285,1.04
lig_734,CCC1=C2OC(N3CCCCC3=O)CC(=O)N2c2cccc3cc(OC)cc1c23,-11.51,5,2.088,2.354,0.68
lig_207,CC(C)CNC(=O)CN1CCc2cc3c(C(=O)O)ccc4c3c3c2C1CCC3=NC4=O,-11.5,5,1.755,1.963,1.39
lig_506,CC1CCCCCc2ccc3c(N4CCCCC4=O)c(O)cc(c3c2)C(=O)N1,-11.5,3,1.931,1.94,0.84
lig_1830,COC1=CCc2c(C(=O)O)nc3c(C)c(C(=O)NCC(=O)O)cc4c3c2C1=CC4,-11.5,8,1.877,2.433,0.46
lig_2789,O=C(O)c1cccc(N2CCC3=NC(=O)C4CCC5C(=O)c6ccc2c3c6N45)c1,-11.5,9,1.976,3.42,1.48
lig_383,CC1=CC2=CCCCc3cc(CCN4CCCCCC4=O)c(CO)c(c32)C1=O,-11.49,4,1.979,2.244,1.53
lig_1608,CN1CC2=C3OC(N4CCCCC4=O)CC(=O)N3c3cccc4ccc(c2c34)C1=O,-11.49,3,1.788,1.807,1.69
lig_2815,O=C1C2=CCOc3ccc4c(c32)C2=C1CCC2CC(CN1CCCCC1=O)O4,-11.48,6,2.127,2.853,0.43
lig_2842,O=C1CCCCC2CC(Cn3c4c(c5cc(O)ccc5c3=O)=CCC=4)CCN12,-11.48,9,1.881,2.295,0.08
lig_184,CC(C)=C(C)c1cc(C(C)O)cc2c3c(cnc12)CN(CC(=O)O)CCC3,-11.47,5,3.047,5.094,0.54
lig_2601,O=C(Cc1cc2cccc3c2n(c1=O)-c1cccc2c1N3CCC2)N1CCCNCC1,-11.47,4,1.611,1.852,0.15
lig_2767,O=C(O)c1ccc(Cc2cccc(C(=O)N3CCc4c(F)cccc43)c2)cc1,-11.47,9,3.259,3.835,0.4
lig_2790,O=C(O)c1cccc(N2CCC3=NC(=O)C4CCc5c(O)c6ccc2c3c6n54)c1,-11.47,6,1.992,3.182,1.08
lig_314,CC1(C)CCC2C1Cc1c(O)ccc3cc(CC(=O)N4CCCNCC4)c(=O)n2c13,-11.46,2,2.268,2.268,1.32
lig_1677,CNC(=O)C1(C)CCCC(n2cc3c(O)c(C)cc4c3c(c2=O)CN(C)C4=O)C1,-11.46,4,1.616,1.904,1.39
lig_444,CC1C(=O)N=C2CCN(c3cccc(C(=O)O)c3)c3ccc4c(c32)N1C(=O)C4,-11.45,9,1.969,2.534,0.45
lig_2179,Cc1c(O)cc2c3c(cc(O)cc13)CC1CC(CC(=O)N(C)C)CCC21,-11.45,4,2.001,2.923,0.45
lig_2697,O=C(O)CN1Cc2cncc3c2C(C1)C1=CCc2c4c(c(=O)n-3c21)CC=CC4=O,-11.45,6,2.324,2.823,1.15
lig_2845,O=C1CCCCN1C1CCN(C2=C3NC=CC=C3c3c(ccc4ccc(Cl)cc34)N2)C1,-11.45,5,2.469,3.934,0.31
lig_070,CC(=O)NC1CCC2c3ccc4c(c3N=C(C)N2C1)C1=CC(O)=CCC1CO4,-11.44,5,2.095,3.035,0.05
lig_137,CC(C)(C)C(=O)N1C=C(CO)c2nc3c(c4nccc1c24)CCc1ccc(O)cc1-3,-11.44,4,2.797,3.068,1.21
lig_2484,Cn1c(=O)c2c(N3CC4CCC5CC(C3)C54)c(O)cc3c2n(c1=O)C1CCCCC1C3,-11.44,3,1.748,1.779,0.56
lig_2617,O=C(O)C1=CCC2Cc3ccccc3-c3cc(C(=O)O)cc1c32,-11.44,6,2.34,3.163,0.54
lig_2846,O=C1CCCCN1C1CCN(C2=C3NC=CC=C3c3c(ccc4ccc(O)cc34)N2)C1,-11.44,9,3.178,4.491,0.01
lig_403,CC1=Cc2c(C)ccc3cc(CCN4CCCCCC4=O)c(CO)c(c23)C1=O,-11.43,5,1.808,2.002,0.0
lig_479,CC1CC2=C3C(=CCc4c3n1c(=O)c1ccc(C(C)(C)NCC(=O)O)cc41)OC=C2,-11.43,6,2.26,2.904,1.68
lig_1264,CCOc1cc2c3c4c(cccc14)N(CC1CCC(=O)N1)C(=O)N3CCC2(C)C,-11.43,3,2.142,2.463,1.7
lig_2891,O=C1N=CC2C=C(C(=O)N3CCCCC3)Nc3c2c1nc1ccccc31,-11.43,6,2.427,3.138,0.71
lig_540,CC1CCc2ccc(O)c3c(=O)c4c(CC5CCCC(C(=O)O)C5)c[nH]c4n1c23,-11.42,5,2.027,2.825,1.1
lig_680,CCC(=O)NCCN1C(=O)N2CCC(C)(C)c3cc4c5c(ccc1c5c32)CC(C)O4,-11.42,2,1.751,1.751,2.69
lig_898,CCCC1=C2CCCc3c2c(c(C)c2nc(=O)n(C4CCCC4)c(=O)n32)OC1,-11.42,6,1.918,2.129,0.89
lig_1887,COc1c(O)c2c3c(ncc4c3c1CC(C)C4=O)N(C1CCCCC1)C(=O)C2,-11.42,5,1.928,3.005,0.92
lig_2595,O=C(CN1CCc2cc3c(cc2C1)N1CCCC1c1ccncc1-3)Nc1ccccc1,-11.42,9,2.567,3.535,0.45
lig_2899,O=C1NCC2C=C(C(=O)N3CCCCC3)Nc3c2c1nc1ccccc31,-11.42,4,2.219,2.382,0.67
lig_430,CC1=c2c(=O)c3ccccc3n3c4c(c(c23)NC1)C(=O)N1C(CCCC1C(=O)N(C)C)C4,-11.41,2,2.004,2.004,1.64
lig_466,CC1C=Cc2ccc3c(=O)n(C(=O)CC(C)C(=O)O)cc4c3c2C1=C=C4,-11.41,8,2.256,3.796,0.23
lig_597,CC1c2c(c3c(c4ccccc24)CCCC3)C(=O)N1C(=O)CC(C)(C)C(=O)O,-11.4,2,3.887,3.887,1.59
lig_1135,CCN(CC(C)C)c1c(O)cc2cc3c4c5c2c1CCC5CC(=O)C4=CCO3,-11.4,6,1.711,2.321,1.02
lig_2734,O=C(O)c1cc(-c2ccccc2)c2[nH]c(=O)n(C3CCCCC3)c2c1,-11.4,7,1.821,2.384,1.01
lig_655,CC=Cc1cc2cccc(NC(=O)N3CCN4C(=O)CCCCC4C3)c2cc1OC,-11.39,6,2.12,2.6,0.01
lig_1734,CNC(=O)CN1Cc2ccc3cc(O)c4c5c3c2C(CC5CC(=O)C(C(=O)O)=N4)C1,-11.39,6,2.49,3.028,1.01
lig_1752,CNC(=O)c1cc(OC)cc2ccc(N3CC(=O)N4CCCCC4C3)cc12,-11.39,4,2.325,2.529,1.19
lig_2616,O=C(O)C1=CCC2C(=O)c3ccccc3-c3cc(C(=O)O)cc1c32,-11.39,9,1.979,2.227,1.21
lig_185,CC(C)=C(C)c1cc(OC(F)(F)F)cc2c3c(cnc12)CN(CC(=O)O)CCC3,-11.37,6,4.149,6.506,0.69
lig_327,CC1(C)Cc2c(C(=O)O)cc3c(N4CCCCC4)ccc4c3c2N1C(=O)C4,-11.37,5,1.988,2.538,0.05
lig_415,CC1=Cc2cccc3cc(CCN4CCCCCC4=O)c(CO)c(c23)C1=O,-11.37,4,2.695,3.492,0.69
lig_1818,COC1=CC2=C(CN1)CN(C(=O)C1(C)CCCC1)c1ccccc12,-11.37,3,2.082,2.403,1.65
lig_2258,Cc1cc(CN2C(=O)CCCC2O)c2ccc3c4c(n(C(C)CO)c(=O)c1c24)CN=3,-11.36,4,1.889,2.211,1.44
lig_2587,O=C(CCO)N1CCC2Cc3c4cc(O)cc5c4c(c(=O)n3CCC21)CCCC5,-11.36,2,1.919,1.919,1.65
lig_2920,O=c1n2c3c4c(ccc5c4c(c(O)c3n1C1CCCCC1)CCC5O)CCC2,-11.36,4,1.935,2.157,0.59
lig_2718,O=C(O)Cc1ccc2c(c1)C(O)=C1C=C(O)C=C3C4CCCC4C(=O)N2C31,-11.35,6,2.099,2.594,1.77
lig_1166,CCN1C=Cc2c(O)ccc3c4c(cc1c23)CN(CC(=O)Nc1cccc(C)c1)CC4,-11.34,9,2.65,3.45,0.43
lig_1739,CNC(=O)CN1Cc2ccc3ccc4c5c3c2C(CC5CC(=O)C(OC)=C4)C1,-11.34,5,3.165,3.639,0.74
lig_1804,COC(=O)c1cc2c3c(c4c(cc3c1)C1(C)CCC(C(=O)O)C1C4)OCC2(C)C,-11.34,3,2.333,2.746,2.18
lig_2883,O=C1CN(Cc2ccc3c4c(c5n(c(=O)c24)CCCC5)C=CO3)CC2CCCN12,-11.34,3,1.458,1.619,0.3
lig_556,CC1Cc2c3c(c4[nH]c(=O)n(C5CCCCC5)c(=O)c4c2CC1=O)OCCC3,-11.33,6,1.92,2.261,0.42
lig_2182,Cc1c(O)cc2cc(CC3CCC(C(=O)O)CC3)cc3c2c1CC(=O)N3C,-11.33,5,2.026,2.79,0.05
lig_1770,COC(=O)C1=C2N(C)c3ccc(-n4ccccc4=O)cc3N2c2ccnc3cc(O)cc1c23,-11.32,2,1.351,1.351,0.73
lig_2173,Cc1c(N2CCC(N3CCCCC3=O)C2)[nH]c2c(C3=CC=CC3)ccc(C)c2c1=O,-11.32,4,3.012,4.981,1.14
lig_1416,CCc1cc2c3c(ccc(CCCC(=O)N4CCCCC4)c3c1)CC(=O)N2C,-11.31,9,2.201,3.471,0.42
lig_2598,O=C(CN1CCc2cc3c4c(c2C1)OCC=C4CC=C3C(=O)O)Nc1ccccc1,-11.3,9,2.764,4.703,0.18
lig_2800,O=C(O)c1cnc2c(c1)c(N1C=CCCC1)nc(=O)n2C1CCCCC1,-11.3,3,1.179,1.199,1.77
lig_1835,COC1=CCc2c(C(=O)O)nc3c4c(cc5c3c2C1CC5)C(C(=O)O)CCCC4,-11.29,2,2.003,2.003,0.74
lig_1622,CN1CCC2=C1CCCN(Cc1cccc3c1N=C1C4=C(C=CCN43)C=C(O)C1N)C2=O,-11.28,6,2.496,3.22,0.17
lig_1699,CNC(=O)CC1CCC(c2ccc3c(c2)C2C(N)=NN=C2CC3)CC1,-11.28,9,2.424,3.422,0.13
lig_409,CC1=Cc2cc(CC3CCC(C(=O)O)CC3)cc3c2C(CC(=O)N3C)C1,-11.27,8,2.291,2.858,0.73
lig_605,CC=C(C)c1cc(O)c2cn(C3CCCC(C)(C(=O)NC)C3)c(=O)c(CC)c2c1,-11.27,6,1.955,2.931,0.64
lig_1735,CNC(=O)CN1Cc2ccc3cc(O)c4c5c3c2C(CC5CC(=O)C(C)=N4)C1,-11.27,7,2.482,3.058,0.59
lig_2404,Cc1ccc2ccc3c(c2c1)C1=CC=CNC1=C(N1CCC(N2CCCCC2=O)C1)N3,-11.27,7,2.426,3.924,0.06
lig_284,CC(O)c1cc(-c2ccccc2)c2[nH]c(=O)n(C3CCCCC3)c2c1,-11.26,6,2.278,2.947,1.55
lig_620,CC=C1Cn2c(cn(CC(=O)O)c2=O)-c2cc(O)c(N3COCCC3=O)cc21,-11.26,5,2.314,2.86,1.17
lig_1823,COC1=CC2=C3CC(C(=O)O)CCC3C=C3C(=O)C(C(C)(C)C)=CC(=C1O)C32,-11.26,2,1.907,1.907,2.27
lig_2389,Cc1ccc2c3c(c(CCO)cc2c1N1CCCC1)OC(C)(C)CC3,-11.26,5,2.212,2.708,1.34
lig_2397,Cc1ccc2c3c1Nc1[nH]c(=O)n(C4CCCCC4)c(=O)c1C3CCC2=O,-11.26,9,2.065,2.782,0.05
lig_569,CC1Cc2cccc3cc(CCN4CCCCCC4=O)c(CO)c(c23)C1=O,-11.25,7,2.276,3.133,0.29
lig_801,CCC1Cc2c(C)ccc3c4occ(CNC(C)=O)c4c(=O)n(c23)C1C,-11.25,2,2.777,2.777,1.76
lig_1234,CCOc1c2c(c3ccc4c(c3c1C)CC1CCC(C(=O)O)N1C4=O)CCCO2,-11.25,3,1.869,2.056,0.1
lig_1665,CN1Cc2ccc(O)c3nc4c(C5CCCCC5)ccc(n4c23)C1=O,-11.25,6,1.731,1.941,0.85
lig_2316,Cc1cc2c3c(cc4c(cc5n4CCN(CC(=O)O)C5)c3c1)OCCC2,-11.25,3,1.933,2.411,1.06
lig_2880,O=C1CCc2c(O)c3c4c5c(ccc1c25)CCCn4c(=O)n3C1CCCCC1,-11.25,2,2.063,2.063,1.16
lig_006,C=C(C)c1cc2c(O)c(C)nc(-c3ccc(O)cc3)c2cc1C(=O)OC,-11.23,2,2.027,2.027,2.9
lig_188,CC(C)=Cc1cccc2c(CN3CCCC3=O)c3c(cc12)CC(=O)N=C3,-11.23,4,2.714,3.096,1.82
lig_1066,CCCc1cc(OC)c2c(c1)c(C(N)=O)cc1c2[nH]c(=O)n1C1CCCCC1,-11.23,6,1.945,2.568,1.0
lig_2190,Cc1c2c(=O)n3c(c4c2c(c(=O)n1C(=O)CC(C)C(=O)O)C=CC4)CCCC3,-11.23,4,2.289,2.711,0.51
lig_2602,O=C(Cc1cc2ccsc2n(-c2ccc(O)cc2)c1=O)N1CCCNCC1,-11.23,4,2.147,2.546,2.05
lig_2805,O=C(c1cc2ccc3c(c2cc1O)CC(CO)C1CCCN1C3=O)N1CCCC1,-11.23,7,2.236,3.178,1.01
lig_2816,O=C1C2CC=CC3=C2c2c(ccc4c2C1CCC(CN1CCCCC1=O)O4)OC3,-11.23,9,1.847,2.808,0.33
lig_2886,O=C1CNc2c1cnc1ccc3c(c21)CN(C1CCCCC1)C3=O,-11.23,5,2.006,2.457,0.51
lig_390,CC1=CC=C2CN(C)C(=O)c3ccc4c5c6c(c2n35)C1CN(C)C6=CC1=NC(=O)CC14,-11.22,2,2.285,2.285,2.58
lig_1070,CCCc1cc2c(cc1OC)-n1ccc3c1C(=CC1CCC(C(=O)O)N1C3=O)C2C,-11.22,3,1.846,2.022,1.48
lig_1764,CNCCc1cc(C)ccc1-c1cccc(C(=O)NC2CCCCC2)c1,-11.22,9,2.355,3.058,0.56
lig_1821,COC1=CC2=C3C(=Nc4c(CN5CC=CC6=C(CCN6C)C5=O)cccc4N3CC=C2)C1O,-11.22,8,3.221,6.16,0.45
lig_1834,COC1=CCc2c(C(=O)O)nc3c4c(cc5c3c2C1CC5)C(C(=O)O)=CCCC4,-11.22,3,2.014,2.423,1.51
lig_368,CC1=C2c3ccc4c(c3C3CCC(O)C3C2CCC1)CN(CC(=O)O)C4,-11.21,4,2.727,3.229,0.58
lig_1233,CCOc1c2c(c3ccc4c(c3c1C)CC1CCC(C(=O)O)N1C4=O)CCCC2,-11.21,5,2.192,2.49,0.46
lig_1712,CNC(=O)CN1CC2=C3C=CCC4=C3N3C(=CC4O)C=Cc4ccc(c2c43)C1,-11.21,3,2.352,2.532,0.94
lig_1167,CCN1C=Cc2c(OC)ccc3c4c(cc1c23)CN(CC(=O)Nc1cccc(C)c1)CC4,-11.2,9,2.679,3.709,0.45
lig_1464,CCc1cccc2c(O)cn(CC3CCN4C(=O)CCCCC4C3)c(=O)c12,-11.2,4,1.73,1.986,1.59
lig_2131,Cc1[nH]c2c3c(nc(=O)n2C2CCCCC2)N2CCOC4OCC5C(c13)C5C42,-11.2,5,1.893,2.207,1.2
lig_2341,Cc1cc2cccc3c2n(c1=O)Cc1c-3ccc2c1CCCN(CC(=O)O)C2,-11.2,3,2.45,2.555,0.59
lig_2556,Nc1nc2c(cc1Cc1cccc(C(=O)O)c1)N(c1ccccc1)CCC2=O,-11.2,9,3.809,9.097,0.4
lig_080,CC(=O)NC1CCc2c3c4c(cccc4c(=O)n2C1)N(C(C)=O)C=C3,-11.19,6,2.136,2.96,0.62
lig_1678,CNC(=O)C1(C)CCCC(n2cc3c4c(ccc(O)c4c2=O)N(C)C(=O)C3O)C1,-11.19,5,1.72,2.044,0.25
lig_2675,O=C(O)CN1CCCc2c(cnc3c(-c4ccccc4)cc(OC(F)(F)F)cc23)C1,-11.19,4,3.54,4.031,0.14
lig_319,CC1(C)CCCC2=C1Cc1cc(O)cc3c(CN4CCCC4=O)cn(c13)C2=O,-11.18,5,2.318,3.273,0.54
lig_1348,CCc1cc(C(=O)N2CCC(C)CC2)cc(-c2ccccc2)c1,-11.18,9,3.201,9.206,0.25
lig_2596,O=C(CN1CCc2cc3c(cc2C1)N1CCCCC1=C1C=CN=CC13)Nc1ccccc1,-11.18,9,2.717,3.479,0.03
lig_2783,O=C(O)c1cccc(C2CC(=O)N3CC=C4CCOc5ccc2c3c54)c1,-11.18,9,2.299,2.808,0.64
lig_023,C=CC1=C=Cc2ccc3c(=O)n(C(=O)CC(C)C(=O)O)cc4c3c2C1=C=C4,-11.17,9,2.313,3.701,0.83
lig_2762,O=C(O)c1cc2c3c(c1)n(C1CCCCC1)c(=O)n3CCc1ccccc1-2,-11.17,3,1.814,2.097,1.69
lig_115,CC(=O)c1ccc2c3c1C=NC(=O)C3=CC1CC3CC(C(=O)NCCO)CCC3C21,-11.16,6,2.807,3.23,1.87
lig_172,CC(C)(CC(=O)n1c2c(c3cccc(O)c3c1=O)C(C)(C)CC2)C(=O)O,-11.16,3,1.994,2.689,2.0
lig_647,CC=Cc1cc(C)cc2[nH]c(N3CCC(N4CCCCC4=O)C3)c(CC)c(=O)c12,-11.16,6,1.926,2.134,1.44
lig_871,CCCC(=O)N1CCN(c2cc3c(C)cccc3c3c2CCCCC3)CC1,-11.16,3,1.784,1.928,2.2
lig_1597,CN1C2=NCC=C3C2=C(CCC3O)c2cc(N3CCCC3)c(O)cc21,-11.16,3,2.09,2.331,1.54
lig_2393,Cc1ccc2c3c(cc(CC(=O)O)c2c1)NC(=O)N(C1CCCCC1)C3,-11.16,8,2.343,3.136,0.49
lig_2716,O=C(O)Cc1ccc(Oc2ccccc2)cc1C(=O)N1C=C(C2=CC=CCO2)CC1,-11.16,9,3.913,4.895,0.6
lig_1283,CCOc1ccc2cc(CC(=O)N3CCCNCC3)c(=O)n3c2c1Nc1ccccc1-3,-11.15,3,1.676,1.772,0.47
lig_1287,CCOc1ccc2nc(CC(=O)N3CCCCC3)cc(NC3=C(C)C=CC3)c2c1,-11.15,5,3.262,8.323,0.32
lig_1450,CCc1ccc2c3c(c4c(cc13)CN(CC(=O)Nc1ccccc1)CC4)CCC2=O,-11.15,9,3.144,5.363,1.27
lig_1698,CNC(=O)CC1CCC(c2ccc3c(c2)C2C(=CN=C2OC)CC3)CC1,-11.15,8,2.089,3.04,0.54
lig_2649,O=C(O)CC1Cc2cc3c4c5c2N(CCC5=CC(=O)C4CC(O)C3=O)C1=O,-11.15,5,1.907,2.365,0.51
lig_324,CC1(C)CCc2ccc3c4c(c(CN)cc1c24)CC(CC(=O)O)C3,-11.14,7,3.082,3.997,0.57
lig_1178,CCN1c2cccc(CN(C)C(=O)C3=CN(C)C(=O)C3)c2N=c2cc3c(cc21)=CC=CC3,-11.14,3,2.816,3.066,1.32
lig_1296,CCc1c(=O)n2c(c3cc(OC(F)(F)F)ccc13)CC1CCN(C(=O)CCO)C1CC2,-11.13,6,5.089,7.529,2.54
lig_1582,CN1C(=O)N2C(=CC3CC(N4CCCCC4=O)CCC32)c2c1ncc(C(=O)O)c2O,-11.13,7,3.158,4.22,1.83
lig_1831,COC1=CCc2c(C(=O)O)nc3c(C)c(CN(C)C)cc4c3c2C1=CC4,-11.13,4,2.29,2.963,1.55
lig_2141,Cc1c(C(C)C)cc(CC(C)C)c2c(=O)n(C3CCCCC3)c(=O)[nH]c12,-11.13,6,1.784,2.384,1.22
lig_2777,O=C(O)c1ccc2cccc(NC(=O)N3CCN4C(=O)CCCCC4C3)c2c1,-11.13,9,2.183,2.827,0.53
lig_528,CC1CCN(c2ccccc2)c2cc(Cc3cccc(C(=O)O)c3)c(N)nc21,-11.12,8,5.616,7.962,0.53
lig_2001,COc1cc2c3c(c1)C(c1cccc(C(=O)O)c1)CC(=O)N3CCC2=O,-11.12,9,2.897,9.86,0.75
lig_2647,O=C(O)CC1Cc2c3c(c4cccc5c4c2N(CC5)C1=O)CCNC3,-11.12,6,2.345,3.303,0.02
lig_2890,O=C1N(C2CCCCC2)Cc2c3ccc(=O)c4c-3c(cc3ncn1c23)OC4,-11.12,6,2.026,2.766,0.08
lig_1114,CCN(C(C)=O)c1ccc2cc(OC(F)(F)F)c3c(c2c1)CCN(C)C3=O,-11.11,7,3.195,3.708,0.49
lig_2328,Cc1cc2c3c4c5c(cc3c1C(=O)O)CCN(CC(=O)NCC(C)C)C5CCC4=CC2,-11.11,8,2.961,6.9,0.23
lig_2390,Cc1ccc2c3c(c(CCO)cc2c1N1CCCC1)OC1(CCCC1)CC3,-11.11,4,1.854,2.627,0.63
lig_062,CC(=O)NC1CCC(c2cccc(-c3cccc(O)c3)c2)CC1,-11.1,9,2.491,3.578,0.23
lig_546,CC1CN(Cc2cccc(C(=O)N3CCCCC3CO)c2)C(=O)n2cccc21,-11.1,9,2.919,4.572,1.31
lig_558,CC1Cc2ccc(N3CCCCC3)c3cc(C(=O)O)c4c(c23)N1C(C)(C)C4,-11.1,7,2.287,2.78,0.63
lig_1351,CCc1cc(C(=O)O)c2c3c1C(=O)Cc1ccc(-c4ccccc4O)c(c1-3)OC2,-11.1,3,1.946,2.239,1.11
lig_1970,COc1cc2c(NC(=O)N3CCN4C(=O)CCCCC4C3)cccc2cc1C(C)=O,-11.1,7,2.072,2.375,0.76
lig_2155,Cc1c(CCN2CCCCCC2=O)cc2c3c1c(=O)c(O)c(C)n3C(C)CC2,-11.1,5,2.091,2.708,0.07
lig_2357,Cc1ccc(CN(C)C(=O)c2ccc3c(=O)n(C)cc(C)c3c2)c(F)c1F,-11.1,9,3.495,4.315,0.64
lig_2566,O=C(CC1C=C2C(CO)=C3CC(O)=Cc4cccc(c43)N2C1=O)N1CCCNCC1,-11.09,4,1.822,1.981,0.08
lig_1022,CCCOC1=Cc2c3c(c(C)c4ccc(C)c(c24)C1)C(C(=O)O)CN3,-11.08,4,1.838,2.267,0.55
lig_1471,CCc1cn2cc(N3CCCCC3=O)cc2c2c(C)cc(C(=O)O)cc12,-11.08,5,2.306,2.479,0.74
lig_1710,CNC(=O)CCC1=Cc2cc3c4c(ccc(O)c4c2CC1)C1=CC(C)N=C1O3,-11.08,9,2.697,3.212,0.05
lig_2713,O=C(O)Cc1cc2c(c3ccc(O)cc13)CN(C1CCCCC1)C(=O)N2,-11.08,6,2.069,2.35,1.25
lig_2191,Cc1c2c(=O)n3c(c4c2c(c(=O)n1C(=O)CC(C)C(=O)O)CCC4)C=CC(=O)C3,-11.07,4,2.475,2.598,0.49
lig_1591,CN1C(=O)c2cc(O)cc3c2N2C1=CC(=O)N1C4CCCCC4OC(=C3O)C21,-11.06,3,1.544,1.575,1.65
lig_2320,Cc1cc2c3c4c(c(=O)n(C(=O)C(C)(C)CO)cc14)CCC1CCC(C2=O)N31,-11.06,4,1.62,1.724,2.24
lig_1017,CCCNC(=O)c1cccc2ccc(C3CCC(CC(=O)NC)CC3)cc12,-11.05,7,2.308,3.362,0.2
lig_663,CC=Cc1cnc2c(c1)C1=CC3CC(N4CCCCC4=O)CCC3N1C(=O)N2C,-11.04,5,2.627,3.25,0.01
lig_681,CCC(=O)NCCN1C(=O)N2CCC(C)(C)c3cc4c5c(ccc1c5c32)CC(O)O4,-11.04,2,2.079,2.079,2.47
lig_2157,Cc1c(CCN2CCCCCC2=O)cc2c3c1c(=O)c1occc1n3CCC2,-11.04,8,1.891,2.726,0.6
lig_2915,O=c1[nH]c2c(-c3ccccc3)cc(CO)cc2n1C1CCCCC1,-11.04,7,2.29,3.479,1.71
lig_367,CC1=C2c3[nH]c(=O)nc(C)c3-c3ccc(CC(=O)N4CCCCCC4)c(=O)n3C2C=N1,-11.03,6,2.164,3.363,0.28
lig_619,CC=C1Cn2c(cn(CC(=O)O)c2=O)-c2cc(O)c(N3CCCCC3)cc21,-11.03,7,2.568,3.724,0.56
lig_1720,CNC(=O)CN1Cc2ccc(C)c3c2C(C1)CC1(CCCC1)C3,-11.03,3,4.023,4.446,1.9
lig_2232,Cc1cc(C(=O)O)cc2c(NC(=O)N3CCN4C(=O)CCCCC4C3)cccc12,-11.03,6,1.948,2.323,0.53
lig_1532,CN(C)C(=O)CC1CCc2c(-c3ccccc3)c3cnccc3n2C1=O,-11.02,5,2.023,2.573,0.32
lig_1998,COc1cc2c3c(c(N4CC(=O)N5CCCCC5C4)ccc3c1)CN(C)C2=O,-11.02,5,1.884,2.538,0.49
lig_2188,Cc1c2[nH]c(=O)n3c4c-2c(cc1=O)C(O)C=C4CCC31CCCC1,-11.02,5,1.826,2.165,0.74
lig_1012,CCCNC(=O)c1cc(CCN2CCCCCC2=O)c2c(O)ccc(C)c2c1,-11.01,7,1.999,2.534,1.62
lig_1901,COc1c2c3c(cc(C)cc3c3cc4n(c13)CCN(CC(=O)O)C4)CCC2,-11.01,4,2.536,3.902,1.01
lig_1926,COc1cc(C)c2c3c1C(=O)NCC3C=C(C(=O)N1CCCCC1)N2,-11.01,9,1.86,2.166,1.2
lig_1952,COc1cc(Cl)cc2c(C(N)=O)cc3c([nH]c(=O)n3C3CCCCC3)c12,-11.01,8,2.318,2.856,0.62
lig_2642,O=C(O)CC1CCc2c3c4c(n2C1=O)CCOC1CCC(CC=C3)C41,-11.01,6,2.289,3.396,1.3
lig_2893,O=C1N=Cc2c(C(=O)O)ccc3c2C1=CC1CC2CC(C(=O)NCCO)CCC2C31,-11.01,7,2.526,3.659,1.27
lig_060,CC(=O)NC1CCC(c2cccc(-c3ccc(C)cc3)c2)CC1,-10.99,9,2.542,3.512,0.22
lig_061,CC(=O)NC1CCC(c2cccc(-c3ccc(O)cc3)c2)CC1,-10.99,9,2.651,3.42,0.79
lig_075,CC(=O)NC1CCC2c3cccc4c3C(=NC2C1)C(C)Oc1ccccc1-4,-10.99,5,2.349,2.785,0.18
lig_342,CC12CCCc3c(C(N)=O)c(O)c4c(c31)n(c(=O)n4C1CCCCC1)CCC2,-10.99,2,2.259,2.259,2.74
lig_414,CC1=Cc2cc3cccc4c3c3c2=C(NCC=3CN4C(=O)C2(C)CCCC2)O1,-10.99,5,2.363,3.368,2.07
lig_1121,CCN(CC(=O)N1Cc2ccccc2C2=C1OCC(O)=C2)C(=O)c1cccc(C)c1,-10.99,6,2.668,3.239,0.86
lig_1122,CCN(CC(=O)N1Cc2ccccc2C2=C1OCC=C2)C(=O)c1cccc(C)c1,-10.99,9,2.146,3.947,0.01
lig_1675,CNC(=O)C1(C)CCCC(n2cc3c(CO)c(C)cc4c3c(c2=O)CN(C)C4=O)C1,-10.99,4,1.722,1.864,0.47
lig_2273,Cc1cc(OC2CCN(C(=O)N3CCOCC3C)C2)cc2c1CCC(C)(C)O2,-10.99,4,1.799,1.951,0.61
lig_579,CC1OC(=O)Cc2cc3cccc(NC(=O)CCN4CCCCC4=O)c3cc21,-10.98,9,2.655,3.66,0.06
lig_1729,CNC(=O)CN1Cc2ccc3c4c2C(Cc2c(OC)c(C(=O)O)cc(c2-4)CC3)C1,-10.98,4,2.656,3.2,0.98
lig_1894,COc1c2c(c3c(=O)n(C4CCCCC4)c(=O)[nH]c3c1C)CCC(O)C2,-10.98,5,1.892,2.25,0.47
lig_2904,O=C1Nc2ccccc2CN1Cc1cccc(C(=O)N2C3CC4CC(C3)C2C4)c1,-10.98,9,1.958,2.685,0.06
lig_1969,COc1cc2c(NC(=O)N3CCN4C(=O)CCCCC4C3)cccc2cc1C(=O)O,-10.97,3,2.027,2.338,0.82
lig_2011,COc1cc2c3c(c1)c1cc(Oc4ccccc4)c(O)cc1n3CCN(CC(=O)O)C2=O,-10.97,5,2.738,5.777,1.33
lig_2333,Cc1cc2cc(O)cc3c2c2c1NC(=O)N(C1CCCCC1)C2CC3O,-10.97,4,2.239,2.45,0.16
lig_2492,Cn1c(=O)c2c3n(c1=O)C1CCC(N4CCCCC4=O)CC1CC3CC(O)C2,-10.97,4,2.941,3.288,1.69
lig_2804,O=C(c1cc2ccc(C3CCCC4CCC(CO)C43)cc2cc1O)N1CCOCC1,-10.97,9,2.313,2.82,0.33
lig_2648,O=C(O)CC1Cc2cc3c4c(ccc5c4c2N(CC5)C1=O)CC(=O)C3O,-10.96,7,2.648,3.201,0.1
lig_531,CC1CCNc2c(c(=O)n(C)c3[nH]c(=O)n(C4CCCCC4)c(=O)c23)C1,-10.95,5,3.241,5.147,0.91
lig_656,CC=Cc1ccc(C)c2[nH]c(N3CCC(N4CCCCC4=O)C3)c(C)c(=O)c12,-10.95,6,2.182,3.335,0.14
lig_1531,CN(C)C(=O)CC1CCC2c3cc(O)cc4cc(O)cc(c34)CC2C1,-10.95,8,2.182,3.246,0.13
lig_1583,CN1C(=O)N2C(=CC3CC(N4CCCCC4=O)CCC32)c2cc(C(=O)O)c(=O)[nH]c21,-10.95,6,2.637,4.246,0.6
lig_2194,Cc1c2c(=O)n3c(c4c2c(c(=O)n1C(=O)CC(C)C(=O)O)CCC4)CCCC3,-10.95,5,1.934,2.191,0.89
lig_2755,O=C(O)c1cc2c(c3cc(O)ccc13)CCc1ccccc1-2,-10.95,8,3.001,6.705,0.24
lig_2840,O=C1CCC2CCOc3cc4[nH]c(=O)n(C5CCCCC5)c(=O)c4c(c32)N1,-10.95,5,1.901,2.062,0.33
lig_1446,CCc1ccc2c(c1)C(C(=O)O)=CC1CC3C4CCCC(=O)N4CCN3C(=O)N21,-10.94,4,1.997,2.91,0.64
lig_1899,COc1c2c3c(c(C)cc(O)c3c3cc4n(c13)CCN(CC(=O)O)C4)CCC2,-10.94,6,2.016,2.853,0.83
lig_1388,CCc1cc(O)cc2c1-c1cc(N3CCCC3)c(O)cc1C(=O)C2C,-10.93,4,2.021,2.407,1.37
lig_1736,CNC(=O)CN1Cc2ccc3cc(O)c4c5c3c2C(CC5CC(O)C(=O)C4)C1,-10.93,2,3.322,3.322,2.82
lig_2619,O=C(O)C1=Cc2c3n(c(=O)n2C2CCCCC2)CCC(c2ccccc2)=C3C1,-10.93,8,1.685,2.304,0.19
lig_2631,O=C(O)C1CCOc2c1ccc1c2CC=C2N3C=CC=CC3=CC(=O)N21,-10.93,6,2.629,3.467,0.46
lig_1169,CCN1CC2CCc3c(C(=O)NCC(=O)O)ccc4ccc(c2c34)C1=O,-10.92,7,2.122,2.978,0.7
lig_2496,Cn1c(=O)n(C2CCCCC2)c(=O)c2cc(N3C(=O)COC3=O)ccc21,-10.92,6,2.142,2.488,1.3
lig_2696,O=C(O)CN1Cc2cncc3c2C(C1)C1=CC(=O)c2c1n-3c(=O)c1ccc(Cl)cc21,-10.92,6,2.612,3.474,0.21
lig_792,CCC1CCc2c(c(NC)c3c(=O)n(C4CCCCC4)c(=O)[nH]c3c2C)C1,-10.91,5,2.16,2.717,0.32
lig_1484,CCc1cnc(N2Cc3cccc4c3C(C2)C2C(C)CCCC2N4)cc1C(=O)O,-10.91,5,2.266,3.554,0.22
lig_2323,Cc1cc2c3c4c1CC1CC1C4CCC3CN(C(=O)CCC(=O)O)C2,-10.91,6,2.889,4.377,0.24
lig_2554,Nc1nc(=O)n2cccc3c2c1-c1ccc(CC(=O)N2CCCCCC2)c(=O)n1C3,-10.91,9,2.686,5.598,0.4
lig_2658,O=C(O)CCCn1c(=O)c2c3c4c(cccc41)C(=O)C1=C3C(=C=C1)CCN2,-10.91,7,2.166,2.832,0.51
lig_2791,O=C(O)c1cccc(N2CCc3cc(O)c4c5c(ccc2c35)OCC4)c1,-10.91,9,1.842,2.12,0.5
lig_164,CC(C)(C)c1ccc(O)c2c(CCN3CCCCCC3=O)cc(C(=O)O)cc12,-10.9,8,1.947,2.672,0.55
lig_1098,CCCc1nccc2c1Cc1cc(O)cc3c(CN4CCCC4=O)cn(c13)C2=O,-10.9,4,1.72,1.928,0.03
lig_1387,CCc1cc(O)cc(-n2cc(CN3CCCC3=O)c3ccc(CC(=O)O)cc32)c1,-10.9,9,3.863,6.63,1.0
lig_2452,Cc1nc(N)c(CCc2ccccc2)c2c1CC1(C)C=CC=C1O2,-10.9,6,2.71,3.791,1.17
lig_2812,O=C(c1cccc(CN2CCc3ccc(O)cc3C2)c1)N1CCCCC1CO,-10.9,9,3.746,5.289,0.08
lig_735,CCC1=C2c3ccnc4c3C(=C(C)C(=O)C2CC1)CN4CCC(C)(C)C(=O)NC,-10.89,2,1.678,1.678,0.48
lig_790,CCC1CCOc2c1cc(CC(=O)O)c1c(=O)n(C3CCCCC3)c(=O)[nH]c21,-10.89,3,1.734,2.116,1.72
lig_904,CCCC1=CCN=c2c(C)cc3c4c(ccc3c2=C1)CCN(C(=O)CN(C)C)C4,-10.89,4,2.201,2.843,1.08
lig_1136,CCN(CC(C)C)c1c(O)cc2cc3c4c5c2c1CCC5CC(O)C4=CCO3,-10.89,6,1.962,2.387,0.46
lig_2420,Cc1cccc2c(=O)n(C(=O)c3cccc(Cc4ccc(F)cc4C(=O)O)c3)ccc12,-10.89,9,2.805,3.887,0.09
lig_641,CC=Cc1c(NC(=O)CN2CCCCC2=O)cc2c3c1C=C(C)C(=O)C=3COC=2,-10.88,6,2.074,2.488,0.39
lig_1661,CN1Cc2c(N3CC(=O)N4CCCCC4C3)ccc3cc(C(C)(C)C)cc(c23)C1=O,-10.88,7,2.248,2.88,0.09
lig_1669,CNC(=O)C(C)(C)CCN1CC2=C(C)C(=O)C3CC(=O)C=C3c3ccnc1c32,-10.88,9,2.084,2.779,0.48
lig_1714,CNC(=O)CN1CCc2c(ccc3c(=O)n4c(cc23)-c2cc(O)ccc2CC4)C1,-10.88,9,2.826,5.859,0.22
lig_2326,Cc1cc2c3c4c1OCC(C)C=C4C(O)=CC3CN(C(=O)CCC(=O)O)C2,-10.88,4,2.375,2.777,0.62
lig_2405,Cc1ccc2ccc3c(c2c1)CCC1CC(CCNC(=O)C(C)(C)C)CC(=O)N31,-10.88,9,2.146,2.597,0.12
lig_2542,NCCc1ncc(C(=O)O)c2ccc(C(=O)N3CCCC(c4ccccc4F)C3)cc12,-10.88,9,2.693,3.864,0.2
lig_052,CC(=O)N1CN=C(N2CCCC2)c2cc3c(nc21)-c1c(C)cc(O)cc1OC3O,-10.87,3,2.264,2.581,0.43
lig_662,CC=Cc1cccc2c1COc1c(C)cc3c4c(ccc3c1-2)C(=O)N(CCO)CC4,-10.87,6,3.214,4.033,0.51
lig_761,CCC1C=C2C(=Nc3c(CN(C)C(=O)C4=CN(C)C(=O)C4)cccc3N2C(C)=O)C(C)=C1O,-10.87,2,1.706,1.706,2.76
lig_1001,CCCNC(=O)CN(C)c1ccc2c(c1)C1CN=C3C=Cc4cc(C)cc-2c4N31,-10.87,6,2.074,2.384,0.18
lig_1606,CN1CC2(C)CCCn3c(=O)n(C4CCCCC4)c4c(O)c5c(c2c43)C1CCC5,-10.87,2,2.047,2.047,1.94
lig_1933,COc1cc(C2CCCC(=O)N2)c2cc(Cc3ccns3)ccc2n1,-10.87,4,2.274,3.815,0.49
lig_1999,COc1cc2c3c(c1)=C1CC(C(=O)O)CCC1CC=3C(=O)C(C(C)(C)C)=C2,-10.87,2,2.226,2.226,2.64
lig_2063,COc1ccc2c(C(=O)O)cc3c(c2c1)CC(C)(C)CN(C12CC(=O)N(C)C1C2)C3=O,-10.87,2,1.929,1.929,1.43
lig_2192,Cc1c2c(=O)n3c(c4c2c(c(=O)n1C(=O)CC(C)C(=O)O)CCC4)CCC(=O)C3,-10.87,4,2.06,2.517,0.6
lig_2500,Cn1c2c(cc(-c3ccccc3)c1=O)CC1(C)CC(C(=O)O)CCC1C2,-10.87,5,2.006,2.672,0.16
lig_607,CC=C(C)c1cc2c(O)c(C)nc(-c3cccnc3)c2cc1C(=O)OC,-10.86,3,1.293,1.795,0.5
lig_1319,CCc1c(O)c2c3c(ncc4c3c1C=C(O)C4=O)N(C1CCCCC1)C(=O)C2,-10.86,3,1.537,1.651,0.31
lig_2270,Cc1cc(O)cc(-n2cc(CN3CCCC3=O)c3ccc(CC(=O)O)cc32)c1,-10.86,9,2.697,6.792,0.96
lig_2434,Cc1ccccc1Cc1cccc(NC(=O)C2=CC=CC2)c1,-10.86,9,2.084,2.739,0.39
lig_2464,Cc1nc2cc(CCN3CCCCC3=O)ccc2n(-c2ccccc2)c1=O,-10.86,8,3.506,7.479,0.09
lig_102,CC(=O)NCc1coc2c1c(=O)n1c3c(c(C)ccc23)CC(C(=O)O)C1,-10.85,6,2.548,3.17,0.94
lig_1614,CN1CC2CCc3c(C(=O)NCC(=O)O)ccc4ccc(c2c34)C1=O,-10.85,8,2.266,3.71,0.55
lig_2683,O=C(O)CN1CCc2cc3c4c(ccc3cc2C1)CCC(=C1C=CN=C1)S4,-10.85,7,4.217,5.752,0.43
lig_262,CC(CC(=O)n1c(=O)c(C(C)C)cc2c3c(ccc21)OCC(C(=O)O)=C3)C(=O)O,-10.84,5,3.002,5.947,1.42
lig_1189,CCNC(=O)CN1Cc2c(c(C(=O)O)c3ccc(OC)c4c3c2CCN4)CC1=O,-10.84,5,2.019,2.475,1.77
lig_1442,CCc1ccc2c(OC)ncc3c2c1NC(C(=O)N1CCCCC1)=C3,-10.84,9,2.171,4.033,0.41
lig_2092,COc1ccc2c3c(cc(CC(=O)O)c2c1)NC(=O)N(C1CCCCC1)C3,-10.84,8,2.166,3.131,0.82
lig_2105,COc1ccc2cc(CC(=O)N3CCCNCC3)c(=O)n3c2c1Nc1ccccc1-3,-10.84,6,1.892,2.149,0.33
lig_2154,Cc1c(CCN2CCCCCC2=O)cc2c3c1c(=O)c(O)c(C)n3C(=O)CC2,-10.84,7,1.965,2.874,0.28
lig_2751,O=C(O)c1cc(N2C=CC3CCC=CC3=C2)cc2ccccc12,-10.84,9,2.639,4.178,0.23
lig_581,CC1OC(=O)c2cccc3c2C1Cc1c(ccc2c1C(=O)N(CC(=O)O)C2)N3,-10.83,2,1.812,1.812,2.66
lig_590,CC1Oc2c(CO)cc(C(=O)N3CCN(C)C(=O)C3)cc2-c2ccccc21,-10.83,5,2.619,3.837,0.33
lig_802,CCC1Cc2c(c3c(=O)n(C4CCCCC4)c(=O)[nH]c3n(C)c2=O)NC1=O,-10.83,7,2.181,3.094,0.4
lig_1573,CN1C(=O)CC2CC(O)Cc3cc(CC4CCC(C(=O)O)CC4)cc1c32,-10.83,8,2.204,2.98,0.33
lig_1607,CN1CC2(C)CCCn3c(=O)n(C4CCCCC4)c4c(O)cc(c2c43)C1=O,-10.83,4,1.868,1.984,2.15
lig_1716,CNC(=O)CN1Cc2ccc(C(=O)N3CC4CC(O)CC4C3)cc2C2(CCCC2)C1,-10.83,5,2.297,2.78,0.89
lig_1737,CNC(=O)CN1Cc2ccc3cc(O)c4c5c3c2C(CC5CC(O)C=C4)C1,-10.83,9,3.344,4.147,0.56
lig_2210,Cc1c2c3c(c4c(=O)n(C5CCCCC5)c(=O)[nH]c14)CCC(O)C3=CCO2,-10.83,3,1.724,2.058,1.18
lig_2633,O=C(O)C1Cc2c(ccc3cc(C(=O)N4CCCC4)c(O)cc23)C(=O)N2CCCC12,-10.83,9,2.893,6.785,1.01
lig_057,CC(=O)NC1=Cc2cccc3c(NC4CCCN(C)C4=O)ccc(c23)C1=O,-10.82,6,2.231,3.277,0.32
lig_325,CC1(C)CCc2ccc3c4c2C1CC(CN)=C4CC(CC(=O)O)C3,-10.82,7,3.076,3.821,0.31
lig_752,CCC1C(=O)N(C)c2c1ccc1ccc(C(=O)N3CCCC3C(=O)NC)cc21,-10.82,9,2.547,4.491,1.24
lig_2267,Cc1cc(O)c2c(c1)C(C)Cc1c(CCCC(=O)N3CCCCC3)cn(C)c1-2,-10.82,9,2.381,3.42,1.04
lig_2331,Cc1cc2c3n(c1=O)Cc1c(ccc4c1CCCN(CC(=O)O)C4)C31CCC(C2)C1,-10.82,3,4.503,4.821,2.7
lig_2441,Cc1cn2c(C(=O)O)cc(CC(=O)N3CCCC3)c2cc1C1=NCCC(=O)N1,-10.82,8,2.947,4.866,1.33
lig_2863,O=C1CCCN1Cc1cc(C(F)(F)F)cc2c1Cc1ccccc1N2,-10.82,8,3.564,6.471,0.24
lig_1318,CCc1c(O)c(C)cc2cc3ncn(C(=O)NC4CCCCC4)c3cc12,-10.81,7,2.728,5.985,0.39
lig_1451,CCc1ccc2c3c(cc(O)c2c1)C=C(CCC(=O)NC)CC3,-10.81,9,2.634,3.531,0.26
lig_1520,CN(C(=O)CCN)C1CCc2c3c4c5c(ccc4c(=O)n2C1)CC=C(O)C5=CC3O,-10.81,4,2.781,3.43,0.05
lig_1576,CN1C(=O)Cc2ccc(CCCC(=O)N3CCCCC3)c3cc(CN)cc1c23,-10.81,9,2.299,2.918,0.34
lig_2034,COc1ccc(-c2cccc3ccccc23)c(CN2CCCC2=O)c1,-10.81,9,4.548,11.139,0.95
lig_2324,Cc1cc2c3c4c1CCCCC4CCC3CN(C(=O)CCC(=O)O)C2,-10.81,6,3.27,5.024,0.37
lig_2412,Cc1cccc(-c2ccc3cccc(NC(=O)C4CCCCN4C(=O)CCC(=O)O)c3c2)c1,-10.81,6,5.913,8.939,0.85
lig_407,CC1=Cc2c3cc[nH]c4c-3c(nc(=O)n4C3CCCCC3)[nH]c(=O)c2=CC1,-10.8,5,1.991,2.495,0.16
lig_539,CC1CCc2cc3ccccc3c(CN3CCCC3=O)c2C1,-10.8,5,2.073,4.273,0.71
lig_1476,CCc1cnc(N2Cc3cccc4c3C(C2)C(C(=O)O)CC4(C)C)cc1C(=O)O,-10.8,9,2.476,2.979,0.37
lig_1700,CNC(=O)CC1CCC(c2ccc3cccc(C(=O)NCCO)c3c2)CC1,-10.8,8,2.424,3.06,0.65
lig_1754,CNC(=O)c1cc2c(NC(=O)CCN3CCCCC3=O)cccc2cc1CC(C)C,-10.8,9,3.18,6.092,0.43
lig_2311,Cc1cc2c3c(c1O)C=CC1N=CN(C=C2CCCC(=O)N2CCCCC2)N31,-10.8,9,2.4,2.641,0.48
lig_2750,O=C(O)c1cc(N2C=CC3C=CC=CC3=C2)cc2ccccc12,-10.8,9,2.283,3.279,0.12
lig_632,CC=CC1=CCC(O)C(c2cn(C(=O)N3CCCC3)c3ccccc23)=C1,-10.79,8,2.449,3.993,0.61
lig_1089,CCCc1cccc(NC(=O)c2cccc3c2CN(C)C(=O)C(C)C3)c1,-10.79,9,2.118,3.291,0.53
lig_547,CC1CN2CCC3(CCCC(C(=O)O)C3)CC3CC=C4C(=O)CCC1C4=C32,-10.78,2,1.922,1.922,2.16
lig_787,CCC1CCCn2c(=O)n(C3CCCCC3)c3cc(C(=O)O)cc1c32,-10.78,5,1.533,2.038,1.33
lig_805,CCC1N=C(C)N=C1c1ccc2c(N3CCCCC3)c(O)ccc2c1,-10.78,9,2.554,3.865,0.47
lig_1112,CCN(C(=O)CO)C1=CCn2c(c3c4c5c(cccc5ccc42)C(O)CC3)C1,-10.78,8,2.504,3.267,0.34
lig_1766,CNCc1cc2c3c(ccc4c3c1N1CCCN1C(=O)CC4)COC2=O,-10.78,3,2.141,2.514,1.82
lig_2329,Cc1cc2c3cc(cc(C)c3c1)CCC(=O)NC(C)(C)CCCNCC2,-10.78,4,2.591,4.052,1.38
lig_2413,Cc1cccc(-n2c(=O)c(C)nc3cc(CCN4CCCCC4=O)ccc32)c1,-10.78,9,2.069,3.179,0.09
lig_2667,O=C(O)CCc1cc2c(=O)n(C3CCCCC3)c(=O)[nH]c2c2c1C=CCO2,-10.78,7,2.236,4.128,0.56
lig_2780,O=C(O)c1cccc(-c2cccc(-c3cccc(C(=O)O)c3)c2)c1,-10.78,9,2.47,3.271,0.02
lig_1468,CCc1cn(C)c(=O)c2ccc(C(=O)N(C)Cc3ccc(O)cc3F)cc12,-10.77,9,2.576,3.609,1.02
lig_1528,CN(C)C(=O)CC1CCC2c3cc(O)c4c(c3CCC2C1)NCCC4,-10.77,9,2.341,3.391,0.54
lig_2066,COc1ccc2c(CCCC(=O)N3CCCCC3)ccc3c2c1CCC3,-10.77,9,1.929,2.909,0.19
lig_2347,Cc1ccc(-n2ccn3c(=O)n(C4CCCC(C(=O)O)C4)c4cc(F)cc-4c23)o1,-10.77,9,2.377,2.74,0.06
lig_244,CC(C)c1ccc(O)c2c(CCN3CCCCCC3=O)cc(CC(=O)O)cc12,-10.76,9,2.189,2.783,0.28
lig_544,CC1CN(C)c2cc(CC(=O)N3CCCCC3)nc3ccc(O)c1c23,-10.76,9,1.841,2.274,0.42
lig_1078,CCCc1ccc(O)c2c(O)cn(CC3CCN4C(=O)CCCCC4C3)c(=O)c12,-10.76,7,2.166,3.08,0.57
lig_1747,CNC(=O)c1cc(C)c2cccc(NC(=O)CCN3CCCCC3=O)c2c1,-10.76,9,2.463,3.202,1.05
lig_2615,O=C(O)C1=CCC2=CC(=O)N3C(=CCc4c3ccc3c4OCCC3C(=O)O)N2C1,-10.76,5,2.048,2.309,0.03
lig_2748,O=C(O)c1cc(F)ccc1CC(=O)N1Cc2cccc(-c3ccncc3)c2C1,-10.76,9,2.375,4.11,0.03
lig_2826,O=C1C=Cc2ccc3c4c(cc(O)c1c24)C1CCCN1C(=O)CC3,-10.76,4,1.964,2.526,0.23
lig_714,CCC(C)n1c2c3c(cc1=O)NC=C1CN=C4Oc5cc(F)cc(c5C3=C14)C2,-10.75,8,2.518,2.952,0.59
lig_1115,CCN(C(C)=O)c1ccc2cc(OC)c(-c3cc(C)c(O)cc3O)cc2c1,-10.75,8,2.451,3.087,0.65
lig_1508,CCn1c(=O)n(C2CCCCC2)c(=O)c2c3c(c(C(C)C)cc21)CCC3,-10.75,7,1.932,2.741,0.52
lig_1709,CNC(=O)CCC1=Cc2cc3c4c(ccc(O)c4c2CC1)C(C)=C(OC)O3,-10.75,9,2.361,3.208,0.4
lig_2104,COc1ccc2c3c4c(c5c2c1CNC5)CC(CC(=O)O)C(=O)N4CCC3,-10.75,8,1.856,2.557,0.23
lig_2312,Cc1cc2c3c(c1O)CCC1=CCN(C=C2CCCC(=O)N2CCCCC2)N13,-10.75,9,2.295,3.407,0.41
lig_2677,O=C(O)CN1CCc2c(ccc3c2CC(=O)c2ccccc2-3)C1,-10.75,9,2.334,3.033,0.26
lig_779,CCC1CC2CCCn3c(=O)n(C4CCCCC4)c4c(O)c(C(=O)O)c(c2c43)N1,-10.74,4,1.956,2.293,1.52
lig_1291,CCOc1ncc2c3c(c(CC)ccc13)NC(C(=O)N1CCCCC1)=C2,-10.74,9,2.046,2.736,0.46
lig_1718,CNC(=O)CN1Cc2ccc(C(=O)N3CC4CCCC4C3)cc2C2(CCCC2)C1,-10.74,9,3.332,7.382,0.68
lig_1733,CNC(=O)CN1Cc2ccc3cc(C)cc4c3c2C(CC4CC(=O)O)C1,-10.74,5,2.843,3.453,1.97
lig_1968,COc1cc2c(NC(=O)N3CCN4C(=O)CC(O)CCC4C3)cccc2cc1C(=O)O,-10.74,8,2.178,2.644,0.16
lig_2793,O=C(O)c1cccc2c1C1=CC=CNC1=C(N1CCC(N3CCCCC3=O)C1)N2,-10.74,9,2.005,2.451,0.3
lig_128,CC(C(=O)O)c1cc2c3c(ccc(C(=O)O)c3c1)C(=O)N(CC(=O)N(C)C)C2,-10.73,5,2.453,3.378,0.82
lig_227,CC(C)Nc1nc(=O)n2c3c(cc(CCCC(=O)O)cc13)OC1CCCCC12,-10.73,4,2.369,2.692,2.47
lig_386,CC1=CC2CC=Cc3ncnc4c(CCN5CCCCC5=O)nc1c2c34,-10.73,9,2.061,2.92,0.01
lig_443,CC1C(=O)N=C2CC3CC(CC(=O)N(C)C)CCC3c3cc(O)cc1c32,-10.73,4,2.349,2.563,2.17
lig_473,CC1CC(O)C2CC3CC(N4CCCCC4=O)CCC3n3c2c1c(=O)n(C)c3=O,-10.73,4,3.157,4.014,1.93
lig_1175,CCN1Cc2cccc3c(=O)n(C4C=C(C(=O)O)C(C)(C)C4)cc(c23)C1=O,-10.73,5,2.309,3.928,0.01
lig_2919,O=c1n2c3c4c(c(CO)cc3n1C1CCCCC1)C=CC1=COC(CC2)N14,-10.73,6,1.488,1.817,1.15
lig_039,CC(=O)N1C=C2C=CN(C)C=C2c2cc(O)c3c(N4CCCCC4)cccc3c21,-10.72,2,2.297,2.297,2.71
lig_686,CCC(C(=O)O)c1ccc2c(c1)C(=O)C1CCC(C)c3ccc(=O)n-2c31,-10.72,9,2.069,2.742,0.25
lig_2488,Cn1c(=O)c2c(N3CCC4CCCC4C3)c(O)cc3c2n(c1=O)C1CCCCC1C3,-10.72,3,3.26,4.653,2.08
lig_2668,O=C(O)CCc1cc2c(=O)n(C3CCCCC3)c(=O)[nH]c2c2c1CCCO2,-10.72,7,2.065,2.926,0.55
lig_2795,O=C(O)c1cccc2c1Cc1cc(O)cc3c(CN4CCCC4=O)cn(c13)C2=O,-10.72,5,2.573,4.61,0.83
lig_088,CC(=O)NCCn1c(=O)c2ccc(C)cc2n(CCc2ccccc2)c1=O,-10.71,9,2.612,3.374,0.13
lig_258,CC(CC(=O)N1CC2(C)CC=Cc3cccc(c32)C1=O)C(=O)O,-10.71,4,3.704,3.89,1.25
lig_829,CCC=Cc1c(=O)n2c(c3cc(O)c(OC)cc13)CCC(NC(C)=O)C2,-10.71,3,2.042,2.161,1.14
lig_906,CCCC1C=c2c(c(C)cc3c4c(ccc23)CCN(C(=O)CN(C)C)C4)=NCC1,-10.71,5,2.329,2.619,0.39
lig_2310,Cc1cc2c3c(c1C)CN(CCc1cc4ccccc4o1)C(=O)C3CCCO2,-10.71,8,2.256,3.068,0.08
lig_009,C=C(C)c1cc2c(c3c1CCC3)c(=O)n(C1CCCCC1)c(=O)n2CC,-10.7,6,1.874,2.584,0.45
lig_087,CC(=O)NCCc1ncc(C(=O)O)c2ccc(C=C3CCCC(C(=O)O)C3)cc12,-10.7,8,3.777,6.917,0.27
lig_382,CC1=CC2=CC(=O)N(C3CCCN4C(=O)CCC4C3)CC2C=C1O,-10.7,9,2.153,3.386,0.1
lig_758,CCC1C2=CCOc3ccc4c(c32)C(CCC(CN2CCCCC2=O)O4)C1O,-10.7,3,2.25,2.812,1.08
lig_1111,CCN(C(=O)CO)C1=CCn2c(c3c4c5c(cccc5ccc42)C(=O)C(O)C3)C1,-10.7,6,2.324,2.878,1.06
lig_1572,CN1C(=O)CC2CC(O)=Cc3cc(CC4CCC(C(=O)O)CC4)cc1c32,-10.7,7,2.329,3.407,0.17
lig_2314,Cc1cc2c3c(c4c(cc3c1)CN(CC(=O)O)C4)CCC2=O,-10.7,6,3.118,3.748,0.22
lig_007,C=C(C)c1cc2c(O)c(C)nc(-c3ccccc3)c2cc1C(=O)OC,-10.69,3,2.074,2.378,2.32
lig_211,CC(C)CNC(=O)c1cc2n(c1)-c1cccc3c1C(C2)C1COCCN1C3=O,-10.69,9,2.085,3.093,0.02
lig_331,CC1(CN2CCCCC2=O)CC2CC(=O)C3=C2c2c(ccc4c2C(=CCO4)C3)O1,-10.69,6,4.332,10.03,2.22
lig_471,CC1CC(C)(C)c2cc3cc(O)c(N4CCCC4)cc3cc2O1,-10.69,9,2.304,3.141,0.83
lig_527,CC1CCN(C2CCC3CC(=O)NCC4=C(C=CC4)CCC3C2)C(=O)C1,-10.69,7,2.695,3.415,0.81
lig_1842,COC1=Cc2c(OC)c(C)c3[nH]c(=O)n(C4CCCCC4)c(=O)c3c2CC1,-10.69,4,1.855,2.104,0.22
lig_1873,COc1c(C(=O)O)cc2cccc3c2c1C=C1OC(N2CCCCC2=O)CC(=O)N13,-10.69,9,3.607,6.405,0.05
lig_1911,COc1cc(-c2cccc(C(=O)NC3CCCCC3)c2)ccc1C,-10.69,9,2.352,2.809,0.35
lig_2070,COc1ccc2c(NC(=O)N3CCN4C(=O)CCCCC4C3)cccc2c1O,-10.69,9,2.359,3.04,0.41
lig_2685,O=C(O)CN1CCn2c(cc3c4cc(O)cc5c4c(cc32)OCCC5)C1,-10.69,8,2.258,2.785,0.87
lig_2851,O=C1CCCCN1CCC(=O)n1ccc2c(-c3ccccc3)cc(O)cc21,-10.69,9,2.329,3.384,0.05
lig_091,CC(=O)NCc1c2c(nc3c(C)cccc13)CCN(C1CC(=O)NCCO1)C2,-10.68,5,2.734,4.499,1.74
lig_486,CC1CC2c3c(cccc3C1=O)CCC2CN1CCCC(C(=O)NCC(=O)O)C1,-10.68,9,2.431,3.201,0.03
lig_903,CCCC1=CC=C2Cn3c(ccc(CC(=O)N4CCCCCC4)c3=O)C(C(N)=O)=C2N1,-10.68,9,2.288,2.661,0.14
lig_1002,CCCNC(=O)CN(C)c1ccc2c(c1)C1COC(=O)C1c1ccccc1-2,-10.68,9,2.903,6.522,0.39
lig_1445,CCc1ccc2c(c1)-c1nc(CO)c3c4c(cnc3c1CC2)CN(CC(=O)O)CC4,-10.68,6,3.056,4.195,0.06
lig_2167,Cc1c(N)ncc2c1C(=O)n1cc(CN3CCCC3=O)c3cc(O)cc(c31)C2,-10.68,4,2.883,5.073,1.94
lig_2289,Cc1cc2c(c3c(=O)n(C4CCCCC4)c(=O)[nH]c13)NC(=O)C(F)=CC2,-10.68,6,3.981,9.074,0.08
lig_239,CC(C)c1cc(OC(F)(F)F)cc2c3c(cnc12)CN(CC(=O)O)CCC3,-10.67,8,2.83,3.938,0.53
lig_533,CC1CCc2c(CCC(=O)N(C)C)[nH]c3c2c1nc(=O)c1ccccc13,-10.67,8,2.617,4.292,1.17
lig_564,CC1Cc2cccc(C(=O)NC3CCc4ccccc43)c2CN(C)C1=O,-10.67,9,3.042,6.328,0.61
lig_759,CCC1C=C(CO)Nc2c1ccc1ccc(C(=O)N3CCCC3C(=O)NC)cc21,-10.67,7,2.724,5.368,1.03
lig_1561,CN(CCO)C1CCN(C(=O)c2cc(C(=O)O)c3c(c2)-c2ccccc2CC3)C1,-10.67,9,3.214,4.698,0.17
lig_1644,CN1CCCN(CCC(=O)Nc2cccc(-c3cccc(O)c3)c2)C1=O,-10.67,9,2.039,3.241,0.41
lig_1724,CNC(=O)CN1Cc2ccc(OC)c3c2C(Cc2c-3cc(C)c(O)c2OC)C1,-10.67,3,2.191,2.6,1.47
lig_1900,COc1c2c3c(cc(C)c(O)c3c3cc4n(c13)CCN(CC(=O)O)C4)CCC2,-10.67,4,2.187,3.3,1.23
lig_2113,COc1ccc2ccc3c(c2c1)CN(C(=O)Cc1ccc(F)cc1C(=O)O)C3,-10.67,9,3.285,5.075,0.1
lig_2170,Cc1c(N2CCC(N3CCCCC3=O)C2)[nH]c2c(C(=O)O)ccc(C)c2c1=O,-10.67,6,2.015,2.503,0.7
lig_2905,O=C1Nc2ccccc2CN1Cc1cccc(C(=O)N2C3CCCC2CC3)c1,-10.67,9,2.115,2.92,0.05
lig_245,CC(C)c1ccc2c(=O)n(C(=O)CC(C)(C)C(=O)O)c3c(c2n1)CCCC3,-10.66,2,2.588,2.588,0.64
lig_577,CC1Nc2ccccc2-c2nc3c(cc21)C(N1CCCC1)=NCN3C1CCCO1,-10.66,2,1.604,1.604,1.44
lig_1185,CCNC(=O)CC1(O)CCCN(c2cc3c4c(cc(O)cc4c2)CCC3)C1=O,-10.66,9,2.254,2.799,0.24
lig_1663,CN1Cc2c(cc(C3=CCCC3)cc2CN2CCCC2=O)CC1=O,-10.66,7,3.044,6.333,0.09
lig_1876,COc1c(C)c2c(c3cc4n(c13)CCN(CC(=O)O)C4)C(=O)C1=C(CCO1)C2,-10.66,4,2.306,2.624,1.16
lig_2395,Cc1ccc2c3c1C=NCC3C(O)C=C2CC1CCC(C(=O)O)CC1,-10.66,9,3.551,5.01,0.42
lig_2546,NCc1cc(O)cc(-n2cc(CN3CCCC3=O)c3ccc(CC(=O)O)cc32)c1,-10.66,9,2.212,2.538,0.92
lig_2659,O=C(O)CCCn1c(=O)c2c3c4c(cccc41)C(=O)C1=C3C(C=C1)CCN2,-10.66,8,2.18,2.62,0.32
lig_081,CC(=O)NC1CCc2c3c4c(cccc4c(=O)n2C1)N(C(C)=O)CC3,-10.65,6,1.963,2.213,0.11
lig_197,CC(C)C1=CCC(O)c2ccn(CC3CCN4C(=O)CCCCC4C3)c(=O)c21,-10.65,6,1.998,2.647,1.07
lig_553,CC1Cc2c(c(O)c3c4c2C(=O)CCCn4c(=O)n3C2CCCCC2)C(=O)O1,-10.65,5,1.75,1.985,1.18
lig_643,CC=Cc1c(NC(=O)CN2CCCCC2=O)cc2coc(=O)c3c2c1C=C(C)C3,-10.65,9,2.298,2.817,0.34
lig_1795,COC(=O)c1c2c3c(c4c(CN(C)C(=O)C5=NN=CC5)coc4cc3c3c1=NCC=3)C=CC2,-10.65,5,2.135,2.521,0.24
lig_1845,COC1=Cc2c3n(c(=O)c4cccc(c24)C1=O)CCC(CC(=O)O)C3,-10.65,9,2.106,2.486,0.16
lig_2379,Cc1ccc2c(c1)OCc1c(NC(=O)CCN3CCCN(C)C3=O)cccc1-2,-10.65,9,2.177,3.161,0.23
lig_106,CC(=O)Nc1nc(=O)n(C2CCCCC2)c2ccc(CC(=O)O)cc12,-10.64,5,2.308,2.484,1.44
lig_301,CC1(C)CC(CC(=O)O)n2c(c3c4c(ccc(O)c4c2=O)C(=O)C=C3)O1,-10.64,4,2.404,3.842,1.1
lig_424,CC1=NC(C)(C)C(c2ccc3c(N4CCCCC4)c(O)ccc3c2)=N1,-10.64,9,2.442,2.941,0.42
lig_532,CC1CCOc2ccc3c(CN4CCCC4=O)cc(CC(=O)O)cc3c21,-10.64,8,2.709,3.827,1.42
lig_1004,CCCNC(=O)CN(C)c1ccc2c(c1)C1COC(C)C1c1ccccc1-2,-10.64,9,2.678,5.671,0.59
lig_1293,CCc1c(=O)n(C2CCCC(C)(C(=O)NC)C2)cc2c(O)cc(C(=O)O)cc12,-10.64,9,2.083,2.533,0.13
lig_1666,CN1Cc2cccc3c2-c2c(cn(CCCN4CCNCC4=O)c2CO3)C1=O,-10.64,6,1.942,2.646,0.27
lig_2101,COc1ccc2c3c1NCc1c-3c(c(=O)n(F)c1C)CCN(C)C2=O,-10.64,2,2.496,2.496,0.94
lig_2268,Cc1cc(O)c2c3c(ccc(NC(=O)C4CCOCC(O)C4)c13)C(C)(C)CC2,-10.64,5,1.914,2.442,0.27
lig_2403,Cc1ccc2ccc3c(CN4CCCC4=O)cc(C(F)(F)F)cc3n12,-10.64,8,2.985,4.066,0.63
lig_2670,O=C(O)CCc1cccc(-n2c(=O)c(CC(=O)N3CCCNCC3)cc3ccsc32)c1,-10.64,9,2.872,4.675,1.25
lig_2690,O=C(O)CN1Cc2ccc3c(c2C1)C1CCC(O)C1c1ccccc1-3,-10.64,7,3.308,4.057,0.94
lig_173,CC(C)(CC(=O)n1c2c(c3ccccc3c1=O)C(C)(C)CC2)C(=O)O,-10.63,6,2.953,3.705,1.79
lig_252,CC(C)c1cccc2c1Cc1cc(O)cc3c(CN4CCCC4=O)cn(c13)C2=O,-10.63,5,2.768,4.611,0.01
lig_2119,COc1cccc2c1CCc1c-2ccc2c1CCN(CC(=O)O)C2,-10.63,4,2.209,2.384,1.64
lig_083,CC(=O)NC1CCc2cc3c4c(ccc3c(=O)n2C1)CCC(=O)N4,-10.62,8,2.441,3.403,0.15
lig_152,CC(C)(C)CC(=O)CNC(=O)c1cccc2c1Oc1cccc3c1C2CCO3,-10.62,6,1.951,2.112,0.94
lig_521,CC1CCN(C(=O)NCc2cccc(C(=O)N3CCCC(C)C3)c2)CC1,-10.62,9,3.204,4.619,0.31
lig_835,CCCC(=O)N(C)C1CCC2C(CC3=C4C(=NCc5cc(O)ccc54)NC(=O)N32)C1,-10.62,6,2.913,4.717,0.16
lig_1335,CCc1c2c(nc3ccc(C(=O)O)cc13)NC(=O)N(C1CCCCC1)C2,-10.62,7,2.39,2.848,0.75
lig_1437,CCc1ccc2c(=O)cc3c4c(nccc4c2c1)N(CCC(C)(C)C(=O)NC)C3,-10.62,9,2.432,2.889,0.04
lig_1687,CNC(=O)C1CCCN1C(=O)c1ccc2ccc3c(c2c1)N(C)C(=O)C3CC(=O)O,-10.62,9,2.34,4.667,0.24
lig_1849,COC1=NC2C=CN=CN2c2cc3cnc(CC(=O)N4CCCCCC4)c(=O)n3cc21,-10.62,5,3.072,5.953,1.25
lig_1897,COc1c2c(cc3c1CC=C1C=C(O)C=CN13)CCN(CC(=O)Nc1ccccc1)C2,-10.62,8,2.742,4.125,0.54
lig_2498,Cn1c2c(c3c(c1=O)CC(=O)C(O)C3)CN(C1(C)CCCCC1)C=C2,-10.62,8,3.885,8.2,0.38
lig_2693,O=C(O)CN1Cc2ccc3c4c(ccc(c24)C1)C1C=CC=CC1=C3C(=O)O,-10.62,4,2.243,2.78,0.2
lig_2796,O=C(O)c1cccc2c1ccc1c2[nH]c(=O)n1C1CCCCC1,-10.62,8,2.448,2.95,0.49
lig_2918,O=c1c2cc(OC(F)(F)F)cc3c2n(c(=O)n1C1CCCCC1)CC3,-10.62,8,3.239,4.098,0.15
lig_140,CC(C)(C)C(=O)NCCC1CC(=O)N2c3ccc4ccc(O)cc4c3CCC2C1,-10.61,9,2.487,3.037,0.02
lig_259,CC(CC(=O)N1CC23CC2C=Cc2cccc(c23)C1=O)C(=O)O,-10.61,9,3.525,5.56,1.21
lig_289,CC(O)c1ccc2c(=O)[nH]c(=O)n(-c3cccc(C(=O)O)c3)c2c1,-10.61,9,2.055,2.603,0.24
lig_657,CC=Cc1ccc(C)c2[nH]c(N3CCC(N4CCCCC4=O)C3)c(CC)c(=O)c12,-10.61,7,2.24,2.82,1.21
lig_1305,CCc1c(CC(=O)O)c(O)c(C)c2ccc3c(c12)CC1CCC(C(=O)O)N1C3=O,-10.61,8,1.954,3.222,0.23
lig_1524,CN(C)C(=O)CC1CCC(c2cc(O)c3cccc(C(=O)O)c3c2)CC1,-10.61,9,2.055,2.605,0.41
lig_2285,Cc1cc2c(CCCC(=O)N3CCCCC3)ccnc2c2c1ON=CC2,-10.61,9,2.591,3.632,0.36
lig_2299,Cc1cc2c(cc1F)CCN(Cc1cccc(C(=O)N3CCCCC3CO)c1)C2,-10.61,9,4.017,7.129,0.26
lig_2928,Oc1c2c3c(c4nccc(N5CCCCC5)c14)CCN1CCOC(CCO2)C31,-10.61,3,1.965,2.235,1.32
lig_1707,CNC(=O)CCC1=Cc2cc(O)c3cc(OC)ccc3c2CC1,-10.6,9,2.267,2.68,0.42
lig_2283,Cc1cc2c(CCCC(=O)N3CCCCC3)ccc3c2c(c1O)N(C)CC3,-10.6,9,2.099,2.685,0.3
lig_2901,O=C1NCC2CCCCc3cc(C(=O)N4CCCC4)cc1c32,-10.6,9,2.937,4.994,0.26
lig_316,CC1(C)CCC2c3cc(O)c4c5c(ccc(c35)CCC(=O)N21)C=CC4=O,-10.59,5,3.268,5.433,0.17
lig_599,CC1c2c(ccc3c2CCN(CC(=O)O)C3)C(=O)N2Cc3ccccc3NC12,-10.59,5,3.193,3.851,1.28
lig_726,CCC1=C(C(=O)O)C2CCc3cc4c(c5ccc(c2c35)C1=O)CCN(CCO)C4=O,-10.59,6,2.119,3.622,0.66
lig_1259,CCOc1cc2c(c3cc(C(=O)O)ccc13)CN(C(=O)CN1CCCC1)CC2,-10.59,6,2.047,3.245,0.92
lig_1331,CCc1c2c(cc3ccc(C(=O)OC)cc13)CN(CC(=O)Nc1ccccc1)CC2,-10.59,9,2.313,3.066,0.19
lig_1431,CCc1ccc(C)c2c1C1=CC=CNC1=C(N1CCC(N3CCCCC3=O)C1)N2,-10.59,4,2.181,2.731,1.81
lig_1832,COC1=CCc2c(C(=O)O)nc3c(C)c(OCCO)cc4c3c2C1=CC4,-10.59,7,1.89,2.592,0.83
lig_2032,COc1ccc(-c2cccc3c2CC(=O)C=C3)c(CN2CCCC2=O)c1,-10.59,9,3.718,6.751,0.44
lig_2153,Cc1c(CCN2CCCCCC2=O)cc2c(=O)ccn3c(C)c(O)c(=O)c1c23,-10.59,8,2.132,4.263,0.22
lig_240,CC(C)c1cc2c(C(=O)O)cnc3c2c(c1O)CC(=O)N3C1CCCCC1,-10.58,6,2.041,2.867,0.09
lig_1050,CCCc1cc(C)c(OC)c2[nH]c(N3CCC(N4CCCCC4=O)C3)cc(=O)c12,-10.58,7,1.712,2.622,0.7
lig_1116,CCN(C(C)=O)c1ccc2cc(OC)c(-c3ccc(O)c(C)c3)cc2c1,-10.58,9,2.274,2.99,0.37
lig_1456,CCc1ccc2c3c(nc(C(=O)N4C(CC)CCC5=NC=CC54)cc13)CC(O)=C2,-10.58,9,2.347,4.241,0.27
lig_1683,CNC(=O)C1CCC2Cc3c(ccc4c3-c3ccc(C(=O)O)cc3C(=O)C4)CN21,-10.58,4,3.756,5.893,0.48
lig_2468,Cc1nc2cc3c(nc2c(CNC(=O)C2CCCC2)c1C)CCCC3(C)C,-10.58,9,3.362,4.72,0.28
lig_2536,NC1NC(=O)N2C=CC=C3Cn4c(ccc(CC(=O)N5CCCCCC5)c4=O)C1=C32,-10.58,9,2.85,5.666,0.36
lig_2571,O=C(CCCC1=CN2C=NC3C=Cc4c(O)ccc1c4N32)N1CCCCC1,-10.58,9,2.376,2.739,0.51
lig_2646,O=C(O)CC1CCn2c(cc3c4c(ccc3c2=O)CCC(O)C4)C1,-10.58,5,2.811,3.822,0.24
lig_299,CC1(C)C=CC(=O)c2cc3c4c(ccc3c(=O)n21)CN(CC(=O)O)CC4,-10.57,9,2.018,2.457,0.92
lig_343,CC12CCCn3c(=O)n(C4CCCCC4)c4c(O)c(C(N)=O)c(c1c43)CCC2O,-10.57,2,4.808,4.808,2.61
lig_536,CC1CCc2c(c(CN)cc3c(CCCC(=O)N4CCCCC4)cn(C)c23)O1,-10.57,9,2.098,2.737,0.41
lig_728,CCC1=C(N2CCC(N3CCCCC3=O)C2)Nc2c(C)c(C)c3ccc(O)cc3c2C1,-10.57,9,1.774,2.192,0.08
lig_1332,CCc1c2c(cc3ccc4c(c13)OCC(C)CCC4)CN(CC(=O)O)CC2,-10.57,4,2.226,2.751,1.91
lig_011,C=C(C)c1cc2c(c3c4c(cnc13)CN(CC(=O)O)CCC4)OCCC2C,-10.56,3,2.728,3.461,1.83
lig_015,C=C1C(O)=Cc2c3n(c(=O)n(C)c2=O)C2CCC(N4CCCCC4=O)CC2CC13,-10.56,4,3.71,4.677,2.41
lig_025,C=CC=C1c2nc(-c3ccccc3)c(N)n2CC2CC(CC(=O)NC)CCC12,-10.56,8,2.71,3.481,0.01
lig_457,CC1C=C(c2cc(CO)cc(C(=O)O)c2)CC(C2CCC(C(=O)O)CC2)C1,-10.56,9,2.395,3.516,0.29
lig_1192,CCNC(=O)CN1Cc2cc3c(O)c(OC)cc(C(C)(C)C)c3cc2CC1=O,-10.56,4,2.048,2.589,0.09
lig_1725,CNC(=O)CN1Cc2ccc(OC)c3c2C(Cc2c-3ccc(C(=O)O)c2O)C1,-10.56,6,2.721,3.065,0.62
lig_1861,COC1Nc2c(cc(C)c3[nH]c(=O)n(C4CCCCC4)c(=O)c23)CC1=O,-10.56,4,1.868,2.026,0.13
lig_1889,COc1c(O)c2c3c(ncc4c3c1CC(O)C4=O)N(C1CCCCC1)C(=O)C2,-10.56,6,1.787,2.024,0.6
lig_2009,COc1cc2c3c(c1)c1cc(OC4CC=NC4C)c(O)cc1n3CCN(CC(=O)O)C2=O,-10.56,6,2.932,5.631,0.25
lig_2398,Cc1ccc2c3c1ccc(=O)n3-c1cncc3c1C2CN(CC(=O)O)C3,-10.56,4,2.228,2.688,0.2
lig_2760,O=C(O)c1cc2c3c(c1)n(C1CCCCC1)c(=O)n3CCCC2=O,-10.56,9,1.83,2.184,0.27
lig_136,CC(C)(C)C(=O)N1C=C(CO)c2nc3c(c4nccc1c24)CCOc1ccccc1-3,-10.55,5,2.024,2.38,1.0
lig_477,CC1CC2=C(C(=O)O)CN3c4c(nc5cccc1c5c42)CC1CCC(C)(C)C13,-10.55,3,2.689,2.775,1.06
lig_1037,CCCc1c(O)ccc2c(CN3CCCC3=O)c3c(cc12)CC(=O)N=C3,-10.55,3,1.578,1.617,0.75
lig_1087,CCCc1ccc2nc3c(c(CCO)c2c1)CN(C1CCCCC1)C(=O)N3,-10.55,8,2.105,2.922,0.23
lig_1671,CNC(=O)C(C)(C)CCN1c2nccc3c2C(=CC(C)=C2CCC(=O)C=C23)C1C,-10.55,9,2.022,2.343,0.35
lig_157,CC(C)(C)Nc1cc2c3c4c(ccc(=O)n14)CCC3C(=O)CC2N,-10.54,6,2.003,2.54,0.27
lig_431,CC1=c2c3c(cc4c2n(c(=O)n4C2CCCCC2)CC1)C(O)N=C(C(=O)O)C=3,-10.54,4,2.302,2.606,0.61
lig_513,CC1CCCN(c2cccc(-c3ccccc3)c2)CCCNC(=O)C1,-10.54,9,2.021,2.621,0.49
lig_522,CC1CCN(C(=O)NCc2cccc(C(=O)N3CCOCC3)c2)CC1,-10.54,9,2.437,2.756,0.31
lig_594,CC1Oc2cccc3c2-c2nc4c(cc21)C(N1CCCC1)=NCN4COCCN3,-10.54,3,5.657,9.309,2.56
lig_953,CCCCc1cc(O)cc2cc(C(=O)N3CCCCC3C(=O)N(C)C)ccc12,-10.54,9,2.288,3.321,0.09
lig_960,CCCCc1ccc2c(c1)C(OCC)=CC1CC3C4CCCC(=O)N4CCN3C(=O)N21,-10.54,5,2.168,2.46,0.0
lig_1436,CCc1ccc(O)c2c(O)cn(CC3CCN4C(=O)CCCCC4C3)c(=O)c12,-10.54,9,2.452,6.309,1.11
lig_1915,COc1cc(-n2ccc(O)cc2=O)cc2c1CN(CC(=O)Nc1ccccc1)CC2,-10.54,9,2.457,3.252,0.32
lig_2156,Cc1c(CCN2CCCCCC2=O)cc2c3c1c(=O)c(O)c(C)n3CCC2,-10.54,9,2.319,3.136,0.05
lig_2373,Cc1ccc2c(c1)-c1nc(CO)c3c4c(cnc3c1CC2)CN(CC(=O)O)CC4,-10.54,6,2.537,2.931,0.95
lig_2385,Cc1ccc2c(ccc3c2n(C)c(=O)n3CCCN2CCCC(C)C2=O)c1,-10.54,9,2.053,3.854,0.46
lig_2687,O=C(O)CN1Cc2cc3c(=O)n4c(cc3c(CCCO)c2C1)CCCC4,-10.54,7,2.491,3.024,0.65
lig_2747,O=C(O)c1cc(F)cc(-c2ccc(O)c(-c3ccc(O)cc3)c2)c1,-10.54,9,2.558,3.263,0.06
lig_315,CC1(C)CCC2Cc3nc4cccc5cnc6c(c3N(CC=6C(=O)O)C21)c54,-10.53,6,4.378,8.344,1.41
lig_1420,CCc1cc2c3c4c(ccc3c1)OCN(c1cccc(C(=O)O)c1)C4=NC2NC,-10.53,8,2.546,3.259,0.06
lig_2483,Cn1c(=O)c(C2CCCC2)cc2c(=O)n(C3CCCCC3)c(=O)[nH]c21,-10.53,9,3.461,8.815,0.8
lig_2516,NC(=O)C1CCN(Cc2cccc3cc(O)ccc23)CC1,-10.53,9,4.549,6.825,0.62
lig_1839,COC1=CN2C(=CC(=O)N3C2=CCc2c3ccc3c2OCCC3C(=O)O)C=C1,-10.52,6,2.304,4.604,0.75
lig_1997,COc1cc2c3c(c(CO)n4c3c1NC1=C(CC=C1)C4=O)CCN(CC(=O)O)C2=O,-10.52,5,1.794,2.128,1.72
lig_2136,Cc1c(C(=O)O)ccc2c1CC1(O)CCC3c4ccccc4OC2C31,-10.52,8,2.517,4.024,0.83
lig_2550,NCc1cc2c3c(ccc(CCCC(=O)N4CCCCC4)c3c1)CCC2CO,-10.52,9,2.277,2.935,0.08
lig_2763,O=C(O)c1cc2c3c(c1O)n(C1CCCCC1)c(=O)n3CCC1=CCC=C12,-10.52,7,2.315,3.263,0.32
lig_2785,O=C(O)c1cccc(C2CC(=O)N3CCC4CCOc5ccc2c3c54)c1,-10.52,9,2.544,3.889,0.18
lig_832,CCCC(=O)N(C)C1CCC(NC(=O)c2cccc(Cc3cccc(O)c3)c2)CC1,-10.51,9,2.705,3.788,0.54
lig_1165,CCN1C=C(CC2CCCC(=O)N2)C=C2C1=CC1C=CC=CC1=C2O,-10.51,8,2.643,3.629,0.12
lig_1183,CCNC(=O)CC1(O)CCC2CCc3c(cc4c5c(cc(O)cc35)CNC4=O)N2C1=O,-10.51,4,2.377,2.429,0.56
lig_1848,COC1=NC2C=CC=CN2c2cc3cnc(CC(=O)N4CCCCCC4)c(=O)n3cc21,-10.51,9,2.55,6.221,0.49
lig_2276,Cc1cc2c(=O)[nH]c3c4c2c(c1C)CN1C(=O)CC2C=CC(=C2C41)C3C,-10.51,6,1.799,2.413,0.06
lig_2421,Cc1cccc2c(NC(=O)N3C(=O)CCC3(C)C)c3c(cc12)CCCC3,-10.51,9,2.848,4.816,0.28
lig_2600,O=C(Cc1c(F)ccc2ccccc12)N1CCCCC1,-10.51,9,2.95,4.566,0.44
lig_2678,O=C(O)CN1CCc2c(cnc3c4c(nc(CO)c23)-c2cc(CO)ccc2CC4)C1,-10.51,6,2.876,3.784,1.51
lig_2820,O=C1C=C2CCCC3=C2C(C1)c1c([nH]c(=O)n(C2CCCCC2)c1=O)N3,-10.51,8,2.023,2.882,0.34
lig_826,CCC=C1c2nc(-c3ccccc3)c(N)n2CC2CC(CC(=O)NC)CCC12,-10.5,7,3.583,4.443,0.65
lig_1906,COc1c2ccc(C)c3c2c(c2cc4n(c12)CCN(CC(=O)O)C4)C(=O)C=C3,-10.5,7,2.466,4.007,0.21
lig_209,CC(C)CNC(=O)CN1CCc2cc3c(C(=O)O)cccc3c3c2C1CCC3,-10.49,9,2.522,3.186,0.02
lig_651,CC=Cc1cc2c3c4c(c(C)nc3c1)CCCN4C(=O)N2C1CCCC(C(=O)O)C1,-10.49,3,6.061,10.705,1.04
lig_763,CCC1C=CC(=O)c2ccc3c(c21)CC(CC(=O)N1CCN(CCCO)C(=O)C1)=C3,-10.49,9,2.508,5.721,0.32
lig_1123,CCN(CC(=O)O)C(=O)c1cc2cccc3c2c(n1)-c1c(O)ccc2c1N3CCC2,-10.49,9,2.827,3.779,0.21
lig_1180,CCNC(=O)C1CCc2ccc3c(c2C1)CC1CCC(C(=O)NC)N1C3,-10.49,4,2.197,3.139,0.88
lig_1374,CCc1cc(CC(=O)O)nc2c1C=C1C(CCC3CC(C(N)=O)CC13)C2,-10.49,7,3.06,4.037,0.13
lig_1613,CN1CC2CC(O)Oc3cc4c(O)c(CC(=O)O)ccc4c(c32)C1=O,-10.49,9,2.24,2.735,0.43
lig_2684,O=C(O)CN1CCc2cc3cc(OCc4ccccc4)ccc3cc2C1=O,-10.49,9,2.715,4.085,0.06
lig_2831,O=C1C=Cc2ncnc3c2C1=CC1CCC(CN2CCCCC2=O)CC31,-10.49,9,2.355,3.187,0.3
lig_419,CC1=Cc2nc(CCCC(=O)N(C)C)nc3c2C(=C2C=C(C)OC2C3)C1,-10.48,9,2.324,2.974,0.07
lig_545,CC1CN(Cc2cccc(C(=O)N3CCCCC3CO)c2)C(=O)N2CCCCC12,-10.48,9,1.96,2.237,0.21
lig_1336,CCc1c2c3c(c(O)ccc3n(C(=O)CC(C)C(=O)O)c1=O)-c1cc(C)ccc1C2,-10.48,4,1.837,2.499,0.82
lig_1368,CCc1cc(C)cc2c1Cc1cc(O)cc3c(CN4CCCC4=O)cn(c13)C2=O,-10.48,7,3.192,4.657,1.85
lig_1664,CN1Cc2cc(O)cc3nc(CC(=O)N4CCCCC4)cc(c23)C1=O,-10.48,9,2.221,3.907,0.38
lig_1741,CNC(=O)CN1Cc2ccc3ccc4c5c3c2C(CC5CCC(=O)C4)C1,-10.48,6,3.34,5.526,0.71
lig_2159,Cc1c(CCN2CCCCCC2=O)cc2cccc3c2c1C(=O)C(C)C3,-10.48,6,1.831,2.177,1.52
lig_2287,Cc1cc2c(CCCC(=O)N3CCCCC3)cn3n4c(ccc(c1O)c2-4)=CC3,-10.48,9,2.292,3.474,0.0
lig_2692,O=C(O)CN1Cc2ccc3c4c(c(C(=O)O)cc(c24)C1)OCC1CCOC31,-10.48,6,2.17,2.492,0.32
lig_2792,O=C(O)c1cccc(N2COc3cccc4c(C(=O)O)cnc2c34)c1,-10.48,9,2.176,2.689,0.99
lig_740,CCC1=CCC(Cc2ccc(CO)cc2Cc2ccn(C)c(=O)c2)C=C1,-10.47,9,2.798,4.897,0.15
lig_1719,CNC(=O)CN1Cc2ccc(C(=O)N3CCC(CCO)C3)cc2C2(CCCC2)C1,-10.47,8,3.371,7.028,1.13
lig_1746,CNC(=O)c1cc(C(C)(C)C)cc2ccc(N3CC(=O)N4CCCCC4C3)cc12,-10.47,9,2.324,2.669,0.67
lig_1810,COC(=O)c1cccc(Cc2ccc3c(c2)C=C2OC=CC=C2O3)c1,-10.47,9,2.334,2.852,0.19
lig_1973,COc1cc2c([nH]1)-c1ccccc1N(C(=O)CCN1CCCCC1=O)C2,-10.47,9,2.073,2.818,0.55
lig_2010,COc1cc2c3c(c1)c1cc(OC4CCOC4C)c(O)cc1n3CCN(CC(=O)O)C2=O,-10.47,3,1.99,2.104,0.3
lig_2019,COc1cc2c3c4c(c(O)c2c(O)c1F)n(C1CCCCC1)c(=O)n4CCCC3,-10.47,4,3.609,4.936,0.14
lig_2033,COc1ccc(-c2cccc3c2CCCC3)c(CN2CCCC2=O)c1,-10.47,9,6.901,11.325,0.11
lig_2284,Cc1cc2c(CCCC(=O)N3CCCCC3)ccnc2c2c1OC(C)CC2,-10.47,9,2.061,2.413,0.05
lig_2351,Cc1ccc(C(=O)O)c2c1NC(N1CCC(N3CCCCC3=O)C1)=C1NCCC12,-10.47,8,2.068,2.697,1.35
lig_2594,O=C(CN1CCc2cc3c(cc2C1)N1CCCC1N=C3C(=O)O)Nc1ccccc1,-10.47,9,2.905,4.579,0.18
lig_2660,O=C(O)CCCn1c(=O)c2c3c4c(cccc41)C(=O)C=C3C(=O)CCN2,-10.47,9,2.338,2.863,0.36
lig_2719,O=C(O)Cc1ccc2c(c1O)c(=O)c1c3n2C(=O)CC=C3C(=O)C(O)=C1,-10.47,7,1.745,2.021,0.07
lig_2813,O=C(c1ccccc1)N1CCc2c(ccc3c2Oc2ccccc2O3)C1,-10.47,6,2.006,2.823,0.64
lig_2864,O=C1CCCN1Cc1cc(C(F)(F)F)cc2c1ccc1cccn12,-10.47,9,3.599,6.726,0.11
lig_508,CC1CCCCN1c1nc(C(=O)O)cc2c(N3CCCCC3)cccc12,-10.46,5,2.358,2.923,0.59
lig_608,CC=C(C)c1ccc(O)c2c(CCN3CCCCCC3=O)cc(C(=O)O)cc12,-10.46,9,2.454,4.842,0.08
lig_1109,CCN(C(=O)CO)C1=CCn2c(c3c4c5c(cccc5c(O)cc42)C(=O)C(C)C3)C1,-10.46,5,4.755,11.777,0.8
lig_1117,CCN(C(C)=O)c1ccc2cc(OC)c(-c3ccccc3O)cc2c1,-10.46,9,2.215,3.307,0.17
lig_1408,CCc1cc2c(cc1NC(=O)CN1CCCCC1=O)C(C)Oc1ccccc1-2,-10.46,9,2.681,6.629,0.38
lig_1645,CN1CCCN(CCC(=O)Nc2cccc3c2COc2cc(O)ccc2-3)C1=O,-10.46,9,2.286,3.17,0.09
lig_2025,COc1cc2cccc(NC(=O)N3CCN4C(=O)CC(O)CCC4C3)c2cc1OC,-10.46,5,2.07,2.411,0.65
lig_2205,Cc1c2c3c(c(=O)n1C(=O)CC(C)C(=O)O)CCC1=C3C3N(CCCN3C2=O)C1,-10.46,4,1.779,1.903,0.64
lig_2206,Cc1c2c3c(c(=O)n1C(=O)CC(C)C(=O)O)CCC=C3C1CCCCN1C2=O,-10.46,5,2.284,2.543,0.88
lig_2392,Cc1ccc2c3c(c(CCO)cc2c1N1CCCC1)OC1=CC=C=C2CCOC3C21,-10.46,5,1.953,2.352,0.47
lig_2466,Cc1nc2cc3c(nc2c(CNC(=O)C2CCCC2)c1C)C=CCC3(C)C,-10.46,9,4.543,6.374,0.18
lig_421,CC1=NC(=O)C2=C(C)C3C=C(C(=O)O)C(C)C(=O)N3c3cccc1c32,-10.45,6,2.166,2.539,0.27
lig_678,CCC(=O)NCCN1C(=O)Cc2c1nc(C)c1cc(C(=O)O)cc(C(C)C)c21,-10.45,6,2.307,2.937,0.26
lig_893,CCCC(C)NC(=O)n1cnc2c(C)c3cc(CC)cc(C(=O)O)c3cc21,-10.45,3,2.886,3.371,0.58
lig_1398,CCc1cc2c(O)c(C)nc(-c3ccccc3)c2cc1C(=O)OC,-10.45,7,2.223,2.761,0.98
lig_1410,CCc1cc2c(cc1O)C1CCC(CC(=O)N(C)C)CC1C=C2C(=O)O,-10.45,6,2.639,3.517,0.26
lig_1421,CCc1cc2c3c4c1CCCC4CCCC3N(C(=O)CC(C)(C)C(=O)O)C2=O,-10.45,5,1.981,3.287,0.74
lig_1465,CCc1cccc2c1Cc1cc(O)cc3c(CN4CCCC4=O)cn(c13)C2=O,-10.45,6,2.691,5.29,0.46
lig_2367,Cc1ccc2c(N3CC(C(=O)O)C(C)CC3=O)cccc2c1C(=O)NCC(=O)O,-10.45,9,1.667,2.355,0.45
lig_2474,Cc1ncc2c(=O)n(-c3c(F)cc(F)cc3F)c(=O)n3c2c1CC(C)(C)C3,-10.45,8,2.697,4.3,1.63
lig_2911,O=C1c2ccc(O)cc2C2C=CC=C2N1CC1CCN2C(=O)CCCCC2C1,-10.45,9,2.136,2.853,0.69
lig_698,CCC(C)c1c(O)ccc2c1CCn1c-2ccc(-c2ccccc2)c1=O,-10.44,9,2.06,2.608,0.28
lig_743,CCC1=CN(c2cn(-c3cccc(N4CCCC(N)C4=O)c3)ccc2=O)CCC1,-10.44,9,2.495,5.987,0.28
lig_791,CCC1CCc2c(OC)cc(C)c3c2C1C=C(C(=O)N1CCCCC1)N3,-10.44,5,2.609,4.637,1.84
lig_1219,CCOC1=Cc2c(CO)cc3c4c2N(CCCn4c(=O)n3C2CCCCC2)C1,-10.44,7,1.89,2.062,1.21
lig_1822,COC1=CC2=C3C(=Nc4c(CN5CCCC6=C(CCN6C)C5=O)cccc4N3CC=C2)C1O,-10.44,9,4.206,6.462,0.4
lig_2096,COc1ccc2c3c1C(=O)CN3C(=O)CC2c1cccc(C(=O)O)c1,-10.44,8,2.101,3.047,0.82
lig_2527,NC(=O)c1cc2c3c4c1CC1CCOC(CCn3c(=O)n2C2CCCCC2)N41,-10.44,5,1.817,2.05,0.28
lig_2586,O=C(CCO)N1CCC2C3CCc4c(O)cc5c6c(c(=O)n(c3c46)CCC21)CCCC5,-10.44,6,2.519,3.523,0.94
lig_2674,O=C(O)CN1CCC2=C3CC(C(=O)O)=CC4=C3C(CCCC4)CC21,-10.44,9,2.723,3.489,0.73
lig_2679,O=C(O)CN1CCc2c(cnc3c4c(nc(CO)c23)-c2cc(Cl)ccc2CC4)C1,-10.44,8,3.767,5.381,0.31
lig_2700,O=C(O)CNC(=O)C1CCCN(CC2CCc3cccc4c3C2CC(O)C4=O)C1,-10.44,9,2.513,3.506,0.14
lig_2772,O=C(O)c1ccc2c(OCCO)cc3c(c2c1)CN(C(=O)CN1CCCC1)CC3,-10.44,4,2.219,3.581,1.23
lig_542,CC1CN(C)C(=O)c2cn(CC3CCCC(O)C3)c3c2C1CCC3,-10.43,9,2.594,3.484,0.0
lig_899,CCCC1=C2Cc3ccccc3N=C2c2ccccc2N1C(=O)CC(C)C(=O)O,-10.43,5,4.07,5.843,1.18
lig_902,CCCC1=CC=C2Cn3c(ccc(CC(=O)N4CCCCCC4)c3=O)C(C(=O)O)=C2N1,-10.43,9,2.334,2.787,0.88
lig_1323,CCc1c(OCCO)cc(C)c2ccc3c(c12)CC1CCC(C(=O)O)N1C3=O,-10.43,4,2.499,2.688,0.35
lig_1929,COc1cc(C)ccc1-c1cccc(NC(=O)CCN2CCCN(C)C2=O)c1,-10.43,9,2.245,3.192,0.21
lig_2026,COc1cc2cccc(NC(=O)N3CCN4C(=O)CCCCC4C3)c2cc1OC,-10.43,6,1.844,2.354,0.56
lig_2207,Cc1c2c3c(c(=O)n1C(=O)CC(C)C(=O)O)CCC=C3C1CCCN1C2=O,-10.43,6,2.143,2.378,0.27
lig_2825,O=C1C=Cc2ccc3c4c(cc(O)c1c24)C1CCC(CCO)N1C(=O)CC3,-10.43,4,1.978,2.42,0.9
lig_044,CC(=O)N1CC2Cc3cc(C(=O)NCC(C)C)cn3-c3cccc(c32)C1=O,-10.42,7,2.209,2.54,0.18
lig_402,CC1=Cc2c(C)c(CC(C)CC(=O)O)nc3cccc(c23)C1,-10.42,9,3.532,5.328,0.52
lig_642,CC=Cc1c(NC(=O)CN2CCCCC2=O)cc2c3c1C=C(C)C(=O)C=3OCC=2,-10.42,8,2.001,2.617,0.1
lig_1455,CCc1ccc2c3c(nc(C(=O)N4C(C)CCOCC4C)cc13)CC(O)=C2,-10.42,8,2.07,3.357,0.01
lig_1460,CCc1cccc(-n2cc(C(=O)N3CCCCC3C(=O)N(C)C)c3c2CCCN3)c1,-10.42,9,3.338,6.282,0.35
lig_2522,NC(=O)c1cc2c(c(-c3cccc(=O)o3)c1)CCCC2,-10.42,9,2.651,3.415,0.12
lig_434,CC1C(=O)C(C)n2c(-c3cccc(C(=O)O)c3)cc3c2C1CCC3,-10.41,9,2.037,3.426,0.38
lig_1761,CNC(=O)c1nc(OC)cc2ccc(N(C)c3cccc(C(=O)O)c3)cc12,-10.41,9,2.27,3.534,0.62
lig_1762,CNC1=C(N2CCC(N3CCCCC3=O)C2)Nc2c(C(=O)O)ccc3cccc1c23,-10.41,3,2.118,2.743,0.6
lig_2315,Cc1cc2c3c(c4n(c(=O)c3c1)CC(N(C)C(=O)CCN)CC4)CCC2C(=O)O,-10.41,4,1.959,2.153,0.68
lig_2482,Cc1oc2c(CC(=O)N(C)C)cc(Cc3ccccc3F)cc2c1C(=O)O,-10.41,9,3.289,6.401,0.49
lig_2504,Cn1ccc(Cc2cc(CO)ccc2CC2C=CC=CC2)cc1=O,-10.41,9,2.745,4.132,0.19
lig_2624,O=C(O)C1CCC2N(C1)C(=O)c1ccc3c4c1N2C1CC1C4C(=O)C=C3,-10.41,5,2.608,4.519,0.45
lig_2828,O=C1C=Cc2ccc3c4c2C1=CCCN4C1CCC(C(=O)O)CN1C3=O,-10.41,6,2.167,3.011,0.71
lig_027,C=c1c(CCCC(=O)O)c2cc3c(cc2c(=O)n1C)=NCC=C3CC,-10.4,7,2.202,2.82,0.31
lig_311,CC1(C)CCC(=O)c2cc3c4c(ccc3c(=O)n21)CN(CC(=O)O)CC4,-10.4,7,2.234,3.779,0.37
lig_362,CC1=C2N=CCc3c2n(c(=O)c2ccc(C(C)(C)NCC(=O)O)cc32)C(C)C1,-10.4,8,2.479,3.742,1.16
lig_1146,CCN(CCC(=O)N1CC=Cc2c(C(C)C)cc(C(=O)O)nc21)C(=O)c1ccc(O)cc1,-10.4,9,2.204,3.166,0.3
lig_1391,CCc1cc(O)cc2c1Cc1cc(O)cc3c(CN4CCCC4=O)cn(c13)C2=O,-10.4,6,2.943,4.671,0.64
lig_1688,CNC(=O)C1CCCN1C(=O)c1ccc2ccc3c(c2c1)NC(C)=C(OC)C3,-10.4,9,2.73,5.119,0.88
lig_1888,COc1c(O)c2c3c(ncc4c3c1CC(O)C4)N(C1CCCCC1)C(=O)C2,-10.4,4,1.883,2.228,0.51
lig_1984,COc1cc2c(cc1N1CCCC1)C(C)=C1NC(CC(=O)O)=CN=C1N2C,-10.4,5,2.862,3.112,0.84
lig_2774,O=C(O)c1ccc2c3c1NC(N1CCC(N4CCCCC4=O)C1)=C1NCCC(=C13)CC2,-10.4,6,2.515,2.904,0.35
lig_2874,O=C1CCCc2c1cc1c(c2C(=O)O)COc2c-1ccc1ccccc21,-10.4,6,2.153,3.666,0.12
lig_212,CC(C)CNC(=O)c1cc2n(c1)-c1cccc3c1C(C2)CN(C(C)C)C3=O,-10.39,9,2.272,3.266,0.11
lig_320,CC1(C)CCCc2[nH]c3[nH]c(=O)n(C4CCCCC4)c(=O)c3c(=O)c21,-10.39,9,2.366,4.34,0.29
lig_354,CC1=C2C=CC(C)C=C2c2cccc(C(=O)NCC(=O)CC(C)(C)C)c2O1,-10.39,9,2.291,3.214,0.38
lig_416,CC1=Cc2cccc3nc(CC(C)CC(=O)O)c(C)c(c23)C1,-10.39,9,3.595,4.817,0.31
lig_463,CC1C=C2NCCn3c(=O)n(C4CCCCC4)c4cc(C(=O)O)c(c2c43)O1,-10.39,5,2.119,2.453,0.79
lig_511,CC1CCCN(CCCN2C(=O)c3cccc4c(O)ccc2c34)C1=O,-10.39,9,2.05,3.1,0.05
lig_1092,CCCc1cccc2c1Cc1cc(O)cc3c(CN4CCCC4=O)cn(c13)C2=O,-10.39,6,2.525,4.278,0.49
lig_1457,CCc1ccc2c3c(nc(C(=O)N4CCCC4C)cc13)CC(O)=C2,-10.39,9,2.923,4.478,0.59
lig_1523,CN(C)C(=O)CC1CCC(c2cc(O)c3c(c2)C(C(=O)O)CCC3)CC1,-10.39,9,2.044,3.178,0.9
lig_1526,CN(C)C(=O)CC1CCC2CC3CCC4CCC(C(C(=O)O)CC2C1O)C43,-10.39,2,3.327,3.327,2.91
lig_2650,O=C(O)CC=C1Cc2ccc(NCC(=O)O)cc2-c2ccccc21,-10.39,9,2.855,3.814,0.7
lig_2876,O=C1CCN2C(=O)c3ccc4cc(C(=O)N5CCCC5)c(O)cc4c3CCC12,-10.39,8,2.777,5.108,0.06
lig_208,CC(C)CNC(=O)CN1CCc2cc3c(C(=O)O)ccc4c3c3c2C1CCC3CC4,-10.38,9,2.381,3.124,0.01
lig_796,CCC1CCc2cn(C(=O)CC(C)(C)C(=O)O)c(=O)c3cccc1c23,-10.38,7,2.565,3.624,0.91
lig_1081,CCCc1ccc2c(c1)C(C(=O)O)=CC1=CCC(C)(C)C(=O)N12,-10.38,9,2.195,3.251,1.01
lig_037,CC(=O)N1C=C(C)c2c(c(C(=O)O)cc3c(N4CCCC4)ccnc23)C1,-10.37,6,2.395,3.12,0.14
lig_510,CC1CCCN(CC2C=Nc3cc(O)cc4c5cccnc5n(c34)C2)C1=O,-10.37,9,2.929,5.355,0.0
lig_1294,CCc1c(=O)n(C2CCCC(C)(C(=O)NC)C2)cc2c(O)cc(OC)cc12,-10.37,6,1.851,2.383,2.02
lig_2023,COc1cc2cccc(NC(=O)CCN3CCCCC3=O)c2cc1C(C)=O,-10.37,9,3.321,4.498,0.28
lig_2224,Cc1cc(-c2ccccc2)cc2c3c(cnc12)CN(CC(=O)O)CCC3,-10.37,6,2.798,3.795,0.87
lig_2332,Cc1cc2cc(C(=O)O)cc(CNC(=O)CC3CCCN(C)C3=O)c2c(=O)o1,-10.37,9,2.245,2.803,0.98
lig_2440,Cc1cn(C)c(=O)c2ccc(C(=O)N(C)Cc3ccc(O)c(F)c3F)cc12,-10.37,9,2.891,4.189,0.11
lig_2501,Cn1c2c3c4c1N(Cc1ccn(CCCO)c(=O)c1)CCC4C(=O)CCC3CCC2,-10.37,5,1.971,3.214,0.68
lig_2517,NC(=O)C1CCN(Cc2cccc3ccc(O)cc23)CC1,-10.37,9,4.33,5.32,0.33
lig_2645,O=C(O)CC1CCn2c(cc3c4c(ccc3c2=O)CCC(=O)C4)C1,-10.37,9,2.393,3.256,0.33
lig_2661,O=C(O)CCCn1c(=O)c2c3c4c(cccc41)C(=O)c1occ(c1-3)CCN2,-10.37,6,2.267,2.586,0.11
lig_582,CC1OC(=O)c2cccc3c2c1cc1c3[nH]c(=O)n1C1CCCCC1,-10.36,9,2.204,2.843,0.17
lig_604,CC=C(C)C1=C(CC)CC(O)c2cc(C(=O)N3CCCCC3C(=O)N(C)C)ccc21,-10.36,9,4.86,7.472,1.52
lig_1131,CCN(CC(=O)O)C(=O)c1cc2cccc3c2c(n1)CC1CCC(O)CC31,-10.36,5,1.761,2.411,0.31
lig_1667,CN1Cc2cccc3c2N(C1=O)c1cc(C2CCN(CC(=O)O)C2)ccc1O3,-10.36,8,2.919,6.437,0.76
lig_1749,CNC(=O)c1cc(CCN2CCCCCC2=O)c2c(O)ccc(C(=O)O)c2c1,-10.36,7,3.491,6.316,0.78
lig_1931,COc1cc(C2CCCC(=O)N2)c2cc(C(C)(C)C)ccc2n1,-10.36,3,1.902,2.161,1.61
lig_1937,COc1cc(CC(=O)N(C)C2CCCC2)cc2c1OCc1ccccc1-2,-10.36,9,2.585,3.422,0.36
lig_2127,COc1cnc2c(c1)c(N1CCOCC1)nc(=O)n2C1CCCCC1,-10.36,2,1.706,1.706,2.11
lig_2196,Cc1c2c(c(CC(N)=O)c3c(=O)n(C4CCCCC4)c(=O)[nH]c13)CCCC2,-10.36,2,2.326,2.326,0.59
lig_2499,Cn1c2c(c3c(c1=O)CC(O)C(O)C3)CN(C1(C)CCCCC1)C=C2,-10.36,8,4.179,8.229,0.21
lig_2583,O=C(CCN1CCCCC1=O)Nc1cccc2cc3c(cc12)C(=O)OCC3,-10.36,7,2.498,2.929,0.27
lig_426,CC1=NC2CC=Cc3ncnc4c(CCN5CCCCC5=O)nc1c2c34,-10.35,9,2.139,2.771,0.31
lig_745,CCC1=Cc2c(cccc2C(=O)NC2CCC(C(=O)O)C2)CN1C(C)=O,-10.35,9,2.402,2.923,0.35
lig_795,CCC1CCc2cn(C(=O)CC(C)(C)C(=O)O)c(=O)c3c(O)ccc1c23,-10.35,9,2.667,3.844,0.01
lig_1478,CCc1cnc(N2Cc3cccc4c3C(C2)C(C(=O)O)CC4=O)cc1C(=O)O,-10.35,9,2.413,3.169,0.0
lig_2128,COc1nc(-c2cccc(C(=O)NC3CCCCC3)c2)cc(O)c1O,-10.35,9,2.5,3.941,0.17
lig_2262,Cc1cc(O)c(-c2ccccc2)cc1C(=O)N(C)CCC(=O)N1CCNCC1,-10.35,9,5.957,7.381,1.01
lig_2475,Cc1ncc2c(=O)n(-c3c(F)cccc3F)c(=O)n3c2c1CC(C)(C)C3,-10.35,5,1.648,2.802,0.01
lig_2537,NCCC(=O)N1CCCc2ccc3cc(Oc4ccccc4O)c(CN)cc3c2C1,-10.35,8,3.492,6.046,1.64
lig_216,CC(C)COc1c2c3c(c4ccccc14)CC(=O)N(CC(=O)O)C3=CCC2,-10.34,7,2.076,2.469,0.01
lig_570,CC1Cc2ccnc3c2C(=CC2CC4CN(CC(=O)N(C)C)CCC4CN32)O1,-10.34,9,2.085,3.065,0.02
lig_606,CC=C(C)c1cc(OC(F)(F)F)cc2c3c(cnc12)CN(CC(=O)O)CCC3,-10.34,6,3.582,6.974,0.53
lig_2786,O=C(O)c1cccc(CN2CC3c4c(cccc4C2=O)C=CC3O)c1,-10.34,9,1.909,3.568,0.19
lig_2806,O=C(c1cc2ccc3c(c2cc1O)CC1CCC2CCCN(C3=O)C21)N1CCCC1,-10.34,9,2.841,6.74,0.55
lig_603,CC1c2ccc3c(c2CN2C(=O)CCCC12)CCCN(CC(=O)O)C3,-10.33,9,2.305,3.054,0.64
lig_783,CCC1CCCC(=Cc2ccc3c(C(=O)O)cnc(CCNC(C)=O)c3c2)C1,-10.33,8,3.556,7.859,0.68
lig_1108,CCN(C(=O)CO)C1=CCn2c(c3c4c(cccc42)-c2ccccc2C(O)C3)C1,-10.33,8,2.656,3.328,0.23
lig_1214,CCOC1=C2N=CC3=C2C2C(=C1O)C=Cc1c(C(C)CC)c(O)cc(c12)OC3,-10.33,3,2.008,2.471,0.91
lig_1693,CNC(=O)CC1CC2=COC(C)=C3c4nc5cc(C)cnc5n4CC(C1)C23,-10.33,7,3.092,4.424,0.06
lig_1715,CNC(=O)CN1Cc2ccc(C(=O)N3CC4C=C(O)CC4C3)cc2C2(CCCC2)C1,-10.33,9,5.376,8.516,1.34
lig_1763,CNC1=C(N2CCC(N3CCCCC3=O)C2)Nc2c(C)ccc(C(=O)O)c2C1,-10.33,6,2.236,3.144,1.1
lig_2166,Cc1c(CO)c2c(c3c1C(=O)NCC3)CCC(CCN1CCCCC1=O)C2,-10.33,8,2.818,3.959,0.12
lig_2362,Cc1ccc2c(C(=O)O)cc(CCN3CCCCCC3=O)cc2c1,-10.33,9,2.189,3.4,0.14
lig_067,CC(=O)NC1CCC(c2cccc(C3=CCC(=O)N3C)c2)CC1,-10.32,9,2.413,3.14,0.68
lig_562,CC1Cc2cccc(C(=O)NC3C=Cc4ccccc43)c2CN(C)C1=O,-10.32,8,2.619,4.473,0.07
lig_1134,CCN(CC(C)C)c1c(O)cc2cc(OC)c3c4c2c1CCC4=CC(=O)C3O,-10.32,6,1.842,2.724,0.85
lig_1479,CCc1cnc(N2Cc3cccc4c3C(C2)C(C(=O)OC)CC4)cc1C(=O)O,-10.32,9,2.56,3.456,0.02
lig_1483,CCc1cnc(N2Cc3cccc4c3C(C2)C(CO)C(C)C4C)cc1C(=O)O,-10.32,9,2.204,2.928,0.06
lig_1620,CN1CCC(c2cccc(C(=O)NC3CCCCC3)c2)CC1=O,-10.32,9,2.49,3.213,0.29
lig_1846,COC1=Cc2c3n(c(=O)n(C)c2=O)C2CCC(N4CCCCC4=O)CC2=NC3C1,-10.32,6,2.382,3.196,2.0
lig_2085,COc1ccc2c(c1)c(=NC(=O)C1=CC=CC1)[nH]c(=O)n2C1CCCC1,-10.32,5,1.614,1.863,0.82
lig_2149,Cc1c(CC(C)CC(=O)O)nc2cccc3c2c1CC(O)=C3,-10.32,9,2.897,4.0,0.27
lig_2230,Cc1cc(C(=O)O)c2[nH]c(N3CCC(N4CCCCC4=O)C3)c(C)c(=O)c2c1,-10.32,9,2.401,4.046,0.13
lig_2456,Cc1nc(N)c2c(c1CC(C)C)OC=C(c1ccccc1)C2,-10.32,8,2.71,4.09,1.04
lig_2552,NCc1ccn(C2CCC3CN=C(c4ccc(O)cc4)CC3C2)c(=O)c1,-10.32,9,2.772,3.73,0.72
lig_2731,O=C(O)c1c2c(c3c(c1CCN1CCC(C(=O)O)CC1)CCCC3)CCCC2,-10.32,8,2.83,4.552,0.07
lig_459,CC1C=C2C(=O)c3cccc(C(=O)NCC(=O)CC(C)(C)C)c3OC2C1,-10.31,8,2.074,2.975,0.84
lig_1312,CCc1c(O)c(C(=O)N2CCC(C)CC2)c2c(c1CNC(=O)C1=CCC=C1)CCCO2,-10.31,9,3.409,7.159,0.8
lig_2008,COc1cc2c3c(c1)c1cc(OC4C=NCC4)c(O)cc1n3CCN(CC(=O)O)C2=O,-10.31,3,2.015,2.143,0.51
lig_2352,Cc1ccc(C(=O)O)c2cc(CCC3CCC(C(=O)O)CC3)ccc12,-10.31,9,2.342,3.062,0.16
lig_2453,Cc1nc(N)c(CCc2ccccc2)c2c1CC1(C)CC1O2,-10.31,6,2.486,3.855,0.75
lig_092,CC(=O)NCc1c2c(nc3c(C)cccc13)CCN(C1CCOCCO1)C2,-10.3,8,2.357,3.225,1.24
lig_478,CC1CC2=C3C(=CC(CC4CCCC(=O)N4)=CN3C1)C(O)=C=C2,-10.3,9,2.562,3.148,0.03
lig_593,CC1Oc2cccc3c2-c2nc4c(cc21)C(N1CCCC1)=NCN4COCCC3,-10.3,3,1.546,1.607,2.63
lig_1190,CCNC(=O)CN1Cc2c(c3c(c4c2CCOC4=O)CC(C)(C)CC3=O)CC1=O,-10.3,6,2.133,2.547,0.49
lig_1600,CN1C=Cc2c3c4c5c(nncc5cc5n4c2C2=CC=CCC2N(C)C5=O)CC=C31,-10.3,4,2.14,2.382,0.35
lig_1601,CN1CC(C)(C)C2C=C(O)Cc3nc(CC(=O)N4CCCCC4)cc1c32,-10.3,4,2.099,2.308,0.34
lig_1706,CNC(=O)CCC1=Cc2cc(O)c3cc(C(C)C)ncc3c2CC1,-10.3,9,2.402,3.129,0.34
lig_2356,Cc1ccc(C)c2c1ccc1c(CO)c(CCN3CCCCC3=O)nn12,-10.3,9,2.186,3.262,0.44
lig_2497,Cn1c(=O)n(C2CCCCC2)c(=O)c2cc(N3C=CSC3)ccc21,-10.3,6,3.028,3.474,0.61
lig_2514,NC(=O)C1=Cc2c3n(c(=O)n2C2CCCCC2)CCC(C(=O)O)=C3C1,-10.3,9,2.211,2.684,0.1
lig_2655,O=C(O)CCC(=O)N1CCCC2CC3c4ccc(CC(=O)O)c5cccc(c45)CN3C(=O)C21,-10.3,3,4.111,5.68,0.88
lig_2671,O=C(O)CCc1cccc2oc(C(O)CC3CCCC(N4CCCCC4=O)C3)cc12,-10.3,9,2.149,2.407,0.2
lig_2841,O=C1CCC2CCc3ccc(-c4cccc(C(=O)O)c4)cc3N2C1,-10.3,8,3.191,4.745,0.03
lig_2917,O=c1[nH]c2nc(=O)n(C3CCCCC3)c3[nH]ccc(c4c1=CCC(O)=C4)-c23,-10.3,6,2.652,4.153,0.05
lig_174,CC(C)(CC(=O)n1cc2c3c(ccc(O)c3c1=O)C(C(=O)O)CC2)C(=O)O,-10.29,3,1.764,2.012,1.58
lig_304,CC1(C)CC(O)C2CCc3c(ccc4cc(C(=O)N5CCCC5)c(O)cc34)C(=O)N21,-10.29,6,2.088,2.487,0.16
lig_798,CCC1CN(CC(=O)NC)Cc2ccc3cc4c(cc3c21)-c1cc(O)ccc1CO4,-10.29,8,3.279,4.593,1.52
lig_1321,CCc1c(OC(F)(F)F)cc(C(C)C)c2ncc3c(c12)CCCN(CC(=O)O)C3,-10.29,7,2.615,5.761,0.58
lig_1337,CCc1c2c3c(cccc3n(C(=O)CC(C)C(=O)O)c1=O)C(=O)C=C2,-10.29,5,1.96,2.612,0.1
lig_1367,CCc1cc(C)cc2c(=O)c(C)c(N3CCC(N4CCCCC4=O)C3)[nH]c12,-10.29,9,2.167,2.791,0.41
lig_1659,CN1CCn2c(=O)n(C3CCCCC3)c3cc(CO)c4nccc1c4c32,-10.29,6,1.599,1.859,0.71
lig_1691,CNC(=O)C1CCCN1C(=O)c1ccc2ccc3c(c2c1)NC(N(C)C)=CC3O,-10.29,9,4.382,7.277,0.57
lig_1826,COC1=CC2=CC(=O)N(C3CCCN4C(=O)CCC4C3)CC2C=C1,-10.29,9,2.481,4.105,0.11
lig_1864,COCC(=O)c1ccc2c(c1)c1ncnn1c(=O)n2C1CCCCC1,-10.29,4,2.3,2.709,0.76
lig_2597,O=C(CN1CCc2cc3c(cc2C1)N1CCCCC1c1ccncc1-3)Nc1ccccc1,-10.29,9,2.99,4.75,0.12
lig_2787,O=C(O)c1cccc(CNC(=O)c2cccc(C(C(F)(F)F)C(F)(F)F)c2)c1,-10.29,9,2.75,4.9,0.37
lig_293,CC1(C(=O)N2CC3=C(CC(=O)NC3)c3ccccc32)CCCC1,-10.28,9,3.294,4.945,0.02
lig_1129,CCN(CC(=O)O)C(=O)c1cc2cccc3c2c(n1)C1=C2C(=CCC1O)CCCN23,-10.28,5,2.415,3.633,0.35
lig_1149,CCN(CCC(=O)N1CC=Cc2c1[nH]c(=O)c1cccc(C)c21)C(=O)c1ccc(O)cc1,-10.28,9,2.621,4.316,0.42
lig_1875,COc1c(C)c2c(c3cc4n(c13)CCN(CC(=O)O)C4)C(=O)C(O)=C(C)C2,-10.28,5,2.203,3.054,0.31
lig_1919,COc1cc(C(=O)O)c2cc(O)c(CC3CC4CCCC(=O)N4C3)cc2c1,-10.28,9,2.301,3.055,0.34
lig_2014,COc1cc2c3c(cc(O)cc3c1-c1ccccc1)N(CCNC(=O)CO)CC2=O,-10.28,7,2.08,3.148,0.02
lig_2144,Cc1c(C2C=CC=C2)nc2c3c(ccnc13)N(C(=O)C(C)(C)C)C=C2CO,-10.28,3,1.957,2.331,0.85
lig_2548,NCc1cc2c(C3=CC=CC3)cccc2n1C(=O)CCN1CCCCC1=O,-10.28,8,2.622,3.354,0.36
lig_318,CC1(C)CCC2c3nnccc3-c3cc(CC(=O)O)cnc3N2C1=O,-10.27,5,3.336,3.737,0.87
lig_393,CC1=CCCCCOc2ccc3c(c2)C(=NC1=O)NC(=O)N3C1CCCC1,-10.27,5,2.639,5.317,0.28
lig_398,CC1=CCc2c(ccc3c(NC(=O)C(C)(C)C)c(C)ccc23)O1,-10.27,7,2.015,2.603,0.28
lig_483,CC1CC2CC(O)C3=C4c5c(ccc6cc(C(=O)O)cc(c56)N3)CC(=O)N1C42,-10.27,5,4.144,7.009,0.13
lig_634,CC=CC1=CN=C2C(=C(CC)c3cc(N4CCCC4)c(OC)cc3N2C)N1,-10.27,5,2.312,2.891,0.87
lig_1056,CCCc1cc(CC(=O)N2CCCC2)c2c(c1)CC1C(O)CCC1O2,-10.27,4,4.433,9.049,0.22
lig_1333,CCc1c2c(cc3ccc4c(c13)OCc1conc1CC4)CN(CC(=O)O)CC2,-10.27,6,2.029,2.491,0.02
lig_1383,CCc1cc(CNC(=O)CC2CCCN(C)C2=O)c2c(=O)oc(C)cc2c1,-10.27,9,2.36,3.208,0.03
lig_1430,CCc1ccc(C(=O)O)c2c1Nc1ccc3c(c1CC2)C(=O)N(CC(=O)O)C3,-10.27,8,2.478,3.059,0.94
lig_2271,Cc1cc(O)cc2c1CCN(Cc1cccc(C(=O)N3CCCCC3CO)c1)C2,-10.27,9,2.678,3.508,0.34
lig_2416,Cc1cccc(Cc2cc(C(=O)O)c(F)c(CC3C=C4C(C=NN4C)CC3=O)c2F)c1,-10.27,9,4.153,4.531,0.41
lig_727,CCC1=C(C)N2C(=C(CO)c3nc(C(=O)N(CC)CC(=O)O)cc4cccc2c34)C1,-10.26,8,2.172,3.329,0.05
lig_810,CCC1c2c(ccc3c2CC2CCC(C(=O)O)N2C3=O)-n2cccc2C1C#N,-10.26,4,3.103,3.53,0.63
lig_1880,COc1c(C)cc(C)c2c(=O)cc(N3CCC(N4CCCCC4=O)C3)[nH]c12,-10.26,9,1.889,2.579,0.85
lig_1985,COc1cc2c(cc1N1CCCC1)C1=C3C(=NC=C4CCC(CC1)N43)N2C,-10.26,7,3.22,9.526,0.84
lig_2833,O=C1CC2CC(CN3CCCCC3=O)Oc3ccc4c5c3C2=C1CC5=CCO4,-10.26,8,3.339,4.822,1.04
lig_109,CC(=O)c1cc2c3c(c1)c(=O)n(CCCN1CCCCC1=O)c(=O)n3CCC2,-10.25,9,2.693,7.078,0.23
lig_180,CC(C)(CO)C(=O)n1cc2ccc3c4ccc(O)cc4n4c3c2c(c1=O)CCC4,-10.25,6,1.753,2.379,0.16
lig_347,CC1=C(C)n2nc(CCN3CCCCCC3=O)c(C(N)=O)c2N2CCCCC12,-10.25,4,2.665,4.173,1.38
lig_422,CC1=NC(=O)C2=CC3CC(C(=O)O)C(C)C(=O)N3c3cccc1c32,-10.25,6,2.383,2.733,0.0
lig_897,CCCC1=C2CC(O)Cc3c2c(c(=O)n2c3CC(CC(=O)O)CC2)CC1,-10.25,9,2.364,2.759,0.65
lig_1142,CCN(CCC(=O)N1CC=C2OC=Cc3cc(OC)cc1c32)C(=O)c1ccc(O)cc1,-10.25,8,1.893,2.546,0.33
lig_1621,CN1CCC2=C1C=CCN(Cc1cccc3c1N=C1C4=C(C=CCN43)C=C(O)C1N)C2=O,-10.25,9,2.862,5.802,0.13
lig_1738,CNC(=O)CN1Cc2ccc3cc4c(cc3c2C(CO)C1)C(CC(=O)O)CCO4,-10.25,9,2.65,3.461,0.01
lig_2688,O=C(O)CN1Cc2ccc3c(c2C1)C1CCC(=O)C1c1ccccc1-3,-10.25,8,2.985,6.912,0.4
lig_2749,O=C(O)c1cc(F)ccc1CC(=O)N1Cc2cccc3c2C1CCC3C(=O)O,-10.25,9,3.511,5.038,0.58
lig_2829,O=C1C=Cc2ccc3c4c5c(cc1c24)CN1CC2CC(C1)N(C(=O)CC3)C52,-10.25,5,6.028,8.28,1.3
lig_129,CC(C(=O)O)c1ccc2c(c1)C1=C(C(=O)NCC1)C1C(C)CC(=O)N21,-10.24,9,2.23,2.71,0.07
lig_370,CC1=C=CN(c2ccc3c(c2)c(=O)n(C2CCCCC2)c(=O)n3C)C=N1,-10.24,6,2.892,3.401,0.23
lig_567,CC1Cc2cccc(c2)C(=O)Nc2ccccc2CCNC=NC1=O,-10.24,5,2.933,4.827,1.25
lig_986,CCCN1C=C(C)c2c(c(C(=O)O)cc3c(N4CCCC4)ccnc23)C1,-10.24,6,2.039,2.858,0.28
lig_1016,CCCNC(=O)c1cccc2c(C)cc(CCC(=O)NC(C)(C)C)cc12,-10.24,9,2.525,4.557,0.84
lig_1254,CCOc1cc(OC)c2c(ccc3c2[nH]c(=O)n3C2CCCCC2)c1,-10.24,5,2.101,2.461,0.6
lig_1306,CCc1c(CC)c(CC(N)=O)c2c(=O)n(C3CCCCC3)c(=O)[nH]c2c1C,-10.24,4,1.806,2.016,1.2
lig_1407,CCc1cc2c(cc1NC(=O)CN1CCCCC1=O)C(C)Oc1ccc(C)cc1-2,-10.24,9,2.122,2.486,0.04
lig_1454,CCc1ccc2c3c(nc(C(=O)N4C(C)CCC4(C)C)cc13)CC(O)=C2,-10.24,4,1.84,2.272,1.21
lig_1882,COc1c(C)cc2c3c(cc4c2c1OC(CO)C4)CCN(C(=O)CN(C)C)C3,-10.24,3,1.683,1.719,0.19
lig_2171,Cc1c(N2CCC(N3CCCCC3=O)C2)[nH]c2c(C(=O)O)ccc(O)c2c1=O,-10.24,9,2.116,2.917,0.39
lig_2295,Cc1cc2c(cc1C(=O)N(C)CCC(=O)N1CCCCC1)C(C)CC(C)O2,-10.24,9,3.708,6.047,0.21
lig_2388,Cc1ccc2c3c(c(CCO)cc2c1N1CCCC1)OC(=CCO)CO3,-10.24,5,2.39,3.242,1.66
lig_2493,Cn1c(=O)c2cc(CCN3CCNCC3=O)ccc2n2c3ccccc3nc12,-10.24,9,2.409,3.321,0.08
lig_2614,O=C(O)C1=CCC(O)C(c2cn(C(=O)N3CCCC3)c3ccccc23)=C1,-10.24,9,3.81,6.103,0.82
lig_2759,O=C(O)c1cc2c3c(c1)n(C1CCCCC1)c(=O)n3CCC1N=NC=C21,-10.24,8,2.877,8.476,0.79
lig_139,CC(C)(C)C(=O)N1CCc2cc3cccc4cc(=O)c(c2n34)C1=O,-10.23,8,1.994,2.811,0.76
lig_467,CC1CC(=O)C(O)c2cc3c4c(ccc3c(=O)n21)CN(CC(=O)O)CC4,-10.23,8,2.275,3.881,0.48
lig_1389,CCc1cc(O)cc2c1-c1cc(N3CCN(CC(=O)O)C(=O)C3)ccc1C(=O)C2C,-10.23,4,3.285,4.505,1.41
lig_1799,COC(=O)c1cc(CCN2CCCCCC2=O)cc2cc(C)c(=O)[nH]c12,-10.23,9,1.955,2.853,0.38
lig_2495,Cn1c(=O)n(C2CCCCC2)c(=O)c2cc(-n3ccnc3)ccc21,-10.23,9,2.406,2.764,0.25
lig_010,C=C(C)c1cc2c(c3c4c(cnc13)CN(CC(=O)O)CCC4)CCCC2C,-10.22,4,3.698,5.019,1.87
lig_166,CC(C)(C)c1cccc2c1cc(CCO)n2C(=O)CCN1CCCCC1=O,-10.22,7,2.762,5.075,0.74
lig_273,CC(O)C1=CCC(O)C(c2cn(C(=O)N3CCCC3)c3ccccc23)=C1,-10.22,9,4.277,7.689,0.31
lig_303,CC1(C)CC(CO)Oc2cc3cc(N4CCCC4)c(O)cc3cc21,-10.22,5,2.49,2.909,0.88
lig_329,CC1(C)c2ccc3cc4c(cc3c2CC1C(=O)O)C(O)=C(O)CCO4,-10.22,9,2.584,4.905,0.52
lig_452,CC1C(c2cccc(C(=O)O)c2)c2ccc3c4c2N1C(O)C=C4OC=C3,-10.22,9,2.942,3.543,0.71
lig_848,CCCC(=O)N1CCC2(CCc3c2cc2c(O)ccc4c2c3C=C=C4)C1,-10.22,4,2.87,3.523,0.55
lig_1392,CCc1cc(OC)c(C(C)C)cc1C1CCC(C(=O)N2CCCCC2)CCN1,-10.22,9,1.815,2.203,0.67
lig_1477,CCc1cnc(N2Cc3cccc4c3C(C2)C(C(=O)O)CC4)cc1C(=O)O,-10.22,9,3.061,5.91,0.07
lig_1840,COC1=CNc2c(c(=O)n(C)c3[nH]c(=O)n(C4CCCCC4)c(=O)c23)C1,-10.22,5,2.799,5.581,0.04
lig_1905,COc1c2c3c(ccc(O)c3c3cc4n(c13)CCN(CC(=O)O)C4)CCO2,-10.22,5,1.914,2.677,0.11
lig_1941,COc1cc(CC(N)=O)c2c(=O)n(C3CCCCC3)c(=O)n3c2c1CC3,-10.22,6,1.855,2.221,0.39
lig_298,CC1(C)C=C2C=Cc3cc(C(=O)O)c4cccc5c4c3C2N1C(=O)CC5,-10.21,8,1.899,2.461,0.23
lig_454,CC1C2=CC3CC(N4CCCCC4=O)CCC3n3c2c(c(=O)n(C)c3=O)C(N)=C1O,-10.21,5,4.889,7.062,1.55
lig_557,CC1Cc2cc(O)c(=O)c3cc(CC4CCCC(=O)N4)cn(c2-3)C1,-10.21,9,3.407,5.151,0.23
lig_652,CC=Cc1cc2c3c4c(cnc3c1)CC=CN4C(=O)N2C1CCCC(C(=O)O)C1,-10.21,9,4.731,7.467,0.01
lig_724,CCC(O)c1cc(C(C)NC(=O)CC2CCCN(C)C2=O)cc(C(C)(C)C)c1,-10.21,9,2.83,6.078,0.56
lig_846,CCCC(=O)N1CCC(n2c3c(c4ccccc4c2=O)C=C(C(=O)O)CC3)C1,-10.21,9,2.73,4.275,0.96
lig_1133,CCN(CC(C)C)c1c(O)cc2cc(O)c3c4c2c1CCC4=CC(=O)C3,-10.21,8,2.171,3.152,0.03
lig_1841,COC1=Cc2c(OC(F)(F)F)cc3c(c2CC1=O)CN(C(=O)CN(C)C)CC3,-10.21,4,2.605,3.355,1.68
lig_1857,COC1CCn2c(=O)n(C3CCCCC3)c3cc(C(N)=O)c4c(c32)N1CC4,-10.21,5,2.533,4.722,0.88
lig_2006,COc1cc2c3c(c1)c1cc(OC(C)C)c(O)cc1n3CCN(CC(=O)O)C2=O,-10.21,9,3.031,6.6,0.64
lig_2538,NCCc1cc(Cl)cc2cc3ncn(C(=O)NC4CCCCC4)c3cc12,-10.21,8,2.975,7.526,0.43
lig_2639,O=C(O)CC1CCc2c3c4c(n2C1=O)CCCC1C(=O)N=CC(CC=C3)C41,-10.21,7,2.621,4.277,0.04
lig_1896,COc1c2c(cc3c1CC(=O)C1=CCC(O)=CN13)CCN(CC(=O)Nc1ccccc1)C2,-10.2,9,2.185,3.074,0.62
lig_2524,NC(=O)c1cc2c3c(c1)C(C1CCNC1)OC=C3CCC2,-10.2,7,3.47,6.894,1.49
lig_618,CC=C1Cn2c(cn(CC(=O)O)c2=O)-c2cc(O)c(N3CCCC(C)C3)cc21,-10.19,8,2.529,3.629,0.56
lig_1210,CCOC(=O)c1cc(OC)cc2c3c(ccc12)C(=O)N1C(CCCC1C(=O)N(C)C)C3,-10.19,5,2.953,4.905,1.9
lig_1539,CN(C)C(=O)c1ccc2cccc(NC(=O)CCN3CCCCC3=O)c2c1,-10.19,9,3.055,4.463,0.55
lig_1893,COc1c(Oc2ccccc2)cc2c(=O)n(C3CCCCC3)c(=O)[nH]c2c1O,-10.19,9,3.393,10.326,1.16
lig_1983,COc1cc2c(cc1N1CCCC1)C(C)=C1NC(C(=O)O)=CN=C1N2C,-10.19,8,2.633,3.418,0.46
lig_2056,COc1ccc(CCC(=O)O)c2c(=O)cc(N3CCC(N4CCCCC4=O)C3)[nH]c12,-10.19,9,2.399,3.31,0.52
lig_2086,COc1ccc2c(c1)c1ccccc1n2CCCN1CCCC(C)C1=O,-10.19,9,2.01,2.322,0.1
lig_2094,COc1ccc2c3c(cccc13)CCC2CN1CCCC(C(=O)NCC(=O)O)C1,-10.19,9,2.406,3.145,0.17
lig_2095,COc1ccc2c3c1C(=O)C=CC3CN(C(=O)CC(C)(C)C(=O)O)C2,-10.19,8,1.908,2.53,0.96
lig_2143,Cc1c(C(C)C)cc(CCCO)c2c(=O)n(C3CCCCC3)c(=O)[nH]c12,-10.19,8,2.168,2.803,0.93
lig_2226,Cc1cc(=O)n(C)c2cc(CC3CCC(C(=O)O)CC3)cc(O)c12,-10.19,9,2.04,3.139,0.86
lig_2606,O=C(NC1CCCCC1)c1cccc(C2CCN=C3OC=CC=C32)c1,-10.19,9,2.765,3.865,0.16
lig_249,CC(C)c1ccc2c(c1)C(C)C1=C3C4=C(C1)CC(O)CC(=O)N1CCN(C(=O)N32)C4C1,-10.18,5,2.163,2.712,1.3
lig_550,CC1COCc2cc3[nH]c(=O)n(C4CCCCC4)c(=O)c3cc2OC1,-10.18,7,2.524,3.892,1.04
lig_699,CCC(C)c1c(O)ccc2c1CCn1c-2ccc(C2=CC=CC2)c1=O,-10.18,9,2.292,3.253,0.13
lig_1461,CCc1cccc(C(=O)Cc2cc(CN3CCCOCC3=O)cc(C(=O)O)c2)c1,-10.18,9,2.361,3.678,0.07
lig_2318,Cc1cc2c3c4c(c(=O)n(C(=O)C(C)(C)CO)cc14)CC(C)(C)C(=O)N3CC2=O,-10.18,3,4.654,4.892,2.58
lig_2652,O=C(O)CCC(=O)N1C(=O)c2cccc3c2C2C(CCC21)CC3=O,-10.18,7,1.965,2.624,0.33
lig_2853,O=C1CCCCN1CCC(=O)n1ccc2c(C3=CCCC3)cc(O)cc21,-10.18,9,2.12,2.959,0.06
lig_066,CC(=O)NC1CCC(c2cccc(-c3cnn(C)c3CN3CCNC3=O)c2)CC1,-10.17,9,2.3,2.824,0.2
lig_271,CC(O)C1=C2CC(C(=O)O)=Cc3c2n(c(=O)n3C2CCCCC2)CC1,-10.17,9,3.143,10.402,0.73
lig_468,CC1CC(=O)C(c2cc(CCN3CCCCC3=O)cc(C(=O)O)c2O)C1,-10.17,9,2.32,2.715,0.08
lig_586,CC1OCCC2c3c4c(cc5cccc(c35)CC12)C(=O)N(CC(=O)O)CC4,-10.17,9,4.322,6.994,0.35
lig_636,CC=CC1=c2cc(C)c(=CC)cc2C(CC)C=C1NC(=O)CN1CCCCC1=O,-10.17,6,1.529,1.998,0.09
lig_1151,CCN(CCC(=O)N1CC=Cc2c1cc1c(c2C)OCCC=C1O)C(=O)c1ccc(O)cc1,-10.17,9,2.619,3.982,0.5
lig_1181,CCNC(=O)CC1(O)CCC2CCc3c(cc(C(C)=O)c4ccc(O)cc34)N2C1=O,-10.17,6,2.903,5.287,0.05
lig_1444,CCc1ccc2c(c1)-c1ccnc3c1C(=CC2)C(C)N3CCC(C)(C)C(=O)NC,-10.17,9,2.879,3.894,0.26
lig_1753,CNC(=O)c1cc2c(NC(=O)CCN3CCCCC3=O)cccc2c(O)c1C,-10.17,9,2.754,5.111,0.44
lig_2049,COc1ccc(CC(=O)N2CCCC2)c2c1CC1C(=O)CCC1O2,-10.17,9,3.06,4.477,0.9
lig_2197,Cc1c2c(c3c4c1CCCCC4N(C(=O)CC(C)(C)C(=O)O)C3=O)CCOC2,-10.17,7,2.98,5.819,0.42
lig_2801,O=C(O)c1cnc2c(c1)c(N1CCCCC1)nc(=O)n2C1CCCCC1,-10.17,3,1.722,2.234,1.54
lig_543,CC1CN(C)c2cc(CC(=O)N3CCCCC3)nc3c2C1C=C(O)C3,-10.16,7,2.456,3.474,0.32
lig_1475,CCc1cnc(N2Cc3c(C(=O)O)c(O)cc4cccc(c34)C2=O)cc1C(=O)O,-10.16,8,2.457,3.666,0.24
lig_1920,COc1cc(C(=O)O)cc(C2=CC=CC(C3CCC(C(=O)O)CC3)C2)c1,-10.16,9,2.188,2.706,0.12
lig_2142,Cc1c(C(C)C)cc(CC(C)O)c2c(=O)n(C3CCCCC3)c(=O)[nH]c12,-10.16,9,2.224,3.005,0.23
lig_2573,O=C(CCCc1ccnc2c3c(ccc12)OC(O)CC3)N1CCCCC1,-10.16,9,2.547,3.198,0.3
lig_2629,O=C(O)C1CCN(CCc2cc(OC(F)(F)F)cc3ccccc23)CC1,-10.16,9,2.905,5.104,0.84
lig_2630,O=C(O)C1CCN(Cc2cccc(C(=O)N3C4CC5CC3CC(C4)O5)c2)CC1,-10.16,9,2.765,3.286,0.39
lig_146,CC(C)(C)CC(=O)CNC(=O)c1cccc(-c2ccnc(NC(N)=O)c2)c1,-10.15,9,2.422,3.323,0.29
lig_156,CC(C)(C)Cn1ccc2nc3c(c(N)c2c1=O)CCc1ccccc1-3,-10.15,7,1.969,2.609,0.36
lig_247,CC(C)c1ccc2c(c1)C(=O)NCN2C(=O)CCC1CCCN(C)C1=O,-10.15,9,1.98,2.363,0.34
lig_275,CC(O)C1=Cc2c(OC(F)(F)F)cc3c(c2CC1=O)CN(C(=O)CN(C)C)CC3,-10.15,7,3.031,3.915,0.18
lig_685,CCC(=O)c1nc(=O)n2c3c1Nc1ccc(C(=O)N4CCCC4)cc1C3NCC2,-10.15,6,2.153,2.781,0.59
lig_813,CCC1c2ccccc2C2c3ccc(-n4ccnc(C)c4=O)cc3CC(=O)N12,-10.15,9,2.699,5.874,0.62
lig_1261,CCOc1cc2c3c(c1)N(C(=O)CCN(CC)C(=O)c1ccc(O)cc1)CC=C3OCC2,-10.15,9,2.193,3.263,0.58
lig_1932,COc1cc(C2CCCC(=O)N2)c2cc(CCC(=O)O)ccc2n1,-10.15,9,1.954,2.397,0.4
lig_2002,COc1cc2c3c(c1)C(c1cccc(C(=O)O)c1)CC(=O)N3CCC2C,-10.15,9,2.012,2.602,0.36
lig_2208,Cc1c2c3c(c(=O)n1C(=O)CC(C)C(=O)O)CCCC3C1=CC(C)CN1C2=O,-10.15,6,2.929,5.119,0.75
lig_2368,Cc1ccc2c(N3CC4CCCCC4C3=O)cccc2c1C(=O)NCC(=O)O,-10.15,9,2.241,2.911,0.38
lig_065,CC(=O)NC1CCC(c2cccc(-c3cnn(C)c3CN3CCNC3)c2)CC1,-10.14,9,2.544,4.909,0.31
lig_103,CC(=O)Nc1c(C)c(C(=O)N2CCCCC2)nc2ccc(OC(F)(F)F)cc12,-10.14,5,2.607,3.81,1.6
lig_263,CC(CC(N)=O)Cc1cccc(C(=O)NC2CCC3CCCC32)c1,-10.14,9,2.218,2.946,0.17
lig_780,CCC1CCC(O)c2c(O)cn(CC3CCN4C(=O)CCCCC4C3)c(=O)c21,-10.14,9,2.712,6.459,0.55
lig_1079,CCCc1ccc(OC)c2[nH]c(N3CCC(N4CCCCC4=O)C3)cc(=O)c12,-10.14,9,1.821,2.42,0.46
lig_1393,CCc1cc(OC)c2c3c(c(=O)n(CCC4CCCN4C(=O)CCO)cc13)CCCC2,-10.14,9,2.068,2.592,0.3
lig_1571,CN1C(=O)CC(CC(=O)O)c2ccc(CC3CCC(C(=O)O)CC3)cc21,-10.14,9,2.825,4.207,0.06
lig_1918,COc1cc(C(=O)O)c2cc(N3CC(=O)N4CCCNC4C3)ccc2c1,-10.14,9,2.288,3.349,0.16
lig_2186,Cc1c2[nH]c(=O)n(C3CCCC3)c3c-2c(c(CCC(=O)O)c1=O)CC(O)C3,-10.14,7,2.132,2.563,0.59
lig_2204,Cc1c2c3c(c(=O)n(CCCN4CCCCC4=O)c(=O)n3c1C)=CCCCC2,-10.14,6,2.061,2.637,0.68
lig_2209,Cc1c2c3c(c(=O)n1C(=O)CC(C)C(=O)O)CCCC3C1=CC(O)CN1C2=O,-10.14,5,2.321,2.935,0.52
lig_2340,Cc1cc2ccc(N3CCCC3)c3ccc(=O)n(c1=O)c23,-10.14,7,2.707,3.408,0.06
lig_117,CC(=O)c1cccc2c1Oc1ccc(CN3CCOCCC3=O)cc1CC2,-10.13,9,2.459,3.439,0.42
lig_233,CC(C)c1c(=O)n2c(c3cc4c(cc13)OCCO4)CC1CCN(C(=O)CCO)C1CC2,-10.13,8,4.246,6.583,1.04
lig_449,CC1C(=O)NC2CCC(C)(C)CC2=NCCCc2ccccc2OC(=O)N1C,-10.13,3,7.122,8.156,2.73
lig_616,CC=C1CCc2c1c(CCC1CCC(C(=O)O)CC1)c[nH]c2=O,-10.13,9,2.546,4.215,0.19
lig_646,CC=Cc1cc(=O)n(C)c2cc(CC3CCC(C(=O)O)CC3)ccc12,-10.13,9,2.364,2.929,0.17
lig_1164,CCN1C2=CC3CCCOC3=C(C)C2=Nc2c(CN(C)C(=O)C3=CN(C)C(=O)C3)cccc21,-10.13,5,3.391,4.621,1.73
lig_1182,CCNC(=O)CC1(O)CCC2CCc3c(cc(C(C)=O)c4cccc(O)c34)N2C1=O,-10.13,6,3.007,5.085,0.01
lig_1216,CCOC1=CC2=C(CN1)CN(C(=O)C1(C)CCCC1)c1ccccc12,-10.13,6,3.534,5.446,0.25
lig_1340,CCc1c2n(c(-c3ccccc3)cc1=O)C(=O)N(CC(C)(C)C)C2,-10.13,8,4.452,5.937,0.56
lig_1705,CNC(=O)CC1CCC2c3ccc(C)c4c3C(CC2C1)NC(=O)C4,-10.13,9,2.812,3.502,0.41
lig_1721,CNC(=O)CN1Cc2ccc(CN3C=CC=CC3)cc2C2(CCCC2)C1,-10.13,9,4.43,8.217,0.33
lig_2043,COc1ccc(C(=O)O)c2c1Nc1ccc3c(c1CC2)C(=O)N(CC(=O)O)C3,-10.13,7,2.217,2.71,1.14
lig_2269,Cc1cc(O)c2c3c1c(=O)nc(N)n3Cc1c-2cccc1N1CCC(C)C1,-10.13,8,3.136,4.153,0.97
lig_2350,Cc1ccc(C(=O)O)c2c1NC(C(=O)N1CCCCC1)=CC2,-10.13,7,2.329,3.032,1.06
lig_2505,Cn1ccc(Cc2cc(CO)ccc2Cc2ccccc2)cc1=O,-10.13,9,3.024,4.109,0.1
lig_121,CC(=O)n1ccc(=O)c2ncc(CC3CCC4CCC(=O)N4C3)cc21,-10.12,8,2.045,2.779,0.53
lig_1021,CCCOC(C)C1=C2CC(C(=O)O)=Cc3c2n(c(=O)n3C2CCCCC2)CC1,-10.12,9,1.769,1.954,0.59
lig_1091,CCCc1cccc2c1CC(O)C1CC(CCN3CCCCC3=O)CC(=O)N21,-10.12,9,1.934,2.31,0.38
lig_1672,CNC(=O)C(C)(C)CCN1c2nccc3c2C(=CC(O)=C2CCC(=O)C=C23)C1C,-10.12,9,2.876,4.22,0.1
lig_1758,CNC(=O)c1ccc2cccc(NC(=O)CCN3CCCCC3=O)c2c1,-10.12,9,2.419,2.903,0.18
lig_1829,COC1=CCN2C3=C1CC(O)=C(C)C3=Nc1c(CN(C)C(=O)C3=CN(C)C(=O)C3)cccc12,-10.12,5,3.292,6.024,1.76
lig_2158,Cc1c(CCN2CCCCCC2=O)cc2cc(O)ccc2c1C(=O)O,-10.12,9,2.119,2.994,0.42
lig_2181,Cc1c(O)cc2c3c1Nc1cccc(OC(F)(F)F)c1N=C3C=CN2,-10.12,9,2.655,3.525,0.27
lig_2249,Cc1cc(CCC(=O)NC(C)(C)C)cc2c(C(=O)N(C)C)cccc12,-10.12,9,2.99,5.748,1.65
lig_2313,Cc1cc2c3c(c1O)CCC1N=CN(C=C2CCCC(=O)N2CCCCC2)N31,-10.12,9,2.513,5.76,0.35
lig_2407,Cc1ccc2nc3c(c(NC(=O)N4C(=O)CCC4(C)C)c2c1)CCCC3,-10.12,7,4.666,7.197,1.84
lig_2746,O=C(O)c1cc(F)c2c(c1)CCC(=O)N1CCCC3CCC=C(C=C31)CO2,-10.12,7,3.535,4.801,0.86
lig_2832,O=C1CC2=Cc3c(cccc3NC(=O)CCN3CCCCC3=O)CN2C(=O)N1,-10.12,9,3.436,4.602,0.08
lig_1046,CCCc1c2ccccc2n2c(=O)n(CCCN3CCCCC3=O)ccc12,-10.11,9,2.366,3.601,0.49
lig_1057,CCCc1cc(CC(=O)O)c2c(=O)n(C3CCCCC3)c(=O)[nH]c2c1C,-10.11,4,2.005,2.258,0.16
lig_1177,CCN1c2cc(CCC(=O)NC(C)(C)C)cc(C)c2Cc2ccc(=O)oc21,-10.11,9,2.566,3.574,0.01
lig_1403,CCc1cc2c(cc1C(=O)O)C(Cc1cc(C)ccc1O)CN(CCO)C2=O,-10.11,9,2.366,4.66,1.0
lig_1509,CCn1c(=O)n(C2CCCCC2)c(=O)c2c3c(c(OC)cc21)CCC3,-10.11,7,1.854,3.118,0.79
lig_1519,CN(C(=O)CCN)C1CCc2c3c4c(cc(O)cc4c(=O)n2C1)C=C(O)C3,-10.11,9,1.909,2.594,0.13
lig_1534,CN(C)C(=O)CCC1=Cn2c(nc3c4c(ccc32)N(O)CC=C4)CC1,-10.11,9,2.604,3.661,0.47
lig_1594,CN1C(=O)c2nc3c(CCC(=O)O)cccc3cc2C2CCCC21C,-10.11,5,2.487,3.229,0.62
lig_2107,COc1ccc2cc(CCN3CCCCCC3=O)cc(C(=O)O)c2c1,-10.11,9,2.217,2.846,0.55
lig_2467,Cc1nc2cc3c(nc2c(CNC(=O)C2CCCC2)c1C)C=CCC3O,-10.11,9,3.098,6.095,0.02
lig_2620,O=C(O)C1=NC=C(c2cccc(-c3cccc(C(=O)O)c3)c2)C1,-10.11,9,3.084,4.141,0.12
lig_054,CC(=O)N1c2cc(C3CCN(CC(=O)O)C3)ccc2Oc2c(O)cccc21,-10.1,9,2.134,2.783,0.53
lig_076,CC(=O)NC1CCC2c3cccc4c5c(c(=O)n(c34)CC2C1)C(O)CC5,-10.1,2,3.389,3.389,2.91
lig_132,CC(C)(C)C(=O)N1C=C(CN)c2nc(-c3ccccc3)nc3nccc1c23,-10.1,9,2.622,3.403,0.02
lig_366,CC1=C2OCCc3c2c(c(C)c(=O)n3CCCN2CCCC(C)C2=O)CC1,-10.1,7,1.73,2.329,0.19
lig_494,CC1CCC2=CC(=O)N3C(=CCc4c3ccc3c4OCCC3C(=O)O)N2C1,-10.1,8,2.824,5.154,0.7
lig_1577,CN1C(=O)N(C)c2cc(CC(=O)N3CCCCC3)nc3cc(O)cc1c23,-10.1,8,2.316,4.907,0.0
lig_1891,COc1c(OC)c2c(cc3n2CCN(CC(=O)O)C3)c2c(O)cc(C)cc12,-10.1,4,1.879,2.496,0.8
lig_2364,Cc1ccc2c(CCCO)c3n(c(=O)c2c1O)CCC(CC(=O)O)C3,-10.1,8,2.05,2.583,0.67
lig_2409,Cc1cccc(-c2cc(CC(=O)O)c3c(c2)OCC(C)O3)c1,-10.1,9,2.323,2.949,0.4
lig_2672,O=C(O)CN1CC2=C3C(F)=CCC4=C3N3C(=CCc5ncc(c2c53)C1)C=C4C(=O)O,-10.1,7,3.235,4.028,0.95
lig_2730,O=C(O)c1c(O)cc2c3c(cccc13)C(=O)N1CC(C(=O)O)CCC21,-10.1,5,2.721,4.359,0.34
lig_120,CC(=O)n1c(=O)cc(O)c2ncc(CC3CCC4CCC(=O)N4C3)cc21,-10.09,9,2.01,2.551,0.63
lig_417,CC1=Cc2cccc3nc(CC(C)CC(=O)O)c(CO)c(c23)C1,-10.09,7,2.724,3.563,0.64
lig_640,CC=Cc1c(NC(=O)CN2CCCCC2=O)cc2c3c(c(=CO)ccc13)OCC=2,-10.09,9,1.819,2.358,0.28
lig_695,CCC(C)c1c(O)cc2c3c1C=CC1=C(O)C(=O)C4=C(C(=CO2)C=CO4)C13,-10.09,6,2.288,4.068,1.57
lig_1126,CCN(CC(=O)O)C(=O)c1cc2cccc3c2c(n1)C(C)=C1OCCCN13,-10.09,9,2.094,3.24,0.56
lig_1286,CCOc1ccc2nc(CC(=O)N3CCCCC3)cc(C(=O)NC)c2c1,-10.09,9,2.41,3.977,0.18
lig_1670,CNC(=O)C(C)(C)CCN1CC2=CC(O)C3C=CN=C3c3ccnc1c32,-10.09,9,1.955,2.382,0.25
lig_1996,COc1cc2c3c(c(CO)n4c3c1N1CCC3=C=CC(=C31)C4=O)CCN(CC(=O)O)C2=O,-10.09,5,1.804,2.268,0.23
lig_2592,O=C(CN1CCc2c3c(c4c(c2C1)OCC=C4)CC(=O)OC3)Nc1ccccc1,-10.09,9,2.705,3.897,0.61
lig_2705,O=C(O)CNc1ccc2c(c1)-c1ccccc1C(C(F)(F)F)C2,-10.09,5,4.764,7.043,0.89
lig_072,CC(=O)NC1CCC2c3ccc4c(c3N=C(C)N2C1)NC(=O)CC4,-10.08,9,2.277,3.145,0.27
lig_389,CC1=CC2c3c(cc4c(O)c(CC(=O)O)ccc4c3C(=O)N(C)C2C)O1,-10.08,5,4.158,5.798,0.28
lig_668,CCC(=O)N1CCC(Cn2c(=O)n(-c3ccccc3)c3ccccc32)CC1,-10.08,9,2.392,4.053,0.03
lig_732,CCC1=C2CCCCN2c2cccc3cc(C(=O)N(CC)CC(=O)O)nc1c23,-10.08,6,2.514,4.077,0.45
lig_1130,CCN(CC(=O)O)C(=O)c1cc2cccc3c2c(n1)C1=C2C(CCCN23)CCC1O,-10.08,8,3.086,6.237,0.16
lig_1141,CCN(CCC(=O)N1CC=C2OC=Cc3cc(C(=O)O)cc1c32)C(=O)c1ccc(O)cc1,-10.08,9,2.035,2.591,0.01
lig_1522,CN(C)C(=O)C1CCCCN1C(=O)c1cn2c3c1NCCC3C(=O)c1ccccc1-2,-10.08,6,1.737,2.133,0.2
lig_1596,CN1C2=C3C(=CC=CC3c3c1[nH]c(=O)n(C1CCCCC1)c3=O)OCCO2,-10.08,6,2.339,3.005,0.11
lig_1619,CN1CCC(c2cccc(C(=O)NC3CCCCC3)c2)CC1,-10.08,9,2.471,3.15,0.2
lig_1877,COc1c(C)c2c(c3cc4n(c13)CCN(CC(=O)O)C4)CC(O)=CC2,-10.08,4,2.263,2.894,0.72
lig_2339,Cc1cc2cc3ncn(C(=O)NC4CCCCC4)c3cc2c(CCN)c1O,-10.08,9,2.686,3.437,0.43
lig_2513,NC(=O)C1=CN(c2cn(-c3cccc(N4CCCC(N)C4=O)c3)ccc2=O)CC=C1,-10.08,9,3.397,6.596,0.13
lig_2581,O=C(CCN1CCCCC1=O)Nc1cccc2cc(C(=O)O)ccc12,-10.08,9,2.375,3.009,0.33
lig_2698,O=C(O)CNC(=O)C1CCC(Cc2ccc(-c3ccccc3)cc2C(=O)O)CC1,-10.08,9,3.248,4.86,0.05
lig_2784,O=C(O)c1cccc(C2CC(=O)N3CCC(CO)c4cc(O)cc2c43)c1,-10.08,9,2.32,2.649,0.23
lig_068,CC(=O)NC1CCC2C(=NN3c4c(cccc42)-c2ccccc2OC3C)C1,-10.07,4,2.873,3.903,0.19
lig_194,CC(C)C(=O)n1cc(C(=O)O)c(=O)c2cc(C3(C(=O)O)CCCC3)ccc21,-10.07,7,2.579,6.046,0.64
lig_377,CC1=CC2=C(C=C(C)C3N=C(CCN4CCCCCC4=O)C(C(=O)O)=C23)CC1,-10.07,9,2.381,4.149,0.21
lig_769,CCC1CC(C)(C)Oc2c3c4c(ccc(O)c4c(=O)n21)OCC3,-10.07,7,1.871,2.487,0.25
lig_1082,CCCc1ccc2c(c1)C(C(=O)O)=CC1CCC(C)(C)C(=O)N21,-10.07,6,2.254,3.389,0.69
lig_1360,CCc1cc(C(=O)O)cc2c1CN1C(=O)C(CC(=O)N3CCCNCC3)=CC1C2C,-10.07,9,2.83,3.359,0.21
lig_1453,CCc1ccc2c3c(nc(C(=O)N(CC)c4ccccc4O)cc13)CC(O)=C2,-10.07,9,1.993,2.498,0.05
lig_1800,COC(=O)c1cc(OC)cc2c1C(C)C1=CC3CCC(C(=O)O)N3C(=O)c3ccn-2c31,-10.07,9,4.043,11.36,0.46
lig_2007,COc1cc2c3c(c1)c1cc(OC)c(O)cc1n3CCN(CC(=O)O)C2=O,-10.07,6,2.016,2.288,0.95
lig_2051,COc1ccc(CC(=O)N2CCCC2)c2c1Cc1c(O)cccc1O2,-10.07,7,2.893,5.142,0.43
lig_2610,O=C(Nc1ccc2c([nH]c(=O)n2C2CCCCC2)c1C(=O)O)c1ccccc1,-10.07,9,2.386,2.817,0.06
lig_2765,O=C(O)c1cc2c3c(c1O)n(C1CCCCC1)c(=O)n3CCCC2O,-10.07,8,1.95,2.307,0.16
lig_2835,O=C1CC2CCc3c2c2c1cncc2c(CC1CCC(C(=O)O)CC1)nc3=O,-10.07,8,3.559,7.261,0.49
lig_012,C=C(C)c1cc2c3c(c1)c(=O)n(CCCN1CCCCC1=O)c(=O)n3CCC2,-10.06,8,1.975,2.411,0.12
lig_288,CC(O)c1cc2c3c(c1)n(C1CCCCC1)c(=O)n3CCN(C)C2=O,-10.06,8,1.932,2.246,0.31
lig_294,CC1(C(=O)N2CC3=C(NC(=O)NC3)c3ccccc32)CCCC1,-10.06,7,3.735,5.497,0.02
lig_598,CC1c2c(ccc3c2CCN(CC(=O)O)C3)C(=O)N2Cc3ccccc3CC12,-10.06,4,3.757,5.483,1.63
lig_701,CCC(C)c1c(O)ccc2c1CCn1c-2ccc(C2=CCCC2)c1=O,-10.06,8,2.071,2.855,0.01
lig_844,CCCC(=O)N1CCC(n2c3c(c4c(CC)cccc4c2=O)C=CC(O)C3)C1,-10.06,7,2.43,3.348,0.42
lig_892,CCCC(C)N1C=C2CC(=O)N3CCCc4c3c2c2c(ncn2C1=O)c4C,-10.06,7,2.049,2.413,0.47
lig_1907,COc1c2ccc(C)c3c2c(c2cc4n(c12)CCN(CC(=O)O)C4)C(O)C=C3,-10.06,5,2.356,3.199,0.18
lig_2018,COc1cc2c3c(ccc4c3c1CN(CC(=O)O)C4)C(O)C1CCCC21,-10.06,6,2.77,5.462,0.9
lig_568,CC1Cc2cccc3c(=O)n(CCCN4CCCCC4=O)c(=O)n(c23)C1,-10.05,9,2.088,2.714,0.78
lig_679,CCC(=O)NCCN1C(=O)Cc2c1nc(C)c1cc(C(=O)O)cc(CC)c21,-10.05,9,2.419,2.748,0.48
lig_883,CCCC(=O)NCc1cnc2c(c1)CC(C)Cc1cc(C)ccc1-2,-10.05,9,3.127,6.685,1.39
lig_1228,CCOc1c(CO)cc(C(=O)N2CCN(C)C(=O)C2)cc1-c1ccccc1,-10.05,9,2.772,7.623,0.57
lig_1345,CCc1cc(=O)n2c3c(c4c(cc13)CN(CC(=O)Nc1ccccc1)CC4)CNC2=O,-10.05,8,4.164,6.745,0.6
lig_1396,CCc1cc2c(CO)c(CCN3CCCCC3=O)nn2c2ccccc12,-10.05,9,2.185,2.626,0.06
lig_1713,CNC(=O)CN1CCc2c(ccc3c(=O)n4c(cc23)-c2cc(C)ccc2CC4)C1,-10.05,8,3.555,7.243,0.24
lig_2732,O=C(O)c1c2c3c4c(c1O)n(C1CCCCC1)c(=O)n4CCCC3CC2,-10.05,6,3.102,5.821,0.01
lig_1419,CCc1cc2c3c(n1)C(=O)NCC3C=C(C(=O)N1CCCCC1)N2,-10.04,9,2.836,5.082,0.57
lig_1643,CN1CCCN(CCC(=O)Nc2cccc(-c3cccc(=O)[nH]3)c2)C1=O,-10.04,9,2.022,2.835,0.05
lig_1838,COC1=CCc2cc(C)c3[nH]c(=O)n(C4CCCCC4)c(=O)c3c2NC1=O,-10.04,3,4.125,6.387,1.23
lig_1903,COc1c2c3c(cc(O)cc3c3cc4n(c13)CCN(CC(=O)O)C4)CCC2,-10.04,6,2.106,3.349,0.18
lig_2238,Cc1cc(C)c2c(c1)C(=O)n1cc(CN3CCCC3=O)c3cc(O)cc(c31)C2,-10.04,7,2.996,4.754,0.37
lig_2344,Cc1cc2n(c1)C(=O)N(Cc1cccc(C(=O)N3CCCCC3CO)c1)CC2C,-10.04,9,2.3,2.762,0.26
lig_2415,Cc1cccc(CNC(=O)CC2CCC(N3CCC(C)CC3=O)CC2)c1,-10.04,9,2.213,2.777,0.04
lig_2680,O=C(O)CN1CCc2c(cnc3c4c(nc(CO)c23)-c2cc(O)ccc2CC4)C1,-10.04,9,2.957,4.215,0.18
lig_2758,O=C(O)c1cc2c3c(c1)n(C1CCCCC1)c(=O)n3CCC1N=CC=C21,-10.04,4,2.333,2.86,0.75
lig_138,CC(C)(C)C(=O)N1C=C(CO)c2nc3c(c4nccc1c24)CCc1sccc1-3,-10.03,6,2.847,3.369,0.33
lig_385,CC1=CC2=c3c(c(O)ccc3=NCc3cc(O)c(C4CCCC4)cc32)O1,-10.03,9,4.448,6.972,0.09
lig_572,CC1Cc2ncnc3c2C(=CC2=CC4CN(CC(=O)N(C)C)CCC4CN23)O1,-10.03,7,2.334,3.15,1.26
lig_1150,CCN(CCC(=O)N1CC=Cc2c1cc(C(N)=O)c(O)c2C(C)C)C(=O)c1ccc(O)cc1,-10.03,9,2.223,2.669,0.39
lig_1449,CCc1ccc2c(c1OC)CC1CN(CC(=O)NC)Cc3ccc(OC)c-2c31,-10.03,7,2.48,4.838,0.7
lig_1599,CN1C=CC2=C(O)CCc3nc(CC(=O)N4CCCCC4)cc1c32,-10.03,9,1.896,2.336,0.06
lig_1662,CN1Cc2c(OC(F)F)ccc3c(CN4CCCC4=O)cn(c23)-c2ccccc21,-10.03,5,3.107,4.003,1.24
lig_2021,COc1cc2cccc(CCCC(=O)N3CCCCC3)c2cc1C(N)=O,-10.03,9,2.23,3.313,0.18
lig_2214,Cc1c2c3c(cn(CCCN4CCCCC4=O)c(=O)n3c1C)CCCC2,-10.03,9,2.67,6.473,0.19
lig_2704,O=C(O)CNc1ccc2c(c1)-c1ccccc1C(=O)C2,-10.03,9,3.136,3.828,0.37
lig_702,CCC(C)c1nc(=O)n2c3c1Nc1ccc(C(=O)N4CCCC4)cc1C3NCC2,-10.02,9,2.406,3.111,0.82
lig_1132,CCN(CC(=O)O)C(=O)c1cc2cccc3c2c(n1)CC1COCCC31,-10.02,8,2.592,3.776,0.35
lig_1874,COc1c(C)c(C(=O)O)c2c(c1CCc1ccnc3ccccc13)CCCC2,-10.02,9,2.316,3.416,0.26
lig_2219,Cc1c2ccccc2n2c(=O)n(CCCN3CCCCC3=O)cc(C(=O)O)c12,-10.02,9,2.721,5.6,0.54
lig_2640,O=C(O)CC1CCc2c3c4c(n2C1=O)CCOC1=NC(=O)CC(O)(CC=C3)C14,-10.02,6,1.894,2.164,0.97
lig_2707,O=C(O)Cc1c(O)ccc2c1OCc1c-2cc2c(c1C(=O)O)CCCC2=O,-10.02,8,2.049,3.099,0.06
lig_089,CC(=O)NCc1c2c(nc3c(C)ccc(C)c13)C(C)CC(C)(C)C2,-10.01,8,2.826,6.609,1.41
lig_118,CC(=O)c1cccc2oc(C(O)CC3CCCC(N4CCCCC4=O)C3)cc12,-10.01,9,2.151,2.81,0.07
lig_257,CC(C)n1ccc(=O)c2nc(N)c(Cc3cccc(C(=O)O)c3)cc21,-10.01,9,2.176,2.714,0.36
lig_677,CCC(=O)NCCN1C(=O)Cc2c1nc(C)c1cc(C(=O)O)cc(C(=O)OC)c21,-10.01,5,2.258,2.678,1.1
lig_1399,CCc1cc2c(c(N)c(CCN3CCCCC3=O)n2C)c2c1CC=C2,-10.01,9,2.118,3.393,0.19
lig_1470,CCc1cn2c(cc1=O)C(C)C1=C(Cn3c(cccc3=O)C1)C2=O,-10.01,5,2.598,4.549,0.56
lig_1680,CNC(=O)C1=C2CN(CCC3CCCC(C(=O)O)C3)CC=C2C(=O)c2sccc21,-10.01,9,2.284,3.238,0.16
lig_1783,COC(=O)Cc1cc(OC)c2c3c1c(=O)n(C1CCCCC1)c(=O)n3CC2,-10.01,7,2.08,2.517,0.98
lig_1904,COc1c2c3c(cc(O)cc3c3cc4n(c13)CCN(CC(=O)O)C4)N=CC2,-10.01,6,2.414,4.189,0.1
lig_2093,COc1ccc2c3c(cc(CO)c2c1)CN(C(C)=O)CC3,-10.01,8,2.09,2.612,0.47
lig_2108,COc1ccc2cc(O)c(CC3CC4CCCC(=O)N4C3)cc2c1,-10.01,9,2.267,3.632,0.17
lig_2235,Cc1cc(C(C)C)c2[nH]c(=O)n(CCCN3CCCCC3=O)c(=O)c2c1,-10.01,9,1.954,2.711,0.25
lig_2382,Cc1ccc2c(c1O)C(=O)C(CCN1CCCCC1=O)CC2(C)C,-10.01,9,2.665,3.957,0.33
lig_2428,Cc1cccc2c1Oc1c(CNC(=O)C(F)(F)F)cc(O)cc1C2,-10.01,9,3.566,5.296,0.19
lig_2929,Oc1cc2c(cc1C1CCCC1)C1=c3c(c4sccc4cc3=NC2)OCC1,-10.01,9,3.984,5.778,0.82
lig_901,CCCC1=CC2=C(C(=O)O)C(CCN3CCCCCC3=O)=NC2C(C)=C1,-10.0,9,2.617,4.173,0.71
lig_1199,CCNC(=O)c1ccc2c3c(cc(C(=O)O)cc13)CN(CC(=O)O)C2,-10.0,9,2.38,2.744,0.15
lig_1814,COC1=C(C)OC2=C(Cc3ccc4c(c3)CN(C)CCC(=O)NC4)C=NCC2=C1,-10.0,9,2.233,4.303,0.1
lig_2292,Cc1cc2c(cc1C(=O)N(C)CCC(=O)N1CCCCC1)-c1ccoc1CCO2,-10.0,9,2.368,3.794,0.07
lig_2838,O=C1CCC(c2cccc(-c3cc4n(c(=O)c3)C(C(=O)NCCO)CC4)c2)N1,-10.0,9,2.223,2.854,0.19
lig_516,CC1CCCn2c(=O)n(C3CCCCC3)c3c(O)c(C(=O)O)cc1c32,-9.99,6,2.024,2.781,1.66
lig_712,CCC(C)n1c(=O)ccc2c3c4c(cc21)C(O)NC(=O)N4CC(=O)N3,-9.99,7,2.031,2.861,0.97
lig_733,CCC1=C2NC(C(=O)O)=CN=C2N(C)c2cc(OC)c(N3CCCC3)cc21,-9.99,6,2.066,2.311,0.44
lig_924,CCCC1COc2c(c(CCO)cc3c(N4CCCC4)c(C)ccc23)O1,-9.99,6,2.565,3.127,0.9
lig_1816,COC1=C=C(O)C(O)C(c2cn(C(=O)N3CCCC3)c3ccccc23)=C1,-9.99,9,2.858,4.714,0.63
lig_1852,COC1C=C2C(=Nc3c(CN(C)C(=O)C4=CN(C)C(=O)C4)cccc3N2C(C)=O)C(C)=C1O,-9.99,6,2.856,3.708,1.04
lig_1935,COc1cc(CC(=O)N(C)C2CCCC2)cc(-c2cccc(CCO)c2)c1O,-9.99,9,2.547,2.883,0.36
lig_159,CC(C)(C)c1cc(O)cc2c1ccn2C(=O)CCN1CCCCC1=O,-9.98,9,2.013,2.653,0.13
lig_518,CC1CCN(C(=O)CCC(=O)Nc2cccc3c(O)cccc23)CC1,-9.98,9,2.208,2.793,0.27
lig_1300,CCc1c(C)c(C)n2c(=O)n(CCCN3CCCCC3=O)c3ccccc3c12,-9.98,9,2.349,4.013,0.02
lig_1516,CCn1c2c(c3c4c(ccc3c1=O)CN(CC(=O)O)CC4)C=CCC2=O,-9.98,8,2.602,3.759,0.1
lig_1536,CN(C)C(=O)CN1Cc2cc(C(=O)O)cc3c(C(=O)O)ccc(c23)C1=O,-9.98,7,2.393,4.342,0.11
lig_2264,Cc1cc(O)c2c(C(=O)O)cn(CC3CCN4C(=O)CCOCC4C3)c(=O)c2c1,-9.98,9,2.363,3.59,0.24
lig_2431,Cc1cccc2ccc3c(CO)c(CCN4CCCCC4=O)nn3c12,-9.98,9,1.98,2.859,0.29
lig_2741,O=C(O)c1cc(CCN2CCCCCC2=O)cc2ccccc12,-9.98,9,2.086,2.655,0.52
lig_231,CC(C)Oc1cc2c(cc1O)N(C1CCCC(C(=O)O)C1)C(=O)N1CCCC=C21,-9.97,6,2.987,4.434,1.48
lig_328,CC1(C)c2c(ccc3c2CCN(CC(=O)O)C3)C(=O)N2CCCCC21,-9.97,2,1.822,1.822,2.57
lig_405,CC1=Cc2c3c(c(=O)n4c2OC(C)(C)CC4CC(=O)O)C(O)CC(O)C3C1=O,-9.97,3,2.075,2.216,1.55
lig_410,CC1=Cc2cc(CCN3CCCCCC3=O)cc(C(=O)O)c2CC1,-9.97,9,2.168,2.712,0.01
lig_623,CC=CC1=C2C=C(C)C(=O)C(O)=C2C(C)C=C1NC(=O)CN1CCCCC1=O,-9.97,9,2.144,3.845,0.44
lig_1171,CCN1CCC(C)c2nc(N)c(Cc3cccc(C(=O)O)c3)cc21,-9.97,9,2.724,4.309,0.33
lig_1212,CCOC(=O)c1cc2c3c(ccc(C(=O)O)c3c1)C(=O)N(CC(=O)N(C)C)C2,-9.97,8,2.495,5.256,0.05
lig_1222,CCOC1CCCn2c(=O)n(C3CCCCC3)c3cc(C(=O)O)cc1c32,-9.97,7,1.908,2.227,1.44
lig_1328,CCc1c2c(c(C)c(=O)n1CCCN1CCCC(C)C1=O)CCC(C)C2,-9.97,7,2.523,4.659,0.05
lig_1953,COc1cc(O)c2cc(C(=O)N3CCCCC3C(=O)N(C)C)ccc2c1,-9.97,9,2.677,4.117,0.38
lig_2052,COc1ccc(CC(=O)N2CCCC2)c2oc3ccc(CO)c-3cc12,-9.97,9,2.572,3.727,0.61
lig_2386,Cc1ccc2c(ccc3cocc32)c1C(=O)N1CCC(C(=O)NC2CCCC2)C1,-9.97,9,3.043,4.601,0.43
lig_2753,O=C(O)c1cc2c(C(=O)O)ccc3c2c2c1OCCC2C(=O)N3,-9.97,9,1.782,2.03,0.18
lig_2852,O=C1CCCCN1CCC(=O)n1ccc2c(-c3cccnc3)cc(O)cc21,-9.97,9,2.469,3.309,0.04
lig_119,CC(=O)c1cn(CCCN2CCCCC2=O)c(=O)n2c1c(C)c1ccccc12,-9.96,9,1.832,2.641,0.03
lig_703,CCC(C)n1c(=O)[nH]c(=O)c2c3c(ccc21)C=C1OC(C)=C=C1N3C1=CCC=C1,-9.96,3,2.051,2.226,2.53
lig_1003,CCCNC(=O)CN(C)c1ccc2c(c1)C1COC(=O)N1c1ccccc1-2,-9.96,9,2.143,2.934,0.05
lig_1124,CCN(CC(=O)O)C(=O)c1cc2cccc3c2c(n1)-c1cccc2c1N3CCC2,-9.96,9,2.281,4.099,0.06
lig_1309,CCc1c(CCO)cc2c3c1CCCCC3N(C(=O)CC(C)(C)C(=O)O)C2=O,-9.96,6,2.17,2.394,1.34
lig_1358,CCc1cc(C(=O)O)cc2c1C(=O)Cc1ncc3c(c1-2)OCCC(=O)C3C,-9.96,8,2.594,4.961,1.12
lig_1415,CCc1cc2c3c(c4c5c(c3c1)CCCN5C(=O)C(CC(=O)O)C4)CNC2,-9.96,8,3.609,6.996,1.08
lig_1743,CNC(=O)Nc1cc(C(C)C)c(C)c2[nH]c(=O)n(C3CCCCC3)c(=O)c12,-9.96,9,4.795,8.152,0.83
lig_2739,O=C(O)c1cc(CCN2CCCCCC2=O)cc2c(O)cccc12,-9.96,9,1.636,2.283,0.04
lig_055,CC(=O)NC(=O)c1cccc(NC(=O)N2CCN3C(=O)CCCCC3C2)c1,-9.95,9,3.255,6.991,0.28
lig_517,CC1CCN(C(=O)CCC(=O)Nc2cccc3c(O)cc(CN)cc23)CC1,-9.95,9,2.365,3.521,0.41
lig_1010,CCCNC(=O)Cc1ccc2c(c1)c(=O)n1c(O)cc3c1n2CC=C3c1ccoc1,-9.95,9,2.249,2.664,0.07
lig_1090,CCCc1cccc2c(CN3CCCC3=O)cc(CC(=O)O)cc12,-9.95,9,2.902,3.568,0.13
lig_2286,Cc1cc2c(CCCC(=O)N3CCCCC3)cn(C)c2c2c1OC(O)CC2,-9.95,9,2.171,2.825,0.03
lig_2710,O=C(O)Cc1cc(CC(=O)N2CCCC2)c2c(c1)CC1C(O)CCC1O2,-9.95,9,2.551,4.569,0.92
lig_2914,O=C1c2ccccc2N2C(=O)CC(CCN3CCCCC3=O)CC2C1O,-9.95,7,1.901,2.687,0.48
lig_725,CCC(O)c1ccc2c3c(cccc13)CN1C(=O)C3C(CCCN3C(=O)CCC(=O)O)CC21,-9.94,6,3.784,5.31,1.76
lig_744,CCC1=COc2cc(O)cc3nc(CN(C)C(C)=O)cc1c23,-9.94,9,2.581,3.732,0.26
lig_915,CCCC1CC(C)c2nc(C(=O)N(CC)CC(=O)O)cc3cccc1c23,-9.94,9,1.99,3.328,0.1
lig_1202,CCNC1=CCN2CC3CC(N4CCCCC4=O)CCC3n3c2c1c(=O)n(C)c3=O,-9.94,5,1.725,2.283,0.64
lig_1439,CCc1ccc2c(=O)n(C(=O)CC(C)(C)C(=O)O)c3c(c2n1)CCCC3,-9.94,7,2.82,4.288,0.61
lig_1481,CCc1cnc(N2Cc3cccc4c3C(C2)C(C)C(CC)N4)cc1C(=O)O,-9.94,9,3.09,5.816,0.41
lig_1879,COc1c(C)c2cc(C)c(O)cc2c2nc3n(c12)CCN(CC(=O)O)C3,-9.94,7,2.089,3.116,0.25
lig_2278,Cc1cc2c(C)cc(CCC(=O)NC(C)(C)C)cc2cc1O,-9.94,9,2.246,2.743,0.32
lig_2442,Cc1cnc(-c2ccccc2NC(=O)CCN2CCCCC2=O)cc1O,-9.94,9,3.362,5.483,0.44
lig_2477,Cc1oc(=O)c(C)c2c1CC(CC(=O)N(C)C(=O)N1CCC(C)(C)C1)C2,-9.94,9,2.378,5.132,0.47
lig_2729,O=C(O)c1c(O)c2c3c4c(cccc14)CCCn3c(=O)n2C1CCCCC1,-9.94,3,2.468,2.581,1.06
lig_2930,Oc1cc2c(cc1C1CCCC1)C=c1c(O)c3ccccc3cc1=NC2,-9.94,9,3.388,5.256,0.1
lig_552,CC1Cc2c(CCCC(=O)N3CCCCC3)cn(C)c2-c2c(O)cc(O)cc21,-9.93,9,2.192,2.787,0.02
lig_626,CC=CC1=C2C=CC(C)C3=NCC=C(C=C1NC(=O)CN1CCCCC1=O)C32,-9.93,9,2.2,2.673,0.37
lig_700,CCC(C)c1c(O)ccc2c1CCn1c-2ccc(C2=CC=CCO2)c1=O,-9.93,9,2.235,2.946,0.01
lig_730,CCC1=C2C=Cc3ccc4c5c3N2C2C(=N1)CC(O)=CC2=C5CN(CC(=O)NC)C4,-9.93,7,3.497,6.315,0.78
lig_1025,CCCOc1cc(C(N)=O)cc2cc(CCN3CCNCC3=O)ccc12,-9.93,9,2.697,3.743,0.21
lig_1480,CCc1cnc(N2Cc3cccc4c3C(C2)C(C)C(=O)C4(C)C)cc1C(=O)O,-9.93,9,2.122,2.918,0.04
lig_1586,CN1C(=O)N2CCCCC2c2cc3c(N4CCCCC4)ccnc3nc21,-9.93,6,4.84,8.481,1.26
lig_1674,CNC(=O)C1(C)CCCC(n2c(C)c3ccc(OC)cc3c(C(=O)O)c2=O)C1,-9.93,9,2.564,4.66,1.12
lig_1697,CNC(=O)CC1CCC(c2ccc3c(c2)C(C(=O)O)CCC3)CC1,-9.93,9,2.988,5.44,0.04
lig_1773,COC(=O)C1=CC2=C3C(=C4CCN(CC(=O)O)C4CC3CCCC2)C1,-9.93,6,3.201,3.826,0.02
lig_2168,Cc1c(N2CCC(N3CCCCC3=O)C2)[nH]c2c(-c3ccccc3)ccc(C)c2c1=O,-9.93,9,3.795,6.869,1.05
lig_2757,O=C(O)c1cc2c3c(c1)c(=O)n(CCCN1CCCCC1=O)c(=O)n3CCC2,-9.93,8,3.014,6.281,0.07
lig_2764,O=C(O)c1cc2c3c(c1O)n(C1CCCCC1)c(=O)n3CCC1=NCC=C12,-9.93,6,2.04,2.673,0.09
lig_000,﻿C=C(C)C1=C2CC(C(=O)O)=Cc3c2n(c(=O)n3C2CCCCC2)CC1,-9.92,7,2.074,3.074,0.14
lig_048,CC(=O)N1CCN(Cc2cccc(C(=O)N3C4CC5CC3CC(C4)O5)c2)CC1,-9.92,9,2.758,4.072,0.79
lig_090,CC(=O)NCc1c2c(nc3c(C)cccc13)C(C)CC(C)(C)C2,-9.92,9,3.302,6.737,0.97
lig_332,CC1(CN2CCCCC2=O)CCC2c3c(ccc4c3C(=CCO4)C(O)C2O)O1,-9.92,7,2.522,3.654,1.59
lig_420,CC1=NC(=O)C(c2cc3c(n(C)c2=O)CC2CCC(C(=O)O)CC2(C)C3)=C1,-9.92,9,3.574,4.681,0.46
lig_676,CCC(=O)NCCN1C(=O)Cc2c1nc(C)c1cc(C(=O)O)cc(C(=O)O)c21,-9.92,6,2.329,2.722,0.71
lig_742,CCC1=CN(c2cn(-c3cccc(N4CCCC(N)C4=O)c3)ccc2=O)CC(F)=C1,-9.92,9,2.981,3.35,0.15
lig_1138,CCN(CC(C)C)c1cc2c(cc1O)CC(=O)c1cc(C(C)=O)c(O)cc1-2,-9.92,9,2.969,7.844,0.27
lig_1418,CCc1cc2c3c(n1)C(=O)N=CC3C=C(C(=O)N1CCCCC1)N2,-9.92,9,2.006,3.26,0.1
lig_1422,CCc1cc2cc(CCN3CCNCC3=O)ccc2cc1OC,-9.92,9,2.957,3.806,0.4
lig_1634,CN1CCCC(CC(=O)NC(C)(C)c2cc(CC(=O)O)cc(C(C)(C)C)c2)C1=O,-9.92,9,2.029,2.337,0.66
lig_1994,COc1cc2c3c(c(CN)n(-c4cccc(O)c4)c3c1)CCN(CC(=O)O)C2=O,-9.92,7,2.317,3.006,0.55
lig_2512,NC(=O)C1=C2NC=CC=C2Cn2c1ccc(CC(=O)N1CCCCCC1)c2=O,-9.92,9,2.511,3.256,0.0
lig_2743,O=C(O)c1cc(CN2CCCC2=O)cc(-c2ccccc2)c1,-9.92,9,3.042,4.771,0.18
lig_236,CC(C)c1cc(C(=O)O)cc2cc(C(C)(C)CC(=O)O)ccc12,-9.91,9,2.26,2.783,0.05
lig_503,CC1CCC2Cc3c(CN4CCCCC4=O)ccc(O)c3C(=O)N12,-9.91,9,2.521,4.399,1.0
lig_1362,CCc1cc(C(F)(F)F)cc2c(=O)n(CCCN3CCCCC3=O)cnc12,-9.91,9,2.687,5.099,0.49
lig_2222,Cc1cc(-c2cccc(C(=O)O)c2)n2cc(O)c(=O)n(C)c(=O)c12,-9.91,8,2.94,5.177,0.27
lig_2439,Cc1ccncc1Cc1cnc2c(c1)CC(=O)N2Cc1[nH]ccc1C,-9.91,9,2.429,3.192,0.23
lig_2462,Cc1nc2c3c4c1CC(C)CC4=C(C(=O)O)CN3C1C(CCC1(C)C)C2,-9.91,5,2.241,2.658,0.36
lig_2870,O=C1CCCN1Cc1cn(Cc2cncc(F)c2)c2ccccc12,-9.91,9,2.975,4.082,0.16
lig_186,CC(C)=C(C)c1nc(CC(C)CC(=O)O)c(C)c2cc(O)ccc12,-9.9,8,2.827,5.581,0.75
lig_196,CC(C)C1=C2CC(C(=O)O)=Cc3c2n(c(=O)n3C2CCCCC2)CC1,-9.9,9,1.712,2.351,0.08
lig_203,CC(C)CN1CCc2cc3c(c(O)c2C1=O)OCc1cc2c(cc1O3)C(=O)CC(C)O2,-9.9,9,3.688,6.274,1.24
lig_333,CC1(CO)CCCC2Cc3cc4c(c5cc(CO)nc(c35)N21)OCCO4,-9.9,3,3.759,5.608,2.12
lig_480,CC1CC2=Cc3c(cccc3NC(=O)CCN3CCCCC3=O)CN2C(=O)N1,-9.9,8,3.116,4.823,0.43
lig_845,CCCC(=O)N1CCC(n2c3c(c4ccccc4c2=O)C(=O)C=C(OC)C3)C1,-9.9,7,3.375,9.198,0.99
lig_1276,CCOc1ccc2c(c1)-c1c(CCO)c3c(n1C(=O)C2)CN1C(=O)CCCC1C3,-9.9,6,2.959,4.773,0.57
lig_1378,CCc1cc(CCC(=O)NCCC(=O)N2CCCCC2)cc2c1OCC=C2,-9.9,9,2.062,2.62,0.52
lig_1581,CN1C(=O)N2C(=CC3CC(N4CCCCC4=O)CCC32)C2=C1NC1=NCC(=O)C1=C2,-9.9,9,3.828,5.31,0.34
lig_1723,CNC(=O)CN1Cc2ccc(CN3CCC(CC(C)C)C3=O)cc2C2(CCCC2)C1,-9.9,9,3.203,4.918,1.02
lig_1760,CNC(=O)c1cccc2oc(C(O)CC3CCCC(N4CCCCC4=O)C3)cc12,-9.9,9,2.537,5.438,0.07
lig_1820,COC1=CC2=C(OC)N(C)c3[nH]c(=O)n(C4CCCCC4)c(=O)c3C2C=C1,-9.9,5,2.467,3.414,1.06
lig_2471,Cc1nc2cccnc2c(CNC(=O)CCc2cccc(C(=O)O)c2)c1C,-9.9,9,2.636,3.478,0.33
lig_2478,Cc1oc(=O)c(C)c2c1CC(CC(=O)N(C)C(=O)N1CCCC1C)C2,-9.9,9,2.347,4.585,0.01
lig_2582,O=C(CCN1CCCCC1=O)Nc1cccc2cc(OC(F)(F)F)c(CCO)cc12,-9.9,9,3.197,6.018,0.03
lig_346,CC1=C(C)n2nc(CCN3CCCCCC3=O)c(C(=O)O)c2N2CCCCC12,-9.89,6,2.146,2.607,0.36
lig_520,CC1CCN(C(=O)N2Cc3c(cc4c(c3CN)CCCO4)C(C)C2)CC1,-9.89,2,2.294,2.294,2.36
lig_755,CCC1C(=O)c2ccc3c([nH]c(=O)n3C3CCCCC3)c2C(=O)N1C,-9.89,5,2.579,5.25,1.31
lig_1103,CCCn1c2c(c(=O)c3c(O)cccc31)CN(C(=O)CC(C)(C)C(=O)O)C=C2,-9.89,5,1.77,2.205,0.35
lig_1201,CCNC(=O)c1cccc(-n2ccc3c2C=CC2CCC(C(=O)O)N2C3=O)c1,-9.89,9,2.119,2.604,0.19
lig_1213,CCOC(=O)c1ccc2c(c1)c(NC(C)=O)nc(=O)n2C1CCCCC1,-9.89,9,3.098,8.847,0.13
lig_1339,CCc1c2ccccc2n2c(=O)n(CCCN3CCCCC3=O)ccc12,-9.89,9,1.86,2.555,0.18
lig_1689,CNC(=O)C1CCCN1C(=O)c1ccc2ccc3c(c2c1)NC(CN)=C(OC)C3,-9.89,9,2.793,3.857,0.01
lig_1702,CNC(=O)CC1CCC2Cc3nc(-c4ccccc4)c(O)n3CC2C1,-9.89,9,2.814,3.515,0.22
lig_1898,COc1c2c(cc3c4c(ccc13)C(=O)N1C(CCC1C(=O)O)C4)OC(OC)CC2,-9.89,6,2.328,2.796,0.11
lig_2048,COc1ccc(CC(=O)N2CCCC2)c2c1C=C1C(=CC=CC1CO)O2,-9.89,9,3.45,7.72,0.3
lig_2325,Cc1cc2c3c4c1OC=CC=C4C(O)=CC3CN(C(=O)CCC(=O)O)C2,-9.89,7,2.668,3.724,0.04
lig_2327,Cc1cc2c3c4c1OCCC=C4C(O)=CC3CN(C(=O)CCC(=O)O)C2,-9.89,9,2.419,4.34,0.35
lig_2532,NC1CCCN(c2cccc(-n3ccc(=O)c(N4C=C(CO)C=CC4)c3)c2)C1=O,-9.89,9,2.553,5.972,0.38
lig_2545,NCc1cc(O)c2cccc(NC(=O)CCC(=O)N3CCCCC3)c2c1,-9.89,9,2.071,2.513,0.5
lig_2740,O=C(O)c1cc(CCN2CCCCCC2=O)cc2cc(O)ccc12,-9.89,9,2.577,5.986,0.09
lig_093,CC(=O)NCc1c2c(nc3c(O)ccc(C)c13)CCn1ccc(=O)cc1-2,-9.88,8,6.441,12.265,1.26
lig_149,CC(C)(C)CC(=O)CNC(=O)c1cccc2c1OC1CCCCC1C2=O,-9.88,9,1.928,2.574,0.29
lig_614,CC=C1CC(=O)N(C)c2cc(CC3CCC(C(=O)O)CC3)cc(O)c21,-9.88,9,2.055,2.58,0.13
lig_633,CC=CC1=CN=C2C(=C(C)c3cc(N4CCCC4)c(OC)cc3N2C)N1,-9.88,6,2.088,2.68,0.12
lig_948,CCCCc1c(O)c(C)c2ccc3c(c2c1CC)CC1CCC(C(=O)O)N1C3=O,-9.88,6,1.895,2.32,0.46
lig_1187,CCNC(=O)CCc1nc2cccc3c2c(c1O)C(=O)N(C(C)=O)C3,-9.88,9,2.292,3.79,0.57
lig_1191,CCNC(=O)CN1Cc2c(c3c4c5c2CCNC5CCOC4=CCC3=O)CC1=O,-9.88,7,4.235,7.219,0.57
lig_1491,CCc1nc(OC)ccc1-n1c(=O)n(CCNC(C)=O)c(=O)c2ccccc21,-9.88,7,3.738,6.462,0.83
lig_2342,Cc1cc2n(c(=O)c1)-c1cc3c(c4c1C(C=CO4)C2)CN(CC(=O)Nc1ccsc1)CC3,-9.88,7,3.281,4.463,0.13
lig_2523,NC(=O)c1cc2c(c(C3=CC=CCO3)c1)CCCC2,-9.88,8,2.345,2.868,0.17
lig_2531,NC1CCCN(c2cccc(-n3ccc(=O)c(N4C=C(CO)C=C(F)C4)c3)c2)C1=O,-9.88,9,3.316,6.286,0.12
lig_2699,O=C(O)CNC(=O)C1CCCN(CC2CCc3cccc4c(C(=O)O)ccc2c34)C1,-9.88,9,2.875,3.352,0.1
lig_064,CC(=O)NC1CCC(c2cccc(-c3cnn(C)c3CN3CCCC3)c2)CC1,-9.87,9,3.277,5.239,0.02
lig_095,CC(=O)NCc1c2c(nc3cccc(C)c13)CCn1ccc(=O)cc1-2,-9.87,9,4.051,6.42,0.3
lig_199,CC(C)C=CC=C1OC(C(F)(F)F)Oc2c1ccc(C(=O)N1CCCCC1)c2O,-9.87,9,3.429,5.068,0.1
lig_435,CC1C(=O)C=C2CC3(C)CC(N4CCCCC4=O)CCC3n3c2c1c(=O)n(C)c3=O,-9.87,7,3.204,5.866,0.58
lig_509,CC1CCCCOc2cc3c(cc21)C(=O)N1CC(C(=O)O)CCC1C3,-9.87,7,1.99,2.632,0.5
lig_615,CC=C1CC(C)C(=O)n2c1cc(=O)c1c(O)c(CC(=O)O)ccc12,-9.87,6,2.489,2.768,0.17
lig_660,CC=Cc1cccc2c1C(=O)CC1CC(CCNC(=O)C(C)(C)C)CC(=O)N21,-9.87,9,2.067,3.282,0.12
lig_693,CCC(C)NC(=O)CCc1cccc(-c2cccc(O)c2)c1,-9.87,9,2.136,2.931,0.16
lig_1145,CCN(CCC(=O)N1CC=Cc2c(C(C)C)cc(C(=O)O)cc21)C(=O)c1ccc(O)cc1,-9.87,9,2.14,2.633,0.13
lig_1205,CCOC(=O)C1Cc2c(ccc(CC(=O)O)c2O)-c2ccccc21,-9.87,7,6.526,8.96,0.71
lig_2122,COc1cccc2c1c(CN(C)C(=O)CCO)cn2C(=O)c1ccccc1,-9.87,6,4.076,6.24,0.95
lig_2169,Cc1c(N2CCC(N3CCCCC3=O)C2)[nH]c2c(-c3ccccc3)ccc(O)c2c1=O,-9.87,9,5.159,8.142,0.72
lig_2411,Cc1cccc(-c2cc3ncc4c(c3c(CO)n2)CCN(CC(=O)O)C4)c1,-9.87,9,2.864,3.642,0.38
lig_2436,Cc1ccn(C(=O)c2cccc(NC(=O)CCN3CCCN(C)C3=O)c2)c1,-9.87,9,2.226,2.701,0.01
lig_2469,Cc1nc2cc3c(nc2c(CNC(=O)C2CCCO2)c1C)C=CCC3(C)C,-9.87,9,3.634,5.612,0.73
lig_2725,O=C(O)Cn1cc2ccc(-c3ccccc3)cc2cc1=O,-9.87,9,2.925,4.676,0.03
lig_571,CC1Cc2cnc(=O)c3cc(CC4CCCC(=O)N4)cn(c2-3)C1,-9.86,9,2.211,2.973,0.03
lig_807,CCC1NC=C2C(=O)OCCOCN3CN=C(N4CCCC4)c4cc1c2nc43,-9.86,6,4.395,9.192,0.12
lig_1236,CCOc1c2c3c(n(C4CCCC4)c(=O)[nH]c-3c(C)c1=O)CCC2,-9.86,9,1.987,2.812,0.11
lig_1435,CCc1ccc(O)c2c(=O)c(C)c(N3CCC(N4CCCCC4=O)C3)[nH]c12,-9.86,9,2.076,2.509,0.21
lig_1488,CCc1nc(=O)c2cc(N(C)C(=O)CCN(CC)C(=O)c3ccc(O)cc3)ccc2n1C,-9.86,9,2.421,3.304,0.03
lig_1513,CCn1c(=O)n(C2CCCCC2)c2ncc(C(=O)NC(C)=O)cc21,-9.86,9,3.076,5.859,0.19
lig_1966,COc1cc2c(CO)cc3c(c2cc1OC)CCN(C(C)=O)C3,-9.86,5,2.578,2.959,0.37
lig_2038,COc1ccc(-n2c(=O)n(CCNC(C)=O)c(=O)c3ccccc32)c(C)n1,-9.86,9,3.767,5.454,0.2
lig_2521,NC(=O)c1cc2c(NC(=O)CCN3CCCCC3=O)cccc2cc1O,-9.86,9,2.697,4.524,0.11
lig_2738,O=C(O)c1cc(CCN2CCCCCC2=O)c2c(O)ccc(C(=O)O)c2c1,-9.86,9,2.685,5.843,0.11
lig_337,CC12CC(=O)N3C(=CCc4c(C(=O)O)cc(C(=O)O)cc43)C1CCC2C(=O)O,-9.85,8,3.406,6.635,0.2
lig_428,CC1=NN(C)C(=O)C1COc1ccccc1-c1ccc(C(N)=O)c(O)c1,-9.85,9,2.706,3.821,0.32
lig_530,CC1CCN2C=C(C(=O)N3CCCCC3)Nc3c(C(=O)O)cnc1c32,-9.85,9,3.853,10.716,0.64
lig_602,CC1c2cc3c(NC(=O)C4CCCCN4C(=O)CCC(=O)O)cccc3cc2CCC1O,-9.85,9,4.078,5.85,0.38
lig_697,CCC(C)c1c(O)ccc2c1CC(=O)N1CC(C(=O)OC)=CC=C21,-9.85,9,2.139,2.963,0.22
lig_889,CCCC(=O)Nc1ccc2c(=O)n3c(c(CC)c2c1)CCC(NC(C)=O)C3,-9.85,5,3.61,7.081,1.1
lig_1153,CCN(CCC(=O)N1CCC(=O)c2c(C(C)C)cc(OC)cc21)C(=O)c1ccc(O)cc1,-9.85,8,2.611,5.684,0.25
lig_1427,CCc1ccc(-c2cccc(N3CCOCC3)c2)cc1C(=O)O,-9.85,9,2.329,2.573,0.69
lig_1807,COC(=O)c1ccc2cc(CN3CCCCC3=O)cc(CO)c2c1,-9.85,9,2.328,2.864,0.22
lig_2248,Cc1cc(CCC(=O)NC(C)(C)C)cc2c(C(=O)N(C)C)c(O)ccc12,-9.85,7,3.952,5.81,2.21
lig_2366,Cc1ccc2c(CN3CCC(C(N)=O)CC3)cccc2c1,-9.85,9,2.452,3.901,0.41
lig_2490,Cn1c(=O)c2c3n(c1=O)C1CCC(N4CCCCC4=O)CC1C=C3CC(=O)C2,-9.85,5,2.614,3.725,0.05
lig_2636,O=C(O)CC1CCC2c3ccc(C(=O)O)c4cccc(c34)CCC(=O)N12,-9.85,9,3.494,5.154,0.96
lig_321,CC1(C)CCCn2c(=O)n(C3CCCCC3)c3c(O)c(C(=O)O)cc1c32,-9.84,7,2.513,4.636,1.1
lig_380,CC1=CC2=C(CC(O)CC2)C2=C(C(=O)O)C(CCN3CCCCCC3=O)=NC12,-9.84,9,2.523,4.768,0.05
lig_425,CC1=NC2=C(C(=O)CCO)CC=CN2C(=O)N1c1cc(C(=O)O)ccc1F,-9.84,8,2.67,4.084,1.17
lig_500,CC1CCC2CCC(N3C=CCCC3=O)C3CC(N)C(CC1)C23,-9.84,6,2.708,3.414,1.29
lig_654,CC=Cc1cc2ccc3cn(C(=O)C(C)(C)CO)c(=O)c4c3c2n1CCC4,-9.84,7,2.437,3.322,0.61
lig_756,CCC1C(C(=O)O)c2ccc3c([nH]c(=O)n3C3CCCCC3)c2C(=O)N1C,-9.84,5,2.558,3.096,1.03
lig_765,CCC1C=Cc2c(nc3c4c(ccnc24)N(C(=O)C(C)(C)C)C=C3C(=O)O)C1,-9.84,5,1.901,2.275,0.4
lig_1018,CCCNc1nc(=O)n(C2CCCCC2)c2ccc(CC(=O)O)cc12,-9.84,9,2.185,2.899,0.37
lig_1042,CCCc1c2c(c3ccccc3c1C)C(C)N(C(=O)CC(C)(C)C(=O)O)C2=O,-9.84,7,2.399,4.376,1.05
lig_1211,CCOC(=O)c1cc2c3c(c1)c(NC(C)C)nc(=O)n3C1CCCCC1O2,-9.84,4,3.272,4.884,2.25
lig_1950,COc1cc(CO)c2c3c(ccc2c1)C(C)(C)C(C(=O)O)C3,-9.84,9,2.202,3.054,0.22
lig_2241,Cc1cc(C)cc(-c2nc(C(=O)N(C)CC3CCCC3)ccc2O)c1,-9.84,9,2.028,3.534,0.06
lig_2291,Cc1cc2c(cc1C(=O)N(C)CCC(=O)N1CCCC1)-c1ccoc1CCO2,-9.84,9,2.651,3.904,0.33
lig_2485,Cn1c(=O)c2c(N3CC4CCCCC(C4)C3)c(O)cc3c2n(c1=O)C1CCCC1(C)C3,-9.84,5,3.136,7.197,0.65
lig_2518,NC(=O)Cc1ncc(C(=O)O)c2ccc(C(=O)N3CCCC(CC(=O)O)C3)cc12,-9.84,9,3.221,5.129,0.26
lig_2817,O=C1C=C(c2cn(C(=O)N3CCCC3)c3ccccc23)C(O)CC1,-9.84,9,3.42,5.374,0.59
lig_358,CC1=C2CC3CC(CCN4CCCCC4=O)CC(=O)N3c3cccc4nc(n2c34)C1=O,-9.83,9,3.305,5.284,0.64
lig_1567,CN1C(=O)C2=CCCC2c2ccc(CC(=O)N3CCN(CCCO)C(=O)C3)cc21,-9.83,9,2.061,2.769,0.2
lig_1955,COc1cc(OC)c2c3c1CN(C(=O)CC(C)(C)C(=O)O)CC3C=CC2=O,-9.83,8,1.824,2.578,0.01
lig_2540,NCCc1ncc(C(=O)O)c2ccc(C(=O)N3CCCC(c4ccc(F)cc4)C3)cc12,-9.83,9,3.637,4.648,0.05
lig_2723,O=C(O)Cc1ccn(Cc2cccc(C(=O)N3CCCCC3CO)c2)c1,-9.83,9,2.765,3.476,0.05
lig_045,CC(=O)N1CC=C(O)c2ncc(CC3CCC4CCC(=O)N4C3)cc21,-9.82,9,2.732,3.654,0.15
lig_229,CC(C)Oc1c2c(c3nccc(N4CCCCC4)c3c1O)CCCC2,-9.82,7,2.361,3.623,0.88
lig_317,CC1(C)CCC2c3ncncc3-c3cc(CCO)cnc3N2C1=O,-9.82,5,2.422,3.012,0.79
lig_361,CC1=C2Cc3c(ccc4c3C(=O)N(CC(=O)O)C4)Nc3cccc(c32)C(O)C1,-9.82,6,2.42,3.095,0.5
lig_890,CCCC(=O)Nc1nc(=O)n(C2CCCCC2)c2ccc(C(=O)O)cc12,-9.82,4,2.05,2.22,0.72
lig_916,CCCC1CC2=C(C)Nc3ccc4c(C(=O)NCC(=O)O)c(C)ccc4c3N2C1,-9.82,7,2.589,3.732,0.18
lig_1160,CCN1C(=O)C2CCCC2c2cc(C(=O)N3CCCC3)c(O)cc21,-9.82,9,2.315,3.446,0.25
lig_1256,CCOc1cc(Oc2cc(CC(=O)C3CCCC3)ccc2O)cc(C)c1O,-9.82,9,2.05,2.602,0.09
lig_1543,CN(C)CCc1c(CCC2CCC(C(=O)O)CC2)cnc2oc(=O)ccc12,-9.82,7,3.343,6.774,0.93
lig_2045,COc1ccc(C2CCCN2)c2c(=O)cc(N3CCC(N4CCCCC4=O)C3)[nH]c12,-9.82,9,2.248,2.798,0.37
lig_2126,COc1cnc(-c2cccc(C(=O)NC3CCCCC3)c2)cc1O,-9.82,9,2.748,3.608,0.13
lig_2193,Cc1c2c(=O)n3c(c4c2c(c(=O)n1C(=O)CC(C)C(=O)O)CCC4)CCC(C)C3,-9.82,9,2.92,5.161,0.39
lig_2480,Cc1oc(=O)c(C)c2c1CC(CC(=O)N(C)C(=O)NCC1CCCC1)C2,-9.82,9,2.009,2.712,0.19
lig_2494,Cn1c(=O)ccc2c(C(=O)O)cc(CC3CCC(C(=O)O)CC3)cc21,-9.82,9,3.146,6.849,0.51
lig_2555,Nc1nc(NC(=O)CCc2ccsc2)cc2cc(CCCC(=O)O)ccc12,-9.82,9,3.074,4.369,0.1
lig_2557,Nc1nc2c3c(n1)C(=O)C=CC3CC(C(=O)N1CCCCC1)N2,-9.82,9,2.323,2.83,0.32
lig_2701,O=C(O)CNC(=O)Cc1cc2c3c(c1)nc1n3-c3c(cccc3OC2)CC1C(=O)O,-9.82,9,3.25,5.803,0.7
lig_2769,O=C(O)c1ccc(F)c(N2C(=O)N3CNC4=CCC=CC4=C3N=C2CCCO)c1,-9.82,9,3.155,4.35,0.64
lig_2858,O=C1CCCCN1Cc1ccc(O)c2c1CC1CCCCCN1C2=O,-9.82,7,4.099,6.548,0.72
lig_077,CC(=O)NC1CCC2c3cccc4c5nccc-5c(O)n(c34)C(=O)C2C1,-9.81,8,2.999,3.486,0.48
lig_925,CCCC1Cc2cc3c(c4cc(C)c(OC)c(c24)O1)CN(C(=O)CN(C)C)CC3,-9.81,7,2.62,3.376,1.26
lig_1069,CCCc1cc2c(cc1O)CN(C(=O)C1(C)CCCC1)C=C2CN,-9.81,5,1.99,2.54,0.99
lig_1158,CCN(CCO)C1CCN(C(=O)c2cc(C(=O)O)c3c(c2)-c2ccccc2CC3)C1,-9.81,9,2.788,5.862,0.12
lig_1186,CCNC(=O)CC1(O)CCCN(c2cc3c4c(cc(O)cc4c2)CNC3C)C1=O,-9.81,9,2.263,2.796,0.21
lig_1914,COc1cc(-n2ccc(C)cc2=O)cc2c1CN(CC(=O)Nc1ccccc1)CC2,-9.81,9,2.407,3.406,0.16
lig_2005,COc1cc2c3c(c1)c(C(=O)O)cc(=O)n3-c1cncc3c1C2CN(CC(=O)O)C3,-9.81,6,2.192,2.705,0.78
lig_2303,Cc1cc2c3c(c1)C(=O)N(C(=O)CCC(=O)O)C1CCC(C(=O)CC2)C31,-9.81,8,3.377,5.079,0.07
lig_2539,NCCc1cc2c(NC(=O)CCN3CCCCC3=O)cccc2cc1OC(F)(F)F,-9.81,9,2.356,3.788,0.06
lig_2771,O=C(O)c1ccc2c(O)ccc(OCCN3CCCCC3=O)c2c1,-9.81,9,2.42,3.292,0.15
lig_2799,O=C(O)c1cn(CC2CCN3C(=O)CCOCC3C2)c(=O)c2cccc(O)c12,-9.81,9,2.05,3.772,0.02
lig_291,CC(O)c1cccc2c1cc(CN)n2C(=O)CCN1CCCCC1=O,-9.8,9,2.47,2.948,0.56
lig_800,CCC1COc2cc(-c3cccc(C)c3)cc(CC(=O)O)c2O1,-9.8,9,2.204,3.245,0.03
lig_1058,CCCc1cc(CC(C)O)c2c(=O)n(C3CCCCC3)c(=O)[nH]c2c1C,-9.8,9,2.125,2.553,0.05
lig_1107,CCN(C(=O)CO)C1=CCn2c(c3c4c(c(OC)ccc42)CC(=O)CC3)C1,-9.8,7,1.92,2.423,1.27
lig_1195,CCNC(=O)Cc1cccc(C(=O)NCc2ccccc2C(N)=O)c1,-9.8,9,2.163,2.464,0.55
lig_1574,CN1C(=O)CCc2c(C(=O)O)cc(CC3CCC(C(=O)O)CC3)cc21,-9.8,9,2.548,5.35,0.23
lig_1668,CN1c2nccc3c2C2=C4C(=CC=NC41)C(=O)C1CC(C)(N(C)C3=O)N21,-9.8,5,1.825,1.899,0.34
lig_1756,CNC(=O)c1ccc(CCC(=O)NCc2c(C)c(C)nc3cccnc23)cc1,-9.8,9,2.584,3.11,0.28
lig_2381,Cc1ccc2c(c1O)=Cc1cc(C3CCCC3)c(O)cc1CN=2,-9.8,9,4.267,8.384,0.79
lig_2651,O=C(O)CCC(=O)N1C(=O)c2cccc3c2C2C(CC3)CCC21,-9.8,9,3.89,6.391,0.33
lig_201,CC(C)CCC1CCc2c(cc(C(=O)O)cc2CN2CCCCC2=O)C1,-9.79,9,3.688,5.682,0.12
lig_285,CC(O)c1cc(-c2cnccc2O)c2ncc3c(c2c1)CCCN(CC(=O)O)C3,-9.79,8,4.858,6.132,0.38
lig_296,CC1(C(=O)Nc2cccc3cc(C(=O)O)ccc23)CCC(O)C1,-9.79,8,2.051,2.451,0.12
lig_492,CC1CCC(N2CCc3c(O)nc4cc5ccccc5n(c3-4)C2=O)C1(C)C,-9.79,9,5.239,11.118,0.37
lig_741,CCC1=CCC(O)c2c(O)cn(CC3CCN4C(=O)CCCCC4C3)c(=O)c21,-9.79,9,1.897,2.428,0.1
lig_784,CCC1CCCC1C(=O)N(C)c1cccc(C(=O)N2CCC(=O)CC2)c1,-9.79,9,2.266,3.028,0.56
lig_958,CCCCc1ccc2c(=O)n3c(c(CC)c2c1)CC(CC(=O)O)CC3,-9.79,9,2.985,3.897,0.14
lig_1380,CCc1cc(CCN2CCCCCC2=O)c(CO)c2c1CCC=C(O)C2,-9.79,9,3.144,7.362,0.22
lig_1805,COC(=O)c1ccc(O)c2c(CCN3CCCCCC3=O)cc(C(=O)O)cc12,-9.79,6,1.852,2.253,0.29
lig_1867,COCc1cc(=O)c(C)c2[nH]c(=O)n3c(c1-2)CCCC31CCCC1,-9.79,8,2.397,5.486,0.26
lig_2578,O=C(CCN1CCCCC1=O)Nc1cccc(Cc2ccccc2)c1,-9.79,9,2.231,2.815,0.02
lig_2737,O=C(O)c1cc(CCN2CCCCC2=O)cc(C2CCCC2=O)c1O,-9.79,9,2.752,5.86,0.17
lig_2830,O=C1C=Cc2ncnc3c2C1=CC12CC1C(CN1CCCCC1=O)CC32,-9.79,8,2.321,2.91,0.61
lig_063,CC(=O)NC1CCC(c2cccc(-c3cnn(C)c3)c2)CC1,-9.78,9,2.743,3.434,0.25
lig_125,CC(C(=O)N1CCCC1)C1(F)CCCc2cc(C3(C)CCC(=O)NC3)ccc2O1,-9.78,9,2.726,6.115,0.06
lig_183,CC(C)(O)c1cccc2c1cc(CCO)n2C(=O)CCN1CCCCC1=O,-9.78,7,2.277,2.652,0.89
lig_481,CC1CC2C(=O)NC3CCN(CC(=O)O)Cc4ccc(c2c43)C1=O,-9.78,8,2.442,3.027,0.11
lig_549,CC1CNc2c(cccc2CC2CCCC3CCCCC32)CNC(=O)C1,-9.78,8,4.364,7.393,0.12
lig_959,CCCCc1ccc2c(c1)C(C(=O)O)=CC1=CC3C4CCCC(=O)N4CCN3C(=O)N12,-9.78,9,3.514,5.557,0.91
lig_1104,CCCn1ccc2c(C)c(=O)n(C(=O)CC(C)C(=O)O)c(C)c2c1=O,-9.78,9,2.294,2.706,0.32
lig_1188,CCNC(=O)CN1Cc2c(c(C(=O)O)c3cc(OC)cc4c3c2CCO4)CC1=O,-9.78,7,2.494,3.488,0.29
lig_1646,CN1CCCN(c2ccc3c4c(c(O)ccc24)CC(C(=O)O)N3)CC1=O,-9.78,5,2.884,4.482,2.53
lig_1777,COC(=O)C1c2c(C3=CCC=C3)ccc3c2N(CCN(CC(=O)O)C3=O)C1C,-9.78,2,1.599,1.599,0.29
lig_2017,COc1cc2c3c(ccc4c3c1CN(CC(=O)O)C4)C(C)CC2C(=O)O,-9.78,5,2.464,2.908,0.82
lig_2081,COc1ccc2c(c1)N(CC1CCC3CCC(C)C(=O)N3C1)CCC2=O,-9.78,9,3.241,9.384,0.89
lig_305,CC1(C)CC(O)Cc2cc3c4c(ccc3c(=O)n21)CN(CC(=O)O)CC4,-9.77,8,4.368,7.208,0.11
lig_1008,CCCNC(=O)Cc1ccc2c(c1)C=C1C(O)C(=O)c3cccc4c3C1N2C(=O)C4,-9.77,9,3.11,4.273,0.01
lig_1638,CN1CCCN(CC(=O)N2CCC(c3csc(-c4ccccc4)c3)C2)C1=O,-9.77,9,2.007,2.672,0.28
lig_1701,CNC(=O)CC1CCC2Cc3nc(-c4cccc(C)c4)c(O)n3CC2C1,-9.77,9,2.684,3.432,0.06
lig_1863,COC1c2c(CN3CCC(C(N)=O)CC3)cccc2C(C)=CC1O,-9.77,7,5.113,12.333,1.54
lig_1883,COc1c(C)cc2c3c1C(=O)C(O)=CC3CN(C(=O)CCC(=O)O)C2,-9.77,8,2.494,3.941,0.2
lig_1913,COc1cc(-n2cc(C)c(=O)[nH]c2=O)cc2c1CN(CC(=O)Nc1ccsc1)CC2,-9.77,9,2.953,4.878,0.38
lig_1927,COc1cc(C)cc2c1Cc1cc(O)cc3c(CN4CCCC4=O)cn(c13)C2=O,-9.77,6,3.252,7.574,0.38
lig_2470,Cc1nc2ccc3cn(C(=O)C(C)(C)CO)c(=O)c4c3c2n1CCC4,-9.77,4,2.345,2.744,0.85
lig_2479,Cc1oc(=O)c(C)c2c1CC(CC(=O)N(C)C(=O)N1CCCCC1)C2,-9.77,9,3.776,7.153,1.15
lig_2778,O=C(O)c1ccc2ccccc2c1CCN1CCC(C(=O)O)CC1,-9.77,9,2.621,4.058,0.21
lig_142,CC(C)(C)C1=Nc2nccc3c2C(NC(=O)N3C2CCCCC2)N1,-9.76,9,2.205,3.612,0.38
lig_399,CC1=CCc2c(cn(CCCN3CCCC(C)C3=O)c(=O)c2C)C1=O,-9.76,9,2.088,2.778,0.1
lig_573,CC1Cc2ncnc3c2C(=CC2CC4CN(CC(=O)N(C)C)CCC4CN32)O1,-9.76,6,2.225,2.715,0.55
lig_589,CC1Oc2c(C(=O)O)cc3c(c2C(C)C1O)CC(C)(CC(=O)O)CC3,-9.76,7,3.058,6.463,0.7
lig_837,CCCC(=O)N1CCC(n2c(=O)n3c4c(c(C)c(CO)cc42)C=CCC3)C1,-9.76,9,2.076,3.517,0.21
lig_842,CCCC(=O)N1CCC(n2c(=O)n3c4c(cc(C(C)C)cc42)C(C)CCC3)C1,-9.76,9,2.996,5.259,1.01
lig_947,CCCCc1c(O)c(C)c2[nH]c(=O)n(C3CCCCC3)c(=O)c2c1CC,-9.76,6,2.129,2.591,0.24
lig_1414,CCc1cc2c3c(c1C(=O)O)CC(C(=O)O)C=C3CN(CCO)C2=O,-9.76,6,1.992,2.338,0.67
lig_2215,Cc1c2c3c(n(CCCN4CCCC(C)C4=O)c1=O)CCOC3CCC2,-9.76,9,2.506,8.422,0.0
lig_2274,Cc1cc(OCc2c[nH]c3c2CCCNC3=O)ccc1CCCC(=O)O,-9.76,9,3.054,3.516,0.5
lig_2432,Cc1ccccc1-c1nc(CC(=O)O)c2cc(C(=O)O)nc(C)c2n1,-9.76,9,2.82,3.6,0.39
lig_2656,O=C(O)CCC(=O)N1CCCCC1C(=O)Nc1cccc2cc(CO)c(CC(=O)O)cc12,-9.76,9,2.608,4.18,0.48
lig_2859,O=C1CCCCN1Cc1ccc(O)c2c1CC1CCCN1C2=O,-9.76,9,2.385,3.394,0.4
lig_058,CC(=O)NC1CC2Cc3nc4c(c(=O)n3C2C1)C(O)=CC1=Nc2ccccc2CN14,-9.75,6,2.562,3.391,1.19
lig_217,CC(C)Cc1c(=O)nc2n3c(cc(O)cc13)CC1(CCCC(C(=O)O)C1)CC2,-9.75,5,3.412,4.825,2.15
lig_1282,CCOc1ccc2c3c(cccc13)CCC2CN1CCCC(C(=O)NCC(=O)O)C1,-9.75,9,2.941,4.368,0.3
lig_1311,CCc1c(NC(=O)C2=CCN=C2C)ccc2c1[nH]c(=O)n2C1CCCCC1,-9.75,9,2.206,2.844,0.12
lig_1497,CCc1sc(C(=O)Nc2cccc(-c3ccccc3)c2)cc1C(=O)O,-9.75,9,2.065,3.07,0.11
lig_2132,Cc1c(C(=O)N2CCCCC2)nc2ccc(C(=O)O)cc2c1-n1cccc1,-9.75,7,3.243,5.821,1.89
lig_038,CC(=O)N1C=C2C(=CNC(=O)C2C)c2cc(O)c3c(N4CCCCC4)cccc3c21,-9.74,9,4.637,5.876,0.71
lig_1023,CCCOc1c(C)cc2c3c1CC(O)=CC3CN(C(=O)CCC(=O)O)C2,-9.74,9,2.367,4.207,0.38
lig_1647,CN1CCN(CCc2c3c(c4n2C(=O)CCC4)CCC(O)CC3)CC1=O,-9.74,9,2.779,4.646,0.77
lig_1833,COC1=CCc2c(C(=O)O)nc3c(CC(=O)O)cccc3c2C1,-9.74,9,2.081,3.043,0.47
lig_094,CC(=O)NCc1c2c(nc3cccc(C)c13)C(C)CC(C)(C)C2,-9.73,9,2.773,6.809,0.66
lig_440,CC1C(=O)N2C=C(CCN3CCCC3=O)C(O)=CC2N2CCCCC12,-9.73,8,3.178,5.74,1.65
lig_499,CC1CCC2CC(C(=O)N3CCCCC3)Nc3nc(N)nc1c32,-9.73,9,2.068,2.507,0.2
lig_560,CC1Cc2ccc3c4c5c(cc(c24)O1)C(C)(C)CCN5C(=O)N3CC1CCC(=O)N1,-9.73,9,5.016,6.776,0.68
lig_630,CC=CC1=CC(=O)C(O)c2cc(C(=O)N3CCCCC3C(=O)N(C)C)ccc21,-9.73,9,2.367,3.457,0.12
lig_840,CCCC(=O)N1CCC(n2c(=O)n3c4c(cc(C(=O)O)cc42)C(O)CCC3)C1,-9.73,9,2.916,4.819,0.89
lig_911,CCCC1CC(C)(C)Oc2c3c4c(c(=O)n21)C(O)CN1C4C(C=C3)CCC1(C)C,-9.73,3,5.963,6.218,2.59
lig_997,CCCNC(=O)C1CCN2C(=O)c3c(c(CO)c(=O)n4ccccc34)CC2C1,-9.73,9,2.376,2.762,1.17
lig_1279,CCOc1ccc2c(c1)N1CCCN1C=C2CCCC(=O)N1CCCCC1,-9.73,9,2.613,4.007,0.4
lig_1341,CCc1c2n(c(=O)c3ccc(NC(=O)CCO)cc13)CC(NC(C)=O)CC2,-9.73,9,2.455,4.07,0.09
lig_1355,CCc1cc(C(=O)O)cc2c1C(=O)Cc1cc(O)cc(OC)c1-2,-9.73,9,1.81,1.951,0.43
lig_1438,CCc1ccc2c(=O)n(C(=O)CC(C)(C)C(=O)O)c3c(c2n1)CCC(N)=C3,-9.73,5,2.848,3.231,0.27
lig_1859,COC1N=C(N)c2c(CCN3CCCCCC3=O)nn(C(=O)C(C)C)c2N1,-9.73,8,3.043,5.732,1.16
lig_2613,O=C(O)C1=CC2C3c4cc(F)cc(C(=O)O)c4CC(=O)N4Cc5cccc1c5C4C23,-9.73,7,6.717,11.338,1.54
lig_2714,O=C(O)Cc1ccc(O)c2c(CCN3CCCCCC3=O)cc(C(=O)O)cc12,-9.73,9,2.292,4.982,0.08
lig_2727,O=C(O)N1CCN(Cc2cccc(C(=O)N3C4CC5CC3CC(C4)O5)c2)CC1,-9.73,9,3.485,6.517,0.3
lig_2855,O=C1CCCCN1CCC1CC(=O)N2c3ccccc3C(O)C(O)C2C1,-9.73,9,2.14,2.816,0.86
lig_650,CC=Cc1cc2c(CC(=O)O)nc(-c3cc(C)ccc3OC)nc2c(C)n1,-9.72,9,2.73,4.579,0.1
lig_1009,CCCNC(=O)Cc1ccc2c(c1)c(=O)n1c(O)cc3c1n2CC=C3CCC,-9.72,9,2.369,2.769,0.28
lig_198,CC(C)C1CCC(O)c2ccn(CC3CCN4C(=O)CCCCC4C3)c(=O)c21,-9.71,9,2.401,5.506,0.51
lig_338,CC12CCC(c3ccc(F)cc3)C1CCC2C(=O)O,-9.71,9,4.51,8.407,1.23
lig_523,CC1CCN(C(=O)NCc2cccc(C(=O)NC(=O)CCCC(=O)O)c2)CC1,-9.71,9,2.24,3.18,0.57
lig_932,CCCCC(=O)NCC1=C(O)C2=C(C)CCN2C(c2ccccc2)=C1,-9.71,9,3.293,7.318,0.45
lig_1015,CCCNC(=O)c1ccc2c3c(cc(C(=O)O)cc13)CN(CC(=O)O)C2,-9.71,9,2.189,2.611,0.02
lig_1257,CCOc1cc2c(=O)n(C3CCCCC3)c(=O)[nH]c2cc1C(C)C,-9.71,9,1.986,2.502,0.39
lig_1317,CCc1c(O)c(C)cc2c(C)cc(CCC(=O)NC(C)(C)C)cc12,-9.71,9,2.711,6.055,0.36
lig_1495,CCc1oc(=O)c(C)c2c1CC(CC(=O)N(C)C(=O)NCC1CCNC1)C2,-9.71,9,2.692,3.578,0.03
lig_1776,COC(=O)C1Cc2ccc(NCC(=O)O)cc2-c2ccccc21,-9.71,5,3.175,3.958,1.56
lig_2187,Cc1c2[nH]c(=O)n(C3CCCC3)c3c-2c(c(OCCO)c1=O)CCC3,-9.71,9,1.99,2.431,0.53
lig_2717,O=C(O)Cc1ccc2c(c1)C(O)=C(O)C1CC3CCCC3C(=O)N21,-9.71,9,2.048,2.674,0.45
lig_141,CC(C)(C)C(=O)NCCC1CC(=O)N2c3cccc(C(=O)O)c3CC(O)C2C1,-9.7,9,2.324,2.89,0.52
lig_1501,CCc1sc2c(c1C(=O)O)C(=O)N1CC=c3cccc4c3=C1C2C(CCO)C4,-9.7,5,3.413,6.406,0.14
lig_1692,CNC(=O)C1CCCN1C(=O)c1ccc2ccc3c(c2c1)NC=C(OC)C3,-9.7,9,2.941,6.478,0.32
lig_1942,COc1cc(CCC(=O)O)cc2c(=O)n(C3CCCCC3)c(=O)[nH]c12,-9.7,9,2.58,3.713,0.42
lig_1971,COc1cc2c(NC(=O)N3CCN4C(=O)CCCCC4C3)cccc2cc1CO,-9.7,9,2.555,4.508,0.4
lig_2003,COc1cc2c3c(c1)c(=O)n(C)c(=O)n3C1(CCCC1)CC2,-9.7,9,1.892,2.28,0.4
lig_2065,COc1ccc2c(C)cc(CCC(=O)NC(C)(C)C)cc2c1,-9.7,9,2.224,3.043,0.41
lig_2164,Cc1c(CN2CCCC2=O)cn2c1CN1C(CC2=O)CC2CCCCC21,-9.7,9,3.343,6.602,0.86
lig_2422,Cc1cccc2c(NC(=O)N3C(=O)CCC3(C)C)c3c(nc12)CCCC3,-9.7,9,4.63,12.029,0.1
lig_2544,NCc1cc(O)c2cccc(NC(=O)CCC(=O)N3CCC(O)CC3)c2c1,-9.7,9,2.385,3.121,0.19
lig_339,CC12CCCC(O)Cc3ncc(C(=O)O)c4ccc(cc34)C(=O)N(CCC1)C2,-9.69,7,4.349,12.244,0.64
lig_625,CC=CC1=C2C=CC(C)C(=O)C2C(=CCC)C=C1NC(=O)CN1CCCCC1=O,-9.69,9,2.885,4.082,0.4
lig_1005,CCCNC(=O)CN(C)c1ccc2c(c1)C1COC(OC)N1c1ccccc1-2,-9.69,9,2.959,7.85,0.1
lig_1161,CCN1C2=C(CCCO2)Cc2c(C)cc(CCC(=O)NC(C)(C)C)cc21,-9.69,9,2.433,3.463,0.09
lig_1203,CCNCc1c(-c2cccc(C3CCC(NC(C)=O)CC3)c2)cnn1C,-9.69,9,2.994,4.443,0.51
lig_1330,CCc1c2c(c3n(c1=O)CCC(CC(=O)O)C3)CC(O)C(C)C2,-9.69,8,1.99,2.815,0.88
lig_1390,CCc1cc(O)cc2c1-c1cc(N3CCN(CC(N)=O)C(=O)C3)ccc1C(=O)C2C,-9.69,7,3.908,7.651,1.47
lig_1412,CCc1cc2c(cc1OC)N(C)CC(=O)N2C1C=C2CCCC(=O)N2C1,-9.69,9,2.68,4.445,0.87
lig_1512,CCn1c(=O)n(C2CCCCC2)c2c(O)cc(-n3cccc(C)c3=O)cc21,-9.69,9,2.285,3.235,0.28
lig_1995,COc1cc2c3c(c(CO)n(-c4cc(C)cc(C)c4)c3c1)CCN(CC(=O)O)C2=O,-9.69,7,2.501,2.732,0.3
lig_2213,Cc1c2c3c(cccc3c(=O)n1CCCC(=O)O)C=C(O)C2=O,-9.69,9,2.481,3.095,0.15
lig_2301,Cc1cc2c3c(c(N)c(CCN4CCCCC4=O)n3CCCC2O)c1O,-9.69,8,2.867,5.304,0.08
lig_2526,NC(=O)c1cc2c3c(cc(N4CCCC4C(=O)O)cc3c1)C(N)CC2=O,-9.69,9,3.024,6.713,0.03
lig_2735,O=C(O)c1cc(-c2ccccc2)ccc1CC1CCC(C(=O)NCCO)CC1,-9.69,9,2.524,3.386,0.1
lig_2875,O=C1CCCc2cc3c(cc21)c(C(=O)O)cn3C(=O)N1CCCCC1CO,-9.69,7,3.081,4.742,1.07
lig_671,CCC(=O)N1CCC(Cn2c(=O)n(CC3=C(C)C=C(C)C3)c3ccccc32)CC1,-9.68,9,3.152,3.796,0.43
lig_1206,CCOC(=O)C1Cc2ccc(NCC(=O)O)cc2-c2ccccc21,-9.68,6,3.169,7.101,1.9
lig_1363,CCc1cc(C)c2nc3c4c(c2c1)=NCC1CCN(CC(=O)O)CC(=CC3)C=41,-9.68,8,3.109,5.236,0.28
lig_1423,CCc1cc2cc(O)ccc2n(C(=O)CC(C)C(=O)O)c1=O,-9.68,8,2.586,4.151,0.34
lig_1467,CCc1cccn(CC(C)N2C(=O)C(C3CCCC3)c3ccccc32)c1=O,-9.68,9,2.07,2.702,0.13
lig_1552,CN(C)c1cc(CC2CCC(C(=O)O)CC2)cc(Oc2ccccc2)c1,-9.68,9,2.032,2.772,0.48
lig_1598,CN1C=C(Cc2cnc3c(c2)C(=O)N(C)CC3)C=C2C1=NC=C(O)C2N,-9.68,9,2.073,2.751,0.62
lig_1802,COC(=O)c1cc2c(O)ccc(OCCN3CCCCC3=O)c2cc1OC,-9.68,9,2.869,4.464,0.16
lig_2037,COc1ccc(-c2ccccc2F)c(CN2CCCC2=O)c1,-9.68,9,2.138,2.631,0.2
lig_2047,COc1ccc(CC(=O)N2CCCC2)c2c1C=C1C(=CC=CC1C(F)(F)F)O2,-9.68,9,2.981,4.954,0.01
lig_2236,Cc1cc(C)c(C)c(NCc2cc(CC(C)C)c(C)nc2N)c1,-9.68,9,2.04,3.244,0.54
lig_2448,Cc1nc(-c2ccco2)cc2c(CC(=O)O)nc(-c3ccccc3)nc12,-9.68,8,3.868,10.268,0.17
lig_2643,O=C(O)CC1CCn2c(c(CCCO)c3cccc(O)c3c2=O)C1,-9.68,9,1.996,2.216,0.37
lig_2657,O=C(O)CCC1CCCN(C(=O)c2ccc3c(C(=O)O)cccc3c2)C1,-9.68,9,2.345,3.223,0.01
lig_2728,O=C(O)c1c(CC(F)(F)F)ccc2cc(CNC(=O)C(F)(F)F)ccc12,-9.68,7,2.586,3.584,0.18
lig_017,C=C1C=Cc2c3c(n4c2CCC(CC(=O)O)C4=O)CCOC2C=CC=C1C32,-9.67,8,4.406,8.127,1.3
lig_357,CC1=C2CC3CC(CCN4CCCCC4=O)CC(=O)N3c3cccc4cc(n2c34)C1=O,-9.67,9,3.654,6.987,0.35
lig_364,CC1=C2Nc3ncccc3C(=O)C2c2cc(C)c(C(=O)O)c3c2C1CCC3,-9.67,9,4.351,7.494,0.7
lig_1322,CCc1c(OC)ccc2c(C)cc(CCC(=O)NC(C)(C)C)cc12,-9.67,9,2.082,2.926,0.06
lig_1589,CN1C(=O)c2c(c(CO)cc3c2[nH]c(=O)n3C2CCCCC2)CC1CC(=O)O,-9.67,7,1.985,2.194,0.85
lig_2203,Cc1c2c(cc3oc(=O)oc(=O)c13)C(C)CN(C(=O)N1CCC(C)CC1)C2,-9.67,8,3.133,6.344,0.74
lig_2353,Cc1ccc(C(=O)O)cc1NC(=O)c1ccccc1C,-9.67,9,3.223,4.974,0.67
lig_2433,Cc1ccccc1C(=O)n1cc(CN(C)C(=O)CCO)c2cc(F)ccc21,-9.67,9,5.163,9.175,0.48
lig_2445,Cc1cnc2c3c1cc1n4c(c5c(c34)C(=CC2)N(C)C=C5)C2=CC=CCC2N(C)C1=O,-9.67,8,6.589,11.907,2.24
lig_2809,O=C(c1cccc(CN2C=CC(CO)C2)c1)N1CCCCC1CO,-9.67,9,2.485,3.206,0.77
lig_131,CC(C)(C)C(=O)N1C=C(CCCO)c2nc(-c3ccccc3)nc3nccc1c23,-9.66,9,2.062,2.799,0.6
lig_309,CC1(C)CC2CCC3C=Cc4c(c1c(O)c1c(N5CCCCC5)ccnc41)N32,-9.66,6,1.754,2.006,0.15
lig_378,CC1=CC2=C(C=C(O)CC2)C2=C(C(=O)O)C(CCN3CCCCCC3=O)=NC12,-9.66,9,2.761,4.348,1.17
lig_561,CC1Cc2cccc(C(=O)NC(C)C3CCCCC3)c2CN(C)C1=O,-9.66,9,4.337,7.444,0.07
lig_1354,CCc1cc(C(=O)O)cc2c1C(=O)CCN2C(=O)CCN(CC)C(=O)c1ccc(O)cc1,-9.66,9,2.312,5.492,0.3
lig_1775,COC(=O)C1Cc2c(ccc(CC(=O)O)c2O)-c2ccccc21,-9.66,8,3.092,4.186,0.35
lig_1972,COc1cc2c(O)c(CC(=O)O)ccc2c2c1CCN(C)C2=O,-9.66,9,2.282,2.62,0.04
lig_2061,COc1ccc2c(C(=O)O)cc3c(c2c1)CC(C)(C)CCN(C)C3=O,-9.66,6,3.29,6.399,0.55
lig_2541,NCCc1ncc(C(=O)O)c2ccc(C(=O)N3CCCC(c4ccccc4)C3)cc12,-9.66,9,4.964,6.3,0.82
lig_096,CC(=O)NCc1c2c(nc3ccccc13)C(C)CN1CC(=O)OC=C21,-9.65,9,3.381,6.794,0.39
lig_215,CC(C)CNc1cc(O)c2c3c1C(=O)CCCn3c(=O)n2C1CCCCC1,-9.65,7,2.574,5.539,0.4
lig_270,CC(CO)c1c2cn(C3CCCC3)c(=O)[nH]c-2nc1-c1ccccc1,-9.65,9,2.213,2.606,0.33
lig_344,CC12CCOC3=CC=CN(C(=O)c4ccc5c(c41)CCN(CC(=O)O)C5)C32,-9.65,9,4.578,13.215,0.35
lig_610,CC=C(C)c1ccc2c(c1)c(=O)n(CCCN1CCCCC1=O)c(=O)n2C,-9.65,9,2.218,4.444,0.1
lig_648,CC=Cc1cc(CNC(C)=O)c(-c2cc3ccccc3s2)cn1,-9.65,9,2.575,4.6,0.08
lig_838,CCCC(=O)N1CCC(n2c(=O)n3c4c(c(C)c(CO)cc42)CCCC3)C1,-9.65,9,2.37,3.555,0.08
lig_1036,CCCc1c(CO)c(CCN2CCCCCC2=O)cc2ccccc12,-9.65,8,1.933,2.332,0.03
lig_1176,CCN1Cc2cccc3c2C(CN(C2C=C(C(=O)O)C(C)(C)C2)C3=O)C1=O,-9.65,3,3.596,5.552,1.14
lig_1660,CN1CN2C(=O)NC(=O)c3c4c(cn(C(=O)C5(C)CCCCC5)c3=O)CCC1C42,-9.65,6,3.34,6.708,0.28
lig_2365,Cc1ccc2c(CCN3CCC(C(=O)O)CC3)c(C(=O)O)ccc2c1,-9.65,9,3.936,7.017,0.32
lig_2375,Cc1ccc2c(c1)CC(C)C(=O)NCc1cc(C(=O)N3CCCC3)ccc1O2,-9.65,9,3.262,5.037,0.18
lig_2410,Cc1cccc(-c2cc(CC(=O)O)c3c(c2)OCC(CO)O3)c1,-9.65,9,2.177,3.165,0.05
lig_2533,NC1CCCN(c2cccc(-n3ccc(=O)c(N4C=C(CO)CCC4)c3)c2)C1=O,-9.65,9,2.182,2.676,0.34
lig_2637,O=C(O)CC1CCCN(C(=O)c2ccc3c(C(=O)O)cccc3c2)C1,-9.65,9,3.472,6.285,0.01
lig_2788,O=C(O)c1cccc(N2CC(C(=O)O)c3ccccc3C2=O)c1,-9.65,9,2.345,3.429,0.13
lig_107,CC(=O)c1c(O)cc2c3c1OCc1c(C(=O)O)c4c(c(c1-3)CC2)C(=O)CCC4,-9.64,8,1.85,2.083,0.36
lig_1281,CCOc1ccc2c3c(cc(CO)cc13)N(C1CCCC(C(=O)O)C1)C(=O)N2C,-9.64,9,2.096,2.511,0.28
lig_1759,CNC(=O)c1cccc(C2CCC(NC(C)=O)CC2)c1,-9.64,9,2.877,3.308,0.01
lig_1870,COCc1ccc2c3c(cc(CO)c2c1)CN(C(C)=O)CC3,-9.64,7,2.496,2.852,0.01
lig_2106,COc1ccc2cc(CCC(=O)NC(C)(C)C)cc(C)c2c1,-9.64,9,2.179,2.935,0.0
lig_2176,Cc1c(O)c2c(c3ccccc13)CN(CC1CN(C(C)C)CCC1=O)CC2,-9.64,9,2.063,2.621,0.65
lig_2251,Cc1cc(CCC(=O)NC(C)(C)C)cc2cc(CO)ccc12,-9.64,9,2.263,3.076,0.35
lig_1462,CCc1cccc(C(O)Cc2cc(CN3CCCOCC3=O)cc(C(=O)O)c2)c1,-9.63,9,2.331,3.347,0.39
lig_1856,COC1CCOc2c1cc(CC(=O)O)c1c(=O)n(C3CCCCC3)c(=O)[nH]c21,-9.63,6,1.851,2.361,0.37
lig_1967,COc1cc2c(NC(=O)N3CCN4C(=O)CC(O)CCC4C3)cccc2cc1C#N,-9.63,5,2.574,4.18,0.44
lig_2022,COc1cc2cccc(CCCC(=O)N3CCCCC3)c2cc1CN,-9.63,9,2.155,2.677,0.2
lig_2138,Cc1c(C(=O)O)ccc2c1Oc1c(ccc(O)c1CC(C)C)C2O,-9.63,8,1.618,2.152,0.4
lig_2296,Cc1cc2c(cc1C(=O)N(C)CCC(=O)N1CCCCC1)C(CCO)CC(C)O2,-9.63,9,2.135,2.554,0.61
lig_2618,O=C(O)C1=Cc2c3n(c(=O)n2C2CCCCC2)CCC(C(=O)O)=C3C1,-9.63,9,1.92,2.262,0.25
lig_2877,O=C1CCOCC2CC(Cn3cc(O)cc(C4CCCCC4)c3=O)CCN12,-9.63,9,1.969,2.426,0.15
lig_051,CC(=O)N1CN=C(N2CCCC2)c2cc3c(nc21)-c1c(C)cc(C)cc1OC3O,-9.62,8,7.189,11.728,0.21
lig_772,CCC1CC(C)c2c3c(cc(C(=O)O)c2O1)CCC(C)(CC(=O)O)C3,-9.62,9,3.817,6.626,0.7
lig_841,CCCC(=O)N1CCC(n2c(=O)n3c4c(cc(C(=O)O)cc42)CNCC3)C1,-9.62,7,2.803,4.279,1.27
lig_921,CCCC1CCC2=C(C=C3CCC4C(=C3C2)CCN4CC(=O)O)C1,-9.62,8,4.944,6.481,0.39
lig_1352,CCc1cc(C(=O)O)cc(C2=CC=CC(C3CCC(C(=O)O)CC3)C2)c1,-9.62,9,2.765,4.237,0.15
lig_1356,CCc1cc(C(=O)O)cc2c1C(=O)Cc1ccc(-c3ccccc3)c(O)c1-2,-9.62,8,3.316,6.297,0.38
lig_1452,CCc1ccc2c3c(nc(C(=O)N(C(C)CC)C4C=CN=N4)cc13)CC(O)=C2,-9.62,9,2.421,3.104,0.01
lig_1463,CCc1cccc(C2CC(n3cc(C)cc(NC(C)=O)c3=O)CC2C)c1,-9.62,9,2.918,4.241,0.91
lig_2261,Cc1cc(O)c(-c2ccccc2)cc1C(=O)N(C)CCC(=O)N1CCCCC1,-9.62,9,2.796,5.271,0.2
lig_2489,Cn1c(=O)c2c(N3CCN4CCCC(C4)C3)c(O)cc3c2n(c1=O)C1CCCCC1C3,-9.62,3,3.202,4.581,0.88
lig_2515,NC(=O)C1CCN(Cc2cccc3cc(C(=O)O)ccc23)CC1,-9.62,9,3.511,5.516,0.27
lig_2584,O=C(CCN1CCCCC1=O)Nc1cccc2ccc(C(=O)O)cc12,-9.62,9,2.101,3.056,0.11
lig_114,CC(=O)c1ccc2c3c1C(=O)N(C(=O)CC(C)(C)C(=O)O)C3CCCC2O,-9.61,9,2.429,3.758,0.2
lig_193,CC(C)C(=O)n1cc(C(=O)O)c(=O)c2cc(C(C)C(=O)O)ccc21,-9.61,9,2.466,3.125,0.33
lig_379,CC1=CC2=C(C=CC(=O)C2)C2=C(C(=O)O)C(CCN3CCCCCC3=O)=NC12,-9.61,9,3.424,6.281,0.53
lig_627,CC=CC1=C=C(C(=O)N(C)CCC)NC2=C1CC(=O)n1ccc(=O)cc12,-9.61,9,2.989,6.066,0.35
lig_1125,CCN(CC(=O)O)C(=O)c1cc2cccc3c2c(n1)C(C)=C1CC(O)CCN13,-9.61,9,3.627,12.604,0.22
lig_1143,CCN(CCC(=O)N1CC=C2OCCOc3cc(C(=O)O)cc1c32)C(=O)c1ccc(O)cc1,-9.61,9,2.543,3.556,0.05
lig_1535,CN(C)C(=O)CCC1=Cn2c(nc3c4cccnc4ccc32)CC1,-9.61,9,2.314,3.558,0.39
lig_1772,COC(=O)C1=CC2=C3C(=C4CCN(CC(=O)O)C4CC3CCC(O)C2)C1,-9.61,4,2.394,2.836,1.01
lig_2148,Cc1c(CC(C)CC(=O)O)nc2cccc3c2c1CC(=O)C3,-9.61,9,2.112,3.127,0.03
lig_2201,Cc1c2c(cc3c1C(=O)C(C)CO3)C(C)CN(C(=O)N1CCC(C)CC1)C2,-9.61,9,4.04,7.539,0.66
lig_2534,NC1CCCN(c2cccc(-n3ccc(=O)c(N4CCCCC4)c3)c2)C1=O,-9.61,9,3.019,6.191,0.38
lig_020,C=C1CN(Cc2ccccc2)C2C=C3c4ccc(C=CC)cc4CN3C(=O)C2=C1O,-9.6,9,3.753,6.235,0.28
lig_148,CC(C)(C)CC(=O)CNC(=O)c1cccc2c1OC1CC(O)CC1C2=O,-9.6,9,2.691,6.618,0.32
lig_224,CC(C)NC(=O)c1cn(CC2CCCC(O)C2)c2c1CC(=O)N=C2,-9.6,9,3.398,6.232,0.28
lig_469,CC1CC(=O)N(Cc2cccc(NC(=O)CCN3CCCCC3=O)c2)C1,-9.6,9,2.18,3.005,0.8
lig_776,CCC1CC2=C3C(=C4CC(C(=O)O)CC5c6c(CO)ccc1c6N3C45)C=CC2=O,-9.6,7,3.891,12.327,1.02
lig_857,CCCC(=O)N1CCCC(n2cc3cc(CC(C)C)c(=O)nc-3[nH]c2=O)C1,-9.6,9,3.363,7.797,0.12
lig_1604,CN1CC(CNC(=O)CCc2cnccc2Cc2cccc(CO)c2)CC1=O,-9.6,9,2.117,2.61,0.17
lig_1847,COC1=Cc2c3n(c(=O)n(C)c2=O)C2CCC(N4CCCCC4=O)CC2CC3C1O,-9.6,8,4.308,8.026,0.57
lig_2041,COc1ccc(C(=O)N2CCc3cc4c(=O)occc4cc32)c(C)c1C(=O)O,-9.6,9,1.607,2.292,0.14
lig_2387,Cc1ccc2c(n1)N(CC1CCC3CCC(C)C(=O)N3C1)CCC2=O,-9.6,9,2.617,5.443,0.29
lig_2810,O=C(c1cccc(CN2CCC3=NCC=C3C2)c1)N1CCCCC1CO,-9.6,9,3.025,7.548,0.63
lig_105,CC(=O)Nc1nc(-c2ccc(C)nc2O)cc(N2CCCC2)c1C,-9.59,9,3.678,11.571,0.47
lig_254,CC(C)c1nc(NC(=O)C(C)(C)C)c2c(=O)[nH]c(N)nc2n1,-9.59,6,2.082,2.499,0.4
lig_715,CCC(CC(=O)O)c1cccc(CC(=O)NC2CCC(C)(C)C2C)c1,-9.59,9,1.8,2.481,0.09
lig_762,CCC1C=C2C=Cc3ccc4c5c3N2C2=C1CC(O)=CC2=C5CN(CC(=O)NC)C4,-9.59,9,2.789,5.996,0.75
lig_870,CCCC(=O)N1CCN(c2cc(O)c(Cc3ccccc3C)cc2CC)CC1,-9.59,9,2.177,3.032,0.17
lig_1215,CCOC1=CC(O)c2c3n(c(=O)c4cc(O)cc1c24)CC(N(C)C(=O)CCN)CC3,-9.59,8,2.304,3.488,0.08
lig_1505,CCn1c(=O)n(C2CCCCC2)c(=O)c2c(OC)cc(C(C)(C)C)cc21,-9.59,7,1.857,2.981,0.29
lig_2611,O=C(Nc1ccc2nc(N3CCCCC3)[nH]c(=O)c2c1)C1=CC=CC1,-9.59,9,2.37,3.03,0.4
lig_084,CC(=O)NCC(=O)NC1CCc2c(cc(C(=O)O)cc2Oc2cccc(C)c2)C1,-9.58,9,3.549,5.095,0.76
lig_628,CC=CC1=C=C(C(=O)N(C)CCC)NC2=C1CCC=C2C(=O)O,-9.58,9,2.664,5.229,0.29
lig_661,CC=Cc1cccc2c1CC(O)C1CC(CCN3CCCCC3=O)CC(=O)N21,-9.58,9,2.218,3.128,0.15
lig_773,CCC1CC(CC2CCC(C(=O)O)CC2)C2CCC(C)C2C1=O,-9.58,9,1.699,2.898,0.18
lig_940,CCCCN(C)C(=O)c1c(O)c2c3c(c(C)c(O)c4c3c1OCC4)CCC2,-9.58,6,2.292,3.453,0.49
lig_1928,COc1cc(C)cc2cccc(CN3CCC(C(N)=O)CC3)c12,-9.58,9,3.073,3.97,0.09
lig_1963,COc1cc2c(C(=O)O)cc(CC(=O)N3CCCCC3)nc2cc1O,-9.58,9,2.102,2.772,0.29
lig_2212,Cc1c2c3c(cccc3c(=O)n1CCCC(=O)O)C(C)C(O)C2,-9.58,7,2.353,2.973,1.02
lig_2354,Cc1ccc(C)c(NCc2cc(CC(C)C)c(C)nc2N)c1,-9.58,9,2.163,2.808,0.85
lig_2819,O=C1C=C2C=CC(O)=CC2CN1C1CCCN2C(=O)CCC2C1,-9.58,9,2.277,3.183,0.42
lig_967,CCCCn1c(CCC)c2c(c(C)c1=O)NC(=O)N(C1CCCCC1)C2,-9.57,4,1.914,2.277,1.19
lig_1038,CCCc1c(OCC)nc2c(c1C)C=CCN2C(=O)CCN(CC)C(=O)c1ccc(O)cc1,-9.57,9,1.991,2.812,0.14
lig_1152,CCN(CCC(=O)N1CCC(=O)c2c(C(C)C)cc(C(=O)O)cc21)C(=O)c1ccc(O)cc1,-9.57,9,2.664,6.536,0.04
lig_1262,CCOc1cc2c3c(c1)c(N)c(CCN1CCCCC1=O)n3C=CCC2,-9.57,8,1.966,2.38,0.22
lig_1357,CCc1cc(C(=O)O)cc2c1C(=O)Cc1cccc(OC)c1-2,-9.57,9,1.612,1.985,0.16
lig_1788,COC(=O)N1Cc2cccc(NC(=O)CCN3CCCCC3=O)c2C=C1C,-9.57,9,3.139,4.779,0.23
lig_1801,COC(=O)c1cc(OC)cc2cc(C(=O)N3CCCCC3C(=O)N(C)C)ccc12,-9.57,9,3.001,4.788,0.82
lig_2147,Cc1c(CC(C)CC(=O)O)nc(C(N)=O)c2ccc(O)cc12,-9.57,9,2.297,2.668,0.11
lig_2246,Cc1cc(CC(=O)N2CCCC2)c2c(c1O)CCCO2,-9.57,9,2.365,3.63,0.26
lig_2277,Cc1cc2c(C(C)C)cccc2n1C(=O)CCN1CCCCC1=O,-9.57,9,2.034,2.81,0.01
lig_2572,O=C(CCCC1=CN2CCCN2c2cc(O)c(CO)cc21)N1CCCCC1,-9.57,9,2.284,2.595,0.12
lig_2644,O=C(O)CC1CCn2c(c(CCCO)c3ccccc3c2=O)C1,-9.57,9,2.16,2.409,0.21
lig_165,CC(C)(C)c1ccc2c(c1)c(C(=O)O)cn2C(=O)N1CCNC(=O)C1,-9.56,4,2.389,3.173,1.21
lig_692,CCC(C)NC(=O)CCc1cccc(-c2cccc(C(=O)O)c2)c1,-9.56,9,2.696,3.465,0.06
lig_713,CCC(C)n1c2c3c(cc1=O)NC(=O)CCC3c1cc(OC)ccc1C2,-9.56,7,2.212,2.468,0.02
lig_941,CCCCN(C)C(=O)c1c(O)c2c3c(cc(OC)c4c3c1OCC4)CCC2,-9.56,5,2.47,2.654,0.19
lig_1120,CCN(CC(=O)N1C(=O)c2cc(CC(=O)O)c(O)c(C)c2C1C)C(=O)c1cccc(C)c1,-9.56,9,2.307,3.387,0.24
lig_1251,CCOc1cc(CC2CCC(C(=O)O)CC2)cc2c1CCC(=O)N2C,-9.56,9,2.098,2.849,0.53
lig_1562,CN(Cc1cn(C(=O)c2ccccc2)c2ccc(F)cc12)C(=O)CCO,-9.56,9,3.043,4.833,0.2
lig_1803,COC(=O)c1cc2c(cc1C)CCN2C(=O)c1ccc(OC)c(C(=O)O)c1C,-9.56,9,2.034,2.784,1.3
lig_1827,COC1=CC2=c3c(c(O)ccc3=NCc3cc(O)c(C4CCCC4)cc32)O1,-9.56,9,4.484,7.758,1.2
lig_2064,COc1ccc2c(C(=O)O)ccc(CC(C)C(=O)O)c2c1,-9.56,9,1.786,2.246,0.17
lig_2348,Cc1ccc(C(=O)N(C)C2CCCC2)c2cc(CN(C)C)ccc12,-9.56,9,3.413,6.599,0.01
lig_2437,Cc1ccn(Cc2ccc3c(C(=O)O)cccc3c2)c(=O)c1,-9.56,9,1.977,2.848,0.13
lig_2535,NC1CCCN(c2cccc(-n3ccc(=O)c(N4CCOCC4)c3)c2)C1=O,-9.56,9,2.617,5.241,0.07
lig_2808,O=C(c1cccc(CCO)c1)N1CCN2C(=O)CCCC2C1,-9.56,9,1.923,2.513,0.41
lig_134,CC(C)(C)C(=O)N1C=C(CO)c2nc3c(c4nccc1c24)CCCC1=CC=CC13,-9.55,5,2.043,2.568,0.48
lig_352,CC1=C(O)c2c3cc[nH]c4c-3c(nc(=O)n4C3CCCCC3)[nH]c(=O)c2=CC1,-9.55,9,4.958,7.421,0.47
lig_433,CC1=c2oncc2=NC(C)c2nc3[nH]c(=O)n(C4CCCC4)cc-3c21,-9.55,9,3.802,7.334,0.07
lig_489,CC1CCC(=O)NCCCCCN(CCO)CCCCC1C(=O)O,-9.55,2,2.165,2.165,1.58
lig_747,CCC1=Cc2c(cccc2NC(=O)CCN2CCCCC2=O)CN1C(=O)OC,-9.55,9,2.507,4.642,0.38
lig_806,CCC1NC=C2C(=O)NCCOCN3CN=C(N4CCCC4)c4cc1c2nc43,-9.55,7,4.976,6.685,1.53
lig_833,CCCC(=O)N(C)C1CCC2C(C1)CC1C(C)Oc3ccccc3C(=O)N21,-9.55,9,2.312,4.927,0.21
lig_862,CCCC(=O)N1CCN(c2cc(O)c(C(=O)N3CCC(C)C3)cc2CC)CC1,-9.55,9,2.931,4.0,0.61
lig_1554,CN(C)c1ccc(O)cc1C1=NCC2CCC(n3ccc(CN)cc3=O)CC2C1,-9.55,9,2.949,5.001,0.02
lig_1602,CN1CC(CNC(=O)CCc2cccc3c2CCCC3)CC1=O,-9.55,9,2.114,2.597,0.16
lig_2035,COc1ccc(-c2ccccc2)c(CN2CCCC2=O)c1,-9.55,9,1.929,2.513,0.41
lig_2036,COc1ccc(-c2ccccc2CN)c(CN2CCCC2=O)c1,-9.55,9,3.504,6.509,0.04
lig_2151,Cc1c(CCN2CCCCC2=O)nn2c1C(=O)Cc1cccc(O)c1-2,-9.55,9,1.925,2.914,0.1
lig_2520,NC(=O)N=c1[nH]c(=O)n(C2CCCCC2)c2ccc(CC(=O)O)cc12,-9.55,8,2.239,2.641,0.7
lig_028,C=c1cc2c(o1)=Cc1ccc3c(c1N2C1=CCC=C1)c(=O)[nH]c(=O)n3C(C)CC,-9.54,3,2.913,3.979,1.89
lig_158,CC(C)(C)c1cc(CCO)c2c(n1)C=CN(C1(C)CCCCC1)C2,-9.54,7,1.978,2.487,0.16
lig_753,CCC1C(=O)N(C)c2ccc(N3CCCN(C)C(=O)C3)c3ccc(O)c1c23,-9.54,7,2.607,3.388,0.17
lig_1168,CCN1CC(C)Cn2c(-c3cccc(C(=O)O)c3)cc(C)c2C1=O,-9.54,9,2.601,4.094,1.06
lig_1884,COc1c(C)cc2c3c1CC(O)=CC3CN(C(=O)CCC(=O)O)C2,-9.54,8,2.727,4.496,0.36
lig_2068,COc1ccc2c(NC(=O)CCN3CCCCC3=O)cccc2c1,-9.54,9,2.204,2.795,0.02
lig_2076,COc1ccc2c(c1)CN(CC(=O)O)c1ccccc1-2,-9.54,9,3.4,5.553,0.37
lig_2091,COc1ccc2c3c(c(OC)c(C)c2c1)N1CCN(CC(=O)O)CC1C3,-9.54,5,2.514,2.942,0.3
lig_2508,N#Cc1c(CO)c(CCN2CCCCCC2=O)cc2ccccc12,-9.54,9,2.095,2.813,0.11
lig_029,CC(=O)C1=CC(C)Oc2cc(C)c(C(=O)N(C)CCC(=O)N3CCNCC3)cc21,-9.53,9,1.979,3.021,0.25
lig_032,CC(=O)CCCN(C)C(=O)c1ccc2c(n1)-c1ccc(F)cc1CCO2,-9.53,9,2.772,4.48,0.08
lig_226,CC(C)Nc1nc(=O)n2c3c(cc(CC(=O)O)cc13)OC1CCCCC12,-9.53,9,4.693,7.402,0.12
lig_295,CC1(C(=O)N2CC3=C(c4ccccc42)C(C(=O)O)CC3N)CCCC1,-9.53,9,3.275,10.95,0.46
lig_535,CC1CCc2c(c(CCN3CCN(C)C(=O)C3)n3c2CCCC3=O)CC1,-9.53,9,2.856,5.056,0.49
lig_696,CCC(C)c1c(O)cc2c3c1C=CC1=C(O)C(C(=O)O)=C4N=CC(=C4C13)CO2,-9.53,9,3.926,7.45,0.14
lig_995,CCCN1c2cccc(O)c2-c2nc(C(=O)N(CC)CC(=O)O)cc3cccc1c23,-9.53,6,2.672,3.957,0.37
lig_1193,CCNC(=O)CN1Cc2cc3cc4c(cc3cc2CC1=O)OCCO4,-9.53,9,2.81,3.65,0.03
lig_1365,CCc1cc(C)cc(-c2cc(CC(=O)O)c3c(c2)OCC(CO)O3)c1,-9.53,9,2.5,3.691,0.2
lig_1790,COC(=O)Nc1cc(C(C)C)c(C)c2[nH]c(=O)n(C3CCCCC3)c(=O)c12,-9.53,9,3.498,9.515,0.44
lig_1908,COc1c2ccc(C)cc2c(C(=O)O)c2cc3n(c12)CCN(CC(=O)O)C3,-9.53,7,2.325,3.259,0.65
lig_1965,COc1cc2c(CO)c(CCN3CCCCC3=O)nn2c2ccccc12,-9.53,9,2.208,2.778,0.07
lig_2112,COc1ccc2cc3c(c(OCC(=O)O)c2c1)CCN(CC(=O)O)C3=O,-9.53,8,2.348,2.705,0.11
lig_2260,Cc1cc(CN2CCC(C(N)=O)CC2)c2ccccc2c1O,-9.53,9,2.426,3.558,0.03
lig_234,CC(C)c1c2c(c3n(c1=O)CCC(CC(=O)O)C3)CC(CO)C(=O)C2,-9.52,9,2.772,6.376,0.59
lig_392,CC1=CCC2C(=C1)c1c3c4c5c(ccc(n15)C(=O)N2C)C1=NN=NC1C=C4N(C)C=C3,-9.52,4,4.316,7.897,0.45
lig_427,CC1=NN(C)C(=O)C1COc1ccccc1-c1ccc(C(=O)O)c(O)c1,-9.52,9,3.03,4.682,0.12
lig_649,CC=Cc1cc2c(CC(=O)O)nc(-c3cc(C)ccc3O)nc2c(C)n1,-9.52,9,2.491,3.697,0.21
lig_1000,CCCNC(=O)CN(C)CC1=C2CC=CC=C2c2cc(O)ccc2C1,-9.52,9,2.706,3.758,0.07
lig_1014,CCCNC(=O)c1ccc(CCN2CCCCC2=O)n2c(=O)cccc12,-9.52,9,1.938,2.392,0.1
lig_1302,CCc1c(C)ccc2c1nc(CC)n2CCCN1CCCC(C)C1=O,-9.52,9,2.65,3.951,0.41
lig_1329,CCc1c2c(c(C)c3c4c(ccc13)C(=O)N1C(CCC1C(=O)O)C4)OC(C)C=C2,-9.52,4,2.965,3.886,0.73
lig_1370,CCc1cc(CC(=O)N(C)C2CCCC2)c2ccccc2c1O,-9.52,9,2.191,2.764,0.42
lig_1578,CN1C(=O)N(C2CCCCC2)Cc2cc(-c3cnn(C)c3)c(=O)[nH]c21,-9.52,9,2.98,6.518,0.45
lig_2137,Cc1c(C(=O)O)ccc2c1CCC1CC(C(C)O)COC21,-9.52,9,2.227,2.928,0.47
lig_2408,Cc1cccc(-c2cc(C3CCN(C(=O)CN4CCCN(C)C4=O)C3)cs2)c1,-9.52,9,2.536,3.009,0.45
lig_2507,Cn1nc(C(=O)O)cc1-c1cccc(Oc2ccccc2C(=O)O)c1,-9.52,9,2.95,3.518,0.41
lig_2579,O=C(CCN1CCCCC1=O)Nc1cccc2cc(C(=O)O)c(CCCO)cc12,-9.52,9,2.897,3.399,0.27
lig_2591,O=C(CN1CCCCC1=O)Nc1cccc2ccccc12,-9.52,9,3.659,5.031,0.03
lig_214,CC(C)CNC(=O)c1ccn(-c2cccc3c2NC2CCCCN2C3=O)c1,-9.51,9,2.248,3.277,0.02
lig_372,CC1=CC(CC(=O)O)=CC2=C(C(=O)O)C(CCN3CCCCCC3=O)=NC12,-9.51,9,2.755,3.418,0.01
lig_474,CC1CC(O)c2c(CN3CCC(C(N)=O)CC3)cccc2O1,-9.51,9,3.402,4.256,0.41
lig_534,CC1CCc2c(c(CCN3CCN(C)C(=O)C3)n3c2CCCC3=O)C(O)C1,-9.51,9,3.628,6.169,0.49
lig_716,CCC(CC1CCC(N2CCC(C)CC2=O)CC1)N1C=CC=C(O)C1,-9.51,9,2.417,3.36,0.46
lig_748,CCC1=NC(OC)c2c(c3cccc(N4CCCC4)c3c(=O)n2C)N1,-9.51,7,1.92,2.228,0.69
lig_822,CCC=C1C=C(CCNC(=O)c2cccc(C3CCCC3)c2)C(=O)N(CCC)C1,-9.51,9,2.401,2.875,0.01
lig_2330,Cc1cc2c3n(c1=O)Cc1c(ccc4c1CCCN(CC(=O)O)C4)C3(C)CCC2,-9.51,9,4.42,7.879,0.09
lig_2465,Cc1nc2cc3c(nc2c(CNC(=O)C2C=CC=CC2)c1C)CCCC3O,-9.51,9,3.637,5.319,0.02
lig_2558,Nc1nc2c3c(n1)C(=O)CCC3CC(C(=O)N1CCCCC1)N2,-9.51,9,2.202,2.663,0.22
lig_2811,O=C(c1cccc(CN2CCc3cc(F)c(O)cc3C2)c1)N1CCCCC1CO,-9.51,9,3.322,6.58,0.68
lig_004,C=C(C)c1cc(CCO)c2c(n1)C=CN(C1(C)CCCCC1)C2,-9.5,9,2.217,3.592,0.14
lig_043,CC(=O)N1C=Cc2c(cccc2C(=O)NC2CCC(C(=O)O)C2)C1,-9.5,9,2.377,2.676,0.09
lig_116,CC(=O)c1cccc2c(NC(=O)CN3CCCCC3=O)cccc12,-9.5,9,2.137,2.659,0.18
lig_143,CC(C)(C)C1CCC=C2CC(C(=O)O)c3cccc(c3O2)C(=O)NCC1=O,-9.5,6,1.689,2.072,1.6
lig_261,CC(CC(=O)n1c(=O)c(C(C)C)cc2c(C(=O)O)cccc21)C(=O)O,-9.5,9,3.053,6.524,0.09
lig_408,CC1=Cc2cc(C(=O)O)cc(CNC(=O)CC3CCCN(C)C3=O)c2C(O)O1,-9.5,9,1.919,2.376,0.16
lig_658,CC=Cc1ccc(O)c2c1CC(O)C1CC(CCN3CCCCC3=O)CC(=O)N21,-9.5,9,2.595,6.688,0.91
lig_771,CCC1CC(C)Oc2c(CO)cc(C(=O)N3CCN(C)C(=O)C3)cc21,-9.5,9,2.507,5.491,0.13
lig_1072,CCCc1cc2cccc(NC(=O)CCN3CCCCC3=O)c2cc1C(=O)N(C)C,-9.5,9,2.809,5.388,0.05
lig_1542,CN(C)CCc1c(CCC2CCC(C(=O)O)CC2)cnc2c1CCC(=O)O2,-9.5,9,2.162,3.276,0.88
lig_1786,COC(=O)N1C=Cc2c(cccc2NC(=O)CCN2CCCCC2=O)C1,-9.5,9,2.764,3.797,0.51
lig_1865,COCC(CO)NC(=O)C1=C(O)C2=C(C)CCN2C(c2ccccc2)=C1,-9.5,9,3.683,6.506,0.49
lig_2638,O=C(O)CC1CCc2c3c4c(n2C1=O)C=COC1C(O)CC(O)(CC=C3)C41,-9.5,9,2.496,5.347,0.2
lig_322,CC1(C)CCN2C(=O)N(CC3CCC(=O)N3)c3ccc4c5c(cc1c2c35)OC(O)C4,-9.49,9,5.733,9.76,0.9
lig_432,CC1=c2occc2=NC(C)c2nc3[nH]c(=O)n(C4CCCC4)cc-3c21,-9.49,9,3.164,5.792,0.04
lig_612,CC=C1C=C(CC)c2cccc(C(=O)NCC(=O)CC(C)(C)C)c2O1,-9.49,9,2.135,3.352,0.28
lig_831,CCCC(=C1C=CC2=C(N1)C(C)CN(C)C2=O)c1ccccc1C,-9.49,9,3.694,6.6,0.48
lig_855,CCCC(=O)N1CCCC(n2cc(-c3cc(CC)cc(C(=O)O)c3)[nH]c2=O)C1,-9.49,9,2.297,3.167,0.11
lig_1260,CCOc1cc2c(cc1C(C)C)C(=O)N1CC(C(=O)O)CCC1C2,-9.49,7,2.332,3.888,0.33
lig_1557,CN(CCC1CCCC1)C(=O)Cc1ccc(C(=O)O)c2ccccc12,-9.49,9,1.99,2.981,0.5
lig_2172,Cc1c(N2CCC(N3CCCCC3=O)C2)[nH]c2c(C(=O)O)cccc2c1=O,-9.49,9,2.074,2.95,0.03
lig_2580,O=C(CCN1CCCCC1=O)Nc1cccc2cc(C(=O)O)c(CCO)cc12,-9.49,9,3.474,6.941,0.03
lig_2632,O=C(O)C1CN(CC2CCN3C(=O)CCCCC3C2)C(=O)c2ccccc21,-9.49,9,2.163,5.422,0.61
lig_2653,O=C(O)CCC(=O)N1C(=O)c2ccccc2C2CCCC21,-9.49,7,3.894,6.429,0.46
lig_242,CC(C)c1ccc(NC(=O)N2CCN3C(=O)CC4CCC2C3C4)c(CC(=O)O)c1,-9.48,9,3.017,4.204,0.32
lig_445,CC1C(=O)N=C2CCN(c3cccc(C(=O)O)c3)c3ccc4c(c32)N1CC4O,-9.48,9,3.418,6.688,0.13
lig_804,CCC1Cc2c(ccc3cc(C(=O)N4CCCC4)c(O)cc23)C(=O)N2CCCC12,-9.48,9,3.376,5.11,0.52
lig_1338,CCc1c2cc(OC)ccc2c(C)c(=O)n1CCCN1CCCC(C)C1=O,-9.48,9,2.004,3.293,0.16
lig_1570,CN1C(=O)CC(C(=O)O)C2=C1C=CC1C2=Cc2ccccc21,-9.48,9,5.527,7.491,1.28
lig_1610,CN1CC2C(=O)C(O)Cc3cn(C(=O)C4(C)CCCCC4)c(=O)c(c32)C1=O,-9.48,9,4.556,6.268,0.73
lig_1789,COC(=O)N1Cc2cccc(NC(=O)CCN3CCCCC3=O)c2C=C1CCN,-9.48,9,2.942,4.332,0.28
lig_1843,COC1=Cc2c(cc3c(OC)cccc3c2CN2CCCC2=O)N(O)C1,-9.48,5,2.754,5.84,0.5
lig_2059,COc1ccc(O)c2c(=O)cc(N3CCC(N4CCCCC4=O)C3)[nH]c12,-9.48,9,2.018,3.003,0.62
lig_2175,Cc1c(O)c(CO)cc2c(CCCC(=O)N3CCCCC3)cn(C)c12,-9.48,9,2.481,3.098,0.39
lig_2424,Cc1cccc2c1CC1=C(CCO)N(C(=O)CC(C)C(=O)O)c3ccccc3C1=N2,-9.48,9,7.22,11.167,1.26
lig_030,CC(=O)C1=CN(CCCN2CCCCC2=O)C(=O)N2c3ccccc3CC12,-9.47,9,2.096,2.85,0.56
lig_302,CC1(C)CC(CC(=O)O)n2c(c3c4c(ccc(O)c4c2=O)C(O)C=C3)O1,-9.47,9,2.108,3.739,0.76
lig_1289,CCOc1cccc2c(C)c(CCN3CCCCCC3=O)c(CO)cc12,-9.47,9,2.295,2.567,0.2
lig_1745,CNC(=O)c1cc(C(=O)NC(=O)CCN2CCCCC2=O)ccc1C,-9.47,9,2.209,2.531,0.45
lig_2345,Cc1cc2n(c1)C(C(=O)CCN1CCN3C(=O)CCCCC3C1)CC(C)C2,-9.47,9,2.165,2.741,0.23
lig_2378,Cc1ccc2c(c1)N1C(=O)N(CCCN3CCCCC3=O)C=C(C(=O)O)C1C2,-9.47,9,2.366,4.075,0.44
lig_470,CC1CC(=O)N(c2cccc(C3CCN(CC(=O)O)C3)c2)C1,-9.46,9,2.718,3.764,0.3
lig_472,CC1CC(CN2CCN(C)C(=O)C2)c2c3c(c4n2C(=O)CCC4)CCC(=O)C31,-9.46,7,2.966,4.377,0.69
lig_746,CCC1=Cc2c(cccc2C(=O)NC2CCC(C(=O)O)C2)CN1CC,-9.46,9,2.686,5.648,0.62
lig_1174,CCN1Cc2cccc(C(=O)NC3CCC(C(=O)O)C3)c2C=C1C,-9.46,9,3.138,4.268,0.02
lig_1359,CCc1cc(C(=O)O)cc2c1C(=O)Cc1ncc3c(c1-2)OCCCC3,-9.46,8,2.919,4.725,0.01
lig_1511,CCn1c(=O)n(C2CCCCC2)c(=O)c2cc3c(cc21)CCN(C)C3,-9.46,9,2.609,4.673,0.16
lig_2027,COc1cc2cccc(O)c2n2nc(CCN3CCCCC3=O)c(C)c12,-9.46,9,2.452,3.953,0.04
lig_2060,COc1ccc2c(C(=O)O)cc3c(c2c1)CC(C)(C)CCC3=O,-9.46,9,2.929,6.571,0.12
lig_2252,Cc1cc(CCC(=O)NC(C)(C)C)cc2cc(O)ccc12,-9.46,9,1.932,2.748,0.23
lig_2568,O=C(CC1CCC(N2CCCCC2=O)CC1)NC1CC2=CSC=CN2C1,-9.46,9,2.966,4.267,0.06
lig_2744,O=C(O)c1cc(CN2CCCCC2=O)c2c(c1)C1CCC(O)C1CN2,-9.46,9,2.548,4.521,0.13
lig_2850,O=C1CCCCN1CC1CCC2c3c(ccc4c3C(=CCO4)C3OCCCC32)O1,-9.46,9,2.817,5.4,0.47
lig_145,CC(C)(C)CC(=O)CNC(=O)c1cccc(-c2ccccc2)c1,-9.45,9,2.152,2.392,0.47
lig_355,CC1=C2CC(C)n3nc(CCN4CCCCCC4=O)c(CN)c3N2CC(O)=C1,-9.45,9,2.251,4.286,0.08
lig_706,CCC(C)n1c(=O)cc2c3c4c(ccc31)N(C(=O)O)C=CN4C(C)=CC2,-9.45,6,4.303,7.699,1.24
lig_847,CCCC(=O)N1CCC(n2c3c(c4ccccc4c2=O)CC(O)CC3)C1,-9.45,8,3.183,5.6,0.79
lig_955,CCCCc1cc2c(CN)cc(CCN3CCNCC3=O)cc2cn1,-9.45,9,3.023,3.594,0.08
lig_1147,CCN(CCC(=O)N1CC=Cc2c(C(C)C)cc(OC)cc21)C(=O)c1ccc(O)cc1,-9.45,9,1.994,2.708,0.06
lig_1308,CCc1c(CCO)c(O)c(C)c2[nH]c(=O)n(C3CCCCC3)c(=O)c12,-9.45,9,2.364,4.147,0.56
lig_1624,CN1CCC2C(=O)CCc3c2c(cn3CC2CCCC(O)C2)C1=O,-9.45,9,2.42,4.913,0.05
lig_1685,CNC(=O)C1CCCN1C(=O)c1ccc2ccc(-c3cnc(C)cc3O)cc2c1,-9.45,9,2.948,4.478,0.07
lig_1755,CNC(=O)c1ccc(C)c(C(=O)NC(=O)CCN2CCCCC2=O)c1,-9.45,9,3.33,4.051,0.26
lig_2152,Cc1c(CCN2CCCCC2=O)nn2c1c(CO)cc1cccc(O)c12,-9.45,9,2.599,3.77,0.03
lig_2360,Cc1ccc(O)c2c1[nH]c(=O)c1cc(CCN3CCCCC3=O)nn12,-9.45,9,2.144,2.918,0.58
lig_2565,Nc1ncc(N2CCCNC2=O)cc1Cc1cccc(C(=O)O)c1,-9.45,9,2.698,3.157,0.21
lig_2837,O=C1CCC(=O)N2CC3CCc4c(F)cc(cc4C3C2)C=CCCN1,-9.45,7,4.911,7.193,1.3
lig_2862,O=C1CCCN1Cc1cc(-n2cccc2)cc(C(F)(F)F)c1,-9.45,9,3.478,5.5,0.3
lig_462,CC1C=C2CCN(C(C)C)C(=O)c3nc4cc(O)ccc4c(c32)C1,-9.44,9,6.703,10.286,0.01
lig_914,CCCC1CC(C)(C)Oc2cc3cc(C(=O)O)cc(CO)c3c(=O)n21,-9.44,9,2.764,5.712,0.22
lig_974,CCCN(C)C(=O)c1c(O)c2c(c3ccc(C4=CC=NC4)nc13)OC(CO)CC2,-9.44,9,5.13,7.42,1.18
lig_1458,CCc1ccc2c3c1C(=O)N(C(=O)CC(C)(C)C(=O)O)C3CCCC2O,-9.44,9,5.13,11.71,1.41
lig_1566,CN(c1ccccc1)c1ccc2c(c1)c(CO)c(O)c(=O)n2C,-9.44,9,2.758,3.606,0.14
lig_1902,COc1c2c3c(cc(O)cc3c3cc4n(c13)CCN(CC(=O)O)C4)C=CC2,-9.44,7,3.163,6.009,0.19
lig_1982,COc1cc2c(cc1CO)n(C1CCCC(C(=O)O)C1)c(=O)n1ccnc21,-9.44,9,2.358,3.397,0.25
lig_2266,Cc1cc(O)c2c(O)cc3c4c2c1CCN4CCC1(CCCC(C(=O)O)C1)O3,-9.44,9,4.688,11.07,0.97
lig_2564,Nc1ncc(N2CCCCC2=O)cc1Cc1cccc(C(=O)O)c1,-9.44,9,2.526,3.054,0.03
lig_2686,O=C(O)CN1Cc2cc(CO)ccc2-c2ccccc21,-9.44,9,2.873,3.617,0.37
lig_2925,Oc1c2c3c(c4nccc(N5CCCCC5)c14)CCN1CCC(=C31)C(O)CO2,-9.44,9,4.156,10.21,0.33
lig_371,CC1=CC(C)CN1Cc1cccc(NC(=O)CCN2CCCCC2=O)c1,-9.43,9,2.692,5.507,0.04
lig_823,CCC=C1C=C(CCNC(=O)c2cccc(C3CCCC3)c2)C(=O)N(CCCO)C1,-9.43,9,2.43,2.72,0.01
lig_1083,CCCc1ccc2c(c1)CC(CC(=O)N1CCN(CCCO)C(=O)C1)=C2,-9.43,9,1.97,2.389,0.21
lig_1170,CCN1CCC(=O)c2nc(N)c(Cc3cccc(C(=O)O)c3)cc21,-9.43,9,2.224,2.665,0.21
lig_1194,CCNC(=O)Cc1cccc(C(=O)NCc2ccccc2C(=O)O)c1,-9.43,9,2.331,2.989,0.42
lig_1382,CCc1cc(CN)cc2c(CCCC(=O)N3CCCCC3)cn(C)c12,-9.43,9,1.853,2.395,0.15
lig_1406,CCc1cc2c(cc1C(=O)O)CCN2C(=O)c1ccc(OC)c(C(=O)O)c1C,-9.43,9,1.969,3.847,0.38
lig_1409,CCc1cc2c(cc1O)C1CCC(CC(=O)N(C)C)CC1C1NC=NC=C21,-9.43,6,2.769,3.558,1.42
lig_1425,CCc1cc2ccccc2c(=O)n1C(=O)CCC(=O)O,-9.43,9,3.44,6.708,0.54
lig_2305,Cc1cc2c3c(c1C(=O)O)CCCC3C1=C3C2C(=O)c2cccnc2N3CC1,-9.43,8,4.325,5.907,0.33
lig_2682,O=C(O)CN1CCc2c(cnc3cc(-c4ccccc4)nc(CO)c23)C1,-9.43,9,3.446,4.654,0.31
lig_2794,O=C(O)c1cccc2c1CC(O)C1CC(CCN3CCCCC3=O)CC(=O)N21,-9.43,9,2.423,3.929,0.87
lig_013,C=C(C)c1ccc2c(c1)c(=O)n(CCCN1CCCCC1=O)c(=O)n2CC,-9.42,9,1.829,2.703,0.46
lig_232,CC(C)Oc1ccc2c(NC(=O)C(C)(C)C)cccc2c1,-9.42,6,2.296,2.812,0.64
lig_237,CC(C)c1cc(C(C)O)cc2c3c(cnc12)CN(CC(=O)O)CCC3,-9.42,6,2.79,3.968,0.27
lig_1225,CCOc1c(C)ccc2c1C=CN(C(=O)c1ccccc1)C2,-9.42,9,2.156,3.079,0.08
lig_1537,CN(C)C(=O)Cc1c(CCC2CCC(C(=O)O)CC2)cnc2oc(=O)c(O)cc12,-9.42,9,2.921,5.433,0.03
lig_2024,COc1cc2cccc(NC(=O)CCN3CCCCC3=O)c2cc1CCN,-9.42,9,2.991,4.828,0.13
lig_2563,Nc1ncc(N2CCCC2=O)cc1Cc1cccc(C(=O)O)c1,-9.42,9,2.643,3.661,0.14
lig_168,CC(C)(CC(=O)N1C(=O)c2cc3ccccc3c3c2C1CCCC3)C(=O)O,-9.41,9,3.955,11.757,0.34
lig_268,CC(CC1CCN2CC(C)C3CCC(=O)C4=CC(=O)C(C1)C2=C43)C(=O)O,-9.41,9,2.476,5.326,0.25
lig_638,CC=Cc1c(C)c(CCC)c2c(c1C)C(C)N(C(=O)CC(C)(C)C(=O)O)C2=O,-9.41,5,3.354,5.057,0.82
lig_760,CCC1C=C(O)C2=CC(CC3CCCC(=O)N3)=CN(CC)C2=C1,-9.41,9,2.628,3.72,0.05
lig_853,CCCC(=O)N1CCCC(n2cc(-c3cc(CC)c(O)c(CC)c3)[nH]c2=O)C1,-9.41,9,1.745,2.241,0.08
lig_891,CCCC(=O)n1cc(CC(=O)O)c(=O)c2cc(CC(=O)O)ccc21,-9.41,9,3.354,7.446,0.15
lig_1039,CCCc1c2c(c(C)c(=O)n1CCC(=O)O)NC(=O)N(C1CCCCC1)C2,-9.41,9,2.044,2.427,0.11
lig_1128,CCN(CC(=O)O)C(=O)c1cc2cccc3c2c(n1)C(CO)=C1CCCCN13,-9.41,9,2.918,5.073,0.34
lig_1241,CCOc1cc(C)c2c(=O)n3c(c(C(=O)O)c2c1)CCC1(C)C=CC(=O)CC31,-9.41,6,3.041,4.668,0.99
lig_1269,CCOc1ccc(C(=O)NC)cc1Oc1ccc(C(=O)O)cc1,-9.41,9,2.805,5.804,0.76
lig_1394,CCc1cc(OC)cc2c1-c1cc(N3CCCC3)c(O)cc1C(=O)C2C,-9.41,9,3.115,5.285,0.09
lig_1811,COC(=O)c1cccc(Cc2cccc(OC(F)(F)F)c2)c1,-9.41,9,3.51,4.594,0.0
lig_2174,Cc1c(NC(=O)C(C)O)cc(O)c2c(N3CCCCC3)ccnc12,-9.41,7,2.819,4.201,0.83
lig_2221,Cc1cc(-c2cccc(C(=O)O)c2)n2c1C(=O)N1CCCCC1C(C)C2,-9.41,9,2.581,4.113,0.02
lig_2290,Cc1cc2c(cc1C(=O)N(C)CCC(=O)N1CCCC1)-c1c(O)coc1CCO2,-9.41,9,2.54,3.992,0.83
lig_163,CC(C)(C)c1ccc(NC(=O)C2=CCCNCC(O)C2)c(C(=O)O)c1,-9.4,9,1.927,2.85,0.09
lig_1316,CCc1c(O)c(C(=O)N2CCCC2)cc2cc(OC)ncc12,-9.4,8,3.356,4.995,0.72
lig_1324,CCc1c(OCCO)cc2c3c1CN(C1CCCCC1)C(=O)N3CC2,-9.4,7,3.544,7.866,0.21
lig_1426,CCc1ccc(-c2cccc(N(C)CCC(=O)O)c2)cc1C(=O)O,-9.4,9,2.626,3.167,0.35
lig_1482,CCc1cnc(N2Cc3cccc4c3C(C2)C(CC)C(C)N4C)cc1C(=O)O,-9.4,8,2.262,4.459,0.07
lig_1612,CN1CC2C=CC=C2C=Cc2ccccc2-c2nc(ccc2O)C1=O,-9.4,6,5.748,7.419,0.65
lig_1769,CNc1cc(-c2cccc(C(=O)NCC(=O)CC(C)(C)C)c2)ccn1,-9.4,9,2.046,3.107,0.12
lig_1806,COC(=O)c1ccc2c(c1)Cc1ccc3c(c1OC2)C(OC)C(=O)CO3,-9.4,9,2.124,2.862,0.0
lig_2133,Cc1c(C(=O)N2CCCCC2)nc2ccc(OC(F)(F)F)cc2c1N(C)C,-9.4,9,3.663,4.956,0.9
lig_2250,Cc1cc(CCC(=O)NC(C)(C)C)cc2c(CCN)c(O)ccc12,-9.4,9,2.423,3.157,0.06
lig_2355,Cc1ccc(C)c2c1CC1CCC3C1C2=CC(=O)N3C(=O)CCC(=O)O,-9.4,8,3.507,5.546,0.56
lig_2576,O=C(CCN1CCCCC1=O)Nc1cccc(CN2CC(CO)CC2=O)c1,-9.4,9,2.106,2.659,0.88
lig_2577,O=C(CCN1CCCCC1=O)Nc1cccc(CN2CCC(CO)C2)c1,-9.4,9,2.096,2.895,0.02
lig_169,CC(C)(CC(=O)N1Cc2c(O)ccnc2C2=C1CCC2)C(=O)O,-9.39,9,2.495,3.083,0.15
lig_243,CC(C)c1ccc(NC(=O)N2CCN3C(=O)CCCC3C2)c(-c2ccc(O)cc2)c1,-9.39,9,7.059,11.862,0.19
lig_356,CC1=C2CC3CC(CCN4CCCCC4=O)CC(=O)N3c3cccc4c3N2C(C4)C1=O,-9.39,9,2.709,5.558,0.19
lig_359,CC1=C2CC3CC(CCN4CCCCC4=O)CC(=O)N3c3cccc4nc(n2c34)C1O,-9.39,9,4.336,7.703,0.39
lig_811,CCC1c2c(ccc3c2CC2CCC(C(=O)O)N2C3=O)-n2cccc2C1C(=O)O,-9.39,5,7.594,11.795,2.1
lig_1144,CCN(CCC(=O)N1CC=C2OCCc3cc(OC)cc1c32)C(=O)c1ccc(O)cc1,-9.39,9,2.584,5.505,0.23
lig_2263,Cc1cc(O)c(C2=CCNO2)c(Oc2cc(O)c3c(c2)CCN(CC(C)C)C3=O)c1C,-9.39,9,4.745,6.381,0.21
lig_2306,Cc1cc2c3c(c1C(=O)O)CCCC3C=C1C(=O)C3=C(C(=O)C12)C(C)(C)CC3C,-9.39,7,4.983,8.175,0.89
lig_2349,Cc1ccc(C(=O)O)c2c1-c1cccc3c(=O)n(CC(=O)O)c(=O)n(c13)C2,-9.39,8,3.926,7.774,0.07
lig_2423,Cc1cccc2c1C(=O)n1cc(CN3CCCC3=O)c3cc(O)cc(c31)C2,-9.39,9,5.21,10.551,0.18
lig_2585,O=C(CCN1CCCCC1=O)Nc1cccc2ccc(C(O)CO)cc12,-9.39,9,2.128,3.159,0.19
lig_220,CC(C)N1CCC(=O)C(CN2CCC(=C3C=CC=CC3)C2)C1,-9.38,9,2.216,2.885,0.48
lig_436,CC1C(=O)CC2CC3(C)CC(N4CCCCC4=O)CCC3n3c2c1c(=O)n(C)c3=O,-9.38,7,3.562,5.968,0.74
lig_731,CCC1=C2CC(=O)N(c3cc(C(=O)O)c(CC)cn3)CC2CC(C(=O)O)=C1,-9.38,9,2.114,2.705,0.14
lig_738,CCC1=CC(C)Oc2cc(C)c(C(=O)N(C)CCC(=O)N3CCNCC3)cc21,-9.38,9,2.442,3.929,0.09
lig_985,CCCN1C2=C(CN(C(=O)CC(C)(C)C(=O)O)C=C2)C(O)c2c(O)cccc21,-9.38,6,2.417,3.216,0.17
lig_1127,CCN(CC(=O)O)C(=O)c1cc2cccc3c2c(n1)C(CN)=C1CCCCN13,-9.38,9,2.858,4.303,0.3
lig_1373,CCc1cc(CC(=O)O)cc2c(N)c(CCN3CCCCC3=O)n(C)c12,-9.38,9,3.166,3.485,0.15
lig_1499,CCc1sc2c(c1C(=O)O)C(=O)C=C(C1=C(CC(=O)O)CN=C1C)C2,-9.38,9,2.663,3.976,0.51
lig_1510,CCn1c(=O)n(C2CCCCC2)c(=O)c2cc(C(=O)O)c(OC)cc21,-9.38,9,3.574,5.684,0.12
lig_1825,COC1=CC2=C3CC(C(=O)O)CCC3C=C3C(=O)C(C(C)C)=CC(=C1)C32,-9.38,9,4.143,7.559,0.43
lig_1878,COc1c(C)c2c(c3cc4n(c13)CCN(CC(=O)O)C4)CCC(O)C2,-9.38,9,3.641,7.266,0.37
lig_1945,COc1cc(CCN2CCC(C(=O)O)CC2)c2c(O)cccc2c1,-9.38,8,2.086,2.82,0.65
lig_2233,Cc1cc(C(=O)O)ccc1C(=O)NC(=O)CCN1CCCCC1=O,-9.38,9,2.887,3.506,0.01
lig_2836,O=C1CC=C2CN(Cc3cccc(C(=O)N4CCCCC4CO)c3)CCN12,-9.38,9,2.597,5.027,0.3
lig_2856,O=C1CCCCN1CCCC1CC(=O)N2C=CCc3cccc1c32,-9.38,9,2.56,3.158,0.48
lig_171,CC(C)(CC(=O)O)c1ccc2cc(C(=O)O)cc(C(=O)O)c2c1,-9.37,9,2.043,3.371,0.05
lig_524,CC1CCN(C(=O)c2c3c(c4ccccc4c2O)CC(C)CO3)CC1,-9.37,9,2.84,4.627,0.54
lig_808,CCC1OC(O)Cn2c1c1c(c(C)c2=O)NC(=O)N(C2CCCCC2)C1,-9.37,9,5.221,7.418,0.78
lig_1053,CCCc1cc(C)cc(NC(=O)C2(C)CCNCC2)c1CC,-9.37,9,2.215,3.513,0.05
lig_1059,CCCc1cc(CC)c2c(c1)c(N)c(CCN1CCCCC1=O)n2C,-9.37,9,2.389,3.578,0.14
lig_1095,CCCc1nc(CC)c2c3c(cnc2c1CCC)CN(CC(=O)O)CC3,-9.37,8,3.565,5.333,0.07
lig_1327,CCc1c2c(OC)cccc2c(C)c(=O)n1CCCN1CCCC(C)C1=O,-9.37,9,2.378,3.955,0.04
lig_1447,CCc1ccc2c(c1)C1CCOC1C1C3CCC4CC(=O)N5CCN(C(=O)N21)C3C5C4,-9.37,6,5.274,6.407,0.07
lig_1750,CNC(=O)c1cc(OC(C)C)c(C)c2[nH]c(CC3CCCC(=O)N3)nc12,-9.37,9,2.244,2.878,0.38
lig_1855,COC1CCCn2c(=O)n(C3CCCCC3)c3c(O)c(C(=O)O)cc1c32,-9.37,2,1.752,1.752,0.05
lig_2798,O=C(O)c1cn(C(=O)C2CCCC2)nc1CCN1CCCCCC1=O,-9.37,9,1.955,2.68,0.64
lig_269,CC(CCN(C)C(=O)c1ccc2c(n1)-c1cc(C(=O)O)ccc1CCO2)C(=O)O,-9.36,9,3.387,5.959,0.05
lig_1007,CCCNC(=O)CN1Cc2cc3c(O)c(OC)cc(C(C)=O)c3cc2CC1=O,-9.36,9,2.739,5.063,0.87
lig_1656,CN1CCc2cc(c[nH]c2=O)C(=O)Nc2ccccc2OCCCCC1=O,-9.36,3,7.114,7.713,2.75
lig_1690,CNC(=O)C1CCCN1C(=O)c1ccc2ccc3c(c2c1)NC(N(C)C)=CC3C,-9.36,9,5.063,7.973,0.19
lig_2346,Cc1cc2ncn3c2c2c(c(=O)n(C(=O)C(C)(C)CO)cc12)CC(C)C3=O,-9.36,6,3.709,5.747,0.29
lig_2562,Nc1ncc(N2C=CCC=C2)cc1Cc1cccc(C(=O)O)c1,-9.36,9,3.047,4.485,0.05
lig_2570,O=C(CC1CCC(N2CCCCC2=O)CC1)NCc1ccncc1,-9.36,9,2.723,3.404,0.23
lig_2867,O=C1CCCN1Cc1cc(N2CCCCC2)cc(C(F)(F)F)c1,-9.36,9,2.951,3.923,0.02
lig_2887,O=C1COc2c3c(c4nccc(N5CCCCC5)c4c2O)CCn2ccc1c2-3,-9.36,9,3.952,10.339,0.48
lig_450,CC1C(CC(=O)O)c2cc3cccc(CCC(=O)O)c3nc2C(=O)N1C,-9.35,9,3.87,7.669,0.14
lig_851,CCCC(=O)N1CCCC(c2cc(CCN(CC)C(C)=O)ccc2O)C1,-9.35,9,2.725,4.384,0.85
lig_887,CCCC(=O)NCc1cnc2c(c1)CC1CCCCC1c1ccccc1-2,-9.35,9,3.078,5.528,1.02
lig_1137,CCN(CC(C)C)c1cc2c(CCN)c3c(cc2cc1O)CCC(=O)N3,-9.35,8,2.077,2.362,0.11
lig_1263,CCOc1cc2c3c(nc(CO)cc3c1)N1C(CCCC1(C)CO)C2,-9.35,7,3.639,11.953,0.05
lig_1641,CN1CCCN(CC(=O)N2CCC(c3csc(C4CCNC4=O)c3)C2)C1=O,-9.35,9,3.956,6.299,0.62
lig_1757,CNC(=O)c1ccc(OC)c(Oc2ccc(C(=O)O)cc2)c1,-9.35,9,2.838,4.457,0.69
lig_1798,COC(=O)c1cc(CC(=O)N2CCCCC2)nc2c1NC(OC(F)(F)F)=CC2,-9.35,9,2.799,4.852,0.18
lig_2217,Cc1c2c3c(n1C)N(Cc1ccn(CCCO)c(=O)c1)CCC3C(=O)C(C)CC2,-9.35,9,2.732,3.961,0.09
lig_2294,Cc1cc2c(cc1C(=O)N(C)CCC(=O)N1CCCCC1)C(=CCO)CC(O)O2,-9.35,9,3.045,5.878,0.52
lig_2302,Cc1cc2c3c(c1)-c1nc(ccc1O)C(=O)N(C)CC1C=CC=C1C1=C(CC2)C13,-9.35,6,6.612,8.517,1.61
lig_2487,Cn1c(=O)c2c(N3CCC4CCCC4C3)c(O)cc3c2n(c1=O)C1CCCC1(C)C3,-9.35,6,4.644,10.244,0.95
lig_2761,O=C(O)c1cc2c3c(c1)n(C1CCCCC1)c(=O)n3CCCC2CO,-9.35,9,3.049,7.935,0.02
lig_223,CC(C)NC(=O)c1cn(CC2CCCC(O)C2)c2c1CC(=O)CC2,-9.34,9,3.471,5.521,0.12
lig_963,CCCCc1cccc(-n2c3c(c4c2CC2CCCC(C(=O)N(C)C)N2C4=O)NCCC3)c1,-9.34,8,4.413,6.385,0.05
lig_1080,CCCc1ccc2c(=O)n(CCNC(C)=O)c(=O)n(CC(C)C)c2c1,-9.34,8,2.459,4.547,0.71
lig_1198,CCNC(=O)c1ccc2c(c1)ncn2C(=O)NC1CCCCC1,-9.34,9,2.411,2.812,0.47
lig_1364,CCc1cc(C)c2ncn(CCCN3CCCCC3=O)c(=O)c2c1,-9.34,9,2.093,2.602,0.16
lig_1541,CN(C)C1Cc2c(ccc3oc(=O)[nH]c(=O)c23)OC(CN2CCCCC2=O)C1,-9.34,9,3.183,7.459,0.17
lig_1936,COc1cc(CC(=O)N(C)C2CCCC2)cc(-c2ccccc2)c1O,-9.34,9,2.594,4.703,0.28
lig_1946,COc1cc(CCN2CCC(C(=O)O)CC2)c2ccccc2c1,-9.34,9,2.592,4.751,0.07
lig_1956,COc1cc(Oc2cccc(C(C)=O)c2)c2oc(C)c(C(=O)O)c2c1,-9.34,9,2.053,2.696,0.01
lig_2227,Cc1cc(=O)n2c3c(cc(O)cc13)C(c1cccc(C(=O)O)c1)C2,-9.34,9,2.363,3.062,0.44
lig_2272,Cc1cc(OC2CCN(C(=O)N(C)CCF)C2)cc2c1CCC(C)(C)O2,-9.34,9,3.556,5.56,0.3
lig_2519,NC(=O)Cc1ncc(C(=O)O)c2ccc(C(=O)N3CCCC(CCO)C3)cc12,-9.34,9,2.71,4.13,0.06
lig_2664,O=C(O)CCOC(=O)c1ccc2cc(C(=O)N3CCCC3)c(O)cc2c1,-9.34,9,1.988,2.718,0.06
lig_785,CCC1CCCC1c1nc(CC(=O)O)c2cc(C)nc(C)c2n1,-9.33,9,2.129,2.688,0.58
lig_917,CCCC1CC=Cc2c(c(CCO)n3c2CCC(CC(=O)O)C3=O)C1,-9.33,6,2.487,3.252,0.32
lig_962,CCCCc1ccc2c(c1)Oc1ccc(N3CCN(C)C(=O)C3)cc1OC2,-9.33,9,2.963,3.654,0.79
lig_970,CCCN(C)C(=O)N1CCC(Oc2cc(C)c3c(c2)OC(C)(C)CC3)C1,-9.33,9,2.132,2.721,0.26
lig_1060,CCCc1cc(CC)cc(CNC(=O)CC2CCCN(C)C2=O)c1,-9.33,9,2.3,2.988,0.56
lig_253,CC(C)c1cccc2c1cc(CN)n2C(=O)CCN1CCCCC1=O,-9.32,9,3.301,4.922,0.09
lig_682,CCC(=O)NCCN1C(=O)N2CCC(C)(C)c3cc4c5c(ccc1c5c32)CCO4,-9.32,7,2.84,6.519,0.68
lig_1084,CCCc1ccc2c(c1)N(C(N)=O)Cc1cc(C(=O)NCC(C)C)cn1C2=O,-9.32,9,3.072,3.798,0.24
lig_1637,CN1CCCCC1C1=NCC(Cc2ccc(CCCC(=O)O)cc2)=C1,-9.32,9,2.328,3.8,0.37
lig_2004,COc1cc2c3c(c1)c(C#N)cc(=O)n3-c1cncc3c1C2CN(CC(=O)O)C3,-9.32,5,2.236,2.549,1.38
lig_2244,Cc1cc(CC(=O)N2CCCC2)c2c(c1O)C=CC(C(=O)O)O2,-9.32,9,5.172,6.477,0.51
lig_514,CC1CCCN(c2cccc(-c3cccnc3)c2)CCCNC(=O)C1,-9.31,9,2.655,3.373,0.26
lig_555,CC1Cc2c(ccn(C(=O)N3CCCC3)c2=O)-c2cc(O)ccc21,-9.31,7,2.703,3.958,1.14
lig_836,CCCC(=O)N(C)CCc1cc(C(=O)Nc2ccccc2)c[nH]c1=O,-9.31,9,1.951,2.416,0.19
lig_1235,CCOc1c2c(c3nccc(N4CCCCC4)c3c1O)CCN(CC)C2=O,-9.31,9,2.521,5.202,0.55
lig_1277,CCOc1ccc2c(c1)-c1c(CCO)c3c(n1CC2)CN1C(=O)CCCC1C3,-9.31,7,2.3,3.492,0.07
lig_1787,COC(=O)N1CCN(Cc2cccc(C(=O)N3CCCCC3CO)c2)CC1,-9.31,9,2.214,2.772,0.56
lig_1958,COc1cc2[nH]c(=O)n(C3CCCCC3)c(=O)c2cc1NC(=O)CO,-9.31,9,2.716,4.07,0.8
lig_2145,Cc1c(CC(=O)O)c(=O)n(C(=O)C(C)C)c2ccc(CC(=O)O)cc12,-9.31,9,2.247,3.13,0.38
lig_2242,Cc1cc(C)cc(-c2nc(C(=O)N(C)CCCC(=O)O)ccc2O)c1,-9.31,9,2.477,3.489,0.02
lig_2455,Cc1nc(N)c(CNc2ccccc2C(=O)O)cc1CC(C)C,-9.31,9,2.532,3.506,0.38
lig_2802,O=C(O)c1cnc2c3c1NC(C(=O)N1CCCCC1)=CN3C=CC2O,-9.31,9,2.613,5.38,0.16
lig_456,CC1C=C(O)C(C(N)=O)=C2CN(CCC3CCCC(C(=O)O)C3)CC=C21,-9.3,9,2.577,3.582,0.06
lig_587,CC1Oc2c(C(=O)NCC(=O)CC(C)(C)C)cccc2C(C)C1=O,-9.3,9,3.26,6.35,0.82
lig_704,CCC(C)n1c(=O)[nH]c(=O)c2c3c(ccc21)C=C1OC(C)=C=C1N3CC,-9.3,9,2.488,4.293,0.07
lig_708,CCC(C)n1c(=O)ccc2c(N3CC(C)CCC3=O)cc(CO)cc21,-9.3,9,2.689,9.164,0.48
lig_956,CCCCc1cc2c(CO)cc(CCN3CCNCC3=O)cc2cn1,-9.3,9,2.281,3.024,0.09
lig_1068,CCCc1cc2c(CCO)nc(C(=O)N3CCCCC3)c3c2n(c1=O)CCC3,-9.3,7,2.507,5.064,0.16
lig_1163,CCN1C2=CC(OC)C(O)=C(C)C2=Nc2c(CN(C)C(=O)C3=CN(C)C(=O)C3)cccc21,-9.3,8,4.025,7.193,0.68
lig_2560,Nc1nc2c3c(n1)NC(C(=O)N1CCCCC1)CC3CCC2,-9.3,9,3.178,5.239,0.57
lig_2605,O=C(N1CCCC1)n1cc(C2=CC(O)C=C(O)C2O)c2ccccc21,-9.3,9,4.454,6.443,1.23
lig_050,CC(=O)N1CCc2c(cccc2NC(=O)CCN2CCCCC2=O)C1,-9.29,9,2.738,3.518,0.57
lig_053,CC(=O)N1CN=C(N2CCCC2)c2cc3c(nc21)-c1c(C)cccc1OC3O,-9.29,8,7.159,12.43,0.12
lig_495,CC1CCC2=CC3CC(N4CCCCC4=O)CCC3n3c2c1c(=O)n(C)c3=O,-9.29,9,2.624,4.581,0.01
lig_707,CCC(C)n1c(=O)cc2c3c4c(ccc31)NC(C1CC=NC1)=CN4C(C)=CC2,-9.29,5,2.724,3.326,0.37
lig_928,CCCCC(=O)NC(=O)c1cc(Cl)cc2cc(C(=O)O)cnc12,-9.29,9,2.671,3.611,0.36
lig_1196,CCNC(=O)Cc1cccc(C(=O)NCc2ccccc2CO)c1,-9.29,9,2.288,3.204,0.43
lig_1304,CCc1c(C)nc2c3c1NC(C(=O)N1CCCCC1)=NC3C=NC2=O,-9.29,9,2.429,4.925,0.24
lig_1377,CCc1cc(CCC(=O)NCCC(=O)N2CCCCC2)cc(C)c1O,-9.29,9,1.694,2.125,0.36
lig_1658,CN1CCn2c(=O)n(C3CCCCC3)c3cc(C(=O)O)cc(c32)C1=O,-9.29,9,4.101,10.305,0.16
lig_2184,Cc1c(O)ccc(C(C)O)c1Oc1cc(O)c2c(c1)CCN(CC(C)C)C2=O,-9.29,9,2.948,4.361,0.43
lig_2575,O=C(CCN1CCCCC1=O)Nc1cccc(CN2C=CC(CO)C2)c1,-9.29,9,2.599,3.09,0.55
lig_2869,O=C1CCCN1Cc1cc(N2CCOCC2)cc(C(F)(F)F)c1,-9.29,9,2.839,3.727,0.32
lig_2900,O=C1NCC2CC(C(=O)N3CCCCC3)Nc3c2c1nc1ccccc31,-9.29,9,4.228,9.865,1.49
lig_113,CC(=O)c1ccc2c(c1)c(=O)n(CCCN1CCCCC1=O)c(=O)n2C,-9.28,9,1.961,2.424,0.19
lig_308,CC1(C)CC2=Cc3cc(C(=O)O)c4cccc5c4c3C2N1C(=O)CC5,-9.28,8,3.467,6.096,0.03
lig_1034,CCCc1c(C(=O)O)c(O)cn(CC2CCN3C(=O)CCCCC3C2)c1=O,-9.28,9,3.582,6.152,0.79
lig_1229,CCOc1c(OC)cc2c3c1C=C(C(C)C)C(=O)C=3NC1CCC(C(=O)O)CC=21,-9.28,5,2.422,3.432,0.81
lig_2525,NC(=O)c1cc2c3c(c1)C(CCO)OC=C3CCC2,-9.28,9,2.411,2.78,0.04
lig_001,C=C(C)c1cc(C(=O)O)nc2c1C=CCN2C(=O)CCN(CC)C(=O)c1ccc(O)cc1,-9.27,9,2.338,3.034,0.1
lig_042,CC(=O)N1C=CC(C(=O)O)c2cc(O)c3c(N4CCCCC4)cccc3c21,-9.27,9,4.896,7.822,1.51
lig_161,CC(C)(C)c1ccc(C(=O)O)c(CCN2CCC(C(=O)O)CC2)c1,-9.27,9,2.542,3.805,0.21
lig_849,CCCC(=O)N1CCCC(N2C=c3c(ncc4c3=CN(C)C4C)NC2=O)C1,-9.27,9,2.455,3.275,1.01
lig_1113,CCN(C(=O)c1cccc(C)c1)c1cc2c(cc1O)-n1cc(C)c(=O)c(C(=O)O)c1CC2,-9.27,9,2.959,4.245,0.75
lig_1375,CCc1cc(CC)c2ncn(CCCN3CCCCC3=O)c(=O)c2c1,-9.27,9,1.931,2.389,0.23
lig_1751,CNC(=O)c1cc(OC)cc2c(O)c(CC(=O)O)ccc12,-9.27,9,2.436,3.715,0.44
lig_1836,COC1=CCc2c(C)cc(CCC(=O)NC(C)(C)C)cc2N1C,-9.27,9,2.123,2.484,0.41
lig_1960,COc1cc2[nH]c(=O)n(C3CCCCC3)c(=O)c2cc1OCC(C)O,-9.27,9,2.199,3.354,0.48
lig_2547,NCc1cc2c(C(=O)O)nccc2n1C(=O)C1CC2CCCC(=O)N2C1,-9.27,9,3.725,5.358,0.38
lig_1494,CCc1nc2cc(C(F)(F)F)ccc2n1CCCN1CCCC(C)C1=O,-9.26,9,3.132,5.166,0.14
lig_1722,CNC(=O)CN1Cc2ccc(CN3CCC(CC(=O)O)C3=O)cc2C2(CCCC2)C1,-9.26,9,3.689,7.495,0.59
lig_2114,COc1ccc2nc(CC(=O)N3CCCCC3)cc(C(=O)O)c2c1,-9.26,9,2.209,2.824,0.05
lig_2511,NC(=O)C1=C2CN(CCC3CCCC(C(=O)O)C3)CC=C2C(=O)C=C1O,-9.26,9,1.767,2.273,0.13
lig_024,C=CC1=CCN(C(CC)CC2CCC(N3CCC(C)CC3=O)CC2)C1=O,-9.25,9,2.547,3.661,0.18
lig_099,CC(=O)NCc1cc(C)ncc1-c1ccc(C(C)C(=O)O)cn1,-9.25,9,4.916,7.988,0.08
lig_181,CC(C)(O)c1cc(CCO)c2c(n1)C=CN(C1(C)CCCCC1)C2,-9.25,6,1.984,2.191,0.18
lig_624,CC=CC1=C2C=CC(C(=O)O)C=C2C(CC)C=C1NC(=O)CN1CCCCC1=O,-9.25,9,2.695,6.178,0.07
lig_793,CCC1CCc2c(nc3c4c(ccnc24)N(C(=O)C(C)(C)C)C=C3C(=O)O)C1,-9.25,9,2.627,4.344,0.13
lig_1028,CCCOc1cc2c(=O)n(C)c(=O)n(C3CCCC(C(=O)O)C3)c2cc1O,-9.25,9,2.485,4.802,0.36
lig_1094,CCCc1nc(=O)c(C)c2n1CCC(CCN1CCCCC1=O)C2,-9.25,9,2.273,3.448,0.11
lig_1209,CCOC(=O)N1Cc2c(C)c(CN3CCCC3=O)cn2C(=O)C2CCCC21,-9.25,5,3.537,5.561,1.17
lig_1473,CCc1cnc(N2CC3C(=C4CC=CC=C4CC3C(=O)O)CC2=O)cc1C(=O)O,-9.25,9,2.931,4.121,0.7
lig_1514,CCn1c(C(=O)O)cc2c3c(ccc2c1=O)CN(CC(=O)O)CC3,-9.25,9,2.048,2.463,0.66
lig_1782,COC(=O)Cc1cc(O)c2c3c1C(=O)CCCn3c(=O)n2C1CCCCC1,-9.25,8,2.805,5.46,0.06
lig_1866,COCCc1cc(OC)c(C)c2[nH]c(=O)n(C3CCCCC3)c(=O)c12,-9.25,9,3.124,7.733,0.37
lig_1992,COc1cc2c(n3nc(CCN4CCCCC4=O)c(CO)c13)CCCC2,-9.25,9,2.588,3.285,0.02
lig_2321,Cc1cc2c3c4c(c(=O)n(C(=O)C(C)(C)CO)cc14)CCC1CCC(C2O)N31,-9.25,5,3.974,6.729,0.04
lig_2359,Cc1ccc(O)c2c1CN(C(=O)CCC(C)C(=O)O)CC2C,-9.25,9,2.426,3.881,0.54
lig_2561,Nc1ncc(-n2cccc2)cc1Cc1cccc(C(=O)O)c1,-9.25,9,3.319,4.795,0.27
lig_2626,O=C(O)C1CCC2N(C1)C(=O)c1ccc3c4c1N2CCCC4C(=O)CC3,-9.25,9,5.517,7.783,0.37
lig_2703,O=C(O)CNC(=O)c1ccc2c(c1)ncn2C(=O)NC1CCCCC1,-9.25,9,2.316,3.084,0.06
lig_2797,O=C(O)c1cccc2nc(NC(=O)C3CCCCC3)ncc12,-9.25,9,2.286,2.718,0.55
lig_2857,O=C1CCCCN1CCCC1CC(O)=C2C=C=Cc3ncnc1c32,-9.25,9,3.368,8.101,0.75
lig_033,CC(=O)N(C(=O)CCc1cnn(C)c1)c1cccc(C(=O)N2CCCC2)c1,-9.24,9,2.657,4.896,0.09
lig_465,CC1C=Cc2c(cc(Cc3ccn(CC(=O)O)c3)cc2C(=O)O)O1,-9.24,9,2.5,3.091,0.23
lig_1563,CN(Cc1cn(Cc2ccccc2)c2ccc(Cl)cc12)C(=O)CCO,-9.24,9,3.5,6.22,0.23
lig_1603,CN1CC(CNC(=O)CCc2cncc3c2CCC(C)(C)C3)CC1=O,-9.24,9,2.365,3.117,0.05
lig_2491,Cn1c(=O)c2c3n(c1=O)C1CCC(N4CCCCC4=O)CC1CC3CC(C(=O)O)=C2,-9.24,9,4.771,7.884,1.04
lig_2503,Cn1cc2c(n1)c1ccc(O)cc1c(=O)n2CC1CCN2C(=O)CCCCC2C1,-9.24,9,2.806,3.74,0.34
lig_2681,O=C(O)CN1CCc2c(cnc3c4c(nc(CO)c23)C(C(=O)O)CCC4)C1,-9.24,5,3.114,3.796,2.25
lig_2782,O=C(O)c1cccc(-n2ccc3c2C=CC2CCC(C(=O)O)N2C3=O)c1,-9.24,9,2.306,3.671,0.08
lig_2844,O=C1CCCCCOc2ccc3cc(C(=O)N4CCCC4)cc(c3c2)NCCO1,-9.24,9,4.302,7.414,0.49
lig_1048,CCCc1cc(C(C)=O)n2nc(CCN3CCCCC3=O)c(CO)c2c1,-9.23,9,2.293,3.553,0.79
lig_1440,CCc1ccc2c(C(=O)O)c3n(c(=O)c2c1N(C)C)C1CCCCC1(C)CC3,-9.23,9,6.849,11.461,0.46
lig_1781,COC(=O)CN1Cc2c(nc3ccccc3c2CNC(C)=O)C(C)C1,-9.23,9,4.464,11.991,0.7
lig_1813,COC(=O)n1cc(Cc2ccc(O)c(C(=O)O)c2)cc(C(=O)O)c1=O,-9.23,9,2.993,3.844,0.33
lig_2506,Cn1ccc2c(CN3CCC(C(N)=O)CC3)cccc2c1=O,-9.23,9,2.206,2.903,0.09
lig_2574,O=C(CCN1CCCCC1=O)NC(=O)c1ccc(C(=O)O)cc1,-9.23,9,2.675,3.886,0.34
lig_2634,O=C(O)CC1CCC2=Cc3ncc4c(c3CN2C1=O)OCCC4=O,-9.23,9,2.307,3.143,0.1
lig_2868,O=C1CCCN1Cc1cc(N2CCNCC2)cc(C(F)(F)F)c1,-9.23,9,2.969,4.006,0.47
lig_235,CC(C)c1cc(C(=O)O)cc2c(CO)c(CCN3CCCCC3=O)nn12,-9.22,7,2.366,2.839,0.68
lig_563,CC1Cc2cccc(C(=O)NC3CCCC3C)c2CN(C)C1=O,-9.22,9,2.519,4.29,0.09
lig_936,CCCCC1CCC2=C(C=C3CCC4C(=C3C2)CCN4CC(=O)O)C1,-9.22,9,3.07,4.374,0.12
lig_1226,CCOc1c(C)ccc2c1CCN(C(=O)c1ccccc1)C2,-9.22,9,3.168,9.731,0.33
lig_1441,CCc1ccc2c(C(=O)O)c3n(c(=O)c2c1N(C)C)C1CCCCCC1(C)CC3,-9.22,9,6.873,11.557,1.18
lig_1500,CCc1sc2c(c1C(=O)O)C(=O)N1CC=c3cccc4c3=C1C2C(CCO)=C4,-9.22,6,5.704,7.679,0.47
lig_1525,CN(C)C(=O)CC1CCC2CC3CCC(=O)C3CC(C(=O)O)CC2C1O,-9.22,7,3.211,4.409,1.63
lig_1655,CN1CCc2cc(C(=O)O)cc(CN3CCCCC3=O)c2C1,-9.22,7,2.694,6.67,0.38
lig_1809,COC(=O)c1cccc(Cc2ccc(OC)cc2)c1,-9.22,9,3.679,4.84,1.07
lig_2275,Cc1cc(OCc2cnnc3cc(F)ccc23)ccc1CCCC(=O)O,-9.22,9,3.2,4.742,0.05
lig_537,CC1CCc2c(cc(Cc3ccn(CC(=O)O)c3)cc2C(=O)O)O1,-9.21,9,2.319,2.935,0.73
lig_554,CC1Cc2c(cc(C(=O)O)c3ccccc23)N2C(=O)C(CC(=O)O)CC12,-9.21,9,3.306,6.375,0.32
lig_856,CCCC(=O)N1CCCC(n2cc(-c3cc(Cl)cc(CC)c3)[nH]c2=O)C1,-9.21,9,2.184,3.109,0.12
lig_965,CCCCc1nc(CO)c2c3c(cnc2c1C)CN(CC(=O)O)CC3,-9.21,9,2.56,3.402,0.6
lig_996,CCCNC(=O)C1CCC2=C3C4C5=C(CC(C(=O)O)=C5C2=O)C(=O)CC4CCN31,-9.21,8,4.396,7.49,0.51
lig_1033,CCCc1c(C#N)c2ccccc2c(=O)n1CCCN1CCCC(C)C1=O,-9.21,7,2.388,3.576,1.13
lig_1064,CCCc1cc(O)c2c3c1C(=O)N(C(=O)CC(C)(C)C(=O)O)C3CCCC2O,-9.21,8,3.152,6.08,0.04
lig_1154,CCN(CCC(=O)N1CCC(=O)c2c1cc(C(=O)O)c(O)c2C)C(=O)c1ccc(O)cc1,-9.21,9,2.065,2.539,0.03
lig_1411,CCc1cc2c(cc1OC)N(C)C=CN2C1C=C2CCCC(=O)N2C1,-9.21,9,3.104,4.287,0.32
lig_1538,CN(C)C(=O)c1cc2c(n(C)c1=O)CC1CCC(C(=O)O)CC1(C)C2,-9.21,9,3.784,5.869,1.24
lig_1564,CN(c1ccc(O)cc1)c1ccc2c(c1)c(CN)c(O)c(=O)n2C,-9.21,9,2.24,2.872,0.6
lig_2607,O=C(NCC1=CCC(O)c2ccccc21)C(F)(F)F,-9.21,9,3.877,5.81,0.41
lig_310,CC1(C)CCC(=O)N1C(=O)Nc1c(CCN)ccc2ccccc12,-9.2,8,2.883,4.008,0.3
lig_629,CC=CC1=C=C(C(=O)N(C)CCC)Nc2ccccc21,-9.2,9,2.753,3.829,0.09
lig_675,CCC(=O)NC(=O)c1ccccc1NC(=O)CCN1CCCCC1=O,-9.2,9,2.4,4.299,0.23
lig_937,CCCCC1CCc2c(cc(C(=O)O)cc2CN2CCCCC2=O)C1,-9.2,9,3.254,5.942,0.37
lig_1065,CCCc1cc(OC)c(C)c2c1CN(C1CCCCC1)C(=O)N2,-9.2,9,2.401,2.911,0.24
lig_1086,CCCc1ccc2c3c1C(=O)N(C(=O)CC(C)(C)C(=O)O)C3CCCC2O,-9.2,9,2.283,3.921,0.23
lig_1237,CCOc1cc(C(=O)N(C)C)c2nc(CC3CCCC(=O)N3)[nH]c2c1C,-9.2,9,3.367,4.711,1.22
lig_2100,COc1ccc2c3c1CCC1CCC(CCC(N)=O)CC1C3N=C2C(=O)O,-9.2,8,4.507,7.32,0.24
lig_2435,Cc1ccccc1NCc1cc(CC(C)C)c(C)nc1N,-9.2,9,2.175,3.367,0.25
lig_2588,O=C(CCO)NCc1cnc2c(c1)Cc1cc(O)ccc1-c1ccccc1-2,-9.2,9,4.903,6.88,0.79
lig_429,CC1=NN=NC1Cc1cnc2c(c1)CC(=O)N2Cc1[nH]ccc1C,-9.19,9,2.7,3.566,0.39
lig_973,CCCN(C)C(=O)c1c(O)c2c(c3ccc(C(=O)OC)nc13)OC(C)(C)CC2,-9.19,9,4.159,7.381,0.95
lig_1258,CCOc1cc2c(c3c(O)cc(C(=O)O)cc13)CC1CCC(C(=O)O)CN21,-9.19,9,3.18,6.457,0.09
lig_1518,CCn1ccc(=O)n(-c2ccc3c4c(ccc3c2)CCCN(C(=O)CCN)C4)c1=O,-9.19,9,3.064,3.472,0.48
lig_1886,COc1c(CN)cc2c(CCCC(=O)N3CCCCC3)cn(C)c2c1C,-9.19,9,2.05,2.751,0.06
lig_035,CC(=O)N(C)c1cc(CN2CCCC2=O)cc(C(F)(F)F)c1,-9.18,9,2.817,3.521,0.19
lig_126,CC(C(=O)O)N(C)c1cc2c3c(cccc3c1)OCC2O,-9.18,9,2.547,4.262,0.04
lig_274,CC(O)C1=CN(CCCN2CCCCC2=O)C(=O)N2c3ccccc3CC12,-9.18,9,3.808,10.004,0.05
lig_345,CC1=C(C)C(=O)N2Cc3ccc(OC(C)C(=O)O)cc3C(CN)=C2C1,-9.18,9,1.985,2.447,0.16
lig_512,CC1CCCN(CCCn2c(CCO)cc3ccccc3c2=O)C1=O,-9.18,9,2.117,4.537,0.3
lig_839,CCCC(=O)N1CCC(n2c(=O)n3c4c(c(O)c(CO)cc42)CCCC3)C1,-9.18,9,2.228,3.427,0.16
lig_1221,CCOC1CCCn2c(=O)n(C3CCCCC3)c3c(O)c(C(=O)O)cc1c32,-9.18,9,2.34,6.466,0.52
lig_1993,COc1cc2c3c(c(C(=O)O)n4c3c1OCC1=CC(C(=O)O)C=C14)CCN(CC(=O)O)C2=O,-9.18,5,3.889,6.481,0.57
lig_2627,O=C(O)C1CCCC2(CCN3CCc4c(O)cc(O)c5c(O)cc(c3c45)O2)C1,-9.18,5,3.42,5.252,1.86
lig_854,CCCC(=O)N1CCCC(n2cc(-c3cc(CC)c(O)c(CO)c3)[nH]c2=O)C1,-9.17,9,2.462,4.731,0.16
lig_907,CCCC1CC(C)(C)Oc2c3c4c(c(=O)n21)C(O)CC(O)C4C(=O)C(C)=C3,-9.17,7,4.003,7.058,1.26
lig_988,CCCN1CC(C)(C)Cc2c(cc(C(=O)O)c3ccc(OC)cc23)C1=O,-9.17,9,3.001,6.643,0.31
lig_1006,CCCNC(=O)CN(C)c1ccc2c3c1ccc(=O)n3CN(C(C)OC)C(=O)C2,-9.17,9,3.454,7.388,0.19
lig_1223,CCOC1CCc2nc(CC(=O)N3CCCCC3)cc(C(=O)O)c2N1,-9.17,9,2.31,3.304,0.55
lig_1301,CCc1c(C)c(C)n2c(=O)n(CCCN3CCCCC3=O)cc(C)c12,-9.17,9,2.689,6.969,0.33
lig_1353,CCc1cc(C(=O)O)cc2c(=O)n(CCCN3CCCCC3=O)cnc12,-9.17,9,2.051,2.709,0.04
lig_1428,CCc1ccc(-c2cnc3c4c2C=C(C(=O)O)CN4C(C(C)(C)C)C(O)C3)cc1,-9.17,5,4.914,6.433,1.19
lig_1987,COc1cc2c(cc1O)CN(C(=O)C1CCCCN1C(=O)CCN)c1ccccc1-2,-9.17,9,5.033,10.463,0.16
lig_2559,Nc1nc2c3c(n1)NC(C(=O)N1CCCCC1)=CC3CCC2,-9.17,9,2.458,3.026,0.03
lig_396,CC1=CCOCCCOc2ccc3c(c2)C(=NC1=O)NC(=O)N3C1CCCC1,-9.16,8,5.967,11.407,0.6
lig_718,CCC(CC1CCC(N2CCC(C)CC2=O)CC1)N1CCC(O)C1=O,-9.16,9,2.182,3.191,0.09
lig_766,CCC1C=c2c(c(C)cc3c4c(ccc23)CCN(C(=O)CN(C)C)C4)=NCC1,-9.16,6,4.301,6.972,1.21
lig_982,CCCN(Cc1cccc(C(=O)NC2C=C(C(=O)O)C(C)(C)C2)c1)C(C)=O,-9.16,9,2.005,2.325,0.42
lig_1218,CCOC1=CCc2nc(CC(=O)N3CCCCC3)cc(C(=O)OC)c2N1,-9.16,9,2.141,2.605,0.16
lig_1506,CCn1c(=O)n(C2CCCCC2)c(=O)c2c(OC)cc(C(C)(C)O)cc21,-9.16,7,1.926,2.771,0.05
lig_1853,COC1CC(O)=C(C)c2cccc(CN3CCC(C(N)=O)CC3)c21,-9.16,9,2.974,4.804,0.47
lig_2706,O=C(O)CNc1cccc2c(CCCc3ccccc3)nc(=O)[nH]c12,-9.16,9,2.715,3.644,0.14
lig_221,CC(C)N1CCC(=O)C(CN2CCc3ccc(C(=O)O)cc3C2)C1,-9.15,8,2.728,6.115,0.11
lig_300,CC1(C)CC(CC(=O)O)n2c(c3c4c(c2=O)C(O)CC(O)C4CCC3)O1,-9.15,7,5.767,9.621,0.23
lig_635,CC=CC1=Cc2c(c3n(c(=O)c2CC)CCC(CC(=O)O)C3)CC1CO,-9.15,9,3.148,7.337,0.45
lig_667,CCC(=O)N1CCC(CNc2c(C)c(O)cc3c2CCCC3)C1,-9.15,9,2.164,3.007,0.08
lig_1063,CCCc1cc(NC(=O)CN2CCCCC2=O)c(CC)cc1C(=O)O,-9.15,9,2.362,3.875,0.31
lig_1954,COc1cc(O)cc2cccc(CN3CCC(C(N)=O)CC3)c12,-9.15,9,2.283,3.934,0.04
lig_2040,COc1ccc(C(=O)N2CCc3cc(C(=O)O)ccc32)c(C)c1C(=O)O,-9.15,9,3.319,6.372,0.04
lig_2120,COc1cccc2c1N(CC1CCC3CCC(C)C(=O)N3C1)CCC2=O,-9.15,8,3.199,6.005,0.46
lig_2419,Cc1cccc(O)c1Oc1cc2ccc3c(c2cc1CN)CN(C(=O)CCN)CCC3,-9.15,9,4.963,10.702,0.28
lig_241,CC(C)c1cc2c(cc1OC(F)(F)F)CC1CCC(C(=O)O)CN1C2=O,-9.14,9,4.375,6.523,0.88
lig_482,CC1CC2C(C)C(=O)N3C=C(CCN4CCCC4=O)C(O)=CC3N2C1,-9.14,9,2.657,3.957,0.43
lig_1035,CCCc1c(CC(=O)O)nc(CC)c2c3c(cnc12)CN(CC(=O)O)CC3,-9.14,9,2.363,4.799,0.29
lig_1051,CCCc1cc(C)c2c(c1)c(N)c(CCN1CCCCC1=O)n2C,-9.14,9,2.313,3.144,0.24
lig_1314,CCc1c(O)c(C(=O)N2CCC(C)CC2)c2c(c1CNC(=O)c1ccoc1)CCCO2,-9.14,9,3.279,6.586,0.02
lig_1400,CCc1cc2c(cc1C(=O)O)-c1cccc(OC)c1C=C(C(=O)O)O2,-9.14,9,3.162,5.666,0.37
lig_1828,COC1=CC=C(C)CNc2ccc(C(=O)N3CCCC3)cc2CNC(=O)CC1,-9.14,9,2.591,3.433,0.85
lig_2031,COc1ccc(-c2c(O)c(OC)cc3c2CCN(C)C3=O)cc1,-9.14,9,2.89,5.336,0.08
lig_2042,COc1ccc(C(=O)NC2CC(C(C)=O)C2)cc1CNC(=O)C(F)(F)F,-9.14,9,2.928,4.83,0.75
lig_2180,Cc1c(O)cc2c3c1Nc1cccc(OC(F)(F)F)c1N=C3C=CC2,-9.14,9,5.447,9.736,0.2
lig_036,CC(=O)N1C=C(C)Oc2ccc(C3CCN(CC(=O)O)C3)cc21,-9.13,9,2.5,2.999,0.2
lig_825,CCC=C1c2cc3cccc(CCC(=O)O)c3nc2C(=O)NC1C,-9.13,9,3.594,7.009,0.15
lig_978,CCCN(C)C(=O)c1cccc2c(NC3CCCN(C)C3=O)ccnc12,-9.13,9,1.929,2.906,0.44
lig_1148,CCN(CCC(=O)N1CC=Cc2c(OC)cc(C(=O)O)cc21)C(=O)c1ccc(O)cc1,-9.13,9,2.33,2.985,0.23
lig_1280,CCOc1ccc2c3c(cc(C(=O)O)cc13)N(C1CCCC(C(=O)O)C1)C(=O)N2C,-9.13,9,3.035,5.273,0.16
lig_1503,CCc1sc2c(c1C(=O)O)C(=O)N1CC=c3cccc4c3=C1C2C(CN)C4,-9.13,9,4.578,11.647,0.48
lig_1565,CN(c1ccc(O)cc1)c1ccc2c(c1)c(CO)c(O)c(=O)n2C,-9.13,9,2.512,3.156,0.45
lig_2103,COc1ccc2c3c1c(N)c(CCN1CCCCC1=O)n3CCCC2O,-9.13,9,2.53,5.232,0.02
lig_2461,Cc1nc2c3c(n1)C1CC1N(C(=O)N1CCCC1)CC3CCC2O,-9.13,8,3.455,5.403,1.56
lig_824,CCC=C1N=C2CC(=O)NCN2c2c1ccc1c2CC(C(=O)O)C1(C)C,-9.12,6,6.009,7.145,1.65
lig_1011,CCCNC(=O)Cc1ccc2c(c1)nc1n2C(=O)C2C=CC=CC2C1CC(=O)O,-9.12,9,3.57,6.107,0.79
lig_1032,CCCc1c(=O)nc2n3c(cc(O)cc13)CC1(CCCC(C(=O)O)C1)CC2,-9.12,9,4.422,9.847,0.67
lig_1295,CCc1c(=O)n(Cn2cccc2)cc2c(=O)cc(C3CCCC3)[nH]c12,-9.12,9,2.204,3.599,0.08
lig_1326,CCc1c2c(O)c(C)ccc2c(C)c(=O)n1CCCN1CCCC(C)C1=O,-9.12,9,1.862,2.348,0.23
lig_1871,COCc1ccc2cc(CN3CCCC3=O)cc(CO)c2c1,-9.12,9,2.529,3.409,0.07
lig_1961,COc1cc2c(=O)n(C)c(=O)n(C3CCCC(C(=O)O)C3)c2cc1O,-9.12,9,4.506,10.222,0.33
lig_2161,Cc1c(CN(C)C2(C)CCC(CC(N)=O)C2)ccc(C(=O)N(C)CC(F)(F)F)c1O,-9.12,9,4.271,5.05,0.38
lig_2298,Cc1cc2c(cc1CCN(C)C1CCCC1)CN(C)CC2,-9.12,9,1.845,2.485,0.1
lig_2454,Cc1nc(N)c(CNc2ccccc2)cc1CC(C)C,-9.12,9,2.415,3.067,0.47
lig_2892,O=C1N=CCc2cc3c(cc21)c(C(=O)O)cn3C(=O)N1CCCCC1CO,-9.12,8,7.763,13.313,1.01
lig_104,CC(=O)Nc1cccc2c(=O)n3c(cc12)CCC(NC(C)=O)C3,-9.11,9,3.077,6.129,0.26
lig_394,CC1=CCN(C(C)CC2CCC(N3CCC(C)CC3=O)CC2)C=C1,-9.11,9,2.386,2.767,0.06
lig_1386,CCc1cc(O)c2c(=O)n(C(=O)CC(C)(C)C(=O)O)cc(C(=O)O)c2n1,-9.11,8,2.474,4.318,0.42
lig_1459,CCc1ccc2nc(CC(C)CC(=O)O)c(C)c(C(=O)O)c2c1,-9.11,9,3.916,7.848,0.16
lig_1694,CNC(=O)CC1CCC(C2CCc3cccc(CC(=O)O)c3S2)CC1,-9.11,9,2.122,2.714,0.01
lig_1964,COc1cc2c(CC(=O)O)nc(-c3ccccc3)nc2c(C)n1,-9.11,9,2.587,3.457,0.08
lig_2125,COc1cccc2c1c(CN1CCCC1=O)cn2Cc1ccccc1F,-9.11,9,3.599,6.726,0.54
lig_373,CC1=CC(CO)CN1Cc1cccc(NC(=O)CCN2CCCCC2=O)c1,-9.1,9,2.101,2.778,0.05
lig_453,CC1C(c2cccc(C(=O)O)c2)c2ccc3c4c2N1CCC4OC=C3,-9.1,9,5.178,6.573,1.28
lig_943,CCCCN(C)Cc1ccn2c(=O)n(C3CCCCC3)c(CCC(N)=O)c2c1,-9.1,9,2.538,4.137,0.46
lig_1013,CCCNC(=O)c1ccc(CCC(=O)NCc2c(C)c(C)nc3cccnc23)cc1,-9.1,9,2.473,3.107,0.03
lig_1139,CCN(CC(C)C)c1cc2c(cc1O)CC(=O)c1cc(O)c(OC)cc1-2,-9.1,9,2.318,5.004,0.89
lig_1271,CCOc1ccc2c(=O)n(CCN3CCCCCC3=O)c(C(F)F)nc2c1,-9.1,9,2.494,3.44,0.76
lig_1384,CCc1cc(CNC(=O)CC2CCCN(C)C2=O)cc(CC(=O)O)c1,-9.1,9,2.032,2.602,0.12
lig_1424,CCc1cc2cc(OC)ccc2c(=O)n1C(=O)CCC(=O)O,-9.1,9,2.156,2.839,0.05
lig_1492,CCc1nc2c(C)c(O)ccc2n1CCCN1CCCC(C)C1=O,-9.1,9,2.466,5.058,0.6
lig_1640,CN1CCCN(CC(=O)N2CCC(c3csc(C4CCCNC4=O)c3)C2)C1=O,-9.1,9,2.928,3.651,0.19
lig_2028,COc1cc2ccccc2n2nc(CCN3CCCCC3=O)c(CO)c12,-9.1,9,2.465,3.539,0.11
lig_2139,Cc1c(C(=O)O)ccc2c1c(=O)nc(Cc1ccccc1)n2CCO,-9.1,9,2.268,3.781,0.29
lig_2916,O=c1[nH]c2cc3c(cc2c(=O)n1C1CCCCC1)OC(CO)CCOC3,-9.1,9,3.142,5.347,0.13
lig_297,CC1(C)C(O)Cc2ccc(C3CCCO3)c3c2N1CC3,-9.09,9,2.114,3.865,0.0
lig_498,CC1CCC2C(C)C(=O)N3C=C(CCN4CCCC4=O)C(O)=CC3N2C1,-9.09,9,3.057,7.284,0.94
lig_827,CCC=C1c2nc3cc(C)cnc3n2CC2CC(CC(=O)NC)CCC12,-9.09,9,3.631,4.482,0.23
lig_2090,COc1ccc2c(c1CC(=O)O)OCc1c-2cc2c(c1C(=O)O)CCCC2=O,-9.09,9,3.188,7.339,0.72
lig_2102,COc1ccc2c3c1c(N)c(CCN1CCCCC1=O)n3CCC=C2,-9.09,9,1.973,2.297,0.02
lig_2896,O=C1NC(O)Cc2c1cc(C(=O)O)c1ncn(CC3CCCC(C(=O)O)C3)c21,-9.09,9,4.184,6.579,0.36
lig_225,CC(C)NC(=O)c1cn(CC2CCCC(O)C2)c2c1CC(=O)NC2,-9.08,9,4.04,6.367,0.09
lig_774,CCC1CC(CCO)Oc2c(C(=O)NCC(=O)CC(C)(C)C)cccc21,-9.08,9,1.95,2.543,0.05
lig_1200,CCNC(=O)c1ccc2ccc(C(=O)NCC(=O)O)c(CC)c2c1,-9.08,9,2.304,3.193,0.04
lig_2118,COc1cccc2c1CCN(C(=O)c1ccccc1)C2,-9.08,9,2.554,3.3,0.12
lig_2425,Cc1cccc2c1CCCCCCOc1cccc(c1)CC(=O)N2,-9.08,9,5.495,8.885,0.01
lig_2736,O=C(O)c1cc(CCN2CCCCC2=O)cc(C2CCCC2)c1O,-9.08,9,2.733,3.71,0.04
lig_2882,O=C1CCc2ccc(O)c3c2OC(=C3)CC2CCCCN2C(=O)CCN1,-9.08,7,6.948,9.909,1.84
lig_222,CC(C)NC(=O)c1cc(CN2CCOCCC2=O)cc2c1OCC(=O)CC2,-9.07,9,3.379,4.992,0.61
lig_954,CCCCc1cc(OC)cc2c(O)c(CC(=O)O)ccc12,-9.07,9,2.341,3.249,0.48
lig_1076,CCCc1ccc(C(N)=O)c2c1CC(=O)C(CCC(=O)O)C2,-9.07,9,2.64,3.639,0.15
lig_1469,CCc1cn2c(=O)c3ccc4c(c3cc(OC)c2n1)CCN(CC(=O)O)C4,-9.07,9,2.813,4.356,0.66
lig_2460,Cc1nc2c3c(c1C(=O)O)NC(C(=O)N1CCCCC1)=CC3C=NC2=O,-9.07,9,2.992,4.961,0.29
lig_2818,O=C1C=C2C=C(O)C(O)=CC2CN1C1CCCN2C(=O)CCC2C1,-9.07,9,2.041,2.468,0.14
lig_2854,O=C1CCCCN1CCC1CC(=O)N2C3=CC=CC4C=COC(=C34)C(O)C2C1,-9.07,9,1.957,2.327,0.02
lig_2927,Oc1c2c3c(c4nccc(N5CCCCC5)c14)CCN1CCCC(CCO2)C31,-9.07,9,3.02,7.406,0.13
lig_153,CC(C)(C)CN1Cc2c(CN)c(=O)c3c(n2C1=O)CCCC3,-9.06,9,2.501,4.87,0.56
lig_1395,CCc1cc(OC)cc2c1C(=O)CCN2C(=O)CCN(CC)C(=O)c1ccc(O)cc1,-9.06,9,4.069,8.416,0.21
lig_1404,CCc1cc2c(cc1C(=O)O)C(Cc1ccccc1)CN(CCO)C2=O,-9.06,9,4.083,7.181,0.29
lig_1817,COC1=CC2=C(C=C(C)C(=O)C2)N(C(=O)CCC(=O)O)C1,-9.06,9,2.129,2.577,0.24
lig_1881,COc1c(C)cc2c3c(cc4c2c1OC(CCO)C4)CCN(C(=O)CN(C)C)C3,-9.06,9,3.204,6.23,0.08
lig_1892,COc1c(OC)c2c(nc3n2CCN(CC(=O)O)C3)c2cc(O)ccc12,-9.06,8,2.272,3.558,0.43
lig_525,CC1CCN(C(C)CC2CCC(N3CCCCC3=O)CC2)C(=O)C1,-9.05,9,2.289,3.164,0.39
lig_710,CCC(C)n1c(=O)ccc2c3c(ccc21)C(C(=O)O)CN3C(=O)OC,-9.05,8,3.273,7.254,0.6
lig_777,CCC1CC2=CC(=O)CC3C(O)c4ccc5c(c4N1C23)c(=O)[nH]c(=O)n5C(C)CC,-9.05,7,3.799,6.065,0.92
lig_869,CCCC(=O)N1CCN(c2cc(O)c(CC)c3c2CCCC(C(=O)O)O3)CC1,-9.05,9,2.668,4.261,0.01
lig_913,CCCC1CC(C)(C)Oc2c3c4c(ccc(O)c4c(=O)n21)OCC3,-9.05,9,2.486,6.785,0.19
lig_1297,CCc1c(C(=O)NCC(=O)O)ccc2ccc(CC(=O)O)cc12,-9.05,9,2.775,4.274,0.17
lig_1890,COc1c(O)ccc2c1cc(CN)n2C(=O)CCN1CCCCC1=O,-9.05,9,2.628,3.374,0.53
lig_2865,O=C1CCCN1Cc1cc(CO)cc(-c2ccco2)c1,-9.05,9,2.391,3.676,0.21
lig_110,CC(=O)c1cc2c3c(c1)c(C)cc(=O)n3C1CN3C(=O)CCCC3CC1=C2,-9.04,9,3.706,5.772,0.49
lig_404,CC1=Cc2c(cccc2C(=O)NC2CCC(C(=O)O)C2)CN1CCO,-9.04,9,2.468,5.311,0.39
lig_645,CC=Cc1c2c(n(C)c1C)N(Cc1ccn(CCCO)c(=O)c1)Cc1ccccc1-2,-9.04,9,3.191,5.872,0.26
lig_669,CCC(=O)N1CCC(Cn2c(=O)n(C(CC)CO)c3ccccc32)CC1,-9.04,9,2.41,3.262,0.26
lig_983,CCCN1C(=O)C(C)n2c1c(CN)c(CCN1CCCCCC1=O)c(C)c2=O,-9.04,9,3.139,5.453,0.1
lig_1342,CCc1c2n(c(=O)n(CCCN3CCCCC3=O)c1=O)CC(C)CC2,-9.04,7,2.124,3.207,0.54
lig_1344,CCc1c2n(c3c(c1=O)CCCC3)C(=O)N(CC(C)(C)C)C2,-9.04,8,2.65,4.003,0.49
lig_1923,COc1cc(C(C)C)n2nc(CCN3CCCCC3=O)c(CO)c2c1,-9.04,9,2.141,2.478,0.89
lig_2338,Cc1cc2cc3c1CCOc1ccc(nc1-3)C(=O)N(C)CCc1cc(oc1C)NC2=O,-9.04,8,9.744,11.888,1.56
lig_2754,O=C(O)c1cc2c(c3c(CO)c(CCN4CCCCC4=O)nn13)OCC2,-9.04,9,1.812,2.209,0.39
lig_2847,O=C1CCCCN1CC(=O)N1Cc2ccccc2C1,-9.04,9,4.513,6.069,0.21
lig_100,CC(=O)NCc1cc(C)ncc1-c1ccc(CC(=O)O)cn1,-9.03,9,3.924,5.083,0.09
lig_1315,CCc1c(O)c(C(=O)N2CCC(C)CC2)c2c(c1CNC(=O)c1ccon1)CCCO2,-9.03,9,3.548,6.803,0.17
lig_1611,CN1CC2C(=O)CCc3cn(C(=O)C4(C)CCCCC4)c(=O)c(c32)C1=O,-9.03,7,2.953,5.909,0.66
lig_2012,COc1cc2c3c(c1)n(C)c(=O)n3CC(CN1CCCC(C)C1=O)CC2N,-9.03,9,2.651,4.305,0.94
lig_2124,COc1cccc2c1c(CN1CCCC1=O)cn2Cc1ccccc1,-9.03,9,3.571,6.379,0.9
lig_2185,Cc1c(O)ccc2c1n(C)c(=O)n2CCC1CCCC(C(=O)O)C1,-9.03,9,2.131,3.089,0.01
lig_154,CC(C)(C)CN1Cc2c(CO)c(=O)c3c(n2C1=O)CCCC3,-9.02,9,3.798,10.647,0.19
lig_213,CC(C)CNC(=O)c1cc2n(c1)C(=O)c1ccc(CCC(=O)O)cc1N(C)C2,-9.02,9,2.41,3.191,0.07
lig_265,CC(CC1CCC(N2CCCCC2=O)CC1)n1cccc(CO)c1=O,-9.02,9,2.453,3.393,0.08
lig_335,CC1(c2cccc(C3CN4C(=O)CCCC4CN3CCN)c2)CCCCC1,-9.02,9,5.742,12.247,0.85
lig_388,CC1=CC2N=C(CCN3CCCCCC3=O)C(C(=O)O)=C2C=C1,-9.02,9,2.698,3.553,0.21
lig_596,CC1c2c(CC3CCCC(C(=O)O)C3)csc2N(C)C(=O)C1CO,-9.02,9,4.591,7.547,1.72
lig_1270,CCOc1ccc2c(=O)n(CCN3CCCCCC3=O)c(C(F)(F)F)nc2c1,-9.02,9,2.537,3.768,0.17
lig_1648,CN1CCN(c2cccc(CN3CCCCC3=O)c2)CC1=O,-9.02,9,2.409,3.737,0.12
lig_1959,COc1cc2[nH]c(=O)n(C3CCCCC3)c(=O)c2cc1OCC(=O)O,-9.02,9,2.229,2.747,0.14
lig_2502,Cn1cc(Cn2cc(CN3CCCC3=O)c3ccccc32)cn1,-9.02,9,2.555,4.415,0.26
lig_189,CC(C)C(=O)NCCn1cc(C(=O)O)c2c3n(c(=O)nc21)CCCC3,-9.01,9,2.376,3.742,0.33
lig_219,CC(C)N(C)C(=O)c1cccc2c(NC3CCCN(C)C3=O)ccnc12,-9.01,9,1.69,2.045,0.19
lig_292,CC(Oc1ccc2c(c1)C(CO)C(=O)N1CC(C)(C)CC21)C(=O)O,-9.01,9,3.34,5.688,0.5
lig_929,CCCCC(=O)NC(=O)c1cc(O)cc(C2CCN(C)C2)c1,-9.01,9,2.313,3.055,0.25
lig_1376,CCc1cc(CCC(=O)NCCC(=O)N2CCCCC2)c(C)cc1O,-9.01,9,1.912,2.231,0.2
lig_2702,O=C(O)CNC(=O)c1ccc(-c2ccsc2)cc1OCC(F)(F)F,-9.01,9,4.094,6.199,0.05
lig_2768,O=C(O)c1ccc(F)c(CC(=O)N2CCCCC2)c1,-9.01,9,3.827,5.153,0.46
lig_2822,O=C1C=CC2=C3CC(C(=O)O)CC4c5c(CO)cc(O)c6c5N(C2=C1CC6)C34,-9.01,8,6.437,12.773,2.12
lig_788,CCC1CCN(C(CC)CC2CCC(N3CCC(C)CC3=O)CC2)C1=O,-9.0,9,2.32,2.976,0.27
lig_1054,CCCc1cc(C)cc2c1C(=O)CC=C1CC(C(N)=O)CCN1C2,-9.0,9,3.545,4.232,1.56
lig_1224,CCOCn1c(=O)n(CC2CCN(C(=O)CCO)CC2)c(=O)c2cc(C)ccc21,-9.0,9,2.816,4.56,1.77
lig_1292,CCc1c(-c2cccc(C(=O)O)c2)nn(C)c1-c1cc(OC)ccn1,-9.0,9,2.013,2.761,0.01
lig_1434,CCc1ccc(NC(=O)N2CCN3C(=O)CC(C)CC3C2)c(CCCO)c1,-9.0,9,2.616,3.353,0.49
lig_1585,CN1C(=O)N2C3CCC(N4CCCCC4=O)CC3CC3CC4=C(C=C1C32)CCO4,-9.0,9,3.742,10.547,0.1
lig_1748,CNC(=O)c1cc(CC(=O)N(C)CCC2CCCC2)c(C)cc1C(=O)O,-9.0,9,2.725,4.076,0.03
lig_2666,O=C(O)CCc1cc(O)c2ccccc2c1CN1CCCC1=O,-9.0,9,2.955,5.816,0.32
lig_167,CC(C)(C)c1nc(CCO)c2c(n1)NC(=O)N(C1CCCCC1)C2,-8.99,9,2.378,4.192,0.25
lig_789,CCC1CCOc2c(C(=O)NCC(=O)CC(C)(C)C)cccc21,-8.99,9,1.834,2.461,0.69
lig_858,CCCC(=O)N1CCN(c2cc(C)c3c(c2C(N)=O)OC(C(=O)O)CC3)CC1,-8.99,9,2.542,2.992,1.07
lig_872,CCCC(=O)N1CCN(c2cc3c(cc2CNC)CC(C)(C)CC3)CC1,-8.99,9,2.709,4.433,0.73
lig_912,CCCC1CC(C)(C)Oc2c3c4c(c(=O)n21)C(O)CN1C4C(C=C3)CCC1(C)O,-8.99,7,4.538,12.185,2.1
lig_976,CCCN(C)C(=O)c1cccc(NCCC(=O)N2CCC3CCC2C3O)c1,-8.99,9,2.202,2.562,0.19
lig_1102,CCCn1c(CC)c2c(=O)nc(CC(C)(C)CC(=O)O)n3c2c1CCC3,-8.99,9,2.375,4.136,0.38
lig_1313,CCc1c(O)c(C(=O)N2CCC(C)CC2)c2c(c1CNC(=O)CO)CCCO2,-8.99,9,4.417,12.204,0.61
lig_1401,CCc1cc2c(cc1C(=O)O)C(=CCC(=O)O)CN(CCO)C2=O,-8.99,8,2.666,5.304,0.26
lig_1432,CCc1ccc(CO)c(CCN2CCCCCC2=O)c1C,-8.99,9,3.542,4.882,0.74
lig_2369,Cc1ccc2c(O)c(O)c(CCN3CCCC3=O)cn2c1=O,-8.99,9,2.704,3.947,0.12
lig_2669,O=C(O)CCc1ccc2c(n1)N(Cc1ccccc1)C(=O)C2,-8.99,9,3.432,9.736,1.04
lig_2712,O=C(O)Cc1cc2c(c(CCN3CCC(C(=O)O)CC3)c1C(=O)O)CCCC2,-8.99,9,2.982,5.256,0.48
lig_881,CCCC(=O)NCc1c(CC)c(O)c(C(=O)N2CCC(C)CC2)c2c1CCCO2,-8.98,9,3.186,6.056,0.59
lig_885,CCCC(=O)NCc1cnc2c(c1)CC1=C3c4c(cccc4-2)C=NC3C(N)=NC1=O,-8.98,9,3.622,6.521,0.31
lig_894,CCCC(C)NC(=O)n1cnc2c(C)c3ccc(=O)n(CC)c3cc21,-8.98,9,2.493,5.342,0.12
lig_1349,CCc1cc(C(=O)O)c(CC)cc1NC(=O)CN1CCCCC1=O,-8.98,9,2.357,2.895,0.32
lig_1744,CNC(=O)c1c(NC(=O)CCC(C)O)ccc2c1CCCC2,-8.98,9,2.402,3.125,0.24
lig_1989,COc1cc2c(ccn2C(=O)CCN2CCCCC2=O)c(OC)c1C,-8.98,9,2.671,6.456,0.15
lig_1988,COc1cc2c(cc1OC)N(C)C(=O)CC2c1cccc(C(=O)O)c1,-8.97,9,3.027,5.375,0.08
lig_2117,COc1cccc(CN(C)C(=O)c2ccc(OC)c(C=CCO)c2)c1,-8.97,9,1.956,3.059,0.12
lig_2293,Cc1cc2c(cc1C(=O)N(C)CCC(=O)N1CCCCC1)C(=CCO)CC(C)O2,-8.97,9,2.044,2.456,0.17
lig_2472,Cc1ncc(C(=O)N(C)C2CCCC2)c2cc(CN(C)C)ccc12,-8.97,9,3.886,6.322,0.5
lig_2871,O=C1CCCN1Cc1cn2c3c(cc(O)cc13)Cc1cccc(O)c1C2=O,-8.97,9,2.473,4.055,0.01
lig_086,CC(=O)NCC1=C(C)S(=O)(=O)N=C1c1cccc(-c2cnoc2)c1,-8.96,9,2.627,4.165,0.4
lig_097,CC(=O)NCc1c2n(c(=O)n(C)c1=O)C1CCC(N3CCCCC3=O)CC1(C)CC2,-8.96,9,3.175,8.441,0.28
lig_150,CC(C)(C)CC(=O)CNC(=O)c1cccc2c1OC1CCNCC1C2=O,-8.96,9,2.787,5.75,0.1
lig_360,CC1=C2CC=C(O)C(C(N)=O)=C2CN(CCC2CCCC(C(=O)O)C2)C1,-8.96,9,2.808,3.777,0.06
lig_972,CCCN(C)C(=O)c1c(O)c2c(c3ccc(C(=O)OC)nc13)OC(C(=O)O)CC2,-8.96,9,4.083,6.945,0.25
lig_1062,CCCc1cc(CNC(=O)CC2CCCN(C)C2=O)cc(C(=O)O)c1,-8.96,9,2.454,2.618,0.37
lig_1372,CCc1cc(CC(=O)N(C)CCC2CCCC2)c(C)cc1C(=O)O,-8.96,9,2.264,3.4,0.06
lig_1448,CCc1ccc2c(c1)N(C(N)=O)Cc1cc(C(=O)NCC(C)C)cn1C2=O,-8.96,9,2.553,3.113,0.83
lig_1910,COc1c2ccccc2c(C(=O)O)c2nc3n(c12)CCN(CC(=O)O)C3,-8.96,6,5.13,11.813,0.53
lig_2044,COc1ccc(C(=O)O)cc1-c1cn(C2CCCCC2)c(=O)[nH]1,-8.96,9,2.166,2.932,0.34
lig_2335,Cc1cc2cc(c1)COc1ccccc1-c1cccc(c1)C(=O)NCC2,-8.96,7,7.275,8.047,1.3
lig_2399,Cc1ccc2c3c1n(C)c(=O)n3CC(CN1CCCC(C)C1=O)CC2N,-8.96,9,2.958,6.319,0.09
lig_2866,O=C1CCCN1Cc1cc(CO)cc(-c2ccsc2)c1,-8.96,9,3.349,4.755,0.15
lig_276,CC(O)C1CC2CC(N3CCCCC3=O)CCC2N2C(=O)N(C(C)C)CC12,-8.95,9,3.625,6.094,0.44
lig_287,CC(O)c1cc(CCC(=O)NCCC(=O)N2CCCCC2)cc(C(=O)O)c1,-8.95,9,1.997,2.499,0.01
lig_770,CCC1CC(C)Oc2c(C(=O)NCC(=O)CC(C)(C)C)cccc21,-8.95,9,2.488,5.98,0.29
lig_1207,CCOC(=O)N1CN(CC2CCN(C(=O)CCO)CC2)C(=O)c2cc(C)ccc21,-8.95,9,2.734,5.518,0.71
lig_1695,CNC(=O)CC1CCC(C2CCc3cccc(CCO)c3S2)CC1,-8.95,9,2.821,3.848,0.07
lig_2062,COc1ccc2c(C(=O)O)cc3c(c2c1)CC(C)(C)CN(C(C)CC(=O)O)C3=O,-8.95,9,3.128,4.234,0.86
lig_2281,Cc1cc2c(CC(=O)O)nc(C3CCCC3CO)nc2c(C)n1,-8.95,9,2.322,2.986,0.24
lig_2608,O=C(NCC1CCC(O)c2ccccc21)C(F)(F)F,-8.95,9,3.87,5.858,0.21
lig_2709,O=C(O)Cc1cc(C2CCCCC2)cc2c1OCCO2,-8.95,9,2.333,3.412,0.04
lig_147,CC(C)(C)CC(=O)CNC(=O)c1cccc2c1OC1CC(C)(CO)C(O)=C1C2,-8.94,9,4.807,6.966,0.94
lig_218,CC(C)Cc1cccn2c3c(c(CC(N)=O)c12)CC1CCCC(=O)N1C3,-8.94,7,3.622,7.401,0.35
lig_600,CC1c2c3n(c(=O)n(C)c2=O)C2CCC(N4CCCCC4=O)CC2(C)CC3=CC1O,-8.94,8,3.127,4.916,0.55
lig_739,CCC1=CC2=C(N=C(N)C2C2CCOC2)N(C(=O)N2CCCC2)C1,-8.94,9,3.442,5.813,0.36
lig_1077,CCCc1ccc(O)c(COc2ccc(C(=O)O)cc2)c1,-8.94,9,3.851,4.968,0.02
lig_2414,Cc1cccc(C2C(O)CC(=O)C2(C)CCN2CCCCC2)c1,-8.94,9,3.259,7.46,0.02
lig_2720,O=C(O)Cc1ccc2c(c1O)c(=O)cc1n2CCCC1O,-8.94,9,3.158,3.848,0.68
lig_2923,OCCOc1c2c(c3nccc(N4CCCCC4)c3c1O)CCCC2,-8.94,9,3.175,5.917,0.52
lig_022,C=C1OC(C)=CC2=C1Cc1c(ccc3cc(C(=O)N4CCCC4)c(O)cc13)C(=O)N2,-8.93,9,3.663,7.401,0.01
lig_391,CC1=CC=C2OCCC2CC(=O)NCc2cc(C(=O)N3CCCC3)ccc2NC1,-8.93,9,3.866,4.844,0.34
lig_843,CCCC(=O)N1CCC(n2c(=O)n3c4c(cc(C(O)CO)cc42)CCCC3)C1,-8.93,9,2.958,4.063,0.19
lig_867,CCCC(=O)N1CCN(c2cc(O)c(CC(C)C)c3c2CCCCO3)CC1,-8.93,9,3.435,7.061,0.17
lig_884,CCCC(=O)NCc1cnc2c(c1)CC1=C(C(=O)NC1)C(CC)C2C,-8.93,9,2.585,4.634,1.29
lig_2069,COc1ccc2c(NC(=O)CCN3CCCCC3=O)cccc2c1O,-8.93,9,3.569,5.325,0.27
lig_2140,Cc1c(C(=O)O)ccc2c1c(=O)nc(Oc1ccccc1)n2CCCO,-8.93,9,2.195,2.836,0.82
lig_2391,Cc1ccc2c3c(c(CCO)cc2c1N1CCCC1)OC1=C(C(=O)O)SCC1C3O,-8.93,7,3.944,6.555,0.03
lig_112,CC(=O)c1ccc2c(C(=O)O)c3n(c(=O)c2c1N(C)C)C1CCCCC1(C)CC3,-8.92,9,6.089,12.37,0.34
lig_551,CC1COc2ccc3c(c2O1)CCN(C(=O)c1ccccc1)C3,-8.92,9,3.597,10.304,0.07
lig_933,CCCCC(=O)NCc1c(C)c(C)nc2cc3c(nc12)CCCC3(C)C,-8.92,9,4.034,7.182,0.01
lig_1220,CCOC1C=Cc2nc(CC(=O)N3CCCCC3)cc(C(=O)OC)c2N1,-8.92,9,2.308,3.732,0.05
lig_1623,CN1CCC2=C3CCC(=O)CC3=C(CN3CCCCC3)NC2C1=O,-8.92,9,4.346,7.004,0.05
lig_2343,Cc1cc2n(c(=O)n1)CCN(Cc1cccc(C(=O)N3CCCCC3CO)c1)C2,-8.92,9,2.508,4.491,0.5
lig_2711,O=C(O)Cc1cc(O)c2ccccc2c1CN1CCCC1=O,-8.92,9,2.97,6.667,0.16
lig_267,CC(CC1CCC(N2CCCCC2=O)CC1)n1ccnc(O)c1=O,-8.91,9,2.883,3.862,0.87
lig_400,CC1=COCC2Cc3c(cccc3C(=O)NC3CCC(C(=O)O)C3)CN12,-8.91,9,3.518,5.048,0.06
lig_461,CC1C=C2CC(C)c3c(ccn(C(=O)N4CCCC4)c3=O)N2C1=O,-8.91,9,3.568,6.525,0.42
lig_720,CCC(CC1CCC(N2CCC(C)CC2=O)CC1)N1CCCC1=O,-8.91,9,2.144,2.655,0.13
lig_1043,CCCc1c2c(c3n(c1=O)CCC(CC(=O)O)C3)CC(=O)C(CCC)C2,-8.91,9,3.602,6.247,0.17
lig_1325,CCc1c2c(=O)nc(CC(C)(C)CC(=O)O)[nH]c2c2n1CCCOC2=O,-8.91,9,1.757,2.049,0.2
lig_1474,CCc1cnc(N2CC3C(C(=O)O)CCC(O)C3CC2=O)cc1C(=O)O,-8.91,9,2.486,5.859,0.12
lig_1860,COC1N=C2C3=C(C=C4N2CCC2CCC(C)(C)N42)CCN2C3=C1CCC2O,-8.91,9,4.22,8.156,0.63
lig_2146,Cc1c(CC(C)C)cc(CO)c(CCN2CCCCCC2=O)c1C,-8.91,9,2.761,4.969,0.1
lig_2304,Cc1cc2c3c(c1)c(=O)c(C)c1n3C(CC2C)CC2C(N3CCCCC3=O)CCN12,-8.91,6,3.571,6.274,0.06
lig_108,CC(=O)c1cc(C(C)O)n2nc(CCN3CCCCC3=O)c(CO)c2c1,-8.9,9,2.247,3.157,0.54
lig_709,CCC(C)n1c(=O)ccc2c(N3CCCC3=O)cc(CO)cc21,-8.9,9,2.554,4.856,0.15
lig_830,CCC=Cc1ccc2c3c1C(=O)N(C(=O)CC(C)(C)C(=O)O)C3CCCC2O,-8.9,9,4.121,6.825,0.29
lig_934,CCCCC(=O)Nc1nc(=O)n(C2CCCCC2)c2ccc(C(=O)O)cc12,-8.9,9,3.784,6.317,0.25
lig_961,CCCCc1ccc2c(c1)N(C)Cc1cc(C(=O)NCC(C)C)cn1C2=O,-8.9,9,3.203,7.545,0.43
lig_1912,COc1cc(-c2ccccc2NC(=O)CCN2CCCCC2=O)ncc1O,-8.9,9,2.389,3.443,0.2
lig_2451,Cc1nc(CCCC(=O)N(C)C)nc2cccc(OC(F)(F)F)c12,-8.9,9,2.576,4.362,0.41
lig_2589,O=C(CCc1cc(C(=O)O)cc(C(=O)O)c1)NCCC(=O)N1CCCCC1,-8.9,9,2.349,2.887,0.07
lig_2781,O=C(O)c1cccc(-c2cn(C3CCCCC3)c(=O)[nH]2)c1,-8.9,9,2.414,2.882,0.21
lig_187,CC(C)=C1C=Cc2ccccc2-c2nc(ccc2O)C(=O)N(C)CC1,-8.89,8,5.643,12.589,1.04
lig_673,CCC(=O)N1CCc2c(cccc2OCCN2CCC(NC(C)=O)C2)C1,-8.89,9,2.099,2.763,0.13
lig_927,CCCCC(=O)NC(=O)c1cc(C)cc2c(O)ccnc12,-8.89,9,2.345,3.37,0.29
lig_971,CCCN(C)C(=O)c1c(O)c(C(=O)O)cc2c(OC)cc(-c3ccccc3)nc12,-8.89,7,7.093,12.953,0.74
lig_1047,CCCc1cc(C(=O)O)n2nc(CCN3CCCCC3=O)c(CO)c2c1,-8.89,9,2.108,2.523,0.17
lig_1179,CCNC(=O)C(C)CNC(=O)CC1CCC(N2CCCCC2=O)CC1,-8.89,9,2.137,2.912,0.07
lig_1244,CCOc1cc(C)c2ncc3c(c2c1)CCCN(CC(=O)O)C3,-8.89,9,3.167,5.347,0.12
lig_1249,CCOc1cc(CC2CCC(C(=O)O)CC2)cc(N(C)C(C)=O)c1,-8.89,9,2.413,3.072,0.07
lig_1588,CN1C(=O)c2c(c(CN)cc3c2[nH]c(=O)n3C2CCCCC2)CC1CC(=O)O,-8.89,9,2.21,4.166,0.07
lig_2078,COc1ccc2c(c1)N(C(=O)CCN1CCCN(C)C1=O)CCC2,-8.89,9,1.892,2.272,0.0
lig_2099,COc1ccc2c3c1CCC1CCC(CCC(=O)O)CC1C3N=C2C(=O)O,-8.89,9,2.88,3.964,0.03
lig_548,CC1CNC(=O)CC2CCC(N3CCCCC3=O)C(CCCNC1=O)C2,-8.88,8,4.796,8.105,0.32
lig_1385,CCc1cc(Cl)cc2c(=O)n(CCCN3CCCCC3=O)cnc12,-8.88,9,2.321,3.342,0.04
lig_2013,COc1cc2c3c(c1C)CCCN3C(=O)CC2c1cccc(C(=O)O)c1,-8.88,9,6.563,8.518,1.47
lig_2199,Cc1c2c(c3n(c1=O)CCC1CCCC31)CN(C1CCCCC1)C(=O)N2,-8.88,8,6.175,11.303,0.26
lig_2823,O=C1C=CC2=C3CC(C(=O)O)CC4c5c(CO)cc6c7c5N(C2=C1CC7CCO6)C34,-8.88,9,8.82,12.899,1.16
lig_2843,O=C1CCCCCN1CCc1nc2ccccc2cc1CO,-8.88,9,2.453,3.98,0.37
lig_705,CCC(C)n1c(=O)cc(OC)c2cc(OC(F)(F)F)ccc21,-8.87,9,3.633,4.733,0.21
lig_939,CCCCC1NC(=O)N(C)c2nc3nccc(N4CCCCC4)c3cc21,-8.87,9,2.579,4.822,0.95
lig_1239,CCOc1cc(C(=O)O)cc(N(C)C(=O)CCN(CC)C(=O)c2ccc(O)cc2)c1,-8.87,9,2.251,3.198,0.46
lig_1785,COC(=O)N(c1ccc(O)c(OC)c1)c1ncc2c(C(=O)O)cccc2n1,-8.87,9,3.12,5.817,0.6
lig_1939,COc1cc(CC(=O)O)c2c(c1)-n1ccc3c1C(=CC1CCC(C(=O)O)N1C3=O)C2O,-8.87,6,2.968,4.89,1.21
lig_2590,O=C(CN1CCCC1)Nc1cc(-c2ccc(O)cc2)ncn1,-8.87,9,3.142,3.78,0.04
lig_2662,O=C(O)CCCn1cc(C(=O)O)c2ccccc2c1=O,-8.87,9,2.518,3.65,0.36
lig_694,CCC(C)NC(=O)CN1C=C(c2cccc(NC)c2)CCC1=O,-8.86,9,2.504,3.498,0.2
lig_865,CCCC(=O)N1CCN(c2cc(O)c(C(C)=O)c3c2CCCC(C)O3)CC1,-8.86,9,3.525,6.378,1.05
lig_987,CCCN1C=C(CO)c2nc(C(=O)N(CC)CC(=O)O)cc3cccc1c23,-8.86,9,2.723,4.119,0.14
lig_1274,CCOc1ccc2c(NC(=O)C(C)(C)C)c(C)ccc2c1,-8.86,9,2.647,3.753,0.13
lig_1275,CCOc1ccc2c(NC(=O)C(C)(C)C)cccc2c1,-8.86,9,2.207,2.976,0.19
lig_1837,COC1=CCc2c(cccc2C(=O)NCCC(C)(C)C)C1,-8.86,9,2.198,2.722,0.38
lig_1917,COc1cc(C(=O)N2CCCCC2)c2ccc(CC(=O)O)c(O)c2c1,-8.86,9,3.809,7.689,0.04
lig_2253,Cc1cc(CCC(=O)NCCC(=O)N2CCCCC2)cc(C(=O)O)c1O,-8.86,9,2.723,3.588,0.15
lig_2510,N#Cc1cc(=O)n2c3c(cccc13)C1CN(CC(=O)O)Cc3cncc-2c31,-8.86,8,3.677,11.493,0.44
lig_2641,O=C(O)CC1CCc2c3c4c(n2C1=O)CCOC1C(O)CC(O)(CC=C3)C41,-8.86,9,4.455,12.529,0.68
lig_455,CC1C2CC(CN3CCCCC3=O)CN2C(=O)N2C(=O)CC(C)(C)C12,-8.85,9,2.31,2.907,1.02
lig_476,CC1CC2(O)CC=Cc3c4c(n5c3CCC(CC(=O)O)C5=O)CCOC1C42,-8.85,9,5.681,11.849,0.2
lig_711,CCC(C)n1c(=O)ccc2c3c4c(cc21)C(C)NC(=O)N4CC(=O)N3,-8.85,9,2.796,6.586,0.03
lig_1106,CCN(C(=O)CCc1cnn(C)c1)c1cccc(C(=O)N2CCCC2)c1,-8.85,9,1.994,2.378,0.39
lig_2384,Cc1ccc2c(ccc3c(C)occ32)c1C(=O)N1CCC(C(=O)NC2CCCC2)C1,-8.85,9,3.724,9.416,0.47
lig_195,CC(C)C(=O)n1cc(CC(=O)O)c(=O)c2cc(CC(=O)O)ccc21,-8.84,9,3.85,7.337,0.23
lig_330,CC1(CC(=O)O)CCc2cc3c(c(CCCO)c2C1)OC(C)(C)CC3,-8.84,9,2.364,4.355,0.14
lig_859,CCCC(=O)N1CCN(c2cc(C)c3c(c2C(N)=O)OC(CO)CC3)CC1,-8.84,7,2.567,3.211,1.11
lig_2123,COc1cccc2c1c(CN(C)C(=O)CCO)cn2C(=O)c1cn(C)nc1C,-8.84,8,4.792,8.114,0.77
lig_266,CC(CC1CCC(N2CCCCC2=O)CC1)n1cccc(O)c1=O,-8.83,9,2.837,3.735,0.07
lig_672,CCC(=O)N1CCC2(CC1)CCN(c1ccccc1)C(=O)C2,-8.83,9,2.6,3.697,0.41
lig_2449,Cc1nc(-c2cnoc2)n2c1CC(CCN1CCCCC1=O)CC2,-8.83,9,2.104,2.669,0.23
lig_866,CCCC(=O)N1CCN(c2cc(O)c(C)c3c2CCCC(OC(C)=O)O3)CC1,-8.82,9,2.481,3.434,0.4
lig_1502,CCc1sc2c(c1C(=O)O)C(=O)N1CC=c3cccc4c3=C1C2C(CCO)O4,-8.82,9,3.601,11.497,0.28
lig_2150,Cc1c(CC(C)CC(=O)O)nc2ccccc2c1C(=O)O,-8.82,9,2.259,3.268,0.23
lig_2447,Cc1cnc2n(c1=O)Cc1c(ccc3c1CCCN(CC(=O)O)C3)C2C,-8.82,8,4.071,6.524,1.3
lig_1044,CCCc1c2c(c3n(c1=O)CCC(CC(=O)O)C3)CC(O)C(C)C2,-8.81,9,3.367,5.353,0.14
lig_1957,COc1cc(Oc2cccc(C(N)=O)c2)c2oc(C)c(C(=O)O)c2c1,-8.81,9,2.768,3.674,0.37
lig_350,CC1=C(O)C2CN3C(=O)CC(C(=O)O)CC3CC2C(CO)=C1,-8.8,8,2.662,4.942,0.01
lig_926,CCCCC(=O)NC(=O)c1cc(C(=O)O)cc2c(O)ccnc12,-8.8,9,2.919,4.151,0.25
lig_1140,CCN(CCC(=O)N(C)c1cc(OC)c(C2CCCC2)c(OC)c1)C(=O)c1ccc(O)cc1,-8.8,9,2.336,2.961,0.02
lig_1433,CCc1ccc(NC(=O)N2CCN3C(=O)CC(C)CC3C2)c(CCC(=O)O)c1,-8.8,9,3.489,6.216,0.35
lig_1629,CN1CCCC(=O)OCCCCC2=C(C(C)(C)C)C(=O)CC2NC1=O,-8.8,6,4.504,6.002,1.17
lig_2280,Cc1cc2c(CC(=O)O)nc(C3CCCC3)nc2c(C)n1,-8.8,9,2.787,4.82,0.21
lig_979,CCCN(C)C(=O)c1nn(CC2=C=CC=C2)c2c1CC(C(=O)O)=CC2=O,-8.79,9,4.636,12.166,0.54
lig_1361,CCc1cc(C(=O)OC)c(CC)cc1NC(=O)CN1CCCCC1=O,-8.79,9,2.295,4.07,0.02
lig_2543,NCc1c(CCN2CCCCC2=O)nn2c1CCC1CCCCCC12,-8.79,9,2.714,5.592,0.28
lig_049,CC(=O)N1CCN(Cc2cccc(C(=O)N3CCCCC3CO)c2)CC1,-8.78,9,2.211,2.731,0.31
lig_085,CC(=O)NCC(=O)NC1CCc2c(cc(C(O)CO)cc2Oc2cccc(C)c2)C1,-8.78,9,4.848,7.328,0.15
lig_439,CC1C(=O)N2C=C(CCN3CCCC3=O)C(O)=CC2N2CCCC12,-8.78,9,2.559,5.327,0.08
lig_786,CCC1CCCC2CCC(NC(=O)C3CCCC(C(=O)O)C3)CC12,-8.78,9,2.979,4.992,0.04
lig_1204,CCOC(=O)C1CCC(C)(N(C)Cc2ccc(C(=O)N3CCC(C)C3)c(O)c2C)C1,-8.78,9,2.938,4.896,0.19
lig_1990,COc1cc2c(ccn2C(=O)CCN2CCCCC2=O)c(OC)c1OC,-8.78,9,2.55,6.088,0.55
lig_2243,Cc1cc(CC(=O)N(C)C)c(CCC2CCC(C(=O)O)CC2)cn1,-8.78,9,3.304,7.464,0.51
lig_2481,Cc1oc(C2=CC=CC(C(C)(C)C)C2)c(C(=O)O)c1C(=O)O,-8.78,9,2.208,2.87,0.13
lig_290,CC(O)c1ccc2c(C(=O)O)cn(C(=O)N3CCCCC3CO)c2c1,-8.77,9,3.64,6.175,0.89
lig_306,CC1(C)CC2(O)CC=Cc3c4c(n5c3CCC(CC(=O)O)C5=O)CCOC1C42,-8.77,9,4.67,8.108,0.03
lig_592,CC1Oc2c(cc3c4c2C(=O)N(C)CCn4c(=O)n3C2CCCCC2)C(C)O1,-8.77,9,5.222,6.529,0.88
lig_754,CCC1C(=O)N(CC)c2c(CN)c(CCN3CCCCCC3=O)c(C)c(=O)n21,-8.77,8,2.821,4.203,0.63
lig_1248,CCOc1cc(CC)c2c(c1)c(N)c(CCN1CCCCC1=O)n2C,-8.77,9,2.174,2.835,0.02
lig_1284,CCOc1ccc2nc(C(=O)N3CCCCC3)c(C)c(N(C)C)c2c1,-8.77,9,2.871,4.736,1.03
lig_1934,COc1cc(CC(=O)N(C)C2CCCC2)c2ccccc2c1O,-8.77,9,2.388,3.05,0.19
lig_200,CC(C)CC1OC(C)CN1c1cccc(C(=O)N2CCCC2)c1,-8.76,9,1.961,2.354,0.19
lig_1040,CCCc1c2c(c(C)c(=O)n1CCC)NC(=O)N(C1CCCCC1)C2,-8.76,8,2.8,4.974,0.09
lig_1371,CCc1cc(CC(=O)N(C)C2CCCC2)cc(C(=O)O)c1O,-8.76,9,2.28,3.325,0.2
lig_1975,COc1cc2c(c(CC(=O)O)c1)Oc1cc3c(c(O)c1OC2)C(=O)N(CC(C)C)CC3,-8.76,9,3.947,8.46,0.45
lig_2050,COc1ccc(CC(=O)N2CCCC2)c2c1CCCO2,-8.76,9,3.016,5.473,0.21
lig_2457,Cc1nc(N)c2c3c1CN(C)C(=O)C1=C3CN(CCCCCC1)C2=O,-8.76,9,7.045,12.434,0.85
lig_002,C=C(C)c1cc(CC(=O)N(C)CCC2CCCC2)c(C)cc1C(=O)O,-8.75,9,2.469,3.315,0.41
lig_190,CC(C)C(=O)NCCn1cc(CO)c2c3n(c(=O)nc21)C(C)CCC3,-8.75,9,2.3,2.986,0.4
lig_1490,CCc1nc(CCCC(=O)N(C)C)nc2ccc3c(c12)OC(C)CO3,-8.75,9,2.458,3.13,0.48
lig_1587,CN1C(=O)NC(CCCO)c2cc3c(N4CCCCC4)ccnc3nc21,-8.75,8,5.209,11.537,0.02
lig_964,CCCCc1cnc2c(C)c(C(=O)N3CCCCC3)nc(CCO)c2c1,-8.74,9,2.28,4.25,0.54
lig_1099,CCCn1c(=O)n(CCCN2CCCC(C)C2=O)c2ccc(OC)cc21,-8.74,9,2.395,3.543,0.25
lig_1466,CCc1cccn(C(C)CC2CCC(N3CCCCC3=O)CC2)c1=O,-8.74,9,2.529,3.163,0.39
lig_1947,COc1cc(CN(C)C)c2ccc(CC(=O)O)c(O)c2c1,-8.74,9,3.018,4.259,0.43
lig_1981,COc1cc2c(cc1CCO)N(C1C=C3CCCC(=O)N3C1)C=CN2C,-8.74,9,3.568,6.676,0.05
lig_1986,COc1cc2c(cc1O)C(O)CCC2C(=O)N(C)C1CCCC1,-8.74,9,3.836,7.232,0.83
lig_2254,Cc1cc(CCC(=O)O)c(CCC2CCC(C(=O)O)CC2)cn1,-8.74,9,2.662,3.353,0.32
lig_2322,Cc1cc2c3c4c(ccc3c1)C(c1cccc(C(=O)O)c1)CN4CC=N2,-8.74,9,3.759,5.122,0.09
lig_2529,NC1CC2C3C(CCCC(=O)CC13)CCC2N1C=CCCC1=O,-8.74,9,2.651,4.041,0.5
lig_021,C=C1CN(Cc2ccccc2)C2C=C3c4ccccc4CN3C(=O)C2=C1O,-8.73,9,3.389,6.007,0.13
lig_101,CC(=O)NCc1cccc(NC(=O)CCN2CCCN(C)C2=O)c1,-8.73,9,1.839,2.347,0.01
lig_723,CCC(CC1CCC(N2CCCCC2=O)CC1)N1CCCC1=O,-8.73,9,2.29,3.23,0.64
lig_1350,CCc1cc(C(=O)O)c(OC)cc1NC(=O)CN1CCCCC1=O,-8.73,9,2.256,2.845,0.42
lig_2726,O=C(O)Cn1ccc(Cc2cc3c(c(C(=O)O)c2)CCCO3)c1,-8.73,9,2.177,2.785,0.41
lig_026,C=CC=C1c2nc3ccc(C)nc3n2CC2CC(CC(=O)NC)CCC12,-8.72,9,3.765,5.07,0.2
lig_280,CC(O)COc1cc(C(C)C)c2nccc(N3CCCCC3)c2c1O,-8.72,9,3.17,5.709,0.59
lig_286,CC(O)c1cc(C(=O)O)c(O)cc1NC(=O)N1C(=O)CCC1(C)C,-8.72,9,2.476,4.262,0.67
lig_1487,CCc1cnc2c3c1NC(C(=O)N1CCCCC1)=CN3CCC2C,-8.72,9,2.257,4.166,0.3
lig_2000,COc1cc2c3c(c1)=C1CC(C(=O)O)CCC1NC=3C(=O)C(C(C)C)=C2,-8.72,9,4.64,8.434,1.14
lig_034,CC(=O)N(C)CCc1cc(C(=O)Nc2sccc2C)c[nH]c1=O,-8.71,9,2.693,3.614,0.07
lig_905,CCCC1=Nc2nccc3c2C(NC(=O)N3C2CCCCC2)N1,-8.71,9,2.735,4.269,0.01
lig_1633,CN1CCCC(=O)OCCc2cc(O)c3ccc(F)c(c3c2)NC1=O,-8.71,9,4.488,12.859,0.12
lig_2195,Cc1c2c(=O)nc(CC(C)(C)CC(=O)O)n(C)c2c2n1CCCOC2,-8.71,9,2.332,4.2,0.02
lig_2220,Cc1cc(-c2cc(C3CCN(C(=O)CN4CCCN(C)C4=O)C3)cs2)ccn1,-8.71,9,2.248,4.729,0.12
lig_2803,O=C(O)c1cnc2c3c1NC(C(=O)N1CCCCC1)=CN3CCC2O,-8.71,9,2.232,4.679,0.0
lig_2861,O=C1CCCN1Cc1c(CO)cc(O)c2ccccc12,-8.71,9,2.612,4.337,0.18
lig_664,CC=Cc1nc(C)c2n1CCC(CCN1CCCCC1=O)C2,-8.7,9,2.03,3.181,0.16
lig_799,CCC1COC(=O)C1c1nc(CC(=O)O)c2cc(C(=O)O)nc(C)c2n1,-8.7,9,4.702,11.415,0.15
lig_1397,CCc1cc2c(CO)cccc2cc1NC(=O)N(C)CCCC(=O)O,-8.7,9,2.029,2.399,0.09
lig_1704,CNC(=O)CC1CCC2Cc3nc4c(C)nc(C)nc4n3CC2C1,-8.7,9,3.355,5.488,0.52
lig_2604,O=C(Cc1cccc(OC(F)(F)F)c1)Nc1ccc(Cl)cc1,-8.7,9,3.224,4.603,0.01
lig_251,CC(C)c1ccc2nc(CCCC(=O)N(C)C)nc(CO)c2c1,-8.69,9,2.281,3.288,0.09
lig_1029,CCCOc1cc2c(=O)n(C3CCCCC3)c(=O)[nH]c2cc1OC,-8.69,9,2.162,3.322,0.04
lig_1569,CN1C(=O)C2COc3cccc4c(O)c5c(c2c34)C(CCC5)C2CCCC21,-8.69,9,7.538,11.775,0.27
lig_2067,COc1ccc2c(NC(=O)C(C)(C)C)cccc2c1,-8.69,9,2.42,4.203,0.05
lig_2665,O=C(O)CCc1cc(C2CCCN(C(=O)CCO)C2)ccc1C(=O)O,-8.69,9,2.425,3.669,0.41
lig_056,CC(=O)NC1=Cc2ccc(CC(=O)N3CCCCCC3)c(=O)n2CC1c1ccccc1,-8.68,9,2.954,5.62,0.1
lig_395,CC1=CCN(CC(=O)NC(C)C(=O)O)c2ccc(C(=O)O)cc21,-8.68,9,2.515,3.324,0.01
lig_666,CCC(=O)N1CC(c2nc(CC(=O)O)c3cc(C(=O)O)nc(C)c3n2)C(C)=N1,-8.68,9,2.894,4.429,1.21
lig_818,CCC1n2c(c(C(=O)O)c3cccc(N(C)C)c3c2=O)CCC1(C)C,-8.68,9,5.438,8.564,0.16
lig_950,CCCCc1c(O)c(O)cn(CC2CCN3C(=O)CCCCC3C2)c1=O,-8.68,9,2.177,2.371,0.4
lig_1071,CCCc1cc2c(cc1OC)-n1ccc3c1C(=CC1CCC(C(=O)O)N1C3=O)C2CO,-8.68,9,4.197,10.642,1.54
lig_1246,CCOc1cc(CC)c(C)n2nc(CCN3CCCCC3=O)c(CO)c12,-8.68,9,2.291,3.12,0.12
lig_1485,CCc1cnc2c3c1NC(C(=O)N1CCCCC1)=CN3CC=C2O,-8.68,9,2.244,3.182,0.23
lig_1515,CCn1c(C(=O)OC)c(C)c2c3c(ccc2c1=O)CN(CC(=O)O)CC3,-8.68,9,2.857,4.311,0.7
lig_1862,COC1OC(C)Oc2cccc(CN3CCC(C(N)=O)CC3)c21,-8.68,9,2.905,4.635,0.39
lig_2255,Cc1cc(CCCO)c(CCC2CCC(C(=O)O)CC2)cn1,-8.68,9,3.122,4.042,0.62
lig_277,CC(O)CN(C)C(=O)CCC1C(=O)N(C)Cc2ccc(O)cc21,-8.67,9,2.782,5.188,0.38
lig_717,CCC(CC1CCC(N2CCC(C)CC2=O)CC1)N1CCC(C)C1=O,-8.67,9,2.345,3.035,0.04
lig_781,CCC1CCC2CC(=O)n3cc(CN4CCCC4=O)c(C)c3CN12,-8.67,9,2.886,6.242,0.15
lig_931,CCCCC(=O)NC(=O)c1cc(O)cc2c(NCC)ccnc12,-8.67,9,2.474,3.095,0.57
lig_993,CCCN1CCCCCNC(=O)CCC(C)CC(CC)CCC1,-8.67,9,7.515,12.709,1.61
lig_1156,CCN(CCCN)Cc1cccc(NC(=O)CCN2CCCCC2=O)c1,-8.67,9,3.09,3.62,0.04
lig_1486,CCc1cnc2c3c1NC(C(=O)N1CCCCC1)=CN3CC=C2OC,-8.67,9,2.659,4.976,0.65
lig_2370,Cc1ccc2c(c1)-c1c3c(c(CC(C)C(=O)O)n1CCN2C)CNCC3,-8.67,7,5.114,8.608,0.72
lig_2654,O=C(O)CCC(=O)N1CCCC2CC3c4ccc(C(O)CO)c5cccc(c45)CN3C(=O)C21,-8.67,8,3.071,4.899,1.85
lig_2779,O=C(O)c1ccc2ncn(CCCN3CCCCC3=O)c(=O)c2c1,-8.67,9,2.844,3.51,0.12
lig_591,CC1Oc2c(F)cc(C(=O)O)cc2CCC(=O)N2CCCCC2=CC1=O,-8.66,9,5.864,12.729,0.42
lig_930,CCCCC(=O)NC(=O)c1cc(O)cc(C2CCNC2)c1,-8.66,9,2.06,2.761,0.32
lig_981,CCCN(CC)Cc1cccc(C(=O)NC2CCC(C(=O)O)C2)c1,-8.66,9,2.342,3.496,0.18
lig_1118,CCN(C(C)=O)c1ccc2cc(OC)c(C(=O)O)cc2c1,-8.66,9,2.708,3.176,0.21
lig_1381,CCc1cc(CN)cc(CCC(=O)NCCC(=O)N2CCCCC2)c1,-8.66,9,2.093,2.309,0.28
lig_1429,CCc1ccc(C(=O)O)c(CCN2C(=O)CCCC2C2=CC(=O)C=C2)c1,-8.66,9,2.357,3.028,0.37
lig_1652,CN1CCc2c(c(OCCO)c(O)c3c(N4CCCCC4)ccnc23)C1,-8.66,8,5.406,13.585,0.68
lig_1812,COC(=O)c1ccccc1CN1CCC(C(N)=O)CC1,-8.66,9,3.442,5.97,0.79
lig_2080,COc1ccc2c(c1)N(C)Cc1c-2c(CC(N)=O)cn(C(=O)C(C)(C)CO)c1=O,-8.66,8,3.259,6.075,0.35
lig_2361,Cc1ccc2c(C(=O)O)c3n(c(=O)c2c1N(C)C)C1CCCCC1(C)CC3,-8.66,9,5.025,10.937,0.88
lig_2444,Cc1cnc2c3c1C(=O)N(C)CCCCC(C)C=CC(=CN2)C3,-8.66,9,7.606,12.46,1.22
lig_2569,O=C(CC1CCC(N2CCCCC2=O)CC1)NC1Cc2cccn2C1,-8.66,9,2.286,3.424,0.25
lig_069,CC(=O)NC1CCC2C(C1)C(C)C1CCN(C)C(=O)C12,-8.65,9,3.498,4.79,0.24
lig_179,CC(C)(CO)C(=O)n1cc2c3c(c1=O)CC(C)(C)c1cccc(c1-3)C(O)C2,-8.65,9,3.759,9.656,0.29
lig_281,CC(O)COc1cccc(C(=O)NCC2CCCC2(C)C)c1,-8.65,9,2.246,3.094,0.23
lig_942,CCCCN(C)C(=O)c1cnc(CCN2CCCCCC2=O)c(CO)c1,-8.65,9,2.33,3.674,0.65
lig_952,CCCCc1cc(C)ncc1CCC1CCC(C(=O)O)CC1,-8.65,9,3.959,4.918,0.02
lig_1055,CCCc1cc(C2CCCN(C(=O)CCO)C2)ccc1C(=O)O,-8.65,9,2.561,3.795,0.11
lig_1369,CCc1cc(C2C=CC(CC(=O)O)=C(CO)C2=O)cc(C)c1C(=O)O,-8.65,9,2.059,2.8,0.17
lig_2225,Cc1cc(-n2c(Cc3ccccc3)ccc2C(=O)O)ccn1,-8.65,9,2.841,3.678,0.59
lig_2878,O=C1CCOCCN1Cc1ccc2c(c1)CCC(O)C(=Cc1ccccc1)O2,-8.65,9,3.179,5.946,0.12
lig_014,C=C1C(CCCC(=O)O)=C2C=C(OC)C=CC2C(=O)N1C,-8.64,9,2.032,2.458,0.22
lig_369,CC1=C=C(O)CCc2ncc(C(=O)O)c3ccc(cc23)C(=O)N2CCCC1C2,-8.64,9,10.143,12.875,1.1
lig_1041,CCCc1c2c(c(C)c(=O)n1CCCO)NC(=O)N(C1CCCCC1)C2,-8.64,9,4.241,7.733,0.52
lig_1067,CCCc1cc(OC)cc(NC(=O)C2(C)CCNCC2)c1CC,-8.64,9,2.137,2.896,0.11
lig_1162,CCN1C2=CC(OC)=C(O)C(CO)C2=Nc2c(CN(C)C(=O)C3=CN(C)C(=O)C3)cccc21,-8.64,9,4.51,7.396,0.76
lig_1943,COc1cc(CCCO)c2ccc(CC(=O)O)c(O)c2c1,-8.64,9,2.438,3.282,0.32
lig_098,CC(=O)NCc1cc(C)nc(N)c1-c1cc2c(O)cc(O)cc2s1,-8.63,9,2.769,4.266,0.28
lig_491,CC1CCC(N2CCC3C(O)N=C4Cc5ccccc5N(C2=O)C43)C1(C)C,-8.63,9,3.389,4.694,1.1
lig_938,CCCCC1Cc2c(OC)ccc3c2C(C1)CN(CC(=O)NC)C3,-8.63,9,4.17,8.899,0.23
lig_1858,COC1Cc2ccc3cc2-c2c1ccnc2CNC(=O)N(C)CCCN3C,-8.63,9,10.414,13.03,1.6
lig_2609,O=C(NCCO)c1c2n(c3ccccc13)CCC(C(=O)N1CCCCC1)C2,-8.63,9,3.484,4.622,1.4
lig_182,CC(C)(O)c1ccc2c(C(=O)O)cn(C(=O)N3CCCCC3CO)c2c1,-8.62,9,6.65,10.882,0.67
lig_541,CC1CN(C)C(=O)N(c2cc(C(C)c3conc3O)[nH]c2C(=O)O)C1,-8.62,9,3.308,8.456,0.57
lig_1074,CCCc1ccc(C(=O)O)c(CCN2CCC(C(=O)O)CC2)c1,-8.62,9,3.139,3.838,0.12
lig_2015,COc1cc2c3c(ccc(O)c3c1O)CCC2C(=O)N(C)C1CCCC1,-8.62,9,3.169,8.282,0.18
lig_2054,COc1ccc(CCC(=O)NCCC(=O)N2CCCCC2)cc1C,-8.62,9,2.248,2.707,0.08
lig_2443,Cc1cnc2c3c1C(=O)N(C)CCCCC(C(=O)O)CCC(=CN2)C3,-8.62,9,7.086,12.971,1.43
lig_2621,O=C(O)C1=NN(c2ccc3c(c2)CNCC3)CCC1,-8.62,9,3.24,3.749,0.01
lig_721,CCC(CC1CCC(N2CCC(C)CC2=O)CC1)n1cccc(O)c1=O,-8.61,9,2.392,2.954,0.42
lig_1626,CN1CCCC(=O)NC2=CC=C=C2Cc2cc(ccc2C(=O)O)C1=O,-8.61,7,4.947,7.627,1.87
lig_2057,COc1ccc(CCCC(=O)N2CCCCC2)cc1CCO,-8.61,9,2.349,2.868,0.01
lig_2426,Cc1cccc2c1CCCCOCOc1cccc(c1)CC(=O)N2,-8.61,8,3.25,5.138,1.11
lig_2715,O=C(O)Cc1ccc(Oc2ccccc2)cc1C(=O)N1C=C(C(=O)O)CC1,-8.61,9,4.433,5.902,0.39
lig_151,CC(C)(C)CC(=O)CNC(=O)c1cccc2c1OCC(C(N)=O)C2,-8.6,9,3.134,5.383,0.02
lig_202,CC(C)CN1CCc2cc3c(c(O)c2C1=O)OCc1c(O)ccc(CC(=O)O)c1O3,-8.6,9,4.975,9.88,0.27
lig_1298,CCc1c(C(=O)O)cc(CCCC(=O)O)c2c1C=CCO2,-8.6,9,2.172,2.887,0.17
lig_1472,CCc1cnc(-n2c(CC(C)C#N)cc3ccc(OC)nc3c2=O)cc1C(=O)O,-8.6,9,2.754,3.786,0.1
lig_1549,CN(C)c1c(C(=O)O)ccc2c(C(=O)O)c3n(c(=O)c12)C1CCCCC1(C)CC3,-8.6,9,7.034,11.459,1.74
lig_1628,CN1CCCC(=O)OCC=Cc2cc(C(N)=O)ccc2NC1=O,-8.6,9,4.245,10.494,0.22
lig_2237,Cc1cc(C)c2c(c1)-c1ccc3c(C(=O)O)c(C)oc3c1CCC(=O)N2,-8.6,9,7.603,9.339,0.82
lig_601,CC1c2c3n(c(=O)n(C)c2=O)C2CCC(N4CCCCC4=O)CC2(C)CC3CC1O,-8.59,9,3.6,7.031,0.02
lig_944,CCCCN1C(=O)CC(C)c2cc(C(=O)N3CCCC3)c(O)cc21,-8.59,9,2.982,5.587,0.29
lig_1173,CCN1CCC(c2cc(CC(=O)O)c(OC)c(C(=O)O)c2)C1,-8.59,9,2.622,4.439,0.21
lig_945,CCCCN1CC(C)(C)c2c(ccc3c2CCN(CC(=O)O)C3)C1=O,-8.58,9,2.955,5.357,0.55
lig_1489,CCc1nc(CCCC(=O)N(C)C)nc2cc(C)nc(NC(C)=O)c12,-8.58,9,3.181,7.362,0.25
lig_2476,Cc1ncnc2c1C=C(O)CC2CCCN1CCCCC1=O,-8.58,9,2.818,3.286,0.0
lig_850,CCCC(=O)N1CCCC(c2cc(CC(=O)O)ccc2O)C1,-8.57,9,2.574,3.313,0.09
lig_2165,Cc1c(CN2CCCC2=O)cn2c1CN1C(CO)CCC1CC2=O,-8.57,9,2.937,4.477,0.65
lig_005,C=C(C)c1cc(N2CCCN(C(=O)CCOC)CC2)c(CN)cc1CCC,-8.56,9,2.596,5.097,0.14
lig_230,CC(C)Oc1c2c(c3nccc(N4CCCCC4)c3c1O)CCN(C)C2,-8.56,6,3.327,5.925,0.44
lig_238,CC(C)c1cc(CCCO)c2n(c1=O)CCC(CC(=O)O)C2,-8.56,9,4.46,7.724,0.38
lig_1088,CCCc1cccc(-c2c(CC(=O)O)cn(C(=O)N3CCCC3)c2C)c1,-8.56,9,6.14,11.524,0.25
lig_1238,CCOc1cc(C(=O)O)c2c(c1)c(N)c(CCN1CCCCC1=O)n2C,-8.56,9,2.231,2.891,0.36
lig_1346,CCc1cc(C(=O)N(CC)CC(=O)O)nc2c(CN)c(OC)ccc12,-8.56,9,2.406,4.034,0.54
lig_1402,CCc1cc2c(cc1C(=O)O)C(Cc1cc(C)cc(O)c1)CN(CCO)C2=O,-8.56,9,2.846,3.729,0.13
lig_1593,CN1C(=O)c2cn(C3CCCC(C(=O)O)C3)cc2C(CCO)C1CO,-8.56,9,2.12,2.628,0.38
lig_1696,CNC(=O)CC1CCC(CCCc2ccccc2)CC1,-8.56,9,2.356,3.49,0.03
lig_1793,COC(=O)c1c(NC(=O)CCC(C)O)ccc2c1CCCC2,-8.56,9,2.176,2.614,0.17
lig_2239,Cc1cc(C)c2c(c1C)C(=O)n1cc(CN3CCCC3=O)c3cc(O)cc(c31)C2,-8.56,9,4.78,11.309,0.03
lig_2309,Cc1cc2c3c(c1C(=O)O)COc1c(O)cc(C(=O)O)c4c1C3=NN(CCO2)CC4,-8.56,9,10.199,13.997,0.51
lig_1265,CCOc1cc2nnc(CC(=O)N3CCCCCC3)c(=O)n2cc1C(=O)O,-8.55,9,2.476,3.044,0.01
lig_1869,COCc1cc(Cc2ccn(CC(=O)O)c2)cc2c1CCCO2,-8.55,9,2.134,3.244,0.28
lig_2288,Cc1cc2c(c(CNC(=O)CCCC(=O)OCCO)c1C)CCN(C)C2=O,-8.55,9,1.771,2.454,0.39
lig_2459,Cc1nc2c(c(NC(=O)N3C(=O)CCC3(C)C)c1C(=O)O)CCCC2,-8.55,9,2.956,4.403,0.48
lig_1379,CCc1cc(CCC(=O)NCCC(=O)N2CCCCC2)ccc1OC,-8.54,9,2.111,2.512,0.26
lig_1703,CNC(=O)CC1CCC2Cc3nc4c(C)ccnc4n3CC2C1,-8.54,9,2.534,3.405,0.33
lig_1774,COC(=O)C1C=Cc2c(O)c(C)cc(CC(=O)N3CCCC3)c2O1,-8.54,9,5.652,11.162,0.07
lig_1868,COCc1cc(Cc2ccn(CC(=O)O)c2)cc2c1CCC(C)O2,-8.54,9,2.627,3.905,0.02
lig_2722,O=C(O)Cc1ccc2cc1C(=O)N1CCC(CCOCCc3ccc(cc3)O2)C1,-8.54,9,9.456,12.681,0.78
lig_2821,O=C1C=CC(C2CCCC(=O)N2CCc2cc(CO)ccc2C(=O)O)=C1,-8.54,9,3.309,6.288,0.54
lig_375,CC1=CC2=C(C(C)C)Nc3ccc4c(c3CC2=C(C)N1)C(=O)N(CC(=O)O)C4,-8.53,8,7.382,12.259,0.84
lig_687,CCC(C)=C1N=C2CC(=O)NCN2c2c1ccc1c2CC(C(=O)O)C1(C)C,-8.53,9,5.359,8.602,1.07
lig_565,CC1Cc2cccc(C(=O)Nc3cccc(CCO)c3)c2CN(C)C1=O,-8.52,9,2.312,2.844,0.06
lig_583,CC1OC(CO)Oc2c1cc1c3c2CN(C)CCn3c(=O)n1C1CCCCC1,-8.52,9,4.236,10.181,0.95
lig_595,CC1Oc2ncc(CCC3CCC(C(=O)O)CC3)c(CC(=O)N(C)C)c2C=C1O,-8.52,9,4.61,7.43,0.35
lig_609,CC=C(C)c1ccc(O)c2c1CN1C(=O)C(CC(=O)N3CCCNCC3)CC=C1C2C,-8.52,9,4.404,9.956,0.0
lig_888,CCCC(=O)NCc1cnc2c(c1)Cc1cc(O)ccc1-c1ccccc1-2,-8.52,9,5.502,9.626,0.41
lig_1240,CCOc1cc(C(C)C)c2c(c1)N(C(=O)CCN(CC)C(=O)c1ccc(O)cc1)CCC2=O,-8.52,8,4.78,9.514,0.7
lig_1299,CCc1c(C(=O)O)cc(CCCC(=O)O)c2c1CCCO2,-8.52,9,2.204,2.817,0.02
lig_1307,CCc1c(CCC(=O)O)c(CC)c(=O)n2c1CC(CC(=O)O)CC2,-8.52,9,2.208,2.728,0.35
lig_1551,CN(C)c1cc(CC2CCC(C(=O)O)CC2)cc(C(=O)O)c1,-8.52,9,2.8,3.944,0.01
lig_910,CCCC1CC(C)(C)Oc2c3c4c(c(=O)n21)C(O)CN1C2CCC(CC3)(CC2)C41,-8.51,9,4.343,7.806,0.49
lig_2458,Cc1nc(O)c(-c2cnc(CC(N)=O)s2)cc1CC(C)C,-8.51,9,3.353,4.737,0.23
lig_1052,CCCc1cc(C)cc(CN2CCC(C(N)=O)CC2)c1C(=O)OC,-8.5,9,3.011,4.099,0.13
lig_1243,CCOc1cc(C)c2c(c1)C(=CCO)C1CC(N3CCCCC3=O)CC(=O)N1C2,-8.5,9,3.536,7.24,0.57
lig_1909,COc1c2ccccc2c(C(=O)O)c2cc3n(c12)CCN(CC(=O)O)C3,-8.5,9,3.311,6.412,0.09
lig_341,CC12CCCc3c(C(=O)O)c(O)c4c(c31)n(c(=O)n4C1CCCCC1)CCC2,-8.49,9,5.445,8.365,0.54
lig_670,CCC(=O)N1CCC(Cn2c(=O)n(C(CO)C(C)=O)c3ccccc32)CC1,-8.49,9,2.574,6.029,0.0
lig_984,CCCN1C(=O)C(CC)c2nc(C(=O)N(CC)CC(=O)O)cc3cccc1c23,-8.49,9,2.371,4.379,0.54
lig_1100,CCCn1c(=O)n(Cc2cc(C(=O)O)c(CC)s2)c(=O)c2ccc(C)cc21,-8.49,9,2.686,3.599,0.8
lig_1253,CCOc1cc(OC(C)CO)c2c(=O)n(C3CCCCC3)c(=O)[nH]c2c1,-8.49,9,3.506,7.624,0.01
lig_1496,CCc1sc(C(=O)Nc2c(C)ccc3c2NCC(O)C3)cc1C(=O)O,-8.49,9,3.076,6.093,0.57
lig_1974,COc1cc2c(c(-c3ccc(CCCC(=O)O)cc3)c1O)CCN(C)C2=O,-8.49,9,2.812,4.667,0.06
lig_2089,COc1ccc2c(c1)n(CC(=O)O)c(=O)n2CCCN1CCCC(C)C1=O,-8.49,9,2.265,4.721,0.32
lig_852,CCCC(=O)N1CCCC(c2cc(F)c(O)cc2O)C1,-8.48,9,4.086,5.604,0.07
lig_1771,COC(=O)C1=C=C(OC)C(O)c2c1nc1n2C=C(CCC(=O)N(C)C)CC1,-8.48,9,2.259,2.825,0.04
lig_1885,COc1c(CC(=O)O)cc(C2CCCN(C)C2)cc1C(=O)O,-8.48,9,2.438,3.166,0.21
lig_2229,Cc1cc(=O)n2cc(CN(C)C(=O)CCO)c3c2cc(c1=O)CCC1=NCCC13,-8.48,9,5.703,12.058,1.53
lig_2087,COc1ccc2c(c1)cc(CN)n2C(=O)CCN1CCCCC1=O,-8.47,9,2.182,2.744,0.05
lig_2234,Cc1cc(C(=O)O)cn(CCCN2CCCC(C)C2=O)c1=O,-8.47,9,1.972,2.461,0.51
lig_2438,Cc1ccnc2c(C(=O)O)cc(C(=O)CCC(=O)O)nc12,-8.47,9,2.495,3.595,0.17
lig_313,CC1(C)CCC(O)c2c1ncn(CCCN1CCCCC1=O)c2=O,-8.46,9,2.046,2.496,0.19
lig_493,CC1CCC(c2cc(CCN3CCCCC3=O)cc(C(=O)O)c2O)c2cscc21,-8.46,9,3.77,5.731,0.06
lig_863,CCCC(=O)N1CCN(c2cc(O)c(C(=O)OC(F)(F)F)cc2CCO)CC1,-8.46,9,2.817,5.768,0.22
lig_1550,CN(C)c1cc(CC(=O)O)cc(CC2CCC(C(=O)O)CC2)c1,-8.46,9,2.449,3.439,0.13
lig_1930,COc1cc(C)nc2c1CN1C(=O)C(CC(=O)O)CCC1=C2,-8.46,9,2.65,3.746,0.08
lig_2363,Cc1ccc2c(C)c3c4c5c2c1C(=O)N(C)C(CC(=O)N(C)CC4CC(CO)C3)O5,-8.46,9,12.026,13.952,1.34
lig_047,CC(=O)N1CCCCc2cc(C(=O)NCC(C)C)cn2-c2cccc(c2)C1,-8.45,9,3.266,4.889,0.28
lig_283,CC(O)c1c(=O)n2c(c3cc4c(cc13)OCCO4)CC1CCN(C(=O)CCO)C1CC2,-8.45,6,5.3,11.125,0.68
lig_820,CCC1n2c(c(CO)c3cccc(NC)c3c2=O)CCC1(C)C,-8.45,9,3.44,5.796,0.43
lig_1061,CCCc1cc(CC)cc(NC(=O)C2(C)CCNCC2)c1CCO,-8.45,9,2.738,4.627,0.03
lig_1794,COC(=O)c1c(O)cc(O)c2c1Oc1cc3c(c(O)c1OC2)C(=O)N(CC(C)C)CC3,-8.45,9,4.557,7.255,0.14
lig_588,CC1Oc2c(C(=O)NCC(=O)CC(C)(C)C)cccc2N(C)C1=O,-8.44,9,2.664,6.207,0.63
lig_977,CCCN(C)C(=O)c1cccc(NCCC(=O)N2CCCCC2)c1,-8.44,9,2.213,3.061,0.12
lig_2773,O=C(O)c1ccc2c3c(cccc13)CCC(=O)N1C(CCO)CCC21,-8.44,9,3.255,4.459,0.04
lig_353,CC1=C2C=C(C(=O)O)NC(C)=C2Cc2c(ccc3c2C(=O)N(CC(=O)O)C3)N1,-8.43,9,7.004,12.477,0.78
lig_1250,CCOc1cc(CC2CCC(C(=O)O)CC2)cc(N(C)C)c1,-8.43,8,2.14,2.555,0.06
lig_1944,COc1cc(CCN(C)C)c(CCC2CCC(C(=O)O)CC2)cn1,-8.43,9,3.147,6.75,0.53
lig_376,CC1=CC2=C(C(C)C)Nc3ccc4c(c3CC2=C(C)O1)C(=O)N(CC(=O)O)C4,-8.42,8,7.83,11.128,0.53
lig_1101,CCCn1c(CC(=O)N(C)CC)nc(=O)c2c(C)c(C(=O)O)ccc21,-8.42,9,2.529,4.123,0.46
lig_2756,O=C(O)c1cc2c(cn1)CN(Cc1ccn(CCO)c(=O)c1)c1c(O)cccc1-2,-8.42,9,3.34,4.73,0.21
lig_122,CC(C#N)c1cc(-c2ccccc2)c(=O)n(CC(C)(C)CCO)c1,-8.41,9,2.384,3.367,0.1
lig_613,CC=C1C=C2C(O)=CC3CN(C(=O)CCC(=O)O)Cc4cc(C)c(c2c43)OC1,-8.41,9,4.108,6.292,0.49
lig_908,CCCC1CC(C)(C)Oc2c3c4c(c(=O)n21)C(O)CC(O)C4C1=CC=CCC1=C3,-8.41,9,2.972,4.424,0.09
lig_2129,COc1nc2n(c(=O)c1C)C(CO)CC(CCN1CCCCC1=O)C2,-8.41,9,2.484,3.484,0.15
lig_2231,Cc1cc(C(=O)O)cc(CN(C)C)c1Oc1ccc(C(=O)O)cc1,-8.41,9,5.237,7.483,0.72
lig_1533,CN(C)C(=O)CCC1=Cn2c(nc3c2C(O)C(O)=CC3c2ccccc2)CC1,-8.4,9,4.52,7.221,0.38
lig_2079,COc1ccc2c(c1)N(C)C(=O)N1CC(NC(C)=O)CCC21,-8.4,9,3.794,5.734,0.05
lig_2088,COc1ccc2c(c1)n(C)c(=O)n2CCCN1CCCC(C)C1=O,-8.4,9,2.03,2.599,0.25
lig_900,CCCC1=CC(=O)NC2NC(CCCC(=O)N(C)C)=NC(CC)=C12,-8.39,9,2.433,2.801,0.28
lig_923,CCCC1CCN(C(=O)c2ccc3c(c2)C2(CCCC2)CN(CC(=O)NC)C3)C1,-8.39,9,5.829,9.068,0.46
lig_1546,CN(C)Cc1cc(CCN(C)C2CCCC2)cc(C(=O)O)c1,-8.39,9,1.949,3.454,0.11
lig_2256,Cc1cc(CN(C)C)c(CCC2CCC(C(=O)O)CC2)cn1,-8.39,9,2.713,4.602,0.14
lig_2358,Cc1ccc(CN2CCC(C(N)=O)CC2)c(C(=O)O)c1,-8.39,9,6.842,8.873,0.11
lig_059,CC(=O)NC1CC2Cc3nc4c(c(=O)n3C2C1)C(O)=CC1=Nc2sccc2CN14,-8.38,9,3.501,4.914,0.09
lig_205,CC(C)CNC(=O)CC1CCC(N2CCC(C)CC2=O)CC1,-8.38,9,1.966,3.132,0.03
lig_384,CC1=CC2=CCN(CCC3CCCC(C(=O)O)C3)CC2=C(C)C1=O,-8.38,9,2.334,4.356,0.1
lig_644,CC=Cc1c2c(n(C)c1C)N(Cc1ccn(CCCO)c(=O)c1)CC(CO)=C2C#N,-8.38,9,2.38,3.285,0.01
lig_767,CCC1CC(C)(C)Oc2c(C)c3c(c(=O)n21)C(O)CN(C(=O)C(C)(C)CO)C3,-8.38,9,4.149,9.817,0.14
lig_003,C=C(C)c1cc(CC(=O)N(C)CCC2CCCC2)c(CO)cc1C(=O)O,-8.37,9,2.817,5.569,0.69
lig_751,CCC1C(=O)C2CC(CN3CCCCC3=O)CC2c2nc(OC)cnc21,-8.37,9,2.252,2.814,0.09
lig_951,CCCCc1cc(C)cn1CC(=O)CCN1CCN2C(=O)CCCCC2C1,-8.37,9,1.75,2.681,0.02
lig_980,CCCN(C)C(=O)c1nn(CC2CCCCCC2)c2c1CC(C(=O)O)=CC2=O,-8.37,9,3.364,5.505,0.36
lig_1252,CCOc1cc(CCN(C)C)c(CCC2CCC(C(=O)O)CC2)cn1,-8.37,9,2.174,2.574,0.35
lig_1792,COC(=O)c1c(CN2CCC(C(N)=O)CC2)cc(C)cc1C(=O)O,-8.37,9,3.766,7.463,0.77
lig_2121,COc1cccc2c1c(CN(C)C(=O)CCO)cn2C(=O)C1=CN(C)CC1C,-8.37,9,4.587,7.499,0.73
lig_690,CCC(C)C1CCCC(NC(=O)C2CCCC(C(=O)O)C2)C1,-8.36,9,2.524,3.838,0.05
lig_757,CCC1C(CO)c2ccc3c([nH]c(=O)n3C3CCCCC3)c2C(=O)N1C,-8.36,9,4.606,12.337,0.13
lig_886,CCCC(=O)NCc1cnc2c(c1)CC1=C3c4c(cccc4-2)C=NC3C(O)NC1=O,-8.36,9,2.664,3.978,0.05
lig_1521,CN(C(=O)Cc1cc(CN)cc(C(=O)O)c1)C1CCCC1,-8.36,9,4.03,4.503,0.29
lig_2752,O=C(O)c1cc(O)c2c3c1CCN1CCCc4cc5ccccc5c(c4C3=N1)CO2,-8.36,9,9.488,11.91,0.47
lig_124,CC(C#N)c1cc(C2=CCCC2)c(=O)n(CC(C)(C)CCO)c1,-8.34,9,2.588,4.506,0.13
lig_895,CCCC(Cc1cccc(C(=O)NCCC(C)C(=O)O)c1)OC,-8.34,9,1.908,2.749,0.24
lig_1498,CCc1sc(C(=O)Nc2cccc(C(=O)NC)c2)cc1C(=O)O,-8.34,9,2.599,2.947,0.23
lig_1980,COc1cc2c(cc1C(C)(C)C)CCCOC(=O)CCCN(C)C(=O)N2,-8.34,9,3.274,5.431,0.44
lig_2084,COc1ccc2c(c1)Oc1c(cccc1OC(F)(F)F)NC2=O,-8.34,9,8.155,13.598,0.16
lig_2708,O=C(O)Cc1cc(C2CCCC2CO)cc2c1OCCO2,-8.34,9,1.91,2.235,0.28
lig_178,CC(C)(CO)C(=O)n1cc(CCN)c2c(c1=O)CCCCC=C2,-8.33,9,3.304,6.892,0.14
lig_683,CCC(=O)c1c(CN2CCC(C(N)=O)CC2)cccc1OC,-8.33,9,2.359,3.53,0.51
lig_1784,COC(=O)N(CCCO)c1cccc(C(=O)N2CCC(=O)C2)c1,-8.33,9,2.094,3.299,0.6
lig_018,C=C1CCCc2ccccc2NC(=O)c2cccc(c2)CC(C)C(=O)N1,-8.32,9,7.928,11.752,0.45
lig_334,CC1(N)CN2CCC3(CCCC(C(=O)O)C3)Oc3cc(O)c4c(O)ccc1c4c32,-8.32,9,7.24,11.251,0.27
lig_797,CCC1CN(C(=O)CCC#N)CC1c1cccc(OC)c1,-8.32,9,4.436,5.804,1.78
lig_1030,CCCOc1ccc(CCN2CCCCC2=O)cc1C,-8.32,9,1.925,2.523,0.35
lig_1045,CCCc1c2c(c3n(c1=O)CCC(CC(=O)O)C3)CC(O)C(CC)C2,-8.32,9,3.32,5.29,0.2
lig_1242,CCOc1cc(C)c2c(=O)n3c(c(C(=O)O)c2c1)CCC1(C)CCOC(=O)CC31,-8.32,8,4.019,7.647,0.27
lig_1347,CCc1cc(C(=O)N(CC)CC(=O)O)nc2cc(OC)c(OC)cc12,-8.32,9,2.855,4.807,0.44
lig_1765,CNCc1cc(Cc2cnsc2)cc2c1CN(CC(=O)O)C2,-8.32,9,4.353,5.091,0.13
lig_2160,Cc1c(CN(C)C2(C)CCC(C(=O)O)C2)ccc(C(=O)N(C)CC(F)(F)F)c1O,-8.32,9,4.03,4.7,0.15
lig_260,CC(CC(=O)O)Cc1nc2ccccc2c(O)c1CO,-8.31,9,2.608,3.987,0.27
lig_969,CCCN(C(=O)OC)c1cccc(C(=O)N2CCC(=O)C2)c1,-8.31,9,2.13,3.442,0.32
lig_1267,CCOc1ccc(C(=O)N2CCCC(C)C2)c(CN2CCCC2=O)c1,-8.31,9,3.683,5.638,0.53
lig_1507,CCn1c(=O)n(C2CCCCC2)c(=O)c2c(OC)cc(OC)cc21,-8.31,9,2.159,4.398,0.33
lig_1767,CNCc1ccc(C(N)=O)c(CC(=O)N(C)C2CCCC2)c1,-8.31,9,3.214,6.209,0.08
lig_1255,CCOc1cc(OC)cc2c1c(=O)n(C1CCCCC1)c(=O)n2CC,-8.3,9,2.222,4.494,0.07
lig_1768,CNCc1cccc(CCC(=O)NCCC(=O)N2CCCCC2)c1,-8.3,9,2.108,2.917,0.04
lig_1872,COc1c(C(=O)O)c(NC(C)=O)cc2c1N1CCN(CC(=O)O)CC1CC2C,-8.3,9,5.542,12.08,0.99
lig_1020,CCCOC(=O)c1cc(CC(O)C(=O)O)cc(CN2CCCCC2=O)c1,-8.29,9,1.989,2.33,0.03
lig_1049,CCCc1cc(C(C)C)c(=O)n2c1CC(CC(=O)O)CC2,-8.29,9,5.323,9.25,0.47
lig_1119,CCN(C)C(=O)Cc1nc(=O)c2c(C)c(C(=O)O)ccc2n1CC,-8.28,9,2.363,3.491,0.11
lig_1504,CCn1c(=O)c2c(N)c(CCN3CCCCC3=O)n(C)c2c2cscc21,-8.28,9,2.934,3.851,0.12
lig_1639,CN1CCCN(CC(=O)N2CCC(c3csc(C4CCCC4)c3)C2)C1=O,-8.28,9,2.874,5.15,0.19
lig_2039,COc1ccc(-n2ccc(C(=O)N3CCCC3C(=O)O)c2)cc1OCCO,-8.28,9,2.025,2.261,0.09
lig_279,CC(O)CN(C)C(=O)CCC1c2cc(O)ccc2CCC1O,-8.27,9,2.185,3.509,0.07
lig_1024,CCCOc1c(CO)cc(C2CCN(C)CC2)cc1CC(=O)O,-8.27,9,2.534,3.372,0.41
lig_1096,CCCc1nc2c(c(N)c(CCN3CCCCC3=O)n2C)c(=O)n1C,-8.27,9,2.058,2.938,0.06
lig_1159,CCN(Cc1cc2c3c(ccn3c1)C(=O)CCOC2=O)C(=O)CCO,-8.27,9,3.069,5.773,0.34
lig_1303,CCc1c(C)n(CC)c(=O)c2c(N)c(CCN3CCCCC3=O)n(C)c12,-8.27,9,2.06,2.445,0.25
lig_1493,CCc1nc2c(c(N)c(CCN3CCCCC3=O)n2C)c(=O)n1CC,-8.27,9,1.989,2.323,0.08
lig_1925,COc1cc(C)c2c(c1)c(C(C)C#N)cn2C(=O)N1CCNC(=O)C1,-8.27,9,5.72,8.817,0.24
lig_2625,O=C(O)C1CCC2N(C1)C(=O)c1ccc3c4c1N2CCCC4C(=O)C=C3,-8.27,9,8.521,10.848,0.33
lig_2691,O=C(O)CN1Cc2ccc3c(c2C1=O)CC1c2c(cccc2C(=O)OC1O)N3,-8.27,9,4.424,10.158,0.58
lig_639,CC=Cc1c(NC(=O)CN2CCCCC2=O)cc(=CCC)c2c1C=CC(C)C=2O,-8.26,9,4.514,7.352,0.04
lig_1779,COC(=O)CCc1cccc(CC(=O)NC2CCN(C)C2)c1,-8.26,9,2.052,2.935,0.06
lig_2383,Cc1ccc2c(cc(C)c3cocc32)c1C(=O)N1CCC(C(=O)NCC(C)(C)C)C1,-8.26,9,4.098,6.573,0.28
lig_191,CC(C)C(=O)NCCn1cc2c3c(ncnc31)NCCCOC2,-8.25,9,1.859,2.373,0.08
lig_1808,COC(=O)c1ccc2n3c(c4c(c13)CN(C)CC4)-c1cc(C)ccc1N(C)C2,-8.25,9,5.451,11.702,0.28
lig_2509,N#Cc1c(O)cc2c3n(c(=O)c4c2c1CCCC4)CCC1C(CCN1C(=O)CCO)C3,-8.25,6,2.394,2.568,0.59
lig_162,CC(C)(C)c1ccc(N2CCCN(C(=O)CCO)CC2)cc1,-8.24,9,3.773,6.933,0.92
lig_507,CC1CCCCN(C)C(=O)c2cc3c(cc2O1)cc(CC(=O)O)c(=O)n3C,-8.24,9,5.11,8.976,0.05
lig_989,CCCN1CCC(C)(C(=O)NC2CN(C)c3c2ccc2c(O)cccc32)CC1=O,-8.24,9,3.068,4.214,0.21
lig_1085,CCCc1ccc2c(c1)c(C(=O)O)cn2C(=O)N1CCNC(=O)C1,-8.24,9,3.596,4.591,0.4
lig_2742,O=C(O)c1cc(CCO)cc(CN2CCCCC2=O)c1,-8.24,9,3.122,3.952,0.06
lig_1268,CCOc1ccc(C(=O)N2CCCCC2)c(CN2CCCC2=O)c1,-8.23,9,3.365,4.133,0.46
lig_1334,CCc1c2c(cn(Cn3cccc3)c1=O)CC(=O)C(C)N2,-8.23,9,2.893,5.936,0.28
lig_1618,CN1CCC(c2cc(CO)c(OCC(=O)O)c(CC(=O)O)c2)CC1,-8.23,9,2.861,4.344,0.12
lig_272,CC(O)C1=CC2=NCCCc3ccccc3OC(=O)N(C)C(C)C(=O)NC2C=C1,-8.22,9,8.124,12.095,0.93
lig_1290,CCOc1cccc2nc(CCCC(=O)N(C)C)nc(CC)c12,-8.22,9,2.181,3.783,0.16
lig_2549,NCc1cc2c(CCCO)nccc2n1C(=O)C1CC2CCCC(=O)N2C1,-8.22,9,2.572,3.818,0.36
lig_2628,O=C(O)C1CCCCC1C(=O)NCc1ccccc1,-8.22,9,2.399,3.316,0.15
lig_2724,O=C(O)Cn1c(=O)c2cc3c(cccc31)-c1cccc(c1)C(=O)N1CCC(C=CC=CC2)C1,-8.22,9,7.51,10.856,0.93
lig_246,CC(C)c1ccc2c(C(=O)O)cn(C(=O)N3CCCCC3CO)c2c1,-8.21,9,4.725,9.753,0.24
lig_868,CCCC(=O)N1CCN(c2cc(O)c(CC(C)C)cc2CCO)CC1,-8.21,9,2.578,3.77,0.4
lig_1272,CCOc1ccc2c(CC)c(=O)n3c(c2c1)CC1CCN(C(=O)CCO)C1CC3,-8.21,9,3.505,6.492,0.84
lig_1310,CCc1c(CO)cc(C(C)C)cc1CCCC(=O)O,-8.21,9,2.173,2.983,0.03
lig_2055,COc1ccc(CCC(=O)NCCC(=O)N2CCCCC2)cc1CCO,-8.21,9,3.716,4.067,0.25
lig_2072,COc1ccc2c(c(N)c(CCN3CCCCC3=O)n2C)c1O,-8.21,9,2.455,3.428,0.06
lig_019,C=C1CN(Cc2ccccc2)C2=CC3CC(C(=O)O)CCN3C(=O)C2=C1O,-8.2,9,6.413,10.22,0.14
lig_192,CC(C)C(=O)n1cc(C(=O)O)c(=O)c2cc(C(C)(CCO)C(=O)O)ccc21,-8.2,9,3.547,4.914,0.39
lig_487,CC1CC2c3ccc(OC(C)C(=O)O)cc3C(CO)C(=O)N2C1,-8.2,9,2.9,4.089,0.3
lig_817,CCC1n2c(c(C(=O)O)c3ccc(C(C)C)c(N(C)C)c3c2=O)CCC1(C)C,-8.2,6,2.675,6.405,0.41
lig_1217,CCOC1=CC=C2C(=C(CN)C=C(NC(C)(C)C)N2C)C1,-8.2,9,2.441,4.808,0.25
lig_1615,CN1CC2c3c(ccc4cccc(c34)N3C(=O)CC(N4CCCCC4=O)CC23)C1=O,-8.2,9,3.231,7.34,0.21
lig_204,CC(C)CNC(=O)CC1CCC(N2C=CC(C)CC2=O)CC1,-8.19,9,2.402,2.945,0.0
lig_1366,CCc1cc(C)cc(CN2CCC(C(N)=O)CC2)c1C(=O)O,-8.19,9,3.95,9.994,0.11
lig_1547,CN(C)Cc1cc(CCN(C)C2CCCC2)cc(C(N)=O)c1,-8.19,9,2.045,2.834,0.12
lig_1717,CNC(=O)CN1Cc2ccc(C(=O)N3CC4CC(O)OC4C3)cc2C2(CCCC2)C1,-8.19,9,3.638,5.805,0.28
lig_1991,COc1cc2c(cn1)CN(Cc1ccn(CCO)c(=O)c1)c1c(O)cccc1-2,-8.19,9,4.672,8.267,0.05
lig_1075,CCCc1ccc(C(N)=O)c2c1CC(=O)C(C1CCCCC1)C2,-8.18,9,4.02,4.699,0.41
lig_1197,CCNC(=O)Cc1nc(=O)c2c(C)c(C(=O)O)ccc2n1CC,-8.18,9,5.204,11.817,0.04
lig_1796,COC(=O)c1cc(C)cc(C(=O)NCC(C)(C)C)c1,-8.18,9,2.056,2.645,0.14
lig_1844,COC1=Cc2c(cn(C(=O)C(C)(C)CO)c(=O)c2CC(C)C)CC1O,-8.18,9,3.456,5.921,0.08
lig_1854,COC1CC(O)c2c(CN3CCC(C(N)=O)CC3)cccc2O1,-8.18,9,3.079,5.663,0.18
lig_2380,Cc1ccc2c(c1C(=O)N1CCC(C(=O)NC3CCC(O)C3)C1)CCc1cocc1-2,-8.18,9,4.051,6.868,0.4
lig_2924,OCCOc1c2c(c3nccc(N4CCCCC4)c3c1O)CCN1CCCC21,-8.18,9,6.641,11.769,0.99
lig_177,CC(C)(CCO)Cn1cc(C(N)=O)cc(-c2ccsc2)c1=O,-8.17,9,3.792,6.087,0.03
lig_1073,CCCc1ccc(C(=O)NCc2cccc(C(=O)O)c2)s1,-8.17,9,2.212,3.033,0.15
lig_1157,CCN(CCCO)Cc1cccc(NC(=O)CCN2CCCCC2=O)c1,-8.16,9,2.581,3.225,0.24
lig_990,CCCN1CCC(C)(C(=O)NC2CN(C)c3c2ccc2c3CC=CC2=O)CC1=O,-8.15,9,3.672,5.028,0.03
lig_1266,CCOc1ccc(-n2ccc(C(=O)N3CCCC3C(=O)O)c2)cc1OC,-8.15,9,1.778,2.418,0.08
lig_2247,Cc1cc(CC(=O)O)n(CC(=O)CCN2CCN3C(=O)CCCCC3C2)c1,-8.15,9,1.901,2.213,0.21
lig_2473,Cc1ncc(C(=O)NC2CCCC2O)cc1CN(C)C,-8.15,9,2.515,3.431,0.14
lig_684,CCC(=O)c1cc(C(=O)N(CC)CCO)nc2cc(O)ccc12,-8.14,9,2.291,3.401,0.19
lig_2097,COc1ccc2c3c1C(C)(C)CN3C(=O)CC2c1cccc(C(=O)O)c1,-8.14,9,2.834,5.709,0.63
lig_2178,Cc1c(O)cc2c(c1C)CN1C(=O)CCCC1CO2,-8.14,9,3.306,5.44,0.38
lig_176,CC(C)(CCN1CSc2ccc(C(=O)O)cc21)CC(=O)O,-8.13,9,3.079,4.133,0.05
lig_282,CC(O)COc1cccc(C(=O)NCC2CCCC2C)c1,-8.13,9,1.92,2.238,0.09
lig_1553,CN(C)c1ccc(C(=O)O)c(CCN2C(=O)CCCC2C2=CC(=O)C=C2)c1,-8.13,9,2.971,5.121,0.19
lig_2046,COc1ccc(C=CCc2ccccc2)c(C=C2COCCN2C(=O)CCN)c1,-8.13,9,2.953,5.364,0.41
lig_041,CC(=O)N1C=C2CC(C)=NC=C2c2cc(O)c3c(N4CCCCC4)cccc3c21,-8.12,8,5.245,11.175,0.27
lig_1568,CN1C(=O)C2=COCC(C(C)(C)C)C(=O)CNC(=O)c3cccc1c3O2,-8.12,9,9.192,12.625,1.79
lig_1631,CN1CCCC(=O)OCCCc2cc(C(N)=O)ccc2NC1=O,-8.12,9,7.7,13.574,0.54
lig_1778,COC(=O)CCNC(=O)CC1CCC(N2CCCCC2=O)CC1,-8.12,9,2.71,3.133,0.18
lig_2663,O=C(O)CCNC(=O)c1c2n(c3ccccc13)CCC(C(=O)N1CCCCC1)C2,-8.12,9,4.208,5.297,0.47
lig_123,CC(C#N)c1cc(C2=CC=NC2)c(=O)n(CC(C)(C)CCO)c1,-8.11,9,2.573,3.079,0.09
lig_351,CC1=C(O)CCC2CC(N3CCC(C)CC3=O)CCC2CC(=O)NC1,-8.11,9,3.812,6.67,0.93
lig_2245,Cc1cc(CC(=O)N2CCCC2)c2c(c1O)C=CC(c1cc(O)ccc1F)O2,-8.11,9,5.983,12.112,0.63
lig_2603,O=C(Cc1cccc(OC(F)(F)F)c1)NCCC(C(=O)O)C(F)(F)F,-8.11,9,2.484,3.012,0.01
lig_584,CC1OC2=CC3CC4CN(CC(=O)N(C)C)CCC4CN3c3ncnc(c32)O1,-8.1,9,3.631,4.892,0.64
lig_861,CCCC(=O)N1CCN(c2cc(O)c(C(=O)N(C)C)c3c2CCCC(C)O3)CC1,-8.1,9,2.646,3.077,0.74
lig_1247,CCOc1cc(CC)c(NC(=O)CN2CCCCC2=O)cc1CN,-8.1,9,2.156,2.622,0.0
lig_170,CC(C)(CC(=O)N1Cc2cccc3c2C(CCC3)C1)C(=O)O,-8.09,9,3.189,4.492,0.97
lig_442,CC1C(=O)N2c3cc(ccc3C3CCCCC32)-c2ccccc2OC(=O)N1C,-8.09,9,4.146,7.891,0.2
lig_768,CCC1CC(C)(C)Oc2c(CC(=O)O)cc(C(O)C(C)=O)c(=O)n21,-8.08,9,4.446,8.427,0.52
lig_1922,COc1cc(C(=O)O)cc(CN(C)C)c1Oc1ccc(C(=O)O)cc1,-8.08,9,6.279,13.699,0.37
lig_828,CCC=CC1=C2C(=NC1)COc1c(CN(CC)C(=O)CCO)cc(CNC)cc12,-8.07,9,2.894,4.133,0.21
lig_1027,CCCOc1cc(O)c(C(=O)N(C)CCC)c2nc(CCC)c(O)c(O)c12,-8.07,9,2.654,4.862,0.81
lig_1548,CN(C)Cc1ccc(O)c(CCN(C)C2CCCC2)c1,-8.07,9,2.183,2.797,0.18
lig_1780,COC(=O)CCc1cccc(CC(=O)NCC(C)C)c1,-8.07,9,2.448,3.047,0.16
lig_722,CCC(CC1CCC(N2CCCCC2=O)CC1)N1CCC(O)C1=O,-8.06,9,2.342,3.781,0.36
lig_278,CC(O)CN(C)C(=O)CCC1CCCc2ccc(O)cc21,-8.05,9,2.151,3.413,0.09
lig_896,CCCC1=C2C=C(C)NC(C)=C2Cc2c(ccc3c2C(=O)N(CC(=O)O)C3)N1,-8.05,4,4.107,5.923,0.18
lig_1627,CN1CCCC(=O)OCC=Cc2cc(C(=O)O)ccc2NC1=O,-8.05,9,3.228,4.848,0.58
lig_874,CCCC(=O)N1CCN(c2ccc(C(=O)N(C)C)c3c2CCCC(C)O3)CC1,-8.04,9,3.05,3.949,0.46
lig_1026,CCCOc1cc(O)c(C(=O)N(C)CCC)c2nc(C(=O)O)c(O)c(O)c12,-8.04,9,3.21,7.141,0.56
lig_1093,CCCc1cnc2c3c1CCC(N)C3C(=O)c1c-2ccc(O)c1N1CCCCC1,-8.04,9,4.062,8.455,0.13
lig_1558,CN(CCC1CCCC1)C(=O)Cc1ccc(C(=O)O)cc1CO,-8.04,9,3.727,5.861,0.1
lig_1560,CN(CCCC(=O)O)C(=O)NC1CC(=O)C(c2ccccc2)=C1CCCN,-8.04,9,2.969,3.636,0.51
lig_1797,COC(=O)c1cc(C)nc(N)c1CC1CCCC(NC(=O)C(C)(C)C)C1,-8.04,9,3.105,4.569,0.0
lig_2297,Cc1cc2c(cc1C(=O)N(C)CCC(=O)N1CCNCC1)C(=O)OCCCCO2,-8.04,9,4.157,5.772,0.29
lig_446,CC1C(=O)NC2C=CC(C(=O)O)=CC2=NCCCc2ccccc2OC(=O)N1C,-8.03,7,4.634,8.066,0.72
lig_490,CC1CCC(N2CCC3C(O)=CC4Cc5ccccc5N(C2=O)C43)C1(C)C,-8.03,9,2.456,4.994,0.23
lig_526,CC1CCN(C2CCC(CC(=O)NC(C)C(=O)O)CC2)C(=O)C1,-8.03,9,2.101,2.5,0.12
lig_1227,CCOc1c(CN(C)C)cc2c(cc(CC(=O)O)c(=O)n2C)c1C,-8.03,9,2.678,3.746,0.03
lig_1555,CN(C)c1cccc2c(C(=O)O)c3n(c(=O)c12)C1CCCCC1(C)CC3,-8.02,9,7.16,12.074,0.64
lig_031,CC(=O)C1CCCC(NC(=O)C2CCCC(C(=O)O)C2)C1,-8.01,9,3.956,5.465,0.38
lig_877,CCCC(=O)N1CCN2c3ccc(C4OCCC4=O)cc3CN(C)CC2C1,-8.01,9,3.065,5.356,0.41
lig_1540,CN(C)C(=O)c1cnc(CCN2CCCCCC2=O)c(CO)c1,-8.01,9,2.291,2.536,0.03
lig_1575,CN1C(=O)Cc2c(C(=O)O)ccc3c2C(=C2CCCC21)Cc1nn[nH]c1-3,-8.0,9,9.555,13.132,0.67
lig_2053,COc1ccc(CCC(=O)NCCC(=O)N2CCCCC2)cc1,-8.0,9,3.339,4.327,0.09
lig_834,CCCC(=O)N(C)C1CCC2C(C1)CC1C(CC(=O)O)Oc3ccccc3C(=O)N21,-7.99,9,2.886,4.924,0.04
lig_637,CC=Cc1c(=O)n2c(c3c(O)cc(CO)c(CC)c13)CCC(NC(C)=O)C2,-7.96,9,8.402,13.034,1.14
lig_2083,COc1ccc2c(c1)N=C(C)N1CC(NC(C)=O)CCC21,-7.96,9,2.821,3.449,0.73
lig_2430,Cc1cccc2cc3c(cc12)CC(O)CCOC(=O)CCCN(C)C(=O)N3,-7.96,9,5.64,10.369,0.31
lig_1544,CN(C)Cc1cc(C(=O)O)cc(CN)c1Oc1ccc(C(=O)O)cc1,-7.95,9,4.753,7.659,0.72
lig_1649,CN1CCN(c2cccc(OC(F)(F)F)c2)CC1=O,-7.95,9,3.421,4.369,0.04
lig_1208,CCOC(=O)N1Cc2c(C)c(CN3CCCC3=O)cn2C(=O)C2=CCCC21,-7.94,9,5.64,9.787,1.13
lig_991,CCCN1CCC(C)(C(=O)NC2CN(C)c3c2ccc2c3CCCC2=O)CC1=O,-7.93,9,3.2,5.453,0.13
lig_1584,CN1C(=O)N2C(C(=O)O)CCC2c2cc3c(N4CCCCC4)ccnc3nc21,-7.93,9,7.945,12.571,0.42
lig_1642,CN1CCCN(CC(=O)N2CCC(c3csc(CC(=O)O)c3)C2)C1=O,-7.93,9,3.418,5.107,0.32
lig_611,CC=C(CC)c1cc(=O)n(CCCN2CCCCC2=O)cn1,-7.92,9,2.015,3.043,0.14
lig_719,CCC(CC1CCC(N2CCC(C)CC2=O)CC1)N1CCCC(O)C1=O,-7.92,9,2.208,3.013,0.11
lig_957,CCCCc1cc2c(c(OC)c1C(=O)O)N1CCN(CC(=O)O)CC1CC2C,-7.92,9,5.542,11.563,0.58
lig_1976,COc1cc2c(c(OC)c1)N1Cc3c(C)cccc3OC3=C1C(=C2)OC=C3,-7.92,9,6.683,8.36,0.31
lig_2115,COc1ccc2nc(CCCC(=O)N(C)C)nc(CCO)c2c1,-7.92,9,2.166,2.675,0.12
lig_966,CCCCc1nc(CO)c2c3c(cnc2c1CC)CN(CC(=O)O)CC3,-7.91,9,2.73,4.133,0.19
lig_1343,CCc1c2n(c(C(C)C)cc1=O)C(=O)N(CC(C)(C)C)C2,-7.91,9,2.502,4.407,0.22
lig_2551,NCc1ccc(OCCN2CCCCC2=O)c(CCO)c1,-7.91,9,3.888,4.456,0.11
lig_264,CC(CC1CCC(N2CCCCC2=O)CC1)N1CCC(C(=O)O)C1,-7.9,9,3.303,4.568,0.03
lig_691,CCC(C)CC(=O)CNC(=O)c1c(C)cn(CCC(=O)O)c1C,-7.9,9,2.093,3.055,0.16
lig_1019,CCCOC(=O)CCC(=O)NCC1C=Nc2nc(CC)c(C)cc21,-7.9,9,1.943,2.46,0.17
lig_812,CCC1c2cccc3c2C2N(CC(=C4C=CC=C(C)C4)CN2C(=O)N1C)C3=O,-7.89,9,3.619,6.967,0.31
lig_816,CCC1n2c(c(C(=O)O)c3ccc(C(C)=O)c(N(C)C)c3c2=O)CCC1(C)C,-7.88,9,7.062,12.199,1.08
lig_1285,CCOc1ccc2nc(C(=O)N3CCCCC3)c(C)c(NC(C)=O)c2c1,-7.88,9,4.536,5.912,0.07
lig_2334,Cc1cc2cc(c1)C1CCCN(C1)C(=O)c1ccc3c(C(=O)O)cnc(c3c1)CCC2,-7.88,9,4.8,8.607,0.3
lig_127,CC(C(=O)O)c1cc(C2CCN(C(=O)CN3CCCN(C)C3=O)C2)cs1,-7.87,9,2.922,4.105,0.45
lig_1231,CCOc1c(OC)cc2c3c1CC(C)(C)C(O)C=3NC1CCC(C(=O)O)CC=21,-7.87,9,6.892,11.914,0.24
lig_1031,CCCOc1ccc(CCN2CCCCC2=O)cc1O,-7.86,9,2.124,3.371,0.18
lig_1527,CN(C)C(=O)CC1CCC2CC3CCCC3C3CCCCC3CC2C1O,-7.86,9,3.366,4.695,0.02
lig_447,CC1C(=O)NC2C=CC=CC2=NCCCc2ccccc2OC(=O)N1C,-7.84,9,9.442,10.076,0.48
lig_922,CCCC1CCCc2c(c(CCO)cn(C(=O)C(C)(C)CO)c2=O)C1,-7.84,9,3.21,4.91,0.09
lig_1288,CCOc1cccc(CN2CCC(C(N)=O)CC2)c1CC,-7.84,9,2.539,3.591,0.15
lig_175,CC(C)(CCN1CSc2c(OCCO)cc(C(=O)O)cc21)CC(=O)O,-7.83,9,2.112,2.668,0.04
lig_2116,COc1ccc2nc(CCCC(=O)N(C)C)nc(CO)c2c1,-7.83,9,2.284,3.726,0.04
lig_876,CCCC(=O)N1CCN2C(=CN(C)Cc3cc(C(=O)N4CCCC4)c(O)cc32)C1,-7.82,8,3.131,4.288,0.37
lig_1097,CCCc1nc2ccn(CC(C)(C)C)c(=O)c2cc1OC,-7.82,9,2.375,4.502,0.25
lig_1815,COC1=C2CC(C)(C)Cc3c2c(cn(C(=O)C(C)(C)CO)c3=O)CC1O,-7.82,9,3.698,6.026,0.31
lig_2733,O=C(O)c1c2n(c(=O)c3ccccc13)C1CC(C2)CC(C(=O)O)C1,-7.82,9,4.897,10.646,0.46
lig_515,CC1CCCOCc2cn(CCNC(=O)C(C)C)c3ncnc(c23)N1,-7.81,9,3.509,9.177,0.29
lig_688,CCC(C)C1=CCCCCc2c(c(C)cn2CCC(=O)O)C(=O)NCC1=O,-7.81,9,6.242,12.713,0.78
lig_999,CCCNC(=O)CC1CCC(N2CCC(C)CC2=O)CC1,-7.81,9,2.18,3.015,0.08
lig_2183,Cc1c(O)cc2cc1CCN(C)C(=O)Nc1ccccc1C(=O)N2,-7.81,9,3.75,10.208,0.27
lig_2926,Oc1c2c3c(c4nccc(N5CCCCC5)c14)CCN1CCC(=C31)CCCO2,-7.8,9,5.217,9.253,0.8
lig_946,CCCCc1c(C(=O)NCC(=O)CC(C)CC)c(C)cn1CCC(=O)O,-7.79,9,2.433,3.351,0.45
lig_2162,Cc1c(CN2CCCC2=O)cn2c1CN(C(=O)OC(C)(C)C)C1CCC=C1C2=O,-7.79,9,5.631,8.473,0.18
lig_2308,Cc1cc2c3c(c1C(=O)O)COc1c(O)cc(C(=O)O)c4c1C3=NN(CCC2)CC4,-7.79,9,8.049,12.832,0.36
lig_326,CC1(C)CN2CCC3(CCCC(C(=O)O)C3)Oc3cc(O)c4c(O)ccc1c4c32,-7.78,9,7.781,12.264,0.51
lig_1949,COc1cc(CO)c(C)c2c1OCC1CCCC(=O)N1C2,-7.77,9,3.242,5.374,0.47
lig_2135,Cc1c(C(=O)O)cc2nc(Cn3ccnc3)oc2c1F,-7.77,9,2.576,3.69,0.25
lig_882,CCCC(=O)NCc1cnc2c(c1)CC(C)=C(CCC(=O)O)c1ccccc1-2,-7.76,9,3.113,4.424,0.11
lig_968,CCCCn1cc(CCN2CCCC2=O)c(O)c(O)c1=O,-7.76,9,2.527,3.623,0.0
lig_2848,O=C1CCCCN1CC1CCC2C(C1)c1nccnc1C(CO)C2O,-7.76,9,3.57,7.334,0.44
lig_437,CC1C(=O)N2C3C=C(C=CC3=C3CC(C)(C)CCC32)c2ccccc2OC(=O)N1C,-7.75,9,3.706,9.971,0.03
lig_674,CCC(=O)N1Cc2c(ncc3c2CCCN(CC(=O)O)C3)C(C)C1=O,-7.75,9,3.555,4.912,0.07
lig_764,CCC1C=Cc2c(CCN)cn(C(=O)C(C)(C)CO)c(=O)c2CCC1,-7.75,9,4.593,6.03,0.01
lig_250,CC(C)c1ccc2c(c1)c(C(=O)O)cn2C(=O)N1CCNC(=O)C1,-7.74,9,4.435,9.891,0.12
lig_1232,CCOc1c(OC)ccc2nc(CCCC(=O)N(C)C)nc(CO)c12,-7.74,9,2.345,3.559,0.26
lig_519,CC1CCN(C(=O)N2Cc3c(cc4c(c3CN)C=C(O)CO4)C(C)C2)CC1,-7.73,9,4.779,9.83,0.4
lig_2394,Cc1ccc2c3c1C(=O)N(C)CCC(=O)NC(CO)CC(O3)c1ccccc1-2,-7.72,9,8.197,12.827,0.18
lig_406,CC1=Cc2c3c(c(=O)n4c2OC(C)(C)CC4CC(=O)O)C(O)CCC3C1=O,-7.71,9,3.842,12.223,0.06
lig_873,CCCC(=O)N1CCN(c2cc3c(cc2CNC)CC(C)(O)CC3)CC1,-7.71,9,2.68,3.927,0.13
lig_815,CCC1n2c(c(C(=O)O)c3ccc(C(=O)O)c(N(C)C)c3c2=O)CCC1(C)C,-7.7,9,5.662,11.0,1.18
lig_1245,CCOc1cc(C)cc2c1SCN2CCC(C)(C)CC(=O)O,-7.7,9,1.997,2.296,0.13
lig_1278,CCOc1ccc2c(c1)N(C)C(=O)CC2c1cccc(C(=O)O)c1,-7.7,9,4.712,8.071,0.17
lig_441,CC1C(=O)N2c3cc(ccc3C3CC(C)(C)CC32)-c2ccccc2OC(=O)N1C,-7.69,9,3.948,8.723,0.01
lig_2770,O=C(O)c1ccc2c(C(=O)O)cn(C(=O)N3CCCCC3CO)c2c1,-7.68,9,7.042,12.555,0.28
lig_1938,COc1cc(CC(=O)N(C)CCC2CCCC2)c(C)cc1C(=O)O,-7.67,9,2.468,3.35,0.04
lig_2082,COc1ccc2c(c1)N(CCC(C)(C)CC(=O)O)CS2,-7.67,9,2.834,4.005,0.03
lig_689,CCC(C)C1CCC(CC(=O)N(C)CC(C)O)C1,-7.66,9,3.07,4.449,0.41
lig_819,CCC1n2c(c(CO)c3cccc(N(C)C)c3c2=O)CCC1(C)C,-7.65,9,8.207,12.81,1.33
lig_1951,COc1cc(Cl)cc(CN(C)C)c1Oc1ccc(C(=O)O)cc1,-7.65,9,5.291,7.441,0.45
lig_255,CC(C)n1cc(CC2=CCC(CC(=O)O)N(C)C2=O)cn1,-7.64,9,3.13,3.938,0.02
lig_438,CC1C(=O)N2C3C=C(C=CC3=C3CN(C)CCC32)c2ccccc2OC(=O)N1C,-7.64,9,4.083,10.226,0.1
lig_1731,CNC(=O)CN1Cc2ccc3c4c5c(cc(c24)C1)C(=O)N(C)C1CCOCC(C3)C51,-7.64,9,3.203,4.105,0.06
lig_578,CC1Nc2oncc2-c2nc3c(cc21)C(N1CCCC1)=NCN3C1CC(O)CO1,-7.61,9,3.845,7.233,0.03
lig_1791,COC(=O)c1c(C)nc2c(c1NC(=O)N1C(=O)CCC1(C)C)CCCC2,-7.59,9,3.825,7.882,0.35
lig_2371,Cc1ccc2c(c1)-c1c3c(c4c(C(=O)NCCO)cc(C)c(n14)CN2C)CN(C)CC3,-7.59,9,9.156,12.61,0.04
lig_803,CCC1Cc2c(c3n(c(=O)c2C(C)=O)CCC(CC(=O)O)C3)CC1=O,-7.58,9,5.315,13.493,0.53
lig_2319,Cc1cc2c3c4c(c(=O)n(C(=O)C(C)(C)CO)cc14)CC(C)(C)C(=O)N3CC2O,-7.58,9,10.433,12.753,0.81
lig_998,CCCNC(=O)C1CCN2C(=O)c3cn(C(C)C)c(=O)c(CO)c3CC2C1,-7.57,9,3.632,7.197,0.23
lig_860,CCCC(=O)N1CCN(c2cc(O)c(C(=O)N(C)C)c(OCC(=O)O)c2C)CC1,-7.56,9,2.349,3.011,0.2
lig_949,CCCCc1c(O)c(O)cn(CC2CCN(C(=O)CCO)CC2)c1=O,-7.55,9,2.39,3.247,0.25
lig_1413,CCc1cc2c3c(c1)CCC(=O)NCCC(=O)N1CCCCC1CC(=C2)O3,-7.55,9,3.042,6.231,0.11
lig_1948,COc1cc(CNC(=O)C(C)(C)C)c(C(=O)O)cc1OC,-7.54,9,2.328,5.184,0.29
lig_2218,Cc1c2cc(cc1C(=O)O)CC1CNC3=NC(=O)C(=CCCCCC2)C3C1,-7.53,9,6.693,11.169,0.34
lig_1962,COc1cc2c(=O)n(CC(C)(C)C)ccc2nc1CCO,-7.52,9,2.434,4.973,0.1
lig_809,CCC1Oc2cc(C)c(C(=O)O)c3cccc(c23)OC2=CCC=C3C(=O)C=C1C23,-7.51,9,6.586,10.498,0.14
lig_1405,CCc1cc2c(cc1C(=O)O)CCC1C(O)CCC(O)C1C(C)O2,-7.51,9,2.612,6.199,0.0
lig_130,CC(C(N)=O)c1ccc2n3c(c4c(c13)CCOC4)-c1cc(C(=O)O)ccc1N(C)C2=O,-7.5,9,4.305,7.873,0.34
lig_879,CCCC(=O)N1CCOC(Cn2cnc3c(N(C)CCC)ncnc32)C1,-7.49,9,2.596,3.164,0.26
lig_575,CC1NC2CCC3=CC=CC3CCCN(C)C(=O)Nc3c(F)ccc1c3C2,-7.48,9,3.84,9.169,0.88
lig_1559,CN(CCCC(=O)O)C(=O)NC1CC(=O)C(C(C)(C)C)=C1CC1CCNC1,-7.46,9,4.468,7.704,0.55
lig_1924,COc1cc(C(N)=O)cc(CCCC(=O)O)c1OC,-7.46,9,2.454,2.821,0.28
lig_875,CCCC(=O)N1CCN(c2ccc(C(=O)N(C)C)c3c2CCCC(O)O3)CC1,-7.45,9,4.259,8.265,0.19
lig_920,CCCC1CCC(CC)CC1NC(=O)NCCO,-7.45,9,4.09,7.945,0.43
lig_2029,COc1cc2n3c(c4c(c3c1)CN(C)CC4)-c1cc(CO)ccc1N(C)C2=O,-7.45,9,3.405,6.71,0.28
lig_665,CCC(=O)N(C)CC1CCC2C(C1)CC(CC)c1ccnc(=O)n12,-7.44,9,2.958,6.747,0.22
lig_975,CCCN(C)C(=O)c1c(O)cc(OCC)c2c(O)cc(-c3ccsc3)nc12,-7.44,9,4.899,8.467,0.09
lig_2073,COc1ccc2c(c1)CC1=C(C)C(CO)=CC(CO)N1C(=O)C(C)C2,-7.44,8,7.407,11.79,0.71
lig_2776,O=C(O)c1ccc2c3n(c(=O)c4c2c1CCCC4)CCC1C(CCN1C(=O)CCO)C3,-7.44,9,3.901,6.143,0.42
lig_878,CCCC(=O)N1CCN2c3ccc(CC(C)C)cc3CN(C)CC2C1,-7.43,9,4.053,4.866,0.32
lig_1921,COc1cc(C(=O)O)cc(CCCC(=O)O)c1OC,-7.43,9,2.368,3.516,0.22
lig_2336,Cc1cc2cc(c1O)OCCCC1CCC(C1)C(=O)Cc1ccc(O)c(c1)O2,-7.43,9,3.309,11.62,0.79
lig_621,CC=C1Nc2ccc3c(c2Cc2c(C)cc(C)cc21)C(=O)N(CC(=O)O)C3,-7.42,9,3.153,3.704,0.2
lig_864,CCCC(=O)N1CCN(c2cc(O)c(C(=O)OCC)cc2CCO)CC1,-7.42,9,2.741,3.616,0.28
lig_1978,COc1cc2c(cc1C(=O)O)OC(C)(C)CC(N)C2,-7.42,9,3.188,6.353,0.1
lig_2163,Cc1c(CN2CCCC2=O)cn2c1CN(C(=O)OC(C)(C)C)C1CCCC1C2=O,-7.42,9,5.069,10.936,0.56
lig_2888,O=C1Cc2cccc3c(=O)n4c(c(c23)C1)CC1CC(C(=O)O)CC4C1,-7.42,9,3.003,5.675,0.27
lig_1940,COc1cc(CC(C)=O)cc(CCCC(=O)O)c1OC,-7.41,9,2.269,2.948,0.02
lig_2098,COc1ccc2c3c1CCC1CCC(C)(C)CC1C3N=C2C(=O)O,-7.41,9,4.169,8.167,1.05
lig_2257,Cc1cc(CN(C)C)c(Oc2ccc(C(=O)O)cc2)c(C)c1O,-7.41,9,3.332,4.963,0.31
lig_1653,CN1CCc2c(c3cc(C(=O)O)cc4n3c2-c2cc(CO)ccc2N(C)C4=O)C1,-7.4,5,2.89,3.782,0.62
lig_2216,Cc1c2c3c(n1C)N(Cc1ccn(CCCO)c(=O)c1)CC(C)C3C(=O)CCC2,-7.4,9,2.942,5.562,0.03
lig_2530,NC1CCCC2CCCN(C2)C(=O)c2ccc3c(C(=O)O)cnc(c3c2)C1,-7.4,9,7.518,12.536,0.79
lig_2377,Cc1ccc2c(c1)N(C)Cc1c-2c(CC(N)=O)cn(C(=O)C(C)(C)CO)c1=O,-7.39,9,7.793,13.439,0.42
lig_2860,O=C1CCCN1CC(CCCO)CC1CCCC1,-7.38,9,3.048,5.353,0.27
lig_348,CC1=C(O)C(O)=CCNC(=O)c2cccc(c2)C(=O)N2CCCCC2CCC1,-7.37,9,9.895,12.672,0.62
lig_622,CC=C1Nc2ccc3c(c2Cc2c(C)cc(OC)cc21)C(=O)N(CC(=O)O)C3,-7.37,9,4.111,7.116,0.02
lig_1635,CN1CCCC2CCN(C2)C(=O)CN2CCCN(CCC1)C2=O,-7.37,9,8.457,13.055,1.22
lig_1977,COc1cc2c(c(OC)c1)N1Cc3c(C)cccc3OC=C1C(O)=C2,-7.37,9,4.588,6.355,0.02
lig_1556,CN(CCC1CCC(O)CC1)C(=O)CNC(=O)CC(C)(C)C,-7.36,9,2.18,2.898,0.06
lig_2446,Cc1cnc2cc1C(=O)N(C)CCCCC1CCCC1OCCC(=O)N2,-7.36,6,7.385,12.987,1.13
lig_484,CC1CC2CC3=C4C(=C5CC(C(=O)O)CC6c7c(CO)cc(c2c7N4C56)O1)C=CC3=O,-7.35,9,4.128,7.774,0.62
lig_2030,COc1cc2n3c(c4c(c3c1)CN(C)CC4)C1=CC(CO)=CCC1N(C)C2=O,-7.35,9,5.03,8.841,0.69
lig_071,CC(=O)NC1CCC2c3ccc4c(c3N=C(C)N2C1)CCCC4,-7.33,9,3.343,10.345,0.07
lig_155,CC(C)(C)Cc1cc(CCN)cn(C(=O)C(C)(C)CO)c1=O,-7.33,9,3.17,4.894,0.35
lig_1851,COC1C2=CCOc3ccc4c(c32)C(CCC(CN2CCCCC2=O)O4)C1C,-7.33,9,3.416,5.181,0.26
lig_2895,O=C1NC(=O)N2Cc3cccc(c3)C(=O)N3CCCCC3COCCCC1C2,-7.33,9,5.35,9.768,0.66
lig_413,CC1=Cc2cc3c(c(CN(C)C(=O)CCO)cn3c(=O)cc(C)c2=O)C2CCN=C2C1,-7.31,9,4.263,9.465,0.38
lig_880,CCCC(=O)N1CCOC(Cn2cnc3c(N(CC)CCC)ncnc32)C1,-7.31,9,1.887,3.274,0.05
lig_501,CC1CCC2CN(CCC2C)C(=O)CCC(=O)Nc2cccc3c(O)cc1cc23,-7.3,9,8.247,12.158,0.09
lig_111,CC(=O)c1ccc(-c2ccccc2OCC2C(=O)N(C)N=C2C)cc1O,-7.29,9,2.963,4.456,0.23
lig_2058,COc1ccc(NC(=O)C2CCC(O)C2)cc1OC,-7.29,9,2.991,5.137,0.16
lig_2673,O=C(O)CN1CC2=Cc3c(cccc31)-c1cccc(c1)C(=O)N1C=C(CCCC2)C(=O)CC1,-7.29,9,6.074,10.139,0.12
lig_2075,COc1ccc2c(c1)CC1=c3ccccc3=NC(CO)N1C(=O)C(C)C2,-7.27,9,8.511,12.533,0.21
lig_2834,O=C1CC2CCCC(C2)C(O)CCCC(O)COC(=O)CCCN1,-7.27,9,7.671,12.086,0.31
lig_574,CC1NC(=O)CCc2ncc(C(=O)O)c3ccc(cc23)C(=O)N2CCCC1C2,-7.26,9,2.657,3.472,0.67
lig_2202,Cc1c2c(cc3c1C(=O)C(O)CO3)C(C)CN(C(=O)N1CCC(C)CC1)C2,-7.26,9,7.337,12.743,0.15
lig_2745,O=C(O)c1cc(F)c2c(c1)CCC(=O)N1CCCC3C(=O)CC=C(C=C31)CO2,-7.26,8,3.296,9.78,0.06
lig_918,CCCC1CCC(CC)CC1NC(=O)CC(C)(C)N,-7.19,9,3.318,6.797,0.04
lig_919,CCCC1CCC(CC)CC1NC(=O)NCC(C)CO,-7.19,9,2.915,4.591,0.34
lig_1824,COC1=CC2=C3CC(C(=O)O)CCC3C=C3C(=O)C(C(C)(C)O)=CC(=C1O)C32,-7.19,9,3.666,8.759,0.15
lig_1592,CN1C(=O)c2ccc(C3CCNC3=O)c3c4c(c(n23)-c2cc(CO)ccc21)COCC4,-7.18,8,8.066,11.805,0.05
lig_1172,CCN1CCC(C2CC(C)CN2C(=O)NC(=O)c2cccnc2)CC1=O,-7.15,9,2.517,3.428,0.09
lig_418,CC1=Cc2ccccc2OC(O)c2cccc3c2CC(CCC1)NC3,-7.14,9,3.876,8.551,0.0
lig_814,CCC1n2c(c(C(=O)O)c3c(O)ccc(N(C)C)c3c2=O)CCC1(C)C,-7.14,9,7.372,9.705,0.07
lig_412,CC1=Cc2cc3c(c(CN(C)C(=O)CCO)cn3c(=O)cc(C)c2=O)C2=C(NCC2)O1,-7.12,9,7.752,10.208,0.27
lig_778,CCC1CC2CC(=O)OCCC(C)(C)CC(=O)CNC(=O)c3cccc1c3O2,-7.12,9,8.621,11.983,0.48
lig_2077,COc1ccc2c(c1)CN(CC1CN(C(C)C)CCC1=O)CC2,-7.12,9,3.367,7.587,0.04
lig_2881,O=C1CCc2ccc(CO)c3c2OC(=C3)CC2CCCCN2C(=O)CCN1,-7.12,9,2.781,5.54,0.02
lig_2337,Cc1cc2cc(c1O)OCCNC1CCC(C1)C(=O)Cc1ccc(O)c(c1)O2,-7.06,8,4.233,9.211,0.13
lig_2721,O=C(O)Cc1ccc2cc1C(=O)N1CCC(CCCCCc3ccc(cc3)O2)C1,-7.06,9,7.23,11.918,0.4
lig_248,CC(C)c1ccc2c(c1)C(C)C1=C3C(N=C1)C1CN(C(=O)CCO)CCN1C(=O)N32,-7.05,9,3.221,5.011,0.06
lig_497,CC1CCC2C(=O)COCCc3cn(C(=O)C(C)(C)CO)c(=O)c(c32)C1,-7.04,9,3.264,5.207,0.53
lig_2016,COc1cc2c3c(ccc2c(=O)n2cc(C)nc12)CN(CC(=O)O)CC3,-7.04,9,4.587,6.65,0.05
lig_1654,CN1CCc2c(c3cc(CO)cc4n3c2-c2cc(CO)ccc2N(C)C4=O)C1,-7.01,9,3.854,8.609,0.52
lig_502,CC1CCC2CN(Cc3cccc(c3)C(=O)N3CCCCC3CO1)C(=O)NC2=O,-7.0,8,10.254,13.222,0.13
lig_411,CC1=Cc2cc3c(c(CN(C)C(=O)CCO)cn3c(=O)cc(C)c2=O)C2=C(C1)NCC2,-6.99,9,2.789,3.905,0.01
lig_1230,CCOc1c(OC)cc2c3c1CC(C)(C)C(=O)C=3NC1CCC(C(=O)O)CC=21,-6.99,9,4.229,6.292,0.11
lig_1616,CN1CCC(=O)N2CCC(Cc3cc4c5c(ccc(O)c5c3)CCC4C1=O)C2,-6.99,9,4.805,8.97,0.25
lig_2401,Cc1ccc2cc1C(=O)N1CCC(C1)C(=O)NC1CCC(CC=Cc3cocc3-2)C1,-6.99,9,7.882,9.705,0.01
lig_935,CCCCC1CCC(CC(=O)N(C)CC(C)O)C1,-6.98,9,2.587,4.08,0.02
lig_2110,COc1ccc2cc1CCCC=C1CCCCN1C(=O)CCNC(=O)CC2,-6.98,9,6.428,10.911,0.38
lig_2228,Cc1cc(=O)n2cc(CN(C)C(=O)CCO)c3c2cc(c1=O)C=CCC1=NCCC13,-6.98,9,6.097,11.601,0.12
lig_1545,CN(C)Cc1cc(C2CCN(C(=O)CN3CCCN(C)C3=O)C2)cs1,-6.97,9,3.681,6.863,0.13
lig_1657,CN1CCc2cc(c[nH]c2=O)CCCC(=O)OCCCCCNC1=O,-6.96,9,10.297,12.718,0.02
lig_2635,O=C(O)CC1CCC2=NN3CCCc4cccc5c4CN3C2CC1CNC(=O)C5,-6.95,9,5.727,9.339,0.07
lig_1155,CCN(CCC(C)C)CC1CN(C(C)C)CCC1=O,-6.92,9,2.556,3.8,0.08
lig_2200,Cc1c2c(c3n(c1=O)CCCC3CCO)CN(C1CCCCC1)C(=O)N2,-6.92,9,7.581,12.124,0.13
lig_1443,CCc1ccc2c(c1)-c1c3c(c4c(C(C)C(N)=O)ccc(n14)C(=O)N2C)CCOC3,-6.91,9,4.162,8.558,0.5
lig_1617,CN1CCC(O)CCC2CCCC2C(=O)N(C)c2cccc(c2)C1=O,-6.91,9,4.051,9.407,0.33
lig_423,CC1=NC(=O)CCc2ncc(C(=O)O)c3ccc(cc23)C(=O)N2CCCC1C2,-6.9,8,6.603,9.557,0.16
lig_2111,COc1ccc2cc1CCCCC1CCCCN1C(=O)CCNC(=O)CC2,-6.89,9,7.652,12.051,0.51
lig_1105,CCN(C(=O)CCN)c1ccc2c(c1)CCc1cncnc1C(=CCNC)C2,-6.87,9,2.798,3.762,0.09
lig_451,CC1C(O)=C2C=CC3c4c2c2c1cccc2c(=O)n4CCC1C3CCN1C(=O)CCO,-6.82,9,3.123,4.771,0.26
lig_2894,O=C1NC(=O)N2CC1=CCCCOCC1CCCCN1C(=O)c1cccc(c1)C2,-6.78,8,5.074,8.172,0.06
lig_1632,CN1CCCC(=O)OCCc2cc(C(=O)O)ccc2NC1=O,-6.77,9,3.05,8.893,0.03
lig_2402,Cc1ccc2cc1C(=O)N1CCC(C1)C(=O)NC1CCC(CCCc3cocc3-2)C1,-6.77,9,5.2,12.112,0.3
lig_750,CCC1C(=O)C2=Cc3c(cccc31)NC(=O)Cc1cccc(c1)CC(=O)NCC2O,-6.74,8,3.505,9.467,0.09
lig_749,CCC1C(=O)C2=Cc3c(cccc31)NC(=O)Cc1cccc(c1)CC(=O)N=CC2O,-6.72,9,6.18,11.759,0.16
lig_2074,COc1ccc2c(c1)CC1=CC(=O)CC(CO)N1C(=O)C(C)C2,-6.72,9,6.495,12.961,0.14
lig_046,CC(=O)N1CCCC2CCC(Cc3cc(ccc3C)OCCCNC(=O)C1)C2,-6.71,8,4.342,7.457,0.13
lig_1916,COc1cc(=C2CCCC(C(=O)O)C2)c2c(c1OC)C=C(C(C)(C)C)C(=O)N=2,-6.71,9,4.831,7.714,0.1
lig_775,CCC1CC(CO)c2cn(C(=O)N3CCCC3)c(C)c2C(=O)N1C,-6.7,9,4.253,8.909,0.5
lig_2109,COc1ccc2cc1CC1CC1C1CCCCN1C(=O)CCNC(=O)CC2,-6.69,9,3.183,6.62,0.37
lig_994,CCCN1CCCCCNC(=O)CCC(C)CC(CN)CCC1,-6.67,8,5.751,12.846,0.57
lig_340,CC12CCCN(C1)C(=O)c1ccc3c(C(=O)O)cnc(c3c1)CC(O)c1cccc2c1,-6.66,9,3.659,7.798,0.05
lig_1517,CCn1c2c(c3c4c(ccc3c1=O)CN(CC(=O)O)CC4)CC(C(=O)O)CC2=O,-6.66,9,3.75,10.881,0.19
lig_2374,Cc1ccc2c(c1)C(=O)N(C)CC1CC(C(N)=O)CCN1C2,-6.66,9,3.372,9.104,0.14
lig_2463,Cc1nc2c3cc(ccc3c1C(=O)O)CCCCOCC(O)CCC(N)C2,-6.66,9,4.213,5.051,0.21
lig_1273,CCOc1ccc2c(N(C)C(=O)OC)c(C)c(C(=O)N3CCCCC3)nc2c1,-6.65,9,3.355,5.501,0.08
lig_349,CC1=C(O)C2CN3C(=O)CC(C(=O)O)CC3C3CC=CC(=C1)C23,-6.63,9,4.354,9.272,0.03
lig_1979,COc1cc2c(cc1C(C)(C)C)CC(O)COC(=O)CCCN(C)C(=O)N2,-6.63,9,4.777,10.047,0.28
lig_2885,O=C1CN2CCCN(CCCCN3CCC(CC4CCN1C4)C3)C2=O,-6.39,9,6.029,10.968,0.15
lig_2884,O=C1CN2CCCN(CCCCC3CCC(C3)CC3CCN1C3)C2=O,-6.38,9,4.015,10.803,0.06
lig_1636,CN1CCCC2CCN(C2)C(=O)CN2CCCN(CCCCC1=O)C2=O,-6.37,9,7.231,10.92,0.46
lig_2450,Cc1nc(C(=O)O)c2c(n1)C1CC1N(C(=O)N1CCCC1)CC2,-6.37,9,3.949,9.847,0.07
lig_448,CC1C(=O)NC2CC=CC(O)=C2C(=O)CCCC(=O)COC(=O)N1C,-6.3,9,5.848,8.937,0.05
lig_504,CC1CCCCC2CCN(C2)C(=O)c2cccc(c2)N(C(C)C)C(=O)C1,-6.28,9,4.783,9.854,0.13
lig_488,CC1CCC(=O)NC2CCN(C2)C(=O)c2cccc(c2)N(C(C)C)C(=O)C1,-6.14,9,6.42,10.534,0.54
lig_1630,CN1CCCC(=O)OCCCCC2=C(c3ccccc3)C(=O)CC2NC1=O,-5.95,8,8.097,13.579,0.12
lig_992,CCCN1CCCCCNC(=O)CCC(C)CC(C(N)=O)CCC1,-5.92,9,2.595,2.999,0.02
