候选编号,所属赛道,候选SMILES,结构文件,关键预测指标_类药性综合分,关键预测指标_QED,关键预测指标_SA,关键预测指标_新颖性最大Tanimoto,关键预测指标_对接分Vina(kcal/mol),关键预测指标_ADMET分级,关键预测指标_选择性SI百分位,关键预测指标_六维综合Tier,MW,LogP,TPSA,LogS,HBD,HBA,可旋转键,环数,Lipinski违反数,ADMET警报,可测性,姿态能量差(kcal/mol),Murcko骨架,同骨架候选数,排序,靶点,模型名称,模型版本,代码版本,随机种子,运行编号,备注
C0001,赛道 3 · 离子通道/GPCR 小分子药物虚拟筛选 · 子任务 2,CC(=O)N(C(=O)CN1C=CC=CC1)C1Cc2ccc3c4c2N(N1)c1cccc2c1=C4C1C(=CC=CC1=C3)C=2,results/structures/cand001_mol_74e92402_405a581a147b.sdf,1.199,0.706,5.07,0.228,-14.45,B,,,498.59,2.788,55.89,-5.01,1.0,5.0,3,8.0,0,2,,,O=C(CN1C=CC=CC1)NC1Cc2ccc3c4c2N(N1)c1cccc2c1=C4C1C(=CC=CC1=C3)C=2,1,1,A2A,"7-eonmol (Pocket2Mol 等变图神经网络 + 口袋引导束搜索, GPCR 微调版)","7-eonmol_ft_gpcr_v2.pt — 本项目自训, 经两轮 A/B(种子 2024/2025)晋级; 基线为 ICML 2022 官方权重",7-eonmol-competition-submission,2024,A2A_20260926_233754,
C0002,赛道 3 · 离子通道/GPCR 小分子药物虚拟筛选 · 子任务 2,CC(=O)N(C(=O)CN1C=CC=CC1)C1Cc2ccc3c4c2N(C1)c1cccc2c1=C4C1C(=CC=CC1=C3)C=2,results/structures/cand002_mol_889e95d6_9781c03f2dec.sdf,1.159,0.653,4.933,0.228,-13.47,B,,,497.6,3.326,43.86,-5.4,0.0,4.0,3,8.0,0,2,,,O=C(CN1C=CC=CC1)NC1Cc2ccc3c4c2N(C1)c1cccc2c1=C4C1C(=CC=CC1=C3)C=2,1,2,A2A,"7-eonmol (Pocket2Mol 等变图神经网络 + 口袋引导束搜索, GPCR 微调版)","7-eonmol_ft_gpcr_v2.pt — 本项目自训, 经两轮 A/B(种子 2024/2025)晋级; 基线为 ICML 2022 官方权重",7-eonmol-competition-submission,2024,A2A_20260926_233754,
C0003,赛道 3 · 离子通道/GPCR 小分子药物虚拟筛选 · 子任务 2,O=C(Nc1ccc2c(c1)CC1C(=C2)C=Cc2cc(O)ccc21)C1CCOC2Cc3ccccc3C(=O)N21,results/structures/cand003_mol_1dd03db1_a076d9556a96.sdf,1.121,0.536,4.149,0.368,-13.08,C,,,490.56,4.894,78.87,-6.61,2.0,4.0,2,7.0,0,4,,,O=C(Nc1ccc2c(c1)CC1C(=C2)C=Cc2ccccc21)C1CCOC2Cc3ccccc3C(=O)N21,1,3,A2A,"7-eonmol (Pocket2Mol 等变图神经网络 + 口袋引导束搜索, GPCR 微调版)","7-eonmol_ft_gpcr_v2.pt — 本项目自训, 经两轮 A/B(种子 2024/2025)晋级; 基线为 ICML 2022 官方权重",7-eonmol-competition-submission,2024,A2A_20260926_233754,ADMET 分级 C(风险较高)
C0004,赛道 3 · 离子通道/GPCR 小分子药物虚拟筛选 · 子任务 2,O=C1CC(Oc2ccc3c(=O)[nH]c4c(c3c2)=C2C=CC=CC2C=4)Cc2cc(O)ccc21,results/structures/cand004_mol_b0d864e7_118d7bdfb977.sdf,1.27,0.682,4.119,0.242,-12.83,B,,,409.44,2.497,79.39,-4.32,2.0,4.0,2,6.0,0,1,,,O=C1CC(Oc2ccc3c(=O)[nH]c4c(c3c2)=C2C=CC=CC2C=4)Cc2ccccc21,3,4,A2A,"7-eonmol (Pocket2Mol 等变图神经网络 + 口袋引导束搜索, GPCR 微调版)","7-eonmol_ft_gpcr_v2.pt — 本项目自训, 经两轮 A/B(种子 2024/2025)晋级; 基线为 ICML 2022 官方权重",7-eonmol-competition-submission,2024,A2A_20260926_233754,
C0005,赛道 3 · 离子通道/GPCR 小分子药物虚拟筛选 · 子任务 2,CCNC(=O)N1CCC(C(=O)Nc2ccc3c4c(cccc24)Cc2ccccc2-3)CC1,results/structures/cand005_mol_5b157815_2759b74e8b81.sdf,1.274,0.507,2.333,0.339,-12.72,C,,,413.52,4.791,61.44,-6.03,2.0,2.0,3,5.0,0,4,,,O=C(Nc1ccc2c3c(cccc13)Cc1ccccc1-2)C1CCNCC1,1,5,A2A,"7-eonmol (Pocket2Mol 等变图神经网络 + 口袋引导束搜索, GPCR 微调版)","7-eonmol_ft_gpcr_v2.pt — 本项目自训, 经两轮 A/B(种子 2024/2025)晋级; 基线为 ICML 2022 官方权重",7-eonmol-competition-submission,2024,A2A_20260926_233754,ADMET 分级 C(风险较高)
C0006,赛道 3 · 离子通道/GPCR 小分子药物虚拟筛选 · 子任务 2,CCNC(=O)N1CCC(C(=O)Nc2ccc3c4c(cccc24)-c2ccccc2C3)CC1,results/structures/cand006_mol_454cde59_af9feecf039a.sdf,1.274,0.507,2.332,0.339,-12.63,C,,,413.52,4.791,61.44,-6.03,2.0,2.0,3,5.0,0,4,,,O=C(Nc1ccc2c3c(cccc13)-c1ccccc1C2)C1CCNCC1,1,6,A2A,"7-eonmol (Pocket2Mol 等变图神经网络 + 口袋引导束搜索, GPCR 微调版)","7-eonmol_ft_gpcr_v2.pt — 本项目自训, 经两轮 A/B(种子 2024/2025)晋级; 基线为 ICML 2022 官方权重",7-eonmol-competition-submission,2024,A2A_20260926_233754,ADMET 分级 C(风险较高)
C0007,赛道 3 · 离子通道/GPCR 小分子药物虚拟筛选 · 子任务 2,O=C(O)c1cc(NC(=O)c2ccc3c(c2)C(=O)N2CCCCC2C3)c2ccccc2c1,results/structures/cand007_mol_d7c1fa37_b7f5ffe14a47.sdf,1.396,0.667,2.717,0.324,-12.42,C,,,414.46,4.341,86.71,-5.7,2.0,3.0,3,5.0,0,3,,,O=C(Nc1cccc2ccccc12)c1ccc2c(c1)C(=O)N1CCCCC1C2,2,7,A2A,"7-eonmol (Pocket2Mol 等变图神经网络 + 口袋引导束搜索, GPCR 微调版)","7-eonmol_ft_gpcr_v2.pt — 本项目自训, 经两轮 A/B(种子 2024/2025)晋级; 基线为 ICML 2022 官方权重",7-eonmol-competition-submission,2024,A2A_20260926_233754,ADMET 分级 C(风险较高)
C0008,赛道 3 · 离子通道/GPCR 小分子药物虚拟筛选 · 子任务 2,NC(=O)C1=CC2Cc3cc(NC(=O)C4CCOC5Cc6ccccc6C(=O)N54)ccc3C=C2C=C1,results/structures/cand008_mol_d12e5b6e_46c9e1a23ede.sdf,1.299,0.725,4.254,0.333,-12.34,B,,,467.53,2.976,101.73,-4.96,2.0,4.0,3,6.0,0,1,,,O=C(Nc1ccc2c(c1)CC1C=CC=CC1=C2)C1CCOC2Cc3ccccc3C(=O)N21,2,8,A2A,"7-eonmol (Pocket2Mol 等变图神经网络 + 口袋引导束搜索, GPCR 微调版)","7-eonmol_ft_gpcr_v2.pt — 本项目自训, 经两轮 A/B(种子 2024/2025)晋级; 基线为 ICML 2022 官方权重",7-eonmol-competition-submission,2024,A2A_20260926_233754,
C0009,赛道 3 · 离子通道/GPCR 小分子药物虚拟筛选 · 子任务 2,O=C1C=c2cc(Oc3[nH]c(=O)c(O)cc3F)c3ccccc3c2=C1,results/structures/cand009_mol_da213b81_c04d728df762.sdf,1.423,0.745,3.224,0.27,-12.26,B,,,323.28,1.309,79.39,-2.95,2.0,4.0,2,4.0,0,1,,,O=C1C=c2cc(Oc3cccc(=O)[nH]3)c3ccccc3c2=C1,1,9,A2A,"7-eonmol (Pocket2Mol 等变图神经网络 + 口袋引导束搜索, GPCR 微调版)","7-eonmol_ft_gpcr_v2.pt — 本项目自训, 经两轮 A/B(种子 2024/2025)晋级; 基线为 ICML 2022 官方权重",7-eonmol-competition-submission,2024,A2A_20260926_233754,
C0010,赛道 3 · 离子通道/GPCR 小分子药物虚拟筛选 · 子任务 2,Cc1c(CCNC(=O)C2CCNC2)c2c3c4c(c(C(C)C)c(=O)n13)Cc1ccccc1C=4OCC2,results/structures/cand010_mol_8249740d_a97aaf9811e6.sdf,1.212,0.599,3.87,0.278,-12.23,B,,,471.6,2.352,71.84,-4.51,2.0,4.0,5,6.0,0,2,,,O=C(NCCc1cn2c(=O)cc3c4c2c1CCOC=4c1ccccc1C3)C1CCNC1,3,10,A2A,"7-eonmol (Pocket2Mol 等变图神经网络 + 口袋引导束搜索, GPCR 微调版)","7-eonmol_ft_gpcr_v2.pt — 本项目自训, 经两轮 A/B(种子 2024/2025)晋级; 基线为 ICML 2022 官方权重",7-eonmol-competition-submission,2024,A2A_20260926_233754,
C0011,赛道 3 · 离子通道/GPCR 小分子药物虚拟筛选 · 子任务 2,O=C1CC(Oc2ccc3c(=O)[nH]c4c(c3c2)=C2C=CC=CC2C=4)Cc2ccccc21,results/structures/cand011_mol_b0d864e7_b0d864e7acd6.sdf,1.328,0.729,4.002,0.268,-12.22,B,,,393.44,2.792,59.16,-4.45,1.0,3.0,2,6.0,0,1,,,O=C1CC(Oc2ccc3c(=O)[nH]c4c(c3c2)=C2C=CC=CC2C=4)Cc2ccccc21,3,11,A2A,"7-eonmol (Pocket2Mol 等变图神经网络 + 口袋引导束搜索, GPCR 微调版)","7-eonmol_ft_gpcr_v2.pt — 本项目自训, 经两轮 A/B(种子 2024/2025)晋级; 基线为 ICML 2022 官方权重",7-eonmol-competition-submission,2024,A2A_20260926_233754,
C0012,赛道 3 · 离子通道/GPCR 小分子药物虚拟筛选 · 子任务 2,CC(=O)N(CCc1ccc2c(c1)C1=c3ccccc3=CC3=CC=CC(=C2)C31)C(=O)CN1C=CC=CC1,results/structures/cand012_mol_2170b642_5ab11282d636.sdf,1.245,0.669,4.244,0.259,-12.21,B,,,472.59,3.492,40.62,-5.33,0.0,3.0,5,6.0,0,2,,,O=C(CN1C=CC=CC1)NCCc1ccc2c(c1)C1=c3ccccc3=CC3=CC=CC(=C2)C31,2,12,A2A,"7-eonmol (Pocket2Mol 等变图神经网络 + 口袋引导束搜索, GPCR 微调版)","7-eonmol_ft_gpcr_v2.pt — 本项目自训, 经两轮 A/B(种子 2024/2025)晋级; 基线为 ICML 2022 官方权重",7-eonmol-competition-submission,2024,A2A_20260926_233754,
C0013,赛道 3 · 离子通道/GPCR 小分子药物虚拟筛选 · 子任务 2,O=C(Nc1cccc2ccccc12)c1ccc2c(c1)C(=O)N1CCCCC1C2,results/structures/cand013_mol_d7c1fa37_d7c1fa37edc4.sdf,1.461,0.714,2.534,0.385,-12.19,C,,,370.45,4.643,49.41,-5.69,1.0,2.0,2,5.0,0,3,,,O=C(Nc1cccc2ccccc12)c1ccc2c(c1)C(=O)N1CCCCC1C2,2,13,A2A,"7-eonmol (Pocket2Mol 等变图神经网络 + 口袋引导束搜索, GPCR 微调版)","7-eonmol_ft_gpcr_v2.pt — 本项目自训, 经两轮 A/B(种子 2024/2025)晋级; 基线为 ICML 2022 官方权重",7-eonmol-competition-submission,2024,A2A_20260926_233754,ADMET 分级 C(风险较高)
C0014,赛道 3 · 离子通道/GPCR 小分子药物虚拟筛选 · 子任务 2,O=C(Nc1ccc2c(c1)CC1C=CC=CC1=C2)C1CCOC2Cc3ccccc3C(=O)N21,results/structures/cand014_mol_d12e5b6e_d12e5b6ea0e2.sdf,1.383,0.789,4.058,0.306,-12.18,B,,,424.5,4.12,58.64,-5.57,1.0,3.0,2,6.0,0,2,,,O=C(Nc1ccc2c(c1)CC1C=CC=CC1=C2)C1CCOC2Cc3ccccc3C(=O)N21,2,14,A2A,"7-eonmol (Pocket2Mol 等变图神经网络 + 口袋引导束搜索, GPCR 微调版)","7-eonmol_ft_gpcr_v2.pt — 本项目自训, 经两轮 A/B(种子 2024/2025)晋级; 基线为 ICML 2022 官方权重",7-eonmol-competition-submission,2024,A2A_20260926_233754,
C0015,赛道 3 · 离子通道/GPCR 小分子药物虚拟筛选 · 子任务 2,Cc1c(CCNC(=O)C2CCCC2)c2c3c4c(c(C(C)C)c(=O)n13)Cc1ccccc1C=4ONC2,results/structures/cand015_mol_3962dcff_5362def85585.sdf,1.248,0.599,3.51,0.278,-12.18,C,,,471.6,3.395,71.84,-5.28,2.0,4.0,5,6.0,0,3,,,O=C(NCCc1cn2c(=O)cc3c4c2c1CNOC=4c1ccccc1C3)C1CCCC1,1,15,A2A,"7-eonmol (Pocket2Mol 等变图神经网络 + 口袋引导束搜索, GPCR 微调版)","7-eonmol_ft_gpcr_v2.pt — 本项目自训, 经两轮 A/B(种子 2024/2025)晋级; 基线为 ICML 2022 官方权重",7-eonmol-competition-submission,2024,A2A_20260926_233754,ADMET 分级 C(风险较高)
C0016,赛道 3 · 离子通道/GPCR 小分子药物虚拟筛选 · 子任务 2,CCC=C(C)c1c2c3c4c(c(CCNC(=O)C5CCNC5)c(C)n4c1=O)CCOC=3C=C(CC)C2,results/structures/cand016_mol_1890d717_712558140b9a.sdf,1.218,0.646,4.283,0.204,-12.17,B,,,475.63,2.982,71.84,-4.9,2.0,4.0,7,5.0,0,2,,,O=C(NCCc1cn2c(=O)cc3c4c2c1CCOC=4C=CC3)C1CCNC1,7,16,A2A,"7-eonmol (Pocket2Mol 等变图神经网络 + 口袋引导束搜索, GPCR 微调版)","7-eonmol_ft_gpcr_v2.pt — 本项目自训, 经两轮 A/B(种子 2024/2025)晋级; 基线为 ICML 2022 官方权重",7-eonmol-competition-submission,2024,A2A_20260926_233754,
C0017,赛道 3 · 离子通道/GPCR 小分子药物虚拟筛选 · 子任务 2,CCNC(=O)N1CCC(C(=O)Nc2ccc3c4c(cccc24)N2C(=O)CC4=CCC=CN4C2=C3)CC1,results/structures/cand017_mol_e7adfb10_668e9dae0414.sdf,1.337,0.679,3.424,0.27,-12.15,C,,,483.57,4.372,84.99,-6.08,2.0,4.0,3,6.0,0,3,,,O=C(Nc1ccc2c3c(cccc13)N1C(=O)CC3=CCC=CN3C1=C2)C1CCNCC1,1,17,A2A,"7-eonmol (Pocket2Mol 等变图神经网络 + 口袋引导束搜索, GPCR 微调版)","7-eonmol_ft_gpcr_v2.pt — 本项目自训, 经两轮 A/B(种子 2024/2025)晋级; 基线为 ICML 2022 官方权重",7-eonmol-competition-submission,2024,A2A_20260926_233754,ADMET 分级 C(风险较高)
C0018,赛道 3 · 离子通道/GPCR 小分子药物虚拟筛选 · 子任务 2,Cc1ccc(O)cc1-c1cc(COC2Cc3c4c5c(cccc5c(=O)n3C)CCN4C2)[nH]c(=O)c1,results/structures/cand018_mol_abd6ac86_f12d100a6e02.sdf,1.111,0.478,3.669,0.281,-12.13,B,,,469.54,3.412,87.56,-5.38,2.0,5.0,4,6.0,0,1,,,O=c1cc(-c2ccccc2)cc(COC2Cc3[nH]c(=O)c4cccc5c4c3N(CC5)C2)[nH]1,2,18,A2A,"7-eonmol (Pocket2Mol 等变图神经网络 + 口袋引导束搜索, GPCR 微调版)","7-eonmol_ft_gpcr_v2.pt — 本项目自训, 经两轮 A/B(种子 2024/2025)晋级; 基线为 ICML 2022 官方权重",7-eonmol-competition-submission,2024,A2A_20260926_233754,
C0019,赛道 3 · 离子通道/GPCR 小分子药物虚拟筛选 · 子任务 2,CCC=C(C)c1c2c3c4c(c(CCNC(=O)C5CCNC5)c(C)n4c1=O)CNOC=3c1ccccc1C2,results/structures/cand019_mol_e9abac97_c8769cd0e650.sdf,1.065,0.487,4.22,0.275,-12.07,B,,,498.63,2.504,83.87,-4.76,3.0,5.0,6,6.0,0,2,,,O=C(NCCc1cn2c(=O)cc3c4c2c1CNOC=4c1ccccc1C3)C1CCNC1,3,19,A2A,"7-eonmol (Pocket2Mol 等变图神经网络 + 口袋引导束搜索, GPCR 微调版)","7-eonmol_ft_gpcr_v2.pt — 本项目自训, 经两轮 A/B(种子 2024/2025)晋级; 基线为 ICML 2022 官方权重",7-eonmol-competition-submission,2024,A2A_20260926_233754,
C0020,赛道 3 · 离子通道/GPCR 小分子药物虚拟筛选 · 子任务 2,Cc1ccc(CNc2cccc(O)n2)c(NC(=O)c2ccc3c(c2)C(=O)N2CCCCC2C3)c1,results/structures/cand020_mol_6d2c85cc_0b052cb5c9f2.sdf,1.212,0.525,3.129,0.291,-11.99,C,,,456.55,4.511,94.56,-6.05,3.0,5.0,5,5.0,0,6,,,O=C(Nc1ccccc1CNc1ccccn1)c1ccc2c(c1)C(=O)N1CCCCC1C2,2,20,A2A,"7-eonmol (Pocket2Mol 等变图神经网络 + 口袋引导束搜索, GPCR 微调版)","7-eonmol_ft_gpcr_v2.pt — 本项目自训, 经两轮 A/B(种子 2024/2025)晋级; 基线为 ICML 2022 官方权重",7-eonmol-competition-submission,2024,A2A_20260926_233754,ADMET 分级 C(风险较高)
C0021,赛道 3 · 离子通道/GPCR 小分子药物虚拟筛选 · 子任务 2,Cc1ccc(O)cc1-c1cc(COC2CC=C3C=c4c(oc(=O)c5ccccc45)=CN3C2)[nH]c(=O)c1,results/structures/cand021_mol_541641ea_17c10e3a04e8.sdf,1.062,0.467,4.047,0.282,-11.97,B,,,480.52,2.869,95.77,-5.04,2.0,6.0,4,6.0,0,2,,,O=c1cc(-c2ccccc2)cc(COC2CC=C3C=c4c(oc(=O)c5ccccc45)=CN3C2)[nH]1,1,21,A2A,"7-eonmol (Pocket2Mol 等变图神经网络 + 口袋引导束搜索, GPCR 微调版)","7-eonmol_ft_gpcr_v2.pt — 本项目自训, 经两轮 A/B(种子 2024/2025)晋级; 基线为 ICML 2022 官方权重",7-eonmol-competition-submission,2024,A2A_20260926_233754,
C0022,赛道 3 · 离子通道/GPCR 小分子药物虚拟筛选 · 子任务 2,CC(=O)N(CCc1ccc2c(c1)C1=CC=CC3=CC=CC(=C2)C31)C(=O)CN1C=CC=CC1,results/structures/cand022_mol_f1762b16_2178e1da2981.sdf,1.279,0.704,4.245,0.21,-11.94,B,,,422.53,4.452,40.62,-5.67,0.0,3.0,5,5.0,0,1,,,O=C(CN1C=CC=CC1)NCCc1ccc2c(c1)C1=CC=CC3=CC=CC(=C2)C31,1,22,A2A,"7-eonmol (Pocket2Mol 等变图神经网络 + 口袋引导束搜索, GPCR 微调版)","7-eonmol_ft_gpcr_v2.pt — 本项目自训, 经两轮 A/B(种子 2024/2025)晋级; 基线为 ICML 2022 官方权重",7-eonmol-competition-submission,2024,A2A_20260926_233754,
C0023,赛道 3 · 离子通道/GPCR 小分子药物虚拟筛选 · 子任务 2,CCNC(=O)N1CCC(C(=O)Nc2ccc3c4c(cccc24)N2C=CN(C4=CC=CC4)C2=C3)CC1,results/structures/cand023_mol_5cd545ed_f180b8cf0d15.sdf,1.322,0.666,3.441,0.265,-11.93,C,,,467.57,4.969,67.92,-6.4,2.0,4.0,4,6.0,0,4,,,O=C(Nc1ccc2c3c(cccc13)N1C=CN(C3=CC=CC3)C1=C2)C1CCNCC1,1,23,A2A,"7-eonmol (Pocket2Mol 等变图神经网络 + 口袋引导束搜索, GPCR 微调版)","7-eonmol_ft_gpcr_v2.pt — 本项目自训, 经两轮 A/B(种子 2024/2025)晋级; 基线为 ICML 2022 官方权重",7-eonmol-competition-submission,2024,A2A_20260926_233754,ADMET 分级 C(风险较高)
C0024,赛道 3 · 离子通道/GPCR 小分子药物虚拟筛选 · 子任务 2,CN(C(=O)NCc1ccccc1)C(=O)c1ccc(O)c2ncc(-c3ccccc3)cc12,results/structures/cand024_mol_016ddad4_54df9bfa1784.sdf,1.283,0.515,2.315,0.381,-11.91,C,,,411.46,4.589,82.53,-5.91,2.0,4.0,4,4.0,0,4,,,O=C(NCc1ccccc1)NC(=O)c1cccc2ncc(-c3ccccc3)cc12,3,24,A2A,"7-eonmol (Pocket2Mol 等变图神经网络 + 口袋引导束搜索, GPCR 微调版)","7-eonmol_ft_gpcr_v2.pt — 本项目自训, 经两轮 A/B(种子 2024/2025)晋级; 基线为 ICML 2022 官方权重",7-eonmol-competition-submission,2024,A2A_20260926_233754,ADMET 分级 C(风险较高)
C0025,赛道 3 · 离子通道/GPCR 小分子药物虚拟筛选 · 子任务 2,CCNC(=O)N1CCC(C(=O)Nc2ccc3c4c(cccc24)N(C(=O)OC)C(c2ccccn2)=C3)CC1,results/structures/cand025_mol_d56f62f1_69b741aa33ca.sdf,1.254,0.542,2.876,0.314,-11.89,C,,,499.57,4.699,103.87,-6.45,2.0,5.0,4,5.0,0,5,,,O=C(Nc1ccc2c3c(cccc13)NC(c1ccccn1)=C2)C1CCNCC1,1,25,A2A,"7-eonmol (Pocket2Mol 等变图神经网络 + 口袋引导束搜索, GPCR 微调版)","7-eonmol_ft_gpcr_v2.pt — 本项目自训, 经两轮 A/B(种子 2024/2025)晋级; 基线为 ICML 2022 官方权重",7-eonmol-competition-submission,2024,A2A_20260926_233754,ADMET 分级 C(风险较高)
C0026,赛道 3 · 离子通道/GPCR 小分子药物虚拟筛选 · 子任务 2,CC(=O)N(CCc1ccc2c(c1)C1=NC(CC(=O)O)=CC3=CC=CC(=C2)C31)C(=O)CN1C=CC=CC1,results/structures/cand026_mol_a4d89941_04b5814af347.sdf,1.197,0.642,4.448,0.212,-11.87,B,,,481.55,3.66,90.28,-5.41,1.0,5.0,7,5.0,0,2,,,O=C(CN1C=CC=CC1)NCCc1ccc2c(c1)C1=NC=CC3=CC=CC(=C2)C31,1,26,A2A,"7-eonmol (Pocket2Mol 等变图神经网络 + 口袋引导束搜索, GPCR 微调版)","7-eonmol_ft_gpcr_v2.pt — 本项目自训, 经两轮 A/B(种子 2024/2025)晋级; 基线为 ICML 2022 官方权重",7-eonmol-competition-submission,2024,A2A_20260926_233754,
C0027,赛道 3 · 离子通道/GPCR 小分子药物虚拟筛选 · 子任务 2,Cc1ccccc1N1CCc2c(CCCN3CC(O)CCC3=O)cccc2C1=O,results/structures/cand027_mol_7d4816b6_c2f52ce60b04.sdf,1.555,0.851,2.955,0.325,-11.82,B,,,392.5,3.114,60.85,-4.57,1.0,3.0,5,4.0,0,2,,,O=C1CCCCN1CCCc1cccc2c1CCN(c1ccccc1)C2=O,4,27,A2A,"7-eonmol (Pocket2Mol 等变图神经网络 + 口袋引导束搜索, GPCR 微调版)","7-eonmol_ft_gpcr_v2.pt — 本项目自训, 经两轮 A/B(种子 2024/2025)晋级; 基线为 ICML 2022 官方权重",7-eonmol-competition-submission,2024,A2A_20260926_233754,
C0028,赛道 3 · 离子通道/GPCR 小分子药物虚拟筛选 · 子任务 2,CCNC(=O)N1CCC(C(=O)Nc2ccc3c4c(cccc24)N2C=CC=CC2=C3)CC1,results/structures/cand028_mol_07e226dc_c6d9e1b91c74.sdf,1.48,0.779,2.993,0.287,-11.79,B,,,414.51,4.464,64.68,-5.72,2.0,3.0,3,5.0,0,2,,,O=C(Nc1ccc2c3c(cccc13)N1C=CC=CC1=C2)C1CCNCC1,1,28,A2A,"7-eonmol (Pocket2Mol 等变图神经网络 + 口袋引导束搜索, GPCR 微调版)","7-eonmol_ft_gpcr_v2.pt — 本项目自训, 经两轮 A/B(种子 2024/2025)晋级; 基线为 ICML 2022 官方权重",7-eonmol-competition-submission,2024,A2A_20260926_233754,
C0029,赛道 3 · 离子通道/GPCR 小分子药物虚拟筛选 · 子任务 2,Cc1ccc(Cn2ccc(=O)c3c2NCC=C3)c(NC(=O)c2ccc3c(c2)C(=O)N2CCCCC2C3)c1,results/structures/cand029_mol_9abb4c91_b077c5fba98a.sdf,1.207,0.562,3.549,0.274,-11.79,C,,,494.6,4.447,83.44,-6.25,2.0,4.0,4,6.0,0,5,,,O=C(Nc1ccccc1Cn1ccc(=O)c2c1NCC=C2)c1ccc2c(c1)C(=O)N1CCCCC1C2,1,29,A2A,"7-eonmol (Pocket2Mol 等变图神经网络 + 口袋引导束搜索, GPCR 微调版)","7-eonmol_ft_gpcr_v2.pt — 本项目自训, 经两轮 A/B(种子 2024/2025)晋级; 基线为 ICML 2022 官方权重",7-eonmol-competition-submission,2024,A2A_20260926_233754,ADMET 分级 C(风险较高)
C0030,赛道 3 · 离子通道/GPCR 小分子药物虚拟筛选 · 子任务 2,COc1ccc2c(c1)CC(Oc1ccc3c(=O)[nH]c4c(c3c1)=C1C=CC=CC1C=4)CC2=O,results/structures/cand030_mol_b0d864e7_d8c3fd79fa65.sdf,1.3,0.704,4.033,0.258,-11.72,B,,,423.47,2.8,68.39,-4.61,1.0,4.0,3,6.0,0,1,,,O=C1CC(Oc2ccc3c(=O)[nH]c4c(c3c2)=C2C=CC=CC2C=4)Cc2ccccc21,3,30,A2A,"7-eonmol (Pocket2Mol 等变图神经网络 + 口袋引导束搜索, GPCR 微调版)","7-eonmol_ft_gpcr_v2.pt — 本项目自训, 经两轮 A/B(种子 2024/2025)晋级; 基线为 ICML 2022 官方权重",7-eonmol-competition-submission,2024,A2A_20260926_233754,
C0031,赛道 3 · 离子通道/GPCR 小分子药物虚拟筛选 · 子任务 2,Cc1c(CCNC(=O)C2CCCC2)c2c3c(cc(C(C)C)c(=O)n13)=C(C1=CC(=O)C=C1)OCC2,results/structures/cand031_mol_c1db4bfa_953b0cb9f8ff.sdf,1.371,0.719,3.479,0.218,-11.68,B,,,460.57,3.045,76.88,-4.88,1.0,4.0,6,5.0,0,1,,,O=C1C=CC(C2=c3ccc(=O)n4cc(CCNC(=O)C5CCCC5)c(c34)CCO2)=C1,1,31,A2A,"7-eonmol (Pocket2Mol 等变图神经网络 + 口袋引导束搜索, GPCR 微调版)","7-eonmol_ft_gpcr_v2.pt — 本项目自训, 经两轮 A/B(种子 2024/2025)晋级; 基线为 ICML 2022 官方权重",7-eonmol-competition-submission,2024,A2A_20260926_233754,
C0032,赛道 3 · 离子通道/GPCR 小分子药物虚拟筛选 · 子任务 2,CCNC(=O)N1CCC(C(=O)Nc2ccc3c4c(cccc24)N2C(=O)NC=CC2=C3)CC1,results/structures/cand032_mol_04e73e11_cede421358ad.sdf,1.389,0.693,3.041,0.3,-11.67,B,,,431.5,3.618,93.78,-5.2,3.0,3.0,3,5.0,0,2,,,O=C(Nc1ccc2c3c(cccc13)N1C(=O)NC=CC1=C2)C1CCNCC1,1,32,A2A,"7-eonmol (Pocket2Mol 等变图神经网络 + 口袋引导束搜索, GPCR 微调版)","7-eonmol_ft_gpcr_v2.pt — 本项目自训, 经两轮 A/B(种子 2024/2025)晋级; 基线为 ICML 2022 官方权重",7-eonmol-competition-submission,2024,A2A_20260926_233754,
C0033,赛道 3 · 离子通道/GPCR 小分子药物虚拟筛选 · 子任务 2,Cc1ccc(CNc2ccccn2)c(NC(=O)c2ccc3c(c2)C(=O)N2CCCCC2C3)c1,results/structures/cand033_mol_6d2c85cc_c5137ca7914a.sdf,1.309,0.597,2.879,0.303,-11.66,C,,,440.55,4.805,74.33,-6.18,2.0,4.0,5,5.0,0,6,,,O=C(Nc1ccccc1CNc1ccccn1)c1ccc2c(c1)C(=O)N1CCCCC1C2,2,33,A2A,"7-eonmol (Pocket2Mol 等变图神经网络 + 口袋引导束搜索, GPCR 微调版)","7-eonmol_ft_gpcr_v2.pt — 本项目自训, 经两轮 A/B(种子 2024/2025)晋级; 基线为 ICML 2022 官方权重",7-eonmol-competition-submission,2024,A2A_20260926_233754,ADMET 分级 C(风险较高)
C0034,赛道 3 · 离子通道/GPCR 小分子药物虚拟筛选 · 子任务 2,CC(=O)N1CCC(N)C(Oc2ccc(-c3cccc4c(CNC(=O)C(F)(F)F)cccc34)cc2)C1,results/structures/cand034_mol_2d244b87_7d24eb4770fe.sdf,1.241,0.572,3.315,0.29,-11.64,C,,,485.51,4.012,84.66,-5.84,2.0,4.0,5,4.0,0,3,,,c1ccc2c(-c3ccc(OC4CCCNC4)cc3)cccc2c1,1,34,A2A,"7-eonmol (Pocket2Mol 等变图神经网络 + 口袋引导束搜索, GPCR 微调版)","7-eonmol_ft_gpcr_v2.pt — 本项目自训, 经两轮 A/B(种子 2024/2025)晋级; 基线为 ICML 2022 官方权重",7-eonmol-competition-submission,2024,A2A_20260926_233754,ADMET 分级 C(风险较高)
C0035,赛道 3 · 离子通道/GPCR 小分子药物虚拟筛选 · 子任务 2,CC(C)C1=CN(C(=O)O)C(=O)N2C=Cc3cc(C4CCN(c5cccc(O)c5)C4=O)ccc3C2=N1,results/structures/cand035_mol_e5e925b8_5e3c8afacbee.sdf,1.276,0.68,4.039,0.252,-11.63,C,,,472.5,4.557,113.75,-6.17,2.0,5.0,3,5.0,0,4,,,O=C1NC=CN=C2c3ccc(C4CCN(c5ccccc5)C4=O)cc3C=CN12,1,35,A2A,"7-eonmol (Pocket2Mol 等变图神经网络 + 口袋引导束搜索, GPCR 微调版)","7-eonmol_ft_gpcr_v2.pt — 本项目自训, 经两轮 A/B(种子 2024/2025)晋级; 基线为 ICML 2022 官方权重",7-eonmol-competition-submission,2024,A2A_20260926_233754,ADMET 分级 C(风险较高)
C0036,赛道 3 · 离子通道/GPCR 小分子药物虚拟筛选 · 子任务 2,OC1CCCN2Cc3c(ccc4c(-c5ccccc5)cccc34)CCC12,results/structures/cand036_mol_45b5cc4d_8e219bc564e3.sdf,1.389,0.687,2.979,0.353,-11.62,C,,,343.47,4.778,23.47,-5.66,1.0,2.0,1,5.0,0,3,,,c1ccc(-c2cccc3c4c(ccc23)CCC2CCCCN2C4)cc1,1,36,A2A,"7-eonmol (Pocket2Mol 等变图神经网络 + 口袋引导束搜索, GPCR 微调版)","7-eonmol_ft_gpcr_v2.pt — 本项目自训, 经两轮 A/B(种子 2024/2025)晋级; 基线为 ICML 2022 官方权重",7-eonmol-competition-submission,2024,A2A_20260926_233754,ADMET 分级 C(风险较高)
C0037,赛道 3 · 离子通道/GPCR 小分子药物虚拟筛选 · 子任务 2,Cc1ccc(C(=O)NC2CCNC2)c(NC(=O)c2ccc3c(c2)C(=O)N2CCCCC2C3)c1,results/structures/cand037_mol_75bc37bb_1906dba44e02.sdf,1.355,0.674,3.186,0.286,-11.6,B,,,446.55,2.89,90.54,-4.75,3.0,4.0,4,5.0,0,1,,,O=C(Nc1ccccc1C(=O)NC1CCNC1)c1ccc2c(c1)C(=O)N1CCCCC1C2,1,37,A2A,"7-eonmol (Pocket2Mol 等变图神经网络 + 口袋引导束搜索, GPCR 微调版)","7-eonmol_ft_gpcr_v2.pt — 本项目自训, 经两轮 A/B(种子 2024/2025)晋级; 基线为 ICML 2022 官方权重",7-eonmol-competition-submission,2024,A2A_20260926_233754,
C0038,赛道 3 · 离子通道/GPCR 小分子药物虚拟筛选 · 子任务 2,O=C1CCC=C(Cc2cc3c4c(c2)-n2c(=O)[nH]c(=O)c5cccc(c52)N4CCC3)N1,results/structures/cand038_mol_3f4ab156_3f4ab156d961.sdf,1.367,0.692,3.248,0.252,-11.58,A,,,400.44,2.413,87.2,-4.21,2.0,4.0,2,6.0,0,0,,,O=C1CCC=C(Cc2cc3c4c(c2)-n2c(=O)[nH]c(=O)c5cccc(c52)N4CCC3)N1,1,38,A2A,"7-eonmol (Pocket2Mol 等变图神经网络 + 口袋引导束搜索, GPCR 微调版)","7-eonmol_ft_gpcr_v2.pt — 本项目自训, 经两轮 A/B(种子 2024/2025)晋级; 基线为 ICML 2022 官方权重",7-eonmol-competition-submission,2024,A2A_20260926_233754,
C0039,赛道 3 · 离子通道/GPCR 小分子药物虚拟筛选 · 子任务 2,Cc1c(CCNC(=O)C2CCCC2)c2c3c(cc(C(C)C)c(=O)n13)=C(c1ccccc1)OCC2,results/structures/cand039_mol_c454b01a_dd1b498b11a9.sdf,1.296,0.607,3.113,0.284,-11.58,B,,,458.6,4.028,59.81,-5.65,1.0,3.0,6,5.0,0,1,,,O=C(NCCc1cn2c(=O)ccc3c2c1CCOC=3c1ccccc1)C1CCCC1,1,39,A2A,"7-eonmol (Pocket2Mol 等变图神经网络 + 口袋引导束搜索, GPCR 微调版)","7-eonmol_ft_gpcr_v2.pt — 本项目自训, 经两轮 A/B(种子 2024/2025)晋级; 基线为 ICML 2022 官方权重",7-eonmol-competition-submission,2024,A2A_20260926_233754,
C0040,赛道 3 · 离子通道/GPCR 小分子药物虚拟筛选 · 子任务 2,O=C1CCC(O)CN1CCCc1cccc2c1CC1=Cc3ccccc3CN1C2=O,results/structures/cand040_mol_8318a9b2_c828ed1fb258.sdf,1.515,0.855,3.401,0.336,-11.57,B,,,402.49,3.156,60.85,-4.68,1.0,3.0,4,5.0,0,2,,,O=C1CCCCN1CCCc1cccc2c1CC1=Cc3ccccc3CN1C2=O,2,40,A2A,"7-eonmol (Pocket2Mol 等变图神经网络 + 口袋引导束搜索, GPCR 微调版)","7-eonmol_ft_gpcr_v2.pt — 本项目自训, 经两轮 A/B(种子 2024/2025)晋级; 基线为 ICML 2022 官方权重",7-eonmol-competition-submission,2024,A2A_20260926_233754,
C0041,赛道 3 · 离子通道/GPCR 小分子药物虚拟筛选 · 子任务 2,O=C1CCC(O)CN1CCc1cc(C2=CC=CCc3c(F)cccc32)cc(O)n1,results/structures/cand041_mol_a2d472fb_148fe84e6dc5.sdf,1.472,0.836,3.645,0.262,-11.53,B,,,394.45,2.996,73.66,-4.52,2.0,4.0,4,4.0,0,2,,,O=C1CCCCN1CCc1cc(C2=CC=CCc3ccccc32)ccn1,2,41,A2A,"7-eonmol (Pocket2Mol 等变图神经网络 + 口袋引导束搜索, GPCR 微调版)","7-eonmol_ft_gpcr_v2.pt — 本项目自训, 经两轮 A/B(种子 2024/2025)晋级; 基线为 ICML 2022 官方权重",7-eonmol-competition-submission,2024,A2A_20260926_233754,
C0042,赛道 3 · 离子通道/GPCR 小分子药物虚拟筛选 · 子任务 2,Cc1c(CCNC(=O)C2CCNC2)c2c3c4c(c(C(C)C)c(=O)n13)CC(C(F)(F)F)=CC=4OCC2,results/structures/cand042_mol_1890d717_f213440f136e.sdf,1.25,0.677,4.268,0.19,-11.51,C,,,489.54,2.444,71.84,-4.63,2.0,4.0,5,5.0,0,3,,,O=C(NCCc1cn2c(=O)cc3c4c2c1CCOC=4C=CC3)C1CCNC1,7,42,A2A,"7-eonmol (Pocket2Mol 等变图神经网络 + 口袋引导束搜索, GPCR 微调版)","7-eonmol_ft_gpcr_v2.pt — 本项目自训, 经两轮 A/B(种子 2024/2025)晋级; 基线为 ICML 2022 官方权重",7-eonmol-competition-submission,2024,A2A_20260926_233754,ADMET 分级 C(风险较高)
C0043,赛道 3 · 离子通道/GPCR 小分子药物虚拟筛选 · 子任务 2,O=C1CCC(O)CN1CCc1cc(C2=CC=CCc3ccccc32)cc(O)n1,results/structures/cand043_mol_a2d472fb_da74842798bd.sdf,1.509,0.861,3.516,0.288,-11.49,B,,,376.46,2.857,73.66,-4.31,2.0,4.0,4,4.0,0,2,,,O=C1CCCCN1CCc1cc(C2=CC=CCc3ccccc32)ccn1,2,43,A2A,"7-eonmol (Pocket2Mol 等变图神经网络 + 口袋引导束搜索, GPCR 微调版)","7-eonmol_ft_gpcr_v2.pt — 本项目自训, 经两轮 A/B(种子 2024/2025)晋级; 基线为 ICML 2022 官方权重",7-eonmol-competition-submission,2024,A2A_20260926_233754,
C0044,赛道 3 · 离子通道/GPCR 小分子药物虚拟筛选 · 子任务 2,Cc1ccc(C(=O)NCc2ccccc2)c(NC(=O)c2ccc3c(c2)C(=O)N2CCCCC2C3)c1,results/structures/cand044_mol_19bc1b03_d431e94887b2.sdf,1.301,0.57,2.688,0.333,-11.45,C,,,467.57,4.728,78.51,-6.28,2.0,3.0,5,5.0,0,4,,,O=C(Nc1ccccc1C(=O)NCc1ccccc1)c1ccc2c(c1)C(=O)N1CCCCC1C2,1,44,A2A,"7-eonmol (Pocket2Mol 等变图神经网络 + 口袋引导束搜索, GPCR 微调版)","7-eonmol_ft_gpcr_v2.pt — 本项目自训, 经两轮 A/B(种子 2024/2025)晋级; 基线为 ICML 2022 官方权重",7-eonmol-competition-submission,2024,A2A_20260926_233754,ADMET 分级 C(风险较高)
C0045,赛道 3 · 离子通道/GPCR 小分子药物虚拟筛选 · 子任务 2,O=C1CCC(O)CN1CCCc1cccc2c1CC1=Cc3cc(O)ccc3CN1C2=O,results/structures/cand045_mol_8318a9b2_fe29c2ad0c8c.sdf,1.446,0.8,3.538,0.271,-11.44,B,,,418.49,2.861,81.08,-4.56,2.0,4.0,4,5.0,0,1,,,O=C1CCCCN1CCCc1cccc2c1CC1=Cc3ccccc3CN1C2=O,2,45,A2A,"7-eonmol (Pocket2Mol 等变图神经网络 + 口袋引导束搜索, GPCR 微调版)","7-eonmol_ft_gpcr_v2.pt — 本项目自训, 经两轮 A/B(种子 2024/2025)晋级; 基线为 ICML 2022 官方权重",7-eonmol-competition-submission,2024,A2A_20260926_233754,
C0046,赛道 3 · 离子通道/GPCR 小分子药物虚拟筛选 · 子任务 2,Cc1ccc(O)cc1-c1cc(COC2Cc3nc(C(C)C)nc4c3N(CCC4)C2)[nH]c(=O)c1,results/structures/cand046_mol_0132de06_abe1d6269ff4.sdf,1.245,0.618,3.731,0.269,-11.44,B,,,446.55,3.863,91.34,-5.51,2.0,6.0,5,5.0,0,1,,,O=c1cc(-c2ccccc2)cc(COC2Cc3ncnc4c3N(CCC4)C2)[nH]1,2,46,A2A,"7-eonmol (Pocket2Mol 等变图神经网络 + 口袋引导束搜索, GPCR 微调版)","7-eonmol_ft_gpcr_v2.pt — 本项目自训, 经两轮 A/B(种子 2024/2025)晋级; 基线为 ICML 2022 官方权重",7-eonmol-competition-submission,2024,A2A_20260926_233754,
C0047,赛道 3 · 离子通道/GPCR 小分子药物虚拟筛选 · 子任务 2,CC(C)C1=CN(C(=O)O)C(=O)N2C=Cc3cc(C4CC5CNCCN5C4=O)ccc3C2=N1,results/structures/cand047_mol_d98e104b_eaff693e6e90.sdf,1.291,0.743,4.523,0.223,-11.41,B,,,435.48,2.618,105.55,-4.46,2.0,5.0,2,5.0,0,1,,,O=C1NC=CN=C2c3ccc(C4CC5CNCCN5C4=O)cc3C=CN12,1,47,A2A,"7-eonmol (Pocket2Mol 等变图神经网络 + 口袋引导束搜索, GPCR 微调版)","7-eonmol_ft_gpcr_v2.pt — 本项目自训, 经两轮 A/B(种子 2024/2025)晋级; 基线为 ICML 2022 官方权重",7-eonmol-competition-submission,2024,A2A_20260926_233754,
C0048,赛道 3 · 离子通道/GPCR 小分子药物虚拟筛选 · 子任务 2,CCc1cc(CCc2cccc(=O)[nH]2)c2cccc(CN3CCCCC3)c2c1,results/structures/cand048_mol_25c58909_008ad6f15616.sdf,1.422,0.669,2.47,0.392,-11.4,C,,,374.53,4.862,36.1,-5.79,1.0,2.0,6,4.0,0,4,,,O=c1cccc(CCc2cccc3c(CN4CCCCC4)cccc23)[nH]1,1,48,A2A,"7-eonmol (Pocket2Mol 等变图神经网络 + 口袋引导束搜索, GPCR 微调版)","7-eonmol_ft_gpcr_v2.pt — 本项目自训, 经两轮 A/B(种子 2024/2025)晋级; 基线为 ICML 2022 官方权重",7-eonmol-competition-submission,2024,A2A_20260926_233754,ADMET 分级 C(风险较高)
C0049,赛道 3 · 离子通道/GPCR 小分子药物虚拟筛选 · 子任务 2,CC1CCCCN1C(=O)N1CCC(C(=O)Nc2cccc3ccccc23)CC1,results/structures/cand049_mol_84c188ef_c5cef88b004c.sdf,1.584,0.836,2.522,0.31,-11.39,B,,,379.5,4.485,52.65,-5.55,1.0,2.0,2,4.0,0,2,,,O=C(Nc1cccc2ccccc12)C1CCN(C(=O)N2CCCCC2)CC1,2,49,A2A,"7-eonmol (Pocket2Mol 等变图神经网络 + 口袋引导束搜索, GPCR 微调版)","7-eonmol_ft_gpcr_v2.pt — 本项目自训, 经两轮 A/B(种子 2024/2025)晋级; 基线为 ICML 2022 官方权重",7-eonmol-competition-submission,2024,A2A_20260926_233754,
C0050,赛道 3 · 离子通道/GPCR 小分子药物虚拟筛选 · 子任务 2,Cc1cc(C(C)NC(=O)O)cc2c(CNC(=O)Cn3cc(F)cc(F)c3=O)cc(F)cc12,results/structures/cand050_mol_de696b17_f0e42b26744e.sdf,1.217,0.539,3.228,0.27,-11.39,B,,,447.41,3.372,100.43,-5.12,3.0,3.0,6,3.0,0,1,,,O=C(Cn1ccccc1=O)NCc1cccc2ccccc12,12,50,A2A,"7-eonmol (Pocket2Mol 等变图神经网络 + 口袋引导束搜索, GPCR 微调版)","7-eonmol_ft_gpcr_v2.pt — 本项目自训, 经两轮 A/B(种子 2024/2025)晋级; 基线为 ICML 2022 官方权重",7-eonmol-competition-submission,2024,A2A_20260926_233754,
C0051,赛道 3 · 离子通道/GPCR 小分子药物虚拟筛选 · 子任务 2,Cc1c(CCNC(=O)C2CCCC2)c2c3c4c(c(C(C)C)c(=O)n13)CC=CC=4OCC2,results/structures/cand051_mol_079f5559_10872f82a70c.sdf,1.46,0.809,3.485,0.203,-11.36,B,,,420.55,3.092,59.81,-4.69,1.0,3.0,5,5.0,0,1,,,O=C(NCCc1cn2c(=O)cc3c4c2c1CCOC=4C=CC3)C1CCCC1,3,51,A2A,"7-eonmol (Pocket2Mol 等变图神经网络 + 口袋引导束搜索, GPCR 微调版)","7-eonmol_ft_gpcr_v2.pt — 本项目自训, 经两轮 A/B(种子 2024/2025)晋级; 基线为 ICML 2022 官方权重",7-eonmol-competition-submission,2024,A2A_20260926_233754,
C0052,赛道 3 · 离子通道/GPCR 小分子药物虚拟筛选 · 子任务 2,CCC(C)c1c2c3c4c(c(CCNC(=O)C5CCCC5)c(C)n4c1=O)CCOC=3C=CC2,results/structures/cand052_mol_079f5559_5286580589e8.sdf,1.363,0.757,3.947,0.215,-11.36,B,,,434.58,3.482,59.81,-5.04,1.0,3.0,6,5.0,0,1,,,O=C(NCCc1cn2c(=O)cc3c4c2c1CCOC=4C=CC3)C1CCCC1,3,52,A2A,"7-eonmol (Pocket2Mol 等变图神经网络 + 口袋引导束搜索, GPCR 微调版)","7-eonmol_ft_gpcr_v2.pt — 本项目自训, 经两轮 A/B(种子 2024/2025)晋级; 基线为 ICML 2022 官方权重",7-eonmol-competition-submission,2024,A2A_20260926_233754,
C0053,赛道 3 · 离子通道/GPCR 小分子药物虚拟筛选 · 子任务 2,CC1=CC2=c3c(c(C(C)C)c(=O)n4c(C)c(CCNC(=O)C5CCCC5)c(c34)CCO2)C1,results/structures/cand053_mol_079f5559_9db00f8359c8.sdf,1.431,0.784,3.528,0.199,-11.35,B,,,434.58,3.482,59.81,-5.06,1.0,3.0,5,5.0,0,1,,,O=C(NCCc1cn2c(=O)cc3c4c2c1CCOC=4C=CC3)C1CCCC1,3,53,A2A,"7-eonmol (Pocket2Mol 等变图神经网络 + 口袋引导束搜索, GPCR 微调版)","7-eonmol_ft_gpcr_v2.pt — 本项目自训, 经两轮 A/B(种子 2024/2025)晋级; 基线为 ICML 2022 官方权重",7-eonmol-competition-submission,2024,A2A_20260926_233754,
C0054,赛道 3 · 离子通道/GPCR 小分子药物虚拟筛选 · 子任务 2,Cc1ccc(C(=O)N2CC3=C(C2)OCC=C3)c(NC(=O)c2ccc3c(c2)C(=O)N2CCCCC2C3)c1,results/structures/cand054_mol_78943beb_a587c3e03240.sdf,1.363,0.713,3.499,0.279,-11.35,B,,,483.57,4.094,78.95,-5.89,1.0,4.0,3,6.0,0,2,,,O=C(Nc1ccccc1C(=O)N1CC2=C(C1)OCC=C2)c1ccc2c(c1)C(=O)N1CCCCC1C2,1,54,A2A,"7-eonmol (Pocket2Mol 等变图神经网络 + 口袋引导束搜索, GPCR 微调版)","7-eonmol_ft_gpcr_v2.pt — 本项目自训, 经两轮 A/B(种子 2024/2025)晋级; 基线为 ICML 2022 官方权重",7-eonmol-competition-submission,2024,A2A_20260926_233754,
C0055,赛道 3 · 离子通道/GPCR 小分子药物虚拟筛选 · 子任务 2,Cc1ccc(O)cc1-c1cc(COC2Cc3c(c4cccnc4c(=O)n3C)N(C)C2)[nH]c(=O)c1,results/structures/cand055_mol_79edf0a2_33fc60b0db54.sdf,1.116,0.488,3.719,0.262,-11.34,B,,,458.52,2.881,100.45,-4.92,2.0,6.0,4,5.0,0,1,,,O=c1cc(-c2ccccc2)cc(COC2CNc3c([nH]c(=O)c4ncccc34)C2)[nH]1,1,55,A2A,"7-eonmol (Pocket2Mol 等变图神经网络 + 口袋引导束搜索, GPCR 微调版)","7-eonmol_ft_gpcr_v2.pt — 本项目自训, 经两轮 A/B(种子 2024/2025)晋级; 基线为 ICML 2022 官方权重",7-eonmol-competition-submission,2024,A2A_20260926_233754,
C0056,赛道 3 · 离子通道/GPCR 小分子药物虚拟筛选 · 子任务 2,O=C(Nc1ccc2ccccc2c1)C1CCOC2Cc3ccccc3C(=O)N21,results/structures/cand056_mol_f948c8e1_f948c8e1ab0d.sdf,1.439,0.748,3.089,0.374,-11.33,B,,,372.42,3.592,58.64,-4.92,1.0,3.0,2,5.0,0,2,,,O=C(Nc1ccc2ccccc2c1)C1CCOC2Cc3ccccc3C(=O)N21,1,56,A2A,"7-eonmol (Pocket2Mol 等变图神经网络 + 口袋引导束搜索, GPCR 微调版)","7-eonmol_ft_gpcr_v2.pt — 本项目自训, 经两轮 A/B(种子 2024/2025)晋级; 基线为 ICML 2022 官方权重",7-eonmol-competition-submission,2024,A2A_20260926_233754,
C0057,赛道 3 · 离子通道/GPCR 小分子药物虚拟筛选 · 子任务 2,Cc1cc2c3c(nccc3c1)CCC2n1ccccc1=O,results/structures/cand057_mol_d03bde3f_0b2476f51128.sdf,1.361,0.684,3.226,0.257,-11.32,B,,,276.34,3.241,34.89,-4.14,0.0,2.0,1,4.0,0,1,,,O=c1ccccn1C1CCc2nccc3cccc1c23,1,57,A2A,"7-eonmol (Pocket2Mol 等变图神经网络 + 口袋引导束搜索, GPCR 微调版)","7-eonmol_ft_gpcr_v2.pt — 本项目自训, 经两轮 A/B(种子 2024/2025)晋级; 基线为 ICML 2022 官方权重",7-eonmol-competition-submission,2024,A2A_20260926_233754,
C0058,赛道 3 · 离子通道/GPCR 小分子药物虚拟筛选 · 子任务 2,CCC=C(C)c1c2c3c4c(c(CCNC(=O)C5CCNC5)c(C)n4c1=O)CCOC=3C=C(C)C2,results/structures/cand058_mol_1890d717_7a7aec60c62d.sdf,1.268,0.694,4.254,0.192,-11.32,B,,,461.61,2.592,71.84,-4.54,2.0,4.0,6,5.0,0,2,,,O=C(NCCc1cn2c(=O)cc3c4c2c1CCOC=4C=CC3)C1CCNC1,7,58,A2A,"7-eonmol (Pocket2Mol 等变图神经网络 + 口袋引导束搜索, GPCR 微调版)","7-eonmol_ft_gpcr_v2.pt — 本项目自训, 经两轮 A/B(种子 2024/2025)晋级; 基线为 ICML 2022 官方权重",7-eonmol-competition-submission,2024,A2A_20260926_233754,
C0059,赛道 3 · 离子通道/GPCR 小分子药物虚拟筛选 · 子任务 2,COc1ccc2c(c1)C=CN1CC(OCc3cc(-c4cc(O)ccc4C)cc(=O)[nH]3)CC=C21,results/structures/cand059_mol_b1a380bf_41dfd1d73d84.sdf,1.224,0.6,3.765,0.268,-11.32,C,,,442.52,4.681,74.79,-6.1,2.0,5.0,5,5.0,0,5,,,O=c1cc(-c2ccccc2)cc(COC2CC=C3c4ccccc4C=CN3C2)[nH]1,1,59,A2A,"7-eonmol (Pocket2Mol 等变图神经网络 + 口袋引导束搜索, GPCR 微调版)","7-eonmol_ft_gpcr_v2.pt — 本项目自训, 经两轮 A/B(种子 2024/2025)晋级; 基线为 ICML 2022 官方权重",7-eonmol-competition-submission,2024,A2A_20260926_233754,ADMET 分级 C(风险较高)
C0060,赛道 3 · 离子通道/GPCR 小分子药物虚拟筛选 · 子任务 2,CC=C(C)c1c2c(c3c(C)c(CCNC(=O)C4CCCC4)c(C)n3c1=O)=CC=CC2,results/structures/cand060_mol_1801150b_95124675f5e8.sdf,1.482,0.824,3.42,0.209,-11.3,B,,,404.55,3.8,50.58,-5.12,1.0,2.0,5,4.0,0,1,,,O=C(NCCc1cc2c3c(cc(=O)n2c1)CC=CC=3)C1CCCC1,1,60,A2A,"7-eonmol (Pocket2Mol 等变图神经网络 + 口袋引导束搜索, GPCR 微调版)","7-eonmol_ft_gpcr_v2.pt — 本项目自训, 经两轮 A/B(种子 2024/2025)晋级; 基线为 ICML 2022 官方权重",7-eonmol-competition-submission,2024,A2A_20260926_233754,
C0061,赛道 3 · 离子通道/GPCR 小分子药物虚拟筛选 · 子任务 2,CCNC(=O)N1CCC(C(=O)Nc2ccc3c4c(cccc24)N(C(=O)OC)C2=C3CC(O)=CC2)CC1,results/structures/cand061_mol_1fc91d4e_f092b7f1bfed.sdf,1.256,0.575,3.189,0.297,-11.3,C,,,490.56,4.753,111.21,-6.41,3.0,5.0,3,5.0,0,4,,,O=C(Nc1ccc2c3c(cccc13)NC1=C2CC=CC1)C1CCNCC1,1,61,A2A,"7-eonmol (Pocket2Mol 等变图神经网络 + 口袋引导束搜索, GPCR 微调版)","7-eonmol_ft_gpcr_v2.pt — 本项目自训, 经两轮 A/B(种子 2024/2025)晋级; 基线为 ICML 2022 官方权重",7-eonmol-competition-submission,2024,A2A_20260926_233754,ADMET 分级 C(风险较高)
C0062,赛道 3 · 离子通道/GPCR 小分子药物虚拟筛选 · 子任务 2,Cc1cc(CC2=CCCC(=O)N2)cc2c1Oc1cccc3c(=O)[nH]c(=O)n-2c13,results/structures/cand062_mol_337d89e0_d102e767931d.sdf,1.235,0.563,3.28,0.246,-11.3,A,,,375.38,2.43,93.19,-4.08,2.0,4.0,2,5.0,0,0,,,O=C1CCC=C(Cc2ccc3c(c2)-n2c(=O)[nH]c(=O)c4cccc(c42)O3)N1,1,62,A2A,"7-eonmol (Pocket2Mol 等变图神经网络 + 口袋引导束搜索, GPCR 微调版)","7-eonmol_ft_gpcr_v2.pt — 本项目自训, 经两轮 A/B(种子 2024/2025)晋级; 基线为 ICML 2022 官方权重",7-eonmol-competition-submission,2024,A2A_20260926_233754,
C0063,赛道 3 · 离子通道/GPCR 小分子药物虚拟筛选 · 子任务 2,CC(=O)N(CCc1ccc2c(c1)C1=c3ccc(C)cc3=CC3=CC=CC(=C2)C31)C(=O)CN1C=CC=CC1,results/structures/cand063_mol_2170b642_2688ba8b0c8d.sdf,1.214,0.646,4.319,0.235,-11.3,B,,,486.62,3.801,40.62,-5.64,0.0,3.0,5,6.0,0,2,,,O=C(CN1C=CC=CC1)NCCc1ccc2c(c1)C1=c3ccccc3=CC3=CC=CC(=C2)C31,2,63,A2A,"7-eonmol (Pocket2Mol 等变图神经网络 + 口袋引导束搜索, GPCR 微调版)","7-eonmol_ft_gpcr_v2.pt — 本项目自训, 经两轮 A/B(种子 2024/2025)晋级; 基线为 ICML 2022 官方权重",7-eonmol-competition-submission,2024,A2A_20260926_233754,
C0064,赛道 3 · 离子通道/GPCR 小分子药物虚拟筛选 · 子任务 2,Cc1cc(CC2=CCCC(=O)N2)cc2c1cc1n2C(=O)NC(=O)C1,results/structures/cand064_mol_3f012405_90bacbe407b0.sdf,1.549,0.886,3.373,0.211,-11.28,A,,,323.35,1.927,80.2,-3.3,2.0,3.0,2,4.0,0,0,,,O=C1Cc2cc3ccc(CC4=CCCC(=O)N4)cc3n2C(=O)N1,1,64,A2A,"7-eonmol (Pocket2Mol 等变图神经网络 + 口袋引导束搜索, GPCR 微调版)","7-eonmol_ft_gpcr_v2.pt — 本项目自训, 经两轮 A/B(种子 2024/2025)晋级; 基线为 ICML 2022 官方权重",7-eonmol-competition-submission,2024,A2A_20260926_233754,
C0065,赛道 3 · 离子通道/GPCR 小分子药物虚拟筛选 · 子任务 2,O=C(NCc1cccc2c(-c3ccccc3F)cccc12)C(F)(F)F,results/structures/cand065_mol_0035ad2e_4e09ffa3680d.sdf,1.469,0.676,2.067,0.36,-11.25,B,,,347.31,4.824,29.1,-5.68,1.0,1.0,3,3.0,0,2,,,c1ccc(-c2cccc3ccccc23)cc1,4,65,A2A,"7-eonmol (Pocket2Mol 等变图神经网络 + 口袋引导束搜索, GPCR 微调版)","7-eonmol_ft_gpcr_v2.pt — 本项目自训, 经两轮 A/B(种子 2024/2025)晋级; 基线为 ICML 2022 官方权重",7-eonmol-competition-submission,2024,A2A_20260926_233754,
C0066,赛道 3 · 离子通道/GPCR 小分子药物虚拟筛选 · 子任务 2,Cc1ccc(O)cc1-c1cc(COC2Cc3nc(N)nc4c3N(CCC4)C2)[nH]c(=O)c1,results/structures/cand066_mol_0132de06_38ec1035993b.sdf,1.225,0.594,3.69,0.301,-11.24,B,,,419.49,2.322,117.36,-4.23,3.0,7.0,4,5.0,0,2,,,O=c1cc(-c2ccccc2)cc(COC2Cc3ncnc4c3N(CCC4)C2)[nH]1,2,66,A2A,"7-eonmol (Pocket2Mol 等变图神经网络 + 口袋引导束搜索, GPCR 微调版)","7-eonmol_ft_gpcr_v2.pt — 本项目自训, 经两轮 A/B(种子 2024/2025)晋级; 基线为 ICML 2022 官方权重",7-eonmol-competition-submission,2024,A2A_20260926_233754,
C0067,赛道 3 · 离子通道/GPCR 小分子药物虚拟筛选 · 子任务 2,Cc1cc(O)ccc1N1CCc2c(CCCN3CC(O)CCC3=O)cccc2C1=O,results/structures/cand067_mol_7d4816b6_1cc51f37d3d4.sdf,1.487,0.797,3.102,0.269,-11.22,B,,,408.5,2.819,81.08,-4.45,2.0,4.0,5,4.0,0,1,,,O=C1CCCCN1CCCc1cccc2c1CCN(c1ccccc1)C2=O,4,67,A2A,"7-eonmol (Pocket2Mol 等变图神经网络 + 口袋引导束搜索, GPCR 微调版)","7-eonmol_ft_gpcr_v2.pt — 本项目自训, 经两轮 A/B(种子 2024/2025)晋级; 基线为 ICML 2022 官方权重",7-eonmol-competition-submission,2024,A2A_20260926_233754,
C0068,赛道 3 · 离子通道/GPCR 小分子药物虚拟筛选 · 子任务 2,CC(=O)NCc1ccc(C)cc1NC(=O)c1ccc2c(c1)C(=O)N1CCCCC1C2,results/structures/cand068_mol_5da19199_32b88d13bf6a.sdf,1.539,0.818,2.789,0.309,-11.2,B,,,405.5,3.434,78.51,-4.91,2.0,3.0,4,4.0,0,2,,,O=C(Nc1ccccc1)c1ccc2c(c1)C(=O)N1CCCCC1C2,6,68,A2A,"7-eonmol (Pocket2Mol 等变图神经网络 + 口袋引导束搜索, GPCR 微调版)","7-eonmol_ft_gpcr_v2.pt — 本项目自训, 经两轮 A/B(种子 2024/2025)晋级; 基线为 ICML 2022 官方权重",7-eonmol-competition-submission,2024,A2A_20260926_233754,
C0069,赛道 3 · 离子通道/GPCR 小分子药物虚拟筛选 · 子任务 2,Cc1ccc(C2=NC=NC2)c(NC(=O)c2ccc3c(c2)C(=O)N2CCCCC2C3)c1,results/structures/cand069_mol_e0b89f6e_56c62210e7c7.sdf,1.524,0.854,3.3,0.301,-11.2,B,,,400.48,3.629,74.13,-5.04,1.0,4.0,3,5.0,0,2,,,O=C(Nc1ccccc1C1=NC=NC1)c1ccc2c(c1)C(=O)N1CCCCC1C2,1,69,A2A,"7-eonmol (Pocket2Mol 等变图神经网络 + 口袋引导束搜索, GPCR 微调版)","7-eonmol_ft_gpcr_v2.pt — 本项目自训, 经两轮 A/B(种子 2024/2025)晋级; 基线为 ICML 2022 官方权重",7-eonmol-competition-submission,2024,A2A_20260926_233754,
C0070,赛道 3 · 离子通道/GPCR 小分子药物虚拟筛选 · 子任务 2,O=C1CCC(O)CN1CCc1cc2c(-c3ccccc3)cccc2c(O)n1,results/structures/cand070_mol_9ee5366e_61e19158c2c7.sdf,1.454,0.748,2.936,0.353,-11.2,C,,,362.43,3.133,73.66,-4.48,2.0,4.0,4,4.0,0,3,,,O=C1CCCCN1CCc1cc2c(-c3ccccc3)cccc2cn1,5,70,A2A,"7-eonmol (Pocket2Mol 等变图神经网络 + 口袋引导束搜索, GPCR 微调版)","7-eonmol_ft_gpcr_v2.pt — 本项目自训, 经两轮 A/B(种子 2024/2025)晋级; 基线为 ICML 2022 官方权重",7-eonmol-competition-submission,2024,A2A_20260926_233754,ADMET 分级 C(风险较高)
C0071,赛道 3 · 离子通道/GPCR 小分子药物虚拟筛选 · 子任务 2,CCc1cc(CC2=CCCC(=O)N2)cc2c1Nc1cccc3c(=O)[nH]c(=O)n-2c13,results/structures/cand071_mol_5210d4be_159dfb228914.sdf,1.169,0.503,3.333,0.241,-11.2,B,,,388.43,2.635,95.99,-4.28,3.0,4.0,3,5.0,0,1,,,O=C1CCC=C(Cc2ccc3c(c2)-n2c(=O)[nH]c(=O)c4cccc(c42)N3)N1,2,71,A2A,"7-eonmol (Pocket2Mol 等变图神经网络 + 口袋引导束搜索, GPCR 微调版)","7-eonmol_ft_gpcr_v2.pt — 本项目自训, 经两轮 A/B(种子 2024/2025)晋级; 基线为 ICML 2022 官方权重",7-eonmol-competition-submission,2024,A2A_20260926_233754,
C0072,赛道 3 · 离子通道/GPCR 小分子药物虚拟筛选 · 子任务 2,CC=C(C)c1c2c3c4c(c(CCNC(=O)C5CCNC5)c(C)n4c1=O)CCOC=3c1cccc(C)c1C2,results/structures/cand072_mol_8249740d_8dbac7aad1da.sdf,1.157,0.569,4.115,0.219,-11.2,B,,,497.64,2.96,71.84,-5.12,2.0,4.0,5,6.0,0,2,,,O=C(NCCc1cn2c(=O)cc3c4c2c1CCOC=4c1ccccc1C3)C1CCNC1,3,72,A2A,"7-eonmol (Pocket2Mol 等变图神经网络 + 口袋引导束搜索, GPCR 微调版)","7-eonmol_ft_gpcr_v2.pt — 本项目自训, 经两轮 A/B(种子 2024/2025)晋级; 基线为 ICML 2022 官方权重",7-eonmol-competition-submission,2024,A2A_20260926_233754,
C0073,赛道 3 · 离子通道/GPCR 小分子药物虚拟筛选 · 子任务 2,Cc1c(CCNC(=O)C2CCNC2)c2c3c4c(c(C(C)C)c(=O)n13)Cc1ccccc1C=4ONC2,results/structures/cand073_mol_e9abac97_7b07402a057d.sdf,1.119,0.528,4.086,0.269,-11.16,B,,,472.59,1.814,83.87,-4.12,3.0,5.0,5,6.0,0,1,,,O=C(NCCc1cn2c(=O)cc3c4c2c1CNOC=4c1ccccc1C3)C1CCNC1,3,73,A2A,"7-eonmol (Pocket2Mol 等变图神经网络 + 口袋引导束搜索, GPCR 微调版)","7-eonmol_ft_gpcr_v2.pt — 本项目自训, 经两轮 A/B(种子 2024/2025)晋级; 基线为 ICML 2022 官方权重",7-eonmol-competition-submission,2024,A2A_20260926_233754,
C0074,赛道 3 · 离子通道/GPCR 小分子药物虚拟筛选 · 子任务 2,CC(=O)N(CCc1ccc2c(c1)CC1C=C(F)C=CC1=C2)C(=O)CN1C=CC=CC1,results/structures/cand074_mol_52dfde5c_47abbecb9827.sdf,1.328,0.746,4.178,0.218,-11.14,B,,,404.49,3.969,40.62,-5.2,0.0,3.0,5,4.0,0,1,,,O=C(CN1C=CC=CC1)NCCc1ccc2c(c1)CC1C=CC=CC1=C2,2,74,A2A,"7-eonmol (Pocket2Mol 等变图神经网络 + 口袋引导束搜索, GPCR 微调版)","7-eonmol_ft_gpcr_v2.pt — 本项目自训, 经两轮 A/B(种子 2024/2025)晋级; 基线为 ICML 2022 官方权重",7-eonmol-competition-submission,2024,A2A_20260926_233754,
C0075,赛道 3 · 离子通道/GPCR 小分子药物虚拟筛选 · 子任务 2,O=C(NCc1cccc2c(-c3ccccc3O)cccc12)C(F)(F)F,results/structures/cand075_mol_0035ad2e_9923dc044e7f.sdf,1.527,0.74,2.13,0.327,-11.13,B,,,345.32,4.391,49.33,-5.34,2.0,2.0,3,3.0,0,1,,,c1ccc(-c2cccc3ccccc23)cc1,4,75,A2A,"7-eonmol (Pocket2Mol 等变图神经网络 + 口袋引导束搜索, GPCR 微调版)","7-eonmol_ft_gpcr_v2.pt — 本项目自训, 经两轮 A/B(种子 2024/2025)晋级; 基线为 ICML 2022 官方权重",7-eonmol-competition-submission,2024,A2A_20260926_233754,
C0076,赛道 3 · 离子通道/GPCR 小分子药物虚拟筛选 · 子任务 2,O=C(O)c1cnc2c(c1N1CCCNC1=O)-c1ccc(C3C=NN(CC4=CC=C=C4)C3=O)cc1CC2O,results/structures/cand076_mol_ac0de7e7_7ac0d7fc1da2.sdf,1.054,0.543,4.897,0.242,-11.13,B,,,497.51,2.519,135.43,-4.76,3.0,6.0,5,6.0,0,2,,,O=C1C(c2ccc3c(c2)CCc2nccc(N4CCCNC4=O)c2-3)C=NN1CC1=CC=C=C1,1,76,A2A,"7-eonmol (Pocket2Mol 等变图神经网络 + 口袋引导束搜索, GPCR 微调版)","7-eonmol_ft_gpcr_v2.pt — 本项目自训, 经两轮 A/B(种子 2024/2025)晋级; 基线为 ICML 2022 官方权重",7-eonmol-competition-submission,2024,A2A_20260926_233754,
C0077,赛道 3 · 离子通道/GPCR 小分子药物虚拟筛选 · 子任务 2,O=C1CCC(O)CN1CCCc1cccc2c1CCN(c1ccc(O)cc1)C2=O,results/structures/cand077_mol_7d4816b6_a94126128483.sdf,1.517,0.817,2.997,0.304,-11.12,B,,,394.47,2.511,81.08,-4.13,2.0,4.0,5,4.0,0,1,,,O=C1CCCCN1CCCc1cccc2c1CCN(c1ccccc1)C2=O,4,77,A2A,"7-eonmol (Pocket2Mol 等变图神经网络 + 口袋引导束搜索, GPCR 微调版)","7-eonmol_ft_gpcr_v2.pt — 本项目自训, 经两轮 A/B(种子 2024/2025)晋级; 基线为 ICML 2022 官方权重",7-eonmol-competition-submission,2024,A2A_20260926_233754,
C0078,赛道 3 · 离子通道/GPCR 小分子药物虚拟筛选 · 子任务 2,O=C(CN1Cc2cccc3cccc(c23)C1=O)Nc1ccccc1,results/structures/cand078_mol_be7fbdbf_be7fbdbfad45.sdf,1.609,0.804,1.96,0.402,-11.11,B,,,316.36,3.434,49.41,-4.46,1.0,2.0,3,4.0,0,2,,,O=C(CN1Cc2cccc3cccc(c23)C1=O)Nc1ccccc1,1,78,A2A,"7-eonmol (Pocket2Mol 等变图神经网络 + 口袋引导束搜索, GPCR 微调版)","7-eonmol_ft_gpcr_v2.pt — 本项目自训, 经两轮 A/B(种子 2024/2025)晋级; 基线为 ICML 2022 官方权重",7-eonmol-competition-submission,2024,A2A_20260926_233754,
C0079,赛道 3 · 离子通道/GPCR 小分子药物虚拟筛选 · 子任务 2,O=C1CCC(O)CN1CCCc1cccc2c1CC1=Nc3cc(O)ccc3CN1C2=O,results/structures/cand079_mol_6ac40810_4aaf4718cb06.sdf,1.441,0.796,3.555,0.261,-11.09,B,,,419.48,2.55,93.44,-4.34,2.0,5.0,4,5.0,0,1,,,O=C1CCCCN1CCCc1cccc2c1CC1=Nc3ccccc3CN1C2=O,1,79,A2A,"7-eonmol (Pocket2Mol 等变图神经网络 + 口袋引导束搜索, GPCR 微调版)","7-eonmol_ft_gpcr_v2.pt — 本项目自训, 经两轮 A/B(种子 2024/2025)晋级; 基线为 ICML 2022 官方权重",7-eonmol-competition-submission,2024,A2A_20260926_233754,
C0080,赛道 3 · 离子通道/GPCR 小分子药物虚拟筛选 · 子任务 2,Cc1ncc(-c2ccccc2)cc1CC(=O)N(C)C(=O)NCc1ccccc1,results/structures/cand080_mol_38880b8a_f38b4dc24cdd.sdf,1.51,0.736,2.257,0.389,-11.08,C,,,373.46,3.968,62.3,-5.16,1.0,3.0,5,3.0,0,3,,,O=C(Cc1cncc(-c2ccccc2)c1)NC(=O)NCc1ccccc1,3,80,A2A,"7-eonmol (Pocket2Mol 等变图神经网络 + 口袋引导束搜索, GPCR 微调版)","7-eonmol_ft_gpcr_v2.pt — 本项目自训, 经两轮 A/B(种子 2024/2025)晋级; 基线为 ICML 2022 官方权重",7-eonmol-competition-submission,2024,A2A_20260926_233754,ADMET 分级 C(风险较高)
C0081,赛道 3 · 离子通道/GPCR 小分子药物虚拟筛选 · 子任务 2,Cc1ccc(-c2ncc[nH]2)c(NC(=O)c2ccc3c(c2)C(=O)N2CCCCC2C3)c1,results/structures/cand081_mol_6689b987_bfc336dff743.sdf,1.394,0.692,2.975,0.301,-11.07,B,,,400.48,4.188,78.09,-5.52,2.0,3.0,3,5.0,0,2,,,O=C(Nc1ccccc1-c1ncc[nH]1)c1ccc2c(c1)C(=O)N1CCCCC1C2,1,81,A2A,"7-eonmol (Pocket2Mol 等变图神经网络 + 口袋引导束搜索, GPCR 微调版)","7-eonmol_ft_gpcr_v2.pt — 本项目自训, 经两轮 A/B(种子 2024/2025)晋级; 基线为 ICML 2022 官方权重",7-eonmol-competition-submission,2024,A2A_20260926_233754,
C0082,赛道 3 · 离子通道/GPCR 小分子药物虚拟筛选 · 子任务 2,O=C(NC1=CC2=C(C=C3C(=NC=CN3CC(F)(F)F)C2)C1(F)F)c1ccccc1,results/structures/cand082_mol_78a11239_58ab68cf9972.sdf,1.378,0.759,3.809,0.25,-11.07,B,,,407.34,4.324,44.7,-5.53,1.0,3.0,3,4.0,0,2,,,O=C(NC1=CC2=C(C=C3NC=CN=C3C2)C1)c1ccccc1,4,82,A2A,"7-eonmol (Pocket2Mol 等变图神经网络 + 口袋引导束搜索, GPCR 微调版)","7-eonmol_ft_gpcr_v2.pt — 本项目自训, 经两轮 A/B(种子 2024/2025)晋级; 基线为 ICML 2022 官方权重",7-eonmol-competition-submission,2024,A2A_20260926_233754,
C0083,赛道 3 · 离子通道/GPCR 小分子药物虚拟筛选 · 子任务 2,CC(=O)N(CCc1ccc2c(c1)CC1C=CC=CC1=C2)C(=O)CN1C=CC=CC1,results/structures/cand083_mol_52dfde5c_fa01ac2a6530.sdf,1.371,0.775,4.04,0.212,-11.07,B,,,386.5,3.671,40.62,-4.87,0.0,3.0,5,4.0,0,1,,,O=C(CN1C=CC=CC1)NCCc1ccc2c(c1)CC1C=CC=CC1=C2,2,83,A2A,"7-eonmol (Pocket2Mol 等变图神经网络 + 口袋引导束搜索, GPCR 微调版)","7-eonmol_ft_gpcr_v2.pt — 本项目自训, 经两轮 A/B(种子 2024/2025)晋级; 基线为 ICML 2022 官方权重",7-eonmol-competition-submission,2024,A2A_20260926_233754,
C0084,赛道 3 · 离子通道/GPCR 小分子药物虚拟筛选 · 子任务 2,O=C1CCC(O)CN1CCCc1cccc2c1CC1Cc3cc(O)ccc3CN1C2=O,results/structures/cand084_mol_799c8cc1_b59996729249.sdf,1.445,0.796,3.516,0.264,-11.06,B,,,420.51,2.431,81.08,-4.25,2.0,4.0,4,5.0,0,1,,,O=C1CCCCN1CCCc1cccc2c1CC1Cc3ccccc3CN1C2=O,2,84,A2A,"7-eonmol (Pocket2Mol 等变图神经网络 + 口袋引导束搜索, GPCR 微调版)","7-eonmol_ft_gpcr_v2.pt — 本项目自训, 经两轮 A/B(种子 2024/2025)晋级; 基线为 ICML 2022 官方权重",7-eonmol-competition-submission,2024,A2A_20260926_233754,
C0085,赛道 3 · 离子通道/GPCR 小分子药物虚拟筛选 · 子任务 2,CCCC1CCCc2cc3c(C4CN(C(=O)CC5CCNC5)CCO4)cc(F)cc3nc21,results/structures/cand085_mol_98b9922a_ab3c38971f4d.sdf,1.349,0.746,3.966,0.216,-11.06,C,,,439.58,4.493,54.46,-5.86,1.0,4.0,5,5.0,0,3,,,O=C(CC1CCNC1)N1CCOC(c2cccc3nc4c(cc23)CCCC4)C1,1,85,A2A,"7-eonmol (Pocket2Mol 等变图神经网络 + 口袋引导束搜索, GPCR 微调版)","7-eonmol_ft_gpcr_v2.pt — 本项目自训, 经两轮 A/B(种子 2024/2025)晋级; 基线为 ICML 2022 官方权重",7-eonmol-competition-submission,2024,A2A_20260926_233754,ADMET 分级 C(风险较高)
C0086,赛道 3 · 离子通道/GPCR 小分子药物虚拟筛选 · 子任务 2,O=C1CCC(O)CN1CCCc1cccc2c1CCN(c1ccccc1)C2=O,results/structures/cand086_mol_7d4816b6_cec58d9663e6.sdf,1.582,0.87,2.882,0.353,-11.05,B,,,378.47,2.805,60.85,-4.26,1.0,3.0,5,4.0,0,1,,,O=C1CCCCN1CCCc1cccc2c1CCN(c1ccccc1)C2=O,4,86,A2A,"7-eonmol (Pocket2Mol 等变图神经网络 + 口袋引导束搜索, GPCR 微调版)","7-eonmol_ft_gpcr_v2.pt — 本项目自训, 经两轮 A/B(种子 2024/2025)晋级; 基线为 ICML 2022 官方权重",7-eonmol-competition-submission,2024,A2A_20260926_233754,
C0087,赛道 3 · 离子通道/GPCR 小分子药物虚拟筛选 · 子任务 2,Cc1ccc(O)cc1-c1cc(COC2Cc3c4c5c(ccc(O)c5c(=O)n3C)CCN4C2)[nH]c(=O)c1,results/structures/cand087_mol_abd6ac86_f3da73f061bb.sdf,1.029,0.41,3.813,0.243,-11.05,B,,,485.54,3.117,107.79,-5.25,3.0,6.0,4,6.0,0,1,,,O=c1cc(-c2ccccc2)cc(COC2Cc3[nH]c(=O)c4cccc5c4c3N(CC5)C2)[nH]1,2,87,A2A,"7-eonmol (Pocket2Mol 等变图神经网络 + 口袋引导束搜索, GPCR 微调版)","7-eonmol_ft_gpcr_v2.pt — 本项目自训, 经两轮 A/B(种子 2024/2025)晋级; 基线为 ICML 2022 官方权重",7-eonmol-competition-submission,2024,A2A_20260926_233754,
C0088,赛道 3 · 离子通道/GPCR 小分子药物虚拟筛选 · 子任务 2,Cc1ccc(C(=O)N2CC3=C(C2)OCCC3)c(NC(=O)c2ccc3c(c2)C(=O)N2CCCCC2C3)c1,results/structures/cand088_mol_4a22c32e_bcda1060aa02.sdf,1.366,0.703,3.368,0.276,-11.04,C,,,485.58,4.318,78.95,-6.07,1.0,4.0,3,6.0,0,3,,,O=C(Nc1ccccc1C(=O)N1CC2=C(C1)OCCC2)c1ccc2c(c1)C(=O)N1CCCCC1C2,1,88,A2A,"7-eonmol (Pocket2Mol 等变图神经网络 + 口袋引导束搜索, GPCR 微调版)","7-eonmol_ft_gpcr_v2.pt — 本项目自训, 经两轮 A/B(种子 2024/2025)晋级; 基线为 ICML 2022 官方权重",7-eonmol-competition-submission,2024,A2A_20260926_233754,ADMET 分级 C(风险较高)
C0089,赛道 3 · 离子通道/GPCR 小分子药物虚拟筛选 · 子任务 2,CC1=CC2=c3c(c(C(C)C)c(=O)n4c(C)c(CCNC(=O)C5CCNC5)c(c34)CCO2)C1,results/structures/cand089_mol_1890d717_59f3679ff4e2.sdf,1.341,0.753,4.122,0.191,-11.04,B,,,435.57,1.902,71.84,-3.9,2.0,4.0,5,5.0,0,1,,,O=C(NCCc1cn2c(=O)cc3c4c2c1CCOC=4C=CC3)C1CCNC1,7,89,A2A,"7-eonmol (Pocket2Mol 等变图神经网络 + 口袋引导束搜索, GPCR 微调版)","7-eonmol_ft_gpcr_v2.pt — 本项目自训, 经两轮 A/B(种子 2024/2025)晋级; 基线为 ICML 2022 官方权重",7-eonmol-competition-submission,2024,A2A_20260926_233754,
C0090,赛道 3 · 离子通道/GPCR 小分子药物虚拟筛选 · 子任务 2,CC1CCCN(C(=O)N2CCC(C(=O)Nc3cccc4ccccc34)CC2)C1,results/structures/cand090_mol_84c188ef_4ae8f5355e0d.sdf,1.594,0.844,2.499,0.299,-11.03,B,,,379.5,4.342,52.65,-5.45,1.0,2.0,2,4.0,0,2,,,O=C(Nc1cccc2ccccc12)C1CCN(C(=O)N2CCCCC2)CC1,2,90,A2A,"7-eonmol (Pocket2Mol 等变图神经网络 + 口袋引导束搜索, GPCR 微调版)","7-eonmol_ft_gpcr_v2.pt — 本项目自训, 经两轮 A/B(种子 2024/2025)晋级; 基线为 ICML 2022 官方权重",7-eonmol-competition-submission,2024,A2A_20260926_233754,
C0091,赛道 3 · 离子通道/GPCR 小分子药物虚拟筛选 · 子任务 2,Cc1ccc(CN2C=CNC3=C2NCC=C3)c(NC(=O)c2ccc3c(c2)C(=O)N2CCCCC2C3)c1,results/structures/cand091_mol_bb5b2ca0_7b41fc0a124a.sdf,1.243,0.616,3.729,0.269,-11.03,B,,,481.6,4.003,76.71,-5.79,3.0,5.0,4,6.0,0,2,,,O=C(Nc1ccccc1CN1C=CNC2=C1NCC=C2)c1ccc2c(c1)C(=O)N1CCCCC1C2,1,91,A2A,"7-eonmol (Pocket2Mol 等变图神经网络 + 口袋引导束搜索, GPCR 微调版)","7-eonmol_ft_gpcr_v2.pt — 本项目自训, 经两轮 A/B(种子 2024/2025)晋级; 基线为 ICML 2022 官方权重",7-eonmol-competition-submission,2024,A2A_20260926_233754,
C0092,赛道 3 · 离子通道/GPCR 小分子药物虚拟筛选 · 子任务 2,Cc1cc(CC2=CCCC(=O)N2)cc2c1CC1C=CNC(=O)N21,results/structures/cand092_mol_6e496796_5d8383d972af.sdf,1.468,0.88,4.123,0.186,-11.02,A,,,309.37,2.299,61.44,-3.45,2.0,2.0,2,4.0,0,0,,,O=C1CCC=C(Cc2ccc3c(c2)N2C(=O)NC=CC2C3)N1,1,92,A2A,"7-eonmol (Pocket2Mol 等变图神经网络 + 口袋引导束搜索, GPCR 微调版)","7-eonmol_ft_gpcr_v2.pt — 本项目自训, 经两轮 A/B(种子 2024/2025)晋级; 基线为 ICML 2022 官方权重",7-eonmol-competition-submission,2024,A2A_20260926_233754,
C0093,赛道 3 · 离子通道/GPCR 小分子药物虚拟筛选 · 子任务 2,Cc1c(CCNC(=O)C2CCNC2)c2c3c4c(c(C(C)C)c(=O)n13)CC=CC=4OCC2,results/structures/cand093_mol_1890d717_d2216dfb62de.sdf,1.36,0.768,4.083,0.203,-11.02,B,,,421.54,1.512,71.84,-3.52,2.0,4.0,5,5.0,0,1,,,O=C(NCCc1cn2c(=O)cc3c4c2c1CCOC=4C=CC3)C1CCNC1,7,93,A2A,"7-eonmol (Pocket2Mol 等变图神经网络 + 口袋引导束搜索, GPCR 微调版)","7-eonmol_ft_gpcr_v2.pt — 本项目自训, 经两轮 A/B(种子 2024/2025)晋级; 基线为 ICML 2022 官方权重",7-eonmol-competition-submission,2024,A2A_20260926_233754,
C0094,赛道 3 · 离子通道/GPCR 小分子药物虚拟筛选 · 子任务 2,CC1N=C2N(CCN2c2cc3c(cn2)C=C(NC(=O)c2ccccc2)C3(F)F)C1=O,results/structures/cand094_mol_080de631_42ceebe33c98.sdf,1.453,0.845,3.919,0.295,-11.01,B,,,409.4,2.365,77.9,-4.16,1.0,5.0,3,5.0,0,2,,,O=C(NC1=Cc2cnc(N3CCN4C(=O)CN=C43)cc2C1)c1ccccc1,1,94,A2A,"7-eonmol (Pocket2Mol 等变图神经网络 + 口袋引导束搜索, GPCR 微调版)","7-eonmol_ft_gpcr_v2.pt — 本项目自训, 经两轮 A/B(种子 2024/2025)晋级; 基线为 ICML 2022 官方权重",7-eonmol-competition-submission,2024,A2A_20260926_233754,
C0095,赛道 3 · 离子通道/GPCR 小分子药物虚拟筛选 · 子任务 2,Cc1cccc2c(CNC(=O)Cn3cc(F)cc(F)c3=O)cccc12,results/structures/cand095_mol_de696b17_9f5b561e878d.sdf,1.562,0.793,2.305,0.35,-10.99,B,,,342.35,2.905,51.1,-4.2,1.0,2.0,4,3.0,0,1,,,O=C(Cn1ccccc1=O)NCc1cccc2ccccc12,12,95,A2A,"7-eonmol (Pocket2Mol 等变图神经网络 + 口袋引导束搜索, GPCR 微调版)","7-eonmol_ft_gpcr_v2.pt — 本项目自训, 经两轮 A/B(种子 2024/2025)晋级; 基线为 ICML 2022 官方权重",7-eonmol-competition-submission,2024,A2A_20260926_233754,
C0096,赛道 3 · 离子通道/GPCR 小分子药物虚拟筛选 · 子任务 2,O=C(Nc1cccc2cnccc12)c1ccc2c(c1)C(=O)N1CCCCC1C2,results/structures/cand096_mol_b6dd885c_b6dd885c9cb5.sdf,1.468,0.74,2.716,0.306,-10.99,C,,,371.44,4.038,62.3,-5.25,1.0,3.0,2,5.0,0,3,,,O=C(Nc1cccc2cnccc12)c1ccc2c(c1)C(=O)N1CCCCC1C2,1,96,A2A,"7-eonmol (Pocket2Mol 等变图神经网络 + 口袋引导束搜索, GPCR 微调版)","7-eonmol_ft_gpcr_v2.pt — 本项目自训, 经两轮 A/B(种子 2024/2025)晋级; 基线为 ICML 2022 官方权重",7-eonmol-competition-submission,2024,A2A_20260926_233754,ADMET 分级 C(风险较高)
C0097,赛道 3 · 离子通道/GPCR 小分子药物虚拟筛选 · 子任务 2,CC(NC(=O)O)c1ccc2cc(F)cc(CNC(=O)Cn3cc(F)cc(F)c3=O)c2c1,results/structures/cand097_mol_de696b17_0c76010318cc.sdf,1.245,0.556,3.115,0.275,-10.98,B,,,433.39,3.064,100.43,-4.8,3.0,3.0,6,3.0,0,1,,,O=C(Cn1ccccc1=O)NCc1cccc2ccccc12,12,97,A2A,"7-eonmol (Pocket2Mol 等变图神经网络 + 口袋引导束搜索, GPCR 微调版)","7-eonmol_ft_gpcr_v2.pt — 本项目自训, 经两轮 A/B(种子 2024/2025)晋级; 基线为 ICML 2022 官方权重",7-eonmol-competition-submission,2024,A2A_20260926_233754,
C0098,赛道 3 · 离子通道/GPCR 小分子药物虚拟筛选 · 子任务 2,O=C(NCc1cccc2c(-c3ccccc3)cccc12)C(F)(F)F,results/structures/cand098_mol_0035ad2e_4d30ce65e885.sdf,1.549,0.742,1.935,0.345,-10.97,B,,,329.32,4.685,29.1,-5.47,1.0,1.0,3,3.0,0,2,,,c1ccc(-c2cccc3ccccc23)cc1,4,98,A2A,"7-eonmol (Pocket2Mol 等变图神经网络 + 口袋引导束搜索, GPCR 微调版)","7-eonmol_ft_gpcr_v2.pt — 本项目自训, 经两轮 A/B(种子 2024/2025)晋级; 基线为 ICML 2022 官方权重",7-eonmol-competition-submission,2024,A2A_20260926_233754,
C0099,赛道 3 · 离子通道/GPCR 小分子药物虚拟筛选 · 子任务 2,O=C1CCC(O)CN1CCCc1cccc2c1CC1Cc3ccccc3CN1C2=O,results/structures/cand099_mol_799c8cc1_8072d26b0d9a.sdf,1.515,0.853,3.377,0.353,-10.97,B,,,404.51,2.726,60.85,-4.38,1.0,3.0,4,5.0,0,1,,,O=C1CCCCN1CCCc1cccc2c1CC1Cc3ccccc3CN1C2=O,2,99,A2A,"7-eonmol (Pocket2Mol 等变图神经网络 + 口袋引导束搜索, GPCR 微调版)","7-eonmol_ft_gpcr_v2.pt — 本项目自训, 经两轮 A/B(种子 2024/2025)晋级; 基线为 ICML 2022 官方权重",7-eonmol-competition-submission,2024,A2A_20260926_233754,
C0100,赛道 3 · 离子通道/GPCR 小分子药物虚拟筛选 · 子任务 2,O=C(Nc1ccccc1Cn1c(=O)cnc2nccnc21)c1ccc2c(c1)C(=O)N1CCCCC1C2,results/structures/cand100_mol_234f049f_234f049f5fde.sdf,1.162,0.481,3.185,0.305,-10.97,B,,,480.53,3.038,110.08,-5.16,1.0,6.0,4,6.0,0,2,,,O=C(Nc1ccccc1Cn1c(=O)cnc2nccnc21)c1ccc2c(c1)C(=O)N1CCCCC1C2,1,100,A2A,"7-eonmol (Pocket2Mol 等变图神经网络 + 口袋引导束搜索, GPCR 微调版)","7-eonmol_ft_gpcr_v2.pt — 本项目自训, 经两轮 A/B(种子 2024/2025)晋级; 基线为 ICML 2022 官方权重",7-eonmol-competition-submission,2024,A2A_20260926_233754,
C0101,赛道 3 · 离子通道/GPCR 小分子药物虚拟筛选 · 子任务 2,CCNC(=O)N1CCC(C(=O)Nc2ccc3c4c(cccc24)N(C(C)C(=O)O)C=C3)CC1,results/structures/cand101_mol_4686c4e9_99e53e82bff0.sdf,1.341,0.666,3.255,0.35,-10.96,B,,,436.51,3.484,101.98,-5.09,3.0,4.0,5,4.0,0,2,,,O=C(Nc1ccc2c3c(cccc13)NC=C2)C1CCNCC1,1,101,A2A,"7-eonmol (Pocket2Mol 等变图神经网络 + 口袋引导束搜索, GPCR 微调版)","7-eonmol_ft_gpcr_v2.pt — 本项目自训, 经两轮 A/B(种子 2024/2025)晋级; 基线为 ICML 2022 官方权重",7-eonmol-competition-submission,2024,A2A_20260926_233754,
C0102,赛道 3 · 离子通道/GPCR 小分子药物虚拟筛选 · 子任务 2,COc1ccc2c(O)nc(CCN3CC(O)CCC3=O)cc2c1-c1cc(F)cc(F)c1,results/structures/cand102_mol_9ee5366e_0a7183fea7aa.sdf,1.326,0.651,3.246,0.28,-10.94,C,,,428.44,3.42,82.89,-5.06,2.0,5.0,5,4.0,0,3,,,O=C1CCCCN1CCc1cc2c(-c3ccccc3)cccc2cn1,5,102,A2A,"7-eonmol (Pocket2Mol 等变图神经网络 + 口袋引导束搜索, GPCR 微调版)","7-eonmol_ft_gpcr_v2.pt — 本项目自训, 经两轮 A/B(种子 2024/2025)晋级; 基线为 ICML 2022 官方权重",7-eonmol-competition-submission,2024,A2A_20260926_233754,ADMET 分级 C(风险较高)
C0103,赛道 3 · 离子通道/GPCR 小分子药物虚拟筛选 · 子任务 2,CCc1cc2c3c(cccc3c1)CC1C(N(CC(=O)O)C(C)=O)CCC21C,results/structures/cand103_mol_dbe23210_bfbffe3a567a.sdf,1.51,0.893,3.829,0.266,-10.92,C,,,365.47,3.928,57.61,-5.01,1.0,2.0,4,4.0,0,3,,,c1cc2c3c(cccc3c1)C1CCCC1C2,5,103,A2A,"7-eonmol (Pocket2Mol 等变图神经网络 + 口袋引导束搜索, GPCR 微调版)","7-eonmol_ft_gpcr_v2.pt — 本项目自训, 经两轮 A/B(种子 2024/2025)晋级; 基线为 ICML 2022 官方权重",7-eonmol-competition-submission,2024,A2A_20260926_233754,ADMET 分级 C(风险较高)
C0104,赛道 3 · 离子通道/GPCR 小分子药物虚拟筛选 · 子任务 2,Cc1cc(CC2=CCCC(=O)N2)cc2c1OC1=C3N(CC=C1)C(=O)NC(=O)N32,results/structures/cand104_mol_3e228adf_6be6b755a29b.sdf,1.446,0.827,3.81,0.201,-10.92,B,,,378.39,2.414,90.98,-3.96,2.0,4.0,2,5.0,0,1,,,O=C1CCC=C(Cc2ccc3c(c2)N2C(=O)NC(=O)N4CC=CC(=C42)O3)N1,1,104,A2A,"7-eonmol (Pocket2Mol 等变图神经网络 + 口袋引导束搜索, GPCR 微调版)","7-eonmol_ft_gpcr_v2.pt — 本项目自训, 经两轮 A/B(种子 2024/2025)晋级; 基线为 ICML 2022 官方权重",7-eonmol-competition-submission,2024,A2A_20260926_233754,
C0105,赛道 3 · 离子通道/GPCR 小分子药物虚拟筛选 · 子任务 2,CC(=O)C(C)c1c(=O)n2c(C)c(CCNC(=O)C3CCCC3)c3c2c2c(cc[nH]c12)OCC3,results/structures/cand105_mol_28fc8551_07b0fa9690fa.sdf,1.218,0.602,3.834,0.217,-10.92,B,,,449.55,3.566,92.67,-5.24,2.0,4.0,6,5.0,0,1,,,O=C(NCCc1cn2c(=O)cc3[nH]ccc4c3c2c1CCO4)C1CCCC1,1,105,A2A,"7-eonmol (Pocket2Mol 等变图神经网络 + 口袋引导束搜索, GPCR 微调版)","7-eonmol_ft_gpcr_v2.pt — 本项目自训, 经两轮 A/B(种子 2024/2025)晋级; 基线为 ICML 2022 官方权重",7-eonmol-competition-submission,2024,A2A_20260926_233754,
C0106,赛道 3 · 离子通道/GPCR 小分子药物虚拟筛选 · 子任务 2,O=C1CCC(O)CN1CCc1cc(C2=CC=CCc3n[nH]cc32)cc(O)n1,results/structures/cand106_mol_aa26f2ec_c20d1035d442.sdf,1.358,0.762,4.046,0.216,-10.91,B,,,366.42,1.58,102.34,-3.29,3.0,5.0,4,4.0,0,1,,,O=C1CCCCN1CCc1cc(C2=CC=CCc3n[nH]cc32)ccn1,1,106,A2A,"7-eonmol (Pocket2Mol 等变图神经网络 + 口袋引导束搜索, GPCR 微调版)","7-eonmol_ft_gpcr_v2.pt — 本项目自训, 经两轮 A/B(种子 2024/2025)晋级; 基线为 ICML 2022 官方权重",7-eonmol-competition-submission,2024,A2A_20260926_233754,
C0107,赛道 3 · 离子通道/GPCR 小分子药物虚拟筛选 · 子任务 2,CCc1cc(CC2=CCCC(=O)N2)cc2c1Nc1cc(OC)cc3c(=O)[nH]c(=O)n-2c13,results/structures/cand107_mol_5210d4be_791dfefca1b6.sdf,1.134,0.473,3.385,0.207,-10.9,B,,,418.45,2.643,105.22,-4.44,3.0,5.0,4,5.0,0,1,,,O=C1CCC=C(Cc2ccc3c(c2)-n2c(=O)[nH]c(=O)c4cccc(c42)N3)N1,2,107,A2A,"7-eonmol (Pocket2Mol 等变图神经网络 + 口袋引导束搜索, GPCR 微调版)","7-eonmol_ft_gpcr_v2.pt — 本项目自训, 经两轮 A/B(种子 2024/2025)晋级; 基线为 ICML 2022 官方权重",7-eonmol-competition-submission,2024,A2A_20260926_233754,
C0108,赛道 3 · 离子通道/GPCR 小分子药物虚拟筛选 · 子任务 2,CC(C)C1=CN(C(=O)O)C(=O)N2C=Cc3cc(-c4ccccc4)ccc3C2=N1,results/structures/cand108_mol_ace7a0d0_6788231d7579.sdf,1.484,0.805,3.215,0.325,-10.89,C,,,373.41,4.998,73.21,-5.92,1.0,3.0,2,4.0,0,3,,,O=C1NC=CN=C2c3ccc(-c4ccccc4)cc3C=CN12,1,108,A2A,"7-eonmol (Pocket2Mol 等变图神经网络 + 口袋引导束搜索, GPCR 微调版)","7-eonmol_ft_gpcr_v2.pt — 本项目自训, 经两轮 A/B(种子 2024/2025)晋级; 基线为 ICML 2022 官方权重",7-eonmol-competition-submission,2024,A2A_20260926_233754,ADMET 分级 C(风险较高)
C0109,赛道 3 · 离子通道/GPCR 小分子药物虚拟筛选 · 子任务 2,O=C(Nc1cccc2c1C=NC1c3ccccc3CC21)C(F)(F)F,results/structures/cand109_mol_98a1814d_5623e298075b.sdf,1.48,0.844,3.634,0.303,-10.89,B,,,330.31,4.001,41.46,-4.96,1.0,2.0,1,4.0,0,1,,,C1=NC2c3ccccc3CC2c2ccccc21,2,109,A2A,"7-eonmol (Pocket2Mol 等变图神经网络 + 口袋引导束搜索, GPCR 微调版)","7-eonmol_ft_gpcr_v2.pt — 本项目自训, 经两轮 A/B(种子 2024/2025)晋级; 基线为 ICML 2022 官方权重",7-eonmol-competition-submission,2024,A2A_20260926_233754,
C0110,赛道 3 · 离子通道/GPCR 小分子药物虚拟筛选 · 子任务 2,O=C(Nc1ccc(-c2ccccc2)cc1)C1CCOC2Cc3ccccc3C(=O)N21,results/structures/cand110_mol_88412be9_88412be9a4f9.sdf,1.421,0.723,3.01,0.415,-10.89,B,,,398.46,4.106,58.64,-5.45,1.0,3.0,3,5.0,0,2,,,O=C(Nc1ccc(-c2ccccc2)cc1)C1CCOC2Cc3ccccc3C(=O)N21,2,110,A2A,"7-eonmol (Pocket2Mol 等变图神经网络 + 口袋引导束搜索, GPCR 微调版)","7-eonmol_ft_gpcr_v2.pt — 本项目自训, 经两轮 A/B(种子 2024/2025)晋级; 基线为 ICML 2022 官方权重",7-eonmol-competition-submission,2024,A2A_20260926_233754,
C0111,赛道 3 · 离子通道/GPCR 小分子药物虚拟筛选 · 子任务 2,Cc1ccccc1C1=NC(=O)c2c(C)c(CCNC(=O)C3CCNCC3C)c(C)n2C1=O,results/structures/cand111_mol_6f654563_7e328cf1003c.sdf,1.375,0.757,3.821,0.281,-10.88,B,,,434.54,2.601,92.56,-4.43,2.0,4.0,5,4.0,0,1,,,O=C1N=C(c2ccccc2)C(=O)n2cc(CCNC(=O)C3CCNCC3)cc21,1,111,A2A,"7-eonmol (Pocket2Mol 等变图神经网络 + 口袋引导束搜索, GPCR 微调版)","7-eonmol_ft_gpcr_v2.pt — 本项目自训, 经两轮 A/B(种子 2024/2025)晋级; 基线为 ICML 2022 官方权重",7-eonmol-competition-submission,2024,A2A_20260926_233754,
C0112,赛道 3 · 离子通道/GPCR 小分子药物虚拟筛选 · 子任务 2,COC1=CCN(C(=O)c2ccc(C)cc2NC(=O)c2ccc3c(c2)C(=O)N2CCCCC2C3)C1,results/structures/cand112_mol_5a4c029b_66e8b46d186f.sdf,1.435,0.755,3.193,0.311,-10.87,B,,,459.55,3.784,78.95,-5.49,1.0,4.0,4,5.0,0,2,,,O=C(Nc1ccccc1C(=O)N1CC=CC1)c1ccc2c(c1)C(=O)N1CCCCC1C2,1,112,A2A,"7-eonmol (Pocket2Mol 等变图神经网络 + 口袋引导束搜索, GPCR 微调版)","7-eonmol_ft_gpcr_v2.pt — 本项目自训, 经两轮 A/B(种子 2024/2025)晋级; 基线为 ICML 2022 官方权重",7-eonmol-competition-submission,2024,A2A_20260926_233754,
C0113,赛道 3 · 离子通道/GPCR 小分子药物虚拟筛选 · 子任务 2,COc1ccc2c(O)nc(CCN3CC(O)CCC3=O)cc2c1-c1cccc(O)c1,results/structures/cand113_mol_9ee5366e_4f87a2cca8cc.sdf,1.282,0.6,3.176,0.291,-10.86,B,,,408.45,2.847,103.12,-4.52,3.0,6.0,5,4.0,0,2,,,O=C1CCCCN1CCc1cc2c(-c3ccccc3)cccc2cn1,5,113,A2A,"7-eonmol (Pocket2Mol 等变图神经网络 + 口袋引导束搜索, GPCR 微调版)","7-eonmol_ft_gpcr_v2.pt — 本项目自训, 经两轮 A/B(种子 2024/2025)晋级; 基线为 ICML 2022 官方权重",7-eonmol-competition-submission,2024,A2A_20260926_233754,
C0114,赛道 3 · 离子通道/GPCR 小分子药物虚拟筛选 · 子任务 2,CCc1cnc2c(c1)C(c1cc(O)nc(CCN3CC(O)CCC3=O)c1)=CC=CC2,results/structures/cand114_mol_ab73102e_331894891d2d.sdf,1.422,0.799,3.768,0.263,-10.84,B,,,405.5,2.814,86.55,-4.42,2.0,5.0,5,4.0,0,2,,,O=C1CCCCN1CCc1cc(C2=CC=CCc3ncccc32)ccn1,2,114,A2A,"7-eonmol (Pocket2Mol 等变图神经网络 + 口袋引导束搜索, GPCR 微调版)","7-eonmol_ft_gpcr_v2.pt — 本项目自训, 经两轮 A/B(种子 2024/2025)晋级; 基线为 ICML 2022 官方权重",7-eonmol-competition-submission,2024,A2A_20260926_233754,
C0115,赛道 3 · 离子通道/GPCR 小分子药物虚拟筛选 · 子任务 2,O=C(NC1=CC2=C(C=C3C(=NC=CN3CC(F)=CCO)C2)C1(F)F)c1ccccc1,results/structures/cand115_mol_78a11239_34a3db9d3b9c.sdf,1.375,0.775,4.004,0.252,-10.83,B,,,413.4,3.607,64.93,-4.99,2.0,4.0,5,4.0,0,1,,,O=C(NC1=CC2=C(C=C3NC=CN=C3C2)C1)c1ccccc1,4,115,A2A,"7-eonmol (Pocket2Mol 等变图神经网络 + 口袋引导束搜索, GPCR 微调版)","7-eonmol_ft_gpcr_v2.pt — 本项目自训, 经两轮 A/B(种子 2024/2025)晋级; 基线为 ICML 2022 官方权重",7-eonmol-competition-submission,2024,A2A_20260926_233754,
C0116,赛道 3 · 离子通道/GPCR 小分子药物虚拟筛选 · 子任务 2,CNC(=O)c1cccc(-c2nc3cc(OCc4ccccc4)ccc3c(=O)[nH]2)c1,results/structures/cand116_mol_384de385_b07f3eb66e67.sdf,1.337,0.55,2.132,0.361,-10.83,A,,,385.42,3.529,84.08,-4.95,2.0,4.0,5,4.0,0,0,,,O=c1[nH]c(-c2ccccc2)nc2cc(OCc3ccccc3)ccc12,1,116,A2A,"7-eonmol (Pocket2Mol 等变图神经网络 + 口袋引导束搜索, GPCR 微调版)","7-eonmol_ft_gpcr_v2.pt — 本项目自训, 经两轮 A/B(种子 2024/2025)晋级; 基线为 ICML 2022 官方权重",7-eonmol-competition-submission,2024,A2A_20260926_233754,
C0117,赛道 3 · 离子通道/GPCR 小分子药物虚拟筛选 · 子任务 2,CC=C(C)c1c2c3c4c(c(CCNC(=O)C5CCNC5)c(C)n4c1=O)CNOC=3c1cccc(C)c1C2,results/structures/cand117_mol_e9abac97_26cca582d667.sdf,1.071,0.503,4.32,0.212,-10.82,B,,,498.63,2.422,83.87,-4.73,3.0,5.0,5,6.0,0,2,,,O=C(NCCc1cn2c(=O)cc3c4c2c1CNOC=4c1ccccc1C3)C1CCNC1,3,117,A2A,"7-eonmol (Pocket2Mol 等变图神经网络 + 口袋引导束搜索, GPCR 微调版)","7-eonmol_ft_gpcr_v2.pt — 本项目自训, 经两轮 A/B(种子 2024/2025)晋级; 基线为 ICML 2022 官方权重",7-eonmol-competition-submission,2024,A2A_20260926_233754,
C0118,赛道 3 · 离子通道/GPCR 小分子药物虚拟筛选 · 子任务 2,CCC=C(C)c1c2c3c4c(c(CCNC(=O)C5CCNC5)c(C)n4c1=O)CCOC=3c1ccccc1C2,results/structures/cand118_mol_8249740d_3e7fe8b63f5f.sdf,1.148,0.549,4.016,0.284,-10.8,C,,,497.64,3.042,71.84,-5.16,2.0,4.0,6,6.0,0,3,,,O=C(NCCc1cn2c(=O)cc3c4c2c1CCOC=4c1ccccc1C3)C1CCNC1,3,118,A2A,"7-eonmol (Pocket2Mol 等变图神经网络 + 口袋引导束搜索, GPCR 微调版)","7-eonmol_ft_gpcr_v2.pt — 本项目自训, 经两轮 A/B(种子 2024/2025)晋级; 基线为 ICML 2022 官方权重",7-eonmol-competition-submission,2024,A2A_20260926_233754,ADMET 分级 C(风险较高)
C0119,赛道 3 · 离子通道/GPCR 小分子药物虚拟筛选 · 子任务 2,CCC(NC(=O)CN1CCCC1=O)C(=O)N1CCCc2cccc(Cc3ccccc3F)c21,results/structures/cand119_mol_3881f237_8f0fc66a8f61.sdf,1.394,0.703,3.085,0.309,-10.79,B,,,451.54,3.213,69.72,-4.95,1.0,3.0,7,4.0,0,2,,,O=C(CN1CCCC1=O)NCC(=O)N1CCCc2cccc(Cc3ccccc3)c21,2,119,A2A,"7-eonmol (Pocket2Mol 等变图神经网络 + 口袋引导束搜索, GPCR 微调版)","7-eonmol_ft_gpcr_v2.pt — 本项目自训, 经两轮 A/B(种子 2024/2025)晋级; 基线为 ICML 2022 官方权重",7-eonmol-competition-submission,2024,A2A_20260926_233754,
C0120,赛道 3 · 离子通道/GPCR 小分子药物虚拟筛选 · 子任务 2,CCC=C(C)c1c2c(c3c(C)c(CCNC(=O)C4CCNC4)c(C)n3c1=O)=CC=CC2,results/structures/cand120_mol_d0131b6a_676d83be9f40.sdf,1.353,0.757,4.037,0.213,-10.79,B,,,419.57,2.61,62.61,-4.3,2.0,3.0,6,4.0,0,2,,,O=C(NCCc1cc2c3c(cc(=O)n2c1)CC=CC=3)C1CCNC1,1,120,A2A,"7-eonmol (Pocket2Mol 等变图神经网络 + 口袋引导束搜索, GPCR 微调版)","7-eonmol_ft_gpcr_v2.pt — 本项目自训, 经两轮 A/B(种子 2024/2025)晋级; 基线为 ICML 2022 官方权重",7-eonmol-competition-submission,2024,A2A_20260926_233754,
C0121,赛道 3 · 离子通道/GPCR 小分子药物虚拟筛选 · 子任务 2,COC(=O)CC1=CC2=C3C4=C5C(=CN(C(=O)O)C(=O)N4C=C2)C(C)CCC5N3C1,results/structures/cand121_mol_bb243cc5_41b8917afe41.sdf,1.238,0.723,4.856,0.21,-10.79,B,,,395.42,2.939,90.39,-4.38,1.0,5.0,2,5.0,0,1,,,O=C1NC=C2CCCC3C2=C2C4=C(C=CCN43)C=CN12,1,121,A2A,"7-eonmol (Pocket2Mol 等变图神经网络 + 口袋引导束搜索, GPCR 微调版)","7-eonmol_ft_gpcr_v2.pt — 本项目自训, 经两轮 A/B(种子 2024/2025)晋级; 基线为 ICML 2022 官方权重",7-eonmol-competition-submission,2024,A2A_20260926_233754,
C0122,赛道 3 · 离子通道/GPCR 小分子药物虚拟筛选 · 子任务 2,O=C1CCC(O)CN1CCCc1cccc2c1CC1Nc3ccccc3CN1C2=O,results/structures/cand122_mol_694bb9c6_304d4c124e82.sdf,1.46,0.82,3.605,0.325,-10.78,B,,,405.5,2.553,72.88,-4.25,2.0,4.0,4,5.0,0,2,,,O=C1CCCCN1CCCc1cccc2c1CC1Nc3ccccc3CN1C2=O,2,122,A2A,"7-eonmol (Pocket2Mol 等变图神经网络 + 口袋引导束搜索, GPCR 微调版)","7-eonmol_ft_gpcr_v2.pt — 本项目自训, 经两轮 A/B(种子 2024/2025)晋级; 基线为 ICML 2022 官方权重",7-eonmol-competition-submission,2024,A2A_20260926_233754,
C0123,赛道 3 · 离子通道/GPCR 小分子药物虚拟筛选 · 子任务 2,CCNC(=O)N1CCC(C(=O)Nc2ccc3c4c(cccc24)N2C(=C3)CC3CCC2C(O)O3)CC1,results/structures/cand123_mol_4dc7b5ce_6590979b9371.sdf,1.151,0.629,4.776,0.275,-10.78,B,,,476.58,3.65,94.14,-5.5,3.0,5.0,3,7.0,0,2,,,O=C(Nc1ccc2c3c(cccc13)N1C(=C2)CC2CCC1CO2)C1CCNCC1,1,123,A2A,"7-eonmol (Pocket2Mol 等变图神经网络 + 口袋引导束搜索, GPCR 微调版)","7-eonmol_ft_gpcr_v2.pt — 本项目自训, 经两轮 A/B(种子 2024/2025)晋级; 基线为 ICML 2022 官方权重",7-eonmol-competition-submission,2024,A2A_20260926_233754,
C0124,赛道 3 · 离子通道/GPCR 小分子药物虚拟筛选 · 子任务 2,O=C(O)CCN1C=CN=C2CC3=C(C=C21)C(F)(F)C(NC(=O)c1ccccc1)=C3,results/structures/cand124_mol_78a11239_f22b5be15b01.sdf,1.429,0.799,3.707,0.265,-10.77,B,,,397.38,3.236,82.0,-4.62,2.0,4.0,5,4.0,0,1,,,O=C(NC1=CC2=C(C=C3NC=CN=C3C2)C1)c1ccccc1,4,124,A2A,"7-eonmol (Pocket2Mol 等变图神经网络 + 口袋引导束搜索, GPCR 微调版)","7-eonmol_ft_gpcr_v2.pt — 本项目自训, 经两轮 A/B(种子 2024/2025)晋级; 基线为 ICML 2022 官方权重",7-eonmol-competition-submission,2024,A2A_20260926_233754,
C0125,赛道 3 · 离子通道/GPCR 小分子药物虚拟筛选 · 子任务 2,Cc1ccc2c(c1)C(n1ccccc1=O)Cc1cnccc1-2,results/structures/cand125_mol_ca21a072_9fdfd6c3e11b.sdf,1.388,0.688,2.998,0.31,-10.76,B,,,288.35,3.364,34.89,-4.33,0.0,2.0,1,4.0,0,1,,,O=c1ccccn1C1Cc2cnccc2-c2ccccc21,1,125,A2A,"7-eonmol (Pocket2Mol 等变图神经网络 + 口袋引导束搜索, GPCR 微调版)","7-eonmol_ft_gpcr_v2.pt — 本项目自训, 经两轮 A/B(种子 2024/2025)晋级; 基线为 ICML 2022 官方权重",7-eonmol-competition-submission,2024,A2A_20260926_233754,
C0126,赛道 3 · 离子通道/GPCR 小分子药物虚拟筛选 · 子任务 2,O=C(Nc1cccc2ccccc12)C1CCN(C2CCC(O)CC2)CC1,results/structures/cand126_mol_c6711db1_a4e17504786c.sdf,1.677,0.883,2.066,0.304,-10.75,B,,,352.48,3.794,52.57,-4.86,2.0,3.0,3,4.0,0,2,,,O=C(Nc1cccc2ccccc12)C1CCN(C2CCCCC2)CC1,2,126,A2A,"7-eonmol (Pocket2Mol 等变图神经网络 + 口袋引导束搜索, GPCR 微调版)","7-eonmol_ft_gpcr_v2.pt — 本项目自训, 经两轮 A/B(种子 2024/2025)晋级; 基线为 ICML 2022 官方权重",7-eonmol-competition-submission,2024,A2A_20260926_233754,
C0127,赛道 3 · 离子通道/GPCR 小分子药物虚拟筛选 · 子任务 2,Cc1ccc(O)cc1-c1cc(COC2CC3=C(C4N=CN=C4C(=O)N3C)N(C)C2)[nH]c(=O)c1,results/structures/cand127_mol_a1bf2947_d3a7b8f12d33.sdf,1.291,0.743,4.52,0.245,-10.75,B,,,447.5,1.812,110.59,-3.96,2.0,7.0,4,5.0,0,1,,,O=C1NC2=C(NCC(OCc3cc(-c4ccccc4)cc(=O)[nH]3)C2)C2N=CN=C12,1,127,A2A,"7-eonmol (Pocket2Mol 等变图神经网络 + 口袋引导束搜索, GPCR 微调版)","7-eonmol_ft_gpcr_v2.pt — 本项目自训, 经两轮 A/B(种子 2024/2025)晋级; 基线为 ICML 2022 官方权重",7-eonmol-competition-submission,2024,A2A_20260926_233754,
C0128,赛道 3 · 离子通道/GPCR 小分子药物虚拟筛选 · 子任务 2,COc1ccc2c(O)nc(CCN3CC(O)CCC3=O)cc2c1-c1cccc(F)c1,results/structures/cand128_mol_9ee5366e_7bfe8857efa2.sdf,1.362,0.675,3.125,0.304,-10.73,C,,,410.45,3.281,82.89,-4.85,2.0,5.0,5,4.0,0,3,,,O=C1CCCCN1CCc1cc2c(-c3ccccc3)cccc2cn1,5,128,A2A,"7-eonmol (Pocket2Mol 等变图神经网络 + 口袋引导束搜索, GPCR 微调版)","7-eonmol_ft_gpcr_v2.pt — 本项目自训, 经两轮 A/B(种子 2024/2025)晋级; 基线为 ICML 2022 官方权重",7-eonmol-competition-submission,2024,A2A_20260926_233754,ADMET 分级 C(风险较高)
C0129,赛道 3 · 离子通道/GPCR 小分子药物虚拟筛选 · 子任务 2,Cc1ccc(O)cc1-c1cc(COC2CC=C3C=CC=CN3C2)[nH]c(=O)c1,results/structures/cand129_mol_d632c715_047ecee9035b.sdf,1.489,0.872,3.834,0.229,-10.72,C,,,362.43,3.614,65.56,-4.78,2.0,4.0,4,4.0,0,3,,,O=c1cc(-c2ccccc2)cc(COC2CC=C3C=CC=CN3C2)[nH]1,2,129,A2A,"7-eonmol (Pocket2Mol 等变图神经网络 + 口袋引导束搜索, GPCR 微调版)","7-eonmol_ft_gpcr_v2.pt — 本项目自训, 经两轮 A/B(种子 2024/2025)晋级; 基线为 ICML 2022 官方权重",7-eonmol-competition-submission,2024,A2A_20260926_233754,ADMET 分级 C(风险较高)
C0130,赛道 3 · 离子通道/GPCR 小分子药物虚拟筛选 · 子任务 2,O=C(NC1=CC=C2C1=C(O)Cc1ccccc12)c1ccccc1,results/structures/cand130_mol_06e7faa6_3c6877c0afbf.sdf,1.624,0.887,2.631,0.347,-10.71,A,,,301.34,3.766,49.33,-4.58,2.0,2.0,2,4.0,0,0,,,O=C(NC1=CC=C2C1=CCc1ccccc12)c1ccccc1,1,130,A2A,"7-eonmol (Pocket2Mol 等变图神经网络 + 口袋引导束搜索, GPCR 微调版)","7-eonmol_ft_gpcr_v2.pt — 本项目自训, 经两轮 A/B(种子 2024/2025)晋级; 基线为 ICML 2022 官方权重",7-eonmol-competition-submission,2024,A2A_20260926_233754,
C0131,赛道 3 · 离子通道/GPCR 小分子药物虚拟筛选 · 子任务 2,CCc1ccc(CC2=CC(F)(F)C(=O)O2)c2nc(N3CCCC(O)C3)[nH]c12,results/structures/cand131_mol_af399f8a_4f4c46ffd0ec.sdf,1.409,0.801,3.919,0.226,-10.7,A,,,377.39,2.705,78.45,-4.16,2.0,5.0,4,4.0,0,0,,,O=C1CC=C(Cc2cccc3[nH]c(N4CCCCC4)nc23)O1,1,131,A2A,"7-eonmol (Pocket2Mol 等变图神经网络 + 口袋引导束搜索, GPCR 微调版)","7-eonmol_ft_gpcr_v2.pt — 本项目自训, 经两轮 A/B(种子 2024/2025)晋级; 基线为 ICML 2022 官方权重",7-eonmol-competition-submission,2024,A2A_20260926_233754,
C0132,赛道 3 · 离子通道/GPCR 小分子药物虚拟筛选 · 子任务 2,Cc1cocc1-c1coc2ccc(C3CN(C(=O)CC4CCNC4)CCO3)cc12,results/structures/cand132_mol_3f5cbd7b_fe8be6b61196.sdf,1.348,0.727,3.786,0.22,-10.7,C,,,394.47,3.901,67.85,-5.21,1.0,5.0,4,5.0,0,3,,,O=C(CC1CCNC1)N1CCOC(c2ccc3occ(-c4ccoc4)c3c2)C1,1,132,A2A,"7-eonmol (Pocket2Mol 等变图神经网络 + 口袋引导束搜索, GPCR 微调版)","7-eonmol_ft_gpcr_v2.pt — 本项目自训, 经两轮 A/B(种子 2024/2025)晋级; 基线为 ICML 2022 官方权重",7-eonmol-competition-submission,2024,A2A_20260926_233754,ADMET 分级 C(风险较高)
C0133,赛道 3 · 离子通道/GPCR 小分子药物虚拟筛选 · 子任务 2,CCN(C(=O)N1CCC(C(=O)Nc2cccc3ccccc23)CC1)c1ccc(C(=O)NC(C)=O)cc1,results/structures/cand133_mol_e9497925_6bc14a090cc9.sdf,1.322,0.558,2.362,0.317,-10.68,C,,,486.57,4.413,98.82,-6.14,2.0,4.0,5,4.0,0,3,,,O=C(Nc1cccc2ccccc12)C1CCN(C(=O)Nc2ccccc2)CC1,2,133,A2A,"7-eonmol (Pocket2Mol 等变图神经网络 + 口袋引导束搜索, GPCR 微调版)","7-eonmol_ft_gpcr_v2.pt — 本项目自训, 经两轮 A/B(种子 2024/2025)晋级; 基线为 ICML 2022 官方权重",7-eonmol-competition-submission,2024,A2A_20260926_233754,ADMET 分级 C(风险较高)
C0134,赛道 3 · 离子通道/GPCR 小分子药物虚拟筛选 · 子任务 2,CCNC(C)c1cc(C)c2cc(F)cc(CNC(=O)Cn3cc(F)cc(F)c3=O)c2c1,results/structures/cand134_mol_de696b17_fb2e01e47614.sdf,1.28,0.6,3.191,0.284,-10.68,C,,,431.46,3.714,63.13,-5.25,2.0,3.0,7,3.0,0,3,,,O=C(Cn1ccccc1=O)NCc1cccc2ccccc12,12,134,A2A,"7-eonmol (Pocket2Mol 等变图神经网络 + 口袋引导束搜索, GPCR 微调版)","7-eonmol_ft_gpcr_v2.pt — 本项目自训, 经两轮 A/B(种子 2024/2025)晋级; 基线为 ICML 2022 官方权重",7-eonmol-competition-submission,2024,A2A_20260926_233754,ADMET 分级 C(风险较高)
C0135,赛道 3 · 离子通道/GPCR 小分子药物虚拟筛选 · 子任务 2,Cc1ccc(C(=O)O)c(NC(=O)c2ccc3c(c2)C(=O)N2CCCCC2C3)c1,results/structures/cand135_mol_5da19199_e4e23ce8ea8a.sdf,1.591,0.856,2.647,0.304,-10.67,B,,,378.43,3.496,86.71,-4.81,2.0,3.0,3,4.0,0,2,,,O=C(Nc1ccccc1)c1ccc2c(c1)C(=O)N1CCCCC1C2,6,135,A2A,"7-eonmol (Pocket2Mol 等变图神经网络 + 口袋引导束搜索, GPCR 微调版)","7-eonmol_ft_gpcr_v2.pt — 本项目自训, 经两轮 A/B(种子 2024/2025)晋级; 基线为 ICML 2022 官方权重",7-eonmol-competition-submission,2024,A2A_20260926_233754,
C0136,赛道 3 · 离子通道/GPCR 小分子药物虚拟筛选 · 子任务 2,CCC=C(C)c1c2c3c4c(c(CCNC(=O)C5CCNC5)c(C)n4c1=O)CCOC=3C=CC2,results/structures/cand136_mol_1890d717_dcbb2fe8beca.sdf,1.291,0.712,4.216,0.203,-10.67,B,,,447.58,2.202,71.84,-4.17,2.0,4.0,6,5.0,0,2,,,O=C(NCCc1cn2c(=O)cc3c4c2c1CCOC=4C=CC3)C1CCNC1,7,136,A2A,"7-eonmol (Pocket2Mol 等变图神经网络 + 口袋引导束搜索, GPCR 微调版)","7-eonmol_ft_gpcr_v2.pt — 本项目自训, 经两轮 A/B(种子 2024/2025)晋级; 基线为 ICML 2022 官方权重",7-eonmol-competition-submission,2024,A2A_20260926_233754,
C0137,赛道 3 · 离子通道/GPCR 小分子药物虚拟筛选 · 子任务 2,Cc1cccc2c1Oc1c(cnc3cc(CCn4ccccc4=O)cc(=O)n13)N2,results/structures/cand137_mol_e8936b35_484780ba4669.sdf,1.208,0.515,3.073,0.314,-10.65,B,,,386.41,3.257,77.63,-4.8,1.0,5.0,3,5.0,0,2,,,O=c1ccccn1CCc1cc(=O)n2c3c(cnc2c1)Nc1ccccc1O3,2,137,A2A,"7-eonmol (Pocket2Mol 等变图神经网络 + 口袋引导束搜索, GPCR 微调版)","7-eonmol_ft_gpcr_v2.pt — 本项目自训, 经两轮 A/B(种子 2024/2025)晋级; 基线为 ICML 2022 官方权重",7-eonmol-competition-submission,2024,A2A_20260926_233754,
C0138,赛道 3 · 离子通道/GPCR 小分子药物虚拟筛选 · 子任务 2,Cc1ccc(C(=O)NC2CCCC2)c(NC(=O)c2ccc3c(c2)C(=O)N2CCCCC2C3)c1,results/structures/cand138_mol_c6408857_fb5c4a0053f1.sdf,1.451,0.729,2.777,0.295,-10.64,B,,,445.56,4.471,78.51,-5.92,2.0,3.0,4,5.0,0,2,,,O=C(Nc1ccccc1C(=O)NC1CCCC1)c1ccc2c(c1)C(=O)N1CCCCC1C2,1,138,A2A,"7-eonmol (Pocket2Mol 等变图神经网络 + 口袋引导束搜索, GPCR 微调版)","7-eonmol_ft_gpcr_v2.pt — 本项目自训, 经两轮 A/B(种子 2024/2025)晋级; 基线为 ICML 2022 官方权重",7-eonmol-competition-submission,2024,A2A_20260926_233754,
C0139,赛道 3 · 离子通道/GPCR 小分子药物虚拟筛选 · 子任务 2,Cc1c(CCNC(=O)C2CCCC2)c(C)n2c1C1OC=Cc3cccc(c31)C2=O,results/structures/cand139_mol_0549e013_04f85d0fa826.sdf,1.496,0.857,3.604,0.275,-10.62,A,,,390.48,4.046,60.33,-5.26,1.0,3.0,4,5.0,0,0,,,O=C(NCCc1cc2n(c1)C(=O)c1cccc3c1C2OC=C3)C1CCCC1,1,139,A2A,"7-eonmol (Pocket2Mol 等变图神经网络 + 口袋引导束搜索, GPCR 微调版)","7-eonmol_ft_gpcr_v2.pt — 本项目自训, 经两轮 A/B(种子 2024/2025)晋级; 基线为 ICML 2022 官方权重",7-eonmol-competition-submission,2024,A2A_20260926_233754,
C0140,赛道 3 · 离子通道/GPCR 小分子药物虚拟筛选 · 子任务 2,Cc1ccc(O)cc1-c1cc(COC2CC=C3C=CC(O)=CN3C2)[nH]c(=O)c1,results/structures/cand140_mol_d632c715_9a058a74571d.sdf,1.36,0.758,3.981,0.225,-10.62,C,,,378.43,3.5,85.79,-4.79,3.0,5.0,4,4.0,0,3,,,O=c1cc(-c2ccccc2)cc(COC2CC=C3C=CC=CN3C2)[nH]1,2,140,A2A,"7-eonmol (Pocket2Mol 等变图神经网络 + 口袋引导束搜索, GPCR 微调版)","7-eonmol_ft_gpcr_v2.pt — 本项目自训, 经两轮 A/B(种子 2024/2025)晋级; 基线为 ICML 2022 官方权重",7-eonmol-competition-submission,2024,A2A_20260926_233754,ADMET 分级 C(风险较高)
C0141,赛道 3 · 离子通道/GPCR 小分子药物虚拟筛选 · 子任务 2,Cc1c(CCNC(=O)C(C)CC(=O)N2C=CCC(O)C2)c(C)n2c1CC(=C1C=CC=CC1)CC2=O,results/structures/cand141_mol_e7171179_f9e912463931.sdf,1.189,0.658,4.686,0.213,-10.61,B,,,477.61,3.296,91.64,-5.13,2.0,4.0,6,4.0,0,1,,,O=C(CCC(=O)N1C=CCCC1)NCCc1cc2n(c1)C(=O)CC(=C1C=CC=CC1)C2,1,141,A2A,"7-eonmol (Pocket2Mol 等变图神经网络 + 口袋引导束搜索, GPCR 微调版)","7-eonmol_ft_gpcr_v2.pt — 本项目自训, 经两轮 A/B(种子 2024/2025)晋级; 基线为 ICML 2022 官方权重",7-eonmol-competition-submission,2024,A2A_20260926_233754,
C0142,赛道 3 · 离子通道/GPCR 小分子药物虚拟筛选 · 子任务 2,O=C(Nc1cccc2ccccc12)C1CCN(C(=O)N2CCCC2)CC1,results/structures/cand142_mol_6dbeb96b_6dbeb96bd3e6.sdf,1.703,0.897,1.942,0.361,-10.59,B,,,351.45,3.706,52.65,-4.81,1.0,2.0,2,4.0,0,2,,,O=C(Nc1cccc2ccccc12)C1CCN(C(=O)N2CCCC2)CC1,1,142,A2A,"7-eonmol (Pocket2Mol 等变图神经网络 + 口袋引导束搜索, GPCR 微调版)","7-eonmol_ft_gpcr_v2.pt — 本项目自训, 经两轮 A/B(种子 2024/2025)晋级; 基线为 ICML 2022 官方权重",7-eonmol-competition-submission,2024,A2A_20260926_233754,
C0143,赛道 3 · 离子通道/GPCR 小分子药物虚拟筛选 · 子任务 2,O=C(Cc1cc(Cc2ccccc2F)n2ccccc12)N1CCOCC1,results/structures/cand143_mol_43ba7b7d_cb9c54edbe3b.sdf,1.479,0.723,2.444,0.374,-10.58,C,,,352.41,3.071,33.95,-4.36,0.0,2.0,4,4.0,0,3,,,O=C(Cc1cc(Cc2ccccc2)n2ccccc12)N1CCOCC1,1,143,A2A,"7-eonmol (Pocket2Mol 等变图神经网络 + 口袋引导束搜索, GPCR 微调版)","7-eonmol_ft_gpcr_v2.pt — 本项目自训, 经两轮 A/B(种子 2024/2025)晋级; 基线为 ICML 2022 官方权重",7-eonmol-competition-submission,2024,A2A_20260926_233754,ADMET 分级 C(风险较高)
C0144,赛道 3 · 离子通道/GPCR 小分子药物虚拟筛选 · 子任务 2,O=C(NC1=Cc2cc3c4c(c2C1(F)F)CC(O)=CC=C4CN3C(=O)C(F)(F)F)c1ccccc1,results/structures/cand144_mol_4bd9f4aa_823e3929d5de.sdf,1.238,0.612,3.738,0.259,-10.58,C,,,474.39,4.853,69.64,-6.43,2.0,3.0,2,5.0,0,3,,,O=C(NC1=Cc2cc3c4c(c2C1)CC=CC=C4CN3)c1ccccc1,1,144,A2A,"7-eonmol (Pocket2Mol 等变图神经网络 + 口袋引导束搜索, GPCR 微调版)","7-eonmol_ft_gpcr_v2.pt — 本项目自训, 经两轮 A/B(种子 2024/2025)晋级; 基线为 ICML 2022 官方权重",7-eonmol-competition-submission,2024,A2A_20260926_233754,ADMET 分级 C(风险较高)
C0145,赛道 3 · 离子通道/GPCR 小分子药物虚拟筛选 · 子任务 2,O=C(Nc1ccc(-c2ccc(O)cc2)cc1)C1CCOC2Cc3ccccc3C(=O)N21,results/structures/cand145_mol_88412be9_09194da2d82a.sdf,1.371,0.683,3.123,0.434,-10.56,B,,,414.46,3.811,78.87,-5.33,2.0,4.0,3,5.0,0,2,,,O=C(Nc1ccc(-c2ccccc2)cc1)C1CCOC2Cc3ccccc3C(=O)N21,2,145,A2A,"7-eonmol (Pocket2Mol 等变图神经网络 + 口袋引导束搜索, GPCR 微调版)","7-eonmol_ft_gpcr_v2.pt — 本项目自训, 经两轮 A/B(种子 2024/2025)晋级; 基线为 ICML 2022 官方权重",7-eonmol-competition-submission,2024,A2A_20260926_233754,
C0146,赛道 3 · 离子通道/GPCR 小分子药物虚拟筛选 · 子任务 2,CCn1nc2n(c1=O)CCN2c1cc2c(cn1)C=C(NC(=O)c1ccccc1)C2(F)F,results/structures/cand146_mol_e49d2ce6_706526ab7833.sdf,1.364,0.696,3.315,0.289,-10.56,B,,,424.41,2.488,85.05,-4.38,1.0,5.0,4,5.0,0,1,,,O=C(NC1=Cc2cnc(N3CCn4c3n[nH]c4=O)cc2C1)c1ccccc1,1,146,A2A,"7-eonmol (Pocket2Mol 等变图神经网络 + 口袋引导束搜索, GPCR 微调版)","7-eonmol_ft_gpcr_v2.pt — 本项目自训, 经两轮 A/B(种子 2024/2025)晋级; 基线为 ICML 2022 官方权重",7-eonmol-competition-submission,2024,A2A_20260926_233754,
C0147,赛道 3 · 离子通道/GPCR 小分子药物虚拟筛选 · 子任务 2,CCC=C(c1cccc(C)c1)c1cc(O)nc(CCN2CC(O)CCC2=O)c1,results/structures/cand147_mol_597c391f_641905334807.sdf,1.468,0.805,3.365,0.266,-10.55,C,,,380.49,3.463,73.66,-4.73,2.0,4.0,6,3.0,0,3,,,C=C(c1ccccc1)c1ccnc(CCN2CCCCC2=O)c1,1,147,A2A,"7-eonmol (Pocket2Mol 等变图神经网络 + 口袋引导束搜索, GPCR 微调版)","7-eonmol_ft_gpcr_v2.pt — 本项目自训, 经两轮 A/B(种子 2024/2025)晋级; 基线为 ICML 2022 官方权重",7-eonmol-competition-submission,2024,A2A_20260926_233754,ADMET 分级 C(风险较高)
C0148,赛道 3 · 离子通道/GPCR 小分子药物虚拟筛选 · 子任务 2,COc1cccc(CN(Cc2ccc(C(=O)N3CCOCCC3CC3CCCC3)cc2)C(N)=O)c1,results/structures/cand148_mol_5394431c_d05a73a23fce.sdf,1.301,0.6,2.989,0.302,-10.55,C,,,479.62,4.588,85.1,-6.12,1.0,4.0,8,4.0,0,4,,,O=C(c1ccc(CNCc2ccccc2)cc1)N1CCOCCC1CC1CCCC1,1,148,A2A,"7-eonmol (Pocket2Mol 等变图神经网络 + 口袋引导束搜索, GPCR 微调版)","7-eonmol_ft_gpcr_v2.pt — 本项目自训, 经两轮 A/B(种子 2024/2025)晋级; 基线为 ICML 2022 官方权重",7-eonmol-competition-submission,2024,A2A_20260926_233754,ADMET 分级 C(风险较高)
C0149,赛道 3 · 离子通道/GPCR 小分子药物虚拟筛选 · 子任务 2,CC(=O)N(C(=O)OCC1=CCC=C1)c1cccc(C2=NC(C(C)N3C=CC(O)=CC3)=NC2)c1,results/structures/cand149_mol_061cdbd9_e13d1ff102ce.sdf,1.27,0.715,4.451,0.23,-10.54,B,,,446.51,3.923,94.8,-5.41,1.0,7.0,6,4.0,0,1,,,O=C(Nc1cccc(C2=NC(CN3C=CC=CC3)=NC2)c1)OCC1=CCC=C1,1,149,A2A,"7-eonmol (Pocket2Mol 等变图神经网络 + 口袋引导束搜索, GPCR 微调版)","7-eonmol_ft_gpcr_v2.pt — 本项目自训, 经两轮 A/B(种子 2024/2025)晋级; 基线为 ICML 2022 官方权重",7-eonmol-competition-submission,2024,A2A_20260926_233754,
C0150,赛道 3 · 离子通道/GPCR 小分子药物虚拟筛选 · 子任务 2,O=C(Nc1cccc2ccccc12)C1CCN(C2CCNCC2)CC1,results/structures/cand150_mol_49d059d7_49d059d7d4b2.sdf,1.696,0.904,2.072,0.31,-10.53,B,,,337.47,3.242,44.37,-4.36,2.0,3.0,3,4.0,0,2,,,O=C(Nc1cccc2ccccc12)C1CCN(C2CCNCC2)CC1,1,150,A2A,"7-eonmol (Pocket2Mol 等变图神经网络 + 口袋引导束搜索, GPCR 微调版)","7-eonmol_ft_gpcr_v2.pt — 本项目自训, 经两轮 A/B(种子 2024/2025)晋级; 基线为 ICML 2022 官方权重",7-eonmol-competition-submission,2024,A2A_20260926_233754,
C0151,赛道 3 · 离子通道/GPCR 小分子药物虚拟筛选 · 子任务 2,COc1ccc2c(O)nc(CCN3CC(O)CCC3=O)cc2c1-c1ccccc1,results/structures/cand151_mol_9ee5366e_81af6127d865.sdf,1.395,0.697,3.019,0.336,-10.53,C,,,392.46,3.142,82.89,-4.64,2.0,5.0,5,4.0,0,3,,,O=C1CCCCN1CCc1cc2c(-c3ccccc3)cccc2cn1,5,151,A2A,"7-eonmol (Pocket2Mol 等变图神经网络 + 口袋引导束搜索, GPCR 微调版)","7-eonmol_ft_gpcr_v2.pt — 本项目自训, 经两轮 A/B(种子 2024/2025)晋级; 基线为 ICML 2022 官方权重",7-eonmol-competition-submission,2024,A2A_20260926_233754,ADMET 分级 C(风险较高)
C0152,赛道 3 · 离子通道/GPCR 小分子药物虚拟筛选 · 子任务 2,CCN(C(=O)N1CCC(C(=O)Nc2cccc3ccccc23)CC1)c1cccc(O)c1,results/structures/cand152_mol_e9497925_7fa00b34bfec.sdf,1.413,0.638,2.252,0.352,-10.52,C,,,417.51,4.842,72.88,-6.07,2.0,3.0,4,4.0,0,4,,,O=C(Nc1cccc2ccccc12)C1CCN(C(=O)Nc2ccccc2)CC1,2,152,A2A,"7-eonmol (Pocket2Mol 等变图神经网络 + 口袋引导束搜索, GPCR 微调版)","7-eonmol_ft_gpcr_v2.pt — 本项目自训, 经两轮 A/B(种子 2024/2025)晋级; 基线为 ICML 2022 官方权重",7-eonmol-competition-submission,2024,A2A_20260926_233754,ADMET 分级 C(风险较高)
C0153,赛道 3 · 离子通道/GPCR 小分子药物虚拟筛选 · 子任务 2,O=C(NC1=CC=C2C1=C(O)C(=O)c1c(O)cccc12)c1ccccc1,results/structures/cand153_mol_b48e4a85_1c7c7289a065.sdf,1.517,0.789,2.721,0.348,-10.51,A,,,331.33,3.112,86.63,-4.27,3.0,4.0,2,4.0,0,0,,,O=C(NC1=CC=C2C1=CC(=O)c1ccccc12)c1ccccc1,1,153,A2A,"7-eonmol (Pocket2Mol 等变图神经网络 + 口袋引导束搜索, GPCR 微调版)","7-eonmol_ft_gpcr_v2.pt — 本项目自训, 经两轮 A/B(种子 2024/2025)晋级; 基线为 ICML 2022 官方权重",7-eonmol-competition-submission,2024,A2A_20260926_233754,
C0154,赛道 3 · 离子通道/GPCR 小分子药物虚拟筛选 · 子任务 2,Cc1c(CCNC(=O)C(C)CC(=O)N2CCNCC2)c(C)n2c1CC(=C1C=CC=CC1)CC2=O,results/structures/cand154_mol_e53838d9_eb3059aee2cf.sdf,1.276,0.678,4.016,0.217,-10.49,B,,,464.61,2.621,83.44,-4.54,2.0,4.0,6,4.0,0,1,,,O=C(CCC(=O)N1CCNCC1)NCCc1cc2n(c1)C(=O)CC(=C1C=CC=CC1)C2,1,154,A2A,"7-eonmol (Pocket2Mol 等变图神经网络 + 口袋引导束搜索, GPCR 微调版)","7-eonmol_ft_gpcr_v2.pt — 本项目自训, 经两轮 A/B(种子 2024/2025)晋级; 基线为 ICML 2022 官方权重",7-eonmol-competition-submission,2024,A2A_20260926_233754,
C0155,赛道 3 · 离子通道/GPCR 小分子药物虚拟筛选 · 子任务 2,CC(=O)N(Cc1cc(C(=O)O)cc2nncn12)c1cc2cccc(NC(=O)C(F)(F)F)c2cn1,results/structures/cand155_mol_4403f1e2_cda4ab24e382.sdf,1.141,0.457,3.161,0.32,-10.49,B,,,472.38,3.03,129.79,-5.06,2.0,6.0,5,4.0,0,2,,,c1ccc2cc(NCc3cccc4nncn34)ncc2c1,1,155,A2A,"7-eonmol (Pocket2Mol 等变图神经网络 + 口袋引导束搜索, GPCR 微调版)","7-eonmol_ft_gpcr_v2.pt — 本项目自训, 经两轮 A/B(种子 2024/2025)晋级; 基线为 ICML 2022 官方权重",7-eonmol-competition-submission,2024,A2A_20260926_233754,
C0156,赛道 3 · 离子通道/GPCR 小分子药物虚拟筛选 · 子任务 2,O=C1CCC(O)CN1CCCc1cccc2c1CC1CCCCN1C2=O,results/structures/cand156_mol_44d43343_9a4be942bfc4.sdf,1.567,0.899,3.317,0.276,-10.45,B,,,356.47,2.153,60.85,-3.59,1.0,3.0,4,4.0,0,1,,,O=C1CCCCN1CCCc1cccc2c1CC1CCCCN1C2=O,1,156,A2A,"7-eonmol (Pocket2Mol 等变图神经网络 + 口袋引导束搜索, GPCR 微调版)","7-eonmol_ft_gpcr_v2.pt — 本项目自训, 经两轮 A/B(种子 2024/2025)晋级; 基线为 ICML 2022 官方权重",7-eonmol-competition-submission,2024,A2A_20260926_233754,
C0157,赛道 3 · 离子通道/GPCR 小分子药物虚拟筛选 · 子任务 2,O=C(Nc1ccccc1)C1CCCN1C(=O)c1ccc2c(c1)C=CC2,results/structures/cand157_mol_e31098e9_e31098e9d67d.sdf,1.673,0.935,2.624,0.361,-10.44,B,,,332.4,3.499,49.41,-4.54,1.0,2.0,3,4.0,0,2,,,O=C(Nc1ccccc1)C1CCCN1C(=O)c1ccc2c(c1)C=CC2,1,157,A2A,"7-eonmol (Pocket2Mol 等变图神经网络 + 口袋引导束搜索, GPCR 微调版)","7-eonmol_ft_gpcr_v2.pt — 本项目自训, 经两轮 A/B(种子 2024/2025)晋级; 基线为 ICML 2022 官方权重",7-eonmol-competition-submission,2024,A2A_20260926_233754,
C0158,赛道 3 · 离子通道/GPCR 小分子药物虚拟筛选 · 子任务 2,COc1cccc2c1CC1c3cccc(NC(=O)C(F)(F)F)c3C=NC21,results/structures/cand158_mol_98a1814d_93aba6e349f1.sdf,1.505,0.88,3.751,0.281,-10.43,B,,,360.34,4.01,50.69,-5.12,1.0,3.0,2,4.0,0,1,,,C1=NC2c3ccccc3CC2c2ccccc21,2,158,A2A,"7-eonmol (Pocket2Mol 等变图神经网络 + 口袋引导束搜索, GPCR 微调版)","7-eonmol_ft_gpcr_v2.pt — 本项目自训, 经两轮 A/B(种子 2024/2025)晋级; 基线为 ICML 2022 官方权重",7-eonmol-competition-submission,2024,A2A_20260926_233754,
C0159,赛道 3 · 离子通道/GPCR 小分子药物虚拟筛选 · 子任务 2,COc1cccc(CN(Cc2ccc(C(=O)N3CCCc4ccc5c(c43)CC(O)CC5)cc2)C(N)=O)c1,results/structures/cand159_mol_a0f13c8d_1ef0eb4fb28b.sdf,1.214,0.531,3.172,0.34,-10.43,C,,,499.61,4.219,96.1,-6.07,2.0,4.0,6,5.0,0,3,,,O=C(c1ccc(CNCc2ccccc2)cc1)N1CCCc2ccc3c(c21)CCCC3,1,159,A2A,"7-eonmol (Pocket2Mol 等变图神经网络 + 口袋引导束搜索, GPCR 微调版)","7-eonmol_ft_gpcr_v2.pt — 本项目自训, 经两轮 A/B(种子 2024/2025)晋级; 基线为 ICML 2022 官方权重",7-eonmol-competition-submission,2024,A2A_20260926_233754,ADMET 分级 C(风险较高)
C0160,赛道 3 · 离子通道/GPCR 小分子药物虚拟筛选 · 子任务 2,O=C1CCC(O)CN1CCc1cc(C2=CC=CCc3ncccc32)cc(O)n1,results/structures/cand160_mol_ab73102e_4070038b0609.sdf,1.484,0.854,3.697,0.256,-10.42,B,,,377.44,2.252,86.55,-3.86,2.0,5.0,4,4.0,0,2,,,O=C1CCCCN1CCc1cc(C2=CC=CCc3ncccc32)ccn1,2,160,A2A,"7-eonmol (Pocket2Mol 等变图神经网络 + 口袋引导束搜索, GPCR 微调版)","7-eonmol_ft_gpcr_v2.pt — 本项目自训, 经两轮 A/B(种子 2024/2025)晋级; 基线为 ICML 2022 官方权重",7-eonmol-competition-submission,2024,A2A_20260926_233754,
C0161,赛道 3 · 离子通道/GPCR 小分子药物虚拟筛选 · 子任务 2,CCCNC(=O)c1ccc(C)cc1NC(=O)c1ccc2c(c1)C(=O)N1CCCCC1C2,results/structures/cand161_mol_5da19199_3f5ba7e53565.sdf,1.5,0.771,2.709,0.312,-10.41,B,,,419.53,3.938,78.51,-5.34,2.0,3.0,5,4.0,0,2,,,O=C(Nc1ccccc1)c1ccc2c(c1)C(=O)N1CCCCC1C2,6,161,A2A,"7-eonmol (Pocket2Mol 等变图神经网络 + 口袋引导束搜索, GPCR 微调版)","7-eonmol_ft_gpcr_v2.pt — 本项目自训, 经两轮 A/B(种子 2024/2025)晋级; 基线为 ICML 2022 官方权重",7-eonmol-competition-submission,2024,A2A_20260926_233754,
C0162,赛道 3 · 离子通道/GPCR 小分子药物虚拟筛选 · 子任务 2,CC(=O)N(C(=O)OC1=C2CC=CC(O)=C2Oc2cccc(F)c21)c1ccccc1,results/structures/cand162_mol_42820b18_8d936cc96f6c.sdf,1.463,0.789,3.262,0.275,-10.41,B,,,393.37,4.848,76.07,-5.93,1.0,5.0,2,4.0,0,1,,,O=C(Nc1ccccc1)OC1=C2CC=CC=C2Oc2ccccc21,2,162,A2A,"7-eonmol (Pocket2Mol 等变图神经网络 + 口袋引导束搜索, GPCR 微调版)","7-eonmol_ft_gpcr_v2.pt — 本项目自训, 经两轮 A/B(种子 2024/2025)晋级; 基线为 ICML 2022 官方权重",7-eonmol-competition-submission,2024,A2A_20260926_233754,
C0163,赛道 3 · 离子通道/GPCR 小分子药物虚拟筛选 · 子任务 2,O=C(Nc1cccc(-c2ccc(N3C=CC=CC3)cc2)c1)C(F)(F)F,results/structures/cand163_mol_b5c131c1_467973ab7111.sdf,1.621,0.872,2.506,0.261,-10.4,B,,,344.34,4.744,32.34,-5.54,1.0,2.0,3,3.0,0,2,,,C1=CCN(c2ccc(-c3ccccc3)cc2)C=C1,1,163,A2A,"7-eonmol (Pocket2Mol 等变图神经网络 + 口袋引导束搜索, GPCR 微调版)","7-eonmol_ft_gpcr_v2.pt — 本项目自训, 经两轮 A/B(种子 2024/2025)晋级; 基线为 ICML 2022 官方权重",7-eonmol-competition-submission,2024,A2A_20260926_233754,
C0164,赛道 3 · 离子通道/GPCR 小分子药物虚拟筛选 · 子任务 2,O=C(CC1CCNC1)N1CCOC(c2cc(F)cc3ccccc23)C1,results/structures/cand164_mol_cf38cbd2_9baf91eb9ebd.sdf,1.61,0.932,3.23,0.286,-10.4,B,,,342.41,2.878,41.57,-4.12,1.0,3.0,3,4.0,0,1,,,O=C(CC1CCNC1)N1CCOC(c2cccc3ccccc23)C1,1,164,A2A,"7-eonmol (Pocket2Mol 等变图神经网络 + 口袋引导束搜索, GPCR 微调版)","7-eonmol_ft_gpcr_v2.pt — 本项目自训, 经两轮 A/B(种子 2024/2025)晋级; 基线为 ICML 2022 官方权重",7-eonmol-competition-submission,2024,A2A_20260926_233754,
C0165,赛道 3 · 离子通道/GPCR 小分子药物虚拟筛选 · 子任务 2,Cc1c(CCNC(=O)C2CCCC2)c(C)n2c1C(O)c1ccccc1C2=O,results/structures/cand165_mol_49feca18_bb7dd45740b5.sdf,1.561,0.874,3.126,0.311,-10.4,A,,,366.46,3.037,71.33,-4.37,2.0,3.0,4,4.0,0,0,,,O=C(NCCc1cc2n(c1)C(=O)c1ccccc1C2)C1CCCC1,4,165,A2A,"7-eonmol (Pocket2Mol 等变图神经网络 + 口袋引导束搜索, GPCR 微调版)","7-eonmol_ft_gpcr_v2.pt — 本项目自训, 经两轮 A/B(种子 2024/2025)晋级; 基线为 ICML 2022 官方权重",7-eonmol-competition-submission,2024,A2A_20260926_233754,
C0166,赛道 3 · 离子通道/GPCR 小分子药物虚拟筛选 · 子任务 2,Cc1ccc(F)cc1N1CCCC(Oc2ccc(CN(C)C(=O)Nc3cccnc3N)cc2)C1,results/structures/cand166_mol_f3de2f05_31f871fff9e8.sdf,1.256,0.547,2.912,0.325,-10.34,C,,,463.56,4.823,83.72,-6.31,2.0,5.0,6,4.0,0,6,,,O=C(NCc1ccc(OC2CCCN(c3ccccc3)C2)cc1)Nc1cccnc1,1,166,A2A,"7-eonmol (Pocket2Mol 等变图神经网络 + 口袋引导束搜索, GPCR 微调版)","7-eonmol_ft_gpcr_v2.pt — 本项目自训, 经两轮 A/B(种子 2024/2025)晋级; 基线为 ICML 2022 官方权重",7-eonmol-competition-submission,2024,A2A_20260926_233754,ADMET 分级 C(风险较高)
C0167,赛道 3 · 离子通道/GPCR 小分子药物虚拟筛选 · 子任务 2,CC1C=CC(=Cc2cccc(C(=O)NCCc3ccccc3)c2)O1,results/structures/cand167_mol_ea8f5922_88825a7ff062.sdf,1.619,0.905,2.857,0.364,-10.32,A,,,319.4,3.975,38.33,-4.78,1.0,2.0,5,3.0,0,0,,,O=C(NCCc1ccccc1)c1cccc(C=C2C=CCO2)c1,1,167,A2A,"7-eonmol (Pocket2Mol 等变图神经网络 + 口袋引导束搜索, GPCR 微调版)","7-eonmol_ft_gpcr_v2.pt — 本项目自训, 经两轮 A/B(种子 2024/2025)晋级; 基线为 ICML 2022 官方权重",7-eonmol-competition-submission,2024,A2A_20260926_233754,
C0168,赛道 3 · 离子通道/GPCR 小分子药物虚拟筛选 · 子任务 2,CC1CC2=NCC=CN2C2=CC3=C(C=C(NC(=O)c4ccccc4)C3(F)F)CN21,results/structures/cand168_mol_fc5cef20_82df60cc6abe.sdf,1.395,0.836,4.418,0.266,-10.3,B,,,394.43,3.423,47.94,-4.81,1.0,4.0,2,5.0,0,1,,,O=C(NC1=CC2=C(C=C3N(CCC4=NCC=CN34)C2)C1)c1ccccc1,1,168,A2A,"7-eonmol (Pocket2Mol 等变图神经网络 + 口袋引导束搜索, GPCR 微调版)","7-eonmol_ft_gpcr_v2.pt — 本项目自训, 经两轮 A/B(种子 2024/2025)晋级; 基线为 ICML 2022 官方权重",7-eonmol-competition-submission,2024,A2A_20260926_233754,
C0169,赛道 3 · 离子通道/GPCR 小分子药物虚拟筛选 · 子任务 2,CCCC(C(=O)O)c1ccc2c(C3CN(C(=O)CC4CCNC4)CCO3)cc(F)cc2n1,results/structures/cand169_mol_97c6689f_7f1123bc5fba.sdf,1.292,0.683,3.905,0.254,-10.3,C,,,443.52,3.242,91.76,-4.91,2.0,5.0,7,4.0,0,3,,,O=C(CC1CCNC1)N1CCOC(c2cccc3ncccc23)C1,4,169,A2A,"7-eonmol (Pocket2Mol 等变图神经网络 + 口袋引导束搜索, GPCR 微调版)","7-eonmol_ft_gpcr_v2.pt — 本项目自训, 经两轮 A/B(种子 2024/2025)晋级; 基线为 ICML 2022 官方权重",7-eonmol-competition-submission,2024,A2A_20260926_233754,ADMET 分级 C(风险较高)
C0170,赛道 3 · 离子通道/GPCR 小分子药物虚拟筛选 · 子任务 2,Cc1ccc(O)cc1-c1cc(COC2Cc3ncccc3N(C(=O)O)C2)[nH]c(=O)c1,results/structures/cand170_mol_7abba71e_8082e5c950da.sdf,1.26,0.612,3.523,0.279,-10.3,B,,,407.43,3.077,115.75,-4.73,3.0,5.0,4,4.0,0,1,,,O=c1cc(-c2ccccc2)cc(COC2CNc3cccnc3C2)[nH]1,1,170,A2A,"7-eonmol (Pocket2Mol 等变图神经网络 + 口袋引导束搜索, GPCR 微调版)","7-eonmol_ft_gpcr_v2.pt — 本项目自训, 经两轮 A/B(种子 2024/2025)晋级; 基线为 ICML 2022 官方权重",7-eonmol-competition-submission,2024,A2A_20260926_233754,
C0171,赛道 3 · 离子通道/GPCR 小分子药物虚拟筛选 · 子任务 2,O=C1N=CC=C1c1cccc2c(CNC(=O)C(F)(F)F)cccc12,results/structures/cand171_mol_5a7c3ab2_fcfc07d446fe.sdf,1.67,0.939,2.689,0.304,-10.29,B,,,332.28,3.013,58.53,-4.16,1.0,2.0,3,3.0,0,1,,,O=C1N=CC=C1c1cccc2ccccc12,1,171,A2A,"7-eonmol (Pocket2Mol 等变图神经网络 + 口袋引导束搜索, GPCR 微调版)","7-eonmol_ft_gpcr_v2.pt — 本项目自训, 经两轮 A/B(种子 2024/2025)晋级; 基线为 ICML 2022 官方权重",7-eonmol-competition-submission,2024,A2A_20260926_233754,
C0172,赛道 3 · 离子通道/GPCR 小分子药物虚拟筛选 · 子任务 2,CC1N=C2CC3=C(C=C2NC1=O)C(F)(F)C(NC(=O)c1ccccc1)=C3,results/structures/cand172_mol_6b3bc50e_31cf45014fba.sdf,1.45,0.856,4.06,0.246,-10.29,A,,,355.34,2.493,70.56,-3.88,2.0,3.0,2,4.0,0,0,,,O=C1CN=C2CC3=C(C=C2N1)CC(NC(=O)c1ccccc1)=C3,1,172,A2A,"7-eonmol (Pocket2Mol 等变图神经网络 + 口袋引导束搜索, GPCR 微调版)","7-eonmol_ft_gpcr_v2.pt — 本项目自训, 经两轮 A/B(种子 2024/2025)晋级; 基线为 ICML 2022 官方权重",7-eonmol-competition-submission,2024,A2A_20260926_233754,
C0173,赛道 3 · 离子通道/GPCR 小分子药物虚拟筛选 · 子任务 2,CC(=O)NC(C(=O)O)c1ccc2cc(F)cc(CNC(=O)Cn3cc(F)cc(F)c3=O)c2c1,results/structures/cand173_mol_de696b17_bd868e56ca72.sdf,1.179,0.498,3.191,0.265,-10.29,B,,,461.4,1.997,117.5,-4.16,3.0,4.0,7,3.0,0,1,,,O=C(Cn1ccccc1=O)NCc1cccc2ccccc12,12,173,A2A,"7-eonmol (Pocket2Mol 等变图神经网络 + 口袋引导束搜索, GPCR 微调版)","7-eonmol_ft_gpcr_v2.pt — 本项目自训, 经两轮 A/B(种子 2024/2025)晋级; 基线为 ICML 2022 官方权重",7-eonmol-competition-submission,2024,A2A_20260926_233754,
C0174,赛道 3 · 离子通道/GPCR 小分子药物虚拟筛选 · 子任务 2,O=c1ccccn1C1CN=C2NC=Cc3cccc1c32,results/structures/cand174_mol_d22d8915_d22d8915ff73.sdf,1.484,0.852,3.677,0.263,-10.28,B,,,263.3,1.772,46.39,-2.91,1.0,3.0,1,4.0,0,1,,,O=c1ccccn1C1CN=C2NC=Cc3cccc1c32,1,174,A2A,"7-eonmol (Pocket2Mol 等变图神经网络 + 口袋引导束搜索, GPCR 微调版)","7-eonmol_ft_gpcr_v2.pt — 本项目自训, 经两轮 A/B(种子 2024/2025)晋级; 基线为 ICML 2022 官方权重",7-eonmol-competition-submission,2024,A2A_20260926_233754,
C0175,赛道 3 · 离子通道/GPCR 小分子药物虚拟筛选 · 子任务 2,CC(=O)N1CCC(C(=O)Nc2cccc3ccccc23)CC1,results/structures/cand175_mol_fa963d4d_66d63827300f.sdf,1.752,0.926,1.735,0.328,-10.27,B,,,296.37,3.037,49.41,-3.99,1.0,2.0,2,3.0,0,2,,,O=C(Nc1cccc2ccccc12)C1CCNCC1,3,175,A2A,"7-eonmol (Pocket2Mol 等变图神经网络 + 口袋引导束搜索, GPCR 微调版)","7-eonmol_ft_gpcr_v2.pt — 本项目自训, 经两轮 A/B(种子 2024/2025)晋级; 基线为 ICML 2022 官方权重",7-eonmol-competition-submission,2024,A2A_20260926_233754,
C0176,赛道 3 · 离子通道/GPCR 小分子药物虚拟筛选 · 子任务 2,CC(=O)N(CCc1ccc2c(c1)NC1C=CC=CC1=C2)C(=O)CN1C=CC=CC1,results/structures/cand176_mol_d9747424_0f93f3627f6c.sdf,1.429,0.842,4.13,0.206,-10.26,B,,,387.48,3.293,52.65,-4.6,1.0,4.0,5,4.0,0,2,,,O=C(CN1C=CC=CC1)NCCc1ccc2c(c1)NC1C=CC=CC1=C2,1,176,A2A,"7-eonmol (Pocket2Mol 等变图神经网络 + 口袋引导束搜索, GPCR 微调版)","7-eonmol_ft_gpcr_v2.pt — 本项目自训, 经两轮 A/B(种子 2024/2025)晋级; 基线为 ICML 2022 官方权重",7-eonmol-competition-submission,2024,A2A_20260926_233754,
C0177,赛道 3 · 离子通道/GPCR 小分子药物虚拟筛选 · 子任务 2,NC(C(=O)O)c1ccc2cc(F)cc(CNC(=O)Cn3cc(F)cc(F)c3=O)c2c1,results/structures/cand177_mol_de696b17_4a765c752a1b.sdf,1.248,0.564,3.155,0.271,-10.26,B,,,419.36,1.82,114.42,-3.8,3.0,4.0,6,3.0,0,1,,,O=C(Cn1ccccc1=O)NCc1cccc2ccccc12,12,177,A2A,"7-eonmol (Pocket2Mol 等变图神经网络 + 口袋引导束搜索, GPCR 微调版)","7-eonmol_ft_gpcr_v2.pt — 本项目自训, 经两轮 A/B(种子 2024/2025)晋级; 基线为 ICML 2022 官方权重",7-eonmol-competition-submission,2024,A2A_20260926_233754,
C0178,赛道 3 · 离子通道/GPCR 小分子药物虚拟筛选 · 子任务 2,NC(=O)c1ccc2cc(F)cc(CNC(=O)Cn3cc(F)cc(F)c3=O)c2c1,results/structures/cand178_mol_de696b17_efaba2bcffd7.sdf,1.444,0.697,2.537,0.281,-10.25,B,,,389.33,1.834,94.19,-3.66,2.0,3.0,5,3.0,0,1,,,O=C(Cn1ccccc1=O)NCc1cccc2ccccc12,12,178,A2A,"7-eonmol (Pocket2Mol 等变图神经网络 + 口袋引导束搜索, GPCR 微调版)","7-eonmol_ft_gpcr_v2.pt — 本项目自训, 经两轮 A/B(种子 2024/2025)晋级; 基线为 ICML 2022 官方权重",7-eonmol-competition-submission,2024,A2A_20260926_233754,
C0179,赛道 3 · 离子通道/GPCR 小分子药物虚拟筛选 · 子任务 2,Cc1c(CCNC(=O)C(C)CC(=O)N2CCC(C)CC2)c(C)n2c1CC(=C1C=CC=CC1)CC2=O,results/structures/cand179_mol_536de4d6_e8c1f223f8c0.sdf,1.264,0.658,3.942,0.221,-10.25,B,,,477.65,4.447,71.41,-5.98,1.0,3.0,6,4.0,0,1,,,O=C(CCC(=O)N1CCCCC1)NCCc1cc2n(c1)C(=O)CC(=C1C=CC=CC1)C2,2,179,A2A,"7-eonmol (Pocket2Mol 等变图神经网络 + 口袋引导束搜索, GPCR 微调版)","7-eonmol_ft_gpcr_v2.pt — 本项目自训, 经两轮 A/B(种子 2024/2025)晋级; 基线为 ICML 2022 官方权重",7-eonmol-competition-submission,2024,A2A_20260926_233754,
C0180,赛道 3 · 离子通道/GPCR 小分子药物虚拟筛选 · 子任务 2,CC(CO)c1cn(C(=O)O)c(=O)n2ccc3ccc(O)c4[nH]c1c-2c34,results/structures/cand180_mol_f402bddc_8d543dabe286.sdf,1.066,0.445,3.789,0.245,-10.25,B,,,341.32,2.039,120.48,-3.6,4.0,4.0,2,4.0,0,1,,,O=c1[nH]ccc2[nH]c3cccc4ccn1-c2c43,1,180,A2A,"7-eonmol (Pocket2Mol 等变图神经网络 + 口袋引导束搜索, GPCR 微调版)","7-eonmol_ft_gpcr_v2.pt — 本项目自训, 经两轮 A/B(种子 2024/2025)晋级; 基线为 ICML 2022 官方权重",7-eonmol-competition-submission,2024,A2A_20260926_233754,
C0181,赛道 3 · 离子通道/GPCR 小分子药物虚拟筛选 · 子任务 2,COc1cc(CCc2cccc(=O)[nH]2)c2ccccc2c1,results/structures/cand181_mol_21376a99_554495bf0a30.sdf,1.578,0.796,2.175,0.36,-10.22,B,,,279.34,3.322,42.09,-4.15,1.0,2.0,4,3.0,0,1,,,O=c1cccc(CCc2cccc3ccccc23)[nH]1,1,181,A2A,"7-eonmol (Pocket2Mol 等变图神经网络 + 口袋引导束搜索, GPCR 微调版)","7-eonmol_ft_gpcr_v2.pt — 本项目自训, 经两轮 A/B(种子 2024/2025)晋级; 基线为 ICML 2022 官方权重",7-eonmol-competition-submission,2024,A2A_20260926_233754,
C0182,赛道 3 · 离子通道/GPCR 小分子药物虚拟筛选 · 子任务 2,O=c1c2c(CO)cccc2ccn1Cc1cc(O)c2ccccc2c1,results/structures/cand182_mol_d8810077_dc484ed3daaf.sdf,1.373,0.605,2.316,0.38,-10.22,B,,,331.37,3.401,62.46,-4.58,2.0,3.0,3,4.0,0,1,,,O=c1c2ccccc2ccn1Cc1ccc2ccccc2c1,1,182,A2A,"7-eonmol (Pocket2Mol 等变图神经网络 + 口袋引导束搜索, GPCR 微调版)","7-eonmol_ft_gpcr_v2.pt — 本项目自训, 经两轮 A/B(种子 2024/2025)晋级; 基线为 ICML 2022 官方权重",7-eonmol-competition-submission,2024,A2A_20260926_233754,
C0183,赛道 3 · 离子通道/GPCR 小分子药物虚拟筛选 · 子任务 2,CC(=O)NC1C=C(CN(C(C)=O)c2cc3cccc(NC(=O)C(F)(F)F)c3cn2)N(C)C1=O,results/structures/cand183_mol_bbb907f8_4efb27fb522a.sdf,1.331,0.704,3.735,0.303,-10.22,B,,,463.42,1.949,111.71,-4.12,2.0,5.0,5,3.0,0,2,,,O=C1CC=C(CNc2cc3ccccc3cn2)N1,2,183,A2A,"7-eonmol (Pocket2Mol 等变图神经网络 + 口袋引导束搜索, GPCR 微调版)","7-eonmol_ft_gpcr_v2.pt — 本项目自训, 经两轮 A/B(种子 2024/2025)晋级; 基线为 ICML 2022 官方权重",7-eonmol-competition-submission,2024,A2A_20260926_233754,
C0184,赛道 3 · 离子通道/GPCR 小分子药物虚拟筛选 · 子任务 2,CCC1Nc2ccccc2N1CC1=NCC(c2cccc(N(C(C)=O)C(=O)OCc3ccon3)c2)=N1,results/structures/cand184_mol_3924b906_e5da0bc8b094.sdf,1.13,0.532,4.013,0.263,-10.22,B,,,486.53,4.234,112.63,-5.97,1.0,9.0,7,5.0,0,1,,,O=C(Nc1cccc(C2=NC(CN3CNc4ccccc43)=NC2)c1)OCc1ccon1,1,184,A2A,"7-eonmol (Pocket2Mol 等变图神经网络 + 口袋引导束搜索, GPCR 微调版)","7-eonmol_ft_gpcr_v2.pt — 本项目自训, 经两轮 A/B(种子 2024/2025)晋级; 基线为 ICML 2022 官方权重",7-eonmol-competition-submission,2024,A2A_20260926_233754,
C0185,赛道 3 · 离子通道/GPCR 小分子药物虚拟筛选 · 子任务 2,Cc1c(CCNC(=O)C2CCCC2)c(C)n2c1C(O)c1cccc(C(C)C)c1C2=O,results/structures/cand185_mol_49feca18_48a59b4579d8.sdf,1.444,0.78,3.364,0.244,-10.21,A,,,408.54,4.161,71.33,-5.43,2.0,3.0,5,4.0,0,0,,,O=C(NCCc1cc2n(c1)C(=O)c1ccccc1C2)C1CCCC1,4,185,A2A,"7-eonmol (Pocket2Mol 等变图神经网络 + 口袋引导束搜索, GPCR 微调版)","7-eonmol_ft_gpcr_v2.pt — 本项目自训, 经两轮 A/B(种子 2024/2025)晋级; 基线为 ICML 2022 官方权重",7-eonmol-competition-submission,2024,A2A_20260926_233754,
C0186,赛道 3 · 离子通道/GPCR 小分子药物虚拟筛选 · 子任务 2,Cc1cc(O)cc2c1Oc1c(cnc3cc(CCn4ccccc4=O)cc(=O)n13)N2,results/structures/cand186_mol_e8936b35_fbd5e2b8566e.sdf,1.16,0.482,3.216,0.258,-10.21,B,,,402.41,2.962,97.86,-4.68,2.0,6.0,3,5.0,0,2,,,O=c1ccccn1CCc1cc(=O)n2c3c(cnc2c1)Nc1ccccc1O3,2,186,A2A,"7-eonmol (Pocket2Mol 等变图神经网络 + 口袋引导束搜索, GPCR 微调版)","7-eonmol_ft_gpcr_v2.pt — 本项目自训, 经两轮 A/B(种子 2024/2025)晋级; 基线为 ICML 2022 官方权重",7-eonmol-competition-submission,2024,A2A_20260926_233754,
C0187,赛道 3 · 离子通道/GPCR 小分子药物虚拟筛选 · 子任务 2,O=C(Cn1cc(F)cc(F)c1=O)NCc1cccc2ccccc12,results/structures/cand187_mol_de696b17_0749eb94e40a.sdf,1.582,0.8,2.18,0.367,-10.2,B,,,328.32,2.596,51.1,-3.89,1.0,2.0,4,3.0,0,1,,,O=C(Cn1ccccc1=O)NCc1cccc2ccccc12,12,187,A2A,"7-eonmol (Pocket2Mol 等变图神经网络 + 口袋引导束搜索, GPCR 微调版)","7-eonmol_ft_gpcr_v2.pt — 本项目自训, 经两轮 A/B(种子 2024/2025)晋级; 基线为 ICML 2022 官方权重",7-eonmol-competition-submission,2024,A2A_20260926_233754,
C0188,赛道 3 · 离子通道/GPCR 小分子药物虚拟筛选 · 子任务 2,CCNC(=O)N1CCC(C(=O)Nc2cccc3ccccc23)CC1,results/structures/cand188_mol_fa963d4d_b2a28e7231f7.sdf,1.724,0.91,1.86,0.365,-10.19,B,,,325.41,3.22,61.44,-4.27,2.0,2.0,3,3.0,0,2,,,O=C(Nc1cccc2ccccc12)C1CCNCC1,3,188,A2A,"7-eonmol (Pocket2Mol 等变图神经网络 + 口袋引导束搜索, GPCR 微调版)","7-eonmol_ft_gpcr_v2.pt — 本项目自训, 经两轮 A/B(种子 2024/2025)晋级; 基线为 ICML 2022 官方权重",7-eonmol-competition-submission,2024,A2A_20260926_233754,
C0189,赛道 3 · 离子通道/GPCR 小分子药物虚拟筛选 · 子任务 2,CCCc1cc(NC(=O)c2ccccc2)c2c3c1ccc(=O)n3CCN2,results/structures/cand189_mol_ac33a950_627ac54941d3.sdf,1.505,0.757,2.526,0.327,-10.19,B,,,347.42,3.632,63.13,-4.76,2.0,3.0,4,4.0,0,2,,,O=C(Nc1ccc2ccc(=O)n3c2c1NCC3)c1ccccc1,1,189,A2A,"7-eonmol (Pocket2Mol 等变图神经网络 + 口袋引导束搜索, GPCR 微调版)","7-eonmol_ft_gpcr_v2.pt — 本项目自训, 经两轮 A/B(种子 2024/2025)晋级; 基线为 ICML 2022 官方权重",7-eonmol-competition-submission,2024,A2A_20260926_233754,
C0190,赛道 3 · 离子通道/GPCR 小分子药物虚拟筛选 · 子任务 2,CCC(NC(=O)Cc1cn(C)c2ncc3c(c12)OC=C1NC(=O)C(F)C=C13)C(=O)O,results/structures/cand190_mol_de839823_b29358c44857.sdf,1.238,0.675,4.379,0.21,-10.18,B,,,414.39,1.18,122.55,-3.23,3.0,5.0,5,4.0,0,1,,,O=C1CC=C2C(=COc3c2cnc2[nH]ccc32)N1,1,190,A2A,"7-eonmol (Pocket2Mol 等变图神经网络 + 口袋引导束搜索, GPCR 微调版)","7-eonmol_ft_gpcr_v2.pt — 本项目自训, 经两轮 A/B(种子 2024/2025)晋级; 基线为 ICML 2022 官方权重",7-eonmol-competition-submission,2024,A2A_20260926_233754,
C0191,赛道 3 · 离子通道/GPCR 小分子药物虚拟筛选 · 子任务 2,CC(C)C1=CN(C(=O)O)C(=O)N2C=Cc3ccccc3C2=N1,results/structures/cand191_mol_0df275c5_e4d718bd1551.sdf,1.519,0.864,3.444,0.267,-10.16,B,,,297.31,3.331,73.21,-4.17,1.0,3.0,1,3.0,0,1,,,O=C1NC=CN=C2c3ccccc3C=CN12,1,191,A2A,"7-eonmol (Pocket2Mol 等变图神经网络 + 口袋引导束搜索, GPCR 微调版)","7-eonmol_ft_gpcr_v2.pt — 本项目自训, 经两轮 A/B(种子 2024/2025)晋级; 基线为 ICML 2022 官方权重",7-eonmol-competition-submission,2024,A2A_20260926_233754,
C0192,赛道 3 · 离子通道/GPCR 小分子药物虚拟筛选 · 子任务 2,CCCC(C1=CC(=O)C=C1)c1ccc2c(C3CN(C(=O)CC4CCNC4)CCO3)cc(F)cc2n1,results/structures/cand192_mol_28d585d4_c1bda21ee708.sdf,1.227,0.647,4.199,0.229,-10.16,C,,,477.58,4.222,71.53,-5.84,1.0,5.0,7,5.0,0,3,,,O=C1C=CC(Cc2ccc3c(C4CN(C(=O)CC5CCNC5)CCO4)cccc3n2)=C1,1,192,A2A,"7-eonmol (Pocket2Mol 等变图神经网络 + 口袋引导束搜索, GPCR 微调版)","7-eonmol_ft_gpcr_v2.pt — 本项目自训, 经两轮 A/B(种子 2024/2025)晋级; 基线为 ICML 2022 官方权重",7-eonmol-competition-submission,2024,A2A_20260926_233754,ADMET 分级 C(风险较高)
C0193,赛道 3 · 离子通道/GPCR 小分子药物虚拟筛选 · 子任务 2,O=C(Nc1ccccc1)c1ccc2c(c1)C(=O)N1CCCCC1C2,results/structures/cand193_mol_5da19199_5da191999ccd.sdf,1.681,0.921,2.4,0.412,-10.15,B,,,320.39,3.49,49.41,-4.49,1.0,2.0,2,4.0,0,2,,,O=C(Nc1ccccc1)c1ccc2c(c1)C(=O)N1CCCCC1C2,6,193,A2A,"7-eonmol (Pocket2Mol 等变图神经网络 + 口袋引导束搜索, GPCR 微调版)","7-eonmol_ft_gpcr_v2.pt — 本项目自训, 经两轮 A/B(种子 2024/2025)晋级; 基线为 ICML 2022 官方权重",7-eonmol-competition-submission,2024,A2A_20260926_233754,
C0194,赛道 3 · 离子通道/GPCR 小分子药物虚拟筛选 · 子任务 2,CC(=O)N(CC(=O)O)C1CCC2(C)c3cccc4ccc(O)c(c34)CC12,results/structures/cand194_mol_dbe23210_26d4f155f8e5.sdf,1.503,0.889,3.859,0.25,-10.15,B,,,353.42,3.071,77.84,-4.33,2.0,3.0,3,4.0,0,2,,,c1cc2c3c(cccc3c1)C1CCCC1C2,5,194,A2A,"7-eonmol (Pocket2Mol 等变图神经网络 + 口袋引导束搜索, GPCR 微调版)","7-eonmol_ft_gpcr_v2.pt — 本项目自训, 经两轮 A/B(种子 2024/2025)晋级; 基线为 ICML 2022 官方权重",7-eonmol-competition-submission,2024,A2A_20260926_233754,
C0195,赛道 3 · 离子通道/GPCR 小分子药物虚拟筛选 · 子任务 2,CCc1cc(-c2nc(CC)c(CC)[nH]2)ccc1C1CC2CCC(C)C(=O)N2C1,results/structures/cand195_mol_1bcfda86_d35d3a9d6923.sdf,1.415,0.805,3.902,0.229,-10.15,C,,,379.55,4.878,48.99,-5.79,1.0,2.0,5,4.0,0,3,,,O=C1CCCC2CC(c3ccc(-c4ncc[nH]4)cc3)CN12,1,195,A2A,"7-eonmol (Pocket2Mol 等变图神经网络 + 口袋引导束搜索, GPCR 微调版)","7-eonmol_ft_gpcr_v2.pt — 本项目自训, 经两轮 A/B(种子 2024/2025)晋级; 基线为 ICML 2022 官方权重",7-eonmol-competition-submission,2024,A2A_20260926_233754,ADMET 分级 C(风险较高)
C0196,赛道 3 · 离子通道/GPCR 小分子药物虚拟筛选 · 子任务 2,COC(=O)NC(=O)c1cn(C(=O)OCc2ccccc2)cc1CCc1cccc(=O)[nH]1,results/structures/cand196_mol_db7be054_67ace95da4e4.sdf,1.348,0.629,2.813,0.371,-10.15,B,,,423.43,2.643,119.49,-4.44,2.0,6.0,6,3.0,0,1,,,O=C(OCc1ccccc1)n1ccc(CCc2cccc(=O)[nH]2)c1,1,196,A2A,"7-eonmol (Pocket2Mol 等变图神经网络 + 口袋引导束搜索, GPCR 微调版)","7-eonmol_ft_gpcr_v2.pt — 本项目自训, 经两轮 A/B(种子 2024/2025)晋级; 基线为 ICML 2022 官方权重",7-eonmol-competition-submission,2024,A2A_20260926_233754,
C0197,赛道 3 · 离子通道/GPCR 小分子药物虚拟筛选 · 子任务 2,O=C(NC1=CC=C2c3cnc(C4CCCN4)nc3CCC12)c1ccccc1,results/structures/cand197_mol_685c46e0_685c46e0085e.sdf,1.508,0.884,3.767,0.272,-10.13,B,,,358.44,3.174,66.91,-4.45,2.0,4.0,3,5.0,0,2,,,O=C(NC1=CC=C2c3cnc(C4CCCN4)nc3CCC12)c1ccccc1,1,197,A2A,"7-eonmol (Pocket2Mol 等变图神经网络 + 口袋引导束搜索, GPCR 微调版)","7-eonmol_ft_gpcr_v2.pt — 本项目自训, 经两轮 A/B(种子 2024/2025)晋级; 基线为 ICML 2022 官方权重",7-eonmol-competition-submission,2024,A2A_20260926_233754,
C0198,赛道 3 · 离子通道/GPCR 小分子药物虚拟筛选 · 子任务 2,CCc1cc(O)c2c3c(cc(C)cc13)C1(C)CCC(N(CC(=O)O)C(C)=O)C1C2,results/structures/cand198_mol_dbe23210_5a873a34d40b.sdf,1.415,0.822,4.072,0.217,-10.13,C,,,395.5,3.942,77.84,-5.2,2.0,3.0,4,4.0,0,3,,,c1cc2c3c(cccc3c1)C1CCCC1C2,5,198,A2A,"7-eonmol (Pocket2Mol 等变图神经网络 + 口袋引导束搜索, GPCR 微调版)","7-eonmol_ft_gpcr_v2.pt — 本项目自训, 经两轮 A/B(种子 2024/2025)晋级; 基线为 ICML 2022 官方权重",7-eonmol-competition-submission,2024,A2A_20260926_233754,ADMET 分级 C(风险较高)
C0199,赛道 3 · 离子通道/GPCR 小分子药物虚拟筛选 · 子任务 2,O=C1NCCC(Cn2nc3c4c(cccc42)CN(C(=O)O)CCC3)N1,results/structures/cand199_mol_c475c56a_a977dc085c5d.sdf,1.418,0.77,3.516,0.25,-10.11,A,,,343.39,1.534,99.49,-3.14,3.0,3.0,2,4.0,0,0,,,O=C1NCCC(Cn2nc3c4c(cccc42)CNCCC3)N1,1,199,A2A,"7-eonmol (Pocket2Mol 等变图神经网络 + 口袋引导束搜索, GPCR 微调版)","7-eonmol_ft_gpcr_v2.pt — 本项目自训, 经两轮 A/B(种子 2024/2025)晋级; 基线为 ICML 2022 官方权重",7-eonmol-competition-submission,2024,A2A_20260926_233754,
C0200,赛道 3 · 离子通道/GPCR 小分子药物虚拟筛选 · 子任务 2,O=C(O)C1CCN(c2ncc3c(n2)N2C=CC4C=CC=CC4=C2N=C3)CC1,results/structures/cand200_mol_30e8629a_b9a6aa4dcf2a.sdf,1.463,0.872,4.085,0.252,-10.1,A,,,361.41,2.498,81.92,-3.92,1.0,6.0,2,5.0,0,0,,,C1=CC2=C3N=Cc4cnc(N5CCCCC5)nc4N3C=CC2C=C1,1,200,A2A,"7-eonmol (Pocket2Mol 等变图神经网络 + 口袋引导束搜索, GPCR 微调版)","7-eonmol_ft_gpcr_v2.pt — 本项目自训, 经两轮 A/B(种子 2024/2025)晋级; 基线为 ICML 2022 官方权重",7-eonmol-competition-submission,2024,A2A_20260926_233754,
C0201,赛道 3 · 离子通道/GPCR 小分子药物虚拟筛选 · 子任务 2,O=C1CCC(O)CN1CCCc1cccc(-c2ccccc2)c1,results/structures/cand201_mol_8c15c2ff_0c3b1058ff17.sdf,1.678,0.921,2.43,0.33,-10.09,B,,,309.41,3.27,40.54,-4.2,1.0,2.0,5,3.0,0,2,,,O=C1CCCCN1CCCc1cccc(-c2ccccc2)c1,1,201,A2A,"7-eonmol (Pocket2Mol 等变图神经网络 + 口袋引导束搜索, GPCR 微调版)","7-eonmol_ft_gpcr_v2.pt — 本项目自训, 经两轮 A/B(种子 2024/2025)晋级; 基线为 ICML 2022 官方权重",7-eonmol-competition-submission,2024,A2A_20260926_233754,
C0202,赛道 3 · 离子通道/GPCR 小分子药物虚拟筛选 · 子任务 2,CC(=O)N(C(=O)Oc1cccc2c(O)cc(F)c(F)c12)c1ccccc1,results/structures/cand202_mol_0edc9313_29bd3fe47504.sdf,1.483,0.739,2.563,0.289,-10.09,A,,,357.31,4.376,66.84,-5.42,1.0,4.0,2,3.0,0,0,,,O=C(Nc1ccccc1)Oc1cccc2ccccc12,1,202,A2A,"7-eonmol (Pocket2Mol 等变图神经网络 + 口袋引导束搜索, GPCR 微调版)","7-eonmol_ft_gpcr_v2.pt — 本项目自训, 经两轮 A/B(种子 2024/2025)晋级; 基线为 ICML 2022 官方权重",7-eonmol-competition-submission,2024,A2A_20260926_233754,
C0203,赛道 3 · 离子通道/GPCR 小分子药物虚拟筛选 · 子任务 2,OC1CCCN(Cc2cccc(Nc3cccc(C(F)(F)F)n3)c2)C1,results/structures/cand203_mol_a7705df3_85ef83f7a5e4.sdf,1.609,0.88,2.708,0.306,-10.08,C,,,351.37,3.801,48.39,-4.86,2.0,4.0,4,3.0,0,4,,,c1ccc(Nc2cccc(CN3CCCCC3)c2)nc1,1,203,A2A,"7-eonmol (Pocket2Mol 等变图神经网络 + 口袋引导束搜索, GPCR 微调版)","7-eonmol_ft_gpcr_v2.pt — 本项目自训, 经两轮 A/B(种子 2024/2025)晋级; 基线为 ICML 2022 官方权重",7-eonmol-competition-submission,2024,A2A_20260926_233754,ADMET 分级 C(风险较高)
C0204,赛道 3 · 离子通道/GPCR 小分子药物虚拟筛选 · 子任务 2,CCN(CC1=c2cc3ccccc3cc2=CC(=O)C1C)C(N)=O,results/structures/cand204_mol_29ccc0c8_42932df7f928.sdf,1.569,0.931,3.625,0.278,-10.08,A,,,308.38,1.39,63.4,-2.81,1.0,2.0,3,3.0,0,0,,,O=C1C=c2cc3ccccc3cc2=CC1,1,204,A2A,"7-eonmol (Pocket2Mol 等变图神经网络 + 口袋引导束搜索, GPCR 微调版)","7-eonmol_ft_gpcr_v2.pt — 本项目自训, 经两轮 A/B(种子 2024/2025)晋级; 基线为 ICML 2022 官方权重",7-eonmol-competition-submission,2024,A2A_20260926_233754,
C0205,赛道 3 · 离子通道/GPCR 小分子药物虚拟筛选 · 子任务 2,O=C(NCc1c2ccccc2cc2sccc12)C(F)(F)F,results/structures/cand205_mol_91d0e2d1_72d563939f64.sdf,1.516,0.754,2.378,0.289,-10.08,B,,,309.31,4.233,29.1,-5.01,1.0,2.0,2,3.0,0,1,,,c1ccc2cc3sccc3cc2c1,1,205,A2A,"7-eonmol (Pocket2Mol 等变图神经网络 + 口袋引导束搜索, GPCR 微调版)","7-eonmol_ft_gpcr_v2.pt — 本项目自训, 经两轮 A/B(种子 2024/2025)晋级; 基线为 ICML 2022 官方权重",7-eonmol-competition-submission,2024,A2A_20260926_233754,
C0206,赛道 3 · 离子通道/GPCR 小分子药物虚拟筛选 · 子任务 2,O=C(O)c1ccc(N2c3cc4ccccc4cc3CC2C(=O)O)cc1,results/structures/cand206_mol_1ad21ba3_d65bbe565e01.sdf,1.504,0.764,2.606,0.301,-10.08,B,,,333.34,3.685,77.84,-4.74,2.0,3.0,3,4.0,0,1,,,c1ccc(N2CCc3cc4ccccc4cc32)cc1,1,206,A2A,"7-eonmol (Pocket2Mol 等变图神经网络 + 口袋引导束搜索, GPCR 微调版)","7-eonmol_ft_gpcr_v2.pt — 本项目自训, 经两轮 A/B(种子 2024/2025)晋级; 基线为 ICML 2022 官方权重",7-eonmol-competition-submission,2024,A2A_20260926_233754,
C0207,赛道 3 · 离子通道/GPCR 小分子药物虚拟筛选 · 子任务 2,CNC(C(=O)O)c1ccc2cc(F)cc(CNC(=O)Cn3cc(F)cc(F)c3=O)c2c1,results/structures/cand207_mol_de696b17_83171ee1682a.sdf,1.208,0.53,3.217,0.275,-10.08,B,,,433.39,2.08,100.43,-4.05,3.0,4.0,7,3.0,0,2,,,O=C(Cn1ccccc1=O)NCc1cccc2ccccc12,12,207,A2A,"7-eonmol (Pocket2Mol 等变图神经网络 + 口袋引导束搜索, GPCR 微调版)","7-eonmol_ft_gpcr_v2.pt — 本项目自训, 经两轮 A/B(种子 2024/2025)晋级; 基线为 ICML 2022 官方权重",7-eonmol-competition-submission,2024,A2A_20260926_233754,
C0208,赛道 3 · 离子通道/GPCR 小分子药物虚拟筛选 · 子任务 2,Cc1ccc(C(=O)NCC(=O)O)c(NC(=O)c2ccc3c(c2)C(=O)N2CCCCC2C3)c1,results/structures/cand208_mol_5da19199_8fdcf3e37762.sdf,1.39,0.668,2.774,0.29,-10.07,B,,,435.48,2.613,115.81,-4.46,3.0,4.0,5,4.0,0,1,,,O=C(Nc1ccccc1)c1ccc2c(c1)C(=O)N1CCCCC1C2,6,208,A2A,"7-eonmol (Pocket2Mol 等变图神经网络 + 口袋引导束搜索, GPCR 微调版)","7-eonmol_ft_gpcr_v2.pt — 本项目自训, 经两轮 A/B(种子 2024/2025)晋级; 基线为 ICML 2022 官方权重",7-eonmol-competition-submission,2024,A2A_20260926_233754,
C0209,赛道 3 · 离子通道/GPCR 小分子药物虚拟筛选 · 子任务 2,CC1CC2CC=C(C(F)(F)F)NC(=O)C3=C2N1Nc1ccccc13,results/structures/cand209_mol_68668a5c_d766698f8e7e.sdf,1.346,0.764,4.172,0.242,-10.07,C,,,335.33,3.415,44.37,-4.49,2.0,3.0,0,4.0,0,3,,,O=C1NC=CCC2CCN3Nc4ccccc4C1=C23,2,209,A2A,"7-eonmol (Pocket2Mol 等变图神经网络 + 口袋引导束搜索, GPCR 微调版)","7-eonmol_ft_gpcr_v2.pt — 本项目自训, 经两轮 A/B(种子 2024/2025)晋级; 基线为 ICML 2022 官方权重",7-eonmol-competition-submission,2024,A2A_20260926_233754,ADMET 分级 C(风险较高)
C0210,赛道 3 · 离子通道/GPCR 小分子药物虚拟筛选 · 子任务 2,O=C(Nc1cccc(-c2ccc(N3CCCC3)cc2)c1)C(F)(F)F,results/structures/cand210_mol_da70b487_d9e6e0a24ba2.sdf,1.707,0.899,1.921,0.311,-10.06,B,,,334.34,4.455,32.34,-5.27,1.0,2.0,3,3.0,0,1,,,c1ccc(-c2ccc(N3CCCC3)cc2)cc1,1,210,A2A,"7-eonmol (Pocket2Mol 等变图神经网络 + 口袋引导束搜索, GPCR 微调版)","7-eonmol_ft_gpcr_v2.pt — 本项目自训, 经两轮 A/B(种子 2024/2025)晋级; 基线为 ICML 2022 官方权重",7-eonmol-competition-submission,2024,A2A_20260926_233754,
C0211,赛道 3 · 离子通道/GPCR 小分子药物虚拟筛选 · 子任务 2,CCC(NC(=O)Cc1cccc2c1C=C1C(=O)C=C(O)C=C1C2)C(=O)O,results/structures/cand211_mol_352b9fae_b85a6529e736.sdf,1.393,0.752,3.585,0.25,-10.05,A,,,353.37,2.099,103.7,-3.5,3.0,4.0,5,3.0,0,0,,,O=C1C=CC=C2Cc3ccccc3C=C12,1,211,A2A,"7-eonmol (Pocket2Mol 等变图神经网络 + 口袋引导束搜索, GPCR 微调版)","7-eonmol_ft_gpcr_v2.pt — 本项目自训, 经两轮 A/B(种子 2024/2025)晋级; 基线为 ICML 2022 官方权重",7-eonmol-competition-submission,2024,A2A_20260926_233754,
C0212,赛道 3 · 离子通道/GPCR 小分子药物虚拟筛选 · 子任务 2,O=C(Nc1cccc2ccccc12)C1CCCCC1,results/structures/cand212_mol_c81a24a6_c81a24a6524a.sdf,1.689,0.846,1.576,0.351,-10.04,A,,,253.34,4.359,29.1,-4.72,1.0,1.0,2,3.0,0,0,,,O=C(Nc1cccc2ccccc12)C1CCCCC1,1,212,A2A,"7-eonmol (Pocket2Mol 等变图神经网络 + 口袋引导束搜索, GPCR 微调版)","7-eonmol_ft_gpcr_v2.pt — 本项目自训, 经两轮 A/B(种子 2024/2025)晋级; 基线为 ICML 2022 官方权重",7-eonmol-competition-submission,2024,A2A_20260926_233754,
C0213,赛道 3 · 离子通道/GPCR 小分子药物虚拟筛选 · 子任务 2,CCCC=Cc1cccc2cc(CN3CCCC(O)C3)ccc12,results/structures/cand213_mol_4dbe561d_5f8d0d8acebd.sdf,1.601,0.872,2.708,0.27,-10.04,C,,,309.45,4.61,23.47,-5.16,1.0,2.0,5,3.0,0,3,,,c1ccc2cc(CN3CCCCC3)ccc2c1,2,213,A2A,"7-eonmol (Pocket2Mol 等变图神经网络 + 口袋引导束搜索, GPCR 微调版)","7-eonmol_ft_gpcr_v2.pt — 本项目自训, 经两轮 A/B(种子 2024/2025)晋级; 基线为 ICML 2022 官方权重",7-eonmol-competition-submission,2024,A2A_20260926_233754,ADMET 分级 C(风险较高)
C0214,赛道 3 · 离子通道/GPCR 小分子药物虚拟筛选 · 子任务 2,COc1cn(-c2ccccc2)c2nc(N3CCC(C(=O)O)CC3)ncc12,results/structures/cand214_mol_5c4ea260_e95351157996.sdf,1.539,0.778,2.385,0.357,-10.04,A,,,352.39,2.73,80.48,-4.11,1.0,5.0,4,4.0,0,0,,,c1ccc(-n2ccc3cnc(N4CCCCC4)nc32)cc1,1,214,A2A,"7-eonmol (Pocket2Mol 等变图神经网络 + 口袋引导束搜索, GPCR 微调版)","7-eonmol_ft_gpcr_v2.pt — 本项目自训, 经两轮 A/B(种子 2024/2025)晋级; 基线为 ICML 2022 官方权重",7-eonmol-competition-submission,2024,A2A_20260926_233754,
C0215,赛道 3 · 离子通道/GPCR 小分子药物虚拟筛选 · 子任务 2,CC(=O)N(C(=O)OC1=C2CC=CC=C2Oc2c(O)cc(F)c(F)c21)c1ccccc1,results/structures/cand215_mol_42820b18_0081436000a9.sdf,1.424,0.768,3.435,0.244,-10.04,B,,,411.36,4.807,76.07,-6.01,1.0,5.0,2,4.0,0,2,,,O=C(Nc1ccccc1)OC1=C2CC=CC=C2Oc2ccccc21,2,215,A2A,"7-eonmol (Pocket2Mol 等变图神经网络 + 口袋引导束搜索, GPCR 微调版)","7-eonmol_ft_gpcr_v2.pt — 本项目自训, 经两轮 A/B(种子 2024/2025)晋级; 基线为 ICML 2022 官方权重",7-eonmol-competition-submission,2024,A2A_20260926_233754,
C0216,赛道 3 · 离子通道/GPCR 小分子药物虚拟筛选 · 子任务 2,O=C(c1cccc(N(Cc2ccccc2)C(=O)C(O)c2ccccc2)c1)N1CCCC1,results/structures/cand216_mol_c0255dec_109d228f21d6.sdf,1.404,0.658,2.541,0.388,-10.04,B,,,414.51,4.189,60.85,-5.54,1.0,3.0,6,4.0,0,2,,,O=C(c1cccc(N(Cc2ccccc2)C(=O)Cc2ccccc2)c1)N1CCCC1,1,216,A2A,"7-eonmol (Pocket2Mol 等变图神经网络 + 口袋引导束搜索, GPCR 微调版)","7-eonmol_ft_gpcr_v2.pt — 本项目自训, 经两轮 A/B(种子 2024/2025)晋级; 基线为 ICML 2022 官方权重",7-eonmol-competition-submission,2024,A2A_20260926_233754,
C0217,赛道 3 · 离子通道/GPCR 小分子药物虚拟筛选 · 子任务 2,O=c1cccc(CCc2ccnc3ccccc23)[nH]1,results/structures/cand217_mol_00725b7a_00725b7a2429.sdf,1.555,0.776,2.211,0.393,-10.03,B,,,250.3,2.708,45.75,-3.56,1.0,2.0,3,3.0,0,1,,,O=c1cccc(CCc2ccnc3ccccc23)[nH]1,1,217,A2A,"7-eonmol (Pocket2Mol 等变图神经网络 + 口袋引导束搜索, GPCR 微调版)","7-eonmol_ft_gpcr_v2.pt — 本项目自训, 经两轮 A/B(种子 2024/2025)晋级; 基线为 ICML 2022 官方权重",7-eonmol-competition-submission,2024,A2A_20260926_233754,
C0218,赛道 3 · 离子通道/GPCR 小分子药物虚拟筛选 · 子任务 2,CC(=O)N(C(=O)OCC1=CCC=C1)c1cccc(C2=NC(c3ccccc3O)=NC2)c1,results/structures/cand218_mol_1ad58f95_0c2146ba907d.sdf,1.467,0.798,3.319,0.333,-10.03,A,,,415.45,4.018,91.56,-5.38,1.0,6.0,5,4.0,0,0,,,O=C(Nc1cccc(C2=NC(c3ccccc3)=NC2)c1)OCC1=CCC=C1,2,218,A2A,"7-eonmol (Pocket2Mol 等变图神经网络 + 口袋引导束搜索, GPCR 微调版)","7-eonmol_ft_gpcr_v2.pt — 本项目自训, 经两轮 A/B(种子 2024/2025)晋级; 基线为 ICML 2022 官方权重",7-eonmol-competition-submission,2024,A2A_20260926_233754,
C0219,赛道 3 · 离子通道/GPCR 小分子药物虚拟筛选 · 子任务 2,CC(=O)N(CC(=O)O)C1CCC2(C)c3cc(C)cc4cccc(c34)CC12,results/structures/cand219_mol_dbe23210_a0b52e529ed1.sdf,1.538,0.918,3.794,0.274,-10.01,C,,,351.45,3.674,57.61,-4.76,1.0,2.0,3,4.0,0,3,,,c1cc2c3c(cccc3c1)C1CCCC1C2,5,219,A2A,"7-eonmol (Pocket2Mol 等变图神经网络 + 口袋引导束搜索, GPCR 微调版)","7-eonmol_ft_gpcr_v2.pt — 本项目自训, 经两轮 A/B(种子 2024/2025)晋级; 基线为 ICML 2022 官方权重",7-eonmol-competition-submission,2024,A2A_20260926_233754,ADMET 分级 C(风险较高)
C0220,赛道 3 · 离子通道/GPCR 小分子药物虚拟筛选 · 子任务 2,CC(O)CN1CCN(c2ccc(-c3cccc(NC(=O)C(F)(F)F)c3)cc2)C1,results/structures/cand220_mol_57776dd4_e6f7292b2f61.sdf,1.534,0.819,2.846,0.277,-10.01,C,,,393.41,3.315,55.81,-4.73,2.0,4.0,5,3.0,0,3,,,c1ccc(-c2ccc(N3CCNC3)cc2)cc1,1,220,A2A,"7-eonmol (Pocket2Mol 等变图神经网络 + 口袋引导束搜索, GPCR 微调版)","7-eonmol_ft_gpcr_v2.pt — 本项目自训, 经两轮 A/B(种子 2024/2025)晋级; 基线为 ICML 2022 官方权重",7-eonmol-competition-submission,2024,A2A_20260926_233754,ADMET 分级 C(风险较高)
C0221,赛道 3 · 离子通道/GPCR 小分子药物虚拟筛选 · 子任务 2,CN(C(=O)Cc1cc(-c2ccccc2)cnc1N)C(=O)NCc1ccccc1,results/structures/cand221_mol_38880b8a_ea96fb2b7078.sdf,1.488,0.718,2.296,0.415,-9.98,C,,,374.44,3.242,88.32,-4.63,2.0,4.0,5,3.0,0,4,,,O=C(Cc1cncc(-c2ccccc2)c1)NC(=O)NCc1ccccc1,3,221,A2A,"7-eonmol (Pocket2Mol 等变图神经网络 + 口袋引导束搜索, GPCR 微调版)","7-eonmol_ft_gpcr_v2.pt — 本项目自训, 经两轮 A/B(种子 2024/2025)晋级; 基线为 ICML 2022 官方权重",7-eonmol-competition-submission,2024,A2A_20260926_233754,ADMET 分级 C(风险较高)
C0222,赛道 3 · 离子通道/GPCR 小分子药物虚拟筛选 · 子任务 2,O=C(NC1=CC2=C(C=C3C(=NC=CN3CCO)C2)C1(F)F)c1ccccc1,results/structures/cand222_mol_78a11239_b33bc00de773.sdf,1.481,0.858,3.773,0.259,-9.98,B,,,369.37,2.754,64.93,-4.11,2.0,4.0,4,4.0,0,1,,,O=C(NC1=CC2=C(C=C3NC=CN=C3C2)C1)c1ccccc1,4,222,A2A,"7-eonmol (Pocket2Mol 等变图神经网络 + 口袋引导束搜索, GPCR 微调版)","7-eonmol_ft_gpcr_v2.pt — 本项目自训, 经两轮 A/B(种子 2024/2025)晋级; 基线为 ICML 2022 官方权重",7-eonmol-competition-submission,2024,A2A_20260926_233754,
C0223,赛道 3 · 离子通道/GPCR 小分子药物虚拟筛选 · 子任务 2,CC(=O)NC(c1ccc2cc(F)cc(CNC(=O)Cn3cc(F)cc(F)c3=O)c2c1)C(C)O,results/structures/cand223_mol_de696b17_b667ed05aff6.sdf,1.149,0.503,3.537,0.265,-9.98,B,,,461.44,2.293,100.43,-4.38,3.0,4.0,7,3.0,0,1,,,O=C(Cn1ccccc1=O)NCc1cccc2ccccc12,12,223,A2A,"7-eonmol (Pocket2Mol 等变图神经网络 + 口袋引导束搜索, GPCR 微调版)","7-eonmol_ft_gpcr_v2.pt — 本项目自训, 经两轮 A/B(种子 2024/2025)晋级; 基线为 ICML 2022 官方权重",7-eonmol-competition-submission,2024,A2A_20260926_233754,
C0224,赛道 3 · 离子通道/GPCR 小分子药物虚拟筛选 · 子任务 2,O=C(Cn1cc(F)cc(F)c1=O)NCc1cccc2cc(O)ccc12,results/structures/cand224_mol_de696b17_63409be0cb9f.sdf,1.525,0.763,2.375,0.328,-9.97,B,,,344.32,2.302,71.33,-3.76,2.0,3.0,4,3.0,0,1,,,O=C(Cn1ccccc1=O)NCc1cccc2ccccc12,12,224,A2A,"7-eonmol (Pocket2Mol 等变图神经网络 + 口袋引导束搜索, GPCR 微调版)","7-eonmol_ft_gpcr_v2.pt — 本项目自训, 经两轮 A/B(种子 2024/2025)晋级; 基线为 ICML 2022 官方权重",7-eonmol-competition-submission,2024,A2A_20260926_233754,
C0225,赛道 3 · 离子通道/GPCR 小分子药物虚拟筛选 · 子任务 2,O=C(OCC1CCCC(C(=O)O)C1)c1ccc2ccccc2c1,results/structures/cand225_mol_969ad509_25602f55b0d0.sdf,1.6,0.87,2.7,0.311,-9.96,B,,,312.37,3.888,63.6,-4.67,1.0,3.0,4,3.0,0,1,,,O=C(OCC1CCCCC1)c1ccc2ccccc2c1,1,225,A2A,"7-eonmol (Pocket2Mol 等变图神经网络 + 口袋引导束搜索, GPCR 微调版)","7-eonmol_ft_gpcr_v2.pt — 本项目自训, 经两轮 A/B(种子 2024/2025)晋级; 基线为 ICML 2022 官方权重",7-eonmol-competition-submission,2024,A2A_20260926_233754,
C0226,赛道 3 · 离子通道/GPCR 小分子药物虚拟筛选 · 子任务 2,CC(=O)N(C(=O)OCC1=CCC=C1)c1cccc(C2=NC(CC(=O)O)=NC2)c1,results/structures/cand226_mol_ddc4f7ce_442912c9d7db.sdf,1.464,0.815,3.514,0.248,-9.96,A,,,381.39,2.738,108.63,-4.13,1.0,6.0,6,3.0,0,0,,,O=C(Nc1cccc(C2=NC=NC2)c1)OCC1=CCC=C1,2,226,A2A,"7-eonmol (Pocket2Mol 等变图神经网络 + 口袋引导束搜索, GPCR 微调版)","7-eonmol_ft_gpcr_v2.pt — 本项目自训, 经两轮 A/B(种子 2024/2025)晋级; 基线为 ICML 2022 官方权重",7-eonmol-competition-submission,2024,A2A_20260926_233754,
C0227,赛道 3 · 离子通道/GPCR 小分子药物虚拟筛选 · 子任务 2,CC(=O)N(CC1=CC=CC2=NNCN12)c1cc2cccc(NC(=O)C(F)(F)F)c2cn1,results/structures/cand227_mol_6366eeb6_1772978990fc.sdf,1.423,0.779,3.557,0.317,-9.95,C,,,430.39,2.718,89.93,-4.51,2.0,6.0,4,4.0,0,3,,,C1=CC2=NNCN2C(CNc2cc3ccccc3cn2)=C1,1,227,A2A,"7-eonmol (Pocket2Mol 等变图神经网络 + 口袋引导束搜索, GPCR 微调版)","7-eonmol_ft_gpcr_v2.pt — 本项目自训, 经两轮 A/B(种子 2024/2025)晋级; 基线为 ICML 2022 官方权重",7-eonmol-competition-submission,2024,A2A_20260926_233754,ADMET 分级 C(风险较高)
C0228,赛道 3 · 离子通道/GPCR 小分子药物虚拟筛选 · 子任务 2,CC(C)N1CCC(C(=O)Nc2cccc3ccccc23)CC1,results/structures/cand228_mol_fa963d4d_94d7caf6abcf.sdf,1.755,0.931,1.766,0.312,-9.94,B,,,296.41,3.899,32.34,-4.6,1.0,2.0,3,3.0,0,2,,,O=C(Nc1cccc2ccccc12)C1CCNCC1,3,228,A2A,"7-eonmol (Pocket2Mol 等变图神经网络 + 口袋引导束搜索, GPCR 微调版)","7-eonmol_ft_gpcr_v2.pt — 本项目自训, 经两轮 A/B(种子 2024/2025)晋级; 基线为 ICML 2022 官方权重",7-eonmol-competition-submission,2024,A2A_20260926_233754,
C0229,赛道 3 · 离子通道/GPCR 小分子药物虚拟筛选 · 子任务 2,Cc1cc(C)cc(C=Cc2ccc(-c3ncc[nH]c3=O)nc2)c1,results/structures/cand229_mol_91c453a8_6b45da734bed.sdf,1.548,0.804,2.556,0.283,-9.94,B,,,303.37,3.619,58.64,-4.55,1.0,3.0,3,3.0,0,1,,,O=c1[nH]ccnc1-c1ccc(C=Cc2ccccc2)cn1,1,229,A2A,"7-eonmol (Pocket2Mol 等变图神经网络 + 口袋引导束搜索, GPCR 微调版)","7-eonmol_ft_gpcr_v2.pt — 本项目自训, 经两轮 A/B(种子 2024/2025)晋级; 基线为 ICML 2022 官方权重",7-eonmol-competition-submission,2024,A2A_20260926_233754,
C0230,赛道 3 · 离子通道/GPCR 小分子药物虚拟筛选 · 子任务 2,O=C(NCc1cccc2c(-c3ccc(OCC(O)CO)cc3)cccc12)C(F)(F)F,results/structures/cand230_mol_0035ad2e_d379500d4320.sdf,1.278,0.548,2.703,0.336,-9.94,B,,,419.4,3.417,78.79,-4.96,3.0,4.0,7,3.0,0,1,,,c1ccc(-c2cccc3ccccc23)cc1,4,230,A2A,"7-eonmol (Pocket2Mol 等变图神经网络 + 口袋引导束搜索, GPCR 微调版)","7-eonmol_ft_gpcr_v2.pt — 本项目自训, 经两轮 A/B(种子 2024/2025)晋级; 基线为 ICML 2022 官方权重",7-eonmol-competition-submission,2024,A2A_20260926_233754,
C0231,赛道 3 · 离子通道/GPCR 小分子药物虚拟筛选 · 子任务 2,CCCc1cccc2c(O)nc(CCN3CC(O)CCC3=O)cc12,results/structures/cand231_mol_536c647f_2859eb2b6a98.sdf,1.572,0.884,3.119,0.244,-9.93,B,,,328.41,2.419,73.66,-3.65,2.0,4.0,5,3.0,0,2,,,O=C1CCCCN1CCc1cc2ccccc2cn1,2,231,A2A,"7-eonmol (Pocket2Mol 等变图神经网络 + 口袋引导束搜索, GPCR 微调版)","7-eonmol_ft_gpcr_v2.pt — 本项目自训, 经两轮 A/B(种子 2024/2025)晋级; 基线为 ICML 2022 官方权重",7-eonmol-competition-submission,2024,A2A_20260926_233754,
C0232,赛道 3 · 离子通道/GPCR 小分子药物虚拟筛选 · 子任务 2,O=C(Cn1cc(F)cc(F)c1=O)NCc1cc(F)cc2ccccc12,results/structures/cand232_mol_de696b17_f22bf0fe0d67.sdf,1.555,0.79,2.344,0.328,-9.93,B,,,346.31,2.735,51.1,-4.1,1.0,2.0,4,3.0,0,1,,,O=C(Cn1ccccc1=O)NCc1cccc2ccccc12,12,232,A2A,"7-eonmol (Pocket2Mol 等变图神经网络 + 口袋引导束搜索, GPCR 微调版)","7-eonmol_ft_gpcr_v2.pt — 本项目自训, 经两轮 A/B(种子 2024/2025)晋级; 基线为 ICML 2022 官方权重",7-eonmol-competition-submission,2024,A2A_20260926_233754,
C0233,赛道 3 · 离子通道/GPCR 小分子药物虚拟筛选 · 子任务 2,CC(=O)N(C(=O)OCC1=CCC=C1)c1cccc(C2=NC(c3ccncc3O)=NC2)c1,results/structures/cand233_mol_d081f790_9952b002bd21.sdf,1.453,0.804,3.516,0.265,-9.93,B,,,416.44,3.413,104.45,-4.93,1.0,7.0,5,4.0,0,1,,,O=C(Nc1cccc(C2=NC(c3ccncc3)=NC2)c1)OCC1=CCC=C1,3,233,A2A,"7-eonmol (Pocket2Mol 等变图神经网络 + 口袋引导束搜索, GPCR 微调版)","7-eonmol_ft_gpcr_v2.pt — 本项目自训, 经两轮 A/B(种子 2024/2025)晋级; 基线为 ICML 2022 官方权重",7-eonmol-competition-submission,2024,A2A_20260926_233754,
C0234,赛道 3 · 离子通道/GPCR 小分子药物虚拟筛选 · 子任务 2,CCc1cnc(N2CCC(C(=O)O)CC2)nc1Nc1cc(C)nc2ccccc12,results/structures/cand234_mol_dfa41360_9bf2930cec9c.sdf,1.436,0.68,2.446,0.355,-9.93,C,,,391.48,3.94,91.24,-5.22,2.0,6.0,5,4.0,0,3,,,c1ccc2c(Nc3ccnc(N4CCCCC4)n3)ccnc2c1,3,234,A2A,"7-eonmol (Pocket2Mol 等变图神经网络 + 口袋引导束搜索, GPCR 微调版)","7-eonmol_ft_gpcr_v2.pt — 本项目自训, 经两轮 A/B(种子 2024/2025)晋级; 基线为 ICML 2022 官方权重",7-eonmol-competition-submission,2024,A2A_20260926_233754,ADMET 分级 C(风险较高)
C0235,赛道 3 · 离子通道/GPCR 小分子药物虚拟筛选 · 子任务 2,CC(=O)N(C(=O)OCC1=CCC=C1)c1cccc(C2=NC(c3c(O)cc(C)cc3C(=O)O)=NC2)c1,results/structures/cand235_mol_1ad58f95_df704f685de0.sdf,1.303,0.652,3.485,0.25,-9.93,B,,,473.49,4.024,128.86,-5.71,2.0,7.0,6,4.0,0,1,,,O=C(Nc1cccc(C2=NC(c3ccccc3)=NC2)c1)OCC1=CCC=C1,2,235,A2A,"7-eonmol (Pocket2Mol 等变图神经网络 + 口袋引导束搜索, GPCR 微调版)","7-eonmol_ft_gpcr_v2.pt — 本项目自训, 经两轮 A/B(种子 2024/2025)晋级; 基线为 ICML 2022 官方权重",7-eonmol-competition-submission,2024,A2A_20260926_233754,
C0236,赛道 3 · 离子通道/GPCR 小分子药物虚拟筛选 · 子任务 2,CC(=O)NCC(=O)N1CCCC1C1=NCC(c2cccc(N(C(C)=O)C(=O)OCC3=CCC=C3)c2)=N1,results/structures/cand236_mol_a7293691_4505673d92b4.sdf,1.235,0.628,3.926,0.259,-9.93,B,,,491.55,2.391,120.74,-4.53,1.0,7.0,7,4.0,0,1,,,O=C(Nc1cccc(C2=NC(C3CCCN3)=NC2)c1)OCC1=CCC=C1,1,236,A2A,"7-eonmol (Pocket2Mol 等变图神经网络 + 口袋引导束搜索, GPCR 微调版)","7-eonmol_ft_gpcr_v2.pt — 本项目自训, 经两轮 A/B(种子 2024/2025)晋级; 基线为 ICML 2022 官方权重",7-eonmol-competition-submission,2024,A2A_20260926_233754,
C0237,赛道 3 · 离子通道/GPCR 小分子药物虚拟筛选 · 子任务 2,CCC(NC(=O)Cc1cn(C)c2ncc3c(c12)OC=C1CC=CC=C13)C(=O)O,results/structures/cand237_mol_5c8ba3fe_02c58cf7d375.sdf,1.448,0.833,3.853,0.213,-9.92,B,,,379.42,2.715,93.45,-4.16,2.0,4.0,5,4.0,0,1,,,C1=CCC2=COc3c(cnc4[nH]ccc34)C2=C1,1,237,A2A,"7-eonmol (Pocket2Mol 等变图神经网络 + 口袋引导束搜索, GPCR 微调版)","7-eonmol_ft_gpcr_v2.pt — 本项目自训, 经两轮 A/B(种子 2024/2025)晋级; 基线为 ICML 2022 官方权重",7-eonmol-competition-submission,2024,A2A_20260926_233754,
C0238,赛道 3 · 离子通道/GPCR 小分子药物虚拟筛选 · 子任务 2,CCCc1cnc(N2CCC(C(=O)O)CC2)nc1Nc1ccnc2ccccc12,results/structures/cand238_mol_dfa41360_3ef589cd450b.sdf,1.412,0.655,2.438,0.31,-9.9,C,,,391.48,4.022,91.24,-5.26,2.0,6.0,6,4.0,0,3,,,c1ccc2c(Nc3ccnc(N4CCCCC4)n3)ccnc2c1,3,238,A2A,"7-eonmol (Pocket2Mol 等变图神经网络 + 口袋引导束搜索, GPCR 微调版)","7-eonmol_ft_gpcr_v2.pt — 本项目自训, 经两轮 A/B(种子 2024/2025)晋级; 基线为 ICML 2022 官方权重",7-eonmol-competition-submission,2024,A2A_20260926_233754,ADMET 分级 C(风险较高)
C0239,赛道 3 · 离子通道/GPCR 小分子药物虚拟筛选 · 子任务 2,CCN1c2ccccc2C(=O)N2C(C(=O)NCc3ccccc3)CCCC12,results/structures/cand239_mol_78dd9669_a5a7998db5ec.sdf,1.6,0.908,3.074,0.365,-9.87,B,,,363.46,3.164,52.65,-4.46,1.0,3.0,4,4.0,0,2,,,O=C(NCc1ccccc1)C1CCCC2Nc3ccccc3C(=O)N21,1,239,A2A,"7-eonmol (Pocket2Mol 等变图神经网络 + 口袋引导束搜索, GPCR 微调版)","7-eonmol_ft_gpcr_v2.pt — 本项目自训, 经两轮 A/B(种子 2024/2025)晋级; 基线为 ICML 2022 官方权重",7-eonmol-competition-submission,2024,A2A_20260926_233754,
C0240,赛道 3 · 离子通道/GPCR 小分子药物虚拟筛选 · 子任务 2,CCC(NC(=O)CN1CCCC1=O)C(=O)N(Cc1ccccc1)C(=O)c1cccc(F)c1F,results/structures/cand240_mol_c2821fe0_a74cbe33cddb.sdf,1.363,0.66,2.977,0.331,-9.87,B,,,457.48,2.651,86.79,-4.55,1.0,4.0,8,3.0,0,1,,,O=C(CN1CCCC1=O)NCC(=O)N(Cc1ccccc1)C(=O)c1ccccc1,5,240,A2A,"7-eonmol (Pocket2Mol 等变图神经网络 + 口袋引导束搜索, GPCR 微调版)","7-eonmol_ft_gpcr_v2.pt — 本项目自训, 经两轮 A/B(种子 2024/2025)晋级; 基线为 ICML 2022 官方权重",7-eonmol-competition-submission,2024,A2A_20260926_233754,
C0241,赛道 3 · 离子通道/GPCR 小分子药物虚拟筛选 · 子任务 2,O=C(Cc1cc(Cc2ccccc2F)n2c(=O)[nH]ccc12)N1CCOCC1,results/structures/cand241_mol_76efd379_6b336e456e45.sdf,1.48,0.762,2.817,0.322,-9.86,A,,,369.4,1.759,66.81,-3.49,1.0,3.0,4,4.0,0,0,,,O=C(Cc1cc(Cc2ccccc2)n2c(=O)[nH]ccc12)N1CCOCC1,1,241,A2A,"7-eonmol (Pocket2Mol 等变图神经网络 + 口袋引导束搜索, GPCR 微调版)","7-eonmol_ft_gpcr_v2.pt — 本项目自训, 经两轮 A/B(种子 2024/2025)晋级; 基线为 ICML 2022 官方权重",7-eonmol-competition-submission,2024,A2A_20260926_233754,
C0242,赛道 3 · 离子通道/GPCR 小分子药物虚拟筛选 · 子任务 2,O=C(Nc1cccc2ccccc12)C1CCN(C2CCCCC2)CC1,results/structures/cand242_mol_c6711db1_c6711db11bf1.sdf,1.681,0.871,1.901,0.33,-9.85,C,,,336.48,4.823,32.34,-5.52,1.0,2.0,3,4.0,0,3,,,O=C(Nc1cccc2ccccc12)C1CCN(C2CCCCC2)CC1,2,242,A2A,"7-eonmol (Pocket2Mol 等变图神经网络 + 口袋引导束搜索, GPCR 微调版)","7-eonmol_ft_gpcr_v2.pt — 本项目自训, 经两轮 A/B(种子 2024/2025)晋级; 基线为 ICML 2022 官方权重",7-eonmol-competition-submission,2024,A2A_20260926_233754,ADMET 分级 C(风险较高)
C0243,赛道 3 · 离子通道/GPCR 小分子药物虚拟筛选 · 子任务 2,CC(=O)c1ccccc1C(=O)Nc1ccc2ncccc2c1,results/structures/cand243_mol_7d3977a6_0b3467552f02.sdf,1.571,0.748,1.774,0.347,-9.84,B,,,290.32,3.69,59.06,-4.5,1.0,3.0,3,3.0,0,1,,,O=C(Nc1ccc2ncccc2c1)c1ccccc1,2,243,A2A,"7-eonmol (Pocket2Mol 等变图神经网络 + 口袋引导束搜索, GPCR 微调版)","7-eonmol_ft_gpcr_v2.pt — 本项目自训, 经两轮 A/B(种子 2024/2025)晋级; 基线为 ICML 2022 官方权重",7-eonmol-competition-submission,2024,A2A_20260926_233754,
C0244,赛道 3 · 离子通道/GPCR 小分子药物虚拟筛选 · 子任务 2,CCc1cccc2c1C(=O)n1c(C)c(CCNC(=O)C3CCCC3)c(C)c1C2O,results/structures/cand244_mol_49feca18_9ffac85654af.sdf,1.481,0.814,3.329,0.26,-9.84,A,,,394.52,3.6,71.33,-4.93,2.0,3.0,5,4.0,0,0,,,O=C(NCCc1cc2n(c1)C(=O)c1ccccc1C2)C1CCCC1,4,244,A2A,"7-eonmol (Pocket2Mol 等变图神经网络 + 口袋引导束搜索, GPCR 微调版)","7-eonmol_ft_gpcr_v2.pt — 本项目自训, 经两轮 A/B(种子 2024/2025)晋级; 基线为 ICML 2022 官方权重",7-eonmol-competition-submission,2024,A2A_20260926_233754,
C0245,赛道 3 · 离子通道/GPCR 小分子药物虚拟筛选 · 子任务 2,CCC(NC(=O)Cc1cn(C)c2ncc3c(c12)OC=C1OC=C(F)C=C13)C(=O)O,results/structures/cand245_mol_4f662f15_6be3a6f53897.sdf,1.396,0.801,4.056,0.217,-9.84,B,,,399.38,2.553,102.68,-4.16,2.0,5.0,5,4.0,0,1,,,C1=COC2=COc3c(cnc4[nH]ccc34)C2=C1,1,245,A2A,"7-eonmol (Pocket2Mol 等变图神经网络 + 口袋引导束搜索, GPCR 微调版)","7-eonmol_ft_gpcr_v2.pt — 本项目自训, 经两轮 A/B(种子 2024/2025)晋级; 基线为 ICML 2022 官方权重",7-eonmol-competition-submission,2024,A2A_20260926_233754,
C0246,赛道 3 · 离子通道/GPCR 小分子药物虚拟筛选 · 子任务 2,CN(C(=O)Cc1cncc(-c2ccccc2)c1)C(=O)NCc1ccccc1,results/structures/cand246_mol_38880b8a_e67e87de4132.sdf,1.542,0.756,2.145,0.383,-9.83,C,,,359.43,3.659,62.3,-4.85,1.0,3.0,5,3.0,0,3,,,O=C(Cc1cncc(-c2ccccc2)c1)NC(=O)NCc1ccccc1,3,246,A2A,"7-eonmol (Pocket2Mol 等变图神经网络 + 口袋引导束搜索, GPCR 微调版)","7-eonmol_ft_gpcr_v2.pt — 本项目自训, 经两轮 A/B(种子 2024/2025)晋级; 基线为 ICML 2022 官方权重",7-eonmol-competition-submission,2024,A2A_20260926_233754,ADMET 分级 C(风险较高)
C0247,赛道 3 · 离子通道/GPCR 小分子药物虚拟筛选 · 子任务 2,COc1cccc(CN(Cc2ccc(C(=O)N3CCNCC3C)cc2)C(N)=O)c1,results/structures/cand247_mol_175275f8_65cf2ba8bfb0.sdf,1.509,0.784,2.75,0.31,-9.8,B,,,396.49,2.21,87.9,-3.9,2.0,4.0,6,3.0,0,1,,,O=C(c1ccc(CNCc2ccccc2)cc1)N1CCNCC1,2,247,A2A,"7-eonmol (Pocket2Mol 等变图神经网络 + 口袋引导束搜索, GPCR 微调版)","7-eonmol_ft_gpcr_v2.pt — 本项目自训, 经两轮 A/B(种子 2024/2025)晋级; 基线为 ICML 2022 官方权重",7-eonmol-competition-submission,2024,A2A_20260926_233754,
C0248,赛道 3 · 离子通道/GPCR 小分子药物虚拟筛选 · 子任务 2,COc1nc(N2CCC3Oc4ccccc4OC32)nc2[nH]c(N3CCCC(O)C3)nc12,results/structures/cand248_mol_d84db51e_98b57417fffd.sdf,1.238,0.649,4.115,0.284,-9.8,A,,,424.46,1.699,108.86,-3.79,2.0,9.0,3,6.0,0,0,,,c1ccc2c(c1)OC1CCN(c3ncc4nc(N5CCCCC5)[nH]c4n3)C1O2,1,248,A2A,"7-eonmol (Pocket2Mol 等变图神经网络 + 口袋引导束搜索, GPCR 微调版)","7-eonmol_ft_gpcr_v2.pt — 本项目自训, 经两轮 A/B(种子 2024/2025)晋级; 基线为 ICML 2022 官方权重",7-eonmol-competition-submission,2024,A2A_20260926_233754,
C0249,赛道 3 · 离子通道/GPCR 小分子药物虚拟筛选 · 子任务 2,Cc1c(CCNC(=O)C(C)CC(=O)NC2CCN(C)C2=O)c(C)n2c1CC(=C1C=CC=CC1)CC2=O,results/structures/cand249_mol_0da4bae0_f4a2d2526a9c.sdf,1.175,0.611,4.359,0.226,-9.79,B,,,492.62,2.536,100.51,-4.63,2.0,4.0,7,4.0,0,1,,,O=C(CCC(=O)NC1CCNC1=O)NCCc1cc2n(c1)C(=O)CC(=C1C=CC=CC1)C2,1,249,A2A,"7-eonmol (Pocket2Mol 等变图神经网络 + 口袋引导束搜索, GPCR 微调版)","7-eonmol_ft_gpcr_v2.pt — 本项目自训, 经两轮 A/B(种子 2024/2025)晋级; 基线为 ICML 2022 官方权重",7-eonmol-competition-submission,2024,A2A_20260926_233754,
C0250,赛道 3 · 离子通道/GPCR 小分子药物虚拟筛选 · 子任务 2,O=C(O)c1cnc2c(c1N1CCCNC1=O)-c1ccc(C3C=NN(c4ccccc4)C3=O)cc1CC2O,results/structures/cand250_mol_12b1abd2_248d8492f0d0.sdf,1.099,0.507,4.081,0.306,-9.79,B,,,497.51,3.072,135.43,-5.25,3.0,6.0,4,6.0,0,1,,,O=C1NCCCN1c1ccnc2c1-c1ccc(C3C=NN(c4ccccc4)C3=O)cc1CC2,1,250,A2A,"7-eonmol (Pocket2Mol 等变图神经网络 + 口袋引导束搜索, GPCR 微调版)","7-eonmol_ft_gpcr_v2.pt — 本项目自训, 经两轮 A/B(种子 2024/2025)晋级; 基线为 ICML 2022 官方权重",7-eonmol-competition-submission,2024,A2A_20260926_233754,
C0251,赛道 3 · 离子通道/GPCR 小分子药物虚拟筛选 · 子任务 2,O=C(NCC1=C2C=CC=CC2Cc2sccc21)C(F)(F)F,results/structures/cand251_mol_63a30219_7a8bd16754db.sdf,1.505,0.89,3.846,0.198,-9.77,B,,,311.33,3.479,29.1,-4.33,1.0,2.0,2,3.0,0,1,,,C1=CC2=Cc3ccsc3CC2C=C1,1,251,A2A,"7-eonmol (Pocket2Mol 等变图神经网络 + 口袋引导束搜索, GPCR 微调版)","7-eonmol_ft_gpcr_v2.pt — 本项目自训, 经两轮 A/B(种子 2024/2025)晋级; 基线为 ICML 2022 官方权重",7-eonmol-competition-submission,2024,A2A_20260926_233754,
C0252,赛道 3 · 离子通道/GPCR 小分子药物虚拟筛选 · 子任务 2,O=C1CCCC(NC(=O)CN2CCCC2=O)c2c(-c3ccccc3F)csc2N1,results/structures/cand252_mol_d7590b94_e83ec622175f.sdf,1.478,0.803,3.245,0.256,-9.77,B,,,415.49,3.456,78.51,-4.98,2.0,4.0,4,4.0,0,2,,,O=C1CCCC(NC(=O)CN2CCCC2=O)c2c(-c3ccccc3)csc2N1,4,252,A2A,"7-eonmol (Pocket2Mol 等变图神经网络 + 口袋引导束搜索, GPCR 微调版)","7-eonmol_ft_gpcr_v2.pt — 本项目自训, 经两轮 A/B(种子 2024/2025)晋级; 基线为 ICML 2022 官方权重",7-eonmol-competition-submission,2024,A2A_20260926_233754,
C0253,赛道 3 · 离子通道/GPCR 小分子药物虚拟筛选 · 子任务 2,O=C(N1CCc2ccccc21)n1cnnc1-c1ccccc1,results/structures/cand253_mol_556332ec_556332ec527e.sdf,1.455,0.692,2.372,0.374,-9.75,A,,,290.33,2.976,51.02,-4.04,0.0,3.0,1,4.0,0,0,,,O=C(N1CCc2ccccc21)n1cnnc1-c1ccccc1,2,253,A2A,"7-eonmol (Pocket2Mol 等变图神经网络 + 口袋引导束搜索, GPCR 微调版)","7-eonmol_ft_gpcr_v2.pt — 本项目自训, 经两轮 A/B(种子 2024/2025)晋级; 基线为 ICML 2022 官方权重",7-eonmol-competition-submission,2024,A2A_20260926_233754,
C0254,赛道 3 · 离子通道/GPCR 小分子药物虚拟筛选 · 子任务 2,COc1cccc(CN(Cc2ccc(C(=O)N3CCNCC3)cc2)C(N)=O)c1,results/structures/cand254_mol_175275f8_ed7be4a21c5f.sdf,1.58,0.798,2.178,0.308,-9.74,A,,,382.46,1.821,87.9,-3.53,2.0,4.0,6,3.0,0,0,,,O=C(c1ccc(CNCc2ccccc2)cc1)N1CCNCC1,2,254,A2A,"7-eonmol (Pocket2Mol 等变图神经网络 + 口袋引导束搜索, GPCR 微调版)","7-eonmol_ft_gpcr_v2.pt — 本项目自训, 经两轮 A/B(种子 2024/2025)晋级; 基线为 ICML 2022 官方权重",7-eonmol-competition-submission,2024,A2A_20260926_233754,
C0255,赛道 3 · 离子通道/GPCR 小分子药物虚拟筛选 · 子任务 2,O=C(Nc1ccccc1)C1CCOc2cc3ccccc3c(=O)n21,results/structures/cand255_mol_2469e47b_2469e47baf0b.sdf,1.51,0.789,2.792,0.371,-9.73,B,,,320.35,2.964,60.33,-4.16,1.0,3.0,2,4.0,0,1,,,O=C(Nc1ccccc1)C1CCOc2cc3ccccc3c(=O)n21,1,255,A2A,"7-eonmol (Pocket2Mol 等变图神经网络 + 口袋引导束搜索, GPCR 微调版)","7-eonmol_ft_gpcr_v2.pt — 本项目自训, 经两轮 A/B(种子 2024/2025)晋级; 基线为 ICML 2022 官方权重",7-eonmol-competition-submission,2024,A2A_20260926_233754,
C0256,赛道 3 · 离子通道/GPCR 小分子药物虚拟筛选 · 子任务 2,COc1cccc(CN(Cc2ccc(C(=O)N3CCCc4ccc5c(c43)CCN=C5)cc2)C(N)=O)c1,results/structures/cand256_mol_f50482fe_5c1db87684b9.sdf,1.274,0.567,2.925,0.344,-9.73,C,,,482.58,4.344,88.23,-6.06,1.0,4.0,6,5.0,0,3,,,O=C(c1ccc(CNCc2ccccc2)cc1)N1CCCc2ccc3c(c21)CCN=C3,1,256,A2A,"7-eonmol (Pocket2Mol 等变图神经网络 + 口袋引导束搜索, GPCR 微调版)","7-eonmol_ft_gpcr_v2.pt — 本项目自训, 经两轮 A/B(种子 2024/2025)晋级; 基线为 ICML 2022 官方权重",7-eonmol-competition-submission,2024,A2A_20260926_233754,ADMET 分级 C(风险较高)
C0257,赛道 3 · 离子通道/GPCR 小分子药物虚拟筛选 · 子任务 2,CN1CNc2cccc(CCn3ccccc3=O)c2C1=O,results/structures/cand257_mol_9483364f_6cf7412c5fe4.sdf,1.659,0.929,2.702,0.284,-9.72,B,,,283.33,1.546,54.34,-2.82,1.0,3.0,3,3.0,0,2,,,O=C1NCNc2cccc(CCn3ccccc3=O)c21,1,257,A2A,"7-eonmol (Pocket2Mol 等变图神经网络 + 口袋引导束搜索, GPCR 微调版)","7-eonmol_ft_gpcr_v2.pt — 本项目自训, 经两轮 A/B(种子 2024/2025)晋级; 基线为 ICML 2022 官方权重",7-eonmol-competition-submission,2024,A2A_20260926_233754,
C0258,赛道 3 · 离子通道/GPCR 小分子药物虚拟筛选 · 子任务 2,COc1cccc(CN(Cc2ccc(C(=O)N3CCCCC3)cc2)C(N)=O)c1,results/structures/cand258_mol_dec570a0_d2b6e4f0cbd7.sdf,1.631,0.833,2.026,0.374,-9.72,B,,,381.48,3.402,75.87,-4.7,1.0,3.0,6,3.0,0,2,,,O=C(c1ccc(CNCc2ccccc2)cc1)N1CCCCC1,1,258,A2A,"7-eonmol (Pocket2Mol 等变图神经网络 + 口袋引导束搜索, GPCR 微调版)","7-eonmol_ft_gpcr_v2.pt — 本项目自训, 经两轮 A/B(种子 2024/2025)晋级; 基线为 ICML 2022 官方权重",7-eonmol-competition-submission,2024,A2A_20260926_233754,
C0259,赛道 3 · 离子通道/GPCR 小分子药物虚拟筛选 · 子任务 2,CN(C(=O)NCc1ccccc1)C(=O)c1cccc2ncc(-c3ccccc3)cc12,results/structures/cand259_mol_016ddad4_7238af902dc1.sdf,1.322,0.535,2.136,0.387,-9.72,C,,,395.46,4.884,62.3,-6.04,1.0,3.0,4,4.0,0,5,,,O=C(NCc1ccccc1)NC(=O)c1cccc2ncc(-c3ccccc3)cc12,3,259,A2A,"7-eonmol (Pocket2Mol 等变图神经网络 + 口袋引导束搜索, GPCR 微调版)","7-eonmol_ft_gpcr_v2.pt — 本项目自训, 经两轮 A/B(种子 2024/2025)晋级; 基线为 ICML 2022 官方权重",7-eonmol-competition-submission,2024,A2A_20260926_233754,ADMET 分级 C(风险较高)
C0260,赛道 3 · 离子通道/GPCR 小分子药物虚拟筛选 · 子任务 2,O=C(Nc1cccc2cc(N3CCCC3)ncc12)C(F)(F)F,results/structures/cand260_mol_a371245a_9d373bbfc57f.sdf,1.698,0.925,2.272,0.34,-9.7,B,,,309.29,3.336,45.23,-4.29,1.0,3.0,2,3.0,0,2,,,c1ccc2cc(N3CCCC3)ncc2c1,1,260,A2A,"7-eonmol (Pocket2Mol 等变图神经网络 + 口袋引导束搜索, GPCR 微调版)","7-eonmol_ft_gpcr_v2.pt — 本项目自训, 经两轮 A/B(种子 2024/2025)晋级; 基线为 ICML 2022 官方权重",7-eonmol-competition-submission,2024,A2A_20260926_233754,
C0261,赛道 3 · 离子通道/GPCR 小分子药物虚拟筛选 · 子任务 2,O=C(C(O)c1ccccc1)N1CCCc2ccccc21,results/structures/cand261_mol_f19d8325_cf29010de65a.sdf,1.671,0.908,2.378,0.375,-9.7,A,,,267.33,2.699,40.54,-3.6,1.0,2.0,2,3.0,0,0,,,O=C(Cc1ccccc1)N1CCCc2ccccc21,1,261,A2A,"7-eonmol (Pocket2Mol 等变图神经网络 + 口袋引导束搜索, GPCR 微调版)","7-eonmol_ft_gpcr_v2.pt — 本项目自训, 经两轮 A/B(种子 2024/2025)晋级; 基线为 ICML 2022 官方权重",7-eonmol-competition-submission,2024,A2A_20260926_233754,
C0262,赛道 3 · 离子通道/GPCR 小分子药物虚拟筛选 · 子任务 2,CCc1nccc(Nc2cccc(CN3CCCC(O)C3)c2)n1,results/structures/cand262_mol_78536b10_32ed6cb14316.sdf,1.617,0.889,2.722,0.303,-9.7,B,,,312.42,2.739,61.28,-3.82,2.0,5.0,5,3.0,0,2,,,c1cc(CN2CCCCC2)cc(Nc2ccncn2)c1,1,262,A2A,"7-eonmol (Pocket2Mol 等变图神经网络 + 口袋引导束搜索, GPCR 微调版)","7-eonmol_ft_gpcr_v2.pt — 本项目自训, 经两轮 A/B(种子 2024/2025)晋级; 基线为 ICML 2022 官方权重",7-eonmol-competition-submission,2024,A2A_20260926_233754,
C0263,赛道 3 · 离子通道/GPCR 小分子药物虚拟筛选 · 子任务 2,O=C(CCc1ccc2ncccc2c1)Nc1cccc(O)c1,results/structures/cand263_mol_b84f8a8c_8e4e88472221.sdf,1.589,0.773,1.842,0.319,-9.7,B,,,292.34,3.512,62.22,-4.36,2.0,3.0,4,3.0,0,1,,,O=C(CCc1ccc2ncccc2c1)Nc1ccccc1,3,263,A2A,"7-eonmol (Pocket2Mol 等变图神经网络 + 口袋引导束搜索, GPCR 微调版)","7-eonmol_ft_gpcr_v2.pt — 本项目自训, 经两轮 A/B(种子 2024/2025)晋级; 基线为 ICML 2022 官方权重",7-eonmol-competition-submission,2024,A2A_20260926_233754,
C0264,赛道 3 · 离子通道/GPCR 小分子药物虚拟筛选 · 子任务 2,O=C1CCC(O)CN1CCCc1cccc2c1CC1Nc3cc(O)ccc3CN1C2=O,results/structures/cand264_mol_694bb9c6_7f83812b4f3d.sdf,1.329,0.704,3.752,0.261,-9.7,B,,,421.5,2.258,93.11,-4.13,3.0,5.0,4,5.0,0,2,,,O=C1CCCCN1CCCc1cccc2c1CC1Nc3ccccc3CN1C2=O,2,264,A2A,"7-eonmol (Pocket2Mol 等变图神经网络 + 口袋引导束搜索, GPCR 微调版)","7-eonmol_ft_gpcr_v2.pt — 本项目自训, 经两轮 A/B(种子 2024/2025)晋级; 基线为 ICML 2022 官方权重",7-eonmol-competition-submission,2024,A2A_20260926_233754,
C0265,赛道 3 · 离子通道/GPCR 小分子药物虚拟筛选 · 子任务 2,O=C(NCCc1ccccc1)c1ccc2c(c1)C=CC=CN2,results/structures/cand265_mol_d98d0e18_d98d0e188afd.sdf,1.674,0.903,2.288,0.356,-9.69,B,,,290.37,3.612,41.13,-4.36,2.0,2.0,4,3.0,0,1,,,O=C(NCCc1ccccc1)c1ccc2c(c1)C=CC=CN2,1,265,A2A,"7-eonmol (Pocket2Mol 等变图神经网络 + 口袋引导束搜索, GPCR 微调版)","7-eonmol_ft_gpcr_v2.pt — 本项目自训, 经两轮 A/B(种子 2024/2025)晋级; 基线为 ICML 2022 官方权重",7-eonmol-competition-submission,2024,A2A_20260926_233754,
C0266,赛道 3 · 离子通道/GPCR 小分子药物虚拟筛选 · 子任务 2,CC(=O)N(C(=O)OCC1=CCC=C1)c1cccc(C2=NC(c3cnoc3)=NC2)c1,results/structures/cand266_mol_fe70ef99_9645d8306705.sdf,1.414,0.78,3.662,0.238,-9.69,A,,,390.4,3.3,97.36,-4.68,0.0,7.0,5,4.0,0,0,,,O=C(Nc1cccc(C2=NC(c3cnoc3)=NC2)c1)OCC1=CCC=C1,1,266,A2A,"7-eonmol (Pocket2Mol 等变图神经网络 + 口袋引导束搜索, GPCR 微调版)","7-eonmol_ft_gpcr_v2.pt — 本项目自训, 经两轮 A/B(种子 2024/2025)晋级; 基线为 ICML 2022 官方权重",7-eonmol-competition-submission,2024,A2A_20260926_233754,
C0267,赛道 3 · 离子通道/GPCR 小分子药物虚拟筛选 · 子任务 2,Cc1c(CCNC(=O)C2CCCCCC2)c(C)n2c1C(=O)N=C(C(C)C)C2=O,results/structures/cand267_mol_62d5f0c0_46d2c9f77f6d.sdf,1.489,0.786,2.969,0.203,-9.68,A,,,385.51,3.625,80.53,-4.82,1.0,3.0,5,3.0,0,0,,,O=C1N=CC(=O)n2cc(CCNC(=O)C3CCCCCC3)cc21,4,267,A2A,"7-eonmol (Pocket2Mol 等变图神经网络 + 口袋引导束搜索, GPCR 微调版)","7-eonmol_ft_gpcr_v2.pt — 本项目自训, 经两轮 A/B(种子 2024/2025)晋级; 基线为 ICML 2022 官方权重",7-eonmol-competition-submission,2024,A2A_20260926_233754,
C0268,赛道 3 · 离子通道/GPCR 小分子药物虚拟筛选 · 子任务 2,O=C(NC1=CC=C2c3c[nH]c(=O)nc3CCC12)c1ccccc1,results/structures/cand268_mol_c5c4297d_c5c4297dbaaa.sdf,1.545,0.891,3.464,0.275,-9.66,A,,,305.34,2.043,74.85,-3.33,2.0,3.0,2,4.0,0,0,,,O=C(NC1=CC=C2c3c[nH]c(=O)nc3CCC12)c1ccccc1,1,268,A2A,"7-eonmol (Pocket2Mol 等变图神经网络 + 口袋引导束搜索, GPCR 微调版)","7-eonmol_ft_gpcr_v2.pt — 本项目自训, 经两轮 A/B(种子 2024/2025)晋级; 基线为 ICML 2022 官方权重",7-eonmol-competition-submission,2024,A2A_20260926_233754,
C0269,赛道 3 · 离子通道/GPCR 小分子药物虚拟筛选 · 子任务 2,Cc1c(CCNC(=O)C2CCCNCC2)c(C)n2c1C(=O)N=C(C(C)C)C2=O,results/structures/cand269_mol_76a93557_10fc24423994.sdf,1.454,0.81,3.559,0.208,-9.66,B,,,386.5,2.044,92.56,-3.66,2.0,4.0,5,3.0,0,1,,,O=C1N=CC(=O)n2cc(CCNC(=O)C3CCCNCC3)cc21,1,269,A2A,"7-eonmol (Pocket2Mol 等变图神经网络 + 口袋引导束搜索, GPCR 微调版)","7-eonmol_ft_gpcr_v2.pt — 本项目自训, 经两轮 A/B(种子 2024/2025)晋级; 基线为 ICML 2022 官方权重",7-eonmol-competition-submission,2024,A2A_20260926_233754,
C0270,赛道 3 · 离子通道/GPCR 小分子药物虚拟筛选 · 子任务 2,O=C(O)N1CCCc2nn(CC3CCCCN3)c3cccc(c23)C1,results/structures/cand270_mol_8ff7f01a_2e6371e092ef.sdf,1.565,0.889,3.241,0.241,-9.64,B,,,328.42,2.605,70.39,-3.84,2.0,3.0,2,4.0,0,1,,,c1cc2c3c(nn(CC4CCCCN4)c3c1)CCCNC2,1,270,A2A,"7-eonmol (Pocket2Mol 等变图神经网络 + 口袋引导束搜索, GPCR 微调版)","7-eonmol_ft_gpcr_v2.pt — 本项目自训, 经两轮 A/B(种子 2024/2025)晋级; 基线为 ICML 2022 官方权重",7-eonmol-competition-submission,2024,A2A_20260926_233754,
C0271,赛道 3 · 离子通道/GPCR 小分子药物虚拟筛选 · 子任务 2,Cc1cc(C(=O)N(C)C(=O)NCc2ccccc2)c2cc(-c3ccccc3)cnc2c1O,results/structures/cand271_mol_016ddad4_112af572034f.sdf,1.246,0.487,2.408,0.364,-9.64,C,,,425.49,4.898,82.53,-6.22,2.0,4.0,4,4.0,0,5,,,O=C(NCc1ccccc1)NC(=O)c1cccc2ncc(-c3ccccc3)cc12,3,271,A2A,"7-eonmol (Pocket2Mol 等变图神经网络 + 口袋引导束搜索, GPCR 微调版)","7-eonmol_ft_gpcr_v2.pt — 本项目自训, 经两轮 A/B(种子 2024/2025)晋级; 基线为 ICML 2022 官方权重",7-eonmol-competition-submission,2024,A2A_20260926_233754,ADMET 分级 C(风险较高)
C0272,赛道 3 · 离子通道/GPCR 小分子药物虚拟筛选 · 子任务 2,CCc1ccc(C(F)(F)F)c2nc(N3CCCC(O)C3)[nH]c12,results/structures/cand272_mol_7a860c08_73f83d566c67.sdf,1.576,0.896,3.2,0.223,-9.63,B,,,313.32,3.105,52.15,-4.13,2.0,3.0,2,3.0,0,1,,,c1ccc2[nH]c(N3CCCCC3)nc2c1,2,272,A2A,"7-eonmol (Pocket2Mol 等变图神经网络 + 口袋引导束搜索, GPCR 微调版)","7-eonmol_ft_gpcr_v2.pt — 本项目自训, 经两轮 A/B(种子 2024/2025)晋级; 基线为 ICML 2022 官方权重",7-eonmol-competition-submission,2024,A2A_20260926_233754,
C0273,赛道 3 · 离子通道/GPCR 小分子药物虚拟筛选 · 子任务 2,O=C1NC(C(F)(F)F)=CCCC2=C1c1ccccc1C2,results/structures/cand273_mol_30a15315_3a864e55672a.sdf,1.468,0.775,3.074,0.255,-9.63,B,,,279.26,3.353,29.1,-4.1,1.0,1.0,0,3.0,0,1,,,O=C1NC=CCCC2=C1c1ccccc1C2,1,273,A2A,"7-eonmol (Pocket2Mol 等变图神经网络 + 口袋引导束搜索, GPCR 微调版)","7-eonmol_ft_gpcr_v2.pt — 本项目自训, 经两轮 A/B(种子 2024/2025)晋级; 基线为 ICML 2022 官方权重",7-eonmol-competition-submission,2024,A2A_20260926_233754,
C0274,赛道 3 · 离子通道/GPCR 小分子药物虚拟筛选 · 子任务 2,CC(=O)N(C(=O)OCC1=CCC=C1)c1cccc(C2=NC(c3cnn(C)c3)=NC2)c1,results/structures/cand274_mol_d7dbb045_9b3aa5084610.sdf,1.418,0.767,3.495,0.27,-9.63,A,,,403.44,3.045,89.15,-4.57,0.0,6.0,5,4.0,0,0,,,O=C(Nc1cccc(C2=NC(c3cn[nH]c3)=NC2)c1)OCC1=CCC=C1,1,274,A2A,"7-eonmol (Pocket2Mol 等变图神经网络 + 口袋引导束搜索, GPCR 微调版)","7-eonmol_ft_gpcr_v2.pt — 本项目自训, 经两轮 A/B(种子 2024/2025)晋级; 基线为 ICML 2022 官方权重",7-eonmol-competition-submission,2024,A2A_20260926_233754,
C0275,赛道 3 · 离子通道/GPCR 小分子药物虚拟筛选 · 子任务 2,CCCCc1c(OC)cc2c3c(C)cc(CC4=CCCC(=O)N4)cc3n3c(=O)[nH]c(=O)c1c23,results/structures/cand275_mol_c82eed65_7b49da6db010.sdf,1.137,0.473,3.356,0.224,-9.63,A,,,445.52,3.728,92.67,-5.36,2.0,4.0,6,5.0,0,0,,,O=C1CCC=C(Cc2ccc3c4cccc5c(=O)[nH]c(=O)n(c3c2)c54)N1,1,275,A2A,"7-eonmol (Pocket2Mol 等变图神经网络 + 口袋引导束搜索, GPCR 微调版)","7-eonmol_ft_gpcr_v2.pt — 本项目自训, 经两轮 A/B(种子 2024/2025)晋级; 基线为 ICML 2022 官方权重",7-eonmol-competition-submission,2024,A2A_20260926_233754,
C0276,赛道 3 · 离子通道/GPCR 小分子药物虚拟筛选 · 子任务 2,CC(=O)N(Cc1cccc(=O)n1C)c1cc2cccc(NC(=O)C(F)(F)F)c2cn1,results/structures/cand276_mol_3c289101_450507b6a1b3.sdf,1.418,0.706,2.879,0.348,-9.62,B,,,418.38,2.987,84.3,-4.7,1.0,4.0,4,3.0,0,2,,,O=c1cccc(CNc2cc3ccccc3cn2)[nH]1,1,276,A2A,"7-eonmol (Pocket2Mol 等变图神经网络 + 口袋引导束搜索, GPCR 微调版)","7-eonmol_ft_gpcr_v2.pt — 本项目自训, 经两轮 A/B(种子 2024/2025)晋级; 基线为 ICML 2022 官方权重",7-eonmol-competition-submission,2024,A2A_20260926_233754,
C0277,赛道 3 · 离子通道/GPCR 小分子药物虚拟筛选 · 子任务 2,CCc1cnc2ccccc2c1NC(=O)n1cnnc1-c1ccccc1,results/structures/cand277_mol_9877fc9b_e552346620a4.sdf,1.357,0.607,2.497,0.364,-9.62,B,,,343.39,4.136,72.7,-5.2,1.0,4.0,3,4.0,0,1,,,O=C(Nc1ccnc2ccccc12)n1cnnc1-c1ccccc1,1,277,A2A,"7-eonmol (Pocket2Mol 等变图神经网络 + 口袋引导束搜索, GPCR 微调版)","7-eonmol_ft_gpcr_v2.pt — 本项目自训, 经两轮 A/B(种子 2024/2025)晋级; 基线为 ICML 2022 官方权重",7-eonmol-competition-submission,2024,A2A_20260926_233754,
C0278,赛道 3 · 离子通道/GPCR 小分子药物虚拟筛选 · 子任务 2,Cc1c(CCNC(=O)C(C)CC(=O)NC2CCCNC2=O)c(C)n2c1CC(=C1C=CC=CC1)CC2=O,results/structures/cand278_mol_af08632c_ea3bbad52c7c.sdf,1.11,0.543,4.332,0.212,-9.62,A,,,492.62,2.584,109.3,-4.67,3.0,4.0,7,4.0,0,0,,,O=C(CCC(=O)NC1CCCNC1=O)NCCc1cc2n(c1)C(=O)CC(=C1C=CC=CC1)C2,1,278,A2A,"7-eonmol (Pocket2Mol 等变图神经网络 + 口袋引导束搜索, GPCR 微调版)","7-eonmol_ft_gpcr_v2.pt — 本项目自训, 经两轮 A/B(种子 2024/2025)晋级; 基线为 ICML 2022 官方权重",7-eonmol-competition-submission,2024,A2A_20260926_233754,
C0279,赛道 3 · 离子通道/GPCR 小分子药物虚拟筛选 · 子任务 2,COC(=O)CCN1CCc2c(CCCN3CC(O)CCC3=O)cccc2C1=O,results/structures/cand279_mol_d4029cd8_228573238e80.sdf,1.401,0.709,3.078,0.235,-9.61,A,,,388.46,1.164,87.15,-2.98,1.0,5.0,7,3.0,0,0,,,O=C1NCCc2c(CCCN3CCCCC3=O)cccc21,1,279,A2A,"7-eonmol (Pocket2Mol 等变图神经网络 + 口袋引导束搜索, GPCR 微调版)","7-eonmol_ft_gpcr_v2.pt — 本项目自训, 经两轮 A/B(种子 2024/2025)晋级; 基线为 ICML 2022 官方权重",7-eonmol-competition-submission,2024,A2A_20260926_233754,
C0280,赛道 3 · 离子通道/GPCR 小分子药物虚拟筛选 · 子任务 2,CCCOC(=O)C(CCC)c1ccc2c(C3CN(C(=O)CC4CCNC4)CCO3)cc(F)cc2n1,results/structures/cand280_mol_97c6689f_d27df06ed624.sdf,1.143,0.539,3.959,0.255,-9.61,C,,,485.6,4.11,80.76,-5.76,1.0,6.0,9,4.0,0,3,,,O=C(CC1CCNC1)N1CCOC(c2cccc3ncccc23)C1,4,280,A2A,"7-eonmol (Pocket2Mol 等变图神经网络 + 口袋引导束搜索, GPCR 微调版)","7-eonmol_ft_gpcr_v2.pt — 本项目自训, 经两轮 A/B(种子 2024/2025)晋级; 基线为 ICML 2022 官方权重",7-eonmol-competition-submission,2024,A2A_20260926_233754,ADMET 分级 C(风险较高)
C0281,赛道 3 · 离子通道/GPCR 小分子药物虚拟筛选 · 子任务 2,CCc1cn(-c2cccc(C(=O)N(C(=O)O)c3ccccc3)c2)nc1C(=O)O,results/structures/cand281_mol_eac74d87_d39966a08e7d.sdf,1.453,0.702,2.49,0.308,-9.6,A,,,379.37,3.458,112.73,-4.81,2.0,4.0,5,3.0,0,0,,,O=C(Nc1ccccc1)c1cccc(-n2cccn2)c1,1,281,A2A,"7-eonmol (Pocket2Mol 等变图神经网络 + 口袋引导束搜索, GPCR 微调版)","7-eonmol_ft_gpcr_v2.pt — 本项目自训, 经两轮 A/B(种子 2024/2025)晋级; 基线为 ICML 2022 官方权重",7-eonmol-competition-submission,2024,A2A_20260926_233754,
C0282,赛道 3 · 离子通道/GPCR 小分子药物虚拟筛选 · 子任务 2,O=C(NCc1cccc2ccccc12)C(F)(F)F,results/structures/cand282_mol_82cce384_adb67737fd37.sdf,1.691,0.875,1.839,0.333,-9.59,B,,,253.22,3.018,29.1,-3.73,1.0,1.0,2,2.0,0,1,,,c1ccc2ccccc2c1,2,282,A2A,"7-eonmol (Pocket2Mol 等变图神经网络 + 口袋引导束搜索, GPCR 微调版)","7-eonmol_ft_gpcr_v2.pt — 本项目自训, 经两轮 A/B(种子 2024/2025)晋级; 基线为 ICML 2022 官方权重",7-eonmol-competition-submission,2024,A2A_20260926_233754,
C0283,赛道 3 · 离子通道/GPCR 小分子药物虚拟筛选 · 子任务 2,CC(=O)N(C(=O)OCC1=CCC=C1)c1cccc(C2=NC(c3c(O)cncc3CO)=NC2)c1,results/structures/cand283_mol_d081f790_a1b5ed29a13b.sdf,1.337,0.703,3.659,0.247,-9.57,B,,,446.46,2.905,124.68,-4.72,2.0,8.0,6,4.0,0,1,,,O=C(Nc1cccc(C2=NC(c3ccncc3)=NC2)c1)OCC1=CCC=C1,3,283,A2A,"7-eonmol (Pocket2Mol 等变图神经网络 + 口袋引导束搜索, GPCR 微调版)","7-eonmol_ft_gpcr_v2.pt — 本项目自训, 经两轮 A/B(种子 2024/2025)晋级; 基线为 ICML 2022 官方权重",7-eonmol-competition-submission,2024,A2A_20260926_233754,
C0284,赛道 3 · 离子通道/GPCR 小分子药物虚拟筛选 · 子任务 2,CC(O)CN1c2nc3cc(F)cc(C4CN(C(=O)CC5CCNC5)CCO4)c3cc2C(=O)CC1C,results/structures/cand284_mol_2c603797_278d15f16450.sdf,1.244,0.673,4.297,0.216,-9.57,B,,,484.57,2.436,95.0,-4.6,2.0,7.0,5,5.0,0,2,,,O=C1CCNc2nc3cccc(C4CN(C(=O)CC5CCNC5)CCO4)c3cc21,1,284,A2A,"7-eonmol (Pocket2Mol 等变图神经网络 + 口袋引导束搜索, GPCR 微调版)","7-eonmol_ft_gpcr_v2.pt — 本项目自训, 经两轮 A/B(种子 2024/2025)晋级; 基线为 ICML 2022 官方权重",7-eonmol-competition-submission,2024,A2A_20260926_233754,
C0285,赛道 3 · 离子通道/GPCR 小分子药物虚拟筛选 · 子任务 2,Cc1cccc(CCNC(=O)Cc2cccnc2C(=O)NC(C)CN2C=C(CO)C=CC2)c1,results/structures/cand285_mol_8272d5b4_709a026b246d.sdf,1.174,0.518,3.436,0.299,-9.57,B,,,448.57,2.158,94.56,-4.08,3.0,5.0,10,3.0,0,2,,,O=C(Cc1cccnc1C(=O)NCCN1C=CC=CC1)NCCc1ccccc1,1,285,A2A,"7-eonmol (Pocket2Mol 等变图神经网络 + 口袋引导束搜索, GPCR 微调版)","7-eonmol_ft_gpcr_v2.pt — 本项目自训, 经两轮 A/B(种子 2024/2025)晋级; 基线为 ICML 2022 官方权重",7-eonmol-competition-submission,2024,A2A_20260926_233754,
C0286,赛道 3 · 离子通道/GPCR 小分子药物虚拟筛选 · 子任务 2,CCN(C(C)=O)C1=NC(=O)c2c(C)c(CCNC(=O)C3CCCCCC3)c(C)n2C1=O,results/structures/cand286_mol_62d5f0c0_3bcd986e3c71.sdf,1.419,0.729,3.102,0.213,-9.56,B,,,428.53,2.795,100.84,-4.47,1.0,4.0,5,3.0,0,1,,,O=C1N=CC(=O)n2cc(CCNC(=O)C3CCCCCC3)cc21,4,286,A2A,"7-eonmol (Pocket2Mol 等变图神经网络 + 口袋引导束搜索, GPCR 微调版)","7-eonmol_ft_gpcr_v2.pt — 本项目自训, 经两轮 A/B(种子 2024/2025)晋级; 基线为 ICML 2022 官方权重",7-eonmol-competition-submission,2024,A2A_20260926_233754,
C0287,赛道 3 · 离子通道/GPCR 小分子药物虚拟筛选 · 子任务 2,Cc1c(CCNC(=O)C(C)CC(=O)NC(C)C(=O)O)c(C)n2c1CC(=C1C=CC=CC1)CC2=O,results/structures/cand287_mol_2582d124_018c91a7597a.sdf,1.12,0.543,4.233,0.225,-9.56,A,,,467.57,2.778,117.5,-4.63,3.0,4.0,8,3.0,0,0,,,O=C1CC(=C2C=CC=CC2)Cc2cccn21,2,287,A2A,"7-eonmol (Pocket2Mol 等变图神经网络 + 口袋引导束搜索, GPCR 微调版)","7-eonmol_ft_gpcr_v2.pt — 本项目自训, 经两轮 A/B(种子 2024/2025)晋级; 基线为 ICML 2022 官方权重",7-eonmol-competition-submission,2024,A2A_20260926_233754,
C0288,赛道 3 · 离子通道/GPCR 小分子药物虚拟筛选 · 子任务 2,O=C(N1CC=C2CNC3=CC4=C(CCO4)CC3=C21)n1cnnc1-c1ccccc1,results/structures/cand288_mol_806ff94d_806ff94d7d70.sdf,1.432,0.817,3.852,0.289,-9.55,B,,,385.43,2.975,72.28,-4.5,1.0,5.0,1,6.0,0,1,,,O=C(N1CC=C2CNC3=CC4=C(CCO4)CC3=C21)n1cnnc1-c1ccccc1,1,288,A2A,"7-eonmol (Pocket2Mol 等变图神经网络 + 口袋引导束搜索, GPCR 微调版)","7-eonmol_ft_gpcr_v2.pt — 本项目自训, 经两轮 A/B(种子 2024/2025)晋级; 基线为 ICML 2022 官方权重",7-eonmol-competition-submission,2024,A2A_20260926_233754,
C0289,赛道 3 · 离子通道/GPCR 小分子药物虚拟筛选 · 子任务 2,CCC1C=CN2C(=N1)C=Cc1cnc(N3CCC(C(=O)O)CC3)nc12,results/structures/cand289_mol_6ebbfa7c_c6b71c63e992.sdf,1.52,0.91,3.897,0.266,-9.54,A,,,339.4,2.315,81.92,-3.62,1.0,6.0,3,4.0,0,0,,,C1=CN2C(=NC1)C=Cc1cnc(N3CCCCC3)nc12,1,289,A2A,"7-eonmol (Pocket2Mol 等变图神经网络 + 口袋引导束搜索, GPCR 微调版)","7-eonmol_ft_gpcr_v2.pt — 本项目自训, 经两轮 A/B(种子 2024/2025)晋级; 基线为 ICML 2022 官方权重",7-eonmol-competition-submission,2024,A2A_20260926_233754,
C0290,赛道 3 · 离子通道/GPCR 小分子药物虚拟筛选 · 子任务 2,CC(=O)N(Cc1cc(-c2ccccc2)cc(=O)n1C)c1cc2cccc(NC(=O)C(F)(F)F)c2cn1,results/structures/cand290_mol_36d23126_bbfaf41b9fc1.sdf,1.15,0.438,2.881,0.325,-9.54,C,,,494.47,4.654,84.3,-6.43,1.0,4.0,5,4.0,0,4,,,O=c1cc(-c2ccccc2)cc(CNc2cc3ccccc3cn2)[nH]1,1,290,A2A,"7-eonmol (Pocket2Mol 等变图神经网络 + 口袋引导束搜索, GPCR 微调版)","7-eonmol_ft_gpcr_v2.pt — 本项目自训, 经两轮 A/B(种子 2024/2025)晋级; 基线为 ICML 2022 官方权重",7-eonmol-competition-submission,2024,A2A_20260926_233754,ADMET 分级 C(风险较高)
C0291,赛道 3 · 离子通道/GPCR 小分子药物虚拟筛选 · 子任务 2,Cc1cc2c(nn1)CCN2C(=O)n1cnnc1-c1ccccc1,results/structures/cand291_mol_87b5085e_574cccdc4c2e.sdf,1.395,0.688,2.921,0.351,-9.53,A,,,306.33,2.074,76.8,-3.46,0.0,5.0,1,4.0,0,0,,,O=C(N1CCc2nnccc21)n1cnnc1-c1ccccc1,1,291,A2A,"7-eonmol (Pocket2Mol 等变图神经网络 + 口袋引导束搜索, GPCR 微调版)","7-eonmol_ft_gpcr_v2.pt — 本项目自训, 经两轮 A/B(种子 2024/2025)晋级; 基线为 ICML 2022 官方权重",7-eonmol-competition-submission,2024,A2A_20260926_233754,
C0292,赛道 3 · 离子通道/GPCR 小分子药物虚拟筛选 · 子任务 2,Cn1cc(CC(=O)N2CCOCC2)cc1Cc1ccccc1F,results/structures/cand292_mol_ec83eeae_6ec234251424.sdf,1.618,0.866,2.483,0.305,-9.52,B,,,316.38,2.156,34.47,-3.42,0.0,2.0,4,3.0,0,1,,,O=C(Cc1c[nH]c(Cc2ccccc2)c1)N1CCOCC1,1,292,A2A,"7-eonmol (Pocket2Mol 等变图神经网络 + 口袋引导束搜索, GPCR 微调版)","7-eonmol_ft_gpcr_v2.pt — 本项目自训, 经两轮 A/B(种子 2024/2025)晋级; 基线为 ICML 2022 官方权重",7-eonmol-competition-submission,2024,A2A_20260926_233754,
C0293,赛道 3 · 离子通道/GPCR 小分子药物虚拟筛选 · 子任务 2,O=C1NC(C(F)(F)F)=CCC2CCN3Nc4ccccc4C1=C23,results/structures/cand293_mol_68668a5c_01979736409a.sdf,1.385,0.772,3.872,0.256,-9.52,C,,,321.3,3.026,44.37,-4.11,2.0,3.0,0,4.0,0,3,,,O=C1NC=CCC2CCN3Nc4ccccc4C1=C23,2,293,A2A,"7-eonmol (Pocket2Mol 等变图神经网络 + 口袋引导束搜索, GPCR 微调版)","7-eonmol_ft_gpcr_v2.pt — 本项目自训, 经两轮 A/B(种子 2024/2025)晋级; 基线为 ICML 2022 官方权重",7-eonmol-competition-submission,2024,A2A_20260926_233754,ADMET 分级 C(风险较高)
C0294,赛道 3 · 离子通道/GPCR 小分子药物虚拟筛选 · 子任务 2,O=C(Nc1ccnc2c1CC=CN2)n1cnnc1-c1ccccc1,results/structures/cand294_mol_1a14969b_1a14969b2cd2.sdf,1.453,0.759,3.059,0.333,-9.51,B,,,318.34,2.902,84.73,-4.11,2.0,5.0,2,4.0,0,2,,,O=C(Nc1ccnc2c1CC=CN2)n1cnnc1-c1ccccc1,1,294,A2A,"7-eonmol (Pocket2Mol 等变图神经网络 + 口袋引导束搜索, GPCR 微调版)","7-eonmol_ft_gpcr_v2.pt — 本项目自训, 经两轮 A/B(种子 2024/2025)晋级; 基线为 ICML 2022 官方权重",7-eonmol-competition-submission,2024,A2A_20260926_233754,
C0295,赛道 3 · 离子通道/GPCR 小分子药物虚拟筛选 · 子任务 2,CC(C)CCN1C(=O)C(C2Cc3cccc(NC(=O)C(F)(F)F)c3C=N2)OC1C,results/structures/cand295_mol_95531f51_880b9414b364.sdf,1.376,0.809,4.336,0.266,-9.5,B,,,411.42,3.151,71.0,-4.64,1.0,4.0,5,3.0,0,2,,,O=C1NCOC1C1Cc2ccccc2C=N1,1,295,A2A,"7-eonmol (Pocket2Mol 等变图神经网络 + 口袋引导束搜索, GPCR 微调版)","7-eonmol_ft_gpcr_v2.pt — 本项目自训, 经两轮 A/B(种子 2024/2025)晋级; 基线为 ICML 2022 官方权重",7-eonmol-competition-submission,2024,A2A_20260926_233754,
C0296,赛道 3 · 离子通道/GPCR 小分子药物虚拟筛选 · 子任务 2,COc1cc(O)ccc1N(Cc1cc(C(=O)NCC2CCCCC2)ccc1F)C(=O)O,results/structures/cand296_mol_9cbd54ed_2961f0a434f6.sdf,1.355,0.599,2.446,0.305,-9.49,B,,,430.48,4.535,99.1,-5.81,3.0,4.0,7,3.0,0,1,,,O=C(NCC1CCCCC1)c1cccc(CNc2ccccc2)c1,1,296,A2A,"7-eonmol (Pocket2Mol 等变图神经网络 + 口袋引导束搜索, GPCR 微调版)","7-eonmol_ft_gpcr_v2.pt — 本项目自训, 经两轮 A/B(种子 2024/2025)晋级; 基线为 ICML 2022 官方权重",7-eonmol-competition-submission,2024,A2A_20260926_233754,
C0297,赛道 3 · 离子通道/GPCR 小分子药物虚拟筛选 · 子任务 2,CC(=O)N(C(=O)OCC1=CCC=C1)c1cccc(C2=NC(c3c(O)cncc3C(=O)O)=NC2)c1,results/structures/cand297_mol_d081f790_b77558a2b01c.sdf,1.312,0.674,3.624,0.235,-9.48,B,,,460.45,3.111,141.75,-4.95,2.0,8.0,6,4.0,0,1,,,O=C(Nc1cccc(C2=NC(c3ccncc3)=NC2)c1)OCC1=CCC=C1,3,297,A2A,"7-eonmol (Pocket2Mol 等变图神经网络 + 口袋引导束搜索, GPCR 微调版)","7-eonmol_ft_gpcr_v2.pt — 本项目自训, 经两轮 A/B(种子 2024/2025)晋级; 基线为 ICML 2022 官方权重",7-eonmol-competition-submission,2024,A2A_20260926_233754,
C0298,赛道 3 · 离子通道/GPCR 小分子药物虚拟筛选 · 子任务 2,O=C(O)C1Cc2ccccc2N1c1ccc(O)cc1,results/structures/cand298_mol_ca20e976_e3b7bad794ed.sdf,1.619,0.865,2.463,0.3,-9.45,A,,,255.27,2.54,60.77,-3.42,2.0,3.0,2,3.0,0,0,,,c1ccc(N2CCc3ccccc32)cc1,2,298,A2A,"7-eonmol (Pocket2Mol 等变图神经网络 + 口袋引导束搜索, GPCR 微调版)","7-eonmol_ft_gpcr_v2.pt — 本项目自训, 经两轮 A/B(种子 2024/2025)晋级; 基线为 ICML 2022 官方权重",7-eonmol-competition-submission,2024,A2A_20260926_233754,
C0299,赛道 3 · 离子通道/GPCR 小分子药物虚拟筛选 · 子任务 2,COc1ccc2cc(CCN(C(C)=O)C(=O)CN3C=CC=CC3)ccc2c1,results/structures/cand299_mol_2ca06a11_2bce203f4615.sdf,1.505,0.79,2.852,0.288,-9.45,B,,,364.45,3.152,49.85,-4.38,0.0,4.0,6,3.0,0,2,,,O=C(CN1C=CC=CC1)NCCc1ccc2ccccc2c1,1,299,A2A,"7-eonmol (Pocket2Mol 等变图神经网络 + 口袋引导束搜索, GPCR 微调版)","7-eonmol_ft_gpcr_v2.pt — 本项目自训, 经两轮 A/B(种子 2024/2025)晋级; 基线为 ICML 2022 官方权重",7-eonmol-competition-submission,2024,A2A_20260926_233754,
C0300,赛道 3 · 离子通道/GPCR 小分子药物虚拟筛选 · 子任务 2,CCCNC1=NC(=O)c2c(C)c(CCNC(=O)C3CCNCC3C)c(C)n2C1=O,results/structures/cand300_mol_9d7a7816_2df56e251d71.sdf,1.266,0.664,3.983,0.224,-9.45,A,,,401.51,1.201,104.59,-3.1,3.0,5.0,6,3.0,0,0,,,O=C1N=CC(=O)n2cc(CCNC(=O)C3CCNCC3)cc21,3,300,A2A,"7-eonmol (Pocket2Mol 等变图神经网络 + 口袋引导束搜索, GPCR 微调版)","7-eonmol_ft_gpcr_v2.pt — 本项目自训, 经两轮 A/B(种子 2024/2025)晋级; 基线为 ICML 2022 官方权重",7-eonmol-competition-submission,2024,A2A_20260926_233754,
