sdf,relax_energy_kcal,final_energy_kcal,forcefield
mol_000bd7f9_43d267dfd441.sdf,0.0,5.58,MMFF
mol_001d2364_26ff75fb1182.sdf,0.0,10.73,MMFF
mol_00379cd7_8165b2cfa1ef.sdf,0.0,19.94,MMFF
mol_005649cc_b1996e0894be.sdf,0.0,30.69,MMFF
mol_0059012f_c6a3794a28d6.sdf,0.0,72.02,MMFF
mol_0068dfee_9d12b3d335e8.sdf,0.0,8.07,MMFF
mol_006df0ac_ec4568b298d6.sdf,0.0,42.59,MMFF
mol_00857e08_00857e08da67.sdf,0.0,115.96,MMFF
mol_00945ec3_3ad8b6f080fc.sdf,0.0,13.85,MMFF
mol_00ab64b7_4cd42e1f6327.sdf,0.0,28.53,MMFF
mol_00d31ff5_13f1c1fbffca.sdf,0.0,34.69,MMFF
mol_00d31ff5_3dc1d65f63be.sdf,0.0,29.55,MMFF
mol_00d31ff5_4b1436179c27.sdf,0.0,16.6,MMFF
mol_00d31ff5_5963b62c44f2.sdf,0.0,33.46,MMFF
mol_00d31ff5_6c39cc54513c.sdf,0.0,32.64,MMFF
mol_00d31ff5_6cdcd8dd4d8c.sdf,0.0,21.04,MMFF
mol_00d31ff5_6e85dcc9e7dc.sdf,0.0,-0.34,MMFF
mol_00d31ff5_75f90962653a.sdf,0.0,28.02,MMFF
mol_00d31ff5_7d9536d2513b.sdf,0.0,35.8,MMFF
mol_00d31ff5_813538d1deba.sdf,0.0,23.42,MMFF
mol_00d31ff5_9ef663a5e489.sdf,0.0,17.44,MMFF
mol_00d31ff5_b323748ead54.sdf,0.0,17.39,MMFF
mol_00d31ff5_ea8828db3781.sdf,0.0,8.93,MMFF
mol_00d31ff5_f61362971a72.sdf,0.0,14.04,MMFF
mol_00f16a27_fc3a940bbe3f.sdf,0.0,103.74,MMFF
mol_00f94d10_a81f1f3ce00b.sdf,0.0,-1.74,MMFF
mol_01135bb9_865ed2e61c11.sdf,0.0,19.62,MMFF
mol_01135bb9_cd8bd9569430.sdf,0.0,21.97,MMFF
mol_01139f32_190b145b723f.sdf,0.0,27.49,MMFF
mol_01139f32_4e5bf41399da.sdf,0.0,42.24,MMFF
mol_01139f32_8a568be833db.sdf,0.0,43.75,MMFF
mol_01139f32_b172d85be9a7.sdf,0.0,43.84,MMFF
mol_01139f32_d8277501454f.sdf,0.0,54.36,MMFF
mol_011a30f5_385dbaa64974.sdf,0.0,23.95,MMFF
mol_011a8e08_7f11e6a9ef5b.sdf,0.0,49.82,MMFF
mol_011a8e08_9c1e14a5717a.sdf,0.0,68.04,MMFF
mol_011a8e08_dac3168da568.sdf,0.0,77.19,MMFF
mol_0132dadc_45180a1ac887.sdf,0.0,-25.56,MMFF
mol_0132dadc_65fa13263b18.sdf,0.0,-24.27,MMFF
mol_0132dadc_75014a9498af.sdf,0.0,-24.4,MMFF
mol_0132dadc_8fe57028efec.sdf,0.0,-40.86,MMFF
mol_0132dadc_9604f32f231b.sdf,0.0,-4.26,MMFF
mol_0132dadc_a54e2a0e42ef.sdf,0.0,-28.17,MMFF
mol_0132dadc_afdf74cbed55.sdf,0.0,-25.26,MMFF
mol_0132dadc_b88d0dcc91d1.sdf,0.0,-26.27,MMFF
mol_0132dadc_d9584c45543b.sdf,0.0,-16.89,MMFF
mol_0132dadc_dedddc2e0598.sdf,0.0,-12.93,MMFF
mol_0132dadc_ed16f4623cb3.sdf,0.0,-20.52,MMFF
mol_013646d9_98590eb90928.sdf,0.0,10.22,MMFF
mol_0152b1aa_30020a509961.sdf,0.0,-66.28,MMFF
mol_0155e904_07f3c87945e4.sdf,0.0,30.64,MMFF
mol_0155e904_18072ef6558f.sdf,0.0,7.81,MMFF
mol_0155e904_1bddd3274572.sdf,0.0,28.19,MMFF
mol_0155e904_2047dc353799.sdf,0.0,7.22,MMFF
mol_0155e904_2d846436eeb7.sdf,0.0,-2.45,MMFF
mol_0155e904_35ebe09340c2.sdf,0.0,9.44,MMFF
mol_0155e904_4432e4c2230d.sdf,0.0,31.23,MMFF
mol_0155e904_4ebd95616668.sdf,0.0,-7.13,MMFF
mol_0155e904_58cca68c9f51.sdf,0.0,5.4,MMFF
mol_0155e904_8db86d13be0b.sdf,0.0,1.59,MMFF
mol_0155e904_9123bd573900.sdf,0.0,30.87,MMFF
mol_0155e904_9c09cefeed90.sdf,0.0,-4.19,MMFF
mol_0155e904_a08d8650c01b.sdf,0.0,17.24,MMFF
mol_0155e904_ac323cc741ac.sdf,0.0,43.75,MMFF
mol_0155e904_acc7aeb5b599.sdf,0.0,10.6,MMFF
mol_0155e904_e422391212ab.sdf,0.0,-3.22,MMFF
mol_0155e904_ef7640844360.sdf,0.0,6.51,MMFF
mol_0155e904_fed43e5253ef.sdf,0.0,15.33,MMFF
mol_016bde79_becb4aa222b0.sdf,0.0,66.34,MMFF
mol_01856b0b_cb748e26ad56.sdf,0.0,-19.69,MMFF
mol_01871f6d_504cee830a3d.sdf,0.0,18.73,MMFF
mol_01871f6d_9a6d034769b4.sdf,0.0,17.05,MMFF
mol_01b0c246_e2164118f668.sdf,0.0,90.84,MMFF
mol_01dd7c22_3cc698083b4c.sdf,0.0,58.76,MMFF
mol_01e959cc_3a7650246260.sdf,0.0,-27.32,MMFF
mol_02422fe9_3b465783a217.sdf,0.0,22.03,MMFF
mol_02422fe9_7c8700ee598c.sdf,0.0,6.01,MMFF
mol_02647e96_7743789e2951.sdf,0.0,98.57,MMFF
mol_027dd436_4db939ef624a.sdf,0.0,-29.01,MMFF
mol_027dd436_54f6253cecd5.sdf,0.0,-37.49,MMFF
mol_027dd436_9acbdd3468c6.sdf,0.0,-21.46,MMFF
mol_027dd436_d2048591d540.sdf,0.0,-35.79,MMFF
mol_028f7c1b_2a93ff1e2b16.sdf,0.0,1.94,MMFF
mol_02b64f5e_e139b1d677e2.sdf,0.0,75.97,MMFF
mol_02b6c796_6db51a4a626a.sdf,0.0,91.84,MMFF
mol_02b72ab2_ab362a57fd40.sdf,0.0,133.3,MMFF
mol_02cab0b5_fee1da8ed932.sdf,0.0,64.6,MMFF
mol_03148b8f_0493346559b5.sdf,0.0,-12.81,MMFF
mol_03482db1_0a209a410d08.sdf,0.0,94.04,MMFF
mol_03545544_1246130ef2f0.sdf,0.0,107.75,MMFF
mol_03545544_9347f6fe2d2a.sdf,0.0,87.62,MMFF
mol_03780c3d_223daced77ad.sdf,0.0,55.34,MMFF
mol_03c72730_62d80ceb15cd.sdf,0.0,42.43,MMFF
mol_03c72730_9a9986103e08.sdf,0.0,36.94,MMFF
mol_03d10315_998b5ef41329.sdf,0.0,-34.92,MMFF
mol_03dc6891_9a960aa360c2.sdf,0.0,33.33,MMFF
mol_03df3e7a_7d8cc9c29a5a.sdf,0.0,11.37,MMFF
mol_03fbdc2e_19f6603dcee2.sdf,0.0,113.65,MMFF
mol_03fbdc2e_30503ad0501c.sdf,0.0,97.58,MMFF
mol_04141565_f4f7df33cf7b.sdf,0.0,7.29,MMFF
mol_041fbd93_73297229a9ef.sdf,0.0,63.63,MMFF
mol_041fd8c8_437e1ccc5855.sdf,0.0,117.45,MMFF
mol_041fd8c8_53cf77ee040c.sdf,0.0,89.43,MMFF
mol_0452685d_2be9f8521b1e.sdf,0.0,88.09,MMFF
mol_0452685d_9383e2d41018.sdf,0.0,78.34,MMFF
mol_0452685d_b5e8d0e1cd98.sdf,0.0,72.03,MMFF
mol_045d84ea_b6e21f9e7174.sdf,0.0,26.49,MMFF
mol_0460536a_d4ecfaf29e82.sdf,0.0,160.49,MMFF
mol_049cc181_b7bcb03a238c.sdf,0.0,147.74,MMFF
mol_049cc181_d4dffb4dfe0a.sdf,0.0,163.55,MMFF
mol_04c0be3a_d2b1f834f39e.sdf,0.0,64.12,MMFF
mol_04de28b4_ec5114e6ddfa.sdf,0.0,97.09,MMFF
mol_04e24d58_47337b46018f.sdf,0.0,23.95,MMFF
mol_04e24d58_eb28dedea65d.sdf,0.0,43.97,MMFF
mol_04ef2d0b_50bbe8490e9e.sdf,0.0,2.27,MMFF
mol_04ef2d0b_b3a44c915cd8.sdf,0.0,4.25,MMFF
mol_04ef2d0b_b3bd6bf95c77.sdf,0.0,-8.22,MMFF
mol_05200f5e_ac5939d0cbce.sdf,0.0,-19.42,MMFF
mol_052925c7_052925c7e578.sdf,0.0,26.67,MMFF
mol_0548cc4e_89f410a70f59.sdf,0.0,3.58,MMFF
mol_05501e01_dab75e7bc43d.sdf,0.0,74.95,MMFF
mol_05603d36_18a99f10891f.sdf,0.0,48.77,MMFF
mol_0567c67b_0567c67bd982.sdf,0.0,101.39,MMFF
mol_05912345_0591234504e1.sdf,0.0,67.76,MMFF
mol_05a2bc9f_407ba32dcd17.sdf,0.0,43.62,MMFF
mol_05c314c3_7cf7db6680f2.sdf,0.0,84.06,MMFF
mol_05c314c3_824eadd35244.sdf,0.0,84.84,MMFF
mol_05c314c3_851fa3af87ea.sdf,0.0,86.69,MMFF
mol_05ec805d_31f4b1add1b3.sdf,0.0,78.79,MMFF
mol_05f0388f_0d188e97645e.sdf,0.0,78.11,MMFF
mol_05f0388f_3ef081fecd37.sdf,0.0,71.02,MMFF
mol_05f79db9_bc56bec365f3.sdf,0.0,102.59,MMFF
mol_06026698_469e1db7b92c.sdf,0.0,81.22,MMFF
mol_0649e957_51ae69cbd806.sdf,0.0,48.13,MMFF
mol_0649e957_aad9e3a65dc6.sdf,0.0,62.64,MMFF
mol_0649e957_f4aad3df95cf.sdf,0.0,59.67,MMFF
mol_065db30e_400606cc7851.sdf,0.0,39.37,MMFF
mol_071397bc_e7bffd2163ac.sdf,0.0,32.8,MMFF
mol_0724fa00_dbfc8a01241c.sdf,0.0,-20.78,MMFF
mol_075d0365_5260d74605d8.sdf,0.0,61.17,MMFF
mol_075d0365_98e304eea1d1.sdf,0.0,68.52,MMFF
mol_075d0365_d51660068d4e.sdf,0.0,58.64,MMFF
mol_076003c5_175b754e3b75.sdf,0.0,30.14,MMFF
mol_076003c5_1afe24aa530c.sdf,0.0,59.08,MMFF
mol_076003c5_65a99af76c09.sdf,0.0,52.93,MMFF
mol_076003c5_8332eb0d864e.sdf,0.0,35.35,MMFF
mol_076003c5_b1f10af4b22c.sdf,0.0,38.39,MMFF
mol_076003c5_be42d6ebbc77.sdf,0.0,44.09,MMFF
mol_076b5fee_43ec2b7ff0d6.sdf,0.0,-31.93,MMFF
mol_076b5fee_c49308dee869.sdf,0.0,13.49,MMFF
mol_076c4d7b_40ed15dae726.sdf,0.0,51.52,MMFF
mol_079565be_ba367c62aa55.sdf,0.0,58.37,MMFF
mol_079565be_ebed05bbd040.sdf,0.0,55.56,MMFF
mol_079565be_fa3d06b6b57b.sdf,0.0,34.66,MMFF
mol_079cad92_d8a7ce9fcfeb.sdf,0.0,46.68,MMFF
mol_07aeb022_d69c8e387ecf.sdf,0.0,66.35,MMFF
mol_07aeb022_e0ee37c608df.sdf,0.0,18.26,MMFF
mol_07dda9f4_13ed371d0d2c.sdf,0.0,90.66,MMFF
mol_07dda9f4_623feb143329.sdf,0.0,76.78,MMFF
mol_07dda9f4_936b6821623f.sdf,0.0,62.58,MMFF
mol_07dda9f4_a38e39e0db70.sdf,0.0,78.77,MMFF
mol_07e1ee28_79409f58da84.sdf,0.0,85.06,MMFF
mol_07f2c188_8465bb0fcc30.sdf,0.0,8.82,MMFF
mol_083d03b2_0e77114dce2e.sdf,0.0,24.69,MMFF
mol_083d03b2_3488b4a59bf2.sdf,0.0,28.18,MMFF
mol_085b13f7_c6cb89299fe1.sdf,0.0,1.71,MMFF
mol_085f4e37_4f1fdbe496ab.sdf,0.0,25.84,MMFF
mol_08ae4bad_9dad87be6cd1.sdf,0.0,-173.06,MMFF
mol_08ee8f4c_08f5547d2db3.sdf,0.0,5.96,MMFF
mol_09051072_afe9afb235e1.sdf,0.0,45.55,MMFF
mol_09198ea9_e7de25b77583.sdf,0.0,-57.48,MMFF
mol_096fb541_1d30dc2da7c9.sdf,0.0,-4.69,MMFF
mol_0974116b_ebb883dde6fe.sdf,0.0,75.78,MMFF
mol_09d10051_67aaba4233ac.sdf,0.0,15.29,MMFF
mol_09dfa0a5_3989f83378c7.sdf,0.0,91.34,MMFF
mol_09dfa0a5_8c7061ccfa04.sdf,0.0,80.06,MMFF
mol_09dfa0a5_dc43f15f4e7f.sdf,0.0,85.44,MMFF
mol_09dfa0a5_ff0cc3dca024.sdf,0.0,53.51,MMFF
mol_09ecc854_2c5c2aafef9a.sdf,0.0,55.93,MMFF
mol_09ed812d_4cb4ab8e9fa2.sdf,0.0,3.79,MMFF
mol_0a01f4d8_a3ff8caa1070.sdf,0.0,26.33,MMFF
mol_0a023847_3f0823821896.sdf,0.0,44.75,MMFF
mol_0a596617_6cda010fdf3e.sdf,0.0,4.76,MMFF
mol_0ab1f6ff_51a51905deb1.sdf,0.0,31.58,MMFF
mol_0af04d68_9d8295e1cf25.sdf,0.0,118.75,MMFF
mol_0b3fb910_508551acdc2d.sdf,0.0,48.43,MMFF
mol_0b3fb910_67b194e5b0dd.sdf,0.0,44.85,MMFF
mol_0b7b8d54_4c916f0d80af.sdf,0.0,91.64,MMFF
mol_0b7b8d54_a742edbfe4b8.sdf,0.0,67.58,MMFF
mol_0b7b8d54_b61cdb5bea88.sdf,0.0,92.38,MMFF
mol_0bd10ac2_4eebe411128b.sdf,0.0,48.19,MMFF
mol_0bd1bfb6_df82a3f1e2ee.sdf,0.0,43.71,MMFF
mol_0bf3a210_36d329d30021.sdf,0.0,90.37,MMFF
mol_0bfd1805_52b0b0a03d8d.sdf,0.0,96.16,MMFF
mol_0c3dedd4_2259c8b10628.sdf,0.0,116.36,MMFF
mol_0c40f407_2d10c34e5fd0.sdf,0.0,53.73,MMFF
mol_0c40f407_a1391ada0eae.sdf,0.0,54.52,MMFF
mol_0c789736_a3f22c49a01d.sdf,0.0,-14.23,MMFF
mol_0c789736_bca4c56b72de.sdf,0.0,-25.17,MMFF
mol_0c8d04cd_336246cd684d.sdf,0.0,33.81,MMFF
mol_0c8d04cd_3d63fe0924a2.sdf,0.0,27.1,MMFF
mol_0c8d04cd_a95ee614182d.sdf,0.0,28.71,MMFF
mol_0cd5da47_e966ce1ef536.sdf,0.0,-35.3,MMFF
mol_0d039efb_0acbb31b9ee7.sdf,0.0,58.75,MMFF
mol_0d449bd3_646ad5f8a063.sdf,0.0,29.01,MMFF
mol_0d64499e_eadba72b0142.sdf,0.0,24.98,MMFF
mol_0d76c185_b0f5cdf9d550.sdf,0.0,-0.68,MMFF
mol_0d8377d8_ea48ed661ca2.sdf,0.0,92.64,MMFF
mol_0d924e91_489f181f2f14.sdf,0.0,21.57,MMFF
mol_0d924e91_ea8656333c82.sdf,0.0,10.62,MMFF
mol_0da6074f_c7a864ece496.sdf,0.0,33.83,MMFF
mol_0db128d1_c093df35b956.sdf,0.0,-25.04,MMFF
mol_0dfeda21_cf1770c72cdd.sdf,0.0,52.83,MMFF
mol_0dfeda21_d7085cd4eae0.sdf,0.0,24.75,MMFF
mol_0dfeda21_dc72aa0959f2.sdf,0.0,6.6,MMFF
mol_0e13f0d4_fe2396881a98.sdf,0.0,104.99,MMFF
mol_0e9f3f78_1cf9e7482efb.sdf,0.0,98.06,MMFF
mol_0eaeb493_19c028ad76de.sdf,0.0,16.92,MMFF
mol_0eaeb493_7c9ace520354.sdf,0.0,5.17,MMFF
mol_0eba2014_cece926dbfce.sdf,0.0,31.55,MMFF
mol_0ec0a4b5_fd66c2caf3ee.sdf,0.0,26.49,MMFF
mol_0f095478_bfae526bb38a.sdf,0.0,31.8,MMFF
mol_0f09d50a_03b3fd93feae.sdf,0.0,23.92,MMFF
mol_0f11d100_c49e15c5f324.sdf,0.0,-11.64,MMFF
mol_0f2698fa_11c7174c6fcf.sdf,0.0,58.9,MMFF
mol_0f6c88a6_a6c03b7bc77a.sdf,0.0,159.36,MMFF
mol_0fdbfc15_673f8d8c4b23.sdf,0.0,85.41,MMFF
mol_0fdc69a4_34f16d3cbbca.sdf,0.0,45.49,MMFF
mol_100c3c3f_7c706c486e56.sdf,0.0,27.97,MMFF
mol_10133470_0dcc83e3205c.sdf,0.0,-22.48,MMFF
mol_10133470_3349e7209ec3.sdf,0.0,-12.52,MMFF
mol_10133470_96bab6324908.sdf,0.0,-12.63,MMFF
mol_1043a387_918125695618.sdf,0.0,43.81,MMFF
mol_10481253_509afe3754c1.sdf,0.0,37.3,MMFF
mol_1059acfb_60a6ec7b35bd.sdf,0.0,35.75,MMFF
mol_10767916_29ff85c88c09.sdf,0.0,15.11,MMFF
mol_10997f8c_6caf02d12d91.sdf,0.0,80.83,MMFF
mol_109c6b54_5cf7ff8d2522.sdf,0.0,-74.61,MMFF
mol_10a0be55_570d02dcbadc.sdf,0.0,107.96,MMFF
mol_10b92a48_cb1e20aae959.sdf,0.0,55.25,MMFF
mol_10c10804_02482219f394.sdf,0.0,27.69,MMFF
mol_10c60092_ce3e65a40dd9.sdf,0.0,99.31,MMFF
mol_10cb1cc4_d5569f101514.sdf,0.0,-56.79,MMFF
mol_10cf14e2_a5560dad2cb9.sdf,0.0,49.32,MMFF
mol_10f77fac_fcff24bdb986.sdf,0.0,115.45,MMFF
mol_10fcabb7_219fbf5259df.sdf,0.0,-35.6,MMFF
mol_1109a7be_0e0f4e8ade8e.sdf,0.0,1.12,MMFF
mol_113b8afe_4cfc73ea1911.sdf,0.0,45.77,MMFF
mol_114f9c70_23b1f4d7a8b4.sdf,0.0,-1.67,MMFF
mol_1171cff1_378dc9321541.sdf,0.0,97.0,MMFF
mol_1171cff1_71d9fced6318.sdf,0.0,83.09,MMFF
mol_1171cff1_e7cf378c5a6b.sdf,0.0,56.64,MMFF
mol_119c7d1f_96825bc562a4.sdf,0.0,69.95,MMFF
mol_11a9962f_bbfa6b7bc260.sdf,0.0,32.24,MMFF
mol_11cd8e49_d2a86043c30a.sdf,0.0,41.73,MMFF
mol_1227b992_1227b992a81f.sdf,0.0,63.98,MMFF
mol_122ca7fd_116765629567.sdf,0.0,80.73,MMFF
mol_12307e8b_db93484030d6.sdf,0.0,-31.9,MMFF
mol_124c0e44_333fdde82f3c.sdf,0.0,48.34,MMFF
mol_124c0e44_4318cbdc29bb.sdf,0.0,34.11,MMFF
mol_124c0e44_47fd92958ff1.sdf,0.0,40.01,MMFF
mol_12889295_79fcc8efb7b1.sdf,0.0,37.01,MMFF
mol_128d0927_404ca43b2d3b.sdf,0.0,11.45,MMFF
mol_12a7dc8e_985d84795846.sdf,0.0,-43.66,MMFF
mol_12a83515_86ae27f68030.sdf,0.0,53.63,MMFF
mol_12bc5775_5d22d3b95218.sdf,0.0,58.82,MMFF
mol_12cfb016_616b8c5eb1a1.sdf,0.0,69.68,MMFF
mol_12cfb016_8cf33a3cec7a.sdf,0.0,40.96,MMFF
mol_12e01194_12e01194454b.sdf,0.0,33.87,MMFF
mol_1321e6ae_975876c9a185.sdf,0.0,118.76,MMFF
mol_132b67e9_efc65be2c307.sdf,0.0,70.85,MMFF
mol_1365f7f3_e2832ef86c9e.sdf,0.0,-8.29,MMFF
mol_13c06860_8a305a85733d.sdf,0.0,-21.29,MMFF
mol_13c06860_94836b5ebc7c.sdf,0.0,-26.88,MMFF
mol_13c88909_830924014b50.sdf,0.0,-9.95,MMFF
mol_140162dd_6c71fa6884c8.sdf,0.0,19.16,MMFF
mol_14189e7e_60b248476f40.sdf,0.0,15.45,MMFF
mol_14189e7e_d41371f7850d.sdf,0.0,52.85,MMFF
mol_145638c5_351f127eda0b.sdf,0.0,76.09,MMFF
mol_14906e17_3e69a708daad.sdf,0.0,-27.14,MMFF
mol_14a9f0cd_623e7470e270.sdf,0.0,100.46,MMFF
mol_14c15b6a_2f2bb1246ae7.sdf,0.0,53.93,MMFF
mol_14dfeab0_0bd5c5a99d00.sdf,0.0,64.35,MMFF
mol_14dfeab0_eb67c88b053d.sdf,0.0,50.14,MMFF
mol_14f751a4_41a03fdd1a2f.sdf,0.0,9.82,MMFF
mol_14f751a4_b2fea24796f9.sdf,0.0,-1.83,MMFF
mol_15036b98_03f95fe1063a.sdf,0.0,-43.08,MMFF
mol_156199b3_6802bde38d34.sdf,0.0,14.82,MMFF
mol_1563cd0d_644cc7aa8b77.sdf,0.0,32.52,MMFF
mol_1572a8f1_569949f745ed.sdf,0.0,39.1,MMFF
mol_15c3c7db_763a2b05402b.sdf,0.0,-14.91,MMFF
mol_15c49729_8361b03556f3.sdf,0.0,-1.85,MMFF
mol_15e32726_917042223ace.sdf,0.0,61.19,MMFF
mol_16611330_a9880fb6f930.sdf,0.0,78.12,MMFF
mol_16611330_ecf4e5db23c5.sdf,0.0,78.63,MMFF
mol_166abdd7_2c74df29ce41.sdf,0.0,64.04,MMFF
mol_1673b33d_1a7fc96cf8a1.sdf,0.0,-21.24,MMFF
mol_1674633c_6c65080ff109.sdf,0.0,102.19,MMFF
mol_1674633c_cd7e7bae6ee2.sdf,0.0,100.25,MMFF
mol_16a112cd_30b5a7d34c60.sdf,0.0,81.96,MMFF
mol_16b16f07_9c40979763ae.sdf,0.0,112.61,MMFF
mol_16b16f07_bdc5b0a723e2.sdf,0.0,104.06,MMFF
mol_16b98051_2d1c757fe42a.sdf,0.0,44.62,MMFF
mol_16bf5e3d_7d793f2fdcc9.sdf,0.0,39.34,MMFF
mol_16bf5e3d_f04a2db30fdf.sdf,0.0,45.4,MMFF
mol_16bf5e3d_f0e261e11ca1.sdf,0.0,55.31,MMFF
mol_16d4c268_1b9dfed95ee8.sdf,0.0,31.65,MMFF
mol_16d4c268_80c04baaf344.sdf,0.0,36.13,MMFF
mol_16d4c268_a88f72abfa93.sdf,0.0,37.36,MMFF
mol_16d4c268_b40690cbff28.sdf,0.0,49.64,MMFF
mol_16eb2ded_44b88b4e5b17.sdf,0.0,-63.4,MMFF
mol_170ed083_3aa9f598b755.sdf,0.0,89.29,MMFF
mol_171ee4da_af2134d43145.sdf,0.0,13.59,MMFF
mol_173d46de_b53cda98a53a.sdf,0.0,23.01,MMFF
mol_1742166c_01cc43281183.sdf,0.0,87.17,MMFF
mol_175a0c60_175a0c606d14.sdf,0.0,83.93,MMFF
mol_175a0c60_ecc729b03c9b.sdf,0.0,86.11,MMFF
mol_177dc00c_98f9ac96674e.sdf,0.0,18.98,MMFF
mol_177f8096_b16586f16b0a.sdf,0.0,75.44,MMFF
mol_1797b13d_75884ea53dfd.sdf,0.0,46.82,MMFF
mol_17d8746c_4a8dd6eacb97.sdf,0.0,14.62,MMFF
mol_17d8746c_e2d0c37119bc.sdf,0.0,-29.67,MMFF
mol_17ed7dde_04b1c00bc957.sdf,0.0,102.41,MMFF
mol_1821b20e_621ab1fae1b5.sdf,0.0,-105.0,MMFF
mol_187736c3_ebe0c8519dd2.sdf,0.0,50.79,MMFF
mol_1893b5fb_04fadf04ba91.sdf,0.0,-4.73,MMFF
mol_1893b5fb_8047cd8e8a01.sdf,0.0,-10.53,MMFF
mol_1893b5fb_f60d739c16f8.sdf,0.0,-4.42,MMFF
mol_189afbf8_dfa1ba56e3c9.sdf,0.0,121.59,MMFF
mol_189afbf8_e9870d22ac98.sdf,0.0,105.99,MMFF
mol_18a702a5_573be7928f56.sdf,0.0,14.62,MMFF
mol_18d32f9b_fd28ce357bb3.sdf,0.0,141.07,MMFF
mol_1912314f_1f7586a2086a.sdf,0.0,16.78,MMFF
mol_1912314f_3927a6f2a7f5.sdf,0.0,9.29,MMFF
mol_1912314f_40525ed1739c.sdf,0.0,5.75,MMFF
mol_1912314f_50e6ab7b0c11.sdf,0.0,28.65,MMFF
mol_1912314f_639c075b0183.sdf,0.0,1.54,MMFF
mol_1912314f_afc709e59f67.sdf,0.0,4.37,MMFF
mol_1912314f_b42f91bdfcb6.sdf,0.0,14.1,MMFF
mol_1912314f_d428b4f5a1e8.sdf,0.0,11.58,MMFF
mol_19128aca_10fd6cf8ae6b.sdf,0.0,83.65,MMFF
mol_19559a9e_fb76d2126cf5.sdf,0.0,-7.97,MMFF
mol_197b4c5b_6921ba410e58.sdf,0.0,82.52,MMFF
mol_198bbf5a_8ab19feceb9b.sdf,0.0,-80.68,MMFF
mol_19aada45_44ab3b796927.sdf,0.0,3.48,MMFF
mol_19aada45_6c4d8680b551.sdf,0.0,4.21,MMFF
mol_19aada45_6f9f401e94f6.sdf,0.0,11.17,MMFF
mol_19aada45_9c357c081d59.sdf,0.0,18.7,MMFF
mol_19b87f50_6dc8a8c9c901.sdf,0.0,125.63,MMFF
mol_19df081e_2a8be1358a01.sdf,0.0,6.9,MMFF
mol_19fe6748_ef73fe532757.sdf,0.0,13.84,MMFF
mol_19fe6748_fbe1d11987d9.sdf,0.0,21.08,MMFF
mol_1a4e61f7_0f2e7287e628.sdf,0.0,-52.53,MMFF
mol_1a4e61f7_26167fabe073.sdf,0.0,2.7,MMFF
mol_1a4e61f7_4cb1e1bf4a1e.sdf,0.0,-7.85,MMFF
mol_1a7198b7_07a434d81465.sdf,0.0,-22.86,MMFF
mol_1a7198b7_13c3a7001971.sdf,0.0,-4.38,MMFF
mol_1a9fffd6_3dd29010c3e9.sdf,0.0,-177.62,MMFF
mol_1a9fffd6_7cc7d3602f25.sdf,0.0,-190.19,MMFF
mol_1ab75288_889028db587d.sdf,0.0,114.23,MMFF
mol_1ad1ffd2_acadf3f4d984.sdf,0.0,19.05,MMFF
mol_1ad20957_4f380c7768ad.sdf,0.0,-24.63,MMFF
mol_1ad20957_dff07efd685b.sdf,0.0,-23.26,MMFF
mol_1ad8d6e4_e95e97e71dfa.sdf,0.0,-44.63,MMFF
mol_1b21e178_f040040ff5c9.sdf,0.0,58.98,MMFF
mol_1b452f25_4d30ce4103e3.sdf,0.0,65.7,MMFF
mol_1b7ed3ea_c28253636116.sdf,0.0,56.39,MMFF
mol_1b80cf76_a7d334136a15.sdf,0.0,23.26,MMFF
mol_1b89daac_65b1ec44fed5.sdf,0.0,19.78,MMFF
mol_1b8a90bd_b8c8d2755eed.sdf,0.0,81.67,MMFF
mol_1badb5ae_134757acc3af.sdf,0.0,119.79,MMFF
mol_1badb5ae_b2abc27136fa.sdf,0.0,138.21,MMFF
mol_1badb5ae_c3dbe64f09aa.sdf,0.0,120.12,MMFF
mol_1bb5ce11_a22714f5cdff.sdf,0.0,29.66,MMFF
mol_1bde2f3e_668ebce87e46.sdf,0.0,77.38,MMFF
mol_1befd014_478a7fe3d535.sdf,0.0,25.08,MMFF
mol_1bf7a671_35dd1d97aa46.sdf,0.0,45.22,MMFF
mol_1bf7a671_cbc4a27b7f6c.sdf,0.0,24.0,MMFF
mol_1bf7a671_e2c1ed69fd63.sdf,0.0,22.12,MMFF
mol_1bf7a671_f1f20944f3e5.sdf,0.0,41.08,MMFF
mol_1bfb2cb6_f123ca14a211.sdf,0.0,35.22,MMFF
mol_1c60184d_6b6725a9c50d.sdf,0.0,92.5,MMFF
mol_1c845b74_dbbe2a05d75f.sdf,0.0,60.44,MMFF
mol_1c8b5b5d_2f2091a09d76.sdf,0.0,101.91,MMFF
mol_1c9e5e16_bf5d863cdff6.sdf,0.0,78.27,MMFF
mol_1ca141b1_f76698aab740.sdf,0.0,6.03,MMFF
mol_1cd7634d_ff35add28a47.sdf,0.0,36.16,MMFF
mol_1cf19402_524761033862.sdf,0.0,76.65,MMFF
mol_1cf6b844_0ab228ff8b42.sdf,0.0,61.4,MMFF
mol_1d012493_8592e7bad4a1.sdf,0.0,81.69,MMFF
mol_1d323925_782e29ce40a0.sdf,0.0,57.31,MMFF
mol_1d4f05ea_b2b09477e692.sdf,0.0,49.35,MMFF
mol_1d4f05ea_c799f8e93a55.sdf,0.0,60.48,MMFF
mol_1d60cc2e_1d60cc2ea093.sdf,0.0,51.69,MMFF
mol_1d6547d6_bfa0a1885583.sdf,0.0,26.56,MMFF
mol_1d6b3e12_8ef955a8fa6b.sdf,0.0,59.84,MMFF
mol_1da0082e_29d519935f15.sdf,0.0,107.78,MMFF
mol_1daf6196_ad54dac24951.sdf,0.0,24.76,MMFF
mol_1df26a21_accec3ece188.sdf,0.0,-7.41,MMFF
mol_1e4a629c_a92016e32c0c.sdf,0.0,32.55,MMFF
mol_1e4a629c_cd9c023ed64d.sdf,0.0,9.65,MMFF
mol_1e5cd0c7_10397563c521.sdf,0.0,53.62,MMFF
mol_1e9444c6_6584ca6b537f.sdf,0.0,48.26,MMFF
mol_1eaf362a_661b030f747c.sdf,0.0,0.63,MMFF
mol_1ef55155_63e45fa5d8e6.sdf,0.0,2.79,MMFF
mol_1f22787c_4c281818b489.sdf,0.0,-10.24,MMFF
mol_1f22787c_ed227dd14609.sdf,0.0,-17.17,MMFF
mol_1f22787c_f3712f3f54de.sdf,0.0,-26.39,MMFF
mol_1f3c0688_844bd0d4b7ae.sdf,0.0,33.6,MMFF
mol_1f58ce52_83db64b6f0d5.sdf,0.0,67.06,MMFF
mol_1f58ce52_ae0433e6c591.sdf,0.0,34.9,MMFF
mol_1f58ce52_c312b9649683.sdf,0.0,53.92,MMFF
mol_1f58ce52_d325258f65fa.sdf,0.0,19.68,MMFF
mol_1f8872c8_75a5d5cccb4b.sdf,0.0,28.81,MMFF
mol_1f9534ee_bf090b0b9c08.sdf,0.0,23.82,MMFF
mol_1f9534ee_f13fd6495836.sdf,0.0,73.65,MMFF
mol_1fbe10d2_2bb200fed704.sdf,0.0,99.81,MMFF
mol_1fbe10d2_56433f55f74d.sdf,0.0,116.65,MMFF
mol_1fe77611_012cc78326ad.sdf,0.0,19.72,MMFF
mol_1fe77611_065063e4815a.sdf,0.0,16.26,MMFF
mol_1fff4435_c17ff2392e7b.sdf,0.0,53.45,MMFF
mol_20218e92_f4c0a54be0ae.sdf,0.0,-10.35,MMFF
mol_2029b334_009738978b31.sdf,0.0,19.76,MMFF
mol_2029b334_9dc4ca903138.sdf,0.0,29.63,MMFF
mol_2029b334_b4feb12c175f.sdf,0.0,32.33,MMFF
mol_2057f18e_0bc8c7d31916.sdf,0.0,38.14,MMFF
mol_2057f18e_ea58086b0931.sdf,0.0,47.34,MMFF
mol_20a79bb0_489af074ca5c.sdf,0.0,82.71,MMFF
mol_21007910_e9ea0e6cd0a1.sdf,0.0,-50.61,MMFF
mol_210d9d3a_9060edd43a7b.sdf,0.0,-9.37,MMFF
mol_210e1f38_e424d2ab6a93.sdf,0.0,20.0,MMFF
mol_210fc64b_191242363a9d.sdf,0.0,114.32,MMFF
mol_21196380_1abddf651c91.sdf,0.0,70.64,MMFF
mol_21196380_624a41a52270.sdf,0.0,76.87,MMFF
mol_21196380_65466e26b9d9.sdf,0.0,72.08,MMFF
mol_21196380_b54481ee9553.sdf,0.0,84.36,MMFF
mol_21329991_2ed148540a8c.sdf,0.0,78.69,MMFF
mol_21329991_31e52d5e2c37.sdf,0.0,81.88,MMFF
mol_21329991_42b2a49c54bc.sdf,0.0,82.79,MMFF
mol_21329991_93b84293a255.sdf,0.0,76.07,MMFF
mol_2146ea58_eb6c32e2c297.sdf,0.0,9.19,MMFF
mol_218830e1_f4b17c95f024.sdf,0.0,31.35,MMFF
mol_2188b108_e7bcc6fa20a1.sdf,0.0,91.81,MMFF
mol_218fdea1_f74d3f74bafa.sdf,0.0,50.46,MMFF
mol_21dc6502_931459ee0beb.sdf,0.0,19.66,MMFF
mol_22059a2a_688b9b6291fb.sdf,0.0,65.12,MMFF
mol_2218ce98_3b45176fd712.sdf,0.0,75.93,MMFF
mol_2218ce98_a0dc9e461cfc.sdf,0.0,88.59,MMFF
mol_221f9653_404f70615086.sdf,0.0,32.58,MMFF
mol_227f54d6_0a3dcc0eed19.sdf,0.0,41.74,MMFF
mol_227f54d6_82dc3b34855b.sdf,0.0,24.95,MMFF
mol_228c0881_4655a2e662c6.sdf,0.0,67.1,MMFF
mol_22a23ce2_498a4741eacd.sdf,0.0,35.56,MMFF
mol_22a23ce2_aedbd5b1c183.sdf,0.0,30.85,MMFF
mol_22be2890_0f0adb75b7a3.sdf,0.0,31.33,MMFF
mol_22f1f23f_22f1f23f67aa.sdf,0.0,17.69,MMFF
mol_2361efc0_bc24a4d67c15.sdf,0.0,140.03,MMFF
mol_2381ae6f_001a55a6db64.sdf,0.0,-51.46,MMFF
mol_23a66141_2e1f1218d4a9.sdf,0.0,70.06,MMFF
mol_23af1733_7a59cec3acb6.sdf,0.0,21.13,MMFF
mol_23f6fa6e_1bf657d191ba.sdf,0.0,46.87,MMFF
mol_2415dcfd_33d1ca10b95d.sdf,0.0,38.87,MMFF
mol_2415dcfd_4e12b27321db.sdf,0.0,50.32,MMFF
mol_24677657_d89ceb6fe7ea.sdf,0.0,11.12,MMFF
mol_24747230_3c2219173ff1.sdf,0.0,-16.88,MMFF
mol_247a5d2d_58703e532187.sdf,0.0,-14.05,MMFF
mol_249f626d_c567bf804385.sdf,0.0,49.03,MMFF
mol_24bacef4_fd88967b0a9f.sdf,0.0,-62.37,MMFF
mol_24bbc432_c5e597cc17a2.sdf,0.0,82.41,MMFF
mol_24c79243_721ec8357787.sdf,0.0,66.25,MMFF
mol_24ee3a84_e0bdd9555cfa.sdf,0.0,47.78,MMFF
mol_2507aa34_cd87a3f06b50.sdf,0.0,-31.72,MMFF
mol_2507aa34_d853cf7dd611.sdf,0.0,-26.16,MMFF
mol_2527c316_05e3683c1a11.sdf,0.0,108.03,MMFF
mol_2527c316_0f6084bef5b4.sdf,0.0,105.19,MMFF
mol_2527c316_1045ad0efed6.sdf,0.0,104.47,MMFF
mol_2527c316_1c95ea41b53b.sdf,0.0,87.75,MMFF
mol_2527c316_7d1c54dd7500.sdf,0.0,82.33,MMFF
mol_2527c316_aeb238485c2d.sdf,0.0,72.28,MMFF
mol_2527c316_d127ff0d7bdf.sdf,0.0,104.16,MMFF
mol_252bd588_26ccc523a90a.sdf,0.0,4.58,MMFF
mol_252c62f5_9f317638aed6.sdf,0.0,-41.47,MMFF
mol_253c0a60_0cdeb86b2d41.sdf,0.0,71.52,MMFF
mol_257339ea_1082f6f302e3.sdf,0.0,50.25,MMFF
mol_259a6ca6_13bcba4e02b3.sdf,0.0,21.17,MMFF
mol_2627ae80_006b4da15f20.sdf,0.0,17.97,MMFF
mol_2627ae80_82cbe76e4160.sdf,0.0,28.15,MMFF
mol_26371592_7a15565761e0.sdf,0.0,70.88,MMFF
mol_26371592_d246747b2c4c.sdf,0.0,83.6,MMFF
mol_26437829_b78cb6dd99bc.sdf,0.0,107.4,MMFF
mol_264d1f3b_9d74398e8e9d.sdf,0.0,36.63,MMFF
mol_2657f44d_c3365bc666b2.sdf,0.0,39.57,MMFF
mol_266e8250_a4fb3594cc2e.sdf,0.0,16.7,MMFF
mol_26c8ea27_09812289f21c.sdf,0.0,84.59,MMFF
mol_26c8ea27_34014c47324b.sdf,0.0,85.25,MMFF
mol_26d360b4_dd3c6b6db5c3.sdf,0.0,119.79,MMFF
mol_26d8b2ff_55c2d84fb8d1.sdf,0.0,115.51,MMFF
mol_272ef3ec_79b0f66fb5e1.sdf,0.0,20.72,MMFF
mol_273009c6_5dac231ea9b2.sdf,0.0,-16.68,MMFF
mol_273009c6_8e4a70a07765.sdf,0.0,-19.82,MMFF
mol_273bd2ce_e5a19e3d450b.sdf,0.0,70.25,MMFF
mol_27595b5a_cd2948dccb66.sdf,0.0,37.65,MMFF
mol_27595b5a_cd53d006226f.sdf,0.0,47.71,MMFF
mol_27636999_0241b57ac551.sdf,0.0,9.61,MMFF
mol_27636999_1a0e4c892aeb.sdf,0.0,-9.76,MMFF
mol_27636999_582d19a36414.sdf,0.0,-13.55,MMFF
mol_27636999_b003e37d7965.sdf,0.0,-14.95,MMFF
mol_2782c301_44fa2e0ef3c6.sdf,0.0,-6.68,MMFF
mol_278d9fa6_a124b6a5b97f.sdf,0.0,46.11,MMFF
mol_27964881_0ebedaef2148.sdf,0.0,48.93,MMFF
mol_279e7331_92dbc76d652b.sdf,0.0,74.98,MMFF
mol_2814a83f_4eb2b74516f5.sdf,0.0,87.99,MMFF
mol_2814a83f_6e3bb223adc6.sdf,0.0,88.41,MMFF
mol_2823b895_f7dcce6844d9.sdf,0.0,-4.79,MMFF
mol_2823b895_fbe0675523f0.sdf,0.0,18.94,MMFF
mol_2834aaa9_7c0588e2d3b3.sdf,0.0,-40.72,MMFF
mol_2853f076_7172df87e700.sdf,0.0,8.75,MMFF
mol_28a355f0_305872b2b404.sdf,0.0,15.92,MMFF
mol_28b73a25_d456d4fedd73.sdf,0.0,24.78,MMFF
mol_28c9098a_f890a1afab57.sdf,0.0,47.09,MMFF
mol_28cee204_52cdde62f3a1.sdf,0.0,54.89,MMFF
mol_28db208c_0e68cd14bb7b.sdf,0.0,72.26,MMFF
mol_28e43572_836848f911ae.sdf,0.0,-16.63,MMFF
mol_28e57028_f3a8176c0db1.sdf,0.0,0.11,MMFF
mol_28f5a571_7f0b516d19ad.sdf,0.0,45.5,MMFF
mol_28ff036b_92d90db6eb25.sdf,0.0,75.18,MMFF
mol_291ae059_f2320b12d246.sdf,0.0,5.44,MMFF
mol_293a9cc0_ab70956fe732.sdf,0.0,-26.33,MMFF
mol_293ce9c7_0a8e578c1e97.sdf,0.0,-33.12,MMFF
mol_293ce9c7_4de1fe127be5.sdf,0.0,-24.93,MMFF
mol_298d9f7c_1b020146e0c3.sdf,0.0,27.1,MMFF
mol_29ccde7b_9263fa396f90.sdf,0.0,-10.12,MMFF
mol_29f0a496_2b9d5dc10788.sdf,0.0,56.02,MMFF
mol_29f57717_3c742007488b.sdf,0.0,-14.84,MMFF
mol_2a069ba6_271003fb7a8d.sdf,0.0,-18.36,MMFF
mol_2a52e0ba_2ff249066706.sdf,0.0,23.49,MMFF
mol_2a5f2728_a6610b86196a.sdf,0.0,92.28,MMFF
mol_2a5f2728_cba6a0beb10f.sdf,0.0,80.88,MMFF
mol_2af08a14_5c02f2bb0824.sdf,0.0,-50.11,MMFF
mol_2af0e192_1f06a3202c2c.sdf,0.0,-23.85,MMFF
mol_2b0398e2_2dcfb42e24c1.sdf,0.0,53.62,MMFF
mol_2b0398e2_6767a7f16d0c.sdf,0.0,27.86,MMFF
mol_2b4567d5_7ac330b198ff.sdf,0.0,47.53,MMFF
mol_2b5bcdee_03fc5ed1ae13.sdf,0.0,-2.14,MMFF
mol_2b677847_5fe00325feaa.sdf,0.0,77.51,MMFF
mol_2b7c58f1_edea52e0c5d4.sdf,0.0,8.3,MMFF
mol_2baa1117_6ee38ff2ec34.sdf,0.0,93.27,MMFF
mol_2bb65b65_9deb9e754018.sdf,0.0,64.72,MMFF
mol_2bec713f_21c436557c61.sdf,0.0,71.82,MMFF
mol_2bf025f7_5135de35fe3c.sdf,0.0,-3.85,MMFF
mol_2bf025f7_696d09598572.sdf,0.0,4.1,MMFF
mol_2bf025f7_84bab09911bc.sdf,0.0,17.73,MMFF
mol_2bf025f7_88c1c212bb6b.sdf,0.0,50.23,MMFF
mol_2bf025f7_9bf6f45ced3f.sdf,0.0,-1.11,MMFF
mol_2bf9124e_0cd9a00ba5f8.sdf,0.0,23.17,MMFF
mol_2bf9124e_d106c57699bc.sdf,0.0,13.99,MMFF
mol_2bf9124e_e3c5e2ed474d.sdf,0.0,23.76,MMFF
mol_2c26b9f3_0b0ab503ba3c.sdf,0.0,-2.93,MMFF
mol_2c26b9f3_41b70ad092d8.sdf,0.0,2.35,MMFF
mol_2c26b9f3_d11749b4e56d.sdf,0.0,4.24,MMFF
mol_2c450976_d7b73c15eda5.sdf,0.0,117.56,MMFF
mol_2c7a4b66_fd6b443885f1.sdf,0.0,38.21,MMFF
mol_2cc29499_5389ffce45f1.sdf,0.0,29.62,MMFF
mol_2cf3b18e_18a399534187.sdf,0.0,-16.29,MMFF
mol_2d099cb0_2c2362d493b2.sdf,0.0,70.3,MMFF
mol_2d88c074_62f654e67224.sdf,0.0,20.95,MMFF
mol_2d8c7ba2_34e723a7ec56.sdf,0.0,15.08,MMFF
mol_2d8c7ba2_6746a070f79a.sdf,0.0,41.04,MMFF
mol_2d8c7ba2_a32711d72c41.sdf,0.0,2.53,MMFF
mol_2d8c7ba2_e5517c05cf71.sdf,0.0,6.47,MMFF
mol_2dd2ff89_3ac24637238b.sdf,0.0,108.55,MMFF
mol_2dd2ff89_48b76ef67d47.sdf,0.0,84.1,MMFF
mol_2e0a8a6f_57a0d046e556.sdf,0.0,-18.12,MMFF
mol_2e0deaae_2376d07032eb.sdf,0.0,57.7,MMFF
mol_2e0deaae_3b128571ff65.sdf,0.0,99.65,MMFF
mol_2e42e303_8e12f0569385.sdf,0.0,9.35,MMFF
mol_2e6543e2_06ecfc8c646f.sdf,0.0,23.57,MMFF
mol_2e6543e2_61134f379fe7.sdf,0.0,39.53,MMFF
mol_2e6543e2_fe443e0e51c3.sdf,0.0,0.39,MMFF
mol_2e66dc09_b2a1d233a215.sdf,0.0,12.83,MMFF
mol_2e66dc09_ec3300cad4c7.sdf,0.0,11.41,MMFF
mol_2e7047fb_50e8a571fe12.sdf,0.0,106.91,MMFF
mol_2e7fb5ef_58322bf7731b.sdf,0.0,110.05,MMFF
mol_2e8ea006_71c31b95c100.sdf,0.0,-49.43,MMFF
mol_2e8ee7ce_66f5e2c9eab8.sdf,0.0,38.52,MMFF
mol_2eb1b286_69354776e82d.sdf,0.0,1.25,MMFF
mol_2eb1b286_fba641c152a6.sdf,0.0,-8.88,MMFF
mol_2ec69f6a_55a82bb92bd5.sdf,0.0,62.27,MMFF
mol_2ed0778d_3a40c2ffa603.sdf,0.0,25.75,MMFF
mol_2ed0778d_a93485feee23.sdf,0.0,49.71,MMFF
mol_2eee051e_ca4d8f971034.sdf,0.0,99.81,MMFF
mol_2ef74152_37b94eac840f.sdf,0.0,-100.21,MMFF
mol_2f04c657_0051903f266d.sdf,0.0,98.36,MMFF
mol_2f0c89f1_fe88eb44efe3.sdf,0.0,93.62,MMFF
mol_2f1c365b_3e7a04604dba.sdf,0.0,8.12,MMFF
mol_2f1c365b_3eaff20c8d04.sdf,0.0,7.21,MMFF
mol_2f1c365b_b83f0ff4b033.sdf,0.0,10.99,MMFF
mol_2f421d84_0114bc203820.sdf,0.0,143.85,MMFF
mol_2f830527_c296cc985247.sdf,0.0,49.45,MMFF
mol_2f8df768_174d198347f1.sdf,0.0,54.64,MMFF
mol_2f8df768_ed7f65a1c41d.sdf,0.0,66.34,MMFF
mol_2fac6f90_d2adf509664f.sdf,0.0,8.47,MMFF
mol_3014815c_55b30924bc5b.sdf,0.0,-9.27,MMFF
mol_3014815c_81b87c16f96b.sdf,0.0,19.01,MMFF
mol_3014815c_8afed4f1c592.sdf,0.0,14.72,MMFF
mol_3014815c_ce86a779201d.sdf,0.0,15.4,MMFF
mol_3021edcd_c8b0368f329a.sdf,0.0,84.88,MMFF
mol_302f4962_3393f5bf55bc.sdf,0.0,42.81,MMFF
mol_302f4962_b922b6bef7db.sdf,0.0,40.8,MMFF
mol_303355af_28b51a6b4215.sdf,0.0,48.39,MMFF
mol_303355af_4202ba3f11d2.sdf,0.0,63.58,MMFF
mol_30747bfa_35ecf06199f0.sdf,0.0,42.63,MMFF
mol_30959500_6f4a2105fa64.sdf,0.0,16.84,MMFF
mol_3096e9c8_210d32c3933b.sdf,0.0,96.54,MMFF
mol_3096e9c8_5068f8bdd1b6.sdf,0.0,83.05,MMFF
mol_30d30060_101822d1309b.sdf,0.0,22.69,MMFF
mol_30fda92c_c3a19ebf97a7.sdf,0.0,3.25,MMFF
mol_312dc2b0_b77f2b4522b0.sdf,0.0,52.15,MMFF
mol_3130fc15_58f9336f6147.sdf,0.0,18.28,MMFF
mol_3152ac3b_33e2ca562a25.sdf,0.0,-3.22,MMFF
mol_317c2594_f99399dbcdec.sdf,0.0,42.83,MMFF
mol_31eebaba_fc2fb6b37c69.sdf,0.0,-122.45,MMFF
mol_31f13afd_cf466ca28e66.sdf,0.0,-31.59,MMFF
mol_32456ea1_5901a6ead3ec.sdf,0.0,103.08,MMFF
mol_325e7f1f_146911c36c55.sdf,0.0,66.59,MMFF
mol_325e7f1f_e4ef64bf139a.sdf,0.0,62.74,MMFF
mol_326f4ffd_eb459107f9e6.sdf,0.0,90.66,MMFF
mol_32b1a845_48948cb2f3aa.sdf,0.0,68.91,MMFF
mol_33049d93_77db4d02bf60.sdf,0.0,23.71,MMFF
mol_33049d93_b2f5a24c180c.sdf,0.0,29.65,MMFF
mol_33408b14_11b82cea42fe.sdf,0.0,71.21,MMFF
mol_33408b14_274285e47c2c.sdf,0.0,59.98,MMFF
mol_33505354_7c71ada450c8.sdf,0.0,3.46,MMFF
mol_337a0341_49e513f9abe1.sdf,0.0,46.99,MMFF
mol_33d121fb_f9521b762746.sdf,0.0,-22.07,MMFF
mol_33dd149b_9d17a89d67d4.sdf,0.0,163.32,MMFF
mol_33e28a78_9b9382b1126f.sdf,0.0,76.04,MMFF
mol_33fc507a_0f0b7cc68f8c.sdf,0.0,-21.46,MMFF
mol_34119823_0fa8b608c2f5.sdf,0.0,117.11,MMFF
mol_34119823_23cbab681230.sdf,0.0,114.43,MMFF
mol_342ae1fa_d7470f9a64ca.sdf,0.0,8.17,MMFF
mol_3445f068_ffeefff36c91.sdf,0.0,73.16,MMFF
mol_344e3bf6_269a615a2ec0.sdf,0.0,105.28,MMFF
mol_3470adcb_e7d1105a098b.sdf,0.0,-10.32,MMFF
mol_347592ae_bd7434b30568.sdf,0.0,9.07,MMFF
mol_34b8c231_bade62370e17.sdf,0.0,57.37,MMFF
mol_34bdd4c8_21e0ef1afb22.sdf,0.0,105.82,MMFF
mol_34bdd4c8_a9c388585df4.sdf,0.0,71.19,MMFF
mol_34bdd4c8_e8f20871dda6.sdf,0.0,67.09,MMFF
mol_34de64ec_ee7609fcf374.sdf,0.0,-16.42,MMFF
mol_34e20695_2e1ba37f26e6.sdf,0.0,95.67,MMFF
mol_355dcdc2_46b99ad8c0e7.sdf,0.0,77.91,MMFF
mol_35b32c6a_13611b516a40.sdf,0.0,16.94,MMFF
mol_35b32c6a_4c45a595830b.sdf,0.0,-12.8,MMFF
mol_35b32c6a_628bdb6d2e3e.sdf,0.0,17.38,MMFF
mol_35b32c6a_65deceef9bf9.sdf,0.0,11.66,MMFF
mol_35b32c6a_b3debb85d7c7.sdf,0.0,18.32,MMFF
mol_35b32c6a_b4fff6d2c788.sdf,0.0,18.68,MMFF
mol_35b32c6a_db44da7144cd.sdf,0.0,12.39,MMFF
mol_35eb6f45_0220c701db85.sdf,0.0,-31.91,MMFF
mol_35f5ffb8_f30d26c68d2d.sdf,0.0,110.96,MMFF
mol_360eb254_d8853fe02f52.sdf,0.0,56.02,MMFF
mol_3611d769_5cc7b25f3777.sdf,0.0,41.75,MMFF
mol_3611d769_e27aa0bb8e1b.sdf,0.0,11.63,MMFF
mol_362bc602_362bc602a9d1.sdf,0.0,127.35,MMFF
mol_36a24222_824323575438.sdf,0.0,-46.56,MMFF
mol_36a24222_a8c84c4ac6c0.sdf,0.0,-46.85,MMFF
mol_36a3f7ef_7e840b2c7f21.sdf,0.0,-1.52,MMFF
mol_36a3f7ef_c31249866785.sdf,0.0,7.18,MMFF
mol_36df1afa_30350da811e6.sdf,0.0,-13.85,MMFF
mol_36e6611a_09dfaae88442.sdf,0.0,108.03,MMFF
mol_36f28424_099a71575e42.sdf,0.0,96.55,MMFF
mol_36f28424_dd62929c6b3a.sdf,0.0,96.66,MMFF
mol_36fe4856_efd49b27ecc9.sdf,0.0,26.91,MMFF
mol_37047afc_7bdc93cfbd72.sdf,0.0,61.75,MMFF
mol_37249962_4db1bba1e816.sdf,0.0,22.5,MMFF
mol_3736e447_2eac3f69423f.sdf,0.0,77.56,MMFF
mol_378f34d8_3af8ad8d029a.sdf,0.0,31.29,MMFF
mol_3791f835_c335fb740b23.sdf,0.0,49.7,MMFF
mol_37a5ee7f_167a8550e754.sdf,0.0,66.78,MMFF
mol_37b3e91f_badaab987c14.sdf,0.0,63.42,MMFF
mol_37b69d0f_1eff7f71c46d.sdf,0.0,13.4,MMFF
mol_37b69d0f_60e659b20562.sdf,0.0,37.3,MMFF
mol_37b69d0f_b5b04665ed68.sdf,0.0,-1.48,MMFF
mol_37c5bbc1_682c3e20a7d0.sdf,0.0,91.12,MMFF
mol_37dc3da5_27fa14a4957f.sdf,0.0,82.77,MMFF
mol_37f3ee5e_093febe3425f.sdf,0.0,51.94,MMFF
mol_380e238a_abba69a7313c.sdf,0.0,21.04,MMFF
mol_382edc94_b54726579d1b.sdf,0.0,98.33,MMFF
mol_383e07d3_21c787a2f5b9.sdf,0.0,19.03,MMFF
mol_38439412_ab3a4ac903fd.sdf,0.0,73.46,MMFF
mol_38560fd6_74674e27f8ef.sdf,0.0,72.61,MMFF
mol_3867139b_fc1b5a95beba.sdf,0.0,111.28,MMFF
mol_387b3676_d75a50cc096c.sdf,0.0,95.79,MMFF
mol_389dfb25_4affcb02d5c1.sdf,0.0,58.5,MMFF
mol_389dfb25_663587b9b814.sdf,0.0,50.41,MMFF
mol_396f170c_13e49ed3dec1.sdf,0.0,-22.15,MMFF
mol_397aa467_07f49ce9cb63.sdf,0.0,72.11,MMFF
mol_39944af3_dcd441279f40.sdf,0.0,13.67,MMFF
mol_399c3eb4_42d63024e6a1.sdf,0.0,39.19,MMFF
mol_399c3eb4_6460955054c9.sdf,0.0,48.29,MMFF
mol_399c3eb4_6917368a4409.sdf,0.0,45.7,MMFF
mol_39a00423_d7ffc7839e28.sdf,0.0,28.21,MMFF
mol_3a11fd53_1c70d09ed673.sdf,0.0,12.06,MMFF
mol_3a11fd53_3ebbeec9a229.sdf,0.0,14.18,MMFF
mol_3a11fd53_5703e7b655bf.sdf,0.0,26.82,MMFF
mol_3a11fd53_63ab5edf1e23.sdf,0.0,10.56,MMFF
mol_3a11fd53_923eed032667.sdf,0.0,9.81,MMFF
mol_3a11fd53_f4d5deb2e1da.sdf,0.0,16.52,MMFF
mol_3a169f73_9689c65f24c9.sdf,0.0,-20.66,MMFF
mol_3a335de6_50b6ae1a7535.sdf,0.0,93.64,MMFF
mol_3a33e1d2_8482b05cdff4.sdf,0.0,25.33,MMFF
mol_3a33e1d2_f9d10e9f32b5.sdf,0.0,12.84,MMFF
mol_3a4fe739_907ba2435e27.sdf,0.0,34.22,MMFF
mol_3a52936a_15b17ad8aaec.sdf,0.0,23.44,MMFF
mol_3a5aacf6_cd2ddac2c641.sdf,0.0,30.12,MMFF
mol_3a600bb4_4375ba1aa5e2.sdf,0.0,9.3,MMFF
mol_3a796e2c_f1c130f5a18b.sdf,0.0,-2.43,MMFF
mol_3aa2efee_98bb3da2d1b7.sdf,0.0,109.18,MMFF
mol_3b00b57b_0bcc9609241a.sdf,0.0,89.42,MMFF
mol_3b00b57b_bab1659e6061.sdf,0.0,43.86,MMFF
mol_3b135dff_d9e9b54329c7.sdf,0.0,19.12,MMFF
mol_3b1918f5_c871e6b52962.sdf,0.0,49.75,MMFF
mol_3b234c8e_c4cadf2beafd.sdf,0.0,46.44,MMFF
mol_3b8f6549_3e9ccd1d756a.sdf,0.0,35.8,MMFF
mol_3b8f6549_c483a9825dcf.sdf,0.0,39.19,MMFF
mol_3bae7476_3bae7476f0e4.sdf,0.0,81.91,MMFF
mol_3bc9a6cc_0652e42540f1.sdf,0.0,82.1,MMFF
mol_3bc9a6cc_66b9d674958d.sdf,0.0,71.29,MMFF
mol_3bc9a6cc_eef56a828d75.sdf,0.0,80.82,MMFF
mol_3bddb61b_06b58e7daa00.sdf,0.0,34.75,MMFF
mol_3bddb61b_3f0302270ef2.sdf,0.0,32.91,MMFF
mol_3be24a8f_2427ff4b3eae.sdf,0.0,56.68,MMFF
mol_3c17b7cc_802c76b798be.sdf,0.0,70.09,MMFF
mol_3c17b7cc_810e4c7398f1.sdf,0.0,86.89,MMFF
mol_3c17b7cc_d63abf6b5627.sdf,0.0,77.31,MMFF
mol_3c3f4578_a9f1ae34cf1e.sdf,0.0,57.95,MMFF
mol_3c5f7479_703e597d1360.sdf,0.0,-10.45,MMFF
mol_3c5fe9dd_da16d7209648.sdf,0.0,26.0,MMFF
mol_3c65117a_56a05d8571ad.sdf,0.0,49.15,MMFF
mol_3cb2fa9e_9e2e01b93c1b.sdf,0.0,5.97,MMFF
mol_3cb2fa9e_b402ea1e0e4e.sdf,0.0,11.07,MMFF
mol_3cf5282e_589758bff14d.sdf,0.0,44.81,MMFF
mol_3d1576ca_3d1576ca08d6.sdf,0.0,111.12,MMFF
mol_3d20fe8c_876ac037f74a.sdf,0.0,-5.77,MMFF
mol_3d3df2e5_5ec88bc066df.sdf,0.0,40.73,MMFF
mol_3d6e1afa_93625bcbe9f1.sdf,0.0,80.93,MMFF
mol_3d839686_b24aef2ede56.sdf,0.0,51.12,MMFF
mol_3d8c9f7b_943196982c93.sdf,0.0,80.51,MMFF
mol_3d8c9f7b_da414a03431a.sdf,0.0,55.74,MMFF
mol_3dbd4b34_01523c0a4372.sdf,0.0,10.85,MMFF
mol_3e11fd49_912faa9a481c.sdf,0.0,-3.02,MMFF
mol_3e123f44_4072c3a65eb4.sdf,0.0,50.95,MMFF
mol_3e1914e0_3e1914e0953d.sdf,0.0,58.38,MMFF
mol_3e1914e0_d346b51e29a7.sdf,0.0,73.65,MMFF
mol_3e3b77f6_29dad53d362e.sdf,0.0,84.44,MMFF
mol_3e3b77f6_3a32bc8e4588.sdf,0.0,69.19,MMFF
mol_3ea172bb_51dc743d653a.sdf,0.0,54.09,MMFF
mol_3eb921eb_979d45d1a8c2.sdf,0.0,53.75,MMFF
mol_3ec07e69_1cf17c1e42b6.sdf,0.0,5.64,MMFF
mol_3ec07e69_f991238ed75c.sdf,0.0,3.47,MMFF
mol_3ec07e69_fc995980241e.sdf,0.0,4.0,MMFF
mol_3ecefbcc_53820c7cc14c.sdf,0.0,26.79,MMFF
mol_3eded595_9f7bd9bfec9b.sdf,0.0,30.51,MMFF
mol_3eebe205_905a5c2bc622.sdf,0.0,45.74,MMFF
mol_3f257c1a_eaee3f817eec.sdf,0.0,-43.0,MMFF
mol_3f5cc6f3_25386714f3e4.sdf,0.0,26.13,MMFF
mol_3f6eb8d3_2e5ee66ca1e0.sdf,0.0,-7.55,MMFF
mol_3f6f382e_099eac660e71.sdf,0.0,39.18,MMFF
mol_3f75b954_a977f23046d3.sdf,0.0,46.38,MMFF
mol_3f822474_7a9c9a697e13.sdf,0.0,57.22,MMFF
mol_3f822474_93dc600e429d.sdf,0.0,57.37,MMFF
mol_3f922114_715c3fa24154.sdf,0.0,28.42,MMFF
mol_3fc50d78_f203ed040913.sdf,0.0,-85.64,MMFF
mol_3fccfa18_4bb8b1c7e77a.sdf,0.0,42.67,MMFF
mol_3fccfa18_bab27e5d2f92.sdf,0.0,58.44,MMFF
mol_402a3191_20e4da0c7374.sdf,0.0,39.12,MMFF
mol_402a3191_e61ddd080770.sdf,0.0,48.5,MMFF
mol_406d851d_3d1d991d5a3e.sdf,0.0,-55.83,MMFF
mol_40be91bf_461a0b5d8761.sdf,0.0,-36.49,MMFF
mol_40dc4195_489e7c58ca06.sdf,0.0,40.64,MMFF
mol_411e0693_9d7d5fbecd46.sdf,0.0,101.35,MMFF
mol_411e767d_dd471fac2398.sdf,0.0,-26.59,MMFF
mol_41492607_40fa6af2924c.sdf,0.0,108.52,MMFF
mol_41492607_a4f2abe15ba5.sdf,0.0,98.46,MMFF
mol_41492607_f2f41bfc0dd1.sdf,0.0,97.17,MMFF
mol_41492607_f80098dd72a5.sdf,0.0,102.63,MMFF
mol_4173ddf2_e5e58d52fb62.sdf,0.0,70.16,MMFF
mol_41a9de1a_ac2003812cd6.sdf,0.0,115.51,MMFF
mol_41db2be2_16a13c1fd672.sdf,0.0,77.37,MMFF
mol_41e65a31_625c6ba3ab27.sdf,0.0,-6.87,MMFF
mol_41e65a31_dc549a39d33d.sdf,0.0,57.22,MMFF
mol_422c672c_867e038d0cd1.sdf,0.0,-28.04,MMFF
mol_422c672c_9c155c100523.sdf,0.0,21.75,MMFF
mol_422c672c_c4535eb1010f.sdf,0.0,-11.65,MMFF
mol_422c672c_ce7f0e848e60.sdf,0.0,-13.73,MMFF
mol_42918dc6_19501901e076.sdf,0.0,21.82,MMFF
mol_42918dc6_be8c2baa533b.sdf,0.0,18.61,MMFF
mol_42d10f5b_1ab7066e3e99.sdf,0.0,143.04,MMFF
mol_42dd26ba_af966feed56b.sdf,0.0,15.58,MMFF
mol_43311ff9_b60ca35e593b.sdf,0.0,-82.12,MMFF
mol_43724a32_853a881e0d58.sdf,0.0,-39.53,MMFF
mol_4396b1d6_4396b1d6e9dd.sdf,0.0,-31.13,MMFF
mol_43dde8ac_91c88d6612ac.sdf,0.0,59.14,MMFF
mol_43dde8ac_bc99a992db79.sdf,0.0,58.43,MMFF
mol_4431bf7c_43bef807c3ca.sdf,0.0,-28.42,MMFF
mol_4438b67c_ea4a0a06afef.sdf,0.0,107.82,MMFF
mol_444852e8_6d84d00d8ae0.sdf,0.0,95.08,MMFF
mol_4488aaf2_36f5059c7fa0.sdf,0.0,-44.7,MMFF
mol_449f5964_f2c21dc644af.sdf,0.0,28.7,MMFF
mol_44bbb265_02fd6f9b5eee.sdf,0.0,-110.22,MMFF
mol_44d641fc_8ad2e0940a97.sdf,0.0,41.82,MMFF
mol_44e784ec_522f9c943938.sdf,0.0,114.96,MMFF
mol_44e784ec_8e33ea3c150e.sdf,0.0,106.45,MMFF
mol_44f32064_435c62756175.sdf,0.0,-15.67,MMFF
mol_44f32064_ef6401c36761.sdf,0.0,-39.17,MMFF
mol_450994fa_0f49de788e09.sdf,0.0,37.66,MMFF
mol_450994fa_41e380e8d966.sdf,0.0,13.88,MMFF
mol_451cfcb0_3e1c46b7a29e.sdf,0.0,-46.12,MMFF
mol_45263cc0_45263cc02ee0.sdf,0.0,-15.35,MMFF
mol_45291325_aa4a0028624e.sdf,0.0,31.48,MMFF
mol_452fb563_0fe590a57ac8.sdf,0.0,103.64,MMFF
mol_452fb563_6545e3e71145.sdf,0.0,98.5,MMFF
mol_454015bc_d7fc29884ce0.sdf,0.0,-48.15,MMFF
mol_454fd672_d5b58e2aa304.sdf,0.0,35.29,MMFF
mol_45520f32_056c5bbf35ee.sdf,0.0,39.88,MMFF
mol_457899ad_d0ddc8cd3e78.sdf,0.0,5.75,MMFF
mol_457899ad_f0744a748deb.sdf,0.0,9.05,MMFF
mol_4594155c_40ebe6499091.sdf,0.0,3.63,MMFF
mol_45a7ca4c_96848588c73a.sdf,0.0,91.75,MMFF
mol_45ef5652_f63a6e36495c.sdf,0.0,24.58,MMFF
mol_4626d642_409d14105505.sdf,0.0,116.22,MMFF
mol_46351d5f_508e968921cf.sdf,0.0,8.64,MMFF
mol_463ee773_dcc62eec89d2.sdf,0.0,-33.77,MMFF
mol_470d29ba_b82cfec20ffe.sdf,0.0,7.89,MMFF
mol_470d48ea_b3105ad9246f.sdf,0.0,11.82,MMFF
mol_4717a88c_30bde2a2893b.sdf,0.0,2.97,MMFF
mol_4740a06e_25eafbf30e0f.sdf,0.0,80.92,MMFF
mol_4740a06e_47f98df8a02b.sdf,0.0,64.78,MMFF
mol_4740a06e_64a4bd98ef90.sdf,0.0,76.26,MMFF
mol_4740a06e_6edbb4bb0b98.sdf,0.0,76.86,MMFF
mol_4740a06e_78b923eeed43.sdf,0.0,84.27,MMFF
mol_4751d2ae_9378408d19f9.sdf,0.0,116.07,MMFF
mol_4756f413_8f3844b84eab.sdf,0.0,-15.77,MMFF
mol_47995112_bf70ed910d7d.sdf,0.0,20.08,MMFF
mol_47aeab4e_560bc71a5502.sdf,0.0,8.78,MMFF
mol_47eb42bb_bd6540421750.sdf,0.0,68.77,MMFF
mol_47eb42bb_cad7bf1aa7e3.sdf,0.0,67.32,MMFF
mol_47eb42bb_fa397e34b544.sdf,0.0,63.31,MMFF
mol_47fdf4c4_b415e6c089a5.sdf,0.0,17.42,MMFF
mol_482ca0a0_74f6fc6704f6.sdf,0.0,-24.38,MMFF
mol_483e651d_e401dea5b630.sdf,0.0,-10.49,MMFF
mol_486aa2e9_8e82e8f86765.sdf,0.0,52.57,MMFF
mol_48726d0a_f30075d83997.sdf,0.0,6.39,MMFF
mol_48ca2741_5123ec8b1839.sdf,0.0,96.82,MMFF
mol_48f38941_3eef1c0ec7d2.sdf,0.0,28.41,MMFF
mol_48f38941_5ff97bf23d7f.sdf,0.0,24.4,MMFF
mol_4917b0c2_018b85e87554.sdf,0.0,8.59,MMFF
mol_4917b0c2_31b4b0ac1a31.sdf,0.0,16.31,MMFF
mol_4917b0c2_72bb3e67180f.sdf,0.0,15.21,MMFF
mol_4917b0c2_a092ba101930.sdf,0.0,1.42,MMFF
mol_4917b0c2_b334a94a0790.sdf,0.0,28.86,MMFF
mol_4917b0c2_ec65f7ea9774.sdf,0.0,4.42,MMFF
mol_4917b0c2_ef974af6762f.sdf,0.0,-0.3,MMFF
mol_491afc15_116491a2d024.sdf,0.0,20.69,MMFF
mol_4937496f_5f64821aea6a.sdf,0.0,14.31,MMFF
mol_4956d6df_07703a843c93.sdf,0.0,46.9,MMFF
mol_49af585c_140f9e2965a1.sdf,0.0,0.58,MMFF
mol_49af585c_a69cf615fddb.sdf,0.0,29.81,MMFF
mol_49e0f467_522b5ab9ae61.sdf,0.0,101.59,MMFF
mol_49e0f467_6b2f2372f731.sdf,0.0,110.34,MMFF
mol_49e0f467_7ce1069b86fd.sdf,0.0,117.03,MMFF
mol_49e0f467_99416befbc72.sdf,0.0,106.21,MMFF
mol_49e0f467_b2596b2bd615.sdf,0.0,120.13,MMFF
mol_4a0e733c_384582b79062.sdf,0.0,-7.61,MMFF
mol_4a274fe8_08f55e989330.sdf,0.0,7.97,MMFF
mol_4a41fb47_c9d0e343f8ff.sdf,0.0,85.03,MMFF
mol_4a7ddb40_c02e3c669ae8.sdf,0.0,91.91,MMFF
mol_4a7ed161_daf8dd6c5c4d.sdf,0.0,48.71,MMFF
mol_4a7f46e4_ebd64ca8d3a1.sdf,0.0,7.94,MMFF
mol_4aa2ea6c_d0863c6efa7d.sdf,0.0,91.01,MMFF
mol_4aa5d074_0605a681079d.sdf,0.0,44.22,MMFF
mol_4aae146d_b4d9fedcd4d0.sdf,0.0,95.8,MMFF
mol_4aafc0d1_9b27b1df67de.sdf,0.0,13.69,MMFF
mol_4ac76ba7_604c5a909c69.sdf,0.0,-5.57,MMFF
mol_4ae695f9_924baa1cb69e.sdf,0.0,115.49,MMFF
mol_4aea9587_cbb90afe31a3.sdf,0.0,93.05,MMFF
mol_4b122350_a96efa332e34.sdf,0.0,40.2,MMFF
mol_4b209bc0_4d06d1f1e3e3.sdf,0.0,-28.25,MMFF
mol_4b209bc0_be31bdf3edb5.sdf,0.0,-20.9,MMFF
mol_4b243639_4b2436399130.sdf,0.0,-14.58,MMFF
mol_4b3a76b4_1469c836c2fc.sdf,0.0,196.91,MMFF
mol_4b4f5b33_e18d54cb8e22.sdf,0.0,98.44,MMFF
mol_4b695f9a_92e682775424.sdf,0.0,-65.1,MMFF
mol_4ba49e6f_c1946a149fe2.sdf,0.0,92.67,MMFF
mol_4bcfedf2_1b4ece47f173.sdf,0.0,98.02,MMFF
mol_4bd473a7_6624ba4b1ed1.sdf,0.0,-1.2,MMFF
mol_4be6ce1e_0cb6eda6739c.sdf,0.0,94.21,MMFF
mol_4bf2fb69_b5e8e7071d1b.sdf,0.0,78.26,MMFF
mol_4bf588df_46df1397871d.sdf,0.0,-12.74,MMFF
mol_4c0154e9_d80b8d2c11c4.sdf,0.0,25.03,MMFF
mol_4c237d7e_4c237d7e2c88.sdf,0.0,-42.74,MMFF
mol_4c2c284e_000bc71365a6.sdf,0.0,140.24,MMFF
mol_4c2c284e_60d621897321.sdf,0.0,151.26,MMFF
mol_4c6430bf_4d6477d8bb7b.sdf,0.0,31.05,MMFF
mol_4c6430bf_91915e9f356a.sdf,0.0,39.58,MMFF
mol_4c726ceb_da9de2f8c54c.sdf,0.0,-13.37,MMFF
mol_4c74e1b5_0ab2c03f7313.sdf,0.0,35.14,MMFF
mol_4c827f6b_8d4cfa167305.sdf,0.0,158.98,MMFF
mol_4c827f6b_f4c85d6c9f4a.sdf,0.0,172.21,MMFF
mol_4cad48fb_5814e7abbf0a.sdf,0.0,-1.76,MMFF
mol_4cad48fb_d8a2c22f02c5.sdf,0.0,24.52,MMFF
mol_4cdd1516_8cf0119c3dda.sdf,0.0,24.85,MMFF
mol_4d0eadf1_7fc2778c0879.sdf,0.0,45.18,MMFF
mol_4d1a15fe_a796d8c5eb5d.sdf,0.0,30.01,MMFF
mol_4d3ee149_0c1a55ff56bd.sdf,0.0,108.72,MMFF
mol_4d3ee149_38189ddc1b08.sdf,0.0,126.73,MMFF
mol_4d485498_75e8b659bcfa.sdf,0.0,-3.7,MMFF
mol_4d485498_bb5e72e5f109.sdf,0.0,19.72,MMFF
mol_4d550c7b_b1eab88f14b6.sdf,0.0,20.38,MMFF
mol_4d72ccf8_27d51c92247d.sdf,0.0,-18.38,MMFF
mol_4d72ccf8_33d32794526a.sdf,0.0,-21.15,MMFF
mol_4d72ccf8_ffa80532225e.sdf,0.0,-19.09,MMFF
mol_4db1af5d_aa658c930cfd.sdf,0.0,73.93,MMFF
mol_4dbbf4c0_5db5ac977f00.sdf,0.0,-2.1,MMFF
mol_4e3cc1a0_d097227886b9.sdf,0.0,94.51,MMFF
mol_4e486fce_85cc47c7da98.sdf,0.0,26.63,MMFF
mol_4e60b0b5_fc3fcd34f30e.sdf,0.0,90.56,MMFF
mol_4ebe5ee8_f6f3df7e2df5.sdf,0.0,13.14,MMFF
mol_4f12f6f3_ca677f2b876d.sdf,0.0,17.32,MMFF
mol_4f27b3e2_5c68ac2a9482.sdf,0.0,71.87,MMFF
mol_4f27b3e2_962f14851b3a.sdf,0.0,65.32,MMFF
mol_4f3b2d89_932a7259f95e.sdf,0.0,59.69,MMFF
mol_4f3f6560_e08e201b4efe.sdf,0.0,-10.93,MMFF
mol_4f46f9c5_90807e902029.sdf,0.0,91.17,MMFF
mol_4f69a78a_16189a6e6da7.sdf,0.0,-65.37,MMFF
mol_4f69a78a_363ff4856e4c.sdf,0.0,-65.07,MMFF
mol_4f69a78a_36b203549e69.sdf,0.0,-96.9,MMFF
mol_4f69a78a_71f9443a56da.sdf,0.0,-64.97,MMFF
mol_4f7508e6_9d356e13dfe7.sdf,0.0,30.81,MMFF
mol_4f8c2448_039df0a4aa47.sdf,0.0,79.96,MMFF
mol_4f8c2448_1e3ae8a259cf.sdf,0.0,2.02,MMFF
mol_4f9ba154_faaa5ab68ad3.sdf,0.0,43.02,MMFF
mol_4fbd5fff_a6b8d050daa1.sdf,0.0,-6.19,MMFF
mol_5058615c_d92f880fc458.sdf,0.0,95.7,MMFF
mol_50832deb_c794957d3e6b.sdf,0.0,56.02,MMFF
mol_509f515c_84dc6db5c72b.sdf,0.0,94.02,MMFF
mol_509f515c_d23daba20092.sdf,0.0,49.61,MMFF
mol_50bd1786_50bd1786f716.sdf,0.0,117.31,MMFF
mol_50d698ab_1ad89f826039.sdf,0.0,62.13,MMFF
mol_50db2062_55fd5ab0d273.sdf,0.0,10.29,MMFF
mol_50db2062_b82da70589f3.sdf,0.0,-5.99,MMFF
mol_50db2062_bce3be87fa9a.sdf,0.0,22.76,MMFF
mol_50db2062_e7b92f342499.sdf,0.0,7.13,MMFF
mol_5107cc50_2b72c96ee0f8.sdf,0.0,42.54,MMFF
mol_5107cc50_2cd4699ed54f.sdf,0.0,43.11,MMFF
mol_5107cc50_67362c00182b.sdf,0.0,32.27,MMFF
mol_5107cc50_6f905fa0d9e5.sdf,0.0,36.4,MMFF
mol_5107cc50_855cdd02129a.sdf,0.0,24.14,MMFF
mol_5107cc50_8a4d134e3361.sdf,0.0,24.58,MMFF
mol_5107cc50_cfa7e4fff1be.sdf,0.0,44.76,MMFF
mol_517181c0_592f8a120b26.sdf,0.0,42.59,MMFF
mol_51755ff0_3f5d0bb7a910.sdf,0.0,-1.23,MMFF
mol_51755ff0_df7e264596bc.sdf,0.0,-39.18,MMFF
mol_51848f7f_0bdb1e8406a3.sdf,0.0,-49.93,MMFF
mol_518893fc_24c9215ceedb.sdf,0.0,67.81,MMFF
mol_518893fc_736078307f07.sdf,0.0,42.94,MMFF
mol_51baddfc_d800dbd16e9d.sdf,0.0,53.91,MMFF
mol_51df16d0_baaf0b5b3df1.sdf,0.0,-56.34,MMFF
mol_51df16d0_c76955bc57a3.sdf,0.0,-42.2,MMFF
mol_51df16d0_e908175635d8.sdf,0.0,-42.41,MMFF
mol_523d059c_63d5ce06067a.sdf,0.0,27.83,MMFF
mol_523d059c_70d1e764a0d9.sdf,0.0,20.23,MMFF
mol_523d059c_d7bed6b3abeb.sdf,0.0,26.81,MMFF
mol_5277d224_4ee23b0ebd9f.sdf,0.0,55.77,MMFF
mol_5277d224_871a1857a886.sdf,0.0,60.88,MMFF
mol_52d2cec6_5aa2c2b23240.sdf,0.0,90.47,MMFF
mol_52d2cec6_6e219927c08d.sdf,0.0,80.45,MMFF
mol_52fee691_a749d07aca22.sdf,0.0,20.12,MMFF
mol_52fee691_b11a80e5a2e3.sdf,0.0,20.67,MMFF
mol_530a56b3_d220184aadc3.sdf,0.0,32.9,MMFF
mol_531e156d_0f66588f29bb.sdf,0.0,83.1,MMFF
mol_532e3834_41ce2a0e9f7a.sdf,0.0,5.78,MMFF
mol_532e3834_5502904c5766.sdf,0.0,24.35,MMFF
mol_532e3834_897043911727.sdf,0.0,2.79,MMFF
mol_532e3834_d86c028d2392.sdf,0.0,-3.87,MMFF
mol_532e3834_ee43e6e247fe.sdf,0.0,28.18,MMFF
mol_532e3834_f3cb6fd96117.sdf,0.0,-4.79,MMFF
mol_53c5283e_434445b573a3.sdf,0.0,86.0,MMFF
mol_53d81396_a87a6c3154da.sdf,0.0,33.7,MMFF
mol_53ea3769_b95a01fce951.sdf,0.0,15.4,MMFF
mol_5400afbc_209fe81c5081.sdf,0.0,-17.96,MMFF
mol_5415ed1b_0ea10b62e980.sdf,0.0,-8.42,MMFF
mol_5415ed1b_27b0ac3ea9cc.sdf,0.0,-9.58,MMFF
mol_5415ed1b_e7e67d507fa6.sdf,0.0,-33.11,MMFF
mol_54258a77_f044447cce28.sdf,0.0,6.6,MMFF
mol_542675d7_311ac21427cd.sdf,0.0,1.39,MMFF
mol_542675d7_e887e4b3fa6d.sdf,0.0,5.16,MMFF
mol_5437d6d4_9bf5f271ce2c.sdf,0.0,9.32,MMFF
mol_5437d6d4_be5e4855e4d6.sdf,0.0,9.95,MMFF
mol_543d01de_05fa748e59f2.sdf,0.0,45.86,MMFF
mol_543d01de_3b5b2d1db335.sdf,0.0,70.02,MMFF
mol_543d01de_6ce3952efc7e.sdf,0.0,43.61,MMFF
mol_543d01de_b4aff93040e5.sdf,0.0,46.2,MMFF
mol_5442b02f_35d028fca334.sdf,0.0,84.1,MMFF
mol_5442b02f_d1ef685f669d.sdf,0.0,91.1,MMFF
mol_54522ac3_4449873e8d48.sdf,0.0,139.74,MMFF
mol_54799401_268bfa8462ad.sdf,0.0,48.56,MMFF
mol_54799401_7604f716a172.sdf,0.0,47.81,MMFF
mol_54819e2f_0614c8b50eeb.sdf,0.0,81.91,MMFF
mol_54a8f6b5_ab47bee9ea88.sdf,0.0,-56.24,MMFF
mol_54a8f6b5_e43d4d9b8521.sdf,0.0,-65.5,MMFF
mol_54ec34c8_6f95820763d1.sdf,0.0,89.96,MMFF
mol_54edd738_6a30d905798c.sdf,0.0,16.17,MMFF
mol_54edd738_c89d07c320cf.sdf,0.0,6.82,MMFF
mol_54fb9972_1b40174c8c22.sdf,0.0,50.74,MMFF
mol_54fd66cc_507617e9668b.sdf,0.0,72.24,MMFF
mol_5517c544_87c0660273c0.sdf,0.0,45.81,MMFF
mol_55603a75_4d6676b52f09.sdf,0.0,70.36,MMFF
mol_55a11920_709219aa1cb6.sdf,0.0,92.98,MMFF
mol_55a11920_ac0636a87f32.sdf,0.0,77.17,MMFF
mol_55a5a0a8_457e11d3c188.sdf,0.0,72.03,MMFF
mol_55cc7119_a4c143264a0a.sdf,0.0,17.79,MMFF
mol_55cde1e9_7f4e1e5cb3d5.sdf,0.0,2.19,MMFF
mol_55da95f8_271ac3df3817.sdf,0.0,62.88,MMFF
mol_55ed4f84_f5ed13858279.sdf,0.0,38.83,MMFF
mol_55ed4f84_fe0a9c7dce82.sdf,0.0,21.29,MMFF
mol_55f4443b_7496d2860c1e.sdf,0.0,36.91,MMFF
mol_56099a35_c33ad25b68e4.sdf,0.0,-4.1,MMFF
mol_56099a35_dd0910a3e838.sdf,0.0,-13.4,MMFF
mol_5626da47_6859f5494314.sdf,0.0,56.43,MMFF
mol_565736b5_c7dbfeb420c6.sdf,0.0,47.15,MMFF
mol_566cfb2d_82bfc04505aa.sdf,0.0,181.11,MMFF
mol_56756883_f366b9028b9e.sdf,0.0,51.06,MMFF
mol_568c461f_495aaba486a2.sdf,0.0,49.17,MMFF
mol_568c461f_b809edc90a84.sdf,0.0,48.46,MMFF
mol_5695e223_9d7e4e260d04.sdf,0.0,86.22,MMFF
mol_56a1010d_b83d0b97d989.sdf,0.0,60.23,MMFF
mol_56a4fc88_c517b2c05d44.sdf,0.0,110.47,MMFF
mol_56d5dfd7_8e0dba6b67fd.sdf,0.0,2.61,MMFF
mol_5730a12b_02f87d3cc9c9.sdf,0.0,28.31,MMFF
mol_573171f6_c58c6869c0fb.sdf,0.0,67.26,MMFF
mol_5731b400_88259aeee564.sdf,0.0,62.01,MMFF
mol_575793cf_4eb4a4cb4936.sdf,0.0,-0.16,MMFF
mol_5764c36b_3e1e38fd3ee7.sdf,0.0,5.69,MMFF
mol_578b8f8a_4549810e630d.sdf,0.0,20.57,MMFF
mol_578b8f8a_5e30fa5fbae1.sdf,0.0,58.16,MMFF
mol_578b8f8a_bd7f3c35bac9.sdf,0.0,47.18,MMFF
mol_578b8f8a_ec2a840403c1.sdf,0.0,6.43,MMFF
mol_578c87ea_12d48f7a4a31.sdf,0.0,31.23,MMFF
mol_578c87ea_87618eb136c9.sdf,0.0,58.58,MMFF
mol_579edc1e_3153e6b975ac.sdf,0.0,45.36,MMFF
mol_57bdc13c_6a23dc78b478.sdf,0.0,144.07,MMFF
mol_57d44bf7_8a3d1cbf828b.sdf,0.0,29.42,MMFF
mol_57da9d23_4e06e80b1acb.sdf,0.0,5.37,MMFF
mol_57f9c67c_8ddfe7b13974.sdf,0.0,-19.83,MMFF
mol_580caf6d_d46ea1e507d7.sdf,0.0,27.53,MMFF
mol_5813e0e9_5813e0e985f1.sdf,0.0,-109.45,MMFF
mol_581b0f4e_daffdc11a4da.sdf,0.0,59.33,MMFF
mol_582f2844_b2b96d9fcd1a.sdf,0.0,-55.42,MMFF
mol_583926a6_49b495919794.sdf,0.0,21.5,MMFF
mol_586887fc_bf22b2ad85cb.sdf,0.0,27.68,MMFF
mol_587813d7_0b2a61bfbe23.sdf,0.0,29.68,MMFF
mol_587813d7_3ebff07b8a9f.sdf,0.0,22.43,MMFF
mol_587813d7_e67e7a552ad5.sdf,0.0,22.47,MMFF
mol_5879ad36_29fc27ad7a96.sdf,0.0,41.7,MMFF
mol_58803628_7a6fa24401d8.sdf,0.0,25.94,MMFF
mol_58c2a2d3_0204996bc002.sdf,0.0,10.18,MMFF
mol_58c4e25a_f51e1dba9fba.sdf,0.0,63.78,MMFF
mol_58cfbe0e_9b0fde84c6f0.sdf,0.0,-55.27,MMFF
mol_58eb458a_864220e0e706.sdf,0.0,51.51,MMFF
mol_590cca5b_06f0a6b422bd.sdf,0.0,61.83,MMFF
mol_59138960_3de1d52ef047.sdf,0.0,-43.43,MMFF
mol_59138960_e1c328d706e3.sdf,0.0,-43.28,MMFF
mol_59381268_7523416eeb65.sdf,0.0,25.1,MMFF
mol_596f20ed_e29a237265d6.sdf,0.0,-6.4,MMFF
mol_5987a2f1_ccfb78221a9b.sdf,0.0,32.96,MMFF
mol_59c346c9_349b24476ad0.sdf,0.0,62.77,MMFF
mol_59c346c9_ac6337dd6bc0.sdf,0.0,102.47,MMFF
mol_59c346c9_e67cd1f4de21.sdf,0.0,108.72,MMFF
mol_59d7b21d_82aa1cb76adf.sdf,0.0,53.26,MMFF
mol_59f5b84e_75ef9c72ca55.sdf,0.0,80.1,MMFF
mol_5a069716_c3faca7f4119.sdf,0.0,86.83,MMFF
mol_5a0f757a_107120e566f0.sdf,0.0,69.68,MMFF
mol_5aa99e95_35e10702a825.sdf,0.0,54.55,MMFF
mol_5aa99e95_5695a5be4792.sdf,0.0,29.05,MMFF
mol_5aa99e95_e1264f30a109.sdf,0.0,73.24,MMFF
mol_5abb55d2_47eee73d1263.sdf,0.0,28.14,MMFF
mol_5acc9eff_5f9b4f54554e.sdf,0.0,19.91,MMFF
mol_5b06de82_3a776e841ce1.sdf,0.0,-20.14,MMFF
mol_5b2c1936_167e92089cba.sdf,0.0,43.73,MMFF
mol_5b37099e_e242d38f6e6c.sdf,0.0,21.61,MMFF
mol_5b4c34c7_626257389c74.sdf,0.0,31.92,MMFF
mol_5b4d8a87_80db2d139f10.sdf,0.0,41.83,MMFF
mol_5b79aa73_91a523f889ab.sdf,0.0,-1.89,MMFF
mol_5b8f69a3_cbf8d0a56ac3.sdf,0.0,39.87,MMFF
mol_5bbd6d61_34b30b38c301.sdf,0.0,127.06,MMFF
mol_5bc2c777_670856dae654.sdf,0.0,5.99,MMFF
mol_5bf530fd_745fd22ff27f.sdf,0.0,-18.09,MMFF
mol_5c1b9972_7ba9a7110df9.sdf,0.0,2.7,MMFF
mol_5c1b9972_8769964d70d5.sdf,0.0,-6.88,MMFF
mol_5c1b9972_8d41c382fe1d.sdf,0.0,2.75,MMFF
mol_5c251571_4c37bf81d468.sdf,0.0,17.29,MMFF
mol_5c57dead_1bfcb5a2b832.sdf,0.0,38.3,MMFF
mol_5c6ae311_2101ac7c4b28.sdf,0.0,101.72,MMFF
mol_5d043c5d_574d0c69220d.sdf,0.0,-29.45,MMFF
mol_5d46feb6_a307f36f417b.sdf,0.0,6.43,MMFF
mol_5d61d21a_9a07fb49290c.sdf,0.0,32.19,MMFF
mol_5d8e2763_d2e89dd1def2.sdf,0.0,98.62,MMFF
mol_5dae084c_24945f16b778.sdf,0.0,0.2,MMFF
mol_5dba0e78_72ec1880b414.sdf,0.0,72.13,MMFF
mol_5dba0e78_9696346ac207.sdf,0.0,62.8,MMFF
mol_5dba0e78_fb9d2c198d81.sdf,0.0,62.33,MMFF
mol_5dbf70b8_2c42c8cb98f2.sdf,0.0,53.61,MMFF
mol_5dbf70b8_60b791436b20.sdf,0.0,-33.82,MMFF
mol_5dbf70b8_b93a5268d9c5.sdf,0.0,45.16,MMFF
mol_5de3692e_306a80b1a29f.sdf,0.0,-85.56,MMFF
mol_5e2d41f8_33a8c265b878.sdf,0.0,44.98,MMFF
mol_5e2d41f8_541a1fe5055c.sdf,0.0,49.67,MMFF
mol_5e46253f_f1b9cc757a2a.sdf,0.0,51.63,MMFF
mol_5e4d36d9_bf4d30140458.sdf,0.0,91.11,MMFF
mol_5e5b3dcf_e7f1c2906021.sdf,0.0,101.54,MMFF
mol_5ea7e7ea_2afbc0101a5c.sdf,0.0,8.78,MMFF
mol_5ed3423c_1bb19c3df91c.sdf,0.0,74.12,MMFF
mol_5ed633c3_02c8c2e92836.sdf,0.0,95.62,MMFF
mol_5ed633c3_cfeb8e695a08.sdf,0.0,122.17,MMFF
mol_5eda0dcd_0eb9ab5a8e2e.sdf,0.0,-32.11,MMFF
mol_5eda0dcd_12dcf58b00b5.sdf,0.0,-5.74,MMFF
mol_5ee25e6f_750a8d50017d.sdf,0.0,24.94,MMFF
mol_5ee25e6f_a5f629ec0509.sdf,0.0,41.98,MMFF
mol_5ee3c988_2189e8c95297.sdf,0.0,24.03,MMFF
mol_5ee3c988_d10fe988c29c.sdf,0.0,5.03,MMFF
mol_5ee65527_c8c99d51d3e5.sdf,0.0,66.77,MMFF
mol_5ef0b7ce_32fb26a72fc0.sdf,0.0,-13.4,MMFF
mol_5ef0b7ce_dbd0ecaf138f.sdf,0.0,-8.5,MMFF
mol_5ef6f7cd_054b3fd7ef40.sdf,0.0,80.78,MMFF
mol_5f2c8d98_5f2c8d98195c.sdf,0.0,122.32,MMFF
mol_5f59a171_5f59a1718f5f.sdf,0.0,17.45,MMFF
mol_5f74129d_e9f85fdb086a.sdf,0.0,-37.61,MMFF
mol_5f77b5e2_90fb13576602.sdf,0.0,66.32,MMFF
mol_5f8320e7_43b0313fd300.sdf,0.0,69.65,MMFF
mol_5f9dd51f_e69af249253f.sdf,0.0,71.91,MMFF
mol_5fb67e55_a2a955639e1e.sdf,0.0,-8.36,MMFF
mol_5fc33e6b_0b9c434d33ba.sdf,0.0,44.11,MMFF
mol_5fc33e6b_1b3c488c323e.sdf,0.0,31.75,MMFF
mol_5fdb50d2_39cbae36039f.sdf,0.0,64.36,MMFF
mol_5fdb50d2_41d15fe48b3d.sdf,0.0,50.29,MMFF
mol_5fdb50d2_66dc1406e64f.sdf,0.0,66.19,MMFF
mol_5fdb50d2_71e9e4cdf9ea.sdf,0.0,51.87,MMFF
mol_5fdb50d2_7ae90de10680.sdf,0.0,62.7,MMFF
mol_5fdb50d2_8910f67e7969.sdf,0.0,64.5,MMFF
mol_5fdb50d2_9cb53d68d2ae.sdf,0.0,58.88,MMFF
mol_5fdb50d2_a5caaea128bb.sdf,0.0,44.54,MMFF
mol_5fdb50d2_b03aaf1049c4.sdf,0.0,67.61,MMFF
mol_5fdb50d2_b0c4351e3550.sdf,0.0,59.88,MMFF
mol_5fdb50d2_b8c35fde9bce.sdf,0.0,68.04,MMFF
mol_5fdb50d2_c733f3329070.sdf,0.0,74.97,MMFF
mol_5fdb50d2_dc2825d71b7e.sdf,0.0,64.33,MMFF
mol_5fdea5b9_055af72cf2a8.sdf,0.0,-22.88,MMFF
mol_5fdea5b9_ad75a6d28d30.sdf,0.0,-19.75,MMFF
mol_5ff769bb_207261c05ba6.sdf,0.0,12.85,MMFF
mol_5ff769bb_900869d23d01.sdf,0.0,63.19,MMFF
mol_604ecf08_0aa8f16ea097.sdf,0.0,98.79,MMFF
mol_605263bc_db29d93be65f.sdf,0.0,95.51,MMFF
mol_6059cd75_1df8eedbced5.sdf,0.0,-2.53,MMFF
mol_6091d480_4db3b64c8503.sdf,0.0,-74.27,MMFF
mol_6091d480_778261dcdef8.sdf,0.0,15.79,MMFF
mol_6091d480_d57723da434a.sdf,0.0,-75.16,MMFF
mol_6091d480_db3409f38fbc.sdf,0.0,3.86,MMFF
mol_60b6f0f5_19db857c3116.sdf,0.0,36.78,MMFF
mol_60c54cdb_5304e3ab0b08.sdf,0.0,1.25,MMFF
mol_60e5350a_58b37a3fe2d1.sdf,0.0,79.19,MMFF
mol_60e5350a_96859aa2f5dd.sdf,0.0,68.06,MMFF
mol_60e5350a_fc8093dce265.sdf,0.0,61.7,MMFF
mol_60e9a51f_8105125a2764.sdf,0.0,35.77,MMFF
mol_60f6cfc0_b16513b46e4f.sdf,0.0,29.09,MMFF
mol_611d33cb_ba5af0f95c72.sdf,0.0,52.39,MMFF
mol_613c0d86_baa74adbc69e.sdf,0.0,119.56,MMFF
mol_615c56c2_19c4d65cb5c8.sdf,0.0,2.2,MMFF
mol_616c8de7_19fd584a2d0b.sdf,0.0,22.38,MMFF
mol_61c5023b_fb723c196560.sdf,0.0,105.03,MMFF
mol_61d7f6ee_3daaf20e8a31.sdf,0.0,90.92,MMFF
mol_6206b879_ed491fde5870.sdf,0.0,97.0,MMFF
mol_62390b0d_1a179df5824d.sdf,0.0,29.01,MMFF
mol_62390b0d_e477280bc4d3.sdf,0.0,37.22,MMFF
mol_6249f3b3_de7d464c353f.sdf,0.0,52.12,MMFF
mol_625d1182_1ce102154e36.sdf,0.0,85.48,MMFF
mol_62808dba_7b2a5095a47a.sdf,0.0,94.69,MMFF
mol_6285617b_0bcab933dda1.sdf,0.0,27.48,MMFF
mol_6285617b_3eff86026c8b.sdf,0.0,-9.76,MMFF
mol_6285617b_5797bd22e7d3.sdf,0.0,1.68,MMFF
mol_6285617b_ba5603fbeb84.sdf,0.0,3.82,MMFF
mol_6285617b_db4ab29f8b1e.sdf,0.0,-22.13,MMFF
mol_6285617b_eec3b36494b2.sdf,0.0,-8.44,MMFF
mol_6285617b_f15cc1ff5f22.sdf,0.0,6.46,MMFF
mol_6298d6a3_3403b2ae40c8.sdf,0.0,-112.27,MMFF
mol_62ae6973_3c00c5fed915.sdf,0.0,-13.4,MMFF
mol_62ae6973_5e229573680d.sdf,0.0,-10.73,MMFF
mol_62ae6973_9999f5203172.sdf,0.0,-16.58,MMFF
mol_62d4724f_22d9f6b20c71.sdf,0.0,56.53,MMFF
mol_62e852d3_0fbc588ae8b2.sdf,0.0,69.19,MMFF
mol_6306ffa0_289a53794590.sdf,0.0,29.61,MMFF
mol_6306ffa0_c110c8cde9d6.sdf,0.0,49.27,MMFF
mol_630d3aea_38242a15ea69.sdf,0.0,-21.41,MMFF
mol_634f6107_cd7a6e832bf2.sdf,0.0,32.29,MMFF
mol_634f9e57_526b6584e858.sdf,0.0,34.0,MMFF
mol_635add35_8870bc3237e9.sdf,0.0,122.66,MMFF
mol_6395df71_1445c8967468.sdf,0.0,89.43,MMFF
mol_6395df71_a0ff7862a614.sdf,0.0,98.58,MMFF
mol_63e9ad91_0daeb343b25e.sdf,0.0,38.91,MMFF
mol_645f8d75_b90348779034.sdf,0.0,30.73,MMFF
mol_646dee13_4e447f3cae7d.sdf,0.0,-27.44,MMFF
mol_646dee13_5c1f2b71c2be.sdf,0.0,-63.19,MMFF
mol_646dee13_60f45d2829bf.sdf,0.0,-68.77,MMFF
mol_646dee13_869369d31751.sdf,0.0,-15.44,MMFF
mol_646dee13_d5e66dcfbdf7.sdf,0.0,-11.31,MMFF
mol_646dee13_feb0961514dd.sdf,0.0,-21.94,MMFF
mol_6489a29b_fc3055bd67c9.sdf,0.0,62.95,MMFF
mol_64a66e66_cd72d32b4bdb.sdf,0.0,-27.61,MMFF
mol_64decd83_cac3f0c45b8d.sdf,0.0,-29.54,MMFF
mol_651842c9_319c90ddd2b4.sdf,0.0,47.01,MMFF
mol_651842c9_cb3b8a4ce7b8.sdf,0.0,58.37,MMFF
mol_654357a0_0b714e889164.sdf,0.0,-16.43,MMFF
mol_654357a0_3e9db0cd32c8.sdf,0.0,-27.35,MMFF
mol_654357a0_7253f92a0557.sdf,0.0,23.69,MMFF
mol_654357a0_7db37de351f8.sdf,0.0,4.13,MMFF
mol_654357a0_8822e8d7ee73.sdf,0.0,10.42,MMFF
mol_6551d04d_cbddd6d2ca4b.sdf,0.0,27.54,MMFF
mol_65520ac7_613c0a42f23f.sdf,0.0,93.36,MMFF
mol_6577057c_460c01897be9.sdf,0.0,103.03,MMFF
mol_65825862_08a9aea044fb.sdf,0.0,64.62,MMFF
mol_65825862_0a1c2cc6cf06.sdf,0.0,13.47,MMFF
mol_65865cf1_e866545ba659.sdf,0.0,-56.78,MMFF
mol_65b090e3_9b00ea8aab24.sdf,0.0,76.4,MMFF
mol_65b5ff5d_234c5828c199.sdf,0.0,-6.28,MMFF
mol_65b5ff5d_c7b8d6a5d74a.sdf,0.0,3.2,MMFF
mol_65d44c7a_cc626b56fee0.sdf,0.0,38.26,MMFF
mol_65e61a0d_1f7063817b47.sdf,0.0,34.82,MMFF
mol_65f99e59_a39d19df881d.sdf,0.0,47.99,MMFF
mol_6603db4c_3db86bb297e5.sdf,0.0,109.55,MMFF
mol_66481ba9_1b2ccb3b2596.sdf,0.0,127.61,MMFF
mol_66481ba9_a2587ccf73f5.sdf,0.0,128.06,MMFF
mol_664e846b_6fa77622b030.sdf,0.0,-22.09,MMFF
mol_6655dc63_24b95741ccbd.sdf,0.0,81.13,MMFF
mol_666d37e4_9e7c5ece0e2f.sdf,0.0,46.52,MMFF
mol_66717e12_ddc3d42d196f.sdf,0.0,32.01,MMFF
mol_66717e12_eae9c9c89845.sdf,0.0,29.48,MMFF
mol_6681e215_f3bdfbd8244f.sdf,0.0,28.74,MMFF
mol_6699ad2e_d9fffe92ce06.sdf,0.0,78.99,MMFF
mol_669a0184_b5e805a0116b.sdf,0.0,88.77,MMFF
mol_66e61616_d699bec98e17.sdf,0.0,-15.85,MMFF
mol_66ee0578_037343cd7ee4.sdf,0.0,28.6,MMFF
mol_66ee0578_8b531cca7005.sdf,0.0,13.6,MMFF
mol_66ee0578_e7e03ba88f24.sdf,0.0,18.18,MMFF
mol_670547be_670547bead5b.sdf,0.0,-43.18,MMFF
mol_672c73ea_9525ff9fff93.sdf,0.0,15.49,MMFF
mol_6753b326_fda19df6c902.sdf,0.0,92.65,MMFF
mol_67701a42_90885b6bc8ca.sdf,0.0,97.39,MMFF
mol_677e5e11_c48888021888.sdf,0.0,20.89,MMFF
mol_679d13e1_1ea63c4102fa.sdf,0.0,90.86,MMFF
mol_679d13e1_53712c68e93b.sdf,0.0,84.9,MMFF
mol_67b6d4d9_5084da2e9229.sdf,0.0,-6.14,MMFF
mol_67d3409a_403ded5f0fe1.sdf,0.0,143.93,MMFF
mol_67d3409a_437ee0e96296.sdf,0.0,145.71,MMFF
mol_6813f50c_1453d9ede6f3.sdf,0.0,36.46,MMFF
mol_6869b519_85e37c8ade62.sdf,0.0,24.15,MMFF
mol_6872a926_bf0fb57e85b6.sdf,0.0,21.07,MMFF
mol_6883f424_9d6970b9ab8b.sdf,0.0,97.28,MMFF
mol_6883f424_ea612b9b0543.sdf,0.0,76.81,MMFF
mol_68a497af_3085ff63d2d1.sdf,0.0,47.13,MMFF
mol_68d8cba5_317623939a24.sdf,0.0,26.59,MMFF
mol_68d8cba5_79111ce037f4.sdf,0.0,25.69,MMFF
mol_690f14c1_81e1dc0d6d51.sdf,0.0,41.63,MMFF
mol_690f14c1_9b307e7cd2c8.sdf,0.0,32.86,MMFF
mol_690f14c1_cc362584e17a.sdf,0.0,44.65,MMFF
mol_692f8392_cd1a06031dfb.sdf,0.0,30.87,MMFF
mol_69343527_84abdc3d2025.sdf,0.0,48.37,MMFF
mol_696c4a1a_0b26ff838580.sdf,0.0,70.93,MMFF
mol_69a752d6_bd0dd5607b8a.sdf,0.0,52.78,MMFF
mol_69ea7b00_6cf3c55835d0.sdf,0.0,28.35,MMFF
mol_69ea7b00_9975f43f1d9b.sdf,0.0,27.71,MMFF
mol_69ea7b00_ff9a3da6ec0e.sdf,0.0,30.47,MMFF
mol_6a3b5108_4a7f32c391a6.sdf,0.0,-22.82,MMFF
mol_6a3b5108_4b0d15a086cf.sdf,0.0,-24.67,MMFF
mol_6a4b74c2_188d68385638.sdf,0.0,67.42,MMFF
mol_6a4b74c2_25c6575a1848.sdf,0.0,63.77,MMFF
mol_6ac0d79c_d0ddb68e0ca2.sdf,0.0,88.27,MMFF
mol_6ad29cf9_5920729cf61a.sdf,0.0,27.92,MMFF
mol_6b2cb8ee_2e8bc3599bf8.sdf,0.0,37.44,MMFF
mol_6b2cb8ee_8e90dd7ced51.sdf,0.0,37.09,MMFF
mol_6b2cb8ee_e676cbb3b082.sdf,0.0,13.58,MMFF
mol_6b41ddbf_c5e097b70a85.sdf,0.0,78.12,MMFF
mol_6b41ddbf_f606a835964c.sdf,0.0,60.25,MMFF
mol_6b44d663_25f2de0c0fb0.sdf,0.0,17.67,MMFF
mol_6b45a5c1_5c7e667f5d63.sdf,0.0,-102.58,MMFF
mol_6b7a70ab_bf672a315557.sdf,0.0,5.53,MMFF
mol_6ba8743a_2bbf370d34a4.sdf,0.0,21.0,MMFF
mol_6babe571_66c32d4abe67.sdf,0.0,50.67,MMFF
mol_6bcdbef8_07a99665e190.sdf,0.0,3.98,MMFF
mol_6bcdbef8_2aaa8714ae39.sdf,0.0,8.56,MMFF
mol_6bcdbef8_43842a2ce3b9.sdf,0.0,11.37,MMFF
mol_6bcdbef8_6c2b2118602e.sdf,0.0,-22.64,MMFF
mol_6bea25d1_4208f268d615.sdf,0.0,17.11,MMFF
mol_6bea25d1_796dfbe7a219.sdf,0.0,2.09,MMFF
mol_6bea25d1_b66fd35b555a.sdf,0.0,2.72,MMFF
mol_6bf4b2c9_c99a791cb56e.sdf,0.0,23.46,MMFF
mol_6c22b588_2af75beba9f9.sdf,0.0,31.13,MMFF
mol_6c3f4080_0605064784d8.sdf,0.0,84.5,MMFF
mol_6c6c54f6_f5ae3b07ffa8.sdf,0.0,11.92,MMFF
mol_6c8a6dad_95c41463a9eb.sdf,0.0,134.4,MMFF
mol_6cb97d11_1743ca3cb262.sdf,0.0,24.35,MMFF
mol_6cb97d11_bb20c08a479b.sdf,0.0,18.37,MMFF
mol_6ce5f330_42c911f8bf82.sdf,0.0,12.93,MMFF
mol_6cf54c3e_02db6f20197d.sdf,0.0,-77.8,MMFF
mol_6d0c05bd_0e4d81f8b84c.sdf,0.0,-21.76,MMFF
mol_6d0c05bd_9db1cc03dbe1.sdf,0.0,-20.6,MMFF
mol_6d0c05bd_edc9688732d2.sdf,0.0,-10.09,MMFF
mol_6d40eacd_f3a6d74676d2.sdf,0.0,25.61,MMFF
mol_6d442ac0_19a1b899b4cf.sdf,0.0,-11.4,MMFF
mol_6d442ac0_aa782da5e816.sdf,0.0,8.84,MMFF
mol_6d442ac0_dbd1d61cce95.sdf,0.0,12.14,MMFF
mol_6d5df600_262996cbc680.sdf,0.0,32.25,MMFF
mol_6d5df600_d5ab75b13633.sdf,0.0,44.13,MMFF
mol_6da12c54_183242e44190.sdf,0.0,75.68,MMFF
mol_6dac8dfe_15f5b0143d67.sdf,0.0,15.42,MMFF
mol_6de62fcd_2dd2cb5eace2.sdf,0.0,-49.18,MMFF
mol_6de62fcd_6de62fcd876a.sdf,0.0,-49.6,MMFF
mol_6df6b73d_9cd02aadbdfe.sdf,0.0,17.39,MMFF
mol_6e4073e2_d2ff65ce624e.sdf,0.0,20.32,MMFF
mol_6e57522a_7cc36f4bac05.sdf,0.0,68.86,MMFF
mol_6e84fade_0169eccc42b8.sdf,0.0,49.6,MMFF
mol_6e84fade_e880acda6999.sdf,0.0,40.24,MMFF
mol_6ed523b6_61d02b7e1ef5.sdf,0.0,82.44,MMFF
mol_6ee7142e_12d2a42f6773.sdf,0.0,10.01,MMFF
mol_6eef635f_67edeece3581.sdf,0.0,33.94,MMFF
mol_6ef85968_faabd33d78c0.sdf,0.0,41.7,MMFF
mol_6f029208_b9c0e7b32052.sdf,0.0,87.57,MMFF
mol_6f334c2b_15ff98ce9529.sdf,0.0,58.2,MMFF
mol_6f36e6ca_10c19c4dd7dd.sdf,0.0,-30.24,MMFF
mol_6f471296_6f471296807e.sdf,0.0,-31.02,MMFF
mol_6f58dfa6_5c853a2184e1.sdf,0.0,-53.26,MMFF
mol_6f623cf2_a2801139deab.sdf,0.0,113.13,MMFF
mol_6f6a565c_392e868af8a5.sdf,0.0,45.05,MMFF
mol_6f6a565c_6f6a565c1505.sdf,0.0,51.21,MMFF
mol_6f83234f_cbccd8363cad.sdf,0.0,-4.91,MMFF
mol_6f9a2fbf_7bb82b9956b8.sdf,0.0,64.67,MMFF
mol_6fa6dbbe_83dc55f6f4c1.sdf,0.0,92.13,MMFF
mol_6fbdeae8_ba40e4a2212b.sdf,0.0,-6.59,MMFF
mol_6fe95258_ea825474f3dd.sdf,0.0,32.24,MMFF
mol_6fe95258_fb212483aee5.sdf,0.0,66.61,MMFF
mol_7007b40d_a21a4a92856e.sdf,0.0,-11.12,MMFF
mol_700f9691_d50ac35f991b.sdf,0.0,58.24,MMFF
mol_703262da_9c048f9e1daa.sdf,0.0,70.19,MMFF
mol_703262da_a55817b78655.sdf,0.0,62.08,MMFF
mol_703df987_734bb356f29a.sdf,0.0,21.48,MMFF
mol_703df987_9d668399eaa3.sdf,0.0,24.81,MMFF
mol_703df987_b804d6608010.sdf,0.0,22.81,MMFF
mol_707fb77b_23bad6e3cc82.sdf,0.0,84.39,MMFF
mol_707fb77b_3438be64809f.sdf,0.0,83.6,MMFF
mol_707fb77b_69337bfb133c.sdf,0.0,79.62,MMFF
mol_708b8eba_924625bc31a0.sdf,0.0,22.83,MMFF
mol_70b400ed_20714b209221.sdf,0.0,37.79,MMFF
mol_70c361c9_4cafa2d2bd70.sdf,0.0,107.0,MMFF
mol_70c361c9_c6ef3c60845d.sdf,0.0,110.53,MMFF
mol_70ef56f8_134b3ec6fdb9.sdf,0.0,87.92,MMFF
mol_70ef56f8_53639bb599b0.sdf,0.0,25.94,MMFF
mol_70ef56f8_ca1bd50508d0.sdf,0.0,60.95,MMFF
mol_70ef56f8_ebf8a9e189fa.sdf,0.0,62.2,MMFF
mol_70efe623_439b70f93260.sdf,0.0,38.39,MMFF
mol_70efe623_b62a54b89f73.sdf,0.0,7.22,MMFF
mol_70f60637_73f297f29042.sdf,0.0,38.51,MMFF
mol_716257ca_fdcbf4f844ae.sdf,0.0,39.86,MMFF
mol_718430ab_386bf61a82a0.sdf,0.0,50.52,MMFF
mol_71f05093_34b446afaa99.sdf,0.0,47.04,MMFF
mol_71f5a6fc_a29cdc264ebe.sdf,0.0,28.5,MMFF
mol_722db98b_5e813ee496ef.sdf,0.0,58.26,MMFF
mol_722db98b_96a033553e0d.sdf,0.0,79.1,MMFF
mol_722db98b_a859796c2622.sdf,0.0,78.53,MMFF
mol_722db98b_ddca4457ce99.sdf,0.0,74.8,MMFF
mol_722e808e_40d4f9e21b4f.sdf,0.0,102.63,MMFF
mol_72568507_42f41c1429ce.sdf,0.0,89.99,MMFF
mol_726f7566_61cdd57d235b.sdf,0.0,30.27,MMFF
mol_726f7566_ae24279e78e5.sdf,0.0,-3.91,MMFF
mol_7294a543_2f50eb555050.sdf,0.0,-25.44,MMFF
mol_72c066e3_e9351100aad5.sdf,0.0,64.76,MMFF
mol_72c4e1b8_432d0414903f.sdf,0.0,-22.28,MMFF
mol_72c62aaa_022368935c96.sdf,0.0,41.41,MMFF
mol_72c62aaa_9c1e1620c7f5.sdf,0.0,39.68,MMFF
mol_72d3a293_9af02e0ba274.sdf,0.0,-42.91,MMFF
mol_736adb26_2c5cdd48e759.sdf,0.0,5.66,MMFF
mol_73b882b5_773de3359667.sdf,0.0,53.18,MMFF
mol_73c1e30f_9070755cbf17.sdf,0.0,-37.16,MMFF
mol_73c1e30f_923b740d0d6f.sdf,0.0,-11.47,MMFF
mol_73c1e30f_c9d2a708de88.sdf,0.0,-19.41,MMFF
mol_73c3bc52_4153c0822b83.sdf,0.0,73.65,MMFF
mol_73ca0d06_be2116d6a362.sdf,0.0,39.74,MMFF
mol_73ca8ead_809c8a9343ca.sdf,0.0,18.83,MMFF
mol_73cb66d2_183468a978ef.sdf,0.0,64.24,MMFF
mol_73cb66d2_96884cd8194e.sdf,0.0,46.57,MMFF
mol_73e9a637_2068fdb2ce28.sdf,0.0,46.32,MMFF
mol_73fb3015_591d7873adde.sdf,0.0,107.87,MMFF
mol_741506c5_694f581485ef.sdf,0.0,18.42,MMFF
mol_741506c5_6e313650e1b7.sdf,0.0,5.09,MMFF
mol_741506c5_7ecb686fe46c.sdf,0.0,-6.22,MMFF
mol_74ab598b_c0aa443b789b.sdf,0.0,26.76,MMFF
mol_74b10b4c_74fd77ff2eaa.sdf,0.0,55.07,MMFF
mol_74c3b151_29a1a54b0c5e.sdf,0.0,45.09,MMFF
mol_74c3b151_61dcfdd3fb26.sdf,0.0,42.86,MMFF
mol_74c3b151_64854220ec63.sdf,0.0,71.5,MMFF
mol_74d4be91_1a5793621049.sdf,0.0,59.95,MMFF
mol_74e049ae_52a7b529b515.sdf,0.0,75.75,MMFF
mol_753e1ff0_0b7b7f6071d7.sdf,0.0,6.23,MMFF
mol_7567e3cd_56f591435dd3.sdf,0.0,31.92,MMFF
mol_75947ad4_75947ad494c9.sdf,0.0,116.72,MMFF
mol_7594eecb_d4d9506e55cb.sdf,0.0,-20.9,MMFF
mol_75fbc134_bf7411b1353b.sdf,0.0,-10.93,MMFF
mol_760b38b5_036660d31c6b.sdf,0.0,49.78,MMFF
mol_760b38b5_1a16bb15ac53.sdf,0.0,44.38,MMFF
mol_760b38b5_30de2561be69.sdf,0.0,63.1,MMFF
mol_760b38b5_5db2485a4d5c.sdf,0.0,64.28,MMFF
mol_760b38b5_bd706df7e424.sdf,0.0,55.54,MMFF
mol_7628ba8d_364de3953898.sdf,0.0,19.18,MMFF
mol_76371e05_9ba41f8ee7f4.sdf,0.0,83.08,MMFF
mol_763ff6cc_c320e80d357c.sdf,0.0,25.91,MMFF
mol_764e76fb_9aa05b620036.sdf,0.0,-66.42,MMFF
mol_765edb55_667745517656.sdf,0.0,77.72,MMFF
mol_76812408_f774274058b3.sdf,0.0,53.13,MMFF
mol_76a9c166_7d46a984b807.sdf,0.0,32.77,MMFF
mol_76a9c166_b1fcde630937.sdf,0.0,97.29,MMFF
mol_76c1e2d7_de7803e84521.sdf,0.0,65.3,MMFF
mol_76c7da2c_72dcafe84109.sdf,0.0,-48.61,MMFF
mol_76d6c632_478dec5fd01f.sdf,0.0,21.74,MMFF
mol_76d6c632_5ca322cd5553.sdf,0.0,20.27,MMFF
mol_76d6c632_5dcd100e1994.sdf,0.0,31.55,MMFF
mol_76d6c632_c2c806858daf.sdf,0.0,25.43,MMFF
mol_76f262c1_304a97e387c7.sdf,0.0,-1.88,MMFF
mol_76f262c1_fa8ca3989680.sdf,0.0,3.76,MMFF
mol_770a6db5_cd28d3bc1293.sdf,0.0,36.21,MMFF
mol_770e1dc0_6f00d1ad37ba.sdf,0.0,32.2,MMFF
mol_770e1dc0_745d2731b2b2.sdf,0.0,55.62,MMFF
mol_770e1dc0_e03d3fe103a9.sdf,0.0,34.39,MMFF
mol_7733b29b_370fb1aaf39a.sdf,0.0,0.73,MMFF
mol_7733b29b_bc3aae1cb5cc.sdf,0.0,-2.02,MMFF
mol_7746e8e7_08e834183070.sdf,0.0,76.73,MMFF
mol_7746e8e7_63cb8328e99e.sdf,0.0,58.68,MMFF
mol_7746e8e7_96d37d259c25.sdf,0.0,65.66,MMFF
mol_7750c27d_e849395d705e.sdf,0.0,-2.82,MMFF
mol_778cdf71_43f84316a9cd.sdf,0.0,10.03,MMFF
mol_77c33ca1_0ccddde76292.sdf,0.0,90.4,MMFF
mol_77c33ca1_d31b8fd1c362.sdf,0.0,86.69,MMFF
mol_77c3c4a2_1fae50448461.sdf,0.0,81.14,MMFF
mol_77c74f40_d405c211c28e.sdf,0.0,66.72,MMFF
mol_77d7d3b8_8056e207969e.sdf,0.0,101.76,MMFF
mol_7806a64b_18e02f80c44f.sdf,0.0,28.8,MMFF
mol_7806a64b_1d1d51787425.sdf,0.0,24.73,MMFF
mol_78149361_78149361d619.sdf,0.0,64.14,MMFF
mol_7821e004_fec51e54d90f.sdf,0.0,51.47,MMFF
mol_783084c7_b85c2d8fffb3.sdf,0.0,17.88,MMFF
mol_7874a34e_67155ebd2b64.sdf,0.0,46.84,MMFF
mol_78be2e17_78be2e17aee6.sdf,0.0,77.06,MMFF
mol_78be2e17_b37a45ebeed7.sdf,0.0,65.77,MMFF
mol_78d8e82b_704237919366.sdf,0.0,16.82,MMFF
mol_7975e3bd_27e1e73e8fb7.sdf,0.0,21.42,MMFF
mol_7975e3bd_41d4a03eb5b7.sdf,0.0,14.09,MMFF
mol_7975e3bd_4fbdf5d0f4b7.sdf,0.0,3.25,MMFF
mol_7975e3bd_6cfd43bc1367.sdf,0.0,5.84,MMFF
mol_7975e3bd_c428e13386e2.sdf,0.0,15.35,MMFF
mol_7975e3bd_c63d65a0c326.sdf,0.0,-6.4,MMFF
mol_79dbc6b0_79dbc6b0140f.sdf,0.0,19.24,MMFF
mol_79e6bbb6_6b2b943a8b83.sdf,0.0,45.69,MMFF
mol_79f7567d_79f7567d1448.sdf,0.0,75.56,MMFF
mol_7a1b829c_bac0c5225714.sdf,0.0,57.49,MMFF
mol_7a798d11_14aadf130fde.sdf,0.0,23.24,MMFF
mol_7a86608f_d8cbac959ced.sdf,0.0,70.15,MMFF
mol_7ac651be_c1a005e374b1.sdf,0.0,74.05,MMFF
mol_7ade38a9_7bfb61d7e962.sdf,0.0,2.24,MMFF
mol_7adf98ad_7adf98ad79ac.sdf,0.0,-86.93,MMFF
mol_7af2caae_ddcd81b82fd8.sdf,0.0,-9.2,MMFF
mol_7b2388a3_1c10285b2ebd.sdf,0.0,102.2,MMFF
mol_7b3ff6f7_249c613f5757.sdf,0.0,70.24,MMFF
mol_7b5ddc15_31c0d476f026.sdf,0.0,149.99,MMFF
mol_7b84d6aa_189b8fb372f7.sdf,0.0,60.33,MMFF
mol_7b84d6aa_562d3e565418.sdf,0.0,58.53,MMFF
mol_7b84d6aa_850d4029e106.sdf,0.0,75.42,MMFF
mol_7b84d6aa_d9663dd03ddb.sdf,0.0,72.6,MMFF
mol_7b99bf7a_69362fe84794.sdf,0.0,14.69,MMFF
mol_7c0d8947_2c9bba99a92b.sdf,0.0,70.11,MMFF
mol_7c27679a_937a76134ef5.sdf,0.0,3.48,MMFF
mol_7cf441b5_eb2111db0308.sdf,0.0,58.37,MMFF
mol_7d1214f3_acb0da331567.sdf,0.0,44.62,MMFF
mol_7d2dacf5_c4bf881350a4.sdf,0.0,72.37,MMFF
mol_7d6ee225_29c792235fc4.sdf,0.0,29.45,MMFF
mol_7d6ee225_49e554ba42bb.sdf,0.0,42.22,MMFF
mol_7daebb87_666d3242e6f5.sdf,0.0,29.75,MMFF
mol_7dcc3b99_01cf5c2ea4d0.sdf,0.0,61.29,MMFF
mol_7deebdb4_7deebdb4194e.sdf,0.0,45.4,MMFF
mol_7df566c1_b7ba60014ef0.sdf,0.0,28.79,MMFF
mol_7e2f68e2_453ecec0b68a.sdf,0.0,40.03,MMFF
mol_7e2f68e2_98a3dd821149.sdf,0.0,36.96,MMFF
mol_7e2f68e2_adf4294854fa.sdf,0.0,51.98,MMFF
mol_7e4a3474_81413dd0ac87.sdf,0.0,47.32,MMFF
mol_7e4bc9a6_4bb267bbb379.sdf,0.0,-18.62,MMFF
mol_7e5d8645_7e5d86458a3d.sdf,0.0,30.15,MMFF
mol_7e70f984_0530806a80c6.sdf,0.0,4.46,MMFF
mol_7e70f984_1d6582b2cc9e.sdf,0.0,29.07,MMFF
mol_7e70f984_7aa09b39674f.sdf,0.0,4.25,MMFF
mol_7e70f984_7ff60f3e9560.sdf,0.0,5.3,MMFF
mol_7e70f984_afafbfabed7b.sdf,0.0,10.97,MMFF
mol_7e99bfb2_1b2669ed3597.sdf,0.0,80.83,MMFF
mol_7e9e3e1a_3d986cfca963.sdf,0.0,-50.53,MMFF
mol_7e9e3e1a_853306a21ba6.sdf,0.0,-78.15,MMFF
mol_7e9e3e1a_df814ad85e4a.sdf,0.0,-57.8,MMFF
mol_7e9e3e1a_fffacb38bbaf.sdf,0.0,-57.71,MMFF
mol_7f032bfb_5a8987e4ff41.sdf,0.0,109.47,MMFF
mol_7f245752_bc1e0422fd65.sdf,0.0,11.65,MMFF
mol_7f306d58_aafa9f1e24d4.sdf,0.0,43.9,MMFF
mol_7f5c0252_2bf49d42568f.sdf,0.0,96.64,MMFF
mol_7f6e2ec9_39ab9b6fe042.sdf,0.0,57.54,MMFF
mol_7f823530_0576ad042850.sdf,0.0,74.63,MMFF
mol_7fb4d57c_953ff97a3818.sdf,0.0,115.65,MMFF
mol_7fc275fd_67dc3a179549.sdf,0.0,66.09,MMFF
mol_7fd439a8_063cbbd3e73e.sdf,0.0,101.75,MMFF
mol_7fd6c374_1fc6a3444b68.sdf,0.0,20.82,MMFF
mol_7fd6c374_2f9bcfacae80.sdf,0.0,22.29,MMFF
mol_7fe607ba_9c955051f0a1.sdf,0.0,-13.34,MMFF
mol_8001f4d7_c7f993c3483d.sdf,0.0,71.52,MMFF
mol_800809f6_b5d9d69b59f6.sdf,0.0,92.25,MMFF
mol_8029ca1d_1e43fa91c0ad.sdf,0.0,-8.68,MMFF
mol_8029ca1d_1f16ab7e89a4.sdf,0.0,-42.55,MMFF
mol_8029ca1d_55422865ad21.sdf,0.0,-16.67,MMFF
mol_8029ca1d_5e423a5d6f90.sdf,0.0,-39.27,MMFF
mol_8029ca1d_e0b7d3adc743.sdf,0.0,-2.17,MMFF
mol_805add96_b5e827c0b308.sdf,0.0,12.68,MMFF
mol_8082ed20_d67efce9ddc2.sdf,0.0,48.34,MMFF
mol_8082ed20_d7e40b321f47.sdf,0.0,74.31,MMFF
mol_808e8508_e3a2608527a0.sdf,0.0,16.98,MMFF
mol_809f13af_b0b7531ec25c.sdf,0.0,26.14,MMFF
mol_80b36db0_89a7183c0432.sdf,0.0,-13.01,MMFF
mol_80c3a8c5_a88de5ca7a6c.sdf,0.0,12.02,MMFF
mol_80c6f307_3e62ebf46a8d.sdf,0.0,84.88,MMFF
mol_80c6f307_a01ee79c59ee.sdf,0.0,91.48,MMFF
mol_80e40439_e0b2bbfde333.sdf,0.0,61.98,MMFF
mol_812efaa0_d675ea10e9bf.sdf,0.0,100.16,MMFF
mol_81319c75_c7257b397e2a.sdf,0.0,100.64,MMFF
mol_81594a9f_cb30f8a102fe.sdf,0.0,36.0,MMFF
mol_8165990e_ee017c5f66ac.sdf,0.0,-34.74,MMFF
mol_816ad3ed_d47f96d4736d.sdf,0.0,77.86,MMFF
mol_8170fb4e_fa7406ad6a1f.sdf,0.0,84.85,MMFF
mol_817c9b62_4a72c44b0ab2.sdf,0.0,99.37,MMFF
mol_8181d760_01a9a24e3e94.sdf,0.0,38.38,MMFF
mol_819167ff_1d933072ade9.sdf,0.0,95.22,MMFF
mol_81cba1bb_26c360cc9a0c.sdf,0.0,21.55,MMFF
mol_81db4cad_8bf45fdc3227.sdf,0.0,81.92,MMFF
mol_81df6026_d4e6460e4792.sdf,0.0,16.86,MMFF
mol_81df6026_ea5ed497f702.sdf,0.0,15.28,MMFF
mol_81e704a0_f87a62ca6358.sdf,0.0,37.77,MMFF
mol_81fd434c_f7435d39a10f.sdf,0.0,97.88,MMFF
mol_82465dfe_01352922a9a3.sdf,0.0,16.07,MMFF
mol_82479dad_52efb5329488.sdf,0.0,81.29,MMFF
mol_8260a171_108e7f183c20.sdf,0.0,50.0,MMFF
mol_8260a171_1638100f2e12.sdf,0.0,59.64,MMFF
mol_8260a171_4ff92022a435.sdf,0.0,30.34,MMFF
mol_8260a171_76552af2722e.sdf,0.0,25.57,MMFF
mol_8260a171_799194e957d7.sdf,0.0,24.44,MMFF
mol_8260a171_7bee03831106.sdf,0.0,50.21,MMFF
mol_8260a171_9406985c46dd.sdf,0.0,28.75,MMFF
mol_8260a171_cb6c6d4b43cd.sdf,0.0,36.69,MMFF
mol_8260a171_e0143e09890c.sdf,0.0,31.8,MMFF
mol_82a6c566_c8fdc6748ce6.sdf,0.0,62.12,MMFF
mol_82a86c46_b9debdf3035a.sdf,0.0,2.93,MMFF
mol_82c613a1_14c71e0d7e41.sdf,0.0,21.94,MMFF
mol_82cce384_0b41ddf9bc46.sdf,0.0,32.93,MMFF
mol_82cce384_1646cb0c1784.sdf,0.0,25.26,MMFF
mol_82cce384_1a2a27cfe0c9.sdf,0.0,40.7,MMFF
mol_82cce384_1ac202bfc770.sdf,0.0,14.46,MMFF
mol_82cce384_26e5842d6282.sdf,0.0,40.57,MMFF
mol_82cce384_29986a966f91.sdf,0.0,17.0,MMFF
mol_82cce384_2a3768830c51.sdf,0.0,21.35,MMFF
mol_82cce384_3676dc531214.sdf,0.0,18.42,MMFF
mol_82cce384_37a7ccdf279a.sdf,0.0,2.8,MMFF
mol_82cce384_3eb2af8df23b.sdf,0.0,16.06,MMFF
mol_82cce384_3fd04b2529df.sdf,0.0,26.2,MMFF
mol_82cce384_5bbf9bb5011a.sdf,0.0,35.07,MMFF
mol_82cce384_6d78224fbeac.sdf,0.0,38.83,MMFF
mol_82cce384_766cd8ea2df5.sdf,0.0,30.03,MMFF
mol_82cce384_76d7a3ab9eb7.sdf,0.0,121.26,MMFF
mol_82cce384_7d21f17eef67.sdf,0.0,12.13,MMFF
mol_82cce384_875bb3902c81.sdf,0.0,53.88,MMFF
mol_82cce384_90962549b1e9.sdf,0.0,23.29,MMFF
mol_82cce384_97ac7bd66a10.sdf,0.0,-50.75,MMFF
mol_82cce384_97c0b062925e.sdf,0.0,33.13,MMFF
mol_82cce384_9fd8543df8cc.sdf,0.0,30.77,MMFF
mol_82cce384_b40a9bff3bda.sdf,0.0,32.91,MMFF
mol_82cce384_b5ff90ae0f4b.sdf,0.0,26.83,MMFF
mol_82cce384_dae027d3bba7.sdf,0.0,29.18,MMFF
mol_82cce384_e1e7e31ce3b1.sdf,0.0,26.99,MMFF
mol_82cce384_f2aa8444eeec.sdf,0.0,43.06,MMFF
mol_82cce384_f35515e88ba1.sdf,0.0,26.33,MMFF
mol_82ce85f8_3963c944edbc.sdf,0.0,83.13,MMFF
mol_82d89f7c_a789856b6c40.sdf,0.0,34.36,MMFF
mol_82d89f7c_b01f8e7a8e62.sdf,0.0,30.07,MMFF
mol_82d89f7c_b287ee5525f2.sdf,0.0,33.48,MMFF
mol_82dcdc4c_420954f23ef7.sdf,0.0,67.01,MMFF
mol_82eeb44c_da3a8a66d1cb.sdf,0.0,-81.76,MMFF
mol_82ff0ac2_44bba02c42c6.sdf,0.0,28.41,MMFF
mol_8346d1b0_34d4a49f6382.sdf,0.0,49.75,MMFF
mol_8369c9f6_7d8432135908.sdf,0.0,-73.42,MMFF
mol_83866b14_014130b828be.sdf,0.0,17.55,MMFF
mol_83a3dfe3_16527523c760.sdf,0.0,77.57,MMFF
mol_83a3dfe3_4aa7ea33cd5b.sdf,0.0,103.87,MMFF
mol_83bf9a54_53eed38830fa.sdf,0.0,58.84,MMFF
mol_83c37c3b_4a544096b978.sdf,0.0,120.02,MMFF
mol_83f02ae2_09d53632949b.sdf,0.0,31.82,MMFF
mol_83fe6f43_04ad1c9d08ac.sdf,0.0,-7.47,MMFF
mol_83fe6f43_543d98509c96.sdf,0.0,10.1,MMFF
mol_83fe6f43_60ca7a3b410f.sdf,0.0,10.17,MMFF
mol_83fe6f43_92e9006f4857.sdf,0.0,-6.18,MMFF
mol_83fe6f43_be62d952466e.sdf,0.0,11.16,MMFF
mol_83fe6f43_be9eeb5726d6.sdf,0.0,6.12,MMFF
mol_84109f52_2fca55220d9b.sdf,0.0,62.71,MMFF
mol_84109f52_620917c8e032.sdf,0.0,54.4,MMFF
mol_8419250e_1c077cfee7a7.sdf,0.0,29.95,MMFF
mol_8451c0cc_df0dd1891087.sdf,0.0,94.64,MMFF
mol_8454da67_ae525b40a86b.sdf,0.0,72.94,MMFF
mol_845b9102_6020dcf47aaa.sdf,0.0,98.74,MMFF
mol_84d80358_2789232dc3ea.sdf,0.0,79.57,MMFF
mol_84d9b892_2e6d14d4f9e2.sdf,0.0,33.9,MMFF
mol_84f7c987_6054bb7130dd.sdf,0.0,83.57,MMFF
mol_84f96ad4_d2941bf63cea.sdf,0.0,76.04,MMFF
mol_8581bf8c_b8f135b883bf.sdf,0.0,72.64,MMFF
mol_858ea223_be29658d0d07.sdf,0.0,87.08,MMFF
mol_859c299e_711ee122feb4.sdf,0.0,28.89,MMFF
mol_85a6cd20_dccaacac6319.sdf,0.0,-116.51,MMFF
mol_85adf5f2_c3f436490a9e.sdf,0.0,-126.17,MMFF
mol_85bf57b4_350f63e630c4.sdf,0.0,12.57,MMFF
mol_85c22041_f1f105013e14.sdf,0.0,120.57,MMFF
mol_85e93af9_a9d59d961f8d.sdf,0.0,32.68,MMFF
mol_85f869f6_c72128cac9d6.sdf,0.0,51.95,MMFF
mol_86035e40_930211f9e094.sdf,0.0,113.17,MMFF
mol_86035e40_d83fb9890fe5.sdf,0.0,123.64,MMFF
mol_8646fb56_9b7b7902c268.sdf,0.0,121.88,MMFF
mol_864c76d3_33c4ec14a5c4.sdf,0.0,37.51,MMFF
mol_866453d4_c4d3a89033cf.sdf,0.0,-15.26,MMFF
mol_8688a043_039f3ab16d76.sdf,0.0,78.75,MMFF
mol_86b7e2d2_72b3950704e9.sdf,0.0,71.69,MMFF
mol_86b7e2d2_f54823462249.sdf,0.0,106.24,MMFF
mol_86cb4cce_002b2cf868f9.sdf,0.0,-8.83,MMFF
mol_86cbec72_3926297a1294.sdf,0.0,-5.63,MMFF
mol_86d58433_e093d716b0bb.sdf,0.0,36.69,MMFF
mol_86e3d3ff_acc5e0a06285.sdf,0.0,34.33,MMFF
mol_86ef0c0b_66332c1905b6.sdf,0.0,38.36,MMFF
mol_86ef0c0b_fb0089ee7abe.sdf,0.0,-2.69,MMFF
mol_8736e460_60112671dc42.sdf,0.0,36.89,MMFF
mol_87905b96_c60ebcad1cf5.sdf,0.0,9.85,MMFF
mol_8793e0a6_4f12e4d82509.sdf,0.0,28.96,MMFF
mol_87b13b19_1629f4d1f172.sdf,0.0,48.37,MMFF
mol_87b13b19_2591944e66ee.sdf,0.0,42.23,MMFF
mol_87b13b19_64581d903bd1.sdf,0.0,31.59,MMFF
mol_87ca165d_a9de2ca9026b.sdf,0.0,-49.82,MMFF
mol_87ca165d_d1cd4f5273c3.sdf,0.0,-52.68,MMFF
mol_87ca165d_eb98a83ffc4a.sdf,0.0,-41.29,MMFF
mol_8804d061_3778e6b6c06f.sdf,0.0,104.87,MMFF
mol_8804d061_5697b84d6bbd.sdf,0.0,108.23,MMFF
mol_8806c7c1_88607d44953b.sdf,0.0,-23.89,MMFF
mol_8812206e_8812206ea366.sdf,0.0,-29.54,MMFF
mol_88420c51_749c86ff2fc0.sdf,0.0,39.32,MMFF
mol_887f6c5c_4473cb0155ca.sdf,0.0,92.43,MMFF
mol_887f6c5c_59879c244837.sdf,0.0,106.77,MMFF
mol_887f6c5c_fa99815c1fce.sdf,0.0,106.79,MMFF
mol_888786b3_8760ec55c140.sdf,0.0,28.09,MMFF
mol_888786b3_a9c888517ca2.sdf,0.0,70.28,MMFF
mol_888fecf5_035a395ce9a1.sdf,0.0,76.89,MMFF
mol_8893acbd_3c5db6d64bba.sdf,0.0,3.94,MMFF
mol_8893acbd_8708f32eec62.sdf,0.0,8.62,MMFF
mol_889c6268_0dee1b0be331.sdf,0.0,92.5,MMFF
mol_889c6268_44930328f5f3.sdf,0.0,79.91,MMFF
mol_889c6268_49dfcb31ad51.sdf,0.0,91.26,MMFF
mol_889c6268_cbfe40e4106f.sdf,0.0,67.99,MMFF
mol_88afcf8d_de87dc2ed4e5.sdf,0.0,171.19,MMFF
mol_88e4a5bb_392f7da097dc.sdf,0.0,57.69,MMFF
mol_896773da_577fe8387ce6.sdf,0.0,0.16,MMFF
mol_896773da_f42c7b7d788d.sdf,0.0,37.73,MMFF
mol_896c4400_98d6c45b7340.sdf,0.0,39.38,MMFF
mol_89772e4c_79e3ee0b27e6.sdf,0.0,-15.62,MMFF
mol_897fa1e9_b12324f327b0.sdf,0.0,66.16,MMFF
mol_8997f39c_078e68914faa.sdf,0.0,-12.96,MMFF
mol_89ba44a9_558113112c91.sdf,0.0,-97.15,MMFF
mol_89ca44e0_6d94fbfb0f46.sdf,0.0,50.28,MMFF
mol_89ca44e0_b225cf875949.sdf,0.0,40.96,MMFF
mol_89e3ad29_49d9d811ad99.sdf,0.0,-21.45,MMFF
mol_89e3ad29_72728fca2d80.sdf,0.0,-40.35,MMFF
mol_89e3ad29_8c90c9df7ff0.sdf,0.0,-37.07,MMFF
mol_89e3ad29_ad71d76915cf.sdf,0.0,-1.2,MMFF
mol_89e3ad29_defe530a8108.sdf,0.0,-42.24,MMFF
mol_89e3ad29_fbe5136dd93e.sdf,0.0,-22.16,MMFF
mol_8a080c11_94edb6b2b168.sdf,0.0,15.43,MMFF
mol_8a15e178_0d9450f866c0.sdf,0.0,31.45,MMFF
mol_8a3ff302_8a3ff3027512.sdf,0.0,-63.15,MMFF
mol_8a4d1ee6_67728fe8e188.sdf,0.0,42.92,MMFF
mol_8aa7b4de_d1a02a484c3f.sdf,0.0,-3.63,MMFF
mol_8ac2c83e_0a9c9774ba09.sdf,0.0,14.71,MMFF
mol_8ad92f73_7d45b4b7f439.sdf,0.0,119.75,MMFF
mol_8ad92f73_e8d62b51a61e.sdf,0.0,100.42,MMFF
mol_8aef975a_eb890b14b4eb.sdf,0.0,-29.09,MMFF
mol_8b06c856_8b86bdefbcf7.sdf,0.0,38.81,MMFF
mol_8b06c856_cd4de30c4a64.sdf,0.0,41.45,MMFF
mol_8b0922aa_28bb76458ea5.sdf,0.0,-30.14,MMFF
mol_8b0922aa_2d0d13273fa8.sdf,0.0,-36.75,MMFF
mol_8b0922aa_6b3d984f361a.sdf,0.0,-4.8,MMFF
mol_8b0922aa_b7428000e33c.sdf,0.0,-26.32,MMFF
mol_8b0922aa_c5a8f7d5f8ad.sdf,0.0,-3.69,MMFF
mol_8b3993f2_8b3993f2028c.sdf,0.0,86.17,MMFF
mol_8b427c33_c926c602a347.sdf,0.0,101.52,MMFF
mol_8b500e5c_13e83bb9db20.sdf,0.0,85.4,MMFF
mol_8b500e5c_b54a8016929c.sdf,0.0,77.27,MMFF
mol_8b533a83_8ea423743e23.sdf,0.0,4.35,MMFF
mol_8b546dd8_b47aaf4f1585.sdf,0.0,-19.17,MMFF
mol_8b68aade_b3fa541e1455.sdf,0.0,-17.8,MMFF
mol_8b88e12c_f890fe15e25b.sdf,0.0,-34.33,MMFF
mol_8b8ebba2_a9352b39feda.sdf,0.0,57.34,MMFF
mol_8b9d9093_09fe8bf5b81a.sdf,0.0,-6.14,MMFF
mol_8bbda093_de38b653019d.sdf,0.0,-34.77,MMFF
mol_8c0d31eb_1a91a5b91ed5.sdf,0.0,15.52,MMFF
mol_8c0d31eb_4f0df7d4c5c7.sdf,0.0,1.61,MMFF
mol_8c17c9ec_263d6d471b88.sdf,0.0,26.46,MMFF
mol_8c189184_9a17f8df3651.sdf,0.0,131.9,MMFF
mol_8c189184_a159c7d242ca.sdf,0.0,125.41,MMFF
mol_8c189184_aa2be638bf6c.sdf,0.0,125.41,MMFF
mol_8c189184_cabc4c6e5a50.sdf,0.0,136.91,MMFF
mol_8c2b441c_26ab377fe2b9.sdf,0.0,18.23,MMFF
mol_8c64f5dc_ced6e71f8443.sdf,0.0,30.84,MMFF
mol_8c8a5ce9_46894e22d9ac.sdf,0.0,-32.12,MMFF
mol_8c8a5ce9_94bed5847f5b.sdf,0.0,-3.98,MMFF
mol_8c963a81_a2bba400465d.sdf,0.0,-3.5,MMFF
mol_8cdde299_9471aea60297.sdf,0.0,-99.7,MMFF
mol_8d3084b7_f00c4abc8052.sdf,0.0,-68.18,MMFF
mol_8d35dc17_95ac6d897e23.sdf,0.0,93.7,MMFF
mol_8d66f4a3_d257f64b8fda.sdf,0.0,81.09,MMFF
mol_8d8a2bef_da5e9a0934e5.sdf,0.0,28.06,MMFF
mol_8dadfd90_4a20ab05a843.sdf,0.0,-6.31,MMFF
mol_8dae35e0_ecd8531dbb6a.sdf,0.0,24.26,MMFF
mol_8dc96fa5_99d0f3d64ba6.sdf,0.0,75.56,MMFF
mol_8ddcb3f2_1836837caf67.sdf,0.0,19.75,MMFF
mol_8df54764_46a0a6b6f5d0.sdf,0.0,50.26,MMFF
mol_8df54764_54533f213d7d.sdf,0.0,10.76,MMFF
mol_8df54764_5f08f65b1709.sdf,0.0,7.22,MMFF
mol_8df54764_9b76d73bdb11.sdf,0.0,10.43,MMFF
mol_8df54764_aaa7e8ed6423.sdf,0.0,21.49,MMFF
mol_8df54764_ba03c58bf2f4.sdf,0.0,-5.94,MMFF
mol_8e2cf402_c0f91f16583f.sdf,0.0,49.64,MMFF
mol_8e2cf402_e7875a58f5f9.sdf,0.0,42.67,MMFF
mol_8e582ad9_33f56e5a89dd.sdf,0.0,2.14,MMFF
mol_8e582ad9_45d6287a2aea.sdf,0.0,19.03,MMFF
mol_8e582ad9_5b7f20a26ae2.sdf,0.0,15.32,MMFF
mol_8e806cea_d6d4c86b7975.sdf,0.0,-19.0,MMFF
mol_8eb1c4ff_fa91191a7124.sdf,0.0,-64.01,MMFF
mol_8ecb9637_490563863594.sdf,0.0,-1.52,MMFF
mol_8efcdccb_46e26c15dd15.sdf,0.0,22.31,MMFF
mol_8f3eb682_0d4b46c959e6.sdf,0.0,55.47,MMFF
mol_8f3eb682_1573ae279bec.sdf,0.0,78.62,MMFF
mol_8f581246_523e85744f5c.sdf,0.0,-2.84,MMFF
mol_8f581246_846fd46781ae.sdf,0.0,16.35,MMFF
mol_8f5d5256_402c876f2b8f.sdf,0.0,28.49,MMFF
mol_8f6366cc_5484b2e0cc82.sdf,0.0,107.13,MMFF
mol_8f95376e_189063c5edb8.sdf,0.0,-32.15,MMFF
mol_8f95376e_ff4d76cee60d.sdf,0.0,14.02,MMFF
mol_8fc40716_09440cb65ce5.sdf,0.0,26.24,MMFF
mol_8fc40716_3b325cf413a7.sdf,0.0,13.92,MMFF
mol_8fe0c096_32c83b16f446.sdf,0.0,40.68,MMFF
mol_90018a81_7a4270ead8fe.sdf,0.0,37.74,MMFF
mol_901cf1a1_901cf1a173f6.sdf,0.0,114.35,MMFF
mol_90286787_ad7b73d472c6.sdf,0.0,92.94,MMFF
mol_9056cdb4_e1867e186186.sdf,0.0,-83.5,MMFF
mol_90b2c319_20f46bc8a4ce.sdf,0.0,56.84,MMFF
mol_90b2c319_562df8fe2335.sdf,0.0,54.01,MMFF
mol_918d9b5f_61ab2274d5fc.sdf,0.0,-25.47,MMFF
mol_9199dfcf_7234d577bf28.sdf,0.0,19.92,MMFF
mol_91ab4e37_1a818bbca10d.sdf,0.0,31.36,MMFF
mol_91d1e840_53b5a7ece349.sdf,0.0,11.59,MMFF
mol_91d1e840_6a73fe18fc2a.sdf,0.0,60.87,MMFF
mol_91f789a1_945befc932b6.sdf,0.0,-16.62,MMFF
mol_91f789a1_ca95914b4167.sdf,0.0,1.02,MMFF
mol_921c7db9_3a38998223c6.sdf,0.0,7.69,MMFF
mol_921c7db9_cfe43554dfbf.sdf,0.0,33.62,MMFF
mol_922a7c27_922a7c278e4e.sdf,0.0,-11.85,MMFF
mol_927240bd_7a0b62726006.sdf,0.0,-14.03,MMFF
mol_92ab10aa_e4ff6c66ace1.sdf,0.0,57.1,MMFF
mol_93415fc0_af5195c5c1e8.sdf,0.0,80.78,MMFF
mol_93748602_5aa62bace128.sdf,0.0,82.14,MMFF
mol_93a04f11_704edda39b20.sdf,0.0,108.24,MMFF
mol_93a04f11_e5d2e264c7f0.sdf,0.0,121.13,MMFF
mol_93b7eb12_5254618e33d2.sdf,0.0,-62.81,MMFF
mol_93b7eb12_86f17c5bb6dc.sdf,0.0,-47.92,MMFF
mol_93b7eb12_d629eff90fc9.sdf,0.0,-42.65,MMFF
mol_93c8181d_20150b1689bb.sdf,0.0,-22.78,MMFF
mol_93d2482b_e59f7a5c10d2.sdf,0.0,2.0,MMFF
mol_93ed3a71_9faf5e64b022.sdf,0.0,44.31,MMFF
mol_94350242_306ebc39c98f.sdf,0.0,23.02,MMFF
mol_94350242_46cf1ba42f28.sdf,0.0,-32.27,MMFF
mol_94350242_51c1b3e13dd8.sdf,0.0,4.32,MMFF
mol_94350242_efeb3a58b3a9.sdf,0.0,-22.26,MMFF
mol_94627818_15dcbc54fb0b.sdf,0.0,53.5,MMFF
mol_94627818_f2cbfeca432f.sdf,0.0,43.33,MMFF
mol_94865935_7e53f8bbe0ca.sdf,0.0,87.25,MMFF
mol_948a7002_948a7002e148.sdf,0.0,26.17,MMFF
mol_948bc40f_f72039a14954.sdf,0.0,31.02,MMFF
mol_94ab5af9_94bfb205fccb.sdf,0.0,34.05,MMFF
mol_94b65545_57dcd6e48632.sdf,0.0,-63.61,MMFF
mol_94dbe17d_f8a6b72042cf.sdf,0.0,-14.83,MMFF
mol_94e7c49f_178494a36cc2.sdf,0.0,-17.4,MMFF
mol_94e7c49f_47bb35b07861.sdf,0.0,-2.92,MMFF
mol_94e83c76_52f490c96c64.sdf,0.0,-12.94,MMFF
mol_950732f2_f6cd9fe4c4c4.sdf,0.0,120.79,MMFF
mol_952112b1_0d7101dc9723.sdf,0.0,-41.46,MMFF
mol_955c7699_8d3b0079c053.sdf,0.0,186.93,MMFF
mol_95cb45c5_81bedcac3a24.sdf,0.0,90.59,MMFF
mol_95d00187_e9757de00a4c.sdf,0.0,42.03,MMFF
mol_95d7016c_4d7a7b73bbf8.sdf,0.0,-4.43,MMFF
mol_95f7e095_19511c755600.sdf,0.0,-109.47,MMFF
mol_96010d10_6f94c85974d1.sdf,0.0,101.89,MMFF
mol_9622821b_ead21c93319c.sdf,0.0,8.69,MMFF
mol_96294c31_24310468a5b6.sdf,0.0,28.54,MMFF
mol_96bb74b1_7cb73bbf8127.sdf,0.0,50.55,MMFF
mol_96bb74b1_cb67edf1b88f.sdf,0.0,59.62,MMFF
mol_96bb74b1_f34825053f0b.sdf,0.0,55.18,MMFF
mol_96bc4102_1d8aaab77d99.sdf,0.0,102.85,MMFF
mol_970e6221_7ded5bcbf7fc.sdf,0.0,-61.17,MMFF
mol_9711d5c2_692545abc243.sdf,0.0,76.44,MMFF
mol_9711d5c2_a6f4485ca47d.sdf,0.0,123.55,MMFF
mol_9711d5c2_bd6466c650c4.sdf,0.0,96.84,MMFF
mol_9711d5c2_f9fbe66f9e47.sdf,0.0,80.79,MMFF
mol_971499ea_44c182b869c1.sdf,0.0,-20.79,MMFF
mol_9718c7e6_07a115b093c0.sdf,0.0,46.35,MMFF
mol_9718c7e6_0b073d5fc9cf.sdf,0.0,42.45,MMFF
mol_9718c7e6_0dcc9d40b8d5.sdf,0.0,30.81,MMFF
mol_97196479_2caf57286304.sdf,0.0,11.41,MMFF
mol_975e11c2_96bc36aa2432.sdf,0.0,-24.84,MMFF
mol_975e11c2_a70e8934c614.sdf,0.0,3.53,MMFF
mol_975e11c2_b18fdcf5eda0.sdf,0.0,20.52,MMFF
mol_975f4ba6_322a021d302d.sdf,0.0,5.26,MMFF
mol_975f4ba6_4082db24ff86.sdf,0.0,31.85,MMFF
mol_975f4ba6_52d7c1d54100.sdf,0.0,4.01,MMFF
mol_975f4ba6_5a9eb35b05a8.sdf,0.0,-1.23,MMFF
mol_975f4ba6_799227b7088f.sdf,0.0,26.26,MMFF
mol_975f4ba6_873aa56e196c.sdf,0.0,5.43,MMFF
mol_975f4ba6_9d132fcf4a96.sdf,0.0,7.51,MMFF
mol_975f4ba6_c66bf93ef4f4.sdf,0.0,-42.36,MMFF
mol_975f4ba6_fe394e45389e.sdf,0.0,5.23,MMFF
mol_97650b28_d82fd92e1021.sdf,0.0,91.12,MMFF
mol_97650b28_f6705e3ffb3e.sdf,0.0,107.0,MMFF
mol_978789e5_6d3694be734f.sdf,0.0,50.46,MMFF
mol_97d8af56_2ca187344101.sdf,0.0,46.71,MMFF
mol_97e4ca5f_b23d9d5f9653.sdf,0.0,22.41,MMFF
mol_97e5aafe_0d5348e1552c.sdf,0.0,60.19,MMFF
mol_97eba103_3296e50c1798.sdf,0.0,20.25,MMFF
mol_9805769d_54c203432f7f.sdf,0.0,72.63,MMFF
mol_982529ea_0d26dfae4f9c.sdf,0.0,46.89,MMFF
mol_9859f46c_695a7a2ccfab.sdf,0.0,30.09,MMFF
mol_987ea0a6_ebe1c876120e.sdf,0.0,77.41,MMFF
mol_98852a33_400f1f728439.sdf,0.0,-1.77,MMFF
mol_98aaf1d6_394767b54f06.sdf,0.0,85.51,MMFF
mol_98c894c5_35df6d73d942.sdf,0.0,56.24,MMFF
mol_9917621f_9ffa74df810d.sdf,0.0,-11.75,MMFF
mol_993536f0_934b42f6881b.sdf,0.0,-4.78,MMFF
mol_993536f0_99d905bd3bfc.sdf,0.0,4.8,MMFF
mol_993fe28a_abf688a775c4.sdf,0.0,-13.3,MMFF
mol_994b1e9d_50129dc3ad6a.sdf,0.0,62.45,MMFF
mol_99672937_d6cdeb25f70f.sdf,0.0,61.64,MMFF
mol_99b43b4b_027dc6ff7e82.sdf,0.0,2.37,MMFF
mol_99b43b4b_1c62eb27a44e.sdf,0.0,20.14,MMFF
mol_99b43b4b_b7d5807a959f.sdf,0.0,5.17,MMFF
mol_99b43b4b_d03bed841084.sdf,0.0,-8.23,MMFF
mol_99daf724_050e9fcacacb.sdf,0.0,65.22,MMFF
mol_99db4c00_47ad63e0857b.sdf,0.0,-38.58,MMFF
mol_99e9ece5_c79466bbef9d.sdf,0.0,26.99,MMFF
mol_9a404f09_9a0342465455.sdf,0.0,43.09,MMFF
mol_9aa9c999_0d12296c9354.sdf,0.0,-97.4,MMFF
mol_9ac8b964_a1e0b5d8ec26.sdf,0.0,22.92,MMFF
mol_9ad70669_4fc6fa617336.sdf,0.0,81.26,MMFF
mol_9b26a712_6683ba297f41.sdf,0.0,86.9,MMFF
mol_9b333b1a_6ee72a6f6e20.sdf,0.0,38.42,MMFF
mol_9b4f524b_b0305a01fbc8.sdf,0.0,50.19,MMFF
mol_9b4f524b_e7696932db77.sdf,0.0,62.49,MMFF
mol_9b58408b_8fdc28e63a6b.sdf,0.0,-41.73,MMFF
mol_9b70d996_67683932b609.sdf,0.0,12.8,MMFF
mol_9b70d996_f6cdd07dc837.sdf,0.0,-1.91,MMFF
mol_9b9c53bd_c5d3becc9958.sdf,0.0,1.82,MMFF
mol_9bd0134f_f6d1824937fc.sdf,0.0,46.47,MMFF
mol_9c04885d_01ee2bbbdcb9.sdf,0.0,16.07,MMFF
mol_9c15ef81_3cedd0f9cc7c.sdf,0.0,-7.07,MMFF
mol_9c15ef81_8ad7d877e007.sdf,0.0,-12.67,MMFF
mol_9c1ee4ec_9dd794b64564.sdf,0.0,102.2,MMFF
mol_9c4710c5_9341a87e3518.sdf,0.0,21.32,MMFF
mol_9c4c8280_5f9ba56cb4c2.sdf,0.0,106.68,MMFF
mol_9c5f55c5_e9157832d7d8.sdf,0.0,19.3,MMFF
mol_9c649c36_427f0dec6bd5.sdf,0.0,-31.85,MMFF
mol_9c6db924_40aed54ebfdd.sdf,0.0,68.82,MMFF
mol_9c7bae35_b5ed029a7533.sdf,0.0,150.67,MMFF
mol_9c8655ad_2097ca58cbe3.sdf,0.0,-12.57,MMFF
mol_9c8ba33e_0c18e3721936.sdf,0.0,75.51,MMFF
mol_9ca805f4_ae4560a0a9f8.sdf,0.0,97.9,MMFF
mol_9ca805f4_f749ac73f57b.sdf,0.0,91.75,MMFF
mol_9cd922a1_627308b7b1c6.sdf,0.0,150.64,MMFF
mol_9d03fba9_72180b797a84.sdf,0.0,83.09,MMFF
mol_9d210f8b_c39e2bbd29d5.sdf,0.0,25.28,MMFF
mol_9d2afa2f_4635ecea6357.sdf,0.0,76.54,MMFF
mol_9d397690_6b328ee17682.sdf,0.0,38.09,MMFF
mol_9d397690_df6b7ad0eb60.sdf,0.0,46.69,MMFF
mol_9d47ac36_63345ddae966.sdf,0.0,31.04,MMFF
mol_9d862f70_b43d3b9673b9.sdf,0.0,30.59,MMFF
mol_9d87f6d3_207f0a7aabaa.sdf,0.0,82.03,MMFF
mol_9de6592e_23acbb758482.sdf,0.0,23.63,MMFF
mol_9de6592e_8a03e7010a02.sdf,0.0,24.32,MMFF
mol_9de6592e_990d4687b084.sdf,0.0,26.07,MMFF
mol_9de6592e_bd4c8d0b4662.sdf,0.0,43.86,MMFF
mol_9de6592e_c675679f2b60.sdf,0.0,33.95,MMFF
mol_9de988fa_c463a48f4a78.sdf,0.0,-45.4,MMFF
mol_9df5350d_eafda020a6fa.sdf,0.0,17.05,MMFF
mol_9e3f9e38_8343f72955c1.sdf,0.0,93.79,MMFF
mol_9e4472a5_bed53375e82a.sdf,0.0,61.13,MMFF
mol_9e7ace13_8cbc09770549.sdf,0.0,81.28,MMFF
mol_9ebf2e57_c93ec294443a.sdf,0.0,103.61,MMFF
mol_9f404af0_97ee2cd8844f.sdf,0.0,93.24,MMFF
mol_9fa29034_3119a94aec29.sdf,0.0,-49.5,MMFF
mol_9fbfad58_9acbbe43f34b.sdf,0.0,62.51,MMFF
mol_9fc3e46d_c486c108f988.sdf,0.0,-20.94,MMFF
mol_9fdc5ab8_19db2f84372c.sdf,0.0,-53.42,MMFF
mol_9fe1ed12_01a94ce929d7.sdf,0.0,5.89,MMFF
mol_9fec6fd1_3cee6472eb0a.sdf,0.0,-65.63,MMFF
mol_9ffce2c4_0435c05c5922.sdf,0.0,24.05,MMFF
mol_9ffce2c4_30921bdf40f4.sdf,0.0,46.15,MMFF
mol_9ffce2c4_32f9ce1b65ce.sdf,0.0,12.98,MMFF
mol_9ffce2c4_4d515f44bab6.sdf,0.0,37.05,MMFF
mol_9ffce2c4_a9e77495bb7b.sdf,0.0,33.29,MMFF
mol_9ffce2c4_ac225bf2624c.sdf,0.0,47.18,MMFF
mol_9ffce2c4_c812373f6d60.sdf,0.0,43.28,MMFF
mol_9ffce2c4_cfbcbc819cb6.sdf,0.0,36.25,MMFF
mol_9ffce2c4_d61bf48228b7.sdf,0.0,10.82,MMFF
mol_9ffce2c4_edcb634145e7.sdf,0.0,25.55,MMFF
mol_9ffce2c4_f060c6837aa1.sdf,0.0,40.48,MMFF
mol_9ffce2c4_f9d9dfad979e.sdf,0.0,27.13,MMFF
mol_a02f6f63_a02f6f63c67a.sdf,0.0,79.53,MMFF
mol_a0413bc2_825d9f6d1a11.sdf,0.0,16.03,MMFF
mol_a0494533_74d9befc7fc9.sdf,0.0,97.16,MMFF
mol_a08a6819_3eb4c694b927.sdf,0.0,-8.51,MMFF
mol_a0ce0464_7f03529015ca.sdf,0.0,-8.27,MMFF
mol_a0ce0464_eb1c0d84af98.sdf,0.0,5.85,MMFF
mol_a0ce0464_fe3b1d9e8f28.sdf,0.0,6.33,MMFF
mol_a0da52fe_8d3c5fc9c9b1.sdf,0.0,126.68,MMFF
mol_a1044c00_bb8f23d01596.sdf,0.0,37.58,MMFF
mol_a11129b8_ae721b039c8c.sdf,0.0,53.87,MMFF
mol_a115977c_4816b03d8e46.sdf,0.0,78.31,MMFF
mol_a15f7e12_15af53eb3e98.sdf,0.0,90.15,MMFF
mol_a1786178_b9ea3a0f1807.sdf,0.0,25.07,MMFF
mol_a182d9f2_03d5ad58bcd8.sdf,0.0,92.01,MMFF
mol_a182d9f2_4a5dbcf7567f.sdf,0.0,95.04,MMFF
mol_a182d9f2_79c7151e00a8.sdf,0.0,116.94,MMFF
mol_a182d9f2_b83f4da28f46.sdf,0.0,103.2,MMFF
mol_a182d9f2_ee414ed8ad26.sdf,0.0,87.17,MMFF
mol_a1ab2223_67b1cd8e6a1c.sdf,0.0,87.81,MMFF
mol_a1c86f64_36abe45e556f.sdf,0.0,56.15,MMFF
mol_a1cf11a5_983b66fe3ead.sdf,0.0,8.2,MMFF
mol_a1d68835_50d4de65c786.sdf,0.0,-24.58,MMFF
mol_a1d68835_58d54c8c249b.sdf,0.0,12.1,MMFF
mol_a1d68835_f3116996e8cc.sdf,0.0,23.6,MMFF
mol_a201ae49_da7217594049.sdf,0.0,34.84,MMFF
mol_a2116874_0620835b44ba.sdf,0.0,95.96,MMFF
mol_a28f7c74_47164192ce09.sdf,0.0,103.15,MMFF
mol_a28f7c74_bd208d386dfb.sdf,0.0,86.27,MMFF
mol_a28f7c74_c5a564e753b0.sdf,0.0,49.89,MMFF
mol_a28f7c74_dde6d789b347.sdf,0.0,79.28,MMFF
mol_a2aff719_08213a542bd5.sdf,0.0,28.12,MMFF
mol_a2d18223_bc3d73458102.sdf,0.0,97.26,MMFF
mol_a2d18223_d84cbca21d5a.sdf,0.0,76.71,MMFF
mol_a2e7462b_45641a5d0ad9.sdf,0.0,-7.66,MMFF
mol_a2f57e01_470205dc89c3.sdf,0.0,-36.14,MMFF
mol_a2fce4ed_6e055a82e308.sdf,0.0,52.34,MMFF
mol_a31d99b8_35acddd541f3.sdf,0.0,56.41,MMFF
mol_a322dee9_98f5f2c147b0.sdf,0.0,23.08,MMFF
mol_a322dee9_da57beadd6fc.sdf,0.0,64.27,MMFF
mol_a32da811_fc786d37ec06.sdf,0.0,62.61,MMFF
mol_a330d199_657976fd9643.sdf,0.0,39.21,MMFF
mol_a33ee2aa_ce93902ca3c7.sdf,0.0,104.5,MMFF
mol_a35ebe6f_333b08a94379.sdf,0.0,59.4,MMFF
mol_a35ebe6f_d1f2f0a99d7b.sdf,0.0,54.05,MMFF
mol_a35ebe6f_f0e963be2b25.sdf,0.0,-4.89,MMFF
mol_a35ebe6f_fbf437646ad2.sdf,0.0,60.65,MMFF
mol_a35ebe6f_fe212bed5276.sdf,0.0,20.05,MMFF
mol_a36080c1_eb4db3be04e7.sdf,0.0,58.11,MMFF
mol_a396e236_e66abcd83a9e.sdf,0.0,5.65,MMFF
mol_a3a56623_ad8addf3949d.sdf,0.0,-0.75,MMFF
mol_a3b8596c_b27d3fed4ce1.sdf,0.0,30.45,MMFF
mol_a42cc08b_d137c9c1d27f.sdf,0.0,79.42,MMFF
mol_a43cfb30_8cf90e8faaed.sdf,0.0,88.17,MMFF
mol_a43cfe0b_eba1b7a969bf.sdf,0.0,-46.43,MMFF
mol_a441ca48_c1f6c92a1b4b.sdf,0.0,83.45,MMFF
mol_a441ca48_f8b73ba69423.sdf,0.0,85.23,MMFF
mol_a487fe94_1591f8b177c8.sdf,0.0,73.32,MMFF
mol_a4bb6f08_f6a3bbee7d43.sdf,0.0,20.37,MMFF
mol_a4c41991_6e5eca835308.sdf,0.0,-70.97,MMFF
mol_a4c41991_bb6afce94aa5.sdf,0.0,-63.73,MMFF
mol_a4da983a_600cd2165830.sdf,0.0,-2.58,MMFF
mol_a5197ca6_b3c5138515f0.sdf,0.0,118.13,MMFF
mol_a5197ca6_eb183b353c67.sdf,0.0,106.75,MMFF
mol_a52ecd05_1211d5f59ccc.sdf,0.0,-45.94,MMFF
mol_a561ad77_2b84fc8feb7f.sdf,0.0,87.45,MMFF
mol_a57e6efb_759cfc41b896.sdf,0.0,121.21,MMFF
mol_a57ea984_c460f86e967a.sdf,0.0,75.23,MMFF
mol_a594f22f_13a99df81b66.sdf,0.0,-14.39,MMFF
mol_a594f22f_a5638445770a.sdf,0.0,29.44,MMFF
mol_a594f22f_a909fbdadebb.sdf,0.0,-1.91,MMFF
mol_a5ec6564_f97a9f78a8ac.sdf,0.0,87.38,MMFF
mol_a5f5c6e0_1535f3a1fcda.sdf,0.0,48.25,MMFF
mol_a5f5c6e0_507186ddca75.sdf,0.0,24.14,MMFF
mol_a6200a1f_9b7f4341f95d.sdf,0.0,110.01,MMFF
mol_a656c1f9_44642d8db2de.sdf,0.0,81.9,MMFF
mol_a658d44e_77c0d118f870.sdf,0.0,30.64,MMFF
mol_a658d69e_83b3bb4ddc50.sdf,0.0,39.87,MMFF
mol_a658d69e_ea94c51b0964.sdf,0.0,42.22,MMFF
mol_a6a3b0bf_19a8c7259e6b.sdf,0.0,21.78,MMFF
mol_a6a3b0bf_41c49ad052cb.sdf,0.0,12.85,MMFF
mol_a6a3b0bf_6af7964f16d7.sdf,0.0,14.14,MMFF
mol_a6ebb17e_7022b2b4b75a.sdf,0.0,-2.76,MMFF
mol_a71e3a39_25ceab3f66b8.sdf,0.0,41.74,MMFF
mol_a71e3a39_627f8cd6fdcc.sdf,0.0,56.49,MMFF
mol_a71e3a39_8f47f682a0b5.sdf,0.0,19.16,MMFF
mol_a71e3a39_c4abad7a7be0.sdf,0.0,58.24,MMFF
mol_a71e3a39_cd979bcc6eee.sdf,0.0,56.4,MMFF
mol_a71e3a39_fc7665f62730.sdf,0.0,50.81,MMFF
mol_a75d1211_db37f5236c5c.sdf,0.0,47.24,MMFF
mol_a7ace224_b01c98e82c6f.sdf,0.0,40.2,MMFF
mol_a7c5972f_706d96058d47.sdf,0.0,114.3,MMFF
mol_a7da5ec3_61172f396dc3.sdf,0.0,31.2,MMFF
mol_a80ee0a1_aff674d962f0.sdf,0.0,66.48,MMFF
mol_a8302b7e_e0a6a603bd3f.sdf,0.0,53.42,MMFF
mol_a85d20ef_6c71b97ad6c8.sdf,0.0,-21.86,MMFF
mol_a860a6aa_137e941113e9.sdf,0.0,35.73,MMFF
mol_a86b66d7_c3bd9a7e1932.sdf,0.0,36.01,MMFF
mol_a8894b84_fbcd6859cc26.sdf,0.0,58.19,MMFF
mol_a8a9df70_1d327f695f5f.sdf,0.0,-48.73,MMFF
mol_a8ba2772_ad937d923f02.sdf,0.0,-13.74,MMFF
mol_a8c5219f_bff7704ff717.sdf,0.0,30.76,MMFF
mol_a8e0893f_d489aa70852a.sdf,0.0,48.83,MMFF
mol_a902d488_b06a0223fabc.sdf,0.0,-31.49,MMFF
mol_a906a8f8_e22e7f1d2928.sdf,0.0,80.05,MMFF
mol_a942e87d_a0478089c4cb.sdf,0.0,114.24,MMFF
mol_a94cec86_766c8d322a47.sdf,0.0,93.55,MMFF
mol_a9925adc_a89c63ab0b98.sdf,0.0,70.8,MMFF
mol_a9c81c5d_5e01675192d6.sdf,0.0,87.55,MMFF
mol_a9e4c7b5_69574fcbbec0.sdf,0.0,33.25,MMFF
mol_a9e4c7b5_e0f76ceb4f49.sdf,0.0,29.83,MMFF
mol_a9f2e1d0_634cfbf99ddb.sdf,0.0,40.29,MMFF
mol_aa956a96_b1edd89ffa79.sdf,0.0,-14.42,MMFF
mol_aa9fdb35_0cc1ab88ad99.sdf,0.0,-63.11,MMFF
mol_aacd4bf0_aacd4bf0628d.sdf,0.0,87.98,MMFF
mol_aadfc416_d967848033ad.sdf,0.0,-62.77,MMFF
mol_aafc14b3_6191455f5338.sdf,0.0,-53.4,MMFF
mol_aafc14b3_a322f09b114f.sdf,0.0,-6.15,MMFF
mol_ab266e64_59e7b94190a1.sdf,0.0,8.39,MMFF
mol_ab3c6adc_ef11dfd9c4f3.sdf,0.0,90.54,MMFF
mol_ab6cef65_87a7c539bf7f.sdf,0.0,3.32,MMFF
mol_abbafd2d_7cbba4c69f70.sdf,0.0,67.6,MMFF
mol_ac343c99_27c76db479b7.sdf,0.0,-18.35,MMFF
mol_ac4c18c6_9a705fdf2569.sdf,0.0,78.99,MMFF
mol_ac4e218c_5ccc881193d4.sdf,0.0,50.24,MMFF
mol_aca672cf_ec247c6ab780.sdf,0.0,25.33,MMFF
mol_ad0a71d5_c8dcb3f9f726.sdf,0.0,36.47,MMFF
mol_ad4d5942_04c167298471.sdf,0.0,4.18,MMFF
mol_ad75b686_23115c073cb9.sdf,0.0,-10.92,MMFF
mol_ad75b686_518c39149a0c.sdf,0.0,-9.53,MMFF
mol_ad75b686_be5cbf47d342.sdf,0.0,6.75,MMFF
mol_ad75b686_dceed14355e3.sdf,0.0,-13.57,MMFF
mol_ad7c637f_3cd036c710c9.sdf,0.0,-35.14,MMFF
mol_ad7c637f_f6c9c2ad8cc9.sdf,0.0,-19.15,MMFF
mol_ad97702d_0e75337e090f.sdf,0.0,75.98,MMFF
mol_ad97702d_147da6877cb4.sdf,0.0,106.56,MMFF
mol_ad97702d_74f70df82f1d.sdf,0.0,73.78,MMFF
mol_ad97702d_8809d768b185.sdf,0.0,78.13,MMFF
mol_ad97702d_e6a7ed1928d1.sdf,0.0,58.49,MMFF
mol_add802a1_3ec16cc0ea06.sdf,0.0,66.59,MMFF
mol_ae5919f8_106fca3463b8.sdf,0.0,41.46,MMFF
mol_ae5919f8_698ced264abd.sdf,0.0,16.3,MMFF
mol_ae5919f8_938597662480.sdf,0.0,57.34,MMFF
mol_ae5919f8_adb04a69679a.sdf,0.0,39.52,MMFF
mol_ae5919f8_b9fdd34c7134.sdf,0.0,35.97,MMFF
mol_ae5919f8_f6cebdc6bea0.sdf,0.0,8.8,MMFF
mol_ae618a4b_9ce31f0c0616.sdf,0.0,-16.1,MMFF
mol_ae8996f5_5d4c97b10a7a.sdf,0.0,-65.59,MMFF
mol_aed211bd_aed211bde3f6.sdf,0.0,44.89,MMFF
mol_aed8644c_4ad07ad6b53f.sdf,0.0,117.34,MMFF
mol_aeebf5d7_f83d7d9a1dbe.sdf,0.0,72.36,MMFF
mol_aef0db68_038db5d8fef6.sdf,0.0,-8.22,MMFF
mol_aef0db68_3f7e9fee19b0.sdf,0.0,-1.03,MMFF
mol_af30c1c7_03308c8ff51a.sdf,192.97,50.88,MMFF
mol_af71ce5a_7942680784cd.sdf,0.0,105.45,MMFF
mol_af71ce5a_d0a8f0003692.sdf,0.0,86.09,MMFF
mol_afa008e9_055ed66fa80d.sdf,0.0,39.72,MMFF
mol_afc11613_38b668fe2698.sdf,0.0,102.2,MMFF
mol_afc11613_5921d538e372.sdf,0.0,95.94,MMFF
mol_afc11613_82cc0c61d239.sdf,0.0,99.12,MMFF
mol_afc11613_89814c3e0eae.sdf,0.0,92.31,MMFF
mol_afc11613_e18bd5cced88.sdf,0.0,107.33,MMFF
mol_aff960e9_67e5bbd9836f.sdf,0.0,89.93,MMFF
mol_affa75ac_844ee0a7aec7.sdf,0.0,33.92,MMFF
mol_b0030adf_15e9f51872f3.sdf,0.0,-8.91,MMFF
mol_b0030adf_a3ca4c1018c2.sdf,0.0,-29.63,MMFF
mol_b0030adf_a73089e1fc18.sdf,0.0,-16.28,MMFF
mol_b01de2f2_5ae82541bafe.sdf,0.0,57.99,MMFF
mol_b04de7fc_bffa5536fe03.sdf,0.0,58.27,MMFF
mol_b055ae60_f874e2ad756b.sdf,0.0,113.76,MMFF
mol_b09aec84_83944c07bdfd.sdf,0.0,52.84,MMFF
mol_b0bf939d_d3a5bb71d415.sdf,0.0,64.37,MMFF
mol_b0c40936_4f0cfa1230d6.sdf,0.0,47.44,MMFF
mol_b0c8442c_07a95971d175.sdf,0.0,27.59,MMFF
mol_b0c8442c_0bcd5809c440.sdf,0.0,111.6,MMFF
mol_b0c8442c_54bf7e3e3d89.sdf,0.0,39.84,MMFF
mol_b0c8442c_a4033052d769.sdf,0.0,5.97,MMFF
mol_b0c8442c_b5a4e3e27664.sdf,0.0,25.32,MMFF
mol_b0f0199a_1982e2037282.sdf,0.0,29.3,MMFF
mol_b0f0199a_715f2f0def2f.sdf,0.0,21.52,MMFF
mol_b0f0199a_8a7ea3ebc8d8.sdf,0.0,35.46,MMFF
mol_b0f0199a_8a8f2a3f566e.sdf,0.0,5.73,MMFF
mol_b0f1d7f2_318816022979.sdf,0.0,53.58,MMFF
mol_b0f1d7f2_45a6671e76be.sdf,0.0,35.97,MMFF
mol_b0f1d7f2_7f4127d8d345.sdf,0.0,40.54,MMFF
mol_b14eaf28_6e05360bdc05.sdf,0.0,106.61,MMFF
mol_b14f1c00_420e7bc0914c.sdf,0.0,81.88,MMFF
mol_b14f1c00_c7b531d2dc36.sdf,0.0,120.33,MMFF
mol_b14f1c00_f0bfdbde8206.sdf,0.0,110.1,MMFF
mol_b14f1c00_f7b2eb55ff7f.sdf,0.0,102.59,MMFF
mol_b19b6bf9_3a0b9703d28e.sdf,0.0,12.93,MMFF
mol_b1d6104f_6c08d66eb921.sdf,0.0,61.42,MMFF
mol_b21a7956_92077cce857b.sdf,0.0,84.07,MMFF
mol_b21c5e82_468e8f66a61f.sdf,0.0,36.21,MMFF
mol_b2334484_35854d747e73.sdf,0.0,108.49,MMFF
mol_b27b0e80_d0ada0c97fe7.sdf,0.0,107.02,MMFF
mol_b28ecde1_25e7a7933481.sdf,0.0,35.84,MMFF
mol_b2ad6769_7f43859da3e4.sdf,0.0,66.46,MMFF
mol_b2c9b486_d59bb4c4d6c2.sdf,0.0,31.53,MMFF
mol_b308fd67_f8fdb0bc54ce.sdf,0.0,29.45,MMFF
mol_b318f383_9f6a0d1314b2.sdf,0.0,-12.27,MMFF
mol_b318f383_e44eebc42557.sdf,0.0,-5.96,MMFF
mol_b3324054_928eb99fcac3.sdf,0.0,41.81,MMFF
mol_b3a1bc1d_e5d38085577a.sdf,0.0,52.68,MMFF
mol_b3b3aeaf_49b918ed5d2d.sdf,0.0,-23.92,MMFF
mol_b3b3aeaf_a3b39e5897e2.sdf,0.0,-30.46,MMFF
mol_b3b3aeaf_cbf8db62f71f.sdf,0.0,-56.05,MMFF
mol_b3fbc9ff_8fc4d27c3c44.sdf,0.0,114.04,MMFF
mol_b3fbc9ff_d88823547d72.sdf,0.0,114.74,MMFF
mol_b4348cb6_939f5445a7b3.sdf,0.0,89.24,MMFF
mol_b44aad91_d2243f300c33.sdf,0.0,72.39,MMFF
mol_b45a6a20_c55e36453f98.sdf,0.0,64.48,MMFF
mol_b45fd49e_c34ef345131c.sdf,0.0,66.54,MMFF
mol_b503f5f6_6305bfa7cac5.sdf,0.0,51.61,MMFF
mol_b537bf12_32963a7d9538.sdf,0.0,35.24,MMFF
mol_b5642e1e_a648527901c1.sdf,0.0,43.46,MMFF
mol_b5642e1e_e5c06f8ecb52.sdf,0.0,20.31,MMFF
mol_b5642e1e_ea0853bfe481.sdf,0.0,20.55,MMFF
mol_b56df32a_46ad8cc0368c.sdf,0.0,101.93,MMFF
mol_b5704622_cec552520e9d.sdf,0.0,-2.52,MMFF
mol_b585ed8d_c2e58e872e19.sdf,0.0,55.89,MMFF
mol_b5902fe0_f55518dc7ed7.sdf,0.0,155.69,MMFF
mol_b5b7e1d0_4ed64e8db617.sdf,0.0,-58.4,MMFF
mol_b5c8ca32_1b3b6219b1ee.sdf,0.0,95.03,MMFF
mol_b5f8bb29_15fe9399c3b8.sdf,0.0,55.45,MMFF
mol_b6097c1c_e525e239323e.sdf,0.0,50.56,MMFF
mol_b638c0f7_5afe7039f70b.sdf,0.0,71.21,MMFF
mol_b662b7df_869af85d4709.sdf,0.0,-35.4,MMFF
mol_b67d4228_d87c49e76a41.sdf,0.0,-56.63,MMFF
mol_b68b4ac8_4251b1a65b53.sdf,0.0,99.73,MMFF
mol_b6bb41bf_0b8af0d90fe9.sdf,0.0,48.06,MMFF
mol_b6c70199_cd112aeb64e6.sdf,0.0,-26.67,MMFF
mol_b6cd8156_6c443da0173b.sdf,0.0,78.18,MMFF
mol_b6d2ea07_27aad8143b4d.sdf,0.0,134.18,MMFF
mol_b6d2ea07_5a83091357b8.sdf,0.0,127.01,MMFF
mol_b6d2ea07_d245388df76e.sdf,0.0,126.09,MMFF
mol_b6d7e4dd_86aa4558edea.sdf,0.0,-39.39,MMFF
mol_b6d7e4dd_f281760f32dc.sdf,0.0,-76.18,MMFF
mol_b6f7008e_7cc3847fcdd6.sdf,0.0,-28.08,MMFF
mol_b6fdd005_565228d6de81.sdf,0.0,40.33,MMFF
mol_b7187018_61ff2d97ec08.sdf,0.0,83.65,MMFF
mol_b72c1438_4e4fb3dbba34.sdf,0.0,54.22,MMFF
mol_b73eb65b_287318e9cf43.sdf,0.0,63.39,MMFF
mol_b7720260_7947dd050580.sdf,0.0,-30.63,MMFF
mol_b77318c1_b77318c1d4b4.sdf,0.0,45.34,MMFF
mol_b7a10166_b7a10166c009.sdf,0.0,41.29,MMFF
mol_b7b470dd_1cf4d24b7a12.sdf,0.0,32.09,MMFF
mol_b7b470dd_4e80202339a1.sdf,0.0,39.2,MMFF
mol_b7b470dd_e45d195a1b3b.sdf,0.0,49.88,MMFF
mol_b7bb15d4_376b30a9c8bd.sdf,0.0,96.17,MMFF
mol_b7bb15d4_830cfba513c6.sdf,0.0,90.06,MMFF
mol_b7cbc7e9_2c477e94ae64.sdf,0.0,-34.5,MMFF
mol_b7cbc7e9_4a1edf6652ee.sdf,0.0,-15.76,MMFF
mol_b7f3b065_34bb84625c54.sdf,0.0,132.69,MMFF
mol_b7ffd363_885cf3392b5b.sdf,0.0,85.19,MMFF
mol_b825fa2f_91fc93dffd4d.sdf,0.0,10.61,MMFF
mol_b8315fe0_dc9410764e82.sdf,0.0,-7.22,MMFF
mol_b8381d71_0c96e3d47cbe.sdf,0.0,27.97,MMFF
mol_b8381d71_bfe6a7b7b60e.sdf,0.0,30.97,MMFF
mol_b84d98fd_2c92f71e5c36.sdf,0.0,68.36,MMFF
mol_b84d98fd_ae68371f4bc9.sdf,0.0,38.65,MMFF
mol_b84d98fd_b67731bcbdb7.sdf,0.0,52.45,MMFF
mol_b8787153_61779f418d33.sdf,0.0,18.91,MMFF
mol_b88a4a10_0c46e16a5daf.sdf,0.0,63.19,MMFF
mol_b8942d97_ef4ee129cb90.sdf,0.0,43.19,MMFF
mol_b8a56248_ca8cf727c16d.sdf,0.0,75.93,MMFF
mol_b8a9658c_7c4ec16afc34.sdf,0.0,-17.99,MMFF
mol_b8a9658c_adf3e011ee87.sdf,0.0,-36.51,MMFF
mol_b8a9658c_d1ca07ec40a2.sdf,0.0,-16.73,MMFF
mol_b8a9658c_e4ec3448364f.sdf,0.0,1.62,MMFF
mol_b8dd440c_8218b1495851.sdf,0.0,43.36,MMFF
mol_b8dd440c_d5710524852c.sdf,0.0,42.63,MMFF
mol_b913c70d_b913c70d129c.sdf,0.0,32.78,MMFF
mol_b91a08bb_10304bf22b9c.sdf,0.0,3.49,MMFF
mol_b92c2c34_1897b129e136.sdf,0.0,-13.3,MMFF
mol_b92c2c34_a962fc9afcf2.sdf,0.0,-0.57,MMFF
mol_b93e02e2_17c664a3b08d.sdf,0.0,73.9,MMFF
mol_b9532304_f07fcea4315e.sdf,0.0,32.68,MMFF
mol_b9902436_a5309c66d5ed.sdf,0.0,24.7,MMFF
mol_b9902436_f66ac5be9762.sdf,0.0,17.65,MMFF
mol_b9902436_fac744d1e3dc.sdf,0.0,23.58,MMFF
mol_b9af08eb_fa249324fec8.sdf,0.0,-69.24,MMFF
mol_b9bf98cd_1a994c7ee577.sdf,0.0,-22.36,MMFF
mol_b9bf98cd_790ad7265874.sdf,0.0,-25.37,MMFF
mol_b9d490eb_37cfcab0d7b4.sdf,0.0,17.03,MMFF
mol_b9d490eb_c3051b92579e.sdf,0.0,22.63,MMFF
mol_b9d490eb_d433ba216b40.sdf,0.0,8.57,MMFF
mol_b9d490eb_d5a4f357fa4b.sdf,0.0,19.72,MMFF
mol_b9d490eb_fd9ffb888b7c.sdf,0.0,5.93,MMFF
mol_b9d8cded_5538151843a3.sdf,0.0,-36.89,MMFF
mol_b9ec20f8_9cf34915bb87.sdf,0.0,87.19,MMFF
mol_b9ec8e1e_c60edbd2f48f.sdf,0.0,-16.74,MMFF
mol_ba2fddb0_64c0b287d1ed.sdf,0.0,-15.58,MMFF
mol_ba445ebf_91af773c0b30.sdf,0.0,-6.22,MMFF
mol_ba445ebf_dc7b502b5d9d.sdf,0.0,5.08,MMFF
mol_ba6b56da_739422f35b9f.sdf,0.0,52.74,MMFF
mol_ba6eece6_0ea51e5dad63.sdf,0.0,-54.9,MMFF
mol_ba727139_46626f027f79.sdf,0.0,68.6,MMFF
mol_ba7960d0_a058244072e1.sdf,0.0,62.89,MMFF
mol_ba7c91e3_8b129db9cc03.sdf,0.0,86.88,MMFF
mol_baa123c7_3494178680b9.sdf,0.0,72.56,MMFF
mol_baaaf0a7_d54e0c7aa802.sdf,0.0,71.75,MMFF
mol_bab31f26_974101f17f7b.sdf,0.0,32.0,MMFF
mol_baea5800_3e1dc3caf47c.sdf,0.0,100.11,MMFF
mol_bb2b7465_227a44d706c3.sdf,0.0,53.9,MMFF
mol_bb2b7465_9d7a09354d15.sdf,0.0,31.9,MMFF
mol_bb72868c_6a22e64c7406.sdf,0.0,56.82,MMFF
mol_bbabbd68_e350ef974190.sdf,0.0,-4.24,MMFF
mol_bbb10f18_0de58e529a25.sdf,0.0,23.72,MMFF
mol_bbb10f18_efa10225c0e2.sdf,0.0,18.26,MMFF
mol_bbfb0306_8ef3f0589b56.sdf,0.0,68.18,MMFF
mol_bc02e6ac_53107c6e3df6.sdf,0.0,31.04,MMFF
mol_bc02e6ac_ed26f54970bc.sdf,0.0,25.76,MMFF
mol_bc435d7a_18dbfbffccbe.sdf,0.0,65.82,MMFF
mol_bc435d7a_a1384c0c082f.sdf,0.0,72.08,MMFF
mol_bc481a61_6cdd72bc35e3.sdf,0.0,0.52,MMFF
mol_bc481a61_920ca4c14170.sdf,0.0,-0.45,MMFF
mol_bc481a61_95779d78b83b.sdf,0.0,-7.49,MMFF
mol_bc481a61_98d12cf58931.sdf,0.0,-9.72,MMFF
mol_bd1569b5_d8bd071223c6.sdf,0.0,-78.03,MMFF
mol_bd164802_902c554fca2b.sdf,0.0,77.24,MMFF
mol_bd28d52c_ae2ed6f3581a.sdf,0.0,0.21,MMFF
mol_bd34ff53_54ca466b094c.sdf,0.0,71.45,MMFF
mol_bd5502f3_84c862990269.sdf,0.0,52.42,MMFF
mol_bd590f40_c968b588fca5.sdf,0.0,64.93,MMFF
mol_bd590f40_cfb208b29c67.sdf,0.0,105.42,MMFF
mol_bd78d41a_021e79b86049.sdf,0.0,24.47,MMFF
mol_bd7c39c1_8d860d9f52cd.sdf,0.0,47.21,MMFF
mol_bdb04900_7dbeb5bac1c9.sdf,0.0,48.26,MMFF
mol_bdcdd70a_87505973acfd.sdf,0.0,-24.61,MMFF
mol_bdd52bad_07111b4ee906.sdf,0.0,36.47,MMFF
mol_bde6f498_f880edbd741f.sdf,0.0,64.31,MMFF
mol_bdea3321_0ba30ab13a61.sdf,0.0,116.71,MMFF
mol_bdf13c9a_7ff994edcd04.sdf,0.0,21.6,MMFF
mol_be1dc159_d5c67b63b8de.sdf,0.0,81.68,MMFF
mol_be783b75_6aca9aee4c9d.sdf,0.0,-7.96,MMFF
mol_be89d848_66cd800a5985.sdf,0.0,68.45,MMFF
mol_be89d848_bd9f2d7da2df.sdf,0.0,26.1,MMFF
mol_be8c8d57_3261e7267bc1.sdf,0.0,-42.34,MMFF
mol_be8c8d57_cd14ba78b38c.sdf,0.0,-46.46,MMFF
mol_be8c8d57_f4d8b19c7fd1.sdf,0.0,-71.62,MMFF
mol_befd32a6_824263f99a09.sdf,0.0,26.5,MMFF
mol_befd32a6_e7cb9fae86cf.sdf,0.0,27.48,MMFF
mol_bf3645b7_06247eb29546.sdf,0.0,49.28,MMFF
mol_bf3f0e22_ce184ef0d64e.sdf,0.0,29.98,MMFF
mol_bf4824f2_1eae8fd891de.sdf,0.0,93.56,MMFF
mol_bf663946_a7b8926b2f01.sdf,0.0,54.89,MMFF
mol_bf7e153e_21bcb9b9838f.sdf,0.0,45.26,MMFF
mol_bf7e153e_54335533f447.sdf,0.0,16.7,MMFF
mol_bf7e153e_83dffdd92219.sdf,0.0,16.0,MMFF
mol_bf7e153e_86d09436f450.sdf,0.0,50.46,MMFF
mol_bf7e153e_9087031ca014.sdf,0.0,70.37,MMFF
mol_bf7e153e_a9fcd8a4f558.sdf,0.0,66.08,MMFF
mol_bf7e153e_bc34a3c073b7.sdf,0.0,20.38,MMFF
mol_bf7e153e_c36026c1367e.sdf,0.0,28.41,MMFF
mol_bf7e153e_c8af444155f8.sdf,0.0,73.66,MMFF
mol_bf7e153e_e93c37f0b16b.sdf,0.0,37.4,MMFF
mol_bf7ea31c_f6e0b9e59dc4.sdf,0.0,8.26,MMFF
mol_bf9abe0a_22a08d7030d1.sdf,0.0,55.19,MMFF
mol_bf9abe0a_cb96c68bcf0e.sdf,0.0,52.0,MMFF
mol_bfd2d3d2_f4ae28e9dc8f.sdf,0.0,92.82,MMFF
mol_bff65ef3_2f80035b7955.sdf,0.0,-7.26,MMFF
mol_bff65ef3_53a9201d6836.sdf,0.0,-15.17,MMFF
mol_bff65ef3_f0c2f106dc4b.sdf,0.0,-26.85,MMFF
mol_c039533d_4cefbe0ef478.sdf,0.0,-93.57,MMFF
mol_c039533d_c07db558a667.sdf,0.0,-95.45,MMFF
mol_c04f160c_830671da959d.sdf,0.0,60.73,MMFF
mol_c0802c07_851f00095665.sdf,0.0,20.23,MMFF
mol_c0b72159_faced8dede58.sdf,0.0,57.99,MMFF
mol_c0c26f0e_0390627dd156.sdf,0.0,49.75,MMFF
mol_c0e1f748_6347610b7d42.sdf,0.0,-4.29,MMFF
mol_c0eb6420_087f7e45da55.sdf,0.0,32.22,MMFF
mol_c0eb6420_89a29b105951.sdf,0.0,1.76,MMFF
mol_c117ef5b_aa398f2bb4e0.sdf,0.0,16.81,MMFF
mol_c1342ab9_04a5fd5baaf4.sdf,0.0,-3.27,MMFF
mol_c1342ab9_617bfba0cefd.sdf,0.0,8.5,MMFF
mol_c1342ab9_f8ce3470e34f.sdf,0.0,11.56,MMFF
mol_c14b20c2_2ed86f8ea0c1.sdf,0.0,-81.27,MMFF
mol_c14cc441_2caec4e67dfb.sdf,0.0,-9.4,MMFF
mol_c14cc441_4219649c0020.sdf,0.0,10.88,MMFF
mol_c14cc441_a182cb317114.sdf,0.0,1.98,MMFF
mol_c14cc441_e1f421f572df.sdf,0.0,3.66,MMFF
mol_c14cc441_e58ae1400a41.sdf,0.0,2.17,MMFF
mol_c14cc441_f080b98b3744.sdf,0.0,-2.0,MMFF
mol_c14ed2d6_84208384b878.sdf,0.0,-39.55,MMFF
mol_c15babc9_735318434a83.sdf,0.0,135.23,MMFF
mol_c186b731_ce55c5d22190.sdf,0.0,30.31,MMFF
mol_c1970c02_15359ce0331a.sdf,0.0,12.66,MMFF
mol_c1fea98b_d56e2335792b.sdf,0.0,125.35,MMFF
mol_c261326b_dd500db3d698.sdf,0.0,37.51,MMFF
mol_c2b0f586_56a43f204f54.sdf,0.0,56.83,MMFF
mol_c2c77213_5c234ebe9026.sdf,0.0,105.18,MMFF
mol_c2cabfd6_73e995b9dbce.sdf,0.0,-18.95,MMFF
mol_c2cabfd6_e86624a19a7c.sdf,0.0,-9.1,MMFF
mol_c320e2aa_97a78f0a89a4.sdf,0.0,12.69,MMFF
mol_c3778e34_fe7547626927.sdf,0.0,15.42,MMFF
mol_c3a16203_d17a0c2256b6.sdf,0.0,18.33,MMFF
mol_c3d213a1_a73d1e99c922.sdf,0.0,72.22,MMFF
mol_c3de6e2b_b19d718c75fe.sdf,0.0,28.11,MMFF
mol_c3de6e2b_ba4b3c42ea6d.sdf,0.0,36.12,MMFF
mol_c4048304_d2fd372fec6c.sdf,0.0,8.16,MMFF
mol_c41021ea_1bdf2cfb3f4d.sdf,0.0,60.17,MMFF
mol_c41021ea_2e7bec4da8db.sdf,0.0,34.0,MMFF
mol_c41021ea_b6c46da2067e.sdf,0.0,46.21,MMFF
mol_c41021ea_c4a7844eebe8.sdf,0.0,19.85,MMFF
mol_c454eb97_5875d2bab177.sdf,0.0,54.42,MMFF
mol_c454eb97_6e12ad990334.sdf,0.0,61.82,MMFF
mol_c4702b56_36126e258187.sdf,0.0,36.6,MMFF
mol_c473d1bb_e27286fda58c.sdf,0.0,18.77,MMFF
mol_c476e17a_a685e2f21e6f.sdf,0.0,50.57,MMFF
mol_c476e17a_dcbbe728a29a.sdf,0.0,36.61,MMFF
mol_c4797339_bb5700361cf4.sdf,0.0,-20.48,MMFF
mol_c4c173bd_dae7bff11bfc.sdf,0.0,60.18,MMFF
mol_c50c8cb2_409c56466a2d.sdf,0.0,22.73,MMFF
mol_c52f8152_63e6e22ef29a.sdf,0.0,43.39,MMFF
mol_c554ff02_971dbc0b5d14.sdf,0.0,39.79,MMFF
mol_c554ff02_c77d6197cfc7.sdf,0.0,43.45,MMFF
mol_c55702a0_2552a2f6a086.sdf,0.0,5.42,MMFF
mol_c59d2a37_0317a1d69cb1.sdf,0.0,-3.3,MMFF
mol_c5d14ebf_0386b851d44c.sdf,0.0,29.03,MMFF
mol_c5f41f2c_c5428bc989a7.sdf,0.0,-59.95,MMFF
mol_c602d5df_6f0b4b3da89f.sdf,0.0,7.45,MMFF
mol_c6037461_0c8f56d29046.sdf,0.0,56.13,MMFF
mol_c610dec3_d19e2ce8b6be.sdf,0.0,-1.88,MMFF
mol_c6268b80_0c1b60f600b5.sdf,0.0,22.32,MMFF
mol_c6268b80_5fc90d037808.sdf,0.0,36.18,MMFF
mol_c62c6ab8_cdeb2be7833d.sdf,0.0,104.06,MMFF
mol_c639a680_d54e16ac2e9b.sdf,0.0,25.67,MMFF
mol_c669f144_79360d59e5c4.sdf,0.0,28.63,MMFF
mol_c692a009_ea12e65d235b.sdf,0.0,100.54,MMFF
mol_c6970c94_1252f26d54ac.sdf,0.0,83.58,MMFF
mol_c6970c94_4ba51bb2bda4.sdf,0.0,69.41,MMFF
mol_c6970c94_56f9d584f482.sdf,0.0,78.28,MMFF
mol_c6970c94_e3d5cbab4e09.sdf,0.0,85.0,MMFF
mol_c6970c94_f092efb4c470.sdf,0.0,85.8,MMFF
mol_c6b50ecc_5198a8fa2874.sdf,0.0,92.53,MMFF
mol_c70603f9_d137cd6716e8.sdf,0.0,-73.89,MMFF
mol_c73b7130_cdddd44b3352.sdf,0.0,-80.67,MMFF
mol_c7527c39_3855582e9d0c.sdf,0.0,-51.13,MMFF
mol_c7527c39_d5fd9edc2ee8.sdf,0.0,-59.44,MMFF
mol_c76fe645_b279d6844ddf.sdf,0.0,90.48,MMFF
mol_c771cddd_31f0256eb6b4.sdf,0.0,-19.52,MMFF
mol_c77f81db_23293ff6098c.sdf,0.0,65.53,MMFF
mol_c7c026fc_ad996dc59c9c.sdf,0.0,32.49,MMFF
mol_c7c52153_244be6872f20.sdf,0.0,69.56,MMFF
mol_c7cb412d_88f735c9a4e8.sdf,0.0,-10.89,MMFF
mol_c85ca4c9_f5fc3de9de69.sdf,0.0,57.27,MMFF
mol_c86496ba_210a60641039.sdf,0.0,92.33,MMFF
mol_c8960cf0_212a12e2085b.sdf,0.0,18.17,MMFF
mol_c8ca111d_552b16c14481.sdf,0.0,-20.82,MMFF
mol_c8f151e1_6c3a273b0047.sdf,0.0,83.93,MMFF
mol_c8f151e1_f20acc23b86d.sdf,0.0,88.08,MMFF
mol_c8ff15a3_35dd4d9cb144.sdf,0.0,100.28,MMFF
mol_c8ff15a3_bea49f35cfa4.sdf,0.0,66.82,MMFF
mol_c9465f5d_a02613a10f01.sdf,0.0,3.26,MMFF
mol_c95f786c_1e3c303a915e.sdf,0.0,30.52,MMFF
mol_c9632d90_37d466ae5061.sdf,0.0,120.01,MMFF
mol_c98a5fbf_d6ee77aced47.sdf,0.0,37.47,MMFF
mol_c9aeb325_e25944ab2bf0.sdf,0.0,102.36,MMFF
mol_c9b2a6b5_12e9f587f939.sdf,0.0,-60.69,MMFF
mol_c9b2a6b5_87b00884f6e3.sdf,0.0,-81.75,MMFF
mol_c9e67e1a_50e90c314ddb.sdf,0.0,23.34,MMFF
mol_c9e67e1a_55d16d64ec67.sdf,0.0,38.88,MMFF
mol_c9e9eba2_b8a765a419f4.sdf,0.0,13.27,MMFF
mol_c9fd9ce6_0ca409aafc2d.sdf,0.0,-29.87,MMFF
mol_c9fd9ce6_1aa4bba32f7c.sdf,0.0,-14.86,MMFF
mol_c9fd9ce6_1e97ac59ceba.sdf,0.0,-13.67,MMFF
mol_c9fd9ce6_2ddc6604cc87.sdf,0.0,-38.01,MMFF
mol_c9fd9ce6_36402f157ad6.sdf,0.0,-9.28,MMFF
mol_c9fd9ce6_3bbd7e0e10ae.sdf,0.0,-109.91,MMFF
mol_c9fd9ce6_56d9f819e73e.sdf,0.0,4.99,MMFF
mol_c9fd9ce6_5ea9b56c7dc7.sdf,0.0,-41.57,MMFF
mol_c9fd9ce6_6128c8975142.sdf,0.0,-15.48,MMFF
mol_c9fd9ce6_623d8da06390.sdf,0.0,-30.57,MMFF
mol_c9fd9ce6_74b1a030b7fb.sdf,0.0,-4.3,MMFF
mol_c9fd9ce6_7c03f05b7947.sdf,0.0,-20.99,MMFF
mol_c9fd9ce6_7d45c09a7ddb.sdf,0.0,-19.3,MMFF
mol_c9fd9ce6_8e71e87d477f.sdf,0.0,-9.33,MMFF
mol_c9fd9ce6_96043691ca1b.sdf,0.0,-74.33,MMFF
mol_c9fd9ce6_aa9bed319d61.sdf,0.0,-60.86,MMFF
mol_c9fd9ce6_bac78a0ed4ea.sdf,0.0,-35.97,MMFF
mol_c9fd9ce6_bc101262ecef.sdf,0.0,-2.96,MMFF
mol_c9fd9ce6_c278b1761f88.sdf,0.0,-36.87,MMFF
mol_c9fd9ce6_d4abc4993ef8.sdf,0.0,-32.15,MMFF
mol_c9fd9ce6_da7ca96761a5.sdf,0.0,-23.87,MMFF
mol_c9fd9ce6_fc020c8ed3aa.sdf,0.0,-13.87,MMFF
mol_c9fd9ce6_fe713faf9c05.sdf,0.0,-12.48,MMFF
mol_c9ff4f6a_2fe4477e68f7.sdf,0.0,38.51,MMFF
mol_ca06d916_bed6281ca3d8.sdf,0.0,-17.22,MMFF
mol_ca25cd6e_921210bf8896.sdf,0.0,27.94,MMFF
mol_ca37f3a3_f8260664e161.sdf,0.0,23.06,MMFF
mol_ca5b9552_3036d73506fc.sdf,0.0,37.59,MMFF
mol_ca70d1ce_de0cb50edc4e.sdf,0.0,2.61,MMFF
mol_ca73a5fb_029709bbe696.sdf,0.0,113.34,MMFF
mol_ca78fdac_24116ba9716a.sdf,0.0,55.44,MMFF
mol_ca8fd70d_15fd34fb1b3f.sdf,0.0,96.09,MMFF
mol_cb0b6760_0f9fb55b1edf.sdf,0.0,4.78,MMFF
mol_cb0b6760_369a9ff78265.sdf,0.0,-5.28,MMFF
mol_cb0b6760_716d9ffd02ab.sdf,0.0,-6.38,MMFF
mol_cb16cff0_8d1eba013210.sdf,0.0,27.13,MMFF
mol_cb693212_1f9817c2b56a.sdf,0.0,97.86,MMFF
mol_cb9c4012_77f1c16d8765.sdf,0.0,49.49,MMFF
mol_cba99b8a_109adf65bc6e.sdf,0.0,0.41,MMFF
mol_cba99b8a_9888956c9b5d.sdf,0.0,2.97,MMFF
mol_cbf9b6cf_4a01275cc98f.sdf,0.0,52.46,MMFF
mol_cc0d8bc9_0ad71abd023c.sdf,0.0,36.19,MMFF
mol_cc4ff7bb_d6b76ca6cbdb.sdf,0.0,54.51,MMFF
mol_cc657d80_b63969c3f5c0.sdf,0.0,96.86,MMFF
mol_cc9beb44_a8e1e8798249.sdf,0.0,109.17,MMFF
mol_ccddddd6_244c8240fa15.sdf,0.0,94.37,MMFF
mol_cce71cc0_c6b47bb51b51.sdf,0.0,-2.71,MMFF
mol_cd08950e_10874809f9be.sdf,0.0,65.26,MMFF
mol_cd0cd09e_a283aaa2f584.sdf,0.0,-23.04,MMFF
mol_cd0cd09e_ce6b6903b2e7.sdf,0.0,-33.73,MMFF
mol_cd2dfad8_d55367f451a4.sdf,0.0,23.97,MMFF
mol_cd325b59_1f99960a7cec.sdf,0.0,33.31,MMFF
mol_cd325b59_b5834f88158f.sdf,0.0,32.12,MMFF
mol_cd43985d_b8dde37359ea.sdf,0.0,83.53,MMFF
mol_cd5b9690_c44e73c7644f.sdf,0.0,43.06,MMFF
mol_cd6d04aa_227951d7c4d4.sdf,0.0,85.93,MMFF
mol_cd6d04aa_285a7d76a84b.sdf,0.0,89.1,MMFF
mol_cd6d04aa_576ad2b7f887.sdf,0.0,67.02,MMFF
mol_cd6d04aa_dbd69159d92f.sdf,0.0,64.7,MMFF
mol_cd6d04aa_e1c8cbd62bce.sdf,0.0,48.41,MMFF
mol_cd885a71_437fe8a3af33.sdf,0.0,60.09,MMFF
mol_cd885a71_7d61121bd379.sdf,0.0,48.15,MMFF
mol_cda5bab4_cfc216ae2a3c.sdf,0.0,23.42,MMFF
mol_cdf53ef5_111d53535d49.sdf,0.0,38.16,MMFF
mol_ce07a605_671fb3445513.sdf,0.0,70.45,MMFF
mol_ce12b96b_766a11e0a4f2.sdf,0.0,57.74,MMFF
mol_ce6f791b_d2bb04727a62.sdf,0.0,21.8,MMFF
mol_ce6f791b_f62bae3d1fd4.sdf,0.0,47.32,MMFF
mol_ceb1e68d_e01d02fef9ca.sdf,0.0,-5.63,MMFF
mol_cecf0fb1_5564602e0ece.sdf,0.0,62.22,MMFF
mol_cef364a1_ff3fdbd153f9.sdf,0.0,30.4,MMFF
mol_cf2f7b72_b78aa586d722.sdf,0.0,23.07,MMFF
mol_cf2f7b72_cd8656bd19ee.sdf,0.0,29.15,MMFF
mol_cf4020d5_c16b6c54cbb1.sdf,0.0,19.38,MMFF
mol_cf42102e_12a4a1cb8d18.sdf,0.0,-35.02,MMFF
mol_cf42102e_5a8e0af398af.sdf,0.0,-41.11,MMFF
mol_cf42102e_620ecb83010a.sdf,0.0,-22.53,MMFF
mol_cf42102e_7c27828e0508.sdf,0.0,-31.66,MMFF
mol_cf42102e_adde102fbbcf.sdf,0.0,-30.5,MMFF
mol_cf6ed4c3_b28c1a3cd347.sdf,0.0,54.87,MMFF
mol_cf7b6c05_8365bb505c18.sdf,0.0,34.45,MMFF
mol_cf8cc1e0_7f0a2e97d80f.sdf,0.0,-47.38,MMFF
mol_cfa40fda_c053cfe6953a.sdf,0.0,-49.24,MMFF
mol_cffbaf7a_24352362ab19.sdf,0.0,-2.8,MMFF
mol_d06b3ffb_3e50bf81b7fc.sdf,0.0,27.13,MMFF
mol_d087c39a_7ab809496c6a.sdf,0.0,46.69,MMFF
mol_d08e9881_ed8707337293.sdf,0.0,53.77,MMFF
mol_d0d2330e_4e584c5ad85b.sdf,0.0,3.75,MMFF
mol_d0deb702_21cbb76e05c6.sdf,0.0,23.03,MMFF
mol_d0f227bb_6d1eb165576e.sdf,0.0,47.61,MMFF
mol_d14a8da5_1999a5849408.sdf,0.0,36.66,MMFF
mol_d14a8da5_ec834bfb80f3.sdf,0.0,31.91,MMFF
mol_d16b021a_ed6726ba5537.sdf,0.0,56.47,MMFF
mol_d17123e6_1917605f4215.sdf,0.0,63.36,MMFF
mol_d17123e6_799d59d86d69.sdf,0.0,63.08,MMFF
mol_d1d64918_52638f18f111.sdf,0.0,98.09,MMFF
mol_d1d670f5_6b68d8b6a4cc.sdf,0.0,-40.78,MMFF
mol_d20da839_d8a2566b3711.sdf,0.0,-24.83,MMFF
mol_d2402ccd_1809ba63c285.sdf,0.0,53.63,MMFF
mol_d2402ccd_2ecd1134ef18.sdf,0.0,41.7,MMFF
mol_d2402ccd_d33f0109491c.sdf,0.0,49.16,MMFF
mol_d27db014_1e7727689b97.sdf,0.0,62.67,MMFF
mol_d27db014_2e98487a767f.sdf,0.0,70.82,MMFF
mol_d282dc0a_399d22cea7e9.sdf,0.0,61.47,MMFF
mol_d2a4ad48_8b7fa5ab0799.sdf,0.0,0.14,MMFF
mol_d2c9cc6b_c84a45be0321.sdf,0.0,44.33,MMFF
mol_d2c9cc6b_cb0826d252ad.sdf,0.0,76.12,MMFF
mol_d2dbde57_b29ae89eba5e.sdf,0.0,84.29,MMFF
mol_d2dbde57_e470ff7c3318.sdf,0.0,93.14,MMFF
mol_d2fee551_1f961956ab87.sdf,0.0,91.4,MMFF
mol_d304a76f_1cba0208f53c.sdf,0.0,67.17,MMFF
mol_d30a72b7_8aad6c5ec7fc.sdf,0.0,90.39,MMFF
mol_d30a72b7_bdf4dd9f1a29.sdf,0.0,79.89,MMFF
mol_d30a72b7_fb0c06422159.sdf,0.0,71.37,MMFF
mol_d33f9d6b_fcf0194b5c82.sdf,0.0,107.54,MMFF
mol_d3432a73_17dbe00e7b1f.sdf,0.0,80.49,MMFF
mol_d3913c2e_79b9b279f1da.sdf,0.0,25.65,MMFF
mol_d3b9d519_9e918d8bd0cb.sdf,0.0,13.2,MMFF
mol_d3c0af9c_c277630478ef.sdf,0.0,56.09,MMFF
mol_d3c519e4_484bfdd63135.sdf,0.0,87.46,MMFF
mol_d3ce0d8e_2d43254af3e2.sdf,0.0,63.87,MMFF
mol_d3ecc121_07854b69200d.sdf,0.0,26.69,MMFF
mol_d3ecc121_4e7cf8226cd5.sdf,0.0,-7.53,MMFF
mol_d3ecc121_72da5a64f8e7.sdf,0.0,11.47,MMFF
mol_d3ecc121_72ef6550b645.sdf,0.0,5.4,MMFF
mol_d3ecc121_e84a0ae50cd9.sdf,0.0,-14.52,MMFF
mol_d3f5ec83_ee36849914f1.sdf,0.0,10.9,MMFF
mol_d41465a0_9a8477447972.sdf,0.0,-26.9,MMFF
mol_d41465a0_c3996c362621.sdf,0.0,-27.02,MMFF
mol_d43c5a35_f155b625845e.sdf,0.0,50.78,MMFF
mol_d43fbb8b_13fe9cefa117.sdf,0.0,8.38,MMFF
mol_d46430b0_869911c69945.sdf,0.0,66.66,MMFF
mol_d4c705a4_e1140867aeb5.sdf,0.0,55.2,MMFF
mol_d4ceaa9c_96ab2d367a14.sdf,0.0,18.57,MMFF
mol_d4d4f105_4b73e67f6865.sdf,0.0,23.59,MMFF
mol_d4fc402c_1e4ecdf36c50.sdf,0.0,23.35,MMFF
mol_d5633989_f3d583707b89.sdf,0.0,91.5,MMFF
mol_d5a0d82f_22f6228fea0d.sdf,0.0,92.98,MMFF
mol_d5a77b66_63ca9fa685dd.sdf,0.0,25.97,MMFF
mol_d5b683e0_ac6c947a3fe4.sdf,0.0,-51.78,MMFF
mol_d5da9676_641b362a2a6b.sdf,0.0,-3.14,MMFF
mol_d5ea51bf_d5ea51bf8d4d.sdf,0.0,42.06,MMFF
mol_d609e292_10f74153192b.sdf,0.0,23.85,MMFF
mol_d609e292_b9f9d02b8fa9.sdf,0.0,15.64,MMFF
mol_d6491727_da1fe1b6b679.sdf,0.0,22.34,MMFF
mol_d67298e4_548856a541e8.sdf,0.0,36.69,MMFF
mol_d6add5d9_1aa7f29f2c9c.sdf,0.0,17.54,MMFF
mol_d6c1ac27_22fca46538e2.sdf,0.0,-7.32,MMFF
mol_d6c1ac27_90a315658a7c.sdf,0.0,-3.42,MMFF
mol_d6f6f8d4_9f8a9d63ec72.sdf,0.0,20.59,MMFF
mol_d735d487_84cb409916af.sdf,0.0,55.89,MMFF
mol_d777892b_6788bba66d1d.sdf,0.0,-12.32,MMFF
mol_d790a113_16d39c381413.sdf,0.0,58.19,MMFF
mol_d8054e73_c566264d1259.sdf,0.0,60.66,MMFF
mol_d810b617_8ec0eca2a448.sdf,0.0,66.01,MMFF
mol_d81211f7_c0bb658c5932.sdf,0.0,107.44,MMFF
mol_d8123fde_704ee2bea9c8.sdf,0.0,50.19,MMFF
mol_d8123fde_cb3a64eb1f4a.sdf,0.0,34.87,MMFF
mol_d8123fde_ec0a0c96eca6.sdf,0.0,15.68,MMFF
mol_d8399e8c_d55c9f33af4a.sdf,0.0,-40.27,MMFF
mol_d85da925_3c998410a30b.sdf,0.0,74.06,MMFF
mol_d898d739_41ceef8f54c9.sdf,0.0,-86.72,MMFF
mol_d8a95437_bfb195ba594f.sdf,0.0,130.4,MMFF
mol_d90311f5_f6164e0adba2.sdf,0.0,-54.71,MMFF
mol_d968568e_72b345313c7d.sdf,0.0,-46.36,MMFF
mol_d96d7d2b_630bc4f2c89a.sdf,0.0,76.6,MMFF
mol_d98b5996_7f16451551c5.sdf,0.0,80.74,MMFF
mol_d9e7f90e_49cfa4bf47b6.sdf,0.0,50.74,MMFF
mol_d9f8849c_5eb70d5f88b4.sdf,0.0,56.77,MMFF
mol_da2000fe_61393ab78929.sdf,0.0,92.73,MMFF
mol_da2000fe_7cebdae70863.sdf,0.0,92.93,MMFF
mol_da481314_164ba0e8dcac.sdf,0.0,57.97,MMFF
mol_dad25fe9_980d70e48913.sdf,0.0,6.87,MMFF
mol_dad25fe9_e597949565ba.sdf,0.0,1.5,MMFF
mol_dae12ded_12300ffd59b2.sdf,0.0,75.03,MMFF
mol_daf306c1_3ac3bcb86b2e.sdf,0.0,66.68,MMFF
mol_daf306c1_9773f1e3de79.sdf,0.0,68.78,MMFF
mol_daf306c1_a26a3e5d8806.sdf,0.0,74.66,MMFF
mol_db24bcdd_fafbd31128c4.sdf,0.0,-31.85,MMFF
mol_db2f29bf_43c055489f91.sdf,0.0,21.45,MMFF
mol_db2f29bf_b88777516a1c.sdf,0.0,51.28,MMFF
mol_db2f29bf_e37a4ff787ab.sdf,0.0,55.23,MMFF
mol_db2f29bf_e67d55ba7d32.sdf,0.0,10.59,MMFF
mol_db2f29bf_f2b0f8d00d49.sdf,0.0,73.16,MMFF
mol_db321646_ca605504200d.sdf,0.0,159.26,MMFF
mol_db3daac3_7948e389b86f.sdf,0.0,21.89,MMFF
mol_db3daac3_9867435c671d.sdf,0.0,26.42,MMFF
mol_db3daac3_cc45542e9546.sdf,0.0,25.39,MMFF
mol_db477fb3_099844f501ee.sdf,0.0,128.45,MMFF
mol_db5fc591_5819e9832ad9.sdf,0.0,32.57,MMFF
mol_db7ec67c_524ddc84fdcb.sdf,0.0,92.14,MMFF
mol_db822869_0fbac490dee2.sdf,0.0,-1.33,MMFF
mol_db822869_ba12141af4e9.sdf,0.0,7.48,MMFF
mol_db822869_bb2a29a8814b.sdf,0.0,3.75,MMFF
mol_db822869_c4bc5039c17b.sdf,0.0,29.12,MMFF
mol_db822869_f51701a35739.sdf,0.0,-6.16,MMFF
mol_db87a5e5_6f3df14e0055.sdf,0.0,49.28,MMFF
mol_db96cb9a_61ba790b11bf.sdf,0.0,83.11,MMFF
mol_db96cb9a_785f4b193d23.sdf,0.0,95.45,MMFF
mol_db96cb9a_8c1f32087571.sdf,0.0,98.73,MMFF
mol_db99bd65_2677d8d5b703.sdf,0.0,-3.94,MMFF
mol_db99bd65_7c005f4df7d3.sdf,0.0,-10.11,MMFF
mol_db99bd65_a4e2f1524f4a.sdf,0.0,-26.76,MMFF
mol_dba01500_e7df08adaf8b.sdf,0.0,29.51,MMFF
mol_dba7169d_fa5e5f41f88f.sdf,0.0,49.37,MMFF
mol_dbc36a41_39950aa63a26.sdf,0.0,-4.7,MMFF
mol_dbd989b3_31e0b8121a20.sdf,0.0,37.93,MMFF
mol_dbd989b3_954169117b26.sdf,0.0,58.33,MMFF
mol_dbe1cf65_13a683e04818.sdf,0.0,7.78,MMFF
mol_dc020208_6b5dc5081ae8.sdf,0.0,71.74,MMFF
mol_dc0ef095_5d8df495255a.sdf,0.0,55.56,MMFF
mol_dc284630_7d62b595b0c8.sdf,0.0,104.81,MMFF
mol_dc62f325_d33baf05ce00.sdf,0.0,52.95,MMFF
mol_dc7146c0_db064770d596.sdf,0.0,51.38,MMFF
mol_dc898e31_161be3f0c9e1.sdf,0.0,-51.8,MMFF
mol_dc9789cc_ebd2128fdf2e.sdf,0.0,60.07,MMFF
mol_dc9c157e_e8b51abd7619.sdf,0.0,36.21,MMFF
mol_dcdf7b86_a22c85d77aaf.sdf,0.0,-14.58,MMFF
mol_dce90f34_19416af2472e.sdf,0.0,56.23,MMFF
mol_dcea6d16_974dac32d5e8.sdf,0.0,106.94,MMFF
mol_dd061f55_c6f776f4f93c.sdf,0.0,53.78,MMFF
mol_dd0d60fc_585d4c742f3b.sdf,0.0,56.65,MMFF
mol_dd19dbab_522bc97dd700.sdf,0.0,56.32,MMFF
mol_dd19dbab_f71846b00fb9.sdf,0.0,71.76,MMFF
mol_dd6c6e3e_4cf4abb035c0.sdf,0.0,22.08,MMFF
mol_dda4bc27_be4d32b230d2.sdf,0.0,10.59,MMFF
mol_ddcb562d_ddcb562d5be6.sdf,0.0,-58.08,MMFF
mol_ddd0680b_21720ba75bd3.sdf,0.0,78.74,MMFF
mol_ddd0680b_d4f32a68b81b.sdf,0.0,79.49,MMFF
mol_de04b098_98628b3a834d.sdf,0.0,15.86,MMFF
mol_de169ba5_20200de196c9.sdf,0.0,114.08,MMFF
mol_de4ce754_6e98caa5b642.sdf,0.0,24.02,MMFF
mol_de60bacc_891179b50703.sdf,0.0,84.46,MMFF
mol_de66ba5a_79cb8a90e993.sdf,0.0,56.94,MMFF
mol_de66ba5a_b7a4459b9c68.sdf,0.0,57.52,MMFF
mol_de7c63a8_5df6b27c6d3c.sdf,0.0,33.66,MMFF
mol_deeaf770_f121ff39e58b.sdf,0.0,0.43,MMFF
mol_df03c112_8d7475fbec3a.sdf,0.0,92.27,MMFF
mol_df08cca3_148348c5eaa3.sdf,0.0,59.18,MMFF
mol_df08cca3_5da8e12600ff.sdf,0.0,57.01,MMFF
mol_df0ff144_5caeae3b6e30.sdf,0.0,-40.14,MMFF
mol_df0ff144_e21235fd28b6.sdf,0.0,-54.67,MMFF
mol_df4382e8_ce5f13d59729.sdf,0.0,11.62,MMFF
mol_dfa2045c_e70115c0d2c3.sdf,0.0,19.9,MMFF
mol_dfa99ebe_dfa99ebed2f5.sdf,0.0,107.61,MMFF
mol_dfbb10ac_30620fc2ffd3.sdf,0.0,26.83,MMFF
mol_dfbb10ac_3a47f6f0f972.sdf,0.0,-14.88,MMFF
mol_dfbb10ac_d7345084216e.sdf,0.0,-13.51,MMFF
mol_dfbb10ac_f946fea2cbc3.sdf,0.0,57.78,MMFF
mol_dfc19751_438b7cbe517c.sdf,0.0,112.79,MMFF
mol_e024c5a1_5400ac8b3cb2.sdf,0.0,30.08,MMFF
mol_e057df08_d5ae3ad25a5d.sdf,0.0,1.66,MMFF
mol_e05a0d55_b10c7b85d68b.sdf,0.0,65.66,MMFF
mol_e0c872bc_202c81ea1864.sdf,0.0,28.54,MMFF
mol_e0c94b92_1a1eaf4a3a65.sdf,0.0,126.47,MMFF
mol_e0c94b92_857c397bac56.sdf,0.0,153.95,MMFF
mol_e0c94b92_cf1467b71d87.sdf,0.0,124.75,MMFF
mol_e0d9a283_9a51435885aa.sdf,0.0,50.45,MMFF
mol_e0f539e0_545fc6bdb1df.sdf,0.0,-3.16,MMFF
mol_e0f63898_32cbda7b54b6.sdf,0.0,104.1,MMFF
mol_e10b8296_5a77796fd661.sdf,0.0,-128.64,MMFF
mol_e13d55b1_a2365f12b418.sdf,0.0,73.44,MMFF
mol_e14b1719_04fb01bd680c.sdf,0.0,95.27,MMFF
mol_e14b1719_cf2d308bc669.sdf,0.0,81.38,MMFF
mol_e1609dd4_44d3542610fd.sdf,0.0,86.29,MMFF
mol_e1817ce4_0270042a9cbe.sdf,0.0,26.34,MMFF
mol_e1817ce4_1caa27de2c3a.sdf,0.0,61.87,MMFF
mol_e1817ce4_32c7ce21cd50.sdf,0.0,43.32,MMFF
mol_e1817ce4_86247a0ed8c6.sdf,0.0,37.86,MMFF
mol_e1817ce4_a417a21666e8.sdf,0.0,18.39,MMFF
mol_e1817ce4_a6a560919b48.sdf,0.0,23.87,MMFF
mol_e1817ce4_c982a8ca51bf.sdf,0.0,41.65,MMFF
mol_e1817ce4_d8effdd98d04.sdf,0.0,25.47,MMFF
mol_e1cf18c0_320f20898e5a.sdf,0.0,37.99,MMFF
mol_e20b06b6_5ac39b2ad04a.sdf,0.0,16.03,MMFF
mol_e218efbf_e560af334002.sdf,0.0,63.99,MMFF
mol_e22a07f1_d0ec4431c011.sdf,0.0,8.22,MMFF
mol_e234d7a5_c67a2879245b.sdf,0.0,9.91,MMFF
mol_e2407156_c764db8e9bcf.sdf,0.0,64.17,MMFF
mol_e295e346_bbd42dbdf8b2.sdf,0.0,-24.32,MMFF
mol_e295e346_e983e05d6fc3.sdf,0.0,-4.09,MMFF
mol_e29ae79b_5494a97ed1b1.sdf,0.0,81.68,MMFF
mol_e29ae79b_8c491ab464c1.sdf,0.0,75.71,MMFF
mol_e29ef738_45d4ff70e5d2.sdf,0.0,50.04,MMFF
mol_e2eb1977_90de946bb46e.sdf,0.0,180.8,MMFF
mol_e2fe0fcb_92c0953ea7be.sdf,0.0,124.13,MMFF
mol_e314b589_b165693dc4e3.sdf,0.0,-9.38,MMFF
mol_e31cecb3_452a49368ae3.sdf,0.0,-83.14,MMFF
mol_e3283ae4_fb3d3c5a3bd1.sdf,0.0,3.29,MMFF
mol_e342e36a_958bd9e23c8e.sdf,0.0,-3.05,MMFF
mol_e35492de_b9a00cec5449.sdf,0.0,-1.63,MMFF
mol_e38ef535_c1a72f0f0e81.sdf,0.0,71.92,MMFF
mol_e3940568_952d18d061d5.sdf,0.0,48.67,MMFF
mol_e3940568_b9ad2b9d54a9.sdf,0.0,56.35,MMFF
mol_e3b8da02_4e5e84b4f9c0.sdf,0.0,63.01,MMFF
mol_e3b8da02_5b044ed78fa9.sdf,0.0,75.2,MMFF
mol_e3bc3cc9_024e2f0c089a.sdf,0.0,23.93,MMFF
mol_e3c356f3_fb6f68e6fa61.sdf,0.0,17.57,MMFF
mol_e3d4c096_b0904fe37226.sdf,0.0,76.92,MMFF
mol_e3d4c096_f64417688af3.sdf,0.0,68.33,MMFF
mol_e3daf601_1b3f351ddd60.sdf,0.0,73.05,MMFF
mol_e3daf601_24eb991faef3.sdf,0.0,75.38,MMFF
mol_e3daf601_31d9c803f145.sdf,0.0,35.01,MMFF
mol_e3daf601_5506ed9674f5.sdf,0.0,82.48,MMFF
mol_e3daf601_5d9e623923be.sdf,0.0,33.05,MMFF
mol_e3e1316a_4564be042062.sdf,0.0,48.08,MMFF
mol_e3e43651_69a7fe095c9d.sdf,0.0,46.5,MMFF
mol_e3f7d058_73bebd794b67.sdf,0.0,-52.83,MMFF
mol_e3f7d058_aa1d8ea0ada1.sdf,0.0,-62.12,MMFF
mol_e3f7d058_e68830954cb0.sdf,0.0,-46.67,MMFF
mol_e3f7d058_fe4f127cf1a9.sdf,0.0,-52.59,MMFF
mol_e4128185_e0310bf8eebd.sdf,0.0,60.91,MMFF
mol_e42b90c9_384bb2202d91.sdf,0.0,-8.3,MMFF
mol_e44585d0_f22e78e8647b.sdf,0.0,-58.66,MMFF
mol_e458bffa_36a957df987a.sdf,0.0,91.14,MMFF
mol_e4964840_160986d90b2a.sdf,0.0,42.93,MMFF
mol_e5624239_ceca473b2a4e.sdf,0.0,13.17,MMFF
mol_e5624239_ef80c5c2355e.sdf,0.0,32.52,MMFF
mol_e5640b21_2dab676b7cbd.sdf,0.0,159.39,MMFF
mol_e5716f54_336cdb79dc08.sdf,0.0,114.44,MMFF
mol_e59eae68_bba50b0b6450.sdf,0.0,64.37,MMFF
mol_e5a0cd45_e5a0cd452f87.sdf,0.0,13.35,MMFF
mol_e5d14a77_d3bab266db65.sdf,0.0,59.5,MMFF
mol_e60bf68e_2255a80fc717.sdf,0.0,131.05,MMFF
mol_e6477c15_f551992db996.sdf,0.0,51.57,MMFF
mol_e665a5f5_4a334a01a565.sdf,0.0,-13.03,MMFF
mol_e665a5f5_53448ddfe019.sdf,0.0,-27.22,MMFF
mol_e665a5f5_9c20739235b0.sdf,0.0,-18.7,MMFF
mol_e665a5f5_b41e918a6f95.sdf,0.0,-22.97,MMFF
mol_e6e8a2d1_a5e00cfd0816.sdf,0.0,9.68,MMFF
mol_e75ac6e6_0d2d099106d4.sdf,0.0,25.34,MMFF
mol_e7b427f1_ac62da549320.sdf,0.0,40.99,MMFF
mol_e7cafbb5_822220c7fde8.sdf,0.0,117.27,MMFF
mol_e7d3d9b5_9211bb155c11.sdf,0.0,83.18,MMFF
mol_e7d3d9b5_f192704c6e12.sdf,0.0,95.36,MMFF
mol_e7e3c89f_8fcda5827876.sdf,0.0,56.69,MMFF
mol_e82ddd66_98216b0f52be.sdf,0.0,52.29,MMFF
mol_e86eb23e_07b115bb191d.sdf,0.0,37.75,MMFF
mol_e86eb23e_98375ca6adde.sdf,0.0,42.92,MMFF
mol_e86eb23e_bdaa1a8f4a31.sdf,0.0,49.99,MMFF
mol_e87c6af7_601797d42337.sdf,0.0,-11.49,MMFF
mol_e87c6af7_b0e987126578.sdf,0.0,65.0,MMFF
mol_e8897dd0_f130345f6d93.sdf,0.0,41.59,MMFF
mol_e8d730b6_426fa69f5d60.sdf,0.0,40.96,MMFF
mol_e92b86b9_d3909290afa1.sdf,0.0,-16.42,MMFF
mol_e942c7f6_2076b57aed89.sdf,0.0,-3.43,MMFF
mol_e9550949_f8e05606938e.sdf,0.0,73.07,MMFF
mol_e967b36f_31f57c0220a4.sdf,0.0,15.83,MMFF
mol_e967b36f_8617c1d1eda8.sdf,0.0,10.9,MMFF
mol_e9847cf7_fb42fdc9ef35.sdf,0.0,52.37,MMFF
mol_e9ae051a_9792196da520.sdf,0.0,38.4,MMFF
mol_e9e997d0_6126ba9447a1.sdf,0.0,65.02,MMFF
mol_e9e997d0_6f1e4c6b7c72.sdf,0.0,66.74,MMFF
mol_e9e997d0_cd18b6f30c76.sdf,0.0,62.29,MMFF
mol_e9ebb6ed_6cefea7a8dba.sdf,0.0,94.71,MMFF
mol_e9f7ab89_d82840064d60.sdf,0.0,-12.99,MMFF
mol_ea17c90d_aa678424e110.sdf,0.0,31.94,MMFF
mol_ea1a3083_4a1ad253e55c.sdf,0.0,34.97,MMFF
mol_ea27baa8_aed86677f24f.sdf,0.0,56.8,MMFF
mol_ea27baa8_b338548b0131.sdf,0.0,39.52,MMFF
mol_ea2846f5_0a23b4285080.sdf,0.0,19.7,MMFF
mol_ea2846f5_1da81a83f75e.sdf,0.0,29.02,MMFF
mol_ea2846f5_9a0b7777815b.sdf,0.0,21.49,MMFF
mol_ea3e04d1_70738bc352dd.sdf,0.0,105.43,MMFF
mol_ea3e04d1_87f86dd5d786.sdf,0.0,111.35,MMFF
mol_ea3f758a_706c81ae2054.sdf,0.0,36.59,MMFF
mol_ea555da0_55bc514a9dd3.sdf,0.0,2.37,MMFF
mol_ea5f0093_9c648b4b9848.sdf,0.0,86.05,MMFF
mol_eacd02ca_3ea7d30ff7ea.sdf,0.0,4.47,MMFF
mol_eae51e6d_2e4b6c9c2314.sdf,0.0,51.35,MMFF
mol_eae51e6d_49aaa294ede1.sdf,0.0,56.54,MMFF
mol_eae51e6d_aea07eebec0b.sdf,0.0,70.37,MMFF
mol_eae51e6d_eb252925594b.sdf,0.0,59.99,MMFF
mol_eae51e6d_fb7f6944b481.sdf,0.0,60.31,MMFF
mol_eb3988f8_66edaa1f4f1d.sdf,0.0,26.26,MMFF
mol_eb3988f8_cc30a879ad10.sdf,0.0,39.35,MMFF
mol_eb422253_81c072567754.sdf,0.0,42.0,MMFF
mol_eb422253_9c0db57d6338.sdf,0.0,46.08,MMFF
mol_eb422253_ae0db838e981.sdf,0.0,52.7,MMFF
mol_eb705b88_64cdcaccbe87.sdf,0.0,92.59,MMFF
mol_eb8a4830_807ed24d1d24.sdf,0.0,102.43,MMFF
mol_eb922c3b_3e6f163153c3.sdf,0.0,6.96,MMFF
mol_ebb9ae87_44d8275c0cf7.sdf,0.0,43.27,MMFF
mol_ebb9ae87_d8bb3d325c9f.sdf,0.0,49.72,MMFF
mol_ebbf9347_ef8e7f0b351e.sdf,0.0,54.22,MMFF
mol_ebd948b0_3a34f4f7d90b.sdf,0.0,10.2,MMFF
mol_ebd948b0_3b20005c91e5.sdf,0.0,74.86,MMFF
mol_ebd948b0_79c6c859c5ad.sdf,0.0,19.05,MMFF
mol_ebd948b0_9b677b20eb38.sdf,0.0,89.85,MMFF
mol_ebd948b0_aa9047b72a0e.sdf,0.0,19.12,MMFF
mol_ebd948b0_ad30871ddc05.sdf,0.0,95.76,MMFF
mol_ebd948b0_b334ee91352c.sdf,0.0,10.06,MMFF
mol_ebd948b0_b545977609c0.sdf,0.0,97.83,MMFF
mol_ebd948b0_bf200c89c110.sdf,0.0,19.76,MMFF
mol_ebd948b0_d36cd266d6dd.sdf,0.0,101.83,MMFF
mol_ebd948b0_d7186a2936b7.sdf,0.0,15.85,MMFF
mol_ebd948b0_d7d18d7c4821.sdf,0.0,112.64,MMFF
mol_ebd948b0_dffcf28333f2.sdf,0.0,79.47,MMFF
mol_ebd948b0_f6f9ba9319db.sdf,0.0,13.7,MMFF
mol_ebe5d628_b710a6147bcc.sdf,0.0,-40.66,MMFF
mol_ebe5d628_c63c6cb4d30c.sdf,0.0,-52.2,MMFF
mol_ec22a81c_3f297bac6767.sdf,0.0,53.01,MMFF
mol_ec2feef1_ffb1abe24906.sdf,0.0,3.7,MMFF
mol_ec33d37e_30f9faf9c285.sdf,0.0,43.04,MMFF
mol_ec5af834_c93b30e05732.sdf,0.0,18.27,MMFF
mol_ec5e11a6_d44a1664e10e.sdf,0.0,110.0,MMFF
mol_eca38d39_0a7fd5397950.sdf,0.0,10.46,MMFF
mol_ecdec800_106f5537d095.sdf,0.0,87.29,MMFF
mol_ecdec800_82de1f7b90c5.sdf,0.0,73.37,MMFF
mol_ecf46eef_34eec58bdf12.sdf,0.0,-30.34,MMFF
mol_ecf46eef_7b4a65ebd54d.sdf,0.0,-79.65,MMFF
mol_ed4d140a_fa5307c0749a.sdf,0.0,62.03,MMFF
mol_ed4db021_ed7745526104.sdf,0.0,37.82,MMFF
mol_ed57045d_5005ac8705ee.sdf,0.0,16.73,MMFF
mol_ed71d2e7_b48c5c8d7097.sdf,0.0,39.33,MMFF
mol_ed8239b3_33dad469add6.sdf,0.0,55.46,MMFF
mol_ed8b471f_7d499f3d517c.sdf,0.0,85.13,MMFF
mol_ed8e6078_ad75d120adb6.sdf,0.0,43.51,MMFF
mol_ed922efc_22e0567b058e.sdf,0.0,4.04,MMFF
mol_ed9c1b59_21d486230e4e.sdf,0.0,72.45,MMFF
mol_edfbae2a_89ad3a62e36e.sdf,0.0,-29.73,MMFF
mol_ee32f48f_b6ff284602f8.sdf,0.0,62.72,MMFF
mol_eeb47be3_b45980891af6.sdf,0.0,1.49,MMFF
mol_eebe7611_db061fe106cd.sdf,0.0,56.43,MMFF
mol_ef10bada_9154f28eb6d1.sdf,0.0,14.38,MMFF
mol_ef10bada_ad108fc33b9d.sdf,0.0,0.2,MMFF
mol_ef10bada_bade8edc69f5.sdf,0.0,28.62,MMFF
mol_ef10bada_bd3cbf8ed5dd.sdf,0.0,30.33,MMFF
mol_ef319f58_c7a5f1c97173.sdf,0.0,110.75,MMFF
mol_ef53fec9_9f52400a0c76.sdf,0.0,3.77,MMFF
mol_ef7a2692_2a78e6f4cfef.sdf,0.0,73.65,MMFF
mol_efa1fb2d_59ee8f4b83f8.sdf,0.0,-9.79,MMFF
mol_efa1fb2d_6820b6e2169f.sdf,0.0,-59.09,MMFF
mol_efaf9d66_8f5cb7e26d67.sdf,0.0,43.31,MMFF
mol_efd11c73_b101312387ff.sdf,0.0,59.41,MMFF
mol_efe1860c_62fecb7dcd2a.sdf,0.0,26.23,MMFF
mol_eff24c48_359a32e0c741.sdf,0.0,67.06,MMFF
mol_f01da8a1_eacb74580982.sdf,0.0,42.88,MMFF
mol_f024dd99_a6c4dbaedb1e.sdf,0.0,-26.59,MMFF
mol_f0289784_01af206b78c6.sdf,0.0,-13.62,MMFF
mol_f047514f_bf6ba38aa17c.sdf,0.0,29.08,MMFF
mol_f055785a_056b5958a194.sdf,0.0,-58.04,MMFF
mol_f0e43486_5722d12b7bd9.sdf,0.0,102.9,MMFF
mol_f0e43486_cf6e4c0cdb49.sdf,0.0,79.85,MMFF
mol_f10a8bf3_7ffd2252b406.sdf,0.0,-101.23,MMFF
mol_f15c74e9_aac0be97c830.sdf,0.0,35.89,MMFF
mol_f1a1ca6b_0417d598162a.sdf,0.0,1.88,MMFF
mol_f1abde8d_6191cfa3ccd6.sdf,0.0,22.7,MMFF
mol_f1abde8d_c1df946ce05a.sdf,0.0,36.84,MMFF
mol_f1ba065e_e0fe6094fee4.sdf,0.0,26.86,MMFF
mol_f1f31f59_53577421decd.sdf,0.0,-14.37,MMFF
mol_f1f31f59_82cf722991a6.sdf,0.0,-5.52,MMFF
mol_f1f31f59_96fa1644cc69.sdf,0.0,-14.79,MMFF
mol_f1f31f59_a051ddaff2fa.sdf,0.0,-30.29,MMFF
mol_f1f31f59_c5bda499eceb.sdf,0.0,-13.29,MMFF
mol_f1f31f59_e05bf01733f8.sdf,0.0,-3.24,MMFF
mol_f202f2e2_0c65e873abdc.sdf,0.0,13.11,MMFF
mol_f25b4a67_bccd5aff741b.sdf,0.0,81.83,MMFF
mol_f25b4a67_c7c834e44817.sdf,0.0,73.93,MMFF
mol_f25b4a67_fa80b1c80bb0.sdf,0.0,100.43,MMFF
mol_f28821c4_f28821c4e277.sdf,0.0,110.34,MMFF
mol_f29552f6_8548770347bc.sdf,0.0,-21.95,MMFF
mol_f2b078d4_ee7ef97ab501.sdf,0.0,46.24,MMFF
mol_f2ca8d0b_fd99b85da516.sdf,0.0,50.08,MMFF
mol_f30148f1_a9890f313382.sdf,0.0,30.52,MMFF
mol_f30148f1_c5d06d2e41f9.sdf,0.0,58.69,MMFF
mol_f3182848_25bf2a6bc19a.sdf,0.0,-36.82,MMFF
mol_f32a85a1_d87f0b1e0cba.sdf,0.0,-82.85,MMFF
mol_f33d1b32_a765a1a2b732.sdf,0.0,40.35,MMFF
mol_f3420c74_5a17068c5885.sdf,0.0,-52.96,MMFF
mol_f3420c74_5e7edcf181ee.sdf,0.0,-47.38,MMFF
mol_f353c97d_6dfbcd5f163b.sdf,0.0,74.54,MMFF
mol_f3556c7b_fedfa2b6816e.sdf,0.0,10.07,MMFF
mol_f35f629c_be65237caa96.sdf,0.0,7.91,MMFF
mol_f361cf1e_55224290e098.sdf,0.0,74.94,MMFF
mol_f361cf1e_e110ac903908.sdf,0.0,55.06,MMFF
mol_f36925ff_ce03c84fb0fa.sdf,0.0,93.5,MMFF
mol_f3a7a3a1_b1fc31b41333.sdf,0.0,12.25,MMFF
mol_f3a7a3a1_f67c575959c6.sdf,0.0,-66.15,MMFF
mol_f3c00347_ed55e52b5dca.sdf,0.0,58.01,MMFF
mol_f3c00347_f3c0034713e5.sdf,0.0,34.29,MMFF
mol_f3c5a2a2_155d9369d2ae.sdf,0.0,-19.94,MMFF
mol_f3dae4f9_196581e33c56.sdf,0.0,37.94,MMFF
mol_f40742cf_5b0c757686bf.sdf,0.0,89.95,MMFF
mol_f40742cf_fd26f3fc49b8.sdf,0.0,94.92,MMFF
mol_f417ac29_22cfe1aedf8d.sdf,0.0,-35.81,MMFF
mol_f417ac29_96d2fee7472c.sdf,0.0,-34.39,MMFF
mol_f4275189_c5000bae160a.sdf,0.0,68.11,MMFF
mol_f42c3588_0c235436557b.sdf,0.0,-105.2,MMFF
mol_f42c3588_558ffd952774.sdf,0.0,-44.23,MMFF
mol_f45374ad_710c9457bd00.sdf,0.0,-105.21,MMFF
mol_f465377c_089ddcdcca66.sdf,0.0,55.92,MMFF
mol_f465377c_33e4c6169632.sdf,0.0,46.17,MMFF
mol_f465377c_38b0e6f094fe.sdf,0.0,35.93,MMFF
mol_f465377c_3a91f5d924c8.sdf,0.0,37.86,MMFF
mol_f465377c_5ac810781388.sdf,0.0,38.67,MMFF
mol_f465377c_cc721ac03dcf.sdf,0.0,48.42,MMFF
mol_f465377c_f76fc1580386.sdf,0.0,44.38,MMFF
mol_f46b5f7a_3b5f3bcf947c.sdf,0.0,19.06,MMFF
mol_f46d74a1_b292e57d211f.sdf,0.0,70.55,MMFF
mol_f4903bfa_03b50ec7ea9a.sdf,0.0,110.62,MMFF
mol_f4903bfa_0c140ed61d7a.sdf,0.0,95.01,MMFF
mol_f4903bfa_1e358b2ff5af.sdf,0.0,88.94,MMFF
mol_f4903bfa_2cdaca17a9a0.sdf,0.0,87.88,MMFF
mol_f4903bfa_bc2229ae248c.sdf,0.0,99.72,MMFF
mol_f4903bfa_d1799ed10a81.sdf,0.0,87.4,MMFF
mol_f4903bfa_e33c25970492.sdf,0.0,53.34,MMFF
mol_f490e691_e43e2878fa7d.sdf,0.0,44.08,MMFF
mol_f497d680_5207e94d0806.sdf,0.0,164.5,MMFF
mol_f4af234a_075aa8bd1c30.sdf,0.0,36.86,MMFF
mol_f4af234a_83b3caff215a.sdf,0.0,57.11,MMFF
mol_f4b1125f_9466c68103ac.sdf,0.0,0.33,MMFF
mol_f4e04d76_1b228516aa27.sdf,0.0,47.27,MMFF
mol_f4e04d76_28053a1237a6.sdf,0.0,24.76,MMFF
mol_f4e04d76_c93417abc62a.sdf,0.0,34.1,MMFF
mol_f4e04d76_ecd54ebc80a2.sdf,0.0,38.72,MMFF
mol_f4e0d365_54f1dc7dc2fe.sdf,0.0,79.71,MMFF
mol_f51b620c_279c2410ad03.sdf,0.0,27.96,MMFF
mol_f51b620c_85130fdd2312.sdf,0.0,43.63,MMFF
mol_f53620ce_ae0b1c08205e.sdf,0.0,-30.92,MMFF
mol_f583b413_607e755baf6c.sdf,0.0,60.18,MMFF
mol_f61c13d3_b3ab5e18a2d9.sdf,0.0,80.52,MMFF
mol_f63b7b9e_ea33fd92fee8.sdf,0.0,29.56,MMFF
mol_f64f0af7_1c06010eea53.sdf,0.0,41.26,MMFF
mol_f64f0af7_ec39ff0bb2f7.sdf,0.0,60.89,MMFF
mol_f668dae2_2eaedb3d295b.sdf,0.0,67.34,MMFF
mol_f67ec81d_5021457808a4.sdf,0.0,112.25,MMFF
mol_f68067b6_c596b317b061.sdf,0.0,100.92,MMFF
mol_f69437d8_8e26632a9d3d.sdf,0.0,63.11,MMFF
mol_f69437d8_bfa15a09d038.sdf,0.0,79.61,MMFF
mol_f6d7cbc5_2419ced43343.sdf,0.0,112.73,MMFF
mol_f6e5676e_11cd4f0e55a9.sdf,0.0,75.51,MMFF
mol_f6e5676e_17784a103bcc.sdf,0.0,54.13,MMFF
mol_f6e5676e_44042e562dde.sdf,0.0,71.12,MMFF
mol_f6e5676e_6d5c2c319d2a.sdf,0.0,69.43,MMFF
mol_f7388fcd_2cff8ce0ee8d.sdf,0.0,-16.76,MMFF
mol_f7388fcd_5a064bc7fa56.sdf,0.0,-15.57,MMFF
mol_f7388fcd_f945db7c4486.sdf,0.0,-18.88,MMFF
mol_f73a5831_3290c1a059ba.sdf,0.0,50.94,MMFF
mol_f73a5831_a215dc15c5cf.sdf,0.0,59.56,MMFF
mol_f74527a1_e4e7aeb9d524.sdf,0.0,143.99,MMFF
mol_f75964e5_8b841e2d7f8b.sdf,0.0,37.41,MMFF
mol_f7ac4fcf_9bb708601bbe.sdf,0.0,3.42,MMFF
mol_f7c3d34f_6ff2d609410a.sdf,0.0,44.15,MMFF
mol_f7ccb396_6b7c1d9d0317.sdf,0.0,26.18,MMFF
mol_f7d4f313_7756c93decb0.sdf,0.0,40.04,MMFF
mol_f7edc1c2_4b578f39c85e.sdf,0.0,8.39,MMFF
mol_f7edc1c2_6a72bfe6eaaf.sdf,0.0,9.78,MMFF
mol_f7edc1c2_9e8307299309.sdf,0.0,63.23,MMFF
mol_f7edc1c2_b5cc25b75625.sdf,0.0,4.74,MMFF
mol_f80782b4_1923e112246f.sdf,0.0,65.15,MMFF
mol_f87dd177_4b06d75fb251.sdf,0.0,38.21,MMFF
mol_f881684f_c8618cb4a7b4.sdf,0.0,75.29,MMFF
mol_f881684f_dee72f5f248e.sdf,0.0,73.62,MMFF
mol_f885a2c2_06afab248e41.sdf,0.0,15.28,MMFF
mol_f885a2c2_b6d37aa8a46d.sdf,0.0,17.23,MMFF
mol_f8b584af_ce5d4c3207ac.sdf,0.0,47.27,MMFF
mol_f8c7b3b5_f9383e31e8e6.sdf,0.0,11.45,MMFF
mol_f8d06a05_9727bfa2e7fe.sdf,0.0,-87.57,MMFF
mol_f8d3a3cd_413d5e7ac78e.sdf,0.0,42.66,MMFF
mol_f8fd240b_082c38d27d4a.sdf,0.0,16.37,MMFF
mol_f8fd240b_512df8af9f11.sdf,0.0,-0.07,MMFF
mol_f9062698_46692ef3b6f6.sdf,0.0,13.75,MMFF
mol_f9062698_a85f96f0a50d.sdf,0.0,23.61,MMFF
mol_f9062698_cc53b4ddbaef.sdf,0.0,22.25,MMFF
mol_f9062698_cfdc8256baee.sdf,0.0,27.04,MMFF
mol_f9062698_fa3b8434ccdf.sdf,0.0,27.06,MMFF
mol_f90e5beb_bb42076d2ee0.sdf,0.0,-4.23,MMFF
mol_f980562e_40cdd69353dd.sdf,0.0,65.17,MMFF
mol_f99fba5a_aa4fd87e3e5b.sdf,0.0,17.44,MMFF
mol_f9f271db_f9ebae28c697.sdf,0.0,52.28,MMFF
mol_fa0ecbb7_3b9053b3961f.sdf,0.0,73.99,MMFF
mol_fa15f050_0c0455273e67.sdf,0.0,61.81,MMFF
mol_fa1dc83d_f3c3df31bfde.sdf,0.0,55.1,MMFF
mol_fa29fa64_25502d67c8e7.sdf,0.0,13.81,MMFF
mol_fa2ea724_1bc184dc7fa5.sdf,0.0,94.79,MMFF
mol_fa5d58fb_de472432dd7e.sdf,0.0,-21.57,MMFF
mol_fa5fa99c_a116088e4c59.sdf,0.0,26.24,MMFF
mol_fa6179f0_51c3db7d2eb5.sdf,0.0,80.11,MMFF
mol_fa666c90_fa666c90c68b.sdf,0.0,31.62,MMFF
mol_fa6a105a_0e99ea70029f.sdf,0.0,-15.36,MMFF
mol_fa6a105a_13c659c4737f.sdf,0.0,3.74,MMFF
mol_fa6a105a_167628760602.sdf,0.0,57.61,MMFF
mol_fa6a105a_41d95e0efaef.sdf,0.0,-4.24,MMFF
mol_fa6a105a_4f9a0e98b820.sdf,0.0,-17.31,MMFF
mol_fa6a105a_70a18d5521b0.sdf,0.0,0.04,MMFF
mol_fa6a105a_72098a6b6377.sdf,0.0,85.25,MMFF
mol_fa6a105a_7281c2edf5ab.sdf,0.0,3.18,MMFF
mol_fa6a105a_8062e3be1702.sdf,0.0,88.39,MMFF
mol_fa6a105a_b6d828ecc352.sdf,0.0,-1.54,MMFF
mol_fa6a105a_b6ecad9ade77.sdf,0.0,74.55,MMFF
mol_fa6a105a_c1c1610edee7.sdf,0.0,49.09,MMFF
mol_fa6a27c5_db973404518b.sdf,0.0,121.42,MMFF
mol_fa85dc81_ac228caaecc1.sdf,0.0,151.43,MMFF
mol_fa91b003_21fdc7e715ca.sdf,0.0,68.78,MMFF
mol_faa451a5_76bb18c545d0.sdf,0.0,-1.59,MMFF
mol_fafb185e_c1485fddc57d.sdf,0.0,39.16,MMFF
mol_fb61b0c5_d35f15f114e5.sdf,0.0,57.97,MMFF
mol_fb81f649_4f5f9e5b9122.sdf,0.0,83.2,MMFF
mol_fb8f896f_6dea8240b261.sdf,0.0,37.87,MMFF
mol_fb8f896f_fc6ca030daea.sdf,0.0,37.74,MMFF
mol_fbdb7d42_bc27d6ce873a.sdf,0.0,101.09,MMFF
mol_fbf5402b_9ffa49c32eea.sdf,0.0,13.64,MMFF
mol_fbfb6869_fbfb686938da.sdf,0.0,22.18,MMFF
mol_fc0a2c3e_28a75a9814e1.sdf,0.0,34.93,MMFF
mol_fc0b9980_0a5d84447959.sdf,0.0,68.83,MMFF
mol_fc0b9980_0b5d0a095566.sdf,0.0,6.66,MMFF
mol_fc0b9980_334f5863de4c.sdf,0.0,59.65,MMFF
mol_fc0b9980_5f80bd9e8c0e.sdf,0.0,71.24,MMFF
mol_fc0b9980_ba26bd442fa3.sdf,0.0,66.72,MMFF
mol_fc0b9980_c808d47ad148.sdf,0.0,-8.03,MMFF
mol_fc5a81bb_3c348cd69d5a.sdf,0.0,32.72,MMFF
mol_fc5a81bb_9a8bd6ef13d7.sdf,0.0,17.68,MMFF
mol_fc5a81bb_cf936889f7d9.sdf,0.0,29.3,MMFF
mol_fc884ff6_b0e7031e9823.sdf,0.0,58.82,MMFF
mol_fcc8182c_175eb13706b7.sdf,0.0,17.82,MMFF
mol_fd02d406_01a06d7d2da6.sdf,0.0,-25.74,MMFF
mol_fd0a849a_69d180252439.sdf,0.0,57.65,MMFF
mol_fd388120_fd0da6914c45.sdf,0.0,-8.38,MMFF
mol_fd38cc2f_c63c603addb8.sdf,0.0,-9.0,MMFF
mol_fd57320a_eb8a19307b3d.sdf,0.0,79.86,MMFF
mol_fd66c5cc_fa26a105486f.sdf,0.0,15.91,MMFF
mol_fd788503_3f9eec786417.sdf,0.0,53.58,MMFF
mol_fd788503_4954cfd55755.sdf,0.0,51.47,MMFF
mol_fd788503_760129700498.sdf,0.0,41.3,MMFF
mol_fd788503_c15b5eb47b25.sdf,0.0,11.0,MMFF
mol_fd788503_c599455beb86.sdf,0.0,51.6,MMFF
mol_fd788503_f2454e2a4ffc.sdf,0.0,32.47,MMFF
mol_fd83c506_056faefcfd23.sdf,0.0,63.03,MMFF
mol_fdf1a270_7f63f8379fa3.sdf,0.0,46.01,MMFF
mol_fdfc7a4b_367fdb8f6bd4.sdf,0.0,12.7,MMFF
mol_fe281ec2_d5fc2bb0f207.sdf,0.0,133.79,MMFF
mol_fe399d14_adcbbb130baf.sdf,0.0,105.84,MMFF
mol_fe3d9c92_78794735d93d.sdf,0.0,54.76,MMFF
mol_fe43d55e_ea149028a272.sdf,0.0,136.7,MMFF
mol_fe53d745_8bb6208d4687.sdf,0.0,21.35,MMFF
mol_fe6d32f7_d013b2932198.sdf,0.0,34.1,MMFF
mol_fead563d_fa0f4b16c173.sdf,0.0,82.86,MMFF
mol_febef7ba_c2e677b6a3b2.sdf,0.0,141.27,MMFF
mol_fef75bae_1b117fc8348f.sdf,0.0,53.8,MMFF
mol_ff66d44e_791f904338e4.sdf,0.0,23.28,MMFF
mol_ff860317_ad9d89a331b5.sdf,0.0,20.82,MMFF
mol_ffc1d8b5_9689a63eb76a.sdf,0.0,112.88,MMFF
mol_ffc25cdf_ffc25cdfb4b5.sdf,0.0,83.01,MMFF
mol_ffe62112_e902fb8c27a9.sdf,0.0,54.63,MMFF
